{
"type": "FeatureCollection",
"name": "BEN",
"crs": { "type": "name", "properties": { "name": "urn:ogc:def:crs:OGC:1.3:CRS84" } },
"xy_coordinate_resolution": 0.0001,
"features": [
{ "type": "Feature", "properties": { "iso3": "BEN", "unit_id": "35232949B46659135757311", "unit_name": "Banikoara" }, "geometry": { "type": "Polygon", "coordinates": [ [ [ 2.6367, 11.1837 ], [ 2.6348, 11.1962 ], [ 2.6404, 11.2058 ], [ 2.6529, 11.2083 ], [ 2.6567, 11.2173 ], [ 2.652, 11.2561 ], [ 2.6566, 11.2668 ], [ 2.6722, 11.2765 ], [ 2.7014, 11.2795 ], [ 2.7161, 11.2899 ], [ 2.7267, 11.2805 ], [ 2.7396, 11.2775 ], [ 2.7504, 11.2882 ], [ 2.7634, 11.2859 ], [ 2.8006, 11.2694 ], [ 2.8079, 11.259 ], [ 2.8208, 11.2801 ], [ 2.8084, 11.2921 ], [ 2.8089, 11.2971 ], [ 2.8235, 11.3003 ], [ 2.8315, 11.2971 ], [ 2.8378, 11.3022 ], [ 2.8609, 11.3063 ], [ 2.8633, 11.3099 ], [ 2.8737, 11.3098 ], [ 2.8901, 11.304 ], [ 2.9, 11.3079 ], [ 2.9052, 11.3138 ], [ 2.8974, 11.335 ], [ 2.8985, 11.3529 ], [ 2.8854, 11.364 ], [ 2.8847, 11.3818 ], [ 2.8598, 11.3942 ], [ 2.8416, 11.4211 ], [ 2.8418, 11.4306 ], [ 2.8173, 11.4192 ], [ 2.81, 11.4236 ], [ 2.7996, 11.4181 ], [ 2.7858, 11.4208 ], [ 2.7726, 11.4156 ], [ 2.7432, 11.4345 ], [ 2.7288, 11.4344 ], [ 2.7249, 11.4408 ], [ 2.7291, 11.4574 ], [ 2.7245, 11.4678 ], [ 2.6966, 11.4772 ], [ 2.677, 11.4995 ], [ 2.6389, 11.5126 ], [ 2.6334, 11.518 ], [ 2.6364, 11.5867 ], [ 2.6288, 11.629 ], [ 2.6221, 11.63 ], [ 2.6137, 11.6156 ], [ 2.5993, 11.6065 ], [ 2.5743, 11.6105 ], [ 2.56, 11.6252 ], [ 2.5517, 11.644 ], [ 2.5268, 11.6639 ], [ 2.5094, 11.6735 ], [ 2.4973, 11.6759 ], [ 2.461, 11.673 ], [ 2.4252, 11.6639 ], [ 2.4045, 11.6779 ], [ 2.3837, 11.6838 ], [ 2.362, 11.6659 ], [ 2.3413, 11.6574 ], [ 2.3178, 11.6646 ], [ 2.3096, 11.6808 ], [ 2.3057, 11.6744 ], [ 2.2575, 11.6479 ], [ 2.2188, 11.6097 ], [ 2.2062, 11.6009 ], [ 2.1931, 11.6007 ], [ 2.1854, 11.5972 ], [ 2.0193, 11.4277 ], [ 2.2033, 11.0104 ], [ 2.2442, 10.9903 ], [ 2.2794, 10.9857 ], [ 2.2905, 10.9815 ], [ 2.3356, 10.9492 ], [ 2.344, 10.961 ], [ 2.3596, 10.9715 ], [ 2.3716, 10.9965 ], [ 2.4078, 11.0215 ], [ 2.4222, 11.0232 ], [ 2.4448, 11.0194 ], [ 2.4675, 11.0203 ], [ 2.4708, 11.0358 ], [ 2.5066, 11.0604 ], [ 2.5188, 11.0507 ], [ 2.5232, 11.0411 ], [ 2.5328, 11.0401 ], [ 2.5432, 11.0602 ], [ 2.5529, 11.0646 ], [ 2.5412, 11.1068 ], [ 2.5575, 11.131 ], [ 2.5557, 11.1463 ], [ 2.5773, 11.1491 ], [ 2.5863, 11.1606 ], [ 2.6309, 11.1617 ], [ 2.6367, 11.1837 ] ] ] } },
{ "type": "Feature", "properties": { "iso3": "BEN", "unit_id": "35232949B81225983067280", "unit_name": "Gogounou" }, "geometry": { "type": "Polygon", "coordinates": [ [ [ 2.3356, 10.9492 ], [ 2.3188, 10.9374 ], [ 2.3041, 10.9187 ], [ 2.2572, 10.8932 ], [ 2.2496, 10.8711 ], [ 2.2407, 10.862 ], [ 2.2415, 10.5285 ], [ 2.4185, 10.5317 ], [ 2.4179, 10.5647 ], [ 2.4769, 10.5543 ], [ 2.4843, 10.5616 ], [ 2.545, 10.53 ], [ 2.6882, 10.53 ], [ 2.7017, 10.5637 ], [ 2.7775, 10.5787 ], [ 2.8132, 10.5816 ], [ 2.8564, 10.5357 ], [ 3.1063, 10.5379 ], [ 3.1107, 10.5467 ], [ 3.1239, 10.5524 ], [ 3.1227, 10.5615 ], [ 3.1524, 10.5719 ], [ 3.15, 10.5925 ], [ 3.1574, 10.5978 ], [ 3.1575, 10.609 ], [ 3.1734, 10.6097 ], [ 3.165, 10.6263 ], [ 3.1832, 10.6334 ], [ 3.1828, 10.6509 ], [ 3.1984, 10.6662 ], [ 3.2037, 10.6794 ], [ 3.2174, 10.6868 ], [ 3.2096, 10.6959 ], [ 3.1966, 10.7279 ], [ 3.2008, 10.7586 ], [ 3.1974, 10.7889 ], [ 3.185, 10.7907 ], [ 3.1813, 10.8 ], [ 3.1813, 10.8134 ], [ 3.1699, 10.8313 ], [ 3.1833, 10.8388 ], [ 3.1816, 10.8842 ], [ 3.192, 10.8973 ], [ 3.1936, 10.9046 ], [ 3.1237, 10.919 ], [ 2.9936, 10.9544 ], [ 2.9932, 10.9927 ], [ 2.8559, 10.9898 ], [ 2.8439, 10.9776 ], [ 2.8198, 10.9365 ], [ 2.7674, 10.9126 ], [ 2.7367, 10.9059 ], [ 2.7271, 10.9093 ], [ 2.7102, 10.9237 ], [ 2.6827, 10.9606 ], [ 2.6824, 10.9744 ], [ 2.6713, 10.9874 ], [ 2.6672, 11.0159 ], [ 2.6572, 11.0265 ], [ 2.6528, 11.0385 ], [ 2.6527, 11.0552 ], [ 2.6319, 11.0761 ], [ 2.617, 11.1087 ], [ 2.6147, 11.1228 ], [ 2.6359, 11.1388 ], [ 2.6435, 11.1543 ], [ 2.6474, 11.1714 ], [ 2.6367, 11.1837 ], [ 2.6309, 11.1617 ], [ 2.5863, 11.1606 ], [ 2.5773, 11.1491 ], [ 2.5557, 11.1463 ], [ 2.5575, 11.131 ], [ 2.5412, 11.1068 ], [ 2.5529, 11.0646 ], [ 2.5432, 11.0602 ], [ 2.5328, 11.0401 ], [ 2.5232, 11.0411 ], [ 2.5188, 11.0507 ], [ 2.5066, 11.0604 ], [ 2.4708, 11.0358 ], [ 2.4675, 11.0203 ], [ 2.4448, 11.0194 ], [ 2.4222, 11.0232 ], [ 2.4078, 11.0215 ], [ 2.3716, 10.9965 ], [ 2.3596, 10.9715 ], [ 2.344, 10.961 ], [ 2.3356, 10.9492 ] ] ] } },
{ "type": "Feature", "properties": { "iso3": "BEN", "unit_id": "35232949B50232789461378", "unit_name": "Kandi" }, "geometry": { "type": "Polygon", "coordinates": [ [ [ 2.6367, 11.1837 ], [ 2.6474, 11.1714 ], [ 2.6435, 11.1543 ], [ 2.6359, 11.1388 ], [ 2.6147, 11.1228 ], [ 2.617, 11.1087 ], [ 2.6319, 11.0761 ], [ 2.6527, 11.0552 ], [ 2.6528, 11.0385 ], [ 2.6572, 11.0265 ], [ 2.6672, 11.0159 ], [ 2.6713, 10.9874 ], [ 2.6824, 10.9744 ], [ 2.6827, 10.9606 ], [ 2.7102, 10.9237 ], [ 2.7271, 10.9093 ], [ 2.7367, 10.9059 ], [ 2.7674, 10.9126 ], [ 2.8198, 10.9365 ], [ 2.8439, 10.9776 ], [ 2.8559, 10.9898 ], [ 2.9932, 10.9927 ], [ 2.9936, 10.9544 ], [ 3.1237, 10.919 ], [ 3.1936, 10.9046 ], [ 3.2181, 10.9078 ], [ 3.2325, 10.9198 ], [ 3.2338, 10.953 ], [ 3.2471, 10.9752 ], [ 3.2451, 10.9984 ], [ 3.2323, 11.017 ], [ 3.2334, 11.0252 ], [ 3.2259, 11.034 ], [ 3.2255, 11.0382 ], [ 3.2345, 11.052 ], [ 3.2235, 11.0608 ], [ 3.226, 11.0902 ], [ 3.2136, 11.1019 ], [ 3.2146, 11.1114 ], [ 3.2244, 11.1142 ], [ 3.2301, 11.1334 ], [ 3.2326, 11.1453 ], [ 3.2298, 11.1614 ], [ 3.2344, 11.1761 ], [ 3.2487, 11.192 ], [ 3.2656, 11.1963 ], [ 3.2583, 11.2072 ], [ 3.2547, 11.2302 ], [ 3.2625, 11.2542 ], [ 3.2585, 11.2988 ], [ 3.2532, 11.3073 ], [ 3.2242, 11.3293 ], [ 3.1966, 11.362 ], [ 3.1848, 11.3871 ], [ 3.1558, 11.4175 ], [ 3.145, 11.4375 ], [ 3.1143, 11.4789 ], [ 3.0655, 11.5264 ], [ 2.9609, 11.6198 ], [ 2.9151, 11.6526 ], [ 2.8989, 11.6397 ], [ 2.8661, 11.6285 ], [ 2.8559, 11.6165 ], [ 2.8686, 11.6031 ], [ 2.8558, 11.5612 ], [ 2.8591, 11.5456 ], [ 2.8643, 11.5435 ], [ 2.8672, 11.5263 ], [ 2.8528, 11.5145 ], [ 2.8396, 11.4958 ], [ 2.8599, 11.4907 ], [ 2.8763, 11.4733 ], [ 2.876, 11.4622 ], [ 2.8584, 11.459 ], [ 2.8418, 11.4306 ], [ 2.8416, 11.4211 ], [ 2.8598, 11.3942 ], [ 2.8847, 11.3818 ], [ 2.8854, 11.364 ], [ 2.8985, 11.3529 ], [ 2.8974, 11.335 ], [ 2.9052, 11.3138 ], [ 2.9, 11.3079 ], [ 2.8901, 11.304 ], [ 2.8737, 11.3098 ], [ 2.8633, 11.3099 ], [ 2.8609, 11.3063 ], [ 2.8378, 11.3022 ], [ 2.8315, 11.2971 ], [ 2.8235, 11.3003 ], [ 2.8089, 11.2971 ], [ 2.8084, 11.2921 ], [ 2.8208, 11.2801 ], [ 2.8079, 11.259 ], [ 2.8006, 11.2694 ], [ 2.7634, 11.2859 ], [ 2.7504, 11.2882 ], [ 2.7396, 11.2775 ], [ 2.7267, 11.2805 ], [ 2.7161, 11.2899 ], [ 2.7014, 11.2795 ], [ 2.6722, 11.2765 ], [ 2.6566, 11.2668 ], [ 2.652, 11.2561 ], [ 2.6567, 11.2173 ], [ 2.6529, 11.2083 ], [ 2.6404, 11.2058 ], [ 2.6348, 11.1962 ], [ 2.6367, 11.1837 ] ] ] } },
{ "type": "Feature", "properties": { "iso3": "BEN", "unit_id": "35232949B14574324660160", "unit_name": "Karimama" }, "geometry": { "type": "Polygon", "coordinates": [ [ [ 2.8418, 11.4306 ], [ 2.8584, 11.459 ], [ 2.876, 11.4622 ], [ 2.8763, 11.4733 ], [ 2.8679, 11.4848 ], [ 2.8599, 11.4907 ], [ 2.8396, 11.4958 ], [ 2.8528, 11.5145 ], [ 2.8672, 11.5263 ], [ 2.8643, 11.5435 ], [ 2.8591, 11.5456 ], [ 2.8558, 11.5612 ], [ 2.8686, 11.6031 ], [ 2.8559, 11.6165 ], [ 2.8661, 11.6285 ], [ 2.8989, 11.6397 ], [ 2.9055, 11.6471 ], [ 2.9398, 11.6661 ], [ 2.9475, 11.692 ], [ 2.9679, 11.739 ], [ 2.9927, 11.7635 ], [ 2.9919, 11.7741 ], [ 3.0011, 11.7885 ], [ 3.0205, 11.8562 ], [ 3.0188, 11.8815 ], [ 3.0135, 11.8973 ], [ 3.0157, 11.9068 ], [ 3.0228, 11.9141 ], [ 3.0211, 11.944 ], [ 3.0258, 11.9592 ], [ 3.0378, 11.9667 ], [ 3.0518, 11.9704 ], [ 3.0729, 11.9862 ], [ 3.0741, 11.9789 ], [ 3.0987, 11.9749 ], [ 3.0989, 11.9675 ], [ 3.1061, 11.9651 ], [ 3.1161, 11.9671 ], [ 3.1162, 11.9542 ], [ 3.1244, 11.941 ], [ 3.1462, 11.9336 ], [ 3.1567, 11.9424 ], [ 3.1656, 11.9355 ], [ 3.1677, 11.9286 ], [ 3.1741, 11.923 ], [ 3.1964, 11.92 ], [ 3.2148, 11.9091 ], [ 3.222, 11.9116 ], [ 3.2318, 11.925 ], [ 3.2421, 11.8988 ], [ 3.26, 11.8995 ], [ 3.2684, 11.8934 ], [ 3.272, 11.9039 ], [ 3.2665, 11.9127 ], [ 3.3037, 11.916 ], [ 3.2989, 11.9319 ], [ 3.2833, 11.9353 ], [ 3.2792, 11.9444 ], [ 3.2808, 11.9553 ], [ 3.2783, 11.9656 ], [ 3.2689, 11.9817 ], [ 3.2594, 11.99 ], [ 3.2569, 11.9978 ], [ 3.2703, 12.0147 ], [ 3.2608, 12.0194 ], [ 3.2592, 12.025 ], [ 3.2517, 12.0317 ], [ 3.2394, 12.0325 ], [ 3.2303, 12.0503 ], [ 3.1889, 12.0836 ], [ 3.1764, 12.1058 ], [ 3.1686, 12.1136 ], [ 3.1272, 12.1403 ], [ 3.1278, 12.1544 ], [ 3.125, 12.1575 ], [ 3.1008, 12.1725 ], [ 3.0822, 12.1767 ], [ 3.0719, 12.1836 ], [ 3.0597, 12.1961 ], [ 3.0592, 12.2086 ], [ 3.0297, 12.2336 ], [ 3.0136, 12.2664 ], [ 2.9631, 12.2875 ], [ 2.9444, 12.3167 ], [ 2.9272, 12.335 ], [ 2.8925, 12.3606 ], [ 2.8844, 12.3772 ], [ 2.8725, 12.3878 ], [ 2.8569, 12.3928 ], [ 2.8389, 12.4067 ], [ 2.8267, 12.4086 ], [ 2.8264, 12.4035 ], [ 2.8305, 12.4 ], [ 2.8311, 12.405 ], [ 2.8357, 12.4048 ], [ 2.8388, 12.3953 ], [ 2.8233, 12.3943 ], [ 2.8125, 12.3973 ], [ 2.7935, 12.39 ], [ 2.7763, 12.3761 ], [ 2.7618, 12.3515 ], [ 2.7478, 12.3507 ], [ 2.7419, 12.3577 ], [ 2.7424, 12.3642 ], [ 2.7342, 12.3634 ], [ 2.7316, 12.3553 ], [ 2.7229, 12.3526 ], [ 2.7155, 12.3233 ], [ 2.7078, 12.3146 ], [ 2.7076, 12.3052 ], [ 2.693, 12.2816 ], [ 2.6857, 12.279 ], [ 2.6853, 12.2943 ], [ 2.6755, 12.3034 ], [ 2.665, 12.3064 ], [ 2.6431, 12.2976 ], [ 2.629, 12.2955 ], [ 2.6146, 12.3012 ], [ 2.6041, 12.2983 ], [ 2.5986, 12.3026 ], [ 2.5933, 12.2991 ], [ 2.5804, 12.2783 ], [ 2.5686, 12.282 ], [ 2.5435, 12.2733 ], [ 2.5419, 12.282 ], [ 2.5341, 12.2828 ], [ 2.5213, 12.2948 ], [ 2.5134, 12.2846 ], [ 2.5133, 12.2757 ], [ 2.5078, 12.2739 ], [ 2.505, 12.2663 ], [ 2.4741, 12.2734 ], [ 2.4698, 12.2712 ], [ 2.4642, 12.2531 ], [ 2.4423, 12.2649 ], [ 2.4319, 12.2526 ], [ 2.4101, 12.253 ], [ 2.3999, 12.2577 ], [ 2.3819, 12.2509 ], [ 2.3826, 12.246 ], [ 2.3857, 12.245 ], [ 2.3844, 12.2425 ], [ 2.3743, 12.2423 ], [ 2.381, 12.231 ], [ 2.3913, 12.2281 ], [ 2.3874, 12.216 ], [ 2.3772, 12.2139 ], [ 2.3824, 12.2011 ], [ 2.3921, 12.1932 ], [ 2.3927, 12.183 ], [ 2.3821, 12.1745 ], [ 2.3823, 12.168 ], [ 2.3972, 12.1482 ], [ 2.3905, 12.1401 ], [ 2.3978, 12.1318 ], [ 2.3914, 12.1125 ], [ 2.4047, 12.1022 ], [ 2.4092, 12.087 ], [ 2.4048, 12.0824 ], [ 2.4215, 12.0757 ], [ 2.4178, 12.0651 ], [ 2.4224, 12.0561 ], [ 2.4362, 12.0487 ], [ 2.4363, 12.0349 ], [ 2.4415, 12.017 ], [ 2.4498, 12.0201 ], [ 2.4568, 12.0122 ], [ 2.4544, 12.0066 ], [ 2.4655, 11.9802 ], [ 2.4596, 11.9762 ], [ 2.4469, 11.9843 ], [ 2.435, 11.9712 ], [ 2.4352, 11.9637 ], [ 2.4391, 11.9586 ], [ 2.4372, 11.9531 ], [ 2.4247, 11.9548 ], [ 2.4165, 11.947 ], [ 2.412, 11.951 ], [ 2.4158, 11.9554 ], [ 2.4118, 11.956 ], [ 2.4021, 11.948 ], [ 2.4051, 11.942 ], [ 2.402, 11.9359 ], [ 2.392, 11.9304 ], [ 2.4022, 11.9201 ], [ 2.4001, 11.9134 ], [ 2.4096, 11.9046 ], [ 2.4088, 11.8985 ], [ 2.4051, 11.8998 ], [ 2.3971, 11.8955 ], [ 2.3945, 11.8892 ], [ 2.4026, 11.8706 ], [ 2.3792, 11.8541 ], [ 2.3743, 11.8371 ], [ 2.3832, 11.8276 ], [ 2.3677, 11.8134 ], [ 2.3701, 11.8069 ], [ 2.3682, 11.8021 ], [ 2.3724, 11.7931 ], [ 2.3404, 11.7854 ], [ 2.3383, 11.7702 ], [ 2.3191, 11.7562 ], [ 2.3037, 11.7353 ], [ 2.2992, 11.7208 ], [ 2.3008, 11.7084 ], [ 2.3067, 11.6969 ], [ 2.3048, 11.6829 ], [ 2.3096, 11.6808 ], [ 2.3178, 11.6646 ], [ 2.3413, 11.6574 ], [ 2.362, 11.6659 ], [ 2.3837, 11.6838 ], [ 2.4045, 11.6779 ], [ 2.4252, 11.6639 ], [ 2.461, 11.673 ], [ 2.4973, 11.6759 ], [ 2.5094, 11.6735 ], [ 2.5268, 11.6639 ], [ 2.5517, 11.644 ], [ 2.56, 11.6252 ], [ 2.5743, 11.6105 ], [ 2.5993, 11.6065 ], [ 2.6137, 11.6156 ], [ 2.6221, 11.63 ], [ 2.6288, 11.629 ], [ 2.6364, 11.5867 ], [ 2.6334, 11.518 ], [ 2.6389, 11.5126 ], [ 2.677, 11.4995 ], [ 2.6966, 11.4772 ], [ 2.7245, 11.4678 ], [ 2.7291, 11.4574 ], [ 2.7249, 11.4408 ], [ 2.7288, 11.4344 ], [ 2.7432, 11.4345 ], [ 2.7726, 11.4156 ], [ 2.7858, 11.4208 ], [ 2.7996, 11.4181 ], [ 2.81, 11.4236 ], [ 2.8173, 11.4192 ], [ 2.8418, 11.4306 ] ] ] } },
{ "type": "Feature", "properties": { "iso3": "BEN", "unit_id": "35232949B76461419129148", "unit_name": "Malanville" }, "geometry": { "type": "Polygon", "coordinates": [ [ [ 3.2585, 11.2988 ], [ 3.2648, 11.3135 ], [ 3.2778, 11.3238 ], [ 3.2794, 11.3317 ], [ 3.2996, 11.3436 ], [ 3.3209, 11.3483 ], [ 3.3324, 11.3382 ], [ 3.348, 11.3385 ], [ 3.3571, 11.3458 ], [ 3.3638, 11.3585 ], [ 3.3589, 11.3665 ], [ 3.3606, 11.3709 ], [ 3.3741, 11.3787 ], [ 3.3871, 11.3932 ], [ 3.5023, 11.4033 ], [ 3.4711, 11.4486 ], [ 3.558, 11.6319 ], [ 3.5916, 11.6746 ], [ 3.6051, 11.697 ], [ 3.5868, 11.7116 ], [ 3.5564, 11.7242 ], [ 3.5497, 11.7347 ], [ 3.5506, 11.7422 ], [ 3.5542, 11.7517 ], [ 3.5653, 11.7647 ], [ 3.5647, 11.7725 ], [ 3.5586, 11.7792 ], [ 3.535, 11.7794 ], [ 3.5228, 11.7878 ], [ 3.5194, 11.8003 ], [ 3.5211, 11.8147 ], [ 3.4939, 11.8433 ], [ 3.4814, 11.8614 ], [ 3.4614, 11.8653 ], [ 3.4411, 11.8769 ], [ 3.4261, 11.8747 ], [ 3.4183, 11.8786 ], [ 3.4031, 11.8775 ], [ 3.3836, 11.8864 ], [ 3.3453, 11.8825 ], [ 3.3375, 11.8864 ], [ 3.3286, 11.8814 ], [ 3.3214, 11.8817 ], [ 3.3042, 11.9033 ], [ 3.3037, 11.916 ], [ 3.2665, 11.9127 ], [ 3.272, 11.9039 ], [ 3.2684, 11.8934 ], [ 3.26, 11.8995 ], [ 3.2421, 11.8988 ], [ 3.2318, 11.925 ], [ 3.222, 11.9116 ], [ 3.2148, 11.9091 ], [ 3.1964, 11.92 ], [ 3.1741, 11.923 ], [ 3.1677, 11.9286 ], [ 3.1656, 11.9355 ], [ 3.1567, 11.9424 ], [ 3.1462, 11.9336 ], [ 3.1244, 11.941 ], [ 3.1162, 11.9542 ], [ 3.1161, 11.9671 ], [ 3.1061, 11.9651 ], [ 3.0989, 11.9675 ], [ 3.0987, 11.9749 ], [ 3.0741, 11.9789 ], [ 3.0729, 11.9862 ], [ 3.0518, 11.9704 ], [ 3.0378, 11.9667 ], [ 3.0258, 11.9592 ], [ 3.0211, 11.944 ], [ 3.0228, 11.9141 ], [ 3.0157, 11.9068 ], [ 3.0135, 11.8973 ], [ 3.0188, 11.8815 ], [ 3.0205, 11.8562 ], [ 3.0011, 11.7885 ], [ 2.9919, 11.7741 ], [ 2.9927, 11.7635 ], [ 2.9679, 11.739 ], [ 2.9475, 11.692 ], [ 2.9398, 11.6661 ], [ 2.9151, 11.6526 ], [ 2.9609, 11.6198 ], [ 3.0655, 11.5264 ], [ 3.1143, 11.4789 ], [ 3.145, 11.4375 ], [ 3.1558, 11.4175 ], [ 3.1848, 11.3871 ], [ 3.1966, 11.362 ], [ 3.2242, 11.3293 ], [ 3.2532, 11.3073 ], [ 3.2585, 11.2988 ] ] ] } },
{ "type": "Feature", "properties": { "iso3": "BEN", "unit_id": "35232949B4181400852751", "unit_name": "Segbana" }, "geometry": { "type": "Polygon", "coordinates": [ [ [ 3.1063, 10.5379 ], [ 3.1798, 10.5394 ], [ 3.4974, 10.6123 ], [ 3.8491, 10.6478 ], [ 3.841, 10.7049 ], [ 3.7972, 10.7355 ], [ 3.7845, 10.7546 ], [ 3.7785, 10.7726 ], [ 3.7494, 10.8256 ], [ 3.7492, 10.8375 ], [ 3.769, 10.8988 ], [ 3.7712, 10.9308 ], [ 3.7587, 10.9984 ], [ 3.7518, 11.0106 ], [ 3.7302, 11.0215 ], [ 3.7169, 11.0243 ], [ 3.724, 11.0574 ], [ 3.7195, 11.0862 ], [ 3.7275, 11.1176 ], [ 3.7259, 11.1241 ], [ 3.7176, 11.1278 ], [ 3.6919, 11.1281 ], [ 3.5023, 11.4033 ], [ 3.3871, 11.3932 ], [ 3.3741, 11.3787 ], [ 3.3606, 11.3709 ], [ 3.3589, 11.3665 ], [ 3.3638, 11.3585 ], [ 3.3571, 11.3458 ], [ 3.348, 11.3385 ], [ 3.3324, 11.3382 ], [ 3.3209, 11.3483 ], [ 3.2996, 11.3436 ], [ 3.2794, 11.3317 ], [ 3.2778, 11.3238 ], [ 3.2648, 11.3135 ], [ 3.2577, 11.2917 ], [ 3.2625, 11.2542 ], [ 3.2547, 11.2302 ], [ 3.2583, 11.2072 ], [ 3.2656, 11.1963 ], [ 3.2487, 11.192 ], [ 3.2344, 11.1761 ], [ 3.2298, 11.1614 ], [ 3.2326, 11.1453 ], [ 3.2301, 11.1334 ], [ 3.2244, 11.1142 ], [ 3.2146, 11.1114 ], [ 3.2136, 11.1019 ], [ 3.226, 11.0902 ], [ 3.2235, 11.0608 ], [ 3.2345, 11.052 ], [ 3.2255, 11.0382 ], [ 3.2259, 11.034 ], [ 3.2334, 11.0252 ], [ 3.2323, 11.017 ], [ 3.2451, 10.9984 ], [ 3.2471, 10.9752 ], [ 3.2338, 10.953 ], [ 3.2325, 10.9198 ], [ 3.2181, 10.9078 ], [ 3.1936, 10.9046 ], [ 3.192, 10.8973 ], [ 3.1816, 10.8842 ], [ 3.1833, 10.8388 ], [ 3.1699, 10.8313 ], [ 3.1813, 10.8134 ], [ 3.1813, 10.8 ], [ 3.185, 10.7907 ], [ 3.1974, 10.7889 ], [ 3.2008, 10.7586 ], [ 3.1966, 10.7279 ], [ 3.2096, 10.6959 ], [ 3.2174, 10.6868 ], [ 3.2037, 10.6794 ], [ 3.1984, 10.6662 ], [ 3.1828, 10.6509 ], [ 3.1832, 10.6334 ], [ 3.165, 10.6263 ], [ 3.1734, 10.6097 ], [ 3.1575, 10.609 ], [ 3.1574, 10.5978 ], [ 3.15, 10.5925 ], [ 3.1524, 10.5719 ], [ 3.1227, 10.5615 ], [ 3.1239, 10.5524 ], [ 3.1107, 10.5467 ], [ 3.1063, 10.5379 ] ] ] } },
{ "type": "Feature", "properties": { "iso3": "BEN", "unit_id": "35232949B87633552675532", "unit_name": "Boukoumbe" }, "geometry": { "type": "Polygon", "coordinates": [ [ [ 1.3798, 10.0003 ], [ 1.3708, 10.0643 ], [ 1.3478, 10.0656 ], [ 1.3424, 10.0751 ], [ 1.3298, 10.0782 ], [ 1.3172, 10.0761 ], [ 1.3023, 10.0808 ], [ 1.292, 10.0931 ], [ 1.2878, 10.1146 ], [ 1.3086, 10.1334 ], [ 1.2972, 10.143 ], [ 1.288, 10.1736 ], [ 1.2708, 10.1884 ], [ 1.2189, 10.2075 ], [ 1.1986, 10.2438 ], [ 1.2, 10.2894 ], [ 1.2116, 10.3043 ], [ 1.2304, 10.3179 ], [ 1.2319, 10.3438 ], [ 1.2203, 10.3525 ], [ 1.2184, 10.3609 ], [ 1.2036, 10.3689 ], [ 1.2049, 10.4055 ], [ 1.2012, 10.4401 ], [ 1.1569, 10.4118 ], [ 1.0778, 10.4359 ], [ 1.0074, 10.4238 ], [ 0.9629, 10.3277 ], [ 0.9097, 10.2857 ], [ 1.088, 10.1588 ], [ 1.3552, 10.0 ], [ 1.3798, 10.0003 ] ] ] } },
{ "type": "Feature", "properties": { "iso3": "BEN", "unit_id": "35232949B37963092246454", "unit_name": "Kerou" }, "geometry": { "type": "Polygon", "coordinates": [ [ [ 2.0193, 11.4277 ], [ 2.0104, 11.4233 ], [ 1.982, 11.42 ], [ 1.953, 11.4216 ], [ 1.9218, 11.3941 ], [ 1.919, 11.3759 ], [ 1.9, 11.3649 ], [ 1.9023, 11.3553 ], [ 1.8892, 11.3454 ], [ 1.8945, 11.3332 ], [ 1.8778, 11.3075 ], [ 1.88, 11.2948 ], [ 1.8705, 11.2718 ], [ 1.8391, 11.2583 ], [ 1.829, 11.2452 ], [ 1.8269, 11.2238 ], [ 1.8289, 11.2019 ], [ 1.785, 11.1874 ], [ 1.7567, 11.1746 ], [ 1.7516, 11.1469 ], [ 1.7437, 11.133 ], [ 1.7466, 11.1179 ], [ 1.7403, 11.104 ], [ 1.7475, 11.1004 ], [ 1.7557, 11.1012 ], [ 1.7599, 11.0916 ], [ 1.7564, 11.0763 ], [ 1.7425, 11.0602 ], [ 1.7437, 11.036 ], [ 1.7274, 11.0316 ], [ 1.7176, 10.9991 ], [ 1.6977, 10.9747 ], [ 1.6845, 10.9405 ], [ 1.6663, 10.9293 ], [ 1.6576, 10.9026 ], [ 1.6722, 10.9018 ], [ 1.6906, 10.8751 ], [ 1.7251, 10.8685 ], [ 1.7406, 10.855 ], [ 1.7448, 10.8423 ], [ 1.7504, 10.8381 ], [ 1.7597, 10.8447 ], [ 1.7797, 10.8412 ], [ 1.7888, 10.8452 ], [ 1.8081, 10.8702 ], [ 1.8546, 10.8409 ], [ 1.8577, 10.8327 ], [ 1.8848, 10.8147 ], [ 1.9034, 10.8106 ], [ 1.9165, 10.7989 ], [ 1.92, 10.7855 ], [ 1.9376, 10.7756 ], [ 1.9605, 10.7805 ], [ 1.9743, 10.7925 ], [ 1.9816, 10.7797 ], [ 1.9619, 10.7336 ], [ 1.9673, 10.7131 ], [ 1.9611, 10.7013 ], [ 1.9406, 10.6959 ], [ 1.9414, 10.6822 ], [ 1.9226, 10.6158 ], [ 1.8769, 10.607 ], [ 1.8662, 10.603 ], [ 1.856, 10.5917 ], [ 1.835, 10.5364 ], [ 1.8395, 10.5242 ], [ 1.8524, 10.507 ], [ 1.8668, 10.5005 ], [ 1.9677, 10.5483 ], [ 2.0089, 10.5252 ], [ 2.0482, 10.5129 ], [ 2.084, 10.5101 ], [ 2.1036, 10.5152 ], [ 2.1245, 10.5296 ], [ 2.1624, 10.5284 ], [ 2.1781, 10.5363 ], [ 2.209, 10.54 ], [ 2.2284, 10.5378 ], [ 2.2404, 10.5445 ], [ 2.2407, 10.862 ], [ 2.2496, 10.8711 ], [ 2.2572, 10.8932 ], [ 2.3041, 10.9187 ], [ 2.3188, 10.9374 ], [ 2.3356, 10.9492 ], [ 2.2905, 10.9815 ], [ 2.2794, 10.9857 ], [ 2.2442, 10.9903 ], [ 2.2033, 11.0104 ], [ 2.0193, 11.4277 ] ] ] } },
{ "type": "Feature", "properties": { "iso3": "BEN", "unit_id": "35232949B74321993134409", "unit_name": "Kobli" }, "geometry": { "type": "Polygon", "coordinates": [ [ [ 1.0816, 10.435 ], [ 1.0824, 10.458 ], [ 1.0766, 10.4871 ], [ 1.064, 10.5096 ], [ 1.0412, 10.5376 ], [ 1.0239, 10.5279 ], [ 0.9988, 10.5601 ], [ 0.9486, 10.5813 ], [ 0.9419, 10.5917 ], [ 0.9308, 10.5986 ], [ 0.9302, 10.6125 ], [ 0.8756, 10.6548 ], [ 0.8057, 10.6437 ], [ 0.8081, 10.613 ], [ 0.8063, 10.5781 ], [ 0.7832, 10.5122 ], [ 0.7749, 10.4112 ], [ 0.7746, 10.3848 ], [ 0.7977, 10.3665 ], [ 0.9097, 10.2857 ], [ 0.9629, 10.3277 ], [ 1.0074, 10.4238 ], [ 1.0816, 10.435 ] ] ] } },
{ "type": "Feature", "properties": { "iso3": "BEN", "unit_id": "35232949B37326405242656", "unit_name": "Kouande" }, "geometry": { "type": "Polygon", "coordinates": [ [ [ 1.3798, 10.0003 ], [ 1.401, 9.9871 ], [ 1.4888, 9.9712 ], [ 1.5047, 9.9734 ], [ 1.5294, 9.9462 ], [ 1.544, 9.9408 ], [ 1.6554, 9.9403 ], [ 1.7353, 10.027 ], [ 1.7473, 10.0367 ], [ 1.7694, 10.0394 ], [ 1.786, 10.0557 ], [ 1.8086, 10.0887 ], [ 1.8132, 10.1009 ], [ 1.8184, 10.1547 ], [ 1.8267, 10.2008 ], [ 1.8566, 10.3312 ], [ 1.8964, 10.3773 ], [ 1.8966, 10.4049 ], [ 1.9086, 10.4192 ], [ 1.9086, 10.4289 ], [ 1.9211, 10.4427 ], [ 1.9224, 10.4602 ], [ 1.9344, 10.4651 ], [ 1.9391, 10.4739 ], [ 1.949, 10.4789 ], [ 1.9508, 10.4849 ], [ 1.9648, 10.4855 ], [ 1.971, 10.4896 ], [ 1.9759, 10.4846 ], [ 1.9828, 10.4934 ], [ 1.9888, 10.493 ], [ 2.0089, 10.5252 ], [ 1.9677, 10.5483 ], [ 1.8668, 10.5005 ], [ 1.8524, 10.507 ], [ 1.8395, 10.5242 ], [ 1.835, 10.5364 ], [ 1.856, 10.5917 ], [ 1.8662, 10.603 ], [ 1.9226, 10.6158 ], [ 1.9414, 10.6822 ], [ 1.9406, 10.6959 ], [ 1.9611, 10.7013 ], [ 1.9673, 10.7131 ], [ 1.9619, 10.7336 ], [ 1.9816, 10.7797 ], [ 1.9743, 10.7925 ], [ 1.9605, 10.7805 ], [ 1.9376, 10.7756 ], [ 1.92, 10.7855 ], [ 1.9165, 10.7989 ], [ 1.9034, 10.8106 ], [ 1.8848, 10.8147 ], [ 1.8577, 10.8327 ], [ 1.8546, 10.8409 ], [ 1.8081, 10.8702 ], [ 1.7888, 10.8452 ], [ 1.7797, 10.8412 ], [ 1.7597, 10.8447 ], [ 1.7504, 10.8381 ], [ 1.7448, 10.8423 ], [ 1.7406, 10.855 ], [ 1.7251, 10.8685 ], [ 1.6906, 10.8751 ], [ 1.6722, 10.9018 ], [ 1.659, 10.9022 ], [ 1.6616, 10.8954 ], [ 1.6339, 10.871 ], [ 1.5893, 10.8652 ], [ 1.5614, 10.8227 ], [ 1.5604, 10.818 ], [ 1.5687, 10.816 ], [ 1.5766, 10.8068 ], [ 1.5787, 10.7926 ], [ 1.5653, 10.7908 ], [ 1.5683, 10.7584 ], [ 1.5532, 10.7501 ], [ 1.5539, 10.7366 ], [ 1.6377, 10.6741 ], [ 1.6203, 10.583 ], [ 1.642, 10.5231 ], [ 1.6492, 10.4806 ], [ 1.642, 10.4443 ], [ 1.6089, 10.4413 ], [ 1.6254, 10.4187 ], [ 1.6278, 10.3994 ], [ 1.6151, 10.3967 ], [ 1.6139, 10.388 ], [ 1.5739, 10.355 ], [ 1.5483, 10.2876 ], [ 1.5433, 10.1691 ], [ 1.5757, 10.1305 ], [ 1.5553, 10.0858 ], [ 1.5371, 10.0647 ], [ 1.5278, 10.063 ], [ 1.5233, 10.0586 ], [ 1.5215, 10.0514 ], [ 1.5046, 10.0412 ], [ 1.4884, 10.0431 ], [ 1.4721, 10.0271 ], [ 1.4641, 10.0284 ], [ 1.4539, 10.0432 ], [ 1.4244, 10.041 ], [ 1.4125, 10.0259 ], [ 1.3996, 10.0164 ], [ 1.3787, 10.0173 ], [ 1.3798, 10.0003 ] ] ] } },
{ "type": "Feature", "properties": { "iso3": "BEN", "unit_id": "35232949B27299479559888", "unit_name": "Materi" }, "geometry": { "type": "Polygon", "coordinates": [ [ [ 1.0412, 10.5376 ], [ 1.085, 10.5738 ], [ 1.1059, 10.5854 ], [ 1.1232, 10.6021 ], [ 1.1393, 10.5986 ], [ 1.1626, 10.6002 ], [ 1.1818, 10.6516 ], [ 1.1783, 10.6651 ], [ 1.1735, 10.6715 ], [ 1.1782, 10.6797 ], [ 1.1931, 10.6832 ], [ 1.1988, 10.6951 ], [ 1.2338, 10.6948 ], [ 1.2408, 10.7016 ], [ 1.2572, 10.7306 ], [ 1.2643, 10.7661 ], [ 1.2494, 10.7796 ], [ 1.2552, 10.7904 ], [ 1.251, 10.8036 ], [ 1.2311, 10.8245 ], [ 1.2245, 10.8405 ], [ 1.1891, 10.856 ], [ 1.1076, 10.9275 ], [ 1.1051, 10.9574 ], [ 1.1206, 10.9613 ], [ 1.1224, 10.9656 ], [ 1.1215, 10.9853 ], [ 1.1102, 11.0304 ], [ 1.091, 11.0487 ], [ 1.0745, 11.0538 ], [ 1.0696, 11.059 ], [ 1.0431, 11.049 ], [ 1.0351, 11.0495 ], [ 1.0221, 11.0632 ], [ 1.0131, 11.0834 ], [ 0.9992, 11.0857 ], [ 0.9892, 11.0804 ], [ 0.9842, 11.0889 ], [ 0.9786, 11.0905 ], [ 0.9719, 11.0822 ], [ 0.9699, 11.058 ], [ 0.9489, 11.0358 ], [ 0.9216, 11.0175 ], [ 0.9122, 10.9965 ], [ 0.8905, 10.9209 ], [ 0.901, 10.8867 ], [ 0.8851, 10.8618 ], [ 0.8738, 10.805 ], [ 0.8678, 10.7953 ], [ 0.8516, 10.783 ], [ 0.8083, 10.7319 ], [ 0.8018, 10.7183 ], [ 0.7969, 10.6849 ], [ 0.8057, 10.6437 ], [ 0.8756, 10.6548 ], [ 0.9302, 10.6125 ], [ 0.9308, 10.5986 ], [ 0.9419, 10.5917 ], [ 0.9486, 10.5813 ], [ 0.9988, 10.5601 ], [ 1.0239, 10.5279 ], [ 1.0412, 10.5376 ] ] ] } },
{ "type": "Feature", "properties": { "iso3": "BEN", "unit_id": "35232949B98237065531810", "unit_name": "Natitingou" }, "geometry": { "type": "Polygon", "coordinates": [ [ [ 1.3787, 10.0173 ], [ 1.3996, 10.0164 ], [ 1.4125, 10.0259 ], [ 1.4244, 10.041 ], [ 1.4539, 10.0432 ], [ 1.4641, 10.0284 ], [ 1.4721, 10.0271 ], [ 1.4884, 10.0431 ], [ 1.5046, 10.0412 ], [ 1.5215, 10.0514 ], [ 1.5233, 10.0586 ], [ 1.5278, 10.063 ], [ 1.5371, 10.0647 ], [ 1.5553, 10.0858 ], [ 1.5757, 10.1305 ], [ 1.5433, 10.1691 ], [ 1.5483, 10.2876 ], [ 1.5739, 10.355 ], [ 1.6139, 10.388 ], [ 1.6151, 10.3967 ], [ 1.6278, 10.3994 ], [ 1.6254, 10.4187 ], [ 1.6089, 10.4413 ], [ 1.5487, 10.4354 ], [ 1.5111, 10.4253 ], [ 1.4979, 10.4057 ], [ 1.5014, 10.3718 ], [ 1.4945, 10.3618 ], [ 1.4804, 10.357 ], [ 1.4622, 10.3584 ], [ 1.4471, 10.3635 ], [ 1.4411, 10.3815 ], [ 1.438, 10.3834 ], [ 1.4382, 10.4096 ], [ 1.4343, 10.4208 ], [ 1.4248, 10.4234 ], [ 1.4162, 10.4072 ], [ 1.4059, 10.3996 ], [ 1.3901, 10.4013 ], [ 1.3558, 10.3936 ], [ 1.3066, 10.3931 ], [ 1.2049, 10.4055 ], [ 1.2036, 10.3689 ], [ 1.2184, 10.3609 ], [ 1.2203, 10.3525 ], [ 1.2319, 10.3438 ], [ 1.2304, 10.3179 ], [ 1.2116, 10.3043 ], [ 1.2, 10.2894 ], [ 1.1986, 10.2438 ], [ 1.2189, 10.2075 ], [ 1.2708, 10.1884 ], [ 1.288, 10.1736 ], [ 1.2972, 10.143 ], [ 1.3086, 10.1334 ], [ 1.2878, 10.1146 ], [ 1.292, 10.0931 ], [ 1.3023, 10.0808 ], [ 1.3172, 10.0761 ], [ 1.3298, 10.0782 ], [ 1.3424, 10.0751 ], [ 1.3478, 10.0656 ], [ 1.3708, 10.0643 ], [ 1.3787, 10.0173 ] ] ] } },
{ "type": "Feature", "properties": { "iso3": "BEN", "unit_id": "35232949B39022604692159", "unit_name": "Pehunco" }, "geometry": { "type": "Polygon", "coordinates": [ [ [ 2.2404, 10.5445 ], [ 2.2284, 10.5378 ], [ 2.209, 10.54 ], [ 2.1781, 10.5363 ], [ 2.1624, 10.5284 ], [ 2.1245, 10.5296 ], [ 2.1036, 10.5152 ], [ 2.084, 10.5101 ], [ 2.0482, 10.5129 ], [ 2.0089, 10.5252 ], [ 1.9888, 10.493 ], [ 1.9828, 10.4934 ], [ 1.9759, 10.4846 ], [ 1.971, 10.4896 ], [ 1.9648, 10.4855 ], [ 1.9508, 10.4849 ], [ 1.949, 10.4789 ], [ 1.9391, 10.4739 ], [ 1.9344, 10.4651 ], [ 1.9224, 10.4602 ], [ 1.9211, 10.4427 ], [ 1.9086, 10.4289 ], [ 1.9086, 10.4192 ], [ 1.8966, 10.4049 ], [ 1.8964, 10.3773 ], [ 1.8566, 10.3312 ], [ 1.8522, 10.3188 ], [ 1.8184, 10.1547 ], [ 1.8132, 10.1009 ], [ 1.8086, 10.0887 ], [ 1.786, 10.0557 ], [ 1.7694, 10.0394 ], [ 1.9747, 10.0392 ], [ 2.021, 10.0215 ], [ 2.0446, 10.0253 ], [ 2.0696, 10.0349 ], [ 2.0694, 10.043 ], [ 2.0806, 10.0561 ], [ 2.109, 10.0701 ], [ 2.1367, 10.0761 ], [ 2.1628, 10.0756 ], [ 2.1973, 10.0823 ], [ 2.2357, 10.0947 ], [ 2.2622, 10.1508 ], [ 2.247, 10.1878 ], [ 2.2418, 10.2409 ], [ 2.2343, 10.2786 ], [ 2.2043, 10.3195 ], [ 2.178, 10.3347 ], [ 2.1568, 10.3553 ], [ 2.1549, 10.381 ], [ 2.1566, 10.4178 ], [ 2.1616, 10.4358 ], [ 2.1768, 10.4571 ], [ 2.2415, 10.5285 ], [ 2.2404, 10.5445 ] ] ] } },
{ "type": "Feature", "properties": { "iso3": "BEN", "unit_id": "35232949B35262609938294", "unit_name": "Tanguieta" }, "geometry": { "type": "Polygon", "coordinates": [ [ [ 1.2012, 10.4401 ], [ 1.5539, 10.7366 ], [ 1.5532, 10.7501 ], [ 1.5683, 10.7584 ], [ 1.5653, 10.7908 ], [ 1.5787, 10.7926 ], [ 1.5766, 10.8068 ], [ 1.5687, 10.816 ], [ 1.5604, 10.818 ], [ 1.5614, 10.8227 ], [ 1.5893, 10.8652 ], [ 1.6339, 10.871 ], [ 1.6616, 10.8954 ], [ 1.6576, 10.9026 ], [ 1.6663, 10.9293 ], [ 1.6845, 10.9405 ], [ 1.6977, 10.9747 ], [ 1.7176, 10.9991 ], [ 1.7274, 11.0316 ], [ 1.7437, 11.036 ], [ 1.7425, 11.0602 ], [ 1.7564, 11.0763 ], [ 1.7599, 11.0916 ], [ 1.7557, 11.1012 ], [ 1.7475, 11.1004 ], [ 1.7403, 11.104 ], [ 1.7466, 11.1179 ], [ 1.7437, 11.133 ], [ 1.7516, 11.1469 ], [ 1.7567, 11.1746 ], [ 1.785, 11.1874 ], [ 1.8289, 11.2019 ], [ 1.8269, 11.2238 ], [ 1.829, 11.2452 ], [ 1.8391, 11.2583 ], [ 1.8705, 11.2718 ], [ 1.88, 11.2948 ], [ 1.8778, 11.3075 ], [ 1.8945, 11.3332 ], [ 1.8892, 11.3454 ], [ 1.9023, 11.3553 ], [ 1.9, 11.3649 ], [ 1.919, 11.3759 ], [ 1.9218, 11.3941 ], [ 1.953, 11.4216 ], [ 1.9124, 11.4307 ], [ 1.8924, 11.4396 ], [ 1.8841, 11.438 ], [ 1.8727, 11.4458 ], [ 1.8477, 11.4384 ], [ 1.8456, 11.4446 ], [ 1.8417, 11.4444 ], [ 1.8281, 11.4343 ], [ 1.8025, 11.4359 ], [ 1.7953, 11.4264 ], [ 1.7736, 11.4193 ], [ 1.7585, 11.4223 ], [ 1.7524, 11.4167 ], [ 1.748, 11.4202 ], [ 1.7365, 11.4174 ], [ 1.7337, 11.4218 ], [ 1.7221, 11.4232 ], [ 1.7174, 11.4298 ], [ 1.7141, 11.4291 ], [ 1.7074, 11.4153 ], [ 1.6997, 11.408 ], [ 1.6834, 11.4141 ], [ 1.6631, 11.3964 ], [ 1.6489, 11.3966 ], [ 1.6428, 11.4024 ], [ 1.6205, 11.3904 ], [ 1.593, 11.3982 ], [ 1.5897, 11.4032 ], [ 1.5899, 11.4212 ], [ 1.5831, 11.4278 ], [ 1.5745, 11.4299 ], [ 1.5803, 11.4393 ], [ 1.5789, 11.4435 ], [ 1.5684, 11.4469 ], [ 1.5679, 11.4573 ], [ 1.56, 11.4623 ], [ 1.5544, 11.4715 ], [ 1.5506, 11.4706 ], [ 1.5413, 11.4505 ], [ 1.5318, 11.4473 ], [ 1.5094, 11.4565 ], [ 1.5012, 11.4664 ], [ 1.4947, 11.4659 ], [ 1.4758, 11.4541 ], [ 1.4679, 11.4665 ], [ 1.4515, 11.4626 ], [ 1.4462, 11.4649 ], [ 1.4401, 11.4738 ], [ 1.4345, 11.4722 ], [ 1.431, 11.4662 ], [ 1.4257, 11.4662 ], [ 1.4192, 11.4524 ], [ 1.4077, 11.4542 ], [ 1.3844, 11.4422 ], [ 1.3798, 11.4234 ], [ 1.3836, 11.4096 ], [ 1.3899, 11.4066 ], [ 1.3883, 11.3995 ], [ 1.3752, 11.3974 ], [ 1.3727, 11.3902 ], [ 1.3619, 11.3847 ], [ 1.3538, 11.3904 ], [ 1.351, 11.3872 ], [ 1.3519, 11.3814 ], [ 1.3406, 11.364 ], [ 1.32, 11.3628 ], [ 1.318, 11.3591 ], [ 1.3217, 11.3531 ], [ 1.3205, 11.349 ], [ 1.3264, 11.3347 ], [ 1.332, 11.3315 ], [ 1.3318, 11.3235 ], [ 1.3409, 11.3113 ], [ 1.3251, 11.2899 ], [ 1.3146, 11.2926 ], [ 1.3081, 11.3011 ], [ 1.3037, 11.3004 ], [ 1.3016, 11.2919 ], [ 1.2904, 11.2933 ], [ 1.2829, 11.3102 ], [ 1.2658, 11.3212 ], [ 1.2591, 11.321 ], [ 1.2526, 11.312 ], [ 1.2548, 11.2899 ], [ 1.2583, 11.281 ], [ 1.2667, 11.2764 ], [ 1.2694, 11.2801 ], [ 1.2636, 11.2883 ], [ 1.2708, 11.2895 ], [ 1.2763, 11.2642 ], [ 1.2739, 11.2599 ], [ 1.2604, 11.2543 ], [ 1.2521, 11.2453 ], [ 1.228, 11.2593 ], [ 1.1595, 11.2612 ], [ 1.1478, 11.2708 ], [ 1.1364, 11.2659 ], [ 1.1293, 11.2565 ], [ 1.129, 11.2517 ], [ 1.1363, 11.237 ], [ 1.1564, 11.2239 ], [ 1.1485, 11.2032 ], [ 1.1525, 11.1984 ], [ 1.1505, 11.1756 ], [ 1.1601, 11.1644 ], [ 1.1505, 11.1614 ], [ 1.1412, 11.1737 ], [ 1.1183, 11.1716 ], [ 1.097, 11.1474 ], [ 1.0604, 11.1457 ], [ 1.0555, 11.1431 ], [ 1.0528, 11.1394 ], [ 1.0547, 11.1319 ], [ 1.0509, 11.1277 ], [ 1.0647, 11.1188 ], [ 1.0682, 11.1234 ], [ 1.0672, 11.1289 ], [ 1.0866, 11.1133 ], [ 1.0845, 11.1051 ], [ 1.0902, 11.0998 ], [ 1.0865, 11.0899 ], [ 1.093, 11.0858 ], [ 1.0965, 11.0784 ], [ 1.0935, 11.069 ], [ 1.0998, 11.0626 ], [ 1.0996, 11.0566 ], [ 1.1153, 11.0412 ], [ 1.1102, 11.0304 ], [ 1.1215, 10.9853 ], [ 1.1224, 10.9656 ], [ 1.1206, 10.9613 ], [ 1.1051, 10.9574 ], [ 1.1076, 10.9275 ], [ 1.1891, 10.856 ], [ 1.2245, 10.8405 ], [ 1.2311, 10.8245 ], [ 1.251, 10.8036 ], [ 1.2552, 10.7904 ], [ 1.2494, 10.7796 ], [ 1.2643, 10.7661 ], [ 1.2638, 10.7572 ], [ 1.2572, 10.7306 ], [ 1.2408, 10.7016 ], [ 1.2338, 10.6948 ], [ 1.1988, 10.6951 ], [ 1.1931, 10.6832 ], [ 1.1782, 10.6797 ], [ 1.1735, 10.6715 ], [ 1.1783, 10.6651 ], [ 1.1818, 10.6516 ], [ 1.1626, 10.6002 ], [ 1.1393, 10.5986 ], [ 1.1232, 10.6021 ], [ 1.1059, 10.5854 ], [ 1.085, 10.5738 ], [ 1.0412, 10.5376 ], [ 1.064, 10.5096 ], [ 1.0766, 10.4871 ], [ 1.0824, 10.458 ], [ 1.0816, 10.435 ], [ 1.1569, 10.4118 ], [ 1.2012, 10.4401 ] ] ] } },
{ "type": "Feature", "properties": { "iso3": "BEN", "unit_id": "35232949B3810082569234", "unit_name": "Toukountouna" }, "geometry": { "type": "Polygon", "coordinates": [ [ [ 1.2049, 10.4055 ], [ 1.3066, 10.3931 ], [ 1.3558, 10.3936 ], [ 1.3901, 10.4013 ], [ 1.4059, 10.3996 ], [ 1.4162, 10.4072 ], [ 1.4248, 10.4234 ], [ 1.4343, 10.4208 ], [ 1.4382, 10.4096 ], [ 1.438, 10.3834 ], [ 1.4411, 10.3815 ], [ 1.4471, 10.3635 ], [ 1.4622, 10.3584 ], [ 1.4804, 10.357 ], [ 1.4945, 10.3618 ], [ 1.5014, 10.3718 ], [ 1.4979, 10.4057 ], [ 1.5111, 10.4253 ], [ 1.5487, 10.4354 ], [ 1.642, 10.4443 ], [ 1.6492, 10.4806 ], [ 1.642, 10.5231 ], [ 1.6203, 10.583 ], [ 1.6377, 10.6741 ], [ 1.5539, 10.7366 ], [ 1.2012, 10.4401 ], [ 1.2049, 10.4055 ] ] ] } },
{ "type": "Feature", "properties": { "iso3": "BEN", "unit_id": "35232949B23216381853297", "unit_name": "Abomey-calavi" }, "geometry": { "type": "MultiPolygon", "coordinates": [ [ [ [ 2.4109, 6.6855 ], [ 2.383, 6.6838 ], [ 2.3544, 6.7 ], [ 2.3411, 6.6939 ], [ 2.3314, 6.6847 ], [ 2.334, 6.6398 ], [ 2.3175, 6.6049 ], [ 2.313, 6.5887 ], [ 2.3059, 6.5783 ], [ 2.2531, 6.5497 ], [ 2.2441, 6.513 ], [ 2.2237, 6.484 ], [ 2.2224, 6.4629 ], [ 2.2187, 6.4558 ], [ 2.2228, 6.4397 ], [ 2.2179, 6.4239 ], [ 2.2105, 6.4149 ], [ 2.2088, 6.4044 ], [ 2.2169, 6.3952 ], [ 2.2238, 6.3762 ], [ 2.2379, 6.3653 ], [ 2.2652, 6.3627 ], [ 2.2703, 6.3439 ], [ 2.3592, 6.3492 ], [ 2.3648, 6.3963 ], [ 2.3444, 6.3985 ], [ 2.3426, 6.4025 ], [ 2.3484, 6.4058 ], [ 2.3509, 6.4137 ], [ 2.3509, 6.4299 ], [ 2.3547, 6.4313 ], [ 2.3624, 6.445 ], [ 2.3667, 6.4457 ], [ 2.3687, 6.4751 ], [ 2.3723, 6.4779 ], [ 2.3713, 6.4746 ], [ 2.3777, 6.4756 ], [ 2.3744, 6.4712 ], [ 2.378, 6.474 ], [ 2.3787, 6.4686 ], [ 2.3831, 6.4694 ], [ 2.4002, 6.497 ], [ 2.4041, 6.5142 ], [ 2.4034, 6.5475 ], [ 2.3958, 6.5673 ], [ 2.4021, 6.5994 ], [ 2.4154, 6.6334 ], [ 2.4111, 6.6402 ], [ 2.407, 6.6619 ], [ 2.4109, 6.6855 ] ] ], [ [ [ 2.3772, 6.4637 ], [ 2.3759, 6.4658 ], [ 2.3738, 6.4632 ], [ 2.3767, 6.4642 ], [ 2.3769, 6.4617 ], [ 2.3772, 6.4637 ] ] ], [ [ [ 2.3785, 6.4655 ], [ 2.378, 6.4677 ], [ 2.3764, 6.4666 ], [ 2.3785, 6.4655 ] ] ], [ [ [ 2.3769, 6.4715 ], [ 2.3754, 6.4697 ], [ 2.3776, 6.4702 ], [ 2.3769, 6.4715 ] ] ] ] } },
{ "type": "Feature", "properties": { "iso3": "BEN", "unit_id": "35232949B98167907634289", "unit_name": "Allada" }, "geometry": { "type": "Polygon", "coordinates": [ [ [ 2.1916, 6.6215 ], [ 2.2198, 6.6131 ], [ 2.2357, 6.617 ], [ 2.2474, 6.6278 ], [ 2.248, 6.6376 ], [ 2.2185, 6.6634 ], [ 2.2149, 6.6793 ], [ 2.2156, 6.7192 ], [ 2.2075, 6.733 ], [ 2.2277, 6.778 ], [ 2.1571, 6.7827 ], [ 2.1317, 6.7572 ], [ 2.1047, 6.7404 ], [ 2.0754, 6.7295 ], [ 2.0336, 6.7322 ], [ 2.0344, 6.6982 ], [ 1.9978, 6.6729 ], [ 1.9866, 6.6271 ], [ 1.9951, 6.6109 ], [ 2.0176, 6.5861 ], [ 2.0285, 6.5821 ], [ 2.0439, 6.5827 ], [ 2.0882, 6.6108 ], [ 2.1039, 6.614 ], [ 2.1173, 6.6113 ], [ 2.1916, 6.6215 ] ] ] } },
{ "type": "Feature", "properties": { "iso3": "BEN", "unit_id": "35232949B13874979679347", "unit_name": "Kpomasse" }, "geometry": { "type": "Polygon", "coordinates": [ [ [ 1.9866, 6.6271 ], [ 1.9803, 6.6189 ], [ 1.9785, 6.6029 ], [ 1.986, 6.5188 ], [ 1.9844, 6.504 ], [ 1.9437, 6.4168 ], [ 1.9421, 6.3883 ], [ 1.9454, 6.3775 ], [ 1.9628, 6.3533 ], [ 1.9608, 6.3452 ], [ 1.9668, 6.3411 ], [ 1.9727, 6.3398 ], [ 2.0059, 6.3464 ], [ 2.0231, 6.3424 ], [ 2.0428, 6.3425 ], [ 2.0574, 6.3519 ], [ 2.0716, 6.3731 ], [ 2.0553, 6.4133 ], [ 2.0554, 6.4216 ], [ 2.0865, 6.4585 ], [ 2.0749, 6.4978 ], [ 2.047, 6.5416 ], [ 2.0383, 6.5506 ], [ 2.0176, 6.5861 ], [ 1.9951, 6.6109 ], [ 1.9866, 6.6271 ] ] ] } },
{ "type": "Feature", "properties": { "iso3": "BEN", "unit_id": "35232949B90364740247149", "unit_name": "Ouidah" }, "geometry": { "type": "MultiPolygon", "coordinates": [ [ [ [ 2.2187, 6.4558 ], [ 2.1783, 6.4358 ], [ 2.1711, 6.4409 ], [ 2.1619, 6.4627 ], [ 2.1547, 6.4689 ], [ 2.1252, 6.4649 ], [ 2.1129, 6.4718 ], [ 2.1008, 6.4867 ], [ 2.0934, 6.4886 ], [ 2.0811, 6.4835 ], [ 2.0865, 6.4585 ], [ 2.0554, 6.4216 ], [ 2.0553, 6.4133 ], [ 2.0716, 6.3731 ], [ 2.0574, 6.3519 ], [ 2.0428, 6.3425 ], [ 2.0334, 6.3417 ], [ 2.0059, 6.3464 ], [ 1.9727, 6.3398 ], [ 1.9608, 6.3452 ], [ 1.9585, 6.3351 ], [ 1.9667, 6.3242 ], [ 1.9795, 6.3174 ], [ 1.976, 6.3101 ], [ 1.9779, 6.3082 ], [ 1.9807, 6.3117 ], [ 1.9869, 6.312 ], [ 1.9871, 6.3155 ], [ 1.9882, 6.3129 ], [ 1.9975, 6.3183 ], [ 1.9994, 6.3173 ], [ 1.9854, 6.3099 ], [ 2.0021, 6.3119 ], [ 2.0026, 6.3153 ], [ 2.005, 6.3163 ], [ 2.0046, 6.3101 ], [ 2.0218, 6.323 ], [ 2.0261, 6.3236 ], [ 2.0277, 6.3221 ], [ 2.0411, 6.3276 ], [ 2.05, 6.3279 ], [ 2.0586, 6.3257 ], [ 2.0661, 6.3313 ], [ 2.0816, 6.3337 ], [ 2.0876, 6.3295 ], [ 2.0836, 6.3288 ], [ 2.0861, 6.3303 ], [ 2.0842, 6.3313 ], [ 2.0826, 6.3283 ], [ 2.072, 6.3236 ], [ 2.0543, 6.3255 ], [ 2.0517, 6.3212 ], [ 2.0536, 6.3255 ], [ 2.0496, 6.3272 ], [ 2.0283, 6.3215 ], [ 2.0242, 6.3228 ], [ 2.0094, 6.3121 ], [ 2.0247, 6.3132 ], [ 2.0356, 6.3176 ], [ 2.0396, 6.3154 ], [ 1.9889, 6.3071 ], [ 1.9745, 6.307 ], [ 1.9723, 6.3031 ], [ 1.9749, 6.3034 ], [ 1.9714, 6.3017 ], [ 2.1183, 6.3271 ], [ 2.2703, 6.3439 ], [ 2.2652, 6.3627 ], [ 2.2379, 6.3653 ], [ 2.2238, 6.3762 ], [ 2.2169, 6.3952 ], [ 2.2088, 6.4044 ], [ 2.2105, 6.4149 ], [ 2.2179, 6.4239 ], [ 2.2228, 6.4397 ], [ 2.2187, 6.4558 ] ] ], [ [ [ 2.0717, 6.3249 ], [ 2.0793, 6.3316 ], [ 2.0681, 6.33 ], [ 2.0717, 6.3249 ] ] ], [ [ [ 1.9836, 6.3108 ], [ 1.9813, 6.3114 ], [ 1.985, 6.3091 ], [ 1.9836, 6.3108 ] ] ], [ [ [ 2.0813, 6.3316 ], [ 2.078, 6.33 ], [ 2.0811, 6.3296 ], [ 2.0813, 6.3316 ] ] ], [ [ [ 2.0831, 6.3324 ], [ 2.0813, 6.3324 ], [ 2.0841, 6.3317 ], [ 2.0831, 6.3324 ] ] ], [ [ [ 2.0824, 6.3298 ], [ 2.0814, 6.3296 ], [ 2.0819, 6.3286 ], [ 2.0824, 6.3298 ] ] ] ] } },
{ "type": "Feature", "properties": { "iso3": "BEN", "unit_id": "35232949B70456534940672", "unit_name": "So-ava" }, "geometry": { "type": "MultiPolygon", "coordinates": [ [ [ [ 2.3848, 6.4706 ], [ 2.3854, 6.4671 ], [ 2.3898, 6.4684 ], [ 2.3924, 6.4645 ], [ 2.3942, 6.4705 ], [ 2.3986, 6.4669 ], [ 2.403, 6.4718 ], [ 2.405, 6.4692 ], [ 2.4177, 6.4676 ], [ 2.4105, 6.4695 ], [ 2.4135, 6.4723 ], [ 2.4169, 6.471 ], [ 2.4166, 6.478 ], [ 2.4207, 6.4842 ], [ 2.4238, 6.4842 ], [ 2.4246, 6.5045 ], [ 2.4284, 6.5009 ], [ 2.4323, 6.502 ], [ 2.4278, 6.5071 ], [ 2.4309, 6.5154 ], [ 2.4279, 6.5184 ], [ 2.4276, 6.5226 ], [ 2.4313, 6.5166 ], [ 2.4318, 6.504 ], [ 2.4351, 6.5111 ], [ 2.4452, 6.5071 ], [ 2.479, 6.4818 ], [ 2.4816, 6.4845 ], [ 2.4782, 6.4847 ], [ 2.4839, 6.4881 ], [ 2.4823, 6.4932 ], [ 2.488, 6.4969 ], [ 2.4875, 6.4914 ], [ 2.4968, 6.4853 ], [ 2.4938, 6.4907 ], [ 2.4943, 6.4963 ], [ 2.4962, 6.489 ], [ 2.4953, 6.4999 ], [ 2.5006, 6.5172 ], [ 2.4774, 6.5241 ], [ 2.4353, 6.5487 ], [ 2.4154, 6.6334 ], [ 2.3969, 6.5808 ], [ 2.3958, 6.5673 ], [ 2.4034, 6.5475 ], [ 2.4041, 6.5142 ], [ 2.4002, 6.497 ], [ 2.3848, 6.4706 ] ] ], [ [ [ 2.4305, 6.5071 ], [ 2.429, 6.5081 ], [ 2.4292, 6.5067 ], [ 2.4305, 6.5071 ] ] ] ] } },
{ "type": "Feature", "properties": { "iso3": "BEN", "unit_id": "35232949B27733761122178", "unit_name": "Toffo" }, "geometry": { "type": "Polygon", "coordinates": [ [ [ 2.2277, 6.778 ], [ 2.2407, 6.7989 ], [ 2.2588, 6.82 ], [ 2.2736, 6.816 ], [ 2.3184, 6.8642 ], [ 2.2956, 6.8991 ], [ 2.3307, 6.9123 ], [ 2.3426, 6.9077 ], [ 2.3433, 6.9159 ], [ 2.318, 6.963 ], [ 2.2532, 6.9367 ], [ 2.0843, 6.9317 ], [ 2.0932, 6.9235 ], [ 2.1003, 6.91 ], [ 2.0997, 6.8934 ], [ 2.078, 6.8796 ], [ 2.0687, 6.8674 ], [ 2.0518, 6.789 ], [ 2.0326, 6.7755 ], [ 2.0336, 6.7322 ], [ 2.0754, 6.7295 ], [ 2.1047, 6.7404 ], [ 2.1317, 6.7572 ], [ 2.1571, 6.7827 ], [ 2.2277, 6.778 ] ] ] } },
{ "type": "Feature", "properties": { "iso3": "BEN", "unit_id": "35232949B41330792198892", "unit_name": "Tori-bossito" }, "geometry": { "type": "Polygon", "coordinates": [ [ [ 2.2531, 6.5497 ], [ 2.2307, 6.5864 ], [ 2.2021, 6.6078 ], [ 2.1916, 6.6215 ], [ 2.1173, 6.6113 ], [ 2.1039, 6.614 ], [ 2.0882, 6.6108 ], [ 2.0439, 6.5827 ], [ 2.0285, 6.5821 ], [ 2.0176, 6.5861 ], [ 2.0383, 6.5506 ], [ 2.047, 6.5416 ], [ 2.0749, 6.4978 ], [ 2.0811, 6.4835 ], [ 2.0934, 6.4886 ], [ 2.1008, 6.4867 ], [ 2.1129, 6.4718 ], [ 2.1252, 6.4649 ], [ 2.1547, 6.4689 ], [ 2.1619, 6.4627 ], [ 2.1711, 6.4409 ], [ 2.1783, 6.4358 ], [ 2.2187, 6.4558 ], [ 2.2224, 6.4629 ], [ 2.2237, 6.484 ], [ 2.2441, 6.513 ], [ 2.2531, 6.5497 ] ] ] } },
{ "type": "Feature", "properties": { "iso3": "BEN", "unit_id": "35232949B16891168917774", "unit_name": "Ze" }, "geometry": { "type": "Polygon", "coordinates": [ [ [ 2.4109, 6.6855 ], [ 2.4363, 6.7465 ], [ 2.4234, 6.7543 ], [ 2.4213, 6.776 ], [ 2.4153, 6.786 ], [ 2.4188, 6.7967 ], [ 2.4364, 6.8246 ], [ 2.4146, 6.8591 ], [ 2.4103, 6.9026 ], [ 2.4062, 6.9139 ], [ 2.3951, 6.9156 ], [ 2.3882, 6.9217 ], [ 2.3885, 6.9331 ], [ 2.3964, 6.9411 ], [ 2.4115, 6.9482 ], [ 2.4101, 6.9552 ], [ 2.4038, 6.9568 ], [ 2.4053, 6.9638 ], [ 2.4132, 6.9706 ], [ 2.3973, 6.9761 ], [ 2.3637, 6.9547 ], [ 2.3365, 6.9301 ], [ 2.3433, 6.9159 ], [ 2.3426, 6.9077 ], [ 2.3307, 6.9123 ], [ 2.2956, 6.8991 ], [ 2.3184, 6.8642 ], [ 2.2736, 6.816 ], [ 2.2588, 6.82 ], [ 2.2407, 6.7989 ], [ 2.2206, 6.7645 ], [ 2.2075, 6.733 ], [ 2.2156, 6.7192 ], [ 2.2149, 6.6793 ], [ 2.2185, 6.6634 ], [ 2.248, 6.6376 ], [ 2.2474, 6.6278 ], [ 2.2357, 6.617 ], [ 2.2198, 6.6131 ], [ 2.1916, 6.6215 ], [ 2.2021, 6.6078 ], [ 2.2307, 6.5864 ], [ 2.2531, 6.5497 ], [ 2.3059, 6.5783 ], [ 2.313, 6.5887 ], [ 2.3175, 6.6049 ], [ 2.334, 6.6398 ], [ 2.3314, 6.6847 ], [ 2.3411, 6.6939 ], [ 2.3544, 6.7 ], [ 2.383, 6.6838 ], [ 2.4109, 6.6855 ] ] ] } },
{ "type": "Feature", "properties": { "iso3": "BEN", "unit_id": "35232949B74803445980716", "unit_name": "Bembereke" }, "geometry": { "type": "Polygon", "coordinates": [ [ [ 2.545, 10.53 ], [ 2.543, 10.4983 ], [ 2.5377, 10.4851 ], [ 2.5327, 10.4553 ], [ 2.5358, 10.4401 ], [ 2.5292, 10.426 ], [ 2.5343, 10.3892 ], [ 2.5239, 10.3397 ], [ 2.4975, 10.2973 ], [ 2.4845, 10.2495 ], [ 2.4675, 10.2348 ], [ 2.4687, 10.1932 ], [ 2.4791, 10.1838 ], [ 2.4854, 10.1504 ], [ 2.4659, 10.1371 ], [ 2.4604, 10.1294 ], [ 2.4628, 10.1108 ], [ 2.4822, 10.0959 ], [ 2.5154, 10.0862 ], [ 2.5616, 10.0094 ], [ 2.5302, 9.9881 ], [ 2.5246, 9.9778 ], [ 2.6001, 9.9465 ], [ 2.6069, 9.9377 ], [ 2.6139, 9.9368 ], [ 2.6319, 9.9247 ], [ 2.6505, 9.9186 ], [ 2.6721, 9.9185 ], [ 2.6834, 9.9041 ], [ 2.6926, 9.9021 ], [ 2.7094, 9.9039 ], [ 2.728, 9.9016 ], [ 2.7825, 9.9266 ], [ 2.8026, 9.9291 ], [ 2.8112, 9.9332 ], [ 2.8202, 9.9238 ], [ 2.8427, 9.9363 ], [ 2.8536, 9.9592 ], [ 2.8403, 9.9957 ], [ 2.8446, 10.0026 ], [ 2.8443, 10.0118 ], [ 2.8504, 10.0181 ], [ 2.852, 10.0289 ], [ 2.8109, 10.0391 ], [ 2.8102, 10.1235 ], [ 2.9014, 10.1364 ], [ 2.9104, 10.1336 ], [ 2.9255, 10.1424 ], [ 2.9957, 10.222 ], [ 3.0185, 10.2388 ], [ 3.0224, 10.2506 ], [ 3.0341, 10.2552 ], [ 3.0549, 10.3021 ], [ 3.0465, 10.3027 ], [ 3.0397, 10.3093 ], [ 3.0374, 10.3255 ], [ 2.9842, 10.3695 ], [ 3.0013, 10.4027 ], [ 3.0028, 10.416 ], [ 3.0127, 10.4225 ], [ 3.0542, 10.4381 ], [ 3.0809, 10.4387 ], [ 3.0831, 10.4552 ], [ 3.0993, 10.4696 ], [ 3.1015, 10.5179 ], [ 3.1115, 10.5175 ], [ 3.1106, 10.5236 ], [ 3.0995, 10.5247 ], [ 3.1039, 10.5378 ], [ 2.8564, 10.5357 ], [ 2.8132, 10.5816 ], [ 2.7775, 10.5787 ], [ 2.7017, 10.5637 ], [ 2.6882, 10.53 ], [ 2.545, 10.53 ] ] ] } },
{ "type": "Feature", "properties": { "iso3": "BEN", "unit_id": "35232949B16991508336765", "unit_name": "Kalale" }, "geometry": { "type": "Polygon", "coordinates": [ [ [ 3.1039, 10.5378 ], [ 3.0995, 10.5247 ], [ 3.1106, 10.5236 ], [ 3.1115, 10.5175 ], [ 3.1015, 10.5179 ], [ 3.0993, 10.4696 ], [ 3.0831, 10.4552 ], [ 3.0809, 10.4387 ], [ 3.0542, 10.4381 ], [ 3.0127, 10.4225 ], [ 3.0028, 10.416 ], [ 3.0013, 10.4027 ], [ 2.9842, 10.3695 ], [ 3.0374, 10.3255 ], [ 3.0397, 10.3093 ], [ 3.0465, 10.3027 ], [ 3.0549, 10.3021 ], [ 3.0341, 10.2552 ], [ 3.0224, 10.2506 ], [ 3.0185, 10.2388 ], [ 3.035, 10.2122 ], [ 3.0378, 10.2005 ], [ 3.0364, 10.17 ], [ 3.046, 10.154 ], [ 3.0354, 10.1076 ], [ 3.0463, 10.1021 ], [ 3.0495, 10.0806 ], [ 3.1003, 10.0738 ], [ 3.1368, 10.0843 ], [ 3.1537, 10.1024 ], [ 3.1844, 10.1037 ], [ 3.1909, 10.1074 ], [ 3.2217, 10.1111 ], [ 3.2355, 10.1195 ], [ 3.2515, 10.1233 ], [ 3.2672, 10.1186 ], [ 3.3033, 10.115 ], [ 3.3159, 10.1068 ], [ 3.3353, 10.1067 ], [ 3.3415, 10.1221 ], [ 3.3775, 10.1585 ], [ 3.3926, 10.1452 ], [ 3.4117, 10.1568 ], [ 3.4531, 10.1473 ], [ 3.4611, 10.1379 ], [ 3.4823, 10.1329 ], [ 3.4928, 10.1231 ], [ 3.5099, 10.1231 ], [ 3.5207, 10.1185 ], [ 3.5241, 10.1106 ], [ 3.5387, 10.1093 ], [ 3.5447, 10.1017 ], [ 3.5578, 10.1058 ], [ 3.5729, 10.0999 ], [ 3.5818, 10.1001 ], [ 3.6169, 10.0778 ], [ 3.6292, 10.0932 ], [ 3.6629, 10.1071 ], [ 3.6761, 10.1493 ], [ 3.6789, 10.1698 ], [ 3.6781, 10.1783 ], [ 3.6725, 10.1838 ], [ 3.6553, 10.1841 ], [ 3.6463, 10.1894 ], [ 3.6125, 10.2217 ], [ 3.5977, 10.2418 ], [ 3.5846, 10.2751 ], [ 3.6144, 10.3557 ], [ 3.6338, 10.3904 ], [ 3.6318, 10.4173 ], [ 3.646, 10.4351 ], [ 3.6877, 10.4564 ], [ 3.786, 10.4054 ], [ 3.7992, 10.4428 ], [ 3.802, 10.4568 ], [ 3.801, 10.4853 ], [ 3.8062, 10.503 ], [ 3.8318, 10.5686 ], [ 3.8484, 10.5888 ], [ 3.8517, 10.6058 ], [ 3.8491, 10.6478 ], [ 3.4974, 10.6123 ], [ 3.1798, 10.5394 ], [ 3.1039, 10.5378 ] ] ] } },
{ "type": "Feature", "properties": { "iso3": "BEN", "unit_id": "35232949B42825102890226", "unit_name": "Ndali" }, "geometry": { "type": "Polygon", "coordinates": [ [ [ 2.6001, 9.9465 ], [ 2.4959, 9.9874 ], [ 2.4068, 9.9859 ], [ 2.4051, 9.9637 ], [ 2.394, 9.9621 ], [ 2.387, 9.9244 ], [ 2.3468, 9.9435 ], [ 2.3347, 9.9544 ], [ 2.3214, 9.9537 ], [ 2.3027, 9.9585 ], [ 2.2945, 9.9647 ], [ 2.2407, 9.9647 ], [ 2.2126, 9.9696 ], [ 2.2016, 9.9604 ], [ 2.1574, 9.9787 ], [ 2.1246, 9.9825 ], [ 2.0927, 9.9701 ], [ 2.0904, 9.9614 ], [ 2.0822, 9.956 ], [ 2.094, 9.9279 ], [ 2.0916, 9.8956 ], [ 2.0513, 9.8491 ], [ 2.0592, 9.8356 ], [ 2.0672, 9.8334 ], [ 2.0715, 9.8274 ], [ 2.0663, 9.8226 ], [ 2.0728, 9.8124 ], [ 2.0719, 9.7998 ], [ 2.0854, 9.7867 ], [ 2.0844, 9.7648 ], [ 2.0767, 9.7586 ], [ 2.0911, 9.7496 ], [ 2.0987, 9.7198 ], [ 2.1043, 9.7185 ], [ 2.1193, 9.7055 ], [ 2.1261, 9.7092 ], [ 2.1327, 9.7086 ], [ 2.1332, 9.7166 ], [ 2.1387, 9.719 ], [ 2.1537, 9.7096 ], [ 2.1716, 9.7062 ], [ 2.1713, 9.698 ], [ 2.1566, 9.6916 ], [ 2.1597, 9.6859 ], [ 2.1747, 9.683 ], [ 2.1845, 9.6721 ], [ 2.199, 9.6676 ], [ 2.1995, 9.6605 ], [ 2.1944, 9.6591 ], [ 2.1891, 9.6438 ], [ 2.1913, 9.6397 ], [ 2.199, 9.6423 ], [ 2.2074, 9.6366 ], [ 2.2242, 9.6327 ], [ 2.2314, 9.6108 ], [ 2.2445, 9.6091 ], [ 2.2499, 9.597 ], [ 2.26, 9.5865 ], [ 2.2614, 9.573 ], [ 2.2796, 9.5674 ], [ 2.2792, 9.5536 ], [ 2.2859, 9.5474 ], [ 2.294, 9.5303 ], [ 2.3063, 9.5234 ], [ 2.3222, 9.5257 ], [ 2.4083, 9.5076 ], [ 2.4735, 9.4891 ], [ 2.4995, 9.4695 ], [ 2.5353, 9.4587 ], [ 2.5564, 9.4487 ], [ 2.5683, 9.4512 ], [ 2.6127, 9.4379 ], [ 2.6196, 9.4343 ], [ 2.6476, 9.3988 ], [ 2.676, 9.38 ], [ 2.6908, 9.3848 ], [ 2.7444, 9.4223 ], [ 2.7618, 9.4299 ], [ 2.7687, 9.4254 ], [ 2.7803, 9.4699 ], [ 2.7929, 9.4988 ], [ 2.8012, 9.5051 ], [ 2.7985, 9.517 ], [ 2.8094, 9.5325 ], [ 2.7611, 9.6687 ], [ 2.7595, 9.6858 ], [ 2.7637, 9.6987 ], [ 2.7567, 9.7169 ], [ 2.7662, 9.7569 ], [ 2.7641, 9.7732 ], [ 2.7715, 9.7805 ], [ 2.7696, 9.7881 ], [ 2.7853, 9.8313 ], [ 2.7935, 9.8733 ], [ 2.7616, 9.9109 ], [ 2.7641, 9.9162 ], [ 2.728, 9.9016 ], [ 2.6834, 9.9041 ], [ 2.6721, 9.9185 ], [ 2.6505, 9.9186 ], [ 2.6319, 9.9247 ], [ 2.6139, 9.9368 ], [ 2.6069, 9.9377 ], [ 2.6001, 9.9465 ] ] ] } },
{ "type": "Feature", "properties": { "iso3": "BEN", "unit_id": "35232949B35143232116834", "unit_name": "Nikki" }, "geometry": { "type": "Polygon", "coordinates": [ [ [ 2.7641, 9.9162 ], [ 2.7616, 9.9109 ], [ 2.7935, 9.8733 ], [ 2.7853, 9.8313 ], [ 2.7696, 9.7881 ], [ 2.7715, 9.7805 ], [ 2.7841, 9.7894 ], [ 2.7926, 9.7885 ], [ 2.8052, 9.7984 ], [ 2.8148, 9.7967 ], [ 2.8341, 9.8136 ], [ 2.8801, 9.8179 ], [ 2.8918, 9.822 ], [ 2.9293, 9.8448 ], [ 2.9578, 9.8458 ], [ 2.9712, 9.8433 ], [ 3.0194, 9.8078 ], [ 3.0856, 9.7956 ], [ 3.1072, 9.7869 ], [ 3.1145, 9.7778 ], [ 3.1201, 9.7177 ], [ 3.1268, 9.7014 ], [ 3.1648, 9.6664 ], [ 3.2561, 9.6397 ], [ 3.2635, 9.6524 ], [ 3.2716, 9.659 ], [ 3.2918, 9.6619 ], [ 3.3152, 9.6577 ], [ 3.3486, 9.6852 ], [ 3.3521, 9.6974 ], [ 3.3503, 9.7052 ], [ 3.3286, 9.746 ], [ 3.3233, 9.7768 ], [ 3.3297, 9.7988 ], [ 3.3469, 9.8176 ], [ 3.3568, 9.8258 ], [ 3.4564, 9.8612 ], [ 3.4747, 9.8632 ], [ 3.5113, 9.8573 ], [ 3.5296, 9.8621 ], [ 3.5627, 9.8955 ], [ 3.5641, 9.916 ], [ 3.5711, 9.9254 ], [ 3.5958, 9.9457 ], [ 3.6023, 9.9574 ], [ 3.6115, 9.996 ], [ 3.6115, 10.0624 ], [ 3.6169, 10.0778 ], [ 3.5818, 10.1001 ], [ 3.5729, 10.0999 ], [ 3.5578, 10.1058 ], [ 3.5447, 10.1017 ], [ 3.5387, 10.1093 ], [ 3.5241, 10.1106 ], [ 3.5207, 10.1185 ], [ 3.5099, 10.1231 ], [ 3.4928, 10.1231 ], [ 3.4823, 10.1329 ], [ 3.4611, 10.1379 ], [ 3.4531, 10.1473 ], [ 3.4117, 10.1568 ], [ 3.3926, 10.1452 ], [ 3.3775, 10.1585 ], [ 3.3415, 10.1221 ], [ 3.3353, 10.1067 ], [ 3.3159, 10.1068 ], [ 3.3033, 10.115 ], [ 3.2672, 10.1186 ], [ 3.2515, 10.1233 ], [ 3.2355, 10.1195 ], [ 3.2217, 10.1111 ], [ 3.1909, 10.1074 ], [ 3.1844, 10.1037 ], [ 3.1537, 10.1024 ], [ 3.1368, 10.0843 ], [ 3.1003, 10.0738 ], [ 3.0559, 10.078 ], [ 3.0495, 10.0806 ], [ 3.0463, 10.1021 ], [ 3.0354, 10.1076 ], [ 3.046, 10.154 ], [ 3.0364, 10.17 ], [ 3.0378, 10.2005 ], [ 3.035, 10.2122 ], [ 3.0185, 10.2388 ], [ 2.9957, 10.222 ], [ 2.9255, 10.1424 ], [ 2.9104, 10.1336 ], [ 2.9014, 10.1364 ], [ 2.8102, 10.1235 ], [ 2.8109, 10.0391 ], [ 2.852, 10.0289 ], [ 2.8504, 10.0181 ], [ 2.8443, 10.0118 ], [ 2.8446, 10.0026 ], [ 2.8403, 9.9957 ], [ 2.8536, 9.9592 ], [ 2.8427, 9.9363 ], [ 2.8202, 9.9238 ], [ 2.8112, 9.9332 ], [ 2.8026, 9.9291 ], [ 2.7825, 9.9266 ], [ 2.7641, 9.9162 ] ] ] } },
{ "type": "Feature", "properties": { "iso3": "BEN", "unit_id": "35232949B1640763460618", "unit_name": "Parakou" }, "geometry": { "type": "Polygon", "coordinates": [ [ [ 2.5564, 9.4487 ], [ 2.4952, 9.4127 ], [ 2.4674, 9.3867 ], [ 2.4636, 9.347 ], [ 2.492, 9.307 ], [ 2.5273, 9.2796 ], [ 2.5751, 9.2489 ], [ 2.6185, 9.2456 ], [ 2.6305, 9.2618 ], [ 2.641, 9.2676 ], [ 2.6557, 9.2692 ], [ 2.6666, 9.2767 ], [ 2.6831, 9.2822 ], [ 2.707, 9.2831 ], [ 2.7261, 9.2727 ], [ 2.7351, 9.2714 ], [ 2.733, 9.2871 ], [ 2.7428, 9.2978 ], [ 2.7315, 9.3089 ], [ 2.7324, 9.3178 ], [ 2.7397, 9.3216 ], [ 2.7376, 9.3618 ], [ 2.7413, 9.3688 ], [ 2.7377, 9.3936 ], [ 2.7495, 9.3951 ], [ 2.7568, 9.4075 ], [ 2.7511, 9.4246 ], [ 2.6908, 9.3848 ], [ 2.676, 9.38 ], [ 2.6476, 9.3988 ], [ 2.6196, 9.4343 ], [ 2.5683, 9.4512 ], [ 2.5564, 9.4487 ] ] ] } },
{ "type": "Feature", "properties": { "iso3": "BEN", "unit_id": "35232949B44505404387483", "unit_name": "Perere" }, "geometry": { "type": "Polygon", "coordinates": [ [ [ 2.7611, 9.6687 ], [ 2.8586, 9.391 ], [ 2.8661, 9.3843 ], [ 2.8791, 9.3883 ], [ 2.8909, 9.3865 ], [ 2.9034, 9.3797 ], [ 2.9117, 9.371 ], [ 2.9118, 9.3512 ], [ 2.9294, 9.3473 ], [ 2.9362, 9.3418 ], [ 3.1515, 9.3395 ], [ 3.1518, 9.3757 ], [ 3.1309, 9.4403 ], [ 3.1362, 9.4628 ], [ 3.1546, 9.4929 ], [ 3.1863, 9.5071 ], [ 3.1949, 9.5151 ], [ 3.2079, 9.5445 ], [ 3.2323, 9.5759 ], [ 3.2534, 9.6099 ], [ 3.2561, 9.6397 ], [ 3.1648, 9.6664 ], [ 3.1268, 9.7014 ], [ 3.1201, 9.7177 ], [ 3.1145, 9.7778 ], [ 3.1072, 9.7869 ], [ 3.0856, 9.7956 ], [ 3.0194, 9.8078 ], [ 2.9712, 9.8433 ], [ 2.9578, 9.8458 ], [ 2.9293, 9.8448 ], [ 2.8918, 9.822 ], [ 2.8801, 9.8179 ], [ 2.8341, 9.8136 ], [ 2.8148, 9.7967 ], [ 2.8052, 9.7984 ], [ 2.7926, 9.7885 ], [ 2.7841, 9.7894 ], [ 2.7641, 9.7732 ], [ 2.7662, 9.7569 ], [ 2.7567, 9.7169 ], [ 2.7637, 9.6987 ], [ 2.7595, 9.6858 ], [ 2.7611, 9.6687 ] ] ] } },
{ "type": "Feature", "properties": { "iso3": "BEN", "unit_id": "35232949B66292058156113", "unit_name": "Sinende" }, "geometry": { "type": "Polygon", "coordinates": [ [ [ 2.2415, 10.5285 ], [ 2.1768, 10.4571 ], [ 2.1616, 10.4358 ], [ 2.1566, 10.4178 ], [ 2.1549, 10.381 ], [ 2.1568, 10.3553 ], [ 2.178, 10.3347 ], [ 2.2043, 10.3195 ], [ 2.2343, 10.2786 ], [ 2.2418, 10.2409 ], [ 2.247, 10.1878 ], [ 2.2622, 10.1508 ], [ 2.2357, 10.0947 ], [ 2.1973, 10.0823 ], [ 2.1628, 10.0756 ], [ 2.1367, 10.0761 ], [ 2.109, 10.0701 ], [ 2.0806, 10.0561 ], [ 2.0694, 10.043 ], [ 2.0696, 10.0349 ], [ 2.0827, 10.0326 ], [ 2.0805, 9.9982 ], [ 2.0702, 9.9722 ], [ 2.0822, 9.956 ], [ 2.0904, 9.9614 ], [ 2.0927, 9.9701 ], [ 2.1246, 9.9825 ], [ 2.1574, 9.9787 ], [ 2.2016, 9.9604 ], [ 2.2126, 9.9696 ], [ 2.2407, 9.9647 ], [ 2.2945, 9.9647 ], [ 2.3027, 9.9585 ], [ 2.3214, 9.9537 ], [ 2.3347, 9.9544 ], [ 2.3468, 9.9435 ], [ 2.387, 9.9244 ], [ 2.394, 9.9621 ], [ 2.4051, 9.9637 ], [ 2.4068, 9.9859 ], [ 2.4959, 9.9874 ], [ 2.5246, 9.9778 ], [ 2.5302, 9.9881 ], [ 2.5616, 10.0094 ], [ 2.5154, 10.0862 ], [ 2.4822, 10.0959 ], [ 2.4628, 10.1108 ], [ 2.4604, 10.1294 ], [ 2.4659, 10.1371 ], [ 2.4854, 10.1504 ], [ 2.4791, 10.1838 ], [ 2.4687, 10.1932 ], [ 2.4675, 10.2348 ], [ 2.4845, 10.2495 ], [ 2.4975, 10.2973 ], [ 2.5239, 10.3397 ], [ 2.5343, 10.3892 ], [ 2.5292, 10.426 ], [ 2.5358, 10.4401 ], [ 2.5327, 10.4553 ], [ 2.5377, 10.4851 ], [ 2.543, 10.4983 ], [ 2.545, 10.53 ], [ 2.4843, 10.5616 ], [ 2.4769, 10.5543 ], [ 2.4179, 10.5647 ], [ 2.4185, 10.5317 ], [ 2.2415, 10.5285 ] ] ] } },
{ "type": "Feature", "properties": { "iso3": "BEN", "unit_id": "35232949B44133227506281", "unit_name": "Tchaourou" }, "geometry": { "type": "Polygon", "coordinates": [ [ [ 2.7511, 9.4246 ], [ 2.7568, 9.4075 ], [ 2.7495, 9.3951 ], [ 2.7377, 9.3936 ], [ 2.7413, 9.3688 ], [ 2.7376, 9.3618 ], [ 2.7397, 9.3216 ], [ 2.7324, 9.3178 ], [ 2.7315, 9.3089 ], [ 2.7428, 9.2978 ], [ 2.733, 9.2871 ], [ 2.7351, 9.2714 ], [ 2.7261, 9.2727 ], [ 2.707, 9.2831 ], [ 2.6831, 9.2822 ], [ 2.6666, 9.2767 ], [ 2.6557, 9.2692 ], [ 2.641, 9.2676 ], [ 2.6305, 9.2618 ], [ 2.6185, 9.2456 ], [ 2.5751, 9.2489 ], [ 2.5273, 9.2796 ], [ 2.492, 9.307 ], [ 2.4636, 9.347 ], [ 2.4674, 9.3867 ], [ 2.4952, 9.4127 ], [ 2.5564, 9.4487 ], [ 2.5353, 9.4587 ], [ 2.4995, 9.4695 ], [ 2.4735, 9.4891 ], [ 2.4083, 9.5076 ], [ 2.3222, 9.5257 ], [ 2.3063, 9.5234 ], [ 2.294, 9.5303 ], [ 2.2859, 9.5474 ], [ 2.2792, 9.5536 ], [ 2.2796, 9.5674 ], [ 2.2614, 9.573 ], [ 2.26, 9.5865 ], [ 2.2499, 9.597 ], [ 2.2445, 9.6091 ], [ 2.2314, 9.6108 ], [ 2.2242, 9.6327 ], [ 2.2074, 9.6366 ], [ 2.199, 9.6423 ], [ 2.1913, 9.6397 ], [ 2.1891, 9.6438 ], [ 2.1944, 9.6591 ], [ 2.1995, 9.6605 ], [ 2.199, 9.6676 ], [ 2.1845, 9.6721 ], [ 2.1747, 9.683 ], [ 2.1597, 9.6859 ], [ 2.102, 9.3703 ], [ 2.0944, 9.3759 ], [ 2.0837, 9.3715 ], [ 2.0795, 9.3617 ], [ 2.0494, 9.3547 ], [ 2.0313, 9.3608 ], [ 1.9725, 9.3533 ], [ 1.9693, 9.3153 ], [ 1.9709, 9.2866 ], [ 1.9639, 9.2707 ], [ 1.9634, 9.2596 ], [ 1.9744, 9.2369 ], [ 1.9706, 9.2298 ], [ 1.9762, 9.2196 ], [ 1.9672, 9.2098 ], [ 1.9791, 9.1774 ], [ 1.9692, 9.1571 ], [ 1.969, 9.1474 ], [ 1.9876, 9.1267 ], [ 2.0187, 9.1222 ], [ 2.026, 9.1128 ], [ 2.0241, 9.1053 ], [ 2.0361, 9.0942 ], [ 2.0722, 9.074 ], [ 2.0827, 9.0745 ], [ 2.1088, 9.067 ], [ 2.1829, 9.0729 ], [ 2.1913, 9.0669 ], [ 2.1938, 9.0587 ], [ 2.2203, 9.0531 ], [ 2.2254, 9.0398 ], [ 2.212, 9.0306 ], [ 2.2125, 9.0044 ], [ 2.2244, 8.9918 ], [ 2.2244, 8.9879 ], [ 2.199, 8.9745 ], [ 2.1942, 8.9583 ], [ 2.187, 8.9509 ], [ 2.1949, 8.9208 ], [ 2.2072, 8.9224 ], [ 2.2097, 8.9202 ], [ 2.1998, 8.904 ], [ 2.2083, 8.8919 ], [ 2.2349, 8.8985 ], [ 2.2386, 8.8894 ], [ 2.2371, 8.8818 ], [ 2.2268, 8.8688 ], [ 2.2112, 8.832 ], [ 2.2083, 8.8177 ], [ 2.2023, 8.8096 ], [ 2.2022, 8.7954 ], [ 2.1852, 8.7642 ], [ 2.7284, 8.7727 ], [ 2.7393, 8.7942 ], [ 2.7449, 8.8 ], [ 2.7611, 8.8054 ], [ 2.7634, 8.8098 ], [ 2.7588, 8.8197 ], [ 2.7612, 8.8516 ], [ 2.7571, 8.8635 ], [ 2.7682, 8.8672 ], [ 2.7736, 8.8947 ], [ 2.7704, 8.9048 ], [ 2.7583, 8.9037 ], [ 2.7581, 8.9079 ], [ 2.7639, 8.9161 ], [ 2.7706, 8.9189 ], [ 2.7818, 8.9452 ], [ 2.7781, 8.9507 ], [ 2.7712, 8.9528 ], [ 2.7858, 8.9641 ], [ 2.7888, 8.9702 ], [ 2.7821, 8.9827 ], [ 2.7886, 8.9877 ], [ 2.7778, 8.9948 ], [ 2.7824, 9.0031 ], [ 2.7723, 9.0075 ], [ 2.772, 9.0107 ], [ 2.7841, 9.0194 ], [ 2.7742, 9.0261 ], [ 2.7825, 9.0318 ], [ 2.786, 9.0449 ], [ 2.7783, 9.0538 ], [ 2.7809, 9.0652 ], [ 2.8676, 9.0622 ], [ 2.8792, 9.0647 ], [ 2.8819, 9.0729 ], [ 2.896, 9.0837 ], [ 2.9534, 9.0926 ], [ 2.9564, 9.0924 ], [ 2.964, 9.0795 ], [ 2.9841, 9.0724 ], [ 3.0082, 9.0739 ], [ 3.0426, 9.0835 ], [ 3.0882, 9.1016 ], [ 3.0921, 9.1298 ], [ 3.1014, 9.1528 ], [ 3.1237, 9.1922 ], [ 3.1222, 9.2384 ], [ 3.1263, 9.2522 ], [ 3.15, 9.2726 ], [ 3.1572, 9.2825 ], [ 3.1583, 9.2914 ], [ 3.1519, 9.3215 ], [ 3.1515, 9.3395 ], [ 2.9362, 9.3418 ], [ 2.9294, 9.3473 ], [ 2.9118, 9.3512 ], [ 2.9117, 9.371 ], [ 2.9034, 9.3797 ], [ 2.8909, 9.3865 ], [ 2.8791, 9.3883 ], [ 2.8661, 9.3843 ], [ 2.8586, 9.391 ], [ 2.8094, 9.5325 ], [ 2.7985, 9.517 ], [ 2.8012, 9.5051 ], [ 2.7929, 9.4988 ], [ 2.7803, 9.4699 ], [ 2.7687, 9.4254 ], [ 2.7618, 9.4299 ], [ 2.7511, 9.4246 ] ] ] } },
{ "type": "Feature", "properties": { "iso3": "BEN", "unit_id": "35232949B61629248028967", "unit_name": "Bante" }, "geometry": { "type": "Polygon", "coordinates": [ [ [ 2.1189, 8.1265 ], [ 2.0886, 8.2183 ], [ 2.0877, 8.2479 ], [ 2.0968, 8.3302 ], [ 2.1082, 8.366 ], [ 2.1193, 8.4512 ], [ 2.1231, 8.4614 ], [ 2.1233, 8.478 ], [ 2.0931, 8.4996 ], [ 1.9928, 8.5078 ], [ 1.9907, 8.5199 ], [ 1.9858, 8.5251 ], [ 1.9516, 8.5382 ], [ 1.9464, 8.5548 ], [ 1.9333, 8.556 ], [ 1.9116, 8.5514 ], [ 1.8906, 8.5709 ], [ 1.8437, 8.5926 ], [ 1.817, 8.6218 ], [ 1.8015, 8.6259 ], [ 1.782, 8.6288 ], [ 1.7626, 8.6271 ], [ 1.7483, 8.62 ], [ 1.7338, 8.6051 ], [ 1.7245, 8.6026 ], [ 1.6972, 8.6029 ], [ 1.6783, 8.601 ], [ 1.6627, 8.5952 ], [ 1.6302, 8.5937 ], [ 1.6311, 8.5187 ], [ 1.649, 8.4908 ], [ 1.6502, 8.4777 ], [ 1.6302, 8.4495 ], [ 1.633, 8.4395 ], [ 1.6266, 8.429 ], [ 1.6278, 8.4143 ], [ 1.6197, 8.3741 ], [ 1.6243, 8.3531 ], [ 1.6318, 8.3413 ], [ 1.6339, 8.2083 ], [ 1.6506, 8.2028 ], [ 1.6707, 8.2063 ], [ 1.6744, 8.1795 ], [ 1.6828, 8.1803 ], [ 1.6951, 8.1702 ], [ 1.7185, 8.1717 ], [ 1.7318, 8.1661 ], [ 1.7443, 8.1528 ], [ 1.7487, 8.1373 ], [ 1.7571, 8.123 ], [ 1.7819, 8.121 ], [ 1.7925, 8.1232 ], [ 1.7984, 8.0965 ], [ 1.8148, 8.0712 ], [ 1.9779, 8.0677 ], [ 2.026, 8.0724 ], [ 2.0608, 8.0823 ], [ 2.1189, 8.1265 ] ] ] } },
{ "type": "Feature", "properties": { "iso3": "BEN", "unit_id": "35232949B96852233796433", "unit_name": "Dassa" }, "geometry": { "type": "Polygon", "coordinates": [ [ [ 2.4871, 7.6856 ], [ 2.4601, 7.7256 ], [ 2.458, 7.7427 ], [ 2.4611, 7.758 ], [ 2.4527, 7.7762 ], [ 2.4014, 7.8129 ], [ 2.3949, 7.8209 ], [ 2.3795, 7.8756 ], [ 2.3742, 7.9142 ], [ 2.3573, 7.9071 ], [ 2.2971, 7.8973 ], [ 2.2484, 7.8459 ], [ 2.2316, 7.8336 ], [ 2.2105, 7.8296 ], [ 2.1777, 7.8745 ], [ 2.1614, 7.9043 ], [ 2.1488, 7.9377 ], [ 2.1189, 7.9449 ], [ 2.1135, 7.9106 ], [ 2.1159, 7.8982 ], [ 2.0777, 7.8611 ], [ 2.0669, 7.831 ], [ 2.0549, 7.7815 ], [ 2.0427, 7.6964 ], [ 2.0464, 7.6718 ], [ 2.0821, 7.6381 ], [ 2.0934, 7.6099 ], [ 2.1101, 7.5891 ], [ 2.1167, 7.5865 ], [ 2.1246, 7.5915 ], [ 2.1294, 7.5903 ], [ 2.1259, 7.5751 ], [ 2.1339, 7.5608 ], [ 2.2539, 7.5295 ], [ 2.2726, 7.5201 ], [ 2.3504, 7.4674 ], [ 2.3845, 7.4524 ], [ 2.3989, 7.4503 ], [ 2.4055, 7.4428 ], [ 2.4064, 7.4563 ], [ 2.4207, 7.4884 ], [ 2.4543, 7.5497 ], [ 2.466, 7.5585 ], [ 2.4655, 7.5945 ], [ 2.462, 7.6098 ], [ 2.4704, 7.6425 ], [ 2.4871, 7.6856 ] ] ] } },
{ "type": "Feature", "properties": { "iso3": "BEN", "unit_id": "35232949B91847330177728", "unit_name": "Glazoue" }, "geometry": { "type": "Polygon", "coordinates": [ [ [ 2.0886, 8.2183 ], [ 2.1283, 8.1 ], [ 2.1273, 8.0846 ], [ 2.1172, 8.0473 ], [ 2.1075, 8.03 ], [ 2.1052, 8.0131 ], [ 2.1156, 7.9739 ], [ 2.1213, 7.9646 ], [ 2.1189, 7.9449 ], [ 2.1488, 7.9377 ], [ 2.1614, 7.9043 ], [ 2.1777, 7.8745 ], [ 2.2105, 7.8296 ], [ 2.2316, 7.8336 ], [ 2.2484, 7.8459 ], [ 2.2971, 7.8973 ], [ 2.3573, 7.9071 ], [ 2.3742, 7.9142 ], [ 2.3769, 7.9468 ], [ 2.3695, 7.9714 ], [ 2.3684, 7.994 ], [ 2.3768, 8.0103 ], [ 2.3741, 8.0171 ], [ 2.3581, 8.0234 ], [ 2.3572, 8.0316 ], [ 2.3726, 8.0565 ], [ 2.3526, 8.0801 ], [ 2.3388, 8.1048 ], [ 2.3395, 8.1288 ], [ 2.3441, 8.1348 ], [ 2.3669, 8.142 ], [ 2.3709, 8.1561 ], [ 2.369, 8.1728 ], [ 2.3304, 8.2494 ], [ 2.329, 8.3115 ], [ 2.341, 8.4255 ], [ 2.3362, 8.4383 ], [ 2.3196, 8.4519 ], [ 2.3023, 8.4558 ], [ 2.2884, 8.469 ], [ 2.2732, 8.4749 ], [ 2.2526, 8.4969 ], [ 2.2229, 8.5099 ], [ 2.2191, 8.5034 ], [ 2.1977, 8.5036 ], [ 2.1853, 8.4959 ], [ 2.1738, 8.5032 ], [ 2.1624, 8.5006 ], [ 2.1563, 8.5094 ], [ 2.1479, 8.5066 ], [ 2.1506, 8.4999 ], [ 2.1412, 8.4858 ], [ 2.1233, 8.478 ], [ 2.1231, 8.4614 ], [ 2.1193, 8.4512 ], [ 2.1082, 8.366 ], [ 2.0968, 8.3302 ], [ 2.0877, 8.2479 ], [ 2.0886, 8.2183 ] ] ] } },
{ "type": "Feature", "properties": { "iso3": "BEN", "unit_id": "35232949B63429449463596", "unit_name": "Ouesse" }, "geometry": { "type": "Polygon", "coordinates": [ [ [ 2.1852, 8.7642 ], [ 2.2042, 8.7363 ], [ 2.206, 8.7235 ], [ 2.203, 8.691 ], [ 2.2224, 8.6557 ], [ 2.2244, 8.6465 ], [ 2.2188, 8.6082 ], [ 2.2197, 8.5858 ], [ 2.2094, 8.5581 ], [ 2.2086, 8.5402 ], [ 2.2122, 8.523 ], [ 2.2229, 8.5099 ], [ 2.2526, 8.4969 ], [ 2.2732, 8.4749 ], [ 2.2884, 8.469 ], [ 2.3023, 8.4558 ], [ 2.3196, 8.4519 ], [ 2.3362, 8.4383 ], [ 2.341, 8.4255 ], [ 2.329, 8.3115 ], [ 2.3304, 8.2494 ], [ 2.369, 8.1728 ], [ 2.3709, 8.1561 ], [ 2.3669, 8.142 ], [ 2.383, 8.1307 ], [ 2.398, 8.1273 ], [ 2.4128, 8.1278 ], [ 2.4341, 8.1361 ], [ 2.4614, 8.1354 ], [ 2.4735, 8.1393 ], [ 2.4975, 8.1576 ], [ 2.4987, 8.301 ], [ 2.5236, 8.3029 ], [ 2.6177, 8.3311 ], [ 2.6608, 8.328 ], [ 2.6745, 8.3312 ], [ 2.6956, 8.3242 ], [ 2.6971, 8.3575 ], [ 2.7087, 8.3696 ], [ 2.714, 8.3872 ], [ 2.7069, 8.4203 ], [ 2.7146, 8.4315 ], [ 2.7261, 8.432 ], [ 2.7349, 8.4363 ], [ 2.7407, 8.445 ], [ 2.7442, 8.462 ], [ 2.7569, 8.4826 ], [ 2.75, 8.4898 ], [ 2.7507, 8.4934 ], [ 2.7618, 8.5053 ], [ 2.7619, 8.5226 ], [ 2.7495, 8.5331 ], [ 2.7588, 8.5616 ], [ 2.7491, 8.5834 ], [ 2.7491, 8.6404 ], [ 2.7376, 8.6549 ], [ 2.7394, 8.6608 ], [ 2.7461, 8.6666 ], [ 2.7413, 8.6778 ], [ 2.7504, 8.7003 ], [ 2.746, 8.7099 ], [ 2.744, 8.7442 ], [ 2.7337, 8.7577 ], [ 2.7284, 8.7727 ], [ 2.1852, 8.7642 ] ] ] } },
{ "type": "Feature", "properties": { "iso3": "BEN", "unit_id": "35232949B38159663650915", "unit_name": "Savalou" }, "geometry": { "type": "Polygon", "coordinates": [ [ [ 1.6339, 8.2083 ], [ 1.6363, 7.9884 ], [ 1.6303, 7.8401 ], [ 1.6362, 7.8031 ], [ 1.6314, 7.6611 ], [ 1.7386, 7.6418 ], [ 1.8621, 7.6552 ], [ 1.8841, 7.647 ], [ 1.9147, 7.6492 ], [ 1.94, 7.6412 ], [ 1.9594, 7.6235 ], [ 1.9685, 7.6117 ], [ 1.9663, 7.5996 ], [ 1.9797, 7.5947 ], [ 1.9867, 7.5804 ], [ 2.0018, 7.5763 ], [ 2.014, 7.5779 ], [ 2.0471, 7.5587 ], [ 2.0829, 7.5628 ], [ 2.0928, 7.5571 ], [ 2.1211, 7.5653 ], [ 2.1339, 7.5608 ], [ 2.1259, 7.5751 ], [ 2.1294, 7.5903 ], [ 2.1246, 7.5915 ], [ 2.1167, 7.5865 ], [ 2.1101, 7.5891 ], [ 2.0934, 7.6099 ], [ 2.0821, 7.6381 ], [ 2.0464, 7.6718 ], [ 2.0427, 7.6964 ], [ 2.0549, 7.7815 ], [ 2.0615, 7.8127 ], [ 2.0777, 7.8611 ], [ 2.1159, 7.8982 ], [ 2.1135, 7.9106 ], [ 2.1213, 7.9646 ], [ 2.1156, 7.9739 ], [ 2.1052, 8.0131 ], [ 2.1075, 8.03 ], [ 2.1172, 8.0473 ], [ 2.1273, 8.0846 ], [ 2.1283, 8.1 ], [ 2.1189, 8.1265 ], [ 2.0608, 8.0823 ], [ 2.026, 8.0724 ], [ 1.9779, 8.0677 ], [ 1.8148, 8.0712 ], [ 1.7984, 8.0965 ], [ 1.7925, 8.1232 ], [ 1.7819, 8.121 ], [ 1.7571, 8.123 ], [ 1.7487, 8.1373 ], [ 1.7443, 8.1528 ], [ 1.7318, 8.1661 ], [ 1.7185, 8.1717 ], [ 1.6951, 8.1702 ], [ 1.6828, 8.1803 ], [ 1.6744, 8.1795 ], [ 1.6707, 8.2063 ], [ 1.6506, 8.2028 ], [ 1.6339, 8.2083 ] ] ] } },
{ "type": "Feature", "properties": { "iso3": "BEN", "unit_id": "35232949B83546838359255", "unit_name": "Save" }, "geometry": { "type": "Polygon", "coordinates": [ [ [ 2.4871, 7.6856 ], [ 2.6786, 7.6862 ], [ 2.7295, 7.6898 ], [ 2.728, 7.7449 ], [ 2.7324, 7.7722 ], [ 2.7295, 7.7922 ], [ 2.7247, 7.8076 ], [ 2.7113, 7.8132 ], [ 2.7063, 7.8327 ], [ 2.6958, 7.8548 ], [ 2.6684, 7.8898 ], [ 2.6758, 7.8932 ], [ 2.6955, 7.9308 ], [ 2.7045, 7.9681 ], [ 2.7073, 8.0 ], [ 2.7233, 8.0611 ], [ 2.7288, 8.0668 ], [ 2.724, 8.0849 ], [ 2.7325, 8.1168 ], [ 2.7299, 8.1283 ], [ 2.7323, 8.1388 ], [ 2.7482, 8.1647 ], [ 2.7502, 8.2008 ], [ 2.7541, 8.2113 ], [ 2.7403, 8.2247 ], [ 2.7146, 8.2605 ], [ 2.6981, 8.3072 ], [ 2.6956, 8.3242 ], [ 2.6745, 8.3312 ], [ 2.6608, 8.328 ], [ 2.6177, 8.3311 ], [ 2.5236, 8.3029 ], [ 2.4987, 8.301 ], [ 2.4975, 8.1576 ], [ 2.4823, 8.1444 ], [ 2.4614, 8.1354 ], [ 2.4341, 8.1361 ], [ 2.4128, 8.1278 ], [ 2.398, 8.1273 ], [ 2.383, 8.1307 ], [ 2.3669, 8.142 ], [ 2.3441, 8.1348 ], [ 2.3395, 8.1288 ], [ 2.3388, 8.1048 ], [ 2.3526, 8.0801 ], [ 2.3726, 8.0565 ], [ 2.3572, 8.0316 ], [ 2.3581, 8.0234 ], [ 2.3741, 8.0171 ], [ 2.3768, 8.0103 ], [ 2.3684, 7.994 ], [ 2.3695, 7.9714 ], [ 2.3769, 7.9468 ], [ 2.3742, 7.9142 ], [ 2.3795, 7.8756 ], [ 2.3949, 7.8209 ], [ 2.4014, 7.8129 ], [ 2.4527, 7.7762 ], [ 2.4611, 7.758 ], [ 2.458, 7.7427 ], [ 2.4601, 7.7256 ], [ 2.4871, 7.6856 ] ] ] } },
{ "type": "Feature", "properties": { "iso3": "BEN", "unit_id": "35232949B86970305646275", "unit_name": "Aplahoue" }, "geometry": { "type": "Polygon", "coordinates": [ [ [ 1.7291, 6.9473 ], [ 1.7454, 7.0706 ], [ 1.7569, 7.093 ], [ 1.7913, 7.1229 ], [ 1.8181, 7.1787 ], [ 1.8316, 7.1993 ], [ 1.832, 7.2059 ], [ 1.8171, 7.2178 ], [ 1.8157, 7.2278 ], [ 1.8089, 7.233 ], [ 1.8051, 7.2574 ], [ 1.796, 7.2757 ], [ 1.7811, 7.2839 ], [ 1.779, 7.2914 ], [ 1.7712, 7.2932 ], [ 1.7571, 7.3107 ], [ 1.7471, 7.3102 ], [ 1.7471, 7.3406 ], [ 1.7376, 7.3611 ], [ 1.7363, 7.3746 ], [ 1.725, 7.3881 ], [ 1.7246, 7.4031 ], [ 1.7131, 7.435 ], [ 1.6975, 7.4434 ], [ 1.6757, 7.4947 ], [ 1.6533, 7.4945 ], [ 1.6439, 7.4855 ], [ 1.6352, 7.3794 ], [ 1.642, 6.9946 ], [ 1.6066, 6.9965 ], [ 1.5935, 6.9935 ], [ 1.5864, 6.9979 ], [ 1.5578, 6.9975 ], [ 1.5592, 6.9722 ], [ 1.5741, 6.9471 ], [ 1.5807, 6.9182 ], [ 1.6051, 6.9058 ], [ 1.6042, 6.8906 ], [ 1.6067, 6.8835 ], [ 1.6222, 6.8761 ], [ 1.6452, 6.8883 ], [ 1.6689, 6.9181 ], [ 1.7052, 6.9238 ], [ 1.7291, 6.9473 ] ] ] } },
{ "type": "Feature", "properties": { "iso3": "BEN", "unit_id": "35232949B41976909548804", "unit_name": "Djakotome" }, "geometry": { "type": "Polygon", "coordinates": [ [ [ 1.6067, 6.8835 ], [ 1.5945, 6.869 ], [ 1.6014, 6.8529 ], [ 1.5996, 6.8301 ], [ 1.604, 6.8271 ], [ 1.6132, 6.8288 ], [ 1.6148, 6.8251 ], [ 1.5985, 6.8122 ], [ 1.5966, 6.8064 ], [ 1.5989, 6.7998 ], [ 1.6107, 6.7982 ], [ 1.6127, 6.7924 ], [ 1.6079, 6.7816 ], [ 1.6471, 6.7851 ], [ 1.6749, 6.7918 ], [ 1.6878, 6.801 ], [ 1.7002, 6.8221 ], [ 1.7585, 6.8265 ], [ 1.77, 6.8529 ], [ 1.7672, 6.8829 ], [ 1.7598, 6.8945 ], [ 1.7625, 6.9058 ], [ 1.7541, 6.9131 ], [ 1.7518, 6.9209 ], [ 1.7694, 6.927 ], [ 1.7604, 6.9555 ], [ 1.7504, 6.9624 ], [ 1.7319, 6.9655 ], [ 1.7291, 6.9473 ], [ 1.7052, 6.9238 ], [ 1.6689, 6.9181 ], [ 1.6452, 6.8883 ], [ 1.6222, 6.8761 ], [ 1.6067, 6.8835 ] ] ] } },
{ "type": "Feature", "properties": { "iso3": "BEN", "unit_id": "35232949B66365593282296", "unit_name": "Dogbo-tota" }, "geometry": { "type": "Polygon", "coordinates": [ [ [ 1.6079, 6.7816 ], [ 1.6084, 6.7713 ], [ 1.6261, 6.7602 ], [ 1.6187, 6.7533 ], [ 1.6169, 6.7492 ], [ 1.6204, 6.7437 ], [ 1.6169, 6.74 ], [ 1.6084, 6.7366 ], [ 1.6001, 6.7262 ], [ 1.5925, 6.7255 ], [ 1.5916, 6.7129 ], [ 1.6762, 6.7129 ], [ 1.7035, 6.717 ], [ 1.7161, 6.7236 ], [ 1.7417, 6.722 ], [ 1.7521, 6.7248 ], [ 1.7719, 6.7438 ], [ 1.7781, 6.7542 ], [ 1.7949, 6.7489 ], [ 1.8399, 6.7713 ], [ 1.9023, 6.7671 ], [ 1.9196, 6.7815 ], [ 1.9211, 6.7786 ], [ 1.9238, 6.7964 ], [ 1.9069, 6.8095 ], [ 1.868, 6.8285 ], [ 1.77, 6.8529 ], [ 1.7585, 6.8265 ], [ 1.7002, 6.8221 ], [ 1.6878, 6.801 ], [ 1.6749, 6.7918 ], [ 1.6471, 6.7851 ], [ 1.6079, 6.7816 ] ] ] } },
{ "type": "Feature", "properties": { "iso3": "BEN", "unit_id": "35232949B25411085117448", "unit_name": "Klouekanme" }, "geometry": { "type": "Polygon", "coordinates": [ [ [ 1.7319, 6.9655 ], [ 1.7504, 6.9624 ], [ 1.7604, 6.9555 ], [ 1.7764, 6.9608 ], [ 1.7848, 6.9597 ], [ 1.8011, 6.9442 ], [ 1.8122, 6.9432 ], [ 1.8385, 6.9492 ], [ 1.8652, 6.9359 ], [ 1.8802, 6.934 ], [ 1.9143, 6.9622 ], [ 1.9335, 7.0284 ], [ 1.9172, 7.0403 ], [ 1.913, 7.0577 ], [ 1.8773, 7.0917 ], [ 1.8744, 7.1053 ], [ 1.8586, 7.1212 ], [ 1.8599, 7.1337 ], [ 1.8559, 7.1444 ], [ 1.8554, 7.1664 ], [ 1.8479, 7.1911 ], [ 1.8525, 7.1957 ], [ 1.8354, 7.1955 ], [ 1.8316, 7.1993 ], [ 1.8181, 7.1787 ], [ 1.7913, 7.1229 ], [ 1.7569, 7.093 ], [ 1.7454, 7.0706 ], [ 1.7319, 6.9655 ] ] ] } },
{ "type": "Feature", "properties": { "iso3": "BEN", "unit_id": "35232949B48601661395458", "unit_name": "Lalo" }, "geometry": { "type": "Polygon", "coordinates": [ [ [ 2.0331, 6.7233 ], [ 2.0326, 6.7755 ], [ 2.0518, 6.789 ], [ 2.0687, 6.8674 ], [ 2.078, 6.8796 ], [ 2.0997, 6.8934 ], [ 2.1003, 6.91 ], [ 2.0932, 6.9235 ], [ 2.0843, 6.9317 ], [ 2.0698, 6.9306 ], [ 2.046, 6.9174 ], [ 2.0302, 6.9136 ], [ 2.0057, 6.9163 ], [ 1.9902, 6.9244 ], [ 1.9893, 6.9489 ], [ 1.9847, 6.9681 ], [ 1.9732, 6.9764 ], [ 1.9673, 6.9976 ], [ 1.9624, 7.0004 ], [ 1.9572, 6.998 ], [ 1.9466, 7.0166 ], [ 1.9335, 7.0284 ], [ 1.9143, 6.9622 ], [ 1.8802, 6.934 ], [ 1.8652, 6.9359 ], [ 1.8732, 6.9074 ], [ 1.8581, 6.878 ], [ 1.8593, 6.8534 ], [ 1.851, 6.8325 ], [ 1.8803, 6.8236 ], [ 1.9069, 6.8095 ], [ 1.9238, 6.7964 ], [ 1.9211, 6.7786 ], [ 2.0331, 6.7233 ] ] ] } },
{ "type": "Feature", "properties": { "iso3": "BEN", "unit_id": "35232949B45966048311791", "unit_name": "Toviklin" }, "geometry": { "type": "Polygon", "coordinates": [ [ [ 1.77, 6.8529 ], [ 1.851, 6.8325 ], [ 1.8593, 6.8534 ], [ 1.8581, 6.878 ], [ 1.8732, 6.9074 ], [ 1.8652, 6.9359 ], [ 1.8385, 6.9492 ], [ 1.8122, 6.9432 ], [ 1.8011, 6.9442 ], [ 1.7848, 6.9597 ], [ 1.7764, 6.9608 ], [ 1.7604, 6.9555 ], [ 1.7694, 6.927 ], [ 1.7518, 6.9209 ], [ 1.7541, 6.9131 ], [ 1.7625, 6.9058 ], [ 1.7598, 6.8945 ], [ 1.7672, 6.8829 ], [ 1.77, 6.8529 ] ] ] } },
{ "type": "Feature", "properties": { "iso3": "BEN", "unit_id": "35232949B41088802124530", "unit_name": "Bassila" }, "geometry": { "type": "Polygon", "coordinates": [ [ [ 1.9725, 9.3533 ], [ 1.9642, 9.3534 ], [ 1.9467, 9.3664 ], [ 1.9322, 9.3726 ], [ 1.9226, 9.3882 ], [ 1.887, 9.3962 ], [ 1.8653, 9.3932 ], [ 1.8185, 9.3703 ], [ 1.8147, 9.3738 ], [ 1.8113, 9.4126 ], [ 1.8049, 9.4133 ], [ 1.7737, 9.4382 ], [ 1.7616, 9.4284 ], [ 1.7251, 9.4119 ], [ 1.6936, 9.3987 ], [ 1.6605, 9.3903 ], [ 1.5917, 9.3981 ], [ 1.5758, 9.4043 ], [ 1.552, 9.4283 ], [ 1.5519, 9.4415 ], [ 1.5394, 9.4595 ], [ 1.5251, 9.46 ], [ 1.4988, 9.4267 ], [ 1.4894, 9.4201 ], [ 1.4769, 9.4186 ], [ 1.4407, 9.388 ], [ 1.4282, 9.4014 ], [ 1.4016, 9.4135 ], [ 1.4031, 9.3549 ], [ 1.4081, 9.3345 ], [ 1.4209, 9.3074 ], [ 1.4474, 9.2827 ], [ 1.4621, 9.2548 ], [ 1.4777, 9.2369 ], [ 1.526, 9.1907 ], [ 1.5591, 9.1701 ], [ 1.5792, 9.1316 ], [ 1.5977, 9.1115 ], [ 1.6176, 9.0709 ], [ 1.616, 9.0634 ], [ 1.6248, 9.0423 ], [ 1.6297, 8.9991 ], [ 1.6224, 8.9546 ], [ 1.6297, 8.909 ], [ 1.6293, 8.8293 ], [ 1.6331, 8.7938 ], [ 1.6286, 8.6477 ], [ 1.6302, 8.5937 ], [ 1.6627, 8.5952 ], [ 1.6783, 8.601 ], [ 1.6972, 8.6029 ], [ 1.7245, 8.6026 ], [ 1.7338, 8.6051 ], [ 1.7483, 8.62 ], [ 1.7626, 8.6271 ], [ 1.782, 8.6288 ], [ 1.8015, 8.6259 ], [ 1.817, 8.6218 ], [ 1.8437, 8.5926 ], [ 1.8906, 8.5709 ], [ 1.9116, 8.5514 ], [ 1.9333, 8.556 ], [ 1.9464, 8.5548 ], [ 1.9516, 8.5382 ], [ 1.9858, 8.5251 ], [ 1.9907, 8.5199 ], [ 1.9928, 8.5078 ], [ 2.0931, 8.4996 ], [ 2.1233, 8.478 ], [ 2.1412, 8.4858 ], [ 2.1506, 8.4999 ], [ 2.1479, 8.5066 ], [ 2.1563, 8.5094 ], [ 2.1624, 8.5006 ], [ 2.1738, 8.5032 ], [ 2.1853, 8.4959 ], [ 2.1977, 8.5036 ], [ 2.2191, 8.5034 ], [ 2.2229, 8.5099 ], [ 2.2122, 8.523 ], [ 2.2086, 8.5402 ], [ 2.2094, 8.5581 ], [ 2.2197, 8.5858 ], [ 2.2188, 8.6082 ], [ 2.2244, 8.6465 ], [ 2.2224, 8.6557 ], [ 2.203, 8.691 ], [ 2.206, 8.7235 ], [ 2.2042, 8.7363 ], [ 2.1852, 8.7642 ], [ 2.2022, 8.7954 ], [ 2.2023, 8.8096 ], [ 2.2083, 8.8177 ], [ 2.2112, 8.832 ], [ 2.2268, 8.8688 ], [ 2.2371, 8.8818 ], [ 2.2386, 8.8894 ], [ 2.2349, 8.8985 ], [ 2.2083, 8.8919 ], [ 2.1998, 8.904 ], [ 2.2097, 8.9202 ], [ 2.2072, 8.9224 ], [ 2.1949, 8.9208 ], [ 2.187, 8.9509 ], [ 2.1942, 8.9583 ], [ 2.199, 8.9745 ], [ 2.2244, 8.9879 ], [ 2.2244, 8.9918 ], [ 2.2125, 9.0044 ], [ 2.212, 9.0306 ], [ 2.2254, 9.0398 ], [ 2.2203, 9.0531 ], [ 2.1938, 9.0587 ], [ 2.1913, 9.0669 ], [ 2.1829, 9.0729 ], [ 2.1088, 9.067 ], [ 2.0827, 9.0745 ], [ 2.0722, 9.074 ], [ 2.0361, 9.0942 ], [ 2.0241, 9.1053 ], [ 2.026, 9.1128 ], [ 2.0187, 9.1222 ], [ 1.9876, 9.1267 ], [ 1.9801, 9.133 ], [ 1.969, 9.1474 ], [ 1.9692, 9.1571 ], [ 1.9791, 9.1774 ], [ 1.9672, 9.2098 ], [ 1.9762, 9.2196 ], [ 1.9706, 9.2298 ], [ 1.9744, 9.2369 ], [ 1.9634, 9.2596 ], [ 1.9639, 9.2707 ], [ 1.9709, 9.2866 ], [ 1.9693, 9.3153 ], [ 1.9725, 9.3533 ] ] ] } },
{ "type": "Feature", "properties": { "iso3": "BEN", "unit_id": "35232949B73874757013670", "unit_name": "Djougou" }, "geometry": { "type": "Polygon", "coordinates": [ [ [ 1.7473, 10.0367 ], [ 1.7499, 9.9865 ], [ 1.7479, 9.9399 ], [ 1.7529, 9.9196 ], [ 1.7416, 9.9114 ], [ 1.7366, 9.8828 ], [ 1.7371, 9.8602 ], [ 1.7282, 9.8497 ], [ 1.6999, 9.836 ], [ 1.6914, 9.8198 ], [ 1.6803, 9.8091 ], [ 1.5843, 9.7595 ], [ 1.5787, 9.734 ], [ 1.5682, 9.709 ], [ 1.5398, 9.738 ], [ 1.5157, 9.7476 ], [ 1.4991, 9.7469 ], [ 1.4622, 9.7205 ], [ 1.4787, 9.7002 ], [ 1.4842, 9.6617 ], [ 1.4918, 9.6339 ], [ 1.5185, 9.6053 ], [ 1.5579, 9.5887 ], [ 1.5709, 9.5874 ], [ 1.5763, 9.5758 ], [ 1.5758, 9.5697 ], [ 1.5361, 9.5311 ], [ 1.5303, 9.5107 ], [ 1.5329, 9.4753 ], [ 1.5394, 9.4595 ], [ 1.5519, 9.4415 ], [ 1.552, 9.4283 ], [ 1.5758, 9.4043 ], [ 1.5917, 9.3981 ], [ 1.6605, 9.3903 ], [ 1.6936, 9.3987 ], [ 1.7251, 9.4119 ], [ 1.7616, 9.4284 ], [ 1.7737, 9.4382 ], [ 1.8049, 9.4133 ], [ 1.8113, 9.4126 ], [ 1.8147, 9.3738 ], [ 1.8185, 9.3703 ], [ 1.8653, 9.3932 ], [ 1.887, 9.3962 ], [ 1.9226, 9.3882 ], [ 1.9322, 9.3726 ], [ 1.9467, 9.3664 ], [ 1.9642, 9.3534 ], [ 2.0313, 9.3608 ], [ 2.0494, 9.3547 ], [ 2.0795, 9.3617 ], [ 2.0837, 9.3715 ], [ 2.0944, 9.3759 ], [ 2.102, 9.3703 ], [ 2.1597, 9.6859 ], [ 2.1566, 9.6916 ], [ 2.1713, 9.698 ], [ 2.1716, 9.7062 ], [ 2.1537, 9.7096 ], [ 2.1387, 9.719 ], [ 2.1332, 9.7166 ], [ 2.1327, 9.7086 ], [ 2.1261, 9.7092 ], [ 2.1193, 9.7055 ], [ 2.1043, 9.7185 ], [ 2.0987, 9.7198 ], [ 2.0911, 9.7496 ], [ 2.0767, 9.7586 ], [ 2.0844, 9.7648 ], [ 2.0854, 9.7867 ], [ 2.0719, 9.7998 ], [ 2.0728, 9.8124 ], [ 2.0663, 9.8226 ], [ 2.0715, 9.8274 ], [ 2.0672, 9.8334 ], [ 2.0592, 9.8356 ], [ 2.0513, 9.8491 ], [ 2.0916, 9.8956 ], [ 2.094, 9.9279 ], [ 2.0822, 9.956 ], [ 2.0702, 9.9722 ], [ 2.0805, 9.9982 ], [ 2.0827, 10.0326 ], [ 2.0696, 10.0349 ], [ 2.0446, 10.0253 ], [ 2.021, 10.0215 ], [ 1.9747, 10.0392 ], [ 1.7694, 10.0394 ], [ 1.7473, 10.0367 ] ] ] } },
{ "type": "Feature", "properties": { "iso3": "BEN", "unit_id": "35232949B99945118661491", "unit_name": "Kopargo" }, "geometry": { "type": "Polygon", "coordinates": [ [ [ 1.3552, 10.0 ], [ 1.362, 9.8281 ], [ 1.3863, 9.8286 ], [ 1.4092, 9.8214 ], [ 1.4319, 9.7809 ], [ 1.4459, 9.7302 ], [ 1.4622, 9.7205 ], [ 1.4991, 9.7469 ], [ 1.5157, 9.7476 ], [ 1.5398, 9.738 ], [ 1.5682, 9.709 ], [ 1.5787, 9.734 ], [ 1.5843, 9.7595 ], [ 1.6803, 9.8091 ], [ 1.6914, 9.8198 ], [ 1.6999, 9.836 ], [ 1.7282, 9.8497 ], [ 1.7371, 9.8602 ], [ 1.7382, 9.9 ], [ 1.7416, 9.9114 ], [ 1.7529, 9.9196 ], [ 1.7479, 9.9399 ], [ 1.7499, 9.9865 ], [ 1.7473, 10.0367 ], [ 1.6554, 9.9403 ], [ 1.544, 9.9408 ], [ 1.5294, 9.9462 ], [ 1.5047, 9.9734 ], [ 1.4888, 9.9712 ], [ 1.401, 9.9871 ], [ 1.3798, 10.0003 ], [ 1.3552, 10.0 ] ] ] } },
{ "type": "Feature", "properties": { "iso3": "BEN", "unit_id": "35232949B37875101803333", "unit_name": "Ouake" }, "geometry": { "type": "Polygon", "coordinates": [ [ [ 1.5394, 9.4595 ], [ 1.5329, 9.4753 ], [ 1.5303, 9.5107 ], [ 1.5361, 9.5311 ], [ 1.5758, 9.5697 ], [ 1.5763, 9.5758 ], [ 1.5709, 9.5874 ], [ 1.5579, 9.5887 ], [ 1.5185, 9.6053 ], [ 1.4918, 9.6339 ], [ 1.4842, 9.6617 ], [ 1.4787, 9.7002 ], [ 1.4622, 9.7205 ], [ 1.4459, 9.7302 ], [ 1.4319, 9.7809 ], [ 1.4092, 9.8214 ], [ 1.3863, 9.8286 ], [ 1.362, 9.8281 ], [ 1.3645, 9.7883 ], [ 1.3631, 9.6985 ], [ 1.3693, 9.6615 ], [ 1.3661, 9.6114 ], [ 1.3416, 9.5463 ], [ 1.3589, 9.5087 ], [ 1.3585, 9.4912 ], [ 1.3648, 9.4853 ], [ 1.3902, 9.4973 ], [ 1.4011, 9.4346 ], [ 1.4016, 9.4135 ], [ 1.4282, 9.4014 ], [ 1.4407, 9.388 ], [ 1.4769, 9.4186 ], [ 1.4894, 9.4201 ], [ 1.4988, 9.4267 ], [ 1.5251, 9.46 ], [ 1.5394, 9.4595 ] ] ] } },
{ "type": "Feature", "properties": { "iso3": "BEN", "unit_id": "35232949B58013724498931", "unit_name": "Cotonou" }, "geometry": { "type": "MultiPolygon", "coordinates": [ [ [ [ 2.3592, 6.3492 ], [ 2.429, 6.3415 ], [ 2.4332, 6.3425 ], [ 2.4189, 6.3477 ], [ 2.4336, 6.3504 ], [ 2.4316, 6.3442 ], [ 2.4344, 6.3509 ], [ 2.4445, 6.3506 ], [ 2.4365, 6.3678 ], [ 2.4347, 6.3889 ], [ 2.4277, 6.3927 ], [ 2.4176, 6.3894 ], [ 2.4192, 6.3911 ], [ 2.414, 6.3916 ], [ 2.4018, 6.4005 ], [ 2.3942, 6.3952 ], [ 2.3648, 6.3963 ], [ 2.3592, 6.3492 ] ] ], [ [ [ 2.4979, 6.3601 ], [ 2.4942, 6.3713 ], [ 2.4428, 6.3788 ], [ 2.4452, 6.3961 ], [ 2.4412, 6.3954 ], [ 2.4377, 6.3891 ], [ 2.439, 6.368 ], [ 2.4475, 6.3559 ], [ 2.4452, 6.3534 ], [ 2.4643, 6.3545 ], [ 2.4644, 6.3586 ], [ 2.4695, 6.3607 ], [ 2.4979, 6.3601 ] ] ] ] } },
{ "type": "Feature", "properties": { "iso3": "BEN", "unit_id": "35232949B4642682219782", "unit_name": "Athieme" }, "geometry": { "type": "Polygon", "coordinates": [ [ [ 1.7811, 6.4772 ], [ 1.7853, 6.5118 ], [ 1.7805, 6.5247 ], [ 1.7685, 6.5353 ], [ 1.7607, 6.5507 ], [ 1.7632, 6.559 ], [ 1.7731, 6.5674 ], [ 1.7702, 6.5776 ], [ 1.7714, 6.6004 ], [ 1.7773, 6.612 ], [ 1.7328, 6.6143 ], [ 1.6866, 6.6255 ], [ 1.6798, 6.6459 ], [ 1.6619, 6.6713 ], [ 1.6272, 6.6646 ], [ 1.6028, 6.6663 ], [ 1.6112, 6.6419 ], [ 1.6029, 6.6369 ], [ 1.6025, 6.6274 ], [ 1.6091, 6.6196 ], [ 1.6098, 6.6058 ], [ 1.6172, 6.5968 ], [ 1.6344, 6.5968 ], [ 1.6408, 6.5825 ], [ 1.6513, 6.5784 ], [ 1.6711, 6.585 ], [ 1.6759, 6.58 ], [ 1.666, 6.5629 ], [ 1.6686, 6.5577 ], [ 1.6734, 6.5558 ], [ 1.684, 6.5604 ], [ 1.6886, 6.5519 ], [ 1.6964, 6.5526 ], [ 1.6957, 6.5432 ], [ 1.7008, 6.5367 ], [ 1.7019, 6.5154 ], [ 1.6944, 6.5096 ], [ 1.6957, 6.5004 ], [ 1.7063, 6.4958 ], [ 1.7128, 6.4995 ], [ 1.7176, 6.4933 ], [ 1.7279, 6.4984 ], [ 1.7302, 6.4864 ], [ 1.7349, 6.4855 ], [ 1.7371, 6.4811 ], [ 1.7339, 6.4758 ], [ 1.7404, 6.474 ], [ 1.7506, 6.4639 ], [ 1.7472, 6.454 ], [ 1.753, 6.4501 ], [ 1.7755, 6.4615 ], [ 1.7811, 6.4772 ] ] ] } },
{ "type": "Feature", "properties": { "iso3": "BEN", "unit_id": "35232949B2316079882677", "unit_name": "Bopa" }, "geometry": { "type": "Polygon", "coordinates": [ [ [ 2.0331, 6.7233 ], [ 1.998, 6.7421 ], [ 1.9634, 6.7559 ], [ 1.9196, 6.7815 ], [ 1.9023, 6.7671 ], [ 1.8249, 6.7208 ], [ 1.8235, 6.6654 ], [ 1.8335, 6.6612 ], [ 1.8801, 6.623 ], [ 1.8929, 6.6048 ], [ 1.9025, 6.5815 ], [ 1.9406, 6.547 ], [ 1.9433, 6.5364 ], [ 1.9521, 6.5244 ], [ 1.9532, 6.5092 ], [ 1.9441, 6.5026 ], [ 1.9747, 6.4873 ], [ 1.9844, 6.504 ], [ 1.986, 6.5188 ], [ 1.979, 6.5828 ], [ 1.9803, 6.6189 ], [ 1.9906, 6.637 ], [ 1.9978, 6.6729 ], [ 2.0344, 6.6982 ], [ 2.0331, 6.7233 ] ] ] } },
{ "type": "Feature", "properties": { "iso3": "BEN", "unit_id": "35232949B51504335028939", "unit_name": "Come" }, "geometry": { "type": "Polygon", "coordinates": [ [ [ 1.9747, 6.4873 ], [ 1.9441, 6.5026 ], [ 1.9188, 6.5033 ], [ 1.909, 6.4846 ], [ 1.887, 6.4774 ], [ 1.8443, 6.4377 ], [ 1.8221, 6.4404 ], [ 1.8327, 6.3748 ], [ 1.8474, 6.3677 ], [ 1.9176, 6.3606 ], [ 1.9329, 6.3634 ], [ 1.9608, 6.3452 ], [ 1.9628, 6.3533 ], [ 1.9454, 6.3775 ], [ 1.9417, 6.4038 ], [ 1.9437, 6.4168 ], [ 1.9747, 6.4873 ] ] ] } },
{ "type": "Feature", "properties": { "iso3": "BEN", "unit_id": "35232949B73166341106650", "unit_name": "Grand-popo" }, "geometry": { "type": "MultiPolygon", "coordinates": [ [ [ [ 1.9608, 6.3452 ], [ 1.9329, 6.3634 ], [ 1.9176, 6.3606 ], [ 1.8474, 6.3677 ], [ 1.8327, 6.3748 ], [ 1.8167, 6.4766 ], [ 1.7811, 6.4772 ], [ 1.7755, 6.4615 ], [ 1.753, 6.4501 ], [ 1.7552, 6.4368 ], [ 1.7761, 6.416 ], [ 1.7694, 6.4117 ], [ 1.7694, 6.3983 ], [ 1.7742, 6.3944 ], [ 1.7708, 6.3917 ], [ 1.7723, 6.3774 ], [ 1.7802, 6.3723 ], [ 1.7839, 6.365 ], [ 1.7892, 6.3505 ], [ 1.7878, 6.3438 ], [ 1.7828, 6.339 ], [ 1.7979, 6.3128 ], [ 1.7975, 6.3072 ], [ 1.7892, 6.3029 ], [ 1.7954, 6.2932 ], [ 1.8019, 6.2907 ], [ 1.8067, 6.2842 ], [ 1.7993, 6.2806 ], [ 1.7699, 6.2822 ], [ 1.769, 6.2748 ], [ 1.7639, 6.2718 ], [ 1.749, 6.2711 ], [ 1.7098, 6.2572 ], [ 1.6942, 6.257 ], [ 1.6898, 6.2533 ], [ 1.6804, 6.2545 ], [ 1.6682, 6.2476 ], [ 1.6457, 6.2481 ], [ 1.6296, 6.2424 ], [ 1.6287, 6.2345 ], [ 1.8192, 6.2765 ], [ 1.9111, 6.2909 ], [ 1.9116, 6.296 ], [ 1.9026, 6.2919 ], [ 1.8985, 6.2937 ], [ 1.8858, 6.2897 ], [ 1.8807, 6.2915 ], [ 1.8722, 6.2885 ], [ 1.8593, 6.2886 ], [ 1.8575, 6.286 ], [ 1.8642, 6.2868 ], [ 1.8438, 6.2829 ], [ 1.85, 6.2878 ], [ 1.8438, 6.2932 ], [ 1.849, 6.29 ], [ 1.8724, 6.293 ], [ 1.8735, 6.2956 ], [ 1.8691, 6.294 ], [ 1.8681, 6.2969 ], [ 1.8747, 6.3007 ], [ 1.8742, 6.3033 ], [ 1.8938, 6.3057 ], [ 1.8879, 6.3093 ], [ 1.8951, 6.3169 ], [ 1.9216, 6.3162 ], [ 1.9481, 6.3084 ], [ 1.9614, 6.3128 ], [ 1.9678, 6.3088 ], [ 1.9728, 6.312 ], [ 1.976, 6.3101 ], [ 1.9795, 6.3174 ], [ 1.9667, 6.3242 ], [ 1.9585, 6.3351 ], [ 1.9608, 6.3452 ] ] ], [ [ [ 1.972, 6.3027 ], [ 1.9569, 6.3018 ], [ 1.9318, 6.2974 ], [ 1.958, 6.2993 ], [ 1.972, 6.3027 ] ] ], [ [ [ 1.9745, 6.307 ], [ 1.9635, 6.3069 ], [ 1.9604, 6.3022 ], [ 1.9723, 6.3031 ], [ 1.9745, 6.307 ] ] ], [ [ [ 1.9279, 6.3106 ], [ 1.9224, 6.3122 ], [ 1.9168, 6.307 ], [ 1.9265, 6.3082 ], [ 1.9279, 6.3106 ] ] ], [ [ [ 1.9283, 6.295 ], [ 1.9286, 6.2981 ], [ 1.9224, 6.2949 ], [ 1.9134, 6.2972 ], [ 1.9139, 6.2936 ], [ 1.9283, 6.295 ] ] ], [ [ [ 1.8614, 6.2907 ], [ 1.8539, 6.2905 ], [ 1.8521, 6.2875 ], [ 1.8614, 6.2907 ] ] ], [ [ [ 1.9471, 6.3064 ], [ 1.9314, 6.3037 ], [ 1.9489, 6.305 ], [ 1.9471, 6.3064 ] ] ], [ [ [ 1.9281, 6.3008 ], [ 1.9245, 6.3029 ], [ 1.9188, 6.3011 ], [ 1.9281, 6.3008 ] ] ], [ [ [ 1.9165, 6.3073 ], [ 1.9136, 6.3097 ], [ 1.9098, 6.308 ], [ 1.9108, 6.3069 ], [ 1.9165, 6.3073 ] ] ], [ [ [ 1.9065, 6.3103 ], [ 1.9015, 6.3106 ], [ 1.901, 6.3085 ], [ 1.9065, 6.3103 ] ] ], [ [ [ 1.9087, 6.3062 ], [ 1.9095, 6.3078 ], [ 1.9082, 6.307 ], [ 1.9087, 6.3056 ], [ 1.9147, 6.306 ], [ 1.9087, 6.3062 ] ] ], [ [ [ 1.8965, 6.2959 ], [ 1.8956, 6.2973 ], [ 1.893, 6.2966 ], [ 1.8965, 6.2959 ] ] ], [ [ [ 1.8876, 6.2917 ], [ 1.8858, 6.2924 ], [ 1.8848, 6.2907 ], [ 1.8876, 6.2917 ] ] ], [ [ [ 1.8987, 6.2985 ], [ 1.9006, 6.2992 ], [ 1.9002, 6.301 ], [ 1.8987, 6.2985 ] ] ], [ [ [ 1.8701, 6.2895 ], [ 1.873, 6.2907 ], [ 1.8694, 6.2902 ], [ 1.8701, 6.2895 ] ] ], [ [ [ 1.9128, 6.3137 ], [ 1.9126, 6.3147 ], [ 1.9113, 6.3134 ], [ 1.9128, 6.3137 ] ] ], [ [ [ 1.8846, 6.2907 ], [ 1.8843, 6.2917 ], [ 1.882, 6.2915 ], [ 1.8846, 6.2907 ] ] ], [ [ [ 1.9036, 6.2958 ], [ 1.9054, 6.2959 ], [ 1.9041, 6.2969 ], [ 1.9036, 6.2958 ] ] ] ] } },
{ "type": "Feature", "properties": { "iso3": "BEN", "unit_id": "35232949B40563284642562", "unit_name": "Houeyogbe" }, "geometry": { "type": "Polygon", "coordinates": [ [ [ 1.7811, 6.4772 ], [ 1.8167, 6.4766 ], [ 1.8221, 6.4404 ], [ 1.8443, 6.4377 ], [ 1.887, 6.4774 ], [ 1.909, 6.4846 ], [ 1.9188, 6.5033 ], [ 1.9441, 6.5026 ], [ 1.9532, 6.5092 ], [ 1.9521, 6.5244 ], [ 1.9433, 6.5364 ], [ 1.9406, 6.547 ], [ 1.9025, 6.5815 ], [ 1.8929, 6.6048 ], [ 1.8801, 6.623 ], [ 1.8335, 6.6612 ], [ 1.8235, 6.6654 ], [ 1.8138, 6.6483 ], [ 1.7773, 6.612 ], [ 1.7714, 6.6004 ], [ 1.7702, 6.5776 ], [ 1.7731, 6.5674 ], [ 1.7632, 6.559 ], [ 1.7607, 6.5507 ], [ 1.7685, 6.5353 ], [ 1.7805, 6.5247 ], [ 1.7853, 6.5118 ], [ 1.7811, 6.4772 ] ] ] } },
{ "type": "Feature", "properties": { "iso3": "BEN", "unit_id": "35232949B74695566890860", "unit_name": "Lokossa" }, "geometry": { "type": "Polygon", "coordinates": [ [ [ 1.5916, 6.7129 ], [ 1.59, 6.7034 ], [ 1.5739, 6.6882 ], [ 1.5896, 6.6839 ], [ 1.6028, 6.6663 ], [ 1.6272, 6.6646 ], [ 1.6619, 6.6713 ], [ 1.6798, 6.6459 ], [ 1.6866, 6.6255 ], [ 1.7328, 6.6143 ], [ 1.7773, 6.612 ], [ 1.8138, 6.6483 ], [ 1.8235, 6.6654 ], [ 1.8249, 6.7208 ], [ 1.9023, 6.7671 ], [ 1.8399, 6.7713 ], [ 1.7949, 6.7489 ], [ 1.7781, 6.7542 ], [ 1.7633, 6.734 ], [ 1.7521, 6.7248 ], [ 1.7417, 6.722 ], [ 1.7161, 6.7236 ], [ 1.7035, 6.717 ], [ 1.6762, 6.7129 ], [ 1.5916, 6.7129 ] ] ] } },
{ "type": "Feature", "properties": { "iso3": "BEN", "unit_id": "35232949B30518571966690", "unit_name": "Adjara" }, "geometry": { "type": "Polygon", "coordinates": [ [ [ 2.7203, 6.5078 ], [ 2.6991, 6.5143 ], [ 2.666, 6.5428 ], [ 2.6576, 6.5389 ], [ 2.6495, 6.5264 ], [ 2.6301, 6.5118 ], [ 2.6554, 6.4874 ], [ 2.6638, 6.4563 ], [ 2.6586, 6.4436 ], [ 2.6723, 6.4347 ], [ 2.6821, 6.4359 ], [ 2.7063, 6.4256 ], [ 2.7107, 6.4526 ], [ 2.7174, 6.4707 ], [ 2.7203, 6.5078 ] ] ] } },
{ "type": "Feature", "properties": { "iso3": "BEN", "unit_id": "35232949B60753280638451", "unit_name": "Adjohoun" }, "geometry": { "type": "Polygon", "coordinates": [ [ [ 2.4154, 6.6334 ], [ 2.4494, 6.6273 ], [ 2.4668, 6.6207 ], [ 2.5062, 6.6154 ], [ 2.5465, 6.6234 ], [ 2.5642, 6.6337 ], [ 2.5728, 6.6429 ], [ 2.5705, 6.7208 ], [ 2.5789, 6.7546 ], [ 2.5797, 6.7923 ], [ 2.4814, 6.7917 ], [ 2.435, 6.7931 ], [ 2.4188, 6.7967 ], [ 2.4153, 6.786 ], [ 2.4213, 6.776 ], [ 2.4234, 6.7543 ], [ 2.4363, 6.7465 ], [ 2.4109, 6.6855 ], [ 2.407, 6.6619 ], [ 2.4111, 6.6402 ], [ 2.4154, 6.6334 ] ] ] } },
{ "type": "Feature", "properties": { "iso3": "BEN", "unit_id": "35232949B31451918436063", "unit_name": "Aguegues" }, "geometry": { "type": "MultiPolygon", "coordinates": [ [ [ [ 2.4962, 6.489 ], [ 2.5022, 6.4876 ], [ 2.5019, 6.4922 ], [ 2.5035, 6.493 ], [ 2.5077, 6.4889 ], [ 2.5044, 6.4884 ], [ 2.5053, 6.4814 ], [ 2.4988, 6.4817 ], [ 2.4996, 6.4791 ], [ 2.5048, 6.4804 ], [ 2.4996, 6.4762 ], [ 2.5065, 6.4811 ], [ 2.4994, 6.4744 ], [ 2.5112, 6.4786 ], [ 2.5112, 6.4732 ], [ 2.5143, 6.4781 ], [ 2.5151, 6.4721 ], [ 2.5158, 6.4765 ], [ 2.52, 6.4698 ], [ 2.5241, 6.4701 ], [ 2.5231, 6.4652 ], [ 2.5208, 6.4667 ], [ 2.5228, 6.4634 ], [ 2.5254, 6.4649 ], [ 2.5215, 6.4613 ], [ 2.5244, 6.4544 ], [ 2.53, 6.4558 ], [ 2.5264, 6.4536 ], [ 2.5311, 6.451 ], [ 2.5426, 6.4335 ], [ 2.5431, 6.4265 ], [ 2.5908, 6.4502 ], [ 2.5805, 6.4961 ], [ 2.5657, 6.5042 ], [ 2.5265, 6.5485 ], [ 2.5006, 6.5172 ], [ 2.4953, 6.4999 ], [ 2.4962, 6.489 ] ] ], [ [ [ 2.5192, 6.4708 ], [ 2.5161, 6.4714 ], [ 2.5192, 6.4696 ], [ 2.5192, 6.4708 ] ] ], [ [ [ 2.5102, 6.4744 ], [ 2.5104, 6.4755 ], [ 2.5086, 6.4734 ], [ 2.5102, 6.4744 ] ] ] ] } },
{ "type": "Feature", "properties": { "iso3": "BEN", "unit_id": "35232949B98550471585414", "unit_name": "Akpro-misserete" }, "geometry": { "type": "Polygon", "coordinates": [ [ [ 2.5642, 6.6337 ], [ 2.5619, 6.6102 ], [ 2.572, 6.5951 ], [ 2.5759, 6.5761 ], [ 2.5584, 6.5288 ], [ 2.5493, 6.5251 ], [ 2.5657, 6.5042 ], [ 2.5805, 6.4961 ], [ 2.5868, 6.4999 ], [ 2.6101, 6.5278 ], [ 2.6183, 6.5577 ], [ 2.604, 6.5762 ], [ 2.6288, 6.6253 ], [ 2.5829, 6.6461 ], [ 2.5728, 6.6429 ], [ 2.5642, 6.6337 ] ] ] } },
{ "type": "Feature", "properties": { "iso3": "BEN", "unit_id": "35232949B90482462184976", "unit_name": "Avrankou" }, "geometry": { "type": "Polygon", "coordinates": [ [ [ 2.6991, 6.5143 ], [ 2.6922, 6.5605 ], [ 2.6777, 6.5864 ], [ 2.6559, 6.6164 ], [ 2.6459, 6.6156 ], [ 2.6288, 6.6253 ], [ 2.604, 6.5762 ], [ 2.6183, 6.5577 ], [ 2.6101, 6.5278 ], [ 2.6301, 6.5118 ], [ 2.6495, 6.5264 ], [ 2.6576, 6.5389 ], [ 2.666, 6.5428 ], [ 2.6991, 6.5143 ] ] ] } },
{ "type": "Feature", "properties": { "iso3": "BEN", "unit_id": "35232949B78657211305504", "unit_name": "Bonou" }, "geometry": { "type": "Polygon", "coordinates": [ [ [ 2.4188, 6.7967 ], [ 2.435, 6.7931 ], [ 2.4814, 6.7917 ], [ 2.5797, 6.7923 ], [ 2.5736, 6.8185 ], [ 2.558, 6.8444 ], [ 2.5526, 6.8743 ], [ 2.5492, 6.8793 ], [ 2.519, 6.8857 ], [ 2.5058, 6.8971 ], [ 2.5021, 6.9397 ], [ 2.5069, 6.962 ], [ 2.4101, 6.9552 ], [ 2.4115, 6.9482 ], [ 2.3964, 6.9411 ], [ 2.3885, 6.9331 ], [ 2.3882, 6.9217 ], [ 2.3951, 6.9156 ], [ 2.4062, 6.9139 ], [ 2.4103, 6.9026 ], [ 2.4146, 6.8591 ], [ 2.4364, 6.8246 ], [ 2.4188, 6.7967 ] ] ] } },
{ "type": "Feature", "properties": { "iso3": "BEN", "unit_id": "35232949B37656399474933", "unit_name": "Dangbo" }, "geometry": { "type": "Polygon", "coordinates": [ [ [ 2.5006, 6.5172 ], [ 2.5265, 6.5485 ], [ 2.543, 6.5287 ], [ 2.5493, 6.5251 ], [ 2.5584, 6.5288 ], [ 2.5759, 6.5761 ], [ 2.572, 6.5951 ], [ 2.5619, 6.6102 ], [ 2.5642, 6.6337 ], [ 2.5465, 6.6234 ], [ 2.5062, 6.6154 ], [ 2.4668, 6.6207 ], [ 2.4494, 6.6273 ], [ 2.4154, 6.6334 ], [ 2.4353, 6.5487 ], [ 2.4774, 6.5241 ], [ 2.5006, 6.5172 ] ] ] } },
{ "type": "Feature", "properties": { "iso3": "BEN", "unit_id": "35232949B30328386200816", "unit_name": "Porto-novo" }, "geometry": { "type": "Polygon", "coordinates": [ [ [ 2.6554, 6.4874 ], [ 2.6101, 6.5278 ], [ 2.5868, 6.4999 ], [ 2.5805, 6.4961 ], [ 2.5908, 6.4502 ], [ 2.6235, 6.4586 ], [ 2.6586, 6.4436 ], [ 2.6638, 6.4563 ], [ 2.6554, 6.4874 ] ] ] } },
{ "type": "Feature", "properties": { "iso3": "BEN", "unit_id": "35232949B62602844336289", "unit_name": "Seme-kpodji" }, "geometry": { "type": "Polygon", "coordinates": [ [ [ 2.4979, 6.3601 ], [ 2.6118, 6.3643 ], [ 2.7094, 6.3757 ], [ 2.7063, 6.4256 ], [ 2.6821, 6.4359 ], [ 2.6723, 6.4347 ], [ 2.6586, 6.4436 ], [ 2.6235, 6.4586 ], [ 2.6095, 6.457 ], [ 2.5431, 6.4265 ], [ 2.5453, 6.4175 ], [ 2.5484, 6.4196 ], [ 2.5494, 6.4118 ], [ 2.5427, 6.4087 ], [ 2.5393, 6.4024 ], [ 2.5079, 6.4114 ], [ 2.494, 6.4071 ], [ 2.4945, 6.401 ], [ 2.5112, 6.3968 ], [ 2.5025, 6.3846 ], [ 2.4889, 6.3843 ], [ 2.4698, 6.3923 ], [ 2.4452, 6.3961 ], [ 2.4428, 6.3788 ], [ 2.4942, 6.3713 ], [ 2.4979, 6.3601 ] ] ] } },
{ "type": "Feature", "properties": { "iso3": "BEN", "unit_id": "35232949B38101943496657", "unit_name": "Adja-ouere" }, "geometry": { "type": "Polygon", "coordinates": [ [ [ 2.5544, 6.8643 ], [ 2.6103, 6.8712 ], [ 2.6624, 6.8525 ], [ 2.677, 6.8655 ], [ 2.6846, 6.8869 ], [ 2.7006, 6.9016 ], [ 2.7381, 6.9151 ], [ 2.7479, 6.9283 ], [ 2.7269, 6.9304 ], [ 2.72, 6.9348 ], [ 2.7189, 6.9533 ], [ 2.6976, 6.9496 ], [ 2.6729, 6.9507 ], [ 2.6541, 6.9577 ], [ 2.6406, 6.9899 ], [ 2.6282, 7.0446 ], [ 2.6091, 7.0547 ], [ 2.601, 7.0669 ], [ 2.5923, 7.0926 ], [ 2.5997, 7.1108 ], [ 2.6195, 7.1397 ], [ 2.6312, 7.1723 ], [ 2.6281, 7.1776 ], [ 2.6162, 7.1743 ], [ 2.6011, 7.1838 ], [ 2.5877, 7.1864 ], [ 2.5701, 7.1836 ], [ 2.5371, 7.1867 ], [ 2.5182, 7.1707 ], [ 2.5294, 7.1345 ], [ 2.536, 7.092 ], [ 2.5519, 7.0564 ], [ 2.5556, 7.0332 ], [ 2.5541, 6.9989 ], [ 2.5344, 6.9888 ], [ 2.5078, 6.9607 ], [ 2.5021, 6.9397 ], [ 2.5058, 6.8971 ], [ 2.519, 6.8857 ], [ 2.5492, 6.8793 ], [ 2.5544, 6.8643 ] ] ] } },
{ "type": "Feature", "properties": { "iso3": "BEN", "unit_id": "35232949B7894031514459", "unit_name": "Ifangni" }, "geometry": { "type": "Polygon", "coordinates": [ [ [ 2.7203, 6.5078 ], [ 2.7247, 6.5264 ], [ 2.7293, 6.5344 ], [ 2.7429, 6.5454 ], [ 2.7506, 6.5574 ], [ 2.7531, 6.5705 ], [ 2.7447, 6.5838 ], [ 2.7314, 6.6308 ], [ 2.7525, 6.6657 ], [ 2.7866, 6.6948 ], [ 2.786, 6.7233 ], [ 2.7895, 6.7481 ], [ 2.7863, 6.7546 ], [ 2.7787, 6.7592 ], [ 2.7514, 6.7461 ], [ 2.7001, 6.7319 ], [ 2.6637, 6.6945 ], [ 2.6627, 6.643 ], [ 2.6559, 6.6164 ], [ 2.6922, 6.5605 ], [ 2.6991, 6.5143 ], [ 2.7203, 6.5078 ] ] ] } },
{ "type": "Feature", "properties": { "iso3": "BEN", "unit_id": "35232949B76725081556346", "unit_name": "Ketou" }, "geometry": { "type": "Polygon", "coordinates": [ [ [ 2.4055, 7.4428 ], [ 2.4273, 7.4109 ], [ 2.4307, 7.3924 ], [ 2.4249, 7.3778 ], [ 2.4253, 7.3638 ], [ 2.4349, 7.3389 ], [ 2.4398, 7.314 ], [ 2.4531, 7.2976 ], [ 2.4672, 7.2885 ], [ 2.5021, 7.2528 ], [ 2.5371, 7.1867 ], [ 2.6011, 7.1838 ], [ 2.6233, 7.1958 ], [ 2.6355, 7.2061 ], [ 2.6457, 7.2072 ], [ 2.7801, 7.2018 ], [ 2.7742, 7.2344 ], [ 2.7495, 7.2611 ], [ 2.7476, 7.4174 ], [ 2.7858, 7.4187 ], [ 2.7992, 7.4265 ], [ 2.7982, 7.4825 ], [ 2.7929, 7.4945 ], [ 2.7752, 7.5107 ], [ 2.7548, 7.5213 ], [ 2.7495, 7.5275 ], [ 2.7461, 7.5558 ], [ 2.7362, 7.5652 ], [ 2.7303, 7.5802 ], [ 2.7254, 7.648 ], [ 2.7295, 7.6898 ], [ 2.6786, 7.6862 ], [ 2.4871, 7.6856 ], [ 2.4704, 7.6425 ], [ 2.462, 7.6098 ], [ 2.4655, 7.5945 ], [ 2.466, 7.5585 ], [ 2.4543, 7.5497 ], [ 2.4207, 7.4884 ], [ 2.4064, 7.4563 ], [ 2.4055, 7.4428 ] ] ] } },
{ "type": "Feature", "properties": { "iso3": "BEN", "unit_id": "35232949B7652612145795", "unit_name": "Pobe" }, "geometry": { "type": "Polygon", "coordinates": [ [ [ 2.7189, 6.9533 ], [ 2.7206, 6.9865 ], [ 2.7292, 6.998 ], [ 2.7529, 7.0193 ], [ 2.7926, 7.0413 ], [ 2.7529, 7.0773 ], [ 2.7451, 7.0927 ], [ 2.7451, 7.0991 ], [ 2.7506, 7.1058 ], [ 2.7673, 7.117 ], [ 2.7753, 7.1282 ], [ 2.7849, 7.1592 ], [ 2.7801, 7.2018 ], [ 2.7301, 7.2057 ], [ 2.6355, 7.2061 ], [ 2.6233, 7.1958 ], [ 2.6011, 7.1838 ], [ 2.6162, 7.1743 ], [ 2.6281, 7.1776 ], [ 2.6312, 7.1723 ], [ 2.6195, 7.1397 ], [ 2.5997, 7.1108 ], [ 2.5923, 7.0926 ], [ 2.5939, 7.0835 ], [ 2.6091, 7.0547 ], [ 2.6282, 7.0446 ], [ 2.6406, 6.9899 ], [ 2.6541, 6.9577 ], [ 2.6729, 6.9507 ], [ 2.6976, 6.9496 ], [ 2.7189, 6.9533 ] ] ] } },
{ "type": "Feature", "properties": { "iso3": "BEN", "unit_id": "35232949B77032044341968", "unit_name": "Sakete" }, "geometry": { "type": "Polygon", "coordinates": [ [ [ 2.5728, 6.6429 ], [ 2.5829, 6.6461 ], [ 2.6188, 6.6315 ], [ 2.6459, 6.6156 ], [ 2.6559, 6.6164 ], [ 2.6627, 6.643 ], [ 2.6637, 6.6945 ], [ 2.7001, 6.7319 ], [ 2.7514, 6.7461 ], [ 2.7787, 6.7592 ], [ 2.7518, 6.7591 ], [ 2.7391, 6.7653 ], [ 2.7293, 6.7901 ], [ 2.7298, 6.8086 ], [ 2.7492, 6.8393 ], [ 2.7447, 6.8471 ], [ 2.7438, 6.8566 ], [ 2.7505, 6.8851 ], [ 2.7515, 6.9124 ], [ 2.7479, 6.9283 ], [ 2.7381, 6.9151 ], [ 2.7006, 6.9016 ], [ 2.6846, 6.8869 ], [ 2.677, 6.8655 ], [ 2.6624, 6.8525 ], [ 2.6103, 6.8712 ], [ 2.5544, 6.8643 ], [ 2.558, 6.8444 ], [ 2.5775, 6.8081 ], [ 2.5812, 6.7767 ], [ 2.5751, 6.7336 ], [ 2.5705, 6.7208 ], [ 2.5728, 6.6429 ] ] ] } },
{ "type": "Feature", "properties": { "iso3": "BEN", "unit_id": "35232949B78901018108840", "unit_name": "Abomey" }, "geometry": { "type": "Polygon", "coordinates": [ [ [ 2.0306, 7.152 ], [ 2.0279, 7.159 ], [ 2.038, 7.1707 ], [ 2.0396, 7.1857 ], [ 2.025, 7.2003 ], [ 2.0341, 7.2189 ], [ 2.009, 7.2338 ], [ 1.9857, 7.2318 ], [ 1.9398, 7.2401 ], [ 1.933, 7.2438 ], [ 1.8965, 7.244 ], [ 1.8859, 7.2386 ], [ 1.8853, 7.2342 ], [ 1.8906, 7.2253 ], [ 1.9116, 7.2075 ], [ 1.914, 7.2018 ], [ 1.9015, 7.1627 ], [ 1.9204, 7.1622 ], [ 1.9519, 7.1552 ], [ 1.9645, 7.1476 ], [ 1.9695, 7.1392 ], [ 1.9738, 7.1198 ], [ 1.977, 7.1186 ], [ 1.987, 7.1187 ], [ 2.0173, 7.1284 ], [ 2.0294, 7.1378 ], [ 2.0306, 7.152 ] ] ] } },
{ "type": "Feature", "properties": { "iso3": "BEN", "unit_id": "35232949B61259687617627", "unit_name": "Agbangnizoun" }, "geometry": { "type": "Polygon", "coordinates": [ [ [ 1.9172, 7.0403 ], [ 1.9466, 7.0166 ], [ 1.9572, 6.998 ], [ 1.9624, 7.0004 ], [ 1.9673, 6.9976 ], [ 1.9906, 7.0095 ], [ 2.0141, 7.0298 ], [ 2.0338, 7.0907 ], [ 2.0471, 7.1191 ], [ 2.0574, 7.1324 ], [ 2.0306, 7.152 ], [ 2.0294, 7.1378 ], [ 2.0173, 7.1284 ], [ 1.987, 7.1187 ], [ 1.977, 7.1186 ], [ 1.9738, 7.1198 ], [ 1.9695, 7.1392 ], [ 1.9645, 7.1476 ], [ 1.9519, 7.1552 ], [ 1.9204, 7.1622 ], [ 1.8806, 7.1593 ], [ 1.864, 7.1459 ], [ 1.8559, 7.1444 ], [ 1.8599, 7.1337 ], [ 1.8586, 7.1212 ], [ 1.8744, 7.1053 ], [ 1.8773, 7.0917 ], [ 1.913, 7.0577 ], [ 1.9172, 7.0403 ] ] ] } },
{ "type": "Feature", "properties": { "iso3": "BEN", "unit_id": "35232949B70931103579359", "unit_name": "Bohicon" }, "geometry": { "type": "Polygon", "coordinates": [ [ [ 2.0306, 7.152 ], [ 2.0574, 7.1324 ], [ 2.0838, 7.1237 ], [ 2.122, 7.129 ], [ 2.2004, 7.1237 ], [ 2.1947, 7.1381 ], [ 2.1797, 7.1573 ], [ 2.173, 7.1886 ], [ 2.1605, 7.1976 ], [ 2.1482, 7.1989 ], [ 2.1187, 7.1874 ], [ 2.1076, 7.1905 ], [ 2.1006, 7.2033 ], [ 2.0836, 7.2743 ], [ 2.0695, 7.2685 ], [ 2.0504, 7.2302 ], [ 2.0456, 7.224 ], [ 2.0341, 7.2189 ], [ 2.0299, 7.2072 ], [ 2.0255, 7.2058 ], [ 2.025, 7.2003 ], [ 2.0396, 7.1857 ], [ 2.038, 7.1707 ], [ 2.0279, 7.159 ], [ 2.0306, 7.152 ] ] ] } },
{ "type": "Feature", "properties": { "iso3": "BEN", "unit_id": "35232949B4972627720752", "unit_name": "Cove" }, "geometry": { "type": "Polygon", "coordinates": [ [ [ 2.1339, 7.5608 ], [ 2.1486, 7.5429 ], [ 2.1575, 7.5441 ], [ 2.1735, 7.539 ], [ 2.1909, 7.5189 ], [ 2.1925, 7.5112 ], [ 2.1865, 7.5062 ], [ 2.2013, 7.4891 ], [ 2.2043, 7.4422 ], [ 2.1963, 7.4395 ], [ 2.1974, 7.4348 ], [ 2.2143, 7.4282 ], [ 2.2285, 7.4009 ], [ 2.2229, 7.3877 ], [ 2.2264, 7.3709 ], [ 2.242, 7.3262 ], [ 2.2542, 7.3101 ], [ 2.26, 7.2966 ], [ 2.255, 7.2905 ], [ 2.2572, 7.2787 ], [ 2.2693, 7.2616 ], [ 2.2627, 7.25 ], [ 2.2797, 7.2302 ], [ 2.2804, 7.216 ], [ 2.2973, 7.1761 ], [ 2.2994, 7.1581 ], [ 2.3078, 7.1428 ], [ 2.3155, 7.0983 ], [ 2.3346, 7.0832 ], [ 2.3584, 7.133 ], [ 2.3651, 7.1552 ], [ 2.3703, 7.2349 ], [ 2.3646, 7.2498 ], [ 2.3562, 7.2577 ], [ 2.3341, 7.2593 ], [ 2.3224, 7.2669 ], [ 2.3202, 7.2924 ], [ 2.3281, 7.3302 ], [ 2.3151, 7.4105 ], [ 2.3054, 7.4458 ], [ 2.2726, 7.5201 ], [ 2.2539, 7.5295 ], [ 2.1339, 7.5608 ] ] ] } },
{ "type": "Feature", "properties": { "iso3": "BEN", "unit_id": "35232949B86663502334169", "unit_name": "Djidja" }, "geometry": { "type": "Polygon", "coordinates": [ [ [ 1.6314, 7.6611 ], [ 1.6374, 7.6404 ], [ 1.6505, 7.614 ], [ 1.6484, 7.5676 ], [ 1.6529, 7.534 ], [ 1.6598, 7.5207 ], [ 1.6683, 7.5177 ], [ 1.6759, 7.5048 ], [ 1.6757, 7.4947 ], [ 1.6975, 7.4434 ], [ 1.7131, 7.435 ], [ 1.7246, 7.4031 ], [ 1.725, 7.3881 ], [ 1.7363, 7.3746 ], [ 1.7376, 7.3611 ], [ 1.7471, 7.3406 ], [ 1.7471, 7.3102 ], [ 1.7571, 7.3107 ], [ 1.7712, 7.2932 ], [ 1.779, 7.2914 ], [ 1.7811, 7.2839 ], [ 1.796, 7.2757 ], [ 1.8051, 7.2574 ], [ 1.8089, 7.233 ], [ 1.8157, 7.2278 ], [ 1.8171, 7.2178 ], [ 1.832, 7.2059 ], [ 1.8316, 7.1993 ], [ 1.8354, 7.1955 ], [ 1.8525, 7.1957 ], [ 1.8479, 7.1911 ], [ 1.8554, 7.1664 ], [ 1.8559, 7.1444 ], [ 1.864, 7.1459 ], [ 1.8806, 7.1593 ], [ 1.9015, 7.1627 ], [ 1.914, 7.2018 ], [ 1.9116, 7.2075 ], [ 1.8869, 7.2302 ], [ 1.8859, 7.2386 ], [ 1.8902, 7.2423 ], [ 1.933, 7.2438 ], [ 1.9398, 7.2401 ], [ 1.9857, 7.2318 ], [ 2.009, 7.2338 ], [ 2.0341, 7.2189 ], [ 2.0456, 7.224 ], [ 2.0504, 7.2302 ], [ 2.0695, 7.2685 ], [ 2.0977, 7.2823 ], [ 2.106, 7.2938 ], [ 2.1151, 7.3249 ], [ 2.1223, 7.3345 ], [ 2.1451, 7.3322 ], [ 2.1757, 7.3373 ], [ 2.2059, 7.3367 ], [ 2.221, 7.3422 ], [ 2.2383, 7.3387 ], [ 2.2229, 7.3877 ], [ 2.2285, 7.4009 ], [ 2.2143, 7.4282 ], [ 2.1974, 7.4348 ], [ 2.1963, 7.4395 ], [ 2.2043, 7.4422 ], [ 2.2013, 7.4891 ], [ 2.1865, 7.5062 ], [ 2.1925, 7.5112 ], [ 2.1909, 7.5189 ], [ 2.1735, 7.539 ], [ 2.1575, 7.5441 ], [ 2.1486, 7.5429 ], [ 2.1339, 7.5608 ], [ 2.1211, 7.5653 ], [ 2.0928, 7.5571 ], [ 2.0829, 7.5628 ], [ 2.0471, 7.5587 ], [ 2.014, 7.5779 ], [ 2.0018, 7.5763 ], [ 1.9867, 7.5804 ], [ 1.9797, 7.5947 ], [ 1.9663, 7.5996 ], [ 1.9685, 7.6117 ], [ 1.9594, 7.6235 ], [ 1.94, 7.6412 ], [ 1.9147, 7.6492 ], [ 1.8841, 7.647 ], [ 1.8621, 7.6552 ], [ 1.7386, 7.6418 ], [ 1.6314, 7.6611 ] ] ] } },
{ "type": "Feature", "properties": { "iso3": "BEN", "unit_id": "35232949B93762252935268", "unit_name": "Ouinhi" }, "geometry": { "type": "Polygon", "coordinates": [ [ [ 2.4038, 6.9568 ], [ 2.5078, 6.9607 ], [ 2.5344, 6.9888 ], [ 2.5541, 6.9989 ], [ 2.5556, 7.0332 ], [ 2.5519, 7.0564 ], [ 2.536, 7.092 ], [ 2.5294, 7.1345 ], [ 2.5182, 7.1707 ], [ 2.5122, 7.1803 ], [ 2.5022, 7.1856 ], [ 2.4914, 7.1855 ], [ 2.4688, 7.1967 ], [ 2.4456, 7.1989 ], [ 2.4314, 7.1903 ], [ 2.4105, 7.1597 ], [ 2.4119, 7.1522 ], [ 2.4191, 7.1436 ], [ 2.4163, 7.1306 ], [ 2.4184, 7.1242 ], [ 2.4279, 7.1134 ], [ 2.4244, 7.1054 ], [ 2.4093, 7.1044 ], [ 2.4088, 7.0981 ], [ 2.4125, 7.0912 ], [ 2.4285, 7.0831 ], [ 2.4269, 7.0712 ], [ 2.4331, 7.0612 ], [ 2.4299, 7.054 ], [ 2.4091, 7.0552 ], [ 2.4062, 7.0433 ], [ 2.4098, 7.005 ], [ 2.4039, 6.9969 ], [ 2.401, 6.9758 ], [ 2.4132, 6.9706 ], [ 2.4053, 6.9638 ], [ 2.4038, 6.9568 ] ] ] } },
{ "type": "Feature", "properties": { "iso3": "BEN", "unit_id": "35232949B20767995305976", "unit_name": "Za-kpota" }, "geometry": { "type": "Polygon", "coordinates": [ [ [ 2.2004, 7.1237 ], [ 2.291, 7.1243 ], [ 2.3132, 7.1213 ], [ 2.3078, 7.1428 ], [ 2.2994, 7.1581 ], [ 2.2973, 7.1761 ], [ 2.2804, 7.216 ], [ 2.2797, 7.2302 ], [ 2.2627, 7.25 ], [ 2.2693, 7.2616 ], [ 2.2572, 7.2787 ], [ 2.255, 7.2905 ], [ 2.26, 7.2966 ], [ 2.2542, 7.3101 ], [ 2.242, 7.3262 ], [ 2.2383, 7.3387 ], [ 2.221, 7.3422 ], [ 2.2059, 7.3367 ], [ 2.1757, 7.3373 ], [ 2.1451, 7.3322 ], [ 2.1223, 7.3345 ], [ 2.1151, 7.3249 ], [ 2.106, 7.2938 ], [ 2.0977, 7.2823 ], [ 2.0836, 7.2743 ], [ 2.1006, 7.2033 ], [ 2.1115, 7.1878 ], [ 2.1306, 7.191 ], [ 2.1482, 7.1989 ], [ 2.1605, 7.1976 ], [ 2.173, 7.1886 ], [ 2.1797, 7.1573 ], [ 2.1947, 7.1381 ], [ 2.2004, 7.1237 ] ] ] } },
{ "type": "Feature", "properties": { "iso3": "BEN", "unit_id": "35232949B16484950680988", "unit_name": "Zangnanado" }, "geometry": { "type": "Polygon", "coordinates": [ [ [ 2.2726, 7.5201 ], [ 2.3054, 7.4458 ], [ 2.3151, 7.4105 ], [ 2.3281, 7.3302 ], [ 2.3202, 7.2924 ], [ 2.3224, 7.2669 ], [ 2.3341, 7.2593 ], [ 2.3562, 7.2577 ], [ 2.3646, 7.2498 ], [ 2.3703, 7.2349 ], [ 2.3651, 7.1552 ], [ 2.3584, 7.133 ], [ 2.3346, 7.0832 ], [ 2.3578, 7.0687 ], [ 2.3661, 7.0602 ], [ 2.3671, 7.0523 ], [ 2.3803, 7.0297 ], [ 2.3974, 7.0154 ], [ 2.4039, 6.9969 ], [ 2.4098, 7.005 ], [ 2.4062, 7.0433 ], [ 2.4091, 7.0552 ], [ 2.4299, 7.054 ], [ 2.4331, 7.0612 ], [ 2.4269, 7.0712 ], [ 2.4285, 7.0831 ], [ 2.4125, 7.0912 ], [ 2.4088, 7.0981 ], [ 2.4093, 7.1044 ], [ 2.4244, 7.1054 ], [ 2.4279, 7.1134 ], [ 2.4184, 7.1242 ], [ 2.4163, 7.1306 ], [ 2.4191, 7.1436 ], [ 2.4119, 7.1522 ], [ 2.4105, 7.1597 ], [ 2.4213, 7.1731 ], [ 2.4272, 7.1865 ], [ 2.4456, 7.1989 ], [ 2.4565, 7.1991 ], [ 2.4688, 7.1967 ], [ 2.4914, 7.1855 ], [ 2.5022, 7.1856 ], [ 2.5122, 7.1803 ], [ 2.5182, 7.1707 ], [ 2.5371, 7.1867 ], [ 2.5021, 7.2528 ], [ 2.4672, 7.2885 ], [ 2.4531, 7.2976 ], [ 2.4398, 7.314 ], [ 2.4349, 7.3389 ], [ 2.4253, 7.3638 ], [ 2.4249, 7.3778 ], [ 2.4307, 7.3924 ], [ 2.4273, 7.4109 ], [ 2.4055, 7.4428 ], [ 2.3989, 7.4503 ], [ 2.3845, 7.4524 ], [ 2.3504, 7.4674 ], [ 2.2726, 7.5201 ] ] ] } },
{ "type": "Feature", "properties": { "iso3": "BEN", "unit_id": "35232949B85278031553198", "unit_name": "Zogbodomey" }, "geometry": { "type": "Polygon", "coordinates": [ [ [ 2.3365, 6.9301 ], [ 2.3637, 6.9547 ], [ 2.3973, 6.9761 ], [ 2.401, 6.9758 ], [ 2.4039, 6.9969 ], [ 2.3974, 7.0154 ], [ 2.3803, 7.0297 ], [ 2.3671, 7.0523 ], [ 2.3661, 7.0602 ], [ 2.3155, 7.0983 ], [ 2.3132, 7.1213 ], [ 2.291, 7.1243 ], [ 2.2004, 7.1237 ], [ 2.122, 7.129 ], [ 2.0838, 7.1237 ], [ 2.0574, 7.1324 ], [ 2.0471, 7.1191 ], [ 2.0338, 7.0907 ], [ 2.0141, 7.0298 ], [ 1.9906, 7.0095 ], [ 1.9673, 6.9976 ], [ 1.9732, 6.9764 ], [ 1.9847, 6.9681 ], [ 1.9893, 6.9489 ], [ 1.9902, 6.9244 ], [ 2.0057, 6.9163 ], [ 2.0302, 6.9136 ], [ 2.046, 6.9174 ], [ 2.0698, 6.9306 ], [ 2.2532, 6.9367 ], [ 2.318, 6.963 ], [ 2.3365, 6.9301 ] ] ] } }
]
}
