{
"type": "FeatureCollection",
"name": "CAF",
"crs": { "type": "name", "properties": { "name": "urn:ogc:def:crs:OGC:1.3:CRS84" } },
"xy_coordinate_resolution": 0.0001,
"features": [
{ "type": "Feature", "properties": { "iso3": "CAF", "unit_id": "68536942B37320623861357", "unit_name": "Bimbo" }, "geometry": { "type": "Polygon", "coordinates": [ [ [ 18.4328, 4.6615 ], [ 18.415, 4.6698 ], [ 18.4073, 4.6677 ], [ 18.3882, 4.6519 ], [ 18.3786, 4.6549 ], [ 18.371, 4.6645 ], [ 18.3442, 4.6729 ], [ 18.3281, 4.6729 ], [ 18.3068, 4.6677 ], [ 18.2879, 4.6446 ], [ 18.2794, 4.626 ], [ 18.2788, 4.5975 ], [ 18.2881, 4.557 ], [ 18.2458, 4.5327 ], [ 18.1946, 4.5144 ], [ 18.1449, 4.4904 ], [ 18.1279, 4.4783 ], [ 18.1203, 4.4625 ], [ 18.15, 4.4389 ], [ 18.1619, 4.4203 ], [ 18.1858, 4.3589 ], [ 18.1975, 4.3436 ], [ 18.2294, 4.3294 ], [ 18.2673, 4.325 ], [ 18.2868, 4.3039 ], [ 18.3078, 4.2876 ], [ 18.3228, 4.268 ], [ 18.3444, 4.2233 ], [ 18.3447, 4.2155 ], [ 18.3383, 4.1983 ], [ 18.3389, 4.1844 ], [ 18.3497, 4.1386 ], [ 18.3356, 4.0986 ], [ 18.3383, 4.0786 ], [ 18.3506, 4.0592 ], [ 18.4006, 4.0203 ], [ 18.41, 3.9892 ], [ 18.4161, 3.9808 ], [ 18.4292, 3.9817 ], [ 18.4372, 3.9717 ], [ 18.4553, 3.9697 ], [ 18.4642, 3.9625 ], [ 18.4672, 3.9547 ], [ 18.4647, 3.94 ], [ 18.4758, 3.9269 ], [ 18.5065, 3.9044 ], [ 18.5294, 3.908 ], [ 18.5991, 3.8693 ], [ 18.6017, 3.8958 ], [ 18.6078, 3.9092 ], [ 18.636, 3.9391 ], [ 18.6523, 3.9779 ], [ 18.6488, 4.0764 ], [ 18.6408, 4.109 ], [ 18.6184, 4.1667 ], [ 18.5711, 4.2473 ], [ 18.5462, 4.3015 ], [ 18.5437, 4.3241 ], [ 18.5396, 4.3238 ], [ 18.5386, 4.339 ], [ 18.535, 4.3424 ], [ 18.5267, 4.368 ], [ 18.5268, 4.3752 ], [ 18.5313, 4.3763 ], [ 18.5286, 4.388 ], [ 18.5314, 4.3893 ], [ 18.5239, 4.4177 ], [ 18.5492, 4.433 ], [ 18.5525, 4.4295 ], [ 18.5592, 4.4309 ], [ 18.5603, 4.4266 ], [ 18.5645, 4.4276 ], [ 18.5668, 4.4172 ], [ 18.5707, 4.417 ], [ 18.5778, 4.409 ], [ 18.5858, 4.412 ], [ 18.5894, 4.4101 ], [ 18.5858, 4.4063 ], [ 18.5869, 4.3944 ], [ 18.5827, 4.3916 ], [ 18.5696, 4.3917 ], [ 18.57, 4.3842 ], [ 18.576, 4.3809 ], [ 18.5836, 4.3688 ], [ 18.5966, 4.3695 ], [ 18.5961, 4.383 ], [ 18.5993, 4.3865 ], [ 18.5953, 4.3998 ], [ 18.6014, 4.3984 ], [ 18.6141, 4.3852 ], [ 18.6296, 4.3803 ], [ 18.6304, 4.3764 ], [ 18.6433, 4.3705 ], [ 18.6426, 4.3615 ], [ 18.6761, 4.3531 ], [ 18.7029, 4.3526 ], [ 18.7171, 4.3561 ], [ 18.7333, 4.3636 ], [ 18.7628, 4.3868 ], [ 18.7944, 4.4229 ], [ 18.8111, 4.4608 ], [ 18.8226, 4.5318 ], [ 18.8318, 4.5583 ], [ 18.8299, 4.5665 ], [ 18.8036, 4.5809 ], [ 18.7625, 4.5785 ], [ 18.7407, 4.583 ], [ 18.7247, 4.5823 ], [ 18.6973, 4.5646 ], [ 18.6913, 4.554 ], [ 18.6893, 4.5447 ], [ 18.6967, 4.4991 ], [ 18.6918, 4.4988 ], [ 18.6869, 4.5032 ], [ 18.6644, 4.5007 ], [ 18.6408, 4.5033 ], [ 18.6038, 4.5305 ], [ 18.5952, 4.5553 ], [ 18.5841, 4.5653 ], [ 18.5474, 4.5822 ], [ 18.5393, 4.5814 ], [ 18.5153, 4.6347 ], [ 18.4897, 4.6565 ], [ 18.4735, 4.6625 ], [ 18.4523, 4.664 ], [ 18.4328, 4.6615 ] ] ] } },
{ "type": "Feature", "properties": { "iso3": "CAF", "unit_id": "68536942B89518771137149", "unit_name": "Damara" }, "geometry": { "type": "Polygon", "coordinates": [ [ [ 18.8299, 4.5665 ], [ 18.8398, 4.5708 ], [ 18.8561, 4.5903 ], [ 18.8842, 4.6111 ], [ 18.8912, 4.6338 ], [ 18.9026, 4.6451 ], [ 18.906, 4.656 ], [ 18.932, 4.666 ], [ 18.9377, 4.6728 ], [ 18.9473, 4.6979 ], [ 18.985, 4.7343 ], [ 18.9935, 4.7361 ], [ 19.0104, 4.7538 ], [ 19.0208, 4.7902 ], [ 19.0349, 4.8024 ], [ 19.0415, 4.821 ], [ 19.0603, 4.8453 ], [ 19.0669, 4.8742 ], [ 19.0763, 4.8957 ], [ 19.1018, 4.9274 ], [ 19.1421, 4.943 ], [ 19.1412, 4.9599 ], [ 19.1094, 4.9922 ], [ 19.1047, 5.0025 ], [ 19.0936, 5.013 ], [ 19.0944, 5.0339 ], [ 19.0908, 5.0456 ], [ 19.0542, 5.0694 ], [ 19.05, 5.0755 ], [ 19.0411, 5.1094 ], [ 19.0353, 5.1169 ], [ 19.0064, 5.138 ], [ 18.9958, 5.1511 ], [ 18.9889, 5.1667 ], [ 18.9853, 5.1872 ], [ 18.9867, 5.208 ], [ 18.9925, 5.2361 ], [ 19.0114, 5.2825 ], [ 19.018, 5.3101 ], [ 19.0022, 5.3287 ], [ 18.9912, 5.3675 ], [ 18.9942, 5.4094 ], [ 18.9789, 5.435 ], [ 18.9511, 5.4458 ], [ 18.9103, 5.4747 ], [ 18.8817, 5.5092 ], [ 18.8831, 5.5661 ], [ 18.8794, 5.6086 ], [ 18.8708, 5.628 ], [ 18.8528, 5.6407 ], [ 18.7808, 5.645 ], [ 18.7453, 5.6544 ], [ 18.7228, 5.653 ], [ 18.6908, 5.6567 ], [ 18.6803, 5.6622 ], [ 18.6686, 5.6753 ], [ 18.6339, 5.731 ], [ 18.6233, 5.7386 ], [ 18.6125, 5.7342 ], [ 18.6178, 5.7017 ], [ 18.6122, 5.6708 ], [ 18.6033, 5.6514 ], [ 18.6077, 5.6249 ], [ 18.616, 5.6082 ], [ 18.633, 5.5504 ], [ 18.6474, 5.5181 ], [ 18.6521, 5.4947 ], [ 18.6584, 5.4798 ], [ 18.6763, 5.4618 ], [ 18.6835, 5.4491 ], [ 18.6909, 5.4162 ], [ 18.6742, 5.3912 ], [ 18.6587, 5.3773 ], [ 18.6299, 5.3362 ], [ 18.6002, 5.3234 ], [ 18.5246, 5.3048 ], [ 18.4687, 5.284 ], [ 18.4272, 5.2621 ], [ 18.4044, 5.2257 ], [ 18.3877, 5.2151 ], [ 18.3547, 5.1705 ], [ 18.3164, 5.1082 ], [ 18.2593, 5.0555 ], [ 18.2585, 5.051 ], [ 18.2929, 5.016 ], [ 18.3496, 4.986 ], [ 18.3665, 4.9834 ], [ 18.386, 4.9749 ], [ 18.3941, 4.9587 ], [ 18.3919, 4.9361 ], [ 18.4106, 4.9316 ], [ 18.4128, 4.9266 ], [ 18.4215, 4.923 ], [ 18.4326, 4.9122 ], [ 18.4344, 4.8969 ], [ 18.4379, 4.8923 ], [ 18.4196, 4.8588 ], [ 18.4126, 4.8379 ], [ 18.4164, 4.8166 ], [ 18.3993, 4.791 ], [ 18.3958, 4.7716 ], [ 18.396, 4.7452 ], [ 18.4014, 4.7346 ], [ 18.4118, 4.7263 ], [ 18.4171, 4.7175 ], [ 18.4139, 4.6898 ], [ 18.4219, 4.6885 ], [ 18.4265, 4.6823 ], [ 18.4233, 4.6664 ], [ 18.4328, 4.6615 ], [ 18.4523, 4.664 ], [ 18.4735, 4.6625 ], [ 18.4897, 4.6565 ], [ 18.5153, 4.6347 ], [ 18.5393, 4.5814 ], [ 18.5474, 4.5822 ], [ 18.5841, 4.5653 ], [ 18.5952, 4.5553 ], [ 18.6038, 4.5305 ], [ 18.6408, 4.5033 ], [ 18.6644, 4.5007 ], [ 18.6869, 4.5032 ], [ 18.6918, 4.4988 ], [ 18.6967, 4.4991 ], [ 18.6893, 4.5447 ], [ 18.6913, 4.554 ], [ 18.6973, 4.5646 ], [ 18.7247, 4.5823 ], [ 18.7407, 4.583 ], [ 18.7625, 4.5785 ], [ 18.8036, 4.5809 ], [ 18.8299, 4.5665 ] ] ] } },
{ "type": "Feature", "properties": { "iso3": "CAF", "unit_id": "68536942B40296780506469", "unit_name": "Bogangolo" }, "geometry": { "type": "Polygon", "coordinates": [ [ [ 18.6033, 5.6514 ], [ 18.5769, 5.6353 ], [ 18.5303, 5.6155 ], [ 18.5025, 5.5961 ], [ 18.4592, 5.5844 ], [ 18.4197, 5.5622 ], [ 18.4069, 5.56 ], [ 18.398, 5.5664 ], [ 18.3961, 5.5747 ], [ 18.4014, 5.6186 ], [ 18.3975, 5.6344 ], [ 18.3775, 5.6661 ], [ 18.3703, 5.6867 ], [ 18.3739, 5.6961 ], [ 18.3972, 5.7083 ], [ 18.4025, 5.7169 ], [ 18.4039, 5.7286 ], [ 18.3989, 5.7383 ], [ 18.3803, 5.7486 ], [ 18.3456, 5.7592 ], [ 18.3003, 5.7594 ], [ 18.2756, 5.7458 ], [ 18.2658, 5.7586 ], [ 18.2633, 5.7914 ], [ 18.2575, 5.7975 ], [ 18.2392, 5.8047 ], [ 18.1478, 5.7972 ], [ 18.1239, 5.7878 ], [ 18.0953, 5.8119 ], [ 18.0864, 5.815 ], [ 18.0686, 5.8106 ], [ 18.0503, 5.8008 ], [ 18.0278, 5.7972 ], [ 18.0197, 5.8003 ], [ 18.0069, 5.8128 ], [ 18.0086, 5.8344 ], [ 18.0036, 5.8536 ], [ 17.9875, 5.8514 ], [ 17.9775, 5.8625 ], [ 17.9428, 5.8767 ], [ 17.9067, 5.905 ], [ 17.8936, 5.9075 ], [ 17.8733, 5.9011 ], [ 17.8536, 5.89 ], [ 17.8244, 5.8478 ], [ 17.7986, 5.8307 ], [ 17.7973, 5.816 ], [ 17.7927, 5.8064 ], [ 17.7918, 5.7956 ], [ 17.7979, 5.7808 ], [ 17.7882, 5.7618 ], [ 17.7863, 5.7496 ], [ 17.7932, 5.7393 ], [ 17.8062, 5.6986 ], [ 17.7958, 5.6826 ], [ 17.8143, 5.6568 ], [ 17.7996, 5.6445 ], [ 17.8375, 5.6226 ], [ 17.8418, 5.6129 ], [ 17.8425, 5.6073 ], [ 17.8311, 5.5903 ], [ 17.8368, 5.5801 ], [ 17.8432, 5.5757 ], [ 17.8288, 5.5407 ], [ 17.8376, 5.5214 ], [ 17.8367, 5.5078 ], [ 17.8405, 5.5036 ], [ 17.8462, 5.5032 ], [ 17.8584, 5.4858 ], [ 17.8792, 5.4712 ], [ 17.9159, 5.4579 ], [ 17.943, 5.4342 ], [ 17.9576, 5.4318 ], [ 17.9624, 5.423 ], [ 17.962, 5.409 ], [ 17.9654, 5.4061 ], [ 17.9728, 5.4068 ], [ 17.9909, 5.3986 ], [ 17.9886, 5.3781 ], [ 17.9935, 5.3631 ], [ 18.0075, 5.3545 ], [ 18.0123, 5.3439 ], [ 18.0359, 5.324 ], [ 18.0433, 5.3047 ], [ 18.0505, 5.3089 ], [ 18.0752, 5.2963 ], [ 18.0788, 5.2913 ], [ 18.0778, 5.2778 ], [ 18.0997, 5.2608 ], [ 18.1028, 5.25 ], [ 18.1011, 5.2327 ], [ 18.1179, 5.2386 ], [ 18.1437, 5.2346 ], [ 18.1544, 5.2281 ], [ 18.1705, 5.1975 ], [ 18.1843, 5.1852 ], [ 18.1963, 5.1821 ], [ 18.2013, 5.1758 ], [ 18.2051, 5.1411 ], [ 18.2167, 5.1125 ], [ 18.2277, 5.0979 ], [ 18.2285, 5.0765 ], [ 18.2471, 5.058 ], [ 18.2585, 5.051 ], [ 18.2593, 5.0555 ], [ 18.3164, 5.1082 ], [ 18.3547, 5.1705 ], [ 18.3877, 5.2151 ], [ 18.4044, 5.2257 ], [ 18.4272, 5.2621 ], [ 18.4687, 5.284 ], [ 18.5246, 5.3048 ], [ 18.6002, 5.3234 ], [ 18.6299, 5.3362 ], [ 18.6587, 5.3773 ], [ 18.6742, 5.3912 ], [ 18.6909, 5.4162 ], [ 18.6835, 5.4491 ], [ 18.6763, 5.4618 ], [ 18.6584, 5.4798 ], [ 18.6521, 5.4947 ], [ 18.6474, 5.5181 ], [ 18.633, 5.5504 ], [ 18.616, 5.6082 ], [ 18.6077, 5.6249 ], [ 18.6033, 5.6514 ] ] ] } },
{ "type": "Feature", "properties": { "iso3": "CAF", "unit_id": "68536942B37677916609630", "unit_name": "Boali" }, "geometry": { "type": "Polygon", "coordinates": [ [ [ 18.4233, 4.6664 ], [ 18.4265, 4.6823 ], [ 18.4219, 4.6885 ], [ 18.4139, 4.6898 ], [ 18.4171, 4.7175 ], [ 18.4118, 4.7263 ], [ 18.4014, 4.7346 ], [ 18.396, 4.7452 ], [ 18.3958, 4.7716 ], [ 18.3993, 4.791 ], [ 18.4164, 4.8166 ], [ 18.4126, 4.8379 ], [ 18.4196, 4.8588 ], [ 18.4379, 4.8923 ], [ 18.4344, 4.8969 ], [ 18.4326, 4.9122 ], [ 18.4215, 4.923 ], [ 18.4128, 4.9266 ], [ 18.4106, 4.9316 ], [ 18.3919, 4.9361 ], [ 18.3941, 4.9587 ], [ 18.386, 4.9749 ], [ 18.3665, 4.9834 ], [ 18.3496, 4.986 ], [ 18.2929, 5.016 ], [ 18.2848, 5.0216 ], [ 18.2752, 5.0366 ], [ 18.2285, 5.0765 ], [ 18.2277, 5.0979 ], [ 18.2167, 5.1125 ], [ 18.2051, 5.1411 ], [ 18.2013, 5.1758 ], [ 18.1963, 5.1821 ], [ 18.1843, 5.1852 ], [ 18.1705, 5.1975 ], [ 17.9557, 5.0458 ], [ 17.9135, 5.0208 ], [ 17.8285, 4.9896 ], [ 17.7012, 4.9124 ], [ 17.6735, 4.8307 ], [ 17.6556, 4.7593 ], [ 17.6449, 4.7318 ], [ 17.6447, 4.7199 ], [ 17.6357, 4.6897 ], [ 17.6654, 4.5235 ], [ 17.6714, 4.5272 ], [ 17.7233, 4.5242 ], [ 17.7533, 4.5372 ], [ 17.77, 4.5378 ], [ 17.7922, 4.5211 ], [ 17.8203, 4.5136 ], [ 17.8242, 4.5092 ], [ 17.8325, 4.4694 ], [ 17.8394, 4.465 ], [ 17.8472, 4.4642 ], [ 17.8669, 4.4733 ], [ 17.8811, 4.4678 ], [ 17.9011, 4.4497 ], [ 17.9256, 4.4744 ], [ 17.95, 4.4786 ], [ 17.9689, 4.4756 ], [ 18.0028, 4.4639 ], [ 18.0431, 4.4622 ], [ 18.0439, 4.4439 ], [ 18.0619, 4.4367 ], [ 18.0783, 4.4414 ], [ 18.1061, 4.4589 ], [ 18.1203, 4.4625 ], [ 18.1279, 4.4783 ], [ 18.1449, 4.4904 ], [ 18.1946, 4.5144 ], [ 18.2458, 4.5327 ], [ 18.2881, 4.557 ], [ 18.2788, 4.5975 ], [ 18.2794, 4.626 ], [ 18.2879, 4.6446 ], [ 18.3068, 4.6677 ], [ 18.3281, 4.6729 ], [ 18.3442, 4.6729 ], [ 18.371, 4.6645 ], [ 18.3786, 4.6549 ], [ 18.3882, 4.6519 ], [ 18.4073, 4.6677 ], [ 18.415, 4.6698 ], [ 18.4233, 4.6664 ] ] ] } },
{ "type": "Feature", "properties": { "iso3": "CAF", "unit_id": "68536942B56265329867483", "unit_name": "Bossembélé" }, "geometry": { "type": "Polygon", "coordinates": [ [ [ 17.7986, 5.8307 ], [ 17.5989, 5.7164 ], [ 17.4036, 5.7133 ], [ 17.2354, 5.7307 ], [ 17.175, 5.7321 ], [ 17.1806, 5.7127 ], [ 17.1582, 5.6779 ], [ 17.1488, 5.6537 ], [ 17.2015, 5.4871 ], [ 17.2089, 5.4716 ], [ 17.2098, 5.4607 ], [ 17.2244, 5.4573 ], [ 17.2887, 5.4546 ], [ 17.3321, 5.4446 ], [ 17.3562, 5.4438 ], [ 17.39, 5.431 ], [ 17.4083, 5.4153 ], [ 17.4039, 5.3529 ], [ 17.3912, 5.302 ], [ 17.3956, 5.2952 ], [ 17.396, 5.2705 ], [ 17.3911, 5.2434 ], [ 17.3871, 5.2392 ], [ 17.3752, 5.1869 ], [ 17.3564, 5.1489 ], [ 17.3234, 5.0965 ], [ 17.3165, 5.0743 ], [ 17.3098, 5.0712 ], [ 17.3039, 5.0304 ], [ 17.3047, 5.0124 ], [ 17.2916, 4.9764 ], [ 17.2825, 4.9136 ], [ 17.29, 4.9097 ], [ 17.3047, 4.8747 ], [ 17.3778, 4.8342 ], [ 17.4289, 4.8194 ], [ 17.4517, 4.8075 ], [ 17.4669, 4.7919 ], [ 17.4711, 4.7855 ], [ 17.4719, 4.7711 ], [ 17.4808, 4.7611 ], [ 17.5072, 4.7455 ], [ 17.5111, 4.7392 ], [ 17.5158, 4.6894 ], [ 17.53, 4.6467 ], [ 17.5397, 4.5847 ], [ 17.5592, 4.5592 ], [ 17.5617, 4.5447 ], [ 17.5836, 4.5319 ], [ 17.5897, 4.5247 ], [ 17.6119, 4.5211 ], [ 17.6314, 4.5117 ], [ 17.6458, 4.5086 ], [ 17.6559, 4.509 ], [ 17.6654, 4.5235 ], [ 17.6357, 4.6897 ], [ 17.6447, 4.7199 ], [ 17.6449, 4.7318 ], [ 17.6556, 4.7593 ], [ 17.6735, 4.8307 ], [ 17.7012, 4.9124 ], [ 17.8285, 4.9896 ], [ 17.9135, 5.0208 ], [ 17.9557, 5.0458 ], [ 18.1705, 5.1975 ], [ 18.1544, 5.2281 ], [ 18.1437, 5.2346 ], [ 18.1179, 5.2386 ], [ 18.1011, 5.2327 ], [ 18.1028, 5.25 ], [ 18.0997, 5.2608 ], [ 18.0778, 5.2778 ], [ 18.0788, 5.2913 ], [ 18.0752, 5.2963 ], [ 18.0505, 5.3089 ], [ 18.0433, 5.3047 ], [ 18.0359, 5.324 ], [ 18.0123, 5.3439 ], [ 18.0075, 5.3545 ], [ 17.9935, 5.3631 ], [ 17.9886, 5.3781 ], [ 17.9909, 5.3986 ], [ 17.962, 5.409 ], [ 17.9624, 5.423 ], [ 17.9576, 5.4318 ], [ 17.943, 5.4342 ], [ 17.9159, 5.4579 ], [ 17.8792, 5.4712 ], [ 17.8584, 5.4858 ], [ 17.8462, 5.5032 ], [ 17.8405, 5.5036 ], [ 17.8367, 5.5078 ], [ 17.8376, 5.5214 ], [ 17.8288, 5.5407 ], [ 17.8432, 5.5757 ], [ 17.8368, 5.5801 ], [ 17.8311, 5.5903 ], [ 17.8425, 5.6073 ], [ 17.8418, 5.6129 ], [ 17.8375, 5.6226 ], [ 17.7996, 5.6445 ], [ 17.8143, 5.6568 ], [ 17.7958, 5.6826 ], [ 17.8062, 5.6986 ], [ 17.7932, 5.7393 ], [ 17.7863, 5.7496 ], [ 17.7882, 5.7618 ], [ 17.7979, 5.7808 ], [ 17.7918, 5.7956 ], [ 17.7986, 5.8307 ] ] ] } },
{ "type": "Feature", "properties": { "iso3": "CAF", "unit_id": "68536942B17376878876729", "unit_name": "Yaloké" }, "geometry": { "type": "Polygon", "coordinates": [ [ [ 17.175, 5.7321 ], [ 17.0144, 5.7389 ], [ 17.0011, 5.7661 ], [ 16.973, 5.8064 ], [ 16.9818, 5.8373 ], [ 16.9784, 5.8586 ], [ 16.955, 5.8525 ], [ 16.9336, 5.8289 ], [ 16.8731, 5.8242 ], [ 16.8525, 5.8189 ], [ 16.8006, 5.795 ], [ 16.7794, 5.7922 ], [ 16.7633, 5.7975 ], [ 16.7522, 5.7889 ], [ 16.7406, 5.7719 ], [ 16.7269, 5.7617 ], [ 16.688, 5.7419 ], [ 16.6789, 5.7286 ], [ 16.6836, 5.7047 ], [ 16.68, 5.6975 ], [ 16.6594, 5.678 ], [ 16.6342, 5.6647 ], [ 16.6269, 5.6569 ], [ 16.6153, 5.6308 ], [ 16.6083, 5.6236 ], [ 16.5744, 5.6086 ], [ 16.5564, 5.5842 ], [ 16.5487, 5.5676 ], [ 16.5174, 5.5547 ], [ 16.5147, 5.5683 ], [ 16.5197, 5.5425 ], [ 16.5186, 5.5136 ], [ 16.4897, 5.4028 ], [ 16.4894, 5.3914 ], [ 16.5122, 5.3461 ], [ 16.5189, 5.3261 ], [ 16.5248, 5.2742 ], [ 16.5719, 5.2978 ], [ 16.6903, 5.3803 ], [ 16.7111, 5.3906 ], [ 16.7197, 5.3903 ], [ 16.7289, 5.3853 ], [ 16.7681, 5.3544 ], [ 16.7886, 5.3467 ], [ 16.8164, 5.3464 ], [ 16.8383, 5.3508 ], [ 16.8925, 5.3717 ], [ 16.9061, 5.3733 ], [ 16.9192, 5.3705 ], [ 16.9328, 5.3625 ], [ 17.0358, 5.2894 ], [ 17.0569, 5.268 ], [ 17.0867, 5.2083 ], [ 17.1222, 5.1653 ], [ 17.1211, 5.155 ], [ 17.1156, 5.1456 ], [ 17.1061, 5.1397 ], [ 17.0686, 5.1314 ], [ 17.0528, 5.1242 ], [ 17.0258, 5.0992 ], [ 17.0005, 5.0961 ], [ 16.9939, 5.0905 ], [ 16.9958, 5.0825 ], [ 17.0379, 5.023 ], [ 17.0728, 5.0152 ], [ 17.0825, 5.025 ], [ 17.1007, 5.0211 ], [ 17.1167, 5.0244 ], [ 17.1315, 5.0224 ], [ 17.1464, 5.0145 ], [ 17.1642, 4.9881 ], [ 17.2111, 4.9747 ], [ 17.2255, 4.9678 ], [ 17.25, 4.9258 ], [ 17.2825, 4.9136 ], [ 17.2916, 4.9764 ], [ 17.3047, 5.0124 ], [ 17.3039, 5.0304 ], [ 17.3098, 5.0712 ], [ 17.3165, 5.0743 ], [ 17.3234, 5.0965 ], [ 17.3564, 5.1489 ], [ 17.3752, 5.1869 ], [ 17.3871, 5.2392 ], [ 17.3911, 5.2434 ], [ 17.396, 5.2705 ], [ 17.3956, 5.2952 ], [ 17.3912, 5.302 ], [ 17.4039, 5.3529 ], [ 17.4083, 5.4153 ], [ 17.39, 5.431 ], [ 17.3562, 5.4438 ], [ 17.3321, 5.4446 ], [ 17.2887, 5.4546 ], [ 17.2244, 5.4573 ], [ 17.2098, 5.4607 ], [ 17.2089, 5.4716 ], [ 17.2015, 5.4871 ], [ 17.1488, 5.6537 ], [ 17.1582, 5.6779 ], [ 17.1806, 5.7127 ], [ 17.175, 5.7321 ] ] ] } },
{ "type": "Feature", "properties": { "iso3": "CAF", "unit_id": "68536942B46691977048326", "unit_name": "Mbaïki" }, "geometry": { "type": "Polygon", "coordinates": [ [ [ 18.1203, 4.4625 ], [ 18.1061, 4.4589 ], [ 18.0783, 4.4414 ], [ 18.0619, 4.4367 ], [ 18.0439, 4.4439 ], [ 18.0431, 4.4622 ], [ 18.0028, 4.4639 ], [ 17.9689, 4.4756 ], [ 17.95, 4.4786 ], [ 17.9256, 4.4744 ], [ 17.9011, 4.4497 ], [ 17.8811, 4.4678 ], [ 17.8669, 4.4733 ], [ 17.8472, 4.4642 ], [ 17.8394, 4.465 ], [ 17.8325, 4.4694 ], [ 17.8242, 4.5092 ], [ 17.8203, 4.5136 ], [ 17.7922, 4.5211 ], [ 17.77, 4.5378 ], [ 17.76, 4.5392 ], [ 17.7233, 4.5242 ], [ 17.6714, 4.5272 ], [ 17.6654, 4.5235 ], [ 17.6559, 4.509 ], [ 17.6314, 4.5117 ], [ 17.6119, 4.5211 ], [ 17.5897, 4.5247 ], [ 17.5861, 4.5137 ], [ 17.5698, 4.5028 ], [ 17.5637, 4.4954 ], [ 17.5611, 4.4765 ], [ 17.5803, 4.3987 ], [ 17.5742, 4.3877 ], [ 17.5674, 4.3825 ], [ 17.5411, 4.3733 ], [ 17.5353, 4.3634 ], [ 17.5421, 4.3595 ], [ 17.5423, 4.351 ], [ 17.5544, 4.3333 ], [ 17.5603, 4.3324 ], [ 17.5657, 4.3375 ], [ 17.5756, 4.3315 ], [ 17.5753, 4.3203 ], [ 17.5879, 4.3089 ], [ 17.5877, 4.2961 ], [ 17.5917, 4.2903 ], [ 17.6039, 4.2835 ], [ 17.6083, 4.2757 ], [ 17.6185, 4.2676 ], [ 17.632, 4.2637 ], [ 17.6555, 4.2489 ], [ 17.6578, 4.2406 ], [ 17.6811, 4.2159 ], [ 17.6856, 4.2001 ], [ 17.6553, 4.1768 ], [ 17.632, 4.1668 ], [ 17.6259, 4.167 ], [ 17.6178, 4.1588 ], [ 17.5917, 4.1464 ], [ 17.5777, 4.1455 ], [ 17.5717, 4.1261 ], [ 17.5553, 4.1083 ], [ 17.5522, 4.0842 ], [ 17.5416, 4.0569 ], [ 17.5152, 4.0116 ], [ 17.5225, 3.9587 ], [ 17.5129, 3.9209 ], [ 17.4946, 3.8896 ], [ 17.4946, 3.8638 ], [ 17.5001, 3.8572 ], [ 17.4859, 3.8435 ], [ 17.4807, 3.8334 ], [ 17.4711, 3.827 ], [ 17.4687, 3.8151 ], [ 17.471, 3.8087 ], [ 17.4778, 3.8083 ], [ 17.482, 3.8044 ], [ 17.4908, 3.8119 ], [ 17.4936, 3.8103 ], [ 17.4967, 3.7981 ], [ 17.5066, 3.79 ], [ 17.5042, 3.774 ], [ 17.5111, 3.765 ], [ 17.5102, 3.7578 ], [ 17.4971, 3.764 ], [ 17.4515, 3.7705 ], [ 17.4126, 3.7571 ], [ 17.3908, 3.7588 ], [ 17.3733, 3.7482 ], [ 17.351, 3.7146 ], [ 17.3488, 3.6908 ], [ 17.3515, 3.6626 ], [ 17.367, 3.6128 ], [ 17.3962, 3.6639 ], [ 17.441, 3.6804 ], [ 17.4511, 3.6937 ], [ 17.4619, 3.6992 ], [ 17.4741, 3.7031 ], [ 17.4917, 3.7021 ], [ 17.5066, 3.6919 ], [ 17.5437, 3.6858 ], [ 17.5576, 3.6692 ], [ 17.5876, 3.6583 ], [ 17.5976, 3.6436 ], [ 17.6063, 3.6412 ], [ 17.6533, 3.639 ], [ 17.6876, 3.6415 ], [ 17.705, 3.6345 ], [ 17.733, 3.6512 ], [ 17.7383, 3.6503 ], [ 17.7452, 3.6431 ], [ 17.7873, 3.6349 ], [ 17.7958, 3.6292 ], [ 17.829, 3.6267 ], [ 17.8333, 3.6233 ], [ 17.8401, 3.6053 ], [ 17.8403, 3.5871 ], [ 17.8446, 3.5788 ], [ 17.8455, 3.5632 ], [ 17.8591, 3.533 ], [ 17.8667, 3.5332 ], [ 17.8904, 3.557 ], [ 17.9023, 3.5593 ], [ 17.9193, 3.5735 ], [ 17.9327, 3.599 ], [ 17.9377, 3.6024 ], [ 17.9439, 3.5998 ], [ 17.9493, 3.5831 ], [ 17.9694, 3.5604 ], [ 17.9957, 3.5512 ], [ 17.9987, 3.5539 ], [ 18.0, 3.5789 ], [ 18.0488, 3.5682 ], [ 18.0708, 3.5753 ], [ 18.1051, 3.5714 ], [ 18.1235, 3.5661 ], [ 18.1447, 3.5533 ], [ 18.1525, 3.5449 ], [ 18.1634, 3.5275 ], [ 18.1698, 3.5008 ], [ 18.1761, 3.4882 ], [ 18.189, 3.4812 ], [ 18.2315, 3.4907 ], [ 18.2415, 3.5004 ], [ 18.2499, 3.5141 ], [ 18.2597, 3.5494 ], [ 18.2647, 3.5881 ], [ 18.2677, 3.5916 ], [ 18.2872, 3.5919 ], [ 18.3087, 3.587 ], [ 18.3334, 3.6036 ], [ 18.3459, 3.6076 ], [ 18.397, 3.584 ], [ 18.4015, 3.5856 ], [ 18.3964, 3.6104 ], [ 18.3752, 3.6376 ], [ 18.3687, 3.6559 ], [ 18.3881, 3.6579 ], [ 18.4137, 3.652 ], [ 18.4124, 3.6662 ], [ 18.4155, 3.6662 ], [ 18.4107, 3.6708 ], [ 18.4007, 3.6727 ], [ 18.3838, 3.6704 ], [ 18.3805, 3.6726 ], [ 18.3779, 3.7002 ], [ 18.3952, 3.7236 ], [ 18.4079, 3.7501 ], [ 18.4104, 3.7646 ], [ 18.4244, 3.7809 ], [ 18.4237, 3.7877 ], [ 18.4101, 3.7909 ], [ 18.3902, 3.7843 ], [ 18.3825, 3.7847 ], [ 18.366, 3.7899 ], [ 18.3391, 3.8103 ], [ 18.2913, 3.8132 ], [ 18.2662, 3.826 ], [ 18.2614, 3.8347 ], [ 18.2622, 3.8433 ], [ 18.3139, 3.9086 ], [ 18.3436, 3.9267 ], [ 18.3524, 3.937 ], [ 18.3829, 3.9509 ], [ 18.4008, 3.9521 ], [ 18.411, 3.9399 ], [ 18.4556, 3.9021 ], [ 18.4751, 3.899 ], [ 18.5027, 3.9064 ], [ 18.4758, 3.9269 ], [ 18.4647, 3.94 ], [ 18.4672, 3.9547 ], [ 18.4642, 3.9625 ], [ 18.4553, 3.9697 ], [ 18.4372, 3.9717 ], [ 18.4292, 3.9817 ], [ 18.4161, 3.9808 ], [ 18.41, 3.9892 ], [ 18.4006, 4.0203 ], [ 18.3506, 4.0592 ], [ 18.3383, 4.0786 ], [ 18.3356, 4.0986 ], [ 18.3497, 4.1386 ], [ 18.3389, 4.1844 ], [ 18.3383, 4.1983 ], [ 18.3447, 4.2155 ], [ 18.3444, 4.2233 ], [ 18.3228, 4.268 ], [ 18.3078, 4.2876 ], [ 18.2868, 4.3039 ], [ 18.2673, 4.325 ], [ 18.2294, 4.3294 ], [ 18.1975, 4.3436 ], [ 18.1858, 4.3589 ], [ 18.1619, 4.4203 ], [ 18.15, 4.4389 ], [ 18.1203, 4.4625 ] ] ] } },
{ "type": "Feature", "properties": { "iso3": "CAF", "unit_id": "68536942B85354630158649", "unit_name": "Mongoumba" }, "geometry": { "type": "Polygon", "coordinates": [ [ [ 18.5027, 3.9064 ], [ 18.4751, 3.899 ], [ 18.4556, 3.9021 ], [ 18.411, 3.9399 ], [ 18.4008, 3.9521 ], [ 18.3829, 3.9509 ], [ 18.3524, 3.937 ], [ 18.3436, 3.9267 ], [ 18.3139, 3.9086 ], [ 18.2812, 3.8658 ], [ 18.2686, 3.8543 ], [ 18.2622, 3.8433 ], [ 18.2614, 3.8347 ], [ 18.2662, 3.826 ], [ 18.282, 3.8169 ], [ 18.3009, 3.8114 ], [ 18.3391, 3.8103 ], [ 18.366, 3.7899 ], [ 18.3825, 3.7847 ], [ 18.3902, 3.7843 ], [ 18.4101, 3.7909 ], [ 18.4237, 3.7877 ], [ 18.4244, 3.7809 ], [ 18.4104, 3.7646 ], [ 18.4079, 3.7501 ], [ 18.3952, 3.7236 ], [ 18.3779, 3.7002 ], [ 18.3805, 3.6726 ], [ 18.3838, 3.6704 ], [ 18.4007, 3.6727 ], [ 18.4107, 3.6708 ], [ 18.4155, 3.6662 ], [ 18.4124, 3.6662 ], [ 18.4137, 3.652 ], [ 18.3881, 3.6579 ], [ 18.3687, 3.6559 ], [ 18.3752, 3.6376 ], [ 18.3964, 3.6104 ], [ 18.4015, 3.5856 ], [ 18.397, 3.584 ], [ 18.4105, 3.5779 ], [ 18.414, 3.6039 ], [ 18.4197, 3.609 ], [ 18.4372, 3.5997 ], [ 18.4486, 3.6012 ], [ 18.4538, 3.6077 ], [ 18.4551, 3.6236 ], [ 18.4679, 3.6317 ], [ 18.4817, 3.6532 ], [ 18.4909, 3.6517 ], [ 18.514, 3.6247 ], [ 18.5356, 3.6101 ], [ 18.5442, 3.5961 ], [ 18.5513, 3.5635 ], [ 18.5583, 3.549 ], [ 18.5754, 3.5307 ], [ 18.588, 3.4988 ], [ 18.6037, 3.4727 ], [ 18.6351, 3.4711 ], [ 18.623, 3.5081 ], [ 18.6184, 3.5334 ], [ 18.6109, 3.6325 ], [ 18.6016, 3.6757 ], [ 18.5914, 3.7037 ], [ 18.5874, 3.7438 ], [ 18.5978, 3.803 ], [ 18.5952, 3.8407 ], [ 18.5991, 3.8693 ], [ 18.5294, 3.908 ], [ 18.5065, 3.9044 ], [ 18.5027, 3.9064 ] ] ] } },
{ "type": "Feature", "properties": { "iso3": "CAF", "unit_id": "68536942B97921618847399", "unit_name": "Boda" }, "geometry": { "type": "Polygon", "coordinates": [ [ [ 17.5353, 4.3634 ], [ 17.5275, 4.3552 ], [ 17.518, 4.3543 ], [ 17.5088, 4.3713 ], [ 17.5017, 4.374 ], [ 17.4945, 4.3708 ], [ 17.4883, 4.3612 ], [ 17.4679, 4.3436 ], [ 17.4494, 4.338 ], [ 17.4179, 4.3498 ], [ 17.3941, 4.3653 ], [ 17.359, 4.3642 ], [ 17.3441, 4.347 ], [ 17.344, 4.3214 ], [ 17.2921, 4.2949 ], [ 17.2802, 4.2783 ], [ 17.2751, 4.2622 ], [ 17.244, 4.2371 ], [ 17.244, 4.2222 ], [ 17.233, 4.2097 ], [ 17.217, 4.2002 ], [ 17.2074, 4.2013 ], [ 17.1983, 4.209 ], [ 17.1947, 4.2257 ], [ 17.1874, 4.2371 ], [ 17.1736, 4.2481 ], [ 17.1676, 4.2454 ], [ 17.1449, 4.2168 ], [ 17.1166, 4.2068 ], [ 17.1036, 4.1873 ], [ 17.095, 4.1656 ], [ 17.0782, 4.1576 ], [ 17.0584, 4.141 ], [ 17.0481, 4.1364 ], [ 17.0333, 4.1351 ], [ 17.0021, 4.1418 ], [ 16.9821, 4.138 ], [ 16.9669, 4.1283 ], [ 16.9597, 4.1175 ], [ 16.9462, 4.0841 ], [ 16.93, 4.0546 ], [ 16.9188, 4.0181 ], [ 16.9133, 4.0117 ], [ 16.9203, 3.9914 ], [ 16.9258, 3.9831 ], [ 16.9705, 3.9458 ], [ 17.0164, 3.9436 ], [ 17.033, 3.94 ], [ 17.09, 3.9022 ], [ 17.1219, 3.8931 ], [ 17.1642, 3.8881 ], [ 17.1867, 3.8755 ], [ 17.2242, 3.865 ], [ 17.2697, 3.8358 ], [ 17.3192, 3.8175 ], [ 17.3372, 3.8017 ], [ 17.3586, 3.7689 ], [ 17.3678, 3.7617 ], [ 17.3733, 3.7482 ], [ 17.3908, 3.7588 ], [ 17.4126, 3.7571 ], [ 17.4515, 3.7705 ], [ 17.4971, 3.764 ], [ 17.5102, 3.7578 ], [ 17.5111, 3.765 ], [ 17.5042, 3.774 ], [ 17.5066, 3.79 ], [ 17.4967, 3.7981 ], [ 17.4936, 3.8103 ], [ 17.4908, 3.8119 ], [ 17.482, 3.8044 ], [ 17.4778, 3.8083 ], [ 17.471, 3.8087 ], [ 17.4687, 3.8151 ], [ 17.4711, 3.827 ], [ 17.4807, 3.8334 ], [ 17.4859, 3.8435 ], [ 17.5001, 3.8572 ], [ 17.4946, 3.8638 ], [ 17.4946, 3.8896 ], [ 17.5129, 3.9209 ], [ 17.5225, 3.9587 ], [ 17.5152, 4.0116 ], [ 17.5187, 4.0207 ], [ 17.5416, 4.0569 ], [ 17.5522, 4.0842 ], [ 17.5553, 4.1083 ], [ 17.5717, 4.1261 ], [ 17.5777, 4.1455 ], [ 17.5917, 4.1464 ], [ 17.6178, 4.1588 ], [ 17.6259, 4.167 ], [ 17.632, 4.1668 ], [ 17.6553, 4.1768 ], [ 17.6856, 4.2001 ], [ 17.6811, 4.2159 ], [ 17.6578, 4.2406 ], [ 17.6555, 4.2489 ], [ 17.632, 4.2637 ], [ 17.6185, 4.2676 ], [ 17.6083, 4.2757 ], [ 17.6039, 4.2835 ], [ 17.5917, 4.2903 ], [ 17.5877, 4.2961 ], [ 17.5879, 4.3089 ], [ 17.5753, 4.3203 ], [ 17.5756, 4.3315 ], [ 17.5657, 4.3375 ], [ 17.5603, 4.3324 ], [ 17.5544, 4.3333 ], [ 17.5423, 4.351 ], [ 17.5421, 4.3595 ], [ 17.5353, 4.3634 ] ] ] } },
{ "type": "Feature", "properties": { "iso3": "CAF", "unit_id": "68536942B87860999089050", "unit_name": "Boganangone" }, "geometry": { "type": "Polygon", "coordinates": [ [ [ 17.29, 4.9097 ], [ 17.25, 4.9258 ], [ 17.2255, 4.9678 ], [ 17.2111, 4.9747 ], [ 17.1642, 4.9881 ], [ 17.1464, 5.0145 ], [ 17.1315, 5.0224 ], [ 17.1167, 5.0244 ], [ 17.1007, 5.0211 ], [ 17.0825, 5.025 ], [ 17.0728, 5.0152 ], [ 17.0379, 5.023 ], [ 17.0428, 5.0105 ], [ 17.0425, 4.9936 ], [ 17.0333, 4.9717 ], [ 17.0275, 4.9669 ], [ 17.0047, 4.9594 ], [ 16.9778, 4.9564 ], [ 16.965, 4.9486 ], [ 16.9539, 4.9289 ], [ 16.9242, 4.9164 ], [ 16.9172, 4.9119 ], [ 16.9147, 4.9044 ], [ 16.8633, 4.8789 ], [ 16.8404, 4.8763 ], [ 16.8403, 4.8684 ], [ 16.8344, 4.8667 ], [ 16.8397, 4.838 ], [ 16.8306, 4.82 ], [ 16.8364, 4.8058 ], [ 16.8314, 4.7769 ], [ 16.8319, 4.745 ], [ 16.8289, 4.7272 ], [ 16.8469, 4.6531 ], [ 16.8761, 4.6278 ], [ 16.8842, 4.6153 ], [ 16.9058, 4.57 ], [ 16.9267, 4.5367 ], [ 16.9292, 4.5125 ], [ 16.9367, 4.5061 ], [ 16.9631, 4.4944 ], [ 16.9825, 4.48 ], [ 16.993, 4.4636 ], [ 16.9997, 4.443 ], [ 17.0094, 4.4264 ], [ 17.0194, 4.395 ], [ 17.0336, 4.375 ], [ 17.0489, 4.3636 ], [ 17.0675, 4.3642 ], [ 17.0533, 4.4304 ], [ 17.065, 4.4485 ], [ 17.1054, 4.4809 ], [ 17.1043, 4.547 ], [ 17.1118, 4.5567 ], [ 17.1208, 4.582 ], [ 17.1316, 4.59 ], [ 17.1558, 4.5965 ], [ 17.1765, 4.6119 ], [ 17.1889, 4.6084 ], [ 17.2336, 4.626 ], [ 17.2704, 4.6048 ], [ 17.2827, 4.6026 ], [ 17.3318, 4.6131 ], [ 17.3724, 4.6148 ], [ 17.3876, 4.6126 ], [ 17.3983, 4.6088 ], [ 17.421, 4.5691 ], [ 17.4389, 4.5539 ], [ 17.4766, 4.5577 ], [ 17.4971, 4.5787 ], [ 17.5195, 4.5636 ], [ 17.5337, 4.56 ], [ 17.5414, 4.5612 ], [ 17.5483, 4.5742 ], [ 17.5397, 4.5847 ], [ 17.53, 4.6467 ], [ 17.5158, 4.6894 ], [ 17.5111, 4.7392 ], [ 17.5072, 4.7455 ], [ 17.4808, 4.7611 ], [ 17.4719, 4.7711 ], [ 17.4711, 4.7855 ], [ 17.4517, 4.8075 ], [ 17.4175, 4.8236 ], [ 17.3778, 4.8342 ], [ 17.3047, 4.8747 ], [ 17.29, 4.9097 ] ] ] } },
{ "type": "Feature", "properties": { "iso3": "CAF", "unit_id": "68536942B77412638802582", "unit_name": "Boganda" }, "geometry": { "type": "Polygon", "coordinates": [ [ [ 17.5483, 4.5742 ], [ 17.5414, 4.5612 ], [ 17.5337, 4.56 ], [ 17.5195, 4.5636 ], [ 17.4971, 4.5787 ], [ 17.4766, 4.5577 ], [ 17.4389, 4.5539 ], [ 17.421, 4.5691 ], [ 17.3983, 4.6088 ], [ 17.3876, 4.6126 ], [ 17.3724, 4.6148 ], [ 17.3318, 4.6131 ], [ 17.2827, 4.6026 ], [ 17.2704, 4.6048 ], [ 17.2336, 4.626 ], [ 17.1889, 4.6084 ], [ 17.1765, 4.6119 ], [ 17.1558, 4.5965 ], [ 17.1236, 4.5863 ], [ 17.1118, 4.5567 ], [ 17.1043, 4.547 ], [ 17.1054, 4.4809 ], [ 17.065, 4.4485 ], [ 17.0533, 4.4304 ], [ 17.0675, 4.3642 ], [ 17.0739, 4.3572 ], [ 17.0736, 4.3374 ], [ 17.0322, 4.3378 ], [ 17.0033, 4.3408 ], [ 16.9872, 4.3464 ], [ 16.9675, 4.3633 ], [ 16.9556, 4.3808 ], [ 16.8894, 4.4203 ], [ 16.87, 4.4181 ], [ 16.8605, 4.4136 ], [ 16.7786, 4.3361 ], [ 16.7694, 4.3064 ], [ 16.7514, 4.2686 ], [ 16.7351, 4.2476 ], [ 16.7636, 4.2272 ], [ 16.778, 4.2083 ], [ 16.7853, 4.1883 ], [ 16.8258, 4.1542 ], [ 16.8561, 4.0969 ], [ 16.89, 4.0558 ], [ 16.9133, 4.0117 ], [ 16.9188, 4.0181 ], [ 16.93, 4.0546 ], [ 16.9669, 4.1283 ], [ 16.9937, 4.1421 ], [ 17.0333, 4.1351 ], [ 17.0481, 4.1364 ], [ 17.0584, 4.141 ], [ 17.0782, 4.1576 ], [ 17.095, 4.1656 ], [ 17.1036, 4.1873 ], [ 17.1166, 4.2068 ], [ 17.1449, 4.2168 ], [ 17.1676, 4.2454 ], [ 17.1736, 4.2481 ], [ 17.1874, 4.2371 ], [ 17.1947, 4.2257 ], [ 17.1983, 4.209 ], [ 17.2074, 4.2013 ], [ 17.217, 4.2002 ], [ 17.233, 4.2097 ], [ 17.244, 4.2222 ], [ 17.244, 4.2371 ], [ 17.2751, 4.2622 ], [ 17.2802, 4.2783 ], [ 17.2921, 4.2949 ], [ 17.344, 4.3214 ], [ 17.3441, 4.347 ], [ 17.359, 4.3642 ], [ 17.3941, 4.3653 ], [ 17.4179, 4.3498 ], [ 17.4494, 4.338 ], [ 17.4679, 4.3436 ], [ 17.4883, 4.3612 ], [ 17.4945, 4.3708 ], [ 17.5017, 4.374 ], [ 17.5088, 4.3713 ], [ 17.518, 4.3543 ], [ 17.5275, 4.3552 ], [ 17.5411, 4.3733 ], [ 17.5674, 4.3825 ], [ 17.5742, 4.3877 ], [ 17.5803, 4.3987 ], [ 17.5797, 4.4088 ], [ 17.5702, 4.4344 ], [ 17.5609, 4.4866 ], [ 17.5698, 4.5028 ], [ 17.5861, 4.5137 ], [ 17.5897, 4.5247 ], [ 17.5836, 4.5319 ], [ 17.5617, 4.5447 ], [ 17.5592, 4.5592 ], [ 17.5483, 4.5742 ] ] ] } },
{ "type": "Feature", "properties": { "iso3": "CAF", "unit_id": "68536942B83944550915986", "unit_name": "Berbérati" }, "geometry": { "type": "Polygon", "coordinates": [ [ [ 15.7493, 3.841 ], [ 15.7334, 3.9005 ], [ 15.737, 3.9329 ], [ 15.897, 4.0024 ], [ 16.0277, 3.9893 ], [ 16.0783, 3.9931 ], [ 16.0939, 3.9889 ], [ 16.0997, 3.9839 ], [ 16.1126, 3.9545 ], [ 16.1217, 3.8905 ], [ 16.1197, 3.8565 ], [ 16.1317, 3.8487 ], [ 16.2171, 3.8539 ], [ 16.298, 3.9036 ], [ 16.2756, 3.9318 ], [ 16.2517, 3.9502 ], [ 16.2862, 3.966 ], [ 16.3275, 4.0043 ], [ 16.3501, 4.003 ], [ 16.3673, 4.0175 ], [ 16.3727, 4.0307 ], [ 16.3939, 4.057 ], [ 16.4126, 4.0425 ], [ 16.4431, 4.0293 ], [ 16.4578, 4.0346 ], [ 16.4629, 4.0334 ], [ 16.5322, 4.0478 ], [ 16.5587, 4.0778 ], [ 16.5867, 4.0829 ], [ 16.6168, 4.0756 ], [ 16.6119, 4.1717 ], [ 16.6656, 4.2597 ], [ 16.6639, 4.2673 ], [ 16.652, 4.2711 ], [ 16.5836, 4.2749 ], [ 16.5674, 4.2803 ], [ 16.5555, 4.2889 ], [ 16.5388, 4.2845 ], [ 16.5035, 4.299 ], [ 16.4933, 4.3075 ], [ 16.4735, 4.3171 ], [ 16.4561, 4.3377 ], [ 16.4469, 4.3561 ], [ 16.448, 4.3934 ], [ 16.444, 4.4042 ], [ 16.4387, 4.406 ], [ 16.4063, 4.4093 ], [ 16.3916, 4.4145 ], [ 16.368, 4.4056 ], [ 16.3438, 4.413 ], [ 16.3154, 4.4164 ], [ 16.2767, 4.4123 ], [ 16.2509, 4.4159 ], [ 16.2185, 4.4102 ], [ 16.1893, 4.3967 ], [ 16.1759, 4.4067 ], [ 16.1641, 4.4232 ], [ 16.1587, 4.4464 ], [ 16.1344, 4.4723 ], [ 16.1245, 4.5005 ], [ 16.1139, 4.5168 ], [ 16.1098, 4.532 ], [ 16.1165, 4.5688 ], [ 16.1147, 4.5847 ], [ 16.0962, 4.6085 ], [ 16.0794, 4.6485 ], [ 16.0669, 4.6626 ], [ 16.0504, 4.663 ], [ 16.0482, 4.6716 ], [ 16.0424, 4.676 ], [ 16.0329, 4.6755 ], [ 16.0178, 4.6828 ], [ 15.9841, 4.689 ], [ 15.9162, 4.6863 ], [ 15.8453, 4.6716 ], [ 15.8026, 4.6675 ], [ 15.7773, 4.693 ], [ 15.765, 4.6985 ], [ 15.7444, 4.7183 ], [ 15.7154, 4.7387 ], [ 15.6894, 4.7511 ], [ 15.6789, 4.7601 ], [ 15.6581, 4.7645 ], [ 15.6207, 4.7435 ], [ 15.6013, 4.7248 ], [ 15.583, 4.6873 ], [ 15.5659, 4.6768 ], [ 15.5646, 4.6322 ], [ 15.5518, 4.616 ], [ 15.5444, 4.6114 ], [ 15.5146, 4.607 ], [ 15.4502, 4.61 ], [ 15.4242, 4.6184 ], [ 15.418, 4.6299 ], [ 15.3954, 4.6244 ], [ 15.3615, 4.6295 ], [ 15.3445, 4.6277 ], [ 15.307, 4.6405 ], [ 15.2874, 4.6348 ], [ 15.2719, 4.6373 ], [ 15.263, 4.6349 ], [ 15.2577, 4.6304 ], [ 15.2538, 4.6099 ], [ 15.2552, 4.6022 ], [ 15.2695, 4.5803 ], [ 15.2829, 4.576 ], [ 15.289, 4.5717 ], [ 15.2927, 4.5626 ], [ 15.2998, 4.5599 ], [ 15.2981, 4.5481 ], [ 15.3016, 4.538 ], [ 15.3003, 4.5315 ], [ 15.2912, 4.5201 ], [ 15.2941, 4.4944 ], [ 15.2848, 4.4745 ], [ 15.2848, 4.4491 ], [ 15.292, 4.4326 ], [ 15.3033, 4.3719 ], [ 15.3089, 4.3579 ], [ 15.317, 4.3521 ], [ 15.3221, 4.3435 ], [ 15.3253, 4.3262 ], [ 15.3435, 4.2867 ], [ 15.364, 4.2597 ], [ 15.3825, 4.2201 ], [ 15.3805, 4.1985 ], [ 15.3941, 4.1897 ], [ 15.4054, 4.1533 ], [ 15.4002, 4.1208 ], [ 15.4201, 4.0932 ], [ 15.4266, 4.0872 ], [ 15.4411, 4.0839 ], [ 15.4429, 4.0798 ], [ 15.4387, 4.0583 ], [ 15.4323, 4.0549 ], [ 15.4747, 4.06 ], [ 15.5025, 4.052 ], [ 15.5403, 4.0549 ], [ 15.5494, 4.0594 ], [ 15.5531, 4.079 ], [ 15.5737, 4.1063 ], [ 15.581, 4.1107 ], [ 15.5882, 4.1052 ], [ 15.5911, 4.1146 ], [ 15.6027, 4.1168 ], [ 15.6228, 4.1143 ], [ 15.628, 4.0977 ], [ 15.6196, 4.0586 ], [ 15.5906, 3.9802 ], [ 15.5859, 3.958 ], [ 15.5915, 3.9057 ], [ 15.602, 3.8819 ], [ 15.6208, 3.8579 ], [ 15.7176, 3.8239 ], [ 15.7493, 3.841 ] ] ] } },
{ "type": "Feature", "properties": { "iso3": "CAF", "unit_id": "68536942B58073882036617", "unit_name": "Gamboula" }, "geometry": { "type": "Polygon", "coordinates": [ [ [ 15.2626, 4.5873 ], [ 15.2446, 4.6305 ], [ 15.2334, 4.6383 ], [ 15.2305, 4.6532 ], [ 15.2218, 4.6645 ], [ 15.2247, 4.6703 ], [ 15.1706, 4.6677 ], [ 15.0949, 4.6727 ], [ 15.0299, 4.6662 ], [ 15.0016, 4.6688 ], [ 14.9445, 4.6662 ], [ 14.928, 4.668 ], [ 14.8822, 4.6623 ], [ 14.852, 4.6707 ], [ 14.8337, 4.6668 ], [ 14.8347, 4.7026 ], [ 14.8371, 4.7066 ], [ 14.8212, 4.7039 ], [ 14.7736, 4.7078 ], [ 14.7481, 4.7048 ], [ 14.7192, 4.7074 ], [ 14.7251, 4.6992 ], [ 14.7227, 4.6737 ], [ 14.7264, 4.6581 ], [ 14.724, 4.6413 ], [ 14.7348, 4.6187 ], [ 14.732, 4.6093 ], [ 14.7483, 4.5998 ], [ 14.7579, 4.5814 ], [ 14.7718, 4.5788 ], [ 14.7739, 4.5724 ], [ 14.792, 4.5502 ], [ 14.8071, 4.5389 ], [ 14.8153, 4.5246 ], [ 14.8229, 4.5239 ], [ 14.8323, 4.5181 ], [ 14.8368, 4.5105 ], [ 14.8554, 4.5082 ], [ 14.8586, 4.4974 ], [ 14.8737, 4.4913 ], [ 14.8909, 4.4669 ], [ 14.9076, 4.4639 ], [ 14.9433, 4.4451 ], [ 14.9486, 4.4343 ], [ 14.9694, 4.4356 ], [ 14.9818, 4.4321 ], [ 14.9871, 4.422 ], [ 15.0162, 4.4166 ], [ 15.0232, 4.3938 ], [ 15.0227, 4.3865 ], [ 15.0305, 4.3747 ], [ 15.0332, 4.363 ], [ 15.0371, 4.3616 ], [ 15.044, 4.3662 ], [ 15.0465, 4.3638 ], [ 15.0506, 4.3574 ], [ 15.0479, 4.3512 ], [ 15.0637, 4.3337 ], [ 15.0677, 4.3217 ], [ 15.0785, 4.3085 ], [ 15.0863, 4.3067 ], [ 15.0931, 4.2922 ], [ 15.097, 4.2696 ], [ 15.0949, 4.2641 ], [ 15.1015, 4.256 ], [ 15.0975, 4.2305 ], [ 15.1074, 4.2164 ], [ 15.1027, 4.2008 ], [ 15.107, 4.189 ], [ 15.1063, 4.1778 ], [ 15.113, 4.1718 ], [ 15.1102, 4.1667 ], [ 15.1127, 4.1603 ], [ 15.1106, 4.1552 ], [ 15.1138, 4.149 ], [ 15.1069, 4.1359 ], [ 15.1144, 4.1184 ], [ 15.1261, 4.1138 ], [ 15.1291, 4.1068 ], [ 15.138, 4.0999 ], [ 15.1491, 4.0658 ], [ 15.1525, 4.0644 ], [ 15.1606, 4.0683 ], [ 15.1789, 4.0669 ], [ 15.1803, 4.06 ], [ 15.1777, 4.055 ], [ 15.1836, 4.0543 ], [ 15.1831, 4.0403 ], [ 15.1869, 4.0317 ], [ 15.1944, 4.0256 ], [ 15.2007, 4.0231 ], [ 15.233, 4.0238 ], [ 15.2333, 4.0203 ], [ 15.2442, 4.0118 ], [ 15.2574, 4.0064 ], [ 15.2666, 4.0085 ], [ 15.2944, 3.9976 ], [ 15.3183, 3.9958 ], [ 15.353, 4.0082 ], [ 15.375, 4.0352 ], [ 15.3997, 4.0587 ], [ 15.4139, 4.0626 ], [ 15.4238, 4.0593 ], [ 15.4288, 4.0538 ], [ 15.4387, 4.0583 ], [ 15.4429, 4.0798 ], [ 15.4411, 4.0839 ], [ 15.4266, 4.0872 ], [ 15.4201, 4.0932 ], [ 15.4002, 4.1208 ], [ 15.4054, 4.1533 ], [ 15.3941, 4.1897 ], [ 15.3805, 4.1985 ], [ 15.3825, 4.2201 ], [ 15.364, 4.2597 ], [ 15.3435, 4.2867 ], [ 15.3253, 4.3262 ], [ 15.3221, 4.3435 ], [ 15.317, 4.3521 ], [ 15.3089, 4.3579 ], [ 15.3033, 4.3719 ], [ 15.292, 4.4326 ], [ 15.2848, 4.4491 ], [ 15.2848, 4.4745 ], [ 15.2941, 4.4944 ], [ 15.2912, 4.5201 ], [ 15.3003, 4.5315 ], [ 15.3016, 4.538 ], [ 15.2981, 4.5481 ], [ 15.2998, 4.5599 ], [ 15.2927, 4.5626 ], [ 15.289, 4.5717 ], [ 15.2695, 4.5803 ], [ 15.2626, 4.5873 ] ] ] } },
{ "type": "Feature", "properties": { "iso3": "CAF", "unit_id": "68536942B27029899038176", "unit_name": "Carnot" }, "geometry": { "type": "Polygon", "coordinates": [ [ [ 16.8894, 4.4203 ], [ 16.8528, 4.4319 ], [ 16.8269, 4.4511 ], [ 16.8071, 4.4684 ], [ 16.7904, 4.4993 ], [ 16.7806, 4.5081 ], [ 16.7779, 4.5155 ], [ 16.7656, 4.5276 ], [ 16.746, 4.5373 ], [ 16.7308, 4.5568 ], [ 16.7117, 4.5656 ], [ 16.6736, 4.5727 ], [ 16.6637, 4.5795 ], [ 16.6533, 4.5896 ], [ 16.6499, 4.6252 ], [ 16.6441, 4.6243 ], [ 16.6239, 4.5953 ], [ 16.5946, 4.6148 ], [ 16.5807, 4.6491 ], [ 16.5695, 4.6421 ], [ 16.5544, 4.6477 ], [ 16.5324, 4.6658 ], [ 16.5242, 4.6671 ], [ 16.5023, 4.6612 ], [ 16.4802, 4.6688 ], [ 16.4521, 4.6802 ], [ 16.4253, 4.71 ], [ 16.4126, 4.6893 ], [ 16.3961, 4.6977 ], [ 16.3947, 4.7341 ], [ 16.3839, 4.7427 ], [ 16.3686, 4.7411 ], [ 16.343, 4.7236 ], [ 16.3368, 4.7245 ], [ 16.3083, 4.7357 ], [ 16.2983, 4.7534 ], [ 16.2911, 4.7586 ], [ 16.2638, 4.7646 ], [ 16.2611, 4.7895 ], [ 16.2378, 4.8164 ], [ 16.2256, 4.8442 ], [ 16.2194, 4.8755 ], [ 16.1987, 4.902 ], [ 16.192, 4.9601 ], [ 16.1571, 4.9582 ], [ 16.127, 5.0024 ], [ 16.1233, 5.0114 ], [ 16.1316, 5.0175 ], [ 16.1349, 5.0285 ], [ 16.1446, 5.0359 ], [ 16.1102, 5.0369 ], [ 16.1041, 5.0483 ], [ 16.1076, 5.0563 ], [ 16.1017, 5.0548 ], [ 16.0799, 5.0716 ], [ 16.0362, 5.0689 ], [ 16.0262, 5.0718 ], [ 16.027, 5.0757 ], [ 16.0192, 5.0771 ], [ 16.016, 5.0815 ], [ 16.0113, 5.0789 ], [ 15.9768, 5.1241 ], [ 15.9849, 5.2038 ], [ 15.9541, 5.2218 ], [ 15.9346, 5.2114 ], [ 15.9189, 5.1645 ], [ 15.9014, 5.1428 ], [ 15.8807, 5.1068 ], [ 15.8481, 5.0924 ], [ 15.8259, 5.0756 ], [ 15.6871, 5.0791 ], [ 15.6944, 5.0169 ], [ 15.6689, 5.0253 ], [ 15.6628, 5.0247 ], [ 15.6511, 5.0161 ], [ 15.6355, 5.0211 ], [ 15.6064, 5.0167 ], [ 15.5747, 5.0255 ], [ 15.5575, 5.0228 ], [ 15.5161, 5.0419 ], [ 15.4973, 5.0549 ], [ 15.4706, 5.0409 ], [ 15.4258, 5.0061 ], [ 15.4058, 4.9998 ], [ 15.4132, 4.9573 ], [ 15.4459, 4.8511 ], [ 15.4543, 4.7906 ], [ 15.4617, 4.7737 ], [ 15.4762, 4.7198 ], [ 15.5017, 4.6875 ], [ 15.5326, 4.6744 ], [ 15.5482, 4.6629 ], [ 15.5551, 4.6535 ], [ 15.5635, 4.6507 ], [ 15.5659, 4.6768 ], [ 15.583, 4.6873 ], [ 15.6013, 4.7248 ], [ 15.6207, 4.7435 ], [ 15.6581, 4.7645 ], [ 15.6789, 4.7601 ], [ 15.6894, 4.7511 ], [ 15.7154, 4.7387 ], [ 15.7444, 4.7183 ], [ 15.765, 4.6985 ], [ 15.7773, 4.693 ], [ 15.8026, 4.6675 ], [ 15.8453, 4.6716 ], [ 15.9162, 4.6863 ], [ 15.9395, 4.6879 ], [ 15.9841, 4.689 ], [ 16.0178, 4.6828 ], [ 16.0329, 4.6755 ], [ 16.0424, 4.676 ], [ 16.0482, 4.6716 ], [ 16.0504, 4.663 ], [ 16.0669, 4.6626 ], [ 16.0731, 4.6575 ], [ 16.0962, 4.6085 ], [ 16.1126, 4.5893 ], [ 16.1165, 4.5688 ], [ 16.1098, 4.532 ], [ 16.1139, 4.5168 ], [ 16.1245, 4.5005 ], [ 16.1344, 4.4723 ], [ 16.1587, 4.4464 ], [ 16.1641, 4.4232 ], [ 16.1759, 4.4067 ], [ 16.1893, 4.3967 ], [ 16.2185, 4.4102 ], [ 16.2509, 4.4159 ], [ 16.2767, 4.4123 ], [ 16.3154, 4.4164 ], [ 16.3438, 4.413 ], [ 16.368, 4.4056 ], [ 16.3916, 4.4145 ], [ 16.4063, 4.4093 ], [ 16.4387, 4.406 ], [ 16.444, 4.4042 ], [ 16.448, 4.3934 ], [ 16.4469, 4.3561 ], [ 16.4561, 4.3377 ], [ 16.4735, 4.3171 ], [ 16.4933, 4.3075 ], [ 16.5035, 4.299 ], [ 16.5388, 4.2845 ], [ 16.5555, 4.2889 ], [ 16.5674, 4.2803 ], [ 16.5836, 4.2749 ], [ 16.652, 4.2711 ], [ 16.6639, 4.2673 ], [ 16.6656, 4.2597 ], [ 16.7351, 4.2476 ], [ 16.7514, 4.2686 ], [ 16.7694, 4.3064 ], [ 16.7786, 4.3361 ], [ 16.8605, 4.4136 ], [ 16.87, 4.4181 ], [ 16.8894, 4.4203 ] ] ] } },
{ "type": "Feature", "properties": { "iso3": "CAF", "unit_id": "68536942B18154341690495", "unit_name": "Amada-Gaza" }, "geometry": { "type": "Polygon", "coordinates": [ [ [ 15.5635, 4.6507 ], [ 15.5551, 4.6535 ], [ 15.5482, 4.6629 ], [ 15.5326, 4.6744 ], [ 15.5017, 4.6875 ], [ 15.4762, 4.7198 ], [ 15.4512, 4.8017 ], [ 15.4459, 4.8511 ], [ 15.4132, 4.9573 ], [ 15.4058, 4.9998 ], [ 15.3744, 4.9964 ], [ 15.3383, 5.0178 ], [ 15.3255, 5.0167 ], [ 15.3136, 5.0 ], [ 15.0789, 4.9986 ], [ 15.0608, 4.9705 ], [ 15.0431, 4.9497 ], [ 15.0311, 4.9411 ], [ 15.0222, 4.9397 ], [ 15.0064, 4.9464 ], [ 14.9564, 5.0019 ], [ 14.94, 5.0108 ], [ 14.9191, 5.0069 ], [ 14.8955, 4.9953 ], [ 14.8667, 4.9911 ], [ 14.8442, 4.9917 ], [ 14.79, 5.005 ], [ 14.7217, 5.0147 ], [ 14.6838, 5.0121 ], [ 14.6841, 5.0083 ], [ 14.6799, 5.0092 ], [ 14.6836, 5.0 ], [ 14.6787, 4.9869 ], [ 14.6842, 4.9834 ], [ 14.6959, 4.9606 ], [ 14.6913, 4.9436 ], [ 14.6926, 4.9393 ], [ 14.6857, 4.9275 ], [ 14.6937, 4.9192 ], [ 14.7069, 4.8792 ], [ 14.7156, 4.8665 ], [ 14.7138, 4.8592 ], [ 14.7073, 4.8546 ], [ 14.7103, 4.847 ], [ 14.7085, 4.841 ], [ 14.7139, 4.8338 ], [ 14.7219, 4.8009 ], [ 14.7214, 4.7878 ], [ 14.7147, 4.7701 ], [ 14.7028, 4.7639 ], [ 14.7204, 4.7402 ], [ 14.7226, 4.7064 ], [ 14.7573, 4.7051 ], [ 14.7736, 4.7078 ], [ 14.8212, 4.7039 ], [ 14.8371, 4.7066 ], [ 14.8347, 4.7026 ], [ 14.8337, 4.6668 ], [ 14.852, 4.6707 ], [ 14.8822, 4.6623 ], [ 14.928, 4.668 ], [ 14.9445, 4.6662 ], [ 15.0016, 4.6688 ], [ 15.0299, 4.6662 ], [ 15.0949, 4.6727 ], [ 15.1706, 4.6677 ], [ 15.2247, 4.6703 ], [ 15.2218, 4.6645 ], [ 15.2305, 4.6532 ], [ 15.2334, 4.6383 ], [ 15.2446, 4.6305 ], [ 15.2538, 4.6099 ], [ 15.2577, 4.6304 ], [ 15.263, 4.6349 ], [ 15.2719, 4.6373 ], [ 15.2874, 4.6348 ], [ 15.307, 4.6405 ], [ 15.3445, 4.6277 ], [ 15.3615, 4.6295 ], [ 15.3954, 4.6244 ], [ 15.418, 4.6299 ], [ 15.4242, 4.6184 ], [ 15.4502, 4.61 ], [ 15.528, 4.6079 ], [ 15.5518, 4.616 ], [ 15.5646, 4.6322 ], [ 15.5635, 4.6507 ] ] ] } },
{ "type": "Feature", "properties": { "iso3": "CAF", "unit_id": "68536942B95736896831373", "unit_name": "Sosso-Nakombo" }, "geometry": { "type": "Polygon", "coordinates": [ [ [ 15.4747, 4.06 ], [ 15.4288, 4.0538 ], [ 15.4238, 4.0593 ], [ 15.4139, 4.0626 ], [ 15.3978, 4.0561 ], [ 15.398, 4.0432 ], [ 15.4134, 4.0175 ], [ 15.4079, 3.9855 ], [ 15.4032, 3.9752 ], [ 15.4132, 3.9554 ], [ 15.4135, 3.9478 ], [ 15.4237, 3.9383 ], [ 15.426, 3.9254 ], [ 15.4314, 3.9211 ], [ 15.4355, 3.9107 ], [ 15.4467, 3.9024 ], [ 15.452, 3.8839 ], [ 15.4672, 3.8733 ], [ 15.4662, 3.8647 ], [ 15.458, 3.8516 ], [ 15.4594, 3.8359 ], [ 15.4765, 3.8148 ], [ 15.469, 3.7847 ], [ 15.485, 3.7775 ], [ 15.4919, 3.7703 ], [ 15.5, 3.7392 ], [ 15.5278, 3.7383 ], [ 15.56, 3.7475 ], [ 15.5783, 3.7647 ], [ 15.5866, 3.784 ], [ 15.5989, 3.7693 ], [ 15.629, 3.7691 ], [ 15.6445, 3.7587 ], [ 15.6633, 3.7658 ], [ 15.6945, 3.7662 ], [ 15.7343, 3.7374 ], [ 15.7432, 3.7215 ], [ 15.7576, 3.7179 ], [ 15.7604, 3.7083 ], [ 15.773, 3.7013 ], [ 15.7999, 3.7038 ], [ 15.8014, 3.7377 ], [ 15.7885, 3.7706 ], [ 15.7912, 3.7982 ], [ 15.7773, 3.8164 ], [ 15.7537, 3.8326 ], [ 15.7493, 3.841 ], [ 15.7176, 3.8239 ], [ 15.6208, 3.8579 ], [ 15.602, 3.8819 ], [ 15.5915, 3.9057 ], [ 15.5859, 3.958 ], [ 15.5906, 3.9802 ], [ 15.6196, 4.0586 ], [ 15.628, 4.0977 ], [ 15.6228, 4.1143 ], [ 15.6027, 4.1168 ], [ 15.5911, 4.1146 ], [ 15.5882, 4.1052 ], [ 15.581, 4.1107 ], [ 15.5737, 4.1063 ], [ 15.5531, 4.079 ], [ 15.5494, 4.0594 ], [ 15.5403, 4.0549 ], [ 15.5025, 4.052 ], [ 15.4747, 4.06 ] ] ] } },
{ "type": "Feature", "properties": { "iso3": "CAF", "unit_id": "68536942B19287702727245", "unit_name": "Dédé-Mokouba" }, "geometry": { "type": "Polygon", "coordinates": [ [ [ 15.1777, 4.055 ], [ 15.1126, 4.0321 ], [ 15.0967, 4.0211 ], [ 15.0676, 4.0129 ], [ 15.0577, 3.9972 ], [ 15.0903, 3.9959 ], [ 15.0972, 3.9825 ], [ 15.1071, 3.945 ], [ 15.1506, 3.8707 ], [ 15.2221, 3.7595 ], [ 15.2313, 3.7388 ], [ 15.2478, 3.714 ], [ 15.2819, 3.6767 ], [ 15.328, 3.7104 ], [ 15.3544, 3.7211 ], [ 15.3967, 3.7447 ], [ 15.4231, 3.7717 ], [ 15.4353, 3.7793 ], [ 15.469, 3.7847 ], [ 15.4765, 3.8148 ], [ 15.4594, 3.8359 ], [ 15.458, 3.8516 ], [ 15.4662, 3.8647 ], [ 15.4672, 3.8733 ], [ 15.452, 3.8839 ], [ 15.4467, 3.9024 ], [ 15.4355, 3.9107 ], [ 15.4314, 3.9211 ], [ 15.426, 3.9254 ], [ 15.4237, 3.9383 ], [ 15.4135, 3.9478 ], [ 15.4132, 3.9554 ], [ 15.4042, 3.9709 ], [ 15.4134, 4.0175 ], [ 15.398, 4.0432 ], [ 15.3978, 4.0561 ], [ 15.375, 4.0352 ], [ 15.353, 4.0082 ], [ 15.3101, 3.9954 ], [ 15.2944, 3.9976 ], [ 15.2666, 4.0085 ], [ 15.2574, 4.0064 ], [ 15.2442, 4.0118 ], [ 15.2333, 4.0203 ], [ 15.233, 4.0238 ], [ 15.2007, 4.0231 ], [ 15.1944, 4.0256 ], [ 15.1869, 4.0317 ], [ 15.1831, 4.0403 ], [ 15.1836, 4.0543 ], [ 15.1777, 4.055 ] ] ] } },
{ "type": "Feature", "properties": { "iso3": "CAF", "unit_id": "68536942B96877591124552", "unit_name": "Gadzi" }, "geometry": { "type": "Polygon", "coordinates": [ [ [ 16.5719, 5.2978 ], [ 16.4219, 5.2242 ], [ 16.2628, 5.1686 ], [ 16.1618, 5.1067 ], [ 16.0799, 5.0716 ], [ 16.1017, 5.0548 ], [ 16.1076, 5.0563 ], [ 16.1041, 5.0483 ], [ 16.1102, 5.0369 ], [ 16.1446, 5.0359 ], [ 16.1349, 5.0285 ], [ 16.1316, 5.0175 ], [ 16.1233, 5.0114 ], [ 16.1571, 4.9582 ], [ 16.192, 4.9601 ], [ 16.1987, 4.902 ], [ 16.2194, 4.8755 ], [ 16.2256, 4.8442 ], [ 16.2378, 4.8164 ], [ 16.2611, 4.7895 ], [ 16.2638, 4.7646 ], [ 16.2911, 4.7586 ], [ 16.2983, 4.7534 ], [ 16.3083, 4.7357 ], [ 16.3368, 4.7245 ], [ 16.343, 4.7236 ], [ 16.3686, 4.7411 ], [ 16.3839, 4.7427 ], [ 16.3947, 4.7341 ], [ 16.3961, 4.6977 ], [ 16.4126, 4.6893 ], [ 16.4253, 4.71 ], [ 16.4521, 4.6802 ], [ 16.4802, 4.6688 ], [ 16.5023, 4.6612 ], [ 16.5242, 4.6671 ], [ 16.5324, 4.6658 ], [ 16.5544, 4.6477 ], [ 16.5695, 4.6421 ], [ 16.5807, 4.6491 ], [ 16.5946, 4.6148 ], [ 16.6239, 4.5953 ], [ 16.6441, 4.6243 ], [ 16.6499, 4.6252 ], [ 16.6533, 4.5896 ], [ 16.6637, 4.5795 ], [ 16.6736, 4.5727 ], [ 16.7117, 4.5656 ], [ 16.7308, 4.5568 ], [ 16.746, 4.5373 ], [ 16.7656, 4.5276 ], [ 16.7779, 4.5155 ], [ 16.7806, 4.5081 ], [ 16.7904, 4.4993 ], [ 16.8071, 4.4684 ], [ 16.8528, 4.4319 ], [ 16.8894, 4.4203 ], [ 16.9556, 4.3808 ], [ 16.9675, 4.3633 ], [ 16.9872, 4.3464 ], [ 17.0033, 4.3408 ], [ 17.0322, 4.3378 ], [ 17.0736, 4.3374 ], [ 17.0739, 4.3572 ], [ 17.0714, 4.3614 ], [ 17.0611, 4.365 ], [ 17.0489, 4.3636 ], [ 17.0403, 4.3686 ], [ 17.0194, 4.395 ], [ 17.0094, 4.4264 ], [ 16.9997, 4.443 ], [ 16.993, 4.4636 ], [ 16.9825, 4.48 ], [ 16.9631, 4.4944 ], [ 16.9367, 4.5061 ], [ 16.9292, 4.5125 ], [ 16.9267, 4.5367 ], [ 16.9058, 4.57 ], [ 16.8842, 4.6153 ], [ 16.8761, 4.6278 ], [ 16.8469, 4.6531 ], [ 16.8289, 4.7272 ], [ 16.8319, 4.745 ], [ 16.8314, 4.7769 ], [ 16.8364, 4.8058 ], [ 16.8306, 4.82 ], [ 16.8397, 4.838 ], [ 16.8344, 4.8667 ], [ 16.8403, 4.8684 ], [ 16.8404, 4.8763 ], [ 16.8633, 4.8789 ], [ 16.9147, 4.9044 ], [ 16.9172, 4.9119 ], [ 16.9242, 4.9164 ], [ 16.9539, 4.9289 ], [ 16.965, 4.9486 ], [ 16.9778, 4.9564 ], [ 17.0047, 4.9594 ], [ 17.0275, 4.9669 ], [ 17.0333, 4.9717 ], [ 17.0425, 4.9936 ], [ 17.0428, 5.0105 ], [ 17.0379, 5.023 ], [ 16.9958, 5.0825 ], [ 16.9939, 5.0905 ], [ 17.0005, 5.0961 ], [ 17.0258, 5.0992 ], [ 17.0528, 5.1242 ], [ 17.0686, 5.1314 ], [ 17.1061, 5.1397 ], [ 17.1156, 5.1456 ], [ 17.1211, 5.155 ], [ 17.1222, 5.1653 ], [ 17.0867, 5.2083 ], [ 17.0569, 5.268 ], [ 17.0358, 5.2894 ], [ 16.9328, 5.3625 ], [ 16.9192, 5.3705 ], [ 16.9061, 5.3733 ], [ 16.8925, 5.3717 ], [ 16.8383, 5.3508 ], [ 16.8164, 5.3464 ], [ 16.7886, 5.3467 ], [ 16.7681, 5.3544 ], [ 16.7289, 5.3853 ], [ 16.7197, 5.3903 ], [ 16.7111, 5.3906 ], [ 16.6903, 5.3803 ], [ 16.5719, 5.2978 ] ] ] } },
{ "type": "Feature", "properties": { "iso3": "CAF", "unit_id": "68536942B67145292795148", "unit_name": "Bouar" }, "geometry": { "type": "Polygon", "coordinates": [ [ [ 15.8259, 5.0756 ], [ 15.8112, 5.1144 ], [ 15.8171, 5.1726 ], [ 15.8062, 5.1921 ], [ 15.7954, 5.2615 ], [ 15.7908, 5.2763 ], [ 15.7623, 5.3186 ], [ 15.7678, 5.3299 ], [ 15.7694, 5.345 ], [ 15.7805, 5.3614 ], [ 15.7909, 5.3897 ], [ 15.7888, 5.4182 ], [ 15.7944, 5.4559 ], [ 15.8011, 5.475 ], [ 15.8118, 5.5458 ], [ 15.8038, 5.5778 ], [ 15.8046, 5.5887 ], [ 15.8288, 5.6148 ], [ 15.861, 5.6295 ], [ 15.8768, 5.6557 ], [ 15.9081, 5.6788 ], [ 15.9096, 5.686 ], [ 15.9209, 5.6962 ], [ 15.9228, 5.7081 ], [ 15.9346, 5.7354 ], [ 15.9395, 5.7734 ], [ 15.9334, 5.7901 ], [ 15.9058, 5.8069 ], [ 15.909, 5.8356 ], [ 15.8946, 5.8722 ], [ 15.9031, 5.8895 ], [ 15.9022, 5.9023 ], [ 15.8957, 5.9133 ], [ 15.8754, 5.9225 ], [ 15.8495, 5.9225 ], [ 15.819, 5.9472 ], [ 15.8209, 6.0022 ], [ 15.8153, 6.0086 ], [ 15.8061, 6.0077 ], [ 15.8033, 6.0141 ], [ 15.8107, 6.0526 ], [ 15.8067, 6.074 ], [ 15.8089, 6.1186 ], [ 15.7692, 6.1975 ], [ 15.728, 6.2444 ], [ 15.7064, 6.2614 ], [ 15.7017, 6.2703 ], [ 15.7136, 6.2972 ], [ 15.7894, 6.3678 ], [ 15.795, 6.3806 ], [ 15.7922, 6.3908 ], [ 15.7781, 6.4086 ], [ 15.7533, 6.4261 ], [ 15.7433, 6.4119 ], [ 15.7255, 6.4025 ], [ 15.7078, 6.3861 ], [ 15.6958, 6.3844 ], [ 15.6825, 6.3772 ], [ 15.6575, 6.3758 ], [ 15.6456, 6.3672 ], [ 15.6242, 6.3619 ], [ 15.6086, 6.3503 ], [ 15.5894, 6.3419 ], [ 15.5575, 6.3336 ], [ 15.5453, 6.3069 ], [ 15.5406, 6.305 ], [ 15.5133, 6.3128 ], [ 15.4947, 6.3144 ], [ 15.4811, 6.3217 ], [ 15.4744, 6.3219 ], [ 15.4592, 6.3169 ], [ 15.4405, 6.3011 ], [ 15.4258, 6.2958 ], [ 15.3858, 6.3247 ], [ 15.3742, 6.3469 ], [ 15.3533, 6.3675 ], [ 15.3517, 6.3922 ], [ 15.3411, 6.4092 ], [ 15.3327, 6.4468 ], [ 15.3231, 6.4535 ], [ 15.3211, 6.4595 ], [ 15.32, 6.4997 ], [ 15.3139, 6.5406 ], [ 15.3138, 6.5736 ], [ 15.2828, 6.6214 ], [ 15.268, 6.6339 ], [ 15.2078, 6.6719 ], [ 15.1917, 6.6872 ], [ 15.1858, 6.7014 ], [ 15.1922, 6.7503 ], [ 15.1833, 6.7575 ], [ 15.1767, 6.7572 ], [ 15.1525, 6.7453 ], [ 15.1103, 6.7317 ], [ 15.0964, 6.7314 ], [ 15.0486, 6.7184 ], [ 15.0325, 6.7184 ], [ 15.0082, 6.7103 ], [ 14.9881, 6.7106 ], [ 14.9688, 6.7018 ], [ 14.9461, 6.7016 ], [ 14.9308, 6.6581 ], [ 14.915, 6.625 ], [ 14.9386, 6.6145 ], [ 14.9592, 6.5573 ], [ 15.0005, 6.4824 ], [ 15.0204, 6.4711 ], [ 15.0329, 6.4708 ], [ 15.0472, 6.4638 ], [ 15.0577, 6.4638 ], [ 15.0627, 6.4478 ], [ 15.0582, 6.433 ], [ 15.058, 6.4183 ], [ 15.0514, 6.407 ], [ 15.0418, 6.4004 ], [ 15.0316, 6.3823 ], [ 15.051, 6.338 ], [ 15.0677, 6.3252 ], [ 15.1034, 6.3214 ], [ 15.1157, 6.2987 ], [ 15.1331, 6.2426 ], [ 15.132, 6.2117 ], [ 15.1195, 6.1901 ], [ 15.1195, 6.1836 ], [ 15.103, 6.1783 ], [ 15.0957, 6.1686 ], [ 15.0948, 6.1599 ], [ 15.1002, 6.151 ], [ 15.102, 6.1321 ], [ 15.0957, 6.1073 ], [ 15.0977, 6.1 ], [ 15.0932, 6.094 ], [ 15.0769, 6.0988 ], [ 15.0696, 6.092 ], [ 15.0859, 6.0833 ], [ 15.1176, 6.058 ], [ 15.1174, 6.0507 ], [ 15.1069, 6.0272 ], [ 15.1154, 6.0119 ], [ 15.1137, 6.0052 ], [ 15.1177, 5.9978 ], [ 15.1448, 5.9848 ], [ 15.1484, 5.9698 ], [ 15.1366, 5.9525 ], [ 15.139, 5.9428 ], [ 15.1328, 5.944 ], [ 15.13, 5.9406 ], [ 15.1344, 5.9202 ], [ 15.1327, 5.9096 ], [ 15.141, 5.879 ], [ 15.1362, 5.87 ], [ 15.1378, 5.8658 ], [ 15.1545, 5.8524 ], [ 15.1738, 5.8442 ], [ 15.1735, 5.8362 ], [ 15.1839, 5.8251 ], [ 15.1873, 5.8166 ], [ 15.2037, 5.8059 ], [ 15.2083, 5.8067 ], [ 15.2294, 5.7877 ], [ 15.2398, 5.7843 ], [ 15.233, 5.7751 ], [ 15.234, 5.7706 ], [ 15.2417, 5.7669 ], [ 15.2517, 5.7697 ], [ 15.2592, 5.7768 ], [ 15.272, 5.7706 ], [ 15.2805, 5.7726 ], [ 15.2882, 5.7694 ], [ 15.3, 5.7705 ], [ 15.314, 5.7608 ], [ 15.3331, 5.7755 ], [ 15.3412, 5.7738 ], [ 15.3684, 5.7785 ], [ 15.375, 5.775 ], [ 15.386, 5.7746 ], [ 15.3834, 5.7599 ], [ 15.3943, 5.7616 ], [ 15.4042, 5.7417 ], [ 15.4131, 5.7485 ], [ 15.436, 5.7447 ], [ 15.4362, 5.7365 ], [ 15.4286, 5.7299 ], [ 15.4313, 5.718 ], [ 15.4442, 5.7131 ], [ 15.4525, 5.7005 ], [ 15.4702, 5.6903 ], [ 15.4769, 5.6765 ], [ 15.473, 5.6627 ], [ 15.4903, 5.6652 ], [ 15.4871, 5.6519 ], [ 15.5406, 5.6132 ], [ 15.5395, 5.5996 ], [ 15.5361, 5.5946 ], [ 15.5063, 5.5868 ], [ 15.4727, 5.5623 ], [ 15.4127, 5.5401 ], [ 15.4029, 5.5306 ], [ 15.3874, 5.5235 ], [ 15.3828, 5.5143 ], [ 15.3895, 5.5082 ], [ 15.4015, 5.5043 ], [ 15.4063, 5.4953 ], [ 15.4229, 5.4851 ], [ 15.433, 5.4737 ], [ 15.4418, 5.4559 ], [ 15.4402, 5.4439 ], [ 15.4531, 5.4105 ], [ 15.4543, 5.3917 ], [ 15.4649, 5.3582 ], [ 15.4658, 5.3301 ], [ 15.4709, 5.3197 ], [ 15.479, 5.3129 ], [ 15.488, 5.2758 ], [ 15.4933, 5.2741 ], [ 15.5001, 5.2589 ], [ 15.5215, 5.2372 ], [ 15.5452, 5.2274 ], [ 15.5818, 5.2222 ], [ 15.5974, 5.2164 ], [ 15.6107, 5.206 ], [ 15.6209, 5.192 ], [ 15.6433, 5.1763 ], [ 15.6688, 5.1309 ], [ 15.6781, 5.0985 ], [ 15.6871, 5.0791 ], [ 15.8259, 5.0756 ] ] ] } },
{ "type": "Feature", "properties": { "iso3": "CAF", "unit_id": "68536942B96330301464034", "unit_name": "Baoro" }, "geometry": { "type": "Polygon", "coordinates": [ [ [ 16.5147, 5.5683 ], [ 16.5056, 5.5892 ], [ 16.4706, 5.6233 ], [ 16.4639, 5.635 ], [ 16.4578, 5.6733 ], [ 16.4533, 5.6789 ], [ 16.4425, 5.6903 ], [ 16.3894, 5.7236 ], [ 16.3775, 5.7456 ], [ 16.3314, 5.7625 ], [ 16.3172, 5.7722 ], [ 16.2706, 5.8314 ], [ 16.2572, 5.8553 ], [ 16.2611, 5.8717 ], [ 16.2597, 5.8969 ], [ 16.2539, 5.9044 ], [ 16.2375, 5.91 ], [ 16.2192, 5.9117 ], [ 16.2039, 5.9128 ], [ 16.1925, 5.9092 ], [ 16.1872, 5.9008 ], [ 16.1692, 5.845 ], [ 16.1589, 5.8311 ], [ 16.105, 5.7956 ], [ 16.0667, 5.7867 ], [ 16.0533, 5.7897 ], [ 16.0344, 5.8 ], [ 15.9978, 5.7978 ], [ 15.9839, 5.8053 ], [ 15.9592, 5.8417 ], [ 15.9491, 5.8513 ], [ 15.9289, 5.8496 ], [ 15.9013, 5.8548 ], [ 15.909, 5.8356 ], [ 15.9058, 5.8069 ], [ 15.9334, 5.7901 ], [ 15.9378, 5.7826 ], [ 15.9395, 5.7734 ], [ 15.9346, 5.7354 ], [ 15.9228, 5.7081 ], [ 15.9209, 5.6962 ], [ 15.9096, 5.686 ], [ 15.9081, 5.6788 ], [ 15.8768, 5.6557 ], [ 15.861, 5.6295 ], [ 15.8288, 5.6148 ], [ 15.8046, 5.5887 ], [ 15.8038, 5.5778 ], [ 15.8118, 5.5458 ], [ 15.8011, 5.475 ], [ 15.7944, 5.4559 ], [ 15.7888, 5.4182 ], [ 15.7909, 5.3897 ], [ 15.7805, 5.3614 ], [ 15.7694, 5.345 ], [ 15.7678, 5.3299 ], [ 15.7623, 5.3186 ], [ 15.7908, 5.2763 ], [ 15.7954, 5.2615 ], [ 15.8062, 5.1921 ], [ 15.8171, 5.1726 ], [ 15.8112, 5.1144 ], [ 15.8259, 5.0756 ], [ 15.8481, 5.0924 ], [ 15.8807, 5.1068 ], [ 15.9014, 5.1428 ], [ 15.9189, 5.1645 ], [ 15.9346, 5.2114 ], [ 15.9541, 5.2218 ], [ 15.9849, 5.2038 ], [ 15.9768, 5.1241 ], [ 16.0113, 5.0789 ], [ 16.016, 5.0815 ], [ 16.0192, 5.0771 ], [ 16.027, 5.0757 ], [ 16.0262, 5.0718 ], [ 16.0362, 5.0689 ], [ 16.0799, 5.0716 ], [ 16.1618, 5.1067 ], [ 16.2628, 5.1686 ], [ 16.4219, 5.2242 ], [ 16.5248, 5.2742 ], [ 16.5189, 5.3261 ], [ 16.5122, 5.3461 ], [ 16.4894, 5.3914 ], [ 16.4897, 5.4028 ], [ 16.5186, 5.5136 ], [ 16.5197, 5.5425 ], [ 16.5147, 5.5683 ] ] ] } },
{ "type": "Feature", "properties": { "iso3": "CAF", "unit_id": "68536942B90697170829527", "unit_name": "Baboua" }, "geometry": { "type": "Polygon", "coordinates": [ [ [ 14.9315, 5.0111 ], [ 14.9315, 5.0201 ], [ 14.9259, 5.0261 ], [ 14.8552, 5.0321 ], [ 14.8492, 5.0855 ], [ 14.8526, 5.1326 ], [ 14.8499, 5.1769 ], [ 14.859, 5.2022 ], [ 14.9014, 5.2229 ], [ 14.9342, 5.2348 ], [ 14.9526, 5.2515 ], [ 14.9794, 5.2851 ], [ 14.9818, 5.2887 ], [ 14.9786, 5.3414 ], [ 14.9838, 5.375 ], [ 14.9677, 5.3957 ], [ 14.9494, 5.4067 ], [ 14.9484, 5.4125 ], [ 14.9365, 5.4163 ], [ 14.9134, 5.4367 ], [ 14.8859, 5.449 ], [ 14.8804, 5.4561 ], [ 14.882, 5.4648 ], [ 14.8776, 5.4878 ], [ 14.876, 5.4931 ], [ 14.868, 5.4992 ], [ 14.8651, 5.5572 ], [ 14.8521, 5.5859 ], [ 14.8456, 5.6168 ], [ 14.8469, 5.6252 ], [ 14.8672, 5.6214 ], [ 14.8778, 5.6135 ], [ 14.8859, 5.5995 ], [ 14.8874, 5.5743 ], [ 14.9049, 5.5547 ], [ 14.9218, 5.5464 ], [ 14.9277, 5.5464 ], [ 14.9672, 5.5216 ], [ 15.0531, 5.5025 ], [ 15.1206, 5.4772 ], [ 15.1337, 5.465 ], [ 15.1437, 5.446 ], [ 15.1614, 5.4598 ], [ 15.174, 5.4813 ], [ 15.1731, 5.5206 ], [ 15.1791, 5.5319 ], [ 15.1923, 5.5363 ], [ 15.2414, 5.5341 ], [ 15.2517, 5.5362 ], [ 15.2563, 5.5232 ], [ 15.2598, 5.4861 ], [ 15.2469, 5.4552 ], [ 15.2517, 5.4425 ], [ 15.2696, 5.443 ], [ 15.3034, 5.4545 ], [ 15.3179, 5.4496 ], [ 15.3402, 5.4522 ], [ 15.3613, 5.4474 ], [ 15.4402, 5.449 ], [ 15.4418, 5.4559 ], [ 15.433, 5.4737 ], [ 15.4229, 5.4851 ], [ 15.4063, 5.4953 ], [ 15.4015, 5.5043 ], [ 15.3843, 5.5113 ], [ 15.3838, 5.5177 ], [ 15.3874, 5.5235 ], [ 15.4029, 5.5306 ], [ 15.4127, 5.5401 ], [ 15.4727, 5.5623 ], [ 15.5063, 5.5868 ], [ 15.5361, 5.5946 ], [ 15.5395, 5.5996 ], [ 15.5406, 5.6132 ], [ 15.4871, 5.6519 ], [ 15.4903, 5.6652 ], [ 15.473, 5.6627 ], [ 15.4769, 5.6765 ], [ 15.4702, 5.6903 ], [ 15.4525, 5.7005 ], [ 15.4442, 5.7131 ], [ 15.4313, 5.718 ], [ 15.4286, 5.7299 ], [ 15.4362, 5.7365 ], [ 15.436, 5.7447 ], [ 15.4131, 5.7485 ], [ 15.4042, 5.7417 ], [ 15.3943, 5.7616 ], [ 15.3834, 5.7599 ], [ 15.386, 5.7746 ], [ 15.375, 5.775 ], [ 15.3684, 5.7785 ], [ 15.3412, 5.7738 ], [ 15.3331, 5.7755 ], [ 15.314, 5.7608 ], [ 15.3, 5.7705 ], [ 15.2882, 5.7694 ], [ 15.2805, 5.7726 ], [ 15.272, 5.7706 ], [ 15.2592, 5.7768 ], [ 15.2517, 5.7697 ], [ 15.2417, 5.7669 ], [ 15.234, 5.7706 ], [ 15.233, 5.7751 ], [ 15.2398, 5.7843 ], [ 15.2294, 5.7877 ], [ 15.2083, 5.8067 ], [ 15.2037, 5.8059 ], [ 15.1873, 5.8166 ], [ 15.1839, 5.8251 ], [ 15.1735, 5.8362 ], [ 15.1738, 5.8442 ], [ 15.1545, 5.8524 ], [ 15.1378, 5.8658 ], [ 15.1362, 5.87 ], [ 15.141, 5.879 ], [ 15.1327, 5.9096 ], [ 15.1344, 5.9202 ], [ 15.13, 5.9406 ], [ 15.1328, 5.944 ], [ 15.139, 5.9428 ], [ 15.1366, 5.9525 ], [ 15.1484, 5.9698 ], [ 15.1448, 5.9848 ], [ 15.1177, 5.9978 ], [ 15.1137, 6.0052 ], [ 15.1154, 6.0119 ], [ 15.1069, 6.0272 ], [ 15.1174, 6.0507 ], [ 15.1176, 6.058 ], [ 15.0859, 6.0833 ], [ 15.0696, 6.092 ], [ 15.0769, 6.0988 ], [ 15.0932, 6.094 ], [ 15.0977, 6.1 ], [ 15.0957, 6.1073 ], [ 15.102, 6.1321 ], [ 15.1002, 6.151 ], [ 15.0948, 6.1599 ], [ 15.0957, 6.1686 ], [ 15.103, 6.1783 ], [ 15.1195, 6.1836 ], [ 15.1195, 6.1901 ], [ 15.1299, 6.2064 ], [ 15.1333, 6.2308 ], [ 15.1305, 6.2526 ], [ 15.1157, 6.2987 ], [ 15.1034, 6.3214 ], [ 15.0677, 6.3252 ], [ 15.051, 6.338 ], [ 15.0316, 6.3823 ], [ 15.0418, 6.4004 ], [ 15.0514, 6.407 ], [ 15.058, 6.4183 ], [ 15.0582, 6.433 ], [ 15.0627, 6.4478 ], [ 15.0577, 6.4638 ], [ 15.0472, 6.4638 ], [ 15.0329, 6.4708 ], [ 15.0204, 6.4711 ], [ 15.0005, 6.4824 ], [ 14.9592, 6.5573 ], [ 14.9386, 6.6145 ], [ 14.915, 6.625 ], [ 14.8664, 6.5146 ], [ 14.8134, 6.4091 ], [ 14.809, 6.3845 ], [ 14.8159, 6.3604 ], [ 14.8042, 6.3387 ], [ 14.7774, 6.3023 ], [ 14.7508, 6.2832 ], [ 14.7059, 6.2376 ], [ 14.6351, 6.2136 ], [ 14.6248, 6.2076 ], [ 14.5792, 6.1926 ], [ 14.5742, 6.194 ], [ 14.562, 6.1901 ], [ 14.5346, 6.1686 ], [ 14.5258, 6.1539 ], [ 14.515, 6.1447 ], [ 14.5055, 6.1273 ], [ 14.4742, 6.1037 ], [ 14.4724, 6.0979 ], [ 14.4448, 6.0856 ], [ 14.4257, 6.0849 ], [ 14.4307, 6.0716 ], [ 14.4201, 6.0385 ], [ 14.4306, 6.0208 ], [ 14.4361, 6.0026 ], [ 14.4657, 5.9772 ], [ 14.4712, 5.9687 ], [ 14.4771, 5.9487 ], [ 14.4897, 5.9344 ], [ 14.4936, 5.9144 ], [ 14.5062, 5.9023 ], [ 14.5149, 5.8982 ], [ 14.5278, 5.8975 ], [ 14.5556, 5.9051 ], [ 14.5645, 5.8987 ], [ 14.5913, 5.9197 ], [ 14.6, 5.9206 ], [ 14.6101, 5.9171 ], [ 14.6213, 5.8961 ], [ 14.6201, 5.8453 ], [ 14.6272, 5.8175 ], [ 14.6299, 5.7283 ], [ 14.628, 5.6984 ], [ 14.6181, 5.6789 ], [ 14.6111, 5.6557 ], [ 14.6111, 5.6437 ], [ 14.5956, 5.5994 ], [ 14.5951, 5.5874 ], [ 14.5974, 5.5757 ], [ 14.6066, 5.563 ], [ 14.612, 5.5379 ], [ 14.631, 5.5066 ], [ 14.6188, 5.4938 ], [ 14.6149, 5.4761 ], [ 14.6043, 5.4655 ], [ 14.6072, 5.4533 ], [ 14.6021, 5.4351 ], [ 14.6046, 5.4082 ], [ 14.6018, 5.4 ], [ 14.5779, 5.3869 ], [ 14.5779, 5.3683 ], [ 14.5572, 5.3343 ], [ 14.5536, 5.3167 ], [ 14.5489, 5.3116 ], [ 14.5536, 5.3015 ], [ 14.542, 5.2953 ], [ 14.5279, 5.278 ], [ 14.5327, 5.2656 ], [ 14.579, 5.2257 ], [ 14.59, 5.2259 ], [ 14.5989, 5.2183 ], [ 14.6168, 5.215 ], [ 14.6228, 5.2177 ], [ 14.6418, 5.211 ], [ 14.6526, 5.211 ], [ 14.6597, 5.1981 ], [ 14.6706, 5.193 ], [ 14.6764, 5.1792 ], [ 14.6955, 5.096 ], [ 14.6911, 5.0879 ], [ 14.6799, 5.0826 ], [ 14.6775, 5.0711 ], [ 14.6853, 5.0564 ], [ 14.6838, 5.0121 ], [ 14.7217, 5.0147 ], [ 14.7586, 5.0105 ], [ 14.8442, 4.9917 ], [ 14.8667, 4.9911 ], [ 14.8955, 4.9953 ], [ 14.9315, 5.0111 ] ] ] } },
{ "type": "Feature", "properties": { "iso3": "CAF", "unit_id": "68536942B99355293030712", "unit_name": "Abba" }, "geometry": { "type": "Polygon", "coordinates": [ [ [ 15.6871, 5.0791 ], [ 15.6781, 5.0985 ], [ 15.6688, 5.1309 ], [ 15.6433, 5.1763 ], [ 15.6209, 5.192 ], [ 15.6107, 5.206 ], [ 15.5974, 5.2164 ], [ 15.5818, 5.2222 ], [ 15.5452, 5.2274 ], [ 15.5215, 5.2372 ], [ 15.5001, 5.2589 ], [ 15.4933, 5.2741 ], [ 15.488, 5.2758 ], [ 15.479, 5.3129 ], [ 15.4709, 5.3197 ], [ 15.4658, 5.3301 ], [ 15.4649, 5.3582 ], [ 15.4543, 5.3917 ], [ 15.4531, 5.4105 ], [ 15.4402, 5.449 ], [ 15.3613, 5.4474 ], [ 15.3402, 5.4522 ], [ 15.3179, 5.4496 ], [ 15.3034, 5.4545 ], [ 15.2696, 5.443 ], [ 15.2517, 5.4425 ], [ 15.2469, 5.4552 ], [ 15.2598, 5.4861 ], [ 15.2536, 5.5341 ], [ 15.1923, 5.5363 ], [ 15.1791, 5.5319 ], [ 15.1751, 5.5264 ], [ 15.1731, 5.5206 ], [ 15.1756, 5.4932 ], [ 15.169, 5.4703 ], [ 15.153, 5.4513 ], [ 15.1437, 5.446 ], [ 15.1337, 5.465 ], [ 15.1206, 5.4772 ], [ 15.0531, 5.5025 ], [ 14.9672, 5.5216 ], [ 14.9277, 5.5464 ], [ 14.9218, 5.5464 ], [ 14.9049, 5.5547 ], [ 14.8874, 5.5743 ], [ 14.8859, 5.5995 ], [ 14.8778, 5.6135 ], [ 14.8672, 5.6214 ], [ 14.8469, 5.6252 ], [ 14.8456, 5.6168 ], [ 14.8521, 5.5859 ], [ 14.8651, 5.5572 ], [ 14.868, 5.4992 ], [ 14.876, 5.4931 ], [ 14.8776, 5.4878 ], [ 14.882, 5.4648 ], [ 14.8804, 5.4561 ], [ 14.8859, 5.449 ], [ 14.9134, 5.4367 ], [ 14.9365, 5.4163 ], [ 14.9484, 5.4125 ], [ 14.9494, 5.4067 ], [ 14.9677, 5.3957 ], [ 14.9838, 5.375 ], [ 14.9786, 5.3414 ], [ 14.9818, 5.2887 ], [ 14.9794, 5.2851 ], [ 14.9526, 5.2515 ], [ 14.9342, 5.2348 ], [ 14.8761, 5.2118 ], [ 14.859, 5.2022 ], [ 14.8537, 5.1931 ], [ 14.8499, 5.1769 ], [ 14.8526, 5.1326 ], [ 14.8492, 5.0855 ], [ 14.8552, 5.0321 ], [ 14.9259, 5.0261 ], [ 14.9315, 5.0201 ], [ 14.9315, 5.0111 ], [ 14.945, 5.0092 ], [ 14.9564, 5.0019 ], [ 14.9981, 4.9542 ], [ 15.0064, 4.9464 ], [ 15.0222, 4.9397 ], [ 15.0311, 4.9411 ], [ 15.0431, 4.9497 ], [ 15.0608, 4.9705 ], [ 15.0789, 4.9986 ], [ 15.3136, 5.0 ], [ 15.3255, 5.0167 ], [ 15.3383, 5.0178 ], [ 15.3744, 4.9964 ], [ 15.4058, 4.9998 ], [ 15.4258, 5.0061 ], [ 15.4706, 5.0409 ], [ 15.4973, 5.0549 ], [ 15.5161, 5.0419 ], [ 15.5575, 5.0228 ], [ 15.5747, 5.0255 ], [ 15.6064, 5.0167 ], [ 15.6355, 5.0211 ], [ 15.6511, 5.0161 ], [ 15.6628, 5.0247 ], [ 15.6689, 5.0253 ], [ 15.6944, 5.0169 ], [ 15.6871, 5.0791 ] ] ] } },
{ "type": "Feature", "properties": { "iso3": "CAF", "unit_id": "68536942B66627590989330", "unit_name": "Nola" }, "geometry": { "type": "Polygon", "coordinates": [ [ [ 15.7334, 3.9005 ], [ 15.7537, 3.8326 ], [ 15.7773, 3.8164 ], [ 15.7912, 3.7982 ], [ 15.7885, 3.7706 ], [ 15.8014, 3.7377 ], [ 15.7999, 3.7038 ], [ 15.773, 3.7013 ], [ 15.7604, 3.7083 ], [ 15.7576, 3.7179 ], [ 15.7432, 3.7215 ], [ 15.7343, 3.7374 ], [ 15.6945, 3.7662 ], [ 15.6633, 3.7658 ], [ 15.6445, 3.7587 ], [ 15.629, 3.7691 ], [ 15.5989, 3.7693 ], [ 15.5866, 3.784 ], [ 15.5783, 3.7647 ], [ 15.56, 3.7475 ], [ 15.5278, 3.7383 ], [ 15.5, 3.7392 ], [ 15.4919, 3.7703 ], [ 15.485, 3.7775 ], [ 15.469, 3.7847 ], [ 15.4353, 3.7793 ], [ 15.4231, 3.7717 ], [ 15.3967, 3.7447 ], [ 15.3544, 3.7211 ], [ 15.328, 3.7104 ], [ 15.2819, 3.6767 ], [ 15.7982, 3.1 ], [ 15.8053, 3.0934 ], [ 15.8122, 3.1018 ], [ 15.828, 3.1002 ], [ 15.8402, 3.1075 ], [ 15.8613, 3.1088 ], [ 15.867, 3.1064 ], [ 15.8715, 3.0977 ], [ 15.8882, 3.0962 ], [ 15.9038, 3.0771 ], [ 15.9265, 3.0354 ], [ 15.9345, 3.0321 ], [ 15.9691, 2.9876 ], [ 15.9742, 2.9882 ], [ 15.9769, 2.9967 ], [ 15.9824, 2.9999 ], [ 16.0051, 3.0008 ], [ 16.0154, 2.991 ], [ 16.0174, 2.9814 ], [ 16.0359, 2.9744 ], [ 16.0368, 2.9588 ], [ 16.0527, 2.9371 ], [ 16.0593, 2.9156 ], [ 16.0732, 2.9034 ], [ 16.0874, 2.8592 ], [ 16.0891, 2.8214 ], [ 16.0732, 2.8022 ], [ 16.051, 2.791 ], [ 16.06, 2.7583 ], [ 16.0648, 2.7519 ], [ 16.0629, 2.7449 ], [ 16.0654, 2.7316 ], [ 16.0599, 2.7256 ], [ 16.0654, 2.7199 ], [ 16.0605, 2.7153 ], [ 16.0621, 2.7111 ], [ 16.083, 2.7071 ], [ 16.0897, 2.7003 ], [ 16.0859, 2.7091 ], [ 16.098, 2.7345 ], [ 16.0996, 2.7518 ], [ 16.0938, 2.7524 ], [ 16.0976, 2.7587 ], [ 16.1014, 2.7925 ], [ 16.1053, 2.7988 ], [ 16.1201, 2.8117 ], [ 16.1608, 2.8287 ], [ 16.1665, 2.8576 ], [ 16.1643, 2.8676 ], [ 16.1687, 2.8748 ], [ 16.1989, 2.8884 ], [ 16.2183, 2.8763 ], [ 16.2276, 2.877 ], [ 16.2409, 2.883 ], [ 16.2473, 2.8996 ], [ 16.2401, 2.9214 ], [ 16.2284, 2.9282 ], [ 16.2259, 2.9397 ], [ 16.2332, 2.9691 ], [ 16.2322, 2.9771 ], [ 16.2115, 2.9827 ], [ 16.1905, 2.9983 ], [ 16.1838, 3.0454 ], [ 16.1879, 3.0535 ], [ 16.1903, 3.0776 ], [ 16.1683, 3.0998 ], [ 16.146, 3.1032 ], [ 16.1246, 3.1134 ], [ 16.1168, 3.1213 ], [ 16.1142, 3.1379 ], [ 16.1162, 3.1415 ], [ 16.1697, 3.179 ], [ 16.1818, 3.1933 ], [ 16.2057, 3.2066 ], [ 16.2114, 3.2333 ], [ 16.2151, 3.2378 ], [ 16.2157, 3.254 ], [ 16.2121, 3.2623 ], [ 16.2141, 3.2697 ], [ 16.2541, 3.2871 ], [ 16.2707, 3.2989 ], [ 16.287, 3.3017 ], [ 16.2917, 3.3269 ], [ 16.2841, 3.3358 ], [ 16.2579, 3.3544 ], [ 16.3232, 3.3696 ], [ 16.348, 3.3791 ], [ 16.3556, 3.3779 ], [ 16.4082, 3.348 ], [ 16.4223, 3.3494 ], [ 16.4409, 3.3587 ], [ 16.4727, 3.3581 ], [ 16.4934, 3.3638 ], [ 16.5177, 3.3794 ], [ 16.5378, 3.4034 ], [ 16.5804, 3.4668 ], [ 16.6105, 3.4973 ], [ 16.6003, 3.4989 ], [ 16.5972, 3.501 ], [ 16.5978, 3.5059 ], [ 16.5811, 3.5092 ], [ 16.5665, 3.5205 ], [ 16.5621, 3.5226 ], [ 16.5606, 3.5207 ], [ 16.5506, 3.537 ], [ 16.5361, 3.5471 ], [ 16.507, 3.5496 ], [ 16.493, 3.5563 ], [ 16.4812, 3.5487 ], [ 16.4603, 3.5484 ], [ 16.4477, 3.5554 ], [ 16.4371, 3.5572 ], [ 16.4167, 3.5726 ], [ 16.4058, 3.5762 ], [ 16.3708, 3.5677 ], [ 16.3553, 3.5704 ], [ 16.3256, 3.586 ], [ 16.3119, 3.6043 ], [ 16.3057, 3.6213 ], [ 16.31, 3.6326 ], [ 16.3277, 3.6595 ], [ 16.347, 3.6784 ], [ 16.36, 3.701 ], [ 16.3963, 3.746 ], [ 16.4525, 3.8273 ], [ 16.4278, 3.8531 ], [ 16.3757, 3.892 ], [ 16.298, 3.9036 ], [ 16.2171, 3.8539 ], [ 16.1317, 3.8487 ], [ 16.1197, 3.8565 ], [ 16.1217, 3.8905 ], [ 16.1126, 3.9545 ], [ 16.0997, 3.9839 ], [ 16.0939, 3.9889 ], [ 16.0783, 3.9931 ], [ 16.0277, 3.9893 ], [ 15.897, 4.0024 ], [ 15.737, 3.9329 ], [ 15.7334, 3.9005 ] ] ] } },
{ "type": "Feature", "properties": { "iso3": "CAF", "unit_id": "68536942B87618344857805", "unit_name": "Bambio" }, "geometry": { "type": "Polygon", "coordinates": [ [ [ 17.3733, 3.7482 ], [ 17.3678, 3.7617 ], [ 17.3586, 3.7689 ], [ 17.3372, 3.8017 ], [ 17.3192, 3.8175 ], [ 17.2697, 3.8358 ], [ 17.2333, 3.8608 ], [ 17.2092, 3.8706 ], [ 17.1867, 3.8755 ], [ 17.1642, 3.8881 ], [ 17.1219, 3.8931 ], [ 17.09, 3.9022 ], [ 17.033, 3.94 ], [ 17.0164, 3.9436 ], [ 16.9705, 3.9458 ], [ 16.9258, 3.9831 ], [ 16.905, 4.0308 ], [ 16.89, 4.0558 ], [ 16.8561, 4.0969 ], [ 16.8258, 4.1542 ], [ 16.7853, 4.1883 ], [ 16.778, 4.2083 ], [ 16.7636, 4.2272 ], [ 16.7351, 4.2476 ], [ 16.6656, 4.2597 ], [ 16.6119, 4.1717 ], [ 16.6168, 4.0756 ], [ 16.5867, 4.0829 ], [ 16.5587, 4.0778 ], [ 16.5322, 4.0478 ], [ 16.4629, 4.0334 ], [ 16.4578, 4.0346 ], [ 16.4431, 4.0293 ], [ 16.4126, 4.0425 ], [ 16.3939, 4.057 ], [ 16.3727, 4.0307 ], [ 16.3673, 4.0175 ], [ 16.3501, 4.003 ], [ 16.3275, 4.0043 ], [ 16.2862, 3.966 ], [ 16.2517, 3.9502 ], [ 16.2756, 3.9318 ], [ 16.298, 3.9036 ], [ 16.3757, 3.892 ], [ 16.4278, 3.8531 ], [ 16.4525, 3.8273 ], [ 16.3963, 3.746 ], [ 16.36, 3.701 ], [ 16.347, 3.6784 ], [ 16.3277, 3.6595 ], [ 16.31, 3.6326 ], [ 16.3057, 3.6213 ], [ 16.3189, 3.5928 ], [ 16.3256, 3.586 ], [ 16.3553, 3.5704 ], [ 16.3708, 3.5677 ], [ 16.4058, 3.5762 ], [ 16.4167, 3.5726 ], [ 16.4371, 3.5572 ], [ 16.4477, 3.5554 ], [ 16.4603, 3.5484 ], [ 16.4812, 3.5487 ], [ 16.493, 3.5563 ], [ 16.507, 3.5496 ], [ 16.5361, 3.5471 ], [ 16.5506, 3.537 ], [ 16.5606, 3.5207 ], [ 16.5621, 3.5226 ], [ 16.5665, 3.5205 ], [ 16.5811, 3.5092 ], [ 16.5978, 3.5059 ], [ 16.5972, 3.501 ], [ 16.6003, 3.4989 ], [ 16.6105, 3.4973 ], [ 16.6475, 3.5292 ], [ 16.672, 3.5418 ], [ 16.7261, 3.5491 ], [ 16.7545, 3.5571 ], [ 16.8026, 3.5434 ], [ 16.8207, 3.5215 ], [ 16.8335, 3.5203 ], [ 16.8518, 3.5106 ], [ 16.8607, 3.5115 ], [ 16.8734, 3.5271 ], [ 16.8743, 3.5363 ], [ 16.8695, 3.549 ], [ 16.8737, 3.5575 ], [ 16.889, 3.5584 ], [ 16.8961, 3.5519 ], [ 16.9101, 3.5501 ], [ 16.9327, 3.5521 ], [ 16.9573, 3.5599 ], [ 16.976, 3.5405 ], [ 16.9817, 3.5391 ], [ 16.9978, 3.5469 ], [ 17.0044, 3.5466 ], [ 17.0108, 3.5291 ], [ 17.0353, 3.5134 ], [ 17.0556, 3.5269 ], [ 17.0525, 3.5304 ], [ 17.058, 3.5481 ], [ 17.0982, 3.5607 ], [ 17.1133, 3.5593 ], [ 17.1571, 3.5751 ], [ 17.1722, 3.5653 ], [ 17.1768, 3.5656 ], [ 17.2393, 3.5792 ], [ 17.2483, 3.5833 ], [ 17.2477, 3.6054 ], [ 17.2525, 3.6107 ], [ 17.2988, 3.6301 ], [ 17.3045, 3.629 ], [ 17.3157, 3.6193 ], [ 17.3487, 3.6049 ], [ 17.3627, 3.607 ], [ 17.367, 3.6128 ], [ 17.3515, 3.6626 ], [ 17.3488, 3.6908 ], [ 17.351, 3.7146 ], [ 17.3733, 3.7482 ] ] ] } },
{ "type": "Feature", "properties": { "iso3": "CAF", "unit_id": "68536942B35187644740337", "unit_name": "Bayanga" }, "geometry": { "type": "Polygon", "coordinates": [ [ [ 16.0897, 2.7003 ], [ 16.0751, 2.6752 ], [ 16.0674, 2.6398 ], [ 16.0701, 2.6262 ], [ 16.0848, 2.5972 ], [ 16.0825, 2.5693 ], [ 16.0673, 2.5268 ], [ 16.0685, 2.5179 ], [ 16.0839, 2.4978 ], [ 16.0851, 2.4914 ], [ 16.0832, 2.4788 ], [ 16.0756, 2.4652 ], [ 16.0838, 2.4443 ], [ 16.1032, 2.4283 ], [ 16.1157, 2.3931 ], [ 16.1487, 2.3496 ], [ 16.1505, 2.3314 ], [ 16.1711, 2.2736 ], [ 16.1639, 2.2541 ], [ 16.1648, 2.2454 ], [ 16.1908, 2.2235 ], [ 16.1952, 2.2234 ], [ 16.5201, 2.8423 ], [ 16.5248, 2.8805 ], [ 16.5209, 2.8879 ], [ 16.4902, 2.9093 ], [ 16.4934, 3.0043 ], [ 16.5032, 3.0213 ], [ 16.5445, 3.0657 ], [ 16.5388, 3.0795 ], [ 16.5219, 3.0995 ], [ 16.5123, 3.1205 ], [ 16.5058, 3.1599 ], [ 16.509, 3.1711 ], [ 16.5324, 3.2058 ], [ 16.5388, 3.2245 ], [ 16.5584, 3.2534 ], [ 16.5502, 3.2827 ], [ 16.5546, 3.3057 ], [ 16.5729, 3.3296 ], [ 16.5771, 3.3427 ], [ 16.5829, 3.4161 ], [ 16.5965, 3.4828 ], [ 16.5804, 3.4668 ], [ 16.5378, 3.4034 ], [ 16.5177, 3.3794 ], [ 16.4934, 3.3638 ], [ 16.4727, 3.3581 ], [ 16.4409, 3.3587 ], [ 16.4223, 3.3494 ], [ 16.4082, 3.348 ], [ 16.3556, 3.3779 ], [ 16.348, 3.3791 ], [ 16.3232, 3.3696 ], [ 16.2579, 3.3544 ], [ 16.2841, 3.3358 ], [ 16.2917, 3.3269 ], [ 16.287, 3.3017 ], [ 16.2707, 3.2989 ], [ 16.2541, 3.2871 ], [ 16.2141, 3.2697 ], [ 16.2121, 3.2623 ], [ 16.2157, 3.254 ], [ 16.2151, 3.2378 ], [ 16.2114, 3.2333 ], [ 16.2057, 3.2066 ], [ 16.1818, 3.1933 ], [ 16.1697, 3.179 ], [ 16.1162, 3.1415 ], [ 16.1142, 3.1379 ], [ 16.1168, 3.1213 ], [ 16.1246, 3.1134 ], [ 16.146, 3.1032 ], [ 16.1683, 3.0998 ], [ 16.1903, 3.0776 ], [ 16.1879, 3.0535 ], [ 16.1838, 3.0454 ], [ 16.1905, 2.9983 ], [ 16.2115, 2.9827 ], [ 16.2322, 2.9771 ], [ 16.2332, 2.9691 ], [ 16.2259, 2.9397 ], [ 16.2284, 2.9282 ], [ 16.2401, 2.9214 ], [ 16.2473, 2.8996 ], [ 16.2409, 2.883 ], [ 16.2276, 2.877 ], [ 16.2183, 2.8763 ], [ 16.1989, 2.8884 ], [ 16.1687, 2.8748 ], [ 16.1643, 2.8676 ], [ 16.1665, 2.8576 ], [ 16.1608, 2.8287 ], [ 16.1201, 2.8117 ], [ 16.1053, 2.7988 ], [ 16.1014, 2.7925 ], [ 16.0976, 2.7587 ], [ 16.0938, 2.7524 ], [ 16.0996, 2.7518 ], [ 16.098, 2.7345 ], [ 16.0859, 2.7091 ], [ 16.0897, 2.7003 ] ] ] } },
{ "type": "Feature", "properties": { "iso3": "CAF", "unit_id": "68536942B43843133024793", "unit_name": "Bozoum" }, "geometry": { "type": "Polygon", "coordinates": [ [ [ 15.9013, 5.8548 ], [ 15.9289, 5.8496 ], [ 15.9491, 5.8513 ], [ 15.9592, 5.8417 ], [ 15.9839, 5.8053 ], [ 15.9978, 5.7978 ], [ 16.0344, 5.8 ], [ 16.0533, 5.7897 ], [ 16.0667, 5.7867 ], [ 16.0836, 5.7892 ], [ 16.105, 5.7956 ], [ 16.1589, 5.8311 ], [ 16.1692, 5.845 ], [ 16.1872, 5.9008 ], [ 16.1925, 5.9092 ], [ 16.2039, 5.9128 ], [ 16.2192, 5.9117 ], [ 16.2375, 5.91 ], [ 16.2539, 5.9044 ], [ 16.264, 5.9088 ], [ 16.2764, 5.9358 ], [ 16.2652, 5.9558 ], [ 16.2763, 5.9886 ], [ 16.2751, 6.0239 ], [ 16.2457, 6.0524 ], [ 16.193, 6.0585 ], [ 16.187, 6.0701 ], [ 16.1882, 6.0967 ], [ 16.1952, 6.1242 ], [ 16.2022, 6.1363 ], [ 16.2338, 6.1611 ], [ 16.259, 6.1967 ], [ 16.2633, 6.2389 ], [ 16.2694, 6.2469 ], [ 16.2864, 6.255 ], [ 16.3104, 6.2583 ], [ 16.3116, 6.2725 ], [ 16.3181, 6.2805 ], [ 16.3177, 6.2871 ], [ 16.3313, 6.3067 ], [ 16.3457, 6.3204 ], [ 16.3483, 6.3215 ], [ 16.3573, 6.3069 ], [ 16.3804, 6.3024 ], [ 16.3839, 6.2985 ], [ 16.3997, 6.3005 ], [ 16.4059, 6.3061 ], [ 16.424, 6.2891 ], [ 16.4276, 6.2775 ], [ 16.4321, 6.2737 ], [ 16.4601, 6.2766 ], [ 16.4828, 6.2506 ], [ 16.4927, 6.2613 ], [ 16.5257, 6.2766 ], [ 16.5316, 6.2746 ], [ 16.5365, 6.2657 ], [ 16.5269, 6.2327 ], [ 16.5361, 6.2179 ], [ 16.5337, 6.1938 ], [ 16.536, 6.1589 ], [ 16.5545, 6.1385 ], [ 16.5683, 6.1362 ], [ 16.5842, 6.1185 ], [ 16.5881, 6.1057 ], [ 16.6023, 6.0856 ], [ 16.6065, 6.0675 ], [ 16.6052, 6.0516 ], [ 16.6083, 6.0454 ], [ 16.6473, 6.0433 ], [ 16.655, 6.0326 ], [ 16.669, 6.0243 ], [ 16.6931, 6.0182 ], [ 16.719, 6.017 ], [ 16.7242, 6.0205 ], [ 16.7405, 6.0463 ], [ 16.7541, 6.0576 ], [ 16.7617, 6.0738 ], [ 16.7782, 6.0792 ], [ 16.7876, 6.0886 ], [ 16.8684, 6.0846 ], [ 16.8781, 6.0917 ], [ 16.8827, 6.1053 ], [ 16.8936, 6.1098 ], [ 16.8987, 6.1166 ], [ 16.9061, 6.1109 ], [ 16.9182, 6.1237 ], [ 16.9709, 6.1225 ], [ 16.9699, 6.1409 ], [ 16.9601, 6.1545 ], [ 16.9543, 6.1913 ], [ 16.9684, 6.2169 ], [ 16.9768, 6.2403 ], [ 16.9789, 6.2498 ], [ 16.9722, 6.2674 ], [ 16.9794, 6.2917 ], [ 16.9851, 6.2967 ], [ 17.0024, 6.2941 ], [ 17.0127, 6.2976 ], [ 17.0144, 6.3055 ], [ 17.0271, 6.3015 ], [ 17.0271, 6.3186 ], [ 17.0332, 6.3271 ], [ 17.0397, 6.3294 ], [ 17.0448, 6.3413 ], [ 17.0385, 6.351 ], [ 17.0481, 6.3599 ], [ 17.0472, 6.3684 ], [ 17.064, 6.369 ], [ 17.0821, 6.3947 ], [ 17.0918, 6.3959 ], [ 17.105, 6.3863 ], [ 17.127, 6.3998 ], [ 17.1316, 6.4211 ], [ 17.1273, 6.4407 ], [ 17.1219, 6.4451 ], [ 17.1035, 6.4476 ], [ 17.0969, 6.4567 ], [ 17.0672, 6.4678 ], [ 17.0622, 6.4764 ], [ 17.0461, 6.4878 ], [ 17.04, 6.4889 ], [ 17.0189, 6.4761 ], [ 16.9983, 6.4842 ], [ 16.9761, 6.4794 ], [ 16.9619, 6.4864 ], [ 16.9539, 6.4803 ], [ 16.9536, 6.4678 ], [ 16.9483, 6.4572 ], [ 16.9372, 6.4606 ], [ 16.9189, 6.4517 ], [ 16.8986, 6.4594 ], [ 16.8872, 6.4692 ], [ 16.8797, 6.4819 ], [ 16.8625, 6.483 ], [ 16.8511, 6.4928 ], [ 16.8392, 6.5272 ], [ 16.8289, 6.5442 ], [ 16.7992, 6.5503 ], [ 16.7928, 6.5575 ], [ 16.7889, 6.5669 ], [ 16.79, 6.5992 ], [ 16.7794, 6.61 ], [ 16.7672, 6.61 ], [ 16.7564, 6.6356 ], [ 16.7533, 6.6506 ], [ 16.7544, 6.6675 ], [ 16.7413, 6.651 ], [ 16.7274, 6.6484 ], [ 16.7156, 6.6646 ], [ 16.7095, 6.667 ], [ 16.6946, 6.6568 ], [ 16.6546, 6.671 ], [ 16.632, 6.6524 ], [ 16.6164, 6.6489 ], [ 16.5778, 6.6016 ], [ 16.5655, 6.593 ], [ 16.5405, 6.5836 ], [ 16.5265, 6.568 ], [ 16.5045, 6.5551 ], [ 16.499, 6.5445 ], [ 16.4894, 6.5549 ], [ 16.4823, 6.5716 ], [ 16.4621, 6.5894 ], [ 16.4497, 6.5876 ], [ 16.4235, 6.5953 ], [ 16.3886, 6.5924 ], [ 16.3454, 6.6104 ], [ 16.3384, 6.6029 ], [ 16.3288, 6.5997 ], [ 16.3059, 6.6507 ], [ 16.3016, 6.6548 ], [ 16.2957, 6.6523 ], [ 16.2798, 6.656 ], [ 16.2748, 6.6552 ], [ 16.2636, 6.6448 ], [ 16.2601, 6.625 ], [ 16.2657, 6.6212 ], [ 16.2847, 6.6221 ], [ 16.2908, 6.6188 ], [ 16.2927, 6.6159 ], [ 16.2843, 6.588 ], [ 16.2864, 6.5873 ], [ 16.2302, 6.5819 ], [ 16.1965, 6.5831 ], [ 16.1417, 6.5756 ], [ 16.0631, 6.5786 ], [ 16.046, 6.5742 ], [ 16.0298, 6.554 ], [ 16.0003, 6.5614 ], [ 15.9936, 6.554 ], [ 15.9908, 6.484 ], [ 15.9792, 6.4799 ], [ 15.9658, 6.4667 ], [ 15.9522, 6.4751 ], [ 15.9353, 6.4739 ], [ 15.927, 6.4798 ], [ 15.9135, 6.4807 ], [ 15.9059, 6.4891 ], [ 15.8863, 6.4963 ], [ 15.8727, 6.4893 ], [ 15.8605, 6.4884 ], [ 15.8345, 6.4655 ], [ 15.818, 6.4629 ], [ 15.8138, 6.4594 ], [ 15.8116, 6.4505 ], [ 15.7781, 6.4086 ], [ 15.7922, 6.3908 ], [ 15.795, 6.3806 ], [ 15.7894, 6.3678 ], [ 15.7136, 6.2972 ], [ 15.7017, 6.2703 ], [ 15.7064, 6.2614 ], [ 15.728, 6.2444 ], [ 15.7692, 6.1975 ], [ 15.8089, 6.1186 ], [ 15.8067, 6.074 ], [ 15.8107, 6.0526 ], [ 15.8033, 6.0141 ], [ 15.8061, 6.0077 ], [ 15.8153, 6.0086 ], [ 15.8209, 6.0022 ], [ 15.819, 5.9472 ], [ 15.8495, 5.9225 ], [ 15.8754, 5.9225 ], [ 15.8957, 5.9133 ], [ 15.9022, 5.9023 ], [ 15.9031, 5.8895 ], [ 15.8946, 5.8722 ], [ 15.9013, 5.8548 ] ] ] } },
{ "type": "Feature", "properties": { "iso3": "CAF", "unit_id": "68536942B82662584548472", "unit_name": "Bocaranga" }, "geometry": { "type": "Polygon", "coordinates": [ [ [ 15.7781, 6.4086 ], [ 15.8116, 6.4505 ], [ 15.8138, 6.4594 ], [ 15.818, 6.4629 ], [ 15.8345, 6.4655 ], [ 15.8605, 6.4884 ], [ 15.8727, 6.4893 ], [ 15.8863, 6.4963 ], [ 15.9059, 6.4891 ], [ 15.9135, 6.4807 ], [ 15.927, 6.4798 ], [ 15.9353, 6.4739 ], [ 15.9522, 6.4751 ], [ 15.9658, 6.4667 ], [ 15.971, 6.47 ], [ 15.9792, 6.4799 ], [ 15.9908, 6.484 ], [ 15.9936, 6.554 ], [ 16.0003, 6.5614 ], [ 16.0298, 6.554 ], [ 16.046, 6.5742 ], [ 16.0631, 6.5786 ], [ 16.1417, 6.5756 ], [ 16.1374, 6.5788 ], [ 16.12, 6.6622 ], [ 16.0575, 6.8207 ], [ 16.042, 6.9667 ], [ 16.0128, 7.0364 ], [ 16.0164, 7.0431 ], [ 16.0132, 7.0557 ], [ 15.9914, 7.0919 ], [ 15.9905, 7.1062 ], [ 15.9945, 7.1214 ], [ 16.0312, 7.1509 ], [ 16.0175, 7.1565 ], [ 16.0012, 7.1587 ], [ 15.9897, 7.1545 ], [ 15.9733, 7.154 ], [ 15.9561, 7.1417 ], [ 15.9293, 7.1562 ], [ 15.8961, 7.1668 ], [ 15.8864, 7.1623 ], [ 15.8465, 7.1245 ], [ 15.8243, 7.1239 ], [ 15.7985, 7.1454 ], [ 15.7845, 7.1517 ], [ 15.7701, 7.1525 ], [ 15.7563, 7.1423 ], [ 15.715, 7.1351 ], [ 15.7115, 7.1106 ], [ 15.7153, 7.1047 ], [ 15.7261, 7.1011 ], [ 15.7256, 7.0928 ], [ 15.6764, 7.1074 ], [ 15.6654, 7.1154 ], [ 15.6601, 7.1037 ], [ 15.6328, 7.0921 ], [ 15.6236, 7.0743 ], [ 15.6123, 7.0662 ], [ 15.5959, 7.0402 ], [ 15.5998, 7.0263 ], [ 15.5854, 6.9937 ], [ 15.561, 6.9726 ], [ 15.5315, 6.9763 ], [ 15.5204, 6.9723 ], [ 15.5129, 6.9538 ], [ 15.5112, 6.9341 ], [ 15.4968, 6.9183 ], [ 15.4905, 6.9059 ], [ 15.4895, 6.8963 ], [ 15.4993, 6.854 ], [ 15.4988, 6.8347 ], [ 15.4868, 6.7911 ], [ 15.4723, 6.7664 ], [ 15.466, 6.7484 ], [ 15.4641, 6.7293 ], [ 15.4693, 6.6841 ], [ 15.4593, 6.6105 ], [ 15.4698, 6.5784 ], [ 15.4956, 6.5619 ], [ 15.5045, 6.5476 ], [ 15.5391, 6.4711 ], [ 15.5447, 6.442 ], [ 15.5491, 6.4335 ], [ 15.5564, 6.4296 ], [ 15.5705, 6.4115 ], [ 15.5752, 6.3818 ], [ 15.5832, 6.3645 ], [ 15.5976, 6.346 ], [ 15.6086, 6.3503 ], [ 15.6242, 6.3619 ], [ 15.6456, 6.3672 ], [ 15.6575, 6.3758 ], [ 15.6825, 6.3772 ], [ 15.6958, 6.3844 ], [ 15.7078, 6.3861 ], [ 15.7255, 6.4025 ], [ 15.7433, 6.4119 ], [ 15.7533, 6.4261 ], [ 15.7781, 6.4086 ] ] ] } },
{ "type": "Feature", "properties": { "iso3": "CAF", "unit_id": "68536942B33898424412261", "unit_name": "Koui" }, "geometry": { "type": "Polygon", "coordinates": [ [ [ 15.5976, 6.346 ], [ 15.5832, 6.3645 ], [ 15.5752, 6.3818 ], [ 15.5705, 6.4115 ], [ 15.5564, 6.4296 ], [ 15.5491, 6.4335 ], [ 15.5447, 6.442 ], [ 15.5391, 6.4711 ], [ 15.5045, 6.5476 ], [ 15.4956, 6.5619 ], [ 15.4698, 6.5784 ], [ 15.4593, 6.6105 ], [ 15.4693, 6.6841 ], [ 15.4641, 6.7293 ], [ 15.466, 6.7484 ], [ 15.4723, 6.7664 ], [ 15.4868, 6.7911 ], [ 15.4988, 6.8347 ], [ 15.4993, 6.854 ], [ 15.4895, 6.8963 ], [ 15.4905, 6.9059 ], [ 15.4968, 6.9183 ], [ 15.5112, 6.9341 ], [ 15.5129, 6.9538 ], [ 15.5204, 6.9723 ], [ 15.5315, 6.9763 ], [ 15.561, 6.9726 ], [ 15.5854, 6.9937 ], [ 15.5998, 7.0263 ], [ 15.5959, 7.0402 ], [ 15.5841, 7.0467 ], [ 15.5747, 7.0466 ], [ 15.5576, 7.0301 ], [ 15.5466, 7.029 ], [ 15.5159, 7.044 ], [ 15.489, 7.0451 ], [ 15.4427, 7.036 ], [ 15.4106, 7.0418 ], [ 15.3965, 7.0305 ], [ 15.3862, 7.0266 ], [ 15.3625, 6.9973 ], [ 15.3404, 6.9879 ], [ 15.3313, 6.9735 ], [ 15.3262, 6.9704 ], [ 15.3246, 6.9612 ], [ 15.3114, 6.954 ], [ 15.2471, 6.9555 ], [ 15.2177, 6.9639 ], [ 15.1777, 6.9633 ], [ 15.1413, 6.9754 ], [ 15.1397, 6.967 ], [ 15.1443, 6.9466 ], [ 15.1415, 6.9409 ], [ 15.1337, 6.937 ], [ 15.1193, 6.9127 ], [ 15.1142, 6.8925 ], [ 15.1015, 6.8728 ], [ 15.0901, 6.837 ], [ 15.0749, 6.8154 ], [ 15.0714, 6.7872 ], [ 15.0665, 6.7762 ], [ 15.0515, 6.761 ], [ 15.0214, 6.766 ], [ 15.0053, 6.7566 ], [ 14.9708, 6.7489 ], [ 14.9606, 6.725 ], [ 14.9461, 6.7016 ], [ 14.9688, 6.7018 ], [ 14.9881, 6.7106 ], [ 15.0082, 6.7103 ], [ 15.0325, 6.7184 ], [ 15.0486, 6.7184 ], [ 15.0964, 6.7314 ], [ 15.1103, 6.7317 ], [ 15.1833, 6.7575 ], [ 15.1922, 6.7503 ], [ 15.193, 6.745 ], [ 15.1858, 6.7014 ], [ 15.1917, 6.6872 ], [ 15.2078, 6.6719 ], [ 15.268, 6.6339 ], [ 15.2828, 6.6214 ], [ 15.3138, 6.5736 ], [ 15.3139, 6.5406 ], [ 15.32, 6.4997 ], [ 15.3211, 6.4595 ], [ 15.3231, 6.4535 ], [ 15.3327, 6.4468 ], [ 15.3411, 6.4092 ], [ 15.3517, 6.3922 ], [ 15.3533, 6.3675 ], [ 15.3742, 6.3469 ], [ 15.3858, 6.3247 ], [ 15.4258, 6.2958 ], [ 15.4405, 6.3011 ], [ 15.4592, 6.3169 ], [ 15.4744, 6.3219 ], [ 15.4811, 6.3217 ], [ 15.4947, 6.3144 ], [ 15.5133, 6.3128 ], [ 15.5406, 6.305 ], [ 15.5453, 6.3069 ], [ 15.5575, 6.3336 ], [ 15.5976, 6.346 ] ] ] } },
{ "type": "Feature", "properties": { "iso3": "CAF", "unit_id": "68536942B27564660349427", "unit_name": "Paoua" }, "geometry": { "type": "Polygon", "coordinates": [ [ [ 16.7544, 6.6675 ], [ 16.7569, 6.693 ], [ 16.755, 6.7058 ], [ 16.7256, 6.7708 ], [ 16.7286, 6.7956 ], [ 16.7229, 6.807 ], [ 16.7234, 6.8178 ], [ 16.7294, 6.84 ], [ 16.7247, 6.8817 ], [ 16.713, 6.8972 ], [ 16.7153, 6.9139 ], [ 16.7108, 6.93 ], [ 16.6861, 6.9464 ], [ 16.6889, 6.9683 ], [ 16.6764, 6.9905 ], [ 16.6817, 6.9989 ], [ 16.6989, 7.0017 ], [ 16.7022, 7.0058 ], [ 16.6961, 7.0264 ], [ 16.6972, 7.0394 ], [ 16.7072, 7.043 ], [ 16.7244, 7.043 ], [ 16.7306, 7.0511 ], [ 16.735, 7.0672 ], [ 16.7408, 7.0753 ], [ 16.7539, 7.0828 ], [ 16.7622, 7.0958 ], [ 16.7708, 7.1353 ], [ 16.7644, 7.1619 ], [ 16.7533, 7.1853 ], [ 16.7536, 7.2039 ], [ 16.7753, 7.2357 ], [ 16.7822, 7.3006 ], [ 16.7794, 7.3178 ], [ 16.7825, 7.3561 ], [ 16.7961, 7.3697 ], [ 16.7908, 7.3847 ], [ 16.7919, 7.3908 ], [ 16.8019, 7.4014 ], [ 16.8244, 7.4128 ], [ 16.8328, 7.4322 ], [ 16.8344, 7.4453 ], [ 16.8322, 7.45 ], [ 16.8144, 7.4667 ], [ 16.8114, 7.4769 ], [ 16.8242, 7.5281 ], [ 16.8112, 7.5407 ], [ 16.8096, 7.5502 ], [ 16.7963, 7.5617 ], [ 16.7976, 7.5773 ], [ 16.7939, 7.5854 ], [ 16.7747, 7.6066 ], [ 16.7387, 7.6332 ], [ 16.7268, 7.6502 ], [ 16.6902, 7.6509 ], [ 16.6851, 7.6532 ], [ 16.6792, 7.6633 ], [ 16.6672, 7.6687 ], [ 16.6653, 7.7093 ], [ 16.6703, 7.7297 ], [ 16.668, 7.7382 ], [ 16.6313, 7.7623 ], [ 16.6124, 7.7582 ], [ 16.5945, 7.7689 ], [ 16.5979, 7.8049 ], [ 16.5915, 7.812 ], [ 16.5913, 7.8251 ], [ 16.5837, 7.8339 ], [ 16.5868, 7.8515 ], [ 16.5982, 7.8703 ], [ 16.5959, 7.8802 ], [ 16.5774, 7.8699 ], [ 16.5636, 7.8684 ], [ 16.5606, 7.8547 ], [ 16.5421, 7.8559 ], [ 16.5303, 7.8463 ], [ 16.5188, 7.8457 ], [ 16.5161, 7.8429 ], [ 16.5141, 7.8273 ], [ 16.4956, 7.8086 ], [ 16.4947, 7.7971 ], [ 16.4891, 7.7903 ], [ 16.4598, 7.7849 ], [ 16.4541, 7.7925 ], [ 16.4574, 7.7987 ], [ 16.4553, 7.8024 ], [ 16.439, 7.8052 ], [ 16.4239, 7.7793 ], [ 16.4146, 7.7741 ], [ 16.4125, 7.7679 ], [ 16.4203, 7.7598 ], [ 16.4263, 7.7467 ], [ 16.4168, 7.7406 ], [ 16.4174, 7.7277 ], [ 16.4305, 7.7187 ], [ 16.4066, 7.6858 ], [ 16.3946, 7.6782 ], [ 16.3928, 7.6711 ], [ 16.3847, 7.6712 ], [ 16.3755, 7.6659 ], [ 16.361, 7.6644 ], [ 16.3541, 7.667 ], [ 16.3476, 7.661 ], [ 16.3414, 7.662 ], [ 16.3119, 7.6511 ], [ 16.3015, 7.6518 ], [ 16.2864, 7.6326 ], [ 16.2618, 7.6235 ], [ 16.2511, 7.6132 ], [ 16.2355, 7.6066 ], [ 16.2332, 7.6083 ], [ 16.2211, 7.5997 ], [ 16.1975, 7.5735 ], [ 16.1659, 7.5531 ], [ 16.1524, 7.5279 ], [ 16.1476, 7.5008 ], [ 16.1491, 7.4824 ], [ 16.1465, 7.4657 ], [ 16.1525, 7.4466 ], [ 16.1408, 7.4246 ], [ 16.1505, 7.3823 ], [ 16.1539, 7.3278 ], [ 16.1499, 7.3206 ], [ 16.1431, 7.3185 ], [ 16.1355, 7.3197 ], [ 16.131, 7.3155 ], [ 16.1142, 7.3164 ], [ 16.0817, 7.2824 ], [ 16.0623, 7.2675 ], [ 16.0601, 7.263 ], [ 16.0606, 7.2371 ], [ 16.0539, 7.2162 ], [ 16.0725, 7.1848 ], [ 16.0807, 7.157 ], [ 16.0312, 7.1509 ], [ 16.0034, 7.1308 ], [ 15.9945, 7.1214 ], [ 15.9905, 7.1062 ], [ 15.9914, 7.0919 ], [ 16.0132, 7.0557 ], [ 16.0164, 7.0431 ], [ 16.0128, 7.0364 ], [ 16.042, 6.9667 ], [ 16.0575, 6.8207 ], [ 16.12, 6.6622 ], [ 16.1374, 6.5788 ], [ 16.1417, 6.5756 ], [ 16.1965, 6.5831 ], [ 16.2302, 6.5819 ], [ 16.2864, 6.5873 ], [ 16.2843, 6.588 ], [ 16.2927, 6.6159 ], [ 16.2847, 6.6221 ], [ 16.2657, 6.6212 ], [ 16.2601, 6.625 ], [ 16.2599, 6.6294 ], [ 16.2636, 6.6448 ], [ 16.2748, 6.6552 ], [ 16.2957, 6.6523 ], [ 16.3016, 6.6548 ], [ 16.3059, 6.6507 ], [ 16.3288, 6.5997 ], [ 16.3384, 6.6029 ], [ 16.3454, 6.6104 ], [ 16.3886, 6.5924 ], [ 16.4235, 6.5953 ], [ 16.4497, 6.5876 ], [ 16.4621, 6.5894 ], [ 16.4823, 6.5716 ], [ 16.4894, 6.5549 ], [ 16.499, 6.5445 ], [ 16.5045, 6.5551 ], [ 16.5265, 6.568 ], [ 16.5405, 6.5836 ], [ 16.5655, 6.593 ], [ 16.5778, 6.6016 ], [ 16.6164, 6.6489 ], [ 16.632, 6.6524 ], [ 16.6546, 6.671 ], [ 16.6946, 6.6568 ], [ 16.7095, 6.667 ], [ 16.7156, 6.6646 ], [ 16.7274, 6.6484 ], [ 16.7413, 6.651 ], [ 16.7544, 6.6675 ] ] ] } },
{ "type": "Feature", "properties": { "iso3": "CAF", "unit_id": "68536942B1521629158820", "unit_name": "Ngaoundaye" }, "geometry": { "type": "Polygon", "coordinates": [ [ [ 16.0312, 7.1509 ], [ 16.0807, 7.157 ], [ 16.0725, 7.1848 ], [ 16.0539, 7.2162 ], [ 16.0606, 7.2371 ], [ 16.0601, 7.263 ], [ 16.1081, 7.3123 ], [ 16.1142, 7.3164 ], [ 16.131, 7.3155 ], [ 16.1355, 7.3197 ], [ 16.1499, 7.3206 ], [ 16.1539, 7.3278 ], [ 16.1505, 7.3823 ], [ 16.1408, 7.4246 ], [ 16.1525, 7.4466 ], [ 16.1465, 7.4657 ], [ 16.1491, 7.4824 ], [ 16.1476, 7.5008 ], [ 16.1524, 7.5279 ], [ 16.1659, 7.5531 ], [ 16.1975, 7.5735 ], [ 16.2211, 7.5997 ], [ 16.2332, 7.6083 ], [ 16.2111, 7.6113 ], [ 16.2042, 7.6151 ], [ 16.1855, 7.6144 ], [ 16.1636, 7.5946 ], [ 16.1396, 7.5949 ], [ 16.1313, 7.5908 ], [ 16.1046, 7.5916 ], [ 16.0661, 7.5819 ], [ 16.0493, 7.5707 ], [ 16.0433, 7.56 ], [ 16.039, 7.5338 ], [ 16.027, 7.5299 ], [ 16.0175, 7.5199 ], [ 16.0103, 7.5057 ], [ 15.99, 7.4904 ], [ 15.981, 7.4893 ], [ 15.9748, 7.4833 ], [ 15.9511, 7.4837 ], [ 15.931, 7.4787 ], [ 15.9094, 7.4671 ], [ 15.864, 7.453 ], [ 15.8458, 7.4522 ], [ 15.834, 7.4456 ], [ 15.8167, 7.4454 ], [ 15.8096, 7.4411 ], [ 15.8, 7.4549 ], [ 15.7853, 7.4619 ], [ 15.7735, 7.4628 ], [ 15.7664, 7.4578 ], [ 15.759, 7.4638 ], [ 15.7554, 7.4746 ], [ 15.743, 7.4785 ], [ 15.7276, 7.505 ], [ 15.7279, 7.5191 ], [ 15.6395, 7.5167 ], [ 15.622, 7.5132 ], [ 15.5604, 7.5105 ], [ 15.5465, 7.5112 ], [ 15.5075, 7.5275 ], [ 15.5028, 7.5251 ], [ 15.4954, 7.5132 ], [ 15.4972, 7.5061 ], [ 15.4833, 7.4974 ], [ 15.4833, 7.491 ], [ 15.4773, 7.4857 ], [ 15.4658, 7.4802 ], [ 15.4669, 7.471 ], [ 15.4595, 7.4548 ], [ 15.4491, 7.4523 ], [ 15.4457, 7.4482 ], [ 15.441, 7.4349 ], [ 15.4288, 7.4269 ], [ 15.4278, 7.4149 ], [ 15.3999, 7.3946 ], [ 15.381, 7.3751 ], [ 15.3697, 7.3697 ], [ 15.3616, 7.3584 ], [ 15.348, 7.3521 ], [ 15.339, 7.3415 ], [ 15.3293, 7.337 ], [ 15.3107, 7.3181 ], [ 15.3139, 7.3235 ], [ 15.3053, 7.3184 ], [ 15.2624, 7.2768 ], [ 15.2518, 7.2745 ], [ 15.2381, 7.2484 ], [ 15.2247, 7.2397 ], [ 15.224, 7.2312 ], [ 15.2162, 7.2248 ], [ 15.2288, 7.222 ], [ 15.2385, 7.2139 ], [ 15.2309, 7.2068 ], [ 15.2285, 7.1974 ], [ 15.2133, 7.1757 ], [ 15.2162, 7.1444 ], [ 15.2253, 7.1375 ], [ 15.2096, 7.1064 ], [ 15.1966, 7.0705 ], [ 15.1911, 7.0696 ], [ 15.1845, 7.0731 ], [ 15.1697, 7.0667 ], [ 15.1623, 7.0451 ], [ 15.1487, 7.0279 ], [ 15.1397, 6.967 ], [ 15.1413, 6.9754 ], [ 15.1777, 6.9633 ], [ 15.2225, 6.9636 ], [ 15.2471, 6.9555 ], [ 15.2772, 6.9536 ], [ 15.3158, 6.9553 ], [ 15.3246, 6.9612 ], [ 15.3262, 6.9704 ], [ 15.3313, 6.9735 ], [ 15.3404, 6.9879 ], [ 15.3625, 6.9973 ], [ 15.3862, 7.0266 ], [ 15.3965, 7.0305 ], [ 15.4106, 7.0418 ], [ 15.4427, 7.036 ], [ 15.489, 7.0451 ], [ 15.5159, 7.044 ], [ 15.5466, 7.029 ], [ 15.5576, 7.0301 ], [ 15.5747, 7.0466 ], [ 15.5841, 7.0467 ], [ 15.5959, 7.0402 ], [ 15.6123, 7.0662 ], [ 15.6236, 7.0743 ], [ 15.6328, 7.0921 ], [ 15.6601, 7.1037 ], [ 15.6654, 7.1154 ], [ 15.6764, 7.1074 ], [ 15.7256, 7.0928 ], [ 15.7261, 7.1011 ], [ 15.7153, 7.1047 ], [ 15.7115, 7.1106 ], [ 15.715, 7.1351 ], [ 15.7563, 7.1423 ], [ 15.7701, 7.1525 ], [ 15.7845, 7.1517 ], [ 15.7985, 7.1454 ], [ 15.8243, 7.1239 ], [ 15.8465, 7.1245 ], [ 15.8864, 7.1623 ], [ 15.8961, 7.1668 ], [ 15.9293, 7.1562 ], [ 15.9561, 7.1417 ], [ 15.9733, 7.154 ], [ 15.9897, 7.1545 ], [ 16.0012, 7.1587 ], [ 16.0175, 7.1565 ], [ 16.0312, 7.1509 ] ] ] } },
{ "type": "Feature", "properties": { "iso3": "CAF", "unit_id": "68536942B85627956889313", "unit_name": "Bossemtélé" }, "geometry": { "type": "Polygon", "coordinates": [ [ [ 16.9784, 5.8586 ], [ 16.9692, 5.8667 ], [ 16.9647, 5.8761 ], [ 16.9653, 5.9056 ], [ 16.9328, 5.9478 ], [ 16.9358, 5.9664 ], [ 16.9283, 5.9855 ], [ 16.9217, 6.0189 ], [ 16.9214, 6.025 ], [ 16.928, 6.0392 ], [ 16.9269, 6.0444 ], [ 16.9136, 6.0589 ], [ 16.9047, 6.1033 ], [ 16.9061, 6.1109 ], [ 16.8987, 6.1166 ], [ 16.8936, 6.1098 ], [ 16.8827, 6.1053 ], [ 16.8781, 6.0917 ], [ 16.8684, 6.0846 ], [ 16.7876, 6.0886 ], [ 16.7782, 6.0792 ], [ 16.7617, 6.0738 ], [ 16.7541, 6.0576 ], [ 16.7405, 6.0463 ], [ 16.7242, 6.0205 ], [ 16.719, 6.017 ], [ 16.6931, 6.0182 ], [ 16.669, 6.0243 ], [ 16.655, 6.0326 ], [ 16.6473, 6.0433 ], [ 16.6083, 6.0454 ], [ 16.6052, 6.0516 ], [ 16.6065, 6.0675 ], [ 16.6023, 6.0856 ], [ 16.5881, 6.1057 ], [ 16.5842, 6.1185 ], [ 16.5683, 6.1362 ], [ 16.5545, 6.1385 ], [ 16.536, 6.1589 ], [ 16.5337, 6.1938 ], [ 16.5361, 6.2179 ], [ 16.5269, 6.2327 ], [ 16.5365, 6.2657 ], [ 16.5281, 6.2769 ], [ 16.4927, 6.2613 ], [ 16.4828, 6.2506 ], [ 16.4601, 6.2766 ], [ 16.4321, 6.2737 ], [ 16.4276, 6.2775 ], [ 16.424, 6.2891 ], [ 16.4059, 6.3061 ], [ 16.3997, 6.3005 ], [ 16.3839, 6.2985 ], [ 16.3804, 6.3024 ], [ 16.3573, 6.3069 ], [ 16.3483, 6.3215 ], [ 16.3457, 6.3204 ], [ 16.3313, 6.3067 ], [ 16.3177, 6.2871 ], [ 16.3181, 6.2805 ], [ 16.3116, 6.2725 ], [ 16.3104, 6.2583 ], [ 16.2864, 6.255 ], [ 16.2694, 6.2469 ], [ 16.2633, 6.2389 ], [ 16.259, 6.1967 ], [ 16.2338, 6.1611 ], [ 16.2022, 6.1363 ], [ 16.1952, 6.1242 ], [ 16.1882, 6.0967 ], [ 16.187, 6.0701 ], [ 16.193, 6.0585 ], [ 16.2457, 6.0524 ], [ 16.2751, 6.0239 ], [ 16.2763, 5.9886 ], [ 16.2652, 5.9558 ], [ 16.2764, 5.9358 ], [ 16.264, 5.9088 ], [ 16.2539, 5.9044 ], [ 16.2597, 5.8969 ], [ 16.2611, 5.8717 ], [ 16.2572, 5.8553 ], [ 16.2614, 5.8458 ], [ 16.3172, 5.7722 ], [ 16.3314, 5.7625 ], [ 16.3775, 5.7456 ], [ 16.3894, 5.7236 ], [ 16.4425, 5.6903 ], [ 16.4533, 5.6789 ], [ 16.4578, 5.6733 ], [ 16.4639, 5.635 ], [ 16.4706, 5.6233 ], [ 16.5056, 5.5892 ], [ 16.5174, 5.5547 ], [ 16.5487, 5.5676 ], [ 16.5564, 5.5842 ], [ 16.5744, 5.6086 ], [ 16.6083, 5.6236 ], [ 16.6153, 5.6308 ], [ 16.6269, 5.6569 ], [ 16.6342, 5.6647 ], [ 16.6594, 5.678 ], [ 16.68, 5.6975 ], [ 16.6836, 5.7047 ], [ 16.6789, 5.7286 ], [ 16.688, 5.7419 ], [ 16.7269, 5.7617 ], [ 16.7406, 5.7719 ], [ 16.7522, 5.7889 ], [ 16.7633, 5.7975 ], [ 16.7794, 5.7922 ], [ 16.8006, 5.795 ], [ 16.8525, 5.8189 ], [ 16.8731, 5.8242 ], [ 16.9336, 5.8289 ], [ 16.955, 5.8525 ], [ 16.9784, 5.8586 ] ] ] } },
{ "type": "Feature", "properties": { "iso3": "CAF", "unit_id": "68536942B72842337814011", "unit_name": "Bossangoa" }, "geometry": { "type": "Polygon", "coordinates": [ [ [ 17.8733, 5.9011 ], [ 17.8619, 5.9185 ], [ 17.8586, 5.9351 ], [ 17.8603, 5.9426 ], [ 17.8564, 5.9582 ], [ 17.864, 5.9821 ], [ 17.8642, 5.9973 ], [ 17.8547, 6.0087 ], [ 17.8548, 6.0168 ], [ 17.8692, 6.0675 ], [ 17.8774, 6.0759 ], [ 17.8693, 6.0794 ], [ 17.8562, 6.0771 ], [ 17.8531, 6.0646 ], [ 17.8429, 6.0628 ], [ 17.8345, 6.057 ], [ 17.8232, 6.0702 ], [ 17.804, 6.058 ], [ 17.7994, 6.062 ], [ 17.7987, 6.0709 ], [ 17.7893, 6.0841 ], [ 17.7755, 6.085 ], [ 17.7607, 6.1026 ], [ 17.7546, 6.104 ], [ 17.7484, 6.0963 ], [ 17.7547, 6.0859 ], [ 17.7541, 6.0503 ], [ 17.7416, 6.073 ], [ 17.7318, 6.0766 ], [ 17.7251, 6.0872 ], [ 17.7148, 6.0921 ], [ 17.7141, 6.0962 ], [ 17.7094, 6.0972 ], [ 17.7057, 6.1032 ], [ 17.701, 6.1058 ], [ 17.6932, 6.104 ], [ 17.6737, 6.1205 ], [ 17.6631, 6.1226 ], [ 17.6539, 6.1274 ], [ 17.6504, 6.1329 ], [ 17.6241, 6.144 ], [ 17.61, 6.1624 ], [ 17.6075, 6.1753 ], [ 17.6165, 6.1954 ], [ 17.6225, 6.2019 ], [ 17.6174, 6.2231 ], [ 17.6221, 6.2409 ], [ 17.6495, 6.2596 ], [ 17.6617, 6.2779 ], [ 17.681, 6.2911 ], [ 17.6797, 6.3031 ], [ 17.6979, 6.3153 ], [ 17.6981, 6.3236 ], [ 17.7044, 6.3365 ], [ 17.7184, 6.3402 ], [ 17.7232, 6.3491 ], [ 17.7192, 6.358 ], [ 17.722, 6.3691 ], [ 17.7205, 6.3854 ], [ 17.7255, 6.3915 ], [ 17.7255, 6.3972 ], [ 17.7215, 6.3994 ], [ 17.7208, 6.4123 ], [ 17.7334, 6.422 ], [ 17.7293, 6.4425 ], [ 17.7343, 6.4604 ], [ 17.7416, 6.4674 ], [ 17.7364, 6.471 ], [ 17.7382, 6.4909 ], [ 17.7297, 6.5034 ], [ 17.7246, 6.5209 ], [ 17.7274, 6.5251 ], [ 17.7265, 6.5365 ], [ 17.7194, 6.5559 ], [ 17.7354, 6.5774 ], [ 17.7367, 6.5832 ], [ 17.7449, 6.5858 ], [ 17.7492, 6.6046 ], [ 17.7455, 6.6059 ], [ 17.7479, 6.6102 ], [ 17.7452, 6.6133 ], [ 17.7602, 6.623 ], [ 17.7833, 6.6293 ], [ 17.7854, 6.6336 ], [ 17.7791, 6.6512 ], [ 17.7808, 6.6557 ], [ 17.7926, 6.662 ], [ 17.819, 6.6592 ], [ 17.8358, 6.6667 ], [ 17.8489, 6.6813 ], [ 17.8628, 6.6828 ], [ 17.8715, 6.6876 ], [ 17.8767, 6.6992 ], [ 17.8765, 6.7063 ], [ 17.8678, 6.7201 ], [ 17.867, 6.7271 ], [ 17.8732, 6.7402 ], [ 17.8802, 6.7417 ], [ 17.8835, 6.7478 ], [ 17.8681, 6.7734 ], [ 17.8792, 6.7895 ], [ 17.906, 6.8023 ], [ 17.9165, 6.8108 ], [ 17.939, 6.8105 ], [ 17.9592, 6.8171 ], [ 17.9654, 6.8236 ], [ 17.9625, 6.8284 ], [ 17.9634, 6.8374 ], [ 17.9563, 6.8488 ], [ 17.9381, 6.8565 ], [ 17.9218, 6.8576 ], [ 17.9275, 6.8724 ], [ 17.9333, 6.8789 ], [ 17.927, 6.8832 ], [ 17.922, 6.8972 ], [ 17.9162, 6.8989 ], [ 17.9141, 6.9039 ], [ 17.8923, 6.8934 ], [ 17.8895, 6.8819 ], [ 17.8778, 6.8798 ], [ 17.867, 6.8665 ], [ 17.8617, 6.8685 ], [ 17.8581, 6.8659 ], [ 17.8563, 6.8683 ], [ 17.855, 6.8641 ], [ 17.8542, 6.8667 ], [ 17.8444, 6.8652 ], [ 17.8352, 6.8584 ], [ 17.8257, 6.8596 ], [ 17.8115, 6.8479 ], [ 17.81, 6.8513 ], [ 17.8017, 6.8522 ], [ 17.7907, 6.8588 ], [ 17.7877, 6.8695 ], [ 17.7746, 6.8734 ], [ 17.775, 6.8688 ], [ 17.7498, 6.8506 ], [ 17.7459, 6.8543 ], [ 17.7468, 6.859 ], [ 17.7372, 6.8639 ], [ 17.7339, 6.8626 ], [ 17.726, 6.8772 ], [ 17.7199, 6.876 ], [ 17.7011, 6.8945 ], [ 17.6768, 6.9287 ], [ 17.6322, 6.9382 ], [ 17.6355, 6.9366 ], [ 17.6379, 6.9238 ], [ 17.6474, 6.9117 ], [ 17.6468, 6.9057 ], [ 17.6411, 6.9012 ], [ 17.6303, 6.9087 ], [ 17.6209, 6.9057 ], [ 17.608, 6.9129 ], [ 17.5975, 6.9143 ], [ 17.5952, 6.9253 ], [ 17.5812, 6.9426 ], [ 17.5759, 6.9393 ], [ 17.5391, 6.9389 ], [ 17.5339, 6.9286 ], [ 17.5277, 6.9245 ], [ 17.5271, 6.9169 ], [ 17.5355, 6.9 ], [ 17.5194, 6.8597 ], [ 17.5241, 6.8538 ], [ 17.5477, 6.8497 ], [ 17.5495, 6.844 ], [ 17.5366, 6.8312 ], [ 17.5293, 6.8039 ], [ 17.5307, 6.7867 ], [ 17.5249, 6.7545 ], [ 17.5111, 6.7101 ], [ 17.4679, 6.6366 ], [ 17.4615, 6.5786 ], [ 17.4527, 6.5713 ], [ 17.4574, 6.5565 ], [ 17.47, 6.5423 ], [ 17.4762, 6.5441 ], [ 17.4802, 6.5401 ], [ 17.4849, 6.5343 ], [ 17.4829, 6.5298 ], [ 17.4886, 6.5307 ], [ 17.4865, 6.5239 ], [ 17.4891, 6.5169 ], [ 17.4768, 6.51 ], [ 17.4716, 6.5211 ], [ 17.4442, 6.5347 ], [ 17.4266, 6.5721 ], [ 17.41, 6.5924 ], [ 17.4142, 6.6081 ], [ 17.408, 6.6097 ], [ 17.4047, 6.621 ], [ 17.4053, 6.6608 ], [ 17.412, 6.6742 ], [ 17.4131, 6.6917 ], [ 17.4068, 6.693 ], [ 17.3959, 6.7084 ], [ 17.3844, 6.7377 ], [ 17.3563, 6.755 ], [ 17.3348, 6.7848 ], [ 17.3279, 6.7873 ], [ 17.318, 6.8441 ], [ 17.3203, 6.854 ], [ 17.3043, 6.8579 ], [ 17.2913, 6.8734 ], [ 17.2738, 6.8749 ], [ 17.262, 6.8837 ], [ 17.2521, 6.8818 ], [ 17.2504, 6.8775 ], [ 17.2251, 6.8825 ], [ 17.2184, 6.8905 ], [ 17.2056, 6.8913 ], [ 17.1937, 6.9005 ], [ 17.1853, 6.9454 ], [ 17.1923, 6.9511 ], [ 17.1966, 6.9727 ], [ 17.1556, 6.9757 ], [ 17.1435, 6.9705 ], [ 17.143, 6.9678 ], [ 17.1375, 6.9677 ], [ 17.1281, 6.9718 ], [ 17.1104, 6.973 ], [ 17.0938, 6.9668 ], [ 17.0778, 6.9678 ], [ 17.0773, 6.9638 ], [ 17.0675, 6.9668 ], [ 17.066, 6.9639 ], [ 17.0618, 6.9653 ], [ 17.0394, 6.9577 ], [ 17.0349, 6.9532 ], [ 17.0171, 6.9518 ], [ 17.0147, 6.9391 ], [ 17.0163, 6.9227 ], [ 17.0063, 6.9168 ], [ 17.0075, 6.9061 ], [ 16.9929, 6.8915 ], [ 16.9932, 6.88 ], [ 16.9875, 6.8781 ], [ 16.98, 6.8682 ], [ 16.96, 6.8636 ], [ 16.9489, 6.8658 ], [ 16.9381, 6.8737 ], [ 16.9289, 6.8733 ], [ 16.9105, 6.8659 ], [ 16.8981, 6.8522 ], [ 16.8886, 6.8322 ], [ 16.8802, 6.8225 ], [ 16.8722, 6.794 ], [ 16.8573, 6.7856 ], [ 16.8481, 6.7729 ], [ 16.8433, 6.7755 ], [ 16.8304, 6.7728 ], [ 16.8248, 6.7812 ], [ 16.8166, 6.7856 ], [ 16.7928, 6.777 ], [ 16.7844, 6.7854 ], [ 16.7728, 6.7882 ], [ 16.7635, 6.7998 ], [ 16.7528, 6.803 ], [ 16.7456, 6.8134 ], [ 16.7234, 6.8178 ], [ 16.7229, 6.807 ], [ 16.7286, 6.7956 ], [ 16.7256, 6.7708 ], [ 16.755, 6.7058 ], [ 16.7567, 6.68 ], [ 16.7533, 6.6506 ], [ 16.7564, 6.6356 ], [ 16.7672, 6.61 ], [ 16.7794, 6.61 ], [ 16.79, 6.5992 ], [ 16.7889, 6.5669 ], [ 16.7928, 6.5575 ], [ 16.7992, 6.5503 ], [ 16.8289, 6.5442 ], [ 16.8392, 6.5272 ], [ 16.8511, 6.4928 ], [ 16.8625, 6.483 ], [ 16.8797, 6.4819 ], [ 16.8872, 6.4692 ], [ 16.8986, 6.4594 ], [ 16.9189, 6.4517 ], [ 16.9372, 6.4606 ], [ 16.9483, 6.4572 ], [ 16.9536, 6.4678 ], [ 16.9539, 6.4803 ], [ 16.9619, 6.4864 ], [ 16.9761, 6.4794 ], [ 16.9983, 6.4842 ], [ 17.0189, 6.4761 ], [ 17.04, 6.4889 ], [ 17.0461, 6.4878 ], [ 17.0622, 6.4764 ], [ 17.0672, 6.4678 ], [ 17.0894, 6.4611 ], [ 17.1035, 6.4476 ], [ 17.1219, 6.4451 ], [ 17.1282, 6.4379 ], [ 17.1316, 6.4211 ], [ 17.127, 6.3998 ], [ 17.105, 6.3863 ], [ 17.0918, 6.3959 ], [ 17.0821, 6.3947 ], [ 17.064, 6.369 ], [ 17.0472, 6.3684 ], [ 17.0481, 6.3599 ], [ 17.0385, 6.351 ], [ 17.0448, 6.3413 ], [ 17.0397, 6.3294 ], [ 17.0332, 6.3271 ], [ 17.0271, 6.3186 ], [ 17.0271, 6.3015 ], [ 17.0144, 6.3055 ], [ 17.0127, 6.2976 ], [ 17.0024, 6.2941 ], [ 16.9851, 6.2967 ], [ 16.9794, 6.2917 ], [ 16.9722, 6.2674 ], [ 16.9789, 6.2498 ], [ 16.9768, 6.2403 ], [ 16.9684, 6.2169 ], [ 16.9543, 6.1913 ], [ 16.9601, 6.1545 ], [ 16.9699, 6.1409 ], [ 16.9709, 6.1225 ], [ 16.9182, 6.1237 ], [ 16.9044, 6.1094 ], [ 16.9136, 6.0589 ], [ 16.9269, 6.0444 ], [ 16.928, 6.0392 ], [ 16.9214, 6.025 ], [ 16.9217, 6.0189 ], [ 16.9283, 5.9855 ], [ 16.9358, 5.9664 ], [ 16.9328, 5.9478 ], [ 16.9653, 5.9056 ], [ 16.9647, 5.8761 ], [ 16.9814, 5.8519 ], [ 16.9818, 5.8373 ], [ 16.973, 5.8064 ], [ 17.0011, 5.7661 ], [ 17.0144, 5.7389 ], [ 17.2354, 5.7307 ], [ 17.4036, 5.7133 ], [ 17.5989, 5.7164 ], [ 17.8244, 5.8478 ], [ 17.8536, 5.89 ], [ 17.8733, 5.9011 ] ] ] } },
{ "type": "Feature", "properties": { "iso3": "CAF", "unit_id": "68536942B17503794686008", "unit_name": "Nana-Bakassa" }, "geometry": { "type": "Polygon", "coordinates": [ [ [ 17.6355, 6.9366 ], [ 17.6051, 6.9451 ], [ 17.5789, 7.0021 ], [ 17.4013, 7.1696 ], [ 17.4095, 7.1703 ], [ 17.4168, 7.1836 ], [ 17.4236, 7.1865 ], [ 17.4208, 7.1895 ], [ 17.4118, 7.187 ], [ 17.4111, 7.1905 ], [ 17.416, 7.1908 ], [ 17.4099, 7.2084 ], [ 17.4107, 7.2133 ], [ 17.4143, 7.2154 ], [ 17.4174, 7.2132 ], [ 17.4164, 7.2215 ], [ 17.4199, 7.2225 ], [ 17.4223, 7.2374 ], [ 17.4309, 7.2366 ], [ 17.4381, 7.2282 ], [ 17.4471, 7.2327 ], [ 17.4469, 7.2426 ], [ 17.4585, 7.2426 ], [ 17.4635, 7.2457 ], [ 17.4641, 7.2516 ], [ 17.4593, 7.2501 ], [ 17.4589, 7.2543 ], [ 17.4665, 7.2589 ], [ 17.4646, 7.2619 ], [ 17.4702, 7.2633 ], [ 17.4675, 7.2684 ], [ 17.4717, 7.2669 ], [ 17.4736, 7.2726 ], [ 17.4702, 7.2757 ], [ 17.4706, 7.2823 ], [ 17.4758, 7.2874 ], [ 17.4694, 7.2974 ], [ 17.4761, 7.2991 ], [ 17.4726, 7.3035 ], [ 17.4785, 7.3064 ], [ 17.4703, 7.3092 ], [ 17.4737, 7.3094 ], [ 17.4747, 7.314 ], [ 17.4817, 7.3112 ], [ 17.4876, 7.3129 ], [ 17.4878, 7.3167 ], [ 17.4848, 7.3139 ], [ 17.4811, 7.317 ], [ 17.4859, 7.3185 ], [ 17.4847, 7.3258 ], [ 17.4895, 7.3253 ], [ 17.4956, 7.3355 ], [ 17.492, 7.3354 ], [ 17.4926, 7.3433 ], [ 17.4891, 7.3471 ], [ 17.4868, 7.3427 ], [ 17.4663, 7.3367 ], [ 17.4484, 7.3247 ], [ 17.443, 7.3104 ], [ 17.4385, 7.3111 ], [ 17.4393, 7.3063 ], [ 17.4365, 7.3086 ], [ 17.4297, 7.3072 ], [ 17.4285, 7.3097 ], [ 17.4248, 7.3063 ], [ 17.4194, 7.3074 ], [ 17.4184, 7.3038 ], [ 17.4163, 7.3078 ], [ 17.4127, 7.3067 ], [ 17.4065, 7.2946 ], [ 17.4027, 7.2953 ], [ 17.4018, 7.2914 ], [ 17.3979, 7.2923 ], [ 17.3972, 7.2876 ], [ 17.3933, 7.2876 ], [ 17.3908, 7.2795 ], [ 17.3869, 7.2788 ], [ 17.3843, 7.271 ], [ 17.3815, 7.2716 ], [ 17.3796, 7.2637 ], [ 17.365, 7.2601 ], [ 17.3562, 7.2463 ], [ 17.3566, 7.2365 ], [ 17.3529, 7.2324 ], [ 17.3555, 7.2299 ], [ 17.3513, 7.2282 ], [ 17.3507, 7.2222 ], [ 17.3467, 7.2225 ], [ 17.3474, 7.2138 ], [ 17.3409, 7.2147 ], [ 17.3355, 7.2033 ], [ 17.2585, 7.1891 ], [ 17.2533, 7.1987 ], [ 17.2538, 7.2044 ], [ 17.2498, 7.208 ], [ 17.2489, 7.2235 ], [ 17.2427, 7.228 ], [ 17.2295, 7.2189 ], [ 17.2161, 7.218 ], [ 17.2095, 7.2116 ], [ 17.2009, 7.2169 ], [ 17.1978, 7.2147 ], [ 17.1888, 7.2175 ], [ 17.186, 7.2107 ], [ 17.1629, 7.2024 ], [ 17.1582, 7.199 ], [ 17.1547, 7.1897 ], [ 17.1517, 7.1895 ], [ 17.1515, 7.169 ], [ 17.1559, 7.1661 ], [ 17.1605, 7.1362 ], [ 17.174, 7.1113 ], [ 17.1537, 7.082 ], [ 17.1574, 7.0791 ], [ 17.1629, 7.0808 ], [ 17.1832, 7.0579 ], [ 17.1848, 7.0458 ], [ 17.1977, 7.0244 ], [ 17.1988, 7.0178 ], [ 17.1959, 7.014 ], [ 17.199, 7.0099 ], [ 17.1981, 7.0018 ], [ 17.2092, 6.9969 ], [ 17.2165, 6.9856 ], [ 17.2165, 6.9818 ], [ 17.2129, 6.9846 ], [ 17.2096, 6.9826 ], [ 17.206, 6.9737 ], [ 17.199, 6.976 ], [ 17.1947, 6.9685 ], [ 17.1923, 6.9511 ], [ 17.1853, 6.9454 ], [ 17.1937, 6.9005 ], [ 17.2056, 6.8913 ], [ 17.2184, 6.8905 ], [ 17.2251, 6.8825 ], [ 17.2504, 6.8775 ], [ 17.2521, 6.8818 ], [ 17.262, 6.8837 ], [ 17.2738, 6.8749 ], [ 17.2913, 6.8734 ], [ 17.3043, 6.8579 ], [ 17.3203, 6.854 ], [ 17.318, 6.8441 ], [ 17.3279, 6.7873 ], [ 17.3348, 6.7848 ], [ 17.3563, 6.755 ], [ 17.3844, 6.7377 ], [ 17.3959, 6.7084 ], [ 17.4068, 6.693 ], [ 17.4131, 6.6917 ], [ 17.412, 6.6742 ], [ 17.4053, 6.6608 ], [ 17.4047, 6.621 ], [ 17.408, 6.6097 ], [ 17.4142, 6.6081 ], [ 17.41, 6.5924 ], [ 17.4266, 6.5721 ], [ 17.4442, 6.5347 ], [ 17.4716, 6.5211 ], [ 17.4768, 6.51 ], [ 17.4891, 6.5169 ], [ 17.4865, 6.5239 ], [ 17.4886, 6.5307 ], [ 17.4829, 6.5298 ], [ 17.4849, 6.5343 ], [ 17.4802, 6.5401 ], [ 17.4762, 6.5441 ], [ 17.47, 6.5423 ], [ 17.4574, 6.5565 ], [ 17.4527, 6.5713 ], [ 17.4615, 6.5786 ], [ 17.4679, 6.6366 ], [ 17.5111, 6.7101 ], [ 17.5249, 6.7545 ], [ 17.5307, 6.7867 ], [ 17.5293, 6.8039 ], [ 17.5366, 6.8312 ], [ 17.5495, 6.844 ], [ 17.5477, 6.8497 ], [ 17.5241, 6.8538 ], [ 17.5194, 6.8597 ], [ 17.5355, 6.9 ], [ 17.5271, 6.9169 ], [ 17.5277, 6.9245 ], [ 17.5339, 6.9286 ], [ 17.5417, 6.9405 ], [ 17.5759, 6.9393 ], [ 17.5812, 6.9426 ], [ 17.5952, 6.9253 ], [ 17.5975, 6.9143 ], [ 17.608, 6.9129 ], [ 17.6209, 6.9057 ], [ 17.6303, 6.9087 ], [ 17.6411, 6.9012 ], [ 17.6468, 6.9057 ], [ 17.6474, 6.9117 ], [ 17.6379, 6.9238 ], [ 17.6355, 6.9366 ] ] ] } },
{ "type": "Feature", "properties": { "iso3": "CAF", "unit_id": "68536942B77511371376852", "unit_name": "Markounda" }, "geometry": { "type": "Polygon", "coordinates": [ [ [ 16.8144, 7.4667 ], [ 16.8294, 7.462 ], [ 16.8319, 7.4535 ], [ 16.8416, 7.4481 ], [ 16.8514, 7.4348 ], [ 16.861, 7.4288 ], [ 16.8267, 7.3923 ], [ 16.8126, 7.3926 ], [ 16.8101, 7.3895 ], [ 16.8049, 7.3709 ], [ 16.8122, 7.3626 ], [ 16.8045, 7.3506 ], [ 16.803, 7.3414 ], [ 16.8139, 7.3329 ], [ 16.8273, 7.3377 ], [ 16.8361, 7.3308 ], [ 16.8577, 7.3335 ], [ 16.8687, 7.33 ], [ 16.873, 7.3206 ], [ 16.8643, 7.311 ], [ 16.8639, 7.3014 ], [ 16.8741, 7.2869 ], [ 16.8846, 7.2844 ], [ 16.8929, 7.2652 ], [ 16.9084, 7.2594 ], [ 16.9267, 7.2682 ], [ 16.9344, 7.2635 ], [ 16.9521, 7.2628 ], [ 16.9723, 7.2768 ], [ 16.9737, 7.2669 ], [ 16.9818, 7.2647 ], [ 16.9904, 7.2684 ], [ 17.0104, 7.2494 ], [ 17.02, 7.2538 ], [ 17.0318, 7.2474 ], [ 17.0422, 7.2476 ], [ 17.0474, 7.2425 ], [ 17.0678, 7.2401 ], [ 17.0831, 7.2332 ], [ 17.0957, 7.2411 ], [ 17.1114, 7.2332 ], [ 17.1179, 7.2394 ], [ 17.1292, 7.2407 ], [ 17.1339, 7.2336 ], [ 17.1483, 7.2332 ], [ 17.157, 7.2273 ], [ 17.1661, 7.2274 ], [ 17.1754, 7.2087 ], [ 17.186, 7.2107 ], [ 17.1888, 7.2175 ], [ 17.1978, 7.2147 ], [ 17.2009, 7.2169 ], [ 17.2095, 7.2116 ], [ 17.2161, 7.218 ], [ 17.2295, 7.2189 ], [ 17.2427, 7.228 ], [ 17.2489, 7.2235 ], [ 17.2498, 7.208 ], [ 17.2538, 7.2044 ], [ 17.2533, 7.1987 ], [ 17.2585, 7.1891 ], [ 17.3355, 7.2033 ], [ 17.3409, 7.2147 ], [ 17.3474, 7.2138 ], [ 17.3467, 7.2225 ], [ 17.3507, 7.2222 ], [ 17.3513, 7.2282 ], [ 17.3555, 7.2299 ], [ 17.3529, 7.2324 ], [ 17.3566, 7.2365 ], [ 17.3562, 7.2463 ], [ 17.365, 7.2601 ], [ 17.3796, 7.2637 ], [ 17.3815, 7.2716 ], [ 17.3843, 7.271 ], [ 17.3869, 7.2788 ], [ 17.3908, 7.2795 ], [ 17.3933, 7.2876 ], [ 17.3972, 7.2876 ], [ 17.3979, 7.2923 ], [ 17.4018, 7.2914 ], [ 17.4027, 7.2953 ], [ 17.4065, 7.2946 ], [ 17.4127, 7.3067 ], [ 17.4163, 7.3078 ], [ 17.4184, 7.3038 ], [ 17.4194, 7.3074 ], [ 17.4248, 7.3063 ], [ 17.4285, 7.3097 ], [ 17.4297, 7.3072 ], [ 17.4365, 7.3086 ], [ 17.4393, 7.3063 ], [ 17.4385, 7.3111 ], [ 17.443, 7.3104 ], [ 17.4484, 7.3247 ], [ 17.4663, 7.3367 ], [ 17.4794, 7.3389 ], [ 17.4897, 7.3457 ], [ 17.4869, 7.3498 ], [ 17.4824, 7.3499 ], [ 17.483, 7.3537 ], [ 17.4911, 7.3568 ], [ 17.4881, 7.3606 ], [ 17.4938, 7.3684 ], [ 17.5022, 7.3684 ], [ 17.4997, 7.378 ], [ 17.5049, 7.3815 ], [ 17.5104, 7.3787 ], [ 17.5084, 7.3852 ], [ 17.5133, 7.3911 ], [ 17.5044, 7.3996 ], [ 17.5073, 7.4053 ], [ 17.4997, 7.406 ], [ 17.4988, 7.4093 ], [ 17.5022, 7.4112 ], [ 17.5005, 7.4158 ], [ 17.5038, 7.4167 ], [ 17.5047, 7.4122 ], [ 17.5116, 7.4099 ], [ 17.5142, 7.4179 ], [ 17.5216, 7.4142 ], [ 17.5267, 7.4071 ], [ 17.526, 7.4135 ], [ 17.531, 7.4128 ], [ 17.5348, 7.4168 ], [ 17.5366, 7.4141 ], [ 17.5401, 7.4191 ], [ 17.5366, 7.4249 ], [ 17.5296, 7.4272 ], [ 17.5363, 7.4288 ], [ 17.5364, 7.4351 ], [ 17.5398, 7.4363 ], [ 17.5396, 7.4388 ], [ 17.5298, 7.4374 ], [ 17.5319, 7.442 ], [ 17.5415, 7.4469 ], [ 17.5371, 7.4512 ], [ 17.5436, 7.4532 ], [ 17.5481, 7.4511 ], [ 17.5489, 7.4636 ], [ 17.5531, 7.4556 ], [ 17.5612, 7.456 ], [ 17.5553, 7.464 ], [ 17.5561, 7.4677 ], [ 17.5625, 7.4642 ], [ 17.5659, 7.4668 ], [ 17.576, 7.4663 ], [ 17.5782, 7.4703 ], [ 17.5762, 7.4807 ], [ 17.5817, 7.4994 ], [ 17.582, 7.5137 ], [ 17.58, 7.5171 ], [ 17.5821, 7.7866 ], [ 17.5856, 7.7852 ], [ 17.5881, 7.7961 ], [ 17.5977, 7.8034 ], [ 17.6001, 7.8139 ], [ 17.6045, 7.8185 ], [ 17.6473, 7.836 ], [ 17.6681, 7.8796 ], [ 17.6633, 7.8976 ], [ 17.6685, 7.8992 ], [ 17.669, 7.9076 ], [ 17.6659, 7.9105 ], [ 17.6683, 7.9183 ], [ 17.6659, 7.9199 ], [ 17.6709, 7.9273 ], [ 17.6894, 7.9369 ], [ 17.6946, 7.9343 ], [ 17.7008, 7.9373 ], [ 17.7028, 7.9423 ], [ 17.719, 7.9448 ], [ 17.7132, 7.9524 ], [ 17.7188, 7.9607 ], [ 17.7232, 7.9618 ], [ 17.7247, 7.9591 ], [ 17.728, 7.9627 ], [ 17.7333, 7.9591 ], [ 17.7391, 7.9631 ], [ 17.7222, 7.9788 ], [ 17.705, 7.9691 ], [ 17.694, 7.9817 ], [ 17.6717, 7.9828 ], [ 17.6583, 7.9741 ], [ 17.6589, 7.9624 ], [ 17.6489, 7.9457 ], [ 17.6454, 7.9435 ], [ 17.6332, 7.9454 ], [ 17.6165, 7.9269 ], [ 17.6101, 7.926 ], [ 17.6013, 7.9327 ], [ 17.5965, 7.9327 ], [ 17.5852, 7.9239 ], [ 17.5745, 7.909 ], [ 17.5671, 7.9088 ], [ 17.5617, 7.9226 ], [ 17.5471, 7.9213 ], [ 17.5385, 7.9039 ], [ 17.5368, 7.8872 ], [ 17.5308, 7.8868 ], [ 17.5269, 7.8914 ], [ 17.5235, 7.891 ], [ 17.5151, 7.8687 ], [ 17.5111, 7.8676 ], [ 17.4767, 7.8928 ], [ 17.4678, 7.894 ], [ 17.4596, 7.8838 ], [ 17.449, 7.8834 ], [ 17.4472, 7.8776 ], [ 17.4499, 7.8719 ], [ 17.4457, 7.8662 ], [ 17.4388, 7.8676 ], [ 17.4331, 7.8773 ], [ 17.4211, 7.8755 ], [ 17.4181, 7.8714 ], [ 17.4243, 7.8631 ], [ 17.4236, 7.8585 ], [ 17.4089, 7.8662 ], [ 17.4044, 7.8579 ], [ 17.403, 7.843 ], [ 17.3984, 7.8437 ], [ 17.3936, 7.8509 ], [ 17.3763, 7.8466 ], [ 17.3687, 7.8496 ], [ 17.3592, 7.8403 ], [ 17.3454, 7.8411 ], [ 17.3328, 7.8205 ], [ 17.3147, 7.8284 ], [ 17.3087, 7.8277 ], [ 17.3045, 7.8236 ], [ 17.3042, 7.8094 ], [ 17.301, 7.8055 ], [ 17.2839, 7.8035 ], [ 17.2816, 7.7914 ], [ 17.2742, 7.791 ], [ 17.2707, 7.7852 ], [ 17.2647, 7.7841 ], [ 17.2694, 7.7616 ], [ 17.2627, 7.747 ], [ 17.2546, 7.7463 ], [ 17.2441, 7.7595 ], [ 17.2379, 7.7639 ], [ 17.2326, 7.7634 ], [ 17.2254, 7.7499 ], [ 17.217, 7.7422 ], [ 17.2186, 7.7266 ], [ 17.1692, 7.7069 ], [ 17.1657, 7.7028 ], [ 17.1741, 7.6885 ], [ 17.1628, 7.6812 ], [ 17.1604, 7.6667 ], [ 17.1392, 7.6618 ], [ 17.1321, 7.6632 ], [ 17.1259, 7.6674 ], [ 17.1156, 7.6876 ], [ 17.0913, 7.6921 ], [ 17.0873, 7.6864 ], [ 17.0918, 7.6683 ], [ 17.0906, 7.6605 ], [ 17.0673, 7.6514 ], [ 17.0492, 7.6552 ], [ 17.0441, 7.6504 ], [ 17.0403, 7.635 ], [ 17.0053, 7.6348 ], [ 16.9936, 7.6318 ], [ 16.9871, 7.6356 ], [ 16.9751, 7.6278 ], [ 16.9634, 7.6355 ], [ 16.957, 7.6359 ], [ 16.9283, 7.6228 ], [ 16.9246, 7.6177 ], [ 16.9269, 7.606 ], [ 16.9225, 7.6056 ], [ 16.9009, 7.6165 ], [ 16.8981, 7.6103 ], [ 16.9056, 7.5972 ], [ 16.8956, 7.5745 ], [ 16.9074, 7.5694 ], [ 16.9101, 7.5616 ], [ 16.896, 7.5502 ], [ 16.8836, 7.5576 ], [ 16.8741, 7.5563 ], [ 16.8697, 7.5515 ], [ 16.8678, 7.5386 ], [ 16.8508, 7.5353 ], [ 16.8438, 7.5298 ], [ 16.8223, 7.5327 ], [ 16.8228, 7.515 ], [ 16.8114, 7.4769 ], [ 16.8144, 7.4667 ] ] ] } },
{ "type": "Feature", "properties": { "iso3": "CAF", "unit_id": "68536942B23088806504355", "unit_name": "Nangha Boguila" }, "geometry": { "type": "Polygon", "coordinates": [ [ [ 16.7234, 6.8178 ], [ 16.7456, 6.8134 ], [ 16.7528, 6.803 ], [ 16.7635, 6.7998 ], [ 16.7728, 6.7882 ], [ 16.7844, 6.7854 ], [ 16.7928, 6.777 ], [ 16.8166, 6.7856 ], [ 16.8248, 6.7812 ], [ 16.8304, 6.7728 ], [ 16.8433, 6.7755 ], [ 16.8481, 6.7729 ], [ 16.8573, 6.7856 ], [ 16.8722, 6.794 ], [ 16.8802, 6.8225 ], [ 16.8886, 6.8322 ], [ 16.8981, 6.8522 ], [ 16.9105, 6.8659 ], [ 16.9289, 6.8733 ], [ 16.9381, 6.8737 ], [ 16.9489, 6.8658 ], [ 16.96, 6.8636 ], [ 16.98, 6.8682 ], [ 16.9875, 6.8781 ], [ 16.9932, 6.88 ], [ 16.9929, 6.8915 ], [ 17.0075, 6.9061 ], [ 17.0063, 6.9168 ], [ 17.0163, 6.9227 ], [ 17.0147, 6.9391 ], [ 17.0171, 6.9518 ], [ 17.0349, 6.9532 ], [ 17.0394, 6.9577 ], [ 17.0618, 6.9653 ], [ 17.066, 6.9639 ], [ 17.0675, 6.9668 ], [ 17.0773, 6.9638 ], [ 17.0778, 6.9678 ], [ 17.0938, 6.9668 ], [ 17.0998, 6.9681 ], [ 17.1018, 6.9718 ], [ 17.1157, 6.9735 ], [ 17.143, 6.9678 ], [ 17.1435, 6.9705 ], [ 17.1556, 6.9757 ], [ 17.1752, 6.9732 ], [ 17.178, 6.9754 ], [ 17.1916, 6.9719 ], [ 17.199, 6.976 ], [ 17.206, 6.9737 ], [ 17.2056, 6.9775 ], [ 17.2129, 6.9846 ], [ 17.2165, 6.9818 ], [ 17.2092, 6.9969 ], [ 17.1981, 7.0018 ], [ 17.199, 7.0099 ], [ 17.1959, 7.014 ], [ 17.1988, 7.0178 ], [ 17.1977, 7.0244 ], [ 17.1848, 7.0458 ], [ 17.1832, 7.0579 ], [ 17.1629, 7.0808 ], [ 17.1574, 7.0791 ], [ 17.1537, 7.082 ], [ 17.174, 7.1113 ], [ 17.1605, 7.1362 ], [ 17.1559, 7.1661 ], [ 17.1515, 7.169 ], [ 17.1517, 7.1895 ], [ 17.1547, 7.1897 ], [ 17.1582, 7.199 ], [ 17.1754, 7.2087 ], [ 17.1661, 7.2274 ], [ 17.157, 7.2273 ], [ 17.1483, 7.2332 ], [ 17.1339, 7.2336 ], [ 17.1292, 7.2407 ], [ 17.1179, 7.2394 ], [ 17.1114, 7.2332 ], [ 17.0957, 7.2411 ], [ 17.0831, 7.2332 ], [ 17.0678, 7.2401 ], [ 17.0474, 7.2425 ], [ 17.0422, 7.2476 ], [ 17.0318, 7.2474 ], [ 17.02, 7.2538 ], [ 17.0104, 7.2494 ], [ 16.9904, 7.2684 ], [ 16.9818, 7.2647 ], [ 16.9737, 7.2669 ], [ 16.9723, 7.2768 ], [ 16.9521, 7.2628 ], [ 16.9344, 7.2635 ], [ 16.9267, 7.2682 ], [ 16.9084, 7.2594 ], [ 16.8929, 7.2652 ], [ 16.8846, 7.2844 ], [ 16.8741, 7.2869 ], [ 16.8639, 7.3014 ], [ 16.8643, 7.311 ], [ 16.873, 7.3206 ], [ 16.8687, 7.33 ], [ 16.8577, 7.3335 ], [ 16.8361, 7.3308 ], [ 16.8273, 7.3377 ], [ 16.8139, 7.3329 ], [ 16.803, 7.3414 ], [ 16.8045, 7.3506 ], [ 16.8122, 7.3626 ], [ 16.8049, 7.3709 ], [ 16.8101, 7.3895 ], [ 16.8126, 7.3926 ], [ 16.8267, 7.3923 ], [ 16.861, 7.4288 ], [ 16.8514, 7.4348 ], [ 16.8416, 7.4481 ], [ 16.8319, 7.4535 ], [ 16.8294, 7.462 ], [ 16.8144, 7.4667 ], [ 16.8322, 7.45 ], [ 16.8344, 7.4453 ], [ 16.8328, 7.4322 ], [ 16.8244, 7.4128 ], [ 16.8019, 7.4014 ], [ 16.7919, 7.3908 ], [ 16.7908, 7.3847 ], [ 16.7961, 7.3697 ], [ 16.7825, 7.3561 ], [ 16.7794, 7.3178 ], [ 16.7822, 7.3006 ], [ 16.7753, 7.2357 ], [ 16.7536, 7.2039 ], [ 16.7533, 7.1853 ], [ 16.7644, 7.1619 ], [ 16.7708, 7.1353 ], [ 16.7622, 7.0958 ], [ 16.7539, 7.0828 ], [ 16.7408, 7.0753 ], [ 16.735, 7.0672 ], [ 16.7306, 7.0511 ], [ 16.7244, 7.043 ], [ 16.7072, 7.043 ], [ 16.6972, 7.0394 ], [ 16.6961, 7.0264 ], [ 16.7022, 7.0058 ], [ 16.6989, 7.0017 ], [ 16.6817, 6.9989 ], [ 16.6764, 6.9905 ], [ 16.6889, 6.9683 ], [ 16.6861, 6.9464 ], [ 16.7072, 6.9328 ], [ 16.7136, 6.9253 ], [ 16.713, 6.8972 ], [ 16.7247, 6.8817 ], [ 16.7294, 6.84 ], [ 16.7234, 6.8178 ] ] ] } },
{ "type": "Feature", "properties": { "iso3": "CAF", "unit_id": "68536942B24837942745155", "unit_name": "Bouca" }, "geometry": { "type": "Polygon", "coordinates": [ [ [ 18.6339, 5.731 ], [ 18.6322, 5.7589 ], [ 18.6222, 5.7889 ], [ 18.6217, 5.7992 ], [ 18.6286, 5.8289 ], [ 18.6264, 5.8389 ], [ 18.6089, 5.8722 ], [ 18.6078, 5.8808 ], [ 18.6086, 5.8897 ], [ 18.6358, 5.9436 ], [ 18.6331, 5.9564 ], [ 18.6225, 5.9747 ], [ 18.6214, 5.9961 ], [ 18.6272, 6.0025 ], [ 18.6425, 6.0089 ], [ 18.6936, 6.0242 ], [ 18.7022, 6.0408 ], [ 18.7461, 6.0603 ], [ 18.7697, 6.0803 ], [ 18.8008, 6.1189 ], [ 18.8411, 6.1383 ], [ 18.8569, 6.1636 ], [ 18.8708, 6.1714 ], [ 18.905, 6.1783 ], [ 18.9105, 6.1819 ], [ 18.9142, 6.1942 ], [ 18.9114, 6.2081 ], [ 18.8778, 6.2186 ], [ 18.8683, 6.2253 ], [ 18.8644, 6.2364 ], [ 18.8594, 6.2892 ], [ 18.8664, 6.3419 ], [ 18.8639, 6.3567 ], [ 18.8547, 6.3711 ], [ 18.8119, 6.4039 ], [ 18.7794, 6.4361 ], [ 18.7425, 6.4767 ], [ 18.7397, 6.4869 ], [ 18.7525, 6.5147 ], [ 18.7594, 6.5536 ], [ 18.7744, 6.5869 ], [ 18.8067, 6.6122 ], [ 18.8617, 6.6367 ], [ 18.8733, 6.6494 ], [ 18.875, 6.6725 ], [ 18.8625, 6.6878 ], [ 18.8069, 6.7061 ], [ 18.7458, 6.7525 ], [ 18.7403, 6.7628 ], [ 18.7389, 6.7769 ], [ 18.7419, 6.7906 ], [ 18.7586, 6.8111 ], [ 18.7572, 6.8144 ], [ 18.7272, 6.8169 ], [ 18.7081, 6.8886 ], [ 18.6847, 6.9125 ], [ 18.6564, 6.9292 ], [ 18.6504, 6.9407 ], [ 18.6037, 6.9553 ], [ 18.5949, 6.9648 ], [ 18.5913, 6.9644 ], [ 18.5913, 6.9684 ], [ 18.5863, 6.9671 ], [ 18.5855, 6.9703 ], [ 18.5817, 6.9684 ], [ 18.5784, 6.9706 ], [ 18.577, 6.9675 ], [ 18.5729, 6.9683 ], [ 18.5729, 6.9757 ], [ 18.5685, 6.9728 ], [ 18.5648, 6.9809 ], [ 18.5548, 6.9798 ], [ 18.5533, 6.9831 ], [ 18.5478, 6.9779 ], [ 18.5285, 6.9704 ], [ 18.5189, 6.9696 ], [ 18.5061, 6.9632 ], [ 18.5023, 6.9659 ], [ 18.4987, 6.9547 ], [ 18.4934, 6.9582 ], [ 18.4922, 6.9636 ], [ 18.4867, 6.9618 ], [ 18.4843, 6.9663 ], [ 18.4769, 6.9694 ], [ 18.4628, 6.9653 ], [ 18.464, 6.9714 ], [ 18.4588, 6.9716 ], [ 18.4541, 6.9779 ], [ 18.4568, 6.9844 ], [ 18.4535, 6.987 ], [ 18.4553, 6.9907 ], [ 18.4525, 6.997 ], [ 18.4446, 7.0046 ], [ 18.4368, 7.0072 ], [ 18.4368, 7.0137 ], [ 18.425, 7.0199 ], [ 18.4245, 7.0268 ], [ 18.4055, 7.0265 ], [ 18.394, 7.0329 ], [ 18.3927, 7.0397 ], [ 18.3826, 7.0495 ], [ 18.379, 7.0477 ], [ 18.3776, 7.05 ], [ 18.3647, 7.0386 ], [ 18.345, 7.0414 ], [ 18.3423, 7.0499 ], [ 18.325, 7.0577 ], [ 18.3259, 7.0634 ], [ 18.3224, 7.0636 ], [ 18.3173, 7.0716 ], [ 18.313, 7.0715 ], [ 18.3054, 7.0784 ], [ 18.3032, 7.0766 ], [ 18.2955, 7.0866 ], [ 18.2915, 7.0857 ], [ 18.2787, 7.1049 ], [ 18.2613, 7.1176 ], [ 18.2457, 7.1105 ], [ 18.0003, 6.9367 ], [ 17.9651, 6.9171 ], [ 17.9632, 6.9106 ], [ 17.9555, 6.9065 ], [ 17.9532, 6.8975 ], [ 17.9434, 6.8908 ], [ 17.9275, 6.8724 ], [ 17.9218, 6.8576 ], [ 17.9381, 6.8565 ], [ 17.9563, 6.8488 ], [ 17.9634, 6.8374 ], [ 17.964, 6.8207 ], [ 17.939, 6.8105 ], [ 17.9165, 6.8108 ], [ 17.906, 6.8023 ], [ 17.8792, 6.7895 ], [ 17.8715, 6.7818 ], [ 17.8681, 6.7734 ], [ 17.8835, 6.7478 ], [ 17.8802, 6.7417 ], [ 17.8732, 6.7402 ], [ 17.867, 6.7271 ], [ 17.8678, 6.7201 ], [ 17.8765, 6.7063 ], [ 17.8767, 6.6992 ], [ 17.8715, 6.6876 ], [ 17.8628, 6.6828 ], [ 17.8489, 6.6813 ], [ 17.8358, 6.6667 ], [ 17.819, 6.6592 ], [ 17.7926, 6.662 ], [ 17.7808, 6.6557 ], [ 17.7791, 6.6512 ], [ 17.7854, 6.6336 ], [ 17.7833, 6.6293 ], [ 17.7602, 6.623 ], [ 17.7452, 6.6133 ], [ 17.7479, 6.6102 ], [ 17.7455, 6.6059 ], [ 17.7492, 6.6046 ], [ 17.7449, 6.5858 ], [ 17.7367, 6.5832 ], [ 17.7354, 6.5774 ], [ 17.7194, 6.5559 ], [ 17.7265, 6.5365 ], [ 17.7274, 6.5251 ], [ 17.7246, 6.5209 ], [ 17.7297, 6.5034 ], [ 17.7382, 6.4909 ], [ 17.7364, 6.471 ], [ 17.7416, 6.4674 ], [ 17.7343, 6.4604 ], [ 17.7293, 6.4425 ], [ 17.7334, 6.422 ], [ 17.7208, 6.4123 ], [ 17.7215, 6.3994 ], [ 17.7255, 6.3972 ], [ 17.7255, 6.3915 ], [ 17.7205, 6.3854 ], [ 17.722, 6.3691 ], [ 17.7192, 6.358 ], [ 17.7232, 6.3491 ], [ 17.7184, 6.3402 ], [ 17.7044, 6.3365 ], [ 17.6981, 6.3236 ], [ 17.6979, 6.3153 ], [ 17.6797, 6.3031 ], [ 17.681, 6.2911 ], [ 17.6617, 6.2779 ], [ 17.6495, 6.2596 ], [ 17.6221, 6.2409 ], [ 17.6174, 6.2231 ], [ 17.6225, 6.2019 ], [ 17.6165, 6.1954 ], [ 17.6075, 6.1753 ], [ 17.61, 6.1624 ], [ 17.6241, 6.144 ], [ 17.6504, 6.1329 ], [ 17.6539, 6.1274 ], [ 17.6631, 6.1226 ], [ 17.6737, 6.1205 ], [ 17.6932, 6.104 ], [ 17.701, 6.1058 ], [ 17.7057, 6.1032 ], [ 17.7094, 6.0972 ], [ 17.7141, 6.0962 ], [ 17.7148, 6.0921 ], [ 17.7251, 6.0872 ], [ 17.7318, 6.0766 ], [ 17.7416, 6.073 ], [ 17.7541, 6.0503 ], [ 17.7547, 6.0859 ], [ 17.7484, 6.0963 ], [ 17.7546, 6.104 ], [ 17.7607, 6.1026 ], [ 17.7755, 6.085 ], [ 17.7893, 6.0841 ], [ 17.7987, 6.0709 ], [ 17.7994, 6.062 ], [ 17.804, 6.058 ], [ 17.8232, 6.0702 ], [ 17.8345, 6.057 ], [ 17.8429, 6.0628 ], [ 17.8531, 6.0646 ], [ 17.8562, 6.0771 ], [ 17.8752, 6.0781 ], [ 17.8774, 6.0759 ], [ 17.8692, 6.0675 ], [ 17.8548, 6.0168 ], [ 17.8547, 6.0087 ], [ 17.8642, 5.9973 ], [ 17.864, 5.9821 ], [ 17.8564, 5.9582 ], [ 17.8619, 5.9185 ], [ 17.8733, 5.9011 ], [ 17.8936, 5.9075 ], [ 17.9067, 5.905 ], [ 17.9428, 5.8767 ], [ 17.9775, 5.8625 ], [ 17.9875, 5.8514 ], [ 18.0036, 5.8536 ], [ 18.0086, 5.8344 ], [ 18.0069, 5.8128 ], [ 18.0197, 5.8003 ], [ 18.0389, 5.7978 ], [ 18.0786, 5.8144 ], [ 18.0864, 5.815 ], [ 18.0953, 5.8119 ], [ 18.1239, 5.7878 ], [ 18.1478, 5.7972 ], [ 18.2392, 5.8047 ], [ 18.2575, 5.7975 ], [ 18.2633, 5.7914 ], [ 18.2658, 5.7586 ], [ 18.2756, 5.7458 ], [ 18.3003, 5.7594 ], [ 18.3456, 5.7592 ], [ 18.3803, 5.7486 ], [ 18.3989, 5.7383 ], [ 18.4039, 5.7286 ], [ 18.4025, 5.7169 ], [ 18.3972, 5.7083 ], [ 18.3739, 5.6961 ], [ 18.3703, 5.6867 ], [ 18.3775, 5.6661 ], [ 18.3975, 5.6344 ], [ 18.4014, 5.6186 ], [ 18.3961, 5.5747 ], [ 18.398, 5.5664 ], [ 18.4069, 5.56 ], [ 18.4197, 5.5622 ], [ 18.4592, 5.5844 ], [ 18.5025, 5.5961 ], [ 18.5303, 5.6155 ], [ 18.5964, 5.645 ], [ 18.6033, 5.6514 ], [ 18.6122, 5.6708 ], [ 18.6178, 5.7017 ], [ 18.6125, 5.7342 ], [ 18.6233, 5.7386 ], [ 18.6339, 5.731 ] ] ] } },
{ "type": "Feature", "properties": { "iso3": "CAF", "unit_id": "68536942B10178484125600", "unit_name": "Batangafo" }, "geometry": { "type": "Polygon", "coordinates": [ [ [ 17.9333, 6.8789 ], [ 17.9532, 6.8975 ], [ 17.9555, 6.9065 ], [ 17.9632, 6.9106 ], [ 17.9689, 6.9204 ], [ 18.0003, 6.9367 ], [ 18.2457, 7.1105 ], [ 18.2613, 7.1176 ], [ 18.2787, 7.1049 ], [ 18.2915, 7.0857 ], [ 18.2955, 7.0866 ], [ 18.3032, 7.0766 ], [ 18.3054, 7.0784 ], [ 18.313, 7.0715 ], [ 18.3173, 7.0716 ], [ 18.3224, 7.0636 ], [ 18.3259, 7.0634 ], [ 18.325, 7.0577 ], [ 18.3423, 7.0499 ], [ 18.345, 7.0414 ], [ 18.3647, 7.0386 ], [ 18.3776, 7.05 ], [ 18.379, 7.0477 ], [ 18.3826, 7.0495 ], [ 18.3927, 7.0397 ], [ 18.394, 7.0329 ], [ 18.4055, 7.0265 ], [ 18.4245, 7.0268 ], [ 18.425, 7.0199 ], [ 18.4368, 7.0137 ], [ 18.4368, 7.0072 ], [ 18.4446, 7.0046 ], [ 18.4525, 6.997 ], [ 18.4553, 6.9907 ], [ 18.4535, 6.987 ], [ 18.4568, 6.9844 ], [ 18.4541, 6.9779 ], [ 18.4588, 6.9716 ], [ 18.464, 6.9714 ], [ 18.4628, 6.9653 ], [ 18.4769, 6.9694 ], [ 18.4843, 6.9663 ], [ 18.4867, 6.9618 ], [ 18.4922, 6.9636 ], [ 18.4934, 6.9582 ], [ 18.4987, 6.9547 ], [ 18.5023, 6.9659 ], [ 18.5061, 6.9632 ], [ 18.5189, 6.9696 ], [ 18.5285, 6.9704 ], [ 18.5478, 6.9779 ], [ 18.5533, 6.9831 ], [ 18.5548, 6.9798 ], [ 18.5648, 6.9809 ], [ 18.5685, 6.9728 ], [ 18.5729, 6.9757 ], [ 18.5729, 6.9683 ], [ 18.577, 6.9675 ], [ 18.5784, 6.9706 ], [ 18.5817, 6.9684 ], [ 18.5855, 6.9703 ], [ 18.5863, 6.9671 ], [ 18.5913, 6.9684 ], [ 18.5913, 6.9644 ], [ 18.5949, 6.9648 ], [ 18.6037, 6.9553 ], [ 18.6504, 6.9407 ], [ 18.6514, 6.9611 ], [ 18.6556, 6.9664 ], [ 18.6642, 6.9736 ], [ 18.6903, 6.9828 ], [ 18.6967, 6.9919 ], [ 18.7042, 7.0147 ], [ 18.7067, 7.0483 ], [ 18.7194, 7.0661 ], [ 18.7456, 7.0775 ], [ 18.7481, 7.0919 ], [ 18.7464, 7.0975 ], [ 18.7093, 7.1051 ], [ 18.6961, 7.103 ], [ 18.6859, 7.092 ], [ 18.6755, 7.0874 ], [ 18.6422, 7.0887 ], [ 18.6335, 7.0997 ], [ 18.625, 7.0972 ], [ 18.6001, 7.0986 ], [ 18.5859, 7.0947 ], [ 18.5673, 7.1087 ], [ 18.5599, 7.1253 ], [ 18.5496, 7.1361 ], [ 18.5491, 7.1463 ], [ 18.5547, 7.1517 ], [ 18.5593, 7.164 ], [ 18.5493, 7.1585 ], [ 18.525, 7.1626 ], [ 18.5105, 7.1703 ], [ 18.4966, 7.1875 ], [ 18.4905, 7.1892 ], [ 18.4876, 7.194 ], [ 18.4884, 7.2009 ], [ 18.4742, 7.2252 ], [ 18.47, 7.2462 ], [ 18.4796, 7.2601 ], [ 18.4793, 7.2985 ], [ 18.4616, 7.3294 ], [ 18.474, 7.3418 ], [ 18.4696, 7.3521 ], [ 18.4713, 7.3581 ], [ 18.4896, 7.3775 ], [ 18.4962, 7.3967 ], [ 18.5113, 7.417 ], [ 18.5142, 7.4254 ], [ 18.5014, 7.4474 ], [ 18.4909, 7.4438 ], [ 18.4787, 7.4316 ], [ 18.4449, 7.4568 ], [ 18.4381, 7.4745 ], [ 18.4444, 7.5281 ], [ 18.4201, 7.548 ], [ 18.3051, 7.4992 ], [ 18.2756, 7.54 ], [ 18.23, 7.5818 ], [ 18.1955, 7.6028 ], [ 18.1632, 7.631 ], [ 18.1438, 7.6387 ], [ 18.1226, 7.6534 ], [ 18.1089, 7.6807 ], [ 18.0859, 7.6911 ], [ 18.0674, 7.725 ], [ 18.0242, 7.7647 ], [ 18.0184, 7.7622 ], [ 17.9835, 7.765 ], [ 17.9565, 7.7593 ], [ 17.9465, 7.7665 ], [ 17.9335, 7.813 ], [ 17.921, 7.8167 ], [ 17.9252, 7.8497 ], [ 17.914, 7.8672 ], [ 17.915, 7.8989 ], [ 17.928, 7.9302 ], [ 17.9216, 7.9586 ], [ 17.7222, 7.9788 ], [ 17.7391, 7.9631 ], [ 17.7379, 7.9605 ], [ 17.7347, 7.9622 ], [ 17.7333, 7.9591 ], [ 17.728, 7.9627 ], [ 17.7247, 7.9591 ], [ 17.7232, 7.9618 ], [ 17.7188, 7.9607 ], [ 17.7132, 7.9524 ], [ 17.719, 7.9448 ], [ 17.7028, 7.9423 ], [ 17.7008, 7.9373 ], [ 17.6946, 7.9343 ], [ 17.6894, 7.9369 ], [ 17.6822, 7.9338 ], [ 17.6709, 7.9273 ], [ 17.6659, 7.9199 ], [ 17.6683, 7.9183 ], [ 17.6659, 7.9105 ], [ 17.669, 7.9076 ], [ 17.6687, 7.9009 ], [ 17.6633, 7.8976 ], [ 17.6681, 7.8796 ], [ 17.6473, 7.836 ], [ 17.6045, 7.8185 ], [ 17.6001, 7.8139 ], [ 17.5977, 7.8034 ], [ 17.5881, 7.7961 ], [ 17.5856, 7.7852 ], [ 17.5821, 7.7866 ], [ 17.58, 7.5171 ], [ 17.582, 7.5137 ], [ 17.5817, 7.4994 ], [ 17.5762, 7.4807 ], [ 17.5782, 7.4703 ], [ 17.576, 7.4663 ], [ 17.5659, 7.4668 ], [ 17.5625, 7.4642 ], [ 17.5561, 7.4677 ], [ 17.5553, 7.464 ], [ 17.5612, 7.456 ], [ 17.5531, 7.4556 ], [ 17.5489, 7.4636 ], [ 17.5481, 7.4511 ], [ 17.5436, 7.4532 ], [ 17.5371, 7.4512 ], [ 17.5415, 7.4469 ], [ 17.5319, 7.442 ], [ 17.5298, 7.4374 ], [ 17.5396, 7.4388 ], [ 17.5398, 7.4363 ], [ 17.5364, 7.4351 ], [ 17.5363, 7.4288 ], [ 17.5296, 7.4272 ], [ 17.5366, 7.4249 ], [ 17.5401, 7.4191 ], [ 17.5366, 7.4141 ], [ 17.5348, 7.4168 ], [ 17.531, 7.4128 ], [ 17.526, 7.4135 ], [ 17.5267, 7.4071 ], [ 17.5216, 7.4142 ], [ 17.5142, 7.4179 ], [ 17.5116, 7.4099 ], [ 17.5047, 7.4122 ], [ 17.5038, 7.4167 ], [ 17.5005, 7.4158 ], [ 17.5022, 7.4112 ], [ 17.4988, 7.4093 ], [ 17.4997, 7.406 ], [ 17.5073, 7.4053 ], [ 17.5044, 7.3996 ], [ 17.5133, 7.3911 ], [ 17.5084, 7.3852 ], [ 17.5104, 7.3787 ], [ 17.5049, 7.3815 ], [ 17.4997, 7.378 ], [ 17.5022, 7.3684 ], [ 17.4938, 7.3684 ], [ 17.4881, 7.3606 ], [ 17.4911, 7.3568 ], [ 17.483, 7.3537 ], [ 17.4824, 7.3499 ], [ 17.4869, 7.3498 ], [ 17.4866, 7.3468 ], [ 17.4926, 7.3433 ], [ 17.492, 7.3354 ], [ 17.4956, 7.3355 ], [ 17.4895, 7.3253 ], [ 17.4847, 7.3258 ], [ 17.4859, 7.3185 ], [ 17.4811, 7.317 ], [ 17.4848, 7.3139 ], [ 17.4878, 7.3167 ], [ 17.4876, 7.3129 ], [ 17.4817, 7.3112 ], [ 17.4747, 7.314 ], [ 17.4737, 7.3094 ], [ 17.4703, 7.3092 ], [ 17.4785, 7.3064 ], [ 17.4726, 7.3035 ], [ 17.4761, 7.2991 ], [ 17.4694, 7.2974 ], [ 17.4758, 7.2874 ], [ 17.4706, 7.2823 ], [ 17.4702, 7.2757 ], [ 17.4736, 7.2726 ], [ 17.4717, 7.2669 ], [ 17.4675, 7.2684 ], [ 17.4702, 7.2633 ], [ 17.4646, 7.2619 ], [ 17.4665, 7.2589 ], [ 17.4589, 7.2543 ], [ 17.4593, 7.2501 ], [ 17.4641, 7.2516 ], [ 17.4635, 7.2457 ], [ 17.4585, 7.2426 ], [ 17.4469, 7.2426 ], [ 17.4471, 7.2327 ], [ 17.4381, 7.2282 ], [ 17.4309, 7.2366 ], [ 17.4223, 7.2374 ], [ 17.4199, 7.2225 ], [ 17.4164, 7.2215 ], [ 17.4174, 7.2132 ], [ 17.4143, 7.2154 ], [ 17.4107, 7.2133 ], [ 17.4099, 7.2084 ], [ 17.416, 7.1908 ], [ 17.4111, 7.1905 ], [ 17.4118, 7.187 ], [ 17.4208, 7.1895 ], [ 17.4236, 7.1865 ], [ 17.4168, 7.1836 ], [ 17.4095, 7.1703 ], [ 17.4013, 7.1696 ], [ 17.5789, 7.0021 ], [ 17.6051, 6.9451 ], [ 17.6768, 6.9287 ], [ 17.7011, 6.8945 ], [ 17.7199, 6.876 ], [ 17.726, 6.8772 ], [ 17.7339, 6.8626 ], [ 17.7372, 6.8639 ], [ 17.7468, 6.859 ], [ 17.7459, 6.8543 ], [ 17.7498, 6.8506 ], [ 17.775, 6.8688 ], [ 17.7746, 6.8734 ], [ 17.7877, 6.8695 ], [ 17.7907, 6.8588 ], [ 17.8017, 6.8522 ], [ 17.81, 6.8513 ], [ 17.8115, 6.8479 ], [ 17.8257, 6.8596 ], [ 17.8352, 6.8584 ], [ 17.8444, 6.8652 ], [ 17.8542, 6.8667 ], [ 17.855, 6.8641 ], [ 17.8563, 6.8683 ], [ 17.8581, 6.8659 ], [ 17.8617, 6.8685 ], [ 17.867, 6.8665 ], [ 17.8778, 6.8798 ], [ 17.8895, 6.8819 ], [ 17.8923, 6.8934 ], [ 17.9086, 6.8996 ], [ 17.9116, 6.9048 ], [ 17.9162, 6.8989 ], [ 17.922, 6.8972 ], [ 17.9237, 6.8883 ], [ 17.9333, 6.8789 ] ] ] } },
{ "type": "Feature", "properties": { "iso3": "CAF", "unit_id": "68536942B61013354684919", "unit_name": "Kabo" }, "geometry": { "type": "Polygon", "coordinates": [ [ [ 18.7093, 7.1051 ], [ 18.7071, 7.1133 ], [ 18.7139, 7.1267 ], [ 18.7567, 7.1467 ], [ 18.77, 7.1625 ], [ 18.7694, 7.2025 ], [ 18.7764, 7.2108 ], [ 18.8369, 7.2361 ], [ 18.8464, 7.2511 ], [ 18.7942, 7.3956 ], [ 18.7203, 7.5855 ], [ 18.7173, 7.6025 ], [ 18.7203, 7.6092 ], [ 18.7294, 7.6208 ], [ 18.7594, 7.6369 ], [ 19.0217, 7.76 ], [ 19.0114, 7.768 ], [ 19.0031, 7.7631 ], [ 18.9906, 7.7639 ], [ 18.98, 7.7739 ], [ 18.9767, 7.8033 ], [ 18.9892, 7.8186 ], [ 18.9925, 7.8294 ], [ 18.9758, 7.8539 ], [ 18.9797, 7.8636 ], [ 19.0033, 7.8744 ], [ 19.0072, 7.8842 ], [ 19.0028, 7.8936 ], [ 18.9875, 7.9033 ], [ 18.9864, 7.9117 ], [ 19.0158, 7.9233 ], [ 19.0292, 7.9381 ], [ 19.0322, 7.9492 ], [ 19.0303, 7.9539 ], [ 19.0203, 7.9578 ], [ 19.0194, 7.9636 ], [ 19.0303, 7.9875 ], [ 19.0255, 8.0167 ], [ 19.0303, 8.0264 ], [ 19.0411, 8.0269 ], [ 19.0444, 8.0308 ], [ 19.0453, 8.05 ], [ 19.0586, 8.0647 ], [ 19.0558, 8.075 ], [ 19.0422, 8.0828 ], [ 19.0405, 8.0875 ], [ 19.0456, 8.0947 ], [ 19.0564, 8.0975 ], [ 19.0603, 8.1078 ], [ 19.0586, 8.1194 ], [ 19.0475, 8.1422 ], [ 19.0481, 8.1478 ], [ 19.0628, 8.1531 ], [ 19.0675, 8.1622 ], [ 19.06, 8.1819 ], [ 19.0656, 8.2106 ], [ 19.0586, 8.2172 ], [ 19.0581, 8.2364 ], [ 19.0436, 8.2367 ], [ 19.0228, 8.2506 ], [ 19.0178, 8.2592 ], [ 19.0161, 8.2708 ], [ 19.02, 8.3003 ], [ 19.0353, 8.305 ], [ 19.0428, 8.3117 ], [ 19.0467, 8.3361 ], [ 19.0386, 8.355 ], [ 19.0419, 8.3592 ], [ 19.053, 8.3586 ], [ 19.0597, 8.3658 ], [ 19.0608, 8.3719 ], [ 19.0528, 8.3908 ], [ 19.0544, 8.4017 ], [ 19.0725, 8.4036 ], [ 19.0769, 8.4133 ], [ 19.068, 8.4192 ], [ 19.0667, 8.4308 ], [ 19.058, 8.4497 ], [ 19.0617, 8.4675 ], [ 19.0711, 8.4719 ], [ 19.075, 8.4817 ], [ 19.0731, 8.4869 ], [ 19.0636, 8.4914 ], [ 19.0586, 8.4997 ], [ 19.0606, 8.5122 ], [ 19.0642, 8.5155 ], [ 19.0747, 8.5169 ], [ 19.0764, 8.5225 ], [ 19.0725, 8.5453 ], [ 19.0747, 8.5692 ], [ 19.0462, 8.5751 ], [ 19.04, 8.5541 ], [ 19.0331, 8.5491 ], [ 19.0291, 8.5325 ], [ 19.0229, 8.527 ], [ 19.016, 8.5276 ], [ 18.999, 8.5148 ], [ 18.9895, 8.513 ], [ 18.9963, 8.4999 ], [ 18.9874, 8.4884 ], [ 18.9764, 8.4836 ], [ 18.971, 8.4769 ], [ 18.973, 8.4687 ], [ 18.9689, 8.464 ], [ 18.9573, 8.4613 ], [ 18.9371, 8.4422 ], [ 18.9324, 8.4366 ], [ 18.9313, 8.4247 ], [ 18.9243, 8.4267 ], [ 18.9217, 8.4242 ], [ 18.9231, 8.4129 ], [ 18.9174, 8.4064 ], [ 18.927, 8.4013 ], [ 18.9239, 8.3904 ], [ 18.9107, 8.387 ], [ 18.9081, 8.3841 ], [ 18.9102, 8.3769 ], [ 18.9033, 8.3743 ], [ 18.8996, 8.3641 ], [ 18.8851, 8.3662 ], [ 18.8876, 8.357 ], [ 18.8767, 8.3542 ], [ 18.8734, 8.3483 ], [ 18.8762, 8.3412 ], [ 18.8505, 8.3473 ], [ 18.8571, 8.3239 ], [ 18.8509, 8.3054 ], [ 18.8401, 8.2963 ], [ 18.8372, 8.289 ], [ 18.8239, 8.2811 ], [ 18.8044, 8.2607 ], [ 18.7859, 8.2546 ], [ 18.7805, 8.2494 ], [ 18.7106, 8.2316 ], [ 18.6897, 8.2223 ], [ 18.681, 8.2139 ], [ 18.6736, 8.2122 ], [ 18.6577, 8.195 ], [ 18.6578, 8.1855 ], [ 18.6281, 8.1412 ], [ 18.637, 8.091 ], [ 18.6351, 8.0832 ], [ 18.6243, 8.0735 ], [ 18.6246, 8.0597 ], [ 18.618, 8.0525 ], [ 18.6016, 8.0467 ], [ 18.3304, 8.0286 ], [ 18.2743, 8.024 ], [ 18.2704, 8.0211 ], [ 18.032, 8.0093 ], [ 18.0, 7.9859 ], [ 17.9956, 7.9928 ], [ 17.9449, 7.9628 ], [ 17.9216, 7.9586 ], [ 17.928, 7.9302 ], [ 17.915, 7.8989 ], [ 17.914, 7.8672 ], [ 17.9252, 7.8497 ], [ 17.921, 7.8167 ], [ 17.9335, 7.813 ], [ 17.9465, 7.7665 ], [ 17.9565, 7.7593 ], [ 17.9835, 7.765 ], [ 18.0184, 7.7622 ], [ 18.0242, 7.7647 ], [ 18.0674, 7.725 ], [ 18.0859, 7.6911 ], [ 18.1089, 7.6807 ], [ 18.1226, 7.6534 ], [ 18.1438, 7.6387 ], [ 18.1632, 7.631 ], [ 18.1955, 7.6028 ], [ 18.23, 7.5818 ], [ 18.2756, 7.54 ], [ 18.3051, 7.4992 ], [ 18.4201, 7.548 ], [ 18.4444, 7.5281 ], [ 18.4381, 7.4745 ], [ 18.4449, 7.4568 ], [ 18.4787, 7.4316 ], [ 18.4909, 7.4438 ], [ 18.5014, 7.4474 ], [ 18.5142, 7.4254 ], [ 18.5113, 7.417 ], [ 18.4962, 7.3967 ], [ 18.4896, 7.3775 ], [ 18.4713, 7.3581 ], [ 18.4696, 7.3521 ], [ 18.474, 7.3418 ], [ 18.4616, 7.3294 ], [ 18.4793, 7.2985 ], [ 18.4796, 7.2601 ], [ 18.47, 7.2462 ], [ 18.4742, 7.2252 ], [ 18.4884, 7.2009 ], [ 18.4876, 7.194 ], [ 18.4905, 7.1892 ], [ 18.4966, 7.1875 ], [ 18.5105, 7.1703 ], [ 18.525, 7.1626 ], [ 18.5493, 7.1585 ], [ 18.5593, 7.164 ], [ 18.5547, 7.1517 ], [ 18.5491, 7.1463 ], [ 18.5496, 7.1361 ], [ 18.5599, 7.1253 ], [ 18.5673, 7.1087 ], [ 18.5859, 7.0947 ], [ 18.6001, 7.0986 ], [ 18.625, 7.0972 ], [ 18.6335, 7.0997 ], [ 18.6422, 7.0887 ], [ 18.6755, 7.0874 ], [ 18.6859, 7.092 ], [ 18.6961, 7.103 ], [ 18.7093, 7.1051 ] ] ] } },
{ "type": "Feature", "properties": { "iso3": "CAF", "unit_id": "68536942B38279567844334", "unit_name": "Sibut" }, "geometry": { "type": "Polygon", "coordinates": [ [ [ 18.8528, 5.6407 ], [ 18.9249, 5.667 ], [ 18.9575, 5.6835 ], [ 18.9644, 5.6831 ], [ 18.9735, 5.6943 ], [ 19.0045, 5.7072 ], [ 19.029, 5.7074 ], [ 19.0489, 5.6906 ], [ 19.0673, 5.6865 ], [ 19.0892, 5.677 ], [ 19.1096, 5.6782 ], [ 19.1315, 5.6582 ], [ 19.1435, 5.6423 ], [ 19.1626, 5.6389 ], [ 19.1693, 5.6304 ], [ 19.1858, 5.6286 ], [ 19.2235, 5.6134 ], [ 19.2398, 5.6105 ], [ 19.2709, 5.5816 ], [ 19.2796, 5.5792 ], [ 19.3384, 5.5714 ], [ 19.3704, 5.5569 ], [ 19.4047, 5.5522 ], [ 19.4277, 5.5411 ], [ 19.465, 5.545 ], [ 19.4681, 5.5594 ], [ 19.4731, 5.5642 ], [ 19.5064, 5.5706 ], [ 19.5469, 5.5722 ], [ 19.5894, 5.6092 ], [ 19.6544, 5.6569 ], [ 19.6653, 5.6717 ], [ 19.6714, 5.6878 ], [ 19.6764, 5.7144 ], [ 19.6758, 5.7278 ], [ 19.6689, 5.7439 ], [ 19.6631, 5.7486 ], [ 19.6122, 5.7633 ], [ 19.6044, 5.7722 ], [ 19.6064, 5.7836 ], [ 19.6192, 5.7903 ], [ 19.6233, 5.7975 ], [ 19.6183, 5.8297 ], [ 19.5908, 5.9136 ], [ 19.5933, 5.9233 ], [ 19.6028, 5.9353 ], [ 19.7012, 5.9975 ], [ 19.6896, 5.9926 ], [ 19.6754, 5.9913 ], [ 19.5848, 5.994 ], [ 19.5264, 5.9903 ], [ 19.3589, 6.0012 ], [ 19.3146, 6.0001 ], [ 19.2859, 5.9935 ], [ 19.2425, 6.0001 ], [ 19.2162, 6.0181 ], [ 19.1716, 6.0186 ], [ 19.1329, 6.037 ], [ 19.123, 6.0448 ], [ 19.1187, 6.0447 ], [ 19.1096, 6.0357 ], [ 19.0958, 6.0295 ], [ 19.0594, 6.0175 ], [ 19.0384, 6.0007 ], [ 18.872, 6.0022 ], [ 18.8733, 6.0136 ], [ 18.8661, 6.0189 ], [ 18.8814, 6.0286 ], [ 18.8802, 6.0351 ], [ 18.859, 6.0456 ], [ 18.8488, 6.0639 ], [ 18.8329, 6.0797 ], [ 18.8278, 6.0897 ], [ 18.8262, 6.1024 ], [ 18.8411, 6.1383 ], [ 18.8169, 6.1289 ], [ 18.8008, 6.1189 ], [ 18.7697, 6.0803 ], [ 18.7461, 6.0603 ], [ 18.7022, 6.0408 ], [ 18.6936, 6.0242 ], [ 18.6425, 6.0089 ], [ 18.6272, 6.0025 ], [ 18.6214, 5.9961 ], [ 18.6225, 5.9747 ], [ 18.6331, 5.9564 ], [ 18.6358, 5.9436 ], [ 18.6086, 5.8897 ], [ 18.6078, 5.8808 ], [ 18.6089, 5.8722 ], [ 18.6264, 5.8389 ], [ 18.6286, 5.8289 ], [ 18.6217, 5.7992 ], [ 18.6222, 5.7889 ], [ 18.6322, 5.7589 ], [ 18.6339, 5.731 ], [ 18.6686, 5.6753 ], [ 18.6803, 5.6622 ], [ 18.7033, 5.6539 ], [ 18.7453, 5.6544 ], [ 18.7808, 5.645 ], [ 18.8528, 5.6407 ] ] ] } },
{ "type": "Feature", "properties": { "iso3": "CAF", "unit_id": "68536942B35082100198099", "unit_name": "Dékoa" }, "geometry": { "type": "Polygon", "coordinates": [ [ [ 18.8503, 6.1553 ], [ 18.8262, 6.1024 ], [ 18.8278, 6.0897 ], [ 18.8329, 6.0797 ], [ 18.8488, 6.0639 ], [ 18.859, 6.0456 ], [ 18.8802, 6.0351 ], [ 18.8814, 6.0286 ], [ 18.8661, 6.0189 ], [ 18.8733, 6.0136 ], [ 18.872, 6.0022 ], [ 19.0384, 6.0007 ], [ 19.0594, 6.0175 ], [ 19.0958, 6.0295 ], [ 19.1096, 6.0357 ], [ 19.1187, 6.0447 ], [ 19.123, 6.0448 ], [ 19.1329, 6.037 ], [ 19.1716, 6.0186 ], [ 19.2162, 6.0181 ], [ 19.2425, 6.0001 ], [ 19.2859, 5.9935 ], [ 19.3146, 6.0001 ], [ 19.3114, 6.0117 ], [ 19.3137, 6.0212 ], [ 19.3301, 6.03 ], [ 19.3321, 6.0413 ], [ 19.3452, 6.047 ], [ 19.3507, 6.0643 ], [ 19.3637, 6.0607 ], [ 19.3629, 6.0816 ], [ 19.3651, 6.0846 ], [ 19.3758, 6.0828 ], [ 19.3646, 6.0965 ], [ 19.3755, 6.1231 ], [ 19.374, 6.1348 ], [ 19.3772, 6.1364 ], [ 19.3836, 6.1328 ], [ 19.389, 6.1419 ], [ 19.394, 6.1391 ], [ 19.3971, 6.1544 ], [ 19.4182, 6.1676 ], [ 19.4263, 6.1858 ], [ 19.4414, 6.1978 ], [ 19.4491, 6.2094 ], [ 19.4498, 6.2165 ], [ 19.4451, 6.2238 ], [ 19.4683, 6.2328 ], [ 19.4696, 6.241 ], [ 19.4767, 6.2477 ], [ 19.4889, 6.2441 ], [ 19.499, 6.2323 ], [ 19.5123, 6.2358 ], [ 19.5191, 6.2411 ], [ 19.5339, 6.2429 ], [ 19.5449, 6.2483 ], [ 19.5518, 6.2566 ], [ 19.5589, 6.279 ], [ 19.5593, 6.2958 ], [ 19.5561, 6.3297 ], [ 19.5364, 6.4189 ], [ 19.5332, 6.4705 ], [ 19.5331, 6.4822 ], [ 19.5461, 6.5044 ], [ 19.5078, 6.5058 ], [ 19.4778, 6.5014 ], [ 19.4447, 6.4944 ], [ 19.3683, 6.4683 ], [ 19.3358, 6.4603 ], [ 19.2811, 6.4528 ], [ 19.2442, 6.4569 ], [ 19.1961, 6.4369 ], [ 19.1631, 6.4333 ], [ 19.1214, 6.4444 ], [ 19.0844, 6.4644 ], [ 19.0714, 6.4772 ], [ 19.0388, 6.54 ], [ 19.0147, 6.5531 ], [ 18.9864, 6.5528 ], [ 18.868, 6.5253 ], [ 18.8242, 6.5183 ], [ 18.7525, 6.5147 ], [ 18.7417, 6.4953 ], [ 18.7397, 6.4869 ], [ 18.7425, 6.4767 ], [ 18.8119, 6.4039 ], [ 18.8547, 6.3711 ], [ 18.8639, 6.3567 ], [ 18.8664, 6.3419 ], [ 18.8594, 6.2892 ], [ 18.8622, 6.2522 ], [ 18.8683, 6.2253 ], [ 18.8778, 6.2186 ], [ 18.9114, 6.2081 ], [ 18.9139, 6.2025 ], [ 18.9105, 6.1819 ], [ 18.8936, 6.1744 ], [ 18.8633, 6.168 ], [ 18.8503, 6.1553 ] ] ] } },
{ "type": "Feature", "properties": { "iso3": "CAF", "unit_id": "68536942B70303191014181", "unit_name": "Mala" }, "geometry": { "type": "Polygon", "coordinates": [ [ [ 19.7012, 5.9975 ], [ 19.7078, 6.0205 ], [ 19.72, 6.0364 ], [ 19.7397, 6.0428 ], [ 19.7792, 6.0355 ], [ 19.7847, 6.0397 ], [ 19.8247, 6.1061 ], [ 19.8447, 6.1219 ], [ 19.8447, 6.1261 ], [ 19.8258, 6.1497 ], [ 19.8314, 6.1683 ], [ 19.8564, 6.1833 ], [ 19.8642, 6.1925 ], [ 19.865, 6.1997 ], [ 19.8614, 6.2067 ], [ 19.8417, 6.2255 ], [ 19.8408, 6.2361 ], [ 19.8756, 6.325 ], [ 19.8733, 6.3428 ], [ 19.8564, 6.3636 ], [ 19.8358, 6.3794 ], [ 19.7833, 6.3964 ], [ 19.7528, 6.4203 ], [ 19.7453, 6.4289 ], [ 19.7369, 6.4489 ], [ 19.7381, 6.4647 ], [ 19.7431, 6.4761 ], [ 19.5461, 6.5044 ], [ 19.5331, 6.4822 ], [ 19.5332, 6.4705 ], [ 19.5364, 6.4189 ], [ 19.5561, 6.3297 ], [ 19.5593, 6.2958 ], [ 19.5589, 6.279 ], [ 19.5518, 6.2566 ], [ 19.5449, 6.2483 ], [ 19.5339, 6.2429 ], [ 19.5191, 6.2411 ], [ 19.5123, 6.2358 ], [ 19.499, 6.2323 ], [ 19.4889, 6.2441 ], [ 19.4767, 6.2477 ], [ 19.4696, 6.241 ], [ 19.4683, 6.2328 ], [ 19.4451, 6.2238 ], [ 19.4498, 6.2165 ], [ 19.4491, 6.2094 ], [ 19.4414, 6.1978 ], [ 19.4263, 6.1858 ], [ 19.4182, 6.1676 ], [ 19.3971, 6.1544 ], [ 19.394, 6.1391 ], [ 19.389, 6.1419 ], [ 19.3836, 6.1328 ], [ 19.3772, 6.1364 ], [ 19.374, 6.1348 ], [ 19.3755, 6.1231 ], [ 19.3646, 6.0965 ], [ 19.3758, 6.0828 ], [ 19.3651, 6.0846 ], [ 19.3629, 6.0816 ], [ 19.3637, 6.0607 ], [ 19.3507, 6.0643 ], [ 19.3452, 6.047 ], [ 19.3321, 6.0413 ], [ 19.3301, 6.03 ], [ 19.3137, 6.0212 ], [ 19.3114, 6.0117 ], [ 19.3146, 6.0001 ], [ 19.3589, 6.0012 ], [ 19.5264, 5.9903 ], [ 19.5848, 5.994 ], [ 19.6754, 5.9913 ], [ 19.6896, 5.9926 ], [ 19.7012, 5.9975 ] ] ] } },
{ "type": "Feature", "properties": { "iso3": "CAF", "unit_id": "68536942B58764976858397", "unit_name": "Ndjoukou" }, "geometry": { "type": "Polygon", "coordinates": [ [ [ 19.1421, 4.943 ], [ 19.1837, 4.9405 ], [ 19.2007, 4.9423 ], [ 19.2129, 4.9517 ], [ 19.2289, 4.9974 ], [ 19.2402, 5.0058 ], [ 19.2859, 5.0275 ], [ 19.3206, 5.0556 ], [ 19.3383, 5.0608 ], [ 19.358, 5.0728 ], [ 19.3782, 5.0979 ], [ 19.4036, 5.1212 ], [ 19.4269, 5.131 ], [ 19.4891, 5.1215 ], [ 19.5067, 5.1243 ], [ 19.5264, 5.1402 ], [ 19.5432, 5.1467 ], [ 19.5667, 5.1428 ], [ 19.6125, 5.1271 ], [ 19.6684, 5.1337 ], [ 19.6967, 5.1328 ], [ 19.7326, 5.1173 ], [ 19.8248, 5.0926 ], [ 19.8489, 5.0729 ], [ 19.8539, 5.065 ], [ 19.8542, 5.0574 ], [ 19.8791, 5.0772 ], [ 19.9022, 5.0833 ], [ 19.9114, 5.0889 ], [ 19.9378, 5.1258 ], [ 19.9525, 5.2003 ], [ 19.9475, 5.2183 ], [ 19.9478, 5.2331 ], [ 19.9597, 5.2661 ], [ 19.9536, 5.315 ], [ 19.9569, 5.3361 ], [ 19.9611, 5.3508 ], [ 19.9806, 5.3792 ], [ 19.9875, 5.4047 ], [ 20.0078, 5.4261 ], [ 20.0114, 5.4342 ], [ 20.0181, 5.4667 ], [ 20.0153, 5.4911 ], [ 19.5111, 5.4833 ], [ 19.5058, 5.4886 ], [ 19.4936, 5.5164 ], [ 19.465, 5.545 ], [ 19.4277, 5.5411 ], [ 19.4047, 5.5522 ], [ 19.3704, 5.5569 ], [ 19.3384, 5.5714 ], [ 19.3206, 5.5753 ], [ 19.3012, 5.5749 ], [ 19.2709, 5.5816 ], [ 19.2398, 5.6105 ], [ 19.2235, 5.6134 ], [ 19.1858, 5.6286 ], [ 19.1693, 5.6304 ], [ 19.1626, 5.6389 ], [ 19.1435, 5.6423 ], [ 19.1315, 5.6582 ], [ 19.1096, 5.6782 ], [ 19.0892, 5.677 ], [ 19.0673, 5.6865 ], [ 19.0489, 5.6906 ], [ 19.029, 5.7074 ], [ 19.0045, 5.7072 ], [ 18.9735, 5.6943 ], [ 18.9644, 5.6831 ], [ 18.9575, 5.6835 ], [ 18.9249, 5.667 ], [ 18.8528, 5.6407 ], [ 18.8708, 5.628 ], [ 18.8794, 5.6086 ], [ 18.8831, 5.5661 ], [ 18.8817, 5.5092 ], [ 18.9103, 5.4747 ], [ 18.9511, 5.4458 ], [ 18.9789, 5.435 ], [ 18.9942, 5.4094 ], [ 18.9912, 5.3675 ], [ 19.0022, 5.3287 ], [ 19.018, 5.3101 ], [ 19.0114, 5.2825 ], [ 18.9925, 5.2361 ], [ 18.9867, 5.208 ], [ 18.9853, 5.1872 ], [ 18.9889, 5.1667 ], [ 18.9958, 5.1511 ], [ 19.0064, 5.138 ], [ 19.0353, 5.1169 ], [ 19.0411, 5.1094 ], [ 19.05, 5.0755 ], [ 19.0542, 5.0694 ], [ 19.0908, 5.0456 ], [ 19.0944, 5.0339 ], [ 19.0936, 5.013 ], [ 19.1047, 5.0025 ], [ 19.1094, 4.9922 ], [ 19.1412, 4.9599 ], [ 19.1421, 4.943 ] ] ] } },
{ "type": "Feature", "properties": { "iso3": "CAF", "unit_id": "68536942B86545342014521", "unit_name": "Kaga-Bandoro" }, "geometry": { "type": "Polygon", "coordinates": [ [ [ 18.7525, 6.5147 ], [ 18.8242, 6.5183 ], [ 18.868, 6.5253 ], [ 18.9864, 6.5528 ], [ 19.0147, 6.5531 ], [ 19.0388, 6.54 ], [ 19.0714, 6.4772 ], [ 19.0844, 6.4644 ], [ 19.1214, 6.4444 ], [ 19.1631, 6.4333 ], [ 19.1817, 6.4336 ], [ 19.2442, 6.4569 ], [ 19.2811, 6.4528 ], [ 19.3358, 6.4603 ], [ 19.3683, 6.4683 ], [ 19.4447, 6.4944 ], [ 19.5078, 6.5058 ], [ 19.5461, 6.5044 ], [ 19.6783, 6.4861 ], [ 19.7052, 6.5054 ], [ 19.7129, 6.5188 ], [ 19.7157, 6.5314 ], [ 19.716, 6.5424 ], [ 19.7028, 6.5649 ], [ 19.6888, 6.5604 ], [ 19.661, 6.5847 ], [ 19.6527, 6.5844 ], [ 19.6415, 6.5786 ], [ 19.6301, 6.58 ], [ 19.6243, 6.5894 ], [ 19.6253, 6.6053 ], [ 19.6221, 6.6159 ], [ 19.6134, 6.6285 ], [ 19.6064, 6.635 ], [ 19.5783, 6.638 ], [ 19.5667, 6.6429 ], [ 19.5576, 6.6657 ], [ 19.564, 6.7038 ], [ 19.5834, 6.7136 ], [ 19.5974, 6.7264 ], [ 19.628, 6.7339 ], [ 19.6491, 6.733 ], [ 19.6623, 6.7274 ], [ 19.7009, 6.7347 ], [ 19.7048, 6.7429 ], [ 19.7159, 6.7527 ], [ 19.7081, 6.7728 ], [ 19.7125, 6.786 ], [ 19.7282, 6.7962 ], [ 19.7458, 6.8018 ], [ 19.76, 6.8202 ], [ 19.7627, 6.8424 ], [ 19.7611, 6.8665 ], [ 19.7483, 6.8945 ], [ 19.7498, 6.9069 ], [ 19.7575, 6.9205 ], [ 19.7605, 6.9365 ], [ 19.7544, 6.9587 ], [ 19.7534, 6.9858 ], [ 19.7469, 6.9912 ], [ 19.7375, 6.9918 ], [ 19.7358, 7.0035 ], [ 19.7823, 7.091 ], [ 19.7861, 7.109 ], [ 19.7782, 7.13 ], [ 19.7687, 7.1419 ], [ 19.6954, 7.1957 ], [ 19.6946, 7.2381 ], [ 19.6869, 7.2602 ], [ 19.6901, 7.2619 ], [ 19.6853, 7.2651 ], [ 19.6573, 7.3093 ], [ 19.6286, 7.4199 ], [ 19.6336, 7.4303 ], [ 19.6434, 7.4744 ], [ 19.6511, 7.4811 ], [ 19.6725, 7.4904 ], [ 19.6873, 7.5069 ], [ 19.7092, 7.5376 ], [ 19.7064, 7.5567 ], [ 19.6967, 7.5572 ], [ 19.6819, 7.5439 ], [ 19.6708, 7.5422 ], [ 19.6661, 7.5442 ], [ 19.6553, 7.5608 ], [ 19.6331, 7.5619 ], [ 19.6275, 7.5697 ], [ 19.6186, 7.5661 ], [ 19.6061, 7.5669 ], [ 19.5983, 7.5728 ], [ 19.5897, 7.5678 ], [ 19.5811, 7.5717 ], [ 19.5775, 7.5814 ], [ 19.5781, 7.6067 ], [ 19.5922, 7.6205 ], [ 19.5947, 7.65 ], [ 19.5825, 7.6589 ], [ 19.5656, 7.6583 ], [ 19.5639, 7.6633 ], [ 19.5717, 7.6769 ], [ 19.5847, 7.6842 ], [ 19.59, 7.6928 ], [ 19.5867, 7.6964 ], [ 19.5803, 7.6975 ], [ 19.568, 7.6892 ], [ 19.5569, 7.6883 ], [ 19.5506, 7.6956 ], [ 19.5403, 7.6972 ], [ 19.5242, 7.7089 ], [ 19.5256, 7.7189 ], [ 19.5069, 7.7353 ], [ 19.5006, 7.7364 ], [ 19.4842, 7.7253 ], [ 19.4669, 7.7231 ], [ 19.4542, 7.7311 ], [ 19.4414, 7.7525 ], [ 19.4364, 7.7547 ], [ 19.4317, 7.7531 ], [ 19.4314, 7.7347 ], [ 19.4228, 7.7294 ], [ 19.4186, 7.7322 ], [ 19.4125, 7.7464 ], [ 19.3856, 7.7681 ], [ 19.3808, 7.7653 ], [ 19.3725, 7.7458 ], [ 19.3678, 7.7436 ], [ 19.3536, 7.7564 ], [ 19.3269, 7.7917 ], [ 19.3194, 7.8053 ], [ 19.3219, 7.8156 ], [ 19.3447, 7.8267 ], [ 19.35, 7.835 ], [ 19.3467, 7.845 ], [ 19.3278, 7.8542 ], [ 19.3211, 7.8744 ], [ 19.3292, 7.8858 ], [ 19.3428, 7.8928 ], [ 19.3494, 7.9 ], [ 19.3531, 7.9105 ], [ 19.3486, 7.9197 ], [ 19.3367, 7.9289 ], [ 19.3336, 7.9392 ], [ 19.3347, 7.9439 ], [ 19.3506, 7.9553 ], [ 19.3583, 7.9686 ], [ 19.3589, 7.9756 ], [ 19.3494, 7.9869 ], [ 19.3458, 7.9969 ], [ 19.3442, 8.0147 ], [ 19.3494, 8.0236 ], [ 19.3778, 8.0342 ], [ 19.3792, 8.0405 ], [ 19.3567, 8.0533 ], [ 19.3508, 8.0614 ], [ 19.3508, 8.0731 ], [ 19.3644, 8.0947 ], [ 19.3656, 8.1064 ], [ 19.3531, 8.1147 ], [ 19.3572, 8.125 ], [ 19.3553, 8.13 ], [ 19.3419, 8.1375 ], [ 19.3369, 8.1658 ], [ 19.315, 8.1786 ], [ 19.3008, 8.1989 ], [ 19.2792, 8.2125 ], [ 19.2747, 8.2214 ], [ 19.2758, 8.2261 ], [ 19.2622, 8.2469 ], [ 19.2467, 8.25 ], [ 19.2439, 8.2539 ], [ 19.2422, 8.2589 ], [ 19.2497, 8.2655 ], [ 19.2489, 8.2703 ], [ 19.2372, 8.2731 ], [ 19.2342, 8.2767 ], [ 19.2456, 8.2931 ], [ 19.2458, 8.3 ], [ 19.2297, 8.3119 ], [ 19.2286, 8.3294 ], [ 19.2208, 8.3422 ], [ 19.1908, 8.3739 ], [ 19.1689, 8.3805 ], [ 19.1608, 8.3864 ], [ 19.1458, 8.4058 ], [ 19.1367, 8.4306 ], [ 19.1355, 8.4422 ], [ 19.1247, 8.4592 ], [ 19.1128, 8.4619 ], [ 19.1056, 8.4686 ], [ 19.0958, 8.5056 ], [ 19.0994, 8.5233 ], [ 19.0889, 8.5594 ], [ 19.0869, 8.5644 ], [ 19.0747, 8.5692 ], [ 19.0725, 8.5453 ], [ 19.0764, 8.5225 ], [ 19.0747, 8.5169 ], [ 19.0642, 8.5155 ], [ 19.0606, 8.5122 ], [ 19.0586, 8.4997 ], [ 19.0636, 8.4914 ], [ 19.0731, 8.4869 ], [ 19.075, 8.4817 ], [ 19.0711, 8.4719 ], [ 19.0617, 8.4675 ], [ 19.058, 8.4497 ], [ 19.0667, 8.4308 ], [ 19.068, 8.4192 ], [ 19.0769, 8.4133 ], [ 19.0725, 8.4036 ], [ 19.0544, 8.4017 ], [ 19.0528, 8.3908 ], [ 19.0608, 8.3719 ], [ 19.0597, 8.3658 ], [ 19.053, 8.3586 ], [ 19.0419, 8.3592 ], [ 19.0386, 8.355 ], [ 19.0467, 8.3361 ], [ 19.0428, 8.3117 ], [ 19.0353, 8.305 ], [ 19.02, 8.3003 ], [ 19.0161, 8.2708 ], [ 19.0178, 8.2592 ], [ 19.0228, 8.2506 ], [ 19.0436, 8.2367 ], [ 19.0581, 8.2364 ], [ 19.0586, 8.2172 ], [ 19.0656, 8.2106 ], [ 19.06, 8.1819 ], [ 19.0675, 8.1622 ], [ 19.0628, 8.1531 ], [ 19.0481, 8.1478 ], [ 19.0475, 8.1422 ], [ 19.0586, 8.1194 ], [ 19.0603, 8.1078 ], [ 19.0564, 8.0975 ], [ 19.0456, 8.0947 ], [ 19.0405, 8.0875 ], [ 19.0422, 8.0828 ], [ 19.0558, 8.075 ], [ 19.0586, 8.0647 ], [ 19.0453, 8.05 ], [ 19.0444, 8.0308 ], [ 19.0411, 8.0269 ], [ 19.0303, 8.0264 ], [ 19.0255, 8.0167 ], [ 19.0303, 7.9875 ], [ 19.0194, 7.9636 ], [ 19.0203, 7.9578 ], [ 19.0303, 7.9539 ], [ 19.0322, 7.9492 ], [ 19.0292, 7.9381 ], [ 19.0158, 7.9233 ], [ 18.9864, 7.9117 ], [ 18.9875, 7.9033 ], [ 19.0028, 7.8936 ], [ 19.0072, 7.8842 ], [ 19.0033, 7.8744 ], [ 18.9797, 7.8636 ], [ 18.9758, 7.8539 ], [ 18.9925, 7.8294 ], [ 18.9892, 7.8186 ], [ 18.9767, 7.8033 ], [ 18.98, 7.7739 ], [ 18.9906, 7.7639 ], [ 19.0031, 7.7631 ], [ 19.0114, 7.768 ], [ 19.0217, 7.76 ], [ 18.7594, 7.6369 ], [ 18.7294, 7.6208 ], [ 18.7173, 7.6025 ], [ 18.7203, 7.5855 ], [ 18.7942, 7.3956 ], [ 18.8464, 7.2511 ], [ 18.8369, 7.2361 ], [ 18.7764, 7.2108 ], [ 18.7694, 7.2025 ], [ 18.77, 7.1625 ], [ 18.7567, 7.1467 ], [ 18.7139, 7.1267 ], [ 18.7097, 7.1222 ], [ 18.7071, 7.1133 ], [ 18.7093, 7.1051 ], [ 18.7464, 7.0975 ], [ 18.7456, 7.0775 ], [ 18.7194, 7.0661 ], [ 18.7142, 7.0597 ], [ 18.7067, 7.0483 ], [ 18.7042, 7.0147 ], [ 18.6967, 6.9919 ], [ 18.6903, 6.9828 ], [ 18.6642, 6.9736 ], [ 18.6556, 6.9664 ], [ 18.6514, 6.9611 ], [ 18.6504, 6.9407 ], [ 18.6564, 6.9292 ], [ 18.6847, 6.9125 ], [ 18.7081, 6.8886 ], [ 18.7272, 6.8169 ], [ 18.7572, 6.8144 ], [ 18.7586, 6.8111 ], [ 18.7419, 6.7906 ], [ 18.7389, 6.7769 ], [ 18.7403, 6.7628 ], [ 18.7458, 6.7525 ], [ 18.8069, 6.7061 ], [ 18.8625, 6.6878 ], [ 18.875, 6.6725 ], [ 18.8761, 6.6669 ], [ 18.8733, 6.6494 ], [ 18.8617, 6.6367 ], [ 18.8067, 6.6122 ], [ 18.7744, 6.5869 ], [ 18.7594, 6.5536 ], [ 18.7525, 6.5147 ] ] ] } },
{ "type": "Feature", "properties": { "iso3": "CAF", "unit_id": "68536942B58145048266339", "unit_name": "Mbrès" }, "geometry": { "type": "Polygon", "coordinates": [ [ [ 19.7431, 6.4761 ], [ 19.7467, 6.4808 ], [ 19.7686, 6.4825 ], [ 19.8164, 6.4797 ], [ 19.8358, 6.4694 ], [ 19.8614, 6.4475 ], [ 19.8714, 6.4458 ], [ 19.8797, 6.4525 ], [ 19.8811, 6.46 ], [ 19.8611, 6.5542 ], [ 19.8578, 6.5867 ], [ 19.8592, 6.6078 ], [ 19.8644, 6.6233 ], [ 19.8708, 6.6342 ], [ 19.9003, 6.6617 ], [ 19.9219, 6.695 ], [ 19.9331, 6.7064 ], [ 19.9542, 6.7178 ], [ 19.9914, 6.7533 ], [ 20.0036, 6.7736 ], [ 20.0147, 6.7833 ], [ 20.0317, 6.7869 ], [ 20.0467, 6.8117 ], [ 20.0464, 6.8294 ], [ 20.0505, 6.8356 ], [ 20.0911, 6.8636 ], [ 20.1072, 6.8817 ], [ 20.1236, 6.9436 ], [ 20.1428, 6.9694 ], [ 20.145, 6.9889 ], [ 20.153, 7.008 ], [ 20.1539, 7.0214 ], [ 20.1455, 7.0486 ], [ 20.1458, 7.0578 ], [ 20.1586, 7.0925 ], [ 20.1517, 7.0989 ], [ 20.1381, 7.0919 ], [ 20.1294, 7.0958 ], [ 20.1286, 7.1186 ], [ 20.1253, 7.1222 ], [ 20.1028, 7.1181 ], [ 20.0878, 7.1305 ], [ 20.0761, 7.1333 ], [ 20.073, 7.1439 ], [ 20.0569, 7.1489 ], [ 20.0486, 7.1611 ], [ 20.0344, 7.1678 ], [ 20.0322, 7.1858 ], [ 20.0164, 7.1917 ], [ 20.005, 7.2072 ], [ 19.9769, 7.2153 ], [ 19.9672, 7.2258 ], [ 19.9617, 7.2278 ], [ 19.9472, 7.2236 ], [ 19.9375, 7.2269 ], [ 19.9355, 7.2381 ], [ 19.918, 7.2486 ], [ 19.9128, 7.2633 ], [ 19.8983, 7.2706 ], [ 19.8989, 7.2889 ], [ 19.8908, 7.3081 ], [ 19.8942, 7.3383 ], [ 19.8789, 7.3511 ], [ 19.8719, 7.3705 ], [ 19.8628, 7.3744 ], [ 19.8547, 7.3619 ], [ 19.8389, 7.3664 ], [ 19.8347, 7.3694 ], [ 19.8264, 7.3878 ], [ 19.8086, 7.405 ], [ 19.8031, 7.42 ], [ 19.8025, 7.4322 ], [ 19.7992, 7.4361 ], [ 19.7936, 7.4361 ], [ 19.7806, 7.4289 ], [ 19.7617, 7.4381 ], [ 19.7655, 7.4544 ], [ 19.7592, 7.4733 ], [ 19.7622, 7.49 ], [ 19.76, 7.5014 ], [ 19.7533, 7.5075 ], [ 19.7319, 7.5092 ], [ 19.7292, 7.5197 ], [ 19.7333, 7.5294 ], [ 19.7311, 7.5406 ], [ 19.7256, 7.5422 ], [ 19.7158, 7.5389 ], [ 19.7085, 7.5447 ], [ 19.7092, 7.5376 ], [ 19.6774, 7.4955 ], [ 19.6434, 7.4744 ], [ 19.6336, 7.4303 ], [ 19.6286, 7.4199 ], [ 19.6573, 7.3093 ], [ 19.6853, 7.2651 ], [ 19.6901, 7.2619 ], [ 19.6869, 7.2602 ], [ 19.6946, 7.2381 ], [ 19.6954, 7.1957 ], [ 19.7687, 7.1419 ], [ 19.7782, 7.13 ], [ 19.7861, 7.109 ], [ 19.7823, 7.091 ], [ 19.7358, 7.0035 ], [ 19.7375, 6.9918 ], [ 19.7469, 6.9912 ], [ 19.7534, 6.9858 ], [ 19.7544, 6.9587 ], [ 19.7605, 6.9365 ], [ 19.7575, 6.9205 ], [ 19.7498, 6.9069 ], [ 19.7483, 6.8945 ], [ 19.7611, 6.8665 ], [ 19.7627, 6.8424 ], [ 19.76, 6.8202 ], [ 19.7458, 6.8018 ], [ 19.7282, 6.7962 ], [ 19.7125, 6.786 ], [ 19.7081, 6.7728 ], [ 19.7159, 6.7527 ], [ 19.7048, 6.7429 ], [ 19.7009, 6.7347 ], [ 19.6623, 6.7274 ], [ 19.6491, 6.733 ], [ 19.628, 6.7339 ], [ 19.5974, 6.7264 ], [ 19.5834, 6.7136 ], [ 19.564, 6.7038 ], [ 19.5576, 6.6657 ], [ 19.5667, 6.6429 ], [ 19.5783, 6.638 ], [ 19.6064, 6.635 ], [ 19.6134, 6.6285 ], [ 19.6221, 6.6159 ], [ 19.6253, 6.6053 ], [ 19.6243, 6.5894 ], [ 19.6301, 6.58 ], [ 19.6415, 6.5786 ], [ 19.6527, 6.5844 ], [ 19.661, 6.5847 ], [ 19.6841, 6.563 ], [ 19.6888, 6.5604 ], [ 19.7028, 6.5649 ], [ 19.7098, 6.5568 ], [ 19.716, 6.5424 ], [ 19.7129, 6.5188 ], [ 19.6996, 6.4992 ], [ 19.6783, 6.4861 ], [ 19.7431, 6.4761 ] ] ] } },
{ "type": "Feature", "properties": { "iso3": "CAF", "unit_id": "68536942B69621841066562", "unit_name": "Bambari" }, "geometry": { "type": "Polygon", "coordinates": [ [ [ 20.9617, 5.3333 ], [ 20.9533, 5.3808 ], [ 20.9586, 5.3925 ], [ 20.9883, 5.4172 ], [ 20.9892, 5.4242 ], [ 20.9822, 5.4464 ], [ 20.983, 5.4744 ], [ 20.9792, 5.4875 ], [ 20.9456, 5.5028 ], [ 20.9389, 5.5125 ], [ 20.9392, 5.5236 ], [ 20.9433, 5.5297 ], [ 20.9586, 5.535 ], [ 20.9972, 5.5369 ], [ 21.0161, 5.5439 ], [ 21.0264, 5.5519 ], [ 21.028, 5.5667 ], [ 21.0208, 5.6 ], [ 21.0528, 5.6333 ], [ 21.058, 5.6506 ], [ 21.0575, 5.6572 ], [ 21.0331, 5.6867 ], [ 21.03, 5.6944 ], [ 21.03, 5.7064 ], [ 21.0347, 5.7161 ], [ 21.045, 5.7194 ], [ 21.0647, 5.7164 ], [ 21.0811, 5.7089 ], [ 21.0953, 5.6978 ], [ 21.1153, 5.6597 ], [ 21.1233, 5.6517 ], [ 21.1344, 5.6497 ], [ 21.1639, 5.6564 ], [ 21.1797, 5.6719 ], [ 21.1933, 5.6686 ], [ 21.2194, 5.6503 ], [ 21.2353, 5.6456 ], [ 21.2525, 5.6508 ], [ 21.2775, 5.6667 ], [ 21.2955, 5.6733 ], [ 21.3208, 5.7047 ], [ 21.3378, 5.7161 ], [ 21.35, 5.7094 ], [ 21.3586, 5.6917 ], [ 21.3642, 5.6894 ], [ 21.3694, 5.6914 ], [ 21.3944, 5.7314 ], [ 21.398, 5.7308 ], [ 21.4178, 5.6964 ], [ 21.4447, 5.6911 ], [ 21.4508, 5.6872 ], [ 21.4644, 5.6494 ], [ 21.4822, 5.6322 ], [ 21.4894, 5.6128 ], [ 21.4894, 5.5986 ], [ 21.4817, 5.5825 ], [ 21.5067, 5.5406 ], [ 21.5125, 5.5197 ], [ 21.5128, 5.5053 ], [ 21.5317, 5.505 ], [ 21.5447, 5.5 ], [ 21.5619, 5.4675 ], [ 21.57, 5.4639 ], [ 21.6127, 5.4668 ], [ 21.6189, 5.4736 ], [ 21.6403, 5.4856 ], [ 21.6478, 5.5028 ], [ 21.6525, 5.5258 ], [ 21.6628, 5.5492 ], [ 21.6619, 5.5972 ], [ 21.6856, 5.6197 ], [ 21.7528, 5.6725 ], [ 21.7711, 5.6786 ], [ 21.78, 5.6755 ], [ 21.8205, 5.645 ], [ 21.8444, 5.6211 ], [ 21.8536, 5.615 ], [ 21.8583, 5.6158 ], [ 21.8664, 5.6408 ], [ 21.9011, 5.6717 ], [ 21.9064, 5.7211 ], [ 21.925, 5.7525 ], [ 21.9403, 5.8208 ], [ 21.9419, 5.8433 ], [ 21.9389, 5.8572 ], [ 21.9446, 5.8941 ], [ 21.9208, 5.8859 ], [ 21.9053, 5.888 ], [ 21.8598, 5.8541 ], [ 21.8525, 5.8521 ], [ 21.8401, 5.8151 ], [ 21.8174, 5.809 ], [ 21.7905, 5.7967 ], [ 21.7667, 5.7833 ], [ 21.7625, 5.7741 ], [ 21.7305, 5.7587 ], [ 21.7211, 5.7597 ], [ 21.6973, 5.7495 ], [ 21.688, 5.7412 ], [ 21.6301, 5.733 ], [ 21.6011, 5.7248 ], [ 21.5866, 5.7248 ], [ 21.5711, 5.7125 ], [ 21.5618, 5.7176 ], [ 21.5535, 5.731 ], [ 21.5308, 5.7392 ], [ 21.5287, 5.7495 ], [ 21.5194, 5.7515 ], [ 21.5163, 5.7607 ], [ 21.5039, 5.7731 ], [ 21.5028, 5.7946 ], [ 21.506, 5.7979 ], [ 21.5016, 5.8189 ], [ 21.4971, 5.8259 ], [ 21.4827, 5.8306 ], [ 21.4722, 5.8407 ], [ 21.454, 5.8692 ], [ 21.4142, 5.8996 ], [ 21.3989, 5.8947 ], [ 21.3857, 5.898 ], [ 21.3533, 5.9145 ], [ 21.3258, 5.9238 ], [ 21.2868, 5.9173 ], [ 21.2741, 5.9257 ], [ 21.2618, 5.9285 ], [ 21.2585, 5.9341 ], [ 21.2423, 5.9364 ], [ 21.2264, 5.9493 ], [ 21.1437, 5.9885 ], [ 21.1124, 5.9667 ], [ 21.1052, 5.9656 ], [ 21.1019, 5.9582 ], [ 21.0774, 5.9317 ], [ 21.0436, 5.9375 ], [ 21.0247, 5.9296 ], [ 20.9801, 5.9348 ], [ 20.9718, 5.9402 ], [ 20.9427, 5.9468 ], [ 20.9045, 5.9362 ], [ 20.888, 5.9443 ], [ 20.8843, 5.9484 ], [ 20.8868, 5.9537 ], [ 20.8788, 5.9788 ], [ 20.8881, 5.9875 ], [ 20.8911, 6.0123 ], [ 20.8875, 6.019 ], [ 20.8754, 6.0196 ], [ 20.8707, 6.023 ], [ 20.8666, 6.0624 ], [ 20.8493, 6.0892 ], [ 20.8503, 6.1099 ], [ 20.8388, 6.1263 ], [ 20.8276, 6.1297 ], [ 20.8182, 6.1409 ], [ 20.8137, 6.157 ], [ 20.818, 6.1701 ], [ 20.8142, 6.1796 ], [ 20.8059, 6.1894 ], [ 20.7923, 6.196 ], [ 20.7662, 6.2015 ], [ 20.7515, 6.2146 ], [ 20.6654, 6.263 ], [ 20.6756, 6.2479 ], [ 20.6876, 6.2374 ], [ 20.7054, 6.2297 ], [ 20.7296, 6.2119 ], [ 20.7388, 6.187 ], [ 20.7564, 6.1683 ], [ 20.7569, 6.1622 ], [ 20.7527, 6.1525 ], [ 20.7368, 6.1351 ], [ 20.7392, 6.1361 ], [ 20.6904, 6.0961 ], [ 20.6731, 6.0766 ], [ 20.6651, 6.0583 ], [ 20.6494, 6.0478 ], [ 20.6459, 6.0257 ], [ 20.6586, 6.007 ], [ 20.6576, 5.9992 ], [ 20.6419, 5.9828 ], [ 20.6414, 5.977 ], [ 20.6481, 5.9694 ], [ 20.6487, 5.9575 ], [ 20.6258, 5.9436 ], [ 20.6165, 5.9472 ], [ 20.6029, 5.9621 ], [ 20.5973, 5.9776 ], [ 20.5814, 5.9979 ], [ 20.5831, 6.0058 ], [ 20.593, 6.0183 ], [ 20.591, 6.0204 ], [ 20.5566, 6.0173 ], [ 20.522, 6.0221 ], [ 20.5135, 6.0194 ], [ 20.5084, 6.0063 ], [ 20.497, 5.9988 ], [ 20.4969, 5.9714 ], [ 20.4882, 5.9478 ], [ 20.4968, 5.9345 ], [ 20.4945, 5.9301 ], [ 20.478, 5.9195 ], [ 20.4702, 5.9025 ], [ 20.4704, 5.883 ], [ 20.467, 5.8783 ], [ 20.4526, 5.8783 ], [ 20.434, 5.8838 ], [ 20.3995, 5.8798 ], [ 20.3757, 5.8974 ], [ 20.3658, 5.8973 ], [ 20.3462, 5.8826 ], [ 20.3209, 5.885 ], [ 20.289, 5.8492 ], [ 20.2911, 5.8393 ], [ 20.3026, 5.829 ], [ 20.3082, 5.8276 ], [ 20.3276, 5.8421 ], [ 20.3523, 5.8467 ], [ 20.3377, 5.5153 ], [ 20.2947, 5.4522 ], [ 20.2954, 5.4478 ], [ 20.2749, 5.402 ], [ 20.2625, 5.389 ], [ 20.2423, 5.3849 ], [ 20.241, 5.3632 ], [ 20.2471, 5.3552 ], [ 20.2626, 5.3497 ], [ 20.6731, 5.3856 ], [ 20.7023, 5.3572 ], [ 20.7208, 5.3307 ], [ 20.7238, 5.3171 ], [ 20.7204, 5.3023 ], [ 20.7235, 5.285 ], [ 20.7197, 5.2721 ], [ 20.7211, 5.2675 ], [ 20.7384, 5.2713 ], [ 20.7478, 5.2659 ], [ 20.8397, 5.2881 ], [ 20.8514, 5.3019 ], [ 20.868, 5.3391 ], [ 20.8754, 5.345 ], [ 20.9314, 5.3317 ], [ 20.9354, 5.3258 ], [ 20.9617, 5.3333 ] ] ] } },
{ "type": "Feature", "properties": { "iso3": "CAF", "unit_id": "68536942B4552359463155", "unit_name": "Bakala" }, "geometry": { "type": "Polygon", "coordinates": [ [ [ 19.8417, 6.1186 ], [ 19.8521, 6.109 ], [ 19.8664, 6.1017 ], [ 19.8772, 6.1017 ], [ 19.8885, 6.119 ], [ 19.906, 6.128 ], [ 19.9107, 6.1397 ], [ 19.926, 6.1372 ], [ 19.9378, 6.1604 ], [ 19.942, 6.1608 ], [ 19.9494, 6.1537 ], [ 19.9595, 6.1105 ], [ 19.9691, 6.1024 ], [ 19.9793, 6.1007 ], [ 19.9853, 6.1045 ], [ 19.9913, 6.1226 ], [ 19.9992, 6.1219 ], [ 20.0238, 6.1099 ], [ 20.0352, 6.1101 ], [ 20.0461, 6.1146 ], [ 20.0541, 6.1248 ], [ 20.0603, 6.1238 ], [ 20.0645, 6.1207 ], [ 20.0655, 6.1109 ], [ 20.0768, 6.1121 ], [ 20.1074, 6.0847 ], [ 20.1175, 6.0803 ], [ 20.144, 6.0794 ], [ 20.1511, 6.0739 ], [ 20.1614, 6.0577 ], [ 20.1676, 6.0556 ], [ 20.195, 6.0979 ], [ 20.2149, 6.105 ], [ 20.2299, 6.0871 ], [ 20.2501, 6.0717 ], [ 20.2412, 6.0578 ], [ 20.2394, 6.0405 ], [ 20.2416, 6.0353 ], [ 20.2562, 6.0246 ], [ 20.2634, 6.0044 ], [ 20.2602, 5.9879 ], [ 20.2499, 5.9722 ], [ 20.2499, 5.9594 ], [ 20.2428, 5.9398 ], [ 20.2444, 5.935 ], [ 20.2511, 5.9287 ], [ 20.2795, 5.9264 ], [ 20.2889, 5.9208 ], [ 20.3209, 5.885 ], [ 20.3462, 5.8826 ], [ 20.3658, 5.8973 ], [ 20.3757, 5.8974 ], [ 20.3995, 5.8798 ], [ 20.434, 5.8838 ], [ 20.4526, 5.8783 ], [ 20.467, 5.8783 ], [ 20.4704, 5.883 ], [ 20.4702, 5.9025 ], [ 20.478, 5.9195 ], [ 20.4945, 5.9301 ], [ 20.4968, 5.9345 ], [ 20.4882, 5.9478 ], [ 20.4969, 5.9714 ], [ 20.497, 5.9988 ], [ 20.5084, 6.0063 ], [ 20.5135, 6.0194 ], [ 20.522, 6.0221 ], [ 20.5566, 6.0173 ], [ 20.591, 6.0204 ], [ 20.593, 6.0183 ], [ 20.5831, 6.0058 ], [ 20.5814, 5.9979 ], [ 20.5973, 5.9776 ], [ 20.6029, 5.9621 ], [ 20.6165, 5.9472 ], [ 20.6258, 5.9436 ], [ 20.6487, 5.9575 ], [ 20.6481, 5.9694 ], [ 20.6414, 5.977 ], [ 20.6419, 5.9828 ], [ 20.6576, 5.9992 ], [ 20.6586, 6.007 ], [ 20.6459, 6.0257 ], [ 20.6494, 6.0478 ], [ 20.6651, 6.0583 ], [ 20.6731, 6.0766 ], [ 20.6904, 6.0961 ], [ 20.7392, 6.1361 ], [ 20.7368, 6.1351 ], [ 20.7527, 6.1525 ], [ 20.7569, 6.1622 ], [ 20.7564, 6.1683 ], [ 20.7388, 6.187 ], [ 20.7296, 6.2119 ], [ 20.7054, 6.2297 ], [ 20.6876, 6.2374 ], [ 20.6756, 6.2479 ], [ 20.6654, 6.263 ], [ 20.7515, 6.2146 ], [ 20.7528, 6.2215 ], [ 20.7464, 6.2334 ], [ 20.7096, 6.2701 ], [ 20.6745, 6.3139 ], [ 20.6619, 6.3371 ], [ 20.6545, 6.3415 ], [ 20.6383, 6.3398 ], [ 20.6321, 6.3445 ], [ 20.7319, 6.3625 ], [ 20.756, 6.3772 ], [ 20.7569, 6.7115 ], [ 20.747, 6.7455 ], [ 20.7491, 6.754 ], [ 20.772, 6.7715 ], [ 20.7697, 6.7879 ], [ 20.7575, 6.7887 ], [ 20.7552, 6.7923 ], [ 20.7614, 6.8292 ], [ 20.7798, 6.8357 ], [ 20.7734, 6.8474 ], [ 20.7752, 6.8596 ], [ 20.7721, 6.866 ], [ 20.7628, 6.8652 ], [ 20.7598, 6.8795 ], [ 20.7545, 6.8882 ], [ 20.7675, 6.8951 ], [ 20.7603, 6.9047 ], [ 20.7613, 6.9083 ], [ 20.767, 6.916 ], [ 20.7839, 6.9174 ], [ 20.7967, 6.9296 ], [ 20.8048, 6.9252 ], [ 20.8076, 6.9287 ], [ 20.8056, 6.9358 ], [ 20.8206, 6.9341 ], [ 20.8247, 6.9369 ], [ 20.8179, 6.9422 ], [ 20.8198, 6.9468 ], [ 20.8255, 6.9468 ], [ 20.8401, 6.9327 ], [ 20.8457, 6.9358 ], [ 20.8457, 6.9407 ], [ 20.8563, 6.9532 ], [ 20.868, 6.957 ], [ 20.8742, 6.9491 ], [ 20.881, 6.9525 ], [ 20.8938, 6.9454 ], [ 20.9011, 6.9516 ], [ 20.9075, 6.9682 ], [ 20.9185, 6.9772 ], [ 20.9272, 6.966 ], [ 20.9308, 6.9708 ], [ 20.9259, 6.9842 ], [ 20.9318, 6.9906 ], [ 20.9491, 6.9894 ], [ 20.9642, 6.9961 ], [ 20.9763, 6.984 ], [ 20.9789, 6.9746 ], [ 21.0024, 6.9854 ], [ 21.0111, 6.9662 ], [ 21.014, 6.9693 ], [ 21.0121, 6.9787 ], [ 21.0171, 6.9836 ], [ 21.0379, 6.9859 ], [ 21.0458, 6.9909 ], [ 20.9727, 7.2104 ], [ 20.9231, 7.3397 ], [ 20.8775, 7.2675 ], [ 20.8419, 7.2561 ], [ 20.8106, 7.2386 ], [ 20.7958, 7.2256 ], [ 20.7725, 7.2283 ], [ 20.7597, 7.2367 ], [ 20.7367, 7.2408 ], [ 20.723, 7.2486 ], [ 20.6831, 7.2422 ], [ 20.6697, 7.2208 ], [ 20.6669, 7.1964 ], [ 20.6592, 7.1833 ], [ 20.6569, 7.1647 ], [ 20.645, 7.1489 ], [ 20.6439, 7.1358 ], [ 20.6383, 7.1272 ], [ 20.6203, 7.1181 ], [ 20.6061, 7.0978 ], [ 20.5631, 7.065 ], [ 20.5458, 7.0625 ], [ 20.5236, 7.0689 ], [ 20.5128, 7.0661 ], [ 20.4906, 7.0397 ], [ 20.4694, 7.0342 ], [ 20.4505, 7.0189 ], [ 20.4325, 7.0172 ], [ 20.4278, 7.0194 ], [ 20.4175, 7.0364 ], [ 20.4078, 7.0408 ], [ 20.3944, 7.0261 ], [ 20.3894, 7.0244 ], [ 20.3667, 7.0308 ], [ 20.3456, 7.0181 ], [ 20.3289, 7.023 ], [ 20.3125, 7.0347 ], [ 20.2878, 7.0347 ], [ 20.2722, 7.0303 ], [ 20.2542, 7.0339 ], [ 20.2369, 7.0314 ], [ 20.2314, 7.033 ], [ 20.2111, 7.0603 ], [ 20.2014, 7.0647 ], [ 20.17, 7.0694 ], [ 20.1661, 7.0725 ], [ 20.1586, 7.0925 ], [ 20.1458, 7.0578 ], [ 20.1455, 7.0486 ], [ 20.1539, 7.0214 ], [ 20.153, 7.008 ], [ 20.145, 6.9889 ], [ 20.1428, 6.9694 ], [ 20.1236, 6.9436 ], [ 20.1072, 6.8817 ], [ 20.0911, 6.8636 ], [ 20.0505, 6.8356 ], [ 20.0464, 6.8294 ], [ 20.0467, 6.8117 ], [ 20.0317, 6.7869 ], [ 20.0147, 6.7833 ], [ 20.0036, 6.7736 ], [ 19.9914, 6.7533 ], [ 19.9542, 6.7178 ], [ 19.9331, 6.7064 ], [ 19.9219, 6.695 ], [ 19.9003, 6.6617 ], [ 19.8708, 6.6342 ], [ 19.8644, 6.6233 ], [ 19.8592, 6.6078 ], [ 19.8578, 6.5867 ], [ 19.8611, 6.5542 ], [ 19.8811, 6.46 ], [ 19.8797, 6.4525 ], [ 19.8714, 6.4458 ], [ 19.8614, 6.4475 ], [ 19.8358, 6.4694 ], [ 19.8164, 6.4797 ], [ 19.7686, 6.4825 ], [ 19.7467, 6.4808 ], [ 19.7381, 6.4647 ], [ 19.7369, 6.4489 ], [ 19.7453, 6.4289 ], [ 19.7728, 6.4022 ], [ 19.8358, 6.3794 ], [ 19.8564, 6.3636 ], [ 19.8733, 6.3428 ], [ 19.8756, 6.325 ], [ 19.8408, 6.2361 ], [ 19.8417, 6.2255 ], [ 19.8614, 6.2067 ], [ 19.865, 6.1997 ], [ 19.8642, 6.1925 ], [ 19.8564, 6.1833 ], [ 19.8314, 6.1683 ], [ 19.8272, 6.1603 ], [ 19.8278, 6.1444 ], [ 19.8447, 6.1261 ], [ 19.8417, 6.1186 ] ] ] } },
{ "type": "Feature", "properties": { "iso3": "CAF", "unit_id": "68536942B54109326591455", "unit_name": "Grimari" }, "geometry": { "type": "Polygon", "coordinates": [ [ [ 19.465, 5.545 ], [ 19.4936, 5.5164 ], [ 19.5058, 5.4886 ], [ 19.5111, 5.4833 ], [ 20.0153, 5.4911 ], [ 20.0181, 5.4667 ], [ 20.0142, 5.4483 ], [ 20.0656, 5.3634 ], [ 20.0773, 5.3976 ], [ 20.0965, 5.4321 ], [ 20.108, 5.4477 ], [ 20.1287, 5.4611 ], [ 20.1382, 5.4734 ], [ 20.1375, 5.523 ], [ 20.1498, 5.5516 ], [ 20.1665, 5.5708 ], [ 20.1871, 5.5755 ], [ 20.2097, 5.6005 ], [ 20.2284, 5.6002 ], [ 20.2618, 5.5887 ], [ 20.2747, 5.5756 ], [ 20.2897, 5.5463 ], [ 20.3038, 5.5435 ], [ 20.3154, 5.536 ], [ 20.3191, 5.5228 ], [ 20.3377, 5.5196 ], [ 20.3523, 5.8467 ], [ 20.3276, 5.8421 ], [ 20.3082, 5.8276 ], [ 20.299, 5.8317 ], [ 20.2881, 5.8441 ], [ 20.289, 5.8492 ], [ 20.3209, 5.885 ], [ 20.2889, 5.9208 ], [ 20.2795, 5.9264 ], [ 20.2511, 5.9287 ], [ 20.2444, 5.935 ], [ 20.2428, 5.9398 ], [ 20.2499, 5.9594 ], [ 20.2499, 5.9722 ], [ 20.2602, 5.9879 ], [ 20.2635, 5.9996 ], [ 20.2562, 6.0246 ], [ 20.2416, 6.0353 ], [ 20.2394, 6.0405 ], [ 20.2412, 6.0578 ], [ 20.2501, 6.0717 ], [ 20.2299, 6.0871 ], [ 20.2149, 6.105 ], [ 20.195, 6.0979 ], [ 20.1676, 6.0556 ], [ 20.1614, 6.0577 ], [ 20.1511, 6.0739 ], [ 20.144, 6.0794 ], [ 20.1226, 6.0789 ], [ 20.1074, 6.0847 ], [ 20.0851, 6.1071 ], [ 20.0768, 6.1121 ], [ 20.0655, 6.1109 ], [ 20.0632, 6.123 ], [ 20.0541, 6.1248 ], [ 20.0461, 6.1146 ], [ 20.0352, 6.1101 ], [ 20.0238, 6.1099 ], [ 19.9992, 6.1219 ], [ 19.9913, 6.1226 ], [ 19.9853, 6.1045 ], [ 19.9793, 6.1007 ], [ 19.9691, 6.1024 ], [ 19.9595, 6.1105 ], [ 19.9494, 6.1537 ], [ 19.942, 6.1608 ], [ 19.9378, 6.1604 ], [ 19.926, 6.1372 ], [ 19.9107, 6.1397 ], [ 19.906, 6.128 ], [ 19.8885, 6.119 ], [ 19.8772, 6.1017 ], [ 19.8664, 6.1017 ], [ 19.8521, 6.109 ], [ 19.8417, 6.1186 ], [ 19.8292, 6.1119 ], [ 19.8161, 6.0883 ], [ 19.8025, 6.0725 ], [ 19.7958, 6.0558 ], [ 19.7847, 6.0397 ], [ 19.7792, 6.0355 ], [ 19.7397, 6.0428 ], [ 19.72, 6.0364 ], [ 19.7078, 6.0205 ], [ 19.7012, 5.9975 ], [ 19.6028, 5.9353 ], [ 19.5933, 5.9233 ], [ 19.5908, 5.9136 ], [ 19.6183, 5.8297 ], [ 19.6233, 5.7975 ], [ 19.6192, 5.7903 ], [ 19.6064, 5.7836 ], [ 19.6044, 5.7722 ], [ 19.6122, 5.7633 ], [ 19.6631, 5.7486 ], [ 19.6725, 5.7386 ], [ 19.6764, 5.7144 ], [ 19.6653, 5.6717 ], [ 19.6544, 5.6569 ], [ 19.5894, 5.6092 ], [ 19.5567, 5.578 ], [ 19.5469, 5.5722 ], [ 19.5064, 5.5706 ], [ 19.4731, 5.5642 ], [ 19.4681, 5.5594 ], [ 19.465, 5.545 ] ] ] } },
{ "type": "Feature", "properties": { "iso3": "CAF", "unit_id": "68536942B69198431407047", "unit_name": "Kouango" }, "geometry": { "type": "Polygon", "coordinates": [ [ [ 19.8542, 5.0574 ], [ 19.8674, 5.0235 ], [ 19.8919, 5.002 ], [ 19.9107, 4.9778 ], [ 19.9465, 4.9731 ], [ 19.9748, 4.9797 ], [ 20.0209, 4.9666 ], [ 20.0529, 4.9489 ], [ 20.0699, 4.9227 ], [ 20.1, 4.9069 ], [ 20.1133, 4.8937 ], [ 20.1236, 4.8947 ], [ 20.1612, 4.8714 ], [ 20.1735, 4.85 ], [ 20.1914, 4.8322 ], [ 20.214, 4.8201 ], [ 20.278, 4.7753 ], [ 20.3091, 4.7725 ], [ 20.3364, 4.7566 ], [ 20.3609, 4.7324 ], [ 20.3835, 4.696 ], [ 20.4532, 4.6279 ], [ 20.4616, 4.6027 ], [ 20.4522, 4.5738 ], [ 20.4494, 4.5523 ], [ 20.456, 4.5187 ], [ 20.478, 4.5378 ], [ 20.532, 4.5628 ], [ 20.5772, 4.593 ], [ 20.6583, 4.6792 ], [ 20.6744, 4.6989 ], [ 20.6983, 4.7389 ], [ 20.7111, 4.7514 ], [ 20.7283, 4.7569 ], [ 20.7384, 4.7899 ], [ 20.7717, 4.8012 ], [ 20.7931, 4.8256 ], [ 20.8072, 4.835 ], [ 20.8149, 4.847 ], [ 20.8279, 4.8462 ], [ 20.8425, 4.8382 ], [ 20.8502, 4.8381 ], [ 20.8786, 4.8516 ], [ 20.9001, 4.848 ], [ 20.9078, 4.8508 ], [ 20.9044, 4.8844 ], [ 20.8936, 4.9394 ], [ 20.8961, 4.9528 ], [ 20.9058, 4.9714 ], [ 20.9346, 5.0122 ], [ 20.9386, 5.0314 ], [ 20.9364, 5.0419 ], [ 20.9058, 5.0994 ], [ 20.9005, 5.1214 ], [ 20.9031, 5.1361 ], [ 20.9161, 5.163 ], [ 20.9408, 5.185 ], [ 20.9542, 5.2139 ], [ 20.9603, 5.2458 ], [ 20.9605, 5.2947 ], [ 20.9639, 5.3147 ], [ 20.9617, 5.3333 ], [ 20.9354, 5.3258 ], [ 20.9314, 5.3317 ], [ 20.8754, 5.345 ], [ 20.868, 5.3391 ], [ 20.8514, 5.3019 ], [ 20.8397, 5.2881 ], [ 20.7478, 5.2659 ], [ 20.7384, 5.2713 ], [ 20.7211, 5.2675 ], [ 20.7197, 5.2721 ], [ 20.7235, 5.285 ], [ 20.7204, 5.3023 ], [ 20.7238, 5.3171 ], [ 20.7208, 5.3307 ], [ 20.7023, 5.3572 ], [ 20.6731, 5.3856 ], [ 20.2626, 5.3497 ], [ 20.2471, 5.3552 ], [ 20.241, 5.3632 ], [ 20.2412, 5.383 ], [ 20.2475, 5.3871 ], [ 20.2625, 5.389 ], [ 20.2749, 5.402 ], [ 20.2954, 5.4478 ], [ 20.2947, 5.4522 ], [ 20.3377, 5.5153 ], [ 20.3377, 5.5196 ], [ 20.3191, 5.5228 ], [ 20.3154, 5.536 ], [ 20.3038, 5.5435 ], [ 20.2897, 5.5463 ], [ 20.2747, 5.5756 ], [ 20.2618, 5.5887 ], [ 20.2284, 5.6002 ], [ 20.2097, 5.6005 ], [ 20.1871, 5.5755 ], [ 20.1665, 5.5708 ], [ 20.1498, 5.5516 ], [ 20.1375, 5.523 ], [ 20.1382, 5.4734 ], [ 20.1287, 5.4611 ], [ 20.108, 5.4477 ], [ 20.0965, 5.4321 ], [ 20.0773, 5.3976 ], [ 20.0656, 5.3634 ], [ 20.0142, 5.4483 ], [ 20.0078, 5.4261 ], [ 19.9875, 5.4047 ], [ 19.9806, 5.3792 ], [ 19.9611, 5.3508 ], [ 19.9569, 5.3361 ], [ 19.9536, 5.315 ], [ 19.9597, 5.2661 ], [ 19.9478, 5.2331 ], [ 19.9475, 5.2183 ], [ 19.9525, 5.2003 ], [ 19.9378, 5.1258 ], [ 19.9114, 5.0889 ], [ 19.9022, 5.0833 ], [ 19.8791, 5.0772 ], [ 19.8542, 5.0574 ] ] ] } },
{ "type": "Feature", "properties": { "iso3": "CAF", "unit_id": "68536942B31644474826247", "unit_name": "Ippy" }, "geometry": { "type": "Polygon", "coordinates": [ [ [ 21.9446, 5.8941 ], [ 21.9436, 5.9105 ], [ 21.9367, 5.9256 ], [ 21.9183, 5.94 ], [ 21.9094, 5.9511 ], [ 21.8994, 5.9797 ], [ 21.8955, 6.0183 ], [ 21.8878, 6.0372 ], [ 21.8767, 6.0428 ], [ 21.8267, 6.0433 ], [ 21.8186, 6.05 ], [ 21.8211, 6.0906 ], [ 21.8178, 6.1003 ], [ 21.8017, 6.1203 ], [ 21.7997, 6.1519 ], [ 21.7897, 6.18 ], [ 21.7758, 6.1919 ], [ 21.7464, 6.2047 ], [ 21.7394, 6.2106 ], [ 21.7369, 6.2203 ], [ 21.7408, 6.2314 ], [ 21.7767, 6.2769 ], [ 21.7944, 6.3047 ], [ 21.8117, 6.3425 ], [ 21.8133, 6.3553 ], [ 21.8092, 6.3692 ], [ 21.7847, 6.4069 ], [ 21.7739, 6.4414 ], [ 21.7819, 6.5025 ], [ 21.7944, 6.5383 ], [ 21.7944, 6.5611 ], [ 21.7811, 6.5803 ], [ 21.7722, 6.5847 ], [ 21.7144, 6.5867 ], [ 21.7011, 6.593 ], [ 21.6917, 6.6236 ], [ 21.6667, 6.6403 ], [ 21.6567, 6.6636 ], [ 21.6394, 6.6869 ], [ 21.6361, 6.6947 ], [ 21.6336, 6.7461 ], [ 21.6281, 6.7564 ], [ 21.6122, 6.7631 ], [ 21.6072, 6.7689 ], [ 21.6078, 6.7864 ], [ 21.6397, 6.8058 ], [ 21.6436, 6.8114 ], [ 21.6461, 6.8317 ], [ 21.6378, 6.8514 ], [ 21.6536, 6.8708 ], [ 21.6539, 6.88 ], [ 21.6483, 6.8994 ], [ 21.6328, 6.925 ], [ 21.6311, 6.9372 ], [ 21.6378, 6.9692 ], [ 21.6353, 6.9805 ], [ 21.6253, 6.9867 ], [ 21.6044, 6.9917 ], [ 21.595, 7.0978 ], [ 21.5758, 7.1761 ], [ 21.5833, 7.2667 ], [ 21.5819, 7.2847 ], [ 21.5755, 7.2969 ], [ 21.5653, 7.3072 ], [ 21.5536, 7.3117 ], [ 21.5386, 7.3114 ], [ 21.4975, 7.3022 ], [ 21.4472, 7.3042 ], [ 21.4303, 7.3069 ], [ 21.4206, 7.313 ], [ 21.41, 7.3289 ], [ 21.4092, 7.3422 ], [ 21.4236, 7.4386 ], [ 21.4239, 7.4775 ], [ 21.4125, 7.5094 ], [ 21.3925, 7.5408 ], [ 21.3817, 7.5533 ], [ 21.3217, 7.5955 ], [ 21.3003, 7.6022 ], [ 21.245, 7.6067 ], [ 21.2139, 7.6197 ], [ 21.1992, 7.6319 ], [ 21.163, 7.6831 ], [ 21.1417, 7.7005 ], [ 21.1308, 7.7033 ], [ 21.1147, 7.6944 ], [ 21.1092, 7.6872 ], [ 21.1008, 7.6633 ], [ 21.0981, 7.6339 ], [ 21.0942, 7.6239 ], [ 21.0553, 7.595 ], [ 21.0531, 7.5833 ], [ 21.055, 7.5631 ], [ 21.0783, 7.5255 ], [ 21.0803, 7.5133 ], [ 21.0753, 7.5044 ], [ 21.0194, 7.4608 ], [ 20.9544, 7.3628 ], [ 20.9358, 7.3408 ], [ 20.9234, 7.3394 ], [ 20.9727, 7.2104 ], [ 21.0458, 6.9909 ], [ 21.0379, 6.9859 ], [ 21.0171, 6.9836 ], [ 21.0121, 6.9787 ], [ 21.014, 6.9693 ], [ 21.0111, 6.9662 ], [ 21.0024, 6.9854 ], [ 20.9789, 6.9746 ], [ 20.9763, 6.984 ], [ 20.9642, 6.9961 ], [ 20.9491, 6.9894 ], [ 20.9318, 6.9906 ], [ 20.9259, 6.9842 ], [ 20.9308, 6.9708 ], [ 20.9272, 6.966 ], [ 20.9185, 6.9772 ], [ 20.9075, 6.9682 ], [ 20.9011, 6.9516 ], [ 20.8938, 6.9454 ], [ 20.881, 6.9525 ], [ 20.8742, 6.9491 ], [ 20.868, 6.957 ], [ 20.8563, 6.9532 ], [ 20.8457, 6.9407 ], [ 20.8457, 6.9358 ], [ 20.8401, 6.9327 ], [ 20.8255, 6.9468 ], [ 20.8198, 6.9468 ], [ 20.8179, 6.9422 ], [ 20.8247, 6.9369 ], [ 20.8206, 6.9341 ], [ 20.8056, 6.9358 ], [ 20.8076, 6.9287 ], [ 20.8048, 6.9252 ], [ 20.7967, 6.9296 ], [ 20.7839, 6.9174 ], [ 20.767, 6.916 ], [ 20.7613, 6.9083 ], [ 20.7603, 6.9047 ], [ 20.7675, 6.8951 ], [ 20.7545, 6.8882 ], [ 20.7598, 6.8795 ], [ 20.7628, 6.8652 ], [ 20.7721, 6.866 ], [ 20.7752, 6.8596 ], [ 20.7734, 6.8474 ], [ 20.7798, 6.8357 ], [ 20.7614, 6.8292 ], [ 20.7552, 6.7923 ], [ 20.7575, 6.7887 ], [ 20.7697, 6.7879 ], [ 20.772, 6.7715 ], [ 20.7491, 6.754 ], [ 20.747, 6.7455 ], [ 20.7569, 6.7115 ], [ 20.756, 6.3772 ], [ 20.7319, 6.3625 ], [ 20.6321, 6.3445 ], [ 20.6383, 6.3398 ], [ 20.6545, 6.3415 ], [ 20.6619, 6.3371 ], [ 20.6745, 6.3139 ], [ 20.7096, 6.2701 ], [ 20.7464, 6.2334 ], [ 20.7528, 6.2215 ], [ 20.7515, 6.2146 ], [ 20.7573, 6.2073 ], [ 20.7662, 6.2015 ], [ 20.7923, 6.196 ], [ 20.8059, 6.1894 ], [ 20.8142, 6.1796 ], [ 20.818, 6.1701 ], [ 20.8137, 6.157 ], [ 20.8182, 6.1409 ], [ 20.8276, 6.1297 ], [ 20.8388, 6.1263 ], [ 20.8503, 6.1099 ], [ 20.8493, 6.0892 ], [ 20.8666, 6.0624 ], [ 20.8707, 6.023 ], [ 20.8754, 6.0196 ], [ 20.8875, 6.019 ], [ 20.8911, 6.0123 ], [ 20.8881, 5.9875 ], [ 20.8788, 5.9788 ], [ 20.8868, 5.9537 ], [ 20.8843, 5.9484 ], [ 20.9045, 5.9362 ], [ 20.9427, 5.9468 ], [ 20.9718, 5.9402 ], [ 20.9801, 5.9348 ], [ 21.0247, 5.9296 ], [ 21.0436, 5.9375 ], [ 21.0774, 5.9317 ], [ 21.1019, 5.9582 ], [ 21.1052, 5.9656 ], [ 21.1124, 5.9667 ], [ 21.1437, 5.9885 ], [ 21.2264, 5.9493 ], [ 21.2423, 5.9364 ], [ 21.2585, 5.9341 ], [ 21.2618, 5.9285 ], [ 21.2741, 5.9257 ], [ 21.2868, 5.9173 ], [ 21.3258, 5.9238 ], [ 21.3533, 5.9145 ], [ 21.3857, 5.898 ], [ 21.3989, 5.8947 ], [ 21.4142, 5.8996 ], [ 21.454, 5.8692 ], [ 21.4722, 5.8407 ], [ 21.4827, 5.8306 ], [ 21.4971, 5.8259 ], [ 21.5016, 5.8189 ], [ 21.506, 5.7979 ], [ 21.5028, 5.7946 ], [ 21.5039, 5.7731 ], [ 21.5163, 5.7607 ], [ 21.5194, 5.7515 ], [ 21.5287, 5.7495 ], [ 21.5308, 5.7392 ], [ 21.5535, 5.731 ], [ 21.5618, 5.7176 ], [ 21.5711, 5.7125 ], [ 21.5866, 5.7248 ], [ 21.6011, 5.7248 ], [ 21.6301, 5.733 ], [ 21.688, 5.7412 ], [ 21.6973, 5.7495 ], [ 21.7211, 5.7597 ], [ 21.7305, 5.7587 ], [ 21.7625, 5.7741 ], [ 21.7667, 5.7833 ], [ 21.7905, 5.7967 ], [ 21.8174, 5.809 ], [ 21.8401, 5.8151 ], [ 21.8525, 5.8521 ], [ 21.8598, 5.8541 ], [ 21.9053, 5.888 ], [ 21.9208, 5.8859 ], [ 21.9446, 5.8941 ] ] ] } },
{ "type": "Feature", "properties": { "iso3": "CAF", "unit_id": "68536942B19652100675243", "unit_name": "Ndélé" }, "geometry": { "type": "Polygon", "coordinates": [ [ [ 20.9234, 7.3394 ], [ 20.9358, 7.3408 ], [ 20.9544, 7.3628 ], [ 21.0194, 7.4608 ], [ 21.0569, 7.4886 ], [ 21.0753, 7.5044 ], [ 21.0803, 7.5133 ], [ 21.0783, 7.5255 ], [ 21.055, 7.5631 ], [ 21.0531, 7.5833 ], [ 21.0553, 7.595 ], [ 21.0942, 7.6239 ], [ 21.0981, 7.6339 ], [ 21.1008, 7.6633 ], [ 21.1092, 7.6872 ], [ 21.1147, 7.6944 ], [ 21.1308, 7.7033 ], [ 21.1255, 7.7989 ], [ 21.1083, 7.8264 ], [ 21.1017, 7.8475 ], [ 21.1042, 7.8622 ], [ 21.1253, 7.8919 ], [ 21.1294, 7.9025 ], [ 21.1311, 7.9167 ], [ 21.1242, 7.9531 ], [ 21.1219, 7.9997 ], [ 21.4528, 8.0005 ], [ 21.3819, 8.1333 ], [ 21.3786, 8.15 ], [ 21.3844, 8.1625 ], [ 21.3939, 8.17 ], [ 21.4453, 8.1936 ], [ 21.4653, 8.2083 ], [ 21.4744, 8.2175 ], [ 21.4797, 8.2283 ], [ 21.48, 8.2525 ], [ 21.4953, 8.2564 ], [ 21.5411, 8.2558 ], [ 21.5978, 8.2331 ], [ 21.6017, 8.2358 ], [ 21.6189, 8.2814 ], [ 21.6272, 8.2847 ], [ 21.6558, 8.2842 ], [ 21.6686, 8.2881 ], [ 21.7203, 8.3214 ], [ 21.7252, 8.3299 ], [ 21.7544, 8.3372 ], [ 21.7708, 8.333 ], [ 21.78, 8.3058 ], [ 21.788, 8.2947 ], [ 21.8358, 8.2633 ], [ 21.8528, 8.2133 ], [ 21.8606, 8.2022 ], [ 21.8767, 8.1953 ], [ 21.8992, 8.1958 ], [ 21.9897, 8.2183 ], [ 21.9944, 8.2255 ], [ 21.995, 8.235 ], [ 21.9853, 8.25 ], [ 21.9625, 8.268 ], [ 21.9581, 8.2803 ], [ 21.9583, 8.2897 ], [ 21.9617, 8.3042 ], [ 22.0003, 8.3867 ], [ 22.0017, 8.4058 ], [ 21.9922, 8.4369 ], [ 21.9633, 8.4814 ], [ 21.9561, 8.5242 ], [ 21.9592, 8.5453 ], [ 21.9722, 8.5755 ], [ 22.0022, 8.6047 ], [ 22.0753, 8.6233 ], [ 22.0933, 8.6206 ], [ 22.1144, 8.6022 ], [ 22.1494, 8.5858 ], [ 22.1686, 8.5819 ], [ 22.3106, 8.5736 ], [ 22.3536, 8.5653 ], [ 22.3722, 8.5678 ], [ 22.3911, 8.5917 ], [ 22.395, 8.6278 ], [ 22.3933, 8.6508 ], [ 22.3797, 8.6669 ], [ 22.3683, 8.6742 ], [ 22.3258, 8.6817 ], [ 22.3064, 8.6794 ], [ 22.2819, 8.6814 ], [ 22.2108, 8.7019 ], [ 22.1881, 8.7258 ], [ 22.165, 8.7386 ], [ 22.1383, 8.7481 ], [ 22.1225, 8.7636 ], [ 22.0972, 8.8839 ], [ 22.0869, 8.9111 ], [ 22.0819, 8.9361 ], [ 22.0894, 8.9597 ], [ 22.0894, 8.97 ], [ 22.0736, 8.9833 ], [ 22.0194, 9.0069 ], [ 22.0147, 9.0125 ], [ 22.0067, 9.0583 ], [ 21.9989, 9.0705 ], [ 21.9881, 9.0808 ], [ 21.9517, 9.0975 ], [ 21.9317, 9.1105 ], [ 21.92, 9.1344 ], [ 21.9011, 9.1572 ], [ 21.85, 9.1819 ], [ 21.8256, 9.2622 ], [ 21.8189, 9.2756 ], [ 21.7925, 9.3014 ], [ 21.79, 9.3394 ], [ 21.7772, 9.405 ], [ 21.7205, 9.45 ], [ 21.7128, 9.4619 ], [ 21.7064, 9.4961 ], [ 21.6828, 9.5206 ], [ 21.6414, 9.5519 ], [ 21.6156, 9.5964 ], [ 21.5767, 9.5953 ], [ 21.5419, 9.5881 ], [ 21.5358, 9.5897 ], [ 21.5219, 9.6014 ], [ 21.5192, 9.6089 ], [ 21.5178, 9.6542 ], [ 21.5039, 9.7011 ], [ 21.5103, 9.7308 ], [ 21.4972, 9.7689 ], [ 21.4783, 9.7692 ], [ 21.4564, 9.7747 ], [ 21.4514, 9.773 ], [ 21.4375, 9.7442 ], [ 21.4283, 9.7322 ], [ 21.4192, 9.728 ], [ 21.4086, 9.7175 ], [ 21.3858, 9.7136 ], [ 21.3755, 9.7031 ], [ 21.3553, 9.6961 ], [ 21.3386, 9.6711 ], [ 21.3119, 9.6569 ], [ 21.3061, 9.6481 ], [ 21.2953, 9.6164 ], [ 21.2642, 9.5922 ], [ 21.2589, 9.5833 ], [ 21.2094, 9.565 ], [ 21.1917, 9.5631 ], [ 21.1692, 9.5678 ], [ 21.1419, 9.5542 ], [ 21.1233, 9.5525 ], [ 21.1047, 9.5558 ], [ 21.0619, 9.5303 ], [ 21.0453, 9.5264 ], [ 21.0219, 9.4939 ], [ 21.015, 9.4725 ], [ 21.0064, 9.4594 ], [ 20.9817, 9.443 ], [ 20.9639, 9.4472 ], [ 20.9358, 9.4344 ], [ 20.9283, 9.4281 ], [ 20.9175, 9.4105 ], [ 20.9094, 9.405 ], [ 20.8969, 9.3822 ], [ 20.8889, 9.3764 ], [ 20.8631, 9.3856 ], [ 20.8449, 9.3837 ], [ 20.828, 9.4043 ], [ 20.8228, 9.414 ], [ 20.8204, 9.4287 ], [ 20.8177, 9.4282 ], [ 20.8059, 9.4417 ], [ 20.7982, 9.4434 ], [ 20.7804, 9.4294 ], [ 20.7681, 9.4281 ], [ 20.7681, 9.4079 ], [ 20.7608, 9.4011 ], [ 20.7481, 9.3994 ], [ 20.7404, 9.4023 ], [ 20.7289, 9.3966 ], [ 20.7129, 9.4024 ], [ 20.7053, 9.3954 ], [ 20.6919, 9.3991 ], [ 20.6669, 9.3983 ], [ 20.6628, 9.3953 ], [ 20.652, 9.3674 ], [ 20.6477, 9.3423 ], [ 20.6304, 9.3409 ], [ 20.6235, 9.3346 ], [ 20.6285, 9.3285 ], [ 20.6406, 9.3231 ], [ 20.6379, 9.3178 ], [ 20.6043, 9.3165 ], [ 20.5808, 9.3428 ], [ 20.5758, 9.3414 ], [ 20.5674, 9.3302 ], [ 20.5607, 9.3297 ], [ 20.5485, 9.3373 ], [ 20.5407, 9.3333 ], [ 20.5346, 9.3374 ], [ 20.5286, 9.3371 ], [ 20.5248, 9.332 ], [ 20.5275, 9.3191 ], [ 20.5239, 9.3076 ], [ 20.5083, 9.3033 ], [ 20.4958, 9.3071 ], [ 20.4912, 9.2968 ], [ 20.4981, 9.2721 ], [ 20.4703, 9.2212 ], [ 20.4559, 9.1735 ], [ 20.4439, 9.1595 ], [ 20.4342, 9.1539 ], [ 20.3929, 9.1506 ], [ 20.3532, 9.1282 ], [ 20.3463, 9.1276 ], [ 20.3367, 9.1332 ], [ 20.3246, 9.1255 ], [ 20.3034, 9.1215 ], [ 20.2624, 9.1245 ], [ 20.2477, 9.1323 ], [ 20.2387, 9.1459 ], [ 20.2212, 9.1518 ], [ 20.2074, 9.1506 ], [ 20.1912, 9.1391 ], [ 20.1475, 9.1407 ], [ 20.1306, 9.1381 ], [ 20.1174, 9.1425 ], [ 20.1089, 9.1532 ], [ 20.1015, 9.1565 ], [ 20.0815, 9.1333 ], [ 20.0713, 9.1324 ], [ 20.0526, 9.1425 ], [ 20.0469, 9.1403 ], [ 20.0358, 9.1282 ], [ 20.0124, 9.1261 ], [ 20.0113, 9.1116 ], [ 20.0071, 9.1029 ], [ 19.9979, 9.1164 ], [ 19.9872, 9.0964 ], [ 19.9803, 9.092 ], [ 19.9394, 9.0871 ], [ 19.9327, 9.0793 ], [ 19.9271, 9.0608 ], [ 19.9049, 9.0683 ], [ 19.8862, 9.061 ], [ 19.8717, 9.0658 ], [ 19.8645, 9.0645 ], [ 19.8494, 9.0537 ], [ 19.842, 9.044 ], [ 19.8355, 9.0434 ], [ 19.8287, 9.0495 ], [ 19.8225, 9.0643 ], [ 19.8043, 9.0567 ], [ 19.78, 9.0586 ], [ 19.7596, 9.0493 ], [ 19.7215, 9.0445 ], [ 19.7019, 9.0275 ], [ 19.6836, 9.0292 ], [ 19.672, 9.0207 ], [ 19.647, 9.0239 ], [ 19.6314, 9.0184 ], [ 19.6144, 9.0215 ], [ 19.602, 9.0194 ], [ 19.5776, 9.0399 ], [ 19.5544, 9.0352 ], [ 19.5352, 9.0186 ], [ 19.523, 9.0163 ], [ 19.5146, 9.0198 ], [ 19.5119, 9.0315 ], [ 19.501, 9.0338 ], [ 19.4973, 9.0211 ], [ 19.4909, 9.0181 ], [ 19.4883, 9.0205 ], [ 19.4791, 9.0144 ], [ 19.4738, 9.0182 ], [ 19.4592, 9.0178 ], [ 19.4581, 9.0255 ], [ 19.4508, 9.025 ], [ 19.4391, 9.0312 ], [ 19.4316, 9.0258 ], [ 19.4011, 9.026 ], [ 19.3957, 9.0183 ], [ 19.379, 9.018 ], [ 19.3657, 9.0131 ], [ 19.3379, 9.0203 ], [ 19.3092, 9.0078 ], [ 19.275, 9.0118 ], [ 19.2527, 9.0259 ], [ 19.2355, 9.0288 ], [ 19.2254, 9.027 ], [ 19.2184, 9.0315 ], [ 19.1924, 9.0216 ], [ 19.175, 9.0245 ], [ 19.1699, 9.017 ], [ 19.1352, 9.0045 ], [ 19.1046, 9.0085 ], [ 19.0956, 9.0196 ], [ 19.0917, 9.0204 ], [ 19.0777, 9.0149 ], [ 19.076, 9.0039 ], [ 19.0665, 9.0046 ], [ 19.0586, 8.9957 ], [ 19.0507, 8.9976 ], [ 19.0432, 8.9943 ], [ 19.0283, 8.9972 ], [ 19.0187, 8.9909 ], [ 19.0097, 8.9781 ], [ 18.9927, 8.9792 ], [ 18.9838, 8.9683 ], [ 18.9759, 8.9415 ], [ 18.9685, 8.9403 ], [ 18.9604, 8.9276 ], [ 18.9431, 8.931 ], [ 18.933, 8.9264 ], [ 18.9226, 8.9259 ], [ 18.9117, 8.9126 ], [ 18.9053, 8.8978 ], [ 18.889, 8.901 ], [ 18.8866, 8.898 ], [ 18.8927, 8.8896 ], [ 18.8823, 8.8811 ], [ 18.8683, 8.8757 ], [ 18.8636, 8.8505 ], [ 18.8677, 8.8501 ], [ 18.8725, 8.8427 ], [ 18.8821, 8.8407 ], [ 18.8841, 8.8488 ], [ 18.8958, 8.8508 ], [ 18.9046, 8.8474 ], [ 18.9067, 8.8122 ], [ 18.9101, 8.8068 ], [ 18.9231, 8.8007 ], [ 18.9361, 8.8109 ], [ 18.9464, 8.8129 ], [ 18.9539, 8.8081 ], [ 18.9566, 8.7926 ], [ 18.9641, 8.7851 ], [ 19.0202, 8.7621 ], [ 19.0332, 8.7357 ], [ 19.0448, 8.7255 ], [ 19.0598, 8.7153 ], [ 19.0817, 8.7106 ], [ 19.1009, 8.6991 ], [ 19.1057, 8.6984 ], [ 19.1298, 8.7089 ], [ 19.1487, 8.7005 ], [ 19.1535, 8.7024 ], [ 19.1593, 8.7201 ], [ 19.1848, 8.7199 ], [ 19.1876, 8.7256 ], [ 19.2023, 8.7361 ], [ 19.2088, 8.7287 ], [ 19.2195, 8.7235 ], [ 19.2252, 8.724 ], [ 19.2338, 8.7383 ], [ 19.2467, 8.7446 ], [ 19.2671, 8.7472 ], [ 19.2823, 8.7412 ], [ 19.3106, 8.7584 ], [ 19.3397, 8.769 ], [ 19.3809, 8.7726 ], [ 19.387, 8.7717 ], [ 19.3907, 8.7562 ], [ 19.4002, 8.7435 ], [ 19.4058, 8.727 ], [ 19.4224, 8.7247 ], [ 19.4523, 8.7075 ], [ 19.4608, 8.7078 ], [ 19.4673, 8.7026 ], [ 19.471, 8.6922 ], [ 19.4944, 8.6809 ], [ 19.5045, 8.6796 ], [ 19.5145, 8.6844 ], [ 19.5268, 8.6749 ], [ 19.5482, 8.6776 ], [ 19.5611, 8.6639 ], [ 19.5657, 8.6636 ], [ 19.5721, 8.6702 ], [ 19.5799, 8.6683 ], [ 19.5817, 8.6598 ], [ 19.5869, 8.6546 ], [ 19.5979, 8.66 ], [ 19.6011, 8.6466 ], [ 19.6095, 8.648 ], [ 19.609, 8.6408 ], [ 19.6128, 8.6365 ], [ 19.6226, 8.6341 ], [ 19.6243, 8.6284 ], [ 19.6287, 8.6261 ], [ 19.6361, 8.6302 ], [ 19.6612, 8.6223 ], [ 19.6676, 8.6273 ], [ 19.6657, 8.632 ], [ 19.6752, 8.626 ], [ 19.6965, 8.6291 ], [ 19.7033, 8.6321 ], [ 19.7032, 8.6423 ], [ 19.7087, 8.6485 ], [ 19.7177, 8.6418 ], [ 19.7223, 8.6432 ], [ 19.7276, 8.632 ], [ 19.738, 8.6281 ], [ 19.7493, 8.6307 ], [ 19.7578, 8.6287 ], [ 19.765, 8.6351 ], [ 19.7745, 8.6381 ], [ 19.7788, 8.624 ], [ 19.7837, 8.6191 ], [ 19.8036, 8.6289 ], [ 19.8015, 8.6232 ], [ 19.8052, 8.6161 ], [ 19.8181, 8.612 ], [ 19.8178, 8.6041 ], [ 19.8405, 8.6025 ], [ 19.8423, 8.5892 ], [ 19.8623, 8.5785 ], [ 19.8639, 8.5708 ], [ 19.8835, 8.5497 ], [ 19.8797, 8.5472 ], [ 19.8816, 8.5441 ], [ 19.8897, 8.5432 ], [ 19.8874, 8.5388 ], [ 19.8997, 8.5203 ], [ 19.9163, 8.5074 ], [ 19.9275, 8.5072 ], [ 19.9202, 8.4936 ], [ 19.9273, 8.4822 ], [ 19.9279, 8.4632 ], [ 19.95, 8.4486 ], [ 19.9521, 8.4404 ], [ 19.9669, 8.4267 ], [ 19.9644, 8.419 ], [ 19.9798, 8.412 ], [ 19.9848, 8.3947 ], [ 19.9773, 8.3897 ], [ 19.977, 8.3834 ], [ 19.9808, 8.377 ], [ 19.9997, 8.3718 ], [ 20.0107, 8.3494 ], [ 20.0372, 8.3561 ], [ 20.0442, 8.3536 ], [ 20.0466, 8.3492 ], [ 20.0596, 8.3496 ], [ 20.0815, 8.356 ], [ 20.0848, 8.3476 ], [ 20.0958, 8.3446 ], [ 20.0973, 8.3303 ], [ 20.1009, 8.3248 ], [ 20.122, 8.3185 ], [ 20.1205, 8.3098 ], [ 20.124, 8.3044 ], [ 20.1409, 8.2983 ], [ 20.1521, 8.2994 ], [ 20.164, 8.2856 ], [ 20.1758, 8.2862 ], [ 20.1979, 8.2749 ], [ 20.2212, 8.2744 ], [ 20.2568, 8.2862 ], [ 20.2882, 8.3075 ], [ 20.3098, 8.3336 ], [ 20.3283, 8.3481 ], [ 20.38, 8.3753 ], [ 20.3972, 8.3792 ], [ 20.5093, 8.3873 ], [ 20.5223, 8.393 ], [ 20.6434, 8.3606 ], [ 20.7375, 7.9972 ], [ 20.9234, 7.3394 ] ] ] } },
{ "type": "Feature", "properties": { "iso3": "CAF", "unit_id": "68536942B33816766641229", "unit_name": "Bamingui" }, "geometry": { "type": "Polygon", "coordinates": [ [ [ 19.0462, 8.5751 ], [ 19.0869, 8.5644 ], [ 19.0889, 8.5594 ], [ 19.0994, 8.5233 ], [ 19.0958, 8.5056 ], [ 19.1056, 8.4686 ], [ 19.1128, 8.4619 ], [ 19.1247, 8.4592 ], [ 19.1355, 8.4422 ], [ 19.1367, 8.4306 ], [ 19.1458, 8.4058 ], [ 19.1608, 8.3864 ], [ 19.1689, 8.3805 ], [ 19.1908, 8.3739 ], [ 19.2208, 8.3422 ], [ 19.2286, 8.3294 ], [ 19.2297, 8.3119 ], [ 19.2458, 8.3 ], [ 19.2456, 8.2931 ], [ 19.2342, 8.2767 ], [ 19.2372, 8.2731 ], [ 19.2489, 8.2703 ], [ 19.2497, 8.2655 ], [ 19.2422, 8.2589 ], [ 19.2439, 8.2539 ], [ 19.2467, 8.25 ], [ 19.2622, 8.2469 ], [ 19.2758, 8.2261 ], [ 19.2747, 8.2214 ], [ 19.2792, 8.2125 ], [ 19.3008, 8.1989 ], [ 19.315, 8.1786 ], [ 19.3369, 8.1658 ], [ 19.3419, 8.1375 ], [ 19.3553, 8.13 ], [ 19.3572, 8.125 ], [ 19.3531, 8.1147 ], [ 19.3656, 8.1064 ], [ 19.3644, 8.0947 ], [ 19.3508, 8.0731 ], [ 19.3508, 8.0614 ], [ 19.3567, 8.0533 ], [ 19.3792, 8.0405 ], [ 19.3778, 8.0342 ], [ 19.3494, 8.0236 ], [ 19.3442, 8.0147 ], [ 19.3458, 7.9969 ], [ 19.3494, 7.9869 ], [ 19.3589, 7.9756 ], [ 19.3583, 7.9686 ], [ 19.3506, 7.9553 ], [ 19.3347, 7.9439 ], [ 19.3336, 7.9392 ], [ 19.3367, 7.9289 ], [ 19.3486, 7.9197 ], [ 19.3531, 7.9105 ], [ 19.3494, 7.9 ], [ 19.3428, 7.8928 ], [ 19.3292, 7.8858 ], [ 19.3211, 7.8744 ], [ 19.3278, 7.8542 ], [ 19.3467, 7.845 ], [ 19.35, 7.835 ], [ 19.3447, 7.8267 ], [ 19.3219, 7.8156 ], [ 19.3194, 7.8053 ], [ 19.3269, 7.7917 ], [ 19.3536, 7.7564 ], [ 19.3678, 7.7436 ], [ 19.3725, 7.7458 ], [ 19.3808, 7.7653 ], [ 19.3856, 7.7681 ], [ 19.4125, 7.7464 ], [ 19.4186, 7.7322 ], [ 19.4228, 7.7294 ], [ 19.4314, 7.7347 ], [ 19.4317, 7.7531 ], [ 19.4364, 7.7547 ], [ 19.4414, 7.7525 ], [ 19.4542, 7.7311 ], [ 19.4669, 7.7231 ], [ 19.4842, 7.7253 ], [ 19.5006, 7.7364 ], [ 19.5069, 7.7353 ], [ 19.5256, 7.7189 ], [ 19.5242, 7.7089 ], [ 19.5403, 7.6972 ], [ 19.5506, 7.6956 ], [ 19.5569, 7.6883 ], [ 19.568, 7.6892 ], [ 19.5803, 7.6975 ], [ 19.5867, 7.6964 ], [ 19.59, 7.6928 ], [ 19.5847, 7.6842 ], [ 19.5717, 7.6769 ], [ 19.5639, 7.6633 ], [ 19.5656, 7.6583 ], [ 19.5825, 7.6589 ], [ 19.5947, 7.65 ], [ 19.5922, 7.6205 ], [ 19.5781, 7.6067 ], [ 19.5775, 7.5814 ], [ 19.5811, 7.5717 ], [ 19.5897, 7.5678 ], [ 19.5983, 7.5728 ], [ 19.6061, 7.5669 ], [ 19.6186, 7.5661 ], [ 19.6275, 7.5697 ], [ 19.6331, 7.5619 ], [ 19.6553, 7.5608 ], [ 19.6661, 7.5442 ], [ 19.6708, 7.5422 ], [ 19.6819, 7.5439 ], [ 19.7017, 7.5589 ], [ 19.7064, 7.5567 ], [ 19.7085, 7.5447 ], [ 19.7158, 7.5389 ], [ 19.7256, 7.5422 ], [ 19.7311, 7.5406 ], [ 19.7333, 7.5294 ], [ 19.7292, 7.5197 ], [ 19.7319, 7.5092 ], [ 19.7533, 7.5075 ], [ 19.7575, 7.5056 ], [ 19.7619, 7.4964 ], [ 19.7592, 7.4733 ], [ 19.7655, 7.4544 ], [ 19.7617, 7.4381 ], [ 19.7806, 7.4289 ], [ 19.7936, 7.4361 ], [ 19.7992, 7.4361 ], [ 19.8025, 7.4322 ], [ 19.8031, 7.42 ], [ 19.8086, 7.405 ], [ 19.8264, 7.3878 ], [ 19.8347, 7.3694 ], [ 19.8389, 7.3664 ], [ 19.8547, 7.3619 ], [ 19.8628, 7.3744 ], [ 19.8719, 7.3705 ], [ 19.8789, 7.3511 ], [ 19.8942, 7.3383 ], [ 19.8908, 7.3081 ], [ 19.8989, 7.2889 ], [ 19.8983, 7.2706 ], [ 19.9128, 7.2633 ], [ 19.918, 7.2486 ], [ 19.9355, 7.2381 ], [ 19.9375, 7.2269 ], [ 19.9472, 7.2236 ], [ 19.9617, 7.2278 ], [ 19.9672, 7.2258 ], [ 19.9769, 7.2153 ], [ 20.005, 7.2072 ], [ 20.0164, 7.1917 ], [ 20.0322, 7.1858 ], [ 20.0344, 7.1678 ], [ 20.0486, 7.1611 ], [ 20.0569, 7.1489 ], [ 20.073, 7.1439 ], [ 20.0761, 7.1333 ], [ 20.0878, 7.1305 ], [ 20.1028, 7.1181 ], [ 20.1253, 7.1222 ], [ 20.1286, 7.1186 ], [ 20.1294, 7.0958 ], [ 20.1381, 7.0919 ], [ 20.1517, 7.0989 ], [ 20.1564, 7.0964 ], [ 20.1661, 7.0725 ], [ 20.2111, 7.0603 ], [ 20.2314, 7.033 ], [ 20.2542, 7.0339 ], [ 20.2722, 7.0303 ], [ 20.2878, 7.0347 ], [ 20.3125, 7.0347 ], [ 20.3289, 7.023 ], [ 20.3456, 7.0181 ], [ 20.3667, 7.0308 ], [ 20.3894, 7.0244 ], [ 20.3944, 7.0261 ], [ 20.4078, 7.0408 ], [ 20.4175, 7.0364 ], [ 20.4278, 7.0194 ], [ 20.4325, 7.0172 ], [ 20.4505, 7.0189 ], [ 20.4694, 7.0342 ], [ 20.4906, 7.0397 ], [ 20.5128, 7.0661 ], [ 20.5236, 7.0689 ], [ 20.5458, 7.0625 ], [ 20.5631, 7.065 ], [ 20.6061, 7.0978 ], [ 20.6169, 7.115 ], [ 20.6347, 7.1239 ], [ 20.6439, 7.1358 ], [ 20.645, 7.1489 ], [ 20.6569, 7.1647 ], [ 20.6592, 7.1833 ], [ 20.6669, 7.1964 ], [ 20.6678, 7.2156 ], [ 20.6764, 7.235 ], [ 20.6831, 7.2422 ], [ 20.723, 7.2486 ], [ 20.7367, 7.2408 ], [ 20.7597, 7.2367 ], [ 20.7725, 7.2283 ], [ 20.7958, 7.2256 ], [ 20.8106, 7.2386 ], [ 20.8419, 7.2561 ], [ 20.8775, 7.2675 ], [ 20.8842, 7.2744 ], [ 20.9231, 7.3397 ], [ 20.7375, 7.9972 ], [ 20.6434, 8.3606 ], [ 20.5223, 8.393 ], [ 20.5093, 8.3873 ], [ 20.3972, 8.3792 ], [ 20.38, 8.3753 ], [ 20.3283, 8.3481 ], [ 20.3098, 8.3336 ], [ 20.2882, 8.3075 ], [ 20.2568, 8.2862 ], [ 20.2379, 8.2784 ], [ 20.2077, 8.2736 ], [ 20.1852, 8.2792 ], [ 20.1758, 8.2862 ], [ 20.164, 8.2856 ], [ 20.1521, 8.2994 ], [ 20.1409, 8.2983 ], [ 20.124, 8.3044 ], [ 20.1205, 8.3098 ], [ 20.122, 8.3185 ], [ 20.1009, 8.3248 ], [ 20.0973, 8.3303 ], [ 20.0958, 8.3446 ], [ 20.0848, 8.3476 ], [ 20.0815, 8.356 ], [ 20.0596, 8.3496 ], [ 20.0466, 8.3492 ], [ 20.0442, 8.3536 ], [ 20.0372, 8.3561 ], [ 20.0107, 8.3494 ], [ 19.9997, 8.3718 ], [ 19.9808, 8.377 ], [ 19.9773, 8.3897 ], [ 19.9848, 8.3947 ], [ 19.9798, 8.412 ], [ 19.9644, 8.419 ], [ 19.9669, 8.4267 ], [ 19.9521, 8.4404 ], [ 19.95, 8.4486 ], [ 19.9279, 8.4632 ], [ 19.9273, 8.4822 ], [ 19.9202, 8.4936 ], [ 19.9275, 8.5072 ], [ 19.9163, 8.5074 ], [ 19.8997, 8.5203 ], [ 19.8874, 8.5388 ], [ 19.8897, 8.5432 ], [ 19.8816, 8.5441 ], [ 19.8797, 8.5472 ], [ 19.8835, 8.5497 ], [ 19.8639, 8.5708 ], [ 19.8623, 8.5785 ], [ 19.8423, 8.5892 ], [ 19.8405, 8.6025 ], [ 19.8178, 8.6041 ], [ 19.8181, 8.612 ], [ 19.8052, 8.6161 ], [ 19.8015, 8.6232 ], [ 19.8036, 8.6289 ], [ 19.7837, 8.6191 ], [ 19.7788, 8.624 ], [ 19.7745, 8.6381 ], [ 19.765, 8.6351 ], [ 19.7578, 8.6287 ], [ 19.7493, 8.6307 ], [ 19.738, 8.6281 ], [ 19.7276, 8.632 ], [ 19.7223, 8.6432 ], [ 19.7177, 8.6418 ], [ 19.7087, 8.6485 ], [ 19.7032, 8.6423 ], [ 19.7033, 8.6321 ], [ 19.6965, 8.6291 ], [ 19.6752, 8.626 ], [ 19.6657, 8.632 ], [ 19.6676, 8.6273 ], [ 19.6612, 8.6223 ], [ 19.6361, 8.6302 ], [ 19.6287, 8.6261 ], [ 19.6243, 8.6284 ], [ 19.6226, 8.6341 ], [ 19.6128, 8.6365 ], [ 19.609, 8.6408 ], [ 19.6095, 8.648 ], [ 19.6011, 8.6466 ], [ 19.5979, 8.66 ], [ 19.5869, 8.6546 ], [ 19.5817, 8.6598 ], [ 19.5799, 8.6683 ], [ 19.5721, 8.6702 ], [ 19.5657, 8.6636 ], [ 19.5611, 8.6639 ], [ 19.5482, 8.6776 ], [ 19.5268, 8.6749 ], [ 19.5145, 8.6844 ], [ 19.5045, 8.6796 ], [ 19.4944, 8.6809 ], [ 19.471, 8.6922 ], [ 19.4673, 8.7026 ], [ 19.4608, 8.7078 ], [ 19.4523, 8.7075 ], [ 19.4224, 8.7247 ], [ 19.4058, 8.727 ], [ 19.4002, 8.7435 ], [ 19.3907, 8.7562 ], [ 19.387, 8.7717 ], [ 19.3809, 8.7726 ], [ 19.3397, 8.769 ], [ 19.3106, 8.7584 ], [ 19.2823, 8.7412 ], [ 19.2671, 8.7472 ], [ 19.2467, 8.7446 ], [ 19.2338, 8.7383 ], [ 19.2252, 8.724 ], [ 19.2195, 8.7235 ], [ 19.2088, 8.7287 ], [ 19.2023, 8.7361 ], [ 19.1876, 8.7256 ], [ 19.1848, 8.7199 ], [ 19.1593, 8.7201 ], [ 19.1535, 8.7024 ], [ 19.1487, 8.7005 ], [ 19.1298, 8.7089 ], [ 19.1057, 8.6984 ], [ 19.1043, 8.693 ], [ 19.1166, 8.676 ], [ 19.1207, 8.6767 ], [ 19.1214, 8.6713 ], [ 19.1002, 8.6611 ], [ 19.0906, 8.6496 ], [ 19.0824, 8.6496 ], [ 19.0783, 8.6415 ], [ 19.0694, 8.6395 ], [ 19.0658, 8.6356 ], [ 19.0633, 8.6151 ], [ 19.0448, 8.5954 ], [ 19.0462, 8.5751 ] ] ] } },
{ "type": "Feature", "properties": { "iso3": "CAF", "unit_id": "68536942B21786620345910", "unit_name": "Bria" }, "geometry": { "type": "Polygon", "coordinates": [ [ [ 21.6628, 5.5492 ], [ 21.6933, 5.5492 ], [ 21.7517, 5.5417 ], [ 21.7722, 5.5342 ], [ 21.8025, 5.5139 ], [ 21.8211, 5.5147 ], [ 21.8531, 5.4964 ], [ 21.9004, 5.4771 ], [ 21.9037, 5.4885 ], [ 21.9306, 5.5014 ], [ 21.9456, 5.5133 ], [ 21.9658, 5.5472 ], [ 21.9733, 5.5531 ], [ 21.996, 5.556 ], [ 22.0065, 5.5611 ], [ 22.0028, 5.5639 ], [ 22.0047, 5.5686 ], [ 22.035, 5.5928 ], [ 22.0455, 5.6092 ], [ 22.0408, 5.6178 ], [ 22.0247, 5.615 ], [ 22.0219, 5.6192 ], [ 22.0314, 5.6367 ], [ 22.0419, 5.6392 ], [ 22.0739, 5.6317 ], [ 22.0822, 5.6375 ], [ 22.0775, 5.6703 ], [ 22.0536, 5.7006 ], [ 22.0475, 5.7283 ], [ 22.0508, 5.7383 ], [ 22.0719, 5.7578 ], [ 22.0686, 5.8008 ], [ 22.0749, 5.811 ], [ 22.0697, 5.825 ], [ 22.0733, 5.8419 ], [ 22.0711, 5.8733 ], [ 22.0785, 5.8808 ], [ 22.0786, 5.893 ], [ 22.0833, 5.9019 ], [ 22.105, 5.9214 ], [ 22.1228, 5.9439 ], [ 22.1208, 5.9608 ], [ 22.1064, 5.9739 ], [ 22.1617, 6.0219 ], [ 22.1789, 6.0303 ], [ 22.2169, 6.0378 ], [ 22.2294, 6.0439 ], [ 22.2406, 6.0636 ], [ 22.2689, 6.0647 ], [ 22.2808, 6.0425 ], [ 22.2889, 6.0364 ], [ 22.3464, 6.0461 ], [ 22.38, 6.0358 ], [ 22.3861, 6.0378 ], [ 22.3906, 6.0442 ], [ 22.4672, 6.0819 ], [ 22.4955, 6.1256 ], [ 22.5078, 6.1814 ], [ 22.5447, 6.2461 ], [ 22.551, 6.2642 ], [ 22.5554, 6.3063 ], [ 22.5594, 6.3126 ], [ 22.5698, 6.3166 ], [ 22.5753, 6.3307 ], [ 22.5918, 6.3397 ], [ 22.6162, 6.3463 ], [ 22.6217, 6.3525 ], [ 22.6368, 6.3431 ], [ 22.6507, 6.3426 ], [ 22.6704, 6.3663 ], [ 22.648, 6.3739 ], [ 22.6246, 6.3749 ], [ 22.6085, 6.39 ], [ 22.5764, 6.3929 ], [ 22.5568, 6.4062 ], [ 22.5534, 6.4166 ], [ 22.554, 6.4355 ], [ 22.5492, 6.4458 ], [ 22.5351, 6.4518 ], [ 22.5086, 6.4512 ], [ 22.5016, 6.4627 ], [ 22.5015, 6.4814 ], [ 22.5076, 6.4935 ], [ 22.5141, 6.4992 ], [ 22.5238, 6.4996 ], [ 22.5404, 6.5167 ], [ 22.5648, 6.5216 ], [ 22.5776, 6.528 ], [ 22.5889, 6.5417 ], [ 22.5946, 6.5613 ], [ 22.6141, 6.58 ], [ 22.6102, 6.6051 ], [ 22.6197, 6.63 ], [ 22.6175, 6.6523 ], [ 22.59, 6.6733 ], [ 22.5649, 6.6766 ], [ 22.5414, 6.6964 ], [ 22.5329, 6.6956 ], [ 22.5115, 6.706 ], [ 22.4972, 6.7076 ], [ 22.4804, 6.7143 ], [ 22.4687, 6.7143 ], [ 22.4538, 6.7335 ], [ 22.4404, 6.7307 ], [ 22.4312, 6.7348 ], [ 22.4261, 6.743 ], [ 22.4102, 6.7446 ], [ 22.4017, 6.768 ], [ 22.3864, 6.7703 ], [ 22.3715, 6.7626 ], [ 22.3593, 6.7623 ], [ 22.3435, 6.7759 ], [ 22.3067, 6.7956 ], [ 22.2743, 6.7936 ], [ 22.2665, 6.7958 ], [ 22.2656, 6.7988 ], [ 22.2577, 6.7943 ], [ 22.2614, 6.832 ], [ 22.2717, 6.855 ], [ 22.288, 6.8578 ], [ 22.3076, 6.8471 ], [ 22.3188, 6.847 ], [ 22.3344, 6.8523 ], [ 22.3743, 6.8792 ], [ 22.3808, 6.8976 ], [ 22.3706, 6.9521 ], [ 22.3733, 6.9781 ], [ 22.3702, 6.992 ], [ 22.3659, 6.9962 ], [ 22.3664, 7.0006 ], [ 22.3587, 7.0031 ], [ 22.3444, 7.0187 ], [ 22.3262, 7.0604 ], [ 22.3169, 7.0686 ], [ 22.3154, 7.1205 ], [ 22.311, 7.133 ], [ 22.3005, 7.1431 ], [ 22.3003, 7.1699 ], [ 22.2898, 7.2178 ], [ 22.2935, 7.2357 ], [ 22.3286, 7.2896 ], [ 22.3385, 7.3143 ], [ 22.3559, 7.3408 ], [ 22.3609, 7.3566 ], [ 22.3194, 7.4211 ], [ 22.322, 7.4318 ], [ 22.3364, 7.4467 ], [ 22.3401, 7.4564 ], [ 22.3318, 7.4713 ], [ 22.3274, 7.5037 ], [ 22.3052, 7.5316 ], [ 22.3083, 7.5675 ], [ 22.296, 7.5867 ], [ 22.2649, 7.6222 ], [ 22.2446, 7.6151 ], [ 22.1628, 7.5701 ], [ 22.101, 7.5452 ], [ 22.0675, 7.5427 ], [ 22.0464, 7.5476 ], [ 21.9922, 7.5279 ], [ 21.9373, 7.4901 ], [ 21.9143, 7.4672 ], [ 21.9145, 7.4641 ], [ 21.8995, 7.4521 ], [ 21.8492, 7.428 ], [ 21.8044, 7.4237 ], [ 21.7627, 7.4308 ], [ 21.7505, 7.4358 ], [ 21.7388, 7.4472 ], [ 21.7303, 7.4642 ], [ 21.7162, 7.481 ], [ 21.6645, 7.4779 ], [ 21.6201, 7.4824 ], [ 21.6096, 7.5412 ], [ 21.6014, 7.5584 ], [ 21.5981, 7.5806 ], [ 21.5879, 7.6061 ], [ 21.5875, 7.6285 ], [ 21.5671, 7.6518 ], [ 21.5565, 7.681 ], [ 21.5343, 7.7025 ], [ 21.525, 7.7071 ], [ 21.4954, 7.7105 ], [ 21.4464, 7.7435 ], [ 21.3846, 7.7503 ], [ 21.3677, 7.7465 ], [ 21.3326, 7.7295 ], [ 21.2995, 7.7278 ], [ 21.273, 7.7371 ], [ 21.22, 7.7711 ], [ 21.1739, 7.7327 ], [ 21.1316, 7.7036 ], [ 21.1417, 7.7005 ], [ 21.163, 7.6831 ], [ 21.1992, 7.6319 ], [ 21.2139, 7.6197 ], [ 21.245, 7.6067 ], [ 21.3003, 7.6022 ], [ 21.3217, 7.5955 ], [ 21.3817, 7.5533 ], [ 21.3925, 7.5408 ], [ 21.4125, 7.5094 ], [ 21.4239, 7.4775 ], [ 21.4236, 7.4386 ], [ 21.4092, 7.3422 ], [ 21.41, 7.3289 ], [ 21.4144, 7.3194 ], [ 21.4303, 7.3069 ], [ 21.4472, 7.3042 ], [ 21.4975, 7.3022 ], [ 21.5386, 7.3114 ], [ 21.5536, 7.3117 ], [ 21.5653, 7.3072 ], [ 21.5755, 7.2969 ], [ 21.5819, 7.2847 ], [ 21.5833, 7.2667 ], [ 21.5758, 7.1761 ], [ 21.595, 7.0978 ], [ 21.6044, 6.9917 ], [ 21.6253, 6.9867 ], [ 21.6353, 6.9805 ], [ 21.6378, 6.9692 ], [ 21.6311, 6.9372 ], [ 21.6328, 6.925 ], [ 21.6483, 6.8994 ], [ 21.6539, 6.88 ], [ 21.6536, 6.8708 ], [ 21.6378, 6.8514 ], [ 21.6461, 6.8317 ], [ 21.6436, 6.8114 ], [ 21.6397, 6.8058 ], [ 21.6078, 6.7864 ], [ 21.6072, 6.7689 ], [ 21.6122, 6.7631 ], [ 21.6281, 6.7564 ], [ 21.6336, 6.7461 ], [ 21.6361, 6.6947 ], [ 21.6394, 6.6869 ], [ 21.6567, 6.6636 ], [ 21.6667, 6.6403 ], [ 21.6917, 6.6236 ], [ 21.7011, 6.593 ], [ 21.7144, 6.5867 ], [ 21.7722, 6.5847 ], [ 21.7811, 6.5803 ], [ 21.7944, 6.5611 ], [ 21.7944, 6.5383 ], [ 21.7819, 6.5025 ], [ 21.7739, 6.4414 ], [ 21.7847, 6.4069 ], [ 21.8092, 6.3692 ], [ 21.8133, 6.3553 ], [ 21.8117, 6.3425 ], [ 21.7944, 6.3047 ], [ 21.7767, 6.2769 ], [ 21.7408, 6.2314 ], [ 21.7369, 6.2203 ], [ 21.7394, 6.2106 ], [ 21.7464, 6.2047 ], [ 21.7758, 6.1919 ], [ 21.7897, 6.18 ], [ 21.7997, 6.1519 ], [ 21.8017, 6.1203 ], [ 21.8178, 6.1003 ], [ 21.8211, 6.0906 ], [ 21.8186, 6.05 ], [ 21.8267, 6.0433 ], [ 21.8767, 6.0428 ], [ 21.8878, 6.0372 ], [ 21.8955, 6.0183 ], [ 21.8994, 5.9797 ], [ 21.9094, 5.9511 ], [ 21.9183, 5.94 ], [ 21.9367, 5.9256 ], [ 21.9436, 5.9105 ], [ 21.9446, 5.8941 ], [ 21.9389, 5.8572 ], [ 21.9419, 5.8433 ], [ 21.9403, 5.8208 ], [ 21.925, 5.7525 ], [ 21.9064, 5.7211 ], [ 21.9011, 5.6717 ], [ 21.8664, 5.6408 ], [ 21.8583, 5.6158 ], [ 21.8536, 5.615 ], [ 21.8444, 5.6211 ], [ 21.8205, 5.645 ], [ 21.78, 5.6755 ], [ 21.7711, 5.6786 ], [ 21.7628, 5.6767 ], [ 21.7528, 5.6725 ], [ 21.6856, 5.6197 ], [ 21.6619, 5.5972 ], [ 21.6628, 5.5492 ] ] ] } },
{ "type": "Feature", "properties": { "iso3": "CAF", "unit_id": "68536942B52186016141613", "unit_name": "Ouadda" }, "geometry": { "type": "Polygon", "coordinates": [ [ [ 21.1316, 7.7036 ], [ 21.1739, 7.7327 ], [ 21.22, 7.7711 ], [ 21.273, 7.7371 ], [ 21.3076, 7.7264 ], [ 21.3326, 7.7295 ], [ 21.3677, 7.7465 ], [ 21.3846, 7.7503 ], [ 21.4464, 7.7435 ], [ 21.4954, 7.7105 ], [ 21.525, 7.7071 ], [ 21.5343, 7.7025 ], [ 21.5565, 7.681 ], [ 21.5671, 7.6518 ], [ 21.5875, 7.6285 ], [ 21.5879, 7.6061 ], [ 21.5981, 7.5806 ], [ 21.6014, 7.5584 ], [ 21.6096, 7.5412 ], [ 21.6201, 7.4824 ], [ 21.6645, 7.4779 ], [ 21.7162, 7.481 ], [ 21.7303, 7.4642 ], [ 21.7388, 7.4472 ], [ 21.7505, 7.4358 ], [ 21.7627, 7.4308 ], [ 21.8044, 7.4237 ], [ 21.8492, 7.428 ], [ 21.8995, 7.4521 ], [ 21.9145, 7.4641 ], [ 21.9143, 7.4672 ], [ 21.9373, 7.4901 ], [ 21.9922, 7.5279 ], [ 22.0464, 7.5476 ], [ 22.0675, 7.5427 ], [ 22.101, 7.5452 ], [ 22.1628, 7.5701 ], [ 22.2446, 7.6151 ], [ 22.2649, 7.6222 ], [ 22.296, 7.5867 ], [ 22.3083, 7.5675 ], [ 22.3052, 7.5316 ], [ 22.3274, 7.5037 ], [ 22.3318, 7.4713 ], [ 22.3401, 7.4564 ], [ 22.3364, 7.4467 ], [ 22.322, 7.4318 ], [ 22.3194, 7.4211 ], [ 22.3609, 7.3566 ], [ 22.3559, 7.3408 ], [ 22.3385, 7.3143 ], [ 22.3286, 7.2896 ], [ 22.2935, 7.2357 ], [ 22.2898, 7.2178 ], [ 22.3003, 7.1699 ], [ 22.3005, 7.1431 ], [ 22.311, 7.133 ], [ 22.3154, 7.1205 ], [ 22.3169, 7.0686 ], [ 22.3262, 7.0604 ], [ 22.3444, 7.0187 ], [ 22.3587, 7.0031 ], [ 22.3664, 7.0006 ], [ 22.3659, 6.9962 ], [ 22.3702, 6.992 ], [ 22.3733, 6.9781 ], [ 22.3706, 6.9521 ], [ 22.3808, 6.8976 ], [ 22.3779, 6.8845 ], [ 22.3982, 6.896 ], [ 22.4497, 6.9352 ], [ 22.46, 6.9358 ], [ 22.4992, 6.9257 ], [ 22.5248, 6.9356 ], [ 22.5313, 6.9452 ], [ 22.5344, 6.9748 ], [ 22.5435, 7.0115 ], [ 22.5777, 7.0362 ], [ 22.6076, 7.0746 ], [ 22.6328, 7.096 ], [ 22.6635, 7.113 ], [ 22.6738, 7.1154 ], [ 22.6854, 7.1321 ], [ 22.6954, 7.1379 ], [ 22.7165, 7.13 ], [ 22.7233, 7.1357 ], [ 22.726, 7.1479 ], [ 22.7493, 7.1679 ], [ 22.765, 7.1581 ], [ 22.7655, 7.1712 ], [ 22.7567, 7.1947 ], [ 22.7579, 7.2245 ], [ 22.7685, 7.2457 ], [ 22.7698, 7.269 ], [ 22.7798, 7.3062 ], [ 22.7607, 7.3176 ], [ 22.7556, 7.3259 ], [ 22.7829, 7.3329 ], [ 22.7854, 7.3422 ], [ 22.767, 7.3705 ], [ 22.7661, 7.3875 ], [ 22.7813, 7.4211 ], [ 22.7917, 7.4347 ], [ 22.8154, 7.4402 ], [ 22.8254, 7.4506 ], [ 22.8299, 7.4389 ], [ 22.83, 7.4123 ], [ 22.8433, 7.4073 ], [ 22.8518, 7.4229 ], [ 22.8455, 7.4473 ], [ 22.8538, 7.4526 ], [ 22.8634, 7.4485 ], [ 22.8664, 7.4414 ], [ 22.8919, 7.4304 ], [ 22.8989, 7.4337 ], [ 22.9015, 7.4415 ], [ 22.8979, 7.4531 ], [ 22.9065, 7.4612 ], [ 22.9289, 7.4504 ], [ 22.9372, 7.4495 ], [ 22.9432, 7.4547 ], [ 22.9456, 7.466 ], [ 22.9361, 7.4824 ], [ 22.9339, 7.4931 ], [ 22.9497, 7.5316 ], [ 22.9645, 7.5519 ], [ 22.979, 7.551 ], [ 22.9878, 7.5458 ], [ 22.9936, 7.5529 ], [ 22.9963, 7.5702 ], [ 23.0079, 7.5931 ], [ 23.0085, 7.6132 ], [ 23.0136, 7.6294 ], [ 23.0379, 7.6572 ], [ 23.0495, 7.6653 ], [ 23.0747, 7.6523 ], [ 23.0891, 7.6553 ], [ 23.1006, 7.6641 ], [ 23.1002, 7.674 ], [ 23.1042, 7.6861 ], [ 23.1167, 7.701 ], [ 23.1292, 7.7009 ], [ 23.1576, 7.714 ], [ 23.161, 7.7182 ], [ 23.1607, 7.7129 ], [ 23.1721, 7.7142 ], [ 23.1763, 7.7082 ], [ 23.1852, 7.7091 ], [ 23.1976, 7.7264 ], [ 23.2156, 7.7279 ], [ 23.2302, 7.7379 ], [ 23.2355, 7.7553 ], [ 23.2417, 7.7547 ], [ 23.249, 7.7471 ], [ 23.255, 7.7479 ], [ 23.2643, 7.7567 ], [ 23.2715, 7.7566 ], [ 23.281, 7.7393 ], [ 23.299, 7.7483 ], [ 23.3095, 7.7417 ], [ 23.3173, 7.7523 ], [ 23.3394, 7.7656 ], [ 23.3591, 7.7952 ], [ 23.3894, 7.8119 ], [ 23.4248, 7.8602 ], [ 23.427, 7.8588 ], [ 23.4384, 7.8716 ], [ 23.4542, 7.8679 ], [ 23.4939, 7.9109 ], [ 23.531, 7.9603 ], [ 23.5208, 8.0016 ], [ 23.52, 8.0214 ], [ 23.5256, 8.0258 ], [ 23.5444, 8.0299 ], [ 23.5602, 8.0562 ], [ 23.5624, 8.0692 ], [ 23.5603, 8.0795 ], [ 23.5472, 8.0983 ], [ 23.5568, 8.1255 ], [ 23.5558, 8.1413 ], [ 23.5461, 8.159 ], [ 23.5251, 8.1672 ], [ 23.5083, 8.1893 ], [ 23.4735, 8.2158 ], [ 23.471, 8.2314 ], [ 23.4744, 8.2371 ], [ 23.4666, 8.2443 ], [ 23.4542, 8.2448 ], [ 23.4478, 8.2515 ], [ 23.4408, 8.2696 ], [ 23.4392, 8.2913 ], [ 23.4013, 8.3154 ], [ 23.4001, 8.3189 ], [ 23.4084, 8.3329 ], [ 23.3984, 8.3343 ], [ 23.3965, 8.3445 ], [ 23.3875, 8.353 ], [ 23.3778, 8.388 ], [ 23.383, 8.4003 ], [ 23.3718, 8.4125 ], [ 23.3577, 8.4203 ], [ 23.3511, 8.4362 ], [ 23.3487, 8.4592 ], [ 23.3353, 8.4746 ], [ 23.3357, 8.4827 ], [ 23.3143, 8.4987 ], [ 23.312, 8.5153 ], [ 23.2975, 8.5341 ], [ 23.2886, 8.5635 ], [ 23.2725, 8.5739 ], [ 23.269, 8.5846 ], [ 23.2719, 8.598 ], [ 23.2682, 8.6055 ], [ 23.2709, 8.612 ], [ 23.2583, 8.6415 ], [ 23.2645, 8.6559 ], [ 23.2622, 8.6708 ], [ 23.2754, 8.6998 ], [ 23.2735, 8.7408 ], [ 23.2875, 8.7617 ], [ 23.2861, 8.7761 ], [ 23.2795, 8.7933 ], [ 23.2912, 8.8153 ], [ 23.3103, 8.8366 ], [ 23.3337, 8.8711 ], [ 23.3409, 8.886 ], [ 23.3446, 8.902 ], [ 23.3437, 8.9154 ], [ 23.3638, 8.9846 ], [ 23.3913, 9.0403 ], [ 23.4157, 9.0605 ], [ 23.423, 9.0787 ], [ 23.4249, 9.0885 ], [ 23.4125, 9.1395 ], [ 23.4042, 9.1545 ], [ 23.4038, 9.1716 ], [ 23.4142, 9.1895 ], [ 23.408, 9.2013 ], [ 23.4095, 9.2087 ], [ 23.4286, 9.2278 ], [ 23.433, 9.2417 ], [ 23.4158, 9.2394 ], [ 23.3825, 9.2228 ], [ 23.3647, 9.2053 ], [ 23.3472, 9.1733 ], [ 23.3392, 9.1422 ], [ 23.3317, 9.0792 ], [ 23.3203, 9.0275 ], [ 23.2928, 9.003 ], [ 23.2694, 8.9917 ], [ 23.225, 8.9878 ], [ 23.2008, 8.9822 ], [ 23.0925, 8.9036 ], [ 23.0803, 8.8808 ], [ 23.0769, 8.8375 ], [ 23.0803, 8.7878 ], [ 23.0725, 8.7672 ], [ 23.0569, 8.7539 ], [ 23.038, 8.7517 ], [ 23.0086, 8.7625 ], [ 22.9636, 8.7531 ], [ 22.9383, 8.7514 ], [ 22.8336, 8.7128 ], [ 22.815, 8.7011 ], [ 22.6714, 8.7 ], [ 22.6442, 8.6881 ], [ 22.5811, 8.6455 ], [ 22.5322, 8.5914 ], [ 22.5067, 8.5825 ], [ 22.4828, 8.5825 ], [ 22.4492, 8.5989 ], [ 22.4347, 8.6 ], [ 22.4122, 8.5922 ], [ 22.3911, 8.5917 ], [ 22.3722, 8.5678 ], [ 22.3536, 8.5653 ], [ 22.3106, 8.5736 ], [ 22.1686, 8.5819 ], [ 22.1494, 8.5858 ], [ 22.1144, 8.6022 ], [ 22.0933, 8.6206 ], [ 22.0753, 8.6233 ], [ 22.0022, 8.6047 ], [ 21.9722, 8.5755 ], [ 21.9592, 8.5453 ], [ 21.9561, 8.5242 ], [ 21.9633, 8.4814 ], [ 21.9922, 8.4369 ], [ 22.0017, 8.4058 ], [ 22.0003, 8.3867 ], [ 21.9617, 8.3042 ], [ 21.9583, 8.2897 ], [ 21.9581, 8.2803 ], [ 21.9625, 8.268 ], [ 21.9853, 8.25 ], [ 21.995, 8.235 ], [ 21.9944, 8.2255 ], [ 21.9897, 8.2183 ], [ 21.8992, 8.1958 ], [ 21.8767, 8.1953 ], [ 21.8606, 8.2022 ], [ 21.8528, 8.2133 ], [ 21.8358, 8.2633 ], [ 21.788, 8.2947 ], [ 21.78, 8.3058 ], [ 21.7708, 8.333 ], [ 21.7544, 8.3372 ], [ 21.7252, 8.3299 ], [ 21.7203, 8.3214 ], [ 21.6686, 8.2881 ], [ 21.6558, 8.2842 ], [ 21.6272, 8.2847 ], [ 21.6189, 8.2814 ], [ 21.6017, 8.2358 ], [ 21.5978, 8.2331 ], [ 21.5411, 8.2558 ], [ 21.4953, 8.2564 ], [ 21.48, 8.2525 ], [ 21.4797, 8.2283 ], [ 21.4744, 8.2175 ], [ 21.4453, 8.1936 ], [ 21.3939, 8.17 ], [ 21.3844, 8.1625 ], [ 21.3786, 8.15 ], [ 21.3819, 8.1333 ], [ 21.4008, 8.0939 ], [ 21.4528, 8.0005 ], [ 21.1219, 7.9997 ], [ 21.1242, 7.9531 ], [ 21.1311, 7.9167 ], [ 21.1294, 7.9025 ], [ 21.1253, 7.8919 ], [ 21.1042, 7.8622 ], [ 21.1017, 7.8475 ], [ 21.1083, 7.8264 ], [ 21.1255, 7.7989 ], [ 21.1316, 7.7036 ] ] ] } },
{ "type": "Feature", "properties": { "iso3": "CAF", "unit_id": "68536942B71320759903781", "unit_name": "Yalinga" }, "geometry": { "type": "Polygon", "coordinates": [ [ [ 22.5447, 6.2461 ], [ 22.5797, 6.2542 ], [ 22.6303, 6.2597 ], [ 22.6808, 6.2744 ], [ 22.6939, 6.2736 ], [ 22.735, 6.2603 ], [ 22.7497, 6.26 ], [ 22.7942, 6.2728 ], [ 22.8125, 6.2739 ], [ 22.8386, 6.26 ], [ 22.8739, 6.1872 ], [ 23.0186, 6.1464 ], [ 23.2719, 6.0822 ], [ 23.2797, 6.0944 ], [ 23.2955, 6.1058 ], [ 23.2919, 6.1353 ], [ 23.2978, 6.1494 ], [ 23.2933, 6.1583 ], [ 23.2925, 6.175 ], [ 23.3114, 6.1833 ], [ 23.3147, 6.1933 ], [ 23.3139, 6.2047 ], [ 23.3236, 6.2155 ], [ 23.335, 6.2175 ], [ 23.3505, 6.2058 ], [ 23.393, 6.2094 ], [ 23.4106, 6.2239 ], [ 23.4158, 6.2586 ], [ 23.4403, 6.295 ], [ 23.4805, 6.3156 ], [ 23.5055, 6.3375 ], [ 23.5461, 6.3578 ], [ 23.5669, 6.3747 ], [ 23.6622, 6.4231 ], [ 24.0964, 6.6678 ], [ 24.2607, 6.7526 ], [ 24.2683, 6.7772 ], [ 24.2744, 6.7778 ], [ 24.2911, 6.7678 ], [ 24.3031, 6.77 ], [ 24.3103, 6.7758 ], [ 24.3108, 6.7819 ], [ 24.3089, 6.7869 ], [ 24.2986, 6.7875 ], [ 24.2958, 6.8047 ], [ 24.285, 6.8075 ], [ 24.2822, 6.8117 ], [ 24.2842, 6.8228 ], [ 24.3119, 6.8289 ], [ 24.3219, 6.8392 ], [ 24.3281, 6.84 ], [ 24.3314, 6.8433 ], [ 24.3233, 6.8619 ], [ 24.3258, 6.8725 ], [ 24.3333, 6.8786 ], [ 24.3453, 6.8775 ], [ 24.3494, 6.8803 ], [ 24.3467, 6.8894 ], [ 24.3314, 6.8942 ], [ 24.3189, 6.9342 ], [ 24.3444, 6.9425 ], [ 24.3497, 6.9639 ], [ 24.3611, 6.9667 ], [ 24.3814, 6.9614 ], [ 24.3881, 6.9681 ], [ 24.4125, 6.9778 ], [ 24.423, 6.975 ], [ 24.4344, 6.9769 ], [ 24.4536, 6.9692 ], [ 24.4922, 6.9753 ], [ 24.5203, 7.0142 ], [ 24.5364, 7.0039 ], [ 24.5417, 7.005 ], [ 24.5483, 7.025 ], [ 24.5569, 7.0364 ], [ 24.5511, 7.0705 ], [ 24.5394, 7.0928 ], [ 24.5539, 7.1314 ], [ 24.5547, 7.1442 ], [ 24.5503, 7.1669 ], [ 24.5517, 7.1858 ], [ 24.5625, 7.195 ], [ 24.5622, 7.2006 ], [ 24.5578, 7.2092 ], [ 24.5386, 7.2175 ], [ 24.5358, 7.2219 ], [ 24.5422, 7.2481 ], [ 24.5325, 7.2517 ], [ 24.5194, 7.2444 ], [ 24.5111, 7.2492 ], [ 24.5103, 7.2606 ], [ 24.5203, 7.2706 ], [ 24.5211, 7.2753 ], [ 24.5128, 7.2942 ], [ 24.5092, 7.3161 ], [ 24.5144, 7.3372 ], [ 24.5311, 7.3608 ], [ 24.5353, 7.3836 ], [ 24.5453, 7.3858 ], [ 24.5478, 7.39 ], [ 24.5506, 7.4139 ], [ 24.5658, 7.4186 ], [ 24.5681, 7.4367 ], [ 24.5806, 7.4642 ], [ 24.5844, 7.4803 ], [ 24.5953, 7.4817 ], [ 24.5961, 7.4875 ], [ 24.585, 7.49 ], [ 24.5553, 7.5072 ], [ 24.5556, 7.5128 ], [ 24.5631, 7.518 ], [ 24.5522, 7.5281 ], [ 24.5419, 7.5314 ], [ 24.53, 7.5736 ], [ 24.5036, 7.6075 ], [ 24.4961, 7.6333 ], [ 24.4933, 7.6628 ], [ 24.5017, 7.6942 ], [ 24.5019, 7.7128 ], [ 24.4964, 7.7278 ], [ 24.4819, 7.7469 ], [ 24.4805, 7.7589 ], [ 24.4883, 7.7842 ], [ 24.4883, 7.7964 ], [ 24.4739, 7.8192 ], [ 24.4672, 7.8375 ], [ 24.4622, 7.9103 ], [ 24.4506, 7.9269 ], [ 24.4492, 7.9342 ], [ 24.4531, 7.9439 ], [ 24.4647, 7.9525 ], [ 24.4689, 7.9605 ], [ 24.4842, 8.0583 ], [ 24.4783, 8.0717 ], [ 24.4594, 8.0811 ], [ 24.445, 8.0983 ], [ 24.4203, 8.113 ], [ 24.4175, 8.1186 ], [ 24.4192, 8.1525 ], [ 24.4147, 8.1622 ], [ 24.4069, 8.1672 ], [ 24.3617, 8.1786 ], [ 24.2914, 8.2369 ], [ 24.2739, 8.2734 ], [ 24.255, 8.2821 ], [ 24.2361, 8.2855 ], [ 24.2036, 8.304 ], [ 24.1802, 8.3333 ], [ 24.1756, 8.345 ], [ 24.1608, 8.3583 ], [ 24.1534, 8.3699 ], [ 24.1519, 8.3876 ], [ 24.1611, 8.4161 ], [ 24.1649, 8.4473 ], [ 24.1634, 8.4627 ], [ 24.1712, 8.4815 ], [ 24.1919, 8.5002 ], [ 24.2073, 8.525 ], [ 24.2333, 8.5558 ], [ 24.2559, 8.5789 ], [ 24.2697, 8.5887 ], [ 24.2632, 8.5974 ], [ 24.2442, 8.6103 ], [ 24.2363, 8.6194 ], [ 24.2321, 8.6318 ], [ 24.2376, 8.6481 ], [ 24.2599, 8.6838 ], [ 24.261, 8.7031 ], [ 24.2526, 8.7118 ], [ 24.2342, 8.7106 ], [ 24.2059, 8.6882 ], [ 24.1747, 8.7065 ], [ 24.1645, 8.7078 ], [ 24.1318, 8.6924 ], [ 24.1015, 8.6994 ], [ 24.061, 8.7031 ], [ 24.0376, 8.7099 ], [ 23.9944, 8.708 ], [ 23.9681, 8.7249 ], [ 23.9406, 8.73 ], [ 23.8735, 8.7164 ], [ 23.8298, 8.7349 ], [ 23.818, 8.7369 ], [ 23.7832, 8.7331 ], [ 23.7389, 8.7161 ], [ 23.7138, 8.7229 ], [ 23.6768, 8.7252 ], [ 23.6296, 8.7445 ], [ 23.5775, 8.7406 ], [ 23.5575, 8.7161 ], [ 23.5446, 8.7177 ], [ 23.5201, 8.727 ], [ 23.5198, 8.7589 ], [ 23.5082, 8.7718 ], [ 23.5117, 8.7937 ], [ 23.5085, 8.8148 ], [ 23.514, 8.8261 ], [ 23.5368, 8.837 ], [ 23.5465, 8.8467 ], [ 23.5696, 8.879 ], [ 23.581, 8.9027 ], [ 23.5887, 8.9342 ], [ 23.5856, 8.9615 ], [ 23.5885, 8.9824 ], [ 23.5863, 8.9973 ], [ 23.5772, 9.0071 ], [ 23.5696, 9.0083 ], [ 23.5313, 8.9635 ], [ 23.5004, 8.9624 ], [ 23.4804, 8.9777 ], [ 23.4635, 8.984 ], [ 23.4634, 9.0047 ], [ 23.4508, 9.0104 ], [ 23.4478, 9.017 ], [ 23.4645, 9.0456 ], [ 23.4632, 9.0665 ], [ 23.4751, 9.0943 ], [ 23.4717, 9.117 ], [ 23.4763, 9.142 ], [ 23.4592, 9.1486 ], [ 23.4497, 9.1703 ], [ 23.4514, 9.1994 ], [ 23.4578, 9.2203 ], [ 23.4697, 9.235 ], [ 23.4556, 9.2406 ], [ 23.433, 9.2417 ], [ 23.4286, 9.2278 ], [ 23.4095, 9.2087 ], [ 23.408, 9.2013 ], [ 23.4142, 9.1895 ], [ 23.4038, 9.1716 ], [ 23.4042, 9.1545 ], [ 23.4125, 9.1395 ], [ 23.4249, 9.0885 ], [ 23.423, 9.0787 ], [ 23.4157, 9.0605 ], [ 23.3913, 9.0403 ], [ 23.3638, 8.9846 ], [ 23.3437, 8.9154 ], [ 23.3446, 8.902 ], [ 23.3409, 8.886 ], [ 23.3337, 8.8711 ], [ 23.3103, 8.8366 ], [ 23.2912, 8.8153 ], [ 23.2795, 8.7933 ], [ 23.2861, 8.7761 ], [ 23.2875, 8.7617 ], [ 23.2735, 8.7408 ], [ 23.2754, 8.6998 ], [ 23.2622, 8.6708 ], [ 23.2645, 8.6559 ], [ 23.2583, 8.6415 ], [ 23.2709, 8.612 ], [ 23.2682, 8.6055 ], [ 23.2719, 8.598 ], [ 23.269, 8.5846 ], [ 23.2725, 8.5739 ], [ 23.2886, 8.5635 ], [ 23.2975, 8.5341 ], [ 23.312, 8.5153 ], [ 23.3143, 8.4987 ], [ 23.3357, 8.4827 ], [ 23.3353, 8.4746 ], [ 23.3487, 8.4592 ], [ 23.3511, 8.4362 ], [ 23.3577, 8.4203 ], [ 23.3718, 8.4125 ], [ 23.383, 8.4003 ], [ 23.3778, 8.388 ], [ 23.3875, 8.353 ], [ 23.3965, 8.3445 ], [ 23.3984, 8.3343 ], [ 23.4084, 8.3329 ], [ 23.4001, 8.3189 ], [ 23.4013, 8.3154 ], [ 23.4392, 8.2913 ], [ 23.4408, 8.2696 ], [ 23.4478, 8.2515 ], [ 23.4542, 8.2448 ], [ 23.4666, 8.2443 ], [ 23.4744, 8.2371 ], [ 23.471, 8.2314 ], [ 23.4735, 8.2158 ], [ 23.5083, 8.1893 ], [ 23.5251, 8.1672 ], [ 23.5461, 8.159 ], [ 23.5558, 8.1413 ], [ 23.5568, 8.1255 ], [ 23.5472, 8.0983 ], [ 23.5603, 8.0795 ], [ 23.5624, 8.0692 ], [ 23.5602, 8.0562 ], [ 23.5444, 8.0299 ], [ 23.5256, 8.0258 ], [ 23.52, 8.0214 ], [ 23.5208, 8.0016 ], [ 23.531, 7.9603 ], [ 23.4939, 7.9109 ], [ 23.4542, 7.8679 ], [ 23.4384, 7.8716 ], [ 23.427, 7.8588 ], [ 23.4248, 7.8602 ], [ 23.3894, 7.8119 ], [ 23.3591, 7.7952 ], [ 23.3394, 7.7656 ], [ 23.3173, 7.7523 ], [ 23.3095, 7.7417 ], [ 23.299, 7.7483 ], [ 23.2842, 7.7388 ], [ 23.281, 7.7393 ], [ 23.2715, 7.7566 ], [ 23.2643, 7.7567 ], [ 23.255, 7.7479 ], [ 23.249, 7.7471 ], [ 23.2417, 7.7547 ], [ 23.2355, 7.7553 ], [ 23.2302, 7.7379 ], [ 23.2156, 7.7279 ], [ 23.1976, 7.7264 ], [ 23.1852, 7.7091 ], [ 23.1763, 7.7082 ], [ 23.1721, 7.7142 ], [ 23.1607, 7.7129 ], [ 23.161, 7.7182 ], [ 23.1576, 7.714 ], [ 23.1292, 7.7009 ], [ 23.1167, 7.701 ], [ 23.1042, 7.6861 ], [ 23.1002, 7.674 ], [ 23.1006, 7.6641 ], [ 23.0891, 7.6553 ], [ 23.0747, 7.6523 ], [ 23.0495, 7.6653 ], [ 23.0221, 7.6416 ], [ 23.0136, 7.6294 ], [ 23.0085, 7.6132 ], [ 23.0079, 7.5931 ], [ 22.9963, 7.5702 ], [ 22.9936, 7.5529 ], [ 22.9878, 7.5458 ], [ 22.979, 7.551 ], [ 22.9645, 7.5519 ], [ 22.9497, 7.5316 ], [ 22.9339, 7.4931 ], [ 22.9361, 7.4824 ], [ 22.9456, 7.466 ], [ 22.9432, 7.4547 ], [ 22.9372, 7.4495 ], [ 22.9289, 7.4504 ], [ 22.9065, 7.4612 ], [ 22.8979, 7.4531 ], [ 22.9015, 7.4415 ], [ 22.8989, 7.4337 ], [ 22.8919, 7.4304 ], [ 22.8664, 7.4414 ], [ 22.8634, 7.4485 ], [ 22.8538, 7.4526 ], [ 22.8455, 7.4473 ], [ 22.8518, 7.4229 ], [ 22.8433, 7.4073 ], [ 22.83, 7.4123 ], [ 22.8299, 7.4389 ], [ 22.8254, 7.4506 ], [ 22.8154, 7.4402 ], [ 22.7917, 7.4347 ], [ 22.7813, 7.4211 ], [ 22.7661, 7.3875 ], [ 22.767, 7.3705 ], [ 22.7854, 7.3422 ], [ 22.7829, 7.3329 ], [ 22.7556, 7.3259 ], [ 22.7607, 7.3176 ], [ 22.7798, 7.3062 ], [ 22.7698, 7.269 ], [ 22.7685, 7.2457 ], [ 22.7579, 7.2245 ], [ 22.7567, 7.1947 ], [ 22.7655, 7.1712 ], [ 22.765, 7.1581 ], [ 22.7493, 7.1679 ], [ 22.726, 7.1479 ], [ 22.7233, 7.1357 ], [ 22.7165, 7.13 ], [ 22.6954, 7.1379 ], [ 22.6854, 7.1321 ], [ 22.6738, 7.1154 ], [ 22.6635, 7.113 ], [ 22.6328, 7.096 ], [ 22.6076, 7.0746 ], [ 22.5777, 7.0362 ], [ 22.5435, 7.0115 ], [ 22.5344, 6.9748 ], [ 22.5313, 6.9452 ], [ 22.5248, 6.9356 ], [ 22.4992, 6.9257 ], [ 22.46, 6.9358 ], [ 22.4497, 6.9352 ], [ 22.3982, 6.896 ], [ 22.3779, 6.8845 ], [ 22.3669, 6.8727 ], [ 22.3344, 6.8523 ], [ 22.3188, 6.847 ], [ 22.3076, 6.8471 ], [ 22.288, 6.8578 ], [ 22.2808, 6.8584 ], [ 22.2717, 6.855 ], [ 22.2671, 6.8484 ], [ 22.2614, 6.832 ], [ 22.2577, 6.7943 ], [ 22.2656, 6.7988 ], [ 22.2665, 6.7958 ], [ 22.2743, 6.7936 ], [ 22.3067, 6.7956 ], [ 22.3435, 6.7759 ], [ 22.3593, 6.7623 ], [ 22.3715, 6.7626 ], [ 22.3864, 6.7703 ], [ 22.4017, 6.768 ], [ 22.4102, 6.7446 ], [ 22.4261, 6.743 ], [ 22.4312, 6.7348 ], [ 22.4404, 6.7307 ], [ 22.4538, 6.7335 ], [ 22.4687, 6.7143 ], [ 22.4804, 6.7143 ], [ 22.4972, 6.7076 ], [ 22.5115, 6.706 ], [ 22.5329, 6.6956 ], [ 22.5414, 6.6964 ], [ 22.5649, 6.6766 ], [ 22.59, 6.6733 ], [ 22.6175, 6.6523 ], [ 22.6197, 6.63 ], [ 22.6102, 6.6051 ], [ 22.6141, 6.58 ], [ 22.5946, 6.5613 ], [ 22.5889, 6.5417 ], [ 22.5776, 6.528 ], [ 22.5648, 6.5216 ], [ 22.5404, 6.5167 ], [ 22.5238, 6.4996 ], [ 22.5141, 6.4992 ], [ 22.5076, 6.4935 ], [ 22.5015, 6.4814 ], [ 22.5016, 6.4627 ], [ 22.5086, 6.4512 ], [ 22.5351, 6.4518 ], [ 22.5492, 6.4458 ], [ 22.554, 6.4355 ], [ 22.5534, 6.4166 ], [ 22.5568, 6.4062 ], [ 22.5764, 6.3929 ], [ 22.6085, 6.39 ], [ 22.6246, 6.3749 ], [ 22.648, 6.3739 ], [ 22.6704, 6.3663 ], [ 22.6478, 6.3414 ], [ 22.6368, 6.3431 ], [ 22.6241, 6.3528 ], [ 22.6162, 6.3463 ], [ 22.5918, 6.3397 ], [ 22.5753, 6.3307 ], [ 22.5698, 6.3166 ], [ 22.5594, 6.3126 ], [ 22.5554, 6.3063 ], [ 22.551, 6.2642 ], [ 22.5447, 6.2461 ] ] ] } },
{ "type": "Feature", "properties": { "iso3": "CAF", "unit_id": "68536942B55827773411343", "unit_name": "Birao" }, "geometry": { "type": "Polygon", "coordinates": [ [ [ 21.6686, 9.5311 ], [ 21.6989, 9.5468 ], [ 21.7138, 9.5481 ], [ 21.7305, 9.5407 ], [ 21.746, 9.5387 ], [ 21.782, 9.5574 ], [ 21.7918, 9.5528 ], [ 21.809, 9.5332 ], [ 21.8285, 9.5346 ], [ 21.8342, 9.5386 ], [ 21.8593, 9.5145 ], [ 21.9046, 9.5132 ], [ 21.9263, 9.5003 ], [ 21.9615, 9.494 ], [ 22.0037, 9.4748 ], [ 22.014, 9.4741 ], [ 22.0381, 9.4855 ], [ 22.0894, 9.5261 ], [ 22.1029, 9.533 ], [ 22.1271, 9.535 ], [ 22.1384, 9.5327 ], [ 22.1545, 9.5237 ], [ 22.1625, 9.5031 ], [ 22.1632, 9.4933 ], [ 22.1598, 9.4847 ], [ 22.1618, 9.4768 ], [ 22.167, 9.4703 ], [ 22.1851, 9.4672 ], [ 22.2066, 9.4444 ], [ 22.2119, 9.4412 ], [ 22.2175, 9.442 ], [ 22.2483, 9.4615 ], [ 22.2513, 9.4543 ], [ 22.2445, 9.4396 ], [ 22.2449, 9.424 ], [ 22.2565, 9.4096 ], [ 22.2775, 9.4102 ], [ 22.2906, 9.407 ], [ 22.3267, 9.4316 ], [ 22.3921, 9.4053 ], [ 22.3984, 9.3923 ], [ 22.386, 9.3684 ], [ 22.3877, 9.3624 ], [ 22.4248, 9.3587 ], [ 22.4329, 9.3509 ], [ 22.4471, 9.347 ], [ 22.4602, 9.3388 ], [ 22.4623, 9.3125 ], [ 22.4694, 9.2976 ], [ 22.4702, 9.28 ], [ 22.481, 9.267 ], [ 22.5203, 9.2679 ], [ 22.5324, 9.2654 ], [ 22.5636, 9.2507 ], [ 22.5791, 9.251 ], [ 22.5961, 9.2611 ], [ 22.6234, 9.2664 ], [ 22.6527, 9.2802 ], [ 22.6644, 9.2816 ], [ 22.6942, 9.2652 ], [ 22.7337, 9.2294 ], [ 22.751, 9.2244 ], [ 22.7717, 9.2253 ], [ 22.781, 9.2211 ], [ 22.7984, 9.1993 ], [ 22.8244, 9.1959 ], [ 22.8544, 9.1833 ], [ 22.8799, 9.1816 ], [ 22.9044, 9.1851 ], [ 22.9411, 9.2018 ], [ 22.9579, 9.1793 ], [ 22.9603, 9.1474 ], [ 22.9645, 9.1382 ], [ 23.0058, 9.1213 ], [ 23.0276, 9.103 ], [ 23.049, 9.0913 ], [ 23.0751, 9.0603 ], [ 23.0941, 9.0461 ], [ 23.1227, 9.0367 ], [ 23.1703, 9.0084 ], [ 23.2008, 8.9822 ], [ 23.225, 8.9878 ], [ 23.2694, 8.9917 ], [ 23.2928, 9.003 ], [ 23.3203, 9.0275 ], [ 23.3317, 9.0792 ], [ 23.3392, 9.1422 ], [ 23.3472, 9.1733 ], [ 23.3647, 9.2053 ], [ 23.3825, 9.2228 ], [ 23.4158, 9.2394 ], [ 23.4556, 9.2406 ], [ 23.4697, 9.235 ], [ 23.4578, 9.2203 ], [ 23.4489, 9.18 ], [ 23.4497, 9.1703 ], [ 23.4592, 9.1486 ], [ 23.4763, 9.142 ], [ 23.49, 9.15 ], [ 23.492, 9.1727 ], [ 23.5054, 9.1733 ], [ 23.5095, 9.1799 ], [ 23.5137, 9.1802 ], [ 23.5276, 9.1738 ], [ 23.5398, 9.1744 ], [ 23.5724, 9.1977 ], [ 23.5946, 9.2208 ], [ 23.611, 9.2305 ], [ 23.6142, 9.2374 ], [ 23.6125, 9.2457 ], [ 23.6203, 9.2593 ], [ 23.6325, 9.2715 ], [ 23.6401, 9.2729 ], [ 23.6468, 9.2698 ], [ 23.6512, 9.273 ], [ 23.6553, 9.2857 ], [ 23.6396, 9.3237 ], [ 23.6391, 9.3433 ], [ 23.6463, 9.3805 ], [ 23.6511, 9.3837 ], [ 23.6508, 9.394 ], [ 23.6637, 9.4065 ], [ 23.6774, 9.4387 ], [ 23.6727, 9.4546 ], [ 23.6679, 9.4568 ], [ 23.6517, 9.4524 ], [ 23.6439, 9.4457 ], [ 23.6335, 9.4739 ], [ 23.6414, 9.5157 ], [ 23.6469, 9.5275 ], [ 23.6557, 9.5365 ], [ 23.6526, 9.5401 ], [ 23.6286, 9.5421 ], [ 23.6326, 9.5584 ], [ 23.6502, 9.5721 ], [ 23.6543, 9.5863 ], [ 23.6645, 9.6004 ], [ 23.6679, 9.6181 ], [ 23.6979, 9.6677 ], [ 23.6978, 9.6775 ], [ 23.6682, 9.8915 ], [ 23.4875, 10.1783 ], [ 23.4268, 10.2804 ], [ 23.3445, 10.4061 ], [ 23.3232, 10.4444 ], [ 23.3085, 10.4904 ], [ 23.2962, 10.5076 ], [ 23.2813, 10.5211 ], [ 23.264, 10.5297 ], [ 23.2504, 10.5444 ], [ 23.2244, 10.5628 ], [ 23.2145, 10.5616 ], [ 23.1897, 10.5935 ], [ 23.1595, 10.5971 ], [ 23.1367, 10.6342 ], [ 23.13, 10.6399 ], [ 23.0875, 10.6631 ], [ 23.073, 10.6784 ], [ 23.0074, 10.7161 ], [ 22.9985, 10.7248 ], [ 22.9762, 10.7782 ], [ 22.9215, 10.8463 ], [ 22.9207, 10.8626 ], [ 22.8853, 10.8947 ], [ 22.8772, 10.9174 ], [ 22.8813, 10.9309 ], [ 22.8174, 10.9344 ], [ 22.7757, 10.9453 ], [ 22.7687, 10.9441 ], [ 22.7612, 10.9496 ], [ 22.756, 10.962 ], [ 22.7446, 10.9711 ], [ 22.7343, 10.9745 ], [ 22.7108, 10.9716 ], [ 22.6829, 10.9802 ], [ 22.6558, 10.9795 ], [ 22.6123, 10.997 ], [ 22.5687, 10.9842 ], [ 22.5207, 11.0076 ], [ 22.509, 11.0073 ], [ 22.4972, 11.0031 ], [ 22.494, 10.9973 ], [ 22.477, 11.0006 ], [ 22.4686, 10.9992 ], [ 22.4566, 10.9879 ], [ 22.4428, 10.9885 ], [ 22.4243, 10.9707 ], [ 22.4024, 10.9707 ], [ 22.3843, 10.9619 ], [ 22.3766, 10.9694 ], [ 22.3702, 10.9584 ], [ 22.3269, 10.9558 ], [ 22.313, 10.9442 ], [ 22.2898, 10.9314 ], [ 22.2656, 10.923 ], [ 22.2453, 10.9255 ], [ 22.2363, 10.9176 ], [ 22.2224, 10.9128 ], [ 22.1955, 10.9085 ], [ 22.1828, 10.9001 ], [ 22.1747, 10.8838 ], [ 22.1587, 10.8807 ], [ 22.1518, 10.876 ], [ 22.1168, 10.883 ], [ 22.105, 10.8807 ], [ 22.0816, 10.895 ], [ 22.0742, 10.8958 ], [ 22.06, 10.8886 ], [ 22.0486, 10.8892 ], [ 22.0361, 10.8831 ], [ 22.0165, 10.885 ], [ 22.0017, 10.8734 ], [ 21.9894, 10.8738 ], [ 21.9825, 10.8636 ], [ 21.9622, 10.8713 ], [ 21.9635, 10.8603 ], [ 21.9602, 10.8582 ], [ 21.9528, 10.8572 ], [ 21.9445, 10.8691 ], [ 21.9415, 10.8693 ], [ 21.943, 10.8557 ], [ 21.94, 10.8523 ], [ 21.934, 10.8534 ], [ 21.921, 10.8719 ], [ 21.9126, 10.8725 ], [ 21.9085, 10.866 ], [ 21.8992, 10.8627 ], [ 21.8873, 10.8702 ], [ 21.8808, 10.8699 ], [ 21.8652, 10.8466 ], [ 21.8566, 10.8447 ], [ 21.8444, 10.8475 ], [ 21.8417, 10.8377 ], [ 21.8326, 10.8395 ], [ 21.8193, 10.8244 ], [ 21.8141, 10.8103 ], [ 21.7885, 10.7946 ], [ 21.7908, 10.7767 ], [ 21.7843, 10.752 ], [ 21.7897, 10.7319 ], [ 21.7863, 10.7222 ], [ 21.7868, 10.7082 ], [ 21.7832, 10.7034 ], [ 21.7888, 10.6947 ], [ 21.7886, 10.6694 ], [ 21.7808, 10.6592 ], [ 21.7704, 10.6538 ], [ 21.7586, 10.6422 ], [ 21.7488, 10.6456 ], [ 21.7406, 10.6559 ], [ 21.7336, 10.654 ], [ 21.7333, 10.6117 ], [ 21.7269, 10.5971 ], [ 21.7329, 10.5542 ], [ 21.7298, 10.5392 ], [ 21.7213, 10.5288 ], [ 21.7175, 10.5079 ], [ 21.7327, 10.4779 ], [ 21.7509, 10.4639 ], [ 21.7515, 10.4526 ], [ 21.7585, 10.4439 ], [ 21.7541, 10.4269 ], [ 21.7581, 10.4203 ], [ 21.7704, 10.4179 ], [ 21.771, 10.4117 ], [ 21.7666, 10.404 ], [ 21.7429, 10.3817 ], [ 21.7408, 10.3543 ], [ 21.728, 10.3567 ], [ 21.7231, 10.3471 ], [ 21.7296, 10.3301 ], [ 21.7374, 10.3202 ], [ 21.734, 10.3181 ], [ 21.7283, 10.3018 ], [ 21.7195, 10.2957 ], [ 21.7055, 10.2763 ], [ 21.6765, 10.2781 ], [ 21.6756, 10.2712 ], [ 21.6826, 10.2644 ], [ 21.6753, 10.259 ], [ 21.6637, 10.2571 ], [ 21.6607, 10.2531 ], [ 21.6686, 10.2482 ], [ 21.6757, 10.2376 ], [ 21.6683, 10.2318 ], [ 21.6495, 10.2339 ], [ 21.6368, 10.2267 ], [ 21.6224, 10.2314 ], [ 21.6109, 10.2182 ], [ 21.5887, 10.2113 ], [ 21.5791, 10.2152 ], [ 21.5613, 10.2104 ], [ 21.5538, 10.2142 ], [ 21.5439, 10.2279 ], [ 21.5367, 10.2269 ], [ 21.5229, 10.2155 ], [ 21.5101, 10.1898 ], [ 21.4938, 10.187 ], [ 21.4876, 10.1646 ], [ 21.4811, 10.1634 ], [ 21.4681, 10.1522 ], [ 21.4717, 10.1437 ], [ 21.469, 10.1361 ], [ 21.4621, 10.1285 ], [ 21.4501, 10.1237 ], [ 21.4483, 10.1186 ], [ 21.4547, 10.1068 ], [ 21.4534, 10.0831 ], [ 21.4414, 10.0809 ], [ 21.4378, 10.0732 ], [ 21.4375, 10.0593 ], [ 21.432, 10.0487 ], [ 21.4204, 10.0502 ], [ 21.4078, 10.0411 ], [ 21.4036, 10.0344 ], [ 21.4045, 10.0213 ], [ 21.396, 10.013 ], [ 21.3938, 10.0012 ], [ 21.3851, 9.9917 ], [ 21.3733, 9.9838 ], [ 21.3624, 9.989 ], [ 21.3547, 9.9703 ], [ 21.3406, 9.9637 ], [ 21.3301, 9.9719 ], [ 21.3208, 9.9722 ], [ 21.317, 9.9853 ], [ 21.3095, 9.99 ], [ 21.3048, 9.9734 ], [ 21.2979, 9.9681 ], [ 21.2826, 9.9856 ], [ 21.2628, 9.9937 ], [ 21.254, 9.9904 ], [ 21.2493, 9.9749 ], [ 21.2425, 9.9654 ], [ 21.234, 9.9578 ], [ 21.2148, 9.9513 ], [ 21.2118, 9.9357 ], [ 21.2028, 9.9308 ], [ 21.2007, 9.9264 ], [ 21.2044, 9.9087 ], [ 21.199, 9.8953 ], [ 21.1901, 9.89 ], [ 21.1838, 9.8918 ], [ 21.1331, 9.8479 ], [ 21.1174, 9.8187 ], [ 21.1181, 9.8013 ], [ 21.1153, 9.7919 ], [ 21.0925, 9.7768 ], [ 21.0742, 9.7786 ], [ 21.0632, 9.7654 ], [ 21.0392, 9.7766 ], [ 21.0305, 9.774 ], [ 21.0254, 9.7693 ], [ 21.0248, 9.7585 ], [ 21.0385, 9.7375 ], [ 21.0305, 9.7285 ], [ 21.0103, 9.7322 ], [ 20.995, 9.747 ], [ 20.9915, 9.7349 ], [ 20.993, 9.7271 ], [ 21.0044, 9.7057 ], [ 21.0019, 9.702 ], [ 20.9808, 9.7013 ], [ 20.9722, 9.706 ], [ 20.9678, 9.7023 ], [ 20.9697, 9.6977 ], [ 20.9876, 9.694 ], [ 20.9986, 9.6849 ], [ 20.9815, 9.6654 ], [ 20.981, 9.6611 ], [ 20.9936, 9.6548 ], [ 20.9962, 9.6502 ], [ 20.9937, 9.6456 ], [ 20.9824, 9.6445 ], [ 20.9752, 9.6479 ], [ 20.9703, 9.6472 ], [ 20.9671, 9.6425 ], [ 20.9719, 9.6357 ], [ 20.9874, 9.6343 ], [ 20.9907, 9.6267 ], [ 20.988, 9.6207 ], [ 20.9783, 9.6171 ], [ 20.9609, 9.6192 ], [ 20.9515, 9.6164 ], [ 20.9553, 9.5868 ], [ 20.9516, 9.5679 ], [ 20.9442, 9.5634 ], [ 20.9367, 9.5707 ], [ 20.9275, 9.5711 ], [ 20.9244, 9.5538 ], [ 20.9194, 9.545 ], [ 20.9219, 9.5333 ], [ 20.9153, 9.5254 ], [ 20.8993, 9.528 ], [ 20.8746, 9.5233 ], [ 20.8765, 9.5151 ], [ 20.864, 9.4989 ], [ 20.8664, 9.4874 ], [ 20.8554, 9.4824 ], [ 20.8496, 9.4856 ], [ 20.8447, 9.4844 ], [ 20.8269, 9.4628 ], [ 20.8248, 9.4511 ], [ 20.8273, 9.4304 ], [ 20.8204, 9.4287 ], [ 20.8228, 9.414 ], [ 20.828, 9.4043 ], [ 20.8449, 9.3837 ], [ 20.8631, 9.3856 ], [ 20.8889, 9.3764 ], [ 20.8969, 9.3822 ], [ 20.9094, 9.405 ], [ 20.9175, 9.4105 ], [ 20.9283, 9.4281 ], [ 20.9358, 9.4344 ], [ 20.9639, 9.4472 ], [ 20.9817, 9.443 ], [ 21.0064, 9.4594 ], [ 21.015, 9.4725 ], [ 21.0219, 9.4939 ], [ 21.0453, 9.5264 ], [ 21.0619, 9.5303 ], [ 21.1047, 9.5558 ], [ 21.1233, 9.5525 ], [ 21.1419, 9.5542 ], [ 21.1692, 9.5678 ], [ 21.1917, 9.5631 ], [ 21.2094, 9.565 ], [ 21.2589, 9.5833 ], [ 21.2642, 9.5922 ], [ 21.2953, 9.6164 ], [ 21.3061, 9.6481 ], [ 21.3119, 9.6569 ], [ 21.3386, 9.6711 ], [ 21.3553, 9.6961 ], [ 21.3755, 9.7031 ], [ 21.3858, 9.7136 ], [ 21.4086, 9.7175 ], [ 21.4192, 9.728 ], [ 21.4283, 9.7322 ], [ 21.4375, 9.7442 ], [ 21.4478, 9.7697 ], [ 21.4564, 9.7747 ], [ 21.4783, 9.7692 ], [ 21.4972, 9.7689 ], [ 21.5103, 9.7308 ], [ 21.5039, 9.7011 ], [ 21.5178, 9.6542 ], [ 21.5192, 9.6089 ], [ 21.5219, 9.6014 ], [ 21.5358, 9.5897 ], [ 21.5419, 9.5881 ], [ 21.5767, 9.5953 ], [ 21.6156, 9.5964 ], [ 21.6414, 9.5519 ], [ 21.6686, 9.5311 ] ] ] } },
{ "type": "Feature", "properties": { "iso3": "CAF", "unit_id": "68536942B86166257813359", "unit_name": "Ouanda-Djallé" }, "geometry": { "type": "Polygon", "coordinates": [ [ [ 22.3911, 8.5917 ], [ 22.4122, 8.5922 ], [ 22.4347, 8.6 ], [ 22.4492, 8.5989 ], [ 22.4828, 8.5825 ], [ 22.5067, 8.5825 ], [ 22.5219, 8.5861 ], [ 22.5322, 8.5914 ], [ 22.5811, 8.6455 ], [ 22.6442, 8.6881 ], [ 22.6714, 8.7 ], [ 22.815, 8.7011 ], [ 22.8336, 8.7128 ], [ 22.9383, 8.7514 ], [ 22.9636, 8.7531 ], [ 23.0086, 8.7625 ], [ 23.038, 8.7517 ], [ 23.0569, 8.7539 ], [ 23.0725, 8.7672 ], [ 23.0803, 8.7878 ], [ 23.0769, 8.8375 ], [ 23.0803, 8.8808 ], [ 23.0869, 8.8955 ], [ 23.1022, 8.9119 ], [ 23.1747, 8.9608 ], [ 23.2008, 8.9822 ], [ 23.1703, 9.0084 ], [ 23.1227, 9.0367 ], [ 23.0941, 9.0461 ], [ 23.0751, 9.0603 ], [ 23.049, 9.0913 ], [ 23.0276, 9.103 ], [ 23.0058, 9.1213 ], [ 22.9645, 9.1382 ], [ 22.9603, 9.1474 ], [ 22.9579, 9.1793 ], [ 22.9411, 9.2018 ], [ 22.9044, 9.1851 ], [ 22.8799, 9.1816 ], [ 22.8544, 9.1833 ], [ 22.8244, 9.1959 ], [ 22.7984, 9.1993 ], [ 22.781, 9.2211 ], [ 22.7717, 9.2253 ], [ 22.751, 9.2244 ], [ 22.7337, 9.2294 ], [ 22.6942, 9.2652 ], [ 22.6644, 9.2816 ], [ 22.6527, 9.2802 ], [ 22.6234, 9.2664 ], [ 22.5961, 9.2611 ], [ 22.5791, 9.251 ], [ 22.5636, 9.2507 ], [ 22.5324, 9.2654 ], [ 22.5203, 9.2679 ], [ 22.481, 9.267 ], [ 22.4702, 9.28 ], [ 22.4694, 9.2976 ], [ 22.4623, 9.3125 ], [ 22.4602, 9.3388 ], [ 22.4471, 9.347 ], [ 22.4329, 9.3509 ], [ 22.4248, 9.3587 ], [ 22.3877, 9.3624 ], [ 22.386, 9.3684 ], [ 22.3984, 9.3923 ], [ 22.3921, 9.4053 ], [ 22.3267, 9.4316 ], [ 22.2906, 9.407 ], [ 22.2775, 9.4102 ], [ 22.2565, 9.4096 ], [ 22.2449, 9.424 ], [ 22.2445, 9.4396 ], [ 22.2513, 9.4543 ], [ 22.2483, 9.4615 ], [ 22.2175, 9.442 ], [ 22.2119, 9.4412 ], [ 22.2066, 9.4444 ], [ 22.1851, 9.4672 ], [ 22.167, 9.4703 ], [ 22.1618, 9.4768 ], [ 22.1598, 9.4847 ], [ 22.1632, 9.4933 ], [ 22.1625, 9.5031 ], [ 22.1545, 9.5237 ], [ 22.1384, 9.5327 ], [ 22.1271, 9.535 ], [ 22.1029, 9.533 ], [ 22.0894, 9.5261 ], [ 22.0381, 9.4855 ], [ 22.014, 9.4741 ], [ 22.0037, 9.4748 ], [ 21.9615, 9.494 ], [ 21.9263, 9.5003 ], [ 21.9046, 9.5132 ], [ 21.8593, 9.5145 ], [ 21.8342, 9.5386 ], [ 21.8285, 9.5346 ], [ 21.809, 9.5332 ], [ 21.7918, 9.5528 ], [ 21.782, 9.5574 ], [ 21.746, 9.5387 ], [ 21.7305, 9.5407 ], [ 21.7138, 9.5481 ], [ 21.6989, 9.5468 ], [ 21.6686, 9.5311 ], [ 21.7064, 9.4961 ], [ 21.7128, 9.4619 ], [ 21.7205, 9.45 ], [ 21.7772, 9.405 ], [ 21.79, 9.3394 ], [ 21.7925, 9.3014 ], [ 21.8189, 9.2756 ], [ 21.8256, 9.2622 ], [ 21.85, 9.1819 ], [ 21.9011, 9.1572 ], [ 21.92, 9.1344 ], [ 21.9317, 9.1105 ], [ 21.9517, 9.0975 ], [ 21.9881, 9.0808 ], [ 21.9989, 9.0705 ], [ 22.0067, 9.0583 ], [ 22.0147, 9.0125 ], [ 22.0194, 9.0069 ], [ 22.0736, 8.9833 ], [ 22.0894, 8.97 ], [ 22.0894, 8.9597 ], [ 22.0819, 8.9361 ], [ 22.0869, 8.9111 ], [ 22.0972, 8.8839 ], [ 22.1225, 8.7636 ], [ 22.1383, 8.7481 ], [ 22.165, 8.7386 ], [ 22.1881, 8.7258 ], [ 22.2108, 8.7019 ], [ 22.2819, 8.6814 ], [ 22.3064, 8.6794 ], [ 22.3258, 8.6817 ], [ 22.3683, 8.6742 ], [ 22.3797, 8.6669 ], [ 22.3933, 8.6508 ], [ 22.395, 8.6278 ], [ 22.3911, 8.5917 ] ] ] } },
{ "type": "Feature", "properties": { "iso3": "CAF", "unit_id": "68536942B13071956819036", "unit_name": "Mobaye" }, "geometry": { "type": "Polygon", "coordinates": [ [ [ 21.3688, 4.2815 ], [ 21.3933, 4.316 ], [ 21.399, 4.3386 ], [ 21.431, 4.3692 ], [ 21.4428, 4.3889 ], [ 21.4419, 4.4137 ], [ 21.4356, 4.4282 ], [ 21.4395, 4.4503 ], [ 21.4349, 4.4629 ], [ 21.425, 4.4776 ], [ 21.4126, 4.4826 ], [ 21.3938, 4.4836 ], [ 21.3612, 4.508 ], [ 21.3548, 4.5078 ], [ 21.345, 4.5021 ], [ 21.3279, 4.5349 ], [ 21.3268, 4.5486 ], [ 21.3308, 4.5601 ], [ 21.3214, 4.5653 ], [ 21.3149, 4.5747 ], [ 21.3129, 4.6077 ], [ 21.2941, 4.6616 ], [ 21.2928, 4.6752 ], [ 21.2863, 4.6779 ], [ 21.2851, 4.6744 ], [ 21.268, 4.7029 ], [ 21.2553, 4.7021 ], [ 21.253, 4.7176 ], [ 21.2397, 4.7284 ], [ 21.2391, 4.7318 ], [ 21.2281, 4.7349 ], [ 21.2222, 4.7428 ], [ 21.2099, 4.7347 ], [ 21.2026, 4.7357 ], [ 21.2005, 4.7446 ], [ 21.2032, 4.7529 ], [ 21.1978, 4.7562 ], [ 21.1947, 4.7677 ], [ 21.1802, 4.7751 ], [ 21.1679, 4.7667 ], [ 21.1579, 4.7524 ], [ 21.1498, 4.7533 ], [ 21.1531, 4.7361 ], [ 21.1475, 4.7275 ], [ 21.1338, 4.7223 ], [ 21.1351, 4.7073 ], [ 21.1168, 4.7033 ], [ 21.1169, 4.6933 ], [ 21.1215, 4.6823 ], [ 21.1142, 4.6741 ], [ 21.113, 4.6619 ], [ 21.1023, 4.6553 ], [ 21.0974, 4.658 ], [ 21.0985, 4.6643 ], [ 21.0944, 4.6622 ], [ 21.0859, 4.6431 ], [ 21.0677, 4.6305 ], [ 21.0654, 4.6196 ], [ 21.0565, 4.6202 ], [ 21.0516, 4.6162 ], [ 21.0517, 4.5995 ], [ 21.0587, 4.5897 ], [ 21.068, 4.5842 ], [ 21.0708, 4.5757 ], [ 21.0655, 4.5815 ], [ 21.0603, 4.581 ], [ 21.0528, 4.5721 ], [ 21.0579, 4.5579 ], [ 21.0444, 4.5356 ], [ 21.0531, 4.5295 ], [ 21.0535, 4.5253 ], [ 21.042, 4.5202 ], [ 21.0373, 4.5074 ], [ 21.0214, 4.492 ], [ 21.0048, 4.4836 ], [ 21.004, 4.4586 ], [ 21.0085, 4.449 ], [ 21.0167, 4.4411 ], [ 21.0196, 4.425 ], [ 21.0102, 4.4255 ], [ 20.9928, 4.4196 ], [ 21.0201, 4.4021 ], [ 21.0559, 4.4002 ], [ 21.0738, 4.3927 ], [ 21.1001, 4.3722 ], [ 21.118, 4.3358 ], [ 21.1566, 4.3181 ], [ 21.1754, 4.3023 ], [ 21.1917, 4.3044 ], [ 21.2113, 4.287 ], [ 21.2193, 4.2866 ], [ 21.2369, 4.2954 ], [ 21.2505, 4.3293 ], [ 21.2822, 4.3379 ], [ 21.2891, 4.3345 ], [ 21.3001, 4.3205 ], [ 21.3275, 4.2978 ], [ 21.3688, 4.2815 ] ] ] } },
{ "type": "Feature", "properties": { "iso3": "CAF", "unit_id": "68536942B9480891654336", "unit_name": "Alindao" }, "geometry": { "type": "Polygon", "coordinates": [ [ [ 20.9533, 5.3808 ], [ 20.9639, 5.3147 ], [ 20.9605, 5.2947 ], [ 20.9603, 5.2458 ], [ 20.9542, 5.2139 ], [ 20.9408, 5.185 ], [ 20.9161, 5.163 ], [ 20.9031, 5.1361 ], [ 20.9005, 5.1214 ], [ 20.9058, 5.0994 ], [ 20.9364, 5.0419 ], [ 20.9386, 5.0217 ], [ 20.9346, 5.0122 ], [ 20.9502, 4.985 ], [ 20.944, 4.9716 ], [ 20.9432, 4.9566 ], [ 20.9525, 4.9404 ], [ 20.9616, 4.9339 ], [ 20.9523, 4.9144 ], [ 20.9513, 4.9051 ], [ 20.9594, 4.9029 ], [ 20.9677, 4.9053 ], [ 20.9748, 4.9022 ], [ 20.9826, 4.883 ], [ 20.9993, 4.8712 ], [ 21.0048, 4.843 ], [ 21.0125, 4.8392 ], [ 21.0261, 4.8203 ], [ 21.0606, 4.8052 ], [ 21.0721, 4.7917 ], [ 21.0735, 4.7828 ], [ 21.0664, 4.7703 ], [ 21.047, 4.7545 ], [ 21.0333, 4.7321 ], [ 21.0394, 4.6991 ], [ 21.0756, 4.6928 ], [ 21.0875, 4.6745 ], [ 21.0985, 4.6643 ], [ 21.0974, 4.658 ], [ 21.1023, 4.6553 ], [ 21.113, 4.6619 ], [ 21.1142, 4.6741 ], [ 21.1215, 4.6823 ], [ 21.1169, 4.6933 ], [ 21.1168, 4.7033 ], [ 21.1351, 4.7073 ], [ 21.1338, 4.7223 ], [ 21.1475, 4.7275 ], [ 21.1531, 4.7361 ], [ 21.1498, 4.7533 ], [ 21.1579, 4.7524 ], [ 21.1679, 4.7667 ], [ 21.1802, 4.7751 ], [ 21.1947, 4.7677 ], [ 21.1978, 4.7562 ], [ 21.2032, 4.7529 ], [ 21.2005, 4.7446 ], [ 21.2026, 4.7357 ], [ 21.2099, 4.7347 ], [ 21.2222, 4.7428 ], [ 21.2281, 4.7349 ], [ 21.2391, 4.7318 ], [ 21.2397, 4.7284 ], [ 21.253, 4.7176 ], [ 21.2553, 4.7021 ], [ 21.268, 4.7029 ], [ 21.2851, 4.6744 ], [ 21.2863, 4.6779 ], [ 21.2928, 4.6752 ], [ 21.2908, 4.6809 ], [ 21.3011, 4.6897 ], [ 21.3234, 4.695 ], [ 21.3332, 4.7006 ], [ 21.355, 4.703 ], [ 21.3684, 4.6998 ], [ 21.3917, 4.7037 ], [ 21.3991, 4.6997 ], [ 21.4189, 4.7068 ], [ 21.4225, 4.7045 ], [ 21.4499, 4.7054 ], [ 21.4594, 4.765 ], [ 21.477, 4.7788 ], [ 21.4868, 4.7789 ], [ 21.494, 4.7848 ], [ 21.5158, 4.7914 ], [ 21.5362, 4.7904 ], [ 21.5355, 4.7866 ], [ 21.5472, 4.8303 ], [ 21.5355, 4.8503 ], [ 21.5139, 4.8734 ], [ 21.5061, 4.8947 ], [ 21.4969, 4.9065 ], [ 21.493, 4.9896 ], [ 21.4965, 4.9979 ], [ 21.4958, 5.0393 ], [ 21.5013, 5.0698 ], [ 21.5002, 5.0814 ], [ 21.4743, 5.1054 ], [ 21.4588, 5.1116 ], [ 21.4317, 5.0934 ], [ 21.4168, 5.1096 ], [ 21.3917, 5.124 ], [ 21.3379, 5.1676 ], [ 21.3087, 5.1774 ], [ 21.2807, 5.2092 ], [ 21.2667, 5.2069 ], [ 21.2403, 5.1804 ], [ 21.2188, 5.1638 ], [ 21.1969, 5.1311 ], [ 21.194, 5.1413 ], [ 21.1957, 5.2731 ], [ 21.1997, 5.2854 ], [ 21.2261, 5.3025 ], [ 21.2395, 5.3254 ], [ 21.2484, 5.3334 ], [ 21.2491, 5.3584 ], [ 21.2447, 5.3738 ], [ 21.2472, 5.3874 ], [ 21.2439, 5.4016 ], [ 21.2477, 5.4134 ], [ 21.2643, 5.4441 ], [ 21.281, 5.4617 ], [ 21.2923, 5.4681 ], [ 21.3107, 5.4989 ], [ 21.341, 5.5391 ], [ 21.3623, 5.5436 ], [ 21.3753, 5.555 ], [ 21.3838, 5.5561 ], [ 21.3966, 5.5651 ], [ 21.4176, 5.5739 ], [ 21.4314, 5.5861 ], [ 21.4374, 5.6068 ], [ 21.4447, 5.6911 ], [ 21.4178, 5.6964 ], [ 21.4105, 5.7055 ], [ 21.4022, 5.7261 ], [ 21.3944, 5.7314 ], [ 21.3694, 5.6914 ], [ 21.3642, 5.6894 ], [ 21.3586, 5.6917 ], [ 21.35, 5.7094 ], [ 21.3378, 5.7161 ], [ 21.3208, 5.7047 ], [ 21.2955, 5.6733 ], [ 21.2775, 5.6667 ], [ 21.2444, 5.6472 ], [ 21.2286, 5.6467 ], [ 21.1933, 5.6686 ], [ 21.1797, 5.6719 ], [ 21.1639, 5.6564 ], [ 21.1344, 5.6497 ], [ 21.1203, 5.6542 ], [ 21.1022, 5.6883 ], [ 21.0811, 5.7089 ], [ 21.0647, 5.7164 ], [ 21.045, 5.7194 ], [ 21.0347, 5.7161 ], [ 21.03, 5.7064 ], [ 21.03, 5.6944 ], [ 21.0331, 5.6867 ], [ 21.0575, 5.6572 ], [ 21.058, 5.6506 ], [ 21.0528, 5.6333 ], [ 21.0208, 5.6 ], [ 21.028, 5.5667 ], [ 21.0264, 5.5519 ], [ 21.0161, 5.5439 ], [ 20.9972, 5.5369 ], [ 20.9586, 5.535 ], [ 20.9433, 5.5297 ], [ 20.9392, 5.5236 ], [ 20.9389, 5.5125 ], [ 20.9456, 5.5028 ], [ 20.9792, 5.4875 ], [ 20.983, 5.4744 ], [ 20.9822, 5.4464 ], [ 20.9892, 5.4242 ], [ 20.9883, 5.4172 ], [ 20.9586, 5.3925 ], [ 20.9533, 5.3808 ] ] ] } },
{ "type": "Feature", "properties": { "iso3": "CAF", "unit_id": "68536942B23798953954730", "unit_name": "Kembé" }, "geometry": { "type": "Polygon", "coordinates": [ [ [ 21.3688, 4.2815 ], [ 21.4678, 4.2922 ], [ 21.4905, 4.2978 ], [ 21.5312, 4.287 ], [ 21.5453, 4.2991 ], [ 21.5691, 4.2935 ], [ 21.5838, 4.3088 ], [ 21.5981, 4.3574 ], [ 21.6078, 4.37 ], [ 21.685, 4.3885 ], [ 21.7402, 4.3905 ], [ 21.7622, 4.3799 ], [ 21.7766, 4.3657 ], [ 21.7957, 4.3634 ], [ 21.7829, 4.3949 ], [ 21.7811, 4.4084 ], [ 21.7842, 4.4296 ], [ 21.7684, 4.4532 ], [ 21.7782, 4.465 ], [ 21.783, 4.4688 ], [ 21.7975, 4.4693 ], [ 21.8107, 4.4755 ], [ 21.8214, 4.4928 ], [ 21.8314, 4.4879 ], [ 21.8609, 4.4866 ], [ 21.8812, 4.4905 ], [ 21.898, 4.4976 ], [ 21.9221, 4.492 ], [ 21.9473, 4.5062 ], [ 21.949, 4.5123 ], [ 21.94, 4.5361 ], [ 21.9542, 4.5558 ], [ 21.9553, 4.5653 ], [ 21.925, 4.5892 ], [ 21.9128, 4.6036 ], [ 21.9081, 4.6194 ], [ 21.9169, 4.6361 ], [ 21.9142, 4.6403 ], [ 21.908, 4.6411 ], [ 21.8878, 4.6344 ], [ 21.8811, 4.6408 ], [ 21.8803, 4.6539 ], [ 21.8769, 4.6572 ], [ 21.8564, 4.6517 ], [ 21.8403, 4.6558 ], [ 21.83, 4.6658 ], [ 21.8192, 4.685 ], [ 21.8139, 4.6864 ], [ 21.7989, 4.6808 ], [ 21.7908, 4.6931 ], [ 21.7855, 4.693 ], [ 21.7797, 4.685 ], [ 21.7603, 4.6897 ], [ 21.7433, 4.6878 ], [ 21.7353, 4.6745 ], [ 21.7227, 4.6671 ], [ 21.7039, 4.6703 ], [ 21.6815, 4.684 ], [ 21.6681, 4.6844 ], [ 21.6472, 4.6909 ], [ 21.6228, 4.7124 ], [ 21.6011, 4.7176 ], [ 21.5626, 4.7378 ], [ 21.571, 4.7504 ], [ 21.5653, 4.7521 ], [ 21.5655, 4.7609 ], [ 21.5388, 4.7731 ], [ 21.5339, 4.7807 ], [ 21.5362, 4.7904 ], [ 21.5301, 4.7889 ], [ 21.5244, 4.7915 ], [ 21.494, 4.7848 ], [ 21.4868, 4.7789 ], [ 21.477, 4.7788 ], [ 21.4594, 4.765 ], [ 21.4499, 4.7054 ], [ 21.4225, 4.7045 ], [ 21.4189, 4.7068 ], [ 21.3991, 4.6997 ], [ 21.3917, 4.7037 ], [ 21.3684, 4.6998 ], [ 21.355, 4.703 ], [ 21.3332, 4.7006 ], [ 21.3234, 4.695 ], [ 21.3011, 4.6897 ], [ 21.2908, 4.6809 ], [ 21.2941, 4.6616 ], [ 21.3129, 4.6077 ], [ 21.3149, 4.5747 ], [ 21.3214, 4.5653 ], [ 21.3308, 4.5601 ], [ 21.3268, 4.5486 ], [ 21.3279, 4.5349 ], [ 21.345, 4.5021 ], [ 21.3548, 4.5078 ], [ 21.3612, 4.508 ], [ 21.3938, 4.4836 ], [ 21.4126, 4.4826 ], [ 21.425, 4.4776 ], [ 21.4395, 4.4503 ], [ 21.4356, 4.4282 ], [ 21.4419, 4.4137 ], [ 21.4428, 4.3889 ], [ 21.431, 4.3692 ], [ 21.399, 4.3386 ], [ 21.3933, 4.316 ], [ 21.3688, 4.2815 ] ] ] } },
{ "type": "Feature", "properties": { "iso3": "CAF", "unit_id": "68536942B80199407049487", "unit_name": "Mingala" }, "geometry": { "type": "Polygon", "coordinates": [ [ [ 21.4447, 5.6911 ], [ 21.4374, 5.6068 ], [ 21.4314, 5.5861 ], [ 21.4176, 5.5739 ], [ 21.3966, 5.5651 ], [ 21.3838, 5.5561 ], [ 21.3753, 5.555 ], [ 21.3623, 5.5436 ], [ 21.341, 5.5391 ], [ 21.3107, 5.4989 ], [ 21.2923, 5.4681 ], [ 21.281, 5.4617 ], [ 21.2643, 5.4441 ], [ 21.2477, 5.4134 ], [ 21.2439, 5.4016 ], [ 21.2472, 5.3874 ], [ 21.2447, 5.3738 ], [ 21.2491, 5.3584 ], [ 21.2484, 5.3334 ], [ 21.2395, 5.3254 ], [ 21.2261, 5.3025 ], [ 21.1997, 5.2854 ], [ 21.1957, 5.2731 ], [ 21.194, 5.1413 ], [ 21.1969, 5.1311 ], [ 21.2188, 5.1638 ], [ 21.2403, 5.1804 ], [ 21.2667, 5.2069 ], [ 21.2758, 5.21 ], [ 21.2844, 5.2058 ], [ 21.3087, 5.1774 ], [ 21.3379, 5.1676 ], [ 21.3917, 5.124 ], [ 21.4168, 5.1096 ], [ 21.4317, 5.0934 ], [ 21.4588, 5.1116 ], [ 21.4743, 5.1054 ], [ 21.4875, 5.0948 ], [ 21.5002, 5.0814 ], [ 21.5013, 5.0698 ], [ 21.4958, 5.0393 ], [ 21.4965, 4.9979 ], [ 21.493, 4.9896 ], [ 21.4969, 4.9065 ], [ 21.5061, 4.8947 ], [ 21.5139, 4.8734 ], [ 21.5355, 4.8503 ], [ 21.5472, 4.8303 ], [ 21.5339, 4.7807 ], [ 21.545, 4.7686 ], [ 21.5655, 4.7609 ], [ 21.5653, 4.7521 ], [ 21.571, 4.7504 ], [ 21.5626, 4.7378 ], [ 21.5705, 4.733 ], [ 21.6011, 4.7176 ], [ 21.6228, 4.7124 ], [ 21.6472, 4.6909 ], [ 21.6681, 4.6844 ], [ 21.6815, 4.684 ], [ 21.7039, 4.6703 ], [ 21.7227, 4.6671 ], [ 21.7353, 4.6745 ], [ 21.7433, 4.6878 ], [ 21.7372, 4.7086 ], [ 21.74, 4.7197 ], [ 21.7486, 4.7311 ], [ 21.7453, 4.7481 ], [ 21.7467, 4.7667 ], [ 21.7536, 4.7872 ], [ 21.7705, 4.8106 ], [ 21.7697, 4.8408 ], [ 21.7767, 4.8747 ], [ 21.7758, 4.9172 ], [ 21.7814, 4.9322 ], [ 21.7983, 4.9558 ], [ 21.8253, 4.9828 ], [ 21.8314, 4.9969 ], [ 21.8289, 5.0214 ], [ 21.8214, 5.0411 ], [ 21.8036, 5.0569 ], [ 21.7936, 5.0742 ], [ 21.7917, 5.0853 ], [ 21.7948, 5.0956 ], [ 21.813, 5.104 ], [ 21.8261, 5.1183 ], [ 21.8586, 5.14 ], [ 21.8761, 5.1628 ], [ 21.8872, 5.1924 ], [ 21.8933, 5.2339 ], [ 21.8911, 5.3167 ], [ 21.9069, 5.3658 ], [ 21.9056, 5.3767 ], [ 21.8967, 5.3881 ], [ 21.8989, 5.4064 ], [ 21.8925, 5.4206 ], [ 21.905, 5.4555 ], [ 21.9047, 5.4619 ], [ 21.9004, 5.4771 ], [ 21.8531, 5.4964 ], [ 21.8211, 5.5147 ], [ 21.8025, 5.5139 ], [ 21.7722, 5.5342 ], [ 21.7517, 5.5417 ], [ 21.6933, 5.5492 ], [ 21.6628, 5.5492 ], [ 21.6403, 5.4856 ], [ 21.6189, 5.4736 ], [ 21.6127, 5.4668 ], [ 21.6008, 5.4678 ], [ 21.5772, 5.463 ], [ 21.5619, 5.4675 ], [ 21.5447, 5.5 ], [ 21.5317, 5.505 ], [ 21.5128, 5.5053 ], [ 21.5125, 5.5197 ], [ 21.5067, 5.5406 ], [ 21.4817, 5.5825 ], [ 21.4894, 5.5986 ], [ 21.4894, 5.6128 ], [ 21.4858, 5.6236 ], [ 21.4822, 5.6322 ], [ 21.4644, 5.6494 ], [ 21.455, 5.68 ], [ 21.4447, 5.6911 ] ] ] } },
{ "type": "Feature", "properties": { "iso3": "CAF", "unit_id": "68536942B35745411810581", "unit_name": "Zangba" }, "geometry": { "type": "Polygon", "coordinates": [ [ [ 20.478, 4.5378 ], [ 20.4541, 4.5178 ], [ 20.4881, 4.482 ], [ 20.5072, 4.4786 ], [ 20.5332, 4.4413 ], [ 20.5549, 4.4394 ], [ 20.5906, 4.4114 ], [ 20.6142, 4.4021 ], [ 20.6236, 4.4011 ], [ 20.6688, 4.4151 ], [ 20.73, 4.4217 ], [ 20.7517, 4.4151 ], [ 20.7969, 4.4133 ], [ 20.8572, 4.4469 ], [ 20.8854, 4.4385 ], [ 20.9127, 4.4403 ], [ 20.9457, 4.4273 ], [ 20.9589, 4.431 ], [ 20.9928, 4.4196 ], [ 21.0102, 4.4255 ], [ 21.0196, 4.425 ], [ 21.0167, 4.4411 ], [ 21.0085, 4.449 ], [ 21.004, 4.4586 ], [ 21.0048, 4.4836 ], [ 21.0214, 4.492 ], [ 21.0373, 4.5074 ], [ 21.042, 4.5202 ], [ 21.0535, 4.5253 ], [ 21.0531, 4.5295 ], [ 21.0444, 4.5356 ], [ 21.0579, 4.5579 ], [ 21.0528, 4.5721 ], [ 21.0603, 4.581 ], [ 21.0655, 4.5815 ], [ 21.0708, 4.5757 ], [ 21.0709, 4.5794 ], [ 21.0517, 4.5995 ], [ 21.0516, 4.6162 ], [ 21.0565, 4.6202 ], [ 21.0654, 4.6196 ], [ 21.0677, 4.6305 ], [ 21.0859, 4.6431 ], [ 21.0912, 4.6579 ], [ 21.0985, 4.6643 ], [ 21.0875, 4.6745 ], [ 21.0756, 4.6928 ], [ 21.0435, 4.6977 ], [ 21.0372, 4.7029 ], [ 21.0333, 4.7321 ], [ 21.047, 4.7545 ], [ 21.0664, 4.7703 ], [ 21.0735, 4.7828 ], [ 21.0721, 4.7917 ], [ 21.0606, 4.8052 ], [ 21.0261, 4.8203 ], [ 21.0125, 4.8392 ], [ 21.0048, 4.843 ], [ 20.9993, 4.8712 ], [ 20.9826, 4.883 ], [ 20.9748, 4.9022 ], [ 20.9677, 4.9053 ], [ 20.9594, 4.9029 ], [ 20.9513, 4.9051 ], [ 20.9523, 4.9144 ], [ 20.9616, 4.9339 ], [ 20.9525, 4.9404 ], [ 20.9432, 4.9566 ], [ 20.944, 4.9716 ], [ 20.9502, 4.985 ], [ 20.9346, 5.0122 ], [ 20.9058, 4.9714 ], [ 20.8961, 4.9528 ], [ 20.8936, 4.9394 ], [ 20.9044, 4.8844 ], [ 20.9078, 4.8508 ], [ 20.9001, 4.848 ], [ 20.8786, 4.8516 ], [ 20.8502, 4.8381 ], [ 20.8425, 4.8382 ], [ 20.8279, 4.8462 ], [ 20.8149, 4.847 ], [ 20.8072, 4.835 ], [ 20.7931, 4.8256 ], [ 20.7717, 4.8012 ], [ 20.7384, 4.7899 ], [ 20.7283, 4.7569 ], [ 20.7111, 4.7514 ], [ 20.6983, 4.7389 ], [ 20.6744, 4.6989 ], [ 20.6583, 4.6792 ], [ 20.5772, 4.593 ], [ 20.532, 4.5628 ], [ 20.478, 4.5378 ] ] ] } },
{ "type": "Feature", "properties": { "iso3": "CAF", "unit_id": "68536942B9618836553831", "unit_name": "Satéma" }, "geometry": { "type": "Polygon", "coordinates": [ [ [ 21.3688, 4.2815 ], [ 21.4278, 4.2607 ], [ 21.4599, 4.2693 ], [ 21.4686, 4.2689 ], [ 21.4953, 4.2579 ], [ 21.5409, 4.2482 ], [ 21.5648, 4.2473 ], [ 21.5835, 4.2591 ], [ 21.5968, 4.2723 ], [ 21.6243, 4.2851 ], [ 21.6506, 4.3091 ], [ 21.6604, 4.3091 ], [ 21.6768, 4.2956 ], [ 21.7345, 4.3039 ], [ 21.752, 4.2931 ], [ 21.761, 4.2772 ], [ 21.7718, 4.2701 ], [ 21.8046, 4.27 ], [ 21.8168, 4.2618 ], [ 21.8301, 4.2588 ], [ 21.8592, 4.24 ], [ 21.8746, 4.241 ], [ 21.9354, 4.2327 ], [ 21.9595, 4.2238 ], [ 21.9932, 4.2404 ], [ 22.0111, 4.237 ], [ 22.0288, 4.2224 ], [ 22.0372, 4.2216 ], [ 22.0383, 4.2597 ], [ 22.0444, 4.2672 ], [ 22.0661, 4.2794 ], [ 22.0744, 4.2914 ], [ 22.0742, 4.3036 ], [ 22.0628, 4.3461 ], [ 22.0639, 4.3583 ], [ 22.0708, 4.3719 ], [ 22.0953, 4.4017 ], [ 22.1, 4.4242 ], [ 22.1136, 4.4375 ], [ 22.1333, 4.4653 ], [ 22.135, 4.4836 ], [ 22.1508, 4.5019 ], [ 22.15, 4.5133 ], [ 22.1386, 4.5289 ], [ 22.1217, 4.5392 ], [ 22.0906, 4.5375 ], [ 22.0756, 4.5431 ], [ 22.0661, 4.5417 ], [ 22.0592, 4.5347 ], [ 22.0417, 4.5375 ], [ 22.0014, 4.5167 ], [ 21.9547, 4.5267 ], [ 21.9458, 4.5226 ], [ 21.949, 4.5123 ], [ 21.9473, 4.5062 ], [ 21.9221, 4.492 ], [ 21.898, 4.4976 ], [ 21.8812, 4.4905 ], [ 21.8609, 4.4866 ], [ 21.8314, 4.4879 ], [ 21.8214, 4.4928 ], [ 21.8107, 4.4755 ], [ 21.7975, 4.4693 ], [ 21.783, 4.4688 ], [ 21.7684, 4.4532 ], [ 21.7842, 4.4296 ], [ 21.7811, 4.4084 ], [ 21.7829, 4.3949 ], [ 21.7957, 4.3634 ], [ 21.7766, 4.3657 ], [ 21.7622, 4.3799 ], [ 21.7402, 4.3905 ], [ 21.685, 4.3885 ], [ 21.6078, 4.37 ], [ 21.5981, 4.3574 ], [ 21.5838, 4.3088 ], [ 21.5691, 4.2935 ], [ 21.5453, 4.2991 ], [ 21.5312, 4.287 ], [ 21.4905, 4.2978 ], [ 21.4678, 4.2922 ], [ 21.3688, 4.2815 ] ] ] } },
{ "type": "Feature", "properties": { "iso3": "CAF", "unit_id": "68536942B2673909905409", "unit_name": "Bangassou" }, "geometry": { "type": "Polygon", "coordinates": [ [ [ 22.7337, 4.556 ], [ 22.7347, 4.6023 ], [ 22.7395, 4.6249 ], [ 22.7624, 4.6507 ], [ 22.7784, 4.6825 ], [ 22.7834, 4.7044 ], [ 22.7905, 4.7145 ], [ 22.8091, 4.7251 ], [ 22.8219, 4.7242 ], [ 22.8286, 4.7213 ], [ 22.8456, 4.7017 ], [ 22.8575, 4.7013 ], [ 22.8701, 4.7131 ], [ 22.8745, 4.7225 ], [ 22.8749, 4.7382 ], [ 22.9008, 4.7534 ], [ 22.9026, 4.7571 ], [ 22.9012, 4.7633 ], [ 22.8886, 4.775 ], [ 22.8877, 4.7844 ], [ 22.8952, 4.807 ], [ 22.9115, 4.8193 ], [ 22.9413, 4.8154 ], [ 22.9617, 4.8364 ], [ 22.9672, 4.8378 ], [ 22.9838, 4.8233 ], [ 23.0128, 4.7534 ], [ 23.0217, 4.7495 ], [ 23.0344, 4.7493 ], [ 23.0422, 4.7405 ], [ 23.058, 4.7339 ], [ 23.0801, 4.7155 ], [ 23.1062, 4.7075 ], [ 23.1133, 4.708 ], [ 23.123, 4.7153 ], [ 23.1429, 4.7234 ], [ 23.1594, 4.7361 ], [ 23.1716, 4.7382 ], [ 23.1831, 4.732 ], [ 23.1955, 4.7201 ], [ 23.2084, 4.6922 ], [ 23.2254, 4.6817 ], [ 23.2382, 4.6683 ], [ 23.2582, 4.6667 ], [ 23.263, 4.6638 ], [ 23.271, 4.6506 ], [ 23.2752, 4.6304 ], [ 23.2805, 4.6256 ], [ 23.2949, 4.6274 ], [ 23.3193, 4.6067 ], [ 23.3312, 4.6022 ], [ 23.3466, 4.6089 ], [ 23.3603, 4.6079 ], [ 23.3714, 4.6024 ], [ 23.3771, 4.5909 ], [ 23.3826, 4.5889 ], [ 23.4209, 4.5889 ], [ 23.4271, 4.5919 ], [ 23.4292, 4.6009 ], [ 23.425, 4.6322 ], [ 23.4259, 4.6446 ], [ 23.4309, 4.6502 ], [ 23.4649, 4.6735 ], [ 23.5007, 4.6733 ], [ 23.5264, 4.6912 ], [ 23.5513, 4.7035 ], [ 23.5756, 4.7286 ], [ 23.5901, 4.7355 ], [ 23.5944, 4.7434 ], [ 23.5947, 4.7631 ], [ 23.6077, 4.7845 ], [ 23.6015, 4.8073 ], [ 23.6177, 4.8302 ], [ 23.6082, 4.8408 ], [ 23.6089, 4.8444 ], [ 23.6201, 4.8518 ], [ 23.6257, 4.8613 ], [ 23.6216, 4.8694 ], [ 23.6382, 4.8905 ], [ 23.6427, 4.9151 ], [ 23.6587, 4.9401 ], [ 23.6628, 4.9619 ], [ 23.6851, 4.9863 ], [ 23.695, 5.0046 ], [ 23.6963, 5.0135 ], [ 23.6924, 5.0266 ], [ 23.699, 5.0554 ], [ 23.709, 5.0723 ], [ 23.7155, 5.0729 ], [ 23.7185, 5.0805 ], [ 23.7428, 5.1086 ], [ 23.743, 5.1176 ], [ 23.7382, 5.1488 ], [ 23.7132, 5.195 ], [ 23.6853, 5.2178 ], [ 23.676, 5.231 ], [ 23.663, 5.2419 ], [ 23.6559, 5.2611 ], [ 23.6356, 5.2783 ], [ 23.6285, 5.2894 ], [ 23.6301, 5.2947 ], [ 23.6264, 5.3019 ], [ 23.6247, 5.3224 ], [ 23.6044, 5.3297 ], [ 23.5825, 5.3566 ], [ 23.7455, 5.5018 ], [ 23.748, 5.5083 ], [ 23.7385, 5.5158 ], [ 23.7342, 5.5613 ], [ 23.7271, 5.583 ], [ 23.7257, 5.6137 ], [ 23.7298, 5.6235 ], [ 23.7277, 5.6368 ], [ 23.7328, 5.6396 ], [ 23.7242, 5.6485 ], [ 23.721, 5.6484 ], [ 23.6978, 5.6677 ], [ 23.6825, 5.6723 ], [ 23.6545, 5.6697 ], [ 23.6452, 5.6737 ], [ 23.6324, 5.6734 ], [ 23.6259, 5.6695 ], [ 23.611, 5.6443 ], [ 23.5696, 5.6371 ], [ 23.5443, 5.6286 ], [ 23.4957, 5.6294 ], [ 23.4617, 5.639 ], [ 23.4343, 5.635 ], [ 23.4198, 5.6156 ], [ 23.3968, 5.6098 ], [ 23.3915, 5.6052 ], [ 23.3815, 5.5925 ], [ 23.3724, 5.57 ], [ 23.3324, 5.5438 ], [ 23.3455, 5.5392 ], [ 23.3502, 5.5314 ], [ 23.3488, 5.5274 ], [ 23.3277, 5.5124 ], [ 23.3274, 5.4926 ], [ 23.3031, 5.4726 ], [ 23.3003, 5.4578 ], [ 23.2881, 5.4426 ], [ 23.2885, 5.4207 ], [ 23.2781, 5.4086 ], [ 23.2789, 5.4045 ], [ 23.292, 5.3959 ], [ 23.2951, 5.3883 ], [ 23.2706, 5.3785 ], [ 23.2383, 5.3602 ], [ 23.2376, 5.3487 ], [ 23.2254, 5.3367 ], [ 23.2285, 5.3267 ], [ 23.2208, 5.3226 ], [ 23.217, 5.3006 ], [ 23.2099, 5.2896 ], [ 23.2145, 5.2736 ], [ 23.2079, 5.2567 ], [ 23.2113, 5.2507 ], [ 23.2039, 5.242 ], [ 23.2032, 5.2284 ], [ 23.1999, 5.2234 ], [ 23.1863, 5.216 ], [ 23.1783, 5.2173 ], [ 23.1772, 5.2401 ], [ 23.1747, 5.2407 ], [ 23.1679, 5.2316 ], [ 23.1686, 5.2152 ], [ 23.1608, 5.2052 ], [ 23.1565, 5.2029 ], [ 23.1402, 5.2121 ], [ 23.1321, 5.2066 ], [ 23.1201, 5.2044 ], [ 23.1163, 5.1954 ], [ 23.108, 5.189 ], [ 23.1189, 5.1779 ], [ 23.1183, 5.1713 ], [ 23.0935, 5.1549 ], [ 23.0897, 5.15 ], [ 23.0896, 5.1359 ], [ 23.0867, 5.1346 ], [ 23.0645, 5.1424 ], [ 23.0574, 5.138 ], [ 23.0535, 5.1287 ], [ 23.0466, 5.128 ], [ 23.043, 5.1204 ], [ 23.0341, 5.1192 ], [ 23.0296, 5.1278 ], [ 23.0276, 5.1456 ], [ 23.0213, 5.1465 ], [ 23.0113, 5.142 ], [ 23.0138, 5.1324 ], [ 23.0111, 5.1265 ], [ 22.9966, 5.1236 ], [ 22.9921, 5.1196 ], [ 22.9908, 5.1143 ], [ 22.9963, 5.107 ], [ 22.9917, 5.0891 ], [ 22.9764, 5.0808 ], [ 22.9734, 5.0718 ], [ 22.9662, 5.0644 ], [ 22.9684, 5.0555 ], [ 22.9655, 5.0478 ], [ 22.9436, 5.0342 ], [ 22.9387, 5.0212 ], [ 22.946, 5.0132 ], [ 22.9412, 5.0155 ], [ 22.9313, 5.0073 ], [ 22.9214, 4.9916 ], [ 22.9182, 4.9756 ], [ 22.8994, 4.9459 ], [ 22.8975, 4.9359 ], [ 22.9027, 4.9224 ], [ 22.9013, 4.9091 ], [ 22.8879, 4.9033 ], [ 22.8835, 4.8938 ], [ 22.8659, 4.8987 ], [ 22.8635, 4.8962 ], [ 22.8622, 4.885 ], [ 22.8561, 4.8737 ], [ 22.8648, 4.8532 ], [ 22.8545, 4.8519 ], [ 22.8502, 4.8488 ], [ 22.85, 4.843 ], [ 22.8398, 4.8462 ], [ 22.8438, 4.8521 ], [ 22.8383, 4.8605 ], [ 22.8235, 4.8699 ], [ 22.7843, 4.8795 ], [ 22.7659, 4.879 ], [ 22.7671, 4.8912 ], [ 22.7582, 4.8973 ], [ 22.753, 4.9058 ], [ 22.7521, 4.9274 ], [ 22.7449, 4.9317 ], [ 22.7384, 4.9457 ], [ 22.7307, 4.9475 ], [ 22.7328, 4.9599 ], [ 22.723, 4.9667 ], [ 22.721, 4.9825 ], [ 22.5863, 4.9807 ], [ 22.5804, 4.9837 ], [ 22.5772, 4.979 ], [ 22.5702, 4.9339 ], [ 22.5587, 4.9013 ], [ 22.5672, 4.8399 ], [ 22.5715, 4.8338 ], [ 22.5841, 4.8264 ], [ 22.6109, 4.8258 ], [ 22.6298, 4.8159 ], [ 22.6344, 4.8043 ], [ 22.6418, 4.798 ], [ 22.6432, 4.7812 ], [ 22.6532, 4.7684 ], [ 22.684, 4.7431 ], [ 22.6855, 4.7346 ], [ 22.6781, 4.7235 ], [ 22.6813, 4.702 ], [ 22.6875, 4.6899 ], [ 22.7, 4.6781 ], [ 22.7045, 4.6632 ], [ 22.7288, 4.6293 ], [ 22.7228, 4.5936 ], [ 22.7275, 4.5689 ], [ 22.7337, 4.556 ] ] ] } },
{ "type": "Feature", "properties": { "iso3": "CAF", "unit_id": "68536942B45951507845033", "unit_name": "Ouango" }, "geometry": { "type": "Polygon", "coordinates": [ [ [ 22.6532, 4.7684 ], [ 22.6459, 4.7216 ], [ 22.6077, 4.6898 ], [ 22.5815, 4.6729 ], [ 22.5577, 4.6464 ], [ 22.5474, 4.6203 ], [ 22.531, 4.598 ], [ 22.518, 4.5669 ], [ 22.4672, 4.4758 ], [ 22.4542, 4.4574 ], [ 22.4464, 4.4562 ], [ 22.434, 4.4677 ], [ 22.4263, 4.4676 ], [ 22.4224, 4.4636 ], [ 22.4318, 4.4531 ], [ 22.4304, 4.4408 ], [ 22.4233, 4.4367 ], [ 22.4141, 4.4441 ], [ 22.4096, 4.4438 ], [ 22.4072, 4.4379 ], [ 22.4119, 4.4246 ], [ 22.4107, 4.4098 ], [ 22.4083, 4.4024 ], [ 22.3994, 4.3937 ], [ 22.4103, 4.3224 ], [ 22.4155, 4.2456 ], [ 22.4013, 4.2311 ], [ 22.3754, 4.2209 ], [ 22.3609, 4.2089 ], [ 22.3621, 4.1863 ], [ 22.3521, 4.1656 ], [ 22.3528, 4.1472 ], [ 22.3485, 4.1417 ], [ 22.3299, 4.1377 ], [ 22.3126, 4.1274 ], [ 22.2708, 4.1215 ], [ 22.2658, 4.1147 ], [ 22.2813, 4.1121 ], [ 22.306, 4.1151 ], [ 22.3402, 4.1136 ], [ 22.3594, 4.118 ], [ 22.3874, 4.1183 ], [ 22.4094, 4.1255 ], [ 22.4452, 4.1245 ], [ 22.4541, 4.1279 ], [ 22.4699, 4.1434 ], [ 22.4937, 4.1596 ], [ 22.5204, 4.1896 ], [ 22.5317, 4.1956 ], [ 22.5504, 4.2154 ], [ 22.5521, 4.238 ], [ 22.5433, 4.2498 ], [ 22.5418, 4.2691 ], [ 22.5455, 4.2786 ], [ 22.5623, 4.2979 ], [ 22.5688, 4.3219 ], [ 22.5853, 4.3353 ], [ 22.609, 4.3483 ], [ 22.6204, 4.3509 ], [ 22.6815, 4.3956 ], [ 22.6795, 4.4079 ], [ 22.6574, 4.4194 ], [ 22.6459, 4.429 ], [ 22.6432, 4.452 ], [ 22.648, 4.482 ], [ 22.6627, 4.4806 ], [ 22.6721, 4.4668 ], [ 22.6802, 4.4618 ], [ 22.6882, 4.4613 ], [ 22.699, 4.4717 ], [ 22.7072, 4.4913 ], [ 22.7065, 4.5157 ], [ 22.7216, 4.5385 ], [ 22.7325, 4.5471 ], [ 22.7337, 4.556 ], [ 22.7275, 4.5689 ], [ 22.7228, 4.5936 ], [ 22.7288, 4.6293 ], [ 22.7045, 4.6632 ], [ 22.7, 4.6781 ], [ 22.6875, 4.6899 ], [ 22.6813, 4.702 ], [ 22.6781, 4.7235 ], [ 22.6855, 4.7346 ], [ 22.684, 4.7431 ], [ 22.6532, 4.7684 ] ] ] } },
{ "type": "Feature", "properties": { "iso3": "CAF", "unit_id": "68536942B74999056173263", "unit_name": "Gambo" }, "geometry": { "type": "Polygon", "coordinates": [ [ [ 21.9458, 4.5226 ], [ 21.9547, 4.5267 ], [ 22.0014, 4.5167 ], [ 22.0417, 4.5375 ], [ 22.0592, 4.5347 ], [ 22.0661, 4.5417 ], [ 22.0756, 4.5431 ], [ 22.0906, 4.5375 ], [ 22.1217, 4.5392 ], [ 22.1456, 4.5222 ], [ 22.1514, 4.5081 ], [ 22.1508, 4.5019 ], [ 22.135, 4.4836 ], [ 22.1333, 4.4653 ], [ 22.1136, 4.4375 ], [ 22.1, 4.4242 ], [ 22.0953, 4.4017 ], [ 22.0708, 4.3719 ], [ 22.0639, 4.3583 ], [ 22.0628, 4.3461 ], [ 22.0742, 4.3036 ], [ 22.0744, 4.2914 ], [ 22.0661, 4.2794 ], [ 22.0444, 4.2672 ], [ 22.0383, 4.2597 ], [ 22.0372, 4.2216 ], [ 22.0417, 4.2135 ], [ 22.09, 4.2023 ], [ 22.1071, 4.2014 ], [ 22.1187, 4.1961 ], [ 22.1265, 4.1918 ], [ 22.1638, 4.1541 ], [ 22.2191, 4.1264 ], [ 22.2402, 4.1244 ], [ 22.2658, 4.1147 ], [ 22.2708, 4.1215 ], [ 22.3126, 4.1274 ], [ 22.3299, 4.1377 ], [ 22.3485, 4.1417 ], [ 22.3528, 4.1472 ], [ 22.3521, 4.1656 ], [ 22.3621, 4.1863 ], [ 22.3609, 4.2089 ], [ 22.3754, 4.2209 ], [ 22.4013, 4.2311 ], [ 22.4094, 4.237 ], [ 22.4169, 4.2488 ], [ 22.4103, 4.3224 ], [ 22.3994, 4.3937 ], [ 22.4083, 4.4024 ], [ 22.4107, 4.4098 ], [ 22.4119, 4.4246 ], [ 22.4072, 4.4379 ], [ 22.4096, 4.4438 ], [ 22.4141, 4.4441 ], [ 22.4233, 4.4367 ], [ 22.4304, 4.4408 ], [ 22.4318, 4.4531 ], [ 22.4224, 4.4636 ], [ 22.4263, 4.4676 ], [ 22.434, 4.4677 ], [ 22.4464, 4.4562 ], [ 22.4542, 4.4574 ], [ 22.4672, 4.4758 ], [ 22.518, 4.5669 ], [ 22.531, 4.598 ], [ 22.5474, 4.6203 ], [ 22.5577, 4.6464 ], [ 22.5815, 4.6729 ], [ 22.6077, 4.6898 ], [ 22.6459, 4.7216 ], [ 22.6532, 4.7684 ], [ 22.6432, 4.7812 ], [ 22.6418, 4.798 ], [ 22.6344, 4.8043 ], [ 22.6298, 4.8159 ], [ 22.6109, 4.8258 ], [ 22.5893, 4.8248 ], [ 22.5715, 4.8338 ], [ 22.5672, 4.8399 ], [ 22.5587, 4.9013 ], [ 22.552, 4.9079 ], [ 22.5173, 4.9126 ], [ 22.4983, 4.9299 ], [ 22.4812, 4.9373 ], [ 22.4684, 4.9501 ], [ 22.4464, 4.9643 ], [ 22.426, 4.9863 ], [ 22.4068, 5.0195 ], [ 22.405, 5.0324 ], [ 22.393, 5.0436 ], [ 22.3837, 5.0592 ], [ 22.3716, 5.0693 ], [ 22.3648, 5.0845 ], [ 21.7917, 5.0853 ], [ 21.7936, 5.0742 ], [ 21.8036, 5.0569 ], [ 21.8214, 5.0411 ], [ 21.8289, 5.0214 ], [ 21.8314, 4.9969 ], [ 21.8253, 4.9828 ], [ 21.7983, 4.9558 ], [ 21.7814, 4.9322 ], [ 21.7758, 4.9172 ], [ 21.7767, 4.8747 ], [ 21.7697, 4.8408 ], [ 21.7705, 4.8106 ], [ 21.7536, 4.7872 ], [ 21.7467, 4.7667 ], [ 21.7453, 4.7481 ], [ 21.7486, 4.7311 ], [ 21.74, 4.7197 ], [ 21.7372, 4.7086 ], [ 21.7433, 4.6878 ], [ 21.7603, 4.6897 ], [ 21.7797, 4.685 ], [ 21.7855, 4.693 ], [ 21.7908, 4.6931 ], [ 21.7989, 4.6808 ], [ 21.8139, 4.6864 ], [ 21.8192, 4.685 ], [ 21.83, 4.6658 ], [ 21.8403, 4.6558 ], [ 21.8564, 4.6517 ], [ 21.8769, 4.6572 ], [ 21.8803, 4.6539 ], [ 21.8811, 4.6408 ], [ 21.8878, 4.6344 ], [ 21.908, 4.6411 ], [ 21.9142, 4.6403 ], [ 21.9169, 4.6361 ], [ 21.9155, 4.6308 ], [ 21.9081, 4.6194 ], [ 21.9128, 4.6036 ], [ 21.925, 4.5892 ], [ 21.9553, 4.5653 ], [ 21.9542, 4.5558 ], [ 21.94, 4.5361 ], [ 21.9458, 4.5226 ] ] ] } },
{ "type": "Feature", "properties": { "iso3": "CAF", "unit_id": "68536942B99641680423026", "unit_name": "Rafai" }, "geometry": { "type": "Polygon", "coordinates": [ [ [ 23.2719, 6.0822 ], [ 23.284, 6.0545 ], [ 23.2804, 6.0331 ], [ 23.2912, 6.0125 ], [ 23.2877, 6.0013 ], [ 23.2981, 5.9872 ], [ 23.2954, 5.9684 ], [ 23.2979, 5.9614 ], [ 23.3099, 5.9492 ], [ 23.3409, 5.9274 ], [ 23.3464, 5.9141 ], [ 23.3427, 5.8932 ], [ 23.337, 5.8879 ], [ 23.3388, 5.8737 ], [ 23.3477, 5.8674 ], [ 23.3504, 5.8573 ], [ 23.3457, 5.8517 ], [ 23.3312, 5.848 ], [ 23.3266, 5.8327 ], [ 23.3342, 5.8141 ], [ 23.3296, 5.8057 ], [ 23.3191, 5.8017 ], [ 23.3149, 5.7739 ], [ 23.3165, 5.7621 ], [ 23.3272, 5.7467 ], [ 23.3231, 5.7273 ], [ 23.3501, 5.7037 ], [ 23.3676, 5.7005 ], [ 23.3766, 5.691 ], [ 23.3717, 5.6789 ], [ 23.3585, 5.6655 ], [ 23.3431, 5.6656 ], [ 23.3372, 5.6625 ], [ 23.3444, 5.6493 ], [ 23.3293, 5.6241 ], [ 23.3385, 5.5992 ], [ 23.3436, 5.5964 ], [ 23.3411, 5.5831 ], [ 23.3516, 5.5771 ], [ 23.3627, 5.5776 ], [ 23.3724, 5.57 ], [ 23.3815, 5.5925 ], [ 23.3915, 5.6052 ], [ 23.3968, 5.6098 ], [ 23.4198, 5.6156 ], [ 23.4343, 5.635 ], [ 23.4617, 5.639 ], [ 23.4957, 5.6294 ], [ 23.5443, 5.6286 ], [ 23.5696, 5.6371 ], [ 23.611, 5.6443 ], [ 23.6259, 5.6695 ], [ 23.6324, 5.6734 ], [ 23.6452, 5.6737 ], [ 23.6545, 5.6697 ], [ 23.6825, 5.6723 ], [ 23.6978, 5.6677 ], [ 23.7328, 5.6396 ], [ 23.7277, 5.6368 ], [ 23.7298, 5.6235 ], [ 23.7257, 5.6137 ], [ 23.7271, 5.583 ], [ 23.7342, 5.5613 ], [ 23.7385, 5.5158 ], [ 23.748, 5.5083 ], [ 23.7455, 5.5018 ], [ 23.5825, 5.3566 ], [ 23.6044, 5.3297 ], [ 23.6247, 5.3224 ], [ 23.6264, 5.3019 ], [ 23.6301, 5.2947 ], [ 23.6285, 5.2894 ], [ 23.6356, 5.2783 ], [ 23.6559, 5.2611 ], [ 23.663, 5.2419 ], [ 23.676, 5.231 ], [ 23.6853, 5.2178 ], [ 23.7132, 5.195 ], [ 23.7382, 5.1488 ], [ 23.743, 5.1176 ], [ 23.7428, 5.1086 ], [ 23.7185, 5.0805 ], [ 23.7155, 5.0729 ], [ 23.709, 5.0723 ], [ 23.699, 5.0554 ], [ 23.6924, 5.0266 ], [ 23.6963, 5.0135 ], [ 23.695, 5.0046 ], [ 23.6851, 4.9863 ], [ 23.6628, 4.9619 ], [ 23.6587, 4.9401 ], [ 23.6427, 4.9151 ], [ 23.6382, 4.8905 ], [ 23.6216, 4.8694 ], [ 23.6257, 4.8613 ], [ 23.6201, 4.8518 ], [ 23.6089, 4.8444 ], [ 23.6082, 4.8408 ], [ 23.6177, 4.8302 ], [ 23.6015, 4.8073 ], [ 23.6077, 4.7845 ], [ 23.5947, 4.7631 ], [ 23.5944, 4.7434 ], [ 23.5901, 4.7355 ], [ 23.6199, 4.7406 ], [ 23.6775, 4.7639 ], [ 23.7091, 4.7823 ], [ 23.7289, 4.7849 ], [ 23.7587, 4.7787 ], [ 23.7706, 4.7796 ], [ 23.7803, 4.7836 ], [ 23.8064, 4.8112 ], [ 23.8335, 4.8294 ], [ 23.8427, 4.8236 ], [ 23.8512, 4.8108 ], [ 23.8702, 4.8165 ], [ 23.8847, 4.831 ], [ 23.8922, 4.8327 ], [ 23.9071, 4.8287 ], [ 23.9161, 4.817 ], [ 23.9498, 4.8094 ], [ 23.9553, 4.8226 ], [ 23.9491, 4.8523 ], [ 23.9507, 4.8668 ], [ 23.9599, 4.8771 ], [ 23.9668, 4.8767 ], [ 23.9712, 4.858 ], [ 23.9762, 4.8562 ], [ 23.9849, 4.861 ], [ 23.992, 4.8599 ], [ 24.0111, 4.8712 ], [ 24.0389, 4.8772 ], [ 24.065, 4.8976 ], [ 24.0902, 4.9103 ], [ 24.1109, 4.9113 ], [ 24.127, 4.8977 ], [ 24.1368, 4.8933 ], [ 24.1605, 4.8949 ], [ 24.1911, 4.9307 ], [ 24.2363, 4.9595 ], [ 24.248, 4.9588 ], [ 24.2535, 4.9518 ], [ 24.2505, 4.9404 ], [ 24.2524, 4.9349 ], [ 24.2759, 4.937 ], [ 24.2818, 4.9401 ], [ 24.2837, 4.95 ], [ 24.2821, 4.9601 ], [ 24.2726, 4.9719 ], [ 24.2749, 4.9813 ], [ 24.2831, 4.986 ], [ 24.2983, 5.0029 ], [ 24.3186, 5.0069 ], [ 24.3343, 5.0031 ], [ 24.3491, 5.0098 ], [ 24.3753, 5.0084 ], [ 24.3905, 5.0221 ], [ 24.4108, 5.0312 ], [ 24.4124, 5.0363 ], [ 24.4092, 5.0446 ], [ 24.3982, 5.0535 ], [ 24.3736, 5.0452 ], [ 24.3626, 5.0491 ], [ 24.3579, 5.06 ], [ 24.3618, 5.0687 ], [ 24.3755, 5.0722 ], [ 24.382, 5.0966 ], [ 24.3894, 5.1092 ], [ 24.396, 5.1127 ], [ 24.407, 5.1112 ], [ 24.4342, 5.0592 ], [ 24.4439, 5.0604 ], [ 24.4474, 5.0643 ], [ 24.4478, 5.0745 ], [ 24.4376, 5.0902 ], [ 24.4391, 5.0972 ], [ 24.4539, 5.1039 ], [ 24.4672, 5.1044 ], [ 24.4743, 5.0985 ], [ 24.4857, 5.0994 ], [ 24.498, 5.1214 ], [ 24.5081, 5.125 ], [ 24.5136, 5.1233 ], [ 24.5314, 5.1072 ], [ 24.5369, 5.1061 ], [ 24.5428, 5.1064 ], [ 24.5578, 5.1189 ], [ 24.5605, 5.1297 ], [ 24.5575, 5.1339 ], [ 24.5536, 5.1364 ], [ 24.5422, 5.1342 ], [ 24.5353, 5.1411 ], [ 24.5325, 5.1519 ], [ 24.5344, 5.1564 ], [ 24.5442, 5.1592 ], [ 24.5458, 5.1639 ], [ 24.5353, 5.1736 ], [ 24.5433, 5.1925 ], [ 24.5472, 5.195 ], [ 24.5572, 5.1917 ], [ 24.5689, 5.1764 ], [ 24.5731, 5.1792 ], [ 24.5722, 5.2078 ], [ 24.5872, 5.2269 ], [ 24.5844, 5.2378 ], [ 24.5869, 5.2472 ], [ 24.5994, 5.2547 ], [ 24.6025, 5.2589 ], [ 24.603, 5.2714 ], [ 24.6069, 5.2744 ], [ 24.6214, 5.2614 ], [ 24.635, 5.2656 ], [ 24.653, 5.2636 ], [ 24.6644, 5.2658 ], [ 24.6956, 5.2592 ], [ 24.7147, 5.2675 ], [ 24.7322, 5.2903 ], [ 24.7525, 5.2975 ], [ 24.7742, 5.2853 ], [ 24.7794, 5.2839 ], [ 24.7839, 5.2867 ], [ 24.7869, 5.3089 ], [ 24.7903, 5.3125 ], [ 24.8078, 5.315 ], [ 24.8167, 5.32 ], [ 24.8364, 5.3483 ], [ 24.8414, 5.3472 ], [ 24.8497, 5.3369 ], [ 24.8608, 5.3355 ], [ 24.8675, 5.3289 ], [ 24.8736, 5.3364 ], [ 24.8794, 5.3639 ], [ 24.8792, 5.3708 ], [ 24.8717, 5.3836 ], [ 24.8708, 5.395 ], [ 24.875, 5.3975 ], [ 24.8792, 5.395 ], [ 24.888, 5.3836 ], [ 24.8919, 5.3864 ], [ 24.89, 5.4044 ], [ 24.8975, 5.4108 ], [ 24.9139, 5.4147 ], [ 24.915, 5.4203 ], [ 24.9069, 5.4389 ], [ 24.9114, 5.4411 ], [ 24.94, 5.4292 ], [ 24.9492, 5.44 ], [ 24.9703, 5.4455 ], [ 24.9736, 5.4489 ], [ 24.9728, 5.4592 ], [ 24.9592, 5.4655 ], [ 24.9583, 5.4756 ], [ 24.97, 5.4844 ], [ 24.9861, 5.4847 ], [ 24.9944, 5.4969 ], [ 25.0111, 5.5058 ], [ 25.0197, 5.52 ], [ 25.0197, 5.5389 ], [ 25.0236, 5.5483 ], [ 25.0453, 5.5603 ], [ 25.0478, 5.5644 ], [ 25.0397, 5.5697 ], [ 25.0269, 5.5692 ], [ 25.0181, 5.5736 ], [ 25.0236, 5.5805 ], [ 25.0431, 5.588 ], [ 25.0453, 5.5928 ], [ 25.0308, 5.5989 ], [ 25.0269, 5.615 ], [ 25.0272, 5.6275 ], [ 25.0403, 5.6353 ], [ 25.0417, 5.6392 ], [ 25.0342, 5.6522 ], [ 25.0317, 5.6689 ], [ 25.0425, 5.6917 ], [ 25.0394, 5.7147 ], [ 25.0505, 5.7378 ], [ 25.0464, 5.7469 ], [ 25.0328, 5.7542 ], [ 25.0339, 5.7597 ], [ 25.0419, 5.765 ], [ 25.0536, 5.7656 ], [ 25.0642, 5.7753 ], [ 25.0767, 5.7739 ], [ 25.0925, 5.7783 ], [ 25.0994, 5.785 ], [ 25.1117, 5.8067 ], [ 25.1175, 5.8072 ], [ 25.1264, 5.8025 ], [ 25.1372, 5.7731 ], [ 25.1403, 5.7692 ], [ 25.1447, 5.7697 ], [ 25.148, 5.7933 ], [ 25.1553, 5.8061 ], [ 25.1522, 5.8272 ], [ 25.1606, 5.87 ], [ 25.1897, 5.9064 ], [ 25.1897, 5.9164 ], [ 25.1544, 5.9667 ], [ 25.1469, 5.97 ], [ 25.1092, 5.9561 ], [ 25.0978, 5.958 ], [ 25.0911, 5.9653 ], [ 25.0831, 5.9978 ], [ 25.0539, 6.0186 ], [ 25.0486, 6.0261 ], [ 25.0536, 6.0453 ], [ 25.0525, 6.053 ], [ 25.0461, 6.0597 ], [ 25.0317, 6.0628 ], [ 25.0133, 6.0572 ], [ 25.0056, 6.0597 ], [ 24.9939, 6.0872 ], [ 24.9825, 6.0997 ], [ 24.9008, 6.1717 ], [ 24.8486, 6.2081 ], [ 24.8447, 6.2172 ], [ 24.8464, 6.223 ], [ 24.8547, 6.2283 ], [ 24.8883, 6.2136 ], [ 24.9272, 6.2047 ], [ 24.9428, 6.2078 ], [ 24.9611, 6.228 ], [ 24.9933, 6.2356 ], [ 25.0005, 6.2405 ], [ 25.0042, 6.2722 ], [ 25.0122, 6.2892 ], [ 25.0261, 6.2931 ], [ 25.0558, 6.29 ], [ 25.0683, 6.2939 ], [ 25.0736, 6.2989 ], [ 25.0753, 6.3403 ], [ 25.0633, 6.3667 ], [ 25.0319, 6.3864 ], [ 24.9753, 6.4375 ], [ 24.9631, 6.4433 ], [ 24.9353, 6.4492 ], [ 24.9014, 6.4861 ], [ 24.8919, 6.4936 ], [ 24.8792, 6.4967 ], [ 24.85, 6.4947 ], [ 24.8231, 6.4883 ], [ 24.7997, 6.4911 ], [ 24.7811, 6.4858 ], [ 24.7006, 6.3964 ], [ 24.6819, 6.3944 ], [ 24.6342, 6.4033 ], [ 24.6194, 6.3975 ], [ 24.6036, 6.3831 ], [ 24.5969, 6.3833 ], [ 24.4597, 6.5269 ], [ 24.3486, 6.6608 ], [ 24.2607, 6.7526 ], [ 24.0964, 6.6678 ], [ 23.6622, 6.4231 ], [ 23.5669, 6.3747 ], [ 23.5461, 6.3578 ], [ 23.4975, 6.3322 ], [ 23.4805, 6.3156 ], [ 23.4433, 6.2983 ], [ 23.4158, 6.2586 ], [ 23.4106, 6.2239 ], [ 23.393, 6.2094 ], [ 23.3505, 6.2058 ], [ 23.335, 6.2175 ], [ 23.3236, 6.2155 ], [ 23.3161, 6.2094 ], [ 23.3114, 6.1833 ], [ 23.2958, 6.1783 ], [ 23.2911, 6.1697 ], [ 23.2978, 6.1494 ], [ 23.2919, 6.1353 ], [ 23.2955, 6.1058 ], [ 23.2797, 6.0944 ], [ 23.2719, 6.0822 ] ] ] } },
{ "type": "Feature", "properties": { "iso3": "CAF", "unit_id": "68536942B75205460268605", "unit_name": "Bakouma" }, "geometry": { "type": "Polygon", "coordinates": [ [ [ 21.9004, 5.4771 ], [ 21.905, 5.4555 ], [ 21.8925, 5.4206 ], [ 21.8989, 5.4064 ], [ 21.8967, 5.3881 ], [ 21.9056, 5.3767 ], [ 21.9069, 5.3658 ], [ 21.8911, 5.3167 ], [ 21.8933, 5.2339 ], [ 21.8872, 5.1924 ], [ 21.8761, 5.1628 ], [ 21.8586, 5.14 ], [ 21.8261, 5.1183 ], [ 21.813, 5.104 ], [ 21.7948, 5.0956 ], [ 21.7917, 5.0853 ], [ 22.3591, 5.0862 ], [ 22.3648, 5.0845 ], [ 22.3716, 5.0693 ], [ 22.3837, 5.0592 ], [ 22.393, 5.0436 ], [ 22.405, 5.0324 ], [ 22.4068, 5.0195 ], [ 22.426, 4.9863 ], [ 22.4464, 4.9643 ], [ 22.4684, 4.9501 ], [ 22.4812, 4.9373 ], [ 22.4983, 4.9299 ], [ 22.5173, 4.9126 ], [ 22.552, 4.9079 ], [ 22.5587, 4.9013 ], [ 22.5702, 4.9339 ], [ 22.5772, 4.979 ], [ 22.5804, 4.9837 ], [ 22.5863, 4.9807 ], [ 22.721, 4.9825 ], [ 22.723, 4.9667 ], [ 22.7328, 4.9599 ], [ 22.7307, 4.9475 ], [ 22.7384, 4.9457 ], [ 22.7449, 4.9317 ], [ 22.7521, 4.9274 ], [ 22.753, 4.9058 ], [ 22.7582, 4.8973 ], [ 22.7671, 4.8912 ], [ 22.7659, 4.879 ], [ 22.7843, 4.8795 ], [ 22.8235, 4.8699 ], [ 22.8383, 4.8605 ], [ 22.8438, 4.8521 ], [ 22.8398, 4.8462 ], [ 22.85, 4.843 ], [ 22.8502, 4.8488 ], [ 22.8545, 4.8519 ], [ 22.8648, 4.8532 ], [ 22.8561, 4.8737 ], [ 22.8622, 4.885 ], [ 22.8635, 4.8962 ], [ 22.8659, 4.8987 ], [ 22.8835, 4.8938 ], [ 22.8879, 4.9033 ], [ 22.9013, 4.9091 ], [ 22.9027, 4.9224 ], [ 22.8975, 4.9359 ], [ 22.8994, 4.9459 ], [ 22.9182, 4.9756 ], [ 22.9214, 4.9916 ], [ 22.9313, 5.0073 ], [ 22.9412, 5.0155 ], [ 22.946, 5.0132 ], [ 22.9387, 5.0212 ], [ 22.9436, 5.0342 ], [ 22.9655, 5.0478 ], [ 22.9684, 5.0555 ], [ 22.9662, 5.0644 ], [ 22.9734, 5.0718 ], [ 22.9764, 5.0808 ], [ 22.9917, 5.0891 ], [ 22.9963, 5.107 ], [ 22.9908, 5.1143 ], [ 22.9921, 5.1196 ], [ 22.9966, 5.1236 ], [ 23.0111, 5.1265 ], [ 23.0138, 5.1324 ], [ 23.0113, 5.142 ], [ 23.0213, 5.1465 ], [ 23.0276, 5.1456 ], [ 23.0296, 5.1278 ], [ 23.0341, 5.1192 ], [ 23.043, 5.1204 ], [ 23.0466, 5.128 ], [ 23.0535, 5.1287 ], [ 23.0574, 5.138 ], [ 23.0645, 5.1424 ], [ 23.0761, 5.1363 ], [ 23.0896, 5.1359 ], [ 23.0897, 5.15 ], [ 23.0935, 5.1549 ], [ 23.1183, 5.1713 ], [ 23.1189, 5.1779 ], [ 23.108, 5.189 ], [ 23.1163, 5.1954 ], [ 23.1201, 5.2044 ], [ 23.1321, 5.2066 ], [ 23.1402, 5.2121 ], [ 23.1565, 5.2029 ], [ 23.1608, 5.2052 ], [ 23.1686, 5.2152 ], [ 23.1679, 5.2316 ], [ 23.1747, 5.2407 ], [ 23.1772, 5.2401 ], [ 23.1783, 5.2173 ], [ 23.1863, 5.216 ], [ 23.1999, 5.2234 ], [ 23.2032, 5.2284 ], [ 23.2039, 5.242 ], [ 23.2113, 5.2507 ], [ 23.2079, 5.2567 ], [ 23.2145, 5.2736 ], [ 23.2099, 5.2896 ], [ 23.217, 5.3006 ], [ 23.2208, 5.3226 ], [ 23.2285, 5.3267 ], [ 23.2254, 5.3367 ], [ 23.2376, 5.3487 ], [ 23.2383, 5.3602 ], [ 23.2706, 5.3785 ], [ 23.2951, 5.3883 ], [ 23.292, 5.3959 ], [ 23.2789, 5.4045 ], [ 23.2781, 5.4086 ], [ 23.2885, 5.4207 ], [ 23.2881, 5.4426 ], [ 23.3003, 5.4578 ], [ 23.3031, 5.4726 ], [ 23.3274, 5.4926 ], [ 23.3277, 5.5124 ], [ 23.3488, 5.5274 ], [ 23.3502, 5.5314 ], [ 23.3455, 5.5392 ], [ 23.3324, 5.5438 ], [ 23.3724, 5.57 ], [ 23.3627, 5.5776 ], [ 23.3516, 5.5771 ], [ 23.3411, 5.5831 ], [ 23.3436, 5.5964 ], [ 23.3385, 5.5992 ], [ 23.3293, 5.6241 ], [ 23.3444, 5.6493 ], [ 23.3372, 5.6625 ], [ 23.3431, 5.6656 ], [ 23.3585, 5.6655 ], [ 23.3717, 5.6789 ], [ 23.3766, 5.691 ], [ 23.3676, 5.7005 ], [ 23.3501, 5.7037 ], [ 23.3231, 5.7273 ], [ 23.3272, 5.7467 ], [ 23.3165, 5.7621 ], [ 23.3149, 5.7739 ], [ 23.3191, 5.8017 ], [ 23.3296, 5.8057 ], [ 23.3342, 5.8141 ], [ 23.3266, 5.8327 ], [ 23.3312, 5.848 ], [ 23.3457, 5.8517 ], [ 23.3504, 5.8573 ], [ 23.3477, 5.8674 ], [ 23.3388, 5.8737 ], [ 23.337, 5.8879 ], [ 23.3427, 5.8932 ], [ 23.3464, 5.9141 ], [ 23.3435, 5.9242 ], [ 23.2979, 5.9614 ], [ 23.2954, 5.9684 ], [ 23.2981, 5.9872 ], [ 23.2877, 6.0013 ], [ 23.2912, 6.0125 ], [ 23.2804, 6.0331 ], [ 23.284, 6.0545 ], [ 23.2719, 6.0822 ], [ 23.0186, 6.1464 ], [ 22.8739, 6.1872 ], [ 22.8386, 6.26 ], [ 22.8217, 6.2711 ], [ 22.8125, 6.2739 ], [ 22.7942, 6.2728 ], [ 22.7497, 6.26 ], [ 22.735, 6.2603 ], [ 22.6939, 6.2736 ], [ 22.6808, 6.2744 ], [ 22.6303, 6.2597 ], [ 22.5592, 6.2508 ], [ 22.5447, 6.2461 ], [ 22.5258, 6.2169 ], [ 22.5078, 6.1814 ], [ 22.4955, 6.1256 ], [ 22.4672, 6.0819 ], [ 22.3906, 6.0442 ], [ 22.3861, 6.0378 ], [ 22.38, 6.0358 ], [ 22.3464, 6.0461 ], [ 22.2889, 6.0364 ], [ 22.2808, 6.0425 ], [ 22.2689, 6.0647 ], [ 22.2406, 6.0636 ], [ 22.2294, 6.0439 ], [ 22.2169, 6.0378 ], [ 22.1789, 6.0303 ], [ 22.1617, 6.0219 ], [ 22.1064, 5.9739 ], [ 22.1208, 5.9608 ], [ 22.1228, 5.9439 ], [ 22.105, 5.9214 ], [ 22.0833, 5.9019 ], [ 22.0786, 5.893 ], [ 22.0785, 5.8808 ], [ 22.0711, 5.8733 ], [ 22.0733, 5.8419 ], [ 22.0697, 5.825 ], [ 22.0749, 5.811 ], [ 22.0686, 5.8008 ], [ 22.0719, 5.7578 ], [ 22.0508, 5.7383 ], [ 22.0475, 5.7283 ], [ 22.0536, 5.7006 ], [ 22.0775, 5.6703 ], [ 22.0822, 5.6375 ], [ 22.0739, 5.6317 ], [ 22.0419, 5.6392 ], [ 22.0314, 5.6367 ], [ 22.0219, 5.6192 ], [ 22.0247, 5.615 ], [ 22.0408, 5.6178 ], [ 22.0455, 5.6092 ], [ 22.035, 5.5928 ], [ 22.0047, 5.5686 ], [ 22.0028, 5.5639 ], [ 22.0065, 5.5611 ], [ 21.996, 5.556 ], [ 21.9733, 5.5531 ], [ 21.9658, 5.5472 ], [ 21.9456, 5.5133 ], [ 21.9306, 5.5014 ], [ 21.9037, 5.4885 ], [ 21.9004, 5.4771 ] ] ] } },
{ "type": "Feature", "properties": { "iso3": "CAF", "unit_id": "68536942B39836598887624", "unit_name": "Obo" }, "geometry": { "type": "Polygon", "coordinates": [ [ [ 25.6744, 5.3122 ], [ 25.6797, 5.3053 ], [ 25.7089, 5.2971 ], [ 25.7202, 5.267 ], [ 25.7285, 5.2635 ], [ 25.74, 5.265 ], [ 25.7492, 5.2367 ], [ 25.7708, 5.242 ], [ 25.7834, 5.2515 ], [ 25.785, 5.2591 ], [ 25.7721, 5.2595 ], [ 25.77, 5.2637 ], [ 25.7877, 5.2734 ], [ 25.7925, 5.2727 ], [ 25.8008, 5.2532 ], [ 25.7901, 5.2377 ], [ 25.7963, 5.2368 ], [ 25.8201, 5.2459 ], [ 25.817, 5.2297 ], [ 25.8085, 5.2194 ], [ 25.809, 5.2152 ], [ 25.8207, 5.2171 ], [ 25.8248, 5.1996 ], [ 25.8313, 5.1955 ], [ 25.832, 5.1895 ], [ 25.8359, 5.1868 ], [ 25.843, 5.1953 ], [ 25.8471, 5.2119 ], [ 25.862, 5.2198 ], [ 25.8838, 5.2187 ], [ 25.8872, 5.2136 ], [ 25.8801, 5.206 ], [ 25.8985, 5.1945 ], [ 25.905, 5.1651 ], [ 25.916, 5.1702 ], [ 25.9174, 5.1748 ], [ 25.9167, 5.1833 ], [ 25.9096, 5.1916 ], [ 25.9095, 5.2003 ], [ 25.9265, 5.1972 ], [ 25.9423, 5.2066 ], [ 25.9501, 5.2046 ], [ 25.9591, 5.1922 ], [ 25.9639, 5.1917 ], [ 25.9662, 5.1945 ], [ 25.9612, 5.2039 ], [ 25.9666, 5.223 ], [ 25.9771, 5.2353 ], [ 25.9852, 5.2397 ], [ 25.9926, 5.2201 ], [ 26.001, 5.2298 ], [ 26.0093, 5.2284 ], [ 26.0116, 5.2222 ], [ 26.0086, 5.2128 ], [ 26.0165, 5.2057 ], [ 26.0277, 5.2069 ], [ 26.0383, 5.2023 ], [ 26.0465, 5.2108 ], [ 26.0536, 5.2134 ], [ 26.0539, 5.2021 ], [ 26.0631, 5.1943 ], [ 26.0679, 5.1941 ], [ 26.0711, 5.2074 ], [ 26.0768, 5.2132 ], [ 26.0865, 5.2135 ], [ 26.0927, 5.2066 ], [ 26.0982, 5.2059 ], [ 26.097, 5.213 ], [ 26.1009, 5.2252 ], [ 26.0926, 5.231 ], [ 26.091, 5.2365 ], [ 26.1031, 5.2388 ], [ 26.1121, 5.2312 ], [ 26.1201, 5.232 ], [ 26.1226, 5.2402 ], [ 26.1339, 5.2506 ], [ 26.1364, 5.264 ], [ 26.1467, 5.2579 ], [ 26.161, 5.2586 ], [ 26.1635, 5.256 ], [ 26.1578, 5.2376 ], [ 26.1642, 5.2288 ], [ 26.169, 5.2291 ], [ 26.1869, 5.2416 ], [ 26.1915, 5.2271 ], [ 26.1844, 5.2199 ], [ 26.1867, 5.2179 ], [ 26.1968, 5.2218 ], [ 26.2002, 5.2342 ], [ 26.208, 5.237 ], [ 26.2117, 5.2218 ], [ 26.2184, 5.2142 ], [ 26.2097, 5.2085 ], [ 26.2159, 5.2041 ], [ 26.2212, 5.194 ], [ 26.2233, 5.2069 ], [ 26.2375, 5.2085 ], [ 26.2396, 5.2055 ], [ 26.2322, 5.1982 ], [ 26.2382, 5.1853 ], [ 26.2433, 5.1835 ], [ 26.2458, 5.1957 ], [ 26.2538, 5.198 ], [ 26.2543, 5.1911 ], [ 26.2605, 5.1858 ], [ 26.2546, 5.1715 ], [ 26.2855, 5.1693 ], [ 26.2874, 5.1654 ], [ 26.2821, 5.1599 ], [ 26.2831, 5.1559 ], [ 26.2952, 5.1608 ], [ 26.3012, 5.1514 ], [ 26.3033, 5.1408 ], [ 26.3097, 5.142 ], [ 26.3127, 5.1526 ], [ 26.3159, 5.1533 ], [ 26.3244, 5.136 ], [ 26.3272, 5.1362 ], [ 26.3258, 5.1452 ], [ 26.3283, 5.1485 ], [ 26.3421, 5.1469 ], [ 26.3512, 5.1554 ], [ 26.3664, 5.1428 ], [ 26.3799, 5.1481 ], [ 26.3909, 5.1474 ], [ 26.3937, 5.1366 ], [ 26.3907, 5.1323 ], [ 26.3972, 5.129 ], [ 26.3995, 5.1212 ], [ 26.4054, 5.1327 ], [ 26.4141, 5.133 ], [ 26.4119, 5.1236 ], [ 26.413, 5.1213 ], [ 26.4224, 5.1224 ], [ 26.4241, 5.113 ], [ 26.4337, 5.1109 ], [ 26.441, 5.114 ], [ 26.4429, 5.1057 ], [ 26.4388, 5.0955 ], [ 26.4409, 5.0912 ], [ 26.4443, 5.0905 ], [ 26.4509, 5.0962 ], [ 26.459, 5.0951 ], [ 26.4569, 5.0864 ], [ 26.4618, 5.0772 ], [ 26.4528, 5.073 ], [ 26.4558, 5.0657 ], [ 26.4637, 5.0585 ], [ 26.4705, 5.0632 ], [ 26.4786, 5.0586 ], [ 26.4848, 5.0616 ], [ 26.4832, 5.0524 ], [ 26.488, 5.0464 ], [ 26.4928, 5.0485 ], [ 26.4949, 5.0554 ], [ 26.4997, 5.0558 ], [ 26.5091, 5.0439 ], [ 26.5153, 5.0504 ], [ 26.519, 5.0453 ], [ 26.5268, 5.0442 ], [ 26.5334, 5.0568 ], [ 26.5339, 5.0672 ], [ 26.5417, 5.0679 ], [ 26.5437, 5.0573 ], [ 26.5385, 5.0499 ], [ 26.5403, 5.0465 ], [ 26.5488, 5.0571 ], [ 26.5545, 5.0585 ], [ 26.5504, 5.064 ], [ 26.5572, 5.0764 ], [ 26.5598, 5.0765 ], [ 26.5609, 5.0668 ], [ 26.5644, 5.0636 ], [ 26.5745, 5.0634 ], [ 26.5717, 5.073 ], [ 26.5751, 5.0809 ], [ 26.5834, 5.0776 ], [ 26.5852, 5.082 ], [ 26.5896, 5.0825 ], [ 26.5924, 5.0747 ], [ 26.5965, 5.0738 ], [ 26.602, 5.0816 ], [ 26.6194, 5.0881 ], [ 26.6146, 5.0802 ], [ 26.6215, 5.0789 ], [ 26.6213, 5.0678 ], [ 26.6289, 5.0635 ], [ 26.6334, 5.069 ], [ 26.6275, 5.0803 ], [ 26.6309, 5.0828 ], [ 26.6382, 5.0814 ], [ 26.641, 5.0886 ], [ 26.6456, 5.0849 ], [ 26.6504, 5.0856 ], [ 26.6555, 5.0762 ], [ 26.6621, 5.0764 ], [ 26.6631, 5.1166 ], [ 26.6577, 5.1281 ], [ 26.6569, 5.1463 ], [ 26.6737, 5.1744 ], [ 26.6702, 5.1976 ], [ 26.6812, 5.2245 ], [ 26.6801, 5.2338 ], [ 26.6689, 5.2589 ], [ 26.6694, 5.2687 ], [ 26.6775, 5.2888 ], [ 26.6803, 5.3158 ], [ 26.6959, 5.3367 ], [ 26.7147, 5.3514 ], [ 26.7188, 5.3596 ], [ 26.7306, 5.3696 ], [ 26.7486, 5.3926 ], [ 26.7667, 5.4586 ], [ 26.7659, 5.4652 ], [ 26.7543, 5.4813 ], [ 26.7277, 5.497 ], [ 26.7148, 5.5197 ], [ 26.6851, 5.5487 ], [ 26.6832, 5.5642 ], [ 26.6923, 5.573 ], [ 26.6967, 5.5707 ], [ 26.7056, 5.5794 ], [ 26.7101, 5.58 ], [ 26.7178, 5.5885 ], [ 26.7268, 5.581 ], [ 26.7308, 5.5831 ], [ 26.7278, 5.5925 ], [ 26.7334, 5.6002 ], [ 26.7327, 5.6086 ], [ 26.7354, 5.6127 ], [ 26.739, 5.6122 ], [ 26.7458, 5.6185 ], [ 26.7527, 5.6147 ], [ 26.7582, 5.6266 ], [ 26.7638, 5.6294 ], [ 26.7864, 5.6296 ], [ 26.8035, 5.6477 ], [ 26.8062, 5.6553 ], [ 26.8016, 5.664 ], [ 26.7764, 5.6824 ], [ 26.771, 5.6899 ], [ 26.7615, 5.7286 ], [ 26.7568, 5.7366 ], [ 26.7574, 5.7428 ], [ 26.7537, 5.7478 ], [ 26.7484, 5.787 ], [ 26.736, 5.8277 ], [ 26.7467, 5.8639 ], [ 26.7551, 5.874 ], [ 26.7563, 5.8818 ], [ 26.7727, 5.9018 ], [ 26.7763, 5.9179 ], [ 26.7694, 5.9564 ], [ 26.7752, 5.965 ], [ 26.7759, 5.9764 ], [ 26.7855, 5.9896 ], [ 26.7926, 5.9935 ], [ 26.7694, 5.9986 ], [ 26.7518, 6.0132 ], [ 26.7433, 6.0144 ], [ 26.7313, 6.0066 ], [ 26.7198, 6.0059 ], [ 26.7042, 6.017 ], [ 26.6835, 6.0189 ], [ 26.6672, 6.0065 ], [ 26.655, 6.005 ], [ 26.635, 6.0163 ], [ 26.6201, 6.0168 ], [ 26.6054, 6.0299 ], [ 26.5802, 6.0265 ], [ 26.5602, 6.0333 ], [ 26.5609, 6.0271 ], [ 26.5458, 6.001 ], [ 26.5441, 5.988 ], [ 26.5503, 5.961 ], [ 26.5662, 5.9386 ], [ 26.5662, 5.9338 ], [ 26.5427, 5.9003 ], [ 26.5173, 5.8971 ], [ 26.4855, 5.8865 ], [ 26.432, 5.8618 ], [ 26.4089, 5.8591 ], [ 26.3792, 5.8455 ], [ 26.3446, 5.8369 ], [ 26.3239, 5.827 ], [ 26.2922, 5.8198 ], [ 26.2745, 5.8091 ], [ 26.2437, 5.7975 ], [ 26.2042, 5.763 ], [ 26.1623, 5.7452 ], [ 26.1598, 5.742 ], [ 26.1615, 5.7323 ], [ 26.1518, 5.712 ], [ 26.1385, 5.6677 ], [ 26.1124, 5.6608 ], [ 26.0898, 5.6436 ], [ 26.0648, 5.6332 ], [ 26.0434, 5.6408 ], [ 26.0213, 5.6255 ], [ 26.0079, 5.631 ], [ 25.98, 5.6203 ], [ 25.9455, 5.6144 ], [ 25.9285, 5.6035 ], [ 25.9281, 5.5905 ], [ 25.9143, 5.5694 ], [ 25.8964, 5.5584 ], [ 25.8758, 5.5534 ], [ 25.8704, 5.5401 ], [ 25.872, 5.5333 ], [ 25.8633, 5.519 ], [ 25.8525, 5.513 ], [ 25.8516, 5.5044 ], [ 25.8407, 5.4925 ], [ 25.8085, 5.4761 ], [ 25.8064, 5.4591 ], [ 25.7996, 5.4425 ], [ 25.782, 5.4285 ], [ 25.7838, 5.4149 ], [ 25.7707, 5.4164 ], [ 25.7759, 5.4015 ], [ 25.7707, 5.3938 ], [ 25.7697, 5.3822 ], [ 25.757, 5.3715 ], [ 25.7562, 5.3658 ], [ 25.7682, 5.3543 ], [ 25.7607, 5.3423 ], [ 25.7509, 5.3395 ], [ 25.7401, 5.3431 ], [ 25.7297, 5.342 ], [ 25.7169, 5.3334 ], [ 25.7034, 5.3294 ], [ 25.6912, 5.3307 ], [ 25.6872, 5.3363 ], [ 25.6857, 5.3268 ], [ 25.6744, 5.3122 ] ] ] } },
{ "type": "Feature", "properties": { "iso3": "CAF", "unit_id": "68536942B468455861733", "unit_name": "Bambouti" }, "geometry": { "type": "Polygon", "coordinates": [ [ [ 26.6621, 5.0764 ], [ 26.6811, 5.084 ], [ 26.6813, 5.0962 ], [ 26.6889, 5.0969 ], [ 26.6878, 5.091 ], [ 26.6905, 5.0875 ], [ 26.7094, 5.0935 ], [ 26.7109, 5.1025 ], [ 26.7178, 5.0995 ], [ 26.7215, 5.0917 ], [ 26.7252, 5.1 ], [ 26.7325, 5.0947 ], [ 26.7408, 5.1019 ], [ 26.75, 5.1035 ], [ 26.7539, 5.0973 ], [ 26.7578, 5.1005 ], [ 26.7665, 5.0987 ], [ 26.7724, 5.1017 ], [ 26.7713, 5.0856 ], [ 26.7814, 5.0835 ], [ 26.7865, 5.0861 ], [ 26.789, 5.0815 ], [ 26.7837, 5.0755 ], [ 26.7932, 5.0725 ], [ 26.7939, 5.0631 ], [ 26.7978, 5.0585 ], [ 26.8037, 5.0587 ], [ 26.8081, 5.0491 ], [ 26.8212, 5.0477 ], [ 26.8258, 5.0498 ], [ 26.8315, 5.0592 ], [ 26.846, 5.0547 ], [ 26.8501, 5.0512 ], [ 26.8483, 5.045 ], [ 26.8563, 5.039 ], [ 26.8722, 5.0337 ], [ 26.8756, 5.04 ], [ 26.885, 5.0455 ], [ 26.8843, 5.0533 ], [ 26.8914, 5.063 ], [ 26.8886, 5.0681 ], [ 26.8911, 5.0736 ], [ 26.9054, 5.0734 ], [ 26.9122, 5.0801 ], [ 26.9122, 5.0884 ], [ 26.9241, 5.1121 ], [ 26.9276, 5.1178 ], [ 26.936, 5.1213 ], [ 26.9321, 5.1277 ], [ 26.9351, 5.1342 ], [ 27.0012, 5.167 ], [ 27.0291, 5.187 ], [ 27.0787, 5.2041 ], [ 27.1122, 5.2067 ], [ 27.1429, 5.2042 ], [ 27.1574, 5.1996 ], [ 27.1818, 5.1849 ], [ 27.196, 5.1721 ], [ 27.2318, 5.1523 ], [ 27.3181, 5.1264 ], [ 27.3406, 5.1108 ], [ 27.4146, 5.0878 ], [ 27.4316, 5.0777 ], [ 27.4426, 5.0635 ], [ 27.4465, 5.0476 ], [ 27.4422, 5.0377 ], [ 27.4411, 5.0219 ], [ 27.4521, 5.0152 ], [ 27.4634, 5.0161 ], [ 27.4547, 5.0359 ], [ 27.4553, 5.0718 ], [ 27.448, 5.0815 ], [ 27.4329, 5.0887 ], [ 27.4059, 5.1189 ], [ 27.4016, 5.1431 ], [ 27.3966, 5.1526 ], [ 27.36, 5.1769 ], [ 27.3566, 5.1879 ], [ 27.3501, 5.1935 ], [ 27.3238, 5.1993 ], [ 27.316, 5.2079 ], [ 27.3009, 5.2282 ], [ 27.2928, 5.2636 ], [ 27.2752, 5.2784 ], [ 27.2613, 5.3084 ], [ 27.2489, 5.3269 ], [ 27.2458, 5.3471 ], [ 27.2571, 5.357 ], [ 27.2573, 5.3613 ], [ 27.2399, 5.381 ], [ 27.2332, 5.4268 ], [ 27.2585, 5.5068 ], [ 27.2765, 5.5302 ], [ 27.2788, 5.5378 ], [ 27.2773, 5.5502 ], [ 27.2718, 5.5663 ], [ 27.2838, 5.581 ], [ 27.2834, 5.587 ], [ 27.2595, 5.6004 ], [ 27.2455, 5.5922 ], [ 27.2416, 5.5862 ], [ 27.2379, 5.5888 ], [ 27.2364, 5.6044 ], [ 27.2304, 5.6107 ], [ 27.2376, 5.6272 ], [ 27.2372, 5.6433 ], [ 27.2127, 5.6701 ], [ 27.2183, 5.682 ], [ 27.2176, 5.6878 ], [ 27.1883, 5.7275 ], [ 27.1507, 5.7439 ], [ 27.145, 5.7492 ], [ 27.1436, 5.7527 ], [ 27.1574, 5.7556 ], [ 27.1639, 5.7616 ], [ 27.1604, 5.7674 ], [ 27.1471, 5.7727 ], [ 27.1345, 5.7709 ], [ 27.1304, 5.7776 ], [ 27.12, 5.7753 ], [ 27.1192, 5.7928 ], [ 27.1077, 5.7866 ], [ 27.1059, 5.7998 ], [ 27.0914, 5.8003 ], [ 27.0801, 5.7971 ], [ 27.072, 5.7863 ], [ 27.0617, 5.7944 ], [ 27.0509, 5.7903 ], [ 27.0466, 5.7949 ], [ 27.0478, 5.8085 ], [ 27.0278, 5.8131 ], [ 27.0228, 5.8205 ], [ 27.0256, 5.8375 ], [ 27.016, 5.8484 ], [ 27.0027, 5.8567 ], [ 26.9845, 5.8574 ], [ 26.9631, 5.8471 ], [ 26.9588, 5.8478 ], [ 26.9285, 5.87 ], [ 26.9269, 5.8818 ], [ 26.9224, 5.8901 ], [ 26.9159, 5.8935 ], [ 26.8914, 5.8922 ], [ 26.8732, 5.8824 ], [ 26.8422, 5.8928 ], [ 26.833, 5.9039 ], [ 26.8329, 5.9391 ], [ 26.8284, 5.9621 ], [ 26.8192, 5.9808 ], [ 26.8105, 5.9875 ], [ 26.8057, 5.9877 ], [ 26.8022, 5.9831 ], [ 26.7855, 5.9896 ], [ 26.7759, 5.9764 ], [ 26.7752, 5.965 ], [ 26.7694, 5.9564 ], [ 26.7763, 5.9179 ], [ 26.7727, 5.9018 ], [ 26.7563, 5.8818 ], [ 26.7551, 5.874 ], [ 26.7467, 5.8639 ], [ 26.736, 5.8277 ], [ 26.7484, 5.787 ], [ 26.7537, 5.7478 ], [ 26.7574, 5.7428 ], [ 26.7568, 5.7366 ], [ 26.7615, 5.7286 ], [ 26.771, 5.6899 ], [ 26.7764, 5.6824 ], [ 26.8016, 5.664 ], [ 26.8062, 5.6553 ], [ 26.8035, 5.6477 ], [ 26.7864, 5.6296 ], [ 26.7638, 5.6294 ], [ 26.7582, 5.6266 ], [ 26.7527, 5.6147 ], [ 26.7458, 5.6185 ], [ 26.739, 5.6122 ], [ 26.7354, 5.6127 ], [ 26.7327, 5.6086 ], [ 26.7334, 5.6002 ], [ 26.7278, 5.5925 ], [ 26.7308, 5.5831 ], [ 26.7268, 5.581 ], [ 26.7178, 5.5885 ], [ 26.7101, 5.58 ], [ 26.7056, 5.5794 ], [ 26.6967, 5.5707 ], [ 26.6923, 5.573 ], [ 26.6832, 5.5642 ], [ 26.6851, 5.5487 ], [ 26.7148, 5.5197 ], [ 26.7277, 5.497 ], [ 26.7543, 5.4813 ], [ 26.7659, 5.4652 ], [ 26.7667, 5.4586 ], [ 26.7486, 5.3926 ], [ 26.7306, 5.3696 ], [ 26.7188, 5.3596 ], [ 26.7147, 5.3514 ], [ 26.6959, 5.3367 ], [ 26.6803, 5.3158 ], [ 26.6775, 5.2888 ], [ 26.6694, 5.2687 ], [ 26.6689, 5.2589 ], [ 26.6801, 5.2338 ], [ 26.6812, 5.2245 ], [ 26.6702, 5.1976 ], [ 26.6737, 5.1744 ], [ 26.6569, 5.1463 ], [ 26.6577, 5.1281 ], [ 26.6631, 5.1166 ], [ 26.6621, 5.0764 ] ] ] } },
{ "type": "Feature", "properties": { "iso3": "CAF", "unit_id": "68536942B3531334969416", "unit_name": "Zémio" }, "geometry": { "type": "Polygon", "coordinates": [ [ [ 24.4762, 5.0986 ], [ 24.4856, 5.099 ], [ 24.4944, 5.0928 ], [ 24.5344, 5.0805 ], [ 24.5392, 5.0759 ], [ 24.5483, 5.049 ], [ 24.5653, 5.0362 ], [ 24.6135, 5.0305 ], [ 24.6225, 5.0142 ], [ 24.6328, 4.9751 ], [ 24.6739, 4.9695 ], [ 24.6733, 4.9502 ], [ 24.6679, 4.9368 ], [ 24.6564, 4.9241 ], [ 24.6617, 4.9167 ], [ 24.7209, 4.9239 ], [ 24.7348, 4.9062 ], [ 24.7597, 4.9089 ], [ 24.7721, 4.9227 ], [ 24.7774, 4.9232 ], [ 24.7806, 4.9212 ], [ 24.7799, 4.908 ], [ 24.7845, 4.9055 ], [ 24.7916, 4.9069 ], [ 24.8045, 4.9164 ], [ 24.8113, 4.9303 ], [ 24.8229, 4.9393 ], [ 24.8785, 4.9377 ], [ 24.884, 4.9423 ], [ 24.8908, 4.9616 ], [ 24.9192, 4.9634 ], [ 24.9337, 4.9611 ], [ 24.9394, 4.9646 ], [ 24.9533, 4.9863 ], [ 24.9833, 4.9931 ], [ 25.0003, 4.9932 ], [ 25.0, 5.0 ], [ 25.1364, 5.0 ], [ 25.1476, 5.0114 ], [ 25.1491, 5.0223 ], [ 25.1542, 5.0283 ], [ 25.1636, 5.0269 ], [ 25.1673, 5.0157 ], [ 25.1799, 5.0049 ], [ 25.1912, 5.0038 ], [ 25.2017, 5.0174 ], [ 25.2313, 5.0143 ], [ 25.2476, 5.0247 ], [ 25.318, 5.0362 ], [ 25.3274, 5.0432 ], [ 25.3305, 5.0519 ], [ 25.3277, 5.0742 ], [ 25.3295, 5.0818 ], [ 25.3512, 5.1141 ], [ 25.3552, 5.1491 ], [ 25.3527, 5.1537 ], [ 25.3412, 5.1502 ], [ 25.3322, 5.1564 ], [ 25.3206, 5.1874 ], [ 25.322, 5.195 ], [ 25.3359, 5.2105 ], [ 25.344, 5.2605 ], [ 25.3573, 5.2863 ], [ 25.3747, 5.287 ], [ 25.3843, 5.3 ], [ 25.3815, 5.308 ], [ 25.3696, 5.305 ], [ 25.3677, 5.3155 ], [ 25.3762, 5.3209 ], [ 25.395, 5.3223 ], [ 25.4002, 5.3405 ], [ 25.4041, 5.3426 ], [ 25.4085, 5.3396 ], [ 25.4099, 5.3274 ], [ 25.415, 5.321 ], [ 25.4292, 5.3206 ], [ 25.4459, 5.3407 ], [ 25.4603, 5.349 ], [ 25.4764, 5.3477 ], [ 25.4869, 5.3659 ], [ 25.4975, 5.3641 ], [ 25.5113, 5.3439 ], [ 25.528, 5.3529 ], [ 25.5475, 5.3546 ], [ 25.5503, 5.3583 ], [ 25.5353, 5.3766 ], [ 25.5408, 5.3858 ], [ 25.5461, 5.3861 ], [ 25.555, 5.3765 ], [ 25.5814, 5.3752 ], [ 25.5879, 5.3699 ], [ 25.5877, 5.3547 ], [ 25.5972, 5.3455 ], [ 25.6226, 5.3474 ], [ 25.6268, 5.3415 ], [ 25.6245, 5.3378 ], [ 25.6123, 5.3341 ], [ 25.6018, 5.3228 ], [ 25.6034, 5.3202 ], [ 25.6239, 5.3214 ], [ 25.6273, 5.3175 ], [ 25.628, 5.307 ], [ 25.6345, 5.3017 ], [ 25.64, 5.3029 ], [ 25.642, 5.3072 ], [ 25.6372, 5.3169 ], [ 25.645, 5.327 ], [ 25.6617, 5.3259 ], [ 25.6609, 5.3061 ], [ 25.665, 5.3064 ], [ 25.6744, 5.3122 ], [ 25.6857, 5.3268 ], [ 25.6872, 5.3363 ], [ 25.6912, 5.3307 ], [ 25.7034, 5.3294 ], [ 25.7169, 5.3334 ], [ 25.7297, 5.342 ], [ 25.7579, 5.3398 ], [ 25.7682, 5.3543 ], [ 25.7562, 5.3658 ], [ 25.757, 5.3715 ], [ 25.7697, 5.3822 ], [ 25.7707, 5.3938 ], [ 25.7759, 5.4015 ], [ 25.7707, 5.4164 ], [ 25.7838, 5.4149 ], [ 25.782, 5.4285 ], [ 25.7996, 5.4425 ], [ 25.8064, 5.4591 ], [ 25.8085, 5.4761 ], [ 25.8407, 5.4925 ], [ 25.8516, 5.5044 ], [ 25.8525, 5.513 ], [ 25.8633, 5.519 ], [ 25.872, 5.5333 ], [ 25.8704, 5.5401 ], [ 25.8758, 5.5534 ], [ 25.8964, 5.5584 ], [ 25.9143, 5.5694 ], [ 25.9281, 5.5905 ], [ 25.9285, 5.6035 ], [ 25.9455, 5.6144 ], [ 25.98, 5.6203 ], [ 25.9786, 5.6309 ], [ 25.9835, 5.6508 ], [ 25.9809, 5.6769 ], [ 25.9763, 5.6904 ], [ 25.9492, 5.7295 ], [ 25.9401, 5.7759 ], [ 25.9347, 5.7914 ], [ 25.923, 5.8067 ], [ 25.9269, 5.8164 ], [ 25.9404, 5.8322 ], [ 25.9568, 5.8648 ], [ 25.9373, 5.8592 ], [ 25.916, 5.8448 ], [ 25.9034, 5.8347 ], [ 25.8896, 5.8168 ], [ 25.8834, 5.7889 ], [ 25.8926, 5.7473 ], [ 25.8884, 5.737 ], [ 25.8813, 5.7426 ], [ 25.8776, 5.7519 ], [ 25.8693, 5.7572 ], [ 25.8543, 5.7789 ], [ 25.849, 5.7807 ], [ 25.8305, 5.7725 ], [ 25.8219, 5.7733 ], [ 25.8173, 5.7796 ], [ 25.7842, 5.7882 ], [ 25.7472, 5.7795 ], [ 25.7349, 5.772 ], [ 25.7256, 5.7767 ], [ 25.71, 5.7703 ], [ 25.6952, 5.7705 ], [ 25.6874, 5.7657 ], [ 25.6744, 5.7398 ], [ 25.6669, 5.7322 ], [ 25.6641, 5.7325 ], [ 25.6518, 5.7565 ], [ 25.6468, 5.7589 ], [ 25.6287, 5.7521 ], [ 25.6094, 5.739 ], [ 25.6167, 5.7052 ], [ 25.6125, 5.6958 ], [ 25.5904, 5.6866 ], [ 25.5815, 5.6925 ], [ 25.5732, 5.7072 ], [ 25.5636, 5.7084 ], [ 25.519, 5.6852 ], [ 25.5107, 5.684 ], [ 25.505, 5.6888 ], [ 25.5024, 5.7 ], [ 25.48, 5.7306 ], [ 25.4795, 5.7689 ], [ 25.4732, 5.8096 ], [ 25.4764, 5.8185 ], [ 25.4752, 5.855 ], [ 25.4662, 5.8714 ], [ 25.4608, 5.8729 ], [ 25.4306, 5.8731 ], [ 25.4245, 5.8782 ], [ 25.417, 5.8771 ], [ 25.4153, 5.8816 ], [ 25.4044, 5.8718 ], [ 25.3968, 5.8705 ], [ 25.3926, 5.8851 ], [ 25.3746, 5.8789 ], [ 25.3683, 5.8734 ], [ 25.3646, 5.8577 ], [ 25.3552, 5.856 ], [ 25.3472, 5.8661 ], [ 25.3306, 5.8679 ], [ 25.3108, 5.8618 ], [ 25.2899, 5.8671 ], [ 25.2912, 5.8514 ], [ 25.2827, 5.8468 ], [ 25.2773, 5.8484 ], [ 25.2749, 5.8582 ], [ 25.27, 5.8429 ], [ 25.2696, 5.8378 ], [ 25.2743, 5.8322 ], [ 25.2877, 5.8273 ], [ 25.2869, 5.8158 ], [ 25.2831, 5.8103 ], [ 25.2796, 5.8089 ], [ 25.2664, 5.8138 ], [ 25.2512, 5.8286 ], [ 25.2411, 5.8294 ], [ 25.2304, 5.8239 ], [ 25.2119, 5.8242 ], [ 25.2015, 5.8339 ], [ 25.1914, 5.8285 ], [ 25.1859, 5.8069 ], [ 25.1757, 5.796 ], [ 25.1673, 5.7965 ], [ 25.165, 5.8011 ], [ 25.148, 5.7933 ], [ 25.1447, 5.7697 ], [ 25.1403, 5.7692 ], [ 25.1372, 5.7731 ], [ 25.1264, 5.8025 ], [ 25.1175, 5.8072 ], [ 25.1117, 5.8067 ], [ 25.0994, 5.785 ], [ 25.0925, 5.7783 ], [ 25.0767, 5.7739 ], [ 25.0642, 5.7753 ], [ 25.0536, 5.7656 ], [ 25.0419, 5.765 ], [ 25.0339, 5.7597 ], [ 25.0328, 5.7542 ], [ 25.0464, 5.7469 ], [ 25.0505, 5.7378 ], [ 25.0394, 5.7147 ], [ 25.0425, 5.6917 ], [ 25.0317, 5.6689 ], [ 25.0342, 5.6522 ], [ 25.0417, 5.6392 ], [ 25.0403, 5.6353 ], [ 25.0272, 5.6275 ], [ 25.0269, 5.615 ], [ 25.0308, 5.5989 ], [ 25.0453, 5.5928 ], [ 25.0431, 5.588 ], [ 25.0236, 5.5805 ], [ 25.0181, 5.5736 ], [ 25.0269, 5.5692 ], [ 25.0397, 5.5697 ], [ 25.0478, 5.5644 ], [ 25.0453, 5.5603 ], [ 25.0236, 5.5483 ], [ 25.0197, 5.5389 ], [ 25.0197, 5.52 ], [ 25.0111, 5.5058 ], [ 24.9944, 5.4969 ], [ 24.9861, 5.4847 ], [ 24.97, 5.4844 ], [ 24.9583, 5.4756 ], [ 24.9592, 5.4655 ], [ 24.9728, 5.4592 ], [ 24.9736, 5.4489 ], [ 24.9703, 5.4455 ], [ 24.9492, 5.44 ], [ 24.94, 5.4292 ], [ 24.9114, 5.4411 ], [ 24.9069, 5.4389 ], [ 24.915, 5.4203 ], [ 24.9139, 5.4147 ], [ 24.8975, 5.4108 ], [ 24.89, 5.4044 ], [ 24.8919, 5.3864 ], [ 24.888, 5.3836 ], [ 24.8792, 5.395 ], [ 24.875, 5.3975 ], [ 24.8708, 5.395 ], [ 24.8717, 5.3836 ], [ 24.8792, 5.3708 ], [ 24.8794, 5.3639 ], [ 24.8736, 5.3364 ], [ 24.8675, 5.3289 ], [ 24.8608, 5.3355 ], [ 24.8497, 5.3369 ], [ 24.8414, 5.3472 ], [ 24.8364, 5.3483 ], [ 24.8167, 5.32 ], [ 24.8078, 5.315 ], [ 24.7903, 5.3125 ], [ 24.7869, 5.3089 ], [ 24.7839, 5.2867 ], [ 24.7794, 5.2839 ], [ 24.7742, 5.2853 ], [ 24.7525, 5.2975 ], [ 24.7322, 5.2903 ], [ 24.7147, 5.2675 ], [ 24.6956, 5.2592 ], [ 24.6644, 5.2658 ], [ 24.653, 5.2636 ], [ 24.635, 5.2656 ], [ 24.6214, 5.2614 ], [ 24.6069, 5.2744 ], [ 24.603, 5.2714 ], [ 24.6025, 5.2589 ], [ 24.5994, 5.2547 ], [ 24.5869, 5.2472 ], [ 24.5844, 5.2378 ], [ 24.5872, 5.2269 ], [ 24.5722, 5.2078 ], [ 24.5731, 5.1792 ], [ 24.5689, 5.1764 ], [ 24.5572, 5.1917 ], [ 24.5472, 5.195 ], [ 24.5433, 5.1925 ], [ 24.5353, 5.1736 ], [ 24.5458, 5.1639 ], [ 24.5442, 5.1592 ], [ 24.5344, 5.1564 ], [ 24.5325, 5.1519 ], [ 24.5353, 5.1411 ], [ 24.5422, 5.1342 ], [ 24.5536, 5.1364 ], [ 24.5575, 5.1339 ], [ 24.5605, 5.1297 ], [ 24.5578, 5.1189 ], [ 24.5428, 5.1064 ], [ 24.5369, 5.1061 ], [ 24.5314, 5.1072 ], [ 24.5136, 5.1233 ], [ 24.5022, 5.1239 ], [ 24.498, 5.1214 ], [ 24.4857, 5.0994 ], [ 24.4762, 5.0986 ] ] ] } },
{ "type": "Feature", "properties": { "iso3": "CAF", "unit_id": "68536942B2279137015290", "unit_name": "Djéma" }, "geometry": { "type": "Polygon", "coordinates": [ [ [ 24.2607, 6.7526 ], [ 24.3486, 6.6608 ], [ 24.4597, 6.5269 ], [ 24.5969, 6.3833 ], [ 24.6036, 6.3831 ], [ 24.6194, 6.3975 ], [ 24.6342, 6.4033 ], [ 24.6819, 6.3944 ], [ 24.7006, 6.3964 ], [ 24.7811, 6.4858 ], [ 24.7997, 6.4911 ], [ 24.8231, 6.4883 ], [ 24.85, 6.4947 ], [ 24.8792, 6.4967 ], [ 24.8919, 6.4936 ], [ 24.9014, 6.4861 ], [ 24.9353, 6.4492 ], [ 24.9631, 6.4433 ], [ 24.9753, 6.4375 ], [ 25.0319, 6.3864 ], [ 25.0633, 6.3667 ], [ 25.0753, 6.3403 ], [ 25.0736, 6.2989 ], [ 25.0683, 6.2939 ], [ 25.0558, 6.29 ], [ 25.0261, 6.2931 ], [ 25.0122, 6.2892 ], [ 25.0042, 6.2722 ], [ 25.0005, 6.2405 ], [ 24.9933, 6.2356 ], [ 24.9611, 6.228 ], [ 24.9428, 6.2078 ], [ 24.9272, 6.2047 ], [ 24.8883, 6.2136 ], [ 24.8547, 6.2283 ], [ 24.8464, 6.223 ], [ 24.8447, 6.2172 ], [ 24.8486, 6.2081 ], [ 24.9008, 6.1717 ], [ 24.9825, 6.0997 ], [ 24.9939, 6.0872 ], [ 25.0056, 6.0597 ], [ 25.0133, 6.0572 ], [ 25.0317, 6.0628 ], [ 25.0461, 6.0597 ], [ 25.0525, 6.053 ], [ 25.0536, 6.0453 ], [ 25.0486, 6.0261 ], [ 25.0539, 6.0186 ], [ 25.0831, 5.9978 ], [ 25.0911, 5.9653 ], [ 25.0978, 5.958 ], [ 25.1092, 5.9561 ], [ 25.1469, 5.97 ], [ 25.1544, 5.9667 ], [ 25.1897, 5.9164 ], [ 25.1897, 5.9064 ], [ 25.1606, 5.87 ], [ 25.1522, 5.8272 ], [ 25.1553, 5.8061 ], [ 25.148, 5.7933 ], [ 25.165, 5.8011 ], [ 25.1673, 5.7965 ], [ 25.1757, 5.796 ], [ 25.1859, 5.8069 ], [ 25.1914, 5.8285 ], [ 25.2015, 5.8339 ], [ 25.2119, 5.8242 ], [ 25.2304, 5.8239 ], [ 25.2411, 5.8294 ], [ 25.2512, 5.8286 ], [ 25.2664, 5.8138 ], [ 25.2796, 5.8089 ], [ 25.2831, 5.8103 ], [ 25.2869, 5.8158 ], [ 25.2877, 5.8273 ], [ 25.2743, 5.8322 ], [ 25.2696, 5.8378 ], [ 25.27, 5.8429 ], [ 25.2749, 5.8582 ], [ 25.2773, 5.8484 ], [ 25.2827, 5.8468 ], [ 25.2912, 5.8514 ], [ 25.2899, 5.8671 ], [ 25.3108, 5.8618 ], [ 25.3306, 5.8679 ], [ 25.3472, 5.8661 ], [ 25.3552, 5.856 ], [ 25.3646, 5.8577 ], [ 25.3683, 5.8734 ], [ 25.3746, 5.8789 ], [ 25.3926, 5.8851 ], [ 25.3968, 5.8705 ], [ 25.4044, 5.8718 ], [ 25.4153, 5.8816 ], [ 25.417, 5.8771 ], [ 25.4245, 5.8782 ], [ 25.4306, 5.8731 ], [ 25.4608, 5.8729 ], [ 25.4662, 5.8714 ], [ 25.4752, 5.855 ], [ 25.4764, 5.8185 ], [ 25.4732, 5.8096 ], [ 25.4795, 5.7689 ], [ 25.48, 5.7306 ], [ 25.5024, 5.7 ], [ 25.505, 5.6888 ], [ 25.5107, 5.684 ], [ 25.519, 5.6852 ], [ 25.5636, 5.7084 ], [ 25.5732, 5.7072 ], [ 25.5815, 5.6925 ], [ 25.5904, 5.6866 ], [ 25.6125, 5.6958 ], [ 25.6167, 5.7052 ], [ 25.6094, 5.739 ], [ 25.6287, 5.7521 ], [ 25.6468, 5.7589 ], [ 25.6518, 5.7565 ], [ 25.6641, 5.7325 ], [ 25.6669, 5.7322 ], [ 25.6744, 5.7398 ], [ 25.6874, 5.7657 ], [ 25.6952, 5.7705 ], [ 25.71, 5.7703 ], [ 25.7256, 5.7767 ], [ 25.7349, 5.772 ], [ 25.7472, 5.7795 ], [ 25.7842, 5.7882 ], [ 25.8173, 5.7796 ], [ 25.8219, 5.7733 ], [ 25.8305, 5.7725 ], [ 25.849, 5.7807 ], [ 25.8543, 5.7789 ], [ 25.8693, 5.7572 ], [ 25.8776, 5.7519 ], [ 25.8813, 5.7426 ], [ 25.8884, 5.737 ], [ 25.8926, 5.7473 ], [ 25.8834, 5.7889 ], [ 25.8896, 5.8168 ], [ 25.9034, 5.8347 ], [ 25.916, 5.8448 ], [ 25.9373, 5.8592 ], [ 25.9554, 5.8654 ], [ 25.9404, 5.8322 ], [ 25.9269, 5.8164 ], [ 25.923, 5.8067 ], [ 25.9347, 5.7914 ], [ 25.9401, 5.7759 ], [ 25.9492, 5.7295 ], [ 25.9763, 5.6904 ], [ 25.9809, 5.6769 ], [ 25.9835, 5.6508 ], [ 25.9786, 5.6309 ], [ 25.98, 5.6203 ], [ 26.0079, 5.631 ], [ 26.0213, 5.6255 ], [ 26.0434, 5.6408 ], [ 26.0648, 5.6332 ], [ 26.0898, 5.6436 ], [ 26.1124, 5.6608 ], [ 26.1385, 5.6677 ], [ 26.1518, 5.712 ], [ 26.1615, 5.7323 ], [ 26.1598, 5.742 ], [ 26.1623, 5.7452 ], [ 26.2042, 5.763 ], [ 26.2437, 5.7975 ], [ 26.2745, 5.8091 ], [ 26.2922, 5.8198 ], [ 26.3239, 5.827 ], [ 26.3446, 5.8369 ], [ 26.3792, 5.8455 ], [ 26.4089, 5.8591 ], [ 26.432, 5.8618 ], [ 26.4855, 5.8865 ], [ 26.5173, 5.8971 ], [ 26.5427, 5.9003 ], [ 26.5662, 5.9338 ], [ 26.5662, 5.9386 ], [ 26.5503, 5.961 ], [ 26.5441, 5.988 ], [ 26.5458, 6.001 ], [ 26.5609, 6.0271 ], [ 26.5602, 6.0333 ], [ 26.5522, 6.0568 ], [ 26.5391, 6.0639 ], [ 26.538, 6.0819 ], [ 26.5325, 6.089 ], [ 26.5316, 6.1014 ], [ 26.5243, 6.1051 ], [ 26.519, 6.1155 ], [ 26.4866, 6.1027 ], [ 26.4603, 6.0777 ], [ 26.4512, 6.0858 ], [ 26.4505, 6.1028 ], [ 26.4591, 6.1237 ], [ 26.4996, 6.1489 ], [ 26.524, 6.1769 ], [ 26.5337, 6.1946 ], [ 26.5354, 6.2151 ], [ 26.5326, 6.2201 ], [ 26.5271, 6.2247 ], [ 26.5177, 6.2264 ], [ 26.4887, 6.2145 ], [ 26.4807, 6.2205 ], [ 26.4725, 6.2371 ], [ 26.4756, 6.2773 ], [ 26.4662, 6.2842 ], [ 26.4473, 6.2893 ], [ 26.4372, 6.2995 ], [ 26.3966, 6.3058 ], [ 26.3846, 6.3123 ], [ 26.3734, 6.3282 ], [ 26.3436, 6.357 ], [ 26.2935, 6.393 ], [ 26.294, 6.402 ], [ 26.2984, 6.4093 ], [ 26.3113, 6.4196 ], [ 26.3157, 6.4297 ], [ 26.3006, 6.441 ], [ 26.3084, 6.4596 ], [ 26.3036, 6.4654 ], [ 26.2951, 6.4606 ], [ 26.2866, 6.4625 ], [ 26.2931, 6.4864 ], [ 26.2972, 6.4939 ], [ 26.3232, 6.4936 ], [ 26.3269, 6.498 ], [ 26.3269, 6.5038 ], [ 26.3205, 6.5123 ], [ 26.3274, 6.5199 ], [ 26.3307, 6.5332 ], [ 26.336, 6.5401 ], [ 26.3498, 6.5502 ], [ 26.3529, 6.5752 ], [ 26.3577, 6.5793 ], [ 26.377, 6.5765 ], [ 26.3818, 6.5788 ], [ 26.3817, 6.5949 ], [ 26.4038, 6.6117 ], [ 26.4151, 6.6374 ], [ 26.4144, 6.6438 ], [ 26.4071, 6.6519 ], [ 26.3915, 6.6558 ], [ 26.3575, 6.689 ], [ 26.3306, 6.6907 ], [ 26.3138, 6.7032 ], [ 26.2842, 6.7025 ], [ 26.2628, 6.709 ], [ 26.2576, 6.7341 ], [ 26.2403, 6.7396 ], [ 26.2162, 6.7411 ], [ 26.2072, 6.7473 ], [ 26.2084, 6.7629 ], [ 26.1767, 6.786 ], [ 26.1737, 6.7899 ], [ 26.1795, 6.8007 ], [ 26.1763, 6.8078 ], [ 26.1676, 6.8131 ], [ 26.1147, 6.8153 ], [ 26.1046, 6.8239 ], [ 26.0856, 6.8542 ], [ 26.0891, 6.9041 ], [ 26.0854, 6.9083 ], [ 26.0774, 6.9016 ], [ 26.0679, 6.9007 ], [ 26.0606, 6.9104 ], [ 26.0627, 6.9237 ], [ 26.0482, 6.9221 ], [ 26.0408, 6.9251 ], [ 26.0411, 6.9318 ], [ 26.0549, 6.9449 ], [ 26.0451, 6.9654 ], [ 26.0541, 6.9853 ], [ 26.0541, 6.9943 ], [ 26.0486, 7.0005 ], [ 26.0307, 7.0075 ], [ 25.9856, 7.0069 ], [ 25.9798, 7.0119 ], [ 25.9794, 7.0188 ], [ 25.9245, 7.0541 ], [ 25.9229, 7.0587 ], [ 25.8996, 7.0617 ], [ 25.8941, 7.0656 ], [ 25.8953, 7.0718 ], [ 25.9066, 7.0831 ], [ 25.9013, 7.0886 ], [ 25.8935, 7.0902 ], [ 25.8891, 7.0969 ], [ 25.8753, 7.0969 ], [ 25.8629, 7.1071 ], [ 25.8169, 7.1108 ], [ 25.8116, 7.1147 ], [ 25.8227, 7.1276 ], [ 25.8248, 7.1421 ], [ 25.8181, 7.1492 ], [ 25.7512, 7.159 ], [ 25.7509, 7.1741 ], [ 25.7415, 7.1778 ], [ 25.7289, 7.1769 ], [ 25.7199, 7.1696 ], [ 25.7139, 7.1737 ], [ 25.7056, 7.1903 ], [ 25.7006, 7.1933 ], [ 25.69, 7.1968 ], [ 25.6829, 7.1924 ], [ 25.6654, 7.194 ], [ 25.655, 7.2 ], [ 25.6479, 7.2115 ], [ 25.6318, 7.2113 ], [ 25.6173, 7.2189 ], [ 25.6044, 7.216 ], [ 25.598, 7.2187 ], [ 25.5959, 7.2355 ], [ 25.5884, 7.2406 ], [ 25.5837, 7.2387 ], [ 25.5789, 7.2282 ], [ 25.569, 7.233 ], [ 25.5672, 7.2362 ], [ 25.5709, 7.25 ], [ 25.5585, 7.2585 ], [ 25.5494, 7.2519 ], [ 25.5345, 7.2737 ], [ 25.5265, 7.277 ], [ 25.5219, 7.2745 ], [ 25.5104, 7.2788 ], [ 25.5067, 7.2678 ], [ 25.4991, 7.2674 ], [ 25.4927, 7.2763 ], [ 25.4834, 7.269 ], [ 25.4775, 7.2692 ], [ 25.4738, 7.2789 ], [ 25.4692, 7.28 ], [ 25.4653, 7.2872 ], [ 25.4529, 7.283 ], [ 25.455, 7.3021 ], [ 25.4517, 7.3063 ], [ 25.4467, 7.3074 ], [ 25.4379, 7.3028 ], [ 25.4253, 7.3185 ], [ 25.4041, 7.3327 ], [ 25.3951, 7.3247 ], [ 25.3894, 7.324 ], [ 25.3779, 7.3406 ], [ 25.3662, 7.3411 ], [ 25.3611, 7.3445 ], [ 25.3473, 7.3765 ], [ 25.3494, 7.3907 ], [ 25.3361, 7.4103 ], [ 25.3366, 7.4217 ], [ 25.3237, 7.427 ], [ 25.3101, 7.4227 ], [ 25.3069, 7.4351 ], [ 25.297, 7.4418 ], [ 25.2915, 7.4517 ], [ 25.2834, 7.4526 ], [ 25.2874, 7.4609 ], [ 25.2795, 7.4652 ], [ 25.2756, 7.4753 ], [ 25.2703, 7.4675 ], [ 25.2519, 7.4726 ], [ 25.2388, 7.4722 ], [ 25.2264, 7.4841 ], [ 25.2149, 7.4871 ], [ 25.2063, 7.4851 ], [ 25.2004, 7.489 ], [ 25.1958, 7.4966 ], [ 25.1999, 7.5064 ], [ 25.1974, 7.5361 ], [ 25.1871, 7.5611 ], [ 25.174, 7.5696 ], [ 25.1754, 7.5793 ], [ 25.1846, 7.5827 ], [ 25.189, 7.5912 ], [ 25.2106, 7.5976 ], [ 25.2143, 7.6096 ], [ 25.2318, 7.6105 ], [ 25.2369, 7.6208 ], [ 25.2452, 7.6242 ], [ 25.2565, 7.6212 ], [ 25.2664, 7.6293 ], [ 25.2878, 7.6389 ], [ 25.2919, 7.6439 ], [ 25.2922, 7.6508 ], [ 25.2867, 7.657 ], [ 25.289, 7.6626 ], [ 25.3005, 7.6616 ], [ 25.3049, 7.6653 ], [ 25.3053, 7.6724 ], [ 25.2892, 7.683 ], [ 25.2876, 7.692 ], [ 25.2803, 7.6979 ], [ 25.2803, 7.7041 ], [ 25.2867, 7.7136 ], [ 25.2812, 7.7246 ], [ 25.2884, 7.7312 ], [ 25.2932, 7.7457 ], [ 25.2868, 7.7815 ], [ 25.2923, 7.7923 ], [ 25.2896, 7.7997 ], [ 25.2845, 7.8036 ], [ 25.2783, 7.7969 ], [ 25.267, 7.7995 ], [ 25.2666, 7.8126 ], [ 25.2606, 7.8167 ], [ 25.2512, 7.8351 ], [ 25.2298, 7.8567 ], [ 25.2309, 7.8677 ], [ 25.2134, 7.8671 ], [ 25.1801, 7.9029 ], [ 25.1674, 7.899 ], [ 25.1476, 7.8993 ], [ 25.1395, 7.8947 ], [ 25.117, 7.8919 ], [ 25.0932, 7.8837 ], [ 25.0875, 7.8885 ], [ 25.0762, 7.9103 ], [ 25.0587, 7.9274 ], [ 24.9979, 7.9641 ], [ 24.9717, 7.9837 ], [ 24.9562, 8.0172 ], [ 24.9422, 8.0316 ], [ 24.9095, 8.0472 ], [ 24.9058, 8.0516 ], [ 24.8887, 8.1376 ], [ 24.8781, 8.1475 ], [ 24.8647, 8.1805 ], [ 24.8532, 8.1837 ], [ 24.8459, 8.177 ], [ 24.8318, 8.1908 ], [ 24.8051, 8.1912 ], [ 24.7793, 8.1818 ], [ 24.7613, 8.1836 ], [ 24.7563, 8.1868 ], [ 24.7489, 8.2027 ], [ 24.7397, 8.2089 ], [ 24.7023, 8.2068 ], [ 24.6885, 8.2122 ], [ 24.6818, 8.2196 ], [ 24.647, 8.2262 ], [ 24.6219, 8.223 ], [ 24.5685, 8.2036 ], [ 24.554, 8.2043 ], [ 24.516, 8.223 ], [ 24.5033, 8.2388 ], [ 24.4934, 8.2377 ], [ 24.4755, 8.2753 ], [ 24.4617, 8.2727 ], [ 24.4394, 8.2759 ], [ 24.4308, 8.2816 ], [ 24.4142, 8.2806 ], [ 24.3715, 8.2514 ], [ 24.3604, 8.2518 ], [ 24.3496, 8.2564 ], [ 24.3385, 8.2711 ], [ 24.3002, 8.2655 ], [ 24.2739, 8.2734 ], [ 24.2914, 8.2369 ], [ 24.3617, 8.1786 ], [ 24.4069, 8.1672 ], [ 24.4147, 8.1622 ], [ 24.4192, 8.1525 ], [ 24.4175, 8.1186 ], [ 24.4203, 8.113 ], [ 24.445, 8.0983 ], [ 24.4594, 8.0811 ], [ 24.4783, 8.0717 ], [ 24.4842, 8.0583 ], [ 24.4689, 7.9605 ], [ 24.4647, 7.9525 ], [ 24.4531, 7.9439 ], [ 24.4492, 7.9342 ], [ 24.4506, 7.9269 ], [ 24.4622, 7.9103 ], [ 24.4672, 7.8375 ], [ 24.4739, 7.8192 ], [ 24.4883, 7.7964 ], [ 24.4883, 7.7842 ], [ 24.4805, 7.7589 ], [ 24.4819, 7.7469 ], [ 24.4964, 7.7278 ], [ 24.5019, 7.7128 ], [ 24.5017, 7.6942 ], [ 24.4933, 7.6628 ], [ 24.4961, 7.6333 ], [ 24.5036, 7.6075 ], [ 24.53, 7.5736 ], [ 24.5419, 7.5314 ], [ 24.5522, 7.5281 ], [ 24.5631, 7.518 ], [ 24.5556, 7.5128 ], [ 24.5553, 7.5072 ], [ 24.585, 7.49 ], [ 24.5961, 7.4875 ], [ 24.5953, 7.4817 ], [ 24.5844, 7.4803 ], [ 24.5806, 7.4642 ], [ 24.5681, 7.4367 ], [ 24.5658, 7.4186 ], [ 24.5506, 7.4139 ], [ 24.5478, 7.39 ], [ 24.5453, 7.3858 ], [ 24.5353, 7.3836 ], [ 24.5311, 7.3608 ], [ 24.5144, 7.3372 ], [ 24.5092, 7.3161 ], [ 24.5128, 7.2942 ], [ 24.5211, 7.2753 ], [ 24.5203, 7.2706 ], [ 24.5103, 7.2606 ], [ 24.5111, 7.2492 ], [ 24.5194, 7.2444 ], [ 24.5325, 7.2517 ], [ 24.5422, 7.2481 ], [ 24.5358, 7.2219 ], [ 24.5386, 7.2175 ], [ 24.5578, 7.2092 ], [ 24.5622, 7.2006 ], [ 24.5625, 7.195 ], [ 24.5517, 7.1858 ], [ 24.5503, 7.1669 ], [ 24.5547, 7.1442 ], [ 24.5539, 7.1314 ], [ 24.5394, 7.0928 ], [ 24.5511, 7.0705 ], [ 24.5569, 7.0364 ], [ 24.5553, 7.0317 ], [ 24.5483, 7.025 ], [ 24.5417, 7.005 ], [ 24.5364, 7.0039 ], [ 24.5203, 7.0142 ], [ 24.5164, 7.0114 ], [ 24.4922, 6.9753 ], [ 24.4536, 6.9692 ], [ 24.4344, 6.9769 ], [ 24.423, 6.975 ], [ 24.4125, 6.9778 ], [ 24.3881, 6.9681 ], [ 24.3814, 6.9614 ], [ 24.3611, 6.9667 ], [ 24.3497, 6.9639 ], [ 24.3444, 6.9425 ], [ 24.3189, 6.9342 ], [ 24.3314, 6.8942 ], [ 24.3467, 6.8894 ], [ 24.3494, 6.8803 ], [ 24.3453, 6.8775 ], [ 24.3333, 6.8786 ], [ 24.3258, 6.8725 ], [ 24.3233, 6.8619 ], [ 24.3314, 6.8433 ], [ 24.3281, 6.84 ], [ 24.3219, 6.8392 ], [ 24.3119, 6.8289 ], [ 24.2883, 6.8256 ], [ 24.2825, 6.818 ], [ 24.285, 6.8075 ], [ 24.2958, 6.8047 ], [ 24.2986, 6.7875 ], [ 24.3089, 6.7869 ], [ 24.3103, 6.7758 ], [ 24.3031, 6.77 ], [ 24.2911, 6.7678 ], [ 24.2744, 6.7778 ], [ 24.2683, 6.7772 ], [ 24.2607, 6.7526 ] ] ] } },
{ "type": "Feature", "properties": { "iso3": "CAF", "unit_id": "68536942B44978777608852", "unit_name": "Bangui" }, "geometry": { "type": "Polygon", "coordinates": [ [ [ 18.5437, 4.3241 ], [ 18.5467, 4.3321 ], [ 18.5726, 4.3526 ], [ 18.5721, 4.356 ], [ 18.5879, 4.3575 ], [ 18.5965, 4.3632 ], [ 18.5989, 4.3697 ], [ 18.6038, 4.3697 ], [ 18.6229, 4.3557 ], [ 18.6353, 4.3622 ], [ 18.6426, 4.3615 ], [ 18.6433, 4.3705 ], [ 18.6304, 4.3764 ], [ 18.6296, 4.3803 ], [ 18.6141, 4.3852 ], [ 18.6014, 4.3984 ], [ 18.5953, 4.3998 ], [ 18.5993, 4.3865 ], [ 18.5961, 4.383 ], [ 18.5966, 4.3695 ], [ 18.5836, 4.3688 ], [ 18.576, 4.3809 ], [ 18.57, 4.3842 ], [ 18.5696, 4.3917 ], [ 18.5827, 4.3916 ], [ 18.5869, 4.3944 ], [ 18.5858, 4.4063 ], [ 18.5894, 4.4101 ], [ 18.5858, 4.412 ], [ 18.5778, 4.409 ], [ 18.5707, 4.417 ], [ 18.5668, 4.4172 ], [ 18.5645, 4.4276 ], [ 18.5603, 4.4266 ], [ 18.5592, 4.4309 ], [ 18.5525, 4.4295 ], [ 18.5492, 4.433 ], [ 18.5239, 4.4177 ], [ 18.5314, 4.3893 ], [ 18.5286, 4.388 ], [ 18.5313, 4.3763 ], [ 18.5268, 4.3752 ], [ 18.5267, 4.368 ], [ 18.535, 4.3424 ], [ 18.5386, 4.339 ], [ 18.5396, 4.3238 ], [ 18.5437, 4.3241 ] ] ] } }
]
}
