{
"type": "FeatureCollection",
"name": "CMR",
"crs": { "type": "name", "properties": { "name": "urn:ogc:def:crs:OGC:1.3:CRS84" } },
"xy_coordinate_resolution": 0.0001,
"features": [
{ "type": "Feature", "properties": { "iso3": "CMR", "unit_id": "13109269B77227632358874", "unit_name": "Djérem" }, "geometry": { "type": "Polygon", "coordinates": [ [ [ 13.3931, 6.6372 ], [ 13.3924, 6.6414 ], [ 13.3739, 6.6465 ], [ 13.3711, 6.6533 ], [ 13.3739, 6.6626 ], [ 13.3678, 6.6651 ], [ 13.3609, 6.6789 ], [ 13.3668, 6.6834 ], [ 13.3526, 6.6887 ], [ 13.3592, 6.7131 ], [ 13.3552, 6.7115 ], [ 13.3533, 6.7151 ], [ 13.3589, 6.722 ], [ 13.3553, 6.7259 ], [ 13.3497, 6.7251 ], [ 13.3485, 6.7312 ], [ 13.3432, 6.7326 ], [ 13.3456, 6.737 ], [ 13.337, 6.744 ], [ 13.339, 6.7467 ], [ 13.3446, 6.745 ], [ 13.3437, 6.748 ], [ 13.3353, 6.7509 ], [ 13.332, 6.7487 ], [ 13.3122, 6.7509 ], [ 13.2802, 6.7616 ], [ 13.2705, 6.7622 ], [ 13.266, 6.7786 ], [ 13.2528, 6.7769 ], [ 13.2529, 6.7858 ], [ 13.2479, 6.7891 ], [ 13.2316, 6.7775 ], [ 13.2023, 6.7761 ], [ 13.1943, 6.782 ], [ 13.1868, 6.7755 ], [ 13.181, 6.775 ], [ 13.1697, 6.7918 ], [ 13.1579, 6.7988 ], [ 13.1336, 6.8038 ], [ 13.1268, 6.811 ], [ 13.1108, 6.8186 ], [ 13.1076, 6.8213 ], [ 13.1061, 6.8328 ], [ 13.0982, 6.8363 ], [ 13.0868, 6.8343 ], [ 13.0711, 6.8396 ], [ 13.069, 6.8452 ], [ 13.0802, 6.8579 ], [ 13.0786, 6.8628 ], [ 13.0628, 6.8738 ], [ 13.0621, 6.879 ], [ 13.0593, 6.8791 ], [ 13.0533, 6.8702 ], [ 13.0375, 6.8677 ], [ 13.0262, 6.8621 ], [ 13.0083, 6.8416 ], [ 12.9963, 6.8391 ], [ 12.9915, 6.8313 ], [ 12.9785, 6.8215 ], [ 12.9598, 6.8147 ], [ 12.9552, 6.8027 ], [ 12.9404, 6.7909 ], [ 12.9365, 6.7805 ], [ 12.9234, 6.7775 ], [ 12.9175, 6.765 ], [ 12.8922, 6.7716 ], [ 12.8762, 6.7698 ], [ 12.8739, 6.7842 ], [ 12.8855, 6.7986 ], [ 12.8852, 6.8046 ], [ 12.893, 6.8117 ], [ 12.8918, 6.8319 ], [ 12.9005, 6.8481 ], [ 12.9098, 6.8561 ], [ 12.9133, 6.8698 ], [ 12.9028, 6.8822 ], [ 12.9019, 6.8921 ], [ 12.8935, 6.903 ], [ 12.8931, 6.9411 ], [ 12.879, 6.9583 ], [ 12.8774, 6.9667 ], [ 12.8712, 6.9721 ], [ 12.8608, 6.9744 ], [ 12.8593, 6.9835 ], [ 12.8497, 6.9889 ], [ 12.8429, 6.9976 ], [ 12.8379, 7.0084 ], [ 12.835, 7.0269 ], [ 12.8304, 7.0283 ], [ 12.8215, 7.0253 ], [ 12.8107, 7.034 ], [ 12.8046, 7.0303 ], [ 12.7957, 7.0096 ], [ 12.7888, 7.0019 ], [ 12.7763, 6.9952 ], [ 12.7609, 6.9952 ], [ 12.7583, 7.0027 ], [ 12.7506, 7.0037 ], [ 12.7435, 7.0094 ], [ 12.7284, 6.9984 ], [ 12.7143, 6.997 ], [ 12.6906, 7.0186 ], [ 12.6799, 7.0178 ], [ 12.6756, 7.01 ], [ 12.6612, 7.0111 ], [ 12.6553, 7.0076 ], [ 12.6452, 7.0261 ], [ 12.6421, 7.0271 ], [ 12.6346, 7.0177 ], [ 12.6261, 7.0131 ], [ 12.6247, 6.9978 ], [ 12.6157, 6.988 ], [ 12.6095, 6.998 ], [ 12.6087, 7.0144 ], [ 12.6006, 7.0232 ], [ 12.6046, 7.0353 ], [ 12.6022, 7.0415 ], [ 12.5931, 7.0437 ], [ 12.5854, 7.0404 ], [ 12.5791, 7.0414 ], [ 12.5659, 7.0339 ], [ 12.5483, 7.0484 ], [ 12.5449, 7.0589 ], [ 12.5297, 7.0546 ], [ 12.5271, 7.0402 ], [ 12.5342, 7.0366 ], [ 12.5325, 7.034 ], [ 12.5354, 7.0279 ], [ 12.5316, 7.017 ], [ 12.5257, 7.0149 ], [ 12.5253, 7.0001 ], [ 12.5192, 6.9946 ], [ 12.5105, 6.9978 ], [ 12.5008, 6.9956 ], [ 12.4713, 6.9465 ], [ 12.4409, 6.8844 ], [ 12.4277, 6.8933 ], [ 12.4064, 6.8899 ], [ 12.3921, 6.8945 ], [ 12.3885, 6.894 ], [ 12.3858, 6.8847 ], [ 12.3797, 6.8815 ], [ 12.3332, 6.875 ], [ 12.327, 6.8767 ], [ 12.3209, 6.8858 ], [ 12.3048, 6.8926 ], [ 12.2819, 6.9122 ], [ 12.2588, 6.9379 ], [ 12.2388, 6.9522 ], [ 12.2369, 6.9599 ], [ 12.2255, 6.974 ], [ 12.2135, 6.9794 ], [ 12.2043, 6.9786 ], [ 12.2013, 6.9826 ], [ 12.1959, 6.9702 ], [ 12.1983, 6.9618 ], [ 12.1954, 6.9571 ], [ 12.1816, 6.9527 ], [ 12.1619, 6.9317 ], [ 12.1481, 6.9331 ], [ 12.1501, 6.9218 ], [ 12.1425, 6.9111 ], [ 12.1476, 6.906 ], [ 12.1463, 6.8925 ], [ 12.1506, 6.886 ], [ 12.1498, 6.8805 ], [ 12.1601, 6.8749 ], [ 12.1522, 6.8544 ], [ 12.1563, 6.8313 ], [ 12.1488, 6.8285 ], [ 12.14, 6.8094 ], [ 12.1316, 6.8004 ], [ 12.1252, 6.8026 ], [ 12.1158, 6.8128 ], [ 12.0834, 6.7927 ], [ 12.0701, 6.7906 ], [ 12.0617, 6.7933 ], [ 12.0669, 6.7758 ], [ 12.0744, 6.7756 ], [ 12.0857, 6.7476 ], [ 12.067, 6.7434 ], [ 12.058, 6.7347 ], [ 12.0455, 6.73 ], [ 12.0329, 6.716 ], [ 12.0294, 6.706 ], [ 12.0206, 6.7007 ], [ 12.0258, 6.6924 ], [ 12.0119, 6.6752 ], [ 12.0112, 6.6651 ], [ 12.027, 6.6523 ], [ 12.0251, 6.6446 ], [ 12.0283, 6.6382 ], [ 12.0456, 6.633 ], [ 12.0439, 6.6283 ], [ 12.0488, 6.6237 ], [ 12.047, 6.6165 ], [ 12.0497, 6.6108 ], [ 12.0534, 6.6081 ], [ 12.0579, 6.6135 ], [ 12.0678, 6.6139 ], [ 12.0633, 6.6102 ], [ 12.0677, 6.6087 ], [ 12.0659, 6.6032 ], [ 12.0803, 6.5945 ], [ 12.0793, 6.591 ], [ 12.0938, 6.5852 ], [ 12.0907, 6.5828 ], [ 12.0934, 6.5778 ], [ 12.0853, 6.569 ], [ 12.0889, 6.5687 ], [ 12.0899, 6.5644 ], [ 12.0938, 6.567 ], [ 12.0956, 6.562 ], [ 12.1073, 6.5553 ], [ 12.1078, 6.552 ], [ 12.1214, 6.5508 ], [ 12.126, 6.5437 ], [ 12.1404, 6.5484 ], [ 12.1404, 6.5395 ], [ 12.1536, 6.5298 ], [ 12.1524, 6.5268 ], [ 12.1576, 6.5248 ], [ 12.158, 6.5178 ], [ 12.1642, 6.5131 ], [ 12.1624, 6.5096 ], [ 12.1565, 6.5133 ], [ 12.1491, 6.5015 ], [ 12.1414, 6.5017 ], [ 12.1357, 6.4947 ], [ 12.139, 6.4897 ], [ 12.134, 6.4847 ], [ 12.1371, 6.4758 ], [ 12.1344, 6.4678 ], [ 12.131, 6.467 ], [ 12.1331, 6.4645 ], [ 12.1271, 6.4593 ], [ 12.1319, 6.4526 ], [ 12.1241, 6.4523 ], [ 12.1218, 6.4565 ], [ 12.1186, 6.4546 ], [ 12.1176, 6.45 ], [ 12.1225, 6.4461 ], [ 12.1225, 6.4409 ], [ 12.1163, 6.4356 ], [ 12.1086, 6.4406 ], [ 12.1083, 6.4352 ], [ 12.0934, 6.4223 ], [ 12.0918, 6.4172 ], [ 12.086, 6.4214 ], [ 12.0785, 6.412 ], [ 12.0809, 6.4081 ], [ 12.061, 6.3965 ], [ 12.0706, 6.3684 ], [ 12.0743, 6.3647 ], [ 12.0731, 6.3598 ], [ 12.0778, 6.3577 ], [ 12.0699, 6.3501 ], [ 12.0617, 6.3558 ], [ 12.0551, 6.3547 ], [ 12.0552, 6.3492 ], [ 12.0646, 6.345 ], [ 12.0788, 6.3257 ], [ 12.0671, 6.3253 ], [ 12.0462, 6.3175 ], [ 12.0409, 6.3127 ], [ 12.0244, 6.3115 ], [ 12.0073, 6.3021 ], [ 12.0087, 6.2966 ], [ 12.0148, 6.2968 ], [ 12.0165, 6.2922 ], [ 12.0234, 6.2906 ], [ 12.0247, 6.2859 ], [ 12.0152, 6.2754 ], [ 12.0165, 6.271 ], [ 12.0099, 6.2673 ], [ 12.0106, 6.2616 ], [ 12.0031, 6.258 ], [ 11.9911, 6.2273 ], [ 11.9922, 6.2173 ], [ 12.0093, 6.2031 ], [ 12.0284, 6.1935 ], [ 12.0305, 6.1871 ], [ 12.0366, 6.1828 ], [ 12.0727, 6.1635 ], [ 12.0788, 6.1638 ], [ 12.0943, 6.1536 ], [ 12.1349, 6.1579 ], [ 12.1446, 6.153 ], [ 12.1838, 6.1529 ], [ 12.1965, 6.1803 ], [ 12.21, 6.1867 ], [ 12.2203, 6.1787 ], [ 12.278, 6.198 ], [ 12.2874, 6.1995 ], [ 12.2966, 6.1967 ], [ 12.3342, 6.1598 ], [ 12.379, 6.134 ], [ 12.3851, 6.1346 ], [ 12.4015, 6.1149 ], [ 12.41, 6.1133 ], [ 12.4203, 6.1047 ], [ 12.4599, 6.0868 ], [ 12.4568, 6.0807 ], [ 12.4777, 6.0425 ], [ 12.4817, 6.0434 ], [ 12.4832, 6.0391 ], [ 12.4896, 6.044 ], [ 12.4951, 6.0378 ], [ 12.5019, 6.0011 ], [ 13.3651, 6.0016 ], [ 13.3702, 6.0101 ], [ 13.372, 6.0233 ], [ 13.377, 6.0265 ], [ 13.3734, 6.032 ], [ 13.3778, 6.037 ], [ 13.3799, 6.0494 ], [ 13.3778, 6.0555 ], [ 13.3845, 6.056 ], [ 13.386, 6.0668 ], [ 13.3937, 6.0677 ], [ 13.392, 6.0623 ], [ 13.3984, 6.0646 ], [ 13.3972, 6.0797 ], [ 13.4042, 6.0828 ], [ 13.3953, 6.0866 ], [ 13.402, 6.09 ], [ 13.3931, 6.0973 ], [ 13.3922, 6.1016 ], [ 13.3894, 6.1 ], [ 13.389, 6.1037 ], [ 13.3852, 6.1017 ], [ 13.3884, 6.1085 ], [ 13.3773, 6.1103 ], [ 13.3786, 6.1206 ], [ 13.3731, 6.1203 ], [ 13.3769, 6.1266 ], [ 13.3656, 6.1323 ], [ 13.3647, 6.137 ], [ 13.3588, 6.1355 ], [ 13.3557, 6.1464 ], [ 13.3488, 6.1474 ], [ 13.338, 6.1556 ], [ 13.3518, 6.1703 ], [ 13.3545, 6.2056 ], [ 13.3463, 6.222 ], [ 13.3395, 6.2249 ], [ 13.3347, 6.2344 ], [ 13.337, 6.2532 ], [ 13.3316, 6.2585 ], [ 13.3373, 6.2645 ], [ 13.3352, 6.2829 ], [ 13.3226, 6.3119 ], [ 13.3214, 6.3397 ], [ 13.3247, 6.3498 ], [ 13.3313, 6.3519 ], [ 13.3347, 6.3596 ], [ 13.3255, 6.3741 ], [ 13.3217, 6.3907 ], [ 13.3125, 6.3935 ], [ 13.3058, 6.4038 ], [ 13.3078, 6.415 ], [ 13.2936, 6.4223 ], [ 13.2867, 6.4466 ], [ 13.2934, 6.461 ], [ 13.289, 6.4745 ], [ 13.3027, 6.5033 ], [ 13.323, 6.5181 ], [ 13.3289, 6.5347 ], [ 13.3365, 6.5368 ], [ 13.3449, 6.5442 ], [ 13.3545, 6.5595 ], [ 13.3564, 6.5696 ], [ 13.3735, 6.5786 ], [ 13.383, 6.5889 ], [ 13.3993, 6.5932 ], [ 13.4047, 6.5984 ], [ 13.4061, 6.606 ], [ 13.4174, 6.613 ], [ 13.4168, 6.6223 ], [ 13.4106, 6.6248 ], [ 13.4065, 6.632 ], [ 13.4013, 6.6303 ], [ 13.3931, 6.6372 ] ] ] } },
{ "type": "Feature", "properties": { "iso3": "CMR", "unit_id": "13109269B35135474554110", "unit_name": "Faro-et-Déo" }, "geometry": { "type": "Polygon", "coordinates": [ [ [ 12.8739, 6.9678 ], [ 12.8811, 6.9838 ], [ 12.8882, 6.9894 ], [ 12.89, 6.9972 ], [ 12.8853, 7.0059 ], [ 12.8804, 7.0069 ], [ 12.8708, 7.0193 ], [ 12.8618, 7.0174 ], [ 12.86, 7.0238 ], [ 12.851, 7.0267 ], [ 12.8371, 7.0457 ], [ 12.8393, 7.0587 ], [ 12.8241, 7.105 ], [ 12.8255, 7.1351 ], [ 12.8296, 7.1378 ], [ 12.8338, 7.1344 ], [ 12.8449, 7.1394 ], [ 12.8473, 7.1553 ], [ 12.8529, 7.1595 ], [ 12.8516, 7.1626 ], [ 12.8565, 7.1627 ], [ 12.8617, 7.1737 ], [ 12.8725, 7.1736 ], [ 12.867, 7.1824 ], [ 12.8795, 7.1901 ], [ 12.8923, 7.1852 ], [ 12.8917, 7.1905 ], [ 12.9002, 7.2032 ], [ 12.8934, 7.2101 ], [ 12.898, 7.2155 ], [ 12.8938, 7.2243 ], [ 12.9022, 7.2275 ], [ 12.9063, 7.2245 ], [ 12.914, 7.2379 ], [ 12.9199, 7.2352 ], [ 12.9298, 7.242 ], [ 12.9361, 7.2419 ], [ 12.9319, 7.2497 ], [ 12.9357, 7.258 ], [ 12.9473, 7.2521 ], [ 12.9548, 7.2574 ], [ 12.954, 7.2661 ], [ 12.9699, 7.2637 ], [ 12.9727, 7.2701 ], [ 12.9782, 7.265 ], [ 12.9844, 7.2665 ], [ 12.9856, 7.2583 ], [ 12.9958, 7.2619 ], [ 12.9992, 7.253 ], [ 13.005, 7.2527 ], [ 13.0107, 7.2579 ], [ 13.0107, 7.2633 ], [ 13.0152, 7.2679 ], [ 13.002, 7.275 ], [ 12.9951, 7.2735 ], [ 12.996, 7.2808 ], [ 12.9924, 7.288 ], [ 12.9957, 7.288 ], [ 12.9905, 7.2961 ], [ 13.0051, 7.313 ], [ 13.0036, 7.3261 ], [ 13.0091, 7.3237 ], [ 13.004, 7.3384 ], [ 13.0069, 7.3415 ], [ 13.0056, 7.3377 ], [ 13.0128, 7.3362 ], [ 13.0141, 7.3388 ], [ 13.0104, 7.3386 ], [ 13.014, 7.3445 ], [ 13.027, 7.3493 ], [ 13.0169, 7.356 ], [ 13.0233, 7.3628 ], [ 13.0237, 7.3678 ], [ 13.036, 7.3705 ], [ 13.038, 7.3746 ], [ 13.0537, 7.3769 ], [ 13.0555, 7.3802 ], [ 13.061, 7.3793 ], [ 13.0702, 7.3898 ], [ 13.0843, 7.3877 ], [ 13.0861, 7.3972 ], [ 13.0967, 7.395 ], [ 13.1018, 7.4024 ], [ 13.1195, 7.4022 ], [ 13.119, 7.4077 ], [ 13.1143, 7.407 ], [ 13.1134, 7.4103 ], [ 13.1229, 7.4284 ], [ 13.1249, 7.4297 ], [ 13.1299, 7.4236 ], [ 13.1348, 7.4226 ], [ 13.1356, 7.432 ], [ 13.1425, 7.4333 ], [ 13.139, 7.4418 ], [ 13.1425, 7.4444 ], [ 13.1483, 7.4626 ], [ 13.1469, 7.476 ], [ 13.1375, 7.4853 ], [ 13.1334, 7.4965 ], [ 13.1385, 7.5028 ], [ 13.151, 7.5071 ], [ 13.1613, 7.5154 ], [ 13.1624, 7.5233 ], [ 13.1678, 7.5214 ], [ 13.1745, 7.5273 ], [ 13.1746, 7.5392 ], [ 13.1777, 7.5404 ], [ 13.1819, 7.5579 ], [ 13.1867, 7.5625 ], [ 13.1822, 7.5698 ], [ 13.213, 7.574 ], [ 13.2269, 7.5702 ], [ 13.2292, 7.5744 ], [ 13.2458, 7.57 ], [ 13.25, 7.5794 ], [ 13.2447, 7.5829 ], [ 13.2426, 7.5897 ], [ 13.2447, 7.6045 ], [ 13.2295, 7.6114 ], [ 13.2284, 7.6073 ], [ 13.2233, 7.6069 ], [ 13.2251, 7.6 ], [ 13.2138, 7.6045 ], [ 13.1819, 7.6026 ], [ 13.1779, 7.598 ], [ 13.1706, 7.5969 ], [ 13.1542, 7.595 ], [ 13.1479, 7.5982 ], [ 13.1408, 7.5922 ], [ 13.1369, 7.598 ], [ 13.1276, 7.6001 ], [ 13.122, 7.5956 ], [ 13.0898, 7.603 ], [ 13.0824, 7.601 ], [ 13.0723, 7.6045 ], [ 13.0521, 7.6206 ], [ 13.0397, 7.6237 ], [ 13.0374, 7.6277 ], [ 13.0311, 7.6253 ], [ 13.0178, 7.6274 ], [ 12.9838, 7.64 ], [ 12.9788, 7.6483 ], [ 12.97, 7.6461 ], [ 12.9668, 7.6534 ], [ 12.9309, 7.6588 ], [ 12.9058, 7.6554 ], [ 12.8933, 7.6579 ], [ 12.8894, 7.6617 ], [ 12.8767, 7.6628 ], [ 12.8743, 7.6682 ], [ 12.868, 7.6642 ], [ 12.8538, 7.6647 ], [ 12.8502, 7.6606 ], [ 12.8475, 7.6647 ], [ 12.8392, 7.6614 ], [ 12.8101, 7.6617 ], [ 12.7999, 7.666 ], [ 12.7976, 7.6628 ], [ 12.7861, 7.6747 ], [ 12.7803, 7.6762 ], [ 12.776, 7.6842 ], [ 12.7632, 7.6822 ], [ 12.7523, 7.6882 ], [ 12.745, 7.6953 ], [ 12.7462, 7.7004 ], [ 12.7391, 7.7073 ], [ 12.7359, 7.7159 ], [ 12.7388, 7.721 ], [ 12.7379, 7.7299 ], [ 12.7423, 7.7361 ], [ 12.7419, 7.7551 ], [ 12.7286, 7.7471 ], [ 12.7195, 7.7477 ], [ 12.7189, 7.7372 ], [ 12.689, 7.7314 ], [ 12.6817, 7.7369 ], [ 12.6706, 7.7392 ], [ 12.6561, 7.7514 ], [ 12.6359, 7.7612 ], [ 12.6355, 7.7741 ], [ 12.6462, 7.7843 ], [ 12.6434, 7.7913 ], [ 12.6446, 7.801 ], [ 12.6414, 7.8034 ], [ 12.6401, 7.8165 ], [ 12.6322, 7.8333 ], [ 12.6359, 7.8393 ], [ 12.6497, 7.8489 ], [ 12.6542, 7.8635 ], [ 12.6512, 7.8769 ], [ 12.6434, 7.8894 ], [ 12.6443, 7.9129 ], [ 12.634, 7.923 ], [ 12.6294, 7.9328 ], [ 12.6431, 7.955 ], [ 12.6451, 7.9673 ], [ 12.6378, 7.9719 ], [ 12.6298, 7.9835 ], [ 12.6155, 7.9832 ], [ 12.607, 7.9708 ], [ 12.5977, 7.9704 ], [ 12.5894, 7.9656 ], [ 12.5621, 7.9648 ], [ 12.5445, 7.9773 ], [ 12.5313, 7.9584 ], [ 12.5229, 7.9562 ], [ 12.5065, 7.9601 ], [ 12.4996, 7.9679 ], [ 12.4597, 7.9924 ], [ 12.456, 7.9934 ], [ 12.4471, 7.9858 ], [ 12.4273, 7.989 ], [ 12.4203, 7.9945 ], [ 12.4027, 8.0224 ], [ 12.3553, 8.0528 ], [ 12.3541, 8.0561 ], [ 12.3472, 8.0544 ], [ 12.3259, 8.0745 ], [ 12.325, 8.0861 ], [ 12.2957, 8.1041 ], [ 12.2848, 8.1151 ], [ 12.277, 8.1298 ], [ 12.2729, 8.1498 ], [ 12.2838, 8.1651 ], [ 12.2887, 8.1817 ], [ 12.2876, 8.1902 ], [ 12.2779, 8.1782 ], [ 12.267, 8.1777 ], [ 12.2648, 8.1746 ], [ 12.2559, 8.1764 ], [ 12.2327, 8.157 ], [ 12.2197, 8.1314 ], [ 12.2016, 8.1222 ], [ 12.1926, 8.1081 ], [ 12.1909, 8.0935 ], [ 12.1994, 8.0697 ], [ 12.2015, 8.0493 ], [ 12.1987, 8.0362 ], [ 12.2041, 8.0192 ], [ 12.2009, 8.0074 ], [ 12.2141, 7.9833 ], [ 12.2092, 7.9813 ], [ 12.2069, 7.9675 ], [ 12.1897, 7.9568 ], [ 12.1937, 7.9537 ], [ 12.1915, 7.9458 ], [ 12.1948, 7.9412 ], [ 12.1884, 7.9369 ], [ 12.1832, 7.9376 ], [ 12.18, 7.9292 ], [ 12.175, 7.9284 ], [ 12.1631, 7.9134 ], [ 12.1624, 7.9029 ], [ 12.1457, 7.882 ], [ 12.1361, 7.8622 ], [ 12.1216, 7.861 ], [ 12.1084, 7.8497 ], [ 12.0981, 7.8477 ], [ 12.084, 7.8176 ], [ 12.0851, 7.8102 ], [ 12.0709, 7.7955 ], [ 12.0698, 7.7852 ], [ 12.061, 7.7754 ], [ 12.0627, 7.7569 ], [ 12.0537, 7.7504 ], [ 12.0523, 7.7357 ], [ 12.0383, 7.7303 ], [ 12.0378, 7.7188 ], [ 12.0201, 7.6973 ], [ 12.0157, 7.6885 ], [ 12.0148, 7.6766 ], [ 11.9988, 7.6781 ], [ 11.9963, 7.667 ], [ 12.0068, 7.6486 ], [ 12.0028, 7.6391 ], [ 12.0117, 7.6312 ], [ 12.0077, 7.6232 ], [ 12.0106, 7.6166 ], [ 12.0049, 7.6054 ], [ 12.0113, 7.5917 ], [ 12.0048, 7.5805 ], [ 12.0148, 7.5637 ], [ 12.0086, 7.5465 ], [ 12.016, 7.542 ], [ 12.0165, 7.5365 ], [ 12.0254, 7.5287 ], [ 12.019, 7.5187 ], [ 12.0104, 7.5143 ], [ 11.9988, 7.5134 ], [ 11.9713, 7.5024 ], [ 11.9701, 7.4985 ], [ 11.959, 7.4924 ], [ 11.9586, 7.4858 ], [ 11.9333, 7.4876 ], [ 11.9146, 7.466 ], [ 11.916, 7.4527 ], [ 11.9316, 7.4369 ], [ 11.9232, 7.4254 ], [ 11.9272, 7.4201 ], [ 11.9252, 7.4127 ], [ 11.9281, 7.3938 ], [ 11.9202, 7.3842 ], [ 11.9156, 7.3856 ], [ 11.9058, 7.382 ], [ 11.8951, 7.3702 ], [ 11.8938, 7.3647 ], [ 11.8831, 7.3633 ], [ 11.885, 7.3526 ], [ 11.8791, 7.3474 ], [ 11.8823, 7.3402 ], [ 11.8796, 7.3362 ], [ 11.8858, 7.3244 ], [ 11.8809, 7.3214 ], [ 11.8815, 7.3173 ], [ 11.8714, 7.3147 ], [ 11.8719, 7.3103 ], [ 11.8597, 7.2994 ], [ 11.8536, 7.2768 ], [ 11.8435, 7.2731 ], [ 11.8414, 7.2672 ], [ 11.8465, 7.2521 ], [ 11.855, 7.2546 ], [ 11.8884, 7.2449 ], [ 11.906, 7.2448 ], [ 11.9156, 7.2363 ], [ 11.9224, 7.2413 ], [ 11.9308, 7.2354 ], [ 11.9457, 7.2372 ], [ 11.951, 7.2347 ], [ 11.9494, 7.2437 ], [ 11.956, 7.2434 ], [ 11.963, 7.2518 ], [ 11.9834, 7.2528 ], [ 11.9958, 7.2354 ], [ 12.0036, 7.2367 ], [ 12.0168, 7.2268 ], [ 12.046, 7.2252 ], [ 12.0574, 7.2297 ], [ 12.0602, 7.2368 ], [ 12.0583, 7.2414 ], [ 12.0681, 7.2489 ], [ 12.0921, 7.233 ], [ 12.1042, 7.2304 ], [ 12.1123, 7.2239 ], [ 12.1315, 7.2311 ], [ 12.1373, 7.2275 ], [ 12.1532, 7.2055 ], [ 12.1528, 7.1925 ], [ 12.1573, 7.1856 ], [ 12.1591, 7.1718 ], [ 12.1706, 7.1606 ], [ 12.1825, 7.1321 ], [ 12.1742, 7.1312 ], [ 12.175, 7.1226 ], [ 12.1691, 7.1014 ], [ 12.1839, 7.0819 ], [ 12.1982, 7.053 ], [ 12.1978, 7.0397 ], [ 12.2022, 7.0364 ], [ 12.197, 7.0227 ], [ 12.205, 6.998 ], [ 12.2013, 6.9826 ], [ 12.2043, 6.9786 ], [ 12.2135, 6.9794 ], [ 12.2255, 6.974 ], [ 12.2443, 6.9467 ], [ 12.2588, 6.9379 ], [ 12.2698, 6.9239 ], [ 12.3048, 6.8926 ], [ 12.3209, 6.8858 ], [ 12.327, 6.8767 ], [ 12.3332, 6.875 ], [ 12.3797, 6.8815 ], [ 12.3858, 6.8847 ], [ 12.3885, 6.894 ], [ 12.3921, 6.8945 ], [ 12.4064, 6.8899 ], [ 12.4277, 6.8933 ], [ 12.4409, 6.8844 ], [ 12.4713, 6.9465 ], [ 12.5008, 6.9956 ], [ 12.5105, 6.9978 ], [ 12.5192, 6.9946 ], [ 12.5253, 7.0001 ], [ 12.5257, 7.0149 ], [ 12.5316, 7.017 ], [ 12.5354, 7.0279 ], [ 12.5325, 7.034 ], [ 12.5342, 7.0366 ], [ 12.5271, 7.0402 ], [ 12.5266, 7.0476 ], [ 12.5297, 7.0546 ], [ 12.5449, 7.0589 ], [ 12.5483, 7.0484 ], [ 12.5659, 7.0339 ], [ 12.5791, 7.0414 ], [ 12.5854, 7.0404 ], [ 12.5931, 7.0437 ], [ 12.6022, 7.0415 ], [ 12.6046, 7.0353 ], [ 12.6006, 7.0232 ], [ 12.6087, 7.0144 ], [ 12.6095, 6.998 ], [ 12.6157, 6.988 ], [ 12.6247, 6.9978 ], [ 12.6261, 7.0131 ], [ 12.6346, 7.0177 ], [ 12.6421, 7.0271 ], [ 12.6452, 7.0261 ], [ 12.6553, 7.0076 ], [ 12.6612, 7.0111 ], [ 12.6756, 7.01 ], [ 12.6799, 7.0178 ], [ 12.6906, 7.0186 ], [ 12.7143, 6.997 ], [ 12.7284, 6.9984 ], [ 12.7435, 7.0094 ], [ 12.7506, 7.0037 ], [ 12.7583, 7.0027 ], [ 12.7609, 6.9952 ], [ 12.7763, 6.9952 ], [ 12.7888, 7.0019 ], [ 12.7957, 7.0096 ], [ 12.8046, 7.0303 ], [ 12.8107, 7.034 ], [ 12.8215, 7.0253 ], [ 12.835, 7.0269 ], [ 12.8379, 7.0084 ], [ 12.8429, 6.9976 ], [ 12.8497, 6.9889 ], [ 12.8593, 6.9835 ], [ 12.8608, 6.9744 ], [ 12.8712, 6.9721 ], [ 12.8739, 6.9678 ] ] ] } },
{ "type": "Feature", "properties": { "iso3": "CMR", "unit_id": "13109269B84882667350541", "unit_name": "Mayo-Banyo" }, "geometry": { "type": "Polygon", "coordinates": [ [ [ 12.1959, 6.9702 ], [ 12.205, 6.998 ], [ 12.197, 7.0227 ], [ 12.2022, 7.0364 ], [ 12.1978, 7.0397 ], [ 12.1982, 7.053 ], [ 12.1839, 7.0819 ], [ 12.1691, 7.1014 ], [ 12.175, 7.1226 ], [ 12.1742, 7.1312 ], [ 12.1825, 7.1321 ], [ 12.1706, 7.1606 ], [ 12.1591, 7.1718 ], [ 12.1573, 7.1856 ], [ 12.1528, 7.1925 ], [ 12.1532, 7.2055 ], [ 12.1373, 7.2275 ], [ 12.1315, 7.2311 ], [ 12.1123, 7.2239 ], [ 12.1042, 7.2304 ], [ 12.0921, 7.233 ], [ 12.0681, 7.2489 ], [ 12.0583, 7.2414 ], [ 12.0602, 7.2368 ], [ 12.0574, 7.2297 ], [ 12.046, 7.2252 ], [ 12.0168, 7.2268 ], [ 12.0036, 7.2367 ], [ 11.9958, 7.2354 ], [ 11.9834, 7.2528 ], [ 11.963, 7.2518 ], [ 11.956, 7.2434 ], [ 11.9494, 7.2437 ], [ 11.951, 7.2347 ], [ 11.9457, 7.2372 ], [ 11.9308, 7.2354 ], [ 11.9224, 7.2413 ], [ 11.9156, 7.2363 ], [ 11.906, 7.2448 ], [ 11.8992, 7.243 ], [ 11.8803, 7.2484 ], [ 11.8767, 7.238 ], [ 11.8697, 7.2368 ], [ 11.8673, 7.2299 ], [ 11.8638, 7.2284 ], [ 11.8654, 7.2204 ], [ 11.856, 7.2161 ], [ 11.8606, 7.2054 ], [ 11.8557, 7.1946 ], [ 11.8649, 7.1845 ], [ 11.8563, 7.1684 ], [ 11.8652, 7.1576 ], [ 11.8595, 7.1501 ], [ 11.8598, 7.1447 ], [ 11.8807, 7.1081 ], [ 11.8797, 7.0988 ], [ 11.8675, 7.0907 ], [ 11.87, 7.0849 ], [ 11.8676, 7.0785 ], [ 11.8629, 7.0776 ], [ 11.8562, 7.0827 ], [ 11.8503, 7.0803 ], [ 11.8463, 7.0883 ], [ 11.8416, 7.0847 ], [ 11.8376, 7.0883 ], [ 11.8315, 7.0832 ], [ 11.8337, 7.0738 ], [ 11.8277, 7.0679 ], [ 11.8171, 7.0769 ], [ 11.8025, 7.0827 ], [ 11.7965, 7.0733 ], [ 11.7867, 7.0688 ], [ 11.7839, 7.0558 ], [ 11.7747, 7.043 ], [ 11.7645, 7.0428 ], [ 11.7366, 7.0502 ], [ 11.7149, 7.0443 ], [ 11.7124, 7.0406 ], [ 11.7148, 7.033 ], [ 11.6853, 7.0209 ], [ 11.6788, 7.0157 ], [ 11.6801, 7.0078 ], [ 11.6753, 7.0043 ], [ 11.6723, 7.0059 ], [ 11.6699, 6.998 ], [ 11.6557, 6.9966 ], [ 11.6592, 6.9907 ], [ 11.6575, 6.9864 ], [ 11.6484, 6.9903 ], [ 11.631, 6.9894 ], [ 11.6299, 6.9841 ], [ 11.6205, 6.9759 ], [ 11.6175, 6.9766 ], [ 11.622, 6.9692 ], [ 11.6239, 6.9515 ], [ 11.6138, 6.9407 ], [ 11.6083, 6.9419 ], [ 11.6097, 6.9375 ], [ 11.6051, 6.9346 ], [ 11.6046, 6.9301 ], [ 11.6069, 6.9136 ], [ 11.6002, 6.9076 ], [ 11.5931, 6.9078 ], [ 11.5912, 6.9053 ], [ 11.5837, 6.907 ], [ 11.5761, 6.9008 ], [ 11.5727, 6.9015 ], [ 11.5696, 6.8901 ], [ 11.5625, 6.8828 ], [ 11.5662, 6.8753 ], [ 11.5533, 6.8583 ], [ 11.5574, 6.8509 ], [ 11.5692, 6.8491 ], [ 11.5793, 6.8416 ], [ 11.5792, 6.8162 ], [ 11.5895, 6.8145 ], [ 11.5948, 6.8037 ], [ 11.5944, 6.7993 ], [ 11.5751, 6.7898 ], [ 11.5694, 6.7728 ], [ 11.5745, 6.7689 ], [ 11.5743, 6.7619 ], [ 11.5808, 6.7543 ], [ 11.5849, 6.7377 ], [ 11.583, 6.7333 ], [ 11.5734, 6.73 ], [ 11.5726, 6.7233 ], [ 11.5564, 6.7228 ], [ 11.5563, 6.7182 ], [ 11.55, 6.7149 ], [ 11.5512, 6.7082 ], [ 11.5466, 6.6972 ], [ 11.5527, 6.6836 ], [ 11.5473, 6.6781 ], [ 11.554, 6.6667 ], [ 11.5419, 6.6614 ], [ 11.5413, 6.6579 ], [ 11.5349, 6.6578 ], [ 11.5322, 6.654 ], [ 11.5337, 6.6478 ], [ 11.5227, 6.6425 ], [ 11.5232, 6.6359 ], [ 11.5175, 6.6287 ], [ 11.5191, 6.6145 ], [ 11.5118, 6.609 ], [ 11.5075, 6.6143 ], [ 11.5073, 6.61 ], [ 11.502, 6.6094 ], [ 11.495, 6.5993 ], [ 11.483, 6.5983 ], [ 11.4777, 6.6033 ], [ 11.4708, 6.6031 ], [ 11.4622, 6.6108 ], [ 11.4463, 6.6004 ], [ 11.4406, 6.6028 ], [ 11.4332, 6.5993 ], [ 11.4241, 6.6 ], [ 11.4212, 6.5966 ], [ 11.4172, 6.5981 ], [ 11.4151, 6.5887 ], [ 11.4219, 6.5871 ], [ 11.4276, 6.5789 ], [ 11.4258, 6.5755 ], [ 11.4296, 6.5638 ], [ 11.4286, 6.5558 ], [ 11.4338, 6.5535 ], [ 11.4332, 6.5463 ], [ 11.4183, 6.5431 ], [ 11.4187, 6.5383 ], [ 11.4283, 6.5346 ], [ 11.4278, 6.5307 ], [ 11.4226, 6.5327 ], [ 11.4206, 6.5289 ], [ 11.4145, 6.5322 ], [ 11.3866, 6.5294 ], [ 11.3791, 6.5211 ], [ 11.3633, 6.5277 ], [ 11.3612, 6.5248 ], [ 11.3546, 6.5247 ], [ 11.3491, 6.5119 ], [ 11.3573, 6.5067 ], [ 11.3581, 6.5022 ], [ 11.3426, 6.5017 ], [ 11.3361, 6.508 ], [ 11.3306, 6.5033 ], [ 11.3224, 6.5087 ], [ 11.3158, 6.5064 ], [ 11.3051, 6.521 ], [ 11.2792, 6.5381 ], [ 11.2653, 6.5359 ], [ 11.2577, 6.5254 ], [ 11.2516, 6.5279 ], [ 11.2445, 6.5225 ], [ 11.2383, 6.5251 ], [ 11.2368, 6.5322 ], [ 11.2251, 6.5333 ], [ 11.2222, 6.5393 ], [ 11.2078, 6.5346 ], [ 11.1978, 6.5376 ], [ 11.1952, 6.5352 ], [ 11.1977, 6.5256 ], [ 11.1957, 6.5222 ], [ 11.2, 6.5125 ], [ 11.1976, 6.5061 ], [ 11.2038, 6.4975 ], [ 11.2051, 6.4886 ], [ 11.1919, 6.4504 ], [ 11.2009, 6.4341 ], [ 11.2066, 6.4302 ], [ 11.2071, 6.4248 ], [ 11.2008, 6.4123 ], [ 11.1996, 6.4016 ], [ 11.2044, 6.3858 ], [ 11.1972, 6.3652 ], [ 11.2104, 6.3477 ], [ 11.2056, 6.3354 ], [ 11.2077, 6.3221 ], [ 11.1889, 6.3099 ], [ 11.1826, 6.2798 ], [ 11.1841, 6.2638 ], [ 11.2193, 6.2541 ], [ 11.2259, 6.258 ], [ 11.237, 6.2556 ], [ 11.2356, 6.2603 ], [ 11.2399, 6.2635 ], [ 11.2444, 6.2553 ], [ 11.2464, 6.2589 ], [ 11.2591, 6.252 ], [ 11.2608, 6.256 ], [ 11.2653, 6.2569 ], [ 11.2703, 6.2503 ], [ 11.2812, 6.2468 ], [ 11.2903, 6.2538 ], [ 11.301, 6.2481 ], [ 11.3024, 6.243 ], [ 11.2985, 6.2399 ], [ 11.3001, 6.2366 ], [ 11.2969, 6.2323 ], [ 11.3018, 6.2281 ], [ 11.2966, 6.2235 ], [ 11.2989, 6.2224 ], [ 11.2972, 6.2135 ], [ 11.2928, 6.213 ], [ 11.2924, 6.2099 ], [ 11.2862, 6.2135 ], [ 11.2767, 6.2076 ], [ 11.272, 6.2086 ], [ 11.2732, 6.1994 ], [ 11.2697, 6.1975 ], [ 11.2718, 6.1922 ], [ 11.2687, 6.1861 ], [ 11.2707, 6.1833 ], [ 11.2626, 6.1772 ], [ 11.279, 6.1659 ], [ 11.2803, 6.1593 ], [ 11.2753, 6.1532 ], [ 11.2762, 6.148 ], [ 11.2724, 6.1467 ], [ 11.2719, 6.1432 ], [ 11.2656, 6.1444 ], [ 11.2622, 6.1373 ], [ 11.2689, 6.1224 ], [ 11.2756, 6.121 ], [ 11.2744, 6.1177 ], [ 11.2779, 6.1169 ], [ 11.2748, 6.1037 ], [ 11.2797, 6.0994 ], [ 11.2797, 6.0917 ], [ 11.2888, 6.0823 ], [ 11.2844, 6.0742 ], [ 11.2865, 6.069 ], [ 11.2916, 6.0677 ], [ 11.2957, 6.0769 ], [ 11.3009, 6.0646 ], [ 11.2994, 6.0512 ], [ 11.3083, 6.0429 ], [ 11.2999, 6.036 ], [ 11.2915, 6.0346 ], [ 11.2898, 6.0204 ], [ 11.2728, 6.0113 ], [ 11.2711, 6.0077 ], [ 11.2737, 6.0024 ], [ 11.2635, 5.9998 ], [ 11.264, 5.9902 ], [ 11.2591, 5.9825 ], [ 11.2614, 5.9748 ], [ 11.2833, 5.9837 ], [ 11.2917, 5.9835 ], [ 11.2988, 5.9899 ], [ 11.3014, 5.9872 ], [ 11.3004, 5.9808 ], [ 11.3109, 5.9988 ], [ 11.3203, 5.9937 ], [ 11.3264, 6.0008 ], [ 11.3385, 5.9963 ], [ 11.347, 6.0003 ], [ 11.3553, 5.9999 ], [ 11.3654, 6.0064 ], [ 11.3746, 6.0038 ], [ 11.3778, 6.0094 ], [ 11.3858, 6.0119 ], [ 11.3942, 6.01 ], [ 11.4082, 6.0162 ], [ 11.4179, 6.0148 ], [ 11.4356, 6.0204 ], [ 11.4562, 6.0194 ], [ 11.4588, 6.026 ], [ 11.4845, 6.0334 ], [ 11.4946, 6.0321 ], [ 11.5001, 6.0395 ], [ 11.5107, 6.0389 ], [ 11.5145, 6.044 ], [ 11.5241, 6.0426 ], [ 11.535, 6.048 ], [ 11.5428, 6.0461 ], [ 11.5469, 6.0515 ], [ 11.5526, 6.0477 ], [ 11.5805, 6.0599 ], [ 11.5915, 6.056 ], [ 11.5984, 6.0605 ], [ 11.5976, 6.0668 ], [ 11.6041, 6.0731 ], [ 11.611, 6.0639 ], [ 11.6149, 6.0641 ], [ 11.6217, 6.0742 ], [ 11.6397, 6.0736 ], [ 11.6494, 6.0789 ], [ 11.6617, 6.076 ], [ 11.6634, 6.0796 ], [ 11.6562, 6.0884 ], [ 11.6642, 6.0946 ], [ 11.6723, 6.0942 ], [ 11.6722, 6.1024 ], [ 11.6811, 6.1141 ], [ 11.6932, 6.1152 ], [ 11.695, 6.1219 ], [ 11.7041, 6.124 ], [ 11.7031, 6.141 ], [ 11.7107, 6.14 ], [ 11.7211, 6.1447 ], [ 11.7321, 6.156 ], [ 11.7387, 6.1544 ], [ 11.7534, 6.1597 ], [ 11.7615, 6.1675 ], [ 11.7715, 6.1648 ], [ 11.7726, 6.1702 ], [ 11.7786, 6.1719 ], [ 11.7861, 6.1802 ], [ 11.7873, 6.1885 ], [ 11.7937, 6.1855 ], [ 11.7997, 6.1925 ], [ 11.8115, 6.1969 ], [ 11.8336, 6.1927 ], [ 11.8369, 6.2023 ], [ 11.854, 6.2115 ], [ 11.8664, 6.2115 ], [ 11.8687, 6.2044 ], [ 11.8836, 6.2097 ], [ 11.8958, 6.2069 ], [ 11.9041, 6.2164 ], [ 11.9027, 6.2216 ], [ 11.9085, 6.2248 ], [ 11.9174, 6.2246 ], [ 11.9239, 6.2168 ], [ 11.9262, 6.2236 ], [ 11.9321, 6.2204 ], [ 11.9365, 6.2218 ], [ 11.9429, 6.234 ], [ 11.9387, 6.2359 ], [ 11.9401, 6.2497 ], [ 11.9479, 6.2539 ], [ 11.9572, 6.2513 ], [ 11.9585, 6.2567 ], [ 11.9689, 6.2604 ], [ 11.9965, 6.263 ], [ 11.9979, 6.2594 ], [ 12.0056, 6.2577 ], [ 12.0106, 6.2616 ], [ 12.0099, 6.2673 ], [ 12.0165, 6.271 ], [ 12.0152, 6.2754 ], [ 12.0247, 6.2859 ], [ 12.0234, 6.2906 ], [ 12.0165, 6.2922 ], [ 12.0148, 6.2968 ], [ 12.0087, 6.2966 ], [ 12.0093, 6.3046 ], [ 12.0244, 6.3115 ], [ 12.0409, 6.3127 ], [ 12.0462, 6.3175 ], [ 12.0671, 6.3253 ], [ 12.0788, 6.3257 ], [ 12.0646, 6.345 ], [ 12.0552, 6.3492 ], [ 12.0551, 6.3547 ], [ 12.0617, 6.3558 ], [ 12.0699, 6.3501 ], [ 12.0778, 6.3577 ], [ 12.0731, 6.3598 ], [ 12.0743, 6.3647 ], [ 12.0706, 6.3684 ], [ 12.061, 6.3965 ], [ 12.0809, 6.4081 ], [ 12.0785, 6.412 ], [ 12.086, 6.4214 ], [ 12.0918, 6.4172 ], [ 12.0934, 6.4223 ], [ 12.1083, 6.4352 ], [ 12.1086, 6.4406 ], [ 12.1163, 6.4356 ], [ 12.1225, 6.4409 ], [ 12.1225, 6.4461 ], [ 12.1176, 6.45 ], [ 12.1186, 6.4546 ], [ 12.1218, 6.4565 ], [ 12.1241, 6.4523 ], [ 12.1319, 6.4526 ], [ 12.1271, 6.4593 ], [ 12.1331, 6.4645 ], [ 12.131, 6.467 ], [ 12.1344, 6.4678 ], [ 12.1371, 6.4758 ], [ 12.134, 6.4847 ], [ 12.139, 6.4897 ], [ 12.1357, 6.4947 ], [ 12.1414, 6.5017 ], [ 12.1491, 6.5015 ], [ 12.1565, 6.5133 ], [ 12.1624, 6.5096 ], [ 12.1642, 6.5131 ], [ 12.158, 6.5178 ], [ 12.1576, 6.5248 ], [ 12.1524, 6.5268 ], [ 12.1536, 6.5298 ], [ 12.1404, 6.5395 ], [ 12.1404, 6.5484 ], [ 12.126, 6.5437 ], [ 12.1214, 6.5508 ], [ 12.1078, 6.552 ], [ 12.1073, 6.5553 ], [ 12.0956, 6.562 ], [ 12.0938, 6.567 ], [ 12.0899, 6.5644 ], [ 12.0889, 6.5687 ], [ 12.0853, 6.569 ], [ 12.0934, 6.5778 ], [ 12.0907, 6.5828 ], [ 12.0938, 6.5852 ], [ 12.0793, 6.591 ], [ 12.0803, 6.5945 ], [ 12.0659, 6.6032 ], [ 12.0677, 6.6087 ], [ 12.0633, 6.6102 ], [ 12.0678, 6.6139 ], [ 12.0579, 6.6135 ], [ 12.0534, 6.6081 ], [ 12.0497, 6.6108 ], [ 12.047, 6.6165 ], [ 12.0488, 6.6237 ], [ 12.0439, 6.6283 ], [ 12.0456, 6.633 ], [ 12.0283, 6.6382 ], [ 12.0251, 6.6446 ], [ 12.027, 6.6523 ], [ 12.0112, 6.6651 ], [ 12.0119, 6.6752 ], [ 12.0258, 6.6924 ], [ 12.0206, 6.7007 ], [ 12.0294, 6.706 ], [ 12.0329, 6.716 ], [ 12.0455, 6.73 ], [ 12.058, 6.7347 ], [ 12.067, 6.7434 ], [ 12.0857, 6.7476 ], [ 12.0744, 6.7756 ], [ 12.0669, 6.7758 ], [ 12.0617, 6.7933 ], [ 12.0701, 6.7906 ], [ 12.0834, 6.7927 ], [ 12.1158, 6.8128 ], [ 12.1252, 6.8026 ], [ 12.1316, 6.8004 ], [ 12.14, 6.8094 ], [ 12.1488, 6.8285 ], [ 12.1563, 6.8313 ], [ 12.1522, 6.8544 ], [ 12.1601, 6.8749 ], [ 12.1498, 6.8805 ], [ 12.1506, 6.886 ], [ 12.1463, 6.8925 ], [ 12.1476, 6.906 ], [ 12.1425, 6.9111 ], [ 12.1501, 6.9218 ], [ 12.1481, 6.9331 ], [ 12.1619, 6.9317 ], [ 12.1816, 6.9527 ], [ 12.1954, 6.9571 ], [ 12.1983, 6.9618 ], [ 12.1959, 6.9702 ] ] ] } },
{ "type": "Feature", "properties": { "iso3": "CMR", "unit_id": "13109269B74332293357488", "unit_name": "Mbéré" }, "geometry": { "type": "Polygon", "coordinates": [ [ [ 13.3651, 6.0016 ], [ 13.8291, 6.0011 ], [ 13.8265, 6.015 ], [ 13.8357, 6.0199 ], [ 13.8397, 6.0288 ], [ 13.849, 6.0302 ], [ 13.8605, 6.0411 ], [ 13.8777, 6.0427 ], [ 13.8855, 6.0533 ], [ 13.8982, 6.061 ], [ 13.9077, 6.0586 ], [ 13.9197, 6.061 ], [ 13.9242, 6.0561 ], [ 13.9325, 6.0539 ], [ 13.9346, 6.057 ], [ 13.9301, 6.0619 ], [ 13.9356, 6.0675 ], [ 13.9652, 6.0524 ], [ 13.9757, 6.0552 ], [ 13.9872, 6.0642 ], [ 14.0005, 6.0647 ], [ 13.9995, 6.0007 ], [ 14.3823, 5.9997 ], [ 14.3789, 6.0105 ], [ 14.3822, 6.014 ], [ 14.3954, 6.0165 ], [ 14.4006, 6.0133 ], [ 14.4063, 6.0163 ], [ 14.3899, 6.029 ], [ 14.3902, 6.0345 ], [ 14.3846, 6.0353 ], [ 14.3826, 6.0413 ], [ 14.3838, 6.0435 ], [ 14.3875, 6.0418 ], [ 14.3844, 6.0458 ], [ 14.3873, 6.0515 ], [ 14.3826, 6.0554 ], [ 14.3795, 6.0717 ], [ 14.3529, 6.0955 ], [ 14.3607, 6.1291 ], [ 14.3699, 6.123 ], [ 14.3669, 6.0932 ], [ 14.3783, 6.0884 ], [ 14.3868, 6.0796 ], [ 14.3954, 6.0607 ], [ 14.3989, 6.0612 ], [ 14.3992, 6.056 ], [ 14.4092, 6.0533 ], [ 14.4155, 6.0447 ], [ 14.4311, 6.0667 ], [ 14.43, 6.0883 ], [ 14.4383, 6.0936 ], [ 14.4667, 6.0972 ], [ 14.4842, 6.1272 ], [ 14.51, 6.1336 ], [ 14.515, 6.1556 ], [ 14.5394, 6.1714 ], [ 14.5528, 6.1933 ], [ 14.5803, 6.1889 ], [ 14.7403, 6.2625 ], [ 14.805, 6.3467 ], [ 14.7969, 6.39 ], [ 14.8267, 6.4336 ], [ 14.9328, 6.6736 ], [ 14.9466, 6.708 ], [ 14.9467, 6.7138 ], [ 14.9383, 6.7216 ], [ 14.939, 6.7266 ], [ 14.9578, 6.7331 ], [ 14.9662, 6.7566 ], [ 14.9887, 6.755 ], [ 14.9953, 6.761 ], [ 15.0159, 6.7683 ], [ 15.0425, 6.7616 ], [ 15.0552, 6.7696 ], [ 15.0646, 6.7881 ], [ 15.0678, 6.8172 ], [ 15.0772, 6.8292 ], [ 15.1197, 6.9254 ], [ 15.1278, 6.938 ], [ 15.1371, 6.943 ], [ 15.1391, 6.9486 ], [ 15.1352, 6.9542 ], [ 15.1364, 6.9853 ], [ 15.1428, 7.0192 ], [ 15.1583, 7.0586 ], [ 15.165, 7.0653 ], [ 15.1819, 7.0683 ], [ 15.2053, 7.0919 ], [ 15.2089, 7.1019 ], [ 15.2191, 7.1152 ], [ 15.2139, 7.1229 ], [ 15.2212, 7.1251 ], [ 15.2206, 7.1393 ], [ 15.2108, 7.1433 ], [ 15.2061, 7.1768 ], [ 15.2238, 7.1996 ], [ 15.2233, 7.2077 ], [ 15.2336, 7.2157 ], [ 15.2238, 7.2193 ], [ 15.2221, 7.2244 ], [ 15.2112, 7.2239 ], [ 15.2065, 7.2184 ], [ 15.2026, 7.2185 ], [ 15.2009, 7.2126 ], [ 15.1945, 7.2123 ], [ 15.1891, 7.2058 ], [ 15.1834, 7.2059 ], [ 15.1736, 7.193 ], [ 15.1607, 7.1895 ], [ 15.1449, 7.1723 ], [ 15.1262, 7.1633 ], [ 15.1165, 7.1515 ], [ 15.0858, 7.1632 ], [ 15.0773, 7.179 ], [ 15.0478, 7.1759 ], [ 14.9946, 7.1371 ], [ 14.9711, 7.1325 ], [ 14.9331, 7.1122 ], [ 14.9167, 7.1111 ], [ 14.911, 7.1078 ], [ 14.9104, 7.1037 ], [ 14.8925, 7.1037 ], [ 14.8731, 7.0802 ], [ 14.8519, 7.0843 ], [ 14.8294, 7.0831 ], [ 14.8062, 7.0725 ], [ 14.7909, 7.059 ], [ 14.7753, 7.0546 ], [ 14.7651, 7.0395 ], [ 14.7595, 7.0397 ], [ 14.7275, 7.0231 ], [ 14.6503, 7.0147 ], [ 14.6458, 7.0235 ], [ 14.6504, 7.0328 ], [ 14.6486, 7.0388 ], [ 14.6549, 7.044 ], [ 14.644, 7.062 ], [ 14.6314, 7.0669 ], [ 14.6055, 7.0674 ], [ 14.5885, 7.0749 ], [ 14.5791, 7.0631 ], [ 14.5687, 7.0582 ], [ 14.5638, 7.0594 ], [ 14.5674, 7.0537 ], [ 14.5828, 7.0473 ], [ 14.5819, 7.0416 ], [ 14.6027, 7.0416 ], [ 14.6024, 7.0168 ], [ 14.6071, 7.0098 ], [ 14.6146, 7.016 ], [ 14.624, 7.0099 ], [ 14.6278, 7.0044 ], [ 14.6238, 7.0007 ], [ 14.6253, 6.9919 ], [ 14.6311, 6.9848 ], [ 14.6512, 6.9812 ], [ 14.6547, 6.9731 ], [ 14.663, 6.9655 ], [ 14.667, 6.967 ], [ 14.6715, 6.9644 ], [ 14.6782, 6.9532 ], [ 14.6595, 6.9466 ], [ 14.6404, 6.9458 ], [ 14.6315, 6.9424 ], [ 14.6289, 6.9382 ], [ 14.6232, 6.9377 ], [ 14.6202, 6.9294 ], [ 14.6229, 6.9247 ], [ 14.6307, 6.9207 ], [ 14.6412, 6.9207 ], [ 14.6377, 6.9132 ], [ 14.6405, 6.911 ], [ 14.636, 6.9051 ], [ 14.6296, 6.9037 ], [ 14.6312, 6.8972 ], [ 14.6242, 6.8892 ], [ 14.609, 6.8842 ], [ 14.6111, 6.8769 ], [ 14.6064, 6.863 ], [ 14.611, 6.8595 ], [ 14.6088, 6.8569 ], [ 14.5813, 6.8445 ], [ 14.5719, 6.843 ], [ 14.5662, 6.8485 ], [ 14.5642, 6.8468 ], [ 14.5564, 6.8608 ], [ 14.5417, 6.87 ], [ 14.516, 6.8517 ], [ 14.5015, 6.8577 ], [ 14.4937, 6.8526 ], [ 14.4948, 6.8478 ], [ 14.4887, 6.8429 ], [ 14.4684, 6.8475 ], [ 14.4671, 6.8426 ], [ 14.4595, 6.8426 ], [ 14.4556, 6.8376 ], [ 14.4479, 6.8357 ], [ 14.4422, 6.8201 ], [ 14.4188, 6.8163 ], [ 14.4057, 6.8081 ], [ 14.3956, 6.8131 ], [ 14.3944, 6.8215 ], [ 14.3981, 6.8259 ], [ 14.3931, 6.8313 ], [ 14.382, 6.8257 ], [ 14.3728, 6.8331 ], [ 14.3569, 6.8321 ], [ 14.3489, 6.8381 ], [ 14.3433, 6.8317 ], [ 14.3362, 6.8296 ], [ 14.3275, 6.8484 ], [ 14.321, 6.8543 ], [ 14.2958, 6.8462 ], [ 14.2831, 6.8349 ], [ 14.2772, 6.8343 ], [ 14.2504, 6.8622 ], [ 14.2382, 6.8595 ], [ 14.2279, 6.866 ], [ 14.2094, 6.8651 ], [ 14.1855, 6.8741 ], [ 14.1703, 6.8741 ], [ 14.1513, 6.8571 ], [ 14.0386, 6.7806 ], [ 14.0181, 6.7588 ], [ 14.0018, 6.7328 ], [ 13.9945, 6.7276 ], [ 13.9899, 6.7301 ], [ 13.9904, 6.7382 ], [ 13.9877, 6.7412 ], [ 13.9839, 6.7438 ], [ 13.9703, 6.7433 ], [ 13.9575, 6.7503 ], [ 13.9306, 6.7754 ], [ 13.9146, 6.7993 ], [ 13.9122, 6.8089 ], [ 13.9017, 6.8072 ], [ 13.8958, 6.8001 ], [ 13.8857, 6.7998 ], [ 13.8835, 6.7957 ], [ 13.8752, 6.7941 ], [ 13.87, 6.7862 ], [ 13.8554, 6.7864 ], [ 13.8509, 6.7811 ], [ 13.8497, 6.7722 ], [ 13.8523, 6.7644 ], [ 13.8598, 6.7632 ], [ 13.8691, 6.7464 ], [ 13.8755, 6.7425 ], [ 13.8842, 6.7263 ], [ 13.8821, 6.7214 ], [ 13.8856, 6.7112 ], [ 13.9028, 6.6995 ], [ 13.9076, 6.6865 ], [ 13.9168, 6.681 ], [ 13.9102, 6.6773 ], [ 13.9081, 6.6626 ], [ 13.901, 6.6574 ], [ 13.9037, 6.646 ], [ 13.8826, 6.6433 ], [ 13.875, 6.6316 ], [ 13.8702, 6.6324 ], [ 13.8532, 6.6253 ], [ 13.8533, 6.6187 ], [ 13.8593, 6.6151 ], [ 13.8557, 6.6079 ], [ 13.8568, 6.5965 ], [ 13.8469, 6.5969 ], [ 13.8397, 6.5917 ], [ 13.8318, 6.592 ], [ 13.8293, 6.5954 ], [ 13.8195, 6.5854 ], [ 13.8117, 6.5834 ], [ 13.809, 6.5804 ], [ 13.812, 6.5752 ], [ 13.811, 6.5662 ], [ 13.8052, 6.5653 ], [ 13.8022, 6.5697 ], [ 13.7958, 6.565 ], [ 13.7975, 6.5611 ], [ 13.7943, 6.5611 ], [ 13.7915, 6.5561 ], [ 13.7957, 6.5557 ], [ 13.7957, 6.5481 ], [ 13.79, 6.5391 ], [ 13.7846, 6.5363 ], [ 13.7724, 6.5386 ], [ 13.7671, 6.5265 ], [ 13.7605, 6.5218 ], [ 13.7481, 6.5193 ], [ 13.7415, 6.5307 ], [ 13.7329, 6.5242 ], [ 13.7248, 6.5322 ], [ 13.7185, 6.5308 ], [ 13.7132, 6.5355 ], [ 13.709, 6.5319 ], [ 13.7096, 6.5271 ], [ 13.7011, 6.528 ], [ 13.6945, 6.5226 ], [ 13.6916, 6.527 ], [ 13.6835, 6.5263 ], [ 13.6826, 6.5327 ], [ 13.6684, 6.5256 ], [ 13.6655, 6.5291 ], [ 13.6664, 6.5348 ], [ 13.6556, 6.5349 ], [ 13.6446, 6.546 ], [ 13.6454, 6.5491 ], [ 13.6365, 6.5431 ], [ 13.6331, 6.5466 ], [ 13.6206, 6.5465 ], [ 13.6178, 6.5491 ], [ 13.6183, 6.5565 ], [ 13.6142, 6.5544 ], [ 13.6137, 6.5482 ], [ 13.6056, 6.5516 ], [ 13.6119, 6.562 ], [ 13.5999, 6.562 ], [ 13.601, 6.5675 ], [ 13.5948, 6.569 ], [ 13.598, 6.5707 ], [ 13.5978, 6.5764 ], [ 13.594, 6.58 ], [ 13.5902, 6.5941 ], [ 13.5814, 6.5872 ], [ 13.5726, 6.5868 ], [ 13.5729, 6.5835 ], [ 13.5792, 6.5829 ], [ 13.5714, 6.5803 ], [ 13.5631, 6.5961 ], [ 13.5555, 6.5934 ], [ 13.5484, 6.5785 ], [ 13.5433, 6.5748 ], [ 13.5296, 6.5907 ], [ 13.5307, 6.5947 ], [ 13.5427, 6.5972 ], [ 13.5439, 6.6071 ], [ 13.5391, 6.6193 ], [ 13.531, 6.6244 ], [ 13.5131, 6.6245 ], [ 13.5082, 6.6141 ], [ 13.5096, 6.6026 ], [ 13.4979, 6.5999 ], [ 13.4857, 6.6099 ], [ 13.4783, 6.597 ], [ 13.471, 6.5947 ], [ 13.4608, 6.6082 ], [ 13.4447, 6.6116 ], [ 13.4408, 6.6276 ], [ 13.4459, 6.6321 ], [ 13.4341, 6.6438 ], [ 13.4257, 6.6382 ], [ 13.4047, 6.6457 ], [ 13.4015, 6.6405 ], [ 13.3931, 6.6372 ], [ 13.4013, 6.6303 ], [ 13.4065, 6.632 ], [ 13.4106, 6.6248 ], [ 13.4168, 6.6223 ], [ 13.4174, 6.613 ], [ 13.4061, 6.606 ], [ 13.4047, 6.5984 ], [ 13.3993, 6.5932 ], [ 13.383, 6.5889 ], [ 13.3735, 6.5786 ], [ 13.3564, 6.5696 ], [ 13.3545, 6.5595 ], [ 13.3449, 6.5442 ], [ 13.3365, 6.5368 ], [ 13.3289, 6.5347 ], [ 13.323, 6.5181 ], [ 13.3027, 6.5033 ], [ 13.289, 6.4745 ], [ 13.2934, 6.461 ], [ 13.2867, 6.4466 ], [ 13.2936, 6.4223 ], [ 13.3078, 6.415 ], [ 13.3058, 6.4038 ], [ 13.3125, 6.3935 ], [ 13.3217, 6.3907 ], [ 13.3255, 6.3741 ], [ 13.3347, 6.3596 ], [ 13.3313, 6.3519 ], [ 13.3247, 6.3498 ], [ 13.3214, 6.3397 ], [ 13.3226, 6.3119 ], [ 13.3352, 6.2829 ], [ 13.3373, 6.2645 ], [ 13.3316, 6.2585 ], [ 13.337, 6.2532 ], [ 13.3347, 6.2344 ], [ 13.3395, 6.2249 ], [ 13.3463, 6.222 ], [ 13.3545, 6.2056 ], [ 13.3518, 6.1703 ], [ 13.338, 6.1556 ], [ 13.3488, 6.1474 ], [ 13.3557, 6.1464 ], [ 13.3588, 6.1355 ], [ 13.3647, 6.137 ], [ 13.3656, 6.1323 ], [ 13.3769, 6.1266 ], [ 13.3731, 6.1203 ], [ 13.3786, 6.1206 ], [ 13.3773, 6.1103 ], [ 13.3884, 6.1085 ], [ 13.3852, 6.1017 ], [ 13.389, 6.1037 ], [ 13.3894, 6.1 ], [ 13.3922, 6.1016 ], [ 13.3931, 6.0973 ], [ 13.402, 6.09 ], [ 13.3953, 6.0866 ], [ 13.4042, 6.0828 ], [ 13.3972, 6.0797 ], [ 13.3984, 6.0646 ], [ 13.392, 6.0623 ], [ 13.3937, 6.0677 ], [ 13.386, 6.0668 ], [ 13.3845, 6.056 ], [ 13.3778, 6.0555 ], [ 13.3799, 6.0494 ], [ 13.3778, 6.037 ], [ 13.3734, 6.032 ], [ 13.377, 6.0265 ], [ 13.372, 6.0233 ], [ 13.3702, 6.0101 ], [ 13.3651, 6.0016 ] ] ] } },
{ "type": "Feature", "properties": { "iso3": "CMR", "unit_id": "13109269B38380849701039", "unit_name": "Vina" }, "geometry": { "type": "Polygon", "coordinates": [ [ [ 13.3931, 6.6372 ], [ 13.4015, 6.6405 ], [ 13.4047, 6.6457 ], [ 13.4257, 6.6382 ], [ 13.4341, 6.6438 ], [ 13.4459, 6.6321 ], [ 13.4408, 6.6276 ], [ 13.4447, 6.6116 ], [ 13.4608, 6.6082 ], [ 13.471, 6.5947 ], [ 13.4783, 6.597 ], [ 13.4857, 6.6099 ], [ 13.4979, 6.5999 ], [ 13.5096, 6.6026 ], [ 13.5082, 6.6141 ], [ 13.5131, 6.6245 ], [ 13.531, 6.6244 ], [ 13.5391, 6.6193 ], [ 13.5439, 6.6071 ], [ 13.5427, 6.5972 ], [ 13.5307, 6.5947 ], [ 13.5296, 6.5907 ], [ 13.5433, 6.5748 ], [ 13.5484, 6.5785 ], [ 13.5555, 6.5934 ], [ 13.5631, 6.5961 ], [ 13.5714, 6.5803 ], [ 13.5792, 6.5829 ], [ 13.5729, 6.5835 ], [ 13.5726, 6.5868 ], [ 13.5814, 6.5872 ], [ 13.5902, 6.5941 ], [ 13.594, 6.58 ], [ 13.5978, 6.5764 ], [ 13.598, 6.5707 ], [ 13.5948, 6.569 ], [ 13.601, 6.5675 ], [ 13.5999, 6.562 ], [ 13.6119, 6.562 ], [ 13.6067, 6.5508 ], [ 13.6137, 6.5482 ], [ 13.6142, 6.5544 ], [ 13.6183, 6.5565 ], [ 13.6178, 6.5491 ], [ 13.6206, 6.5465 ], [ 13.6331, 6.5466 ], [ 13.6365, 6.5431 ], [ 13.6454, 6.5491 ], [ 13.6446, 6.546 ], [ 13.6556, 6.5349 ], [ 13.6664, 6.5348 ], [ 13.6655, 6.5291 ], [ 13.6684, 6.5256 ], [ 13.6826, 6.5327 ], [ 13.6835, 6.5263 ], [ 13.6916, 6.527 ], [ 13.6945, 6.5226 ], [ 13.7011, 6.528 ], [ 13.7096, 6.5271 ], [ 13.709, 6.5319 ], [ 13.7132, 6.5355 ], [ 13.7185, 6.5308 ], [ 13.7248, 6.5322 ], [ 13.7329, 6.5242 ], [ 13.7415, 6.5307 ], [ 13.7481, 6.5193 ], [ 13.7605, 6.5218 ], [ 13.7671, 6.5265 ], [ 13.7724, 6.5386 ], [ 13.7846, 6.5363 ], [ 13.79, 6.5391 ], [ 13.7957, 6.5481 ], [ 13.7957, 6.5557 ], [ 13.7915, 6.5561 ], [ 13.7943, 6.5611 ], [ 13.7975, 6.5611 ], [ 13.7958, 6.565 ], [ 13.8022, 6.5697 ], [ 13.8052, 6.5653 ], [ 13.811, 6.5662 ], [ 13.812, 6.5752 ], [ 13.809, 6.5804 ], [ 13.8117, 6.5834 ], [ 13.8195, 6.5854 ], [ 13.8293, 6.5954 ], [ 13.8318, 6.592 ], [ 13.8397, 6.5917 ], [ 13.8469, 6.5969 ], [ 13.8568, 6.5965 ], [ 13.8557, 6.6079 ], [ 13.8593, 6.6151 ], [ 13.8533, 6.6187 ], [ 13.8532, 6.6253 ], [ 13.8702, 6.6324 ], [ 13.875, 6.6316 ], [ 13.8826, 6.6433 ], [ 13.9037, 6.646 ], [ 13.901, 6.6574 ], [ 13.9081, 6.6626 ], [ 13.9102, 6.6773 ], [ 13.9168, 6.681 ], [ 13.9076, 6.6865 ], [ 13.9028, 6.6995 ], [ 13.8856, 6.7112 ], [ 13.8821, 6.7214 ], [ 13.8842, 6.7263 ], [ 13.8755, 6.7425 ], [ 13.8691, 6.7464 ], [ 13.8598, 6.7632 ], [ 13.8523, 6.7644 ], [ 13.8497, 6.7722 ], [ 13.8509, 6.7811 ], [ 13.8554, 6.7864 ], [ 13.87, 6.7862 ], [ 13.8752, 6.7941 ], [ 13.8835, 6.7957 ], [ 13.8857, 6.7998 ], [ 13.8958, 6.8001 ], [ 13.9017, 6.8072 ], [ 13.9122, 6.8089 ], [ 13.9146, 6.7993 ], [ 13.9306, 6.7754 ], [ 13.9575, 6.7503 ], [ 13.9703, 6.7433 ], [ 13.9839, 6.7438 ], [ 13.9877, 6.7412 ], [ 13.9904, 6.7382 ], [ 13.9899, 6.7301 ], [ 13.9945, 6.7276 ], [ 14.0018, 6.7328 ], [ 14.0181, 6.7588 ], [ 14.0386, 6.7806 ], [ 14.1513, 6.8571 ], [ 14.1703, 6.8741 ], [ 14.1855, 6.8741 ], [ 14.2094, 6.8651 ], [ 14.2279, 6.866 ], [ 14.2382, 6.8595 ], [ 14.2504, 6.8622 ], [ 14.2772, 6.8343 ], [ 14.2831, 6.8349 ], [ 14.2958, 6.8462 ], [ 14.321, 6.8543 ], [ 14.3275, 6.8484 ], [ 14.3362, 6.8296 ], [ 14.3433, 6.8317 ], [ 14.3489, 6.8381 ], [ 14.3569, 6.8321 ], [ 14.3728, 6.8331 ], [ 14.382, 6.8257 ], [ 14.3931, 6.8313 ], [ 14.3981, 6.8259 ], [ 14.3944, 6.8215 ], [ 14.3956, 6.8131 ], [ 14.4057, 6.8081 ], [ 14.4188, 6.8163 ], [ 14.4422, 6.8201 ], [ 14.4479, 6.8357 ], [ 14.4556, 6.8376 ], [ 14.4595, 6.8426 ], [ 14.4671, 6.8426 ], [ 14.4684, 6.8475 ], [ 14.4887, 6.8429 ], [ 14.4948, 6.8478 ], [ 14.4937, 6.8526 ], [ 14.5015, 6.8577 ], [ 14.516, 6.8517 ], [ 14.5417, 6.87 ], [ 14.5564, 6.8608 ], [ 14.5627, 6.8483 ], [ 14.5719, 6.843 ], [ 14.6088, 6.8569 ], [ 14.611, 6.8595 ], [ 14.6064, 6.863 ], [ 14.6111, 6.8769 ], [ 14.609, 6.8842 ], [ 14.6242, 6.8892 ], [ 14.6312, 6.8972 ], [ 14.6296, 6.9037 ], [ 14.636, 6.9051 ], [ 14.6422, 6.919 ], [ 14.6229, 6.9247 ], [ 14.6202, 6.9294 ], [ 14.6232, 6.9377 ], [ 14.6289, 6.9382 ], [ 14.6315, 6.9424 ], [ 14.6404, 6.9458 ], [ 14.6595, 6.9466 ], [ 14.6782, 6.9532 ], [ 14.6715, 6.9644 ], [ 14.667, 6.967 ], [ 14.663, 6.9655 ], [ 14.6547, 6.9731 ], [ 14.6512, 6.9812 ], [ 14.6311, 6.9848 ], [ 14.6253, 6.9919 ], [ 14.6238, 7.0007 ], [ 14.6278, 7.0044 ], [ 14.624, 7.0099 ], [ 14.6146, 7.016 ], [ 14.6071, 7.0098 ], [ 14.6024, 7.0168 ], [ 14.6027, 7.0416 ], [ 14.5819, 7.0416 ], [ 14.5828, 7.0473 ], [ 14.5674, 7.0537 ], [ 14.5638, 7.0594 ], [ 14.5731, 7.0669 ], [ 14.5699, 7.0812 ], [ 14.5599, 7.0903 ], [ 14.5589, 7.0973 ], [ 14.5521, 7.0969 ], [ 14.5506, 7.1011 ], [ 14.547, 7.1002 ], [ 14.5413, 7.1063 ], [ 14.5391, 7.1235 ], [ 14.5316, 7.1248 ], [ 14.5343, 7.1299 ], [ 14.5217, 7.1359 ], [ 14.5222, 7.1486 ], [ 14.5195, 7.1515 ], [ 14.5238, 7.1545 ], [ 14.5208, 7.1615 ], [ 14.5113, 7.1625 ], [ 14.5068, 7.1546 ], [ 14.504, 7.1595 ], [ 14.4995, 7.1592 ], [ 14.4961, 7.1539 ], [ 14.4856, 7.1518 ], [ 14.4812, 7.1549 ], [ 14.4653, 7.155 ], [ 14.4597, 7.1586 ], [ 14.4471, 7.1511 ], [ 14.4401, 7.1561 ], [ 14.4395, 7.1639 ], [ 14.4332, 7.1676 ], [ 14.4264, 7.1662 ], [ 14.4057, 7.1493 ], [ 14.3986, 7.149 ], [ 14.3947, 7.1542 ], [ 14.3856, 7.1496 ], [ 14.3776, 7.1533 ], [ 14.3521, 7.1547 ], [ 14.3409, 7.1609 ], [ 14.3226, 7.1641 ], [ 14.3273, 7.1816 ], [ 14.3362, 7.1939 ], [ 14.351, 7.1946 ], [ 14.361, 7.2051 ], [ 14.3622, 7.2172 ], [ 14.3583, 7.2312 ], [ 14.353, 7.2376 ], [ 14.3569, 7.2477 ], [ 14.3556, 7.2707 ], [ 14.3329, 7.2771 ], [ 14.3423, 7.2944 ], [ 14.3431, 7.3078 ], [ 14.3259, 7.3114 ], [ 14.3198, 7.3092 ], [ 14.3123, 7.3134 ], [ 14.3047, 7.3067 ], [ 14.2953, 7.3167 ], [ 14.2799, 7.3211 ], [ 14.2826, 7.3292 ], [ 14.2745, 7.3363 ], [ 14.2535, 7.3461 ], [ 14.2461, 7.3555 ], [ 14.2454, 7.3698 ], [ 14.2365, 7.3759 ], [ 14.2394, 7.3767 ], [ 14.2385, 7.3851 ], [ 14.2436, 7.3934 ], [ 14.2272, 7.3964 ], [ 14.216, 7.4046 ], [ 14.2204, 7.4329 ], [ 14.2151, 7.4428 ], [ 14.2149, 7.4581 ], [ 14.1828, 7.4607 ], [ 14.1763, 7.4708 ], [ 14.1775, 7.4765 ], [ 14.1673, 7.479 ], [ 14.1623, 7.4759 ], [ 14.1582, 7.4822 ], [ 14.1448, 7.4851 ], [ 14.1332, 7.5101 ], [ 14.1326, 7.5225 ], [ 14.1379, 7.5357 ], [ 14.1329, 7.5417 ], [ 14.1374, 7.5473 ], [ 14.1377, 7.5542 ], [ 14.1269, 7.5689 ], [ 14.1117, 7.573 ], [ 14.1094, 7.5681 ], [ 14.1038, 7.5686 ], [ 14.1043, 7.5659 ], [ 14.0944, 7.5609 ], [ 14.0946, 7.5584 ], [ 14.0839, 7.5567 ], [ 14.0606, 7.5635 ], [ 14.0346, 7.5603 ], [ 14.0338, 7.5639 ], [ 14.0312, 7.5607 ], [ 14.0227, 7.5607 ], [ 14.0261, 7.5575 ], [ 14.013, 7.5579 ], [ 14.0075, 7.553 ], [ 14.0025, 7.5584 ], [ 13.9914, 7.5601 ], [ 13.9837, 7.5773 ], [ 13.956, 7.5822 ], [ 13.9525, 7.5792 ], [ 13.9417, 7.5889 ], [ 13.9306, 7.5926 ], [ 13.9264, 7.5892 ], [ 13.9131, 7.5896 ], [ 13.9107, 7.5937 ], [ 13.9037, 7.5951 ], [ 13.9049, 7.5978 ], [ 13.9016, 7.5976 ], [ 13.8981, 7.603 ], [ 13.8903, 7.6057 ], [ 13.8828, 7.616 ], [ 13.8757, 7.6159 ], [ 13.8716, 7.6246 ], [ 13.8882, 7.643 ], [ 13.8912, 7.6532 ], [ 13.8833, 7.6676 ], [ 13.8735, 7.675 ], [ 13.8846, 7.6923 ], [ 13.8825, 7.6971 ], [ 13.8849, 7.705 ], [ 13.86, 7.712 ], [ 13.8517, 7.7232 ], [ 13.8407, 7.7273 ], [ 13.8406, 7.7332 ], [ 13.8303, 7.7376 ], [ 13.8272, 7.7459 ], [ 13.8187, 7.7484 ], [ 13.8118, 7.7455 ], [ 13.8043, 7.7482 ], [ 13.7929, 7.7592 ], [ 13.7866, 7.7601 ], [ 13.7831, 7.7727 ], [ 13.7785, 7.7736 ], [ 13.7738, 7.7802 ], [ 13.7754, 7.7876 ], [ 13.7707, 7.7888 ], [ 13.7731, 7.7908 ], [ 13.7649, 7.7999 ], [ 13.7684, 7.8042 ], [ 13.7642, 7.8126 ], [ 13.7658, 7.8155 ], [ 13.7626, 7.8159 ], [ 13.7493, 7.8381 ], [ 13.7392, 7.8473 ], [ 13.7351, 7.86 ], [ 13.7444, 7.882 ], [ 13.742, 7.9051 ], [ 13.745, 7.9127 ], [ 13.7244, 7.9293 ], [ 13.7173, 7.9288 ], [ 13.7111, 7.9375 ], [ 13.7154, 7.944 ], [ 13.7081, 7.9519 ], [ 13.6999, 7.9546 ], [ 13.6865, 7.9471 ], [ 13.6869, 7.9422 ], [ 13.6785, 7.936 ], [ 13.6549, 7.9272 ], [ 13.6444, 7.9295 ], [ 13.6347, 7.9225 ], [ 13.6269, 7.9227 ], [ 13.623, 7.9263 ], [ 13.6194, 7.9232 ], [ 13.6111, 7.9253 ], [ 13.5987, 7.9212 ], [ 13.5897, 7.9253 ], [ 13.5714, 7.9054 ], [ 13.55, 7.9135 ], [ 13.518, 7.9159 ], [ 13.5085, 7.9221 ], [ 13.463, 7.9104 ], [ 13.4448, 7.9093 ], [ 13.4345, 7.9104 ], [ 13.4226, 7.9171 ], [ 13.4215, 7.9248 ], [ 13.4265, 7.9421 ], [ 13.4139, 7.9596 ], [ 13.3651, 7.9698 ], [ 13.3609, 7.9649 ], [ 13.3548, 7.9641 ], [ 13.3422, 7.9683 ], [ 13.3394, 7.9731 ], [ 13.3261, 7.9724 ], [ 13.3319, 7.967 ], [ 13.3372, 7.9534 ], [ 13.3523, 7.9464 ], [ 13.3513, 7.9408 ], [ 13.3577, 7.9341 ], [ 13.3553, 7.9282 ], [ 13.3434, 7.922 ], [ 13.3408, 7.9125 ], [ 13.3272, 7.9019 ], [ 13.3296, 7.8898 ], [ 13.3406, 7.876 ], [ 13.3429, 7.8577 ], [ 13.3307, 7.8484 ], [ 13.3301, 7.8416 ], [ 13.3089, 7.8186 ], [ 13.3002, 7.8209 ], [ 13.2965, 7.8177 ], [ 13.3036, 7.7995 ], [ 13.3009, 7.7926 ], [ 13.3074, 7.7859 ], [ 13.3068, 7.778 ], [ 13.2998, 7.775 ], [ 13.2849, 7.7538 ], [ 13.2968, 7.7436 ], [ 13.2915, 7.7385 ], [ 13.2892, 7.7301 ], [ 13.2963, 7.7243 ], [ 13.2879, 7.714 ], [ 13.2851, 7.6986 ], [ 13.2784, 7.6987 ], [ 13.2594, 7.6889 ], [ 13.2579, 7.6703 ], [ 13.2532, 7.666 ], [ 13.2552, 7.6345 ], [ 13.2623, 7.6238 ], [ 13.2447, 7.6045 ], [ 13.2428, 7.5986 ], [ 13.2447, 7.5829 ], [ 13.25, 7.5794 ], [ 13.2458, 7.57 ], [ 13.2292, 7.5744 ], [ 13.2269, 7.5702 ], [ 13.213, 7.574 ], [ 13.1822, 7.5698 ], [ 13.1867, 7.5625 ], [ 13.1819, 7.5579 ], [ 13.1777, 7.5404 ], [ 13.1746, 7.5392 ], [ 13.1745, 7.5273 ], [ 13.1678, 7.5214 ], [ 13.1624, 7.5233 ], [ 13.1613, 7.5154 ], [ 13.151, 7.5071 ], [ 13.1385, 7.5028 ], [ 13.1334, 7.4965 ], [ 13.1375, 7.4853 ], [ 13.1469, 7.476 ], [ 13.1483, 7.4626 ], [ 13.1425, 7.4444 ], [ 13.139, 7.4418 ], [ 13.1425, 7.4333 ], [ 13.1356, 7.432 ], [ 13.1348, 7.4226 ], [ 13.1299, 7.4236 ], [ 13.1249, 7.4297 ], [ 13.1229, 7.4284 ], [ 13.1134, 7.4103 ], [ 13.1143, 7.407 ], [ 13.119, 7.4077 ], [ 13.1195, 7.4022 ], [ 13.1018, 7.4024 ], [ 13.0967, 7.395 ], [ 13.0861, 7.3972 ], [ 13.0843, 7.3877 ], [ 13.0702, 7.3898 ], [ 13.061, 7.3793 ], [ 13.0555, 7.3802 ], [ 13.0537, 7.3769 ], [ 13.038, 7.3746 ], [ 13.036, 7.3705 ], [ 13.0237, 7.3678 ], [ 13.0233, 7.3628 ], [ 13.0169, 7.356 ], [ 13.027, 7.3493 ], [ 13.014, 7.3445 ], [ 13.0104, 7.3386 ], [ 13.0141, 7.3388 ], [ 13.0128, 7.3362 ], [ 13.0056, 7.3377 ], [ 13.0069, 7.3415 ], [ 13.004, 7.3384 ], [ 13.0091, 7.3237 ], [ 13.0036, 7.3261 ], [ 13.0051, 7.313 ], [ 12.9905, 7.2961 ], [ 12.9957, 7.288 ], [ 12.9924, 7.288 ], [ 12.996, 7.2808 ], [ 12.9951, 7.2735 ], [ 13.002, 7.275 ], [ 13.0152, 7.2679 ], [ 13.0107, 7.2633 ], [ 13.0107, 7.2579 ], [ 13.005, 7.2527 ], [ 12.9992, 7.253 ], [ 12.9958, 7.2619 ], [ 12.9856, 7.2583 ], [ 12.9844, 7.2665 ], [ 12.9782, 7.265 ], [ 12.9727, 7.2701 ], [ 12.9699, 7.2637 ], [ 12.954, 7.2661 ], [ 12.9548, 7.2574 ], [ 12.9473, 7.2521 ], [ 12.9357, 7.258 ], [ 12.9319, 7.2497 ], [ 12.9361, 7.2419 ], [ 12.9298, 7.242 ], [ 12.9199, 7.2352 ], [ 12.914, 7.2379 ], [ 12.9063, 7.2245 ], [ 12.9022, 7.2275 ], [ 12.8938, 7.2243 ], [ 12.898, 7.2155 ], [ 12.8934, 7.2101 ], [ 12.9002, 7.2032 ], [ 12.8917, 7.1905 ], [ 12.8923, 7.1852 ], [ 12.8795, 7.1901 ], [ 12.867, 7.1824 ], [ 12.8725, 7.1736 ], [ 12.8617, 7.1737 ], [ 12.8565, 7.1627 ], [ 12.8516, 7.1626 ], [ 12.8529, 7.1595 ], [ 12.8473, 7.1553 ], [ 12.8449, 7.1394 ], [ 12.8338, 7.1344 ], [ 12.8296, 7.1378 ], [ 12.8238, 7.1307 ], [ 12.8241, 7.105 ], [ 12.8393, 7.0587 ], [ 12.8371, 7.0457 ], [ 12.851, 7.0267 ], [ 12.86, 7.0238 ], [ 12.8618, 7.0174 ], [ 12.8708, 7.0193 ], [ 12.8804, 7.0069 ], [ 12.8853, 7.0059 ], [ 12.89, 6.9972 ], [ 12.8882, 6.9894 ], [ 12.8811, 6.9838 ], [ 12.8739, 6.9678 ], [ 12.8774, 6.9667 ], [ 12.879, 6.9583 ], [ 12.888, 6.9442 ], [ 12.8931, 6.9411 ], [ 12.8935, 6.903 ], [ 12.9019, 6.8921 ], [ 12.9028, 6.8822 ], [ 12.9133, 6.8698 ], [ 12.9098, 6.8561 ], [ 12.9005, 6.8481 ], [ 12.8918, 6.8319 ], [ 12.893, 6.8117 ], [ 12.8852, 6.8046 ], [ 12.8855, 6.7986 ], [ 12.8739, 6.7842 ], [ 12.8762, 6.7698 ], [ 12.8922, 6.7716 ], [ 12.9175, 6.765 ], [ 12.9234, 6.7775 ], [ 12.9365, 6.7805 ], [ 12.9404, 6.7909 ], [ 12.9552, 6.8027 ], [ 12.9598, 6.8147 ], [ 12.9785, 6.8215 ], [ 12.9915, 6.8313 ], [ 12.9963, 6.8391 ], [ 13.0083, 6.8416 ], [ 13.0262, 6.8621 ], [ 13.0375, 6.8677 ], [ 13.0533, 6.8702 ], [ 13.0593, 6.8791 ], [ 13.0621, 6.879 ], [ 13.0628, 6.8738 ], [ 13.0786, 6.8628 ], [ 13.0802, 6.8579 ], [ 13.069, 6.8452 ], [ 13.0711, 6.8396 ], [ 13.0868, 6.8343 ], [ 13.0982, 6.8363 ], [ 13.1061, 6.8328 ], [ 13.1076, 6.8213 ], [ 13.1108, 6.8186 ], [ 13.1268, 6.811 ], [ 13.1336, 6.8038 ], [ 13.1579, 6.7988 ], [ 13.1697, 6.7918 ], [ 13.181, 6.775 ], [ 13.1868, 6.7755 ], [ 13.1943, 6.782 ], [ 13.2023, 6.7761 ], [ 13.2316, 6.7775 ], [ 13.2479, 6.7891 ], [ 13.2529, 6.7858 ], [ 13.2528, 6.7769 ], [ 13.266, 6.7786 ], [ 13.2705, 6.7622 ], [ 13.2802, 6.7616 ], [ 13.3122, 6.7509 ], [ 13.332, 6.7487 ], [ 13.3353, 6.7509 ], [ 13.3437, 6.748 ], [ 13.3446, 6.745 ], [ 13.339, 6.7467 ], [ 13.337, 6.744 ], [ 13.3456, 6.737 ], [ 13.3432, 6.7326 ], [ 13.3485, 6.7312 ], [ 13.3497, 6.7251 ], [ 13.3553, 6.7259 ], [ 13.3589, 6.722 ], [ 13.3533, 6.7151 ], [ 13.3552, 6.7115 ], [ 13.3592, 6.7131 ], [ 13.3526, 6.6887 ], [ 13.3668, 6.6834 ], [ 13.3609, 6.6789 ], [ 13.3678, 6.6651 ], [ 13.3739, 6.6626 ], [ 13.3711, 6.6533 ], [ 13.3739, 6.6465 ], [ 13.3924, 6.6414 ], [ 13.3931, 6.6372 ] ] ] } },
{ "type": "Feature", "properties": { "iso3": "CMR", "unit_id": "13109269B73561720453211", "unit_name": "Haute-Sanaga" }, "geometry": { "type": "Polygon", "coordinates": [ [ [ 12.1181, 4.0328 ], [ 12.1554, 4.032 ], [ 12.1492, 4.0463 ], [ 12.1484, 4.0628 ], [ 12.1582, 4.0907 ], [ 12.1658, 4.1008 ], [ 12.1936, 4.1205 ], [ 12.272, 4.1388 ], [ 12.3176, 4.1873 ], [ 12.3234, 4.1871 ], [ 12.3434, 4.1998 ], [ 12.3468, 4.2072 ], [ 12.3453, 4.2153 ], [ 12.4876, 4.3596 ], [ 12.6145, 4.3908 ], [ 12.6231, 4.3854 ], [ 12.6583, 4.3884 ], [ 12.6886, 4.3797 ], [ 12.7594, 4.3296 ], [ 12.8424, 4.3737 ], [ 12.8764, 4.5175 ], [ 12.9796, 4.565 ], [ 12.9767, 4.5902 ], [ 12.9991, 4.5912 ], [ 13.0008, 4.5973 ], [ 13.0055, 4.5982 ], [ 13.0059, 4.6041 ], [ 13.0261, 4.6068 ], [ 13.0428, 4.5955 ], [ 13.0582, 4.5959 ], [ 13.0749, 4.5855 ], [ 13.094, 4.5602 ], [ 13.1209, 4.5531 ], [ 13.1284, 4.5465 ], [ 13.1416, 4.545 ], [ 13.146, 4.5488 ], [ 13.1711, 4.5546 ], [ 13.1823, 4.5506 ], [ 13.1893, 4.553 ], [ 13.2036, 4.5492 ], [ 13.2121, 4.5504 ], [ 13.2071, 4.5635 ], [ 13.2128, 4.5764 ], [ 13.2101, 4.6039 ], [ 13.2194, 4.6279 ], [ 13.2209, 4.6402 ], [ 13.2279, 4.6515 ], [ 13.2215, 4.6728 ], [ 13.2232, 4.6839 ], [ 13.2269, 4.6849 ], [ 13.2275, 4.6903 ], [ 13.2198, 4.6938 ], [ 13.218, 4.6987 ], [ 13.219, 4.7032 ], [ 13.2314, 4.7059 ], [ 13.2335, 4.7095 ], [ 13.2326, 4.718 ], [ 13.2209, 4.7288 ], [ 13.2216, 4.738 ], [ 13.2245, 4.7402 ], [ 13.2209, 4.7481 ], [ 13.2246, 4.7515 ], [ 13.2222, 4.7581 ], [ 13.2301, 4.7674 ], [ 13.2313, 4.7632 ], [ 13.2371, 4.7602 ], [ 13.2352, 4.7687 ], [ 13.2454, 4.775 ], [ 13.2453, 4.7802 ], [ 13.243, 4.7862 ], [ 13.2363, 4.7786 ], [ 13.2301, 4.7818 ], [ 13.2343, 4.7839 ], [ 13.2331, 4.7863 ], [ 13.2427, 4.7894 ], [ 13.2368, 4.8008 ], [ 13.2411, 4.8048 ], [ 13.2376, 4.8129 ], [ 13.2402, 4.8189 ], [ 13.2313, 4.823 ], [ 13.2313, 4.8273 ], [ 13.2206, 4.8385 ], [ 13.2098, 4.8394 ], [ 13.2091, 4.8466 ], [ 13.1987, 4.8437 ], [ 13.1991, 4.8515 ], [ 13.207, 4.8549 ], [ 13.2068, 4.8602 ], [ 13.2046, 4.866 ], [ 13.1963, 4.8648 ], [ 13.1985, 4.868 ], [ 13.1903, 4.9015 ], [ 13.1898, 4.9157 ], [ 13.1839, 4.9182 ], [ 13.1705, 4.9161 ], [ 13.1639, 4.9231 ], [ 13.1522, 4.9275 ], [ 13.1434, 4.9256 ], [ 13.1193, 4.9314 ], [ 13.0988, 4.9265 ], [ 13.0639, 4.9314 ], [ 13.0553, 4.9448 ], [ 13.043, 4.952 ], [ 13.0145, 4.9583 ], [ 13.0299, 4.9801 ], [ 13.028, 4.9849 ], [ 13.0373, 4.9916 ], [ 13.059, 5.0365 ], [ 13.0607, 5.0651 ], [ 13.0582, 5.0737 ], [ 13.0488, 5.0814 ], [ 13.0298, 5.1078 ], [ 13.0003, 5.126 ], [ 12.9063, 5.2137 ], [ 12.8081, 5.2796 ], [ 12.6103, 5.2292 ], [ 12.5467, 5.2209 ], [ 12.4883, 5.1539 ], [ 12.4737, 5.146 ], [ 12.4619, 5.1152 ], [ 12.4536, 5.1043 ], [ 12.4411, 5.0979 ], [ 12.4321, 5.0856 ], [ 12.4211, 5.0768 ], [ 12.3989, 5.0818 ], [ 12.3629, 5.0689 ], [ 12.3567, 5.0637 ], [ 12.3246, 5.0014 ], [ 12.3138, 4.9445 ], [ 12.3056, 4.9409 ], [ 12.3037, 4.9354 ], [ 12.2777, 4.913 ], [ 12.2674, 4.9164 ], [ 12.2533, 4.9109 ], [ 12.2403, 4.9122 ], [ 12.2353, 4.9022 ], [ 12.2117, 4.8948 ], [ 12.1934, 4.8964 ], [ 12.1842, 4.9004 ], [ 12.1749, 4.8926 ], [ 12.1638, 4.8939 ], [ 12.1533, 4.8885 ], [ 12.1489, 4.8904 ], [ 12.1347, 4.8832 ], [ 12.1274, 4.8679 ], [ 12.1198, 4.865 ], [ 12.1159, 4.858 ], [ 12.1071, 4.8572 ], [ 12.1046, 4.8502 ], [ 12.096, 4.8538 ], [ 12.0884, 4.8464 ], [ 12.0789, 4.8495 ], [ 12.0754, 4.8569 ], [ 12.0704, 4.8575 ], [ 12.0662, 4.8643 ], [ 12.0592, 4.8589 ], [ 12.0582, 4.864 ], [ 12.0551, 4.8638 ], [ 12.0377, 4.8474 ], [ 12.0257, 4.8476 ], [ 12.0246, 4.8439 ], [ 12.0208, 4.8471 ], [ 12.0218, 4.8549 ], [ 12.0096, 4.8522 ], [ 11.9972, 4.8604 ], [ 11.9941, 4.8455 ], [ 12.0015, 4.8317 ], [ 11.9926, 4.8245 ], [ 11.9858, 4.8302 ], [ 11.9887, 4.8194 ], [ 12.0016, 4.8148 ], [ 11.9919, 4.793 ], [ 11.9993, 4.7917 ], [ 11.9978, 4.7839 ], [ 11.9923, 4.7805 ], [ 11.9923, 4.7751 ], [ 11.9943, 4.7727 ], [ 11.9972, 4.7756 ], [ 12.0014, 4.7735 ], [ 12.0012, 4.7695 ], [ 11.9991, 4.7651 ], [ 11.983, 4.7663 ], [ 11.9915, 4.7553 ], [ 11.9841, 4.7505 ], [ 11.9869, 4.7431 ], [ 11.9806, 4.7437 ], [ 11.9838, 4.734 ], [ 11.9978, 4.7417 ], [ 12.0021, 4.7363 ], [ 11.9998, 4.7318 ], [ 11.9948, 4.733 ], [ 11.9825, 4.7224 ], [ 11.9667, 4.7215 ], [ 11.9703, 4.702 ], [ 11.9729, 4.7001 ], [ 11.9778, 4.7047 ], [ 11.9854, 4.7021 ], [ 11.9887, 4.6957 ], [ 11.9854, 4.6913 ], [ 11.9833, 4.689 ], [ 11.9612, 4.6894 ], [ 11.9634, 4.684 ], [ 11.9723, 4.6787 ], [ 11.9686, 4.6752 ], [ 11.9655, 4.679 ], [ 11.962, 4.6651 ], [ 11.9754, 4.6724 ], [ 11.9841, 4.6658 ], [ 11.9821, 4.662 ], [ 11.975, 4.6633 ], [ 11.9696, 4.656 ], [ 11.9561, 4.6622 ], [ 11.9504, 4.656 ], [ 11.9343, 4.6573 ], [ 11.9339, 4.6517 ], [ 11.9389, 4.6442 ], [ 11.9503, 4.6402 ], [ 11.9504, 4.6344 ], [ 11.9446, 4.6302 ], [ 11.916, 4.6397 ], [ 11.8867, 4.6291 ], [ 11.8612, 4.6457 ], [ 11.851, 4.6468 ], [ 11.8532, 4.6333 ], [ 11.8418, 4.6224 ], [ 11.8422, 4.6133 ], [ 11.8475, 4.603 ], [ 11.8386, 4.5965 ], [ 11.8338, 4.5838 ], [ 11.8117, 4.5681 ], [ 11.8155, 4.5426 ], [ 11.8119, 4.5194 ], [ 11.7942, 4.502 ], [ 11.7733, 4.5023 ], [ 11.7619, 4.4957 ], [ 11.7506, 4.4651 ], [ 11.7417, 4.462 ], [ 11.7216, 4.4455 ], [ 11.7287, 4.4339 ], [ 11.7248, 4.4217 ], [ 11.7252, 4.4028 ], [ 11.7101, 4.3754 ], [ 11.7148, 4.3704 ], [ 11.7267, 4.369 ], [ 11.7288, 4.3647 ], [ 11.7331, 4.3374 ], [ 11.7313, 4.308 ], [ 11.7439, 4.3046 ], [ 11.7571, 4.325 ], [ 11.7659, 4.3265 ], [ 11.7775, 4.3228 ], [ 11.7942, 4.309 ], [ 11.8029, 4.2973 ], [ 11.802, 4.2943 ], [ 11.8096, 4.2881 ], [ 11.8354, 4.2807 ], [ 11.8619, 4.2681 ], [ 11.8712, 4.2538 ], [ 11.8832, 4.2614 ], [ 11.8972, 4.2621 ], [ 11.9148, 4.2777 ], [ 11.9346, 4.276 ], [ 11.9441, 4.284 ], [ 11.9478, 4.2836 ], [ 11.9513, 4.2751 ], [ 11.9574, 4.2702 ], [ 11.9659, 4.2423 ], [ 11.9816, 4.2279 ], [ 11.9861, 4.2123 ], [ 11.9937, 4.2074 ], [ 12.001, 4.2104 ], [ 12.0262, 4.2006 ], [ 12.0478, 4.1968 ], [ 12.0615, 4.2019 ], [ 12.071, 4.2135 ], [ 12.0884, 4.2208 ], [ 12.1407, 4.2197 ], [ 12.1501, 4.2147 ], [ 12.1559, 4.2077 ], [ 12.1558, 4.19 ], [ 12.1649, 4.1795 ], [ 12.1585, 4.1732 ], [ 12.1493, 4.1704 ], [ 12.1372, 4.1729 ], [ 12.13, 4.1378 ], [ 12.0962, 4.1099 ], [ 12.0959, 4.1059 ], [ 12.1068, 4.1013 ], [ 12.1083, 4.0903 ], [ 12.1343, 4.0502 ], [ 12.1294, 4.0441 ], [ 12.1147, 4.042 ], [ 12.1181, 4.0328 ] ] ] } },
{ "type": "Feature", "properties": { "iso3": "CMR", "unit_id": "13109269B53041197896019", "unit_name": "Lekié" }, "geometry": { "type": "Polygon", "coordinates": [ [ [ 11.7101, 4.3754 ], [ 11.6994, 4.3721 ], [ 11.674, 4.3519 ], [ 11.6532, 4.3528 ], [ 11.6395, 4.3477 ], [ 11.6308, 4.3505 ], [ 11.6185, 4.3615 ], [ 11.5836, 4.376 ], [ 11.5654, 4.3805 ], [ 11.5544, 4.3769 ], [ 11.5455, 4.384 ], [ 11.542, 4.3993 ], [ 11.5095, 4.4405 ], [ 11.4649, 4.4869 ], [ 11.4364, 4.5026 ], [ 11.3902, 4.4965 ], [ 11.3583, 4.4852 ], [ 11.3501, 4.4689 ], [ 11.3366, 4.4582 ], [ 11.3104, 4.4122 ], [ 11.2963, 4.3993 ], [ 11.2743, 4.3902 ], [ 11.2691, 4.3736 ], [ 11.2542, 4.3584 ], [ 11.2233, 4.3413 ], [ 11.2243, 4.3111 ], [ 11.2038, 4.2802 ], [ 11.1772, 4.276 ], [ 11.1491, 4.2665 ], [ 11.1401, 4.258 ], [ 11.1303, 4.2398 ], [ 11.1167, 4.2348 ], [ 11.1108, 4.221 ], [ 11.0981, 4.2187 ], [ 11.0922, 4.221 ], [ 11.0842, 4.2144 ], [ 11.0759, 4.2128 ], [ 11.0767, 4.1701 ], [ 11.085, 4.1643 ], [ 11.0919, 4.1696 ], [ 11.107, 4.1608 ], [ 11.1046, 4.1429 ], [ 11.1164, 4.1316 ], [ 11.1175, 4.1254 ], [ 11.1356, 4.1144 ], [ 11.1442, 4.098 ], [ 11.1376, 4.0829 ], [ 11.1449, 4.069 ], [ 11.1423, 4.0597 ], [ 11.1205, 4.0548 ], [ 11.1154, 4.0467 ], [ 11.1117, 4.0286 ], [ 11.134, 4.0323 ], [ 11.136, 4.0492 ], [ 11.1445, 4.048 ], [ 11.1552, 4.0353 ], [ 11.1572, 4.0265 ], [ 11.1723, 4.0204 ], [ 11.1781, 4.011 ], [ 11.1789, 4.0021 ], [ 11.1919, 4.0077 ], [ 11.1973, 3.9971 ], [ 11.1977, 3.9808 ], [ 11.2044, 3.9805 ], [ 11.2105, 3.9636 ], [ 11.2071, 3.9293 ], [ 11.2033, 3.9272 ], [ 11.1959, 3.9294 ], [ 11.1841, 3.9374 ], [ 11.1697, 3.9103 ], [ 11.1702, 3.8953 ], [ 11.1856, 3.8941 ], [ 11.1881, 3.885 ], [ 11.184, 3.8712 ], [ 11.1861, 3.8643 ], [ 11.1719, 3.8523 ], [ 11.1642, 3.8497 ], [ 11.1544, 3.8393 ], [ 11.1669, 3.8173 ], [ 11.1669, 3.8122 ], [ 11.159, 3.8017 ], [ 11.1598, 3.7964 ], [ 11.1692, 3.8001 ], [ 11.1885, 3.7995 ], [ 11.2005, 3.7943 ], [ 11.2058, 3.8034 ], [ 11.2159, 3.8051 ], [ 11.2154, 3.8173 ], [ 11.2248, 3.8213 ], [ 11.2285, 3.8306 ], [ 11.2411, 3.8285 ], [ 11.259, 3.8373 ], [ 11.2639, 3.8466 ], [ 11.2811, 3.8639 ], [ 11.3848, 3.8666 ], [ 11.4121, 3.8784 ], [ 11.4203, 3.8862 ], [ 11.4238, 3.885 ], [ 11.4259, 3.8899 ], [ 11.4472, 3.8995 ], [ 11.4478, 3.9026 ], [ 11.4665, 3.9087 ], [ 11.4754, 3.9177 ], [ 11.4765, 3.9423 ], [ 11.4823, 3.9577 ], [ 11.4909, 3.9634 ], [ 11.5065, 3.9826 ], [ 11.513, 3.9855 ], [ 11.5069, 3.9977 ], [ 11.5257, 4.0003 ], [ 11.5254, 4.0071 ], [ 11.5327, 4.0209 ], [ 11.5461, 4.0233 ], [ 11.5599, 4.0175 ], [ 11.5715, 4.0193 ], [ 11.5769, 4.0326 ], [ 11.5729, 4.04 ], [ 11.5473, 4.0478 ], [ 11.5448, 4.0588 ], [ 11.5597, 4.059 ], [ 11.5906, 4.071 ], [ 11.5728, 4.104 ], [ 11.573, 4.1094 ], [ 11.5759, 4.116 ], [ 11.5889, 4.1242 ], [ 11.6038, 4.1172 ], [ 11.6069, 4.1208 ], [ 11.6041, 4.1281 ], [ 11.6063, 4.1328 ], [ 11.6279, 4.1528 ], [ 11.612, 4.1682 ], [ 11.6055, 4.1702 ], [ 11.6078, 4.1749 ], [ 11.6162, 4.1864 ], [ 11.6226, 4.1884 ], [ 11.6384, 4.2053 ], [ 11.652, 4.2038 ], [ 11.6688, 4.2115 ], [ 11.6793, 4.2294 ], [ 11.685, 4.2302 ], [ 11.6878, 4.2348 ], [ 11.689, 4.2576 ], [ 11.6861, 4.2631 ], [ 11.6912, 4.2683 ], [ 11.6908, 4.2757 ], [ 11.6971, 4.2742 ], [ 11.7025, 4.2773 ], [ 11.7085, 4.2729 ], [ 11.7193, 4.2725 ], [ 11.7222, 4.2876 ], [ 11.7316, 4.3002 ], [ 11.7319, 4.3537 ], [ 11.7267, 4.369 ], [ 11.7148, 4.3704 ], [ 11.7101, 4.3754 ] ] ] } },
{ "type": "Feature", "properties": { "iso3": "CMR", "unit_id": "13109269B94123800879125", "unit_name": "Mbam-et-Inoubou" }, "geometry": { "type": "Polygon", "coordinates": [ [ [ 11.2643, 4.3666 ], [ 11.2785, 4.3942 ], [ 11.2781, 4.4106 ], [ 11.2852, 4.436 ], [ 11.3213, 4.4689 ], [ 11.3213, 4.4976 ], [ 11.3419, 4.5293 ], [ 11.3506, 4.5352 ], [ 11.3563, 4.5545 ], [ 11.3684, 4.561 ], [ 11.3895, 4.5827 ], [ 11.3958, 4.5932 ], [ 11.4084, 4.5956 ], [ 11.4142, 4.6077 ], [ 11.4127, 4.6143 ], [ 11.4156, 4.6215 ], [ 11.3979, 4.6322 ], [ 11.3888, 4.642 ], [ 11.3855, 4.6515 ], [ 11.3807, 4.6866 ], [ 11.3876, 4.701 ], [ 11.3908, 4.7278 ], [ 11.3842, 4.7358 ], [ 11.3692, 4.7383 ], [ 11.3541, 4.7507 ], [ 11.3264, 4.7596 ], [ 11.3243, 4.773 ], [ 11.3335, 4.7768 ], [ 11.3336, 4.7971 ], [ 11.3097, 4.8089 ], [ 11.308, 4.8142 ], [ 11.3121, 4.8229 ], [ 11.3122, 4.8331 ], [ 11.3079, 4.8385 ], [ 11.2987, 4.8351 ], [ 11.2944, 4.852 ], [ 11.2966, 4.8574 ], [ 11.3109, 4.8703 ], [ 11.3203, 4.8706 ], [ 11.3244, 4.8745 ], [ 11.3159, 4.8912 ], [ 11.3189, 4.8998 ], [ 11.3285, 4.9073 ], [ 11.3366, 4.9064 ], [ 11.3458, 4.9168 ], [ 11.3607, 4.9187 ], [ 11.3563, 4.9301 ], [ 11.362, 4.9399 ], [ 11.3537, 4.9568 ], [ 11.3599, 4.9783 ], [ 11.3483, 4.9879 ], [ 11.3526, 4.9933 ], [ 11.3471, 5.0206 ], [ 11.3373, 5.0238 ], [ 11.3385, 5.031 ], [ 11.3188, 5.0456 ], [ 11.2997, 5.0753 ], [ 11.2979, 5.0839 ], [ 11.2814, 5.0958 ], [ 11.2809, 5.1232 ], [ 11.2599, 5.1412 ], [ 11.2633, 5.1704 ], [ 11.2668, 5.1777 ], [ 11.2649, 5.1921 ], [ 11.2601, 5.2005 ], [ 11.2457, 5.2102 ], [ 11.2394, 5.2193 ], [ 11.2126, 5.2133 ], [ 11.1971, 5.1936 ], [ 11.189, 5.2074 ], [ 11.1893, 5.2237 ], [ 11.1865, 5.2294 ], [ 11.1708, 5.2273 ], [ 11.1464, 5.2363 ], [ 11.1305, 5.2264 ], [ 11.1172, 5.2252 ], [ 11.1126, 5.2283 ], [ 11.0797, 5.2039 ], [ 11.0765, 5.1944 ], [ 11.0788, 5.1883 ], [ 11.0691, 5.1877 ], [ 11.0539, 5.1806 ], [ 11.0483, 5.1706 ], [ 11.0309, 5.1748 ], [ 11.0151, 5.1721 ], [ 11.0139, 5.1649 ], [ 11.0058, 5.1588 ], [ 11.0019, 5.1607 ], [ 10.998, 5.1585 ], [ 10.9954, 5.1406 ], [ 10.9891, 5.127 ], [ 10.9867, 5.0842 ], [ 10.9707, 5.0614 ], [ 10.9699, 5.0367 ], [ 10.9672, 5.0328 ], [ 10.9602, 5.0321 ], [ 10.9586, 5.0224 ], [ 10.9484, 5.0152 ], [ 10.9452, 5.0069 ], [ 10.9314, 5.0017 ], [ 10.9357, 4.9933 ], [ 10.9541, 4.984 ], [ 10.9621, 4.9706 ], [ 10.9555, 4.9596 ], [ 10.9469, 4.9539 ], [ 10.9395, 4.9388 ], [ 10.942, 4.924 ], [ 10.893, 4.9367 ], [ 10.8843, 4.9353 ], [ 10.8655, 4.9398 ], [ 10.8626, 4.9451 ], [ 10.8438, 4.9556 ], [ 10.853, 4.9554 ], [ 10.8546, 4.9649 ], [ 10.852, 4.9752 ], [ 10.8417, 4.9727 ], [ 10.8356, 4.9773 ], [ 10.8343, 4.9697 ], [ 10.8286, 4.9686 ], [ 10.8197, 4.9718 ], [ 10.8157, 4.9838 ], [ 10.8057, 4.9853 ], [ 10.8069, 4.9908 ], [ 10.8135, 4.9925 ], [ 10.8125, 4.996 ], [ 10.8156, 4.9986 ], [ 10.8097, 5.0099 ], [ 10.7944, 5.0146 ], [ 10.7897, 5.0132 ], [ 10.7844, 5.0202 ], [ 10.7785, 5.0153 ], [ 10.7641, 5.0153 ], [ 10.7483, 5.0059 ], [ 10.7482, 5.0007 ], [ 10.7381, 4.987 ], [ 10.7361, 4.9782 ], [ 10.7308, 4.9785 ], [ 10.7309, 4.974 ], [ 10.7191, 4.955 ], [ 10.7137, 4.9538 ], [ 10.7098, 4.9573 ], [ 10.6976, 4.9521 ], [ 10.6959, 4.9563 ], [ 10.6921, 4.9562 ], [ 10.6685, 4.9429 ], [ 10.6594, 4.935 ], [ 10.661, 4.9278 ], [ 10.6421, 4.9182 ], [ 10.6425, 4.915 ], [ 10.6217, 4.8962 ], [ 10.5991, 4.8671 ], [ 10.5963, 4.8684 ], [ 10.5967, 4.8763 ], [ 10.593, 4.8801 ], [ 10.5707, 4.8821 ], [ 10.5188, 4.8982 ], [ 10.4884, 4.8813 ], [ 10.4778, 4.8514 ], [ 10.4464, 4.8319 ], [ 10.4451, 4.824 ], [ 10.4394, 4.8166 ], [ 10.4245, 4.807 ], [ 10.4247, 4.8015 ], [ 10.4214, 4.8018 ], [ 10.4233, 4.796 ], [ 10.4187, 4.7864 ], [ 10.4276, 4.7819 ], [ 10.4384, 4.7703 ], [ 10.4438, 4.7699 ], [ 10.4622, 4.7472 ], [ 10.4719, 4.7462 ], [ 10.4811, 4.7384 ], [ 10.494, 4.7235 ], [ 10.4969, 4.7093 ], [ 10.492, 4.7044 ], [ 10.4933, 4.6926 ], [ 10.4807, 4.6871 ], [ 10.4829, 4.6814 ], [ 10.4727, 4.6736 ], [ 10.4751, 4.6661 ], [ 10.4703, 4.6479 ], [ 10.4657, 4.6444 ], [ 10.4573, 4.6493 ], [ 10.4341, 4.6169 ], [ 10.4181, 4.6078 ], [ 10.4172, 4.5978 ], [ 10.4079, 4.5822 ], [ 10.4009, 4.5781 ], [ 10.3998, 4.5693 ], [ 10.3911, 4.5582 ], [ 10.3893, 4.5489 ], [ 10.3862, 4.5484 ], [ 10.3788, 4.5023 ], [ 10.3863, 4.5 ], [ 10.3886, 4.4836 ], [ 10.3949, 4.4763 ], [ 10.4234, 4.4739 ], [ 10.4316, 4.4764 ], [ 10.4386, 4.489 ], [ 10.4509, 4.4894 ], [ 10.4577, 4.4849 ], [ 10.4697, 4.4827 ], [ 10.4731, 4.4768 ], [ 10.4657, 4.4631 ], [ 10.4733, 4.4576 ], [ 10.4783, 4.4473 ], [ 10.482, 4.4487 ], [ 10.4874, 4.4615 ], [ 10.5076, 4.4668 ], [ 10.5172, 4.4537 ], [ 10.5202, 4.4567 ], [ 10.5348, 4.4554 ], [ 10.5425, 4.4604 ], [ 10.5591, 4.454 ], [ 10.5749, 4.4544 ], [ 10.5827, 4.4612 ], [ 10.5911, 4.4636 ], [ 10.595, 4.4724 ], [ 10.5998, 4.475 ], [ 10.6028, 4.4649 ], [ 10.6162, 4.4748 ], [ 10.6165, 4.4671 ], [ 10.6365, 4.4655 ], [ 10.638, 4.4606 ], [ 10.6568, 4.4712 ], [ 10.6624, 4.4704 ], [ 10.6765, 4.4811 ], [ 10.68, 4.4938 ], [ 10.6832, 4.4933 ], [ 10.6855, 4.4845 ], [ 10.6936, 4.4861 ], [ 10.6944, 4.4999 ], [ 10.698, 4.5052 ], [ 10.697, 4.5217 ], [ 10.7215, 4.5242 ], [ 10.7259, 4.5222 ], [ 10.7278, 4.5112 ], [ 10.7232, 4.5026 ], [ 10.7374, 4.492 ], [ 10.7438, 4.4921 ], [ 10.7478, 4.4968 ], [ 10.7764, 4.4974 ], [ 10.7861, 4.5108 ], [ 10.7766, 4.5295 ], [ 10.7815, 4.5373 ], [ 10.7766, 4.5457 ], [ 10.7811, 4.5524 ], [ 10.7787, 4.5719 ], [ 10.7833, 4.5869 ], [ 10.7799, 4.5993 ], [ 10.7846, 4.6083 ], [ 10.8134, 4.6125 ], [ 10.8312, 4.6118 ], [ 10.877, 4.581 ], [ 10.8901, 4.6074 ], [ 10.922, 4.6063 ], [ 10.9231, 4.5898 ], [ 10.912, 4.5575 ], [ 10.9112, 4.5184 ], [ 10.9005, 4.5031 ], [ 10.8883, 4.4996 ], [ 10.8927, 4.4873 ], [ 10.8921, 4.4681 ], [ 10.9006, 4.4626 ], [ 10.9001, 4.4571 ], [ 10.912, 4.4373 ], [ 10.9176, 4.4333 ], [ 10.9263, 4.4326 ], [ 10.9412, 4.4151 ], [ 10.935, 4.4068 ], [ 10.9394, 4.4011 ], [ 10.9403, 4.3888 ], [ 10.9476, 4.3824 ], [ 10.9465, 4.3797 ], [ 10.9693, 4.3754 ], [ 10.9704, 4.3656 ], [ 10.9759, 4.3586 ], [ 10.9727, 4.3384 ], [ 10.9759, 4.3314 ], [ 10.9862, 4.326 ], [ 10.9855, 4.3197 ], [ 10.9898, 4.3148 ], [ 10.9968, 4.314 ], [ 11.0009, 4.3057 ], [ 11.0125, 4.3049 ], [ 11.0177, 4.2957 ], [ 11.0183, 4.2852 ], [ 11.0354, 4.2685 ], [ 11.0407, 4.2687 ], [ 11.0405, 4.2608 ], [ 11.0365, 4.258 ], [ 11.043, 4.2504 ], [ 11.0558, 4.2447 ], [ 11.0612, 4.2458 ], [ 11.0771, 4.2343 ], [ 11.0775, 4.2269 ], [ 11.0719, 4.2217 ], [ 11.0759, 4.2128 ], [ 11.0842, 4.2144 ], [ 11.0922, 4.221 ], [ 11.0981, 4.2187 ], [ 11.1108, 4.221 ], [ 11.1167, 4.2348 ], [ 11.1303, 4.2398 ], [ 11.1401, 4.258 ], [ 11.1491, 4.2665 ], [ 11.1772, 4.276 ], [ 11.2038, 4.2802 ], [ 11.2243, 4.3111 ], [ 11.2233, 4.3413 ], [ 11.2643, 4.3666 ] ] ] } },
{ "type": "Feature", "properties": { "iso3": "CMR", "unit_id": "13109269B12297418698225", "unit_name": "Mbam-et-Kim" }, "geometry": { "type": "Polygon", "coordinates": [ [ [ 12.0031, 6.258 ], [ 11.9979, 6.2594 ], [ 11.9965, 6.263 ], [ 11.9904, 6.2633 ], [ 11.9802, 6.2595 ], [ 11.964, 6.2594 ], [ 11.9585, 6.2567 ], [ 11.9572, 6.2513 ], [ 11.9479, 6.2539 ], [ 11.9401, 6.2497 ], [ 11.9387, 6.2359 ], [ 11.9429, 6.234 ], [ 11.9365, 6.2218 ], [ 11.9321, 6.2204 ], [ 11.9262, 6.2236 ], [ 11.9239, 6.2168 ], [ 11.9174, 6.2246 ], [ 11.9085, 6.2248 ], [ 11.9027, 6.2216 ], [ 11.9041, 6.2164 ], [ 11.8958, 6.2069 ], [ 11.8836, 6.2097 ], [ 11.8687, 6.2044 ], [ 11.8664, 6.2115 ], [ 11.854, 6.2115 ], [ 11.8369, 6.2023 ], [ 11.8336, 6.1927 ], [ 11.8115, 6.1969 ], [ 11.7997, 6.1925 ], [ 11.7937, 6.1855 ], [ 11.7873, 6.1885 ], [ 11.7861, 6.1802 ], [ 11.7786, 6.1719 ], [ 11.7726, 6.1702 ], [ 11.7715, 6.1648 ], [ 11.7615, 6.1675 ], [ 11.7534, 6.1597 ], [ 11.7387, 6.1544 ], [ 11.7321, 6.156 ], [ 11.7211, 6.1447 ], [ 11.7107, 6.14 ], [ 11.7031, 6.141 ], [ 11.7041, 6.124 ], [ 11.695, 6.1219 ], [ 11.6932, 6.1152 ], [ 11.6811, 6.1141 ], [ 11.6722, 6.1024 ], [ 11.6723, 6.0942 ], [ 11.6642, 6.0946 ], [ 11.6562, 6.0884 ], [ 11.6634, 6.0796 ], [ 11.6617, 6.076 ], [ 11.6494, 6.0789 ], [ 11.6397, 6.0736 ], [ 11.6217, 6.0742 ], [ 11.6149, 6.0641 ], [ 11.611, 6.0639 ], [ 11.6041, 6.0731 ], [ 11.5976, 6.0668 ], [ 11.5984, 6.0605 ], [ 11.5915, 6.056 ], [ 11.5805, 6.0599 ], [ 11.5526, 6.0477 ], [ 11.5469, 6.0515 ], [ 11.5428, 6.0461 ], [ 11.535, 6.048 ], [ 11.5241, 6.0426 ], [ 11.5145, 6.044 ], [ 11.5107, 6.0389 ], [ 11.5001, 6.0395 ], [ 11.4946, 6.0321 ], [ 11.4845, 6.0334 ], [ 11.4588, 6.026 ], [ 11.4562, 6.0194 ], [ 11.4356, 6.0204 ], [ 11.4179, 6.0148 ], [ 11.4082, 6.0162 ], [ 11.3942, 6.01 ], [ 11.3858, 6.0119 ], [ 11.3778, 6.0094 ], [ 11.3746, 6.0038 ], [ 11.3654, 6.0064 ], [ 11.3553, 5.9999 ], [ 11.347, 6.0003 ], [ 11.3385, 5.9963 ], [ 11.3264, 6.0008 ], [ 11.3203, 5.9937 ], [ 11.3109, 5.9988 ], [ 11.3004, 5.9808 ], [ 11.3014, 5.9872 ], [ 11.2988, 5.9899 ], [ 11.2917, 5.9835 ], [ 11.2833, 5.9837 ], [ 11.2614, 5.9748 ], [ 11.2586, 5.9704 ], [ 11.2741, 5.9573 ], [ 11.2772, 5.9485 ], [ 11.2695, 5.9298 ], [ 11.2755, 5.9175 ], [ 11.2602, 5.916 ], [ 11.2546, 5.9138 ], [ 11.2521, 5.9089 ], [ 11.2582, 5.8987 ], [ 11.2674, 5.8957 ], [ 11.2623, 5.8865 ], [ 11.2637, 5.883 ], [ 11.2722, 5.8808 ], [ 11.2769, 5.8744 ], [ 11.2689, 5.8584 ], [ 11.2753, 5.8467 ], [ 11.2679, 5.8255 ], [ 11.2723, 5.8204 ], [ 11.272, 5.8082 ], [ 11.2844, 5.7979 ], [ 11.2965, 5.8012 ], [ 11.3044, 5.7987 ], [ 11.3154, 5.7878 ], [ 11.3089, 5.7748 ], [ 11.29, 5.769 ], [ 11.2906, 5.7513 ], [ 11.2795, 5.7335 ], [ 11.2754, 5.7304 ], [ 11.269, 5.7311 ], [ 11.2521, 5.7089 ], [ 11.246, 5.7153 ], [ 11.241, 5.7159 ], [ 11.2301, 5.7008 ], [ 11.225, 5.6856 ], [ 11.2154, 5.6779 ], [ 11.2013, 5.6724 ], [ 11.1998, 5.6644 ], [ 11.2125, 5.6467 ], [ 11.2064, 5.6439 ], [ 11.192, 5.6236 ], [ 11.1913, 5.6141 ], [ 11.1848, 5.6037 ], [ 11.2042, 5.5794 ], [ 11.2016, 5.568 ], [ 11.2104, 5.557 ], [ 11.2042, 5.5481 ], [ 11.205, 5.5399 ], [ 11.2127, 5.5274 ], [ 11.2039, 5.5107 ], [ 11.2025, 5.4868 ], [ 11.1915, 5.4652 ], [ 11.187, 5.46 ], [ 11.1741, 5.4583 ], [ 11.1686, 5.4521 ], [ 11.1908, 5.4239 ], [ 11.1931, 5.4164 ], [ 11.1799, 5.4046 ], [ 11.1831, 5.3995 ], [ 11.1805, 5.3845 ], [ 11.1563, 5.3743 ], [ 11.1343, 5.3589 ], [ 11.1348, 5.3459 ], [ 11.1301, 5.341 ], [ 11.1269, 5.3286 ], [ 11.1048, 5.3256 ], [ 11.0714, 5.3 ], [ 11.0687, 5.2955 ], [ 11.081, 5.2609 ], [ 11.0712, 5.241 ], [ 11.0711, 5.2268 ], [ 11.0634, 5.2175 ], [ 11.0696, 5.2079 ], [ 11.077, 5.2075 ], [ 11.0797, 5.2039 ], [ 11.1126, 5.2283 ], [ 11.1172, 5.2252 ], [ 11.1305, 5.2264 ], [ 11.1464, 5.2363 ], [ 11.1708, 5.2273 ], [ 11.1865, 5.2294 ], [ 11.1893, 5.2237 ], [ 11.189, 5.2074 ], [ 11.1971, 5.1936 ], [ 11.2126, 5.2133 ], [ 11.2394, 5.2193 ], [ 11.2457, 5.2102 ], [ 11.2601, 5.2005 ], [ 11.2649, 5.1921 ], [ 11.2668, 5.1777 ], [ 11.2633, 5.1704 ], [ 11.2599, 5.1412 ], [ 11.2809, 5.1232 ], [ 11.2814, 5.0958 ], [ 11.2979, 5.0839 ], [ 11.2997, 5.0753 ], [ 11.3188, 5.0456 ], [ 11.3385, 5.031 ], [ 11.3373, 5.0238 ], [ 11.3471, 5.0206 ], [ 11.3526, 4.9933 ], [ 11.3483, 4.9879 ], [ 11.3599, 4.9783 ], [ 11.3537, 4.9568 ], [ 11.362, 4.9399 ], [ 11.3563, 4.9301 ], [ 11.3607, 4.9187 ], [ 11.3458, 4.9168 ], [ 11.3366, 4.9064 ], [ 11.3285, 4.9073 ], [ 11.3221, 4.9039 ], [ 11.3159, 4.8912 ], [ 11.3244, 4.8745 ], [ 11.3023, 4.8648 ], [ 11.2944, 4.852 ], [ 11.2987, 4.8351 ], [ 11.3079, 4.8385 ], [ 11.3122, 4.8331 ], [ 11.3121, 4.8229 ], [ 11.308, 4.8142 ], [ 11.3097, 4.8089 ], [ 11.3336, 4.7971 ], [ 11.3335, 4.7768 ], [ 11.3243, 4.773 ], [ 11.3264, 4.7596 ], [ 11.3541, 4.7507 ], [ 11.3692, 4.7383 ], [ 11.3842, 4.7358 ], [ 11.3908, 4.7278 ], [ 11.3876, 4.701 ], [ 11.3807, 4.6866 ], [ 11.3855, 4.6515 ], [ 11.3888, 4.642 ], [ 11.3979, 4.6322 ], [ 11.4156, 4.6215 ], [ 11.4127, 4.6143 ], [ 11.4142, 4.6077 ], [ 11.4084, 4.5956 ], [ 11.3958, 4.5932 ], [ 11.3895, 4.5827 ], [ 11.3684, 4.561 ], [ 11.3563, 4.5545 ], [ 11.3506, 4.5352 ], [ 11.3419, 4.5293 ], [ 11.3213, 4.4976 ], [ 11.3213, 4.4689 ], [ 11.2852, 4.436 ], [ 11.2781, 4.4106 ], [ 11.2785, 4.3942 ], [ 11.2743, 4.3902 ], [ 11.2963, 4.3993 ], [ 11.3104, 4.4122 ], [ 11.3366, 4.4582 ], [ 11.3501, 4.4689 ], [ 11.3583, 4.4852 ], [ 11.3902, 4.4965 ], [ 11.4364, 4.5026 ], [ 11.4649, 4.4869 ], [ 11.5095, 4.4405 ], [ 11.542, 4.3993 ], [ 11.5455, 4.384 ], [ 11.5544, 4.3769 ], [ 11.5654, 4.3805 ], [ 11.5836, 4.376 ], [ 11.6185, 4.3615 ], [ 11.6308, 4.3505 ], [ 11.6395, 4.3477 ], [ 11.6532, 4.3528 ], [ 11.674, 4.3519 ], [ 11.6994, 4.3721 ], [ 11.7101, 4.3754 ], [ 11.7252, 4.4028 ], [ 11.7248, 4.4217 ], [ 11.7287, 4.4339 ], [ 11.7216, 4.4455 ], [ 11.7417, 4.462 ], [ 11.7506, 4.4651 ], [ 11.7619, 4.4957 ], [ 11.7733, 4.5023 ], [ 11.7942, 4.502 ], [ 11.8119, 4.5194 ], [ 11.8155, 4.5426 ], [ 11.8117, 4.5681 ], [ 11.8338, 4.5838 ], [ 11.8386, 4.5965 ], [ 11.8475, 4.603 ], [ 11.8422, 4.6133 ], [ 11.8418, 4.6224 ], [ 11.8532, 4.6333 ], [ 11.851, 4.6468 ], [ 11.8612, 4.6457 ], [ 11.8867, 4.6291 ], [ 11.916, 4.6397 ], [ 11.9446, 4.6302 ], [ 11.9504, 4.6344 ], [ 11.9503, 4.6402 ], [ 11.9389, 4.6442 ], [ 11.9339, 4.6517 ], [ 11.9343, 4.6573 ], [ 11.9504, 4.656 ], [ 11.9561, 4.6622 ], [ 11.9696, 4.656 ], [ 11.975, 4.6633 ], [ 11.9821, 4.662 ], [ 11.9841, 4.6658 ], [ 11.9754, 4.6724 ], [ 11.962, 4.6651 ], [ 11.9655, 4.679 ], [ 11.9686, 4.6752 ], [ 11.9723, 4.6787 ], [ 11.9634, 4.684 ], [ 11.9612, 4.6894 ], [ 11.9833, 4.689 ], [ 11.9854, 4.6913 ], [ 11.9887, 4.6957 ], [ 11.9854, 4.7021 ], [ 11.9778, 4.7047 ], [ 11.9729, 4.7001 ], [ 11.9703, 4.702 ], [ 11.9667, 4.7215 ], [ 11.9825, 4.7224 ], [ 11.9948, 4.733 ], [ 11.9998, 4.7318 ], [ 12.0021, 4.7363 ], [ 11.9978, 4.7417 ], [ 11.9838, 4.734 ], [ 11.9806, 4.7437 ], [ 11.9869, 4.7431 ], [ 11.9841, 4.7505 ], [ 11.9915, 4.7553 ], [ 11.983, 4.7663 ], [ 11.9991, 4.7651 ], [ 12.0012, 4.7695 ], [ 12.0014, 4.7735 ], [ 11.9972, 4.7756 ], [ 11.9943, 4.7727 ], [ 11.9923, 4.7751 ], [ 11.9923, 4.7805 ], [ 11.9978, 4.7839 ], [ 11.9993, 4.7917 ], [ 11.9919, 4.793 ], [ 12.0016, 4.8148 ], [ 11.9887, 4.8194 ], [ 11.9858, 4.8302 ], [ 11.9926, 4.8245 ], [ 12.0015, 4.8317 ], [ 11.9941, 4.8455 ], [ 11.9972, 4.8604 ], [ 12.0096, 4.8522 ], [ 12.0218, 4.8549 ], [ 12.0208, 4.8471 ], [ 12.0246, 4.8439 ], [ 12.0257, 4.8476 ], [ 12.0377, 4.8474 ], [ 12.0551, 4.8638 ], [ 12.0582, 4.864 ], [ 12.0592, 4.8589 ], [ 12.0662, 4.8643 ], [ 12.0704, 4.8575 ], [ 12.0754, 4.8569 ], [ 12.0789, 4.8495 ], [ 12.0884, 4.8464 ], [ 12.096, 4.8538 ], [ 12.1046, 4.8502 ], [ 12.1071, 4.8572 ], [ 12.1159, 4.858 ], [ 12.1198, 4.865 ], [ 12.1274, 4.8679 ], [ 12.1347, 4.8832 ], [ 12.1489, 4.8904 ], [ 12.1533, 4.8885 ], [ 12.1638, 4.8939 ], [ 12.1749, 4.8926 ], [ 12.1842, 4.9004 ], [ 12.1934, 4.8964 ], [ 12.2117, 4.8948 ], [ 12.2353, 4.9022 ], [ 12.2403, 4.9122 ], [ 12.2533, 4.9109 ], [ 12.2674, 4.9164 ], [ 12.2777, 4.913 ], [ 12.2823, 4.9157 ], [ 12.2838, 4.9206 ], [ 12.3037, 4.9354 ], [ 12.3056, 4.9409 ], [ 12.3138, 4.9445 ], [ 12.3246, 5.0014 ], [ 12.3567, 5.0637 ], [ 12.3629, 5.0689 ], [ 12.3989, 5.0818 ], [ 12.4211, 5.0768 ], [ 12.4321, 5.0856 ], [ 12.4411, 5.0979 ], [ 12.4536, 5.1043 ], [ 12.4619, 5.1152 ], [ 12.4737, 5.146 ], [ 12.4883, 5.1539 ], [ 12.5467, 5.2209 ], [ 12.6103, 5.2292 ], [ 12.8081, 5.2796 ], [ 12.8416, 5.3062 ], [ 12.8635, 5.3107 ], [ 12.884, 5.3254 ], [ 12.906, 5.3267 ], [ 12.9265, 5.3141 ], [ 12.9364, 5.3134 ], [ 12.9511, 5.3186 ], [ 12.9624, 5.3288 ], [ 13.0088, 5.4005 ], [ 13.0719, 5.5173 ], [ 13.0682, 5.5275 ], [ 13.0711, 5.5332 ], [ 13.0667, 5.5596 ], [ 13.0503, 5.5696 ], [ 13.0487, 5.5785 ], [ 13.0522, 5.5873 ], [ 13.0465, 5.5943 ], [ 13.0403, 5.5942 ], [ 13.0306, 5.6049 ], [ 13.0225, 5.6089 ], [ 13.0223, 5.6202 ], [ 13.0044, 5.6437 ], [ 13.0052, 5.6763 ], [ 13.0009, 5.6848 ], [ 13.0027, 5.6939 ], [ 12.9991, 5.7029 ], [ 12.9953, 5.7074 ], [ 12.9857, 5.7065 ], [ 12.9635, 5.7123 ], [ 12.956, 5.7436 ], [ 12.9561, 5.7604 ], [ 12.9504, 5.7739 ], [ 12.9513, 5.7894 ], [ 12.9326, 5.8124 ], [ 12.9134, 5.8492 ], [ 12.9, 5.865 ], [ 12.8862, 5.8665 ], [ 12.8798, 5.8908 ], [ 12.8708, 5.9004 ], [ 12.8772, 5.9559 ], [ 12.875, 5.9938 ], [ 12.8821, 6.0001 ], [ 12.5019, 6.0011 ], [ 12.4951, 6.0378 ], [ 12.4896, 6.044 ], [ 12.4832, 6.0391 ], [ 12.4817, 6.0434 ], [ 12.4777, 6.0425 ], [ 12.4568, 6.0807 ], [ 12.4599, 6.0868 ], [ 12.4203, 6.1047 ], [ 12.41, 6.1133 ], [ 12.4015, 6.1149 ], [ 12.3851, 6.1346 ], [ 12.379, 6.134 ], [ 12.3342, 6.1598 ], [ 12.2966, 6.1967 ], [ 12.2874, 6.1995 ], [ 12.278, 6.198 ], [ 12.2203, 6.1787 ], [ 12.21, 6.1867 ], [ 12.1965, 6.1803 ], [ 12.1838, 6.1529 ], [ 12.1446, 6.153 ], [ 12.1349, 6.1579 ], [ 12.0943, 6.1536 ], [ 12.0788, 6.1638 ], [ 12.0727, 6.1635 ], [ 12.0366, 6.1828 ], [ 12.0305, 6.1871 ], [ 12.0284, 6.1935 ], [ 11.9956, 6.2133 ], [ 11.9911, 6.2273 ], [ 12.0031, 6.258 ] ] ] } },
{ "type": "Feature", "properties": { "iso3": "CMR", "unit_id": "13109269B22165209856499", "unit_name": "Mefou-et-Afamba" }, "geometry": { "type": "Polygon", "coordinates": [ [ [ 11.7313, 4.308 ], [ 11.7316, 4.3002 ], [ 11.7222, 4.2876 ], [ 11.7193, 4.2725 ], [ 11.7085, 4.2729 ], [ 11.7025, 4.2773 ], [ 11.6971, 4.2742 ], [ 11.6908, 4.2757 ], [ 11.6912, 4.2683 ], [ 11.6861, 4.2631 ], [ 11.689, 4.2576 ], [ 11.6878, 4.2348 ], [ 11.685, 4.2302 ], [ 11.6793, 4.2294 ], [ 11.672, 4.2149 ], [ 11.652, 4.2038 ], [ 11.6384, 4.2053 ], [ 11.6226, 4.1884 ], [ 11.6162, 4.1864 ], [ 11.6078, 4.1749 ], [ 11.6055, 4.1702 ], [ 11.612, 4.1682 ], [ 11.6279, 4.1528 ], [ 11.6063, 4.1328 ], [ 11.6041, 4.1281 ], [ 11.6069, 4.1208 ], [ 11.6038, 4.1172 ], [ 11.5889, 4.1242 ], [ 11.5759, 4.116 ], [ 11.573, 4.1094 ], [ 11.5728, 4.104 ], [ 11.5906, 4.071 ], [ 11.5597, 4.059 ], [ 11.5448, 4.0588 ], [ 11.5473, 4.0478 ], [ 11.5729, 4.04 ], [ 11.5769, 4.0326 ], [ 11.5715, 4.0193 ], [ 11.5599, 4.0175 ], [ 11.5461, 4.0233 ], [ 11.5327, 4.0209 ], [ 11.5254, 4.0071 ], [ 11.5257, 4.0003 ], [ 11.5069, 3.9977 ], [ 11.513, 3.9855 ], [ 11.5065, 3.9826 ], [ 11.4909, 3.9634 ], [ 11.5138, 3.9692 ], [ 11.5246, 3.9674 ], [ 11.5462, 3.9542 ], [ 11.5588, 3.9629 ], [ 11.5575, 3.9537 ], [ 11.5621, 3.9466 ], [ 11.5746, 3.9415 ], [ 11.5683, 3.9326 ], [ 11.5662, 3.9221 ], [ 11.57, 3.912 ], [ 11.5747, 3.9085 ], [ 11.5694, 3.8943 ], [ 11.5729, 3.8609 ], [ 11.5661, 3.8344 ], [ 11.5559, 3.8277 ], [ 11.5562, 3.8184 ], [ 11.5434, 3.812 ], [ 11.5312, 3.7827 ], [ 11.5302, 3.7601 ], [ 11.5248, 3.7586 ], [ 11.5241, 3.753 ], [ 11.5277, 3.7486 ], [ 11.5267, 3.7448 ], [ 11.5311, 3.7424 ], [ 11.5292, 3.7256 ], [ 11.5225, 3.7208 ], [ 11.5252, 3.6825 ], [ 11.5114, 3.6713 ], [ 11.5098, 3.6635 ], [ 11.5026, 3.6594 ], [ 11.5106, 3.65 ], [ 11.5099, 3.641 ], [ 11.5037, 3.6374 ], [ 11.5021, 3.6312 ], [ 11.509, 3.6172 ], [ 11.5145, 3.6151 ], [ 11.5278, 3.621 ], [ 11.5408, 3.6121 ], [ 11.545, 3.627 ], [ 11.55, 3.6279 ], [ 11.5623, 3.6191 ], [ 11.5691, 3.6095 ], [ 11.5782, 3.6062 ], [ 11.5814, 3.5982 ], [ 11.5817, 3.5682 ], [ 11.6003, 3.5518 ], [ 11.6034, 3.5504 ], [ 11.6247, 3.5608 ], [ 11.6396, 3.5544 ], [ 11.6484, 3.5444 ], [ 11.66, 3.542 ], [ 11.6637, 3.5558 ], [ 11.6781, 3.5549 ], [ 11.6777, 3.5615 ], [ 11.6888, 3.5876 ], [ 11.7121, 3.6022 ], [ 11.7162, 3.6084 ], [ 11.7299, 3.6129 ], [ 11.7586, 3.6394 ], [ 11.7579, 3.6486 ], [ 11.7361, 3.6539 ], [ 11.7103, 3.6716 ], [ 11.7047, 3.6838 ], [ 11.692, 3.6877 ], [ 11.7021, 3.7012 ], [ 11.7022, 3.7136 ], [ 11.7122, 3.72 ], [ 11.7232, 3.7364 ], [ 11.7499, 3.7609 ], [ 11.7485, 3.7666 ], [ 11.7387, 3.7726 ], [ 11.7399, 3.7772 ], [ 11.7503, 3.7817 ], [ 11.7628, 3.7792 ], [ 11.7733, 3.7812 ], [ 11.8003, 3.7962 ], [ 11.8071, 3.7969 ], [ 11.8115, 3.8033 ], [ 11.811, 3.8113 ], [ 11.8273, 3.8218 ], [ 11.847, 3.821 ], [ 11.8475, 3.8248 ], [ 11.8551, 3.8245 ], [ 11.8633, 3.8288 ], [ 11.881, 3.8291 ], [ 11.8849, 3.8261 ], [ 11.8812, 3.8158 ], [ 11.8875, 3.8088 ], [ 11.906, 3.8104 ], [ 11.9172, 3.8021 ], [ 11.9315, 3.7837 ], [ 11.9429, 3.7839 ], [ 11.9481, 3.7887 ], [ 11.9454, 3.7976 ], [ 11.9685, 3.8107 ], [ 11.9704, 3.8168 ], [ 11.9798, 3.8213 ], [ 11.985, 3.8195 ], [ 11.9944, 3.8222 ], [ 12.0048, 3.8307 ], [ 12.0179, 3.8303 ], [ 12.0295, 3.8386 ], [ 12.015, 3.8621 ], [ 12.0187, 3.8982 ], [ 12.0103, 3.9293 ], [ 12.0149, 3.9382 ], [ 12.0289, 3.9424 ], [ 12.071, 3.9765 ], [ 12.1074, 3.9936 ], [ 12.1181, 4.0328 ], [ 12.1147, 4.042 ], [ 12.1294, 4.0441 ], [ 12.1343, 4.0502 ], [ 12.1083, 4.0903 ], [ 12.1068, 4.1013 ], [ 12.0959, 4.1059 ], [ 12.0962, 4.1099 ], [ 12.13, 4.1378 ], [ 12.1372, 4.1729 ], [ 12.1493, 4.1704 ], [ 12.1585, 4.1732 ], [ 12.1649, 4.1795 ], [ 12.1558, 4.19 ], [ 12.1559, 4.2077 ], [ 12.1407, 4.2197 ], [ 12.0884, 4.2208 ], [ 12.071, 4.2135 ], [ 12.0615, 4.2019 ], [ 12.0478, 4.1968 ], [ 12.0262, 4.2006 ], [ 12.001, 4.2104 ], [ 11.9937, 4.2074 ], [ 11.9861, 4.2123 ], [ 11.9816, 4.2279 ], [ 11.9659, 4.2423 ], [ 11.9574, 4.2702 ], [ 11.9513, 4.2751 ], [ 11.9478, 4.2836 ], [ 11.9441, 4.284 ], [ 11.9346, 4.276 ], [ 11.9148, 4.2777 ], [ 11.8972, 4.2621 ], [ 11.8832, 4.2614 ], [ 11.8712, 4.2538 ], [ 11.8619, 4.2681 ], [ 11.8354, 4.2807 ], [ 11.8096, 4.2881 ], [ 11.802, 4.2943 ], [ 11.8029, 4.2973 ], [ 11.7942, 4.309 ], [ 11.7775, 4.3228 ], [ 11.7659, 4.3265 ], [ 11.7571, 4.325 ], [ 11.7439, 4.3046 ], [ 11.7313, 4.308 ] ] ] } },
{ "type": "Feature", "properties": { "iso3": "CMR", "unit_id": "13109269B95892233778684", "unit_name": "Mefou-et-Akono" }, "geometry": { "type": "Polygon", "coordinates": [ [ [ 11.2159, 3.8051 ], [ 11.2305, 3.7793 ], [ 11.2263, 3.771 ], [ 11.2429, 3.7456 ], [ 11.2418, 3.7391 ], [ 11.2469, 3.7311 ], [ 11.2463, 3.7261 ], [ 11.2399, 3.7209 ], [ 11.2476, 3.7128 ], [ 11.2421, 3.7063 ], [ 11.2383, 3.684 ], [ 11.2413, 3.6785 ], [ 11.2481, 3.6773 ], [ 11.2552, 3.6573 ], [ 11.251, 3.6433 ], [ 11.2539, 3.6295 ], [ 11.249, 3.6214 ], [ 11.2368, 3.6167 ], [ 11.2276, 3.6217 ], [ 11.2217, 3.6205 ], [ 11.2379, 3.6078 ], [ 11.2428, 3.6001 ], [ 11.2389, 3.5938 ], [ 11.2414, 3.5875 ], [ 11.2371, 3.5815 ], [ 11.2373, 3.5762 ], [ 11.2428, 3.5719 ], [ 11.2408, 3.5634 ], [ 11.2439, 3.5491 ], [ 11.2429, 3.5393 ], [ 11.2391, 3.5351 ], [ 11.2458, 3.5324 ], [ 11.258, 3.5343 ], [ 11.2574, 3.5292 ], [ 11.2515, 3.5235 ], [ 11.2503, 3.5023 ], [ 11.2444, 3.5 ], [ 11.2383, 3.5026 ], [ 11.2406, 3.4945 ], [ 11.2377, 3.4913 ], [ 11.2291, 3.4912 ], [ 11.2209, 3.4781 ], [ 11.1863, 3.4633 ], [ 11.1883, 3.4482 ], [ 11.1911, 3.4467 ], [ 11.1937, 3.4506 ], [ 11.2296, 3.4598 ], [ 11.2357, 3.4563 ], [ 11.24, 3.4461 ], [ 11.2578, 3.4444 ], [ 11.2685, 3.4483 ], [ 11.2779, 3.4433 ], [ 11.2928, 3.4299 ], [ 11.3038, 3.425 ], [ 11.3074, 3.4164 ], [ 11.3128, 3.4168 ], [ 11.3167, 3.4262 ], [ 11.3235, 3.4256 ], [ 11.3313, 3.419 ], [ 11.3269, 3.4119 ], [ 11.3297, 3.4056 ], [ 11.3342, 3.4037 ], [ 11.3401, 3.4063 ], [ 11.3504, 3.399 ], [ 11.3552, 3.3831 ], [ 11.3525, 3.3651 ], [ 11.3618, 3.3464 ], [ 11.369, 3.3487 ], [ 11.378, 3.3449 ], [ 11.4013, 3.3568 ], [ 11.4173, 3.3717 ], [ 11.4254, 3.3854 ], [ 11.4313, 3.3775 ], [ 11.4537, 3.3727 ], [ 11.4635, 3.3871 ], [ 11.4664, 3.3991 ], [ 11.4537, 3.4164 ], [ 11.456, 3.4308 ], [ 11.4486, 3.4348 ], [ 11.4435, 3.4293 ], [ 11.4467, 3.4232 ], [ 11.4356, 3.4222 ], [ 11.4317, 3.418 ], [ 11.4286, 3.4291 ], [ 11.4347, 3.44 ], [ 11.4539, 3.4588 ], [ 11.4554, 3.4672 ], [ 11.4626, 3.4711 ], [ 11.4589, 3.4812 ], [ 11.4647, 3.485 ], [ 11.4525, 3.4996 ], [ 11.455, 3.5115 ], [ 11.4532, 3.5174 ], [ 11.4605, 3.528 ], [ 11.4552, 3.5472 ], [ 11.4605, 3.5765 ], [ 11.4574, 3.5818 ], [ 11.4581, 3.5894 ], [ 11.4656, 3.5946 ], [ 11.4916, 3.5911 ], [ 11.4991, 3.5973 ], [ 11.4963, 3.6083 ], [ 11.5025, 3.6094 ], [ 11.509, 3.6172 ], [ 11.5021, 3.6312 ], [ 11.5037, 3.6374 ], [ 11.5099, 3.641 ], [ 11.5106, 3.65 ], [ 11.5026, 3.6594 ], [ 11.5098, 3.6635 ], [ 11.5114, 3.6713 ], [ 11.5252, 3.6825 ], [ 11.5225, 3.7208 ], [ 11.5292, 3.7256 ], [ 11.5311, 3.7424 ], [ 11.5267, 3.7448 ], [ 11.5277, 3.7486 ], [ 11.519, 3.7547 ], [ 11.5141, 3.7517 ], [ 11.5109, 3.7546 ], [ 11.4946, 3.7566 ], [ 11.4754, 3.7375 ], [ 11.4679, 3.7377 ], [ 11.4599, 3.7329 ], [ 11.4532, 3.716 ], [ 11.4389, 3.7185 ], [ 11.4337, 3.7135 ], [ 11.4218, 3.7208 ], [ 11.4275, 3.7305 ], [ 11.4246, 3.7404 ], [ 11.4289, 3.7558 ], [ 11.4371, 3.759 ], [ 11.4393, 3.7661 ], [ 11.4464, 3.766 ], [ 11.448, 3.78 ], [ 11.4721, 3.7936 ], [ 11.4726, 3.7973 ], [ 11.4672, 3.8045 ], [ 11.4673, 3.8127 ], [ 11.4634, 3.8152 ], [ 11.4631, 3.8245 ], [ 11.4545, 3.8335 ], [ 11.4551, 3.8389 ], [ 11.4527, 3.838 ], [ 11.4419, 3.8475 ], [ 11.4269, 3.8523 ], [ 11.4196, 3.8634 ], [ 11.4132, 3.8654 ], [ 11.41, 3.8703 ], [ 11.4121, 3.8784 ], [ 11.3848, 3.8666 ], [ 11.2811, 3.8639 ], [ 11.2639, 3.8466 ], [ 11.259, 3.8373 ], [ 11.2411, 3.8285 ], [ 11.2285, 3.8306 ], [ 11.2248, 3.8213 ], [ 11.2154, 3.8173 ], [ 11.2159, 3.8051 ] ] ] } },
{ "type": "Feature", "properties": { "iso3": "CMR", "unit_id": "13109269B1478866876398", "unit_name": "Mfoundi" }, "geometry": { "type": "Polygon", "coordinates": [ [ [ 11.4121, 3.8784 ], [ 11.41, 3.8703 ], [ 11.4132, 3.8654 ], [ 11.4196, 3.8634 ], [ 11.4269, 3.8523 ], [ 11.4419, 3.8475 ], [ 11.4527, 3.838 ], [ 11.4551, 3.8389 ], [ 11.4545, 3.8335 ], [ 11.4631, 3.8245 ], [ 11.4634, 3.8152 ], [ 11.4673, 3.8127 ], [ 11.4672, 3.8045 ], [ 11.4726, 3.7973 ], [ 11.4721, 3.7936 ], [ 11.448, 3.78 ], [ 11.4464, 3.766 ], [ 11.4393, 3.7661 ], [ 11.4371, 3.759 ], [ 11.4289, 3.7558 ], [ 11.4246, 3.7404 ], [ 11.4275, 3.7305 ], [ 11.4218, 3.7208 ], [ 11.4337, 3.7135 ], [ 11.4389, 3.7185 ], [ 11.4532, 3.716 ], [ 11.4599, 3.7329 ], [ 11.4679, 3.7377 ], [ 11.4754, 3.7375 ], [ 11.4946, 3.7566 ], [ 11.5109, 3.7546 ], [ 11.5141, 3.7517 ], [ 11.519, 3.7547 ], [ 11.5241, 3.753 ], [ 11.5248, 3.7586 ], [ 11.5302, 3.7601 ], [ 11.5312, 3.7827 ], [ 11.5378, 3.8025 ], [ 11.5434, 3.812 ], [ 11.5562, 3.8184 ], [ 11.5559, 3.8277 ], [ 11.5675, 3.8377 ], [ 11.5729, 3.8609 ], [ 11.5694, 3.8943 ], [ 11.5747, 3.9085 ], [ 11.57, 3.912 ], [ 11.5662, 3.9221 ], [ 11.5683, 3.9326 ], [ 11.5746, 3.9415 ], [ 11.5621, 3.9466 ], [ 11.5575, 3.9537 ], [ 11.5588, 3.9629 ], [ 11.5462, 3.9542 ], [ 11.5246, 3.9674 ], [ 11.5138, 3.9692 ], [ 11.4909, 3.9634 ], [ 11.4823, 3.9577 ], [ 11.4783, 3.9495 ], [ 11.4754, 3.9177 ], [ 11.4665, 3.9087 ], [ 11.4614, 3.9089 ], [ 11.4478, 3.9026 ], [ 11.4472, 3.8995 ], [ 11.441, 3.8988 ], [ 11.4121, 3.8784 ] ] ] } },
{ "type": "Feature", "properties": { "iso3": "CMR", "unit_id": "13109269B85069564134105", "unit_name": "Nyong-et-Kellé" }, "geometry": { "type": "Polygon", "coordinates": [ [ [ 11.0759, 4.2128 ], [ 11.0516, 4.1861 ], [ 10.9868, 4.1527 ], [ 10.9835, 4.1445 ], [ 10.9756, 4.1394 ], [ 10.9569, 4.1375 ], [ 10.9185, 4.122 ], [ 10.8848, 4.1227 ], [ 10.8426, 4.1149 ], [ 10.8377, 4.1011 ], [ 10.8268, 4.0924 ], [ 10.8144, 4.0954 ], [ 10.8009, 4.0915 ], [ 10.7779, 4.0906 ], [ 10.7569, 4.0713 ], [ 10.7288, 4.0603 ], [ 10.7169, 4.0573 ], [ 10.7118, 4.0599 ], [ 10.6918, 4.0331 ], [ 10.7014, 4.0282 ], [ 10.7025, 4.0222 ], [ 10.6955, 4.0128 ], [ 10.6987, 4.003 ], [ 10.6944, 3.9994 ], [ 10.6929, 3.9879 ], [ 10.6683, 3.9841 ], [ 10.646, 3.968 ], [ 10.6448, 3.9466 ], [ 10.6477, 3.9313 ], [ 10.6417, 3.9207 ], [ 10.646, 3.9174 ], [ 10.6513, 3.8934 ], [ 10.656, 3.8919 ], [ 10.6558, 3.8818 ], [ 10.6619, 3.875 ], [ 10.6653, 3.853 ], [ 10.6631, 3.8496 ], [ 10.6675, 3.8472 ], [ 10.6673, 3.8361 ], [ 10.6643, 3.8381 ], [ 10.6596, 3.8319 ], [ 10.6547, 3.8376 ], [ 10.6448, 3.8237 ], [ 10.6454, 3.8036 ], [ 10.6554, 3.792 ], [ 10.6515, 3.788 ], [ 10.6483, 3.7976 ], [ 10.6435, 3.7968 ], [ 10.6473, 3.7888 ], [ 10.6316, 3.7903 ], [ 10.6272, 3.7829 ], [ 10.6222, 3.7821 ], [ 10.6243, 3.7645 ], [ 10.619, 3.7599 ], [ 10.6144, 3.7462 ], [ 10.61, 3.7475 ], [ 10.6081, 3.7439 ], [ 10.6106, 3.7341 ], [ 10.6071, 3.7326 ], [ 10.6067, 3.7276 ], [ 10.604, 3.7274 ], [ 10.6035, 3.733 ], [ 10.5985, 3.7359 ], [ 10.5889, 3.728 ], [ 10.592, 3.7359 ], [ 10.5851, 3.7393 ], [ 10.5836, 3.7458 ], [ 10.5753, 3.7416 ], [ 10.5701, 3.7519 ], [ 10.5803, 3.7578 ], [ 10.5749, 3.758 ], [ 10.5613, 3.7683 ], [ 10.5498, 3.7699 ], [ 10.5472, 3.7794 ], [ 10.5408, 3.7808 ], [ 10.5408, 3.7842 ], [ 10.5351, 3.7867 ], [ 10.5355, 3.7905 ], [ 10.5286, 3.7874 ], [ 10.5246, 3.797 ], [ 10.5207, 3.793 ], [ 10.5129, 3.7999 ], [ 10.5098, 3.7869 ], [ 10.5046, 3.7922 ], [ 10.5027, 3.8077 ], [ 10.492, 3.8054 ], [ 10.4887, 3.8169 ], [ 10.4848, 3.8112 ], [ 10.4805, 3.8136 ], [ 10.4777, 3.8095 ], [ 10.4711, 3.8122 ], [ 10.4648, 3.8165 ], [ 10.4698, 3.8196 ], [ 10.467, 3.8253 ], [ 10.4624, 3.8214 ], [ 10.458, 3.8253 ], [ 10.4431, 3.8226 ], [ 10.4435, 3.8188 ], [ 10.4381, 3.8163 ], [ 10.4309, 3.8187 ], [ 10.4248, 3.8123 ], [ 10.4147, 3.8156 ], [ 10.4085, 3.8095 ], [ 10.4049, 3.8107 ], [ 10.4057, 3.805 ], [ 10.4028, 3.8021 ], [ 10.3985, 3.8055 ], [ 10.3949, 3.8022 ], [ 10.3965, 3.7977 ], [ 10.3889, 3.7897 ], [ 10.3867, 3.7956 ], [ 10.3788, 3.7896 ], [ 10.3832, 3.7836 ], [ 10.3871, 3.7849 ], [ 10.3796, 3.7766 ], [ 10.3707, 3.7372 ], [ 10.3657, 3.7277 ], [ 10.3668, 3.7168 ], [ 10.3689, 3.7186 ], [ 10.3715, 3.716 ], [ 10.3703, 3.7116 ], [ 10.3728, 3.7099 ], [ 10.3703, 3.7073 ], [ 10.3711, 3.699 ], [ 10.3755, 3.6932 ], [ 10.3543, 3.6575 ], [ 10.3535, 3.6495 ], [ 10.3436, 3.6512 ], [ 10.3403, 3.6489 ], [ 10.343, 3.6381 ], [ 10.3346, 3.6253 ], [ 10.3379, 3.6194 ], [ 10.3346, 3.6137 ], [ 10.3362, 3.608 ], [ 10.3312, 3.6057 ], [ 10.3311, 3.5987 ], [ 10.3276, 3.5951 ], [ 10.3308, 3.5896 ], [ 10.3252, 3.5887 ], [ 10.3269, 3.5695 ], [ 10.3229, 3.5618 ], [ 10.3192, 3.5634 ], [ 10.2973, 3.5496 ], [ 10.2842, 3.5241 ], [ 10.2702, 3.5149 ], [ 10.232, 3.5142 ], [ 10.231, 3.5073 ], [ 10.2357, 3.5046 ], [ 10.2364, 3.4902 ], [ 10.2414, 3.4803 ], [ 10.2386, 3.4793 ], [ 10.2372, 3.4705 ], [ 10.2554, 3.4547 ], [ 10.2521, 3.4122 ], [ 10.2926, 3.3305 ], [ 10.6373, 3.4298 ], [ 10.763, 3.4736 ], [ 10.8172, 3.4584 ], [ 10.8174, 3.4422 ], [ 10.8215, 3.4328 ], [ 10.8269, 3.4311 ], [ 10.8291, 3.424 ], [ 10.833, 3.4216 ], [ 10.8269, 3.4088 ], [ 10.8359, 3.4055 ], [ 10.8419, 3.3974 ], [ 10.8519, 3.3979 ], [ 10.8616, 3.3884 ], [ 10.8694, 3.3895 ], [ 10.882, 3.4028 ], [ 10.8852, 3.3994 ], [ 10.8953, 3.4084 ], [ 10.9546, 3.4156 ], [ 10.9672, 3.3979 ], [ 10.9587, 3.3792 ], [ 10.9869, 3.3849 ], [ 11.0009, 3.4134 ], [ 11.0136, 3.4099 ], [ 11.0321, 3.4149 ], [ 11.0579, 3.3957 ], [ 11.0746, 3.3992 ], [ 11.0824, 3.4059 ], [ 11.1005, 3.3994 ], [ 11.1229, 3.4104 ], [ 11.13, 3.422 ], [ 11.13, 3.4311 ], [ 11.1367, 3.4376 ], [ 11.1704, 3.4571 ], [ 11.2209, 3.4781 ], [ 11.2291, 3.4912 ], [ 11.2377, 3.4913 ], [ 11.2406, 3.4945 ], [ 11.2383, 3.5026 ], [ 11.2444, 3.5 ], [ 11.2503, 3.5023 ], [ 11.2515, 3.5235 ], [ 11.2574, 3.5292 ], [ 11.258, 3.5343 ], [ 11.2458, 3.5324 ], [ 11.2391, 3.5351 ], [ 11.2429, 3.5393 ], [ 11.2439, 3.5491 ], [ 11.2408, 3.5634 ], [ 11.2428, 3.5719 ], [ 11.2373, 3.5762 ], [ 11.2371, 3.5815 ], [ 11.2414, 3.5875 ], [ 11.2389, 3.5938 ], [ 11.2428, 3.6001 ], [ 11.2379, 3.6078 ], [ 11.2217, 3.6205 ], [ 11.2276, 3.6217 ], [ 11.2368, 3.6167 ], [ 11.249, 3.6214 ], [ 11.2539, 3.6295 ], [ 11.251, 3.6433 ], [ 11.2542, 3.6631 ], [ 11.2481, 3.6773 ], [ 11.2413, 3.6785 ], [ 11.2383, 3.684 ], [ 11.2421, 3.7063 ], [ 11.2476, 3.7128 ], [ 11.2399, 3.7209 ], [ 11.2463, 3.7261 ], [ 11.2469, 3.7311 ], [ 11.2418, 3.7391 ], [ 11.2429, 3.7456 ], [ 11.2263, 3.771 ], [ 11.2305, 3.7793 ], [ 11.2159, 3.8051 ], [ 11.2058, 3.8034 ], [ 11.2005, 3.7943 ], [ 11.1885, 3.7995 ], [ 11.1692, 3.8001 ], [ 11.1598, 3.7964 ], [ 11.159, 3.8017 ], [ 11.1669, 3.8122 ], [ 11.1669, 3.8173 ], [ 11.1544, 3.8393 ], [ 11.1642, 3.8497 ], [ 11.1719, 3.8523 ], [ 11.1861, 3.8643 ], [ 11.184, 3.8712 ], [ 11.1881, 3.885 ], [ 11.1856, 3.8941 ], [ 11.1702, 3.8953 ], [ 11.1697, 3.9103 ], [ 11.1841, 3.9374 ], [ 11.1959, 3.9294 ], [ 11.2033, 3.9272 ], [ 11.2071, 3.9293 ], [ 11.2105, 3.9636 ], [ 11.2044, 3.9805 ], [ 11.1977, 3.9808 ], [ 11.1973, 3.9971 ], [ 11.1919, 4.0077 ], [ 11.1789, 4.0021 ], [ 11.1781, 4.011 ], [ 11.1723, 4.0204 ], [ 11.1572, 4.0265 ], [ 11.1552, 4.0353 ], [ 11.1445, 4.048 ], [ 11.136, 4.0492 ], [ 11.134, 4.0323 ], [ 11.1117, 4.0286 ], [ 11.1154, 4.0467 ], [ 11.1205, 4.0548 ], [ 11.1423, 4.0597 ], [ 11.1449, 4.069 ], [ 11.1376, 4.0829 ], [ 11.1442, 4.098 ], [ 11.1356, 4.1144 ], [ 11.1175, 4.1254 ], [ 11.1164, 4.1316 ], [ 11.1046, 4.1429 ], [ 11.107, 4.1608 ], [ 11.0919, 4.1696 ], [ 11.085, 4.1643 ], [ 11.0767, 4.1701 ], [ 11.0759, 4.2128 ] ] ] } },
{ "type": "Feature", "properties": { "iso3": "CMR", "unit_id": "13109269B65290019176212", "unit_name": "Nyong-et-Mfoumou" }, "geometry": { "type": "Polygon", "coordinates": [ [ [ 12.1181, 4.0328 ], [ 12.1074, 3.9936 ], [ 12.071, 3.9765 ], [ 12.0289, 3.9424 ], [ 12.0149, 3.9382 ], [ 12.0103, 3.9293 ], [ 12.0187, 3.8982 ], [ 12.015, 3.8621 ], [ 12.0295, 3.8386 ], [ 12.0179, 3.8303 ], [ 12.0048, 3.8307 ], [ 11.9944, 3.8222 ], [ 11.985, 3.8195 ], [ 11.9798, 3.8213 ], [ 11.9704, 3.8168 ], [ 11.9685, 3.8107 ], [ 11.9454, 3.7976 ], [ 11.9481, 3.7887 ], [ 11.9429, 3.7839 ], [ 11.943, 3.7742 ], [ 11.948, 3.7547 ], [ 11.9552, 3.7473 ], [ 11.9528, 3.7412 ], [ 11.9588, 3.7325 ], [ 11.9648, 3.7335 ], [ 11.9608, 3.7221 ], [ 11.9681, 3.7182 ], [ 11.9757, 3.7231 ], [ 11.9842, 3.694 ], [ 11.989, 3.6898 ], [ 12.0055, 3.6883 ], [ 12.0087, 3.6849 ], [ 12.0099, 3.6733 ], [ 11.9974, 3.6722 ], [ 11.9911, 3.6681 ], [ 11.9814, 3.6508 ], [ 11.9641, 3.646 ], [ 11.9591, 3.6481 ], [ 11.9485, 3.6407 ], [ 11.948, 3.6329 ], [ 11.9586, 3.6171 ], [ 11.9372, 3.5712 ], [ 11.9217, 3.5563 ], [ 11.9209, 3.5383 ], [ 11.9178, 3.5342 ], [ 11.9064, 3.5328 ], [ 11.9001, 3.5375 ], [ 11.9002, 3.5409 ], [ 11.9087, 3.5464 ], [ 11.9072, 3.5594 ], [ 11.8966, 3.5641 ], [ 11.8719, 3.5638 ], [ 11.8591, 3.5712 ], [ 11.8453, 3.5665 ], [ 11.8474, 3.5624 ], [ 11.8451, 3.5583 ], [ 11.8294, 3.5491 ], [ 11.8242, 3.5343 ], [ 11.8275, 3.5264 ], [ 11.8215, 3.5264 ], [ 11.8134, 3.5201 ], [ 11.8081, 3.5429 ], [ 11.7939, 3.5459 ], [ 11.7964, 3.5386 ], [ 11.7909, 3.5206 ], [ 11.7944, 3.516 ], [ 11.79, 3.4959 ], [ 11.7921, 3.4852 ], [ 11.7995, 3.4836 ], [ 11.8717, 3.5 ], [ 11.8885, 3.4904 ], [ 11.8937, 3.4907 ], [ 11.8922, 3.473 ], [ 11.9222, 3.4542 ], [ 11.9232, 3.4458 ], [ 11.9371, 3.4402 ], [ 11.9425, 3.4417 ], [ 11.9483, 3.453 ], [ 11.9807, 3.434 ], [ 11.9809, 3.4207 ], [ 11.9852, 3.4137 ], [ 11.999, 3.4044 ], [ 12.1339, 3.362 ], [ 12.1378, 3.3239 ], [ 12.1295, 3.3156 ], [ 12.1292, 3.3069 ], [ 12.1319, 3.3049 ], [ 12.1228, 3.2998 ], [ 12.1345, 3.2951 ], [ 12.1347, 3.2904 ], [ 12.1399, 3.2869 ], [ 12.147, 3.291 ], [ 12.1445, 3.2997 ], [ 12.1465, 3.3013 ], [ 12.1441, 3.3011 ], [ 12.1468, 3.3052 ], [ 12.1556, 3.3043 ], [ 12.158, 3.3088 ], [ 12.1629, 3.3101 ], [ 12.1573, 3.3162 ], [ 12.1505, 3.3158 ], [ 12.1557, 3.3245 ], [ 12.1644, 3.3194 ], [ 12.1651, 3.3237 ], [ 12.1681, 3.3236 ], [ 12.1688, 3.3205 ], [ 12.1762, 3.3176 ], [ 12.1825, 3.3247 ], [ 12.1911, 3.3272 ], [ 12.1854, 3.3127 ], [ 12.1909, 3.3046 ], [ 12.1953, 3.3137 ], [ 12.2036, 3.3062 ], [ 12.2055, 3.317 ], [ 12.2142, 3.3175 ], [ 12.2159, 3.3342 ], [ 12.2221, 3.34 ], [ 12.2541, 3.4761 ], [ 12.2591, 3.4831 ], [ 12.4008, 3.6006 ], [ 12.411, 3.6073 ], [ 12.4189, 3.6099 ], [ 12.4282, 3.6076 ], [ 12.4332, 3.6119 ], [ 12.4326, 3.6262 ], [ 12.4366, 3.6302 ], [ 12.439, 3.6511 ], [ 12.4411, 3.6552 ], [ 12.4501, 3.6532 ], [ 12.446, 3.6617 ], [ 12.447, 3.6679 ], [ 12.4564, 3.6769 ], [ 12.4666, 3.6772 ], [ 12.4782, 3.672 ], [ 12.4969, 3.683 ], [ 12.5007, 3.6821 ], [ 12.5292, 3.6281 ], [ 12.524, 3.5975 ], [ 12.527, 3.5746 ], [ 12.5433, 3.5688 ], [ 12.5565, 3.552 ], [ 12.5642, 3.5337 ], [ 12.5677, 3.5504 ], [ 12.6016, 3.6148 ], [ 12.6185, 3.7104 ], [ 12.6043, 3.7341 ], [ 12.5657, 3.7693 ], [ 12.5506, 3.7751 ], [ 12.5525, 3.7916 ], [ 12.5294, 3.8002 ], [ 12.5024, 3.831 ], [ 12.4946, 3.8771 ], [ 12.4955, 3.8915 ], [ 12.5013, 3.896 ], [ 12.5028, 3.8875 ], [ 12.509, 3.8818 ], [ 12.5198, 3.8831 ], [ 12.5209, 3.879 ], [ 12.5242, 3.8841 ], [ 12.5361, 3.886 ], [ 12.5387, 3.8975 ], [ 12.5556, 3.9081 ], [ 12.5479, 3.9161 ], [ 12.5563, 3.9264 ], [ 12.5713, 3.919 ], [ 12.5721, 3.923 ], [ 12.5886, 3.9328 ], [ 12.6144, 3.9308 ], [ 12.6293, 3.9458 ], [ 12.6381, 3.9464 ], [ 12.647, 3.9436 ], [ 12.6487, 3.9389 ], [ 12.6525, 3.9416 ], [ 12.6562, 3.939 ], [ 12.6657, 3.9525 ], [ 12.6701, 3.9516 ], [ 12.6786, 3.9627 ], [ 12.6777, 3.9665 ], [ 12.6865, 3.9797 ], [ 12.698, 3.9836 ], [ 12.7047, 3.9951 ], [ 12.7081, 3.9942 ], [ 12.7294, 4.0133 ], [ 12.7356, 4.0132 ], [ 12.7492, 4.0246 ], [ 12.7606, 4.0266 ], [ 12.7661, 4.0319 ], [ 12.8011, 4.0369 ], [ 12.8098, 4.0595 ], [ 12.792, 4.0776 ], [ 12.7545, 4.0888 ], [ 12.7495, 4.1146 ], [ 12.7517, 4.12 ], [ 12.7827, 4.1303 ], [ 12.7833, 4.1357 ], [ 12.7764, 4.1448 ], [ 12.7763, 4.1495 ], [ 12.7841, 4.1599 ], [ 12.7865, 4.1707 ], [ 12.7932, 4.1754 ], [ 12.789, 4.1792 ], [ 12.7827, 4.2023 ], [ 12.8041, 4.2579 ], [ 12.7961, 4.2974 ], [ 12.7912, 4.3015 ], [ 12.7745, 4.2938 ], [ 12.7695, 4.2975 ], [ 12.77, 4.3007 ], [ 12.781, 4.3074 ], [ 12.779, 4.3139 ], [ 12.7823, 4.3426 ], [ 12.7594, 4.3296 ], [ 12.6886, 4.3797 ], [ 12.6583, 4.3884 ], [ 12.6231, 4.3854 ], [ 12.6145, 4.3908 ], [ 12.4876, 4.3596 ], [ 12.3453, 4.2153 ], [ 12.3468, 4.2072 ], [ 12.3434, 4.1998 ], [ 12.3234, 4.1871 ], [ 12.3176, 4.1873 ], [ 12.272, 4.1388 ], [ 12.1936, 4.1205 ], [ 12.1658, 4.1008 ], [ 12.1582, 4.0907 ], [ 12.1484, 4.0628 ], [ 12.1492, 4.0463 ], [ 12.1554, 4.032 ], [ 12.1181, 4.0328 ] ] ] } },
{ "type": "Feature", "properties": { "iso3": "CMR", "unit_id": "13109269B21281763330721", "unit_name": "Nyong-et-So'o" }, "geometry": { "type": "Polygon", "coordinates": [ [ [ 11.509, 3.6172 ], [ 11.5025, 3.6094 ], [ 11.4963, 3.6083 ], [ 11.4991, 3.5973 ], [ 11.4916, 3.5911 ], [ 11.4656, 3.5946 ], [ 11.4581, 3.5894 ], [ 11.4574, 3.5818 ], [ 11.4605, 3.5765 ], [ 11.4552, 3.5472 ], [ 11.4605, 3.528 ], [ 11.4532, 3.5174 ], [ 11.455, 3.5115 ], [ 11.4525, 3.4996 ], [ 11.4647, 3.485 ], [ 11.4589, 3.4812 ], [ 11.4626, 3.4711 ], [ 11.4554, 3.4672 ], [ 11.4539, 3.4588 ], [ 11.4347, 3.44 ], [ 11.4286, 3.4291 ], [ 11.4317, 3.418 ], [ 11.4356, 3.4222 ], [ 11.4467, 3.4232 ], [ 11.4435, 3.4293 ], [ 11.4486, 3.4348 ], [ 11.456, 3.4308 ], [ 11.4537, 3.4164 ], [ 11.4664, 3.3991 ], [ 11.4635, 3.3871 ], [ 11.4537, 3.3727 ], [ 11.4313, 3.3775 ], [ 11.4254, 3.3854 ], [ 11.4173, 3.3717 ], [ 11.4013, 3.3568 ], [ 11.378, 3.3449 ], [ 11.369, 3.3487 ], [ 11.3618, 3.3464 ], [ 11.3525, 3.3651 ], [ 11.3552, 3.3831 ], [ 11.3504, 3.399 ], [ 11.3401, 3.4063 ], [ 11.3342, 3.4037 ], [ 11.3297, 3.4056 ], [ 11.3269, 3.4119 ], [ 11.3313, 3.419 ], [ 11.3235, 3.4256 ], [ 11.3167, 3.4262 ], [ 11.3128, 3.4168 ], [ 11.3074, 3.4164 ], [ 11.3038, 3.425 ], [ 11.2928, 3.4299 ], [ 11.2779, 3.4433 ], [ 11.2685, 3.4483 ], [ 11.2578, 3.4444 ], [ 11.24, 3.4461 ], [ 11.2357, 3.4563 ], [ 11.2296, 3.4598 ], [ 11.1937, 3.4506 ], [ 11.1896, 3.4466 ], [ 11.1863, 3.4633 ], [ 11.1367, 3.4376 ], [ 11.13, 3.4311 ], [ 11.13, 3.422 ], [ 11.1229, 3.4104 ], [ 11.1072, 3.4008 ], [ 11.1005, 3.3994 ], [ 11.0824, 3.4059 ], [ 11.0746, 3.3992 ], [ 11.0579, 3.3957 ], [ 11.0656, 3.3918 ], [ 11.0617, 3.3734 ], [ 11.0678, 3.3611 ], [ 11.0821, 3.3669 ], [ 11.0852, 3.3602 ], [ 11.087, 3.345 ], [ 11.0799, 3.3388 ], [ 11.0965, 3.3352 ], [ 11.0997, 3.3316 ], [ 11.099, 3.3098 ], [ 11.1064, 3.3057 ], [ 11.1139, 3.2933 ], [ 11.1144, 3.2774 ], [ 11.1188, 3.2703 ], [ 11.1106, 3.2556 ], [ 11.1135, 3.2476 ], [ 11.1316, 3.2404 ], [ 11.1377, 3.2342 ], [ 11.157, 3.2299 ], [ 11.1721, 3.2163 ], [ 11.1762, 3.2063 ], [ 11.1725, 3.1902 ], [ 11.18, 3.167 ], [ 11.175, 3.1543 ], [ 11.1855, 3.1525 ], [ 11.1905, 3.1365 ], [ 11.2153, 3.1049 ], [ 11.2239, 3.1046 ], [ 11.2358, 3.1176 ], [ 11.2525, 3.1219 ], [ 11.2555, 3.1282 ], [ 11.2622, 3.1285 ], [ 11.2704, 3.1353 ], [ 11.2975, 3.1324 ], [ 11.2984, 3.1249 ], [ 11.3138, 3.1162 ], [ 11.3311, 3.1133 ], [ 11.3453, 3.1233 ], [ 11.3567, 3.1429 ], [ 11.3618, 3.1393 ], [ 11.4054, 3.1441 ], [ 11.4141, 3.1344 ], [ 11.5018, 3.1361 ], [ 11.5039, 3.1312 ], [ 11.5472, 3.1359 ], [ 11.5514, 3.1436 ], [ 11.5654, 3.1374 ], [ 11.5703, 3.1401 ], [ 11.57, 3.1448 ], [ 11.5768, 3.1546 ], [ 11.5856, 3.161 ], [ 11.6039, 3.1683 ], [ 11.6164, 3.1686 ], [ 11.6208, 3.1759 ], [ 11.6344, 3.1797 ], [ 11.6421, 3.1881 ], [ 11.6702, 3.1903 ], [ 11.6834, 3.1873 ], [ 11.6878, 3.1894 ], [ 11.7008, 3.2017 ], [ 11.698, 3.2154 ], [ 11.7004, 3.222 ], [ 11.6987, 3.2299 ], [ 11.7027, 3.2352 ], [ 11.7043, 3.2475 ], [ 11.7026, 3.2632 ], [ 11.7101, 3.2765 ], [ 11.7222, 3.2755 ], [ 11.7283, 3.2792 ], [ 11.7356, 3.2772 ], [ 11.7461, 3.2895 ], [ 11.7412, 3.2996 ], [ 11.7378, 3.3314 ], [ 11.7595, 3.3167 ], [ 11.7661, 3.3202 ], [ 11.7696, 3.3182 ], [ 11.7711, 3.3116 ], [ 11.7761, 3.3084 ], [ 11.7791, 3.3115 ], [ 11.7757, 3.3225 ], [ 11.7776, 3.3266 ], [ 11.8151, 3.3583 ], [ 11.826, 3.3615 ], [ 11.8396, 3.3714 ], [ 11.8496, 3.3628 ], [ 11.8519, 3.3725 ], [ 11.8604, 3.3797 ], [ 11.862, 3.4076 ], [ 11.8922, 3.473 ], [ 11.8937, 3.4907 ], [ 11.8885, 3.4904 ], [ 11.8717, 3.5 ], [ 11.7995, 3.4836 ], [ 11.7921, 3.4852 ], [ 11.79, 3.4959 ], [ 11.7944, 3.516 ], [ 11.7909, 3.5206 ], [ 11.7964, 3.5386 ], [ 11.7939, 3.5459 ], [ 11.8081, 3.5429 ], [ 11.8134, 3.5201 ], [ 11.8215, 3.5264 ], [ 11.8275, 3.5264 ], [ 11.8242, 3.5343 ], [ 11.8294, 3.5491 ], [ 11.8451, 3.5583 ], [ 11.8474, 3.5624 ], [ 11.8453, 3.5665 ], [ 11.8591, 3.5712 ], [ 11.8719, 3.5638 ], [ 11.8966, 3.5641 ], [ 11.9072, 3.5594 ], [ 11.9087, 3.5464 ], [ 11.9002, 3.5409 ], [ 11.9001, 3.5375 ], [ 11.9064, 3.5328 ], [ 11.9178, 3.5342 ], [ 11.9209, 3.5383 ], [ 11.9217, 3.5563 ], [ 11.9372, 3.5712 ], [ 11.9586, 3.6171 ], [ 11.948, 3.6329 ], [ 11.9485, 3.6407 ], [ 11.9591, 3.6481 ], [ 11.9641, 3.646 ], [ 11.9814, 3.6508 ], [ 11.9911, 3.6681 ], [ 11.9974, 3.6722 ], [ 12.0099, 3.6733 ], [ 12.0087, 3.6849 ], [ 12.0055, 3.6883 ], [ 11.989, 3.6898 ], [ 11.9842, 3.694 ], [ 11.9757, 3.7231 ], [ 11.9681, 3.7182 ], [ 11.9615, 3.7209 ], [ 11.9648, 3.7335 ], [ 11.9588, 3.7325 ], [ 11.9528, 3.7412 ], [ 11.9552, 3.7473 ], [ 11.948, 3.7547 ], [ 11.9429, 3.7839 ], [ 11.9315, 3.7837 ], [ 11.9172, 3.8021 ], [ 11.906, 3.8104 ], [ 11.8875, 3.8088 ], [ 11.8812, 3.8158 ], [ 11.8849, 3.8261 ], [ 11.881, 3.8291 ], [ 11.8633, 3.8288 ], [ 11.8551, 3.8245 ], [ 11.8475, 3.8248 ], [ 11.847, 3.821 ], [ 11.8273, 3.8218 ], [ 11.811, 3.8113 ], [ 11.8115, 3.8033 ], [ 11.8071, 3.7969 ], [ 11.8003, 3.7962 ], [ 11.7733, 3.7812 ], [ 11.7628, 3.7792 ], [ 11.7503, 3.7817 ], [ 11.7399, 3.7772 ], [ 11.7387, 3.7726 ], [ 11.7485, 3.7666 ], [ 11.7499, 3.7609 ], [ 11.7232, 3.7364 ], [ 11.7122, 3.72 ], [ 11.7022, 3.7136 ], [ 11.7021, 3.7012 ], [ 11.692, 3.6877 ], [ 11.7047, 3.6838 ], [ 11.7103, 3.6716 ], [ 11.7361, 3.6539 ], [ 11.7579, 3.6486 ], [ 11.7586, 3.6394 ], [ 11.7299, 3.6129 ], [ 11.7162, 3.6084 ], [ 11.7121, 3.6022 ], [ 11.6888, 3.5876 ], [ 11.6777, 3.5615 ], [ 11.6781, 3.5549 ], [ 11.6637, 3.5558 ], [ 11.66, 3.542 ], [ 11.6484, 3.5444 ], [ 11.6396, 3.5544 ], [ 11.6247, 3.5608 ], [ 11.6034, 3.5504 ], [ 11.593, 3.5604 ], [ 11.5862, 3.5624 ], [ 11.5817, 3.5682 ], [ 11.5814, 3.5982 ], [ 11.5782, 3.6062 ], [ 11.5691, 3.6095 ], [ 11.5623, 3.6191 ], [ 11.55, 3.6279 ], [ 11.545, 3.627 ], [ 11.5408, 3.6121 ], [ 11.5278, 3.621 ], [ 11.5145, 3.6151 ], [ 11.509, 3.6172 ] ] ] } },
{ "type": "Feature", "properties": { "iso3": "CMR", "unit_id": "13109269B20338055528947", "unit_name": "Boumba-et-Ngoko" }, "geometry": { "type": "Polygon", "coordinates": [ [ [ 14.5955, 2.2068 ], [ 14.6084, 2.1956 ], [ 14.6099, 2.185 ], [ 14.6156, 2.1814 ], [ 14.6181, 2.1694 ], [ 14.6235, 2.1631 ], [ 14.6265, 2.1605 ], [ 14.6402, 2.1607 ], [ 14.644, 2.1575 ], [ 14.6458, 2.1467 ], [ 14.6393, 2.1438 ], [ 14.6442, 2.1327 ], [ 14.6588, 2.13 ], [ 14.6722, 2.1364 ], [ 14.6846, 2.1358 ], [ 14.6957, 2.123 ], [ 14.6963, 2.1133 ], [ 14.723, 2.1058 ], [ 14.7242, 2.1093 ], [ 14.7146, 2.1214 ], [ 14.7179, 2.1276 ], [ 14.7232, 2.1282 ], [ 14.7284, 2.1221 ], [ 14.7515, 2.1084 ], [ 14.7531, 2.1038 ], [ 14.7504, 2.0981 ], [ 14.7465, 2.0957 ], [ 14.7406, 2.0978 ], [ 14.7368, 2.0924 ], [ 14.7465, 2.0911 ], [ 14.7599, 2.1014 ], [ 14.7703, 2.0959 ], [ 14.7727, 2.0838 ], [ 14.7635, 2.0695 ], [ 14.7717, 2.0632 ], [ 14.787, 2.075 ], [ 14.7922, 2.0753 ], [ 14.8081, 2.0595 ], [ 14.8281, 2.0684 ], [ 14.8413, 2.0858 ], [ 14.8604, 2.0803 ], [ 14.8646, 2.089 ], [ 14.8565, 2.1016 ], [ 14.8565, 2.1064 ], [ 14.8673, 2.1117 ], [ 14.873, 2.1109 ], [ 14.877, 2.1027 ], [ 14.8775, 2.0733 ], [ 14.8884, 2.0669 ], [ 14.9112, 2.0638 ], [ 14.9127, 2.0547 ], [ 14.9089, 2.0434 ], [ 14.9031, 2.0346 ], [ 14.8925, 2.0289 ], [ 14.8892, 2.0216 ], [ 14.9147, 2.0003 ], [ 14.9466, 2.0014 ], [ 14.9686, 2.0079 ], [ 14.9728, 2.0136 ], [ 14.9734, 2.026 ], [ 14.9831, 2.0368 ], [ 14.9996, 2.0146 ], [ 15.014, 2.0105 ], [ 15.0295, 2.0007 ], [ 15.0332, 1.9874 ], [ 15.0409, 1.9787 ], [ 15.0483, 1.9829 ], [ 15.0626, 2.0044 ], [ 15.0726, 1.9977 ], [ 15.0699, 1.9878 ], [ 15.0727, 1.9843 ], [ 15.1051, 1.9828 ], [ 15.1091, 1.986 ], [ 15.1118, 2.0045 ], [ 15.1158, 2.0113 ], [ 15.1219, 2.0139 ], [ 15.1336, 2.0078 ], [ 15.1419, 2.0115 ], [ 15.1471, 2.0399 ], [ 15.1622, 2.0417 ], [ 15.1693, 2.0197 ], [ 15.1755, 2.0165 ], [ 15.1889, 2.0314 ], [ 15.2066, 2.0397 ], [ 15.225, 2.0321 ], [ 15.2405, 2.0323 ], [ 15.2495, 2.0282 ], [ 15.252, 2.0195 ], [ 15.2439, 2.0131 ], [ 15.2454, 2.008 ], [ 15.2564, 2.0104 ], [ 15.2709, 1.9975 ], [ 15.2878, 1.9904 ], [ 15.3069, 1.9646 ], [ 15.3071, 1.9528 ], [ 15.3033, 1.9423 ], [ 15.3057, 1.937 ], [ 15.3131, 1.9333 ], [ 15.323, 1.9339 ], [ 15.3349, 1.9435 ], [ 15.3325, 1.9291 ], [ 15.3436, 1.9124 ], [ 15.3988, 1.9415 ], [ 15.4099, 1.9419 ], [ 15.4261, 1.9589 ], [ 15.4551, 1.9699 ], [ 15.4706, 1.9712 ], [ 15.4857, 1.9836 ], [ 15.5285, 1.9563 ], [ 15.5381, 1.9659 ], [ 15.5442, 1.9655 ], [ 15.5598, 1.9504 ], [ 15.5715, 1.949 ], [ 15.5856, 1.9538 ], [ 15.616, 1.9387 ], [ 15.6647, 1.9286 ], [ 15.6705, 1.9284 ], [ 15.6848, 1.9358 ], [ 15.7186, 1.9234 ], [ 15.7251, 1.9133 ], [ 15.7473, 1.9198 ], [ 15.7594, 1.9131 ], [ 15.7827, 1.8905 ], [ 15.7918, 1.8703 ], [ 15.8053, 1.8562 ], [ 15.8272, 1.8496 ], [ 15.841, 1.8328 ], [ 15.8587, 1.8328 ], [ 15.8675, 1.8296 ], [ 15.8811, 1.7856 ], [ 15.8908, 1.7942 ], [ 15.9056, 1.7976 ], [ 15.9122, 1.795 ], [ 15.9107, 1.7872 ], [ 15.9143, 1.7809 ], [ 15.9307, 1.7805 ], [ 15.9601, 1.7665 ], [ 16.026, 1.7653 ], [ 16.0299, 1.7616 ], [ 16.0313, 1.7518 ], [ 16.0233, 1.7394 ], [ 16.0148, 1.7163 ], [ 16.0243, 1.7094 ], [ 16.0192, 1.6786 ], [ 16.0246, 1.6646 ], [ 16.0305, 1.659 ], [ 16.0499, 1.6594 ], [ 16.0562, 1.6547 ], [ 16.0699, 1.6663 ], [ 16.0824, 1.6903 ], [ 16.0913, 1.6966 ], [ 16.0981, 1.6954 ], [ 16.1046, 1.697 ], [ 16.1088, 1.7019 ], [ 16.1194, 1.7032 ], [ 16.1368, 1.6877 ], [ 16.1449, 1.6907 ], [ 16.1485, 1.6983 ], [ 16.1469, 1.7165 ], [ 16.1405, 1.7252 ], [ 16.1366, 1.7385 ], [ 16.1461, 1.7494 ], [ 16.1464, 1.7553 ], [ 16.1385, 1.7743 ], [ 16.1395, 1.7878 ], [ 16.1341, 1.8043 ], [ 16.1213, 1.8243 ], [ 16.1152, 1.8471 ], [ 16.1044, 1.8708 ], [ 16.1092, 1.8921 ], [ 16.0931, 1.8907 ], [ 16.0868, 1.8932 ], [ 16.0713, 1.9536 ], [ 16.0481, 1.9753 ], [ 16.055, 1.9882 ], [ 16.0514, 2.0046 ], [ 16.0557, 2.0123 ], [ 16.0747, 2.0276 ], [ 16.0832, 2.0467 ], [ 16.082, 2.0513 ], [ 16.0629, 2.0606 ], [ 16.0589, 2.066 ], [ 16.0613, 2.0714 ], [ 16.0829, 2.0823 ], [ 16.0855, 2.0885 ], [ 16.0846, 2.1178 ], [ 16.0774, 2.1424 ], [ 16.0813, 2.1907 ], [ 16.0844, 2.199 ], [ 16.0974, 2.2022 ], [ 16.1292, 2.1985 ], [ 16.1349, 2.196 ], [ 16.1363, 2.1824 ], [ 16.1404, 2.1773 ], [ 16.1444, 2.1771 ], [ 16.1492, 2.1788 ], [ 16.154, 2.1899 ], [ 16.1783, 2.1976 ], [ 16.1921, 2.2157 ], [ 16.1886, 2.2272 ], [ 16.159, 2.2534 ], [ 16.167, 2.2632 ], [ 16.1703, 2.2747 ], [ 16.1691, 2.2823 ], [ 16.1451, 2.3305 ], [ 16.1438, 2.3524 ], [ 16.1292, 2.3773 ], [ 16.116, 2.3916 ], [ 16.0939, 2.434 ], [ 16.078, 2.4485 ], [ 16.0733, 2.463 ], [ 16.0812, 2.4768 ], [ 16.0841, 2.4943 ], [ 16.0822, 2.5006 ], [ 16.0693, 2.5142 ], [ 16.0655, 2.5295 ], [ 16.0814, 2.5701 ], [ 16.0831, 2.5967 ], [ 16.0655, 2.6454 ], [ 16.0732, 2.6771 ], [ 16.0876, 2.7012 ], [ 16.0737, 2.7094 ], [ 16.0561, 3.0205 ], [ 15.7754, 3.2702 ], [ 15.7336, 3.2436 ], [ 15.0744, 4.0205 ], [ 15.0578, 4.0122 ], [ 15.0485, 3.99 ], [ 15.0462, 3.9752 ], [ 15.0365, 3.9653 ], [ 15.0348, 3.9519 ], [ 14.9929, 3.9147 ], [ 14.9759, 3.9113 ], [ 14.9681, 3.9005 ], [ 14.9379, 3.8972 ], [ 14.9196, 3.9012 ], [ 14.9043, 3.8914 ], [ 14.8909, 3.861 ], [ 14.8741, 3.8516 ], [ 14.867, 3.8428 ], [ 14.8695, 3.8311 ], [ 14.8618, 3.824 ], [ 14.8589, 3.8125 ], [ 14.8481, 3.8006 ], [ 14.8388, 3.7961 ], [ 14.8374, 3.7895 ], [ 14.8249, 3.7758 ], [ 14.821, 3.766 ], [ 14.8147, 3.7614 ], [ 14.8141, 3.764 ], [ 14.4185, 3.7369 ], [ 14.4164, 3.7144 ], [ 14.4328, 3.7023 ], [ 14.4375, 3.6892 ], [ 14.4349, 3.6781 ], [ 14.439, 3.6665 ], [ 14.4374, 3.6521 ], [ 14.4557, 3.636 ], [ 14.4664, 3.6182 ], [ 14.4675, 3.6082 ], [ 14.4818, 3.5896 ], [ 14.4791, 3.5812 ], [ 14.4803, 3.5676 ], [ 14.4749, 3.5566 ], [ 14.4729, 3.5397 ], [ 14.4804, 3.5129 ], [ 14.5129, 3.513 ], [ 14.4915, 3.5044 ], [ 14.4924, 3.497 ], [ 14.5022, 3.482 ], [ 14.4997, 3.4683 ], [ 14.5049, 3.4625 ], [ 14.5035, 3.4508 ], [ 14.5103, 3.4365 ], [ 14.5075, 3.4299 ], [ 14.5101, 3.4284 ], [ 14.509, 3.4127 ], [ 14.514, 3.4092 ], [ 14.519, 3.3968 ], [ 14.434, 3.211 ], [ 14.4185, 3.195 ], [ 14.4131, 3.1734 ], [ 14.4029, 3.1663 ], [ 14.4055, 3.1566 ], [ 14.4013, 3.1407 ], [ 14.4056, 3.1284 ], [ 14.4054, 3.1084 ], [ 14.402, 3.0863 ], [ 14.3889, 3.0718 ], [ 14.3792, 3.0695 ], [ 14.3755, 3.0604 ], [ 14.3793, 3.0327 ], [ 14.3733, 3.028 ], [ 14.3754, 3.0216 ], [ 14.3823, 3.0125 ], [ 14.3977, 3.0024 ], [ 14.4006, 2.9944 ], [ 14.4102, 2.9837 ], [ 14.4258, 2.9798 ], [ 14.4246, 2.9773 ], [ 14.4334, 2.9719 ], [ 14.4354, 2.9543 ], [ 14.4408, 2.9492 ], [ 14.4295, 2.9442 ], [ 14.4186, 2.9451 ], [ 14.4135, 2.9407 ], [ 14.4057, 2.9414 ], [ 14.402, 2.9376 ], [ 14.3808, 2.9345 ], [ 14.3789, 2.9228 ], [ 14.369, 2.9162 ], [ 14.3542, 2.8982 ], [ 14.3489, 2.8834 ], [ 14.3332, 2.8829 ], [ 14.325, 2.8587 ], [ 14.3354, 2.855 ], [ 14.3286, 2.8481 ], [ 14.3283, 2.8381 ], [ 14.3372, 2.8352 ], [ 14.3369, 2.8296 ], [ 14.3396, 2.8278 ], [ 14.3514, 2.8295 ], [ 14.3566, 2.8163 ], [ 14.381, 2.793 ], [ 14.3903, 2.7905 ], [ 14.3989, 2.7953 ], [ 14.4221, 2.7884 ], [ 14.4446, 2.7924 ], [ 14.4881, 2.7763 ], [ 14.4978, 2.782 ], [ 14.5204, 2.775 ], [ 14.5235, 2.7773 ], [ 14.531, 2.776 ], [ 14.5596, 2.7483 ], [ 14.5706, 2.7539 ], [ 14.5765, 2.764 ], [ 14.5856, 2.7668 ], [ 14.5988, 2.7623 ], [ 14.5955, 2.2068 ] ] ] } },
{ "type": "Feature", "properties": { "iso3": "CMR", "unit_id": "13109269B53772607450143", "unit_name": "Haut-Nyong" }, "geometry": { "type": "Polygon", "coordinates": [ [ [ 12.7823, 4.3426 ], [ 12.779, 4.3139 ], [ 12.781, 4.3074 ], [ 12.77, 4.3007 ], [ 12.7695, 4.2975 ], [ 12.7745, 4.2938 ], [ 12.7912, 4.3015 ], [ 12.7961, 4.2974 ], [ 12.8041, 4.2579 ], [ 12.7827, 4.2023 ], [ 12.789, 4.1792 ], [ 12.7932, 4.1754 ], [ 12.7865, 4.1707 ], [ 12.7841, 4.1599 ], [ 12.7763, 4.1495 ], [ 12.7764, 4.1448 ], [ 12.7833, 4.1357 ], [ 12.7827, 4.1303 ], [ 12.7517, 4.12 ], [ 12.7495, 4.1146 ], [ 12.7545, 4.0888 ], [ 12.792, 4.0776 ], [ 12.8098, 4.0595 ], [ 12.8011, 4.0369 ], [ 12.7661, 4.0319 ], [ 12.7606, 4.0266 ], [ 12.7492, 4.0246 ], [ 12.7356, 4.0132 ], [ 12.7294, 4.0133 ], [ 12.7081, 3.9942 ], [ 12.7047, 3.9951 ], [ 12.698, 3.9836 ], [ 12.6865, 3.9797 ], [ 12.6777, 3.9665 ], [ 12.6786, 3.9627 ], [ 12.6701, 3.9516 ], [ 12.6657, 3.9525 ], [ 12.6562, 3.939 ], [ 12.6525, 3.9416 ], [ 12.6487, 3.9389 ], [ 12.647, 3.9436 ], [ 12.6381, 3.9464 ], [ 12.6293, 3.9458 ], [ 12.6144, 3.9308 ], [ 12.5886, 3.9328 ], [ 12.5721, 3.923 ], [ 12.5713, 3.919 ], [ 12.5563, 3.9264 ], [ 12.5479, 3.9161 ], [ 12.5556, 3.9081 ], [ 12.5387, 3.8975 ], [ 12.5361, 3.886 ], [ 12.5242, 3.8841 ], [ 12.5209, 3.879 ], [ 12.5198, 3.8831 ], [ 12.509, 3.8818 ], [ 12.5028, 3.8875 ], [ 12.5013, 3.896 ], [ 12.4955, 3.8915 ], [ 12.4941, 3.8847 ], [ 12.5024, 3.831 ], [ 12.5294, 3.8002 ], [ 12.5525, 3.7916 ], [ 12.5506, 3.7751 ], [ 12.5657, 3.7693 ], [ 12.6043, 3.7341 ], [ 12.6185, 3.7104 ], [ 12.6016, 3.6148 ], [ 12.5677, 3.5504 ], [ 12.5611, 3.5207 ], [ 12.5638, 3.501 ], [ 12.5478, 3.4272 ], [ 12.5501, 3.4072 ], [ 12.5439, 3.3914 ], [ 12.5497, 3.3896 ], [ 12.5499, 3.3801 ], [ 12.5601, 3.3769 ], [ 12.7652, 3.1702 ], [ 12.7655, 2.9743 ], [ 12.7723, 2.9471 ], [ 12.7819, 2.9334 ], [ 12.7944, 2.9288 ], [ 12.7965, 2.9049 ], [ 12.8047, 2.9078 ], [ 12.8109, 2.916 ], [ 12.818, 2.9151 ], [ 12.826, 2.9089 ], [ 12.8301, 2.898 ], [ 12.8376, 2.89 ], [ 12.8619, 2.8954 ], [ 12.8652, 2.8869 ], [ 12.8744, 2.8774 ], [ 12.8792, 2.8797 ], [ 12.9023, 2.8764 ], [ 12.9163, 2.8812 ], [ 12.9244, 2.8697 ], [ 12.9385, 2.8749 ], [ 12.9404, 2.8656 ], [ 12.9528, 2.8699 ], [ 12.9665, 2.8662 ], [ 12.9788, 2.8858 ], [ 12.9855, 2.8907 ], [ 12.9922, 2.8858 ], [ 12.9887, 2.8787 ], [ 12.9909, 2.8746 ], [ 13.0083, 2.8692 ], [ 13.008, 2.864 ], [ 13.0033, 2.8619 ], [ 13.002, 2.85 ], [ 13.0194, 2.8611 ], [ 13.0242, 2.8611 ], [ 13.0402, 2.8487 ], [ 13.0562, 2.8518 ], [ 13.0723, 2.8496 ], [ 13.0794, 2.8402 ], [ 13.0856, 2.8485 ], [ 13.0795, 2.854 ], [ 13.0813, 2.8578 ], [ 13.1001, 2.8516 ], [ 13.0957, 2.8422 ], [ 13.1082, 2.8428 ], [ 13.1144, 2.8475 ], [ 13.1134, 2.8592 ], [ 13.1186, 2.8638 ], [ 13.1293, 2.8663 ], [ 13.1319, 2.8761 ], [ 13.1357, 2.8748 ], [ 13.1375, 2.8653 ], [ 13.1468, 2.8624 ], [ 13.1579, 2.8475 ], [ 13.1646, 2.8532 ], [ 13.1777, 2.8547 ], [ 13.1921, 2.8511 ], [ 13.1965, 2.8683 ], [ 13.2062, 2.8695 ], [ 13.2279, 2.8504 ], [ 13.2382, 2.8476 ], [ 13.237, 2.8427 ], [ 13.2289, 2.8382 ], [ 13.2318, 2.8305 ], [ 13.2555, 2.8305 ], [ 13.2606, 2.8272 ], [ 13.2698, 2.8133 ], [ 13.2656, 2.7899 ], [ 13.2696, 2.7851 ], [ 13.2825, 2.7853 ], [ 13.2892, 2.7908 ], [ 13.2762, 2.8116 ], [ 13.2771, 2.823 ], [ 13.2685, 2.8435 ], [ 13.2827, 2.8497 ], [ 13.2959, 2.8474 ], [ 13.3062, 2.8411 ], [ 13.3172, 2.8262 ], [ 13.3178, 2.8155 ], [ 13.3279, 2.8127 ], [ 13.3299, 2.8078 ], [ 13.3381, 2.8102 ], [ 13.3479, 2.8013 ], [ 13.3521, 2.8021 ], [ 13.3612, 2.8155 ], [ 13.3709, 2.8205 ], [ 13.3736, 2.8251 ], [ 13.382, 2.8234 ], [ 13.395, 2.8006 ], [ 13.4049, 2.7914 ], [ 13.4207, 2.7955 ], [ 13.4259, 2.7935 ], [ 13.4285, 2.7782 ], [ 13.4315, 2.7759 ], [ 13.4488, 2.7864 ], [ 13.4706, 2.7803 ], [ 13.4833, 2.7904 ], [ 13.5018, 2.7913 ], [ 13.5105, 2.8016 ], [ 13.5091, 2.8142 ], [ 13.4985, 2.8216 ], [ 13.4961, 2.8269 ], [ 13.5043, 2.8405 ], [ 13.5129, 2.8422 ], [ 13.5155, 2.8326 ], [ 13.5212, 2.8263 ], [ 13.5335, 2.8257 ], [ 13.5344, 2.8294 ], [ 13.5287, 2.8281 ], [ 13.5274, 2.8313 ], [ 13.5328, 2.8446 ], [ 13.5285, 2.8497 ], [ 13.5304, 2.8574 ], [ 13.5423, 2.8568 ], [ 13.5491, 2.8599 ], [ 13.5553, 2.8475 ], [ 13.5716, 2.8649 ], [ 13.5724, 2.8725 ], [ 13.5804, 2.8879 ], [ 13.6052, 2.9002 ], [ 13.6108, 2.8972 ], [ 13.6194, 2.908 ], [ 13.6279, 2.908 ], [ 13.6799, 2.1719 ], [ 14.292, 2.1719 ], [ 14.3032, 2.1626 ], [ 14.3282, 2.1725 ], [ 14.3432, 2.174 ], [ 14.3557, 2.1857 ], [ 14.3628, 2.1874 ], [ 14.3723, 2.1818 ], [ 14.384, 2.1854 ], [ 14.4014, 2.1785 ], [ 14.4132, 2.1814 ], [ 14.4252, 2.1686 ], [ 14.4355, 2.1667 ], [ 14.443, 2.1575 ], [ 14.4466, 2.1437 ], [ 14.4438, 2.133 ], [ 14.4471, 2.129 ], [ 14.4607, 2.1256 ], [ 14.4664, 2.1309 ], [ 14.4649, 2.148 ], [ 14.4806, 2.1435 ], [ 14.481, 2.1548 ], [ 14.4969, 2.1621 ], [ 14.5129, 2.1628 ], [ 14.5189, 2.1668 ], [ 14.5212, 2.1635 ], [ 14.5256, 2.1659 ], [ 14.5266, 2.1618 ], [ 14.5308, 2.1631 ], [ 14.5324, 2.1678 ], [ 14.5327, 2.1652 ], [ 14.5383, 2.1669 ], [ 14.5378, 2.1705 ], [ 14.5402, 2.1713 ], [ 14.5414, 2.1681 ], [ 14.5522, 2.1729 ], [ 14.5553, 2.1709 ], [ 14.5634, 2.178 ], [ 14.5672, 2.1761 ], [ 14.5725, 2.1788 ], [ 14.578, 2.1744 ], [ 14.5841, 2.1853 ], [ 14.5826, 2.1892 ], [ 14.5881, 2.1918 ], [ 14.5955, 2.2068 ], [ 14.5988, 2.7623 ], [ 14.5856, 2.7668 ], [ 14.5765, 2.764 ], [ 14.5706, 2.7539 ], [ 14.5596, 2.7483 ], [ 14.531, 2.776 ], [ 14.5235, 2.7773 ], [ 14.5204, 2.775 ], [ 14.4978, 2.782 ], [ 14.4881, 2.7763 ], [ 14.4446, 2.7924 ], [ 14.4221, 2.7884 ], [ 14.3989, 2.7953 ], [ 14.3903, 2.7905 ], [ 14.381, 2.793 ], [ 14.3566, 2.8163 ], [ 14.3514, 2.8295 ], [ 14.3396, 2.8278 ], [ 14.3369, 2.8296 ], [ 14.3372, 2.8352 ], [ 14.3283, 2.8381 ], [ 14.3286, 2.8481 ], [ 14.3354, 2.855 ], [ 14.325, 2.8587 ], [ 14.3332, 2.8829 ], [ 14.3489, 2.8834 ], [ 14.3542, 2.8982 ], [ 14.369, 2.9162 ], [ 14.3789, 2.9228 ], [ 14.3808, 2.9345 ], [ 14.402, 2.9376 ], [ 14.4057, 2.9414 ], [ 14.4135, 2.9407 ], [ 14.4186, 2.9451 ], [ 14.4295, 2.9442 ], [ 14.4408, 2.9492 ], [ 14.4354, 2.9543 ], [ 14.4334, 2.9719 ], [ 14.4246, 2.9773 ], [ 14.4258, 2.9798 ], [ 14.4102, 2.9837 ], [ 14.4006, 2.9944 ], [ 14.3977, 3.0024 ], [ 14.3823, 3.0125 ], [ 14.3754, 3.0216 ], [ 14.3733, 3.028 ], [ 14.3793, 3.0327 ], [ 14.3755, 3.0604 ], [ 14.3792, 3.0695 ], [ 14.3889, 3.0718 ], [ 14.402, 3.0863 ], [ 14.4054, 3.1084 ], [ 14.4056, 3.1284 ], [ 14.4013, 3.1407 ], [ 14.4055, 3.1566 ], [ 14.4029, 3.1663 ], [ 14.4131, 3.1734 ], [ 14.4185, 3.195 ], [ 14.434, 3.211 ], [ 14.519, 3.3968 ], [ 14.514, 3.4092 ], [ 14.509, 3.4127 ], [ 14.5101, 3.4284 ], [ 14.5075, 3.4299 ], [ 14.5103, 3.4365 ], [ 14.5035, 3.4508 ], [ 14.5049, 3.4625 ], [ 14.4997, 3.4683 ], [ 14.5022, 3.482 ], [ 14.4924, 3.497 ], [ 14.4915, 3.5044 ], [ 14.5129, 3.513 ], [ 14.4804, 3.5129 ], [ 14.4729, 3.5397 ], [ 14.4749, 3.5566 ], [ 14.4803, 3.5676 ], [ 14.4791, 3.5812 ], [ 14.4818, 3.5896 ], [ 14.4675, 3.6082 ], [ 14.4664, 3.6182 ], [ 14.4557, 3.636 ], [ 14.4374, 3.6521 ], [ 14.439, 3.6665 ], [ 14.4349, 3.6781 ], [ 14.4375, 3.6892 ], [ 14.4328, 3.7023 ], [ 14.4164, 3.7144 ], [ 14.4185, 3.7369 ], [ 14.0096, 3.681 ], [ 14.0013, 3.6709 ], [ 13.9978, 3.6759 ], [ 13.9804, 3.6777 ], [ 13.9734, 3.6857 ], [ 13.9752, 3.6926 ], [ 13.9646, 3.7128 ], [ 13.954, 3.7097 ], [ 13.9386, 3.7215 ], [ 13.9327, 3.7322 ], [ 13.9245, 3.7847 ], [ 13.9184, 3.7854 ], [ 13.8982, 3.8087 ], [ 13.8886, 3.8086 ], [ 13.8742, 3.8193 ], [ 13.8675, 3.8173 ], [ 13.8563, 3.8302 ], [ 13.8449, 3.8286 ], [ 13.8121, 3.8332 ], [ 13.797, 3.858 ], [ 13.7836, 3.8641 ], [ 13.779, 3.8731 ], [ 13.7601, 3.8871 ], [ 13.7447, 3.8913 ], [ 13.7334, 3.8821 ], [ 13.7265, 3.8806 ], [ 13.7182, 3.8818 ], [ 13.7062, 3.8775 ], [ 13.6848, 3.8824 ], [ 13.6764, 3.8802 ], [ 13.6689, 3.8833 ], [ 13.6613, 3.8994 ], [ 13.6478, 3.9066 ], [ 13.6244, 3.906 ], [ 13.608, 3.9197 ], [ 13.5883, 3.9197 ], [ 13.5774, 3.9268 ], [ 13.5681, 3.9256 ], [ 13.5584, 3.9287 ], [ 13.5482, 3.9378 ], [ 13.5335, 3.9363 ], [ 13.5137, 3.9415 ], [ 13.514, 3.95 ], [ 13.5287, 3.9545 ], [ 13.535, 3.9623 ], [ 13.5332, 3.9702 ], [ 13.5456, 3.985 ], [ 13.5457, 3.9902 ], [ 13.509, 4.0435 ], [ 13.6461, 4.1787 ], [ 13.676, 4.2414 ], [ 13.6802, 4.2423 ], [ 13.7502, 4.3331 ], [ 13.7528, 4.3405 ], [ 13.7368, 4.356 ], [ 13.7205, 4.3632 ], [ 13.7079, 4.3786 ], [ 13.6892, 4.3878 ], [ 13.6876, 4.3971 ], [ 13.6807, 4.402 ], [ 13.6767, 4.4142 ], [ 13.6598, 4.4293 ], [ 13.6247, 4.4458 ], [ 13.6182, 4.4517 ], [ 13.6063, 4.4531 ], [ 13.5852, 4.4763 ], [ 13.5672, 4.4848 ], [ 13.5372, 4.4808 ], [ 13.5255, 4.4958 ], [ 13.4936, 4.507 ], [ 13.4876, 4.5149 ], [ 13.4761, 4.5187 ], [ 13.4566, 4.5326 ], [ 13.2622, 4.5481 ], [ 13.2542, 4.551 ], [ 13.2036, 4.5492 ], [ 13.1893, 4.553 ], [ 13.1823, 4.5506 ], [ 13.1711, 4.5546 ], [ 13.146, 4.5488 ], [ 13.1416, 4.545 ], [ 13.1284, 4.5465 ], [ 13.1209, 4.5531 ], [ 13.094, 4.5602 ], [ 13.0749, 4.5855 ], [ 13.0582, 4.5959 ], [ 13.0428, 4.5955 ], [ 13.0261, 4.6068 ], [ 13.0059, 4.6041 ], [ 13.0055, 4.5982 ], [ 13.0008, 4.5973 ], [ 12.9991, 4.5912 ], [ 12.9767, 4.5902 ], [ 12.9796, 4.565 ], [ 12.8764, 4.5175 ], [ 12.8424, 4.3737 ], [ 12.7823, 4.3426 ] ] ] } },
{ "type": "Feature", "properties": { "iso3": "CMR", "unit_id": "13109269B88770912476103", "unit_name": "Kadey" }, "geometry": { "type": "Polygon", "coordinates": [ [ [ 15.0744, 4.0205 ], [ 15.135, 4.037 ], [ 15.1425, 4.0436 ], [ 15.1795, 4.0567 ], [ 15.1686, 4.0732 ], [ 15.1574, 4.0746 ], [ 15.1447, 4.0682 ], [ 15.1399, 4.0724 ], [ 15.1386, 4.0883 ], [ 15.1321, 4.0941 ], [ 15.1324, 4.106 ], [ 15.1269, 4.1112 ], [ 15.1196, 4.1126 ], [ 15.1188, 4.1198 ], [ 15.1082, 4.1209 ], [ 15.1072, 4.1301 ], [ 15.0993, 4.1401 ], [ 15.0993, 4.1488 ], [ 15.1076, 4.1555 ], [ 15.1037, 4.1611 ], [ 15.1031, 4.1753 ], [ 15.1077, 4.1791 ], [ 15.1059, 4.182 ], [ 15.099, 4.1803 ], [ 15.0972, 4.1906 ], [ 15.1004, 4.2002 ], [ 15.0962, 4.2008 ], [ 15.0939, 4.2114 ], [ 15.1015, 4.2193 ], [ 15.0927, 4.2274 ], [ 15.0949, 4.2338 ], [ 15.0886, 4.2358 ], [ 15.0876, 4.2427 ], [ 15.0939, 4.2456 ], [ 15.0905, 4.2549 ], [ 15.0957, 4.2642 ], [ 15.0855, 4.2694 ], [ 15.091, 4.2748 ], [ 15.0887, 4.2797 ], [ 15.0907, 4.2825 ], [ 15.0874, 4.2862 ], [ 15.0908, 4.2908 ], [ 15.0861, 4.2952 ], [ 15.0868, 4.3017 ], [ 15.0765, 4.3124 ], [ 15.0783, 4.316 ], [ 15.0709, 4.3143 ], [ 15.0682, 4.323 ], [ 15.0653, 4.3225 ], [ 15.067, 4.3254 ], [ 15.0627, 4.325 ], [ 15.0635, 4.329 ], [ 15.0601, 4.3277 ], [ 15.0584, 4.3367 ], [ 15.0551, 4.3389 ], [ 15.0575, 4.3415 ], [ 15.0542, 4.3412 ], [ 15.0534, 4.3464 ], [ 15.0486, 4.346 ], [ 15.0476, 4.3514 ], [ 15.0446, 4.3507 ], [ 15.038, 4.358 ], [ 15.0439, 4.3636 ], [ 15.0364, 4.3748 ], [ 15.0313, 4.3723 ], [ 15.0314, 4.3674 ], [ 15.0258, 4.368 ], [ 15.0206, 4.3856 ], [ 15.0141, 4.3896 ], [ 15.0129, 4.3943 ], [ 15.0175, 4.3978 ], [ 15.0153, 4.402 ], [ 15.0125, 4.4013 ], [ 15.011, 4.4116 ], [ 15.0139, 4.4146 ], [ 15.012, 4.4193 ], [ 15.0078, 4.4184 ], [ 15.0105, 4.4211 ], [ 15.0079, 4.4243 ], [ 15.0025, 4.4225 ], [ 14.9864, 4.4267 ], [ 14.9669, 4.4411 ], [ 14.95, 4.4447 ], [ 14.9442, 4.4522 ], [ 14.9306, 4.4606 ], [ 14.8846, 4.4793 ], [ 14.8707, 4.4976 ], [ 14.8552, 4.5033 ], [ 14.8527, 4.5151 ], [ 14.8331, 4.5158 ], [ 14.8302, 4.5167 ], [ 14.8337, 4.5218 ], [ 14.8182, 4.5301 ], [ 14.8111, 4.5282 ], [ 14.8038, 4.5453 ], [ 14.7895, 4.5536 ], [ 14.787, 4.5606 ], [ 14.7676, 4.5796 ], [ 14.7671, 4.5843 ], [ 14.7558, 4.5847 ], [ 14.7377, 4.6126 ], [ 14.7304, 4.6133 ], [ 14.7317, 4.6297 ], [ 14.7203, 4.6447 ], [ 14.7234, 4.6609 ], [ 14.7207, 4.6798 ], [ 14.7241, 4.692 ], [ 14.7193, 4.7048 ], [ 14.721, 4.7247 ], [ 14.7186, 4.7434 ], [ 14.7103, 4.7501 ], [ 14.711, 4.7564 ], [ 14.7021, 4.7634 ], [ 14.7133, 4.7712 ], [ 14.7207, 4.7877 ], [ 14.7166, 4.7991 ], [ 14.7208, 4.8001 ], [ 14.7187, 4.8165 ], [ 14.7155, 4.8186 ], [ 14.7128, 4.8366 ], [ 14.7062, 4.8421 ], [ 14.7085, 4.8502 ], [ 14.7052, 4.8569 ], [ 14.7114, 4.8585 ], [ 14.7146, 4.8688 ], [ 14.7013, 4.8887 ], [ 14.6977, 4.9102 ], [ 14.6882, 4.9262 ], [ 14.6832, 4.9292 ], [ 14.6829, 4.9323 ], [ 14.6914, 4.9394 ], [ 14.6885, 4.9467 ], [ 14.6955, 4.9598 ], [ 14.6914, 4.9742 ], [ 14.6844, 4.9775 ], [ 14.6814, 4.9867 ], [ 14.6762, 4.9894 ], [ 14.6809, 5.0023 ], [ 14.6768, 5.01 ], [ 14.6833, 5.0094 ], [ 14.6787, 5.0185 ], [ 14.6878, 5.0201 ], [ 14.6887, 5.0233 ], [ 14.6815, 5.0479 ], [ 14.6827, 5.0615 ], [ 14.6747, 5.0733 ], [ 14.6744, 5.0855 ], [ 14.6872, 5.0892 ], [ 14.6935, 5.0998 ], [ 14.6642, 5.1976 ], [ 14.6552, 5.2038 ], [ 14.6497, 5.2164 ], [ 14.6369, 5.2167 ], [ 14.6315, 5.2218 ], [ 14.6208, 5.2244 ], [ 14.6097, 5.2213 ], [ 14.5958, 5.2251 ], [ 14.5916, 5.2309 ], [ 14.5692, 5.2368 ], [ 14.5626, 5.2474 ], [ 14.5338, 5.2691 ], [ 14.5257, 5.2842 ], [ 14.514, 5.2797 ], [ 14.4978, 5.2628 ], [ 14.4866, 5.2645 ], [ 14.4844, 5.2622 ], [ 14.4834, 5.2644 ], [ 14.471, 5.256 ], [ 14.4643, 5.2561 ], [ 14.4615, 5.2542 ], [ 14.4627, 5.2494 ], [ 14.4573, 5.2453 ], [ 14.4609, 5.2461 ], [ 14.4664, 5.2402 ], [ 14.4647, 5.2282 ], [ 14.4588, 5.2252 ], [ 14.4649, 5.2182 ], [ 14.4594, 5.2118 ], [ 14.4626, 5.2034 ], [ 14.4694, 5.2047 ], [ 14.4753, 5.1969 ], [ 14.4732, 5.1946 ], [ 14.4798, 5.1883 ], [ 14.4851, 5.1878 ], [ 14.4914, 5.1761 ], [ 14.4897, 5.1715 ], [ 14.4889, 5.1734 ], [ 14.4845, 5.1705 ], [ 14.4884, 5.1588 ], [ 14.4849, 5.1598 ], [ 14.4832, 5.157 ], [ 14.4827, 5.1441 ], [ 14.4916, 5.1401 ], [ 14.4887, 5.1379 ], [ 14.4959, 5.1312 ], [ 14.5, 5.1335 ], [ 14.5019, 5.1315 ], [ 14.5047, 5.1221 ], [ 14.4969, 5.1212 ], [ 14.5028, 5.1165 ], [ 14.501, 5.1093 ], [ 14.5037, 5.11 ], [ 14.506, 5.1051 ], [ 14.5, 5.0986 ], [ 14.5075, 5.0928 ], [ 14.5077, 5.0859 ], [ 14.5112, 5.084 ], [ 14.5108, 5.0788 ], [ 14.5064, 5.0774 ], [ 14.5113, 5.0755 ], [ 14.5073, 5.0719 ], [ 14.51, 5.0693 ], [ 14.4994, 5.0639 ], [ 14.4983, 5.0552 ], [ 14.4916, 5.0594 ], [ 14.4913, 5.0555 ], [ 14.487, 5.0576 ], [ 14.4748, 5.0506 ], [ 14.4782, 5.0437 ], [ 14.4739, 5.0401 ], [ 14.4762, 5.039 ], [ 14.474, 5.0316 ], [ 14.4636, 5.0287 ], [ 14.4634, 5.0171 ], [ 14.452, 5.0122 ], [ 14.4484, 5.0062 ], [ 14.4506, 4.998 ], [ 14.4403, 5.0033 ], [ 14.4426, 4.9947 ], [ 14.437, 4.9976 ], [ 14.4355, 4.9913 ], [ 14.4323, 4.99 ], [ 14.4289, 4.9799 ], [ 14.4329, 4.9789 ], [ 14.4244, 4.9775 ], [ 14.4121, 4.9634 ], [ 14.4074, 4.9644 ], [ 14.4056, 4.9576 ], [ 14.4005, 4.9604 ], [ 14.4028, 4.9677 ], [ 14.3994, 4.9725 ], [ 14.3932, 4.9731 ], [ 14.388, 4.9654 ], [ 14.382, 4.9689 ], [ 14.379, 4.967 ], [ 14.3748, 4.9587 ], [ 14.3651, 4.9581 ], [ 14.36, 4.9644 ], [ 14.3521, 4.9637 ], [ 14.3419, 4.9503 ], [ 14.3391, 4.9526 ], [ 14.3329, 4.9396 ], [ 14.3275, 4.9132 ], [ 14.3233, 4.9127 ], [ 14.3263, 4.907 ], [ 14.3195, 4.9033 ], [ 14.3173, 4.8917 ], [ 14.2878, 4.8906 ], [ 14.2552, 4.8954 ], [ 14.2605, 4.884 ], [ 14.2562, 4.881 ], [ 14.2555, 4.8714 ], [ 14.2599, 4.8696 ], [ 14.2543, 4.8629 ], [ 14.2563, 4.857 ], [ 14.2465, 4.8494 ], [ 14.2481, 4.8415 ], [ 14.2439, 4.8367 ], [ 14.2471, 4.8266 ], [ 14.2584, 4.8216 ], [ 14.2546, 4.8127 ], [ 14.2628, 4.8064 ], [ 14.2558, 4.7945 ], [ 14.2492, 4.7956 ], [ 14.2484, 4.7862 ], [ 14.2431, 4.7863 ], [ 14.2405, 4.7804 ], [ 14.2605, 4.7687 ], [ 14.2529, 4.7636 ], [ 14.2539, 4.7507 ], [ 14.248, 4.742 ], [ 14.2477, 4.7327 ], [ 14.2319, 4.6998 ], [ 14.2269, 4.6974 ], [ 14.22, 4.7001 ], [ 14.1923, 4.7001 ], [ 14.1786, 4.6926 ], [ 14.1708, 4.6943 ], [ 14.1517, 4.6912 ], [ 14.1247, 4.6462 ], [ 14.104, 4.6612 ], [ 14.0902, 4.6602 ], [ 14.0805, 4.6643 ], [ 14.0641, 4.6579 ], [ 14.0459, 4.6457 ], [ 13.9886, 4.6456 ], [ 13.9523, 4.6238 ], [ 13.95, 4.6123 ], [ 13.9535, 4.6073 ], [ 13.9524, 4.5925 ], [ 13.9552, 4.5864 ], [ 13.9444, 4.5584 ], [ 13.9437, 4.5382 ], [ 13.9486, 4.5198 ], [ 13.9404, 4.4938 ], [ 13.9435, 4.4676 ], [ 13.9532, 4.4569 ], [ 13.9618, 4.4321 ], [ 13.9798, 4.4106 ], [ 13.9968, 4.382 ], [ 13.8429, 4.3538 ], [ 13.7528, 4.3405 ], [ 13.7502, 4.3331 ], [ 13.6802, 4.2423 ], [ 13.676, 4.2414 ], [ 13.6461, 4.1787 ], [ 13.509, 4.0435 ], [ 13.5457, 3.9902 ], [ 13.5456, 3.985 ], [ 13.5332, 3.9702 ], [ 13.535, 3.9623 ], [ 13.5287, 3.9545 ], [ 13.514, 3.95 ], [ 13.5137, 3.9415 ], [ 13.5335, 3.9363 ], [ 13.5482, 3.9378 ], [ 13.5584, 3.9287 ], [ 13.5681, 3.9256 ], [ 13.5774, 3.9268 ], [ 13.5883, 3.9197 ], [ 13.608, 3.9197 ], [ 13.6244, 3.906 ], [ 13.6478, 3.9066 ], [ 13.6613, 3.8994 ], [ 13.6689, 3.8833 ], [ 13.6764, 3.8802 ], [ 13.6848, 3.8824 ], [ 13.7062, 3.8775 ], [ 13.7182, 3.8818 ], [ 13.7265, 3.8806 ], [ 13.7334, 3.8821 ], [ 13.7447, 3.8913 ], [ 13.7601, 3.8871 ], [ 13.779, 3.8731 ], [ 13.7836, 3.8641 ], [ 13.797, 3.858 ], [ 13.8121, 3.8332 ], [ 13.8449, 3.8286 ], [ 13.8563, 3.8302 ], [ 13.8675, 3.8173 ], [ 13.8742, 3.8193 ], [ 13.8886, 3.8086 ], [ 13.8982, 3.8087 ], [ 13.9184, 3.7854 ], [ 13.9245, 3.7847 ], [ 13.9327, 3.7322 ], [ 13.9386, 3.7215 ], [ 13.954, 3.7097 ], [ 13.9646, 3.7128 ], [ 13.9752, 3.6926 ], [ 13.9734, 3.6857 ], [ 13.9804, 3.6777 ], [ 13.9978, 3.6759 ], [ 14.0013, 3.6709 ], [ 14.0096, 3.681 ], [ 14.4185, 3.7369 ], [ 14.8141, 3.764 ], [ 14.8147, 3.7614 ], [ 14.821, 3.766 ], [ 14.8249, 3.7758 ], [ 14.8374, 3.7895 ], [ 14.8388, 3.7961 ], [ 14.8481, 3.8006 ], [ 14.8589, 3.8125 ], [ 14.8618, 3.824 ], [ 14.8695, 3.8311 ], [ 14.867, 3.8428 ], [ 14.8741, 3.8516 ], [ 14.8909, 3.861 ], [ 14.9043, 3.8914 ], [ 14.9196, 3.9012 ], [ 14.9379, 3.8972 ], [ 14.9681, 3.9005 ], [ 14.9759, 3.9113 ], [ 14.9929, 3.9147 ], [ 15.0348, 3.9519 ], [ 15.0365, 3.9653 ], [ 15.0462, 3.9752 ], [ 15.0485, 3.99 ], [ 15.0578, 4.0122 ], [ 15.0744, 4.0205 ] ] ] } },
{ "type": "Feature", "properties": { "iso3": "CMR", "unit_id": "13109269B52633489487593", "unit_name": "Lom-et-Djérem" }, "geometry": { "type": "Polygon", "coordinates": [ [ [ 12.8821, 6.0001 ], [ 12.875, 5.9938 ], [ 12.8772, 5.9559 ], [ 12.8708, 5.9004 ], [ 12.8798, 5.8908 ], [ 12.8862, 5.8665 ], [ 12.9, 5.865 ], [ 12.9134, 5.8492 ], [ 12.9326, 5.8124 ], [ 12.9513, 5.7894 ], [ 12.9504, 5.7739 ], [ 12.9561, 5.7604 ], [ 12.956, 5.7436 ], [ 12.9635, 5.7123 ], [ 12.9857, 5.7065 ], [ 12.9953, 5.7074 ], [ 12.9991, 5.7029 ], [ 13.0027, 5.6939 ], [ 13.0009, 5.6848 ], [ 13.0052, 5.6763 ], [ 13.0044, 5.6437 ], [ 13.0223, 5.6202 ], [ 13.0225, 5.6089 ], [ 13.0306, 5.6049 ], [ 13.0403, 5.5942 ], [ 13.0465, 5.5943 ], [ 13.0522, 5.5873 ], [ 13.0487, 5.5785 ], [ 13.0503, 5.5696 ], [ 13.0667, 5.5596 ], [ 13.0711, 5.5332 ], [ 13.0682, 5.5275 ], [ 13.0719, 5.5173 ], [ 13.0088, 5.4005 ], [ 12.9571, 5.3233 ], [ 12.9364, 5.3134 ], [ 12.9265, 5.3141 ], [ 12.906, 5.3267 ], [ 12.884, 5.3254 ], [ 12.8635, 5.3107 ], [ 12.8416, 5.3062 ], [ 12.8081, 5.2796 ], [ 12.9063, 5.2137 ], [ 13.0003, 5.126 ], [ 13.0298, 5.1078 ], [ 13.0488, 5.0814 ], [ 13.0582, 5.0737 ], [ 13.0607, 5.0651 ], [ 13.059, 5.0365 ], [ 13.0373, 4.9916 ], [ 13.028, 4.9849 ], [ 13.0299, 4.9801 ], [ 13.0145, 4.9583 ], [ 13.043, 4.952 ], [ 13.0553, 4.9448 ], [ 13.0639, 4.9314 ], [ 13.0988, 4.9265 ], [ 13.1193, 4.9314 ], [ 13.1434, 4.9256 ], [ 13.1522, 4.9275 ], [ 13.1639, 4.9231 ], [ 13.1705, 4.9161 ], [ 13.1839, 4.9182 ], [ 13.1898, 4.9157 ], [ 13.1903, 4.9015 ], [ 13.1985, 4.868 ], [ 13.1963, 4.8648 ], [ 13.2046, 4.866 ], [ 13.2068, 4.8602 ], [ 13.207, 4.8549 ], [ 13.1991, 4.8515 ], [ 13.1987, 4.8437 ], [ 13.2091, 4.8466 ], [ 13.2098, 4.8394 ], [ 13.2206, 4.8385 ], [ 13.2313, 4.8273 ], [ 13.2313, 4.823 ], [ 13.2402, 4.8189 ], [ 13.2376, 4.8129 ], [ 13.2411, 4.8048 ], [ 13.2368, 4.8008 ], [ 13.2427, 4.7894 ], [ 13.2331, 4.7863 ], [ 13.2343, 4.7839 ], [ 13.2301, 4.7818 ], [ 13.2363, 4.7786 ], [ 13.243, 4.7862 ], [ 13.2453, 4.7802 ], [ 13.2454, 4.775 ], [ 13.2352, 4.7687 ], [ 13.2371, 4.7602 ], [ 13.2313, 4.7632 ], [ 13.2301, 4.7674 ], [ 13.2222, 4.7581 ], [ 13.2246, 4.7515 ], [ 13.2209, 4.7481 ], [ 13.2245, 4.7402 ], [ 13.2216, 4.738 ], [ 13.2209, 4.7288 ], [ 13.2326, 4.718 ], [ 13.2335, 4.7095 ], [ 13.2314, 4.7059 ], [ 13.219, 4.7032 ], [ 13.218, 4.6987 ], [ 13.2198, 4.6938 ], [ 13.2275, 4.6903 ], [ 13.2269, 4.6849 ], [ 13.2232, 4.6839 ], [ 13.2215, 4.6728 ], [ 13.2279, 4.6515 ], [ 13.2209, 4.6402 ], [ 13.2194, 4.6279 ], [ 13.2101, 4.6039 ], [ 13.2128, 4.5764 ], [ 13.2071, 4.5635 ], [ 13.2121, 4.5504 ], [ 13.2542, 4.551 ], [ 13.2622, 4.5481 ], [ 13.4566, 4.5326 ], [ 13.4761, 4.5187 ], [ 13.4876, 4.5149 ], [ 13.4936, 4.507 ], [ 13.5255, 4.4958 ], [ 13.5372, 4.4808 ], [ 13.5672, 4.4848 ], [ 13.5852, 4.4763 ], [ 13.6063, 4.4531 ], [ 13.6182, 4.4517 ], [ 13.6247, 4.4458 ], [ 13.6598, 4.4293 ], [ 13.6767, 4.4142 ], [ 13.6807, 4.402 ], [ 13.6876, 4.3971 ], [ 13.6892, 4.3878 ], [ 13.7079, 4.3786 ], [ 13.7205, 4.3632 ], [ 13.7368, 4.356 ], [ 13.7528, 4.3405 ], [ 13.8429, 4.3538 ], [ 13.9968, 4.382 ], [ 13.9798, 4.4106 ], [ 13.9618, 4.4321 ], [ 13.9532, 4.4569 ], [ 13.9435, 4.4676 ], [ 13.9404, 4.4938 ], [ 13.9486, 4.5198 ], [ 13.9437, 4.5382 ], [ 13.9444, 4.5584 ], [ 13.9552, 4.5864 ], [ 13.9524, 4.5925 ], [ 13.9535, 4.6073 ], [ 13.95, 4.6123 ], [ 13.9523, 4.6238 ], [ 13.9886, 4.6456 ], [ 14.0459, 4.6457 ], [ 14.0641, 4.6579 ], [ 14.0805, 4.6643 ], [ 14.0902, 4.6602 ], [ 14.104, 4.6612 ], [ 14.1247, 4.6462 ], [ 14.1517, 4.6912 ], [ 14.1708, 4.6943 ], [ 14.1786, 4.6926 ], [ 14.1923, 4.7001 ], [ 14.22, 4.7001 ], [ 14.2269, 4.6974 ], [ 14.2319, 4.6998 ], [ 14.2477, 4.7327 ], [ 14.248, 4.742 ], [ 14.2539, 4.7507 ], [ 14.2529, 4.7636 ], [ 14.2605, 4.7687 ], [ 14.2405, 4.7804 ], [ 14.2431, 4.7863 ], [ 14.2484, 4.7862 ], [ 14.2492, 4.7956 ], [ 14.2558, 4.7945 ], [ 14.2628, 4.8064 ], [ 14.2546, 4.8127 ], [ 14.2584, 4.8216 ], [ 14.2471, 4.8266 ], [ 14.2439, 4.8367 ], [ 14.2481, 4.8415 ], [ 14.2465, 4.8494 ], [ 14.2563, 4.857 ], [ 14.2543, 4.8629 ], [ 14.2599, 4.8696 ], [ 14.2555, 4.8714 ], [ 14.2562, 4.881 ], [ 14.2605, 4.884 ], [ 14.2552, 4.8954 ], [ 14.2878, 4.8906 ], [ 14.3173, 4.8917 ], [ 14.3195, 4.9033 ], [ 14.3263, 4.907 ], [ 14.3233, 4.9127 ], [ 14.3275, 4.9132 ], [ 14.3329, 4.9396 ], [ 14.3391, 4.9526 ], [ 14.3419, 4.9503 ], [ 14.3521, 4.9637 ], [ 14.36, 4.9644 ], [ 14.3651, 4.9581 ], [ 14.3748, 4.9587 ], [ 14.379, 4.967 ], [ 14.382, 4.9689 ], [ 14.388, 4.9654 ], [ 14.3932, 4.9731 ], [ 14.3994, 4.9725 ], [ 14.4028, 4.9677 ], [ 14.4005, 4.9604 ], [ 14.4056, 4.9576 ], [ 14.4074, 4.9644 ], [ 14.4121, 4.9634 ], [ 14.4244, 4.9775 ], [ 14.4329, 4.9789 ], [ 14.4289, 4.9799 ], [ 14.4323, 4.99 ], [ 14.4355, 4.9913 ], [ 14.437, 4.9976 ], [ 14.4426, 4.9947 ], [ 14.4403, 5.0033 ], [ 14.4506, 4.998 ], [ 14.4484, 5.0062 ], [ 14.452, 5.0122 ], [ 14.4634, 5.0171 ], [ 14.4636, 5.0287 ], [ 14.474, 5.0316 ], [ 14.4762, 5.039 ], [ 14.4739, 5.0401 ], [ 14.4782, 5.0437 ], [ 14.4748, 5.0506 ], [ 14.487, 5.0576 ], [ 14.4913, 5.0555 ], [ 14.4916, 5.0594 ], [ 14.4983, 5.0552 ], [ 14.4994, 5.0639 ], [ 14.51, 5.0693 ], [ 14.5073, 5.0719 ], [ 14.5113, 5.0755 ], [ 14.5064, 5.0774 ], [ 14.5108, 5.0788 ], [ 14.5112, 5.084 ], [ 14.5077, 5.0859 ], [ 14.5075, 5.0928 ], [ 14.5, 5.0986 ], [ 14.506, 5.1051 ], [ 14.5037, 5.11 ], [ 14.501, 5.1093 ], [ 14.5028, 5.1165 ], [ 14.4969, 5.1212 ], [ 14.5047, 5.1221 ], [ 14.5019, 5.1315 ], [ 14.5, 5.1335 ], [ 14.4959, 5.1312 ], [ 14.4887, 5.1379 ], [ 14.4916, 5.1401 ], [ 14.4827, 5.1441 ], [ 14.4832, 5.157 ], [ 14.4849, 5.1598 ], [ 14.4884, 5.1588 ], [ 14.4845, 5.1705 ], [ 14.4889, 5.1734 ], [ 14.4897, 5.1715 ], [ 14.4914, 5.1761 ], [ 14.4851, 5.1878 ], [ 14.4798, 5.1883 ], [ 14.4732, 5.1946 ], [ 14.4753, 5.1969 ], [ 14.4694, 5.2047 ], [ 14.4626, 5.2034 ], [ 14.4594, 5.2118 ], [ 14.4649, 5.2182 ], [ 14.4588, 5.2252 ], [ 14.4647, 5.2282 ], [ 14.4664, 5.2402 ], [ 14.4609, 5.2461 ], [ 14.4573, 5.2453 ], [ 14.4627, 5.2494 ], [ 14.4615, 5.2542 ], [ 14.4643, 5.2561 ], [ 14.471, 5.256 ], [ 14.4834, 5.2644 ], [ 14.4844, 5.2622 ], [ 14.4866, 5.2645 ], [ 14.4978, 5.2628 ], [ 14.514, 5.2797 ], [ 14.5255, 5.2827 ], [ 14.5264, 5.2874 ], [ 14.5399, 5.3012 ], [ 14.5489, 5.3044 ], [ 14.5508, 5.3104 ], [ 14.5464, 5.3107 ], [ 14.5491, 5.3147 ], [ 14.5427, 5.3173 ], [ 14.5536, 5.3265 ], [ 14.5502, 5.3363 ], [ 14.5575, 5.3414 ], [ 14.5574, 5.3486 ], [ 14.563, 5.3552 ], [ 14.5606, 5.3671 ], [ 14.5721, 5.3825 ], [ 14.5716, 5.4035 ], [ 14.577, 5.4029 ], [ 14.5816, 5.4103 ], [ 14.5931, 5.4081 ], [ 14.5993, 5.4158 ], [ 14.5971, 5.433 ], [ 14.6053, 5.452 ], [ 14.5987, 5.46 ], [ 14.6026, 5.4655 ], [ 14.6069, 5.465 ], [ 14.6149, 5.479 ], [ 14.6178, 5.4794 ], [ 14.6128, 5.4899 ], [ 14.6299, 5.5119 ], [ 14.609, 5.5383 ], [ 14.6046, 5.5642 ], [ 14.5994, 5.5759 ], [ 14.591, 5.5837 ], [ 14.5898, 5.5954 ], [ 14.591, 5.6081 ], [ 14.6062, 5.643 ], [ 14.6066, 5.6593 ], [ 14.6265, 5.7109 ], [ 14.6223, 5.7412 ], [ 14.6238, 5.7599 ], [ 14.6207, 5.766 ], [ 14.6227, 5.7743 ], [ 14.6202, 5.7894 ], [ 14.6234, 5.8039 ], [ 14.6125, 5.855 ], [ 14.6188, 5.8769 ], [ 14.6189, 5.8913 ], [ 14.6073, 5.9146 ], [ 14.5992, 5.9232 ], [ 14.5871, 5.9231 ], [ 14.5739, 5.9122 ], [ 14.5633, 5.9108 ], [ 14.5558, 5.9047 ], [ 14.5489, 5.905 ], [ 14.5303, 5.9133 ], [ 14.4983, 5.9131 ], [ 14.485, 5.92 ], [ 14.4772, 5.9389 ], [ 14.4672, 5.9492 ], [ 14.4661, 5.9681 ], [ 14.4622, 5.9775 ], [ 14.4242, 6.0069 ], [ 14.4244, 6.0206 ], [ 14.4155, 6.0447 ], [ 14.4092, 6.0533 ], [ 14.3992, 6.056 ], [ 14.3989, 6.0612 ], [ 14.3954, 6.0607 ], [ 14.3868, 6.0796 ], [ 14.3783, 6.0884 ], [ 14.3669, 6.0932 ], [ 14.3699, 6.123 ], [ 14.3607, 6.1291 ], [ 14.3529, 6.0955 ], [ 14.3795, 6.0717 ], [ 14.3826, 6.0554 ], [ 14.3873, 6.0515 ], [ 14.3844, 6.0458 ], [ 14.3875, 6.0418 ], [ 14.3838, 6.0435 ], [ 14.3826, 6.0413 ], [ 14.3846, 6.0353 ], [ 14.3902, 6.0345 ], [ 14.3899, 6.029 ], [ 14.4063, 6.0163 ], [ 14.4006, 6.0133 ], [ 14.3954, 6.0165 ], [ 14.3822, 6.014 ], [ 14.3789, 6.0105 ], [ 14.3823, 5.9997 ], [ 13.9995, 6.0007 ], [ 14.0005, 6.0647 ], [ 13.9872, 6.0642 ], [ 13.9757, 6.0552 ], [ 13.9652, 6.0524 ], [ 13.9356, 6.0675 ], [ 13.9301, 6.0619 ], [ 13.9346, 6.057 ], [ 13.9325, 6.0539 ], [ 13.9242, 6.0561 ], [ 13.9197, 6.061 ], [ 13.9077, 6.0586 ], [ 13.8982, 6.061 ], [ 13.8855, 6.0533 ], [ 13.8777, 6.0427 ], [ 13.8605, 6.0411 ], [ 13.849, 6.0302 ], [ 13.8397, 6.0288 ], [ 13.8357, 6.0199 ], [ 13.8265, 6.015 ], [ 13.8291, 6.0011 ], [ 12.8821, 6.0001 ] ] ] } },
{ "type": "Feature", "properties": { "iso3": "CMR", "unit_id": "13109269B97842426530604", "unit_name": "Diamaré" }, "geometry": { "type": "Polygon", "coordinates": [ [ [ 14.0477, 10.1708 ], [ 14.0566, 10.2387 ], [ 14.0446, 10.2848 ], [ 14.0495, 10.3316 ], [ 14.0481, 10.3489 ], [ 14.0558, 10.3496 ], [ 14.0638, 10.355 ], [ 14.1311, 10.3606 ], [ 14.2351, 10.3933 ], [ 14.2475, 10.4199 ], [ 14.2673, 10.4335 ], [ 14.2827, 10.4902 ], [ 14.3872, 10.5343 ], [ 14.4134, 10.5418 ], [ 14.4199, 10.5489 ], [ 14.4254, 10.5481 ], [ 14.4351, 10.5564 ], [ 14.4435, 10.5552 ], [ 14.4529, 10.5483 ], [ 14.4521, 10.5449 ], [ 14.4604, 10.5371 ], [ 14.5002, 10.4804 ], [ 14.5446, 10.4658 ], [ 14.6975, 10.4731 ], [ 14.7333, 10.5235 ], [ 14.6899, 10.5475 ], [ 14.6871, 10.5809 ], [ 14.7857, 10.6573 ], [ 14.786, 10.824 ], [ 14.7968, 10.8861 ], [ 14.7913, 10.9254 ], [ 14.8069, 10.9475 ], [ 14.8071, 11.0005 ], [ 14.8019, 11.0307 ], [ 14.7843, 11.0307 ], [ 14.7646, 11.0478 ], [ 14.7268, 11.024 ], [ 14.7016, 11.0302 ], [ 14.5473, 11.1549 ], [ 14.4983, 11.1132 ], [ 14.4888, 11.1029 ], [ 14.4847, 11.0925 ], [ 14.4607, 11.0707 ], [ 14.4414, 11.0436 ], [ 14.4344, 11.0406 ], [ 14.4335, 11.0239 ], [ 14.4208, 11.0088 ], [ 14.4074, 11.0007 ], [ 14.3875, 10.996 ], [ 14.3681, 10.9838 ], [ 14.3665, 10.9727 ], [ 14.3578, 10.9651 ], [ 14.3539, 10.9664 ], [ 14.3457, 10.9542 ], [ 14.3376, 10.9555 ], [ 14.3231, 10.9507 ], [ 14.32, 10.9548 ], [ 14.3151, 10.9542 ], [ 14.3022, 10.936 ], [ 14.2979, 10.9381 ], [ 14.2917, 10.9342 ], [ 14.2855, 10.939 ], [ 14.282, 10.9301 ], [ 14.2741, 10.9289 ], [ 14.2662, 10.9216 ], [ 14.2525, 10.9023 ], [ 14.2481, 10.9022 ], [ 14.2408, 10.8728 ], [ 14.2319, 10.8693 ], [ 14.2233, 10.852 ], [ 14.2057, 10.8365 ], [ 14.1839, 10.8425 ], [ 14.1612, 10.8329 ], [ 14.1445, 10.818 ], [ 14.1323, 10.7953 ], [ 14.129, 10.7801 ], [ 14.0768, 10.7979 ], [ 14.065, 10.7963 ], [ 14.0729, 10.7725 ], [ 14.0635, 10.7578 ], [ 14.0565, 10.7532 ], [ 14.052, 10.7367 ], [ 14.0393, 10.7275 ], [ 14.0347, 10.7046 ], [ 14.0355, 10.6724 ], [ 14.0365, 10.6677 ], [ 14.0511, 10.661 ], [ 14.0686, 10.6468 ], [ 14.0705, 10.6301 ], [ 14.0558, 10.6047 ], [ 14.055, 10.597 ], [ 14.0621, 10.5911 ], [ 14.0561, 10.575 ], [ 14.0711, 10.5647 ], [ 14.0812, 10.5658 ], [ 14.0905, 10.561 ], [ 14.0828, 10.5503 ], [ 14.0741, 10.5275 ], [ 14.077, 10.5126 ], [ 14.0892, 10.5066 ], [ 14.0928, 10.489 ], [ 14.0838, 10.4805 ], [ 14.0679, 10.4845 ], [ 14.0585, 10.4795 ], [ 14.0428, 10.4582 ], [ 14.0001, 10.4621 ], [ 13.9899, 10.4566 ], [ 13.9821, 10.4449 ], [ 13.9904, 10.4203 ], [ 13.9807, 10.4071 ], [ 13.9767, 10.3884 ], [ 13.9782, 10.3672 ], [ 13.9635, 10.3344 ], [ 13.9505, 10.2856 ], [ 13.9492, 10.2586 ], [ 13.9521, 10.238 ], [ 13.9586, 10.2282 ], [ 13.962, 10.2256 ], [ 13.9703, 10.2269 ], [ 13.9772, 10.2219 ], [ 13.978, 10.2139 ], [ 13.9902, 10.2109 ], [ 13.9932, 10.206 ], [ 14.0051, 10.2005 ], [ 14.0082, 10.2015 ], [ 14.0102, 10.1932 ], [ 14.0001, 10.1837 ], [ 14.0122, 10.1701 ], [ 14.0477, 10.1708 ] ] ] } },
{ "type": "Feature", "properties": { "iso3": "CMR", "unit_id": "13109269B44241134691828", "unit_name": "Logone-et-Chari" }, "geometry": { "type": "Polygon", "coordinates": [ [ [ 14.8019, 11.0307 ], [ 14.8837, 11.0858 ], [ 14.9043, 11.0872 ], [ 14.9948, 11.0199 ], [ 15.0029, 11.0203 ], [ 14.997, 11.0137 ], [ 15.0049, 11.0076 ], [ 15.0125, 11.0116 ], [ 15.0151, 11.0105 ], [ 15.0137, 11.0038 ], [ 15.0228, 10.999 ], [ 15.0487, 10.9991 ], [ 15.0462, 11.0073 ], [ 15.0535, 11.0137 ], [ 15.0534, 11.0181 ], [ 15.046, 11.0223 ], [ 15.0455, 11.0286 ], [ 15.052, 11.0308 ], [ 15.0545, 11.0263 ], [ 15.0717, 11.0264 ], [ 15.0837, 11.0344 ], [ 15.0925, 11.033 ], [ 15.0976, 11.0455 ], [ 15.0946, 11.0641 ], [ 15.1012, 11.0684 ], [ 15.1016, 11.0774 ], [ 15.1107, 11.0881 ], [ 15.1091, 11.094 ], [ 15.0981, 11.1023 ], [ 15.0966, 11.11 ], [ 15.0991, 11.1441 ], [ 15.0952, 11.168 ], [ 15.0841, 11.1737 ], [ 15.0681, 11.202 ], [ 15.0582, 11.2312 ], [ 15.0671, 11.2412 ], [ 15.0664, 11.2495 ], [ 15.0601, 11.2711 ], [ 15.0485, 11.2806 ], [ 15.0548, 11.2857 ], [ 15.0602, 11.3037 ], [ 15.0733, 11.3206 ], [ 15.0739, 11.3267 ], [ 15.0493, 11.3455 ], [ 15.0516, 11.3516 ], [ 15.0691, 11.366 ], [ 15.0623, 11.3912 ], [ 15.0567, 11.3983 ], [ 15.062, 11.4047 ], [ 15.0584, 11.4121 ], [ 15.0598, 11.4169 ], [ 15.0686, 11.4245 ], [ 15.072, 11.4383 ], [ 15.078, 11.44 ], [ 15.0736, 11.4474 ], [ 15.0752, 11.45 ], [ 15.0815, 11.4497 ], [ 15.0913, 11.4706 ], [ 15.1005, 11.477 ], [ 15.1009, 11.4819 ], [ 15.0968, 11.4866 ], [ 15.0986, 11.4908 ], [ 15.107, 11.4902 ], [ 15.1101, 11.5038 ], [ 15.1333, 11.514 ], [ 15.1302, 11.5223 ], [ 15.1383, 11.5327 ], [ 15.1379, 11.5437 ], [ 15.1449, 11.5623 ], [ 15.1285, 11.5746 ], [ 15.0999, 11.5879 ], [ 15.0995, 11.6159 ], [ 15.0861, 11.6251 ], [ 15.0877, 11.6351 ], [ 15.0779, 11.6448 ], [ 15.0846, 11.6608 ], [ 15.0755, 11.6696 ], [ 15.0811, 11.6899 ], [ 15.0726, 11.696 ], [ 15.0715, 11.7032 ], [ 15.0645, 11.7109 ], [ 15.0663, 11.7205 ], [ 15.0774, 11.7346 ], [ 15.1039, 11.7291 ], [ 15.1055, 11.7311 ], [ 15.0998, 11.7455 ], [ 15.0913, 11.7528 ], [ 15.0841, 11.7544 ], [ 15.0801, 11.7659 ], [ 15.0938, 11.7768 ], [ 15.1143, 11.7802 ], [ 15.1228, 11.7909 ], [ 15.1178, 11.8005 ], [ 15.1052, 11.8054 ], [ 15.0972, 11.8158 ], [ 15.0985, 11.8287 ], [ 15.0941, 11.8499 ], [ 15.0896, 11.8545 ], [ 15.077, 11.8586 ], [ 15.0741, 11.8502 ], [ 15.0634, 11.8434 ], [ 15.0553, 11.8498 ], [ 15.0479, 11.8704 ], [ 15.0504, 11.8798 ], [ 15.0418, 11.8934 ], [ 15.0392, 11.9074 ], [ 15.0408, 11.913 ], [ 15.0549, 11.9186 ], [ 15.0612, 11.928 ], [ 15.0631, 11.9376 ], [ 15.0586, 11.9489 ], [ 15.0475, 11.9631 ], [ 15.0501, 11.9737 ], [ 15.0559, 11.9789 ], [ 15.0754, 11.9781 ], [ 15.0858, 11.9895 ], [ 15.0853, 12.0004 ], [ 15.0821, 12.0044 ], [ 15.0587, 12.0065 ], [ 15.0387, 12.0314 ], [ 15.0383, 12.0352 ], [ 15.0569, 12.0365 ], [ 15.0603, 12.06 ], [ 15.0502, 12.072 ], [ 15.0369, 12.0781 ], [ 15.0348, 12.0854 ], [ 15.0378, 12.1041 ], [ 15.0262, 12.1143 ], [ 15.0086, 12.1214 ], [ 15.0014, 12.1213 ], [ 14.9844, 12.1048 ], [ 14.968, 12.0966 ], [ 14.9617, 12.0968 ], [ 14.9509, 12.1016 ], [ 14.9228, 12.1286 ], [ 14.9105, 12.1469 ], [ 14.8853, 12.1652 ], [ 14.891, 12.1756 ], [ 14.9067, 12.1802 ], [ 14.9114, 12.1882 ], [ 14.9079, 12.1927 ], [ 14.8964, 12.1972 ], [ 14.8922, 12.206 ], [ 14.9033, 12.2281 ], [ 14.8921, 12.2513 ], [ 14.9032, 12.2677 ], [ 14.9058, 12.2826 ], [ 14.8933, 12.3074 ], [ 14.8944, 12.3128 ], [ 14.909, 12.3311 ], [ 14.8999, 12.3505 ], [ 14.9077, 12.3709 ], [ 14.9085, 12.3838 ], [ 14.9, 12.405 ], [ 14.8752, 12.4373 ], [ 14.8778, 12.4634 ], [ 14.8709, 12.4698 ], [ 14.8654, 12.4686 ], [ 14.8617, 12.4561 ], [ 14.8543, 12.4528 ], [ 14.8474, 12.4572 ], [ 14.8431, 12.4677 ], [ 14.8456, 12.4787 ], [ 14.8567, 12.4871 ], [ 14.8592, 12.4927 ], [ 14.8563, 12.5061 ], [ 14.8472, 12.5197 ], [ 14.8514, 12.5319 ], [ 14.8547, 12.5743 ], [ 14.8432, 12.5928 ], [ 14.8325, 12.6335 ], [ 14.8244, 12.64 ], [ 14.8062, 12.6356 ], [ 14.7961, 12.6404 ], [ 14.7809, 12.6324 ], [ 14.7722, 12.6347 ], [ 14.7627, 12.6467 ], [ 14.7598, 12.6671 ], [ 14.7615, 12.6781 ], [ 14.7457, 12.6887 ], [ 14.7345, 12.6851 ], [ 14.7298, 12.6647 ], [ 14.7206, 12.6577 ], [ 14.7118, 12.6589 ], [ 14.705, 12.6673 ], [ 14.7041, 12.6816 ], [ 14.7077, 12.6889 ], [ 14.7253, 12.7059 ], [ 14.7248, 12.7122 ], [ 14.718, 12.7222 ], [ 14.6943, 12.7285 ], [ 14.6788, 12.7223 ], [ 14.6611, 12.7234 ], [ 14.6543, 12.7256 ], [ 14.6368, 12.7419 ], [ 14.6161, 12.7434 ], [ 14.6147, 12.7467 ], [ 14.6215, 12.753 ], [ 14.6254, 12.766 ], [ 14.623, 12.7728 ], [ 14.6188, 12.7746 ], [ 14.6019, 12.7499 ], [ 14.5911, 12.7455 ], [ 14.5792, 12.7579 ], [ 14.5777, 12.7782 ], [ 14.5738, 12.7837 ], [ 14.5664, 12.7833 ], [ 14.5613, 12.7759 ], [ 14.5557, 12.7759 ], [ 14.5473, 12.7959 ], [ 14.5547, 12.8159 ], [ 14.5544, 12.8659 ], [ 14.5592, 12.8834 ], [ 14.5703, 12.8843 ], [ 14.572, 12.8876 ], [ 14.5638, 12.8934 ], [ 14.5646, 12.912 ], [ 14.5622, 12.9176 ], [ 14.5523, 12.9263 ], [ 14.5521, 12.9357 ], [ 14.5434, 12.9367 ], [ 14.5351, 12.9462 ], [ 14.5253, 12.9704 ], [ 14.4667, 13.0833 ], [ 14.0833, 13.0833 ], [ 14.2033, 12.5382 ], [ 14.2, 12.5014 ], [ 14.1925, 12.4995 ], [ 14.1883, 12.4822 ], [ 14.1762, 12.479 ], [ 14.1838, 12.4542 ], [ 14.1819, 12.4475 ], [ 14.1904, 12.4513 ], [ 14.197, 12.45 ], [ 14.1879, 12.4432 ], [ 14.1947, 12.4347 ], [ 14.1864, 12.4361 ], [ 14.1832, 12.4272 ], [ 14.1758, 12.4292 ], [ 14.1797, 12.4184 ], [ 14.1734, 12.411 ], [ 14.1895, 12.4048 ], [ 14.2017, 12.3843 ], [ 14.2222, 12.3742 ], [ 14.2223, 12.3643 ], [ 14.2283, 12.3624 ], [ 14.2786, 12.3713 ], [ 14.292, 12.3571 ], [ 14.2967, 12.3591 ], [ 14.2973, 12.3633 ], [ 14.2924, 12.3718 ], [ 14.2982, 12.3706 ], [ 14.303, 12.3604 ], [ 14.3087, 12.3594 ], [ 14.3138, 12.3607 ], [ 14.3269, 12.3747 ], [ 14.3514, 12.3637 ], [ 14.3657, 12.3651 ], [ 14.3764, 12.3596 ], [ 14.3837, 12.3597 ], [ 14.4009, 12.3674 ], [ 14.4193, 12.3612 ], [ 14.4309, 12.3704 ], [ 14.4428, 12.3642 ], [ 14.4431, 12.3516 ], [ 14.4458, 12.3498 ], [ 14.4642, 12.3604 ], [ 14.475, 12.3463 ], [ 14.4833, 12.3525 ], [ 14.4876, 12.3471 ], [ 14.4832, 12.3414 ], [ 14.4925, 12.3375 ], [ 14.4972, 12.3311 ], [ 14.5205, 12.3268 ], [ 14.5211, 12.3149 ], [ 14.5133, 12.3173 ], [ 14.5102, 12.3146 ], [ 14.5152, 12.3051 ], [ 14.5111, 12.2971 ], [ 14.5205, 12.2977 ], [ 14.5268, 12.2907 ], [ 14.5355, 12.2888 ], [ 14.5478, 12.2804 ], [ 14.5435, 12.2718 ], [ 14.5492, 12.2584 ], [ 14.5595, 12.2591 ], [ 14.5554, 12.2465 ], [ 14.5485, 12.2417 ], [ 14.5496, 12.2363 ], [ 14.5674, 12.2326 ], [ 14.5743, 12.227 ], [ 14.5941, 12.2278 ], [ 14.5961, 12.2225 ], [ 14.592, 12.2174 ], [ 14.6019, 12.2141 ], [ 14.609, 12.2008 ], [ 14.5989, 12.1982 ], [ 14.5976, 12.1946 ], [ 14.6147, 12.1923 ], [ 14.6135, 12.186 ], [ 14.6284, 12.1823 ], [ 14.6299, 12.1855 ], [ 14.626, 12.1898 ], [ 14.6305, 12.1941 ], [ 14.6388, 12.1913 ], [ 14.6419, 12.1978 ], [ 14.6484, 12.1942 ], [ 14.6593, 12.198 ], [ 14.6672, 12.1879 ], [ 14.6642, 12.1792 ], [ 14.6724, 12.1771 ], [ 14.6775, 12.1667 ], [ 14.6738, 12.1546 ], [ 14.6678, 12.1532 ], [ 14.6624, 12.1447 ], [ 14.6523, 12.1375 ], [ 14.6564, 12.1304 ], [ 14.6559, 12.1158 ], [ 14.651, 12.114 ], [ 14.6527, 12.1114 ], [ 14.6359, 12.0926 ], [ 14.6401, 12.0807 ], [ 14.6519, 12.0713 ], [ 14.6534, 12.0638 ], [ 14.6312, 12.0585 ], [ 14.6242, 12.0502 ], [ 14.6223, 12.0423 ], [ 14.6232, 12.0303 ], [ 14.6324, 12.0208 ], [ 14.633, 12.0004 ], [ 14.6387, 11.9844 ], [ 14.6444, 11.9724 ], [ 14.6525, 11.9686 ], [ 14.6564, 11.9623 ], [ 14.6538, 11.9554 ], [ 14.634, 11.9325 ], [ 14.6432, 11.9121 ], [ 14.6279, 11.904 ], [ 14.6193, 11.8832 ], [ 14.6047, 11.8695 ], [ 14.6074, 11.8624 ], [ 14.6158, 11.8564 ], [ 14.6058, 11.8374 ], [ 14.6111, 11.8196 ], [ 14.6055, 11.8066 ], [ 14.6085, 11.8043 ], [ 14.6068, 11.7965 ], [ 14.6122, 11.7868 ], [ 14.616, 11.7865 ], [ 14.6154, 11.7825 ], [ 14.599, 11.7608 ], [ 14.5856, 11.7554 ], [ 14.5868, 11.7454 ], [ 14.5768, 11.7435 ], [ 14.573, 11.7316 ], [ 14.5491, 11.7188 ], [ 14.5555, 11.7056 ], [ 14.5688, 11.7048 ], [ 14.5711, 11.7011 ], [ 14.5847, 11.6962 ], [ 14.6007, 11.6973 ], [ 14.6092, 11.6833 ], [ 14.6101, 11.676 ], [ 14.6226, 11.6705 ], [ 14.6273, 11.6592 ], [ 14.6389, 11.6552 ], [ 14.6439, 11.6499 ], [ 14.6443, 11.6288 ], [ 14.652, 11.6034 ], [ 14.6447, 11.5912 ], [ 14.647, 11.572 ], [ 14.6252, 11.5375 ], [ 14.6167, 11.5092 ], [ 14.6061, 11.5052 ], [ 14.5987, 11.4977 ], [ 14.5716, 11.4905 ], [ 14.5564, 11.4785 ], [ 14.5175, 11.4682 ], [ 14.4959, 11.4445 ], [ 14.4861, 11.4389 ], [ 14.4827, 11.4443 ], [ 14.4733, 11.4297 ], [ 14.4658, 11.4265 ], [ 14.4737, 11.3839 ], [ 14.4713, 11.3619 ], [ 14.4605, 11.3262 ], [ 14.4708, 11.2505 ], [ 14.4849, 11.229 ], [ 14.4824, 11.2114 ], [ 14.4845, 11.1925 ], [ 14.4797, 11.1702 ], [ 14.4809, 11.1435 ], [ 14.4877, 11.1285 ], [ 14.5009, 11.1141 ], [ 14.5473, 11.1549 ], [ 14.7016, 11.0302 ], [ 14.7268, 11.024 ], [ 14.7646, 11.0478 ], [ 14.7843, 11.0307 ], [ 14.8019, 11.0307 ] ] ] } },
{ "type": "Feature", "properties": { "iso3": "CMR", "unit_id": "13109269B69218285931850", "unit_name": "Mayo-Danay" }, "geometry": { "type": "Polygon", "coordinates": [ [ [ 14.7857, 10.6573 ], [ 14.811, 10.6415 ], [ 14.8133, 10.6085 ], [ 14.9838, 10.4099 ], [ 14.892, 10.3256 ], [ 14.8639, 10.3086 ], [ 14.888, 10.2617 ], [ 14.8968, 10.2597 ], [ 14.8943, 10.2487 ], [ 14.9301, 10.2178 ], [ 14.9286, 10.1991 ], [ 14.9172, 10.198 ], [ 14.9091, 10.1735 ], [ 14.8902, 10.1442 ], [ 14.8843, 10.074 ], [ 14.8811, 10.0659 ], [ 14.854, 10.0194 ], [ 14.8297, 9.9929 ], [ 14.8024, 9.9352 ], [ 14.9579, 9.9829 ], [ 15.0007, 9.9664 ], [ 15.0332, 9.9654 ], [ 15.06, 9.9457 ], [ 15.106, 9.9652 ], [ 15.1102, 9.984 ], [ 15.1483, 9.9943 ], [ 15.1793, 9.9866 ], [ 15.1992, 9.9908 ], [ 15.2097, 9.9909 ], [ 15.2153, 9.9854 ], [ 15.2481, 9.9895 ], [ 15.3646, 9.9589 ], [ 15.4139, 9.9335 ], [ 15.5233, 9.9518 ], [ 15.6885, 9.9929 ], [ 15.689, 9.9987 ], [ 15.6744, 10.0108 ], [ 15.6435, 10.0264 ], [ 15.6133, 10.0463 ], [ 15.592, 10.05 ], [ 15.5857, 10.0561 ], [ 15.5808, 10.0686 ], [ 15.563, 10.0673 ], [ 15.5365, 10.0943 ], [ 15.5168, 10.0994 ], [ 15.5091, 10.0964 ], [ 15.5044, 10.0982 ], [ 15.4802, 10.1227 ], [ 15.4761, 10.1365 ], [ 15.4567, 10.1638 ], [ 15.4485, 10.1867 ], [ 15.4396, 10.1982 ], [ 15.4128, 10.2148 ], [ 15.4016, 10.2318 ], [ 15.3978, 10.2442 ], [ 15.3846, 10.2489 ], [ 15.3505, 10.2916 ], [ 15.328, 10.3036 ], [ 15.3046, 10.3104 ], [ 15.3057, 10.33 ], [ 15.2918, 10.3399 ], [ 15.2828, 10.3666 ], [ 15.2811, 10.3892 ], [ 15.2744, 10.4127 ], [ 15.2481, 10.4455 ], [ 15.2385, 10.4748 ], [ 15.2171, 10.4946 ], [ 15.157, 10.5268 ], [ 15.145, 10.5417 ], [ 15.1427, 10.5871 ], [ 15.1597, 10.6137 ], [ 15.1601, 10.622 ], [ 15.1491, 10.6515 ], [ 15.1378, 10.6711 ], [ 15.1352, 10.6915 ], [ 15.0947, 10.7544 ], [ 15.0912, 10.7681 ], [ 15.078, 10.7878 ], [ 15.0676, 10.8203 ], [ 15.0725, 10.8311 ], [ 15.0732, 10.8463 ], [ 15.0945, 10.8708 ], [ 15.0875, 10.923 ], [ 15.0797, 10.9419 ], [ 15.0811, 10.9545 ], [ 15.0615, 10.9717 ], [ 15.0588, 10.9764 ], [ 15.0594, 10.9868 ], [ 15.0487, 10.9991 ], [ 15.0228, 10.999 ], [ 15.0137, 11.0038 ], [ 15.0151, 11.0105 ], [ 15.0125, 11.0116 ], [ 15.0049, 11.0076 ], [ 14.997, 11.0137 ], [ 15.0029, 11.0203 ], [ 14.9948, 11.0199 ], [ 14.9043, 11.0872 ], [ 14.8837, 11.0858 ], [ 14.8019, 11.0307 ], [ 14.8071, 11.0005 ], [ 14.8069, 10.9475 ], [ 14.7913, 10.9254 ], [ 14.7968, 10.8861 ], [ 14.786, 10.824 ], [ 14.7857, 10.6573 ] ] ] } },
{ "type": "Feature", "properties": { "iso3": "CMR", "unit_id": "13109269B27167375646103", "unit_name": "Mayo-Kani" }, "geometry": { "type": "Polygon", "coordinates": [ [ [ 14.0566, 10.2387 ], [ 14.047, 10.1583 ], [ 14.0568, 10.1495 ], [ 14.0573, 10.1394 ], [ 14.0647, 10.1275 ], [ 14.0632, 10.1246 ], [ 14.0674, 10.1237 ], [ 14.0686, 10.115 ], [ 14.0738, 10.109 ], [ 14.0794, 10.1072 ], [ 14.09, 10.1141 ], [ 14.0956, 10.1111 ], [ 14.1019, 10.1142 ], [ 14.1043, 10.1262 ], [ 14.216, 10.0883 ], [ 14.2263, 10.0722 ], [ 14.2121, 10.0621 ], [ 14.2062, 10.0495 ], [ 14.2042, 10.0033 ], [ 14.2304, 9.9998 ], [ 14.4634, 10.0022 ], [ 14.8024, 9.9352 ], [ 14.8297, 9.9929 ], [ 14.854, 10.0194 ], [ 14.8811, 10.0659 ], [ 14.8843, 10.074 ], [ 14.8902, 10.1442 ], [ 14.9091, 10.1735 ], [ 14.9172, 10.198 ], [ 14.9286, 10.1991 ], [ 14.9301, 10.2178 ], [ 14.8943, 10.2487 ], [ 14.8968, 10.2597 ], [ 14.888, 10.2617 ], [ 14.8639, 10.3086 ], [ 14.892, 10.3256 ], [ 14.9838, 10.4099 ], [ 14.8133, 10.6085 ], [ 14.811, 10.6415 ], [ 14.7857, 10.6573 ], [ 14.6871, 10.5809 ], [ 14.6899, 10.5475 ], [ 14.7333, 10.5235 ], [ 14.6975, 10.4731 ], [ 14.5446, 10.4658 ], [ 14.5002, 10.4804 ], [ 14.4604, 10.5371 ], [ 14.4521, 10.5449 ], [ 14.4529, 10.5483 ], [ 14.4435, 10.5552 ], [ 14.4351, 10.5564 ], [ 14.4254, 10.5481 ], [ 14.4199, 10.5489 ], [ 14.4134, 10.5418 ], [ 14.3872, 10.5343 ], [ 14.2827, 10.4902 ], [ 14.2673, 10.4335 ], [ 14.2475, 10.4199 ], [ 14.2351, 10.3933 ], [ 14.1311, 10.3606 ], [ 14.0638, 10.355 ], [ 14.0558, 10.3496 ], [ 14.0481, 10.3489 ], [ 14.0495, 10.3316 ], [ 14.0446, 10.2848 ], [ 14.0566, 10.2387 ] ] ] } },
{ "type": "Feature", "properties": { "iso3": "CMR", "unit_id": "13109269B66868503451037", "unit_name": "Mayo-Sava" }, "geometry": { "type": "Polygon", "coordinates": [ [ [ 14.5009, 11.1141 ], [ 14.4877, 11.1285 ], [ 14.4809, 11.1435 ], [ 14.4797, 11.1702 ], [ 14.4845, 11.1925 ], [ 14.4824, 11.2114 ], [ 14.4849, 11.229 ], [ 14.4708, 11.2505 ], [ 14.4627, 11.2956 ], [ 14.4634, 11.3141 ], [ 14.4605, 11.3262 ], [ 14.4713, 11.3619 ], [ 14.4737, 11.3839 ], [ 14.4658, 11.4265 ], [ 14.4491, 11.4208 ], [ 14.4324, 11.4223 ], [ 14.4189, 11.4048 ], [ 14.3958, 11.3848 ], [ 14.339, 11.3416 ], [ 14.2738, 11.3067 ], [ 14.2391, 11.2962 ], [ 14.23, 11.2763 ], [ 14.2174, 11.2607 ], [ 14.2024, 11.256 ], [ 14.1957, 11.2452 ], [ 14.1863, 11.2408 ], [ 14.17, 11.2417 ], [ 14.1616, 11.2475 ], [ 14.1557, 11.2421 ], [ 14.1441, 11.2516 ], [ 14.1164, 11.2582 ], [ 14.1151, 11.2637 ], [ 14.1077, 11.2667 ], [ 14.1068, 11.271 ], [ 14.0979, 11.2778 ], [ 14.0877, 11.2715 ], [ 14.0867, 11.2678 ], [ 14.0734, 11.271 ], [ 14.0716, 11.2786 ], [ 14.0495, 11.2841 ], [ 14.0155, 11.298 ], [ 14.0069, 11.3061 ], [ 14.0055, 11.3035 ], [ 13.9991, 11.3077 ], [ 13.9927, 11.3067 ], [ 13.991, 11.3103 ], [ 13.9885, 11.3082 ], [ 13.9832, 11.3116 ], [ 13.9771, 11.3095 ], [ 13.9772, 11.3118 ], [ 13.9657, 11.3 ], [ 13.9646, 11.2734 ], [ 13.9534, 11.2573 ], [ 13.9514, 11.2443 ], [ 13.9436, 11.2371 ], [ 13.9448, 11.229 ], [ 13.937, 11.22 ], [ 13.9343, 11.2064 ], [ 13.9258, 11.1973 ], [ 13.9162, 11.1945 ], [ 13.9116, 11.1868 ], [ 13.913, 11.1807 ], [ 13.908, 11.1681 ], [ 13.9003, 11.1615 ], [ 13.8986, 11.1634 ], [ 13.8882, 11.159 ], [ 13.8793, 11.1508 ], [ 13.8754, 11.1414 ], [ 13.8937, 11.1319 ], [ 13.9005, 11.1248 ], [ 13.9158, 11.1202 ], [ 13.9365, 11.108 ], [ 13.949, 11.0815 ], [ 13.9596, 11.0692 ], [ 13.9638, 11.0591 ], [ 13.9569, 11.0503 ], [ 13.9551, 11.0413 ], [ 13.9781, 10.9694 ], [ 13.9866, 10.9176 ], [ 13.9971, 10.8959 ], [ 14.0212, 10.8847 ], [ 14.0166, 10.8547 ], [ 14.0173, 10.8358 ], [ 14.0553, 10.7967 ], [ 14.0768, 10.7979 ], [ 14.1268, 10.7797 ], [ 14.1445, 10.818 ], [ 14.1612, 10.8329 ], [ 14.1839, 10.8425 ], [ 14.2057, 10.8365 ], [ 14.2233, 10.852 ], [ 14.2319, 10.8693 ], [ 14.2408, 10.8728 ], [ 14.2481, 10.9022 ], [ 14.2525, 10.9023 ], [ 14.2741, 10.9289 ], [ 14.282, 10.9301 ], [ 14.2855, 10.939 ], [ 14.2917, 10.9342 ], [ 14.2979, 10.9381 ], [ 14.3022, 10.936 ], [ 14.3151, 10.9542 ], [ 14.32, 10.9548 ], [ 14.3231, 10.9507 ], [ 14.3376, 10.9555 ], [ 14.3457, 10.9542 ], [ 14.3539, 10.9664 ], [ 14.3578, 10.9651 ], [ 14.3665, 10.9727 ], [ 14.3681, 10.9838 ], [ 14.3875, 10.996 ], [ 14.4074, 11.0007 ], [ 14.4208, 11.0088 ], [ 14.4335, 11.0239 ], [ 14.4344, 11.0406 ], [ 14.4414, 11.0436 ], [ 14.4607, 11.0707 ], [ 14.4847, 11.0925 ], [ 14.4888, 11.1029 ], [ 14.5009, 11.1141 ] ] ] } },
{ "type": "Feature", "properties": { "iso3": "CMR", "unit_id": "13109269B65165626065254", "unit_name": "Mayo-Tsanaga" }, "geometry": { "type": "Polygon", "coordinates": [ [ [ 14.065, 10.7963 ], [ 14.0553, 10.7967 ], [ 14.0486, 10.8013 ], [ 14.0173, 10.8358 ], [ 14.0166, 10.8547 ], [ 14.0212, 10.8847 ], [ 13.9971, 10.8959 ], [ 13.9866, 10.9176 ], [ 13.9781, 10.9694 ], [ 13.9551, 11.0413 ], [ 13.9569, 11.0503 ], [ 13.9638, 11.0591 ], [ 13.9596, 11.0692 ], [ 13.949, 11.0815 ], [ 13.9365, 11.108 ], [ 13.8802, 11.1369 ], [ 13.8808, 11.1339 ], [ 13.8679, 11.1225 ], [ 13.8649, 11.1144 ], [ 13.859, 11.1117 ], [ 13.8618, 11.1065 ], [ 13.857, 11.1018 ], [ 13.8599, 11.095 ], [ 13.8533, 11.094 ], [ 13.8517, 11.0893 ], [ 13.8468, 11.0898 ], [ 13.8456, 11.0853 ], [ 13.8395, 11.0862 ], [ 13.8386, 11.0794 ], [ 13.8303, 11.0791 ], [ 13.8255, 11.0653 ], [ 13.8189, 11.0683 ], [ 13.8157, 11.066 ], [ 13.8125, 11.0489 ], [ 13.8068, 11.036 ], [ 13.8002, 11.03 ], [ 13.802, 11.0273 ], [ 13.7956, 11.0184 ], [ 13.7987, 11.0136 ], [ 13.7924, 11.0043 ], [ 13.7613, 11.0017 ], [ 13.7355, 11.0061 ], [ 13.7314, 11.0 ], [ 13.7324, 10.9828 ], [ 13.7297, 10.9772 ], [ 13.7238, 10.9663 ], [ 13.7123, 10.9643 ], [ 13.7104, 10.9599 ], [ 13.7117, 10.9426 ], [ 13.7302, 10.9237 ], [ 13.7252, 10.9032 ], [ 13.7205, 10.8983 ], [ 13.7168, 10.8631 ], [ 13.7035, 10.8584 ], [ 13.7005, 10.8474 ], [ 13.6838, 10.8473 ], [ 13.6751, 10.8334 ], [ 13.6723, 10.8144 ], [ 13.6659, 10.8121 ], [ 13.6538, 10.8156 ], [ 13.6505, 10.8129 ], [ 13.6384, 10.787 ], [ 13.6485, 10.7863 ], [ 13.6488, 10.783 ], [ 13.6563, 10.7802 ], [ 13.6558, 10.7765 ], [ 13.6455, 10.7686 ], [ 13.6479, 10.7585 ], [ 13.6428, 10.7466 ], [ 13.6411, 10.7491 ], [ 13.636, 10.7448 ], [ 13.6326, 10.7474 ], [ 13.6279, 10.726 ], [ 13.6224, 10.7221 ], [ 13.6271, 10.7168 ], [ 13.6267, 10.7115 ], [ 13.6037, 10.6985 ], [ 13.5883, 10.6978 ], [ 13.5806, 10.681 ], [ 13.5888, 10.6689 ], [ 13.5736, 10.6505 ], [ 13.5746, 10.6348 ], [ 13.5638, 10.6237 ], [ 13.5485, 10.6157 ], [ 13.5472, 10.6124 ], [ 13.5562, 10.5961 ], [ 13.5555, 10.5918 ], [ 13.567, 10.5827 ], [ 13.5677, 10.5755 ], [ 13.5617, 10.5668 ], [ 13.56, 10.554 ], [ 13.5786, 10.5368 ], [ 13.5407, 10.4757 ], [ 13.5306, 10.4685 ], [ 13.5308, 10.4575 ], [ 13.5403, 10.4471 ], [ 13.5358, 10.4283 ], [ 13.5373, 10.4191 ], [ 13.5325, 10.4157 ], [ 13.5261, 10.4008 ], [ 13.4967, 10.3895 ], [ 13.5, 10.3341 ], [ 13.4812, 10.3325 ], [ 13.4786, 10.3288 ], [ 13.4848, 10.3255 ], [ 13.4897, 10.314 ], [ 13.4909, 10.295 ], [ 13.471, 10.2654 ], [ 13.4659, 10.2459 ], [ 13.4675, 10.2356 ], [ 13.4757, 10.2242 ], [ 13.4836, 10.1962 ], [ 13.4824, 10.1931 ], [ 13.4738, 10.1929 ], [ 13.4701, 10.1891 ], [ 13.4661, 10.1698 ], [ 13.4699, 10.1608 ], [ 13.4404, 10.1449 ], [ 13.4368, 10.1324 ], [ 13.4309, 10.1283 ], [ 13.4122, 10.1215 ], [ 13.4237, 10.1059 ], [ 13.4271, 10.0813 ], [ 13.4693, 10.082 ], [ 13.4995, 10.0911 ], [ 13.5429, 10.0951 ], [ 13.5504, 10.0988 ], [ 13.5538, 10.0983 ], [ 13.5524, 10.0835 ], [ 13.5597, 10.0818 ], [ 13.565, 10.0842 ], [ 13.5676, 10.0954 ], [ 13.5867, 10.121 ], [ 13.6111, 10.1252 ], [ 13.6149, 10.1293 ], [ 13.6239, 10.1281 ], [ 13.6303, 10.1225 ], [ 13.6361, 10.1229 ], [ 13.6936, 10.1372 ], [ 13.6944, 10.1445 ], [ 13.6544, 10.1569 ], [ 13.6435, 10.1647 ], [ 13.6297, 10.1649 ], [ 13.5984, 10.1761 ], [ 13.5674, 10.1917 ], [ 13.5643, 10.1958 ], [ 13.5649, 10.2133 ], [ 13.5712, 10.2289 ], [ 13.5788, 10.2348 ], [ 13.5901, 10.2573 ], [ 13.6166, 10.2476 ], [ 13.6485, 10.2298 ], [ 13.6644, 10.2252 ], [ 13.6731, 10.2319 ], [ 13.6778, 10.2512 ], [ 13.6944, 10.259 ], [ 13.7067, 10.2595 ], [ 13.7373, 10.2445 ], [ 13.7477, 10.2442 ], [ 13.7553, 10.2478 ], [ 13.765, 10.2412 ], [ 13.7761, 10.2402 ], [ 13.7985, 10.2481 ], [ 13.8242, 10.2448 ], [ 13.84, 10.2368 ], [ 13.863, 10.2403 ], [ 13.877, 10.2384 ], [ 13.908, 10.2258 ], [ 13.962, 10.2256 ], [ 13.9521, 10.238 ], [ 13.9492, 10.2586 ], [ 13.9505, 10.2856 ], [ 13.9635, 10.3344 ], [ 13.9782, 10.3672 ], [ 13.9767, 10.3884 ], [ 13.9807, 10.4071 ], [ 13.9904, 10.4203 ], [ 13.9821, 10.4449 ], [ 13.9899, 10.4566 ], [ 14.0001, 10.4621 ], [ 14.0428, 10.4582 ], [ 14.0585, 10.4795 ], [ 14.0679, 10.4845 ], [ 14.0838, 10.4805 ], [ 14.0928, 10.489 ], [ 14.0892, 10.5066 ], [ 14.077, 10.5126 ], [ 14.0741, 10.5275 ], [ 14.0828, 10.5503 ], [ 14.0905, 10.561 ], [ 14.0812, 10.5658 ], [ 14.0711, 10.5647 ], [ 14.0561, 10.575 ], [ 14.0621, 10.5911 ], [ 14.055, 10.597 ], [ 14.0558, 10.6047 ], [ 14.0705, 10.6301 ], [ 14.0686, 10.6468 ], [ 14.0511, 10.661 ], [ 14.0365, 10.6677 ], [ 14.0355, 10.6724 ], [ 14.0347, 10.7046 ], [ 14.0393, 10.7275 ], [ 14.052, 10.7367 ], [ 14.0565, 10.7532 ], [ 14.0635, 10.7578 ], [ 14.0729, 10.7725 ], [ 14.065, 10.7963 ] ] ] } },
{ "type": "Feature", "properties": { "iso3": "CMR", "unit_id": "13109269B52902173546063", "unit_name": "Moungo" }, "geometry": { "type": "Polygon", "coordinates": [ [ [ 9.5065, 4.0732 ], [ 9.5172, 4.0778 ], [ 9.5255, 4.0712 ], [ 9.5297, 4.0717 ], [ 9.56, 4.0846 ], [ 9.5708, 4.0786 ], [ 9.5695, 4.0708 ], [ 9.5725, 4.0658 ], [ 9.5866, 4.0669 ], [ 9.5871, 4.082 ], [ 9.5918, 4.0823 ], [ 9.5929, 4.0871 ], [ 9.5974, 4.0853 ], [ 9.5996, 4.0895 ], [ 9.6001, 4.0923 ], [ 9.5949, 4.092 ], [ 9.5926, 4.0966 ], [ 9.595, 4.1091 ], [ 9.6015, 4.1077 ], [ 9.6044, 4.1188 ], [ 9.6186, 4.12 ], [ 9.6313, 4.1364 ], [ 9.6401, 4.1362 ], [ 9.6501, 4.1215 ], [ 9.6544, 4.1196 ], [ 9.6763, 4.1193 ], [ 9.7128, 4.1288 ], [ 9.719, 4.1434 ], [ 9.7253, 4.1496 ], [ 9.7376, 4.1531 ], [ 9.7454, 4.1484 ], [ 9.7549, 4.1528 ], [ 9.751, 4.1714 ], [ 9.7549, 4.1824 ], [ 9.7654, 4.196 ], [ 9.7677, 4.2078 ], [ 9.761, 4.2207 ], [ 9.7824, 4.256 ], [ 9.7887, 4.2799 ], [ 9.8024, 4.4445 ], [ 9.786, 4.4493 ], [ 9.7752, 4.4413 ], [ 9.7653, 4.4448 ], [ 9.7637, 4.4546 ], [ 9.7727, 4.4718 ], [ 9.7788, 4.4763 ], [ 9.7752, 4.4855 ], [ 9.7712, 4.4872 ], [ 9.7734, 4.4913 ], [ 9.77, 4.4963 ], [ 9.778, 4.5052 ], [ 9.7757, 4.5153 ], [ 9.7718, 4.5158 ], [ 9.7645, 4.5308 ], [ 9.7639, 4.5421 ], [ 9.7561, 4.5555 ], [ 9.757, 4.5646 ], [ 9.7608, 4.5677 ], [ 9.7588, 4.6107 ], [ 9.7953, 4.6466 ], [ 9.8142, 4.65 ], [ 9.8201, 4.664 ], [ 9.8269, 4.67 ], [ 9.8364, 4.673 ], [ 9.8933, 4.7076 ], [ 9.8996, 4.708 ], [ 9.9305, 4.6888 ], [ 9.9206, 4.6767 ], [ 9.9207, 4.6633 ], [ 9.9418, 4.6662 ], [ 9.9478, 4.6691 ], [ 9.9517, 4.6805 ], [ 9.9593, 4.6854 ], [ 9.9604, 4.6937 ], [ 9.9689, 4.7003 ], [ 9.976, 4.7229 ], [ 9.9881, 4.7382 ], [ 10.004, 4.7195 ], [ 10.021, 4.7362 ], [ 10.0324, 4.7399 ], [ 10.0632, 4.7741 ], [ 10.0571, 4.7773 ], [ 10.0543, 4.7864 ], [ 10.0475, 4.789 ], [ 10.0514, 4.8026 ], [ 10.0433, 4.8094 ], [ 10.0504, 4.8347 ], [ 10.0587, 4.8417 ], [ 10.0654, 4.8647 ], [ 10.0893, 4.8872 ], [ 10.0958, 4.9054 ], [ 10.1034, 4.9158 ], [ 10.1014, 4.9238 ], [ 10.1093, 4.9433 ], [ 10.1046, 4.9469 ], [ 10.1091, 4.9512 ], [ 10.1075, 4.9585 ], [ 10.0952, 4.9627 ], [ 10.085, 4.9779 ], [ 10.0739, 4.9871 ], [ 10.0708, 5.0059 ], [ 10.0644, 5.0184 ], [ 10.0692, 5.0212 ], [ 10.069, 5.0285 ], [ 10.0729, 5.0321 ], [ 10.0718, 5.0473 ], [ 10.0575, 5.0546 ], [ 10.048, 5.0508 ], [ 10.0385, 5.0609 ], [ 10.0276, 5.0646 ], [ 10.0198, 5.0637 ], [ 10.0165, 5.0682 ], [ 10.0104, 5.0662 ], [ 10.0063, 5.0693 ], [ 10.0103, 5.081 ], [ 10.0033, 5.0949 ], [ 10.0047, 5.099 ], [ 10.001, 5.1022 ], [ 10.0013, 5.1156 ], [ 9.9923, 5.1221 ], [ 9.991, 5.135 ], [ 9.9951, 5.1356 ], [ 9.9963, 5.1417 ], [ 10.0042, 5.1449 ], [ 10.0075, 5.1505 ], [ 10.0014, 5.1613 ], [ 10.0053, 5.1631 ], [ 10.0012, 5.1645 ], [ 10.0051, 5.1681 ], [ 10.0011, 5.1688 ], [ 10.0082, 5.1746 ], [ 10.0052, 5.1787 ], [ 10.0091, 5.1853 ], [ 10.0066, 5.1927 ], [ 10.0022, 5.1919 ], [ 10.0044, 5.2038 ], [ 9.9952, 5.2139 ], [ 9.9945, 5.2185 ], [ 9.9922, 5.2178 ], [ 9.9941, 5.2212 ], [ 9.9912, 5.2216 ], [ 9.9912, 5.2252 ], [ 9.994, 5.2268 ], [ 9.9843, 5.2289 ], [ 9.9829, 5.2362 ], [ 9.9702, 5.2444 ], [ 9.9564, 5.2442 ], [ 9.9427, 5.2527 ], [ 9.9227, 5.2505 ], [ 9.934, 5.2776 ], [ 9.9228, 5.2725 ], [ 9.9124, 5.2777 ], [ 9.9066, 5.2764 ], [ 9.898, 5.2715 ], [ 9.8897, 5.2575 ], [ 9.8803, 5.2502 ], [ 9.8502, 5.2542 ], [ 9.8352, 5.2643 ], [ 9.8316, 5.2743 ], [ 9.8324, 5.2848 ], [ 9.8382, 5.3011 ], [ 9.8485, 5.3086 ], [ 9.8523, 5.3257 ], [ 9.8479, 5.3323 ], [ 9.8391, 5.335 ], [ 9.8233, 5.3298 ], [ 9.8292, 5.2908 ], [ 9.8002, 5.2903 ], [ 9.7841, 5.2849 ], [ 9.7777, 5.2798 ], [ 9.7688, 5.2633 ], [ 9.7602, 5.2642 ], [ 9.7399, 5.275 ], [ 9.7361, 5.2453 ], [ 9.745, 5.24 ], [ 9.7657, 5.209 ], [ 9.7689, 5.1944 ], [ 9.7671, 5.1851 ], [ 9.7732, 5.176 ], [ 9.7713, 5.1593 ], [ 9.7748, 5.1453 ], [ 9.7903, 5.1449 ], [ 9.8007, 5.1401 ], [ 9.7997, 5.1361 ], [ 9.8041, 5.128 ], [ 9.8037, 5.1112 ], [ 9.8111, 5.0999 ], [ 9.815, 5.0801 ], [ 9.8234, 5.0723 ], [ 9.8304, 5.0596 ], [ 9.8536, 5.0506 ], [ 9.8651, 5.0292 ], [ 9.8546, 5.0184 ], [ 9.8408, 5.0204 ], [ 9.828, 5.0145 ], [ 9.8208, 5.0159 ], [ 9.8128, 5.0247 ], [ 9.8088, 5.025 ], [ 9.7869, 5.0151 ], [ 9.7734, 5.0033 ], [ 9.7731, 4.9831 ], [ 9.7661, 4.9627 ], [ 9.7671, 4.9565 ], [ 9.7542, 4.9404 ], [ 9.7596, 4.9338 ], [ 9.7563, 4.9259 ], [ 9.7589, 4.9208 ], [ 9.7661, 4.9179 ], [ 9.7831, 4.9211 ], [ 9.7883, 4.9174 ], [ 9.7814, 4.8978 ], [ 9.7644, 4.8881 ], [ 9.7652, 4.8783 ], [ 9.7734, 4.8791 ], [ 9.7763, 4.8746 ], [ 9.7667, 4.8693 ], [ 9.7565, 4.8691 ], [ 9.746, 4.8605 ], [ 9.7447, 4.8569 ], [ 9.7505, 4.8506 ], [ 9.7515, 4.8446 ], [ 9.7455, 4.8368 ], [ 9.7305, 4.8231 ], [ 9.72, 4.8218 ], [ 9.7055, 4.809 ], [ 9.7072, 4.7978 ], [ 9.6926, 4.7226 ], [ 9.6347, 4.6669 ], [ 9.6392, 4.6607 ], [ 9.6392, 4.6547 ], [ 9.6484, 4.6524 ], [ 9.645, 4.6395 ], [ 9.6356, 4.6363 ], [ 9.6328, 4.629 ], [ 9.6003, 4.6206 ], [ 9.5781, 4.6184 ], [ 9.5705, 4.6081 ], [ 9.5635, 4.6061 ], [ 9.5592, 4.5992 ], [ 9.5525, 4.5958 ], [ 9.55, 4.5884 ], [ 9.5412, 4.5907 ], [ 9.5416, 4.5828 ], [ 9.5362, 4.5785 ], [ 9.5357, 4.5628 ], [ 9.5303, 4.5609 ], [ 9.5227, 4.5471 ], [ 9.5116, 4.5434 ], [ 9.5122, 4.5202 ], [ 9.5064, 4.5183 ], [ 9.5015, 4.5211 ], [ 9.5085, 4.5242 ], [ 9.5064, 4.532 ], [ 9.4934, 4.5257 ], [ 9.4995, 4.5194 ], [ 9.5005, 4.5129 ], [ 9.4898, 4.5066 ], [ 9.4888, 4.5017 ], [ 9.4986, 4.497 ], [ 9.5013, 4.4913 ], [ 9.4951, 4.4849 ], [ 9.4891, 4.4846 ], [ 9.4914, 4.4769 ], [ 9.485, 4.4697 ], [ 9.4923, 4.4606 ], [ 9.4948, 4.4207 ], [ 9.5083, 4.4162 ], [ 9.5127, 4.4027 ], [ 9.5, 4.4127 ], [ 9.4945, 4.3891 ], [ 9.4843, 4.3852 ], [ 9.4816, 4.3806 ], [ 9.4757, 4.3814 ], [ 9.4782, 4.3653 ], [ 9.4723, 4.3638 ], [ 9.4627, 4.3542 ], [ 9.4635, 4.3474 ], [ 9.4525, 4.3487 ], [ 9.4579, 4.3415 ], [ 9.4515, 4.3384 ], [ 9.4547, 4.334 ], [ 9.4563, 4.3175 ], [ 9.4515, 4.3154 ], [ 9.4516, 4.3091 ], [ 9.442, 4.3094 ], [ 9.4428, 4.304 ], [ 9.4344, 4.3017 ], [ 9.4372, 4.2937 ], [ 9.4298, 4.2953 ], [ 9.427, 4.2785 ], [ 9.4219, 4.2722 ], [ 9.4209, 4.2486 ], [ 9.4256, 4.2371 ], [ 9.4234, 4.2345 ], [ 9.4166, 4.2361 ], [ 9.4169, 4.2276 ], [ 9.4127, 4.2267 ], [ 9.4109, 4.2223 ], [ 9.4183, 4.2026 ], [ 9.4301, 4.2099 ], [ 9.4481, 4.2064 ], [ 9.4555, 4.1953 ], [ 9.4523, 4.1906 ], [ 9.4594, 4.1909 ], [ 9.4642, 4.1875 ], [ 9.4842, 4.1992 ], [ 9.4914, 4.194 ], [ 9.4999, 4.2016 ], [ 9.5102, 4.1951 ], [ 9.5193, 4.2119 ], [ 9.527, 4.2095 ], [ 9.5298, 4.1943 ], [ 9.5256, 4.1863 ], [ 9.5278, 4.1638 ], [ 9.5401, 4.1591 ], [ 9.5377, 4.1523 ], [ 9.5471, 4.1462 ], [ 9.5451, 4.1319 ], [ 9.5553, 4.1197 ], [ 9.5508, 4.1045 ], [ 9.5458, 4.1071 ], [ 9.5413, 4.1021 ], [ 9.529, 4.1044 ], [ 9.524, 4.0946 ], [ 9.5102, 4.0847 ], [ 9.5065, 4.0732 ] ] ] } },
{ "type": "Feature", "properties": { "iso3": "CMR", "unit_id": "13109269B55833036682907", "unit_name": "Nkam" }, "geometry": { "type": "Polygon", "coordinates": [ [ [ 10.4261, 4.8028 ], [ 10.4036, 4.8603 ], [ 10.4137, 4.8857 ], [ 10.412, 4.8901 ], [ 10.4069, 4.8914 ], [ 10.4298, 4.9233 ], [ 10.4495, 4.9595 ], [ 10.4409, 4.9604 ], [ 10.4322, 4.9317 ], [ 10.4213, 4.9187 ], [ 10.425, 4.9413 ], [ 10.4122, 4.9606 ], [ 10.4204, 4.9724 ], [ 10.4165, 4.9822 ], [ 10.4186, 5.0062 ], [ 10.4158, 5.0113 ], [ 10.3996, 5.0138 ], [ 10.3965, 5.0183 ], [ 10.3907, 5.015 ], [ 10.3675, 5.0179 ], [ 10.3708, 5.0377 ], [ 10.367, 5.0434 ], [ 10.3712, 5.0552 ], [ 10.3728, 5.0779 ], [ 10.3656, 5.0878 ], [ 10.3376, 5.0923 ], [ 10.3165, 5.1005 ], [ 10.3042, 5.0859 ], [ 10.2986, 5.0715 ], [ 10.2842, 5.0617 ], [ 10.285, 5.0573 ], [ 10.2799, 5.063 ], [ 10.2665, 5.067 ], [ 10.2412, 5.1053 ], [ 10.2333, 5.1075 ], [ 10.1984, 5.0792 ], [ 10.2051, 5.0696 ], [ 10.224, 5.0541 ], [ 10.2273, 5.0396 ], [ 10.2058, 5.0151 ], [ 10.1949, 5.0089 ], [ 10.1917, 4.9986 ], [ 10.1715, 4.99 ], [ 10.1624, 4.9766 ], [ 10.1475, 4.976 ], [ 10.1543, 4.9695 ], [ 10.1531, 4.9576 ], [ 10.1581, 4.9531 ], [ 10.1584, 4.9481 ], [ 10.1538, 4.9418 ], [ 10.1496, 4.921 ], [ 10.1453, 4.9181 ], [ 10.1362, 4.9244 ], [ 10.1286, 4.9213 ], [ 10.1304, 4.9284 ], [ 10.1247, 4.9283 ], [ 10.1201, 4.9322 ], [ 10.1147, 4.9293 ], [ 10.1132, 4.9351 ], [ 10.1073, 4.9373 ], [ 10.1014, 4.9238 ], [ 10.1034, 4.9158 ], [ 10.0958, 4.9054 ], [ 10.0893, 4.8872 ], [ 10.0654, 4.8647 ], [ 10.0642, 4.8541 ], [ 10.0587, 4.8417 ], [ 10.0504, 4.8347 ], [ 10.0433, 4.8094 ], [ 10.0514, 4.8026 ], [ 10.0475, 4.789 ], [ 10.0543, 4.7864 ], [ 10.0571, 4.7773 ], [ 10.0632, 4.7741 ], [ 10.0437, 4.7513 ], [ 10.0324, 4.7399 ], [ 10.021, 4.7362 ], [ 10.004, 4.7195 ], [ 9.9881, 4.7382 ], [ 9.976, 4.7229 ], [ 9.9689, 4.7003 ], [ 9.9604, 4.6937 ], [ 9.9593, 4.6854 ], [ 9.9517, 4.6805 ], [ 9.9478, 4.6691 ], [ 9.9207, 4.6633 ], [ 9.9206, 4.6767 ], [ 9.9305, 4.6888 ], [ 9.8996, 4.708 ], [ 9.8933, 4.7076 ], [ 9.8364, 4.673 ], [ 9.8269, 4.67 ], [ 9.8201, 4.664 ], [ 9.8142, 4.65 ], [ 9.7953, 4.6466 ], [ 9.7588, 4.6107 ], [ 9.7608, 4.5677 ], [ 9.757, 4.5646 ], [ 9.7561, 4.5555 ], [ 9.7639, 4.5421 ], [ 9.7645, 4.5308 ], [ 9.7718, 4.5158 ], [ 9.7757, 4.5153 ], [ 9.778, 4.5052 ], [ 9.77, 4.4963 ], [ 9.7734, 4.4913 ], [ 9.7712, 4.4872 ], [ 9.7752, 4.4855 ], [ 9.7788, 4.4763 ], [ 9.7727, 4.4718 ], [ 9.7637, 4.4546 ], [ 9.7653, 4.4448 ], [ 9.7752, 4.4413 ], [ 9.786, 4.4493 ], [ 9.8024, 4.4445 ], [ 9.7868, 4.2691 ], [ 9.7824, 4.256 ], [ 9.7632, 4.2246 ], [ 9.7813, 4.2207 ], [ 9.7923, 4.2228 ], [ 9.85, 4.1631 ], [ 9.8631, 4.1561 ], [ 9.8637, 4.1465 ], [ 9.8601, 4.14 ], [ 9.8526, 4.1373 ], [ 9.8488, 4.1282 ], [ 9.8364, 4.1245 ], [ 9.8274, 4.1137 ], [ 9.838, 4.104 ], [ 9.8358, 4.0873 ], [ 9.8382, 4.0774 ], [ 9.8461, 4.0748 ], [ 9.846, 4.0667 ], [ 9.8673, 4.0706 ], [ 9.879, 4.082 ], [ 9.8925, 4.0817 ], [ 9.9109, 4.0909 ], [ 9.9276, 4.0814 ], [ 9.9454, 4.0897 ], [ 9.9632, 4.0787 ], [ 9.9913, 4.093 ], [ 10.0044, 4.0837 ], [ 10.0168, 4.0894 ], [ 10.0295, 4.084 ], [ 10.0364, 4.0864 ], [ 10.0412, 4.0841 ], [ 10.0447, 4.0915 ], [ 10.0645, 4.0806 ], [ 10.0712, 4.0835 ], [ 10.0647, 4.0921 ], [ 10.0729, 4.0986 ], [ 10.0685, 4.1066 ], [ 10.0723, 4.1125 ], [ 10.0851, 4.1156 ], [ 10.0873, 4.1222 ], [ 10.1079, 4.1292 ], [ 10.1215, 4.1237 ], [ 10.1253, 4.1237 ], [ 10.1304, 4.1296 ], [ 10.1416, 4.1281 ], [ 10.1563, 4.1165 ], [ 10.1572, 4.1091 ], [ 10.1914, 4.11 ], [ 10.2035, 4.1061 ], [ 10.2087, 4.1097 ], [ 10.2231, 4.1069 ], [ 10.23, 4.11 ], [ 10.2312, 4.1151 ], [ 10.2665, 4.102 ], [ 10.2646, 4.0982 ], [ 10.2737, 4.094 ], [ 10.2762, 4.0879 ], [ 10.2809, 4.0958 ], [ 10.2819, 4.1082 ], [ 10.2907, 4.1004 ], [ 10.2899, 4.1116 ], [ 10.2924, 4.1157 ], [ 10.298, 4.1113 ], [ 10.3005, 4.1133 ], [ 10.3051, 4.1077 ], [ 10.3115, 4.1179 ], [ 10.3164, 4.1044 ], [ 10.3214, 4.1083 ], [ 10.3241, 4.1051 ], [ 10.3286, 4.1174 ], [ 10.3489, 4.1365 ], [ 10.3677, 4.1484 ], [ 10.3704, 4.154 ], [ 10.3591, 4.1675 ], [ 10.3596, 4.1978 ], [ 10.3633, 4.2065 ], [ 10.3791, 4.218 ], [ 10.3812, 4.2269 ], [ 10.3998, 4.2519 ], [ 10.4099, 4.2771 ], [ 10.4201, 4.2865 ], [ 10.427, 4.3185 ], [ 10.4382, 4.3478 ], [ 10.4487, 4.3566 ], [ 10.4481, 4.3423 ], [ 10.4522, 4.3406 ], [ 10.46, 4.3595 ], [ 10.4831, 4.3691 ], [ 10.5097, 4.3633 ], [ 10.5299, 4.3664 ], [ 10.5262, 4.4055 ], [ 10.5336, 4.4218 ], [ 10.5463, 4.4209 ], [ 10.5514, 4.431 ], [ 10.5635, 4.4297 ], [ 10.5716, 4.4249 ], [ 10.5825, 4.4268 ], [ 10.5904, 4.4213 ], [ 10.6044, 4.4237 ], [ 10.6159, 4.4294 ], [ 10.637, 4.4532 ], [ 10.6457, 4.4505 ], [ 10.6526, 4.4546 ], [ 10.6522, 4.4592 ], [ 10.638, 4.4606 ], [ 10.6365, 4.4655 ], [ 10.6165, 4.4671 ], [ 10.6162, 4.4748 ], [ 10.6028, 4.4649 ], [ 10.5998, 4.475 ], [ 10.595, 4.4724 ], [ 10.5911, 4.4636 ], [ 10.5827, 4.4612 ], [ 10.5749, 4.4544 ], [ 10.5591, 4.454 ], [ 10.5425, 4.4604 ], [ 10.5348, 4.4554 ], [ 10.5202, 4.4567 ], [ 10.5172, 4.4537 ], [ 10.5076, 4.4668 ], [ 10.4874, 4.4615 ], [ 10.482, 4.4487 ], [ 10.4783, 4.4473 ], [ 10.4733, 4.4576 ], [ 10.4657, 4.4631 ], [ 10.4731, 4.4768 ], [ 10.4697, 4.4827 ], [ 10.4577, 4.4849 ], [ 10.4509, 4.4894 ], [ 10.4386, 4.489 ], [ 10.4316, 4.4764 ], [ 10.4234, 4.4739 ], [ 10.3949, 4.4763 ], [ 10.3886, 4.4836 ], [ 10.3863, 4.5 ], [ 10.3788, 4.5023 ], [ 10.3862, 4.5484 ], [ 10.3893, 4.5489 ], [ 10.3911, 4.5582 ], [ 10.3998, 4.5693 ], [ 10.4009, 4.5781 ], [ 10.4079, 4.5822 ], [ 10.4172, 4.5978 ], [ 10.4181, 4.6078 ], [ 10.4341, 4.6169 ], [ 10.4573, 4.6493 ], [ 10.4657, 4.6444 ], [ 10.4703, 4.6479 ], [ 10.4751, 4.6661 ], [ 10.4727, 4.6736 ], [ 10.4829, 4.6814 ], [ 10.4807, 4.6871 ], [ 10.4933, 4.6926 ], [ 10.492, 4.7044 ], [ 10.4969, 4.7093 ], [ 10.494, 4.7235 ], [ 10.4811, 4.7384 ], [ 10.4719, 4.7462 ], [ 10.4622, 4.7472 ], [ 10.4438, 4.7699 ], [ 10.4384, 4.7703 ], [ 10.4276, 4.7819 ], [ 10.4187, 4.7864 ], [ 10.4233, 4.796 ], [ 10.4214, 4.8018 ], [ 10.4261, 4.8028 ] ] ] } },
{ "type": "Feature", "properties": { "iso3": "CMR", "unit_id": "13109269B2087124602501", "unit_name": "Sanaga-Maritime" }, "geometry": { "type": "Polygon", "coordinates": [ [ [ 10.6419, 4.4618 ], [ 10.6522, 4.4592 ], [ 10.6504, 4.4521 ], [ 10.637, 4.4532 ], [ 10.6159, 4.4294 ], [ 10.6044, 4.4237 ], [ 10.5904, 4.4213 ], [ 10.5825, 4.4268 ], [ 10.5716, 4.4249 ], [ 10.5635, 4.4297 ], [ 10.5514, 4.431 ], [ 10.5463, 4.4209 ], [ 10.5336, 4.4218 ], [ 10.5262, 4.4055 ], [ 10.5299, 4.3664 ], [ 10.5097, 4.3633 ], [ 10.4831, 4.3691 ], [ 10.46, 4.3595 ], [ 10.4522, 4.3406 ], [ 10.4481, 4.3423 ], [ 10.4487, 4.3566 ], [ 10.4382, 4.3478 ], [ 10.427, 4.3185 ], [ 10.4201, 4.2865 ], [ 10.4099, 4.2771 ], [ 10.3998, 4.2519 ], [ 10.3812, 4.2269 ], [ 10.3791, 4.218 ], [ 10.3633, 4.2065 ], [ 10.3596, 4.1978 ], [ 10.3591, 4.1675 ], [ 10.3704, 4.154 ], [ 10.3677, 4.1484 ], [ 10.3489, 4.1365 ], [ 10.3286, 4.1174 ], [ 10.3241, 4.1051 ], [ 10.3214, 4.1083 ], [ 10.3164, 4.1044 ], [ 10.3115, 4.1179 ], [ 10.3051, 4.1077 ], [ 10.3005, 4.1133 ], [ 10.298, 4.1113 ], [ 10.2924, 4.1157 ], [ 10.2899, 4.1116 ], [ 10.2907, 4.1004 ], [ 10.2819, 4.1082 ], [ 10.2809, 4.0958 ], [ 10.2762, 4.0879 ], [ 10.2737, 4.094 ], [ 10.2646, 4.0982 ], [ 10.2665, 4.102 ], [ 10.2312, 4.1151 ], [ 10.23, 4.11 ], [ 10.2231, 4.1069 ], [ 10.2087, 4.1097 ], [ 10.2035, 4.1061 ], [ 10.1914, 4.11 ], [ 10.1572, 4.1091 ], [ 10.1563, 4.1165 ], [ 10.1416, 4.1281 ], [ 10.1304, 4.1296 ], [ 10.1253, 4.1237 ], [ 10.1215, 4.1237 ], [ 10.1079, 4.1292 ], [ 10.0873, 4.1222 ], [ 10.0851, 4.1156 ], [ 10.0723, 4.1125 ], [ 10.0685, 4.1066 ], [ 10.0729, 4.0986 ], [ 10.0647, 4.0921 ], [ 10.0712, 4.0835 ], [ 10.0645, 4.0806 ], [ 10.0447, 4.0915 ], [ 10.0412, 4.0841 ], [ 10.0364, 4.0864 ], [ 10.0295, 4.084 ], [ 10.0168, 4.0894 ], [ 10.0044, 4.0837 ], [ 9.9913, 4.093 ], [ 9.9632, 4.0787 ], [ 9.9454, 4.0897 ], [ 9.9276, 4.0814 ], [ 9.9109, 4.0909 ], [ 9.8925, 4.0817 ], [ 9.879, 4.082 ], [ 9.8673, 4.0706 ], [ 9.846, 4.0667 ], [ 9.8237, 4.052 ], [ 9.8205, 4.0457 ], [ 9.842, 4.0329 ], [ 9.8454, 4.0032 ], [ 9.8624, 3.9924 ], [ 9.8632, 3.9608 ], [ 9.851, 3.9474 ], [ 9.8361, 3.9402 ], [ 9.8233, 3.9471 ], [ 9.7978, 3.9507 ], [ 9.7818, 3.9619 ], [ 9.7721, 3.9624 ], [ 9.753, 3.9406 ], [ 9.7259, 3.9387 ], [ 9.7009, 3.9274 ], [ 9.6715, 3.9253 ], [ 9.6598, 3.9134 ], [ 9.6736, 3.858 ], [ 9.699, 3.7968 ], [ 9.7012, 3.7702 ], [ 9.6927, 3.7542 ], [ 9.6733, 3.7429 ], [ 9.6158, 3.7503 ], [ 9.5863, 3.798 ], [ 9.5687, 3.8005 ], [ 9.5503, 3.8185 ], [ 9.5402, 3.8204 ], [ 9.5365, 3.8266 ], [ 9.5391, 3.8203 ], [ 9.5569, 3.8035 ], [ 9.5869, 3.7584 ], [ 9.6279, 3.6869 ], [ 9.6518, 3.6381 ], [ 9.6514, 3.6207 ], [ 9.6401, 3.595 ], [ 9.6376, 3.5929 ], [ 9.6375, 3.5983 ], [ 9.6368, 3.5908 ], [ 9.635, 3.5919 ], [ 9.6365, 3.5879 ], [ 9.6401, 3.5878 ], [ 9.6391, 3.5819 ], [ 9.6294, 3.5612 ], [ 9.6414, 3.5508 ], [ 9.642, 3.5453 ], [ 9.6477, 3.5404 ], [ 9.7319, 3.4795 ], [ 9.7868, 3.4269 ], [ 9.8822, 3.3197 ], [ 9.8983, 3.2923 ], [ 9.9001, 3.2823 ], [ 9.8948, 3.2802 ], [ 9.9004, 3.2663 ], [ 9.9079, 3.2575 ], [ 9.9378, 3.2587 ], [ 9.9428, 3.265 ], [ 9.9685, 3.2811 ], [ 9.9785, 3.3008 ], [ 9.9953, 3.3078 ], [ 10.0128, 3.3232 ], [ 10.0356, 3.3341 ], [ 10.0423, 3.3462 ], [ 10.0489, 3.3697 ], [ 10.0567, 3.3757 ], [ 10.058, 3.3808 ], [ 10.0509, 3.3963 ], [ 10.0573, 3.4041 ], [ 10.0665, 3.4088 ], [ 10.0748, 3.4208 ], [ 10.0676, 3.4382 ], [ 10.0703, 3.4672 ], [ 10.0662, 3.49 ], [ 10.0749, 3.4954 ], [ 10.0835, 3.4946 ], [ 10.1012, 3.5397 ], [ 10.1014, 3.5471 ], [ 10.1113, 3.5472 ], [ 10.1125, 3.5662 ], [ 10.1185, 3.5775 ], [ 10.1294, 3.5699 ], [ 10.1472, 3.5738 ], [ 10.1524, 3.5646 ], [ 10.1575, 3.5635 ], [ 10.1594, 3.5718 ], [ 10.1724, 3.5788 ], [ 10.1855, 3.5933 ], [ 10.1943, 3.5922 ], [ 10.2006, 3.5867 ], [ 10.1998, 3.5576 ], [ 10.2145, 3.5544 ], [ 10.2255, 3.5443 ], [ 10.2324, 3.5443 ], [ 10.2264, 3.5312 ], [ 10.232, 3.5142 ], [ 10.2702, 3.5149 ], [ 10.2842, 3.5241 ], [ 10.2973, 3.5496 ], [ 10.3192, 3.5634 ], [ 10.3229, 3.5618 ], [ 10.3269, 3.5695 ], [ 10.3252, 3.5887 ], [ 10.3308, 3.5896 ], [ 10.3276, 3.5951 ], [ 10.3311, 3.5987 ], [ 10.3312, 3.6057 ], [ 10.3362, 3.608 ], [ 10.3346, 3.6137 ], [ 10.3379, 3.6194 ], [ 10.3346, 3.6253 ], [ 10.343, 3.6381 ], [ 10.3403, 3.6489 ], [ 10.3436, 3.6512 ], [ 10.3535, 3.6495 ], [ 10.3543, 3.6575 ], [ 10.3755, 3.6932 ], [ 10.3711, 3.699 ], [ 10.3703, 3.7073 ], [ 10.3728, 3.7099 ], [ 10.3703, 3.7116 ], [ 10.3715, 3.716 ], [ 10.3689, 3.7186 ], [ 10.3668, 3.7168 ], [ 10.3657, 3.7277 ], [ 10.3707, 3.7372 ], [ 10.3796, 3.7766 ], [ 10.3866, 3.7825 ], [ 10.3871, 3.7849 ], [ 10.379, 3.7862 ], [ 10.3845, 3.7951 ], [ 10.388, 3.7941 ], [ 10.3889, 3.7897 ], [ 10.3965, 3.7977 ], [ 10.3949, 3.8022 ], [ 10.3985, 3.8055 ], [ 10.4028, 3.8021 ], [ 10.4057, 3.805 ], [ 10.4049, 3.8107 ], [ 10.4085, 3.8095 ], [ 10.4147, 3.8156 ], [ 10.4248, 3.8123 ], [ 10.4309, 3.8187 ], [ 10.4381, 3.8163 ], [ 10.4435, 3.8188 ], [ 10.4431, 3.8226 ], [ 10.458, 3.8253 ], [ 10.4624, 3.8214 ], [ 10.467, 3.8253 ], [ 10.4698, 3.8196 ], [ 10.4648, 3.8165 ], [ 10.4711, 3.8122 ], [ 10.4777, 3.8095 ], [ 10.4805, 3.8136 ], [ 10.4848, 3.8112 ], [ 10.4887, 3.8169 ], [ 10.492, 3.8054 ], [ 10.5027, 3.8077 ], [ 10.5046, 3.7922 ], [ 10.5098, 3.7869 ], [ 10.5129, 3.7999 ], [ 10.5207, 3.793 ], [ 10.5246, 3.797 ], [ 10.5286, 3.7874 ], [ 10.5355, 3.7905 ], [ 10.5351, 3.7867 ], [ 10.5408, 3.7842 ], [ 10.5408, 3.7808 ], [ 10.5472, 3.7794 ], [ 10.5498, 3.7699 ], [ 10.5613, 3.7683 ], [ 10.5749, 3.758 ], [ 10.5803, 3.7578 ], [ 10.5701, 3.7519 ], [ 10.5753, 3.7416 ], [ 10.5836, 3.7458 ], [ 10.5851, 3.7393 ], [ 10.592, 3.7359 ], [ 10.5889, 3.728 ], [ 10.5985, 3.7359 ], [ 10.6035, 3.733 ], [ 10.604, 3.7274 ], [ 10.6067, 3.7276 ], [ 10.6071, 3.7326 ], [ 10.6106, 3.7341 ], [ 10.6081, 3.7439 ], [ 10.61, 3.7475 ], [ 10.6144, 3.7462 ], [ 10.619, 3.7599 ], [ 10.6243, 3.7645 ], [ 10.6222, 3.7821 ], [ 10.6272, 3.7829 ], [ 10.6316, 3.7903 ], [ 10.6473, 3.7888 ], [ 10.6435, 3.7968 ], [ 10.6483, 3.7976 ], [ 10.6515, 3.788 ], [ 10.6554, 3.792 ], [ 10.6454, 3.8036 ], [ 10.6448, 3.8237 ], [ 10.6547, 3.8376 ], [ 10.6596, 3.8319 ], [ 10.6643, 3.8381 ], [ 10.6673, 3.8361 ], [ 10.6675, 3.8472 ], [ 10.6631, 3.8496 ], [ 10.6653, 3.853 ], [ 10.6619, 3.875 ], [ 10.6558, 3.8818 ], [ 10.656, 3.8919 ], [ 10.6513, 3.8934 ], [ 10.646, 3.9174 ], [ 10.6417, 3.9207 ], [ 10.6477, 3.9313 ], [ 10.6448, 3.9466 ], [ 10.646, 3.968 ], [ 10.6683, 3.9841 ], [ 10.6929, 3.9879 ], [ 10.6944, 3.9994 ], [ 10.6987, 4.003 ], [ 10.6955, 4.0128 ], [ 10.7025, 4.0222 ], [ 10.7014, 4.0282 ], [ 10.6918, 4.0331 ], [ 10.7118, 4.0599 ], [ 10.7169, 4.0573 ], [ 10.7288, 4.0603 ], [ 10.7569, 4.0713 ], [ 10.7779, 4.0906 ], [ 10.8009, 4.0915 ], [ 10.8144, 4.0954 ], [ 10.8268, 4.0924 ], [ 10.8377, 4.1011 ], [ 10.8426, 4.1149 ], [ 10.8848, 4.1227 ], [ 10.9185, 4.122 ], [ 10.9569, 4.1375 ], [ 10.9756, 4.1394 ], [ 10.9835, 4.1445 ], [ 10.9868, 4.1527 ], [ 11.0516, 4.1861 ], [ 11.0759, 4.2128 ], [ 11.0719, 4.2217 ], [ 11.0775, 4.2269 ], [ 11.0771, 4.2343 ], [ 11.0612, 4.2458 ], [ 11.0558, 4.2447 ], [ 11.043, 4.2504 ], [ 11.0365, 4.258 ], [ 11.0405, 4.2608 ], [ 11.0407, 4.2687 ], [ 11.0354, 4.2685 ], [ 11.0183, 4.2852 ], [ 11.0177, 4.2957 ], [ 11.0125, 4.3049 ], [ 11.0009, 4.3057 ], [ 10.9968, 4.314 ], [ 10.9898, 4.3148 ], [ 10.9855, 4.3197 ], [ 10.9862, 4.326 ], [ 10.9759, 4.3314 ], [ 10.9727, 4.3384 ], [ 10.9759, 4.3586 ], [ 10.9704, 4.3656 ], [ 10.9693, 4.3754 ], [ 10.9465, 4.3797 ], [ 10.9476, 4.3824 ], [ 10.9403, 4.3888 ], [ 10.9394, 4.4011 ], [ 10.935, 4.4068 ], [ 10.9412, 4.4151 ], [ 10.9263, 4.4326 ], [ 10.9176, 4.4333 ], [ 10.912, 4.4373 ], [ 10.9001, 4.4571 ], [ 10.9006, 4.4626 ], [ 10.8921, 4.4681 ], [ 10.8927, 4.4873 ], [ 10.8883, 4.4996 ], [ 10.9005, 4.5031 ], [ 10.9112, 4.5184 ], [ 10.912, 4.5575 ], [ 10.9231, 4.5898 ], [ 10.922, 4.6063 ], [ 10.8901, 4.6074 ], [ 10.877, 4.581 ], [ 10.8312, 4.6118 ], [ 10.8134, 4.6125 ], [ 10.7846, 4.6083 ], [ 10.7799, 4.5993 ], [ 10.7833, 4.5869 ], [ 10.7787, 4.5719 ], [ 10.7811, 4.5524 ], [ 10.7766, 4.5457 ], [ 10.7815, 4.5373 ], [ 10.7766, 4.5295 ], [ 10.7861, 4.5108 ], [ 10.7764, 4.4974 ], [ 10.7478, 4.4968 ], [ 10.7438, 4.4921 ], [ 10.7374, 4.492 ], [ 10.7232, 4.5026 ], [ 10.7278, 4.5112 ], [ 10.7259, 4.5222 ], [ 10.7215, 4.5242 ], [ 10.697, 4.5217 ], [ 10.698, 4.5052 ], [ 10.6944, 4.4999 ], [ 10.6936, 4.4861 ], [ 10.6855, 4.4845 ], [ 10.6832, 4.4933 ], [ 10.68, 4.4938 ], [ 10.6765, 4.4811 ], [ 10.6624, 4.4704 ], [ 10.6568, 4.4712 ], [ 10.6419, 4.4618 ] ] ] } },
{ "type": "Feature", "properties": { "iso3": "CMR", "unit_id": "13109269B2704956575193", "unit_name": "Wouri" }, "geometry": { "type": "MultiPolygon", "coordinates": [ [ [ [ 9.6809, 3.838 ], [ 9.666, 3.8375 ], [ 9.6602, 3.8346 ], [ 9.6626, 3.8388 ], [ 9.6594, 3.8461 ], [ 9.6466, 3.8508 ], [ 9.6478, 3.8539 ], [ 9.6439, 3.8574 ], [ 9.6236, 3.8687 ], [ 9.6131, 3.8644 ], [ 9.5989, 3.8335 ], [ 9.6019, 3.8256 ], [ 9.5985, 3.8082 ], [ 9.5863, 3.798 ], [ 9.6158, 3.7503 ], [ 9.6733, 3.7429 ], [ 9.6927, 3.7542 ], [ 9.7012, 3.7702 ], [ 9.699, 3.7968 ], [ 9.6874, 3.8287 ], [ 9.6809, 3.838 ] ] ], [ [ [ 9.5065, 4.0732 ], [ 9.507, 4.0608 ], [ 9.5003, 4.0517 ], [ 9.491, 4.0523 ], [ 9.4769, 4.0622 ], [ 9.4676, 4.0574 ], [ 9.4615, 4.0606 ], [ 9.4548, 4.0592 ], [ 9.451, 4.0233 ], [ 9.4346, 4.0233 ], [ 9.411, 3.9958 ], [ 9.402, 3.9909 ], [ 9.4047, 3.9722 ], [ 9.3939, 3.9622 ], [ 9.3945, 3.9509 ], [ 9.3871, 3.9475 ], [ 9.3846, 3.9403 ], [ 9.3873, 3.936 ], [ 9.3801, 3.9192 ], [ 9.3621, 3.9139 ], [ 9.3549, 3.9078 ], [ 9.3395, 3.9185 ], [ 9.3362, 3.917 ], [ 9.3654, 3.8993 ], [ 9.4158, 3.8856 ], [ 9.4345, 3.8912 ], [ 9.4696, 3.9081 ], [ 9.4722, 3.9106 ], [ 9.4603, 3.921 ], [ 9.4409, 3.922 ], [ 9.4418, 3.9288 ], [ 9.4465, 3.9322 ], [ 9.4474, 3.9477 ], [ 9.4536, 3.9517 ], [ 9.459, 3.9644 ], [ 9.4894, 3.9745 ], [ 9.4948, 3.9723 ], [ 9.5006, 3.9643 ], [ 9.5269, 3.9619 ], [ 9.5263, 3.9663 ], [ 9.5324, 3.9745 ], [ 9.5303, 3.9914 ], [ 9.5246, 3.996 ], [ 9.5272, 3.9972 ], [ 9.5273, 4.0071 ], [ 9.5227, 4.013 ], [ 9.5211, 4.0251 ], [ 9.5242, 4.0324 ], [ 9.5284, 4.0316 ], [ 9.5294, 4.0262 ], [ 9.5401, 4.0259 ], [ 9.5391, 4.0196 ], [ 9.5493, 4.0154 ], [ 9.5615, 4.0151 ], [ 9.5664, 4.0094 ], [ 9.5815, 4.0042 ], [ 9.6251, 4.0174 ], [ 9.626, 4.0244 ], [ 9.6216, 4.028 ], [ 9.6386, 4.0299 ], [ 9.6415, 4.0335 ], [ 9.6399, 4.0385 ], [ 9.6423, 4.0375 ], [ 9.6501, 4.026 ], [ 9.6507, 4.0056 ], [ 9.6347, 3.9839 ], [ 9.6343, 3.9655 ], [ 9.633, 3.9638 ], [ 9.6232, 3.9696 ], [ 9.6221, 3.9595 ], [ 9.6251, 3.9465 ], [ 9.6345, 3.9402 ], [ 9.6506, 3.9421 ], [ 9.6603, 3.939 ], [ 9.6808, 3.9396 ], [ 9.697, 3.9466 ], [ 9.7009, 3.9274 ], [ 9.7259, 3.9387 ], [ 9.753, 3.9406 ], [ 9.7721, 3.9624 ], [ 9.7818, 3.9619 ], [ 9.7978, 3.9507 ], [ 9.8233, 3.9471 ], [ 9.8361, 3.9402 ], [ 9.851, 3.9474 ], [ 9.8632, 3.9608 ], [ 9.8624, 3.9924 ], [ 9.8454, 4.0032 ], [ 9.842, 4.0329 ], [ 9.8205, 4.0457 ], [ 9.8237, 4.052 ], [ 9.846, 4.0667 ], [ 9.8461, 4.0748 ], [ 9.8382, 4.0774 ], [ 9.8358, 4.0873 ], [ 9.838, 4.104 ], [ 9.8274, 4.1137 ], [ 9.8364, 4.1245 ], [ 9.8488, 4.1282 ], [ 9.8526, 4.1373 ], [ 9.8601, 4.14 ], [ 9.8637, 4.1465 ], [ 9.8631, 4.1561 ], [ 9.85, 4.1631 ], [ 9.7923, 4.2228 ], [ 9.7813, 4.2207 ], [ 9.7632, 4.2246 ], [ 9.761, 4.2207 ], [ 9.7673, 4.2034 ], [ 9.751, 4.1714 ], [ 9.7549, 4.1528 ], [ 9.7454, 4.1484 ], [ 9.7376, 4.1531 ], [ 9.7253, 4.1496 ], [ 9.719, 4.1434 ], [ 9.7128, 4.1288 ], [ 9.6763, 4.1193 ], [ 9.6544, 4.1196 ], [ 9.6501, 4.1215 ], [ 9.6401, 4.1362 ], [ 9.6313, 4.1364 ], [ 9.6186, 4.12 ], [ 9.6044, 4.1188 ], [ 9.6015, 4.1077 ], [ 9.595, 4.1091 ], [ 9.5926, 4.0966 ], [ 9.5949, 4.092 ], [ 9.6001, 4.0923 ], [ 9.5996, 4.0895 ], [ 9.5974, 4.0853 ], [ 9.5929, 4.0871 ], [ 9.5918, 4.0823 ], [ 9.5871, 4.082 ], [ 9.5866, 4.0669 ], [ 9.5725, 4.0658 ], [ 9.5695, 4.0708 ], [ 9.5708, 4.0786 ], [ 9.56, 4.0846 ], [ 9.5297, 4.0717 ], [ 9.5255, 4.0712 ], [ 9.5172, 4.0778 ], [ 9.5065, 4.0732 ] ] ] ] } },
{ "type": "Feature", "properties": { "iso3": "CMR", "unit_id": "13109269B54024461666557", "unit_name": "Bénoué" }, "geometry": { "type": "Polygon", "coordinates": [ [ [ 12.9131, 9.2555 ], [ 12.9212, 9.2478 ], [ 12.9228, 9.239 ], [ 12.9166, 9.219 ], [ 12.9152, 9.158 ], [ 12.9201, 9.1514 ], [ 12.9293, 9.1501 ], [ 12.928, 9.1426 ], [ 12.9339, 9.1312 ], [ 12.9299, 9.1179 ], [ 12.9436, 9.1026 ], [ 12.9525, 9.0731 ], [ 12.9483, 9.0699 ], [ 12.9449, 9.0557 ], [ 12.941, 9.0522 ], [ 12.9386, 9.0366 ], [ 12.9413, 9.019 ], [ 12.9282, 8.9954 ], [ 12.9257, 8.9766 ], [ 12.8879, 8.9276 ], [ 12.8805, 8.9106 ], [ 12.8777, 8.8961 ], [ 12.879, 8.8592 ], [ 12.8746, 8.8409 ], [ 12.886, 8.818 ], [ 12.8762, 8.7969 ], [ 12.8804, 8.7764 ], [ 12.8749, 8.7565 ], [ 12.8758, 8.7493 ], [ 12.8917, 8.7223 ], [ 12.8996, 8.7325 ], [ 12.898, 8.7438 ], [ 12.9064, 8.7416 ], [ 12.9093, 8.7437 ], [ 12.9483, 8.7931 ], [ 13.0353, 8.7854 ], [ 13.0371, 8.7785 ], [ 13.0397, 8.7823 ], [ 13.0424, 8.773 ], [ 13.0478, 8.7722 ], [ 13.0521, 8.7674 ], [ 13.0508, 8.7629 ], [ 13.0554, 8.7593 ], [ 13.0574, 8.7514 ], [ 13.0636, 8.7521 ], [ 13.0672, 8.7455 ], [ 13.071, 8.7451 ], [ 13.0823, 8.7245 ], [ 13.0882, 8.7225 ], [ 13.0906, 8.7145 ], [ 13.0955, 8.7149 ], [ 13.1051, 8.7057 ], [ 13.1132, 8.7087 ], [ 13.1268, 8.7048 ], [ 13.1311, 8.7088 ], [ 13.1379, 8.7089 ], [ 13.1442, 8.7151 ], [ 13.1523, 8.7053 ], [ 13.1649, 8.7039 ], [ 13.1708, 8.6861 ], [ 13.1892, 8.6829 ], [ 13.1958, 8.6755 ], [ 13.1986, 8.6603 ], [ 13.2062, 8.649 ], [ 13.2401, 8.6334 ], [ 13.2495, 8.6234 ], [ 13.2577, 8.6205 ], [ 13.2726, 8.608 ], [ 13.4791, 8.6239 ], [ 13.4847, 8.4808 ], [ 13.4399, 8.4184 ], [ 13.3962, 8.4181 ], [ 13.4019, 8.3532 ], [ 13.4206, 8.3504 ], [ 13.4338, 8.3553 ], [ 13.4435, 8.3632 ], [ 13.4635, 8.3645 ], [ 13.4737, 8.3699 ], [ 13.4778, 8.3762 ], [ 13.4918, 8.3753 ], [ 13.4942, 8.3813 ], [ 13.5069, 8.3806 ], [ 13.5364, 8.4033 ], [ 13.5497, 8.3998 ], [ 13.5793, 8.4234 ], [ 13.5857, 8.4353 ], [ 13.5821, 8.4449 ], [ 13.59, 8.4742 ], [ 13.6017, 8.485 ], [ 13.606, 8.4808 ], [ 13.617, 8.4876 ], [ 13.6152, 8.5008 ], [ 13.6249, 8.5636 ], [ 13.6412, 8.5907 ], [ 13.6593, 8.6101 ], [ 13.6878, 8.6662 ], [ 13.685, 8.6739 ], [ 13.6813, 8.6751 ], [ 13.6817, 8.6823 ], [ 13.6719, 8.6953 ], [ 13.6744, 8.6979 ], [ 13.6727, 8.7054 ], [ 13.666, 8.7073 ], [ 13.6565, 8.7257 ], [ 13.6599, 8.7511 ], [ 13.7184, 8.7916 ], [ 13.7911, 8.8201 ], [ 13.8226, 8.8671 ], [ 13.8382, 8.9082 ], [ 13.8367, 8.9353 ], [ 13.7832, 8.9623 ], [ 13.8141, 8.9988 ], [ 13.8416, 9.0023 ], [ 13.8468, 9.008 ], [ 13.8494, 9.0323 ], [ 13.855, 9.0395 ], [ 13.8386, 9.0633 ], [ 13.8731, 9.0889 ], [ 13.8819, 9.0765 ], [ 13.902, 9.0674 ], [ 13.9159, 9.0756 ], [ 13.9177, 9.0835 ], [ 13.9094, 9.0907 ], [ 13.911, 9.0946 ], [ 13.9054, 9.1055 ], [ 13.9065, 9.1086 ], [ 13.919, 9.1231 ], [ 13.9438, 9.1409 ], [ 13.9476, 9.1532 ], [ 13.9608, 9.1592 ], [ 13.9627, 9.1631 ], [ 13.9597, 9.1733 ], [ 13.9642, 9.2048 ], [ 13.9795, 9.2292 ], [ 13.9828, 9.2457 ], [ 13.9956, 9.246 ], [ 14.0121, 9.2336 ], [ 14.0524, 9.2336 ], [ 14.0704, 9.2412 ], [ 14.0803, 9.2376 ], [ 14.0916, 9.2449 ], [ 14.0998, 9.2553 ], [ 14.1179, 9.2619 ], [ 14.1405, 9.2546 ], [ 14.1465, 9.2608 ], [ 14.1603, 9.2643 ], [ 14.1671, 9.2619 ], [ 14.1938, 9.267 ], [ 14.2111, 9.2628 ], [ 14.2235, 9.2639 ], [ 14.2106, 9.3009 ], [ 14.2111, 9.312 ], [ 14.2253, 9.3175 ], [ 14.2332, 9.3302 ], [ 14.2479, 9.3311 ], [ 14.2585, 9.3422 ], [ 14.2808, 9.3434 ], [ 14.2836, 9.3613 ], [ 14.2707, 9.3573 ], [ 14.2631, 9.3637 ], [ 14.2348, 9.4003 ], [ 14.229, 9.4119 ], [ 14.2286, 9.4198 ], [ 14.2125, 9.4298 ], [ 14.2118, 9.4357 ], [ 14.2041, 9.4464 ], [ 14.1893, 9.4429 ], [ 14.1863, 9.4563 ], [ 14.1781, 9.4608 ], [ 14.1791, 9.4668 ], [ 14.1742, 9.4771 ], [ 14.1556, 9.4906 ], [ 14.1498, 9.5024 ], [ 14.1292, 9.5042 ], [ 14.1043, 9.5179 ], [ 14.1, 9.5377 ], [ 14.0924, 9.5505 ], [ 14.088, 9.5549 ], [ 14.0763, 9.5555 ], [ 14.0399, 9.6019 ], [ 14.038, 9.611 ], [ 14.0226, 9.6132 ], [ 14.0236, 9.6157 ], [ 14.0143, 9.6225 ], [ 14.0063, 9.6186 ], [ 14.0029, 9.6198 ], [ 13.9875, 9.6292 ], [ 13.9751, 9.6424 ], [ 13.9554, 9.6297 ], [ 13.939, 9.6415 ], [ 13.9261, 9.6427 ], [ 13.9142, 9.6396 ], [ 13.9013, 9.6419 ], [ 13.8904, 9.6171 ], [ 13.8689, 9.601 ], [ 13.8653, 9.5919 ], [ 13.8289, 9.5898 ], [ 13.8199, 9.5849 ], [ 13.7981, 9.5889 ], [ 13.7705, 9.5739 ], [ 13.7589, 9.5763 ], [ 13.7506, 9.5658 ], [ 13.7368, 9.5758 ], [ 13.7364, 9.5856 ], [ 13.7302, 9.5892 ], [ 13.7302, 9.5922 ], [ 13.698, 9.5788 ], [ 13.6759, 9.6277 ], [ 13.6377, 9.6681 ], [ 13.6467, 9.7088 ], [ 13.6374, 9.7473 ], [ 13.6191, 9.786 ], [ 13.6189, 9.7977 ], [ 13.6117, 9.7947 ], [ 13.5959, 9.8011 ], [ 13.5952, 9.8149 ], [ 13.6102, 9.8206 ], [ 13.609, 9.8243 ], [ 13.6145, 9.8365 ], [ 13.611, 9.8413 ], [ 13.6139, 9.8459 ], [ 13.6094, 9.8514 ], [ 13.6158, 9.8662 ], [ 13.6078, 9.8784 ], [ 13.6097, 9.8975 ], [ 13.5976, 9.9016 ], [ 13.5887, 9.9138 ], [ 13.5745, 9.914 ], [ 13.549, 9.9639 ], [ 13.5241, 9.9727 ], [ 13.4978, 9.9717 ], [ 13.4784, 9.9831 ], [ 13.4324, 9.9729 ], [ 13.3993, 9.9711 ], [ 13.3671, 9.9791 ], [ 13.3568, 9.9873 ], [ 13.3419, 9.9905 ], [ 13.3237, 10.002 ], [ 13.2489, 10.0022 ], [ 13.2527, 9.9965 ], [ 13.2615, 9.9928 ], [ 13.2777, 9.9904 ], [ 13.2881, 9.9786 ], [ 13.2837, 9.9653 ], [ 13.2869, 9.9631 ], [ 13.284, 9.9593 ], [ 13.2861, 9.9565 ], [ 13.2806, 9.9523 ], [ 13.2829, 9.9477 ], [ 13.2771, 9.9434 ], [ 13.2818, 9.9384 ], [ 13.2704, 9.9356 ], [ 13.2693, 9.9293 ], [ 13.265, 9.9268 ], [ 13.2576, 9.9282 ], [ 13.2542, 9.9244 ], [ 13.2516, 9.9282 ], [ 13.2363, 9.9101 ], [ 13.237, 9.8926 ], [ 13.2404, 9.8891 ], [ 13.2376, 9.8851 ], [ 13.2424, 9.8817 ], [ 13.2462, 9.872 ], [ 13.2433, 9.8635 ], [ 13.2494, 9.8575 ], [ 13.257, 9.8568 ], [ 13.2657, 9.8509 ], [ 13.2744, 9.8506 ], [ 13.276, 9.8464 ], [ 13.2975, 9.8337 ], [ 13.302, 9.8265 ], [ 13.291, 9.8127 ], [ 13.2873, 9.802 ], [ 13.2735, 9.793 ], [ 13.2604, 9.776 ], [ 13.2607, 9.7645 ], [ 13.2562, 9.762 ], [ 13.2558, 9.7506 ], [ 13.2598, 9.7389 ], [ 13.2488, 9.7219 ], [ 13.2524, 9.7174 ], [ 13.247, 9.7102 ], [ 13.2515, 9.6981 ], [ 13.2468, 9.6955 ], [ 13.2468, 9.6907 ], [ 13.2334, 9.6862 ], [ 13.2305, 9.6784 ], [ 13.2372, 9.6671 ], [ 13.2348, 9.6643 ], [ 13.2366, 9.6599 ], [ 13.2284, 9.6493 ], [ 13.2337, 9.6448 ], [ 13.2303, 9.6384 ], [ 13.2359, 9.6217 ], [ 13.2254, 9.599 ], [ 13.2284, 9.5853 ], [ 13.2215, 9.5813 ], [ 13.2174, 9.5682 ], [ 13.2069, 9.5551 ], [ 13.1992, 9.5549 ], [ 13.1917, 9.5588 ], [ 13.1763, 9.5441 ], [ 13.1669, 9.5429 ], [ 13.1626, 9.5379 ], [ 13.1544, 9.5405 ], [ 13.1259, 9.5265 ], [ 13.1136, 9.5263 ], [ 13.1057, 9.5224 ], [ 13.0948, 9.5253 ], [ 13.089, 9.5206 ], [ 13.0861, 9.511 ], [ 13.0675, 9.515 ], [ 13.0614, 9.5141 ], [ 13.0587, 9.5091 ], [ 13.0488, 9.5049 ], [ 13.0347, 9.5066 ], [ 13.0268, 9.4976 ], [ 13.0222, 9.4983 ], [ 13.0232, 9.4954 ], [ 13.0109, 9.4897 ], [ 13.0065, 9.4813 ], [ 12.99, 9.473 ], [ 12.984, 9.4665 ], [ 12.975, 9.4691 ], [ 12.9728, 9.4544 ], [ 12.9616, 9.4401 ], [ 12.951, 9.4372 ], [ 12.9395, 9.4149 ], [ 12.9361, 9.4155 ], [ 12.9249, 9.4079 ], [ 12.9184, 9.4099 ], [ 12.915, 9.4048 ], [ 12.906, 9.403 ], [ 12.9043, 9.3992 ], [ 12.8993, 9.3996 ], [ 12.8973, 9.3965 ], [ 12.8901, 9.3955 ], [ 12.8877, 9.3983 ], [ 12.8785, 9.3937 ], [ 12.8747, 9.3838 ], [ 12.8687, 9.3803 ], [ 12.8701, 9.3685 ], [ 12.8607, 9.3684 ], [ 12.8511, 9.3737 ], [ 12.8473, 9.3719 ], [ 12.8555, 9.3677 ], [ 12.8671, 9.3498 ], [ 12.8811, 9.3459 ], [ 12.8917, 9.3533 ], [ 12.9062, 9.3544 ], [ 12.9189, 9.3473 ], [ 12.9238, 9.3406 ], [ 12.9245, 9.334 ], [ 12.9195, 9.3311 ], [ 12.9191, 9.323 ], [ 12.9106, 9.3141 ], [ 12.9128, 9.2877 ], [ 12.9172, 9.2858 ], [ 12.9185, 9.2801 ], [ 12.9178, 9.2735 ], [ 12.9114, 9.269 ], [ 12.9131, 9.2555 ] ] ] } },
{ "type": "Feature", "properties": { "iso3": "CMR", "unit_id": "13109269B58761755597555", "unit_name": "Faro" }, "geometry": { "type": "Polygon", "coordinates": [ [ [ 13.2447, 7.6045 ], [ 13.2623, 7.6238 ], [ 13.2552, 7.6345 ], [ 13.2532, 7.666 ], [ 13.2579, 7.6703 ], [ 13.2594, 7.6889 ], [ 13.2784, 7.6987 ], [ 13.2851, 7.6986 ], [ 13.2879, 7.714 ], [ 13.2963, 7.7243 ], [ 13.2892, 7.7301 ], [ 13.2915, 7.7385 ], [ 13.2968, 7.7436 ], [ 13.2849, 7.7538 ], [ 13.2998, 7.775 ], [ 13.3068, 7.778 ], [ 13.3074, 7.7859 ], [ 13.3009, 7.7926 ], [ 13.3036, 7.7995 ], [ 13.2965, 7.8177 ], [ 13.3002, 7.8209 ], [ 13.3089, 7.8186 ], [ 13.3301, 7.8416 ], [ 13.3307, 7.8484 ], [ 13.3429, 7.8577 ], [ 13.3406, 7.876 ], [ 13.3296, 7.8898 ], [ 13.3272, 7.9019 ], [ 13.3408, 7.9125 ], [ 13.3434, 7.922 ], [ 13.3553, 7.9282 ], [ 13.3577, 7.9341 ], [ 13.3513, 7.9408 ], [ 13.3523, 7.9464 ], [ 13.3372, 7.9534 ], [ 13.3319, 7.967 ], [ 13.3261, 7.9724 ], [ 13.3141, 7.9683 ], [ 13.3035, 7.9673 ], [ 13.2989, 7.9716 ], [ 13.2704, 7.9656 ], [ 13.2422, 7.9708 ], [ 13.2253, 7.9686 ], [ 13.2151, 7.9739 ], [ 13.2017, 7.9732 ], [ 13.186, 7.9783 ], [ 13.1795, 7.9749 ], [ 13.1748, 7.9821 ], [ 13.1598, 7.9823 ], [ 13.1571, 7.9982 ], [ 13.1316, 8.0072 ], [ 13.1228, 8.0138 ], [ 13.1175, 8.013 ], [ 13.1051, 8.026 ], [ 13.0816, 8.0259 ], [ 13.0753, 8.0284 ], [ 13.0451, 8.0516 ], [ 13.0451, 8.0647 ], [ 13.0502, 8.0763 ], [ 13.0459, 8.0891 ], [ 13.0193, 8.1133 ], [ 13.0142, 8.1377 ], [ 13.0053, 8.1472 ], [ 13.0064, 8.162 ], [ 13.0096, 8.1709 ], [ 13.0194, 8.181 ], [ 13.0233, 8.1725 ], [ 13.03, 8.172 ], [ 13.0268, 8.1535 ], [ 13.0551, 8.1398 ], [ 13.0671, 8.1204 ], [ 13.0725, 8.1218 ], [ 13.0729, 8.1182 ], [ 13.0875, 8.1096 ], [ 13.0881, 8.1047 ], [ 13.091, 8.1059 ], [ 13.1101, 8.0964 ], [ 13.1156, 8.0992 ], [ 13.138, 8.0995 ], [ 13.151, 8.0918 ], [ 13.1578, 8.0959 ], [ 13.1659, 8.0894 ], [ 13.1872, 8.0918 ], [ 13.1901, 8.0946 ], [ 13.2042, 8.0939 ], [ 13.2111, 8.1036 ], [ 13.2179, 8.1026 ], [ 13.2231, 8.1059 ], [ 13.2372, 8.1527 ], [ 13.2544, 8.1481 ], [ 13.2643, 8.1528 ], [ 13.2733, 8.1528 ], [ 13.2796, 8.1645 ], [ 13.298, 8.1653 ], [ 13.3141, 8.1766 ], [ 13.322, 8.1781 ], [ 13.3374, 8.2006 ], [ 13.3337, 8.2082 ], [ 13.3366, 8.2318 ], [ 13.333, 8.237 ], [ 13.3324, 8.2747 ], [ 13.3389, 8.2799 ], [ 13.3563, 8.2726 ], [ 13.3632, 8.276 ], [ 13.367, 8.2831 ], [ 13.3656, 8.2904 ], [ 13.3758, 8.3006 ], [ 13.3745, 8.3035 ], [ 13.3797, 8.3062 ], [ 13.3772, 8.311 ], [ 13.3789, 8.3196 ], [ 13.3841, 8.3241 ], [ 13.3876, 8.3349 ], [ 13.3984, 8.3414 ], [ 13.3939, 8.3455 ], [ 13.4019, 8.3532 ], [ 13.3962, 8.4181 ], [ 13.4399, 8.4184 ], [ 13.4847, 8.4808 ], [ 13.4791, 8.6239 ], [ 13.2726, 8.608 ], [ 13.2577, 8.6205 ], [ 13.2495, 8.6234 ], [ 13.2401, 8.6334 ], [ 13.2062, 8.649 ], [ 13.1986, 8.6603 ], [ 13.1958, 8.6755 ], [ 13.1892, 8.6829 ], [ 13.1708, 8.6861 ], [ 13.1649, 8.7039 ], [ 13.1523, 8.7053 ], [ 13.1442, 8.7151 ], [ 13.1379, 8.7089 ], [ 13.1311, 8.7088 ], [ 13.1268, 8.7048 ], [ 13.1132, 8.7087 ], [ 13.1051, 8.7057 ], [ 13.0955, 8.7149 ], [ 13.0906, 8.7145 ], [ 13.0882, 8.7225 ], [ 13.0823, 8.7245 ], [ 13.071, 8.7451 ], [ 13.0672, 8.7455 ], [ 13.0636, 8.7521 ], [ 13.0574, 8.7514 ], [ 13.0554, 8.7593 ], [ 13.0508, 8.7629 ], [ 13.0521, 8.7674 ], [ 13.0478, 8.7722 ], [ 13.0424, 8.773 ], [ 13.0397, 8.7823 ], [ 13.0371, 8.7785 ], [ 13.0353, 8.7854 ], [ 12.9483, 8.7931 ], [ 12.9093, 8.7437 ], [ 12.9064, 8.7416 ], [ 12.898, 8.7438 ], [ 12.8996, 8.7325 ], [ 12.8917, 8.7223 ], [ 12.8758, 8.7493 ], [ 12.8749, 8.7565 ], [ 12.8804, 8.7725 ], [ 12.8762, 8.7969 ], [ 12.886, 8.818 ], [ 12.8746, 8.8409 ], [ 12.879, 8.8592 ], [ 12.8777, 8.8961 ], [ 12.8879, 8.9276 ], [ 12.9257, 8.9766 ], [ 12.9282, 8.9954 ], [ 12.9413, 9.019 ], [ 12.9386, 9.0366 ], [ 12.941, 9.0522 ], [ 12.9449, 9.0557 ], [ 12.9483, 9.0699 ], [ 12.9525, 9.0731 ], [ 12.9436, 9.1026 ], [ 12.9299, 9.1179 ], [ 12.9339, 9.1312 ], [ 12.928, 9.1426 ], [ 12.9293, 9.1501 ], [ 12.9201, 9.1514 ], [ 12.9152, 9.158 ], [ 12.9166, 9.219 ], [ 12.9228, 9.239 ], [ 12.9212, 9.2478 ], [ 12.9171, 9.252 ], [ 12.9114, 9.2322 ], [ 12.9058, 9.2218 ], [ 12.9005, 9.2202 ], [ 12.8995, 9.2077 ], [ 12.9023, 9.2035 ], [ 12.8993, 9.1947 ], [ 12.8928, 9.1896 ], [ 12.8944, 9.1839 ], [ 12.888, 9.1785 ], [ 12.893, 9.1746 ], [ 12.8916, 9.1684 ], [ 12.894, 9.165 ], [ 12.8866, 9.1616 ], [ 12.8875, 9.1542 ], [ 12.8844, 9.1484 ], [ 12.891, 9.1445 ], [ 12.8928, 9.1379 ], [ 12.8974, 9.1346 ], [ 12.8925, 9.1269 ], [ 12.901, 9.1142 ], [ 12.894, 9.111 ], [ 12.8883, 9.1022 ], [ 12.8916, 9.0877 ], [ 12.8871, 9.0853 ], [ 12.8228, 8.9717 ], [ 12.8144, 8.9236 ], [ 12.8069, 8.9197 ], [ 12.81, 8.9059 ], [ 12.8175, 8.9023 ], [ 12.8189, 8.8956 ], [ 12.8132, 8.8886 ], [ 12.8074, 8.8888 ], [ 12.8068, 8.8787 ], [ 12.8121, 8.8734 ], [ 12.8002, 8.8539 ], [ 12.808, 8.8397 ], [ 12.8181, 8.8352 ], [ 12.8189, 8.8304 ], [ 12.8099, 8.8192 ], [ 12.8119, 8.8011 ], [ 12.7948, 8.7872 ], [ 12.7912, 8.7794 ], [ 12.7906, 8.7629 ], [ 12.784, 8.7454 ], [ 12.7803, 8.7434 ], [ 12.768, 8.7488 ], [ 12.7615, 8.7538 ], [ 12.7587, 8.7615 ], [ 12.7414, 8.7617 ], [ 12.737, 8.7588 ], [ 12.7207, 8.7631 ], [ 12.7131, 8.7478 ], [ 12.7149, 8.7423 ], [ 12.7082, 8.7385 ], [ 12.7116, 8.7346 ], [ 12.7105, 8.7285 ], [ 12.7034, 8.7185 ], [ 12.7104, 8.7023 ], [ 12.6971, 8.6796 ], [ 12.6999, 8.6722 ], [ 12.6883, 8.6617 ], [ 12.6844, 8.6535 ], [ 12.6757, 8.6477 ], [ 12.6538, 8.653 ], [ 12.6433, 8.6462 ], [ 12.635, 8.6489 ], [ 12.6335, 8.6381 ], [ 12.6267, 8.6366 ], [ 12.6145, 8.6408 ], [ 12.6081, 8.6342 ], [ 12.6066, 8.6247 ], [ 12.5752, 8.6138 ], [ 12.5602, 8.625 ], [ 12.5477, 8.6215 ], [ 12.5364, 8.6312 ], [ 12.5246, 8.6307 ], [ 12.5065, 8.6414 ], [ 12.4996, 8.6423 ], [ 12.4877, 8.6428 ], [ 12.478, 8.6316 ], [ 12.4699, 8.6298 ], [ 12.4634, 8.6215 ], [ 12.4448, 8.6178 ], [ 12.4314, 8.6204 ], [ 12.4372, 8.6097 ], [ 12.4466, 8.6025 ], [ 12.4448, 8.5809 ], [ 12.4472, 8.5677 ], [ 12.4562, 8.558 ], [ 12.461, 8.5445 ], [ 12.4617, 8.5372 ], [ 12.4494, 8.5278 ], [ 12.4465, 8.5161 ], [ 12.4275, 8.5046 ], [ 12.4105, 8.5069 ], [ 12.4062, 8.5027 ], [ 12.411, 8.4928 ], [ 12.4018, 8.4926 ], [ 12.3948, 8.488 ], [ 12.3953, 8.4768 ], [ 12.3799, 8.484 ], [ 12.3521, 8.4648 ], [ 12.3479, 8.4574 ], [ 12.3421, 8.4601 ], [ 12.333, 8.448 ], [ 12.3395, 8.4303 ], [ 12.313, 8.4257 ], [ 12.3053, 8.4318 ], [ 12.2998, 8.4429 ], [ 12.2674, 8.4482 ], [ 12.2605, 8.443 ], [ 12.2583, 8.4318 ], [ 12.2604, 8.4245 ], [ 12.252, 8.415 ], [ 12.2438, 8.3866 ], [ 12.249, 8.2161 ], [ 12.2559, 8.1764 ], [ 12.2648, 8.1746 ], [ 12.267, 8.1777 ], [ 12.2779, 8.1782 ], [ 12.2876, 8.1902 ], [ 12.2887, 8.1817 ], [ 12.2838, 8.1651 ], [ 12.2729, 8.1498 ], [ 12.277, 8.1298 ], [ 12.2848, 8.1151 ], [ 12.2957, 8.1041 ], [ 12.325, 8.0861 ], [ 12.3259, 8.0745 ], [ 12.3472, 8.0544 ], [ 12.3541, 8.0561 ], [ 12.3553, 8.0528 ], [ 12.4027, 8.0224 ], [ 12.4203, 7.9945 ], [ 12.4273, 7.989 ], [ 12.4471, 7.9858 ], [ 12.456, 7.9934 ], [ 12.4597, 7.9924 ], [ 12.4996, 7.9679 ], [ 12.5065, 7.9601 ], [ 12.5229, 7.9562 ], [ 12.5313, 7.9584 ], [ 12.5445, 7.9773 ], [ 12.5621, 7.9648 ], [ 12.5894, 7.9656 ], [ 12.5977, 7.9704 ], [ 12.607, 7.9708 ], [ 12.6155, 7.9832 ], [ 12.6298, 7.9835 ], [ 12.6378, 7.9719 ], [ 12.6451, 7.9673 ], [ 12.6431, 7.955 ], [ 12.6294, 7.9328 ], [ 12.634, 7.923 ], [ 12.6443, 7.9129 ], [ 12.6434, 7.8894 ], [ 12.6512, 7.8769 ], [ 12.6542, 7.8635 ], [ 12.6497, 7.8489 ], [ 12.6359, 7.8393 ], [ 12.6322, 7.8333 ], [ 12.6401, 7.8165 ], [ 12.6414, 7.8034 ], [ 12.6446, 7.801 ], [ 12.6434, 7.7913 ], [ 12.6462, 7.7843 ], [ 12.6355, 7.7741 ], [ 12.6359, 7.7612 ], [ 12.6561, 7.7514 ], [ 12.6706, 7.7392 ], [ 12.6817, 7.7369 ], [ 12.689, 7.7314 ], [ 12.7189, 7.7372 ], [ 12.7195, 7.7477 ], [ 12.7286, 7.7471 ], [ 12.7419, 7.7551 ], [ 12.7423, 7.7361 ], [ 12.7379, 7.7299 ], [ 12.7388, 7.721 ], [ 12.7359, 7.7159 ], [ 12.7391, 7.7073 ], [ 12.7462, 7.7004 ], [ 12.745, 7.6953 ], [ 12.7523, 7.6882 ], [ 12.7632, 7.6822 ], [ 12.776, 7.6842 ], [ 12.7803, 7.6762 ], [ 12.7861, 7.6747 ], [ 12.7976, 7.6628 ], [ 12.7999, 7.666 ], [ 12.8101, 7.6617 ], [ 12.8392, 7.6614 ], [ 12.8475, 7.6647 ], [ 12.8502, 7.6606 ], [ 12.8538, 7.6647 ], [ 12.868, 7.6642 ], [ 12.8743, 7.6682 ], [ 12.8767, 7.6628 ], [ 12.8894, 7.6617 ], [ 12.8933, 7.6579 ], [ 12.9058, 7.6554 ], [ 12.9309, 7.6588 ], [ 12.9668, 7.6534 ], [ 12.97, 7.6461 ], [ 12.9788, 7.6483 ], [ 12.9838, 7.64 ], [ 13.0178, 7.6274 ], [ 13.0311, 7.6253 ], [ 13.0374, 7.6277 ], [ 13.0397, 7.6237 ], [ 13.0521, 7.6206 ], [ 13.0723, 7.6045 ], [ 13.0824, 7.601 ], [ 13.0898, 7.603 ], [ 13.122, 7.5956 ], [ 13.1276, 7.6001 ], [ 13.1369, 7.598 ], [ 13.1408, 7.5922 ], [ 13.1479, 7.5982 ], [ 13.1542, 7.595 ], [ 13.1706, 7.5969 ], [ 13.1779, 7.598 ], [ 13.1819, 7.6026 ], [ 13.2138, 7.6045 ], [ 13.2251, 7.6 ], [ 13.2233, 7.6069 ], [ 13.2284, 7.6073 ], [ 13.2295, 7.6114 ], [ 13.2447, 7.6045 ] ] ] } },
{ "type": "Feature", "properties": { "iso3": "CMR", "unit_id": "13109269B43312323485233", "unit_name": "Mayo-Louti" }, "geometry": { "type": "Polygon", "coordinates": [ [ [ 13.9703, 10.2269 ], [ 13.908, 10.2258 ], [ 13.877, 10.2384 ], [ 13.863, 10.2403 ], [ 13.84, 10.2368 ], [ 13.8242, 10.2448 ], [ 13.7985, 10.2481 ], [ 13.7761, 10.2402 ], [ 13.765, 10.2412 ], [ 13.7553, 10.2478 ], [ 13.7477, 10.2442 ], [ 13.7373, 10.2445 ], [ 13.7067, 10.2595 ], [ 13.6944, 10.259 ], [ 13.6778, 10.2512 ], [ 13.6731, 10.2319 ], [ 13.6644, 10.2252 ], [ 13.6485, 10.2298 ], [ 13.6166, 10.2476 ], [ 13.5901, 10.2573 ], [ 13.5788, 10.2348 ], [ 13.5712, 10.2289 ], [ 13.5649, 10.2133 ], [ 13.5643, 10.1958 ], [ 13.5674, 10.1917 ], [ 13.5984, 10.1761 ], [ 13.6297, 10.1649 ], [ 13.6435, 10.1647 ], [ 13.6544, 10.1569 ], [ 13.6944, 10.1445 ], [ 13.6936, 10.1372 ], [ 13.6361, 10.1229 ], [ 13.6303, 10.1225 ], [ 13.6239, 10.1281 ], [ 13.6149, 10.1293 ], [ 13.6111, 10.1252 ], [ 13.5867, 10.121 ], [ 13.5676, 10.0954 ], [ 13.565, 10.0842 ], [ 13.5597, 10.0818 ], [ 13.5524, 10.0835 ], [ 13.5538, 10.0983 ], [ 13.5504, 10.0988 ], [ 13.5429, 10.0951 ], [ 13.4995, 10.0911 ], [ 13.4693, 10.082 ], [ 13.4319, 10.0798 ], [ 13.4271, 10.0813 ], [ 13.4237, 10.1059 ], [ 13.4122, 10.1215 ], [ 13.3896, 10.1177 ], [ 13.3712, 10.119 ], [ 13.3598, 10.1098 ], [ 13.3527, 10.1079 ], [ 13.345, 10.1093 ], [ 13.3438, 10.1166 ], [ 13.3179, 10.0952 ], [ 13.299, 10.0868 ], [ 13.2958, 10.0748 ], [ 13.2973, 10.0589 ], [ 13.2864, 10.0459 ], [ 13.257, 10.0378 ], [ 13.2553, 10.0342 ], [ 13.247, 10.0349 ], [ 13.2503, 10.0303 ], [ 13.2477, 10.0213 ], [ 13.2514, 10.0174 ], [ 13.2474, 10.0043 ], [ 13.2489, 10.0022 ], [ 13.3237, 10.002 ], [ 13.3419, 9.9905 ], [ 13.3568, 9.9873 ], [ 13.3671, 9.9791 ], [ 13.3993, 9.9711 ], [ 13.4324, 9.9729 ], [ 13.4784, 9.9831 ], [ 13.4978, 9.9717 ], [ 13.5241, 9.9727 ], [ 13.549, 9.9639 ], [ 13.5745, 9.914 ], [ 13.5887, 9.9138 ], [ 13.5976, 9.9016 ], [ 13.6097, 9.8975 ], [ 13.6078, 9.8784 ], [ 13.6158, 9.8662 ], [ 13.6094, 9.8514 ], [ 13.6139, 9.8459 ], [ 13.611, 9.8413 ], [ 13.6145, 9.8365 ], [ 13.609, 9.8243 ], [ 13.6102, 9.8206 ], [ 13.5952, 9.8149 ], [ 13.5959, 9.8011 ], [ 13.6117, 9.7947 ], [ 13.6189, 9.7977 ], [ 13.6191, 9.786 ], [ 13.6374, 9.7473 ], [ 13.6467, 9.7088 ], [ 13.6377, 9.6681 ], [ 13.6759, 9.6277 ], [ 13.698, 9.5788 ], [ 13.7302, 9.5922 ], [ 13.7302, 9.5892 ], [ 13.7364, 9.5856 ], [ 13.7368, 9.5758 ], [ 13.7506, 9.5658 ], [ 13.7589, 9.5763 ], [ 13.7705, 9.5739 ], [ 13.7981, 9.5889 ], [ 13.8199, 9.5849 ], [ 13.8289, 9.5898 ], [ 13.8653, 9.5919 ], [ 13.8689, 9.601 ], [ 13.8904, 9.6171 ], [ 13.9013, 9.6419 ], [ 13.9142, 9.6396 ], [ 13.9261, 9.6427 ], [ 13.939, 9.6415 ], [ 13.9554, 9.6297 ], [ 13.9751, 9.6424 ], [ 14.0209, 9.7324 ], [ 14.1295, 9.8245 ], [ 14.1557, 9.8715 ], [ 14.1718, 9.9082 ], [ 14.2042, 10.0033 ], [ 14.2062, 10.0495 ], [ 14.2121, 10.0621 ], [ 14.2263, 10.0722 ], [ 14.216, 10.0883 ], [ 14.2005, 10.0955 ], [ 14.1043, 10.1262 ], [ 14.1019, 10.1142 ], [ 14.0956, 10.1111 ], [ 14.09, 10.1141 ], [ 14.0794, 10.1072 ], [ 14.0738, 10.109 ], [ 14.0686, 10.115 ], [ 14.0674, 10.1237 ], [ 14.0632, 10.1246 ], [ 14.0647, 10.1275 ], [ 14.0573, 10.1394 ], [ 14.0568, 10.1495 ], [ 14.047, 10.1583 ], [ 14.0477, 10.1708 ], [ 14.0122, 10.1701 ], [ 14.0001, 10.1837 ], [ 14.0102, 10.1932 ], [ 14.0082, 10.2015 ], [ 14.0051, 10.2005 ], [ 13.9932, 10.206 ], [ 13.9902, 10.2109 ], [ 13.978, 10.2139 ], [ 13.9772, 10.2219 ], [ 13.9703, 10.2269 ] ] ] } },
{ "type": "Feature", "properties": { "iso3": "CMR", "unit_id": "13109269B78871562219079", "unit_name": "Mayo-Rey" }, "geometry": { "type": "Polygon", "coordinates": [ [ [ 15.2065, 7.2184 ], [ 15.2132, 7.2302 ], [ 15.2196, 7.2327 ], [ 15.2197, 7.235 ], [ 15.2156, 7.2342 ], [ 15.2194, 7.2445 ], [ 15.222, 7.2472 ], [ 15.2302, 7.2472 ], [ 15.2359, 7.2539 ], [ 15.2366, 7.2598 ], [ 15.2428, 7.2675 ], [ 15.243, 7.2748 ], [ 15.2569, 7.2785 ], [ 15.2597, 7.2854 ], [ 15.2709, 7.2911 ], [ 15.2828, 7.3059 ], [ 15.29, 7.3094 ], [ 15.2925, 7.3156 ], [ 15.2975, 7.3146 ], [ 15.3157, 7.3276 ], [ 15.3323, 7.3414 ], [ 15.3361, 7.3501 ], [ 15.3472, 7.3541 ], [ 15.3713, 7.3756 ], [ 15.3791, 7.3783 ], [ 15.3895, 7.3965 ], [ 15.4009, 7.3987 ], [ 15.4197, 7.4145 ], [ 15.4228, 7.4184 ], [ 15.4222, 7.4279 ], [ 15.433, 7.4334 ], [ 15.4362, 7.4397 ], [ 15.4372, 7.4533 ], [ 15.453, 7.4562 ], [ 15.4547, 7.4689 ], [ 15.4597, 7.4741 ], [ 15.459, 7.4783 ], [ 15.4554, 7.4745 ], [ 15.4568, 7.4806 ], [ 15.4743, 7.4896 ], [ 15.4749, 7.498 ], [ 15.4908, 7.5097 ], [ 15.4878, 7.517 ], [ 15.4933, 7.5233 ], [ 15.4933, 7.5289 ], [ 15.5102, 7.5339 ], [ 15.5151, 7.5472 ], [ 15.5215, 7.5473 ], [ 15.5358, 7.5598 ], [ 15.5394, 7.5676 ], [ 15.5506, 7.5726 ], [ 15.5524, 7.5788 ], [ 15.5617, 7.5853 ], [ 15.567, 7.5959 ], [ 15.5607, 7.6045 ], [ 15.5613, 7.612 ], [ 15.5755, 7.6262 ], [ 15.5801, 7.641 ], [ 15.5788, 7.6519 ], [ 15.5738, 7.657 ], [ 15.5849, 7.6673 ], [ 15.5892, 7.6799 ], [ 15.5863, 7.7114 ], [ 15.5883, 7.7203 ], [ 15.5846, 7.7256 ], [ 15.5878, 7.7388 ], [ 15.5833, 7.7437 ], [ 15.5914, 7.7663 ], [ 15.5874, 7.7739 ], [ 15.5064, 7.792 ], [ 15.4518, 7.8853 ], [ 15.394, 8.0465 ], [ 15.3931, 8.0984 ], [ 15.2001, 8.5123 ], [ 15.1778, 8.527 ], [ 15.1666, 8.5558 ], [ 15.1541, 8.5722 ], [ 15.1509, 8.6059 ], [ 15.1176, 8.6315 ], [ 15.1093, 8.6432 ], [ 15.109, 8.6593 ], [ 15.06, 8.6809 ], [ 15.0346, 8.6768 ], [ 15.0154, 8.6872 ], [ 14.9836, 8.688 ], [ 14.9818, 8.7014 ], [ 14.9884, 8.717 ], [ 14.9892, 8.7285 ], [ 14.9781, 8.7408 ], [ 14.9551, 8.7498 ], [ 14.9484, 8.7578 ], [ 14.923, 8.7545 ], [ 14.9083, 8.7636 ], [ 14.9089, 8.7676 ], [ 14.9228, 8.7797 ], [ 14.9084, 8.7897 ], [ 14.9098, 8.7936 ], [ 14.9042, 8.7934 ], [ 14.9066, 8.7999 ], [ 14.9009, 8.8046 ], [ 14.8993, 8.814 ], [ 14.8809, 8.8214 ], [ 14.8771, 8.8189 ], [ 14.8716, 8.8219 ], [ 14.862, 8.8137 ], [ 14.8544, 8.8179 ], [ 14.8529, 8.8108 ], [ 14.838, 8.8106 ], [ 14.5665, 9.014 ], [ 14.4894, 9.0592 ], [ 14.4819, 9.0838 ], [ 14.4722, 9.0963 ], [ 14.464, 9.1149 ], [ 14.4324, 9.1297 ], [ 14.4072, 9.1481 ], [ 14.3803, 9.1779 ], [ 14.3628, 9.1864 ], [ 14.3583, 9.1983 ], [ 14.3509, 9.2001 ], [ 14.3476, 9.2086 ], [ 14.3492, 9.2163 ], [ 14.3563, 9.2187 ], [ 14.3565, 9.2295 ], [ 14.3642, 9.2319 ], [ 14.3614, 9.2373 ], [ 14.3667, 9.2396 ], [ 14.3677, 9.2585 ], [ 14.3718, 9.2592 ], [ 14.377, 9.2712 ], [ 14.3732, 9.2941 ], [ 14.3392, 9.3099 ], [ 14.3289, 9.3361 ], [ 14.3204, 9.343 ], [ 14.3043, 9.3717 ], [ 14.2836, 9.3613 ], [ 14.2808, 9.3434 ], [ 14.2585, 9.3422 ], [ 14.2479, 9.3311 ], [ 14.2332, 9.3302 ], [ 14.2253, 9.3175 ], [ 14.2111, 9.312 ], [ 14.2106, 9.3009 ], [ 14.2235, 9.2639 ], [ 14.2111, 9.2628 ], [ 14.1938, 9.267 ], [ 14.1671, 9.2619 ], [ 14.1603, 9.2643 ], [ 14.1465, 9.2608 ], [ 14.1405, 9.2546 ], [ 14.1179, 9.2619 ], [ 14.0998, 9.2553 ], [ 14.0916, 9.2449 ], [ 14.0803, 9.2376 ], [ 14.0704, 9.2412 ], [ 14.0524, 9.2336 ], [ 14.0121, 9.2336 ], [ 13.9956, 9.246 ], [ 13.9828, 9.2457 ], [ 13.9795, 9.2292 ], [ 13.9642, 9.2048 ], [ 13.9597, 9.1733 ], [ 13.9627, 9.1631 ], [ 13.9608, 9.1592 ], [ 13.9476, 9.1532 ], [ 13.9438, 9.1409 ], [ 13.919, 9.1231 ], [ 13.9065, 9.1086 ], [ 13.9054, 9.1055 ], [ 13.911, 9.0946 ], [ 13.9094, 9.0907 ], [ 13.9177, 9.0835 ], [ 13.9159, 9.0756 ], [ 13.902, 9.0674 ], [ 13.8819, 9.0765 ], [ 13.8731, 9.0889 ], [ 13.8386, 9.0633 ], [ 13.855, 9.0395 ], [ 13.8494, 9.0323 ], [ 13.8468, 9.008 ], [ 13.8416, 9.0023 ], [ 13.8141, 8.9988 ], [ 13.7832, 8.9623 ], [ 13.8367, 8.9353 ], [ 13.8382, 8.9082 ], [ 13.8226, 8.8671 ], [ 13.7911, 8.8201 ], [ 13.7184, 8.7916 ], [ 13.6599, 8.7511 ], [ 13.6565, 8.7257 ], [ 13.666, 8.7073 ], [ 13.6727, 8.7054 ], [ 13.6744, 8.6979 ], [ 13.6719, 8.6953 ], [ 13.6817, 8.6823 ], [ 13.6813, 8.6751 ], [ 13.685, 8.6739 ], [ 13.6878, 8.6662 ], [ 13.6593, 8.6101 ], [ 13.6412, 8.5907 ], [ 13.6249, 8.5636 ], [ 13.6152, 8.5008 ], [ 13.617, 8.4876 ], [ 13.606, 8.4808 ], [ 13.6017, 8.485 ], [ 13.59, 8.4742 ], [ 13.5821, 8.4449 ], [ 13.5857, 8.4353 ], [ 13.5793, 8.4234 ], [ 13.5497, 8.3998 ], [ 13.5364, 8.4033 ], [ 13.5069, 8.3806 ], [ 13.4942, 8.3813 ], [ 13.4918, 8.3753 ], [ 13.4778, 8.3762 ], [ 13.4737, 8.3699 ], [ 13.4635, 8.3645 ], [ 13.4435, 8.3632 ], [ 13.4338, 8.3553 ], [ 13.4206, 8.3504 ], [ 13.4164, 8.353 ], [ 13.3999, 8.3529 ], [ 13.3939, 8.3455 ], [ 13.3984, 8.3414 ], [ 13.3876, 8.3349 ], [ 13.3841, 8.3241 ], [ 13.3789, 8.3196 ], [ 13.3772, 8.311 ], [ 13.3797, 8.3062 ], [ 13.3745, 8.3035 ], [ 13.3758, 8.3006 ], [ 13.3656, 8.2904 ], [ 13.367, 8.2831 ], [ 13.3632, 8.276 ], [ 13.3563, 8.2726 ], [ 13.3389, 8.2799 ], [ 13.3324, 8.2747 ], [ 13.333, 8.237 ], [ 13.3366, 8.2318 ], [ 13.3337, 8.2082 ], [ 13.3374, 8.2006 ], [ 13.322, 8.1781 ], [ 13.3141, 8.1766 ], [ 13.298, 8.1653 ], [ 13.2796, 8.1645 ], [ 13.2733, 8.1528 ], [ 13.2643, 8.1528 ], [ 13.2544, 8.1481 ], [ 13.2372, 8.1527 ], [ 13.2231, 8.1059 ], [ 13.2179, 8.1026 ], [ 13.2111, 8.1036 ], [ 13.2042, 8.0939 ], [ 13.1901, 8.0946 ], [ 13.1872, 8.0918 ], [ 13.1659, 8.0894 ], [ 13.1578, 8.0959 ], [ 13.151, 8.0918 ], [ 13.138, 8.0995 ], [ 13.1156, 8.0992 ], [ 13.1101, 8.0964 ], [ 13.091, 8.1059 ], [ 13.0881, 8.1047 ], [ 13.0875, 8.1096 ], [ 13.0729, 8.1182 ], [ 13.0725, 8.1218 ], [ 13.0671, 8.1204 ], [ 13.0551, 8.1398 ], [ 13.0268, 8.1535 ], [ 13.03, 8.172 ], [ 13.0233, 8.1725 ], [ 13.0194, 8.181 ], [ 13.0096, 8.1709 ], [ 13.0053, 8.1472 ], [ 13.0142, 8.1377 ], [ 13.0193, 8.1133 ], [ 13.0459, 8.0891 ], [ 13.0502, 8.0763 ], [ 13.0451, 8.0647 ], [ 13.0451, 8.0516 ], [ 13.0753, 8.0284 ], [ 13.0816, 8.0259 ], [ 13.1051, 8.026 ], [ 13.1175, 8.013 ], [ 13.1228, 8.0138 ], [ 13.1316, 8.0072 ], [ 13.151, 8.0023 ], [ 13.1571, 7.9982 ], [ 13.1598, 7.9823 ], [ 13.1748, 7.9821 ], [ 13.1795, 7.9749 ], [ 13.186, 7.9783 ], [ 13.2017, 7.9732 ], [ 13.2151, 7.9739 ], [ 13.2253, 7.9686 ], [ 13.2422, 7.9708 ], [ 13.2704, 7.9656 ], [ 13.2989, 7.9716 ], [ 13.3035, 7.9673 ], [ 13.3141, 7.9683 ], [ 13.3308, 7.9738 ], [ 13.3394, 7.9731 ], [ 13.3422, 7.9683 ], [ 13.3548, 7.9641 ], [ 13.3609, 7.9649 ], [ 13.3651, 7.9698 ], [ 13.4087, 7.962 ], [ 13.4155, 7.9586 ], [ 13.4265, 7.9421 ], [ 13.4215, 7.9248 ], [ 13.4226, 7.9171 ], [ 13.4345, 7.9104 ], [ 13.4448, 7.9093 ], [ 13.463, 7.9104 ], [ 13.5085, 7.9221 ], [ 13.518, 7.9159 ], [ 13.55, 7.9135 ], [ 13.5714, 7.9054 ], [ 13.5897, 7.9253 ], [ 13.5987, 7.9212 ], [ 13.6111, 7.9253 ], [ 13.6194, 7.9232 ], [ 13.623, 7.9263 ], [ 13.6269, 7.9227 ], [ 13.6347, 7.9225 ], [ 13.6444, 7.9295 ], [ 13.6549, 7.9272 ], [ 13.6785, 7.936 ], [ 13.6869, 7.9422 ], [ 13.6865, 7.9471 ], [ 13.6999, 7.9546 ], [ 13.7081, 7.9519 ], [ 13.7154, 7.944 ], [ 13.7111, 7.9375 ], [ 13.7173, 7.9288 ], [ 13.7244, 7.9293 ], [ 13.745, 7.9127 ], [ 13.742, 7.9051 ], [ 13.7444, 7.882 ], [ 13.7351, 7.86 ], [ 13.7392, 7.8473 ], [ 13.7493, 7.8381 ], [ 13.7626, 7.8159 ], [ 13.7658, 7.8155 ], [ 13.7642, 7.8126 ], [ 13.7684, 7.8042 ], [ 13.7649, 7.7999 ], [ 13.7731, 7.7908 ], [ 13.7707, 7.7888 ], [ 13.7754, 7.7876 ], [ 13.7738, 7.7802 ], [ 13.7785, 7.7736 ], [ 13.7831, 7.7727 ], [ 13.7866, 7.7601 ], [ 13.7929, 7.7592 ], [ 13.8043, 7.7482 ], [ 13.8118, 7.7455 ], [ 13.8187, 7.7484 ], [ 13.8272, 7.7459 ], [ 13.8303, 7.7376 ], [ 13.8406, 7.7332 ], [ 13.8407, 7.7273 ], [ 13.8517, 7.7232 ], [ 13.86, 7.712 ], [ 13.8849, 7.705 ], [ 13.8825, 7.6971 ], [ 13.8846, 7.6923 ], [ 13.8735, 7.675 ], [ 13.8833, 7.6676 ], [ 13.8912, 7.6532 ], [ 13.8882, 7.643 ], [ 13.8716, 7.6246 ], [ 13.8757, 7.6159 ], [ 13.8828, 7.616 ], [ 13.8903, 7.6057 ], [ 13.8981, 7.603 ], [ 13.9016, 7.5976 ], [ 13.9049, 7.5978 ], [ 13.9037, 7.5951 ], [ 13.9107, 7.5937 ], [ 13.9131, 7.5896 ], [ 13.9264, 7.5892 ], [ 13.9306, 7.5926 ], [ 13.9417, 7.5889 ], [ 13.9525, 7.5792 ], [ 13.956, 7.5822 ], [ 13.9837, 7.5773 ], [ 13.9914, 7.5601 ], [ 14.0025, 7.5584 ], [ 14.0075, 7.553 ], [ 14.013, 7.5579 ], [ 14.0261, 7.5575 ], [ 14.0227, 7.5607 ], [ 14.0312, 7.5607 ], [ 14.0338, 7.5639 ], [ 14.0346, 7.5603 ], [ 14.0606, 7.5635 ], [ 14.0839, 7.5567 ], [ 14.0946, 7.5584 ], [ 14.0944, 7.5609 ], [ 14.1043, 7.5659 ], [ 14.1038, 7.5686 ], [ 14.1094, 7.5681 ], [ 14.1117, 7.573 ], [ 14.1269, 7.5689 ], [ 14.1377, 7.5542 ], [ 14.1374, 7.5473 ], [ 14.1329, 7.5417 ], [ 14.1379, 7.5357 ], [ 14.1326, 7.5225 ], [ 14.1332, 7.5101 ], [ 14.1448, 7.4851 ], [ 14.1582, 7.4822 ], [ 14.1623, 7.4759 ], [ 14.1673, 7.479 ], [ 14.1775, 7.4765 ], [ 14.1763, 7.4708 ], [ 14.1828, 7.4607 ], [ 14.2149, 7.4581 ], [ 14.2151, 7.4428 ], [ 14.2204, 7.4329 ], [ 14.216, 7.4046 ], [ 14.2272, 7.3964 ], [ 14.2436, 7.3934 ], [ 14.2385, 7.3851 ], [ 14.2394, 7.3767 ], [ 14.2365, 7.3759 ], [ 14.2454, 7.3698 ], [ 14.2461, 7.3555 ], [ 14.2535, 7.3461 ], [ 14.2745, 7.3363 ], [ 14.2826, 7.3292 ], [ 14.2799, 7.3211 ], [ 14.2953, 7.3167 ], [ 14.3047, 7.3067 ], [ 14.3123, 7.3134 ], [ 14.3198, 7.3092 ], [ 14.3259, 7.3114 ], [ 14.3431, 7.3078 ], [ 14.3423, 7.2944 ], [ 14.3329, 7.2771 ], [ 14.3556, 7.2707 ], [ 14.3569, 7.2477 ], [ 14.353, 7.2376 ], [ 14.3583, 7.2312 ], [ 14.3622, 7.2172 ], [ 14.361, 7.2051 ], [ 14.351, 7.1946 ], [ 14.3362, 7.1939 ], [ 14.3273, 7.1816 ], [ 14.3226, 7.1641 ], [ 14.3409, 7.1609 ], [ 14.3521, 7.1547 ], [ 14.3776, 7.1533 ], [ 14.3856, 7.1496 ], [ 14.3947, 7.1542 ], [ 14.3986, 7.149 ], [ 14.4057, 7.1493 ], [ 14.4264, 7.1662 ], [ 14.4332, 7.1676 ], [ 14.4395, 7.1639 ], [ 14.4401, 7.1561 ], [ 14.4471, 7.1511 ], [ 14.4597, 7.1586 ], [ 14.4653, 7.155 ], [ 14.4812, 7.1549 ], [ 14.4856, 7.1518 ], [ 14.4961, 7.1539 ], [ 14.4995, 7.1592 ], [ 14.504, 7.1595 ], [ 14.5068, 7.1546 ], [ 14.5113, 7.1625 ], [ 14.5208, 7.1615 ], [ 14.5238, 7.1545 ], [ 14.5195, 7.1515 ], [ 14.5222, 7.1486 ], [ 14.5217, 7.1359 ], [ 14.5343, 7.1299 ], [ 14.5316, 7.1248 ], [ 14.5391, 7.1235 ], [ 14.5413, 7.1063 ], [ 14.547, 7.1002 ], [ 14.5506, 7.1011 ], [ 14.5521, 7.0969 ], [ 14.5589, 7.0973 ], [ 14.5599, 7.0903 ], [ 14.5699, 7.0812 ], [ 14.5731, 7.0669 ], [ 14.5638, 7.0594 ], [ 14.5687, 7.0582 ], [ 14.5791, 7.0631 ], [ 14.5885, 7.0749 ], [ 14.6055, 7.0674 ], [ 14.6314, 7.0669 ], [ 14.644, 7.062 ], [ 14.6549, 7.044 ], [ 14.6486, 7.0388 ], [ 14.6504, 7.0328 ], [ 14.6458, 7.0235 ], [ 14.6503, 7.0147 ], [ 14.7275, 7.0231 ], [ 14.7595, 7.0397 ], [ 14.7651, 7.0395 ], [ 14.7753, 7.0546 ], [ 14.7909, 7.059 ], [ 14.8062, 7.0725 ], [ 14.8344, 7.0851 ], [ 14.8731, 7.0802 ], [ 14.8925, 7.1037 ], [ 14.9104, 7.1037 ], [ 14.911, 7.1078 ], [ 14.9167, 7.1111 ], [ 14.9331, 7.1122 ], [ 14.9711, 7.1325 ], [ 14.9946, 7.1371 ], [ 15.0478, 7.1759 ], [ 15.0773, 7.179 ], [ 15.0858, 7.1632 ], [ 15.1165, 7.1515 ], [ 15.1262, 7.1633 ], [ 15.1449, 7.1723 ], [ 15.1607, 7.1895 ], [ 15.1736, 7.193 ], [ 15.1834, 7.2059 ], [ 15.1891, 7.2058 ], [ 15.1945, 7.2123 ], [ 15.2009, 7.2126 ], [ 15.2026, 7.2185 ], [ 15.2065, 7.2184 ] ] ] } },
{ "type": "Feature", "properties": { "iso3": "CMR", "unit_id": "13109269B49015150629042", "unit_name": "Boyo" }, "geometry": { "type": "Polygon", "coordinates": [ [ [ 10.4541, 6.7147 ], [ 10.447, 6.7112 ], [ 10.4271, 6.6896 ], [ 10.4126, 6.6883 ], [ 10.3974, 6.6698 ], [ 10.3839, 6.6639 ], [ 10.3785, 6.6464 ], [ 10.3735, 6.6488 ], [ 10.3712, 6.6468 ], [ 10.3698, 6.6517 ], [ 10.3641, 6.6514 ], [ 10.3595, 6.6584 ], [ 10.3539, 6.6521 ], [ 10.3416, 6.6511 ], [ 10.3474, 6.631 ], [ 10.3448, 6.629 ], [ 10.3475, 6.6269 ], [ 10.3552, 6.5459 ], [ 10.3627, 6.5346 ], [ 10.3562, 6.5302 ], [ 10.3445, 6.5104 ], [ 10.3401, 6.5079 ], [ 10.3479, 6.4953 ], [ 10.3434, 6.489 ], [ 10.3337, 6.4848 ], [ 10.3322, 6.4755 ], [ 10.3349, 6.4724 ], [ 10.3298, 6.4576 ], [ 10.3326, 6.455 ], [ 10.324, 6.4399 ], [ 10.325, 6.4307 ], [ 10.316, 6.4299 ], [ 10.3099, 6.412 ], [ 10.2908, 6.407 ], [ 10.293, 6.3958 ], [ 10.3002, 6.3852 ], [ 10.295, 6.3672 ], [ 10.3021, 6.3581 ], [ 10.3053, 6.3392 ], [ 10.2849, 6.343 ], [ 10.2706, 6.337 ], [ 10.2564, 6.3366 ], [ 10.2477, 6.3299 ], [ 10.2326, 6.3368 ], [ 10.2181, 6.3332 ], [ 10.2127, 6.3441 ], [ 10.206, 6.3471 ], [ 10.2046, 6.3565 ], [ 10.1891, 6.3688 ], [ 10.1663, 6.3715 ], [ 10.1628, 6.3693 ], [ 10.1372, 6.3377 ], [ 10.1187, 6.3056 ], [ 10.112, 6.3029 ], [ 10.1142, 6.293 ], [ 10.1098, 6.2856 ], [ 10.112, 6.2779 ], [ 10.1067, 6.2662 ], [ 10.1106, 6.2618 ], [ 10.1032, 6.2597 ], [ 10.099, 6.2619 ], [ 10.0894, 6.2577 ], [ 10.0812, 6.2435 ], [ 10.083, 6.2362 ], [ 10.0765, 6.2368 ], [ 10.0754, 6.2396 ], [ 10.0755, 6.2348 ], [ 10.0689, 6.2301 ], [ 10.0751, 6.2236 ], [ 10.0691, 6.2205 ], [ 10.0772, 6.223 ], [ 10.0745, 6.2187 ], [ 10.0829, 6.2145 ], [ 10.086, 6.2168 ], [ 10.0863, 6.2112 ], [ 10.0903, 6.208 ], [ 10.0857, 6.2066 ], [ 10.0901, 6.2009 ], [ 10.0862, 6.2011 ], [ 10.0874, 6.1967 ], [ 10.0826, 6.1971 ], [ 10.0813, 6.1856 ], [ 10.0735, 6.1814 ], [ 10.0759, 6.1752 ], [ 10.0827, 6.1752 ], [ 10.0833, 6.1698 ], [ 10.0884, 6.1665 ], [ 10.0879, 6.1619 ], [ 10.1032, 6.1571 ], [ 10.1081, 6.1615 ], [ 10.1127, 6.1573 ], [ 10.1229, 6.1642 ], [ 10.1334, 6.1667 ], [ 10.1399, 6.1761 ], [ 10.1533, 6.1799 ], [ 10.1616, 6.1732 ], [ 10.1722, 6.1794 ], [ 10.1888, 6.1804 ], [ 10.1956, 6.1775 ], [ 10.201, 6.1693 ], [ 10.1972, 6.164 ], [ 10.204, 6.1538 ], [ 10.2154, 6.1555 ], [ 10.2235, 6.1468 ], [ 10.2365, 6.1559 ], [ 10.2446, 6.1547 ], [ 10.2679, 6.1594 ], [ 10.298, 6.1498 ], [ 10.3109, 6.1523 ], [ 10.3151, 6.1355 ], [ 10.3207, 6.1324 ], [ 10.3331, 6.1064 ], [ 10.3448, 6.1004 ], [ 10.3642, 6.1051 ], [ 10.3622, 6.1208 ], [ 10.373, 6.1323 ], [ 10.3895, 6.141 ], [ 10.4118, 6.1444 ], [ 10.4245, 6.1532 ], [ 10.4327, 6.1541 ], [ 10.4375, 6.1634 ], [ 10.4531, 6.1783 ], [ 10.4543, 6.1956 ], [ 10.4346, 6.2249 ], [ 10.4278, 6.2302 ], [ 10.4296, 6.2396 ], [ 10.4364, 6.2463 ], [ 10.4474, 6.2457 ], [ 10.4523, 6.2483 ], [ 10.4544, 6.2534 ], [ 10.4678, 6.2486 ], [ 10.4737, 6.263 ], [ 10.472, 6.2746 ], [ 10.4757, 6.2913 ], [ 10.4977, 6.2925 ], [ 10.515, 6.3027 ], [ 10.5028, 6.3161 ], [ 10.5056, 6.3329 ], [ 10.5022, 6.3372 ], [ 10.4962, 6.335 ], [ 10.4923, 6.3471 ], [ 10.4966, 6.3482 ], [ 10.4983, 6.3528 ], [ 10.5035, 6.3525 ], [ 10.514, 6.3584 ], [ 10.521, 6.3661 ], [ 10.52, 6.3728 ], [ 10.5324, 6.3719 ], [ 10.5384, 6.3745 ], [ 10.5459, 6.3868 ], [ 10.5481, 6.4012 ], [ 10.555, 6.4059 ], [ 10.5573, 6.4194 ], [ 10.5616, 6.4257 ], [ 10.5595, 6.4319 ], [ 10.5672, 6.4355 ], [ 10.5662, 6.4505 ], [ 10.5696, 6.4573 ], [ 10.5695, 6.4605 ], [ 10.5517, 6.4719 ], [ 10.5509, 6.4768 ], [ 10.5323, 6.4712 ], [ 10.5247, 6.4734 ], [ 10.5149, 6.4818 ], [ 10.5189, 6.4872 ], [ 10.5153, 6.4968 ], [ 10.5162, 6.5092 ], [ 10.523, 6.515 ], [ 10.5256, 6.5256 ], [ 10.5192, 6.5337 ], [ 10.5295, 6.5372 ], [ 10.5256, 6.5473 ], [ 10.5153, 6.5593 ], [ 10.5202, 6.5679 ], [ 10.5208, 6.5798 ], [ 10.5155, 6.5861 ], [ 10.521, 6.5909 ], [ 10.5092, 6.6182 ], [ 10.5137, 6.6253 ], [ 10.5113, 6.641 ], [ 10.5008, 6.6422 ], [ 10.4795, 6.6587 ], [ 10.463, 6.6621 ], [ 10.4566, 6.6666 ], [ 10.4541, 6.7147 ] ] ] } },
{ "type": "Feature", "properties": { "iso3": "CMR", "unit_id": "13109269B75039488599635", "unit_name": "Bui" }, "geometry": { "type": "Polygon", "coordinates": [ [ [ 10.4375, 6.1634 ], [ 10.4302, 6.1478 ], [ 10.4347, 6.1334 ], [ 10.4299, 6.1155 ], [ 10.4315, 6.1048 ], [ 10.4437, 6.1024 ], [ 10.4463, 6.1055 ], [ 10.4646, 6.1041 ], [ 10.4862, 6.107 ], [ 10.495, 6.1211 ], [ 10.5014, 6.1231 ], [ 10.514, 6.1066 ], [ 10.5232, 6.1023 ], [ 10.5237, 6.0895 ], [ 10.5344, 6.0836 ], [ 10.5338, 6.0742 ], [ 10.5397, 6.0684 ], [ 10.5394, 6.0629 ], [ 10.5438, 6.0559 ], [ 10.5522, 6.053 ], [ 10.5725, 6.0577 ], [ 10.5727, 6.0739 ], [ 10.596, 6.0779 ], [ 10.6224, 6.0125 ], [ 10.6387, 6.014 ], [ 10.6517, 5.9882 ], [ 10.6566, 5.9899 ], [ 10.6603, 5.9876 ], [ 10.6596, 5.9812 ], [ 10.6606, 5.9856 ], [ 10.6798, 5.9931 ], [ 10.6836, 5.9977 ], [ 10.6844, 6.0057 ], [ 10.7007, 6.0179 ], [ 10.7039, 6.0368 ], [ 10.707, 6.0394 ], [ 10.7166, 6.0329 ], [ 10.7219, 6.0401 ], [ 10.733, 6.0237 ], [ 10.751, 6.0234 ], [ 10.7577, 6.0179 ], [ 10.7641, 6.0205 ], [ 10.7734, 6.0167 ], [ 10.7754, 6.021 ], [ 10.7879, 6.0193 ], [ 10.7921, 6.0118 ], [ 10.8024, 6.01 ], [ 10.8066, 6.0017 ], [ 10.8169, 6.0006 ], [ 10.8251, 5.9846 ], [ 10.8387, 5.9809 ], [ 10.8422, 5.9765 ], [ 10.8511, 5.9864 ], [ 10.8528, 6.0054 ], [ 10.8619, 6.0199 ], [ 10.891, 6.0197 ], [ 10.8995, 6.0141 ], [ 10.9076, 6.0171 ], [ 10.9267, 6.0166 ], [ 10.9326, 6.0239 ], [ 10.9473, 6.03 ], [ 10.9519, 6.0358 ], [ 10.9596, 6.0351 ], [ 10.9715, 6.0447 ], [ 10.9759, 6.0579 ], [ 10.9894, 6.0648 ], [ 10.9934, 6.0792 ], [ 10.9991, 6.0814 ], [ 10.9995, 6.0889 ], [ 10.9911, 6.0994 ], [ 10.9915, 6.1108 ], [ 11.0008, 6.1252 ], [ 11.0109, 6.1522 ], [ 10.9966, 6.2366 ], [ 11.0047, 6.2375 ], [ 11.016, 6.233 ], [ 11.0278, 6.2384 ], [ 11.0437, 6.2283 ], [ 11.0525, 6.2263 ], [ 11.0493, 6.2312 ], [ 11.0503, 6.2364 ], [ 11.0452, 6.2387 ], [ 11.0429, 6.2523 ], [ 11.0353, 6.2591 ], [ 11.0223, 6.2591 ], [ 11.0184, 6.2734 ], [ 10.9895, 6.28 ], [ 10.9835, 6.2728 ], [ 10.9748, 6.2715 ], [ 10.9715, 6.2645 ], [ 10.95, 6.2652 ], [ 10.9371, 6.2883 ], [ 10.9309, 6.2935 ], [ 10.9206, 6.298 ], [ 10.9062, 6.2934 ], [ 10.9024, 6.2952 ], [ 10.889, 6.3152 ], [ 10.882, 6.3184 ], [ 10.8674, 6.3423 ], [ 10.8506, 6.3493 ], [ 10.8419, 6.3464 ], [ 10.8369, 6.3494 ], [ 10.8251, 6.3445 ], [ 10.8172, 6.348 ], [ 10.8092, 6.3481 ], [ 10.8073, 6.3453 ], [ 10.8019, 6.3527 ], [ 10.7923, 6.3508 ], [ 10.7802, 6.3549 ], [ 10.7724, 6.3524 ], [ 10.7558, 6.366 ], [ 10.7656, 6.3799 ], [ 10.7591, 6.3932 ], [ 10.7217, 6.3992 ], [ 10.7109, 6.3918 ], [ 10.7034, 6.394 ], [ 10.6889, 6.3828 ], [ 10.6807, 6.4015 ], [ 10.6783, 6.423 ], [ 10.6668, 6.4263 ], [ 10.6592, 6.438 ], [ 10.661, 6.4408 ], [ 10.6545, 6.4374 ], [ 10.6469, 6.4411 ], [ 10.6416, 6.4507 ], [ 10.6312, 6.4501 ], [ 10.6285, 6.4564 ], [ 10.6232, 6.4564 ], [ 10.6232, 6.4694 ], [ 10.6108, 6.47 ], [ 10.5995, 6.4795 ], [ 10.5907, 6.4746 ], [ 10.5892, 6.4685 ], [ 10.5695, 6.4605 ], [ 10.5662, 6.4505 ], [ 10.5672, 6.4355 ], [ 10.5595, 6.4319 ], [ 10.5616, 6.4257 ], [ 10.5573, 6.4194 ], [ 10.555, 6.4059 ], [ 10.5481, 6.4012 ], [ 10.5459, 6.3868 ], [ 10.5384, 6.3745 ], [ 10.5324, 6.3719 ], [ 10.52, 6.3728 ], [ 10.521, 6.3661 ], [ 10.514, 6.3584 ], [ 10.5035, 6.3525 ], [ 10.4983, 6.3528 ], [ 10.4966, 6.3482 ], [ 10.4923, 6.3471 ], [ 10.4962, 6.335 ], [ 10.5022, 6.3372 ], [ 10.5056, 6.3329 ], [ 10.5028, 6.3161 ], [ 10.515, 6.3027 ], [ 10.4977, 6.2925 ], [ 10.4757, 6.2913 ], [ 10.472, 6.2746 ], [ 10.4737, 6.263 ], [ 10.4678, 6.2486 ], [ 10.4544, 6.2534 ], [ 10.4523, 6.2483 ], [ 10.4474, 6.2457 ], [ 10.4364, 6.2463 ], [ 10.4296, 6.2396 ], [ 10.4278, 6.2302 ], [ 10.4346, 6.2249 ], [ 10.4543, 6.1956 ], [ 10.4531, 6.1783 ], [ 10.4375, 6.1634 ] ] ] } },
{ "type": "Feature", "properties": { "iso3": "CMR", "unit_id": "13109269B24084268647121", "unit_name": "Donga-Mantung" }, "geometry": { "type": "Polygon", "coordinates": [ [ [ 11.198, 6.5105 ], [ 11.167, 6.5044 ], [ 11.1663, 6.5 ], [ 11.1481, 6.5031 ], [ 11.1376, 6.512 ], [ 11.1376, 6.5301 ], [ 11.1302, 6.5287 ], [ 11.1152, 6.5139 ], [ 11.098, 6.5198 ], [ 11.094, 6.5247 ], [ 11.0965, 6.5447 ], [ 11.0928, 6.5767 ], [ 11.0969, 6.5849 ], [ 11.0937, 6.5961 ], [ 11.0962, 6.6001 ], [ 11.0927, 6.6042 ], [ 11.0938, 6.619 ], [ 11.0907, 6.6222 ], [ 11.0933, 6.6237 ], [ 11.0947, 6.6663 ], [ 11.0983, 6.6733 ], [ 11.095, 6.6815 ], [ 11.0816, 6.6941 ], [ 11.0802, 6.6921 ], [ 11.0695, 6.7092 ], [ 11.058, 6.7154 ], [ 11.0535, 6.7078 ], [ 11.0311, 6.7147 ], [ 10.9931, 6.687 ], [ 10.9901, 6.6921 ], [ 10.9877, 6.6869 ], [ 10.9795, 6.6874 ], [ 10.9762, 6.6914 ], [ 10.9663, 6.6871 ], [ 10.9649, 6.6912 ], [ 10.9484, 6.6956 ], [ 10.9454, 6.6872 ], [ 10.9271, 6.7037 ], [ 10.9164, 6.7091 ], [ 10.9117, 6.7386 ], [ 10.9139, 6.7577 ], [ 10.9107, 6.7659 ], [ 10.9024, 6.7731 ], [ 10.8999, 6.7635 ], [ 10.8955, 6.7626 ], [ 10.8868, 6.7724 ], [ 10.8764, 6.7959 ], [ 10.8547, 6.8098 ], [ 10.8483, 6.8056 ], [ 10.8462, 6.8099 ], [ 10.8379, 6.8116 ], [ 10.8244, 6.8278 ], [ 10.8163, 6.8438 ], [ 10.8192, 6.8506 ], [ 10.8142, 6.8551 ], [ 10.8172, 6.8629 ], [ 10.8229, 6.8658 ], [ 10.8214, 6.8756 ], [ 10.8405, 6.9244 ], [ 10.8381, 6.9383 ], [ 10.813, 6.9481 ], [ 10.7986, 6.9625 ], [ 10.7885, 6.9602 ], [ 10.7787, 6.9671 ], [ 10.7647, 6.9556 ], [ 10.7585, 6.9637 ], [ 10.7475, 6.9696 ], [ 10.7473, 6.9757 ], [ 10.738, 6.989 ], [ 10.7326, 6.9913 ], [ 10.7205, 6.9886 ], [ 10.7082, 6.9991 ], [ 10.7004, 7.0133 ], [ 10.6833, 7.0162 ], [ 10.679, 7.0243 ], [ 10.6786, 7.0397 ], [ 10.6577, 7.0515 ], [ 10.6527, 7.0427 ], [ 10.6246, 7.0495 ], [ 10.5956, 7.0767 ], [ 10.6044, 7.0953 ], [ 10.6056, 7.1063 ], [ 10.5993, 7.1189 ], [ 10.6003, 7.1317 ], [ 10.5953, 7.1467 ], [ 10.5851, 7.1494 ], [ 10.5821, 7.1559 ], [ 10.5716, 7.1622 ], [ 10.5664, 7.1458 ], [ 10.5617, 7.0932 ], [ 10.5644, 7.0876 ], [ 10.5598, 7.085 ], [ 10.5598, 7.0318 ], [ 10.5509, 6.9783 ], [ 10.542, 6.9665 ], [ 10.5408, 6.9385 ], [ 10.5351, 6.9383 ], [ 10.5263, 6.9268 ], [ 10.496, 6.9156 ], [ 10.4924, 6.9024 ], [ 10.4889, 6.8999 ], [ 10.4814, 6.9014 ], [ 10.4698, 6.9147 ], [ 10.4621, 6.916 ], [ 10.4095, 6.9097 ], [ 10.4169, 6.8821 ], [ 10.4293, 6.8637 ], [ 10.4302, 6.8478 ], [ 10.4266, 6.8398 ], [ 10.429, 6.8285 ], [ 10.4434, 6.8157 ], [ 10.4478, 6.7493 ], [ 10.4563, 6.7098 ], [ 10.4539, 6.6819 ], [ 10.4566, 6.6666 ], [ 10.463, 6.6621 ], [ 10.4795, 6.6587 ], [ 10.5008, 6.6422 ], [ 10.5113, 6.641 ], [ 10.5137, 6.6253 ], [ 10.5092, 6.6182 ], [ 10.521, 6.5909 ], [ 10.5155, 6.5861 ], [ 10.5208, 6.5798 ], [ 10.5202, 6.5679 ], [ 10.5153, 6.5593 ], [ 10.5256, 6.5473 ], [ 10.5295, 6.5372 ], [ 10.5192, 6.5337 ], [ 10.5256, 6.5256 ], [ 10.523, 6.515 ], [ 10.5162, 6.5092 ], [ 10.5153, 6.4968 ], [ 10.5189, 6.4872 ], [ 10.5149, 6.4818 ], [ 10.5247, 6.4734 ], [ 10.5323, 6.4712 ], [ 10.5509, 6.4768 ], [ 10.5517, 6.4719 ], [ 10.5676, 6.4604 ], [ 10.5892, 6.4685 ], [ 10.5907, 6.4746 ], [ 10.5995, 6.4795 ], [ 10.6108, 6.47 ], [ 10.6232, 6.4694 ], [ 10.6232, 6.4564 ], [ 10.6285, 6.4564 ], [ 10.6312, 6.4501 ], [ 10.6416, 6.4507 ], [ 10.6469, 6.4411 ], [ 10.6545, 6.4374 ], [ 10.661, 6.4408 ], [ 10.6592, 6.438 ], [ 10.6668, 6.4263 ], [ 10.6783, 6.423 ], [ 10.6807, 6.4015 ], [ 10.6889, 6.3828 ], [ 10.7034, 6.394 ], [ 10.7109, 6.3918 ], [ 10.7217, 6.3992 ], [ 10.7591, 6.3932 ], [ 10.7656, 6.3799 ], [ 10.7558, 6.366 ], [ 10.766, 6.3561 ], [ 10.7724, 6.3524 ], [ 10.7802, 6.3549 ], [ 10.7923, 6.3508 ], [ 10.8019, 6.3527 ], [ 10.8073, 6.3453 ], [ 10.8092, 6.3481 ], [ 10.8172, 6.348 ], [ 10.8282, 6.3445 ], [ 10.8369, 6.3494 ], [ 10.8419, 6.3464 ], [ 10.8506, 6.3493 ], [ 10.8674, 6.3423 ], [ 10.882, 6.3184 ], [ 10.889, 6.3152 ], [ 10.9024, 6.2952 ], [ 10.9062, 6.2934 ], [ 10.9206, 6.298 ], [ 10.9309, 6.2935 ], [ 10.9371, 6.2883 ], [ 10.95, 6.2652 ], [ 10.9715, 6.2645 ], [ 10.9748, 6.2715 ], [ 10.9835, 6.2728 ], [ 10.9895, 6.28 ], [ 11.0184, 6.2734 ], [ 11.0223, 6.2591 ], [ 11.0353, 6.2591 ], [ 11.0429, 6.2523 ], [ 11.0452, 6.2387 ], [ 11.0503, 6.2364 ], [ 11.0493, 6.2312 ], [ 11.0536, 6.2254 ], [ 11.0517, 6.2155 ], [ 11.0676, 6.2075 ], [ 11.0749, 6.2153 ], [ 11.0824, 6.2142 ], [ 11.0851, 6.2175 ], [ 11.0883, 6.2154 ], [ 11.0977, 6.2186 ], [ 11.0986, 6.2165 ], [ 11.1004, 6.2191 ], [ 11.1062, 6.2172 ], [ 11.1119, 6.2229 ], [ 11.1227, 6.2231 ], [ 11.1266, 6.2273 ], [ 11.1392, 6.2249 ], [ 11.1404, 6.2335 ], [ 11.1464, 6.2402 ], [ 11.1452, 6.247 ], [ 11.155, 6.252 ], [ 11.1561, 6.2574 ], [ 11.1623, 6.2587 ], [ 11.1626, 6.2644 ], [ 11.181, 6.2591 ], [ 11.1851, 6.2552 ], [ 11.198, 6.2575 ], [ 11.1841, 6.2638 ], [ 11.1826, 6.2798 ], [ 11.1889, 6.3099 ], [ 11.2077, 6.3221 ], [ 11.2056, 6.3354 ], [ 11.2104, 6.3477 ], [ 11.1972, 6.3652 ], [ 11.2044, 6.3858 ], [ 11.1996, 6.4016 ], [ 11.2008, 6.4123 ], [ 11.2071, 6.4248 ], [ 11.2066, 6.4302 ], [ 11.2009, 6.4341 ], [ 11.1919, 6.4504 ], [ 11.2051, 6.4886 ], [ 11.198, 6.5105 ] ] ] } },
{ "type": "Feature", "properties": { "iso3": "CMR", "unit_id": "13109269B4721852946492", "unit_name": "Menchum" }, "geometry": { "type": "Polygon", "coordinates": [ [ [ 10.4541, 6.7147 ], [ 10.4478, 6.7493 ], [ 10.4434, 6.8157 ], [ 10.429, 6.8285 ], [ 10.4266, 6.8398 ], [ 10.4302, 6.8478 ], [ 10.4293, 6.8637 ], [ 10.4169, 6.8821 ], [ 10.4095, 6.9097 ], [ 10.2155, 6.8893 ], [ 10.1722, 6.9418 ], [ 10.1732, 6.945 ], [ 10.1768, 6.9451 ], [ 10.1765, 6.9544 ], [ 10.1812, 6.9679 ], [ 10.1773, 6.9779 ], [ 10.1792, 6.9855 ], [ 10.1691, 6.9908 ], [ 10.1709, 6.9954 ], [ 10.1679, 6.9958 ], [ 10.166, 7.0016 ], [ 10.1765, 7.0139 ], [ 10.1583, 7.0209 ], [ 10.1623, 7.0357 ], [ 10.1568, 7.0379 ], [ 10.1505, 7.0384 ], [ 10.0309, 6.9233 ], [ 10.0183, 6.9204 ], [ 10.0126, 6.9038 ], [ 9.9961, 6.8979 ], [ 9.9271, 6.8319 ], [ 9.863, 6.7759 ], [ 9.8558, 6.781 ], [ 9.8409, 6.7785 ], [ 9.8405, 6.7807 ], [ 9.8252, 6.7827 ], [ 9.816, 6.7813 ], [ 9.8063, 6.7905 ], [ 9.7994, 6.7832 ], [ 9.7795, 6.7946 ], [ 9.7726, 6.78 ], [ 9.7702, 6.7656 ], [ 9.7637, 6.7594 ], [ 9.7684, 6.7562 ], [ 9.7685, 6.7492 ], [ 9.764, 6.723 ], [ 9.7602, 6.7161 ], [ 9.7624, 6.7122 ], [ 9.7606, 6.7024 ], [ 9.7566, 6.6957 ], [ 9.7652, 6.6909 ], [ 9.7651, 6.6793 ], [ 9.7499, 6.6782 ], [ 9.7538, 6.6749 ], [ 9.7536, 6.6589 ], [ 9.7512, 6.6525 ], [ 9.7444, 6.6478 ], [ 9.7397, 6.6236 ], [ 9.7275, 6.6004 ], [ 9.7233, 6.5758 ], [ 9.7168, 6.5627 ], [ 9.7148, 6.5465 ], [ 9.7106, 6.5408 ], [ 9.712, 6.5363 ], [ 9.7078, 6.5286 ], [ 9.7084, 6.518 ], [ 9.7044, 6.5054 ], [ 9.7067, 6.5003 ], [ 9.7418, 6.4858 ], [ 9.7438, 6.4773 ], [ 9.7382, 6.4693 ], [ 9.7403, 6.463 ], [ 9.7361, 6.4578 ], [ 9.7375, 6.4506 ], [ 9.7339, 6.4395 ], [ 9.7377, 6.4347 ], [ 9.7346, 6.4319 ], [ 9.7501, 6.4204 ], [ 9.7494, 6.4082 ], [ 9.7635, 6.39 ], [ 9.7589, 6.3615 ], [ 9.7683, 6.3417 ], [ 9.7723, 6.3051 ], [ 9.7882, 6.2859 ], [ 9.7883, 6.2721 ], [ 9.7998, 6.2615 ], [ 9.8074, 6.2688 ], [ 9.8122, 6.2809 ], [ 9.8163, 6.2775 ], [ 9.8354, 6.2777 ], [ 9.8404, 6.2668 ], [ 9.8382, 6.2586 ], [ 9.8425, 6.2347 ], [ 9.8568, 6.2105 ], [ 9.8721, 6.2091 ], [ 9.8796, 6.2161 ], [ 9.8944, 6.2168 ], [ 9.9123, 6.2229 ], [ 9.9084, 6.2264 ], [ 9.9092, 6.2455 ], [ 9.92, 6.266 ], [ 9.9246, 6.2622 ], [ 9.9442, 6.2629 ], [ 9.9539, 6.2709 ], [ 9.9544, 6.2814 ], [ 9.9785, 6.2914 ], [ 9.9822, 6.3024 ], [ 10.0186, 6.3043 ], [ 10.017, 6.3012 ], [ 10.0205, 6.2956 ], [ 10.0282, 6.2925 ], [ 10.0378, 6.2807 ], [ 10.044, 6.2781 ], [ 10.0399, 6.2662 ], [ 10.0455, 6.2576 ], [ 10.047, 6.2618 ], [ 10.0492, 6.26 ], [ 10.0497, 6.2517 ], [ 10.0467, 6.2467 ], [ 10.0494, 6.2451 ], [ 10.0515, 6.2496 ], [ 10.055, 6.2498 ], [ 10.0571, 6.2461 ], [ 10.0528, 6.2413 ], [ 10.0559, 6.2382 ], [ 10.0608, 6.2388 ], [ 10.058, 6.2342 ], [ 10.0605, 6.2278 ], [ 10.0654, 6.2276 ], [ 10.0755, 6.2348 ], [ 10.0754, 6.2396 ], [ 10.0765, 6.2368 ], [ 10.083, 6.2362 ], [ 10.0812, 6.2435 ], [ 10.0894, 6.2577 ], [ 10.099, 6.2619 ], [ 10.1032, 6.2597 ], [ 10.1106, 6.2618 ], [ 10.1067, 6.2662 ], [ 10.112, 6.2779 ], [ 10.1098, 6.2856 ], [ 10.1142, 6.293 ], [ 10.112, 6.3029 ], [ 10.1187, 6.3056 ], [ 10.1372, 6.3377 ], [ 10.1663, 6.3715 ], [ 10.1891, 6.3688 ], [ 10.2046, 6.3565 ], [ 10.206, 6.3471 ], [ 10.2127, 6.3441 ], [ 10.2181, 6.3332 ], [ 10.2326, 6.3368 ], [ 10.2477, 6.3299 ], [ 10.2564, 6.3366 ], [ 10.2706, 6.337 ], [ 10.2849, 6.343 ], [ 10.3053, 6.3392 ], [ 10.3021, 6.3581 ], [ 10.295, 6.3672 ], [ 10.3002, 6.3852 ], [ 10.293, 6.3958 ], [ 10.2908, 6.407 ], [ 10.3099, 6.412 ], [ 10.316, 6.4299 ], [ 10.325, 6.4307 ], [ 10.324, 6.4399 ], [ 10.3326, 6.455 ], [ 10.3298, 6.4576 ], [ 10.3349, 6.4724 ], [ 10.3322, 6.4755 ], [ 10.3337, 6.4848 ], [ 10.3434, 6.489 ], [ 10.3479, 6.4953 ], [ 10.3401, 6.5079 ], [ 10.3445, 6.5104 ], [ 10.3562, 6.5302 ], [ 10.3627, 6.5346 ], [ 10.3552, 6.5459 ], [ 10.3475, 6.6269 ], [ 10.3448, 6.629 ], [ 10.3474, 6.631 ], [ 10.3416, 6.6511 ], [ 10.3539, 6.6521 ], [ 10.3595, 6.6584 ], [ 10.3641, 6.6514 ], [ 10.3698, 6.6517 ], [ 10.3712, 6.6468 ], [ 10.3735, 6.6488 ], [ 10.3785, 6.6464 ], [ 10.3839, 6.6639 ], [ 10.3974, 6.6698 ], [ 10.4126, 6.6883 ], [ 10.4271, 6.6896 ], [ 10.447, 6.7112 ], [ 10.4541, 6.7147 ] ] ] } },
{ "type": "Feature", "properties": { "iso3": "CMR", "unit_id": "13109269B35076835343613", "unit_name": "Mezam" }, "geometry": { "type": "Polygon", "coordinates": [ [ [ 10.0689, 6.2301 ], [ 10.0605, 6.2278 ], [ 10.058, 6.2342 ], [ 10.0608, 6.2388 ], [ 10.0559, 6.2382 ], [ 10.0528, 6.2413 ], [ 10.0571, 6.2461 ], [ 10.055, 6.2498 ], [ 10.0515, 6.2496 ], [ 10.0494, 6.2451 ], [ 10.0467, 6.2467 ], [ 10.0497, 6.2517 ], [ 10.0492, 6.26 ], [ 10.047, 6.2618 ], [ 10.0455, 6.2576 ], [ 10.0399, 6.2662 ], [ 10.044, 6.2781 ], [ 10.0378, 6.2807 ], [ 10.0282, 6.2925 ], [ 10.0205, 6.2956 ], [ 10.017, 6.3012 ], [ 10.0186, 6.3043 ], [ 9.9822, 6.3024 ], [ 9.9785, 6.2914 ], [ 9.9544, 6.2814 ], [ 9.9539, 6.2709 ], [ 9.9442, 6.2629 ], [ 9.9246, 6.2622 ], [ 9.92, 6.266 ], [ 9.9092, 6.2455 ], [ 9.9084, 6.2264 ], [ 9.9123, 6.2229 ], [ 9.9388, 6.2225 ], [ 9.9411, 6.2164 ], [ 9.9545, 6.2031 ], [ 9.9574, 6.1873 ], [ 9.99, 6.1524 ], [ 10.0117, 6.1432 ], [ 10.0224, 6.1104 ], [ 10.0398, 6.1048 ], [ 10.0428, 6.0997 ], [ 10.0379, 6.0894 ], [ 10.0406, 6.0873 ], [ 10.0358, 6.0839 ], [ 10.0333, 6.073 ], [ 10.0392, 6.0692 ], [ 10.0355, 6.0618 ], [ 10.0379, 6.0577 ], [ 10.0337, 6.0526 ], [ 10.0381, 6.0468 ], [ 10.0371, 6.0389 ], [ 10.0393, 6.0399 ], [ 10.0372, 6.0369 ], [ 10.0342, 6.04 ], [ 10.0282, 6.0303 ], [ 10.034, 6.0242 ], [ 10.0347, 6.0133 ], [ 10.0365, 6.0148 ], [ 10.0401, 6.0111 ], [ 10.038, 6.0096 ], [ 10.0457, 6.0006 ], [ 10.0416, 5.9992 ], [ 10.0412, 5.9949 ], [ 10.0448, 5.993 ], [ 10.0427, 5.9903 ], [ 10.0467, 5.9877 ], [ 10.0479, 5.9922 ], [ 10.0501, 5.9896 ], [ 10.0545, 5.9909 ], [ 10.0559, 5.9852 ], [ 10.0522, 5.9817 ], [ 10.0519, 5.9717 ], [ 10.0584, 5.97 ], [ 10.0578, 5.9339 ], [ 10.0501, 5.9366 ], [ 10.0345, 5.9336 ], [ 10.0131, 5.9202 ], [ 9.9987, 5.9176 ], [ 9.9952, 5.9019 ], [ 9.9864, 5.9019 ], [ 9.978, 5.8961 ], [ 9.9869, 5.8721 ], [ 9.9772, 5.8544 ], [ 9.9691, 5.8629 ], [ 9.9497, 5.8665 ], [ 9.9453, 5.8596 ], [ 9.9394, 5.8594 ], [ 9.9358, 5.8478 ], [ 9.9423, 5.8367 ], [ 9.9528, 5.8324 ], [ 9.958, 5.8338 ], [ 9.96, 5.8278 ], [ 9.9696, 5.8235 ], [ 9.9758, 5.8144 ], [ 9.9712, 5.787 ], [ 9.972, 5.7792 ], [ 9.982, 5.7584 ], [ 9.9799, 5.7384 ], [ 9.9869, 5.7262 ], [ 9.9979, 5.7179 ], [ 10.0081, 5.7214 ], [ 10.06, 5.7198 ], [ 10.079, 5.7083 ], [ 10.0898, 5.7126 ], [ 10.0931, 5.7251 ], [ 10.1068, 5.7351 ], [ 10.1167, 5.7539 ], [ 10.1506, 5.7751 ], [ 10.156, 5.7752 ], [ 10.1645, 5.7637 ], [ 10.1827, 5.7697 ], [ 10.207, 5.7459 ], [ 10.209, 5.7446 ], [ 10.216, 5.7502 ], [ 10.22, 5.7383 ], [ 10.24, 5.7354 ], [ 10.2533, 5.722 ], [ 10.258, 5.7245 ], [ 10.2645, 5.7213 ], [ 10.2745, 5.7238 ], [ 10.2745, 5.7086 ], [ 10.2808, 5.7046 ], [ 10.2917, 5.7142 ], [ 10.3064, 5.7191 ], [ 10.3079, 5.7249 ], [ 10.3054, 5.7307 ], [ 10.287, 5.7429 ], [ 10.2787, 5.7598 ], [ 10.2785, 5.7684 ], [ 10.3147, 5.8019 ], [ 10.3112, 5.8224 ], [ 10.3048, 5.8314 ], [ 10.2997, 5.8489 ], [ 10.2797, 5.8598 ], [ 10.2825, 5.8836 ], [ 10.2864, 5.8877 ], [ 10.2669, 5.896 ], [ 10.2652, 5.9032 ], [ 10.2566, 5.9096 ], [ 10.2543, 5.9177 ], [ 10.2628, 5.9229 ], [ 10.2815, 5.9249 ], [ 10.2832, 5.9307 ], [ 10.294, 5.9395 ], [ 10.3088, 5.9371 ], [ 10.3165, 5.9444 ], [ 10.3483, 5.9417 ], [ 10.3619, 5.946 ], [ 10.3678, 5.9441 ], [ 10.3714, 5.9469 ], [ 10.3677, 5.9571 ], [ 10.3786, 5.9751 ], [ 10.3865, 5.9973 ], [ 10.389, 6.015 ], [ 10.3839, 6.0299 ], [ 10.3644, 6.0539 ], [ 10.3524, 6.0637 ], [ 10.3448, 6.1004 ], [ 10.3331, 6.1064 ], [ 10.3207, 6.1324 ], [ 10.3151, 6.1355 ], [ 10.3109, 6.1523 ], [ 10.298, 6.1498 ], [ 10.2679, 6.1594 ], [ 10.2446, 6.1547 ], [ 10.2365, 6.1559 ], [ 10.2235, 6.1468 ], [ 10.2154, 6.1555 ], [ 10.204, 6.1538 ], [ 10.1972, 6.164 ], [ 10.201, 6.1693 ], [ 10.1956, 6.1775 ], [ 10.1888, 6.1804 ], [ 10.1722, 6.1794 ], [ 10.1616, 6.1732 ], [ 10.1533, 6.1799 ], [ 10.1399, 6.1761 ], [ 10.1334, 6.1667 ], [ 10.1229, 6.1642 ], [ 10.1127, 6.1573 ], [ 10.1081, 6.1615 ], [ 10.1032, 6.1571 ], [ 10.0971, 6.1575 ], [ 10.0867, 6.1633 ], [ 10.0884, 6.1665 ], [ 10.0833, 6.1698 ], [ 10.0827, 6.1752 ], [ 10.0759, 6.1752 ], [ 10.0739, 6.1785 ], [ 10.0754, 6.1843 ], [ 10.0813, 6.1856 ], [ 10.0826, 6.1971 ], [ 10.0874, 6.1967 ], [ 10.0862, 6.2011 ], [ 10.0901, 6.2009 ], [ 10.0857, 6.2066 ], [ 10.0903, 6.208 ], [ 10.0863, 6.2112 ], [ 10.086, 6.2168 ], [ 10.0829, 6.2145 ], [ 10.0745, 6.2187 ], [ 10.0772, 6.223 ], [ 10.0691, 6.2205 ], [ 10.0751, 6.2236 ], [ 10.0689, 6.2301 ] ] ] } },
{ "type": "Feature", "properties": { "iso3": "CMR", "unit_id": "13109269B22631541362790", "unit_name": "Momo" }, "geometry": { "type": "Polygon", "coordinates": [ [ [ 9.7998, 6.2615 ], [ 9.8082, 6.2523 ], [ 9.8091, 6.239 ], [ 9.8163, 6.2213 ], [ 9.8048, 6.2095 ], [ 9.7806, 6.2058 ], [ 9.7717, 6.1993 ], [ 9.7731, 6.1946 ], [ 9.7896, 6.1843 ], [ 9.7867, 6.1771 ], [ 9.7893, 6.1691 ], [ 9.7666, 6.1586 ], [ 9.7723, 6.1459 ], [ 9.7632, 6.1354 ], [ 9.7646, 6.1243 ], [ 9.7359, 6.1153 ], [ 9.7251, 6.0838 ], [ 9.7105, 6.0836 ], [ 9.703, 6.0902 ], [ 9.6904, 6.0752 ], [ 9.6753, 6.0658 ], [ 9.6743, 6.0616 ], [ 9.6569, 6.0583 ], [ 9.651, 6.0513 ], [ 9.6313, 6.0442 ], [ 9.6234, 6.0286 ], [ 9.6124, 6.0214 ], [ 9.6128, 6.0108 ], [ 9.6385, 5.9828 ], [ 9.6359, 5.9781 ], [ 9.6384, 5.9683 ], [ 9.6328, 5.9534 ], [ 9.6214, 5.9374 ], [ 9.6036, 5.9366 ], [ 9.6063, 5.9216 ], [ 9.604, 5.9153 ], [ 9.592, 5.911 ], [ 9.5943, 5.8923 ], [ 9.5906, 5.8836 ], [ 9.6031, 5.8816 ], [ 9.6099, 5.8875 ], [ 9.6165, 5.8799 ], [ 9.6252, 5.8868 ], [ 9.6337, 5.8876 ], [ 9.6483, 5.8625 ], [ 9.6686, 5.8493 ], [ 9.6776, 5.8372 ], [ 9.686, 5.8393 ], [ 9.69, 5.856 ], [ 9.7151, 5.848 ], [ 9.7267, 5.8487 ], [ 9.736, 5.8409 ], [ 9.754, 5.8166 ], [ 9.7526, 5.7992 ], [ 9.7688, 5.7764 ], [ 9.7851, 5.7715 ], [ 9.7969, 5.7751 ], [ 9.8111, 5.775 ], [ 9.8143, 5.7545 ], [ 9.8325, 5.751 ], [ 9.8414, 5.7549 ], [ 9.8503, 5.7536 ], [ 9.8529, 5.7506 ], [ 9.8511, 5.7402 ], [ 9.8544, 5.7342 ], [ 9.8826, 5.7405 ], [ 9.8878, 5.7318 ], [ 9.8877, 5.7187 ], [ 9.8945, 5.7234 ], [ 9.9014, 5.722 ], [ 9.9222, 5.729 ], [ 9.9521, 5.7513 ], [ 9.9675, 5.7479 ], [ 9.9799, 5.7384 ], [ 9.982, 5.7584 ], [ 9.972, 5.7792 ], [ 9.9712, 5.787 ], [ 9.9758, 5.8144 ], [ 9.9696, 5.8235 ], [ 9.96, 5.8278 ], [ 9.958, 5.8338 ], [ 9.9528, 5.8324 ], [ 9.9423, 5.8367 ], [ 9.9351, 5.8516 ], [ 9.9394, 5.854 ], [ 9.9394, 5.8594 ], [ 9.9453, 5.8596 ], [ 9.9497, 5.8665 ], [ 9.9691, 5.8629 ], [ 9.9772, 5.8544 ], [ 9.9869, 5.8721 ], [ 9.978, 5.8961 ], [ 9.9864, 5.9019 ], [ 9.9952, 5.9019 ], [ 9.9987, 5.9176 ], [ 10.0131, 5.9202 ], [ 10.0345, 5.9336 ], [ 10.0501, 5.9366 ], [ 10.0578, 5.9339 ], [ 10.0584, 5.97 ], [ 10.0519, 5.9717 ], [ 10.0522, 5.9817 ], [ 10.0559, 5.9852 ], [ 10.0545, 5.9909 ], [ 10.0501, 5.9896 ], [ 10.0479, 5.9922 ], [ 10.0467, 5.9877 ], [ 10.0427, 5.9903 ], [ 10.0448, 5.993 ], [ 10.0412, 5.9949 ], [ 10.0416, 5.9992 ], [ 10.0457, 6.0006 ], [ 10.038, 6.0096 ], [ 10.0401, 6.0111 ], [ 10.0365, 6.0148 ], [ 10.0347, 6.0133 ], [ 10.034, 6.0242 ], [ 10.0282, 6.0303 ], [ 10.0342, 6.04 ], [ 10.0372, 6.0369 ], [ 10.0393, 6.0399 ], [ 10.0371, 6.0389 ], [ 10.0381, 6.0468 ], [ 10.0337, 6.0526 ], [ 10.0379, 6.0577 ], [ 10.0355, 6.0618 ], [ 10.0392, 6.0692 ], [ 10.0333, 6.073 ], [ 10.0358, 6.0839 ], [ 10.0406, 6.0873 ], [ 10.0379, 6.0894 ], [ 10.0428, 6.0997 ], [ 10.0398, 6.1048 ], [ 10.0224, 6.1104 ], [ 10.0117, 6.1432 ], [ 9.99, 6.1524 ], [ 9.9574, 6.1873 ], [ 9.9545, 6.2031 ], [ 9.9411, 6.2164 ], [ 9.9388, 6.2225 ], [ 9.9123, 6.2229 ], [ 9.8944, 6.2168 ], [ 9.8796, 6.2161 ], [ 9.8721, 6.2091 ], [ 9.8623, 6.2084 ], [ 9.8549, 6.2127 ], [ 9.8425, 6.2347 ], [ 9.8382, 6.2586 ], [ 9.8404, 6.2668 ], [ 9.8354, 6.2777 ], [ 9.8163, 6.2775 ], [ 9.8122, 6.2809 ], [ 9.8074, 6.2688 ], [ 9.7998, 6.2615 ] ] ] } },
{ "type": "Feature", "properties": { "iso3": "CMR", "unit_id": "13109269B706333348620", "unit_name": "Ngo-Ketunjia" }, "geometry": { "type": "Polygon", "coordinates": [ [ [ 10.3448, 6.1004 ], [ 10.3524, 6.0637 ], [ 10.3792, 6.0368 ], [ 10.389, 6.015 ], [ 10.3786, 5.9751 ], [ 10.3677, 5.9571 ], [ 10.3714, 5.9469 ], [ 10.3678, 5.9441 ], [ 10.3619, 5.946 ], [ 10.3483, 5.9417 ], [ 10.3165, 5.9444 ], [ 10.3088, 5.9371 ], [ 10.294, 5.9395 ], [ 10.2832, 5.9307 ], [ 10.2815, 5.9249 ], [ 10.2628, 5.9229 ], [ 10.2543, 5.9177 ], [ 10.2566, 5.9096 ], [ 10.2652, 5.9032 ], [ 10.2669, 5.896 ], [ 10.2864, 5.8877 ], [ 10.2825, 5.8836 ], [ 10.2797, 5.8598 ], [ 10.2997, 5.8489 ], [ 10.3048, 5.8314 ], [ 10.3112, 5.8224 ], [ 10.3133, 5.803 ], [ 10.3241, 5.8096 ], [ 10.3468, 5.8107 ], [ 10.3645, 5.8028 ], [ 10.3809, 5.8003 ], [ 10.3859, 5.8011 ], [ 10.3897, 5.8077 ], [ 10.4041, 5.8085 ], [ 10.4377, 5.8024 ], [ 10.4423, 5.8147 ], [ 10.4583, 5.8263 ], [ 10.4677, 5.8255 ], [ 10.4709, 5.8213 ], [ 10.4704, 5.8125 ], [ 10.5231, 5.8343 ], [ 10.5356, 5.824 ], [ 10.5455, 5.8265 ], [ 10.5627, 5.8181 ], [ 10.564, 5.7982 ], [ 10.5791, 5.7782 ], [ 10.6025, 5.7861 ], [ 10.6036, 5.7938 ], [ 10.6107, 5.798 ], [ 10.6049, 5.7997 ], [ 10.5995, 5.8106 ], [ 10.6082, 5.8116 ], [ 10.6118, 5.8239 ], [ 10.6285, 5.8324 ], [ 10.6297, 5.8374 ], [ 10.6298, 5.8412 ], [ 10.6203, 5.8497 ], [ 10.6221, 5.8533 ], [ 10.6168, 5.86 ], [ 10.624, 5.8661 ], [ 10.6175, 5.869 ], [ 10.617, 5.8787 ], [ 10.6229, 5.8895 ], [ 10.6295, 5.8831 ], [ 10.6379, 5.8957 ], [ 10.6341, 5.9022 ], [ 10.6396, 5.9159 ], [ 10.6406, 5.9402 ], [ 10.6501, 5.9431 ], [ 10.6631, 5.9587 ], [ 10.6632, 5.965 ], [ 10.6593, 5.9739 ], [ 10.6603, 5.9876 ], [ 10.6566, 5.9899 ], [ 10.6517, 5.9882 ], [ 10.6387, 6.014 ], [ 10.6224, 6.0125 ], [ 10.596, 6.0779 ], [ 10.5727, 6.0739 ], [ 10.5725, 6.0577 ], [ 10.5522, 6.053 ], [ 10.5438, 6.0559 ], [ 10.5394, 6.0629 ], [ 10.5397, 6.0684 ], [ 10.5338, 6.0742 ], [ 10.5344, 6.0836 ], [ 10.5237, 6.0895 ], [ 10.5232, 6.1023 ], [ 10.514, 6.1066 ], [ 10.5014, 6.1231 ], [ 10.495, 6.1211 ], [ 10.4862, 6.107 ], [ 10.4646, 6.1041 ], [ 10.4463, 6.1055 ], [ 10.4437, 6.1024 ], [ 10.4315, 6.1048 ], [ 10.4299, 6.1155 ], [ 10.4347, 6.1334 ], [ 10.4302, 6.1478 ], [ 10.4327, 6.1541 ], [ 10.4245, 6.1532 ], [ 10.4118, 6.1444 ], [ 10.3895, 6.141 ], [ 10.373, 6.1323 ], [ 10.3622, 6.1208 ], [ 10.3642, 6.1051 ], [ 10.3448, 6.1004 ] ] ] } },
{ "type": "Feature", "properties": { "iso3": "CMR", "unit_id": "13109269B33603214371747", "unit_name": "Bamboutos" }, "geometry": { "type": "Polygon", "coordinates": [ [ [ 10.079, 5.7083 ], [ 10.0879, 5.6897 ], [ 10.0987, 5.6833 ], [ 10.1015, 5.6621 ], [ 10.0917, 5.6456 ], [ 10.0829, 5.6388 ], [ 10.0838, 5.6348 ], [ 10.1087, 5.6009 ], [ 10.1191, 5.5792 ], [ 10.1262, 5.5773 ], [ 10.1258, 5.5711 ], [ 10.1338, 5.5526 ], [ 10.1333, 5.5382 ], [ 10.1537, 5.5395 ], [ 10.1721, 5.5246 ], [ 10.1774, 5.5142 ], [ 10.1934, 5.5028 ], [ 10.2058, 5.5158 ], [ 10.2233, 5.5154 ], [ 10.2306, 5.5107 ], [ 10.2808, 5.5089 ], [ 10.2875, 5.5148 ], [ 10.2967, 5.5121 ], [ 10.3012, 5.5172 ], [ 10.3082, 5.512 ], [ 10.3126, 5.526 ], [ 10.3358, 5.5329 ], [ 10.34, 5.5473 ], [ 10.3392, 5.5557 ], [ 10.3541, 5.5661 ], [ 10.3549, 5.5866 ], [ 10.349, 5.5917 ], [ 10.3547, 5.6023 ], [ 10.3649, 5.6004 ], [ 10.385, 5.606 ], [ 10.3848, 5.6085 ], [ 10.3974, 5.6091 ], [ 10.4009, 5.6069 ], [ 10.3994, 5.6002 ], [ 10.4032, 5.5951 ], [ 10.4122, 5.5988 ], [ 10.4122, 5.5957 ], [ 10.4174, 5.5968 ], [ 10.4329, 5.5901 ], [ 10.434, 5.586 ], [ 10.4549, 5.5972 ], [ 10.4558, 5.5943 ], [ 10.4703, 5.593 ], [ 10.4795, 5.5862 ], [ 10.486, 5.59 ], [ 10.4994, 5.5878 ], [ 10.5009, 5.585 ], [ 10.5057, 5.5878 ], [ 10.5112, 5.5861 ], [ 10.5117, 5.5807 ], [ 10.5217, 5.5822 ], [ 10.5224, 5.5774 ], [ 10.5254, 5.5787 ], [ 10.5275, 5.5818 ], [ 10.5216, 5.5939 ], [ 10.5179, 5.5915 ], [ 10.5122, 5.5947 ], [ 10.5102, 5.5923 ], [ 10.4999, 5.6042 ], [ 10.4814, 5.6047 ], [ 10.4798, 5.609 ], [ 10.4848, 5.6101 ], [ 10.4773, 5.6145 ], [ 10.4792, 5.6211 ], [ 10.4762, 5.62 ], [ 10.4742, 5.623 ], [ 10.474, 5.6148 ], [ 10.4715, 5.6123 ], [ 10.466, 5.6135 ], [ 10.4652, 5.6206 ], [ 10.4585, 5.6239 ], [ 10.4605, 5.6299 ], [ 10.4563, 5.6332 ], [ 10.4588, 5.6377 ], [ 10.4571, 5.6415 ], [ 10.466, 5.6529 ], [ 10.466, 5.6609 ], [ 10.4729, 5.6653 ], [ 10.4828, 5.6658 ], [ 10.4872, 5.6699 ], [ 10.4889, 5.6754 ], [ 10.4854, 5.6823 ], [ 10.4911, 5.6923 ], [ 10.499, 5.695 ], [ 10.5038, 5.7082 ], [ 10.5408, 5.7074 ], [ 10.5567, 5.718 ], [ 10.5569, 5.7765 ], [ 10.564, 5.7982 ], [ 10.5627, 5.8181 ], [ 10.5455, 5.8265 ], [ 10.5356, 5.824 ], [ 10.5231, 5.8343 ], [ 10.4704, 5.8125 ], [ 10.4709, 5.8213 ], [ 10.4677, 5.8255 ], [ 10.4583, 5.8263 ], [ 10.4423, 5.8147 ], [ 10.4377, 5.8024 ], [ 10.4041, 5.8085 ], [ 10.3897, 5.8077 ], [ 10.3859, 5.8011 ], [ 10.3809, 5.8003 ], [ 10.3645, 5.8028 ], [ 10.3468, 5.8107 ], [ 10.3241, 5.8096 ], [ 10.2785, 5.7684 ], [ 10.2787, 5.7598 ], [ 10.287, 5.7429 ], [ 10.3054, 5.7307 ], [ 10.3079, 5.7249 ], [ 10.3064, 5.7191 ], [ 10.2917, 5.7142 ], [ 10.279, 5.7044 ], [ 10.2745, 5.7086 ], [ 10.2745, 5.7238 ], [ 10.2645, 5.7213 ], [ 10.258, 5.7245 ], [ 10.2533, 5.722 ], [ 10.24, 5.7354 ], [ 10.22, 5.7383 ], [ 10.216, 5.7502 ], [ 10.209, 5.7446 ], [ 10.207, 5.7459 ], [ 10.1827, 5.7697 ], [ 10.1645, 5.7637 ], [ 10.1591, 5.7742 ], [ 10.1506, 5.7751 ], [ 10.1135, 5.7509 ], [ 10.112, 5.7423 ], [ 10.1068, 5.7351 ], [ 10.0931, 5.7251 ], [ 10.0898, 5.7126 ], [ 10.079, 5.7083 ] ] ] } },
{ "type": "Feature", "properties": { "iso3": "CMR", "unit_id": "13109269B61283664692222", "unit_name": "Haut-Nkam" }, "geometry": { "type": "Polygon", "coordinates": [ [ [ 10.1073, 4.9373 ], [ 10.1132, 4.9351 ], [ 10.1147, 4.9293 ], [ 10.1201, 4.9322 ], [ 10.1247, 4.9283 ], [ 10.1304, 4.9284 ], [ 10.1286, 4.9213 ], [ 10.1362, 4.9244 ], [ 10.1453, 4.9181 ], [ 10.1496, 4.921 ], [ 10.1538, 4.9418 ], [ 10.1584, 4.9481 ], [ 10.1581, 4.9531 ], [ 10.1531, 4.9576 ], [ 10.1543, 4.9695 ], [ 10.1475, 4.976 ], [ 10.1624, 4.9766 ], [ 10.1715, 4.99 ], [ 10.1917, 4.9986 ], [ 10.1949, 5.0089 ], [ 10.2058, 5.0151 ], [ 10.2273, 5.0396 ], [ 10.224, 5.0541 ], [ 10.2051, 5.0696 ], [ 10.1984, 5.0792 ], [ 10.2333, 5.1075 ], [ 10.2412, 5.1053 ], [ 10.2665, 5.067 ], [ 10.2799, 5.063 ], [ 10.285, 5.0573 ], [ 10.2842, 5.0617 ], [ 10.2986, 5.0715 ], [ 10.3042, 5.0859 ], [ 10.3165, 5.1005 ], [ 10.3376, 5.0923 ], [ 10.3656, 5.0878 ], [ 10.3728, 5.0779 ], [ 10.3779, 5.1109 ], [ 10.3665, 5.1163 ], [ 10.363, 5.1201 ], [ 10.3634, 5.1264 ], [ 10.3565, 5.1309 ], [ 10.3498, 5.1433 ], [ 10.3438, 5.1492 ], [ 10.3268, 5.1556 ], [ 10.3214, 5.1658 ], [ 10.3239, 5.1797 ], [ 10.3328, 5.1918 ], [ 10.33, 5.2002 ], [ 10.3327, 5.205 ], [ 10.3313, 5.2166 ], [ 10.3257, 5.2211 ], [ 10.3109, 5.2184 ], [ 10.2938, 5.2269 ], [ 10.2725, 5.247 ], [ 10.2714, 5.2556 ], [ 10.2646, 5.2631 ], [ 10.254, 5.2626 ], [ 10.2434, 5.2801 ], [ 10.2453, 5.288 ], [ 10.2577, 5.2981 ], [ 10.2584, 5.3024 ], [ 10.2571, 5.3171 ], [ 10.2465, 5.3402 ], [ 10.2553, 5.3646 ], [ 10.2471, 5.3756 ], [ 10.238, 5.3743 ], [ 10.2311, 5.3631 ], [ 10.2199, 5.3542 ], [ 10.2183, 5.3467 ], [ 10.1987, 5.3364 ], [ 10.1917, 5.3358 ], [ 10.1879, 5.3304 ], [ 10.1801, 5.3276 ], [ 10.1756, 5.3191 ], [ 10.1714, 5.3165 ], [ 10.1696, 5.3193 ], [ 10.1671, 5.313 ], [ 10.1553, 5.3086 ], [ 10.1475, 5.302 ], [ 10.147, 5.2921 ], [ 10.1395, 5.2947 ], [ 10.1226, 5.2842 ], [ 10.1229, 5.2803 ], [ 10.1134, 5.2742 ], [ 10.1117, 5.2698 ], [ 10.1193, 5.2592 ], [ 10.0933, 5.2306 ], [ 10.0905, 5.2224 ], [ 10.0833, 5.2151 ], [ 10.0592, 5.206 ], [ 10.0344, 5.1885 ], [ 10.0256, 5.1883 ], [ 10.0011, 5.1688 ], [ 10.0051, 5.1681 ], [ 10.0012, 5.1645 ], [ 10.0053, 5.1631 ], [ 10.0014, 5.1613 ], [ 10.0075, 5.1505 ], [ 10.0042, 5.1449 ], [ 9.9963, 5.1417 ], [ 9.9951, 5.1356 ], [ 9.991, 5.135 ], [ 9.9923, 5.1221 ], [ 10.0013, 5.1156 ], [ 10.001, 5.1022 ], [ 10.0047, 5.099 ], [ 10.0033, 5.0949 ], [ 10.0103, 5.081 ], [ 10.0063, 5.0693 ], [ 10.0104, 5.0662 ], [ 10.0165, 5.0682 ], [ 10.0198, 5.0637 ], [ 10.0276, 5.0646 ], [ 10.0385, 5.0609 ], [ 10.048, 5.0508 ], [ 10.0575, 5.0546 ], [ 10.0718, 5.0473 ], [ 10.0729, 5.0321 ], [ 10.069, 5.0285 ], [ 10.0692, 5.0212 ], [ 10.0644, 5.0184 ], [ 10.0708, 5.0059 ], [ 10.0739, 4.9871 ], [ 10.085, 4.9779 ], [ 10.0952, 4.9627 ], [ 10.1075, 4.9585 ], [ 10.1091, 4.9512 ], [ 10.1046, 4.9469 ], [ 10.1093, 4.9433 ], [ 10.1073, 4.9373 ] ] ] } },
{ "type": "Feature", "properties": { "iso3": "CMR", "unit_id": "13109269B52474094875526", "unit_name": "Hauts-Plateaux" }, "geometry": { "type": "Polygon", "coordinates": [ [ [ 10.3498, 5.1433 ], [ 10.3611, 5.1438 ], [ 10.3637, 5.1477 ], [ 10.3629, 5.1627 ], [ 10.3672, 5.1709 ], [ 10.4019, 5.1789 ], [ 10.4136, 5.1893 ], [ 10.4411, 5.1977 ], [ 10.4458, 5.2039 ], [ 10.442, 5.2108 ], [ 10.4429, 5.2335 ], [ 10.4388, 5.2447 ], [ 10.4053, 5.262 ], [ 10.4268, 5.2985 ], [ 10.429, 5.313 ], [ 10.4394, 5.3221 ], [ 10.401, 5.3439 ], [ 10.3866, 5.3456 ], [ 10.3837, 5.3492 ], [ 10.3851, 5.3542 ], [ 10.381, 5.3638 ], [ 10.3671, 5.3776 ], [ 10.3666, 5.3815 ], [ 10.3702, 5.386 ], [ 10.3705, 5.3974 ], [ 10.3867, 5.4154 ], [ 10.3814, 5.4209 ], [ 10.3822, 5.4323 ], [ 10.3786, 5.4377 ], [ 10.3638, 5.4403 ], [ 10.3578, 5.4444 ], [ 10.3562, 5.4606 ], [ 10.3489, 5.4521 ], [ 10.338, 5.4553 ], [ 10.3342, 5.4406 ], [ 10.3275, 5.4336 ], [ 10.3273, 5.4219 ], [ 10.3201, 5.4208 ], [ 10.3069, 5.4069 ], [ 10.3059, 5.4013 ], [ 10.2895, 5.3998 ], [ 10.2756, 5.3907 ], [ 10.257, 5.3964 ], [ 10.2494, 5.3813 ], [ 10.2501, 5.3769 ], [ 10.2471, 5.3756 ], [ 10.2553, 5.3646 ], [ 10.2465, 5.3402 ], [ 10.2571, 5.3171 ], [ 10.2584, 5.3024 ], [ 10.2577, 5.2981 ], [ 10.2453, 5.288 ], [ 10.2434, 5.2801 ], [ 10.254, 5.2626 ], [ 10.2646, 5.2631 ], [ 10.2714, 5.2556 ], [ 10.2725, 5.247 ], [ 10.2938, 5.2269 ], [ 10.3109, 5.2184 ], [ 10.3257, 5.2211 ], [ 10.3313, 5.2166 ], [ 10.3327, 5.205 ], [ 10.33, 5.2002 ], [ 10.3328, 5.1918 ], [ 10.3239, 5.1797 ], [ 10.3214, 5.1658 ], [ 10.3268, 5.1556 ], [ 10.3438, 5.1492 ], [ 10.3498, 5.1433 ] ] ] } },
{ "type": "Feature", "properties": { "iso3": "CMR", "unit_id": "13109269B69429242312782", "unit_name": "Koung-Khi" }, "geometry": { "type": "Polygon", "coordinates": [ [ [ 10.4388, 5.2447 ], [ 10.4587, 5.2441 ], [ 10.4748, 5.2373 ], [ 10.4853, 5.2292 ], [ 10.4829, 5.2214 ], [ 10.5018, 5.2055 ], [ 10.5195, 5.2135 ], [ 10.5315, 5.2099 ], [ 10.536, 5.2178 ], [ 10.5126, 5.2335 ], [ 10.5099, 5.2445 ], [ 10.4981, 5.2541 ], [ 10.501, 5.262 ], [ 10.5074, 5.2636 ], [ 10.5143, 5.2706 ], [ 10.5302, 5.2647 ], [ 10.5541, 5.27 ], [ 10.5632, 5.2646 ], [ 10.5705, 5.2678 ], [ 10.5836, 5.2658 ], [ 10.5901, 5.2703 ], [ 10.5909, 5.274 ], [ 10.5834, 5.28 ], [ 10.5841, 5.2862 ], [ 10.5743, 5.2858 ], [ 10.5684, 5.2795 ], [ 10.5631, 5.2835 ], [ 10.5654, 5.2877 ], [ 10.5588, 5.2898 ], [ 10.562, 5.295 ], [ 10.5596, 5.2996 ], [ 10.5644, 5.3071 ], [ 10.564, 5.3148 ], [ 10.5697, 5.3208 ], [ 10.5644, 5.3336 ], [ 10.5592, 5.3341 ], [ 10.552, 5.3408 ], [ 10.5583, 5.3643 ], [ 10.5504, 5.3636 ], [ 10.5378, 5.3716 ], [ 10.5328, 5.3674 ], [ 10.5128, 5.3691 ], [ 10.5041, 5.3755 ], [ 10.4983, 5.3877 ], [ 10.5011, 5.3928 ], [ 10.5074, 5.3933 ], [ 10.502, 5.4007 ], [ 10.5068, 5.4078 ], [ 10.5052, 5.4109 ], [ 10.516, 5.4127 ], [ 10.514, 5.4186 ], [ 10.518, 5.423 ], [ 10.517, 5.4272 ], [ 10.5242, 5.4287 ], [ 10.5185, 5.4317 ], [ 10.5168, 5.4383 ], [ 10.5219, 5.4425 ], [ 10.5215, 5.4477 ], [ 10.4995, 5.4486 ], [ 10.4947, 5.4513 ], [ 10.4943, 5.457 ], [ 10.4827, 5.4543 ], [ 10.4831, 5.4511 ], [ 10.4736, 5.4474 ], [ 10.47, 5.4396 ], [ 10.4564, 5.4292 ], [ 10.4493, 5.4279 ], [ 10.4169, 5.448 ], [ 10.4034, 5.4499 ], [ 10.4125, 5.4349 ], [ 10.4046, 5.4315 ], [ 10.3999, 5.4191 ], [ 10.3907, 5.4187 ], [ 10.3756, 5.4056 ], [ 10.3688, 5.3932 ], [ 10.3702, 5.386 ], [ 10.3671, 5.3776 ], [ 10.381, 5.3638 ], [ 10.3866, 5.3456 ], [ 10.401, 5.3439 ], [ 10.4394, 5.3221 ], [ 10.429, 5.313 ], [ 10.4268, 5.2985 ], [ 10.4053, 5.262 ], [ 10.4388, 5.2447 ] ] ] } },
{ "type": "Feature", "properties": { "iso3": "CMR", "unit_id": "13109269B87633081745316", "unit_name": "Menoua" }, "geometry": { "type": "Polygon", "coordinates": [ [ [ 10.0082, 5.1746 ], [ 10.0256, 5.1883 ], [ 10.0344, 5.1885 ], [ 10.0592, 5.206 ], [ 10.0833, 5.2151 ], [ 10.0905, 5.2224 ], [ 10.0933, 5.2306 ], [ 10.1193, 5.2592 ], [ 10.1117, 5.2698 ], [ 10.1134, 5.2742 ], [ 10.1229, 5.2803 ], [ 10.1226, 5.2842 ], [ 10.1395, 5.2947 ], [ 10.147, 5.2921 ], [ 10.1475, 5.302 ], [ 10.1553, 5.3086 ], [ 10.1671, 5.313 ], [ 10.1696, 5.3193 ], [ 10.1714, 5.3165 ], [ 10.1756, 5.3191 ], [ 10.1801, 5.3276 ], [ 10.1879, 5.3304 ], [ 10.1917, 5.3358 ], [ 10.1987, 5.3364 ], [ 10.2183, 5.3467 ], [ 10.2199, 5.3542 ], [ 10.2311, 5.3631 ], [ 10.238, 5.3743 ], [ 10.2501, 5.3769 ], [ 10.2494, 5.3813 ], [ 10.257, 5.3964 ], [ 10.2756, 5.3907 ], [ 10.2895, 5.3998 ], [ 10.3059, 5.4013 ], [ 10.3069, 5.4069 ], [ 10.3201, 5.4208 ], [ 10.3273, 5.4219 ], [ 10.3275, 5.4336 ], [ 10.3342, 5.4406 ], [ 10.338, 5.4553 ], [ 10.3322, 5.4805 ], [ 10.3247, 5.4967 ], [ 10.3281, 5.5084 ], [ 10.3372, 5.5137 ], [ 10.3329, 5.5307 ], [ 10.3126, 5.526 ], [ 10.3082, 5.512 ], [ 10.3012, 5.5172 ], [ 10.2967, 5.5121 ], [ 10.2875, 5.5148 ], [ 10.2808, 5.5089 ], [ 10.2306, 5.5107 ], [ 10.2233, 5.5154 ], [ 10.2058, 5.5158 ], [ 10.1934, 5.5028 ], [ 10.1774, 5.5142 ], [ 10.1721, 5.5246 ], [ 10.1537, 5.5395 ], [ 10.1333, 5.5382 ], [ 10.1338, 5.5526 ], [ 10.1258, 5.5711 ], [ 10.1262, 5.5773 ], [ 10.1191, 5.5792 ], [ 10.1087, 5.6009 ], [ 10.0829, 5.6388 ], [ 10.0794, 5.6344 ], [ 10.0576, 5.632 ], [ 10.0456, 5.6355 ], [ 10.0246, 5.6299 ], [ 10.0216, 5.6159 ], [ 9.9974, 5.5796 ], [ 9.9782, 5.5794 ], [ 9.962, 5.5886 ], [ 9.9479, 5.568 ], [ 9.9555, 5.5585 ], [ 9.9639, 5.5559 ], [ 9.9663, 5.5462 ], [ 9.9606, 5.5405 ], [ 9.9584, 5.5416 ], [ 9.9572, 5.534 ], [ 9.9486, 5.5205 ], [ 9.9583, 5.4938 ], [ 9.9515, 5.4883 ], [ 9.9459, 5.4476 ], [ 9.9309, 5.4151 ], [ 9.9222, 5.4074 ], [ 9.9243, 5.3931 ], [ 9.9219, 5.3788 ], [ 9.8901, 5.3502 ], [ 9.8761, 5.3499 ], [ 9.8507, 5.3377 ], [ 9.8479, 5.3323 ], [ 9.8523, 5.3257 ], [ 9.8485, 5.3086 ], [ 9.8382, 5.3011 ], [ 9.8316, 5.2743 ], [ 9.8352, 5.2643 ], [ 9.8502, 5.2542 ], [ 9.8803, 5.2502 ], [ 9.8897, 5.2575 ], [ 9.898, 5.2715 ], [ 9.9066, 5.2764 ], [ 9.9124, 5.2777 ], [ 9.9228, 5.2725 ], [ 9.934, 5.2776 ], [ 9.9227, 5.2505 ], [ 9.9427, 5.2527 ], [ 9.9564, 5.2442 ], [ 9.9702, 5.2444 ], [ 9.9829, 5.2362 ], [ 9.9843, 5.2289 ], [ 9.994, 5.2268 ], [ 9.9912, 5.2252 ], [ 9.9912, 5.2216 ], [ 9.9941, 5.2212 ], [ 9.9922, 5.2178 ], [ 9.9945, 5.2185 ], [ 9.999, 5.2085 ], [ 10.0007, 5.2107 ], [ 10.005, 5.2015 ], [ 10.0015, 5.1965 ], [ 10.0022, 5.1919 ], [ 10.0066, 5.1927 ], [ 10.0086, 5.1891 ], [ 10.0063, 5.1874 ], [ 10.0091, 5.1853 ], [ 10.0083, 5.1812 ], [ 10.0052, 5.1787 ], [ 10.0082, 5.1746 ] ] ] } },
{ "type": "Feature", "properties": { "iso3": "CMR", "unit_id": "13109269B58841742057761", "unit_name": "Mifi" }, "geometry": { "type": "Polygon", "coordinates": [ [ [ 10.3329, 5.5307 ], [ 10.3372, 5.5137 ], [ 10.3281, 5.5084 ], [ 10.3247, 5.4967 ], [ 10.3322, 5.4805 ], [ 10.338, 5.4553 ], [ 10.3489, 5.4521 ], [ 10.3576, 5.4605 ], [ 10.3578, 5.4444 ], [ 10.3638, 5.4403 ], [ 10.3786, 5.4377 ], [ 10.3822, 5.4323 ], [ 10.3814, 5.4209 ], [ 10.3885, 5.4148 ], [ 10.3907, 5.4187 ], [ 10.3999, 5.4191 ], [ 10.4046, 5.4315 ], [ 10.4125, 5.4349 ], [ 10.4045, 5.4502 ], [ 10.4273, 5.443 ], [ 10.4389, 5.4323 ], [ 10.4493, 5.4279 ], [ 10.4564, 5.4292 ], [ 10.47, 5.4396 ], [ 10.4736, 5.4474 ], [ 10.4809, 5.4488 ], [ 10.4827, 5.4543 ], [ 10.4872, 5.4566 ], [ 10.4943, 5.457 ], [ 10.4947, 5.4513 ], [ 10.4995, 5.4486 ], [ 10.5193, 5.446 ], [ 10.5238, 5.4553 ], [ 10.5326, 5.4496 ], [ 10.5358, 5.4541 ], [ 10.5416, 5.4544 ], [ 10.5458, 5.4614 ], [ 10.5584, 5.4669 ], [ 10.5595, 5.4724 ], [ 10.5495, 5.4833 ], [ 10.5568, 5.491 ], [ 10.5632, 5.489 ], [ 10.5733, 5.4984 ], [ 10.5802, 5.5008 ], [ 10.5784, 5.5064 ], [ 10.5714, 5.5098 ], [ 10.5739, 5.5167 ], [ 10.5646, 5.5184 ], [ 10.5658, 5.5266 ], [ 10.57, 5.5277 ], [ 10.5644, 5.5304 ], [ 10.5712, 5.532 ], [ 10.5742, 5.5383 ], [ 10.5652, 5.5383 ], [ 10.5709, 5.5528 ], [ 10.5665, 5.555 ], [ 10.5627, 5.5658 ], [ 10.5517, 5.5676 ], [ 10.5515, 5.5723 ], [ 10.5556, 5.5759 ], [ 10.5526, 5.5826 ], [ 10.5434, 5.5788 ], [ 10.5427, 5.5721 ], [ 10.5404, 5.5774 ], [ 10.5275, 5.5818 ], [ 10.5224, 5.5774 ], [ 10.5217, 5.5822 ], [ 10.5117, 5.5807 ], [ 10.5112, 5.5861 ], [ 10.5057, 5.5878 ], [ 10.5009, 5.585 ], [ 10.4994, 5.5878 ], [ 10.486, 5.59 ], [ 10.4795, 5.5862 ], [ 10.4703, 5.593 ], [ 10.4558, 5.5943 ], [ 10.4549, 5.5972 ], [ 10.434, 5.586 ], [ 10.4329, 5.5901 ], [ 10.4174, 5.5968 ], [ 10.4122, 5.5957 ], [ 10.4122, 5.5988 ], [ 10.4032, 5.5951 ], [ 10.3994, 5.6002 ], [ 10.4009, 5.6069 ], [ 10.3974, 5.6091 ], [ 10.3848, 5.6085 ], [ 10.385, 5.606 ], [ 10.3649, 5.6004 ], [ 10.3532, 5.6012 ], [ 10.3548, 5.5989 ], [ 10.349, 5.5917 ], [ 10.3549, 5.5866 ], [ 10.3541, 5.5661 ], [ 10.3392, 5.5557 ], [ 10.34, 5.5473 ], [ 10.3329, 5.5307 ] ] ] } },
{ "type": "Feature", "properties": { "iso3": "CMR", "unit_id": "13109269B30463692605241", "unit_name": "Ndé" }, "geometry": { "type": "Polygon", "coordinates": [ [ [ 10.8655, 4.9398 ], [ 10.8816, 4.9685 ], [ 10.8791, 4.9807 ], [ 10.8837, 4.9891 ], [ 10.8676, 4.9955 ], [ 10.8708, 5.0031 ], [ 10.8669, 5.0105 ], [ 10.8624, 5.0097 ], [ 10.8581, 5.0192 ], [ 10.8581, 5.0282 ], [ 10.8525, 5.0349 ], [ 10.8252, 5.0325 ], [ 10.8268, 5.0411 ], [ 10.8199, 5.0533 ], [ 10.8243, 5.0802 ], [ 10.838, 5.0889 ], [ 10.8433, 5.1001 ], [ 10.8499, 5.0993 ], [ 10.8485, 5.1078 ], [ 10.8512, 5.1116 ], [ 10.8444, 5.1173 ], [ 10.837, 5.1079 ], [ 10.8211, 5.1026 ], [ 10.8234, 5.0967 ], [ 10.8112, 5.0952 ], [ 10.8106, 5.1016 ], [ 10.8041, 5.1049 ], [ 10.8031, 5.1126 ], [ 10.7974, 5.1202 ], [ 10.7927, 5.1199 ], [ 10.7838, 5.1277 ], [ 10.7738, 5.1238 ], [ 10.7679, 5.133 ], [ 10.762, 5.1329 ], [ 10.7566, 5.1371 ], [ 10.755, 5.1445 ], [ 10.7498, 5.1499 ], [ 10.7544, 5.1566 ], [ 10.757, 5.1744 ], [ 10.7366, 5.177 ], [ 10.7185, 5.1736 ], [ 10.7115, 5.1812 ], [ 10.7013, 5.182 ], [ 10.6961, 5.1711 ], [ 10.6911, 5.1681 ], [ 10.6823, 5.1786 ], [ 10.6875, 5.1912 ], [ 10.6844, 5.1991 ], [ 10.6748, 5.2021 ], [ 10.6728, 5.2105 ], [ 10.6655, 5.2118 ], [ 10.6577, 5.2216 ], [ 10.667, 5.2334 ], [ 10.6641, 5.2408 ], [ 10.6662, 5.2464 ], [ 10.6628, 5.2502 ], [ 10.6534, 5.2488 ], [ 10.6332, 5.2368 ], [ 10.6228, 5.2427 ], [ 10.6163, 5.2375 ], [ 10.6113, 5.2647 ], [ 10.5967, 5.268 ], [ 10.5937, 5.2734 ], [ 10.5909, 5.274 ], [ 10.5836, 5.2658 ], [ 10.5705, 5.2678 ], [ 10.5632, 5.2646 ], [ 10.5541, 5.27 ], [ 10.5302, 5.2647 ], [ 10.5143, 5.2706 ], [ 10.5074, 5.2636 ], [ 10.501, 5.262 ], [ 10.4981, 5.2541 ], [ 10.5099, 5.2445 ], [ 10.5126, 5.2335 ], [ 10.536, 5.2178 ], [ 10.5315, 5.2099 ], [ 10.5195, 5.2135 ], [ 10.5018, 5.2055 ], [ 10.4829, 5.2214 ], [ 10.4853, 5.2292 ], [ 10.4748, 5.2373 ], [ 10.4587, 5.2441 ], [ 10.4405, 5.2455 ], [ 10.4436, 5.2219 ], [ 10.442, 5.2108 ], [ 10.4458, 5.2039 ], [ 10.4439, 5.2003 ], [ 10.4136, 5.1893 ], [ 10.4019, 5.1789 ], [ 10.3672, 5.1709 ], [ 10.3629, 5.1627 ], [ 10.3637, 5.1477 ], [ 10.3611, 5.1438 ], [ 10.3498, 5.1433 ], [ 10.3565, 5.1309 ], [ 10.3634, 5.1264 ], [ 10.363, 5.1201 ], [ 10.3779, 5.1109 ], [ 10.3712, 5.0552 ], [ 10.367, 5.0434 ], [ 10.3708, 5.0377 ], [ 10.3675, 5.0179 ], [ 10.3907, 5.015 ], [ 10.3965, 5.0183 ], [ 10.3996, 5.0138 ], [ 10.4158, 5.0113 ], [ 10.4186, 5.0062 ], [ 10.4165, 4.9822 ], [ 10.4204, 4.9724 ], [ 10.4122, 4.9606 ], [ 10.425, 4.9413 ], [ 10.4213, 4.9187 ], [ 10.4322, 4.9317 ], [ 10.4409, 4.9604 ], [ 10.4495, 4.9595 ], [ 10.4298, 4.9233 ], [ 10.4069, 4.8914 ], [ 10.412, 4.8901 ], [ 10.4137, 4.8857 ], [ 10.4036, 4.8603 ], [ 10.4245, 4.807 ], [ 10.4394, 4.8166 ], [ 10.4451, 4.824 ], [ 10.4464, 4.8319 ], [ 10.4778, 4.8514 ], [ 10.4884, 4.8813 ], [ 10.5188, 4.8982 ], [ 10.5707, 4.8821 ], [ 10.593, 4.8801 ], [ 10.5967, 4.8763 ], [ 10.5963, 4.8684 ], [ 10.5991, 4.8671 ], [ 10.6217, 4.8962 ], [ 10.6425, 4.915 ], [ 10.6421, 4.9182 ], [ 10.661, 4.9278 ], [ 10.6594, 4.935 ], [ 10.6685, 4.9429 ], [ 10.6731, 4.9432 ], [ 10.6775, 4.9496 ], [ 10.6921, 4.9562 ], [ 10.6959, 4.9563 ], [ 10.6976, 4.9521 ], [ 10.7098, 4.9573 ], [ 10.7137, 4.9538 ], [ 10.7191, 4.955 ], [ 10.7309, 4.974 ], [ 10.7308, 4.9785 ], [ 10.7361, 4.9782 ], [ 10.7381, 4.987 ], [ 10.7482, 5.0007 ], [ 10.7483, 5.0059 ], [ 10.7641, 5.0153 ], [ 10.7785, 5.0153 ], [ 10.7844, 5.0202 ], [ 10.7897, 5.0132 ], [ 10.7944, 5.0146 ], [ 10.8097, 5.0099 ], [ 10.8156, 4.9986 ], [ 10.8125, 4.996 ], [ 10.8135, 4.9925 ], [ 10.8069, 4.9908 ], [ 10.8057, 4.9853 ], [ 10.8157, 4.9838 ], [ 10.8197, 4.9718 ], [ 10.8286, 4.9686 ], [ 10.8343, 4.9697 ], [ 10.8356, 4.9773 ], [ 10.8417, 4.9727 ], [ 10.852, 4.9752 ], [ 10.8546, 4.9649 ], [ 10.853, 4.9554 ], [ 10.8438, 4.9556 ], [ 10.8626, 4.9451 ], [ 10.8655, 4.9398 ] ] ] } },
{ "type": "Feature", "properties": { "iso3": "CMR", "unit_id": "13109269B48848673911839", "unit_name": "Noun" }, "geometry": { "type": "Polygon", "coordinates": [ [ [ 11.1963, 6.259 ], [ 11.1966, 6.2555 ], [ 11.1939, 6.258 ], [ 11.1851, 6.2552 ], [ 11.181, 6.2591 ], [ 11.1626, 6.2644 ], [ 11.1623, 6.2587 ], [ 11.1561, 6.2574 ], [ 11.155, 6.252 ], [ 11.1452, 6.247 ], [ 11.1464, 6.2402 ], [ 11.1404, 6.2335 ], [ 11.1392, 6.2249 ], [ 11.1266, 6.2273 ], [ 11.1227, 6.2231 ], [ 11.1119, 6.2229 ], [ 11.1062, 6.2172 ], [ 11.1004, 6.2191 ], [ 11.0986, 6.2165 ], [ 11.0977, 6.2186 ], [ 11.0883, 6.2154 ], [ 11.0851, 6.2175 ], [ 11.0824, 6.2142 ], [ 11.0749, 6.2153 ], [ 11.0676, 6.2075 ], [ 11.0536, 6.213 ], [ 11.0525, 6.2263 ], [ 11.0437, 6.2283 ], [ 11.0278, 6.2384 ], [ 11.016, 6.233 ], [ 11.0047, 6.2375 ], [ 10.9966, 6.2366 ], [ 11.0109, 6.1522 ], [ 11.0008, 6.1252 ], [ 10.9915, 6.1108 ], [ 10.9911, 6.0994 ], [ 10.9995, 6.0889 ], [ 10.9991, 6.0814 ], [ 10.9934, 6.0792 ], [ 10.9894, 6.0648 ], [ 10.9759, 6.0579 ], [ 10.9715, 6.0447 ], [ 10.9596, 6.0351 ], [ 10.9519, 6.0358 ], [ 10.9473, 6.03 ], [ 10.9326, 6.0239 ], [ 10.9267, 6.0166 ], [ 10.9076, 6.0171 ], [ 10.8995, 6.0141 ], [ 10.891, 6.0197 ], [ 10.8619, 6.0199 ], [ 10.8528, 6.0054 ], [ 10.8511, 5.9864 ], [ 10.8422, 5.9765 ], [ 10.8387, 5.9809 ], [ 10.8251, 5.9846 ], [ 10.8169, 6.0006 ], [ 10.8066, 6.0017 ], [ 10.8024, 6.01 ], [ 10.7921, 6.0118 ], [ 10.7879, 6.0193 ], [ 10.7754, 6.021 ], [ 10.7734, 6.0167 ], [ 10.7641, 6.0205 ], [ 10.7577, 6.0179 ], [ 10.751, 6.0234 ], [ 10.7391, 6.0218 ], [ 10.733, 6.0237 ], [ 10.7219, 6.0401 ], [ 10.7166, 6.0329 ], [ 10.707, 6.0394 ], [ 10.7039, 6.0368 ], [ 10.7007, 6.0179 ], [ 10.6844, 6.0057 ], [ 10.6836, 5.9977 ], [ 10.6798, 5.9931 ], [ 10.6606, 5.9856 ], [ 10.6593, 5.9739 ], [ 10.6631, 5.9587 ], [ 10.6501, 5.9431 ], [ 10.6406, 5.9402 ], [ 10.6396, 5.9159 ], [ 10.6341, 5.9022 ], [ 10.6379, 5.8957 ], [ 10.6295, 5.8831 ], [ 10.6229, 5.8895 ], [ 10.617, 5.8787 ], [ 10.6175, 5.869 ], [ 10.624, 5.8661 ], [ 10.6168, 5.86 ], [ 10.6221, 5.8533 ], [ 10.6203, 5.8497 ], [ 10.6298, 5.8412 ], [ 10.6285, 5.8324 ], [ 10.6118, 5.8239 ], [ 10.6082, 5.8116 ], [ 10.5995, 5.8106 ], [ 10.6049, 5.7997 ], [ 10.6107, 5.798 ], [ 10.6036, 5.7938 ], [ 10.6025, 5.7861 ], [ 10.5791, 5.7782 ], [ 10.564, 5.7982 ], [ 10.5569, 5.7765 ], [ 10.5567, 5.718 ], [ 10.5408, 5.7074 ], [ 10.5038, 5.7082 ], [ 10.499, 5.695 ], [ 10.4911, 5.6923 ], [ 10.4854, 5.6823 ], [ 10.4889, 5.6754 ], [ 10.4872, 5.6699 ], [ 10.4828, 5.6658 ], [ 10.4729, 5.6653 ], [ 10.466, 5.6609 ], [ 10.466, 5.6529 ], [ 10.4571, 5.6415 ], [ 10.4588, 5.6377 ], [ 10.4563, 5.6332 ], [ 10.4605, 5.6299 ], [ 10.4585, 5.6239 ], [ 10.4652, 5.6206 ], [ 10.466, 5.6135 ], [ 10.4715, 5.6123 ], [ 10.474, 5.6148 ], [ 10.4742, 5.623 ], [ 10.4762, 5.62 ], [ 10.4792, 5.6211 ], [ 10.4773, 5.6145 ], [ 10.4848, 5.6101 ], [ 10.4798, 5.609 ], [ 10.4814, 5.6047 ], [ 10.4999, 5.6042 ], [ 10.5102, 5.5923 ], [ 10.5122, 5.5947 ], [ 10.5179, 5.5915 ], [ 10.5216, 5.5939 ], [ 10.5275, 5.5818 ], [ 10.5404, 5.5774 ], [ 10.5427, 5.5721 ], [ 10.5434, 5.5788 ], [ 10.5526, 5.5826 ], [ 10.5556, 5.5759 ], [ 10.5515, 5.5723 ], [ 10.5517, 5.5676 ], [ 10.5627, 5.5658 ], [ 10.5665, 5.555 ], [ 10.5709, 5.5528 ], [ 10.5652, 5.5383 ], [ 10.5742, 5.5383 ], [ 10.5712, 5.532 ], [ 10.5644, 5.5304 ], [ 10.57, 5.5277 ], [ 10.5658, 5.5266 ], [ 10.5646, 5.5184 ], [ 10.5739, 5.5167 ], [ 10.5714, 5.5098 ], [ 10.5784, 5.5064 ], [ 10.5802, 5.5008 ], [ 10.5733, 5.4984 ], [ 10.5632, 5.489 ], [ 10.5568, 5.491 ], [ 10.5495, 5.4833 ], [ 10.5595, 5.4724 ], [ 10.5584, 5.4669 ], [ 10.5458, 5.4614 ], [ 10.5416, 5.4544 ], [ 10.5358, 5.4541 ], [ 10.5326, 5.4496 ], [ 10.5238, 5.4553 ], [ 10.5208, 5.449 ], [ 10.5219, 5.4425 ], [ 10.5168, 5.4383 ], [ 10.5185, 5.4317 ], [ 10.5242, 5.4287 ], [ 10.517, 5.4272 ], [ 10.518, 5.423 ], [ 10.514, 5.4186 ], [ 10.516, 5.4127 ], [ 10.5052, 5.4109 ], [ 10.5068, 5.4078 ], [ 10.502, 5.4007 ], [ 10.5074, 5.3933 ], [ 10.4984, 5.3901 ], [ 10.5041, 5.3755 ], [ 10.5128, 5.3691 ], [ 10.5328, 5.3674 ], [ 10.5378, 5.3716 ], [ 10.5504, 5.3636 ], [ 10.5583, 5.3643 ], [ 10.552, 5.3408 ], [ 10.5592, 5.3341 ], [ 10.5644, 5.3336 ], [ 10.5697, 5.3208 ], [ 10.564, 5.3148 ], [ 10.5644, 5.3071 ], [ 10.5596, 5.2996 ], [ 10.562, 5.295 ], [ 10.5588, 5.2898 ], [ 10.5654, 5.2877 ], [ 10.5631, 5.2835 ], [ 10.5684, 5.2795 ], [ 10.5743, 5.2858 ], [ 10.5841, 5.2862 ], [ 10.5834, 5.28 ], [ 10.5868, 5.2748 ], [ 10.5937, 5.2734 ], [ 10.5967, 5.268 ], [ 10.6113, 5.2647 ], [ 10.6154, 5.2526 ], [ 10.6132, 5.2477 ], [ 10.615, 5.2383 ], [ 10.6228, 5.2427 ], [ 10.6332, 5.2368 ], [ 10.6534, 5.2488 ], [ 10.6648, 5.2492 ], [ 10.667, 5.2334 ], [ 10.6577, 5.2216 ], [ 10.6655, 5.2118 ], [ 10.6728, 5.2105 ], [ 10.6748, 5.2021 ], [ 10.6844, 5.1991 ], [ 10.6875, 5.1912 ], [ 10.6823, 5.1786 ], [ 10.6911, 5.1681 ], [ 10.6961, 5.1711 ], [ 10.7013, 5.182 ], [ 10.7115, 5.1812 ], [ 10.7185, 5.1736 ], [ 10.7366, 5.177 ], [ 10.757, 5.1744 ], [ 10.7544, 5.1566 ], [ 10.7498, 5.1499 ], [ 10.755, 5.1445 ], [ 10.7566, 5.1371 ], [ 10.762, 5.1329 ], [ 10.7679, 5.133 ], [ 10.7738, 5.1238 ], [ 10.7838, 5.1277 ], [ 10.7927, 5.1199 ], [ 10.7974, 5.1202 ], [ 10.8031, 5.1126 ], [ 10.8041, 5.1049 ], [ 10.8106, 5.1016 ], [ 10.8112, 5.0952 ], [ 10.8234, 5.0967 ], [ 10.8211, 5.1026 ], [ 10.837, 5.1079 ], [ 10.8444, 5.1173 ], [ 10.8496, 5.1135 ], [ 10.8499, 5.0993 ], [ 10.8433, 5.1001 ], [ 10.838, 5.0889 ], [ 10.8243, 5.0802 ], [ 10.8199, 5.0533 ], [ 10.8268, 5.0411 ], [ 10.8252, 5.0325 ], [ 10.8525, 5.0349 ], [ 10.8581, 5.0282 ], [ 10.8581, 5.0192 ], [ 10.8624, 5.0097 ], [ 10.8669, 5.0105 ], [ 10.8708, 5.0031 ], [ 10.8676, 4.9955 ], [ 10.8837, 4.9891 ], [ 10.8791, 4.9807 ], [ 10.8816, 4.9685 ], [ 10.8757, 4.9531 ], [ 10.8672, 4.9438 ], [ 10.8677, 4.9409 ], [ 10.8843, 4.9353 ], [ 10.893, 4.9367 ], [ 10.942, 4.924 ], [ 10.9395, 4.9388 ], [ 10.9469, 4.9539 ], [ 10.9555, 4.9596 ], [ 10.9621, 4.9706 ], [ 10.9541, 4.984 ], [ 10.9357, 4.9933 ], [ 10.9314, 5.0017 ], [ 10.9452, 5.0069 ], [ 10.9484, 5.0152 ], [ 10.9586, 5.0224 ], [ 10.9602, 5.0321 ], [ 10.9672, 5.0328 ], [ 10.9699, 5.0367 ], [ 10.9707, 5.0614 ], [ 10.9867, 5.0842 ], [ 10.9891, 5.127 ], [ 10.9954, 5.1406 ], [ 10.998, 5.1585 ], [ 11.0019, 5.1607 ], [ 11.0058, 5.1588 ], [ 11.0139, 5.1649 ], [ 11.0151, 5.1721 ], [ 11.0309, 5.1748 ], [ 11.0483, 5.1706 ], [ 11.0539, 5.1806 ], [ 11.0691, 5.1877 ], [ 11.0788, 5.1883 ], [ 11.0765, 5.1944 ], [ 11.0797, 5.2039 ], [ 11.077, 5.2075 ], [ 11.0696, 5.2079 ], [ 11.0634, 5.2175 ], [ 11.0711, 5.2268 ], [ 11.0712, 5.241 ], [ 11.081, 5.2609 ], [ 11.0687, 5.2955 ], [ 11.1048, 5.3256 ], [ 11.1269, 5.3286 ], [ 11.1301, 5.341 ], [ 11.1348, 5.3459 ], [ 11.1343, 5.3589 ], [ 11.1563, 5.3743 ], [ 11.1805, 5.3845 ], [ 11.1831, 5.3995 ], [ 11.1799, 5.4046 ], [ 11.1931, 5.4164 ], [ 11.1908, 5.4239 ], [ 11.1686, 5.4521 ], [ 11.1741, 5.4583 ], [ 11.187, 5.46 ], [ 11.1915, 5.4652 ], [ 11.2025, 5.4868 ], [ 11.2039, 5.5107 ], [ 11.2127, 5.5274 ], [ 11.205, 5.5399 ], [ 11.2042, 5.5481 ], [ 11.2104, 5.557 ], [ 11.2016, 5.568 ], [ 11.2042, 5.5794 ], [ 11.1848, 5.6037 ], [ 11.1913, 5.6141 ], [ 11.192, 5.6236 ], [ 11.2064, 5.6439 ], [ 11.2125, 5.6467 ], [ 11.1995, 5.6678 ], [ 11.2062, 5.676 ], [ 11.2154, 5.6779 ], [ 11.225, 5.6856 ], [ 11.2301, 5.7008 ], [ 11.241, 5.7159 ], [ 11.246, 5.7153 ], [ 11.2521, 5.7089 ], [ 11.269, 5.7311 ], [ 11.2754, 5.7304 ], [ 11.2795, 5.7335 ], [ 11.2906, 5.7513 ], [ 11.29, 5.769 ], [ 11.3089, 5.7748 ], [ 11.3154, 5.7878 ], [ 11.3044, 5.7987 ], [ 11.2965, 5.8012 ], [ 11.2844, 5.7979 ], [ 11.272, 5.8082 ], [ 11.2723, 5.8204 ], [ 11.2679, 5.8255 ], [ 11.2753, 5.8467 ], [ 11.2689, 5.8584 ], [ 11.2769, 5.8744 ], [ 11.2722, 5.8808 ], [ 11.2637, 5.883 ], [ 11.2623, 5.8865 ], [ 11.2674, 5.8957 ], [ 11.2582, 5.8987 ], [ 11.2521, 5.9089 ], [ 11.2546, 5.9138 ], [ 11.2602, 5.916 ], [ 11.2755, 5.9175 ], [ 11.2695, 5.9298 ], [ 11.2772, 5.9485 ], [ 11.2741, 5.9573 ], [ 11.2586, 5.9704 ], [ 11.2614, 5.9748 ], [ 11.2591, 5.9825 ], [ 11.264, 5.9902 ], [ 11.2635, 5.9998 ], [ 11.2737, 6.0024 ], [ 11.2711, 6.0077 ], [ 11.2728, 6.0113 ], [ 11.2898, 6.0204 ], [ 11.2915, 6.0346 ], [ 11.2999, 6.036 ], [ 11.3083, 6.0429 ], [ 11.2994, 6.0512 ], [ 11.3009, 6.0646 ], [ 11.2957, 6.0769 ], [ 11.2916, 6.0677 ], [ 11.2865, 6.069 ], [ 11.2844, 6.0742 ], [ 11.2888, 6.0823 ], [ 11.2797, 6.0917 ], [ 11.2797, 6.0994 ], [ 11.2748, 6.1037 ], [ 11.2779, 6.1169 ], [ 11.2744, 6.1177 ], [ 11.2756, 6.121 ], [ 11.2689, 6.1224 ], [ 11.2622, 6.1373 ], [ 11.2656, 6.1444 ], [ 11.2719, 6.1432 ], [ 11.2724, 6.1467 ], [ 11.2762, 6.148 ], [ 11.2753, 6.1532 ], [ 11.2803, 6.1593 ], [ 11.279, 6.1659 ], [ 11.2626, 6.1772 ], [ 11.2707, 6.1833 ], [ 11.2687, 6.1861 ], [ 11.2718, 6.1922 ], [ 11.2697, 6.1975 ], [ 11.2732, 6.1994 ], [ 11.272, 6.2086 ], [ 11.2767, 6.2076 ], [ 11.2862, 6.2135 ], [ 11.2924, 6.2099 ], [ 11.2928, 6.213 ], [ 11.2972, 6.2135 ], [ 11.2989, 6.2224 ], [ 11.2966, 6.2235 ], [ 11.3018, 6.2281 ], [ 11.2969, 6.2323 ], [ 11.3001, 6.2366 ], [ 11.2985, 6.2399 ], [ 11.3024, 6.243 ], [ 11.301, 6.2481 ], [ 11.2903, 6.2538 ], [ 11.2812, 6.2468 ], [ 11.2703, 6.2503 ], [ 11.2653, 6.2569 ], [ 11.2608, 6.256 ], [ 11.2591, 6.252 ], [ 11.2464, 6.2589 ], [ 11.2444, 6.2553 ], [ 11.2399, 6.2635 ], [ 11.2356, 6.2603 ], [ 11.237, 6.2556 ], [ 11.2259, 6.258 ], [ 11.2193, 6.2541 ], [ 11.2108, 6.2583 ], [ 11.205, 6.2561 ], [ 11.1963, 6.259 ] ] ] } },
{ "type": "Feature", "properties": { "iso3": "CMR", "unit_id": "13109269B3221164812572", "unit_name": "Dja-et-Lobo" }, "geometry": { "type": "Polygon", "coordinates": [ [ [ 11.8922, 3.473 ], [ 11.862, 3.4076 ], [ 11.8604, 3.3797 ], [ 11.8519, 3.3725 ], [ 11.8496, 3.3628 ], [ 11.8396, 3.3714 ], [ 11.826, 3.3615 ], [ 11.8151, 3.3583 ], [ 11.7776, 3.3266 ], [ 11.7757, 3.3225 ], [ 11.7791, 3.3115 ], [ 11.7761, 3.3084 ], [ 11.7711, 3.3116 ], [ 11.7696, 3.3182 ], [ 11.7661, 3.3202 ], [ 11.7595, 3.3167 ], [ 11.7378, 3.3314 ], [ 11.7412, 3.2996 ], [ 11.7461, 3.2895 ], [ 11.7431, 3.2833 ], [ 11.7356, 3.2772 ], [ 11.7283, 3.2792 ], [ 11.7222, 3.2755 ], [ 11.7101, 3.2765 ], [ 11.7026, 3.2632 ], [ 11.7043, 3.2475 ], [ 11.7027, 3.2352 ], [ 11.6987, 3.2299 ], [ 11.7004, 3.222 ], [ 11.698, 3.2154 ], [ 11.7008, 3.2017 ], [ 11.6878, 3.1894 ], [ 11.7003, 3.1629 ], [ 11.7066, 3.1582 ], [ 11.715, 3.1599 ], [ 11.7114, 3.1292 ], [ 11.7163, 3.1245 ], [ 11.7254, 3.1257 ], [ 11.7267, 3.12 ], [ 11.6994, 3.0982 ], [ 11.6918, 3.0841 ], [ 11.683, 3.084 ], [ 11.6894, 3.0713 ], [ 11.6813, 3.0619 ], [ 11.6091, 3.0477 ], [ 11.6031, 3.0458 ], [ 11.5923, 3.0343 ], [ 11.6176, 3.0228 ], [ 11.6242, 3.0163 ], [ 11.6248, 3.0113 ], [ 11.6366, 3.0021 ], [ 11.6542, 3.006 ], [ 11.6623, 2.9993 ], [ 11.6658, 2.9849 ], [ 11.6593, 2.9688 ], [ 11.8248, 2.7209 ], [ 12.0, 2.6558 ], [ 12.1134, 2.646 ], [ 12.2594, 2.6067 ], [ 12.2429, 2.5894 ], [ 12.244, 2.5745 ], [ 12.2413, 2.5696 ], [ 12.2188, 2.5554 ], [ 12.2107, 2.5393 ], [ 12.1888, 2.5252 ], [ 12.1697, 2.5011 ], [ 12.1459, 2.4879 ], [ 12.127, 2.4674 ], [ 12.1085, 2.4622 ], [ 12.1016, 2.4557 ], [ 12.0851, 2.4516 ], [ 12.081, 2.4462 ], [ 12.062, 2.4517 ], [ 12.0216, 2.4239 ], [ 12.0172, 2.4248 ], [ 12.0144, 2.4208 ], [ 12.0067, 2.4224 ], [ 12.0001, 2.4162 ], [ 11.9916, 2.4139 ], [ 11.9893, 2.4035 ], [ 11.9813, 2.4036 ], [ 11.9785, 2.4001 ], [ 11.9778, 2.3936 ], [ 11.982, 2.3926 ], [ 11.974, 2.383 ], [ 11.974, 2.3722 ], [ 11.9684, 2.3698 ], [ 11.9627, 2.3615 ], [ 11.9691, 2.3484 ], [ 11.9653, 2.3506 ], [ 11.9552, 2.3409 ], [ 11.9441, 2.3343 ], [ 11.9396, 2.3349 ], [ 11.9486, 2.3143 ], [ 11.9469, 2.3101 ], [ 11.9365, 2.3075 ], [ 11.9391, 2.3009 ], [ 11.9327, 2.3038 ], [ 11.9313, 2.3008 ], [ 11.9342, 2.2981 ], [ 11.9318, 2.2906 ], [ 11.936, 2.2845 ], [ 11.9403, 2.2844 ], [ 11.9404, 2.282 ], [ 11.9447, 2.2865 ], [ 11.9511, 2.2872 ], [ 11.9573, 2.2837 ], [ 11.9652, 2.2846 ], [ 11.9672, 2.2885 ], [ 11.9728, 2.2837 ], [ 11.9752, 2.2876 ], [ 11.9826, 2.2887 ], [ 11.986, 2.2825 ], [ 11.9948, 2.282 ], [ 12.0042, 2.2857 ], [ 12.0098, 2.2841 ], [ 12.0148, 2.2905 ], [ 12.0382, 2.2832 ], [ 12.0489, 2.2819 ], [ 12.0489, 2.2891 ], [ 12.0529, 2.2865 ], [ 12.065, 2.287 ], [ 12.0683, 2.2839 ], [ 12.073, 2.287 ], [ 12.0826, 2.2804 ], [ 12.0882, 2.2826 ], [ 12.104, 2.2786 ], [ 12.1099, 2.279 ], [ 12.1144, 2.2874 ], [ 12.124, 2.2934 ], [ 12.1324, 2.283 ], [ 12.1538, 2.2729 ], [ 12.168, 2.283 ], [ 12.2001, 2.2765 ], [ 12.2098, 2.2788 ], [ 12.2145, 2.277 ], [ 12.2231, 2.2603 ], [ 12.2462, 2.2493 ], [ 12.257, 2.2548 ], [ 12.2605, 2.2601 ], [ 12.266, 2.2556 ], [ 12.2822, 2.2612 ], [ 12.2913, 2.2799 ], [ 12.3011, 2.2814 ], [ 12.3025, 2.2873 ], [ 12.308, 2.2881 ], [ 12.3664, 2.2676 ], [ 12.4545, 2.252 ], [ 12.4747, 2.2535 ], [ 12.4926, 2.2621 ], [ 12.5104, 2.2603 ], [ 12.5281, 2.2532 ], [ 12.5556, 2.2587 ], [ 12.5744, 2.2703 ], [ 12.5865, 2.266 ], [ 12.5857, 2.2574 ], [ 12.5939, 2.2548 ], [ 12.6084, 2.2587 ], [ 12.6133, 2.2502 ], [ 12.6194, 2.2502 ], [ 12.622, 2.2453 ], [ 12.6356, 2.2441 ], [ 12.6413, 2.2402 ], [ 12.647, 2.2426 ], [ 12.6529, 2.2389 ], [ 12.6559, 2.2422 ], [ 12.6659, 2.2403 ], [ 12.672, 2.241 ], [ 12.6743, 2.2449 ], [ 12.6835, 2.2441 ], [ 12.6951, 2.2407 ], [ 12.6965, 2.2375 ], [ 12.7098, 2.2318 ], [ 12.7114, 2.228 ], [ 12.7197, 2.2305 ], [ 12.7225, 2.2286 ], [ 12.7259, 2.2334 ], [ 12.7285, 2.2334 ], [ 12.7263, 2.2306 ], [ 12.7366, 2.2309 ], [ 12.7369, 2.2265 ], [ 12.7456, 2.2211 ], [ 12.7531, 2.2279 ], [ 12.7593, 2.2265 ], [ 12.768, 2.2309 ], [ 12.7718, 2.2285 ], [ 12.7708, 2.2306 ], [ 12.7809, 2.2311 ], [ 12.782, 2.2352 ], [ 12.7884, 2.2352 ], [ 12.7901, 2.241 ], [ 12.7938, 2.2384 ], [ 12.7956, 2.2503 ], [ 12.7998, 2.2514 ], [ 12.8101, 2.2453 ], [ 12.8187, 2.2523 ], [ 12.8195, 2.258 ], [ 12.8235, 2.2541 ], [ 12.8264, 2.2553 ], [ 12.8267, 2.2411 ], [ 12.846, 2.2401 ], [ 12.8493, 2.2336 ], [ 12.8534, 2.2369 ], [ 12.8551, 2.2317 ], [ 12.8616, 2.2276 ], [ 12.8691, 2.2324 ], [ 12.8751, 2.2285 ], [ 12.8719, 2.2312 ], [ 12.8753, 2.2315 ], [ 12.875, 2.2409 ], [ 12.8812, 2.2468 ], [ 12.8848, 2.2433 ], [ 12.8889, 2.2441 ], [ 12.8894, 2.236 ], [ 12.9105, 2.2399 ], [ 12.9108, 2.2433 ], [ 12.92, 2.2455 ], [ 12.9154, 2.2499 ], [ 12.9192, 2.2544 ], [ 12.9353, 2.2546 ], [ 12.9437, 2.2445 ], [ 12.9603, 2.2458 ], [ 12.9676, 2.2421 ], [ 12.97, 2.2457 ], [ 12.9774, 2.2469 ], [ 12.9772, 2.2504 ], [ 12.9796, 2.2471 ], [ 12.9799, 2.2499 ], [ 12.9848, 2.2476 ], [ 12.9919, 2.2516 ], [ 12.9925, 2.2479 ], [ 12.9981, 2.2522 ], [ 13.0064, 2.2485 ], [ 13.0067, 2.2517 ], [ 13.0136, 2.2494 ], [ 13.0158, 2.253 ], [ 13.023, 2.245 ], [ 13.0279, 2.2451 ], [ 13.0313, 2.251 ], [ 13.0327, 2.2374 ], [ 13.0408, 2.241 ], [ 13.0473, 2.2388 ], [ 13.0504, 2.243 ], [ 13.0545, 2.2393 ], [ 13.0598, 2.2437 ], [ 13.0602, 2.2486 ], [ 13.0648, 2.2464 ], [ 13.074, 2.2513 ], [ 13.0741, 2.2455 ], [ 13.0848, 2.2407 ], [ 13.0842, 2.2448 ], [ 13.0868, 2.242 ], [ 13.0894, 2.2461 ], [ 13.0951, 2.2462 ], [ 13.0974, 2.2501 ], [ 13.0955, 2.2557 ], [ 13.1045, 2.2538 ], [ 13.1049, 2.2581 ], [ 13.113, 2.2519 ], [ 13.1088, 2.2585 ], [ 13.1144, 2.2626 ], [ 13.1113, 2.2638 ], [ 13.1107, 2.269 ], [ 13.1463, 2.2827 ], [ 13.1514, 2.2798 ], [ 13.1577, 2.2866 ], [ 13.1604, 2.2825 ], [ 13.1769, 2.2782 ], [ 13.1805, 2.2823 ], [ 13.1928, 2.2835 ], [ 13.1943, 2.2741 ], [ 13.1867, 2.276 ], [ 13.1865, 2.2713 ], [ 13.1894, 2.2736 ], [ 13.1915, 2.2709 ], [ 13.1899, 2.2666 ], [ 13.1926, 2.2629 ], [ 13.2035, 2.27 ], [ 13.2023, 2.2615 ], [ 13.2058, 2.2598 ], [ 13.2117, 2.2644 ], [ 13.2204, 2.2579 ], [ 13.22, 2.2619 ], [ 13.2285, 2.2636 ], [ 13.23, 2.2699 ], [ 13.2365, 2.2684 ], [ 13.2478, 2.2735 ], [ 13.2533, 2.2658 ], [ 13.2566, 2.2667 ], [ 13.2612, 2.2628 ], [ 13.2628, 2.2569 ], [ 13.2575, 2.255 ], [ 13.2729, 2.2495 ], [ 13.2685, 2.2443 ], [ 13.2695, 2.2409 ], [ 13.2805, 2.2518 ], [ 13.2862, 2.2484 ], [ 13.2831, 2.2427 ], [ 13.2889, 2.2318 ], [ 13.3, 2.2276 ], [ 13.2961, 2.2189 ], [ 13.3056, 2.2078 ], [ 13.3007, 2.2055 ], [ 13.3006, 2.2008 ], [ 13.2974, 2.2033 ], [ 13.2937, 2.1934 ], [ 13.2875, 2.1938 ], [ 13.2855, 2.19 ], [ 13.2858, 2.1873 ], [ 13.288, 2.1896 ], [ 13.299, 2.1827 ], [ 13.2989, 2.1751 ], [ 13.2942, 2.1706 ], [ 13.6799, 2.1719 ], [ 13.6279, 2.908 ], [ 13.6194, 2.908 ], [ 13.6108, 2.8972 ], [ 13.6052, 2.9002 ], [ 13.5804, 2.8879 ], [ 13.5724, 2.8725 ], [ 13.5716, 2.8649 ], [ 13.5553, 2.8475 ], [ 13.5491, 2.8599 ], [ 13.5423, 2.8568 ], [ 13.5304, 2.8574 ], [ 13.5285, 2.8497 ], [ 13.5328, 2.8446 ], [ 13.5274, 2.8313 ], [ 13.5287, 2.8281 ], [ 13.5344, 2.8294 ], [ 13.5335, 2.8257 ], [ 13.5212, 2.8263 ], [ 13.5155, 2.8326 ], [ 13.5129, 2.8422 ], [ 13.5043, 2.8405 ], [ 13.4961, 2.8269 ], [ 13.4985, 2.8216 ], [ 13.5091, 2.8142 ], [ 13.5105, 2.8016 ], [ 13.5018, 2.7913 ], [ 13.4833, 2.7904 ], [ 13.4706, 2.7803 ], [ 13.4488, 2.7864 ], [ 13.4315, 2.7759 ], [ 13.4285, 2.7782 ], [ 13.4259, 2.7935 ], [ 13.4207, 2.7955 ], [ 13.4049, 2.7914 ], [ 13.395, 2.8006 ], [ 13.382, 2.8234 ], [ 13.3736, 2.8251 ], [ 13.3709, 2.8205 ], [ 13.3612, 2.8155 ], [ 13.3521, 2.8021 ], [ 13.3479, 2.8013 ], [ 13.3381, 2.8102 ], [ 13.3299, 2.8078 ], [ 13.3279, 2.8127 ], [ 13.3178, 2.8155 ], [ 13.3172, 2.8262 ], [ 13.3062, 2.8411 ], [ 13.2959, 2.8474 ], [ 13.2827, 2.8497 ], [ 13.2685, 2.8435 ], [ 13.2771, 2.823 ], [ 13.2762, 2.8116 ], [ 13.2892, 2.7908 ], [ 13.2825, 2.7853 ], [ 13.2696, 2.7851 ], [ 13.2656, 2.7899 ], [ 13.2698, 2.8133 ], [ 13.2606, 2.8272 ], [ 13.2555, 2.8305 ], [ 13.2318, 2.8305 ], [ 13.2289, 2.8382 ], [ 13.237, 2.8427 ], [ 13.2382, 2.8476 ], [ 13.2279, 2.8504 ], [ 13.2062, 2.8695 ], [ 13.1965, 2.8683 ], [ 13.1921, 2.8511 ], [ 13.1777, 2.8547 ], [ 13.1646, 2.8532 ], [ 13.1579, 2.8475 ], [ 13.1468, 2.8624 ], [ 13.1375, 2.8653 ], [ 13.1357, 2.8748 ], [ 13.1319, 2.8761 ], [ 13.1293, 2.8663 ], [ 13.1186, 2.8638 ], [ 13.1134, 2.8592 ], [ 13.1144, 2.8475 ], [ 13.1082, 2.8428 ], [ 13.0957, 2.8422 ], [ 13.1001, 2.8516 ], [ 13.0813, 2.8578 ], [ 13.0795, 2.854 ], [ 13.0856, 2.8485 ], [ 13.0794, 2.8402 ], [ 13.0723, 2.8496 ], [ 13.0562, 2.8518 ], [ 13.0402, 2.8487 ], [ 13.0242, 2.8611 ], [ 13.0194, 2.8611 ], [ 13.002, 2.85 ], [ 13.0033, 2.8619 ], [ 13.008, 2.864 ], [ 13.0083, 2.8692 ], [ 12.9909, 2.8746 ], [ 12.9887, 2.8787 ], [ 12.9922, 2.8858 ], [ 12.9855, 2.8907 ], [ 12.9788, 2.8858 ], [ 12.9665, 2.8662 ], [ 12.9528, 2.8699 ], [ 12.9404, 2.8656 ], [ 12.9385, 2.8749 ], [ 12.9244, 2.8697 ], [ 12.9163, 2.8812 ], [ 12.9023, 2.8764 ], [ 12.8792, 2.8797 ], [ 12.8744, 2.8774 ], [ 12.8652, 2.8869 ], [ 12.8619, 2.8954 ], [ 12.8376, 2.89 ], [ 12.8301, 2.898 ], [ 12.826, 2.9089 ], [ 12.818, 2.9151 ], [ 12.8109, 2.916 ], [ 12.8047, 2.9078 ], [ 12.7965, 2.9049 ], [ 12.7944, 2.9288 ], [ 12.7819, 2.9334 ], [ 12.7723, 2.9471 ], [ 12.7655, 2.9743 ], [ 12.7652, 3.1702 ], [ 12.5601, 3.3769 ], [ 12.5499, 3.3801 ], [ 12.5497, 3.3896 ], [ 12.5439, 3.3914 ], [ 12.5501, 3.4072 ], [ 12.5478, 3.4272 ], [ 12.5638, 3.501 ], [ 12.5611, 3.5207 ], [ 12.5642, 3.5337 ], [ 12.5565, 3.552 ], [ 12.5433, 3.5688 ], [ 12.527, 3.5746 ], [ 12.524, 3.5975 ], [ 12.5292, 3.6281 ], [ 12.5007, 3.6821 ], [ 12.4969, 3.683 ], [ 12.4782, 3.672 ], [ 12.4666, 3.6772 ], [ 12.4564, 3.6769 ], [ 12.447, 3.6679 ], [ 12.446, 3.6617 ], [ 12.4501, 3.6532 ], [ 12.4411, 3.6552 ], [ 12.439, 3.6511 ], [ 12.4366, 3.6302 ], [ 12.4326, 3.6262 ], [ 12.4332, 3.6119 ], [ 12.4282, 3.6076 ], [ 12.4189, 3.6099 ], [ 12.411, 3.6073 ], [ 12.4008, 3.6006 ], [ 12.2591, 3.4831 ], [ 12.2541, 3.4761 ], [ 12.2221, 3.34 ], [ 12.2159, 3.3342 ], [ 12.2142, 3.3175 ], [ 12.2055, 3.317 ], [ 12.2036, 3.3062 ], [ 12.1953, 3.3137 ], [ 12.1928, 3.3053 ], [ 12.1863, 3.3086 ], [ 12.1911, 3.3272 ], [ 12.1825, 3.3247 ], [ 12.1762, 3.3176 ], [ 12.1688, 3.3205 ], [ 12.1681, 3.3236 ], [ 12.1651, 3.3237 ], [ 12.1662, 3.3206 ], [ 12.1644, 3.3194 ], [ 12.1557, 3.3245 ], [ 12.1505, 3.3158 ], [ 12.1573, 3.3162 ], [ 12.1629, 3.3101 ], [ 12.158, 3.3088 ], [ 12.1556, 3.3043 ], [ 12.1468, 3.3052 ], [ 12.1441, 3.3011 ], [ 12.1465, 3.3013 ], [ 12.1445, 3.2997 ], [ 12.147, 3.291 ], [ 12.1399, 3.2869 ], [ 12.1363, 3.2881 ], [ 12.1345, 3.2951 ], [ 12.1228, 3.2998 ], [ 12.1319, 3.3049 ], [ 12.1292, 3.3069 ], [ 12.1295, 3.3156 ], [ 12.1378, 3.3239 ], [ 12.1339, 3.362 ], [ 11.999, 3.4044 ], [ 11.9852, 3.4137 ], [ 11.9809, 3.4207 ], [ 11.9807, 3.434 ], [ 11.9483, 3.453 ], [ 11.9425, 3.4417 ], [ 11.9371, 3.4402 ], [ 11.9232, 3.4458 ], [ 11.9222, 3.4542 ], [ 11.8922, 3.473 ] ] ] } },
{ "type": "Feature", "properties": { "iso3": "CMR", "unit_id": "13109269B43564048137026", "unit_name": "Mvila" }, "geometry": { "type": "Polygon", "coordinates": [ [ [ 11.1855, 3.1525 ], [ 11.1414, 3.1532 ], [ 11.1201, 3.1641 ], [ 11.0961, 3.1582 ], [ 11.0882, 3.1639 ], [ 11.0808, 3.1638 ], [ 11.0677, 3.1804 ], [ 11.0615, 3.1836 ], [ 11.0446, 3.1812 ], [ 11.0297, 3.1858 ], [ 11.0144, 3.1616 ], [ 10.9951, 3.1652 ], [ 10.9712, 3.1606 ], [ 10.96, 3.1529 ], [ 10.9042, 3.1358 ], [ 10.8326, 3.2142 ], [ 10.5744, 3.0774 ], [ 10.5934, 3.0643 ], [ 10.5962, 3.0573 ], [ 10.5944, 3.0044 ], [ 10.6072, 2.9814 ], [ 10.5951, 2.9631 ], [ 10.6276, 2.9296 ], [ 10.6134, 2.8961 ], [ 10.6311, 2.8848 ], [ 10.6621, 2.8911 ], [ 10.707, 2.8444 ], [ 10.7138, 2.8318 ], [ 10.7068, 2.818 ], [ 10.7119, 2.7982 ], [ 10.7069, 2.7808 ], [ 10.7091, 2.7761 ], [ 10.7266, 2.7746 ], [ 10.7357, 2.7835 ], [ 10.7456, 2.7831 ], [ 10.7517, 2.7889 ], [ 10.767, 2.7935 ], [ 10.7895, 2.7835 ], [ 10.8067, 2.7799 ], [ 10.8541, 2.7467 ], [ 10.8644, 2.7431 ], [ 10.8853, 2.7528 ], [ 10.9772, 2.7577 ], [ 11.0008, 2.7563 ], [ 11.3556, 2.6006 ], [ 11.6795, 2.3753 ], [ 11.6735, 2.3681 ], [ 11.6713, 2.3542 ], [ 11.6651, 2.3478 ], [ 11.6656, 2.3425 ], [ 11.6711, 2.3388 ], [ 11.6707, 2.3233 ], [ 11.6655, 2.3203 ], [ 11.6689, 2.3174 ], [ 11.6676, 2.3137 ], [ 11.7014, 2.3175 ], [ 11.7054, 2.3059 ], [ 11.7111, 2.3003 ], [ 11.7239, 2.3013 ], [ 11.7327, 2.2925 ], [ 11.7469, 2.2968 ], [ 11.7445, 2.2868 ], [ 11.7476, 2.2773 ], [ 11.7507, 2.2767 ], [ 11.7505, 2.2826 ], [ 11.7532, 2.2842 ], [ 11.7537, 2.275 ], [ 11.7506, 2.2732 ], [ 11.7582, 2.2702 ], [ 11.7668, 2.2739 ], [ 11.7853, 2.2701 ], [ 11.7867, 2.2766 ], [ 11.794, 2.2749 ], [ 11.7919, 2.2784 ], [ 11.7944, 2.2804 ], [ 11.7963, 2.2763 ], [ 11.7978, 2.2784 ], [ 11.8015, 2.2752 ], [ 11.817, 2.2772 ], [ 11.8236, 2.2733 ], [ 11.8225, 2.28 ], [ 11.8285, 2.2842 ], [ 11.8419, 2.275 ], [ 11.8548, 2.2805 ], [ 11.857, 2.2786 ], [ 11.8553, 2.2723 ], [ 11.8627, 2.2735 ], [ 11.8642, 2.2707 ], [ 11.8674, 2.2721 ], [ 11.8691, 2.2834 ], [ 11.8805, 2.2838 ], [ 11.8897, 2.2788 ], [ 11.8971, 2.2843 ], [ 11.9088, 2.2799 ], [ 11.9179, 2.2818 ], [ 11.9251, 2.288 ], [ 11.934, 2.2808 ], [ 11.9366, 2.2824 ], [ 11.9318, 2.2906 ], [ 11.9342, 2.2981 ], [ 11.9313, 2.3008 ], [ 11.9327, 2.3038 ], [ 11.9391, 2.3009 ], [ 11.9365, 2.3075 ], [ 11.9469, 2.3101 ], [ 11.9486, 2.3143 ], [ 11.9396, 2.3349 ], [ 11.9441, 2.3343 ], [ 11.9552, 2.3409 ], [ 11.9653, 2.3506 ], [ 11.9691, 2.3484 ], [ 11.9627, 2.3615 ], [ 11.9684, 2.3698 ], [ 11.974, 2.3722 ], [ 11.974, 2.383 ], [ 11.982, 2.3926 ], [ 11.9778, 2.3936 ], [ 11.9785, 2.4001 ], [ 11.9813, 2.4036 ], [ 11.9893, 2.4035 ], [ 11.9916, 2.4139 ], [ 12.0001, 2.4162 ], [ 12.0067, 2.4224 ], [ 12.0144, 2.4208 ], [ 12.0172, 2.4248 ], [ 12.0216, 2.4239 ], [ 12.062, 2.4517 ], [ 12.081, 2.4462 ], [ 12.0851, 2.4516 ], [ 12.1016, 2.4557 ], [ 12.1085, 2.4622 ], [ 12.127, 2.4674 ], [ 12.1459, 2.4879 ], [ 12.1697, 2.5011 ], [ 12.1746, 2.5097 ], [ 12.1842, 2.5171 ], [ 12.1851, 2.5218 ], [ 12.2107, 2.5393 ], [ 12.2188, 2.5554 ], [ 12.2331, 2.5628 ], [ 12.244, 2.5745 ], [ 12.2429, 2.5894 ], [ 12.2594, 2.6067 ], [ 12.1134, 2.646 ], [ 12.0, 2.6558 ], [ 11.8248, 2.7209 ], [ 11.6593, 2.9688 ], [ 11.6658, 2.9849 ], [ 11.6623, 2.9993 ], [ 11.6542, 3.006 ], [ 11.6366, 3.0021 ], [ 11.6248, 3.0113 ], [ 11.6242, 3.0163 ], [ 11.6176, 3.0228 ], [ 11.5923, 3.0343 ], [ 11.6031, 3.0458 ], [ 11.6091, 3.0477 ], [ 11.6813, 3.0619 ], [ 11.6894, 3.0713 ], [ 11.683, 3.084 ], [ 11.6918, 3.0841 ], [ 11.6994, 3.0982 ], [ 11.7267, 3.12 ], [ 11.7254, 3.1257 ], [ 11.7163, 3.1245 ], [ 11.7114, 3.1292 ], [ 11.715, 3.1599 ], [ 11.7066, 3.1582 ], [ 11.7003, 3.1629 ], [ 11.6878, 3.1894 ], [ 11.6834, 3.1873 ], [ 11.6702, 3.1903 ], [ 11.6421, 3.1881 ], [ 11.6344, 3.1797 ], [ 11.6208, 3.1759 ], [ 11.6164, 3.1686 ], [ 11.6039, 3.1683 ], [ 11.5856, 3.161 ], [ 11.5768, 3.1546 ], [ 11.57, 3.1448 ], [ 11.5703, 3.1401 ], [ 11.5654, 3.1374 ], [ 11.5514, 3.1436 ], [ 11.5472, 3.1359 ], [ 11.5039, 3.1312 ], [ 11.5018, 3.1361 ], [ 11.4141, 3.1344 ], [ 11.4054, 3.1441 ], [ 11.3618, 3.1393 ], [ 11.3567, 3.1429 ], [ 11.3453, 3.1233 ], [ 11.3311, 3.1133 ], [ 11.3138, 3.1162 ], [ 11.2984, 3.1249 ], [ 11.2975, 3.1324 ], [ 11.2704, 3.1353 ], [ 11.2622, 3.1285 ], [ 11.2555, 3.1282 ], [ 11.2525, 3.1219 ], [ 11.2358, 3.1176 ], [ 11.2239, 3.1046 ], [ 11.2153, 3.1049 ], [ 11.2099, 3.1089 ], [ 11.1905, 3.1365 ], [ 11.1855, 3.1525 ] ] ] } },
{ "type": "Feature", "properties": { "iso3": "CMR", "unit_id": "13109269B15072599575950", "unit_name": "Océan" }, "geometry": { "type": "Polygon", "coordinates": [ [ [ 10.232, 3.5142 ], [ 10.2264, 3.5312 ], [ 10.2324, 3.5443 ], [ 10.2255, 3.5443 ], [ 10.2145, 3.5544 ], [ 10.1998, 3.5576 ], [ 10.2006, 3.5867 ], [ 10.1943, 3.5922 ], [ 10.1855, 3.5933 ], [ 10.1724, 3.5788 ], [ 10.1594, 3.5718 ], [ 10.1575, 3.5635 ], [ 10.1524, 3.5646 ], [ 10.1472, 3.5738 ], [ 10.1294, 3.5699 ], [ 10.1185, 3.5775 ], [ 10.1125, 3.5662 ], [ 10.1113, 3.5472 ], [ 10.1014, 3.5471 ], [ 10.1012, 3.5397 ], [ 10.0835, 3.4946 ], [ 10.0749, 3.4954 ], [ 10.0662, 3.49 ], [ 10.0703, 3.4672 ], [ 10.0676, 3.4382 ], [ 10.0748, 3.4208 ], [ 10.0665, 3.4088 ], [ 10.0573, 3.4041 ], [ 10.0509, 3.3963 ], [ 10.058, 3.3808 ], [ 10.0567, 3.3757 ], [ 10.0489, 3.3697 ], [ 10.0423, 3.3462 ], [ 10.0356, 3.3341 ], [ 10.0128, 3.3232 ], [ 9.9953, 3.3078 ], [ 9.9785, 3.3008 ], [ 9.9685, 3.2811 ], [ 9.9428, 3.265 ], [ 9.9378, 3.2587 ], [ 9.9079, 3.2575 ], [ 9.8961, 3.2766 ], [ 9.8928, 3.2751 ], [ 9.9239, 3.2183 ], [ 9.9234, 3.2134 ], [ 9.9446, 3.1557 ], [ 9.968, 3.1074 ], [ 9.9749, 3.0851 ], [ 9.9648, 3.0776 ], [ 9.9678, 3.0587 ], [ 9.9634, 3.0559 ], [ 9.9618, 3.0325 ], [ 9.956, 3.0191 ], [ 9.9497, 3.009 ], [ 9.9316, 3.0013 ], [ 9.9298, 2.9958 ], [ 9.9262, 2.9953 ], [ 9.925, 2.9874 ], [ 9.9141, 2.9758 ], [ 9.9099, 2.9539 ], [ 9.9066, 2.9527 ], [ 9.9038, 2.931 ], [ 9.8981, 2.9191 ], [ 9.9014, 2.9036 ], [ 9.8979, 2.8831 ], [ 9.8913, 2.8826 ], [ 9.883, 2.8453 ], [ 9.8945, 2.8011 ], [ 9.8886, 2.7953 ], [ 9.8773, 2.7673 ], [ 9.8796, 2.757 ], [ 9.8763, 2.7501 ], [ 9.8763, 2.737 ], [ 9.8663, 2.7239 ], [ 9.8622, 2.7285 ], [ 9.8577, 2.7242 ], [ 9.8605, 2.7211 ], [ 9.8622, 2.7029 ], [ 9.8476, 2.6751 ], [ 9.8413, 2.6193 ], [ 9.8309, 2.5802 ], [ 9.8238, 2.5691 ], [ 9.8249, 2.521 ], [ 9.8229, 2.5136 ], [ 9.8175, 2.5088 ], [ 9.8249, 2.4739 ], [ 9.823, 2.4662 ], [ 9.8276, 2.4372 ], [ 9.8189, 2.4226 ], [ 9.8249, 2.3759 ], [ 9.8212, 2.3674 ], [ 9.8225, 2.3489 ], [ 9.8375, 2.3248 ], [ 9.8318, 2.2935 ], [ 9.8415, 2.2731 ], [ 9.8482, 2.2457 ], [ 9.864, 2.2407 ], [ 9.8659, 2.2367 ], [ 9.887, 2.2308 ], [ 9.8896, 2.223 ], [ 9.8989, 2.2186 ], [ 9.9021, 2.2077 ], [ 9.9061, 2.2075 ], [ 9.9038, 2.2023 ], [ 9.9065, 2.1977 ], [ 9.9118, 2.1976 ], [ 9.914, 2.2035 ], [ 9.9232, 2.2061 ], [ 9.9343, 2.1944 ], [ 9.9394, 2.1987 ], [ 9.9488, 2.1899 ], [ 9.9575, 2.192 ], [ 9.9833, 2.1773 ], [ 9.9902, 2.1796 ], [ 10.019, 2.171 ], [ 10.0349, 2.1624 ], [ 10.0437, 2.1655 ], [ 10.0457, 2.1739 ], [ 10.0729, 2.1623 ], [ 10.0999, 2.1632 ], [ 10.1082, 2.1669 ], [ 10.1153, 2.164 ], [ 10.1177, 2.1568 ], [ 10.1216, 2.1566 ], [ 10.1442, 2.1693 ], [ 10.1451, 2.1734 ], [ 10.151, 2.1706 ], [ 10.1573, 2.1753 ], [ 10.1631, 2.1631 ], [ 10.1792, 2.1623 ], [ 10.1946, 2.1856 ], [ 10.1956, 2.2083 ], [ 10.2032, 2.2224 ], [ 10.2112, 2.2246 ], [ 10.2464, 2.2628 ], [ 10.2681, 2.291 ], [ 10.2706, 2.3034 ], [ 10.3104, 2.3383 ], [ 10.3343, 2.3542 ], [ 10.3492, 2.3781 ], [ 10.3643, 2.3954 ], [ 10.3621, 2.4078 ], [ 10.3712, 2.4222 ], [ 10.3783, 2.4225 ], [ 10.3806, 2.4257 ], [ 10.3786, 2.431 ], [ 10.3842, 2.4354 ], [ 10.3908, 2.4519 ], [ 10.3906, 2.4648 ], [ 10.4135, 2.4723 ], [ 10.4111, 2.4789 ], [ 10.4164, 2.485 ], [ 10.422, 2.4832 ], [ 10.4305, 2.4902 ], [ 10.4372, 2.5067 ], [ 10.4434, 2.5079 ], [ 10.4513, 2.523 ], [ 10.4609, 2.5283 ], [ 10.475, 2.547 ], [ 10.4835, 2.5485 ], [ 10.4866, 2.5536 ], [ 10.5267, 2.5774 ], [ 10.5496, 2.596 ], [ 10.5714, 2.6559 ], [ 10.5738, 2.675 ], [ 10.5961, 2.7122 ], [ 10.613, 2.7135 ], [ 10.6264, 2.7073 ], [ 10.6353, 2.7123 ], [ 10.6546, 2.7081 ], [ 10.6644, 2.7235 ], [ 10.6634, 2.7386 ], [ 10.6682, 2.756 ], [ 10.6816, 2.7547 ], [ 10.6867, 2.7577 ], [ 10.6981, 2.7543 ], [ 10.7086, 2.7649 ], [ 10.7069, 2.7808 ], [ 10.7119, 2.7982 ], [ 10.7068, 2.818 ], [ 10.7138, 2.8318 ], [ 10.712, 2.8377 ], [ 10.6621, 2.8911 ], [ 10.6311, 2.8848 ], [ 10.6134, 2.8961 ], [ 10.6276, 2.9296 ], [ 10.5951, 2.9631 ], [ 10.6072, 2.9814 ], [ 10.5944, 3.0044 ], [ 10.5962, 3.0573 ], [ 10.5934, 3.0643 ], [ 10.5744, 3.0774 ], [ 10.8326, 3.2142 ], [ 10.9042, 3.1358 ], [ 10.96, 3.1529 ], [ 10.9712, 3.1606 ], [ 10.9951, 3.1652 ], [ 11.0144, 3.1616 ], [ 11.0297, 3.1858 ], [ 11.0446, 3.1812 ], [ 11.0615, 3.1836 ], [ 11.0677, 3.1804 ], [ 11.0808, 3.1638 ], [ 11.0882, 3.1639 ], [ 11.0961, 3.1582 ], [ 11.1201, 3.1641 ], [ 11.1414, 3.1532 ], [ 11.175, 3.1543 ], [ 11.18, 3.167 ], [ 11.1725, 3.1902 ], [ 11.1762, 3.2063 ], [ 11.1721, 3.2163 ], [ 11.157, 3.2299 ], [ 11.1377, 3.2342 ], [ 11.1316, 3.2404 ], [ 11.1135, 3.2476 ], [ 11.1106, 3.2556 ], [ 11.1188, 3.2703 ], [ 11.1144, 3.2774 ], [ 11.1139, 3.2933 ], [ 11.1064, 3.3057 ], [ 11.099, 3.3098 ], [ 11.0997, 3.3316 ], [ 11.0965, 3.3352 ], [ 11.0799, 3.3388 ], [ 11.087, 3.345 ], [ 11.0882, 3.3518 ], [ 11.0821, 3.3669 ], [ 11.0678, 3.3611 ], [ 11.0617, 3.3734 ], [ 11.0656, 3.3918 ], [ 11.0321, 3.4149 ], [ 11.0136, 3.4099 ], [ 11.0009, 3.4134 ], [ 10.9869, 3.3849 ], [ 10.9587, 3.3792 ], [ 10.9672, 3.3979 ], [ 10.9546, 3.4156 ], [ 10.8953, 3.4084 ], [ 10.8852, 3.3994 ], [ 10.882, 3.4028 ], [ 10.8694, 3.3895 ], [ 10.8616, 3.3884 ], [ 10.8519, 3.3979 ], [ 10.8419, 3.3974 ], [ 10.8359, 3.4055 ], [ 10.8269, 3.4088 ], [ 10.833, 3.4216 ], [ 10.8291, 3.424 ], [ 10.8269, 3.4311 ], [ 10.8215, 3.4328 ], [ 10.8174, 3.4422 ], [ 10.8172, 3.4584 ], [ 10.763, 3.4736 ], [ 10.6373, 3.4298 ], [ 10.2926, 3.3305 ], [ 10.2521, 3.4122 ], [ 10.2554, 3.4547 ], [ 10.2372, 3.4705 ], [ 10.2386, 3.4793 ], [ 10.2414, 3.4803 ], [ 10.2364, 3.4902 ], [ 10.2357, 3.5046 ], [ 10.231, 3.5073 ], [ 10.232, 3.5142 ] ] ] } },
{ "type": "Feature", "properties": { "iso3": "CMR", "unit_id": "13109269B39033532451546", "unit_name": "Vallée-du-Ntem" }, "geometry": { "type": "Polygon", "coordinates": [ [ [ 10.7091, 2.7761 ], [ 10.7086, 2.7649 ], [ 10.7016, 2.7556 ], [ 10.6682, 2.756 ], [ 10.6634, 2.7386 ], [ 10.6644, 2.7235 ], [ 10.6568, 2.7092 ], [ 10.6353, 2.7123 ], [ 10.6264, 2.7073 ], [ 10.613, 2.7135 ], [ 10.5961, 2.7122 ], [ 10.5738, 2.675 ], [ 10.5714, 2.6559 ], [ 10.5496, 2.596 ], [ 10.5267, 2.5774 ], [ 10.4866, 2.5536 ], [ 10.4835, 2.5485 ], [ 10.475, 2.547 ], [ 10.4609, 2.5283 ], [ 10.4513, 2.523 ], [ 10.4434, 2.5079 ], [ 10.4372, 2.5067 ], [ 10.4305, 2.4902 ], [ 10.422, 2.4832 ], [ 10.4164, 2.485 ], [ 10.4111, 2.4789 ], [ 10.4135, 2.4723 ], [ 10.3906, 2.4648 ], [ 10.3908, 2.4519 ], [ 10.3842, 2.4354 ], [ 10.3786, 2.431 ], [ 10.3806, 2.4257 ], [ 10.3783, 2.4225 ], [ 10.3712, 2.4222 ], [ 10.3621, 2.4078 ], [ 10.3643, 2.3954 ], [ 10.3492, 2.3781 ], [ 10.3343, 2.3542 ], [ 10.3104, 2.3383 ], [ 10.2706, 2.3034 ], [ 10.2681, 2.291 ], [ 10.2464, 2.2628 ], [ 10.2112, 2.2246 ], [ 10.2032, 2.2224 ], [ 10.1956, 2.2083 ], [ 10.1946, 2.1856 ], [ 10.1888, 2.1734 ], [ 11.3599, 2.1719 ], [ 11.3536, 2.181 ], [ 11.3554, 2.1897 ], [ 11.3616, 2.1971 ], [ 11.357, 2.2017 ], [ 11.3602, 2.21 ], [ 11.3564, 2.2158 ], [ 11.3625, 2.2191 ], [ 11.352, 2.2223 ], [ 11.3518, 2.2248 ], [ 11.359, 2.229 ], [ 11.3632, 2.2472 ], [ 11.3671, 2.2462 ], [ 11.3658, 2.2433 ], [ 11.3701, 2.2375 ], [ 11.3787, 2.2426 ], [ 11.3774, 2.2487 ], [ 11.3707, 2.2485 ], [ 11.3804, 2.261 ], [ 11.3733, 2.264 ], [ 11.3801, 2.2711 ], [ 11.3799, 2.2745 ], [ 11.3751, 2.2756 ], [ 11.3761, 2.2818 ], [ 11.3636, 2.2852 ], [ 11.373, 2.2931 ], [ 11.3833, 2.2931 ], [ 11.3963, 2.3026 ], [ 11.3986, 2.2991 ], [ 11.4181, 2.2932 ], [ 11.4409, 2.3 ], [ 11.4449, 2.2969 ], [ 11.4455, 2.291 ], [ 11.4517, 2.2907 ], [ 11.4572, 2.2956 ], [ 11.4517, 2.3 ], [ 11.4563, 2.303 ], [ 11.4762, 2.3032 ], [ 11.4845, 2.2953 ], [ 11.4902, 2.2946 ], [ 11.5019, 2.302 ], [ 11.5142, 2.2995 ], [ 11.5229, 2.3038 ], [ 11.5273, 2.2983 ], [ 11.5353, 2.2959 ], [ 11.5401, 2.2994 ], [ 11.5511, 2.2967 ], [ 11.5563, 2.3017 ], [ 11.5559, 2.3063 ], [ 11.5671, 2.3089 ], [ 11.5889, 2.309 ], [ 11.6018, 2.3049 ], [ 11.6042, 2.2994 ], [ 11.6118, 2.2953 ], [ 11.6263, 2.3061 ], [ 11.6372, 2.302 ], [ 11.6493, 2.3044 ], [ 11.6512, 2.3143 ], [ 11.6661, 2.3174 ], [ 11.6655, 2.3203 ], [ 11.6707, 2.3233 ], [ 11.6708, 2.3413 ], [ 11.6656, 2.3425 ], [ 11.6651, 2.3478 ], [ 11.6713, 2.3542 ], [ 11.6735, 2.3681 ], [ 11.6795, 2.3753 ], [ 11.3556, 2.6006 ], [ 11.0008, 2.7563 ], [ 10.9772, 2.7577 ], [ 10.8853, 2.7528 ], [ 10.8644, 2.7431 ], [ 10.8541, 2.7467 ], [ 10.8067, 2.7799 ], [ 10.7895, 2.7835 ], [ 10.767, 2.7935 ], [ 10.7517, 2.7889 ], [ 10.7456, 2.7831 ], [ 10.7357, 2.7835 ], [ 10.7266, 2.7746 ], [ 10.7091, 2.7761 ] ] ] } },
{ "type": "Feature", "properties": { "iso3": "CMR", "unit_id": "13109269B83293574321239", "unit_name": "Fako" }, "geometry": { "type": "MultiPolygon", "coordinates": [ [ [ [ 9.2645, 3.9511 ], [ 9.2589, 3.9581 ], [ 9.2609, 3.9522 ], [ 9.2645, 3.9511 ] ] ], [ [ [ 9.4776, 4.3773 ], [ 9.3642, 4.3772 ], [ 9.3577, 4.3892 ], [ 9.3503, 4.3953 ], [ 9.3478, 4.4203 ], [ 9.3444, 4.4281 ], [ 9.3387, 4.4277 ], [ 9.3364, 4.4383 ], [ 9.3157, 4.4427 ], [ 9.3128, 4.4482 ], [ 9.3012, 4.4551 ], [ 9.2788, 4.4605 ], [ 9.262, 4.4514 ], [ 9.2489, 4.4321 ], [ 9.1746, 4.2163 ], [ 9.1271, 4.2158 ], [ 9.0935, 4.2308 ], [ 9.0735, 4.2504 ], [ 9.0568, 4.2609 ], [ 9.0359, 4.2652 ], [ 9.0286, 4.2625 ], [ 9.0208, 4.2522 ], [ 9.0022, 4.257 ], [ 8.9646, 4.2971 ], [ 8.9656, 4.2923 ], [ 8.9585, 4.2838 ], [ 8.9585, 4.2766 ], [ 8.9501, 4.2721 ], [ 8.9421, 4.2579 ], [ 8.9352, 4.2581 ], [ 8.9674, 4.2389 ], [ 8.9849, 4.2191 ], [ 8.9858, 4.2103 ], [ 8.996, 4.1939 ], [ 8.993, 4.1893 ], [ 8.9987, 4.1796 ], [ 8.986, 4.151 ], [ 8.9882, 4.1409 ], [ 8.9855, 4.1252 ], [ 8.988, 4.1173 ], [ 8.9846, 4.1086 ], [ 8.9789, 4.1058 ], [ 8.9767, 4.097 ], [ 8.9865, 4.0951 ], [ 9.0027, 4.078 ], [ 9.0124, 4.0764 ], [ 9.012, 4.0706 ], [ 9.0151, 4.0711 ], [ 9.0157, 4.0668 ], [ 9.0266, 4.0695 ], [ 9.0303, 4.0633 ], [ 9.0467, 4.0584 ], [ 9.0842, 4.037 ], [ 9.0952, 4.028 ], [ 9.1033, 4.016 ], [ 9.1141, 4.0099 ], [ 9.1211, 4.0121 ], [ 9.1238, 4.0065 ], [ 9.1295, 4.0088 ], [ 9.1297, 4.006 ], [ 9.1329, 4.0095 ], [ 9.1319, 4.0134 ], [ 9.1368, 4.0155 ], [ 9.1475, 4.015 ], [ 9.1507, 4.0078 ], [ 9.1676, 4.0072 ], [ 9.1743, 4.0116 ], [ 9.1761, 4.0093 ], [ 9.201, 4.0113 ], [ 9.2113, 4.0028 ], [ 9.2083, 3.9968 ], [ 9.2043, 3.9978 ], [ 9.2106, 3.9868 ], [ 9.2116, 3.9774 ], [ 9.2078, 3.9732 ], [ 9.2093, 3.9673 ], [ 9.2044, 3.9642 ], [ 9.2106, 3.9571 ], [ 9.2117, 3.9509 ], [ 9.218, 3.9532 ], [ 9.2153, 3.9567 ], [ 9.2184, 3.959 ], [ 9.2157, 3.9673 ], [ 9.2193, 3.9651 ], [ 9.2194, 3.9607 ], [ 9.2302, 3.9633 ], [ 9.2353, 3.9545 ], [ 9.2325, 3.9494 ], [ 9.242, 3.942 ], [ 9.2491, 3.9486 ], [ 9.2524, 3.9481 ], [ 9.2506, 3.9543 ], [ 9.2565, 3.9637 ], [ 9.2703, 3.9636 ], [ 9.2702, 3.9702 ], [ 9.266, 3.9731 ], [ 9.2673, 3.9773 ], [ 9.2805, 3.972 ], [ 9.2848, 3.9759 ], [ 9.2947, 3.973 ], [ 9.2952, 3.9611 ], [ 9.305, 3.9439 ], [ 9.3362, 3.917 ], [ 9.3395, 3.9185 ], [ 9.3549, 3.9078 ], [ 9.3621, 3.9139 ], [ 9.3801, 3.9192 ], [ 9.3873, 3.936 ], [ 9.3846, 3.9403 ], [ 9.3871, 3.9475 ], [ 9.3945, 3.9509 ], [ 9.3939, 3.9622 ], [ 9.4047, 3.9722 ], [ 9.402, 3.9909 ], [ 9.411, 3.9958 ], [ 9.4346, 4.0233 ], [ 9.451, 4.0233 ], [ 9.4548, 4.0592 ], [ 9.4615, 4.0606 ], [ 9.4676, 4.0574 ], [ 9.4769, 4.0622 ], [ 9.491, 4.0523 ], [ 9.5003, 4.0517 ], [ 9.507, 4.0608 ], [ 9.5065, 4.0732 ], [ 9.5102, 4.0847 ], [ 9.524, 4.0946 ], [ 9.529, 4.1044 ], [ 9.5413, 4.1021 ], [ 9.5458, 4.1071 ], [ 9.5508, 4.1045 ], [ 9.5553, 4.1197 ], [ 9.5451, 4.1319 ], [ 9.5471, 4.1462 ], [ 9.5377, 4.1523 ], [ 9.5401, 4.1591 ], [ 9.5278, 4.1638 ], [ 9.5256, 4.1863 ], [ 9.5298, 4.1943 ], [ 9.527, 4.2095 ], [ 9.5193, 4.2119 ], [ 9.5102, 4.1951 ], [ 9.4999, 4.2016 ], [ 9.4914, 4.194 ], [ 9.4842, 4.1992 ], [ 9.4642, 4.1875 ], [ 9.4594, 4.1909 ], [ 9.4523, 4.1906 ], [ 9.4555, 4.1953 ], [ 9.4481, 4.2064 ], [ 9.4301, 4.2099 ], [ 9.4183, 4.2026 ], [ 9.4109, 4.2223 ], [ 9.4127, 4.2267 ], [ 9.4169, 4.2276 ], [ 9.4166, 4.2361 ], [ 9.4234, 4.2345 ], [ 9.4256, 4.2371 ], [ 9.4209, 4.2486 ], [ 9.423, 4.2545 ], [ 9.4208, 4.2616 ], [ 9.4298, 4.2953 ], [ 9.4372, 4.2937 ], [ 9.4344, 4.3017 ], [ 9.4428, 4.304 ], [ 9.442, 4.3094 ], [ 9.4516, 4.3091 ], [ 9.4515, 4.3154 ], [ 9.4563, 4.3175 ], [ 9.4547, 4.334 ], [ 9.4515, 4.3384 ], [ 9.4579, 4.3415 ], [ 9.4525, 4.3487 ], [ 9.4635, 4.3474 ], [ 9.4627, 4.3542 ], [ 9.4723, 4.3638 ], [ 9.4782, 4.3653 ], [ 9.4776, 4.3773 ] ] ], [ [ [ 9.192, 3.9709 ], [ 9.1951, 3.9774 ], [ 9.1927, 3.9802 ], [ 9.19, 3.9746 ], [ 9.192, 3.9709 ] ] ] ] } },
{ "type": "Feature", "properties": { "iso3": "CMR", "unit_id": "13109269B95766581228060", "unit_name": "Kupe-Manenguba" }, "geometry": { "type": "Polygon", "coordinates": [ [ [ 9.8479, 5.3323 ], [ 9.8507, 5.3377 ], [ 9.8761, 5.3499 ], [ 9.8901, 5.3502 ], [ 9.9026, 5.3598 ], [ 9.9071, 5.3668 ], [ 9.9025, 5.3745 ], [ 9.892, 5.3824 ], [ 9.8734, 5.3839 ], [ 9.8682, 5.3887 ], [ 9.8183, 5.3729 ], [ 9.8003, 5.3744 ], [ 9.804, 5.3899 ], [ 9.7923, 5.3992 ], [ 9.79, 5.409 ], [ 9.7752, 5.4302 ], [ 9.7813, 5.4429 ], [ 9.7773, 5.4585 ], [ 9.771, 5.4676 ], [ 9.774, 5.476 ], [ 9.6918, 5.49 ], [ 9.425, 5.3367 ], [ 9.372, 5.3171 ], [ 9.3681, 5.3141 ], [ 9.3678, 5.3089 ], [ 9.3612, 5.3075 ], [ 9.3584, 5.2998 ], [ 9.3523, 5.2965 ], [ 9.3513, 5.2886 ], [ 9.3472, 5.2853 ], [ 9.3364, 5.2895 ], [ 9.333, 5.2955 ], [ 9.3248, 5.2942 ], [ 9.3218, 5.2969 ], [ 9.3151, 5.295 ], [ 9.3097, 5.2994 ], [ 9.3075, 5.2977 ], [ 9.2915, 5.3171 ], [ 9.2827, 5.3217 ], [ 9.2691, 5.3198 ], [ 9.2652, 5.3222 ], [ 9.2544, 5.3123 ], [ 9.2428, 5.3069 ], [ 9.2309, 5.3074 ], [ 9.2203, 5.3031 ], [ 9.2121, 5.3053 ], [ 9.2017, 5.3012 ], [ 9.1991, 5.3051 ], [ 9.1932, 5.3016 ], [ 9.1804, 5.3036 ], [ 9.1859, 5.2983 ], [ 9.1893, 5.282 ], [ 9.1969, 5.2734 ], [ 9.1962, 5.2686 ], [ 9.2009, 5.2694 ], [ 9.1975, 5.2609 ], [ 9.201, 5.2585 ], [ 9.1991, 5.2517 ], [ 9.2128, 5.2579 ], [ 9.2136, 5.2497 ], [ 9.2238, 5.2432 ], [ 9.2263, 5.2343 ], [ 9.2399, 5.2305 ], [ 9.2554, 5.2311 ], [ 9.2594, 5.2262 ], [ 9.268, 5.2269 ], [ 9.2711, 5.2238 ], [ 9.2692, 5.2213 ], [ 9.2734, 5.2213 ], [ 9.2748, 5.2109 ], [ 9.2705, 5.2003 ], [ 9.2718, 5.196 ], [ 9.268, 5.1913 ], [ 9.2715, 5.1847 ], [ 9.2688, 5.1814 ], [ 9.2761, 5.1702 ], [ 9.2738, 5.1415 ], [ 9.3303, 5.1075 ], [ 9.3404, 5.0927 ], [ 9.3648, 5.1009 ], [ 9.3853, 5.0897 ], [ 9.3962, 5.0958 ], [ 9.4109, 5.0991 ], [ 9.4152, 5.0909 ], [ 9.4087, 5.0761 ], [ 9.3929, 5.0703 ], [ 9.3988, 5.0591 ], [ 9.4069, 5.0577 ], [ 9.4175, 5.0472 ], [ 9.4258, 5.0483 ], [ 9.429, 5.0267 ], [ 9.424, 5.0183 ], [ 9.4298, 5.0187 ], [ 9.4264, 5.0108 ], [ 9.4274, 5.0036 ], [ 9.4314, 4.9991 ], [ 9.4372, 4.9999 ], [ 9.4394, 4.9951 ], [ 9.4432, 4.998 ], [ 9.4458, 4.9954 ], [ 9.4554, 4.9969 ], [ 9.4597, 5.0005 ], [ 9.4586, 4.9928 ], [ 9.4615, 4.9926 ], [ 9.4618, 4.9858 ], [ 9.4596, 4.9795 ], [ 9.4674, 4.9732 ], [ 9.4667, 4.966 ], [ 9.4744, 4.9674 ], [ 9.477, 4.9649 ], [ 9.4762, 4.9589 ], [ 9.4785, 4.9624 ], [ 9.4868, 4.9613 ], [ 9.4865, 4.9639 ], [ 9.4917, 4.966 ], [ 9.4967, 4.9566 ], [ 9.5022, 4.9559 ], [ 9.4967, 4.9538 ], [ 9.4961, 4.9488 ], [ 9.4787, 4.9386 ], [ 9.4765, 4.9286 ], [ 9.4838, 4.9059 ], [ 9.4887, 4.9012 ], [ 9.484, 4.8917 ], [ 9.4978, 4.883 ], [ 9.475, 4.8647 ], [ 9.468, 4.85 ], [ 9.4638, 4.8524 ], [ 9.4618, 4.8282 ], [ 9.4677, 4.8245 ], [ 9.4746, 4.8251 ], [ 9.4791, 4.818 ], [ 9.4837, 4.821 ], [ 9.498, 4.8193 ], [ 9.5085, 4.8053 ], [ 9.516, 4.8081 ], [ 9.521, 4.8051 ], [ 9.5251, 4.8066 ], [ 9.5223, 4.8 ], [ 9.5155, 4.8 ], [ 9.523, 4.7878 ], [ 9.5219, 4.7783 ], [ 9.5159, 4.7661 ], [ 9.5051, 4.7568 ], [ 9.504, 4.7485 ], [ 9.5088, 4.7383 ], [ 9.5044, 4.7031 ], [ 9.5228, 4.6969 ], [ 9.5352, 4.6997 ], [ 9.5402, 4.6962 ], [ 9.545, 4.6986 ], [ 9.5579, 4.6962 ], [ 9.5703, 4.6858 ], [ 9.5698, 4.6728 ], [ 9.5573, 4.6657 ], [ 9.5514, 4.6506 ], [ 9.5518, 4.6414 ], [ 9.5473, 4.639 ], [ 9.5459, 4.6332 ], [ 9.5528, 4.6204 ], [ 9.5676, 4.6192 ], [ 9.5635, 4.6061 ], [ 9.5705, 4.6081 ], [ 9.5781, 4.6184 ], [ 9.6003, 4.6206 ], [ 9.6328, 4.629 ], [ 9.6356, 4.6363 ], [ 9.645, 4.6395 ], [ 9.6484, 4.6524 ], [ 9.6392, 4.6547 ], [ 9.6392, 4.6607 ], [ 9.6347, 4.6669 ], [ 9.6926, 4.7226 ], [ 9.7072, 4.7978 ], [ 9.7055, 4.809 ], [ 9.72, 4.8218 ], [ 9.7305, 4.8231 ], [ 9.7455, 4.8368 ], [ 9.7515, 4.8446 ], [ 9.7505, 4.8506 ], [ 9.7447, 4.8569 ], [ 9.746, 4.8605 ], [ 9.7565, 4.8691 ], [ 9.7667, 4.8693 ], [ 9.7763, 4.8746 ], [ 9.7734, 4.8791 ], [ 9.7652, 4.8783 ], [ 9.7644, 4.8881 ], [ 9.7814, 4.8978 ], [ 9.7883, 4.9174 ], [ 9.7831, 4.9211 ], [ 9.7661, 4.9179 ], [ 9.7589, 4.9208 ], [ 9.7563, 4.9259 ], [ 9.7596, 4.9338 ], [ 9.7542, 4.9404 ], [ 9.7671, 4.9565 ], [ 9.7661, 4.9627 ], [ 9.7731, 4.9831 ], [ 9.7734, 5.0033 ], [ 9.7869, 5.0151 ], [ 9.8088, 5.025 ], [ 9.8128, 5.0247 ], [ 9.8208, 5.0159 ], [ 9.828, 5.0145 ], [ 9.8408, 5.0204 ], [ 9.8546, 5.0184 ], [ 9.8651, 5.0292 ], [ 9.8536, 5.0506 ], [ 9.8304, 5.0596 ], [ 9.8234, 5.0723 ], [ 9.815, 5.0801 ], [ 9.8111, 5.0999 ], [ 9.8037, 5.1112 ], [ 9.8041, 5.128 ], [ 9.7997, 5.1361 ], [ 9.8007, 5.1401 ], [ 9.7903, 5.1449 ], [ 9.7748, 5.1453 ], [ 9.7713, 5.1593 ], [ 9.7732, 5.176 ], [ 9.7671, 5.1851 ], [ 9.7689, 5.1944 ], [ 9.7657, 5.209 ], [ 9.745, 5.24 ], [ 9.7361, 5.2453 ], [ 9.7399, 5.275 ], [ 9.7602, 5.2642 ], [ 9.7688, 5.2633 ], [ 9.7777, 5.2798 ], [ 9.7841, 5.2849 ], [ 9.8002, 5.2903 ], [ 9.8292, 5.2908 ], [ 9.8233, 5.3298 ], [ 9.8391, 5.335 ], [ 9.8479, 5.3323 ] ] ] } },
{ "type": "Feature", "properties": { "iso3": "CMR", "unit_id": "13109269B96354599138672", "unit_name": "Lebialem" }, "geometry": { "type": "Polygon", "coordinates": [ [ [ 9.9799, 5.7384 ], [ 9.9675, 5.7479 ], [ 9.9521, 5.7513 ], [ 9.9222, 5.729 ], [ 9.9113, 5.726 ], [ 9.9151, 5.7176 ], [ 9.9114, 5.7118 ], [ 9.9094, 5.6914 ], [ 9.9002, 5.6812 ], [ 9.9089, 5.6585 ], [ 9.8909, 5.6279 ], [ 9.8703, 5.6123 ], [ 9.8645, 5.6018 ], [ 9.8684, 5.5963 ], [ 9.8817, 5.5931 ], [ 9.8783, 5.5825 ], [ 9.8806, 5.5654 ], [ 9.8628, 5.5531 ], [ 9.8379, 5.5429 ], [ 9.8278, 5.5322 ], [ 9.8319, 5.5234 ], [ 9.8242, 5.5254 ], [ 9.8216, 5.5176 ], [ 9.7955, 5.5022 ], [ 9.7939, 5.4914 ], [ 9.7782, 5.4764 ], [ 9.774, 5.476 ], [ 9.771, 5.4676 ], [ 9.7773, 5.4585 ], [ 9.7813, 5.4429 ], [ 9.7752, 5.4302 ], [ 9.79, 5.409 ], [ 9.7923, 5.3992 ], [ 9.804, 5.3899 ], [ 9.8003, 5.3744 ], [ 9.8183, 5.3729 ], [ 9.8682, 5.3887 ], [ 9.8734, 5.3839 ], [ 9.892, 5.3824 ], [ 9.9025, 5.3745 ], [ 9.9071, 5.3668 ], [ 9.9164, 5.3729 ], [ 9.9219, 5.3788 ], [ 9.9243, 5.3931 ], [ 9.9222, 5.4074 ], [ 9.9309, 5.4151 ], [ 9.9459, 5.4476 ], [ 9.9515, 5.4883 ], [ 9.9583, 5.4938 ], [ 9.9486, 5.5205 ], [ 9.9572, 5.534 ], [ 9.9584, 5.5416 ], [ 9.9606, 5.5405 ], [ 9.9663, 5.5462 ], [ 9.9639, 5.5559 ], [ 9.9555, 5.5585 ], [ 9.9479, 5.568 ], [ 9.962, 5.5886 ], [ 9.9782, 5.5794 ], [ 9.9974, 5.5796 ], [ 10.0216, 5.6159 ], [ 10.0246, 5.6299 ], [ 10.0456, 5.6355 ], [ 10.0576, 5.632 ], [ 10.0794, 5.6344 ], [ 10.0917, 5.6456 ], [ 10.1015, 5.6621 ], [ 10.0987, 5.6833 ], [ 10.0879, 5.6897 ], [ 10.079, 5.7083 ], [ 10.06, 5.7198 ], [ 10.0081, 5.7214 ], [ 9.9979, 5.7179 ], [ 9.9869, 5.7262 ], [ 9.9799, 5.7384 ] ] ] } },
{ "type": "Feature", "properties": { "iso3": "CMR", "unit_id": "13109269B37559266923510", "unit_name": "Manyu" }, "geometry": { "type": "Polygon", "coordinates": [ [ [ 9.7049, 6.5118 ], [ 9.6975, 6.509 ], [ 9.6914, 6.515 ], [ 9.6861, 6.5115 ], [ 9.6745, 6.5133 ], [ 9.6658, 6.5101 ], [ 9.6539, 6.522 ], [ 9.6505, 6.5309 ], [ 9.6503, 6.5245 ], [ 9.6331, 6.5184 ], [ 9.5968, 6.5296 ], [ 9.5916, 6.5141 ], [ 9.5856, 6.5077 ], [ 9.5829, 6.493 ], [ 9.5871, 6.4736 ], [ 9.5292, 6.4427 ], [ 9.5154, 6.4416 ], [ 9.4651, 6.4541 ], [ 9.4577, 6.4324 ], [ 9.4606, 6.4278 ], [ 9.4558, 6.4221 ], [ 9.4574, 6.4108 ], [ 9.4516, 6.3967 ], [ 9.4509, 6.3857 ], [ 9.4448, 6.3818 ], [ 9.446, 6.3684 ], [ 9.4429, 6.3659 ], [ 9.4436, 6.3562 ], [ 9.441, 6.3547 ], [ 9.4419, 6.349 ], [ 9.4328, 6.3157 ], [ 9.4138, 6.3196 ], [ 9.4086, 6.3257 ], [ 9.3821, 6.3391 ], [ 9.3452, 6.3526 ], [ 9.3439, 6.3303 ], [ 9.3347, 6.3205 ], [ 9.3386, 6.3137 ], [ 9.3345, 6.2921 ], [ 9.3315, 6.2918 ], [ 9.3297, 6.2862 ], [ 9.3218, 6.2887 ], [ 9.3255, 6.2816 ], [ 9.3072, 6.2629 ], [ 9.2644, 6.1813 ], [ 9.2117, 6.1684 ], [ 9.1692, 6.1334 ], [ 9.1536, 6.0942 ], [ 9.0564, 6.0063 ], [ 9.0545, 6.0003 ], [ 8.9431, 5.9108 ], [ 8.9254, 5.9035 ], [ 8.9128, 5.9034 ], [ 8.9112, 5.8998 ], [ 8.9144, 5.8904 ], [ 8.9053, 5.8729 ], [ 8.9042, 5.8624 ], [ 8.8849, 5.8603 ], [ 8.8588, 5.8435 ], [ 8.8584, 5.831 ], [ 8.843, 5.8274 ], [ 8.8417, 5.8217 ], [ 8.8507, 5.8048 ], [ 8.8473, 5.7942 ], [ 8.8612, 5.8058 ], [ 8.8615, 5.7999 ], [ 8.8653, 5.798 ], [ 8.8701, 5.8032 ], [ 8.8742, 5.8033 ], [ 8.8746, 5.7983 ], [ 8.8838, 5.7952 ], [ 8.8811, 5.785 ], [ 8.8838, 5.7751 ], [ 8.8825, 5.7694 ], [ 8.873, 5.7681 ], [ 8.8738, 5.76 ], [ 8.8708, 5.7618 ], [ 8.8679, 5.758 ], [ 8.8712, 5.7552 ], [ 8.8693, 5.7502 ], [ 8.8752, 5.752 ], [ 8.8749, 5.7465 ], [ 8.8692, 5.7405 ], [ 8.868, 5.7303 ], [ 8.8649, 5.7343 ], [ 8.8614, 5.7307 ], [ 8.8601, 5.7194 ], [ 8.8536, 5.7183 ], [ 8.8554, 5.7073 ], [ 8.8471, 5.7045 ], [ 8.8424, 5.6986 ], [ 8.8391, 5.6997 ], [ 8.8406, 5.7028 ], [ 8.8363, 5.7022 ], [ 8.8348, 5.7069 ], [ 8.8326, 5.7062 ], [ 8.8333, 5.697 ], [ 8.8366, 5.6958 ], [ 8.8357, 5.6904 ], [ 8.8385, 5.6893 ], [ 8.838, 5.6787 ], [ 8.842, 5.6795 ], [ 8.854, 5.6709 ], [ 8.8595, 5.6657 ], [ 8.8591, 5.6608 ], [ 8.8628, 5.6603 ], [ 8.8708, 5.6508 ], [ 8.8702, 5.648 ], [ 8.8855, 5.6407 ], [ 8.8863, 5.6333 ], [ 8.8909, 5.631 ], [ 8.8906, 5.6283 ], [ 8.9004, 5.6254 ], [ 8.8991, 5.6236 ], [ 8.9091, 5.609 ], [ 8.915, 5.5833 ], [ 8.9192, 5.5812 ], [ 8.9215, 5.5642 ], [ 8.913, 5.5592 ], [ 8.9073, 5.5481 ], [ 8.9078, 5.5421 ], [ 8.8985, 5.5329 ], [ 8.8962, 5.5219 ], [ 8.8687, 5.4893 ], [ 8.8702, 5.481 ], [ 8.8669, 5.474 ], [ 8.8594, 5.469 ], [ 8.8563, 5.4627 ], [ 8.8491, 5.4638 ], [ 8.8424, 5.4549 ], [ 8.8431, 5.4482 ], [ 8.8333, 5.4307 ], [ 8.8373, 5.4193 ], [ 8.836, 5.4029 ], [ 8.8413, 5.3915 ], [ 8.8355, 5.344 ], [ 8.8935, 5.3314 ], [ 8.8977, 5.3265 ], [ 8.9066, 5.3278 ], [ 8.9142, 5.3133 ], [ 8.9403, 5.3003 ], [ 8.9494, 5.3102 ], [ 8.9494, 5.3536 ], [ 8.9535, 5.3663 ], [ 8.9605, 5.3726 ], [ 8.9641, 5.4097 ], [ 8.9764, 5.4181 ], [ 8.9848, 5.4321 ], [ 9.045, 5.4094 ], [ 9.0506, 5.4027 ], [ 9.0954, 5.388 ], [ 9.103, 5.3932 ], [ 9.113, 5.3904 ], [ 9.121, 5.3958 ], [ 9.1292, 5.3891 ], [ 9.1338, 5.3969 ], [ 9.1366, 5.3949 ], [ 9.1361, 5.3892 ], [ 9.14, 5.3955 ], [ 9.1444, 5.3964 ], [ 9.1459, 5.3923 ], [ 9.1393, 5.3887 ], [ 9.1383, 5.3836 ], [ 9.1486, 5.3788 ], [ 9.1383, 5.3746 ], [ 9.1486, 5.3727 ], [ 9.1518, 5.3677 ], [ 9.1473, 5.3642 ], [ 9.1405, 5.3695 ], [ 9.1398, 5.3513 ], [ 9.1449, 5.3449 ], [ 9.1613, 5.3485 ], [ 9.1617, 5.3409 ], [ 9.1673, 5.3325 ], [ 9.1662, 5.3181 ], [ 9.1631, 5.3146 ], [ 9.1703, 5.3119 ], [ 9.1761, 5.3149 ], [ 9.1804, 5.3036 ], [ 9.1932, 5.3016 ], [ 9.1991, 5.3051 ], [ 9.2017, 5.3012 ], [ 9.2121, 5.3053 ], [ 9.2203, 5.3031 ], [ 9.2309, 5.3074 ], [ 9.2428, 5.3069 ], [ 9.2544, 5.3123 ], [ 9.2652, 5.3222 ], [ 9.2691, 5.3198 ], [ 9.2827, 5.3217 ], [ 9.2915, 5.3171 ], [ 9.3075, 5.2977 ], [ 9.3097, 5.2994 ], [ 9.3151, 5.295 ], [ 9.3218, 5.2969 ], [ 9.3248, 5.2942 ], [ 9.333, 5.2955 ], [ 9.3364, 5.2895 ], [ 9.3472, 5.2853 ], [ 9.3513, 5.2886 ], [ 9.3523, 5.2965 ], [ 9.3584, 5.2998 ], [ 9.3612, 5.3075 ], [ 9.3678, 5.3089 ], [ 9.3681, 5.3141 ], [ 9.372, 5.3171 ], [ 9.425, 5.3367 ], [ 9.6918, 5.49 ], [ 9.7782, 5.4764 ], [ 9.7939, 5.4914 ], [ 9.7955, 5.5022 ], [ 9.8216, 5.5176 ], [ 9.8242, 5.5254 ], [ 9.8319, 5.5234 ], [ 9.8278, 5.5322 ], [ 9.8379, 5.5429 ], [ 9.8628, 5.5531 ], [ 9.8806, 5.5654 ], [ 9.8783, 5.5825 ], [ 9.8817, 5.5931 ], [ 9.8684, 5.5963 ], [ 9.8645, 5.6018 ], [ 9.8703, 5.6123 ], [ 9.8909, 5.6279 ], [ 9.9089, 5.6585 ], [ 9.9002, 5.6812 ], [ 9.9094, 5.6914 ], [ 9.9114, 5.7118 ], [ 9.9151, 5.7176 ], [ 9.9113, 5.726 ], [ 9.9014, 5.722 ], [ 9.8945, 5.7234 ], [ 9.8877, 5.7187 ], [ 9.8878, 5.7318 ], [ 9.8826, 5.7405 ], [ 9.8544, 5.7342 ], [ 9.8511, 5.7402 ], [ 9.8529, 5.7506 ], [ 9.8503, 5.7536 ], [ 9.8414, 5.7549 ], [ 9.8325, 5.751 ], [ 9.8143, 5.7545 ], [ 9.8111, 5.775 ], [ 9.7969, 5.7751 ], [ 9.7851, 5.7715 ], [ 9.7688, 5.7764 ], [ 9.7526, 5.7992 ], [ 9.754, 5.8166 ], [ 9.736, 5.8409 ], [ 9.7267, 5.8487 ], [ 9.7151, 5.848 ], [ 9.69, 5.856 ], [ 9.686, 5.8393 ], [ 9.6776, 5.8372 ], [ 9.6686, 5.8493 ], [ 9.6483, 5.8625 ], [ 9.6337, 5.8876 ], [ 9.6252, 5.8868 ], [ 9.6165, 5.8799 ], [ 9.6099, 5.8875 ], [ 9.6031, 5.8816 ], [ 9.5906, 5.8836 ], [ 9.5943, 5.8923 ], [ 9.592, 5.911 ], [ 9.604, 5.9153 ], [ 9.6063, 5.9216 ], [ 9.6036, 5.9366 ], [ 9.6214, 5.9374 ], [ 9.6328, 5.9534 ], [ 9.6384, 5.9683 ], [ 9.6359, 5.9781 ], [ 9.6385, 5.9828 ], [ 9.6128, 6.0108 ], [ 9.6124, 6.0214 ], [ 9.6234, 6.0286 ], [ 9.6313, 6.0442 ], [ 9.651, 6.0513 ], [ 9.6569, 6.0583 ], [ 9.6743, 6.0616 ], [ 9.6753, 6.0658 ], [ 9.6904, 6.0752 ], [ 9.703, 6.0902 ], [ 9.7105, 6.0836 ], [ 9.7251, 6.0838 ], [ 9.7359, 6.1153 ], [ 9.7646, 6.1243 ], [ 9.7632, 6.1354 ], [ 9.7723, 6.1459 ], [ 9.7666, 6.1586 ], [ 9.7893, 6.1691 ], [ 9.7867, 6.1771 ], [ 9.7896, 6.1843 ], [ 9.7731, 6.1946 ], [ 9.7717, 6.1993 ], [ 9.7806, 6.2058 ], [ 9.8048, 6.2095 ], [ 9.8163, 6.2213 ], [ 9.8091, 6.239 ], [ 9.8082, 6.2523 ], [ 9.7883, 6.2721 ], [ 9.7882, 6.2859 ], [ 9.7723, 6.3051 ], [ 9.7683, 6.3417 ], [ 9.7589, 6.3615 ], [ 9.7635, 6.39 ], [ 9.7494, 6.4082 ], [ 9.7501, 6.4204 ], [ 9.7346, 6.4319 ], [ 9.7377, 6.4347 ], [ 9.7339, 6.4395 ], [ 9.7375, 6.4506 ], [ 9.7361, 6.4578 ], [ 9.7403, 6.463 ], [ 9.7382, 6.4693 ], [ 9.7438, 6.4773 ], [ 9.7418, 6.4858 ], [ 9.7067, 6.5003 ], [ 9.7049, 6.5118 ] ] ] } },
{ "type": "Feature", "properties": { "iso3": "CMR", "unit_id": "13109269B58170225281933", "unit_name": "Meme" }, "geometry": { "type": "Polygon", "coordinates": [ [ [ 9.5592, 4.5992 ], [ 9.5676, 4.6192 ], [ 9.5528, 4.6204 ], [ 9.5459, 4.6332 ], [ 9.5473, 4.639 ], [ 9.5518, 4.6414 ], [ 9.5514, 4.6506 ], [ 9.5573, 4.6657 ], [ 9.5698, 4.6728 ], [ 9.5703, 4.6858 ], [ 9.5579, 4.6962 ], [ 9.545, 4.6986 ], [ 9.5402, 4.6962 ], [ 9.5352, 4.6997 ], [ 9.5228, 4.6969 ], [ 9.5044, 4.7031 ], [ 9.5088, 4.7383 ], [ 9.504, 4.7485 ], [ 9.5051, 4.7568 ], [ 9.5159, 4.7661 ], [ 9.5219, 4.7783 ], [ 9.523, 4.7878 ], [ 9.5155, 4.8 ], [ 9.5223, 4.8 ], [ 9.5251, 4.8066 ], [ 9.521, 4.8051 ], [ 9.516, 4.8081 ], [ 9.5085, 4.8053 ], [ 9.498, 4.8193 ], [ 9.4837, 4.821 ], [ 9.4791, 4.818 ], [ 9.4746, 4.8251 ], [ 9.4677, 4.8245 ], [ 9.4618, 4.8282 ], [ 9.4638, 4.8524 ], [ 9.468, 4.85 ], [ 9.475, 4.8647 ], [ 9.4978, 4.883 ], [ 9.484, 4.8917 ], [ 9.4887, 4.9012 ], [ 9.4838, 4.9059 ], [ 9.4765, 4.9286 ], [ 9.4787, 4.9386 ], [ 9.4961, 4.9488 ], [ 9.4967, 4.9538 ], [ 9.5022, 4.9559 ], [ 9.4967, 4.9566 ], [ 9.4917, 4.966 ], [ 9.4865, 4.9639 ], [ 9.4868, 4.9613 ], [ 9.4785, 4.9624 ], [ 9.4762, 4.9589 ], [ 9.477, 4.9649 ], [ 9.4744, 4.9674 ], [ 9.4667, 4.966 ], [ 9.4674, 4.9732 ], [ 9.4596, 4.9795 ], [ 9.4618, 4.9858 ], [ 9.4615, 4.9926 ], [ 9.4586, 4.9928 ], [ 9.4597, 5.0005 ], [ 9.4554, 4.9969 ], [ 9.4458, 4.9954 ], [ 9.4432, 4.998 ], [ 9.4394, 4.9951 ], [ 9.4372, 4.9999 ], [ 9.4314, 4.9991 ], [ 9.4274, 5.0036 ], [ 9.4264, 5.0108 ], [ 9.4298, 5.0187 ], [ 9.424, 5.0183 ], [ 9.429, 5.0267 ], [ 9.4258, 5.0483 ], [ 9.4175, 5.0472 ], [ 9.4069, 5.0577 ], [ 9.3988, 5.0591 ], [ 9.3929, 5.0703 ], [ 9.4087, 5.0761 ], [ 9.4152, 5.0909 ], [ 9.4109, 5.0991 ], [ 9.3962, 5.0958 ], [ 9.3853, 5.0897 ], [ 9.3648, 5.1009 ], [ 9.3404, 5.0927 ], [ 9.3303, 5.1075 ], [ 9.3223, 5.0979 ], [ 9.3153, 5.0737 ], [ 9.3051, 5.0697 ], [ 9.2899, 5.0568 ], [ 9.2891, 5.0517 ], [ 9.2832, 5.0482 ], [ 9.2716, 5.0318 ], [ 9.2557, 5.0252 ], [ 9.2467, 5.014 ], [ 9.2515, 4.9994 ], [ 9.2574, 4.9955 ], [ 9.2595, 4.9849 ], [ 9.2727, 4.971 ], [ 9.2737, 4.9657 ], [ 9.2698, 4.9544 ], [ 9.2503, 4.9283 ], [ 9.2762, 4.9066 ], [ 9.2803, 4.8977 ], [ 9.2751, 4.8566 ], [ 9.2613, 4.8252 ], [ 9.2502, 4.8191 ], [ 9.2323, 4.8156 ], [ 9.2203, 4.7947 ], [ 9.2165, 4.781 ], [ 9.2198, 4.7609 ], [ 9.2262, 4.7462 ], [ 9.2417, 4.7357 ], [ 9.2372, 4.7199 ], [ 9.2433, 4.7142 ], [ 9.2455, 4.7066 ], [ 9.242, 4.6947 ], [ 9.2419, 4.6758 ], [ 9.2322, 4.6669 ], [ 9.2244, 4.6443 ], [ 9.1983, 4.6275 ], [ 9.1775, 4.6232 ], [ 9.1577, 4.6131 ], [ 9.1498, 4.5967 ], [ 9.127, 4.5847 ], [ 9.1024, 4.5667 ], [ 9.0959, 4.5555 ], [ 9.0829, 4.5448 ], [ 9.081, 4.5361 ], [ 9.0885, 4.5359 ], [ 9.092, 4.53 ], [ 9.0988, 4.5316 ], [ 9.1076, 4.524 ], [ 9.105, 4.5096 ], [ 9.1096, 4.5106 ], [ 9.1163, 4.5066 ], [ 9.1202, 4.5097 ], [ 9.1262, 4.509 ], [ 9.1151, 4.502 ], [ 9.1105, 4.4907 ], [ 9.1145, 4.4809 ], [ 9.1097, 4.4656 ], [ 9.0984, 4.4603 ], [ 9.1073, 4.4537 ], [ 9.1101, 4.4396 ], [ 9.1147, 4.4344 ], [ 9.1067, 4.431 ], [ 9.1013, 4.4205 ], [ 9.0931, 4.4189 ], [ 9.0857, 4.4132 ], [ 9.0842, 4.4036 ], [ 9.0738, 4.3983 ], [ 9.0722, 4.3929 ], [ 9.0498, 4.3863 ], [ 9.0518, 4.3846 ], [ 9.0466, 4.3797 ], [ 9.0327, 4.3851 ], [ 9.0316, 4.3806 ], [ 9.0263, 4.3818 ], [ 9.0158, 4.374 ], [ 9.0078, 4.3721 ], [ 9.0091, 4.3697 ], [ 9.0053, 4.368 ], [ 9.0033, 4.3614 ], [ 8.9971, 4.3631 ], [ 8.9969, 4.3572 ], [ 8.9954, 4.3598 ], [ 8.9906, 4.3587 ], [ 8.9894, 4.3497 ], [ 8.9871, 4.3515 ], [ 8.9848, 4.3449 ], [ 8.9763, 4.3404 ], [ 8.976, 4.3354 ], [ 8.9733, 4.3352 ], [ 8.9656, 4.3126 ], [ 8.9681, 4.3048 ], [ 8.9646, 4.2971 ], [ 9.0022, 4.257 ], [ 9.0208, 4.2522 ], [ 9.0286, 4.2625 ], [ 9.0359, 4.2652 ], [ 9.0568, 4.2609 ], [ 9.0735, 4.2504 ], [ 9.0935, 4.2308 ], [ 9.1271, 4.2158 ], [ 9.1746, 4.2163 ], [ 9.2489, 4.4321 ], [ 9.2688, 4.4574 ], [ 9.2788, 4.4605 ], [ 9.3012, 4.4551 ], [ 9.3128, 4.4482 ], [ 9.3157, 4.4427 ], [ 9.3364, 4.4383 ], [ 9.3387, 4.4277 ], [ 9.3444, 4.4281 ], [ 9.3478, 4.4203 ], [ 9.3503, 4.3953 ], [ 9.3577, 4.3892 ], [ 9.3642, 4.3772 ], [ 9.4776, 4.3773 ], [ 9.4757, 4.3814 ], [ 9.4816, 4.3806 ], [ 9.4843, 4.3852 ], [ 9.4964, 4.3916 ], [ 9.5, 4.4127 ], [ 9.5127, 4.4027 ], [ 9.5083, 4.4162 ], [ 9.4948, 4.4207 ], [ 9.4923, 4.4606 ], [ 9.485, 4.4697 ], [ 9.4914, 4.4769 ], [ 9.4891, 4.4846 ], [ 9.4951, 4.4849 ], [ 9.5013, 4.4913 ], [ 9.4986, 4.497 ], [ 9.4888, 4.5017 ], [ 9.4898, 4.5066 ], [ 9.5005, 4.5129 ], [ 9.4995, 4.5194 ], [ 9.4934, 4.5257 ], [ 9.5064, 4.532 ], [ 9.5085, 4.5242 ], [ 9.5015, 4.5211 ], [ 9.5064, 4.5183 ], [ 9.5122, 4.5202 ], [ 9.5116, 4.5434 ], [ 9.5227, 4.5471 ], [ 9.5303, 4.5609 ], [ 9.5357, 4.5628 ], [ 9.5362, 4.5785 ], [ 9.5416, 4.5828 ], [ 9.5412, 4.5907 ], [ 9.55, 4.5884 ], [ 9.5525, 4.5958 ], [ 9.5592, 4.5992 ] ] ] } },
{ "type": "Feature", "properties": { "iso3": "CMR", "unit_id": "13109269B62759388341067", "unit_name": "Ndian" }, "geometry": { "type": "Polygon", "coordinates": [ [ [ 8.9656, 4.2923 ], [ 8.9681, 4.3048 ], [ 8.9656, 4.3126 ], [ 8.9733, 4.3352 ], [ 8.976, 4.3354 ], [ 8.9763, 4.3404 ], [ 8.9848, 4.3449 ], [ 8.9871, 4.3515 ], [ 8.9894, 4.3497 ], [ 8.9906, 4.3587 ], [ 8.9954, 4.3598 ], [ 8.9969, 4.3572 ], [ 8.9971, 4.3631 ], [ 9.0033, 4.3614 ], [ 9.0053, 4.368 ], [ 9.0091, 4.3697 ], [ 9.0078, 4.3721 ], [ 9.0158, 4.374 ], [ 9.0263, 4.3818 ], [ 9.0316, 4.3806 ], [ 9.0327, 4.3851 ], [ 9.0466, 4.3797 ], [ 9.0518, 4.3846 ], [ 9.0498, 4.3863 ], [ 9.0722, 4.3929 ], [ 9.0738, 4.3983 ], [ 9.0842, 4.4036 ], [ 9.0857, 4.4132 ], [ 9.0931, 4.4189 ], [ 9.1013, 4.4205 ], [ 9.1067, 4.431 ], [ 9.1147, 4.4344 ], [ 9.1101, 4.4396 ], [ 9.1073, 4.4537 ], [ 9.0984, 4.4603 ], [ 9.1097, 4.4656 ], [ 9.1145, 4.4809 ], [ 9.1105, 4.4907 ], [ 9.1151, 4.502 ], [ 9.1262, 4.509 ], [ 9.1202, 4.5097 ], [ 9.1163, 4.5066 ], [ 9.1096, 4.5106 ], [ 9.105, 4.5096 ], [ 9.1076, 4.524 ], [ 9.0988, 4.5316 ], [ 9.092, 4.53 ], [ 9.0885, 4.5359 ], [ 9.081, 4.5361 ], [ 9.0829, 4.5448 ], [ 9.0959, 4.5555 ], [ 9.1024, 4.5667 ], [ 9.127, 4.5847 ], [ 9.1498, 4.5967 ], [ 9.1577, 4.6131 ], [ 9.1775, 4.6232 ], [ 9.1983, 4.6275 ], [ 9.2244, 4.6443 ], [ 9.2322, 4.6669 ], [ 9.2419, 4.6758 ], [ 9.242, 4.6947 ], [ 9.2455, 4.7066 ], [ 9.2433, 4.7142 ], [ 9.2372, 4.7199 ], [ 9.2417, 4.7357 ], [ 9.2262, 4.7462 ], [ 9.2198, 4.7609 ], [ 9.2165, 4.781 ], [ 9.2203, 4.7947 ], [ 9.2323, 4.8156 ], [ 9.2502, 4.8191 ], [ 9.2613, 4.8252 ], [ 9.2751, 4.8566 ], [ 9.2803, 4.8977 ], [ 9.2762, 4.9066 ], [ 9.2503, 4.9283 ], [ 9.2698, 4.9544 ], [ 9.2737, 4.9657 ], [ 9.2727, 4.971 ], [ 9.2595, 4.9849 ], [ 9.2574, 4.9955 ], [ 9.2515, 4.9994 ], [ 9.2467, 5.014 ], [ 9.2557, 5.0252 ], [ 9.2716, 5.0318 ], [ 9.2832, 5.0482 ], [ 9.2891, 5.0517 ], [ 9.2899, 5.0568 ], [ 9.3051, 5.0697 ], [ 9.3153, 5.0737 ], [ 9.3223, 5.0979 ], [ 9.3303, 5.1075 ], [ 9.2738, 5.1415 ], [ 9.2761, 5.1702 ], [ 9.2688, 5.1814 ], [ 9.2715, 5.1847 ], [ 9.268, 5.1913 ], [ 9.2718, 5.196 ], [ 9.2705, 5.2003 ], [ 9.2748, 5.2109 ], [ 9.2734, 5.2213 ], [ 9.2692, 5.2213 ], [ 9.2711, 5.2238 ], [ 9.268, 5.2269 ], [ 9.2594, 5.2262 ], [ 9.2554, 5.2311 ], [ 9.2399, 5.2305 ], [ 9.2263, 5.2343 ], [ 9.2238, 5.2432 ], [ 9.2136, 5.2497 ], [ 9.2128, 5.2579 ], [ 9.1991, 5.2517 ], [ 9.201, 5.2585 ], [ 9.1975, 5.2609 ], [ 9.2009, 5.2694 ], [ 9.1962, 5.2686 ], [ 9.1969, 5.2734 ], [ 9.1893, 5.282 ], [ 9.1859, 5.2983 ], [ 9.1761, 5.3149 ], [ 9.1703, 5.3119 ], [ 9.1631, 5.3146 ], [ 9.1662, 5.3181 ], [ 9.1673, 5.3325 ], [ 9.1617, 5.3409 ], [ 9.1613, 5.3485 ], [ 9.1449, 5.3449 ], [ 9.1398, 5.3513 ], [ 9.1405, 5.3695 ], [ 9.1473, 5.3642 ], [ 9.1518, 5.3677 ], [ 9.1486, 5.3727 ], [ 9.1383, 5.3746 ], [ 9.1486, 5.3788 ], [ 9.1383, 5.3836 ], [ 9.1458, 5.3953 ], [ 9.14, 5.3955 ], [ 9.1361, 5.3892 ], [ 9.1366, 5.3949 ], [ 9.1338, 5.3969 ], [ 9.1292, 5.3891 ], [ 9.121, 5.3958 ], [ 9.113, 5.3904 ], [ 9.103, 5.3932 ], [ 9.0954, 5.388 ], [ 9.0506, 5.4027 ], [ 9.045, 5.4094 ], [ 8.9848, 5.4321 ], [ 8.9764, 5.4181 ], [ 8.9641, 5.4097 ], [ 8.9605, 5.3726 ], [ 8.9535, 5.3663 ], [ 8.9494, 5.3536 ], [ 8.9494, 5.3102 ], [ 8.9403, 5.3003 ], [ 8.9142, 5.3133 ], [ 8.9066, 5.3278 ], [ 8.8977, 5.3265 ], [ 8.8935, 5.3314 ], [ 8.8355, 5.344 ], [ 8.8317, 5.326 ], [ 8.8147, 5.2841 ], [ 8.8159, 5.2608 ], [ 8.8122, 5.2205 ], [ 8.8211, 5.1847 ], [ 8.8167, 5.1826 ], [ 8.8122, 5.1692 ], [ 8.804, 5.1575 ], [ 8.8021, 5.1464 ], [ 8.7972, 5.1425 ], [ 8.7949, 5.1294 ], [ 8.7857, 5.122 ], [ 8.7837, 5.1128 ], [ 8.7493, 5.1021 ], [ 8.7452, 5.0978 ], [ 8.7461, 5.093 ], [ 8.7418, 5.0846 ], [ 8.7393, 5.0854 ], [ 8.7269, 5.074 ], [ 8.7199, 5.0544 ], [ 8.7239, 5.0411 ], [ 8.7195, 5.039 ], [ 8.7166, 5.0293 ], [ 8.7151, 5.0333 ], [ 8.7126, 5.0327 ], [ 8.7083, 5.0206 ], [ 8.6967, 5.0156 ], [ 8.6932, 5.0066 ], [ 8.6837, 5.0003 ], [ 8.6942, 4.9962 ], [ 8.698, 4.9865 ], [ 8.6916, 4.9864 ], [ 8.6876, 4.9823 ], [ 8.6858, 4.9846 ], [ 8.6815, 4.981 ], [ 8.6808, 4.9739 ], [ 8.667, 4.9637 ], [ 8.6695, 4.9527 ], [ 8.6675, 4.9508 ], [ 8.6599, 4.9445 ], [ 8.6516, 4.9461 ], [ 8.6485, 4.937 ], [ 8.6531, 4.926 ], [ 8.6516, 4.9151 ], [ 8.6399, 4.9082 ], [ 8.6275, 4.9086 ], [ 8.6204, 4.9057 ], [ 8.6056, 4.8854 ], [ 8.6047, 4.8695 ], [ 8.6108, 4.8597 ], [ 8.6262, 4.8467 ], [ 8.6299, 4.8365 ], [ 8.6294, 4.8245 ], [ 8.5944, 4.8035 ], [ 8.5732, 4.8038 ], [ 8.5601, 4.7981 ], [ 8.5512, 4.8022 ], [ 8.544, 4.8016 ], [ 8.5284, 4.7699 ], [ 8.5257, 4.7563 ], [ 8.5262, 4.7369 ], [ 8.5391, 4.7128 ], [ 8.539, 4.7018 ], [ 8.5122, 4.6744 ], [ 8.5143, 4.6525 ], [ 8.5108, 4.6389 ], [ 8.5022, 4.6276 ], [ 8.499, 4.6156 ], [ 8.5007, 4.6053 ], [ 8.5247, 4.5756 ], [ 8.5262, 4.5688 ], [ 8.5181, 4.5553 ], [ 8.513, 4.5587 ], [ 8.499, 4.5552 ], [ 8.5062, 4.5086 ], [ 8.5143, 4.4995 ], [ 8.5278, 4.4947 ], [ 8.5388, 4.4952 ], [ 8.5658, 4.4834 ], [ 8.6488, 4.4861 ], [ 8.6547, 4.4833 ], [ 8.6778, 4.483 ], [ 8.6812, 4.4865 ], [ 8.691, 4.4827 ], [ 8.7236, 4.4982 ], [ 8.7278, 4.5172 ], [ 8.7054, 4.5391 ], [ 8.6875, 4.5432 ], [ 8.6765, 4.5505 ], [ 8.6685, 4.5646 ], [ 8.6599, 4.6401 ], [ 8.6523, 4.6613 ], [ 8.635, 4.68 ], [ 8.6364, 4.6998 ], [ 8.6277, 4.7132 ], [ 8.635, 4.7064 ], [ 8.6381, 4.7198 ], [ 8.6445, 4.7249 ], [ 8.6435, 4.7111 ], [ 8.6489, 4.6859 ], [ 8.662, 4.6792 ], [ 8.6617, 4.672 ], [ 8.6773, 4.6646 ], [ 8.6782, 4.6519 ], [ 8.6952, 4.6228 ], [ 8.7047, 4.5851 ], [ 8.7162, 4.5696 ], [ 8.7458, 4.5575 ], [ 8.7666, 4.5341 ], [ 8.7868, 4.536 ], [ 8.7965, 4.5449 ], [ 8.7983, 4.5514 ], [ 8.7844, 4.5759 ], [ 8.7962, 4.5807 ], [ 8.8085, 4.5754 ], [ 8.8109, 4.568 ], [ 8.8289, 4.5545 ], [ 8.8312, 4.5485 ], [ 8.8371, 4.5485 ], [ 8.8426, 4.5343 ], [ 8.8605, 4.5245 ], [ 8.8668, 4.525 ], [ 8.8672, 4.5386 ], [ 8.8465, 4.5866 ], [ 8.8159, 4.6286 ], [ 8.8176, 4.6306 ], [ 8.8311, 4.6211 ], [ 8.8391, 4.6229 ], [ 8.8515, 4.6096 ], [ 8.8603, 4.5943 ], [ 8.8721, 4.5865 ], [ 8.8759, 4.5912 ], [ 8.8799, 4.5836 ], [ 8.8858, 4.5815 ], [ 8.8824, 4.5621 ], [ 8.8868, 4.5544 ], [ 8.8816, 4.5178 ], [ 8.8884, 4.5083 ], [ 8.9104, 4.4967 ], [ 8.8947, 4.474 ], [ 8.894, 4.4768 ], [ 8.8915, 4.4754 ], [ 8.8928, 4.4652 ], [ 8.8982, 4.4565 ], [ 8.8843, 4.4401 ], [ 8.8792, 4.4229 ], [ 8.8857, 4.3858 ], [ 8.8919, 4.3713 ], [ 8.9173, 4.3475 ], [ 8.9232, 4.3219 ], [ 8.9205, 4.3047 ], [ 8.9197, 4.3093 ], [ 8.9146, 4.2985 ], [ 8.9148, 4.2872 ], [ 8.93, 4.2731 ], [ 8.9338, 4.2643 ], [ 8.9322, 4.2599 ], [ 8.9421, 4.2579 ], [ 8.9501, 4.2721 ], [ 8.9585, 4.2766 ], [ 8.9585, 4.2838 ], [ 8.9656, 4.2923 ] ] ] } }
]
}
