{
"type": "FeatureCollection",
"name": "COG",
"crs": { "type": "name", "properties": { "name": "urn:ogc:def:crs:OGC:1.3:CRS84" } },
"xy_coordinate_resolution": 0.0001,
"features": [
{ "type": "Feature", "properties": { "iso3": "COG", "unit_id": "80182663B13823036476131", "unit_name": "Boko-Songho" }, "geometry": { "type": "Polygon", "coordinates": [ [ [ 13.7561, -4.4454 ], [ 13.7495, -4.4334 ], [ 13.7296, -4.423 ], [ 13.7165, -4.4077 ], [ 13.6951, -4.3938 ], [ 13.6674, -4.353 ], [ 13.6692, -4.3447 ], [ 13.6493, -4.3343 ], [ 13.6495, -4.3259 ], [ 13.6396, -4.3206 ], [ 13.5996, -4.3183 ], [ 13.5694, -4.3312 ], [ 13.549, -4.3543 ], [ 13.4884, -4.3953 ], [ 13.4681, -4.4168 ], [ 13.451, -4.4417 ], [ 13.4475, -4.455 ], [ 13.4391, -4.4599 ], [ 13.4291, -4.4598 ], [ 13.4139, -4.4696 ], [ 13.3941, -4.4591 ], [ 13.374, -4.4689 ], [ 13.3673, -4.4671 ], [ 13.3642, -4.4502 ], [ 13.3359, -4.448 ], [ 13.3241, -4.4579 ], [ 13.324, -4.4646 ], [ 13.3307, -4.4664 ], [ 13.3336, -4.4917 ], [ 13.3568, -4.5022 ], [ 13.3598, -4.5207 ], [ 13.3648, -4.5241 ], [ 13.3695, -4.541 ], [ 13.3908, -4.5666 ], [ 13.389, -4.5766 ], [ 13.3956, -4.5768 ], [ 13.4021, -4.5903 ], [ 13.4103, -4.5988 ], [ 13.4151, -4.609 ], [ 13.4149, -4.6258 ], [ 13.4278, -4.6529 ], [ 13.4544, -4.6534 ], [ 13.489, -4.6842 ], [ 13.4971, -4.6978 ], [ 13.5319, -4.7085 ], [ 13.5417, -4.7187 ], [ 13.5698, -4.736 ], [ 13.5946, -4.7465 ], [ 13.6075, -4.7787 ], [ 13.6231, -4.7758 ], [ 13.621, -4.7647 ], [ 13.6241, -4.758 ], [ 13.6362, -4.7546 ], [ 13.6218, -4.7416 ], [ 13.6193, -4.7356 ], [ 13.6302, -4.7416 ], [ 13.6411, -4.7357 ], [ 13.6482, -4.7359 ], [ 13.6628, -4.7577 ], [ 13.6739, -4.7572 ], [ 13.6753, -4.7644 ], [ 13.6817, -4.7679 ], [ 13.6852, -4.7613 ], [ 13.6841, -4.7513 ], [ 13.6911, -4.7469 ], [ 13.6948, -4.7505 ], [ 13.6993, -4.7449 ], [ 13.6775, -4.7188 ], [ 13.6742, -4.7123 ], [ 13.6764, -4.7068 ], [ 13.6905, -4.7042 ], [ 13.7119, -4.7123 ], [ 13.7236, -4.7055 ], [ 13.7214, -4.6964 ], [ 13.7257, -4.6893 ], [ 13.7233, -4.6787 ], [ 13.7108, -4.674 ], [ 13.7004, -4.6628 ], [ 13.6909, -4.6575 ], [ 13.6906, -4.6506 ], [ 13.6939, -4.6407 ], [ 13.7048, -4.6416 ], [ 13.7176, -4.6374 ], [ 13.719, -4.631 ], [ 13.7131, -4.6276 ], [ 13.7083, -4.6129 ], [ 13.7173, -4.6111 ], [ 13.7223, -4.5975 ], [ 13.7288, -4.5901 ], [ 13.7306, -4.5672 ], [ 13.7293, -4.5601 ], [ 13.7248, -4.5583 ], [ 13.7312, -4.5506 ], [ 13.7293, -4.5293 ], [ 13.736, -4.5229 ], [ 13.7304, -4.5153 ], [ 13.7341, -4.5062 ], [ 13.7312, -4.4993 ], [ 13.7222, -4.4915 ], [ 13.7233, -4.4557 ], [ 13.7318, -4.4448 ], [ 13.7454, -4.4471 ], [ 13.7561, -4.4454 ] ] ] } },
{ "type": "Feature", "properties": { "iso3": "COG", "unit_id": "80182663B89913392117137", "unit_name": "Kingoue" }, "geometry": { "type": "Polygon", "coordinates": [ [ [ 14.3152, -3.6476 ], [ 14.3121, -3.6358 ], [ 14.3071, -3.6324 ], [ 14.2893, -3.6018 ], [ 14.2943, -3.5986 ], [ 14.2929, -3.5851 ], [ 14.2981, -3.5718 ], [ 14.2639, -3.5174 ], [ 14.2307, -3.5118 ], [ 14.2156, -3.5199 ], [ 14.209, -3.5165 ], [ 14.2108, -3.5031 ], [ 14.2026, -3.4996 ], [ 14.1892, -3.5027 ], [ 14.1794, -3.4908 ], [ 14.1593, -3.4971 ], [ 14.1539, -3.5222 ], [ 14.1321, -3.5302 ], [ 14.1253, -3.5385 ], [ 14.1234, -3.5553 ], [ 14.0799, -3.5663 ], [ 14.0796, -3.5881 ], [ 14.0696, -3.5879 ], [ 14.071, -3.6031 ], [ 14.0606, -3.6331 ], [ 14.0385, -3.6596 ], [ 14.0301, -3.6645 ], [ 14.028, -3.6896 ], [ 14.0342, -3.72 ], [ 14.0324, -3.7317 ], [ 14.0272, -3.745 ], [ 14.0251, -3.7719 ], [ 13.9961, -3.8184 ], [ 13.9908, -3.8334 ], [ 13.9906, -3.8485 ], [ 13.9953, -3.8687 ], [ 14.0266, -3.8878 ], [ 14.0627, -3.9253 ], [ 14.0859, -3.9358 ], [ 14.0974, -3.9478 ], [ 14.1156, -3.9531 ], [ 14.1567, -3.9874 ], [ 14.1914, -4.0048 ], [ 14.2064, -4.0034 ], [ 14.2362, -4.0174 ], [ 14.2532, -3.9958 ], [ 14.2649, -3.9943 ], [ 14.2979, -4.0167 ], [ 14.3278, -4.0173 ], [ 14.3431, -3.9974 ], [ 14.3598, -3.996 ], [ 14.3601, -3.9775 ], [ 14.3833, -3.983 ], [ 14.3901, -3.9764 ], [ 14.3852, -3.9696 ], [ 14.3769, -3.9678 ], [ 14.3788, -3.956 ], [ 14.3723, -3.9458 ], [ 14.3677, -3.9172 ], [ 14.3561, -3.9103 ], [ 14.3447, -3.8933 ], [ 14.3281, -3.8913 ], [ 14.3167, -3.8743 ], [ 14.3084, -3.8742 ], [ 14.2986, -3.864 ], [ 14.2975, -3.8236 ], [ 14.2844, -3.8066 ], [ 14.2781, -3.7847 ], [ 14.2635, -3.7609 ], [ 14.2536, -3.7557 ], [ 14.2438, -3.7438 ], [ 14.239, -3.7269 ], [ 14.2393, -3.7118 ], [ 14.2112, -3.6928 ], [ 14.213, -3.6845 ], [ 14.2646, -3.6904 ], [ 14.2647, -3.682 ], [ 14.285, -3.6605 ], [ 14.3017, -3.6591 ], [ 14.3052, -3.6508 ], [ 14.3152, -3.6476 ] ] ] } },
{ "type": "Feature", "properties": { "iso3": "COG", "unit_id": "80182663B27355358079267", "unit_name": "Loudima" }, "geometry": { "type": "Polygon", "coordinates": [ [ [ 13.258, -4.4215 ], [ 13.2482, -4.4096 ], [ 13.2265, -4.4142 ], [ 13.195, -4.4036 ], [ 13.1852, -4.3866 ], [ 13.1875, -4.3497 ], [ 13.1726, -4.3427 ], [ 13.1512, -4.3222 ], [ 13.1448, -4.3103 ], [ 13.1265, -4.3066 ], [ 13.1216, -4.3015 ], [ 13.1217, -4.2931 ], [ 13.1184, -4.288 ], [ 13.1084, -4.2895 ], [ 13.1037, -4.271 ], [ 13.0921, -4.2674 ], [ 13.0956, -4.2574 ], [ 13.0709, -4.2385 ], [ 13.0777, -4.2285 ], [ 13.0663, -4.2082 ], [ 13.0654, -4.1594 ], [ 13.0707, -4.1427 ], [ 13.0944, -4.1196 ], [ 13.1026, -4.1282 ], [ 13.1177, -4.1217 ], [ 13.1275, -4.132 ], [ 13.1375, -4.1338 ], [ 13.1426, -4.1272 ], [ 13.1675, -4.1343 ], [ 13.1859, -4.1279 ], [ 13.1908, -4.1348 ], [ 13.2009, -4.1316 ], [ 13.2039, -4.1484 ], [ 13.2155, -4.1537 ], [ 13.2241, -4.1387 ], [ 13.2525, -4.1291 ], [ 13.256, -4.1208 ], [ 13.2545, -4.1107 ], [ 13.2663, -4.1025 ], [ 13.2862, -4.1062 ], [ 13.2996, -4.1031 ], [ 13.3082, -4.0898 ], [ 13.3283, -4.0817 ], [ 13.3333, -4.0768 ], [ 13.3566, -4.0805 ], [ 13.3651, -4.0723 ], [ 13.3686, -4.0572 ], [ 13.3854, -4.0542 ], [ 13.3921, -4.0492 ], [ 13.3813, -4.0377 ], [ 13.3802, -3.9974 ], [ 13.3704, -3.9905 ], [ 13.3672, -3.9803 ], [ 13.374, -3.9687 ], [ 13.3759, -3.957 ], [ 13.3643, -3.9501 ], [ 13.3579, -3.9348 ], [ 13.3512, -3.9381 ], [ 13.341, -3.9513 ], [ 13.3295, -3.9411 ], [ 13.2978, -3.9405 ], [ 13.291, -3.9488 ], [ 13.2496, -3.938 ], [ 13.2328, -3.9461 ], [ 13.2228, -3.9459 ], [ 13.2142, -3.9609 ], [ 13.1759, -3.9636 ], [ 13.1579, -3.9364 ], [ 13.1529, -3.938 ], [ 13.1477, -3.9513 ], [ 13.1359, -3.9612 ], [ 13.1243, -3.961 ], [ 13.1128, -3.949 ], [ 13.101, -3.9555 ], [ 13.0977, -3.9521 ], [ 13.0826, -3.9636 ], [ 13.0725, -3.9651 ], [ 13.0641, -3.9717 ], [ 13.0344, -3.9544 ], [ 13.038, -3.9393 ], [ 13.0264, -3.9307 ], [ 13.0048, -3.9304 ], [ 13.0068, -3.9102 ], [ 12.9984, -3.9101 ], [ 12.9919, -3.9016 ], [ 12.9852, -3.9015 ], [ 12.9818, -3.9064 ], [ 12.9719, -3.9012 ], [ 12.9572, -3.8842 ], [ 12.9506, -3.8807 ], [ 12.9372, -3.8822 ], [ 12.9424, -3.8722 ], [ 12.9358, -3.8637 ], [ 12.9208, -3.8668 ], [ 12.9158, -3.865 ], [ 12.9178, -3.8432 ], [ 12.9099, -3.8179 ], [ 12.915, -3.8096 ], [ 12.9152, -3.7995 ], [ 12.897, -3.7925 ], [ 12.9105, -3.7793 ], [ 12.9124, -3.7642 ], [ 12.9059, -3.7557 ], [ 12.8926, -3.7521 ], [ 12.8962, -3.732 ], [ 12.8848, -3.72 ], [ 12.8866, -3.7083 ], [ 12.8734, -3.698 ], [ 12.8736, -3.6863 ], [ 12.8655, -3.6693 ], [ 12.8392, -3.6521 ], [ 12.8277, -3.6401 ], [ 12.8362, -3.6268 ], [ 12.8296, -3.6217 ], [ 12.823, -3.6216 ], [ 12.8197, -3.6148 ], [ 12.8249, -3.6048 ], [ 12.8168, -3.5912 ], [ 12.7969, -3.5808 ], [ 12.7584, -3.5936 ], [ 12.7401, -3.5932 ], [ 12.7219, -3.5829 ], [ 12.7371, -3.573 ], [ 12.7439, -3.5631 ], [ 12.7358, -3.5462 ], [ 12.7191, -3.5492 ], [ 12.7074, -3.5557 ], [ 12.6764, -3.558 ], [ 12.6526, -3.5895 ], [ 12.6338, -3.6211 ], [ 12.6333, -3.653 ], [ 12.6429, -3.6817 ], [ 12.6394, -3.6867 ], [ 12.6476, -3.6952 ], [ 12.6543, -3.697 ], [ 12.6491, -3.7104 ], [ 12.6374, -3.7135 ], [ 12.6353, -3.7404 ], [ 12.6514, -3.7759 ], [ 12.6596, -3.7845 ], [ 12.6561, -3.7928 ], [ 12.6411, -3.7976 ], [ 12.6326, -3.8042 ], [ 12.619, -3.8241 ], [ 12.6074, -3.8172 ], [ 12.5974, -3.822 ], [ 12.6039, -3.8289 ], [ 12.6136, -3.8492 ], [ 12.6369, -3.8529 ], [ 12.6532, -3.8768 ], [ 12.6763, -3.8923 ], [ 12.6861, -3.9025 ], [ 12.686, -3.9092 ], [ 12.6909, -3.916 ], [ 12.7025, -3.9213 ], [ 12.7235, -3.9636 ], [ 12.7383, -3.9773 ], [ 12.7512, -4.0028 ], [ 12.7644, -4.0114 ], [ 12.7659, -4.0215 ], [ 12.7792, -4.0285 ], [ 12.7923, -4.0421 ], [ 12.7983, -4.0809 ], [ 12.8081, -4.0945 ], [ 12.8213, -4.1048 ], [ 12.8363, -4.1067 ], [ 12.8444, -4.122 ], [ 12.8441, -4.1405 ], [ 12.8288, -4.1587 ], [ 12.8447, -4.206 ], [ 12.8776, -4.2351 ], [ 12.9222, -4.2594 ], [ 12.9466, -4.2985 ], [ 12.9598, -4.3105 ], [ 13.0443, -4.3438 ], [ 13.1683, -4.4031 ], [ 13.1898, -4.4169 ], [ 13.2396, -4.4262 ], [ 13.2497, -4.4213 ], [ 13.258, -4.4215 ] ] ] } },
{ "type": "Feature", "properties": { "iso3": "COG", "unit_id": "80182663B8114616403455", "unit_name": "Mabombo" }, "geometry": { "type": "Polygon", "coordinates": [ [ [ 13.8286, -4.0908 ], [ 13.8222, -4.0756 ], [ 13.831, -4.0439 ], [ 13.8247, -4.0219 ], [ 13.8149, -4.005 ], [ 13.8017, -3.9963 ], [ 13.7953, -3.9845 ], [ 13.7954, -3.9727 ], [ 13.7873, -3.9608 ], [ 13.7757, -3.9539 ], [ 13.7763, -3.9153 ], [ 13.7632, -3.9033 ], [ 13.7465, -3.903 ], [ 13.7269, -3.8775 ], [ 13.7234, -3.8925 ], [ 13.715, -3.8924 ], [ 13.7085, -3.8872 ], [ 13.7052, -3.8805 ], [ 13.7087, -3.8721 ], [ 13.7071, -3.8687 ], [ 13.7004, -3.8669 ], [ 13.6957, -3.8517 ], [ 13.6874, -3.8499 ], [ 13.6789, -3.8582 ], [ 13.6788, -3.8666 ], [ 13.672, -3.8732 ], [ 13.6374, -3.849 ], [ 13.6243, -3.8354 ], [ 13.6126, -3.8369 ], [ 13.6175, -3.8437 ], [ 13.6122, -3.8637 ], [ 13.6037, -3.8753 ], [ 13.5903, -3.8768 ], [ 13.5772, -3.8648 ], [ 13.5605, -3.8679 ], [ 13.5833, -3.9018 ], [ 13.5815, -3.9119 ], [ 13.5681, -3.915 ], [ 13.5595, -3.9316 ], [ 13.5478, -3.9365 ], [ 13.5326, -3.9496 ], [ 13.5257, -3.9646 ], [ 13.5339, -3.9749 ], [ 13.5386, -3.9917 ], [ 13.5251, -4.0016 ], [ 13.5198, -4.0233 ], [ 13.523, -4.0334 ], [ 13.5145, -4.0417 ], [ 13.4977, -4.0481 ], [ 13.4893, -4.0564 ], [ 13.4676, -4.061 ], [ 13.4805, -4.0831 ], [ 13.502, -4.0935 ], [ 13.5998, -4.1288 ], [ 13.6063, -4.1356 ], [ 13.6092, -4.1642 ], [ 13.6225, -4.1695 ], [ 13.6409, -4.1631 ], [ 13.6876, -4.1623 ], [ 13.6889, -4.1808 ], [ 13.6989, -4.1809 ], [ 13.7058, -4.1676 ], [ 13.7209, -4.1628 ], [ 13.7241, -4.1679 ], [ 13.7474, -4.1683 ], [ 13.7722, -4.1805 ], [ 13.7839, -4.1791 ], [ 13.7889, -4.1825 ], [ 13.8006, -4.1793 ], [ 13.8135, -4.2031 ], [ 13.8351, -4.2085 ], [ 13.8354, -4.19 ], [ 13.8205, -4.1847 ], [ 13.8189, -4.178 ], [ 13.8273, -4.1731 ], [ 13.8241, -4.1663 ], [ 13.8342, -4.1615 ], [ 13.836, -4.1497 ], [ 13.8314, -4.1278 ], [ 13.8249, -4.1143 ], [ 13.8286, -4.0908 ] ] ] } },
{ "type": "Feature", "properties": { "iso3": "COG", "unit_id": "80182663B15866319402527", "unit_name": "Madingou" }, "geometry": { "type": "Polygon", "coordinates": [ [ [ 13.6495, -4.3259 ], [ 13.6652, -4.313 ], [ 13.664, -4.2844 ], [ 13.6842, -4.2697 ], [ 13.7059, -4.27 ], [ 13.7158, -4.2753 ], [ 13.7608, -4.2744 ], [ 13.7807, -4.2814 ], [ 13.804, -4.2835 ], [ 13.834, -4.2824 ], [ 13.851, -4.2608 ], [ 13.8462, -4.2439 ], [ 13.8465, -4.2272 ], [ 13.8383, -4.2186 ], [ 13.8351, -4.2085 ], [ 13.8135, -4.2031 ], [ 13.8006, -4.1793 ], [ 13.7889, -4.1825 ], [ 13.7839, -4.1791 ], [ 13.7722, -4.1805 ], [ 13.7474, -4.1683 ], [ 13.7241, -4.1679 ], [ 13.7209, -4.1628 ], [ 13.7058, -4.1676 ], [ 13.6989, -4.1809 ], [ 13.6889, -4.1808 ], [ 13.6876, -4.1623 ], [ 13.6409, -4.1631 ], [ 13.6225, -4.1695 ], [ 13.6092, -4.1642 ], [ 13.6063, -4.1356 ], [ 13.5998, -4.1288 ], [ 13.502, -4.0935 ], [ 13.4805, -4.0831 ], [ 13.4676, -4.061 ], [ 13.4552, -4.0621 ], [ 13.4583, -4.0789 ], [ 13.4497, -4.0939 ], [ 13.4329, -4.1071 ], [ 13.4326, -4.1239 ], [ 13.4273, -4.1422 ], [ 13.432, -4.1625 ], [ 13.4318, -4.1776 ], [ 13.463, -4.2033 ], [ 13.4681, -4.2017 ], [ 13.476, -4.2288 ], [ 13.4743, -4.2321 ], [ 13.4857, -4.2457 ], [ 13.4823, -4.2541 ], [ 13.4756, -4.2523 ], [ 13.4604, -4.2638 ], [ 13.44, -4.292 ], [ 13.4216, -4.2984 ], [ 13.4028, -4.3249 ], [ 13.4026, -4.3434 ], [ 13.3885, -4.3902 ], [ 13.3882, -4.407 ], [ 13.3778, -4.4353 ], [ 13.3642, -4.4502 ], [ 13.3673, -4.4671 ], [ 13.374, -4.4689 ], [ 13.3941, -4.4591 ], [ 13.4139, -4.4696 ], [ 13.4291, -4.4598 ], [ 13.4391, -4.4599 ], [ 13.4475, -4.455 ], [ 13.451, -4.4417 ], [ 13.4681, -4.4168 ], [ 13.4884, -4.3953 ], [ 13.549, -4.3543 ], [ 13.5694, -4.3312 ], [ 13.5996, -4.3183 ], [ 13.6396, -4.3206 ], [ 13.6495, -4.3259 ] ] ] } },
{ "type": "Feature", "properties": { "iso3": "COG", "unit_id": "80182663B91554477534568", "unit_name": "Mfouati" }, "geometry": { "type": "Polygon", "coordinates": [ [ [ 13.7561, -4.4454 ], [ 13.7793, -4.424 ], [ 13.8076, -4.423 ], [ 13.8129, -4.4302 ], [ 13.8152, -4.4254 ], [ 13.823, -4.4251 ], [ 13.8252, -4.4317 ], [ 13.8401, -4.4422 ], [ 13.8407, -4.4473 ], [ 13.8353, -4.4554 ], [ 13.8458, -4.4632 ], [ 13.8472, -4.4686 ], [ 13.8512, -4.4704 ], [ 13.8555, -4.4635 ], [ 13.8586, -4.4641 ], [ 13.8602, -4.4756 ], [ 13.8545, -4.4959 ], [ 13.8571, -4.4942 ], [ 13.8667, -4.4978 ], [ 13.8703, -4.5038 ], [ 13.8798, -4.5088 ], [ 13.8826, -4.5059 ], [ 13.891, -4.5091 ], [ 13.9019, -4.5015 ], [ 13.9057, -4.5033 ], [ 13.9106, -4.4953 ], [ 13.9109, -4.4802 ], [ 13.916, -4.4735 ], [ 13.9277, -4.467 ], [ 13.9467, -4.4254 ], [ 13.9503, -4.4103 ], [ 13.9472, -4.3952 ], [ 13.9608, -4.3786 ], [ 13.9527, -4.3634 ], [ 13.9545, -4.35 ], [ 13.963, -4.34 ], [ 13.9336, -4.3059 ], [ 13.9037, -4.3004 ], [ 13.9005, -4.2886 ], [ 13.8906, -4.2817 ], [ 13.8768, -4.2605 ], [ 13.8695, -4.2561 ], [ 13.8626, -4.261 ], [ 13.851, -4.2608 ], [ 13.834, -4.2824 ], [ 13.804, -4.2835 ], [ 13.7807, -4.2814 ], [ 13.7608, -4.2744 ], [ 13.7158, -4.2753 ], [ 13.7059, -4.27 ], [ 13.6842, -4.2697 ], [ 13.664, -4.2844 ], [ 13.6652, -4.313 ], [ 13.6495, -4.3259 ], [ 13.6493, -4.3343 ], [ 13.6692, -4.3447 ], [ 13.6674, -4.353 ], [ 13.6951, -4.3938 ], [ 13.7165, -4.4077 ], [ 13.7296, -4.423 ], [ 13.7495, -4.4334 ], [ 13.7561, -4.4454 ] ] ] } },
{ "type": "Feature", "properties": { "iso3": "COG", "unit_id": "80182663B93134658851800", "unit_name": "Mouyondzi" }, "geometry": { "type": "Polygon", "coordinates": [ [ [ 13.9906, -3.8485 ], [ 13.9736, -3.8684 ], [ 13.9534, -3.8814 ], [ 13.8621, -3.8647 ], [ 13.7889, -3.8584 ], [ 13.7341, -3.8474 ], [ 13.7257, -3.8489 ], [ 13.7206, -3.8589 ], [ 13.7269, -3.8775 ], [ 13.7465, -3.903 ], [ 13.7632, -3.9033 ], [ 13.7763, -3.9153 ], [ 13.7757, -3.9539 ], [ 13.7873, -3.9608 ], [ 13.7954, -3.9727 ], [ 13.7953, -3.9845 ], [ 13.8017, -3.9963 ], [ 13.8149, -4.005 ], [ 13.8247, -4.0219 ], [ 13.831, -4.0439 ], [ 13.8222, -4.0756 ], [ 13.8286, -4.0908 ], [ 13.8502, -4.0912 ], [ 13.9238, -4.0757 ], [ 13.9524, -4.0594 ], [ 13.9723, -4.0598 ], [ 13.9875, -4.0516 ], [ 14.076, -4.0347 ], [ 14.1144, -4.0303 ], [ 14.1445, -4.0225 ], [ 14.1595, -4.0227 ], [ 14.1914, -4.0048 ], [ 14.1567, -3.9874 ], [ 14.1156, -3.9531 ], [ 14.0974, -3.9478 ], [ 14.0859, -3.9358 ], [ 14.0627, -3.9253 ], [ 14.0266, -3.8878 ], [ 13.9953, -3.8687 ], [ 13.9906, -3.8485 ] ] ] } },
{ "type": "Feature", "properties": { "iso3": "COG", "unit_id": "80182663B85622957312110", "unit_name": "Nkayi" }, "geometry": { "type": "Polygon", "coordinates": [ [ [ 13.3642, -4.4502 ], [ 13.3778, -4.4353 ], [ 13.3882, -4.407 ], [ 13.3885, -4.3902 ], [ 13.4026, -4.3434 ], [ 13.4028, -4.3249 ], [ 13.4114, -4.3099 ], [ 13.4216, -4.2984 ], [ 13.44, -4.292 ], [ 13.4604, -4.2638 ], [ 13.4756, -4.2523 ], [ 13.4823, -4.2541 ], [ 13.4857, -4.2457 ], [ 13.4743, -4.2321 ], [ 13.476, -4.2288 ], [ 13.4681, -4.2017 ], [ 13.463, -4.2033 ], [ 13.4318, -4.1776 ], [ 13.432, -4.1625 ], [ 13.4273, -4.1422 ], [ 13.4326, -4.1239 ], [ 13.4329, -4.1071 ], [ 13.4497, -4.0939 ], [ 13.4583, -4.0789 ], [ 13.4552, -4.0621 ], [ 13.4454, -4.0535 ], [ 13.422, -4.0565 ], [ 13.4071, -4.0495 ], [ 13.399, -4.0359 ], [ 13.3921, -4.0492 ], [ 13.3854, -4.0542 ], [ 13.3686, -4.0572 ], [ 13.3651, -4.0723 ], [ 13.3566, -4.0805 ], [ 13.3333, -4.0768 ], [ 13.3283, -4.0817 ], [ 13.3082, -4.0898 ], [ 13.2996, -4.1031 ], [ 13.2862, -4.1062 ], [ 13.2663, -4.1025 ], [ 13.2545, -4.1107 ], [ 13.256, -4.1208 ], [ 13.2525, -4.1291 ], [ 13.2241, -4.1387 ], [ 13.2155, -4.1537 ], [ 13.2039, -4.1484 ], [ 13.2009, -4.1316 ], [ 13.1908, -4.1348 ], [ 13.1859, -4.1279 ], [ 13.1675, -4.1343 ], [ 13.1426, -4.1272 ], [ 13.1375, -4.1338 ], [ 13.1275, -4.132 ], [ 13.1177, -4.1217 ], [ 13.1026, -4.1282 ], [ 13.0944, -4.1196 ], [ 13.0707, -4.1427 ], [ 13.0654, -4.1594 ], [ 13.0663, -4.2082 ], [ 13.0777, -4.2285 ], [ 13.0709, -4.2385 ], [ 13.0956, -4.2574 ], [ 13.0921, -4.2674 ], [ 13.1037, -4.271 ], [ 13.1084, -4.2895 ], [ 13.1184, -4.288 ], [ 13.1217, -4.2931 ], [ 13.1216, -4.3015 ], [ 13.1265, -4.3066 ], [ 13.1448, -4.3103 ], [ 13.1512, -4.3222 ], [ 13.1726, -4.3427 ], [ 13.1875, -4.3497 ], [ 13.1852, -4.3866 ], [ 13.195, -4.4036 ], [ 13.2265, -4.4142 ], [ 13.2482, -4.4096 ], [ 13.2646, -4.4266 ], [ 13.2846, -4.427 ], [ 13.2946, -4.4305 ], [ 13.3043, -4.4492 ], [ 13.3241, -4.4579 ], [ 13.3359, -4.448 ], [ 13.3642, -4.4502 ] ] ] } },
{ "type": "Feature", "properties": { "iso3": "COG", "unit_id": "80182663B90169313816202", "unit_name": "Tsiaki" }, "geometry": { "type": "Polygon", "coordinates": [ [ [ 14.0696, -3.5879 ], [ 14.0581, -3.576 ], [ 14.0513, -3.5826 ], [ 14.0413, -3.5841 ], [ 14.0331, -3.5806 ], [ 14.0013, -3.5851 ], [ 13.9664, -3.5844 ], [ 13.9516, -3.5707 ], [ 13.9133, -3.5701 ], [ 13.9034, -3.5649 ], [ 13.8917, -3.5647 ], [ 13.8731, -3.5487 ], [ 13.8618, -3.5591 ], [ 13.8413, -3.5907 ], [ 13.8377, -3.6091 ], [ 13.8226, -3.6155 ], [ 13.8093, -3.6153 ], [ 13.7959, -3.6201 ], [ 13.7888, -3.6452 ], [ 13.7885, -3.6653 ], [ 13.7817, -3.6753 ], [ 13.7699, -3.6818 ], [ 13.7615, -3.6917 ], [ 13.7464, -3.6931 ], [ 13.736, -3.7215 ], [ 13.7293, -3.7264 ], [ 13.7307, -3.7399 ], [ 13.7256, -3.7515 ], [ 13.6955, -3.7527 ], [ 13.6756, -3.7473 ], [ 13.664, -3.7488 ], [ 13.6469, -3.7736 ], [ 13.6351, -3.7852 ], [ 13.6036, -3.7729 ], [ 13.5817, -3.7876 ], [ 13.5883, -3.7911 ], [ 13.5848, -3.8028 ], [ 13.598, -3.8097 ], [ 13.613, -3.8117 ], [ 13.6126, -3.8369 ], [ 13.6276, -3.8371 ], [ 13.6374, -3.849 ], [ 13.672, -3.8732 ], [ 13.6788, -3.8666 ], [ 13.6789, -3.8582 ], [ 13.6874, -3.8499 ], [ 13.6957, -3.8517 ], [ 13.7004, -3.8669 ], [ 13.7071, -3.8687 ], [ 13.7087, -3.8721 ], [ 13.7052, -3.8805 ], [ 13.7085, -3.8872 ], [ 13.715, -3.8924 ], [ 13.7234, -3.8925 ], [ 13.7269, -3.8775 ], [ 13.7206, -3.8589 ], [ 13.7257, -3.8489 ], [ 13.7341, -3.8474 ], [ 13.7889, -3.8584 ], [ 13.8621, -3.8647 ], [ 13.9534, -3.8814 ], [ 13.9736, -3.8684 ], [ 13.9906, -3.8485 ], [ 13.9908, -3.8334 ], [ 13.9961, -3.8184 ], [ 14.0251, -3.7719 ], [ 14.0272, -3.745 ], [ 14.0342, -3.72 ], [ 14.028, -3.6896 ], [ 14.0301, -3.6645 ], [ 14.0385, -3.6596 ], [ 14.0606, -3.6331 ], [ 14.071, -3.6031 ], [ 14.0696, -3.5879 ] ] ] } },
{ "type": "Feature", "properties": { "iso3": "COG", "unit_id": "80182663B66639095451085", "unit_name": "Yamba" }, "geometry": { "type": "Polygon", "coordinates": [ [ [ 14.1914, -4.0048 ], [ 14.1595, -4.0227 ], [ 14.1445, -4.0225 ], [ 14.1144, -4.0303 ], [ 14.076, -4.0347 ], [ 13.9875, -4.0516 ], [ 13.9723, -4.0598 ], [ 13.9524, -4.0594 ], [ 13.9238, -4.0757 ], [ 13.8502, -4.0912 ], [ 13.8286, -4.0908 ], [ 13.8249, -4.1143 ], [ 13.8314, -4.1278 ], [ 13.836, -4.1497 ], [ 13.8342, -4.1615 ], [ 13.8241, -4.1663 ], [ 13.8273, -4.1731 ], [ 13.8189, -4.178 ], [ 13.8205, -4.1847 ], [ 13.8354, -4.19 ], [ 13.8351, -4.2085 ], [ 13.8383, -4.2186 ], [ 13.8465, -4.2272 ], [ 13.8462, -4.2439 ], [ 13.851, -4.2608 ], [ 13.8626, -4.261 ], [ 13.8695, -4.2561 ], [ 13.8768, -4.2605 ], [ 13.8906, -4.2817 ], [ 13.9005, -4.2886 ], [ 13.9037, -4.3004 ], [ 13.9336, -4.3059 ], [ 13.957, -4.2963 ], [ 13.9804, -4.2916 ], [ 14.0476, -4.2575 ], [ 14.0949, -4.2114 ], [ 14.1134, -4.2033 ], [ 14.1552, -4.1939 ], [ 14.1504, -4.1821 ], [ 14.1724, -4.1556 ], [ 14.1627, -4.1403 ], [ 14.1599, -4.105 ], [ 14.1818, -4.0886 ], [ 14.192, -4.0754 ], [ 14.2207, -4.049 ], [ 14.2342, -4.0425 ], [ 14.2359, -4.0358 ], [ 14.2362, -4.0174 ], [ 14.2064, -4.0034 ], [ 14.1914, -4.0048 ] ] ] } },
{ "type": "Feature", "properties": { "iso3": "COG", "unit_id": "80182663B42568576758176", "unit_name": "Brazzaville" }, "geometry": { "type": "Polygon", "coordinates": [ [ [ 15.1858, -4.3404 ], [ 15.1975, -4.3234 ], [ 15.2071, -4.3238 ], [ 15.2141, -4.3287 ], [ 15.2298, -4.3191 ], [ 15.2584, -4.3133 ], [ 15.2751, -4.2932 ], [ 15.3086, -4.281 ], [ 15.3531, -4.188 ], [ 15.3382, -4.1827 ], [ 15.3039, -4.1368 ], [ 15.2722, -4.1396 ], [ 15.2332, -4.1842 ], [ 15.2164, -4.1923 ], [ 15.2006, -4.2424 ], [ 15.1888, -4.254 ], [ 15.1698, -4.2956 ], [ 15.1728, -4.3192 ], [ 15.1858, -4.3404 ] ] ] } },
{ "type": "Feature", "properties": { "iso3": "COG", "unit_id": "80182663B78616339681827", "unit_name": "Boundji" }, "geometry": { "type": "Polygon", "coordinates": [ [ [ 15.4192, -0.8762 ], [ 15.4126, -0.8265 ], [ 15.4011, -0.8128 ], [ 15.3796, -0.799 ], [ 15.3682, -0.787 ], [ 15.3383, -0.7781 ], [ 15.3318, -0.7662 ], [ 15.329, -0.7275 ], [ 15.3226, -0.7122 ], [ 15.2812, -0.7512 ], [ 15.2775, -0.7763 ], [ 15.2639, -0.7895 ], [ 15.262, -0.8063 ], [ 15.2519, -0.8128 ], [ 15.2416, -0.8345 ], [ 15.2214, -0.8425 ], [ 15.1965, -0.8421 ], [ 15.1783, -0.8317 ], [ 15.1566, -0.833 ], [ 15.1387, -0.8058 ], [ 15.1177, -0.7618 ], [ 15.0985, -0.7094 ], [ 15.1094, -0.6541 ], [ 15.1179, -0.6442 ], [ 15.1234, -0.6073 ], [ 15.1238, -0.5855 ], [ 15.1111, -0.5399 ], [ 15.0875, -0.5597 ], [ 15.0707, -0.5695 ], [ 15.0638, -0.5861 ], [ 15.0554, -0.591 ], [ 15.0551, -0.6095 ], [ 15.0367, -0.6092 ], [ 15.0093, -0.6574 ], [ 15.004, -0.6758 ], [ 14.9702, -0.7088 ], [ 14.9535, -0.7102 ], [ 14.9629, -0.7473 ], [ 14.9928, -0.7562 ], [ 14.9977, -0.763 ], [ 15.0144, -0.7633 ], [ 15.0212, -0.755 ], [ 15.0344, -0.762 ], [ 15.0527, -0.764 ], [ 15.0627, -0.7608 ], [ 15.064, -0.7877 ], [ 15.0856, -0.7914 ], [ 15.0938, -0.7983 ], [ 15.0953, -0.8084 ], [ 15.1315, -0.841 ], [ 15.1429, -0.8596 ], [ 15.1561, -0.8666 ], [ 15.1608, -0.8818 ], [ 15.1488, -0.9068 ], [ 15.1485, -0.9236 ], [ 15.14, -0.9352 ], [ 15.1181, -0.9516 ], [ 15.0778, -0.9744 ], [ 15.0625, -0.9893 ], [ 15.0454, -1.0226 ], [ 15.0215, -1.0574 ], [ 15.0297, -1.0676 ], [ 15.0808, -1.1004 ], [ 15.104, -1.1093 ], [ 15.1267, -1.1533 ], [ 15.143, -1.1721 ], [ 15.1827, -1.1929 ], [ 15.1891, -1.2082 ], [ 15.2041, -1.2135 ], [ 15.2125, -1.2086 ], [ 15.2127, -1.1901 ], [ 15.2335, -1.1384 ], [ 15.2386, -1.1334 ], [ 15.2519, -1.1354 ], [ 15.2653, -1.1322 ], [ 15.2704, -1.1273 ], [ 15.2706, -1.1122 ], [ 15.2757, -1.1072 ], [ 15.2856, -1.1124 ], [ 15.3226, -1.0896 ], [ 15.3244, -1.0812 ], [ 15.3362, -1.0747 ], [ 15.3363, -1.0663 ], [ 15.3431, -1.0597 ], [ 15.3698, -1.0551 ], [ 15.3868, -1.0369 ], [ 15.409, -1.002 ], [ 15.4257, -1.0006 ], [ 15.4425, -0.9858 ], [ 15.4591, -0.9928 ], [ 15.4743, -0.978 ], [ 15.4894, -0.9766 ], [ 15.4894, -0.9715 ], [ 15.4431, -0.9522 ], [ 15.4334, -0.9319 ], [ 15.4371, -0.9085 ], [ 15.4324, -0.8899 ], [ 15.4192, -0.8762 ] ] ] } },
{ "type": "Feature", "properties": { "iso3": "COG", "unit_id": "80182663B26562776393723", "unit_name": "Loukolela" }, "geometry": { "type": "Polygon", "coordinates": [ [ [ 17.5076, 0.4286 ], [ 17.4793, 0.4341 ], [ 17.4759, 0.4308 ], [ 17.4392, 0.4315 ], [ 17.4074, 0.4253 ], [ 17.3922, 0.4104 ], [ 17.3919, 0.3886 ], [ 17.4083, 0.3748 ], [ 17.4198, 0.3578 ], [ 17.4211, 0.3342 ], [ 17.4109, 0.3243 ], [ 17.4102, 0.2772 ], [ 17.3981, 0.2539 ], [ 17.3764, 0.2492 ], [ 17.3147, 0.2537 ], [ 17.1902, 0.2928 ], [ 17.0908, 0.3417 ], [ 17.0016, 0.397 ], [ 16.9747, 0.3891 ], [ 16.9696, 0.3825 ], [ 16.9041, 0.3517 ], [ 16.8435, 0.3157 ], [ 16.8248, 0.2975 ], [ 16.7543, 0.2668 ], [ 16.6735, 0.2211 ], [ 16.6815, 0.2025 ], [ 16.8168, -0.3296 ], [ 17.0142, -1.1238 ], [ 17.1096, -1.0646 ], [ 17.1584, -1.0527 ], [ 17.1971, -1.0497 ], [ 17.2372, -1.0235 ], [ 17.2673, -0.9972 ], [ 17.285, -0.9903 ], [ 17.3429, -0.988 ], [ 17.3545, -0.9841 ], [ 17.3943, -0.902 ], [ 17.4124, -0.8899 ], [ 17.4263, -0.8591 ], [ 17.4363, -0.8236 ], [ 17.451, -0.8043 ], [ 17.4741, -0.7927 ], [ 17.4981, -0.7549 ], [ 17.523, -0.7431 ], [ 17.497, -0.6913 ], [ 17.4844, -0.639 ], [ 17.4832, -0.6137 ], [ 17.4718, -0.5917 ], [ 17.4655, -0.568 ], [ 17.5493, -0.4349 ], [ 17.5595, -0.4233 ], [ 17.5467, -0.0666 ], [ 17.5468, 0.1588 ], [ 17.554, 0.2999 ], [ 17.5517, 0.3689 ], [ 17.5437, 0.3909 ], [ 17.5225, 0.4199 ], [ 17.5076, 0.4286 ] ] ] } },
{ "type": "Feature", "properties": { "iso3": "COG", "unit_id": "80182663B62893988743457", "unit_name": "Makoua" }, "geometry": { "type": "Polygon", "coordinates": [ [ [ 16.091, -0.1168 ], [ 16.0497, -0.0875 ], [ 16.0331, -0.0805 ], [ 16.017, -0.0466 ], [ 16.0054, -0.0396 ], [ 15.9792, -0.0089 ], [ 15.9793, -0.0005 ], [ 15.9981, 0.0278 ], [ 16.0017, 0.0462 ], [ 15.9954, 0.0715 ], [ 15.9792, 0.1038 ], [ 15.9513, 0.1312 ], [ 15.9415, 0.1482 ], [ 15.937, 0.1785 ], [ 15.9258, 0.209 ], [ 15.9246, 0.2393 ], [ 15.935, 0.2609 ], [ 15.9501, 0.2691 ], [ 15.9651, 0.2705 ], [ 15.9786, 0.277 ], [ 15.9822, 0.2971 ], [ 15.9722, 0.2973 ], [ 15.9608, 0.316 ], [ 15.961, 0.3294 ], [ 15.9529, 0.3397 ], [ 15.9164, 0.3538 ], [ 15.8965, 0.3642 ], [ 15.8866, 0.3745 ], [ 15.8515, 0.3684 ], [ 15.8165, 0.369 ], [ 15.805, 0.3826 ], [ 15.7917, 0.3862 ], [ 15.7633, 0.3834 ], [ 15.7418, 0.3955 ], [ 15.7218, 0.3959 ], [ 15.7, 0.3878 ], [ 15.6816, 0.3865 ], [ 15.6448, 0.377 ], [ 15.6262, 0.3656 ], [ 15.5794, 0.3613 ], [ 15.5676, 0.3515 ], [ 15.5576, 0.3516 ], [ 15.5528, 0.3669 ], [ 15.5312, 0.3689 ], [ 15.5111, 0.3659 ], [ 15.5108, 0.3457 ], [ 15.5056, 0.3357 ], [ 15.476, 0.3631 ], [ 15.4577, 0.3668 ], [ 15.3726, 0.3666 ], [ 15.3627, 0.3719 ], [ 15.316, 0.3744 ], [ 15.3131, 0.4013 ], [ 15.2849, 0.4136 ], [ 15.2734, 0.4255 ], [ 15.2601, 0.4241 ], [ 15.2372, 0.4598 ], [ 15.2173, 0.4652 ], [ 15.2176, 0.482 ], [ 15.2278, 0.4953 ], [ 15.2162, 0.5039 ], [ 15.2097, 0.5141 ], [ 15.1979, 0.5042 ], [ 15.197, 0.4471 ], [ 15.1852, 0.4372 ], [ 15.1434, 0.4345 ], [ 15.1366, 0.4279 ], [ 15.1216, 0.4248 ], [ 15.1133, 0.4267 ], [ 15.0979, 0.4067 ], [ 15.0829, 0.407 ], [ 15.0576, 0.389 ], [ 15.0822, 0.3583 ], [ 15.1005, 0.3579 ], [ 15.16, 0.3165 ], [ 15.1762, 0.2877 ], [ 15.2191, 0.26 ], [ 15.2256, 0.2481 ], [ 15.2389, 0.2445 ], [ 15.2504, 0.2342 ], [ 15.267, 0.2272 ], [ 15.2685, 0.2154 ], [ 15.2667, 0.2037 ], [ 15.2532, 0.1989 ], [ 15.2464, 0.1872 ], [ 15.2426, 0.1587 ], [ 15.2357, 0.1453 ], [ 15.2189, 0.1355 ], [ 15.212, 0.1205 ], [ 15.1969, 0.1191 ], [ 15.1801, 0.1076 ], [ 15.1815, 0.0925 ], [ 15.1698, 0.0876 ], [ 15.1649, 0.0961 ], [ 15.155, 0.103 ], [ 15.1413, 0.0831 ], [ 15.1296, 0.0799 ], [ 15.1098, 0.0937 ], [ 15.0995, 0.0788 ], [ 15.0895, 0.0789 ], [ 15.076, 0.0674 ], [ 15.0643, 0.0659 ], [ 15.0558, 0.0526 ], [ 15.0442, 0.0579 ], [ 15.041, 0.0663 ], [ 15.0326, 0.0665 ], [ 15.0107, 0.0517 ], [ 15.0008, 0.0569 ], [ 15.006, 0.0737 ], [ 14.9926, 0.0705 ], [ 14.9587, 0.0358 ], [ 14.9565, -0.0028 ], [ 14.9662, -0.0232 ], [ 14.9654, -0.0753 ], [ 14.9735, -0.0889 ], [ 14.9796, -0.1277 ], [ 14.9799, -0.1882 ], [ 14.9729, -0.2352 ], [ 14.9793, -0.2505 ], [ 14.9927, -0.249 ], [ 15.0012, -0.2391 ], [ 15.0197, -0.2276 ], [ 15.0345, -0.2447 ], [ 15.0529, -0.2383 ], [ 15.0613, -0.2384 ], [ 15.0861, -0.2523 ], [ 15.1045, -0.2459 ], [ 15.1135, -0.204 ], [ 15.132, -0.1993 ], [ 15.1486, -0.1996 ], [ 15.1789, -0.185 ], [ 15.1922, -0.1852 ], [ 15.2055, -0.1905 ], [ 15.2292, -0.1707 ], [ 15.2375, -0.1709 ], [ 15.259, -0.183 ], [ 15.2605, -0.1982 ], [ 15.2669, -0.2151 ], [ 15.2734, -0.2236 ], [ 15.2883, -0.234 ], [ 15.3083, -0.2327 ], [ 15.3302, -0.2196 ], [ 15.3418, -0.2265 ], [ 15.3499, -0.2435 ], [ 15.3781, -0.249 ], [ 15.3863, -0.2609 ], [ 15.4129, -0.2698 ], [ 15.4277, -0.2801 ], [ 15.4481, -0.2553 ], [ 15.4732, -0.249 ], [ 15.5049, -0.2512 ], [ 15.525, -0.2482 ], [ 15.5368, -0.2383 ], [ 15.5668, -0.2422 ], [ 15.5798, -0.2609 ], [ 15.6148, -0.2666 ], [ 15.6313, -0.2787 ], [ 15.6498, -0.2689 ], [ 15.6731, -0.271 ], [ 15.6931, -0.2747 ], [ 15.7113, -0.2851 ], [ 15.7511, -0.2976 ], [ 15.7711, -0.2979 ], [ 15.7798, -0.2745 ], [ 15.79, -0.2629 ], [ 15.8151, -0.2583 ], [ 15.837, -0.2503 ], [ 15.8773, -0.2291 ], [ 15.899, -0.2295 ], [ 15.9293, -0.2099 ], [ 15.9651, -0.1668 ], [ 15.9753, -0.1501 ], [ 15.9838, -0.1435 ], [ 16.0408, -0.126 ], [ 16.091, -0.1168 ] ] ] } },
{ "type": "Feature", "properties": { "iso3": "COG", "unit_id": "80182663B88042315152380", "unit_name": "Mossaka" }, "geometry": { "type": "Polygon", "coordinates": [ [ [ 16.6735, 0.2211 ], [ 16.5119, 0.1315 ], [ 16.5224, 0.0522 ], [ 16.5202, 0.022 ], [ 16.5083, 0.0071 ], [ 16.4898, -0.0044 ], [ 16.4728, -0.0243 ], [ 16.4492, -0.0373 ], [ 16.091, -0.1168 ], [ 16.4359, -0.6846 ], [ 16.2954, -0.815 ], [ 16.338, -0.8662 ], [ 16.3719, -0.9391 ], [ 16.3748, -0.9694 ], [ 16.3862, -0.9898 ], [ 16.3956, -1.0253 ], [ 16.4245, -1.1015 ], [ 16.4457, -1.1288 ], [ 16.4688, -1.1493 ], [ 16.5036, -1.1651 ], [ 16.5493, -1.2281 ], [ 16.5803, -1.2774 ], [ 16.573, -1.3177 ], [ 16.5542, -1.3459 ], [ 16.5206, -1.3621 ], [ 16.512, -1.3738 ], [ 16.4969, -1.3802 ], [ 16.4865, -1.4053 ], [ 16.4575, -1.4485 ], [ 16.3946, -1.5214 ], [ 16.4296, -1.5271 ], [ 16.4192, -1.5521 ], [ 16.4392, -1.5525 ], [ 16.4494, -1.5409 ], [ 16.4612, -1.5343 ], [ 16.4726, -1.553 ], [ 16.4826, -1.5515 ], [ 16.4963, -1.5299 ], [ 16.5481, -1.5258 ], [ 16.5861, -1.5466 ], [ 16.5979, -1.5384 ], [ 16.594, -1.5753 ], [ 16.6069, -1.6042 ], [ 16.647, -1.6066 ], [ 16.7181, -1.4467 ], [ 16.8407, -1.2599 ], [ 16.9962, -1.1426 ], [ 17.0142, -1.1238 ], [ 16.8168, -0.3296 ], [ 16.6815, 0.2025 ], [ 16.6735, 0.2211 ] ] ] } },
{ "type": "Feature", "properties": { "iso3": "COG", "unit_id": "80182663B30139231532810", "unit_name": "Ngoko" }, "geometry": { "type": "Polygon", "coordinates": [ [ [ 15.3226, -0.7122 ], [ 15.3378, -0.7024 ], [ 15.3379, -0.6906 ], [ 15.3499, -0.6757 ], [ 15.3634, -0.6658 ], [ 15.407, -0.6464 ], [ 15.4192, -0.6164 ], [ 15.4264, -0.5795 ], [ 15.4288, -0.5308 ], [ 15.4442, -0.5058 ], [ 15.4882, -0.4662 ], [ 15.4938, -0.4327 ], [ 15.479, -0.419 ], [ 15.4204, -0.428 ], [ 15.3987, -0.4276 ], [ 15.3641, -0.4001 ], [ 15.3558, -0.4 ], [ 15.3473, -0.4066 ], [ 15.3155, -0.4144 ], [ 15.3037, -0.4226 ], [ 15.2651, -0.4354 ], [ 15.2501, -0.4335 ], [ 15.2367, -0.4416 ], [ 15.22, -0.443 ], [ 15.1948, -0.4544 ], [ 15.1634, -0.5005 ], [ 15.1179, -0.5316 ], [ 15.1111, -0.5399 ], [ 15.1238, -0.5855 ], [ 15.1234, -0.6073 ], [ 15.1179, -0.6442 ], [ 15.1094, -0.6541 ], [ 15.0985, -0.7094 ], [ 15.1177, -0.7618 ], [ 15.1387, -0.8058 ], [ 15.1566, -0.833 ], [ 15.1783, -0.8317 ], [ 15.1965, -0.8421 ], [ 15.2214, -0.8425 ], [ 15.2416, -0.8345 ], [ 15.2519, -0.8128 ], [ 15.262, -0.8063 ], [ 15.2639, -0.7895 ], [ 15.2775, -0.7763 ], [ 15.2812, -0.7512 ], [ 15.3226, -0.7122 ] ] ] } },
{ "type": "Feature", "properties": { "iso3": "COG", "unit_id": "80182663B5206392176312", "unit_name": "Ntokou" }, "geometry": { "type": "Polygon", "coordinates": [ [ [ 16.091, -0.1168 ], [ 16.4492, -0.0373 ], [ 16.4728, -0.0243 ], [ 16.4898, -0.0044 ], [ 16.5083, 0.0071 ], [ 16.5202, 0.022 ], [ 16.5224, 0.0522 ], [ 16.5119, 0.1315 ], [ 16.495, 0.1183 ], [ 16.4312, 0.0875 ], [ 16.3402, 0.0302 ], [ 16.327, 0.0405 ], [ 16.3223, 0.0625 ], [ 16.3039, 0.0611 ], [ 16.2859, 0.0799 ], [ 16.2676, 0.0836 ], [ 16.2342, 0.0842 ], [ 16.2343, 0.0909 ], [ 16.1844, 0.0968 ], [ 16.168, 0.119 ], [ 16.1563, 0.1175 ], [ 16.1343, 0.0994 ], [ 16.1195, 0.1097 ], [ 16.0912, 0.1136 ], [ 16.0714, 0.1307 ], [ 16.0819, 0.1608 ], [ 16.0822, 0.1793 ], [ 16.0676, 0.2099 ], [ 16.0463, 0.2338 ], [ 16.0467, 0.2556 ], [ 16.037, 0.276 ], [ 16.0222, 0.2897 ], [ 16.0056, 0.2967 ], [ 15.9822, 0.2971 ], [ 15.9786, 0.277 ], [ 15.9651, 0.2705 ], [ 15.9501, 0.2691 ], [ 15.935, 0.2609 ], [ 15.9246, 0.2393 ], [ 15.9258, 0.209 ], [ 15.937, 0.1785 ], [ 15.9415, 0.1482 ], [ 15.9513, 0.1312 ], [ 15.9792, 0.1038 ], [ 15.9954, 0.0715 ], [ 16.0017, 0.0462 ], [ 15.9981, 0.0278 ], [ 15.9793, -0.0005 ], [ 15.9792, -0.0089 ], [ 16.0054, -0.0396 ], [ 16.017, -0.0466 ], [ 16.0331, -0.0805 ], [ 16.0497, -0.0875 ], [ 16.091, -0.1168 ] ] ] } },
{ "type": "Feature", "properties": { "iso3": "COG", "unit_id": "80182663B78774886857105", "unit_name": "Owando" }, "geometry": { "type": "Polygon", "coordinates": [ [ [ 15.414, -0.8416 ], [ 15.4238, -0.8569 ], [ 15.442, -0.8657 ], [ 15.4621, -0.8643 ], [ 15.482, -0.8731 ], [ 15.502, -0.8718 ], [ 15.7125, -0.8813 ], [ 15.7437, -0.8844 ], [ 15.7569, -0.893 ], [ 15.8253, -0.8976 ], [ 15.8519, -0.9031 ], [ 15.8754, -0.8968 ], [ 15.8853, -0.9003 ], [ 15.9287, -0.9028 ], [ 15.9753, -0.9103 ], [ 16.0053, -0.9075 ], [ 16.0224, -0.8809 ], [ 16.0509, -0.8746 ], [ 16.0859, -0.8752 ], [ 16.1224, -0.8876 ], [ 16.1471, -0.9133 ], [ 16.1617, -0.9371 ], [ 16.4359, -0.6846 ], [ 16.091, -0.1168 ], [ 16.0408, -0.126 ], [ 15.9838, -0.1435 ], [ 15.9753, -0.1501 ], [ 15.9651, -0.1668 ], [ 15.9293, -0.2099 ], [ 15.899, -0.2295 ], [ 15.8773, -0.2291 ], [ 15.837, -0.2503 ], [ 15.8151, -0.2583 ], [ 15.79, -0.2629 ], [ 15.7798, -0.2745 ], [ 15.7711, -0.2979 ], [ 15.7511, -0.2976 ], [ 15.7113, -0.2851 ], [ 15.6931, -0.2747 ], [ 15.6731, -0.271 ], [ 15.6498, -0.2689 ], [ 15.6313, -0.2787 ], [ 15.6148, -0.2666 ], [ 15.5798, -0.2609 ], [ 15.5668, -0.2422 ], [ 15.5368, -0.2383 ], [ 15.525, -0.2482 ], [ 15.5049, -0.2512 ], [ 15.4732, -0.249 ], [ 15.4481, -0.2553 ], [ 15.4277, -0.2801 ], [ 15.4129, -0.2698 ], [ 15.3863, -0.2609 ], [ 15.3781, -0.249 ], [ 15.3499, -0.2435 ], [ 15.3418, -0.2265 ], [ 15.3302, -0.2196 ], [ 15.3083, -0.2327 ], [ 15.2883, -0.234 ], [ 15.2734, -0.2236 ], [ 15.2669, -0.2151 ], [ 15.2605, -0.1982 ], [ 15.259, -0.183 ], [ 15.2375, -0.1709 ], [ 15.2292, -0.1707 ], [ 15.2055, -0.1905 ], [ 15.1922, -0.1852 ], [ 15.1789, -0.185 ], [ 15.1486, -0.1996 ], [ 15.132, -0.1993 ], [ 15.1135, -0.204 ], [ 15.1045, -0.2459 ], [ 15.0861, -0.2523 ], [ 15.1094, -0.2561 ], [ 15.1125, -0.2713 ], [ 15.129, -0.2833 ], [ 15.1387, -0.3037 ], [ 15.1201, -0.3202 ], [ 15.1064, -0.3418 ], [ 15.1061, -0.3586 ], [ 15.1159, -0.3739 ], [ 15.1373, -0.3911 ], [ 15.1948, -0.4544 ], [ 15.22, -0.443 ], [ 15.2367, -0.4416 ], [ 15.2501, -0.4335 ], [ 15.2651, -0.4354 ], [ 15.2853, -0.429 ], [ 15.3037, -0.4226 ], [ 15.3155, -0.4144 ], [ 15.3473, -0.4066 ], [ 15.3558, -0.4 ], [ 15.3641, -0.4001 ], [ 15.3987, -0.4276 ], [ 15.4204, -0.428 ], [ 15.479, -0.419 ], [ 15.4938, -0.4327 ], [ 15.4882, -0.4662 ], [ 15.4442, -0.5058 ], [ 15.4288, -0.5308 ], [ 15.4264, -0.5795 ], [ 15.4192, -0.6164 ], [ 15.407, -0.6464 ], [ 15.3634, -0.6658 ], [ 15.3499, -0.6757 ], [ 15.3379, -0.6906 ], [ 15.3378, -0.7024 ], [ 15.3226, -0.7122 ], [ 15.329, -0.7275 ], [ 15.3318, -0.7662 ], [ 15.3383, -0.7781 ], [ 15.3682, -0.787 ], [ 15.3796, -0.799 ], [ 15.4011, -0.8128 ], [ 15.4126, -0.8265 ], [ 15.414, -0.8416 ] ] ] } },
{ "type": "Feature", "properties": { "iso3": "COG", "unit_id": "80182663B49517741430039", "unit_name": "Oyo" }, "geometry": { "type": "Polygon", "coordinates": [ [ [ 15.4894, -0.9766 ], [ 15.5161, -0.9737 ], [ 15.5327, -0.9773 ], [ 15.5394, -0.9707 ], [ 15.5396, -0.959 ], [ 15.5464, -0.9524 ], [ 15.5614, -0.9509 ], [ 15.5763, -0.9596 ], [ 15.5864, -0.9531 ], [ 15.6264, -0.9538 ], [ 15.6445, -0.9692 ], [ 15.6879, -0.9582 ], [ 15.6978, -0.9651 ], [ 15.7111, -0.967 ], [ 15.7142, -0.9822 ], [ 15.7292, -0.9858 ], [ 15.7273, -1.0026 ], [ 15.7304, -1.016 ], [ 15.757, -1.0165 ], [ 15.7586, -1.0249 ], [ 15.7815, -1.0489 ], [ 15.8049, -1.0476 ], [ 15.8282, -1.0513 ], [ 15.8399, -1.0482 ], [ 15.8514, -1.0602 ], [ 15.8594, -1.0771 ], [ 15.8795, -1.0741 ], [ 15.8826, -1.0842 ], [ 15.8792, -1.0942 ], [ 15.8958, -1.0979 ], [ 15.9024, -1.103 ], [ 15.9071, -1.1166 ], [ 15.9269, -1.1354 ], [ 15.9232, -1.1538 ], [ 15.9365, -1.1607 ], [ 15.9434, -1.1441 ], [ 15.95, -1.1442 ], [ 15.9565, -1.1561 ], [ 15.9578, -1.183 ], [ 15.9626, -1.1965 ], [ 15.9826, -1.1968 ], [ 15.9927, -1.1869 ], [ 16.0026, -1.1972 ], [ 16.0158, -1.2008 ], [ 16.0226, -1.1942 ], [ 16.0325, -1.1994 ], [ 16.0373, -1.2129 ], [ 16.0522, -1.2199 ], [ 16.0554, -1.23 ], [ 16.067, -1.2353 ], [ 16.1077, -1.1889 ], [ 16.1111, -1.1806 ], [ 16.1467, -1.1443 ], [ 16.1502, -1.1359 ], [ 16.1506, -1.1091 ], [ 16.1623, -1.1025 ], [ 16.1671, -1.0069 ], [ 16.1617, -0.9371 ], [ 16.1471, -0.9133 ], [ 16.1224, -0.8876 ], [ 16.0859, -0.8752 ], [ 16.0509, -0.8746 ], [ 16.0224, -0.8809 ], [ 16.0053, -0.9075 ], [ 15.9753, -0.9103 ], [ 15.9287, -0.9028 ], [ 15.8853, -0.9003 ], [ 15.8754, -0.8968 ], [ 15.8519, -0.9031 ], [ 15.8253, -0.8976 ], [ 15.7569, -0.893 ], [ 15.7437, -0.8844 ], [ 15.7125, -0.8813 ], [ 15.502, -0.8718 ], [ 15.482, -0.8731 ], [ 15.4621, -0.8643 ], [ 15.442, -0.8657 ], [ 15.4238, -0.8569 ], [ 15.414, -0.8416 ], [ 15.4192, -0.8762 ], [ 15.4324, -0.8899 ], [ 15.4371, -0.9085 ], [ 15.4334, -0.9319 ], [ 15.4431, -0.9522 ], [ 15.4894, -0.9715 ], [ 15.4894, -0.9766 ] ] ] } },
{ "type": "Feature", "properties": { "iso3": "COG", "unit_id": "80182663B43912988271745", "unit_name": "Tchikapika" }, "geometry": { "type": "Polygon", "coordinates": [ [ [ 16.2954, -0.815 ], [ 16.1617, -0.9371 ], [ 16.1671, -1.0069 ], [ 16.1623, -1.1025 ], [ 16.1506, -1.1091 ], [ 16.1502, -1.1359 ], [ 16.1467, -1.1443 ], [ 16.1111, -1.1806 ], [ 16.1077, -1.1889 ], [ 16.067, -1.2353 ], [ 16.0848, -1.2521 ], [ 16.0932, -1.2455 ], [ 16.095, -1.2371 ], [ 16.1017, -1.2339 ], [ 16.1164, -1.251 ], [ 16.1413, -1.2598 ], [ 16.1344, -1.2765 ], [ 16.1476, -1.2817 ], [ 16.1728, -1.2721 ], [ 16.1859, -1.2857 ], [ 16.1956, -1.3044 ], [ 16.2071, -1.3113 ], [ 16.2338, -1.3118 ], [ 16.2486, -1.3204 ], [ 16.2587, -1.3156 ], [ 16.2633, -1.3392 ], [ 16.2799, -1.3445 ], [ 16.2763, -1.3646 ], [ 16.2945, -1.3699 ], [ 16.3007, -1.4036 ], [ 16.3104, -1.4223 ], [ 16.3119, -1.434 ], [ 16.3067, -1.4457 ], [ 16.3183, -1.4493 ], [ 16.318, -1.4661 ], [ 16.3293, -1.4914 ], [ 16.3392, -1.4983 ], [ 16.3576, -1.4919 ], [ 16.384, -1.5092 ], [ 16.3946, -1.5214 ], [ 16.4575, -1.4485 ], [ 16.4865, -1.4053 ], [ 16.4969, -1.3802 ], [ 16.512, -1.3738 ], [ 16.5206, -1.3621 ], [ 16.5542, -1.3459 ], [ 16.573, -1.3177 ], [ 16.5803, -1.2774 ], [ 16.5493, -1.2281 ], [ 16.5036, -1.1651 ], [ 16.4688, -1.1493 ], [ 16.4457, -1.1288 ], [ 16.4245, -1.1015 ], [ 16.3956, -1.0253 ], [ 16.3862, -0.9898 ], [ 16.3748, -0.9694 ], [ 16.3719, -0.9391 ], [ 16.338, -0.8662 ], [ 16.2954, -0.815 ] ] ] } },
{ "type": "Feature", "properties": { "iso3": "COG", "unit_id": "80182663B30903293021668", "unit_name": "Etoumbi" }, "geometry": { "type": "Polygon", "coordinates": [ [ [ 14.9926, 0.0705 ], [ 14.9762, 0.0876 ], [ 14.9214, 0.1037 ], [ 14.9013, 0.1007 ], [ 14.8847, 0.1044 ], [ 14.858, 0.1032 ], [ 14.8061, 0.0906 ], [ 14.7377, 0.0918 ], [ 14.6654, 0.0558 ], [ 14.6502, 0.0443 ], [ 14.6315, 0.0194 ], [ 14.6274, -0.0275 ], [ 14.6354, -0.0495 ], [ 14.6453, -0.0598 ], [ 14.6899, -0.0807 ], [ 14.6998, -0.0876 ], [ 14.6981, -0.0926 ], [ 14.6796, -0.1057 ], [ 14.6676, -0.1223 ], [ 14.6288, -0.1519 ], [ 14.6167, -0.1802 ], [ 14.6089, -0.254 ], [ 14.5902, -0.2822 ], [ 14.57, -0.2953 ], [ 14.5381, -0.3082 ], [ 14.4963, -0.3175 ], [ 14.4775, -0.3491 ], [ 14.3691, -0.4581 ], [ 14.3683, -0.4622 ], [ 14.4008, -0.4771 ], [ 14.4297, -0.5182 ], [ 14.4632, -0.5517 ], [ 14.4825, -0.5888 ], [ 14.494, -0.6201 ], [ 14.57, -0.6161 ], [ 14.5751, -0.6095 ], [ 14.5821, -0.5861 ], [ 14.5939, -0.5779 ], [ 14.5943, -0.5527 ], [ 14.6079, -0.5362 ], [ 14.6163, -0.5313 ], [ 14.6297, -0.5298 ], [ 14.6382, -0.5182 ], [ 14.6515, -0.5168 ], [ 14.6887, -0.4838 ], [ 14.7077, -0.4388 ], [ 14.7047, -0.4169 ], [ 14.7198, -0.4105 ], [ 14.73, -0.4022 ], [ 14.7706, -0.3593 ], [ 14.7872, -0.368 ], [ 14.7887, -0.3747 ], [ 14.8137, -0.3785 ], [ 14.8566, -0.2986 ], [ 14.8852, -0.279 ], [ 14.8987, -0.2641 ], [ 14.8977, -0.2221 ], [ 14.9098, -0.1954 ], [ 14.9183, -0.1872 ], [ 14.9383, -0.1842 ], [ 14.9785, -0.1714 ], [ 14.9796, -0.1277 ], [ 14.9735, -0.0889 ], [ 14.9654, -0.0753 ], [ 14.9662, -0.0232 ], [ 14.9565, -0.0028 ], [ 14.9567, 0.014 ], [ 14.9587, 0.0358 ], [ 14.9926, 0.0705 ] ] ] } },
{ "type": "Feature", "properties": { "iso3": "COG", "unit_id": "80182663B64041763384949", "unit_name": "Ewo" }, "geometry": { "type": "Polygon", "coordinates": [ [ [ 14.9535, -0.7102 ], [ 14.8884, -0.7191 ], [ 14.8816, -0.7257 ], [ 14.8795, -0.7543 ], [ 14.8725, -0.7776 ], [ 14.8323, -0.7887 ], [ 14.8205, -0.7986 ], [ 14.8038, -0.8016 ], [ 14.786, -0.7677 ], [ 14.768, -0.7422 ], [ 14.7165, -0.7329 ], [ 14.7167, -0.7229 ], [ 14.6886, -0.7089 ], [ 14.6454, -0.6964 ], [ 14.6389, -0.6896 ], [ 14.6121, -0.6958 ], [ 14.6037, -0.7007 ], [ 14.549, -0.6796 ], [ 14.5326, -0.6676 ], [ 14.4992, -0.667 ], [ 14.4987, -0.6809 ], [ 14.4865, -0.7161 ], [ 14.4709, -0.7412 ], [ 14.4586, -0.8012 ], [ 14.4408, -0.8525 ], [ 14.4304, -0.8726 ], [ 14.4156, -0.888 ], [ 14.4102, -0.909 ], [ 14.4195, -0.9429 ], [ 14.423, -1.0006 ], [ 14.4652, -1.185 ], [ 14.4856, -1.2601 ], [ 14.483, -1.2835 ], [ 14.4792, -1.291 ], [ 14.5485, -1.2558 ], [ 14.5651, -1.2561 ], [ 14.603, -1.2836 ], [ 14.613, -1.2838 ], [ 14.6232, -1.2756 ], [ 14.6337, -1.2388 ], [ 14.6457, -1.2188 ], [ 14.6625, -1.2124 ], [ 14.6791, -1.211 ], [ 14.6941, -1.2163 ], [ 14.7158, -1.2133 ], [ 14.7293, -1.2001 ], [ 14.7458, -1.2088 ], [ 14.7608, -1.2108 ], [ 14.7775, -1.2077 ], [ 14.7979, -1.1845 ], [ 14.8078, -1.1914 ], [ 14.8279, -1.1817 ], [ 14.8483, -1.1535 ], [ 14.8568, -1.1486 ], [ 14.8766, -1.1574 ], [ 14.8964, -1.1711 ], [ 14.9381, -1.1719 ], [ 14.9551, -1.1453 ], [ 14.9811, -1.0853 ], [ 14.9962, -1.0738 ], [ 15.0163, -1.0691 ], [ 15.0625, -0.9893 ], [ 15.0778, -0.9744 ], [ 15.1181, -0.9516 ], [ 15.14, -0.9352 ], [ 15.1485, -0.9236 ], [ 15.1488, -0.9068 ], [ 15.1608, -0.8818 ], [ 15.1561, -0.8666 ], [ 15.1429, -0.8596 ], [ 15.1315, -0.841 ], [ 15.0953, -0.8084 ], [ 15.0938, -0.7983 ], [ 15.0856, -0.7914 ], [ 15.064, -0.7877 ], [ 15.0627, -0.7608 ], [ 15.0527, -0.764 ], [ 15.0344, -0.762 ], [ 15.0212, -0.755 ], [ 15.0144, -0.7633 ], [ 14.9977, -0.763 ], [ 14.9928, -0.7562 ], [ 14.9629, -0.7473 ], [ 14.9535, -0.7102 ] ] ] } },
{ "type": "Feature", "properties": { "iso3": "COG", "unit_id": "80182663B79356755908168", "unit_name": "Kelle" }, "geometry": { "type": "Polygon", "coordinates": [ [ [ 14.7377, 0.0918 ], [ 14.716, 0.0956 ], [ 14.6896, 0.1112 ], [ 14.6762, 0.1114 ], [ 14.668, 0.1183 ], [ 14.6415, 0.1305 ], [ 14.58, 0.145 ], [ 14.5666, 0.1402 ], [ 14.5232, 0.141 ], [ 14.5197, 0.1293 ], [ 14.5046, 0.1262 ], [ 14.5015, 0.1413 ], [ 14.4947, 0.1314 ], [ 14.4865, 0.1382 ], [ 14.4917, 0.1533 ], [ 14.4783, 0.1535 ], [ 14.4699, 0.1453 ], [ 14.465, 0.1504 ], [ 14.4635, 0.1672 ], [ 14.4187, 0.1798 ], [ 14.4034, 0.1649 ], [ 14.3787, 0.1805 ], [ 14.3538, 0.1893 ], [ 14.3489, 0.1978 ], [ 14.2977, 0.2324 ], [ 14.2978, 0.2391 ], [ 14.2727, 0.2362 ], [ 14.2628, 0.2414 ], [ 14.2128, 0.2439 ], [ 14.2062, 0.2525 ], [ 14.1746, 0.2547 ], [ 14.1511, 0.2484 ], [ 14.1328, 0.2504 ], [ 14.118, 0.2641 ], [ 14.0948, 0.2779 ], [ 14.09, 0.2864 ], [ 14.0603, 0.3105 ], [ 14.0555, 0.3224 ], [ 14.0472, 0.3276 ], [ 14.0458, 0.3444 ], [ 14.0377, 0.358 ], [ 14.0346, 0.3732 ], [ 14.0381, 0.3866 ], [ 14.0321, 0.3993 ], [ 14.0226, 0.391 ], [ 14.0103, 0.3882 ], [ 13.9895, 0.3762 ], [ 13.9777, 0.3622 ], [ 13.9674, 0.3365 ], [ 13.9615, 0.3367 ], [ 13.9574, 0.3293 ], [ 13.9478, 0.3254 ], [ 13.9417, 0.3157 ], [ 13.9421, 0.3107 ], [ 13.9492, 0.3073 ], [ 13.9378, 0.2964 ], [ 13.9449, 0.2898 ], [ 13.9349, 0.2886 ], [ 13.9337, 0.2859 ], [ 13.942, 0.268 ], [ 13.926, 0.2643 ], [ 13.9212, 0.2537 ], [ 13.8959, 0.2353 ], [ 13.8944, 0.2155 ], [ 13.9008, 0.21 ], [ 13.8887, 0.2027 ], [ 13.9061, 0.1781 ], [ 13.9054, 0.1683 ], [ 13.917, 0.1545 ], [ 13.9264, 0.1313 ], [ 13.9278, 0.1207 ], [ 13.9233, 0.1028 ], [ 13.9146, 0.0906 ], [ 13.9149, 0.0842 ], [ 13.9217, 0.073 ], [ 13.9238, 0.0505 ], [ 13.9289, 0.0447 ], [ 13.9412, 0.0487 ], [ 13.9539, 0.0457 ], [ 13.9585, 0.0413 ], [ 13.9585, 0.0308 ], [ 13.9492, 0.0044 ], [ 13.9335, 0.0 ], [ 13.9348, -0.0323 ], [ 13.9268, -0.0835 ], [ 13.9153, -0.1161 ], [ 13.8933, -0.1444 ], [ 13.8876, -0.1585 ], [ 13.8868, -0.1881 ], [ 13.8954, -0.2122 ], [ 13.9048, -0.2245 ], [ 13.9396, -0.2501 ], [ 13.9462, -0.2483 ], [ 13.9536, -0.2306 ], [ 13.9609, -0.2232 ], [ 13.9848, -0.2231 ], [ 14.0187, -0.2356 ], [ 14.101, -0.2782 ], [ 14.1502, -0.3125 ], [ 14.1628, -0.3299 ], [ 14.1723, -0.3634 ], [ 14.173, -0.4231 ], [ 14.1767, -0.4396 ], [ 14.192, -0.4416 ], [ 14.229, -0.4328 ], [ 14.2529, -0.4329 ], [ 14.3144, -0.4577 ], [ 14.3683, -0.4622 ], [ 14.3691, -0.4581 ], [ 14.42, -0.4052 ], [ 14.4775, -0.3491 ], [ 14.4963, -0.3175 ], [ 14.5381, -0.3082 ], [ 14.57, -0.2953 ], [ 14.5902, -0.2822 ], [ 14.6089, -0.254 ], [ 14.6167, -0.1802 ], [ 14.6288, -0.1519 ], [ 14.6676, -0.1223 ], [ 14.6796, -0.1057 ], [ 14.6981, -0.0926 ], [ 14.6998, -0.0876 ], [ 14.6453, -0.0598 ], [ 14.6354, -0.0495 ], [ 14.6274, -0.0275 ], [ 14.6315, 0.0194 ], [ 14.6502, 0.0443 ], [ 14.6654, 0.0558 ], [ 14.7377, 0.0918 ] ] ] } },
{ "type": "Feature", "properties": { "iso3": "COG", "unit_id": "80182663B40065317534", "unit_name": "Mbama" }, "geometry": { "type": "Polygon", "coordinates": [ [ [ 15.0875, -0.5597 ], [ 15.1179, -0.5316 ], [ 15.1634, -0.5005 ], [ 15.1948, -0.4544 ], [ 15.1373, -0.3911 ], [ 15.1159, -0.3739 ], [ 15.1061, -0.3586 ], [ 15.1064, -0.3418 ], [ 15.1201, -0.3202 ], [ 15.1387, -0.3037 ], [ 15.129, -0.2833 ], [ 15.1125, -0.2713 ], [ 15.1094, -0.2561 ], [ 15.0861, -0.2523 ], [ 15.0613, -0.2384 ], [ 15.0529, -0.2383 ], [ 15.0345, -0.2447 ], [ 15.0197, -0.2276 ], [ 15.0012, -0.2391 ], [ 14.9927, -0.249 ], [ 14.9793, -0.2505 ], [ 14.9729, -0.2352 ], [ 14.9799, -0.1882 ], [ 14.9785, -0.1714 ], [ 14.9383, -0.1842 ], [ 14.9183, -0.1872 ], [ 14.9098, -0.1954 ], [ 14.8977, -0.2221 ], [ 14.8987, -0.2641 ], [ 14.8852, -0.279 ], [ 14.8566, -0.2986 ], [ 14.8137, -0.3785 ], [ 14.7887, -0.3747 ], [ 14.7872, -0.368 ], [ 14.7706, -0.3593 ], [ 14.73, -0.4022 ], [ 14.7198, -0.4105 ], [ 14.7047, -0.4169 ], [ 14.7077, -0.4388 ], [ 14.6887, -0.4838 ], [ 14.6515, -0.5168 ], [ 14.6382, -0.5182 ], [ 14.6297, -0.5298 ], [ 14.6163, -0.5313 ], [ 14.6079, -0.5362 ], [ 14.5943, -0.5527 ], [ 14.5939, -0.5779 ], [ 14.5821, -0.5861 ], [ 14.5751, -0.6095 ], [ 14.57, -0.6161 ], [ 14.494, -0.6201 ], [ 14.4992, -0.667 ], [ 14.5326, -0.6676 ], [ 14.549, -0.6796 ], [ 14.6037, -0.7007 ], [ 14.6121, -0.6958 ], [ 14.6389, -0.6896 ], [ 14.6454, -0.6964 ], [ 14.6886, -0.7089 ], [ 14.7167, -0.7229 ], [ 14.7165, -0.7329 ], [ 14.768, -0.7422 ], [ 14.786, -0.7677 ], [ 14.8038, -0.8016 ], [ 14.8205, -0.7986 ], [ 14.8323, -0.7887 ], [ 14.8725, -0.7776 ], [ 14.8795, -0.7543 ], [ 14.8816, -0.7257 ], [ 14.8884, -0.7191 ], [ 14.9702, -0.7088 ], [ 15.004, -0.6758 ], [ 15.0093, -0.6574 ], [ 15.0367, -0.6092 ], [ 15.0551, -0.6095 ], [ 15.0554, -0.591 ], [ 15.0638, -0.5861 ], [ 15.0707, -0.5695 ], [ 15.0875, -0.5597 ] ] ] } },
{ "type": "Feature", "properties": { "iso3": "COG", "unit_id": "80182663B41357674784610", "unit_name": "Mbomo" }, "geometry": { "type": "Polygon", "coordinates": [ [ [ 15.203, 0.5109 ], [ 15.1863, 0.5112 ], [ 15.1764, 0.5164 ], [ 15.1683, 0.535 ], [ 15.1469, 0.5522 ], [ 15.1203, 0.5594 ], [ 15.0744, 0.6107 ], [ 15.0545, 0.6177 ], [ 15.0138, 0.684 ], [ 15.0108, 0.7043 ], [ 15.0277, 0.7225 ], [ 15.0363, 0.7375 ], [ 15.0383, 0.7593 ], [ 15.0606, 0.7959 ], [ 15.0707, 0.8025 ], [ 15.0857, 0.8022 ], [ 15.096, 0.8222 ], [ 15.0895, 0.8341 ], [ 15.103, 0.8423 ], [ 15.1049, 0.8557 ], [ 15.1184, 0.8672 ], [ 15.1236, 0.8823 ], [ 15.1116, 0.9682 ], [ 15.1005, 1.0038 ], [ 15.0677, 1.0447 ], [ 15.0529, 1.0534 ], [ 14.9926, 1.0376 ], [ 14.9659, 1.0414 ], [ 14.8998, 1.0813 ], [ 14.89, 1.0932 ], [ 14.8716, 1.0918 ], [ 14.8634, 1.1021 ], [ 14.8433, 1.0991 ], [ 14.8219, 1.1129 ], [ 14.804, 1.1468 ], [ 14.7643, 1.166 ], [ 14.7393, 1.1715 ], [ 14.7227, 1.1718 ], [ 14.7042, 1.162 ], [ 14.6944, 1.179 ], [ 14.6759, 1.1693 ], [ 14.6595, 1.188 ], [ 14.6429, 1.1951 ], [ 14.6228, 1.1904 ], [ 14.613, 1.1989 ], [ 14.593, 1.2043 ], [ 14.578, 1.2046 ], [ 14.5468, 1.2337 ], [ 14.5152, 1.241 ], [ 14.5205, 1.2645 ], [ 14.519, 1.2763 ], [ 14.506, 1.2984 ], [ 14.5129, 1.3134 ], [ 14.5014, 1.3237 ], [ 14.5049, 1.3337 ], [ 14.4986, 1.354 ], [ 14.4725, 1.3931 ], [ 14.4474, 1.3902 ], [ 14.4054, 1.3724 ], [ 14.3854, 1.3762 ], [ 14.3603, 1.3665 ], [ 14.2526, 1.358 ], [ 14.2589, 1.3511 ], [ 14.279, 1.3412 ], [ 14.2967, 1.3053 ], [ 14.3054, 1.2998 ], [ 14.3056, 1.2697 ], [ 14.295, 1.2412 ], [ 14.2962, 1.2336 ], [ 14.3092, 1.2265 ], [ 14.3103, 1.2173 ], [ 14.324, 1.2103 ], [ 14.329, 1.2041 ], [ 14.3354, 1.1883 ], [ 14.3438, 1.1774 ], [ 14.3467, 1.1457 ], [ 14.3987, 1.0898 ], [ 14.4018, 1.0718 ], [ 14.3998, 1.0574 ], [ 14.4123, 1.0353 ], [ 14.438, 0.97 ], [ 14.4452, 0.9605 ], [ 14.4676, 0.9511 ], [ 14.4772, 0.9377 ], [ 14.498, 0.9286 ], [ 14.5023, 0.9059 ], [ 14.4932, 0.8905 ], [ 14.4916, 0.8799 ], [ 14.4878, 0.8767 ], [ 14.4654, 0.8744 ], [ 14.4711, 0.8647 ], [ 14.477, 0.8629 ], [ 14.4837, 0.8487 ], [ 14.4887, 0.8252 ], [ 14.4727, 0.8128 ], [ 14.4641, 0.7894 ], [ 14.431, 0.7753 ], [ 14.4146, 0.7526 ], [ 14.4153, 0.7422 ], [ 14.402, 0.7303 ], [ 14.3934, 0.7273 ], [ 14.3785, 0.7031 ], [ 14.368, 0.6985 ], [ 14.3596, 0.6725 ], [ 14.3706, 0.6613 ], [ 14.3845, 0.6374 ], [ 14.3656, 0.6291 ], [ 14.3583, 0.6172 ], [ 14.3499, 0.6107 ], [ 14.3389, 0.61 ], [ 14.3225, 0.593 ], [ 14.3109, 0.5916 ], [ 14.2951, 0.5804 ], [ 14.2937, 0.57 ], [ 14.2835, 0.5558 ], [ 14.2892, 0.5438 ], [ 14.2579, 0.5484 ], [ 14.2349, 0.5366 ], [ 14.2228, 0.5364 ], [ 14.2155, 0.5403 ], [ 14.2095, 0.5495 ], [ 14.1988, 0.5508 ], [ 14.1787, 0.543 ], [ 14.152, 0.5552 ], [ 14.1196, 0.5583 ], [ 14.1066, 0.5498 ], [ 14.0827, 0.5213 ], [ 14.0708, 0.4939 ], [ 14.0722, 0.4896 ], [ 14.0925, 0.4744 ], [ 14.093, 0.4694 ], [ 14.0746, 0.4473 ], [ 14.0732, 0.4299 ], [ 14.0664, 0.4197 ], [ 14.0513, 0.4071 ], [ 14.0381, 0.4045 ], [ 14.0321, 0.3993 ], [ 14.0381, 0.3866 ], [ 14.0346, 0.3732 ], [ 14.0377, 0.358 ], [ 14.0458, 0.3444 ], [ 14.0472, 0.3276 ], [ 14.0555, 0.3224 ], [ 14.0603, 0.3105 ], [ 14.09, 0.2864 ], [ 14.0948, 0.2779 ], [ 14.118, 0.2641 ], [ 14.1328, 0.2504 ], [ 14.1511, 0.2484 ], [ 14.1746, 0.2547 ], [ 14.2062, 0.2525 ], [ 14.2128, 0.2439 ], [ 14.2628, 0.2414 ], [ 14.2727, 0.2362 ], [ 14.2978, 0.2391 ], [ 14.2977, 0.2324 ], [ 14.3489, 0.1978 ], [ 14.3538, 0.1893 ], [ 14.3787, 0.1805 ], [ 14.4034, 0.1649 ], [ 14.4187, 0.1798 ], [ 14.4635, 0.1672 ], [ 14.465, 0.1504 ], [ 14.4699, 0.1453 ], [ 14.4783, 0.1535 ], [ 14.4917, 0.1533 ], [ 14.4865, 0.1382 ], [ 14.4947, 0.1314 ], [ 14.5015, 0.1413 ], [ 14.5046, 0.1262 ], [ 14.5197, 0.1293 ], [ 14.5232, 0.141 ], [ 14.5666, 0.1402 ], [ 14.58, 0.145 ], [ 14.6415, 0.1305 ], [ 14.668, 0.1183 ], [ 14.6762, 0.1114 ], [ 14.6896, 0.1112 ], [ 14.7012, 0.1059 ], [ 14.716, 0.0956 ], [ 14.7477, 0.09 ], [ 14.8061, 0.0906 ], [ 14.858, 0.1032 ], [ 14.8847, 0.1044 ], [ 14.9013, 0.1007 ], [ 14.9214, 0.1037 ], [ 14.9762, 0.0876 ], [ 14.9926, 0.0705 ], [ 15.006, 0.0737 ], [ 15.0008, 0.0569 ], [ 15.0107, 0.0517 ], [ 15.0326, 0.0665 ], [ 15.041, 0.0663 ], [ 15.0442, 0.0579 ], [ 15.0558, 0.0526 ], [ 15.0643, 0.0659 ], [ 15.076, 0.0674 ], [ 15.0895, 0.0789 ], [ 15.0995, 0.0788 ], [ 15.1098, 0.0937 ], [ 15.1296, 0.0799 ], [ 15.1413, 0.0831 ], [ 15.155, 0.103 ], [ 15.1649, 0.0961 ], [ 15.1698, 0.0876 ], [ 15.1815, 0.0925 ], [ 15.1801, 0.1076 ], [ 15.1969, 0.1191 ], [ 15.212, 0.1205 ], [ 15.2189, 0.1355 ], [ 15.2357, 0.1453 ], [ 15.2426, 0.1587 ], [ 15.2464, 0.1872 ], [ 15.2532, 0.1989 ], [ 15.2667, 0.2037 ], [ 15.267, 0.2272 ], [ 15.2504, 0.2342 ], [ 15.2389, 0.2445 ], [ 15.2256, 0.2481 ], [ 15.2191, 0.26 ], [ 15.1762, 0.2877 ], [ 15.16, 0.3165 ], [ 15.1269, 0.3373 ], [ 15.1154, 0.3493 ], [ 15.1005, 0.3579 ], [ 15.0822, 0.3583 ], [ 15.0576, 0.389 ], [ 15.0829, 0.407 ], [ 15.0979, 0.4067 ], [ 15.1133, 0.4267 ], [ 15.1216, 0.4248 ], [ 15.1366, 0.4279 ], [ 15.1434, 0.4345 ], [ 15.1852, 0.4372 ], [ 15.197, 0.4471 ], [ 15.1979, 0.5042 ], [ 15.203, 0.5109 ] ] ] } },
{ "type": "Feature", "properties": { "iso3": "COG", "unit_id": "80182663B58008535354878", "unit_name": "Okoyo" }, "geometry": { "type": "Polygon", "coordinates": [ [ [ 15.0215, -1.0574 ], [ 15.0163, -1.0691 ], [ 14.9962, -1.0738 ], [ 14.9811, -1.0853 ], [ 14.9551, -1.1453 ], [ 14.9381, -1.1719 ], [ 14.8964, -1.1711 ], [ 14.8766, -1.1574 ], [ 14.8568, -1.1486 ], [ 14.8483, -1.1535 ], [ 14.8279, -1.1817 ], [ 14.8078, -1.1914 ], [ 14.7979, -1.1845 ], [ 14.7775, -1.2077 ], [ 14.7608, -1.2108 ], [ 14.7458, -1.2088 ], [ 14.7293, -1.2001 ], [ 14.7158, -1.2133 ], [ 14.6941, -1.2163 ], [ 14.6791, -1.211 ], [ 14.6625, -1.2124 ], [ 14.6457, -1.2188 ], [ 14.6337, -1.2388 ], [ 14.6232, -1.2756 ], [ 14.613, -1.2838 ], [ 14.603, -1.2836 ], [ 14.5651, -1.2561 ], [ 14.5485, -1.2558 ], [ 14.4792, -1.291 ], [ 14.4596, -1.3236 ], [ 14.4531, -1.3409 ], [ 14.4523, -1.365 ], [ 14.4573, -1.376 ], [ 14.4956, -1.4069 ], [ 14.5009, -1.4147 ], [ 14.5017, -1.4253 ], [ 14.4985, -1.4329 ], [ 14.4662, -1.4594 ], [ 14.4626, -1.4698 ], [ 14.4822, -1.5077 ], [ 14.4853, -1.5336 ], [ 14.4737, -1.5525 ], [ 14.3843, -1.5971 ], [ 14.377, -1.6017 ], [ 14.3745, -1.61 ], [ 14.3812, -1.63 ], [ 14.3918, -1.6446 ], [ 14.4024, -1.6547 ], [ 14.4388, -1.6741 ], [ 14.4475, -1.6832 ], [ 14.4512, -1.6924 ], [ 14.442, -1.7073 ], [ 14.4267, -1.7197 ], [ 14.4208, -1.7287 ], [ 14.4138, -1.8039 ], [ 14.4019, -1.8437 ], [ 14.4006, -1.872 ], [ 14.382, -1.8882 ], [ 14.381, -1.9567 ], [ 14.3756, -1.9801 ], [ 14.3935, -2.0123 ], [ 14.4597, -2.0387 ], [ 14.4782, -2.0289 ], [ 14.5117, -2.0178 ], [ 14.5153, -2.0027 ], [ 14.5255, -1.9878 ], [ 14.5373, -1.9812 ], [ 14.5471, -1.9898 ], [ 14.5928, -1.9436 ], [ 14.6167, -1.907 ], [ 14.6455, -1.8807 ], [ 14.6523, -1.8674 ], [ 14.646, -1.8454 ], [ 14.6678, -1.8357 ], [ 14.6796, -1.8258 ], [ 14.6832, -1.8091 ], [ 14.6952, -1.7925 ], [ 14.7305, -1.7696 ], [ 14.7341, -1.7512 ], [ 14.7528, -1.7263 ], [ 14.7533, -1.6961 ], [ 14.7602, -1.6828 ], [ 14.772, -1.6746 ], [ 14.7856, -1.6563 ], [ 14.821, -1.6318 ], [ 14.8361, -1.6253 ], [ 14.8561, -1.6223 ], [ 14.8646, -1.6107 ], [ 14.8932, -1.5978 ], [ 14.908, -1.6098 ], [ 14.923, -1.6067 ], [ 14.9563, -1.6073 ], [ 15.0018, -1.5761 ], [ 15.0184, -1.5831 ], [ 15.0368, -1.5734 ], [ 15.0404, -1.56 ], [ 15.034, -1.5448 ], [ 15.046, -1.5198 ], [ 15.0663, -1.4983 ], [ 15.0933, -1.482 ], [ 15.1001, -1.472 ], [ 15.1053, -1.4553 ], [ 15.0939, -1.4417 ], [ 15.1008, -1.4267 ], [ 15.0994, -1.4048 ], [ 15.1195, -1.4018 ], [ 15.108, -1.3882 ], [ 15.1182, -1.3799 ], [ 15.1201, -1.3615 ], [ 15.1334, -1.3617 ], [ 15.1322, -1.3315 ], [ 15.1441, -1.3216 ], [ 15.1411, -1.2964 ], [ 15.1429, -1.288 ], [ 15.153, -1.2814 ], [ 15.1533, -1.2647 ], [ 15.1718, -1.2532 ], [ 15.1721, -1.2297 ], [ 15.1839, -1.2249 ], [ 15.1891, -1.2082 ], [ 15.1827, -1.1929 ], [ 15.1496, -1.1772 ], [ 15.1267, -1.1533 ], [ 15.104, -1.1093 ], [ 15.0808, -1.1004 ], [ 15.0297, -1.0676 ], [ 15.0215, -1.0574 ] ] ] } },
{ "type": "Feature", "properties": { "iso3": "COG", "unit_id": "80182663B53408945386443", "unit_name": "Hinda" }, "geometry": { "type": "Polygon", "coordinates": [ [ [ 11.807, -4.7045 ], [ 11.8506, -4.6976 ], [ 11.8822, -4.6981 ], [ 11.8971, -4.7051 ], [ 11.9103, -4.7171 ], [ 11.9446, -4.758 ], [ 11.9445, -4.7698 ], [ 11.9572, -4.8103 ], [ 11.9565, -4.8506 ], [ 11.9512, -4.8724 ], [ 11.936, -4.8855 ], [ 11.9223, -4.9105 ], [ 11.9422, -4.9125 ], [ 11.9621, -4.9213 ], [ 11.9721, -4.9214 ], [ 11.9907, -4.9016 ], [ 12.0045, -4.8716 ], [ 12.0164, -4.8601 ], [ 12.0483, -4.8438 ], [ 12.0535, -4.8288 ], [ 12.0618, -4.8306 ], [ 12.0754, -4.8124 ], [ 12.126, -4.7746 ], [ 12.1346, -4.7597 ], [ 12.1734, -4.7267 ], [ 12.1809, -4.6731 ], [ 12.1879, -4.6531 ], [ 12.1964, -4.6398 ], [ 12.1951, -4.6179 ], [ 12.187, -4.6027 ], [ 12.1905, -4.5943 ], [ 12.1989, -4.5861 ], [ 12.1874, -4.5775 ], [ 12.1744, -4.5588 ], [ 12.1563, -4.5417 ], [ 12.1564, -4.5366 ], [ 12.1465, -4.5264 ], [ 12.127, -4.4958 ], [ 12.1191, -4.4671 ], [ 12.1125, -4.4603 ], [ 12.0993, -4.4567 ], [ 12.0928, -4.4448 ], [ 12.0845, -4.443 ], [ 12.0614, -4.4258 ], [ 12.0533, -4.4122 ], [ 12.0299, -4.4185 ], [ 12.0063, -4.4315 ], [ 11.9946, -4.4347 ], [ 12.0028, -4.4449 ], [ 12.0026, -4.46 ], [ 11.9909, -4.4615 ], [ 11.9825, -4.4614 ], [ 11.971, -4.4528 ], [ 11.961, -4.4543 ], [ 11.9492, -4.4608 ], [ 11.9326, -4.4605 ], [ 11.9277, -4.452 ], [ 11.8892, -4.4614 ], [ 11.8711, -4.4477 ], [ 11.851, -4.4524 ], [ 11.8463, -4.4371 ], [ 11.8247, -4.4317 ], [ 11.8231, -4.425 ], [ 11.7998, -4.4263 ], [ 11.7628, -4.4441 ], [ 11.7314, -4.4953 ], [ 11.7545, -4.5162 ], [ 11.7965, -4.5621 ], [ 11.821, -4.5994 ], [ 11.8256, -4.6112 ], [ 11.8246, -4.6279 ], [ 11.8105, -4.6522 ], [ 11.7992, -4.6606 ], [ 11.792, -4.6583 ], [ 11.7813, -4.66 ], [ 11.7853, -4.6811 ], [ 11.7914, -4.6911 ], [ 11.807, -4.7045 ] ] ] } },
{ "type": "Feature", "properties": { "iso3": "COG", "unit_id": "80182663B46069008179368", "unit_name": "Kakameoka" }, "geometry": { "type": "Polygon", "coordinates": [ [ [ 12.0533, -4.4122 ], [ 12.0666, -4.4141 ], [ 12.0698, -4.4209 ], [ 12.0881, -4.4263 ], [ 12.1367, -4.4103 ], [ 12.15, -4.4105 ], [ 12.1684, -4.4025 ], [ 12.1784, -4.4026 ], [ 12.1937, -4.3878 ], [ 12.2004, -4.3862 ], [ 12.2038, -4.3796 ], [ 12.2059, -4.3527 ], [ 12.2192, -4.353 ], [ 12.2196, -4.3294 ], [ 12.2248, -4.3161 ], [ 12.235, -4.3029 ], [ 12.2274, -4.2557 ], [ 12.2369, -4.1802 ], [ 12.2331, -4.0995 ], [ 12.2175, -4.0287 ], [ 12.2195, -4.0086 ], [ 12.2264, -3.9936 ], [ 12.2236, -3.9583 ], [ 12.2023, -3.9361 ], [ 12.1975, -3.9259 ], [ 12.1909, -3.9191 ], [ 12.181, -3.9155 ], [ 12.1624, -3.927 ], [ 12.1358, -3.9232 ], [ 12.111, -3.911 ], [ 12.0566, -3.8764 ], [ 12.0284, -3.8675 ], [ 12.0185, -3.8606 ], [ 12.0117, -3.8655 ], [ 12.0083, -3.8739 ], [ 11.9881, -3.887 ], [ 11.9761, -3.9069 ], [ 11.9705, -3.9471 ], [ 11.9637, -3.9537 ], [ 11.9486, -3.9602 ], [ 11.9451, -3.9719 ], [ 11.91, -3.9797 ], [ 11.9083, -3.983 ], [ 11.8833, -3.9792 ], [ 11.8428, -4.0171 ], [ 11.831, -4.0237 ], [ 11.8291, -4.0354 ], [ 11.8224, -4.042 ], [ 11.8354, -4.059 ], [ 11.8419, -4.0742 ], [ 11.8449, -4.0944 ], [ 11.858, -4.1064 ], [ 11.871, -4.1335 ], [ 11.8987, -4.1727 ], [ 11.9031, -4.213 ], [ 11.8995, -4.2281 ], [ 11.8843, -4.2396 ], [ 11.8639, -4.2644 ], [ 11.8621, -4.2762 ], [ 11.8814, -4.3202 ], [ 11.8812, -4.3336 ], [ 11.876, -4.3486 ], [ 11.8391, -4.3631 ], [ 11.8389, -4.3732 ], [ 11.8337, -4.3865 ], [ 11.8252, -4.3998 ], [ 11.805, -4.4096 ], [ 11.7998, -4.4263 ], [ 11.8231, -4.425 ], [ 11.8247, -4.4317 ], [ 11.8463, -4.4371 ], [ 11.851, -4.4524 ], [ 11.8711, -4.4477 ], [ 11.8892, -4.4614 ], [ 11.9277, -4.452 ], [ 11.9326, -4.4605 ], [ 11.9492, -4.4608 ], [ 11.961, -4.4543 ], [ 11.971, -4.4528 ], [ 11.9825, -4.4614 ], [ 11.9909, -4.4615 ], [ 12.0026, -4.46 ], [ 12.0028, -4.4449 ], [ 11.9946, -4.4347 ], [ 12.0063, -4.4315 ], [ 12.0299, -4.4185 ], [ 12.0533, -4.4122 ] ] ] } },
{ "type": "Feature", "properties": { "iso3": "COG", "unit_id": "80182663B52279095160676", "unit_name": "Madingo-Kayes" }, "geometry": { "type": "Polygon", "coordinates": [ [ [ 11.7998, -4.4263 ], [ 11.805, -4.4096 ], [ 11.8252, -4.3998 ], [ 11.8337, -4.3865 ], [ 11.8389, -4.3732 ], [ 11.8391, -4.3631 ], [ 11.876, -4.3486 ], [ 11.8812, -4.3336 ], [ 11.8814, -4.3202 ], [ 11.8621, -4.2762 ], [ 11.8639, -4.2644 ], [ 11.8843, -4.2396 ], [ 11.8995, -4.2281 ], [ 11.9031, -4.213 ], [ 11.8987, -4.1727 ], [ 11.871, -4.1335 ], [ 11.858, -4.1064 ], [ 11.8449, -4.0944 ], [ 11.8419, -4.0742 ], [ 11.8354, -4.059 ], [ 11.8224, -4.042 ], [ 11.8291, -4.0354 ], [ 11.831, -4.0237 ], [ 11.8428, -4.0171 ], [ 11.8833, -3.9792 ], [ 11.9083, -3.983 ], [ 11.91, -3.9797 ], [ 11.9451, -3.9719 ], [ 11.9486, -3.9602 ], [ 11.9637, -3.9537 ], [ 11.9705, -3.9471 ], [ 11.9761, -3.9069 ], [ 11.9881, -3.887 ], [ 12.0083, -3.8739 ], [ 12.0117, -3.8655 ], [ 12.0185, -3.8606 ], [ 12.0053, -3.8503 ], [ 11.9775, -3.8196 ], [ 11.9346, -3.7869 ], [ 11.8848, -3.7743 ], [ 11.8588, -3.7452 ], [ 11.83, -3.7293 ], [ 11.7866, -3.7077 ], [ 11.7135, -3.6843 ], [ 11.7027, -3.6772 ], [ 11.6692, -3.6323 ], [ 11.6316, -3.5702 ], [ 11.6096, -3.5518 ], [ 11.5374, -3.5139 ], [ 11.5294, -3.5128 ], [ 11.5275, -3.5139 ], [ 11.5496, -3.577 ], [ 11.5653, -3.6394 ], [ 11.6022, -3.8382 ], [ 11.6096, -3.8988 ], [ 11.6001, -3.9776 ], [ 11.6114, -3.9963 ], [ 11.6178, -4.0182 ], [ 11.6244, -4.02 ], [ 11.6243, -4.0268 ], [ 11.6225, -4.0368 ], [ 11.6174, -4.0401 ], [ 11.6019, -4.0751 ], [ 11.59, -4.09 ], [ 11.5711, -4.1233 ], [ 11.5628, -4.1231 ], [ 11.5359, -4.1394 ], [ 11.519, -4.1543 ], [ 11.4985, -4.1841 ], [ 11.4916, -4.2025 ], [ 11.491, -4.2428 ], [ 11.4674, -4.2558 ], [ 11.4611, -4.2661 ], [ 11.5097, -4.3038 ], [ 11.6073, -4.3905 ], [ 11.6885, -4.4551 ], [ 11.6955, -4.4638 ], [ 11.7106, -4.4727 ], [ 11.708, -4.4759 ], [ 11.7022, -4.4716 ], [ 11.7314, -4.4953 ], [ 11.7628, -4.4441 ], [ 11.7998, -4.4263 ] ] ] } },
{ "type": "Feature", "properties": { "iso3": "COG", "unit_id": "80182663B95678311151424", "unit_name": "Mvouti" }, "geometry": { "type": "Polygon", "coordinates": [ [ [ 12.1779, -4.7011 ], [ 12.2068, -4.7223 ], [ 12.2132, -4.7409 ], [ 12.2311, -4.7664 ], [ 12.2325, -4.7849 ], [ 12.2282, -4.7829 ], [ 12.2382, -4.8096 ], [ 12.2429, -4.8142 ], [ 12.2628, -4.7966 ], [ 12.2656, -4.7989 ], [ 12.2712, -4.7947 ], [ 12.2786, -4.8054 ], [ 12.2962, -4.7947 ], [ 12.3003, -4.7954 ], [ 12.305, -4.8043 ], [ 12.3131, -4.8028 ], [ 12.3223, -4.7977 ], [ 12.3326, -4.7835 ], [ 12.337, -4.7817 ], [ 12.3381, -4.7687 ], [ 12.3539, -4.7554 ], [ 12.3624, -4.7394 ], [ 12.372, -4.7337 ], [ 12.3738, -4.7046 ], [ 12.3874, -4.6966 ], [ 12.3831, -4.6908 ], [ 12.3846, -4.6801 ], [ 12.3978, -4.6665 ], [ 12.3949, -4.6576 ], [ 12.3985, -4.651 ], [ 12.3977, -4.6449 ], [ 12.3922, -4.6434 ], [ 12.3879, -4.6337 ], [ 12.3878, -4.6244 ], [ 12.3932, -4.609 ], [ 12.4155, -4.6056 ], [ 12.4273, -4.607 ], [ 12.4379, -4.5979 ], [ 12.4503, -4.6026 ], [ 12.4494, -4.5961 ], [ 12.4563, -4.5875 ], [ 12.4709, -4.5965 ], [ 12.479, -4.5903 ], [ 12.4857, -4.591 ], [ 12.5003, -4.6057 ], [ 12.5134, -4.606 ], [ 12.5222, -4.6133 ], [ 12.5252, -4.6061 ], [ 12.5326, -4.6055 ], [ 12.5353, -4.6011 ], [ 12.5516, -4.5997 ], [ 12.5602, -4.5938 ], [ 12.5575, -4.5755 ], [ 12.5621, -4.5699 ], [ 12.5621, -4.5631 ], [ 12.6445, -4.5624 ], [ 12.642, -4.5561 ], [ 12.6498, -4.5512 ], [ 12.6463, -4.5445 ], [ 12.6509, -4.5415 ], [ 12.6569, -4.5453 ], [ 12.6603, -4.5398 ], [ 12.6576, -4.536 ], [ 12.6736, -4.5296 ], [ 12.6755, -4.5183 ], [ 12.6717, -4.5134 ], [ 12.6732, -4.5007 ], [ 12.6845, -4.4999 ], [ 12.6908, -4.495 ], [ 12.6904, -4.4914 ], [ 12.7003, -4.4783 ], [ 12.7097, -4.4772 ], [ 12.7335, -4.4922 ], [ 12.7361, -4.4899 ], [ 12.7413, -4.492 ], [ 12.7645, -4.507 ], [ 12.7676, -4.5065 ], [ 12.7661, -4.501 ], [ 12.7711, -4.4939 ], [ 12.7818, -4.4902 ], [ 12.7316, -4.4273 ], [ 12.7203, -4.4081 ], [ 12.7213, -4.3992 ], [ 12.7248, -4.3984 ], [ 12.734, -4.4118 ], [ 12.7466, -4.4176 ], [ 12.7497, -4.4152 ], [ 12.7621, -4.4163 ], [ 12.7634, -4.4131 ], [ 12.7563, -4.3947 ], [ 12.7622, -4.3895 ], [ 12.7587, -4.3825 ], [ 12.7455, -4.3722 ], [ 12.7178, -4.3348 ], [ 12.6569, -4.285 ], [ 12.6209, -4.2424 ], [ 12.5928, -4.2268 ], [ 12.5307, -4.1434 ], [ 12.5293, -4.1266 ], [ 12.5195, -4.1163 ], [ 12.5028, -4.116 ], [ 12.5031, -4.0992 ], [ 12.495, -4.0823 ], [ 12.4688, -4.0549 ], [ 12.4375, -4.0326 ], [ 12.4126, -4.0254 ], [ 12.4025, -4.032 ], [ 12.3942, -4.0284 ], [ 12.3944, -4.0167 ], [ 12.3895, -4.0082 ], [ 12.3728, -4.0079 ], [ 12.3664, -3.996 ], [ 12.3565, -3.9892 ], [ 12.3447, -3.9973 ], [ 12.338, -3.9972 ], [ 12.3332, -3.9871 ], [ 12.3282, -3.9836 ], [ 12.3165, -3.9868 ], [ 12.3049, -3.9799 ], [ 12.29, -3.9779 ], [ 12.2701, -3.9692 ], [ 12.2364, -3.9955 ], [ 12.2264, -3.9936 ], [ 12.2195, -4.0086 ], [ 12.2175, -4.0287 ], [ 12.2331, -4.0995 ], [ 12.2371, -4.1635 ], [ 12.2309, -4.2423 ], [ 12.2274, -4.2557 ], [ 12.235, -4.3029 ], [ 12.2248, -4.3161 ], [ 12.2196, -4.3294 ], [ 12.2192, -4.353 ], [ 12.2059, -4.3527 ], [ 12.2038, -4.3796 ], [ 12.2004, -4.3862 ], [ 12.1937, -4.3878 ], [ 12.1784, -4.4026 ], [ 12.1684, -4.4025 ], [ 12.15, -4.4105 ], [ 12.1367, -4.4103 ], [ 12.0881, -4.4263 ], [ 12.0698, -4.4209 ], [ 12.0666, -4.4141 ], [ 12.0533, -4.4122 ], [ 12.0614, -4.4258 ], [ 12.0845, -4.443 ], [ 12.0928, -4.4448 ], [ 12.0993, -4.4567 ], [ 12.1125, -4.4603 ], [ 12.1191, -4.4671 ], [ 12.127, -4.4958 ], [ 12.1465, -4.5264 ], [ 12.1564, -4.5366 ], [ 12.1563, -4.5417 ], [ 12.1744, -4.5588 ], [ 12.1874, -4.5775 ], [ 12.1989, -4.5861 ], [ 12.1905, -4.5943 ], [ 12.187, -4.6027 ], [ 12.1951, -4.6179 ], [ 12.1964, -4.6398 ], [ 12.1879, -4.6531 ], [ 12.1809, -4.6731 ], [ 12.1779, -4.7011 ] ] ] } },
{ "type": "Feature", "properties": { "iso3": "COG", "unit_id": "80182663B84804725889467", "unit_name": "Nzambi" }, "geometry": { "type": "Polygon", "coordinates": [ [ [ 11.5275, -3.5139 ], [ 11.5081, -3.5298 ], [ 11.4868, -3.5567 ], [ 11.4584, -3.5839 ], [ 11.4422, -3.5897 ], [ 11.3931, -3.5869 ], [ 11.3615, -3.5952 ], [ 11.3455, -3.6035 ], [ 11.3343, -3.6139 ], [ 11.3029, -3.6574 ], [ 11.2699, -3.6885 ], [ 11.2562, -3.706 ], [ 11.2496, -3.7182 ], [ 11.245, -3.7423 ], [ 11.2515, -3.8118 ], [ 11.2492, -3.8265 ], [ 11.2279, -3.859 ], [ 11.2242, -3.8788 ], [ 11.227, -3.9075 ], [ 11.2135, -3.9322 ], [ 11.2124, -3.9552 ], [ 11.201, -3.9916 ], [ 11.2266, -4.0081 ], [ 11.2292, -4.0135 ], [ 11.293, -4.0615 ], [ 11.3436, -4.1085 ], [ 11.3747, -4.1489 ], [ 11.3732, -4.1798 ], [ 11.3882, -4.2058 ], [ 11.4611, -4.2661 ], [ 11.4674, -4.2558 ], [ 11.491, -4.2428 ], [ 11.4916, -4.2025 ], [ 11.4985, -4.1841 ], [ 11.519, -4.1543 ], [ 11.5359, -4.1394 ], [ 11.5628, -4.1231 ], [ 11.5711, -4.1233 ], [ 11.59, -4.09 ], [ 11.6019, -4.0751 ], [ 11.6174, -4.0401 ], [ 11.6225, -4.0368 ], [ 11.6243, -4.0268 ], [ 11.6244, -4.02 ], [ 11.6178, -4.0182 ], [ 11.6114, -3.9963 ], [ 11.6001, -3.9776 ], [ 11.6096, -3.8988 ], [ 11.5854, -3.7405 ], [ 11.5496, -3.577 ], [ 11.5275, -3.5139 ] ] ] } },
{ "type": "Feature", "properties": { "iso3": "COG", "unit_id": "80182663B88384456375492", "unit_name": "Tchiamba-Nzassi" }, "geometry": { "type": "Polygon", "coordinates": [ [ [ 11.9223, -4.9105 ], [ 11.9892, -4.9993 ], [ 12.1623, -4.8697 ], [ 12.2155, -4.7547 ], [ 12.222, -4.7623 ], [ 12.2206, -4.7692 ], [ 12.2248, -4.7711 ], [ 12.2202, -4.7771 ], [ 12.2225, -4.7813 ], [ 12.2325, -4.7849 ], [ 12.2311, -4.7664 ], [ 12.2132, -4.7409 ], [ 12.2068, -4.7223 ], [ 12.1779, -4.7011 ], [ 12.1734, -4.7267 ], [ 12.1346, -4.7597 ], [ 12.126, -4.7746 ], [ 12.0754, -4.8124 ], [ 12.0618, -4.8306 ], [ 12.0535, -4.8288 ], [ 12.0483, -4.8438 ], [ 12.0164, -4.8601 ], [ 12.0045, -4.8716 ], [ 11.9907, -4.9016 ], [ 11.9721, -4.9214 ], [ 11.9621, -4.9213 ], [ 11.9422, -4.9125 ], [ 11.9223, -4.9105 ] ] ] } },
{ "type": "Feature", "properties": { "iso3": "COG", "unit_id": "80182663B72950220650096", "unit_name": "Bambama" }, "geometry": { "type": "Polygon", "coordinates": [ [ [ 14.0249, -2.4717 ], [ 13.998, -2.4465 ], [ 13.9868, -2.4431 ], [ 13.9696, -2.4464 ], [ 13.9477, -2.4612 ], [ 13.9226, -2.465 ], [ 13.8917, -2.454 ], [ 13.8719, -2.4362 ], [ 13.8687, -2.4288 ], [ 13.8707, -2.4125 ], [ 13.8832, -2.3936 ], [ 13.9164, -2.3587 ], [ 13.9189, -2.3438 ], [ 13.9166, -2.3339 ], [ 13.8923, -2.3133 ], [ 13.8867, -2.3045 ], [ 13.8804, -2.2606 ], [ 13.8369, -2.1968 ], [ 13.8139, -2.1534 ], [ 13.771, -2.1182 ], [ 13.7582, -2.1134 ], [ 13.7536, -2.1138 ], [ 13.7488, -2.1203 ], [ 13.7247, -2.1622 ], [ 13.6914, -2.1953 ], [ 13.5839, -2.3244 ], [ 13.5361, -2.3841 ], [ 13.5031, -2.4312 ], [ 13.4928, -2.4335 ], [ 13.4708, -2.4211 ], [ 13.4424, -2.4141 ], [ 13.4305, -2.4153 ], [ 13.3999, -2.4262 ], [ 13.3848, -2.4246 ], [ 13.374, -2.4207 ], [ 13.3321, -2.3923 ], [ 13.3163, -2.3859 ], [ 13.2632, -2.3792 ], [ 13.2501, -2.3742 ], [ 13.2318, -2.3593 ], [ 13.2233, -2.342 ], [ 13.2159, -2.3379 ], [ 13.21, -2.3393 ], [ 13.182, -2.3764 ], [ 13.1756, -2.3794 ], [ 13.1664, -2.3788 ], [ 13.1217, -2.3538 ], [ 13.089, -2.3428 ], [ 13.0723, -2.3431 ], [ 13.0409, -2.3338 ], [ 13.0311, -2.3246 ], [ 13.0269, -2.3142 ], [ 13.0284, -2.3052 ], [ 13.0175, -2.2991 ], [ 13.014, -2.3124 ], [ 13.0171, -2.3259 ], [ 13.0118, -2.3426 ], [ 12.9948, -2.3692 ], [ 13.0029, -2.3811 ], [ 13.0163, -2.3763 ], [ 13.0363, -2.3783 ], [ 13.058, -2.372 ], [ 13.0558, -2.4106 ], [ 13.0484, -2.4575 ], [ 13.0493, -2.5062 ], [ 13.0694, -2.5015 ], [ 13.0827, -2.5035 ], [ 13.0826, -2.5085 ], [ 13.0975, -2.5138 ], [ 13.1024, -2.5223 ], [ 13.1075, -2.514 ], [ 13.1241, -2.5159 ], [ 13.1536, -2.5534 ], [ 13.1635, -2.5586 ], [ 13.1684, -2.5654 ], [ 13.1715, -2.5823 ], [ 13.1894, -2.6095 ], [ 13.2025, -2.6231 ], [ 13.2177, -2.6116 ], [ 13.2277, -2.6085 ], [ 13.2278, -2.6001 ], [ 13.2347, -2.5851 ], [ 13.253, -2.5921 ], [ 13.263, -2.5923 ], [ 13.2798, -2.5825 ], [ 13.2881, -2.5826 ], [ 13.3013, -2.5913 ], [ 13.313, -2.5915 ], [ 13.3264, -2.5816 ], [ 13.3299, -2.5716 ], [ 13.3464, -2.582 ], [ 13.3615, -2.5772 ], [ 13.3665, -2.579 ], [ 13.3778, -2.601 ], [ 13.406, -2.6082 ], [ 13.419, -2.632 ], [ 13.4307, -2.6322 ], [ 13.4422, -2.6391 ], [ 13.4419, -2.6592 ], [ 13.4247, -2.6942 ], [ 13.4096, -2.7023 ], [ 13.4128, -2.7091 ], [ 13.4262, -2.706 ], [ 13.4377, -2.7129 ], [ 13.4671, -2.7554 ], [ 13.4987, -2.7577 ], [ 13.517, -2.763 ], [ 13.5254, -2.7564 ], [ 13.5454, -2.7551 ], [ 13.5619, -2.7638 ], [ 13.5803, -2.7641 ], [ 13.5919, -2.7694 ], [ 13.6016, -2.783 ], [ 13.6346, -2.8054 ], [ 13.6391, -2.8374 ], [ 13.6321, -2.8608 ], [ 13.6383, -2.8894 ], [ 13.6518, -2.8779 ], [ 13.6639, -2.8496 ], [ 13.693, -2.803 ], [ 13.7168, -2.7749 ], [ 13.7252, -2.7666 ], [ 13.7503, -2.7587 ], [ 13.7571, -2.7521 ], [ 13.7658, -2.7254 ], [ 13.7661, -2.7069 ], [ 13.7712, -2.7019 ], [ 13.7731, -2.6902 ], [ 13.7881, -2.6871 ], [ 13.7963, -2.6973 ], [ 13.8111, -2.706 ], [ 13.8348, -2.6829 ], [ 13.8466, -2.6764 ], [ 13.8638, -2.6431 ], [ 13.8755, -2.6383 ], [ 13.8874, -2.6267 ], [ 13.9058, -2.6186 ], [ 13.9228, -2.5954 ], [ 13.9346, -2.5906 ], [ 13.9448, -2.5756 ], [ 13.9486, -2.5488 ], [ 13.9537, -2.5372 ], [ 13.974, -2.5173 ], [ 13.9824, -2.5158 ], [ 13.9876, -2.5008 ], [ 14.0249, -2.4717 ] ] ] } },
{ "type": "Feature", "properties": { "iso3": "COG", "unit_id": "80182663B65353995013931", "unit_name": "Komono" }, "geometry": { "type": "Polygon", "coordinates": [ [ [ 13.0493, -2.5062 ], [ 13.0425, -2.5128 ], [ 13.0554, -2.5416 ], [ 13.0414, -2.5867 ], [ 13.0492, -2.6188 ], [ 13.0477, -2.7195 ], [ 13.0554, -2.7566 ], [ 13.0635, -2.7769 ], [ 13.0632, -2.792 ], [ 13.0826, -2.8293 ], [ 13.0758, -2.841 ], [ 13.0675, -2.8392 ], [ 13.0576, -2.8306 ], [ 13.0054, -2.8666 ], [ 13.0035, -2.8817 ], [ 13.0163, -2.9172 ], [ 13.041, -2.9344 ], [ 13.0693, -2.9383 ], [ 13.0842, -2.947 ], [ 13.1006, -2.9624 ], [ 13.1071, -2.9742 ], [ 13.1187, -2.9778 ], [ 13.1302, -2.9864 ], [ 13.1384, -2.9983 ], [ 13.1399, -3.0084 ], [ 13.1175, -3.0517 ], [ 13.1121, -3.0785 ], [ 13.109, -3.1708 ], [ 13.1056, -3.1791 ], [ 13.0956, -3.179 ], [ 13.0921, -3.189 ], [ 13.0854, -3.1905 ], [ 13.0705, -3.1819 ], [ 13.0668, -3.207 ], [ 13.06, -3.217 ], [ 13.0567, -3.2169 ], [ 13.0498, -3.2286 ], [ 13.0349, -3.2249 ], [ 13.0347, -3.2367 ], [ 13.0263, -3.2382 ], [ 13.0245, -3.2466 ], [ 13.0311, -3.2534 ], [ 13.0309, -3.2635 ], [ 13.0194, -3.2566 ], [ 13.0044, -3.258 ], [ 12.9842, -3.2711 ], [ 12.9726, -3.2658 ], [ 12.9642, -3.2691 ], [ 12.9662, -3.2983 ], [ 12.9811, -3.307 ], [ 12.9876, -3.3171 ], [ 13.0123, -3.3344 ], [ 13.0223, -3.3329 ], [ 13.0358, -3.3247 ], [ 13.0676, -3.3169 ], [ 13.0859, -3.3172 ], [ 13.1124, -3.326 ], [ 13.1289, -3.3347 ], [ 13.1421, -3.3467 ], [ 13.1504, -3.3435 ], [ 13.1604, -3.3487 ], [ 13.1753, -3.3506 ], [ 13.1752, -3.3557 ], [ 13.1652, -3.3589 ], [ 13.1634, -3.3706 ], [ 13.1548, -3.3822 ], [ 13.158, -3.3923 ], [ 13.1529, -3.399 ], [ 13.1745, -3.4044 ], [ 13.1761, -3.4078 ], [ 13.1576, -3.4175 ], [ 13.1724, -3.4329 ], [ 13.1909, -3.4198 ], [ 13.206, -3.4133 ], [ 13.2193, -3.4152 ], [ 13.2245, -3.4036 ], [ 13.2412, -3.4022 ], [ 13.2413, -3.3921 ], [ 13.293, -3.3896 ], [ 13.3182, -3.375 ], [ 13.3201, -3.3599 ], [ 13.3369, -3.3535 ], [ 13.3469, -3.3536 ], [ 13.3638, -3.3338 ], [ 13.3772, -3.3307 ], [ 13.3944, -3.2991 ], [ 13.4204, -3.2938 ], [ 13.4207, -3.2753 ], [ 13.4276, -3.2637 ], [ 13.4377, -3.2521 ], [ 13.4495, -3.2456 ], [ 13.455, -3.2138 ], [ 13.4853, -3.1958 ], [ 13.5208, -3.1595 ], [ 13.5425, -3.1582 ], [ 13.551, -3.1466 ], [ 13.571, -3.147 ], [ 13.5878, -3.1372 ], [ 13.6345, -3.1363 ], [ 13.6392, -3.049 ], [ 13.6383, -2.8894 ], [ 13.6321, -2.8608 ], [ 13.6391, -2.8374 ], [ 13.6346, -2.8054 ], [ 13.6016, -2.783 ], [ 13.5919, -2.7694 ], [ 13.5803, -2.7641 ], [ 13.5619, -2.7638 ], [ 13.5454, -2.7551 ], [ 13.5254, -2.7564 ], [ 13.517, -2.763 ], [ 13.4987, -2.7577 ], [ 13.4671, -2.7554 ], [ 13.4377, -2.7129 ], [ 13.4262, -2.706 ], [ 13.4128, -2.7091 ], [ 13.4096, -2.7023 ], [ 13.4247, -2.6942 ], [ 13.4419, -2.6592 ], [ 13.4422, -2.6391 ], [ 13.4307, -2.6322 ], [ 13.419, -2.632 ], [ 13.406, -2.6082 ], [ 13.3778, -2.601 ], [ 13.3665, -2.579 ], [ 13.3615, -2.5772 ], [ 13.3464, -2.582 ], [ 13.3299, -2.5716 ], [ 13.3264, -2.5816 ], [ 13.313, -2.5915 ], [ 13.3013, -2.5913 ], [ 13.2881, -2.5826 ], [ 13.2798, -2.5825 ], [ 13.263, -2.5923 ], [ 13.253, -2.5921 ], [ 13.2347, -2.5851 ], [ 13.2278, -2.6001 ], [ 13.2277, -2.6085 ], [ 13.2177, -2.6116 ], [ 13.2025, -2.6231 ], [ 13.1894, -2.6095 ], [ 13.1715, -2.5823 ], [ 13.1684, -2.5654 ], [ 13.1635, -2.5586 ], [ 13.1536, -2.5534 ], [ 13.1241, -2.5159 ], [ 13.1075, -2.514 ], [ 13.1024, -2.5223 ], [ 13.0975, -2.5138 ], [ 13.0826, -2.5085 ], [ 13.0827, -2.5035 ], [ 13.0694, -2.5015 ], [ 13.0493, -2.5062 ] ] ] } },
{ "type": "Feature", "properties": { "iso3": "COG", "unit_id": "80182663B97520786700343", "unit_name": "Mayeye" }, "geometry": { "type": "Polygon", "coordinates": [ [ [ 13.8731, -3.5487 ], [ 13.8601, -3.53 ], [ 13.8571, -3.5064 ], [ 13.8474, -3.4844 ], [ 13.7386, -3.4136 ], [ 13.7323, -3.4208 ], [ 13.7321, -3.4359 ], [ 13.7186, -3.4475 ], [ 13.6516, -3.4732 ], [ 13.6246, -3.4912 ], [ 13.5944, -3.5041 ], [ 13.564, -3.5321 ], [ 13.5452, -3.562 ], [ 13.5234, -3.575 ], [ 13.4832, -3.5894 ], [ 13.4747, -3.5994 ], [ 13.4745, -3.6111 ], [ 13.4445, -3.6123 ], [ 13.4294, -3.6187 ], [ 13.4127, -3.6201 ], [ 13.4009, -3.6283 ], [ 13.394, -3.6433 ], [ 13.3856, -3.6499 ], [ 13.3821, -3.6582 ], [ 13.3884, -3.6818 ], [ 13.403, -3.7073 ], [ 13.4522, -3.7635 ], [ 13.467, -3.7722 ], [ 13.5817, -3.7876 ], [ 13.6036, -3.7729 ], [ 13.6351, -3.7852 ], [ 13.6469, -3.7736 ], [ 13.664, -3.7488 ], [ 13.6756, -3.7473 ], [ 13.6955, -3.7527 ], [ 13.7256, -3.7515 ], [ 13.7307, -3.7399 ], [ 13.7293, -3.7264 ], [ 13.736, -3.7215 ], [ 13.7464, -3.6931 ], [ 13.7615, -3.6917 ], [ 13.7699, -3.6818 ], [ 13.7817, -3.6753 ], [ 13.7885, -3.6653 ], [ 13.7888, -3.6452 ], [ 13.7959, -3.6201 ], [ 13.8093, -3.6153 ], [ 13.8226, -3.6155 ], [ 13.8377, -3.6091 ], [ 13.8413, -3.5907 ], [ 13.8618, -3.5591 ], [ 13.8731, -3.5487 ] ] ] } },
{ "type": "Feature", "properties": { "iso3": "COG", "unit_id": "80182663B95347848214196", "unit_name": "Sibiti" }, "geometry": { "type": "Polygon", "coordinates": [ [ [ 13.3921, -4.0492 ], [ 13.399, -4.0359 ], [ 13.4071, -4.0495 ], [ 13.422, -4.0565 ], [ 13.4454, -4.0535 ], [ 13.4552, -4.0621 ], [ 13.4893, -4.0564 ], [ 13.4977, -4.0481 ], [ 13.5145, -4.0417 ], [ 13.523, -4.0334 ], [ 13.5198, -4.0233 ], [ 13.5251, -4.0016 ], [ 13.5386, -3.9917 ], [ 13.5339, -3.9749 ], [ 13.5257, -3.9646 ], [ 13.5326, -3.9496 ], [ 13.5478, -3.9365 ], [ 13.5595, -3.9316 ], [ 13.5681, -3.915 ], [ 13.5815, -3.9119 ], [ 13.5833, -3.9018 ], [ 13.5605, -3.8679 ], [ 13.5772, -3.8648 ], [ 13.5903, -3.8768 ], [ 13.6037, -3.8753 ], [ 13.6122, -3.8637 ], [ 13.6175, -3.8437 ], [ 13.6126, -3.8369 ], [ 13.613, -3.8117 ], [ 13.598, -3.8097 ], [ 13.5848, -3.8028 ], [ 13.5883, -3.7911 ], [ 13.5817, -3.7876 ], [ 13.467, -3.7722 ], [ 13.4522, -3.7635 ], [ 13.403, -3.7073 ], [ 13.3884, -3.6818 ], [ 13.3821, -3.6582 ], [ 13.3856, -3.6499 ], [ 13.394, -3.6433 ], [ 13.4009, -3.6283 ], [ 13.4127, -3.6201 ], [ 13.4294, -3.6187 ], [ 13.4445, -3.6123 ], [ 13.4745, -3.6111 ], [ 13.4747, -3.5994 ], [ 13.4832, -3.5894 ], [ 13.5234, -3.575 ], [ 13.5452, -3.562 ], [ 13.564, -3.5321 ], [ 13.5944, -3.5041 ], [ 13.6246, -3.4912 ], [ 13.6516, -3.4732 ], [ 13.7186, -3.4475 ], [ 13.7321, -3.4359 ], [ 13.7323, -3.4208 ], [ 13.7386, -3.4136 ], [ 13.7304, -3.4051 ], [ 13.7022, -3.3962 ], [ 13.6639, -3.3921 ], [ 13.6387, -3.4018 ], [ 13.6202, -3.4149 ], [ 13.5919, -3.4144 ], [ 13.5805, -3.3991 ], [ 13.5129, -3.3492 ], [ 13.4204, -3.2938 ], [ 13.3944, -3.2991 ], [ 13.3772, -3.3307 ], [ 13.3638, -3.3338 ], [ 13.3469, -3.3536 ], [ 13.3369, -3.3535 ], [ 13.3201, -3.3599 ], [ 13.3182, -3.375 ], [ 13.3081, -3.3815 ], [ 13.293, -3.3896 ], [ 13.2413, -3.3921 ], [ 13.2412, -3.4022 ], [ 13.2245, -3.4036 ], [ 13.2193, -3.4152 ], [ 13.206, -3.4133 ], [ 13.1909, -3.4198 ], [ 13.1724, -3.4329 ], [ 13.1576, -3.4175 ], [ 13.1761, -3.4078 ], [ 13.1745, -3.4044 ], [ 13.1529, -3.399 ], [ 13.158, -3.3923 ], [ 13.1548, -3.3822 ], [ 13.1634, -3.3706 ], [ 13.1652, -3.3589 ], [ 13.1752, -3.3557 ], [ 13.1753, -3.3506 ], [ 13.1604, -3.3487 ], [ 13.1504, -3.3435 ], [ 13.1421, -3.3467 ], [ 13.1289, -3.3347 ], [ 13.1124, -3.326 ], [ 13.0859, -3.3172 ], [ 13.0676, -3.3169 ], [ 13.0358, -3.3247 ], [ 13.0223, -3.3329 ], [ 13.0123, -3.3344 ], [ 12.9876, -3.3171 ], [ 12.9811, -3.307 ], [ 12.9662, -3.2983 ], [ 12.9665, -3.2815 ], [ 12.9611, -3.2556 ], [ 12.9512, -3.2504 ], [ 12.9459, -3.2671 ], [ 12.9473, -3.2872 ], [ 12.9419, -3.3073 ], [ 12.9235, -3.3137 ], [ 12.917, -3.3018 ], [ 12.9021, -3.2999 ], [ 12.8969, -3.3116 ], [ 12.8818, -3.3147 ], [ 12.8733, -3.3246 ], [ 12.8617, -3.3227 ], [ 12.8619, -3.3109 ], [ 12.8469, -3.3107 ], [ 12.8353, -3.3038 ], [ 12.8169, -3.3118 ], [ 12.8002, -3.3149 ], [ 12.7934, -3.3232 ], [ 12.7701, -3.3194 ], [ 12.7569, -3.3125 ], [ 12.7082, -3.3351 ], [ 12.6827, -3.3666 ], [ 12.6853, -3.412 ], [ 12.6767, -3.4303 ], [ 12.6766, -3.4421 ], [ 12.6814, -3.4523 ], [ 12.701, -3.4761 ], [ 12.7036, -3.5249 ], [ 12.7, -3.5416 ], [ 12.6915, -3.5549 ], [ 12.7074, -3.5557 ], [ 12.7191, -3.5492 ], [ 12.7358, -3.5462 ], [ 12.7439, -3.5631 ], [ 12.7371, -3.573 ], [ 12.7219, -3.5829 ], [ 12.7401, -3.5932 ], [ 12.7584, -3.5936 ], [ 12.7969, -3.5808 ], [ 12.8168, -3.5912 ], [ 12.8249, -3.6048 ], [ 12.8197, -3.6148 ], [ 12.823, -3.6216 ], [ 12.8296, -3.6217 ], [ 12.8362, -3.6268 ], [ 12.8277, -3.6401 ], [ 12.8392, -3.6521 ], [ 12.8655, -3.6693 ], [ 12.8736, -3.6863 ], [ 12.8734, -3.698 ], [ 12.8866, -3.7083 ], [ 12.8848, -3.72 ], [ 12.8962, -3.732 ], [ 12.8926, -3.7521 ], [ 12.9059, -3.7557 ], [ 12.9124, -3.7642 ], [ 12.9105, -3.7793 ], [ 12.897, -3.7925 ], [ 12.9152, -3.7995 ], [ 12.915, -3.8096 ], [ 12.9099, -3.8179 ], [ 12.9178, -3.8432 ], [ 12.9158, -3.865 ], [ 12.9208, -3.8668 ], [ 12.9358, -3.8637 ], [ 12.9424, -3.8722 ], [ 12.9372, -3.8822 ], [ 12.9506, -3.8807 ], [ 12.9572, -3.8842 ], [ 12.9719, -3.9012 ], [ 12.9818, -3.9064 ], [ 12.9852, -3.9015 ], [ 12.9919, -3.9016 ], [ 12.9984, -3.9101 ], [ 13.0068, -3.9102 ], [ 13.0048, -3.9304 ], [ 13.0264, -3.9307 ], [ 13.038, -3.9393 ], [ 13.0344, -3.9544 ], [ 13.0641, -3.9717 ], [ 13.0725, -3.9651 ], [ 13.0826, -3.9636 ], [ 13.0977, -3.9521 ], [ 13.101, -3.9555 ], [ 13.1128, -3.949 ], [ 13.1243, -3.961 ], [ 13.1359, -3.9612 ], [ 13.1477, -3.9513 ], [ 13.1529, -3.938 ], [ 13.1579, -3.9364 ], [ 13.1759, -3.9636 ], [ 13.2142, -3.9609 ], [ 13.2228, -3.9459 ], [ 13.2328, -3.9461 ], [ 13.2496, -3.938 ], [ 13.291, -3.9488 ], [ 13.2978, -3.9405 ], [ 13.3295, -3.9411 ], [ 13.341, -3.9513 ], [ 13.3512, -3.9381 ], [ 13.3579, -3.9348 ], [ 13.3643, -3.9501 ], [ 13.3759, -3.957 ], [ 13.374, -3.9687 ], [ 13.3672, -3.9803 ], [ 13.3704, -3.9905 ], [ 13.3802, -3.9974 ], [ 13.3813, -4.0377 ], [ 13.3921, -4.0492 ] ] ] } },
{ "type": "Feature", "properties": { "iso3": "COG", "unit_id": "80182663B3790079157215", "unit_name": "Zanaga" }, "geometry": { "type": "Polygon", "coordinates": [ [ [ 13.6383, -2.8894 ], [ 13.6392, -3.049 ], [ 13.6345, -3.1363 ], [ 13.5878, -3.1372 ], [ 13.571, -3.147 ], [ 13.551, -3.1466 ], [ 13.5425, -3.1582 ], [ 13.5208, -3.1595 ], [ 13.4853, -3.1958 ], [ 13.455, -3.2138 ], [ 13.4495, -3.2456 ], [ 13.4377, -3.2521 ], [ 13.4276, -3.2637 ], [ 13.4207, -3.2753 ], [ 13.4204, -3.2938 ], [ 13.5129, -3.3492 ], [ 13.5805, -3.3991 ], [ 13.5919, -3.4144 ], [ 13.6202, -3.4149 ], [ 13.6387, -3.4018 ], [ 13.6639, -3.3921 ], [ 13.7022, -3.3962 ], [ 13.7304, -3.4051 ], [ 13.7386, -3.4136 ], [ 13.8474, -3.4844 ], [ 13.8571, -3.5064 ], [ 13.8601, -3.53 ], [ 13.8731, -3.5487 ], [ 13.8898, -3.5456 ], [ 13.887, -3.5153 ], [ 13.9038, -3.5072 ], [ 13.9006, -3.4971 ], [ 13.9091, -3.4855 ], [ 13.9209, -3.4789 ], [ 13.9243, -3.4706 ], [ 13.9229, -3.4571 ], [ 13.9329, -3.4523 ], [ 13.9316, -3.4338 ], [ 13.9467, -3.4273 ], [ 13.9452, -3.4155 ], [ 13.9756, -3.3858 ], [ 13.9873, -3.386 ], [ 13.9875, -3.3743 ], [ 13.9945, -3.3526 ], [ 14.0178, -3.3546 ], [ 14.0279, -3.3431 ], [ 14.0349, -3.3214 ], [ 14.0435, -3.3097 ], [ 14.0569, -3.2999 ], [ 14.0571, -3.2915 ], [ 14.0623, -3.2798 ], [ 14.0826, -3.2567 ], [ 14.101, -3.2536 ], [ 14.1166, -3.2136 ], [ 14.1169, -3.1951 ], [ 14.1356, -3.1736 ], [ 14.1425, -3.1553 ], [ 14.1444, -3.1402 ], [ 14.1547, -3.1235 ], [ 14.1622, -3.0699 ], [ 14.1826, -3.0384 ], [ 14.213, -3.0154 ], [ 14.2298, -3.009 ], [ 14.2381, -3.0074 ], [ 14.2547, -3.0127 ], [ 14.2652, -2.9793 ], [ 14.3092, -2.9348 ], [ 14.3162, -2.913 ], [ 14.3213, -2.9064 ], [ 14.3466, -2.8867 ], [ 14.3586, -2.8701 ], [ 14.3456, -2.848 ], [ 14.3442, -2.8295 ], [ 14.3294, -2.8175 ], [ 14.3296, -2.8024 ], [ 14.3167, -2.7719 ], [ 14.322, -2.7536 ], [ 14.3155, -2.745 ], [ 14.3055, -2.7432 ], [ 14.2886, -2.7614 ], [ 14.2835, -2.763 ], [ 14.2822, -2.7411 ], [ 14.3059, -2.718 ], [ 14.3029, -2.6978 ], [ 14.298, -2.6876 ], [ 14.2847, -2.6874 ], [ 14.2663, -2.6938 ], [ 14.2531, -2.6852 ], [ 14.2314, -2.6881 ], [ 14.2179, -2.6963 ], [ 14.2013, -2.696 ], [ 14.1832, -2.6789 ], [ 14.1665, -2.6803 ], [ 14.1581, -2.6852 ], [ 14.1481, -2.6816 ], [ 14.1302, -2.6561 ], [ 14.1519, -2.6515 ], [ 14.169, -2.6283 ], [ 14.1908, -2.6186 ], [ 14.1928, -2.5984 ], [ 14.1863, -2.5866 ], [ 14.1729, -2.5897 ], [ 14.1679, -2.593 ], [ 14.166, -2.6064 ], [ 14.1609, -2.6096 ], [ 14.1246, -2.5905 ], [ 14.123, -2.5804 ], [ 14.13, -2.5637 ], [ 14.1367, -2.5588 ], [ 14.1466, -2.5691 ], [ 14.1534, -2.5591 ], [ 14.1554, -2.5356 ], [ 14.1488, -2.5288 ], [ 14.1321, -2.5319 ], [ 14.1189, -2.5266 ], [ 14.109, -2.5163 ], [ 14.0925, -2.506 ], [ 14.0825, -2.5075 ], [ 14.076, -2.4956 ], [ 14.0645, -2.4853 ], [ 14.0579, -2.4852 ], [ 14.0461, -2.4917 ], [ 14.0359, -2.5033 ], [ 14.0244, -2.4947 ], [ 14.0125, -2.5063 ], [ 13.9944, -2.4959 ], [ 13.9876, -2.5008 ], [ 13.9824, -2.5158 ], [ 13.974, -2.5173 ], [ 13.9537, -2.5372 ], [ 13.9486, -2.5488 ], [ 13.9448, -2.5756 ], [ 13.9346, -2.5906 ], [ 13.9228, -2.5954 ], [ 13.9058, -2.6186 ], [ 13.8874, -2.6267 ], [ 13.8755, -2.6383 ], [ 13.8638, -2.6431 ], [ 13.8466, -2.6764 ], [ 13.8348, -2.6829 ], [ 13.8111, -2.706 ], [ 13.7963, -2.6973 ], [ 13.7881, -2.6871 ], [ 13.7731, -2.6902 ], [ 13.7712, -2.7019 ], [ 13.7661, -2.7069 ], [ 13.7658, -2.7254 ], [ 13.7571, -2.7521 ], [ 13.7503, -2.7587 ], [ 13.7252, -2.7666 ], [ 13.7168, -2.7749 ], [ 13.693, -2.803 ], [ 13.6639, -2.8496 ], [ 13.6518, -2.8779 ], [ 13.6383, -2.8894 ] ] ] } },
{ "type": "Feature", "properties": { "iso3": "COG", "unit_id": "80182663B93603529928583", "unit_name": "Betou" }, "geometry": { "type": "Polygon", "coordinates": [ [ [ 18.202, 2.4054 ], [ 18.2189, 2.4319 ], [ 18.2194, 2.4412 ], [ 18.244, 2.4701 ], [ 18.2491, 2.4922 ], [ 18.2575, 2.5066 ], [ 18.2664, 2.5324 ], [ 18.2707, 2.5372 ], [ 18.2913, 2.546 ], [ 18.2945, 2.5507 ], [ 18.2935, 2.5607 ], [ 18.3017, 2.566 ], [ 18.3102, 2.5826 ], [ 18.3228, 2.5917 ], [ 18.3446, 2.6276 ], [ 18.3425, 2.6509 ], [ 18.3545, 2.663 ], [ 18.3645, 2.684 ], [ 18.3819, 2.698 ], [ 18.3927, 2.7158 ], [ 18.4027, 2.7257 ], [ 18.4131, 2.7466 ], [ 18.4223, 2.7578 ], [ 18.426, 2.767 ], [ 18.424, 2.7779 ], [ 18.4278, 2.7965 ], [ 18.4466, 2.8363 ], [ 18.4503, 2.8862 ], [ 18.4739, 2.9242 ], [ 18.4921, 2.9751 ], [ 18.5243, 3.0144 ], [ 18.5275, 3.0281 ], [ 18.524, 3.0342 ], [ 18.5178, 3.0367 ], [ 18.5233, 3.0478 ], [ 18.5482, 3.0792 ], [ 18.5614, 3.0823 ], [ 18.5916, 3.1034 ], [ 18.6042, 3.1366 ], [ 18.6286, 3.1835 ], [ 18.6389, 3.2117 ], [ 18.6398, 3.233 ], [ 18.6472, 3.2423 ], [ 18.6434, 3.2617 ], [ 18.6472, 3.2706 ], [ 18.6438, 3.3177 ], [ 18.6365, 3.3643 ], [ 18.6296, 3.3833 ], [ 18.6293, 3.3897 ], [ 18.6347, 3.3993 ], [ 18.6361, 3.4275 ], [ 18.6251, 3.4716 ], [ 18.6037, 3.4727 ], [ 18.595, 3.477 ], [ 18.5754, 3.5307 ], [ 18.5583, 3.549 ], [ 18.5513, 3.5635 ], [ 18.5442, 3.5961 ], [ 18.5356, 3.6101 ], [ 18.514, 3.6247 ], [ 18.4909, 3.6517 ], [ 18.4817, 3.6532 ], [ 18.4679, 3.6317 ], [ 18.4551, 3.6236 ], [ 18.4539, 3.6077 ], [ 18.4486, 3.6012 ], [ 18.4372, 3.5997 ], [ 18.4197, 3.609 ], [ 18.414, 3.6039 ], [ 18.4105, 3.5779 ], [ 18.3459, 3.6076 ], [ 18.3334, 3.6036 ], [ 18.3106, 3.5877 ], [ 18.3065, 3.5395 ], [ 18.3106, 3.4805 ], [ 18.3116, 3.3308 ], [ 18.3079, 3.3073 ], [ 18.2528, 3.1956 ], [ 18.2163, 3.1021 ], [ 18.2042, 2.6415 ], [ 18.1955, 2.5104 ], [ 18.1883, 2.4769 ], [ 18.1878, 2.4467 ], [ 18.202, 2.4054 ] ] ] } },
{ "type": "Feature", "properties": { "iso3": "COG", "unit_id": "80182663B20023793030532", "unit_name": "Bouanila" }, "geometry": { "type": "Polygon", "coordinates": [ [ [ 17.4793, 0.4341 ], [ 17.5392, 0.423 ], [ 17.5847, 0.4508 ], [ 17.612, 0.489 ], [ 17.6907, 0.7214 ], [ 17.7065, 0.7766 ], [ 17.7378, 0.9678 ], [ 17.3095, 0.9954 ], [ 17.2201, 1.0407 ], [ 17.1919, 1.053 ], [ 17.157, 1.062 ], [ 17.1205, 1.0778 ], [ 16.7503, 1.0893 ], [ 16.7451, 1.0759 ], [ 16.7299, 1.0628 ], [ 16.6929, 1.0432 ], [ 16.6742, 1.0267 ], [ 16.6554, 0.9934 ], [ 16.6548, 0.9547 ], [ 16.6496, 0.9464 ], [ 16.6457, 0.9095 ], [ 16.6487, 0.8842 ], [ 16.699, 0.7942 ], [ 16.8609, 0.5811 ], [ 16.918, 0.4977 ], [ 16.954, 0.4517 ], [ 16.9784, 0.4109 ], [ 17.0908, 0.3417 ], [ 17.1902, 0.2928 ], [ 17.3147, 0.2537 ], [ 17.3764, 0.2492 ], [ 17.3981, 0.2539 ], [ 17.4102, 0.2772 ], [ 17.4109, 0.3243 ], [ 17.4211, 0.3342 ], [ 17.4198, 0.3578 ], [ 17.4083, 0.3748 ], [ 17.3919, 0.3886 ], [ 17.3922, 0.4104 ], [ 17.4074, 0.4253 ], [ 17.4392, 0.4315 ], [ 17.4759, 0.4308 ], [ 17.4793, 0.4341 ] ] ] } },
{ "type": "Feature", "properties": { "iso3": "COG", "unit_id": "80182663B41171340123926", "unit_name": "Dongou" }, "geometry": { "type": "Polygon", "coordinates": [ [ [ 18.0908, 2.2125 ], [ 18.0811, 2.2316 ], [ 18.0363, 2.3568 ], [ 18.0003, 2.4028 ], [ 17.9742, 2.4453 ], [ 17.9198, 2.4833 ], [ 17.7297, 2.6027 ], [ 17.5775, 2.6877 ], [ 17.2464, 2.855 ], [ 17.1818, 2.883 ], [ 16.7788, 2.9321 ], [ 16.4915, 2.963 ], [ 16.4902, 2.9093 ], [ 16.5209, 2.8879 ], [ 16.5248, 2.8805 ], [ 16.5201, 2.8423 ], [ 16.4486, 2.7084 ], [ 16.4633, 2.7089 ], [ 16.4716, 2.7054 ], [ 16.4879, 2.6798 ], [ 16.4926, 2.6613 ], [ 16.5023, 2.6443 ], [ 16.4856, 2.6378 ], [ 16.4773, 2.643 ], [ 16.475, 2.6044 ], [ 16.4898, 2.589 ], [ 16.5148, 2.5869 ], [ 16.5313, 2.5748 ], [ 16.5327, 2.5563 ], [ 16.546, 2.551 ], [ 16.559, 2.5306 ], [ 16.5551, 2.4937 ], [ 16.5734, 2.4917 ], [ 16.5835, 2.4999 ], [ 16.612, 2.5061 ], [ 16.6303, 2.5025 ], [ 16.6517, 2.4869 ], [ 16.67, 2.4799 ], [ 16.6918, 2.4846 ], [ 16.7069, 2.4927 ], [ 16.7471, 2.5021 ], [ 16.7638, 2.5018 ], [ 16.7839, 2.5082 ], [ 16.8055, 2.5028 ], [ 16.824, 2.5142 ], [ 16.8571, 2.4934 ], [ 16.8837, 2.4879 ], [ 16.8903, 2.4845 ], [ 16.9115, 2.4538 ], [ 16.9098, 2.4471 ], [ 16.9245, 2.43 ], [ 16.9377, 2.4214 ], [ 16.9759, 2.4056 ], [ 16.984, 2.3903 ], [ 16.9991, 2.3985 ], [ 17.0308, 2.3996 ], [ 17.044, 2.3893 ], [ 17.0505, 2.3757 ], [ 17.062, 2.3654 ], [ 17.0667, 2.3435 ], [ 17.0764, 2.3282 ], [ 17.106, 2.2974 ], [ 17.136, 2.2985 ], [ 17.151, 2.2915 ], [ 17.1508, 2.2798 ], [ 17.1869, 2.2405 ], [ 17.2368, 2.2345 ], [ 17.2566, 2.2191 ], [ 17.273, 2.2003 ], [ 17.3161, 2.181 ], [ 17.3408, 2.1621 ], [ 17.3525, 2.1585 ], [ 17.3672, 2.1414 ], [ 17.372, 2.1262 ], [ 17.3834, 2.1075 ], [ 17.4014, 2.0887 ], [ 17.4215, 2.0884 ], [ 18.0558, 1.8419 ], [ 18.0596, 1.8601 ], [ 18.0555, 1.866 ], [ 18.0615, 1.8902 ], [ 18.0739, 1.8978 ], [ 18.0834, 1.9234 ], [ 18.0916, 1.9306 ], [ 18.0912, 1.9468 ], [ 18.0968, 1.9642 ], [ 18.0933, 1.9718 ], [ 18.0767, 1.9811 ], [ 18.076, 1.9853 ], [ 18.0808, 1.9931 ], [ 18.0767, 2.01 ], [ 18.0804, 2.0252 ], [ 18.0763, 2.0614 ], [ 18.0813, 2.0763 ], [ 18.0775, 2.1437 ], [ 18.0908, 2.2125 ] ] ] } },
{ "type": "Feature", "properties": { "iso3": "COG", "unit_id": "80182663B3260670959255", "unit_name": "Enyelle" }, "geometry": { "type": "Polygon", "coordinates": [ [ [ 18.3106, 3.5877 ], [ 18.2746, 3.5932 ], [ 18.2677, 3.5916 ], [ 18.2647, 3.5881 ], [ 18.2598, 3.5494 ], [ 18.2499, 3.5141 ], [ 18.2416, 3.5004 ], [ 18.2315, 3.4907 ], [ 18.189, 3.4812 ], [ 18.1761, 3.4882 ], [ 18.1698, 3.5008 ], [ 18.1635, 3.5275 ], [ 18.1526, 3.5449 ], [ 18.1447, 3.5533 ], [ 18.1235, 3.5661 ], [ 18.1051, 3.5715 ], [ 18.0708, 3.5753 ], [ 18.0488, 3.5682 ], [ 18.0, 3.5789 ], [ 17.9987, 3.5539 ], [ 17.9957, 3.5512 ], [ 17.9694, 3.5604 ], [ 17.9493, 3.5831 ], [ 17.9439, 3.5998 ], [ 17.9377, 3.6025 ], [ 17.9327, 3.599 ], [ 17.9193, 3.5735 ], [ 17.9023, 3.5593 ], [ 17.8904, 3.557 ], [ 17.8667, 3.5332 ], [ 17.8591, 3.533 ], [ 17.8455, 3.5632 ], [ 17.8446, 3.5788 ], [ 17.8403, 3.5871 ], [ 17.8401, 3.6053 ], [ 17.8333, 3.6233 ], [ 17.829, 3.6267 ], [ 17.7958, 3.6292 ], [ 17.7873, 3.6349 ], [ 17.7452, 3.6431 ], [ 17.7383, 3.6503 ], [ 17.733, 3.6512 ], [ 17.705, 3.6345 ], [ 17.6877, 3.6415 ], [ 17.6533, 3.639 ], [ 17.6063, 3.6412 ], [ 17.5976, 3.6436 ], [ 17.5876, 3.6583 ], [ 17.5576, 3.6692 ], [ 17.5437, 3.6858 ], [ 17.5066, 3.6919 ], [ 17.4917, 3.7021 ], [ 17.4741, 3.7031 ], [ 17.4511, 3.6937 ], [ 17.441, 3.6804 ], [ 17.4052, 3.6694 ], [ 17.3942, 3.6616 ], [ 17.3627, 3.607 ], [ 17.3487, 3.6049 ], [ 17.3157, 3.6193 ], [ 17.3045, 3.629 ], [ 17.2988, 3.6301 ], [ 17.2525, 3.6107 ], [ 17.2477, 3.6054 ], [ 17.2483, 3.5833 ], [ 17.2393, 3.5792 ], [ 17.1768, 3.5656 ], [ 17.1722, 3.5654 ], [ 17.1571, 3.5751 ], [ 17.1133, 3.5593 ], [ 17.0982, 3.5607 ], [ 17.0581, 3.5481 ], [ 17.0525, 3.5304 ], [ 17.0353, 3.5134 ], [ 17.0296, 3.5137 ], [ 17.0108, 3.5291 ], [ 17.0044, 3.5466 ], [ 16.9978, 3.5469 ], [ 16.9818, 3.5391 ], [ 16.976, 3.5405 ], [ 16.9573, 3.5599 ], [ 16.9327, 3.5521 ], [ 16.9101, 3.5501 ], [ 16.8961, 3.5519 ], [ 16.889, 3.5584 ], [ 16.8737, 3.5575 ], [ 16.8695, 3.549 ], [ 16.8743, 3.5363 ], [ 16.8734, 3.5271 ], [ 16.8607, 3.5115 ], [ 16.8518, 3.5106 ], [ 16.8335, 3.5203 ], [ 16.8207, 3.5215 ], [ 16.8026, 3.5434 ], [ 16.7545, 3.5571 ], [ 16.7261, 3.5491 ], [ 16.672, 3.5418 ], [ 16.6475, 3.5292 ], [ 16.6105, 3.4973 ], [ 16.5965, 3.4773 ], [ 16.5829, 3.4161 ], [ 16.5771, 3.3427 ], [ 16.5729, 3.3296 ], [ 16.5546, 3.3057 ], [ 16.5502, 3.2827 ], [ 16.5584, 3.2534 ], [ 16.5389, 3.2245 ], [ 16.5324, 3.2058 ], [ 16.509, 3.1711 ], [ 16.5058, 3.1599 ], [ 16.5123, 3.1205 ], [ 16.5219, 3.0995 ], [ 16.5388, 3.0795 ], [ 16.5445, 3.0657 ], [ 16.5033, 3.0213 ], [ 16.4934, 3.0043 ], [ 16.4915, 2.963 ], [ 16.7788, 2.9321 ], [ 17.1818, 2.883 ], [ 17.2464, 2.855 ], [ 17.5775, 2.6877 ], [ 17.7297, 2.6027 ], [ 17.9198, 2.4833 ], [ 17.9742, 2.4453 ], [ 18.0003, 2.4028 ], [ 18.0363, 2.3568 ], [ 18.0811, 2.2316 ], [ 18.0908, 2.2125 ], [ 18.0941, 2.2231 ], [ 18.0919, 2.2447 ], [ 18.0946, 2.2719 ], [ 18.1162, 2.294 ], [ 18.1388, 2.3006 ], [ 18.1775, 2.3345 ], [ 18.1865, 2.3452 ], [ 18.1832, 2.3707 ], [ 18.2001, 2.3874 ], [ 18.202, 2.4054 ], [ 18.1878, 2.4467 ], [ 18.1883, 2.4769 ], [ 18.1955, 2.5104 ], [ 18.2042, 2.6415 ], [ 18.2163, 3.1021 ], [ 18.2528, 3.1956 ], [ 18.3079, 3.3073 ], [ 18.3116, 3.3308 ], [ 18.3106, 3.4805 ], [ 18.3065, 3.5395 ], [ 18.3106, 3.5877 ] ] ] } },
{ "type": "Feature", "properties": { "iso3": "COG", "unit_id": "80182663B94467508351079", "unit_name": "Epena" }, "geometry": { "type": "Polygon", "coordinates": [ [ [ 17.7378, 0.9678 ], [ 17.9067, 1.8562 ], [ 17.919, 1.8947 ], [ 17.4215, 2.0884 ], [ 17.4014, 2.0887 ], [ 17.3834, 2.1075 ], [ 17.372, 2.1262 ], [ 17.3672, 2.1414 ], [ 17.3525, 2.1585 ], [ 17.3408, 2.1621 ], [ 17.3161, 2.181 ], [ 17.273, 2.2003 ], [ 17.2566, 2.2191 ], [ 17.2368, 2.2345 ], [ 17.1869, 2.2405 ], [ 17.1508, 2.2798 ], [ 17.151, 2.2915 ], [ 17.136, 2.2985 ], [ 17.106, 2.2974 ], [ 17.0764, 2.3282 ], [ 17.0667, 2.3435 ], [ 17.062, 2.3654 ], [ 17.0505, 2.3757 ], [ 17.044, 2.3893 ], [ 17.0308, 2.3996 ], [ 16.9991, 2.3985 ], [ 16.984, 2.3903 ], [ 16.9759, 2.4056 ], [ 16.9377, 2.4214 ], [ 16.9245, 2.43 ], [ 16.9098, 2.4471 ], [ 16.9115, 2.4538 ], [ 16.8903, 2.4845 ], [ 16.8837, 2.4879 ], [ 16.8571, 2.4934 ], [ 16.824, 2.5142 ], [ 16.8055, 2.5028 ], [ 16.7839, 2.5082 ], [ 16.7638, 2.5018 ], [ 16.7471, 2.5021 ], [ 16.7069, 2.4927 ], [ 16.6918, 2.4846 ], [ 16.67, 2.4799 ], [ 16.6863, 2.4544 ], [ 16.6957, 2.4139 ], [ 16.7349, 2.361 ], [ 16.7243, 2.3242 ], [ 16.7222, 2.2973 ], [ 16.7354, 2.2853 ], [ 16.7317, 2.2619 ], [ 16.7198, 2.2469 ], [ 16.7263, 2.2367 ], [ 16.7194, 2.2217 ], [ 16.7275, 2.2031 ], [ 16.7267, 2.1526 ], [ 16.7432, 2.1406 ], [ 16.7497, 2.1287 ], [ 16.7423, 2.0868 ], [ 16.7158, 2.0956 ], [ 16.7072, 2.0823 ], [ 16.6984, 2.0522 ], [ 16.7048, 2.0353 ], [ 16.7045, 2.0134 ], [ 16.7125, 1.9881 ], [ 16.72, 1.9358 ], [ 16.7099, 1.9276 ], [ 16.7128, 1.9006 ], [ 16.7286, 1.8482 ], [ 16.7352, 1.8413 ], [ 16.7349, 1.8212 ], [ 16.7005, 1.7545 ], [ 16.6846, 1.6959 ], [ 16.6694, 1.6878 ], [ 16.6693, 1.681 ], [ 16.6808, 1.6691 ], [ 16.6889, 1.6538 ], [ 16.687, 1.6336 ], [ 16.6818, 1.622 ], [ 16.6864, 1.5983 ], [ 16.6961, 1.5797 ], [ 16.6992, 1.5611 ], [ 16.7041, 1.5543 ], [ 16.6937, 1.5276 ], [ 16.6734, 1.5128 ], [ 16.6614, 1.4928 ], [ 16.6613, 1.4878 ], [ 16.6779, 1.4774 ], [ 16.6894, 1.4654 ], [ 16.6875, 1.4503 ], [ 16.6755, 1.4337 ], [ 16.6996, 1.3727 ], [ 16.6994, 1.3559 ], [ 16.7204, 1.3169 ], [ 16.7387, 1.3098 ], [ 16.7435, 1.2946 ], [ 16.7445, 1.2559 ], [ 16.7672, 1.2118 ], [ 16.7668, 1.1849 ], [ 16.7465, 1.1701 ], [ 16.7344, 1.1417 ], [ 16.7473, 1.1129 ], [ 16.7503, 1.0893 ], [ 17.1205, 1.0778 ], [ 17.157, 1.062 ], [ 17.1919, 1.053 ], [ 17.2201, 1.0407 ], [ 17.3095, 0.9954 ], [ 17.7378, 0.9678 ] ] ] } },
{ "type": "Feature", "properties": { "iso3": "COG", "unit_id": "80182663B14118192064696", "unit_name": "Impfondo" }, "geometry": { "type": "Polygon", "coordinates": [ [ [ 17.7065, 0.7766 ], [ 17.8714, 0.7829 ], [ 17.8709, 0.8055 ], [ 17.876, 0.8529 ], [ 17.8682, 0.8695 ], [ 17.8555, 0.8792 ], [ 17.8463, 0.8941 ], [ 17.846, 0.9141 ], [ 17.8403, 0.9327 ], [ 17.842, 0.9706 ], [ 17.8526, 0.9917 ], [ 17.8497, 1.0214 ], [ 17.862, 1.0367 ], [ 17.8611, 1.0588 ], [ 17.88, 1.081 ], [ 17.8794, 1.0919 ], [ 17.917, 1.1267 ], [ 17.9184, 1.1443 ], [ 17.914, 1.1542 ], [ 17.9201, 1.1798 ], [ 17.9278, 1.1912 ], [ 17.9311, 1.2117 ], [ 17.9439, 1.2277 ], [ 17.9392, 1.2405 ], [ 17.9426, 1.254 ], [ 17.9414, 1.2662 ], [ 17.9526, 1.2805 ], [ 17.9473, 1.2973 ], [ 17.9527, 1.3185 ], [ 17.9736, 1.3347 ], [ 17.975, 1.3542 ], [ 18.0025, 1.3967 ], [ 18.002, 1.4146 ], [ 18.0245, 1.4293 ], [ 18.0458, 1.4535 ], [ 18.0479, 1.4726 ], [ 18.0577, 1.5074 ], [ 18.0695, 1.5236 ], [ 18.0745, 1.5581 ], [ 18.0661, 1.5731 ], [ 18.0755, 1.5936 ], [ 18.0708, 1.6034 ], [ 18.0714, 1.6252 ], [ 18.0789, 1.6381 ], [ 18.0794, 1.6583 ], [ 18.0689, 1.6762 ], [ 18.0736, 1.693 ], [ 18.0695, 1.7146 ], [ 18.0729, 1.7269 ], [ 18.0708, 1.7417 ], [ 18.0746, 1.7528 ], [ 18.0704, 1.7693 ], [ 18.0622, 1.7733 ], [ 18.0613, 1.7826 ], [ 18.0681, 1.789 ], [ 18.053, 1.8169 ], [ 18.0558, 1.8419 ], [ 17.919, 1.8947 ], [ 17.9067, 1.8562 ], [ 17.7378, 0.9678 ], [ 17.7065, 0.7766 ] ] ] } },
{ "type": "Feature", "properties": { "iso3": "COG", "unit_id": "80182663B31169104761650", "unit_name": "Liranga" }, "geometry": { "type": "Polygon", "coordinates": [ [ [ 17.523, -0.7431 ], [ 17.5521, -0.7294 ], [ 17.566, -0.7016 ], [ 17.5876, -0.6862 ], [ 17.6397, -0.6723 ], [ 17.6616, -0.6558 ], [ 17.6811, -0.6159 ], [ 17.6947, -0.6001 ], [ 17.7044, -0.5798 ], [ 17.7105, -0.5181 ], [ 17.7052, -0.4888 ], [ 17.7052, -0.4632 ], [ 17.7112, -0.4406 ], [ 17.7187, -0.3662 ], [ 17.7165, -0.3564 ], [ 17.7105, -0.3481 ], [ 17.6975, -0.3386 ], [ 17.6958, -0.3258 ], [ 17.6819, -0.3143 ], [ 17.6691, -0.2827 ], [ 17.6727, -0.2621 ], [ 17.6778, -0.2536 ], [ 17.68, -0.2164 ], [ 17.6727, -0.1912 ], [ 17.6737, -0.1776 ], [ 17.7015, -0.1203 ], [ 17.7321, -0.0915 ], [ 17.7512, -0.0673 ], [ 17.7478, -0.0482 ], [ 17.7499, -0.0154 ], [ 17.7597, 0.0325 ], [ 17.7635, 0.0736 ], [ 17.7677, 0.0838 ], [ 17.7699, 0.1008 ], [ 17.7673, 0.1135 ], [ 17.772, 0.1366 ], [ 17.8099, 0.2001 ], [ 17.824, 0.2405 ], [ 17.848, 0.2612 ], [ 17.8832, 0.2791 ], [ 17.9163, 0.3054 ], [ 17.9196, 0.3145 ], [ 17.9155, 0.3228 ], [ 17.9373, 0.3447 ], [ 17.9427, 0.357 ], [ 17.9594, 0.3768 ], [ 17.9625, 0.3872 ], [ 17.9496, 0.4105 ], [ 17.9596, 0.4802 ], [ 17.9553, 0.4897 ], [ 17.9497, 0.494 ], [ 17.9437, 0.5238 ], [ 17.9235, 0.541 ], [ 17.8864, 0.5554 ], [ 17.872, 0.5806 ], [ 17.876, 0.5976 ], [ 17.8773, 0.6403 ], [ 17.8692, 0.6619 ], [ 17.8778, 0.6828 ], [ 17.8762, 0.6928 ], [ 17.8654, 0.7031 ], [ 17.8709, 0.7256 ], [ 17.8671, 0.7477 ], [ 17.8714, 0.7829 ], [ 17.7065, 0.7766 ], [ 17.6907, 0.7214 ], [ 17.612, 0.489 ], [ 17.5847, 0.4508 ], [ 17.5392, 0.423 ], [ 17.5076, 0.4286 ], [ 17.5225, 0.4199 ], [ 17.5437, 0.3909 ], [ 17.5517, 0.3689 ], [ 17.554, 0.2999 ], [ 17.5468, 0.1588 ], [ 17.5467, -0.0666 ], [ 17.5595, -0.4233 ], [ 17.5493, -0.4349 ], [ 17.4655, -0.568 ], [ 17.4718, -0.5917 ], [ 17.4832, -0.6137 ], [ 17.4844, -0.639 ], [ 17.497, -0.6913 ], [ 17.523, -0.7431 ] ] ] } },
{ "type": "Feature", "properties": { "iso3": "COG", "unit_id": "80182663B64178489244212", "unit_name": "Banba" }, "geometry": { "type": "Polygon", "coordinates": [ [ [ 12.2236, -3.9583 ], [ 12.2371, -3.9518 ], [ 12.2439, -3.9402 ], [ 12.2396, -3.8947 ], [ 12.2515, -3.8798 ], [ 12.2538, -3.8412 ], [ 12.2621, -3.8397 ], [ 12.2674, -3.8213 ], [ 12.3064, -3.7783 ], [ 12.3167, -3.7617 ], [ 12.3271, -3.73 ], [ 12.309, -3.7145 ], [ 12.3023, -3.7228 ], [ 12.2891, -3.7108 ], [ 12.2875, -3.7041 ], [ 12.2858, -3.7091 ], [ 12.2777, -3.6938 ], [ 12.2531, -3.6665 ], [ 12.2484, -3.6513 ], [ 12.2256, -3.614 ], [ 12.2283, -3.5502 ], [ 12.2256, -3.5064 ], [ 12.2162, -3.4676 ], [ 12.2164, -3.4542 ], [ 12.2001, -3.4287 ], [ 12.1886, -3.4201 ], [ 12.1638, -3.4096 ], [ 12.119, -3.3971 ], [ 12.0179, -3.3987 ], [ 11.9588, -3.4783 ], [ 11.9433, -3.4894 ], [ 11.8982, -3.5108 ], [ 11.8806, -3.5357 ], [ 11.8779, -3.5769 ], [ 11.8894, -3.5909 ], [ 11.9405, -3.6155 ], [ 11.9478, -3.6263 ], [ 11.914, -3.7029 ], [ 11.8957, -3.7343 ], [ 11.8843, -3.7474 ], [ 11.8761, -3.7504 ], [ 11.8588, -3.7452 ], [ 11.8848, -3.7743 ], [ 11.9346, -3.7869 ], [ 11.9775, -3.8196 ], [ 12.0053, -3.8503 ], [ 12.0284, -3.8675 ], [ 12.0566, -3.8764 ], [ 12.111, -3.911 ], [ 12.1358, -3.9232 ], [ 12.1624, -3.927 ], [ 12.181, -3.9155 ], [ 12.1909, -3.9191 ], [ 12.2023, -3.9361 ], [ 12.2236, -3.9583 ] ] ] } },
{ "type": "Feature", "properties": { "iso3": "COG", "unit_id": "80182663B78578564589232", "unit_name": "Divenie" }, "geometry": { "type": "Polygon", "coordinates": [ [ [ 12.5061, -2.4131 ], [ 12.5029, -2.4223 ], [ 12.4976, -2.424 ], [ 12.4683, -2.4213 ], [ 12.1766, -2.4213 ], [ 12.0922, -2.4393 ], [ 12.0776, -2.4253 ], [ 12.0576, -2.386 ], [ 12.0226, -2.3546 ], [ 12.0054, -2.3424 ], [ 11.9967, -2.3399 ], [ 11.9747, -2.3413 ], [ 11.9041, -2.3786 ], [ 11.8581, -2.3715 ], [ 11.8476, -2.3787 ], [ 11.8311, -2.3808 ], [ 11.8209, -2.3874 ], [ 11.7944, -2.4355 ], [ 11.7752, -2.4565 ], [ 11.7713, -2.457 ], [ 11.7619, -2.4535 ], [ 11.7296, -2.4269 ], [ 11.6978, -2.3728 ], [ 11.679, -2.3535 ], [ 11.6664, -2.3446 ], [ 11.6485, -2.3393 ], [ 11.6222, -2.3205 ], [ 11.6131, -2.32 ], [ 11.6071, -2.3251 ], [ 11.6097, -2.3568 ], [ 11.6138, -2.3674 ], [ 11.6509, -2.4214 ], [ 11.653, -2.4446 ], [ 11.6454, -2.4683 ], [ 11.6717, -2.4671 ], [ 11.6715, -2.4788 ], [ 11.6798, -2.4857 ], [ 11.6797, -2.4924 ], [ 11.698, -2.491 ], [ 11.6995, -2.5045 ], [ 11.7126, -2.5148 ], [ 11.7172, -2.5418 ], [ 11.7253, -2.5604 ], [ 11.777, -2.5546 ], [ 11.8036, -2.5601 ], [ 11.8168, -2.5704 ], [ 11.8395, -2.6111 ], [ 11.8651, -2.6787 ], [ 11.8947, -2.7044 ], [ 11.9344, -2.7203 ], [ 11.9343, -2.732 ], [ 11.952, -2.7693 ], [ 11.9984, -2.7869 ], [ 12.0301, -2.7858 ], [ 12.0366, -2.7976 ], [ 12.0482, -2.8012 ], [ 12.1025, -2.8475 ], [ 12.1537, -2.8736 ], [ 12.2002, -2.8828 ], [ 12.2187, -2.8764 ], [ 12.2338, -2.8649 ], [ 12.2724, -2.8471 ], [ 12.3765, -2.8019 ], [ 12.4035, -2.7805 ], [ 12.4055, -2.7587 ], [ 12.4125, -2.737 ], [ 12.4077, -2.7252 ], [ 12.3864, -2.7013 ], [ 12.3718, -2.6741 ], [ 12.3569, -2.6672 ], [ 12.3487, -2.6586 ], [ 12.3622, -2.6437 ], [ 12.3675, -2.6287 ], [ 12.4013, -2.5974 ], [ 12.4149, -2.5791 ], [ 12.4389, -2.5392 ], [ 12.4441, -2.5225 ], [ 12.4543, -2.5093 ], [ 12.4677, -2.5045 ], [ 12.4779, -2.4946 ], [ 12.4816, -2.4694 ], [ 12.5117, -2.4633 ], [ 12.5302, -2.4535 ], [ 12.5061, -2.4131 ] ] ] } },
{ "type": "Feature", "properties": { "iso3": "COG", "unit_id": "80182663B91710220720895", "unit_name": "Kibangou" }, "geometry": { "type": "Polygon", "coordinates": [ [ [ 12.3271, -3.73 ], [ 12.3458, -3.7101 ], [ 12.3478, -3.69 ], [ 12.3595, -3.6868 ], [ 12.368, -3.6736 ], [ 12.403, -3.6742 ], [ 12.4082, -3.6625 ], [ 12.3982, -3.6606 ], [ 12.3734, -3.6468 ], [ 12.3257, -3.6107 ], [ 12.3125, -3.5987 ], [ 12.3127, -3.5836 ], [ 12.3262, -3.572 ], [ 12.3496, -3.5708 ], [ 12.3716, -3.5493 ], [ 12.3983, -3.5464 ], [ 12.4098, -3.5584 ], [ 12.4762, -3.573 ], [ 12.4765, -3.5528 ], [ 12.4852, -3.5328 ], [ 12.5005, -3.5096 ], [ 12.5173, -3.4998 ], [ 12.5475, -3.4902 ], [ 12.5527, -3.4769 ], [ 12.5612, -3.4686 ], [ 12.5844, -3.4758 ], [ 12.6097, -3.456 ], [ 12.5731, -3.452 ], [ 12.5482, -3.4432 ], [ 12.5436, -3.4213 ], [ 12.5438, -3.4028 ], [ 12.5272, -3.4008 ], [ 12.5274, -3.3908 ], [ 12.5391, -3.3859 ], [ 12.5409, -3.3792 ], [ 12.5225, -3.3789 ], [ 12.521, -3.3739 ], [ 12.5261, -3.3672 ], [ 12.5212, -3.3554 ], [ 12.5162, -3.3553 ], [ 12.5233, -3.3319 ], [ 12.5, -3.3248 ], [ 12.5037, -3.3064 ], [ 12.487, -3.3061 ], [ 12.4922, -3.2911 ], [ 12.484, -3.2875 ], [ 12.4758, -3.279 ], [ 12.4758, -3.274 ], [ 12.4893, -3.2675 ], [ 12.4911, -3.2558 ], [ 12.4864, -3.2372 ], [ 12.4763, -3.2421 ], [ 12.4729, -3.2487 ], [ 12.4646, -3.2486 ], [ 12.463, -3.2435 ], [ 12.4547, -3.2383 ], [ 12.4515, -3.2282 ], [ 12.4401, -3.2145 ], [ 12.435, -3.2229 ], [ 12.4282, -3.2261 ], [ 12.4285, -3.2127 ], [ 12.4236, -3.2059 ], [ 12.4152, -3.2108 ], [ 12.4103, -3.1989 ], [ 12.4054, -3.1955 ], [ 12.4055, -3.1854 ], [ 12.4023, -3.182 ], [ 12.3938, -3.1885 ], [ 12.374, -3.1781 ], [ 12.3846, -3.1397 ], [ 12.3884, -3.1078 ], [ 12.3889, -3.0776 ], [ 12.384, -3.0708 ], [ 12.3842, -3.0574 ], [ 12.4009, -3.0526 ], [ 12.3998, -3.0173 ], [ 12.3936, -2.987 ], [ 12.3977, -2.935 ], [ 12.3967, -2.8946 ], [ 12.3903, -2.8777 ], [ 12.3905, -2.866 ], [ 12.3974, -2.8493 ], [ 12.4064, -2.8041 ], [ 12.4035, -2.7805 ], [ 12.3765, -2.8019 ], [ 12.2724, -2.8471 ], [ 12.2338, -2.8649 ], [ 12.2187, -2.8764 ], [ 12.2002, -2.8828 ], [ 12.1917, -2.8978 ], [ 12.1649, -2.9074 ], [ 12.1227, -2.9369 ], [ 12.106, -2.9433 ], [ 12.0941, -2.9565 ], [ 12.0677, -2.9743 ], [ 12.0657, -2.9865 ], [ 12.0506, -3.0111 ], [ 12.0182, -3.088 ], [ 12.0108, -3.1423 ], [ 12.0023, -3.1531 ], [ 11.9715, -3.1662 ], [ 11.9671, -3.1962 ], [ 11.9517, -3.208 ], [ 11.9653, -3.2144 ], [ 12.0018, -3.2419 ], [ 12.0433, -3.3236 ], [ 12.0484, -3.3394 ], [ 12.0455, -3.3526 ], [ 12.0179, -3.3987 ], [ 12.119, -3.3971 ], [ 12.1638, -3.4096 ], [ 12.1886, -3.4201 ], [ 12.2067, -3.4372 ], [ 12.2164, -3.4542 ], [ 12.2162, -3.4676 ], [ 12.2256, -3.5064 ], [ 12.2283, -3.5502 ], [ 12.2256, -3.614 ], [ 12.2484, -3.6513 ], [ 12.2531, -3.6665 ], [ 12.2777, -3.6938 ], [ 12.2858, -3.7091 ], [ 12.2875, -3.7041 ], [ 12.2891, -3.7108 ], [ 12.3023, -3.7228 ], [ 12.309, -3.7145 ], [ 12.3271, -3.73 ] ] ] } },
{ "type": "Feature", "properties": { "iso3": "COG", "unit_id": "80182663B29210185175287", "unit_name": "Kimongo" }, "geometry": { "type": "Polygon", "coordinates": [ [ [ 13.3241, -4.4579 ], [ 13.3043, -4.4492 ], [ 13.2946, -4.4305 ], [ 13.2846, -4.427 ], [ 13.2646, -4.4266 ], [ 13.258, -4.4215 ], [ 13.2497, -4.4213 ], [ 13.2396, -4.4262 ], [ 13.1898, -4.4169 ], [ 13.1683, -4.4031 ], [ 13.0443, -4.3438 ], [ 12.9598, -4.3105 ], [ 12.8999, -4.306 ], [ 12.8598, -4.307 ], [ 12.8217, -4.2946 ], [ 12.8098, -4.3078 ], [ 12.7898, -4.3108 ], [ 12.7813, -4.3241 ], [ 12.7844, -4.3376 ], [ 12.7926, -4.3462 ], [ 12.7839, -4.3695 ], [ 12.7853, -4.3864 ], [ 12.7821, -4.4014 ], [ 12.796, -4.4136 ], [ 12.8113, -4.4339 ], [ 12.8342, -4.4446 ], [ 12.8343, -4.4175 ], [ 12.8413, -4.4144 ], [ 12.845, -4.4161 ], [ 12.8523, -4.4296 ], [ 12.8879, -4.456 ], [ 12.9076, -4.4788 ], [ 12.9142, -4.4802 ], [ 12.9255, -4.4966 ], [ 12.9299, -4.4961 ], [ 12.9389, -4.5023 ], [ 12.962, -4.53 ], [ 12.9704, -4.535 ], [ 12.9924, -4.5685 ], [ 12.9896, -4.5719 ], [ 12.9814, -4.5699 ], [ 12.9701, -4.5797 ], [ 12.9839, -4.5851 ], [ 13.0087, -4.6122 ], [ 13.0338, -4.6336 ], [ 13.0843, -4.6656 ], [ 13.1018, -4.6851 ], [ 13.1106, -4.6742 ], [ 13.1087, -4.6643 ], [ 13.1, -4.656 ], [ 13.1, -4.6297 ], [ 13.0954, -4.6192 ], [ 13.1049, -4.6171 ], [ 13.1065, -4.5965 ], [ 13.1182, -4.5822 ], [ 13.1321, -4.5861 ], [ 13.1426, -4.597 ], [ 13.1434, -4.605 ], [ 13.1532, -4.6227 ], [ 13.1717, -4.6281 ], [ 13.1869, -4.6426 ], [ 13.1894, -4.65 ], [ 13.1967, -4.6553 ], [ 13.2056, -4.6783 ], [ 13.2165, -4.6766 ], [ 13.2317, -4.6911 ], [ 13.2343, -4.6988 ], [ 13.2469, -4.7048 ], [ 13.2515, -4.7105 ], [ 13.2484, -4.7172 ], [ 13.2516, -4.7338 ], [ 13.2563, -4.7421 ], [ 13.2655, -4.7432 ], [ 13.2782, -4.764 ], [ 13.293, -4.7463 ], [ 13.2949, -4.7346 ], [ 13.2853, -4.7042 ], [ 13.2624, -4.6786 ], [ 13.2543, -4.665 ], [ 13.2548, -4.6331 ], [ 13.2651, -4.6098 ], [ 13.3207, -4.5721 ], [ 13.3593, -4.5543 ], [ 13.3695, -4.541 ], [ 13.3648, -4.5241 ], [ 13.3598, -4.5207 ], [ 13.3568, -4.5022 ], [ 13.3336, -4.4917 ], [ 13.3307, -4.4664 ], [ 13.324, -4.4646 ], [ 13.3241, -4.4579 ] ] ] } },
{ "type": "Feature", "properties": { "iso3": "COG", "unit_id": "80182663B26879588579747", "unit_name": "Londela-Kayes" }, "geometry": { "type": "Polygon", "coordinates": [ [ [ 13.3695, -4.541 ], [ 13.3593, -4.5543 ], [ 13.3207, -4.5721 ], [ 13.2651, -4.6098 ], [ 13.2548, -4.6331 ], [ 13.2543, -4.665 ], [ 13.2624, -4.6786 ], [ 13.2853, -4.7042 ], [ 13.2949, -4.7346 ], [ 13.293, -4.7463 ], [ 13.2782, -4.764 ], [ 13.2851, -4.7697 ], [ 13.2995, -4.7738 ], [ 13.3039, -4.7827 ], [ 13.313, -4.7848 ], [ 13.3231, -4.7824 ], [ 13.3332, -4.7877 ], [ 13.3384, -4.7837 ], [ 13.3592, -4.7956 ], [ 13.3796, -4.8 ], [ 13.3827, -4.8049 ], [ 13.3819, -4.8158 ], [ 13.3794, -4.8178 ], [ 13.3713, -4.8157 ], [ 13.3694, -4.8214 ], [ 13.3786, -4.8326 ], [ 13.3842, -4.8467 ], [ 13.3952, -4.853 ], [ 13.4021, -4.8685 ], [ 13.408, -4.8731 ], [ 13.4139, -4.8712 ], [ 13.4146, -4.8612 ], [ 13.4235, -4.8641 ], [ 13.4399, -4.8628 ], [ 13.454, -4.85 ], [ 13.4682, -4.8561 ], [ 13.4717, -4.8514 ], [ 13.4697, -4.8463 ], [ 13.4809, -4.8473 ], [ 13.489, -4.8357 ], [ 13.4904, -4.8276 ], [ 13.513, -4.8254 ], [ 13.5115, -4.8121 ], [ 13.5214, -4.809 ], [ 13.5139, -4.7939 ], [ 13.5206, -4.7863 ], [ 13.5032, -4.775 ], [ 13.5043, -4.7663 ], [ 13.5075, -4.7643 ], [ 13.5066, -4.7543 ], [ 13.5152, -4.7466 ], [ 13.5294, -4.7623 ], [ 13.5363, -4.751 ], [ 13.5448, -4.7555 ], [ 13.5492, -4.7734 ], [ 13.5558, -4.7766 ], [ 13.5554, -4.7811 ], [ 13.5606, -4.7892 ], [ 13.5775, -4.8032 ], [ 13.59, -4.8041 ], [ 13.5973, -4.7944 ], [ 13.6077, -4.7965 ], [ 13.6225, -4.7828 ], [ 13.6231, -4.7758 ], [ 13.6075, -4.7787 ], [ 13.5946, -4.7465 ], [ 13.5698, -4.736 ], [ 13.5417, -4.7187 ], [ 13.5319, -4.7085 ], [ 13.4971, -4.6978 ], [ 13.489, -4.6842 ], [ 13.4544, -4.6534 ], [ 13.4278, -4.6529 ], [ 13.4149, -4.6258 ], [ 13.4151, -4.609 ], [ 13.4103, -4.5988 ], [ 13.4021, -4.5903 ], [ 13.3956, -4.5768 ], [ 13.389, -4.5766 ], [ 13.3908, -4.5666 ], [ 13.3695, -4.541 ] ] ] } },
{ "type": "Feature", "properties": { "iso3": "COG", "unit_id": "80182663B43021569713117", "unit_name": "Louvakou" }, "geometry": { "type": "Polygon", "coordinates": [ [ [ 12.6394, -3.6867 ], [ 12.5395, -3.6833 ], [ 12.3595, -3.6868 ], [ 12.3478, -3.69 ], [ 12.3458, -3.7101 ], [ 12.3271, -3.73 ], [ 12.3167, -3.7617 ], [ 12.3064, -3.7783 ], [ 12.2674, -3.8213 ], [ 12.2621, -3.8397 ], [ 12.2538, -3.8412 ], [ 12.2515, -3.8798 ], [ 12.2396, -3.8947 ], [ 12.2439, -3.9402 ], [ 12.2371, -3.9518 ], [ 12.2236, -3.9583 ], [ 12.2264, -3.9936 ], [ 12.2364, -3.9955 ], [ 12.2701, -3.9692 ], [ 12.29, -3.9779 ], [ 12.3049, -3.9799 ], [ 12.3165, -3.9868 ], [ 12.3282, -3.9836 ], [ 12.3332, -3.9871 ], [ 12.338, -3.9972 ], [ 12.3447, -3.9973 ], [ 12.3565, -3.9892 ], [ 12.3664, -3.996 ], [ 12.3728, -4.0079 ], [ 12.3895, -4.0082 ], [ 12.3944, -4.0167 ], [ 12.3942, -4.0284 ], [ 12.4025, -4.032 ], [ 12.4126, -4.0254 ], [ 12.4375, -4.0326 ], [ 12.4688, -4.0549 ], [ 12.495, -4.0823 ], [ 12.5031, -4.0992 ], [ 12.5028, -4.116 ], [ 12.5195, -4.1163 ], [ 12.5293, -4.1266 ], [ 12.5307, -4.1434 ], [ 12.5928, -4.2268 ], [ 12.6209, -4.2424 ], [ 12.6569, -4.285 ], [ 12.7178, -4.3348 ], [ 12.7455, -4.3722 ], [ 12.7587, -4.3825 ], [ 12.7622, -4.3895 ], [ 12.7692, -4.3884 ], [ 12.7821, -4.4014 ], [ 12.7853, -4.3864 ], [ 12.7839, -4.3695 ], [ 12.7926, -4.3462 ], [ 12.7844, -4.3376 ], [ 12.7813, -4.3241 ], [ 12.7898, -4.3108 ], [ 12.8098, -4.3078 ], [ 12.8217, -4.2946 ], [ 12.8598, -4.307 ], [ 12.8999, -4.306 ], [ 12.9598, -4.3105 ], [ 12.9466, -4.2985 ], [ 12.9222, -4.2594 ], [ 12.8776, -4.2351 ], [ 12.8447, -4.206 ], [ 12.8288, -4.1587 ], [ 12.8441, -4.1405 ], [ 12.8444, -4.122 ], [ 12.8363, -4.1067 ], [ 12.8213, -4.1048 ], [ 12.8081, -4.0945 ], [ 12.7983, -4.0809 ], [ 12.7923, -4.0421 ], [ 12.7792, -4.0285 ], [ 12.7659, -4.0215 ], [ 12.7644, -4.0114 ], [ 12.7512, -4.0028 ], [ 12.7383, -3.9773 ], [ 12.7235, -3.9636 ], [ 12.7025, -3.9213 ], [ 12.6909, -3.916 ], [ 12.686, -3.9092 ], [ 12.6861, -3.9025 ], [ 12.6763, -3.8923 ], [ 12.6532, -3.8768 ], [ 12.6369, -3.8529 ], [ 12.6136, -3.8492 ], [ 12.6039, -3.8289 ], [ 12.5974, -3.822 ], [ 12.6074, -3.8172 ], [ 12.619, -3.8241 ], [ 12.6326, -3.8042 ], [ 12.6411, -3.7976 ], [ 12.6561, -3.7928 ], [ 12.6596, -3.7845 ], [ 12.6514, -3.7759 ], [ 12.6353, -3.7404 ], [ 12.6374, -3.7135 ], [ 12.6491, -3.7104 ], [ 12.6543, -3.697 ], [ 12.6476, -3.6952 ], [ 12.6394, -3.6867 ] ] ] } },
{ "type": "Feature", "properties": { "iso3": "COG", "unit_id": "80182663B71388465023055", "unit_name": "Makabana" }, "geometry": { "type": "Polygon", "coordinates": [ [ [ 12.6915, -3.5549 ], [ 12.7, -3.5416 ], [ 12.7038, -3.5098 ], [ 12.701, -3.4761 ], [ 12.6885, -3.4609 ], [ 12.6428, -3.4667 ], [ 12.6097, -3.456 ], [ 12.5844, -3.4758 ], [ 12.5612, -3.4686 ], [ 12.5527, -3.4769 ], [ 12.5475, -3.4902 ], [ 12.5173, -3.4998 ], [ 12.5005, -3.5096 ], [ 12.4852, -3.5328 ], [ 12.4765, -3.5528 ], [ 12.4762, -3.573 ], [ 12.4098, -3.5584 ], [ 12.3983, -3.5464 ], [ 12.3716, -3.5493 ], [ 12.3496, -3.5708 ], [ 12.3262, -3.572 ], [ 12.3127, -3.5836 ], [ 12.3125, -3.5987 ], [ 12.3734, -3.6468 ], [ 12.3982, -3.6606 ], [ 12.4082, -3.6625 ], [ 12.403, -3.6742 ], [ 12.368, -3.6736 ], [ 12.3595, -3.6868 ], [ 12.5395, -3.6833 ], [ 12.6394, -3.6867 ], [ 12.6429, -3.6817 ], [ 12.6333, -3.653 ], [ 12.6338, -3.6211 ], [ 12.6526, -3.5895 ], [ 12.6764, -3.558 ], [ 12.6915, -3.5549 ] ] ] } },
{ "type": "Feature", "properties": { "iso3": "COG", "unit_id": "80182663B70736728686681", "unit_name": "Mayoko" }, "geometry": { "type": "Polygon", "coordinates": [ [ [ 13.0284, -2.3052 ], [ 13.0348, -2.2668 ], [ 13.0338, -2.2517 ], [ 13.0255, -2.2298 ], [ 13.0083, -2.204 ], [ 12.9554, -2.2224 ], [ 12.9486, -2.2307 ], [ 12.9319, -2.2337 ], [ 12.8852, -2.2363 ], [ 12.8636, -2.2275 ], [ 12.8103, -2.2249 ], [ 12.8122, -2.2132 ], [ 12.8064, -2.1576 ], [ 12.7954, -2.1121 ], [ 12.7839, -2.1052 ], [ 12.6039, -2.102 ], [ 12.5904, -2.1152 ], [ 12.5554, -2.1129 ], [ 12.5232, -2.101 ], [ 12.5221, -2.1159 ], [ 12.5108, -2.1587 ], [ 12.5273, -2.1861 ], [ 12.5322, -2.2139 ], [ 12.497, -2.268 ], [ 12.498, -2.2795 ], [ 12.5267, -2.3188 ], [ 12.5292, -2.3264 ], [ 12.5016, -2.3798 ], [ 12.5061, -2.4131 ], [ 12.5302, -2.4535 ], [ 12.5695, -2.4945 ], [ 12.5842, -2.5149 ], [ 12.6665, -2.5835 ], [ 12.6995, -2.606 ], [ 12.7195, -2.6046 ], [ 12.7492, -2.6203 ], [ 12.8042, -2.6195 ], [ 12.8244, -2.6065 ], [ 12.8814, -2.589 ], [ 12.9838, -2.537 ], [ 13.0425, -2.5128 ], [ 13.0493, -2.5062 ], [ 13.0484, -2.4575 ], [ 13.0558, -2.4106 ], [ 13.058, -2.372 ], [ 13.0363, -2.3783 ], [ 13.0163, -2.3763 ], [ 13.0029, -2.3811 ], [ 12.9948, -2.3692 ], [ 13.0118, -2.3426 ], [ 13.0171, -2.3259 ], [ 13.014, -2.3124 ], [ 13.0175, -2.2991 ], [ 13.0284, -2.3052 ] ] ] } },
{ "type": "Feature", "properties": { "iso3": "COG", "unit_id": "80182663B80845319978189", "unit_name": "Mbinda" }, "geometry": { "type": "Polygon", "coordinates": [ [ [ 13.0083, -2.204 ], [ 12.9987, -2.1952 ], [ 12.9666, -2.181 ], [ 12.9306, -2.1551 ], [ 12.9132, -2.1372 ], [ 12.8852, -2.0995 ], [ 12.8695, -2.0136 ], [ 12.8416, -1.9396 ], [ 12.829, -1.926 ], [ 12.7635, -1.8813 ], [ 12.7333, -1.8648 ], [ 12.7217, -1.8645 ], [ 12.7224, -1.8756 ], [ 12.747, -1.9029 ], [ 12.745, -1.9248 ], [ 12.7296, -1.9497 ], [ 12.7505, -2.0021 ], [ 12.7519, -2.0139 ], [ 12.7765, -2.0429 ], [ 12.7794, -2.0698 ], [ 12.7874, -2.0901 ], [ 12.7839, -2.1052 ], [ 12.7954, -2.1121 ], [ 12.8095, -2.1728 ], [ 12.8091, -2.198 ], [ 12.8122, -2.2132 ], [ 12.8103, -2.2249 ], [ 12.8636, -2.2275 ], [ 12.8852, -2.2363 ], [ 12.9319, -2.2337 ], [ 12.9486, -2.2307 ], [ 12.9554, -2.2224 ], [ 13.0083, -2.204 ] ] ] } },
{ "type": "Feature", "properties": { "iso3": "COG", "unit_id": "80182663B91660479339718", "unit_name": "Moungoundou-Nord" }, "geometry": { "type": "Polygon", "coordinates": [ [ [ 12.7839, -2.1052 ], [ 12.7874, -2.0901 ], [ 12.7794, -2.0698 ], [ 12.7765, -2.0429 ], [ 12.7519, -2.0139 ], [ 12.7505, -2.0021 ], [ 12.7296, -1.9497 ], [ 12.745, -1.9248 ], [ 12.747, -1.9029 ], [ 12.7224, -1.8756 ], [ 12.7217, -1.8645 ], [ 12.6837, -1.8767 ], [ 12.6501, -1.882 ], [ 12.6261, -1.8791 ], [ 12.5718, -1.8583 ], [ 12.5618, -1.8592 ], [ 12.5436, -1.8965 ], [ 12.5351, -1.9009 ], [ 12.5207, -1.9014 ], [ 12.485, -1.8885 ], [ 12.4715, -1.8743 ], [ 12.4621, -1.87 ], [ 12.4454, -1.87 ], [ 12.4441, -1.8746 ], [ 12.4673, -1.9435 ], [ 12.4752, -2.019 ], [ 12.4941, -2.0594 ], [ 12.52, -2.0867 ], [ 12.5232, -2.101 ], [ 12.5554, -2.1129 ], [ 12.5904, -2.1152 ], [ 12.6039, -2.102 ], [ 12.7839, -2.1052 ] ] ] } },
{ "type": "Feature", "properties": { "iso3": "COG", "unit_id": "80182663B84052938123030", "unit_name": "Moungoundou-Sud" }, "geometry": { "type": "Polygon", "coordinates": [ [ [ 13.0425, -2.5128 ], [ 12.9838, -2.537 ], [ 12.8814, -2.589 ], [ 12.8244, -2.6065 ], [ 12.8042, -2.6195 ], [ 12.7492, -2.6203 ], [ 12.7195, -2.6046 ], [ 12.6995, -2.606 ], [ 12.6665, -2.5835 ], [ 12.5842, -2.5149 ], [ 12.5695, -2.4945 ], [ 12.5302, -2.4535 ], [ 12.5117, -2.4633 ], [ 12.4816, -2.4694 ], [ 12.4779, -2.4946 ], [ 12.4677, -2.5045 ], [ 12.4543, -2.5093 ], [ 12.4441, -2.5225 ], [ 12.4389, -2.5392 ], [ 12.4149, -2.5791 ], [ 12.4013, -2.5974 ], [ 12.3675, -2.6287 ], [ 12.3622, -2.6437 ], [ 12.3487, -2.6586 ], [ 12.3569, -2.6672 ], [ 12.3718, -2.6741 ], [ 12.3864, -2.7013 ], [ 12.4077, -2.7252 ], [ 12.4125, -2.737 ], [ 12.4509, -2.7326 ], [ 12.4639, -2.7497 ], [ 12.4906, -2.7484 ], [ 12.5372, -2.7526 ], [ 12.547, -2.7696 ], [ 12.5385, -2.7778 ], [ 12.5383, -2.7879 ], [ 12.5482, -2.7948 ], [ 12.5732, -2.7936 ], [ 12.5865, -2.7972 ], [ 12.5964, -2.8074 ], [ 12.6146, -2.8111 ], [ 12.6413, -2.8116 ], [ 12.6731, -2.8054 ], [ 12.698, -2.8058 ], [ 12.7282, -2.798 ], [ 12.7698, -2.8004 ], [ 12.7947, -2.8058 ], [ 12.848, -2.8051 ], [ 12.9576, -2.8356 ], [ 12.9905, -2.8596 ], [ 13.0054, -2.8666 ], [ 13.0576, -2.8306 ], [ 13.0675, -2.8392 ], [ 13.0758, -2.841 ], [ 13.0826, -2.8293 ], [ 13.0632, -2.792 ], [ 13.0635, -2.7769 ], [ 13.0554, -2.7566 ], [ 13.0477, -2.7195 ], [ 13.0492, -2.6188 ], [ 13.0414, -2.5867 ], [ 13.0554, -2.5416 ], [ 13.0425, -2.5128 ] ] ] } },
{ "type": "Feature", "properties": { "iso3": "COG", "unit_id": "80182663B6676295065066", "unit_name": "Moutamba" }, "geometry": { "type": "Polygon", "coordinates": [ [ [ 12.9512, -3.2504 ], [ 12.9515, -3.2252 ], [ 12.902, -3.1941 ], [ 12.8956, -3.1788 ], [ 12.8857, -3.1703 ], [ 12.8776, -3.155 ], [ 12.8778, -3.1416 ], [ 12.8648, -3.1229 ], [ 12.85, -3.1108 ], [ 12.8332, -3.1173 ], [ 12.8317, -3.1088 ], [ 12.8527, -3.0454 ], [ 12.8529, -3.0303 ], [ 12.8748, -3.0138 ], [ 12.8806, -2.9602 ], [ 12.8776, -2.9417 ], [ 12.8694, -2.9314 ], [ 12.8566, -2.901 ], [ 12.8305, -2.8602 ], [ 12.8223, -2.8533 ], [ 12.8049, -2.8053 ], [ 12.7282, -2.798 ], [ 12.698, -2.8058 ], [ 12.6731, -2.8054 ], [ 12.6413, -2.8116 ], [ 12.6146, -2.8111 ], [ 12.5964, -2.8074 ], [ 12.5865, -2.7972 ], [ 12.5732, -2.7936 ], [ 12.5482, -2.7948 ], [ 12.5383, -2.7879 ], [ 12.5385, -2.7778 ], [ 12.547, -2.7696 ], [ 12.5372, -2.7526 ], [ 12.4906, -2.7484 ], [ 12.4639, -2.7497 ], [ 12.4509, -2.7326 ], [ 12.4125, -2.737 ], [ 12.4055, -2.7587 ], [ 12.4035, -2.7805 ], [ 12.4064, -2.8041 ], [ 12.4027, -2.8275 ], [ 12.3905, -2.866 ], [ 12.3903, -2.8777 ], [ 12.3967, -2.8946 ], [ 12.3977, -2.935 ], [ 12.3936, -2.987 ], [ 12.3998, -3.0173 ], [ 12.4009, -3.0526 ], [ 12.3842, -3.0574 ], [ 12.384, -3.0708 ], [ 12.3889, -3.0776 ], [ 12.3884, -3.1078 ], [ 12.3846, -3.1397 ], [ 12.374, -3.1781 ], [ 12.3938, -3.1885 ], [ 12.4023, -3.182 ], [ 12.4055, -3.1854 ], [ 12.4054, -3.1955 ], [ 12.4103, -3.1989 ], [ 12.4152, -3.2108 ], [ 12.4236, -3.2059 ], [ 12.4285, -3.2127 ], [ 12.4282, -3.2261 ], [ 12.435, -3.2229 ], [ 12.4401, -3.2145 ], [ 12.4515, -3.2282 ], [ 12.4547, -3.2383 ], [ 12.463, -3.2435 ], [ 12.4646, -3.2486 ], [ 12.4729, -3.2487 ], [ 12.4763, -3.2421 ], [ 12.4864, -3.2372 ], [ 12.4911, -3.2558 ], [ 12.4893, -3.2675 ], [ 12.4758, -3.274 ], [ 12.4758, -3.279 ], [ 12.484, -3.2875 ], [ 12.4922, -3.2911 ], [ 12.487, -3.3061 ], [ 12.5037, -3.3064 ], [ 12.5, -3.3248 ], [ 12.5233, -3.3319 ], [ 12.5162, -3.3553 ], [ 12.5212, -3.3554 ], [ 12.5261, -3.3672 ], [ 12.521, -3.3739 ], [ 12.5225, -3.3789 ], [ 12.5409, -3.3792 ], [ 12.5391, -3.3859 ], [ 12.5274, -3.3908 ], [ 12.5272, -3.4008 ], [ 12.5438, -3.4028 ], [ 12.5436, -3.4213 ], [ 12.5482, -3.4432 ], [ 12.5731, -3.452 ], [ 12.5931, -3.4524 ], [ 12.6428, -3.4667 ], [ 12.6885, -3.4609 ], [ 12.6766, -3.4421 ], [ 12.6767, -3.4303 ], [ 12.6853, -3.412 ], [ 12.6827, -3.3666 ], [ 12.7082, -3.3351 ], [ 12.7569, -3.3125 ], [ 12.7701, -3.3194 ], [ 12.7934, -3.3232 ], [ 12.8002, -3.3149 ], [ 12.8169, -3.3118 ], [ 12.8353, -3.3038 ], [ 12.8469, -3.3107 ], [ 12.8619, -3.3109 ], [ 12.8617, -3.3227 ], [ 12.8733, -3.3246 ], [ 12.8818, -3.3147 ], [ 12.8969, -3.3116 ], [ 12.9021, -3.2999 ], [ 12.917, -3.3018 ], [ 12.9235, -3.3137 ], [ 12.9419, -3.3073 ], [ 12.9473, -3.2872 ], [ 12.9459, -3.2671 ], [ 12.9512, -3.2504 ] ] ] } },
{ "type": "Feature", "properties": { "iso3": "COG", "unit_id": "80182663B6451378720545", "unit_name": "Nyanga" }, "geometry": { "type": "MultiPolygon", "coordinates": [ [ [ [ 11.9715, -3.1662 ], [ 11.9474, -3.1718 ], [ 11.9394, -3.1783 ], [ 11.9351, -3.1879 ], [ 11.9435, -3.2043 ], [ 11.9517, -3.208 ], [ 11.9671, -3.1962 ], [ 11.9715, -3.1662 ] ] ], [ [ [ 11.6454, -2.4683 ], [ 11.6371, -2.504 ], [ 11.6362, -2.5208 ], [ 11.6534, -2.5606 ], [ 11.6619, -2.5912 ], [ 11.6963, -2.6473 ], [ 11.7038, -2.673 ], [ 11.7016, -2.6871 ], [ 11.6965, -2.6912 ], [ 11.656, -2.689 ], [ 11.6414, -2.6982 ], [ 11.6323, -2.7426 ], [ 11.6161, -2.7842 ], [ 11.6227, -2.7989 ], [ 11.6301, -2.8058 ], [ 11.6885, -2.8357 ], [ 11.7116, -2.8378 ], [ 11.7965, -2.8614 ], [ 11.8666, -2.8921 ], [ 11.8946, -2.9002 ], [ 12.0112, -2.9488 ], [ 12.057, -2.9616 ], [ 12.0666, -2.9694 ], [ 12.0677, -2.9743 ], [ 12.0941, -2.9565 ], [ 12.106, -2.9433 ], [ 12.1227, -2.9369 ], [ 12.1649, -2.9074 ], [ 12.1917, -2.8978 ], [ 12.2002, -2.8828 ], [ 12.1537, -2.8736 ], [ 12.1025, -2.8475 ], [ 12.0482, -2.8012 ], [ 12.0366, -2.7976 ], [ 12.0301, -2.7858 ], [ 11.9984, -2.7869 ], [ 11.952, -2.7693 ], [ 11.9343, -2.732 ], [ 11.9344, -2.7203 ], [ 11.8947, -2.7044 ], [ 11.8651, -2.6787 ], [ 11.8395, -2.6111 ], [ 11.8168, -2.5704 ], [ 11.8036, -2.5601 ], [ 11.777, -2.5546 ], [ 11.7253, -2.5604 ], [ 11.7172, -2.5418 ], [ 11.7126, -2.5148 ], [ 11.6995, -2.5045 ], [ 11.698, -2.491 ], [ 11.6797, -2.4924 ], [ 11.6798, -2.4857 ], [ 11.6715, -2.4788 ], [ 11.6717, -2.4671 ], [ 11.6454, -2.4683 ] ] ] ] } },
{ "type": "Feature", "properties": { "iso3": "COG", "unit_id": "80182663B47196449538944", "unit_name": "Yaya" }, "geometry": { "type": "Polygon", "coordinates": [ [ [ 13.0054, -2.8666 ], [ 12.9905, -2.8596 ], [ 12.9576, -2.8356 ], [ 12.9178, -2.8231 ], [ 12.848, -2.8051 ], [ 12.8049, -2.8053 ], [ 12.8223, -2.8533 ], [ 12.8305, -2.8602 ], [ 12.8566, -2.901 ], [ 12.8694, -2.9314 ], [ 12.8776, -2.9417 ], [ 12.8806, -2.9602 ], [ 12.8748, -3.0138 ], [ 12.8529, -3.0303 ], [ 12.8527, -3.0454 ], [ 12.8317, -3.1088 ], [ 12.8332, -3.1173 ], [ 12.85, -3.1108 ], [ 12.8648, -3.1229 ], [ 12.8778, -3.1416 ], [ 12.8776, -3.155 ], [ 12.8857, -3.1703 ], [ 12.8956, -3.1788 ], [ 12.902, -3.1941 ], [ 12.9515, -3.2252 ], [ 12.9512, -3.2504 ], [ 12.9611, -3.2556 ], [ 12.9642, -3.2691 ], [ 12.9726, -3.2658 ], [ 12.9792, -3.271 ], [ 12.9842, -3.2711 ], [ 13.0044, -3.258 ], [ 13.0194, -3.2566 ], [ 13.0309, -3.2635 ], [ 13.0311, -3.2534 ], [ 13.0245, -3.2466 ], [ 13.0263, -3.2382 ], [ 13.0347, -3.2367 ], [ 13.0349, -3.2249 ], [ 13.0498, -3.2286 ], [ 13.0567, -3.2169 ], [ 13.06, -3.217 ], [ 13.0668, -3.207 ], [ 13.0705, -3.1819 ], [ 13.0854, -3.1905 ], [ 13.0921, -3.189 ], [ 13.0956, -3.179 ], [ 13.1056, -3.1791 ], [ 13.109, -3.1708 ], [ 13.1121, -3.0785 ], [ 13.1175, -3.0517 ], [ 13.1399, -3.0084 ], [ 13.1384, -2.9983 ], [ 13.1302, -2.9864 ], [ 13.1187, -2.9778 ], [ 13.1071, -2.9742 ], [ 13.1006, -2.9624 ], [ 13.0842, -2.947 ], [ 13.0693, -2.9383 ], [ 13.041, -2.9344 ], [ 13.0163, -2.9172 ], [ 13.0035, -2.8817 ], [ 13.0054, -2.8666 ] ] ] } },
{ "type": "Feature", "properties": { "iso3": "COG", "unit_id": "80182663B99678936867158", "unit_name": "Abala" }, "geometry": { "type": "Polygon", "coordinates": [ [ [ 15.2845, -2.0464 ], [ 15.2847, -2.034 ], [ 15.2915, -2.0274 ], [ 15.3402, -2.0031 ], [ 15.3501, -2.005 ], [ 15.3551, -2.0101 ], [ 15.3701, -2.007 ], [ 15.3752, -2.0004 ], [ 15.3835, -1.9988 ], [ 15.3853, -1.9921 ], [ 15.3903, -1.9939 ], [ 15.3971, -1.9856 ], [ 15.4053, -1.9925 ], [ 15.4104, -1.9842 ], [ 15.4221, -1.9827 ], [ 15.4205, -1.9776 ], [ 15.4322, -1.9779 ], [ 15.4323, -1.9695 ], [ 15.4473, -1.9714 ], [ 15.4491, -1.9597 ], [ 15.4542, -1.9564 ], [ 15.4758, -1.9551 ], [ 15.4791, -1.9619 ], [ 15.5042, -1.9539 ], [ 15.5022, -1.6533 ], [ 15.5157, -1.6401 ], [ 15.5261, -1.6168 ], [ 15.5361, -1.6102 ], [ 15.5346, -1.6001 ], [ 15.5732, -1.5823 ], [ 15.6187, -1.5496 ], [ 15.6205, -1.5395 ], [ 15.6513, -1.488 ], [ 15.6618, -1.4563 ], [ 15.6754, -1.4414 ], [ 15.6877, -1.3996 ], [ 15.6962, -1.3897 ], [ 15.6998, -1.3663 ], [ 15.7067, -1.3563 ], [ 15.7035, -1.3445 ], [ 15.6953, -1.3343 ], [ 15.6838, -1.3274 ], [ 15.6609, -1.2984 ], [ 15.6912, -1.2821 ], [ 15.7486, -1.2277 ], [ 15.7554, -1.2195 ], [ 15.7778, -1.1728 ], [ 15.7733, -1.1375 ], [ 15.777, -1.1191 ], [ 15.7607, -1.0919 ], [ 15.7679, -1.0568 ], [ 15.7281, -1.0443 ], [ 15.7017, -1.0288 ], [ 15.6837, -1.01 ], [ 15.669, -0.9879 ], [ 15.6445, -0.9692 ], [ 15.6191, -0.9923 ], [ 15.5871, -1.0135 ], [ 15.5737, -1.0167 ], [ 15.5535, -1.0281 ], [ 15.5416, -1.048 ], [ 15.543, -1.0615 ], [ 15.5295, -1.0747 ], [ 15.5094, -1.0844 ], [ 15.4956, -1.1094 ], [ 15.4429, -1.1773 ], [ 15.4311, -1.1872 ], [ 15.4243, -1.1988 ], [ 15.4224, -1.2139 ], [ 15.3987, -1.232 ], [ 15.3996, -1.2824 ], [ 15.3877, -1.3007 ], [ 15.3727, -1.3004 ], [ 15.3641, -1.3171 ], [ 15.3638, -1.3372 ], [ 15.3552, -1.3572 ], [ 15.3416, -1.3687 ], [ 15.3347, -1.3867 ], [ 15.331, -1.4105 ], [ 15.3224, -1.4255 ], [ 15.3039, -1.4369 ], [ 15.2903, -1.4535 ], [ 15.2766, -1.4768 ], [ 15.2678, -1.5085 ], [ 15.2473, -1.5401 ], [ 15.2454, -1.5602 ], [ 15.2301, -1.5801 ], [ 15.2166, -1.5849 ], [ 15.2128, -1.6151 ], [ 15.2044, -1.6233 ], [ 15.2108, -1.6419 ], [ 15.1971, -1.6635 ], [ 15.1631, -1.7049 ], [ 15.1527, -1.73 ], [ 15.129, -1.7564 ], [ 15.1287, -1.7782 ], [ 15.1152, -1.7847 ], [ 15.11, -1.7981 ], [ 15.0949, -1.8079 ], [ 15.1257, -1.8605 ], [ 15.1307, -1.8606 ], [ 15.1499, -1.913 ], [ 15.1873, -1.9724 ], [ 15.2151, -2.0065 ], [ 15.2333, -2.0186 ], [ 15.2731, -2.0327 ], [ 15.2845, -2.0464 ] ] ] } },
{ "type": "Feature", "properties": { "iso3": "COG", "unit_id": "80182663B22829457444922", "unit_name": "Allembe" }, "geometry": { "type": "Polygon", "coordinates": [ [ [ 15.1891, -1.2082 ], [ 15.1839, -1.2249 ], [ 15.1721, -1.2297 ], [ 15.1718, -1.2532 ], [ 15.1533, -1.2647 ], [ 15.153, -1.2814 ], [ 15.1429, -1.288 ], [ 15.1411, -1.2964 ], [ 15.1441, -1.3216 ], [ 15.1322, -1.3315 ], [ 15.1334, -1.3617 ], [ 15.1201, -1.3615 ], [ 15.1182, -1.3799 ], [ 15.108, -1.3882 ], [ 15.1195, -1.4018 ], [ 15.0994, -1.4048 ], [ 15.1008, -1.4267 ], [ 15.0939, -1.4417 ], [ 15.1053, -1.4553 ], [ 15.1001, -1.472 ], [ 15.0933, -1.482 ], [ 15.0663, -1.4983 ], [ 15.046, -1.5198 ], [ 15.034, -1.5448 ], [ 15.0404, -1.56 ], [ 15.0368, -1.5734 ], [ 15.0184, -1.5831 ], [ 15.0018, -1.5761 ], [ 14.9563, -1.6073 ], [ 14.9726, -1.6327 ], [ 14.969, -1.6495 ], [ 14.9754, -1.6647 ], [ 14.9719, -1.6798 ], [ 15.0358, -1.7497 ], [ 15.0949, -1.8079 ], [ 15.11, -1.7981 ], [ 15.1152, -1.7847 ], [ 15.1287, -1.7782 ], [ 15.129, -1.7564 ], [ 15.1527, -1.73 ], [ 15.1631, -1.7049 ], [ 15.1971, -1.6635 ], [ 15.2108, -1.6419 ], [ 15.2044, -1.6233 ], [ 15.2128, -1.6151 ], [ 15.2166, -1.5849 ], [ 15.2301, -1.5801 ], [ 15.2454, -1.5602 ], [ 15.2473, -1.5401 ], [ 15.2678, -1.5085 ], [ 15.2766, -1.4768 ], [ 15.2903, -1.4535 ], [ 15.3039, -1.4369 ], [ 15.3224, -1.4255 ], [ 15.331, -1.4105 ], [ 15.3347, -1.3867 ], [ 15.3416, -1.3687 ], [ 15.3552, -1.3572 ], [ 15.3638, -1.3372 ], [ 15.3641, -1.3171 ], [ 15.3727, -1.3004 ], [ 15.3877, -1.3007 ], [ 15.3996, -1.2824 ], [ 15.3987, -1.232 ], [ 15.4224, -1.2139 ], [ 15.4243, -1.1988 ], [ 15.4311, -1.1872 ], [ 15.4429, -1.1773 ], [ 15.4956, -1.1094 ], [ 15.5094, -1.0844 ], [ 15.5295, -1.0747 ], [ 15.543, -1.0615 ], [ 15.5416, -1.048 ], [ 15.5535, -1.0281 ], [ 15.5737, -1.0167 ], [ 15.5871, -1.0135 ], [ 15.6191, -0.9923 ], [ 15.6445, -0.9692 ], [ 15.6264, -0.9538 ], [ 15.5864, -0.9531 ], [ 15.5763, -0.9596 ], [ 15.5614, -0.9509 ], [ 15.5464, -0.9524 ], [ 15.5396, -0.959 ], [ 15.5394, -0.9707 ], [ 15.5327, -0.9773 ], [ 15.5161, -0.9737 ], [ 15.4743, -0.978 ], [ 15.4591, -0.9928 ], [ 15.4425, -0.9858 ], [ 15.4257, -1.0006 ], [ 15.409, -1.002 ], [ 15.3868, -1.0369 ], [ 15.3698, -1.0551 ], [ 15.3431, -1.0597 ], [ 15.3363, -1.0663 ], [ 15.3362, -1.0747 ], [ 15.3244, -1.0812 ], [ 15.3226, -1.0896 ], [ 15.2856, -1.1124 ], [ 15.2757, -1.1072 ], [ 15.2706, -1.1122 ], [ 15.2704, -1.1273 ], [ 15.2653, -1.1322 ], [ 15.2519, -1.1354 ], [ 15.2386, -1.1334 ], [ 15.2335, -1.1384 ], [ 15.2127, -1.1901 ], [ 15.2125, -1.2086 ], [ 15.2041, -1.2135 ], [ 15.1891, -1.2082 ] ] ] } },
{ "type": "Feature", "properties": { "iso3": "COG", "unit_id": "80182663B89648347368178", "unit_name": "Djambala" }, "geometry": { "type": "Polygon", "coordinates": [ [ [ 14.2547, -3.0127 ], [ 14.2781, -3.0064 ], [ 14.2964, -3.0118 ], [ 14.3029, -3.0237 ], [ 14.3178, -3.0256 ], [ 14.3227, -3.0324 ], [ 14.3674, -3.0517 ], [ 14.3924, -3.0504 ], [ 14.4076, -3.0389 ], [ 14.4124, -3.0491 ], [ 14.4392, -3.0462 ], [ 14.4457, -3.0564 ], [ 14.4523, -3.0565 ], [ 14.5099, -3.1062 ], [ 14.5507, -3.0515 ], [ 14.571, -3.0351 ], [ 14.6168, -2.9804 ], [ 14.6471, -2.9642 ], [ 14.6506, -2.9491 ], [ 14.6625, -2.9359 ], [ 14.6876, -2.9279 ], [ 14.7216, -2.8882 ], [ 14.7302, -2.8665 ], [ 14.7654, -2.8537 ], [ 14.7908, -2.8323 ], [ 14.7996, -2.7989 ], [ 14.7999, -2.7821 ], [ 14.81, -2.7705 ], [ 14.8284, -2.7658 ], [ 14.8438, -2.7425 ], [ 14.8606, -2.731 ], [ 14.8858, -2.7197 ], [ 14.9102, -2.7588 ], [ 14.9148, -2.7841 ], [ 14.9312, -2.8045 ], [ 14.9386, -2.8601 ], [ 14.9383, -2.8802 ], [ 14.9297, -2.9002 ], [ 14.9493, -2.9241 ], [ 14.9693, -2.9278 ], [ 14.9943, -2.9249 ], [ 15.0328, -2.9138 ], [ 15.0512, -2.9124 ], [ 15.0695, -2.9128 ], [ 15.0793, -2.9247 ], [ 15.1027, -2.9184 ], [ 15.1177, -2.9186 ], [ 15.1098, -2.8916 ], [ 15.1136, -2.8648 ], [ 15.1105, -2.8446 ], [ 15.1025, -2.826 ], [ 15.1094, -2.8127 ], [ 15.1112, -2.8009 ], [ 15.118, -2.791 ], [ 15.1182, -2.7809 ], [ 15.1267, -2.771 ], [ 15.1502, -2.7596 ], [ 15.1587, -2.7463 ], [ 15.1406, -2.7343 ], [ 15.1391, -2.7242 ], [ 15.1226, -2.7087 ], [ 15.1194, -2.7003 ], [ 15.1213, -2.6852 ], [ 15.1148, -2.6784 ], [ 15.0767, -2.6643 ], [ 15.0786, -2.6458 ], [ 15.1076, -2.606 ], [ 15.1161, -2.5894 ], [ 15.1348, -2.5679 ], [ 15.1584, -2.5481 ], [ 15.1569, -2.5397 ], [ 15.1438, -2.5243 ], [ 15.135, -2.4452 ], [ 15.1256, -2.4064 ], [ 15.1258, -2.3964 ], [ 15.1046, -2.3658 ], [ 15.1083, -2.3423 ], [ 15.1187, -2.319 ], [ 15.1222, -2.3022 ], [ 15.1226, -2.2787 ], [ 15.1176, -2.2803 ], [ 15.1128, -2.2668 ], [ 15.0516, -2.2355 ], [ 15.0333, -2.2335 ], [ 15.0018, -2.2229 ], [ 14.8319, -2.2199 ], [ 14.8234, -2.2281 ], [ 14.8182, -2.2398 ], [ 14.8179, -2.26 ], [ 14.8145, -2.2683 ], [ 14.7961, -2.273 ], [ 14.7859, -2.2829 ], [ 14.7841, -2.293 ], [ 14.7624, -2.2943 ], [ 14.7439, -2.304 ], [ 14.7066, -2.3437 ], [ 14.6948, -2.3586 ], [ 14.6827, -2.3836 ], [ 14.6809, -2.3953 ], [ 14.669, -2.4052 ], [ 14.6553, -2.4285 ], [ 14.6501, -2.4468 ], [ 14.6179, -2.4816 ], [ 14.6008, -2.5065 ], [ 14.5924, -2.5097 ], [ 14.5789, -2.5246 ], [ 14.5722, -2.5278 ], [ 14.5669, -2.5411 ], [ 14.5719, -2.5463 ], [ 14.5462, -2.5912 ], [ 14.5459, -2.6113 ], [ 14.5242, -2.6143 ], [ 14.5138, -2.6393 ], [ 14.4901, -2.6624 ], [ 14.4874, -2.7262 ], [ 14.4772, -2.7378 ], [ 14.4771, -2.7495 ], [ 14.4584, -2.7694 ], [ 14.4549, -2.7828 ], [ 14.458, -2.7946 ], [ 14.4512, -2.8045 ], [ 14.4177, -2.8174 ], [ 14.4108, -2.829 ], [ 14.4063, -2.8004 ], [ 14.3931, -2.7884 ], [ 14.38, -2.7781 ], [ 14.3584, -2.7743 ], [ 14.3535, -2.7625 ], [ 14.3405, -2.7472 ], [ 14.3155, -2.745 ], [ 14.322, -2.7536 ], [ 14.3167, -2.7719 ], [ 14.3296, -2.8024 ], [ 14.3294, -2.8175 ], [ 14.3442, -2.8295 ], [ 14.3456, -2.848 ], [ 14.3586, -2.8701 ], [ 14.3466, -2.8867 ], [ 14.3213, -2.9064 ], [ 14.3162, -2.913 ], [ 14.3092, -2.9348 ], [ 14.2652, -2.9793 ], [ 14.2547, -3.0127 ] ] ] } },
{ "type": "Feature", "properties": { "iso3": "COG", "unit_id": "80182663B56595298180819", "unit_name": "Gamboma" }, "geometry": { "type": "Polygon", "coordinates": [ [ [ 15.2845, -2.0464 ], [ 15.2974, -2.0752 ], [ 15.3197, -2.1411 ], [ 15.3227, -2.1629 ], [ 15.3423, -2.1918 ], [ 15.4276, -2.1698 ], [ 15.4693, -2.1672 ], [ 15.4696, -2.1487 ], [ 15.4648, -2.1369 ], [ 15.4649, -2.1268 ], [ 15.4699, -2.1252 ], [ 15.483, -2.1406 ], [ 15.5196, -2.1445 ], [ 15.5356, -2.1885 ], [ 15.5486, -2.2106 ], [ 15.5669, -2.2159 ], [ 15.5986, -2.2098 ], [ 15.6137, -2.2016 ], [ 15.6321, -2.2003 ], [ 15.6687, -2.2076 ], [ 15.6835, -2.2196 ], [ 15.6951, -2.2215 ], [ 15.7002, -2.2149 ], [ 15.7119, -2.2117 ], [ 15.7352, -2.2155 ], [ 15.752, -2.204 ], [ 15.7668, -2.2194 ], [ 15.8199, -2.2355 ], [ 15.848, -2.2511 ], [ 15.8729, -2.2532 ], [ 15.9028, -2.2621 ], [ 15.9175, -2.2792 ], [ 15.9357, -2.2862 ], [ 15.9773, -2.292 ], [ 15.9922, -2.2973 ], [ 16.0137, -2.2936 ], [ 16.0306, -2.2805 ], [ 16.0422, -2.2807 ], [ 16.0488, -2.2842 ], [ 16.0572, -2.2793 ], [ 16.0839, -2.2797 ], [ 16.094, -2.2749 ], [ 16.1156, -2.2769 ], [ 16.1238, -2.2855 ], [ 16.1766, -2.2915 ], [ 16.1755, -2.2656 ], [ 16.1883, -2.1863 ], [ 16.2147, -2.1528 ], [ 16.2208, -2.1263 ], [ 16.3043, -2.0795 ], [ 16.335, -2.0546 ], [ 16.3075, -2.0402 ], [ 16.3027, -2.0283 ], [ 16.2726, -2.0328 ], [ 16.2712, -2.0177 ], [ 16.2577, -2.0259 ], [ 16.248, -2.0089 ], [ 16.2379, -2.0138 ], [ 16.2364, -2.002 ], [ 16.2465, -1.9954 ], [ 16.2384, -1.9835 ], [ 16.2506, -1.9485 ], [ 16.2416, -1.8828 ], [ 16.2502, -1.8679 ], [ 16.2556, -1.8428 ], [ 16.2445, -1.8056 ], [ 16.2299, -1.7802 ], [ 16.2327, -1.708 ], [ 16.2247, -1.6861 ], [ 16.2202, -1.6524 ], [ 16.122, -1.6473 ], [ 16.0902, -1.6535 ], [ 16.0486, -1.6494 ], [ 16.0338, -1.6391 ], [ 15.9841, -1.6231 ], [ 15.9544, -1.6008 ], [ 15.9399, -1.572 ], [ 15.9135, -1.5547 ], [ 15.8903, -1.5493 ], [ 15.8875, -1.5156 ], [ 15.8776, -1.5037 ], [ 15.866, -1.5018 ], [ 15.836, -1.5047 ], [ 15.8227, -1.5011 ], [ 15.7942, -1.5106 ], [ 15.7824, -1.5239 ], [ 15.7726, -1.5103 ], [ 15.6394, -1.5079 ], [ 15.6205, -1.5395 ], [ 15.6187, -1.5496 ], [ 15.5732, -1.5823 ], [ 15.5346, -1.6001 ], [ 15.5361, -1.6102 ], [ 15.5261, -1.6168 ], [ 15.5157, -1.6401 ], [ 15.5022, -1.6533 ], [ 15.5042, -1.9539 ], [ 15.4791, -1.9619 ], [ 15.4758, -1.9551 ], [ 15.4542, -1.9564 ], [ 15.4491, -1.9597 ], [ 15.4473, -1.9714 ], [ 15.4323, -1.9695 ], [ 15.4322, -1.9779 ], [ 15.4205, -1.9776 ], [ 15.4221, -1.9827 ], [ 15.4104, -1.9842 ], [ 15.4053, -1.9925 ], [ 15.3971, -1.9856 ], [ 15.3903, -1.9939 ], [ 15.3853, -1.9921 ], [ 15.3835, -1.9988 ], [ 15.3752, -2.0004 ], [ 15.3701, -2.007 ], [ 15.3551, -2.0101 ], [ 15.3501, -2.005 ], [ 15.3402, -2.0031 ], [ 15.2915, -2.0274 ], [ 15.2847, -2.034 ], [ 15.2845, -2.0464 ] ] ] } },
{ "type": "Feature", "properties": { "iso3": "COG", "unit_id": "80182663B45778341505764", "unit_name": "Lekana" }, "geometry": { "type": "Polygon", "coordinates": [ [ [ 14.382, -1.8882 ], [ 14.3133, -1.9308 ], [ 14.2573, -1.9832 ], [ 14.2505, -1.9973 ], [ 14.2474, -2.0187 ], [ 14.247, -2.0334 ], [ 14.2554, -2.0879 ], [ 14.2532, -2.1056 ], [ 14.2252, -2.1271 ], [ 14.2109, -2.1575 ], [ 14.1641, -2.177 ], [ 14.158, -2.1876 ], [ 14.1564, -2.1943 ], [ 14.1645, -2.209 ], [ 14.2169, -2.2849 ], [ 14.2213, -2.2966 ], [ 14.2136, -2.3141 ], [ 14.179, -2.3421 ], [ 14.166, -2.3601 ], [ 14.1197, -2.4488 ], [ 14.1029, -2.474 ], [ 14.083, -2.4816 ], [ 14.0693, -2.4741 ], [ 14.0502, -2.4555 ], [ 14.0445, -2.4556 ], [ 13.9944, -2.4959 ], [ 14.0125, -2.5063 ], [ 14.0244, -2.4947 ], [ 14.0359, -2.5033 ], [ 14.0461, -2.4917 ], [ 14.0579, -2.4852 ], [ 14.0645, -2.4853 ], [ 14.076, -2.4956 ], [ 14.0825, -2.5075 ], [ 14.0925, -2.506 ], [ 14.109, -2.5163 ], [ 14.1189, -2.5266 ], [ 14.1321, -2.5319 ], [ 14.1488, -2.5288 ], [ 14.1554, -2.5356 ], [ 14.1534, -2.5591 ], [ 14.1466, -2.5691 ], [ 14.1367, -2.5588 ], [ 14.13, -2.5637 ], [ 14.123, -2.5804 ], [ 14.1246, -2.5905 ], [ 14.1609, -2.6096 ], [ 14.166, -2.6064 ], [ 14.1679, -2.593 ], [ 14.1729, -2.5897 ], [ 14.1863, -2.5866 ], [ 14.1928, -2.5984 ], [ 14.1908, -2.6186 ], [ 14.169, -2.6283 ], [ 14.1519, -2.6515 ], [ 14.1302, -2.6561 ], [ 14.1481, -2.6816 ], [ 14.1581, -2.6852 ], [ 14.1665, -2.6803 ], [ 14.1832, -2.6789 ], [ 14.2013, -2.696 ], [ 14.2179, -2.6963 ], [ 14.2314, -2.6881 ], [ 14.2531, -2.6852 ], [ 14.2663, -2.6938 ], [ 14.2847, -2.6874 ], [ 14.298, -2.6876 ], [ 14.3029, -2.6978 ], [ 14.3059, -2.718 ], [ 14.2822, -2.7411 ], [ 14.2835, -2.763 ], [ 14.2886, -2.7614 ], [ 14.3055, -2.7432 ], [ 14.3405, -2.7472 ], [ 14.3535, -2.7625 ], [ 14.3584, -2.7743 ], [ 14.38, -2.7781 ], [ 14.4063, -2.8004 ], [ 14.4108, -2.829 ], [ 14.4177, -2.8174 ], [ 14.4428, -2.8094 ], [ 14.4512, -2.8045 ], [ 14.458, -2.7946 ], [ 14.4549, -2.7828 ], [ 14.4584, -2.7694 ], [ 14.4771, -2.7495 ], [ 14.4772, -2.7378 ], [ 14.4874, -2.7262 ], [ 14.4901, -2.6624 ], [ 14.5138, -2.6393 ], [ 14.5242, -2.6143 ], [ 14.5459, -2.6113 ], [ 14.5462, -2.5912 ], [ 14.5719, -2.5463 ], [ 14.5669, -2.5411 ], [ 14.5722, -2.5278 ], [ 14.5789, -2.5246 ], [ 14.5924, -2.5097 ], [ 14.6008, -2.5065 ], [ 14.6179, -2.4816 ], [ 14.6501, -2.4468 ], [ 14.6553, -2.4285 ], [ 14.669, -2.4052 ], [ 14.6809, -2.3953 ], [ 14.6827, -2.3836 ], [ 14.6948, -2.3586 ], [ 14.7066, -2.3437 ], [ 14.7439, -2.304 ], [ 14.7624, -2.2943 ], [ 14.7841, -2.293 ], [ 14.7859, -2.2829 ], [ 14.7961, -2.273 ], [ 14.8145, -2.2683 ], [ 14.8179, -2.26 ], [ 14.8182, -2.2398 ], [ 14.8234, -2.2281 ], [ 14.8455, -2.1983 ], [ 14.8459, -2.1748 ], [ 14.8345, -2.1578 ], [ 14.8197, -2.1441 ], [ 14.8068, -2.117 ], [ 14.8037, -2.1018 ], [ 14.8042, -2.0699 ], [ 14.8098, -2.0297 ], [ 14.8066, -2.0196 ], [ 14.8238, -1.9896 ], [ 14.8239, -1.9795 ], [ 14.8291, -1.9712 ], [ 14.8225, -1.9661 ], [ 14.8225, -1.961 ], [ 14.8325, -1.9612 ], [ 14.836, -1.9512 ], [ 14.8445, -1.9446 ], [ 14.8446, -1.9329 ], [ 14.865, -1.908 ], [ 14.8669, -1.8929 ], [ 14.8738, -1.8813 ], [ 14.8787, -1.8831 ], [ 14.8872, -1.8748 ], [ 14.8972, -1.875 ], [ 14.896, -1.8447 ], [ 14.8994, -1.8414 ], [ 14.8996, -1.8246 ], [ 14.9081, -1.8164 ], [ 14.9197, -1.8199 ], [ 14.945, -1.8019 ], [ 14.9454, -1.7734 ], [ 14.9539, -1.7618 ], [ 14.9525, -1.75 ], [ 14.9411, -1.7313 ], [ 14.9528, -1.7248 ], [ 14.9413, -1.7179 ], [ 14.9499, -1.6979 ], [ 14.9617, -1.6913 ], [ 14.9585, -1.6846 ], [ 14.9668, -1.6847 ], [ 14.9719, -1.6798 ], [ 14.9754, -1.6647 ], [ 14.969, -1.6495 ], [ 14.9726, -1.6327 ], [ 14.9563, -1.6073 ], [ 14.923, -1.6067 ], [ 14.908, -1.6098 ], [ 14.8932, -1.5978 ], [ 14.8646, -1.6107 ], [ 14.8561, -1.6223 ], [ 14.8361, -1.6253 ], [ 14.821, -1.6318 ], [ 14.7856, -1.6563 ], [ 14.772, -1.6746 ], [ 14.7602, -1.6828 ], [ 14.7533, -1.6961 ], [ 14.7528, -1.7263 ], [ 14.7341, -1.7512 ], [ 14.7305, -1.7696 ], [ 14.6952, -1.7925 ], [ 14.6832, -1.8091 ], [ 14.6796, -1.8258 ], [ 14.6678, -1.8357 ], [ 14.646, -1.8454 ], [ 14.6523, -1.8674 ], [ 14.6455, -1.8807 ], [ 14.6167, -1.907 ], [ 14.5928, -1.9436 ], [ 14.5471, -1.9898 ], [ 14.5373, -1.9812 ], [ 14.5255, -1.9878 ], [ 14.5153, -2.0027 ], [ 14.5117, -2.0178 ], [ 14.4782, -2.0289 ], [ 14.4597, -2.0387 ], [ 14.3935, -2.0123 ], [ 14.3756, -1.9801 ], [ 14.381, -1.9567 ], [ 14.382, -1.8882 ] ] ] } },
{ "type": "Feature", "properties": { "iso3": "COG", "unit_id": "80182663B18114655133106", "unit_name": "Makotimpoko" }, "geometry": { "type": "Polygon", "coordinates": [ [ [ 16.3946, -1.5214 ], [ 16.384, -1.5092 ], [ 16.3576, -1.4919 ], [ 16.3392, -1.4983 ], [ 16.3293, -1.4914 ], [ 16.318, -1.4661 ], [ 16.3183, -1.4493 ], [ 16.3067, -1.4457 ], [ 16.3012, -1.4792 ], [ 16.2464, -1.4648 ], [ 16.2314, -1.4679 ], [ 16.2263, -1.4745 ], [ 16.2172, -1.5197 ], [ 16.2139, -1.6288 ], [ 16.2247, -1.6861 ], [ 16.2327, -1.708 ], [ 16.2299, -1.7802 ], [ 16.2445, -1.8056 ], [ 16.2556, -1.8428 ], [ 16.2502, -1.8679 ], [ 16.2416, -1.8828 ], [ 16.2506, -1.9485 ], [ 16.2384, -1.9835 ], [ 16.2465, -1.9954 ], [ 16.2364, -2.002 ], [ 16.2379, -2.0138 ], [ 16.248, -2.0089 ], [ 16.2577, -2.0259 ], [ 16.2712, -2.0177 ], [ 16.2726, -2.0328 ], [ 16.3027, -2.0283 ], [ 16.3075, -2.0402 ], [ 16.335, -2.0546 ], [ 16.3419, -2.049 ], [ 16.4172, -1.9432 ], [ 16.5164, -1.87 ], [ 16.5469, -1.8534 ], [ 16.5592, -1.8373 ], [ 16.5607, -1.7996 ], [ 16.5707, -1.7743 ], [ 16.5728, -1.7336 ], [ 16.5901, -1.7122 ], [ 16.647, -1.6066 ], [ 16.6069, -1.6042 ], [ 16.594, -1.5753 ], [ 16.5979, -1.5384 ], [ 16.5861, -1.5466 ], [ 16.5481, -1.5258 ], [ 16.4963, -1.5299 ], [ 16.4826, -1.5515 ], [ 16.4726, -1.553 ], [ 16.4612, -1.5343 ], [ 16.4494, -1.5409 ], [ 16.4392, -1.5525 ], [ 16.4192, -1.5521 ], [ 16.4296, -1.5271 ], [ 16.3946, -1.5214 ] ] ] } },
{ "type": "Feature", "properties": { "iso3": "COG", "unit_id": "80182663B79501777704055", "unit_name": "Mbon" }, "geometry": { "type": "Polygon", "coordinates": [ [ [ 15.0949, -1.8079 ], [ 15.0358, -1.7497 ], [ 14.9719, -1.6798 ], [ 14.9668, -1.6847 ], [ 14.9585, -1.6846 ], [ 14.9617, -1.6913 ], [ 14.9499, -1.6979 ], [ 14.9413, -1.7179 ], [ 14.9528, -1.7248 ], [ 14.9411, -1.7313 ], [ 14.9525, -1.75 ], [ 14.9539, -1.7618 ], [ 14.9454, -1.7734 ], [ 14.945, -1.8019 ], [ 14.9197, -1.8199 ], [ 14.9081, -1.8164 ], [ 14.8996, -1.8246 ], [ 14.8994, -1.8414 ], [ 14.896, -1.8447 ], [ 14.8972, -1.875 ], [ 14.8872, -1.8748 ], [ 14.8787, -1.8831 ], [ 14.8738, -1.8813 ], [ 14.8669, -1.8929 ], [ 14.865, -1.908 ], [ 14.8446, -1.9329 ], [ 14.8445, -1.9446 ], [ 14.836, -1.9512 ], [ 14.8325, -1.9612 ], [ 14.8225, -1.961 ], [ 14.8225, -1.9661 ], [ 14.8291, -1.9712 ], [ 14.8239, -1.9795 ], [ 14.8238, -1.9896 ], [ 14.8066, -2.0196 ], [ 14.8098, -2.0297 ], [ 14.8042, -2.0699 ], [ 14.8037, -2.1018 ], [ 14.8068, -2.117 ], [ 14.8197, -2.1441 ], [ 14.8345, -2.1578 ], [ 14.8459, -2.1748 ], [ 14.8455, -2.1983 ], [ 14.8319, -2.2199 ], [ 15.0018, -2.2229 ], [ 15.0333, -2.2335 ], [ 15.0516, -2.2355 ], [ 15.1128, -2.2668 ], [ 15.1176, -2.2803 ], [ 15.1226, -2.2787 ], [ 15.1262, -2.262 ], [ 15.1346, -2.2554 ], [ 15.1466, -2.2338 ], [ 15.1585, -2.2222 ], [ 15.1636, -2.2122 ], [ 15.1638, -2.2005 ], [ 15.1757, -2.1889 ], [ 15.1758, -2.1805 ], [ 15.1843, -2.1706 ], [ 15.1861, -2.1606 ], [ 15.2063, -2.1458 ], [ 15.2099, -2.1307 ], [ 15.2183, -2.1242 ], [ 15.2235, -2.1108 ], [ 15.2402, -2.1078 ], [ 15.2438, -2.0927 ], [ 15.2658, -2.0696 ], [ 15.266, -2.0578 ], [ 15.2844, -2.0548 ], [ 15.2845, -2.0464 ], [ 15.2731, -2.0327 ], [ 15.2333, -2.0186 ], [ 15.2151, -2.0065 ], [ 15.1873, -1.9724 ], [ 15.1499, -1.913 ], [ 15.1307, -1.8606 ], [ 15.1257, -1.8605 ], [ 15.0949, -1.8079 ] ] ] } },
{ "type": "Feature", "properties": { "iso3": "COG", "unit_id": "80182663B79405965847710", "unit_name": "Mpouya" }, "geometry": { "type": "Polygon", "coordinates": [ [ [ 15.9922, -2.2973 ], [ 15.9855, -2.3022 ], [ 15.9836, -2.3173 ], [ 15.9669, -2.3203 ], [ 15.9549, -2.3386 ], [ 15.9564, -2.3538 ], [ 15.9359, -2.382 ], [ 15.9357, -2.3987 ], [ 15.9185, -2.4287 ], [ 15.9059, -2.494 ], [ 15.865, -2.5537 ], [ 15.8108, -2.6082 ], [ 15.8039, -2.6215 ], [ 15.7984, -2.6534 ], [ 15.8032, -2.6702 ], [ 15.7945, -2.6936 ], [ 15.7943, -2.707 ], [ 15.7841, -2.7203 ], [ 15.7707, -2.7201 ], [ 15.7542, -2.7114 ], [ 15.7353, -2.7497 ], [ 15.735, -2.7682 ], [ 15.7447, -2.7868 ], [ 15.7578, -2.8005 ], [ 15.7658, -2.8208 ], [ 15.7671, -2.8493 ], [ 15.7902, -2.8539 ], [ 15.8, -2.8642 ], [ 15.8067, -2.8643 ], [ 15.8151, -2.856 ], [ 15.8187, -2.8393 ], [ 15.8301, -2.8546 ], [ 15.8451, -2.8566 ], [ 15.8582, -2.8686 ], [ 15.8717, -2.8587 ], [ 15.8817, -2.8589 ], [ 15.8898, -2.8708 ], [ 15.9114, -2.8779 ], [ 15.9162, -2.8914 ], [ 15.9379, -2.8901 ], [ 15.9688, -2.936 ], [ 15.9837, -2.9396 ], [ 15.9868, -2.9564 ], [ 15.9967, -2.9617 ], [ 16.0084, -2.9602 ], [ 16.042, -2.9456 ], [ 16.0753, -2.9446 ], [ 16.0787, -2.9379 ], [ 16.0921, -2.9364 ], [ 16.1036, -2.9467 ], [ 16.1253, -2.9404 ], [ 16.1385, -2.9524 ], [ 16.1502, -2.9509 ], [ 16.16, -2.9578 ], [ 16.1768, -2.9547 ], [ 16.1734, -2.923 ], [ 16.1762, -2.8679 ], [ 16.1889, -2.8184 ], [ 16.1988, -2.7934 ], [ 16.1937, -2.7585 ], [ 16.2036, -2.708 ], [ 16.2172, -2.6878 ], [ 16.2285, -2.6552 ], [ 16.2337, -2.5972 ], [ 16.2208, -2.5689 ], [ 16.1812, -2.4051 ], [ 16.1766, -2.2915 ], [ 16.1238, -2.2855 ], [ 16.1156, -2.2769 ], [ 16.094, -2.2749 ], [ 16.0839, -2.2797 ], [ 16.0572, -2.2793 ], [ 16.0488, -2.2842 ], [ 16.0422, -2.2807 ], [ 16.0306, -2.2805 ], [ 16.0137, -2.2936 ], [ 15.9922, -2.2973 ] ] ] } },
{ "type": "Feature", "properties": { "iso3": "COG", "unit_id": "80182663B25840870466216", "unit_name": "Ngo" }, "geometry": { "type": "Polygon", "coordinates": [ [ [ 15.1177, -2.9186 ], [ 15.1294, -2.9205 ], [ 15.1474, -2.9427 ], [ 15.1666, -2.9884 ], [ 15.2014, -3.0024 ], [ 15.2177, -3.0262 ], [ 15.2294, -3.0281 ], [ 15.2724, -3.0456 ], [ 15.2993, -3.0344 ], [ 15.3409, -3.0351 ], [ 15.3807, -3.0492 ], [ 15.4409, -3.0368 ], [ 15.4561, -3.0237 ], [ 15.4795, -3.019 ], [ 15.5285, -2.9728 ], [ 15.5402, -2.973 ], [ 15.552, -2.9649 ], [ 15.5605, -2.9549 ], [ 15.5606, -2.9465 ], [ 15.5822, -2.9486 ], [ 15.5907, -2.942 ], [ 15.6091, -2.9356 ], [ 15.6362, -2.9075 ], [ 15.6495, -2.9111 ], [ 15.6711, -2.9098 ], [ 15.6716, -2.883 ], [ 15.6799, -2.8831 ], [ 15.6918, -2.8699 ], [ 15.7034, -2.8701 ], [ 15.7186, -2.8603 ], [ 15.7469, -2.8608 ], [ 15.7603, -2.8559 ], [ 15.7671, -2.8493 ], [ 15.7658, -2.8208 ], [ 15.7578, -2.8005 ], [ 15.7447, -2.7868 ], [ 15.735, -2.7682 ], [ 15.7353, -2.7497 ], [ 15.7542, -2.7114 ], [ 15.7707, -2.7201 ], [ 15.7841, -2.7203 ], [ 15.7943, -2.707 ], [ 15.7945, -2.6936 ], [ 15.8032, -2.6702 ], [ 15.7984, -2.6534 ], [ 15.8039, -2.6215 ], [ 15.8108, -2.6082 ], [ 15.865, -2.5537 ], [ 15.9059, -2.494 ], [ 15.9185, -2.4287 ], [ 15.9357, -2.3987 ], [ 15.9359, -2.382 ], [ 15.9564, -2.3538 ], [ 15.9549, -2.3386 ], [ 15.9669, -2.3203 ], [ 15.9836, -2.3173 ], [ 15.9855, -2.3022 ], [ 15.9922, -2.2973 ], [ 15.9773, -2.292 ], [ 15.9357, -2.2862 ], [ 15.9175, -2.2792 ], [ 15.9028, -2.2621 ], [ 15.8729, -2.2532 ], [ 15.848, -2.2511 ], [ 15.8199, -2.2355 ], [ 15.7668, -2.2194 ], [ 15.752, -2.204 ], [ 15.7352, -2.2155 ], [ 15.7119, -2.2117 ], [ 15.7002, -2.2149 ], [ 15.6951, -2.2215 ], [ 15.6835, -2.2196 ], [ 15.6687, -2.2076 ], [ 15.6321, -2.2003 ], [ 15.6137, -2.2016 ], [ 15.5986, -2.2098 ], [ 15.5669, -2.2159 ], [ 15.5486, -2.2106 ], [ 15.5356, -2.1885 ], [ 15.5196, -2.1445 ], [ 15.483, -2.1406 ], [ 15.4699, -2.1252 ], [ 15.4649, -2.1268 ], [ 15.4648, -2.1369 ], [ 15.4696, -2.1487 ], [ 15.4693, -2.1672 ], [ 15.4276, -2.1698 ], [ 15.3423, -2.1918 ], [ 15.3227, -2.1629 ], [ 15.3197, -2.1411 ], [ 15.2974, -2.0752 ], [ 15.2845, -2.0464 ], [ 15.2844, -2.0548 ], [ 15.266, -2.0578 ], [ 15.2658, -2.0696 ], [ 15.2438, -2.0927 ], [ 15.2402, -2.1078 ], [ 15.2235, -2.1108 ], [ 15.2183, -2.1242 ], [ 15.2099, -2.1307 ], [ 15.2063, -2.1458 ], [ 15.1861, -2.1606 ], [ 15.1843, -2.1706 ], [ 15.1758, -2.1805 ], [ 15.1757, -2.1889 ], [ 15.1638, -2.2005 ], [ 15.1636, -2.2122 ], [ 15.1585, -2.2222 ], [ 15.1466, -2.2338 ], [ 15.1346, -2.2554 ], [ 15.1262, -2.262 ], [ 15.1187, -2.319 ], [ 15.1048, -2.3557 ], [ 15.1046, -2.3658 ], [ 15.1258, -2.3964 ], [ 15.1256, -2.4064 ], [ 15.135, -2.4452 ], [ 15.1438, -2.5243 ], [ 15.1569, -2.5397 ], [ 15.1584, -2.5481 ], [ 15.1348, -2.5679 ], [ 15.1161, -2.5894 ], [ 15.1076, -2.606 ], [ 15.0786, -2.6458 ], [ 15.0767, -2.6643 ], [ 15.1148, -2.6784 ], [ 15.1213, -2.6852 ], [ 15.1194, -2.7003 ], [ 15.1226, -2.7087 ], [ 15.1391, -2.7242 ], [ 15.1406, -2.7343 ], [ 15.1587, -2.7463 ], [ 15.1502, -2.7596 ], [ 15.1267, -2.771 ], [ 15.1182, -2.7809 ], [ 15.118, -2.791 ], [ 15.1112, -2.8009 ], [ 15.1094, -2.8127 ], [ 15.1025, -2.826 ], [ 15.1105, -2.8446 ], [ 15.1136, -2.8648 ], [ 15.1098, -2.8916 ], [ 15.1177, -2.9186 ] ] ] } },
{ "type": "Feature", "properties": { "iso3": "COG", "unit_id": "80182663B99017452905297", "unit_name": "Ollombo" }, "geometry": { "type": "Polygon", "coordinates": [ [ [ 15.6445, -0.9692 ], [ 15.669, -0.9879 ], [ 15.6837, -1.01 ], [ 15.7017, -1.0288 ], [ 15.7281, -1.0443 ], [ 15.7679, -1.0568 ], [ 15.7607, -1.0919 ], [ 15.777, -1.1191 ], [ 15.7733, -1.1375 ], [ 15.778, -1.1611 ], [ 15.7778, -1.1728 ], [ 15.7554, -1.2195 ], [ 15.7486, -1.2277 ], [ 15.6912, -1.2821 ], [ 15.6609, -1.2984 ], [ 15.6838, -1.3274 ], [ 15.6953, -1.3343 ], [ 15.7035, -1.3445 ], [ 15.7067, -1.3563 ], [ 15.6998, -1.3663 ], [ 15.6962, -1.3897 ], [ 15.6877, -1.3996 ], [ 15.6754, -1.4414 ], [ 15.6618, -1.4563 ], [ 15.6513, -1.488 ], [ 15.6394, -1.5079 ], [ 15.7726, -1.5103 ], [ 15.7824, -1.5239 ], [ 15.7942, -1.5106 ], [ 15.8227, -1.5011 ], [ 15.8279, -1.4877 ], [ 15.8397, -1.4778 ], [ 15.8784, -1.4567 ], [ 15.9183, -1.4574 ], [ 15.9382, -1.4645 ], [ 15.9534, -1.4496 ], [ 15.9618, -1.4464 ], [ 15.9751, -1.4466 ], [ 15.9867, -1.4535 ], [ 15.9916, -1.462 ], [ 15.9982, -1.4638 ], [ 16.0234, -1.4508 ], [ 16.0365, -1.4645 ], [ 16.0462, -1.4831 ], [ 16.0443, -1.4982 ], [ 16.0291, -1.5147 ], [ 16.0205, -1.5331 ], [ 16.0418, -1.5519 ], [ 16.0717, -1.5558 ], [ 16.0833, -1.5627 ], [ 16.1215, -1.5734 ], [ 16.1746, -1.5828 ], [ 16.2146, -1.5851 ], [ 16.2172, -1.5197 ], [ 16.2263, -1.4745 ], [ 16.2314, -1.4679 ], [ 16.2464, -1.4648 ], [ 16.3012, -1.4792 ], [ 16.3067, -1.4457 ], [ 16.3119, -1.434 ], [ 16.3104, -1.4223 ], [ 16.3007, -1.4036 ], [ 16.2945, -1.3699 ], [ 16.2763, -1.3646 ], [ 16.2799, -1.3445 ], [ 16.2633, -1.3392 ], [ 16.2587, -1.3156 ], [ 16.2486, -1.3204 ], [ 16.2338, -1.3118 ], [ 16.2071, -1.3113 ], [ 16.1956, -1.3044 ], [ 16.1859, -1.2857 ], [ 16.1728, -1.2721 ], [ 16.1476, -1.2817 ], [ 16.1344, -1.2765 ], [ 16.1413, -1.2598 ], [ 16.1164, -1.251 ], [ 16.1017, -1.2339 ], [ 16.095, -1.2371 ], [ 16.0932, -1.2455 ], [ 16.0848, -1.2521 ], [ 16.067, -1.2353 ], [ 16.0554, -1.23 ], [ 16.0522, -1.2199 ], [ 16.0373, -1.2129 ], [ 16.0325, -1.1994 ], [ 16.0226, -1.1942 ], [ 16.0158, -1.2008 ], [ 16.0026, -1.1972 ], [ 15.9927, -1.1869 ], [ 15.9826, -1.1968 ], [ 15.9626, -1.1965 ], [ 15.9578, -1.183 ], [ 15.9565, -1.1561 ], [ 15.95, -1.1442 ], [ 15.9434, -1.1441 ], [ 15.9365, -1.1607 ], [ 15.9232, -1.1538 ], [ 15.9269, -1.1354 ], [ 15.9071, -1.1166 ], [ 15.9024, -1.103 ], [ 15.8958, -1.0979 ], [ 15.8792, -1.0942 ], [ 15.8826, -1.0842 ], [ 15.8795, -1.0741 ], [ 15.8594, -1.0771 ], [ 15.8514, -1.0602 ], [ 15.8399, -1.0482 ], [ 15.8282, -1.0513 ], [ 15.8049, -1.0476 ], [ 15.7815, -1.0489 ], [ 15.7586, -1.0249 ], [ 15.757, -1.0165 ], [ 15.7304, -1.016 ], [ 15.7273, -1.0026 ], [ 15.7292, -0.9858 ], [ 15.7142, -0.9822 ], [ 15.7111, -0.967 ], [ 15.6978, -0.9651 ], [ 15.6879, -0.9582 ], [ 15.6445, -0.9692 ] ] ] } },
{ "type": "Feature", "properties": { "iso3": "COG", "unit_id": "80182663B27269889127567", "unit_name": "Ongogni" }, "geometry": { "type": "Polygon", "coordinates": [ [ [ 16.2202, -1.6524 ], [ 16.2139, -1.6288 ], [ 16.2146, -1.5851 ], [ 16.1746, -1.5828 ], [ 16.1215, -1.5734 ], [ 16.0833, -1.5627 ], [ 16.0717, -1.5558 ], [ 16.0418, -1.5519 ], [ 16.0205, -1.5331 ], [ 16.0291, -1.5147 ], [ 16.0443, -1.4982 ], [ 16.0462, -1.4831 ], [ 16.0365, -1.4645 ], [ 16.0234, -1.4508 ], [ 15.9982, -1.4638 ], [ 15.9916, -1.462 ], [ 15.9867, -1.4535 ], [ 15.9751, -1.4466 ], [ 15.9618, -1.4464 ], [ 15.9534, -1.4496 ], [ 15.9382, -1.4645 ], [ 15.9183, -1.4574 ], [ 15.8784, -1.4567 ], [ 15.8397, -1.4778 ], [ 15.8279, -1.4877 ], [ 15.8227, -1.5011 ], [ 15.836, -1.5047 ], [ 15.866, -1.5018 ], [ 15.8776, -1.5037 ], [ 15.8875, -1.5156 ], [ 15.8903, -1.5493 ], [ 15.9135, -1.5547 ], [ 15.9399, -1.572 ], [ 15.9544, -1.6008 ], [ 15.9841, -1.6231 ], [ 16.0338, -1.6391 ], [ 16.0486, -1.6494 ], [ 16.0902, -1.6535 ], [ 16.122, -1.6473 ], [ 16.2202, -1.6524 ] ] ] } },
{ "type": "Feature", "properties": { "iso3": "COG", "unit_id": "80182663B4614274898923", "unit_name": "Pointe-Noire" }, "geometry": { "type": "Polygon", "coordinates": [ [ [ 11.807, -4.7045 ], [ 11.8377, -4.7309 ], [ 11.8478, -4.7444 ], [ 11.8521, -4.7561 ], [ 11.8532, -4.77 ], [ 11.8472, -4.7898 ], [ 11.838, -4.7893 ], [ 11.8323, -4.7839 ], [ 11.8282, -4.7878 ], [ 11.8247, -4.7786 ], [ 11.8305, -4.778 ], [ 11.8241, -4.7737 ], [ 11.8239, -4.7878 ], [ 11.8885, -4.8597 ], [ 11.8952, -4.8718 ], [ 11.8966, -4.8816 ], [ 11.9222, -4.9109 ], [ 11.936, -4.8855 ], [ 11.9512, -4.8724 ], [ 11.9565, -4.8506 ], [ 11.9572, -4.8103 ], [ 11.9445, -4.7698 ], [ 11.9446, -4.758 ], [ 11.9103, -4.7171 ], [ 11.8971, -4.7051 ], [ 11.8822, -4.6981 ], [ 11.8506, -4.6976 ], [ 11.807, -4.7045 ] ] ] } },
{ "type": "Feature", "properties": { "iso3": "COG", "unit_id": "80182663B91630229604723", "unit_name": "Boko" }, "geometry": { "type": "Polygon", "coordinates": [ [ [ 14.4917, -4.8444 ], [ 14.4948, -4.8444 ], [ 14.5016, -4.8553 ], [ 14.5277, -4.8626 ], [ 14.5515, -4.8611 ], [ 14.5586, -4.8639 ], [ 14.5825, -4.8866 ], [ 14.5838, -4.8992 ], [ 14.5898, -4.9024 ], [ 14.6065, -4.9028 ], [ 14.6469, -4.9221 ], [ 14.6876, -4.9129 ], [ 14.7663, -4.851 ], [ 14.7988, -4.8365 ], [ 14.8123, -4.8369 ], [ 14.8326, -4.8252 ], [ 14.8476, -4.8076 ], [ 14.8506, -4.7913 ], [ 14.8641, -4.7794 ], [ 14.8682, -4.7554 ], [ 14.875, -4.7396 ], [ 14.8838, -4.7297 ], [ 14.89, -4.7064 ], [ 14.9035, -4.6812 ], [ 14.9816, -4.6082 ], [ 14.9867, -4.6024 ], [ 14.9878, -4.593 ], [ 14.9787, -4.5929 ], [ 14.9669, -4.5977 ], [ 14.9584, -4.6093 ], [ 14.9467, -4.6091 ], [ 14.935, -4.6156 ], [ 14.9117, -4.6118 ], [ 14.9051, -4.6067 ], [ 14.9053, -4.5966 ], [ 14.8938, -4.5863 ], [ 14.8858, -4.5627 ], [ 14.8725, -4.5608 ], [ 14.8709, -4.5557 ], [ 14.8445, -4.5401 ], [ 14.8235, -4.5011 ], [ 14.8182, -4.5162 ], [ 14.8188, -4.5884 ], [ 14.7884, -4.6147 ], [ 14.7701, -4.6144 ], [ 14.7286, -4.6053 ], [ 14.7019, -4.6048 ], [ 14.6919, -4.6097 ], [ 14.6901, -4.618 ], [ 14.6333, -4.6271 ], [ 14.6196, -4.6521 ], [ 14.6194, -4.6655 ], [ 14.6142, -4.6738 ], [ 14.5774, -4.6866 ], [ 14.5655, -4.6981 ], [ 14.5653, -4.7116 ], [ 14.5583, -4.7333 ], [ 14.5364, -4.753 ], [ 14.5329, -4.7631 ], [ 14.5194, -4.7729 ], [ 14.5139, -4.803 ], [ 14.492, -4.8245 ], [ 14.4917, -4.8444 ] ] ] } },
{ "type": "Feature", "properties": { "iso3": "COG", "unit_id": "80182663B4387123099599", "unit_name": "Goma-Tsetse" }, "geometry": { "type": "Polygon", "coordinates": [ [ [ 15.2467, -4.1693 ], [ 15.2506, -4.1358 ], [ 15.2443, -4.1105 ], [ 15.2446, -4.0937 ], [ 15.2381, -4.0785 ], [ 15.2385, -4.0584 ], [ 15.2575, -4.0117 ], [ 15.2479, -3.988 ], [ 15.252, -3.9394 ], [ 15.2191, -3.9119 ], [ 15.1707, -3.9144 ], [ 15.156, -3.8991 ], [ 15.1397, -3.8753 ], [ 15.1432, -3.8653 ], [ 15.1137, -3.8329 ], [ 15.0851, -3.8475 ], [ 15.0717, -3.8506 ], [ 15.0581, -3.8739 ], [ 15.024, -3.9186 ], [ 15.0237, -3.9421 ], [ 15.03, -3.964 ], [ 15.0465, -3.9761 ], [ 15.041, -4.0079 ], [ 15.0439, -4.0365 ], [ 15.0371, -4.0414 ], [ 15.037, -4.0481 ], [ 15.0303, -4.0547 ], [ 15.0302, -4.0614 ], [ 14.9915, -4.0843 ], [ 14.9846, -4.0993 ], [ 14.9828, -4.1093 ], [ 14.9893, -4.1178 ], [ 14.9891, -4.1346 ], [ 14.9923, -4.1431 ], [ 14.9837, -4.158 ], [ 14.9835, -4.1731 ], [ 14.9966, -4.1868 ], [ 15.0063, -4.2071 ], [ 15.0027, -4.2205 ], [ 15.009, -4.2441 ], [ 14.9922, -4.2539 ], [ 14.9837, -4.2638 ], [ 14.9882, -4.2958 ], [ 14.9815, -4.3007 ], [ 14.9728, -4.3258 ], [ 14.9627, -4.3323 ], [ 14.9592, -4.344 ], [ 14.9604, -4.3692 ], [ 14.9719, -4.3812 ], [ 14.9986, -4.3816 ], [ 15.0168, -4.3887 ], [ 15.0253, -4.3787 ], [ 15.0432, -4.4042 ], [ 15.0615, -4.4079 ], [ 15.0882, -4.4033 ], [ 15.1064, -4.4137 ], [ 15.1227, -4.4375 ], [ 15.1295, -4.4392 ], [ 15.1468, -4.4146 ], [ 15.1756, -4.3889 ], [ 15.1754, -4.3658 ], [ 15.1829, -4.3576 ], [ 15.1858, -4.3404 ], [ 15.1728, -4.3192 ], [ 15.1698, -4.2956 ], [ 15.1888, -4.254 ], [ 15.2006, -4.2424 ], [ 15.2164, -4.1923 ], [ 15.2332, -4.1842 ], [ 15.2467, -4.1693 ] ] ] } },
{ "type": "Feature", "properties": { "iso3": "COG", "unit_id": "80182663B99896008579753", "unit_name": "Ignie" }, "geometry": { "type": "Polygon", "coordinates": [ [ [ 15.3086, -4.281 ], [ 15.3288, -4.2692 ], [ 15.3636, -4.2759 ], [ 15.3706, -4.2806 ], [ 15.4034, -4.2854 ], [ 15.4306, -4.2748 ], [ 15.4382, -4.2648 ], [ 15.4493, -4.2578 ], [ 15.4625, -4.2407 ], [ 15.4746, -4.2344 ], [ 15.4785, -4.2282 ], [ 15.4739, -4.2128 ], [ 15.4788, -4.2055 ], [ 15.4828, -4.1751 ], [ 15.4726, -4.152 ], [ 15.5076, -4.1024 ], [ 15.51, -4.0888 ], [ 15.5205, -4.0716 ], [ 15.5529, -4.0392 ], [ 15.5701, -4.0302 ], [ 15.612, -4.0192 ], [ 15.6392, -4.0073 ], [ 15.6786, -3.9961 ], [ 15.7401, -3.9857 ], [ 15.8107, -3.9797 ], [ 15.8499, -3.9644 ], [ 15.881, -3.9575 ], [ 15.8941, -3.9458 ], [ 15.9151, -3.9111 ], [ 15.9246, -3.8598 ], [ 15.9606, -3.787 ], [ 15.9543, -3.7703 ], [ 15.9164, -3.7377 ], [ 15.8981, -3.7391 ], [ 15.8879, -3.7523 ], [ 15.8729, -3.7554 ], [ 15.8564, -3.7451 ], [ 15.8549, -3.7316 ], [ 15.867, -3.705 ], [ 15.8675, -3.668 ], [ 15.8611, -3.6562 ], [ 15.8281, -3.6321 ], [ 15.8102, -3.6032 ], [ 15.797, -3.5963 ], [ 15.7571, -3.5939 ], [ 15.7324, -3.5699 ], [ 15.7292, -3.5632 ], [ 15.7143, -3.5579 ], [ 15.7145, -3.5444 ], [ 15.7079, -3.5426 ], [ 15.6965, -3.5223 ], [ 15.6816, -3.5187 ], [ 15.6635, -3.5049 ], [ 15.6515, -3.5266 ], [ 15.6427, -3.5533 ], [ 15.6225, -3.5714 ], [ 15.6088, -3.5947 ], [ 15.5684, -3.6208 ], [ 15.5596, -3.6492 ], [ 15.5194, -3.6687 ], [ 15.4961, -3.6649 ], [ 15.4466, -3.6321 ], [ 15.435, -3.6286 ], [ 15.3888, -3.5992 ], [ 15.384, -3.5874 ], [ 15.3658, -3.582 ], [ 15.3474, -3.5867 ], [ 15.3179, -3.556 ], [ 15.3146, -3.5492 ], [ 15.2864, -3.5437 ], [ 15.2799, -3.5318 ], [ 15.2599, -3.5298 ], [ 15.2519, -3.5145 ], [ 15.2504, -3.5011 ], [ 15.245, -3.5245 ], [ 15.23, -3.5276 ], [ 15.2231, -3.5443 ], [ 15.2078, -3.5608 ], [ 15.206, -3.5742 ], [ 15.1924, -3.5907 ], [ 15.1851, -3.6292 ], [ 15.1844, -3.6762 ], [ 15.1741, -3.6929 ], [ 15.174, -3.7046 ], [ 15.167, -3.7246 ], [ 15.1608, -3.8001 ], [ 15.1505, -3.8217 ], [ 15.1235, -3.8414 ], [ 15.1432, -3.8653 ], [ 15.1397, -3.8753 ], [ 15.156, -3.8991 ], [ 15.1707, -3.9144 ], [ 15.2191, -3.9119 ], [ 15.252, -3.9394 ], [ 15.2479, -3.988 ], [ 15.2575, -4.0117 ], [ 15.2385, -4.0584 ], [ 15.2381, -4.0785 ], [ 15.2446, -4.0937 ], [ 15.2443, -4.1105 ], [ 15.2506, -4.1358 ], [ 15.2467, -4.1693 ], [ 15.2722, -4.1396 ], [ 15.3039, -4.1368 ], [ 15.3382, -4.1827 ], [ 15.3531, -4.188 ], [ 15.3086, -4.281 ] ] ] } },
{ "type": "Feature", "properties": { "iso3": "COG", "unit_id": "80182663B73686485428449", "unit_name": "Kimba" }, "geometry": { "type": "Polygon", "coordinates": [ [ [ 14.2156, -3.5199 ], [ 14.2441, -3.5053 ], [ 14.2608, -3.5023 ], [ 14.2694, -3.489 ], [ 14.2998, -3.4593 ], [ 14.3085, -3.4376 ], [ 14.3087, -3.4208 ], [ 14.348, -3.3611 ], [ 14.4274, -3.2852 ], [ 14.433, -3.25 ], [ 14.4219, -3.2112 ], [ 14.399, -3.1873 ], [ 14.3791, -3.1769 ], [ 14.3793, -3.1635 ], [ 14.3631, -3.1363 ], [ 14.3617, -3.1161 ], [ 14.3536, -3.1042 ], [ 14.3473, -3.0823 ], [ 14.3574, -3.0724 ], [ 14.3674, -3.0517 ], [ 14.3227, -3.0324 ], [ 14.3178, -3.0256 ], [ 14.3029, -3.0237 ], [ 14.2964, -3.0118 ], [ 14.2781, -3.0064 ], [ 14.2547, -3.0127 ], [ 14.2381, -3.0074 ], [ 14.2298, -3.009 ], [ 14.213, -3.0154 ], [ 14.1826, -3.0384 ], [ 14.1622, -3.0699 ], [ 14.1547, -3.1235 ], [ 14.1444, -3.1402 ], [ 14.1425, -3.1553 ], [ 14.1356, -3.1736 ], [ 14.1169, -3.1951 ], [ 14.1166, -3.2136 ], [ 14.101, -3.2536 ], [ 14.0826, -3.2567 ], [ 14.0623, -3.2798 ], [ 14.0571, -3.2915 ], [ 14.0569, -3.2999 ], [ 14.0435, -3.3097 ], [ 14.0349, -3.3214 ], [ 14.0279, -3.3431 ], [ 14.0178, -3.3546 ], [ 13.9945, -3.3526 ], [ 13.9875, -3.3743 ], [ 13.9873, -3.386 ], [ 13.9756, -3.3858 ], [ 13.9452, -3.4155 ], [ 13.9467, -3.4273 ], [ 13.9316, -3.4338 ], [ 13.9329, -3.4523 ], [ 13.9229, -3.4571 ], [ 13.9243, -3.4706 ], [ 13.9209, -3.4789 ], [ 13.9091, -3.4855 ], [ 13.9006, -3.4971 ], [ 13.9038, -3.5072 ], [ 13.887, -3.5153 ], [ 13.8898, -3.5456 ], [ 13.8731, -3.5487 ], [ 13.8917, -3.5647 ], [ 13.9034, -3.5649 ], [ 13.9133, -3.5701 ], [ 13.9516, -3.5707 ], [ 13.9664, -3.5844 ], [ 14.0013, -3.5851 ], [ 14.0331, -3.5806 ], [ 14.0413, -3.5841 ], [ 14.0513, -3.5826 ], [ 14.0581, -3.576 ], [ 14.0696, -3.5879 ], [ 14.0796, -3.5881 ], [ 14.0799, -3.5663 ], [ 14.1234, -3.5553 ], [ 14.1253, -3.5385 ], [ 14.1321, -3.5302 ], [ 14.1539, -3.5222 ], [ 14.1593, -3.4971 ], [ 14.1794, -3.4908 ], [ 14.1892, -3.5027 ], [ 14.2026, -3.4996 ], [ 14.2108, -3.5031 ], [ 14.209, -3.5165 ], [ 14.2156, -3.5199 ] ] ] } },
{ "type": "Feature", "properties": { "iso3": "COG", "unit_id": "80182663B65686956093849", "unit_name": "Kindamba" }, "geometry": { "type": "Polygon", "coordinates": [ [ [ 14.3901, -3.9764 ], [ 14.4135, -3.9734 ], [ 14.4169, -3.9668 ], [ 14.4236, -3.9635 ], [ 14.4318, -3.9704 ], [ 14.4502, -3.9674 ], [ 14.494, -3.9362 ], [ 14.504, -3.9381 ], [ 14.5072, -3.9482 ], [ 14.5299, -3.9839 ], [ 14.5617, -3.9794 ], [ 14.5716, -3.9846 ], [ 14.5746, -4.0031 ], [ 14.5828, -4.0116 ], [ 14.6161, -4.0122 ], [ 14.6295, -4.0057 ], [ 14.6397, -3.9959 ], [ 14.645, -3.9775 ], [ 14.6452, -3.9607 ], [ 14.6274, -3.9268 ], [ 14.6046, -3.8928 ], [ 14.6, -3.8726 ], [ 14.6037, -3.8441 ], [ 14.6243, -3.8058 ], [ 14.6278, -3.7925 ], [ 14.6499, -3.7693 ], [ 14.6567, -3.7577 ], [ 14.6644, -3.6907 ], [ 14.6761, -3.6875 ], [ 14.7094, -3.6881 ], [ 14.7398, -3.6601 ], [ 14.7534, -3.6418 ], [ 14.757, -3.6251 ], [ 14.7487, -3.625 ], [ 14.7389, -3.613 ], [ 14.7108, -3.5991 ], [ 14.7042, -3.5923 ], [ 14.6793, -3.5902 ], [ 14.6548, -3.5595 ], [ 14.6416, -3.5509 ], [ 14.6283, -3.5456 ], [ 14.61, -3.547 ], [ 14.6016, -3.5519 ], [ 14.5795, -3.58 ], [ 14.5725, -3.6034 ], [ 14.5606, -3.615 ], [ 14.5371, -3.628 ], [ 14.4786, -3.6387 ], [ 14.4555, -3.6232 ], [ 14.4322, -3.6211 ], [ 14.4153, -3.6427 ], [ 14.4019, -3.6424 ], [ 14.3968, -3.6507 ], [ 14.3886, -3.6439 ], [ 14.3753, -3.6436 ], [ 14.3602, -3.6484 ], [ 14.3569, -3.6433 ], [ 14.3419, -3.6431 ], [ 14.3401, -3.6548 ], [ 14.3152, -3.6476 ], [ 14.3052, -3.6508 ], [ 14.3017, -3.6591 ], [ 14.285, -3.6605 ], [ 14.2647, -3.682 ], [ 14.2646, -3.6904 ], [ 14.213, -3.6845 ], [ 14.2112, -3.6928 ], [ 14.2393, -3.7118 ], [ 14.239, -3.7269 ], [ 14.2438, -3.7438 ], [ 14.27, -3.7694 ], [ 14.2781, -3.7847 ], [ 14.2844, -3.8066 ], [ 14.2975, -3.8236 ], [ 14.2986, -3.864 ], [ 14.3084, -3.8742 ], [ 14.3167, -3.8743 ], [ 14.3281, -3.8913 ], [ 14.3447, -3.8933 ], [ 14.3561, -3.9103 ], [ 14.3677, -3.9172 ], [ 14.3723, -3.9458 ], [ 14.3788, -3.956 ], [ 14.3769, -3.9678 ], [ 14.3852, -3.9696 ], [ 14.3901, -3.9764 ] ] ] } },
{ "type": "Feature", "properties": { "iso3": "COG", "unit_id": "80182663B7966453241319", "unit_name": "Kinkala" }, "geometry": { "type": "Polygon", "coordinates": [ [ [ 14.9966, -4.1868 ], [ 14.9588, -4.1526 ], [ 14.9096, -4.0996 ], [ 14.9049, -4.0811 ], [ 14.8984, -4.0709 ], [ 14.907, -4.0543 ], [ 14.8988, -4.0474 ], [ 14.8838, -4.0471 ], [ 14.8787, -4.0521 ], [ 14.8571, -4.0467 ], [ 14.8338, -4.0513 ], [ 14.8272, -4.0411 ], [ 14.7991, -4.0322 ], [ 14.7907, -4.0338 ], [ 14.782, -4.0588 ], [ 14.7736, -4.0654 ], [ 14.7569, -4.0684 ], [ 14.7386, -4.0614 ], [ 14.7389, -4.0446 ], [ 14.7342, -4.0277 ], [ 14.721, -4.0174 ], [ 14.7137, -4.0576 ], [ 14.7086, -4.0625 ], [ 14.6886, -4.0672 ], [ 14.6045, -4.1195 ], [ 14.662, -4.1726 ], [ 14.6582, -4.201 ], [ 14.6393, -4.236 ], [ 14.6234, -4.2978 ], [ 14.6027, -4.3411 ], [ 14.5842, -4.3542 ], [ 14.5689, -4.3741 ], [ 14.5654, -4.3858 ], [ 14.5839, -4.3744 ], [ 14.5955, -4.3746 ], [ 14.6102, -4.395 ], [ 14.6318, -4.4004 ], [ 14.6433, -4.409 ], [ 14.6914, -4.4216 ], [ 14.6997, -4.4251 ], [ 14.7046, -4.4336 ], [ 14.7229, -4.4339 ], [ 14.7577, -4.4446 ], [ 14.7609, -4.4564 ], [ 14.7707, -4.465 ], [ 14.7891, -4.4602 ], [ 14.8237, -4.486 ], [ 14.8374, -4.4644 ], [ 14.8661, -4.4347 ], [ 14.896, -4.442 ], [ 14.9327, -4.4392 ], [ 14.9877, -4.4402 ], [ 15.0161, -4.4357 ], [ 15.0312, -4.4242 ], [ 15.0315, -4.4074 ], [ 15.0432, -4.4042 ], [ 15.0253, -4.3787 ], [ 15.0168, -4.3887 ], [ 14.9986, -4.3816 ], [ 14.9719, -4.3812 ], [ 14.9604, -4.3692 ], [ 14.9589, -4.3591 ], [ 14.9627, -4.3323 ], [ 14.9728, -4.3258 ], [ 14.9815, -4.3007 ], [ 14.9882, -4.2958 ], [ 14.9837, -4.2638 ], [ 14.9922, -4.2539 ], [ 15.009, -4.2441 ], [ 15.0027, -4.2205 ], [ 15.0063, -4.2071 ], [ 14.9966, -4.1868 ] ] ] } },
{ "type": "Feature", "properties": { "iso3": "COG", "unit_id": "80182663B5394682998957", "unit_name": "Louingui" }, "geometry": { "type": "Polygon", "coordinates": [ [ [ 14.8235, -4.5011 ], [ 14.8237, -4.486 ], [ 14.7891, -4.4602 ], [ 14.7707, -4.465 ], [ 14.7609, -4.4564 ], [ 14.7577, -4.4446 ], [ 14.7229, -4.4339 ], [ 14.7046, -4.4336 ], [ 14.6997, -4.4251 ], [ 14.6914, -4.4216 ], [ 14.6433, -4.409 ], [ 14.6318, -4.4004 ], [ 14.6102, -4.395 ], [ 14.5955, -4.3746 ], [ 14.5839, -4.3744 ], [ 14.5654, -4.3858 ], [ 14.5403, -4.3904 ], [ 14.5183, -4.4102 ], [ 14.5149, -4.4202 ], [ 14.503, -4.4301 ], [ 14.4945, -4.4433 ], [ 14.4761, -4.4497 ], [ 14.4731, -4.4454 ], [ 14.4675, -4.4508 ], [ 14.4627, -4.4652 ], [ 14.4456, -4.4826 ], [ 14.4887, -4.4987 ], [ 14.5169, -4.5008 ], [ 14.5251, -4.5094 ], [ 14.525, -4.5194 ], [ 14.5146, -4.5478 ], [ 14.5143, -4.5629 ], [ 14.5375, -4.57 ], [ 14.5506, -4.5887 ], [ 14.5621, -4.599 ], [ 14.5718, -4.616 ], [ 14.5982, -4.6332 ], [ 14.6901, -4.618 ], [ 14.6919, -4.6097 ], [ 14.7019, -4.6048 ], [ 14.7286, -4.6053 ], [ 14.7701, -4.6144 ], [ 14.7884, -4.6147 ], [ 14.8188, -4.5884 ], [ 14.8182, -4.5162 ], [ 14.8235, -4.5011 ] ] ] } },
{ "type": "Feature", "properties": { "iso3": "COG", "unit_id": "80182663B97893389626253", "unit_name": "Loumo" }, "geometry": { "type": "Polygon", "coordinates": [ [ [ 14.6333, -4.6271 ], [ 14.5982, -4.6332 ], [ 14.5718, -4.616 ], [ 14.5621, -4.599 ], [ 14.5506, -4.5887 ], [ 14.5375, -4.57 ], [ 14.5143, -4.5629 ], [ 14.5146, -4.5478 ], [ 14.525, -4.5194 ], [ 14.5251, -4.5094 ], [ 14.5169, -4.5008 ], [ 14.4887, -4.4987 ], [ 14.4456, -4.4826 ], [ 14.4349, -4.4938 ], [ 14.434, -4.5111 ], [ 14.4221, -4.5112 ], [ 14.4142, -4.5173 ], [ 14.402, -4.5157 ], [ 14.3969, -4.5234 ], [ 14.3851, -4.5294 ], [ 14.3834, -4.5419 ], [ 14.367, -4.5354 ], [ 14.3591, -4.5373 ], [ 14.3565, -4.5478 ], [ 14.3513, -4.5537 ], [ 14.3523, -4.5575 ], [ 14.3595, -4.561 ], [ 14.3846, -4.5994 ], [ 14.3858, -4.6196 ], [ 14.3906, -4.6334 ], [ 14.3984, -4.6389 ], [ 14.4105, -4.6391 ], [ 14.4179, -4.6448 ], [ 14.4193, -4.6515 ], [ 14.4139, -4.685 ], [ 14.4072, -4.7033 ], [ 14.4032, -4.7455 ], [ 14.4039, -4.7578 ], [ 14.4142, -4.779 ], [ 14.4098, -4.7905 ], [ 14.3966, -4.8011 ], [ 14.3993, -4.8197 ], [ 14.4045, -4.8292 ], [ 14.4047, -4.8448 ], [ 14.4007, -4.8436 ], [ 14.3978, -4.8568 ], [ 14.4086, -4.8734 ], [ 14.4151, -4.895 ], [ 14.4389, -4.8759 ], [ 14.4473, -4.8744 ], [ 14.4623, -4.8647 ], [ 14.4753, -4.8459 ], [ 14.4917, -4.8444 ], [ 14.492, -4.8245 ], [ 14.5139, -4.803 ], [ 14.5194, -4.7729 ], [ 14.5329, -4.7631 ], [ 14.5364, -4.753 ], [ 14.5583, -4.7333 ], [ 14.5653, -4.7116 ], [ 14.5655, -4.6981 ], [ 14.5774, -4.6866 ], [ 14.6142, -4.6738 ], [ 14.6194, -4.6655 ], [ 14.6196, -4.6521 ], [ 14.6333, -4.6271 ] ] ] } },
{ "type": "Feature", "properties": { "iso3": "COG", "unit_id": "80182663B44969182752752", "unit_name": "Mayama" }, "geometry": { "type": "Polygon", "coordinates": [ [ [ 14.9379, -2.9088 ], [ 14.9111, -2.9242 ], [ 14.9077, -2.9309 ], [ 14.8959, -2.9374 ], [ 14.8682, -3.0041 ], [ 14.8459, -3.0473 ], [ 14.8306, -3.0672 ], [ 14.8206, -3.0704 ], [ 14.8107, -3.0652 ], [ 14.8023, -3.0651 ], [ 14.7906, -3.0682 ], [ 14.7839, -3.0748 ], [ 14.7638, -3.0761 ], [ 14.7586, -3.0895 ], [ 14.7451, -3.1044 ], [ 14.7151, -3.1055 ], [ 14.7099, -3.1172 ], [ 14.7111, -3.1457 ], [ 14.7193, -3.1543 ], [ 14.7257, -3.1712 ], [ 14.7357, -3.1747 ], [ 14.7422, -3.1815 ], [ 14.7436, -3.2017 ], [ 14.7601, -3.2138 ], [ 14.7632, -3.2289 ], [ 14.7613, -3.244 ], [ 14.7527, -3.2556 ], [ 14.7526, -3.2657 ], [ 14.779, -3.2846 ], [ 14.8016, -3.3253 ], [ 14.7947, -3.347 ], [ 14.7827, -3.3686 ], [ 14.7708, -3.3802 ], [ 14.7504, -3.4101 ], [ 14.7514, -3.4487 ], [ 14.7477, -3.4755 ], [ 14.7185, -3.5321 ], [ 14.6913, -3.5669 ], [ 14.6876, -3.5903 ], [ 14.7042, -3.5923 ], [ 14.7108, -3.5991 ], [ 14.7389, -3.613 ], [ 14.7487, -3.625 ], [ 14.757, -3.6251 ], [ 14.7534, -3.6418 ], [ 14.7398, -3.6601 ], [ 14.7094, -3.6881 ], [ 14.6761, -3.6875 ], [ 14.6644, -3.6907 ], [ 14.6567, -3.7577 ], [ 14.6499, -3.7693 ], [ 14.6278, -3.7925 ], [ 14.6243, -3.8058 ], [ 14.6037, -3.8441 ], [ 14.6, -3.8726 ], [ 14.6046, -3.8928 ], [ 14.6274, -3.9268 ], [ 14.6452, -3.9607 ], [ 14.645, -3.9775 ], [ 14.6397, -3.9959 ], [ 14.653, -3.9994 ], [ 14.681, -4.015 ], [ 14.721, -4.0174 ], [ 14.7342, -4.0277 ], [ 14.7389, -4.0446 ], [ 14.7386, -4.0614 ], [ 14.7569, -4.0684 ], [ 14.7736, -4.0654 ], [ 14.782, -4.0588 ], [ 14.7907, -4.0338 ], [ 14.7991, -4.0322 ], [ 14.8272, -4.0411 ], [ 14.8338, -4.0513 ], [ 14.8571, -4.0467 ], [ 14.8787, -4.0521 ], [ 14.8838, -4.0471 ], [ 14.8988, -4.0474 ], [ 14.907, -4.0543 ], [ 14.8984, -4.0709 ], [ 14.9049, -4.0811 ], [ 14.9096, -4.0996 ], [ 14.9588, -4.1526 ], [ 14.9835, -4.1731 ], [ 14.9837, -4.158 ], [ 14.9923, -4.1431 ], [ 14.9891, -4.1346 ], [ 14.9893, -4.1178 ], [ 14.9828, -4.1093 ], [ 14.9846, -4.0993 ], [ 14.9915, -4.0843 ], [ 15.0302, -4.0614 ], [ 15.0303, -4.0547 ], [ 15.037, -4.0481 ], [ 15.0371, -4.0414 ], [ 15.0439, -4.0365 ], [ 15.041, -4.0079 ], [ 15.0465, -3.9761 ], [ 15.03, -3.964 ], [ 15.0237, -3.9421 ], [ 15.024, -3.9186 ], [ 15.0581, -3.8739 ], [ 15.0717, -3.8506 ], [ 15.0851, -3.8475 ], [ 15.1137, -3.8329 ], [ 15.1235, -3.8414 ], [ 15.1505, -3.8217 ], [ 15.1608, -3.8001 ], [ 15.167, -3.7246 ], [ 15.174, -3.7046 ], [ 15.1741, -3.6929 ], [ 15.1844, -3.6762 ], [ 15.1851, -3.6292 ], [ 15.1924, -3.5907 ], [ 15.206, -3.5742 ], [ 15.2078, -3.5608 ], [ 15.2231, -3.5443 ], [ 15.23, -3.5276 ], [ 15.245, -3.5245 ], [ 15.2504, -3.5011 ], [ 15.2454, -3.4993 ], [ 15.2439, -3.4909 ], [ 15.2541, -3.4776 ], [ 15.2563, -3.4441 ], [ 15.2682, -3.4258 ], [ 15.2833, -3.4227 ], [ 15.2784, -3.4159 ], [ 15.2853, -3.3976 ], [ 15.2919, -3.401 ], [ 15.2955, -3.386 ], [ 15.3006, -3.3794 ], [ 15.3012, -3.3424 ], [ 15.3097, -3.3275 ], [ 15.3133, -3.3124 ], [ 15.3283, -3.3127 ], [ 15.3352, -3.2977 ], [ 15.3418, -3.2995 ], [ 15.3535, -3.2947 ], [ 15.3587, -3.283 ], [ 15.3739, -3.2698 ], [ 15.4308, -3.2523 ], [ 15.456, -3.241 ], [ 15.4746, -3.2229 ], [ 15.4764, -3.2162 ], [ 15.4865, -3.2097 ], [ 15.4882, -3.2047 ], [ 15.5117, -3.1916 ], [ 15.5237, -3.1734 ], [ 15.5204, -3.1666 ], [ 15.5211, -3.1263 ], [ 15.5114, -3.106 ], [ 15.5213, -3.1095 ], [ 15.5233, -3.0894 ], [ 15.5136, -3.0724 ], [ 15.5154, -3.0641 ], [ 15.5088, -3.0589 ], [ 15.5089, -3.0522 ], [ 15.4939, -3.0519 ], [ 15.484, -3.0451 ], [ 15.4908, -3.0385 ], [ 15.493, -3.0075 ], [ 15.4795, -3.019 ], [ 15.4561, -3.0237 ], [ 15.4409, -3.0368 ], [ 15.4007, -3.0462 ], [ 15.3807, -3.0492 ], [ 15.3409, -3.0351 ], [ 15.2993, -3.0344 ], [ 15.2724, -3.0456 ], [ 15.2294, -3.0281 ], [ 15.2177, -3.0262 ], [ 15.2014, -3.0024 ], [ 15.1666, -2.9884 ], [ 15.1474, -2.9427 ], [ 15.1294, -2.9205 ], [ 15.1027, -2.9184 ], [ 15.0793, -2.9247 ], [ 15.0695, -2.9128 ], [ 15.0512, -2.9124 ], [ 15.0328, -2.9138 ], [ 14.9943, -2.9249 ], [ 14.9693, -2.9278 ], [ 14.9493, -2.9241 ], [ 14.9379, -2.9088 ] ] ] } },
{ "type": "Feature", "properties": { "iso3": "COG", "unit_id": "80182663B5763340903337", "unit_name": "Mbandza-Ndounga" }, "geometry": { "type": "Polygon", "coordinates": [ [ [ 14.9878, -4.593 ], [ 15.0128, -4.5596 ], [ 15.0256, -4.5487 ], [ 15.0278, -4.5423 ], [ 15.0331, -4.5378 ], [ 15.0425, -4.5376 ], [ 15.0552, -4.5213 ], [ 15.0746, -4.5102 ], [ 15.111, -4.4753 ], [ 15.1295, -4.4392 ], [ 15.1227, -4.4375 ], [ 15.0998, -4.4086 ], [ 15.0882, -4.4033 ], [ 15.0615, -4.4079 ], [ 15.0432, -4.4042 ], [ 15.0315, -4.4074 ], [ 15.0312, -4.4242 ], [ 15.0161, -4.4357 ], [ 14.9877, -4.4402 ], [ 14.9327, -4.4392 ], [ 14.896, -4.442 ], [ 14.8661, -4.4347 ], [ 14.8374, -4.4644 ], [ 14.8237, -4.486 ], [ 14.8235, -4.5011 ], [ 14.8445, -4.5401 ], [ 14.8709, -4.5557 ], [ 14.8725, -4.5608 ], [ 14.8858, -4.5627 ], [ 14.8938, -4.5863 ], [ 14.9053, -4.5966 ], [ 14.9051, -4.6067 ], [ 14.9117, -4.6118 ], [ 14.935, -4.6156 ], [ 14.9467, -4.6091 ], [ 14.9584, -4.6093 ], [ 14.9669, -4.5977 ], [ 14.9787, -4.5929 ], [ 14.9878, -4.593 ] ] ] } },
{ "type": "Feature", "properties": { "iso3": "COG", "unit_id": "80182663B49789964194989", "unit_name": "Mindouli" }, "geometry": { "type": "Polygon", "coordinates": [ [ [ 14.2362, -4.0174 ], [ 14.2342, -4.0425 ], [ 14.2207, -4.049 ], [ 14.192, -4.0754 ], [ 14.1818, -4.0886 ], [ 14.1599, -4.105 ], [ 14.1627, -4.1403 ], [ 14.1724, -4.1556 ], [ 14.1504, -4.1821 ], [ 14.1552, -4.1939 ], [ 14.1134, -4.2033 ], [ 14.0949, -4.2114 ], [ 14.0476, -4.2575 ], [ 13.9804, -4.2916 ], [ 13.957, -4.2963 ], [ 13.9336, -4.3059 ], [ 13.963, -4.34 ], [ 13.9545, -4.35 ], [ 13.9527, -4.3634 ], [ 13.9608, -4.3786 ], [ 13.9472, -4.3952 ], [ 13.9503, -4.4103 ], [ 13.9467, -4.4254 ], [ 13.9277, -4.467 ], [ 13.916, -4.4735 ], [ 13.9109, -4.4802 ], [ 13.9106, -4.4953 ], [ 13.9057, -4.5033 ], [ 13.9148, -4.5102 ], [ 13.9164, -4.5161 ], [ 13.9295, -4.5142 ], [ 13.9345, -4.5178 ], [ 13.9455, -4.512 ], [ 13.9488, -4.5149 ], [ 13.9535, -4.5131 ], [ 13.9582, -4.5066 ], [ 13.9553, -4.5008 ], [ 13.9631, -4.5036 ], [ 13.9666, -4.5012 ], [ 13.9739, -4.4882 ], [ 13.9793, -4.4886 ], [ 13.9863, -4.4741 ], [ 13.997, -4.4694 ], [ 14.0047, -4.4574 ], [ 14.0021, -4.4495 ], [ 14.0103, -4.4386 ], [ 14.0129, -4.4397 ], [ 14.0324, -4.4257 ], [ 14.0318, -4.4219 ], [ 14.0356, -4.4194 ], [ 14.0433, -4.4204 ], [ 14.0501, -4.4099 ], [ 14.0572, -4.4123 ], [ 14.0721, -4.4043 ], [ 14.0989, -4.4151 ], [ 14.12, -4.4042 ], [ 14.1417, -4.3989 ], [ 14.1505, -4.3902 ], [ 14.1606, -4.3921 ], [ 14.1592, -4.3985 ], [ 14.165, -4.4008 ], [ 14.1678, -4.3976 ], [ 14.1759, -4.3978 ], [ 14.1848, -4.3907 ], [ 14.1895, -4.392 ], [ 14.1942, -4.3854 ], [ 14.1914, -4.3786 ], [ 14.1999, -4.3787 ], [ 14.2033, -4.3827 ], [ 14.2124, -4.3818 ], [ 14.2257, -4.3655 ], [ 14.2342, -4.3693 ], [ 14.2525, -4.3634 ], [ 14.2524, -4.3575 ], [ 14.2592, -4.3487 ], [ 14.2575, -4.3454 ], [ 14.2657, -4.3419 ], [ 14.2685, -4.3357 ], [ 14.2813, -4.3308 ], [ 14.2821, -4.3253 ], [ 14.2884, -4.3197 ], [ 14.3032, -4.3274 ], [ 14.3124, -4.3254 ], [ 14.3131, -4.3225 ], [ 14.3082, -4.3186 ], [ 14.3136, -4.3136 ], [ 14.317, -4.3134 ], [ 14.321, -4.3199 ], [ 14.3277, -4.3116 ], [ 14.3379, -4.3173 ], [ 14.3525, -4.3164 ], [ 14.3571, -4.3085 ], [ 14.3514, -4.2954 ], [ 14.3659, -4.2928 ], [ 14.3747, -4.2863 ], [ 14.3851, -4.2876 ], [ 14.3873, -4.2834 ], [ 14.3976, -4.2783 ], [ 14.4097, -4.2843 ], [ 14.4057, -4.297 ], [ 14.4088, -4.3057 ], [ 14.3985, -4.3297 ], [ 14.3892, -4.3346 ], [ 14.3973, -4.3403 ], [ 14.3931, -4.3556 ], [ 14.4253, -4.3973 ], [ 14.437, -4.4036 ], [ 14.4497, -4.417 ], [ 14.4807, -4.4321 ], [ 14.4807, -4.4382 ], [ 14.4731, -4.4454 ], [ 14.4761, -4.4497 ], [ 14.4945, -4.4433 ], [ 14.503, -4.4301 ], [ 14.5149, -4.4202 ], [ 14.5183, -4.4102 ], [ 14.5403, -4.3904 ], [ 14.5654, -4.3858 ], [ 14.5689, -4.3741 ], [ 14.5842, -4.3542 ], [ 14.6027, -4.3411 ], [ 14.6234, -4.2978 ], [ 14.6393, -4.236 ], [ 14.6582, -4.201 ], [ 14.662, -4.1726 ], [ 14.6045, -4.1195 ], [ 14.6886, -4.0672 ], [ 14.7086, -4.0625 ], [ 14.7137, -4.0576 ], [ 14.721, -4.0174 ], [ 14.681, -4.015 ], [ 14.653, -3.9994 ], [ 14.6397, -3.9959 ], [ 14.6295, -4.0057 ], [ 14.6161, -4.0122 ], [ 14.5828, -4.0116 ], [ 14.5746, -4.0031 ], [ 14.5716, -3.9846 ], [ 14.5617, -3.9794 ], [ 14.5299, -3.9839 ], [ 14.5072, -3.9482 ], [ 14.504, -3.9381 ], [ 14.494, -3.9362 ], [ 14.4502, -3.9674 ], [ 14.4318, -3.9704 ], [ 14.4236, -3.9635 ], [ 14.4169, -3.9668 ], [ 14.4135, -3.9734 ], [ 14.3901, -3.9764 ], [ 14.3833, -3.983 ], [ 14.3601, -3.9775 ], [ 14.3598, -3.996 ], [ 14.3431, -3.9974 ], [ 14.3278, -4.0173 ], [ 14.2979, -4.0167 ], [ 14.2649, -3.9943 ], [ 14.2532, -3.9958 ], [ 14.2362, -4.0174 ] ] ] } },
{ "type": "Feature", "properties": { "iso3": "COG", "unit_id": "80182663B37123188282877", "unit_name": "Ngabe" }, "geometry": { "type": "Polygon", "coordinates": [ [ [ 15.7671, -2.8493 ], [ 15.7603, -2.8559 ], [ 15.7469, -2.8608 ], [ 15.7186, -2.8603 ], [ 15.7034, -2.8701 ], [ 15.6918, -2.8699 ], [ 15.6799, -2.8831 ], [ 15.6716, -2.883 ], [ 15.6711, -2.9098 ], [ 15.6495, -2.9111 ], [ 15.6362, -2.9075 ], [ 15.6091, -2.9356 ], [ 15.5907, -2.942 ], [ 15.5822, -2.9486 ], [ 15.5606, -2.9465 ], [ 15.5605, -2.9549 ], [ 15.552, -2.9649 ], [ 15.5402, -2.973 ], [ 15.5285, -2.9728 ], [ 15.493, -3.0075 ], [ 15.4908, -3.0385 ], [ 15.484, -3.0451 ], [ 15.4939, -3.0519 ], [ 15.5089, -3.0522 ], [ 15.5088, -3.0589 ], [ 15.5154, -3.0641 ], [ 15.5136, -3.0724 ], [ 15.5233, -3.0894 ], [ 15.5213, -3.1095 ], [ 15.5114, -3.106 ], [ 15.5211, -3.1263 ], [ 15.5204, -3.1666 ], [ 15.5237, -3.1734 ], [ 15.5117, -3.1916 ], [ 15.4882, -3.2047 ], [ 15.4865, -3.2097 ], [ 15.4764, -3.2162 ], [ 15.4746, -3.2229 ], [ 15.456, -3.241 ], [ 15.4308, -3.2523 ], [ 15.3739, -3.2698 ], [ 15.3587, -3.283 ], [ 15.3535, -3.2947 ], [ 15.3418, -3.2995 ], [ 15.3352, -3.2977 ], [ 15.3283, -3.3127 ], [ 15.3133, -3.3124 ], [ 15.3097, -3.3275 ], [ 15.3012, -3.3424 ], [ 15.3006, -3.3794 ], [ 15.2955, -3.386 ], [ 15.2919, -3.401 ], [ 15.2853, -3.3976 ], [ 15.2784, -3.4159 ], [ 15.2833, -3.4227 ], [ 15.2682, -3.4258 ], [ 15.2563, -3.4441 ], [ 15.2541, -3.4776 ], [ 15.2439, -3.4909 ], [ 15.2454, -3.4993 ], [ 15.2504, -3.5011 ], [ 15.2519, -3.5145 ], [ 15.2599, -3.5298 ], [ 15.2799, -3.5318 ], [ 15.2864, -3.5437 ], [ 15.3146, -3.5492 ], [ 15.3179, -3.556 ], [ 15.3474, -3.5867 ], [ 15.3658, -3.582 ], [ 15.384, -3.5874 ], [ 15.3888, -3.5992 ], [ 15.435, -3.6286 ], [ 15.4466, -3.6321 ], [ 15.4961, -3.6649 ], [ 15.5194, -3.6687 ], [ 15.5596, -3.6492 ], [ 15.5684, -3.6208 ], [ 15.6088, -3.5947 ], [ 15.6225, -3.5714 ], [ 15.6427, -3.5533 ], [ 15.6515, -3.5266 ], [ 15.6635, -3.5049 ], [ 15.6816, -3.5187 ], [ 15.6965, -3.5223 ], [ 15.7079, -3.5426 ], [ 15.7145, -3.5444 ], [ 15.7143, -3.5579 ], [ 15.7292, -3.5632 ], [ 15.7324, -3.5699 ], [ 15.7571, -3.5939 ], [ 15.797, -3.5963 ], [ 15.8102, -3.6032 ], [ 15.8281, -3.6321 ], [ 15.8611, -3.6562 ], [ 15.8675, -3.668 ], [ 15.867, -3.705 ], [ 15.8549, -3.7316 ], [ 15.8564, -3.7451 ], [ 15.8729, -3.7554 ], [ 15.8879, -3.7523 ], [ 15.8981, -3.7391 ], [ 15.9164, -3.7377 ], [ 15.9543, -3.7703 ], [ 15.9606, -3.787 ], [ 15.9675, -3.7702 ], [ 15.9858, -3.7472 ], [ 16.0132, -3.6846 ], [ 16.0309, -3.6527 ], [ 16.0352, -3.6324 ], [ 16.0486, -3.608 ], [ 16.0904, -3.5588 ], [ 16.117, -3.5012 ], [ 16.1228, -3.4725 ], [ 16.1605, -3.427 ], [ 16.1754, -3.4022 ], [ 16.1787, -3.3904 ], [ 16.1961, -3.3671 ], [ 16.2078, -3.3181 ], [ 16.2162, -3.309 ], [ 16.2108, -3.2793 ], [ 16.1804, -3.259 ], [ 16.1774, -3.2452 ], [ 16.1767, -3.2253 ], [ 16.188, -3.1927 ], [ 16.1715, -3.1305 ], [ 16.1715, -3.0781 ], [ 16.1823, -3.0593 ], [ 16.1847, -3.0352 ], [ 16.1937, -3.0131 ], [ 16.1768, -2.9493 ], [ 16.1768, -2.9547 ], [ 16.16, -2.9578 ], [ 16.1502, -2.9509 ], [ 16.1385, -2.9524 ], [ 16.1253, -2.9404 ], [ 16.1036, -2.9467 ], [ 16.0921, -2.9364 ], [ 16.0787, -2.9379 ], [ 16.0753, -2.9446 ], [ 16.042, -2.9456 ], [ 16.0084, -2.9602 ], [ 15.9967, -2.9617 ], [ 15.9868, -2.9564 ], [ 15.9837, -2.9396 ], [ 15.9688, -2.936 ], [ 15.9379, -2.8901 ], [ 15.9162, -2.8914 ], [ 15.9114, -2.8779 ], [ 15.8898, -2.8708 ], [ 15.8817, -2.8589 ], [ 15.8717, -2.8587 ], [ 15.8582, -2.8686 ], [ 15.8451, -2.8566 ], [ 15.8301, -2.8546 ], [ 15.8187, -2.8393 ], [ 15.8151, -2.856 ], [ 15.8067, -2.8643 ], [ 15.8, -2.8642 ], [ 15.7902, -2.8539 ], [ 15.7671, -2.8493 ] ] ] } },
{ "type": "Feature", "properties": { "iso3": "COG", "unit_id": "80182663B53919835353067", "unit_name": "Vindza" }, "geometry": { "type": "Polygon", "coordinates": [ [ [ 14.3152, -3.6476 ], [ 14.3401, -3.6548 ], [ 14.3419, -3.6431 ], [ 14.3569, -3.6433 ], [ 14.3602, -3.6484 ], [ 14.3753, -3.6436 ], [ 14.3886, -3.6439 ], [ 14.3968, -3.6507 ], [ 14.4019, -3.6424 ], [ 14.4153, -3.6427 ], [ 14.4322, -3.6211 ], [ 14.4555, -3.6232 ], [ 14.4786, -3.6387 ], [ 14.5371, -3.628 ], [ 14.5606, -3.615 ], [ 14.5725, -3.6034 ], [ 14.5795, -3.58 ], [ 14.6016, -3.5519 ], [ 14.61, -3.547 ], [ 14.6283, -3.5456 ], [ 14.6416, -3.5509 ], [ 14.6548, -3.5595 ], [ 14.6793, -3.5902 ], [ 14.6876, -3.5903 ], [ 14.6913, -3.5669 ], [ 14.7185, -3.5321 ], [ 14.7477, -3.4755 ], [ 14.7514, -3.4487 ], [ 14.7504, -3.4101 ], [ 14.7708, -3.3802 ], [ 14.7827, -3.3686 ], [ 14.7947, -3.347 ], [ 14.8016, -3.3253 ], [ 14.779, -3.2846 ], [ 14.7526, -3.2657 ], [ 14.7527, -3.2556 ], [ 14.7613, -3.244 ], [ 14.7632, -3.2289 ], [ 14.7601, -3.2138 ], [ 14.7436, -3.2017 ], [ 14.7422, -3.1815 ], [ 14.7357, -3.1747 ], [ 14.7257, -3.1712 ], [ 14.7193, -3.1543 ], [ 14.7111, -3.1457 ], [ 14.7099, -3.1172 ], [ 14.7151, -3.1055 ], [ 14.7451, -3.1044 ], [ 14.7586, -3.0895 ], [ 14.7638, -3.0761 ], [ 14.7839, -3.0748 ], [ 14.7906, -3.0682 ], [ 14.8023, -3.0651 ], [ 14.8107, -3.0652 ], [ 14.8206, -3.0704 ], [ 14.8306, -3.0672 ], [ 14.8459, -3.0473 ], [ 14.8682, -3.0041 ], [ 14.8959, -2.9374 ], [ 14.9077, -2.9309 ], [ 14.9111, -2.9242 ], [ 14.9379, -2.9088 ], [ 14.9297, -2.9002 ], [ 14.9383, -2.8802 ], [ 14.9386, -2.8601 ], [ 14.9312, -2.8045 ], [ 14.9148, -2.7841 ], [ 14.9102, -2.7588 ], [ 14.8858, -2.7197 ], [ 14.8606, -2.731 ], [ 14.8438, -2.7425 ], [ 14.8284, -2.7658 ], [ 14.81, -2.7705 ], [ 14.7999, -2.7821 ], [ 14.7996, -2.7989 ], [ 14.7908, -2.8323 ], [ 14.7654, -2.8537 ], [ 14.7302, -2.8665 ], [ 14.7216, -2.8882 ], [ 14.6876, -2.9279 ], [ 14.6625, -2.9359 ], [ 14.6506, -2.9491 ], [ 14.6471, -2.9642 ], [ 14.6168, -2.9804 ], [ 14.571, -3.0351 ], [ 14.5507, -3.0515 ], [ 14.5099, -3.1062 ], [ 14.4523, -3.0565 ], [ 14.4457, -3.0564 ], [ 14.4392, -3.0462 ], [ 14.4124, -3.0491 ], [ 14.4076, -3.0389 ], [ 14.3924, -3.0504 ], [ 14.3674, -3.0517 ], [ 14.3574, -3.0724 ], [ 14.3473, -3.0823 ], [ 14.3536, -3.1042 ], [ 14.3617, -3.1161 ], [ 14.3631, -3.1363 ], [ 14.3793, -3.1635 ], [ 14.3791, -3.1769 ], [ 14.399, -3.1873 ], [ 14.4219, -3.2112 ], [ 14.433, -3.25 ], [ 14.4274, -3.2852 ], [ 14.348, -3.3611 ], [ 14.3087, -3.4208 ], [ 14.3085, -3.4376 ], [ 14.2998, -3.4593 ], [ 14.2694, -3.489 ], [ 14.2608, -3.5023 ], [ 14.2441, -3.5053 ], [ 14.2307, -3.5118 ], [ 14.2639, -3.5174 ], [ 14.2737, -3.531 ], [ 14.2915, -3.5649 ], [ 14.2981, -3.5718 ], [ 14.2929, -3.5851 ], [ 14.2943, -3.5986 ], [ 14.2893, -3.6018 ], [ 14.3071, -3.6324 ], [ 14.3121, -3.6358 ], [ 14.3152, -3.6476 ] ] ] } },
{ "type": "Feature", "properties": { "iso3": "COG", "unit_id": "80182663B55904147365470", "unit_name": "Mokeko" }, "geometry": { "type": "Polygon", "coordinates": [ [ [ 15.9722, 0.2973 ], [ 16.0056, 0.2967 ], [ 16.0222, 0.2897 ], [ 16.037, 0.276 ], [ 16.0467, 0.2556 ], [ 16.0463, 0.2338 ], [ 16.0676, 0.2099 ], [ 16.0822, 0.1793 ], [ 16.0819, 0.1608 ], [ 16.0714, 0.1307 ], [ 16.0912, 0.1136 ], [ 16.1195, 0.1097 ], [ 16.1343, 0.0994 ], [ 16.1563, 0.1175 ], [ 16.168, 0.119 ], [ 16.1844, 0.0968 ], [ 16.2343, 0.0909 ], [ 16.2342, 0.0842 ], [ 16.2676, 0.0836 ], [ 16.2859, 0.0799 ], [ 16.3039, 0.0611 ], [ 16.3223, 0.0625 ], [ 16.3162, 0.0979 ], [ 16.3166, 0.1248 ], [ 16.3002, 0.1453 ], [ 16.2938, 0.1639 ], [ 16.2838, 0.164 ], [ 16.2757, 0.1743 ], [ 16.2679, 0.2097 ], [ 16.2547, 0.22 ], [ 16.2499, 0.2336 ], [ 16.2501, 0.247 ], [ 16.2402, 0.2573 ], [ 16.2171, 0.2712 ], [ 16.2004, 0.2714 ], [ 16.1857, 0.2919 ], [ 16.1724, 0.2955 ], [ 16.1494, 0.3194 ], [ 16.1463, 0.3346 ], [ 16.1537, 0.3782 ], [ 16.1061, 0.4329 ], [ 16.1114, 0.4496 ], [ 16.1022, 0.5019 ], [ 16.0888, 0.4988 ], [ 16.0738, 0.5007 ], [ 16.0643, 0.5328 ], [ 16.0712, 0.5462 ], [ 16.0602, 0.5951 ], [ 16.0622, 0.6136 ], [ 16.0724, 0.6252 ], [ 16.0748, 0.6706 ], [ 16.0702, 0.6975 ], [ 16.0806, 0.726 ], [ 16.0847, 0.773 ], [ 16.0806, 0.8353 ], [ 16.0583, 0.8996 ], [ 16.0419, 0.92 ], [ 16.0407, 0.952 ], [ 16.0298, 0.9993 ], [ 16.0391, 1.0647 ], [ 16.04, 1.1219 ], [ 16.7408, 1.1231 ], [ 16.7344, 1.1417 ], [ 16.7465, 1.1701 ], [ 16.7668, 1.1849 ], [ 16.7672, 1.2118 ], [ 16.7445, 1.2559 ], [ 16.7435, 1.2946 ], [ 16.7387, 1.3098 ], [ 16.7204, 1.3169 ], [ 16.6994, 1.3559 ], [ 16.6996, 1.3727 ], [ 16.6755, 1.4337 ], [ 16.6875, 1.4503 ], [ 16.6894, 1.4654 ], [ 16.6779, 1.4774 ], [ 16.6613, 1.4878 ], [ 16.6614, 1.4928 ], [ 16.6734, 1.5128 ], [ 16.6937, 1.5276 ], [ 16.7041, 1.5543 ], [ 16.6992, 1.5611 ], [ 16.6961, 1.5797 ], [ 16.6864, 1.5983 ], [ 16.6818, 1.622 ], [ 16.687, 1.6336 ], [ 16.6889, 1.6538 ], [ 16.6808, 1.6691 ], [ 16.6693, 1.681 ], [ 16.6694, 1.6878 ], [ 16.6846, 1.6959 ], [ 16.7005, 1.7545 ], [ 16.7349, 1.8212 ], [ 16.7352, 1.8413 ], [ 16.7286, 1.8482 ], [ 16.7128, 1.9006 ], [ 16.7099, 1.9276 ], [ 16.72, 1.9358 ], [ 16.7125, 1.9881 ], [ 16.7045, 2.0134 ], [ 16.7048, 2.0353 ], [ 16.6984, 2.0522 ], [ 16.7072, 2.0823 ], [ 16.7158, 2.0956 ], [ 16.7423, 2.0868 ], [ 16.7497, 2.1287 ], [ 16.7432, 2.1406 ], [ 16.7267, 2.1526 ], [ 16.7275, 2.2031 ], [ 16.7194, 2.2217 ], [ 16.7263, 2.2367 ], [ 16.7198, 2.2469 ], [ 16.7317, 2.2619 ], [ 16.7354, 2.2853 ], [ 16.7222, 2.2973 ], [ 16.7243, 2.3242 ], [ 16.7349, 2.361 ], [ 16.6957, 2.4139 ], [ 16.6863, 2.4544 ], [ 16.67, 2.4799 ], [ 16.6517, 2.4869 ], [ 16.6303, 2.5025 ], [ 16.612, 2.5061 ], [ 16.5835, 2.4999 ], [ 16.5734, 2.4917 ], [ 16.5551, 2.4937 ], [ 16.559, 2.5306 ], [ 16.546, 2.551 ], [ 16.5327, 2.5563 ], [ 16.5313, 2.5748 ], [ 16.5148, 2.5869 ], [ 16.4898, 2.589 ], [ 16.475, 2.6044 ], [ 16.4773, 2.643 ], [ 16.4856, 2.6378 ], [ 16.5023, 2.6443 ], [ 16.4926, 2.6613 ], [ 16.4879, 2.6798 ], [ 16.4716, 2.7054 ], [ 16.4633, 2.7089 ], [ 16.4486, 2.7084 ], [ 16.2088, 2.2467 ], [ 16.192, 2.2205 ], [ 16.1885, 2.2086 ], [ 16.1806, 2.1986 ], [ 16.1601, 2.1897 ], [ 16.1475, 2.1752 ], [ 16.1419, 2.1752 ], [ 16.1324, 2.1964 ], [ 16.0959, 2.1983 ], [ 16.0863, 2.1923 ], [ 16.0801, 2.1403 ], [ 16.0805, 2.121 ], [ 16.0876, 2.1099 ], [ 16.0899, 2.0993 ], [ 16.0887, 2.084 ], [ 16.0828, 2.0755 ], [ 16.0658, 2.0649 ], [ 16.0697, 2.0557 ], [ 16.0843, 2.0465 ], [ 16.0846, 2.0396 ], [ 16.0777, 2.0253 ], [ 16.0628, 2.0124 ], [ 16.0557, 2.0013 ], [ 16.0583, 1.98 ], [ 16.0557, 1.9697 ], [ 16.0801, 1.946 ], [ 16.0911, 1.8901 ], [ 16.0977, 1.8864 ], [ 16.1102, 1.8896 ], [ 16.1148, 1.887 ], [ 16.1129, 1.8672 ], [ 16.1157, 1.8549 ], [ 16.1275, 1.8155 ], [ 16.1403, 1.7981 ], [ 16.1471, 1.762 ], [ 16.1399, 1.7442 ], [ 16.1401, 1.7249 ], [ 16.153, 1.7046 ], [ 16.1447, 1.6821 ], [ 16.1351, 1.6854 ], [ 16.1259, 1.6952 ], [ 16.114, 1.6953 ], [ 16.0839, 1.6854 ], [ 16.0647, 1.6532 ], [ 16.0324, 1.6574 ], [ 16.0226, 1.6795 ], [ 16.0268, 1.7023 ], [ 16.0184, 1.7129 ], [ 16.0182, 1.7186 ], [ 16.0339, 1.7491 ], [ 16.0325, 1.7625 ], [ 16.0266, 1.7655 ], [ 15.9964, 1.761 ], [ 15.9596, 1.7621 ], [ 15.935, 1.7737 ], [ 15.9164, 1.7758 ], [ 15.9108, 1.7894 ], [ 15.898, 1.7897 ], [ 15.8865, 1.7796 ], [ 15.8806, 1.7799 ], [ 15.8834, 1.7884 ], [ 15.8732, 1.8197 ], [ 15.8686, 1.825 ], [ 15.8487, 1.8269 ], [ 15.8351, 1.8417 ], [ 15.8074, 1.8526 ], [ 15.7947, 1.8655 ], [ 15.7879, 1.8828 ], [ 15.7699, 1.9038 ], [ 15.7501, 1.9158 ], [ 15.7286, 1.9131 ], [ 15.7226, 1.9203 ], [ 15.6868, 1.9331 ], [ 15.6708, 1.9295 ], [ 15.6541, 1.9325 ], [ 15.6082, 1.9435 ], [ 15.5929, 1.9527 ], [ 15.5835, 1.9526 ], [ 15.5704, 1.9466 ], [ 15.5647, 1.9471 ], [ 15.5453, 1.961 ], [ 15.5382, 1.9603 ], [ 15.5304, 1.953 ], [ 15.5186, 1.9585 ], [ 15.5055, 1.9469 ], [ 15.4796, 1.8935 ], [ 15.4404, 1.8354 ], [ 15.4231, 1.8003 ], [ 15.3598, 1.6989 ], [ 15.3491, 1.652 ], [ 15.3853, 1.6177 ], [ 15.4078, 1.5652 ], [ 15.4192, 1.5465 ], [ 15.4358, 1.5428 ], [ 15.4525, 1.5442 ], [ 15.4555, 1.5189 ], [ 15.4652, 1.4969 ], [ 15.4815, 1.4747 ], [ 15.5145, 1.4506 ], [ 15.5292, 1.4319 ], [ 15.559, 1.4128 ], [ 15.5654, 1.3976 ], [ 15.5802, 1.3856 ], [ 15.6117, 1.3682 ], [ 15.6098, 1.3564 ], [ 15.1946, 1.3704 ], [ 14.494, 1.386 ], [ 14.4875, 1.3946 ], [ 14.4725, 1.3931 ], [ 14.4986, 1.354 ], [ 14.5049, 1.3337 ], [ 14.5014, 1.3237 ], [ 14.5129, 1.3134 ], [ 14.506, 1.2984 ], [ 14.519, 1.2763 ], [ 14.5205, 1.2645 ], [ 14.5152, 1.241 ], [ 14.5468, 1.2337 ], [ 14.578, 1.2046 ], [ 14.593, 1.2043 ], [ 14.613, 1.1989 ], [ 14.6228, 1.1904 ], [ 14.6429, 1.1951 ], [ 14.6595, 1.188 ], [ 14.6759, 1.1693 ], [ 14.6944, 1.179 ], [ 14.7042, 1.162 ], [ 14.7227, 1.1718 ], [ 14.7393, 1.1715 ], [ 14.7643, 1.166 ], [ 14.804, 1.1468 ], [ 14.8219, 1.1129 ], [ 14.8433, 1.0991 ], [ 14.8634, 1.1021 ], [ 14.8716, 1.0918 ], [ 14.89, 1.0932 ], [ 14.8998, 1.0813 ], [ 14.9659, 1.0414 ], [ 14.9926, 1.0376 ], [ 15.0529, 1.0534 ], [ 15.0677, 1.0447 ], [ 15.0809, 1.0293 ], [ 15.1005, 1.0038 ], [ 15.1116, 0.9682 ], [ 15.1236, 0.8823 ], [ 15.1184, 0.8672 ], [ 15.1049, 0.8557 ], [ 15.103, 0.8423 ], [ 15.0895, 0.8341 ], [ 15.096, 0.8222 ], [ 15.0857, 0.8022 ], [ 15.0707, 0.8025 ], [ 15.0606, 0.7959 ], [ 15.0383, 0.7593 ], [ 15.0363, 0.7375 ], [ 15.0277, 0.7225 ], [ 15.0108, 0.7043 ], [ 15.0138, 0.684 ], [ 15.0545, 0.6177 ], [ 15.0744, 0.6107 ], [ 15.1203, 0.5594 ], [ 15.1469, 0.5522 ], [ 15.1683, 0.535 ], [ 15.1764, 0.5164 ], [ 15.1863, 0.5112 ], [ 15.203, 0.5109 ], [ 15.2097, 0.5141 ], [ 15.2162, 0.5039 ], [ 15.2278, 0.4953 ], [ 15.2176, 0.482 ], [ 15.2173, 0.4652 ], [ 15.2372, 0.4598 ], [ 15.2601, 0.4241 ], [ 15.2734, 0.4255 ], [ 15.2849, 0.4136 ], [ 15.3131, 0.4013 ], [ 15.316, 0.3744 ], [ 15.3627, 0.3719 ], [ 15.3726, 0.3666 ], [ 15.4577, 0.3668 ], [ 15.476, 0.3631 ], [ 15.5056, 0.3357 ], [ 15.5108, 0.3457 ], [ 15.5111, 0.3659 ], [ 15.5312, 0.3689 ], [ 15.5528, 0.3669 ], [ 15.5576, 0.3516 ], [ 15.5676, 0.3515 ], [ 15.5794, 0.3613 ], [ 15.6262, 0.3656 ], [ 15.6448, 0.377 ], [ 15.6665, 0.3834 ], [ 15.7, 0.3878 ], [ 15.7218, 0.3959 ], [ 15.7418, 0.3955 ], [ 15.7633, 0.3834 ], [ 15.7917, 0.3862 ], [ 15.805, 0.3826 ], [ 15.8165, 0.369 ], [ 15.8515, 0.3684 ], [ 15.8866, 0.3745 ], [ 15.8965, 0.3642 ], [ 15.9164, 0.3538 ], [ 15.9529, 0.3397 ], [ 15.961, 0.3294 ], [ 15.9608, 0.316 ], [ 15.9722, 0.2973 ] ], [ [ 16.0604, 1.6045 ], [ 16.0516, 1.5968 ], [ 16.0385, 1.5998 ], [ 16.0353, 1.6034 ], [ 16.0417, 1.6113 ], [ 16.0489, 1.6297 ], [ 16.0622, 1.6149 ], [ 16.0604, 1.6045 ] ] ] } },
{ "type": "Feature", "properties": { "iso3": "COG", "unit_id": "80182663B10232304324363", "unit_name": "Ngbala" }, "geometry": { "type": "Polygon", "coordinates": [ [ [ 15.5186, 1.9585 ], [ 15.4937, 1.9756 ], [ 15.4871, 1.9754 ], [ 15.4793, 1.9693 ], [ 15.433, 1.9568 ], [ 15.4227, 1.9518 ], [ 15.4092, 1.9387 ], [ 15.3939, 1.9362 ], [ 15.3449, 1.9111 ], [ 15.3344, 1.9288 ], [ 15.3351, 1.9399 ], [ 15.3195, 1.9307 ], [ 15.307, 1.9345 ], [ 15.3049, 1.9397 ], [ 15.3082, 1.9567 ], [ 15.3046, 1.9676 ], [ 15.2811, 1.9909 ], [ 15.2676, 1.9957 ], [ 15.2599, 2.0063 ], [ 15.2434, 2.0091 ], [ 15.2519, 2.0257 ], [ 15.2425, 2.0301 ], [ 15.2233, 2.0318 ], [ 15.2144, 2.0357 ], [ 15.1966, 2.0341 ], [ 15.1785, 2.0144 ], [ 15.1714, 2.02 ], [ 15.1623, 2.04 ], [ 15.1525, 2.0389 ], [ 15.1497, 2.0361 ], [ 15.1467, 2.0136 ], [ 15.1412, 2.0079 ], [ 15.1218, 2.0114 ], [ 15.1077, 1.9783 ], [ 15.0752, 1.98 ], [ 15.0755, 1.997 ], [ 15.0664, 2.0014 ], [ 15.0517, 1.9803 ], [ 15.0469, 1.9764 ], [ 15.0425, 1.9774 ], [ 15.0352, 1.9845 ], [ 15.0341, 1.9992 ], [ 15.0092, 2.0129 ], [ 14.9871, 2.0332 ], [ 14.98, 2.0265 ], [ 14.9738, 2.0088 ], [ 14.9681, 2.0045 ], [ 14.9545, 2.0004 ], [ 14.923, 1.9977 ], [ 14.9148, 2.0012 ], [ 14.8979, 2.0183 ], [ 14.9137, 2.0366 ], [ 14.9177, 2.0548 ], [ 14.9149, 2.0598 ], [ 14.8902, 2.0663 ], [ 14.8834, 2.0714 ], [ 14.8807, 2.0813 ], [ 14.8812, 2.1025 ], [ 14.8782, 2.1078 ], [ 14.8732, 2.1087 ], [ 14.8617, 2.1002 ], [ 14.869, 2.0864 ], [ 14.8669, 2.0793 ], [ 14.8505, 2.0825 ], [ 14.8411, 2.08 ], [ 14.8276, 2.0624 ], [ 14.8147, 2.0576 ], [ 14.8104, 2.0581 ], [ 14.7976, 2.0717 ], [ 14.78, 2.0611 ], [ 14.775, 2.0616 ], [ 14.7702, 2.0683 ], [ 14.7773, 2.0862 ], [ 14.7721, 2.0954 ], [ 14.7613, 2.0947 ], [ 14.7499, 2.0867 ], [ 14.7444, 2.0874 ], [ 14.7437, 2.0953 ], [ 14.7554, 2.095 ], [ 14.7568, 2.1007 ], [ 14.7296, 2.1222 ], [ 14.7241, 2.122 ], [ 14.7225, 2.119 ], [ 14.727, 2.108 ], [ 14.7268, 2.1038 ], [ 14.7231, 2.1038 ], [ 14.7149, 2.1082 ], [ 14.7026, 2.1092 ], [ 14.6989, 2.1198 ], [ 14.6859, 2.1306 ], [ 14.6509, 2.1291 ], [ 14.6457, 2.1378 ], [ 14.6494, 2.1468 ], [ 14.6478, 2.1512 ], [ 14.6425, 2.1551 ], [ 14.6306, 2.1563 ], [ 14.6122, 2.1908 ], [ 14.6067, 2.1968 ], [ 14.5952, 2.2003 ], [ 14.5949, 2.1853 ], [ 14.588, 2.167 ], [ 14.5453, 2.1005 ], [ 14.5399, 2.0771 ], [ 14.5408, 2.0267 ], [ 14.5256, 2.0102 ], [ 14.5421, 1.9998 ], [ 14.5694, 1.9338 ], [ 14.584, 1.91 ], [ 14.5939, 1.8998 ], [ 14.6304, 1.8907 ], [ 14.6637, 1.8902 ], [ 14.6885, 1.8746 ], [ 14.7464, 1.8518 ], [ 14.7563, 1.8415 ], [ 15.0275, 1.8166 ], [ 15.1474, 1.8095 ], [ 15.1675, 1.8158 ], [ 15.2208, 1.8149 ], [ 15.2776, 1.819 ], [ 15.4404, 1.8354 ], [ 15.4796, 1.8935 ], [ 15.5055, 1.9469 ], [ 15.5186, 1.9585 ] ] ] } },
{ "type": "Feature", "properties": { "iso3": "COG", "unit_id": "80182663B35942247064560", "unit_name": "Ouesso" }, "geometry": { "type": "Polygon", "coordinates": [ [ [ 16.0604, 1.6045 ], [ 16.0622, 1.6149 ], [ 16.0489, 1.6297 ], [ 16.0417, 1.6113 ], [ 16.0353, 1.6034 ], [ 16.0385, 1.5998 ], [ 16.0516, 1.5968 ], [ 16.0604, 1.6045 ] ] ] } },
{ "type": "Feature", "properties": { "iso3": "COG", "unit_id": "80182663B6359498881890", "unit_name": "Pikounda" }, "geometry": { "type": "Polygon", "coordinates": [ [ [ 17.0016, 0.397 ], [ 16.9784, 0.4109 ], [ 16.954, 0.4517 ], [ 16.918, 0.4977 ], [ 16.8609, 0.5811 ], [ 16.699, 0.7942 ], [ 16.6487, 0.8842 ], [ 16.6457, 0.9095 ], [ 16.6496, 0.9464 ], [ 16.6548, 0.9547 ], [ 16.6571, 0.9984 ], [ 16.6708, 1.0167 ], [ 16.6742, 1.0267 ], [ 16.6929, 1.0432 ], [ 16.7299, 1.0628 ], [ 16.7451, 1.0759 ], [ 16.7503, 1.0893 ], [ 16.7473, 1.1129 ], [ 16.7408, 1.1231 ], [ 16.04, 1.1219 ], [ 16.0391, 1.0647 ], [ 16.0298, 0.9993 ], [ 16.0407, 0.952 ], [ 16.0419, 0.92 ], [ 16.0583, 0.8996 ], [ 16.0806, 0.8353 ], [ 16.0847, 0.773 ], [ 16.0806, 0.726 ], [ 16.0702, 0.6975 ], [ 16.0748, 0.6706 ], [ 16.0724, 0.6252 ], [ 16.0622, 0.6136 ], [ 16.0602, 0.5951 ], [ 16.0712, 0.5462 ], [ 16.0643, 0.5328 ], [ 16.0738, 0.5007 ], [ 16.0888, 0.4988 ], [ 16.1022, 0.5019 ], [ 16.1114, 0.4496 ], [ 16.1061, 0.4329 ], [ 16.1537, 0.3782 ], [ 16.1463, 0.3346 ], [ 16.1494, 0.3194 ], [ 16.1724, 0.2955 ], [ 16.1857, 0.2919 ], [ 16.2004, 0.2714 ], [ 16.2171, 0.2712 ], [ 16.2402, 0.2573 ], [ 16.2501, 0.247 ], [ 16.2499, 0.2336 ], [ 16.2547, 0.22 ], [ 16.2679, 0.2097 ], [ 16.2757, 0.1743 ], [ 16.2838, 0.164 ], [ 16.2938, 0.1639 ], [ 16.3002, 0.1453 ], [ 16.3166, 0.1248 ], [ 16.3162, 0.0979 ], [ 16.327, 0.0405 ], [ 16.3402, 0.0302 ], [ 16.4312, 0.0875 ], [ 16.495, 0.1183 ], [ 16.5119, 0.1315 ], [ 16.7543, 0.2668 ], [ 16.8248, 0.2975 ], [ 16.8435, 0.3157 ], [ 16.9041, 0.3517 ], [ 16.9696, 0.3825 ], [ 16.9747, 0.3891 ], [ 17.0016, 0.397 ] ] ] } },
{ "type": "Feature", "properties": { "iso3": "COG", "unit_id": "80182663B79052350113410", "unit_name": "Sembe" }, "geometry": { "type": "Polygon", "coordinates": [ [ [ 14.4474, 1.3902 ], [ 14.4875, 1.3946 ], [ 14.494, 1.386 ], [ 15.1946, 1.3704 ], [ 15.6098, 1.3564 ], [ 15.6117, 1.3682 ], [ 15.5802, 1.3856 ], [ 15.5654, 1.3976 ], [ 15.559, 1.4128 ], [ 15.5292, 1.4319 ], [ 15.5145, 1.4506 ], [ 15.4815, 1.4747 ], [ 15.4652, 1.4969 ], [ 15.4555, 1.5189 ], [ 15.4525, 1.5442 ], [ 15.4358, 1.5428 ], [ 15.4192, 1.5465 ], [ 15.4078, 1.5652 ], [ 15.3853, 1.6177 ], [ 15.3491, 1.652 ], [ 15.3598, 1.6989 ], [ 15.4231, 1.8003 ], [ 15.4404, 1.8354 ], [ 15.2776, 1.819 ], [ 15.2208, 1.8149 ], [ 15.1675, 1.8158 ], [ 15.1474, 1.8095 ], [ 15.0275, 1.8166 ], [ 14.7563, 1.8415 ], [ 14.7464, 1.8518 ], [ 14.6885, 1.8746 ], [ 14.6637, 1.8902 ], [ 14.6304, 1.8907 ], [ 14.5939, 1.8998 ], [ 14.584, 1.91 ], [ 14.5694, 1.9338 ], [ 14.5421, 1.9998 ], [ 14.5256, 2.0102 ], [ 14.5221, 2.0018 ], [ 14.4619, 1.9844 ], [ 14.4233, 1.9683 ], [ 14.4132, 1.96 ], [ 14.4043, 1.9249 ], [ 14.3927, 1.821 ], [ 14.3708, 1.7021 ], [ 14.3602, 1.6636 ], [ 14.3209, 1.5971 ], [ 14.2923, 1.5825 ], [ 14.2236, 1.5585 ], [ 14.2184, 1.5435 ], [ 14.1998, 1.527 ], [ 14.1726, 1.4922 ], [ 14.1418, 1.439 ], [ 14.1081, 1.4127 ], [ 14.09, 1.3777 ], [ 14.1031, 1.3756 ], [ 14.1189, 1.3919 ], [ 14.1296, 1.3948 ], [ 14.1703, 1.3913 ], [ 14.1753, 1.395 ], [ 14.1872, 1.3956 ], [ 14.2055, 1.3747 ], [ 14.2169, 1.37 ], [ 14.2301, 1.3696 ], [ 14.2372, 1.3622 ], [ 14.2526, 1.358 ], [ 14.3603, 1.3665 ], [ 14.3854, 1.3762 ], [ 14.4054, 1.3724 ], [ 14.4474, 1.3902 ] ] ] } },
{ "type": "Feature", "properties": { "iso3": "COG", "unit_id": "80182663B26261233587759", "unit_name": "Souanke" }, "geometry": { "type": "Polygon", "coordinates": [ [ [ 14.5952, 2.2003 ], [ 14.5832, 2.2118 ], [ 14.5733, 2.2029 ], [ 14.5674, 2.2036 ], [ 14.557, 2.2115 ], [ 14.5459, 2.197 ], [ 14.4337, 2.1559 ], [ 14.4268, 2.1559 ], [ 14.4115, 2.1743 ], [ 14.3968, 2.1826 ], [ 14.3625, 2.1851 ], [ 14.352, 2.183 ], [ 14.3099, 2.1906 ], [ 14.2697, 2.1852 ], [ 14.2564, 2.1723 ], [ 14.2456, 2.1716 ], [ 13.9925, 2.1695 ], [ 13.8621, 2.1727 ], [ 13.6574, 2.1703 ], [ 13.632, 2.1723 ], [ 13.4049, 2.1684 ], [ 13.299, 2.1706 ], [ 13.2981, 2.1618 ], [ 13.2912, 2.1565 ], [ 13.299, 2.1429 ], [ 13.2873, 2.1333 ], [ 13.2944, 2.1289 ], [ 13.291, 2.1183 ], [ 13.2937, 2.1082 ], [ 13.2983, 2.1082 ], [ 13.2994, 2.0981 ], [ 13.2935, 2.084 ], [ 13.2944, 2.0613 ], [ 13.29, 2.0572 ], [ 13.2898, 2.0503 ], [ 13.2813, 2.0542 ], [ 13.2887, 2.0434 ], [ 13.2866, 2.0392 ], [ 13.2779, 2.0351 ], [ 13.2738, 2.025 ], [ 13.2541, 2.0248 ], [ 13.2509, 2.0195 ], [ 13.2463, 2.0204 ], [ 13.2374, 2.011 ], [ 13.2399, 2.0073 ], [ 13.236, 2.005 ], [ 13.2351, 1.9983 ], [ 13.2186, 1.9878 ], [ 13.2177, 1.9829 ], [ 13.2097, 1.9818 ], [ 13.2072, 1.9751 ], [ 13.2088, 1.9655 ], [ 13.2166, 1.9464 ], [ 13.1909, 1.9289 ], [ 13.1838, 1.9179 ], [ 13.1848, 1.9105 ], [ 13.1813, 1.9071 ], [ 13.1726, 1.9009 ], [ 13.1619, 1.9014 ], [ 13.1582, 1.8933 ], [ 13.1596, 1.8756 ], [ 13.1717, 1.8694 ], [ 13.1728, 1.8584 ], [ 13.1872, 1.8579 ], [ 13.192, 1.8538 ], [ 13.1959, 1.8298 ], [ 13.1904, 1.8232 ], [ 13.2014, 1.8068 ], [ 13.1957, 1.7914 ], [ 13.1883, 1.7885 ], [ 13.1863, 1.7933 ], [ 13.1817, 1.7912 ], [ 13.1792, 1.7735 ], [ 13.1824, 1.7692 ], [ 13.1824, 1.757 ], [ 13.1714, 1.7457 ], [ 13.1591, 1.7418 ], [ 13.1577, 1.7232 ], [ 13.1527, 1.7214 ], [ 13.1451, 1.7085 ], [ 13.1371, 1.7018 ], [ 13.1394, 1.677 ], [ 13.143, 1.6726 ], [ 13.1401, 1.6529 ], [ 13.1453, 1.6407 ], [ 13.1503, 1.6411 ], [ 13.1508, 1.6349 ], [ 13.1462, 1.6313 ], [ 13.151, 1.6248 ], [ 13.1432, 1.6106 ], [ 13.1455, 1.6069 ], [ 13.1421, 1.5981 ], [ 13.1455, 1.5894 ], [ 13.1323, 1.591 ], [ 13.1309, 1.5869 ], [ 13.1407, 1.5775 ], [ 13.1373, 1.5614 ], [ 13.1446, 1.56 ], [ 13.1482, 1.551 ], [ 13.1537, 1.5515 ], [ 13.1521, 1.5434 ], [ 13.1592, 1.5303 ], [ 13.1638, 1.5255 ], [ 13.1786, 1.5358 ], [ 13.1839, 1.5276 ], [ 13.19, 1.5241 ], [ 13.1916, 1.5154 ], [ 13.1983, 1.5121 ], [ 13.1928, 1.4984 ], [ 13.1983, 1.5004 ], [ 13.1992, 1.4981 ], [ 13.1948, 1.4875 ], [ 13.206, 1.4901 ], [ 13.2081, 1.4811 ], [ 13.2179, 1.4793 ], [ 13.2206, 1.474 ], [ 13.2163, 1.4657 ], [ 13.2232, 1.4602 ], [ 13.2216, 1.4439 ], [ 13.2266, 1.4393 ], [ 13.2289, 1.4434 ], [ 13.2341, 1.4383 ], [ 13.2389, 1.4278 ], [ 13.2375, 1.4186 ], [ 13.2526, 1.4055 ], [ 13.2494, 1.3917 ], [ 13.2563, 1.3923 ], [ 13.2572, 1.3889 ], [ 13.2464, 1.3675 ], [ 13.2542, 1.3565 ], [ 13.2448, 1.3489 ], [ 13.2439, 1.3448 ], [ 13.2503, 1.3367 ], [ 13.2617, 1.342 ], [ 13.264, 1.3365 ], [ 13.2574, 1.316 ], [ 13.24, 1.305 ], [ 13.2313, 1.3037 ], [ 13.2297, 1.2901 ], [ 13.224, 1.2851 ], [ 13.2139, 1.2913 ], [ 13.1977, 1.2869 ], [ 13.1929, 1.2938 ], [ 13.1888, 1.2924 ], [ 13.1829, 1.28 ], [ 13.1831, 1.2681 ], [ 13.1771, 1.2598 ], [ 13.1806, 1.2511 ], [ 13.179, 1.2474 ], [ 13.168, 1.2506 ], [ 13.1563, 1.2396 ], [ 13.1563, 1.2343 ], [ 13.1817, 1.2286 ], [ 13.1956, 1.218 ], [ 13.2182, 1.2269 ], [ 13.2429, 1.2239 ], [ 13.2555, 1.2283 ], [ 13.261, 1.2232 ], [ 13.2653, 1.2278 ], [ 13.2781, 1.2248 ], [ 13.2875, 1.2296 ], [ 13.2932, 1.2275 ], [ 13.2996, 1.2298 ], [ 13.3057, 1.2213 ], [ 13.3094, 1.2211 ], [ 13.3133, 1.2252 ], [ 13.3147, 1.2395 ], [ 13.3236, 1.2358 ], [ 13.3249, 1.2381 ], [ 13.322, 1.2622 ], [ 13.335, 1.2629 ], [ 13.343, 1.2576 ], [ 13.3519, 1.2661 ], [ 13.3725, 1.2654 ], [ 13.3745, 1.2677 ], [ 13.3661, 1.2792 ], [ 13.375, 1.2909 ], [ 13.3976, 1.2824 ], [ 13.4022, 1.2902 ], [ 13.4097, 1.2911 ], [ 13.4139, 1.2975 ], [ 13.4223, 1.2952 ], [ 13.4367, 1.3002 ], [ 13.4385, 1.2929 ], [ 13.4463, 1.294 ], [ 13.4886, 1.2701 ], [ 13.4947, 1.2692 ], [ 13.4961, 1.2754 ], [ 13.5009, 1.2751 ], [ 13.5144, 1.2659 ], [ 13.513, 1.2737 ], [ 13.5411, 1.284 ], [ 13.5566, 1.2787 ], [ 13.5761, 1.2904 ], [ 13.5777, 1.2985 ], [ 13.5905, 1.3074 ], [ 13.5907, 1.3168 ], [ 13.6042, 1.3205 ], [ 13.6083, 1.3295 ], [ 13.6344, 1.3292 ], [ 13.6335, 1.3441 ], [ 13.6477, 1.3494 ], [ 13.6547, 1.3455 ], [ 13.665, 1.3526 ], [ 13.6787, 1.3539 ], [ 13.6876, 1.3484 ], [ 13.6899, 1.3549 ], [ 13.694, 1.3498 ], [ 13.7078, 1.3509 ], [ 13.7098, 1.3546 ], [ 13.7254, 1.3617 ], [ 13.7274, 1.3684 ], [ 13.7313, 1.37 ], [ 13.7443, 1.3681 ], [ 13.7425, 1.3605 ], [ 13.7509, 1.361 ], [ 13.7592, 1.3529 ], [ 13.7624, 1.3525 ], [ 13.7681, 1.3607 ], [ 13.7786, 1.3614 ], [ 13.7889, 1.371 ], [ 13.7891, 1.38 ], [ 13.7837, 1.391 ], [ 13.7857, 1.397 ], [ 13.7942, 1.3956 ], [ 13.7997, 1.408 ], [ 13.8072, 1.4076 ], [ 13.8104, 1.4119 ], [ 13.8084, 1.4236 ], [ 13.8024, 1.4204 ], [ 13.8008, 1.4225 ], [ 13.8059, 1.437 ], [ 13.8102, 1.4377 ], [ 13.8139, 1.4287 ], [ 13.8171, 1.4278 ], [ 13.8246, 1.4307 ], [ 13.8342, 1.4277 ], [ 13.8564, 1.4337 ], [ 13.8619, 1.4259 ], [ 13.8664, 1.4254 ], [ 13.892, 1.4327 ], [ 13.9263, 1.4172 ], [ 13.9489, 1.4177 ], [ 13.9665, 1.4222 ], [ 13.9834, 1.4162 ], [ 13.9994, 1.4201 ], [ 14.0045, 1.4321 ], [ 14.0116, 1.4383 ], [ 14.0284, 1.4276 ], [ 14.0303, 1.4104 ], [ 14.0426, 1.3986 ], [ 14.0499, 1.3975 ], [ 14.0586, 1.3851 ], [ 14.0665, 1.3807 ], [ 14.09, 1.3777 ], [ 14.1081, 1.4127 ], [ 14.1418, 1.439 ], [ 14.1726, 1.4922 ], [ 14.1998, 1.527 ], [ 14.2184, 1.5435 ], [ 14.2236, 1.5585 ], [ 14.2923, 1.5825 ], [ 14.3209, 1.5971 ], [ 14.3602, 1.6636 ], [ 14.3708, 1.7021 ], [ 14.3927, 1.821 ], [ 14.4043, 1.9249 ], [ 14.4132, 1.96 ], [ 14.4233, 1.9683 ], [ 14.4619, 1.9844 ], [ 14.5221, 2.0018 ], [ 14.5256, 2.0102 ], [ 14.5408, 2.0267 ], [ 14.5399, 2.0771 ], [ 14.5453, 2.1005 ], [ 14.588, 2.167 ], [ 14.5949, 2.1853 ], [ 14.5952, 2.2003 ] ] ] } }
]
}
