{
"type": "FeatureCollection",
"name": "ERI",
"crs": { "type": "name", "properties": { "name": "urn:ogc:def:crs:OGC:1.3:CRS84" } },
"xy_coordinate_resolution": 0.0001,
"features": [
{ "type": "Feature", "properties": { "iso3": "ERI", "unit_id": "17832035B38966064753107", "unit_name": "Araeta" }, "geometry": { "type": "MultiPolygon", "coordinates": [ [ [ [ 40.7892, 14.7196 ], [ 40.7902, 14.722 ], [ 40.7856, 14.7207 ], [ 40.7892, 14.7196 ] ] ], [ [ [ 40.8216, 14.7258 ], [ 40.8149, 14.7251 ], [ 40.8144, 14.7218 ], [ 40.8193, 14.7209 ], [ 40.8216, 14.7258 ] ] ], [ [ [ 40.8375, 14.7427 ], [ 40.8351, 14.7444 ], [ 40.8286, 14.741 ], [ 40.8302, 14.7377 ], [ 40.8359, 14.7382 ], [ 40.8375, 14.7427 ] ] ], [ [ [ 40.8989, 14.7555 ], [ 40.8848, 14.7537 ], [ 40.8812, 14.7481 ], [ 40.8964, 14.7476 ], [ 40.9004, 14.7504 ], [ 40.8989, 14.7555 ] ] ], [ [ [ 40.8078, 14.7658 ], [ 40.8014, 14.7596 ], [ 40.8062, 14.756 ], [ 40.8134, 14.7589 ], [ 40.8129, 14.7642 ], [ 40.8078, 14.7658 ] ] ], [ [ [ 40.7556, 14.7857 ], [ 40.7555, 14.7893 ], [ 40.7529, 14.787 ], [ 40.7556, 14.7857 ] ] ], [ [ [ 40.7853, 14.7823 ], [ 40.8116, 14.7862 ], [ 40.8154, 14.7881 ], [ 40.8151, 14.7932 ], [ 40.8103, 14.7968 ], [ 40.8011, 14.7956 ], [ 40.7938, 14.7847 ], [ 40.7853, 14.7823 ] ] ], [ [ [ 40.8273, 14.8221 ], [ 40.8249, 14.826 ], [ 40.8201, 14.8237 ], [ 40.8273, 14.8221 ] ] ], [ [ [ 40.7679, 14.8213 ], [ 40.7682, 14.8296 ], [ 40.7639, 14.8349 ], [ 40.7609, 14.8245 ], [ 40.7661, 14.8228 ], [ 40.7604, 14.8203 ], [ 40.7679, 14.8213 ] ] ], [ [ [ 40.7859, 14.8348 ], [ 40.7875, 14.838 ], [ 40.7842, 14.8394 ], [ 40.7834, 14.8374 ], [ 40.7859, 14.8348 ] ] ], [ [ [ 40.844, 14.8376 ], [ 40.8455, 14.8408 ], [ 40.8414, 14.8429 ], [ 40.8409, 14.8399 ], [ 40.844, 14.8376 ] ] ], [ [ [ 40.7577, 14.8681 ], [ 40.7427, 14.8671 ], [ 40.7408, 14.8644 ], [ 40.7483, 14.8658 ], [ 40.7518, 14.8553 ], [ 40.7652, 14.8538 ], [ 40.7639, 14.8461 ], [ 40.7592, 14.8452 ], [ 40.7635, 14.8439 ], [ 40.7569, 14.8415 ], [ 40.7588, 14.8392 ], [ 40.766, 14.8444 ], [ 40.7706, 14.8437 ], [ 40.7711, 14.855 ], [ 40.7691, 14.8622 ], [ 40.7577, 14.8681 ] ] ], [ [ [ 40.7191, 14.8704 ], [ 40.7128, 14.8702 ], [ 40.7129, 14.8679 ], [ 40.7191, 14.8704 ] ] ], [ [ [ 40.7288, 14.8723 ], [ 40.7228, 14.8742 ], [ 40.7178, 14.872 ], [ 40.7271, 14.8728 ], [ 40.727, 14.868 ], [ 40.7288, 14.8723 ] ] ], [ [ [ 40.6992, 14.9154 ], [ 40.6745, 14.9158 ], [ 40.684, 14.9119 ], [ 40.6744, 14.9062 ], [ 40.6785, 14.9064 ], [ 40.6858, 14.8952 ], [ 40.6963, 14.9024 ], [ 40.7031, 14.8964 ], [ 40.7147, 14.8933 ], [ 40.7101, 14.8813 ], [ 40.7149, 14.8911 ], [ 40.72, 14.8925 ], [ 40.7182, 14.8989 ], [ 40.6992, 14.9154 ] ] ], [ [ [ 40.5796, 14.9648 ], [ 40.582, 14.9673 ], [ 40.5773, 14.9628 ], [ 40.5796, 14.9648 ] ] ], [ [ [ 40.5841, 14.9685 ], [ 40.5907, 14.9709 ], [ 40.5825, 14.9698 ], [ 40.5841, 14.9685 ] ] ], [ [ [ 40.6018, 14.9703 ], [ 40.5998, 14.9722 ], [ 40.5945, 14.9709 ], [ 40.6006, 14.97 ], [ 40.5974, 14.9688 ], [ 40.6018, 14.9703 ] ] ], [ [ [ 40.5712, 14.9827 ], [ 40.5699, 14.9855 ], [ 40.5691, 14.9846 ], [ 40.5712, 14.9827 ] ] ], [ [ [ 40.5808, 14.9856 ], [ 40.582, 14.9858 ], [ 40.5798, 14.9857 ], [ 40.5808, 14.9856 ] ] ], [ [ [ 41.5323, 14.1656 ], [ 41.5229, 14.1799 ], [ 41.5129, 14.2067 ], [ 41.4898, 14.2418 ], [ 41.4484, 14.2835 ], [ 41.4319, 14.296 ], [ 41.4207, 14.3003 ], [ 41.4123, 14.3222 ], [ 41.412, 14.3316 ], [ 41.3921, 14.3674 ], [ 41.3755, 14.3849 ], [ 41.3391, 14.4114 ], [ 41.3279, 14.4654 ], [ 41.3144, 14.4818 ], [ 41.3115, 14.4943 ], [ 41.275, 14.5308 ], [ 41.2175, 14.5663 ], [ 41.2068, 14.5889 ], [ 41.1943, 14.6013 ], [ 41.1893, 14.6232 ], [ 41.124, 14.6435 ], [ 41.1074, 14.6538 ], [ 41.075, 14.6577 ], [ 41.0472, 14.6687 ], [ 41.0247, 14.6701 ], [ 41.0, 14.6639 ], [ 40.9832, 14.6652 ], [ 40.9677, 14.6759 ], [ 40.96, 14.6963 ], [ 40.9551, 14.6897 ], [ 40.9425, 14.691 ], [ 40.9302, 14.7042 ], [ 40.9197, 14.7036 ], [ 40.9149, 14.7063 ], [ 40.8989, 14.7271 ], [ 40.8894, 14.721 ], [ 40.8737, 14.7262 ], [ 40.8705, 14.7205 ], [ 40.8654, 14.7187 ], [ 40.8442, 14.7201 ], [ 40.8267, 14.7255 ], [ 40.8233, 14.7205 ], [ 40.831, 14.7177 ], [ 40.8312, 14.7136 ], [ 40.8184, 14.7077 ], [ 40.8136, 14.7092 ], [ 40.8104, 14.7161 ], [ 40.8073, 14.7172 ], [ 40.8072, 14.7146 ], [ 40.8054, 14.7177 ], [ 40.7987, 14.7184 ], [ 40.7939, 14.7142 ], [ 40.7941, 14.7072 ], [ 40.7784, 14.7053 ], [ 40.7714, 14.7217 ], [ 40.7764, 14.7256 ], [ 40.7863, 14.7242 ], [ 40.7788, 14.7281 ], [ 40.7764, 14.7367 ], [ 40.7674, 14.7395 ], [ 40.7689, 14.7345 ], [ 40.745, 14.7333 ], [ 40.7453, 14.7396 ], [ 40.7311, 14.7555 ], [ 40.7249, 14.7719 ], [ 40.7273, 14.78 ], [ 40.7419, 14.7909 ], [ 40.7464, 14.7997 ], [ 40.7485, 14.8341 ], [ 40.7454, 14.8458 ], [ 40.7387, 14.846 ], [ 40.7403, 14.8345 ], [ 40.7311, 14.839 ], [ 40.7051, 14.8671 ], [ 40.6877, 14.8796 ], [ 40.681, 14.8933 ], [ 40.6654, 14.8881 ], [ 40.6557, 14.8788 ], [ 40.6539, 14.8849 ], [ 40.6478, 14.8824 ], [ 40.6446, 14.8892 ], [ 40.6297, 14.888 ], [ 40.6147, 14.893 ], [ 40.6186, 14.8999 ], [ 40.6235, 14.9005 ], [ 40.633, 14.9173 ], [ 40.6322, 14.9229 ], [ 40.6355, 14.9263 ], [ 40.6312, 14.9326 ], [ 40.6361, 14.9267 ], [ 40.638, 14.9282 ], [ 40.6369, 14.9246 ], [ 40.6418, 14.9299 ], [ 40.6367, 14.9427 ], [ 40.636, 14.9585 ], [ 40.6297, 14.9598 ], [ 40.6277, 14.9504 ], [ 40.6311, 14.9517 ], [ 40.6319, 14.957 ], [ 40.634, 14.95 ], [ 40.6205, 14.9351 ], [ 40.6175, 14.9473 ], [ 40.6064, 14.9521 ], [ 40.5986, 14.9522 ], [ 40.595, 14.9509 ], [ 40.5983, 14.9513 ], [ 40.5862, 14.944 ], [ 40.5917, 14.9437 ], [ 40.5889, 14.9417 ], [ 40.5824, 14.9431 ], [ 40.5598, 14.9638 ], [ 40.5571, 14.9713 ], [ 40.5613, 14.9886 ], [ 40.556, 14.9922 ], [ 40.5662, 14.9906 ], [ 40.5659, 14.977 ], [ 40.5687, 14.9813 ], [ 40.5681, 14.9915 ], [ 40.5737, 14.9931 ], [ 40.5689, 14.9983 ], [ 40.5588, 14.9982 ], [ 40.5508, 15.0044 ], [ 40.5463, 15.0026 ], [ 40.5302, 15.0208 ], [ 40.5214, 15.0241 ], [ 40.5308, 15.0077 ], [ 40.5298, 15.0022 ], [ 40.534, 15.0005 ], [ 40.5385, 14.9915 ], [ 40.5437, 14.9939 ], [ 40.5447, 14.9888 ], [ 40.5405, 14.9848 ], [ 40.5424, 14.9893 ], [ 40.5397, 14.9911 ], [ 40.5379, 14.9835 ], [ 40.5394, 14.985 ], [ 40.5407, 14.9819 ], [ 40.5189, 14.972 ], [ 40.5226, 14.9694 ], [ 40.5225, 14.958 ], [ 40.5176, 14.9507 ], [ 40.5235, 14.9479 ], [ 40.5203, 14.945 ], [ 40.5308, 14.8664 ], [ 40.5528, 14.7829 ], [ 40.5637, 14.7636 ], [ 40.5721, 14.7226 ], [ 40.5703, 14.71 ], [ 40.5574, 14.689 ], [ 40.5476, 14.6632 ], [ 40.5327, 14.6457 ], [ 40.5139, 14.6305 ], [ 40.4929, 14.6286 ], [ 40.485, 14.6116 ], [ 40.4844, 14.5951 ], [ 40.492, 14.5839 ], [ 40.494, 14.5751 ], [ 40.4894, 14.5624 ], [ 40.492, 14.5273 ], [ 40.482, 14.5073 ], [ 40.4897, 14.4858 ], [ 40.4827, 14.4432 ], [ 40.4952, 14.4145 ], [ 40.4963, 14.4013 ], [ 40.4908, 14.3575 ], [ 40.4794, 14.3063 ], [ 40.8811, 14.1404 ], [ 41.132, 13.8048 ], [ 41.1389, 13.7994 ], [ 41.1831, 13.8194 ], [ 41.191, 13.8304 ], [ 41.1963, 13.8452 ], [ 41.214, 13.8505 ], [ 41.2299, 13.8718 ], [ 41.2748, 13.8797 ], [ 41.281, 13.8841 ], [ 41.2717, 13.9071 ], [ 41.2836, 13.9162 ], [ 41.2833, 13.9264 ], [ 41.2936, 13.9394 ], [ 41.2938, 13.9499 ], [ 41.3008, 13.9522 ], [ 41.3061, 13.9584 ], [ 41.3058, 13.9718 ], [ 41.3159, 14.0043 ], [ 41.3124, 14.0213 ], [ 41.3133, 14.0342 ], [ 41.3356, 14.0669 ], [ 41.4007, 14.1198 ], [ 41.4328, 14.1387 ], [ 41.5323, 14.1656 ] ] ] ] } },
{ "type": "Feature", "properties": { "iso3": "ERI", "unit_id": "17832035B77256879388299", "unit_name": "Maekel Deb.Keih Bahri" }, "geometry": { "type": "MultiPolygon", "coordinates": [ [ [ [ 41.9473, 13.8823 ], [ 41.9449, 13.8876 ], [ 41.9372, 13.8839 ], [ 41.933, 13.8733 ], [ 41.9385, 13.8724 ], [ 41.9441, 13.8819 ], [ 41.9473, 13.8823 ] ] ], [ [ [ 41.9801, 13.8782 ], [ 41.9948, 13.8944 ], [ 41.982, 13.8884 ], [ 41.9733, 13.8809 ], [ 41.974, 13.878 ], [ 41.9801, 13.8782 ] ] ], [ [ [ 41.831, 13.9366 ], [ 41.8323, 13.9405 ], [ 41.8302, 13.9416 ], [ 41.8284, 13.9374 ], [ 41.831, 13.9366 ] ] ], [ [ [ 41.653, 14.0683 ], [ 41.6543, 14.0689 ], [ 41.6534, 14.0702 ], [ 41.653, 14.0683 ] ] ], [ [ [ 41.6548, 14.0716 ], [ 41.6561, 14.0721 ], [ 41.6554, 14.0732 ], [ 41.6548, 14.0716 ] ] ], [ [ [ 41.6709, 14.1053 ], [ 41.6701, 14.1062 ], [ 41.6688, 14.1052 ], [ 41.6709, 14.1053 ] ] ], [ [ [ 41.132, 13.8048 ], [ 41.3233, 13.5483 ], [ 41.5816, 13.4131 ], [ 41.6717, 13.3278 ], [ 41.7006, 13.3754 ], [ 41.716, 13.4166 ], [ 41.7173, 13.4333 ], [ 41.7069, 13.4416 ], [ 41.7048, 13.4492 ], [ 41.7102, 13.4646 ], [ 41.7264, 13.4899 ], [ 41.7235, 13.4971 ], [ 41.7072, 13.5148 ], [ 41.7191, 13.5537 ], [ 41.7524, 13.5777 ], [ 41.807, 13.6419 ], [ 41.8426, 13.6688 ], [ 41.9572, 13.7774 ], [ 41.9681, 13.7848 ], [ 42.0, 13.797 ], [ 42.0065, 13.8074 ], [ 42.0024, 13.8094 ], [ 42.0006, 13.8222 ], [ 41.9914, 13.8213 ], [ 41.9772, 13.8264 ], [ 41.9697, 13.8374 ], [ 41.9704, 13.8519 ], [ 41.9655, 13.85 ], [ 41.9612, 13.8521 ], [ 41.9579, 13.8493 ], [ 41.9573, 13.8519 ], [ 41.9481, 13.853 ], [ 41.9393, 13.8458 ], [ 41.9378, 13.8557 ], [ 41.9237, 13.8596 ], [ 41.9237, 13.8675 ], [ 41.9167, 13.8738 ], [ 41.9069, 13.8632 ], [ 41.8989, 13.8669 ], [ 41.8911, 13.8644 ], [ 41.8864, 13.8676 ], [ 41.8671, 13.8623 ], [ 41.8604, 13.8637 ], [ 41.8477, 13.8871 ], [ 41.8316, 13.8928 ], [ 41.8288, 13.9016 ], [ 41.8201, 13.9051 ], [ 41.8121, 13.9223 ], [ 41.8017, 13.9255 ], [ 41.7831, 13.9234 ], [ 41.7733, 13.9152 ], [ 41.7461, 13.9195 ], [ 41.7359, 13.9135 ], [ 41.7245, 13.919 ], [ 41.7227, 13.9251 ], [ 41.7271, 13.9295 ], [ 41.7223, 13.9383 ], [ 41.7138, 13.9365 ], [ 41.7091, 13.9389 ], [ 41.7042, 13.9331 ], [ 41.6911, 13.9332 ], [ 41.6847, 13.9433 ], [ 41.6772, 13.9696 ], [ 41.6544, 14.0099 ], [ 41.6522, 14.0301 ], [ 41.6476, 14.035 ], [ 41.6428, 14.0342 ], [ 41.632, 14.0474 ], [ 41.623, 14.0674 ], [ 41.5893, 14.1021 ], [ 41.5768, 14.1124 ], [ 41.5687, 14.115 ], [ 41.5592, 14.1271 ], [ 41.5483, 14.1321 ], [ 41.5347, 14.1543 ], [ 41.5323, 14.1656 ], [ 41.4328, 14.1387 ], [ 41.4007, 14.1198 ], [ 41.3356, 14.0669 ], [ 41.3133, 14.0342 ], [ 41.3124, 14.0213 ], [ 41.3159, 14.0043 ], [ 41.3058, 13.9718 ], [ 41.3061, 13.9584 ], [ 41.3008, 13.9522 ], [ 41.2938, 13.9499 ], [ 41.2936, 13.9394 ], [ 41.2833, 13.9264 ], [ 41.2836, 13.9162 ], [ 41.2717, 13.9071 ], [ 41.281, 13.8841 ], [ 41.2748, 13.8797 ], [ 41.2299, 13.8718 ], [ 41.214, 13.8505 ], [ 41.1963, 13.8452 ], [ 41.191, 13.8304 ], [ 41.1831, 13.8194 ], [ 41.1422, 13.7995 ], [ 41.132, 13.8048 ] ] ] ] } },
{ "type": "Feature", "properties": { "iso3": "ERI", "unit_id": "17832035B60589959451948", "unit_name": "Debub Deb.Keih Bahri" }, "geometry": { "type": "MultiPolygon", "coordinates": [ [ [ [ 43.1507, 12.712 ], [ 43.1504, 12.7212 ], [ 43.1396, 12.7197 ], [ 43.1427, 12.7138 ], [ 43.1476, 12.7119 ], [ 43.1507, 12.712 ] ] ], [ [ [ 42.8882, 12.8234 ], [ 42.8828, 12.8242 ], [ 42.8892, 12.8201 ], [ 42.8882, 12.8234 ] ] ], [ [ [ 42.9714, 12.822 ], [ 42.9726, 12.8233 ], [ 42.9714, 12.8254 ], [ 42.9714, 12.822 ] ] ], [ [ [ 42.8807, 12.8271 ], [ 42.8776, 12.8308 ], [ 42.8759, 12.8311 ], [ 42.8807, 12.8271 ] ] ], [ [ [ 42.9257, 12.8293 ], [ 42.9229, 12.8344 ], [ 42.9198, 12.8349 ], [ 42.9233, 12.8231 ], [ 42.9259, 12.8228 ], [ 42.923, 12.8275 ], [ 42.9257, 12.8293 ] ] ], [ [ [ 42.91, 12.8414 ], [ 42.907, 12.8435 ], [ 42.9039, 12.8437 ], [ 42.91, 12.8414 ] ] ], [ [ [ 42.9132, 12.8437 ], [ 42.9125, 12.8451 ], [ 42.9114, 12.8441 ], [ 42.9132, 12.8437 ] ] ], [ [ [ 42.9589, 12.8253 ], [ 42.9383, 12.8472 ], [ 42.9314, 12.8469 ], [ 42.9336, 12.8327 ], [ 42.9385, 12.8264 ], [ 42.9535, 12.8223 ], [ 42.9589, 12.8253 ] ] ], [ [ [ 42.8727, 12.8507 ], [ 42.873, 12.8531 ], [ 42.8706, 12.852 ], [ 42.8727, 12.8507 ] ] ], [ [ [ 42.9155, 12.8496 ], [ 42.9034, 12.8567 ], [ 42.8983, 12.8497 ], [ 42.8998, 12.848 ], [ 42.9155, 12.8496 ] ] ], [ [ [ 42.7928, 12.8589 ], [ 42.7914, 12.8604 ], [ 42.7897, 12.8596 ], [ 42.7928, 12.8589 ] ] ], [ [ [ 42.7812, 12.8716 ], [ 42.7772, 12.8725 ], [ 42.783, 12.8667 ], [ 42.7812, 12.8716 ] ] ], [ [ [ 42.8906, 12.8604 ], [ 42.8899, 12.8718 ], [ 42.8772, 12.8736 ], [ 42.8753, 12.8686 ], [ 42.8774, 12.8656 ], [ 42.8874, 12.8601 ], [ 42.8906, 12.8604 ] ] ], [ [ [ 42.8454, 12.876 ], [ 42.8389, 12.8761 ], [ 42.8363, 12.8726 ], [ 42.8382, 12.8714 ], [ 42.8454, 12.876 ] ] ], [ [ [ 42.8196, 12.8705 ], [ 42.7946, 12.8779 ], [ 42.7887, 12.8706 ], [ 42.7929, 12.8657 ], [ 42.8101, 12.8635 ], [ 42.8095, 12.8658 ], [ 42.8196, 12.8705 ] ] ], [ [ [ 42.863, 12.8681 ], [ 42.8661, 12.8808 ], [ 42.849, 12.8748 ], [ 42.863, 12.8681 ] ] ], [ [ [ 42.8656, 12.8986 ], [ 42.872, 12.9065 ], [ 42.8652, 12.9017 ], [ 42.8656, 12.8986 ] ] ], [ [ [ 42.9697, 12.9054 ], [ 42.963, 12.9056 ], [ 42.9627, 12.9017 ], [ 42.9666, 12.8928 ], [ 42.972, 12.8897 ], [ 42.9777, 12.8989 ], [ 42.9697, 12.9054 ] ] ], [ [ [ 42.9408, 12.9049 ], [ 42.9331, 12.9087 ], [ 42.9273, 12.9028 ], [ 42.9498, 12.8746 ], [ 42.9622, 12.8672 ], [ 42.9455, 12.8904 ], [ 42.9491, 12.9041 ], [ 42.943, 12.9069 ], [ 42.9408, 12.9049 ] ] ], [ [ [ 42.9206, 12.9096 ], [ 42.9201, 12.9118 ], [ 42.912, 12.9159 ], [ 42.9151, 12.9123 ], [ 42.9206, 12.9096 ] ] ], [ [ [ 42.8258, 12.9333 ], [ 42.8278, 12.9378 ], [ 42.8234, 12.935 ], [ 42.8258, 12.9333 ] ] ], [ [ [ 42.9932, 12.9439 ], [ 42.9938, 12.9463 ], [ 42.9908, 12.9486 ], [ 42.9932, 12.9462 ], [ 42.9932, 12.9439 ] ] ], [ [ [ 42.9894, 12.953 ], [ 42.9864, 12.9554 ], [ 42.9852, 12.9553 ], [ 42.9873, 12.9527 ], [ 42.9894, 12.953 ] ] ], [ [ [ 42.9621, 12.945 ], [ 42.9686, 12.9527 ], [ 42.9775, 12.9567 ], [ 42.9662, 12.9536 ], [ 42.9621, 12.945 ] ] ], [ [ [ 42.858, 12.9568 ], [ 42.8488, 12.9614 ], [ 42.8507, 12.9545 ], [ 42.8476, 12.9521 ], [ 42.8415, 12.9551 ], [ 42.8489, 12.9414 ], [ 42.8588, 12.9489 ], [ 42.858, 12.9568 ] ] ], [ [ [ 42.934, 12.9517 ], [ 42.9124, 12.9642 ], [ 42.9193, 12.9587 ], [ 42.9222, 12.9513 ], [ 42.9161, 12.9509 ], [ 42.9112, 12.9411 ], [ 42.9073, 12.9418 ], [ 42.906, 12.9505 ], [ 42.8986, 12.9594 ], [ 42.8886, 12.9585 ], [ 42.8891, 12.946 ], [ 42.9072, 12.9197 ], [ 42.9105, 12.9195 ], [ 42.9091, 12.9261 ], [ 42.9157, 12.9301 ], [ 42.9289, 12.927 ], [ 42.9329, 12.93 ], [ 42.9403, 12.9205 ], [ 42.9374, 12.9205 ], [ 42.9362, 12.9157 ], [ 42.9472, 12.909 ], [ 42.9517, 12.9166 ], [ 42.9509, 12.9323 ], [ 42.9614, 12.9319 ], [ 42.9583, 12.9396 ], [ 42.9631, 12.942 ], [ 42.9487, 12.9431 ], [ 42.9452, 12.9487 ], [ 42.934, 12.9517 ] ] ], [ [ [ 42.8205, 12.9538 ], [ 42.8248, 12.9624 ], [ 42.817, 12.9665 ], [ 42.8149, 12.9603 ], [ 42.802, 12.9605 ], [ 42.8004, 12.9578 ], [ 42.8205, 12.9538 ] ] ], [ [ [ 42.8506, 12.9642 ], [ 42.8437, 12.9749 ], [ 42.8428, 12.9681 ], [ 42.8374, 12.9649 ], [ 42.8506, 12.9642 ] ] ], [ [ [ 42.8152, 12.9668 ], [ 42.8149, 12.9725 ], [ 42.8122, 12.977 ], [ 42.8132, 12.97 ], [ 42.8152, 12.9668 ] ] ], [ [ [ 42.7961, 12.9694 ], [ 42.7997, 12.9738 ], [ 42.7979, 12.9771 ], [ 42.7956, 12.9761 ], [ 42.7961, 12.9694 ] ] ], [ [ [ 42.8889, 12.9821 ], [ 42.8785, 12.9797 ], [ 42.8761, 12.9739 ], [ 42.881, 12.9718 ], [ 42.891, 12.9789 ], [ 42.8889, 12.9821 ] ] ], [ [ [ 42.9407, 12.9803 ], [ 42.9361, 12.989 ], [ 42.9291, 12.9896 ], [ 42.9316, 12.984 ], [ 42.9407, 12.9803 ] ] ], [ [ [ 42.8492, 12.9845 ], [ 42.8418, 12.9905 ], [ 42.8294, 12.985 ], [ 42.832, 12.9793 ], [ 42.8347, 12.9832 ], [ 42.8384, 12.981 ], [ 42.8492, 12.9845 ] ] ], [ [ [ 42.9272, 12.9886 ], [ 42.9272, 12.9916 ], [ 42.9235, 12.9939 ], [ 42.9251, 12.9895 ], [ 42.9272, 12.9886 ] ] ], [ [ [ 42.8156, 12.9978 ], [ 42.8156, 13.0004 ], [ 42.8106, 13.0016 ], [ 42.8114, 12.9978 ], [ 42.8156, 12.9978 ] ] ], [ [ [ 42.7966, 12.9955 ], [ 42.7976, 13.0066 ], [ 42.7951, 12.9957 ], [ 42.7966, 12.9955 ] ] ], [ [ [ 42.796, 13.0083 ], [ 42.7947, 13.0072 ], [ 42.7958, 13.007 ], [ 42.796, 13.0083 ] ] ], [ [ [ 42.9152, 13.0108 ], [ 42.9151, 13.0122 ], [ 42.9122, 13.0139 ], [ 42.9152, 13.0108 ] ] ], [ [ [ 42.872, 13.0433 ], [ 42.8656, 13.0456 ], [ 42.8467, 13.0415 ], [ 42.8384, 13.0304 ], [ 42.8399, 13.0194 ], [ 42.8638, 13.0082 ], [ 42.8754, 13.0047 ], [ 42.88, 13.0062 ], [ 42.8771, 13.0129 ], [ 42.8706, 13.0121 ], [ 42.8661, 13.019 ], [ 42.8536, 13.0223 ], [ 42.8469, 13.0327 ], [ 42.8482, 13.0368 ], [ 42.8576, 13.0427 ], [ 42.8617, 13.0409 ], [ 42.8702, 13.0435 ], [ 42.876, 13.0386 ], [ 42.872, 13.0433 ] ] ], [ [ [ 42.6098, 13.1435 ], [ 42.605, 13.1497 ], [ 42.6031, 13.1495 ], [ 42.605, 13.1462 ], [ 42.6098, 13.1435 ] ] ], [ [ [ 42.5946, 13.163 ], [ 42.5892, 13.1711 ], [ 42.584, 13.1729 ], [ 42.5881, 13.1704 ], [ 42.5856, 13.1676 ], [ 42.593, 13.1584 ], [ 42.5946, 13.163 ] ] ], [ [ [ 42.498, 13.1938 ], [ 42.4985, 13.1959 ], [ 42.4975, 13.196 ], [ 42.498, 13.1938 ] ] ], [ [ [ 42.5742, 13.1984 ], [ 42.5682, 13.2029 ], [ 42.5738, 13.1977 ], [ 42.5736, 13.1884 ], [ 42.576, 13.1858 ], [ 42.5769, 13.1888 ], [ 42.5796, 13.1804 ], [ 42.5742, 13.1984 ] ] ], [ [ [ 42.5677, 13.2035 ], [ 42.5644, 13.2086 ], [ 42.5616, 13.2091 ], [ 42.5651, 13.2046 ], [ 42.5677, 13.2035 ] ] ], [ [ [ 42.1887, 13.6203 ], [ 42.2012, 13.6256 ], [ 42.2041, 13.635 ], [ 42.199, 13.6254 ], [ 42.1887, 13.6203 ] ] ], [ [ [ 42.147, 13.6508 ], [ 42.1523, 13.6618 ], [ 42.1474, 13.6656 ], [ 42.1418, 13.6614 ], [ 42.147, 13.6508 ] ] ], [ [ [ 42.1812, 13.6678 ], [ 42.1817, 13.67 ], [ 42.1796, 13.6694 ], [ 42.1812, 13.6678 ] ] ], [ [ [ 42.212, 13.6765 ], [ 42.2084, 13.6765 ], [ 42.2071, 13.6723 ], [ 42.2184, 13.6674 ], [ 42.212, 13.6765 ] ] ], [ [ [ 42.111, 13.6808 ], [ 42.1126, 13.684 ], [ 42.1102, 13.6836 ], [ 42.111, 13.6808 ] ] ], [ [ [ 42.1471, 13.7518 ], [ 42.1486, 13.7528 ], [ 42.1473, 13.7539 ], [ 42.1471, 13.7518 ] ] ], [ [ [ 42.1628, 13.7557 ], [ 42.1648, 13.7548 ], [ 42.1641, 13.7563 ], [ 42.1628, 13.7557 ] ] ], [ [ [ 41.6717, 13.3278 ], [ 41.8967, 13.0917 ], [ 42.0384, 12.8033 ], [ 42.2184, 12.7651 ], [ 42.278, 12.6139 ], [ 42.4067, 12.4712 ], [ 42.462, 12.5287 ], [ 42.5456, 12.4967 ], [ 42.595, 12.4546 ], [ 42.6438, 12.402 ], [ 42.6715, 12.3833 ], [ 42.7019, 12.3543 ], [ 42.6999, 12.3678 ], [ 42.719, 12.3844 ], [ 42.7327, 12.3796 ], [ 42.7519, 12.3841 ], [ 42.755, 12.3904 ], [ 42.7535, 12.3982 ], [ 42.7596, 12.3982 ], [ 42.7626, 12.4043 ], [ 42.7685, 12.4038 ], [ 42.7639, 12.4089 ], [ 42.7656, 12.4118 ], [ 42.7931, 12.4167 ], [ 42.8029, 12.4139 ], [ 42.8169, 12.4218 ], [ 42.8182, 12.4279 ], [ 42.8252, 12.4333 ], [ 42.8196, 12.463 ], [ 42.8107, 12.4737 ], [ 42.804, 12.4728 ], [ 42.797, 12.4769 ], [ 42.7954, 12.4859 ], [ 42.799, 12.4908 ], [ 42.8021, 12.5089 ], [ 42.8078, 12.5107 ], [ 42.8071, 12.5166 ], [ 42.8133, 12.5161 ], [ 42.8128, 12.523 ], [ 42.8188, 12.5238 ], [ 42.828, 12.5436 ], [ 42.8423, 12.5398 ], [ 42.8474, 12.5498 ], [ 42.8563, 12.5477 ], [ 42.861, 12.5497 ], [ 42.8629, 12.5559 ], [ 42.8552, 12.5637 ], [ 42.8636, 12.569 ], [ 42.859, 12.5764 ], [ 42.8677, 12.5807 ], [ 42.8681, 12.5917 ], [ 42.8829, 12.5967 ], [ 42.885, 12.6096 ], [ 42.8823, 12.6148 ], [ 42.8847, 12.6185 ], [ 42.9014, 12.6215 ], [ 42.9099, 12.6103 ], [ 42.9148, 12.6103 ], [ 42.9291, 12.6234 ], [ 42.9575, 12.6339 ], [ 42.9649, 12.644 ], [ 43.1138, 12.7057 ], [ 43.134, 12.7068 ], [ 43.1369, 12.7125 ], [ 43.1241, 12.7114 ], [ 43.1155, 12.7227 ], [ 43.1192, 12.7265 ], [ 43.1164, 12.7258 ], [ 43.1141, 12.7329 ], [ 43.1055, 12.7313 ], [ 43.1024, 12.7379 ], [ 43.0976, 12.7399 ], [ 43.0908, 12.7706 ], [ 43.0891, 12.801 ], [ 43.0752, 12.8359 ], [ 43.0706, 12.8414 ], [ 43.0726, 12.8362 ], [ 43.0705, 12.8307 ], [ 43.0581, 12.8293 ], [ 43.0446, 12.8369 ], [ 43.0413, 12.8487 ], [ 43.0301, 12.8554 ], [ 43.0287, 12.8633 ], [ 43.0145, 12.8718 ], [ 43.0045, 12.8825 ], [ 43.0051, 12.8887 ], [ 43.0026, 12.8924 ], [ 43.0044, 12.8958 ], [ 42.9881, 12.9168 ], [ 42.9814, 12.9204 ], [ 42.9846, 12.9273 ], [ 42.9773, 12.9344 ], [ 42.9742, 12.9348 ], [ 42.9769, 12.9303 ], [ 42.9664, 12.9315 ], [ 42.9675, 12.9135 ], [ 42.9852, 12.901 ], [ 42.9946, 12.9015 ], [ 42.9992, 12.8984 ], [ 42.9963, 12.8966 ], [ 43.0023, 12.8922 ], [ 42.9988, 12.8886 ], [ 43.0046, 12.8858 ], [ 42.9912, 12.8915 ], [ 42.9835, 12.8866 ], [ 42.9925, 12.8604 ], [ 42.981, 12.846 ], [ 42.9951, 12.8303 ], [ 42.984, 12.8179 ], [ 42.972, 12.8171 ], [ 42.961, 12.8116 ], [ 42.9565, 12.805 ], [ 42.9435, 12.8089 ], [ 42.9342, 12.8006 ], [ 42.9384, 12.7931 ], [ 42.9251, 12.7837 ], [ 42.9086, 12.7853 ], [ 42.9059, 12.7884 ], [ 42.9081, 12.7963 ], [ 42.9141, 12.8 ], [ 42.9274, 12.7997 ], [ 42.9281, 12.8097 ], [ 42.9064, 12.8147 ], [ 42.905, 12.813 ], [ 42.909, 12.811 ], [ 42.9073, 12.8086 ], [ 42.8982, 12.8035 ], [ 42.8919, 12.8041 ], [ 42.8706, 12.8207 ], [ 42.8548, 12.8393 ], [ 42.8477, 12.841 ], [ 42.8453, 12.8381 ], [ 42.8447, 12.8655 ], [ 42.842, 12.8651 ], [ 42.8422, 12.8613 ], [ 42.8335, 12.8595 ], [ 42.8281, 12.8616 ], [ 42.8192, 12.8544 ], [ 42.8066, 12.8531 ], [ 42.8086, 12.8507 ], [ 42.8029, 12.8425 ], [ 42.7901, 12.8406 ], [ 42.7755, 12.8501 ], [ 42.7708, 12.8609 ], [ 42.762, 12.8698 ], [ 42.7534, 12.8622 ], [ 42.7425, 12.8727 ], [ 42.733, 12.8649 ], [ 42.6972, 12.8562 ], [ 42.6595, 12.8529 ], [ 42.6356, 12.8565 ], [ 42.6082, 12.853 ], [ 42.5994, 12.8585 ], [ 42.5897, 12.8584 ], [ 42.5805, 12.8679 ], [ 42.6214, 12.8865 ], [ 42.6091, 12.9043 ], [ 42.6073, 12.9159 ], [ 42.6019, 12.9222 ], [ 42.6071, 12.9281 ], [ 42.5977, 12.9807 ], [ 42.5998, 12.9955 ], [ 42.6087, 13.0059 ], [ 42.6043, 13.0129 ], [ 42.5936, 13.0153 ], [ 42.5831, 13.0255 ], [ 42.5865, 13.0594 ], [ 42.6037, 13.0832 ], [ 42.6317, 13.0859 ], [ 42.6492, 13.0934 ], [ 42.6433, 13.1085 ], [ 42.62, 13.1347 ], [ 42.6098, 13.1435 ], [ 42.605, 13.144 ], [ 42.6007, 13.1518 ], [ 42.5967, 13.1512 ], [ 42.5846, 13.1589 ], [ 42.5656, 13.1845 ], [ 42.5622, 13.1997 ], [ 42.5591, 13.2004 ], [ 42.5596, 13.1971 ], [ 42.5542, 13.1937 ], [ 42.5469, 13.195 ], [ 42.5431, 13.2026 ], [ 42.5471, 13.2074 ], [ 42.5481, 13.2175 ], [ 42.5515, 13.2166 ], [ 42.5506, 13.2294 ], [ 42.5305, 13.2254 ], [ 42.5271, 13.2192 ], [ 42.5295, 13.216 ], [ 42.5196, 13.2052 ], [ 42.5195, 13.1947 ], [ 42.4955, 13.1841 ], [ 42.4471, 13.1884 ], [ 42.4289, 13.2001 ], [ 42.4229, 13.1989 ], [ 42.4155, 13.2032 ], [ 42.4084, 13.2005 ], [ 42.4011, 13.2038 ], [ 42.3968, 13.2022 ], [ 42.3849, 13.2099 ], [ 42.38, 13.2233 ], [ 42.3823, 13.2451 ], [ 42.3755, 13.2664 ], [ 42.3691, 13.3101 ], [ 42.3705, 13.3184 ], [ 42.3615, 13.3545 ], [ 42.3588, 13.3899 ], [ 42.3535, 13.4119 ], [ 42.3422, 13.4384 ], [ 42.3269, 13.4486 ], [ 42.3075, 13.4772 ], [ 42.3027, 13.4981 ], [ 42.3075, 13.5163 ], [ 42.3022, 13.5205 ], [ 42.302, 13.5369 ], [ 42.2911, 13.5629 ], [ 42.273, 13.5751 ], [ 42.2488, 13.6037 ], [ 42.2438, 13.6155 ], [ 42.2351, 13.6251 ], [ 42.2353, 13.6366 ], [ 42.2125, 13.6477 ], [ 42.2001, 13.651 ], [ 42.1975, 13.6601 ], [ 42.2006, 13.6658 ], [ 42.1907, 13.6672 ], [ 42.1911, 13.674 ], [ 42.1865, 13.666 ], [ 42.162, 13.6598 ], [ 42.1665, 13.6512 ], [ 42.168, 13.6549 ], [ 42.1781, 13.6545 ], [ 42.1877, 13.6594 ], [ 42.189, 13.6545 ], [ 42.1822, 13.6485 ], [ 42.1884, 13.6505 ], [ 42.1922, 13.6578 ], [ 42.2037, 13.6475 ], [ 42.2305, 13.6373 ], [ 42.2347, 13.6156 ], [ 42.2304, 13.6134 ], [ 42.2293, 13.6061 ], [ 42.2225, 13.5993 ], [ 42.214, 13.6006 ], [ 42.1993, 13.6099 ], [ 42.2073, 13.5919 ], [ 42.2396, 13.565 ], [ 42.235, 13.5518 ], [ 42.2438, 13.5469 ], [ 42.2406, 13.5417 ], [ 42.2306, 13.5443 ], [ 42.2212, 13.5571 ], [ 42.2221, 13.5622 ], [ 42.2133, 13.5648 ], [ 42.1937, 13.5842 ], [ 42.1971, 13.5911 ], [ 42.1909, 13.5952 ], [ 42.1893, 13.6021 ], [ 42.1825, 13.6063 ], [ 42.181, 13.6125 ], [ 42.1757, 13.6126 ], [ 42.1734, 13.6211 ], [ 42.1616, 13.6323 ], [ 42.1621, 13.6365 ], [ 42.1572, 13.6363 ], [ 42.15, 13.6424 ], [ 42.147, 13.6508 ], [ 42.1388, 13.6458 ], [ 42.1262, 13.6439 ], [ 42.1211, 13.6354 ], [ 42.1142, 13.6348 ], [ 42.1064, 13.6402 ], [ 42.1021, 13.6455 ], [ 42.1016, 13.6647 ], [ 42.0961, 13.6677 ], [ 42.0919, 13.6809 ], [ 42.0827, 13.6933 ], [ 42.0833, 13.7011 ], [ 42.0791, 13.7021 ], [ 42.0758, 13.7082 ], [ 42.0806, 13.7111 ], [ 42.0804, 13.7164 ], [ 42.0694, 13.7214 ], [ 42.0635, 13.7284 ], [ 42.0523, 13.7299 ], [ 42.045, 13.7397 ], [ 42.0375, 13.7654 ], [ 42.0326, 13.7721 ], [ 42.0316, 13.7678 ], [ 42.0304, 13.7707 ], [ 42.0221, 13.7685 ], [ 42.0137, 13.7728 ], [ 42.0049, 13.7963 ], [ 42.0062, 13.8047 ], [ 42.0, 13.797 ], [ 41.9681, 13.7848 ], [ 41.9572, 13.7774 ], [ 41.8426, 13.6688 ], [ 41.807, 13.6419 ], [ 41.7524, 13.5777 ], [ 41.7191, 13.5537 ], [ 41.7072, 13.5148 ], [ 41.7235, 13.4971 ], [ 41.7264, 13.4899 ], [ 41.7102, 13.4646 ], [ 41.7048, 13.4492 ], [ 41.7069, 13.4416 ], [ 41.7173, 13.4333 ], [ 41.716, 13.4166 ], [ 41.7006, 13.3754 ], [ 41.6717, 13.3278 ] ] ] ] } },
{ "type": "Feature", "properties": { "iso3": "ERI", "unit_id": "17832035B35150136454553", "unit_name": "Asseb" }, "geometry": { "type": "MultiPolygon", "coordinates": [ [ [ [ 42.7594, 12.9628 ], [ 42.7669, 12.9675 ], [ 42.7596, 12.9649 ], [ 42.7594, 12.9628 ] ] ], [ [ [ 42.7686, 12.9771 ], [ 42.7722, 12.9809 ], [ 42.772, 12.9824 ], [ 42.7669, 12.9816 ], [ 42.7686, 12.9771 ] ] ], [ [ [ 42.7171, 13.0766 ], [ 42.7161, 13.0798 ], [ 42.7157, 13.0768 ], [ 42.7138, 13.0788 ], [ 42.7115, 13.0765 ], [ 42.7171, 13.0766 ] ] ], [ [ [ 42.762, 12.8698 ], [ 42.7595, 12.8748 ], [ 42.7648, 12.8815 ], [ 42.7727, 12.8838 ], [ 42.7694, 12.8867 ], [ 42.7685, 12.918 ], [ 42.7475, 12.9528 ], [ 42.7312, 12.9601 ], [ 42.7307, 12.9709 ], [ 42.7385, 12.9753 ], [ 42.7421, 12.9814 ], [ 42.7381, 12.9894 ], [ 42.7428, 13.0034 ], [ 42.747, 13.0009 ], [ 42.7471, 13.0061 ], [ 42.7506, 13.0024 ], [ 42.747, 13.007 ], [ 42.7487, 13.023 ], [ 42.7426, 13.0375 ], [ 42.7327, 13.0399 ], [ 42.7123, 13.0528 ], [ 42.6919, 13.0488 ], [ 42.6737, 13.0521 ], [ 42.6492, 13.0934 ], [ 42.6317, 13.0859 ], [ 42.6037, 13.0832 ], [ 42.5865, 13.0594 ], [ 42.5831, 13.0255 ], [ 42.5936, 13.0153 ], [ 42.6043, 13.0129 ], [ 42.6087, 13.0059 ], [ 42.5998, 12.9955 ], [ 42.5977, 12.9807 ], [ 42.6071, 12.9281 ], [ 42.6019, 12.9222 ], [ 42.6073, 12.9159 ], [ 42.6091, 12.9043 ], [ 42.6214, 12.8865 ], [ 42.5805, 12.8679 ], [ 42.5897, 12.8584 ], [ 42.5994, 12.8585 ], [ 42.6082, 12.853 ], [ 42.6356, 12.8565 ], [ 42.6595, 12.8529 ], [ 42.6972, 12.8562 ], [ 42.733, 12.8649 ], [ 42.7425, 12.8727 ], [ 42.7534, 12.8622 ], [ 42.762, 12.8698 ] ] ] ] } },
{ "type": "Feature", "properties": { "iso3": "ERI", "unit_id": "17832035B32290919824010", "unit_name": "Serejeka" }, "geometry": { "type": "Polygon", "coordinates": [ [ [ 39.0268, 15.3419 ], [ 39.0209, 15.3632 ], [ 39.0097, 15.362 ], [ 39.0096, 15.3678 ], [ 39.016, 15.3707 ], [ 39.016, 15.3742 ], [ 39.0076, 15.3777 ], [ 39.0118, 15.3885 ], [ 39.0123, 15.4057 ], [ 39.0242, 15.4216 ], [ 39.0136, 15.4334 ], [ 39.0009, 15.4397 ], [ 38.9862, 15.4598 ], [ 38.9701, 15.4553 ], [ 38.961, 15.4606 ], [ 38.951, 15.4725 ], [ 38.9361, 15.4784 ], [ 38.9319, 15.485 ], [ 38.9386, 15.4938 ], [ 38.929, 15.4962 ], [ 38.9172, 15.514 ], [ 38.9073, 15.5465 ], [ 38.9079, 15.5555 ], [ 38.8967, 15.5591 ], [ 38.8916, 15.5677 ], [ 38.8819, 15.5663 ], [ 38.8709, 15.5538 ], [ 38.8636, 15.5532 ], [ 38.8567, 15.556 ], [ 38.8455, 15.5715 ], [ 38.8353, 15.5614 ], [ 38.8377, 15.5498 ], [ 38.8359, 15.5399 ], [ 38.8261, 15.5294 ], [ 38.807, 15.5336 ], [ 38.7934, 15.5263 ], [ 38.7891, 15.5294 ], [ 38.7861, 15.523 ], [ 38.7804, 15.5268 ], [ 38.782, 15.5218 ], [ 38.7768, 15.5224 ], [ 38.777, 15.5173 ], [ 38.7722, 15.5169 ], [ 38.7662, 15.5067 ], [ 38.759, 15.5073 ], [ 38.7523, 15.5134 ], [ 38.7481, 15.5101 ], [ 38.7463, 15.5138 ], [ 38.7369, 15.5136 ], [ 38.7401, 15.5019 ], [ 38.7441, 15.5029 ], [ 38.7436, 15.4958 ], [ 38.7483, 15.4885 ], [ 38.7577, 15.486 ], [ 38.7635, 15.489 ], [ 38.7668, 15.4874 ], [ 38.7657, 15.4835 ], [ 38.7733, 15.4791 ], [ 38.7762, 15.4807 ], [ 38.7822, 15.4681 ], [ 38.7957, 15.4631 ], [ 38.798, 15.4548 ], [ 38.8104, 15.4534 ], [ 38.8116, 15.4457 ], [ 38.8162, 15.4441 ], [ 38.8205, 15.4344 ], [ 38.8239, 15.4386 ], [ 38.8329, 15.4354 ], [ 38.8413, 15.4444 ], [ 38.8522, 15.4494 ], [ 38.8726, 15.4532 ], [ 38.8769, 15.4469 ], [ 38.8752, 15.4432 ], [ 38.8877, 15.4342 ], [ 38.8919, 15.4344 ], [ 38.8962, 15.4287 ], [ 38.8899, 15.4069 ], [ 38.8936, 15.3943 ], [ 38.9037, 15.3866 ], [ 38.9261, 15.4104 ], [ 38.9464, 15.4173 ], [ 38.9568, 15.4101 ], [ 38.9621, 15.3755 ], [ 38.9683, 15.3622 ], [ 38.9758, 15.3578 ], [ 38.9808, 15.3496 ], [ 38.9853, 15.3572 ], [ 38.9891, 15.3575 ], [ 38.9927, 15.354 ], [ 38.9934, 15.3469 ], [ 39.0131, 15.347 ], [ 39.0176, 15.343 ], [ 39.0177, 15.3378 ], [ 39.0268, 15.3419 ] ] ] } },
{ "type": "Feature", "properties": { "iso3": "ERI", "unit_id": "17832035B17393252322407", "unit_name": "Berik" }, "geometry": { "type": "Polygon", "coordinates": [ [ [ 38.7512, 15.4874 ], [ 38.7508, 15.4811 ], [ 38.7556, 15.4814 ], [ 38.7585, 15.4759 ], [ 38.7497, 15.4686 ], [ 38.7545, 15.4633 ], [ 38.7594, 15.464 ], [ 38.7632, 15.4603 ], [ 38.764, 15.4486 ], [ 38.758, 15.4473 ], [ 38.7646, 15.4355 ], [ 38.7632, 15.429 ], [ 38.7715, 15.4273 ], [ 38.7669, 15.4225 ], [ 38.7696, 15.422 ], [ 38.7673, 15.4196 ], [ 38.772, 15.4131 ], [ 38.7636, 15.4117 ], [ 38.7624, 15.4039 ], [ 38.7509, 15.393 ], [ 38.7494, 15.3822 ], [ 38.7459, 15.38 ], [ 38.7514, 15.3745 ], [ 38.752, 15.3478 ], [ 38.7604, 15.3397 ], [ 38.7628, 15.3285 ], [ 38.7708, 15.3203 ], [ 38.7662, 15.3186 ], [ 38.7336, 15.3277 ], [ 38.7327, 15.3216 ], [ 38.743, 15.3122 ], [ 38.7903, 15.3003 ], [ 38.7923, 15.2971 ], [ 38.8079, 15.2998 ], [ 38.8279, 15.2901 ], [ 38.8438, 15.2982 ], [ 38.867, 15.2934 ], [ 38.8768, 15.2855 ], [ 38.886, 15.283 ], [ 38.8904, 15.2856 ], [ 38.8847, 15.2964 ], [ 38.8943, 15.3139 ], [ 38.8953, 15.3231 ], [ 38.901, 15.3231 ], [ 38.9047, 15.3357 ], [ 38.9106, 15.3392 ], [ 38.9116, 15.3513 ], [ 38.9017, 15.3728 ], [ 38.9037, 15.3866 ], [ 38.8936, 15.3943 ], [ 38.8899, 15.4069 ], [ 38.8962, 15.4287 ], [ 38.8919, 15.4344 ], [ 38.8877, 15.4342 ], [ 38.8752, 15.4432 ], [ 38.8769, 15.4469 ], [ 38.8726, 15.4532 ], [ 38.8522, 15.4494 ], [ 38.8413, 15.4444 ], [ 38.8329, 15.4354 ], [ 38.8239, 15.4386 ], [ 38.8205, 15.4344 ], [ 38.8162, 15.4441 ], [ 38.8116, 15.4457 ], [ 38.8104, 15.4534 ], [ 38.798, 15.4548 ], [ 38.7957, 15.4631 ], [ 38.7822, 15.4681 ], [ 38.7762, 15.4807 ], [ 38.7733, 15.4791 ], [ 38.7657, 15.4835 ], [ 38.7668, 15.4874 ], [ 38.7635, 15.489 ], [ 38.7577, 15.486 ], [ 38.7512, 15.4874 ] ] ] } },
{ "type": "Feature", "properties": { "iso3": "ERI", "unit_id": "17832035B28218648986916", "unit_name": "Galanefhi" }, "geometry": { "type": "Polygon", "coordinates": [ [ [ 38.9808, 15.3496 ], [ 38.9804, 15.3333 ], [ 38.9678, 15.3217 ], [ 38.9652, 15.3043 ], [ 38.9547, 15.2939 ], [ 38.9365, 15.2846 ], [ 38.8952, 15.278 ], [ 38.8909, 15.2807 ], [ 38.8904, 15.2856 ], [ 38.886, 15.283 ], [ 38.8768, 15.2855 ], [ 38.867, 15.2934 ], [ 38.8438, 15.2982 ], [ 38.8279, 15.2901 ], [ 38.8079, 15.2998 ], [ 38.7923, 15.2971 ], [ 38.7903, 15.3003 ], [ 38.7557, 15.3075 ], [ 38.743, 15.3122 ], [ 38.7327, 15.3216 ], [ 38.7266, 15.2765 ], [ 38.7154, 15.2818 ], [ 38.7155, 15.2867 ], [ 38.702, 15.2832 ], [ 38.6997, 15.2845 ], [ 38.7019, 15.2886 ], [ 38.6939, 15.283 ], [ 38.6927, 15.275 ], [ 38.6986, 15.2594 ], [ 38.7068, 15.2531 ], [ 38.7106, 15.2426 ], [ 38.7207, 15.2372 ], [ 38.7514, 15.2319 ], [ 38.7745, 15.2356 ], [ 38.7799, 15.2321 ], [ 38.7856, 15.2352 ], [ 38.7852, 15.2259 ], [ 38.7898, 15.2282 ], [ 38.8117, 15.2258 ], [ 38.829, 15.2154 ], [ 38.8282, 15.2097 ], [ 38.8348, 15.2119 ], [ 38.8463, 15.2037 ], [ 38.8461, 15.1966 ], [ 38.8538, 15.2019 ], [ 38.8602, 15.1972 ], [ 38.861, 15.1878 ], [ 38.8726, 15.1909 ], [ 38.8727, 15.1863 ], [ 38.8778, 15.1868 ], [ 38.879, 15.1822 ], [ 38.8884, 15.1882 ], [ 38.9068, 15.1791 ], [ 38.9209, 15.1789 ], [ 38.9251, 15.1701 ], [ 38.9358, 15.1852 ], [ 38.9379, 15.1837 ], [ 38.9348, 15.1774 ], [ 38.9543, 15.1681 ], [ 38.9601, 15.169 ], [ 38.9674, 15.1743 ], [ 38.9762, 15.1754 ], [ 38.9755, 15.1928 ], [ 38.9816, 15.1974 ], [ 38.9946, 15.1932 ], [ 39.0021, 15.1946 ], [ 39.0014, 15.2209 ], [ 39.0108, 15.2193 ], [ 39.021, 15.2219 ], [ 39.0295, 15.2462 ], [ 39.0352, 15.2548 ], [ 39.0457, 15.2609 ], [ 39.0473, 15.2665 ], [ 39.0403, 15.2813 ], [ 39.0468, 15.2953 ], [ 39.0424, 15.3036 ], [ 39.0417, 15.3211 ], [ 39.0382, 15.3277 ], [ 39.0274, 15.3378 ], [ 39.0268, 15.3419 ], [ 39.0177, 15.3378 ], [ 39.0176, 15.343 ], [ 39.0131, 15.347 ], [ 38.9934, 15.3469 ], [ 38.9927, 15.354 ], [ 38.9891, 15.3575 ], [ 38.9853, 15.3572 ], [ 38.9808, 15.3496 ] ] ] } },
{ "type": "Feature", "properties": { "iso3": "ERI", "unit_id": "17832035B57947692622481", "unit_name": "Semienawi Mibrak" }, "geometry": { "type": "Polygon", "coordinates": [ [ [ 38.9646, 15.3706 ], [ 38.9466, 15.3529 ], [ 38.9392, 15.35 ], [ 38.9339, 15.3367 ], [ 38.9575, 15.3433 ], [ 38.9685, 15.3531 ], [ 38.9785, 15.3527 ], [ 38.9683, 15.3622 ], [ 38.9646, 15.3706 ] ] ] } },
{ "type": "Feature", "properties": { "iso3": "ERI", "unit_id": "17832035B96422629971474", "unit_name": "Debubawi Mibrak" }, "geometry": { "type": "Polygon", "coordinates": [ [ [ 38.9785, 15.3527 ], [ 38.9685, 15.3531 ], [ 38.9575, 15.3433 ], [ 38.9373, 15.3379 ], [ 38.9262, 15.3279 ], [ 38.9271, 15.3122 ], [ 38.9365, 15.2846 ], [ 38.9547, 15.2939 ], [ 38.9652, 15.3043 ], [ 38.9678, 15.3217 ], [ 38.9804, 15.3333 ], [ 38.9785, 15.3527 ] ] ] } },
{ "type": "Feature", "properties": { "iso3": "ERI", "unit_id": "17832035B10852767281690", "unit_name": "Debubawi Mierab" }, "geometry": { "type": "Polygon", "coordinates": [ [ [ 38.8847, 15.2964 ], [ 38.8909, 15.2807 ], [ 38.8952, 15.278 ], [ 38.9365, 15.2846 ], [ 38.9271, 15.3122 ], [ 38.9262, 15.3279 ], [ 38.9345, 15.3363 ], [ 38.9308, 15.3409 ], [ 38.9094, 15.3423 ], [ 38.9106, 15.3392 ], [ 38.9047, 15.3357 ], [ 38.901, 15.3231 ], [ 38.8953, 15.3231 ], [ 38.8943, 15.3139 ], [ 38.8847, 15.2964 ] ] ] } },
{ "type": "Feature", "properties": { "iso3": "ERI", "unit_id": "17832035B23244972439807", "unit_name": "Semienawi Mierab" }, "geometry": { "type": "Polygon", "coordinates": [ [ [ 38.9037, 15.3866 ], [ 38.9017, 15.3728 ], [ 38.9116, 15.3513 ], [ 38.9094, 15.3423 ], [ 38.9308, 15.3409 ], [ 38.9339, 15.3367 ], [ 38.9392, 15.35 ], [ 38.9466, 15.3529 ], [ 38.9646, 15.3706 ], [ 38.9568, 15.4101 ], [ 38.9464, 15.4173 ], [ 38.9261, 15.4104 ], [ 38.9037, 15.3866 ] ] ] } },
{ "type": "Feature", "properties": { "iso3": "ERI", "unit_id": "17832035B91482676026561", "unit_name": "Ghelaelo" }, "geometry": { "type": "MultiPolygon", "coordinates": [ [ [ [ 40.5203, 14.945 ], [ 40.5126, 14.9451 ], [ 40.5051, 14.9585 ], [ 40.502, 14.9569 ], [ 40.4989, 14.9598 ], [ 40.5012, 14.9563 ], [ 40.4961, 14.9534 ], [ 40.4876, 14.9569 ], [ 40.4831, 14.9622 ], [ 40.4815, 14.9718 ], [ 40.4774, 14.9749 ], [ 40.467, 14.9756 ], [ 40.4656, 14.9703 ], [ 40.4604, 14.9681 ], [ 40.4541, 14.9743 ], [ 40.451, 14.9723 ], [ 40.4431, 14.9764 ], [ 40.4416, 14.9816 ], [ 40.4442, 14.9838 ], [ 40.4541, 14.9793 ], [ 40.4585, 14.9825 ], [ 40.4653, 14.9985 ], [ 40.4609, 15.0048 ], [ 40.4547, 15.0009 ], [ 40.4521, 15.0051 ], [ 40.446, 15.006 ], [ 40.4444, 14.9985 ], [ 40.4471, 15.0009 ], [ 40.4471, 14.998 ], [ 40.424, 14.9949 ], [ 40.4109, 14.9792 ], [ 40.4152, 14.9801 ], [ 40.4346, 14.9716 ], [ 40.4257, 14.9655 ], [ 40.4158, 14.9644 ], [ 40.4057, 14.9508 ], [ 40.3899, 14.95 ], [ 40.3863, 14.9533 ], [ 40.3877, 14.9611 ], [ 40.3787, 14.972 ], [ 40.3927, 14.9822 ], [ 40.3842, 14.9834 ], [ 40.3797, 14.9885 ], [ 40.3832, 14.9952 ], [ 40.3766, 14.9906 ], [ 40.375, 14.9808 ], [ 40.3726, 14.9817 ], [ 40.3705, 14.9783 ], [ 40.3726, 14.9736 ], [ 40.3676, 14.9722 ], [ 40.3643, 14.9662 ], [ 40.3694, 14.9632 ], [ 40.3645, 14.9571 ], [ 40.3654, 14.9636 ], [ 40.3639, 14.962 ], [ 40.3563, 14.9471 ], [ 40.3595, 14.9463 ], [ 40.3608, 14.9514 ], [ 40.3655, 14.9512 ], [ 40.3652, 14.9486 ], [ 40.3563, 14.9379 ], [ 40.3521, 14.9369 ], [ 40.3485, 14.9417 ], [ 40.3457, 14.9359 ], [ 40.3488, 14.9371 ], [ 40.3483, 14.932 ], [ 40.3434, 14.9274 ], [ 40.336, 14.9289 ], [ 40.3358, 14.9361 ], [ 40.3296, 14.9339 ], [ 40.3278, 14.9296 ], [ 40.3333, 14.9241 ], [ 40.3167, 14.9175 ], [ 40.3167, 14.9079 ], [ 40.3132, 14.9043 ], [ 40.2953, 14.9024 ], [ 40.288, 14.9071 ], [ 40.2851, 14.9152 ], [ 40.2708, 14.9319 ], [ 40.2423, 14.9372 ], [ 40.2311, 14.946 ], [ 40.2107, 14.9478 ], [ 40.197, 14.9631 ], [ 40.1906, 14.9637 ], [ 40.1791, 14.9752 ], [ 40.1725, 14.976 ], [ 40.1577, 14.9876 ], [ 40.1547, 15.003 ], [ 40.1634, 15.0151 ], [ 40.1642, 15.0228 ], [ 40.1592, 15.0333 ], [ 40.1518, 15.0368 ], [ 40.1508, 15.0412 ], [ 40.1451, 15.0367 ], [ 40.1428, 15.0418 ], [ 40.1396, 15.042 ], [ 40.1431, 15.0471 ], [ 40.1412, 15.0487 ], [ 40.1464, 15.0509 ], [ 40.145, 15.0545 ], [ 40.1365, 15.0535 ], [ 40.1333, 15.0571 ], [ 40.1221, 15.0576 ], [ 40.127, 15.0673 ], [ 40.1174, 15.0699 ], [ 40.1142, 15.0752 ], [ 40.1114, 15.063 ], [ 40.0954, 15.0681 ], [ 40.0973, 15.0715 ], [ 40.0928, 15.0787 ], [ 40.0967, 15.0844 ], [ 40.0911, 15.0848 ], [ 40.093, 15.0871 ], [ 40.0881, 15.0949 ], [ 40.0953, 15.0949 ], [ 40.1047, 15.0798 ], [ 40.1107, 15.0818 ], [ 40.1033, 15.0849 ], [ 40.1033, 15.0916 ], [ 40.0986, 15.0953 ], [ 40.1031, 15.1081 ], [ 40.0986, 15.1098 ], [ 40.1007, 15.1201 ], [ 40.0951, 15.1182 ], [ 40.092, 15.1283 ], [ 40.0855, 15.13 ], [ 40.0844, 15.1456 ], [ 40.0803, 15.1541 ], [ 40.0577, 15.1816 ], [ 40.0497, 15.1862 ], [ 40.0408, 15.2067 ], [ 40.0434, 15.2143 ], [ 40.0572, 15.2205 ], [ 40.0561, 15.228 ], [ 40.0515, 15.2316 ], [ 40.0305, 15.2348 ], [ 40.0229, 15.2413 ], [ 40.0243, 15.2456 ], [ 40.0269, 15.2443 ], [ 40.0511, 15.2694 ], [ 40.0599, 15.2893 ], [ 40.0814, 15.3028 ], [ 40.0875, 15.3174 ], [ 40.0882, 15.3304 ], [ 40.0848, 15.3343 ], [ 40.0816, 15.3335 ], [ 40.0586, 15.3608 ], [ 40.0462, 15.3674 ], [ 40.0321, 15.3671 ], [ 40.014, 15.3844 ], [ 40.0041, 15.386 ], [ 39.9878, 15.3955 ], [ 39.9819, 15.401 ], [ 39.9774, 15.4158 ], [ 39.9725, 15.4218 ], [ 39.9685, 15.4241 ], [ 39.9594, 15.4229 ], [ 39.9604, 15.4207 ], [ 39.9567, 15.4222 ], [ 39.9547, 15.4287 ], [ 39.9474, 15.4354 ], [ 39.9047, 15.4661 ], [ 39.9, 15.4656 ], [ 39.8925, 15.4773 ], [ 39.8925, 15.4827 ], [ 39.8862, 15.4817 ], [ 39.8891, 15.4905 ], [ 39.8826, 15.4957 ], [ 39.8802, 15.5045 ], [ 39.8715, 15.5065 ], [ 39.8679, 15.5034 ], [ 39.875, 15.4927 ], [ 39.8733, 15.4877 ], [ 39.8662, 15.4841 ], [ 39.8556, 15.4838 ], [ 39.8554, 15.4643 ], [ 39.8593, 15.4616 ], [ 39.8464, 15.4555 ], [ 39.8413, 15.4572 ], [ 39.8378, 15.453 ], [ 39.8368, 15.4573 ], [ 39.8355, 15.4547 ], [ 39.8331, 15.4561 ], [ 39.832, 15.4611 ], [ 39.8402, 15.4619 ], [ 39.8441, 15.4708 ], [ 39.8385, 15.4778 ], [ 39.8347, 15.4766 ], [ 39.8305, 15.4613 ], [ 39.8336, 15.4439 ], [ 39.8317, 15.4346 ], [ 39.8256, 15.4332 ], [ 39.8272, 15.4299 ], [ 39.8242, 15.4311 ], [ 39.8257, 15.4338 ], [ 39.8204, 15.4422 ], [ 39.8176, 15.4575 ], [ 39.8177, 15.4404 ], [ 39.8303, 15.4174 ], [ 39.8212, 15.4278 ], [ 39.8159, 15.4395 ], [ 39.8148, 15.4533 ], [ 39.8124, 15.4541 ], [ 39.8035, 15.4302 ], [ 39.8047, 15.4151 ], [ 39.7944, 15.4064 ], [ 39.7812, 15.4031 ], [ 39.777, 15.3977 ], [ 39.7859, 15.3609 ], [ 39.7846, 15.3513 ], [ 39.7872, 15.3557 ], [ 39.7915, 15.3509 ], [ 39.7789, 15.3405 ], [ 39.7836, 15.3307 ], [ 39.7771, 15.3131 ], [ 39.7786, 15.3009 ], [ 39.784, 15.2935 ], [ 39.7828, 15.28 ], [ 39.7855, 15.2774 ], [ 39.7872, 15.2609 ], [ 39.7928, 15.2584 ], [ 39.7959, 15.2506 ], [ 39.8026, 15.2508 ], [ 39.8044, 15.2534 ], [ 39.7999, 15.2582 ], [ 39.805, 15.2668 ], [ 39.803, 15.2696 ], [ 39.8123, 15.2757 ], [ 39.8171, 15.2748 ], [ 39.8232, 15.2652 ], [ 39.8335, 15.2309 ], [ 39.8357, 15.23 ], [ 39.8334, 15.2339 ], [ 39.8433, 15.2198 ], [ 39.8421, 15.2124 ], [ 39.8506, 15.2048 ], [ 39.8543, 15.1838 ], [ 39.8517, 15.1753 ], [ 39.8539, 15.1689 ], [ 39.8406, 15.148 ], [ 39.8413, 15.1374 ], [ 39.8373, 15.1372 ], [ 39.8245, 15.1257 ], [ 39.8263, 15.123 ], [ 39.8223, 15.1197 ], [ 39.8254, 15.0986 ], [ 39.8184, 15.0894 ], [ 39.814, 15.0717 ], [ 39.7973, 15.0683 ], [ 39.7925, 15.0708 ], [ 39.7906, 15.065 ], [ 39.8008, 15.0523 ], [ 39.8221, 15.0363 ], [ 39.8298, 15.0215 ], [ 39.8319, 14.9976 ], [ 39.8229, 14.9748 ], [ 39.8163, 14.9665 ], [ 39.7903, 14.9454 ], [ 39.7857, 14.9155 ], [ 39.7727, 14.9142 ], [ 39.7539, 14.8953 ], [ 39.7235, 14.8872 ], [ 39.7215, 14.8811 ], [ 39.6923, 14.8647 ], [ 39.6792, 14.8434 ], [ 39.6638, 14.8349 ], [ 39.6537, 14.8337 ], [ 39.6481, 14.8184 ], [ 39.6521, 14.8001 ], [ 39.6492, 14.792 ], [ 39.6412, 14.7861 ], [ 39.6447, 14.7841 ], [ 39.6416, 14.7782 ], [ 39.6445, 14.7689 ], [ 39.6549, 14.7667 ], [ 39.6403, 14.7589 ], [ 39.6384, 14.7541 ], [ 39.6423, 14.7416 ], [ 39.6259, 14.7197 ], [ 39.6283, 14.7084 ], [ 39.6254, 14.7002 ], [ 39.6113, 14.6875 ], [ 39.6048, 14.6747 ], [ 39.613, 14.6686 ], [ 39.6136, 14.6589 ], [ 39.6341, 14.6427 ], [ 39.6379, 14.6179 ], [ 39.6444, 14.6057 ], [ 39.6391, 14.6047 ], [ 39.6437, 14.6037 ], [ 39.6455, 14.599 ], [ 39.654, 14.5969 ], [ 39.6587, 14.592 ], [ 39.6656, 14.593 ], [ 39.6693, 14.5982 ], [ 39.6759, 14.5898 ], [ 39.6877, 14.5922 ], [ 39.6906, 14.5801 ], [ 39.6971, 14.5768 ], [ 39.7061, 14.5612 ], [ 39.7131, 14.5561 ], [ 39.771, 14.5455 ], [ 39.7705, 14.5363 ], [ 39.7768, 14.5351 ], [ 39.7888, 14.5112 ], [ 39.7956, 14.5104 ], [ 39.7936, 14.5032 ], [ 39.8045, 14.5031 ], [ 39.8192, 14.4841 ], [ 39.8397, 14.4907 ], [ 39.8649, 14.4708 ], [ 39.8752, 14.4685 ], [ 39.9089, 14.4295 ], [ 39.9362, 14.4162 ], [ 39.9569, 14.4176 ], [ 39.966, 14.4271 ], [ 39.9751, 14.4294 ], [ 39.9742, 14.4383 ], [ 39.9834, 14.4459 ], [ 39.988, 14.4556 ], [ 40.007, 14.4494 ], [ 40.012, 14.456 ], [ 40.0157, 14.4733 ], [ 40.0296, 14.4763 ], [ 40.0455, 14.4966 ], [ 40.0373, 14.5036 ], [ 40.039, 14.5079 ], [ 40.0682, 14.5351 ], [ 40.0693, 14.5405 ], [ 40.0778, 14.5402 ], [ 40.0937, 14.549 ], [ 40.1116, 14.5534 ], [ 40.1417, 14.5516 ], [ 40.2134, 14.3868 ], [ 40.2484, 14.4016 ], [ 40.4794, 14.3063 ], [ 40.4908, 14.3575 ], [ 40.4963, 14.4013 ], [ 40.4952, 14.4145 ], [ 40.4827, 14.4432 ], [ 40.4897, 14.4858 ], [ 40.482, 14.5073 ], [ 40.492, 14.5273 ], [ 40.4894, 14.5624 ], [ 40.494, 14.5751 ], [ 40.492, 14.5839 ], [ 40.4844, 14.5951 ], [ 40.485, 14.6116 ], [ 40.4929, 14.6286 ], [ 40.5139, 14.6305 ], [ 40.5327, 14.6457 ], [ 40.5476, 14.6632 ], [ 40.5574, 14.689 ], [ 40.5703, 14.71 ], [ 40.5721, 14.7226 ], [ 40.5637, 14.7636 ], [ 40.5528, 14.7829 ], [ 40.5308, 14.8664 ], [ 40.5203, 14.945 ] ] ], [ [ [ 40.2875, 14.9325 ], [ 40.2862, 14.9334 ], [ 40.2862, 14.9311 ], [ 40.2875, 14.9325 ] ] ], [ [ [ 40.2138, 14.9535 ], [ 40.2147, 14.9557 ], [ 40.2131, 14.9543 ], [ 40.2138, 14.9535 ] ] ], [ [ [ 40.2168, 14.971 ], [ 40.2205, 14.9726 ], [ 40.217, 14.9756 ], [ 40.2168, 14.971 ] ] ], [ [ [ 40.1816, 14.9758 ], [ 40.1818, 14.9774 ], [ 40.1794, 14.9793 ], [ 40.1816, 14.9758 ] ] ], [ [ [ 40.4985, 15.0005 ], [ 40.5005, 15.0015 ], [ 40.5005, 15.004 ], [ 40.4979, 15.0038 ], [ 40.4985, 15.0005 ] ] ], [ [ [ 40.4258, 15.0407 ], [ 40.4082, 15.0413 ], [ 40.4014, 15.0366 ], [ 40.3978, 15.0192 ], [ 40.4097, 15.0252 ], [ 40.4194, 15.0259 ], [ 40.4261, 15.022 ], [ 40.4226, 15.0338 ], [ 40.4258, 15.0407 ] ] ], [ [ [ 40.2464, 15.0482 ], [ 40.2506, 15.0501 ], [ 40.2495, 15.0524 ], [ 40.2445, 15.0525 ], [ 40.2464, 15.0482 ] ] ], [ [ [ 40.3748, 15.0244 ], [ 40.3755, 15.0299 ], [ 40.374, 15.0297 ], [ 40.3748, 15.0244 ] ] ], [ [ [ 40.3925, 14.9889 ], [ 40.3903, 14.9927 ], [ 40.3902, 14.9851 ], [ 40.3925, 14.9889 ] ] ], [ [ [ 40.3883, 14.9874 ], [ 40.3893, 14.9906 ], [ 40.3869, 14.9891 ], [ 40.3883, 14.9874 ] ] ], [ [ [ 40.3229, 15.055 ], [ 40.2925, 15.0569 ], [ 40.2944, 15.052 ], [ 40.2873, 15.0433 ], [ 40.2893, 15.0296 ], [ 40.2752, 15.007 ], [ 40.2769, 15.0027 ], [ 40.2643, 14.988 ], [ 40.2704, 14.9735 ], [ 40.2878, 14.9804 ], [ 40.3071, 14.9771 ], [ 40.3311, 15.005 ], [ 40.3509, 15.0106 ], [ 40.3513, 15.0138 ], [ 40.3412, 15.0194 ], [ 40.3362, 15.0348 ], [ 40.3417, 15.0358 ], [ 40.3306, 15.0511 ], [ 40.3229, 15.055 ] ] ], [ [ [ 40.2405, 15.0583 ], [ 40.2474, 15.0653 ], [ 40.2372, 15.0598 ], [ 40.2405, 15.0583 ] ] ], [ [ [ 40.5032, 15.08 ], [ 40.4836, 15.0787 ], [ 40.4775, 15.0751 ], [ 40.4713, 15.065 ], [ 40.4771, 15.0683 ], [ 40.4906, 15.0634 ], [ 40.5009, 15.0651 ], [ 40.5079, 15.0728 ], [ 40.5076, 15.0778 ], [ 40.5032, 15.08 ] ] ], [ [ [ 40.432, 15.0791 ], [ 40.4323, 15.0816 ], [ 40.4297, 15.0798 ], [ 40.432, 15.0791 ] ] ], [ [ [ 40.227, 15.0958 ], [ 40.2194, 15.0963 ], [ 40.2169, 15.0909 ], [ 40.2243, 15.0913 ], [ 40.227, 15.0958 ] ] ], [ [ [ 40.3423, 15.0878 ], [ 40.3409, 15.0907 ], [ 40.3289, 15.0875 ], [ 40.3167, 15.0766 ], [ 40.3331, 15.0792 ], [ 40.3423, 15.0878 ] ] ], [ [ [ 40.2747, 15.0851 ], [ 40.2761, 15.0888 ], [ 40.2664, 15.0938 ], [ 40.2551, 15.0797 ], [ 40.2747, 15.0851 ] ] ], [ [ [ 40.1666, 15.0986 ], [ 40.1645, 15.0991 ], [ 40.164, 15.0973 ], [ 40.1666, 15.0986 ] ] ], [ [ [ 40.291, 15.102 ], [ 40.2941, 15.1088 ], [ 40.2871, 15.1036 ], [ 40.291, 15.102 ] ] ], [ [ [ 40.3405, 15.1386 ], [ 40.3377, 15.1459 ], [ 40.3275, 15.1413 ], [ 40.3193, 15.1301 ], [ 40.3036, 15.1247 ], [ 40.3011, 15.1198 ], [ 40.3053, 15.1216 ], [ 40.3035, 15.1236 ], [ 40.3094, 15.1224 ], [ 40.3088, 15.1138 ], [ 40.3111, 15.1121 ], [ 40.3235, 15.1157 ], [ 40.3384, 15.1289 ], [ 40.3405, 15.1386 ] ] ], [ [ [ 40.1703, 15.1361 ], [ 40.1642, 15.1397 ], [ 40.1604, 15.1294 ], [ 40.1687, 15.1317 ], [ 40.1703, 15.1361 ] ] ], [ [ [ 40.189, 15.1105 ], [ 40.1888, 15.1145 ], [ 40.1856, 15.1157 ], [ 40.1806, 15.1102 ], [ 40.189, 15.1105 ] ] ], [ [ [ 40.3472, 15.1491 ], [ 40.3473, 15.1595 ], [ 40.3418, 15.1634 ], [ 40.3385, 15.1461 ], [ 40.3419, 15.1461 ], [ 40.3415, 15.1494 ], [ 40.3472, 15.1491 ] ] ], [ [ [ 40.0945, 15.1564 ], [ 40.0924, 15.1594 ], [ 40.0918, 15.1577 ], [ 40.0945, 15.1564 ] ] ], [ [ [ 40.1436, 15.1516 ], [ 40.1449, 15.1531 ], [ 40.1433, 15.1532 ], [ 40.1436, 15.1516 ] ] ], [ [ [ 40.3193, 15.1605 ], [ 40.3225, 15.1601 ], [ 40.3224, 15.1618 ], [ 40.3193, 15.1605 ] ] ], [ [ [ 40.3133, 15.1628 ], [ 40.3157, 15.1601 ], [ 40.3154, 15.1629 ], [ 40.3133, 15.1628 ] ] ], [ [ [ 40.3029, 15.2076 ], [ 40.2994, 15.2157 ], [ 40.2938, 15.2113 ], [ 40.3029, 15.2076 ] ] ], [ [ [ 40.0836, 15.206 ], [ 40.0851, 15.2092 ], [ 40.0775, 15.206 ], [ 40.067, 15.2074 ], [ 40.059, 15.2029 ], [ 40.0521, 15.2035 ], [ 40.0529, 15.199 ], [ 40.0497, 15.1974 ], [ 40.0513, 15.1939 ], [ 40.0556, 15.194 ], [ 40.0698, 15.2045 ], [ 40.0698, 15.1952 ], [ 40.0785, 15.1984 ], [ 40.0765, 15.2051 ], [ 40.0836, 15.206 ] ] ], [ [ [ 40.2946, 15.2003 ], [ 40.2625, 15.1934 ], [ 40.2531, 15.1824 ], [ 40.2311, 15.1693 ], [ 40.2345, 15.1553 ], [ 40.2283, 15.1521 ], [ 40.2269, 15.1372 ], [ 40.2298, 15.1289 ], [ 40.2331, 15.1279 ], [ 40.2313, 15.1207 ], [ 40.2438, 15.1188 ], [ 40.2515, 15.1115 ], [ 40.2525, 15.1054 ], [ 40.2809, 15.122 ], [ 40.2824, 15.1363 ], [ 40.2717, 15.1505 ], [ 40.2646, 15.1543 ], [ 40.2619, 15.1614 ], [ 40.2637, 15.1649 ], [ 40.2693, 15.1646 ], [ 40.2792, 15.159 ], [ 40.2789, 15.1728 ], [ 40.2825, 15.1808 ], [ 40.2986, 15.1899 ], [ 40.2988, 15.1967 ], [ 40.2946, 15.2003 ] ] ], [ [ [ 40.1428, 15.1564 ], [ 40.1345, 15.1624 ], [ 40.136, 15.1649 ], [ 40.1322, 15.1663 ], [ 40.1345, 15.1588 ], [ 40.1318, 15.1603 ], [ 40.1311, 15.1566 ], [ 40.141, 15.1535 ], [ 40.1428, 15.1564 ] ] ], [ [ [ 40.2075, 15.1663 ], [ 40.2127, 15.1677 ], [ 40.2125, 15.1703 ], [ 40.2075, 15.1663 ] ] ], [ [ [ 40.1737, 15.1688 ], [ 40.1774, 15.1747 ], [ 40.1757, 15.1862 ], [ 40.1675, 15.1782 ], [ 40.1659, 15.1664 ], [ 40.1737, 15.1688 ] ] ], [ [ [ 40.0966, 15.1967 ], [ 40.0929, 15.2023 ], [ 40.0847, 15.1995 ], [ 40.0853, 15.1894 ], [ 40.0758, 15.1799 ], [ 40.079, 15.1789 ], [ 40.0804, 15.184 ], [ 40.0885, 15.1811 ], [ 40.0966, 15.1967 ] ] ], [ [ [ 40.1266, 15.2322 ], [ 40.1325, 15.244 ], [ 40.1282, 15.2505 ], [ 40.1256, 15.2364 ], [ 40.119, 15.2324 ], [ 40.1159, 15.2274 ], [ 40.1119, 15.2255 ], [ 40.1191, 15.2258 ], [ 40.1173, 15.228 ], [ 40.1209, 15.2328 ], [ 40.1266, 15.2322 ] ] ], [ [ [ 40.0901, 15.2476 ], [ 40.0805, 15.2469 ], [ 40.0697, 15.2342 ], [ 40.0822, 15.2361 ], [ 40.0836, 15.234 ], [ 40.0895, 15.242 ], [ 40.0901, 15.2476 ] ] ], [ [ [ 39.8038, 15.2573 ], [ 39.8054, 15.2598 ], [ 39.8022, 15.2596 ], [ 39.8038, 15.2573 ] ] ], [ [ [ 40.1752, 15.2684 ], [ 40.177, 15.2771 ], [ 40.1701, 15.2798 ], [ 40.1618, 15.2644 ], [ 40.1752, 15.2684 ] ] ], [ [ [ 40.0977, 15.2652 ], [ 40.1029, 15.2716 ], [ 40.1033, 15.2756 ], [ 40.0982, 15.2714 ], [ 40.0977, 15.2652 ] ] ], [ [ [ 40.0452, 15.3942 ], [ 40.0486, 15.3959 ], [ 40.0472, 15.3997 ], [ 40.0452, 15.3942 ] ] ], [ [ [ 39.8223, 15.4305 ], [ 39.8213, 15.4323 ], [ 39.8239, 15.4269 ], [ 39.8223, 15.4305 ] ] ], [ [ [ 39.7525, 15.4986 ], [ 39.7527, 15.5023 ], [ 39.7492, 15.4989 ], [ 39.7465, 15.4849 ], [ 39.7394, 15.4811 ], [ 39.7376, 15.4738 ], [ 39.7421, 15.4609 ], [ 39.7538, 15.4534 ], [ 39.7583, 15.4396 ], [ 39.7551, 15.4361 ], [ 39.7583, 15.4326 ], [ 39.765, 15.4344 ], [ 39.7597, 15.4388 ], [ 39.759, 15.4452 ], [ 39.7623, 15.4462 ], [ 39.7566, 15.4527 ], [ 39.7568, 15.4592 ], [ 39.7536, 15.4628 ], [ 39.7567, 15.467 ], [ 39.7524, 15.4885 ], [ 39.7551, 15.4993 ], [ 39.7525, 15.4986 ] ] ], [ [ [ 39.8112, 15.4761 ], [ 39.8117, 15.4799 ], [ 39.8095, 15.4779 ], [ 39.8112, 15.4761 ] ] ], [ [ [ 39.8164, 15.4836 ], [ 39.822, 15.5031 ], [ 39.8181, 15.5065 ], [ 39.8143, 15.497 ], [ 39.8164, 15.4836 ] ] ], [ [ [ 39.8995, 15.5105 ], [ 39.8969, 15.5046 ], [ 39.8883, 15.5032 ], [ 39.8886, 15.4951 ], [ 39.8922, 15.4904 ], [ 39.8999, 15.4879 ], [ 39.9062, 15.5054 ], [ 39.8995, 15.5105 ] ] ], [ [ [ 39.8163, 15.4531 ], [ 39.8168, 15.4547 ], [ 39.8148, 15.4556 ], [ 39.8163, 15.4531 ] ] ], [ [ [ 39.8133, 15.4612 ], [ 39.8141, 15.4651 ], [ 39.8121, 15.4671 ], [ 39.8107, 15.464 ], [ 39.8133, 15.4612 ] ] ], [ [ [ 40.1079, 15.2095 ], [ 40.1057, 15.2166 ], [ 40.1056, 15.2121 ], [ 40.095, 15.2109 ], [ 40.094, 15.2059 ], [ 40.0999, 15.2024 ], [ 40.1079, 15.2095 ] ] ], [ [ [ 40.2649, 15.2226 ], [ 40.2722, 15.2284 ], [ 40.276, 15.2364 ], [ 40.271, 15.2434 ], [ 40.2501, 15.2508 ], [ 40.2322, 15.2413 ], [ 40.2285, 15.2296 ], [ 40.2345, 15.2228 ], [ 40.2358, 15.2126 ], [ 40.2389, 15.2159 ], [ 40.2649, 15.2226 ] ] ] ] } },
{ "type": "Feature", "properties": { "iso3": "ERI", "unit_id": "17832035B52752828852553", "unit_name": "Foro" }, "geometry": { "type": "Polygon", "coordinates": [ [ [ 39.7906, 15.065 ], [ 39.7834, 15.0689 ], [ 39.7826, 15.0627 ], [ 39.7727, 15.0591 ], [ 39.7638, 15.0632 ], [ 39.7592, 15.0799 ], [ 39.7542, 15.0854 ], [ 39.7469, 15.0871 ], [ 39.7288, 15.084 ], [ 39.7138, 15.0903 ], [ 39.7063, 15.1114 ], [ 39.6922, 15.1289 ], [ 39.6958, 15.134 ], [ 39.697, 15.1568 ], [ 39.6997, 15.1604 ], [ 39.6998, 15.1642 ], [ 39.6968, 15.1638 ], [ 39.6994, 15.1651 ], [ 39.6973, 15.1694 ], [ 39.6995, 15.1714 ], [ 39.6958, 15.1722 ], [ 39.7006, 15.1744 ], [ 39.6979, 15.1869 ], [ 39.7021, 15.1866 ], [ 39.7063, 15.1937 ], [ 39.7086, 15.2251 ], [ 39.7153, 15.232 ], [ 39.7161, 15.241 ], [ 39.7137, 15.2428 ], [ 39.7171, 15.2459 ], [ 39.7125, 15.2535 ], [ 39.7135, 15.2629 ], [ 39.7067, 15.2694 ], [ 39.7046, 15.278 ], [ 39.6936, 15.289 ], [ 39.6924, 15.2965 ], [ 39.6869, 15.303 ], [ 39.6881, 15.3099 ], [ 39.6681, 15.3182 ], [ 39.6672, 15.327 ], [ 39.6603, 15.3333 ], [ 39.6493, 15.3767 ], [ 39.6482, 15.3934 ], [ 39.6392, 15.4189 ], [ 39.6366, 15.4402 ], [ 39.6223, 15.4788 ], [ 39.6144, 15.4886 ], [ 39.6145, 15.4942 ], [ 39.5992, 15.51 ], [ 39.6007, 15.5188 ], [ 39.5925, 15.5211 ], [ 39.591, 15.5265 ], [ 39.5808, 15.5276 ], [ 39.5708, 15.5357 ], [ 39.5375, 15.5361 ], [ 39.5271, 15.5287 ], [ 39.4927, 15.5144 ], [ 39.4793, 15.5168 ], [ 39.4663, 15.5246 ], [ 39.4482, 15.5131 ], [ 39.4382, 15.5176 ], [ 39.4291, 15.503 ], [ 39.4219, 15.4683 ], [ 39.4265, 15.4242 ], [ 39.4177, 15.4022 ], [ 39.4077, 15.3974 ], [ 39.3942, 15.3968 ], [ 39.3761, 15.3857 ], [ 39.3604, 15.3825 ], [ 39.3368, 15.3703 ], [ 39.3304, 15.3698 ], [ 39.3216, 15.3605 ], [ 39.3155, 15.3588 ], [ 39.3149, 15.3667 ], [ 39.2915, 15.3393 ], [ 39.2872, 15.3288 ], [ 39.2861, 15.3134 ], [ 39.2735, 15.309 ], [ 39.2661, 15.31 ], [ 39.2662, 15.2979 ], [ 39.2571, 15.2788 ], [ 39.2462, 15.2696 ], [ 39.2464, 15.2611 ], [ 39.2415, 15.2597 ], [ 39.2447, 15.2577 ], [ 39.2423, 15.254 ], [ 39.2373, 15.2541 ], [ 39.2356, 15.2594 ], [ 39.2278, 15.2596 ], [ 39.2293, 15.2564 ], [ 39.2259, 15.2559 ], [ 39.2281, 15.2526 ], [ 39.2245, 15.2502 ], [ 39.2159, 15.2524 ], [ 39.2121, 15.2481 ], [ 39.2056, 15.2476 ], [ 39.1969, 15.2355 ], [ 39.1867, 15.2381 ], [ 39.2055, 15.2152 ], [ 39.2081, 15.2057 ], [ 39.2152, 15.1981 ], [ 39.2232, 15.1741 ], [ 39.2334, 15.172 ], [ 39.2514, 15.16 ], [ 39.2528, 15.1552 ], [ 39.2471, 15.1542 ], [ 39.2466, 15.1476 ], [ 39.2574, 15.1493 ], [ 39.2597, 15.1465 ], [ 39.2561, 15.1391 ], [ 39.252, 15.1399 ], [ 39.2517, 15.1376 ], [ 39.2614, 15.1227 ], [ 39.2688, 15.1207 ], [ 39.274, 15.1232 ], [ 39.2791, 15.1201 ], [ 39.2894, 15.1271 ], [ 39.3031, 15.1281 ], [ 39.3122, 15.1327 ], [ 39.3227, 15.1002 ], [ 39.3393, 15.0907 ], [ 39.3516, 15.0503 ], [ 39.3612, 15.0503 ], [ 39.3705, 15.0449 ], [ 39.3838, 15.0476 ], [ 39.3929, 15.0406 ], [ 39.3903, 15.0251 ], [ 39.3981, 15.0187 ], [ 39.399, 15.0022 ], [ 39.4124, 15.0097 ], [ 39.4229, 15.0023 ], [ 39.4275, 15.0099 ], [ 39.436, 15.0108 ], [ 39.4452, 15.0037 ], [ 39.4555, 15.0019 ], [ 39.4688, 14.9857 ], [ 39.484, 14.9811 ], [ 39.4903, 14.9752 ], [ 39.5017, 14.9746 ], [ 39.5042, 14.9849 ], [ 39.5171, 14.9826 ], [ 39.5258, 14.9722 ], [ 39.5222, 14.9647 ], [ 39.5291, 14.9492 ], [ 39.5263, 14.9433 ], [ 39.5292, 14.9405 ], [ 39.5281, 14.933 ], [ 39.5244, 14.9271 ], [ 39.5518, 14.9253 ], [ 39.5593, 14.9214 ], [ 39.5672, 14.9116 ], [ 39.5733, 14.8897 ], [ 39.5837, 14.8768 ], [ 39.6036, 14.8729 ], [ 39.6104, 14.8753 ], [ 39.6164, 14.8831 ], [ 39.6199, 14.8828 ], [ 39.6227, 14.8745 ], [ 39.6164, 14.8698 ], [ 39.6345, 14.8537 ], [ 39.6439, 14.8496 ], [ 39.6537, 14.8337 ], [ 39.6638, 14.8349 ], [ 39.6792, 14.8434 ], [ 39.6923, 14.8647 ], [ 39.7215, 14.8811 ], [ 39.7235, 14.8872 ], [ 39.7539, 14.8953 ], [ 39.7727, 14.9142 ], [ 39.7857, 14.9155 ], [ 39.7903, 14.9454 ], [ 39.8229, 14.9748 ], [ 39.8319, 14.9976 ], [ 39.8298, 15.0215 ], [ 39.8221, 15.0363 ], [ 39.8008, 15.0523 ], [ 39.7906, 15.065 ] ] ] } },
{ "type": "Feature", "properties": { "iso3": "ERI", "unit_id": "17832035B23814348912742", "unit_name": "Dahlak" }, "geometry": { "type": "MultiPolygon", "coordinates": [ [ [ [ 40.6569, 15.3802 ], [ 40.651, 15.3848 ], [ 40.6431, 15.3841 ], [ 40.6423, 15.3887 ], [ 40.6515, 15.3876 ], [ 40.6569, 15.3802 ] ] ], [ [ [ 40.724, 15.437 ], [ 40.7267, 15.4385 ], [ 40.7243, 15.4359 ], [ 40.724, 15.437 ] ] ], [ [ [ 40.3789, 15.4741 ], [ 40.3803, 15.4736 ], [ 40.3783, 15.4728 ], [ 40.3789, 15.4741 ] ] ], [ [ [ 40.4728, 15.4732 ], [ 40.4713, 15.4733 ], [ 40.4728, 15.4751 ], [ 40.4728, 15.4732 ] ] ], [ [ [ 40.3381, 15.4823 ], [ 40.3424, 15.4833 ], [ 40.3431, 15.4812 ], [ 40.3381, 15.4823 ] ] ], [ [ [ 40.3055, 15.4952 ], [ 40.3065, 15.4957 ], [ 40.3064, 15.4936 ], [ 40.3055, 15.4952 ] ] ], [ [ [ 40.3731, 15.485 ], [ 40.3827, 15.4855 ], [ 40.3772, 15.4813 ], [ 40.3852, 15.4797 ], [ 40.3761, 15.4796 ], [ 40.3756, 15.4823 ], [ 40.3644, 15.4863 ], [ 40.3574, 15.4795 ], [ 40.3514, 15.4808 ], [ 40.3522, 15.4843 ], [ 40.3488, 15.486 ], [ 40.3507, 15.4919 ], [ 40.3588, 15.4912 ], [ 40.3524, 15.4935 ], [ 40.346, 15.4885 ], [ 40.3356, 15.4903 ], [ 40.3404, 15.498 ], [ 40.3667, 15.4931 ], [ 40.3731, 15.485 ] ] ], [ [ [ 40.7649, 15.4867 ], [ 40.7539, 15.4776 ], [ 40.7416, 15.4744 ], [ 40.7373, 15.4796 ], [ 40.741, 15.4931 ], [ 40.7356, 15.5011 ], [ 40.7421, 15.5032 ], [ 40.7454, 15.4967 ], [ 40.7627, 15.4908 ], [ 40.7649, 15.4867 ] ] ], [ [ [ 40.3339, 15.5044 ], [ 40.3385, 15.5006 ], [ 40.3345, 15.4997 ], [ 40.3315, 15.5043 ], [ 40.3326, 15.5048 ], [ 40.3345, 15.5012 ], [ 40.3339, 15.5044 ] ] ], [ [ [ 40.8748, 15.5102 ], [ 40.8793, 15.5025 ], [ 40.8712, 15.4998 ], [ 40.8624, 15.5036 ], [ 40.858, 15.498 ], [ 40.8624, 15.4926 ], [ 40.8587, 15.4969 ], [ 40.8583, 15.4941 ], [ 40.8574, 15.4969 ], [ 40.8555, 15.4946 ], [ 40.8614, 15.4897 ], [ 40.855, 15.4902 ], [ 40.8529, 15.4937 ], [ 40.8577, 15.5004 ], [ 40.8534, 15.5085 ], [ 40.859, 15.5096 ], [ 40.8628, 15.5165 ], [ 40.8695, 15.5089 ], [ 40.8748, 15.5102 ] ] ], [ [ [ 40.835, 15.5182 ], [ 40.8359, 15.5136 ], [ 40.8306, 15.5091 ], [ 40.808, 15.5022 ], [ 40.789, 15.4897 ], [ 40.7903, 15.4931 ], [ 40.7821, 15.4958 ], [ 40.7897, 15.5119 ], [ 40.8042, 15.5248 ], [ 40.8258, 15.5229 ], [ 40.835, 15.5182 ] ] ], [ [ [ 39.9264, 15.5258 ], [ 39.9278, 15.528 ], [ 39.9317, 15.5264 ], [ 39.9312, 15.5224 ], [ 39.9264, 15.5258 ] ] ], [ [ [ 40.5078, 15.5304 ], [ 40.5077, 15.5338 ], [ 40.5133, 15.5321 ], [ 40.5112, 15.5274 ], [ 40.5078, 15.5304 ] ] ], [ [ [ 39.9126, 15.5339 ], [ 39.9131, 15.537 ], [ 39.9185, 15.5338 ], [ 39.9126, 15.5339 ] ] ], [ [ [ 40.015, 15.5279 ], [ 40.0091, 15.5215 ], [ 40.0048, 15.5221 ], [ 39.9967, 15.5306 ], [ 39.9971, 15.5347 ], [ 39.9797, 15.5479 ], [ 39.9798, 15.5517 ], [ 39.9857, 15.5554 ], [ 40.0145, 15.5339 ], [ 40.015, 15.5279 ] ] ], [ [ [ 40.1619, 15.5639 ], [ 40.1639, 15.5637 ], [ 40.1623, 15.5631 ], [ 40.1619, 15.5639 ] ] ], [ [ [ 40.5408, 15.5612 ], [ 40.5381, 15.5612 ], [ 40.5419, 15.5646 ], [ 40.5446, 15.5636 ], [ 40.5408, 15.5612 ] ] ], [ [ [ 40.5591, 15.5654 ], [ 40.5616, 15.565 ], [ 40.5624, 15.5631 ], [ 40.5591, 15.5654 ] ] ], [ [ [ 40.0742, 15.5729 ], [ 40.0761, 15.5725 ], [ 40.0752, 15.572 ], [ 40.0742, 15.5729 ] ] ], [ [ [ 40.0451, 15.5744 ], [ 40.0409, 15.5759 ], [ 40.0427, 15.5758 ], [ 40.0451, 15.5744 ] ] ], [ [ [ 40.0774, 15.5821 ], [ 40.0812, 15.5825 ], [ 40.0789, 15.5806 ], [ 40.0774, 15.5821 ] ] ], [ [ [ 40.8056, 15.5724 ], [ 40.8123, 15.5755 ], [ 40.8145, 15.5668 ], [ 40.81, 15.5631 ], [ 40.7949, 15.5601 ], [ 40.7801, 15.5682 ], [ 40.7854, 15.581 ], [ 40.7977, 15.5865 ], [ 40.7936, 15.5795 ], [ 40.7963, 15.5738 ], [ 40.8056, 15.5724 ] ] ], [ [ [ 40.6986, 15.5713 ], [ 40.7034, 15.5874 ], [ 40.707, 15.5821 ], [ 40.7066, 15.5722 ], [ 40.7058, 15.5644 ], [ 40.7011, 15.5612 ], [ 40.6986, 15.5713 ] ] ], [ [ [ 40.0265, 15.5848 ], [ 40.0259, 15.5876 ], [ 40.0303, 15.5852 ], [ 40.0311, 15.5819 ], [ 40.0265, 15.5848 ] ] ], [ [ [ 40.0264, 15.591 ], [ 40.0274, 15.5904 ], [ 40.0264, 15.5893 ], [ 40.0264, 15.591 ] ] ], [ [ [ 40.0085, 15.5976 ], [ 40.0058, 15.6009 ], [ 40.0113, 15.5986 ], [ 40.0085, 15.5976 ] ] ], [ [ [ 40.6489, 15.6008 ], [ 40.6504, 15.5932 ], [ 40.6452, 15.5997 ], [ 40.6298, 15.6062 ], [ 40.6176, 15.5939 ], [ 40.6104, 15.5947 ], [ 40.6082, 15.601 ], [ 40.6262, 15.6067 ], [ 40.6438, 15.6049 ], [ 40.6489, 15.6008 ] ] ], [ [ [ 40.4408, 15.6031 ], [ 40.445, 15.6078 ], [ 40.4459, 15.6034 ], [ 40.4428, 15.5994 ], [ 40.4408, 15.6031 ] ] ], [ [ [ 40.5327, 15.6034 ], [ 40.535, 15.609 ], [ 40.5432, 15.6111 ], [ 40.5374, 15.6031 ], [ 40.5327, 15.6034 ] ] ], [ [ [ 40.4647, 15.6021 ], [ 40.4635, 15.615 ], [ 40.4698, 15.614 ], [ 40.4647, 15.6021 ] ] ], [ [ [ 40.4261, 15.6218 ], [ 40.4275, 15.6229 ], [ 40.4282, 15.6219 ], [ 40.4261, 15.6218 ] ] ], [ [ [ 40.4233, 15.6255 ], [ 40.4244, 15.6261 ], [ 40.4243, 15.625 ], [ 40.4233, 15.6255 ] ] ], [ [ [ 40.7793, 15.6298 ], [ 40.7743, 15.6343 ], [ 40.7793, 15.6407 ], [ 40.7892, 15.6423 ], [ 40.7964, 15.6348 ], [ 40.794, 15.6295 ], [ 40.7793, 15.6298 ] ] ], [ [ [ 40.7144, 15.6478 ], [ 40.7153, 15.6571 ], [ 40.7282, 15.6632 ], [ 40.7233, 15.656 ], [ 40.7231, 15.6464 ], [ 40.7191, 15.6413 ], [ 40.7144, 15.6478 ] ] ], [ [ [ 40.6354, 15.6691 ], [ 40.6395, 15.6716 ], [ 40.6404, 15.6682 ], [ 40.6374, 15.6646 ], [ 40.6354, 15.6691 ] ] ], [ [ [ 40.7785, 15.6864 ], [ 40.7776, 15.6966 ], [ 40.771, 15.7031 ], [ 40.7854, 15.7043 ], [ 40.7865, 15.6952 ], [ 40.7785, 15.6864 ] ] ], [ [ [ 40.393, 15.7081 ], [ 40.3947, 15.7086 ], [ 40.3914, 15.7037 ], [ 40.393, 15.7081 ] ] ], [ [ [ 39.9128, 15.6981 ], [ 39.9004, 15.7095 ], [ 39.9184, 15.7061 ], [ 39.9128, 15.6981 ] ] ], [ [ [ 40.473, 15.7106 ], [ 40.4769, 15.7128 ], [ 40.4762, 15.7058 ], [ 40.472, 15.7026 ], [ 40.473, 15.7106 ] ] ], [ [ [ 40.6852, 15.7134 ], [ 40.6789, 15.7108 ], [ 40.6752, 15.7144 ], [ 40.6808, 15.719 ], [ 40.6852, 15.7134 ] ] ], [ [ [ 40.174, 15.7192 ], [ 40.1758, 15.7218 ], [ 40.1777, 15.7194 ], [ 40.174, 15.7192 ] ] ], [ [ [ 39.9083, 15.7195 ], [ 39.9119, 15.7183 ], [ 39.908, 15.7158 ], [ 39.912, 15.7131 ], [ 39.8987, 15.7133 ], [ 39.8999, 15.7218 ], [ 39.9116, 15.7234 ], [ 39.9083, 15.7195 ] ] ], [ [ [ 40.6583, 15.7214 ], [ 40.6491, 15.7092 ], [ 40.6523, 15.7014 ], [ 40.645, 15.6995 ], [ 40.644, 15.706 ], [ 40.6495, 15.7228 ], [ 40.657, 15.7241 ], [ 40.6583, 15.7214 ] ] ], [ [ [ 39.9475, 15.7243 ], [ 39.9537, 15.7046 ], [ 39.9411, 15.7043 ], [ 39.9319, 15.6958 ], [ 39.9246, 15.7062 ], [ 39.9298, 15.7143 ], [ 39.9308, 15.7104 ], [ 39.9378, 15.7283 ], [ 39.9413, 15.7291 ], [ 39.9475, 15.7243 ] ] ], [ [ [ 40.5608, 15.7262 ], [ 40.5655, 15.7305 ], [ 40.5671, 15.7253 ], [ 40.5623, 15.7216 ], [ 40.5608, 15.7262 ] ] ], [ [ [ 40.2153, 15.7256 ], [ 40.2152, 15.7175 ], [ 40.2074, 15.7063 ], [ 40.2108, 15.6772 ], [ 40.2005, 15.6701 ], [ 40.1756, 15.6616 ], [ 40.1631, 15.663 ], [ 40.1562, 15.6697 ], [ 40.1557, 15.677 ], [ 40.1596, 15.6851 ], [ 40.1842, 15.7095 ], [ 40.1916, 15.7084 ], [ 40.1821, 15.7297 ], [ 40.1776, 15.7325 ], [ 40.188, 15.7412 ], [ 40.2065, 15.7416 ], [ 40.2153, 15.7256 ] ] ], [ [ [ 40.3177, 15.7464 ], [ 40.3199, 15.7501 ], [ 40.3207, 15.7467 ], [ 40.3177, 15.7464 ] ] ], [ [ [ 40.7551, 15.7371 ], [ 40.7484, 15.7362 ], [ 40.7458, 15.7443 ], [ 40.73, 15.7404 ], [ 40.7242, 15.7477 ], [ 40.7404, 15.7469 ], [ 40.7513, 15.7539 ], [ 40.7734, 15.7497 ], [ 40.7686, 15.738 ], [ 40.7662, 15.743 ], [ 40.7717, 15.7464 ], [ 40.763, 15.7431 ], [ 40.7551, 15.7371 ] ] ], [ [ [ 40.4645, 15.7617 ], [ 40.4676, 15.7608 ], [ 40.4663, 15.7606 ], [ 40.4645, 15.7617 ] ] ], [ [ [ 40.4949, 15.7485 ], [ 40.4795, 15.7606 ], [ 40.5, 15.7621 ], [ 40.5048, 15.7522 ], [ 40.4949, 15.7485 ] ] ], [ [ [ 39.7951, 15.7831 ], [ 39.7984, 15.7782 ], [ 39.7943, 15.7717 ], [ 39.7951, 15.7831 ] ] ], [ [ [ 39.7536, 15.7868 ], [ 39.7477, 15.7834 ], [ 39.7545, 15.789 ], [ 39.7591, 15.7868 ], [ 39.7536, 15.7868 ] ] ], [ [ [ 40.109, 15.7949 ], [ 40.1102, 15.7943 ], [ 40.1089, 15.7926 ], [ 40.109, 15.7949 ] ] ], [ [ [ 40.4551, 15.7891 ], [ 40.4444, 15.7844 ], [ 40.4376, 15.7856 ], [ 40.4509, 15.7969 ], [ 40.4555, 15.7942 ], [ 40.4565, 15.7871 ], [ 40.4551, 15.7891 ] ] ], [ [ [ 40.1132, 15.7957 ], [ 40.11, 15.7968 ], [ 40.1138, 15.8017 ], [ 40.115, 15.7986 ], [ 40.1132, 15.7957 ] ] ], [ [ [ 40.1034, 15.7972 ], [ 40.1101, 15.8024 ], [ 40.1071, 15.7938 ], [ 40.1034, 15.7972 ] ] ], [ [ [ 40.1176, 15.8067 ], [ 40.1255, 15.8055 ], [ 40.1424, 15.8093 ], [ 40.1475, 15.8073 ], [ 40.147, 15.7877 ], [ 40.139, 15.7795 ], [ 40.1296, 15.7809 ], [ 40.1216, 15.7875 ], [ 40.126, 15.787 ], [ 40.1237, 15.7923 ], [ 40.1141, 15.7956 ], [ 40.115, 15.7986 ], [ 40.1176, 15.8067 ] ] ], [ [ [ 40.1097, 15.8135 ], [ 40.1098, 15.8108 ], [ 40.1078, 15.8088 ], [ 40.1097, 15.8135 ] ] ], [ [ [ 40.6883, 15.7961 ], [ 40.6869, 15.8088 ], [ 40.6965, 15.8254 ], [ 40.6981, 15.8188 ], [ 40.6932, 15.8133 ], [ 40.6974, 15.8007 ], [ 40.695, 15.7932 ], [ 40.6883, 15.7961 ] ] ], [ [ [ 40.3692, 15.8191 ], [ 40.3593, 15.813 ], [ 40.361, 15.8205 ], [ 40.3569, 15.8171 ], [ 40.3649, 15.828 ], [ 40.3771, 15.8173 ], [ 40.3692, 15.8191 ] ] ], [ [ [ 40.2877, 15.8261 ], [ 40.2884, 15.8228 ], [ 40.2771, 15.8129 ], [ 40.2718, 15.8153 ], [ 40.2582, 15.8134 ], [ 40.255, 15.8201 ], [ 40.2791, 15.8287 ], [ 40.2832, 15.8251 ], [ 40.2877, 15.8261 ] ] ], [ [ [ 39.9129, 15.8186 ], [ 39.9035, 15.8222 ], [ 39.9046, 15.8279 ], [ 39.9177, 15.8282 ], [ 39.9129, 15.8186 ] ] ], [ [ [ 39.922, 15.8339 ], [ 39.9178, 15.8302 ], [ 39.9159, 15.8337 ], [ 39.9212, 15.8366 ], [ 39.922, 15.8339 ] ] ], [ [ [ 40.5594, 15.8233 ], [ 40.5586, 15.8364 ], [ 40.5642, 15.847 ], [ 40.5663, 15.8449 ], [ 40.5647, 15.8375 ], [ 40.5676, 15.8232 ], [ 40.5594, 15.8233 ] ] ], [ [ [ 40.1875, 15.8451 ], [ 40.1941, 15.8491 ], [ 40.1948, 15.845 ], [ 40.1912, 15.842 ], [ 40.1875, 15.8451 ] ] ], [ [ [ 40.0183, 15.8513 ], [ 40.0139, 15.8509 ], [ 40.0193, 15.8569 ], [ 40.0219, 15.8472 ], [ 40.0183, 15.8513 ] ] ], [ [ [ 39.837, 15.8489 ], [ 39.8362, 15.8575 ], [ 39.8426, 15.8565 ], [ 39.8429, 15.8482 ], [ 39.837, 15.8489 ] ] ], [ [ [ 40.5047, 15.8462 ], [ 40.4975, 15.844 ], [ 40.4929, 15.8469 ], [ 40.495, 15.856 ], [ 40.5041, 15.8648 ], [ 40.5126, 15.857 ], [ 40.5047, 15.8462 ] ] ], [ [ [ 40.142, 15.864 ], [ 40.145, 15.8581 ], [ 40.1433, 15.8536 ], [ 40.138, 15.8508 ], [ 40.1031, 15.8614 ], [ 40.1048, 15.8745 ], [ 40.125, 15.8721 ], [ 40.142, 15.864 ] ] ], [ [ [ 40.2338, 15.8791 ], [ 40.2441, 15.8858 ], [ 40.2381, 15.8801 ], [ 40.2338, 15.8791 ] ] ], [ [ [ 40.0294, 15.7249 ], [ 40.0219, 15.7274 ], [ 40.0263, 15.7281 ], [ 40.0065, 15.7334 ], [ 40.01, 15.7356 ], [ 40.0004, 15.7369 ], [ 40.0017, 15.7388 ], [ 39.9975, 15.7407 ], [ 39.9835, 15.7429 ], [ 39.9731, 15.7397 ], [ 39.9669, 15.7308 ], [ 39.9689, 15.7295 ], [ 39.9631, 15.7281 ], [ 39.9574, 15.7199 ], [ 39.9523, 15.7332 ], [ 39.9492, 15.7298 ], [ 39.9437, 15.7325 ], [ 39.9405, 15.739 ], [ 39.9237, 15.7264 ], [ 39.929, 15.746 ], [ 39.9237, 15.7633 ], [ 39.9286, 15.7676 ], [ 39.9332, 15.767 ], [ 39.9361, 15.772 ], [ 39.9319, 15.7822 ], [ 39.9329, 15.7888 ], [ 39.947, 15.7876 ], [ 39.9645, 15.773 ], [ 39.9792, 15.77 ], [ 39.9917, 15.7724 ], [ 40.0, 15.7645 ], [ 40.005, 15.7651 ], [ 40.0116, 15.7686 ], [ 40.0152, 15.7754 ], [ 40.0212, 15.7734 ], [ 40.0014, 15.7828 ], [ 39.9914, 15.7766 ], [ 39.9873, 15.795 ], [ 39.9901, 15.8113 ], [ 40.0102, 15.8341 ], [ 40.0135, 15.827 ], [ 40.0211, 15.8255 ], [ 40.0285, 15.8179 ], [ 40.0345, 15.8218 ], [ 40.0392, 15.8192 ], [ 40.0453, 15.8254 ], [ 40.0416, 15.8462 ], [ 40.0244, 15.8576 ], [ 40.0273, 15.8574 ], [ 40.0217, 15.8636 ], [ 40.0119, 15.8675 ], [ 39.982, 15.8641 ], [ 39.968, 15.8799 ], [ 39.9555, 15.8822 ], [ 39.9539, 15.8891 ], [ 39.9951, 15.8857 ], [ 40.0078, 15.8819 ], [ 40.0163, 15.8832 ], [ 40.0309, 15.8689 ], [ 40.0426, 15.8665 ], [ 40.0735, 15.852 ], [ 40.0824, 15.8516 ], [ 40.0946, 15.8406 ], [ 40.1063, 15.8162 ], [ 40.1062, 15.8061 ], [ 40.0959, 15.7947 ], [ 40.0924, 15.7964 ], [ 40.0968, 15.8017 ], [ 40.0875, 15.7971 ], [ 40.0854, 15.7929 ], [ 40.0916, 15.7828 ], [ 40.101, 15.7783 ], [ 40.1198, 15.7791 ], [ 40.1233, 15.7836 ], [ 40.122, 15.7866 ], [ 40.131, 15.7796 ], [ 40.1412, 15.7789 ], [ 40.1373, 15.7677 ], [ 40.143, 15.7694 ], [ 40.1434, 15.7629 ], [ 40.1338, 15.7306 ], [ 40.1361, 15.7303 ], [ 40.1439, 15.6978 ], [ 40.1479, 15.6909 ], [ 40.1474, 15.6936 ], [ 40.1494, 15.6924 ], [ 40.1504, 15.6688 ], [ 40.1553, 15.652 ], [ 40.16, 15.6407 ], [ 40.1672, 15.6332 ], [ 40.1796, 15.6275 ], [ 40.2341, 15.6164 ], [ 40.2485, 15.6206 ], [ 40.2528, 15.6272 ], [ 40.2519, 15.6427 ], [ 40.2581, 15.6504 ], [ 40.2697, 15.6549 ], [ 40.2931, 15.6493 ], [ 40.3001, 15.6546 ], [ 40.3046, 15.6538 ], [ 40.3043, 15.6643 ], [ 40.2997, 15.662 ], [ 40.2879, 15.6641 ], [ 40.2833, 15.6725 ], [ 40.2758, 15.6683 ], [ 40.2617, 15.67 ], [ 40.2407, 15.6671 ], [ 40.212, 15.6739 ], [ 40.216, 15.6793 ], [ 40.2194, 15.6783 ], [ 40.2213, 15.6871 ], [ 40.2403, 15.6969 ], [ 40.2586, 15.7019 ], [ 40.2677, 15.6983 ], [ 40.2901, 15.6983 ], [ 40.3154, 15.6935 ], [ 40.3294, 15.6876 ], [ 40.3349, 15.6757 ], [ 40.3331, 15.6701 ], [ 40.3372, 15.6586 ], [ 40.3253, 15.6456 ], [ 40.3279, 15.6437 ], [ 40.338, 15.6548 ], [ 40.3377, 15.6482 ], [ 40.3418, 15.6467 ], [ 40.3306, 15.6413 ], [ 40.34, 15.641 ], [ 40.3373, 15.6374 ], [ 40.3301, 15.6368 ], [ 40.3381, 15.635 ], [ 40.3407, 15.6384 ], [ 40.3429, 15.635 ], [ 40.3459, 15.6502 ], [ 40.3508, 15.6526 ], [ 40.3655, 15.6474 ], [ 40.3838, 15.6291 ], [ 40.3768, 15.6199 ], [ 40.3696, 15.6171 ], [ 40.3617, 15.6207 ], [ 40.3567, 15.6173 ], [ 40.3498, 15.6203 ], [ 40.3566, 15.6109 ], [ 40.3547, 15.6096 ], [ 40.3625, 15.6093 ], [ 40.3667, 15.6144 ], [ 40.3804, 15.6182 ], [ 40.3935, 15.6352 ], [ 40.4069, 15.6384 ], [ 40.4136, 15.6343 ], [ 40.4161, 15.6212 ], [ 40.4147, 15.601 ], [ 40.4225, 15.5816 ], [ 40.4251, 15.5654 ], [ 40.3981, 15.5662 ], [ 40.3618, 15.5777 ], [ 40.315, 15.5637 ], [ 40.2872, 15.5693 ], [ 40.2752, 15.5806 ], [ 40.2595, 15.5878 ], [ 40.2492, 15.5874 ], [ 40.2247, 15.5951 ], [ 40.2048, 15.5946 ], [ 40.1884, 15.59 ], [ 40.1809, 15.5923 ], [ 40.1625, 15.5843 ], [ 40.1584, 15.5887 ], [ 40.1278, 15.6024 ], [ 40.1223, 15.6019 ], [ 40.118, 15.5917 ], [ 40.099, 15.5857 ], [ 40.0963, 15.5823 ], [ 40.0924, 15.5854 ], [ 40.0742, 15.5857 ], [ 40.0688, 15.578 ], [ 40.0564, 15.5798 ], [ 40.0571, 15.5868 ], [ 40.0534, 15.5897 ], [ 40.0488, 15.5886 ], [ 40.0214, 15.6089 ], [ 40.0091, 15.6104 ], [ 40.0098, 15.6135 ], [ 40.0035, 15.6044 ], [ 39.9966, 15.6029 ], [ 39.9806, 15.6093 ], [ 39.9759, 15.6199 ], [ 39.9636, 15.621 ], [ 39.9656, 15.623 ], [ 39.9621, 15.6276 ], [ 39.9523, 15.6261 ], [ 39.9592, 15.6296 ], [ 39.97, 15.6424 ], [ 39.9562, 15.6551 ], [ 39.9548, 15.6758 ], [ 39.9408, 15.6977 ], [ 39.9461, 15.7014 ], [ 39.9531, 15.7018 ], [ 39.9696, 15.6894 ], [ 39.9714, 15.6865 ], [ 39.9681, 15.6849 ], [ 39.9617, 15.6877 ], [ 39.9634, 15.6814 ], [ 39.9561, 15.681 ], [ 39.9733, 15.6758 ], [ 39.9742, 15.6628 ], [ 39.9798, 15.6616 ], [ 39.9856, 15.6425 ], [ 39.9891, 15.6413 ], [ 39.9911, 15.6444 ], [ 39.988, 15.6495 ], [ 39.9883, 15.664 ], [ 39.9924, 15.665 ], [ 40.0071, 15.652 ], [ 40.0118, 15.643 ], [ 39.9993, 15.6308 ], [ 40.0055, 15.6315 ], [ 40.0183, 15.6436 ], [ 40.0239, 15.6417 ], [ 40.0316, 15.6314 ], [ 40.0464, 15.6259 ], [ 40.0483, 15.6321 ], [ 40.0392, 15.6362 ], [ 40.0391, 15.6395 ], [ 40.0656, 15.6379 ], [ 40.0796, 15.646 ], [ 40.0837, 15.6525 ], [ 40.0843, 15.6627 ], [ 40.0651, 15.6773 ], [ 40.0601, 15.6888 ], [ 40.0498, 15.6933 ], [ 40.0435, 15.7066 ], [ 40.0295, 15.7208 ], [ 40.0294, 15.7249 ] ] ], [ [ [ 40.5928, 15.873 ], [ 40.5886, 15.8823 ], [ 40.5908, 15.8929 ], [ 40.5987, 15.8981 ], [ 40.6117, 15.8927 ], [ 40.6157, 15.886 ], [ 40.6119, 15.8774 ], [ 40.6043, 15.8725 ], [ 40.5928, 15.873 ] ] ], [ [ [ 40.0832, 15.8894 ], [ 40.0876, 15.9015 ], [ 40.0912, 15.8952 ], [ 40.0887, 15.8773 ], [ 40.0832, 15.8894 ] ] ], [ [ [ 40.3785, 15.889 ], [ 40.3729, 15.8846 ], [ 40.3523, 15.8834 ], [ 40.3648, 15.8904 ], [ 40.3714, 15.9029 ], [ 40.3781, 15.8964 ], [ 40.3785, 15.889 ] ] ], [ [ [ 40.5565, 15.9045 ], [ 40.5628, 15.9064 ], [ 40.5652, 15.9003 ], [ 40.5606, 15.8978 ], [ 40.5565, 15.9045 ] ] ], [ [ [ 39.5802, 15.9109 ], [ 39.5824, 15.9056 ], [ 39.5755, 15.9041 ], [ 39.5802, 15.9109 ] ] ], [ [ [ 39.8748, 15.9117 ], [ 39.8785, 15.9128 ], [ 39.8785, 15.9093 ], [ 39.8744, 15.9049 ], [ 39.8748, 15.9117 ] ] ], [ [ [ 39.9403, 15.9049 ], [ 39.9447, 15.8975 ], [ 39.9276, 15.8973 ], [ 39.9351, 15.913 ], [ 39.941, 15.9128 ], [ 39.9403, 15.9049 ] ] ], [ [ [ 40.1829, 15.9072 ], [ 40.1704, 15.9029 ], [ 40.1747, 15.9091 ], [ 40.1822, 15.9115 ], [ 40.1908, 15.9196 ], [ 40.196, 15.9157 ], [ 40.1895, 15.9025 ], [ 40.1829, 15.9072 ] ] ], [ [ [ 39.8969, 15.9163 ], [ 39.9006, 15.9216 ], [ 39.9032, 15.917 ], [ 39.8987, 15.9126 ], [ 39.8969, 15.9163 ] ] ], [ [ [ 39.6524, 15.9253 ], [ 39.6545, 15.9139 ], [ 39.6619, 15.9095 ], [ 39.6662, 15.9008 ], [ 39.6459, 15.8974 ], [ 39.6256, 15.9076 ], [ 39.6094, 15.9033 ], [ 39.6191, 15.9093 ], [ 39.6282, 15.9238 ], [ 39.6417, 15.9299 ], [ 39.6524, 15.9253 ] ] ], [ [ [ 40.2402, 15.9224 ], [ 40.2574, 15.9323 ], [ 40.261, 15.9281 ], [ 40.2522, 15.922 ], [ 40.2402, 15.9224 ] ] ], [ [ [ 39.8701, 15.9323 ], [ 39.8718, 15.9362 ], [ 39.8739, 15.9342 ], [ 39.8739, 15.9296 ], [ 39.8701, 15.9323 ] ] ], [ [ [ 39.5425, 15.9518 ], [ 39.5429, 15.9487 ], [ 39.5337, 15.9489 ], [ 39.5425, 15.9518 ] ] ], [ [ [ 39.6116, 15.9536 ], [ 39.6102, 15.9448 ], [ 39.6128, 15.9392 ], [ 39.606, 15.9487 ], [ 39.6015, 15.9459 ], [ 39.5967, 15.9548 ], [ 39.5968, 15.9624 ], [ 39.6061, 15.962 ], [ 39.6116, 15.9536 ] ] ], [ [ [ 40.0634, 15.9476 ], [ 40.0533, 15.9391 ], [ 40.0468, 15.9409 ], [ 40.0352, 15.9368 ], [ 40.0303, 15.9418 ], [ 40.0342, 15.9405 ], [ 40.0354, 15.9428 ], [ 40.0319, 15.9476 ], [ 40.021, 15.9429 ], [ 40.0342, 15.9609 ], [ 40.0439, 15.9549 ], [ 40.0491, 15.9616 ], [ 40.0568, 15.9641 ], [ 40.0637, 15.9528 ], [ 40.0634, 15.9476 ] ] ], [ [ [ 40.159, 15.9591 ], [ 40.1653, 15.9528 ], [ 40.1684, 15.937 ], [ 40.1499, 15.9474 ], [ 40.1412, 15.9622 ], [ 40.1433, 15.9651 ], [ 40.1462, 15.9617 ], [ 40.159, 15.9591 ] ] ], [ [ [ 40.1958, 15.9829 ], [ 40.212, 15.9855 ], [ 40.2021, 15.9806 ], [ 40.1958, 15.9829 ] ] ], [ [ [ 39.9491, 15.9634 ], [ 39.9474, 15.976 ], [ 39.9399, 15.9694 ], [ 39.943, 15.9842 ], [ 39.9473, 15.9888 ], [ 39.9534, 15.9758 ], [ 39.9491, 15.9634 ] ] ], [ [ [ 39.8298, 16.0001 ], [ 39.8371, 16.0033 ], [ 39.8362, 15.9937 ], [ 39.8329, 15.9916 ], [ 39.8298, 16.0001 ] ] ], [ [ [ 40.3, 15.9983 ], [ 40.3006, 15.9875 ], [ 40.2768, 15.9831 ], [ 40.2798, 16.0 ], [ 40.2841, 16.0051 ], [ 40.2911, 16.0061 ], [ 40.3, 15.9983 ] ] ], [ [ [ 39.9236, 15.9932 ], [ 39.925, 16.0 ], [ 39.9216, 16.0004 ], [ 39.9241, 16.0066 ], [ 39.9278, 15.9924 ], [ 39.9236, 15.9932 ] ] ], [ [ [ 39.846, 16.0059 ], [ 39.8475, 16.0065 ], [ 39.8475, 16.004 ], [ 39.845, 16.0022 ], [ 39.846, 16.0059 ] ] ], [ [ [ 39.674, 16.0176 ], [ 39.6766, 16.018 ], [ 39.6745, 16.0166 ], [ 39.674, 16.0176 ] ] ], [ [ [ 39.8562, 16.0164 ], [ 39.8604, 16.0205 ], [ 39.8604, 16.0172 ], [ 39.856, 16.0138 ], [ 39.8562, 16.0164 ] ] ], [ [ [ 39.661, 16.0198 ], [ 39.6649, 16.0242 ], [ 39.666, 16.0223 ], [ 39.6634, 16.0184 ], [ 39.661, 16.0198 ] ] ], [ [ [ 39.4463, 16.0375 ], [ 39.4457, 16.0355 ], [ 39.4389, 16.0365 ], [ 39.4463, 16.0375 ] ] ], [ [ [ 39.7638, 16.0476 ], [ 39.7676, 16.0506 ], [ 39.7688, 16.0484 ], [ 39.7668, 16.0454 ], [ 39.7638, 16.0476 ] ] ], [ [ [ 39.9711, 16.05 ], [ 39.9756, 16.0579 ], [ 39.9782, 16.0445 ], [ 39.9744, 16.0406 ], [ 39.9711, 16.05 ] ] ], [ [ [ 39.8878, 16.058 ], [ 39.8937, 16.062 ], [ 39.8942, 16.0571 ], [ 39.886, 16.0494 ], [ 39.8878, 16.058 ] ] ], [ [ [ 40.1781, 16.0552 ], [ 40.1827, 16.048 ], [ 40.1935, 16.0454 ], [ 40.1902, 16.0363 ], [ 40.1697, 16.0223 ], [ 40.1641, 16.0227 ], [ 40.1565, 16.0328 ], [ 40.1353, 16.0421 ], [ 40.1334, 16.0467 ], [ 40.1387, 16.045 ], [ 40.1328, 16.0515 ], [ 40.1371, 16.0617 ], [ 40.1435, 16.0541 ], [ 40.1469, 16.0552 ], [ 40.15, 16.0629 ], [ 40.1666, 16.0627 ], [ 40.1781, 16.0552 ] ] ], [ [ [ 39.6109, 16.0784 ], [ 39.6127, 16.0744 ], [ 39.6112, 16.0717 ], [ 39.6109, 16.0784 ] ] ], [ [ [ 39.5965, 16.0965 ], [ 39.5983, 16.0995 ], [ 39.5994, 16.0979 ], [ 39.5981, 16.094 ], [ 39.5965, 16.0965 ] ] ], [ [ [ 39.9814, 16.0925 ], [ 39.985, 16.1025 ], [ 39.9895, 16.0958 ], [ 39.9868, 16.0916 ], [ 39.9814, 16.0925 ] ] ], [ [ [ 39.5869, 16.1059 ], [ 39.5852, 16.1103 ], [ 39.5893, 16.1107 ], [ 39.5869, 16.1059 ] ] ], [ [ [ 40.07, 16.1061 ], [ 40.0661, 16.0979 ], [ 40.0836, 16.0817 ], [ 40.0864, 16.0835 ], [ 40.0836, 16.0876 ], [ 40.0896, 16.0878 ], [ 40.1149, 16.0779 ], [ 40.1189, 16.079 ], [ 40.125, 16.0717 ], [ 40.1256, 16.0665 ], [ 40.1179, 16.0552 ], [ 40.1007, 16.0568 ], [ 40.0861, 16.0515 ], [ 40.0751, 16.037 ], [ 40.0779, 16.0215 ], [ 40.0805, 16.0236 ], [ 40.0939, 16.0143 ], [ 40.1009, 16.0026 ], [ 40.1201, 15.9906 ], [ 40.1203, 15.9832 ], [ 40.1141, 15.9872 ], [ 40.1074, 15.9766 ], [ 40.0918, 15.9783 ], [ 40.0852, 15.9856 ], [ 40.0559, 15.9917 ], [ 40.0605, 16.0 ], [ 40.0486, 16.0138 ], [ 39.9911, 16.0035 ], [ 39.9891, 16.0275 ], [ 39.9921, 16.0559 ], [ 40.0048, 16.0621 ], [ 40.045, 16.0535 ], [ 40.0488, 16.0583 ], [ 40.0541, 16.0584 ], [ 40.0502, 16.069 ], [ 40.0481, 16.0655 ], [ 40.0433, 16.0862 ], [ 40.0408, 16.1055 ], [ 40.0445, 16.1166 ], [ 40.0513, 16.1197 ], [ 40.0641, 16.1026 ], [ 40.07, 16.1061 ] ] ], [ [ [ 39.8538, 16.136 ], [ 39.8567, 16.1402 ], [ 39.8592, 16.1336 ], [ 39.8556, 16.1274 ], [ 39.8538, 16.136 ] ] ], [ [ [ 39.7435, 16.1464 ], [ 39.7448, 16.149 ], [ 39.7455, 16.1459 ], [ 39.7442, 16.1428 ], [ 39.7435, 16.1464 ] ] ], [ [ [ 39.9628, 16.1408 ], [ 39.9616, 16.1455 ], [ 39.9696, 16.1559 ], [ 39.975, 16.1507 ], [ 39.9752, 16.1445 ], [ 39.969, 16.1372 ], [ 39.9628, 16.1408 ] ] ], [ [ [ 39.4552, 16.1451 ], [ 39.4618, 16.1354 ], [ 39.4689, 16.1111 ], [ 39.4872, 16.0782 ], [ 39.4851, 16.0597 ], [ 39.4776, 16.0515 ], [ 39.4748, 16.0428 ], [ 39.4665, 16.0387 ], [ 39.4565, 16.0427 ], [ 39.4679, 16.0468 ], [ 39.4754, 16.0564 ], [ 39.4724, 16.0789 ], [ 39.4654, 16.0994 ], [ 39.4705, 16.0942 ], [ 39.4755, 16.0949 ], [ 39.4556, 16.1232 ], [ 39.4513, 16.1193 ], [ 39.4548, 16.1117 ], [ 39.4578, 16.1126 ], [ 39.4561, 16.1093 ], [ 39.4465, 16.1194 ], [ 39.4329, 16.1439 ], [ 39.4345, 16.1488 ], [ 39.4314, 16.1583 ], [ 39.4563, 16.1483 ], [ 39.4552, 16.1451 ] ] ], [ [ [ 40.0277, 16.1669 ], [ 40.0414, 16.1766 ], [ 40.0354, 16.1672 ], [ 40.0279, 16.163 ], [ 40.0277, 16.1669 ] ] ], [ [ [ 39.9358, 16.1781 ], [ 39.9427, 16.1772 ], [ 39.9412, 16.1731 ], [ 39.9358, 16.1781 ] ] ], [ [ [ 39.9695, 16.1691 ], [ 39.9669, 16.1793 ], [ 39.9691, 16.1845 ], [ 39.9773, 16.1871 ], [ 39.982, 16.1783 ], [ 39.9808, 16.1703 ], [ 39.9751, 16.1635 ], [ 39.9695, 16.1691 ] ] ], [ [ [ 40.1706, 16.1576 ], [ 40.1661, 16.1561 ], [ 40.1579, 16.1328 ], [ 40.1661, 16.1247 ], [ 40.1679, 16.1004 ], [ 40.1605, 16.1004 ], [ 40.1542, 16.0904 ], [ 40.1419, 16.0891 ], [ 40.1301, 16.0945 ], [ 40.1259, 16.1259 ], [ 40.1323, 16.1344 ], [ 40.15, 16.1382 ], [ 40.1605, 16.1476 ], [ 40.1636, 16.1564 ], [ 40.1598, 16.1723 ], [ 40.1672, 16.1931 ], [ 40.1747, 16.1953 ], [ 40.1836, 16.1885 ], [ 40.2015, 16.1688 ], [ 40.2041, 16.1617 ], [ 40.1798, 16.1541 ], [ 40.1706, 16.1576 ] ] ], [ [ [ 40.0677, 16.1798 ], [ 40.0734, 16.1859 ], [ 40.0755, 16.2014 ], [ 40.0845, 16.2047 ], [ 40.0875, 16.2028 ], [ 40.0882, 16.1956 ], [ 40.0805, 16.1775 ], [ 40.0633, 16.1681 ], [ 40.0677, 16.1798 ] ] ], [ [ [ 39.7733, 16.2113 ], [ 39.7749, 16.2137 ], [ 39.7768, 16.2114 ], [ 39.7761, 16.2086 ], [ 39.7733, 16.2113 ] ] ], [ [ [ 40.0039, 16.1999 ], [ 40.0027, 16.2081 ], [ 40.0146, 16.2164 ], [ 40.0179, 16.2283 ], [ 40.0228, 16.2303 ], [ 40.0284, 16.2247 ], [ 40.019, 16.2101 ], [ 40.0039, 16.1999 ] ] ], [ [ [ 40.1695, 16.232 ], [ 40.1736, 16.2345 ], [ 40.1755, 16.23 ], [ 40.1657, 16.2209 ], [ 40.1695, 16.232 ] ] ], [ [ [ 40.226, 16.2593 ], [ 40.2268, 16.2481 ], [ 40.229, 16.2431 ], [ 40.2356, 16.2398 ], [ 40.2419, 16.245 ], [ 40.2384, 16.234 ], [ 40.2332, 16.24 ], [ 40.2251, 16.2409 ], [ 40.2228, 16.2476 ], [ 40.2135, 16.2458 ], [ 40.2066, 16.2493 ], [ 40.2084, 16.2628 ], [ 40.2206, 16.2859 ], [ 40.2239, 16.2882 ], [ 40.2255, 16.2809 ], [ 40.2369, 16.2796 ], [ 40.226, 16.2593 ] ] ], [ [ [ 39.7608, 16.2932 ], [ 39.7501, 16.295 ], [ 39.7483, 16.3011 ], [ 39.7575, 16.3095 ], [ 39.7646, 16.2956 ], [ 39.7608, 16.2932 ] ] ], [ [ [ 39.752, 16.3164 ], [ 39.7523, 16.3209 ], [ 39.76, 16.3208 ], [ 39.755, 16.3143 ], [ 39.752, 16.3164 ] ] ], [ [ [ 39.8203, 16.3234 ], [ 39.8064, 16.313 ], [ 39.803, 16.3136 ], [ 39.8134, 16.3309 ], [ 39.824, 16.3307 ], [ 39.8203, 16.3234 ] ] ], [ [ [ 40.2366, 16.3392 ], [ 40.2433, 16.3448 ], [ 40.2433, 16.3397 ], [ 40.2229, 16.3197 ], [ 40.2366, 16.3392 ] ] ], [ [ [ 39.8548, 16.3331 ], [ 39.8604, 16.3371 ], [ 39.8698, 16.3375 ], [ 39.874, 16.3332 ], [ 39.8779, 16.3354 ], [ 39.874, 16.3353 ], [ 39.8708, 16.3398 ], [ 39.8604, 16.3413 ], [ 39.8553, 16.3386 ], [ 39.8528, 16.341 ], [ 39.8884, 16.3498 ], [ 39.9038, 16.3472 ], [ 39.9063, 16.3363 ], [ 39.9121, 16.3339 ], [ 39.9045, 16.3279 ], [ 39.8974, 16.3294 ], [ 39.8939, 16.3253 ], [ 39.8965, 16.321 ], [ 39.9057, 16.3271 ], [ 39.9228, 16.3255 ], [ 39.9291, 16.3293 ], [ 39.9348, 16.3254 ], [ 39.9327, 16.3218 ], [ 39.9258, 16.3232 ], [ 39.9073, 16.314 ], [ 39.9135, 16.288 ], [ 39.9107, 16.2855 ], [ 39.91, 16.2901 ], [ 39.9066, 16.2906 ], [ 39.9082, 16.3 ], [ 39.9002, 16.3112 ], [ 39.8947, 16.3125 ], [ 39.8917, 16.308 ], [ 39.8835, 16.3107 ], [ 39.8764, 16.321 ], [ 39.8628, 16.3253 ], [ 39.8614, 16.3344 ], [ 39.8548, 16.3331 ] ], [ [ 39.8653, 16.3311 ], [ 39.8698, 16.3326 ], [ 39.8676, 16.3356 ], [ 39.8614, 16.3344 ], [ 39.8653, 16.3311 ] ] ], [ [ [ 39.5801, 16.3451 ], [ 39.5786, 16.341 ], [ 39.5715, 16.3491 ], [ 39.5662, 16.3497 ], [ 39.5362, 16.3326 ], [ 39.5327, 16.3372 ], [ 39.5324, 16.3403 ], [ 39.5386, 16.3454 ], [ 39.5602, 16.3539 ], [ 39.5713, 16.3576 ], [ 39.5741, 16.3505 ], [ 39.5801, 16.3451 ] ] ], [ [ [ 40.0823, 16.4311 ], [ 40.0856, 16.4348 ], [ 40.0864, 16.4308 ], [ 40.0831, 16.4275 ], [ 40.0823, 16.4311 ] ] ], [ [ [ 40.0911, 16.4695 ], [ 40.0865, 16.4718 ], [ 40.0876, 16.48 ], [ 40.095, 16.48 ], [ 40.0971, 16.4732 ], [ 40.0911, 16.4695 ] ] ], [ [ [ 39.6714, 16.4791 ], [ 39.6682, 16.4755 ], [ 39.6666, 16.4788 ], [ 39.6708, 16.4794 ], [ 39.6714, 16.4791 ] ] ], [ [ [ 40.182, 16.4849 ], [ 40.1804, 16.4849 ], [ 40.1799, 16.4882 ], [ 40.1844, 16.488 ], [ 40.182, 16.4849 ] ] ], [ [ [ 39.7698, 16.5254 ], [ 39.7726, 16.5256 ], [ 39.7707, 16.5229 ], [ 39.7698, 16.5254 ] ] ], [ [ [ 40.0405, 16.5295 ], [ 40.0425, 16.5345 ], [ 40.0441, 16.5342 ], [ 40.0441, 16.5294 ], [ 40.0405, 16.5295 ] ] ], [ [ [ 40.1563, 16.5418 ], [ 40.1523, 16.5401 ], [ 40.1539, 16.5309 ], [ 40.1584, 16.5321 ], [ 40.1593, 16.536 ], [ 40.1714, 16.5384 ], [ 40.1758, 16.5484 ], [ 40.1807, 16.5484 ], [ 40.1828, 16.5426 ], [ 40.1753, 16.5285 ], [ 40.189, 16.5125 ], [ 40.1782, 16.51 ], [ 40.1709, 16.5014 ], [ 40.1663, 16.5054 ], [ 40.1568, 16.5062 ], [ 40.1402, 16.498 ], [ 40.136, 16.4756 ], [ 40.1355, 16.4829 ], [ 40.1289, 16.4903 ], [ 40.1366, 16.5062 ], [ 40.1313, 16.5137 ], [ 40.1326, 16.5224 ], [ 40.1431, 16.5318 ], [ 40.149, 16.5469 ], [ 40.1538, 16.5471 ], [ 40.1557, 16.5505 ], [ 40.1604, 16.537 ], [ 40.1563, 16.5418 ] ] ] ] } },
{ "type": "Feature", "properties": { "iso3": "ERI", "unit_id": "17832035B42996479242713", "unit_name": "Massawa" }, "geometry": { "type": "MultiPolygon", "coordinates": [ [ [ [ 39.4663, 15.5246 ], [ 39.4617, 15.5318 ], [ 39.4621, 15.5445 ], [ 39.4577, 15.5586 ], [ 39.4497, 15.5684 ], [ 39.4502, 15.5806 ], [ 39.4419, 15.5927 ], [ 39.4439, 15.6002 ], [ 39.4527, 15.6028 ], [ 39.455, 15.607 ], [ 39.4634, 15.6027 ], [ 39.461, 15.6013 ], [ 39.4638, 15.6001 ], [ 39.4633, 15.596 ], [ 39.4658, 15.5968 ], [ 39.4695, 15.6106 ], [ 39.4636, 15.6034 ], [ 39.4556, 15.6076 ], [ 39.4612, 15.6123 ], [ 39.4592, 15.6162 ], [ 39.4701, 15.6129 ], [ 39.4738, 15.6166 ], [ 39.465, 15.6175 ], [ 39.4632, 15.6219 ], [ 39.4749, 15.6217 ], [ 39.4784, 15.617 ], [ 39.4808, 15.62 ], [ 39.4794, 15.628 ], [ 39.4725, 15.6291 ], [ 39.4687, 15.6244 ], [ 39.4622, 15.6279 ], [ 39.4658, 15.6449 ], [ 39.4693, 15.6451 ], [ 39.4731, 15.6387 ], [ 39.4791, 15.641 ], [ 39.4789, 15.6514 ], [ 39.4555, 15.669 ], [ 39.4467, 15.6829 ], [ 39.4496, 15.6848 ], [ 39.4468, 15.7032 ], [ 39.4496, 15.703 ], [ 39.4419, 15.7082 ], [ 39.4479, 15.7065 ], [ 39.4464, 15.7157 ], [ 39.4429, 15.7158 ], [ 39.4461, 15.7164 ], [ 39.4452, 15.7205 ], [ 39.4416, 15.728 ], [ 39.4315, 15.7359 ], [ 39.4263, 15.7461 ], [ 39.4252, 15.7585 ], [ 39.4304, 15.7709 ], [ 39.4021, 15.7712 ], [ 39.3837, 15.7665 ], [ 39.374, 15.7609 ], [ 39.3615, 15.7315 ], [ 39.3448, 15.7167 ], [ 39.3373, 15.6902 ], [ 39.3203, 15.6723 ], [ 39.3191, 15.647 ], [ 39.3113, 15.6142 ], [ 39.3028, 15.6046 ], [ 39.2948, 15.6018 ], [ 39.291, 15.6047 ], [ 39.2906, 15.5924 ], [ 39.2944, 15.5803 ], [ 39.3138, 15.5613 ], [ 39.3212, 15.5604 ], [ 39.3321, 15.5655 ], [ 39.3606, 15.5618 ], [ 39.3838, 15.5545 ], [ 39.4158, 15.5392 ], [ 39.4252, 15.5379 ], [ 39.429, 15.5232 ], [ 39.4362, 15.5168 ], [ 39.4482, 15.5131 ], [ 39.4663, 15.5246 ] ], [ [ 39.4472, 15.5811 ], [ 39.4494, 15.5811 ], [ 39.4479, 15.5801 ], [ 39.4472, 15.5811 ] ], [ [ 39.4429, 15.7248 ], [ 39.4437, 15.7233 ], [ 39.4413, 15.723 ], [ 39.4429, 15.7248 ] ] ], [ [ [ 39.4819, 15.6108 ], [ 39.4764, 15.6114 ], [ 39.4719, 15.6075 ], [ 39.4744, 15.6052 ], [ 39.4819, 15.6108 ] ] ], [ [ [ 39.4805, 15.594 ], [ 39.4799, 15.5971 ], [ 39.4784, 15.5943 ], [ 39.4805, 15.594 ] ] ] ] } },
{ "type": "Feature", "properties": { "iso3": "ERI", "unit_id": "17832035B77498622444527", "unit_name": "Ghinda" }, "geometry": { "type": "Polygon", "coordinates": [ [ [ 39.0268, 15.3419 ], [ 39.0417, 15.3211 ], [ 39.0424, 15.3036 ], [ 39.0468, 15.2953 ], [ 39.0403, 15.2813 ], [ 39.0473, 15.2665 ], [ 39.0457, 15.2609 ], [ 39.0352, 15.2548 ], [ 39.0295, 15.2462 ], [ 39.023, 15.2255 ], [ 39.0328, 15.223 ], [ 39.0414, 15.2142 ], [ 39.0529, 15.2254 ], [ 39.0638, 15.2192 ], [ 39.0668, 15.2134 ], [ 39.0774, 15.2143 ], [ 39.0818, 15.2381 ], [ 39.0787, 15.2554 ], [ 39.1068, 15.262 ], [ 39.1284, 15.2606 ], [ 39.139, 15.2563 ], [ 39.1423, 15.2589 ], [ 39.1601, 15.2519 ], [ 39.1627, 15.2552 ], [ 39.1671, 15.2499 ], [ 39.1736, 15.2506 ], [ 39.1752, 15.2431 ], [ 39.1819, 15.2427 ], [ 39.1836, 15.2386 ], [ 39.1869, 15.2413 ], [ 39.1906, 15.2358 ], [ 39.1969, 15.2355 ], [ 39.2015, 15.2448 ], [ 39.2121, 15.2481 ], [ 39.2159, 15.2524 ], [ 39.2245, 15.2502 ], [ 39.2281, 15.2526 ], [ 39.2259, 15.2559 ], [ 39.2293, 15.2564 ], [ 39.2278, 15.2596 ], [ 39.2356, 15.2594 ], [ 39.2373, 15.2541 ], [ 39.2423, 15.254 ], [ 39.2447, 15.2577 ], [ 39.2415, 15.2597 ], [ 39.2464, 15.2611 ], [ 39.2462, 15.2696 ], [ 39.2571, 15.2788 ], [ 39.2662, 15.2979 ], [ 39.2661, 15.31 ], [ 39.2735, 15.309 ], [ 39.2861, 15.3134 ], [ 39.2872, 15.3288 ], [ 39.2915, 15.3393 ], [ 39.3149, 15.3667 ], [ 39.3155, 15.3588 ], [ 39.3216, 15.3605 ], [ 39.3304, 15.3698 ], [ 39.3368, 15.3703 ], [ 39.3604, 15.3825 ], [ 39.3761, 15.3857 ], [ 39.3942, 15.3968 ], [ 39.4077, 15.3974 ], [ 39.4177, 15.4022 ], [ 39.4265, 15.4242 ], [ 39.4219, 15.4683 ], [ 39.4291, 15.503 ], [ 39.4382, 15.5176 ], [ 39.429, 15.5232 ], [ 39.4252, 15.5379 ], [ 39.4158, 15.5392 ], [ 39.37, 15.5593 ], [ 39.3321, 15.5655 ], [ 39.3212, 15.5604 ], [ 39.3138, 15.5613 ], [ 39.2944, 15.5803 ], [ 39.2906, 15.5924 ], [ 39.291, 15.6047 ], [ 39.287, 15.6062 ], [ 39.277, 15.6456 ], [ 39.2686, 15.6556 ], [ 39.2561, 15.6603 ], [ 39.2395, 15.6559 ], [ 39.2129, 15.6562 ], [ 39.1605, 15.7115 ], [ 39.1427, 15.7326 ], [ 39.1399, 15.7415 ], [ 39.1076, 15.7402 ], [ 39.0709, 15.7298 ], [ 39.0335, 15.7255 ], [ 39.0037, 15.7043 ], [ 38.9928, 15.7028 ], [ 38.9823, 15.6938 ], [ 38.9629, 15.6883 ], [ 38.9644, 15.6779 ], [ 38.954, 15.6689 ], [ 38.9587, 15.664 ], [ 38.9549, 15.6624 ], [ 38.9505, 15.6386 ], [ 38.9547, 15.6331 ], [ 38.9248, 15.6331 ], [ 38.9191, 15.6289 ], [ 38.9025, 15.6298 ], [ 38.8954, 15.6213 ], [ 38.878, 15.6191 ], [ 38.8658, 15.6212 ], [ 38.8682, 15.6065 ], [ 38.8886, 15.5845 ], [ 38.8885, 15.5731 ], [ 38.8967, 15.5591 ], [ 38.9079, 15.5555 ], [ 38.9073, 15.5465 ], [ 38.9172, 15.514 ], [ 38.929, 15.4962 ], [ 38.9386, 15.4938 ], [ 38.9319, 15.485 ], [ 38.9361, 15.4784 ], [ 38.951, 15.4725 ], [ 38.961, 15.4606 ], [ 38.9701, 15.4553 ], [ 38.9862, 15.4598 ], [ 39.0009, 15.4397 ], [ 39.0136, 15.4334 ], [ 39.0242, 15.4216 ], [ 39.0123, 15.4057 ], [ 39.0118, 15.3885 ], [ 39.0076, 15.3777 ], [ 39.016, 15.3742 ], [ 39.016, 15.3707 ], [ 39.0096, 15.3678 ], [ 39.0097, 15.362 ], [ 39.0209, 15.3632 ], [ 39.0268, 15.3419 ] ] ] } },
{ "type": "Feature", "properties": { "iso3": "ERI", "unit_id": "17832035B77016538077511", "unit_name": "Shieb" }, "geometry": { "type": "Polygon", "coordinates": [ [ [ 39.4304, 15.7709 ], [ 39.4396, 15.7764 ], [ 39.4428, 15.7827 ], [ 39.4423, 15.7954 ], [ 39.4362, 15.8052 ], [ 39.3751, 15.839 ], [ 39.3597, 15.8602 ], [ 39.339, 15.8758 ], [ 39.3299, 15.8915 ], [ 39.3091, 15.8955 ], [ 39.3051, 15.899 ], [ 39.3022, 15.9271 ], [ 39.2904, 15.9602 ], [ 39.2746, 15.9799 ], [ 39.2736, 16.0027 ], [ 39.2632, 16.0317 ], [ 39.2304, 16.0343 ], [ 39.1951, 16.0301 ], [ 39.164, 16.0045 ], [ 39.1454, 15.9993 ], [ 39.1127, 15.9789 ], [ 39.0887, 15.9726 ], [ 39.0671, 15.9731 ], [ 39.0452, 15.9801 ], [ 39.0243, 15.9801 ], [ 38.9988, 15.9707 ], [ 38.9934, 15.972 ], [ 38.9878, 15.9791 ], [ 38.9772, 15.9822 ], [ 38.9752, 15.9797 ], [ 38.9615, 15.9826 ], [ 38.9582, 15.979 ], [ 38.9549, 15.982 ], [ 38.946, 15.9807 ], [ 38.9409, 15.9844 ], [ 38.9308, 15.9836 ], [ 38.9267, 15.9747 ], [ 38.9161, 15.9721 ], [ 38.9083, 15.9771 ], [ 38.9041, 15.9725 ], [ 38.8945, 15.9701 ], [ 38.863, 15.9784 ], [ 38.8616, 15.975 ], [ 38.8498, 15.9706 ], [ 38.8351, 15.9569 ], [ 38.8107, 15.9425 ], [ 38.7693, 15.9306 ], [ 38.7478, 15.9111 ], [ 38.7476, 15.9023 ], [ 38.7582, 15.8919 ], [ 38.7842, 15.8905 ], [ 38.7972, 15.8759 ], [ 38.8079, 15.8553 ], [ 38.8257, 15.8483 ], [ 38.8314, 15.8532 ], [ 38.8408, 15.8504 ], [ 38.839, 15.8413 ], [ 38.844, 15.838 ], [ 38.8392, 15.8193 ], [ 38.8161, 15.8076 ], [ 38.8136, 15.8024 ], [ 38.8315, 15.7797 ], [ 38.8441, 15.778 ], [ 38.8484, 15.7709 ], [ 38.8482, 15.764 ], [ 38.8408, 15.7556 ], [ 38.8497, 15.7457 ], [ 38.8587, 15.7419 ], [ 38.8448, 15.7374 ], [ 38.8525, 15.7307 ], [ 38.8612, 15.7148 ], [ 38.8633, 15.6957 ], [ 38.8702, 15.6833 ], [ 38.8692, 15.6739 ], [ 38.8739, 15.6644 ], [ 38.8685, 15.6507 ], [ 38.8691, 15.6411 ], [ 38.8615, 15.6337 ], [ 38.8658, 15.6212 ], [ 38.878, 15.6191 ], [ 38.8954, 15.6213 ], [ 38.9025, 15.6298 ], [ 38.9191, 15.6289 ], [ 38.9248, 15.6331 ], [ 38.9547, 15.6331 ], [ 38.9505, 15.6386 ], [ 38.9549, 15.6624 ], [ 38.9587, 15.664 ], [ 38.954, 15.6689 ], [ 38.9644, 15.6779 ], [ 38.9629, 15.6883 ], [ 38.9823, 15.6938 ], [ 38.9928, 15.7028 ], [ 39.0037, 15.7043 ], [ 39.0335, 15.7255 ], [ 39.0709, 15.7298 ], [ 39.1076, 15.7402 ], [ 39.1399, 15.7415 ], [ 39.1427, 15.7326 ], [ 39.1605, 15.7115 ], [ 39.2129, 15.6562 ], [ 39.2395, 15.6559 ], [ 39.2561, 15.6603 ], [ 39.2686, 15.6556 ], [ 39.277, 15.6456 ], [ 39.287, 15.6062 ], [ 39.2948, 15.6018 ], [ 39.3028, 15.6046 ], [ 39.3113, 15.6142 ], [ 39.3191, 15.647 ], [ 39.3203, 15.6723 ], [ 39.3373, 15.6902 ], [ 39.3448, 15.7167 ], [ 39.3615, 15.7315 ], [ 39.374, 15.7609 ], [ 39.4021, 15.7712 ], [ 39.4304, 15.7709 ] ] ] } },
{ "type": "Feature", "properties": { "iso3": "ERI", "unit_id": "17832035B52560181506533", "unit_name": "Afabet" }, "geometry": { "type": "MultiPolygon", "coordinates": [ [ [ [ 39.3171, 16.5017 ], [ 39.3191, 16.504 ], [ 39.3179, 16.5062 ], [ 39.3163, 16.5058 ], [ 39.3171, 16.5017 ] ] ], [ [ [ 39.1749, 16.5157 ], [ 39.1751, 16.5175 ], [ 39.1731, 16.516 ], [ 39.1749, 16.5157 ] ] ], [ [ [ 39.1661, 16.5222 ], [ 39.1674, 16.5242 ], [ 39.1663, 16.5297 ], [ 39.1632, 16.5259 ], [ 39.1661, 16.5222 ] ] ], [ [ [ 39.3309, 16.6117 ], [ 39.3209, 16.6171 ], [ 39.3191, 16.6203 ], [ 39.3179, 16.6122 ], [ 39.3268, 16.6066 ], [ 39.3309, 16.6117 ] ] ], [ [ [ 39.3234, 16.6204 ], [ 39.3288, 16.6162 ], [ 39.332, 16.6172 ], [ 39.3267, 16.6217 ], [ 39.3234, 16.6204 ] ] ], [ [ [ 39.2632, 16.0317 ], [ 39.2601, 16.0424 ], [ 39.2414, 16.0732 ], [ 39.2173, 16.1905 ], [ 39.2171, 16.2087 ], [ 39.2045, 16.248 ], [ 39.209, 16.2609 ], [ 39.2086, 16.2726 ], [ 39.1971, 16.2923 ], [ 39.1975, 16.3065 ], [ 39.2036, 16.3198 ], [ 39.2041, 16.3423 ], [ 39.1926, 16.364 ], [ 39.1949, 16.3809 ], [ 39.1872, 16.4091 ], [ 39.1885, 16.4166 ], [ 39.1941, 16.423 ], [ 39.1922, 16.4383 ], [ 39.1854, 16.4466 ], [ 39.1693, 16.4953 ], [ 39.1766, 16.5153 ], [ 39.1711, 16.5161 ], [ 39.1709, 16.5129 ], [ 39.1666, 16.5181 ], [ 39.1663, 16.506 ], [ 39.1603, 16.5025 ], [ 39.1521, 16.5177 ], [ 39.1561, 16.5201 ], [ 39.1582, 16.5161 ], [ 39.1589, 16.5247 ], [ 39.1469, 16.534 ], [ 39.1458, 16.5507 ], [ 39.1519, 16.5552 ], [ 39.1479, 16.5471 ], [ 39.1519, 16.5363 ], [ 39.1565, 16.5443 ], [ 39.1633, 16.5457 ], [ 39.1658, 16.5568 ], [ 39.1624, 16.5685 ], [ 39.151, 16.5768 ], [ 39.1512, 16.5883 ], [ 39.1444, 16.5893 ], [ 39.1382, 16.5988 ], [ 39.1409, 16.6104 ], [ 39.1364, 16.6173 ], [ 39.14, 16.6199 ], [ 39.1429, 16.6168 ], [ 39.1448, 16.6197 ], [ 39.1425, 16.6286 ], [ 39.1459, 16.6248 ], [ 39.1438, 16.6307 ], [ 39.1455, 16.6451 ], [ 39.152, 16.6282 ], [ 39.1531, 16.632 ], [ 39.1433, 16.6699 ], [ 39.1493, 16.6811 ], [ 39.1445, 16.6994 ], [ 39.1249, 16.734 ], [ 39.1246, 16.7581 ], [ 39.1183, 16.7711 ], [ 39.1188, 16.7792 ], [ 39.1011, 16.8039 ], [ 39.0967, 16.8321 ], [ 39.0919, 16.8382 ], [ 39.0863, 16.8572 ], [ 39.0659, 16.8923 ], [ 39.0597, 16.9299 ], [ 39.0554, 16.9381 ], [ 39.0442, 16.9272 ], [ 39.0084, 16.9306 ], [ 38.9859, 16.923 ], [ 38.9625, 16.9199 ], [ 38.9313, 16.9224 ], [ 38.9083, 16.9152 ], [ 38.8846, 16.9176 ], [ 38.8698, 16.9137 ], [ 38.7991, 16.9096 ], [ 38.7908, 16.9131 ], [ 38.7835, 16.9079 ], [ 38.7567, 16.8537 ], [ 38.7431, 16.8401 ], [ 38.725, 16.829 ], [ 38.7117, 16.8065 ], [ 38.6992, 16.7999 ], [ 38.6874, 16.7881 ], [ 38.6801, 16.7886 ], [ 38.671, 16.783 ], [ 38.6516, 16.7838 ], [ 38.6435, 16.778 ], [ 38.6184, 16.7736 ], [ 38.6047, 16.7654 ], [ 38.5849, 16.7664 ], [ 38.5776, 16.7631 ], [ 38.5533, 16.7223 ], [ 38.5486, 16.6922 ], [ 38.5503, 16.6857 ], [ 38.5428, 16.6643 ], [ 38.542, 16.6219 ], [ 38.5458, 16.6093 ], [ 38.5575, 16.6006 ], [ 38.5731, 16.5761 ], [ 38.5747, 16.5609 ], [ 38.5876, 16.5227 ], [ 38.5875, 16.4838 ], [ 38.5831, 16.4667 ], [ 38.5648, 16.4373 ], [ 38.5454, 16.435 ], [ 38.5145, 16.4218 ], [ 38.5, 16.4209 ], [ 38.4908, 16.424 ], [ 38.4592, 16.4214 ], [ 38.445, 16.4104 ], [ 38.4409, 16.4042 ], [ 38.4417, 16.3997 ], [ 38.4322, 16.3932 ], [ 38.4277, 16.386 ], [ 38.4482, 16.3863 ], [ 38.4524, 16.3744 ], [ 38.4584, 16.372 ], [ 38.4624, 16.3644 ], [ 38.4603, 16.3575 ], [ 38.4685, 16.3467 ], [ 38.4613, 16.3385 ], [ 38.4602, 16.3315 ], [ 38.4672, 16.3158 ], [ 38.4629, 16.3068 ], [ 38.4651, 16.3016 ], [ 38.4645, 16.2726 ], [ 38.4672, 16.2668 ], [ 38.4815, 16.2651 ], [ 38.4878, 16.2608 ], [ 38.4906, 16.241 ], [ 38.4814, 16.232 ], [ 38.487, 16.2175 ], [ 38.4816, 16.2057 ], [ 38.4979, 16.1874 ], [ 38.4935, 16.1771 ], [ 38.4825, 16.1692 ], [ 38.4792, 16.1537 ], [ 38.4724, 16.1425 ], [ 38.4749, 16.1373 ], [ 38.4655, 16.1281 ], [ 38.4662, 16.1132 ], [ 38.4548, 16.0945 ], [ 38.4728, 16.0845 ], [ 38.4725, 16.0524 ], [ 38.49, 16.0397 ], [ 38.4892, 16.0245 ], [ 38.4963, 16.013 ], [ 38.4915, 15.9947 ], [ 38.4675, 15.9779 ], [ 38.4885, 15.9627 ], [ 38.5138, 15.9664 ], [ 38.5437, 15.9409 ], [ 38.5621, 15.9066 ], [ 38.5651, 15.8946 ], [ 38.5726, 15.8917 ], [ 38.5859, 15.8967 ], [ 38.5973, 15.8872 ], [ 38.6083, 15.8859 ], [ 38.6158, 15.8726 ], [ 38.6323, 15.8717 ], [ 38.6392, 15.8782 ], [ 38.643, 15.875 ], [ 38.6487, 15.8882 ], [ 38.68, 15.8918 ], [ 38.6784, 15.885 ], [ 38.6862, 15.882 ], [ 38.6938, 15.8731 ], [ 38.7015, 15.8742 ], [ 38.7048, 15.8698 ], [ 38.7098, 15.8732 ], [ 38.7179, 15.8723 ], [ 38.7237, 15.8685 ], [ 38.7268, 15.8746 ], [ 38.7312, 15.8725 ], [ 38.7348, 15.886 ], [ 38.7508, 15.8974 ], [ 38.7476, 15.9023 ], [ 38.7478, 15.9111 ], [ 38.7593, 15.9242 ], [ 38.7822, 15.9361 ], [ 38.8107, 15.9425 ], [ 38.8351, 15.9569 ], [ 38.8498, 15.9706 ], [ 38.8616, 15.975 ], [ 38.863, 15.9784 ], [ 38.8945, 15.9701 ], [ 38.9041, 15.9725 ], [ 38.9083, 15.9771 ], [ 38.9161, 15.9721 ], [ 38.9267, 15.9747 ], [ 38.9308, 15.9836 ], [ 38.9409, 15.9844 ], [ 38.946, 15.9807 ], [ 38.9549, 15.982 ], [ 38.9582, 15.979 ], [ 38.9615, 15.9826 ], [ 38.9752, 15.9797 ], [ 38.9772, 15.9822 ], [ 38.9878, 15.9791 ], [ 38.9934, 15.972 ], [ 38.9988, 15.9707 ], [ 39.0243, 15.9801 ], [ 39.0452, 15.9801 ], [ 39.0671, 15.9731 ], [ 39.0887, 15.9726 ], [ 39.1127, 15.9789 ], [ 39.1454, 15.9993 ], [ 39.164, 16.0045 ], [ 39.1951, 16.0301 ], [ 39.2304, 16.0343 ], [ 39.2632, 16.0317 ] ] ] ] } },
{ "type": "Feature", "properties": { "iso3": "ERI", "unit_id": "17832035B73594493557879", "unit_name": "Nakfa" }, "geometry": { "type": "Polygon", "coordinates": [ [ [ 38.5849, 16.7664 ], [ 38.5724, 16.7918 ], [ 38.568, 16.833 ], [ 38.5601, 16.8559 ], [ 38.5341, 16.8841 ], [ 38.5229, 16.9077 ], [ 38.5053, 16.9562 ], [ 38.4968, 16.9714 ], [ 38.4902, 17.0043 ], [ 38.4774, 17.0326 ], [ 38.4707, 17.0776 ], [ 38.4591, 17.0953 ], [ 38.4513, 17.0981 ], [ 38.4404, 17.0941 ], [ 38.4282, 17.0849 ], [ 38.4204, 17.0724 ], [ 38.4106, 17.0687 ], [ 38.394, 17.0752 ], [ 38.379, 17.0727 ], [ 38.3503, 17.0603 ], [ 38.3295, 17.0448 ], [ 38.3031, 17.0348 ], [ 38.2659, 17.029 ], [ 38.2572, 17.0211 ], [ 38.2422, 17.0167 ], [ 38.2359, 17.0098 ], [ 38.2034, 17.0071 ], [ 38.1855, 16.9988 ], [ 38.1855, 16.9808 ], [ 38.1888, 16.9771 ], [ 38.1848, 16.9647 ], [ 38.1817, 16.9642 ], [ 38.1732, 16.973 ], [ 38.1646, 16.9591 ], [ 38.1493, 16.9556 ], [ 38.1477, 16.9478 ], [ 38.1429, 16.9436 ], [ 38.1338, 16.9422 ], [ 38.126, 16.9317 ], [ 38.1, 16.9341 ], [ 38.0781, 16.9272 ], [ 38.0702, 16.9158 ], [ 38.0583, 16.9134 ], [ 38.0478, 16.9049 ], [ 38.0327, 16.91 ], [ 38.0303, 16.9061 ], [ 38.0205, 16.9026 ], [ 38.0181, 16.9081 ], [ 38.0005, 16.908 ], [ 37.994, 16.9049 ], [ 37.9893, 16.8845 ], [ 37.9893, 16.854 ], [ 37.9855, 16.8467 ], [ 37.9898, 16.8263 ], [ 37.9896, 16.7801 ], [ 37.9828, 16.766 ], [ 37.9821, 16.7173 ], [ 37.9791, 16.6984 ], [ 37.9603, 16.6829 ], [ 37.9757, 16.6775 ], [ 37.99, 16.6602 ], [ 38.0, 16.6644 ], [ 38.0231, 16.6563 ], [ 38.045, 16.658 ], [ 38.0471, 16.6551 ], [ 38.0657, 16.6583 ], [ 38.0927, 16.6479 ], [ 38.1061, 16.6536 ], [ 38.1136, 16.6432 ], [ 38.125, 16.6463 ], [ 38.1356, 16.6452 ], [ 38.1431, 16.637 ], [ 38.1441, 16.6248 ], [ 38.1402, 16.6163 ], [ 38.148, 16.6117 ], [ 38.1921, 16.6253 ], [ 38.2079, 16.6259 ], [ 38.2296, 16.638 ], [ 38.2503, 16.6394 ], [ 38.2419, 16.6137 ], [ 38.2481, 16.6043 ], [ 38.2516, 16.603 ], [ 38.2602, 16.6073 ], [ 38.2937, 16.592 ], [ 38.3008, 16.5927 ], [ 38.3087, 16.5987 ], [ 38.3157, 16.5971 ], [ 38.3209, 16.5916 ], [ 38.3235, 16.582 ], [ 38.3124, 16.5644 ], [ 38.3085, 16.5512 ], [ 38.315, 16.5282 ], [ 38.2951, 16.5134 ], [ 38.2936, 16.5073 ], [ 38.2987, 16.496 ], [ 38.3126, 16.4807 ], [ 38.3424, 16.4704 ], [ 38.3517, 16.4726 ], [ 38.3577, 16.4443 ], [ 38.3552, 16.435 ], [ 38.327, 16.4019 ], [ 38.3263, 16.3958 ], [ 38.3329, 16.384 ], [ 38.3437, 16.3883 ], [ 38.3502, 16.3796 ], [ 38.3681, 16.3745 ], [ 38.3776, 16.3585 ], [ 38.3855, 16.3633 ], [ 38.3881, 16.3748 ], [ 38.3954, 16.3779 ], [ 38.3961, 16.3863 ], [ 38.408, 16.3858 ], [ 38.4125, 16.3823 ], [ 38.4195, 16.3885 ], [ 38.4277, 16.386 ], [ 38.4322, 16.3932 ], [ 38.4417, 16.3997 ], [ 38.4409, 16.4042 ], [ 38.445, 16.4104 ], [ 38.4592, 16.4214 ], [ 38.4908, 16.424 ], [ 38.5, 16.4209 ], [ 38.5145, 16.4218 ], [ 38.5454, 16.435 ], [ 38.5648, 16.4373 ], [ 38.5775, 16.4542 ], [ 38.5875, 16.4838 ], [ 38.5894, 16.5153 ], [ 38.5747, 16.5609 ], [ 38.5731, 16.5761 ], [ 38.5575, 16.6006 ], [ 38.5458, 16.6093 ], [ 38.5436, 16.6146 ], [ 38.5416, 16.653 ], [ 38.5503, 16.6857 ], [ 38.5486, 16.6922 ], [ 38.5533, 16.7223 ], [ 38.5776, 16.7631 ], [ 38.5849, 16.7664 ] ] ] } },
{ "type": "Feature", "properties": { "iso3": "ERI", "unit_id": "17832035B541234347549", "unit_name": "Karura" }, "geometry": { "type": "MultiPolygon", "coordinates": [ [ [ [ 38.6138, 17.9316 ], [ 38.616, 17.9336 ], [ 38.6133, 17.9341 ], [ 38.6138, 17.9316 ] ] ], [ [ [ 38.6166, 17.9355 ], [ 38.6129, 17.9412 ], [ 38.6132, 17.9351 ], [ 38.6166, 17.9355 ] ] ], [ [ [ 38.6081, 17.9482 ], [ 38.6078, 17.9442 ], [ 38.6109, 17.9433 ], [ 38.6107, 17.9456 ], [ 38.6081, 17.9482 ] ] ], [ [ [ 39.0554, 16.9381 ], [ 39.0543, 16.9515 ], [ 39.0431, 16.9766 ], [ 39.0418, 17.0037 ], [ 39.0249, 17.0484 ], [ 39.0148, 17.0972 ], [ 39.0083, 17.1113 ], [ 39.0057, 17.1287 ], [ 38.9995, 17.1393 ], [ 38.9974, 17.1934 ], [ 38.9716, 17.2194 ], [ 38.9668, 17.2749 ], [ 38.9567, 17.3067 ], [ 38.9429, 17.3248 ], [ 38.9396, 17.3705 ], [ 38.9153, 17.4326 ], [ 38.8899, 17.4836 ], [ 38.8633, 17.5159 ], [ 38.8518, 17.559 ], [ 38.846, 17.5651 ], [ 38.8381, 17.5846 ], [ 38.8242, 17.6014 ], [ 38.8234, 17.6097 ], [ 38.8256, 17.6084 ], [ 38.8191, 17.6204 ], [ 38.8081, 17.6319 ], [ 38.8069, 17.6275 ], [ 38.8023, 17.6284 ], [ 38.806, 17.6361 ], [ 38.7988, 17.6355 ], [ 38.8036, 17.6417 ], [ 38.7992, 17.6502 ], [ 38.7666, 17.6892 ], [ 38.738, 17.7348 ], [ 38.7254, 17.742 ], [ 38.7277, 17.7488 ], [ 38.7216, 17.7607 ], [ 38.7003, 17.779 ], [ 38.6733, 17.8196 ], [ 38.665, 17.8402 ], [ 38.6464, 17.8694 ], [ 38.6454, 17.8928 ], [ 38.6418, 17.9051 ], [ 38.6321, 17.9184 ], [ 38.6146, 17.9186 ], [ 38.6139, 17.9246 ], [ 38.6153, 17.9265 ], [ 38.6188, 17.9229 ], [ 38.6181, 17.929 ], [ 38.6054, 17.9264 ], [ 38.6056, 17.9352 ], [ 38.6021, 17.936 ], [ 38.5991, 17.9551 ], [ 38.5938, 17.9568 ], [ 38.5965, 17.9628 ], [ 38.5886, 17.9635 ], [ 38.5872, 17.9686 ], [ 38.5819, 17.9685 ], [ 38.5766, 17.9742 ], [ 38.5722, 17.9813 ], [ 38.5761, 17.9868 ], [ 38.5683, 17.9879 ], [ 38.5667, 17.9908 ], [ 38.5661, 18.0048 ], [ 38.4788, 17.9255 ], [ 38.4524, 17.8973 ], [ 38.392, 17.7699 ], [ 38.3878, 17.7358 ], [ 38.3645, 17.6921 ], [ 38.3618, 17.6794 ], [ 38.353, 17.6674 ], [ 38.3505, 17.6546 ], [ 38.334, 17.6582 ], [ 38.3147, 17.6463 ], [ 38.3017, 17.647 ], [ 38.2896, 17.6389 ], [ 38.2811, 17.6389 ], [ 38.2772, 17.6223 ], [ 38.2789, 17.61 ], [ 38.2759, 17.6067 ], [ 38.2644, 17.6046 ], [ 38.2667, 17.5863 ], [ 38.2631, 17.5663 ], [ 38.2513, 17.5539 ], [ 38.2637, 17.5019 ], [ 38.2624, 17.4769 ], [ 38.2665, 17.4619 ], [ 38.2682, 17.4321 ], [ 38.2724, 17.4109 ], [ 38.2845, 17.3909 ], [ 38.2876, 17.3511 ], [ 38.2945, 17.3324 ], [ 38.3018, 17.2664 ], [ 38.3264, 17.1978 ], [ 38.3256, 17.1875 ], [ 38.3183, 17.1811 ], [ 38.3124, 17.1469 ], [ 38.2995, 17.1133 ], [ 38.3024, 17.0959 ], [ 38.3295, 17.0448 ], [ 38.3503, 17.0603 ], [ 38.379, 17.0727 ], [ 38.394, 17.0752 ], [ 38.4106, 17.0687 ], [ 38.4204, 17.0724 ], [ 38.4282, 17.0849 ], [ 38.4404, 17.0941 ], [ 38.4513, 17.0981 ], [ 38.4591, 17.0953 ], [ 38.4707, 17.0776 ], [ 38.4774, 17.0326 ], [ 38.4902, 17.0043 ], [ 38.4968, 16.9714 ], [ 38.5053, 16.9562 ], [ 38.5177, 16.9199 ], [ 38.5341, 16.8841 ], [ 38.5601, 16.8559 ], [ 38.568, 16.833 ], [ 38.5724, 16.7918 ], [ 38.5849, 16.7664 ], [ 38.5944, 16.7642 ], [ 38.6095, 16.7668 ], [ 38.6184, 16.7736 ], [ 38.6319, 16.7776 ], [ 38.6435, 16.778 ], [ 38.6516, 16.7838 ], [ 38.671, 16.783 ], [ 38.6801, 16.7886 ], [ 38.6842, 16.7865 ], [ 38.6992, 16.7999 ], [ 38.7117, 16.8065 ], [ 38.725, 16.829 ], [ 38.7431, 16.8401 ], [ 38.7567, 16.8537 ], [ 38.7835, 16.9079 ], [ 38.7908, 16.9131 ], [ 38.7991, 16.9096 ], [ 38.8698, 16.9137 ], [ 38.8846, 16.9176 ], [ 38.9083, 16.9152 ], [ 38.9313, 16.9224 ], [ 38.9625, 16.9199 ], [ 38.9859, 16.923 ], [ 39.0084, 16.9306 ], [ 39.0442, 16.9272 ], [ 39.0554, 16.9381 ] ] ] ] } },
{ "type": "Feature", "properties": { "iso3": "ERI", "unit_id": "17832035B42865325550916", "unit_name": "Adobha" }, "geometry": { "type": "Polygon", "coordinates": [ [ [ 38.3295, 17.0448 ], [ 38.3024, 17.0959 ], [ 38.2995, 17.1133 ], [ 38.3124, 17.1469 ], [ 38.3183, 17.1811 ], [ 38.3256, 17.1875 ], [ 38.3264, 17.1978 ], [ 38.3018, 17.2664 ], [ 38.2945, 17.3324 ], [ 38.2876, 17.3511 ], [ 38.2845, 17.3909 ], [ 38.2724, 17.4109 ], [ 38.2624, 17.4769 ], [ 38.2637, 17.5019 ], [ 38.2513, 17.5539 ], [ 38.2379, 17.5497 ], [ 38.2201, 17.5577 ], [ 38.2179, 17.5642 ], [ 38.2104, 17.5645 ], [ 38.2025, 17.5528 ], [ 38.1959, 17.5519 ], [ 38.1843, 17.5771 ], [ 38.1776, 17.5845 ], [ 38.1717, 17.5863 ], [ 38.1559, 17.5832 ], [ 38.1434, 17.5731 ], [ 38.1351, 17.5732 ], [ 38.1325, 17.5794 ], [ 38.1274, 17.5749 ], [ 38.125, 17.5762 ], [ 38.121, 17.5694 ], [ 38.1062, 17.5649 ], [ 38.104, 17.5521 ], [ 38.0982, 17.5445 ], [ 38.0997, 17.5243 ], [ 38.0976, 17.517 ], [ 38.0931, 17.514 ], [ 38.0913, 17.5215 ], [ 38.0771, 17.5291 ], [ 38.0715, 17.5376 ], [ 38.0672, 17.5551 ], [ 38.058, 17.5723 ], [ 38.0563, 17.5672 ], [ 38.0403, 17.5624 ], [ 38.0393, 17.5528 ], [ 38.0302, 17.5461 ], [ 38.0206, 17.5489 ], [ 38.0094, 17.5634 ], [ 38.0005, 17.5661 ], [ 37.9847, 17.5554 ], [ 37.9848, 17.5317 ], [ 37.9711, 17.5088 ], [ 37.9703, 17.505 ], [ 37.9765, 17.4979 ], [ 37.9743, 17.4935 ], [ 37.9776, 17.4871 ], [ 37.9698, 17.4835 ], [ 37.9638, 17.4743 ], [ 37.9585, 17.4739 ], [ 37.9527, 17.4668 ], [ 37.9278, 17.4662 ], [ 37.9021, 17.4533 ], [ 37.8768, 17.4484 ], [ 37.8999, 17.3823 ], [ 37.8978, 17.3425 ], [ 37.9144, 17.2939 ], [ 37.9146, 17.2752 ], [ 37.9109, 17.2554 ], [ 37.8941, 17.2243 ], [ 37.8667, 17.1933 ], [ 37.8603, 17.1772 ], [ 37.8516, 17.1324 ], [ 37.8518, 17.115 ], [ 37.8697, 17.0689 ], [ 37.8808, 17.0253 ], [ 37.881, 17.0091 ], [ 37.872, 16.988 ], [ 37.8697, 16.9681 ], [ 37.8729, 16.9208 ], [ 37.881, 16.9071 ], [ 37.9077, 16.8933 ], [ 37.9224, 16.8783 ], [ 37.9348, 16.8385 ], [ 37.9416, 16.826 ], [ 37.972, 16.8209 ], [ 37.9898, 16.8263 ], [ 37.9855, 16.8467 ], [ 37.9893, 16.854 ], [ 37.9893, 16.8845 ], [ 37.994, 16.9049 ], [ 38.0005, 16.908 ], [ 38.0181, 16.9081 ], [ 38.0205, 16.9026 ], [ 38.0303, 16.9061 ], [ 38.0327, 16.91 ], [ 38.0478, 16.9049 ], [ 38.0583, 16.9134 ], [ 38.0702, 16.9158 ], [ 38.0781, 16.9272 ], [ 38.1, 16.9341 ], [ 38.126, 16.9317 ], [ 38.1338, 16.9422 ], [ 38.1429, 16.9436 ], [ 38.1477, 16.9478 ], [ 38.1493, 16.9556 ], [ 38.1646, 16.9591 ], [ 38.1732, 16.973 ], [ 38.1817, 16.9642 ], [ 38.1848, 16.9647 ], [ 38.1888, 16.9771 ], [ 38.1855, 16.9808 ], [ 38.1855, 16.9988 ], [ 38.2034, 17.0071 ], [ 38.2359, 17.0098 ], [ 38.2422, 17.0167 ], [ 38.2572, 17.0211 ], [ 38.2659, 17.029 ], [ 38.3031, 17.0348 ], [ 38.3295, 17.0448 ] ] ] } },
{ "type": "Feature", "properties": { "iso3": "ERI", "unit_id": "17832035B95879379687149", "unit_name": "Adi Tekeliezan" }, "geometry": { "type": "Polygon", "coordinates": [ [ [ 38.8916, 15.5677 ], [ 38.8885, 15.5731 ], [ 38.8886, 15.5845 ], [ 38.8682, 15.6065 ], [ 38.8615, 15.6337 ], [ 38.8691, 15.6411 ], [ 38.8685, 15.6507 ], [ 38.8739, 15.6644 ], [ 38.8692, 15.6739 ], [ 38.8702, 15.6833 ], [ 38.8633, 15.6957 ], [ 38.8209, 15.6995 ], [ 38.8004, 15.7075 ], [ 38.7866, 15.7088 ], [ 38.7512, 15.7039 ], [ 38.7332, 15.7077 ], [ 38.7122, 15.7067 ], [ 38.649, 15.6675 ], [ 38.6486, 15.6637 ], [ 38.6554, 15.6605 ], [ 38.6582, 15.6459 ], [ 38.6661, 15.6415 ], [ 38.6646, 15.6306 ], [ 38.6733, 15.6239 ], [ 38.6704, 15.6178 ], [ 38.6722, 15.6124 ], [ 38.684, 15.6059 ], [ 38.6839, 15.5996 ], [ 38.6809, 15.598 ], [ 38.6861, 15.5877 ], [ 38.6936, 15.592 ], [ 38.6972, 15.578 ], [ 38.7047, 15.5761 ], [ 38.7168, 15.5621 ], [ 38.7182, 15.5391 ], [ 38.714, 15.5364 ], [ 38.7132, 15.5297 ], [ 38.7157, 15.5237 ], [ 38.7237, 15.5203 ], [ 38.7282, 15.5223 ], [ 38.7414, 15.52 ], [ 38.7399, 15.5149 ], [ 38.7463, 15.5138 ], [ 38.7481, 15.5101 ], [ 38.7523, 15.5134 ], [ 38.759, 15.5073 ], [ 38.7662, 15.5067 ], [ 38.7722, 15.5169 ], [ 38.777, 15.5173 ], [ 38.7768, 15.5224 ], [ 38.782, 15.5218 ], [ 38.7804, 15.5268 ], [ 38.7861, 15.523 ], [ 38.7891, 15.5294 ], [ 38.7934, 15.5263 ], [ 38.807, 15.5336 ], [ 38.8261, 15.5294 ], [ 38.8359, 15.5399 ], [ 38.8377, 15.5498 ], [ 38.8353, 15.5614 ], [ 38.8455, 15.5715 ], [ 38.8567, 15.556 ], [ 38.8636, 15.5532 ], [ 38.8709, 15.5538 ], [ 38.8819, 15.5663 ], [ 38.8916, 15.5677 ] ] ] } },
{ "type": "Feature", "properties": { "iso3": "ERI", "unit_id": "17832035B48462493188113", "unit_name": "Elabered" }, "geometry": { "type": "Polygon", "coordinates": [ [ [ 38.7866, 15.7088 ], [ 38.7737, 15.7178 ], [ 38.7555, 15.7169 ], [ 38.7378, 15.7207 ], [ 38.7093, 15.7523 ], [ 38.6806, 15.7521 ], [ 38.67, 15.7583 ], [ 38.6314, 15.7655 ], [ 38.5966, 15.7867 ], [ 38.5967, 15.801 ], [ 38.5916, 15.809 ], [ 38.5802, 15.8155 ], [ 38.554, 15.8193 ], [ 38.5145, 15.8108 ], [ 38.4882, 15.8108 ], [ 38.4881, 15.7812 ], [ 38.4658, 15.7729 ], [ 38.4469, 15.7548 ], [ 38.4143, 15.7078 ], [ 38.3834, 15.677 ], [ 38.3785, 15.6641 ], [ 38.3937, 15.6645 ], [ 38.4319, 15.6569 ], [ 38.4259, 15.6395 ], [ 38.4282, 15.6353 ], [ 38.4873, 15.6328 ], [ 38.4955, 15.6285 ], [ 38.5155, 15.5957 ], [ 38.5209, 15.5404 ], [ 38.5269, 15.5522 ], [ 38.5343, 15.558 ], [ 38.5452, 15.5573 ], [ 38.5564, 15.5653 ], [ 38.5873, 15.564 ], [ 38.5949, 15.558 ], [ 38.6009, 15.5646 ], [ 38.5926, 15.5796 ], [ 38.5995, 15.5836 ], [ 38.6336, 15.5881 ], [ 38.648, 15.5827 ], [ 38.6715, 15.5817 ], [ 38.6861, 15.5877 ], [ 38.6809, 15.598 ], [ 38.6839, 15.5996 ], [ 38.684, 15.6059 ], [ 38.6722, 15.6124 ], [ 38.6704, 15.6178 ], [ 38.6733, 15.6239 ], [ 38.6646, 15.6306 ], [ 38.6661, 15.6415 ], [ 38.6582, 15.6459 ], [ 38.6554, 15.6605 ], [ 38.6486, 15.6637 ], [ 38.649, 15.6675 ], [ 38.7122, 15.7067 ], [ 38.7332, 15.7077 ], [ 38.7512, 15.7039 ], [ 38.7866, 15.7088 ] ] ] } },
{ "type": "Feature", "properties": { "iso3": "ERI", "unit_id": "17832035B10411921886762", "unit_name": "Gheleb" }, "geometry": { "type": "Polygon", "coordinates": [ [ [ 38.7508, 15.8974 ], [ 38.7348, 15.886 ], [ 38.7312, 15.8725 ], [ 38.7268, 15.8746 ], [ 38.7237, 15.8685 ], [ 38.7179, 15.8723 ], [ 38.7098, 15.8732 ], [ 38.7048, 15.8698 ], [ 38.7015, 15.8742 ], [ 38.6938, 15.8731 ], [ 38.6862, 15.882 ], [ 38.6784, 15.885 ], [ 38.68, 15.8918 ], [ 38.6487, 15.8882 ], [ 38.643, 15.875 ], [ 38.6392, 15.8782 ], [ 38.6323, 15.8717 ], [ 38.6158, 15.8726 ], [ 38.6083, 15.8859 ], [ 38.5973, 15.8872 ], [ 38.5859, 15.8967 ], [ 38.5785, 15.8948 ], [ 38.5467, 15.8612 ], [ 38.5492, 15.8491 ], [ 38.5679, 15.8285 ], [ 38.5762, 15.8272 ], [ 38.6024, 15.8125 ], [ 38.5967, 15.801 ], [ 38.5966, 15.7867 ], [ 38.6314, 15.7655 ], [ 38.67, 15.7583 ], [ 38.6806, 15.7521 ], [ 38.7093, 15.7523 ], [ 38.7256, 15.7321 ], [ 38.7434, 15.7184 ], [ 38.7737, 15.7178 ], [ 38.7866, 15.7088 ], [ 38.8004, 15.7075 ], [ 38.8209, 15.6995 ], [ 38.8633, 15.6957 ], [ 38.8612, 15.7148 ], [ 38.8525, 15.7307 ], [ 38.8448, 15.7374 ], [ 38.8587, 15.7419 ], [ 38.8497, 15.7457 ], [ 38.8408, 15.7556 ], [ 38.8482, 15.764 ], [ 38.8484, 15.7709 ], [ 38.8416, 15.7795 ], [ 38.8315, 15.7797 ], [ 38.8136, 15.8024 ], [ 38.8161, 15.8076 ], [ 38.8392, 15.8193 ], [ 38.844, 15.838 ], [ 38.839, 15.8413 ], [ 38.8408, 15.8504 ], [ 38.8314, 15.8532 ], [ 38.8257, 15.8483 ], [ 38.8079, 15.8553 ], [ 38.7972, 15.8759 ], [ 38.7842, 15.8905 ], [ 38.7582, 15.8919 ], [ 38.7508, 15.8974 ] ] ] } },
{ "type": "Feature", "properties": { "iso3": "ERI", "unit_id": "17832035B61456845682971", "unit_name": "Keren" }, "geometry": { "type": "Polygon", "coordinates": [ [ [ 38.4882, 15.8108 ], [ 38.4808, 15.8334 ], [ 38.4247, 15.8189 ], [ 38.4132, 15.8241 ], [ 38.4006, 15.8348 ], [ 38.3782, 15.8364 ], [ 38.3583, 15.8489 ], [ 38.3388, 15.8322 ], [ 38.3442, 15.7981 ], [ 38.3905, 15.7914 ], [ 38.4012, 15.7839 ], [ 38.4107, 15.7678 ], [ 38.4267, 15.765 ], [ 38.4469, 15.7548 ], [ 38.4658, 15.7729 ], [ 38.4881, 15.7812 ], [ 38.4882, 15.8108 ] ] ] } },
{ "type": "Feature", "properties": { "iso3": "ERI", "unit_id": "17832035B26192844515909", "unit_name": "Hagaz" }, "geometry": { "type": "Polygon", "coordinates": [ [ [ 38.4469, 15.7548 ], [ 38.4267, 15.765 ], [ 38.4107, 15.7678 ], [ 38.4012, 15.7839 ], [ 38.3905, 15.7914 ], [ 38.3442, 15.7981 ], [ 38.3388, 15.8322 ], [ 38.3583, 15.8489 ], [ 38.3294, 15.847 ], [ 38.3171, 15.8512 ], [ 38.3017, 15.85 ], [ 38.2653, 15.8658 ], [ 38.2466, 15.8623 ], [ 38.2318, 15.8635 ], [ 38.2202, 15.8686 ], [ 38.2074, 15.8836 ], [ 38.1993, 15.8842 ], [ 38.192, 15.8905 ], [ 38.1719, 15.8964 ], [ 38.148, 15.8986 ], [ 38.116, 15.9162 ], [ 38.0988, 15.9308 ], [ 38.0791, 15.9347 ], [ 38.0549, 15.9575 ], [ 38.0465, 15.9704 ], [ 38.0297, 15.9271 ], [ 38.026, 15.869 ], [ 38.0294, 15.8542 ], [ 38.0276, 15.8284 ], [ 38.0222, 15.8087 ], [ 38.0156, 15.8049 ], [ 38.018, 15.8013 ], [ 38.0138, 15.7911 ], [ 38.0194, 15.7687 ], [ 38.0252, 15.757 ], [ 38.0428, 15.7497 ], [ 38.0578, 15.7554 ], [ 38.0644, 15.7622 ], [ 38.0777, 15.7601 ], [ 38.0846, 15.7668 ], [ 38.1043, 15.761 ], [ 38.1162, 15.7692 ], [ 38.1218, 15.7709 ], [ 38.1272, 15.7684 ], [ 38.1424, 15.7513 ], [ 38.1596, 15.739 ], [ 38.1722, 15.7224 ], [ 38.1825, 15.6966 ], [ 38.1785, 15.6815 ], [ 38.1694, 15.6648 ], [ 38.1702, 15.6539 ], [ 38.1749, 15.6474 ], [ 38.1764, 15.6371 ], [ 38.186, 15.6289 ], [ 38.1931, 15.6167 ], [ 38.2297, 15.6317 ], [ 38.2505, 15.6229 ], [ 38.277, 15.6272 ], [ 38.2914, 15.6216 ], [ 38.2943, 15.613 ], [ 38.3185, 15.6184 ], [ 38.3306, 15.6149 ], [ 38.3434, 15.6058 ], [ 38.3697, 15.598 ], [ 38.3968, 15.5798 ], [ 38.4168, 15.5601 ], [ 38.4395, 15.548 ], [ 38.4719, 15.5491 ], [ 38.4755, 15.5513 ], [ 38.476, 15.5584 ], [ 38.5071, 15.5461 ], [ 38.5143, 15.5388 ], [ 38.5209, 15.5404 ], [ 38.5155, 15.5957 ], [ 38.4955, 15.6285 ], [ 38.4873, 15.6328 ], [ 38.4282, 15.6353 ], [ 38.4259, 15.6395 ], [ 38.4319, 15.6569 ], [ 38.3937, 15.6645 ], [ 38.3785, 15.6641 ], [ 38.3834, 15.677 ], [ 38.4143, 15.7078 ], [ 38.4469, 15.7548 ] ] ] } },
{ "type": "Feature", "properties": { "iso3": "ERI", "unit_id": "17832035B95464177608968", "unit_name": "Halhal" }, "geometry": { "type": "Polygon", "coordinates": [ [ [ 38.3171, 15.8512 ], [ 38.311, 15.9225 ], [ 38.3182, 15.9823 ], [ 38.3415, 16.0103 ], [ 38.3671, 16.0263 ], [ 38.3637, 16.0381 ], [ 38.3541, 16.0463 ], [ 38.3579, 16.0509 ], [ 38.3535, 16.0533 ], [ 38.3577, 16.0562 ], [ 38.3464, 16.0617 ], [ 38.3462, 16.0749 ], [ 38.3311, 16.083 ], [ 38.3332, 16.0905 ], [ 38.3258, 16.1037 ], [ 38.3225, 16.128 ], [ 38.3097, 16.1317 ], [ 38.3045, 16.1469 ], [ 38.2804, 16.1817 ], [ 38.2777, 16.1999 ], [ 38.267, 16.1996 ], [ 38.2671, 16.2102 ], [ 38.2634, 16.2118 ], [ 38.2284, 16.175 ], [ 38.164, 16.1533 ], [ 38.1404, 16.1382 ], [ 38.133, 16.1369 ], [ 38.1309, 16.1165 ], [ 38.1055, 16.0996 ], [ 38.0998, 16.0913 ], [ 38.102, 16.0829 ], [ 38.115, 16.0648 ], [ 38.1158, 16.0587 ], [ 38.0789, 16.0352 ], [ 38.069, 16.0096 ], [ 38.0532, 15.9867 ], [ 38.0465, 15.9704 ], [ 38.0549, 15.9575 ], [ 38.0791, 15.9347 ], [ 38.0988, 15.9308 ], [ 38.116, 15.9162 ], [ 38.148, 15.8986 ], [ 38.1719, 15.8964 ], [ 38.192, 15.8905 ], [ 38.1993, 15.8842 ], [ 38.2074, 15.8836 ], [ 38.2202, 15.8686 ], [ 38.2318, 15.8635 ], [ 38.2466, 15.8623 ], [ 38.2653, 15.8658 ], [ 38.3017, 15.85 ], [ 38.3171, 15.8512 ] ] ] } },
{ "type": "Feature", "properties": { "iso3": "ERI", "unit_id": "17832035B41678814607890", "unit_name": "Habero" }, "geometry": { "type": "Polygon", "coordinates": [ [ [ 38.4482, 16.3863 ], [ 38.4195, 16.3885 ], [ 38.4125, 16.3823 ], [ 38.408, 16.3858 ], [ 38.3961, 16.3863 ], [ 38.3954, 16.3779 ], [ 38.3881, 16.3748 ], [ 38.3855, 16.3633 ], [ 38.3776, 16.3585 ], [ 38.3681, 16.3745 ], [ 38.3502, 16.3796 ], [ 38.3437, 16.3883 ], [ 38.3353, 16.3833 ], [ 38.3289, 16.3886 ], [ 38.327, 16.4019 ], [ 38.3552, 16.435 ], [ 38.3577, 16.4443 ], [ 38.3517, 16.4726 ], [ 38.3424, 16.4704 ], [ 38.3126, 16.4807 ], [ 38.2987, 16.496 ], [ 38.2936, 16.5073 ], [ 38.2951, 16.5134 ], [ 38.315, 16.5282 ], [ 38.3085, 16.5512 ], [ 38.3124, 16.5644 ], [ 38.3235, 16.582 ], [ 38.3209, 16.5916 ], [ 38.3157, 16.5971 ], [ 38.3087, 16.5987 ], [ 38.3008, 16.5927 ], [ 38.2937, 16.592 ], [ 38.2602, 16.6073 ], [ 38.2516, 16.603 ], [ 38.2481, 16.6043 ], [ 38.2419, 16.6137 ], [ 38.2503, 16.6394 ], [ 38.2296, 16.638 ], [ 38.2079, 16.6259 ], [ 38.1921, 16.6253 ], [ 38.148, 16.6117 ], [ 38.1402, 16.6163 ], [ 38.1441, 16.6248 ], [ 38.1431, 16.637 ], [ 38.1356, 16.6452 ], [ 38.125, 16.6463 ], [ 38.1136, 16.6432 ], [ 38.1061, 16.6536 ], [ 38.0927, 16.6479 ], [ 38.0657, 16.6583 ], [ 38.0471, 16.6551 ], [ 38.0585, 16.6416 ], [ 38.0588, 16.6364 ], [ 38.0683, 16.6341 ], [ 38.0711, 16.6218 ], [ 38.0678, 16.6193 ], [ 38.0694, 16.6073 ], [ 38.0748, 16.6002 ], [ 38.0714, 16.5873 ], [ 38.0848, 16.5702 ], [ 38.0823, 16.5616 ], [ 38.0887, 16.5483 ], [ 38.0904, 16.5268 ], [ 38.0986, 16.5234 ], [ 38.1005, 16.5149 ], [ 38.1125, 16.5037 ], [ 38.1228, 16.5001 ], [ 38.1296, 16.4917 ], [ 38.1305, 16.4757 ], [ 38.1392, 16.4654 ], [ 38.1408, 16.4561 ], [ 38.1491, 16.4516 ], [ 38.1578, 16.4379 ], [ 38.1701, 16.4267 ], [ 38.1736, 16.4131 ], [ 38.1714, 16.403 ], [ 38.1768, 16.3896 ], [ 38.1856, 16.3833 ], [ 38.1972, 16.3545 ], [ 38.2089, 16.349 ], [ 38.2108, 16.3417 ], [ 38.208, 16.332 ], [ 38.2113, 16.324 ], [ 38.2039, 16.301 ], [ 38.2071, 16.2874 ], [ 38.2268, 16.2648 ], [ 38.2454, 16.2623 ], [ 38.2497, 16.2544 ], [ 38.2496, 16.2427 ], [ 38.2578, 16.2328 ], [ 38.2587, 16.2198 ], [ 38.256, 16.2159 ], [ 38.2671, 16.2102 ], [ 38.267, 16.1996 ], [ 38.2777, 16.1999 ], [ 38.2804, 16.1817 ], [ 38.3045, 16.1469 ], [ 38.3097, 16.1317 ], [ 38.3225, 16.128 ], [ 38.3258, 16.1037 ], [ 38.3332, 16.0905 ], [ 38.3311, 16.083 ], [ 38.3462, 16.0749 ], [ 38.3464, 16.0617 ], [ 38.3577, 16.0562 ], [ 38.3535, 16.0533 ], [ 38.3579, 16.0509 ], [ 38.3541, 16.0463 ], [ 38.3637, 16.0381 ], [ 38.3671, 16.0263 ], [ 38.3781, 16.029 ], [ 38.3812, 16.0245 ], [ 38.3911, 16.0206 ], [ 38.3887, 16.0136 ], [ 38.3926, 16.0043 ], [ 38.391, 15.9987 ], [ 38.3945, 15.9945 ], [ 38.3924, 15.9847 ], [ 38.3988, 15.9754 ], [ 38.4059, 15.9737 ], [ 38.4117, 15.9566 ], [ 38.4088, 15.949 ], [ 38.4182, 15.9457 ], [ 38.4179, 15.9392 ], [ 38.4254, 15.9379 ], [ 38.4233, 15.9342 ], [ 38.4254, 15.9316 ], [ 38.4327, 15.9384 ], [ 38.4443, 15.9693 ], [ 38.4675, 15.9779 ], [ 38.4915, 15.9947 ], [ 38.4963, 16.013 ], [ 38.4892, 16.0245 ], [ 38.49, 16.0397 ], [ 38.4725, 16.0524 ], [ 38.4728, 16.0845 ], [ 38.4548, 16.0945 ], [ 38.4662, 16.1132 ], [ 38.4655, 16.1281 ], [ 38.4749, 16.1373 ], [ 38.4724, 16.1425 ], [ 38.4792, 16.1537 ], [ 38.4825, 16.1692 ], [ 38.4935, 16.1771 ], [ 38.4979, 16.1874 ], [ 38.4816, 16.2057 ], [ 38.487, 16.2175 ], [ 38.4814, 16.232 ], [ 38.4906, 16.241 ], [ 38.4878, 16.2608 ], [ 38.4815, 16.2651 ], [ 38.4672, 16.2668 ], [ 38.4645, 16.2726 ], [ 38.4651, 16.3016 ], [ 38.4629, 16.3068 ], [ 38.4672, 16.3158 ], [ 38.4602, 16.3315 ], [ 38.4613, 16.3385 ], [ 38.4685, 16.3467 ], [ 38.4603, 16.3575 ], [ 38.4624, 16.3644 ], [ 38.4584, 16.372 ], [ 38.4524, 16.3744 ], [ 38.4482, 16.3863 ] ] ] } },
{ "type": "Feature", "properties": { "iso3": "ERI", "unit_id": "17832035B69127643272407", "unit_name": "Asmat" }, "geometry": { "type": "Polygon", "coordinates": [ [ [ 37.9827, 16.7383 ], [ 37.9548, 16.7285 ], [ 37.9148, 16.7292 ], [ 37.9003, 16.7247 ], [ 37.8821, 16.7313 ], [ 37.8508, 16.7257 ], [ 37.8338, 16.7168 ], [ 37.8124, 16.6908 ], [ 37.787, 16.6739 ], [ 37.771, 16.6517 ], [ 37.7665, 16.6343 ], [ 37.7573, 16.62 ], [ 37.7566, 16.608 ], [ 37.7697, 16.5845 ], [ 37.7717, 16.5733 ], [ 37.7433, 16.5292 ], [ 37.7744, 16.5133 ], [ 37.8159, 16.4738 ], [ 37.8231, 16.4561 ], [ 37.8363, 16.4449 ], [ 37.8237, 16.4236 ], [ 37.7993, 16.4012 ], [ 37.765, 16.3812 ], [ 37.7556, 16.3604 ], [ 37.7459, 16.3471 ], [ 37.7734, 16.3168 ], [ 37.8045, 16.298 ], [ 37.8176, 16.2806 ], [ 37.7962, 16.2635 ], [ 37.7933, 16.2559 ], [ 37.7947, 16.2344 ], [ 37.8128, 16.2199 ], [ 37.7761, 16.1958 ], [ 37.7844, 16.1807 ], [ 37.7672, 16.1758 ], [ 37.758, 16.1677 ], [ 37.7487, 16.1273 ], [ 37.7534, 16.1123 ], [ 37.8073, 16.1328 ], [ 37.8205, 16.1246 ], [ 37.8489, 16.1249 ], [ 37.8685, 16.1139 ], [ 37.8734, 16.1081 ], [ 37.8881, 16.0726 ], [ 37.9161, 16.0532 ], [ 37.9322, 16.0467 ], [ 37.9557, 16.0468 ], [ 37.9657, 16.0373 ], [ 37.9988, 16.0311 ], [ 38.0269, 16.0204 ], [ 38.0412, 16.0091 ], [ 38.0539, 16.0077 ], [ 38.0634, 16.0022 ], [ 38.0789, 16.0352 ], [ 38.1158, 16.0587 ], [ 38.115, 16.0648 ], [ 38.102, 16.0829 ], [ 38.0998, 16.0913 ], [ 38.1055, 16.0996 ], [ 38.1309, 16.1165 ], [ 38.133, 16.1369 ], [ 38.1404, 16.1382 ], [ 38.164, 16.1533 ], [ 38.2284, 16.175 ], [ 38.2634, 16.2118 ], [ 38.256, 16.2159 ], [ 38.2587, 16.2198 ], [ 38.2578, 16.2328 ], [ 38.2496, 16.2427 ], [ 38.2497, 16.2544 ], [ 38.2454, 16.2623 ], [ 38.2268, 16.2648 ], [ 38.2071, 16.2874 ], [ 38.2039, 16.301 ], [ 38.2113, 16.324 ], [ 38.208, 16.332 ], [ 38.2108, 16.3417 ], [ 38.2057, 16.3523 ], [ 38.1972, 16.3545 ], [ 38.1856, 16.3833 ], [ 38.1768, 16.3896 ], [ 38.1714, 16.403 ], [ 38.1736, 16.4131 ], [ 38.1701, 16.4267 ], [ 38.1578, 16.4379 ], [ 38.1491, 16.4516 ], [ 38.1408, 16.4561 ], [ 38.1392, 16.4654 ], [ 38.1305, 16.4757 ], [ 38.1296, 16.4917 ], [ 38.1228, 16.5001 ], [ 38.1125, 16.5037 ], [ 38.1005, 16.5149 ], [ 38.0986, 16.5234 ], [ 38.0904, 16.5268 ], [ 38.0887, 16.5483 ], [ 38.0823, 16.5616 ], [ 38.0848, 16.5702 ], [ 38.0714, 16.5873 ], [ 38.0748, 16.6002 ], [ 38.0694, 16.6073 ], [ 38.0678, 16.6193 ], [ 38.0711, 16.6218 ], [ 38.0683, 16.6341 ], [ 38.0588, 16.6364 ], [ 38.0585, 16.6416 ], [ 38.045, 16.658 ], [ 38.0231, 16.6563 ], [ 38.0, 16.6644 ], [ 37.99, 16.6602 ], [ 37.9757, 16.6775 ], [ 37.9603, 16.6829 ], [ 37.9791, 16.6984 ], [ 37.9827, 16.7383 ] ] ] } },
{ "type": "Feature", "properties": { "iso3": "ERI", "unit_id": "17832035B52232662289220", "unit_name": "Kerkebet" }, "geometry": { "type": "Polygon", "coordinates": [ [ [ 38.0465, 15.9704 ], [ 38.0634, 16.0022 ], [ 38.0539, 16.0077 ], [ 38.0412, 16.0091 ], [ 38.0269, 16.0204 ], [ 37.9988, 16.0311 ], [ 37.9657, 16.0373 ], [ 37.9557, 16.0468 ], [ 37.9322, 16.0467 ], [ 37.9161, 16.0532 ], [ 37.8881, 16.0726 ], [ 37.8734, 16.1081 ], [ 37.8685, 16.1139 ], [ 37.8489, 16.1249 ], [ 37.8205, 16.1246 ], [ 37.8073, 16.1328 ], [ 37.7534, 16.1123 ], [ 37.7487, 16.1273 ], [ 37.758, 16.1677 ], [ 37.7672, 16.1758 ], [ 37.7844, 16.1807 ], [ 37.7761, 16.1958 ], [ 37.8128, 16.2199 ], [ 37.7947, 16.2344 ], [ 37.7933, 16.2559 ], [ 37.7962, 16.2635 ], [ 37.8176, 16.2806 ], [ 37.8045, 16.298 ], [ 37.7734, 16.3168 ], [ 37.7459, 16.3471 ], [ 37.7222, 16.3323 ], [ 37.7091, 16.3328 ], [ 37.6882, 16.3242 ], [ 37.6633, 16.3209 ], [ 37.6437, 16.3009 ], [ 37.599, 16.2812 ], [ 37.5694, 16.2746 ], [ 37.554, 16.2787 ], [ 37.5404, 16.288 ], [ 37.5284, 16.3176 ], [ 37.5198, 16.3645 ], [ 37.5043, 16.3837 ], [ 37.4929, 16.3892 ], [ 37.4528, 16.3876 ], [ 37.4159, 16.3936 ], [ 37.386, 16.4071 ], [ 37.3595, 16.4315 ], [ 37.3447, 16.4098 ], [ 37.3228, 16.4025 ], [ 37.3078, 16.3577 ], [ 37.2661, 16.323 ], [ 37.2514, 16.3224 ], [ 37.237, 16.3294 ], [ 37.2231, 16.3216 ], [ 37.2076, 16.3194 ], [ 37.1804, 16.3273 ], [ 37.1654, 16.3229 ], [ 37.1451, 16.3302 ], [ 37.1266, 16.3304 ], [ 37.0692, 16.3187 ], [ 37.0302, 16.3061 ], [ 37.0397, 16.2904 ], [ 37.0977, 16.2527 ], [ 37.1269, 16.2235 ], [ 37.1644, 16.1958 ], [ 37.2006, 16.1535 ], [ 37.2965, 16.0939 ], [ 37.2991, 16.0888 ], [ 37.2973, 16.0848 ], [ 37.2761, 16.0822 ], [ 37.2658, 16.0686 ], [ 37.2638, 16.0468 ], [ 37.2683, 16.0372 ], [ 37.2737, 16.0335 ], [ 37.2816, 16.0381 ], [ 37.2902, 16.0316 ], [ 37.3281, 16.0208 ], [ 37.3315, 16.015 ], [ 37.3543, 16.014 ], [ 37.3778, 16.0003 ], [ 37.3977, 15.9816 ], [ 37.4001, 15.9751 ], [ 37.3991, 15.9536 ], [ 37.4118, 15.9238 ], [ 37.4271, 15.9077 ], [ 37.4395, 15.9005 ], [ 37.4573, 15.884 ], [ 37.4898, 15.8812 ], [ 37.5272, 15.8709 ], [ 37.5844, 15.8718 ], [ 37.6117, 15.8647 ], [ 37.6617, 15.8785 ], [ 37.6797, 15.8874 ], [ 37.6954, 15.8616 ], [ 37.7144, 15.8646 ], [ 37.7274, 15.8765 ], [ 37.7375, 15.8784 ], [ 37.745, 15.8739 ], [ 37.7553, 15.85 ], [ 37.786, 15.8508 ], [ 37.7953, 15.843 ], [ 37.8071, 15.8538 ], [ 37.8245, 15.8554 ], [ 37.8367, 15.8528 ], [ 37.8489, 15.845 ], [ 37.8608, 15.8296 ], [ 37.8677, 15.8383 ], [ 37.8669, 15.8468 ], [ 37.8706, 15.8513 ], [ 37.8817, 15.8522 ], [ 37.9046, 15.8432 ], [ 37.9165, 15.8442 ], [ 37.9517, 15.8554 ], [ 37.973, 15.8723 ], [ 37.9888, 15.837 ], [ 37.9585, 15.8105 ], [ 37.9872, 15.7974 ], [ 37.9971, 15.7984 ], [ 38.0045, 15.7944 ], [ 38.0129, 15.8041 ], [ 38.0205, 15.806 ], [ 38.0276, 15.8284 ], [ 38.0294, 15.8542 ], [ 38.026, 15.869 ], [ 38.0297, 15.9271 ], [ 38.0465, 15.9704 ] ] ] } },
{ "type": "Feature", "properties": { "iso3": "ERI", "unit_id": "17832035B8678870250471", "unit_name": "Sela" }, "geometry": { "type": "Polygon", "coordinates": [ [ [ 37.9898, 16.8263 ], [ 37.972, 16.8209 ], [ 37.9416, 16.826 ], [ 37.9348, 16.8385 ], [ 37.9224, 16.8783 ], [ 37.9077, 16.8933 ], [ 37.881, 16.9071 ], [ 37.8729, 16.9208 ], [ 37.8697, 16.9681 ], [ 37.872, 16.988 ], [ 37.881, 17.0091 ], [ 37.8808, 17.0253 ], [ 37.8697, 17.0689 ], [ 37.8518, 17.115 ], [ 37.8516, 17.1324 ], [ 37.8603, 17.1772 ], [ 37.8667, 17.1933 ], [ 37.8941, 17.2243 ], [ 37.9109, 17.2554 ], [ 37.9144, 17.2939 ], [ 37.8978, 17.3425 ], [ 37.8999, 17.3823 ], [ 37.8768, 17.4484 ], [ 37.8692, 17.4498 ], [ 37.8637, 17.459 ], [ 37.8645, 17.4672 ], [ 37.8585, 17.4758 ], [ 37.8563, 17.4932 ], [ 37.8429, 17.5044 ], [ 37.837, 17.5016 ], [ 37.8322, 17.5049 ], [ 37.822, 17.5027 ], [ 37.8106, 17.5051 ], [ 37.8016, 17.4987 ], [ 37.7849, 17.5029 ], [ 37.7832, 17.4833 ], [ 37.7795, 17.4761 ], [ 37.7813, 17.4701 ], [ 37.7771, 17.4644 ], [ 37.7843, 17.4602 ], [ 37.7844, 17.4509 ], [ 37.7719, 17.4331 ], [ 37.7722, 17.4195 ], [ 37.7661, 17.4122 ], [ 37.7627, 17.384 ], [ 37.7471, 17.3877 ], [ 37.7416, 17.3801 ], [ 37.615, 17.3766 ], [ 37.5168, 17.3394 ], [ 37.5102, 17.326 ], [ 37.5009, 17.3193 ], [ 37.501, 17.3111 ], [ 37.4917, 17.3091 ], [ 37.4979, 17.2922 ], [ 37.5159, 17.2823 ], [ 37.5219, 17.2746 ], [ 37.5209, 17.2656 ], [ 37.4967, 17.2567 ], [ 37.4954, 17.2503 ], [ 37.5023, 17.2443 ], [ 37.4948, 17.242 ], [ 37.4987, 17.2327 ], [ 37.4927, 17.2238 ], [ 37.4972, 17.2136 ], [ 37.5058, 17.2092 ], [ 37.5047, 17.2011 ], [ 37.5017, 17.1977 ], [ 37.4895, 17.196 ], [ 37.4814, 17.1783 ], [ 37.4717, 17.1671 ], [ 37.4753, 17.1509 ], [ 37.4612, 17.1419 ], [ 37.4597, 17.1176 ], [ 37.4488, 17.1071 ], [ 37.4364, 17.1026 ], [ 37.4245, 17.1028 ], [ 37.4225, 17.0957 ], [ 37.4117, 17.0886 ], [ 37.4134, 17.0803 ], [ 37.4054, 17.076 ], [ 37.405, 17.0608 ], [ 37.3968, 17.0564 ], [ 37.3953, 17.0515 ], [ 37.3851, 17.0581 ], [ 37.3748, 17.0593 ], [ 37.3697, 17.065 ], [ 37.3533, 17.0649 ], [ 37.3468, 17.0755 ], [ 37.328, 17.0877 ], [ 37.3223, 17.0966 ], [ 37.3037, 17.0974 ], [ 37.2909, 17.0895 ], [ 37.2635, 17.091 ], [ 37.2412, 17.084 ], [ 37.2112, 17.0812 ], [ 37.1991, 17.0705 ], [ 37.1838, 17.0696 ], [ 37.156, 17.0731 ], [ 37.1386, 17.0857 ], [ 37.1227, 17.085 ], [ 37.1019, 17.0982 ], [ 37.095, 17.092 ], [ 37.0869, 17.0906 ], [ 37.0737, 17.0787 ], [ 37.0539, 17.0962 ], [ 37.0468, 17.0944 ], [ 37.0461, 17.1003 ], [ 37.0338, 17.1011 ], [ 37.026, 17.1059 ], [ 37.0181, 17.1007 ], [ 37.0162, 17.0869 ], [ 37.0001, 17.0799 ], [ 36.9961, 17.0695 ], [ 37.0024, 17.0506 ], [ 37.0112, 17.0408 ], [ 37.0236, 17.038 ], [ 37.0278, 17.0286 ], [ 36.9908, 16.998 ], [ 36.995, 16.9739 ], [ 37.0083, 16.9622 ], [ 37.0119, 16.947 ], [ 37.0026, 16.9337 ], [ 36.9985, 16.9193 ], [ 37.0072, 16.9024 ], [ 36.9892, 16.8777 ], [ 36.9939, 16.8725 ], [ 36.9936, 16.8631 ], [ 37.0002, 16.8523 ], [ 37.0169, 16.8357 ], [ 37.0087, 16.8145 ], [ 37.0185, 16.7992 ], [ 37.012, 16.7943 ], [ 37.0066, 16.7805 ], [ 37.0088, 16.7722 ], [ 37.0054, 16.7529 ], [ 36.9875, 16.7398 ], [ 36.9759, 16.714 ], [ 36.9709, 16.7133 ], [ 36.9675, 16.7169 ], [ 36.9612, 16.7132 ], [ 36.9396, 16.7099 ], [ 36.9359, 16.7011 ], [ 36.9361, 16.6869 ], [ 36.9318, 16.6826 ], [ 36.9265, 16.6813 ], [ 36.9084, 16.6873 ], [ 36.9036, 16.6848 ], [ 36.8936, 16.672 ], [ 36.8899, 16.6512 ], [ 36.9043, 16.6285 ], [ 36.9048, 16.6125 ], [ 36.9004, 16.5939 ], [ 36.8914, 16.5807 ], [ 36.88, 16.5297 ], [ 36.89, 16.5086 ], [ 36.9007, 16.4961 ], [ 36.9001, 16.4579 ], [ 36.9063, 16.4484 ], [ 36.9128, 16.4456 ], [ 36.9241, 16.4613 ], [ 36.9402, 16.445 ], [ 36.9387, 16.4374 ], [ 36.9646, 16.4378 ], [ 36.9675, 16.434 ], [ 36.9639, 16.4248 ], [ 36.962, 16.4025 ], [ 36.9541, 16.3917 ], [ 36.954, 16.3749 ], [ 36.9516, 16.3719 ], [ 36.9432, 16.3735 ], [ 36.9336, 16.3686 ], [ 36.9365, 16.3503 ], [ 36.9312, 16.3352 ], [ 36.9307, 16.3232 ], [ 36.9368, 16.3259 ], [ 36.9382, 16.3151 ], [ 36.9536, 16.3132 ], [ 36.9551, 16.3089 ], [ 36.9526, 16.304 ], [ 36.9458, 16.3016 ], [ 36.9522, 16.2974 ], [ 36.9531, 16.2934 ], [ 36.9589, 16.2926 ], [ 36.9722, 16.3017 ], [ 36.9779, 16.312 ], [ 37.0018, 16.3165 ], [ 37.0093, 16.3221 ], [ 37.0366, 16.3188 ], [ 37.0302, 16.3061 ], [ 37.0692, 16.3187 ], [ 37.1266, 16.3304 ], [ 37.1451, 16.3302 ], [ 37.1654, 16.3229 ], [ 37.1804, 16.3273 ], [ 37.2076, 16.3194 ], [ 37.2231, 16.3216 ], [ 37.237, 16.3294 ], [ 37.2514, 16.3224 ], [ 37.2661, 16.323 ], [ 37.3078, 16.3577 ], [ 37.3228, 16.4025 ], [ 37.3447, 16.4098 ], [ 37.3595, 16.4315 ], [ 37.386, 16.4071 ], [ 37.4159, 16.3936 ], [ 37.4528, 16.3876 ], [ 37.4929, 16.3892 ], [ 37.5043, 16.3837 ], [ 37.5198, 16.3645 ], [ 37.5284, 16.3176 ], [ 37.5404, 16.288 ], [ 37.554, 16.2787 ], [ 37.5694, 16.2746 ], [ 37.599, 16.2812 ], [ 37.6437, 16.3009 ], [ 37.6633, 16.3209 ], [ 37.6882, 16.3242 ], [ 37.7091, 16.3328 ], [ 37.7222, 16.3323 ], [ 37.7459, 16.3471 ], [ 37.7556, 16.3604 ], [ 37.765, 16.3812 ], [ 37.7898, 16.394 ], [ 37.8237, 16.4236 ], [ 37.8363, 16.4449 ], [ 37.8231, 16.4561 ], [ 37.8159, 16.4738 ], [ 37.7744, 16.5133 ], [ 37.7433, 16.5292 ], [ 37.7717, 16.5733 ], [ 37.7697, 16.5845 ], [ 37.7551, 16.6133 ], [ 37.7665, 16.6343 ], [ 37.771, 16.6517 ], [ 37.787, 16.6739 ], [ 37.8124, 16.6908 ], [ 37.8338, 16.7168 ], [ 37.8508, 16.7257 ], [ 37.8821, 16.7313 ], [ 37.9003, 16.7247 ], [ 37.9148, 16.7292 ], [ 37.9548, 16.7285 ], [ 37.9827, 16.7383 ], [ 37.9828, 16.766 ], [ 37.9896, 16.7801 ], [ 37.9898, 16.8263 ] ] ] } },
{ "type": "Feature", "properties": { "iso3": "ERI", "unit_id": "17832035B28247743609243", "unit_name": "Hamelmalo" }, "geometry": { "type": "Polygon", "coordinates": [ [ [ 38.4675, 15.9779 ], [ 38.4443, 15.9693 ], [ 38.4327, 15.9384 ], [ 38.4254, 15.9316 ], [ 38.4233, 15.9342 ], [ 38.4254, 15.9379 ], [ 38.4179, 15.9392 ], [ 38.4182, 15.9457 ], [ 38.4088, 15.949 ], [ 38.4117, 15.9566 ], [ 38.4059, 15.9737 ], [ 38.3988, 15.9754 ], [ 38.3924, 15.9847 ], [ 38.3945, 15.9945 ], [ 38.391, 15.9987 ], [ 38.3926, 16.0043 ], [ 38.3887, 16.0136 ], [ 38.3911, 16.0206 ], [ 38.3812, 16.0245 ], [ 38.3781, 16.029 ], [ 38.3671, 16.0263 ], [ 38.3415, 16.0103 ], [ 38.3182, 15.9823 ], [ 38.311, 15.9225 ], [ 38.3171, 15.8512 ], [ 38.3294, 15.847 ], [ 38.3583, 15.8489 ], [ 38.3782, 15.8364 ], [ 38.4006, 15.8348 ], [ 38.4132, 15.8241 ], [ 38.4247, 15.8189 ], [ 38.4808, 15.8334 ], [ 38.4882, 15.8108 ], [ 38.5145, 15.8108 ], [ 38.5641, 15.8193 ], [ 38.5802, 15.8155 ], [ 38.5916, 15.809 ], [ 38.5967, 15.801 ], [ 38.6024, 15.8125 ], [ 38.5762, 15.8272 ], [ 38.5679, 15.8285 ], [ 38.5492, 15.8491 ], [ 38.5467, 15.8612 ], [ 38.5785, 15.8948 ], [ 38.5726, 15.8917 ], [ 38.5651, 15.8946 ], [ 38.5621, 15.9066 ], [ 38.5437, 15.9409 ], [ 38.5138, 15.9664 ], [ 38.4885, 15.9627 ], [ 38.4675, 15.9779 ] ] ] } },
{ "type": "Feature", "properties": { "iso3": "ERI", "unit_id": "17832035B72696827063841", "unit_name": "Logo Anseba" }, "geometry": { "type": "Polygon", "coordinates": [ [ [ 38.736, 15.5106 ], [ 38.7414, 15.52 ], [ 38.7282, 15.5223 ], [ 38.7237, 15.5203 ], [ 38.7157, 15.5237 ], [ 38.7132, 15.5297 ], [ 38.714, 15.5364 ], [ 38.7182, 15.5391 ], [ 38.7168, 15.5621 ], [ 38.7047, 15.5761 ], [ 38.6972, 15.578 ], [ 38.6936, 15.592 ], [ 38.6715, 15.5817 ], [ 38.648, 15.5827 ], [ 38.6336, 15.5881 ], [ 38.5995, 15.5836 ], [ 38.5926, 15.5796 ], [ 38.6009, 15.5646 ], [ 38.5949, 15.558 ], [ 38.5873, 15.564 ], [ 38.5564, 15.5653 ], [ 38.5452, 15.5573 ], [ 38.5343, 15.558 ], [ 38.5269, 15.5522 ], [ 38.5209, 15.5404 ], [ 38.527, 15.5332 ], [ 38.5498, 15.52 ], [ 38.5565, 15.4798 ], [ 38.5781, 15.4673 ], [ 38.5926, 15.4507 ], [ 38.5948, 15.418 ], [ 38.5848, 15.387 ], [ 38.5807, 15.3579 ], [ 38.5838, 15.345 ], [ 38.597, 15.3223 ], [ 38.5909, 15.3209 ], [ 38.5921, 15.3146 ], [ 38.6133, 15.3143 ], [ 38.6135, 15.311 ], [ 38.6208, 15.3079 ], [ 38.6229, 15.3032 ], [ 38.619, 15.2967 ], [ 38.6211, 15.288 ], [ 38.6372, 15.2787 ], [ 38.6588, 15.251 ], [ 38.6826, 15.2395 ], [ 38.712, 15.2103 ], [ 38.7188, 15.2139 ], [ 38.7334, 15.2343 ], [ 38.7106, 15.2426 ], [ 38.7068, 15.2531 ], [ 38.6986, 15.2594 ], [ 38.6927, 15.275 ], [ 38.6939, 15.283 ], [ 38.7019, 15.2886 ], [ 38.6997, 15.2845 ], [ 38.702, 15.2832 ], [ 38.7155, 15.2867 ], [ 38.7154, 15.2818 ], [ 38.7266, 15.2765 ], [ 38.7336, 15.3277 ], [ 38.7662, 15.3186 ], [ 38.7708, 15.3203 ], [ 38.7628, 15.3285 ], [ 38.7604, 15.3397 ], [ 38.752, 15.3478 ], [ 38.7514, 15.3745 ], [ 38.7459, 15.38 ], [ 38.7494, 15.3822 ], [ 38.7509, 15.393 ], [ 38.7624, 15.4039 ], [ 38.7636, 15.4117 ], [ 38.772, 15.4131 ], [ 38.7673, 15.4196 ], [ 38.7696, 15.422 ], [ 38.7669, 15.4225 ], [ 38.7715, 15.4273 ], [ 38.7632, 15.429 ], [ 38.7646, 15.4355 ], [ 38.758, 15.4473 ], [ 38.7626, 15.4475 ], [ 38.7657, 15.4534 ], [ 38.7594, 15.464 ], [ 38.7545, 15.4633 ], [ 38.7497, 15.4686 ], [ 38.7585, 15.4759 ], [ 38.7556, 15.4814 ], [ 38.7508, 15.4811 ], [ 38.7512, 15.4874 ], [ 38.7436, 15.4958 ], [ 38.7441, 15.5029 ], [ 38.7401, 15.5019 ], [ 38.736, 15.5106 ] ] ] } },
{ "type": "Feature", "properties": { "iso3": "ERI", "unit_id": "17832035B36827878606903", "unit_name": "Mensura" }, "geometry": { "type": "Polygon", "coordinates": [ [ [ 38.0156, 15.8049 ], [ 38.0045, 15.7944 ], [ 37.9932, 15.7974 ], [ 37.9967, 15.7826 ], [ 37.9943, 15.7737 ], [ 37.9778, 15.7494 ], [ 37.9706, 15.7322 ], [ 37.9623, 15.663 ], [ 37.9654, 15.6418 ], [ 37.962, 15.6198 ], [ 37.9712, 15.6112 ], [ 37.9918, 15.6091 ], [ 38.0083, 15.6036 ], [ 38.0128, 15.5952 ], [ 38.0114, 15.5825 ], [ 38.0153, 15.5777 ], [ 38.0467, 15.5749 ], [ 38.056, 15.5688 ], [ 38.0593, 15.5603 ], [ 38.058, 15.5432 ], [ 38.0489, 15.5262 ], [ 38.0197, 15.5066 ], [ 38.0054, 15.5016 ], [ 37.9812, 15.4988 ], [ 37.9534, 15.4848 ], [ 37.9281, 15.4766 ], [ 37.9522, 15.4509 ], [ 37.978, 15.4128 ], [ 37.9848, 15.3971 ], [ 37.9917, 15.3376 ], [ 38.0047, 15.3285 ], [ 38.0028, 15.3011 ], [ 38.006, 15.2731 ], [ 38.0119, 15.2593 ], [ 38.0271, 15.2389 ], [ 38.0356, 15.2185 ], [ 38.0308, 15.1945 ], [ 38.0383, 15.156 ], [ 38.061, 15.1583 ], [ 38.0714, 15.1638 ], [ 38.0976, 15.1911 ], [ 38.1298, 15.2113 ], [ 38.1526, 15.2205 ], [ 38.182, 15.2513 ], [ 38.2029, 15.2617 ], [ 38.2129, 15.261 ], [ 38.2182, 15.2554 ], [ 38.2399, 15.265 ], [ 38.2535, 15.2659 ], [ 38.3039, 15.2433 ], [ 38.3054, 15.2386 ], [ 38.3224, 15.2261 ], [ 38.3368, 15.2069 ], [ 38.4054, 15.2055 ], [ 38.4506, 15.217 ], [ 38.4619, 15.2166 ], [ 38.4861, 15.2257 ], [ 38.492, 15.2364 ], [ 38.5057, 15.2899 ], [ 38.5397, 15.3199 ], [ 38.592, 15.2952 ], [ 38.6211, 15.288 ], [ 38.619, 15.2967 ], [ 38.6229, 15.3032 ], [ 38.6208, 15.3079 ], [ 38.6135, 15.311 ], [ 38.6133, 15.3143 ], [ 38.5921, 15.3146 ], [ 38.5909, 15.3209 ], [ 38.597, 15.3223 ], [ 38.5838, 15.345 ], [ 38.5807, 15.3579 ], [ 38.5848, 15.387 ], [ 38.5948, 15.418 ], [ 38.5926, 15.4507 ], [ 38.5781, 15.4673 ], [ 38.5565, 15.4798 ], [ 38.5498, 15.52 ], [ 38.527, 15.5332 ], [ 38.5209, 15.5404 ], [ 38.5143, 15.5388 ], [ 38.5071, 15.5461 ], [ 38.476, 15.5584 ], [ 38.4755, 15.5513 ], [ 38.4719, 15.5491 ], [ 38.4395, 15.548 ], [ 38.4168, 15.5601 ], [ 38.3968, 15.5798 ], [ 38.3697, 15.598 ], [ 38.3434, 15.6058 ], [ 38.3306, 15.6149 ], [ 38.3185, 15.6184 ], [ 38.2943, 15.613 ], [ 38.2914, 15.6216 ], [ 38.277, 15.6272 ], [ 38.2505, 15.6229 ], [ 38.2297, 15.6317 ], [ 38.1931, 15.6167 ], [ 38.186, 15.6289 ], [ 38.1764, 15.6371 ], [ 38.1749, 15.6474 ], [ 38.1702, 15.6539 ], [ 38.1694, 15.6648 ], [ 38.1785, 15.6815 ], [ 38.1825, 15.6966 ], [ 38.1722, 15.7224 ], [ 38.1596, 15.739 ], [ 38.1218, 15.7709 ], [ 38.1043, 15.761 ], [ 38.0846, 15.7668 ], [ 38.0777, 15.7601 ], [ 38.0644, 15.7622 ], [ 38.0469, 15.7503 ], [ 38.0317, 15.7523 ], [ 38.0252, 15.757 ], [ 38.0194, 15.7687 ], [ 38.0138, 15.7911 ], [ 38.018, 15.8013 ], [ 38.0156, 15.8049 ] ] ] } },
{ "type": "Feature", "properties": { "iso3": "ERI", "unit_id": "17832035B28076027064207", "unit_name": "Akurdet" }, "geometry": { "type": "Polygon", "coordinates": [ [ [ 37.9712, 15.6112 ], [ 37.9236, 15.6451 ], [ 37.8788, 15.6385 ], [ 37.8658, 15.6399 ], [ 37.8579, 15.6372 ], [ 37.8347, 15.608 ], [ 37.8096, 15.597 ], [ 37.8078, 15.5891 ], [ 37.814, 15.5588 ], [ 37.8298, 15.5248 ], [ 37.8445, 15.4773 ], [ 37.8763, 15.4722 ], [ 37.9035, 15.478 ], [ 37.9281, 15.4766 ], [ 37.9534, 15.4848 ], [ 37.9812, 15.4988 ], [ 38.0054, 15.5016 ], [ 38.0197, 15.5066 ], [ 38.0489, 15.5262 ], [ 38.058, 15.5432 ], [ 38.0593, 15.5603 ], [ 38.056, 15.5688 ], [ 38.0467, 15.5749 ], [ 38.0153, 15.5777 ], [ 38.0114, 15.5825 ], [ 38.0128, 15.5952 ], [ 38.0083, 15.6036 ], [ 37.9918, 15.6091 ], [ 37.9712, 15.6112 ] ] ] } },
{ "type": "Feature", "properties": { "iso3": "ERI", "unit_id": "17832035B93068756754765", "unit_name": "Dige" }, "geometry": { "type": "Polygon", "coordinates": [ [ [ 37.3486, 16.0158 ], [ 37.3537, 15.993 ], [ 37.3428, 15.9795 ], [ 37.3396, 15.9689 ], [ 37.3354, 15.9692 ], [ 37.3298, 15.961 ], [ 37.3187, 15.9568 ], [ 37.3095, 15.9438 ], [ 37.2834, 15.9286 ], [ 37.2744, 15.9142 ], [ 37.2513, 15.9028 ], [ 37.248, 15.8943 ], [ 37.2351, 15.8863 ], [ 37.2305, 15.8742 ], [ 37.2082, 15.8514 ], [ 37.2041, 15.8389 ], [ 37.1957, 15.8343 ], [ 37.1766, 15.8052 ], [ 37.1726, 15.7882 ], [ 37.1749, 15.7732 ], [ 37.1722, 15.7607 ], [ 37.1543, 15.7408 ], [ 37.1461, 15.7164 ], [ 37.135, 15.6961 ], [ 37.1364, 15.6651 ], [ 37.1276, 15.652 ], [ 37.1197, 15.6471 ], [ 37.1165, 15.639 ], [ 37.1182, 15.5878 ], [ 37.1273, 15.5637 ], [ 37.1234, 15.5392 ], [ 37.1275, 15.5262 ], [ 37.1349, 15.5179 ], [ 37.1439, 15.515 ], [ 37.257, 15.5119 ], [ 37.2953, 15.4977 ], [ 37.3278, 15.4773 ], [ 37.3465, 15.4741 ], [ 37.4578, 15.477 ], [ 37.5306, 15.4935 ], [ 37.587, 15.4842 ], [ 37.6309, 15.4816 ], [ 37.6889, 15.4716 ], [ 37.7164, 15.4463 ], [ 37.7441, 15.4272 ], [ 37.75, 15.4265 ], [ 37.7596, 15.4363 ], [ 37.768, 15.4375 ], [ 37.7966, 15.451 ], [ 37.8445, 15.4773 ], [ 37.8298, 15.5248 ], [ 37.814, 15.5588 ], [ 37.808, 15.594 ], [ 37.8197, 15.6024 ], [ 37.8347, 15.608 ], [ 37.8579, 15.6372 ], [ 37.8658, 15.6399 ], [ 37.8788, 15.6385 ], [ 37.9236, 15.6451 ], [ 37.962, 15.6198 ], [ 37.9654, 15.6418 ], [ 37.9623, 15.663 ], [ 37.9706, 15.7322 ], [ 37.9778, 15.7494 ], [ 37.9893, 15.7637 ], [ 37.9967, 15.7826 ], [ 37.9932, 15.7974 ], [ 37.9872, 15.7974 ], [ 37.9585, 15.8105 ], [ 37.9888, 15.837 ], [ 37.973, 15.8723 ], [ 37.9517, 15.8554 ], [ 37.9165, 15.8442 ], [ 37.9046, 15.8432 ], [ 37.8817, 15.8522 ], [ 37.8706, 15.8513 ], [ 37.8669, 15.8468 ], [ 37.8677, 15.8383 ], [ 37.8608, 15.8296 ], [ 37.8489, 15.845 ], [ 37.8367, 15.8528 ], [ 37.8245, 15.8554 ], [ 37.8071, 15.8538 ], [ 37.7953, 15.843 ], [ 37.786, 15.8508 ], [ 37.7553, 15.85 ], [ 37.745, 15.8739 ], [ 37.7375, 15.8784 ], [ 37.7274, 15.8765 ], [ 37.7144, 15.8646 ], [ 37.6954, 15.8616 ], [ 37.6797, 15.8874 ], [ 37.6617, 15.8785 ], [ 37.6117, 15.8647 ], [ 37.5844, 15.8718 ], [ 37.5272, 15.8709 ], [ 37.4898, 15.8812 ], [ 37.4662, 15.8819 ], [ 37.4573, 15.884 ], [ 37.4395, 15.9005 ], [ 37.4271, 15.9077 ], [ 37.4118, 15.9238 ], [ 37.3991, 15.9536 ], [ 37.4001, 15.9751 ], [ 37.3977, 15.9816 ], [ 37.3778, 16.0003 ], [ 37.3486, 16.0158 ] ] ] } },
{ "type": "Feature", "properties": { "iso3": "ERI", "unit_id": "17832035B5728481613808", "unit_name": "Mogolo" }, "geometry": { "type": "Polygon", "coordinates": [ [ [ 37.9281, 15.4766 ], [ 37.9035, 15.478 ], [ 37.8763, 15.4722 ], [ 37.8445, 15.4773 ], [ 37.7966, 15.451 ], [ 37.768, 15.4375 ], [ 37.7596, 15.4363 ], [ 37.75, 15.4265 ], [ 37.7441, 15.4272 ], [ 37.7164, 15.4463 ], [ 37.6889, 15.4716 ], [ 37.6309, 15.4816 ], [ 37.587, 15.4842 ], [ 37.54, 15.4921 ], [ 37.5364, 15.4612 ], [ 37.5134, 15.419 ], [ 37.5129, 15.3999 ], [ 37.4984, 15.3917 ], [ 37.4963, 15.3819 ], [ 37.4874, 15.3789 ], [ 37.4832, 15.3536 ], [ 37.4613, 15.3334 ], [ 37.4542, 15.3006 ], [ 37.4376, 15.262 ], [ 37.4376, 15.2446 ], [ 37.4747, 15.221 ], [ 37.4926, 15.2027 ], [ 37.5082, 15.194 ], [ 37.623, 15.1584 ], [ 37.6314, 15.1624 ], [ 37.6596, 15.1913 ], [ 37.6636, 15.2023 ], [ 37.6599, 15.2076 ], [ 37.6613, 15.2126 ], [ 37.6737, 15.217 ], [ 37.6845, 15.217 ], [ 37.6989, 15.2101 ], [ 37.7027, 15.211 ], [ 37.7033, 15.2058 ], [ 37.7383, 15.1873 ], [ 37.7634, 15.1619 ], [ 37.8337, 15.1846 ], [ 37.8816, 15.1887 ], [ 37.9442, 15.1724 ], [ 37.968, 15.1618 ], [ 37.9916, 15.1595 ], [ 38.0194, 15.1649 ], [ 38.0361, 15.1604 ], [ 38.0308, 15.1945 ], [ 38.0356, 15.2185 ], [ 38.0271, 15.2389 ], [ 38.0119, 15.2593 ], [ 38.006, 15.2731 ], [ 38.0028, 15.3011 ], [ 38.0047, 15.3285 ], [ 37.9917, 15.3376 ], [ 37.9848, 15.3971 ], [ 37.978, 15.4128 ], [ 37.9522, 15.4509 ], [ 37.9281, 15.4766 ] ] ] } },
{ "type": "Feature", "properties": { "iso3": "ERI", "unit_id": "17832035B43944103547908", "unit_name": "Shambuko" }, "geometry": { "type": "Polygon", "coordinates": [ [ [ 38.0361, 15.1604 ], [ 38.0194, 15.1649 ], [ 37.9916, 15.1595 ], [ 37.968, 15.1618 ], [ 37.9442, 15.1724 ], [ 37.9343, 15.173 ], [ 37.9001, 15.1849 ], [ 37.8635, 15.1886 ], [ 37.8337, 15.1846 ], [ 37.7634, 15.1619 ], [ 37.7472, 15.1473 ], [ 37.7528, 15.149 ], [ 37.7724, 15.1447 ], [ 37.7881, 15.134 ], [ 37.7918, 15.123 ], [ 37.7887, 15.1093 ], [ 37.7573, 15.0685 ], [ 37.7262, 15.0384 ], [ 37.7049, 15.0213 ], [ 37.6673, 15.0021 ], [ 37.6744, 14.9836 ], [ 37.6889, 14.9672 ], [ 37.6987, 14.9642 ], [ 37.6984, 14.9511 ], [ 37.6868, 14.9513 ], [ 37.6876, 14.9455 ], [ 37.6999, 14.9423 ], [ 37.7126, 14.9321 ], [ 37.7287, 14.9332 ], [ 37.7364, 14.928 ], [ 37.7342, 14.9083 ], [ 37.738, 14.8907 ], [ 37.7334, 14.8575 ], [ 37.7255, 14.831 ], [ 37.7114, 14.7999 ], [ 37.7027, 14.7621 ], [ 37.703, 14.7447 ], [ 37.7158, 14.7225 ], [ 37.7239, 14.696 ], [ 37.7335, 14.683 ], [ 37.7501, 14.6715 ], [ 37.7854, 14.6578 ], [ 37.9131, 14.8935 ], [ 37.9216, 14.8913 ], [ 37.9235, 14.8799 ], [ 37.9314, 14.8749 ], [ 37.9322, 14.8701 ], [ 37.9373, 14.8714 ], [ 37.9448, 14.8617 ], [ 37.9426, 14.8507 ], [ 37.9495, 14.847 ], [ 37.9488, 14.8388 ], [ 37.955, 14.8365 ], [ 37.9599, 14.8383 ], [ 37.9621, 14.8328 ], [ 37.9673, 14.8327 ], [ 37.97, 14.8186 ], [ 37.9935, 14.8198 ], [ 38.0639, 14.8143 ], [ 38.1303, 14.8047 ], [ 38.1397, 14.8126 ], [ 38.1389, 14.8321 ], [ 38.1234, 14.8673 ], [ 38.1052, 14.8822 ], [ 38.0787, 14.9766 ], [ 38.0738, 15.0118 ], [ 38.0714, 15.1638 ], [ 38.0503, 15.1559 ], [ 38.0383, 15.156 ], [ 38.0361, 15.1604 ] ] ] } },
{ "type": "Feature", "properties": { "iso3": "ERI", "unit_id": "17832035B59043852581629", "unit_name": "Barentu" }, "geometry": { "type": "Polygon", "coordinates": [ [ [ 37.5682, 15.1765 ], [ 37.5583, 15.1546 ], [ 37.5414, 15.1292 ], [ 37.518, 15.1018 ], [ 37.5186, 15.0899 ], [ 37.5322, 15.0768 ], [ 37.5657, 15.0685 ], [ 37.5934, 15.0572 ], [ 37.6175, 15.0418 ], [ 37.6389, 15.0145 ], [ 37.6605, 15.0022 ], [ 37.6673, 15.0021 ], [ 37.7049, 15.0213 ], [ 37.7262, 15.0384 ], [ 37.7573, 15.0685 ], [ 37.7887, 15.1093 ], [ 37.7918, 15.123 ], [ 37.7881, 15.134 ], [ 37.7724, 15.1447 ], [ 37.7528, 15.149 ], [ 37.7472, 15.1473 ], [ 37.7634, 15.1619 ], [ 37.7556, 15.172 ], [ 37.7309, 15.1928 ], [ 37.7033, 15.2058 ], [ 37.7027, 15.211 ], [ 37.6989, 15.2101 ], [ 37.6845, 15.217 ], [ 37.6737, 15.217 ], [ 37.6613, 15.2126 ], [ 37.6599, 15.2076 ], [ 37.6636, 15.2023 ], [ 37.6596, 15.1913 ], [ 37.6314, 15.1624 ], [ 37.623, 15.1584 ], [ 37.5682, 15.1765 ] ] ] } },
{ "type": "Feature", "properties": { "iso3": "ERI", "unit_id": "17832035B92510466233908", "unit_name": "Gogne" }, "geometry": { "type": "Polygon", "coordinates": [ [ [ 37.2049, 15.5127 ], [ 37.2074, 15.5024 ], [ 37.1911, 15.4893 ], [ 37.1855, 15.4708 ], [ 37.1937, 15.4427 ], [ 37.2069, 15.42 ], [ 37.2061, 15.4118 ], [ 37.2011, 15.3962 ], [ 37.1848, 15.3801 ], [ 37.197, 15.3705 ], [ 37.2064, 15.3516 ], [ 37.2042, 15.3334 ], [ 37.2075, 15.3166 ], [ 37.202, 15.259 ], [ 37.2031, 15.2455 ], [ 37.2127, 15.2207 ], [ 37.2057, 15.2047 ], [ 37.2133, 15.1624 ], [ 37.2094, 15.1485 ], [ 37.2152, 15.1285 ], [ 37.2131, 15.1131 ], [ 37.1971, 15.0883 ], [ 37.185, 15.0759 ], [ 37.1673, 15.0648 ], [ 37.1696, 15.0526 ], [ 37.1716, 15.0489 ], [ 37.1893, 15.0404 ], [ 37.1989, 15.0403 ], [ 37.1996, 15.0366 ], [ 37.2043, 15.0357 ], [ 37.2037, 15.0233 ], [ 37.2163, 15.0225 ], [ 37.2257, 15.0158 ], [ 37.2332, 15.0068 ], [ 37.2371, 14.9906 ], [ 37.2511, 14.9792 ], [ 37.2568, 14.9802 ], [ 37.2689, 14.9899 ], [ 37.2845, 14.9872 ], [ 37.2874, 14.973 ], [ 37.2948, 14.9582 ], [ 37.2891, 14.9497 ], [ 37.3008, 14.9198 ], [ 37.2928, 14.9143 ], [ 37.2986, 14.8881 ], [ 37.2987, 14.8805 ], [ 37.2937, 14.8752 ], [ 37.2942, 14.8618 ], [ 37.3069, 14.8437 ], [ 37.3126, 14.8418 ], [ 37.3288, 14.845 ], [ 37.3412, 14.8389 ], [ 37.345, 14.8312 ], [ 37.3533, 14.8277 ], [ 37.3611, 14.8357 ], [ 37.3759, 14.8352 ], [ 37.3873, 14.829 ], [ 37.3935, 14.8332 ], [ 37.4078, 14.8339 ], [ 37.4101, 14.8258 ], [ 37.4281, 14.8216 ], [ 37.4289, 14.8174 ], [ 37.4238, 14.8125 ], [ 37.4406, 14.79 ], [ 37.4411, 14.7823 ], [ 37.4449, 14.7806 ], [ 37.4427, 14.7754 ], [ 37.4544, 14.7765 ], [ 37.4613, 14.7726 ], [ 37.4646, 14.7799 ], [ 37.4756, 14.782 ], [ 37.4821, 14.7758 ], [ 37.4855, 14.7782 ], [ 37.4965, 14.7732 ], [ 37.5253, 14.79 ], [ 37.5398, 14.8101 ], [ 37.5515, 14.8116 ], [ 37.5677, 14.8212 ], [ 37.576, 14.8315 ], [ 37.5825, 14.8335 ], [ 37.5865, 14.8488 ], [ 37.5996, 14.8598 ], [ 37.5999, 14.8671 ], [ 37.6065, 14.8746 ], [ 37.6158, 14.8777 ], [ 37.6253, 14.8899 ], [ 37.6265, 14.8956 ], [ 37.6223, 14.9037 ], [ 37.63, 14.915 ], [ 37.6312, 14.9272 ], [ 37.6395, 14.944 ], [ 37.6504, 14.9425 ], [ 37.6593, 14.9576 ], [ 37.6731, 14.9625 ], [ 37.6828, 14.9616 ], [ 37.6889, 14.9672 ], [ 37.6744, 14.9836 ], [ 37.6673, 15.0021 ], [ 37.6466, 15.0082 ], [ 37.6175, 15.0418 ], [ 37.5934, 15.0572 ], [ 37.5657, 15.0685 ], [ 37.5322, 15.0768 ], [ 37.5186, 15.0899 ], [ 37.518, 15.1018 ], [ 37.5414, 15.1292 ], [ 37.5583, 15.1546 ], [ 37.5682, 15.1765 ], [ 37.558, 15.1776 ], [ 37.4988, 15.1984 ], [ 37.4747, 15.221 ], [ 37.4431, 15.2394 ], [ 37.4361, 15.2494 ], [ 37.4402, 15.2704 ], [ 37.4542, 15.3006 ], [ 37.4613, 15.3334 ], [ 37.4832, 15.3536 ], [ 37.4874, 15.3789 ], [ 37.4963, 15.3819 ], [ 37.4984, 15.3917 ], [ 37.5129, 15.3999 ], [ 37.5134, 15.419 ], [ 37.5364, 15.4612 ], [ 37.54, 15.4921 ], [ 37.5108, 15.4908 ], [ 37.4578, 15.477 ], [ 37.3465, 15.4741 ], [ 37.3278, 15.4773 ], [ 37.2953, 15.4977 ], [ 37.257, 15.5119 ], [ 37.2049, 15.5127 ] ] ] } },
{ "type": "Feature", "properties": { "iso3": "ERI", "unit_id": "17832035B22373571459567", "unit_name": "Forto" }, "geometry": { "type": "Polygon", "coordinates": [ [ [ 37.0302, 16.3061 ], [ 37.0366, 16.3188 ], [ 37.0313, 16.3211 ], [ 37.0093, 16.3221 ], [ 37.0018, 16.3165 ], [ 36.9779, 16.312 ], [ 36.9722, 16.3017 ], [ 36.9587, 16.2946 ], [ 36.9591, 16.2879 ], [ 36.9475, 16.2789 ], [ 36.9236, 16.2702 ], [ 36.9246, 16.2657 ], [ 36.9349, 16.2584 ], [ 36.9354, 16.2527 ], [ 36.9061, 16.2444 ], [ 36.8993, 16.2392 ], [ 36.8916, 16.2131 ], [ 36.8799, 16.1943 ], [ 36.8751, 16.165 ], [ 36.8282, 16.1093 ], [ 36.7968, 16.0433 ], [ 36.7954, 16.0179 ], [ 36.7832, 16.0099 ], [ 36.7804, 15.962 ], [ 36.7921, 15.9316 ], [ 36.7891, 15.9009 ], [ 36.7964, 15.8714 ], [ 36.7953, 15.8557 ], [ 36.7911, 15.8486 ], [ 36.7661, 15.8303 ], [ 36.7082, 15.7453 ], [ 36.6959, 15.7325 ], [ 36.6871, 15.6865 ], [ 36.6665, 15.6261 ], [ 36.6557, 15.5799 ], [ 36.6304, 15.4999 ], [ 36.6359, 15.4692 ], [ 36.629, 15.4664 ], [ 36.6205, 15.4364 ], [ 36.5756, 15.3276 ], [ 36.5856, 15.3234 ], [ 36.6034, 15.3219 ], [ 36.6439, 15.3261 ], [ 36.6568, 15.3347 ], [ 36.6832, 15.3454 ], [ 36.7184, 15.3822 ], [ 36.7606, 15.4022 ], [ 36.8454, 15.4163 ], [ 36.9061, 15.4168 ], [ 36.9482, 15.4267 ], [ 36.9707, 15.4298 ], [ 36.9922, 15.4286 ], [ 37.0081, 15.4347 ], [ 37.0979, 15.4354 ], [ 37.1257, 15.4532 ], [ 37.1731, 15.4643 ], [ 37.1855, 15.4708 ], [ 37.1911, 15.4893 ], [ 37.2074, 15.5024 ], [ 37.2076, 15.508 ], [ 37.2017, 15.5142 ], [ 37.1439, 15.515 ], [ 37.1349, 15.5179 ], [ 37.1275, 15.5262 ], [ 37.1234, 15.5392 ], [ 37.1273, 15.5637 ], [ 37.1182, 15.5878 ], [ 37.1165, 15.639 ], [ 37.1197, 15.6471 ], [ 37.1276, 15.652 ], [ 37.1364, 15.6651 ], [ 37.135, 15.6961 ], [ 37.1461, 15.7164 ], [ 37.1543, 15.7408 ], [ 37.1722, 15.7607 ], [ 37.1749, 15.7732 ], [ 37.1732, 15.7947 ], [ 37.1838, 15.8179 ], [ 37.1957, 15.8343 ], [ 37.2041, 15.8389 ], [ 37.2082, 15.8514 ], [ 37.2305, 15.8742 ], [ 37.2351, 15.8863 ], [ 37.248, 15.8943 ], [ 37.2513, 15.9028 ], [ 37.2744, 15.9142 ], [ 37.2834, 15.9286 ], [ 37.3095, 15.9438 ], [ 37.3187, 15.9568 ], [ 37.3298, 15.961 ], [ 37.3354, 15.9692 ], [ 37.3396, 15.9689 ], [ 37.3428, 15.9795 ], [ 37.3537, 15.993 ], [ 37.3503, 16.0012 ], [ 37.3517, 16.0083 ], [ 37.3486, 16.0158 ], [ 37.3315, 16.015 ], [ 37.3281, 16.0208 ], [ 37.2902, 16.0316 ], [ 37.2816, 16.0381 ], [ 37.2737, 16.0335 ], [ 37.2683, 16.0372 ], [ 37.2638, 16.0468 ], [ 37.2658, 16.0686 ], [ 37.2761, 16.0822 ], [ 37.2973, 16.0848 ], [ 37.2991, 16.0888 ], [ 37.2965, 16.0939 ], [ 37.2006, 16.1535 ], [ 37.1644, 16.1958 ], [ 37.1269, 16.2235 ], [ 37.0977, 16.2527 ], [ 37.0397, 16.2904 ], [ 37.0302, 16.3061 ] ] ] } },
{ "type": "Feature", "properties": { "iso3": "ERI", "unit_id": "17832035B72868707006226", "unit_name": "Haykota" }, "geometry": { "type": "Polygon", "coordinates": [ [ [ 37.1855, 15.4708 ], [ 37.1731, 15.4643 ], [ 37.1257, 15.4532 ], [ 37.0979, 15.4354 ], [ 37.0081, 15.4347 ], [ 36.9922, 15.4286 ], [ 36.9707, 15.4298 ], [ 36.9482, 15.4267 ], [ 36.9061, 15.4168 ], [ 36.8454, 15.4163 ], [ 36.7606, 15.4022 ], [ 36.7184, 15.3822 ], [ 36.7056, 15.3703 ], [ 36.713, 15.3402 ], [ 36.7255, 15.3255 ], [ 36.7247, 15.3141 ], [ 36.7172, 15.2981 ], [ 36.7303, 15.2651 ], [ 36.7313, 15.2255 ], [ 36.724, 15.1923 ], [ 36.7345, 15.1716 ], [ 36.7518, 15.1597 ], [ 36.7793, 15.125 ], [ 36.8445, 15.0672 ], [ 36.8633, 15.0422 ], [ 36.8925, 15.0329 ], [ 36.9255, 15.0019 ], [ 36.9536, 14.9934 ], [ 36.9892, 14.9925 ], [ 37.0468, 14.9737 ], [ 37.0703, 14.9818 ], [ 37.0788, 14.9811 ], [ 37.1216, 14.9596 ], [ 37.1263, 14.9685 ], [ 37.1345, 14.9747 ], [ 37.1316, 14.9842 ], [ 37.1406, 15.017 ], [ 37.1591, 15.0582 ], [ 37.185, 15.0759 ], [ 37.1971, 15.0883 ], [ 37.2131, 15.1131 ], [ 37.2152, 15.1285 ], [ 37.2094, 15.1485 ], [ 37.2133, 15.1624 ], [ 37.2057, 15.2047 ], [ 37.2127, 15.2207 ], [ 37.2031, 15.2455 ], [ 37.202, 15.259 ], [ 37.2075, 15.3166 ], [ 37.2042, 15.3334 ], [ 37.2064, 15.3516 ], [ 37.197, 15.3705 ], [ 37.1848, 15.3801 ], [ 37.2011, 15.3962 ], [ 37.2069, 15.42 ], [ 37.1937, 15.4427 ], [ 37.1855, 15.4708 ] ] ] } },
{ "type": "Feature", "properties": { "iso3": "ERI", "unit_id": "17832035B76573386416189", "unit_name": "Lalay Gash" }, "geometry": { "type": "Polygon", "coordinates": [ [ [ 37.6889, 14.9672 ], [ 37.6828, 14.9616 ], [ 37.6731, 14.9625 ], [ 37.6593, 14.9576 ], [ 37.6504, 14.9425 ], [ 37.6395, 14.944 ], [ 37.6312, 14.9272 ], [ 37.63, 14.915 ], [ 37.6223, 14.9037 ], [ 37.6265, 14.8956 ], [ 37.6253, 14.8899 ], [ 37.6158, 14.8777 ], [ 37.6065, 14.8746 ], [ 37.5999, 14.8671 ], [ 37.5996, 14.8598 ], [ 37.5865, 14.8488 ], [ 37.5825, 14.8335 ], [ 37.576, 14.8315 ], [ 37.5677, 14.8212 ], [ 37.5515, 14.8116 ], [ 37.5398, 14.8101 ], [ 37.5253, 14.79 ], [ 37.4965, 14.7732 ], [ 37.4855, 14.7782 ], [ 37.4821, 14.7758 ], [ 37.4756, 14.782 ], [ 37.4646, 14.7799 ], [ 37.4613, 14.7726 ], [ 37.4544, 14.7765 ], [ 37.4427, 14.7754 ], [ 37.4449, 14.7806 ], [ 37.4411, 14.7823 ], [ 37.4406, 14.79 ], [ 37.4238, 14.8125 ], [ 37.4289, 14.8174 ], [ 37.4281, 14.8216 ], [ 37.4101, 14.8258 ], [ 37.4078, 14.8339 ], [ 37.3935, 14.8332 ], [ 37.3873, 14.829 ], [ 37.3759, 14.8352 ], [ 37.3611, 14.8357 ], [ 37.3533, 14.8277 ], [ 37.345, 14.8312 ], [ 37.3412, 14.8389 ], [ 37.3288, 14.845 ], [ 37.3126, 14.8418 ], [ 37.3069, 14.8437 ], [ 37.2942, 14.8618 ], [ 37.2937, 14.8752 ], [ 37.2987, 14.8805 ], [ 37.2986, 14.8881 ], [ 37.2928, 14.9143 ], [ 37.3008, 14.9198 ], [ 37.2891, 14.9497 ], [ 37.2948, 14.9582 ], [ 37.2874, 14.973 ], [ 37.2845, 14.9872 ], [ 37.2689, 14.9899 ], [ 37.2568, 14.9802 ], [ 37.2511, 14.9792 ], [ 37.2371, 14.9906 ], [ 37.2332, 15.0068 ], [ 37.2257, 15.0158 ], [ 37.2163, 15.0225 ], [ 37.2037, 15.0233 ], [ 37.2043, 15.0357 ], [ 37.1996, 15.0366 ], [ 37.1989, 15.0403 ], [ 37.1893, 15.0404 ], [ 37.1716, 15.0489 ], [ 37.1673, 15.0648 ], [ 37.1591, 15.0582 ], [ 37.1406, 15.017 ], [ 37.1316, 14.9842 ], [ 37.1345, 14.9747 ], [ 37.1263, 14.9685 ], [ 37.1216, 14.9596 ], [ 37.1007, 14.8902 ], [ 37.0709, 14.8455 ], [ 37.0464, 14.7692 ], [ 37.0608, 14.6796 ], [ 37.0596, 14.6683 ], [ 37.0753, 14.6069 ], [ 37.0927, 14.5094 ], [ 37.1013, 14.4867 ], [ 37.1264, 14.4517 ], [ 37.1308, 14.4212 ], [ 37.1366, 14.4099 ], [ 37.1446, 14.409 ], [ 37.1561, 14.4189 ], [ 37.1672, 14.4218 ], [ 37.1753, 14.4163 ], [ 37.1879, 14.4203 ], [ 37.2037, 14.4291 ], [ 37.2096, 14.4402 ], [ 37.2213, 14.4449 ], [ 37.2289, 14.445 ], [ 37.241, 14.4356 ], [ 37.2523, 14.4335 ], [ 37.2568, 14.4344 ], [ 37.2617, 14.4416 ], [ 37.2859, 14.4418 ], [ 37.2917, 14.4471 ], [ 37.3136, 14.4469 ], [ 37.3164, 14.4326 ], [ 37.3331, 14.428 ], [ 37.3405, 14.4138 ], [ 37.3513, 14.4145 ], [ 37.3475, 14.4041 ], [ 37.3585, 14.3987 ], [ 37.3626, 14.389 ], [ 37.3736, 14.3835 ], [ 37.372, 14.3736 ], [ 37.3803, 14.375 ], [ 37.3844, 14.365 ], [ 37.3924, 14.3662 ], [ 37.3909, 14.3598 ], [ 37.3807, 14.3556 ], [ 37.3805, 14.3436 ], [ 37.3939, 14.3423 ], [ 37.4041, 14.3371 ], [ 37.3985, 14.3215 ], [ 37.4041, 14.3149 ], [ 37.3934, 14.304 ], [ 37.3936, 14.3008 ], [ 37.4056, 14.2897 ], [ 37.4145, 14.2894 ], [ 37.4279, 14.2744 ], [ 37.4339, 14.2733 ], [ 37.4469, 14.2628 ], [ 37.4471, 14.2528 ], [ 37.469, 14.2552 ], [ 37.4719, 14.2498 ], [ 37.4715, 14.2371 ], [ 37.4667, 14.2154 ], [ 37.4761, 14.2142 ], [ 37.4819, 14.2036 ], [ 37.4974, 14.1956 ], [ 37.497, 14.1841 ], [ 37.5065, 14.1807 ], [ 37.5153, 14.1857 ], [ 37.5245, 14.1817 ], [ 37.529, 14.1847 ], [ 37.7854, 14.6578 ], [ 37.7501, 14.6715 ], [ 37.7335, 14.683 ], [ 37.7239, 14.696 ], [ 37.7158, 14.7225 ], [ 37.703, 14.7447 ], [ 37.7027, 14.7621 ], [ 37.7114, 14.7999 ], [ 37.7255, 14.831 ], [ 37.7334, 14.8575 ], [ 37.738, 14.8907 ], [ 37.7342, 14.9083 ], [ 37.7366, 14.9256 ], [ 37.7287, 14.9332 ], [ 37.7126, 14.9321 ], [ 37.6999, 14.9423 ], [ 37.6876, 14.9455 ], [ 37.6868, 14.9513 ], [ 37.6984, 14.9511 ], [ 37.6997, 14.9613 ], [ 37.6946, 14.9668 ], [ 37.6889, 14.9672 ] ] ] } },
{ "type": "Feature", "properties": { "iso3": "ERI", "unit_id": "17832035B11737815306940", "unit_name": "Omhajer" }, "geometry": { "type": "Polygon", "coordinates": [ [ [ 36.9424, 14.9958 ], [ 36.9287, 14.9934 ], [ 36.8781, 14.9955 ], [ 36.8365, 14.9916 ], [ 36.7792, 14.9943 ], [ 36.7249, 15.0102 ], [ 36.688, 15.0269 ], [ 36.6283, 15.0412 ], [ 36.5857, 15.0452 ], [ 36.5765, 15.0443 ], [ 36.5652, 15.0343 ], [ 36.5557, 15.0309 ], [ 36.5362, 15.0133 ], [ 36.5303, 15.0114 ], [ 36.5234, 15.0014 ], [ 36.4595, 15.0 ], [ 36.5235, 14.355 ], [ 36.5319, 14.3122 ], [ 36.5452, 14.274 ], [ 36.5601, 14.2575 ], [ 36.5667, 14.2659 ], [ 36.555, 14.2807 ], [ 36.5561, 14.2839 ], [ 36.5824, 14.2918 ], [ 36.5893, 14.2859 ], [ 36.6057, 14.2964 ], [ 36.6144, 14.2951 ], [ 36.623, 14.3054 ], [ 36.624, 14.3119 ], [ 36.6326, 14.3161 ], [ 36.6392, 14.3116 ], [ 36.6917, 14.3008 ], [ 36.7167, 14.3126 ], [ 36.7293, 14.3128 ], [ 36.7408, 14.322 ], [ 36.7667, 14.3185 ], [ 36.7824, 14.3211 ], [ 36.8169, 14.3166 ], [ 36.8287, 14.3193 ], [ 36.8338, 14.3083 ], [ 36.8351, 14.3135 ], [ 36.8414, 14.3101 ], [ 36.8518, 14.3227 ], [ 36.8665, 14.322 ], [ 36.8801, 14.315 ], [ 36.8976, 14.317 ], [ 36.9036, 14.3081 ], [ 36.9328, 14.3015 ], [ 36.9445, 14.2938 ], [ 36.9716, 14.2925 ], [ 36.9763, 14.2842 ], [ 36.9831, 14.2814 ], [ 36.9905, 14.2662 ], [ 37.0011, 14.2625 ], [ 37.0101, 14.253 ], [ 37.0179, 14.252 ], [ 37.0314, 14.2582 ], [ 37.0403, 14.2681 ], [ 37.046, 14.27 ], [ 37.0672, 14.2643 ], [ 37.0759, 14.2713 ], [ 37.0934, 14.2716 ], [ 37.0974, 14.2748 ], [ 37.0992, 14.2857 ], [ 37.106, 14.2908 ], [ 37.1061, 14.3142 ], [ 37.1093, 14.321 ], [ 37.1028, 14.3298 ], [ 37.1022, 14.3358 ], [ 37.1112, 14.3597 ], [ 37.1171, 14.3642 ], [ 37.1166, 14.372 ], [ 37.1258, 14.383 ], [ 37.1275, 14.3948 ], [ 37.1366, 14.4099 ], [ 37.1308, 14.4212 ], [ 37.1264, 14.4517 ], [ 37.1013, 14.4867 ], [ 37.0927, 14.5094 ], [ 37.0753, 14.6069 ], [ 37.0596, 14.6683 ], [ 37.0608, 14.6796 ], [ 37.0464, 14.7692 ], [ 37.0709, 14.8455 ], [ 37.1007, 14.8902 ], [ 37.1216, 14.9596 ], [ 37.0788, 14.9811 ], [ 37.0703, 14.9818 ], [ 37.0468, 14.9737 ], [ 36.9892, 14.9925 ], [ 36.9424, 14.9958 ] ] ] } },
{ "type": "Feature", "properties": { "iso3": "ERI", "unit_id": "17832035B98159116074413", "unit_name": "Tesseney" }, "geometry": { "type": "Polygon", "coordinates": [ [ [ 36.5756, 15.3276 ], [ 36.5358, 15.2283 ], [ 36.5184, 15.2314 ], [ 36.5072, 15.2283 ], [ 36.4343, 15.1689 ], [ 36.4595, 15.0 ], [ 36.5234, 15.0014 ], [ 36.5303, 15.0114 ], [ 36.5362, 15.0133 ], [ 36.5557, 15.0309 ], [ 36.5652, 15.0343 ], [ 36.5765, 15.0443 ], [ 36.5857, 15.0452 ], [ 36.6283, 15.0412 ], [ 36.688, 15.0269 ], [ 36.7249, 15.0102 ], [ 36.7792, 14.9943 ], [ 36.8365, 14.9916 ], [ 36.8781, 14.9955 ], [ 36.9287, 14.9934 ], [ 36.9424, 14.9958 ], [ 36.9255, 15.0019 ], [ 36.8925, 15.0329 ], [ 36.8633, 15.0422 ], [ 36.8445, 15.0672 ], [ 36.7793, 15.125 ], [ 36.7518, 15.1597 ], [ 36.7345, 15.1716 ], [ 36.724, 15.1923 ], [ 36.7313, 15.2255 ], [ 36.7303, 15.2651 ], [ 36.7172, 15.2981 ], [ 36.7247, 15.3141 ], [ 36.7255, 15.3255 ], [ 36.713, 15.3402 ], [ 36.7056, 15.3703 ], [ 36.6832, 15.3454 ], [ 36.6568, 15.3347 ], [ 36.6439, 15.3261 ], [ 36.6034, 15.3219 ], [ 36.5856, 15.3234 ], [ 36.5756, 15.3276 ] ] ] } },
{ "type": "Feature", "properties": { "iso3": "ERI", "unit_id": "17832035B72758307515018", "unit_name": "Molqi" }, "geometry": { "type": "Polygon", "coordinates": [ [ [ 38.6211, 15.288 ], [ 38.592, 15.2952 ], [ 38.5397, 15.3199 ], [ 38.5057, 15.2899 ], [ 38.492, 15.2364 ], [ 38.4861, 15.2257 ], [ 38.4619, 15.2166 ], [ 38.4506, 15.217 ], [ 38.4054, 15.2055 ], [ 38.3368, 15.2069 ], [ 38.3224, 15.2261 ], [ 38.3054, 15.2386 ], [ 38.3039, 15.2433 ], [ 38.2535, 15.2659 ], [ 38.2399, 15.265 ], [ 38.2182, 15.2554 ], [ 38.2129, 15.261 ], [ 38.2029, 15.2617 ], [ 38.182, 15.2513 ], [ 38.1526, 15.2205 ], [ 38.1298, 15.2113 ], [ 38.0976, 15.1911 ], [ 38.0714, 15.1638 ], [ 38.0738, 15.0118 ], [ 38.0787, 14.9766 ], [ 38.1052, 14.8822 ], [ 38.1234, 14.8673 ], [ 38.1389, 14.8321 ], [ 38.1397, 14.8126 ], [ 38.1303, 14.8047 ], [ 38.0639, 14.8143 ], [ 37.9935, 14.8198 ], [ 37.97, 14.8186 ], [ 37.9717, 14.8135 ], [ 37.9675, 14.8063 ], [ 37.9698, 14.8016 ], [ 37.9783, 14.8035 ], [ 37.9819, 14.8103 ], [ 37.986, 14.8092 ], [ 37.9866, 14.7985 ], [ 37.9914, 14.7903 ], [ 37.9903, 14.777 ], [ 37.9949, 14.7749 ], [ 37.9977, 14.778 ], [ 38.0023, 14.7687 ], [ 38.0132, 14.768 ], [ 38.0224, 14.7597 ], [ 38.0163, 14.7405 ], [ 38.0267, 14.7368 ], [ 38.0551, 14.7146 ], [ 38.0648, 14.7175 ], [ 38.0928, 14.7164 ], [ 38.0953, 14.7111 ], [ 38.1057, 14.7078 ], [ 38.1098, 14.697 ], [ 38.1342, 14.6918 ], [ 38.1358, 14.6844 ], [ 38.1427, 14.6758 ], [ 38.1554, 14.6812 ], [ 38.1706, 14.6805 ], [ 38.1793, 14.6849 ], [ 38.1868, 14.6783 ], [ 38.189, 14.6939 ], [ 38.1954, 14.6948 ], [ 38.2045, 14.6892 ], [ 38.2149, 14.6923 ], [ 38.2204, 14.6867 ], [ 38.23, 14.6881 ], [ 38.2309, 14.6916 ], [ 38.2398, 14.6897 ], [ 38.2463, 14.6824 ], [ 38.2508, 14.6833 ], [ 38.2489, 14.6793 ], [ 38.2564, 14.6805 ], [ 38.2659, 14.6703 ], [ 38.275, 14.6751 ], [ 38.2805, 14.6739 ], [ 38.2815, 14.6776 ], [ 38.2842, 14.6725 ], [ 38.2896, 14.6708 ], [ 38.2983, 14.6778 ], [ 38.3063, 14.6768 ], [ 38.3115, 14.6811 ], [ 38.3195, 14.6767 ], [ 38.328, 14.6817 ], [ 38.3361, 14.6719 ], [ 38.3481, 14.6687 ], [ 38.3538, 14.6721 ], [ 38.3587, 14.6699 ], [ 38.3622, 14.6831 ], [ 38.3706, 14.6902 ], [ 38.3673, 14.6942 ], [ 38.3726, 14.6979 ], [ 38.3721, 14.7094 ], [ 38.378, 14.7172 ], [ 38.3816, 14.7358 ], [ 38.3905, 14.737 ], [ 38.3942, 14.7528 ], [ 38.3983, 14.7539 ], [ 38.3999, 14.7612 ], [ 38.4135, 14.771 ], [ 38.4142, 14.7922 ], [ 38.4183, 14.8005 ], [ 38.4073, 14.8084 ], [ 38.3988, 14.8092 ], [ 38.3947, 14.8136 ], [ 38.3783, 14.8198 ], [ 38.3693, 14.8318 ], [ 38.3615, 14.8317 ], [ 38.3617, 14.844 ], [ 38.3577, 14.8567 ], [ 38.3335, 14.8965 ], [ 38.3358, 14.9202 ], [ 38.3448, 14.9216 ], [ 38.3464, 14.9252 ], [ 38.3552, 14.9231 ], [ 38.3526, 14.93 ], [ 38.3571, 14.9331 ], [ 38.3618, 14.9301 ], [ 38.3619, 14.9365 ], [ 38.3665, 14.937 ], [ 38.3669, 14.9423 ], [ 38.369, 14.9409 ], [ 38.3715, 14.9449 ], [ 38.3805, 14.9475 ], [ 38.3811, 14.9446 ], [ 38.3882, 14.9432 ], [ 38.3919, 14.9506 ], [ 38.3973, 14.9499 ], [ 38.4124, 14.97 ], [ 38.4197, 14.9681 ], [ 38.4234, 14.9732 ], [ 38.4301, 14.9735 ], [ 38.4332, 14.9773 ], [ 38.4445, 14.9758 ], [ 38.4465, 14.9799 ], [ 38.4557, 14.9795 ], [ 38.4685, 14.9871 ], [ 38.4733, 14.994 ], [ 38.4694, 15.0076 ], [ 38.4741, 15.0212 ], [ 38.4688, 15.0583 ], [ 38.4745, 15.0722 ], [ 38.473, 15.0757 ], [ 38.4589, 15.0803 ], [ 38.4517, 15.0775 ], [ 38.4495, 15.0801 ], [ 38.444, 15.0787 ], [ 38.4387, 15.0837 ], [ 38.4261, 15.0854 ], [ 38.4258, 15.0904 ], [ 38.418, 15.0966 ], [ 38.4161, 15.1164 ], [ 38.4101, 15.1204 ], [ 38.4111, 15.1247 ], [ 38.4021, 15.1274 ], [ 38.3986, 15.1432 ], [ 38.3876, 15.1476 ], [ 38.3892, 15.1565 ], [ 38.379, 15.1662 ], [ 38.3766, 15.174 ], [ 38.3854, 15.1743 ], [ 38.3927, 15.1696 ], [ 38.3996, 15.1775 ], [ 38.4122, 15.1751 ], [ 38.4247, 15.163 ], [ 38.4362, 15.1651 ], [ 38.4457, 15.1595 ], [ 38.464, 15.163 ], [ 38.4767, 15.1597 ], [ 38.4786, 15.1644 ], [ 38.4866, 15.167 ], [ 38.4875, 15.1607 ], [ 38.4946, 15.1575 ], [ 38.4988, 15.1594 ], [ 38.5053, 15.1546 ], [ 38.513, 15.1651 ], [ 38.5344, 15.1559 ], [ 38.5426, 15.1662 ], [ 38.5455, 15.1644 ], [ 38.5485, 15.168 ], [ 38.5471, 15.1714 ], [ 38.5524, 15.1718 ], [ 38.5631, 15.1878 ], [ 38.5699, 15.1902 ], [ 38.5788, 15.1804 ], [ 38.5823, 15.1843 ], [ 38.5806, 15.1785 ], [ 38.5836, 15.1734 ], [ 38.5937, 15.1686 ], [ 38.597, 15.1625 ], [ 38.6035, 15.1666 ], [ 38.6131, 15.1659 ], [ 38.6158, 15.1719 ], [ 38.635, 15.1715 ], [ 38.651, 15.1894 ], [ 38.6828, 15.2039 ], [ 38.712, 15.2103 ], [ 38.6826, 15.2395 ], [ 38.6588, 15.251 ], [ 38.6372, 15.2787 ], [ 38.6211, 15.288 ] ] ] } },
{ "type": "Feature", "properties": { "iso3": "ERI", "unit_id": "17832035B10464244240265", "unit_name": "Dbarwa" }, "geometry": { "type": "Polygon", "coordinates": [ [ [ 38.7334, 15.2343 ], [ 38.7151, 15.2108 ], [ 38.6828, 15.2039 ], [ 38.651, 15.1894 ], [ 38.635, 15.1715 ], [ 38.6158, 15.1719 ], [ 38.6131, 15.1659 ], [ 38.6035, 15.1666 ], [ 38.597, 15.1625 ], [ 38.5937, 15.1686 ], [ 38.5836, 15.1734 ], [ 38.5806, 15.1785 ], [ 38.5823, 15.1843 ], [ 38.5788, 15.1804 ], [ 38.5699, 15.1902 ], [ 38.5631, 15.1878 ], [ 38.5524, 15.1718 ], [ 38.5471, 15.1714 ], [ 38.5485, 15.168 ], [ 38.5455, 15.1644 ], [ 38.5426, 15.1662 ], [ 38.5344, 15.1559 ], [ 38.513, 15.1651 ], [ 38.5053, 15.1546 ], [ 38.4988, 15.1594 ], [ 38.4946, 15.1575 ], [ 38.4875, 15.1607 ], [ 38.4866, 15.167 ], [ 38.4786, 15.1644 ], [ 38.4767, 15.1597 ], [ 38.464, 15.163 ], [ 38.4457, 15.1595 ], [ 38.4362, 15.1651 ], [ 38.4247, 15.163 ], [ 38.4122, 15.1751 ], [ 38.3996, 15.1775 ], [ 38.3927, 15.1696 ], [ 38.3854, 15.1743 ], [ 38.3766, 15.174 ], [ 38.379, 15.1662 ], [ 38.3892, 15.1565 ], [ 38.3876, 15.1476 ], [ 38.3986, 15.1432 ], [ 38.4021, 15.1274 ], [ 38.4111, 15.1247 ], [ 38.4101, 15.1204 ], [ 38.4161, 15.1164 ], [ 38.418, 15.0966 ], [ 38.4258, 15.0904 ], [ 38.4261, 15.0854 ], [ 38.4387, 15.0837 ], [ 38.4412, 15.0796 ], [ 38.4495, 15.0801 ], [ 38.4517, 15.0775 ], [ 38.4701, 15.0825 ], [ 38.477, 15.0802 ], [ 38.4837, 15.0859 ], [ 38.5033, 15.0888 ], [ 38.5211, 15.0856 ], [ 38.5368, 15.0904 ], [ 38.5556, 15.0864 ], [ 38.5644, 15.0759 ], [ 38.5846, 15.0703 ], [ 38.5912, 15.0596 ], [ 38.5975, 15.0605 ], [ 38.6079, 15.0528 ], [ 38.611, 15.0548 ], [ 38.6162, 15.0501 ], [ 38.6172, 15.0432 ], [ 38.6292, 15.0388 ], [ 38.6291, 15.034 ], [ 38.6414, 15.0249 ], [ 38.6447, 15.016 ], [ 38.6538, 15.0126 ], [ 38.6625, 15.0013 ], [ 38.6746, 15.0024 ], [ 38.6831, 14.9901 ], [ 38.6936, 14.9826 ], [ 38.6977, 14.9886 ], [ 38.7641, 14.9892 ], [ 38.767, 14.9927 ], [ 38.7819, 14.9928 ], [ 38.7931, 14.9974 ], [ 38.7988, 14.9942 ], [ 38.8329, 14.9913 ], [ 38.8392, 14.9952 ], [ 38.8442, 14.9927 ], [ 38.8503, 14.9962 ], [ 38.8561, 14.9917 ], [ 38.8671, 14.9921 ], [ 38.8731, 14.9881 ], [ 38.8849, 14.9899 ], [ 38.897, 14.9785 ], [ 38.8997, 14.9717 ], [ 38.9111, 14.9685 ], [ 38.9032, 15.0027 ], [ 38.912, 15.022 ], [ 38.9152, 15.0433 ], [ 38.9138, 15.0542 ], [ 38.9176, 15.0607 ], [ 38.911, 15.0625 ], [ 38.9152, 15.0718 ], [ 38.9077, 15.0782 ], [ 38.9135, 15.0921 ], [ 38.9125, 15.1031 ], [ 38.9193, 15.1222 ], [ 38.9147, 15.1326 ], [ 38.9162, 15.1365 ], [ 38.9115, 15.1403 ], [ 38.9118, 15.1464 ], [ 38.9074, 15.1505 ], [ 38.9073, 15.1586 ], [ 38.9023, 15.1667 ], [ 38.9027, 15.1816 ], [ 38.8884, 15.1882 ], [ 38.879, 15.1822 ], [ 38.8778, 15.1868 ], [ 38.8727, 15.1863 ], [ 38.8726, 15.1909 ], [ 38.861, 15.1878 ], [ 38.8602, 15.1972 ], [ 38.8538, 15.2019 ], [ 38.8461, 15.1966 ], [ 38.8463, 15.2037 ], [ 38.8348, 15.2119 ], [ 38.8282, 15.2097 ], [ 38.829, 15.2154 ], [ 38.8117, 15.2258 ], [ 38.7898, 15.2282 ], [ 38.7852, 15.2259 ], [ 38.7856, 15.2352 ], [ 38.7799, 15.2321 ], [ 38.7745, 15.2356 ], [ 38.7514, 15.2319 ], [ 38.7334, 15.2343 ] ] ] } },
{ "type": "Feature", "properties": { "iso3": "ERI", "unit_id": "17832035B97244351526670", "unit_name": "Areza" }, "geometry": { "type": "Polygon", "coordinates": [ [ [ 38.3587, 14.6699 ], [ 38.3816, 14.6756 ], [ 38.3884, 14.6667 ], [ 38.4045, 14.6701 ], [ 38.4135, 14.6679 ], [ 38.4223, 14.6612 ], [ 38.4291, 14.6682 ], [ 38.4352, 14.6658 ], [ 38.4505, 14.6704 ], [ 38.4636, 14.6671 ], [ 38.4755, 14.6748 ], [ 38.4867, 14.6747 ], [ 38.5007, 14.6803 ], [ 38.5071, 14.6786 ], [ 38.5202, 14.6816 ], [ 38.5281, 14.6803 ], [ 38.53, 14.6771 ], [ 38.5506, 14.6821 ], [ 38.5581, 14.6808 ], [ 38.5707, 14.6843 ], [ 38.5766, 14.6932 ], [ 38.5837, 14.6959 ], [ 38.6047, 14.6955 ], [ 38.617, 14.7085 ], [ 38.6158, 14.7108 ], [ 38.6221, 14.7174 ], [ 38.6261, 14.7327 ], [ 38.6229, 14.7466 ], [ 38.6125, 14.7584 ], [ 38.6151, 14.774 ], [ 38.6089, 14.7949 ], [ 38.6247, 14.7977 ], [ 38.6304, 14.8038 ], [ 38.6421, 14.8081 ], [ 38.6462, 14.8159 ], [ 38.6643, 14.8172 ], [ 38.6863, 14.8262 ], [ 38.6875, 14.83 ], [ 38.6718, 14.8519 ], [ 38.6789, 14.8596 ], [ 38.6796, 14.8917 ], [ 38.6744, 14.901 ], [ 38.6656, 14.9385 ], [ 38.6673, 14.9476 ], [ 38.6831, 14.9695 ], [ 38.6788, 14.9803 ], [ 38.6831, 14.9901 ], [ 38.6746, 15.0024 ], [ 38.6625, 15.0013 ], [ 38.6538, 15.0126 ], [ 38.6447, 15.016 ], [ 38.6414, 15.0249 ], [ 38.6291, 15.034 ], [ 38.6292, 15.0388 ], [ 38.6172, 15.0432 ], [ 38.6162, 15.0501 ], [ 38.611, 15.0548 ], [ 38.6079, 15.0528 ], [ 38.5975, 15.0605 ], [ 38.5912, 15.0596 ], [ 38.5846, 15.0703 ], [ 38.5644, 15.0759 ], [ 38.5556, 15.0864 ], [ 38.5368, 15.0904 ], [ 38.5211, 15.0856 ], [ 38.5033, 15.0888 ], [ 38.4837, 15.0859 ], [ 38.477, 15.0802 ], [ 38.4665, 15.0823 ], [ 38.4627, 15.0789 ], [ 38.473, 15.0757 ], [ 38.4745, 15.0722 ], [ 38.4688, 15.0583 ], [ 38.4741, 15.0212 ], [ 38.4694, 15.0076 ], [ 38.4733, 14.994 ], [ 38.4685, 14.9871 ], [ 38.4557, 14.9795 ], [ 38.4465, 14.9799 ], [ 38.4445, 14.9758 ], [ 38.4332, 14.9773 ], [ 38.4301, 14.9735 ], [ 38.4234, 14.9732 ], [ 38.4197, 14.9681 ], [ 38.4124, 14.97 ], [ 38.3973, 14.9499 ], [ 38.3919, 14.9506 ], [ 38.3882, 14.9432 ], [ 38.3811, 14.9446 ], [ 38.3805, 14.9475 ], [ 38.3715, 14.9449 ], [ 38.369, 14.9409 ], [ 38.3669, 14.9423 ], [ 38.3665, 14.937 ], [ 38.3619, 14.9365 ], [ 38.3618, 14.9301 ], [ 38.3571, 14.9331 ], [ 38.3526, 14.93 ], [ 38.3552, 14.9231 ], [ 38.3464, 14.9252 ], [ 38.3448, 14.9216 ], [ 38.3358, 14.9202 ], [ 38.3335, 14.8965 ], [ 38.3577, 14.8567 ], [ 38.3617, 14.844 ], [ 38.3615, 14.8317 ], [ 38.3693, 14.8318 ], [ 38.3783, 14.8198 ], [ 38.3947, 14.8136 ], [ 38.3988, 14.8092 ], [ 38.4073, 14.8084 ], [ 38.4183, 14.8005 ], [ 38.4142, 14.7922 ], [ 38.4135, 14.771 ], [ 38.3999, 14.7612 ], [ 38.3983, 14.7539 ], [ 38.3942, 14.7528 ], [ 38.3905, 14.737 ], [ 38.3816, 14.7358 ], [ 38.378, 14.7172 ], [ 38.3721, 14.7094 ], [ 38.3726, 14.6979 ], [ 38.3673, 14.6942 ], [ 38.3706, 14.6902 ], [ 38.3622, 14.6831 ], [ 38.3587, 14.6699 ] ] ] } },
{ "type": "Feature", "properties": { "iso3": "ERI", "unit_id": "17832035B51347377581471", "unit_name": "Mendefera" }, "geometry": { "type": "Polygon", "coordinates": [ [ [ 38.6831, 14.9901 ], [ 38.6788, 14.9803 ], [ 38.6831, 14.9695 ], [ 38.6673, 14.9476 ], [ 38.6656, 14.9385 ], [ 38.6744, 14.901 ], [ 38.6796, 14.8917 ], [ 38.6789, 14.8596 ], [ 38.6881, 14.8539 ], [ 38.7015, 14.8547 ], [ 38.7041, 14.8479 ], [ 38.7094, 14.852 ], [ 38.7134, 14.8508 ], [ 38.7215, 14.8424 ], [ 38.7255, 14.8303 ], [ 38.741, 14.8237 ], [ 38.7449, 14.8146 ], [ 38.7584, 14.814 ], [ 38.777, 14.8047 ], [ 38.7815, 14.8064 ], [ 38.7902, 14.8024 ], [ 38.7952, 14.8053 ], [ 38.7997, 14.8014 ], [ 38.8029, 14.7851 ], [ 38.8001, 14.7743 ], [ 38.7949, 14.7691 ], [ 38.8014, 14.7585 ], [ 38.8194, 14.7444 ], [ 38.8208, 14.7336 ], [ 38.8136, 14.7274 ], [ 38.8152, 14.7237 ], [ 38.8614, 14.7551 ], [ 38.9096, 14.7669 ], [ 38.9301, 14.803 ], [ 38.9498, 14.8581 ], [ 38.9465, 14.8719 ], [ 38.9344, 14.8873 ], [ 38.935, 14.9026 ], [ 38.9593, 14.9189 ], [ 38.9735, 14.92 ], [ 38.9619, 14.9496 ], [ 38.9333, 14.959 ], [ 38.9257, 14.9658 ], [ 38.9037, 14.9695 ], [ 38.8849, 14.9899 ], [ 38.8731, 14.9881 ], [ 38.8671, 14.9921 ], [ 38.8561, 14.9917 ], [ 38.8503, 14.9962 ], [ 38.8442, 14.9927 ], [ 38.8392, 14.9952 ], [ 38.8329, 14.9913 ], [ 38.7988, 14.9942 ], [ 38.7931, 14.9974 ], [ 38.7819, 14.9928 ], [ 38.767, 14.9927 ], [ 38.7641, 14.9892 ], [ 38.6977, 14.9886 ], [ 38.6936, 14.9826 ], [ 38.6831, 14.9901 ] ] ] } },
{ "type": "Feature", "properties": { "iso3": "ERI", "unit_id": "17832035B56136777167498", "unit_name": "Dekemhare" }, "geometry": { "type": "Polygon", "coordinates": [ [ [ 38.9027, 15.1816 ], [ 38.9023, 15.1667 ], [ 38.9073, 15.1586 ], [ 38.9074, 15.1505 ], [ 38.9118, 15.1464 ], [ 38.9115, 15.1403 ], [ 38.9162, 15.1365 ], [ 38.9147, 15.1326 ], [ 38.9193, 15.1222 ], [ 38.9125, 15.1031 ], [ 38.9135, 15.0921 ], [ 38.9077, 15.0782 ], [ 38.9152, 15.0718 ], [ 38.911, 15.0625 ], [ 38.9176, 15.0607 ], [ 38.9138, 15.0542 ], [ 38.9152, 15.0433 ], [ 38.912, 15.022 ], [ 38.9032, 15.0027 ], [ 38.9111, 14.9685 ], [ 38.9257, 14.9658 ], [ 38.9333, 14.959 ], [ 38.9619, 14.9496 ], [ 38.9735, 14.92 ], [ 38.9815, 14.9164 ], [ 38.9897, 14.9277 ], [ 38.9993, 14.9253 ], [ 39.0144, 14.9327 ], [ 39.0408, 14.9331 ], [ 39.0805, 14.924 ], [ 39.0785, 14.9573 ], [ 39.0835, 14.9698 ], [ 39.0919, 14.9755 ], [ 39.1035, 14.992 ], [ 39.1066, 15.0064 ], [ 39.1035, 15.0102 ], [ 39.1064, 15.0198 ], [ 39.1045, 15.0226 ], [ 39.1139, 15.0312 ], [ 39.1111, 15.043 ], [ 39.1169, 15.0503 ], [ 39.1128, 15.0554 ], [ 39.1126, 15.0821 ], [ 39.1184, 15.1173 ], [ 39.1481, 15.1616 ], [ 39.1653, 15.2076 ], [ 39.1669, 15.2204 ], [ 39.1771, 15.2429 ], [ 39.1736, 15.2506 ], [ 39.1671, 15.2499 ], [ 39.1627, 15.2552 ], [ 39.1601, 15.2519 ], [ 39.1423, 15.2589 ], [ 39.139, 15.2563 ], [ 39.1169, 15.2616 ], [ 39.0787, 15.2554 ], [ 39.0818, 15.2381 ], [ 39.0774, 15.2143 ], [ 39.0668, 15.2134 ], [ 39.0638, 15.2192 ], [ 39.0529, 15.2254 ], [ 39.0414, 15.2142 ], [ 39.0328, 15.223 ], [ 39.023, 15.2255 ], [ 39.021, 15.2219 ], [ 39.0108, 15.2193 ], [ 39.0014, 15.2209 ], [ 39.0021, 15.1946 ], [ 38.9946, 15.1932 ], [ 38.9816, 15.1974 ], [ 38.9755, 15.1928 ], [ 38.9762, 15.1754 ], [ 38.9674, 15.1743 ], [ 38.9601, 15.169 ], [ 38.9543, 15.1681 ], [ 38.9348, 15.1774 ], [ 38.9379, 15.1837 ], [ 38.9358, 15.1852 ], [ 38.9251, 15.1701 ], [ 38.9209, 15.1789 ], [ 38.9027, 15.1816 ] ] ] } },
{ "type": "Feature", "properties": { "iso3": "ERI", "unit_id": "17832035B18024505899440", "unit_name": "Segeneity" }, "geometry": { "type": "Polygon", "coordinates": [ [ [ 39.2055, 15.2152 ], [ 39.1869, 15.2413 ], [ 39.1836, 15.2386 ], [ 39.1819, 15.2427 ], [ 39.1771, 15.2429 ], [ 39.1669, 15.2204 ], [ 39.1653, 15.2076 ], [ 39.1481, 15.1616 ], [ 39.1184, 15.1173 ], [ 39.1126, 15.0821 ], [ 39.1128, 15.0554 ], [ 39.1169, 15.0503 ], [ 39.1111, 15.043 ], [ 39.1139, 15.0312 ], [ 39.1045, 15.0226 ], [ 39.1064, 15.0198 ], [ 39.1035, 15.0102 ], [ 39.1066, 15.0064 ], [ 39.1035, 14.992 ], [ 39.0919, 14.9755 ], [ 39.0835, 14.9698 ], [ 39.0785, 14.9573 ], [ 39.0805, 14.924 ], [ 39.1114, 14.9304 ], [ 39.1471, 14.9261 ], [ 39.1978, 14.902 ], [ 39.2315, 14.8773 ], [ 39.2459, 14.8756 ], [ 39.2657, 14.881 ], [ 39.2863, 14.9043 ], [ 39.2954, 14.9203 ], [ 39.349, 14.9451 ], [ 39.3529, 14.9529 ], [ 39.3527, 14.9636 ], [ 39.3469, 14.9858 ], [ 39.3515, 15.0103 ], [ 39.3738, 15.0309 ], [ 39.3924, 15.0286 ], [ 39.3929, 15.0406 ], [ 39.3838, 15.0476 ], [ 39.3705, 15.0449 ], [ 39.3612, 15.0503 ], [ 39.3516, 15.0503 ], [ 39.3393, 15.0907 ], [ 39.3227, 15.1002 ], [ 39.3122, 15.1327 ], [ 39.3031, 15.1281 ], [ 39.2894, 15.1271 ], [ 39.2791, 15.1201 ], [ 39.274, 15.1232 ], [ 39.2688, 15.1207 ], [ 39.2614, 15.1227 ], [ 39.2517, 15.1376 ], [ 39.252, 15.1399 ], [ 39.2561, 15.1391 ], [ 39.2597, 15.1465 ], [ 39.2574, 15.1493 ], [ 39.2466, 15.1476 ], [ 39.2471, 15.1542 ], [ 39.2528, 15.1552 ], [ 39.2514, 15.16 ], [ 39.2334, 15.172 ], [ 39.2232, 15.1741 ], [ 39.2152, 15.1981 ], [ 39.2081, 15.2057 ], [ 39.2055, 15.2152 ] ] ] } },
{ "type": "Feature", "properties": { "iso3": "ERI", "unit_id": "17832035B35560130619848", "unit_name": "Adi Keyh" }, "geometry": { "type": "Polygon", "coordinates": [ [ [ 39.3924, 15.0286 ], [ 39.3738, 15.0309 ], [ 39.3515, 15.0103 ], [ 39.3469, 14.9858 ], [ 39.3527, 14.9636 ], [ 39.3529, 14.9529 ], [ 39.349, 14.9451 ], [ 39.2954, 14.9203 ], [ 39.2863, 14.9043 ], [ 39.2656, 14.8831 ], [ 39.2676, 14.8674 ], [ 39.2652, 14.8621 ], [ 39.2818, 14.835 ], [ 39.2836, 14.8248 ], [ 39.275, 14.8148 ], [ 39.2523, 14.8015 ], [ 39.2864, 14.7892 ], [ 39.3309, 14.7902 ], [ 39.3537, 14.7715 ], [ 39.3722, 14.7471 ], [ 39.3903, 14.767 ], [ 39.4006, 14.77 ], [ 39.4178, 14.7451 ], [ 39.4271, 14.7368 ], [ 39.441, 14.7365 ], [ 39.4586, 14.7439 ], [ 39.4646, 14.7423 ], [ 39.477, 14.7501 ], [ 39.4834, 14.7485 ], [ 39.4868, 14.752 ], [ 39.4841, 14.7555 ], [ 39.4867, 14.7567 ], [ 39.4837, 14.7736 ], [ 39.4871, 14.779 ], [ 39.4844, 14.7891 ], [ 39.4931, 14.8027 ], [ 39.492, 14.8095 ], [ 39.5012, 14.8275 ], [ 39.5015, 14.8374 ], [ 39.511, 14.8482 ], [ 39.5104, 14.8579 ], [ 39.5169, 14.8641 ], [ 39.5118, 14.8691 ], [ 39.5149, 14.8772 ], [ 39.5111, 14.8847 ], [ 39.5152, 14.8947 ], [ 39.5233, 14.899 ], [ 39.5234, 14.9166 ], [ 39.5276, 14.9253 ], [ 39.5244, 14.9271 ], [ 39.5291, 14.9379 ], [ 39.5263, 14.9433 ], [ 39.5291, 14.9492 ], [ 39.5236, 14.957 ], [ 39.5265, 14.9597 ], [ 39.5222, 14.9647 ], [ 39.5258, 14.9722 ], [ 39.5171, 14.9826 ], [ 39.5078, 14.9852 ], [ 39.5042, 14.9849 ], [ 39.5017, 14.9746 ], [ 39.4903, 14.9752 ], [ 39.484, 14.9811 ], [ 39.4688, 14.9857 ], [ 39.4555, 15.0019 ], [ 39.4452, 15.0037 ], [ 39.436, 15.0108 ], [ 39.4275, 15.0099 ], [ 39.4229, 15.0023 ], [ 39.4124, 15.0097 ], [ 39.399, 15.0022 ], [ 39.3981, 15.0187 ], [ 39.3908, 15.0231 ], [ 39.3924, 15.0286 ] ] ] } },
{ "type": "Feature", "properties": { "iso3": "ERI", "unit_id": "17832035B24737354329396", "unit_name": "Senafe" }, "geometry": { "type": "Polygon", "coordinates": [ [ [ 39.6537, 14.8337 ], [ 39.6439, 14.8496 ], [ 39.6345, 14.8537 ], [ 39.6164, 14.8698 ], [ 39.6227, 14.8745 ], [ 39.6199, 14.8828 ], [ 39.6164, 14.8831 ], [ 39.6104, 14.8753 ], [ 39.6036, 14.8729 ], [ 39.5837, 14.8768 ], [ 39.5733, 14.8897 ], [ 39.5672, 14.9116 ], [ 39.5593, 14.9214 ], [ 39.5431, 14.9267 ], [ 39.5276, 14.9253 ], [ 39.5234, 14.9166 ], [ 39.5233, 14.899 ], [ 39.5152, 14.8947 ], [ 39.5111, 14.8847 ], [ 39.5149, 14.8772 ], [ 39.5118, 14.8691 ], [ 39.5169, 14.8641 ], [ 39.5104, 14.8579 ], [ 39.511, 14.8482 ], [ 39.5015, 14.8374 ], [ 39.5012, 14.8275 ], [ 39.492, 14.8095 ], [ 39.4931, 14.8027 ], [ 39.4844, 14.7891 ], [ 39.4871, 14.779 ], [ 39.4837, 14.7736 ], [ 39.4867, 14.7567 ], [ 39.4841, 14.7555 ], [ 39.4868, 14.752 ], [ 39.4834, 14.7485 ], [ 39.477, 14.7501 ], [ 39.4682, 14.7465 ], [ 39.4646, 14.7423 ], [ 39.4586, 14.7439 ], [ 39.441, 14.7365 ], [ 39.4271, 14.7368 ], [ 39.4178, 14.7451 ], [ 39.4061, 14.7645 ], [ 39.3982, 14.7704 ], [ 39.3903, 14.767 ], [ 39.3752, 14.7531 ], [ 39.3603, 14.7213 ], [ 39.3466, 14.7005 ], [ 39.3178, 14.6873 ], [ 39.3157, 14.6225 ], [ 39.3196, 14.6011 ], [ 39.331, 14.5903 ], [ 39.3355, 14.5792 ], [ 39.3309, 14.5671 ], [ 39.3309, 14.5571 ], [ 39.321, 14.5365 ], [ 39.3202, 14.5304 ], [ 39.3244, 14.5249 ], [ 39.3309, 14.5235 ], [ 39.3366, 14.5151 ], [ 39.3503, 14.5163 ], [ 39.3713, 14.4917 ], [ 39.3781, 14.4944 ], [ 39.3776, 14.5055 ], [ 39.3684, 14.5201 ], [ 39.3695, 14.5301 ], [ 39.3772, 14.5368 ], [ 39.385, 14.538 ], [ 39.3938, 14.5341 ], [ 39.3979, 14.5266 ], [ 39.3984, 14.5175 ], [ 39.3921, 14.5086 ], [ 39.4102, 14.4924 ], [ 39.4166, 14.4928 ], [ 39.4369, 14.4845 ], [ 39.4519, 14.4869 ], [ 39.4625, 14.4805 ], [ 39.4668, 14.4842 ], [ 39.4673, 14.4802 ], [ 39.4846, 14.4766 ], [ 39.4881, 14.4816 ], [ 39.49, 14.4799 ], [ 39.4983, 14.4844 ], [ 39.5027, 14.4827 ], [ 39.5081, 14.486 ], [ 39.5274, 14.486 ], [ 39.5305, 14.4917 ], [ 39.5373, 14.492 ], [ 39.5414, 14.4969 ], [ 39.539, 14.5001 ], [ 39.5175, 14.5091 ], [ 39.5072, 14.5207 ], [ 39.5087, 14.5499 ], [ 39.5262, 14.5662 ], [ 39.5289, 14.5738 ], [ 39.536, 14.578 ], [ 39.5369, 14.5836 ], [ 39.5429, 14.5887 ], [ 39.5546, 14.5877 ], [ 39.5607, 14.5955 ], [ 39.5851, 14.6051 ], [ 39.6077, 14.6047 ], [ 39.6122, 14.5998 ], [ 39.6121, 14.5948 ], [ 39.6242, 14.6021 ], [ 39.635, 14.6016 ], [ 39.6444, 14.6057 ], [ 39.6379, 14.6179 ], [ 39.6341, 14.6427 ], [ 39.6136, 14.6589 ], [ 39.613, 14.6686 ], [ 39.6044, 14.678 ], [ 39.6254, 14.7002 ], [ 39.6283, 14.7084 ], [ 39.6259, 14.7197 ], [ 39.6423, 14.7416 ], [ 39.6384, 14.7541 ], [ 39.6403, 14.7589 ], [ 39.6549, 14.7667 ], [ 39.6445, 14.7689 ], [ 39.6416, 14.7782 ], [ 39.6447, 14.7841 ], [ 39.6412, 14.7861 ], [ 39.6492, 14.792 ], [ 39.6521, 14.8001 ], [ 39.6481, 14.8184 ], [ 39.6537, 14.8337 ] ] ] } },
{ "type": "Feature", "properties": { "iso3": "ERI", "unit_id": "17832035B28901002286947", "unit_name": "Tsorona" }, "geometry": { "type": "Polygon", "coordinates": [ [ [ 39.2523, 14.8015 ], [ 39.1884, 14.7671 ], [ 39.1688, 14.753 ], [ 39.0882, 14.7297 ], [ 39.0685, 14.7192 ], [ 39.0643, 14.7114 ], [ 39.0649, 14.7022 ], [ 39.0759, 14.6783 ], [ 39.0748, 14.6677 ], [ 39.0708, 14.6628 ], [ 39.0494, 14.6553 ], [ 39.04, 14.6488 ], [ 39.0346, 14.6398 ], [ 39.0373, 14.6348 ], [ 39.0436, 14.6348 ], [ 39.0518, 14.6402 ], [ 39.0637, 14.641 ], [ 39.0689, 14.6369 ], [ 39.0767, 14.6367 ], [ 39.0842, 14.6416 ], [ 39.0899, 14.6363 ], [ 39.0979, 14.6357 ], [ 39.1121, 14.6461 ], [ 39.1272, 14.6444 ], [ 39.1293, 14.6414 ], [ 39.139, 14.6501 ], [ 39.1536, 14.6537 ], [ 39.1696, 14.6484 ], [ 39.1765, 14.6506 ], [ 39.1803, 14.6394 ], [ 39.1898, 14.6399 ], [ 39.1861, 14.617 ], [ 39.1907, 14.6073 ], [ 39.1967, 14.6059 ], [ 39.2038, 14.6085 ], [ 39.2124, 14.6222 ], [ 39.2198, 14.609 ], [ 39.2243, 14.609 ], [ 39.2278, 14.6042 ], [ 39.2322, 14.5865 ], [ 39.2381, 14.5831 ], [ 39.2376, 14.5722 ], [ 39.2408, 14.5721 ], [ 39.2431, 14.567 ], [ 39.2416, 14.5439 ], [ 39.2477, 14.5421 ], [ 39.2461, 14.5367 ], [ 39.2512, 14.5323 ], [ 39.2502, 14.5277 ], [ 39.2548, 14.5239 ], [ 39.2531, 14.522 ], [ 39.2587, 14.5206 ], [ 39.2612, 14.516 ], [ 39.2653, 14.4912 ], [ 39.2683, 14.4886 ], [ 39.2679, 14.4849 ], [ 39.2519, 14.4729 ], [ 39.2489, 14.4625 ], [ 39.2372, 14.4591 ], [ 39.2332, 14.4517 ], [ 39.2276, 14.453 ], [ 39.2282, 14.4468 ], [ 39.2318, 14.4472 ], [ 39.2311, 14.442 ], [ 39.2356, 14.4391 ], [ 39.2413, 14.4268 ], [ 39.244, 14.4157 ], [ 39.2515, 14.4091 ], [ 39.2653, 14.4143 ], [ 39.2744, 14.4366 ], [ 39.2977, 14.4701 ], [ 39.3229, 14.4715 ], [ 39.3381, 14.467 ], [ 39.353, 14.4684 ], [ 39.3601, 14.4639 ], [ 39.3781, 14.4806 ], [ 39.3785, 14.4874 ], [ 39.3781, 14.4944 ], [ 39.3713, 14.4917 ], [ 39.3503, 14.5163 ], [ 39.3366, 14.5151 ], [ 39.3309, 14.5235 ], [ 39.3244, 14.5249 ], [ 39.3202, 14.5304 ], [ 39.3309, 14.5571 ], [ 39.3309, 14.5671 ], [ 39.3355, 14.5792 ], [ 39.331, 14.5903 ], [ 39.3196, 14.6011 ], [ 39.3157, 14.6225 ], [ 39.3178, 14.6873 ], [ 39.3466, 14.7005 ], [ 39.3603, 14.7213 ], [ 39.3722, 14.7471 ], [ 39.3537, 14.7715 ], [ 39.3309, 14.7902 ], [ 39.2864, 14.7892 ], [ 39.2523, 14.8015 ] ] ] } },
{ "type": "Feature", "properties": { "iso3": "ERI", "unit_id": "17832035B78868521323517", "unit_name": "Adi Quala" }, "geometry": { "type": "Polygon", "coordinates": [ [ [ 38.8614, 14.7551 ], [ 38.8135, 14.7202 ], [ 38.8084, 14.7205 ], [ 38.8098, 14.7148 ], [ 38.8155, 14.7127 ], [ 38.8152, 14.707 ], [ 38.8047, 14.686 ], [ 38.798, 14.6831 ], [ 38.7891, 14.6681 ], [ 38.7615, 14.6494 ], [ 38.7568, 14.641 ], [ 38.758, 14.6364 ], [ 38.7428, 14.6227 ], [ 38.7324, 14.6044 ], [ 38.7261, 14.6033 ], [ 38.7275, 14.5966 ], [ 38.7178, 14.5963 ], [ 38.7097, 14.5819 ], [ 38.6936, 14.5759 ], [ 38.6896, 14.5435 ], [ 38.6847, 14.5364 ], [ 38.68, 14.5069 ], [ 38.6749, 14.5035 ], [ 38.6841, 14.4752 ], [ 38.6837, 14.4597 ], [ 38.6934, 14.4655 ], [ 38.7022, 14.4655 ], [ 38.7062, 14.4699 ], [ 38.7098, 14.4664 ], [ 38.7332, 14.462 ], [ 38.754, 14.4677 ], [ 38.7548, 14.4721 ], [ 38.7626, 14.4682 ], [ 38.77, 14.4683 ], [ 38.7732, 14.4729 ], [ 38.7964, 14.4677 ], [ 38.8083, 14.4756 ], [ 38.8202, 14.4789 ], [ 38.8169, 14.4844 ], [ 38.8202, 14.4883 ], [ 38.8264, 14.4863 ], [ 38.837, 14.4888 ], [ 38.8483, 14.4996 ], [ 38.8618, 14.4984 ], [ 38.8636, 14.5011 ], [ 38.8644, 14.4984 ], [ 38.8718, 14.498 ], [ 38.8745, 14.5016 ], [ 38.8831, 14.5006 ], [ 38.8993, 14.5047 ], [ 38.9123, 14.5142 ], [ 38.9176, 14.5232 ], [ 38.9258, 14.5275 ], [ 38.9248, 14.5336 ], [ 38.9288, 14.5382 ], [ 38.9401, 14.5401 ], [ 38.9526, 14.5357 ], [ 38.9622, 14.5427 ], [ 38.9743, 14.543 ], [ 38.9841, 14.5569 ], [ 38.9984, 14.5696 ], [ 39.0038, 14.5796 ], [ 39.005, 14.5912 ], [ 39.0172, 14.597 ], [ 39.0188, 14.6109 ], [ 39.0129, 14.619 ], [ 39.0224, 14.6331 ], [ 39.0195, 14.6416 ], [ 39.0213, 14.645 ], [ 39.0004, 14.6631 ], [ 38.9897, 14.6673 ], [ 38.977, 14.6804 ], [ 38.9301, 14.705 ], [ 38.9116, 14.7186 ], [ 38.905, 14.7276 ], [ 38.9013, 14.7439 ], [ 38.9031, 14.7549 ], [ 38.9096, 14.7669 ], [ 38.8614, 14.7551 ] ] ] } },
{ "type": "Feature", "properties": { "iso3": "ERI", "unit_id": "17832035B73129338857067", "unit_name": "Emni Haili" }, "geometry": { "type": "Polygon", "coordinates": [ [ [ 38.6047, 14.6955 ], [ 38.6122, 14.6923 ], [ 38.6169, 14.6831 ], [ 38.6451, 14.6784 ], [ 38.6429, 14.6754 ], [ 38.6449, 14.6703 ], [ 38.6567, 14.6564 ], [ 38.674, 14.6574 ], [ 38.6786, 14.6556 ], [ 38.6797, 14.6507 ], [ 38.6851, 14.6494 ], [ 38.6835, 14.6128 ], [ 38.6858, 14.5988 ], [ 38.6936, 14.5759 ], [ 38.7012, 14.5767 ], [ 38.7032, 14.5804 ], [ 38.7097, 14.5819 ], [ 38.7178, 14.5963 ], [ 38.7275, 14.5966 ], [ 38.7261, 14.6033 ], [ 38.7324, 14.6044 ], [ 38.7428, 14.6227 ], [ 38.758, 14.6364 ], [ 38.7568, 14.641 ], [ 38.7615, 14.6494 ], [ 38.7891, 14.6681 ], [ 38.798, 14.6831 ], [ 38.8012, 14.6827 ], [ 38.8118, 14.6959 ], [ 38.8155, 14.7127 ], [ 38.8098, 14.7148 ], [ 38.8084, 14.7205 ], [ 38.8159, 14.7223 ], [ 38.8136, 14.7274 ], [ 38.8208, 14.7336 ], [ 38.8194, 14.7444 ], [ 38.8014, 14.7585 ], [ 38.7949, 14.7691 ], [ 38.8001, 14.7743 ], [ 38.8029, 14.7851 ], [ 38.7997, 14.8014 ], [ 38.7952, 14.8053 ], [ 38.7902, 14.8024 ], [ 38.7815, 14.8064 ], [ 38.777, 14.8047 ], [ 38.7584, 14.814 ], [ 38.7449, 14.8146 ], [ 38.741, 14.8237 ], [ 38.7255, 14.8303 ], [ 38.7215, 14.8424 ], [ 38.7134, 14.8508 ], [ 38.7094, 14.852 ], [ 38.7041, 14.8479 ], [ 38.7015, 14.8547 ], [ 38.6881, 14.8539 ], [ 38.6789, 14.8596 ], [ 38.6718, 14.8519 ], [ 38.6875, 14.83 ], [ 38.6863, 14.8262 ], [ 38.6643, 14.8172 ], [ 38.6462, 14.8159 ], [ 38.6421, 14.8081 ], [ 38.6304, 14.8038 ], [ 38.6247, 14.7977 ], [ 38.6089, 14.7949 ], [ 38.6151, 14.774 ], [ 38.6125, 14.7584 ], [ 38.6229, 14.7466 ], [ 38.6261, 14.7327 ], [ 38.6221, 14.7174 ], [ 38.6158, 14.7108 ], [ 38.617, 14.7085 ], [ 38.6047, 14.6955 ] ] ] } },
{ "type": "Feature", "properties": { "iso3": "ERI", "unit_id": "17832035B51540486129089", "unit_name": "Maimine" }, "geometry": { "type": "Polygon", "coordinates": [ [ [ 38.2659, 14.6703 ], [ 38.2699, 14.654 ], [ 38.2678, 14.6452 ], [ 38.2757, 14.6408 ], [ 38.2689, 14.6287 ], [ 38.2724, 14.6235 ], [ 38.27, 14.6183 ], [ 38.2805, 14.6123 ], [ 38.2837, 14.6155 ], [ 38.2906, 14.6144 ], [ 38.2916, 14.6092 ], [ 38.2981, 14.6064 ], [ 38.2966, 14.5996 ], [ 38.3128, 14.5905 ], [ 38.3207, 14.5765 ], [ 38.3171, 14.5685 ], [ 38.3218, 14.5522 ], [ 38.3321, 14.5387 ], [ 38.3418, 14.5351 ], [ 38.347, 14.5266 ], [ 38.3472, 14.5131 ], [ 38.3556, 14.5161 ], [ 38.3629, 14.5096 ], [ 38.3599, 14.5025 ], [ 38.3656, 14.4931 ], [ 38.3762, 14.4856 ], [ 38.3853, 14.4872 ], [ 38.391, 14.4846 ], [ 38.3987, 14.4875 ], [ 38.4035, 14.4794 ], [ 38.4015, 14.4705 ], [ 38.4243, 14.4701 ], [ 38.4236, 14.4614 ], [ 38.4331, 14.4403 ], [ 38.431, 14.4357 ], [ 38.4466, 14.429 ], [ 38.4468, 14.4183 ], [ 38.4539, 14.4133 ], [ 38.4769, 14.416 ], [ 38.4786, 14.4205 ], [ 38.4855, 14.4244 ], [ 38.4971, 14.4164 ], [ 38.5092, 14.4192 ], [ 38.5203, 14.4082 ], [ 38.5261, 14.4177 ], [ 38.5481, 14.4272 ], [ 38.5549, 14.426 ], [ 38.5575, 14.4311 ], [ 38.5692, 14.4309 ], [ 38.5721, 14.4365 ], [ 38.6036, 14.4443 ], [ 38.6124, 14.4431 ], [ 38.6206, 14.437 ], [ 38.632, 14.4452 ], [ 38.6472, 14.4427 ], [ 38.6568, 14.4491 ], [ 38.6639, 14.4484 ], [ 38.6695, 14.4553 ], [ 38.6837, 14.4597 ], [ 38.6841, 14.4752 ], [ 38.6749, 14.5035 ], [ 38.68, 14.5069 ], [ 38.6941, 14.5733 ], [ 38.6835, 14.6128 ], [ 38.6851, 14.6494 ], [ 38.6797, 14.6507 ], [ 38.6786, 14.6556 ], [ 38.674, 14.6574 ], [ 38.6567, 14.6564 ], [ 38.6449, 14.6703 ], [ 38.6429, 14.6754 ], [ 38.6451, 14.6784 ], [ 38.6189, 14.6823 ], [ 38.6122, 14.6923 ], [ 38.593, 14.6967 ], [ 38.5766, 14.6932 ], [ 38.5707, 14.6843 ], [ 38.5581, 14.6808 ], [ 38.5506, 14.6821 ], [ 38.53, 14.6771 ], [ 38.5281, 14.6803 ], [ 38.5202, 14.6816 ], [ 38.5071, 14.6786 ], [ 38.5007, 14.6803 ], [ 38.4867, 14.6747 ], [ 38.4755, 14.6748 ], [ 38.4636, 14.6671 ], [ 38.4505, 14.6704 ], [ 38.4352, 14.6658 ], [ 38.4291, 14.6682 ], [ 38.4223, 14.6612 ], [ 38.4135, 14.6679 ], [ 38.4045, 14.6701 ], [ 38.3884, 14.6667 ], [ 38.3816, 14.6756 ], [ 38.3645, 14.6732 ], [ 38.3613, 14.67 ], [ 38.3538, 14.6721 ], [ 38.3481, 14.6687 ], [ 38.3361, 14.6719 ], [ 38.328, 14.6817 ], [ 38.3195, 14.6767 ], [ 38.3115, 14.6811 ], [ 38.3063, 14.6768 ], [ 38.2983, 14.6778 ], [ 38.2896, 14.6708 ], [ 38.2842, 14.6725 ], [ 38.2815, 14.6776 ], [ 38.2805, 14.6739 ], [ 38.275, 14.6751 ], [ 38.2659, 14.6703 ] ] ] } },
{ "type": "Feature", "properties": { "iso3": "ERI", "unit_id": "17832035B85105719736858", "unit_name": "May Aini" }, "geometry": { "type": "Polygon", "coordinates": [ [ [ 38.9301, 14.803 ], [ 38.9031, 14.7549 ], [ 38.9013, 14.7439 ], [ 38.905, 14.7276 ], [ 38.9116, 14.7186 ], [ 38.9301, 14.705 ], [ 38.9668, 14.6869 ], [ 38.9897, 14.6673 ], [ 39.0004, 14.6631 ], [ 39.0213, 14.645 ], [ 39.0195, 14.6416 ], [ 39.0248, 14.6324 ], [ 39.0346, 14.6398 ], [ 39.04, 14.6488 ], [ 39.0494, 14.6553 ], [ 39.0708, 14.6628 ], [ 39.0748, 14.6677 ], [ 39.0759, 14.6783 ], [ 39.0649, 14.7022 ], [ 39.0643, 14.7114 ], [ 39.0685, 14.7192 ], [ 39.0882, 14.7297 ], [ 39.1688, 14.753 ], [ 39.1884, 14.7671 ], [ 39.275, 14.8148 ], [ 39.2836, 14.8248 ], [ 39.2818, 14.835 ], [ 39.2652, 14.8621 ], [ 39.2676, 14.8674 ], [ 39.2657, 14.881 ], [ 39.2459, 14.8756 ], [ 39.2315, 14.8773 ], [ 39.1978, 14.902 ], [ 39.1471, 14.9261 ], [ 39.1114, 14.9304 ], [ 39.0805, 14.924 ], [ 39.0408, 14.9331 ], [ 39.0144, 14.9327 ], [ 38.9993, 14.9253 ], [ 38.9897, 14.9277 ], [ 38.9815, 14.9164 ], [ 38.9735, 14.92 ], [ 38.9593, 14.9189 ], [ 38.935, 14.9026 ], [ 38.9344, 14.8873 ], [ 38.9465, 14.8719 ], [ 38.9498, 14.8581 ], [ 38.9301, 14.803 ] ] ] } }
]
}
