{
"type": "FeatureCollection",
"name": "ETH",
"crs": { "type": "name", "properties": { "name": "urn:ogc:def:crs:OGC:1.3:CRS84" } },
"xy_coordinate_resolution": 0.0001,
"features": [
{ "type": "Feature", "properties": { "iso3": "ETH", "unit_id": "89294058B74501661219768", "unit_name": "North Western" }, "geometry": { "type": "MultiPolygon", "coordinates": [ [ [ [ 37.776, 13.633 ], [ 37.7748, 13.6117 ], [ 37.7846, 13.5973 ], [ 37.7841, 13.5877 ], [ 37.769, 13.5626 ], [ 37.7849, 13.5392 ], [ 37.7927, 13.5206 ], [ 37.809, 13.5191 ], [ 37.8119, 13.4797 ], [ 37.8169, 13.4632 ], [ 37.8664, 13.4751 ], [ 37.8872, 13.4534 ], [ 37.9041, 13.447 ], [ 37.9465, 13.4664 ], [ 37.9625, 13.4896 ], [ 37.9684, 13.4937 ], [ 38.0012, 13.5011 ], [ 38.0081, 13.5008 ], [ 38.0149, 13.4865 ], [ 38.0207, 13.4813 ], [ 38.0244, 13.4857 ], [ 38.0456, 13.4801 ], [ 38.052, 13.4679 ], [ 38.0594, 13.4672 ], [ 38.0829, 13.4837 ], [ 38.1153, 13.4943 ], [ 38.121, 13.5063 ], [ 38.1299, 13.4847 ], [ 38.1452, 13.4717 ], [ 38.1552, 13.4765 ], [ 38.1585, 13.4828 ], [ 38.1737, 13.4934 ], [ 38.2009, 13.4801 ], [ 38.2113, 13.4868 ], [ 38.2273, 13.4892 ], [ 38.248, 13.5017 ], [ 38.2591, 13.4862 ], [ 38.2789, 13.4855 ], [ 38.3199, 13.5022 ], [ 38.323, 13.5096 ], [ 38.32, 13.5238 ], [ 38.326, 13.5344 ], [ 38.3279, 13.5503 ], [ 38.3412, 13.5376 ], [ 38.36, 13.553 ], [ 38.3798, 13.5445 ], [ 38.3856, 13.5516 ], [ 38.3912, 13.5534 ], [ 38.3993, 13.5455 ], [ 38.3994, 13.5397 ], [ 38.4065, 13.5394 ], [ 38.4238, 13.5613 ], [ 38.4264, 13.5713 ], [ 38.4327, 13.5797 ], [ 38.4408, 13.5844 ], [ 38.451, 13.5846 ], [ 38.4433, 13.5689 ], [ 38.4428, 13.5605 ], [ 38.4536, 13.5569 ], [ 38.4652, 13.5676 ], [ 38.4729, 13.5641 ], [ 38.4776, 13.5523 ], [ 38.4899, 13.558 ], [ 38.5014, 13.5579 ], [ 38.5539, 13.5503 ], [ 38.5507, 13.5379 ], [ 38.5425, 13.5258 ], [ 38.5326, 13.5187 ], [ 38.5029, 13.5115 ], [ 38.4968, 13.5068 ], [ 38.4907, 13.4958 ], [ 38.4983, 13.4845 ], [ 38.4674, 13.4849 ], [ 38.4655, 13.4797 ], [ 38.469, 13.4754 ], [ 38.461, 13.4596 ], [ 38.4842, 13.4697 ], [ 38.5117, 13.4729 ], [ 38.5342, 13.4818 ], [ 38.5621, 13.4833 ], [ 38.5675, 13.4865 ], [ 38.573, 13.4977 ], [ 38.5796, 13.5035 ], [ 38.5901, 13.5061 ], [ 38.6054, 13.4907 ], [ 38.614, 13.4907 ], [ 38.6691, 13.5361 ], [ 38.6608, 13.5582 ], [ 38.6398, 13.5779 ], [ 38.6352, 13.6029 ], [ 38.6219, 13.6138 ], [ 38.6136, 13.6334 ], [ 38.5989, 13.6493 ], [ 38.573, 13.6532 ], [ 38.5662, 13.6628 ], [ 38.5304, 13.6873 ], [ 38.5266, 13.6974 ], [ 38.5278, 13.7065 ], [ 38.5222, 13.7168 ], [ 38.5153, 13.7184 ], [ 38.5112, 13.7447 ], [ 38.502, 13.7542 ], [ 38.4993, 13.7681 ], [ 38.4929, 13.7755 ], [ 38.497, 13.7817 ], [ 38.495, 13.7892 ], [ 38.5108, 13.8056 ], [ 38.5112, 13.8112 ], [ 38.5209, 13.8255 ], [ 38.5204, 13.8306 ], [ 38.5298, 13.8326 ], [ 38.5298, 13.8366 ], [ 38.5389, 13.8464 ], [ 38.5468, 13.8499 ], [ 38.5509, 13.855 ], [ 38.5488, 13.8585 ], [ 38.5567, 13.8655 ], [ 38.5658, 13.8835 ], [ 38.5606, 13.8855 ], [ 38.5602, 13.8936 ], [ 38.5572, 13.8939 ], [ 38.5597, 13.8966 ], [ 38.5552, 13.8992 ], [ 38.5605, 13.9079 ], [ 38.5395, 13.9249 ], [ 38.5366, 13.9305 ], [ 38.5323, 13.9309 ], [ 38.5068, 13.9639 ], [ 38.4963, 13.9687 ], [ 38.4996, 13.9854 ], [ 38.4929, 13.9991 ], [ 38.4936, 14.0088 ], [ 38.4881, 14.0193 ], [ 38.4891, 14.0296 ], [ 38.5033, 14.0297 ], [ 38.5065, 14.0356 ], [ 38.5215, 14.0416 ], [ 38.5227, 14.0451 ], [ 38.507, 14.0646 ], [ 38.5043, 14.0729 ], [ 38.4964, 14.0794 ], [ 38.5018, 14.0878 ], [ 38.4955, 14.0918 ], [ 38.5048, 14.1007 ], [ 38.5019, 14.1165 ], [ 38.5211, 14.1242 ], [ 38.5293, 14.1337 ], [ 38.5446, 14.1356 ], [ 38.5495, 14.1398 ], [ 38.5506, 14.1508 ], [ 38.5466, 14.1526 ], [ 38.5455, 14.1589 ], [ 38.5381, 14.1668 ], [ 38.5571, 14.1667 ], [ 38.5571, 14.1735 ], [ 38.5638, 14.1793 ], [ 38.5649, 14.1868 ], [ 38.5695, 14.1913 ], [ 38.5707, 14.1979 ], [ 38.5675, 14.1988 ], [ 38.5777, 14.204 ], [ 38.5667, 14.212 ], [ 38.5609, 14.207 ], [ 38.5567, 14.2127 ], [ 38.5484, 14.2095 ], [ 38.5426, 14.2225 ], [ 38.5332, 14.2106 ], [ 38.5253, 14.2064 ], [ 38.5109, 14.2064 ], [ 38.4957, 14.2166 ], [ 38.4768, 14.2204 ], [ 38.4533, 14.2346 ], [ 38.45, 14.2465 ], [ 38.4574, 14.2508 ], [ 38.4577, 14.2557 ], [ 38.4522, 14.278 ], [ 38.4615, 14.2861 ], [ 38.4588, 14.2892 ], [ 38.4629, 14.2947 ], [ 38.4583, 14.299 ], [ 38.4582, 14.3153 ], [ 38.4505, 14.3228 ], [ 38.4559, 14.3364 ], [ 38.4472, 14.3518 ], [ 38.451, 14.3567 ], [ 38.4481, 14.376 ], [ 38.4394, 14.3914 ], [ 38.4388, 14.3989 ], [ 38.4298, 14.4094 ], [ 38.4345, 14.4178 ], [ 38.4208, 14.4637 ], [ 38.4015, 14.465 ], [ 38.3948, 14.4815 ], [ 38.3734, 14.4802 ], [ 38.3622, 14.4868 ], [ 38.3561, 14.4993 ], [ 38.3559, 14.5067 ], [ 38.3493, 14.5095 ], [ 38.3432, 14.5077 ], [ 38.3398, 14.5137 ], [ 38.3409, 14.522 ], [ 38.3364, 14.5289 ], [ 38.3297, 14.5315 ], [ 38.3152, 14.5507 ], [ 38.3153, 14.5735 ], [ 38.3079, 14.5851 ], [ 38.2931, 14.5948 ], [ 38.292, 14.6024 ], [ 38.2861, 14.6075 ], [ 38.2645, 14.6141 ], [ 38.2691, 14.6344 ], [ 38.2645, 14.6388 ], [ 38.2611, 14.6671 ], [ 38.2516, 14.675 ], [ 38.2282, 14.6858 ], [ 38.215, 14.6828 ], [ 38.21, 14.6868 ], [ 38.1874, 14.6892 ], [ 38.18, 14.6766 ], [ 38.1738, 14.6798 ], [ 38.1562, 14.6765 ], [ 38.1503, 14.6748 ], [ 38.1461, 14.6686 ], [ 38.1393, 14.6673 ], [ 38.1321, 14.6785 ], [ 38.1092, 14.6901 ], [ 38.1056, 14.6975 ], [ 38.0954, 14.7014 ], [ 38.0915, 14.7066 ], [ 38.0535, 14.7108 ], [ 38.0404, 14.7166 ], [ 38.0183, 14.7366 ], [ 38.0205, 14.7608 ], [ 38.0158, 14.7652 ], [ 38.0048, 14.7663 ], [ 37.9996, 14.7754 ], [ 37.9942, 14.7735 ], [ 37.9879, 14.8079 ], [ 37.9745, 14.8016 ], [ 37.9749, 14.818 ], [ 37.971, 14.8304 ], [ 37.9537, 14.8325 ], [ 37.951, 14.8389 ], [ 37.9453, 14.8352 ], [ 37.9403, 14.8455 ], [ 37.9228, 14.8261 ], [ 37.9021, 14.81 ], [ 37.8757, 14.7999 ], [ 37.8495, 14.8125 ], [ 37.8326, 14.8052 ], [ 37.7819, 14.7349 ], [ 37.7736, 14.6982 ], [ 37.7752, 14.6785 ], [ 37.7827, 14.6537 ], [ 37.7736, 14.6304 ], [ 37.753, 14.6427 ], [ 37.7415, 14.6424 ], [ 37.7237, 14.6238 ], [ 37.7099, 14.5886 ], [ 37.7006, 14.5789 ], [ 37.698, 14.5626 ], [ 37.6789, 14.5274 ], [ 37.6723, 14.5217 ], [ 37.6707, 14.5042 ], [ 37.6572, 14.4947 ], [ 37.5954, 14.4776 ], [ 37.5767, 14.4679 ], [ 37.5725, 14.4554 ], [ 37.5488, 14.4461 ], [ 37.5248, 14.46 ], [ 37.5075, 14.4613 ], [ 37.489, 14.4731 ], [ 37.4711, 14.4687 ], [ 37.4431, 14.4706 ], [ 37.4401, 14.4775 ], [ 37.4297, 14.4802 ], [ 37.4033, 14.4714 ], [ 37.3697, 14.4193 ], [ 37.3647, 14.4192 ], [ 37.3611, 14.414 ], [ 37.3553, 14.4164 ], [ 37.347, 14.4112 ], [ 37.3478, 14.4019 ], [ 37.3581, 14.3962 ], [ 37.3626, 14.3883 ], [ 37.3715, 14.3819 ], [ 37.3718, 14.3724 ], [ 37.3803, 14.3723 ], [ 37.3835, 14.3635 ], [ 37.3915, 14.3653 ], [ 37.3888, 14.358 ], [ 37.3792, 14.352 ], [ 37.3808, 14.3401 ], [ 37.3941, 14.3411 ], [ 37.3977, 14.3364 ], [ 37.4027, 14.3359 ], [ 37.3991, 14.3196 ], [ 37.4034, 14.3128 ], [ 37.3931, 14.302 ], [ 37.3948, 14.2965 ], [ 37.4072, 14.2867 ], [ 37.4151, 14.2862 ], [ 37.4258, 14.2736 ], [ 37.4464, 14.2607 ], [ 37.4461, 14.2502 ], [ 37.4691, 14.2513 ], [ 37.4699, 14.2337 ], [ 37.4662, 14.2141 ], [ 37.4769, 14.2114 ], [ 37.482, 14.2011 ], [ 37.4962, 14.1942 ], [ 37.4964, 14.1814 ], [ 37.5071, 14.1791 ], [ 37.5168, 14.1839 ], [ 37.5215, 14.1793 ], [ 37.5265, 14.183 ], [ 37.5262, 14.1711 ], [ 37.5156, 14.1603 ], [ 37.5201, 14.1476 ], [ 37.5204, 14.1354 ], [ 37.5286, 14.1146 ], [ 37.5318, 14.1121 ], [ 37.544, 14.1127 ], [ 37.5518, 14.1039 ], [ 37.5572, 14.1045 ], [ 37.5596, 14.0913 ], [ 37.5694, 14.0964 ], [ 37.5756, 14.0959 ], [ 37.5808, 14.0805 ], [ 37.5923, 14.0684 ], [ 37.5911, 14.0518 ], [ 37.5999, 14.0548 ], [ 37.6031, 14.0401 ], [ 37.6237, 14.0376 ], [ 37.6095, 14.0089 ], [ 37.6222, 13.9985 ], [ 37.6324, 13.9761 ], [ 37.6296, 13.9538 ], [ 37.6356, 13.9514 ], [ 37.6446, 13.9548 ], [ 37.6504, 13.9527 ], [ 37.6553, 13.9451 ], [ 37.6619, 13.9158 ], [ 37.6776, 13.907 ], [ 37.6866, 13.893 ], [ 37.7012, 13.8876 ], [ 37.7173, 13.8984 ], [ 37.7314, 13.8951 ], [ 37.7349, 13.8917 ], [ 37.7369, 13.8801 ], [ 37.7524, 13.8756 ], [ 37.7679, 13.8578 ], [ 37.7632, 13.8506 ], [ 37.7698, 13.8418 ], [ 37.7656, 13.8311 ], [ 37.7731, 13.8272 ], [ 37.7786, 13.8304 ], [ 37.7898, 13.8168 ], [ 37.803, 13.8106 ], [ 37.7997, 13.7744 ], [ 37.8084, 13.7686 ], [ 37.8111, 13.7583 ], [ 37.8065, 13.7552 ], [ 37.8055, 13.7451 ], [ 37.7956, 13.7349 ], [ 37.7897, 13.7096 ], [ 37.7853, 13.7087 ], [ 37.7892, 13.698 ], [ 37.7817, 13.6861 ], [ 37.7771, 13.6841 ], [ 37.7787, 13.6627 ], [ 37.7871, 13.6536 ], [ 37.7793, 13.6436 ], [ 37.7794, 13.6365 ], [ 37.776, 13.633 ] ] ], [ [ [ 38.7286, 13.4024 ], [ 38.7306, 13.409 ], [ 38.7212, 13.4133 ], [ 38.7221, 13.42 ], [ 38.7133, 13.4331 ], [ 38.7131, 13.4403 ], [ 38.7061, 13.4463 ], [ 38.6924, 13.4747 ], [ 38.6801, 13.4862 ], [ 38.6756, 13.4856 ], [ 38.6764, 13.4834 ], [ 38.6613, 13.4847 ], [ 38.6482, 13.4814 ], [ 38.6333, 13.4727 ], [ 38.6158, 13.4514 ], [ 38.6224, 13.4112 ], [ 38.6486, 13.3965 ], [ 38.6691, 13.3919 ], [ 38.7057, 13.3893 ], [ 38.7219, 13.4081 ], [ 38.7286, 13.4024 ] ] ] ] } },
{ "type": "Feature", "properties": { "iso3": "ETH", "unit_id": "89294058B88320197646463", "unit_name": "Central" }, "geometry": { "type": "Polygon", "coordinates": [ [ [ 38.6622, 13.5312 ], [ 38.676, 13.4976 ], [ 38.6733, 13.4918 ], [ 38.6756, 13.4856 ], [ 38.6801, 13.4862 ], [ 38.6924, 13.4747 ], [ 38.7061, 13.4463 ], [ 38.7131, 13.4403 ], [ 38.7133, 13.4331 ], [ 38.7221, 13.42 ], [ 38.7212, 13.4133 ], [ 38.7306, 13.409 ], [ 38.7286, 13.4024 ], [ 38.7331, 13.3988 ], [ 38.7333, 13.3841 ], [ 38.7372, 13.3777 ], [ 38.7302, 13.3654 ], [ 38.7337, 13.3498 ], [ 38.7418, 13.3398 ], [ 38.7417, 13.3335 ], [ 38.7369, 13.3303 ], [ 38.741, 13.3074 ], [ 38.7352, 13.3024 ], [ 38.7393, 13.2964 ], [ 38.7401, 13.2868 ], [ 38.7299, 13.2692 ], [ 38.7316, 13.2623 ], [ 38.7433, 13.265 ], [ 38.7792, 13.2494 ], [ 38.8007, 13.2473 ], [ 38.8191, 13.2347 ], [ 38.8339, 13.2319 ], [ 38.8503, 13.2145 ], [ 38.8631, 13.2095 ], [ 38.8762, 13.2205 ], [ 38.9133, 13.2245 ], [ 38.9296, 13.2357 ], [ 38.9517, 13.2375 ], [ 38.9558, 13.212 ], [ 38.9848, 13.2028 ], [ 38.9974, 13.2034 ], [ 39.0167, 13.1787 ], [ 39.036, 13.1699 ], [ 39.0434, 13.1742 ], [ 39.0475, 13.1833 ], [ 39.0455, 13.1923 ], [ 39.0508, 13.2008 ], [ 39.0588, 13.205 ], [ 39.0688, 13.1993 ], [ 39.0719, 13.2176 ], [ 39.0841, 13.2232 ], [ 39.0932, 13.2233 ], [ 39.1013, 13.2373 ], [ 39.0936, 13.2488 ], [ 39.0918, 13.264 ], [ 39.0981, 13.2814 ], [ 39.0829, 13.2826 ], [ 39.072, 13.2963 ], [ 39.0636, 13.2858 ], [ 39.0609, 13.2874 ], [ 39.0526, 13.2839 ], [ 39.0499, 13.2897 ], [ 39.0419, 13.2892 ], [ 39.0437, 13.2941 ], [ 39.0496, 13.297 ], [ 39.0529, 13.3156 ], [ 39.0645, 13.3232 ], [ 39.066, 13.3277 ], [ 39.0459, 13.3483 ], [ 39.0455, 13.3614 ], [ 39.0384, 13.364 ], [ 39.0284, 13.3761 ], [ 39.0316, 13.3882 ], [ 39.027, 13.3924 ], [ 39.03, 13.4027 ], [ 39.0254, 13.4062 ], [ 39.0271, 13.4166 ], [ 39.0206, 13.4348 ], [ 39.02, 13.4437 ], [ 39.0249, 13.4538 ], [ 39.0208, 13.4607 ], [ 39.0248, 13.4619 ], [ 39.0385, 13.4519 ], [ 39.0433, 13.4543 ], [ 39.0468, 13.4497 ], [ 39.0602, 13.4556 ], [ 39.0697, 13.4703 ], [ 39.0769, 13.4666 ], [ 39.0832, 13.4674 ], [ 39.0809, 13.4766 ], [ 39.0929, 13.4756 ], [ 39.0956, 13.4854 ], [ 39.1047, 13.4876 ], [ 39.1065, 13.4797 ], [ 39.1129, 13.4885 ], [ 39.116, 13.4794 ], [ 39.1258, 13.4785 ], [ 39.1281, 13.4866 ], [ 39.1232, 13.4981 ], [ 39.1272, 13.5091 ], [ 39.1376, 13.5219 ], [ 39.148, 13.5496 ], [ 39.159, 13.5611 ], [ 39.1574, 13.5644 ], [ 39.1342, 13.5606 ], [ 39.129, 13.5667 ], [ 39.1167, 13.5707 ], [ 39.1128, 13.5776 ], [ 39.1047, 13.5804 ], [ 39.1004, 13.5861 ], [ 39.0888, 13.5863 ], [ 39.0882, 13.5897 ], [ 39.1017, 13.5955 ], [ 39.0939, 13.6013 ], [ 39.0951, 13.6051 ], [ 39.0742, 13.6109 ], [ 39.0681, 13.6188 ], [ 39.0629, 13.6135 ], [ 39.0607, 13.6016 ], [ 39.0497, 13.5997 ], [ 39.0436, 13.6008 ], [ 39.032, 13.6119 ], [ 39.0252, 13.6113 ], [ 39.0202, 13.6184 ], [ 39.0301, 13.6227 ], [ 39.0376, 13.6312 ], [ 39.0605, 13.6371 ], [ 39.0636, 13.667 ], [ 39.0741, 13.6883 ], [ 39.0744, 13.6968 ], [ 39.0683, 13.7063 ], [ 39.079, 13.7092 ], [ 39.0962, 13.6961 ], [ 39.1012, 13.6969 ], [ 39.104, 13.6938 ], [ 39.1117, 13.6996 ], [ 39.1175, 13.6964 ], [ 39.1304, 13.7029 ], [ 39.1375, 13.7005 ], [ 39.1373, 13.7058 ], [ 39.1408, 13.7054 ], [ 39.1384, 13.7148 ], [ 39.1554, 13.7187 ], [ 39.1581, 13.7244 ], [ 39.1655, 13.7232 ], [ 39.1695, 13.7368 ], [ 39.1665, 13.7447 ], [ 39.1716, 13.744 ], [ 39.178, 13.7519 ], [ 39.1836, 13.7483 ], [ 39.1817, 13.741 ], [ 39.1921, 13.7476 ], [ 39.1938, 13.7547 ], [ 39.19, 13.765 ], [ 39.2119, 13.7662 ], [ 39.22, 13.7774 ], [ 39.225, 13.7762 ], [ 39.2185, 13.8044 ], [ 39.2242, 13.8147 ], [ 39.2285, 13.8433 ], [ 39.2188, 13.8568 ], [ 39.2206, 13.8666 ], [ 39.2143, 13.8651 ], [ 39.2064, 13.8731 ], [ 39.1938, 13.8947 ], [ 39.1972, 13.8962 ], [ 39.197, 13.9006 ], [ 39.2096, 13.9038 ], [ 39.2106, 13.9074 ], [ 39.2214, 13.9086 ], [ 39.2216, 13.915 ], [ 39.2258, 13.9199 ], [ 39.2315, 13.9209 ], [ 39.231, 13.9274 ], [ 39.238, 13.93 ], [ 39.2413, 13.9333 ], [ 39.24, 13.9358 ], [ 39.246, 13.9373 ], [ 39.2441, 13.9437 ], [ 39.2487, 13.9455 ], [ 39.2487, 13.9527 ], [ 39.2538, 13.953 ], [ 39.2535, 13.9575 ], [ 39.261, 13.9596 ], [ 39.2623, 13.9646 ], [ 39.2732, 13.9639 ], [ 39.2773, 13.9723 ], [ 39.2799, 13.9711 ], [ 39.2798, 13.9754 ], [ 39.2947, 13.9854 ], [ 39.2945, 13.9904 ], [ 39.3006, 13.9893 ], [ 39.3066, 13.9928 ], [ 39.3057, 13.9959 ], [ 39.3177, 14.0158 ], [ 39.3142, 14.0197 ], [ 39.3264, 14.0325 ], [ 39.3309, 14.0487 ], [ 39.3345, 14.0506 ], [ 39.3323, 14.0543 ], [ 39.3353, 14.0758 ], [ 39.3448, 14.0876 ], [ 39.3399, 14.1088 ], [ 39.3266, 14.1267 ], [ 39.3242, 14.1366 ], [ 39.2986, 14.1587 ], [ 39.2939, 14.1597 ], [ 39.2918, 14.1685 ], [ 39.2683, 14.1884 ], [ 39.2559, 14.2057 ], [ 39.2619, 14.221 ], [ 39.2577, 14.2311 ], [ 39.26, 14.2363 ], [ 39.2502, 14.2481 ], [ 39.2363, 14.2547 ], [ 39.2364, 14.2604 ], [ 39.2292, 14.2666 ], [ 39.2341, 14.2704 ], [ 39.2382, 14.2848 ], [ 39.2444, 14.2909 ], [ 39.2396, 14.3016 ], [ 39.2334, 14.305 ], [ 39.2333, 14.2981 ], [ 39.2251, 14.2992 ], [ 39.2191, 14.3062 ], [ 39.225, 14.3071 ], [ 39.2246, 14.3041 ], [ 39.2308, 14.3105 ], [ 39.2397, 14.3094 ], [ 39.2416, 14.3342 ], [ 39.2472, 14.3396 ], [ 39.241, 14.347 ], [ 39.2457, 14.3503 ], [ 39.2481, 14.3617 ], [ 39.2329, 14.3718 ], [ 39.2391, 14.3931 ], [ 39.2466, 14.4054 ], [ 39.2398, 14.4116 ], [ 39.2242, 14.4433 ], [ 39.2191, 14.4782 ], [ 39.2085, 14.4931 ], [ 39.2167, 14.4961 ], [ 39.2279, 14.5116 ], [ 39.2315, 14.5192 ], [ 39.2323, 14.5403 ], [ 39.2385, 14.5476 ], [ 39.2401, 14.5557 ], [ 39.2386, 14.5659 ], [ 39.2265, 14.5682 ], [ 39.2215, 14.5725 ], [ 39.2159, 14.5915 ], [ 39.2003, 14.611 ], [ 39.1777, 14.6185 ], [ 39.1575, 14.6203 ], [ 39.1247, 14.6134 ], [ 39.114, 14.6176 ], [ 39.1044, 14.63 ], [ 39.0807, 14.6365 ], [ 39.0753, 14.6334 ], [ 39.0484, 14.6355 ], [ 39.0414, 14.6316 ], [ 39.0287, 14.6345 ], [ 39.0085, 14.6162 ], [ 39.0127, 14.6034 ], [ 39.01, 14.5903 ], [ 39.0012, 14.5858 ], [ 38.9939, 14.5656 ], [ 38.9809, 14.5527 ], [ 38.9747, 14.5416 ], [ 38.9541, 14.536 ], [ 38.9496, 14.5311 ], [ 38.9373, 14.5321 ], [ 38.921, 14.5113 ], [ 38.9049, 14.5012 ], [ 38.8642, 14.494 ], [ 38.8484, 14.4957 ], [ 38.8361, 14.4847 ], [ 38.8167, 14.4819 ], [ 38.8152, 14.4743 ], [ 38.794, 14.4632 ], [ 38.7748, 14.4669 ], [ 38.7502, 14.4651 ], [ 38.7305, 14.4589 ], [ 38.7029, 14.4653 ], [ 38.6468, 14.4412 ], [ 38.6313, 14.4405 ], [ 38.6158, 14.4335 ], [ 38.6013, 14.4393 ], [ 38.5721, 14.433 ], [ 38.5611, 14.426 ], [ 38.5374, 14.4201 ], [ 38.5159, 14.4051 ], [ 38.506, 14.4133 ], [ 38.4986, 14.4119 ], [ 38.4837, 14.4182 ], [ 38.4562, 14.4094 ], [ 38.4474, 14.4104 ], [ 38.4427, 14.4161 ], [ 38.4427, 14.4222 ], [ 38.4387, 14.4268 ], [ 38.4327, 14.4279 ], [ 38.4345, 14.4178 ], [ 38.4298, 14.4094 ], [ 38.4388, 14.3989 ], [ 38.4394, 14.3914 ], [ 38.4481, 14.376 ], [ 38.451, 14.3567 ], [ 38.4472, 14.3518 ], [ 38.4559, 14.3364 ], [ 38.4505, 14.3228 ], [ 38.4582, 14.3153 ], [ 38.4583, 14.299 ], [ 38.4629, 14.2947 ], [ 38.4588, 14.2892 ], [ 38.4615, 14.2861 ], [ 38.4522, 14.278 ], [ 38.4577, 14.2557 ], [ 38.4574, 14.2508 ], [ 38.45, 14.2465 ], [ 38.4533, 14.2346 ], [ 38.4768, 14.2204 ], [ 38.4957, 14.2166 ], [ 38.5109, 14.2064 ], [ 38.5253, 14.2064 ], [ 38.5332, 14.2106 ], [ 38.5426, 14.2225 ], [ 38.5484, 14.2095 ], [ 38.5567, 14.2127 ], [ 38.5609, 14.207 ], [ 38.5667, 14.212 ], [ 38.5777, 14.204 ], [ 38.5675, 14.1988 ], [ 38.5707, 14.1979 ], [ 38.5695, 14.1913 ], [ 38.5649, 14.1868 ], [ 38.5638, 14.1793 ], [ 38.5571, 14.1735 ], [ 38.5571, 14.1667 ], [ 38.5381, 14.1668 ], [ 38.5455, 14.1589 ], [ 38.5466, 14.1526 ], [ 38.5506, 14.1508 ], [ 38.5495, 14.1398 ], [ 38.5446, 14.1356 ], [ 38.5293, 14.1337 ], [ 38.5211, 14.1242 ], [ 38.5019, 14.1165 ], [ 38.5048, 14.1007 ], [ 38.4955, 14.0918 ], [ 38.5018, 14.0878 ], [ 38.4964, 14.0794 ], [ 38.5043, 14.0729 ], [ 38.507, 14.0646 ], [ 38.5227, 14.0451 ], [ 38.5215, 14.0416 ], [ 38.5065, 14.0356 ], [ 38.5033, 14.0297 ], [ 38.4891, 14.0296 ], [ 38.4881, 14.0193 ], [ 38.4936, 14.0088 ], [ 38.4929, 13.9991 ], [ 38.4996, 13.9854 ], [ 38.4963, 13.9687 ], [ 38.5068, 13.9639 ], [ 38.5323, 13.9309 ], [ 38.5366, 13.9305 ], [ 38.5395, 13.9249 ], [ 38.5605, 13.9079 ], [ 38.5552, 13.8992 ], [ 38.5597, 13.8966 ], [ 38.5572, 13.8939 ], [ 38.5602, 13.8936 ], [ 38.5606, 13.8855 ], [ 38.5658, 13.8835 ], [ 38.5567, 13.8655 ], [ 38.5488, 13.8585 ], [ 38.5509, 13.855 ], [ 38.5468, 13.8499 ], [ 38.5389, 13.8464 ], [ 38.5298, 13.8366 ], [ 38.5298, 13.8326 ], [ 38.5204, 13.8306 ], [ 38.5209, 13.8255 ], [ 38.5112, 13.8112 ], [ 38.5108, 13.8056 ], [ 38.495, 13.7892 ], [ 38.497, 13.7817 ], [ 38.4929, 13.7755 ], [ 38.4993, 13.7681 ], [ 38.502, 13.7542 ], [ 38.5112, 13.7447 ], [ 38.5153, 13.7184 ], [ 38.5222, 13.7168 ], [ 38.5278, 13.7065 ], [ 38.5266, 13.6974 ], [ 38.5304, 13.6873 ], [ 38.5662, 13.6628 ], [ 38.573, 13.6532 ], [ 38.5989, 13.6493 ], [ 38.6136, 13.6334 ], [ 38.6219, 13.6138 ], [ 38.6352, 13.6029 ], [ 38.6398, 13.5779 ], [ 38.6608, 13.5582 ], [ 38.6691, 13.5361 ], [ 38.6622, 13.5312 ] ] ] } },
{ "type": "Feature", "properties": { "iso3": "ETH", "unit_id": "89294058B49789838132956", "unit_name": "Eastern" }, "geometry": { "type": "Polygon", "coordinates": [ [ [ 39.2201, 13.798 ], [ 39.2243, 13.7995 ], [ 39.2382, 13.7932 ], [ 39.2403, 13.7766 ], [ 39.2343, 13.7425 ], [ 39.239, 13.7304 ], [ 39.2437, 13.729 ], [ 39.2474, 13.7205 ], [ 39.2528, 13.7176 ], [ 39.2458, 13.7107 ], [ 39.2488, 13.7063 ], [ 39.2589, 13.7045 ], [ 39.2615, 13.6998 ], [ 39.2653, 13.7044 ], [ 39.2702, 13.702 ], [ 39.2788, 13.7094 ], [ 39.2933, 13.7052 ], [ 39.2959, 13.6998 ], [ 39.3069, 13.6923 ], [ 39.3078, 13.6824 ], [ 39.3152, 13.6778 ], [ 39.3159, 13.6682 ], [ 39.324, 13.6657 ], [ 39.3326, 13.664 ], [ 39.3434, 13.6696 ], [ 39.3682, 13.6657 ], [ 39.3797, 13.6757 ], [ 39.3903, 13.6784 ], [ 39.41, 13.6723 ], [ 39.4091, 13.6643 ], [ 39.4144, 13.6404 ], [ 39.4037, 13.6257 ], [ 39.406, 13.6236 ], [ 39.4118, 13.6257 ], [ 39.415, 13.6184 ], [ 39.4246, 13.6189 ], [ 39.4242, 13.6135 ], [ 39.4352, 13.623 ], [ 39.4445, 13.6215 ], [ 39.4563, 13.6324 ], [ 39.4588, 13.6392 ], [ 39.4626, 13.6383 ], [ 39.465, 13.644 ], [ 39.4774, 13.642 ], [ 39.4783, 13.6264 ], [ 39.4843, 13.6202 ], [ 39.4931, 13.6164 ], [ 39.4978, 13.6241 ], [ 39.5024, 13.6205 ], [ 39.508, 13.6209 ], [ 39.5169, 13.6127 ], [ 39.5188, 13.6024 ], [ 39.5233, 13.6038 ], [ 39.5244, 13.598 ], [ 39.5316, 13.6009 ], [ 39.5283, 13.5956 ], [ 39.5301, 13.594 ], [ 39.5446, 13.6033 ], [ 39.5564, 13.5913 ], [ 39.5581, 13.5836 ], [ 39.5763, 13.5771 ], [ 39.586, 13.5789 ], [ 39.5932, 13.584 ], [ 39.5999, 13.5968 ], [ 39.6094, 13.6038 ], [ 39.6207, 13.5949 ], [ 39.6345, 13.5596 ], [ 39.6485, 13.5684 ], [ 39.6556, 13.5823 ], [ 39.6688, 13.5957 ], [ 39.6784, 13.603 ], [ 39.6845, 13.6032 ], [ 39.6853, 13.6135 ], [ 39.7198, 13.5965 ], [ 39.7227, 13.5897 ], [ 39.7334, 13.5859 ], [ 39.7478, 13.5739 ], [ 39.7464, 13.5708 ], [ 39.763, 13.5713 ], [ 39.7836, 13.5634 ], [ 39.7938, 13.5557 ], [ 39.8038, 13.5537 ], [ 39.8163, 13.5578 ], [ 39.8434, 13.5565 ], [ 39.8639, 13.5482 ], [ 39.8676, 13.5838 ], [ 39.865, 13.6027 ], [ 39.8696, 13.6095 ], [ 39.8665, 13.6269 ], [ 39.8674, 13.6583 ], [ 39.8777, 13.6888 ], [ 39.8741, 13.7222 ], [ 39.876, 13.7382 ], [ 39.8841, 13.7482 ], [ 39.8742, 13.7494 ], [ 39.8638, 13.7551 ], [ 39.8532, 13.7665 ], [ 39.8523, 13.7949 ], [ 39.8415, 13.8035 ], [ 39.8337, 13.8214 ], [ 39.8422, 13.8384 ], [ 39.8363, 13.8541 ], [ 39.8378, 13.8642 ], [ 39.829, 13.8685 ], [ 39.8282, 13.888 ], [ 39.8333, 13.9184 ], [ 39.8261, 13.9214 ], [ 39.8279, 13.9316 ], [ 39.8176, 13.9426 ], [ 39.8017, 13.9456 ], [ 39.8157, 13.9682 ], [ 39.8292, 13.9743 ], [ 39.8356, 13.9756 ], [ 39.8592, 13.9658 ], [ 39.8586, 13.9732 ], [ 39.8691, 13.9829 ], [ 39.8685, 13.9922 ], [ 39.8859, 14.0122 ], [ 39.8663, 14.0216 ], [ 39.8547, 14.031 ], [ 39.844, 14.0503 ], [ 39.8483, 14.078 ], [ 39.8419, 14.097 ], [ 39.8431, 14.1094 ], [ 39.8382, 14.1265 ], [ 39.8376, 14.1542 ], [ 39.8095, 14.1516 ], [ 39.7978, 14.1425 ], [ 39.7671, 14.14 ], [ 39.7495, 14.1518 ], [ 39.715, 14.1563 ], [ 39.682, 14.1647 ], [ 39.6735, 14.1777 ], [ 39.6578, 14.1824 ], [ 39.65, 14.1886 ], [ 39.6564, 14.1928 ], [ 39.6584, 14.1987 ], [ 39.6639, 14.1969 ], [ 39.6723, 14.2003 ], [ 39.6857, 14.2162 ], [ 39.6879, 14.2313 ], [ 39.6941, 14.2413 ], [ 39.7065, 14.2421 ], [ 39.7422, 14.2349 ], [ 39.7573, 14.2398 ], [ 39.7576, 14.2772 ], [ 39.742, 14.2813 ], [ 39.7338, 14.2879 ], [ 39.7268, 14.294 ], [ 39.7262, 14.303 ], [ 39.7713, 14.3199 ], [ 39.7792, 14.3305 ], [ 39.772, 14.3739 ], [ 39.7877, 14.3787 ], [ 39.8009, 14.3872 ], [ 39.8381, 14.3805 ], [ 39.8546, 14.3732 ], [ 39.8531, 14.3671 ], [ 39.8955, 14.3706 ], [ 39.9083, 14.3654 ], [ 39.9163, 14.3703 ], [ 39.9385, 14.3614 ], [ 39.9503, 14.3604 ], [ 39.9798, 14.371 ], [ 39.9908, 14.382 ], [ 39.9817, 14.3938 ], [ 39.9796, 14.4099 ], [ 39.9843, 14.4323 ], [ 39.9809, 14.4408 ], [ 39.9715, 14.4316 ], [ 39.9714, 14.4263 ], [ 39.9499, 14.4106 ], [ 39.9385, 14.4087 ], [ 39.9238, 14.415 ], [ 39.8952, 14.4359 ], [ 39.8726, 14.4619 ], [ 39.8619, 14.4658 ], [ 39.8566, 14.472 ], [ 39.8468, 14.4745 ], [ 39.8313, 14.4849 ], [ 39.82, 14.479 ], [ 39.8132, 14.4824 ], [ 39.801, 14.4992 ], [ 39.7926, 14.5002 ], [ 39.7915, 14.5063 ], [ 39.7685, 14.5332 ], [ 39.7668, 14.5408 ], [ 39.7093, 14.5514 ], [ 39.6803, 14.5888 ], [ 39.6738, 14.5882 ], [ 39.6665, 14.5922 ], [ 39.6574, 14.5898 ], [ 39.6377, 14.5984 ], [ 39.6288, 14.6088 ], [ 39.6227, 14.6359 ], [ 39.6058, 14.6471 ], [ 39.5912, 14.6621 ], [ 39.5752, 14.6699 ], [ 39.5374, 14.6695 ], [ 39.5158, 14.6771 ], [ 39.51, 14.6718 ], [ 39.5027, 14.677 ], [ 39.4971, 14.6543 ], [ 39.4866, 14.6402 ], [ 39.4901, 14.625 ], [ 39.4775, 14.6036 ], [ 39.4778, 14.5976 ], [ 39.4917, 14.5825 ], [ 39.5004, 14.5438 ], [ 39.4933, 14.5095 ], [ 39.4851, 14.5014 ], [ 39.4726, 14.4983 ], [ 39.4678, 14.5084 ], [ 39.4693, 14.5156 ], [ 39.4619, 14.513 ], [ 39.4571, 14.5072 ], [ 39.4521, 14.5109 ], [ 39.4533, 14.5269 ], [ 39.4355, 14.5193 ], [ 39.4291, 14.5244 ], [ 39.4282, 14.5307 ], [ 39.4122, 14.531 ], [ 39.3985, 14.5382 ], [ 39.3836, 14.5358 ], [ 39.3687, 14.5383 ], [ 39.3646, 14.534 ], [ 39.3686, 14.5187 ], [ 39.3646, 14.5058 ], [ 39.3711, 14.4946 ], [ 39.34, 14.5113 ], [ 39.324, 14.4983 ], [ 39.3235, 14.4924 ], [ 39.33, 14.4804 ], [ 39.3138, 14.4789 ], [ 39.3163, 14.4598 ], [ 39.3224, 14.459 ], [ 39.3178, 14.4528 ], [ 39.3233, 14.45 ], [ 39.3148, 14.4376 ], [ 39.2977, 14.4362 ], [ 39.3008, 14.4114 ], [ 39.2929, 14.4106 ], [ 39.2902, 14.4047 ], [ 39.2758, 14.4022 ], [ 39.2554, 14.3923 ], [ 39.2497, 14.3923 ], [ 39.2466, 14.4054 ], [ 39.2391, 14.3931 ], [ 39.2329, 14.3718 ], [ 39.2481, 14.3617 ], [ 39.2457, 14.3503 ], [ 39.241, 14.347 ], [ 39.2472, 14.3396 ], [ 39.2416, 14.3342 ], [ 39.2397, 14.3094 ], [ 39.2308, 14.3105 ], [ 39.2246, 14.3041 ], [ 39.225, 14.3071 ], [ 39.2191, 14.3062 ], [ 39.2251, 14.2992 ], [ 39.2333, 14.2981 ], [ 39.2334, 14.305 ], [ 39.2396, 14.3016 ], [ 39.2444, 14.2909 ], [ 39.2382, 14.2848 ], [ 39.2341, 14.2704 ], [ 39.2292, 14.2666 ], [ 39.2364, 14.2604 ], [ 39.2363, 14.2547 ], [ 39.2502, 14.2481 ], [ 39.26, 14.2363 ], [ 39.2577, 14.2311 ], [ 39.2619, 14.221 ], [ 39.2559, 14.2057 ], [ 39.2683, 14.1884 ], [ 39.2918, 14.1685 ], [ 39.2939, 14.1597 ], [ 39.2986, 14.1587 ], [ 39.3242, 14.1366 ], [ 39.3266, 14.1267 ], [ 39.3399, 14.1088 ], [ 39.3448, 14.0876 ], [ 39.3353, 14.0758 ], [ 39.3323, 14.0543 ], [ 39.3345, 14.0506 ], [ 39.3309, 14.0487 ], [ 39.3264, 14.0325 ], [ 39.3142, 14.0197 ], [ 39.3177, 14.0158 ], [ 39.3057, 13.9959 ], [ 39.3066, 13.9928 ], [ 39.3006, 13.9893 ], [ 39.2945, 13.9904 ], [ 39.2947, 13.9854 ], [ 39.2798, 13.9754 ], [ 39.2799, 13.9711 ], [ 39.2773, 13.9723 ], [ 39.2732, 13.9639 ], [ 39.2623, 13.9646 ], [ 39.261, 13.9596 ], [ 39.2535, 13.9575 ], [ 39.2538, 13.953 ], [ 39.2487, 13.9527 ], [ 39.2487, 13.9455 ], [ 39.2441, 13.9437 ], [ 39.246, 13.9373 ], [ 39.24, 13.9358 ], [ 39.2413, 13.9333 ], [ 39.238, 13.93 ], [ 39.231, 13.9274 ], [ 39.2315, 13.9209 ], [ 39.2258, 13.9199 ], [ 39.2216, 13.915 ], [ 39.2214, 13.9086 ], [ 39.2106, 13.9074 ], [ 39.2096, 13.9038 ], [ 39.197, 13.9006 ], [ 39.1972, 13.8962 ], [ 39.1938, 13.8947 ], [ 39.2064, 13.8731 ], [ 39.2143, 13.8651 ], [ 39.2206, 13.8666 ], [ 39.2188, 13.8568 ], [ 39.2285, 13.8433 ], [ 39.2242, 13.8147 ], [ 39.2185, 13.8044 ], [ 39.2201, 13.798 ] ] ] } },
{ "type": "Feature", "properties": { "iso3": "ETH", "unit_id": "89294058B79691861359794", "unit_name": "Southern" }, "geometry": { "type": "Polygon", "coordinates": [ [ [ 39.2629, 12.3347 ], [ 39.2802, 12.305 ], [ 39.2909, 12.2961 ], [ 39.3052, 12.2973 ], [ 39.3217, 12.3049 ], [ 39.3502, 12.2984 ], [ 39.3886, 12.3005 ], [ 39.4029, 12.2953 ], [ 39.4195, 12.2966 ], [ 39.4556, 12.325 ], [ 39.4705, 12.3214 ], [ 39.5074, 12.3329 ], [ 39.5227, 12.3264 ], [ 39.5385, 12.2919 ], [ 39.5433, 12.265 ], [ 39.5552, 12.2555 ], [ 39.5725, 12.2559 ], [ 39.5919, 12.271 ], [ 39.605, 12.2706 ], [ 39.6142, 12.2757 ], [ 39.6251, 12.288 ], [ 39.6209, 12.3002 ], [ 39.6323, 12.3077 ], [ 39.7063, 12.3062 ], [ 39.7586, 12.32 ], [ 39.7615, 12.3033 ], [ 39.8176, 12.324 ], [ 39.8176, 12.3419 ], [ 39.8309, 12.3575 ], [ 39.8199, 12.39 ], [ 39.821, 12.3952 ], [ 39.8149, 12.4071 ], [ 39.8334, 12.4335 ], [ 39.8631, 12.4633 ], [ 39.8826, 12.4577 ], [ 39.882, 12.467 ], [ 39.8663, 12.4726 ], [ 39.8811, 12.4845 ], [ 39.8682, 12.4943 ], [ 39.8635, 12.5063 ], [ 39.8632, 12.5314 ], [ 39.8524, 12.5474 ], [ 39.8405, 12.5467 ], [ 39.8328, 12.5499 ], [ 39.8259, 12.561 ], [ 39.8268, 12.572 ], [ 39.8155, 12.5814 ], [ 39.8067, 12.5963 ], [ 39.8187, 12.6188 ], [ 39.8326, 12.6344 ], [ 39.8233, 12.6457 ], [ 39.8201, 12.6588 ], [ 39.8261, 12.6937 ], [ 39.8394, 12.7133 ], [ 39.8676, 12.7237 ], [ 39.8698, 12.7339 ], [ 39.8886, 12.7558 ], [ 39.899, 12.7623 ], [ 39.9427, 12.7715 ], [ 39.978, 12.7922 ], [ 39.9726, 12.7974 ], [ 39.9655, 12.8219 ], [ 39.9525, 12.8369 ], [ 39.9412, 12.8613 ], [ 39.9294, 12.8744 ], [ 39.9252, 12.8938 ], [ 39.9064, 12.9143 ], [ 39.9042, 12.9218 ], [ 39.8864, 12.9309 ], [ 39.8726, 12.9425 ], [ 39.8661, 12.9396 ], [ 39.8642, 12.9341 ], [ 39.8557, 12.9277 ], [ 39.8497, 12.9287 ], [ 39.8465, 12.9254 ], [ 39.8379, 12.9345 ], [ 39.838, 12.9409 ], [ 39.8298, 12.94 ], [ 39.8248, 12.9445 ], [ 39.8205, 12.9438 ], [ 39.8177, 12.9394 ], [ 39.8057, 12.9335 ], [ 39.7995, 12.9344 ], [ 39.7925, 12.9287 ], [ 39.7919, 12.9235 ], [ 39.7837, 12.9202 ], [ 39.7826, 12.9125 ], [ 39.7732, 12.8971 ], [ 39.7646, 12.8931 ], [ 39.7604, 12.8867 ], [ 39.7498, 12.8828 ], [ 39.713, 12.8886 ], [ 39.7094, 12.8914 ], [ 39.709, 12.8973 ], [ 39.6959, 12.9055 ], [ 39.6894, 12.9038 ], [ 39.6866, 12.9077 ], [ 39.6741, 12.9048 ], [ 39.6649, 12.9075 ], [ 39.6612, 12.9119 ], [ 39.624, 12.9042 ], [ 39.6077, 12.937 ], [ 39.609, 12.9488 ], [ 39.5998, 12.9648 ], [ 39.5829, 12.9655 ], [ 39.5839, 12.9694 ], [ 39.5595, 12.9934 ], [ 39.5542, 13.0063 ], [ 39.5459, 13.0113 ], [ 39.5347, 13.0251 ], [ 39.5308, 13.0357 ], [ 39.5336, 13.0415 ], [ 39.5135, 13.0462 ], [ 39.4959, 13.0353 ], [ 39.4861, 13.0385 ], [ 39.4695, 13.0321 ], [ 39.4827, 13.0216 ], [ 39.482, 13.0133 ], [ 39.4903, 13.0081 ], [ 39.4972, 12.99 ], [ 39.4897, 12.9845 ], [ 39.4855, 12.9877 ], [ 39.4725, 12.9865 ], [ 39.4518, 12.9978 ], [ 39.4535, 13.0108 ], [ 39.4479, 13.0167 ], [ 39.4442, 13.028 ], [ 39.4341, 13.0277 ], [ 39.4146, 13.0423 ], [ 39.413, 13.0587 ], [ 39.3985, 13.0649 ], [ 39.3878, 13.0822 ], [ 39.3787, 13.0812 ], [ 39.3743, 13.0846 ], [ 39.3642, 13.0854 ], [ 39.3461, 13.1003 ], [ 39.3359, 13.0958 ], [ 39.3322, 13.0892 ], [ 39.3217, 13.0825 ], [ 39.3149, 13.0648 ], [ 39.3085, 13.061 ], [ 39.3064, 13.052 ], [ 39.3009, 13.0513 ], [ 39.3049, 13.0375 ], [ 39.3021, 13.0381 ], [ 39.2991, 13.0316 ], [ 39.2956, 13.0343 ], [ 39.292, 13.0326 ], [ 39.2848, 13.0198 ], [ 39.2792, 13.0195 ], [ 39.2753, 13.0291 ], [ 39.2625, 13.0266 ], [ 39.2493, 13.017 ], [ 39.2209, 13.008 ], [ 39.2172, 12.9863 ], [ 39.2211, 12.9807 ], [ 39.2335, 12.9754 ], [ 39.2407, 12.9635 ], [ 39.236, 12.9578 ], [ 39.2388, 12.9315 ], [ 39.2331, 12.9167 ], [ 39.2508, 12.918 ], [ 39.2587, 12.9147 ], [ 39.2631, 12.8941 ], [ 39.279, 12.8562 ], [ 39.2949, 12.8709 ], [ 39.303, 12.8701 ], [ 39.3068, 12.8663 ], [ 39.3101, 12.8522 ], [ 39.2777, 12.826 ], [ 39.3072, 12.8117 ], [ 39.3036, 12.7933 ], [ 39.2957, 12.7855 ], [ 39.2758, 12.7878 ], [ 39.2677, 12.7713 ], [ 39.2789, 12.7585 ], [ 39.2809, 12.7433 ], [ 39.2739, 12.7266 ], [ 39.2695, 12.7232 ], [ 39.2855, 12.7044 ], [ 39.2805, 12.688 ], [ 39.2389, 12.6631 ], [ 39.2308, 12.6665 ], [ 39.1989, 12.6604 ], [ 39.1814, 12.6527 ], [ 39.1744, 12.6435 ], [ 39.1834, 12.6303 ], [ 39.183, 12.6123 ], [ 39.2043, 12.576 ], [ 39.2092, 12.5606 ], [ 39.2087, 12.5496 ], [ 39.2176, 12.536 ], [ 39.2298, 12.5011 ], [ 39.2309, 12.4862 ], [ 39.2364, 12.4731 ], [ 39.2362, 12.449 ], [ 39.2414, 12.4256 ], [ 39.2399, 12.3945 ], [ 39.2455, 12.3529 ], [ 39.2629, 12.3347 ] ] ] } },
{ "type": "Feature", "properties": { "iso3": "ETH", "unit_id": "89294058B5252877810327", "unit_name": "Western" }, "geometry": { "type": "Polygon", "coordinates": [ [ [ 37.3495, 14.4132 ], [ 37.3453, 14.4158 ], [ 37.344, 14.409 ], [ 37.3367, 14.4111 ], [ 37.3275, 14.4226 ], [ 37.3143, 14.4287 ], [ 37.3079, 14.4426 ], [ 37.2993, 14.4446 ], [ 37.2581, 14.4348 ], [ 37.2479, 14.4295 ], [ 37.2269, 14.4404 ], [ 37.219, 14.4389 ], [ 37.212, 14.4369 ], [ 37.1935, 14.4204 ], [ 37.1797, 14.4145 ], [ 37.1711, 14.4134 ], [ 37.1642, 14.4173 ], [ 37.1338, 14.4054 ], [ 37.1025, 14.3434 ], [ 37.0996, 14.3333 ], [ 37.1047, 14.3208 ], [ 37.1034, 14.2908 ], [ 37.096, 14.2825 ], [ 37.0938, 14.2717 ], [ 37.0893, 14.268 ], [ 37.0715, 14.2666 ], [ 37.0651, 14.2619 ], [ 37.0436, 14.2664 ], [ 37.0175, 14.2506 ], [ 37.0081, 14.2495 ], [ 36.9903, 14.2598 ], [ 36.9692, 14.2871 ], [ 36.9562, 14.2904 ], [ 36.9437, 14.2891 ], [ 36.9326, 14.2957 ], [ 36.9003, 14.3047 ], [ 36.8946, 14.3108 ], [ 36.8782, 14.3109 ], [ 36.8633, 14.3178 ], [ 36.8486, 14.3163 ], [ 36.8407, 14.3087 ], [ 36.8322, 14.3069 ], [ 36.827, 14.3089 ], [ 36.8249, 14.3137 ], [ 36.7465, 14.3177 ], [ 36.6858, 14.2959 ], [ 36.6288, 14.3076 ], [ 36.6213, 14.3062 ], [ 36.6186, 14.2941 ], [ 36.6143, 14.2924 ], [ 36.6069, 14.2938 ], [ 36.5842, 14.2831 ], [ 36.5781, 14.287 ], [ 36.5527, 14.2789 ], [ 36.5428, 14.2621 ], [ 36.4811, 14.065 ], [ 36.491, 14.0771 ], [ 36.4812, 14.065 ], [ 36.4464, 13.9569 ], [ 36.4869, 13.8394 ], [ 36.4535, 13.763 ], [ 36.4554, 13.7544 ], [ 36.4807, 13.7347 ], [ 36.4838, 13.7271 ], [ 36.4778, 13.7208 ], [ 36.4786, 13.7048 ], [ 36.4758, 13.7004 ], [ 36.4777, 13.6935 ], [ 36.4942, 13.6699 ], [ 36.5044, 13.6651 ], [ 36.5128, 13.6313 ], [ 36.5261, 13.6065 ], [ 36.5196, 13.5855 ], [ 36.5378, 13.582 ], [ 36.5399, 13.5755 ], [ 36.5547, 13.5713 ], [ 36.5603, 13.5633 ], [ 36.5617, 13.5555 ], [ 36.5585, 13.5515 ], [ 36.564, 13.5474 ], [ 36.5665, 13.5391 ], [ 36.5647, 13.533 ], [ 36.5724, 13.5222 ], [ 36.5797, 13.5203 ], [ 36.5981, 13.5047 ], [ 36.6011, 13.4984 ], [ 36.5964, 13.4891 ], [ 36.5743, 13.4779 ], [ 36.571, 13.4669 ], [ 36.5729, 13.4562 ], [ 36.5664, 13.4462 ], [ 36.5695, 13.4253 ], [ 36.5887, 13.4028 ], [ 36.5927, 13.389 ], [ 36.6048, 13.3776 ], [ 36.6095, 13.3752 ], [ 36.6358, 13.3825 ], [ 36.6439, 13.3781 ], [ 36.6491, 13.3802 ], [ 36.6561, 13.3691 ], [ 36.6646, 13.3666 ], [ 36.6851, 13.3748 ], [ 36.7054, 13.3721 ], [ 36.7148, 13.3671 ], [ 36.7314, 13.3687 ], [ 36.7347, 13.3631 ], [ 36.7669, 13.3781 ], [ 36.7832, 13.4029 ], [ 36.8086, 13.4185 ], [ 36.8171, 13.4465 ], [ 36.8248, 13.4482 ], [ 36.8437, 13.4409 ], [ 36.8447, 13.4354 ], [ 36.8712, 13.419 ], [ 36.8812, 13.4075 ], [ 36.8955, 13.4069 ], [ 36.9051, 13.3882 ], [ 36.9154, 13.3828 ], [ 36.9192, 13.3768 ], [ 36.9269, 13.3776 ], [ 36.9297, 13.3721 ], [ 36.9386, 13.38 ], [ 36.9461, 13.3698 ], [ 36.9569, 13.3624 ], [ 36.9645, 13.3696 ], [ 36.9821, 13.3613 ], [ 37.0018, 13.3567 ], [ 37.013, 13.3605 ], [ 37.035, 13.3533 ], [ 37.0397, 13.351 ], [ 37.0525, 13.333 ], [ 37.0656, 13.3299 ], [ 37.0693, 13.3174 ], [ 37.0764, 13.318 ], [ 37.0784, 13.3118 ], [ 37.0987, 13.3164 ], [ 37.1275, 13.3051 ], [ 37.1577, 13.2978 ], [ 37.1857, 13.2826 ], [ 37.2047, 13.2557 ], [ 37.2244, 13.2747 ], [ 37.2398, 13.2769 ], [ 37.2462, 13.2922 ], [ 37.2505, 13.295 ], [ 37.2806, 13.2849 ], [ 37.3127, 13.2975 ], [ 37.3218, 13.2972 ], [ 37.3355, 13.3104 ], [ 37.3443, 13.3244 ], [ 37.3504, 13.3267 ], [ 37.3554, 13.3513 ], [ 37.359, 13.3575 ], [ 37.3652, 13.3599 ], [ 37.3958, 13.3578 ], [ 37.4158, 13.374 ], [ 37.4249, 13.3635 ], [ 37.4376, 13.3583 ], [ 37.4405, 13.3541 ], [ 37.462, 13.3595 ], [ 37.4715, 13.3669 ], [ 37.4901, 13.3632 ], [ 37.4949, 13.3678 ], [ 37.5178, 13.3665 ], [ 37.552, 13.3886 ], [ 37.5672, 13.3882 ], [ 37.5823, 13.397 ], [ 37.5902, 13.3976 ], [ 37.611, 13.4111 ], [ 37.6176, 13.4079 ], [ 37.6317, 13.4109 ], [ 37.6484, 13.4254 ], [ 37.6557, 13.4348 ], [ 37.6566, 13.4414 ], [ 37.6768, 13.4507 ], [ 37.6854, 13.4653 ], [ 37.6941, 13.4724 ], [ 37.6909, 13.4847 ], [ 37.6987, 13.4954 ], [ 37.7096, 13.5302 ], [ 37.7155, 13.5345 ], [ 37.7144, 13.542 ], [ 37.7201, 13.5462 ], [ 37.727, 13.5634 ], [ 37.7357, 13.5721 ], [ 37.7461, 13.5709 ], [ 37.7458, 13.5781 ], [ 37.7539, 13.5912 ], [ 37.7599, 13.591 ], [ 37.7651, 13.6022 ], [ 37.7644, 13.6184 ], [ 37.7694, 13.6279 ], [ 37.7794, 13.6365 ], [ 37.7793, 13.6436 ], [ 37.7871, 13.6536 ], [ 37.7787, 13.6627 ], [ 37.7771, 13.6841 ], [ 37.7817, 13.6861 ], [ 37.7892, 13.698 ], [ 37.7853, 13.7087 ], [ 37.7897, 13.7096 ], [ 37.7956, 13.7349 ], [ 37.8055, 13.7451 ], [ 37.8065, 13.7552 ], [ 37.8111, 13.7583 ], [ 37.8084, 13.7686 ], [ 37.7997, 13.7744 ], [ 37.803, 13.8106 ], [ 37.7898, 13.8168 ], [ 37.7786, 13.8304 ], [ 37.7731, 13.8272 ], [ 37.7656, 13.8311 ], [ 37.7698, 13.8418 ], [ 37.7632, 13.8506 ], [ 37.7679, 13.8578 ], [ 37.7524, 13.8756 ], [ 37.7369, 13.8801 ], [ 37.7349, 13.8917 ], [ 37.7314, 13.8951 ], [ 37.7173, 13.8984 ], [ 37.7012, 13.8876 ], [ 37.6866, 13.893 ], [ 37.6776, 13.907 ], [ 37.6619, 13.9158 ], [ 37.6553, 13.9451 ], [ 37.6504, 13.9527 ], [ 37.6446, 13.9548 ], [ 37.6356, 13.9514 ], [ 37.6296, 13.9538 ], [ 37.6324, 13.9761 ], [ 37.6222, 13.9985 ], [ 37.6095, 14.0089 ], [ 37.6237, 14.0376 ], [ 37.6031, 14.0401 ], [ 37.5999, 14.0548 ], [ 37.5911, 14.0518 ], [ 37.5923, 14.0684 ], [ 37.5808, 14.0805 ], [ 37.5756, 14.0959 ], [ 37.5694, 14.0964 ], [ 37.5596, 14.0913 ], [ 37.5572, 14.1045 ], [ 37.5518, 14.1039 ], [ 37.544, 14.1127 ], [ 37.5318, 14.1121 ], [ 37.5286, 14.1146 ], [ 37.5204, 14.1354 ], [ 37.5201, 14.1476 ], [ 37.5156, 14.1603 ], [ 37.5262, 14.1711 ], [ 37.5265, 14.183 ], [ 37.5215, 14.1793 ], [ 37.5168, 14.1839 ], [ 37.5071, 14.1791 ], [ 37.4964, 14.1814 ], [ 37.4962, 14.1942 ], [ 37.482, 14.2011 ], [ 37.4769, 14.2114 ], [ 37.4662, 14.2141 ], [ 37.4699, 14.2337 ], [ 37.4691, 14.2513 ], [ 37.4461, 14.2502 ], [ 37.4464, 14.2607 ], [ 37.4258, 14.2736 ], [ 37.4151, 14.2862 ], [ 37.4072, 14.2867 ], [ 37.3948, 14.2965 ], [ 37.3931, 14.302 ], [ 37.4034, 14.3128 ], [ 37.3991, 14.3196 ], [ 37.4027, 14.3359 ], [ 37.3977, 14.3364 ], [ 37.3941, 14.3411 ], [ 37.3808, 14.3401 ], [ 37.3792, 14.352 ], [ 37.3888, 14.358 ], [ 37.3915, 14.3653 ], [ 37.3835, 14.3635 ], [ 37.3803, 14.3723 ], [ 37.3718, 14.3724 ], [ 37.3715, 14.3819 ], [ 37.3626, 14.3883 ], [ 37.3581, 14.3962 ], [ 37.3478, 14.4019 ], [ 37.347, 14.4112 ], [ 37.3495, 14.4132 ] ] ] } },
{ "type": "Feature", "properties": { "iso3": "ETH", "unit_id": "89294058B23685217137850", "unit_name": "South Eastern" }, "geometry": { "type": "MultiPolygon", "coordinates": [ [ [ [ 39.036, 13.1699 ], [ 39.0426, 13.1556 ], [ 39.0369, 13.1342 ], [ 39.0202, 13.1269 ], [ 39.0102, 13.114 ], [ 38.9786, 13.099 ], [ 38.9898, 13.0813 ], [ 38.994, 13.0453 ], [ 39.0001, 13.0389 ], [ 39.0043, 13.0234 ], [ 38.9945, 13.0117 ], [ 39.0002, 13.0034 ], [ 39.0343, 13.0005 ], [ 39.0536, 12.9907 ], [ 39.0741, 12.9761 ], [ 39.0829, 12.9593 ], [ 39.1191, 12.9609 ], [ 39.1419, 12.9558 ], [ 39.1635, 12.9484 ], [ 39.1928, 12.9281 ], [ 39.2033, 12.9289 ], [ 39.2331, 12.9167 ], [ 39.2388, 12.9315 ], [ 39.236, 12.9578 ], [ 39.2407, 12.9635 ], [ 39.2335, 12.9754 ], [ 39.2211, 12.9807 ], [ 39.2172, 12.9863 ], [ 39.2209, 13.008 ], [ 39.2493, 13.017 ], [ 39.2625, 13.0266 ], [ 39.2753, 13.0291 ], [ 39.2792, 13.0195 ], [ 39.2848, 13.0198 ], [ 39.292, 13.0326 ], [ 39.2956, 13.0343 ], [ 39.2991, 13.0316 ], [ 39.3021, 13.0381 ], [ 39.3049, 13.0375 ], [ 39.3009, 13.0513 ], [ 39.3064, 13.052 ], [ 39.3085, 13.061 ], [ 39.3149, 13.0648 ], [ 39.3217, 13.0825 ], [ 39.3322, 13.0892 ], [ 39.3359, 13.0958 ], [ 39.3461, 13.1003 ], [ 39.3642, 13.0854 ], [ 39.3743, 13.0846 ], [ 39.3787, 13.0812 ], [ 39.3878, 13.0822 ], [ 39.3985, 13.0649 ], [ 39.413, 13.0587 ], [ 39.4146, 13.0423 ], [ 39.4341, 13.0277 ], [ 39.4442, 13.028 ], [ 39.4479, 13.0167 ], [ 39.4535, 13.0108 ], [ 39.4518, 12.9978 ], [ 39.4725, 12.9865 ], [ 39.4855, 12.9877 ], [ 39.4897, 12.9845 ], [ 39.4972, 12.99 ], [ 39.4903, 13.0081 ], [ 39.482, 13.0133 ], [ 39.4827, 13.0216 ], [ 39.4695, 13.0321 ], [ 39.4861, 13.0385 ], [ 39.4959, 13.0353 ], [ 39.5135, 13.0462 ], [ 39.5336, 13.0415 ], [ 39.5308, 13.0357 ], [ 39.5347, 13.0251 ], [ 39.5459, 13.0113 ], [ 39.5542, 13.0063 ], [ 39.5595, 12.9934 ], [ 39.5839, 12.9694 ], [ 39.5829, 12.9655 ], [ 39.5998, 12.9648 ], [ 39.609, 12.9488 ], [ 39.6077, 12.937 ], [ 39.624, 12.9042 ], [ 39.6612, 12.9119 ], [ 39.6649, 12.9075 ], [ 39.6741, 12.9048 ], [ 39.6866, 12.9077 ], [ 39.6894, 12.9038 ], [ 39.6959, 12.9055 ], [ 39.709, 12.8973 ], [ 39.7094, 12.8914 ], [ 39.713, 12.8886 ], [ 39.7498, 12.8828 ], [ 39.7604, 12.8867 ], [ 39.7646, 12.8931 ], [ 39.7732, 12.8971 ], [ 39.7826, 12.9125 ], [ 39.7837, 12.9202 ], [ 39.7919, 12.9235 ], [ 39.7925, 12.9287 ], [ 39.7995, 12.9344 ], [ 39.8057, 12.9335 ], [ 39.8248, 12.9445 ], [ 39.8298, 12.94 ], [ 39.838, 12.9409 ], [ 39.8379, 12.9345 ], [ 39.8465, 12.9254 ], [ 39.8497, 12.9287 ], [ 39.8557, 12.9277 ], [ 39.8642, 12.9341 ], [ 39.8661, 12.9396 ], [ 39.8726, 12.9425 ], [ 39.86, 12.9696 ], [ 39.8631, 13.0197 ], [ 39.858, 13.0362 ], [ 39.8351, 13.083 ], [ 39.8312, 13.1125 ], [ 39.8119, 13.1552 ], [ 39.8092, 13.1767 ], [ 39.8038, 13.1897 ], [ 39.8085, 13.2172 ], [ 39.8006, 13.2192 ], [ 39.7991, 13.2275 ], [ 39.7872, 13.2456 ], [ 39.7857, 13.2627 ], [ 39.7673, 13.2853 ], [ 39.7586, 13.2789 ], [ 39.725, 13.2883 ], [ 39.7197, 13.2946 ], [ 39.7377, 13.3211 ], [ 39.7365, 13.3273 ], [ 39.7417, 13.3513 ], [ 39.74, 13.3633 ], [ 39.7295, 13.3788 ], [ 39.7458, 13.3741 ], [ 39.7413, 13.3822 ], [ 39.7436, 13.3889 ], [ 39.7339, 13.4031 ], [ 39.7277, 13.4222 ], [ 39.7195, 13.4757 ], [ 39.7234, 13.5092 ], [ 39.7292, 13.5241 ], [ 39.7339, 13.5287 ], [ 39.7397, 13.5473 ], [ 39.7395, 13.5631 ], [ 39.7478, 13.5739 ], [ 39.7334, 13.5859 ], [ 39.7227, 13.5897 ], [ 39.7198, 13.5965 ], [ 39.6853, 13.6135 ], [ 39.6845, 13.6032 ], [ 39.6784, 13.603 ], [ 39.6688, 13.5957 ], [ 39.6556, 13.5823 ], [ 39.6485, 13.5684 ], [ 39.6345, 13.5596 ], [ 39.6255, 13.5475 ], [ 39.5953, 13.5453 ], [ 39.5769, 13.5403 ], [ 39.57, 13.5424 ], [ 39.5548, 13.531 ], [ 39.5521, 13.5225 ], [ 39.5609, 13.5111 ], [ 39.5624, 13.4955 ], [ 39.5752, 13.4887 ], [ 39.5669, 13.4896 ], [ 39.5697, 13.4853 ], [ 39.5976, 13.4782 ], [ 39.6096, 13.4682 ], [ 39.62, 13.4735 ], [ 39.6369, 13.4565 ], [ 39.6345, 13.4456 ], [ 39.6368, 13.4433 ], [ 39.6269, 13.4315 ], [ 39.6198, 13.4281 ], [ 39.6445, 13.4186 ], [ 39.6464, 13.4149 ], [ 39.6361, 13.4164 ], [ 39.6451, 13.4064 ], [ 39.6429, 13.3989 ], [ 39.6375, 13.3963 ], [ 39.6224, 13.4006 ], [ 39.6048, 13.3877 ], [ 39.5981, 13.3863 ], [ 39.5973, 13.3982 ], [ 39.5836, 13.4145 ], [ 39.5819, 13.4231 ], [ 39.5781, 13.4245 ], [ 39.5783, 13.4327 ], [ 39.5682, 13.4401 ], [ 39.5582, 13.4338 ], [ 39.5475, 13.4407 ], [ 39.5492, 13.4349 ], [ 39.5392, 13.4231 ], [ 39.5375, 13.4197 ], [ 39.5413, 13.4164 ], [ 39.5319, 13.4014 ], [ 39.5283, 13.4061 ], [ 39.5126, 13.414 ], [ 39.4777, 13.414 ], [ 39.4715, 13.4126 ], [ 39.47, 13.4067 ], [ 39.4638, 13.4074 ], [ 39.45, 13.4168 ], [ 39.448, 13.4103 ], [ 39.4381, 13.3997 ], [ 39.4335, 13.4016 ], [ 39.4306, 13.4074 ], [ 39.404, 13.4185 ], [ 39.3885, 13.4349 ], [ 39.3924, 13.4403 ], [ 39.3902, 13.448 ], [ 39.3771, 13.4411 ], [ 39.3697, 13.4573 ], [ 39.3575, 13.4679 ], [ 39.3505, 13.4656 ], [ 39.3378, 13.4689 ], [ 39.3313, 13.4671 ], [ 39.3269, 13.4726 ], [ 39.3322, 13.4749 ], [ 39.3302, 13.4809 ], [ 39.3376, 13.4846 ], [ 39.3407, 13.4904 ], [ 39.3376, 13.4955 ], [ 39.347, 13.5049 ], [ 39.3433, 13.5125 ], [ 39.3444, 13.5184 ], [ 39.3511, 13.5304 ], [ 39.3571, 13.5324 ], [ 39.3552, 13.5431 ], [ 39.3491, 13.5458 ], [ 39.3492, 13.5527 ], [ 39.3544, 13.5513 ], [ 39.366, 13.5573 ], [ 39.3645, 13.5618 ], [ 39.3555, 13.5681 ], [ 39.3689, 13.5691 ], [ 39.3676, 13.5805 ], [ 39.3717, 13.5822 ], [ 39.3703, 13.5869 ], [ 39.3855, 13.596 ], [ 39.3779, 13.6006 ], [ 39.385, 13.6077 ], [ 39.3946, 13.6065 ], [ 39.3907, 13.6156 ], [ 39.3965, 13.6184 ], [ 39.3956, 13.6134 ], [ 39.3979, 13.6142 ], [ 39.4144, 13.6404 ], [ 39.4091, 13.6643 ], [ 39.41, 13.6723 ], [ 39.3903, 13.6784 ], [ 39.3797, 13.6757 ], [ 39.3682, 13.6657 ], [ 39.3434, 13.6696 ], [ 39.3326, 13.664 ], [ 39.324, 13.6657 ], [ 39.3159, 13.6682 ], [ 39.3152, 13.6778 ], [ 39.3078, 13.6824 ], [ 39.3069, 13.6923 ], [ 39.2959, 13.6998 ], [ 39.2933, 13.7052 ], [ 39.2788, 13.7094 ], [ 39.2702, 13.702 ], [ 39.2653, 13.7044 ], [ 39.2615, 13.6998 ], [ 39.2589, 13.7045 ], [ 39.2488, 13.7063 ], [ 39.2458, 13.7107 ], [ 39.2528, 13.7176 ], [ 39.2474, 13.7205 ], [ 39.2437, 13.729 ], [ 39.239, 13.7304 ], [ 39.2343, 13.7425 ], [ 39.2403, 13.7766 ], [ 39.2382, 13.7932 ], [ 39.2243, 13.7995 ], [ 39.2201, 13.798 ], [ 39.2191, 13.7935 ], [ 39.225, 13.7762 ], [ 39.22, 13.7774 ], [ 39.2119, 13.7662 ], [ 39.19, 13.765 ], [ 39.1938, 13.7547 ], [ 39.1921, 13.7476 ], [ 39.1817, 13.741 ], [ 39.1836, 13.7483 ], [ 39.178, 13.7519 ], [ 39.1716, 13.744 ], [ 39.1665, 13.7447 ], [ 39.1695, 13.7368 ], [ 39.1655, 13.7232 ], [ 39.1581, 13.7244 ], [ 39.1554, 13.7187 ], [ 39.1384, 13.7148 ], [ 39.1408, 13.7054 ], [ 39.1373, 13.7058 ], [ 39.1375, 13.7005 ], [ 39.1304, 13.7029 ], [ 39.1175, 13.6964 ], [ 39.1117, 13.6996 ], [ 39.104, 13.6938 ], [ 39.1012, 13.6969 ], [ 39.0962, 13.6961 ], [ 39.079, 13.7092 ], [ 39.0683, 13.7063 ], [ 39.0744, 13.6968 ], [ 39.0741, 13.6883 ], [ 39.0636, 13.667 ], [ 39.0605, 13.6371 ], [ 39.0376, 13.6312 ], [ 39.0301, 13.6227 ], [ 39.0202, 13.6184 ], [ 39.0252, 13.6113 ], [ 39.032, 13.6119 ], [ 39.0436, 13.6008 ], [ 39.0497, 13.5997 ], [ 39.0607, 13.6016 ], [ 39.0629, 13.6135 ], [ 39.0681, 13.6188 ], [ 39.0742, 13.6109 ], [ 39.0951, 13.6051 ], [ 39.0939, 13.6013 ], [ 39.1017, 13.5955 ], [ 39.0882, 13.5897 ], [ 39.0888, 13.5863 ], [ 39.1004, 13.5861 ], [ 39.1047, 13.5804 ], [ 39.1128, 13.5776 ], [ 39.1167, 13.5707 ], [ 39.129, 13.5667 ], [ 39.1342, 13.5606 ], [ 39.1574, 13.5644 ], [ 39.159, 13.5611 ], [ 39.148, 13.5496 ], [ 39.1376, 13.5219 ], [ 39.1272, 13.5091 ], [ 39.1232, 13.4981 ], [ 39.1281, 13.4866 ], [ 39.1258, 13.4785 ], [ 39.116, 13.4794 ], [ 39.1129, 13.4885 ], [ 39.1065, 13.4797 ], [ 39.1047, 13.4876 ], [ 39.0956, 13.4854 ], [ 39.0929, 13.4756 ], [ 39.0809, 13.4766 ], [ 39.0832, 13.4674 ], [ 39.0769, 13.4666 ], [ 39.0697, 13.4703 ], [ 39.0602, 13.4556 ], [ 39.0468, 13.4497 ], [ 39.0433, 13.4543 ], [ 39.0385, 13.4519 ], [ 39.0248, 13.4619 ], [ 39.0208, 13.4607 ], [ 39.0249, 13.4538 ], [ 39.02, 13.4437 ], [ 39.0206, 13.4348 ], [ 39.0271, 13.4166 ], [ 39.0254, 13.4062 ], [ 39.03, 13.4027 ], [ 39.027, 13.3924 ], [ 39.0316, 13.3882 ], [ 39.0284, 13.3761 ], [ 39.0384, 13.364 ], [ 39.0455, 13.3614 ], [ 39.0459, 13.3483 ], [ 39.066, 13.3277 ], [ 39.0645, 13.3232 ], [ 39.0529, 13.3156 ], [ 39.0496, 13.297 ], [ 39.0437, 13.2941 ], [ 39.0419, 13.2892 ], [ 39.0499, 13.2897 ], [ 39.0526, 13.2839 ], [ 39.0609, 13.2874 ], [ 39.0636, 13.2858 ], [ 39.072, 13.2963 ], [ 39.0829, 13.2826 ], [ 39.0981, 13.2814 ], [ 39.0918, 13.264 ], [ 39.0936, 13.2488 ], [ 39.1013, 13.2373 ], [ 39.0932, 13.2233 ], [ 39.0841, 13.2232 ], [ 39.0719, 13.2176 ], [ 39.0688, 13.1993 ], [ 39.0588, 13.205 ], [ 39.0508, 13.2008 ], [ 39.0455, 13.1923 ], [ 39.0475, 13.1833 ], [ 39.0434, 13.1742 ], [ 39.036, 13.1699 ] ] ], [ [ [ 39.427, 13.6136 ], [ 39.4453, 13.6055 ], [ 39.4476, 13.6018 ], [ 39.4569, 13.604 ], [ 39.4629, 13.5991 ], [ 39.4745, 13.6093 ], [ 39.4749, 13.5953 ], [ 39.4875, 13.5776 ], [ 39.4959, 13.5711 ], [ 39.5109, 13.5659 ], [ 39.5189, 13.5684 ], [ 39.529, 13.5565 ], [ 39.5331, 13.558 ], [ 39.5354, 13.5651 ], [ 39.5417, 13.568 ], [ 39.5462, 13.5766 ], [ 39.5577, 13.5777 ], [ 39.5564, 13.5913 ], [ 39.5446, 13.6033 ], [ 39.5301, 13.594 ], [ 39.5283, 13.5956 ], [ 39.5316, 13.6009 ], [ 39.5244, 13.598 ], [ 39.5233, 13.6038 ], [ 39.5188, 13.6024 ], [ 39.5169, 13.6127 ], [ 39.508, 13.6209 ], [ 39.5024, 13.6205 ], [ 39.4978, 13.6241 ], [ 39.4931, 13.6164 ], [ 39.4843, 13.6202 ], [ 39.4783, 13.6264 ], [ 39.4774, 13.642 ], [ 39.465, 13.644 ], [ 39.4626, 13.6383 ], [ 39.4588, 13.6392 ], [ 39.4563, 13.6324 ], [ 39.4445, 13.6215 ], [ 39.4352, 13.623 ], [ 39.427, 13.6136 ] ] ] ] } },
{ "type": "Feature", "properties": { "iso3": "ETH", "unit_id": "89294058B85801041712045", "unit_name": "Mekelle" }, "geometry": { "type": "Polygon", "coordinates": [ [ [ 39.5581, 13.5836 ], [ 39.5577, 13.5777 ], [ 39.5462, 13.5766 ], [ 39.5417, 13.568 ], [ 39.5354, 13.5651 ], [ 39.5331, 13.558 ], [ 39.529, 13.5565 ], [ 39.5189, 13.5684 ], [ 39.5109, 13.5659 ], [ 39.4959, 13.5711 ], [ 39.4875, 13.5776 ], [ 39.4749, 13.5953 ], [ 39.4745, 13.6093 ], [ 39.4629, 13.5991 ], [ 39.4569, 13.604 ], [ 39.4476, 13.6018 ], [ 39.4453, 13.6055 ], [ 39.4242, 13.6135 ], [ 39.4246, 13.6189 ], [ 39.415, 13.6184 ], [ 39.4118, 13.6257 ], [ 39.406, 13.6236 ], [ 39.4037, 13.6257 ], [ 39.3979, 13.6142 ], [ 39.3956, 13.6134 ], [ 39.3965, 13.6184 ], [ 39.3907, 13.6156 ], [ 39.3946, 13.6065 ], [ 39.385, 13.6077 ], [ 39.3779, 13.6006 ], [ 39.3855, 13.596 ], [ 39.3703, 13.5869 ], [ 39.3717, 13.5822 ], [ 39.3676, 13.5805 ], [ 39.3689, 13.5691 ], [ 39.3555, 13.5681 ], [ 39.3645, 13.5618 ], [ 39.366, 13.5573 ], [ 39.3544, 13.5513 ], [ 39.3492, 13.5527 ], [ 39.3491, 13.5458 ], [ 39.3552, 13.5431 ], [ 39.3571, 13.5324 ], [ 39.3511, 13.5304 ], [ 39.3444, 13.5184 ], [ 39.3433, 13.5125 ], [ 39.347, 13.5049 ], [ 39.3376, 13.4955 ], [ 39.3407, 13.4904 ], [ 39.3376, 13.4846 ], [ 39.3302, 13.4809 ], [ 39.3322, 13.4749 ], [ 39.3269, 13.4726 ], [ 39.3313, 13.4671 ], [ 39.3378, 13.4689 ], [ 39.3505, 13.4656 ], [ 39.3575, 13.4679 ], [ 39.3697, 13.4573 ], [ 39.3771, 13.4411 ], [ 39.3902, 13.448 ], [ 39.3924, 13.4403 ], [ 39.3885, 13.4349 ], [ 39.404, 13.4185 ], [ 39.4306, 13.4074 ], [ 39.4381, 13.3997 ], [ 39.448, 13.4103 ], [ 39.45, 13.4168 ], [ 39.4638, 13.4074 ], [ 39.47, 13.4067 ], [ 39.4715, 13.4126 ], [ 39.4777, 13.414 ], [ 39.5126, 13.414 ], [ 39.5283, 13.4061 ], [ 39.5319, 13.4014 ], [ 39.5413, 13.4164 ], [ 39.5375, 13.4197 ], [ 39.5392, 13.4231 ], [ 39.5492, 13.4349 ], [ 39.5475, 13.4407 ], [ 39.5582, 13.4338 ], [ 39.5682, 13.4401 ], [ 39.5783, 13.4327 ], [ 39.5781, 13.4245 ], [ 39.5819, 13.4231 ], [ 39.5836, 13.4145 ], [ 39.5973, 13.3982 ], [ 39.5981, 13.3863 ], [ 39.6048, 13.3877 ], [ 39.6224, 13.4006 ], [ 39.6375, 13.3963 ], [ 39.6429, 13.3989 ], [ 39.6451, 13.4064 ], [ 39.6361, 13.4164 ], [ 39.6464, 13.4149 ], [ 39.6445, 13.4186 ], [ 39.6198, 13.4281 ], [ 39.6269, 13.4315 ], [ 39.6368, 13.4433 ], [ 39.6345, 13.4456 ], [ 39.6369, 13.4565 ], [ 39.62, 13.4735 ], [ 39.6096, 13.4682 ], [ 39.5976, 13.4782 ], [ 39.5697, 13.4853 ], [ 39.5669, 13.4896 ], [ 39.5752, 13.4887 ], [ 39.5624, 13.4955 ], [ 39.5609, 13.5111 ], [ 39.5521, 13.5225 ], [ 39.5548, 13.531 ], [ 39.57, 13.5424 ], [ 39.5769, 13.5403 ], [ 39.5953, 13.5453 ], [ 39.6255, 13.5475 ], [ 39.6345, 13.5596 ], [ 39.627, 13.5805 ], [ 39.6207, 13.5949 ], [ 39.6094, 13.6038 ], [ 39.5999, 13.5968 ], [ 39.5932, 13.584 ], [ 39.586, 13.5789 ], [ 39.5763, 13.5771 ], [ 39.5581, 13.5836 ] ] ] } },
{ "type": "Feature", "properties": { "iso3": "ETH", "unit_id": "89294058B58107470632666", "unit_name": "Awsi /Zone 1" }, "geometry": { "type": "Polygon", "coordinates": [ [ [ 40.4737, 11.066 ], [ 40.5676, 11.0271 ], [ 40.6618, 11.0266 ], [ 40.6958, 11.0913 ], [ 40.7025, 11.1098 ], [ 40.699, 11.1192 ], [ 40.707, 11.1218 ], [ 40.7126, 11.1317 ], [ 40.7252, 11.1373 ], [ 40.7461, 11.1316 ], [ 40.743, 11.1566 ], [ 40.7616, 11.1709 ], [ 40.7725, 11.1629 ], [ 40.7817, 11.161 ], [ 40.7932, 11.1714 ], [ 40.7996, 11.1691 ], [ 40.8059, 11.1712 ], [ 40.8102, 11.1985 ], [ 40.8514, 11.1845 ], [ 40.9083, 11.1608 ], [ 40.9729, 11.1265 ], [ 41.0106, 11.0907 ], [ 41.0256, 11.0648 ], [ 41.032, 11.0344 ], [ 41.0424, 11.0153 ], [ 41.0682, 11.002 ], [ 41.093, 10.9804 ], [ 41.1183, 10.9329 ], [ 41.149, 10.8277 ], [ 41.1668, 10.7799 ], [ 41.1909, 10.7964 ], [ 41.2201, 10.8345 ], [ 41.232, 10.8637 ], [ 41.2336, 10.8912 ], [ 41.2408, 10.9214 ], [ 41.2682, 10.9579 ], [ 41.3003, 10.9641 ], [ 41.3486, 10.9625 ], [ 41.3922, 10.9663 ], [ 41.4101, 10.9585 ], [ 41.4841, 10.9669 ], [ 41.5822, 10.9621 ], [ 41.6342, 10.9653 ], [ 41.6808, 10.9639 ], [ 41.6995, 10.9693 ], [ 41.7176, 10.9648 ], [ 41.7395, 10.9683 ], [ 41.7605, 10.9819 ], [ 41.7634, 10.9909 ], [ 41.8117, 10.9839 ], [ 41.7897, 11.0081 ], [ 41.8006, 11.0311 ], [ 41.8119, 11.2579 ], [ 41.7938, 11.381 ], [ 41.7599, 11.5079 ], [ 41.829, 11.741 ], [ 41.8914, 11.7736 ], [ 41.9486, 11.8167 ], [ 42.0586, 11.9758 ], [ 42.1272, 12.0903 ], [ 42.1689, 12.1372 ], [ 42.2556, 12.2633 ], [ 42.3083, 12.3083 ], [ 42.3394, 12.3969 ], [ 42.3997, 12.4697 ], [ 42.3507, 12.5176 ], [ 42.2803, 12.5564 ], [ 42.2424, 12.6156 ], [ 42.219, 12.6404 ], [ 42.1357, 12.7459 ], [ 42.1209, 12.7579 ], [ 42.0837, 12.7594 ], [ 41.7092, 12.8421 ], [ 41.6247, 12.8533 ], [ 41.4486, 12.7432 ], [ 41.4683, 12.6293 ], [ 41.413, 12.5821 ], [ 41.2873, 12.6515 ], [ 41.1846, 12.6879 ], [ 41.182, 12.7304 ], [ 41.1347, 12.7532 ], [ 41.0944, 12.7475 ], [ 41.0283, 12.7454 ], [ 40.9105, 12.798 ], [ 40.891, 12.8032 ], [ 40.8884, 12.7883 ], [ 40.8937, 12.7677 ], [ 40.8952, 12.7418 ], [ 40.9151, 12.7183 ], [ 40.8892, 12.6273 ], [ 40.8192, 12.4787 ], [ 40.7635, 12.4201 ], [ 40.7384, 12.3893 ], [ 40.6591, 12.3149 ], [ 40.5961, 12.2832 ], [ 40.621, 12.2244 ], [ 40.6204, 12.2107 ], [ 40.6298, 12.1951 ], [ 40.6301, 12.1775 ], [ 40.6372, 12.1635 ], [ 40.6329, 12.1623 ], [ 40.6451, 12.1472 ], [ 40.6486, 12.1378 ], [ 40.6557, 12.1322 ], [ 40.656, 12.122 ], [ 40.6652, 12.0938 ], [ 40.6739, 12.0792 ], [ 40.6696, 12.0739 ], [ 40.6713, 12.0613 ], [ 40.6611, 12.0512 ], [ 40.6612, 12.0451 ], [ 40.6448, 12.0325 ], [ 40.651, 12.0214 ], [ 40.6508, 12.0159 ], [ 40.6457, 12.0186 ], [ 40.6363, 12.0169 ], [ 40.6359, 12.0084 ], [ 40.6315, 12.0065 ], [ 40.6284, 11.9995 ], [ 40.6368, 11.9709 ], [ 40.6493, 11.9436 ], [ 40.6421, 11.9256 ], [ 40.6459, 11.9142 ], [ 40.6374, 11.9013 ], [ 40.6234, 11.9032 ], [ 40.619, 11.8964 ], [ 40.6016, 11.8943 ], [ 40.5678, 11.9039 ], [ 40.5567, 11.9113 ], [ 40.5284, 11.9167 ], [ 40.5001, 11.915 ], [ 40.495, 11.9132 ], [ 40.4867, 11.9031 ], [ 40.4801, 11.889 ], [ 40.4654, 11.8862 ], [ 40.4674, 11.8793 ], [ 40.458, 11.87 ], [ 40.4497, 11.867 ], [ 40.4501, 11.8582 ], [ 40.4676, 11.8271 ], [ 40.4529, 11.819 ], [ 40.4546, 11.6652 ], [ 40.3543, 11.6974 ], [ 40.3297, 11.7692 ], [ 40.3226, 11.759 ], [ 40.3146, 11.7219 ], [ 40.2981, 11.7148 ], [ 40.2625, 11.7529 ], [ 40.2573, 11.7452 ], [ 40.2416, 11.7378 ], [ 40.2254, 11.7383 ], [ 40.1865, 11.7105 ], [ 40.1784, 11.7123 ], [ 40.1636, 11.7238 ], [ 40.1489, 11.7219 ], [ 40.1448, 11.725 ], [ 40.1235, 11.7276 ], [ 40.1054, 11.7243 ], [ 40.0879, 11.7122 ], [ 40.0631, 11.7119 ], [ 40.0442, 11.699 ], [ 40.0173, 11.6916 ], [ 40.0095, 11.6946 ], [ 39.9988, 11.6879 ], [ 39.9609, 11.704 ], [ 39.9355, 11.7049 ], [ 39.927, 11.6986 ], [ 39.9697, 11.6645 ], [ 39.9941, 11.6812 ], [ 40.0153, 11.6456 ], [ 39.9975, 11.6122 ], [ 39.9925, 11.5974 ], [ 39.9933, 11.5838 ], [ 40.0609, 11.4741 ], [ 40.0671, 11.4429 ], [ 40.0702, 11.3737 ], [ 40.065, 11.3378 ], [ 40.0712, 11.3256 ], [ 40.1026, 11.3169 ], [ 40.1228, 11.2961 ], [ 40.1456, 11.2556 ], [ 40.1729, 11.24 ], [ 40.2013, 11.1456 ], [ 40.2182, 11.149 ], [ 40.2194, 11.1583 ], [ 40.2198, 11.134 ], [ 40.2248, 11.1342 ], [ 40.2336, 11.1441 ], [ 40.2395, 11.1394 ], [ 40.2483, 11.1457 ], [ 40.263, 11.1458 ], [ 40.2674, 11.1509 ], [ 40.2716, 11.1473 ], [ 40.2816, 11.1499 ], [ 40.2949, 11.1487 ], [ 40.2979, 11.1534 ], [ 40.3048, 11.1531 ], [ 40.3169, 11.1613 ], [ 40.3245, 11.1609 ], [ 40.3302, 11.1665 ], [ 40.3382, 11.1604 ], [ 40.3435, 11.1647 ], [ 40.3501, 11.1515 ], [ 40.358, 11.1486 ], [ 40.3662, 11.1507 ], [ 40.3909, 11.1286 ], [ 40.3993, 11.1242 ], [ 40.4054, 11.1265 ], [ 40.4041, 11.1178 ], [ 40.4147, 11.1115 ], [ 40.4237, 11.0974 ], [ 40.437, 11.0881 ], [ 40.4494, 11.083 ], [ 40.4591, 11.0739 ], [ 40.4712, 11.0713 ], [ 40.4737, 11.066 ] ] ] } },
{ "type": "Feature", "properties": { "iso3": "ETH", "unit_id": "89294058B74092353605204", "unit_name": "Kilbati /Zone2" }, "geometry": { "type": "Polygon", "coordinates": [ [ [ 39.7464, 13.5708 ], [ 39.7395, 13.5631 ], [ 39.7397, 13.5473 ], [ 39.7339, 13.5287 ], [ 39.7292, 13.5241 ], [ 39.7234, 13.5092 ], [ 39.7195, 13.4757 ], [ 39.7277, 13.4222 ], [ 39.7339, 13.4031 ], [ 39.7436, 13.3889 ], [ 39.7413, 13.3822 ], [ 39.7458, 13.3741 ], [ 39.7295, 13.3788 ], [ 39.74, 13.3633 ], [ 39.7417, 13.3513 ], [ 39.7365, 13.3273 ], [ 39.7377, 13.3211 ], [ 39.7197, 13.2946 ], [ 39.725, 13.2883 ], [ 39.7586, 13.2789 ], [ 39.7673, 13.2853 ], [ 39.7857, 13.2627 ], [ 39.7872, 13.2456 ], [ 39.7991, 13.2275 ], [ 39.8006, 13.2192 ], [ 39.8085, 13.2172 ], [ 39.8038, 13.1897 ], [ 39.8092, 13.1767 ], [ 39.8119, 13.1552 ], [ 39.8312, 13.1125 ], [ 39.8351, 13.083 ], [ 39.858, 13.0362 ], [ 39.8631, 13.0197 ], [ 39.8604, 13.0036 ], [ 39.8624, 12.962 ], [ 39.8726, 12.9425 ], [ 39.8864, 12.9309 ], [ 39.9042, 12.9218 ], [ 39.9064, 12.9143 ], [ 39.9252, 12.8938 ], [ 39.9294, 12.8744 ], [ 39.9412, 12.8613 ], [ 39.9525, 12.8369 ], [ 39.9655, 12.8219 ], [ 39.9726, 12.7974 ], [ 39.978, 12.7922 ], [ 39.9427, 12.7715 ], [ 39.899, 12.7623 ], [ 39.8886, 12.7558 ], [ 39.8698, 12.7339 ], [ 39.8676, 12.7237 ], [ 39.8394, 12.7133 ], [ 39.8261, 12.6937 ], [ 39.8201, 12.6588 ], [ 39.8233, 12.6457 ], [ 39.8326, 12.6344 ], [ 39.8187, 12.6188 ], [ 39.8067, 12.5963 ], [ 39.8155, 12.5814 ], [ 39.8268, 12.572 ], [ 39.8259, 12.561 ], [ 39.8328, 12.5499 ], [ 39.8405, 12.5467 ], [ 39.8492, 12.5472 ], [ 39.8392, 12.5731 ], [ 39.9128, 12.593 ], [ 40.0246, 12.564 ], [ 40.0418, 12.5685 ], [ 40.0954, 12.7023 ], [ 40.106, 12.7746 ], [ 40.1236, 12.7986 ], [ 40.1711, 12.8084 ], [ 40.2046, 12.7928 ], [ 40.2154, 12.7674 ], [ 40.2258, 12.7634 ], [ 40.2452, 12.7443 ], [ 40.2713, 12.7492 ], [ 40.2806, 12.7542 ], [ 40.2839, 12.7584 ], [ 40.2718, 12.7866 ], [ 40.2698, 12.8215 ], [ 40.2578, 12.8844 ], [ 40.298, 12.9132 ], [ 40.3542, 12.9102 ], [ 40.3962, 12.8884 ], [ 40.4658, 12.99 ], [ 40.4853, 13.01 ], [ 40.5156, 13.0526 ], [ 40.5189, 13.0516 ], [ 40.5775, 12.8904 ], [ 40.7158, 12.8759 ], [ 40.891, 12.8032 ], [ 40.9105, 12.798 ], [ 41.0283, 12.7454 ], [ 41.0944, 12.7475 ], [ 41.1347, 12.7532 ], [ 41.182, 12.7304 ], [ 41.1846, 12.6879 ], [ 41.2873, 12.6515 ], [ 41.413, 12.5821 ], [ 41.4683, 12.6293 ], [ 41.4486, 12.7432 ], [ 41.6247, 12.8533 ], [ 41.7092, 12.8421 ], [ 42.0837, 12.7594 ], [ 42.1209, 12.7579 ], [ 42.0964, 12.7834 ], [ 42.0954, 12.7935 ], [ 42.0502, 12.8431 ], [ 42.0102, 12.9207 ], [ 41.9978, 12.9349 ], [ 41.9726, 12.9832 ], [ 41.8787, 13.0896 ], [ 41.7864, 13.1753 ], [ 41.7373, 13.2312 ], [ 41.6117, 13.3475 ], [ 41.5312, 13.4331 ], [ 41.4397, 13.5195 ], [ 41.3785, 13.5699 ], [ 41.3137, 13.6303 ], [ 41.2504, 13.7127 ], [ 41.0773, 13.8785 ], [ 40.8367, 14.0841 ], [ 40.6714, 14.2132 ], [ 40.668, 14.2114 ], [ 40.6713, 14.2132 ], [ 40.6505, 14.2294 ], [ 40.5456, 14.3014 ], [ 40.4445, 14.3635 ], [ 40.3847, 14.3897 ], [ 40.3309, 14.424 ], [ 40.2226, 14.4786 ], [ 40.1399, 14.4981 ], [ 40.089, 14.4903 ], [ 40.0753, 14.494 ], [ 40.0553, 14.4869 ], [ 40.0102, 14.4396 ], [ 39.9843, 14.4323 ], [ 39.9796, 14.4099 ], [ 39.9817, 14.3938 ], [ 39.9908, 14.382 ], [ 39.9798, 14.371 ], [ 39.9503, 14.3604 ], [ 39.9385, 14.3614 ], [ 39.9163, 14.3703 ], [ 39.9083, 14.3654 ], [ 39.8955, 14.3706 ], [ 39.8531, 14.3671 ], [ 39.8546, 14.3732 ], [ 39.8381, 14.3805 ], [ 39.796, 14.386 ], [ 39.7877, 14.3787 ], [ 39.772, 14.3739 ], [ 39.7797, 14.3358 ], [ 39.7792, 14.3305 ], [ 39.7713, 14.3199 ], [ 39.7262, 14.303 ], [ 39.7268, 14.294 ], [ 39.7338, 14.2879 ], [ 39.742, 14.2813 ], [ 39.7576, 14.2772 ], [ 39.7573, 14.2398 ], [ 39.7422, 14.2349 ], [ 39.7065, 14.2421 ], [ 39.6941, 14.2413 ], [ 39.6879, 14.2313 ], [ 39.6857, 14.2162 ], [ 39.6723, 14.2003 ], [ 39.6639, 14.1969 ], [ 39.6584, 14.1987 ], [ 39.6564, 14.1928 ], [ 39.65, 14.1886 ], [ 39.6578, 14.1824 ], [ 39.6735, 14.1777 ], [ 39.682, 14.1647 ], [ 39.715, 14.1563 ], [ 39.7495, 14.1518 ], [ 39.7671, 14.14 ], [ 39.7978, 14.1425 ], [ 39.8095, 14.1516 ], [ 39.8376, 14.1542 ], [ 39.8382, 14.1265 ], [ 39.8431, 14.1094 ], [ 39.8419, 14.097 ], [ 39.8483, 14.078 ], [ 39.844, 14.0503 ], [ 39.8547, 14.031 ], [ 39.8663, 14.0216 ], [ 39.8859, 14.0122 ], [ 39.8685, 13.9922 ], [ 39.8691, 13.9829 ], [ 39.8586, 13.9732 ], [ 39.8592, 13.9658 ], [ 39.8356, 13.9756 ], [ 39.8292, 13.9743 ], [ 39.8157, 13.9682 ], [ 39.8017, 13.9456 ], [ 39.8176, 13.9426 ], [ 39.8279, 13.9316 ], [ 39.8261, 13.9214 ], [ 39.8333, 13.9184 ], [ 39.8282, 13.888 ], [ 39.829, 13.8685 ], [ 39.8378, 13.8642 ], [ 39.8363, 13.8541 ], [ 39.8422, 13.8384 ], [ 39.8337, 13.8214 ], [ 39.8415, 13.8035 ], [ 39.8523, 13.7949 ], [ 39.8532, 13.7665 ], [ 39.8638, 13.7551 ], [ 39.8742, 13.7494 ], [ 39.8841, 13.7482 ], [ 39.876, 13.7382 ], [ 39.8741, 13.7222 ], [ 39.8777, 13.6888 ], [ 39.8674, 13.6583 ], [ 39.8665, 13.6269 ], [ 39.8696, 13.6095 ], [ 39.865, 13.6027 ], [ 39.8676, 13.5838 ], [ 39.8639, 13.5482 ], [ 39.8434, 13.5565 ], [ 39.8163, 13.5578 ], [ 39.8038, 13.5537 ], [ 39.7938, 13.5557 ], [ 39.7836, 13.5634 ], [ 39.763, 13.5713 ], [ 39.7464, 13.5708 ] ] ] } },
{ "type": "Feature", "properties": { "iso3": "ETH", "unit_id": "89294058B69500700133869", "unit_name": "Gabi /Zone 3" }, "geometry": { "type": "Polygon", "coordinates": [ [ [ 40.5061, 11.054 ], [ 40.4931, 11.0386 ], [ 40.4793, 11.0363 ], [ 40.4793, 11.0253 ], [ 40.4718, 11.0184 ], [ 40.4704, 11.0096 ], [ 40.4626, 11.0089 ], [ 40.4664, 11.0058 ], [ 40.4622, 10.9983 ], [ 40.467, 10.9943 ], [ 40.4591, 10.993 ], [ 40.4582, 10.9904 ], [ 40.4647, 10.9797 ], [ 40.4599, 10.9792 ], [ 40.4568, 10.9744 ], [ 40.4498, 10.9743 ], [ 40.452, 10.9699 ], [ 40.4482, 10.9652 ], [ 40.4525, 10.9636 ], [ 40.4501, 10.9494 ], [ 40.4584, 10.8971 ], [ 40.4494, 10.8891 ], [ 40.4567, 10.8772 ], [ 40.4542, 10.8739 ], [ 40.4509, 10.8752 ], [ 40.4489, 10.8707 ], [ 40.4512, 10.8645 ], [ 40.4477, 10.8607 ], [ 40.4538, 10.8532 ], [ 40.4484, 10.8456 ], [ 40.4532, 10.8274 ], [ 40.4488, 10.8232 ], [ 40.4518, 10.8186 ], [ 40.4457, 10.817 ], [ 40.4493, 10.8146 ], [ 40.4478, 10.8109 ], [ 40.4507, 10.8074 ], [ 40.4432, 10.7895 ], [ 40.4381, 10.7871 ], [ 40.4392, 10.7751 ], [ 40.4412, 10.7706 ], [ 40.4475, 10.7678 ], [ 40.4439, 10.7642 ], [ 40.4479, 10.7597 ], [ 40.4399, 10.7499 ], [ 40.4432, 10.7433 ], [ 40.4385, 10.7379 ], [ 40.4389, 10.7241 ], [ 40.4414, 10.7163 ], [ 40.4492, 10.7158 ], [ 40.4564, 10.7025 ], [ 40.4531, 10.696 ], [ 40.4555, 10.684 ], [ 40.4665, 10.6739 ], [ 40.4764, 10.6743 ], [ 40.4726, 10.6687 ], [ 40.4786, 10.6637 ], [ 40.4761, 10.6561 ], [ 40.4796, 10.6518 ], [ 40.4835, 10.6541 ], [ 40.4925, 10.6385 ], [ 40.4896, 10.6351 ], [ 40.4934, 10.6315 ], [ 40.4934, 10.623 ], [ 40.4964, 10.6251 ], [ 40.5143, 10.6133 ], [ 40.5132, 10.6067 ], [ 40.5165, 10.6015 ], [ 40.5137, 10.5952 ], [ 40.5045, 10.6006 ], [ 40.5155, 10.577 ], [ 40.5111, 10.5439 ], [ 40.5144, 10.5433 ], [ 40.5136, 10.5377 ], [ 40.5177, 10.5371 ], [ 40.5118, 10.5279 ], [ 40.526, 10.5256 ], [ 40.5189, 10.514 ], [ 40.5189, 10.5067 ], [ 40.5238, 10.5047 ], [ 40.5223, 10.4982 ], [ 40.5276, 10.4953 ], [ 40.5245, 10.4957 ], [ 40.5312, 10.4852 ], [ 40.5369, 10.4847 ], [ 40.5381, 10.4731 ], [ 40.5484, 10.4725 ], [ 40.547, 10.4597 ], [ 40.5575, 10.4566 ], [ 40.5537, 10.4475 ], [ 40.5507, 10.4473 ], [ 40.553, 10.4395 ], [ 40.5559, 10.4358 ], [ 40.5606, 10.4394 ], [ 40.5628, 10.4371 ], [ 40.5589, 10.4331 ], [ 40.562, 10.4273 ], [ 40.5614, 10.4175 ], [ 40.5565, 10.4172 ], [ 40.5537, 10.4108 ], [ 40.5562, 10.4077 ], [ 40.5562, 10.3927 ], [ 40.5497, 10.3838 ], [ 40.5463, 10.3678 ], [ 40.5497, 10.3544 ], [ 40.5603, 10.3467 ], [ 40.5607, 10.342 ], [ 40.5566, 10.3379 ], [ 40.5611, 10.3325 ], [ 40.5568, 10.3276 ], [ 40.5641, 10.3246 ], [ 40.5611, 10.3215 ], [ 40.5663, 10.3157 ], [ 40.5456, 10.3119 ], [ 40.5438, 10.3088 ], [ 40.5392, 10.3131 ], [ 40.4905, 10.3045 ], [ 40.4737, 10.3168 ], [ 40.4483, 10.3172 ], [ 40.433, 10.3257 ], [ 40.4056, 10.3125 ], [ 40.4113, 10.3042 ], [ 40.4136, 10.2893 ], [ 40.4189, 10.2845 ], [ 40.4186, 10.2809 ], [ 40.4294, 10.2743 ], [ 40.4321, 10.2617 ], [ 40.4028, 10.2303 ], [ 40.3874, 10.1931 ], [ 40.3907, 10.1848 ], [ 40.367, 10.1732 ], [ 40.3921, 10.1504 ], [ 40.3896, 10.1291 ], [ 40.3783, 10.1235 ], [ 40.374, 10.1026 ], [ 40.3347, 10.0372 ], [ 40.334, 10.0064 ], [ 40.3252, 9.9925 ], [ 40.3294, 9.989 ], [ 40.338, 9.9912 ], [ 40.3431, 9.9729 ], [ 40.35, 9.9638 ], [ 40.3525, 9.9486 ], [ 40.3423, 9.9346 ], [ 40.3428, 9.9267 ], [ 40.3373, 9.9223 ], [ 40.3297, 9.9189 ], [ 40.3115, 9.9222 ], [ 40.3098, 9.9151 ], [ 40.3023, 9.9142 ], [ 40.2974, 9.9047 ], [ 40.2856, 9.9024 ], [ 40.2823, 9.8862 ], [ 40.2727, 9.8638 ], [ 40.2652, 9.8635 ], [ 40.2612, 9.8577 ], [ 40.2534, 9.8544 ], [ 40.2528, 9.8492 ], [ 40.2589, 9.8488 ], [ 40.2591, 9.8444 ], [ 40.2521, 9.8286 ], [ 40.2392, 9.8134 ], [ 40.2412, 9.8086 ], [ 40.2385, 9.8019 ], [ 40.232, 9.7999 ], [ 40.2284, 9.7893 ], [ 40.2289, 9.7744 ], [ 40.2249, 9.7643 ], [ 40.2341, 9.767 ], [ 40.2357, 9.7629 ], [ 40.2522, 9.7616 ], [ 40.2586, 9.7469 ], [ 40.2565, 9.733 ], [ 40.2417, 9.7096 ], [ 40.2483, 9.6976 ], [ 40.2529, 9.6973 ], [ 40.2538, 9.6921 ], [ 40.2602, 9.6932 ], [ 40.2627, 9.6908 ], [ 40.2624, 9.6883 ], [ 40.2554, 9.6892 ], [ 40.2544, 9.6778 ], [ 40.2622, 9.6793 ], [ 40.2585, 9.678 ], [ 40.2596, 9.6729 ], [ 40.2551, 9.6743 ], [ 40.2549, 9.6699 ], [ 40.2588, 9.6677 ], [ 40.2671, 9.67 ], [ 40.27, 9.6644 ], [ 40.2739, 9.6662 ], [ 40.2692, 9.6617 ], [ 40.2736, 9.6547 ], [ 40.2784, 9.6592 ], [ 40.2772, 9.6644 ], [ 40.2812, 9.6636 ], [ 40.2795, 9.6586 ], [ 40.2869, 9.6539 ], [ 40.2967, 9.6563 ], [ 40.2996, 9.6518 ], [ 40.3018, 9.6296 ], [ 40.2985, 9.625 ], [ 40.1966, 9.6433 ], [ 40.182, 9.6403 ], [ 40.1558, 9.6463 ], [ 40.1414, 9.6531 ], [ 40.1199, 9.6469 ], [ 40.0728, 9.6483 ], [ 40.0472, 9.6597 ], [ 40.0401, 9.6685 ], [ 40.0218, 9.6759 ], [ 40.0127, 9.6837 ], [ 39.986, 9.678 ], [ 39.9777, 9.6822 ], [ 39.9672, 9.6808 ], [ 39.9507, 9.6865 ], [ 39.9385, 9.6787 ], [ 39.9231, 9.681 ], [ 39.921, 9.6832 ], [ 39.9326, 9.7013 ], [ 39.943, 9.7088 ], [ 39.9532, 9.722 ], [ 39.954, 9.7304 ], [ 39.8758, 9.7528 ], [ 39.8566, 9.7526 ], [ 39.8498, 9.7484 ], [ 39.8391, 9.7236 ], [ 39.8527, 9.6987 ], [ 39.8499, 9.6877 ], [ 39.8577, 9.6552 ], [ 39.8793, 9.6242 ], [ 39.8838, 9.6106 ], [ 39.8771, 9.5766 ], [ 39.8476, 9.5643 ], [ 39.8568, 9.5565 ], [ 39.8573, 9.5471 ], [ 39.8479, 9.5252 ], [ 39.8471, 9.5107 ], [ 39.8375, 9.5019 ], [ 39.8478, 9.4812 ], [ 39.8725, 9.4593 ], [ 39.8744, 9.4078 ], [ 39.8786, 9.4004 ], [ 39.8729, 9.3978 ], [ 39.8215, 9.4174 ], [ 39.8072, 9.4128 ], [ 39.7998, 9.3997 ], [ 39.7852, 9.3956 ], [ 39.7915, 9.3698 ], [ 39.7498, 9.3692 ], [ 39.7592, 9.3532 ], [ 39.7587, 9.3469 ], [ 39.77, 9.3368 ], [ 39.7749, 9.3142 ], [ 39.7789, 9.3099 ], [ 39.7891, 9.3042 ], [ 39.8167, 9.3077 ], [ 39.8339, 9.3148 ], [ 39.8441, 9.3142 ], [ 39.86, 9.3071 ], [ 39.886, 9.2694 ], [ 39.857, 9.2701 ], [ 39.863, 9.2423 ], [ 39.8732, 9.2336 ], [ 39.873, 9.2273 ], [ 39.8535, 9.2108 ], [ 39.8361, 9.1883 ], [ 39.813, 9.1711 ], [ 39.8174, 9.1363 ], [ 39.849, 9.1381 ], [ 39.8777, 9.1447 ], [ 39.8984, 9.1389 ], [ 39.909, 9.1318 ], [ 39.9187, 9.0684 ], [ 39.9284, 9.0541 ], [ 39.9425, 9.0477 ], [ 39.9519, 9.03 ], [ 39.9476, 9.0036 ], [ 39.9996, 9.0072 ], [ 40.0219, 9.0023 ], [ 40.0348, 8.9944 ], [ 40.0475, 8.9779 ], [ 40.0511, 8.9614 ], [ 40.0439, 8.9423 ], [ 40.0366, 8.9065 ], [ 40.0193, 8.8891 ], [ 40.0109, 8.8708 ], [ 40.0104, 8.8561 ], [ 40.0242, 8.845 ], [ 40.0403, 8.8411 ], [ 40.067, 8.844 ], [ 40.081, 8.8513 ], [ 40.0964, 8.8648 ], [ 40.1522, 8.932 ], [ 40.1699, 8.9645 ], [ 40.2378, 8.9973 ], [ 40.246, 9.0354 ], [ 40.2455, 9.0749 ], [ 40.327, 9.1547 ], [ 40.4081, 9.2812 ], [ 40.471, 9.3548 ], [ 40.4988, 9.375 ], [ 40.5284, 9.3855 ], [ 40.636, 9.3959 ], [ 40.6596, 9.4043 ], [ 40.6755, 9.4175 ], [ 40.6961, 9.4461 ], [ 40.6962, 9.5022 ], [ 40.7022, 9.5361 ], [ 40.7519, 9.6546 ], [ 40.7663, 9.6708 ], [ 40.8256, 9.7635 ], [ 40.8473, 9.7903 ], [ 40.9966, 9.9287 ], [ 41.0139, 9.9392 ], [ 41.0196, 9.9488 ], [ 41.0134, 9.96 ], [ 40.9989, 9.9678 ], [ 40.9658, 9.9717 ], [ 40.946, 10.0013 ], [ 40.9366, 10.0352 ], [ 40.9747, 10.1566 ], [ 40.9788, 10.1947 ], [ 41.0051, 10.3188 ], [ 41.015, 10.3432 ], [ 41.0304, 10.4004 ], [ 41.0318, 10.422 ], [ 41.0471, 10.4776 ], [ 41.0713, 10.541 ], [ 41.087, 10.6006 ], [ 41.0824, 10.6325 ], [ 41.0779, 10.6395 ], [ 41.0773, 10.6812 ], [ 41.1668, 10.7799 ], [ 41.149, 10.8277 ], [ 41.1183, 10.9329 ], [ 41.093, 10.9804 ], [ 41.0682, 11.002 ], [ 41.0424, 11.0153 ], [ 41.032, 11.0344 ], [ 41.0256, 11.0648 ], [ 41.0106, 11.0907 ], [ 40.9729, 11.1265 ], [ 40.9083, 11.1608 ], [ 40.8102, 11.1985 ], [ 40.8059, 11.1712 ], [ 40.7996, 11.1691 ], [ 40.7932, 11.1714 ], [ 40.7817, 11.161 ], [ 40.7725, 11.1629 ], [ 40.7616, 11.1709 ], [ 40.743, 11.1566 ], [ 40.7461, 11.1316 ], [ 40.7252, 11.1373 ], [ 40.7126, 11.1317 ], [ 40.707, 11.1218 ], [ 40.699, 11.1192 ], [ 40.7025, 11.1098 ], [ 40.6958, 11.0913 ], [ 40.6618, 11.0266 ], [ 40.5676, 11.0271 ], [ 40.5061, 11.054 ] ] ] } },
{ "type": "Feature", "properties": { "iso3": "ETH", "unit_id": "89294058B41050662630898", "unit_name": "Fanti /Zone 4" }, "geometry": { "type": "Polygon", "coordinates": [ [ [ 39.8176, 12.324 ], [ 39.8247, 12.3177 ], [ 39.8237, 12.2916 ], [ 39.8276, 12.2405 ], [ 39.8075, 12.2389 ], [ 39.8036, 12.2297 ], [ 39.7999, 12.195 ], [ 39.8128, 12.1566 ], [ 39.8192, 12.1234 ], [ 39.8286, 12.0998 ], [ 39.8617, 12.0884 ], [ 39.8435, 12.0653 ], [ 39.8413, 12.0535 ], [ 39.8765, 11.9744 ], [ 39.8871, 11.9057 ], [ 39.8781, 11.8827 ], [ 39.8735, 11.7986 ], [ 39.8749, 11.7788 ], [ 39.8792, 11.7674 ], [ 39.9239, 11.7008 ], [ 39.927, 11.6986 ], [ 39.9355, 11.7049 ], [ 39.9609, 11.704 ], [ 39.9988, 11.6879 ], [ 40.0095, 11.6946 ], [ 40.0173, 11.6916 ], [ 40.0442, 11.699 ], [ 40.0631, 11.7119 ], [ 40.0879, 11.7122 ], [ 40.1054, 11.7243 ], [ 40.1235, 11.7276 ], [ 40.1448, 11.725 ], [ 40.1489, 11.7219 ], [ 40.1636, 11.7238 ], [ 40.1784, 11.7123 ], [ 40.1865, 11.7105 ], [ 40.2254, 11.7383 ], [ 40.2416, 11.7378 ], [ 40.2573, 11.7452 ], [ 40.2625, 11.7529 ], [ 40.2981, 11.7148 ], [ 40.3146, 11.7219 ], [ 40.3226, 11.759 ], [ 40.3297, 11.7692 ], [ 40.3543, 11.6974 ], [ 40.4546, 11.6652 ], [ 40.4529, 11.819 ], [ 40.4676, 11.8271 ], [ 40.4501, 11.8582 ], [ 40.4497, 11.867 ], [ 40.458, 11.87 ], [ 40.4674, 11.8793 ], [ 40.4654, 11.8862 ], [ 40.4801, 11.889 ], [ 40.4867, 11.9031 ], [ 40.495, 11.9132 ], [ 40.5001, 11.915 ], [ 40.5284, 11.9167 ], [ 40.5567, 11.9113 ], [ 40.5678, 11.9039 ], [ 40.6016, 11.8943 ], [ 40.619, 11.8964 ], [ 40.6234, 11.9032 ], [ 40.6374, 11.9013 ], [ 40.6459, 11.9142 ], [ 40.6421, 11.9256 ], [ 40.6493, 11.9436 ], [ 40.6368, 11.9709 ], [ 40.6284, 11.9995 ], [ 40.6315, 12.0065 ], [ 40.6359, 12.0084 ], [ 40.6363, 12.0169 ], [ 40.6457, 12.0186 ], [ 40.6508, 12.0159 ], [ 40.651, 12.0214 ], [ 40.6448, 12.0325 ], [ 40.6612, 12.0451 ], [ 40.6611, 12.0512 ], [ 40.6713, 12.0613 ], [ 40.6696, 12.0739 ], [ 40.6739, 12.0792 ], [ 40.6652, 12.0938 ], [ 40.656, 12.122 ], [ 40.6557, 12.1322 ], [ 40.6486, 12.1378 ], [ 40.6451, 12.1472 ], [ 40.6329, 12.1623 ], [ 40.6372, 12.1635 ], [ 40.6301, 12.1775 ], [ 40.6298, 12.1951 ], [ 40.6204, 12.2107 ], [ 40.621, 12.2244 ], [ 40.5961, 12.2832 ], [ 40.6591, 12.3149 ], [ 40.7384, 12.3893 ], [ 40.7635, 12.4201 ], [ 40.8192, 12.4787 ], [ 40.8892, 12.6273 ], [ 40.9151, 12.7183 ], [ 40.8952, 12.7418 ], [ 40.8937, 12.7677 ], [ 40.8884, 12.7883 ], [ 40.891, 12.8032 ], [ 40.7158, 12.8759 ], [ 40.5775, 12.8904 ], [ 40.5189, 13.0516 ], [ 40.5156, 13.0526 ], [ 40.4853, 13.01 ], [ 40.4658, 12.99 ], [ 40.3962, 12.8884 ], [ 40.3542, 12.9102 ], [ 40.298, 12.9132 ], [ 40.2578, 12.8844 ], [ 40.2698, 12.8215 ], [ 40.2718, 12.7866 ], [ 40.2839, 12.7584 ], [ 40.2806, 12.7542 ], [ 40.2713, 12.7492 ], [ 40.2452, 12.7443 ], [ 40.2258, 12.7634 ], [ 40.2154, 12.7674 ], [ 40.2046, 12.7928 ], [ 40.1711, 12.8084 ], [ 40.1236, 12.7986 ], [ 40.106, 12.7746 ], [ 40.0954, 12.7023 ], [ 40.0418, 12.5685 ], [ 40.0246, 12.564 ], [ 39.9128, 12.593 ], [ 39.8392, 12.5731 ], [ 39.8492, 12.5472 ], [ 39.8524, 12.5474 ], [ 39.8632, 12.5314 ], [ 39.8617, 12.5175 ], [ 39.8682, 12.4943 ], [ 39.8811, 12.4845 ], [ 39.8663, 12.4726 ], [ 39.882, 12.467 ], [ 39.8826, 12.4577 ], [ 39.8631, 12.4633 ], [ 39.8334, 12.4335 ], [ 39.8149, 12.4071 ], [ 39.821, 12.3952 ], [ 39.8199, 12.39 ], [ 39.8309, 12.3575 ], [ 39.8176, 12.3419 ], [ 39.8176, 12.324 ] ] ] } },
{ "type": "Feature", "properties": { "iso3": "ETH", "unit_id": "89294058B28333183185907", "unit_name": "Hari /Zone 5" }, "geometry": { "type": "Polygon", "coordinates": [ [ [ 40.2013, 11.1456 ], [ 40.2124, 11.1089 ], [ 40.1938, 11.0964 ], [ 40.1955, 11.0682 ], [ 40.1869, 11.0253 ], [ 40.169, 11.0016 ], [ 40.1441, 10.9521 ], [ 40.1238, 10.9376 ], [ 40.1329, 10.9152 ], [ 40.1493, 10.8958 ], [ 40.1805, 10.8969 ], [ 40.1759, 10.8778 ], [ 40.17, 10.8735 ], [ 40.1671, 10.834 ], [ 40.1641, 10.8286 ], [ 40.1667, 10.805 ], [ 40.122, 10.7682 ], [ 40.1084, 10.7638 ], [ 40.1026, 10.755 ], [ 40.1025, 10.7397 ], [ 40.1091, 10.7239 ], [ 40.1285, 10.6175 ], [ 40.1529, 10.4393 ], [ 40.1616, 10.4353 ], [ 40.1636, 10.4124 ], [ 40.1631, 10.3748 ], [ 40.1591, 10.3563 ], [ 40.1604, 10.3008 ], [ 40.1575, 10.2854 ], [ 40.1467, 10.2772 ], [ 40.1556, 10.2574 ], [ 40.129, 10.1735 ], [ 40.1581, 10.0903 ], [ 40.1326, 10.0711 ], [ 40.1072, 10.0712 ], [ 40.069, 10.0791 ], [ 40.024, 10.0744 ], [ 39.9936, 10.0769 ], [ 39.989, 10.0883 ], [ 39.9482, 10.0845 ], [ 39.9273, 10.09 ], [ 39.9368, 10.0622 ], [ 39.9434, 10.0592 ], [ 39.9416, 10.0431 ], [ 39.9247, 10.0141 ], [ 39.9313, 10.0144 ], [ 39.9297, 10.0058 ], [ 39.9474, 9.9934 ], [ 40.0098, 9.9912 ], [ 40.032, 9.9945 ], [ 40.0432, 9.991 ], [ 40.0589, 9.9771 ], [ 40.0673, 9.9601 ], [ 40.0804, 9.9484 ], [ 40.0888, 9.9348 ], [ 40.0778, 9.9055 ], [ 40.0636, 9.9024 ], [ 40.0584, 9.8643 ], [ 40.0707, 9.8574 ], [ 40.0527, 9.8422 ], [ 40.0352, 9.8428 ], [ 40.0278, 9.8299 ], [ 40.0175, 9.82 ], [ 40.011, 9.8186 ], [ 40.0045, 9.7952 ], [ 40.0081, 9.7818 ], [ 39.9912, 9.7567 ], [ 40.0059, 9.741 ], [ 40.0138, 9.7376 ], [ 40.0094, 9.7329 ], [ 39.9735, 9.7292 ], [ 39.954, 9.7304 ], [ 39.9532, 9.722 ], [ 39.943, 9.7088 ], [ 39.9326, 9.7013 ], [ 39.921, 9.6832 ], [ 39.9385, 9.6787 ], [ 39.9507, 9.6865 ], [ 39.9672, 9.6808 ], [ 39.9777, 9.6822 ], [ 39.986, 9.678 ], [ 40.0127, 9.6837 ], [ 40.0218, 9.6759 ], [ 40.0401, 9.6685 ], [ 40.0472, 9.6597 ], [ 40.0728, 9.6483 ], [ 40.1199, 9.6469 ], [ 40.1414, 9.6531 ], [ 40.1558, 9.6463 ], [ 40.182, 9.6403 ], [ 40.1966, 9.6433 ], [ 40.2985, 9.625 ], [ 40.3018, 9.6296 ], [ 40.3016, 9.6403 ], [ 40.2967, 9.6563 ], [ 40.2869, 9.6539 ], [ 40.2795, 9.6586 ], [ 40.2812, 9.6636 ], [ 40.2772, 9.6644 ], [ 40.2784, 9.6592 ], [ 40.2736, 9.6547 ], [ 40.2692, 9.6617 ], [ 40.2739, 9.6662 ], [ 40.27, 9.6644 ], [ 40.2671, 9.67 ], [ 40.2588, 9.6677 ], [ 40.2549, 9.6699 ], [ 40.2551, 9.6743 ], [ 40.2596, 9.6729 ], [ 40.2585, 9.678 ], [ 40.2622, 9.6793 ], [ 40.2544, 9.6778 ], [ 40.2554, 9.6892 ], [ 40.2624, 9.6883 ], [ 40.2627, 9.6908 ], [ 40.2602, 9.6932 ], [ 40.2538, 9.6921 ], [ 40.2529, 9.6973 ], [ 40.2483, 9.6976 ], [ 40.2417, 9.7096 ], [ 40.2565, 9.733 ], [ 40.2586, 9.7469 ], [ 40.2522, 9.7616 ], [ 40.2357, 9.7629 ], [ 40.2341, 9.767 ], [ 40.2249, 9.7643 ], [ 40.2289, 9.7744 ], [ 40.2284, 9.7893 ], [ 40.232, 9.7999 ], [ 40.2385, 9.8019 ], [ 40.2412, 9.8086 ], [ 40.2392, 9.8134 ], [ 40.2521, 9.8286 ], [ 40.2591, 9.8444 ], [ 40.2589, 9.8488 ], [ 40.2528, 9.8492 ], [ 40.2534, 9.8544 ], [ 40.2612, 9.8577 ], [ 40.2652, 9.8635 ], [ 40.2727, 9.8638 ], [ 40.2823, 9.8862 ], [ 40.2856, 9.9024 ], [ 40.2974, 9.9047 ], [ 40.3023, 9.9142 ], [ 40.3098, 9.9151 ], [ 40.3115, 9.9222 ], [ 40.3297, 9.9189 ], [ 40.3373, 9.9223 ], [ 40.3428, 9.9267 ], [ 40.3423, 9.9346 ], [ 40.3525, 9.9486 ], [ 40.35, 9.9638 ], [ 40.3431, 9.9729 ], [ 40.338, 9.9912 ], [ 40.3294, 9.989 ], [ 40.3252, 9.9925 ], [ 40.334, 10.0064 ], [ 40.3347, 10.0372 ], [ 40.374, 10.1026 ], [ 40.3783, 10.1235 ], [ 40.3896, 10.1291 ], [ 40.3921, 10.1504 ], [ 40.367, 10.1732 ], [ 40.3907, 10.1848 ], [ 40.3874, 10.1931 ], [ 40.4028, 10.2303 ], [ 40.4321, 10.2617 ], [ 40.4294, 10.2743 ], [ 40.4186, 10.2809 ], [ 40.4189, 10.2845 ], [ 40.4136, 10.2893 ], [ 40.4113, 10.3042 ], [ 40.4056, 10.3125 ], [ 40.433, 10.3257 ], [ 40.4483, 10.3172 ], [ 40.4737, 10.3168 ], [ 40.4905, 10.3045 ], [ 40.5392, 10.3131 ], [ 40.5438, 10.3088 ], [ 40.5456, 10.3119 ], [ 40.5663, 10.3157 ], [ 40.5611, 10.3215 ], [ 40.5641, 10.3246 ], [ 40.5568, 10.3276 ], [ 40.5611, 10.3325 ], [ 40.5566, 10.3379 ], [ 40.5607, 10.342 ], [ 40.5603, 10.3467 ], [ 40.5497, 10.3544 ], [ 40.5463, 10.3678 ], [ 40.5497, 10.3838 ], [ 40.5562, 10.3927 ], [ 40.5562, 10.4077 ], [ 40.5537, 10.4108 ], [ 40.5565, 10.4172 ], [ 40.5614, 10.4175 ], [ 40.562, 10.4273 ], [ 40.5589, 10.4331 ], [ 40.5628, 10.4371 ], [ 40.5606, 10.4394 ], [ 40.5559, 10.4358 ], [ 40.553, 10.4395 ], [ 40.5507, 10.4473 ], [ 40.5537, 10.4475 ], [ 40.5575, 10.4566 ], [ 40.547, 10.4597 ], [ 40.5484, 10.4725 ], [ 40.5381, 10.4731 ], [ 40.5369, 10.4847 ], [ 40.5312, 10.4852 ], [ 40.5245, 10.4957 ], [ 40.5276, 10.4953 ], [ 40.5223, 10.4982 ], [ 40.5238, 10.5047 ], [ 40.5189, 10.5067 ], [ 40.5189, 10.514 ], [ 40.526, 10.5256 ], [ 40.5118, 10.5279 ], [ 40.5177, 10.5371 ], [ 40.5136, 10.5377 ], [ 40.5144, 10.5433 ], [ 40.5111, 10.5439 ], [ 40.5155, 10.577 ], [ 40.5045, 10.6006 ], [ 40.5137, 10.5952 ], [ 40.5165, 10.6015 ], [ 40.5132, 10.6067 ], [ 40.5143, 10.6133 ], [ 40.4964, 10.6251 ], [ 40.4934, 10.623 ], [ 40.4934, 10.6315 ], [ 40.4896, 10.6351 ], [ 40.4925, 10.6385 ], [ 40.4835, 10.6541 ], [ 40.4796, 10.6518 ], [ 40.4761, 10.6561 ], [ 40.4786, 10.6637 ], [ 40.4726, 10.6687 ], [ 40.4764, 10.6743 ], [ 40.4665, 10.6739 ], [ 40.4555, 10.684 ], [ 40.4531, 10.696 ], [ 40.4564, 10.7025 ], [ 40.4492, 10.7158 ], [ 40.4414, 10.7163 ], [ 40.4389, 10.7241 ], [ 40.4385, 10.7379 ], [ 40.4432, 10.7433 ], [ 40.4399, 10.7499 ], [ 40.4479, 10.7597 ], [ 40.4439, 10.7642 ], [ 40.4475, 10.7678 ], [ 40.4412, 10.7706 ], [ 40.4392, 10.7751 ], [ 40.4381, 10.7871 ], [ 40.4432, 10.7895 ], [ 40.4507, 10.8074 ], [ 40.4478, 10.8109 ], [ 40.4493, 10.8146 ], [ 40.4457, 10.817 ], [ 40.4518, 10.8186 ], [ 40.4488, 10.8232 ], [ 40.4532, 10.8274 ], [ 40.4484, 10.8456 ], [ 40.4538, 10.8532 ], [ 40.4477, 10.8607 ], [ 40.4512, 10.8645 ], [ 40.4489, 10.8707 ], [ 40.4509, 10.8752 ], [ 40.4542, 10.8739 ], [ 40.4567, 10.8772 ], [ 40.4494, 10.8891 ], [ 40.4584, 10.8971 ], [ 40.4501, 10.9494 ], [ 40.4525, 10.9636 ], [ 40.4482, 10.9652 ], [ 40.452, 10.9699 ], [ 40.4498, 10.9743 ], [ 40.4568, 10.9744 ], [ 40.4599, 10.9792 ], [ 40.4647, 10.9797 ], [ 40.4582, 10.9904 ], [ 40.4591, 10.993 ], [ 40.467, 10.9943 ], [ 40.4622, 10.9983 ], [ 40.4664, 11.0058 ], [ 40.4626, 11.0089 ], [ 40.4704, 11.0096 ], [ 40.4718, 11.0184 ], [ 40.4793, 11.0253 ], [ 40.4793, 11.0363 ], [ 40.4931, 11.0386 ], [ 40.5061, 11.054 ], [ 40.4737, 11.066 ], [ 40.4712, 11.0713 ], [ 40.4591, 11.0739 ], [ 40.4494, 11.083 ], [ 40.437, 11.0881 ], [ 40.4237, 11.0974 ], [ 40.4147, 11.1115 ], [ 40.4041, 11.1178 ], [ 40.4054, 11.1265 ], [ 40.3993, 11.1242 ], [ 40.3909, 11.1286 ], [ 40.3662, 11.1507 ], [ 40.358, 11.1486 ], [ 40.3501, 11.1515 ], [ 40.3435, 11.1647 ], [ 40.3382, 11.1604 ], [ 40.3302, 11.1665 ], [ 40.3245, 11.1609 ], [ 40.3169, 11.1613 ], [ 40.3048, 11.1531 ], [ 40.2979, 11.1534 ], [ 40.2949, 11.1487 ], [ 40.2816, 11.1499 ], [ 40.2716, 11.1473 ], [ 40.2674, 11.1509 ], [ 40.263, 11.1458 ], [ 40.2483, 11.1457 ], [ 40.2395, 11.1394 ], [ 40.2336, 11.1441 ], [ 40.2248, 11.1342 ], [ 40.2198, 11.134 ], [ 40.2194, 11.1583 ], [ 40.2182, 11.149 ], [ 40.2013, 11.1456 ] ] ] } },
{ "type": "Feature", "properties": { "iso3": "ETH", "unit_id": "89294058B12840130744506", "unit_name": "North Gondar" }, "geometry": { "type": "Polygon", "coordinates": [ [ [ 37.776, 13.633 ], [ 37.7694, 13.6279 ], [ 37.7644, 13.6184 ], [ 37.7651, 13.6022 ], [ 37.7599, 13.591 ], [ 37.7539, 13.5912 ], [ 37.7458, 13.5781 ], [ 37.7461, 13.5709 ], [ 37.7357, 13.5721 ], [ 37.727, 13.5634 ], [ 37.7201, 13.5462 ], [ 37.7144, 13.542 ], [ 37.7155, 13.5345 ], [ 37.7096, 13.5302 ], [ 37.6987, 13.4954 ], [ 37.6909, 13.4847 ], [ 37.6941, 13.4724 ], [ 37.6854, 13.4653 ], [ 37.6768, 13.4507 ], [ 37.6566, 13.4414 ], [ 37.6557, 13.4348 ], [ 37.6484, 13.4254 ], [ 37.6317, 13.4109 ], [ 37.6254, 13.4082 ], [ 37.611, 13.4111 ], [ 37.6045, 13.4089 ], [ 37.5902, 13.3976 ], [ 37.5823, 13.397 ], [ 37.5672, 13.3882 ], [ 37.552, 13.3886 ], [ 37.5237, 13.3699 ], [ 37.522, 13.3576 ], [ 37.5378, 13.3337 ], [ 37.5373, 13.3269 ], [ 37.5492, 13.3127 ], [ 37.549, 13.3091 ], [ 37.5301, 13.2991 ], [ 37.5293, 13.2946 ], [ 37.5357, 13.2665 ], [ 37.5345, 13.2608 ], [ 37.5428, 13.2464 ], [ 37.5418, 13.2372 ], [ 37.5461, 13.2329 ], [ 37.5482, 13.2222 ], [ 37.5411, 13.2147 ], [ 37.5447, 13.2079 ], [ 37.5428, 13.197 ], [ 37.5311, 13.1875 ], [ 37.5169, 13.1907 ], [ 37.5111, 13.1874 ], [ 37.5049, 13.1798 ], [ 37.5018, 13.168 ], [ 37.4834, 13.1571 ], [ 37.4789, 13.1423 ], [ 37.4663, 13.132 ], [ 37.4562, 13.1162 ], [ 37.457, 13.0979 ], [ 37.4662, 13.1015 ], [ 37.4881, 13.0984 ], [ 37.5071, 13.1008 ], [ 37.524, 13.0953 ], [ 37.5314, 13.0758 ], [ 37.532, 13.0478 ], [ 37.5365, 13.0352 ], [ 37.5334, 13.0256 ], [ 37.5407, 12.9959 ], [ 37.5378, 12.9923 ], [ 37.5428, 12.9866 ], [ 37.5475, 12.966 ], [ 37.5632, 12.9521 ], [ 37.579, 12.9454 ], [ 37.6048, 12.9553 ], [ 37.6139, 12.9534 ], [ 37.6359, 12.9569 ], [ 37.6332, 12.927 ], [ 37.6278, 12.9206 ], [ 37.65, 12.9272 ], [ 37.6457, 12.9115 ], [ 37.6511, 12.9021 ], [ 37.6621, 12.8943 ], [ 37.6855, 12.8954 ], [ 37.6997, 12.8814 ], [ 37.7145, 12.8772 ], [ 37.7324, 12.8805 ], [ 37.727, 12.8843 ], [ 37.7501, 12.9003 ], [ 37.7557, 12.8978 ], [ 37.7622, 12.913 ], [ 37.7723, 12.9211 ], [ 37.811, 12.9201 ], [ 37.8234, 12.9267 ], [ 37.8408, 12.9233 ], [ 37.8476, 12.9268 ], [ 37.8576, 12.9218 ], [ 37.8695, 12.9217 ], [ 37.8759, 12.9149 ], [ 37.9127, 12.9053 ], [ 37.917, 12.9185 ], [ 37.904, 12.9332 ], [ 37.9015, 12.9417 ], [ 37.8973, 12.9639 ], [ 37.9002, 12.9837 ], [ 37.8938, 12.9993 ], [ 37.9037, 13.0146 ], [ 37.9197, 13.0296 ], [ 37.9109, 13.0331 ], [ 37.905, 13.0419 ], [ 37.9158, 13.0445 ], [ 37.9382, 13.0573 ], [ 37.9484, 13.0559 ], [ 37.9504, 13.0592 ], [ 37.9482, 13.0713 ], [ 37.9549, 13.0789 ], [ 37.9636, 13.0835 ], [ 37.9755, 13.0816 ], [ 37.9761, 13.0953 ], [ 37.9839, 13.1053 ], [ 37.9934, 13.1066 ], [ 38.0152, 13.0885 ], [ 38.0183, 13.0912 ], [ 38.0288, 13.0803 ], [ 38.0438, 13.0741 ], [ 38.0156, 13.0454 ], [ 38.0133, 13.039 ], [ 38.0033, 13.0325 ], [ 38.0011, 13.0269 ], [ 38.0164, 13.0048 ], [ 38.0226, 12.9659 ], [ 38.0366, 12.9485 ], [ 38.0538, 12.935 ], [ 38.0587, 12.9494 ], [ 38.0661, 12.9485 ], [ 38.0717, 12.9701 ], [ 38.0811, 12.9704 ], [ 38.0833, 12.9769 ], [ 38.0898, 12.9814 ], [ 38.0944, 12.9812 ], [ 38.1016, 12.9722 ], [ 38.1266, 12.9679 ], [ 38.1313, 12.9479 ], [ 38.1284, 12.9075 ], [ 38.1332, 12.8979 ], [ 38.131, 12.8866 ], [ 38.124, 12.8765 ], [ 38.1341, 12.8718 ], [ 38.152, 12.8961 ], [ 38.1499, 12.9036 ], [ 38.1561, 12.9105 ], [ 38.1559, 12.9329 ], [ 38.1621, 12.9413 ], [ 38.1727, 12.9428 ], [ 38.1844, 12.9379 ], [ 38.1923, 12.9392 ], [ 38.184, 12.9229 ], [ 38.1888, 12.9126 ], [ 38.1868, 12.9047 ], [ 38.1925, 12.8954 ], [ 38.2018, 12.8916 ], [ 38.2023, 12.8823 ], [ 38.2101, 12.8841 ], [ 38.2203, 12.8807 ], [ 38.223, 12.8735 ], [ 38.2376, 12.8848 ], [ 38.2476, 12.9022 ], [ 38.2646, 12.8986 ], [ 38.2664, 12.8736 ], [ 38.2632, 12.8563 ], [ 38.2654, 12.8474 ], [ 38.2605, 12.8418 ], [ 38.2618, 12.8252 ], [ 38.281, 12.8161 ], [ 38.2958, 12.8162 ], [ 38.3048, 12.7928 ], [ 38.3122, 12.7544 ], [ 38.3211, 12.7602 ], [ 38.3301, 12.76 ], [ 38.3245, 12.7774 ], [ 38.3282, 12.7862 ], [ 38.3279, 12.7963 ], [ 38.3549, 12.8493 ], [ 38.3417, 12.8528 ], [ 38.3551, 12.8973 ], [ 38.3616, 12.9062 ], [ 38.3866, 12.8916 ], [ 38.3814, 12.9106 ], [ 38.3913, 12.9111 ], [ 38.3983, 12.9207 ], [ 38.3799, 12.9339 ], [ 38.3707, 12.9462 ], [ 38.3538, 12.942 ], [ 38.3357, 12.9524 ], [ 38.3406, 12.9771 ], [ 38.3532, 12.9885 ], [ 38.3685, 12.9836 ], [ 38.3705, 12.9861 ], [ 38.3528, 13.0225 ], [ 38.3616, 13.0223 ], [ 38.3813, 13.0085 ], [ 38.3784, 13.0364 ], [ 38.3829, 13.0557 ], [ 38.3787, 13.0653 ], [ 38.3897, 13.0759 ], [ 38.4079, 13.0664 ], [ 38.4122, 13.0678 ], [ 38.4173, 13.0719 ], [ 38.4241, 13.0949 ], [ 38.4307, 13.0763 ], [ 38.4486, 13.0571 ], [ 38.4648, 13.0848 ], [ 38.5036, 13.0833 ], [ 38.4897, 13.1027 ], [ 38.4996, 13.1185 ], [ 38.5113, 13.1489 ], [ 38.5108, 13.1559 ], [ 38.5102, 13.1601 ], [ 38.4966, 13.165 ], [ 38.5028, 13.1702 ], [ 38.4953, 13.186 ], [ 38.5095, 13.1798 ], [ 38.5285, 13.178 ], [ 38.5482, 13.1691 ], [ 38.5502, 13.1711 ], [ 38.5506, 13.179 ], [ 38.534, 13.1986 ], [ 38.5597, 13.1991 ], [ 38.5489, 13.2239 ], [ 38.5585, 13.2304 ], [ 38.5604, 13.237 ], [ 38.5731, 13.2412 ], [ 38.5767, 13.2474 ], [ 38.5736, 13.253 ], [ 38.5727, 13.2924 ], [ 38.5891, 13.3002 ], [ 38.6283, 13.3094 ], [ 38.6631, 13.2945 ], [ 38.6764, 13.2967 ], [ 38.6952, 13.2906 ], [ 38.7068, 13.2929 ], [ 38.7197, 13.2892 ], [ 38.7395, 13.2935 ], [ 38.7352, 13.3024 ], [ 38.741, 13.3074 ], [ 38.7369, 13.3303 ], [ 38.7417, 13.3335 ], [ 38.7418, 13.3398 ], [ 38.7337, 13.3498 ], [ 38.7302, 13.3654 ], [ 38.7372, 13.3777 ], [ 38.7333, 13.3841 ], [ 38.7331, 13.3988 ], [ 38.7219, 13.4081 ], [ 38.7057, 13.3893 ], [ 38.6691, 13.3919 ], [ 38.6486, 13.3965 ], [ 38.6224, 13.4112 ], [ 38.6158, 13.4514 ], [ 38.6333, 13.4727 ], [ 38.6482, 13.4814 ], [ 38.6613, 13.4847 ], [ 38.6764, 13.4834 ], [ 38.6725, 13.5092 ], [ 38.6622, 13.5312 ], [ 38.636, 13.5063 ], [ 38.614, 13.4907 ], [ 38.6054, 13.4907 ], [ 38.5901, 13.5061 ], [ 38.5796, 13.5035 ], [ 38.573, 13.4977 ], [ 38.5675, 13.4865 ], [ 38.5621, 13.4833 ], [ 38.5342, 13.4818 ], [ 38.5117, 13.4729 ], [ 38.4842, 13.4697 ], [ 38.461, 13.4596 ], [ 38.469, 13.4754 ], [ 38.4655, 13.4797 ], [ 38.4674, 13.4849 ], [ 38.4983, 13.4845 ], [ 38.4907, 13.4958 ], [ 38.4968, 13.5068 ], [ 38.5029, 13.5115 ], [ 38.5326, 13.5187 ], [ 38.5425, 13.5258 ], [ 38.5507, 13.5379 ], [ 38.5539, 13.5503 ], [ 38.5014, 13.5579 ], [ 38.4899, 13.558 ], [ 38.4776, 13.5523 ], [ 38.4729, 13.5641 ], [ 38.4652, 13.5676 ], [ 38.4536, 13.5569 ], [ 38.4428, 13.5605 ], [ 38.4433, 13.5689 ], [ 38.451, 13.5846 ], [ 38.4408, 13.5844 ], [ 38.4327, 13.5797 ], [ 38.4264, 13.5713 ], [ 38.4238, 13.5613 ], [ 38.4065, 13.5394 ], [ 38.3994, 13.5397 ], [ 38.3993, 13.5455 ], [ 38.3912, 13.5534 ], [ 38.3856, 13.5516 ], [ 38.3798, 13.5445 ], [ 38.36, 13.553 ], [ 38.3412, 13.5376 ], [ 38.3279, 13.5503 ], [ 38.326, 13.5344 ], [ 38.32, 13.5238 ], [ 38.323, 13.5096 ], [ 38.3199, 13.5022 ], [ 38.2789, 13.4855 ], [ 38.2591, 13.4862 ], [ 38.248, 13.5017 ], [ 38.2273, 13.4892 ], [ 38.2113, 13.4868 ], [ 38.2009, 13.4801 ], [ 38.1737, 13.4934 ], [ 38.1585, 13.4828 ], [ 38.1552, 13.4765 ], [ 38.1452, 13.4717 ], [ 38.1299, 13.4847 ], [ 38.121, 13.5063 ], [ 38.1153, 13.4943 ], [ 38.0829, 13.4837 ], [ 38.0594, 13.4672 ], [ 38.052, 13.4679 ], [ 38.0456, 13.4801 ], [ 38.0244, 13.4857 ], [ 38.0207, 13.4813 ], [ 38.0149, 13.4865 ], [ 38.0081, 13.5008 ], [ 38.0012, 13.5011 ], [ 37.9684, 13.4937 ], [ 37.9625, 13.4896 ], [ 37.9465, 13.4664 ], [ 37.9041, 13.447 ], [ 37.8872, 13.4534 ], [ 37.8664, 13.4751 ], [ 37.8169, 13.4632 ], [ 37.8119, 13.4797 ], [ 37.809, 13.5191 ], [ 37.7927, 13.5206 ], [ 37.7849, 13.5392 ], [ 37.769, 13.5626 ], [ 37.7841, 13.5877 ], [ 37.7846, 13.5973 ], [ 37.7748, 13.6117 ], [ 37.776, 13.633 ] ] ] } },
{ "type": "Feature", "properties": { "iso3": "ETH", "unit_id": "89294058B88504878885400", "unit_name": "South Gondar" }, "geometry": { "type": "Polygon", "coordinates": [ [ [ 37.8383, 11.2475 ], [ 37.8654, 11.2314 ], [ 37.8689, 11.2216 ], [ 37.8776, 11.2158 ], [ 37.9274, 11.2098 ], [ 37.936, 11.2006 ], [ 37.9426, 11.1996 ], [ 37.9484, 11.1913 ], [ 37.9773, 11.201 ], [ 37.9931, 11.2012 ], [ 38.0001, 11.1986 ], [ 38.0067, 11.1819 ], [ 38.0184, 11.1734 ], [ 38.0552, 11.1708 ], [ 38.0675, 11.1604 ], [ 38.0764, 11.1571 ], [ 38.1067, 11.157 ], [ 38.1145, 11.1543 ], [ 38.1356, 11.1593 ], [ 38.1527, 11.157 ], [ 38.1569, 11.1603 ], [ 38.1632, 11.152 ], [ 38.1782, 11.1416 ], [ 38.2, 11.1393 ], [ 38.2117, 11.1407 ], [ 38.2391, 11.1534 ], [ 38.2753, 11.1428 ], [ 38.2903, 11.1506 ], [ 38.2959, 11.1505 ], [ 38.3327, 11.1239 ], [ 38.3442, 11.1088 ], [ 38.3716, 11.1041 ], [ 38.3901, 11.0853 ], [ 38.4168, 11.0782 ], [ 38.4368, 11.0857 ], [ 38.4539, 11.0668 ], [ 38.4746, 11.0367 ], [ 38.4836, 11.0466 ], [ 38.4841, 11.0618 ], [ 38.4727, 11.0772 ], [ 38.4806, 11.0873 ], [ 38.4844, 11.1006 ], [ 38.5196, 11.1389 ], [ 38.5198, 11.1464 ], [ 38.5463, 11.1568 ], [ 38.5552, 11.1713 ], [ 38.5646, 11.1747 ], [ 38.5658, 11.1862 ], [ 38.5773, 11.1887 ], [ 38.5828, 11.2144 ], [ 38.5806, 11.2229 ], [ 38.5741, 11.2306 ], [ 38.5864, 11.2385 ], [ 38.5927, 11.2539 ], [ 38.6114, 11.2686 ], [ 38.6112, 11.2814 ], [ 38.6198, 11.2908 ], [ 38.6175, 11.2978 ], [ 38.6296, 11.3009 ], [ 38.6348, 11.318 ], [ 38.6331, 11.3255 ], [ 38.6445, 11.3387 ], [ 38.6369, 11.3441 ], [ 38.6386, 11.3543 ], [ 38.6449, 11.365 ], [ 38.6496, 11.3652 ], [ 38.6547, 11.372 ], [ 38.6538, 11.3828 ], [ 38.6766, 11.3946 ], [ 38.6825, 11.4027 ], [ 38.6901, 11.403 ], [ 38.705, 11.4103 ], [ 38.7044, 11.4145 ], [ 38.7099, 11.4226 ], [ 38.7065, 11.4324 ], [ 38.7029, 11.4309 ], [ 38.702, 11.4382 ], [ 38.7065, 11.4492 ], [ 38.7086, 11.4687 ], [ 38.706, 11.4786 ], [ 38.71, 11.5038 ], [ 38.7073, 11.5105 ], [ 38.7112, 11.5187 ], [ 38.7234, 11.5266 ], [ 38.72, 11.5341 ], [ 38.7234, 11.5419 ], [ 38.7181, 11.5454 ], [ 38.716, 11.5537 ], [ 38.7075, 11.5631 ], [ 38.6955, 11.5716 ], [ 38.6784, 11.5772 ], [ 38.6743, 11.5907 ], [ 38.6492, 11.6016 ], [ 38.6479, 11.6119 ], [ 38.6328, 11.6316 ], [ 38.6306, 11.6417 ], [ 38.633, 11.6644 ], [ 38.6305, 11.6787 ], [ 38.6374, 11.701 ], [ 38.629, 11.714 ], [ 38.6097, 11.7283 ], [ 38.6078, 11.7457 ], [ 38.6022, 11.7537 ], [ 38.5614, 11.7736 ], [ 38.5557, 11.7894 ], [ 38.5572, 11.7986 ], [ 38.5654, 11.8025 ], [ 38.5693, 11.8104 ], [ 38.5657, 11.8167 ], [ 38.5748, 11.8229 ], [ 38.5682, 11.831 ], [ 38.5678, 11.8368 ], [ 38.5487, 11.853 ], [ 38.5483, 11.8691 ], [ 38.5595, 11.8767 ], [ 38.5803, 11.9152 ], [ 38.6009, 11.9451 ], [ 38.6032, 11.9552 ], [ 38.6269, 11.9661 ], [ 38.6344, 11.9763 ], [ 38.6319, 11.9888 ], [ 38.643, 12.018 ], [ 38.6418, 12.0295 ], [ 38.6206, 12.048 ], [ 38.6084, 12.0761 ], [ 38.5694, 12.0855 ], [ 38.5577, 12.0988 ], [ 38.5529, 12.1098 ], [ 38.5328, 12.1235 ], [ 38.5141, 12.1254 ], [ 38.5048, 12.1147 ], [ 38.4959, 12.1247 ], [ 38.4893, 12.1261 ], [ 38.4737, 12.1702 ], [ 38.4711, 12.1695 ], [ 38.4619, 12.2135 ], [ 38.4547, 12.2164 ], [ 38.4446, 12.2275 ], [ 38.4458, 12.2414 ], [ 38.455, 12.2596 ], [ 38.4531, 12.271 ], [ 38.4573, 12.2874 ], [ 38.4659, 12.2929 ], [ 38.4759, 12.3171 ], [ 38.4805, 12.3159 ], [ 38.4864, 12.324 ], [ 38.4826, 12.3361 ], [ 38.4891, 12.3461 ], [ 38.4767, 12.3601 ], [ 38.4777, 12.3695 ], [ 38.4687, 12.3721 ], [ 38.4428, 12.4019 ], [ 38.441, 12.4137 ], [ 38.4344, 12.4244 ], [ 38.4378, 12.436 ], [ 38.4302, 12.4463 ], [ 38.4319, 12.4505 ], [ 38.4286, 12.455 ], [ 38.4357, 12.4753 ], [ 38.4273, 12.4831 ], [ 38.4301, 12.5023 ], [ 38.4205, 12.5098 ], [ 38.4224, 12.5222 ], [ 38.4143, 12.5314 ], [ 38.423, 12.5357 ], [ 38.4208, 12.5525 ], [ 38.3988, 12.5503 ], [ 38.3991, 12.5463 ], [ 38.3945, 12.5425 ], [ 38.3779, 12.5366 ], [ 38.3647, 12.5258 ], [ 38.3533, 12.5108 ], [ 38.3511, 12.4972 ], [ 38.3455, 12.4866 ], [ 38.3202, 12.4711 ], [ 38.3123, 12.4627 ], [ 38.3113, 12.4549 ], [ 38.3052, 12.4534 ], [ 38.3091, 12.4495 ], [ 38.2923, 12.4356 ], [ 38.2955, 12.4333 ], [ 38.2937, 12.425 ], [ 38.289, 12.424 ], [ 38.2899, 12.4169 ], [ 38.2814, 12.4159 ], [ 38.2808, 12.4111 ], [ 38.2757, 12.4108 ], [ 38.2741, 12.4053 ], [ 38.2661, 12.4019 ], [ 38.2676, 12.3982 ], [ 38.261, 12.399 ], [ 38.2593, 12.3934 ], [ 38.243, 12.3917 ], [ 38.2348, 12.3831 ], [ 38.2285, 12.3844 ], [ 38.2219, 12.3811 ], [ 38.2184, 12.3751 ], [ 38.2098, 12.3741 ], [ 38.2091, 12.3691 ], [ 38.204, 12.3695 ], [ 38.1963, 12.3647 ], [ 38.1948, 12.3585 ], [ 38.1884, 12.3558 ], [ 38.1874, 12.3502 ], [ 38.1753, 12.3476 ], [ 38.1718, 12.3387 ], [ 38.1403, 12.3303 ], [ 38.1137, 12.3382 ], [ 38.1089, 12.3312 ], [ 38.1131, 12.3187 ], [ 38.0984, 12.3255 ], [ 38.0757, 12.3107 ], [ 38.0727, 12.3108 ], [ 38.0739, 12.3158 ], [ 38.0588, 12.3331 ], [ 38.0423, 12.3249 ], [ 38.0346, 12.3258 ], [ 38.0311, 12.316 ], [ 38.0201, 12.3089 ], [ 38.004, 12.3159 ], [ 37.9919, 12.3059 ], [ 37.9894, 12.2998 ], [ 37.9853, 12.3016 ], [ 37.983, 12.3082 ], [ 37.9635, 12.288 ], [ 37.9585, 12.2934 ], [ 37.96, 12.305 ], [ 37.9492, 12.3009 ], [ 37.9491, 12.2794 ], [ 37.9622, 12.2635 ], [ 37.9594, 12.2378 ], [ 37.9683, 12.2207 ], [ 37.9648, 12.2181 ], [ 37.9396, 12.2209 ], [ 37.935, 12.2262 ], [ 37.9332, 12.2415 ], [ 37.9292, 12.2413 ], [ 37.9258, 12.2511 ], [ 37.9286, 12.2524 ], [ 37.9273, 12.2588 ], [ 37.9189, 12.2747 ], [ 37.9046, 12.2686 ], [ 37.8824, 12.2923 ], [ 37.8844, 12.2826 ], [ 37.8712, 12.2783 ], [ 37.8609, 12.2665 ], [ 37.8636, 12.2548 ], [ 37.8555, 12.251 ], [ 37.8516, 12.2542 ], [ 37.8432, 12.2497 ], [ 37.8301, 12.2515 ], [ 37.8156, 12.2707 ], [ 37.8168, 12.2883 ], [ 37.8125, 12.3004 ], [ 37.7986, 12.305 ], [ 37.7885, 12.3045 ], [ 37.7856, 12.3154 ], [ 37.7872, 12.3306 ], [ 37.7931, 12.3324 ], [ 37.7944, 12.3443 ], [ 37.7835, 12.3485 ], [ 37.7758, 12.3472 ], [ 37.7723, 12.3535 ], [ 37.7746, 12.3596 ], [ 37.7671, 12.3677 ], [ 37.7616, 12.3583 ], [ 37.7558, 12.3599 ], [ 37.7453, 12.3548 ], [ 37.7301, 12.3346 ], [ 37.7289, 12.3245 ], [ 37.7052, 12.3357 ], [ 37.6973, 12.3257 ], [ 37.6845, 12.3321 ], [ 37.6771, 12.3251 ], [ 37.6664, 12.3221 ], [ 37.6596, 12.3119 ], [ 37.6603, 12.3001 ], [ 37.6461, 12.2922 ], [ 37.6473, 12.2862 ], [ 37.6534, 12.2831 ], [ 37.6709, 12.2844 ], [ 37.6822, 12.2759 ], [ 37.6819, 12.2672 ], [ 37.6862, 12.261 ], [ 37.6921, 12.2536 ], [ 37.7004, 12.2506 ], [ 37.7005, 12.2387 ], [ 37.7103, 12.2398 ], [ 37.7259, 12.2236 ], [ 37.7263, 12.2179 ], [ 37.7378, 12.2083 ], [ 37.7328, 12.2021 ], [ 37.7342, 12.1991 ], [ 37.7443, 12.2112 ], [ 37.7619, 12.2161 ], [ 37.7565, 12.205 ], [ 37.7593, 12.1927 ], [ 37.7526, 12.1854 ], [ 37.7432, 12.1847 ], [ 37.7402, 12.1749 ], [ 37.7341, 12.172 ], [ 37.7247, 12.1702 ], [ 37.7023, 12.1744 ], [ 37.6952, 12.1713 ], [ 37.6938, 12.1524 ], [ 37.6836, 12.1518 ], [ 37.6729, 12.1449 ], [ 37.6663, 12.1484 ], [ 37.6622, 12.1437 ], [ 37.6471, 12.1421 ], [ 37.6421, 12.1455 ], [ 37.6405, 12.1543 ], [ 37.6336, 12.1543 ], [ 37.6289, 12.151 ], [ 37.6269, 12.1405 ], [ 37.6035, 12.13 ], [ 37.6042, 12.1245 ], [ 37.6103, 12.1227 ], [ 37.615, 12.1168 ], [ 37.6195, 12.102 ], [ 37.6191, 12.0893 ], [ 37.6053, 12.0497 ], [ 37.5937, 12.0359 ], [ 37.5959, 12.0333 ], [ 37.5942, 12.0212 ], [ 37.584, 12.0028 ], [ 37.5766, 11.9941 ], [ 37.5695, 11.9926 ], [ 37.5569, 11.9983 ], [ 37.5569, 11.9944 ], [ 37.5748, 11.9776 ], [ 37.5598, 11.9421 ], [ 37.5479, 11.9218 ], [ 37.5294, 11.9025 ], [ 37.5217, 11.9002 ], [ 37.5161, 11.9108 ], [ 37.5071, 11.9033 ], [ 37.501, 11.9045 ], [ 37.4946, 11.911 ], [ 37.4921, 11.9084 ], [ 37.4892, 11.8817 ], [ 37.4927, 11.8813 ], [ 37.4951, 11.885 ], [ 37.4959, 11.8962 ], [ 37.5041, 11.8889 ], [ 37.5006, 11.8732 ], [ 37.508, 11.8679 ], [ 37.5109, 11.8529 ], [ 37.5189, 11.8583 ], [ 37.5158, 11.8527 ], [ 37.5177, 11.8422 ], [ 37.5083, 11.8356 ], [ 37.5034, 11.8394 ], [ 37.4991, 11.8385 ], [ 37.4999, 11.8326 ], [ 37.493, 11.8287 ], [ 37.4848, 11.8326 ], [ 37.4809, 11.8227 ], [ 37.4776, 11.83 ], [ 37.4791, 11.8364 ], [ 37.4733, 11.8349 ], [ 37.4695, 11.8239 ], [ 37.4716, 11.8191 ], [ 37.4654, 11.8179 ], [ 37.4673, 11.815 ], [ 37.4611, 11.8146 ], [ 37.464, 11.8048 ], [ 37.4543, 11.8038 ], [ 37.448, 11.7991 ], [ 37.4565, 11.7958 ], [ 37.457, 11.7877 ], [ 37.4614, 11.7841 ], [ 37.4583, 11.7757 ], [ 37.4494, 11.7695 ], [ 37.4503, 11.7553 ], [ 37.444, 11.7576 ], [ 37.4378, 11.7504 ], [ 37.438, 11.7426 ], [ 37.4253, 11.7377 ], [ 37.4371, 11.7301 ], [ 37.4358, 11.7237 ], [ 37.4402, 11.72 ], [ 37.462, 11.73 ], [ 37.4645, 11.73 ], [ 37.4663, 11.7242 ], [ 37.4702, 11.7277 ], [ 37.4686, 11.7208 ], [ 37.4727, 11.7204 ], [ 37.497, 11.7317 ], [ 37.5046, 11.7219 ], [ 37.5015, 11.7132 ], [ 37.5037, 11.6983 ], [ 37.5173, 11.6769 ], [ 37.5243, 11.6686 ], [ 37.5284, 11.668 ], [ 37.5301, 11.6627 ], [ 37.5341, 11.662 ], [ 37.5435, 11.6489 ], [ 37.5419, 11.6426 ], [ 37.529, 11.6329 ], [ 37.5267, 11.6272 ], [ 37.5126, 11.6289 ], [ 37.5126, 11.6186 ], [ 37.5237, 11.6021 ], [ 37.5194, 11.593 ], [ 37.5402, 11.5857 ], [ 37.5498, 11.5786 ], [ 37.5496, 11.5716 ], [ 37.543, 11.5619 ], [ 37.5564, 11.5455 ], [ 37.5736, 11.5497 ], [ 37.5786, 11.5332 ], [ 37.5845, 11.5302 ], [ 37.5924, 11.5102 ], [ 37.6171, 11.5278 ], [ 37.6291, 11.5203 ], [ 37.6445, 11.4912 ], [ 37.6336, 11.4862 ], [ 37.6304, 11.4814 ], [ 37.6258, 11.4813 ], [ 37.6311, 11.4742 ], [ 37.6337, 11.4564 ], [ 37.659, 11.4206 ], [ 37.6733, 11.3959 ], [ 37.6752, 11.3873 ], [ 37.6838, 11.383 ], [ 37.6868, 11.3663 ], [ 37.7081, 11.3453 ], [ 37.7112, 11.3355 ], [ 37.7219, 11.33 ], [ 37.7244, 11.3186 ], [ 37.732, 11.3141 ], [ 37.7356, 11.3054 ], [ 37.7457, 11.2962 ], [ 37.7721, 11.2824 ], [ 37.7732, 11.2778 ], [ 37.7897, 11.2641 ], [ 37.8035, 11.2613 ], [ 37.8129, 11.2557 ], [ 37.8288, 11.2571 ], [ 37.8383, 11.2475 ] ] ] } },
{ "type": "Feature", "properties": { "iso3": "ETH", "unit_id": "89294058B13112228417410", "unit_name": "North Wello" }, "geometry": { "type": "Polygon", "coordinates": [ [ [ 39.2645, 12.3293 ], [ 39.2507, 12.3001 ], [ 39.2211, 12.2648 ], [ 39.213, 12.2353 ], [ 39.2068, 12.2319 ], [ 39.2006, 12.2179 ], [ 39.2013, 12.2096 ], [ 39.196, 12.2019 ], [ 39.167, 12.2035 ], [ 39.1613, 12.2002 ], [ 39.1536, 12.1683 ], [ 39.1614, 12.1613 ], [ 39.1647, 12.1523 ], [ 39.1484, 12.1425 ], [ 39.1415, 12.1275 ], [ 39.1217, 12.1171 ], [ 39.1204, 12.1345 ], [ 39.1088, 12.147 ], [ 39.1098, 12.1537 ], [ 39.1061, 12.1603 ], [ 39.0972, 12.1567 ], [ 39.0939, 12.1589 ], [ 39.0969, 12.1673 ], [ 39.0901, 12.1623 ], [ 39.0418, 12.1708 ], [ 39.0375, 12.1808 ], [ 39.0285, 12.1832 ], [ 39.0257, 12.1904 ], [ 39.0312, 12.1911 ], [ 39.0421, 12.2033 ], [ 39.0558, 12.2099 ], [ 39.0408, 12.2186 ], [ 39.0184, 12.2412 ], [ 38.9896, 12.2547 ], [ 38.9679, 12.2503 ], [ 38.9159, 12.2693 ], [ 38.9072, 12.2695 ], [ 38.9017, 12.2739 ], [ 38.851, 12.2806 ], [ 38.8442, 12.2781 ], [ 38.842, 12.2814 ], [ 38.822, 12.269 ], [ 38.8136, 12.2679 ], [ 38.8032, 12.2704 ], [ 38.7713, 12.2915 ], [ 38.7387, 12.2975 ], [ 38.7243, 12.2925 ], [ 38.7067, 12.2792 ], [ 38.6985, 12.2785 ], [ 38.6896, 12.2734 ], [ 38.6429, 12.2792 ], [ 38.6329, 12.2861 ], [ 38.5734, 12.2925 ], [ 38.5677, 12.2968 ], [ 38.5479, 12.2967 ], [ 38.5365, 12.288 ], [ 38.5202, 12.2836 ], [ 38.5088, 12.2889 ], [ 38.5035, 12.2862 ], [ 38.4949, 12.2936 ], [ 38.4842, 12.2949 ], [ 38.4755, 12.3061 ], [ 38.473, 12.3061 ], [ 38.4659, 12.2929 ], [ 38.4573, 12.2874 ], [ 38.4531, 12.271 ], [ 38.455, 12.2596 ], [ 38.4458, 12.2414 ], [ 38.4446, 12.2275 ], [ 38.4547, 12.2164 ], [ 38.4619, 12.2135 ], [ 38.4666, 12.1983 ], [ 38.4667, 12.1844 ], [ 38.4865, 12.1289 ], [ 38.4959, 12.1247 ], [ 38.5048, 12.1147 ], [ 38.5141, 12.1254 ], [ 38.5328, 12.1235 ], [ 38.5529, 12.1098 ], [ 38.5577, 12.0988 ], [ 38.5694, 12.0855 ], [ 38.6084, 12.0761 ], [ 38.6206, 12.048 ], [ 38.6418, 12.0295 ], [ 38.643, 12.018 ], [ 38.6319, 11.9888 ], [ 38.6344, 11.9763 ], [ 38.6269, 11.9661 ], [ 38.6032, 11.9552 ], [ 38.6009, 11.9451 ], [ 38.5803, 11.9152 ], [ 38.5595, 11.8767 ], [ 38.5483, 11.8691 ], [ 38.5487, 11.853 ], [ 38.5678, 11.8368 ], [ 38.5682, 11.831 ], [ 38.5748, 11.8229 ], [ 38.5657, 11.8167 ], [ 38.5693, 11.8104 ], [ 38.5654, 11.8025 ], [ 38.5572, 11.7986 ], [ 38.5557, 11.7894 ], [ 38.5614, 11.7736 ], [ 38.6022, 11.7537 ], [ 38.6078, 11.7457 ], [ 38.6097, 11.7283 ], [ 38.629, 11.714 ], [ 38.6374, 11.701 ], [ 38.6305, 11.6787 ], [ 38.633, 11.6644 ], [ 38.6306, 11.6417 ], [ 38.6328, 11.6316 ], [ 38.6479, 11.6119 ], [ 38.6492, 11.6016 ], [ 38.6743, 11.5907 ], [ 38.6784, 11.5772 ], [ 38.6955, 11.5716 ], [ 38.7075, 11.5631 ], [ 38.716, 11.5537 ], [ 38.7181, 11.5454 ], [ 38.7234, 11.5419 ], [ 38.72, 11.5341 ], [ 38.7234, 11.5266 ], [ 38.7112, 11.5187 ], [ 38.7073, 11.5105 ], [ 38.71, 11.5038 ], [ 38.706, 11.4786 ], [ 38.7086, 11.4687 ], [ 38.7065, 11.4492 ], [ 38.702, 11.4382 ], [ 38.7029, 11.4309 ], [ 38.7065, 11.4324 ], [ 38.7097, 11.4282 ], [ 38.7069, 11.4164 ], [ 38.7276, 11.4191 ], [ 38.7348, 11.4091 ], [ 38.7462, 11.4061 ], [ 38.7588, 11.3933 ], [ 38.7709, 11.3892 ], [ 38.7786, 11.3824 ], [ 38.7909, 11.3806 ], [ 38.7974, 11.3742 ], [ 38.798, 11.3686 ], [ 38.8222, 11.3692 ], [ 38.8478, 11.3858 ], [ 38.8592, 11.3772 ], [ 38.8914, 11.3768 ], [ 38.8932, 11.3627 ], [ 38.8996, 11.3509 ], [ 38.9065, 11.3472 ], [ 38.9293, 11.3464 ], [ 38.9416, 11.3601 ], [ 38.9329, 11.3626 ], [ 38.9574, 11.394 ], [ 38.9953, 11.3988 ], [ 38.9899, 11.4082 ], [ 38.9856, 11.4275 ], [ 39.0035, 11.4459 ], [ 39.0111, 11.4636 ], [ 39.0067, 11.4827 ], [ 38.9939, 11.4857 ], [ 38.9924, 11.4928 ], [ 38.9813, 11.5038 ], [ 38.9816, 11.5152 ], [ 38.976, 11.5255 ], [ 38.9914, 11.5371 ], [ 39.0095, 11.5397 ], [ 39.0196, 11.5449 ], [ 39.0242, 11.5513 ], [ 39.048, 11.5575 ], [ 39.0546, 11.5719 ], [ 39.0713, 11.5896 ], [ 39.1053, 11.6218 ], [ 39.1114, 11.6225 ], [ 39.116, 11.6389 ], [ 39.1494, 11.6437 ], [ 39.1555, 11.6579 ], [ 39.1761, 11.6808 ], [ 39.2095, 11.6871 ], [ 39.2238, 11.7021 ], [ 39.2269, 11.6998 ], [ 39.2301, 11.7032 ], [ 39.2487, 11.7041 ], [ 39.2558, 11.7158 ], [ 39.258, 11.7302 ], [ 39.2554, 11.7428 ], [ 39.2602, 11.7521 ], [ 39.2527, 11.7867 ], [ 39.2658, 11.802 ], [ 39.2992, 11.817 ], [ 39.3043, 11.8222 ], [ 39.3151, 11.817 ], [ 39.32, 11.8252 ], [ 39.3298, 11.8291 ], [ 39.3375, 11.8438 ], [ 39.3499, 11.8494 ], [ 39.3606, 11.8472 ], [ 39.3764, 11.8291 ], [ 39.3864, 11.8322 ], [ 39.3965, 11.8269 ], [ 39.413, 11.8291 ], [ 39.4218, 11.8237 ], [ 39.4338, 11.8249 ], [ 39.4336, 11.8214 ], [ 39.4397, 11.8201 ], [ 39.4305, 11.8116 ], [ 39.4285, 11.7973 ], [ 39.4358, 11.7941 ], [ 39.4416, 11.7809 ], [ 39.422, 11.7584 ], [ 39.4329, 11.7568 ], [ 39.4402, 11.7593 ], [ 39.4513, 11.7501 ], [ 39.4624, 11.7542 ], [ 39.4639, 11.7503 ], [ 39.4618, 11.7406 ], [ 39.4591, 11.7407 ], [ 39.4566, 11.7342 ], [ 39.4597, 11.7288 ], [ 39.4303, 11.7119 ], [ 39.4309, 11.6995 ], [ 39.435, 11.6951 ], [ 39.4095, 11.6952 ], [ 39.3957, 11.6874 ], [ 39.3817, 11.6706 ], [ 39.3581, 11.6588 ], [ 39.334, 11.5968 ], [ 39.3442, 11.6015 ], [ 39.3655, 11.593 ], [ 39.3879, 11.5918 ], [ 39.3959, 11.5883 ], [ 39.4217, 11.5905 ], [ 39.4424, 11.5878 ], [ 39.4673, 11.5941 ], [ 39.4857, 11.607 ], [ 39.4867, 11.6215 ], [ 39.4947, 11.6429 ], [ 39.5117, 11.6659 ], [ 39.536, 11.6699 ], [ 39.5466, 11.6762 ], [ 39.5504, 11.6942 ], [ 39.5476, 11.7032 ], [ 39.5489, 11.7124 ], [ 39.5568, 11.7063 ], [ 39.5671, 11.7048 ], [ 39.5763, 11.7089 ], [ 39.5793, 11.6989 ], [ 39.577, 11.6917 ], [ 39.5824, 11.6857 ], [ 39.5868, 11.6654 ], [ 39.5844, 11.6632 ], [ 39.5882, 11.6598 ], [ 39.5915, 11.6421 ], [ 39.5817, 11.6225 ], [ 39.5914, 11.6183 ], [ 39.5787, 11.6112 ], [ 39.5875, 11.6013 ], [ 39.59, 11.5836 ], [ 39.5963, 11.5704 ], [ 39.6066, 11.562 ], [ 39.5996, 11.5563 ], [ 39.6033, 11.5488 ], [ 39.5961, 11.5348 ], [ 39.5849, 11.5242 ], [ 39.5964, 11.5217 ], [ 39.6048, 11.5262 ], [ 39.6182, 11.5251 ], [ 39.6265, 11.5292 ], [ 39.6318, 11.5267 ], [ 39.637, 11.5125 ], [ 39.6421, 11.5094 ], [ 39.6457, 11.5146 ], [ 39.6521, 11.5057 ], [ 39.6624, 11.5099 ], [ 39.6686, 11.5054 ], [ 39.6658, 11.5027 ], [ 39.6681, 11.482 ], [ 39.6733, 11.4716 ], [ 39.6852, 11.477 ], [ 39.7031, 11.4784 ], [ 39.7046, 11.4833 ], [ 39.7307, 11.4712 ], [ 39.7388, 11.4721 ], [ 39.7441, 11.478 ], [ 39.7555, 11.4813 ], [ 39.7654, 11.4792 ], [ 39.7787, 11.4831 ], [ 39.7901, 11.4811 ], [ 39.7933, 11.4771 ], [ 39.8156, 11.4936 ], [ 39.8235, 11.5048 ], [ 39.8429, 11.5123 ], [ 39.8486, 11.5174 ], [ 39.851, 11.5252 ], [ 39.8458, 11.5277 ], [ 39.8462, 11.5308 ], [ 39.8636, 11.5558 ], [ 39.8764, 11.5593 ], [ 39.9069, 11.5781 ], [ 39.9302, 11.6044 ], [ 39.9555, 11.6103 ], [ 39.9538, 11.6159 ], [ 39.9625, 11.6213 ], [ 39.9638, 11.6268 ], [ 40.0153, 11.6456 ], [ 39.9941, 11.6812 ], [ 39.9697, 11.6645 ], [ 39.9239, 11.7008 ], [ 39.8792, 11.7674 ], [ 39.8749, 11.7788 ], [ 39.8735, 11.7986 ], [ 39.8781, 11.8827 ], [ 39.8871, 11.9057 ], [ 39.8765, 11.9744 ], [ 39.8413, 12.0535 ], [ 39.8435, 12.0653 ], [ 39.8617, 12.0884 ], [ 39.8286, 12.0998 ], [ 39.8192, 12.1234 ], [ 39.8128, 12.1566 ], [ 39.7999, 12.195 ], [ 39.8036, 12.2297 ], [ 39.8075, 12.2389 ], [ 39.8276, 12.2405 ], [ 39.8237, 12.2916 ], [ 39.8247, 12.3177 ], [ 39.8176, 12.324 ], [ 39.7615, 12.3033 ], [ 39.7586, 12.32 ], [ 39.7063, 12.3062 ], [ 39.6323, 12.3077 ], [ 39.6209, 12.3002 ], [ 39.6251, 12.288 ], [ 39.6142, 12.2757 ], [ 39.605, 12.2706 ], [ 39.5919, 12.271 ], [ 39.5725, 12.2559 ], [ 39.5552, 12.2555 ], [ 39.5433, 12.265 ], [ 39.5385, 12.2919 ], [ 39.5227, 12.3264 ], [ 39.5074, 12.3329 ], [ 39.4705, 12.3214 ], [ 39.4556, 12.325 ], [ 39.4195, 12.2966 ], [ 39.4029, 12.2953 ], [ 39.3886, 12.3005 ], [ 39.3502, 12.2984 ], [ 39.3217, 12.3049 ], [ 39.3052, 12.2973 ], [ 39.2909, 12.2961 ], [ 39.2802, 12.305 ], [ 39.2645, 12.3293 ] ] ] } },
{ "type": "Feature", "properties": { "iso3": "ETH", "unit_id": "89294058B18545441789276", "unit_name": "South Wello" }, "geometry": { "type": "Polygon", "coordinates": [ [ [ 40.0153, 11.6456 ], [ 39.9638, 11.6268 ], [ 39.9625, 11.6213 ], [ 39.9538, 11.6159 ], [ 39.9555, 11.6103 ], [ 39.9302, 11.6044 ], [ 39.9069, 11.5781 ], [ 39.8764, 11.5593 ], [ 39.8636, 11.5558 ], [ 39.8462, 11.5308 ], [ 39.8458, 11.5277 ], [ 39.851, 11.5252 ], [ 39.8486, 11.5174 ], [ 39.8429, 11.5123 ], [ 39.8235, 11.5048 ], [ 39.8156, 11.4936 ], [ 39.7933, 11.4771 ], [ 39.7901, 11.4811 ], [ 39.7787, 11.4831 ], [ 39.7654, 11.4792 ], [ 39.7555, 11.4813 ], [ 39.7441, 11.478 ], [ 39.7388, 11.4721 ], [ 39.7307, 11.4712 ], [ 39.7046, 11.4833 ], [ 39.7031, 11.4784 ], [ 39.6852, 11.477 ], [ 39.6733, 11.4716 ], [ 39.6681, 11.482 ], [ 39.6658, 11.5027 ], [ 39.6686, 11.5054 ], [ 39.6624, 11.5099 ], [ 39.6521, 11.5057 ], [ 39.6457, 11.5146 ], [ 39.6421, 11.5094 ], [ 39.637, 11.5125 ], [ 39.6318, 11.5267 ], [ 39.6265, 11.5292 ], [ 39.6182, 11.5251 ], [ 39.6048, 11.5262 ], [ 39.5964, 11.5217 ], [ 39.5849, 11.5242 ], [ 39.5961, 11.5348 ], [ 39.6033, 11.5488 ], [ 39.5996, 11.5563 ], [ 39.6066, 11.562 ], [ 39.5963, 11.5704 ], [ 39.59, 11.5836 ], [ 39.5875, 11.6013 ], [ 39.5787, 11.6112 ], [ 39.5914, 11.6183 ], [ 39.5817, 11.6225 ], [ 39.5915, 11.6421 ], [ 39.5882, 11.6598 ], [ 39.5844, 11.6632 ], [ 39.5868, 11.6654 ], [ 39.5824, 11.6857 ], [ 39.577, 11.6917 ], [ 39.5793, 11.6989 ], [ 39.5763, 11.7089 ], [ 39.5671, 11.7048 ], [ 39.5568, 11.7063 ], [ 39.5489, 11.7124 ], [ 39.5476, 11.7032 ], [ 39.5504, 11.6942 ], [ 39.5466, 11.6762 ], [ 39.536, 11.6699 ], [ 39.5117, 11.6659 ], [ 39.4947, 11.6429 ], [ 39.4867, 11.6215 ], [ 39.4857, 11.607 ], [ 39.4673, 11.5941 ], [ 39.4424, 11.5878 ], [ 39.4217, 11.5905 ], [ 39.3959, 11.5883 ], [ 39.3879, 11.5918 ], [ 39.3655, 11.593 ], [ 39.3442, 11.6015 ], [ 39.334, 11.5968 ], [ 39.3581, 11.6588 ], [ 39.3817, 11.6706 ], [ 39.3957, 11.6874 ], [ 39.4095, 11.6952 ], [ 39.435, 11.6951 ], [ 39.4309, 11.6995 ], [ 39.4303, 11.7119 ], [ 39.4597, 11.7288 ], [ 39.4566, 11.7342 ], [ 39.4591, 11.7407 ], [ 39.4618, 11.7406 ], [ 39.4639, 11.7503 ], [ 39.4624, 11.7542 ], [ 39.4513, 11.7501 ], [ 39.4402, 11.7593 ], [ 39.4329, 11.7568 ], [ 39.422, 11.7584 ], [ 39.4416, 11.7809 ], [ 39.4358, 11.7941 ], [ 39.4285, 11.7973 ], [ 39.4305, 11.8116 ], [ 39.4397, 11.8201 ], [ 39.4336, 11.8214 ], [ 39.4338, 11.8249 ], [ 39.4218, 11.8237 ], [ 39.413, 11.8291 ], [ 39.3965, 11.8269 ], [ 39.3864, 11.8322 ], [ 39.3764, 11.8291 ], [ 39.3606, 11.8472 ], [ 39.3499, 11.8494 ], [ 39.3375, 11.8438 ], [ 39.3298, 11.8291 ], [ 39.32, 11.8252 ], [ 39.3151, 11.817 ], [ 39.3043, 11.8222 ], [ 39.2992, 11.817 ], [ 39.2658, 11.802 ], [ 39.2527, 11.7867 ], [ 39.2602, 11.7521 ], [ 39.2554, 11.7428 ], [ 39.258, 11.7302 ], [ 39.2558, 11.7158 ], [ 39.2487, 11.7041 ], [ 39.2301, 11.7032 ], [ 39.2269, 11.6998 ], [ 39.2238, 11.7021 ], [ 39.2095, 11.6871 ], [ 39.1761, 11.6808 ], [ 39.1555, 11.6579 ], [ 39.1494, 11.6437 ], [ 39.116, 11.6389 ], [ 39.1114, 11.6225 ], [ 39.1053, 11.6218 ], [ 39.0713, 11.5896 ], [ 39.0546, 11.5719 ], [ 39.048, 11.5575 ], [ 39.0242, 11.5513 ], [ 39.0196, 11.5449 ], [ 39.0095, 11.5397 ], [ 38.9914, 11.5371 ], [ 38.976, 11.5255 ], [ 38.9816, 11.5152 ], [ 38.9813, 11.5038 ], [ 38.9924, 11.4928 ], [ 38.9939, 11.4857 ], [ 39.0067, 11.4827 ], [ 39.0111, 11.4636 ], [ 39.0035, 11.4459 ], [ 38.9856, 11.4275 ], [ 38.9899, 11.4082 ], [ 38.9953, 11.3988 ], [ 38.9574, 11.394 ], [ 38.9329, 11.3626 ], [ 38.9416, 11.3601 ], [ 38.9293, 11.3464 ], [ 38.9065, 11.3472 ], [ 38.8996, 11.3509 ], [ 38.8932, 11.3627 ], [ 38.8914, 11.3768 ], [ 38.8592, 11.3772 ], [ 38.8478, 11.3858 ], [ 38.8222, 11.3692 ], [ 38.798, 11.3686 ], [ 38.7974, 11.3742 ], [ 38.7909, 11.3806 ], [ 38.7786, 11.3824 ], [ 38.7709, 11.3892 ], [ 38.7588, 11.3933 ], [ 38.7462, 11.4061 ], [ 38.7348, 11.4091 ], [ 38.73, 11.4174 ], [ 38.723, 11.4197 ], [ 38.7069, 11.4164 ], [ 38.7032, 11.4085 ], [ 38.6825, 11.4027 ], [ 38.6766, 11.3946 ], [ 38.6538, 11.3828 ], [ 38.6547, 11.372 ], [ 38.6496, 11.3652 ], [ 38.6449, 11.365 ], [ 38.6386, 11.3543 ], [ 38.6369, 11.3441 ], [ 38.6445, 11.3387 ], [ 38.6331, 11.3255 ], [ 38.6348, 11.318 ], [ 38.6296, 11.3009 ], [ 38.6175, 11.2978 ], [ 38.6198, 11.2908 ], [ 38.6112, 11.2814 ], [ 38.6114, 11.2686 ], [ 38.5927, 11.2539 ], [ 38.5864, 11.2385 ], [ 38.5741, 11.2306 ], [ 38.5806, 11.2229 ], [ 38.5828, 11.2144 ], [ 38.5773, 11.1887 ], [ 38.5658, 11.1862 ], [ 38.5646, 11.1747 ], [ 38.5552, 11.1713 ], [ 38.5463, 11.1568 ], [ 38.5198, 11.1464 ], [ 38.5196, 11.1389 ], [ 38.4844, 11.1006 ], [ 38.4806, 11.0873 ], [ 38.4727, 11.0772 ], [ 38.4841, 11.0618 ], [ 38.4836, 11.0466 ], [ 38.4761, 11.0375 ], [ 38.4704, 11.039 ], [ 38.4796, 11.027 ], [ 38.4942, 10.9908 ], [ 38.4968, 10.9739 ], [ 38.4916, 10.9643 ], [ 38.5042, 10.9421 ], [ 38.5122, 10.9355 ], [ 38.5189, 10.9176 ], [ 38.5186, 10.9096 ], [ 38.5234, 10.9022 ], [ 38.5271, 10.8811 ], [ 38.5186, 10.8667 ], [ 38.5186, 10.8558 ], [ 38.5081, 10.8423 ], [ 38.5235, 10.8057 ], [ 38.5225, 10.7953 ], [ 38.5312, 10.7899 ], [ 38.5191, 10.7762 ], [ 38.5073, 10.7481 ], [ 38.5106, 10.7296 ], [ 38.5092, 10.7105 ], [ 38.5149, 10.6967 ], [ 38.5072, 10.6873 ], [ 38.5076, 10.6742 ], [ 38.4948, 10.6602 ], [ 38.4898, 10.647 ], [ 38.4781, 10.6407 ], [ 38.4734, 10.6323 ], [ 38.4699, 10.6043 ], [ 38.4617, 10.594 ], [ 38.4686, 10.5695 ], [ 38.4651, 10.5575 ], [ 38.4666, 10.5472 ], [ 38.471, 10.5415 ], [ 38.4711, 10.5287 ], [ 38.4814, 10.515 ], [ 38.4781, 10.5021 ], [ 38.4886, 10.485 ], [ 38.4823, 10.4701 ], [ 38.486, 10.4617 ], [ 38.4811, 10.4551 ], [ 38.4838, 10.4444 ], [ 38.4883, 10.442 ], [ 38.483, 10.4122 ], [ 38.4835, 10.4057 ], [ 38.4891, 10.3977 ], [ 38.4893, 10.3849 ], [ 38.4865, 10.3798 ], [ 38.492, 10.3726 ], [ 38.4899, 10.3689 ], [ 38.4962, 10.3636 ], [ 38.5028, 10.3633 ], [ 38.5238, 10.3678 ], [ 38.5344, 10.3665 ], [ 38.5602, 10.3759 ], [ 38.6047, 10.3746 ], [ 38.6303, 10.3822 ], [ 38.6642, 10.3728 ], [ 38.6823, 10.379 ], [ 38.6974, 10.3794 ], [ 38.7126, 10.3869 ], [ 38.7382, 10.3856 ], [ 38.7612, 10.3756 ], [ 38.7721, 10.3662 ], [ 38.8065, 10.3688 ], [ 38.8156, 10.3643 ], [ 38.8457, 10.361 ], [ 38.8599, 10.3641 ], [ 38.8684, 10.3601 ], [ 38.8936, 10.3597 ], [ 38.9051, 10.3516 ], [ 38.94, 10.3522 ], [ 38.9476, 10.3485 ], [ 38.9583, 10.3365 ], [ 38.9761, 10.3332 ], [ 39.0144, 10.3543 ], [ 39.0232, 10.3687 ], [ 39.045, 10.3745 ], [ 39.0464, 10.3777 ], [ 39.0553, 10.3794 ], [ 39.0658, 10.3866 ], [ 39.0748, 10.3768 ], [ 39.0762, 10.3605 ], [ 39.0729, 10.3499 ], [ 39.0774, 10.3389 ], [ 39.0748, 10.3257 ], [ 39.0769, 10.314 ], [ 39.0829, 10.3133 ], [ 39.09, 10.3204 ], [ 39.1074, 10.3229 ], [ 39.1088, 10.3326 ], [ 39.1143, 10.3368 ], [ 39.1425, 10.3411 ], [ 39.1535, 10.3288 ], [ 39.1583, 10.3285 ], [ 39.1604, 10.3247 ], [ 39.1699, 10.324 ], [ 39.1687, 10.3061 ], [ 39.1841, 10.2867 ], [ 39.1985, 10.2875 ], [ 39.2106, 10.2826 ], [ 39.2179, 10.2911 ], [ 39.2288, 10.2912 ], [ 39.2484, 10.3053 ], [ 39.2462, 10.2804 ], [ 39.2285, 10.2706 ], [ 39.2235, 10.2632 ], [ 39.2234, 10.2541 ], [ 39.2018, 10.2406 ], [ 39.193, 10.2189 ], [ 39.1713, 10.1859 ], [ 39.1863, 10.1846 ], [ 39.191, 10.181 ], [ 39.1928, 10.1746 ], [ 39.2114, 10.1663 ], [ 39.2133, 10.1592 ], [ 39.2217, 10.1603 ], [ 39.2265, 10.1687 ], [ 39.2367, 10.1759 ], [ 39.2432, 10.1766 ], [ 39.2557, 10.1862 ], [ 39.2629, 10.1862 ], [ 39.2634, 10.1909 ], [ 39.2696, 10.193 ], [ 39.2776, 10.2021 ], [ 39.2732, 10.2039 ], [ 39.2795, 10.2187 ], [ 39.288, 10.2281 ], [ 39.2883, 10.2395 ], [ 39.2991, 10.2577 ], [ 39.3095, 10.268 ], [ 39.3189, 10.2723 ], [ 39.3183, 10.2805 ], [ 39.3214, 10.2842 ], [ 39.3353, 10.2932 ], [ 39.3438, 10.2905 ], [ 39.3483, 10.297 ], [ 39.3576, 10.2997 ], [ 39.3779, 10.3267 ], [ 39.4039, 10.3403 ], [ 39.4154, 10.3603 ], [ 39.4217, 10.3638 ], [ 39.4344, 10.381 ], [ 39.438, 10.3951 ], [ 39.4348, 10.402 ], [ 39.4528, 10.4156 ], [ 39.4515, 10.4231 ], [ 39.4587, 10.4394 ], [ 39.4647, 10.4452 ], [ 39.4627, 10.4583 ], [ 39.467, 10.4694 ], [ 39.4894, 10.4889 ], [ 39.4985, 10.5095 ], [ 39.4938, 10.5359 ], [ 39.4743, 10.5544 ], [ 39.4722, 10.5643 ], [ 39.4732, 10.5857 ], [ 39.4763, 10.5928 ], [ 39.4769, 10.6322 ], [ 39.4835, 10.6737 ], [ 39.491, 10.6783 ], [ 39.5043, 10.677 ], [ 39.5065, 10.6793 ], [ 39.504, 10.6691 ], [ 39.5149, 10.6639 ], [ 39.5183, 10.647 ], [ 39.5263, 10.6329 ], [ 39.5534, 10.6588 ], [ 39.573, 10.667 ], [ 39.5824, 10.6775 ], [ 39.5911, 10.6948 ], [ 39.6204, 10.7114 ], [ 39.6322, 10.7273 ], [ 39.6423, 10.7324 ], [ 39.6486, 10.7398 ], [ 39.6553, 10.7406 ], [ 39.6721, 10.7221 ], [ 39.7087, 10.7271 ], [ 39.7138, 10.741 ], [ 39.7071, 10.7584 ], [ 39.7132, 10.7689 ], [ 39.6975, 10.7784 ], [ 39.6991, 10.7859 ], [ 39.6948, 10.788 ], [ 39.6897, 10.7845 ], [ 39.6869, 10.7872 ], [ 39.6924, 10.792 ], [ 39.6907, 10.7959 ], [ 39.6949, 10.7996 ], [ 39.7026, 10.7982 ], [ 39.7103, 10.8021 ], [ 39.7003, 10.8139 ], [ 39.6986, 10.8262 ], [ 39.6927, 10.8262 ], [ 39.6943, 10.8299 ], [ 39.7099, 10.8374 ], [ 39.7008, 10.8421 ], [ 39.6919, 10.8421 ], [ 39.6896, 10.8537 ], [ 39.6834, 10.8561 ], [ 39.6809, 10.8627 ], [ 39.6844, 10.8678 ], [ 39.6785, 10.8706 ], [ 39.6792, 10.8753 ], [ 39.6667, 10.8844 ], [ 39.6687, 10.8892 ], [ 39.6645, 10.8925 ], [ 39.6645, 10.8973 ], [ 39.6881, 10.8888 ], [ 39.6959, 10.8818 ], [ 39.7182, 10.8747 ], [ 39.7289, 10.8779 ], [ 39.7299, 10.8838 ], [ 39.7333, 10.8839 ], [ 39.7331, 10.8897 ], [ 39.7445, 10.8931 ], [ 39.7485, 10.8846 ], [ 39.7551, 10.8837 ], [ 39.7629, 10.889 ], [ 39.7899, 10.8792 ], [ 39.7893, 10.8942 ], [ 39.7952, 10.8958 ], [ 39.7973, 10.8902 ], [ 39.8037, 10.8909 ], [ 39.8048, 10.8971 ], [ 39.7998, 10.9004 ], [ 39.8012, 10.9028 ], [ 39.8191, 10.9116 ], [ 39.8155, 10.8964 ], [ 39.8234, 10.892 ], [ 39.8267, 10.8768 ], [ 39.8355, 10.8789 ], [ 39.8381, 10.8861 ], [ 39.8459, 10.8839 ], [ 39.8571, 10.8919 ], [ 39.8715, 10.8891 ], [ 39.8753, 10.8996 ], [ 39.8825, 10.9041 ], [ 39.9073, 10.9099 ], [ 39.9139, 10.9031 ], [ 39.9337, 10.91 ], [ 39.9395, 10.9034 ], [ 39.9375, 10.8965 ], [ 39.9332, 10.8943 ], [ 39.9341, 10.8853 ], [ 39.9402, 10.8774 ], [ 39.9466, 10.8782 ], [ 39.9458, 10.8709 ], [ 39.9492, 10.8723 ], [ 39.9555, 10.8688 ], [ 39.9461, 10.8551 ], [ 39.9367, 10.8499 ], [ 39.9346, 10.8452 ], [ 39.9375, 10.8392 ], [ 39.9443, 10.8388 ], [ 39.9445, 10.8319 ], [ 39.9568, 10.8395 ], [ 39.9576, 10.8472 ], [ 39.9614, 10.8453 ], [ 39.9616, 10.8409 ], [ 39.9692, 10.8386 ], [ 39.9714, 10.8444 ], [ 39.965, 10.846 ], [ 39.9631, 10.8547 ], [ 39.9686, 10.8577 ], [ 39.9681, 10.8523 ], [ 39.9707, 10.8515 ], [ 39.9788, 10.8557 ], [ 40.0019, 10.8556 ], [ 40.0205, 10.8642 ], [ 40.0379, 10.8611 ], [ 40.0703, 10.8731 ], [ 40.0809, 10.8692 ], [ 40.1036, 10.876 ], [ 40.093, 10.893 ], [ 40.0692, 10.9037 ], [ 40.0699, 10.9071 ], [ 40.0344, 10.9228 ], [ 40.0324, 10.9274 ], [ 40.0235, 10.9309 ], [ 40.0224, 10.9354 ], [ 40.0181, 10.9369 ], [ 40.021, 10.9486 ], [ 40.0182, 10.9495 ], [ 40.0171, 10.9587 ], [ 40.0253, 10.9535 ], [ 40.0264, 10.948 ], [ 40.0295, 10.9493 ], [ 40.0355, 10.9623 ], [ 40.042, 10.9642 ], [ 40.041, 10.9681 ], [ 40.05, 10.9812 ], [ 40.0453, 10.9908 ], [ 40.0389, 10.9926 ], [ 40.0304, 10.9892 ], [ 40.0276, 11.0007 ], [ 40.0107, 11.0106 ], [ 40.0065, 11.0211 ], [ 40.0003, 11.0258 ], [ 39.9951, 11.0407 ], [ 39.9885, 11.0447 ], [ 39.9875, 11.0532 ], [ 39.9903, 11.0601 ], [ 39.9838, 11.0632 ], [ 39.9857, 11.0684 ], [ 39.976, 11.0816 ], [ 39.9736, 11.0951 ], [ 39.9549, 11.1167 ], [ 39.9545, 11.1213 ], [ 39.9601, 11.1284 ], [ 39.9565, 11.1411 ], [ 39.9636, 11.1433 ], [ 39.9631, 11.149 ], [ 39.9701, 11.1524 ], [ 39.9688, 11.1673 ], [ 39.9741, 11.1676 ], [ 39.9675, 11.1786 ], [ 39.972, 11.1789 ], [ 39.9697, 11.1851 ], [ 39.9737, 11.1897 ], [ 39.9564, 11.2023 ], [ 39.9498, 11.214 ], [ 39.9457, 11.2149 ], [ 39.9435, 11.2113 ], [ 39.9364, 11.2184 ], [ 39.9292, 11.217 ], [ 39.9197, 11.2231 ], [ 39.9167, 11.2282 ], [ 39.9176, 11.2516 ], [ 39.9065, 11.249 ], [ 39.9025, 11.2416 ], [ 39.8984, 11.2442 ], [ 39.8951, 11.2401 ], [ 39.8859, 11.2415 ], [ 39.8882, 11.2513 ], [ 39.8742, 11.2615 ], [ 39.8709, 11.2656 ], [ 39.8719, 11.2718 ], [ 39.8561, 11.2753 ], [ 39.8621, 11.285 ], [ 39.8584, 11.2978 ], [ 39.8594, 11.3089 ], [ 39.8487, 11.3138 ], [ 39.8466, 11.3192 ], [ 39.8567, 11.3287 ], [ 39.8837, 11.3426 ], [ 39.8909, 11.3454 ], [ 39.9048, 11.344 ], [ 39.9118, 11.3526 ], [ 39.9276, 11.3516 ], [ 39.9348, 11.3563 ], [ 39.941, 11.3558 ], [ 39.9549, 11.3676 ], [ 39.9708, 11.372 ], [ 39.9809, 11.3804 ], [ 39.9824, 11.3867 ], [ 39.9993, 11.3983 ], [ 40.0144, 11.4241 ], [ 40.0198, 11.4233 ], [ 40.0519, 11.4368 ], [ 40.0666, 11.4321 ], [ 40.0609, 11.4741 ], [ 40.0549, 11.4877 ], [ 40.024, 11.5309 ], [ 39.9933, 11.5838 ], [ 39.9925, 11.5974 ], [ 39.9975, 11.6122 ], [ 40.0153, 11.6456 ] ] ] } },
{ "type": "Feature", "properties": { "iso3": "ETH", "unit_id": "89294058B57007659718103", "unit_name": "North Shewa (AM)" }, "geometry": { "type": "Polygon", "coordinates": [ [ [ 39.954, 9.7304 ], [ 39.9735, 9.7292 ], [ 40.0094, 9.7329 ], [ 40.0138, 9.7376 ], [ 40.0059, 9.741 ], [ 39.9912, 9.7567 ], [ 40.0081, 9.7818 ], [ 40.0045, 9.7952 ], [ 40.011, 9.8186 ], [ 40.0175, 9.82 ], [ 40.0278, 9.8299 ], [ 40.0352, 9.8428 ], [ 40.0527, 9.8422 ], [ 40.0707, 9.8574 ], [ 40.0584, 9.8643 ], [ 40.0636, 9.9024 ], [ 40.0778, 9.9055 ], [ 40.0888, 9.9348 ], [ 40.0804, 9.9484 ], [ 40.0673, 9.9601 ], [ 40.0589, 9.9771 ], [ 40.0432, 9.991 ], [ 40.032, 9.9945 ], [ 40.0098, 9.9912 ], [ 39.9474, 9.9934 ], [ 39.9297, 10.0058 ], [ 39.9313, 10.0144 ], [ 39.9247, 10.0141 ], [ 39.9416, 10.0431 ], [ 39.9434, 10.0592 ], [ 39.9368, 10.0622 ], [ 39.9335, 10.0717 ], [ 39.9238, 10.0686 ], [ 39.9265, 10.0914 ], [ 39.9306, 10.0996 ], [ 39.9624, 10.0908 ], [ 39.9747, 10.0948 ], [ 39.9798, 10.1052 ], [ 39.9895, 10.1083 ], [ 39.9901, 10.1133 ], [ 39.9875, 10.1234 ], [ 39.982, 10.1261 ], [ 39.9736, 10.1245 ], [ 39.9774, 10.116 ], [ 39.9686, 10.1172 ], [ 39.9622, 10.1143 ], [ 39.9525, 10.1213 ], [ 39.9481, 10.1102 ], [ 39.9412, 10.1151 ], [ 39.9402, 10.1217 ], [ 39.9337, 10.1226 ], [ 39.9352, 10.1281 ], [ 39.9294, 10.1293 ], [ 39.9351, 10.1441 ], [ 39.9334, 10.1559 ], [ 39.9467, 10.1687 ], [ 39.952, 10.2176 ], [ 39.9469, 10.2271 ], [ 39.9345, 10.2279 ], [ 39.9379, 10.2398 ], [ 39.9264, 10.2392 ], [ 39.929, 10.2566 ], [ 39.9422, 10.2529 ], [ 39.9441, 10.257 ], [ 39.9401, 10.2772 ], [ 39.9259, 10.2751 ], [ 39.9308, 10.2894 ], [ 39.9232, 10.2967 ], [ 39.9256, 10.3061 ], [ 39.9381, 10.3083 ], [ 39.9424, 10.3275 ], [ 39.9499, 10.3368 ], [ 39.958, 10.3352 ], [ 39.9629, 10.3443 ], [ 39.9759, 10.341 ], [ 39.9818, 10.3467 ], [ 39.9814, 10.3502 ], [ 39.9647, 10.3639 ], [ 39.958, 10.3582 ], [ 39.9337, 10.3745 ], [ 39.9344, 10.3827 ], [ 39.9471, 10.3837 ], [ 39.9478, 10.3951 ], [ 39.9381, 10.3981 ], [ 39.9374, 10.4102 ], [ 39.9433, 10.441 ], [ 39.9378, 10.4475 ], [ 39.9387, 10.4651 ], [ 39.9292, 10.4724 ], [ 39.9394, 10.4823 ], [ 39.9385, 10.4877 ], [ 39.9322, 10.4938 ], [ 39.9302, 10.5087 ], [ 39.9249, 10.5089 ], [ 39.9231, 10.512 ], [ 39.9249, 10.516 ], [ 39.9171, 10.5318 ], [ 39.9136, 10.531 ], [ 39.9011, 10.5458 ], [ 39.8923, 10.5462 ], [ 39.8841, 10.561 ], [ 39.8657, 10.5749 ], [ 39.8699, 10.578 ], [ 39.8637, 10.5898 ], [ 39.8641, 10.6159 ], [ 39.8606, 10.6226 ], [ 39.8436, 10.6194 ], [ 39.8396, 10.6246 ], [ 39.8343, 10.654 ], [ 39.8674, 10.676 ], [ 39.8673, 10.6836 ], [ 39.881, 10.6963 ], [ 39.8646, 10.6974 ], [ 39.8419, 10.6873 ], [ 39.8275, 10.6867 ], [ 39.8174, 10.6898 ], [ 39.811, 10.7141 ], [ 39.8104, 10.7311 ], [ 39.8127, 10.7342 ], [ 39.7738, 10.7283 ], [ 39.758, 10.713 ], [ 39.7456, 10.7096 ], [ 39.7401, 10.7182 ], [ 39.7279, 10.7086 ], [ 39.7155, 10.7269 ], [ 39.7125, 10.7378 ], [ 39.7087, 10.7271 ], [ 39.6756, 10.7218 ], [ 39.671, 10.7225 ], [ 39.6675, 10.7297 ], [ 39.6566, 10.7364 ], [ 39.6553, 10.7406 ], [ 39.6486, 10.7398 ], [ 39.6423, 10.7324 ], [ 39.6322, 10.7273 ], [ 39.6204, 10.7114 ], [ 39.5911, 10.6948 ], [ 39.5824, 10.6775 ], [ 39.573, 10.667 ], [ 39.5534, 10.6588 ], [ 39.5263, 10.6329 ], [ 39.5183, 10.647 ], [ 39.5149, 10.6639 ], [ 39.504, 10.6691 ], [ 39.5065, 10.6793 ], [ 39.5043, 10.677 ], [ 39.491, 10.6783 ], [ 39.4835, 10.6737 ], [ 39.4769, 10.6322 ], [ 39.4763, 10.5928 ], [ 39.4732, 10.5857 ], [ 39.4722, 10.5643 ], [ 39.4743, 10.5544 ], [ 39.4938, 10.5359 ], [ 39.4985, 10.5095 ], [ 39.4894, 10.4889 ], [ 39.467, 10.4694 ], [ 39.4627, 10.4583 ], [ 39.4647, 10.4452 ], [ 39.4587, 10.4394 ], [ 39.4515, 10.4231 ], [ 39.4528, 10.4156 ], [ 39.4348, 10.402 ], [ 39.438, 10.3951 ], [ 39.4344, 10.381 ], [ 39.4217, 10.3638 ], [ 39.4154, 10.3603 ], [ 39.4039, 10.3403 ], [ 39.3779, 10.3267 ], [ 39.3576, 10.2997 ], [ 39.3483, 10.297 ], [ 39.3438, 10.2905 ], [ 39.3353, 10.2932 ], [ 39.3214, 10.2842 ], [ 39.3183, 10.2805 ], [ 39.3189, 10.2723 ], [ 39.3095, 10.268 ], [ 39.2991, 10.2577 ], [ 39.2883, 10.2395 ], [ 39.288, 10.2281 ], [ 39.2795, 10.2187 ], [ 39.2732, 10.2039 ], [ 39.2776, 10.2021 ], [ 39.2696, 10.193 ], [ 39.2634, 10.1909 ], [ 39.2629, 10.1862 ], [ 39.2557, 10.1862 ], [ 39.2432, 10.1766 ], [ 39.2367, 10.1759 ], [ 39.2265, 10.1687 ], [ 39.2217, 10.1603 ], [ 39.2133, 10.1592 ], [ 39.2114, 10.1663 ], [ 39.1928, 10.1746 ], [ 39.191, 10.181 ], [ 39.1863, 10.1846 ], [ 39.1713, 10.1859 ], [ 39.193, 10.2189 ], [ 39.2018, 10.2406 ], [ 39.2234, 10.2541 ], [ 39.2235, 10.2632 ], [ 39.2285, 10.2706 ], [ 39.2462, 10.2804 ], [ 39.2484, 10.3053 ], [ 39.2288, 10.2912 ], [ 39.2179, 10.2911 ], [ 39.2106, 10.2826 ], [ 39.1985, 10.2875 ], [ 39.1841, 10.2867 ], [ 39.1687, 10.3061 ], [ 39.1699, 10.324 ], [ 39.1604, 10.3247 ], [ 39.1583, 10.3285 ], [ 39.1535, 10.3288 ], [ 39.1425, 10.3411 ], [ 39.1143, 10.3368 ], [ 39.1088, 10.3326 ], [ 39.1074, 10.3229 ], [ 39.09, 10.3204 ], [ 39.0829, 10.3133 ], [ 39.0769, 10.314 ], [ 39.0748, 10.3257 ], [ 39.0774, 10.3389 ], [ 39.0729, 10.3499 ], [ 39.0762, 10.3605 ], [ 39.0748, 10.3768 ], [ 39.0658, 10.3866 ], [ 39.0553, 10.3794 ], [ 39.0464, 10.3777 ], [ 39.045, 10.3745 ], [ 39.0232, 10.3687 ], [ 39.0144, 10.3543 ], [ 38.9761, 10.3332 ], [ 38.9583, 10.3365 ], [ 38.9476, 10.3485 ], [ 38.94, 10.3522 ], [ 38.9051, 10.3516 ], [ 38.8936, 10.3597 ], [ 38.8684, 10.3601 ], [ 38.8515, 10.3642 ], [ 38.8457, 10.361 ], [ 38.8451, 10.3548 ], [ 38.8532, 10.3338 ], [ 38.8557, 10.2947 ], [ 38.8608, 10.278 ], [ 38.8446, 10.2561 ], [ 38.8476, 10.2443 ], [ 38.8353, 10.2257 ], [ 38.8327, 10.2121 ], [ 38.8337, 10.204 ], [ 38.8381, 10.1981 ], [ 38.8337, 10.1619 ], [ 38.8472, 10.1387 ], [ 38.8486, 10.1239 ], [ 38.8526, 10.1181 ], [ 38.8426, 10.1099 ], [ 38.8391, 10.1144 ], [ 38.8236, 10.1097 ], [ 38.8109, 10.0944 ], [ 38.7773, 10.0828 ], [ 38.7649, 10.0708 ], [ 38.7214, 10.0514 ], [ 38.7057, 10.053 ], [ 38.7015, 10.0494 ], [ 38.6887, 10.0502 ], [ 38.6627, 10.0574 ], [ 38.6572, 10.0515 ], [ 38.6608, 10.0338 ], [ 38.6738, 10.0151 ], [ 38.7254, 9.9913 ], [ 38.7336, 9.9929 ], [ 38.7581, 9.9807 ], [ 38.7712, 9.9781 ], [ 38.7793, 9.9824 ], [ 38.7969, 9.9677 ], [ 38.8027, 9.9536 ], [ 38.7964, 9.9337 ], [ 38.8025, 9.9095 ], [ 38.796, 9.8891 ], [ 38.7909, 9.8826 ], [ 38.8055, 9.8544 ], [ 38.8078, 9.8195 ], [ 38.8137, 9.8062 ], [ 38.8182, 9.8027 ], [ 38.8215, 9.7845 ], [ 38.8289, 9.7691 ], [ 38.8403, 9.757 ], [ 38.8585, 9.7449 ], [ 38.8665, 9.7336 ], [ 38.8967, 9.7143 ], [ 38.9093, 9.7087 ], [ 38.9178, 9.7115 ], [ 38.9282, 9.7251 ], [ 38.9347, 9.7279 ], [ 38.9603, 9.7108 ], [ 38.9521, 9.7387 ], [ 38.9744, 9.7611 ], [ 38.9808, 9.752 ], [ 38.9901, 9.746 ], [ 39.0122, 9.7522 ], [ 39.0166, 9.7577 ], [ 39.0306, 9.7555 ], [ 39.035, 9.7528 ], [ 39.036, 9.747 ], [ 39.0505, 9.7534 ], [ 39.0765, 9.7546 ], [ 39.0922, 9.7631 ], [ 39.1018, 9.7551 ], [ 39.1045, 9.7486 ], [ 39.0974, 9.7438 ], [ 39.0977, 9.7354 ], [ 39.117, 9.7333 ], [ 39.1335, 9.7414 ], [ 39.1393, 9.7407 ], [ 39.1477, 9.7154 ], [ 39.1454, 9.6933 ], [ 39.1557, 9.6887 ], [ 39.1742, 9.6948 ], [ 39.184, 9.6858 ], [ 39.1842, 9.7201 ], [ 39.1974, 9.7164 ], [ 39.2001, 9.7087 ], [ 39.2049, 9.7066 ], [ 39.2086, 9.7109 ], [ 39.2114, 9.7047 ], [ 39.2168, 9.7084 ], [ 39.2235, 9.7052 ], [ 39.2281, 9.6937 ], [ 39.239, 9.7024 ], [ 39.2499, 9.7049 ], [ 39.26, 9.7293 ], [ 39.2681, 9.7397 ], [ 39.2804, 9.7332 ], [ 39.2876, 9.734 ], [ 39.2917, 9.7451 ], [ 39.2979, 9.748 ], [ 39.3081, 9.744 ], [ 39.3133, 9.7314 ], [ 39.3205, 9.7241 ], [ 39.3418, 9.7275 ], [ 39.3467, 9.7251 ], [ 39.338, 9.7102 ], [ 39.3393, 9.7039 ], [ 39.3445, 9.699 ], [ 39.3641, 9.7015 ], [ 39.3701, 9.6994 ], [ 39.3697, 9.6896 ], [ 39.361, 9.6803 ], [ 39.3713, 9.67 ], [ 39.3682, 9.663 ], [ 39.3578, 9.6569 ], [ 39.352, 9.6221 ], [ 39.3544, 9.6177 ], [ 39.3617, 9.6189 ], [ 39.3755, 9.6292 ], [ 39.3859, 9.6308 ], [ 39.3888, 9.6157 ], [ 39.3842, 9.6029 ], [ 39.3734, 9.592 ], [ 39.3733, 9.5829 ], [ 39.3779, 9.5802 ], [ 39.3765, 9.5673 ], [ 39.3606, 9.5461 ], [ 39.3528, 9.5492 ], [ 39.3414, 9.5454 ], [ 39.3297, 9.5266 ], [ 39.3229, 9.5257 ], [ 39.3129, 9.5356 ], [ 39.3021, 9.5227 ], [ 39.3052, 9.5052 ], [ 39.2936, 9.5006 ], [ 39.2941, 9.4917 ], [ 39.3011, 9.4878 ], [ 39.3097, 9.4677 ], [ 39.3386, 9.4748 ], [ 39.3504, 9.472 ], [ 39.3631, 9.4739 ], [ 39.3769, 9.4633 ], [ 39.3733, 9.458 ], [ 39.3727, 9.4468 ], [ 39.3784, 9.4461 ], [ 39.3939, 9.455 ], [ 39.4113, 9.4475 ], [ 39.4303, 9.4339 ], [ 39.4477, 9.4325 ], [ 39.4493, 9.4253 ], [ 39.4431, 9.4144 ], [ 39.4539, 9.4012 ], [ 39.4522, 9.3939 ], [ 39.4456, 9.3839 ], [ 39.4259, 9.3794 ], [ 39.4204, 9.3715 ], [ 39.4039, 9.3804 ], [ 39.3949, 9.3919 ], [ 39.3763, 9.384 ], [ 39.373, 9.3757 ], [ 39.3567, 9.369 ], [ 39.3467, 9.3785 ], [ 39.3251, 9.3805 ], [ 39.3201, 9.374 ], [ 39.3196, 9.3656 ], [ 39.3065, 9.3661 ], [ 39.303, 9.3566 ], [ 39.293, 9.3492 ], [ 39.2915, 9.3317 ], [ 39.2854, 9.3158 ], [ 39.2783, 9.3122 ], [ 39.2644, 9.3242 ], [ 39.2662, 9.2885 ], [ 39.2847, 9.2775 ], [ 39.2662, 9.2445 ], [ 39.2337, 9.2936 ], [ 39.2072, 9.2919 ], [ 39.1777, 9.2711 ], [ 39.1941, 9.2524 ], [ 39.1997, 9.25 ], [ 39.2137, 9.2281 ], [ 39.1886, 9.2093 ], [ 39.2146, 9.1734 ], [ 39.2337, 9.1579 ], [ 39.2495, 9.1356 ], [ 39.2941, 9.1493 ], [ 39.3232, 9.1488 ], [ 39.3202, 9.1402 ], [ 39.3288, 9.1372 ], [ 39.3486, 9.0881 ], [ 39.3485, 9.0766 ], [ 39.357, 9.0621 ], [ 39.347, 9.0642 ], [ 39.3153, 9.0602 ], [ 39.2968, 9.0533 ], [ 39.2882, 8.999 ], [ 39.2696, 8.9806 ], [ 39.2586, 8.9626 ], [ 39.2654, 8.9224 ], [ 39.2591, 8.91 ], [ 39.241, 8.8889 ], [ 39.2375, 8.862 ], [ 39.2605, 8.8506 ], [ 39.2655, 8.8431 ], [ 39.244, 8.8366 ], [ 39.2439, 8.8277 ], [ 39.272, 8.783 ], [ 39.273, 8.7669 ], [ 39.262, 8.7469 ], [ 39.2704, 8.7245 ], [ 39.2858, 8.7178 ], [ 39.3053, 8.7217 ], [ 39.3245, 8.7469 ], [ 39.342, 8.7269 ], [ 39.3611, 8.7209 ], [ 39.3771, 8.7309 ], [ 39.3736, 8.7668 ], [ 39.3782, 8.7912 ], [ 39.3862, 8.7986 ], [ 39.4178, 8.8145 ], [ 39.4492, 8.7522 ], [ 39.4702, 8.7418 ], [ 39.4923, 8.7253 ], [ 39.5008, 8.7148 ], [ 39.5338, 8.758 ], [ 39.5518, 8.7688 ], [ 39.562, 8.8178 ], [ 39.5915, 8.7969 ], [ 39.617, 8.7869 ], [ 39.6341, 8.7988 ], [ 39.6501, 8.8028 ], [ 39.6621, 8.8132 ], [ 39.7167, 8.8161 ], [ 39.7333, 8.8262 ], [ 39.7313, 8.8442 ], [ 39.7369, 8.8572 ], [ 39.748, 8.9103 ], [ 39.7465, 9.0098 ], [ 39.7412, 9.023 ], [ 39.7402, 9.0395 ], [ 39.7475, 9.0631 ], [ 39.7425, 9.0913 ], [ 39.7639, 9.0951 ], [ 39.7802, 9.1044 ], [ 39.7938, 9.1127 ], [ 39.8077, 9.1354 ], [ 39.8174, 9.1363 ], [ 39.813, 9.1711 ], [ 39.8361, 9.1883 ], [ 39.8535, 9.2108 ], [ 39.873, 9.2273 ], [ 39.8732, 9.2336 ], [ 39.863, 9.2423 ], [ 39.857, 9.2701 ], [ 39.886, 9.2694 ], [ 39.86, 9.3071 ], [ 39.8441, 9.3142 ], [ 39.8339, 9.3148 ], [ 39.8167, 9.3077 ], [ 39.7891, 9.3042 ], [ 39.7789, 9.3099 ], [ 39.7749, 9.3142 ], [ 39.77, 9.3368 ], [ 39.7587, 9.3469 ], [ 39.7592, 9.3532 ], [ 39.7498, 9.3692 ], [ 39.7915, 9.3698 ], [ 39.7852, 9.3956 ], [ 39.7998, 9.3997 ], [ 39.8072, 9.4128 ], [ 39.8215, 9.4174 ], [ 39.8729, 9.3978 ], [ 39.8786, 9.4004 ], [ 39.8744, 9.4078 ], [ 39.8725, 9.4593 ], [ 39.8478, 9.4812 ], [ 39.8375, 9.5019 ], [ 39.8471, 9.5107 ], [ 39.8479, 9.5252 ], [ 39.8573, 9.5471 ], [ 39.8568, 9.5565 ], [ 39.8476, 9.5643 ], [ 39.8771, 9.5766 ], [ 39.8838, 9.6106 ], [ 39.8793, 9.6242 ], [ 39.8577, 9.6552 ], [ 39.8499, 9.6877 ], [ 39.8527, 9.6987 ], [ 39.8391, 9.7236 ], [ 39.8498, 9.7484 ], [ 39.8621, 9.754 ], [ 39.8758, 9.7528 ], [ 39.954, 9.7304 ] ] ] } },
{ "type": "Feature", "properties": { "iso3": "ETH", "unit_id": "89294058B95910838474815", "unit_name": "East Gojam" }, "geometry": { "type": "Polygon", "coordinates": [ [ [ 37.8542, 11.2392 ], [ 37.8456, 11.2367 ], [ 37.8424, 11.2318 ], [ 37.8279, 11.2309 ], [ 37.8249, 11.2281 ], [ 37.8173, 11.198 ], [ 37.8223, 11.1882 ], [ 37.8212, 11.1682 ], [ 37.8012, 11.1665 ], [ 37.7993, 11.1566 ], [ 37.7952, 11.1522 ], [ 37.7843, 11.154 ], [ 37.7775, 11.1499 ], [ 37.7682, 11.1494 ], [ 37.7633, 11.1458 ], [ 37.7597, 11.1476 ], [ 37.7332, 11.1391 ], [ 37.7243, 11.1416 ], [ 37.7238, 11.1366 ], [ 37.7205, 11.1393 ], [ 37.7155, 11.1353 ], [ 37.7037, 11.1372 ], [ 37.7015, 11.1207 ], [ 37.7151, 11.1119 ], [ 37.686, 11.0993 ], [ 37.6772, 11.103 ], [ 37.6712, 11.1012 ], [ 37.6646, 11.1063 ], [ 37.6555, 11.0995 ], [ 37.6522, 11.0924 ], [ 37.6486, 11.0939 ], [ 37.6436, 11.0888 ], [ 37.6462, 11.0859 ], [ 37.6524, 11.0871 ], [ 37.6546, 11.0778 ], [ 37.679, 11.0737 ], [ 37.6805, 11.0709 ], [ 37.6726, 11.067 ], [ 37.6767, 11.0635 ], [ 37.6734, 11.0603 ], [ 37.7001, 11.0428 ], [ 37.7161, 11.0608 ], [ 37.7293, 11.0657 ], [ 37.7427, 11.0884 ], [ 37.7517, 11.0845 ], [ 37.7498, 11.0753 ], [ 37.7596, 11.0572 ], [ 37.7529, 11.0479 ], [ 37.7538, 11.0376 ], [ 37.7468, 11.0352 ], [ 37.7472, 11.015 ], [ 37.7293, 11.0122 ], [ 37.7276, 11.0075 ], [ 37.723, 11.0075 ], [ 37.7116, 10.9877 ], [ 37.7119, 10.9817 ], [ 37.7141, 10.9828 ], [ 37.7175, 10.9764 ], [ 37.7187, 10.9665 ], [ 37.7122, 10.9524 ], [ 37.7121, 10.9316 ], [ 37.7004, 10.9148 ], [ 37.6967, 10.9009 ], [ 37.6978, 10.8915 ], [ 37.6932, 10.8879 ], [ 37.6958, 10.8758 ], [ 37.6917, 10.8621 ], [ 37.6919, 10.8421 ], [ 37.6937, 10.8343 ], [ 37.7071, 10.817 ], [ 37.7055, 10.8109 ], [ 37.7088, 10.799 ], [ 37.7053, 10.7911 ], [ 37.7077, 10.7864 ], [ 37.7122, 10.7874 ], [ 37.7112, 10.7724 ], [ 37.7179, 10.7631 ], [ 37.7278, 10.7557 ], [ 37.7376, 10.7535 ], [ 37.7532, 10.7625 ], [ 37.7683, 10.753 ], [ 37.7748, 10.7416 ], [ 37.7693, 10.7389 ], [ 37.7513, 10.7423 ], [ 37.7223, 10.7191 ], [ 37.6961, 10.7137 ], [ 37.6898, 10.707 ], [ 37.6799, 10.7034 ], [ 37.6631, 10.703 ], [ 37.6547, 10.6987 ], [ 37.6491, 10.7004 ], [ 37.6473, 10.6947 ], [ 37.6512, 10.6809 ], [ 37.6341, 10.6709 ], [ 37.6258, 10.6623 ], [ 37.6176, 10.6511 ], [ 37.6169, 10.6372 ], [ 37.6065, 10.6132 ], [ 37.5966, 10.6011 ], [ 37.5915, 10.5993 ], [ 37.5866, 10.584 ], [ 37.5786, 10.5843 ], [ 37.5754, 10.5542 ], [ 37.5436, 10.5473 ], [ 37.5326, 10.5356 ], [ 37.5211, 10.5354 ], [ 37.5178, 10.5382 ], [ 37.5074, 10.5348 ], [ 37.5047, 10.5295 ], [ 37.4951, 10.5279 ], [ 37.4858, 10.5144 ], [ 37.4745, 10.5099 ], [ 37.4591, 10.4975 ], [ 37.4538, 10.4863 ], [ 37.4359, 10.4867 ], [ 37.4316, 10.4907 ], [ 37.4219, 10.4917 ], [ 37.4046, 10.4827 ], [ 37.3923, 10.4821 ], [ 37.3899, 10.4805 ], [ 37.3919, 10.4781 ], [ 37.3738, 10.472 ], [ 37.353, 10.4691 ], [ 37.3526, 10.4712 ], [ 37.34, 10.4658 ], [ 37.3318, 10.4725 ], [ 37.3057, 10.4589 ], [ 37.3037, 10.4554 ], [ 37.3084, 10.4394 ], [ 37.2932, 10.4254 ], [ 37.2897, 10.417 ], [ 37.2917, 10.4081 ], [ 37.2892, 10.3965 ], [ 37.2779, 10.3906 ], [ 37.275, 10.3857 ], [ 37.2804, 10.3612 ], [ 37.2677, 10.35 ], [ 37.2628, 10.3355 ], [ 37.2534, 10.3251 ], [ 37.2057, 10.3215 ], [ 37.1763, 10.333 ], [ 37.1539, 10.3327 ], [ 37.1456, 10.3407 ], [ 37.1164, 10.3296 ], [ 37.1098, 10.3238 ], [ 37.0937, 10.3222 ], [ 37.0728, 10.3025 ], [ 37.0611, 10.2964 ], [ 37.0511, 10.2956 ], [ 37.0459, 10.2884 ], [ 37.0508, 10.2836 ], [ 37.0618, 10.2817 ], [ 37.0697, 10.2761 ], [ 37.0781, 10.2634 ], [ 37.0871, 10.2595 ], [ 37.1348, 10.246 ], [ 37.1745, 10.2433 ], [ 37.196, 10.2309 ], [ 37.1999, 10.2233 ], [ 37.1975, 10.2139 ], [ 37.171, 10.174 ], [ 37.1677, 10.1633 ], [ 37.1798, 10.1444 ], [ 37.1907, 10.1116 ], [ 37.2205, 10.0839 ], [ 37.2407, 10.0756 ], [ 37.2619, 10.0767 ], [ 37.2716, 10.0736 ], [ 37.2877, 10.0629 ], [ 37.2965, 10.0528 ], [ 37.3056, 10.0267 ], [ 37.3178, 10.0181 ], [ 37.3233, 10.0081 ], [ 37.3448, 10.0058 ], [ 37.3493, 10.0119 ], [ 37.357, 10.0402 ], [ 37.3622, 10.0432 ], [ 37.3983, 10.0462 ], [ 37.4244, 10.0338 ], [ 37.4445, 10.0146 ], [ 37.4613, 10.0121 ], [ 37.4757, 10.0149 ], [ 37.4831, 10.0035 ], [ 37.5016, 9.9979 ], [ 37.5197, 9.9999 ], [ 37.5292, 9.9962 ], [ 37.5514, 9.9734 ], [ 37.5529, 9.9586 ], [ 37.5743, 9.9419 ], [ 37.5869, 9.9394 ], [ 37.5924, 9.9188 ], [ 37.6128, 9.9094 ], [ 37.6182, 9.8939 ], [ 37.6414, 9.8825 ], [ 37.6619, 9.8605 ], [ 37.6804, 9.8623 ], [ 37.7007, 9.8367 ], [ 37.7107, 9.8426 ], [ 37.7243, 9.8445 ], [ 37.7429, 9.8407 ], [ 37.7482, 9.8467 ], [ 37.7485, 9.8559 ], [ 37.754, 9.8571 ], [ 37.761, 9.8519 ], [ 37.7691, 9.8514 ], [ 37.7746, 9.8565 ], [ 37.816, 9.8672 ], [ 37.8427, 9.8967 ], [ 37.8559, 9.8959 ], [ 37.8592, 9.9002 ], [ 37.8604, 9.9128 ], [ 37.8645, 9.9129 ], [ 37.8699, 9.9075 ], [ 37.8802, 9.9215 ], [ 37.893, 9.9273 ], [ 37.9093, 9.9304 ], [ 37.9234, 9.9147 ], [ 37.9301, 9.9146 ], [ 37.9351, 9.919 ], [ 37.9353, 9.926 ], [ 37.9308, 9.9305 ], [ 37.9328, 9.9413 ], [ 37.9387, 9.9441 ], [ 37.9571, 9.9386 ], [ 37.9784, 9.9491 ], [ 37.9934, 9.9491 ], [ 38.0085, 9.9641 ], [ 38.0436, 9.9698 ], [ 38.0481, 9.9815 ], [ 38.0599, 9.9818 ], [ 38.0643, 9.9979 ], [ 38.0698, 10.0015 ], [ 38.0812, 10.0022 ], [ 38.0803, 10.0152 ], [ 38.0876, 10.0203 ], [ 38.1007, 10.0223 ], [ 38.1131, 10.016 ], [ 38.1183, 10.0178 ], [ 38.1183, 10.029 ], [ 38.1253, 10.0432 ], [ 38.1309, 10.0474 ], [ 38.137, 10.0474 ], [ 38.1451, 10.0367 ], [ 38.1506, 10.0351 ], [ 38.1604, 10.0441 ], [ 38.1673, 10.0461 ], [ 38.1706, 10.0578 ], [ 38.1766, 10.0631 ], [ 38.2404, 10.1026 ], [ 38.2478, 10.1019 ], [ 38.2524, 10.0884 ], [ 38.2718, 10.0918 ], [ 38.2953, 10.0892 ], [ 38.3023, 10.1034 ], [ 38.3086, 10.108 ], [ 38.3218, 10.1072 ], [ 38.3265, 10.1145 ], [ 38.3237, 10.1234 ], [ 38.326, 10.1331 ], [ 38.3333, 10.1514 ], [ 38.34, 10.1562 ], [ 38.3483, 10.1588 ], [ 38.357, 10.1508 ], [ 38.3581, 10.1443 ], [ 38.3663, 10.1405 ], [ 38.3975, 10.1443 ], [ 38.4063, 10.1604 ], [ 38.4257, 10.1718 ], [ 38.4259, 10.1778 ], [ 38.4211, 10.1808 ], [ 38.43, 10.1931 ], [ 38.4194, 10.2132 ], [ 38.4194, 10.2198 ], [ 38.4307, 10.2316 ], [ 38.4481, 10.2403 ], [ 38.4542, 10.2467 ], [ 38.4553, 10.2611 ], [ 38.4627, 10.2677 ], [ 38.4579, 10.282 ], [ 38.4601, 10.29 ], [ 38.4725, 10.2918 ], [ 38.4661, 10.3052 ], [ 38.4679, 10.3111 ], [ 38.4737, 10.3146 ], [ 38.4751, 10.3307 ], [ 38.4812, 10.3444 ], [ 38.4761, 10.3562 ], [ 38.4767, 10.3633 ], [ 38.4835, 10.3654 ], [ 38.4962, 10.3636 ], [ 38.4899, 10.3689 ], [ 38.492, 10.3726 ], [ 38.4865, 10.3798 ], [ 38.4897, 10.3927 ], [ 38.483, 10.4122 ], [ 38.4883, 10.442 ], [ 38.4838, 10.4444 ], [ 38.4811, 10.4551 ], [ 38.486, 10.4617 ], [ 38.4823, 10.4701 ], [ 38.4886, 10.485 ], [ 38.4781, 10.5021 ], [ 38.4814, 10.515 ], [ 38.4711, 10.5287 ], [ 38.471, 10.5415 ], [ 38.4666, 10.5472 ], [ 38.4651, 10.5575 ], [ 38.4686, 10.5695 ], [ 38.4617, 10.594 ], [ 38.4699, 10.6043 ], [ 38.4734, 10.6323 ], [ 38.4781, 10.6407 ], [ 38.4898, 10.647 ], [ 38.4948, 10.6602 ], [ 38.5052, 10.6698 ], [ 38.5072, 10.6873 ], [ 38.5149, 10.6967 ], [ 38.5092, 10.7105 ], [ 38.5106, 10.7296 ], [ 38.5073, 10.7481 ], [ 38.5191, 10.7762 ], [ 38.5312, 10.7899 ], [ 38.5225, 10.7953 ], [ 38.5235, 10.8057 ], [ 38.5081, 10.8423 ], [ 38.5186, 10.8558 ], [ 38.5186, 10.8667 ], [ 38.5271, 10.8811 ], [ 38.5122, 10.9355 ], [ 38.5042, 10.9421 ], [ 38.4916, 10.9643 ], [ 38.4968, 10.9739 ], [ 38.4968, 10.9815 ], [ 38.4841, 11.0172 ], [ 38.4539, 11.0668 ], [ 38.4368, 11.0857 ], [ 38.4216, 11.0787 ], [ 38.4036, 11.0802 ], [ 38.3901, 11.0853 ], [ 38.3716, 11.1041 ], [ 38.3442, 11.1088 ], [ 38.3327, 11.1239 ], [ 38.2959, 11.1505 ], [ 38.2903, 11.1506 ], [ 38.2753, 11.1428 ], [ 38.2391, 11.1534 ], [ 38.2117, 11.1407 ], [ 38.2, 11.1393 ], [ 38.1782, 11.1416 ], [ 38.1632, 11.152 ], [ 38.1569, 11.1603 ], [ 38.1527, 11.157 ], [ 38.1356, 11.1593 ], [ 38.1145, 11.1543 ], [ 38.1067, 11.157 ], [ 38.0764, 11.1571 ], [ 38.0675, 11.1604 ], [ 38.0552, 11.1708 ], [ 38.0184, 11.1734 ], [ 38.0067, 11.1819 ], [ 38.0001, 11.1986 ], [ 37.9931, 11.2012 ], [ 37.9773, 11.201 ], [ 37.9484, 11.1913 ], [ 37.9426, 11.1996 ], [ 37.936, 11.2006 ], [ 37.9274, 11.2098 ], [ 37.8776, 11.2158 ], [ 37.8689, 11.2216 ], [ 37.8654, 11.2314 ], [ 37.8542, 11.2392 ] ] ] } },
{ "type": "Feature", "properties": { "iso3": "ETH", "unit_id": "89294058B25371291222075", "unit_name": "West Gojam" }, "geometry": { "type": "MultiPolygon", "coordinates": [ [ [ [ 37.4253, 11.7377 ], [ 37.4263, 11.7271 ], [ 37.4364, 11.7118 ], [ 37.4303, 11.6982 ], [ 37.4227, 11.6919 ], [ 37.4222, 11.685 ], [ 37.4159, 11.6811 ], [ 37.4247, 11.6678 ], [ 37.4203, 11.6508 ], [ 37.4087, 11.6393 ], [ 37.4135, 11.6337 ], [ 37.409, 11.6187 ], [ 37.4057, 11.6189 ], [ 37.4094, 11.6128 ], [ 37.4087, 11.6039 ], [ 37.406, 11.606 ], [ 37.4061, 11.6137 ], [ 37.4046, 11.6097 ], [ 37.3992, 11.6089 ], [ 37.4014, 11.6058 ], [ 37.3939, 11.6114 ], [ 37.3913, 11.6094 ], [ 37.3933, 11.5988 ], [ 37.3865, 11.597 ], [ 37.3768, 11.6043 ], [ 37.3761, 11.6152 ], [ 37.3826, 11.6187 ], [ 37.3794, 11.6247 ], [ 37.3703, 11.6252 ], [ 37.3753, 11.6184 ], [ 37.3738, 11.6093 ], [ 37.3659, 11.6161 ], [ 37.3653, 11.6204 ], [ 37.3542, 11.6162 ], [ 37.3545, 11.6204 ], [ 37.3462, 11.6172 ], [ 37.3452, 11.6218 ], [ 37.3385, 11.6255 ], [ 37.3385, 11.632 ], [ 37.3327, 11.636 ], [ 37.3279, 11.6356 ], [ 37.3273, 11.6439 ], [ 37.312, 11.6516 ], [ 37.3126, 11.6574 ], [ 37.3055, 11.6505 ], [ 37.2932, 11.6551 ], [ 37.292, 11.662 ], [ 37.2997, 11.6658 ], [ 37.3047, 11.673 ], [ 37.3048, 11.6786 ], [ 37.3165, 11.6758 ], [ 37.3137, 11.6782 ], [ 37.316, 11.6924 ], [ 37.321, 11.6917 ], [ 37.3261, 11.6821 ], [ 37.3303, 11.6858 ], [ 37.3565, 11.6914 ], [ 37.3586, 11.6975 ], [ 37.3549, 11.7013 ], [ 37.3542, 11.7091 ], [ 37.3412, 11.7171 ], [ 37.3226, 11.7138 ], [ 37.32, 11.7278 ], [ 37.3137, 11.7322 ], [ 37.3095, 11.7315 ], [ 37.3043, 11.7378 ], [ 37.3032, 11.7438 ], [ 37.3075, 11.7453 ], [ 37.3074, 11.7682 ], [ 37.3139, 11.7689 ], [ 37.3135, 11.7752 ], [ 37.3085, 11.7865 ], [ 37.275, 11.8155 ], [ 37.2537, 11.8159 ], [ 37.2358, 11.834 ], [ 37.2329, 11.8296 ], [ 37.2067, 11.8148 ], [ 37.1847, 11.807 ], [ 37.1333, 11.8063 ], [ 37.1201, 11.8298 ], [ 37.1235, 11.8373 ], [ 37.1309, 11.8385 ], [ 37.1287, 11.8424 ], [ 37.1344, 11.8547 ], [ 37.1323, 11.861 ], [ 37.1375, 11.8666 ], [ 37.1332, 11.8721 ], [ 37.1286, 11.8722 ], [ 37.1274, 11.8689 ], [ 37.1232, 11.8713 ], [ 37.1233, 11.8527 ], [ 37.1161, 11.8439 ], [ 37.1103, 11.8418 ], [ 37.1035, 11.8506 ], [ 37.0972, 11.8447 ], [ 37.094, 11.832 ], [ 37.104, 11.8251 ], [ 37.1056, 11.8208 ], [ 37.1022, 11.8095 ], [ 37.1055, 11.8074 ], [ 37.11, 11.8098 ], [ 37.1023, 11.804 ], [ 37.095, 11.8024 ], [ 37.0889, 11.8122 ], [ 37.0811, 11.81 ], [ 37.0769, 11.8146 ], [ 37.0812, 11.8219 ], [ 37.0798, 11.8299 ], [ 37.0736, 11.8345 ], [ 37.0534, 11.8363 ], [ 37.0479, 11.8414 ], [ 37.045, 11.8507 ], [ 37.0483, 11.8633 ], [ 37.0352, 11.8735 ], [ 37.033, 11.8866 ], [ 37.03, 11.8847 ], [ 37.0209, 11.8882 ], [ 37.0187, 11.8927 ], [ 37.0111, 11.8857 ], [ 36.9997, 11.8878 ], [ 36.9939, 11.8948 ], [ 36.9947, 11.907 ], [ 36.986, 11.9075 ], [ 36.948, 11.8679 ], [ 36.9326, 11.8639 ], [ 36.9083, 11.8644 ], [ 36.9049, 11.8604 ], [ 36.8882, 11.8568 ], [ 36.888, 11.851 ], [ 36.8709, 11.8432 ], [ 36.871, 11.8359 ], [ 36.8668, 11.8292 ], [ 36.8705, 11.8024 ], [ 36.8605, 11.7867 ], [ 36.865, 11.7753 ], [ 36.8778, 11.7694 ], [ 36.8843, 11.7579 ], [ 36.8823, 11.7401 ], [ 36.8705, 11.7443 ], [ 36.8674, 11.7426 ], [ 36.8626, 11.7463 ], [ 36.8583, 11.7428 ], [ 36.8461, 11.7427 ], [ 36.8453, 11.7352 ], [ 36.8421, 11.7353 ], [ 36.8436, 11.7262 ], [ 36.821, 11.7188 ], [ 36.8147, 11.698 ], [ 36.805, 11.6926 ], [ 36.8034, 11.6866 ], [ 36.7892, 11.6766 ], [ 36.7738, 11.677 ], [ 36.7665, 11.6817 ], [ 36.7605, 11.679 ], [ 36.7534, 11.6843 ], [ 36.736, 11.6851 ], [ 36.7298, 11.6889 ], [ 36.715, 11.6891 ], [ 36.7002, 11.6814 ], [ 36.7009, 11.6749 ], [ 36.6969, 11.6743 ], [ 36.6909, 11.6627 ], [ 36.6714, 11.6492 ], [ 36.6499, 11.64 ], [ 36.6142, 11.6019 ], [ 36.598, 11.5908 ], [ 36.5857, 11.5672 ], [ 36.5744, 11.5548 ], [ 36.5532, 11.5404 ], [ 36.5504, 11.5348 ], [ 36.552, 11.5228 ], [ 36.6231, 11.5336 ], [ 36.6516, 11.5088 ], [ 36.6629, 11.4675 ], [ 36.6625, 11.46 ], [ 36.652, 11.4387 ], [ 36.6544, 11.4224 ], [ 36.6486, 11.4194 ], [ 36.6505, 11.404 ], [ 36.6581, 11.4075 ], [ 36.6737, 11.4038 ], [ 36.6918, 11.4151 ], [ 36.6949, 11.4122 ], [ 36.7192, 11.4191 ], [ 36.7239, 11.4274 ], [ 36.7482, 11.4419 ], [ 36.7636, 11.4304 ], [ 36.7791, 11.4097 ], [ 36.7919, 11.4082 ], [ 36.7941, 11.4037 ], [ 36.8057, 11.4038 ], [ 36.812, 11.385 ], [ 36.823, 11.3696 ], [ 36.8461, 11.3584 ], [ 36.8596, 11.348 ], [ 36.8658, 11.3476 ], [ 36.8708, 11.3397 ], [ 36.8673, 11.3322 ], [ 36.8823, 11.3151 ], [ 36.8924, 11.3116 ], [ 36.8989, 11.3168 ], [ 36.9078, 11.3143 ], [ 36.9131, 11.3181 ], [ 36.9185, 11.3118 ], [ 36.92, 11.3042 ], [ 36.9257, 11.3005 ], [ 36.9418, 11.3048 ], [ 36.9487, 11.2938 ], [ 36.9432, 11.287 ], [ 36.9419, 11.2773 ], [ 36.9315, 11.2728 ], [ 36.9266, 11.2578 ], [ 36.9309, 11.2552 ], [ 36.941, 11.2564 ], [ 36.9486, 11.251 ], [ 36.9643, 11.2567 ], [ 36.9767, 11.2578 ], [ 36.9812, 11.254 ], [ 36.9828, 11.2349 ], [ 36.9857, 11.2279 ], [ 36.9945, 11.222 ], [ 36.9933, 11.2158 ], [ 36.998, 11.2105 ], [ 37.0103, 11.2104 ], [ 37.0074, 11.204 ], [ 37.0127, 11.1968 ], [ 37.0111, 11.1944 ], [ 37.0043, 11.196 ], [ 37.0046, 11.1916 ], [ 37.0092, 11.1905 ], [ 37.0059, 11.1828 ], [ 37.0164, 11.1889 ], [ 37.0298, 11.1902 ], [ 37.0335, 11.1834 ], [ 37.0418, 11.1781 ], [ 37.0449, 11.1902 ], [ 37.05, 11.1828 ], [ 37.0563, 11.1839 ], [ 37.0594, 11.1793 ], [ 37.0627, 11.1811 ], [ 37.0622, 11.1776 ], [ 37.0714, 11.1793 ], [ 37.0684, 11.1749 ], [ 37.073, 11.1743 ], [ 37.0756, 11.169 ], [ 37.071, 11.1713 ], [ 37.0673, 11.1693 ], [ 37.0729, 11.1636 ], [ 37.0784, 11.1648 ], [ 37.0766, 11.1612 ], [ 37.0818, 11.1596 ], [ 37.0779, 11.1552 ], [ 37.0814, 11.1571 ], [ 37.0821, 11.1548 ], [ 37.0751, 11.1288 ], [ 37.075, 11.1129 ], [ 37.0852, 11.1033 ], [ 37.0851, 11.0987 ], [ 37.0889, 11.0988 ], [ 37.0749, 11.0882 ], [ 37.0717, 11.0823 ], [ 37.0756, 11.0769 ], [ 37.0734, 11.0703 ], [ 37.078, 11.0701 ], [ 37.0736, 11.0598 ], [ 37.0836, 11.0473 ], [ 37.0836, 11.0414 ], [ 37.088, 11.0403 ], [ 37.087, 11.0364 ], [ 37.0907, 11.0355 ], [ 37.087, 11.0184 ], [ 37.0958, 11.0112 ], [ 37.0983, 11.0187 ], [ 37.0946, 11.028 ], [ 37.099, 11.0268 ], [ 37.1082, 11.0371 ], [ 37.1135, 11.0348 ], [ 37.1145, 11.0299 ], [ 37.109, 11.0228 ], [ 37.1073, 11.0102 ], [ 37.1242, 10.992 ], [ 37.1227, 10.9817 ], [ 37.1328, 10.9733 ], [ 37.1339, 10.9609 ], [ 37.1296, 10.9592 ], [ 37.1182, 10.9636 ], [ 37.1113, 10.9575 ], [ 37.1021, 10.9665 ], [ 37.0981, 10.9592 ], [ 37.0923, 10.9586 ], [ 37.0812, 10.9442 ], [ 37.0895, 10.946 ], [ 37.0947, 10.9317 ], [ 37.113, 10.9108 ], [ 37.11, 10.8991 ], [ 37.1173, 10.8781 ], [ 37.1135, 10.8747 ], [ 37.1164, 10.872 ], [ 37.1151, 10.8641 ], [ 37.121, 10.8553 ], [ 37.1296, 10.8536 ], [ 37.1199, 10.8514 ], [ 37.1236, 10.8373 ], [ 37.1209, 10.8323 ], [ 37.1241, 10.8283 ], [ 37.1186, 10.8279 ], [ 37.1088, 10.8201 ], [ 37.1056, 10.8219 ], [ 37.1, 10.8195 ], [ 37.0977, 10.8262 ], [ 37.0917, 10.827 ], [ 37.0937, 10.8054 ], [ 37.0991, 10.8041 ], [ 37.1007, 10.7963 ], [ 37.0962, 10.7926 ], [ 37.0936, 10.7955 ], [ 37.0884, 10.7881 ], [ 37.0746, 10.7822 ], [ 37.0763, 10.7921 ], [ 37.0716, 10.7911 ], [ 37.07, 10.7945 ], [ 37.0595, 10.7931 ], [ 37.0595, 10.7895 ], [ 37.066, 10.784 ], [ 37.068, 10.7725 ], [ 37.0641, 10.7687 ], [ 37.0646, 10.7626 ], [ 37.058, 10.765 ], [ 37.0481, 10.7619 ], [ 37.044, 10.7644 ], [ 37.0381, 10.7577 ], [ 37.0388, 10.7517 ], [ 37.0248, 10.7584 ], [ 37.0286, 10.7549 ], [ 37.0278, 10.7414 ], [ 37.0131, 10.7348 ], [ 37.0197, 10.7552 ], [ 37.0149, 10.7574 ], [ 37.017, 10.7632 ], [ 37.0136, 10.7629 ], [ 37.0033, 10.7468 ], [ 37.0023, 10.7396 ], [ 36.995, 10.7418 ], [ 36.9923, 10.7389 ], [ 36.9866, 10.7423 ], [ 36.9864, 10.7394 ], [ 36.983, 10.74 ], [ 36.9833, 10.7265 ], [ 36.9791, 10.7232 ], [ 36.9682, 10.7271 ], [ 36.969, 10.7311 ], [ 36.9651, 10.7322 ], [ 36.9623, 10.7249 ], [ 36.9653, 10.7187 ], [ 36.9767, 10.7113 ], [ 36.9618, 10.7053 ], [ 36.9508, 10.7101 ], [ 36.9503, 10.7168 ], [ 36.9414, 10.7275 ], [ 36.9329, 10.7229 ], [ 36.9243, 10.7044 ], [ 36.9265, 10.6897 ], [ 36.9327, 10.6851 ], [ 36.9189, 10.6674 ], [ 36.9009, 10.6786 ], [ 36.8882, 10.672 ], [ 36.8784, 10.673 ], [ 36.873, 10.6701 ], [ 36.865, 10.6793 ], [ 36.8597, 10.6806 ], [ 36.8424, 10.6696 ], [ 36.8245, 10.664 ], [ 36.8213, 10.6593 ], [ 36.8297, 10.6529 ], [ 36.8206, 10.6304 ], [ 36.8248, 10.6224 ], [ 36.8031, 10.606 ], [ 36.7973, 10.596 ], [ 36.7786, 10.5796 ], [ 36.7606, 10.5844 ], [ 36.7521, 10.5834 ], [ 36.7487, 10.5662 ], [ 36.7555, 10.553 ], [ 36.7448, 10.5295 ], [ 36.7287, 10.5233 ], [ 36.6895, 10.5563 ], [ 36.6827, 10.557 ], [ 36.6104, 10.5388 ], [ 36.6032, 10.5316 ], [ 36.584, 10.5255 ], [ 36.582, 10.5219 ], [ 36.5379, 10.503 ], [ 36.5286, 10.4956 ], [ 36.5268, 10.4829 ], [ 36.5372, 10.4731 ], [ 36.5462, 10.4569 ], [ 36.5204, 10.4059 ], [ 36.5205, 10.3996 ], [ 36.5392, 10.365 ], [ 36.5485, 10.3609 ], [ 36.5729, 10.3629 ], [ 36.5895, 10.3689 ], [ 36.6055, 10.3647 ], [ 36.6176, 10.355 ], [ 36.637, 10.3466 ], [ 36.6554, 10.322 ], [ 36.6683, 10.3138 ], [ 36.6854, 10.3176 ], [ 36.6809, 10.3346 ], [ 36.6881, 10.345 ], [ 36.6917, 10.3573 ], [ 36.718, 10.3579 ], [ 36.7314, 10.3614 ], [ 36.7457, 10.36 ], [ 36.7524, 10.366 ], [ 36.7618, 10.3673 ], [ 36.7766, 10.346 ], [ 36.792, 10.3434 ], [ 36.8066, 10.3354 ], [ 36.817, 10.3417 ], [ 36.8247, 10.3425 ], [ 36.8692, 10.3407 ], [ 36.8831, 10.3207 ], [ 36.898, 10.3128 ], [ 36.9246, 10.3138 ], [ 36.9308, 10.3109 ], [ 36.9799, 10.314 ], [ 36.9971, 10.303 ], [ 37.0133, 10.2849 ], [ 37.0401, 10.2854 ], [ 37.048, 10.2886 ], [ 37.0511, 10.2956 ], [ 37.0611, 10.2964 ], [ 37.0728, 10.3025 ], [ 37.0937, 10.3222 ], [ 37.1098, 10.3238 ], [ 37.1164, 10.3296 ], [ 37.1456, 10.3407 ], [ 37.1539, 10.3327 ], [ 37.1763, 10.333 ], [ 37.2057, 10.3215 ], [ 37.2534, 10.3251 ], [ 37.2628, 10.3355 ], [ 37.2677, 10.35 ], [ 37.2804, 10.3612 ], [ 37.275, 10.3857 ], [ 37.2779, 10.3906 ], [ 37.2892, 10.3965 ], [ 37.2917, 10.4081 ], [ 37.2897, 10.417 ], [ 37.2932, 10.4254 ], [ 37.3084, 10.4394 ], [ 37.3037, 10.4554 ], [ 37.3057, 10.4589 ], [ 37.3318, 10.4725 ], [ 37.34, 10.4658 ], [ 37.3526, 10.4712 ], [ 37.353, 10.4691 ], [ 37.3738, 10.472 ], [ 37.3919, 10.4781 ], [ 37.3899, 10.4805 ], [ 37.3923, 10.4821 ], [ 37.4046, 10.4827 ], [ 37.4219, 10.4917 ], [ 37.4316, 10.4907 ], [ 37.4359, 10.4867 ], [ 37.4538, 10.4863 ], [ 37.4591, 10.4975 ], [ 37.4745, 10.5099 ], [ 37.4858, 10.5144 ], [ 37.4951, 10.5279 ], [ 37.5047, 10.5295 ], [ 37.5074, 10.5348 ], [ 37.5178, 10.5382 ], [ 37.5211, 10.5354 ], [ 37.5326, 10.5356 ], [ 37.5436, 10.5473 ], [ 37.5754, 10.5542 ], [ 37.5786, 10.5843 ], [ 37.5866, 10.584 ], [ 37.5915, 10.5993 ], [ 37.5966, 10.6011 ], [ 37.6065, 10.6132 ], [ 37.6169, 10.6372 ], [ 37.6176, 10.6511 ], [ 37.6258, 10.6623 ], [ 37.6341, 10.6709 ], [ 37.6512, 10.6809 ], [ 37.6473, 10.6947 ], [ 37.6491, 10.7004 ], [ 37.6547, 10.6987 ], [ 37.6631, 10.703 ], [ 37.6799, 10.7034 ], [ 37.6898, 10.707 ], [ 37.6961, 10.7137 ], [ 37.7223, 10.7191 ], [ 37.7513, 10.7423 ], [ 37.7693, 10.7389 ], [ 37.7748, 10.7416 ], [ 37.7683, 10.753 ], [ 37.7532, 10.7625 ], [ 37.7376, 10.7535 ], [ 37.7278, 10.7557 ], [ 37.7179, 10.7631 ], [ 37.7112, 10.7724 ], [ 37.7122, 10.7874 ], [ 37.7077, 10.7864 ], [ 37.7053, 10.7911 ], [ 37.7088, 10.799 ], [ 37.7055, 10.8109 ], [ 37.7071, 10.817 ], [ 37.6937, 10.8343 ], [ 37.6919, 10.8421 ], [ 37.6917, 10.8621 ], [ 37.6958, 10.8758 ], [ 37.6932, 10.8879 ], [ 37.6978, 10.8915 ], [ 37.6967, 10.9009 ], [ 37.7004, 10.9148 ], [ 37.7121, 10.9316 ], [ 37.7122, 10.9524 ], [ 37.7187, 10.9665 ], [ 37.7175, 10.9764 ], [ 37.7141, 10.9828 ], [ 37.7119, 10.9817 ], [ 37.7116, 10.9877 ], [ 37.723, 11.0075 ], [ 37.7276, 11.0075 ], [ 37.7293, 11.0122 ], [ 37.7472, 11.015 ], [ 37.7468, 11.0352 ], [ 37.7538, 11.0376 ], [ 37.7529, 11.0479 ], [ 37.7596, 11.0572 ], [ 37.7498, 11.0753 ], [ 37.7517, 11.0845 ], [ 37.7427, 11.0884 ], [ 37.7293, 11.0657 ], [ 37.7161, 11.0608 ], [ 37.7001, 11.0428 ], [ 37.6734, 11.0603 ], [ 37.6767, 11.0635 ], [ 37.6726, 11.067 ], [ 37.6805, 11.0709 ], [ 37.679, 11.0737 ], [ 37.6546, 11.0778 ], [ 37.6524, 11.0871 ], [ 37.6462, 11.0859 ], [ 37.6436, 11.0888 ], [ 37.6486, 11.0939 ], [ 37.6522, 11.0924 ], [ 37.6555, 11.0995 ], [ 37.6646, 11.1063 ], [ 37.6712, 11.1012 ], [ 37.6772, 11.103 ], [ 37.686, 11.0993 ], [ 37.7151, 11.1119 ], [ 37.7015, 11.1207 ], [ 37.7037, 11.1372 ], [ 37.7155, 11.1353 ], [ 37.7205, 11.1393 ], [ 37.7238, 11.1366 ], [ 37.7243, 11.1416 ], [ 37.7332, 11.1391 ], [ 37.7597, 11.1476 ], [ 37.7633, 11.1458 ], [ 37.7682, 11.1494 ], [ 37.7775, 11.1499 ], [ 37.7843, 11.154 ], [ 37.7952, 11.1522 ], [ 37.7993, 11.1566 ], [ 37.8012, 11.1665 ], [ 37.8212, 11.1682 ], [ 37.8223, 11.1882 ], [ 37.8173, 11.198 ], [ 37.8249, 11.2281 ], [ 37.8279, 11.2309 ], [ 37.8424, 11.2318 ], [ 37.8456, 11.2367 ], [ 37.8542, 11.2392 ], [ 37.8383, 11.2475 ], [ 37.8288, 11.2571 ], [ 37.8129, 11.2557 ], [ 37.8035, 11.2613 ], [ 37.7897, 11.2641 ], [ 37.7732, 11.2778 ], [ 37.7721, 11.2824 ], [ 37.7457, 11.2962 ], [ 37.7356, 11.3054 ], [ 37.732, 11.3141 ], [ 37.7244, 11.3186 ], [ 37.7219, 11.33 ], [ 37.7112, 11.3355 ], [ 37.7081, 11.3453 ], [ 37.6868, 11.3663 ], [ 37.6838, 11.383 ], [ 37.6752, 11.3873 ], [ 37.6733, 11.3959 ], [ 37.659, 11.4206 ], [ 37.6337, 11.4564 ], [ 37.6311, 11.4742 ], [ 37.6258, 11.4813 ], [ 37.6304, 11.4814 ], [ 37.6336, 11.4862 ], [ 37.6445, 11.4912 ], [ 37.6291, 11.5203 ], [ 37.6171, 11.5278 ], [ 37.5924, 11.5102 ], [ 37.5845, 11.5302 ], [ 37.5786, 11.5332 ], [ 37.5736, 11.5497 ], [ 37.5564, 11.5455 ], [ 37.543, 11.5619 ], [ 37.5496, 11.5716 ], [ 37.5498, 11.5786 ], [ 37.5402, 11.5857 ], [ 37.5194, 11.593 ], [ 37.5237, 11.6021 ], [ 37.5126, 11.6186 ], [ 37.5126, 11.6289 ], [ 37.5267, 11.6272 ], [ 37.529, 11.6329 ], [ 37.5419, 11.6426 ], [ 37.5435, 11.6489 ], [ 37.5341, 11.662 ], [ 37.5301, 11.6627 ], [ 37.5284, 11.668 ], [ 37.5243, 11.6686 ], [ 37.5173, 11.6769 ], [ 37.5037, 11.6983 ], [ 37.5015, 11.7132 ], [ 37.5046, 11.7219 ], [ 37.497, 11.7317 ], [ 37.4727, 11.7204 ], [ 37.4686, 11.7208 ], [ 37.4702, 11.7277 ], [ 37.4663, 11.7242 ], [ 37.4645, 11.73 ], [ 37.462, 11.73 ], [ 37.4402, 11.72 ], [ 37.4358, 11.7237 ], [ 37.4371, 11.7301 ], [ 37.4253, 11.7377 ] ] ], [ [ [ 37.2763, 11.9322 ], [ 37.272, 11.9469 ], [ 37.2595, 11.9417 ], [ 37.2535, 11.9365 ], [ 37.2568, 11.9313 ], [ 37.2552, 11.9277 ], [ 37.2517, 11.9291 ], [ 37.2468, 11.9225 ], [ 37.2494, 11.9163 ], [ 37.2405, 11.9176 ], [ 37.2482, 11.9096 ], [ 37.2481, 11.8975 ], [ 37.2533, 11.8959 ], [ 37.2534, 11.8918 ], [ 37.2485, 11.8918 ], [ 37.2472, 11.8885 ], [ 37.2494, 11.8847 ], [ 37.264, 11.8927 ], [ 37.2737, 11.8832 ], [ 37.2819, 11.8926 ], [ 37.2967, 11.8976 ], [ 37.2966, 11.901 ], [ 37.3002, 11.9021 ], [ 37.2978, 11.9023 ], [ 37.3016, 11.9104 ], [ 37.2958, 11.9174 ], [ 37.2963, 11.9257 ], [ 37.2998, 11.9292 ], [ 37.2955, 11.9274 ], [ 37.2942, 11.9319 ], [ 37.2882, 11.9346 ], [ 37.2854, 11.9305 ], [ 37.2763, 11.9322 ] ] ], [ [ [ 37.3204, 11.8926 ], [ 37.3134, 11.8975 ], [ 37.3056, 11.8974 ], [ 37.3093, 11.8868 ], [ 37.3146, 11.8903 ], [ 37.3204, 11.889 ], [ 37.3204, 11.8926 ] ] ] ] } },
{ "type": "Feature", "properties": { "iso3": "ETH", "unit_id": "89294058B51052108252624", "unit_name": "Wag Hamra" }, "geometry": { "type": "Polygon", "coordinates": [ [ [ 38.7395, 13.2935 ], [ 38.7197, 13.2892 ], [ 38.7068, 13.2929 ], [ 38.6952, 13.2906 ], [ 38.6764, 13.2967 ], [ 38.6631, 13.2945 ], [ 38.6283, 13.3094 ], [ 38.5891, 13.3002 ], [ 38.5727, 13.2924 ], [ 38.5736, 13.253 ], [ 38.5767, 13.2474 ], [ 38.5731, 13.2412 ], [ 38.5604, 13.237 ], [ 38.5585, 13.2304 ], [ 38.5489, 13.2239 ], [ 38.5597, 13.1991 ], [ 38.534, 13.1986 ], [ 38.5506, 13.179 ], [ 38.5502, 13.1711 ], [ 38.5482, 13.1691 ], [ 38.5285, 13.178 ], [ 38.5095, 13.1798 ], [ 38.4953, 13.186 ], [ 38.5028, 13.1702 ], [ 38.4966, 13.165 ], [ 38.5102, 13.1601 ], [ 38.5108, 13.1559 ], [ 38.5113, 13.1489 ], [ 38.4996, 13.1185 ], [ 38.4897, 13.1027 ], [ 38.5036, 13.0833 ], [ 38.4648, 13.0848 ], [ 38.4486, 13.0571 ], [ 38.4307, 13.0763 ], [ 38.4241, 13.0949 ], [ 38.4173, 13.0719 ], [ 38.4122, 13.0678 ], [ 38.4079, 13.0664 ], [ 38.3897, 13.0759 ], [ 38.3787, 13.0653 ], [ 38.3829, 13.0557 ], [ 38.3784, 13.0364 ], [ 38.3813, 13.0085 ], [ 38.3616, 13.0223 ], [ 38.3528, 13.0225 ], [ 38.3705, 12.9861 ], [ 38.3685, 12.9836 ], [ 38.3532, 12.9885 ], [ 38.3406, 12.9771 ], [ 38.3357, 12.9524 ], [ 38.3538, 12.942 ], [ 38.3707, 12.9462 ], [ 38.3799, 12.9339 ], [ 38.3983, 12.9207 ], [ 38.3913, 12.9111 ], [ 38.3814, 12.9106 ], [ 38.3866, 12.8916 ], [ 38.3616, 12.9062 ], [ 38.3551, 12.8973 ], [ 38.3417, 12.8528 ], [ 38.3549, 12.8493 ], [ 38.34, 12.8227 ], [ 38.3358, 12.8084 ], [ 38.3293, 12.8008 ], [ 38.3245, 12.7774 ], [ 38.3267, 12.7656 ], [ 38.3328, 12.7583 ], [ 38.3585, 12.7631 ], [ 38.3673, 12.7577 ], [ 38.3738, 12.7577 ], [ 38.3834, 12.7486 ], [ 38.4026, 12.7539 ], [ 38.4127, 12.7497 ], [ 38.4179, 12.7508 ], [ 38.4194, 12.7444 ], [ 38.4266, 12.741 ], [ 38.4399, 12.7426 ], [ 38.4502, 12.7518 ], [ 38.4618, 12.7467 ], [ 38.4655, 12.7428 ], [ 38.4657, 12.7362 ], [ 38.4553, 12.7288 ], [ 38.4632, 12.7221 ], [ 38.4637, 12.7181 ], [ 38.451, 12.6995 ], [ 38.4554, 12.6895 ], [ 38.4522, 12.675 ], [ 38.4602, 12.6671 ], [ 38.4583, 12.6577 ], [ 38.4711, 12.6534 ], [ 38.4721, 12.6476 ], [ 38.4686, 12.641 ], [ 38.4758, 12.6396 ], [ 38.4816, 12.6297 ], [ 38.471, 12.6227 ], [ 38.4783, 12.618 ], [ 38.4814, 12.6119 ], [ 38.468, 12.601 ], [ 38.4658, 12.5863 ], [ 38.4539, 12.5861 ], [ 38.4531, 12.5773 ], [ 38.4381, 12.5724 ], [ 38.4343, 12.5559 ], [ 38.4208, 12.5525 ], [ 38.423, 12.5357 ], [ 38.4143, 12.5314 ], [ 38.4224, 12.5222 ], [ 38.4205, 12.5098 ], [ 38.4301, 12.5023 ], [ 38.4273, 12.4831 ], [ 38.4357, 12.4753 ], [ 38.4286, 12.455 ], [ 38.4319, 12.4505 ], [ 38.4302, 12.4463 ], [ 38.4378, 12.436 ], [ 38.4344, 12.4244 ], [ 38.441, 12.4137 ], [ 38.4428, 12.4019 ], [ 38.4687, 12.3721 ], [ 38.4777, 12.3695 ], [ 38.4767, 12.3601 ], [ 38.4891, 12.3461 ], [ 38.4826, 12.3361 ], [ 38.4864, 12.324 ], [ 38.4805, 12.3159 ], [ 38.4759, 12.3171 ], [ 38.473, 12.3061 ], [ 38.479, 12.3037 ], [ 38.4842, 12.2949 ], [ 38.4949, 12.2936 ], [ 38.5035, 12.2862 ], [ 38.5088, 12.2889 ], [ 38.5202, 12.2836 ], [ 38.5365, 12.288 ], [ 38.5479, 12.2967 ], [ 38.5677, 12.2968 ], [ 38.5734, 12.2925 ], [ 38.6329, 12.2861 ], [ 38.6429, 12.2792 ], [ 38.6896, 12.2734 ], [ 38.6985, 12.2785 ], [ 38.7067, 12.2792 ], [ 38.7243, 12.2925 ], [ 38.7387, 12.2975 ], [ 38.7713, 12.2915 ], [ 38.8032, 12.2704 ], [ 38.8136, 12.2679 ], [ 38.822, 12.269 ], [ 38.842, 12.2814 ], [ 38.8442, 12.2781 ], [ 38.851, 12.2806 ], [ 38.9017, 12.2739 ], [ 38.9072, 12.2695 ], [ 38.9159, 12.2693 ], [ 38.9679, 12.2503 ], [ 38.9896, 12.2547 ], [ 39.0184, 12.2412 ], [ 39.0408, 12.2186 ], [ 39.0558, 12.2099 ], [ 39.0421, 12.2033 ], [ 39.0312, 12.1911 ], [ 39.0257, 12.1904 ], [ 39.0285, 12.1832 ], [ 39.0375, 12.1808 ], [ 39.0418, 12.1708 ], [ 39.0901, 12.1623 ], [ 39.0969, 12.1673 ], [ 39.0939, 12.1589 ], [ 39.0972, 12.1567 ], [ 39.1061, 12.1603 ], [ 39.1098, 12.1537 ], [ 39.1088, 12.147 ], [ 39.1204, 12.1345 ], [ 39.1217, 12.1171 ], [ 39.1415, 12.1275 ], [ 39.1484, 12.1425 ], [ 39.1647, 12.1523 ], [ 39.1614, 12.1613 ], [ 39.1536, 12.1683 ], [ 39.1613, 12.2002 ], [ 39.167, 12.2035 ], [ 39.196, 12.2019 ], [ 39.2013, 12.2096 ], [ 39.2006, 12.2179 ], [ 39.2068, 12.2319 ], [ 39.213, 12.2353 ], [ 39.2211, 12.2648 ], [ 39.2507, 12.3001 ], [ 39.2645, 12.3293 ], [ 39.2629, 12.3347 ], [ 39.2455, 12.3529 ], [ 39.2399, 12.3945 ], [ 39.2414, 12.4256 ], [ 39.2362, 12.449 ], [ 39.2364, 12.4731 ], [ 39.2309, 12.4862 ], [ 39.2298, 12.5011 ], [ 39.2176, 12.536 ], [ 39.2087, 12.5496 ], [ 39.2092, 12.5606 ], [ 39.2043, 12.576 ], [ 39.183, 12.6123 ], [ 39.1834, 12.6303 ], [ 39.1744, 12.6435 ], [ 39.1814, 12.6527 ], [ 39.1989, 12.6604 ], [ 39.2308, 12.6665 ], [ 39.2389, 12.6631 ], [ 39.2805, 12.688 ], [ 39.2855, 12.7044 ], [ 39.2695, 12.7232 ], [ 39.2739, 12.7266 ], [ 39.2809, 12.7433 ], [ 39.2789, 12.7585 ], [ 39.2677, 12.7713 ], [ 39.2758, 12.7878 ], [ 39.2957, 12.7855 ], [ 39.3036, 12.7933 ], [ 39.3072, 12.8117 ], [ 39.2777, 12.826 ], [ 39.3101, 12.8522 ], [ 39.3068, 12.8663 ], [ 39.303, 12.8701 ], [ 39.2949, 12.8709 ], [ 39.279, 12.8562 ], [ 39.2631, 12.8941 ], [ 39.2587, 12.9147 ], [ 39.2508, 12.918 ], [ 39.2331, 12.9167 ], [ 39.2033, 12.9289 ], [ 39.1928, 12.9281 ], [ 39.1635, 12.9484 ], [ 39.1419, 12.9558 ], [ 39.1191, 12.9609 ], [ 39.0829, 12.9593 ], [ 39.0741, 12.9761 ], [ 39.0536, 12.9907 ], [ 39.0343, 13.0005 ], [ 39.0002, 13.0034 ], [ 38.9945, 13.0117 ], [ 39.0043, 13.0234 ], [ 39.0001, 13.0389 ], [ 38.994, 13.0453 ], [ 38.9898, 13.0813 ], [ 38.9786, 13.099 ], [ 39.0102, 13.114 ], [ 39.0202, 13.1269 ], [ 39.0369, 13.1342 ], [ 39.0426, 13.1556 ], [ 39.036, 13.1699 ], [ 39.0167, 13.1787 ], [ 38.9974, 13.2034 ], [ 38.9848, 13.2028 ], [ 38.9558, 13.212 ], [ 38.9517, 13.2375 ], [ 38.9296, 13.2357 ], [ 38.9133, 13.2245 ], [ 38.8762, 13.2205 ], [ 38.8631, 13.2095 ], [ 38.8503, 13.2145 ], [ 38.8339, 13.2319 ], [ 38.8191, 13.2347 ], [ 38.8007, 13.2473 ], [ 38.7792, 13.2494 ], [ 38.7433, 13.265 ], [ 38.7316, 13.2623 ], [ 38.7299, 13.2692 ], [ 38.7401, 13.2868 ], [ 38.7395, 13.2935 ] ] ] } },
{ "type": "Feature", "properties": { "iso3": "ETH", "unit_id": "89294058B32405601519214", "unit_name": "Awi" }, "geometry": { "type": "Polygon", "coordinates": [ [ [ 36.6549, 11.6416 ], [ 36.6547, 11.6565 ], [ 36.6594, 11.6587 ], [ 36.663, 11.6668 ], [ 36.6633, 11.6776 ], [ 36.66, 11.6808 ], [ 36.6635, 11.6885 ], [ 36.6628, 11.7278 ], [ 36.6599, 11.7308 ], [ 36.6362, 11.7304 ], [ 36.6146, 11.7482 ], [ 36.6107, 11.7628 ], [ 36.5808, 11.7671 ], [ 36.5743, 11.7758 ], [ 36.6181, 11.8163 ], [ 36.6143, 11.8186 ], [ 36.6122, 11.8382 ], [ 36.6069, 11.8456 ], [ 36.6053, 11.8529 ], [ 36.6084, 11.8527 ], [ 36.6086, 11.8578 ], [ 36.6047, 11.858 ], [ 36.585, 11.878 ], [ 36.5807, 11.8906 ], [ 36.5776, 11.8876 ], [ 36.5707, 11.8963 ], [ 36.5671, 11.8946 ], [ 36.5672, 11.9014 ], [ 36.564, 11.8992 ], [ 36.5549, 11.9052 ], [ 36.5527, 11.9103 ], [ 36.5415, 11.9142 ], [ 36.5338, 11.9228 ], [ 36.5201, 11.9301 ], [ 36.5245, 11.9327 ], [ 36.5564, 11.9325 ], [ 36.5459, 11.9487 ], [ 36.5702, 11.9614 ], [ 36.5664, 11.9704 ], [ 36.5565, 11.9711 ], [ 36.5453, 11.9793 ], [ 36.5317, 11.9816 ], [ 36.5293, 11.9789 ], [ 36.5157, 11.9876 ], [ 36.4907, 11.9892 ], [ 36.4726, 12.0006 ], [ 36.4397, 12.0072 ], [ 36.4332, 12.0118 ], [ 36.3952, 12.0235 ], [ 36.377, 12.0392 ], [ 36.37, 12.036 ], [ 36.3648, 12.0381 ], [ 36.3556, 12.0484 ], [ 36.3437, 12.0541 ], [ 36.3421, 12.0506 ], [ 36.3293, 12.047 ], [ 36.3223, 12.0499 ], [ 36.3131, 12.0457 ], [ 36.3051, 12.0468 ], [ 36.3027, 12.0425 ], [ 36.2955, 12.0452 ], [ 36.2971, 12.0403 ], [ 36.2846, 12.0374 ], [ 36.2816, 12.0323 ], [ 36.2827, 12.027 ], [ 36.256, 12.024 ], [ 36.2508, 12.0197 ], [ 36.2488, 12.0219 ], [ 36.2432, 12.0184 ], [ 36.2404, 12.0119 ], [ 36.2295, 12.008 ], [ 36.2267, 12.0011 ], [ 36.2169, 12.0025 ], [ 36.2109, 12.0081 ], [ 36.2028, 12.002 ], [ 36.1908, 12.0057 ], [ 36.1905, 12.0004 ], [ 36.1757, 12.0108 ], [ 36.172, 12.0031 ], [ 36.1469, 12.0137 ], [ 36.1406, 12.0129 ], [ 36.1384, 12.0167 ], [ 36.1306, 12.0118 ], [ 36.1019, 12.0345 ], [ 36.0866, 12.0272 ], [ 36.0827, 12.04 ], [ 36.0739, 12.0429 ], [ 36.0647, 12.0529 ], [ 36.0583, 12.0495 ], [ 36.0521, 12.0389 ], [ 36.061, 12.0332 ], [ 36.0598, 12.0245 ], [ 36.0505, 12.0268 ], [ 36.0449, 12.0205 ], [ 36.0268, 12.0222 ], [ 36.0241, 12.0191 ], [ 36.0136, 12.0178 ], [ 36.009, 12.0123 ], [ 36.0017, 12.015 ], [ 35.9769, 12.005 ], [ 35.9726, 12.0103 ], [ 35.9665, 12.0117 ], [ 35.9513, 12.0093 ], [ 35.9423, 12.0123 ], [ 35.9408, 12.0074 ], [ 35.9365, 12.0075 ], [ 35.9344, 12.002 ], [ 35.9405, 11.9708 ], [ 35.9658, 11.9846 ], [ 35.9723, 11.9703 ], [ 35.969, 11.9584 ], [ 35.978, 11.9605 ], [ 35.996, 11.9269 ], [ 36.0212, 11.9138 ], [ 36.0426, 11.8951 ], [ 36.0338, 11.8918 ], [ 36.0381, 11.8855 ], [ 36.0506, 11.883 ], [ 36.0451, 11.8764 ], [ 36.0564, 11.8743 ], [ 36.0491, 11.866 ], [ 36.0545, 11.8493 ], [ 36.0663, 11.8516 ], [ 36.0843, 11.8351 ], [ 36.0815, 11.8244 ], [ 36.0951, 11.8129 ], [ 36.1052, 11.8159 ], [ 36.1172, 11.7742 ], [ 36.1232, 11.7344 ], [ 36.1166, 11.7235 ], [ 36.1255, 11.7192 ], [ 36.1184, 11.7058 ], [ 36.1448, 11.6856 ], [ 36.1571, 11.6859 ], [ 36.165, 11.6782 ], [ 36.1762, 11.6842 ], [ 36.2008, 11.7058 ], [ 36.2071, 11.7214 ], [ 36.2316, 11.7221 ], [ 36.2359, 11.737 ], [ 36.261, 11.7535 ], [ 36.2829, 11.7727 ], [ 36.3088, 11.8032 ], [ 36.3291, 11.7967 ], [ 36.3413, 11.7808 ], [ 36.3376, 11.773 ], [ 36.3412, 11.7677 ], [ 36.3387, 11.761 ], [ 36.3396, 11.7375 ], [ 36.3338, 11.7232 ], [ 36.3321, 11.7041 ], [ 36.3476, 11.6966 ], [ 36.3324, 11.666 ], [ 36.3484, 11.6054 ], [ 36.3653, 11.6003 ], [ 36.3752, 11.6077 ], [ 36.3794, 11.5961 ], [ 36.3914, 11.5833 ], [ 36.3903, 11.5713 ], [ 36.4034, 11.546 ], [ 36.4145, 11.5451 ], [ 36.4131, 11.532 ], [ 36.434, 11.5108 ], [ 36.4443, 11.4928 ], [ 36.4384, 11.4918 ], [ 36.4095, 11.4583 ], [ 36.4099, 11.4139 ], [ 36.4481, 11.4269 ], [ 36.4672, 11.4286 ], [ 36.4715, 11.4363 ], [ 36.4978, 11.4437 ], [ 36.5035, 11.4581 ], [ 36.5122, 11.4583 ], [ 36.5299, 11.4345 ], [ 36.5331, 11.3941 ], [ 36.5411, 11.3941 ], [ 36.5514, 11.3866 ], [ 36.5639, 11.3713 ], [ 36.5636, 11.358 ], [ 36.5387, 11.3456 ], [ 36.5345, 11.3353 ], [ 36.5475, 11.3373 ], [ 36.5564, 11.3295 ], [ 36.5624, 11.3183 ], [ 36.5569, 11.3021 ], [ 36.5373, 11.3047 ], [ 36.5296, 11.3025 ], [ 36.505, 11.285 ], [ 36.495, 11.289 ], [ 36.4832, 11.2718 ], [ 36.4671, 11.265 ], [ 36.4758, 11.2447 ], [ 36.4708, 11.2333 ], [ 36.4602, 11.2264 ], [ 36.4676, 11.2153 ], [ 36.4676, 11.1554 ], [ 36.4756, 11.157 ], [ 36.5029, 11.1375 ], [ 36.5304, 11.1416 ], [ 36.5493, 11.1378 ], [ 36.5602, 11.1133 ], [ 36.578, 11.1105 ], [ 36.575, 11.1007 ], [ 36.5594, 11.0998 ], [ 36.5549, 11.0932 ], [ 36.5464, 11.0946 ], [ 36.534, 11.098 ], [ 36.5326, 11.1132 ], [ 36.5251, 11.1127 ], [ 36.515, 11.1048 ], [ 36.4913, 11.0759 ], [ 36.4897, 11.0687 ], [ 36.4783, 11.0671 ], [ 36.4699, 11.0552 ], [ 36.4442, 11.0504 ], [ 36.4362, 11.039 ], [ 36.4226, 11.0314 ], [ 36.4177, 11.0007 ], [ 36.3658, 10.9457 ], [ 36.354, 10.937 ], [ 36.3506, 10.93 ], [ 36.3531, 10.9212 ], [ 36.3316, 10.8977 ], [ 36.3321, 10.8874 ], [ 36.3091, 10.8625 ], [ 36.3093, 10.8546 ], [ 36.3138, 10.8508 ], [ 36.3101, 10.8272 ], [ 36.3048, 10.8199 ], [ 36.2949, 10.815 ], [ 36.2995, 10.81 ], [ 36.2823, 10.8039 ], [ 36.2885, 10.7724 ], [ 36.2852, 10.7446 ], [ 36.2938, 10.7434 ], [ 36.3108, 10.7473 ], [ 36.3247, 10.7632 ], [ 36.3253, 10.7687 ], [ 36.3313, 10.7703 ], [ 36.3416, 10.7888 ], [ 36.3576, 10.7896 ], [ 36.3772, 10.7858 ], [ 36.3728, 10.7728 ], [ 36.376, 10.7653 ], [ 36.374, 10.7584 ], [ 36.3593, 10.7416 ], [ 36.3313, 10.7262 ], [ 36.3266, 10.7138 ], [ 36.3176, 10.7036 ], [ 36.3166, 10.6972 ], [ 36.3217, 10.6853 ], [ 36.318, 10.6793 ], [ 36.3113, 10.6788 ], [ 36.3125, 10.6738 ], [ 36.3242, 10.6617 ], [ 36.3183, 10.652 ], [ 36.3109, 10.649 ], [ 36.303, 10.6379 ], [ 36.3076, 10.6242 ], [ 36.2916, 10.62 ], [ 36.2816, 10.6046 ], [ 36.2837, 10.5987 ], [ 36.2935, 10.5971 ], [ 36.3059, 10.5779 ], [ 36.302, 10.5712 ], [ 36.302, 10.554 ], [ 36.3082, 10.5524 ], [ 36.3112, 10.548 ], [ 36.3109, 10.5421 ], [ 36.3182, 10.528 ], [ 36.3261, 10.5233 ], [ 36.3436, 10.5209 ], [ 36.3591, 10.5303 ], [ 36.3647, 10.5062 ], [ 36.3715, 10.5048 ], [ 36.3822, 10.4896 ], [ 36.3909, 10.468 ], [ 36.409, 10.4553 ], [ 36.4169, 10.4538 ], [ 36.4219, 10.4563 ], [ 36.4353, 10.4525 ], [ 36.4457, 10.4557 ], [ 36.4557, 10.4746 ], [ 36.4627, 10.4792 ], [ 36.4854, 10.4828 ], [ 36.5186, 10.4789 ], [ 36.5268, 10.4829 ], [ 36.5286, 10.4956 ], [ 36.5379, 10.503 ], [ 36.5496, 10.5061 ], [ 36.5969, 10.5313 ], [ 36.6032, 10.5316 ], [ 36.6104, 10.5388 ], [ 36.6827, 10.557 ], [ 36.6895, 10.5563 ], [ 36.7287, 10.5233 ], [ 36.7448, 10.5295 ], [ 36.7555, 10.553 ], [ 36.7487, 10.5662 ], [ 36.7521, 10.5834 ], [ 36.7606, 10.5844 ], [ 36.7786, 10.5796 ], [ 36.7973, 10.596 ], [ 36.8031, 10.606 ], [ 36.8248, 10.6224 ], [ 36.8206, 10.6304 ], [ 36.8297, 10.6529 ], [ 36.8213, 10.6593 ], [ 36.8245, 10.664 ], [ 36.8424, 10.6696 ], [ 36.8597, 10.6806 ], [ 36.865, 10.6793 ], [ 36.873, 10.6701 ], [ 36.8784, 10.673 ], [ 36.8882, 10.672 ], [ 36.9009, 10.6786 ], [ 36.9189, 10.6674 ], [ 36.9327, 10.6851 ], [ 36.9265, 10.6897 ], [ 36.9243, 10.7044 ], [ 36.9329, 10.7229 ], [ 36.9414, 10.7275 ], [ 36.9503, 10.7168 ], [ 36.9508, 10.7101 ], [ 36.9618, 10.7053 ], [ 36.9767, 10.7113 ], [ 36.9653, 10.7187 ], [ 36.9623, 10.7249 ], [ 36.9664, 10.7334 ], [ 36.9682, 10.7271 ], [ 36.9791, 10.7232 ], [ 36.9833, 10.7265 ], [ 36.983, 10.74 ], [ 36.9864, 10.7394 ], [ 36.9866, 10.7423 ], [ 36.9923, 10.7389 ], [ 36.995, 10.7418 ], [ 37.0023, 10.7396 ], [ 37.0033, 10.7468 ], [ 37.0136, 10.7629 ], [ 37.017, 10.7632 ], [ 37.0149, 10.7574 ], [ 37.0197, 10.7552 ], [ 37.0131, 10.7348 ], [ 37.0278, 10.7414 ], [ 37.0286, 10.7549 ], [ 37.0248, 10.7584 ], [ 37.0388, 10.7517 ], [ 37.0381, 10.7577 ], [ 37.044, 10.7644 ], [ 37.0481, 10.7619 ], [ 37.058, 10.765 ], [ 37.0646, 10.7626 ], [ 37.0641, 10.7687 ], [ 37.068, 10.7725 ], [ 37.066, 10.784 ], [ 37.0595, 10.7895 ], [ 37.0595, 10.7931 ], [ 37.07, 10.7945 ], [ 37.0716, 10.7911 ], [ 37.0763, 10.7921 ], [ 37.0746, 10.7822 ], [ 37.0884, 10.7881 ], [ 37.0936, 10.7955 ], [ 37.0962, 10.7926 ], [ 37.1017, 10.7977 ], [ 37.0991, 10.8041 ], [ 37.0937, 10.8054 ], [ 37.0917, 10.827 ], [ 37.0977, 10.8262 ], [ 37.1, 10.8195 ], [ 37.1056, 10.8219 ], [ 37.1088, 10.8201 ], [ 37.1248, 10.8295 ], [ 37.1209, 10.8323 ], [ 37.1236, 10.8373 ], [ 37.1199, 10.8514 ], [ 37.1296, 10.8536 ], [ 37.121, 10.8553 ], [ 37.1151, 10.8641 ], [ 37.1164, 10.872 ], [ 37.1135, 10.8747 ], [ 37.1173, 10.8781 ], [ 37.11, 10.8991 ], [ 37.113, 10.9108 ], [ 37.0947, 10.9317 ], [ 37.0895, 10.946 ], [ 37.0812, 10.9442 ], [ 37.0923, 10.9586 ], [ 37.0981, 10.9592 ], [ 37.1021, 10.9665 ], [ 37.1113, 10.9575 ], [ 37.1182, 10.9636 ], [ 37.1296, 10.9592 ], [ 37.1339, 10.9609 ], [ 37.1328, 10.9733 ], [ 37.1227, 10.9817 ], [ 37.1242, 10.992 ], [ 37.1073, 11.0102 ], [ 37.109, 11.0228 ], [ 37.1145, 11.0299 ], [ 37.1135, 11.0348 ], [ 37.1082, 11.0371 ], [ 37.099, 11.0268 ], [ 37.0946, 11.028 ], [ 37.0983, 11.0187 ], [ 37.0958, 11.0112 ], [ 37.087, 11.0184 ], [ 37.0907, 11.0355 ], [ 37.087, 11.0364 ], [ 37.088, 11.0403 ], [ 37.0836, 11.0414 ], [ 37.0836, 11.0473 ], [ 37.0736, 11.0598 ], [ 37.078, 11.0701 ], [ 37.0734, 11.0703 ], [ 37.0756, 11.0769 ], [ 37.0717, 11.0823 ], [ 37.0749, 11.0882 ], [ 37.0889, 11.0988 ], [ 37.0851, 11.0987 ], [ 37.0852, 11.1033 ], [ 37.075, 11.1129 ], [ 37.0751, 11.1288 ], [ 37.0821, 11.1548 ], [ 37.0814, 11.1571 ], [ 37.0779, 11.1552 ], [ 37.0818, 11.1596 ], [ 37.0766, 11.1612 ], [ 37.0784, 11.1648 ], [ 37.0729, 11.1636 ], [ 37.0673, 11.1693 ], [ 37.071, 11.1713 ], [ 37.0756, 11.169 ], [ 37.073, 11.1743 ], [ 37.0684, 11.1749 ], [ 37.0714, 11.1793 ], [ 37.0622, 11.1776 ], [ 37.0627, 11.1811 ], [ 37.0594, 11.1793 ], [ 37.0563, 11.1839 ], [ 37.05, 11.1828 ], [ 37.0449, 11.1902 ], [ 37.0418, 11.1781 ], [ 37.0335, 11.1834 ], [ 37.0298, 11.1902 ], [ 37.0164, 11.1889 ], [ 37.0059, 11.1828 ], [ 37.0092, 11.1905 ], [ 37.0046, 11.1916 ], [ 37.0043, 11.196 ], [ 37.0111, 11.1944 ], [ 37.0127, 11.1968 ], [ 37.0074, 11.204 ], [ 37.0103, 11.2104 ], [ 36.998, 11.2105 ], [ 36.9933, 11.2158 ], [ 36.9945, 11.222 ], [ 36.9857, 11.2279 ], [ 36.9828, 11.2349 ], [ 36.9812, 11.254 ], [ 36.9767, 11.2578 ], [ 36.9643, 11.2567 ], [ 36.9486, 11.251 ], [ 36.941, 11.2564 ], [ 36.9309, 11.2552 ], [ 36.9266, 11.2578 ], [ 36.9315, 11.2728 ], [ 36.9419, 11.2773 ], [ 36.9432, 11.287 ], [ 36.9487, 11.2938 ], [ 36.9418, 11.3048 ], [ 36.9257, 11.3005 ], [ 36.92, 11.3042 ], [ 36.9185, 11.3118 ], [ 36.9131, 11.3181 ], [ 36.9078, 11.3143 ], [ 36.8989, 11.3168 ], [ 36.8924, 11.3116 ], [ 36.8823, 11.3151 ], [ 36.8673, 11.3322 ], [ 36.8708, 11.3397 ], [ 36.8658, 11.3476 ], [ 36.8596, 11.348 ], [ 36.8461, 11.3584 ], [ 36.823, 11.3696 ], [ 36.812, 11.385 ], [ 36.8057, 11.4038 ], [ 36.7941, 11.4037 ], [ 36.7919, 11.4082 ], [ 36.7791, 11.4097 ], [ 36.7636, 11.4304 ], [ 36.7482, 11.4419 ], [ 36.7239, 11.4274 ], [ 36.7192, 11.4191 ], [ 36.6949, 11.4122 ], [ 36.6918, 11.4151 ], [ 36.6737, 11.4038 ], [ 36.6581, 11.4075 ], [ 36.6505, 11.404 ], [ 36.6486, 11.4194 ], [ 36.6544, 11.4224 ], [ 36.652, 11.4387 ], [ 36.6625, 11.46 ], [ 36.6629, 11.4675 ], [ 36.6516, 11.5088 ], [ 36.6231, 11.5336 ], [ 36.552, 11.5228 ], [ 36.5504, 11.5348 ], [ 36.5532, 11.5404 ], [ 36.5589, 11.5466 ], [ 36.5672, 11.5476 ], [ 36.5857, 11.5672 ], [ 36.598, 11.5908 ], [ 36.6142, 11.6019 ], [ 36.6399, 11.6305 ], [ 36.6549, 11.6416 ] ] ] } },
{ "type": "Feature", "properties": { "iso3": "ETH", "unit_id": "89294058B54805393226402", "unit_name": "Oromia" }, "geometry": { "type": "Polygon", "coordinates": [ [ [ 40.0666, 11.4321 ], [ 40.0519, 11.4368 ], [ 40.0198, 11.4233 ], [ 40.0144, 11.4241 ], [ 39.9993, 11.3983 ], [ 39.9824, 11.3867 ], [ 39.9809, 11.3804 ], [ 39.9708, 11.372 ], [ 39.9549, 11.3676 ], [ 39.941, 11.3558 ], [ 39.9348, 11.3563 ], [ 39.9276, 11.3516 ], [ 39.9118, 11.3526 ], [ 39.9048, 11.344 ], [ 39.8909, 11.3454 ], [ 39.8837, 11.3426 ], [ 39.8567, 11.3287 ], [ 39.8466, 11.3192 ], [ 39.8487, 11.3138 ], [ 39.8594, 11.3089 ], [ 39.8584, 11.2978 ], [ 39.8621, 11.285 ], [ 39.8561, 11.2753 ], [ 39.8719, 11.2718 ], [ 39.8709, 11.2656 ], [ 39.8742, 11.2615 ], [ 39.8882, 11.2513 ], [ 39.8859, 11.2415 ], [ 39.8951, 11.2401 ], [ 39.8984, 11.2442 ], [ 39.9025, 11.2416 ], [ 39.9065, 11.249 ], [ 39.9176, 11.2516 ], [ 39.9167, 11.2282 ], [ 39.9197, 11.2231 ], [ 39.9292, 11.217 ], [ 39.9364, 11.2184 ], [ 39.9435, 11.2113 ], [ 39.9457, 11.2149 ], [ 39.9498, 11.214 ], [ 39.9564, 11.2023 ], [ 39.9737, 11.1897 ], [ 39.9697, 11.1851 ], [ 39.972, 11.1789 ], [ 39.9675, 11.1786 ], [ 39.9741, 11.1676 ], [ 39.9688, 11.1673 ], [ 39.9701, 11.1524 ], [ 39.9631, 11.149 ], [ 39.9636, 11.1433 ], [ 39.9565, 11.1411 ], [ 39.9601, 11.1284 ], [ 39.9545, 11.1213 ], [ 39.9549, 11.1167 ], [ 39.9736, 11.0951 ], [ 39.976, 11.0816 ], [ 39.9857, 11.0684 ], [ 39.9838, 11.0632 ], [ 39.9903, 11.0601 ], [ 39.9875, 11.0532 ], [ 39.9885, 11.0447 ], [ 39.9951, 11.0407 ], [ 40.0003, 11.0258 ], [ 40.0065, 11.0211 ], [ 40.0107, 11.0106 ], [ 40.0276, 11.0007 ], [ 40.0304, 10.9892 ], [ 40.0389, 10.9926 ], [ 40.0453, 10.9908 ], [ 40.05, 10.9812 ], [ 40.041, 10.9681 ], [ 40.042, 10.9642 ], [ 40.0355, 10.9623 ], [ 40.0295, 10.9493 ], [ 40.0264, 10.948 ], [ 40.0253, 10.9535 ], [ 40.0171, 10.9587 ], [ 40.0182, 10.9495 ], [ 40.021, 10.9486 ], [ 40.0181, 10.9369 ], [ 40.0224, 10.9354 ], [ 40.0235, 10.9309 ], [ 40.0324, 10.9274 ], [ 40.0344, 10.9228 ], [ 40.0699, 10.9071 ], [ 40.0692, 10.9037 ], [ 40.093, 10.893 ], [ 40.1036, 10.876 ], [ 40.0809, 10.8692 ], [ 40.0703, 10.8731 ], [ 40.0379, 10.8611 ], [ 40.0205, 10.8642 ], [ 40.0019, 10.8556 ], [ 39.9788, 10.8557 ], [ 39.9707, 10.8515 ], [ 39.9681, 10.8523 ], [ 39.9686, 10.8577 ], [ 39.9631, 10.8547 ], [ 39.965, 10.846 ], [ 39.9714, 10.8444 ], [ 39.9692, 10.8386 ], [ 39.9616, 10.8409 ], [ 39.9614, 10.8453 ], [ 39.9576, 10.8472 ], [ 39.9568, 10.8395 ], [ 39.9445, 10.8319 ], [ 39.9443, 10.8388 ], [ 39.9375, 10.8392 ], [ 39.9346, 10.8452 ], [ 39.9367, 10.8499 ], [ 39.9461, 10.8551 ], [ 39.9555, 10.8688 ], [ 39.9492, 10.8723 ], [ 39.9458, 10.8709 ], [ 39.9466, 10.8782 ], [ 39.9402, 10.8774 ], [ 39.9341, 10.8853 ], [ 39.9332, 10.8943 ], [ 39.9375, 10.8965 ], [ 39.9395, 10.9034 ], [ 39.9337, 10.91 ], [ 39.9139, 10.9031 ], [ 39.9073, 10.9099 ], [ 39.8825, 10.9041 ], [ 39.8753, 10.8996 ], [ 39.8715, 10.8891 ], [ 39.8571, 10.8919 ], [ 39.8459, 10.8839 ], [ 39.8381, 10.8861 ], [ 39.8355, 10.8789 ], [ 39.8267, 10.8768 ], [ 39.8234, 10.892 ], [ 39.8155, 10.8964 ], [ 39.8191, 10.9116 ], [ 39.8012, 10.9028 ], [ 39.7998, 10.9004 ], [ 39.8048, 10.8971 ], [ 39.8037, 10.8909 ], [ 39.7973, 10.8902 ], [ 39.7952, 10.8958 ], [ 39.7893, 10.8942 ], [ 39.7899, 10.8792 ], [ 39.7629, 10.889 ], [ 39.7551, 10.8837 ], [ 39.7485, 10.8846 ], [ 39.7445, 10.8931 ], [ 39.7331, 10.8897 ], [ 39.7333, 10.8839 ], [ 39.7299, 10.8838 ], [ 39.7289, 10.8779 ], [ 39.7182, 10.8747 ], [ 39.6959, 10.8818 ], [ 39.6881, 10.8888 ], [ 39.6645, 10.8973 ], [ 39.6645, 10.8925 ], [ 39.6687, 10.8892 ], [ 39.6667, 10.8844 ], [ 39.6792, 10.8753 ], [ 39.6785, 10.8706 ], [ 39.6844, 10.8678 ], [ 39.6809, 10.8627 ], [ 39.6834, 10.8561 ], [ 39.6896, 10.8537 ], [ 39.6919, 10.8421 ], [ 39.7008, 10.8421 ], [ 39.7099, 10.8374 ], [ 39.6943, 10.8299 ], [ 39.6927, 10.8262 ], [ 39.6986, 10.8262 ], [ 39.7003, 10.8139 ], [ 39.7103, 10.8021 ], [ 39.7026, 10.7982 ], [ 39.6949, 10.7996 ], [ 39.6907, 10.7959 ], [ 39.6924, 10.792 ], [ 39.6869, 10.7872 ], [ 39.6897, 10.7845 ], [ 39.6948, 10.788 ], [ 39.6991, 10.7859 ], [ 39.6975, 10.7784 ], [ 39.7132, 10.7689 ], [ 39.7071, 10.7584 ], [ 39.711, 10.753 ], [ 39.7155, 10.7269 ], [ 39.7279, 10.7086 ], [ 39.7401, 10.7182 ], [ 39.7456, 10.7096 ], [ 39.758, 10.713 ], [ 39.7738, 10.7283 ], [ 39.8127, 10.7342 ], [ 39.8104, 10.7311 ], [ 39.811, 10.7141 ], [ 39.8174, 10.6898 ], [ 39.8275, 10.6867 ], [ 39.8419, 10.6873 ], [ 39.8646, 10.6974 ], [ 39.881, 10.6963 ], [ 39.8673, 10.6836 ], [ 39.8674, 10.676 ], [ 39.8343, 10.654 ], [ 39.8396, 10.6246 ], [ 39.8436, 10.6194 ], [ 39.8606, 10.6226 ], [ 39.8641, 10.6159 ], [ 39.8637, 10.5898 ], [ 39.8699, 10.578 ], [ 39.8657, 10.5749 ], [ 39.8841, 10.561 ], [ 39.8923, 10.5462 ], [ 39.9011, 10.5458 ], [ 39.9136, 10.531 ], [ 39.9171, 10.5318 ], [ 39.9249, 10.516 ], [ 39.9231, 10.512 ], [ 39.9249, 10.5089 ], [ 39.9302, 10.5087 ], [ 39.9322, 10.4938 ], [ 39.9385, 10.4877 ], [ 39.9394, 10.4823 ], [ 39.9292, 10.4724 ], [ 39.9387, 10.4651 ], [ 39.9378, 10.4475 ], [ 39.9433, 10.441 ], [ 39.9374, 10.4102 ], [ 39.9381, 10.3981 ], [ 39.9478, 10.3951 ], [ 39.9471, 10.3837 ], [ 39.9344, 10.3827 ], [ 39.9337, 10.3745 ], [ 39.958, 10.3582 ], [ 39.9647, 10.3639 ], [ 39.979, 10.3529 ], [ 39.9818, 10.3467 ], [ 39.9759, 10.341 ], [ 39.9629, 10.3443 ], [ 39.958, 10.3352 ], [ 39.9499, 10.3368 ], [ 39.9424, 10.3275 ], [ 39.9381, 10.3083 ], [ 39.9256, 10.3061 ], [ 39.9232, 10.2967 ], [ 39.9308, 10.2894 ], [ 39.9259, 10.2751 ], [ 39.9401, 10.2772 ], [ 39.9441, 10.257 ], [ 39.9422, 10.2529 ], [ 39.929, 10.2566 ], [ 39.9264, 10.2392 ], [ 39.9379, 10.2398 ], [ 39.9345, 10.2279 ], [ 39.9469, 10.2271 ], [ 39.952, 10.2176 ], [ 39.9467, 10.1687 ], [ 39.9334, 10.1559 ], [ 39.9351, 10.1441 ], [ 39.9294, 10.1293 ], [ 39.9352, 10.1281 ], [ 39.9337, 10.1226 ], [ 39.9402, 10.1217 ], [ 39.9412, 10.1151 ], [ 39.9481, 10.1102 ], [ 39.9525, 10.1213 ], [ 39.9622, 10.1143 ], [ 39.9686, 10.1172 ], [ 39.9774, 10.116 ], [ 39.9736, 10.1245 ], [ 39.982, 10.1261 ], [ 39.9875, 10.1234 ], [ 39.9895, 10.1083 ], [ 39.9798, 10.1052 ], [ 39.9747, 10.0948 ], [ 39.9624, 10.0908 ], [ 39.9306, 10.0996 ], [ 39.9265, 10.0914 ], [ 39.9238, 10.0686 ], [ 39.9335, 10.0717 ], [ 39.9273, 10.09 ], [ 39.9482, 10.0845 ], [ 39.989, 10.0883 ], [ 39.9936, 10.0769 ], [ 40.024, 10.0744 ], [ 40.069, 10.0791 ], [ 40.1072, 10.0712 ], [ 40.1326, 10.0711 ], [ 40.1581, 10.0903 ], [ 40.129, 10.1735 ], [ 40.1556, 10.2574 ], [ 40.1467, 10.2772 ], [ 40.1575, 10.2854 ], [ 40.1604, 10.3008 ], [ 40.1591, 10.3563 ], [ 40.1631, 10.3748 ], [ 40.1636, 10.4124 ], [ 40.1616, 10.4353 ], [ 40.1529, 10.4393 ], [ 40.1285, 10.6175 ], [ 40.1091, 10.7239 ], [ 40.1025, 10.7397 ], [ 40.1026, 10.755 ], [ 40.1084, 10.7638 ], [ 40.122, 10.7682 ], [ 40.1667, 10.805 ], [ 40.1641, 10.8286 ], [ 40.1671, 10.834 ], [ 40.17, 10.8735 ], [ 40.1759, 10.8778 ], [ 40.1805, 10.8969 ], [ 40.1493, 10.8958 ], [ 40.1329, 10.9152 ], [ 40.1238, 10.9376 ], [ 40.1441, 10.9521 ], [ 40.169, 11.0016 ], [ 40.1869, 11.0253 ], [ 40.1955, 11.0682 ], [ 40.1938, 11.0964 ], [ 40.2124, 11.1089 ], [ 40.1729, 11.24 ], [ 40.1456, 11.2556 ], [ 40.1228, 11.2961 ], [ 40.1026, 11.3169 ], [ 40.0712, 11.3256 ], [ 40.065, 11.3378 ], [ 40.0702, 11.3737 ], [ 40.0666, 11.4321 ] ] ] } },
{ "type": "Feature", "properties": { "iso3": "ETH", "unit_id": "89294058B70986762827311", "unit_name": "Central Gondar" }, "geometry": { "type": "Polygon", "coordinates": [ [ [ 36.5214, 13.5924 ], [ 36.5135, 13.5882 ], [ 36.4972, 13.5604 ], [ 36.502, 13.5518 ], [ 36.5003, 13.5385 ], [ 36.4865, 13.5234 ], [ 36.4818, 13.4849 ], [ 36.4857, 13.4787 ], [ 36.4846, 13.4711 ], [ 36.4907, 13.4636 ], [ 36.4874, 13.4522 ], [ 36.4924, 13.4436 ], [ 36.4903, 13.4391 ], [ 36.4981, 13.4341 ], [ 36.5004, 13.4275 ], [ 36.4978, 13.4111 ], [ 36.5052, 13.4016 ], [ 36.505, 13.3897 ], [ 36.5012, 13.3821 ], [ 36.5081, 13.3716 ], [ 36.5155, 13.3494 ], [ 36.5317, 13.3314 ], [ 36.5513, 13.3199 ], [ 36.6158, 13.3004 ], [ 36.6384, 13.2991 ], [ 36.6463, 13.2869 ], [ 36.6601, 13.2876 ], [ 36.6764, 13.2803 ], [ 36.6844, 13.2692 ], [ 36.6812, 13.2685 ], [ 36.6836, 13.2628 ], [ 36.6774, 13.2535 ], [ 36.6849, 13.2447 ], [ 36.6873, 13.2362 ], [ 36.6975, 13.2381 ], [ 36.6948, 13.2311 ], [ 36.7019, 13.2229 ], [ 36.7066, 13.227 ], [ 36.7108, 13.224 ], [ 36.7187, 13.2244 ], [ 36.728, 13.2176 ], [ 36.7497, 13.2213 ], [ 36.7837, 13.1789 ], [ 36.7974, 13.1698 ], [ 36.7988, 13.163 ], [ 36.8154, 13.1531 ], [ 36.8251, 13.1286 ], [ 36.826, 13.1164 ], [ 36.8322, 13.1124 ], [ 36.8326, 13.0915 ], [ 36.8365, 13.0878 ], [ 36.834, 13.0851 ], [ 36.8301, 13.0425 ], [ 36.8266, 13.0332 ], [ 36.8198, 13.0519 ], [ 36.8144, 13.0496 ], [ 36.8114, 13.0621 ], [ 36.8073, 13.063 ], [ 36.7905, 13.0501 ], [ 36.7646, 13.0523 ], [ 36.7603, 13.0494 ], [ 36.7557, 13.035 ], [ 36.7687, 13.0223 ], [ 36.7978, 12.9819 ], [ 36.8287, 12.9175 ], [ 36.7856, 12.9331 ], [ 36.7858, 12.8873 ], [ 36.8006, 12.8371 ], [ 36.8008, 12.8177 ], [ 36.8119, 12.8132 ], [ 36.816, 12.8147 ], [ 36.8198, 12.8105 ], [ 36.8383, 12.804 ], [ 36.8537, 12.8114 ], [ 36.8639, 12.8109 ], [ 36.867, 12.8163 ], [ 36.8651, 12.822 ], [ 36.8803, 12.8237 ], [ 36.8875, 12.8139 ], [ 36.901, 12.8091 ], [ 36.9024, 12.8012 ], [ 36.9098, 12.7956 ], [ 36.9155, 12.7982 ], [ 36.9297, 12.7946 ], [ 36.9435, 12.7967 ], [ 36.9496, 12.8007 ], [ 36.9811, 12.7954 ], [ 37.008, 12.8019 ], [ 37.0092, 12.7726 ], [ 37.0133, 12.7696 ], [ 37.0249, 12.7731 ], [ 37.0278, 12.7712 ], [ 37.0376, 12.7613 ], [ 37.042, 12.7436 ], [ 37.0453, 12.7464 ], [ 37.0519, 12.7452 ], [ 37.055, 12.74 ], [ 37.0552, 12.7336 ], [ 37.0456, 12.7318 ], [ 37.0282, 12.7035 ], [ 36.9874, 12.6955 ], [ 36.9886, 12.6802 ], [ 36.9859, 12.6725 ], [ 36.9653, 12.6734 ], [ 36.965, 12.6768 ], [ 36.958, 12.6808 ], [ 36.9574, 12.6889 ], [ 36.9504, 12.6956 ], [ 36.9466, 12.694 ], [ 36.9426, 12.7012 ], [ 36.9226, 12.7104 ], [ 36.9182, 12.693 ], [ 36.9294, 12.657 ], [ 36.9246, 12.6544 ], [ 36.9328, 12.6468 ], [ 36.9222, 12.6345 ], [ 36.926, 12.6244 ], [ 36.926, 12.6099 ], [ 36.9372, 12.6014 ], [ 36.9377, 12.5914 ], [ 36.9278, 12.5908 ], [ 36.9225, 12.586 ], [ 36.9188, 12.5877 ], [ 36.9086, 12.5811 ], [ 36.8985, 12.5844 ], [ 36.8952, 12.5905 ], [ 36.8876, 12.5889 ], [ 36.8855, 12.5928 ], [ 36.8712, 12.5895 ], [ 36.8681, 12.5935 ], [ 36.8567, 12.5894 ], [ 36.8502, 12.5675 ], [ 36.8553, 12.565 ], [ 36.8615, 12.5668 ], [ 36.8615, 12.5632 ], [ 36.8656, 12.5653 ], [ 36.8671, 12.5617 ], [ 36.8749, 12.5608 ], [ 36.8755, 12.5568 ], [ 36.8765, 12.56 ], [ 36.8846, 12.5601 ], [ 36.895, 12.5511 ], [ 36.8982, 12.5529 ], [ 36.9033, 12.5472 ], [ 36.9089, 12.5462 ], [ 36.915, 12.5357 ], [ 36.8877, 12.4848 ], [ 36.88, 12.485 ], [ 36.879, 12.4883 ], [ 36.8766, 12.4842 ], [ 36.8717, 12.4883 ], [ 36.8705, 12.4741 ], [ 36.8738, 12.4661 ], [ 36.8603, 12.4425 ], [ 36.8752, 12.4316 ], [ 36.8751, 12.4072 ], [ 36.8653, 12.3829 ], [ 36.8691, 12.3788 ], [ 36.8566, 12.3837 ], [ 36.8534, 12.3754 ], [ 36.8422, 12.3697 ], [ 36.8425, 12.3738 ], [ 36.819, 12.3823 ], [ 36.8155, 12.3805 ], [ 36.7894, 12.3926 ], [ 36.7868, 12.3896 ], [ 36.7823, 12.3911 ], [ 36.7734, 12.3988 ], [ 36.7614, 12.3949 ], [ 36.7601, 12.4011 ], [ 36.7531, 12.4013 ], [ 36.7448, 12.4076 ], [ 36.7202, 12.3987 ], [ 36.7191, 12.395 ], [ 36.7224, 12.3912 ], [ 36.7111, 12.3879 ], [ 36.7111, 12.3907 ], [ 36.7032, 12.3943 ], [ 36.6983, 12.3902 ], [ 36.6963, 12.397 ], [ 36.687, 12.4024 ], [ 36.6827, 12.3965 ], [ 36.6718, 12.4009 ], [ 36.6706, 12.3942 ], [ 36.6627, 12.395 ], [ 36.6609, 12.3896 ], [ 36.6548, 12.392 ], [ 36.6573, 12.384 ], [ 36.6553, 12.3833 ], [ 36.6494, 12.3919 ], [ 36.6439, 12.3889 ], [ 36.6347, 12.3914 ], [ 36.632, 12.3961 ], [ 36.625, 12.3921 ], [ 36.6033, 12.3982 ], [ 36.5935, 12.3972 ], [ 36.5877, 12.4041 ], [ 36.5834, 12.4031 ], [ 36.5818, 12.3944 ], [ 36.5791, 12.3975 ], [ 36.5707, 12.392 ], [ 36.565, 12.3921 ], [ 36.5519, 12.3995 ], [ 36.5447, 12.3925 ], [ 36.5377, 12.3906 ], [ 36.5266, 12.3946 ], [ 36.5247, 12.3913 ], [ 36.5204, 12.3928 ], [ 36.5204, 12.388 ], [ 36.5092, 12.3772 ], [ 36.5099, 12.3747 ], [ 36.5143, 12.3722 ], [ 36.5287, 12.3747 ], [ 36.5282, 12.3631 ], [ 36.5321, 12.3616 ], [ 36.5307, 12.3552 ], [ 36.5189, 12.3518 ], [ 36.5189, 12.346 ], [ 36.501, 12.3367 ], [ 36.493, 12.3237 ], [ 36.4864, 12.325 ], [ 36.4804, 12.3221 ], [ 36.4759, 12.3255 ], [ 36.4747, 12.3234 ], [ 36.4767, 12.3164 ], [ 36.4947, 12.3029 ], [ 36.4985, 12.2933 ], [ 36.493, 12.2821 ], [ 36.4945, 12.2751 ], [ 36.4917, 12.2729 ], [ 36.4871, 12.276 ], [ 36.4833, 12.2743 ], [ 36.4822, 12.2674 ], [ 36.4772, 12.2669 ], [ 36.4792, 12.2615 ], [ 36.472, 12.2591 ], [ 36.4736, 12.2566 ], [ 36.4816, 12.2575 ], [ 36.4785, 12.2532 ], [ 36.4821, 12.2496 ], [ 36.4784, 12.2457 ], [ 36.4796, 12.2415 ], [ 36.4881, 12.2368 ], [ 36.4843, 12.2343 ], [ 36.4882, 12.2296 ], [ 36.4858, 12.2242 ], [ 36.4798, 12.2171 ], [ 36.4683, 12.2142 ], [ 36.4661, 12.2087 ], [ 36.4589, 12.2138 ], [ 36.4526, 12.1965 ], [ 36.4472, 12.1983 ], [ 36.4442, 12.1907 ], [ 36.4361, 12.1862 ], [ 36.4305, 12.1905 ], [ 36.4256, 12.1809 ], [ 36.4196, 12.1784 ], [ 36.4212, 12.1728 ], [ 36.4141, 12.1744 ], [ 36.4124, 12.1682 ], [ 36.4061, 12.1655 ], [ 36.4119, 12.1553 ], [ 36.4182, 12.1524 ], [ 36.4162, 12.1487 ], [ 36.423, 12.1504 ], [ 36.4288, 12.145 ], [ 36.4337, 12.149 ], [ 36.4448, 12.1423 ], [ 36.45, 12.1425 ], [ 36.4473, 12.1379 ], [ 36.451, 12.1354 ], [ 36.4538, 12.1375 ], [ 36.4538, 12.1305 ], [ 36.4587, 12.1323 ], [ 36.4589, 12.1275 ], [ 36.4647, 12.1274 ], [ 36.4665, 12.1217 ], [ 36.4769, 12.1207 ], [ 36.4773, 12.1132 ], [ 36.4832, 12.1148 ], [ 36.4836, 12.1094 ], [ 36.4881, 12.1106 ], [ 36.4931, 12.1068 ], [ 36.4646, 12.0575 ], [ 36.4543, 12.0459 ], [ 36.4462, 12.0421 ], [ 36.4421, 12.0343 ], [ 36.4304, 12.0315 ], [ 36.4269, 12.0243 ], [ 36.4221, 12.0239 ], [ 36.4161, 12.0171 ], [ 36.4397, 12.0072 ], [ 36.4726, 12.0006 ], [ 36.4907, 11.9892 ], [ 36.5157, 11.9876 ], [ 36.5293, 11.9789 ], [ 36.5317, 11.9816 ], [ 36.5453, 11.9793 ], [ 36.5565, 11.9711 ], [ 36.5664, 11.9704 ], [ 36.5702, 11.9614 ], [ 36.5459, 11.9487 ], [ 36.5564, 11.9325 ], [ 36.5245, 11.9327 ], [ 36.5201, 11.9301 ], [ 36.5338, 11.9228 ], [ 36.5415, 11.9142 ], [ 36.5527, 11.9103 ], [ 36.5549, 11.9052 ], [ 36.564, 11.8992 ], [ 36.5672, 11.9014 ], [ 36.5671, 11.8946 ], [ 36.5707, 11.8963 ], [ 36.5776, 11.8876 ], [ 36.5807, 11.8906 ], [ 36.585, 11.878 ], [ 36.6047, 11.858 ], [ 36.6086, 11.8578 ], [ 36.6084, 11.8527 ], [ 36.6053, 11.8529 ], [ 36.6069, 11.8456 ], [ 36.6122, 11.8382 ], [ 36.6143, 11.8186 ], [ 36.6181, 11.8163 ], [ 36.5743, 11.7758 ], [ 36.5808, 11.7671 ], [ 36.6107, 11.7628 ], [ 36.6146, 11.7482 ], [ 36.6362, 11.7304 ], [ 36.6599, 11.7308 ], [ 36.6628, 11.7278 ], [ 36.6635, 11.6885 ], [ 36.66, 11.6808 ], [ 36.6633, 11.6776 ], [ 36.663, 11.6668 ], [ 36.6594, 11.6587 ], [ 36.6547, 11.6565 ], [ 36.6549, 11.6416 ], [ 36.6909, 11.6627 ], [ 36.6969, 11.6743 ], [ 36.7009, 11.6749 ], [ 36.7002, 11.6814 ], [ 36.715, 11.6891 ], [ 36.7461, 11.686 ], [ 36.7605, 11.679 ], [ 36.7665, 11.6817 ], [ 36.7738, 11.677 ], [ 36.7892, 11.6766 ], [ 36.8034, 11.6866 ], [ 36.805, 11.6926 ], [ 36.8147, 11.698 ], [ 36.821, 11.7188 ], [ 36.8436, 11.7262 ], [ 36.8421, 11.7353 ], [ 36.8453, 11.7352 ], [ 36.8461, 11.7427 ], [ 36.8583, 11.7428 ], [ 36.8626, 11.7463 ], [ 36.8674, 11.7426 ], [ 36.8705, 11.7443 ], [ 36.8823, 11.7401 ], [ 36.8843, 11.7579 ], [ 36.8778, 11.7694 ], [ 36.865, 11.7753 ], [ 36.8605, 11.7867 ], [ 36.8705, 11.8024 ], [ 36.8668, 11.8292 ], [ 36.871, 11.8359 ], [ 36.8709, 11.8432 ], [ 36.888, 11.851 ], [ 36.8882, 11.8568 ], [ 36.9049, 11.8604 ], [ 36.9083, 11.8644 ], [ 36.9326, 11.8639 ], [ 36.948, 11.8679 ], [ 36.986, 11.9075 ], [ 36.9978, 11.9069 ], [ 37.0018, 11.9123 ], [ 37.0017, 11.9066 ], [ 37.0152, 11.9248 ], [ 37.0186, 11.9248 ], [ 37.0233, 11.9401 ], [ 37.0181, 11.9549 ], [ 37.0176, 11.9629 ], [ 37.0223, 11.9723 ], [ 37.0172, 11.9917 ], [ 37.0234, 12.0121 ], [ 37.0154, 12.0216 ], [ 37.0145, 12.0384 ], [ 37.0028, 12.039 ], [ 37.0047, 12.0442 ], [ 37.0191, 12.0439 ], [ 37.0269, 12.0605 ], [ 37.0295, 12.0865 ], [ 37.0365, 12.0953 ], [ 37.0437, 12.0975 ], [ 37.0432, 12.1009 ], [ 37.0372, 12.0993 ], [ 37.0322, 12.1064 ], [ 37.037, 12.1256 ], [ 37.0428, 12.129 ], [ 37.0376, 12.1399 ], [ 37.0412, 12.1446 ], [ 37.0405, 12.1603 ], [ 37.0553, 12.1933 ], [ 37.0646, 12.2057 ], [ 37.0673, 12.2183 ], [ 37.1061, 12.2511 ], [ 37.1136, 12.2526 ], [ 37.1116, 12.2446 ], [ 37.1192, 12.2465 ], [ 37.1471, 12.2697 ], [ 37.1585, 12.2692 ], [ 37.1627, 12.2654 ], [ 37.1612, 12.2517 ], [ 37.17, 12.2474 ], [ 37.1746, 12.2389 ], [ 37.1756, 12.2309 ], [ 37.1697, 12.2224 ], [ 37.1714, 12.2124 ], [ 37.1751, 12.2103 ], [ 37.177, 12.2124 ], [ 37.175, 12.2048 ], [ 37.1856, 12.1956 ], [ 37.1905, 12.1929 ], [ 37.1997, 12.1975 ], [ 37.2112, 12.1929 ], [ 37.2124, 12.198 ], [ 37.2043, 12.2038 ], [ 37.2146, 12.21 ], [ 37.2251, 12.2067 ], [ 37.2259, 12.211 ], [ 37.2318, 12.2133 ], [ 37.251, 12.2074 ], [ 37.2523, 12.1994 ], [ 37.2564, 12.1994 ], [ 37.2578, 12.1959 ], [ 37.2656, 12.2008 ], [ 37.2722, 12.2 ], [ 37.272, 12.2037 ], [ 37.2796, 12.1997 ], [ 37.2787, 12.2058 ], [ 37.2847, 12.204 ], [ 37.2927, 12.2066 ], [ 37.2904, 12.2143 ], [ 37.292, 12.2189 ], [ 37.2995, 12.2236 ], [ 37.2992, 12.2319 ], [ 37.3034, 12.2388 ], [ 37.2965, 12.2486 ], [ 37.3039, 12.2642 ], [ 37.318, 12.2737 ], [ 37.3385, 12.2793 ], [ 37.3601, 12.2728 ], [ 37.3645, 12.2685 ], [ 37.3569, 12.2573 ], [ 37.3578, 12.2522 ], [ 37.364, 12.2625 ], [ 37.3694, 12.2635 ], [ 37.3767, 12.2595 ], [ 37.3803, 12.2695 ], [ 37.385, 12.2685 ], [ 37.3882, 12.2773 ], [ 37.4058, 12.2773 ], [ 37.4161, 12.2896 ], [ 37.417, 12.2843 ], [ 37.428, 12.2775 ], [ 37.4451, 12.2881 ], [ 37.4791, 12.3019 ], [ 37.4861, 12.302 ], [ 37.4867, 12.3047 ], [ 37.4924, 12.304 ], [ 37.5032, 12.2958 ], [ 37.5054, 12.2846 ], [ 37.5143, 12.2791 ], [ 37.5143, 12.2742 ], [ 37.5179, 12.2762 ], [ 37.523, 12.2714 ], [ 37.524, 12.2608 ], [ 37.5289, 12.2576 ], [ 37.5297, 12.2497 ], [ 37.5355, 12.2501 ], [ 37.5435, 12.2421 ], [ 37.5459, 12.2315 ], [ 37.5552, 12.2341 ], [ 37.5624, 12.2276 ], [ 37.5651, 12.2094 ], [ 37.5616, 12.1964 ], [ 37.5676, 12.1983 ], [ 37.5722, 12.1946 ], [ 37.5717, 12.1877 ], [ 37.5779, 12.181 ], [ 37.58, 12.1706 ], [ 37.5771, 12.1623 ], [ 37.5923, 12.154 ], [ 37.5983, 12.1333 ], [ 37.6035, 12.13 ], [ 37.6269, 12.1405 ], [ 37.6289, 12.151 ], [ 37.6336, 12.1543 ], [ 37.6405, 12.1543 ], [ 37.6421, 12.1455 ], [ 37.6471, 12.1421 ], [ 37.6622, 12.1437 ], [ 37.6663, 12.1484 ], [ 37.6729, 12.1449 ], [ 37.6836, 12.1518 ], [ 37.6938, 12.1524 ], [ 37.6952, 12.1713 ], [ 37.7023, 12.1744 ], [ 37.7247, 12.1702 ], [ 37.7341, 12.172 ], [ 37.7402, 12.1749 ], [ 37.7432, 12.1847 ], [ 37.7526, 12.1854 ], [ 37.7593, 12.1927 ], [ 37.7565, 12.205 ], [ 37.7619, 12.2161 ], [ 37.7443, 12.2112 ], [ 37.7342, 12.1991 ], [ 37.7328, 12.2021 ], [ 37.7378, 12.2083 ], [ 37.7263, 12.2179 ], [ 37.7259, 12.2236 ], [ 37.7103, 12.2398 ], [ 37.7005, 12.2387 ], [ 37.7004, 12.2506 ], [ 37.6921, 12.2536 ], [ 37.6862, 12.261 ], [ 37.6819, 12.2672 ], [ 37.6822, 12.2759 ], [ 37.6709, 12.2844 ], [ 37.6534, 12.2831 ], [ 37.6473, 12.2862 ], [ 37.6461, 12.2922 ], [ 37.6603, 12.3001 ], [ 37.6596, 12.3119 ], [ 37.6664, 12.3221 ], [ 37.6771, 12.3251 ], [ 37.6845, 12.3321 ], [ 37.6973, 12.3257 ], [ 37.7052, 12.3357 ], [ 37.7289, 12.3245 ], [ 37.7301, 12.3346 ], [ 37.7453, 12.3548 ], [ 37.7558, 12.3599 ], [ 37.7616, 12.3583 ], [ 37.7671, 12.3677 ], [ 37.7746, 12.3596 ], [ 37.7723, 12.3535 ], [ 37.7758, 12.3472 ], [ 37.7835, 12.3485 ], [ 37.7944, 12.3443 ], [ 37.7931, 12.3324 ], [ 37.7872, 12.3306 ], [ 37.7856, 12.3154 ], [ 37.7885, 12.3045 ], [ 37.7986, 12.305 ], [ 37.8125, 12.3004 ], [ 37.8168, 12.2883 ], [ 37.8156, 12.2707 ], [ 37.8301, 12.2515 ], [ 37.8432, 12.2497 ], [ 37.8516, 12.2542 ], [ 37.8555, 12.251 ], [ 37.8636, 12.2548 ], [ 37.8609, 12.2665 ], [ 37.8712, 12.2783 ], [ 37.8844, 12.2826 ], [ 37.8824, 12.2923 ], [ 37.9046, 12.2686 ], [ 37.9189, 12.2747 ], [ 37.9273, 12.2588 ], [ 37.9286, 12.2524 ], [ 37.9258, 12.2511 ], [ 37.9292, 12.2413 ], [ 37.9332, 12.2415 ], [ 37.935, 12.2262 ], [ 37.9396, 12.2209 ], [ 37.9648, 12.2181 ], [ 37.9683, 12.2207 ], [ 37.9594, 12.2378 ], [ 37.9622, 12.2635 ], [ 37.9491, 12.2794 ], [ 37.9492, 12.3009 ], [ 37.96, 12.305 ], [ 37.9585, 12.2934 ], [ 37.9635, 12.288 ], [ 37.983, 12.3082 ], [ 37.9853, 12.3016 ], [ 37.9894, 12.2998 ], [ 37.9919, 12.3059 ], [ 38.004, 12.3159 ], [ 38.0201, 12.3089 ], [ 38.0311, 12.316 ], [ 38.0346, 12.3258 ], [ 38.0423, 12.3249 ], [ 38.0588, 12.3331 ], [ 38.0739, 12.3158 ], [ 38.0727, 12.3108 ], [ 38.0757, 12.3107 ], [ 38.0984, 12.3255 ], [ 38.1131, 12.3187 ], [ 38.1089, 12.3312 ], [ 38.1137, 12.3382 ], [ 38.1403, 12.3303 ], [ 38.1718, 12.3387 ], [ 38.1753, 12.3476 ], [ 38.1874, 12.3502 ], [ 38.1884, 12.3558 ], [ 38.1948, 12.3585 ], [ 38.1963, 12.3647 ], [ 38.204, 12.3695 ], [ 38.2091, 12.3691 ], [ 38.2098, 12.3741 ], [ 38.2184, 12.3751 ], [ 38.2219, 12.3811 ], [ 38.2285, 12.3844 ], [ 38.2348, 12.3831 ], [ 38.243, 12.3917 ], [ 38.2593, 12.3934 ], [ 38.261, 12.399 ], [ 38.2676, 12.3982 ], [ 38.2661, 12.4019 ], [ 38.2741, 12.4053 ], [ 38.2757, 12.4108 ], [ 38.2808, 12.4111 ], [ 38.2814, 12.4159 ], [ 38.2899, 12.4169 ], [ 38.289, 12.424 ], [ 38.2937, 12.425 ], [ 38.2955, 12.4333 ], [ 38.2923, 12.4356 ], [ 38.3091, 12.4495 ], [ 38.3052, 12.4534 ], [ 38.3113, 12.4549 ], [ 38.3123, 12.4627 ], [ 38.3202, 12.4711 ], [ 38.3455, 12.4866 ], [ 38.3511, 12.4972 ], [ 38.3533, 12.5108 ], [ 38.3647, 12.5258 ], [ 38.3779, 12.5366 ], [ 38.3945, 12.5425 ], [ 38.3991, 12.5463 ], [ 38.3988, 12.5503 ], [ 38.4315, 12.5538 ], [ 38.4366, 12.5595 ], [ 38.4381, 12.5724 ], [ 38.4531, 12.5773 ], [ 38.4539, 12.5861 ], [ 38.4658, 12.5863 ], [ 38.468, 12.601 ], [ 38.4797, 12.6083 ], [ 38.481, 12.615 ], [ 38.471, 12.6227 ], [ 38.4816, 12.6297 ], [ 38.4758, 12.6396 ], [ 38.4686, 12.641 ], [ 38.4721, 12.6476 ], [ 38.4711, 12.6534 ], [ 38.4583, 12.6577 ], [ 38.4602, 12.6671 ], [ 38.4522, 12.675 ], [ 38.4554, 12.6895 ], [ 38.451, 12.6995 ], [ 38.4637, 12.7181 ], [ 38.4632, 12.7221 ], [ 38.4553, 12.7288 ], [ 38.4657, 12.7362 ], [ 38.4655, 12.7428 ], [ 38.4618, 12.7467 ], [ 38.4502, 12.7518 ], [ 38.4399, 12.7426 ], [ 38.4266, 12.741 ], [ 38.4194, 12.7444 ], [ 38.4179, 12.7508 ], [ 38.4127, 12.7497 ], [ 38.4026, 12.7539 ], [ 38.3834, 12.7486 ], [ 38.3738, 12.7577 ], [ 38.3673, 12.7577 ], [ 38.3585, 12.7631 ], [ 38.3328, 12.7583 ], [ 38.3211, 12.7602 ], [ 38.3122, 12.7544 ], [ 38.3048, 12.7928 ], [ 38.2958, 12.8162 ], [ 38.281, 12.8161 ], [ 38.2618, 12.8252 ], [ 38.2605, 12.8418 ], [ 38.2654, 12.8474 ], [ 38.2632, 12.8563 ], [ 38.2664, 12.8736 ], [ 38.2646, 12.8986 ], [ 38.2476, 12.9022 ], [ 38.2376, 12.8848 ], [ 38.2243, 12.8733 ], [ 38.2203, 12.8807 ], [ 38.2101, 12.8841 ], [ 38.2023, 12.8823 ], [ 38.2018, 12.8916 ], [ 38.1925, 12.8954 ], [ 38.1868, 12.9047 ], [ 38.1888, 12.9126 ], [ 38.184, 12.9229 ], [ 38.1923, 12.9392 ], [ 38.1844, 12.9379 ], [ 38.1727, 12.9428 ], [ 38.1574, 12.9382 ], [ 38.1561, 12.9105 ], [ 38.1499, 12.9036 ], [ 38.152, 12.8961 ], [ 38.1341, 12.8718 ], [ 38.124, 12.8765 ], [ 38.131, 12.8866 ], [ 38.1332, 12.8979 ], [ 38.1284, 12.9075 ], [ 38.1313, 12.9479 ], [ 38.1266, 12.9679 ], [ 38.1016, 12.9722 ], [ 38.0944, 12.9812 ], [ 38.0898, 12.9814 ], [ 38.0833, 12.9769 ], [ 38.0811, 12.9704 ], [ 38.0717, 12.9701 ], [ 38.0661, 12.9485 ], [ 38.0587, 12.9494 ], [ 38.0538, 12.935 ], [ 38.0366, 12.9485 ], [ 38.0226, 12.9659 ], [ 38.0164, 13.0048 ], [ 38.0011, 13.0269 ], [ 38.0033, 13.0325 ], [ 38.0133, 13.039 ], [ 38.0156, 13.0454 ], [ 38.0438, 13.0741 ], [ 38.0288, 13.0803 ], [ 38.0183, 13.0912 ], [ 38.0152, 13.0885 ], [ 37.9934, 13.1066 ], [ 37.9839, 13.1053 ], [ 37.9761, 13.0953 ], [ 37.9755, 13.0816 ], [ 37.9636, 13.0835 ], [ 37.9549, 13.0789 ], [ 37.9482, 13.0713 ], [ 37.9504, 13.0592 ], [ 37.9484, 13.0559 ], [ 37.9382, 13.0573 ], [ 37.9158, 13.0445 ], [ 37.905, 13.0419 ], [ 37.9109, 13.0331 ], [ 37.9197, 13.0296 ], [ 37.9037, 13.0146 ], [ 37.8938, 12.9993 ], [ 37.9002, 12.9837 ], [ 37.8973, 12.9639 ], [ 37.9015, 12.9417 ], [ 37.904, 12.9332 ], [ 37.917, 12.9185 ], [ 37.9127, 12.9053 ], [ 37.8759, 12.9149 ], [ 37.8695, 12.9217 ], [ 37.8576, 12.9218 ], [ 37.8476, 12.9268 ], [ 37.8408, 12.9233 ], [ 37.8234, 12.9267 ], [ 37.811, 12.9201 ], [ 37.7723, 12.9211 ], [ 37.7622, 12.913 ], [ 37.7557, 12.8978 ], [ 37.7501, 12.9003 ], [ 37.727, 12.8843 ], [ 37.7324, 12.8805 ], [ 37.7145, 12.8772 ], [ 37.6997, 12.8814 ], [ 37.6855, 12.8954 ], [ 37.6621, 12.8943 ], [ 37.6511, 12.9021 ], [ 37.6457, 12.9115 ], [ 37.65, 12.9272 ], [ 37.6278, 12.9206 ], [ 37.6332, 12.927 ], [ 37.6359, 12.9569 ], [ 37.6139, 12.9534 ], [ 37.6048, 12.9553 ], [ 37.579, 12.9454 ], [ 37.5632, 12.9521 ], [ 37.5475, 12.966 ], [ 37.5428, 12.9866 ], [ 37.5378, 12.9923 ], [ 37.5407, 12.9959 ], [ 37.5334, 13.0256 ], [ 37.5365, 13.0352 ], [ 37.532, 13.0478 ], [ 37.5314, 13.0758 ], [ 37.524, 13.0953 ], [ 37.5071, 13.1008 ], [ 37.4881, 13.0984 ], [ 37.4662, 13.1015 ], [ 37.457, 13.0979 ], [ 37.4551, 13.1022 ], [ 37.4562, 13.1162 ], [ 37.4663, 13.132 ], [ 37.4789, 13.1423 ], [ 37.4834, 13.1571 ], [ 37.5018, 13.168 ], [ 37.5049, 13.1798 ], [ 37.5111, 13.1874 ], [ 37.5169, 13.1907 ], [ 37.5311, 13.1875 ], [ 37.5428, 13.197 ], [ 37.5447, 13.2079 ], [ 37.5411, 13.2147 ], [ 37.5482, 13.2222 ], [ 37.5461, 13.2329 ], [ 37.5418, 13.2372 ], [ 37.5428, 13.2464 ], [ 37.5345, 13.2608 ], [ 37.5357, 13.2665 ], [ 37.5293, 13.2946 ], [ 37.5301, 13.2991 ], [ 37.549, 13.3091 ], [ 37.5492, 13.3127 ], [ 37.5373, 13.3269 ], [ 37.5378, 13.3337 ], [ 37.522, 13.3576 ], [ 37.5237, 13.3699 ], [ 37.5178, 13.3665 ], [ 37.4949, 13.3678 ], [ 37.4901, 13.3632 ], [ 37.4715, 13.3669 ], [ 37.462, 13.3595 ], [ 37.4405, 13.3541 ], [ 37.4376, 13.3583 ], [ 37.4249, 13.3635 ], [ 37.4158, 13.374 ], [ 37.3958, 13.3578 ], [ 37.3652, 13.3599 ], [ 37.359, 13.3575 ], [ 37.3554, 13.3513 ], [ 37.3504, 13.3267 ], [ 37.3443, 13.3244 ], [ 37.3355, 13.3104 ], [ 37.3218, 13.2972 ], [ 37.3127, 13.2975 ], [ 37.2806, 13.2849 ], [ 37.2505, 13.295 ], [ 37.2462, 13.2922 ], [ 37.2398, 13.2769 ], [ 37.2244, 13.2747 ], [ 37.2047, 13.2557 ], [ 37.1857, 13.2826 ], [ 37.1577, 13.2978 ], [ 37.1275, 13.3051 ], [ 37.0987, 13.3164 ], [ 37.0784, 13.3118 ], [ 37.0764, 13.318 ], [ 37.0693, 13.3174 ], [ 37.0656, 13.3299 ], [ 37.0525, 13.333 ], [ 37.0397, 13.351 ], [ 37.035, 13.3533 ], [ 37.013, 13.3605 ], [ 37.0018, 13.3567 ], [ 36.9821, 13.3613 ], [ 36.9645, 13.3696 ], [ 36.9569, 13.3624 ], [ 36.9461, 13.3698 ], [ 36.9386, 13.38 ], [ 36.9297, 13.3721 ], [ 36.9269, 13.3776 ], [ 36.9192, 13.3768 ], [ 36.9154, 13.3828 ], [ 36.9051, 13.3882 ], [ 36.8955, 13.4069 ], [ 36.8812, 13.4075 ], [ 36.8712, 13.419 ], [ 36.8447, 13.4354 ], [ 36.8437, 13.4409 ], [ 36.8248, 13.4482 ], [ 36.8171, 13.4465 ], [ 36.8086, 13.4185 ], [ 36.7832, 13.4029 ], [ 36.7669, 13.3781 ], [ 36.7347, 13.3631 ], [ 36.7314, 13.3687 ], [ 36.7148, 13.3671 ], [ 36.7054, 13.3721 ], [ 36.6851, 13.3748 ], [ 36.6646, 13.3666 ], [ 36.6561, 13.3691 ], [ 36.6491, 13.3802 ], [ 36.6439, 13.3781 ], [ 36.6358, 13.3825 ], [ 36.6095, 13.3752 ], [ 36.5927, 13.389 ], [ 36.5887, 13.4028 ], [ 36.5695, 13.4253 ], [ 36.5664, 13.4462 ], [ 36.5729, 13.4562 ], [ 36.571, 13.4669 ], [ 36.5743, 13.4779 ], [ 36.5964, 13.4891 ], [ 36.6011, 13.4984 ], [ 36.5981, 13.5047 ], [ 36.5797, 13.5203 ], [ 36.5724, 13.5222 ], [ 36.5647, 13.533 ], [ 36.5665, 13.5391 ], [ 36.564, 13.5474 ], [ 36.5585, 13.5515 ], [ 36.5617, 13.5555 ], [ 36.5603, 13.5633 ], [ 36.5547, 13.5713 ], [ 36.5399, 13.5755 ], [ 36.5378, 13.582 ], [ 36.5196, 13.5855 ], [ 36.5214, 13.5924 ] ] ] } },
{ "type": "Feature", "properties": { "iso3": "ETH", "unit_id": "89294058B83045762171497", "unit_name": "West Gondar" }, "geometry": { "type": "Polygon", "coordinates": [ [ [ 36.4535, 13.763 ], [ 36.409, 13.6575 ], [ 36.4074, 13.6353 ], [ 36.4114, 13.6156 ], [ 36.4087, 13.5951 ], [ 36.3975, 13.5678 ], [ 36.2486, 13.3681 ], [ 36.1574, 13.0331 ], [ 36.1689, 12.99 ], [ 36.1511, 12.9717 ], [ 36.1421, 12.9528 ], [ 36.1353, 12.9254 ], [ 36.1592, 12.8814 ], [ 36.1425, 12.7149 ], [ 36.1119, 12.694 ], [ 36.0723, 12.7241 ], [ 36.0372, 12.715 ], [ 36.0126, 12.7205 ], [ 35.9647, 12.7156 ], [ 35.7011, 12.6661 ], [ 35.7001, 12.625 ], [ 35.6862, 12.6022 ], [ 35.6474, 12.5915 ], [ 35.3836, 12.1655 ], [ 35.2839, 11.9833 ], [ 35.2611, 11.9277 ], [ 35.2843, 11.8845 ], [ 35.2877, 11.8559 ], [ 35.2847, 11.8465 ], [ 35.2881, 11.8299 ], [ 35.2967, 11.8195 ], [ 35.2959, 11.7992 ], [ 35.3033, 11.8028 ], [ 35.3137, 11.7922 ], [ 35.3257, 11.7945 ], [ 35.335, 11.782 ], [ 35.3374, 11.773 ], [ 35.3638, 11.753 ], [ 35.3947, 11.7462 ], [ 35.4218, 11.7294 ], [ 35.4733, 11.7362 ], [ 35.5169, 11.718 ], [ 35.5346, 11.7297 ], [ 35.5766, 11.7674 ], [ 35.5899, 11.773 ], [ 35.6235, 11.7758 ], [ 35.6449, 11.7814 ], [ 35.6617, 11.7934 ], [ 35.6666, 11.8259 ], [ 35.6832, 11.8254 ], [ 35.6944, 11.8313 ], [ 35.7055, 11.8224 ], [ 35.7368, 11.8328 ], [ 35.7561, 11.8313 ], [ 35.7628, 11.8373 ], [ 35.7739, 11.8336 ], [ 35.8037, 11.838 ], [ 35.8148, 11.8284 ], [ 35.823, 11.8269 ], [ 35.8602, 11.8499 ], [ 35.8706, 11.8648 ], [ 35.8744, 11.8859 ], [ 35.9113, 11.9055 ], [ 35.9177, 11.905 ], [ 35.9365, 11.9208 ], [ 35.9429, 11.9366 ], [ 35.94, 11.9544 ], [ 35.9332, 11.96 ], [ 35.9405, 11.9708 ], [ 35.9344, 12.002 ], [ 35.9365, 12.0075 ], [ 35.9408, 12.0074 ], [ 35.9423, 12.0123 ], [ 35.9513, 12.0093 ], [ 35.9665, 12.0117 ], [ 35.9726, 12.0103 ], [ 35.9769, 12.005 ], [ 36.0017, 12.015 ], [ 36.009, 12.0123 ], [ 36.0136, 12.0178 ], [ 36.0241, 12.0191 ], [ 36.0268, 12.0222 ], [ 36.0449, 12.0205 ], [ 36.0505, 12.0268 ], [ 36.0598, 12.0245 ], [ 36.061, 12.0332 ], [ 36.0521, 12.0389 ], [ 36.0583, 12.0495 ], [ 36.0647, 12.0529 ], [ 36.0739, 12.0429 ], [ 36.0827, 12.04 ], [ 36.0866, 12.0272 ], [ 36.1019, 12.0345 ], [ 36.1306, 12.0118 ], [ 36.1384, 12.0167 ], [ 36.1406, 12.0129 ], [ 36.1469, 12.0137 ], [ 36.172, 12.0031 ], [ 36.1757, 12.0108 ], [ 36.1905, 12.0004 ], [ 36.1908, 12.0057 ], [ 36.2028, 12.002 ], [ 36.2109, 12.0081 ], [ 36.2169, 12.0025 ], [ 36.2267, 12.0011 ], [ 36.2295, 12.008 ], [ 36.2404, 12.0119 ], [ 36.2432, 12.0184 ], [ 36.2488, 12.0219 ], [ 36.2508, 12.0197 ], [ 36.256, 12.024 ], [ 36.2827, 12.027 ], [ 36.2816, 12.0323 ], [ 36.2846, 12.0374 ], [ 36.2971, 12.0403 ], [ 36.2955, 12.0452 ], [ 36.3027, 12.0425 ], [ 36.3051, 12.0468 ], [ 36.3131, 12.0457 ], [ 36.3223, 12.0499 ], [ 36.3293, 12.047 ], [ 36.3421, 12.0506 ], [ 36.3437, 12.0541 ], [ 36.3556, 12.0484 ], [ 36.3648, 12.0381 ], [ 36.37, 12.036 ], [ 36.377, 12.0392 ], [ 36.3952, 12.0235 ], [ 36.4182, 12.0159 ], [ 36.4161, 12.0171 ], [ 36.4191, 12.0215 ], [ 36.4269, 12.0243 ], [ 36.4304, 12.0315 ], [ 36.4421, 12.0343 ], [ 36.4462, 12.0421 ], [ 36.4543, 12.0459 ], [ 36.4646, 12.0575 ], [ 36.4931, 12.1068 ], [ 36.4881, 12.1106 ], [ 36.4836, 12.1094 ], [ 36.4832, 12.1148 ], [ 36.4773, 12.1132 ], [ 36.4769, 12.1207 ], [ 36.4665, 12.1217 ], [ 36.4647, 12.1274 ], [ 36.4589, 12.1275 ], [ 36.4587, 12.1323 ], [ 36.4538, 12.1305 ], [ 36.4538, 12.1375 ], [ 36.451, 12.1354 ], [ 36.4473, 12.1379 ], [ 36.45, 12.1425 ], [ 36.4448, 12.1423 ], [ 36.4337, 12.149 ], [ 36.4288, 12.145 ], [ 36.423, 12.1504 ], [ 36.4162, 12.1487 ], [ 36.4182, 12.1524 ], [ 36.4119, 12.1553 ], [ 36.4061, 12.1655 ], [ 36.4124, 12.1682 ], [ 36.4141, 12.1744 ], [ 36.4212, 12.1728 ], [ 36.4196, 12.1784 ], [ 36.4256, 12.1809 ], [ 36.4305, 12.1905 ], [ 36.4361, 12.1862 ], [ 36.4442, 12.1907 ], [ 36.4472, 12.1983 ], [ 36.4526, 12.1965 ], [ 36.4589, 12.2138 ], [ 36.4661, 12.2087 ], [ 36.4683, 12.2142 ], [ 36.4798, 12.2171 ], [ 36.4858, 12.2242 ], [ 36.4882, 12.2296 ], [ 36.4843, 12.2343 ], [ 36.4881, 12.2368 ], [ 36.4796, 12.2415 ], [ 36.4784, 12.2457 ], [ 36.4821, 12.2496 ], [ 36.4785, 12.2532 ], [ 36.4816, 12.2575 ], [ 36.4736, 12.2566 ], [ 36.472, 12.2591 ], [ 36.4792, 12.2615 ], [ 36.4772, 12.2669 ], [ 36.4822, 12.2674 ], [ 36.4833, 12.2743 ], [ 36.4871, 12.276 ], [ 36.4917, 12.2729 ], [ 36.4945, 12.2751 ], [ 36.493, 12.2821 ], [ 36.4985, 12.2933 ], [ 36.4947, 12.3029 ], [ 36.4767, 12.3164 ], [ 36.4747, 12.3234 ], [ 36.4759, 12.3255 ], [ 36.4804, 12.3221 ], [ 36.4864, 12.325 ], [ 36.493, 12.3237 ], [ 36.501, 12.3367 ], [ 36.5189, 12.346 ], [ 36.5189, 12.3518 ], [ 36.5307, 12.3552 ], [ 36.5321, 12.3616 ], [ 36.5282, 12.3631 ], [ 36.5287, 12.3747 ], [ 36.5143, 12.3722 ], [ 36.5099, 12.3747 ], [ 36.5092, 12.3772 ], [ 36.5204, 12.388 ], [ 36.5204, 12.3928 ], [ 36.5247, 12.3913 ], [ 36.5266, 12.3946 ], [ 36.5377, 12.3906 ], [ 36.5447, 12.3925 ], [ 36.5519, 12.3995 ], [ 36.565, 12.3921 ], [ 36.5707, 12.392 ], [ 36.5791, 12.3975 ], [ 36.5818, 12.3944 ], [ 36.5834, 12.4031 ], [ 36.5877, 12.4041 ], [ 36.5935, 12.3972 ], [ 36.6033, 12.3982 ], [ 36.625, 12.3921 ], [ 36.632, 12.3961 ], [ 36.6347, 12.3914 ], [ 36.6439, 12.3889 ], [ 36.6494, 12.3919 ], [ 36.6553, 12.3833 ], [ 36.6573, 12.384 ], [ 36.6548, 12.392 ], [ 36.6609, 12.3896 ], [ 36.6627, 12.395 ], [ 36.6706, 12.3942 ], [ 36.6718, 12.4009 ], [ 36.6827, 12.3965 ], [ 36.687, 12.4024 ], [ 36.6963, 12.397 ], [ 36.6983, 12.3902 ], [ 36.7032, 12.3943 ], [ 36.7111, 12.3907 ], [ 36.7111, 12.3879 ], [ 36.7224, 12.3912 ], [ 36.7191, 12.395 ], [ 36.7202, 12.3987 ], [ 36.7448, 12.4076 ], [ 36.7531, 12.4013 ], [ 36.7601, 12.4011 ], [ 36.7614, 12.3949 ], [ 36.7734, 12.3988 ], [ 36.7823, 12.3911 ], [ 36.7868, 12.3896 ], [ 36.7894, 12.3926 ], [ 36.8155, 12.3805 ], [ 36.819, 12.3823 ], [ 36.8425, 12.3738 ], [ 36.8422, 12.3697 ], [ 36.8534, 12.3754 ], [ 36.8566, 12.3837 ], [ 36.8691, 12.3788 ], [ 36.8653, 12.3829 ], [ 36.8751, 12.4072 ], [ 36.8752, 12.4316 ], [ 36.8603, 12.4425 ], [ 36.8738, 12.4661 ], [ 36.8705, 12.4741 ], [ 36.8717, 12.4883 ], [ 36.8766, 12.4842 ], [ 36.879, 12.4883 ], [ 36.88, 12.485 ], [ 36.8877, 12.4848 ], [ 36.915, 12.5357 ], [ 36.9089, 12.5462 ], [ 36.9033, 12.5472 ], [ 36.8982, 12.5529 ], [ 36.895, 12.5511 ], [ 36.8846, 12.5601 ], [ 36.8765, 12.56 ], [ 36.8755, 12.5568 ], [ 36.8749, 12.5608 ], [ 36.8671, 12.5617 ], [ 36.8656, 12.5653 ], [ 36.8615, 12.5632 ], [ 36.8615, 12.5668 ], [ 36.8553, 12.565 ], [ 36.8502, 12.5675 ], [ 36.8567, 12.5894 ], [ 36.8681, 12.5935 ], [ 36.8712, 12.5895 ], [ 36.8855, 12.5928 ], [ 36.8876, 12.5889 ], [ 36.8952, 12.5905 ], [ 36.8985, 12.5844 ], [ 36.9086, 12.5811 ], [ 36.9188, 12.5877 ], [ 36.9225, 12.586 ], [ 36.9278, 12.5908 ], [ 36.9377, 12.5914 ], [ 36.9372, 12.6014 ], [ 36.926, 12.6099 ], [ 36.926, 12.6244 ], [ 36.9222, 12.6345 ], [ 36.9328, 12.6468 ], [ 36.9246, 12.6544 ], [ 36.9294, 12.657 ], [ 36.9182, 12.693 ], [ 36.9226, 12.7104 ], [ 36.9426, 12.7012 ], [ 36.9466, 12.694 ], [ 36.9504, 12.6956 ], [ 36.9574, 12.6889 ], [ 36.958, 12.6808 ], [ 36.965, 12.6768 ], [ 36.9653, 12.6734 ], [ 36.9859, 12.6725 ], [ 36.9886, 12.6802 ], [ 36.9874, 12.6955 ], [ 37.0282, 12.7035 ], [ 37.0456, 12.7318 ], [ 37.0552, 12.7336 ], [ 37.055, 12.74 ], [ 37.0519, 12.7452 ], [ 37.0453, 12.7464 ], [ 37.042, 12.7436 ], [ 37.0376, 12.7613 ], [ 37.0278, 12.7712 ], [ 37.0249, 12.7731 ], [ 37.0133, 12.7696 ], [ 37.0092, 12.7726 ], [ 37.008, 12.8019 ], [ 36.9811, 12.7954 ], [ 36.9496, 12.8007 ], [ 36.9435, 12.7967 ], [ 36.9297, 12.7946 ], [ 36.9155, 12.7982 ], [ 36.9098, 12.7956 ], [ 36.9024, 12.8012 ], [ 36.901, 12.8091 ], [ 36.8875, 12.8139 ], [ 36.8803, 12.8237 ], [ 36.8651, 12.822 ], [ 36.867, 12.8163 ], [ 36.8639, 12.8109 ], [ 36.8537, 12.8114 ], [ 36.8383, 12.804 ], [ 36.8198, 12.8105 ], [ 36.816, 12.8147 ], [ 36.8119, 12.8132 ], [ 36.8008, 12.8177 ], [ 36.8006, 12.8371 ], [ 36.7858, 12.8873 ], [ 36.7856, 12.9331 ], [ 36.8287, 12.9175 ], [ 36.7978, 12.9819 ], [ 36.7687, 13.0223 ], [ 36.7557, 13.035 ], [ 36.7603, 13.0494 ], [ 36.7646, 13.0523 ], [ 36.7905, 13.0501 ], [ 36.8073, 13.063 ], [ 36.8114, 13.0621 ], [ 36.8144, 13.0496 ], [ 36.8198, 13.0519 ], [ 36.8266, 13.0332 ], [ 36.8301, 13.0425 ], [ 36.834, 13.0851 ], [ 36.8365, 13.0878 ], [ 36.8326, 13.0915 ], [ 36.8322, 13.1124 ], [ 36.826, 13.1164 ], [ 36.8251, 13.1286 ], [ 36.8154, 13.1531 ], [ 36.7988, 13.163 ], [ 36.7974, 13.1698 ], [ 36.7837, 13.1789 ], [ 36.7497, 13.2213 ], [ 36.728, 13.2176 ], [ 36.7187, 13.2244 ], [ 36.7108, 13.224 ], [ 36.7066, 13.227 ], [ 36.7019, 13.2229 ], [ 36.6948, 13.2311 ], [ 36.6975, 13.2381 ], [ 36.6873, 13.2362 ], [ 36.6849, 13.2447 ], [ 36.6774, 13.2535 ], [ 36.6836, 13.2628 ], [ 36.6812, 13.2685 ], [ 36.6844, 13.2692 ], [ 36.6764, 13.2803 ], [ 36.6601, 13.2876 ], [ 36.6463, 13.2869 ], [ 36.6384, 13.2991 ], [ 36.6158, 13.3004 ], [ 36.5513, 13.3199 ], [ 36.5317, 13.3314 ], [ 36.5155, 13.3494 ], [ 36.5081, 13.3716 ], [ 36.5012, 13.3821 ], [ 36.505, 13.3897 ], [ 36.5052, 13.4016 ], [ 36.4978, 13.4111 ], [ 36.5004, 13.4275 ], [ 36.4981, 13.4341 ], [ 36.4903, 13.4391 ], [ 36.4924, 13.4436 ], [ 36.4874, 13.4522 ], [ 36.4907, 13.4636 ], [ 36.4846, 13.4711 ], [ 36.4857, 13.4787 ], [ 36.4818, 13.4849 ], [ 36.4865, 13.5234 ], [ 36.5003, 13.5385 ], [ 36.502, 13.5518 ], [ 36.4972, 13.5604 ], [ 36.5135, 13.5882 ], [ 36.5214, 13.5924 ], [ 36.5261, 13.6065 ], [ 36.5128, 13.6313 ], [ 36.5044, 13.6651 ], [ 36.4942, 13.6699 ], [ 36.4777, 13.6935 ], [ 36.4778, 13.7208 ], [ 36.4838, 13.7271 ], [ 36.4807, 13.7347 ], [ 36.4554, 13.7544 ], [ 36.4535, 13.763 ] ] ] } },
{ "type": "Feature", "properties": { "iso3": "ETH", "unit_id": "89294058B42801968206783", "unit_name": "West Wellega" }, "geometry": { "type": "Polygon", "coordinates": [ [ [ 34.379, 9.1306 ], [ 34.393, 9.1408 ], [ 34.4209, 9.1539 ], [ 34.4451, 9.1489 ], [ 34.4626, 9.1534 ], [ 34.4756, 9.1522 ], [ 34.4809, 9.1488 ], [ 34.4862, 9.1501 ], [ 34.4897, 9.1584 ], [ 34.5147, 9.1707 ], [ 34.5136, 9.1764 ], [ 34.5173, 9.1852 ], [ 34.5233, 9.1848 ], [ 34.5278, 9.1887 ], [ 34.5447, 9.185 ], [ 34.5555, 9.1688 ], [ 34.5658, 9.1682 ], [ 34.5685, 9.162 ], [ 34.5844, 9.1501 ], [ 34.5861, 9.1434 ], [ 34.5908, 9.1398 ], [ 34.6987, 9.1749 ], [ 34.7778, 9.1736 ], [ 34.7815, 9.1823 ], [ 34.7778, 9.2027 ], [ 34.7804, 9.205 ], [ 34.781, 9.228 ], [ 34.7915, 9.2496 ], [ 34.8165, 9.2458 ], [ 34.8221, 9.2399 ], [ 34.8244, 9.2501 ], [ 34.8299, 9.2561 ], [ 34.8364, 9.2524 ], [ 34.8516, 9.2514 ], [ 34.8597, 9.2604 ], [ 34.8732, 9.2655 ], [ 34.8748, 9.2696 ], [ 34.8708, 9.2776 ], [ 34.8727, 9.2917 ], [ 34.8841, 9.3082 ], [ 34.8913, 9.3106 ], [ 34.9037, 9.323 ], [ 34.9066, 9.3326 ], [ 34.9221, 9.3483 ], [ 34.9135, 9.3635 ], [ 34.9188, 9.3754 ], [ 34.912, 9.3829 ], [ 34.9183, 9.3991 ], [ 34.9232, 9.4047 ], [ 34.9308, 9.4046 ], [ 34.9408, 9.3981 ], [ 34.9258, 9.3901 ], [ 34.9278, 9.3853 ], [ 34.924, 9.3791 ], [ 34.9314, 9.3601 ], [ 34.9386, 9.3595 ], [ 34.9403, 9.364 ], [ 34.9494, 9.3654 ], [ 34.9597, 9.3587 ], [ 34.9674, 9.3465 ], [ 34.9768, 9.3532 ], [ 34.9781, 9.3446 ], [ 34.9856, 9.3477 ], [ 34.9827, 9.3362 ], [ 34.9961, 9.3365 ], [ 35.0013, 9.3261 ], [ 35.0085, 9.3218 ], [ 35.0078, 9.3166 ], [ 35.013, 9.3134 ], [ 35.0189, 9.3148 ], [ 35.0297, 9.308 ], [ 35.038, 9.3098 ], [ 35.0415, 9.3177 ], [ 35.0523, 9.3142 ], [ 35.0552, 9.3158 ], [ 35.0631, 9.2996 ], [ 35.0716, 9.2976 ], [ 35.0973, 9.2738 ], [ 35.1095, 9.2751 ], [ 35.1138, 9.2676 ], [ 35.1127, 9.2626 ], [ 35.1271, 9.2592 ], [ 35.1277, 9.2421 ], [ 35.1311, 9.2361 ], [ 35.1358, 9.236 ], [ 35.138, 9.2292 ], [ 35.1249, 9.2155 ], [ 35.1297, 9.2105 ], [ 35.1353, 9.2108 ], [ 35.1387, 9.2059 ], [ 35.1409, 9.1833 ], [ 35.1542, 9.1731 ], [ 35.1549, 9.1677 ], [ 35.1631, 9.1649 ], [ 35.17, 9.151 ], [ 35.1696, 9.1372 ], [ 35.1791, 9.13 ], [ 35.1882, 9.1049 ], [ 35.1942, 9.1071 ], [ 35.1971, 9.1158 ], [ 35.2039, 9.1009 ], [ 35.2202, 9.0965 ], [ 35.2318, 9.0995 ], [ 35.2339, 9.1105 ], [ 35.2428, 9.1041 ], [ 35.2463, 9.0938 ], [ 35.2526, 9.0914 ], [ 35.2531, 9.0861 ], [ 35.2633, 9.0783 ], [ 35.2747, 9.0921 ], [ 35.2803, 9.0933 ], [ 35.2764, 9.0835 ], [ 35.2788, 9.0707 ], [ 35.2922, 9.0718 ], [ 35.2931, 9.0587 ], [ 35.3, 9.0556 ], [ 35.3073, 9.0549 ], [ 35.3129, 9.0584 ], [ 35.3119, 9.0523 ], [ 35.3156, 9.0514 ], [ 35.3241, 9.0383 ], [ 35.3227, 9.0303 ], [ 35.3325, 9.0284 ], [ 35.3351, 9.0232 ], [ 35.334, 9.0068 ], [ 35.3437, 9.0058 ], [ 35.3467, 8.9859 ], [ 35.3437, 8.9785 ], [ 35.3454, 8.9702 ], [ 35.3374, 8.967 ], [ 35.3374, 8.9622 ], [ 35.3508, 8.9447 ], [ 35.3626, 8.9438 ], [ 35.3641, 8.9506 ], [ 35.3785, 8.9365 ], [ 35.3847, 8.9439 ], [ 35.3904, 8.9415 ], [ 35.3912, 8.9465 ], [ 35.3985, 8.9476 ], [ 35.3978, 8.9407 ], [ 35.405, 8.9369 ], [ 35.4033, 8.9262 ], [ 35.4105, 8.9271 ], [ 35.4112, 8.9124 ], [ 35.4211, 8.9134 ], [ 35.4243, 8.9173 ], [ 35.4428, 8.9139 ], [ 35.4407, 8.9062 ], [ 35.4445, 8.9038 ], [ 35.4479, 8.9091 ], [ 35.4506, 8.9079 ], [ 35.4459, 8.8931 ], [ 35.4432, 8.8936 ], [ 35.4433, 8.8888 ], [ 35.4395, 8.8886 ], [ 35.4417, 8.8872 ], [ 35.4402, 8.8814 ], [ 35.4476, 8.8743 ], [ 35.4422, 8.8738 ], [ 35.4453, 8.8684 ], [ 35.4395, 8.8669 ], [ 35.4438, 8.8597 ], [ 35.432, 8.8607 ], [ 35.4244, 8.8461 ], [ 35.4325, 8.8341 ], [ 35.4354, 8.8362 ], [ 35.4405, 8.8261 ], [ 35.4406, 8.8176 ], [ 35.4465, 8.8126 ], [ 35.4494, 8.8042 ], [ 35.446, 8.8009 ], [ 35.4452, 8.7917 ], [ 35.4422, 8.7913 ], [ 35.4434, 8.7878 ], [ 35.44, 8.7859 ], [ 35.4427, 8.7801 ], [ 35.4498, 8.7798 ], [ 35.4577, 8.7738 ], [ 35.4549, 8.7561 ], [ 35.4671, 8.7603 ], [ 35.4704, 8.7566 ], [ 35.4847, 8.7601 ], [ 35.4949, 8.7591 ], [ 35.4986, 8.756 ], [ 35.4961, 8.754 ], [ 35.5021, 8.7476 ], [ 35.5065, 8.7338 ], [ 35.5253, 8.7226 ], [ 35.5302, 8.7141 ], [ 35.5348, 8.7127 ], [ 35.5395, 8.7177 ], [ 35.5414, 8.7131 ], [ 35.5391, 8.7095 ], [ 35.5426, 8.7048 ], [ 35.5448, 8.7097 ], [ 35.5506, 8.71 ], [ 35.5624, 8.6947 ], [ 35.5679, 8.6996 ], [ 35.5747, 8.7003 ], [ 35.5812, 8.6958 ], [ 35.5847, 8.6882 ], [ 35.5975, 8.6944 ], [ 35.6184, 8.6873 ], [ 35.6192, 8.6835 ], [ 35.6238, 8.6862 ], [ 35.6326, 8.6809 ], [ 35.6319, 8.6865 ], [ 35.6374, 8.6881 ], [ 35.6405, 8.6975 ], [ 35.6546, 8.7022 ], [ 35.653, 8.7129 ], [ 35.6559, 8.7174 ], [ 35.6654, 8.7135 ], [ 35.6715, 8.718 ], [ 35.6801, 8.7139 ], [ 35.683, 8.7192 ], [ 35.6899, 8.7152 ], [ 35.6957, 8.7173 ], [ 35.7006, 8.7149 ], [ 35.7051, 8.719 ], [ 35.7122, 8.7169 ], [ 35.72, 8.7283 ], [ 35.7291, 8.727 ], [ 35.7403, 8.7343 ], [ 35.7519, 8.7268 ], [ 35.7541, 8.7173 ], [ 35.7478, 8.7167 ], [ 35.748, 8.7061 ], [ 35.7454, 8.7034 ], [ 35.7505, 8.6946 ], [ 35.7479, 8.6932 ], [ 35.7566, 8.6855 ], [ 35.7827, 8.6809 ], [ 35.7921, 8.6846 ], [ 35.8313, 8.6717 ], [ 35.839, 8.6771 ], [ 35.8545, 8.6778 ], [ 35.8589, 8.7006 ], [ 35.8686, 8.7009 ], [ 35.8753, 8.7081 ], [ 35.868, 8.7254 ], [ 35.8922, 8.7281 ], [ 35.8959, 8.7388 ], [ 35.9036, 8.7374 ], [ 35.9103, 8.7404 ], [ 35.9123, 8.7504 ], [ 35.9236, 8.754 ], [ 35.9206, 8.7611 ], [ 35.9248, 8.7721 ], [ 35.9226, 8.7793 ], [ 35.8902, 8.7872 ], [ 35.881, 8.7975 ], [ 35.8818, 8.8097 ], [ 35.8875, 8.8171 ], [ 35.8681, 8.8205 ], [ 35.8794, 8.8273 ], [ 35.8828, 8.8365 ], [ 35.8874, 8.8396 ], [ 35.906, 8.8298 ], [ 35.9205, 8.8299 ], [ 35.929, 8.8377 ], [ 35.9368, 8.8577 ], [ 35.9469, 8.865 ], [ 35.936, 8.8764 ], [ 35.9499, 8.8752 ], [ 35.9569, 8.8807 ], [ 35.9573, 8.8904 ], [ 35.964, 8.8923 ], [ 35.9711, 8.9087 ], [ 35.9777, 8.9142 ], [ 35.9872, 8.9136 ], [ 35.9914, 8.9085 ], [ 35.9977, 8.9108 ], [ 36.0068, 8.9091 ], [ 36.0089, 8.9059 ], [ 36.0173, 8.9078 ], [ 36.0186, 8.9192 ], [ 36.0155, 8.9227 ], [ 36.0202, 8.9302 ], [ 36.0175, 8.9345 ], [ 36.0248, 8.9447 ], [ 36.0236, 8.9528 ], [ 36.0345, 8.9605 ], [ 36.0343, 8.9684 ], [ 36.0427, 8.9736 ], [ 36.0428, 9.0062 ], [ 36.0447, 9.0122 ], [ 36.0478, 9.0104 ], [ 36.0511, 9.017 ], [ 36.0422, 9.015 ], [ 36.0424, 9.0322 ], [ 36.0281, 9.056 ], [ 36.034, 9.1074 ], [ 36.0536, 9.1194 ], [ 36.044, 9.1951 ], [ 36.0316, 9.2334 ], [ 35.9493, 9.2492 ], [ 35.9307, 9.2672 ], [ 35.9179, 9.2856 ], [ 35.9111, 9.316 ], [ 35.8599, 9.325 ], [ 35.8085, 9.3089 ], [ 35.7972, 9.3086 ], [ 35.774, 9.3243 ], [ 35.7567, 9.3236 ], [ 35.7506, 9.3311 ], [ 35.7492, 9.3486 ], [ 35.7552, 9.3648 ], [ 35.7501, 9.4031 ], [ 35.754, 9.4165 ], [ 35.7659, 9.4276 ], [ 35.7784, 9.4307 ], [ 35.7773, 9.4401 ], [ 35.765, 9.4734 ], [ 35.7529, 9.4817 ], [ 35.7319, 9.4815 ], [ 35.7108, 9.4868 ], [ 35.6865, 9.5104 ], [ 35.6714, 9.5172 ], [ 35.6475, 9.5533 ], [ 35.6436, 9.5946 ], [ 35.6505, 9.613 ], [ 35.6534, 9.6349 ], [ 35.6347, 9.6515 ], [ 35.5944, 9.656 ], [ 35.5785, 9.6655 ], [ 35.5611, 9.692 ], [ 35.5537, 9.6961 ], [ 35.5394, 9.6976 ], [ 35.534, 9.6964 ], [ 35.5333, 9.6904 ], [ 35.5051, 9.6887 ], [ 35.4684, 9.6704 ], [ 35.4554, 9.6722 ], [ 35.4108, 9.7137 ], [ 35.3894, 9.72 ], [ 35.3684, 9.7193 ], [ 35.3651, 9.7275 ], [ 35.3754, 9.75 ], [ 35.383, 9.759 ], [ 35.3788, 9.7654 ], [ 35.4196, 9.7851 ], [ 35.408, 9.7945 ], [ 35.3638, 9.813 ], [ 35.3498, 9.8661 ], [ 35.3251, 9.8845 ], [ 35.311, 9.9112 ], [ 35.2975, 9.9225 ], [ 35.2785, 9.9071 ], [ 35.2307, 9.8933 ], [ 35.2229, 9.9103 ], [ 35.2208, 9.9254 ], [ 35.1596, 9.9484 ], [ 35.0883, 9.9505 ], [ 35.0808, 9.939 ], [ 35.081, 9.9219 ], [ 35.0485, 9.9177 ], [ 35.0197, 9.9288 ], [ 35.015, 9.9952 ], [ 34.9882, 9.9968 ], [ 34.943, 9.9336 ], [ 34.9277, 9.9353 ], [ 34.9044, 9.9559 ], [ 34.8878, 9.9082 ], [ 34.8668, 9.9023 ], [ 34.8977, 9.8818 ], [ 34.8922, 9.8646 ], [ 34.8771, 9.8454 ], [ 34.8697, 9.8207 ], [ 34.8545, 9.8167 ], [ 34.8317, 9.8031 ], [ 34.7961, 9.7362 ], [ 34.81, 9.7022 ], [ 34.8109, 9.6301 ], [ 34.7921, 9.6033 ], [ 34.783, 9.5533 ], [ 34.7351, 9.5453 ], [ 34.632, 9.588 ], [ 34.5854, 9.6304 ], [ 34.5485, 9.6297 ], [ 34.5321, 9.5906 ], [ 34.5232, 9.5411 ], [ 34.4987, 9.5142 ], [ 34.513, 9.448 ], [ 34.4518, 9.4491 ], [ 34.4663, 9.3658 ], [ 34.4517, 9.3087 ], [ 34.4524, 9.2575 ], [ 34.4396, 9.2156 ], [ 34.4017, 9.1866 ], [ 34.3409, 9.1688 ], [ 34.379, 9.1306 ] ] ] } },
{ "type": "Feature", "properties": { "iso3": "ETH", "unit_id": "89294058B76059384412414", "unit_name": "East Wellega" }, "geometry": { "type": "Polygon", "coordinates": [ [ [ 36.6809, 10.3346 ], [ 36.6922, 10.2963 ], [ 36.6597, 10.277 ], [ 36.6106, 10.2592 ], [ 36.5747, 10.2642 ], [ 36.5758, 10.2792 ], [ 36.5545, 10.2851 ], [ 36.5451, 10.2693 ], [ 36.5224, 10.2504 ], [ 36.5155, 10.2399 ], [ 36.4909, 10.2343 ], [ 36.4454, 10.2458 ], [ 36.4162, 10.2168 ], [ 36.3953, 10.1871 ], [ 36.3694, 10.1617 ], [ 36.3323, 10.1384 ], [ 36.2719, 10.1131 ], [ 36.2679, 10.0885 ], [ 36.2589, 10.0785 ], [ 36.2189, 10.0532 ], [ 36.1846, 10.0497 ], [ 36.1399, 10.0097 ], [ 36.1206, 9.9716 ], [ 36.1198, 9.9613 ], [ 36.1522, 9.8664 ], [ 36.1523, 9.8489 ], [ 36.1282, 9.8522 ], [ 36.1365, 9.8074 ], [ 36.1053, 9.7733 ], [ 36.1434, 9.7578 ], [ 36.1591, 9.7469 ], [ 36.1619, 9.7305 ], [ 36.1775, 9.7013 ], [ 36.1919, 9.6879 ], [ 36.1926, 9.6585 ], [ 36.2008, 9.6149 ], [ 36.2291, 9.5798 ], [ 36.2318, 9.5703 ], [ 36.2663, 9.5687 ], [ 36.301, 9.5555 ], [ 36.336, 9.512 ], [ 36.3551, 9.4947 ], [ 36.3803, 9.4805 ], [ 36.4006, 9.511 ], [ 36.4612, 9.5281 ], [ 36.4944, 9.5094 ], [ 36.4987, 9.4729 ], [ 36.5149, 9.4441 ], [ 36.5073, 9.4193 ], [ 36.4836, 9.4052 ], [ 36.4752, 9.3946 ], [ 36.4841, 9.3679 ], [ 36.4614, 9.3572 ], [ 36.3747, 9.358 ], [ 36.3338, 9.3398 ], [ 36.3262, 9.3308 ], [ 36.319, 9.3059 ], [ 36.2955, 9.3017 ], [ 36.2896, 9.3215 ], [ 36.2751, 9.3438 ], [ 36.2702, 9.3284 ], [ 36.2532, 9.3018 ], [ 36.2184, 9.2971 ], [ 36.2146, 9.3324 ], [ 36.2343, 9.347 ], [ 36.2059, 9.3547 ], [ 36.1946, 9.3263 ], [ 36.1949, 9.289 ], [ 36.2263, 9.2717 ], [ 36.2289, 9.229 ], [ 36.2039, 9.1573 ], [ 36.1719, 9.1083 ], [ 36.1615, 9.1054 ], [ 36.1846, 9.072 ], [ 36.2077, 9.0672 ], [ 36.2358, 9.0509 ], [ 36.2465, 9.041 ], [ 36.2259, 9.031 ], [ 36.1768, 9.0445 ], [ 36.1671, 9.028 ], [ 36.1569, 9.0207 ], [ 36.1568, 9.014 ], [ 36.1509, 9.0142 ], [ 36.1487, 9.0038 ], [ 36.1561, 8.999 ], [ 36.1566, 8.9945 ], [ 36.1656, 8.9937 ], [ 36.1678, 8.9886 ], [ 36.1765, 8.9827 ], [ 36.179, 8.9863 ], [ 36.221, 8.9885 ], [ 36.2479, 8.9735 ], [ 36.2386, 8.9651 ], [ 36.2406, 8.9595 ], [ 36.2501, 8.9509 ], [ 36.2592, 8.9481 ], [ 36.2713, 8.9327 ], [ 36.2738, 8.9218 ], [ 36.2829, 8.9166 ], [ 36.2814, 8.9087 ], [ 36.2861, 8.9023 ], [ 36.2926, 8.9009 ], [ 36.2931, 8.8932 ], [ 36.3021, 8.8852 ], [ 36.3106, 8.8883 ], [ 36.3233, 8.8821 ], [ 36.3237, 8.8735 ], [ 36.3345, 8.8608 ], [ 36.3356, 8.8447 ], [ 36.3524, 8.8392 ], [ 36.352, 8.8332 ], [ 36.3453, 8.8263 ], [ 36.3521, 8.8196 ], [ 36.3516, 8.8071 ], [ 36.3663, 8.7929 ], [ 36.3771, 8.7924 ], [ 36.3829, 8.7611 ], [ 36.3887, 8.7576 ], [ 36.3911, 8.7486 ], [ 36.3975, 8.7467 ], [ 36.4084, 8.7331 ], [ 36.4044, 8.7228 ], [ 36.4052, 8.7131 ], [ 36.4202, 8.6745 ], [ 36.423, 8.6623 ], [ 36.4199, 8.6543 ], [ 36.4316, 8.6483 ], [ 36.4393, 8.64 ], [ 36.4407, 8.6267 ], [ 36.4599, 8.6154 ], [ 36.469, 8.6179 ], [ 36.4765, 8.6157 ], [ 36.4846, 8.6105 ], [ 36.4887, 8.6012 ], [ 36.5018, 8.6005 ], [ 36.5067, 8.5904 ], [ 36.518, 8.5938 ], [ 36.5245, 8.5918 ], [ 36.5287, 8.5758 ], [ 36.5364, 8.5688 ], [ 36.5335, 8.5627 ], [ 36.5365, 8.5592 ], [ 36.5538, 8.563 ], [ 36.5515, 8.5662 ], [ 36.5566, 8.575 ], [ 36.5666, 8.5701 ], [ 36.5879, 8.5775 ], [ 36.601, 8.5706 ], [ 36.6174, 8.5469 ], [ 36.6271, 8.5465 ], [ 36.6124, 8.5311 ], [ 36.6338, 8.5306 ], [ 36.6488, 8.5239 ], [ 36.6567, 8.5309 ], [ 36.6803, 8.5318 ], [ 36.6926, 8.5394 ], [ 36.7142, 8.5434 ], [ 36.7239, 8.5538 ], [ 36.7263, 8.5522 ], [ 36.724, 8.5452 ], [ 36.7363, 8.5455 ], [ 36.7481, 8.5587 ], [ 36.7488, 8.5692 ], [ 36.7578, 8.5766 ], [ 36.7604, 8.5921 ], [ 36.7579, 8.5983 ], [ 36.7687, 8.6181 ], [ 36.7925, 8.6402 ], [ 36.7961, 8.6486 ], [ 36.7938, 8.6543 ], [ 36.8189, 8.6631 ], [ 36.8259, 8.6626 ], [ 36.8423, 8.6724 ], [ 36.8523, 8.685 ], [ 36.8643, 8.6854 ], [ 36.8636, 8.6764 ], [ 36.8674, 8.6766 ], [ 36.8761, 8.6676 ], [ 36.8868, 8.6628 ], [ 36.8884, 8.6448 ], [ 36.8927, 8.6362 ], [ 36.899, 8.6336 ], [ 36.8987, 8.6272 ], [ 36.9146, 8.6252 ], [ 36.9178, 8.6162 ], [ 36.9292, 8.6161 ], [ 36.9381, 8.6096 ], [ 36.951, 8.6142 ], [ 36.9558, 8.627 ], [ 36.9625, 8.6339 ], [ 36.9754, 8.6321 ], [ 36.986, 8.6461 ], [ 36.9867, 8.661 ], [ 36.9905, 8.6677 ], [ 36.9877, 8.6912 ], [ 36.9932, 8.6983 ], [ 36.9923, 8.7057 ], [ 36.9995, 8.7233 ], [ 36.9976, 8.7332 ], [ 37.0037, 8.7374 ], [ 37.0192, 8.7595 ], [ 37.0126, 8.7775 ], [ 36.9994, 8.7803 ], [ 36.9935, 8.7739 ], [ 36.997, 8.7841 ], [ 36.9955, 8.7863 ], [ 36.9885, 8.7849 ], [ 36.9908, 8.7937 ], [ 36.9994, 8.7937 ], [ 37.0051, 8.8001 ], [ 37.0153, 8.8025 ], [ 37.0164, 8.8097 ], [ 37.0404, 8.8091 ], [ 37.0599, 8.8039 ], [ 37.0678, 8.8109 ], [ 37.0646, 8.8218 ], [ 37.0707, 8.841 ], [ 37.0796, 8.8592 ], [ 37.0892, 8.8697 ], [ 37.1162, 8.8644 ], [ 37.1189, 8.8683 ], [ 37.1337, 8.8687 ], [ 37.1473, 8.8593 ], [ 37.1529, 8.8706 ], [ 37.16, 8.8714 ], [ 37.1712, 8.8655 ], [ 37.1869, 8.8696 ], [ 37.1987, 8.88 ], [ 37.1994, 8.8851 ], [ 37.1969, 8.8946 ], [ 37.1895, 8.9 ], [ 37.1859, 8.899 ], [ 37.1852, 8.902 ], [ 37.1897, 8.9023 ], [ 37.1913, 8.9097 ], [ 37.1875, 8.9175 ], [ 37.194, 8.9234 ], [ 37.1733, 8.9203 ], [ 37.1636, 8.9255 ], [ 37.1604, 8.9314 ], [ 37.1529, 8.9319 ], [ 37.1516, 8.9288 ], [ 37.1513, 8.9344 ], [ 37.1446, 8.9421 ], [ 37.1491, 8.9618 ], [ 37.1474, 8.9668 ], [ 37.1385, 8.9612 ], [ 37.1345, 8.9711 ], [ 37.1274, 8.9777 ], [ 37.1284, 8.9801 ], [ 37.1139, 8.9847 ], [ 37.1109, 8.9889 ], [ 37.1054, 8.9868 ], [ 37.1017, 8.9891 ], [ 37.1006, 8.9847 ], [ 37.0933, 8.9921 ], [ 37.0921, 8.9879 ], [ 37.0867, 8.9851 ], [ 37.079, 8.989 ], [ 37.0738, 9.0009 ], [ 37.0698, 9.0001 ], [ 37.0658, 9.0035 ], [ 37.0591, 8.9989 ], [ 37.0522, 9.0112 ], [ 37.0381, 9.0166 ], [ 37.0221, 9.0379 ], [ 37.0219, 9.0487 ], [ 37.0271, 9.0542 ], [ 37.0317, 9.0719 ], [ 37.0301, 9.0818 ], [ 37.0349, 9.0836 ], [ 37.0444, 9.0766 ], [ 37.0501, 9.0784 ], [ 37.0568, 9.086 ], [ 37.0547, 9.089 ], [ 37.0568, 9.0929 ], [ 37.0524, 9.0986 ], [ 37.0536, 9.1159 ], [ 37.0486, 9.1282 ], [ 37.0365, 9.1399 ], [ 37.0353, 9.1469 ], [ 37.0372, 9.1586 ], [ 37.0526, 9.1695 ], [ 37.0557, 9.1771 ], [ 37.0552, 9.199 ], [ 37.0486, 9.2051 ], [ 37.0617, 9.2063 ], [ 37.0878, 9.2027 ], [ 37.0918, 9.1906 ], [ 37.0973, 9.1966 ], [ 37.1135, 9.1938 ], [ 37.1215, 9.1993 ], [ 37.1178, 9.2026 ], [ 37.1181, 9.2181 ], [ 37.1608, 9.251 ], [ 37.1543, 9.2532 ], [ 37.1583, 9.2567 ], [ 37.1565, 9.2679 ], [ 37.1255, 9.2859 ], [ 37.1133, 9.3077 ], [ 37.1049, 9.3107 ], [ 37.0882, 9.3024 ], [ 37.0773, 9.3293 ], [ 37.0675, 9.3218 ], [ 37.0642, 9.3292 ], [ 37.0657, 9.3382 ], [ 37.0726, 9.349 ], [ 37.0531, 9.3679 ], [ 37.0522, 9.3791 ], [ 37.0538, 9.3907 ], [ 37.0624, 9.4099 ], [ 37.0633, 9.4258 ], [ 37.0568, 9.4299 ], [ 37.0349, 9.4276 ], [ 37.036, 9.4482 ], [ 37.031, 9.4527 ], [ 37.0315, 9.4586 ], [ 37.0005, 9.4533 ], [ 36.9983, 9.449 ], [ 36.9837, 9.4533 ], [ 36.9809, 9.458 ], [ 36.964, 9.4583 ], [ 36.9552, 9.4706 ], [ 36.9436, 9.4615 ], [ 36.9405, 9.4496 ], [ 36.918, 9.4413 ], [ 36.9177, 9.4447 ], [ 36.914, 9.4442 ], [ 36.9056, 9.4548 ], [ 36.9092, 9.4627 ], [ 36.9077, 9.4661 ], [ 36.8996, 9.4684 ], [ 36.8976, 9.4633 ], [ 36.8929, 9.4644 ], [ 36.8894, 9.4798 ], [ 36.8838, 9.4881 ], [ 36.872, 9.4829 ], [ 36.8681, 9.4748 ], [ 36.8638, 9.4736 ], [ 36.861, 9.4778 ], [ 36.8297, 9.4613 ], [ 36.832, 9.4556 ], [ 36.8275, 9.4464 ], [ 36.8312, 9.4331 ], [ 36.8155, 9.4244 ], [ 36.8075, 9.4246 ], [ 36.7952, 9.4119 ], [ 36.775, 9.412 ], [ 36.7714, 9.4161 ], [ 36.7615, 9.4137 ], [ 36.7595, 9.4199 ], [ 36.7542, 9.4238 ], [ 36.7337, 9.4166 ], [ 36.7217, 9.4396 ], [ 36.7141, 9.4439 ], [ 36.7064, 9.4437 ], [ 36.7047, 9.4568 ], [ 36.694, 9.4635 ], [ 36.6925, 9.4679 ], [ 36.6867, 9.4663 ], [ 36.6849, 9.4716 ], [ 36.6815, 9.4699 ], [ 36.6812, 9.4786 ], [ 36.6761, 9.4839 ], [ 36.6786, 9.4876 ], [ 36.6617, 9.506 ], [ 36.6617, 9.5155 ], [ 36.6667, 9.5215 ], [ 36.6618, 9.5282 ], [ 36.6712, 9.5441 ], [ 36.665, 9.549 ], [ 36.663, 9.5566 ], [ 36.663, 9.564 ], [ 36.669, 9.5708 ], [ 36.6664, 9.5864 ], [ 36.6744, 9.5958 ], [ 36.6743, 9.5997 ], [ 36.6798, 9.6029 ], [ 36.6795, 9.6103 ], [ 36.6739, 9.6212 ], [ 36.6766, 9.6278 ], [ 36.6732, 9.634 ], [ 36.6753, 9.6406 ], [ 36.6894, 9.6534 ], [ 36.6914, 9.6735 ], [ 36.7003, 9.6751 ], [ 36.7024, 9.6797 ], [ 36.7219, 9.689 ], [ 36.7333, 9.6878 ], [ 36.7485, 9.6928 ], [ 36.7637, 9.6885 ], [ 36.7688, 9.6969 ], [ 36.7729, 9.6969 ], [ 36.7738, 9.7018 ], [ 36.7825, 9.7084 ], [ 36.7852, 9.7227 ], [ 36.7812, 9.7329 ], [ 36.7763, 9.7338 ], [ 36.7754, 9.7417 ], [ 36.7862, 9.742 ], [ 36.7914, 9.7598 ], [ 36.7988, 9.7563 ], [ 36.811, 9.7696 ], [ 36.8201, 9.7701 ], [ 36.8219, 9.7746 ], [ 36.8319, 9.773 ], [ 36.8348, 9.7676 ], [ 36.8462, 9.7674 ], [ 36.8538, 9.7765 ], [ 36.8571, 9.7746 ], [ 36.8646, 9.7785 ], [ 36.8666, 9.7755 ], [ 36.8758, 9.7796 ], [ 36.8741, 9.785 ], [ 36.8803, 9.7939 ], [ 36.8861, 9.7897 ], [ 36.8894, 9.7962 ], [ 36.8963, 9.7966 ], [ 36.9068, 9.8084 ], [ 36.913, 9.8044 ], [ 36.9177, 9.8085 ], [ 36.9223, 9.8208 ], [ 36.9174, 9.8329 ], [ 36.911, 9.835 ], [ 36.9132, 9.839 ], [ 36.9098, 9.8418 ], [ 36.9125, 9.8432 ], [ 36.9046, 9.8499 ], [ 36.9075, 9.8511 ], [ 36.9062, 9.8547 ], [ 36.9152, 9.859 ], [ 36.9076, 9.8672 ], [ 36.9129, 9.8717 ], [ 36.9129, 9.8771 ], [ 36.9087, 9.8814 ], [ 36.9145, 9.8958 ], [ 36.9069, 9.8961 ], [ 36.9134, 9.9022 ], [ 36.9191, 9.8992 ], [ 36.9193, 9.9111 ], [ 36.929, 9.9171 ], [ 36.9191, 9.9194 ], [ 36.9074, 9.9077 ], [ 36.9076, 9.904 ], [ 36.8965, 9.9154 ], [ 36.9026, 9.9279 ], [ 36.9179, 9.9453 ], [ 36.92, 9.9545 ], [ 36.915, 9.9619 ], [ 36.901, 9.9655 ], [ 36.9011, 9.9725 ], [ 36.8941, 9.9775 ], [ 36.8998, 9.986 ], [ 36.9054, 9.9861 ], [ 36.9017, 9.9903 ], [ 36.9032, 9.9937 ], [ 36.913, 9.9928 ], [ 36.9118, 9.9991 ], [ 36.9171, 10.0036 ], [ 36.9134, 10.0062 ], [ 36.912, 10.0168 ], [ 36.9067, 10.0148 ], [ 36.9017, 10.0181 ], [ 36.8936, 10.0177 ], [ 36.898, 10.03 ], [ 36.8967, 10.0395 ], [ 36.9, 10.0443 ], [ 36.8969, 10.0492 ], [ 36.9005, 10.0587 ], [ 36.8951, 10.0647 ], [ 36.8968, 10.0895 ], [ 36.891, 10.0924 ], [ 36.8915, 10.1034 ], [ 36.8879, 10.1029 ], [ 36.8867, 10.0979 ], [ 36.8861, 10.1019 ], [ 36.8878, 10.1088 ], [ 36.8963, 10.1161 ], [ 36.8979, 10.1256 ], [ 36.8936, 10.1309 ], [ 36.8973, 10.1333 ], [ 36.8909, 10.1383 ], [ 36.8905, 10.1535 ], [ 36.8866, 10.1628 ], [ 36.8783, 10.1591 ], [ 36.8741, 10.1678 ], [ 36.8705, 10.1665 ], [ 36.8631, 10.1707 ], [ 36.8657, 10.1768 ], [ 36.8571, 10.1762 ], [ 36.8475, 10.1832 ], [ 36.8533, 10.185 ], [ 36.8526, 10.19 ], [ 36.8573, 10.1906 ], [ 36.8564, 10.1961 ], [ 36.8595, 10.1985 ], [ 36.8555, 10.2013 ], [ 36.8599, 10.2036 ], [ 36.8618, 10.2111 ], [ 36.8609, 10.2296 ], [ 36.8659, 10.2336 ], [ 36.8631, 10.2411 ], [ 36.8656, 10.242 ], [ 36.8654, 10.2503 ], [ 36.851, 10.2591 ], [ 36.8517, 10.2687 ], [ 36.8463, 10.2754 ], [ 36.8463, 10.2824 ], [ 36.8375, 10.2879 ], [ 36.8356, 10.3158 ], [ 36.8305, 10.3189 ], [ 36.8312, 10.324 ], [ 36.8256, 10.3342 ], [ 36.819, 10.3339 ], [ 36.8153, 10.3403 ], [ 36.8066, 10.3354 ], [ 36.792, 10.3434 ], [ 36.7766, 10.346 ], [ 36.7618, 10.3673 ], [ 36.7524, 10.366 ], [ 36.7457, 10.36 ], [ 36.7314, 10.3614 ], [ 36.718, 10.3579 ], [ 36.6917, 10.3573 ], [ 36.6881, 10.345 ], [ 36.6809, 10.3346 ] ] ] } },
{ "type": "Feature", "properties": { "iso3": "ETH", "unit_id": "89294058B23018069443386", "unit_name": "Ilu Aba Bora" }, "geometry": { "type": "Polygon", "coordinates": [ [ [ 35.4401, 8.8221 ], [ 35.4285, 8.8249 ], [ 35.4107, 8.8142 ], [ 35.41, 8.8067 ], [ 35.4001, 8.8004 ], [ 35.4098, 8.796 ], [ 35.4062, 8.7907 ], [ 35.4093, 8.7757 ], [ 35.3872, 8.7697 ], [ 35.3782, 8.7583 ], [ 35.3726, 8.7589 ], [ 35.3729, 8.7505 ], [ 35.364, 8.7479 ], [ 35.3621, 8.7377 ], [ 35.3511, 8.7373 ], [ 35.3478, 8.7418 ], [ 35.3083, 8.7479 ], [ 35.2982, 8.7367 ], [ 35.2883, 8.7371 ], [ 35.2829, 8.7329 ], [ 35.2801, 8.7444 ], [ 35.2748, 8.7468 ], [ 35.2731, 8.7531 ], [ 35.2548, 8.7559 ], [ 35.2514, 8.7548 ], [ 35.2509, 8.7444 ], [ 35.2427, 8.7391 ], [ 35.2424, 8.7306 ], [ 35.2342, 8.7217 ], [ 35.2321, 8.7287 ], [ 35.2264, 8.7312 ], [ 35.226, 8.7474 ], [ 35.2148, 8.7568 ], [ 35.2048, 8.7316 ], [ 35.1956, 8.7289 ], [ 35.1948, 8.7234 ], [ 35.1783, 8.7199 ], [ 35.1721, 8.7104 ], [ 35.16, 8.7072 ], [ 35.1422, 8.6835 ], [ 35.144, 8.6672 ], [ 35.1314, 8.6667 ], [ 35.124, 8.6625 ], [ 35.1119, 8.6344 ], [ 35.1157, 8.6145 ], [ 35.12, 8.6127 ], [ 35.1208, 8.607 ], [ 35.1306, 8.6032 ], [ 35.1355, 8.5937 ], [ 35.1421, 8.5928 ], [ 35.1419, 8.5859 ], [ 35.1648, 8.5799 ], [ 35.1687, 8.5714 ], [ 35.1815, 8.5627 ], [ 35.1822, 8.5559 ], [ 35.2006, 8.5404 ], [ 35.1894, 8.5405 ], [ 35.1881, 8.5194 ], [ 35.177, 8.5082 ], [ 35.1697, 8.5113 ], [ 35.166, 8.5073 ], [ 35.1392, 8.5064 ], [ 35.1152, 8.4983 ], [ 35.0745, 8.5091 ], [ 35.0684, 8.5182 ], [ 35.0613, 8.5209 ], [ 35.0501, 8.5208 ], [ 35.042, 8.5123 ], [ 35.0357, 8.5154 ], [ 35.0307, 8.5105 ], [ 35.0297, 8.4948 ], [ 35.0177, 8.4876 ], [ 35.0092, 8.4895 ], [ 35.0001, 8.4867 ], [ 34.9924, 8.4575 ], [ 34.979, 8.4445 ], [ 34.9714, 8.4196 ], [ 34.9741, 8.4117 ], [ 34.9645, 8.4019 ], [ 34.9652, 8.3838 ], [ 34.9573, 8.3724 ], [ 34.953, 8.3477 ], [ 34.959, 8.3384 ], [ 34.9687, 8.3405 ], [ 34.982, 8.3277 ], [ 34.977, 8.3101 ], [ 34.9793, 8.3024 ], [ 34.9771, 8.2908 ], [ 34.9652, 8.2654 ], [ 34.9689, 8.2619 ], [ 34.965, 8.2472 ], [ 35.0183, 8.2196 ], [ 35.0732, 8.2202 ], [ 35.1189, 8.2006 ], [ 35.1381, 8.1818 ], [ 35.1577, 8.1367 ], [ 35.1433, 8.1429 ], [ 35.1039, 8.1151 ], [ 35.0891, 8.1139 ], [ 35.1179, 8.0826 ], [ 35.1407, 8.0217 ], [ 35.141, 7.989 ], [ 35.1086, 7.9571 ], [ 35.0483, 7.9544 ], [ 35.0085, 7.9235 ], [ 35.0131, 7.8825 ], [ 35.0006, 7.8623 ], [ 34.9507, 7.8903 ], [ 34.9443, 7.8794 ], [ 34.9323, 7.828 ], [ 34.9371, 7.7648 ], [ 34.932, 7.7282 ], [ 34.9955, 7.748 ], [ 35.0771, 7.731 ], [ 35.116, 7.6451 ], [ 35.1729, 7.6542 ], [ 35.2123, 7.6515 ], [ 35.2203, 7.6626 ], [ 35.2227, 7.7031 ], [ 35.2479, 7.7265 ], [ 35.2756, 7.746 ], [ 35.2899, 7.7472 ], [ 35.293, 7.7519 ], [ 35.3249, 7.7653 ], [ 35.3409, 7.7766 ], [ 35.342, 7.8214 ], [ 35.3499, 7.8349 ], [ 35.3581, 7.843 ], [ 35.372, 7.8325 ], [ 35.3891, 7.827 ], [ 35.4006, 7.8296 ], [ 35.4287, 7.8808 ], [ 35.4335, 7.8828 ], [ 35.4597, 7.8725 ], [ 35.4743, 7.8735 ], [ 35.4902, 7.8826 ], [ 35.4972, 7.8803 ], [ 35.5207, 7.8956 ], [ 35.5305, 7.88 ], [ 35.5362, 7.8494 ], [ 35.5444, 7.831 ], [ 35.5546, 7.8202 ], [ 35.5702, 7.8129 ], [ 35.5915, 7.8087 ], [ 35.6062, 7.8096 ], [ 35.6183, 7.8147 ], [ 35.6937, 7.8644 ], [ 35.7164, 7.8555 ], [ 35.7395, 7.8666 ], [ 35.7621, 7.8826 ], [ 35.7997, 7.9326 ], [ 35.7999, 7.9407 ], [ 35.7953, 7.948 ], [ 35.7825, 7.954 ], [ 35.7674, 7.9691 ], [ 35.7385, 7.9888 ], [ 35.7229, 8.0225 ], [ 35.728, 8.0396 ], [ 35.744, 8.0509 ], [ 35.7533, 8.0678 ], [ 35.7658, 8.0812 ], [ 35.7981, 8.0791 ], [ 35.8163, 8.0824 ], [ 35.8609, 8.0772 ], [ 35.8727, 8.0588 ], [ 35.884, 8.0165 ], [ 35.9289, 8.0168 ], [ 35.9281, 8.0214 ], [ 35.93, 8.0172 ], [ 35.9792, 8.0343 ], [ 36.0183, 8.0752 ], [ 36.0586, 8.1472 ], [ 36.066, 8.1536 ], [ 36.0666, 8.1477 ], [ 36.0702, 8.1501 ], [ 36.0698, 8.1583 ], [ 36.081, 8.1739 ], [ 36.0813, 8.1784 ], [ 36.0741, 8.1834 ], [ 36.0742, 8.1919 ], [ 36.0697, 8.1963 ], [ 36.0757, 8.2071 ], [ 36.0697, 8.2112 ], [ 36.0669, 8.2383 ], [ 36.0714, 8.244 ], [ 36.0726, 8.255 ], [ 36.0803, 8.2586 ], [ 36.0842, 8.27 ], [ 36.0825, 8.2772 ], [ 36.0861, 8.284 ], [ 36.0873, 8.316 ], [ 36.0693, 8.3302 ], [ 36.045, 8.3372 ], [ 36.0223, 8.3831 ], [ 36.0093, 8.3965 ], [ 36.0045, 8.3965 ], [ 36.0007, 8.4028 ], [ 36.0078, 8.4105 ], [ 36.0031, 8.4158 ], [ 36.0051, 8.4274 ], [ 36.0005, 8.4346 ], [ 36.006, 8.4442 ], [ 36.0044, 8.4497 ], [ 35.9957, 8.4478 ], [ 35.9916, 8.4423 ], [ 35.9942, 8.4652 ], [ 35.9983, 8.4667 ], [ 35.9984, 8.4714 ], [ 35.997, 8.4828 ], [ 35.9927, 8.4845 ], [ 35.987, 8.4957 ], [ 35.9912, 8.5047 ], [ 35.9872, 8.5201 ], [ 35.9892, 8.5272 ], [ 35.9935, 8.5275 ], [ 35.9802, 8.5495 ], [ 35.9924, 8.5691 ], [ 35.9879, 8.6015 ], [ 35.9795, 8.6141 ], [ 35.9806, 8.6328 ], [ 35.9445, 8.6297 ], [ 35.9408, 8.6455 ], [ 35.9076, 8.6738 ], [ 35.9009, 8.6762 ], [ 35.8939, 8.6732 ], [ 35.8899, 8.6672 ], [ 35.8791, 8.6664 ], [ 35.8567, 8.6802 ], [ 35.8545, 8.6778 ], [ 35.839, 8.6771 ], [ 35.8313, 8.6717 ], [ 35.7921, 8.6846 ], [ 35.7827, 8.6809 ], [ 35.7566, 8.6855 ], [ 35.7479, 8.6932 ], [ 35.7505, 8.6946 ], [ 35.7454, 8.7034 ], [ 35.748, 8.7061 ], [ 35.7478, 8.7167 ], [ 35.7541, 8.7173 ], [ 35.7519, 8.7268 ], [ 35.7403, 8.7343 ], [ 35.7291, 8.727 ], [ 35.72, 8.7283 ], [ 35.7122, 8.7169 ], [ 35.7051, 8.719 ], [ 35.7006, 8.7149 ], [ 35.6957, 8.7173 ], [ 35.6899, 8.7152 ], [ 35.683, 8.7192 ], [ 35.6801, 8.7139 ], [ 35.6715, 8.718 ], [ 35.6654, 8.7135 ], [ 35.6559, 8.7174 ], [ 35.653, 8.7129 ], [ 35.6546, 8.7022 ], [ 35.6405, 8.6975 ], [ 35.6374, 8.6881 ], [ 35.6319, 8.6865 ], [ 35.6326, 8.6809 ], [ 35.6238, 8.6862 ], [ 35.6192, 8.6835 ], [ 35.6184, 8.6873 ], [ 35.5975, 8.6944 ], [ 35.5847, 8.6882 ], [ 35.5812, 8.6958 ], [ 35.5747, 8.7003 ], [ 35.5679, 8.6996 ], [ 35.5624, 8.6947 ], [ 35.5542, 8.7084 ], [ 35.5448, 8.7097 ], [ 35.5426, 8.7048 ], [ 35.5391, 8.7095 ], [ 35.5414, 8.7131 ], [ 35.5395, 8.7177 ], [ 35.5348, 8.7127 ], [ 35.5302, 8.7141 ], [ 35.5253, 8.7226 ], [ 35.5065, 8.7338 ], [ 35.5021, 8.7476 ], [ 35.4961, 8.754 ], [ 35.4986, 8.756 ], [ 35.4949, 8.7591 ], [ 35.4847, 8.7601 ], [ 35.4704, 8.7566 ], [ 35.4671, 8.7603 ], [ 35.4549, 8.7561 ], [ 35.4577, 8.7738 ], [ 35.4498, 8.7798 ], [ 35.4427, 8.7801 ], [ 35.44, 8.7859 ], [ 35.4434, 8.7878 ], [ 35.4422, 8.7913 ], [ 35.4452, 8.7917 ], [ 35.446, 8.8009 ], [ 35.4494, 8.8042 ], [ 35.4401, 8.8221 ] ] ] } },
{ "type": "Feature", "properties": { "iso3": "ETH", "unit_id": "89294058B53029499677910", "unit_name": "Jimma" }, "geometry": { "type": "Polygon", "coordinates": [ [ [ 36.6606, 8.5313 ], [ 36.6707, 8.5179 ], [ 36.6694, 8.5073 ], [ 36.6784, 8.5098 ], [ 36.6841, 8.495 ], [ 36.6906, 8.4932 ], [ 36.6981, 8.4853 ], [ 36.6965, 8.4753 ], [ 36.6999, 8.4702 ], [ 36.7089, 8.4699 ], [ 36.7224, 8.4634 ], [ 36.7237, 8.4536 ], [ 36.7189, 8.4403 ], [ 36.727, 8.4322 ], [ 36.7216, 8.4163 ], [ 36.731, 8.4143 ], [ 36.7308, 8.4015 ], [ 36.7391, 8.3968 ], [ 36.7306, 8.3882 ], [ 36.7362, 8.3793 ], [ 36.7344, 8.3606 ], [ 36.7387, 8.3553 ], [ 36.7372, 8.3445 ], [ 36.7431, 8.3396 ], [ 36.7413, 8.3333 ], [ 36.7455, 8.3254 ], [ 36.7411, 8.3171 ], [ 36.7431, 8.3101 ], [ 36.7411, 8.3048 ], [ 36.7497, 8.2968 ], [ 36.7518, 8.29 ], [ 36.7437, 8.2702 ], [ 36.7587, 8.2657 ], [ 36.7617, 8.2617 ], [ 36.7604, 8.2553 ], [ 36.772, 8.2595 ], [ 36.7848, 8.2552 ], [ 36.7922, 8.2596 ], [ 36.7943, 8.2577 ], [ 36.7967, 8.2455 ], [ 36.7896, 8.2298 ], [ 36.7915, 8.2263 ], [ 36.7999, 8.2237 ], [ 36.7969, 8.2157 ], [ 36.8056, 8.1979 ], [ 36.8039, 8.188 ], [ 36.8088, 8.1788 ], [ 36.8157, 8.1781 ], [ 36.8189, 8.155 ], [ 36.8264, 8.1399 ], [ 36.8253, 8.1256 ], [ 36.816, 8.1184 ], [ 36.8057, 8.1155 ], [ 36.8037, 8.1053 ], [ 36.7993, 8.1041 ], [ 36.7978, 8.0981 ], [ 36.7878, 8.0947 ], [ 36.7888, 8.1164 ], [ 36.7849, 8.117 ], [ 36.775, 8.1087 ], [ 36.7702, 8.1129 ], [ 36.7659, 8.111 ], [ 36.7612, 8.1072 ], [ 36.7577, 8.0958 ], [ 36.7564, 8.1033 ], [ 36.7492, 8.0938 ], [ 36.7497, 8.0814 ], [ 36.7431, 8.0747 ], [ 36.7453, 8.0675 ], [ 36.741, 8.058 ], [ 36.732, 8.0598 ], [ 36.7232, 8.0555 ], [ 36.7214, 8.0607 ], [ 36.716, 8.0592 ], [ 36.7127, 8.0672 ], [ 36.7099, 8.0649 ], [ 36.7053, 8.0679 ], [ 36.6993, 8.064 ], [ 36.6921, 8.0721 ], [ 36.6895, 8.0645 ], [ 36.6868, 8.0667 ], [ 36.6845, 8.0636 ], [ 36.6641, 8.0593 ], [ 36.6673, 8.0538 ], [ 36.6601, 8.0445 ], [ 36.6578, 8.038 ], [ 36.66, 8.035 ], [ 36.6482, 8.031 ], [ 36.642, 8.0215 ], [ 36.6462, 8.0073 ], [ 36.6425, 8.0071 ], [ 36.6407, 7.9958 ], [ 36.6286, 7.9964 ], [ 36.6233, 7.993 ], [ 36.6121, 7.9982 ], [ 36.6074, 7.9945 ], [ 36.5996, 7.9969 ], [ 36.5881, 7.9951 ], [ 36.5828, 8.0039 ], [ 36.589, 8.0068 ], [ 36.592, 8.0173 ], [ 36.5985, 8.0195 ], [ 36.6021, 8.0318 ], [ 36.5934, 8.0377 ], [ 36.5839, 8.0581 ], [ 36.5738, 8.0608 ], [ 36.5677, 8.0662 ], [ 36.5647, 8.0622 ], [ 36.5534, 8.0618 ], [ 36.5356, 8.0686 ], [ 36.5311, 8.0554 ], [ 36.4982, 8.0557 ], [ 36.4793, 8.0447 ], [ 36.4509, 8.0534 ], [ 36.4228, 8.0502 ], [ 36.4095, 8.0555 ], [ 36.4048, 8.065 ], [ 36.3916, 8.0762 ], [ 36.3975, 8.0846 ], [ 36.3968, 8.0927 ], [ 36.376, 8.1029 ], [ 36.3673, 8.1141 ], [ 36.3682, 8.1264 ], [ 36.3729, 8.1301 ], [ 36.3618, 8.1364 ], [ 36.356, 8.1354 ], [ 36.3475, 8.1329 ], [ 36.3458, 8.1224 ], [ 36.3358, 8.1178 ], [ 36.327, 8.1183 ], [ 36.3248, 8.1241 ], [ 36.3209, 8.1242 ], [ 36.3147, 8.1309 ], [ 36.3153, 8.1376 ], [ 36.3107, 8.1404 ], [ 36.3083, 8.1478 ], [ 36.2881, 8.153 ], [ 36.2862, 8.1775 ], [ 36.2812, 8.1734 ], [ 36.2672, 8.1778 ], [ 36.2657, 8.1834 ], [ 36.2721, 8.1923 ], [ 36.272, 8.2007 ], [ 36.2824, 8.2271 ], [ 36.272, 8.2425 ], [ 36.2546, 8.2485 ], [ 36.2469, 8.2577 ], [ 36.234, 8.2359 ], [ 36.189, 8.2323 ], [ 36.1707, 8.2273 ], [ 36.1596, 8.2167 ], [ 36.1476, 8.2265 ], [ 36.1204, 8.2302 ], [ 36.1066, 8.2387 ], [ 36.096, 8.2405 ], [ 36.087, 8.2625 ], [ 36.0827, 8.2652 ], [ 36.0803, 8.2586 ], [ 36.0726, 8.255 ], [ 36.0714, 8.244 ], [ 36.0669, 8.2383 ], [ 36.0697, 8.2112 ], [ 36.0757, 8.2071 ], [ 36.0697, 8.1963 ], [ 36.0742, 8.1919 ], [ 36.0741, 8.1834 ], [ 36.0813, 8.1784 ], [ 36.081, 8.1739 ], [ 36.0698, 8.1583 ], [ 36.0702, 8.1501 ], [ 36.0666, 8.1477 ], [ 36.066, 8.1536 ], [ 36.0586, 8.1472 ], [ 36.0183, 8.0752 ], [ 35.9792, 8.0343 ], [ 35.93, 8.0172 ], [ 35.9281, 8.0214 ], [ 35.9289, 8.0168 ], [ 35.884, 8.0165 ], [ 35.9051, 7.946 ], [ 35.9024, 7.9262 ], [ 35.8869, 7.8925 ], [ 35.8591, 7.8601 ], [ 35.8486, 7.839 ], [ 35.9416, 7.7739 ], [ 35.9864, 7.7547 ], [ 35.9972, 7.7451 ], [ 36.0206, 7.692 ], [ 36.0419, 7.6744 ], [ 36.0519, 7.6539 ], [ 36.0325, 7.5915 ], [ 36.0353, 7.5726 ], [ 36.0451, 7.5655 ], [ 36.0622, 7.5575 ], [ 36.0869, 7.5539 ], [ 36.1276, 7.5556 ], [ 36.1566, 7.5426 ], [ 36.2247, 7.4844 ], [ 36.2795, 7.4633 ], [ 36.3018, 7.4499 ], [ 36.3487, 7.4454 ], [ 36.3746, 7.4156 ], [ 36.4063, 7.4085 ], [ 36.4532, 7.4174 ], [ 36.4839, 7.416 ], [ 36.5983, 7.369 ], [ 36.606, 7.3684 ], [ 36.6228, 7.3792 ], [ 36.633, 7.3779 ], [ 36.6517, 7.345 ], [ 36.6726, 7.328 ], [ 36.7199, 7.2985 ], [ 36.7625, 7.2659 ], [ 36.7911, 7.2523 ], [ 36.8409, 7.326 ], [ 36.8792, 7.3297 ], [ 36.9555, 7.2605 ], [ 36.9658, 7.2419 ], [ 36.9647, 7.225 ], [ 37.0395, 7.24 ], [ 37.1048, 7.2245 ], [ 37.1286, 7.2284 ], [ 37.1542, 7.2407 ], [ 37.2116, 7.2927 ], [ 37.2378, 7.3121 ], [ 37.2623, 7.3254 ], [ 37.2876, 7.3344 ], [ 37.3312, 7.3434 ], [ 37.3312, 7.3497 ], [ 37.3566, 7.3609 ], [ 37.3797, 7.38 ], [ 37.3903, 7.4024 ], [ 37.4072, 7.4922 ], [ 37.4387, 7.5461 ], [ 37.4451, 7.5643 ], [ 37.4354, 7.5841 ], [ 37.4198, 7.6338 ], [ 37.407, 7.6576 ], [ 37.4012, 7.6827 ], [ 37.4, 7.7411 ], [ 37.4048, 7.8273 ], [ 37.4118, 7.8539 ], [ 37.4344, 7.8981 ], [ 37.4367, 7.9185 ], [ 37.4166, 7.9436 ], [ 37.3898, 7.962 ], [ 37.3877, 7.9744 ], [ 37.3918, 7.9929 ], [ 37.4041, 7.9936 ], [ 37.4167, 8.0012 ], [ 37.4596, 8.0077 ], [ 37.4908, 8.0171 ], [ 37.5017, 8.0118 ], [ 37.514, 7.9997 ], [ 37.5217, 7.9771 ], [ 37.5393, 7.9539 ], [ 37.5575, 7.9483 ], [ 37.6028, 7.9649 ], [ 37.6016, 8.0107 ], [ 37.5918, 8.074 ], [ 37.5921, 8.0931 ], [ 37.6058, 8.1504 ], [ 37.6239, 8.2 ], [ 37.6217, 8.209 ], [ 37.6153, 8.2115 ], [ 37.618, 8.2234 ], [ 37.6142, 8.2281 ], [ 37.6058, 8.2292 ], [ 37.6018, 8.2346 ], [ 37.5958, 8.23 ], [ 37.5879, 8.2351 ], [ 37.5776, 8.2321 ], [ 37.568, 8.2398 ], [ 37.5503, 8.2445 ], [ 37.5477, 8.2496 ], [ 37.538, 8.2514 ], [ 37.5291, 8.2658 ], [ 37.5063, 8.2544 ], [ 37.4809, 8.2586 ], [ 37.472, 8.2661 ], [ 37.4641, 8.2824 ], [ 37.4642, 8.3173 ], [ 37.4565, 8.3214 ], [ 37.4549, 8.3344 ], [ 37.4403, 8.3434 ], [ 37.4358, 8.3362 ], [ 37.4311, 8.3351 ], [ 37.423, 8.3447 ], [ 37.4231, 8.3586 ], [ 37.4139, 8.3672 ], [ 37.412, 8.373 ], [ 37.402, 8.377 ], [ 37.3999, 8.3832 ], [ 37.3864, 8.3884 ], [ 37.3913, 8.3976 ], [ 37.3911, 8.4049 ], [ 37.3858, 8.4098 ], [ 37.3883, 8.4141 ], [ 37.3825, 8.4238 ], [ 37.3745, 8.4258 ], [ 37.3756, 8.4352 ], [ 37.3658, 8.4514 ], [ 37.3633, 8.4681 ], [ 37.3535, 8.4794 ], [ 37.3421, 8.479 ], [ 37.3386, 8.4937 ], [ 37.3241, 8.5061 ], [ 37.3225, 8.5147 ], [ 37.3149, 8.5226 ], [ 37.3125, 8.5407 ], [ 37.303, 8.5631 ], [ 37.2905, 8.5705 ], [ 37.2819, 8.5864 ], [ 37.258, 8.5916 ], [ 37.2556, 8.6009 ], [ 37.2483, 8.6104 ], [ 37.2392, 8.5979 ], [ 37.2213, 8.5997 ], [ 37.2153, 8.6039 ], [ 37.2085, 8.6116 ], [ 37.2029, 8.6256 ], [ 37.1753, 8.6458 ], [ 37.1726, 8.6625 ], [ 37.1763, 8.6658 ], [ 37.1737, 8.6749 ], [ 37.176, 8.683 ], [ 37.1728, 8.6907 ], [ 37.1701, 8.6922 ], [ 37.1628, 8.6875 ], [ 37.1584, 8.691 ], [ 37.1554, 8.687 ], [ 37.1379, 8.6891 ], [ 37.1381, 8.6977 ], [ 37.1423, 8.7011 ], [ 37.1377, 8.7074 ], [ 37.1427, 8.7166 ], [ 37.1399, 8.7195 ], [ 37.1465, 8.7214 ], [ 37.1511, 8.7355 ], [ 37.1475, 8.7401 ], [ 37.1546, 8.742 ], [ 37.1586, 8.7472 ], [ 37.1616, 8.7436 ], [ 37.1691, 8.7433 ], [ 37.1793, 8.748 ], [ 37.1815, 8.7523 ], [ 37.1793, 8.7643 ], [ 37.19, 8.7655 ], [ 37.1897, 8.7693 ], [ 37.2043, 8.7804 ], [ 37.2018, 8.7826 ], [ 37.2042, 8.79 ], [ 37.2021, 8.7968 ], [ 37.2101, 8.8044 ], [ 37.2008, 8.8088 ], [ 37.2114, 8.8229 ], [ 37.2131, 8.8301 ], [ 37.2062, 8.8375 ], [ 37.2, 8.839 ], [ 37.1986, 8.8455 ], [ 37.2147, 8.8674 ], [ 37.208, 8.8782 ], [ 37.203, 8.8741 ], [ 37.1987, 8.88 ], [ 37.1787, 8.8663 ], [ 37.1529, 8.8706 ], [ 37.1473, 8.8593 ], [ 37.1337, 8.8687 ], [ 37.1189, 8.8683 ], [ 37.1162, 8.8644 ], [ 37.0892, 8.8697 ], [ 37.0796, 8.8592 ], [ 37.0707, 8.841 ], [ 37.0646, 8.8218 ], [ 37.0678, 8.8109 ], [ 37.0599, 8.8039 ], [ 37.0404, 8.8091 ], [ 37.0164, 8.8097 ], [ 37.0153, 8.8025 ], [ 37.0051, 8.8001 ], [ 36.9994, 8.7937 ], [ 36.9908, 8.7937 ], [ 36.9885, 8.7849 ], [ 36.9955, 8.7863 ], [ 36.997, 8.7841 ], [ 36.9935, 8.7739 ], [ 36.9994, 8.7803 ], [ 37.0126, 8.7775 ], [ 37.0192, 8.7595 ], [ 37.0037, 8.7374 ], [ 36.9976, 8.7332 ], [ 36.9995, 8.7233 ], [ 36.9923, 8.7057 ], [ 36.9932, 8.6983 ], [ 36.9877, 8.6912 ], [ 36.9905, 8.6677 ], [ 36.9867, 8.661 ], [ 36.986, 8.6461 ], [ 36.9754, 8.6321 ], [ 36.9625, 8.6339 ], [ 36.9558, 8.627 ], [ 36.951, 8.6142 ], [ 36.9381, 8.6096 ], [ 36.9292, 8.6161 ], [ 36.9178, 8.6162 ], [ 36.9146, 8.6252 ], [ 36.8987, 8.6272 ], [ 36.899, 8.6336 ], [ 36.8927, 8.6362 ], [ 36.8884, 8.6448 ], [ 36.8868, 8.6628 ], [ 36.8761, 8.6676 ], [ 36.8674, 8.6766 ], [ 36.8636, 8.6764 ], [ 36.8643, 8.6854 ], [ 36.8523, 8.685 ], [ 36.8423, 8.6724 ], [ 36.8259, 8.6626 ], [ 36.8189, 8.6631 ], [ 36.7938, 8.6543 ], [ 36.7961, 8.6486 ], [ 36.7925, 8.6402 ], [ 36.7687, 8.6181 ], [ 36.7579, 8.5983 ], [ 36.7604, 8.5921 ], [ 36.7578, 8.5766 ], [ 36.7488, 8.5692 ], [ 36.7481, 8.5587 ], [ 36.7363, 8.5455 ], [ 36.724, 8.5452 ], [ 36.7263, 8.5522 ], [ 36.7239, 8.5538 ], [ 36.7142, 8.5434 ], [ 36.6926, 8.5394 ], [ 36.6803, 8.5318 ], [ 36.6606, 8.5313 ] ] ] } },
{ "type": "Feature", "properties": { "iso3": "ETH", "unit_id": "89294058B71488708785564", "unit_name": "West Shewa" }, "geometry": { "type": "Polygon", "coordinates": [ [ [ 37.6691, 9.8602 ], [ 37.6691, 9.8521 ], [ 37.6463, 9.8438 ], [ 37.6367, 9.8334 ], [ 37.6327, 9.7921 ], [ 37.6374, 9.7836 ], [ 37.6421, 9.7512 ], [ 37.6314, 9.7387 ], [ 37.6284, 9.6936 ], [ 37.6186, 9.6845 ], [ 37.6163, 9.6712 ], [ 37.6291, 9.6257 ], [ 37.6167, 9.598 ], [ 37.6186, 9.5773 ], [ 37.625, 9.5687 ], [ 37.6255, 9.5542 ], [ 37.6207, 9.5427 ], [ 37.6306, 9.5185 ], [ 37.6361, 9.5161 ], [ 37.6377, 9.5098 ], [ 37.6391, 9.496 ], [ 37.6355, 9.4837 ], [ 37.6402, 9.4781 ], [ 37.6343, 9.4598 ], [ 37.6353, 9.4541 ], [ 37.6427, 9.4467 ], [ 37.6536, 9.4202 ], [ 37.6644, 9.4157 ], [ 37.6581, 9.4125 ], [ 37.6592, 9.4046 ], [ 37.6537, 9.4032 ], [ 37.6532, 9.3949 ], [ 37.6502, 9.3924 ], [ 37.6535, 9.3851 ], [ 37.6499, 9.3807 ], [ 37.6536, 9.3728 ], [ 37.6459, 9.3677 ], [ 37.6469, 9.3621 ], [ 37.6399, 9.3578 ], [ 37.6272, 9.3614 ], [ 37.6126, 9.348 ], [ 37.6044, 9.3479 ], [ 37.6024, 9.3409 ], [ 37.5929, 9.3345 ], [ 37.5856, 9.3214 ], [ 37.5783, 9.3167 ], [ 37.5536, 9.324 ], [ 37.5379, 9.3242 ], [ 37.5321, 9.321 ], [ 37.4982, 9.3292 ], [ 37.4668, 9.3199 ], [ 37.4399, 9.2848 ], [ 37.4331, 9.2619 ], [ 37.4179, 9.2449 ], [ 37.4181, 9.2388 ], [ 37.404, 9.1992 ], [ 37.3916, 9.184 ], [ 37.3895, 9.1631 ], [ 37.3654, 9.1583 ], [ 37.337, 9.1588 ], [ 37.2914, 9.172 ], [ 37.2554, 9.197 ], [ 37.2457, 9.2004 ], [ 37.244, 9.2053 ], [ 37.2321, 9.2132 ], [ 37.2107, 9.2186 ], [ 37.1982, 9.2383 ], [ 37.1821, 9.2413 ], [ 37.1708, 9.2497 ], [ 37.1608, 9.251 ], [ 37.1181, 9.2181 ], [ 37.1178, 9.2026 ], [ 37.1215, 9.1993 ], [ 37.1135, 9.1938 ], [ 37.0973, 9.1966 ], [ 37.0918, 9.1906 ], [ 37.0878, 9.2027 ], [ 37.0617, 9.2063 ], [ 37.0517, 9.2036 ], [ 37.0497, 9.2064 ], [ 37.0486, 9.2051 ], [ 37.0552, 9.199 ], [ 37.0557, 9.1771 ], [ 37.0526, 9.1695 ], [ 37.0372, 9.1586 ], [ 37.0353, 9.1469 ], [ 37.0365, 9.1399 ], [ 37.0486, 9.1282 ], [ 37.0536, 9.1159 ], [ 37.0524, 9.0986 ], [ 37.0568, 9.0929 ], [ 37.0547, 9.089 ], [ 37.0568, 9.086 ], [ 37.0501, 9.0784 ], [ 37.0444, 9.0766 ], [ 37.0349, 9.0836 ], [ 37.0301, 9.0818 ], [ 37.0317, 9.0719 ], [ 37.0271, 9.0542 ], [ 37.0219, 9.0487 ], [ 37.0221, 9.0379 ], [ 37.0292, 9.0253 ], [ 37.0381, 9.0166 ], [ 37.0522, 9.0112 ], [ 37.0591, 8.9989 ], [ 37.0658, 9.0035 ], [ 37.0698, 9.0001 ], [ 37.0738, 9.0009 ], [ 37.079, 8.989 ], [ 37.0867, 8.9851 ], [ 37.0921, 8.9879 ], [ 37.0933, 8.9921 ], [ 37.1006, 8.9847 ], [ 37.1017, 8.9891 ], [ 37.1054, 8.9868 ], [ 37.1109, 8.9889 ], [ 37.1139, 8.9847 ], [ 37.1284, 8.9801 ], [ 37.1274, 8.9777 ], [ 37.1345, 8.9711 ], [ 37.1385, 8.9612 ], [ 37.1474, 8.9668 ], [ 37.1491, 8.9618 ], [ 37.1446, 8.9421 ], [ 37.1513, 8.9344 ], [ 37.1516, 8.9288 ], [ 37.1529, 8.9319 ], [ 37.1604, 8.9314 ], [ 37.1636, 8.9255 ], [ 37.1733, 8.9203 ], [ 37.194, 8.9234 ], [ 37.1875, 8.9175 ], [ 37.1913, 8.9097 ], [ 37.1897, 8.9023 ], [ 37.1852, 8.902 ], [ 37.1859, 8.899 ], [ 37.1895, 8.9 ], [ 37.1969, 8.8946 ], [ 37.1987, 8.88 ], [ 37.203, 8.8741 ], [ 37.21, 8.8772 ], [ 37.2147, 8.8674 ], [ 37.1986, 8.8455 ], [ 37.2, 8.839 ], [ 37.2062, 8.8375 ], [ 37.2131, 8.8301 ], [ 37.2114, 8.8229 ], [ 37.2008, 8.8088 ], [ 37.2101, 8.8044 ], [ 37.2021, 8.7968 ], [ 37.2042, 8.79 ], [ 37.2018, 8.7826 ], [ 37.2043, 8.7804 ], [ 37.1897, 8.7693 ], [ 37.19, 8.7655 ], [ 37.1793, 8.7643 ], [ 37.1815, 8.7523 ], [ 37.1793, 8.748 ], [ 37.1691, 8.7433 ], [ 37.1616, 8.7436 ], [ 37.1586, 8.7472 ], [ 37.1546, 8.742 ], [ 37.1475, 8.7401 ], [ 37.1511, 8.7355 ], [ 37.1465, 8.7214 ], [ 37.1399, 8.7195 ], [ 37.1427, 8.7166 ], [ 37.1377, 8.7074 ], [ 37.1423, 8.7011 ], [ 37.1381, 8.6977 ], [ 37.1379, 8.6891 ], [ 37.1554, 8.687 ], [ 37.1584, 8.691 ], [ 37.1628, 8.6875 ], [ 37.1701, 8.6922 ], [ 37.1728, 8.6907 ], [ 37.176, 8.683 ], [ 37.1737, 8.6749 ], [ 37.1763, 8.6658 ], [ 37.1726, 8.6625 ], [ 37.1753, 8.6458 ], [ 37.2029, 8.6256 ], [ 37.2085, 8.6116 ], [ 37.2153, 8.6039 ], [ 37.2213, 8.5997 ], [ 37.2392, 8.5979 ], [ 37.2483, 8.6104 ], [ 37.2556, 8.6009 ], [ 37.258, 8.5916 ], [ 37.2819, 8.5864 ], [ 37.2905, 8.5705 ], [ 37.303, 8.5631 ], [ 37.3125, 8.5407 ], [ 37.3149, 8.5226 ], [ 37.3225, 8.5147 ], [ 37.3241, 8.5061 ], [ 37.3386, 8.4937 ], [ 37.3421, 8.479 ], [ 37.3535, 8.4794 ], [ 37.3633, 8.4681 ], [ 37.3658, 8.4514 ], [ 37.3756, 8.4352 ], [ 37.3745, 8.4258 ], [ 37.3825, 8.4238 ], [ 37.3883, 8.4141 ], [ 37.3858, 8.4098 ], [ 37.3911, 8.4049 ], [ 37.3913, 8.3976 ], [ 37.3864, 8.3884 ], [ 37.3999, 8.3832 ], [ 37.402, 8.377 ], [ 37.412, 8.373 ], [ 37.4139, 8.3672 ], [ 37.4231, 8.3586 ], [ 37.423, 8.3447 ], [ 37.4311, 8.3351 ], [ 37.4358, 8.3362 ], [ 37.4403, 8.3434 ], [ 37.4449, 8.3427 ], [ 37.4564, 8.3316 ], [ 37.4565, 8.3214 ], [ 37.4642, 8.3173 ], [ 37.4714, 8.3507 ], [ 37.4986, 8.4036 ], [ 37.5122, 8.417 ], [ 37.5248, 8.4206 ], [ 37.5214, 8.4289 ], [ 37.5249, 8.4341 ], [ 37.5196, 8.4487 ], [ 37.5249, 8.4551 ], [ 37.5294, 8.4794 ], [ 37.5349, 8.4902 ], [ 37.5426, 8.491 ], [ 37.5533, 8.498 ], [ 37.5592, 8.5063 ], [ 37.5583, 8.5179 ], [ 37.561, 8.5196 ], [ 37.5714, 8.5144 ], [ 37.581, 8.5355 ], [ 37.58, 8.5652 ], [ 37.5939, 8.5666 ], [ 37.5945, 8.5765 ], [ 37.599, 8.5789 ], [ 37.5953, 8.5823 ], [ 37.605, 8.5889 ], [ 37.6016, 8.6017 ], [ 37.6049, 8.6031 ], [ 37.6058, 8.6091 ], [ 37.6024, 8.6125 ], [ 37.6035, 8.6172 ], [ 37.6004, 8.6177 ], [ 37.6053, 8.6228 ], [ 37.6002, 8.6272 ], [ 37.6086, 8.6413 ], [ 37.6039, 8.6525 ], [ 37.6112, 8.6523 ], [ 37.6051, 8.6633 ], [ 37.6086, 8.6694 ], [ 37.6071, 8.6773 ], [ 37.6019, 8.677 ], [ 37.6035, 8.6816 ], [ 37.6146, 8.6756 ], [ 37.6165, 8.6613 ], [ 37.6248, 8.6581 ], [ 37.6255, 8.6735 ], [ 37.6375, 8.6857 ], [ 37.6391, 8.6948 ], [ 37.6444, 8.7007 ], [ 37.6409, 8.7059 ], [ 37.6484, 8.7057 ], [ 37.6495, 8.7021 ], [ 37.6565, 8.7036 ], [ 37.6584, 8.6974 ], [ 37.6697, 8.6874 ], [ 37.6728, 8.6888 ], [ 37.6734, 8.7106 ], [ 37.6804, 8.7187 ], [ 37.6893, 8.7238 ], [ 37.6986, 8.7226 ], [ 37.7125, 8.7335 ], [ 37.7262, 8.7364 ], [ 37.732, 8.7413 ], [ 37.7597, 8.747 ], [ 37.7668, 8.7564 ], [ 37.7751, 8.7588 ], [ 37.7827, 8.7674 ], [ 37.7844, 8.7735 ], [ 37.7808, 8.7855 ], [ 37.7846, 8.7947 ], [ 37.7859, 8.7897 ], [ 37.7939, 8.7841 ], [ 37.8067, 8.7855 ], [ 37.8095, 8.7899 ], [ 37.809, 8.7985 ], [ 37.796, 8.81 ], [ 37.7952, 8.8143 ], [ 37.8164, 8.8027 ], [ 37.8403, 8.8019 ], [ 37.8426, 8.8146 ], [ 37.8474, 8.8206 ], [ 37.854, 8.8226 ], [ 37.8583, 8.8147 ], [ 37.8697, 8.8118 ], [ 37.8714, 8.8197 ], [ 37.8906, 8.8226 ], [ 37.886, 8.8144 ], [ 37.895, 8.818 ], [ 37.8993, 8.8111 ], [ 37.9052, 8.8111 ], [ 37.914, 8.805 ], [ 37.9172, 8.7912 ], [ 37.927, 8.7817 ], [ 37.9466, 8.78 ], [ 37.948, 8.7724 ], [ 37.9648, 8.7763 ], [ 37.9669, 8.7721 ], [ 38.0026, 8.7668 ], [ 38.009, 8.7625 ], [ 38.0087, 8.7519 ], [ 38.0188, 8.7524 ], [ 38.0201, 8.765 ], [ 38.0247, 8.7723 ], [ 38.0226, 8.7754 ], [ 38.0333, 8.7802 ], [ 38.0356, 8.7845 ], [ 38.0258, 8.7855 ], [ 38.0198, 8.7928 ], [ 38.0138, 8.7948 ], [ 38.0185, 8.7978 ], [ 38.0199, 8.803 ], [ 38.0245, 8.8018 ], [ 38.0216, 8.812 ], [ 38.0276, 8.8115 ], [ 38.0393, 8.8168 ], [ 38.0513, 8.8337 ], [ 38.0632, 8.8287 ], [ 38.082, 8.8403 ], [ 38.0907, 8.8401 ], [ 38.0967, 8.8361 ], [ 38.1074, 8.8377 ], [ 38.1194, 8.8302 ], [ 38.12, 8.8222 ], [ 38.1267, 8.8199 ], [ 38.1335, 8.8218 ], [ 38.1344, 8.8172 ], [ 38.1441, 8.817 ], [ 38.1461, 8.8238 ], [ 38.1421, 8.8277 ], [ 38.1423, 8.8486 ], [ 38.1397, 8.8528 ], [ 38.1344, 8.8504 ], [ 38.1271, 8.8653 ], [ 38.1277, 8.8739 ], [ 38.1211, 8.8761 ], [ 38.1162, 8.889 ], [ 38.1071, 8.8926 ], [ 38.105, 8.889 ], [ 38.0956, 8.8914 ], [ 38.0862, 8.8882 ], [ 38.0806, 8.8926 ], [ 38.0827, 8.9022 ], [ 38.0896, 8.9054 ], [ 38.0959, 8.9158 ], [ 38.1013, 8.9104 ], [ 38.1216, 8.9315 ], [ 38.1258, 8.9252 ], [ 38.1384, 8.921 ], [ 38.1315, 8.9 ], [ 38.1236, 8.8944 ], [ 38.1246, 8.8924 ], [ 38.1439, 8.8855 ], [ 38.1481, 8.888 ], [ 38.1568, 8.8851 ], [ 38.1653, 8.9021 ], [ 38.1981, 8.8938 ], [ 38.2025, 8.8872 ], [ 38.2233, 8.8804 ], [ 38.2308, 8.8821 ], [ 38.2392, 8.8794 ], [ 38.2489, 8.8714 ], [ 38.2529, 8.8638 ], [ 38.2526, 8.8522 ], [ 38.2753, 8.858 ], [ 38.282, 8.8752 ], [ 38.2873, 8.8836 ], [ 38.2919, 8.8854 ], [ 38.2948, 8.8941 ], [ 38.3169, 8.9004 ], [ 38.3232, 8.9083 ], [ 38.3346, 8.9137 ], [ 38.3463, 8.9067 ], [ 38.344, 8.8955 ], [ 38.3468, 8.8928 ], [ 38.3681, 8.8893 ], [ 38.3768, 8.8909 ], [ 38.3796, 8.8823 ], [ 38.3901, 8.8759 ], [ 38.3931, 8.8637 ], [ 38.4019, 8.8598 ], [ 38.4088, 8.8521 ], [ 38.4162, 8.8526 ], [ 38.4164, 8.8615 ], [ 38.431, 8.8619 ], [ 38.4388, 8.8772 ], [ 38.4082, 8.9066 ], [ 38.408, 8.9156 ], [ 38.3925, 8.923 ], [ 38.3923, 8.9352 ], [ 38.4008, 8.9361 ], [ 38.401, 8.9469 ], [ 38.4087, 8.9494 ], [ 38.4137, 8.9557 ], [ 38.4231, 8.9561 ], [ 38.4295, 8.968 ], [ 38.4423, 8.9668 ], [ 38.4392, 8.9871 ], [ 38.452, 8.9986 ], [ 38.4582, 9.0167 ], [ 38.4524, 9.0436 ], [ 38.4562, 9.0483 ], [ 38.4547, 9.0589 ], [ 38.4442, 9.0584 ], [ 38.4407, 9.0641 ], [ 38.4508, 9.072 ], [ 38.4546, 9.0682 ], [ 38.4629, 9.0784 ], [ 38.463, 9.0922 ], [ 38.4747, 9.0888 ], [ 38.4754, 9.0841 ], [ 38.4792, 9.0947 ], [ 38.4758, 9.1001 ], [ 38.4612, 9.1012 ], [ 38.4591, 9.1074 ], [ 38.4409, 9.1061 ], [ 38.4333, 9.1097 ], [ 38.4336, 9.113 ], [ 38.425, 9.1156 ], [ 38.4283, 9.1221 ], [ 38.4175, 9.1356 ], [ 38.4119, 9.1508 ], [ 38.4131, 9.1618 ], [ 38.4209, 9.1735 ], [ 38.4189, 9.1752 ], [ 38.421, 9.1833 ], [ 38.4157, 9.1905 ], [ 38.4312, 9.1954 ], [ 38.4232, 9.2002 ], [ 38.4392, 9.2007 ], [ 38.441, 9.2091 ], [ 38.4483, 9.2038 ], [ 38.4581, 9.2169 ], [ 38.4478, 9.2265 ], [ 38.4449, 9.2273 ], [ 38.4423, 9.2226 ], [ 38.4443, 9.2366 ], [ 38.4634, 9.2313 ], [ 38.4617, 9.2358 ], [ 38.466, 9.2403 ], [ 38.4774, 9.2267 ], [ 38.5005, 9.2327 ], [ 38.5058, 9.2295 ], [ 38.5044, 9.2381 ], [ 38.5099, 9.2414 ], [ 38.5025, 9.2416 ], [ 38.4958, 9.2462 ], [ 38.4973, 9.2484 ], [ 38.4944, 9.251 ], [ 38.4848, 9.2524 ], [ 38.4824, 9.2609 ], [ 38.4856, 9.271 ], [ 38.4841, 9.277 ], [ 38.4969, 9.296 ], [ 38.4993, 9.3184 ], [ 38.504, 9.3247 ], [ 38.5105, 9.327 ], [ 38.4982, 9.3345 ], [ 38.498, 9.3407 ], [ 38.5181, 9.3613 ], [ 38.5452, 9.3684 ], [ 38.5438, 9.3754 ], [ 38.5473, 9.3914 ], [ 38.531, 9.4163 ], [ 38.5341, 9.4228 ], [ 38.5552, 9.4373 ], [ 38.5556, 9.4406 ], [ 38.5463, 9.4525 ], [ 38.5281, 9.4622 ], [ 38.5217, 9.4608 ], [ 38.5208, 9.4659 ], [ 38.5262, 9.4716 ], [ 38.5285, 9.4701 ], [ 38.5396, 9.4748 ], [ 38.5404, 9.4778 ], [ 38.5578, 9.4845 ], [ 38.5617, 9.4915 ], [ 38.5628, 9.4878 ], [ 38.568, 9.4924 ], [ 38.5538, 9.498 ], [ 38.5494, 9.5033 ], [ 38.5391, 9.5253 ], [ 38.5383, 9.5457 ], [ 38.5312, 9.5524 ], [ 38.5284, 9.5651 ], [ 38.5184, 9.5739 ], [ 38.509, 9.5794 ], [ 38.4885, 9.5788 ], [ 38.4679, 9.5842 ], [ 38.4586, 9.5885 ], [ 38.4579, 9.5943 ], [ 38.4446, 9.6056 ], [ 38.4399, 9.6023 ], [ 38.4285, 9.6089 ], [ 38.3965, 9.609 ], [ 38.3943, 9.6139 ], [ 38.3691, 9.6351 ], [ 38.3635, 9.6365 ], [ 38.358, 9.6437 ], [ 38.3401, 9.6501 ], [ 38.3205, 9.6754 ], [ 38.3167, 9.6723 ], [ 38.3059, 9.6715 ], [ 38.2827, 9.6832 ], [ 38.248, 9.6928 ], [ 38.2053, 9.6965 ], [ 38.1769, 9.6872 ], [ 38.1495, 9.6442 ], [ 38.1304, 9.6377 ], [ 38.1257, 9.6399 ], [ 38.1066, 9.6588 ], [ 38.0995, 9.6827 ], [ 38.0918, 9.691 ], [ 38.0844, 9.7156 ], [ 38.0773, 9.7277 ], [ 38.0757, 9.7393 ], [ 38.0559, 9.7693 ], [ 38.0586, 9.7876 ], [ 38.0546, 9.7939 ], [ 38.0505, 9.8229 ], [ 38.0448, 9.8307 ], [ 38.036, 9.8328 ], [ 38.0333, 9.8485 ], [ 38.0182, 9.8534 ], [ 38.0015, 9.8696 ], [ 37.9712, 9.8699 ], [ 37.9544, 9.8992 ], [ 37.9335, 9.9176 ], [ 37.9234, 9.9147 ], [ 37.9093, 9.9304 ], [ 37.9014, 9.9304 ], [ 37.8802, 9.9215 ], [ 37.8699, 9.9075 ], [ 37.8645, 9.9129 ], [ 37.8604, 9.9128 ], [ 37.8592, 9.9002 ], [ 37.8559, 9.8959 ], [ 37.8427, 9.8967 ], [ 37.816, 9.8672 ], [ 37.7746, 9.8565 ], [ 37.7691, 9.8514 ], [ 37.761, 9.8519 ], [ 37.754, 9.8571 ], [ 37.7485, 9.8559 ], [ 37.7482, 9.8467 ], [ 37.7429, 9.8407 ], [ 37.7243, 9.8445 ], [ 37.7107, 9.8426 ], [ 37.7007, 9.8367 ], [ 37.6804, 9.8623 ], [ 37.6691, 9.8602 ] ] ] } },
{ "type": "Feature", "properties": { "iso3": "ETH", "unit_id": "89294058B99714225874658", "unit_name": "North Shewa (OR)" }, "geometry": { "type": "Polygon", "coordinates": [ [ [ 38.4962, 10.3636 ], [ 38.4835, 10.3654 ], [ 38.4767, 10.3633 ], [ 38.4761, 10.3562 ], [ 38.4812, 10.3444 ], [ 38.4751, 10.3307 ], [ 38.4737, 10.3146 ], [ 38.4679, 10.3111 ], [ 38.4661, 10.3052 ], [ 38.4725, 10.2918 ], [ 38.4601, 10.29 ], [ 38.4579, 10.282 ], [ 38.4627, 10.2677 ], [ 38.4553, 10.2611 ], [ 38.4542, 10.2467 ], [ 38.4481, 10.2403 ], [ 38.4307, 10.2316 ], [ 38.4194, 10.2198 ], [ 38.4194, 10.2132 ], [ 38.43, 10.1931 ], [ 38.4211, 10.1808 ], [ 38.4259, 10.1778 ], [ 38.4257, 10.1718 ], [ 38.4063, 10.1604 ], [ 38.3975, 10.1443 ], [ 38.3663, 10.1405 ], [ 38.3581, 10.1443 ], [ 38.357, 10.1508 ], [ 38.3483, 10.1588 ], [ 38.34, 10.1562 ], [ 38.3333, 10.1514 ], [ 38.326, 10.1331 ], [ 38.3237, 10.1234 ], [ 38.3265, 10.1145 ], [ 38.3218, 10.1072 ], [ 38.3086, 10.108 ], [ 38.3023, 10.1034 ], [ 38.2953, 10.0892 ], [ 38.2718, 10.0918 ], [ 38.2524, 10.0884 ], [ 38.2478, 10.1019 ], [ 38.2404, 10.1026 ], [ 38.1766, 10.0631 ], [ 38.1706, 10.0578 ], [ 38.1673, 10.0461 ], [ 38.1604, 10.0441 ], [ 38.1506, 10.0351 ], [ 38.1451, 10.0367 ], [ 38.137, 10.0474 ], [ 38.1309, 10.0474 ], [ 38.1253, 10.0432 ], [ 38.1183, 10.029 ], [ 38.1183, 10.0178 ], [ 38.1131, 10.016 ], [ 38.1007, 10.0223 ], [ 38.0876, 10.0203 ], [ 38.0803, 10.0152 ], [ 38.0812, 10.0022 ], [ 38.0698, 10.0015 ], [ 38.0643, 9.9979 ], [ 38.0599, 9.9818 ], [ 38.0481, 9.9815 ], [ 38.0436, 9.9698 ], [ 38.0085, 9.9641 ], [ 37.9934, 9.9491 ], [ 37.9784, 9.9491 ], [ 37.9571, 9.9386 ], [ 37.9387, 9.9441 ], [ 37.9328, 9.9413 ], [ 37.9308, 9.9305 ], [ 37.9353, 9.926 ], [ 37.9335, 9.9176 ], [ 37.9544, 9.8992 ], [ 37.9712, 9.8699 ], [ 38.0015, 9.8696 ], [ 38.0182, 9.8534 ], [ 38.0333, 9.8485 ], [ 38.036, 9.8328 ], [ 38.0481, 9.828 ], [ 38.0546, 9.7939 ], [ 38.0586, 9.7876 ], [ 38.0559, 9.7693 ], [ 38.0757, 9.7393 ], [ 38.0773, 9.7277 ], [ 38.0844, 9.7156 ], [ 38.0918, 9.691 ], [ 38.0995, 9.6827 ], [ 38.1066, 9.6588 ], [ 38.1304, 9.6377 ], [ 38.1495, 9.6442 ], [ 38.1769, 9.6872 ], [ 38.2053, 9.6965 ], [ 38.248, 9.6928 ], [ 38.2827, 9.6832 ], [ 38.3059, 9.6715 ], [ 38.3167, 9.6723 ], [ 38.3205, 9.6754 ], [ 38.3401, 9.6501 ], [ 38.358, 9.6437 ], [ 38.3635, 9.6365 ], [ 38.3691, 9.6351 ], [ 38.3943, 9.6139 ], [ 38.3965, 9.609 ], [ 38.4285, 9.6089 ], [ 38.4399, 9.6023 ], [ 38.4446, 9.6056 ], [ 38.4579, 9.5943 ], [ 38.4586, 9.5885 ], [ 38.4679, 9.5842 ], [ 38.4885, 9.5788 ], [ 38.509, 9.5794 ], [ 38.5184, 9.5739 ], [ 38.5284, 9.5651 ], [ 38.5312, 9.5524 ], [ 38.5383, 9.5457 ], [ 38.5391, 9.5253 ], [ 38.5494, 9.5033 ], [ 38.5538, 9.498 ], [ 38.568, 9.4924 ], [ 38.5777, 9.4939 ], [ 38.589, 9.4905 ], [ 38.6101, 9.5075 ], [ 38.6177, 9.5061 ], [ 38.6203, 9.5103 ], [ 38.6293, 9.5137 ], [ 38.6425, 9.5096 ], [ 38.6462, 9.5156 ], [ 38.6514, 9.5165 ], [ 38.6551, 9.5146 ], [ 38.6539, 9.5115 ], [ 38.6732, 9.5067 ], [ 38.6911, 9.4832 ], [ 38.7051, 9.4862 ], [ 38.7069, 9.4907 ], [ 38.7129, 9.4905 ], [ 38.7175, 9.4831 ], [ 38.7215, 9.4546 ], [ 38.7323, 9.4514 ], [ 38.7387, 9.4453 ], [ 38.7501, 9.4449 ], [ 38.7595, 9.4369 ], [ 38.7757, 9.4323 ], [ 38.7853, 9.4333 ], [ 38.7882, 9.4435 ], [ 38.7926, 9.4459 ], [ 38.8016, 9.4416 ], [ 38.8126, 9.4489 ], [ 38.8078, 9.4561 ], [ 38.8129, 9.4574 ], [ 38.815, 9.4539 ], [ 38.826, 9.4633 ], [ 38.83, 9.4615 ], [ 38.8246, 9.4564 ], [ 38.8316, 9.4486 ], [ 38.846, 9.4506 ], [ 38.8489, 9.447 ], [ 38.8514, 9.4502 ], [ 38.8542, 9.4477 ], [ 38.8601, 9.4575 ], [ 38.871, 9.4571 ], [ 38.8755, 9.4529 ], [ 38.8795, 9.4544 ], [ 38.8782, 9.4609 ], [ 38.8808, 9.466 ], [ 38.8848, 9.4665 ], [ 38.8869, 9.4732 ], [ 38.896, 9.4749 ], [ 38.8992, 9.468 ], [ 38.908, 9.4671 ], [ 38.9221, 9.4807 ], [ 38.9344, 9.4793 ], [ 38.9305, 9.4739 ], [ 38.9321, 9.4723 ], [ 38.942, 9.4753 ], [ 38.9446, 9.4677 ], [ 38.9547, 9.4628 ], [ 38.9761, 9.464 ], [ 38.9751, 9.4584 ], [ 38.9653, 9.4569 ], [ 38.9618, 9.4413 ], [ 38.9549, 9.4369 ], [ 38.9538, 9.4311 ], [ 38.9582, 9.4262 ], [ 38.954, 9.4206 ], [ 38.9484, 9.4262 ], [ 38.9291, 9.4208 ], [ 38.9356, 9.4016 ], [ 38.93, 9.3949 ], [ 38.9333, 9.3938 ], [ 38.9335, 9.387 ], [ 38.9273, 9.385 ], [ 38.9154, 9.3637 ], [ 38.9061, 9.3643 ], [ 38.9011, 9.3497 ], [ 38.8957, 9.3558 ], [ 38.891, 9.3463 ], [ 38.8868, 9.3451 ], [ 38.882, 9.3326 ], [ 38.8849, 9.3303 ], [ 38.8801, 9.3257 ], [ 38.8812, 9.3159 ], [ 38.8674, 9.3104 ], [ 38.8634, 9.3152 ], [ 38.8579, 9.3143 ], [ 38.854, 9.3094 ], [ 38.8555, 9.3 ], [ 38.8493, 9.2836 ], [ 38.8528, 9.2781 ], [ 38.8449, 9.2811 ], [ 38.8443, 9.2743 ], [ 38.851, 9.2745 ], [ 38.8589, 9.2679 ], [ 38.8693, 9.2699 ], [ 38.8742, 9.2746 ], [ 38.8813, 9.2704 ], [ 38.8827, 9.2779 ], [ 38.8882, 9.2774 ], [ 38.9032, 9.2876 ], [ 38.9171, 9.2897 ], [ 38.9288, 9.2873 ], [ 38.9331, 9.2805 ], [ 38.9417, 9.2781 ], [ 38.9439, 9.2749 ], [ 38.9403, 9.2681 ], [ 38.9515, 9.2732 ], [ 38.9493, 9.268 ], [ 38.9526, 9.2622 ], [ 38.9615, 9.2691 ], [ 38.9662, 9.267 ], [ 38.9745, 9.2728 ], [ 38.9823, 9.2672 ], [ 38.985, 9.2686 ], [ 38.9886, 9.2863 ], [ 39.0003, 9.2889 ], [ 39.0031, 9.2871 ], [ 39.0004, 9.2779 ], [ 39.0075, 9.2786 ], [ 39.001, 9.2707 ], [ 39.0137, 9.2546 ], [ 39.0171, 9.2542 ], [ 39.0221, 9.2431 ], [ 39.0129, 9.2401 ], [ 39.0145, 9.2255 ], [ 39.0001, 9.2148 ], [ 38.9951, 9.2143 ], [ 38.9924, 9.2042 ], [ 38.9986, 9.2037 ], [ 39.0009, 9.2001 ], [ 39.0007, 9.1883 ], [ 39.0071, 9.1864 ], [ 39.0294, 9.1674 ], [ 39.0307, 9.1498 ], [ 39.0364, 9.1439 ], [ 39.0316, 9.1349 ], [ 39.0375, 9.1257 ], [ 39.0363, 9.1142 ], [ 39.0457, 9.1067 ], [ 39.0585, 9.1167 ], [ 39.0636, 9.1169 ], [ 39.0718, 9.1092 ], [ 39.0812, 9.1083 ], [ 39.0827, 9.1045 ], [ 39.0794, 9.1007 ], [ 39.0872, 9.0979 ], [ 39.0856, 9.0952 ], [ 39.1034, 9.0827 ], [ 39.1167, 9.0895 ], [ 39.1215, 9.0884 ], [ 39.1265, 9.0997 ], [ 39.1332, 9.0949 ], [ 39.141, 9.0941 ], [ 39.1442, 9.0888 ], [ 39.1553, 9.0822 ], [ 39.162, 9.083 ], [ 39.1849, 9.1043 ], [ 39.2085, 9.1132 ], [ 39.2419, 9.1455 ], [ 39.2337, 9.1579 ], [ 39.2146, 9.1734 ], [ 39.1886, 9.2093 ], [ 39.2137, 9.2281 ], [ 39.1997, 9.25 ], [ 39.1941, 9.2524 ], [ 39.1777, 9.2711 ], [ 39.2072, 9.2919 ], [ 39.2337, 9.2936 ], [ 39.2662, 9.2445 ], [ 39.2847, 9.2775 ], [ 39.2662, 9.2885 ], [ 39.2644, 9.3242 ], [ 39.2783, 9.3122 ], [ 39.2854, 9.3158 ], [ 39.2915, 9.3317 ], [ 39.293, 9.3492 ], [ 39.303, 9.3566 ], [ 39.3065, 9.3661 ], [ 39.3196, 9.3656 ], [ 39.3201, 9.374 ], [ 39.3251, 9.3805 ], [ 39.3467, 9.3785 ], [ 39.3567, 9.369 ], [ 39.373, 9.3757 ], [ 39.3763, 9.384 ], [ 39.3949, 9.3919 ], [ 39.4039, 9.3804 ], [ 39.4204, 9.3715 ], [ 39.4259, 9.3794 ], [ 39.4456, 9.3839 ], [ 39.4522, 9.3939 ], [ 39.4539, 9.4012 ], [ 39.4431, 9.4144 ], [ 39.4493, 9.4253 ], [ 39.4477, 9.4325 ], [ 39.4303, 9.4339 ], [ 39.4113, 9.4475 ], [ 39.3939, 9.455 ], [ 39.3784, 9.4461 ], [ 39.3727, 9.4468 ], [ 39.3733, 9.458 ], [ 39.3769, 9.4633 ], [ 39.3631, 9.4739 ], [ 39.3504, 9.472 ], [ 39.3386, 9.4748 ], [ 39.3097, 9.4677 ], [ 39.3011, 9.4878 ], [ 39.2941, 9.4917 ], [ 39.2936, 9.5006 ], [ 39.3052, 9.5052 ], [ 39.3021, 9.5227 ], [ 39.3129, 9.5356 ], [ 39.3229, 9.5257 ], [ 39.3297, 9.5266 ], [ 39.3414, 9.5454 ], [ 39.3528, 9.5492 ], [ 39.3606, 9.5461 ], [ 39.3765, 9.5673 ], [ 39.3779, 9.5802 ], [ 39.3733, 9.5829 ], [ 39.3734, 9.592 ], [ 39.3842, 9.6029 ], [ 39.3888, 9.6157 ], [ 39.3859, 9.6308 ], [ 39.3755, 9.6292 ], [ 39.3617, 9.6189 ], [ 39.3544, 9.6177 ], [ 39.352, 9.6221 ], [ 39.3578, 9.6569 ], [ 39.3682, 9.663 ], [ 39.3713, 9.67 ], [ 39.361, 9.6803 ], [ 39.3697, 9.6896 ], [ 39.3701, 9.6994 ], [ 39.3641, 9.7015 ], [ 39.3445, 9.699 ], [ 39.3393, 9.7039 ], [ 39.338, 9.7102 ], [ 39.3467, 9.7251 ], [ 39.3418, 9.7275 ], [ 39.3205, 9.7241 ], [ 39.3133, 9.7314 ], [ 39.3081, 9.744 ], [ 39.2979, 9.748 ], [ 39.2917, 9.7451 ], [ 39.2876, 9.734 ], [ 39.2804, 9.7332 ], [ 39.2681, 9.7397 ], [ 39.26, 9.7293 ], [ 39.2499, 9.7049 ], [ 39.239, 9.7024 ], [ 39.2281, 9.6937 ], [ 39.2235, 9.7052 ], [ 39.2168, 9.7084 ], [ 39.2114, 9.7047 ], [ 39.2086, 9.7109 ], [ 39.2049, 9.7066 ], [ 39.2001, 9.7087 ], [ 39.1974, 9.7164 ], [ 39.1842, 9.7201 ], [ 39.184, 9.6858 ], [ 39.1742, 9.6948 ], [ 39.1557, 9.6887 ], [ 39.1454, 9.6933 ], [ 39.1477, 9.7154 ], [ 39.1393, 9.7407 ], [ 39.1335, 9.7414 ], [ 39.117, 9.7333 ], [ 39.0977, 9.7354 ], [ 39.0974, 9.7438 ], [ 39.1045, 9.7486 ], [ 39.1018, 9.7551 ], [ 39.0922, 9.7631 ], [ 39.0765, 9.7546 ], [ 39.0505, 9.7534 ], [ 39.036, 9.747 ], [ 39.035, 9.7528 ], [ 39.0306, 9.7555 ], [ 39.0166, 9.7577 ], [ 39.0122, 9.7522 ], [ 38.9901, 9.746 ], [ 38.9808, 9.752 ], [ 38.9744, 9.7611 ], [ 38.9521, 9.7387 ], [ 38.9603, 9.7108 ], [ 38.9347, 9.7279 ], [ 38.9282, 9.7251 ], [ 38.9178, 9.7115 ], [ 38.9093, 9.7087 ], [ 38.8665, 9.7336 ], [ 38.8585, 9.7449 ], [ 38.8403, 9.757 ], [ 38.8289, 9.7691 ], [ 38.8215, 9.7845 ], [ 38.8182, 9.8027 ], [ 38.8137, 9.8062 ], [ 38.8078, 9.8195 ], [ 38.8055, 9.8544 ], [ 38.7909, 9.8826 ], [ 38.796, 9.8891 ], [ 38.8025, 9.9095 ], [ 38.7964, 9.9337 ], [ 38.8027, 9.9536 ], [ 38.8006, 9.9622 ], [ 38.7793, 9.9824 ], [ 38.7712, 9.9781 ], [ 38.7581, 9.9807 ], [ 38.7336, 9.9929 ], [ 38.7254, 9.9913 ], [ 38.6738, 10.0151 ], [ 38.6608, 10.0338 ], [ 38.6572, 10.0515 ], [ 38.6627, 10.0574 ], [ 38.6887, 10.0502 ], [ 38.7015, 10.0494 ], [ 38.7057, 10.053 ], [ 38.7214, 10.0514 ], [ 38.7649, 10.0708 ], [ 38.7773, 10.0828 ], [ 38.8109, 10.0944 ], [ 38.8236, 10.1097 ], [ 38.8391, 10.1144 ], [ 38.8426, 10.1099 ], [ 38.8526, 10.1181 ], [ 38.8486, 10.1239 ], [ 38.8472, 10.1387 ], [ 38.8337, 10.1619 ], [ 38.8381, 10.1981 ], [ 38.8337, 10.204 ], [ 38.8327, 10.2121 ], [ 38.8353, 10.2257 ], [ 38.8476, 10.2443 ], [ 38.8446, 10.2561 ], [ 38.8608, 10.278 ], [ 38.8557, 10.2947 ], [ 38.8532, 10.3338 ], [ 38.8451, 10.3548 ], [ 38.8457, 10.361 ], [ 38.8156, 10.3643 ], [ 38.8065, 10.3688 ], [ 38.7721, 10.3662 ], [ 38.7461, 10.3837 ], [ 38.7126, 10.3869 ], [ 38.6974, 10.3794 ], [ 38.6823, 10.379 ], [ 38.6642, 10.3728 ], [ 38.6303, 10.3822 ], [ 38.6047, 10.3746 ], [ 38.5602, 10.3759 ], [ 38.5344, 10.3665 ], [ 38.5238, 10.3678 ], [ 38.4962, 10.3636 ] ] ] } },
{ "type": "Feature", "properties": { "iso3": "ETH", "unit_id": "89294058B13001685328067", "unit_name": "East Shewa" }, "geometry": { "type": "Polygon", "coordinates": [ [ [ 39.849, 9.1381 ], [ 39.8077, 9.1354 ], [ 39.7938, 9.1127 ], [ 39.7802, 9.1044 ], [ 39.7639, 9.0951 ], [ 39.7425, 9.0913 ], [ 39.7475, 9.0631 ], [ 39.7402, 9.0395 ], [ 39.7412, 9.023 ], [ 39.7465, 9.0098 ], [ 39.748, 8.9103 ], [ 39.7369, 8.8572 ], [ 39.7313, 8.8442 ], [ 39.7333, 8.8262 ], [ 39.7167, 8.8161 ], [ 39.6621, 8.8132 ], [ 39.6501, 8.8028 ], [ 39.6341, 8.7988 ], [ 39.617, 8.7869 ], [ 39.5915, 8.7969 ], [ 39.562, 8.8178 ], [ 39.5518, 8.7688 ], [ 39.5338, 8.758 ], [ 39.5008, 8.7148 ], [ 39.4923, 8.7253 ], [ 39.4702, 8.7418 ], [ 39.4492, 8.7522 ], [ 39.4178, 8.8145 ], [ 39.3862, 8.7986 ], [ 39.3782, 8.7912 ], [ 39.3736, 8.7668 ], [ 39.3771, 8.7309 ], [ 39.3611, 8.7209 ], [ 39.342, 8.7269 ], [ 39.3245, 8.7469 ], [ 39.3053, 8.7217 ], [ 39.299, 8.7185 ], [ 39.2858, 8.7178 ], [ 39.2704, 8.7245 ], [ 39.262, 8.7469 ], [ 39.273, 8.7669 ], [ 39.272, 8.783 ], [ 39.2439, 8.8277 ], [ 39.244, 8.8366 ], [ 39.2655, 8.8431 ], [ 39.2605, 8.8506 ], [ 39.2375, 8.862 ], [ 39.241, 8.8889 ], [ 39.2591, 8.91 ], [ 39.2654, 8.9224 ], [ 39.2586, 8.9626 ], [ 39.2696, 8.9806 ], [ 39.2882, 8.999 ], [ 39.2968, 9.0533 ], [ 39.3153, 9.0602 ], [ 39.347, 9.0642 ], [ 39.357, 9.0621 ], [ 39.3485, 9.0766 ], [ 39.3486, 9.0881 ], [ 39.3288, 9.1372 ], [ 39.3202, 9.1402 ], [ 39.3232, 9.1488 ], [ 39.2941, 9.1493 ], [ 39.2495, 9.1356 ], [ 39.2419, 9.1455 ], [ 39.2085, 9.1132 ], [ 39.1849, 9.1043 ], [ 39.162, 9.083 ], [ 39.1553, 9.0822 ], [ 39.1442, 9.0888 ], [ 39.141, 9.0941 ], [ 39.1252, 9.0993 ], [ 39.1215, 9.0884 ], [ 39.1167, 9.0895 ], [ 39.1084, 9.0832 ], [ 39.1002, 9.0828 ], [ 39.0949, 9.0705 ], [ 39.0993, 9.0612 ], [ 39.1039, 9.0219 ], [ 39.096, 9.014 ], [ 39.0853, 9.0142 ], [ 39.0763, 9.0101 ], [ 39.0718, 9.0189 ], [ 39.0643, 9.0208 ], [ 39.0363, 9.0018 ], [ 39.0287, 9.009 ], [ 39.0284, 9.0187 ], [ 39.0124, 9.0017 ], [ 39.0189, 8.9786 ], [ 39.0249, 8.9794 ], [ 39.0241, 8.9753 ], [ 39.0176, 8.9735 ], [ 39.0141, 8.9678 ], [ 39.0167, 8.9702 ], [ 39.0201, 8.9671 ], [ 39.0124, 8.9636 ], [ 39.0118, 8.9564 ], [ 39.0008, 8.9434 ], [ 39.0091, 8.9305 ], [ 38.9997, 8.9297 ], [ 38.9949, 8.9197 ], [ 38.9822, 8.9105 ], [ 38.9769, 8.898 ], [ 38.9786, 8.8855 ], [ 38.9644, 8.8835 ], [ 38.9446, 8.8579 ], [ 38.9393, 8.8388 ], [ 38.9327, 8.831 ], [ 38.9324, 8.8206 ], [ 38.9204, 8.8198 ], [ 38.899, 8.8062 ], [ 38.8992, 8.7947 ], [ 38.9099, 8.7958 ], [ 38.9066, 8.7932 ], [ 38.9072, 8.7888 ], [ 38.9039, 8.7917 ], [ 38.8853, 8.791 ], [ 38.8805, 8.7817 ], [ 38.8751, 8.7791 ], [ 38.8763, 8.7696 ], [ 38.8732, 8.761 ], [ 38.8759, 8.7522 ], [ 38.8706, 8.7453 ], [ 38.8721, 8.7393 ], [ 38.8639, 8.7288 ], [ 38.8517, 8.7294 ], [ 38.8453, 8.7184 ], [ 38.8394, 8.7169 ], [ 38.8364, 8.7026 ], [ 38.8297, 8.6999 ], [ 38.8294, 8.6901 ], [ 38.8321, 8.6893 ], [ 38.8235, 8.6584 ], [ 38.8167, 8.6568 ], [ 38.8058, 8.6454 ], [ 38.8088, 8.6341 ], [ 38.7956, 8.6162 ], [ 38.7898, 8.6136 ], [ 38.7887, 8.6029 ], [ 38.7767, 8.58 ], [ 38.777, 8.5743 ], [ 38.7689, 8.569 ], [ 38.7693, 8.551 ], [ 38.7631, 8.5456 ], [ 38.7598, 8.5142 ], [ 38.7489, 8.4905 ], [ 38.7484, 8.477 ], [ 38.7501, 8.4497 ], [ 38.7535, 8.4471 ], [ 38.7567, 8.4504 ], [ 38.76, 8.4488 ], [ 38.759, 8.4372 ], [ 38.7635, 8.4338 ], [ 38.7658, 8.4262 ], [ 38.7679, 8.4017 ], [ 38.7655, 8.3934 ], [ 38.7542, 8.3909 ], [ 38.7466, 8.3856 ], [ 38.7414, 8.3907 ], [ 38.7102, 8.3826 ], [ 38.696, 8.3837 ], [ 38.6866, 8.3716 ], [ 38.6842, 8.3636 ], [ 38.6672, 8.3505 ], [ 38.666, 8.327 ], [ 38.651, 8.2851 ], [ 38.6621, 8.2708 ], [ 38.7021, 8.2445 ], [ 38.7159, 8.2312 ], [ 38.716, 8.2194 ], [ 38.6932, 8.2034 ], [ 38.6822, 8.1904 ], [ 38.6786, 8.1712 ], [ 38.6845, 8.1225 ], [ 38.6793, 8.0958 ], [ 38.6728, 8.0899 ], [ 38.6351, 8.1323 ], [ 38.6035, 8.2229 ], [ 38.6007, 8.2496 ], [ 38.5935, 8.2602 ], [ 38.5607, 8.2661 ], [ 38.5493, 8.2627 ], [ 38.5421, 8.2461 ], [ 38.5426, 8.2258 ], [ 38.568, 8.1939 ], [ 38.5873, 8.1562 ], [ 38.5885, 8.1272 ], [ 38.5839, 8.1081 ], [ 38.5934, 8.0909 ], [ 38.6219, 8.0684 ], [ 38.6127, 8.0433 ], [ 38.6277, 8.0336 ], [ 38.6245, 8.0262 ], [ 38.61, 8.0116 ], [ 38.6122, 8.0068 ], [ 38.5974, 7.9906 ], [ 38.5887, 7.9611 ], [ 38.5865, 7.9383 ], [ 38.5666, 7.9054 ], [ 38.5631, 7.8852 ], [ 38.5495, 7.8709 ], [ 38.5129, 7.8489 ], [ 38.5035, 7.831 ], [ 38.5, 7.8112 ], [ 38.4924, 7.7954 ], [ 38.4448, 7.7595 ], [ 38.4387, 7.7189 ], [ 38.4258, 7.6968 ], [ 38.4124, 7.6816 ], [ 38.4109, 7.6622 ], [ 38.4182, 7.6425 ], [ 38.4203, 7.6243 ], [ 38.4008, 7.5953 ], [ 38.401, 7.5787 ], [ 38.4228, 7.5667 ], [ 38.4232, 7.5722 ], [ 38.4308, 7.5829 ], [ 38.4431, 7.5813 ], [ 38.444, 7.584 ], [ 38.4484, 7.5836 ], [ 38.4513, 7.5898 ], [ 38.4584, 7.591 ], [ 38.4662, 7.6053 ], [ 38.4587, 7.6104 ], [ 38.4751, 7.6231 ], [ 38.4992, 7.6345 ], [ 38.5126, 7.6503 ], [ 38.5379, 7.6698 ], [ 38.5458, 7.6853 ], [ 38.6125, 7.6672 ], [ 38.697, 7.6835 ], [ 38.7102, 7.6796 ], [ 38.723, 7.6914 ], [ 38.7365, 7.6958 ], [ 38.7454, 7.6855 ], [ 38.7479, 7.6744 ], [ 38.7523, 7.6838 ], [ 38.7512, 7.6932 ], [ 38.7794, 7.6887 ], [ 38.7796, 7.683 ], [ 38.773, 7.6782 ], [ 38.7554, 7.678 ], [ 38.7573, 7.6711 ], [ 38.7634, 7.6685 ], [ 38.7649, 7.6631 ], [ 38.7723, 7.6677 ], [ 38.7767, 7.6631 ], [ 38.7823, 7.6699 ], [ 38.788, 7.6676 ], [ 38.7901, 7.659 ], [ 38.7989, 7.6478 ], [ 38.7984, 7.6588 ], [ 38.8063, 7.6774 ], [ 38.8104, 7.6994 ], [ 38.8245, 7.6988 ], [ 38.8337, 7.7041 ], [ 38.8398, 7.7017 ], [ 38.8421, 7.7066 ], [ 38.8484, 7.7072 ], [ 38.8637, 7.7042 ], [ 38.876, 7.6928 ], [ 38.8874, 7.7037 ], [ 38.8924, 7.7241 ], [ 38.8909, 7.7291 ], [ 38.8805, 7.7368 ], [ 38.8764, 7.7517 ], [ 38.8784, 7.7573 ], [ 38.8747, 7.7635 ], [ 38.8636, 7.765 ], [ 38.8658, 7.7796 ], [ 38.8702, 7.7852 ], [ 38.8522, 7.7926 ], [ 38.8581, 7.8084 ], [ 38.857, 7.8146 ], [ 38.8497, 7.8224 ], [ 38.8388, 7.8458 ], [ 38.8391, 7.8563 ], [ 38.8301, 7.8542 ], [ 38.8039, 7.8607 ], [ 38.7818, 7.8786 ], [ 38.7773, 7.8876 ], [ 38.8066, 7.9094 ], [ 38.8724, 7.9851 ], [ 38.8942, 7.9977 ], [ 38.9147, 8.027 ], [ 38.9358, 8.1055 ], [ 38.9365, 8.1226 ], [ 38.9465, 8.1624 ], [ 38.9711, 8.1842 ], [ 38.9836, 8.1836 ], [ 38.9892, 8.1997 ], [ 38.9821, 8.2447 ], [ 38.9852, 8.2607 ], [ 39.0026, 8.2929 ], [ 39.0312, 8.3095 ], [ 39.055, 8.3189 ], [ 39.073, 8.3353 ], [ 39.0945, 8.3378 ], [ 39.1046, 8.336 ], [ 39.1195, 8.3267 ], [ 39.1396, 8.3215 ], [ 39.1502, 8.3272 ], [ 39.1594, 8.3272 ], [ 39.1656, 8.3219 ], [ 39.1747, 8.2876 ], [ 39.186, 8.2784 ], [ 39.1831, 8.2722 ], [ 39.1912, 8.27 ], [ 39.1828, 8.2349 ], [ 39.2004, 8.234 ], [ 39.2138, 8.2375 ], [ 39.2171, 8.2413 ], [ 39.2415, 8.2396 ], [ 39.2454, 8.2424 ], [ 39.2509, 8.2563 ], [ 39.2522, 8.2695 ], [ 39.2494, 8.2827 ], [ 39.2613, 8.3126 ], [ 39.2627, 8.3308 ], [ 39.2586, 8.3403 ], [ 39.2641, 8.3549 ], [ 39.2638, 8.3642 ], [ 39.2718, 8.3667 ], [ 39.2839, 8.3798 ], [ 39.2897, 8.3814 ], [ 39.2925, 8.389 ], [ 39.2998, 8.381 ], [ 39.3028, 8.3826 ], [ 39.3048, 8.3928 ], [ 39.3125, 8.3973 ], [ 39.342, 8.3993 ], [ 39.3463, 8.3938 ], [ 39.3544, 8.3913 ], [ 39.3562, 8.3755 ], [ 39.3611, 8.38 ], [ 39.376, 8.3821 ], [ 39.386, 8.3762 ], [ 39.3982, 8.3921 ], [ 39.3909, 8.4096 ], [ 39.3927, 8.4174 ], [ 39.3991, 8.4232 ], [ 39.4212, 8.4199 ], [ 39.4298, 8.4072 ], [ 39.4635, 8.423 ], [ 39.4698, 8.4192 ], [ 39.4939, 8.4333 ], [ 39.5079, 8.4567 ], [ 39.5214, 8.4626 ], [ 39.5297, 8.4784 ], [ 39.5413, 8.4868 ], [ 39.551, 8.4992 ], [ 39.5638, 8.5065 ], [ 39.5735, 8.5239 ], [ 39.5824, 8.5239 ], [ 39.5908, 8.5291 ], [ 39.5904, 8.5325 ], [ 39.606, 8.5356 ], [ 39.615, 8.5292 ], [ 39.6187, 8.5339 ], [ 39.6262, 8.5284 ], [ 39.6402, 8.5413 ], [ 39.6331, 8.5419 ], [ 39.6362, 8.5517 ], [ 39.648, 8.551 ], [ 39.6528, 8.5571 ], [ 39.6501, 8.5615 ], [ 39.6516, 8.5676 ], [ 39.6679, 8.5757 ], [ 39.6737, 8.5752 ], [ 39.6772, 8.5807 ], [ 39.6872, 8.5819 ], [ 39.6939, 8.5907 ], [ 39.6968, 8.6014 ], [ 39.7024, 8.6068 ], [ 39.7104, 8.6087 ], [ 39.7147, 8.618 ], [ 39.7133, 8.6253 ], [ 39.7181, 8.6339 ], [ 39.731, 8.6377 ], [ 39.7351, 8.6426 ], [ 39.7497, 8.6434 ], [ 39.7557, 8.6509 ], [ 39.7647, 8.6501 ], [ 39.77, 8.6451 ], [ 39.7743, 8.65 ], [ 39.785, 8.6475 ], [ 39.7976, 8.6623 ], [ 39.8032, 8.6607 ], [ 39.8364, 8.6734 ], [ 39.8551, 8.6674 ], [ 39.8614, 8.6843 ], [ 39.88, 8.6947 ], [ 39.9049, 8.7162 ], [ 39.9283, 8.7086 ], [ 39.9362, 8.7019 ], [ 39.9431, 8.7047 ], [ 39.9516, 8.6773 ], [ 39.9763, 8.6622 ], [ 39.9917, 8.6618 ], [ 40.0085, 8.6781 ], [ 40.0186, 8.6796 ], [ 40.0272, 8.6894 ], [ 40.0348, 8.6929 ], [ 40.0461, 8.7074 ], [ 40.054, 8.709 ], [ 40.059, 8.7359 ], [ 40.0652, 8.7444 ], [ 40.0706, 8.7472 ], [ 40.0758, 8.7455 ], [ 40.0777, 8.7559 ], [ 40.082, 8.7574 ], [ 40.0806, 8.7615 ], [ 40.086, 8.766 ], [ 40.09, 8.7785 ], [ 40.085, 8.7908 ], [ 40.0761, 8.7967 ], [ 40.0729, 8.8049 ], [ 40.0765, 8.8117 ], [ 40.0738, 8.8196 ], [ 40.0812, 8.8287 ], [ 40.0874, 8.8455 ], [ 40.094, 8.849 ], [ 40.092, 8.8553 ], [ 40.0981, 8.8619 ], [ 40.0964, 8.8648 ], [ 40.081, 8.8513 ], [ 40.067, 8.844 ], [ 40.0512, 8.8406 ], [ 40.0242, 8.845 ], [ 40.0104, 8.8561 ], [ 40.0109, 8.8708 ], [ 40.0193, 8.8891 ], [ 40.0366, 8.9065 ], [ 40.0439, 8.9423 ], [ 40.0511, 8.9614 ], [ 40.0475, 8.9779 ], [ 40.0348, 8.9944 ], [ 40.0219, 9.0023 ], [ 39.9996, 9.0072 ], [ 39.9476, 9.0036 ], [ 39.9519, 9.03 ], [ 39.9425, 9.0477 ], [ 39.9284, 9.0541 ], [ 39.9187, 9.0684 ], [ 39.909, 9.1318 ], [ 39.8984, 9.1389 ], [ 39.8777, 9.1447 ], [ 39.849, 9.1381 ] ] ] } },
{ "type": "Feature", "properties": { "iso3": "ETH", "unit_id": "89294058B10708037174489", "unit_name": "Arsi" }, "geometry": { "type": "Polygon", "coordinates": [ [ [ 38.876, 7.6928 ], [ 38.8771, 7.6729 ], [ 38.8808, 7.674 ], [ 38.8963, 7.6675 ], [ 38.8844, 7.6349 ], [ 38.8918, 7.6017 ], [ 38.8719, 7.5787 ], [ 38.8863, 7.575 ], [ 38.8767, 7.5486 ], [ 38.8665, 7.5005 ], [ 38.873, 7.494 ], [ 38.8691, 7.4906 ], [ 38.8674, 7.4786 ], [ 38.8635, 7.4787 ], [ 38.8634, 7.4729 ], [ 38.8494, 7.4729 ], [ 38.8591, 7.4688 ], [ 38.8548, 7.4641 ], [ 38.86, 7.4625 ], [ 38.8584, 7.4575 ], [ 38.8615, 7.4551 ], [ 38.8581, 7.441 ], [ 38.851, 7.4375 ], [ 38.8417, 7.4133 ], [ 38.8556, 7.4094 ], [ 38.8525, 7.3968 ], [ 38.86, 7.3887 ], [ 38.8613, 7.369 ], [ 38.8498, 7.3523 ], [ 38.8794, 7.3508 ], [ 38.9052, 7.3269 ], [ 38.9261, 7.3282 ], [ 38.9335, 7.3339 ], [ 38.9442, 7.3366 ], [ 38.9514, 7.3283 ], [ 38.9713, 7.3211 ], [ 38.9763, 7.3265 ], [ 38.9893, 7.3308 ], [ 38.9952, 7.3281 ], [ 38.9985, 7.3337 ], [ 39.0266, 7.3303 ], [ 39.0406, 7.3441 ], [ 39.0485, 7.3412 ], [ 39.052, 7.3456 ], [ 39.0496, 7.3492 ], [ 39.055, 7.353 ], [ 39.0579, 7.3529 ], [ 39.0585, 7.3489 ], [ 39.0654, 7.3509 ], [ 39.0702, 7.3461 ], [ 39.0691, 7.3436 ], [ 39.0968, 7.3511 ], [ 39.1156, 7.3605 ], [ 39.1272, 7.3619 ], [ 39.1236, 7.3474 ], [ 39.1633, 7.3642 ], [ 39.1821, 7.3539 ], [ 39.198, 7.3347 ], [ 39.2094, 7.3289 ], [ 39.214, 7.3168 ], [ 39.2059, 7.2862 ], [ 39.2092, 7.2782 ], [ 39.221, 7.2943 ], [ 39.2362, 7.2887 ], [ 39.2528, 7.297 ], [ 39.2522, 7.3037 ], [ 39.2604, 7.3037 ], [ 39.2617, 7.3012 ], [ 39.272, 7.3052 ], [ 39.2735, 7.2952 ], [ 39.2818, 7.2975 ], [ 39.2828, 7.2921 ], [ 39.2893, 7.2929 ], [ 39.2938, 7.2759 ], [ 39.3044, 7.2752 ], [ 39.3052, 7.2686 ], [ 39.3132, 7.2663 ], [ 39.3233, 7.2752 ], [ 39.3317, 7.2738 ], [ 39.3389, 7.2572 ], [ 39.3375, 7.2517 ], [ 39.3461, 7.2525 ], [ 39.356, 7.2352 ], [ 39.3917, 7.1927 ], [ 39.4048, 7.1857 ], [ 39.4113, 7.1777 ], [ 39.4203, 7.1756 ], [ 39.4282, 7.1836 ], [ 39.439, 7.1787 ], [ 39.4431, 7.1819 ], [ 39.4478, 7.1812 ], [ 39.4434, 7.1966 ], [ 39.4452, 7.2138 ], [ 39.4527, 7.2256 ], [ 39.4601, 7.2264 ], [ 39.4745, 7.2663 ], [ 39.4994, 7.2874 ], [ 39.5017, 7.2938 ], [ 39.499, 7.2986 ], [ 39.5059, 7.3176 ], [ 39.4994, 7.3281 ], [ 39.5014, 7.3389 ], [ 39.4977, 7.3541 ], [ 39.5105, 7.3603 ], [ 39.5098, 7.3735 ], [ 39.5209, 7.3952 ], [ 39.5432, 7.4039 ], [ 39.5431, 7.4234 ], [ 39.5587, 7.4412 ], [ 39.5707, 7.4465 ], [ 39.5773, 7.4435 ], [ 39.5843, 7.4493 ], [ 39.6034, 7.4458 ], [ 39.6218, 7.4586 ], [ 39.6266, 7.4684 ], [ 39.6369, 7.4781 ], [ 39.6559, 7.479 ], [ 39.6579, 7.4815 ], [ 39.6643, 7.48 ], [ 39.6646, 7.4754 ], [ 39.6692, 7.4766 ], [ 39.6717, 7.4671 ], [ 39.6813, 7.4698 ], [ 39.69, 7.4676 ], [ 39.6989, 7.4738 ], [ 39.7125, 7.47 ], [ 39.7197, 7.464 ], [ 39.7372, 7.4619 ], [ 39.7534, 7.4535 ], [ 39.7646, 7.4404 ], [ 39.7763, 7.4382 ], [ 39.7769, 7.4424 ], [ 39.7834, 7.4453 ], [ 39.7918, 7.4423 ], [ 39.8032, 7.4447 ], [ 39.8149, 7.463 ], [ 39.8263, 7.4688 ], [ 39.8373, 7.4659 ], [ 39.8441, 7.4694 ], [ 39.858, 7.462 ], [ 39.871, 7.473 ], [ 39.8771, 7.4723 ], [ 39.8764, 7.4795 ], [ 39.8886, 7.4786 ], [ 39.8954, 7.4834 ], [ 39.908, 7.4838 ], [ 39.9142, 7.4876 ], [ 39.9223, 7.4866 ], [ 39.9262, 7.4893 ], [ 39.9513, 7.4854 ], [ 39.9493, 7.4892 ], [ 39.9575, 7.4906 ], [ 39.9635, 7.4868 ], [ 39.9651, 7.4803 ], [ 39.972, 7.4819 ], [ 39.9763, 7.4763 ], [ 39.9809, 7.4794 ], [ 39.9947, 7.4789 ], [ 40.005, 7.4742 ], [ 40.011, 7.4783 ], [ 40.0153, 7.4731 ], [ 40.0244, 7.477 ], [ 40.032, 7.4726 ], [ 40.037, 7.4735 ], [ 40.0407, 7.4674 ], [ 40.0483, 7.467 ], [ 40.0542, 7.4622 ], [ 40.0697, 7.4662 ], [ 40.0781, 7.4625 ], [ 40.0863, 7.4437 ], [ 40.1016, 7.4386 ], [ 40.1112, 7.4402 ], [ 40.1165, 7.4354 ], [ 40.1269, 7.4334 ], [ 40.144, 7.4357 ], [ 40.1461, 7.4387 ], [ 40.1595, 7.4384 ], [ 40.1656, 7.444 ], [ 40.1821, 7.4478 ], [ 40.1842, 7.4566 ], [ 40.1932, 7.452 ], [ 40.1933, 7.4563 ], [ 40.2004, 7.4623 ], [ 40.2131, 7.464 ], [ 40.2158, 7.4743 ], [ 40.2231, 7.4737 ], [ 40.2353, 7.489 ], [ 40.2406, 7.4882 ], [ 40.2467, 7.496 ], [ 40.2507, 7.4941 ], [ 40.2658, 7.5036 ], [ 40.2691, 7.5101 ], [ 40.2807, 7.5077 ], [ 40.2904, 7.514 ], [ 40.2919, 7.5216 ], [ 40.2975, 7.5297 ], [ 40.3044, 7.5325 ], [ 40.3066, 7.5426 ], [ 40.3119, 7.5481 ], [ 40.3279, 7.5515 ], [ 40.3376, 7.5611 ], [ 40.3378, 7.567 ], [ 40.3488, 7.5722 ], [ 40.3503, 7.5788 ], [ 40.3626, 7.5834 ], [ 40.3685, 7.594 ], [ 40.3804, 7.6013 ], [ 40.3956, 7.6048 ], [ 40.3954, 7.6133 ], [ 40.4072, 7.6199 ], [ 40.4167, 7.6197 ], [ 40.4292, 7.6324 ], [ 40.4629, 7.6321 ], [ 40.4656, 7.6372 ], [ 40.4809, 7.6442 ], [ 40.4941, 7.6545 ], [ 40.5098, 7.6582 ], [ 40.5178, 7.659 ], [ 40.5235, 7.6533 ], [ 40.5302, 7.6536 ], [ 40.5335, 7.6482 ], [ 40.5504, 7.6495 ], [ 40.5608, 7.6736 ], [ 40.5614, 7.6803 ], [ 40.5585, 7.684 ], [ 40.5681, 7.6927 ], [ 40.5622, 7.7004 ], [ 40.572, 7.7085 ], [ 40.5766, 7.7217 ], [ 40.5883, 7.7335 ], [ 40.5844, 7.7386 ], [ 40.5852, 7.7437 ], [ 40.5973, 7.744 ], [ 40.6045, 7.7491 ], [ 40.6028, 7.7585 ], [ 40.6095, 7.7597 ], [ 40.6084, 7.7688 ], [ 40.6182, 7.7739 ], [ 40.6254, 7.7914 ], [ 40.6324, 7.7962 ], [ 40.6375, 7.7954 ], [ 40.6394, 7.801 ], [ 40.646, 7.8007 ], [ 40.6513, 7.8055 ], [ 40.6578, 7.8046 ], [ 40.6684, 7.8129 ], [ 40.6739, 7.8081 ], [ 40.6874, 7.8246 ], [ 40.6922, 7.8246 ], [ 40.696, 7.819 ], [ 40.6959, 7.8243 ], [ 40.6992, 7.8226 ], [ 40.7094, 7.8255 ], [ 40.7116, 7.8323 ], [ 40.7088, 7.8374 ], [ 40.7139, 7.8524 ], [ 40.7224, 7.8601 ], [ 40.728, 7.8708 ], [ 40.7237, 7.8749 ], [ 40.7288, 7.8783 ], [ 40.7272, 7.8859 ], [ 40.7334, 7.8997 ], [ 40.7289, 7.9063 ], [ 40.7236, 7.9059 ], [ 40.7135, 7.9031 ], [ 40.7104, 7.8972 ], [ 40.6966, 7.8983 ], [ 40.6924, 7.8931 ], [ 40.6789, 7.9007 ], [ 40.673, 7.8935 ], [ 40.6639, 7.8892 ], [ 40.6563, 7.8936 ], [ 40.6522, 7.901 ], [ 40.6471, 7.8888 ], [ 40.6418, 7.8924 ], [ 40.6351, 7.8876 ], [ 40.6297, 7.8896 ], [ 40.633, 7.885 ], [ 40.6318, 7.8812 ], [ 40.6265, 7.8826 ], [ 40.6176, 7.8772 ], [ 40.6126, 7.8781 ], [ 40.6144, 7.8701 ], [ 40.6056, 7.8703 ], [ 40.5957, 7.8636 ], [ 40.5913, 7.8697 ], [ 40.5852, 7.8702 ], [ 40.5819, 7.8747 ], [ 40.5661, 7.8818 ], [ 40.5562, 7.8957 ], [ 40.5449, 7.8992 ], [ 40.542, 7.913 ], [ 40.5292, 7.915 ], [ 40.5227, 7.922 ], [ 40.5057, 7.9293 ], [ 40.5048, 7.9341 ], [ 40.4988, 7.9311 ], [ 40.4932, 7.9408 ], [ 40.4893, 7.9381 ], [ 40.4811, 7.9399 ], [ 40.4775, 7.9469 ], [ 40.4685, 7.9492 ], [ 40.466, 7.9589 ], [ 40.4578, 7.9623 ], [ 40.4588, 7.9705 ], [ 40.4475, 7.9719 ], [ 40.4476, 7.9776 ], [ 40.4363, 7.992 ], [ 40.4094, 8.002 ], [ 40.402, 8.0271 ], [ 40.3853, 8.0373 ], [ 40.3938, 8.0546 ], [ 40.3849, 8.0592 ], [ 40.3862, 8.0711 ], [ 40.366, 8.103 ], [ 40.3576, 8.1267 ], [ 40.361, 8.1341 ], [ 40.3827, 8.1522 ], [ 40.3862, 8.1605 ], [ 40.3835, 8.1661 ], [ 40.3877, 8.1689 ], [ 40.3896, 8.1808 ], [ 40.3755, 8.2128 ], [ 40.3747, 8.2435 ], [ 40.3627, 8.2573 ], [ 40.3575, 8.2703 ], [ 40.3596, 8.2744 ], [ 40.3526, 8.2807 ], [ 40.3515, 8.2927 ], [ 40.3411, 8.3007 ], [ 40.3362, 8.3148 ], [ 40.3308, 8.3178 ], [ 40.3295, 8.3218 ], [ 40.333, 8.3254 ], [ 40.3226, 8.3398 ], [ 40.3259, 8.3513 ], [ 40.3235, 8.3593 ], [ 40.3146, 8.3668 ], [ 40.307, 8.3965 ], [ 40.3076, 8.4245 ], [ 40.2995, 8.436 ], [ 40.3034, 8.4486 ], [ 40.3028, 8.4734 ], [ 40.3079, 8.4862 ], [ 40.3044, 8.5003 ], [ 40.3074, 8.515 ], [ 40.3019, 8.5278 ], [ 40.3038, 8.5371 ], [ 40.3005, 8.5566 ], [ 40.3012, 8.5853 ], [ 40.2911, 8.6066 ], [ 40.2788, 8.6182 ], [ 40.2582, 8.6066 ], [ 40.2619, 8.5835 ], [ 40.258, 8.5716 ], [ 40.2275, 8.5696 ], [ 40.1925, 8.5421 ], [ 40.1828, 8.5391 ], [ 40.1798, 8.5428 ], [ 40.1762, 8.5419 ], [ 40.1674, 8.556 ], [ 40.1693, 8.5709 ], [ 40.1647, 8.5786 ], [ 40.1793, 8.5987 ], [ 40.1806, 8.6092 ], [ 40.1763, 8.6148 ], [ 40.1571, 8.6198 ], [ 40.1429, 8.6275 ], [ 40.1179, 8.6184 ], [ 40.0955, 8.6354 ], [ 40.079, 8.6396 ], [ 40.066, 8.6365 ], [ 40.0592, 8.6311 ], [ 40.0428, 8.6334 ], [ 40.0295, 8.6469 ], [ 40.0306, 8.6731 ], [ 40.0229, 8.684 ], [ 40.0186, 8.6796 ], [ 40.0085, 8.6781 ], [ 39.9917, 8.6618 ], [ 39.9763, 8.6622 ], [ 39.9516, 8.6773 ], [ 39.9431, 8.7047 ], [ 39.9362, 8.7019 ], [ 39.9283, 8.7086 ], [ 39.9049, 8.7162 ], [ 39.88, 8.6947 ], [ 39.8614, 8.6843 ], [ 39.8551, 8.6674 ], [ 39.8364, 8.6734 ], [ 39.8032, 8.6607 ], [ 39.7976, 8.6623 ], [ 39.785, 8.6475 ], [ 39.7743, 8.65 ], [ 39.77, 8.6451 ], [ 39.7647, 8.6501 ], [ 39.7557, 8.6509 ], [ 39.7497, 8.6434 ], [ 39.7351, 8.6426 ], [ 39.731, 8.6377 ], [ 39.7181, 8.6339 ], [ 39.7133, 8.6253 ], [ 39.7147, 8.618 ], [ 39.7104, 8.6087 ], [ 39.7024, 8.6068 ], [ 39.6968, 8.6014 ], [ 39.6939, 8.5907 ], [ 39.6872, 8.5819 ], [ 39.6772, 8.5807 ], [ 39.6737, 8.5752 ], [ 39.6679, 8.5757 ], [ 39.6516, 8.5676 ], [ 39.6501, 8.5615 ], [ 39.6528, 8.5571 ], [ 39.648, 8.551 ], [ 39.6362, 8.5517 ], [ 39.6331, 8.5419 ], [ 39.6402, 8.5413 ], [ 39.6262, 8.5284 ], [ 39.6187, 8.5339 ], [ 39.615, 8.5292 ], [ 39.606, 8.5356 ], [ 39.5904, 8.5325 ], [ 39.5908, 8.5291 ], [ 39.5824, 8.5239 ], [ 39.5735, 8.5239 ], [ 39.5638, 8.5065 ], [ 39.551, 8.4992 ], [ 39.5413, 8.4868 ], [ 39.5297, 8.4784 ], [ 39.5214, 8.4626 ], [ 39.5079, 8.4567 ], [ 39.4939, 8.4333 ], [ 39.4698, 8.4192 ], [ 39.4635, 8.423 ], [ 39.4298, 8.4072 ], [ 39.4212, 8.4199 ], [ 39.3991, 8.4232 ], [ 39.3927, 8.4174 ], [ 39.3909, 8.4096 ], [ 39.3982, 8.3921 ], [ 39.386, 8.3762 ], [ 39.376, 8.3821 ], [ 39.3611, 8.38 ], [ 39.3562, 8.3755 ], [ 39.3544, 8.3913 ], [ 39.3463, 8.3938 ], [ 39.342, 8.3993 ], [ 39.3125, 8.3973 ], [ 39.3048, 8.3928 ], [ 39.3028, 8.3826 ], [ 39.2998, 8.381 ], [ 39.2925, 8.389 ], [ 39.2897, 8.3814 ], [ 39.2839, 8.3798 ], [ 39.2718, 8.3667 ], [ 39.2638, 8.3642 ], [ 39.2641, 8.3549 ], [ 39.2586, 8.3403 ], [ 39.2627, 8.3308 ], [ 39.2613, 8.3126 ], [ 39.2494, 8.2827 ], [ 39.2522, 8.2695 ], [ 39.2509, 8.2563 ], [ 39.2454, 8.2424 ], [ 39.2415, 8.2396 ], [ 39.2171, 8.2413 ], [ 39.2138, 8.2375 ], [ 39.2004, 8.234 ], [ 39.1828, 8.2349 ], [ 39.1912, 8.27 ], [ 39.1831, 8.2722 ], [ 39.186, 8.2784 ], [ 39.1747, 8.2876 ], [ 39.1656, 8.3219 ], [ 39.1594, 8.3272 ], [ 39.1502, 8.3272 ], [ 39.1396, 8.3215 ], [ 39.1195, 8.3267 ], [ 39.1046, 8.336 ], [ 39.0945, 8.3378 ], [ 39.073, 8.3353 ], [ 39.055, 8.3189 ], [ 39.0312, 8.3095 ], [ 39.0026, 8.2929 ], [ 38.9852, 8.2607 ], [ 38.9821, 8.2447 ], [ 38.9892, 8.1997 ], [ 38.9836, 8.1836 ], [ 38.9711, 8.1842 ], [ 38.9465, 8.1624 ], [ 38.9365, 8.1226 ], [ 38.9358, 8.1055 ], [ 38.9147, 8.027 ], [ 38.8942, 7.9977 ], [ 38.8724, 7.9851 ], [ 38.8066, 7.9094 ], [ 38.7773, 7.8876 ], [ 38.7818, 7.8786 ], [ 38.8039, 7.8607 ], [ 38.8301, 7.8542 ], [ 38.8391, 7.8563 ], [ 38.8388, 7.8458 ], [ 38.8497, 7.8224 ], [ 38.857, 7.8146 ], [ 38.8581, 7.8084 ], [ 38.8522, 7.7926 ], [ 38.8702, 7.7852 ], [ 38.8658, 7.7796 ], [ 38.8636, 7.765 ], [ 38.8747, 7.7635 ], [ 38.8784, 7.7573 ], [ 38.8764, 7.7517 ], [ 38.8805, 7.7368 ], [ 38.8909, 7.7291 ], [ 38.8924, 7.7241 ], [ 38.8874, 7.7037 ], [ 38.876, 7.6928 ] ] ] } },
{ "type": "Feature", "properties": { "iso3": "ETH", "unit_id": "89294058B14523240237430", "unit_name": "West Hararge" }, "geometry": { "type": "Polygon", "coordinates": [ [ [ 40.0964, 8.8648 ], [ 40.0981, 8.8619 ], [ 40.092, 8.8553 ], [ 40.094, 8.849 ], [ 40.0874, 8.8455 ], [ 40.0812, 8.8287 ], [ 40.0738, 8.8196 ], [ 40.0765, 8.8117 ], [ 40.0729, 8.8049 ], [ 40.0761, 8.7967 ], [ 40.085, 8.7908 ], [ 40.09, 8.7785 ], [ 40.086, 8.766 ], [ 40.0806, 8.7615 ], [ 40.082, 8.7574 ], [ 40.0777, 8.7559 ], [ 40.0758, 8.7455 ], [ 40.0706, 8.7472 ], [ 40.0652, 8.7444 ], [ 40.059, 8.7359 ], [ 40.054, 8.709 ], [ 40.0461, 8.7074 ], [ 40.0348, 8.6929 ], [ 40.0229, 8.684 ], [ 40.0306, 8.6731 ], [ 40.0295, 8.6469 ], [ 40.0428, 8.6334 ], [ 40.0592, 8.6311 ], [ 40.066, 8.6365 ], [ 40.079, 8.6396 ], [ 40.0955, 8.6354 ], [ 40.1179, 8.6184 ], [ 40.1429, 8.6275 ], [ 40.1571, 8.6198 ], [ 40.1763, 8.6148 ], [ 40.1806, 8.6092 ], [ 40.1793, 8.5987 ], [ 40.1647, 8.5786 ], [ 40.1693, 8.5709 ], [ 40.1674, 8.556 ], [ 40.1762, 8.5419 ], [ 40.1798, 8.5428 ], [ 40.1828, 8.5391 ], [ 40.1925, 8.5421 ], [ 40.2275, 8.5696 ], [ 40.258, 8.5716 ], [ 40.2619, 8.5835 ], [ 40.2582, 8.6066 ], [ 40.2788, 8.6182 ], [ 40.2911, 8.6066 ], [ 40.3012, 8.5853 ], [ 40.3005, 8.5566 ], [ 40.3038, 8.5371 ], [ 40.3019, 8.5278 ], [ 40.3074, 8.515 ], [ 40.3044, 8.5003 ], [ 40.3079, 8.4862 ], [ 40.3028, 8.4734 ], [ 40.3034, 8.4486 ], [ 40.2995, 8.436 ], [ 40.3076, 8.4245 ], [ 40.307, 8.3965 ], [ 40.3146, 8.3668 ], [ 40.3235, 8.3593 ], [ 40.3259, 8.3513 ], [ 40.3226, 8.3398 ], [ 40.333, 8.3254 ], [ 40.3295, 8.3218 ], [ 40.3308, 8.3178 ], [ 40.3362, 8.3148 ], [ 40.3411, 8.3007 ], [ 40.3515, 8.2927 ], [ 40.3526, 8.2807 ], [ 40.3596, 8.2744 ], [ 40.3575, 8.2703 ], [ 40.3627, 8.2573 ], [ 40.3747, 8.2435 ], [ 40.3755, 8.2128 ], [ 40.3896, 8.1808 ], [ 40.3877, 8.1689 ], [ 40.3835, 8.1661 ], [ 40.3862, 8.1605 ], [ 40.3827, 8.1522 ], [ 40.361, 8.1341 ], [ 40.3576, 8.1267 ], [ 40.366, 8.103 ], [ 40.3862, 8.0711 ], [ 40.3849, 8.0592 ], [ 40.3938, 8.0546 ], [ 40.3853, 8.0373 ], [ 40.402, 8.0271 ], [ 40.4094, 8.002 ], [ 40.4363, 7.992 ], [ 40.4476, 7.9776 ], [ 40.4475, 7.9719 ], [ 40.4588, 7.9705 ], [ 40.4578, 7.9623 ], [ 40.466, 7.9589 ], [ 40.4685, 7.9492 ], [ 40.4775, 7.9469 ], [ 40.4811, 7.9399 ], [ 40.4893, 7.9381 ], [ 40.4932, 7.9408 ], [ 40.4988, 7.9311 ], [ 40.5048, 7.9341 ], [ 40.5057, 7.9293 ], [ 40.5227, 7.922 ], [ 40.5292, 7.915 ], [ 40.542, 7.913 ], [ 40.5449, 7.8992 ], [ 40.5562, 7.8957 ], [ 40.5661, 7.8818 ], [ 40.5819, 7.8747 ], [ 40.5852, 7.8702 ], [ 40.5913, 7.8697 ], [ 40.5957, 7.8636 ], [ 40.6056, 7.8703 ], [ 40.6144, 7.8701 ], [ 40.6126, 7.8781 ], [ 40.6176, 7.8772 ], [ 40.6265, 7.8826 ], [ 40.6318, 7.8812 ], [ 40.633, 7.885 ], [ 40.6297, 7.8896 ], [ 40.6351, 7.8876 ], [ 40.6418, 7.8924 ], [ 40.6471, 7.8888 ], [ 40.6522, 7.901 ], [ 40.6563, 7.8936 ], [ 40.6639, 7.8892 ], [ 40.673, 7.8935 ], [ 40.6789, 7.9007 ], [ 40.6924, 7.8931 ], [ 40.6966, 7.8983 ], [ 40.7104, 7.8972 ], [ 40.7135, 7.9031 ], [ 40.7236, 7.9059 ], [ 40.7289, 7.9063 ], [ 40.7334, 7.8997 ], [ 40.732, 7.9109 ], [ 40.7384, 7.9168 ], [ 40.7403, 7.927 ], [ 40.7493, 7.9282 ], [ 40.7522, 7.9336 ], [ 40.7588, 7.9352 ], [ 40.7652, 7.9423 ], [ 40.777, 7.9454 ], [ 40.7811, 7.9524 ], [ 40.7886, 7.9527 ], [ 40.799, 7.9611 ], [ 40.8054, 7.9551 ], [ 40.8112, 7.9572 ], [ 40.8127, 7.9637 ], [ 40.8221, 7.9588 ], [ 40.8328, 7.9619 ], [ 40.8491, 7.9536 ], [ 40.8565, 7.9574 ], [ 40.8636, 7.9544 ], [ 40.8682, 7.9611 ], [ 40.8776, 7.9553 ], [ 40.882, 7.9559 ], [ 40.8872, 7.9624 ], [ 40.8973, 7.9568 ], [ 40.9095, 7.9635 ], [ 40.9163, 7.9561 ], [ 40.9231, 7.9618 ], [ 40.9309, 7.9625 ], [ 40.9368, 7.9694 ], [ 40.9563, 7.9662 ], [ 40.958, 7.97 ], [ 40.9658, 7.9733 ], [ 40.9771, 7.9709 ], [ 40.9828, 7.9753 ], [ 40.9838, 7.9859 ], [ 40.9897, 7.9954 ], [ 41.0027, 8.0019 ], [ 41.0107, 8.0006 ], [ 41.0189, 8.0073 ], [ 41.0274, 8.0046 ], [ 41.0323, 8.0143 ], [ 41.0443, 8.0087 ], [ 41.0518, 8.0114 ], [ 41.0577, 8.0222 ], [ 41.0679, 8.0282 ], [ 41.0681, 8.0363 ], [ 41.0826, 8.0507 ], [ 41.0864, 8.0623 ], [ 41.0948, 8.0615 ], [ 41.0979, 8.0717 ], [ 41.1088, 8.0718 ], [ 41.1133, 8.0806 ], [ 41.1239, 8.077 ], [ 41.1338, 8.08 ], [ 41.1401, 8.0872 ], [ 41.146, 8.0854 ], [ 41.1504, 8.0965 ], [ 41.1612, 8.1017 ], [ 41.1729, 8.1179 ], [ 41.1903, 8.126 ], [ 41.1944, 8.1314 ], [ 41.2018, 8.1299 ], [ 41.2047, 8.1345 ], [ 41.2118, 8.1355 ], [ 41.2144, 8.1254 ], [ 41.22, 8.1235 ], [ 41.2261, 8.1304 ], [ 41.243, 8.1284 ], [ 41.2481, 8.1321 ], [ 41.276, 8.138 ], [ 41.291, 8.1524 ], [ 41.3022, 8.1549 ], [ 41.3083, 8.153 ], [ 41.3342, 8.1576 ], [ 41.3492, 8.1492 ], [ 41.3619, 8.1345 ], [ 41.3858, 8.1287 ], [ 41.391, 8.122 ], [ 41.4009, 8.1242 ], [ 41.4174, 8.1132 ], [ 41.425, 8.1178 ], [ 41.4329, 8.1134 ], [ 41.4387, 8.1178 ], [ 41.4432, 8.1163 ], [ 41.4525, 8.1245 ], [ 41.4578, 8.1236 ], [ 41.4619, 8.1284 ], [ 41.4779, 8.1352 ], [ 41.4986, 8.1289 ], [ 41.5028, 8.1232 ], [ 41.5018, 8.1193 ], [ 41.5132, 8.1042 ], [ 41.5156, 8.0847 ], [ 41.5223, 8.0771 ], [ 41.5235, 8.0594 ], [ 41.5273, 8.0521 ], [ 41.5281, 8.0251 ], [ 41.5247, 8.014 ], [ 41.5287, 7.9744 ], [ 41.5366, 7.9692 ], [ 41.5408, 7.9781 ], [ 41.5462, 7.9765 ], [ 41.5662, 7.9933 ], [ 41.5776, 8.0243 ], [ 41.5803, 8.0446 ], [ 41.5698, 8.0757 ], [ 41.5738, 8.112 ], [ 41.5681, 8.1246 ], [ 41.5769, 8.1482 ], [ 41.5707, 8.161 ], [ 41.5608, 8.1704 ], [ 41.553, 8.1639 ], [ 41.5357, 8.1651 ], [ 41.5232, 8.1856 ], [ 41.5171, 8.1899 ], [ 41.5066, 8.1902 ], [ 41.5019, 8.1968 ], [ 41.4978, 8.1977 ], [ 41.4945, 8.2093 ], [ 41.4887, 8.2165 ], [ 41.4876, 8.253 ], [ 41.4815, 8.2623 ], [ 41.4593, 8.2657 ], [ 41.4564, 8.2758 ], [ 41.4484, 8.2798 ], [ 41.4437, 8.2918 ], [ 41.4492, 8.2959 ], [ 41.45, 8.3047 ], [ 41.444, 8.3143 ], [ 41.4126, 8.3292 ], [ 41.3966, 8.3522 ], [ 41.3883, 8.357 ], [ 41.3858, 8.3622 ], [ 41.3668, 8.3597 ], [ 41.3657, 8.3539 ], [ 41.3584, 8.3518 ], [ 41.3558, 8.3555 ], [ 41.3437, 8.3579 ], [ 41.338, 8.3656 ], [ 41.3314, 8.3644 ], [ 41.319, 8.3726 ], [ 41.3133, 8.3706 ], [ 41.3141, 8.3759 ], [ 41.2946, 8.3848 ], [ 41.2923, 8.391 ], [ 41.2823, 8.3897 ], [ 41.2831, 8.3997 ], [ 41.2765, 8.4016 ], [ 41.2636, 8.4223 ], [ 41.2534, 8.4292 ], [ 41.2452, 8.4491 ], [ 41.2508, 8.465 ], [ 41.2614, 8.469 ], [ 41.2642, 8.4809 ], [ 41.2627, 8.4885 ], [ 41.2725, 8.5083 ], [ 41.2692, 8.5195 ], [ 41.2773, 8.5289 ], [ 41.2768, 8.5415 ], [ 41.2723, 8.5483 ], [ 41.2772, 8.5574 ], [ 41.2728, 8.5614 ], [ 41.2721, 8.5816 ], [ 41.2663, 8.5872 ], [ 41.2701, 8.5956 ], [ 41.2658, 8.6012 ], [ 41.2682, 8.6138 ], [ 41.2435, 8.6593 ], [ 41.221, 8.681 ], [ 41.2103, 8.6848 ], [ 41.2049, 8.7082 ], [ 41.2023, 8.7131 ], [ 41.1925, 8.7166 ], [ 41.1891, 8.7216 ], [ 41.1826, 8.7497 ], [ 41.1732, 8.7682 ], [ 41.1863, 8.787 ], [ 41.1881, 8.8 ], [ 41.1969, 8.8055 ], [ 41.2061, 8.8203 ], [ 41.2079, 8.8376 ], [ 41.2281, 8.8728 ], [ 41.2338, 8.9036 ], [ 41.241, 8.9232 ], [ 41.2396, 8.9424 ], [ 41.2451, 8.9652 ], [ 41.2583, 8.9893 ], [ 41.26, 9.0079 ], [ 41.267, 9.0105 ], [ 41.2738, 9.0295 ], [ 41.28, 9.0316 ], [ 41.2758, 9.0541 ], [ 41.2891, 9.086 ], [ 41.283, 9.1171 ], [ 41.2665, 9.1327 ], [ 41.2738, 9.1518 ], [ 41.2577, 9.1594 ], [ 41.2531, 9.1668 ], [ 41.245, 9.1616 ], [ 41.2406, 9.1653 ], [ 41.2409, 9.1737 ], [ 41.2342, 9.1767 ], [ 41.231, 9.1697 ], [ 41.2376, 9.1635 ], [ 41.225, 9.1657 ], [ 41.2086, 9.1764 ], [ 41.2069, 9.1816 ], [ 41.2135, 9.1934 ], [ 41.2314, 9.2051 ], [ 41.2391, 9.2139 ], [ 41.2531, 9.2388 ], [ 41.2717, 9.2481 ], [ 41.2769, 9.255 ], [ 41.2722, 9.259 ], [ 41.2723, 9.2631 ], [ 41.2808, 9.2672 ], [ 41.2718, 9.2843 ], [ 41.2607, 9.2912 ], [ 41.254, 9.303 ], [ 41.2496, 9.3252 ], [ 41.2512, 9.3297 ], [ 41.2543, 9.3285 ], [ 41.26, 9.3324 ], [ 41.2578, 9.3397 ], [ 41.2507, 9.3468 ], [ 41.2407, 9.3507 ], [ 41.2377, 9.3728 ], [ 41.2311, 9.3789 ], [ 41.231, 9.384 ], [ 41.2246, 9.3878 ], [ 41.224, 9.3943 ], [ 41.2187, 9.4008 ], [ 41.2211, 9.4067 ], [ 41.2176, 9.4139 ], [ 41.2072, 9.4184 ], [ 41.211, 9.4257 ], [ 41.1993, 9.4366 ], [ 41.1918, 9.4598 ], [ 41.1454, 9.4246 ], [ 41.0835, 9.4044 ], [ 41.0565, 9.3911 ], [ 41.0141, 9.3572 ], [ 40.9707, 9.3515 ], [ 40.9536, 9.3356 ], [ 40.927, 9.3231 ], [ 40.8441, 9.3048 ], [ 40.8248, 9.3054 ], [ 40.8126, 9.3109 ], [ 40.7926, 9.3674 ], [ 40.7888, 9.3869 ], [ 40.7976, 9.3956 ], [ 40.8281, 9.3931 ], [ 40.8582, 9.3854 ], [ 40.8912, 9.3895 ], [ 40.9275, 9.4051 ], [ 40.9175, 9.4218 ], [ 40.89, 9.4486 ], [ 40.8622, 9.463 ], [ 40.8424, 9.4636 ], [ 40.8158, 9.4527 ], [ 40.7832, 9.4479 ], [ 40.7195, 9.4439 ], [ 40.6986, 9.4476 ], [ 40.6889, 9.4384 ], [ 40.6755, 9.4175 ], [ 40.6596, 9.4043 ], [ 40.636, 9.3959 ], [ 40.606, 9.391 ], [ 40.5284, 9.3855 ], [ 40.4988, 9.375 ], [ 40.471, 9.3548 ], [ 40.4258, 9.3043 ], [ 40.4081, 9.2812 ], [ 40.327, 9.1547 ], [ 40.2455, 9.0749 ], [ 40.246, 9.0354 ], [ 40.2378, 8.9973 ], [ 40.1699, 8.9645 ], [ 40.1522, 8.932 ], [ 40.0964, 8.8648 ] ] ] } },
{ "type": "Feature", "properties": { "iso3": "ETH", "unit_id": "89294058B76111626257241", "unit_name": "East Hararge" }, "geometry": { "type": "Polygon", "coordinates": [ [ [ 41.5366, 7.9692 ], [ 41.5366, 7.9353 ], [ 41.5462, 7.9264 ], [ 41.5525, 7.9286 ], [ 41.559, 7.9217 ], [ 41.5564, 7.9088 ], [ 41.5641, 7.8963 ], [ 41.5627, 7.8788 ], [ 41.5701, 7.8683 ], [ 41.5707, 7.8493 ], [ 41.5742, 7.8471 ], [ 41.5832, 7.8609 ], [ 41.5876, 7.8624 ], [ 41.6037, 7.8412 ], [ 41.6014, 7.8109 ], [ 41.6111, 7.7987 ], [ 41.6124, 7.7872 ], [ 41.6039, 7.7669 ], [ 41.6188, 7.7531 ], [ 41.6233, 7.7336 ], [ 41.6417, 7.7254 ], [ 41.6484, 7.7186 ], [ 41.6484, 7.711 ], [ 41.6738, 7.6954 ], [ 41.6765, 7.6704 ], [ 41.7057, 7.6585 ], [ 41.7007, 7.634 ], [ 41.7529, 7.6129 ], [ 41.8194, 7.5618 ], [ 41.8461, 7.557 ], [ 41.8614, 7.5306 ], [ 41.8675, 7.5312 ], [ 41.8678, 7.5382 ], [ 41.9048, 7.6359 ], [ 41.9425, 7.7275 ], [ 41.9571, 7.7748 ], [ 41.9124, 7.8444 ], [ 41.9263, 8.0806 ], [ 41.9484, 8.2009 ], [ 42.0271, 8.323 ], [ 42.026, 8.4258 ], [ 42.0697, 8.494 ], [ 42.2156, 8.6112 ], [ 42.2327, 8.635 ], [ 42.2397, 8.6399 ], [ 42.2631, 8.636 ], [ 42.323, 8.5368 ], [ 42.5026, 8.4921 ], [ 42.5201, 8.4787 ], [ 42.5298, 8.4548 ], [ 42.567, 8.2556 ], [ 42.5781, 8.2285 ], [ 42.616, 8.1596 ], [ 42.6306, 8.1404 ], [ 42.6514, 8.1297 ], [ 42.6614, 8.1303 ], [ 42.6785, 8.1473 ], [ 42.7016, 8.1796 ], [ 42.7349, 8.2944 ], [ 42.7682, 8.3632 ], [ 42.7794, 8.3733 ], [ 42.7982, 8.3701 ], [ 42.8844, 8.3985 ], [ 42.8988, 8.4091 ], [ 42.897, 8.4578 ], [ 42.9108, 8.4988 ], [ 42.9124, 8.5221 ], [ 42.9053, 8.5822 ], [ 42.8988, 8.6027 ], [ 42.8599, 8.6363 ], [ 42.8384, 8.6644 ], [ 42.832, 8.6952 ], [ 42.8439, 8.7579 ], [ 42.8654, 8.8044 ], [ 42.8653, 8.8251 ], [ 42.8495, 8.8443 ], [ 42.8052, 8.87 ], [ 42.7306, 8.948 ], [ 42.7031, 8.9809 ], [ 42.6801, 9.015 ], [ 42.6623, 9.049 ], [ 42.6443, 9.073 ], [ 42.5993, 9.1062 ], [ 42.6351, 9.144 ], [ 42.6347, 9.1585 ], [ 42.6143, 9.174 ], [ 42.5955, 9.1936 ], [ 42.5836, 9.2154 ], [ 42.5796, 9.2375 ], [ 42.571, 9.2582 ], [ 42.5514, 9.2866 ], [ 42.547, 9.3052 ], [ 42.5563, 9.3211 ], [ 42.5516, 9.3452 ], [ 42.5375, 9.373 ], [ 42.5849, 9.4092 ], [ 42.6035, 9.4166 ], [ 42.6409, 9.4475 ], [ 42.6661, 9.4587 ], [ 42.682, 9.4699 ], [ 42.7147, 9.4745 ], [ 42.7287, 9.4829 ], [ 42.7361, 9.4951 ], [ 42.7763, 9.5119 ], [ 42.7875, 9.5231 ], [ 42.8136, 9.5726 ], [ 42.8407, 9.5829 ], [ 42.8641, 9.5866 ], [ 42.8799, 9.5847 ], [ 42.9089, 9.5632 ], [ 42.921, 9.5651 ], [ 42.9434, 9.5875 ], [ 42.9686, 9.5922 ], [ 42.9798, 9.6071 ], [ 42.978, 9.6286 ], [ 42.964, 9.6557 ], [ 42.9509, 9.6725 ], [ 42.935, 9.68 ], [ 42.9079, 9.6501 ], [ 42.8977, 9.6501 ], [ 42.8538, 9.6622 ], [ 42.823, 9.6744 ], [ 42.7305, 9.7211 ], [ 42.6941, 9.7687 ], [ 42.681, 9.7743 ], [ 42.6474, 9.7752 ], [ 42.6185, 9.7584 ], [ 42.5681, 9.7369 ], [ 42.499, 9.7211 ], [ 42.4485, 9.722 ], [ 42.3766, 9.7138 ], [ 42.3462, 9.7214 ], [ 42.3398, 9.7196 ], [ 42.3181, 9.7057 ], [ 42.2719, 9.667 ], [ 42.2586, 9.6516 ], [ 42.2408, 9.6566 ], [ 42.2205, 9.6562 ], [ 42.2005, 9.6531 ], [ 42.1804, 9.6443 ], [ 42.1422, 9.6203 ], [ 42.1249, 9.6145 ], [ 42.1334, 9.5825 ], [ 42.1461, 9.5706 ], [ 42.1526, 9.5564 ], [ 42.1389, 9.5347 ], [ 42.1097, 9.508 ], [ 42.0963, 9.5013 ], [ 42.0811, 9.4882 ], [ 42.0748, 9.4737 ], [ 42.0676, 9.4748 ], [ 42.0521, 9.492 ], [ 42.0317, 9.5044 ], [ 42.0191, 9.5082 ], [ 41.9825, 9.5085 ], [ 41.9387, 9.4795 ], [ 41.9134, 9.4725 ], [ 41.8597, 9.488 ], [ 41.8387, 9.4779 ], [ 41.8152, 9.4767 ], [ 41.7925, 9.4895 ], [ 41.773, 9.4911 ], [ 41.7545, 9.4846 ], [ 41.7346, 9.4715 ], [ 41.7219, 9.4675 ], [ 41.7023, 9.4667 ], [ 41.6702, 9.4706 ], [ 41.6542, 9.4812 ], [ 41.6426, 9.5151 ], [ 41.5642, 9.5069 ], [ 41.5406, 9.4996 ], [ 41.491, 9.4574 ], [ 41.4326, 9.4759 ], [ 41.3931, 9.4858 ], [ 41.3365, 9.4946 ], [ 41.3087, 9.5031 ], [ 41.2523, 9.5004 ], [ 41.2306, 9.4957 ], [ 41.2199, 9.4907 ], [ 41.1918, 9.4598 ], [ 41.1993, 9.4366 ], [ 41.211, 9.4257 ], [ 41.2072, 9.4184 ], [ 41.2176, 9.4139 ], [ 41.2211, 9.4067 ], [ 41.2187, 9.4008 ], [ 41.224, 9.3943 ], [ 41.2246, 9.3878 ], [ 41.231, 9.384 ], [ 41.2311, 9.3789 ], [ 41.2377, 9.3728 ], [ 41.2407, 9.3507 ], [ 41.2507, 9.3468 ], [ 41.2578, 9.3397 ], [ 41.26, 9.3324 ], [ 41.2543, 9.3285 ], [ 41.2512, 9.3297 ], [ 41.2496, 9.3252 ], [ 41.254, 9.303 ], [ 41.2607, 9.2912 ], [ 41.2718, 9.2843 ], [ 41.2808, 9.2672 ], [ 41.2723, 9.2631 ], [ 41.2722, 9.259 ], [ 41.2769, 9.255 ], [ 41.2717, 9.2481 ], [ 41.2531, 9.2388 ], [ 41.2391, 9.2139 ], [ 41.2314, 9.2051 ], [ 41.2135, 9.1934 ], [ 41.2069, 9.1816 ], [ 41.2086, 9.1764 ], [ 41.225, 9.1657 ], [ 41.2376, 9.1635 ], [ 41.231, 9.1697 ], [ 41.2342, 9.1767 ], [ 41.2409, 9.1737 ], [ 41.2406, 9.1653 ], [ 41.245, 9.1616 ], [ 41.2531, 9.1668 ], [ 41.2577, 9.1594 ], [ 41.2738, 9.1518 ], [ 41.2665, 9.1327 ], [ 41.283, 9.1171 ], [ 41.2891, 9.086 ], [ 41.2758, 9.0541 ], [ 41.28, 9.0316 ], [ 41.2738, 9.0295 ], [ 41.267, 9.0105 ], [ 41.26, 9.0079 ], [ 41.2583, 8.9893 ], [ 41.2451, 8.9652 ], [ 41.2396, 8.9424 ], [ 41.241, 8.9232 ], [ 41.2338, 8.9036 ], [ 41.2281, 8.8728 ], [ 41.2079, 8.8376 ], [ 41.2061, 8.8203 ], [ 41.1969, 8.8055 ], [ 41.1881, 8.8 ], [ 41.1863, 8.787 ], [ 41.1732, 8.7682 ], [ 41.1826, 8.7497 ], [ 41.1891, 8.7216 ], [ 41.1925, 8.7166 ], [ 41.2023, 8.7131 ], [ 41.2049, 8.7082 ], [ 41.2103, 8.6848 ], [ 41.221, 8.681 ], [ 41.2435, 8.6593 ], [ 41.2682, 8.6138 ], [ 41.2658, 8.6012 ], [ 41.2701, 8.5956 ], [ 41.2663, 8.5872 ], [ 41.2721, 8.5816 ], [ 41.2728, 8.5614 ], [ 41.2772, 8.5574 ], [ 41.2723, 8.5483 ], [ 41.2768, 8.5415 ], [ 41.2773, 8.5289 ], [ 41.2692, 8.5195 ], [ 41.2725, 8.5083 ], [ 41.2627, 8.4885 ], [ 41.2642, 8.4809 ], [ 41.2614, 8.469 ], [ 41.2508, 8.465 ], [ 41.2452, 8.4491 ], [ 41.2534, 8.4292 ], [ 41.2636, 8.4223 ], [ 41.2765, 8.4016 ], [ 41.2831, 8.3997 ], [ 41.2823, 8.3897 ], [ 41.2923, 8.391 ], [ 41.2946, 8.3848 ], [ 41.3141, 8.3759 ], [ 41.3133, 8.3706 ], [ 41.319, 8.3726 ], [ 41.3314, 8.3644 ], [ 41.338, 8.3656 ], [ 41.3437, 8.3579 ], [ 41.3558, 8.3555 ], [ 41.3584, 8.3518 ], [ 41.3657, 8.3539 ], [ 41.3668, 8.3597 ], [ 41.3858, 8.3622 ], [ 41.3883, 8.357 ], [ 41.3966, 8.3522 ], [ 41.4126, 8.3292 ], [ 41.444, 8.3143 ], [ 41.45, 8.3047 ], [ 41.4492, 8.2959 ], [ 41.4437, 8.2918 ], [ 41.4484, 8.2798 ], [ 41.4564, 8.2758 ], [ 41.4593, 8.2657 ], [ 41.4815, 8.2623 ], [ 41.4876, 8.253 ], [ 41.4887, 8.2165 ], [ 41.4945, 8.2093 ], [ 41.4978, 8.1977 ], [ 41.5019, 8.1968 ], [ 41.5066, 8.1902 ], [ 41.5171, 8.1899 ], [ 41.5232, 8.1856 ], [ 41.5357, 8.1651 ], [ 41.553, 8.1639 ], [ 41.5608, 8.1704 ], [ 41.5707, 8.161 ], [ 41.5769, 8.1482 ], [ 41.5681, 8.1246 ], [ 41.5738, 8.112 ], [ 41.5698, 8.0757 ], [ 41.5803, 8.0446 ], [ 41.5776, 8.0243 ], [ 41.5662, 7.9933 ], [ 41.5462, 7.9765 ], [ 41.5408, 7.9781 ], [ 41.5366, 7.9692 ] ], [ [ 42.0613, 9.2265 ], [ 42.0605, 9.2659 ], [ 42.0705, 9.3039 ], [ 42.1142, 9.3725 ], [ 42.1291, 9.3887 ], [ 42.1466, 9.3875 ], [ 42.1686, 9.3628 ], [ 42.1874, 9.3617 ], [ 42.2381, 9.3849 ], [ 42.253, 9.3838 ], [ 42.2703, 9.3617 ], [ 42.2585, 9.3344 ], [ 42.265, 9.3213 ], [ 42.266, 9.3098 ], [ 42.2503, 9.2855 ], [ 42.2493, 9.27 ], [ 42.2687, 9.2296 ], [ 42.272, 9.2157 ], [ 42.2594, 9.1923 ], [ 42.2337, 9.1859 ], [ 42.1975, 9.2199 ], [ 42.1486, 9.2063 ], [ 42.1273, 9.2266 ], [ 42.1124, 9.2307 ], [ 42.0737, 9.221 ], [ 42.0613, 9.2265 ] ] ] } },
{ "type": "Feature", "properties": { "iso3": "ETH", "unit_id": "89294058B87565970401670", "unit_name": "Bale" }, "geometry": { "type": "Polygon", "coordinates": [ [ [ 39.5241, 7.3983 ], [ 39.5305, 7.3807 ], [ 39.5313, 7.3609 ], [ 39.5357, 7.3518 ], [ 39.5525, 7.3517 ], [ 39.5679, 7.3648 ], [ 39.5775, 7.3631 ], [ 39.5787, 7.3538 ], [ 39.5855, 7.3477 ], [ 39.5815, 7.3403 ], [ 39.5866, 7.3268 ], [ 39.5992, 7.3222 ], [ 39.6036, 7.3147 ], [ 39.6132, 7.3092 ], [ 39.6218, 7.2931 ], [ 39.6241, 7.2825 ], [ 39.6205, 7.2813 ], [ 39.6268, 7.2742 ], [ 39.6334, 7.2772 ], [ 39.6344, 7.2681 ], [ 39.6405, 7.2609 ], [ 39.6347, 7.2526 ], [ 39.6456, 7.2504 ], [ 39.6484, 7.2371 ], [ 39.6639, 7.228 ], [ 39.6693, 7.2302 ], [ 39.6841, 7.2286 ], [ 39.6889, 7.2198 ], [ 39.685, 7.2017 ], [ 39.6929, 7.1914 ], [ 39.6805, 7.1886 ], [ 39.6646, 7.191 ], [ 39.6282, 7.1479 ], [ 39.6202, 7.1476 ], [ 39.6141, 7.1432 ], [ 39.5989, 7.1448 ], [ 39.5935, 7.1412 ], [ 39.601, 7.1327 ], [ 39.6028, 7.1256 ], [ 39.6075, 7.1235 ], [ 39.6166, 7.1272 ], [ 39.6153, 7.1187 ], [ 39.6113, 7.1187 ], [ 39.6127, 7.1038 ], [ 39.6207, 7.0992 ], [ 39.6232, 7.0906 ], [ 39.628, 7.0897 ], [ 39.6363, 7.0812 ], [ 39.643, 7.0876 ], [ 39.6558, 7.0815 ], [ 39.6613, 7.0695 ], [ 39.6608, 7.0537 ], [ 39.6737, 7.0527 ], [ 39.6801, 7.0359 ], [ 39.6721, 7.0209 ], [ 39.6748, 7.0132 ], [ 39.6788, 7.0171 ], [ 39.6971, 7.0183 ], [ 39.7015, 7.0224 ], [ 39.7058, 7.0183 ], [ 39.7194, 7.0184 ], [ 39.71, 6.9928 ], [ 39.7313, 6.9714 ], [ 39.7272, 6.962 ], [ 39.7292, 6.9516 ], [ 39.7451, 6.9283 ], [ 39.7578, 6.9191 ], [ 39.7707, 6.9151 ], [ 39.7404, 6.8708 ], [ 39.6852, 6.8361 ], [ 39.6291, 6.7833 ], [ 39.6156, 6.7613 ], [ 39.6279, 6.7464 ], [ 39.6441, 6.7131 ], [ 39.6423, 6.7063 ], [ 39.6381, 6.7053 ], [ 39.6418, 6.7021 ], [ 39.6414, 6.6902 ], [ 39.6343, 6.6899 ], [ 39.632, 6.6856 ], [ 39.5983, 6.6907 ], [ 39.5958, 6.6859 ], [ 39.5982, 6.6842 ], [ 39.5797, 6.6711 ], [ 39.5287, 6.72 ], [ 39.5202, 6.7142 ], [ 39.5218, 6.6952 ], [ 39.5095, 6.6744 ], [ 39.4931, 6.667 ], [ 39.4695, 6.6648 ], [ 39.4639, 6.6575 ], [ 39.4603, 6.6574 ], [ 39.4498, 6.6357 ], [ 39.4276, 6.6195 ], [ 39.4198, 6.6017 ], [ 39.422, 6.576 ], [ 39.4295, 6.5557 ], [ 39.4269, 6.5447 ], [ 39.4012, 6.5555 ], [ 39.3407, 6.5199 ], [ 39.3371, 6.5148 ], [ 39.3401, 6.4973 ], [ 39.3353, 6.4816 ], [ 39.3377, 6.474 ], [ 39.3257, 6.465 ], [ 39.3054, 6.4355 ], [ 39.2965, 6.43 ], [ 39.2957, 6.4123 ], [ 39.2794, 6.3693 ], [ 39.2739, 6.3745 ], [ 39.271, 6.3719 ], [ 39.2506, 6.3708 ], [ 39.242, 6.3592 ], [ 39.2353, 6.3319 ], [ 39.2232, 6.3226 ], [ 39.2158, 6.3079 ], [ 39.2068, 6.3019 ], [ 39.2115, 6.2876 ], [ 39.2213, 6.2784 ], [ 39.2532, 6.2821 ], [ 39.2747, 6.2732 ], [ 39.2782, 6.2627 ], [ 39.2903, 6.2483 ], [ 39.2898, 6.2395 ], [ 39.2953, 6.2332 ], [ 39.2994, 6.2331 ], [ 39.3102, 6.2181 ], [ 39.3097, 6.2139 ], [ 39.3181, 6.2017 ], [ 39.3126, 6.1835 ], [ 39.3172, 6.1761 ], [ 39.3173, 6.1673 ], [ 39.3366, 6.1544 ], [ 39.3303, 6.1419 ], [ 39.3297, 6.1254 ], [ 39.3357, 6.1176 ], [ 39.352, 6.1074 ], [ 39.3578, 6.0953 ], [ 39.3539, 6.0921 ], [ 39.3442, 6.0914 ], [ 39.3436, 6.082 ], [ 39.3383, 6.0797 ], [ 39.3401, 6.0582 ], [ 39.3569, 6.0504 ], [ 39.3739, 6.0322 ], [ 39.3748, 6.0202 ], [ 39.3698, 6.0081 ], [ 39.3796, 6.0077 ], [ 39.3835, 6.0036 ], [ 39.3803, 5.9971 ], [ 39.3819, 5.995 ], [ 39.3762, 5.9881 ], [ 39.3837, 5.9872 ], [ 39.3838, 5.9681 ], [ 39.4006, 5.9476 ], [ 39.4065, 5.9341 ], [ 39.4242, 5.923 ], [ 39.4466, 5.8973 ], [ 39.4662, 5.8894 ], [ 39.4667, 5.8841 ], [ 39.4503, 5.8613 ], [ 39.4435, 5.8459 ], [ 39.4499, 5.8317 ], [ 39.4476, 5.8193 ], [ 39.4589, 5.8103 ], [ 39.4481, 5.7897 ], [ 39.463, 5.7704 ], [ 39.4924, 5.7446 ], [ 39.5059, 5.7456 ], [ 39.5164, 5.7331 ], [ 39.5114, 5.7291 ], [ 39.513, 5.7218 ], [ 39.5261, 5.7096 ], [ 39.5336, 5.7128 ], [ 39.5497, 5.7022 ], [ 39.5624, 5.6993 ], [ 39.5668, 5.704 ], [ 39.5643, 5.714 ], [ 39.5736, 5.7225 ], [ 39.5845, 5.7226 ], [ 39.5965, 5.715 ], [ 39.6096, 5.7144 ], [ 39.6206, 5.7289 ], [ 39.6427, 5.7214 ], [ 39.6526, 5.7099 ], [ 39.6633, 5.7112 ], [ 39.6674, 5.7042 ], [ 39.6769, 5.7042 ], [ 39.7029, 5.688 ], [ 39.7098, 5.6776 ], [ 39.7165, 5.6763 ], [ 39.7117, 5.6734 ], [ 39.7117, 5.6655 ], [ 39.7305, 5.6471 ], [ 39.7192, 5.6467 ], [ 39.7183, 5.6424 ], [ 39.7119, 5.639 ], [ 39.7141, 5.632 ], [ 39.6978, 5.6174 ], [ 39.6958, 5.6094 ], [ 39.7046, 5.6012 ], [ 39.7034, 5.5953 ], [ 39.6912, 5.5962 ], [ 39.682, 5.5928 ], [ 39.6824, 5.5744 ], [ 39.6654, 5.5729 ], [ 39.6712, 5.5551 ], [ 39.6862, 5.5481 ], [ 39.6876, 5.5388 ], [ 39.6844, 5.526 ], [ 39.6906, 5.5218 ], [ 39.6908, 5.517 ], [ 39.6968, 5.519 ], [ 39.7047, 5.508 ], [ 39.7129, 5.5055 ], [ 39.7291, 5.514 ], [ 39.7354, 5.5098 ], [ 39.7425, 5.514 ], [ 39.753, 5.513 ], [ 39.755, 5.5173 ], [ 39.7722, 5.5129 ], [ 39.7834, 5.5168 ], [ 39.798, 5.5156 ], [ 39.8051, 5.5198 ], [ 39.8166, 5.5106 ], [ 39.8297, 5.5073 ], [ 39.8503, 5.5079 ], [ 39.8791, 5.4913 ], [ 39.8867, 5.4812 ], [ 39.8927, 5.4818 ], [ 39.9028, 5.4728 ], [ 39.9218, 5.4485 ], [ 39.9326, 5.4161 ], [ 39.9383, 5.4167 ], [ 39.9535, 5.409 ], [ 39.9591, 5.4107 ], [ 39.9668, 5.3975 ], [ 39.9727, 5.3973 ], [ 39.9754, 5.3933 ], [ 39.9748, 5.3955 ], [ 40.0023, 5.3938 ], [ 40.0337, 5.3968 ], [ 40.0634, 5.3785 ], [ 40.098, 5.3649 ], [ 40.1744, 5.3534 ], [ 40.2084, 5.3555 ], [ 40.2406, 5.3661 ], [ 40.2767, 5.3682 ], [ 40.3695, 5.3864 ], [ 40.5329, 5.4106 ], [ 40.549, 5.4277 ], [ 40.5635, 5.4539 ], [ 40.581, 5.4759 ], [ 40.6054, 5.4903 ], [ 40.6331, 5.5301 ], [ 40.6796, 5.5406 ], [ 40.6944, 5.5672 ], [ 40.7529, 5.5944 ], [ 40.8115, 5.6349 ], [ 40.8322, 5.6559 ], [ 40.865, 5.669 ], [ 40.9223, 5.6834 ], [ 40.8748, 5.8079 ], [ 40.8784, 5.9875 ], [ 40.8667, 6.0766 ], [ 40.8695, 6.0945 ], [ 40.8664, 6.1337 ], [ 40.8679, 6.1513 ], [ 40.878, 6.1877 ], [ 40.8816, 6.2443 ], [ 40.8797, 6.2665 ], [ 40.8645, 6.3203 ], [ 40.8619, 6.3457 ], [ 40.864, 6.351 ], [ 40.8506, 6.3441 ], [ 40.8387, 6.3508 ], [ 40.8305, 6.3479 ], [ 40.8243, 6.3501 ], [ 40.8123, 6.342 ], [ 40.8052, 6.3277 ], [ 40.7997, 6.3398 ], [ 40.7943, 6.3441 ], [ 40.7954, 6.3559 ], [ 40.7869, 6.3603 ], [ 40.778, 6.3773 ], [ 40.7668, 6.3887 ], [ 40.7639, 6.4077 ], [ 40.7538, 6.4157 ], [ 40.7512, 6.422 ], [ 40.74, 6.4285 ], [ 40.7396, 6.4258 ], [ 40.7369, 6.4265 ], [ 40.7152, 6.4491 ], [ 40.6955, 6.4559 ], [ 40.6806, 6.4712 ], [ 40.6812, 6.4743 ], [ 40.6731, 6.4775 ], [ 40.6667, 6.4949 ], [ 40.6648, 6.5148 ], [ 40.6447, 6.5366 ], [ 40.6441, 6.546 ], [ 40.6404, 6.5494 ], [ 40.6443, 6.5568 ], [ 40.6437, 6.5631 ], [ 40.6557, 6.586 ], [ 40.6551, 6.5932 ], [ 40.6585, 6.5951 ], [ 40.653, 6.5977 ], [ 40.6617, 6.6054 ], [ 40.6605, 6.6147 ], [ 40.656, 6.6159 ], [ 40.6561, 6.622 ], [ 40.6513, 6.6266 ], [ 40.6491, 6.6442 ], [ 40.6454, 6.6482 ], [ 40.663, 6.6688 ], [ 40.6535, 6.6758 ], [ 40.6503, 6.6855 ], [ 40.6585, 6.6936 ], [ 40.6433, 6.7226 ], [ 40.6762, 6.732 ], [ 40.6921, 6.7303 ], [ 40.7536, 6.7773 ], [ 40.7457, 6.7866 ], [ 40.7482, 6.8027 ], [ 40.7518, 6.8111 ], [ 40.7631, 6.8055 ], [ 40.7677, 6.8177 ], [ 40.7585, 6.8341 ], [ 40.7546, 6.8694 ], [ 40.7648, 6.8892 ], [ 40.74, 6.8926 ], [ 40.7257, 6.8912 ], [ 40.7015, 6.9191 ], [ 40.7103, 6.9265 ], [ 40.7218, 6.9439 ], [ 40.7218, 6.9461 ], [ 40.7124, 6.9482 ], [ 40.7108, 6.9669 ], [ 40.7068, 6.973 ], [ 40.6926, 6.9828 ], [ 40.6809, 6.9852 ], [ 40.672, 6.9833 ], [ 40.6549, 6.9909 ], [ 40.6446, 7.0031 ], [ 40.6463, 7.0201 ], [ 40.6252, 7.0244 ], [ 40.6166, 7.0306 ], [ 40.6133, 7.057 ], [ 40.6178, 7.0746 ], [ 40.6156, 7.0782 ], [ 40.6168, 7.0973 ], [ 40.6134, 7.1019 ], [ 40.5939, 7.1001 ], [ 40.5675, 7.1111 ], [ 40.533, 7.1532 ], [ 40.5178, 7.1379 ], [ 40.5201, 7.133 ], [ 40.5071, 7.1205 ], [ 40.4667, 7.1428 ], [ 40.4467, 7.1436 ], [ 40.4337, 7.1386 ], [ 40.4364, 7.1318 ], [ 40.4648, 7.1287 ], [ 40.47, 7.1254 ], [ 40.4709, 7.1222 ], [ 40.4668, 7.1181 ], [ 40.4722, 7.1097 ], [ 40.4546, 7.1071 ], [ 40.4612, 7.1005 ], [ 40.4608, 7.0956 ], [ 40.4548, 7.1015 ], [ 40.4379, 7.1089 ], [ 40.434, 7.1211 ], [ 40.4009, 7.1255 ], [ 40.3984, 7.1139 ], [ 40.3958, 7.1165 ], [ 40.3916, 7.1152 ], [ 40.3892, 7.1222 ], [ 40.3733, 7.1339 ], [ 40.3746, 7.1389 ], [ 40.3672, 7.1508 ], [ 40.3645, 7.1653 ], [ 40.3606, 7.1708 ], [ 40.3447, 7.1779 ], [ 40.3351, 7.1769 ], [ 40.321, 7.1836 ], [ 40.3075, 7.1838 ], [ 40.295, 7.1942 ], [ 40.2995, 7.1971 ], [ 40.2951, 7.2135 ], [ 40.2894, 7.2184 ], [ 40.2915, 7.2216 ], [ 40.2832, 7.231 ], [ 40.2812, 7.2456 ], [ 40.2755, 7.2517 ], [ 40.2877, 7.2567 ], [ 40.2972, 7.2766 ], [ 40.3, 7.2786 ], [ 40.3018, 7.2764 ], [ 40.3237, 7.2947 ], [ 40.3251, 7.3103 ], [ 40.3368, 7.313 ], [ 40.3228, 7.3271 ], [ 40.3224, 7.3509 ], [ 40.3265, 7.3554 ], [ 40.3325, 7.3539 ], [ 40.336, 7.3584 ], [ 40.3548, 7.355 ], [ 40.3649, 7.3573 ], [ 40.3635, 7.359 ], [ 40.3707, 7.3682 ], [ 40.3655, 7.3804 ], [ 40.3689, 7.3971 ], [ 40.3542, 7.3888 ], [ 40.3305, 7.4001 ], [ 40.3441, 7.4009 ], [ 40.3602, 7.4123 ], [ 40.3471, 7.4141 ], [ 40.3579, 7.438 ], [ 40.3506, 7.4392 ], [ 40.3396, 7.4262 ], [ 40.3423, 7.4395 ], [ 40.3379, 7.4448 ], [ 40.3481, 7.4594 ], [ 40.3722, 7.465 ], [ 40.3847, 7.4892 ], [ 40.3633, 7.5156 ], [ 40.3657, 7.5209 ], [ 40.3642, 7.538 ], [ 40.3522, 7.5503 ], [ 40.3416, 7.5702 ], [ 40.3378, 7.567 ], [ 40.3376, 7.5611 ], [ 40.3279, 7.5515 ], [ 40.3119, 7.5481 ], [ 40.3066, 7.5426 ], [ 40.3044, 7.5325 ], [ 40.2975, 7.5297 ], [ 40.2904, 7.514 ], [ 40.2807, 7.5077 ], [ 40.2691, 7.5101 ], [ 40.2658, 7.5036 ], [ 40.2507, 7.4941 ], [ 40.2467, 7.496 ], [ 40.2406, 7.4882 ], [ 40.2353, 7.489 ], [ 40.2231, 7.4737 ], [ 40.2158, 7.4743 ], [ 40.2131, 7.464 ], [ 40.2004, 7.4623 ], [ 40.1933, 7.4563 ], [ 40.1932, 7.452 ], [ 40.1842, 7.4566 ], [ 40.1821, 7.4478 ], [ 40.1656, 7.444 ], [ 40.1595, 7.4384 ], [ 40.1461, 7.4387 ], [ 40.144, 7.4357 ], [ 40.1269, 7.4334 ], [ 40.1165, 7.4354 ], [ 40.1112, 7.4402 ], [ 40.1016, 7.4386 ], [ 40.0863, 7.4437 ], [ 40.0781, 7.4625 ], [ 40.0697, 7.4662 ], [ 40.0542, 7.4622 ], [ 40.0483, 7.467 ], [ 40.0407, 7.4674 ], [ 40.037, 7.4735 ], [ 40.032, 7.4726 ], [ 40.0244, 7.477 ], [ 40.0153, 7.4731 ], [ 40.011, 7.4783 ], [ 40.005, 7.4742 ], [ 39.9947, 7.4789 ], [ 39.9809, 7.4794 ], [ 39.9763, 7.4763 ], [ 39.972, 7.4819 ], [ 39.9651, 7.4803 ], [ 39.9635, 7.4868 ], [ 39.9575, 7.4906 ], [ 39.9493, 7.4892 ], [ 39.9513, 7.4854 ], [ 39.9262, 7.4893 ], [ 39.9223, 7.4866 ], [ 39.9142, 7.4876 ], [ 39.908, 7.4838 ], [ 39.8954, 7.4834 ], [ 39.8886, 7.4786 ], [ 39.8764, 7.4795 ], [ 39.8771, 7.4723 ], [ 39.871, 7.473 ], [ 39.858, 7.462 ], [ 39.8441, 7.4694 ], [ 39.8373, 7.4659 ], [ 39.8263, 7.4688 ], [ 39.8149, 7.463 ], [ 39.8032, 7.4447 ], [ 39.7918, 7.4423 ], [ 39.7834, 7.4453 ], [ 39.7727, 7.4378 ], [ 39.7646, 7.4404 ], [ 39.7534, 7.4535 ], [ 39.7372, 7.4619 ], [ 39.7197, 7.464 ], [ 39.7125, 7.47 ], [ 39.6989, 7.4738 ], [ 39.69, 7.4676 ], [ 39.6813, 7.4698 ], [ 39.6717, 7.4671 ], [ 39.6692, 7.4766 ], [ 39.6646, 7.4754 ], [ 39.6643, 7.48 ], [ 39.6579, 7.4815 ], [ 39.6559, 7.479 ], [ 39.6369, 7.4781 ], [ 39.6266, 7.4684 ], [ 39.6218, 7.4586 ], [ 39.6034, 7.4458 ], [ 39.5843, 7.4493 ], [ 39.5773, 7.4435 ], [ 39.5707, 7.4465 ], [ 39.5587, 7.4412 ], [ 39.5431, 7.4234 ], [ 39.5432, 7.4039 ], [ 39.5319, 7.3982 ], [ 39.5241, 7.3983 ] ] ] } },
{ "type": "Feature", "properties": { "iso3": "ETH", "unit_id": "89294058B20439545033213", "unit_name": "Borena" }, "geometry": { "type": "Polygon", "coordinates": [ [ [ 38.1211, 3.6117 ], [ 38.0561, 3.6519 ], [ 38.0336, 3.6981 ], [ 37.9981, 3.7286 ], [ 37.2806, 4.1944 ], [ 37.1303, 4.2864 ], [ 37.0992, 4.3317 ], [ 37.0397, 4.3755 ], [ 36.8878, 4.4347 ], [ 36.7143, 4.4339 ], [ 36.6575, 4.5804 ], [ 36.6808, 4.6043 ], [ 36.6464, 4.7108 ], [ 36.8285, 4.7092 ], [ 36.8547, 4.7361 ], [ 36.8635, 4.793 ], [ 36.8608, 4.9351 ], [ 36.8648, 4.9442 ], [ 36.8607, 4.9788 ], [ 36.8822, 5.075 ], [ 36.893, 5.1098 ], [ 36.9212, 5.1451 ], [ 36.949, 5.1947 ], [ 36.9831, 5.1924 ], [ 37.0033, 5.1991 ], [ 37.0821, 5.1864 ], [ 37.1122, 5.1863 ], [ 37.1818, 5.1939 ], [ 37.1972, 5.2103 ], [ 37.2169, 5.2127 ], [ 37.2381, 5.1994 ], [ 37.2924, 5.1944 ], [ 37.3172, 5.1735 ], [ 37.3407, 5.1596 ], [ 37.3672, 5.1551 ], [ 37.4172, 5.1666 ], [ 37.4656, 5.1932 ], [ 37.4913, 5.2029 ], [ 37.5179, 5.2205 ], [ 37.5779, 5.2424 ], [ 37.5798, 5.2477 ], [ 37.6297, 5.266 ], [ 37.6467, 5.2993 ], [ 37.6742, 5.3076 ], [ 37.7009, 5.3059 ], [ 37.7289, 5.2922 ], [ 37.7471, 5.2766 ], [ 37.7728, 5.2834 ], [ 37.8101, 5.2683 ], [ 37.8271, 5.2497 ], [ 37.8527, 5.2346 ], [ 37.8851, 5.2343 ], [ 37.9098, 5.2448 ], [ 37.9127, 5.2609 ], [ 37.9186, 5.2651 ], [ 37.9346, 5.2596 ], [ 37.9434, 5.2654 ], [ 37.95, 5.2616 ], [ 37.9637, 5.2605 ], [ 37.9613, 5.2436 ], [ 37.9685, 5.242 ], [ 37.968, 5.2381 ], [ 37.9793, 5.235 ], [ 37.9866, 5.2284 ], [ 37.9935, 5.2275 ], [ 37.9985, 5.2331 ], [ 38.0074, 5.2172 ], [ 38.0137, 5.2141 ], [ 38.0209, 5.2177 ], [ 38.0285, 5.2326 ], [ 38.0353, 5.2379 ], [ 38.0423, 5.2344 ], [ 38.0496, 5.237 ], [ 38.0592, 5.2357 ], [ 38.0661, 5.2436 ], [ 38.076, 5.248 ], [ 38.0954, 5.2435 ], [ 38.1004, 5.245 ], [ 38.1068, 5.26 ], [ 38.1017, 5.2967 ], [ 38.1058, 5.3074 ], [ 38.1216, 5.3245 ], [ 38.1244, 5.2976 ], [ 38.1369, 5.2894 ], [ 38.1519, 5.3111 ], [ 38.1721, 5.3235 ], [ 38.1773, 5.3192 ], [ 38.1882, 5.3198 ], [ 38.1984, 5.3114 ], [ 38.2177, 5.314 ], [ 38.2238, 5.3091 ], [ 38.2307, 5.2921 ], [ 38.2453, 5.2923 ], [ 38.2527, 5.2889 ], [ 38.2637, 5.2913 ], [ 38.2842, 5.2856 ], [ 38.2879, 5.2875 ], [ 38.3026, 5.2791 ], [ 38.3088, 5.2827 ], [ 38.3087, 5.2888 ], [ 38.3116, 5.2906 ], [ 38.3208, 5.2841 ], [ 38.3239, 5.2754 ], [ 38.3386, 5.2684 ], [ 38.3376, 5.2598 ], [ 38.3484, 5.2593 ], [ 38.3673, 5.2471 ], [ 38.3733, 5.2491 ], [ 38.3811, 5.2419 ], [ 38.3957, 5.2393 ], [ 38.4005, 5.2321 ], [ 38.4001, 5.2259 ], [ 38.3983, 5.2194 ], [ 38.3922, 5.2149 ], [ 38.4128, 5.1966 ], [ 38.426, 5.1912 ], [ 38.429, 5.1821 ], [ 38.4402, 5.1747 ], [ 38.4399, 5.1679 ], [ 38.4492, 5.1498 ], [ 38.4444, 5.1486 ], [ 38.4438, 5.1445 ], [ 38.4594, 5.1274 ], [ 38.468, 5.1242 ], [ 38.4877, 5.1282 ], [ 38.4933, 5.1261 ], [ 38.4919, 5.1233 ], [ 38.495, 5.1215 ], [ 38.4993, 5.1258 ], [ 38.5119, 5.1241 ], [ 38.5119, 5.1301 ], [ 38.5148, 5.1241 ], [ 38.5227, 5.1229 ], [ 38.5302, 5.1286 ], [ 38.5276, 5.1311 ], [ 38.5299, 5.1441 ], [ 38.5367, 5.1396 ], [ 38.5436, 5.1485 ], [ 38.5523, 5.1491 ], [ 38.559, 5.1431 ], [ 38.5633, 5.1508 ], [ 38.5699, 5.1453 ], [ 38.5766, 5.1471 ], [ 38.5844, 5.1416 ], [ 38.5888, 5.1477 ], [ 38.5916, 5.1439 ], [ 38.5952, 5.1457 ], [ 38.6011, 5.1412 ], [ 38.6058, 5.1425 ], [ 38.6111, 5.133 ], [ 38.6178, 5.1341 ], [ 38.6131, 5.1244 ], [ 38.6263, 5.1179 ], [ 38.632, 5.1077 ], [ 38.6352, 5.1103 ], [ 38.6471, 5.1083 ], [ 38.6512, 5.1154 ], [ 38.6624, 5.1203 ], [ 38.678, 5.1162 ], [ 38.681, 5.1089 ], [ 38.6947, 5.1053 ], [ 38.7004, 5.0934 ], [ 38.7082, 5.0891 ], [ 38.71, 5.0776 ], [ 38.7162, 5.0672 ], [ 38.7133, 5.0585 ], [ 38.719, 5.0629 ], [ 38.7222, 5.0595 ], [ 38.7281, 5.0613 ], [ 38.7305, 5.0568 ], [ 38.7394, 5.066 ], [ 38.7355, 5.0675 ], [ 38.7393, 5.0736 ], [ 38.7503, 5.0698 ], [ 38.7521, 5.0664 ], [ 38.7542, 5.0731 ], [ 38.7616, 5.073 ], [ 38.7664, 5.0763 ], [ 38.772, 5.0695 ], [ 38.7732, 5.0741 ], [ 38.7803, 5.0786 ], [ 38.7759, 5.0809 ], [ 38.7803, 5.0847 ], [ 38.778, 5.0892 ], [ 38.7845, 5.0991 ], [ 38.7901, 5.0977 ], [ 38.7928, 5.1047 ], [ 38.8033, 5.101 ], [ 38.8127, 5.0917 ], [ 38.8153, 5.0965 ], [ 38.8094, 5.1091 ], [ 38.811, 5.1136 ], [ 38.804, 5.1152 ], [ 38.8058, 5.1187 ], [ 38.8123, 5.1193 ], [ 38.8107, 5.1257 ], [ 38.8137, 5.1252 ], [ 38.8229, 5.1509 ], [ 38.8295, 5.1519 ], [ 38.8323, 5.1584 ], [ 38.8428, 5.166 ], [ 38.8536, 5.1612 ], [ 38.8611, 5.1658 ], [ 38.8617, 5.1594 ], [ 38.8703, 5.1539 ], [ 38.8893, 5.1233 ], [ 38.897, 5.1224 ], [ 38.8952, 5.1153 ], [ 38.9014, 5.1097 ], [ 38.91, 5.1093 ], [ 38.9047, 5.1003 ], [ 38.9139, 5.1048 ], [ 38.9164, 5.1193 ], [ 38.9316, 5.1223 ], [ 38.9477, 5.1192 ], [ 38.9511, 5.1256 ], [ 38.9589, 5.1255 ], [ 38.9604, 5.135 ], [ 38.9674, 5.1391 ], [ 38.9848, 5.1417 ], [ 38.9916, 5.1353 ], [ 39.003, 5.1331 ], [ 39.0072, 5.1256 ], [ 39.0119, 5.1244 ], [ 39.0097, 5.1196 ], [ 39.0173, 5.0959 ], [ 39.0205, 5.0964 ], [ 39.0241, 5.0883 ], [ 39.0307, 5.0882 ], [ 39.0305, 5.0818 ], [ 39.05, 5.0686 ], [ 39.0478, 5.0648 ], [ 39.0618, 5.0541 ], [ 39.0655, 5.0475 ], [ 39.0744, 5.0464 ], [ 39.1026, 5.0523 ], [ 39.11, 5.0512 ], [ 39.1146, 5.0437 ], [ 39.119, 5.0421 ], [ 39.1179, 5.027 ], [ 39.1254, 5.0028 ], [ 39.1384, 4.9955 ], [ 39.1501, 4.9783 ], [ 39.1525, 4.9723 ], [ 39.1499, 4.9657 ], [ 39.1602, 4.9492 ], [ 39.1606, 4.9372 ], [ 39.1776, 4.9245 ], [ 39.1906, 4.923 ], [ 39.188, 4.9091 ], [ 39.1993, 4.9085 ], [ 39.2092, 4.9015 ], [ 39.2085, 4.8935 ], [ 39.2214, 4.8893 ], [ 39.2243, 4.8824 ], [ 39.2439, 4.8763 ], [ 39.2495, 4.8687 ], [ 39.2606, 4.8711 ], [ 39.2682, 4.862 ], [ 39.2798, 4.8625 ], [ 39.2795, 4.8703 ], [ 39.2898, 4.8659 ], [ 39.2916, 4.8752 ], [ 39.3063, 4.8696 ], [ 39.3136, 4.8629 ], [ 39.3219, 4.8634 ], [ 39.3388, 4.8538 ], [ 39.3444, 4.858 ], [ 39.3632, 4.8521 ], [ 39.3692, 4.8346 ], [ 39.3761, 4.8321 ], [ 39.3755, 4.8267 ], [ 39.3697, 4.8203 ], [ 39.3724, 4.8153 ], [ 39.3709, 4.8069 ], [ 39.3762, 4.8023 ], [ 39.3729, 4.793 ], [ 39.3743, 4.7835 ], [ 39.3798, 4.7721 ], [ 39.3876, 4.7676 ], [ 39.3875, 4.7612 ], [ 39.396, 4.7566 ], [ 39.4122, 4.7559 ], [ 39.4137, 4.7494 ], [ 39.4304, 4.7316 ], [ 39.4328, 4.7226 ], [ 39.4617, 4.7251 ], [ 39.4802, 4.7166 ], [ 39.4865, 4.7263 ], [ 39.499, 4.7208 ], [ 39.5038, 4.7121 ], [ 39.5342, 4.7202 ], [ 39.5477, 4.7083 ], [ 39.5577, 4.7044 ], [ 39.5634, 4.7098 ], [ 39.5719, 4.7119 ], [ 39.587, 4.7087 ], [ 39.5893, 4.701 ], [ 39.6003, 4.6921 ], [ 39.6054, 4.6835 ], [ 39.6307, 4.6858 ], [ 39.636, 4.6769 ], [ 39.6581, 4.6685 ], [ 39.6683, 4.653 ], [ 39.672, 4.6519 ], [ 39.678, 4.6584 ], [ 39.697, 4.6519 ], [ 39.7017, 4.6558 ], [ 39.7085, 4.655 ], [ 39.7227, 4.6714 ], [ 39.723, 4.6804 ], [ 39.7426, 4.6969 ], [ 39.7443, 4.7043 ], [ 39.7459, 4.6666 ], [ 39.717, 4.6157 ], [ 39.7033, 4.5682 ], [ 39.6556, 4.4689 ], [ 39.6188, 4.3685 ], [ 39.5858, 4.2965 ], [ 39.567, 4.2646 ], [ 39.5397, 4.2352 ], [ 39.5288, 4.1667 ], [ 39.4783, 4.0403 ], [ 39.4997, 3.9657 ], [ 39.4828, 3.942 ], [ 39.3996, 3.7957 ], [ 39.2847, 3.6231 ], [ 39.2205, 3.6025 ], [ 39.0911, 3.5311 ], [ 39.0847, 3.5344 ], [ 38.9136, 3.5139 ], [ 38.7294, 3.5672 ], [ 38.6219, 3.6017 ], [ 38.5169, 3.6269 ], [ 38.4481, 3.5994 ], [ 38.298, 3.6092 ], [ 38.1211, 3.6117 ] ] ] } },
{ "type": "Feature", "properties": { "iso3": "ETH", "unit_id": "89294058B36056070138871", "unit_name": "South West Shewa" }, "geometry": { "type": "Polygon", "coordinates": [ [ [ 37.5248, 8.4206 ], [ 37.558, 8.4255 ], [ 37.5761, 8.4141 ], [ 37.598, 8.3653 ], [ 37.612, 8.3541 ], [ 37.6661, 8.3835 ], [ 37.6787, 8.3777 ], [ 37.7045, 8.337 ], [ 37.717, 8.3341 ], [ 37.748, 8.3518 ], [ 37.7655, 8.3471 ], [ 37.779, 8.3397 ], [ 37.8163, 8.3318 ], [ 37.8629, 8.3357 ], [ 37.8876, 8.3499 ], [ 37.91, 8.3705 ], [ 37.928, 8.3782 ], [ 37.9484, 8.3674 ], [ 37.9882, 8.3595 ], [ 38.028, 8.3903 ], [ 38.0389, 8.3892 ], [ 38.0667, 8.376 ], [ 38.0771, 8.3806 ], [ 38.0865, 8.3901 ], [ 38.11, 8.3904 ], [ 38.1225, 8.4066 ], [ 38.139, 8.4094 ], [ 38.1642, 8.4081 ], [ 38.18, 8.3929 ], [ 38.2175, 8.4088 ], [ 38.2663, 8.4066 ], [ 38.282, 8.3996 ], [ 38.2893, 8.3807 ], [ 38.3115, 8.3699 ], [ 38.307, 8.2997 ], [ 38.3219, 8.2723 ], [ 38.3332, 8.2586 ], [ 38.3473, 8.2542 ], [ 38.3755, 8.2659 ], [ 38.3824, 8.2735 ], [ 38.4216, 8.289 ], [ 38.4302, 8.2988 ], [ 38.4517, 8.385 ], [ 38.4616, 8.3998 ], [ 38.4683, 8.435 ], [ 38.4779, 8.4474 ], [ 38.5015, 8.444 ], [ 38.5268, 8.4576 ], [ 38.5758, 8.4449 ], [ 38.5909, 8.426 ], [ 38.6043, 8.4316 ], [ 38.6168, 8.4311 ], [ 38.6396, 8.4121 ], [ 38.6545, 8.3946 ], [ 38.6672, 8.3505 ], [ 38.6842, 8.3636 ], [ 38.6866, 8.3716 ], [ 38.696, 8.3837 ], [ 38.7102, 8.3826 ], [ 38.7414, 8.3907 ], [ 38.7466, 8.3856 ], [ 38.7542, 8.3909 ], [ 38.7655, 8.3934 ], [ 38.7679, 8.4017 ], [ 38.7658, 8.4262 ], [ 38.7635, 8.4338 ], [ 38.759, 8.4372 ], [ 38.76, 8.4488 ], [ 38.7567, 8.4504 ], [ 38.7535, 8.4471 ], [ 38.7501, 8.4497 ], [ 38.7484, 8.477 ], [ 38.7489, 8.4905 ], [ 38.7598, 8.5142 ], [ 38.7631, 8.5456 ], [ 38.7482, 8.5482 ], [ 38.7404, 8.5602 ], [ 38.7314, 8.5666 ], [ 38.7005, 8.5686 ], [ 38.6975, 8.5761 ], [ 38.7063, 8.5889 ], [ 38.7008, 8.5927 ], [ 38.7032, 8.6037 ], [ 38.693, 8.6022 ], [ 38.6897, 8.6049 ], [ 38.6925, 8.6077 ], [ 38.6898, 8.6099 ], [ 38.6912, 8.6154 ], [ 38.6962, 8.6181 ], [ 38.6985, 8.6348 ], [ 38.6873, 8.6396 ], [ 38.6654, 8.6378 ], [ 38.6513, 8.6471 ], [ 38.6405, 8.6588 ], [ 38.6288, 8.6651 ], [ 38.6202, 8.679 ], [ 38.6239, 8.6837 ], [ 38.6173, 8.6908 ], [ 38.6211, 8.6963 ], [ 38.618, 8.6989 ], [ 38.6105, 8.6981 ], [ 38.6047, 8.7047 ], [ 38.5986, 8.7041 ], [ 38.5871, 8.7112 ], [ 38.5811, 8.7091 ], [ 38.5768, 8.7128 ], [ 38.5738, 8.7095 ], [ 38.5658, 8.7127 ], [ 38.5559, 8.7056 ], [ 38.525, 8.703 ], [ 38.5194, 8.6976 ], [ 38.4981, 8.6975 ], [ 38.4953, 8.7033 ], [ 38.4969, 8.7071 ], [ 38.4903, 8.7139 ], [ 38.493, 8.7236 ], [ 38.4854, 8.7276 ], [ 38.4827, 8.7366 ], [ 38.4752, 8.7326 ], [ 38.4611, 8.7373 ], [ 38.4648, 8.7602 ], [ 38.461, 8.7678 ], [ 38.4491, 8.778 ], [ 38.4485, 8.783 ], [ 38.4442, 8.7784 ], [ 38.44, 8.7791 ], [ 38.4347, 8.7884 ], [ 38.4294, 8.7906 ], [ 38.4267, 8.8052 ], [ 38.4204, 8.8164 ], [ 38.4237, 8.8227 ], [ 38.4309, 8.8214 ], [ 38.4308, 8.8261 ], [ 38.424, 8.8293 ], [ 38.4297, 8.8364 ], [ 38.4164, 8.836 ], [ 38.4197, 8.842 ], [ 38.4105, 8.8475 ], [ 38.4162, 8.8526 ], [ 38.4088, 8.8521 ], [ 38.4019, 8.8598 ], [ 38.3931, 8.8637 ], [ 38.3901, 8.8759 ], [ 38.3796, 8.8823 ], [ 38.3768, 8.8909 ], [ 38.3681, 8.8893 ], [ 38.3468, 8.8928 ], [ 38.344, 8.8955 ], [ 38.3463, 8.9067 ], [ 38.3346, 8.9137 ], [ 38.3232, 8.9083 ], [ 38.3169, 8.9004 ], [ 38.2948, 8.8941 ], [ 38.2919, 8.8854 ], [ 38.2873, 8.8836 ], [ 38.282, 8.8752 ], [ 38.2753, 8.858 ], [ 38.2526, 8.8522 ], [ 38.2529, 8.8638 ], [ 38.2489, 8.8714 ], [ 38.2392, 8.8794 ], [ 38.2308, 8.8821 ], [ 38.2233, 8.8804 ], [ 38.2025, 8.8872 ], [ 38.1981, 8.8938 ], [ 38.1653, 8.9021 ], [ 38.1568, 8.8851 ], [ 38.1481, 8.888 ], [ 38.1439, 8.8855 ], [ 38.1246, 8.8924 ], [ 38.1236, 8.8944 ], [ 38.1315, 8.9 ], [ 38.1384, 8.921 ], [ 38.1258, 8.9252 ], [ 38.1216, 8.9315 ], [ 38.1013, 8.9104 ], [ 38.0959, 8.9158 ], [ 38.0896, 8.9054 ], [ 38.0827, 8.9022 ], [ 38.0806, 8.8926 ], [ 38.0862, 8.8882 ], [ 38.0956, 8.8914 ], [ 38.105, 8.889 ], [ 38.1071, 8.8926 ], [ 38.1162, 8.889 ], [ 38.1211, 8.8761 ], [ 38.1277, 8.8739 ], [ 38.1271, 8.8653 ], [ 38.1344, 8.8504 ], [ 38.1397, 8.8528 ], [ 38.1423, 8.8486 ], [ 38.1421, 8.8277 ], [ 38.1461, 8.8238 ], [ 38.1441, 8.817 ], [ 38.1344, 8.8172 ], [ 38.1335, 8.8218 ], [ 38.1267, 8.8199 ], [ 38.12, 8.8222 ], [ 38.1194, 8.8302 ], [ 38.1074, 8.8377 ], [ 38.0967, 8.8361 ], [ 38.0907, 8.8401 ], [ 38.082, 8.8403 ], [ 38.0632, 8.8287 ], [ 38.0513, 8.8337 ], [ 38.0393, 8.8168 ], [ 38.0276, 8.8115 ], [ 38.0216, 8.812 ], [ 38.0245, 8.8018 ], [ 38.0199, 8.803 ], [ 38.0185, 8.7978 ], [ 38.0138, 8.7948 ], [ 38.0198, 8.7928 ], [ 38.0258, 8.7855 ], [ 38.0356, 8.7845 ], [ 38.0333, 8.7802 ], [ 38.0226, 8.7754 ], [ 38.0247, 8.7723 ], [ 38.0201, 8.765 ], [ 38.0188, 8.7524 ], [ 38.0087, 8.7519 ], [ 38.009, 8.7625 ], [ 38.0026, 8.7668 ], [ 37.9669, 8.7721 ], [ 37.9648, 8.7763 ], [ 37.948, 8.7724 ], [ 37.9466, 8.78 ], [ 37.927, 8.7817 ], [ 37.9172, 8.7912 ], [ 37.914, 8.805 ], [ 37.9052, 8.8111 ], [ 37.8993, 8.8111 ], [ 37.895, 8.818 ], [ 37.886, 8.8144 ], [ 37.8906, 8.8226 ], [ 37.8714, 8.8197 ], [ 37.8697, 8.8118 ], [ 37.8583, 8.8147 ], [ 37.854, 8.8226 ], [ 37.8474, 8.8206 ], [ 37.8426, 8.8146 ], [ 37.8403, 8.8019 ], [ 37.8164, 8.8027 ], [ 37.7952, 8.8143 ], [ 37.796, 8.81 ], [ 37.809, 8.7985 ], [ 37.8095, 8.7899 ], [ 37.8067, 8.7855 ], [ 37.7939, 8.7841 ], [ 37.7859, 8.7897 ], [ 37.7846, 8.7947 ], [ 37.7808, 8.7855 ], [ 37.7844, 8.7735 ], [ 37.7827, 8.7674 ], [ 37.7751, 8.7588 ], [ 37.7668, 8.7564 ], [ 37.7597, 8.747 ], [ 37.732, 8.7413 ], [ 37.7262, 8.7364 ], [ 37.7125, 8.7335 ], [ 37.6986, 8.7226 ], [ 37.6893, 8.7238 ], [ 37.6804, 8.7187 ], [ 37.6734, 8.7106 ], [ 37.6728, 8.6888 ], [ 37.6697, 8.6874 ], [ 37.6584, 8.6974 ], [ 37.6565, 8.7036 ], [ 37.6495, 8.7021 ], [ 37.6484, 8.7057 ], [ 37.6409, 8.7059 ], [ 37.6444, 8.7007 ], [ 37.6391, 8.6948 ], [ 37.6375, 8.6857 ], [ 37.6255, 8.6735 ], [ 37.6248, 8.6581 ], [ 37.6165, 8.6613 ], [ 37.6146, 8.6756 ], [ 37.6035, 8.6816 ], [ 37.6019, 8.677 ], [ 37.6071, 8.6773 ], [ 37.6086, 8.6694 ], [ 37.6051, 8.6633 ], [ 37.6112, 8.6523 ], [ 37.6039, 8.6525 ], [ 37.6086, 8.6413 ], [ 37.6002, 8.6272 ], [ 37.6053, 8.6228 ], [ 37.6004, 8.6177 ], [ 37.6035, 8.6172 ], [ 37.6024, 8.6125 ], [ 37.6058, 8.6091 ], [ 37.6049, 8.6031 ], [ 37.6016, 8.6017 ], [ 37.605, 8.5889 ], [ 37.5953, 8.5823 ], [ 37.599, 8.5789 ], [ 37.5945, 8.5765 ], [ 37.5939, 8.5666 ], [ 37.58, 8.5652 ], [ 37.581, 8.5355 ], [ 37.5714, 8.5144 ], [ 37.561, 8.5196 ], [ 37.5583, 8.5179 ], [ 37.5592, 8.5063 ], [ 37.5533, 8.498 ], [ 37.5426, 8.491 ], [ 37.5349, 8.4902 ], [ 37.5294, 8.4794 ], [ 37.5249, 8.4551 ], [ 37.5196, 8.4487 ], [ 37.5249, 8.4341 ], [ 37.5214, 8.4289 ], [ 37.5248, 8.4206 ] ] ] } },
{ "type": "Feature", "properties": { "iso3": "ETH", "unit_id": "89294058B46678601568037", "unit_name": "Guji" }, "geometry": { "type": "Polygon", "coordinates": [ [ [ 39.2063, 6.2986 ], [ 39.1973, 6.2992 ], [ 39.1798, 6.2851 ], [ 39.1751, 6.2849 ], [ 39.1662, 6.2914 ], [ 39.1586, 6.3076 ], [ 39.1378, 6.3246 ], [ 39.1347, 6.343 ], [ 39.1391, 6.3557 ], [ 39.135, 6.3548 ], [ 39.1345, 6.3596 ], [ 39.1253, 6.357 ], [ 39.1257, 6.3219 ], [ 39.1195, 6.299 ], [ 39.0909, 6.2708 ], [ 39.086, 6.252 ], [ 39.1132, 6.1766 ], [ 39.1304, 6.166 ], [ 39.1319, 6.1588 ], [ 39.0797, 6.153 ], [ 39.0345, 6.1374 ], [ 38.9881, 6.1471 ], [ 38.9606, 6.1593 ], [ 38.9209, 6.2286 ], [ 38.8977, 6.2586 ], [ 38.8856, 6.2848 ], [ 38.8741, 6.3008 ], [ 38.832, 6.3432 ], [ 38.8121, 6.3559 ], [ 38.7715, 6.3998 ], [ 38.758, 6.4091 ], [ 38.7387, 6.409 ], [ 38.7072, 6.3925 ], [ 38.6906, 6.4062 ], [ 38.672, 6.409 ], [ 38.6615, 6.4191 ], [ 38.645, 6.4232 ], [ 38.6267, 6.417 ], [ 38.6063, 6.4228 ], [ 38.5833, 6.437 ], [ 38.5665, 6.4405 ], [ 38.5038, 6.4363 ], [ 38.4753, 6.4304 ], [ 38.441, 6.4054 ], [ 38.4276, 6.3859 ], [ 38.4243, 6.3687 ], [ 38.4218, 6.3482 ], [ 38.4275, 6.3002 ], [ 38.4254, 6.2901 ], [ 38.433, 6.2655 ], [ 38.439, 6.2169 ], [ 38.4347, 6.1988 ], [ 38.3942, 6.1818 ], [ 38.377, 6.1645 ], [ 38.3653, 6.1428 ], [ 38.3625, 6.1202 ], [ 38.3422, 6.0824 ], [ 38.3629, 6.0743 ], [ 38.3672, 6.0798 ], [ 38.3743, 6.0777 ], [ 38.3745, 6.0859 ], [ 38.3774, 6.0873 ], [ 38.3869, 6.0784 ], [ 38.3887, 6.094 ], [ 38.3952, 6.0984 ], [ 38.4019, 6.0736 ], [ 38.4049, 6.0719 ], [ 38.4153, 6.0755 ], [ 38.4204, 6.0714 ], [ 38.4236, 6.0748 ], [ 38.4321, 6.0706 ], [ 38.4457, 6.0596 ], [ 38.4439, 6.0458 ], [ 38.4618, 6.0253 ], [ 38.4633, 6.0279 ], [ 38.4779, 6.0277 ], [ 38.5001, 6.0101 ], [ 38.5054, 6.0 ], [ 38.5119, 5.9963 ], [ 38.5183, 5.998 ], [ 38.5186, 6.0007 ], [ 38.5224, 5.9995 ], [ 38.5415, 5.981 ], [ 38.5449, 5.9732 ], [ 38.5492, 5.9726 ], [ 38.5524, 5.9636 ], [ 38.5674, 5.9544 ], [ 38.5786, 5.9422 ], [ 38.5833, 5.9446 ], [ 38.5877, 5.939 ], [ 38.5928, 5.9429 ], [ 38.6037, 5.9432 ], [ 38.6059, 5.9274 ], [ 38.6184, 5.9177 ], [ 38.6172, 5.9083 ], [ 38.6295, 5.9087 ], [ 38.6294, 5.9011 ], [ 38.6421, 5.8927 ], [ 38.6458, 5.8858 ], [ 38.6475, 5.8888 ], [ 38.6511, 5.8859 ], [ 38.6534, 5.8769 ], [ 38.6566, 5.876 ], [ 38.6642, 5.8827 ], [ 38.6718, 5.8847 ], [ 38.6723, 5.8801 ], [ 38.6761, 5.878 ], [ 38.6755, 5.8695 ], [ 38.6872, 5.8628 ], [ 38.6912, 5.8361 ], [ 38.6943, 5.8341 ], [ 38.7005, 5.8375 ], [ 38.703, 5.8333 ], [ 38.7017, 5.8122 ], [ 38.6969, 5.8154 ], [ 38.6914, 5.8118 ], [ 38.6898, 5.8147 ], [ 38.6876, 5.8038 ], [ 38.6759, 5.802 ], [ 38.6671, 5.7939 ], [ 38.6394, 5.7905 ], [ 38.635, 5.7941 ], [ 38.6321, 5.8065 ], [ 38.6219, 5.8126 ], [ 38.622, 5.8249 ], [ 38.5911, 5.8414 ], [ 38.5853, 5.8406 ], [ 38.5757, 5.8303 ], [ 38.5725, 5.8191 ], [ 38.5872, 5.8061 ], [ 38.5933, 5.7895 ], [ 38.6008, 5.7797 ], [ 38.6058, 5.7874 ], [ 38.6107, 5.7781 ], [ 38.6183, 5.7729 ], [ 38.6156, 5.764 ], [ 38.6218, 5.7575 ], [ 38.6237, 5.7471 ], [ 38.6207, 5.7436 ], [ 38.6257, 5.7371 ], [ 38.6229, 5.709 ], [ 38.6251, 5.6969 ], [ 38.6375, 5.6838 ], [ 38.6355, 5.6809 ], [ 38.639, 5.6708 ], [ 38.6453, 5.6738 ], [ 38.6534, 5.6724 ], [ 38.655, 5.6678 ], [ 38.664, 5.6699 ], [ 38.6725, 5.6589 ], [ 38.673, 5.6474 ], [ 38.68, 5.6335 ], [ 38.6888, 5.6317 ], [ 38.6991, 5.6244 ], [ 38.7058, 5.6299 ], [ 38.7202, 5.6145 ], [ 38.7404, 5.61 ], [ 38.7405, 5.6015 ], [ 38.7494, 5.5954 ], [ 38.7474, 5.5926 ], [ 38.7496, 5.586 ], [ 38.7454, 5.5796 ], [ 38.7544, 5.5727 ], [ 38.7568, 5.5591 ], [ 38.7473, 5.5066 ], [ 38.7496, 5.4996 ], [ 38.7385, 5.4789 ], [ 38.7318, 5.4819 ], [ 38.7158, 5.474 ], [ 38.7162, 5.4472 ], [ 38.7201, 5.4441 ], [ 38.7253, 5.4149 ], [ 38.7305, 5.4124 ], [ 38.7291, 5.4039 ], [ 38.7346, 5.404 ], [ 38.7371, 5.4006 ], [ 38.7335, 5.3989 ], [ 38.7376, 5.3905 ], [ 38.7359, 5.3878 ], [ 38.7491, 5.3794 ], [ 38.7607, 5.3803 ], [ 38.7602, 5.3754 ], [ 38.7659, 5.373 ], [ 38.7696, 5.363 ], [ 38.7659, 5.3512 ], [ 38.7802, 5.3489 ], [ 38.7788, 5.3421 ], [ 38.7845, 5.3418 ], [ 38.787, 5.3373 ], [ 38.7849, 5.3266 ], [ 38.7982, 5.3244 ], [ 38.7898, 5.3165 ], [ 38.7914, 5.3112 ], [ 38.7973, 5.31 ], [ 38.7979, 5.3142 ], [ 38.8086, 5.3172 ], [ 38.8081, 5.3145 ], [ 38.8127, 5.3124 ], [ 38.8107, 5.3039 ], [ 38.8153, 5.2959 ], [ 38.8175, 5.3033 ], [ 38.822, 5.3058 ], [ 38.8352, 5.3008 ], [ 38.8387, 5.2961 ], [ 38.8386, 5.2608 ], [ 38.8431, 5.2621 ], [ 38.8551, 5.2526 ], [ 38.8545, 5.2448 ], [ 38.8595, 5.2415 ], [ 38.8563, 5.2373 ], [ 38.8578, 5.2322 ], [ 38.8497, 5.2303 ], [ 38.8465, 5.2197 ], [ 38.8368, 5.2211 ], [ 38.8406, 5.2151 ], [ 38.834, 5.2121 ], [ 38.8412, 5.1981 ], [ 38.8487, 5.1974 ], [ 38.853, 5.1915 ], [ 38.8509, 5.1788 ], [ 38.8431, 5.1718 ], [ 38.8489, 5.1665 ], [ 38.8478, 5.1621 ], [ 38.8536, 5.1612 ], [ 38.8611, 5.1658 ], [ 38.8617, 5.1594 ], [ 38.8703, 5.1539 ], [ 38.8893, 5.1233 ], [ 38.897, 5.1224 ], [ 38.8952, 5.1153 ], [ 38.9014, 5.1097 ], [ 38.91, 5.1093 ], [ 38.9047, 5.1003 ], [ 38.9139, 5.1048 ], [ 38.9164, 5.1193 ], [ 38.9316, 5.1223 ], [ 38.9477, 5.1192 ], [ 38.9511, 5.1256 ], [ 38.9589, 5.1255 ], [ 38.9604, 5.135 ], [ 38.9674, 5.1391 ], [ 38.9848, 5.1417 ], [ 38.9916, 5.1353 ], [ 39.003, 5.1331 ], [ 39.0072, 5.1256 ], [ 39.0119, 5.1244 ], [ 39.0097, 5.1196 ], [ 39.0173, 5.0959 ], [ 39.0205, 5.0964 ], [ 39.0241, 5.0883 ], [ 39.0307, 5.0882 ], [ 39.0305, 5.0818 ], [ 39.05, 5.0686 ], [ 39.0478, 5.0648 ], [ 39.0618, 5.0541 ], [ 39.0655, 5.0475 ], [ 39.0744, 5.0464 ], [ 39.1026, 5.0523 ], [ 39.11, 5.0512 ], [ 39.1146, 5.0437 ], [ 39.119, 5.0421 ], [ 39.1179, 5.027 ], [ 39.1254, 5.0028 ], [ 39.1384, 4.9955 ], [ 39.1501, 4.9783 ], [ 39.1525, 4.9723 ], [ 39.1499, 4.9657 ], [ 39.1602, 4.9492 ], [ 39.1606, 4.9372 ], [ 39.1776, 4.9245 ], [ 39.1906, 4.923 ], [ 39.188, 4.9091 ], [ 39.1993, 4.9085 ], [ 39.2092, 4.9015 ], [ 39.2085, 4.8935 ], [ 39.2214, 4.8893 ], [ 39.2243, 4.8824 ], [ 39.2439, 4.8763 ], [ 39.2495, 4.8687 ], [ 39.2606, 4.8711 ], [ 39.2682, 4.862 ], [ 39.2798, 4.8625 ], [ 39.2795, 4.8703 ], [ 39.2898, 4.8659 ], [ 39.2916, 4.8752 ], [ 39.3063, 4.8696 ], [ 39.3136, 4.8629 ], [ 39.3219, 4.8634 ], [ 39.3388, 4.8538 ], [ 39.3444, 4.858 ], [ 39.3632, 4.8521 ], [ 39.3692, 4.8346 ], [ 39.3761, 4.8321 ], [ 39.3755, 4.8267 ], [ 39.3697, 4.8203 ], [ 39.3724, 4.8153 ], [ 39.3709, 4.8069 ], [ 39.3762, 4.8023 ], [ 39.3729, 4.793 ], [ 39.3743, 4.7835 ], [ 39.3798, 4.7721 ], [ 39.3876, 4.7676 ], [ 39.3875, 4.7612 ], [ 39.396, 4.7566 ], [ 39.4122, 4.7559 ], [ 39.4137, 4.7494 ], [ 39.4304, 4.7316 ], [ 39.4328, 4.7226 ], [ 39.4617, 4.7251 ], [ 39.4802, 4.7166 ], [ 39.4865, 4.7263 ], [ 39.499, 4.7208 ], [ 39.5038, 4.7121 ], [ 39.5342, 4.7202 ], [ 39.5477, 4.7083 ], [ 39.5577, 4.7044 ], [ 39.5634, 4.7098 ], [ 39.5719, 4.7119 ], [ 39.587, 4.7087 ], [ 39.5893, 4.701 ], [ 39.6003, 4.6921 ], [ 39.6054, 4.6835 ], [ 39.6307, 4.6858 ], [ 39.636, 4.6769 ], [ 39.6631, 4.6642 ], [ 39.6683, 4.653 ], [ 39.672, 4.6519 ], [ 39.678, 4.6584 ], [ 39.697, 4.6519 ], [ 39.7017, 4.6558 ], [ 39.7085, 4.655 ], [ 39.7227, 4.6714 ], [ 39.723, 4.6804 ], [ 39.7426, 4.6969 ], [ 39.7436, 4.7235 ], [ 39.7651, 4.8468 ], [ 39.784, 4.8906 ], [ 39.8044, 4.9515 ], [ 39.8129, 5.0021 ], [ 39.8336, 5.0328 ], [ 39.8784, 5.1403 ], [ 39.9073, 5.2196 ], [ 39.9423, 5.285 ], [ 40.0337, 5.3968 ], [ 40.0023, 5.3938 ], [ 39.9748, 5.3955 ], [ 39.9754, 5.3933 ], [ 39.9727, 5.3973 ], [ 39.9668, 5.3975 ], [ 39.9591, 5.4107 ], [ 39.9535, 5.409 ], [ 39.9383, 5.4167 ], [ 39.9339, 5.4151 ], [ 39.93, 5.4296 ], [ 39.9241, 5.4355 ], [ 39.9218, 5.4485 ], [ 39.9028, 5.4728 ], [ 39.8927, 5.4818 ], [ 39.8867, 5.4812 ], [ 39.8791, 5.4913 ], [ 39.8503, 5.5079 ], [ 39.8297, 5.5073 ], [ 39.8166, 5.5106 ], [ 39.8051, 5.5198 ], [ 39.798, 5.5156 ], [ 39.7834, 5.5168 ], [ 39.7722, 5.5129 ], [ 39.755, 5.5173 ], [ 39.753, 5.513 ], [ 39.7425, 5.514 ], [ 39.7354, 5.5098 ], [ 39.7291, 5.514 ], [ 39.7129, 5.5055 ], [ 39.7047, 5.508 ], [ 39.6968, 5.519 ], [ 39.6908, 5.517 ], [ 39.6906, 5.5218 ], [ 39.6844, 5.526 ], [ 39.6876, 5.5388 ], [ 39.6862, 5.5481 ], [ 39.6712, 5.5551 ], [ 39.6654, 5.5729 ], [ 39.6824, 5.5744 ], [ 39.682, 5.5928 ], [ 39.6912, 5.5962 ], [ 39.7034, 5.5953 ], [ 39.7046, 5.6012 ], [ 39.6958, 5.6094 ], [ 39.6978, 5.6174 ], [ 39.7141, 5.632 ], [ 39.7119, 5.639 ], [ 39.7183, 5.6424 ], [ 39.7192, 5.6467 ], [ 39.7305, 5.6471 ], [ 39.7117, 5.6655 ], [ 39.7117, 5.6734 ], [ 39.7165, 5.6763 ], [ 39.7098, 5.6776 ], [ 39.7029, 5.688 ], [ 39.6769, 5.7042 ], [ 39.6674, 5.7042 ], [ 39.6633, 5.7112 ], [ 39.6526, 5.7099 ], [ 39.6427, 5.7214 ], [ 39.6206, 5.7289 ], [ 39.6096, 5.7144 ], [ 39.5965, 5.715 ], [ 39.5845, 5.7226 ], [ 39.5736, 5.7225 ], [ 39.5643, 5.714 ], [ 39.5668, 5.704 ], [ 39.5624, 5.6993 ], [ 39.5497, 5.7022 ], [ 39.5336, 5.7128 ], [ 39.5261, 5.7096 ], [ 39.513, 5.7218 ], [ 39.5114, 5.7291 ], [ 39.5164, 5.7331 ], [ 39.5059, 5.7456 ], [ 39.4924, 5.7446 ], [ 39.463, 5.7704 ], [ 39.4481, 5.7897 ], [ 39.4589, 5.8103 ], [ 39.4476, 5.8193 ], [ 39.4499, 5.8317 ], [ 39.4435, 5.8459 ], [ 39.4503, 5.8613 ], [ 39.4667, 5.8841 ], [ 39.4662, 5.8894 ], [ 39.4466, 5.8973 ], [ 39.4242, 5.923 ], [ 39.4065, 5.9341 ], [ 39.4006, 5.9476 ], [ 39.3838, 5.9681 ], [ 39.3837, 5.9872 ], [ 39.3762, 5.9881 ], [ 39.3819, 5.995 ], [ 39.3803, 5.9971 ], [ 39.3835, 6.0036 ], [ 39.3796, 6.0077 ], [ 39.3698, 6.0081 ], [ 39.3748, 6.0202 ], [ 39.3739, 6.0322 ], [ 39.3569, 6.0504 ], [ 39.3401, 6.0582 ], [ 39.3383, 6.0797 ], [ 39.3436, 6.082 ], [ 39.3442, 6.0914 ], [ 39.3539, 6.0921 ], [ 39.3578, 6.0953 ], [ 39.352, 6.1074 ], [ 39.3357, 6.1176 ], [ 39.3297, 6.1254 ], [ 39.3303, 6.1419 ], [ 39.3366, 6.1544 ], [ 39.3173, 6.1673 ], [ 39.3172, 6.1761 ], [ 39.3126, 6.1835 ], [ 39.3181, 6.2017 ], [ 39.3097, 6.2139 ], [ 39.3102, 6.2181 ], [ 39.2994, 6.2331 ], [ 39.2953, 6.2332 ], [ 39.2898, 6.2395 ], [ 39.2903, 6.2483 ], [ 39.2782, 6.2627 ], [ 39.2747, 6.2732 ], [ 39.2532, 6.2821 ], [ 39.2213, 6.2784 ], [ 39.2115, 6.2876 ], [ 39.2063, 6.2986 ] ] ] } },
{ "type": "Feature", "properties": { "iso3": "ETH", "unit_id": "89294058B72655351521928", "unit_name": "West Guji" }, "geometry": { "type": "Polygon", "coordinates": [ [ [ 38.8478, 5.1621 ], [ 38.8489, 5.1665 ], [ 38.8432, 5.1731 ], [ 38.8509, 5.1788 ], [ 38.853, 5.1915 ], [ 38.8487, 5.1974 ], [ 38.8412, 5.1981 ], [ 38.834, 5.2121 ], [ 38.8406, 5.2151 ], [ 38.8368, 5.2211 ], [ 38.8465, 5.2197 ], [ 38.8497, 5.2303 ], [ 38.8578, 5.2322 ], [ 38.8563, 5.2373 ], [ 38.8595, 5.2415 ], [ 38.8545, 5.2448 ], [ 38.8551, 5.2526 ], [ 38.8431, 5.2621 ], [ 38.8386, 5.2608 ], [ 38.8387, 5.2961 ], [ 38.8352, 5.3008 ], [ 38.822, 5.3058 ], [ 38.8175, 5.3033 ], [ 38.8153, 5.2959 ], [ 38.8107, 5.3039 ], [ 38.8127, 5.3124 ], [ 38.8081, 5.3145 ], [ 38.8086, 5.3172 ], [ 38.7979, 5.3142 ], [ 38.7973, 5.31 ], [ 38.7914, 5.3112 ], [ 38.7898, 5.3165 ], [ 38.7982, 5.3244 ], [ 38.7849, 5.3266 ], [ 38.787, 5.3373 ], [ 38.7845, 5.3418 ], [ 38.7788, 5.3421 ], [ 38.7802, 5.3489 ], [ 38.7659, 5.3512 ], [ 38.7696, 5.363 ], [ 38.7659, 5.373 ], [ 38.7602, 5.3754 ], [ 38.7607, 5.3803 ], [ 38.7491, 5.3794 ], [ 38.7359, 5.3878 ], [ 38.7376, 5.3905 ], [ 38.7335, 5.3989 ], [ 38.7371, 5.4006 ], [ 38.7346, 5.404 ], [ 38.7291, 5.4039 ], [ 38.7305, 5.4124 ], [ 38.7253, 5.4149 ], [ 38.7201, 5.4441 ], [ 38.7162, 5.4472 ], [ 38.7158, 5.474 ], [ 38.7318, 5.4819 ], [ 38.7385, 5.4789 ], [ 38.7496, 5.4996 ], [ 38.7473, 5.5066 ], [ 38.7568, 5.5591 ], [ 38.7544, 5.5727 ], [ 38.7454, 5.5796 ], [ 38.7496, 5.586 ], [ 38.7474, 5.5926 ], [ 38.7494, 5.5954 ], [ 38.7405, 5.6015 ], [ 38.7404, 5.61 ], [ 38.7202, 5.6145 ], [ 38.7058, 5.6299 ], [ 38.6991, 5.6244 ], [ 38.6888, 5.6317 ], [ 38.68, 5.6335 ], [ 38.673, 5.6474 ], [ 38.6725, 5.6589 ], [ 38.664, 5.6699 ], [ 38.655, 5.6678 ], [ 38.6534, 5.6724 ], [ 38.6453, 5.6738 ], [ 38.639, 5.6708 ], [ 38.6355, 5.6809 ], [ 38.6375, 5.6838 ], [ 38.6251, 5.6969 ], [ 38.6229, 5.709 ], [ 38.6257, 5.7371 ], [ 38.6207, 5.7436 ], [ 38.6237, 5.7471 ], [ 38.6218, 5.7575 ], [ 38.6156, 5.764 ], [ 38.6183, 5.7729 ], [ 38.6107, 5.7781 ], [ 38.6058, 5.7874 ], [ 38.6008, 5.7797 ], [ 38.5933, 5.7895 ], [ 38.5872, 5.8061 ], [ 38.5725, 5.8191 ], [ 38.5757, 5.8303 ], [ 38.5853, 5.8406 ], [ 38.5911, 5.8414 ], [ 38.622, 5.8249 ], [ 38.6219, 5.8126 ], [ 38.6321, 5.8065 ], [ 38.635, 5.7941 ], [ 38.6394, 5.7905 ], [ 38.6671, 5.7939 ], [ 38.6759, 5.802 ], [ 38.6876, 5.8038 ], [ 38.6898, 5.8147 ], [ 38.6914, 5.8118 ], [ 38.6969, 5.8154 ], [ 38.7017, 5.8122 ], [ 38.703, 5.8333 ], [ 38.7005, 5.8375 ], [ 38.6943, 5.8341 ], [ 38.6912, 5.8361 ], [ 38.6872, 5.8628 ], [ 38.6755, 5.8695 ], [ 38.6761, 5.878 ], [ 38.6723, 5.8801 ], [ 38.6718, 5.8847 ], [ 38.6642, 5.8827 ], [ 38.6566, 5.876 ], [ 38.6534, 5.8769 ], [ 38.6511, 5.8859 ], [ 38.6475, 5.8888 ], [ 38.6458, 5.8858 ], [ 38.6421, 5.8927 ], [ 38.6294, 5.9011 ], [ 38.6295, 5.9087 ], [ 38.6172, 5.9083 ], [ 38.6184, 5.9177 ], [ 38.6059, 5.9274 ], [ 38.6037, 5.9432 ], [ 38.5928, 5.9429 ], [ 38.5877, 5.939 ], [ 38.5833, 5.9446 ], [ 38.5786, 5.9422 ], [ 38.5674, 5.9544 ], [ 38.5524, 5.9636 ], [ 38.5492, 5.9726 ], [ 38.5449, 5.9732 ], [ 38.5415, 5.981 ], [ 38.5224, 5.9995 ], [ 38.5186, 6.0007 ], [ 38.5183, 5.998 ], [ 38.5119, 5.9963 ], [ 38.5054, 6.0 ], [ 38.5001, 6.0101 ], [ 38.4779, 6.0277 ], [ 38.4633, 6.0279 ], [ 38.4618, 6.0253 ], [ 38.4439, 6.0458 ], [ 38.4457, 6.0596 ], [ 38.4321, 6.0706 ], [ 38.4236, 6.0748 ], [ 38.4204, 6.0714 ], [ 38.4153, 6.0755 ], [ 38.4049, 6.0719 ], [ 38.4019, 6.0736 ], [ 38.3952, 6.0984 ], [ 38.3887, 6.094 ], [ 38.3869, 6.0784 ], [ 38.3774, 6.0873 ], [ 38.3745, 6.0859 ], [ 38.3743, 6.0777 ], [ 38.3672, 6.0798 ], [ 38.3629, 6.0743 ], [ 38.3422, 6.0824 ], [ 38.3199, 6.0474 ], [ 38.3139, 6.0278 ], [ 38.2792, 6.0063 ], [ 38.2717, 5.9866 ], [ 38.2823, 5.9707 ], [ 38.3045, 5.98 ], [ 38.3189, 5.9751 ], [ 38.3275, 5.9554 ], [ 38.3383, 5.9556 ], [ 38.3748, 5.943 ], [ 38.3884, 5.933 ], [ 38.3961, 5.9201 ], [ 38.3809, 5.904 ], [ 38.3581, 5.9021 ], [ 38.3253, 5.8688 ], [ 38.3037, 5.8614 ], [ 38.2704, 5.8685 ], [ 38.2392, 5.8444 ], [ 38.2234, 5.8386 ], [ 38.208, 5.8402 ], [ 38.1984, 5.8495 ], [ 38.1997, 5.8648 ], [ 38.2148, 5.8932 ], [ 38.2118, 5.9167 ], [ 38.2037, 5.935 ], [ 38.181, 5.9417 ], [ 38.1702, 5.957 ], [ 38.1503, 6.0004 ], [ 38.1388, 6.0103 ], [ 38.1216, 6.0167 ], [ 38.1165, 6.0502 ], [ 38.105, 6.066 ], [ 38.0986, 6.0871 ], [ 38.0799, 6.117 ], [ 38.0867, 6.161 ], [ 38.1023, 6.1804 ], [ 38.1251, 6.1551 ], [ 38.1414, 6.1545 ], [ 38.171, 6.1669 ], [ 38.1874, 6.1822 ], [ 38.1979, 6.2064 ], [ 38.1933, 6.2262 ], [ 38.1791, 6.2383 ], [ 38.1719, 6.2553 ], [ 38.1737, 6.2668 ], [ 38.1884, 6.3043 ], [ 38.1976, 6.319 ], [ 38.2139, 6.3302 ], [ 38.2314, 6.3311 ], [ 38.2486, 6.3363 ], [ 38.2725, 6.3479 ], [ 38.2882, 6.3598 ], [ 38.2932, 6.372 ], [ 38.2932, 6.398 ], [ 38.2829, 6.4083 ], [ 38.2849, 6.4104 ], [ 38.281, 6.4155 ], [ 38.2824, 6.4378 ], [ 38.2601, 6.4522 ], [ 38.2456, 6.4682 ], [ 38.2215, 6.4611 ], [ 38.2155, 6.4635 ], [ 38.1706, 6.4498 ], [ 38.1552, 6.4393 ], [ 38.1435, 6.4582 ], [ 38.1497, 6.4966 ], [ 38.1393, 6.506 ], [ 38.1145, 6.4996 ], [ 38.0907, 6.5261 ], [ 38.0516, 6.5347 ], [ 38.0335, 6.5615 ], [ 38.0165, 6.5752 ], [ 37.9969, 6.5756 ], [ 37.9834, 6.5569 ], [ 37.9688, 6.549 ], [ 37.9527, 6.5496 ], [ 37.9327, 6.5572 ], [ 37.9185, 6.5744 ], [ 37.9126, 6.5907 ], [ 37.8928, 6.5961 ], [ 37.8715, 6.5822 ], [ 37.8425, 6.5417 ], [ 37.8131, 6.5083 ], [ 37.7999, 6.4782 ], [ 37.7963, 6.4495 ], [ 37.7975, 6.4292 ], [ 37.8196, 6.3934 ], [ 37.8401, 6.3787 ], [ 37.8522, 6.3048 ], [ 37.8403, 6.2483 ], [ 37.8256, 6.2207 ], [ 37.7905, 6.1725 ], [ 37.7781, 6.1496 ], [ 37.7757, 6.1136 ], [ 37.7898, 6.0494 ], [ 37.7832, 6.0106 ], [ 37.7915, 5.9959 ], [ 37.8037, 5.9932 ], [ 37.8271, 6.01 ], [ 37.843, 6.0109 ], [ 37.8655, 5.9866 ], [ 37.8805, 5.985 ], [ 37.895, 5.9745 ], [ 37.904, 5.9605 ], [ 37.9527, 5.9633 ], [ 37.9686, 5.956 ], [ 37.9776, 5.9278 ], [ 37.9825, 5.8878 ], [ 38.0071, 5.8493 ], [ 38.0123, 5.8043 ], [ 38.0199, 5.79 ], [ 38.0392, 5.7724 ], [ 38.0542, 5.7641 ], [ 38.0721, 5.7626 ], [ 38.0889, 5.7456 ], [ 38.0871, 5.7213 ], [ 38.0752, 5.6889 ], [ 38.0408, 5.6736 ], [ 38.008, 5.6502 ], [ 37.9775, 5.6494 ], [ 37.9435, 5.6395 ], [ 37.9302, 5.6167 ], [ 37.9411, 5.5851 ], [ 37.9478, 5.5377 ], [ 37.9468, 5.4743 ], [ 37.9352, 5.423 ], [ 37.9193, 5.396 ], [ 37.9012, 5.3732 ], [ 37.8964, 5.3499 ], [ 37.9048, 5.304 ], [ 37.9021, 5.2543 ], [ 37.9008, 5.2449 ], [ 37.8868, 5.2354 ], [ 37.9098, 5.2448 ], [ 37.9146, 5.2632 ], [ 37.9256, 5.2643 ], [ 37.9346, 5.2596 ], [ 37.9434, 5.2654 ], [ 37.95, 5.2616 ], [ 37.9637, 5.2605 ], [ 37.9613, 5.2436 ], [ 37.9685, 5.242 ], [ 37.968, 5.2381 ], [ 37.9793, 5.235 ], [ 37.9866, 5.2284 ], [ 37.9935, 5.2275 ], [ 37.9985, 5.2331 ], [ 38.0074, 5.2172 ], [ 38.0137, 5.2141 ], [ 38.0209, 5.2177 ], [ 38.0285, 5.2326 ], [ 38.0353, 5.2379 ], [ 38.0423, 5.2344 ], [ 38.0496, 5.237 ], [ 38.0592, 5.2357 ], [ 38.0661, 5.2436 ], [ 38.076, 5.248 ], [ 38.0954, 5.2435 ], [ 38.1004, 5.245 ], [ 38.1068, 5.26 ], [ 38.1017, 5.2967 ], [ 38.1058, 5.3074 ], [ 38.1216, 5.3245 ], [ 38.1244, 5.2976 ], [ 38.1369, 5.2894 ], [ 38.1519, 5.3111 ], [ 38.1721, 5.3235 ], [ 38.1773, 5.3192 ], [ 38.1882, 5.3198 ], [ 38.1984, 5.3114 ], [ 38.2177, 5.314 ], [ 38.2238, 5.3091 ], [ 38.2307, 5.2921 ], [ 38.2453, 5.2923 ], [ 38.2527, 5.2889 ], [ 38.2637, 5.2913 ], [ 38.2842, 5.2856 ], [ 38.2879, 5.2875 ], [ 38.3026, 5.2791 ], [ 38.3088, 5.2827 ], [ 38.3087, 5.2888 ], [ 38.3116, 5.2906 ], [ 38.3208, 5.2841 ], [ 38.3239, 5.2754 ], [ 38.3386, 5.2684 ], [ 38.3376, 5.2598 ], [ 38.3484, 5.2593 ], [ 38.3673, 5.2471 ], [ 38.3733, 5.2491 ], [ 38.3811, 5.2419 ], [ 38.3957, 5.2393 ], [ 38.4005, 5.2321 ], [ 38.4001, 5.2259 ], [ 38.3983, 5.2194 ], [ 38.3922, 5.2149 ], [ 38.4128, 5.1966 ], [ 38.426, 5.1912 ], [ 38.429, 5.1821 ], [ 38.4402, 5.1747 ], [ 38.4399, 5.1679 ], [ 38.4492, 5.1498 ], [ 38.4444, 5.1486 ], [ 38.4438, 5.1445 ], [ 38.4594, 5.1274 ], [ 38.468, 5.1242 ], [ 38.4877, 5.1282 ], [ 38.4933, 5.1261 ], [ 38.4919, 5.1233 ], [ 38.495, 5.1215 ], [ 38.4993, 5.1258 ], [ 38.5119, 5.1241 ], [ 38.5119, 5.1301 ], [ 38.5148, 5.1241 ], [ 38.5227, 5.1229 ], [ 38.5302, 5.1286 ], [ 38.5276, 5.1311 ], [ 38.5299, 5.1441 ], [ 38.5367, 5.1396 ], [ 38.5436, 5.1485 ], [ 38.5523, 5.1491 ], [ 38.559, 5.1431 ], [ 38.5633, 5.1508 ], [ 38.5699, 5.1453 ], [ 38.5766, 5.1471 ], [ 38.5844, 5.1416 ], [ 38.5888, 5.1477 ], [ 38.5916, 5.1439 ], [ 38.5952, 5.1457 ], [ 38.6011, 5.1412 ], [ 38.6058, 5.1425 ], [ 38.6111, 5.133 ], [ 38.6178, 5.1341 ], [ 38.6131, 5.1244 ], [ 38.6263, 5.1179 ], [ 38.632, 5.1077 ], [ 38.6352, 5.1103 ], [ 38.6471, 5.1083 ], [ 38.6512, 5.1154 ], [ 38.6624, 5.1203 ], [ 38.678, 5.1162 ], [ 38.681, 5.1089 ], [ 38.6947, 5.1053 ], [ 38.7004, 5.0934 ], [ 38.7082, 5.0891 ], [ 38.71, 5.0776 ], [ 38.7162, 5.0672 ], [ 38.7133, 5.0585 ], [ 38.719, 5.0629 ], [ 38.7222, 5.0595 ], [ 38.7281, 5.0613 ], [ 38.7305, 5.0568 ], [ 38.7394, 5.066 ], [ 38.7355, 5.0675 ], [ 38.7393, 5.0736 ], [ 38.7503, 5.0698 ], [ 38.7521, 5.0664 ], [ 38.7542, 5.0731 ], [ 38.7616, 5.073 ], [ 38.7664, 5.0763 ], [ 38.772, 5.0695 ], [ 38.7732, 5.0741 ], [ 38.7803, 5.0786 ], [ 38.7759, 5.0809 ], [ 38.7803, 5.0847 ], [ 38.778, 5.0892 ], [ 38.7845, 5.0991 ], [ 38.7901, 5.0977 ], [ 38.7928, 5.1047 ], [ 38.8033, 5.101 ], [ 38.8127, 5.0917 ], [ 38.8153, 5.0965 ], [ 38.8094, 5.1091 ], [ 38.811, 5.1136 ], [ 38.804, 5.1152 ], [ 38.8058, 5.1187 ], [ 38.8123, 5.1193 ], [ 38.8107, 5.1257 ], [ 38.8137, 5.1252 ], [ 38.8229, 5.1509 ], [ 38.8295, 5.1519 ], [ 38.8323, 5.1584 ], [ 38.8428, 5.166 ], [ 38.8478, 5.1621 ] ] ] } },
{ "type": "Feature", "properties": { "iso3": "ETH", "unit_id": "89294058B70447080410662", "unit_name": "Buno Bedele" }, "geometry": { "type": "Polygon", "coordinates": [ [ [ 35.8567, 8.6802 ], [ 35.8791, 8.6664 ], [ 35.8899, 8.6672 ], [ 35.8939, 8.6732 ], [ 35.9009, 8.6762 ], [ 35.9076, 8.6738 ], [ 35.9408, 8.6455 ], [ 35.9427, 8.6335 ], [ 35.9475, 8.6283 ], [ 35.9806, 8.6328 ], [ 35.9795, 8.6141 ], [ 35.9879, 8.6015 ], [ 35.9924, 8.5691 ], [ 35.9802, 8.5495 ], [ 35.9935, 8.5275 ], [ 35.9892, 8.5272 ], [ 35.9872, 8.5201 ], [ 35.9912, 8.5047 ], [ 35.987, 8.4957 ], [ 35.9927, 8.4845 ], [ 35.997, 8.4828 ], [ 35.9984, 8.4714 ], [ 35.9983, 8.4667 ], [ 35.9942, 8.4652 ], [ 35.9916, 8.4423 ], [ 35.9957, 8.4478 ], [ 36.0044, 8.4497 ], [ 36.006, 8.4442 ], [ 36.0005, 8.4346 ], [ 36.0051, 8.4274 ], [ 36.0031, 8.4158 ], [ 36.0078, 8.4105 ], [ 36.0007, 8.4028 ], [ 36.0045, 8.3965 ], [ 36.0093, 8.3965 ], [ 36.0223, 8.3831 ], [ 36.045, 8.3372 ], [ 36.0693, 8.3302 ], [ 36.0873, 8.316 ], [ 36.0827, 8.2652 ], [ 36.087, 8.2625 ], [ 36.096, 8.2405 ], [ 36.1066, 8.2387 ], [ 36.1204, 8.2302 ], [ 36.1476, 8.2265 ], [ 36.1596, 8.2167 ], [ 36.1707, 8.2273 ], [ 36.189, 8.2323 ], [ 36.234, 8.2359 ], [ 36.2469, 8.2577 ], [ 36.2546, 8.2485 ], [ 36.272, 8.2425 ], [ 36.2824, 8.2271 ], [ 36.272, 8.2007 ], [ 36.2721, 8.1923 ], [ 36.2657, 8.1834 ], [ 36.2672, 8.1778 ], [ 36.2812, 8.1734 ], [ 36.2862, 8.1775 ], [ 36.2881, 8.153 ], [ 36.3083, 8.1478 ], [ 36.3107, 8.1404 ], [ 36.3153, 8.1376 ], [ 36.3147, 8.1309 ], [ 36.3209, 8.1242 ], [ 36.3248, 8.1241 ], [ 36.327, 8.1183 ], [ 36.3358, 8.1178 ], [ 36.3458, 8.1224 ], [ 36.3475, 8.1329 ], [ 36.356, 8.1354 ], [ 36.3618, 8.1364 ], [ 36.3729, 8.1301 ], [ 36.3682, 8.1264 ], [ 36.3673, 8.1141 ], [ 36.376, 8.1029 ], [ 36.3968, 8.0927 ], [ 36.3975, 8.0846 ], [ 36.3916, 8.0762 ], [ 36.4143, 8.0526 ], [ 36.4228, 8.0502 ], [ 36.4509, 8.0534 ], [ 36.4793, 8.0447 ], [ 36.4982, 8.0557 ], [ 36.5311, 8.0554 ], [ 36.5356, 8.0686 ], [ 36.5534, 8.0618 ], [ 36.5647, 8.0622 ], [ 36.5677, 8.0662 ], [ 36.5738, 8.0608 ], [ 36.5839, 8.0581 ], [ 36.5934, 8.0377 ], [ 36.6021, 8.0318 ], [ 36.5985, 8.0195 ], [ 36.592, 8.0173 ], [ 36.589, 8.0068 ], [ 36.5828, 8.0039 ], [ 36.5881, 7.9951 ], [ 36.5996, 7.9969 ], [ 36.6074, 7.9945 ], [ 36.6121, 7.9982 ], [ 36.6233, 7.993 ], [ 36.6286, 7.9964 ], [ 36.6394, 7.9949 ], [ 36.6425, 8.0071 ], [ 36.6462, 8.0073 ], [ 36.642, 8.0215 ], [ 36.6482, 8.031 ], [ 36.66, 8.035 ], [ 36.6578, 8.038 ], [ 36.6601, 8.0445 ], [ 36.6673, 8.0538 ], [ 36.6641, 8.0593 ], [ 36.6845, 8.0636 ], [ 36.6868, 8.0667 ], [ 36.6895, 8.0645 ], [ 36.6921, 8.0721 ], [ 36.6993, 8.064 ], [ 36.7053, 8.0679 ], [ 36.7099, 8.0649 ], [ 36.7127, 8.0672 ], [ 36.716, 8.0592 ], [ 36.7214, 8.0607 ], [ 36.7232, 8.0555 ], [ 36.732, 8.0598 ], [ 36.741, 8.058 ], [ 36.7453, 8.0675 ], [ 36.7431, 8.0747 ], [ 36.7497, 8.0814 ], [ 36.7492, 8.0938 ], [ 36.7564, 8.1033 ], [ 36.7577, 8.0958 ], [ 36.7612, 8.1072 ], [ 36.7659, 8.111 ], [ 36.7702, 8.1129 ], [ 36.775, 8.1087 ], [ 36.7849, 8.117 ], [ 36.7888, 8.1164 ], [ 36.7878, 8.0947 ], [ 36.7907, 8.0938 ], [ 36.8037, 8.1053 ], [ 36.8057, 8.1155 ], [ 36.816, 8.1184 ], [ 36.8253, 8.1256 ], [ 36.8264, 8.1399 ], [ 36.8189, 8.155 ], [ 36.818, 8.1716 ], [ 36.8157, 8.1781 ], [ 36.8088, 8.1788 ], [ 36.8039, 8.188 ], [ 36.8056, 8.1979 ], [ 36.7969, 8.2157 ], [ 36.7999, 8.2237 ], [ 36.7915, 8.2263 ], [ 36.7896, 8.2298 ], [ 36.7967, 8.2455 ], [ 36.7943, 8.2577 ], [ 36.7922, 8.2596 ], [ 36.7848, 8.2552 ], [ 36.772, 8.2595 ], [ 36.7604, 8.2553 ], [ 36.7617, 8.2617 ], [ 36.7587, 8.2657 ], [ 36.7437, 8.2702 ], [ 36.7518, 8.29 ], [ 36.7497, 8.2968 ], [ 36.7411, 8.3048 ], [ 36.7431, 8.3101 ], [ 36.7411, 8.3171 ], [ 36.7455, 8.3254 ], [ 36.7413, 8.3333 ], [ 36.7431, 8.3396 ], [ 36.7372, 8.3445 ], [ 36.7387, 8.3553 ], [ 36.7344, 8.3606 ], [ 36.7362, 8.3793 ], [ 36.7306, 8.3882 ], [ 36.7391, 8.3968 ], [ 36.7308, 8.4015 ], [ 36.731, 8.4143 ], [ 36.7216, 8.4163 ], [ 36.727, 8.4322 ], [ 36.7189, 8.4403 ], [ 36.7237, 8.4536 ], [ 36.7224, 8.4634 ], [ 36.7089, 8.4699 ], [ 36.6999, 8.4702 ], [ 36.6965, 8.4753 ], [ 36.6981, 8.4853 ], [ 36.6906, 8.4932 ], [ 36.6841, 8.495 ], [ 36.6784, 8.5098 ], [ 36.6694, 8.5073 ], [ 36.6707, 8.5179 ], [ 36.6606, 8.5313 ], [ 36.6488, 8.5239 ], [ 36.6338, 8.5306 ], [ 36.6124, 8.5311 ], [ 36.6271, 8.5465 ], [ 36.6174, 8.5469 ], [ 36.601, 8.5706 ], [ 36.5879, 8.5775 ], [ 36.5666, 8.5701 ], [ 36.5566, 8.575 ], [ 36.5515, 8.5662 ], [ 36.5538, 8.563 ], [ 36.5365, 8.5592 ], [ 36.5335, 8.5627 ], [ 36.5364, 8.5688 ], [ 36.5287, 8.5758 ], [ 36.5245, 8.5918 ], [ 36.518, 8.5938 ], [ 36.5067, 8.5904 ], [ 36.5018, 8.6005 ], [ 36.4887, 8.6012 ], [ 36.4846, 8.6105 ], [ 36.4765, 8.6157 ], [ 36.469, 8.6179 ], [ 36.4599, 8.6154 ], [ 36.4407, 8.6267 ], [ 36.4393, 8.64 ], [ 36.4316, 8.6483 ], [ 36.4199, 8.6543 ], [ 36.423, 8.6623 ], [ 36.4202, 8.6745 ], [ 36.4052, 8.7131 ], [ 36.4044, 8.7228 ], [ 36.4084, 8.7331 ], [ 36.3975, 8.7467 ], [ 36.3911, 8.7486 ], [ 36.3887, 8.7576 ], [ 36.3829, 8.7611 ], [ 36.3771, 8.7924 ], [ 36.3663, 8.7929 ], [ 36.3516, 8.8071 ], [ 36.3521, 8.8196 ], [ 36.3453, 8.8263 ], [ 36.352, 8.8332 ], [ 36.3524, 8.8392 ], [ 36.3356, 8.8447 ], [ 36.3345, 8.8608 ], [ 36.3237, 8.8735 ], [ 36.3233, 8.8821 ], [ 36.3106, 8.8883 ], [ 36.3021, 8.8852 ], [ 36.2931, 8.8932 ], [ 36.2936, 8.8991 ], [ 36.2861, 8.9023 ], [ 36.2814, 8.9087 ], [ 36.2829, 8.9166 ], [ 36.2738, 8.9218 ], [ 36.2713, 8.9327 ], [ 36.2592, 8.9481 ], [ 36.2452, 8.954 ], [ 36.2386, 8.9651 ], [ 36.2221, 8.9502 ], [ 36.1743, 8.9794 ], [ 36.1765, 8.9827 ], [ 36.1678, 8.9886 ], [ 36.1656, 8.9937 ], [ 36.1566, 8.9945 ], [ 36.1561, 8.999 ], [ 36.1483, 9.0065 ], [ 36.1509, 9.0142 ], [ 36.1568, 9.014 ], [ 36.1569, 9.0207 ], [ 36.1314, 9.0208 ], [ 36.1287, 9.0511 ], [ 36.1086, 9.08 ], [ 36.0946, 9.065 ], [ 36.0842, 9.0584 ], [ 36.0755, 9.0626 ], [ 36.097, 9.0324 ], [ 36.0865, 9.0126 ], [ 36.0639, 9.0199 ], [ 36.0511, 9.017 ], [ 36.0478, 9.0104 ], [ 36.0447, 9.0122 ], [ 36.0419, 8.9819 ], [ 36.0441, 8.978 ], [ 36.0414, 8.9704 ], [ 36.0343, 8.9684 ], [ 36.0345, 8.9605 ], [ 36.0236, 8.9528 ], [ 36.0248, 8.9447 ], [ 36.0175, 8.9345 ], [ 36.0202, 8.9302 ], [ 36.0155, 8.9227 ], [ 36.0186, 8.9192 ], [ 36.0173, 8.9078 ], [ 36.0089, 8.9059 ], [ 36.0068, 8.9091 ], [ 35.9977, 8.9108 ], [ 35.9914, 8.9085 ], [ 35.9872, 8.9136 ], [ 35.9777, 8.9142 ], [ 35.9711, 8.9087 ], [ 35.964, 8.8923 ], [ 35.9573, 8.8904 ], [ 35.9569, 8.8807 ], [ 35.9499, 8.8752 ], [ 35.936, 8.8764 ], [ 35.9469, 8.865 ], [ 35.9368, 8.8577 ], [ 35.929, 8.8377 ], [ 35.9205, 8.8299 ], [ 35.906, 8.8298 ], [ 35.8874, 8.8396 ], [ 35.8828, 8.8365 ], [ 35.8794, 8.8273 ], [ 35.8681, 8.8205 ], [ 35.8875, 8.8171 ], [ 35.8818, 8.8097 ], [ 35.881, 8.7975 ], [ 35.8902, 8.7872 ], [ 35.9226, 8.7793 ], [ 35.9248, 8.7721 ], [ 35.9206, 8.7611 ], [ 35.9236, 8.754 ], [ 35.9123, 8.7504 ], [ 35.9103, 8.7404 ], [ 35.9036, 8.7374 ], [ 35.8959, 8.7388 ], [ 35.8922, 8.7281 ], [ 35.868, 8.7254 ], [ 35.8753, 8.7081 ], [ 35.8686, 8.7009 ], [ 35.8589, 8.7006 ], [ 35.8567, 8.6802 ] ] ] } },
{ "type": "Feature", "properties": { "iso3": "ETH", "unit_id": "89294058B63053498284903", "unit_name": "West Arsi" }, "geometry": { "type": "Polygon", "coordinates": [ [ [ 38.419, 7.5692 ], [ 38.4295, 7.5339 ], [ 38.4267, 7.5147 ], [ 38.4139, 7.5042 ], [ 38.3917, 7.5019 ], [ 38.3412, 7.4786 ], [ 38.3272, 7.4617 ], [ 38.3252, 7.4339 ], [ 38.3189, 7.4142 ], [ 38.3089, 7.4015 ], [ 38.2794, 7.3806 ], [ 38.2772, 7.3612 ], [ 38.2815, 7.3387 ], [ 38.2757, 7.3189 ], [ 38.2652, 7.3067 ], [ 38.2336, 7.2879 ], [ 38.2058, 7.2655 ], [ 38.1811, 7.2579 ], [ 38.144, 7.2322 ], [ 38.1043, 7.2109 ], [ 38.087, 7.1949 ], [ 38.078, 7.1803 ], [ 38.0665, 7.0877 ], [ 38.0614, 7.0722 ], [ 38.0642, 7.0434 ], [ 38.0734, 7.0296 ], [ 38.0879, 7.0229 ], [ 38.1019, 7.0108 ], [ 38.1171, 6.9809 ], [ 38.1302, 6.974 ], [ 38.1466, 6.9775 ], [ 38.1701, 7.0009 ], [ 38.1938, 7.0123 ], [ 38.2379, 7.0201 ], [ 38.2544, 7.0599 ], [ 38.2892, 7.1071 ], [ 38.3053, 7.1216 ], [ 38.3134, 7.1471 ], [ 38.3219, 7.1617 ], [ 38.3422, 7.1645 ], [ 38.3569, 7.1459 ], [ 38.3781, 7.1298 ], [ 38.4006, 7.1215 ], [ 38.4425, 7.1268 ], [ 38.46, 7.1182 ], [ 38.4639, 7.0998 ], [ 38.482, 7.0902 ], [ 38.5051, 7.0878 ], [ 38.5461, 7.0909 ], [ 38.5836, 7.1263 ], [ 38.6115, 7.1242 ], [ 38.6462, 7.0955 ], [ 38.637, 7.0661 ], [ 38.668, 7.0599 ], [ 38.6809, 7.0484 ], [ 38.6845, 7.034 ], [ 38.6781, 7.0288 ], [ 38.6744, 7.0165 ], [ 38.6774, 7.0054 ], [ 38.6894, 7.0009 ], [ 38.6977, 7.0138 ], [ 38.7105, 7.013 ], [ 38.7144, 6.9914 ], [ 38.7112, 6.9738 ], [ 38.7005, 6.9686 ], [ 38.6948, 6.9575 ], [ 38.7046, 6.9306 ], [ 38.6998, 6.9033 ], [ 38.7141, 6.8606 ], [ 38.6399, 6.8127 ], [ 38.6364, 6.7997 ], [ 38.6357, 6.7717 ], [ 38.6435, 6.7687 ], [ 38.6582, 6.7696 ], [ 38.672, 6.7623 ], [ 38.6784, 6.749 ], [ 38.7056, 6.742 ], [ 38.7209, 6.7301 ], [ 38.7274, 6.712 ], [ 38.7423, 6.7009 ], [ 38.7542, 6.697 ], [ 38.8179, 6.7036 ], [ 38.8335, 6.6917 ], [ 38.8378, 6.6749 ], [ 38.8551, 6.6687 ], [ 38.9018, 6.6657 ], [ 38.9344, 6.6556 ], [ 38.9494, 6.6438 ], [ 38.9417, 6.6103 ], [ 38.9596, 6.6009 ], [ 39.0322, 6.6118 ], [ 39.0593, 6.6088 ], [ 39.0645, 6.5988 ], [ 39.0529, 6.584 ], [ 39.0484, 6.5698 ], [ 39.0526, 6.557 ], [ 39.0698, 6.5533 ], [ 39.0862, 6.5452 ], [ 39.0966, 6.5216 ], [ 39.0954, 6.4721 ], [ 39.1075, 6.4377 ], [ 39.1253, 6.357 ], [ 39.1345, 6.3596 ], [ 39.135, 6.3548 ], [ 39.1391, 6.3557 ], [ 39.1347, 6.343 ], [ 39.1378, 6.3246 ], [ 39.1586, 6.3076 ], [ 39.1662, 6.2914 ], [ 39.1751, 6.2849 ], [ 39.1798, 6.2851 ], [ 39.1973, 6.2992 ], [ 39.2063, 6.2986 ], [ 39.2158, 6.3079 ], [ 39.2232, 6.3226 ], [ 39.2353, 6.3319 ], [ 39.242, 6.3592 ], [ 39.2522, 6.3722 ], [ 39.271, 6.3719 ], [ 39.2739, 6.3745 ], [ 39.2794, 6.3693 ], [ 39.2957, 6.4123 ], [ 39.2965, 6.43 ], [ 39.3054, 6.4355 ], [ 39.3257, 6.465 ], [ 39.3377, 6.474 ], [ 39.3353, 6.4816 ], [ 39.3401, 6.4973 ], [ 39.3371, 6.5148 ], [ 39.3407, 6.5199 ], [ 39.4012, 6.5555 ], [ 39.4269, 6.5447 ], [ 39.4295, 6.5557 ], [ 39.422, 6.576 ], [ 39.4198, 6.6017 ], [ 39.4276, 6.6195 ], [ 39.4498, 6.6357 ], [ 39.4603, 6.6574 ], [ 39.4639, 6.6575 ], [ 39.4695, 6.6648 ], [ 39.4931, 6.667 ], [ 39.5095, 6.6744 ], [ 39.5218, 6.6952 ], [ 39.5202, 6.7142 ], [ 39.5287, 6.72 ], [ 39.5797, 6.6711 ], [ 39.5982, 6.6842 ], [ 39.5958, 6.6859 ], [ 39.5983, 6.6907 ], [ 39.632, 6.6856 ], [ 39.6343, 6.6899 ], [ 39.6414, 6.6902 ], [ 39.6418, 6.7021 ], [ 39.6381, 6.7053 ], [ 39.6423, 6.7063 ], [ 39.6441, 6.7131 ], [ 39.6279, 6.7464 ], [ 39.6156, 6.7613 ], [ 39.6291, 6.7833 ], [ 39.6852, 6.8361 ], [ 39.7404, 6.8708 ], [ 39.7707, 6.9151 ], [ 39.7578, 6.9191 ], [ 39.7451, 6.9283 ], [ 39.7292, 6.9516 ], [ 39.7272, 6.962 ], [ 39.7313, 6.9714 ], [ 39.71, 6.9928 ], [ 39.7194, 7.0184 ], [ 39.7058, 7.0183 ], [ 39.7015, 7.0224 ], [ 39.6971, 7.0183 ], [ 39.6788, 7.0171 ], [ 39.6748, 7.0132 ], [ 39.6721, 7.0209 ], [ 39.6801, 7.0359 ], [ 39.6737, 7.0527 ], [ 39.6608, 7.0537 ], [ 39.6613, 7.0695 ], [ 39.6558, 7.0815 ], [ 39.643, 7.0876 ], [ 39.6363, 7.0812 ], [ 39.628, 7.0897 ], [ 39.6232, 7.0906 ], [ 39.6207, 7.0992 ], [ 39.6127, 7.1038 ], [ 39.6113, 7.1187 ], [ 39.6153, 7.1187 ], [ 39.6166, 7.1272 ], [ 39.6075, 7.1235 ], [ 39.6028, 7.1256 ], [ 39.601, 7.1327 ], [ 39.5935, 7.1412 ], [ 39.5989, 7.1448 ], [ 39.6141, 7.1432 ], [ 39.6202, 7.1476 ], [ 39.6282, 7.1479 ], [ 39.6646, 7.191 ], [ 39.6881, 7.189 ], [ 39.6931, 7.1928 ], [ 39.685, 7.2017 ], [ 39.6889, 7.2198 ], [ 39.6841, 7.2286 ], [ 39.6693, 7.2302 ], [ 39.6639, 7.228 ], [ 39.6484, 7.2371 ], [ 39.6456, 7.2504 ], [ 39.6347, 7.2526 ], [ 39.6405, 7.2609 ], [ 39.6344, 7.2681 ], [ 39.6334, 7.2772 ], [ 39.6268, 7.2742 ], [ 39.6205, 7.2813 ], [ 39.6241, 7.2825 ], [ 39.6218, 7.2931 ], [ 39.6132, 7.3092 ], [ 39.6036, 7.3147 ], [ 39.5992, 7.3222 ], [ 39.5866, 7.3268 ], [ 39.5815, 7.3403 ], [ 39.5855, 7.3477 ], [ 39.5787, 7.3538 ], [ 39.5775, 7.3631 ], [ 39.5679, 7.3648 ], [ 39.5525, 7.3517 ], [ 39.5357, 7.3518 ], [ 39.5313, 7.3609 ], [ 39.5305, 7.3807 ], [ 39.5241, 7.3983 ], [ 39.5209, 7.3952 ], [ 39.5098, 7.3735 ], [ 39.5105, 7.3603 ], [ 39.4977, 7.3541 ], [ 39.5014, 7.3389 ], [ 39.4994, 7.3281 ], [ 39.5059, 7.3176 ], [ 39.499, 7.2986 ], [ 39.5017, 7.2938 ], [ 39.4994, 7.2874 ], [ 39.4745, 7.2663 ], [ 39.4601, 7.2264 ], [ 39.4527, 7.2256 ], [ 39.4452, 7.2138 ], [ 39.4434, 7.1966 ], [ 39.4478, 7.1812 ], [ 39.4431, 7.1819 ], [ 39.439, 7.1787 ], [ 39.4282, 7.1836 ], [ 39.4203, 7.1756 ], [ 39.4113, 7.1777 ], [ 39.4048, 7.1857 ], [ 39.3917, 7.1927 ], [ 39.356, 7.2352 ], [ 39.3461, 7.2525 ], [ 39.3375, 7.2517 ], [ 39.3389, 7.2572 ], [ 39.3317, 7.2738 ], [ 39.3233, 7.2752 ], [ 39.3132, 7.2663 ], [ 39.3052, 7.2686 ], [ 39.3044, 7.2752 ], [ 39.2938, 7.2759 ], [ 39.2893, 7.2929 ], [ 39.2828, 7.2921 ], [ 39.2818, 7.2975 ], [ 39.2735, 7.2952 ], [ 39.272, 7.3052 ], [ 39.2617, 7.3012 ], [ 39.2604, 7.3037 ], [ 39.2522, 7.3037 ], [ 39.2528, 7.297 ], [ 39.2362, 7.2887 ], [ 39.221, 7.2943 ], [ 39.2092, 7.2782 ], [ 39.2059, 7.2862 ], [ 39.214, 7.3168 ], [ 39.2094, 7.3289 ], [ 39.198, 7.3347 ], [ 39.1821, 7.3539 ], [ 39.1633, 7.3642 ], [ 39.1236, 7.3474 ], [ 39.1272, 7.3619 ], [ 39.1156, 7.3605 ], [ 39.0968, 7.3511 ], [ 39.0691, 7.3436 ], [ 39.0702, 7.3461 ], [ 39.0654, 7.3509 ], [ 39.0585, 7.3489 ], [ 39.0579, 7.3529 ], [ 39.055, 7.353 ], [ 39.0496, 7.3492 ], [ 39.052, 7.3456 ], [ 39.0485, 7.3412 ], [ 39.0406, 7.3441 ], [ 39.0266, 7.3303 ], [ 38.9985, 7.3337 ], [ 38.9952, 7.3281 ], [ 38.9893, 7.3308 ], [ 38.9763, 7.3265 ], [ 38.9713, 7.3211 ], [ 38.9514, 7.3283 ], [ 38.9442, 7.3366 ], [ 38.9335, 7.3339 ], [ 38.9261, 7.3282 ], [ 38.9052, 7.3269 ], [ 38.8794, 7.3508 ], [ 38.8498, 7.3523 ], [ 38.8613, 7.369 ], [ 38.86, 7.3887 ], [ 38.8525, 7.3968 ], [ 38.8556, 7.4094 ], [ 38.8417, 7.4133 ], [ 38.851, 7.4375 ], [ 38.8581, 7.441 ], [ 38.8615, 7.4551 ], [ 38.8584, 7.4575 ], [ 38.86, 7.4625 ], [ 38.8548, 7.4641 ], [ 38.8591, 7.4688 ], [ 38.8494, 7.4729 ], [ 38.8634, 7.4729 ], [ 38.8635, 7.4787 ], [ 38.8674, 7.4786 ], [ 38.8691, 7.4906 ], [ 38.873, 7.494 ], [ 38.8665, 7.5005 ], [ 38.8767, 7.5486 ], [ 38.8863, 7.575 ], [ 38.8719, 7.5787 ], [ 38.8918, 7.6017 ], [ 38.8844, 7.6349 ], [ 38.8963, 7.6675 ], [ 38.8808, 7.674 ], [ 38.8771, 7.6729 ], [ 38.876, 7.6928 ], [ 38.8637, 7.7042 ], [ 38.8421, 7.7066 ], [ 38.8398, 7.7017 ], [ 38.8337, 7.7041 ], [ 38.8245, 7.6988 ], [ 38.8104, 7.6994 ], [ 38.8063, 7.6774 ], [ 38.7984, 7.6588 ], [ 38.7989, 7.6478 ], [ 38.7901, 7.659 ], [ 38.788, 7.6676 ], [ 38.7823, 7.6699 ], [ 38.7767, 7.6631 ], [ 38.7723, 7.6677 ], [ 38.7649, 7.6631 ], [ 38.7634, 7.6685 ], [ 38.7573, 7.6711 ], [ 38.7554, 7.678 ], [ 38.773, 7.6782 ], [ 38.7796, 7.683 ], [ 38.7794, 7.6887 ], [ 38.7512, 7.6932 ], [ 38.7523, 7.6838 ], [ 38.7479, 7.6744 ], [ 38.7454, 7.6855 ], [ 38.7365, 7.6958 ], [ 38.723, 7.6914 ], [ 38.7102, 7.6796 ], [ 38.697, 7.6835 ], [ 38.6125, 7.6672 ], [ 38.5458, 7.6853 ], [ 38.5379, 7.6698 ], [ 38.5126, 7.6503 ], [ 38.4992, 7.6345 ], [ 38.4751, 7.6231 ], [ 38.4587, 7.6104 ], [ 38.4662, 7.6053 ], [ 38.4584, 7.591 ], [ 38.4513, 7.5898 ], [ 38.4484, 7.5836 ], [ 38.444, 7.584 ], [ 38.4431, 7.5813 ], [ 38.4308, 7.5829 ], [ 38.4232, 7.5722 ], [ 38.4228, 7.5667 ], [ 38.419, 7.5692 ] ] ] } },
{ "type": "Feature", "properties": { "iso3": "ETH", "unit_id": "89294058B78656336657832", "unit_name": "Kelem Wellega" }, "geometry": { "type": "Polygon", "coordinates": [ [ [ 34.379, 9.1306 ], [ 34.3933, 9.1163 ], [ 34.4268, 9.0718 ], [ 34.4583, 9.0732 ], [ 34.4837, 9.0471 ], [ 34.5037, 9.0041 ], [ 34.4307, 8.9674 ], [ 34.1344, 8.9626 ], [ 34.1242, 8.6515 ], [ 34.1896, 8.6516 ], [ 34.2235, 8.6698 ], [ 34.2352, 8.6861 ], [ 34.2557, 8.7026 ], [ 34.2794, 8.7088 ], [ 34.3124, 8.6821 ], [ 34.3455, 8.6001 ], [ 34.3582, 8.522 ], [ 34.3574, 8.4999 ], [ 34.3349, 8.4386 ], [ 34.3152, 8.4068 ], [ 34.3133, 8.3899 ], [ 34.3292, 8.387 ], [ 34.3473, 8.3766 ], [ 34.4364, 8.4218 ], [ 34.4712, 8.4476 ], [ 34.5227, 8.4755 ], [ 34.5565, 8.4551 ], [ 34.5743, 8.4035 ], [ 34.6303, 8.402 ], [ 34.6674, 8.395 ], [ 34.7288, 8.39 ], [ 34.7676, 8.3634 ], [ 34.7853, 8.3552 ], [ 34.7951, 8.3269 ], [ 34.7858, 8.3036 ], [ 34.8264, 8.2619 ], [ 34.8551, 8.2506 ], [ 34.965, 8.2472 ], [ 34.9689, 8.2619 ], [ 34.9652, 8.2654 ], [ 34.9771, 8.2908 ], [ 34.9793, 8.3024 ], [ 34.977, 8.3101 ], [ 34.982, 8.3277 ], [ 34.9687, 8.3405 ], [ 34.959, 8.3384 ], [ 34.953, 8.3477 ], [ 34.9527, 8.3539 ], [ 34.9573, 8.3724 ], [ 34.9652, 8.3838 ], [ 34.9645, 8.4019 ], [ 34.9741, 8.4117 ], [ 34.9714, 8.4196 ], [ 34.979, 8.4445 ], [ 34.9924, 8.4575 ], [ 35.0001, 8.4867 ], [ 35.0092, 8.4895 ], [ 35.0177, 8.4876 ], [ 35.0297, 8.4948 ], [ 35.0326, 8.5137 ], [ 35.0357, 8.5154 ], [ 35.042, 8.5123 ], [ 35.0501, 8.5208 ], [ 35.0613, 8.5209 ], [ 35.0684, 8.5182 ], [ 35.0745, 8.5091 ], [ 35.1152, 8.4983 ], [ 35.1392, 8.5064 ], [ 35.166, 8.5073 ], [ 35.1697, 8.5113 ], [ 35.177, 8.5082 ], [ 35.1881, 8.5194 ], [ 35.1894, 8.5405 ], [ 35.2006, 8.5404 ], [ 35.1822, 8.5559 ], [ 35.1815, 8.5627 ], [ 35.1687, 8.5714 ], [ 35.1648, 8.5799 ], [ 35.1419, 8.5859 ], [ 35.1421, 8.5928 ], [ 35.1355, 8.5937 ], [ 35.1306, 8.6032 ], [ 35.1208, 8.607 ], [ 35.114, 8.6204 ], [ 35.1119, 8.6344 ], [ 35.124, 8.6625 ], [ 35.1314, 8.6667 ], [ 35.144, 8.6672 ], [ 35.1422, 8.6835 ], [ 35.16, 8.7072 ], [ 35.1721, 8.7104 ], [ 35.1783, 8.7199 ], [ 35.1948, 8.7234 ], [ 35.1956, 8.7289 ], [ 35.2048, 8.7316 ], [ 35.2148, 8.7568 ], [ 35.226, 8.7474 ], [ 35.2264, 8.7312 ], [ 35.2321, 8.7287 ], [ 35.2342, 8.7217 ], [ 35.2424, 8.7306 ], [ 35.2427, 8.7391 ], [ 35.2509, 8.7444 ], [ 35.2514, 8.7548 ], [ 35.2548, 8.7559 ], [ 35.2731, 8.7531 ], [ 35.2748, 8.7468 ], [ 35.2801, 8.7444 ], [ 35.2829, 8.7329 ], [ 35.2883, 8.7371 ], [ 35.2982, 8.7367 ], [ 35.3083, 8.7479 ], [ 35.3478, 8.7418 ], [ 35.3511, 8.7373 ], [ 35.3621, 8.7377 ], [ 35.364, 8.7479 ], [ 35.3729, 8.7505 ], [ 35.3726, 8.7589 ], [ 35.3782, 8.7583 ], [ 35.3872, 8.7697 ], [ 35.4093, 8.7757 ], [ 35.4062, 8.7907 ], [ 35.4098, 8.796 ], [ 35.4001, 8.8004 ], [ 35.41, 8.8067 ], [ 35.4107, 8.8142 ], [ 35.4285, 8.8249 ], [ 35.4401, 8.8221 ], [ 35.4354, 8.8362 ], [ 35.4325, 8.8341 ], [ 35.4244, 8.8461 ], [ 35.432, 8.8607 ], [ 35.4438, 8.8597 ], [ 35.4395, 8.8669 ], [ 35.4453, 8.8684 ], [ 35.4422, 8.8738 ], [ 35.4476, 8.8743 ], [ 35.4402, 8.8814 ], [ 35.4417, 8.8872 ], [ 35.4395, 8.8886 ], [ 35.4433, 8.8888 ], [ 35.4432, 8.8936 ], [ 35.4459, 8.8931 ], [ 35.4506, 8.9079 ], [ 35.4479, 8.9091 ], [ 35.4445, 8.9038 ], [ 35.4407, 8.9062 ], [ 35.4428, 8.9139 ], [ 35.4243, 8.9173 ], [ 35.4211, 8.9134 ], [ 35.4112, 8.9124 ], [ 35.4105, 8.9271 ], [ 35.4033, 8.9262 ], [ 35.405, 8.9369 ], [ 35.3978, 8.9407 ], [ 35.3985, 8.9476 ], [ 35.3912, 8.9465 ], [ 35.3904, 8.9415 ], [ 35.3847, 8.9439 ], [ 35.3785, 8.9365 ], [ 35.3641, 8.9506 ], [ 35.3626, 8.9438 ], [ 35.3508, 8.9447 ], [ 35.3374, 8.9622 ], [ 35.3374, 8.967 ], [ 35.3454, 8.9702 ], [ 35.3437, 8.9785 ], [ 35.3467, 8.9859 ], [ 35.3437, 9.0058 ], [ 35.334, 9.0068 ], [ 35.3351, 9.0232 ], [ 35.3325, 9.0284 ], [ 35.3227, 9.0303 ], [ 35.3241, 9.0383 ], [ 35.3156, 9.0514 ], [ 35.3119, 9.0523 ], [ 35.3129, 9.0584 ], [ 35.3073, 9.0549 ], [ 35.3, 9.0556 ], [ 35.2931, 9.0587 ], [ 35.2922, 9.0718 ], [ 35.2788, 9.0707 ], [ 35.2764, 9.0835 ], [ 35.2803, 9.0933 ], [ 35.2747, 9.0921 ], [ 35.2633, 9.0783 ], [ 35.2531, 9.0861 ], [ 35.2526, 9.0914 ], [ 35.2463, 9.0938 ], [ 35.2428, 9.1041 ], [ 35.2339, 9.1105 ], [ 35.2318, 9.0995 ], [ 35.2202, 9.0965 ], [ 35.2039, 9.1009 ], [ 35.1971, 9.1158 ], [ 35.1942, 9.1071 ], [ 35.1882, 9.1049 ], [ 35.1791, 9.13 ], [ 35.1696, 9.1372 ], [ 35.17, 9.151 ], [ 35.1631, 9.1649 ], [ 35.1549, 9.1677 ], [ 35.1542, 9.1731 ], [ 35.1409, 9.1833 ], [ 35.1387, 9.2059 ], [ 35.1353, 9.2108 ], [ 35.1297, 9.2105 ], [ 35.1249, 9.2155 ], [ 35.138, 9.2292 ], [ 35.1358, 9.236 ], [ 35.1311, 9.2361 ], [ 35.1277, 9.2421 ], [ 35.1271, 9.2592 ], [ 35.1127, 9.2626 ], [ 35.1138, 9.2676 ], [ 35.1095, 9.2751 ], [ 35.0973, 9.2738 ], [ 35.0716, 9.2976 ], [ 35.0631, 9.2996 ], [ 35.0552, 9.3158 ], [ 35.0523, 9.3142 ], [ 35.0415, 9.3177 ], [ 35.038, 9.3098 ], [ 35.0297, 9.308 ], [ 35.0189, 9.3148 ], [ 35.013, 9.3134 ], [ 35.0078, 9.3166 ], [ 35.0085, 9.3218 ], [ 35.0013, 9.3261 ], [ 34.9961, 9.3365 ], [ 34.9827, 9.3362 ], [ 34.9856, 9.3477 ], [ 34.9781, 9.3446 ], [ 34.9768, 9.3532 ], [ 34.9674, 9.3465 ], [ 34.9597, 9.3587 ], [ 34.9494, 9.3654 ], [ 34.9403, 9.364 ], [ 34.9386, 9.3595 ], [ 34.9314, 9.3601 ], [ 34.924, 9.3791 ], [ 34.9278, 9.3853 ], [ 34.9258, 9.3901 ], [ 34.9408, 9.3981 ], [ 34.9308, 9.4046 ], [ 34.9232, 9.4047 ], [ 34.9183, 9.3991 ], [ 34.912, 9.3829 ], [ 34.9188, 9.3754 ], [ 34.9135, 9.3635 ], [ 34.9221, 9.3483 ], [ 34.9066, 9.3326 ], [ 34.9037, 9.323 ], [ 34.8913, 9.3106 ], [ 34.8841, 9.3082 ], [ 34.8727, 9.2917 ], [ 34.8708, 9.2776 ], [ 34.8748, 9.2696 ], [ 34.8732, 9.2655 ], [ 34.8597, 9.2604 ], [ 34.8516, 9.2514 ], [ 34.8364, 9.2524 ], [ 34.8299, 9.2561 ], [ 34.8244, 9.2501 ], [ 34.8221, 9.2399 ], [ 34.8165, 9.2458 ], [ 34.7915, 9.2496 ], [ 34.781, 9.228 ], [ 34.7804, 9.205 ], [ 34.7778, 9.2027 ], [ 34.7815, 9.1823 ], [ 34.7778, 9.1736 ], [ 34.6987, 9.1749 ], [ 34.5908, 9.1398 ], [ 34.5861, 9.1434 ], [ 34.5844, 9.1501 ], [ 34.5685, 9.162 ], [ 34.5658, 9.1682 ], [ 34.5555, 9.1688 ], [ 34.5447, 9.185 ], [ 34.5278, 9.1887 ], [ 34.5233, 9.1848 ], [ 34.5173, 9.1852 ], [ 34.5136, 9.1764 ], [ 34.5147, 9.1707 ], [ 34.4897, 9.1584 ], [ 34.4862, 9.1501 ], [ 34.4809, 9.1488 ], [ 34.4756, 9.1522 ], [ 34.4626, 9.1534 ], [ 34.4451, 9.1489 ], [ 34.4209, 9.1539 ], [ 34.393, 9.1408 ], [ 34.379, 9.1306 ] ] ] } },
{ "type": "Feature", "properties": { "iso3": "ETH", "unit_id": "89294058B68460596399254", "unit_name": "Horo Gudru Wellega" }, "geometry": { "type": "Polygon", "coordinates": [ [ [ 37.0459, 10.2884 ], [ 37.0401, 10.2854 ], [ 37.0133, 10.2849 ], [ 36.9971, 10.303 ], [ 36.9799, 10.314 ], [ 36.9308, 10.3109 ], [ 36.9246, 10.3138 ], [ 36.898, 10.3128 ], [ 36.8887, 10.3155 ], [ 36.8692, 10.3407 ], [ 36.8247, 10.3425 ], [ 36.8153, 10.3403 ], [ 36.819, 10.3339 ], [ 36.8256, 10.3342 ], [ 36.8312, 10.324 ], [ 36.8305, 10.3189 ], [ 36.8356, 10.3158 ], [ 36.8375, 10.2879 ], [ 36.8463, 10.2824 ], [ 36.8463, 10.2754 ], [ 36.8517, 10.2687 ], [ 36.851, 10.2591 ], [ 36.8654, 10.2503 ], [ 36.8656, 10.242 ], [ 36.8631, 10.2411 ], [ 36.8659, 10.2336 ], [ 36.8609, 10.2296 ], [ 36.8618, 10.2111 ], [ 36.8599, 10.2036 ], [ 36.8555, 10.2013 ], [ 36.8595, 10.1985 ], [ 36.8564, 10.1961 ], [ 36.8573, 10.1906 ], [ 36.8526, 10.19 ], [ 36.8533, 10.185 ], [ 36.8475, 10.1832 ], [ 36.8571, 10.1762 ], [ 36.8657, 10.1768 ], [ 36.8631, 10.1707 ], [ 36.8705, 10.1665 ], [ 36.8741, 10.1678 ], [ 36.8783, 10.1591 ], [ 36.8866, 10.1628 ], [ 36.8905, 10.1535 ], [ 36.8909, 10.1383 ], [ 36.8973, 10.1333 ], [ 36.8936, 10.1309 ], [ 36.8979, 10.1256 ], [ 36.8963, 10.1161 ], [ 36.8878, 10.1088 ], [ 36.8861, 10.1019 ], [ 36.8867, 10.0979 ], [ 36.8879, 10.1029 ], [ 36.8915, 10.1034 ], [ 36.891, 10.0924 ], [ 36.8968, 10.0895 ], [ 36.8951, 10.0647 ], [ 36.9005, 10.0587 ], [ 36.8969, 10.0492 ], [ 36.9, 10.0443 ], [ 36.8967, 10.0395 ], [ 36.898, 10.03 ], [ 36.8936, 10.0177 ], [ 36.9017, 10.0181 ], [ 36.9067, 10.0148 ], [ 36.912, 10.0168 ], [ 36.9134, 10.0062 ], [ 36.9171, 10.0036 ], [ 36.9118, 9.9991 ], [ 36.913, 9.9928 ], [ 36.9032, 9.9937 ], [ 36.9017, 9.9903 ], [ 36.9054, 9.9861 ], [ 36.8998, 9.986 ], [ 36.8941, 9.9775 ], [ 36.9011, 9.9725 ], [ 36.901, 9.9655 ], [ 36.915, 9.9619 ], [ 36.92, 9.9545 ], [ 36.9179, 9.9453 ], [ 36.9026, 9.9279 ], [ 36.8965, 9.9154 ], [ 36.9076, 9.904 ], [ 36.9074, 9.9077 ], [ 36.9191, 9.9194 ], [ 36.929, 9.9171 ], [ 36.9193, 9.9111 ], [ 36.9191, 9.8992 ], [ 36.9134, 9.9022 ], [ 36.9069, 9.8961 ], [ 36.9145, 9.8958 ], [ 36.9087, 9.8814 ], [ 36.9129, 9.8771 ], [ 36.9129, 9.8717 ], [ 36.9076, 9.8672 ], [ 36.9152, 9.859 ], [ 36.9062, 9.8547 ], [ 36.9075, 9.8511 ], [ 36.9046, 9.8499 ], [ 36.9125, 9.8432 ], [ 36.9098, 9.8418 ], [ 36.9132, 9.839 ], [ 36.911, 9.835 ], [ 36.9174, 9.8329 ], [ 36.9223, 9.8208 ], [ 36.9177, 9.8085 ], [ 36.913, 9.8044 ], [ 36.9068, 9.8084 ], [ 36.8963, 9.7966 ], [ 36.8894, 9.7962 ], [ 36.8861, 9.7897 ], [ 36.8803, 9.7939 ], [ 36.8741, 9.785 ], [ 36.8758, 9.7796 ], [ 36.8666, 9.7755 ], [ 36.8646, 9.7785 ], [ 36.8571, 9.7746 ], [ 36.8538, 9.7765 ], [ 36.8462, 9.7674 ], [ 36.8348, 9.7676 ], [ 36.8319, 9.773 ], [ 36.8219, 9.7746 ], [ 36.8201, 9.7701 ], [ 36.811, 9.7696 ], [ 36.7988, 9.7563 ], [ 36.7914, 9.7598 ], [ 36.7862, 9.742 ], [ 36.7754, 9.7417 ], [ 36.7763, 9.7338 ], [ 36.7812, 9.7329 ], [ 36.7852, 9.7227 ], [ 36.7825, 9.7084 ], [ 36.7738, 9.7018 ], [ 36.7729, 9.6969 ], [ 36.7688, 9.6969 ], [ 36.7637, 9.6885 ], [ 36.7485, 9.6928 ], [ 36.7333, 9.6878 ], [ 36.7219, 9.689 ], [ 36.7024, 9.6797 ], [ 36.7003, 9.6751 ], [ 36.6914, 9.6735 ], [ 36.6894, 9.6534 ], [ 36.6753, 9.6406 ], [ 36.6732, 9.634 ], [ 36.6766, 9.6278 ], [ 36.6739, 9.6212 ], [ 36.6795, 9.6103 ], [ 36.6798, 9.6029 ], [ 36.6743, 9.5997 ], [ 36.6744, 9.5958 ], [ 36.6664, 9.5864 ], [ 36.669, 9.5708 ], [ 36.663, 9.564 ], [ 36.663, 9.5566 ], [ 36.665, 9.549 ], [ 36.6712, 9.5441 ], [ 36.6618, 9.5282 ], [ 36.6667, 9.5215 ], [ 36.6617, 9.5155 ], [ 36.6617, 9.506 ], [ 36.6786, 9.4876 ], [ 36.6761, 9.4839 ], [ 36.6812, 9.4786 ], [ 36.6815, 9.4699 ], [ 36.6849, 9.4716 ], [ 36.6867, 9.4663 ], [ 36.6925, 9.4679 ], [ 36.694, 9.4635 ], [ 36.7047, 9.4568 ], [ 36.7064, 9.4437 ], [ 36.7141, 9.4439 ], [ 36.7217, 9.4396 ], [ 36.7337, 9.4166 ], [ 36.7542, 9.4238 ], [ 36.7595, 9.4199 ], [ 36.7615, 9.4137 ], [ 36.7714, 9.4161 ], [ 36.775, 9.412 ], [ 36.7952, 9.4119 ], [ 36.8075, 9.4246 ], [ 36.8155, 9.4244 ], [ 36.8312, 9.4331 ], [ 36.8275, 9.4464 ], [ 36.832, 9.4556 ], [ 36.8297, 9.4613 ], [ 36.861, 9.4778 ], [ 36.8638, 9.4736 ], [ 36.8681, 9.4748 ], [ 36.872, 9.4829 ], [ 36.8838, 9.4881 ], [ 36.8894, 9.4798 ], [ 36.8929, 9.4644 ], [ 36.8976, 9.4633 ], [ 36.8996, 9.4684 ], [ 36.9077, 9.4661 ], [ 36.9092, 9.4627 ], [ 36.9056, 9.4548 ], [ 36.914, 9.4442 ], [ 36.9177, 9.4447 ], [ 36.918, 9.4413 ], [ 36.9405, 9.4496 ], [ 36.9436, 9.4615 ], [ 36.9552, 9.4706 ], [ 36.964, 9.4583 ], [ 36.9809, 9.458 ], [ 36.9837, 9.4533 ], [ 36.9983, 9.449 ], [ 37.0005, 9.4533 ], [ 37.0315, 9.4586 ], [ 37.031, 9.4527 ], [ 37.036, 9.4482 ], [ 37.0349, 9.4276 ], [ 37.0568, 9.4299 ], [ 37.0633, 9.4258 ], [ 37.0624, 9.4099 ], [ 37.0538, 9.3907 ], [ 37.0531, 9.3679 ], [ 37.0726, 9.349 ], [ 37.0657, 9.3382 ], [ 37.0642, 9.3292 ], [ 37.0675, 9.3218 ], [ 37.0773, 9.3293 ], [ 37.0882, 9.3024 ], [ 37.1049, 9.3107 ], [ 37.1133, 9.3077 ], [ 37.1255, 9.2859 ], [ 37.1565, 9.2679 ], [ 37.1583, 9.2567 ], [ 37.1543, 9.2532 ], [ 37.1708, 9.2497 ], [ 37.1821, 9.2413 ], [ 37.1982, 9.2383 ], [ 37.2107, 9.2186 ], [ 37.2321, 9.2132 ], [ 37.244, 9.2053 ], [ 37.2457, 9.2004 ], [ 37.2554, 9.197 ], [ 37.2914, 9.172 ], [ 37.337, 9.1588 ], [ 37.3654, 9.1583 ], [ 37.3895, 9.1631 ], [ 37.3916, 9.184 ], [ 37.404, 9.1992 ], [ 37.4181, 9.2388 ], [ 37.4179, 9.2449 ], [ 37.4331, 9.2619 ], [ 37.4399, 9.2848 ], [ 37.4668, 9.3199 ], [ 37.4982, 9.3292 ], [ 37.5321, 9.321 ], [ 37.5379, 9.3242 ], [ 37.5536, 9.324 ], [ 37.5783, 9.3167 ], [ 37.5856, 9.3214 ], [ 37.5929, 9.3345 ], [ 37.6024, 9.3409 ], [ 37.6044, 9.3479 ], [ 37.6126, 9.348 ], [ 37.6272, 9.3614 ], [ 37.6399, 9.3578 ], [ 37.6469, 9.3621 ], [ 37.6459, 9.3677 ], [ 37.6536, 9.3728 ], [ 37.6499, 9.3807 ], [ 37.6535, 9.3851 ], [ 37.6502, 9.3924 ], [ 37.6532, 9.3949 ], [ 37.6537, 9.4032 ], [ 37.6592, 9.4046 ], [ 37.6581, 9.4125 ], [ 37.6644, 9.4157 ], [ 37.6536, 9.4202 ], [ 37.6427, 9.4467 ], [ 37.6353, 9.4541 ], [ 37.6343, 9.4598 ], [ 37.6402, 9.4781 ], [ 37.6355, 9.4837 ], [ 37.6391, 9.496 ], [ 37.6377, 9.5098 ], [ 37.6361, 9.5161 ], [ 37.6306, 9.5185 ], [ 37.6207, 9.5427 ], [ 37.6255, 9.5542 ], [ 37.625, 9.5687 ], [ 37.6186, 9.5773 ], [ 37.6167, 9.598 ], [ 37.6291, 9.6257 ], [ 37.6163, 9.6712 ], [ 37.6186, 9.6845 ], [ 37.6284, 9.6936 ], [ 37.6314, 9.7387 ], [ 37.6421, 9.7512 ], [ 37.6374, 9.7836 ], [ 37.6327, 9.7921 ], [ 37.6367, 9.8334 ], [ 37.6463, 9.8438 ], [ 37.6691, 9.8521 ], [ 37.6691, 9.8602 ], [ 37.6619, 9.8605 ], [ 37.6366, 9.8855 ], [ 37.6236, 9.889 ], [ 37.6182, 9.8939 ], [ 37.6128, 9.9094 ], [ 37.5924, 9.9188 ], [ 37.5869, 9.9394 ], [ 37.5743, 9.9419 ], [ 37.5572, 9.9539 ], [ 37.5529, 9.9586 ], [ 37.5514, 9.9734 ], [ 37.5292, 9.9962 ], [ 37.5197, 9.9999 ], [ 37.5016, 9.9979 ], [ 37.4831, 10.0035 ], [ 37.4757, 10.0149 ], [ 37.4613, 10.0121 ], [ 37.4445, 10.0146 ], [ 37.4244, 10.0338 ], [ 37.3983, 10.0462 ], [ 37.3622, 10.0432 ], [ 37.357, 10.0402 ], [ 37.3493, 10.0119 ], [ 37.3448, 10.0058 ], [ 37.3233, 10.0081 ], [ 37.3178, 10.0181 ], [ 37.3056, 10.0267 ], [ 37.2965, 10.0528 ], [ 37.2877, 10.0629 ], [ 37.2716, 10.0736 ], [ 37.2619, 10.0767 ], [ 37.2407, 10.0756 ], [ 37.2205, 10.0839 ], [ 37.1907, 10.1116 ], [ 37.1798, 10.1444 ], [ 37.1677, 10.1633 ], [ 37.171, 10.174 ], [ 37.1975, 10.2139 ], [ 37.1999, 10.2233 ], [ 37.196, 10.2309 ], [ 37.1745, 10.2433 ], [ 37.1348, 10.246 ], [ 37.0871, 10.2595 ], [ 37.0781, 10.2634 ], [ 37.0697, 10.2761 ], [ 37.0618, 10.2817 ], [ 37.0508, 10.2836 ], [ 37.0459, 10.2884 ] ] ] } },
{ "type": "Feature", "properties": { "iso3": "ETH", "unit_id": "89294058B44342251045012", "unit_name": "Finfine Special" }, "geometry": { "type": "Polygon", "coordinates": [ [ [ 38.4162, 8.8526 ], [ 38.4105, 8.8475 ], [ 38.4197, 8.842 ], [ 38.4164, 8.836 ], [ 38.4297, 8.8364 ], [ 38.424, 8.8293 ], [ 38.4308, 8.8261 ], [ 38.4309, 8.8214 ], [ 38.4237, 8.8227 ], [ 38.4204, 8.8164 ], [ 38.4267, 8.8052 ], [ 38.4294, 8.7906 ], [ 38.4347, 8.7884 ], [ 38.44, 8.7791 ], [ 38.4442, 8.7784 ], [ 38.4485, 8.783 ], [ 38.4491, 8.778 ], [ 38.461, 8.7678 ], [ 38.4648, 8.7602 ], [ 38.4611, 8.7373 ], [ 38.4752, 8.7326 ], [ 38.4827, 8.7366 ], [ 38.4854, 8.7276 ], [ 38.493, 8.7236 ], [ 38.4903, 8.7139 ], [ 38.4969, 8.7071 ], [ 38.4953, 8.7033 ], [ 38.4981, 8.6975 ], [ 38.5194, 8.6976 ], [ 38.525, 8.703 ], [ 38.5559, 8.7056 ], [ 38.5658, 8.7127 ], [ 38.5738, 8.7095 ], [ 38.5768, 8.7128 ], [ 38.5811, 8.7091 ], [ 38.5871, 8.7112 ], [ 38.5986, 8.7041 ], [ 38.6047, 8.7047 ], [ 38.6105, 8.6981 ], [ 38.618, 8.6989 ], [ 38.6211, 8.6963 ], [ 38.6173, 8.6908 ], [ 38.6239, 8.6837 ], [ 38.6202, 8.679 ], [ 38.6288, 8.6651 ], [ 38.6405, 8.6588 ], [ 38.6513, 8.6471 ], [ 38.6654, 8.6378 ], [ 38.6873, 8.6396 ], [ 38.6985, 8.6348 ], [ 38.6962, 8.6181 ], [ 38.6912, 8.6154 ], [ 38.6898, 8.6099 ], [ 38.6925, 8.6077 ], [ 38.6897, 8.6049 ], [ 38.693, 8.6022 ], [ 38.7032, 8.6037 ], [ 38.7008, 8.5927 ], [ 38.7063, 8.5889 ], [ 38.6975, 8.5761 ], [ 38.7005, 8.5686 ], [ 38.7314, 8.5666 ], [ 38.7404, 8.5602 ], [ 38.7482, 8.5482 ], [ 38.7631, 8.5456 ], [ 38.7693, 8.551 ], [ 38.7689, 8.569 ], [ 38.777, 8.5743 ], [ 38.7767, 8.58 ], [ 38.7887, 8.6029 ], [ 38.7898, 8.6136 ], [ 38.7956, 8.6162 ], [ 38.8088, 8.6341 ], [ 38.8058, 8.6454 ], [ 38.8167, 8.6568 ], [ 38.8243, 8.6602 ], [ 38.8321, 8.6893 ], [ 38.8294, 8.6901 ], [ 38.8297, 8.6999 ], [ 38.8364, 8.7026 ], [ 38.8394, 8.7169 ], [ 38.8453, 8.7184 ], [ 38.8494, 8.728 ], [ 38.8639, 8.7288 ], [ 38.8721, 8.7393 ], [ 38.8706, 8.7453 ], [ 38.8759, 8.7522 ], [ 38.8732, 8.761 ], [ 38.8763, 8.7696 ], [ 38.8751, 8.7791 ], [ 38.8805, 8.7817 ], [ 38.8853, 8.791 ], [ 38.9039, 8.7917 ], [ 38.9072, 8.7888 ], [ 38.9066, 8.7932 ], [ 38.9099, 8.7958 ], [ 38.8992, 8.7947 ], [ 38.899, 8.8062 ], [ 38.9204, 8.8198 ], [ 38.9324, 8.8206 ], [ 38.9327, 8.831 ], [ 38.9393, 8.8388 ], [ 38.9446, 8.8579 ], [ 38.9644, 8.8835 ], [ 38.9786, 8.8855 ], [ 38.9769, 8.898 ], [ 38.9822, 8.9105 ], [ 38.9949, 8.9197 ], [ 38.9997, 8.9297 ], [ 39.0091, 8.9305 ], [ 39.0008, 8.9434 ], [ 39.0118, 8.9564 ], [ 39.0124, 8.9636 ], [ 39.0201, 8.9671 ], [ 39.0167, 8.9702 ], [ 39.0141, 8.9678 ], [ 39.0176, 8.9735 ], [ 39.0241, 8.9753 ], [ 39.0249, 8.9794 ], [ 39.0189, 8.9786 ], [ 39.0124, 9.0017 ], [ 39.0284, 9.0187 ], [ 39.0287, 9.009 ], [ 39.0363, 9.0018 ], [ 39.0643, 9.0208 ], [ 39.0718, 9.0189 ], [ 39.0763, 9.0101 ], [ 39.0853, 9.0142 ], [ 39.096, 9.014 ], [ 39.1039, 9.0219 ], [ 39.0993, 9.0612 ], [ 39.0949, 9.0705 ], [ 39.1023, 9.0841 ], [ 39.0856, 9.0952 ], [ 39.0872, 9.0979 ], [ 39.0794, 9.1007 ], [ 39.0827, 9.1045 ], [ 39.0812, 9.1083 ], [ 39.0718, 9.1092 ], [ 39.0636, 9.1169 ], [ 39.0585, 9.1167 ], [ 39.0457, 9.1067 ], [ 39.0363, 9.1142 ], [ 39.0375, 9.1257 ], [ 39.0316, 9.1349 ], [ 39.0364, 9.1439 ], [ 39.0307, 9.1498 ], [ 39.0294, 9.1674 ], [ 39.0071, 9.1864 ], [ 39.0007, 9.1883 ], [ 39.0009, 9.2001 ], [ 38.9986, 9.2037 ], [ 38.9924, 9.2042 ], [ 38.9951, 9.2143 ], [ 39.0001, 9.2148 ], [ 39.0145, 9.2255 ], [ 39.0129, 9.2401 ], [ 39.0221, 9.2431 ], [ 39.0171, 9.2542 ], [ 39.0137, 9.2546 ], [ 39.001, 9.2707 ], [ 39.0075, 9.2786 ], [ 39.0004, 9.2779 ], [ 39.0031, 9.2871 ], [ 39.0003, 9.2889 ], [ 38.9886, 9.2863 ], [ 38.985, 9.2686 ], [ 38.9823, 9.2672 ], [ 38.9745, 9.2728 ], [ 38.9662, 9.267 ], [ 38.9615, 9.2691 ], [ 38.9526, 9.2622 ], [ 38.9493, 9.268 ], [ 38.9515, 9.2732 ], [ 38.9403, 9.2681 ], [ 38.9439, 9.2749 ], [ 38.9417, 9.2781 ], [ 38.9331, 9.2805 ], [ 38.9288, 9.2873 ], [ 38.9171, 9.2897 ], [ 38.9032, 9.2876 ], [ 38.8882, 9.2774 ], [ 38.8827, 9.2779 ], [ 38.8813, 9.2704 ], [ 38.8742, 9.2746 ], [ 38.8693, 9.2699 ], [ 38.8589, 9.2679 ], [ 38.851, 9.2745 ], [ 38.8443, 9.2743 ], [ 38.8449, 9.2811 ], [ 38.8528, 9.2781 ], [ 38.8493, 9.2836 ], [ 38.8555, 9.3 ], [ 38.854, 9.3094 ], [ 38.8579, 9.3143 ], [ 38.8634, 9.3152 ], [ 38.8674, 9.3104 ], [ 38.8812, 9.3159 ], [ 38.8801, 9.3257 ], [ 38.8849, 9.3303 ], [ 38.882, 9.3326 ], [ 38.8868, 9.3451 ], [ 38.891, 9.3463 ], [ 38.8957, 9.3558 ], [ 38.9011, 9.3497 ], [ 38.9061, 9.3643 ], [ 38.9154, 9.3637 ], [ 38.9273, 9.385 ], [ 38.9335, 9.387 ], [ 38.9333, 9.3938 ], [ 38.93, 9.3949 ], [ 38.9356, 9.4016 ], [ 38.9291, 9.4208 ], [ 38.9484, 9.4262 ], [ 38.954, 9.4206 ], [ 38.9582, 9.4262 ], [ 38.9538, 9.4311 ], [ 38.9549, 9.4369 ], [ 38.9618, 9.4413 ], [ 38.9653, 9.4569 ], [ 38.9751, 9.4584 ], [ 38.9761, 9.464 ], [ 38.9547, 9.4628 ], [ 38.9446, 9.4677 ], [ 38.942, 9.4753 ], [ 38.9321, 9.4723 ], [ 38.9305, 9.4739 ], [ 38.9344, 9.4793 ], [ 38.9221, 9.4807 ], [ 38.908, 9.4671 ], [ 38.8992, 9.468 ], [ 38.896, 9.4749 ], [ 38.8869, 9.4732 ], [ 38.8848, 9.4665 ], [ 38.8808, 9.466 ], [ 38.8782, 9.4609 ], [ 38.8795, 9.4544 ], [ 38.8755, 9.4529 ], [ 38.871, 9.4571 ], [ 38.8601, 9.4575 ], [ 38.8542, 9.4477 ], [ 38.8514, 9.4502 ], [ 38.8489, 9.447 ], [ 38.846, 9.4506 ], [ 38.8316, 9.4486 ], [ 38.8246, 9.4564 ], [ 38.83, 9.4615 ], [ 38.826, 9.4633 ], [ 38.815, 9.4539 ], [ 38.8129, 9.4574 ], [ 38.8078, 9.4561 ], [ 38.8126, 9.4489 ], [ 38.8016, 9.4416 ], [ 38.7926, 9.4459 ], [ 38.7882, 9.4435 ], [ 38.7853, 9.4333 ], [ 38.7757, 9.4323 ], [ 38.7595, 9.4369 ], [ 38.7501, 9.4449 ], [ 38.7387, 9.4453 ], [ 38.7323, 9.4514 ], [ 38.7215, 9.4546 ], [ 38.7175, 9.4831 ], [ 38.7129, 9.4905 ], [ 38.7069, 9.4907 ], [ 38.7051, 9.4862 ], [ 38.6911, 9.4832 ], [ 38.6732, 9.5067 ], [ 38.6539, 9.5115 ], [ 38.6551, 9.5146 ], [ 38.6514, 9.5165 ], [ 38.6462, 9.5156 ], [ 38.6425, 9.5096 ], [ 38.6293, 9.5137 ], [ 38.6203, 9.5103 ], [ 38.6177, 9.5061 ], [ 38.6101, 9.5075 ], [ 38.589, 9.4905 ], [ 38.5695, 9.4937 ], [ 38.5628, 9.4878 ], [ 38.5617, 9.4915 ], [ 38.5578, 9.4845 ], [ 38.5285, 9.4701 ], [ 38.5262, 9.4716 ], [ 38.5208, 9.4659 ], [ 38.5217, 9.4608 ], [ 38.5281, 9.4622 ], [ 38.5463, 9.4525 ], [ 38.5556, 9.4406 ], [ 38.5552, 9.4373 ], [ 38.5341, 9.4228 ], [ 38.531, 9.4163 ], [ 38.5473, 9.3914 ], [ 38.5438, 9.3754 ], [ 38.5452, 9.3684 ], [ 38.5181, 9.3613 ], [ 38.498, 9.3407 ], [ 38.4982, 9.3345 ], [ 38.5105, 9.327 ], [ 38.504, 9.3247 ], [ 38.4993, 9.3184 ], [ 38.4969, 9.296 ], [ 38.4841, 9.277 ], [ 38.4856, 9.271 ], [ 38.4824, 9.2609 ], [ 38.4848, 9.2524 ], [ 38.4944, 9.251 ], [ 38.4973, 9.2484 ], [ 38.4958, 9.2462 ], [ 38.5025, 9.2416 ], [ 38.5099, 9.2414 ], [ 38.5044, 9.2381 ], [ 38.5058, 9.2295 ], [ 38.5005, 9.2327 ], [ 38.4774, 9.2267 ], [ 38.466, 9.2403 ], [ 38.4617, 9.2358 ], [ 38.4634, 9.2313 ], [ 38.4443, 9.2366 ], [ 38.4423, 9.2226 ], [ 38.4449, 9.2273 ], [ 38.4478, 9.2265 ], [ 38.4581, 9.2169 ], [ 38.4483, 9.2038 ], [ 38.441, 9.2091 ], [ 38.4392, 9.2007 ], [ 38.4232, 9.2002 ], [ 38.4312, 9.1954 ], [ 38.4157, 9.1905 ], [ 38.421, 9.1833 ], [ 38.4189, 9.1752 ], [ 38.4209, 9.1735 ], [ 38.4131, 9.1618 ], [ 38.4119, 9.1508 ], [ 38.4175, 9.1356 ], [ 38.4283, 9.1221 ], [ 38.425, 9.1156 ], [ 38.4336, 9.113 ], [ 38.4333, 9.1097 ], [ 38.4409, 9.1061 ], [ 38.4591, 9.1074 ], [ 38.4612, 9.1012 ], [ 38.4758, 9.1001 ], [ 38.4792, 9.0947 ], [ 38.4754, 9.0841 ], [ 38.4747, 9.0888 ], [ 38.463, 9.0922 ], [ 38.4629, 9.0784 ], [ 38.4546, 9.0682 ], [ 38.4508, 9.072 ], [ 38.4407, 9.0641 ], [ 38.4442, 9.0584 ], [ 38.4547, 9.0589 ], [ 38.4562, 9.0483 ], [ 38.4524, 9.0436 ], [ 38.4582, 9.0167 ], [ 38.452, 8.9986 ], [ 38.4392, 8.9871 ], [ 38.4423, 8.9668 ], [ 38.4295, 8.968 ], [ 38.4231, 8.9561 ], [ 38.4137, 8.9557 ], [ 38.4087, 8.9494 ], [ 38.401, 8.9469 ], [ 38.4008, 8.9361 ], [ 38.3923, 8.9352 ], [ 38.3925, 8.923 ], [ 38.408, 8.9156 ], [ 38.4082, 8.9066 ], [ 38.4388, 8.8772 ], [ 38.431, 8.8619 ], [ 38.4164, 8.8615 ], [ 38.4162, 8.8526 ] ], [ [ 38.6594, 8.9854 ], [ 38.6511, 9.0025 ], [ 38.6519, 9.0103 ], [ 38.667, 9.01 ], [ 38.6672, 9.0262 ], [ 38.6726, 9.0387 ], [ 38.6835, 9.05 ], [ 38.6854, 9.073 ], [ 38.7166, 9.0878 ], [ 38.738, 9.0869 ], [ 38.7712, 9.0982 ], [ 38.7913, 9.0777 ], [ 38.8051, 9.0823 ], [ 38.8247, 9.0759 ], [ 38.8495, 9.0782 ], [ 38.8568, 9.0835 ], [ 38.8682, 9.0849 ], [ 38.8763, 9.0816 ], [ 38.882, 9.0686 ], [ 38.8829, 9.0521 ], [ 38.8933, 9.0372 ], [ 38.905, 9.0095 ], [ 38.9062, 8.9774 ], [ 38.9028, 8.9624 ], [ 38.8962, 8.9548 ], [ 38.9011, 8.9461 ], [ 38.8968, 8.937 ], [ 38.8914, 8.9343 ], [ 38.8614, 8.9427 ], [ 38.8556, 8.9383 ], [ 38.8794, 8.9183 ], [ 38.8733, 8.9051 ], [ 38.8775, 8.8958 ], [ 38.8687, 8.873 ], [ 38.8638, 8.8829 ], [ 38.8407, 8.8799 ], [ 38.833, 8.8829 ], [ 38.826, 8.8802 ], [ 38.8294, 8.8688 ], [ 38.8239, 8.8528 ], [ 38.8244, 8.8413 ], [ 38.8125, 8.84 ], [ 38.7976, 8.8335 ], [ 38.7806, 8.8359 ], [ 38.7775, 8.8524 ], [ 38.773, 8.8575 ], [ 38.7565, 8.8532 ], [ 38.7541, 8.8586 ], [ 38.7455, 8.8634 ], [ 38.7473, 8.8772 ], [ 38.7432, 8.8804 ], [ 38.7436, 8.9026 ], [ 38.7365, 8.9013 ], [ 38.7191, 8.9197 ], [ 38.7084, 8.9209 ], [ 38.702, 8.9256 ], [ 38.6938, 8.9419 ], [ 38.6806, 8.9411 ], [ 38.681, 8.9497 ], [ 38.6762, 8.9576 ], [ 38.6428, 8.9659 ], [ 38.6394, 8.974 ], [ 38.6546, 8.9769 ], [ 38.6594, 8.9854 ] ] ] } },
{ "type": "Feature", "properties": { "iso3": "ETH", "unit_id": "89294058B89241041601087", "unit_name": "East Bale" }, "geometry": { "type": "Polygon", "coordinates": [ [ [ 40.3416, 7.5702 ], [ 40.3522, 7.5503 ], [ 40.3642, 7.538 ], [ 40.3657, 7.5209 ], [ 40.3633, 7.5156 ], [ 40.3847, 7.4892 ], [ 40.3722, 7.465 ], [ 40.3481, 7.4594 ], [ 40.3379, 7.4448 ], [ 40.3423, 7.4395 ], [ 40.3396, 7.4262 ], [ 40.3506, 7.4392 ], [ 40.3579, 7.438 ], [ 40.3471, 7.4141 ], [ 40.3602, 7.4123 ], [ 40.3441, 7.4009 ], [ 40.3305, 7.4001 ], [ 40.3542, 7.3888 ], [ 40.3689, 7.3971 ], [ 40.3655, 7.3804 ], [ 40.3707, 7.3682 ], [ 40.3635, 7.359 ], [ 40.3649, 7.3573 ], [ 40.3548, 7.355 ], [ 40.336, 7.3584 ], [ 40.3325, 7.3539 ], [ 40.3265, 7.3554 ], [ 40.3224, 7.3509 ], [ 40.3228, 7.3271 ], [ 40.3368, 7.313 ], [ 40.3251, 7.3103 ], [ 40.3237, 7.2947 ], [ 40.3018, 7.2764 ], [ 40.3, 7.2786 ], [ 40.2972, 7.2766 ], [ 40.2877, 7.2567 ], [ 40.2755, 7.2517 ], [ 40.2812, 7.2456 ], [ 40.2832, 7.231 ], [ 40.2915, 7.2216 ], [ 40.2894, 7.2184 ], [ 40.2951, 7.2135 ], [ 40.2995, 7.1971 ], [ 40.295, 7.1942 ], [ 40.3075, 7.1838 ], [ 40.321, 7.1836 ], [ 40.3351, 7.1769 ], [ 40.3447, 7.1779 ], [ 40.3606, 7.1708 ], [ 40.3645, 7.1653 ], [ 40.3672, 7.1508 ], [ 40.3746, 7.1389 ], [ 40.3733, 7.1339 ], [ 40.3892, 7.1222 ], [ 40.3916, 7.1152 ], [ 40.3958, 7.1165 ], [ 40.3984, 7.1139 ], [ 40.4009, 7.1255 ], [ 40.434, 7.1211 ], [ 40.4379, 7.1089 ], [ 40.4548, 7.1015 ], [ 40.4608, 7.0956 ], [ 40.4612, 7.1005 ], [ 40.4546, 7.1071 ], [ 40.4722, 7.1097 ], [ 40.4668, 7.1181 ], [ 40.4709, 7.1222 ], [ 40.47, 7.1254 ], [ 40.4648, 7.1287 ], [ 40.4364, 7.1318 ], [ 40.4337, 7.1386 ], [ 40.4467, 7.1436 ], [ 40.4667, 7.1428 ], [ 40.5071, 7.1205 ], [ 40.5201, 7.133 ], [ 40.5178, 7.1379 ], [ 40.533, 7.1532 ], [ 40.5675, 7.1111 ], [ 40.5939, 7.1001 ], [ 40.6134, 7.1019 ], [ 40.6168, 7.0973 ], [ 40.6156, 7.0782 ], [ 40.6178, 7.0746 ], [ 40.6133, 7.057 ], [ 40.6166, 7.0306 ], [ 40.6252, 7.0244 ], [ 40.6463, 7.0201 ], [ 40.6446, 7.0031 ], [ 40.6549, 6.9909 ], [ 40.672, 6.9833 ], [ 40.6809, 6.9852 ], [ 40.6926, 6.9828 ], [ 40.7068, 6.973 ], [ 40.7108, 6.9669 ], [ 40.7124, 6.9482 ], [ 40.7218, 6.9461 ], [ 40.7218, 6.9439 ], [ 40.7103, 6.9265 ], [ 40.7015, 6.9191 ], [ 40.7257, 6.8912 ], [ 40.74, 6.8926 ], [ 40.7648, 6.8892 ], [ 40.7546, 6.8694 ], [ 40.7585, 6.8341 ], [ 40.7677, 6.8177 ], [ 40.7631, 6.8055 ], [ 40.7518, 6.8111 ], [ 40.7482, 6.8027 ], [ 40.7457, 6.7866 ], [ 40.7536, 6.7773 ], [ 40.6921, 6.7303 ], [ 40.6762, 6.732 ], [ 40.6433, 6.7226 ], [ 40.6585, 6.6936 ], [ 40.6503, 6.6855 ], [ 40.6535, 6.6758 ], [ 40.663, 6.6688 ], [ 40.6454, 6.6482 ], [ 40.6491, 6.6442 ], [ 40.6513, 6.6266 ], [ 40.6561, 6.622 ], [ 40.656, 6.6159 ], [ 40.6605, 6.6147 ], [ 40.6617, 6.6054 ], [ 40.653, 6.5977 ], [ 40.6585, 6.5951 ], [ 40.6551, 6.5932 ], [ 40.6557, 6.586 ], [ 40.6437, 6.5631 ], [ 40.6443, 6.5568 ], [ 40.6404, 6.5494 ], [ 40.6441, 6.546 ], [ 40.6447, 6.5366 ], [ 40.6648, 6.5148 ], [ 40.6667, 6.4949 ], [ 40.6731, 6.4775 ], [ 40.6812, 6.4743 ], [ 40.6806, 6.4712 ], [ 40.6955, 6.4559 ], [ 40.7152, 6.4491 ], [ 40.7369, 6.4265 ], [ 40.7396, 6.4258 ], [ 40.74, 6.4285 ], [ 40.7512, 6.422 ], [ 40.7538, 6.4157 ], [ 40.7639, 6.4077 ], [ 40.7668, 6.3887 ], [ 40.778, 6.3773 ], [ 40.7869, 6.3603 ], [ 40.7954, 6.3559 ], [ 40.7943, 6.3441 ], [ 40.7997, 6.3398 ], [ 40.8052, 6.3277 ], [ 40.8123, 6.342 ], [ 40.8243, 6.3501 ], [ 40.8305, 6.3479 ], [ 40.8387, 6.3508 ], [ 40.8506, 6.3441 ], [ 40.864, 6.351 ], [ 40.8567, 6.3859 ], [ 40.8604, 6.4362 ], [ 40.8856, 6.4721 ], [ 40.9001, 6.5116 ], [ 40.99, 6.6042 ], [ 41.0155, 6.6446 ], [ 41.0712, 6.6879 ], [ 41.0721, 6.6943 ], [ 41.131, 6.6913 ], [ 41.1563, 6.6769 ], [ 41.1743, 6.6589 ], [ 41.2285, 6.623 ], [ 41.3584, 6.5655 ], [ 41.38, 6.5655 ], [ 41.4378, 6.544 ], [ 41.528, 6.4649 ], [ 41.6197, 6.3617 ], [ 41.6333, 6.3914 ], [ 41.6561, 6.4092 ], [ 41.6903, 6.4294 ], [ 41.7389, 6.5199 ], [ 41.7579, 6.5405 ], [ 41.7988, 6.5575 ], [ 41.8197, 6.5705 ], [ 41.8537, 6.5689 ], [ 41.8607, 6.5353 ], [ 41.888, 6.5353 ], [ 41.9364, 6.5532 ], [ 41.9995, 6.5898 ], [ 42.004, 6.5976 ], [ 42.0065, 6.6144 ], [ 42.0004, 6.6286 ], [ 41.9992, 6.6416 ], [ 42.0135, 6.6586 ], [ 42.0146, 6.6804 ], [ 42.0255, 6.7064 ], [ 42.0555, 6.7488 ], [ 42.0629, 6.8259 ], [ 42.0755, 6.864 ], [ 42.0762, 6.8867 ], [ 42.0987, 6.9157 ], [ 42.1061, 6.9302 ], [ 42.1342, 6.9542 ], [ 42.1626, 7.0071 ], [ 42.1576, 7.0513 ], [ 42.187, 7.0964 ], [ 42.2047, 7.141 ], [ 42.2035, 7.1946 ], [ 42.2098, 7.2269 ], [ 42.2099, 7.264 ], [ 42.1991, 7.2914 ], [ 41.8961, 7.4112 ], [ 41.8675, 7.5312 ], [ 41.8614, 7.5306 ], [ 41.8461, 7.557 ], [ 41.8194, 7.5618 ], [ 41.7529, 7.6129 ], [ 41.7007, 7.634 ], [ 41.7057, 7.6585 ], [ 41.6765, 7.6704 ], [ 41.6738, 7.6954 ], [ 41.6484, 7.711 ], [ 41.6484, 7.7186 ], [ 41.6417, 7.7254 ], [ 41.6233, 7.7336 ], [ 41.6188, 7.7531 ], [ 41.6039, 7.7669 ], [ 41.6124, 7.7872 ], [ 41.6111, 7.7987 ], [ 41.6014, 7.8109 ], [ 41.6037, 7.8412 ], [ 41.5876, 7.8624 ], [ 41.5832, 7.8609 ], [ 41.5742, 7.8471 ], [ 41.5707, 7.8493 ], [ 41.5701, 7.8683 ], [ 41.5627, 7.8788 ], [ 41.5641, 7.8963 ], [ 41.5564, 7.9088 ], [ 41.559, 7.9217 ], [ 41.5525, 7.9286 ], [ 41.5462, 7.9264 ], [ 41.5366, 7.9353 ], [ 41.5376, 7.9668 ], [ 41.5287, 7.9744 ], [ 41.5252, 7.9939 ], [ 41.5273, 8.0521 ], [ 41.5235, 8.0594 ], [ 41.5223, 8.0771 ], [ 41.5156, 8.0847 ], [ 41.5132, 8.1042 ], [ 41.5018, 8.1193 ], [ 41.5028, 8.1232 ], [ 41.4986, 8.1289 ], [ 41.4779, 8.1352 ], [ 41.4619, 8.1284 ], [ 41.4578, 8.1236 ], [ 41.4525, 8.1245 ], [ 41.4432, 8.1163 ], [ 41.4387, 8.1178 ], [ 41.4329, 8.1134 ], [ 41.425, 8.1178 ], [ 41.4174, 8.1132 ], [ 41.4009, 8.1242 ], [ 41.391, 8.122 ], [ 41.3858, 8.1287 ], [ 41.3619, 8.1345 ], [ 41.3492, 8.1492 ], [ 41.3311, 8.1582 ], [ 41.325, 8.1545 ], [ 41.3189, 8.1565 ], [ 41.3136, 8.1534 ], [ 41.3022, 8.1549 ], [ 41.291, 8.1524 ], [ 41.276, 8.138 ], [ 41.2481, 8.1321 ], [ 41.243, 8.1284 ], [ 41.2261, 8.1304 ], [ 41.22, 8.1235 ], [ 41.2144, 8.1254 ], [ 41.2118, 8.1355 ], [ 41.2047, 8.1345 ], [ 41.2018, 8.1299 ], [ 41.1944, 8.1314 ], [ 41.1903, 8.126 ], [ 41.1729, 8.1179 ], [ 41.1612, 8.1017 ], [ 41.1504, 8.0965 ], [ 41.146, 8.0854 ], [ 41.1401, 8.0872 ], [ 41.1338, 8.08 ], [ 41.1239, 8.077 ], [ 41.1133, 8.0806 ], [ 41.1088, 8.0718 ], [ 41.0979, 8.0717 ], [ 41.0948, 8.0615 ], [ 41.0864, 8.0623 ], [ 41.0826, 8.0507 ], [ 41.0681, 8.0363 ], [ 41.0679, 8.0282 ], [ 41.0577, 8.0222 ], [ 41.0518, 8.0114 ], [ 41.0443, 8.0087 ], [ 41.0323, 8.0143 ], [ 41.0274, 8.0046 ], [ 41.0189, 8.0073 ], [ 41.0107, 8.0006 ], [ 41.0027, 8.0019 ], [ 40.9897, 7.9954 ], [ 40.9838, 7.9859 ], [ 40.9828, 7.9753 ], [ 40.9771, 7.9709 ], [ 40.9658, 7.9733 ], [ 40.958, 7.97 ], [ 40.9563, 7.9662 ], [ 40.9368, 7.9694 ], [ 40.9309, 7.9625 ], [ 40.9231, 7.9618 ], [ 40.9163, 7.9561 ], [ 40.9095, 7.9635 ], [ 40.8973, 7.9568 ], [ 40.8872, 7.9624 ], [ 40.882, 7.9559 ], [ 40.8776, 7.9553 ], [ 40.8682, 7.9611 ], [ 40.8636, 7.9544 ], [ 40.8565, 7.9574 ], [ 40.8491, 7.9536 ], [ 40.8328, 7.9619 ], [ 40.8221, 7.9588 ], [ 40.8127, 7.9637 ], [ 40.8112, 7.9572 ], [ 40.8054, 7.9551 ], [ 40.799, 7.9611 ], [ 40.7886, 7.9527 ], [ 40.7811, 7.9524 ], [ 40.777, 7.9454 ], [ 40.7652, 7.9423 ], [ 40.7588, 7.9352 ], [ 40.7522, 7.9336 ], [ 40.7493, 7.9282 ], [ 40.7403, 7.927 ], [ 40.7384, 7.9168 ], [ 40.732, 7.9109 ], [ 40.7334, 7.8997 ], [ 40.7272, 7.8859 ], [ 40.7288, 7.8783 ], [ 40.7237, 7.8749 ], [ 40.728, 7.8708 ], [ 40.7224, 7.8601 ], [ 40.7139, 7.8524 ], [ 40.7088, 7.8374 ], [ 40.7116, 7.8323 ], [ 40.7094, 7.8255 ], [ 40.6992, 7.8226 ], [ 40.6959, 7.8243 ], [ 40.696, 7.819 ], [ 40.6922, 7.8246 ], [ 40.6874, 7.8246 ], [ 40.6739, 7.8081 ], [ 40.6684, 7.8129 ], [ 40.6578, 7.8046 ], [ 40.6513, 7.8055 ], [ 40.646, 7.8007 ], [ 40.6394, 7.801 ], [ 40.6375, 7.7954 ], [ 40.6324, 7.7962 ], [ 40.6254, 7.7914 ], [ 40.6182, 7.7739 ], [ 40.6084, 7.7688 ], [ 40.6095, 7.7597 ], [ 40.6028, 7.7585 ], [ 40.6045, 7.7491 ], [ 40.5973, 7.744 ], [ 40.5852, 7.7437 ], [ 40.5844, 7.7386 ], [ 40.5883, 7.7335 ], [ 40.5766, 7.7217 ], [ 40.572, 7.7085 ], [ 40.5622, 7.7004 ], [ 40.5681, 7.6927 ], [ 40.5585, 7.684 ], [ 40.5614, 7.6803 ], [ 40.5608, 7.6736 ], [ 40.5504, 7.6495 ], [ 40.5335, 7.6482 ], [ 40.5302, 7.6536 ], [ 40.5235, 7.6533 ], [ 40.5178, 7.659 ], [ 40.5098, 7.6582 ], [ 40.4941, 7.6545 ], [ 40.4809, 7.6442 ], [ 40.4656, 7.6372 ], [ 40.4629, 7.6321 ], [ 40.4292, 7.6324 ], [ 40.4167, 7.6197 ], [ 40.4072, 7.6199 ], [ 40.3954, 7.6133 ], [ 40.3956, 7.6048 ], [ 40.3804, 7.6013 ], [ 40.3685, 7.594 ], [ 40.3626, 7.5834 ], [ 40.3503, 7.5788 ], [ 40.3488, 7.5722 ], [ 40.3416, 7.5702 ] ] ] } },
{ "type": "Feature", "properties": { "iso3": "ETH", "unit_id": "89294058B25546285926989", "unit_name": "Siti" }, "geometry": { "type": "Polygon", "coordinates": [ [ [ 41.1668, 10.7799 ], [ 41.0773, 10.6812 ], [ 41.0779, 10.6395 ], [ 41.0824, 10.6325 ], [ 41.087, 10.6006 ], [ 41.0713, 10.541 ], [ 41.0471, 10.4776 ], [ 41.0318, 10.422 ], [ 41.0304, 10.4004 ], [ 41.015, 10.3432 ], [ 41.0051, 10.3188 ], [ 40.9788, 10.1947 ], [ 40.9747, 10.1566 ], [ 40.9366, 10.0352 ], [ 40.946, 10.0013 ], [ 40.9658, 9.9717 ], [ 40.9989, 9.9678 ], [ 41.0134, 9.96 ], [ 41.0196, 9.9488 ], [ 41.0139, 9.9392 ], [ 40.9966, 9.9287 ], [ 40.8473, 9.7903 ], [ 40.8256, 9.7635 ], [ 40.7663, 9.6708 ], [ 40.7519, 9.6546 ], [ 40.7022, 9.5361 ], [ 40.6962, 9.5022 ], [ 40.6961, 9.4461 ], [ 40.7195, 9.4439 ], [ 40.7832, 9.4479 ], [ 40.8158, 9.4527 ], [ 40.8424, 9.4636 ], [ 40.8622, 9.463 ], [ 40.89, 9.4486 ], [ 40.9175, 9.4218 ], [ 40.9275, 9.4051 ], [ 40.8912, 9.3895 ], [ 40.8582, 9.3854 ], [ 40.8281, 9.3931 ], [ 40.7976, 9.3956 ], [ 40.7888, 9.3869 ], [ 40.7926, 9.3674 ], [ 40.8126, 9.3109 ], [ 40.8248, 9.3054 ], [ 40.8441, 9.3048 ], [ 40.8741, 9.3094 ], [ 40.927, 9.3231 ], [ 40.9536, 9.3356 ], [ 40.9707, 9.3515 ], [ 41.0141, 9.3572 ], [ 41.0565, 9.3911 ], [ 41.0835, 9.4044 ], [ 41.1454, 9.4246 ], [ 41.1918, 9.4598 ], [ 41.2199, 9.4907 ], [ 41.2393, 9.4988 ], [ 41.3087, 9.5031 ], [ 41.3365, 9.4946 ], [ 41.3931, 9.4858 ], [ 41.4326, 9.4759 ], [ 41.491, 9.4574 ], [ 41.5406, 9.4996 ], [ 41.5642, 9.5069 ], [ 41.6426, 9.5151 ], [ 41.6542, 9.4812 ], [ 41.6702, 9.4706 ], [ 41.7023, 9.4667 ], [ 41.7219, 9.4675 ], [ 41.7346, 9.4715 ], [ 41.728, 9.489 ], [ 41.7491, 9.6006 ], [ 41.7486, 9.6364 ], [ 41.7738, 9.6537 ], [ 41.8087, 9.6406 ], [ 41.8533, 9.6737 ], [ 41.8732, 9.6839 ], [ 41.9061, 9.6793 ], [ 41.9964, 9.6312 ], [ 42.0084, 9.6222 ], [ 42.0189, 9.6179 ], [ 42.0308, 9.6185 ], [ 42.1858, 9.7736 ], [ 42.2134, 9.7837 ], [ 42.251, 9.7835 ], [ 42.2935, 9.7575 ], [ 42.3398, 9.7196 ], [ 42.3462, 9.7214 ], [ 42.3766, 9.7138 ], [ 42.4485, 9.722 ], [ 42.499, 9.7211 ], [ 42.5681, 9.7369 ], [ 42.6185, 9.7584 ], [ 42.6474, 9.7752 ], [ 42.6638, 9.7765 ], [ 42.681, 9.7743 ], [ 42.6941, 9.7687 ], [ 42.7271, 9.7251 ], [ 42.7259, 9.7399 ], [ 42.73, 9.7531 ], [ 42.7838, 9.7704 ], [ 42.7939, 9.8099 ], [ 42.8203, 9.8379 ], [ 42.88, 9.879 ], [ 42.8847, 9.9085 ], [ 42.8442, 9.9425 ], [ 42.7853, 9.9768 ], [ 42.7333, 10.0428 ], [ 42.707, 10.1196 ], [ 42.7702, 10.2212 ], [ 42.7997, 10.2762 ], [ 42.8148, 10.2948 ], [ 42.8155, 10.3005 ], [ 42.821, 10.3025 ], [ 42.8061, 10.35 ], [ 42.7971, 10.4228 ], [ 42.7861, 10.4556 ], [ 42.7222, 10.5179 ], [ 42.7094, 10.5361 ], [ 42.6811, 10.5828 ], [ 42.6648, 10.6329 ], [ 42.7642, 10.7804 ], [ 42.8386, 10.8739 ], [ 42.9175, 10.9553 ], [ 42.9441, 11.0024 ], [ 42.891, 10.9821 ], [ 42.811, 10.9883 ], [ 42.7922, 10.9978 ], [ 42.7693, 11.0232 ], [ 42.7598, 11.0591 ], [ 42.7482, 11.0779 ], [ 42.6404, 11.0971 ], [ 42.6082, 11.0916 ], [ 42.5011, 11.0636 ], [ 42.3589, 11.0192 ], [ 42.1717, 11.0003 ], [ 42.1255, 10.9994 ], [ 42.0197, 10.9447 ], [ 41.9919, 10.9422 ], [ 41.9181, 10.9536 ], [ 41.8372, 10.9731 ], [ 41.8117, 10.9839 ], [ 41.7689, 10.9912 ], [ 41.7634, 10.9909 ], [ 41.7605, 10.9819 ], [ 41.7395, 10.9683 ], [ 41.7176, 10.9648 ], [ 41.6995, 10.9693 ], [ 41.6808, 10.9639 ], [ 41.6342, 10.9653 ], [ 41.5822, 10.9621 ], [ 41.4841, 10.9669 ], [ 41.4101, 10.9585 ], [ 41.3922, 10.9663 ], [ 41.3486, 10.9625 ], [ 41.3003, 10.9641 ], [ 41.2682, 10.9579 ], [ 41.2408, 10.9214 ], [ 41.2336, 10.8912 ], [ 41.232, 10.8637 ], [ 41.2201, 10.8345 ], [ 41.1909, 10.7964 ], [ 41.1668, 10.7799 ] ] ] } },
{ "type": "Feature", "properties": { "iso3": "ETH", "unit_id": "89294058B52476878286591", "unit_name": "Fafan" }, "geometry": { "type": "MultiPolygon", "coordinates": [ [ [ [ 42.6586, 8.1301 ], [ 42.6596, 8.1273 ], [ 42.6867, 8.1216 ], [ 42.7036, 8.114 ], [ 42.7298, 8.1188 ], [ 42.7821, 8.1354 ], [ 42.8142, 8.1723 ], [ 42.8285, 8.2354 ], [ 42.9305, 8.4076 ], [ 42.9576, 8.4699 ], [ 43.1007, 8.4628 ], [ 43.2005, 8.5207 ], [ 43.1996, 8.5269 ], [ 43.2092, 8.5257 ], [ 43.2322, 8.5391 ], [ 43.2097, 8.5991 ], [ 43.2604, 8.6754 ], [ 43.2326, 8.7938 ], [ 43.3247, 8.8006 ], [ 43.3254, 8.8584 ], [ 43.3397, 8.8786 ], [ 43.3901, 8.8993 ], [ 43.4298, 8.8984 ], [ 43.4411, 8.834 ], [ 43.6345, 8.6472 ], [ 43.6686, 8.6337 ], [ 43.7074, 8.6047 ], [ 43.9785, 8.5036 ], [ 44.162, 8.7466 ], [ 44.1225, 8.8409 ], [ 44.1058, 8.9117 ], [ 44.1151, 8.9726 ], [ 44.0106, 9.0072 ], [ 43.6272, 9.3544 ], [ 43.5831, 9.3361 ], [ 43.5553, 9.3485 ], [ 43.4417, 9.4176 ], [ 43.4258, 9.4346 ], [ 43.4278, 9.4853 ], [ 43.3867, 9.5569 ], [ 43.3285, 9.6196 ], [ 43.2833, 9.6347 ], [ 43.2753, 9.6456 ], [ 43.2606, 9.6847 ], [ 43.2249, 9.8632 ], [ 43.2041, 9.8923 ], [ 43.1804, 9.9028 ], [ 43.1478, 9.9028 ], [ 43.1103, 9.9089 ], [ 43.0843, 9.9249 ], [ 43.063, 9.9488 ], [ 43.0517, 9.9682 ], [ 43.0347, 10.025 ], [ 43.013, 10.0811 ], [ 42.9806, 10.1176 ], [ 42.9228, 10.1478 ], [ 42.891, 10.1721 ], [ 42.8642, 10.2005 ], [ 42.8507, 10.2194 ], [ 42.821, 10.3025 ], [ 42.8155, 10.3005 ], [ 42.8148, 10.2948 ], [ 42.7997, 10.2762 ], [ 42.7702, 10.2212 ], [ 42.707, 10.1196 ], [ 42.7333, 10.0428 ], [ 42.7853, 9.9768 ], [ 42.8442, 9.9425 ], [ 42.8847, 9.9085 ], [ 42.88, 9.879 ], [ 42.8203, 9.8379 ], [ 42.7939, 9.8099 ], [ 42.7838, 9.7704 ], [ 42.73, 9.7531 ], [ 42.7259, 9.7399 ], [ 42.7271, 9.7251 ], [ 42.823, 9.6744 ], [ 42.8538, 9.6622 ], [ 42.8977, 9.6501 ], [ 42.9079, 9.6501 ], [ 42.9173, 9.6576 ], [ 42.9257, 9.6725 ], [ 42.935, 9.68 ], [ 42.9509, 9.6725 ], [ 42.964, 9.6557 ], [ 42.978, 9.6286 ], [ 42.9798, 9.6071 ], [ 42.9686, 9.5922 ], [ 42.9434, 9.5875 ], [ 42.921, 9.5651 ], [ 42.9089, 9.5632 ], [ 42.8799, 9.5847 ], [ 42.8641, 9.5866 ], [ 42.8407, 9.5829 ], [ 42.8136, 9.5726 ], [ 42.7875, 9.5231 ], [ 42.7763, 9.5119 ], [ 42.7361, 9.4951 ], [ 42.7287, 9.4829 ], [ 42.7147, 9.4745 ], [ 42.682, 9.4699 ], [ 42.6661, 9.4587 ], [ 42.6409, 9.4475 ], [ 42.6035, 9.4166 ], [ 42.5849, 9.4092 ], [ 42.5375, 9.373 ], [ 42.5516, 9.3452 ], [ 42.5563, 9.3211 ], [ 42.547, 9.3052 ], [ 42.5514, 9.2866 ], [ 42.571, 9.2582 ], [ 42.5796, 9.2375 ], [ 42.5836, 9.2154 ], [ 42.5955, 9.1936 ], [ 42.6143, 9.174 ], [ 42.6347, 9.1585 ], [ 42.6351, 9.144 ], [ 42.5993, 9.1062 ], [ 42.6443, 9.073 ], [ 42.6623, 9.049 ], [ 42.6801, 9.015 ], [ 42.7031, 8.9809 ], [ 42.7306, 8.948 ], [ 42.8052, 8.87 ], [ 42.8495, 8.8443 ], [ 42.8653, 8.8251 ], [ 42.8654, 8.8044 ], [ 42.8439, 8.7579 ], [ 42.832, 8.6952 ], [ 42.8384, 8.6644 ], [ 42.8599, 8.6363 ], [ 42.8988, 8.6027 ], [ 42.9053, 8.5822 ], [ 42.9124, 8.5221 ], [ 42.9108, 8.4988 ], [ 42.897, 8.4578 ], [ 42.8988, 8.4091 ], [ 42.8844, 8.3985 ], [ 42.7982, 8.3701 ], [ 42.7794, 8.3733 ], [ 42.7682, 8.3632 ], [ 42.7349, 8.2944 ], [ 42.7016, 8.1796 ], [ 42.6785, 8.1473 ], [ 42.6586, 8.1301 ] ] ], [ [ [ 42.1759, 8.5801 ], [ 42.2279, 8.4744 ], [ 42.3746, 8.4514 ], [ 42.5298, 8.4548 ], [ 42.5201, 8.4787 ], [ 42.5026, 8.4921 ], [ 42.323, 8.5368 ], [ 42.2631, 8.636 ], [ 42.2397, 8.6399 ], [ 42.2327, 8.635 ], [ 42.2156, 8.6112 ], [ 42.1759, 8.5801 ] ] ] ] } },
{ "type": "Feature", "properties": { "iso3": "ETH", "unit_id": "89294058B96709994536969", "unit_name": "Jarar" }, "geometry": { "type": "Polygon", "coordinates": [ [ [ 42.6867, 8.1216 ], [ 42.6747, 8.0892 ], [ 42.6806, 8.0779 ], [ 42.6979, 8.0655 ], [ 42.7029, 8.0542 ], [ 42.7016, 8.0326 ], [ 42.6919, 8.0119 ], [ 42.6933, 8.0 ], [ 42.6892, 7.9917 ], [ 42.6916, 7.9674 ], [ 42.7041, 7.9453 ], [ 42.7117, 7.9448 ], [ 43.0155, 7.7734 ], [ 43.3179, 7.6573 ], [ 43.4824, 7.5405 ], [ 43.5017, 7.4569 ], [ 43.4793, 7.3854 ], [ 43.6001, 7.2961 ], [ 43.6963, 7.2575 ], [ 43.7084, 7.3339 ], [ 43.8249, 7.4411 ], [ 43.9329, 7.5587 ], [ 44.1029, 7.5676 ], [ 44.1392, 7.5344 ], [ 44.1596, 7.5048 ], [ 44.1948, 7.4881 ], [ 44.2077, 7.4584 ], [ 44.2392, 7.4418 ], [ 44.2503, 7.3954 ], [ 44.28, 7.3825 ], [ 44.293, 7.3473 ], [ 44.3239, 7.3398 ], [ 44.3579, 7.3071 ], [ 44.3925, 7.2997 ], [ 44.4592, 7.3268 ], [ 44.4716, 7.401 ], [ 44.4987, 7.4874 ], [ 44.5383, 7.5541 ], [ 44.5728, 7.6085 ], [ 44.6745, 7.6854 ], [ 44.7177, 7.7505 ], [ 44.9831, 7.7635 ], [ 44.9807, 7.7367 ], [ 45.3545, 7.6567 ], [ 45.46, 7.6634 ], [ 45.6148, 7.6515 ], [ 45.6818, 7.7927 ], [ 45.758, 7.8725 ], [ 45.8187, 7.9422 ], [ 45.918, 7.9954 ], [ 46.0107, 8.0988 ], [ 46.0086, 8.1139 ], [ 46.0212, 8.2323 ], [ 46.0944, 8.312 ], [ 44.1151, 8.9726 ], [ 44.1058, 8.9117 ], [ 44.1225, 8.8409 ], [ 44.162, 8.7466 ], [ 43.9785, 8.5036 ], [ 43.7074, 8.6047 ], [ 43.6686, 8.6337 ], [ 43.6345, 8.6472 ], [ 43.4411, 8.834 ], [ 43.4298, 8.8984 ], [ 43.3901, 8.8993 ], [ 43.3397, 8.8786 ], [ 43.3254, 8.8584 ], [ 43.3247, 8.8006 ], [ 43.2326, 8.7938 ], [ 43.2604, 8.6754 ], [ 43.2097, 8.5991 ], [ 43.2322, 8.5391 ], [ 43.2092, 8.5257 ], [ 43.1996, 8.5269 ], [ 43.2005, 8.5207 ], [ 43.1007, 8.4628 ], [ 42.9576, 8.4699 ], [ 42.9305, 8.4076 ], [ 42.8285, 8.2354 ], [ 42.8142, 8.1723 ], [ 42.7821, 8.1354 ], [ 42.7298, 8.1188 ], [ 42.7036, 8.114 ], [ 42.6867, 8.1216 ] ] ] } },
{ "type": "Feature", "properties": { "iso3": "ETH", "unit_id": "89294058B28362553993957", "unit_name": "Erer" }, "geometry": { "type": "Polygon", "coordinates": [ [ [ 42.5298, 8.4548 ], [ 42.3746, 8.4514 ], [ 42.2279, 8.4744 ], [ 42.1759, 8.5801 ], [ 42.0697, 8.494 ], [ 42.026, 8.4258 ], [ 42.0271, 8.323 ], [ 41.9484, 8.2009 ], [ 41.9263, 8.0806 ], [ 41.9124, 7.8444 ], [ 41.9571, 7.7748 ], [ 41.9425, 7.7275 ], [ 41.9048, 7.6359 ], [ 41.8678, 7.5382 ], [ 41.8675, 7.5312 ], [ 41.8961, 7.4112 ], [ 42.1991, 7.2914 ], [ 42.2099, 7.264 ], [ 42.2098, 7.2269 ], [ 42.2035, 7.1946 ], [ 42.2047, 7.141 ], [ 42.187, 7.0964 ], [ 42.1576, 7.0513 ], [ 42.1626, 7.0071 ], [ 42.2073, 7.0524 ], [ 42.2301, 7.0624 ], [ 42.2487, 7.0762 ], [ 42.2688, 7.0993 ], [ 42.2784, 7.1507 ], [ 42.2707, 7.1964 ], [ 42.2322, 7.2104 ], [ 42.2297, 7.217 ], [ 42.2325, 7.2462 ], [ 42.2233, 7.2633 ], [ 42.2396, 7.2791 ], [ 42.2399, 7.2911 ], [ 42.2468, 7.3125 ], [ 42.2572, 7.3246 ], [ 42.3091, 7.3339 ], [ 42.6694, 7.4593 ], [ 42.5804, 7.5299 ], [ 42.552, 7.5611 ], [ 42.5628, 7.5692 ], [ 42.5789, 7.5685 ], [ 42.633, 7.5862 ], [ 42.649, 7.5945 ], [ 42.6715, 7.6189 ], [ 42.6816, 7.622 ], [ 42.7041, 7.642 ], [ 42.7131, 7.6541 ], [ 42.7146, 7.6628 ], [ 42.7113, 7.6722 ], [ 42.7213, 7.6899 ], [ 42.7341, 7.7028 ], [ 42.7359, 7.7117 ], [ 42.732, 7.7425 ], [ 42.7394, 7.7609 ], [ 42.7387, 7.7818 ], [ 42.7238, 7.8108 ], [ 42.7114, 7.8221 ], [ 42.7093, 7.8299 ], [ 42.712, 7.8682 ], [ 42.6958, 7.8907 ], [ 42.7105, 7.932 ], [ 42.6916, 7.9674 ], [ 42.6892, 7.9917 ], [ 42.6933, 8.0 ], [ 42.6919, 8.0119 ], [ 42.7016, 8.0326 ], [ 42.7029, 8.0542 ], [ 42.6979, 8.0655 ], [ 42.6806, 8.0779 ], [ 42.6747, 8.0892 ], [ 42.6867, 8.1216 ], [ 42.6596, 8.1273 ], [ 42.6586, 8.1301 ], [ 42.6514, 8.1297 ], [ 42.6306, 8.1404 ], [ 42.616, 8.1596 ], [ 42.5781, 8.2285 ], [ 42.567, 8.2556 ], [ 42.5298, 8.4548 ] ] ] } },
{ "type": "Feature", "properties": { "iso3": "ETH", "unit_id": "89294058B22839962401957", "unit_name": "Korahe" }, "geometry": { "type": "Polygon", "coordinates": [ [ [ 43.7084, 7.3339 ], [ 43.6547, 6.9935 ], [ 43.5918, 6.8195 ], [ 43.761, 6.614 ], [ 43.7147, 6.5418 ], [ 43.7148, 6.5154 ], [ 43.7251, 6.4758 ], [ 43.8383, 6.4719 ], [ 44.0311, 6.2422 ], [ 44.1076, 6.1846 ], [ 44.158, 6.1236 ], [ 44.1904, 6.0646 ], [ 44.1918, 6.0085 ], [ 44.1529, 5.9252 ], [ 44.1956, 5.6876 ], [ 44.3574, 5.6281 ], [ 44.4409, 5.6129 ], [ 44.5666, 5.4773 ], [ 44.7694, 5.4931 ], [ 44.814, 5.5242 ], [ 45.0573, 5.4497 ], [ 45.2745, 5.4028 ], [ 45.3792, 5.3691 ], [ 45.9892, 6.0344 ], [ 45.8452, 6.1136 ], [ 45.5428, 6.2978 ], [ 45.3188, 6.3054 ], [ 45.2516, 6.3972 ], [ 44.8292, 6.5419 ], [ 44.8075, 6.9645 ], [ 44.8716, 7.1707 ], [ 44.8639, 7.1915 ], [ 44.9195, 7.1946 ], [ 44.9184, 7.2121 ], [ 44.8452, 7.2417 ], [ 44.7958, 7.3746 ], [ 44.8669, 7.4902 ], [ 44.9556, 7.5681 ], [ 44.9525, 7.6739 ], [ 44.9807, 7.7367 ], [ 44.9831, 7.7635 ], [ 44.7177, 7.7505 ], [ 44.6745, 7.6854 ], [ 44.5728, 7.6085 ], [ 44.5383, 7.5541 ], [ 44.4987, 7.4874 ], [ 44.4716, 7.401 ], [ 44.4592, 7.3268 ], [ 44.3925, 7.2997 ], [ 44.3579, 7.3071 ], [ 44.3239, 7.3398 ], [ 44.293, 7.3473 ], [ 44.28, 7.3825 ], [ 44.2503, 7.3954 ], [ 44.2392, 7.4418 ], [ 44.2077, 7.4584 ], [ 44.1948, 7.4881 ], [ 44.1596, 7.5048 ], [ 44.1392, 7.5344 ], [ 44.1029, 7.5676 ], [ 43.9329, 7.5587 ], [ 43.8249, 7.4411 ], [ 43.7084, 7.3339 ] ] ] } },
{ "type": "Feature", "properties": { "iso3": "ETH", "unit_id": "89294058B64791554448940", "unit_name": "Shabelle" }, "geometry": { "type": "Polygon", "coordinates": [ [ [ 42.0102, 6.6547 ], [ 42.0331, 6.6344 ], [ 42.0311, 6.63 ], [ 42.0247, 6.6294 ], [ 42.0227, 6.6209 ], [ 42.0288, 6.6148 ], [ 42.0436, 6.6162 ], [ 42.0463, 6.6136 ], [ 42.0412, 6.5986 ], [ 42.0431, 6.5941 ], [ 42.0552, 6.6 ], [ 42.0677, 6.5792 ], [ 42.0753, 6.5731 ], [ 42.0676, 6.5686 ], [ 42.0674, 6.5647 ], [ 42.0734, 6.5609 ], [ 42.0796, 6.5638 ], [ 42.091, 6.5503 ], [ 42.1179, 6.536 ], [ 42.1212, 6.5308 ], [ 42.1192, 6.5266 ], [ 42.1121, 6.5263 ], [ 42.11, 6.5228 ], [ 42.1135, 6.5196 ], [ 42.1262, 6.52 ], [ 42.1279, 6.5099 ], [ 42.1441, 6.5009 ], [ 42.1405, 6.4945 ], [ 42.1343, 6.496 ], [ 42.1304, 6.4932 ], [ 42.1328, 6.4707 ], [ 42.1372, 6.4659 ], [ 42.149, 6.4633 ], [ 42.1504, 6.4603 ], [ 42.1459, 6.4561 ], [ 42.1616, 6.4469 ], [ 42.1662, 6.4468 ], [ 42.171, 6.4519 ], [ 42.1804, 6.4513 ], [ 42.1821, 6.4481 ], [ 42.175, 6.4414 ], [ 42.1813, 6.4368 ], [ 42.1784, 6.4322 ], [ 42.1805, 6.4288 ], [ 42.1958, 6.4347 ], [ 42.2026, 6.4266 ], [ 42.2177, 6.4286 ], [ 42.2226, 6.4105 ], [ 42.2265, 6.408 ], [ 42.2359, 6.4114 ], [ 42.2388, 6.4013 ], [ 42.2478, 6.3964 ], [ 42.2429, 6.3878 ], [ 42.2369, 6.3872 ], [ 42.2374, 6.3831 ], [ 42.2469, 6.3798 ], [ 42.2565, 6.3857 ], [ 42.2645, 6.3849 ], [ 42.269, 6.3725 ], [ 42.2679, 6.355 ], [ 42.2792, 6.3558 ], [ 42.2888, 6.3417 ], [ 42.2952, 6.3411 ], [ 42.298, 6.3372 ], [ 42.2972, 6.3326 ], [ 42.2899, 6.3266 ], [ 42.3011, 6.3276 ], [ 42.3086, 6.3342 ], [ 42.3125, 6.3335 ], [ 42.3147, 6.3262 ], [ 42.3207, 6.3238 ], [ 42.3197, 6.3322 ], [ 42.3235, 6.3371 ], [ 42.3365, 6.332 ], [ 42.346, 6.3397 ], [ 42.3481, 6.3351 ], [ 42.3435, 6.3192 ], [ 42.3456, 6.316 ], [ 42.3577, 6.3258 ], [ 42.3653, 6.3262 ], [ 42.3663, 6.3202 ], [ 42.374, 6.3183 ], [ 42.3866, 6.3281 ], [ 42.3921, 6.3288 ], [ 42.3952, 6.319 ], [ 42.4032, 6.3239 ], [ 42.4065, 6.3184 ], [ 42.4001, 6.3128 ], [ 42.4103, 6.3102 ], [ 42.4142, 6.2965 ], [ 42.4211, 6.3067 ], [ 42.4263, 6.2973 ], [ 42.4321, 6.2944 ], [ 42.4325, 6.3008 ], [ 42.4285, 6.3047 ], [ 42.4333, 6.3098 ], [ 42.4396, 6.303 ], [ 42.4439, 6.3077 ], [ 42.4481, 6.3036 ], [ 42.4637, 6.3042 ], [ 42.4677, 6.2981 ], [ 42.4643, 6.2944 ], [ 42.4728, 6.2949 ], [ 42.4786, 6.2897 ], [ 42.4764, 6.2977 ], [ 42.4847, 6.2958 ], [ 42.4964, 6.2987 ], [ 42.5022, 6.296 ], [ 42.5101, 6.3042 ], [ 42.5148, 6.2957 ], [ 42.5191, 6.2981 ], [ 42.5358, 6.2893 ], [ 42.5487, 6.2911 ], [ 42.5547, 6.282 ], [ 42.5641, 6.286 ], [ 42.5773, 6.2827 ], [ 42.5782, 6.2779 ], [ 42.5837, 6.2805 ], [ 42.6022, 6.2755 ], [ 42.607, 6.278 ], [ 42.6082, 6.2698 ], [ 42.6143, 6.2795 ], [ 42.6199, 6.2699 ], [ 42.6175, 6.2593 ], [ 42.6307, 6.2526 ], [ 42.6362, 6.2552 ], [ 42.6404, 6.2667 ], [ 42.651, 6.2632 ], [ 42.657, 6.2651 ], [ 42.658, 6.2596 ], [ 42.6665, 6.2577 ], [ 42.6694, 6.2653 ], [ 42.6759, 6.2628 ], [ 42.6781, 6.2649 ], [ 42.6785, 6.2704 ], [ 42.6873, 6.2694 ], [ 42.6883, 6.2632 ], [ 42.7011, 6.2673 ], [ 42.7088, 6.2605 ], [ 42.7147, 6.2668 ], [ 42.7248, 6.2648 ], [ 42.732, 6.2596 ], [ 42.7375, 6.2627 ], [ 42.7403, 6.2538 ], [ 42.7449, 6.2543 ], [ 42.7409, 6.2441 ], [ 42.7463, 6.2391 ], [ 42.7456, 6.2343 ], [ 42.7473, 6.2322 ], [ 42.7528, 6.2341 ], [ 42.7512, 6.2277 ], [ 42.7543, 6.2185 ], [ 42.7629, 6.2159 ], [ 42.772, 6.2047 ], [ 42.7805, 6.2048 ], [ 42.7833, 6.2003 ], [ 42.7813, 6.1968 ], [ 42.7864, 6.1911 ], [ 42.788, 6.1944 ], [ 42.7985, 6.1961 ], [ 42.7995, 6.1894 ], [ 42.8117, 6.1855 ], [ 42.8105, 6.1776 ], [ 42.801, 6.181 ], [ 42.8052, 6.1725 ], [ 42.8129, 6.1678 ], [ 42.8038, 6.1571 ], [ 42.8128, 6.1554 ], [ 42.8069, 6.1514 ], [ 42.8097, 6.147 ], [ 42.8066, 6.1428 ], [ 42.8303, 6.1344 ], [ 42.8404, 6.1387 ], [ 42.8494, 6.1358 ], [ 42.8511, 6.1439 ], [ 42.855, 6.1435 ], [ 42.8627, 6.1332 ], [ 42.8807, 6.1295 ], [ 42.8908, 6.1308 ], [ 42.8851, 6.1236 ], [ 42.8938, 6.1134 ], [ 42.9031, 6.116 ], [ 42.9074, 6.1248 ], [ 42.9116, 6.1237 ], [ 42.9055, 6.1105 ], [ 42.9157, 6.101 ], [ 42.8663, 5.9949 ], [ 42.8114, 5.9429 ], [ 42.8129, 5.8269 ], [ 42.8567, 5.8205 ], [ 43.0713, 5.6435 ], [ 43.1247, 5.6338 ], [ 43.1803, 5.5939 ], [ 43.2241, 5.5492 ], [ 43.304, 5.225 ], [ 43.5127, 4.8212 ], [ 43.5397, 4.7897 ], [ 43.7986, 4.8692 ], [ 43.8234, 4.909 ], [ 43.8558, 4.9139 ], [ 43.9222, 4.9344 ], [ 43.9819, 4.963 ], [ 44.7668, 4.9142 ], [ 44.7695, 4.92 ], [ 44.7674, 4.9141 ], [ 44.9508, 4.9025 ], [ 45.3792, 5.3691 ], [ 45.2745, 5.4028 ], [ 45.0573, 5.4497 ], [ 44.814, 5.5242 ], [ 44.7694, 5.4931 ], [ 44.5666, 5.4773 ], [ 44.4409, 5.6129 ], [ 44.3574, 5.6281 ], [ 44.1956, 5.6876 ], [ 44.1529, 5.9252 ], [ 44.1918, 6.0085 ], [ 44.1904, 6.0646 ], [ 44.158, 6.1236 ], [ 44.1076, 6.1846 ], [ 44.0311, 6.2422 ], [ 43.8383, 6.4719 ], [ 43.7251, 6.4758 ], [ 43.7148, 6.5154 ], [ 43.7147, 6.5418 ], [ 43.761, 6.614 ], [ 43.5918, 6.8195 ], [ 43.5622, 6.7963 ], [ 43.5429, 6.7763 ], [ 43.5172, 6.7649 ], [ 43.4862, 6.7552 ], [ 43.4035, 6.7432 ], [ 43.1972, 6.8095 ], [ 43.1937, 6.8056 ], [ 43.219, 6.7097 ], [ 43.2483, 6.6296 ], [ 43.3191, 6.4628 ], [ 43.3965, 6.3814 ], [ 43.4065, 6.3404 ], [ 43.3608, 6.334 ], [ 42.9451, 6.3098 ], [ 42.9289, 6.4016 ], [ 42.8097, 6.4798 ], [ 42.8419, 6.6726 ], [ 42.8442, 6.7619 ], [ 42.7448, 6.7404 ], [ 42.682, 6.7304 ], [ 42.6049, 6.7618 ], [ 42.5506, 6.8274 ], [ 42.5153, 6.928 ], [ 42.248, 6.946 ], [ 42.1628, 6.9274 ], [ 42.1646, 6.9418 ], [ 42.1361, 6.9585 ], [ 42.1061, 6.9302 ], [ 42.0987, 6.9157 ], [ 42.0762, 6.8867 ], [ 42.0755, 6.864 ], [ 42.0629, 6.8259 ], [ 42.0555, 6.7488 ], [ 42.0255, 6.7064 ], [ 42.0146, 6.6804 ], [ 42.0135, 6.6586 ], [ 42.0102, 6.6547 ] ] ] } },
{ "type": "Feature", "properties": { "iso3": "ETH", "unit_id": "89294058B95288993082781", "unit_name": "Doolo" }, "geometry": { "type": "Polygon", "coordinates": [ [ [ 44.9807, 7.7367 ], [ 44.9525, 7.6739 ], [ 44.9556, 7.5681 ], [ 44.8669, 7.4902 ], [ 44.7958, 7.3746 ], [ 44.8452, 7.2417 ], [ 44.9184, 7.2121 ], [ 44.9195, 7.1946 ], [ 44.8639, 7.1915 ], [ 44.8716, 7.1707 ], [ 44.8075, 6.9645 ], [ 44.8292, 6.5419 ], [ 45.2516, 6.3972 ], [ 45.3188, 6.3054 ], [ 45.5428, 6.2978 ], [ 45.8452, 6.1136 ], [ 45.9892, 6.0344 ], [ 46.9914, 7.0569 ], [ 47.904, 7.9205 ], [ 47.9882, 8.0041 ], [ 47.0119, 8.0011 ], [ 46.0944, 8.312 ], [ 46.0212, 8.2323 ], [ 46.0086, 8.1139 ], [ 46.0107, 8.0988 ], [ 45.918, 7.9954 ], [ 45.8187, 7.9422 ], [ 45.758, 7.8725 ], [ 45.6818, 7.7927 ], [ 45.6148, 7.6515 ], [ 45.46, 7.6634 ], [ 45.3545, 7.6567 ], [ 44.9807, 7.7367 ] ] ] } },
{ "type": "Feature", "properties": { "iso3": "ETH", "unit_id": "89294058B95593481823025", "unit_name": "Afder" }, "geometry": { "type": "Polygon", "coordinates": [ [ [ 41.5199, 6.472 ], [ 41.4815, 6.4465 ], [ 41.5663, 6.0417 ], [ 41.6235, 5.937 ], [ 41.6199, 5.8778 ], [ 41.5459, 5.7615 ], [ 41.4085, 5.6656 ], [ 41.2286, 5.7126 ], [ 41.1514, 5.6229 ], [ 41.1415, 5.6183 ], [ 41.1371, 5.6126 ], [ 41.1377, 5.6057 ], [ 41.1469, 5.6054 ], [ 41.1543, 5.6003 ], [ 41.1558, 5.5955 ], [ 41.1558, 5.5913 ], [ 41.1424, 5.573 ], [ 41.1431, 5.5696 ], [ 41.1504, 5.564 ], [ 41.1616, 5.5453 ], [ 41.1717, 5.5379 ], [ 41.1831, 5.5371 ], [ 41.1868, 5.5238 ], [ 41.1773, 5.511 ], [ 41.1904, 5.4999 ], [ 41.2044, 5.4502 ], [ 41.2117, 5.4423 ], [ 41.2331, 5.4365 ], [ 41.2475, 5.4291 ], [ 41.2534, 5.4221 ], [ 41.2554, 5.407 ], [ 41.2483, 5.3893 ], [ 41.2512, 5.3814 ], [ 41.2949, 5.3514 ], [ 41.3022, 5.3345 ], [ 41.2997, 5.3247 ], [ 41.303, 5.3056 ], [ 41.3149, 5.2945 ], [ 41.3185, 5.2846 ], [ 41.3124, 5.2393 ], [ 41.316, 5.2245 ], [ 41.3294, 5.1985 ], [ 41.3264, 5.1838 ], [ 41.3206, 5.1769 ], [ 41.324, 5.1564 ], [ 41.3311, 5.1509 ], [ 41.334, 5.141 ], [ 41.3393, 5.1398 ], [ 41.3448, 5.1538 ], [ 41.3481, 5.1545 ], [ 41.3503, 5.1441 ], [ 41.3466, 5.1292 ], [ 41.3543, 5.1126 ], [ 41.3623, 5.1059 ], [ 41.3648, 5.0955 ], [ 41.3862, 5.0593 ], [ 41.4007, 5.0505 ], [ 41.4184, 5.0033 ], [ 41.425, 4.9993 ], [ 41.4438, 4.9963 ], [ 41.4642, 4.9863 ], [ 41.4701, 4.9704 ], [ 41.4848, 4.9659 ], [ 41.4891, 4.9606 ], [ 41.4892, 4.9434 ], [ 41.4961, 4.9408 ], [ 41.51, 4.9212 ], [ 41.5314, 4.916 ], [ 41.5391, 4.8969 ], [ 41.5542, 4.881 ], [ 41.5569, 4.875 ], [ 41.5536, 4.8587 ], [ 41.556, 4.843 ], [ 41.5707, 4.8439 ], [ 41.5812, 4.8316 ], [ 41.5844, 4.821 ], [ 41.5828, 4.8162 ], [ 41.5745, 4.8158 ], [ 41.5704, 4.8087 ], [ 41.5904, 4.7867 ], [ 41.5995, 4.7554 ], [ 41.598, 4.7246 ], [ 41.618, 4.6914 ], [ 41.6178, 4.6868 ], [ 41.6141, 4.6863 ], [ 41.6017, 4.6921 ], [ 41.5976, 4.6905 ], [ 41.5971, 4.6816 ], [ 41.6239, 4.6679 ], [ 41.6314, 4.6586 ], [ 41.6391, 4.6303 ], [ 41.6448, 4.6254 ], [ 41.6543, 4.6015 ], [ 41.6587, 4.601 ], [ 41.6573, 4.6136 ], [ 41.6605, 4.6139 ], [ 41.6733, 4.5887 ], [ 41.6833, 4.5925 ], [ 41.6906, 4.5886 ], [ 41.701, 4.5725 ], [ 41.7044, 4.5725 ], [ 41.7102, 4.575 ], [ 41.7136, 4.5846 ], [ 41.701, 4.5879 ], [ 41.6983, 4.5934 ], [ 41.7098, 4.5998 ], [ 41.722, 4.6021 ], [ 41.7179, 4.5692 ], [ 41.722, 4.5547 ], [ 41.741, 4.544 ], [ 41.7437, 4.5297 ], [ 41.7595, 4.5195 ], [ 41.762, 4.5161 ], [ 41.7601, 4.5106 ], [ 41.764, 4.5052 ], [ 41.7882, 4.495 ], [ 41.7871, 4.4916 ], [ 41.7775, 4.4941 ], [ 41.7712, 4.4919 ], [ 41.7847, 4.4676 ], [ 41.797, 4.4651 ], [ 41.805, 4.4593 ], [ 41.8111, 4.4323 ], [ 41.8233, 4.4387 ], [ 41.8256, 4.4348 ], [ 41.8347, 4.4322 ], [ 41.8525, 4.4151 ], [ 41.8449, 4.4039 ], [ 41.8497, 4.4004 ], [ 41.8517, 4.385 ], [ 41.8593, 4.3847 ], [ 41.8637, 4.3952 ], [ 41.8664, 4.395 ], [ 41.8687, 4.3874 ], [ 41.8825, 4.3887 ], [ 41.8856, 4.3809 ], [ 41.8824, 4.3659 ], [ 41.8853, 4.3491 ], [ 41.9191, 4.337 ], [ 41.9216, 4.3305 ], [ 41.9184, 4.326 ], [ 41.9312, 4.3254 ], [ 41.9295, 4.3381 ], [ 41.935, 4.3401 ], [ 41.9416, 4.3302 ], [ 41.9358, 4.3174 ], [ 41.9454, 4.3081 ], [ 41.9497, 4.2987 ], [ 41.9552, 4.2998 ], [ 41.9644, 4.3094 ], [ 41.968, 4.3013 ], [ 41.9738, 4.3126 ], [ 41.9799, 4.2893 ], [ 41.9829, 4.2874 ], [ 41.9976, 4.2885 ], [ 41.9994, 4.2985 ], [ 42.0019, 4.29 ], [ 42.0269, 4.2808 ], [ 42.0591, 4.2786 ], [ 42.0558, 4.2146 ], [ 42.0751, 4.1837 ], [ 42.0845, 4.1778 ], [ 42.1934, 4.179 ], [ 42.371, 4.1895 ], [ 42.4755, 4.2027 ], [ 42.5273, 4.203 ], [ 42.5545, 4.2063 ], [ 42.5851, 4.2147 ], [ 42.5638, 4.2469 ], [ 42.6223, 4.2604 ], [ 42.7408, 4.2728 ], [ 42.8317, 4.2953 ], [ 42.8557, 4.3047 ], [ 42.8767, 4.3183 ], [ 42.92, 4.364 ], [ 42.9336, 4.3887 ], [ 42.9572, 4.4811 ], [ 42.9689, 4.5043 ], [ 42.9857, 4.5254 ], [ 43.1582, 4.6664 ], [ 43.1936, 4.6878 ], [ 43.3217, 4.7486 ], [ 43.5085, 4.8293 ], [ 43.304, 5.225 ], [ 43.2241, 5.5492 ], [ 43.1803, 5.5939 ], [ 43.1247, 5.6338 ], [ 43.0713, 5.6435 ], [ 42.8567, 5.8205 ], [ 42.8129, 5.8269 ], [ 42.8114, 5.9429 ], [ 42.8663, 5.9949 ], [ 42.9157, 6.101 ], [ 42.9055, 6.1105 ], [ 42.9116, 6.1237 ], [ 42.9074, 6.1248 ], [ 42.9031, 6.116 ], [ 42.8938, 6.1134 ], [ 42.8851, 6.1236 ], [ 42.8908, 6.1308 ], [ 42.8807, 6.1295 ], [ 42.8627, 6.1332 ], [ 42.855, 6.1435 ], [ 42.8511, 6.1439 ], [ 42.8494, 6.1358 ], [ 42.8404, 6.1387 ], [ 42.8303, 6.1344 ], [ 42.8066, 6.1428 ], [ 42.8097, 6.147 ], [ 42.8069, 6.1514 ], [ 42.8128, 6.1554 ], [ 42.8038, 6.1571 ], [ 42.8129, 6.1678 ], [ 42.8052, 6.1725 ], [ 42.801, 6.181 ], [ 42.8105, 6.1776 ], [ 42.8117, 6.1855 ], [ 42.7995, 6.1894 ], [ 42.7985, 6.1961 ], [ 42.788, 6.1944 ], [ 42.7864, 6.1911 ], [ 42.7813, 6.1968 ], [ 42.7833, 6.2003 ], [ 42.7805, 6.2048 ], [ 42.772, 6.2047 ], [ 42.7629, 6.2159 ], [ 42.7543, 6.2185 ], [ 42.7512, 6.2277 ], [ 42.7528, 6.2341 ], [ 42.7473, 6.2322 ], [ 42.7456, 6.2343 ], [ 42.7463, 6.2391 ], [ 42.7409, 6.2441 ], [ 42.7449, 6.2543 ], [ 42.7403, 6.2538 ], [ 42.7375, 6.2627 ], [ 42.732, 6.2596 ], [ 42.7248, 6.2648 ], [ 42.7147, 6.2668 ], [ 42.7088, 6.2605 ], [ 42.7011, 6.2673 ], [ 42.6883, 6.2632 ], [ 42.6873, 6.2694 ], [ 42.6785, 6.2704 ], [ 42.6781, 6.2649 ], [ 42.6759, 6.2628 ], [ 42.6694, 6.2653 ], [ 42.6665, 6.2577 ], [ 42.658, 6.2596 ], [ 42.657, 6.2651 ], [ 42.651, 6.2632 ], [ 42.6404, 6.2667 ], [ 42.6362, 6.2552 ], [ 42.6307, 6.2526 ], [ 42.6175, 6.2593 ], [ 42.6199, 6.2699 ], [ 42.6143, 6.2795 ], [ 42.6082, 6.2698 ], [ 42.607, 6.278 ], [ 42.6022, 6.2755 ], [ 42.5837, 6.2805 ], [ 42.5782, 6.2779 ], [ 42.5773, 6.2827 ], [ 42.5641, 6.286 ], [ 42.5547, 6.282 ], [ 42.5487, 6.2911 ], [ 42.5358, 6.2893 ], [ 42.5191, 6.2981 ], [ 42.5148, 6.2957 ], [ 42.5101, 6.3042 ], [ 42.5022, 6.296 ], [ 42.4964, 6.2987 ], [ 42.4847, 6.2958 ], [ 42.4764, 6.2977 ], [ 42.4786, 6.2897 ], [ 42.4728, 6.2949 ], [ 42.4643, 6.2944 ], [ 42.4677, 6.2981 ], [ 42.4637, 6.3042 ], [ 42.4481, 6.3036 ], [ 42.4439, 6.3077 ], [ 42.4396, 6.303 ], [ 42.4333, 6.3098 ], [ 42.4285, 6.3047 ], [ 42.4325, 6.3008 ], [ 42.4321, 6.2944 ], [ 42.4263, 6.2973 ], [ 42.4211, 6.3067 ], [ 42.4142, 6.2965 ], [ 42.4103, 6.3102 ], [ 42.4001, 6.3128 ], [ 42.4065, 6.3184 ], [ 42.4032, 6.3239 ], [ 42.3952, 6.319 ], [ 42.3921, 6.3288 ], [ 42.3866, 6.3281 ], [ 42.374, 6.3183 ], [ 42.3663, 6.3202 ], [ 42.3653, 6.3262 ], [ 42.3577, 6.3258 ], [ 42.3456, 6.316 ], [ 42.3435, 6.3192 ], [ 42.3481, 6.3351 ], [ 42.346, 6.3397 ], [ 42.3365, 6.332 ], [ 42.3235, 6.3371 ], [ 42.3197, 6.3322 ], [ 42.3207, 6.3238 ], [ 42.3147, 6.3262 ], [ 42.3125, 6.3335 ], [ 42.3086, 6.3342 ], [ 42.3011, 6.3276 ], [ 42.2899, 6.3266 ], [ 42.2972, 6.3326 ], [ 42.298, 6.3372 ], [ 42.2952, 6.3411 ], [ 42.2888, 6.3417 ], [ 42.2792, 6.3558 ], [ 42.2679, 6.355 ], [ 42.269, 6.3725 ], [ 42.2645, 6.3849 ], [ 42.2565, 6.3857 ], [ 42.2469, 6.3798 ], [ 42.2374, 6.3831 ], [ 42.2369, 6.3872 ], [ 42.2429, 6.3878 ], [ 42.2478, 6.3964 ], [ 42.2388, 6.4013 ], [ 42.2359, 6.4114 ], [ 42.2265, 6.408 ], [ 42.2226, 6.4105 ], [ 42.2177, 6.4286 ], [ 42.2026, 6.4266 ], [ 42.1958, 6.4347 ], [ 42.1805, 6.4288 ], [ 42.1784, 6.4322 ], [ 42.1813, 6.4368 ], [ 42.175, 6.4414 ], [ 42.1821, 6.4481 ], [ 42.1804, 6.4513 ], [ 42.171, 6.4519 ], [ 42.1662, 6.4468 ], [ 42.1616, 6.4469 ], [ 42.1459, 6.4561 ], [ 42.1504, 6.4603 ], [ 42.149, 6.4633 ], [ 42.1372, 6.4659 ], [ 42.1328, 6.4707 ], [ 42.1304, 6.4932 ], [ 42.1343, 6.496 ], [ 42.1405, 6.4945 ], [ 42.1441, 6.5009 ], [ 42.1279, 6.5099 ], [ 42.1262, 6.52 ], [ 42.1135, 6.5196 ], [ 42.11, 6.5228 ], [ 42.1121, 6.5263 ], [ 42.1192, 6.5266 ], [ 42.1212, 6.5308 ], [ 42.1179, 6.536 ], [ 42.091, 6.5503 ], [ 42.0796, 6.5638 ], [ 42.0734, 6.5609 ], [ 42.0674, 6.5647 ], [ 42.0676, 6.5686 ], [ 42.0753, 6.5731 ], [ 42.0677, 6.5792 ], [ 42.0552, 6.6 ], [ 42.0431, 6.5941 ], [ 42.0412, 6.5986 ], [ 42.0463, 6.6136 ], [ 42.0436, 6.6162 ], [ 42.0288, 6.6148 ], [ 42.0227, 6.6209 ], [ 42.0247, 6.6294 ], [ 42.0311, 6.63 ], [ 42.0331, 6.6344 ], [ 42.0102, 6.6547 ], [ 41.9992, 6.6416 ], [ 42.0004, 6.6286 ], [ 42.0065, 6.6144 ], [ 42.004, 6.5976 ], [ 41.9995, 6.5898 ], [ 41.9364, 6.5532 ], [ 41.888, 6.5353 ], [ 41.8607, 6.5353 ], [ 41.8537, 6.5689 ], [ 41.8197, 6.5705 ], [ 41.7988, 6.5575 ], [ 41.7579, 6.5405 ], [ 41.7389, 6.5199 ], [ 41.6903, 6.4294 ], [ 41.6561, 6.4092 ], [ 41.6333, 6.3914 ], [ 41.6197, 6.3617 ], [ 41.5199, 6.472 ] ] ] } },
{ "type": "Feature", "properties": { "iso3": "ETH", "unit_id": "89294058B55598702973609", "unit_name": "Liban" }, "geometry": { "type": "Polygon", "coordinates": [ [ [ 40.0337, 5.3968 ], [ 39.9423, 5.285 ], [ 39.9073, 5.2196 ], [ 39.8784, 5.1403 ], [ 39.8336, 5.0328 ], [ 39.8129, 5.0021 ], [ 39.8044, 4.9515 ], [ 39.784, 4.8906 ], [ 39.7651, 4.8468 ], [ 39.7436, 4.7235 ], [ 39.7441, 4.7097 ], [ 39.7603, 4.7224 ], [ 39.7596, 4.7254 ], [ 39.7755, 4.7454 ], [ 39.7853, 4.7438 ], [ 39.8058, 4.747 ], [ 39.8108, 4.7405 ], [ 39.8376, 4.7361 ], [ 39.9145, 4.7115 ], [ 39.9345, 4.7246 ], [ 39.9423, 4.7347 ], [ 39.9944, 4.737 ], [ 40.0362, 4.7611 ], [ 40.05, 4.7654 ], [ 40.0906, 4.7711 ], [ 40.0945, 4.7674 ], [ 40.0977, 4.7524 ], [ 40.1055, 4.7476 ], [ 40.1128, 4.7485 ], [ 40.1312, 4.7601 ], [ 40.1694, 4.7754 ], [ 40.1749, 4.7858 ], [ 40.178, 4.8246 ], [ 40.1886, 4.8451 ], [ 40.1955, 4.8515 ], [ 40.2118, 4.8469 ], [ 40.2251, 4.833 ], [ 40.2312, 4.8309 ], [ 40.2755, 4.8297 ], [ 40.3028, 4.8215 ], [ 40.329, 4.8205 ], [ 40.3494, 4.8115 ], [ 40.3633, 4.7928 ], [ 40.4025, 4.7727 ], [ 40.4135, 4.7756 ], [ 40.4307, 4.7558 ], [ 40.4431, 4.7535 ], [ 40.4465, 4.747 ], [ 40.4614, 4.7355 ], [ 40.4728, 4.7313 ], [ 40.4882, 4.714 ], [ 40.5085, 4.6987 ], [ 40.5193, 4.6985 ], [ 40.5372, 4.692 ], [ 40.5591, 4.6673 ], [ 40.5772, 4.6608 ], [ 40.5868, 4.6338 ], [ 40.6217, 4.5911 ], [ 40.6402, 4.5575 ], [ 40.6482, 4.5503 ], [ 40.65, 4.5418 ], [ 40.664, 4.5438 ], [ 40.6798, 4.5311 ], [ 40.7061, 4.4981 ], [ 40.7106, 4.4694 ], [ 40.7145, 4.4645 ], [ 40.7396, 4.4458 ], [ 40.7458, 4.4269 ], [ 40.7742, 4.4141 ], [ 40.7713, 4.381 ], [ 40.7648, 4.3546 ], [ 40.7519, 4.3466 ], [ 40.7447, 4.334 ], [ 40.7479, 4.327 ], [ 40.7557, 4.3268 ], [ 40.7626, 4.318 ], [ 40.7618, 4.3049 ], [ 40.768, 4.2948 ], [ 40.7689, 4.2869 ], [ 40.7846, 4.273 ], [ 40.8138, 4.2552 ], [ 40.8441, 4.2463 ], [ 40.8558, 4.2267 ], [ 40.8732, 4.2209 ], [ 40.8824, 4.2128 ], [ 40.8832, 4.1927 ], [ 40.8985, 4.1707 ], [ 40.9042, 4.1546 ], [ 40.9298, 4.1442 ], [ 40.9479, 4.1409 ], [ 40.9651, 4.1321 ], [ 40.9822, 4.1106 ], [ 41.0014, 4.1027 ], [ 41.0261, 4.0709 ], [ 41.0352, 4.0704 ], [ 41.0407, 4.0648 ], [ 41.0574, 4.0477 ], [ 41.0727, 4.0226 ], [ 41.0919, 4.0133 ], [ 41.1054, 3.9853 ], [ 41.118, 3.9871 ], [ 41.1249, 3.9742 ], [ 41.1333, 3.9742 ], [ 41.1356, 3.9714 ], [ 41.1326, 3.9666 ], [ 41.1629, 3.9513 ], [ 41.1693, 3.9426 ], [ 41.1816, 3.9395 ], [ 41.1859, 3.9414 ], [ 41.201, 3.9381 ], [ 41.2032, 3.9479 ], [ 41.2146, 3.9535 ], [ 41.2271, 3.9499 ], [ 41.2353, 3.9589 ], [ 41.2522, 3.9547 ], [ 41.2758, 3.9554 ], [ 41.2817, 3.9485 ], [ 41.3098, 3.9479 ], [ 41.3263, 3.9388 ], [ 41.3484, 3.9509 ], [ 41.3546, 3.9603 ], [ 41.3594, 3.961 ], [ 41.3658, 3.9543 ], [ 41.3786, 3.9517 ], [ 41.3913, 3.9628 ], [ 41.4137, 3.9489 ], [ 41.4217, 3.9493 ], [ 41.4302, 3.9449 ], [ 41.4355, 3.9475 ], [ 41.4371, 3.9548 ], [ 41.4603, 3.9566 ], [ 41.4797, 3.9522 ], [ 41.4843, 3.9586 ], [ 41.4894, 3.9579 ], [ 41.5057, 3.9648 ], [ 41.5052, 3.9549 ], [ 41.5098, 3.9546 ], [ 41.5183, 3.9597 ], [ 41.524, 3.9712 ], [ 41.5452, 3.9821 ], [ 41.5507, 3.9817 ], [ 41.5669, 3.9667 ], [ 41.5763, 3.9708 ], [ 41.5933, 3.97 ], [ 41.6022, 3.9749 ], [ 41.6178, 3.9739 ], [ 41.6277, 3.9833 ], [ 41.6552, 3.9655 ], [ 41.6639, 3.9657 ], [ 41.6744, 3.9599 ], [ 41.6806, 3.9693 ], [ 41.6875, 3.9698 ], [ 41.6926, 3.978 ], [ 41.7137, 3.9833 ], [ 41.7206, 3.9925 ], [ 41.7236, 3.9872 ], [ 41.7302, 3.9867 ], [ 41.7341, 3.9915 ], [ 41.7357, 3.9869 ], [ 41.7407, 3.9846 ], [ 41.7554, 3.9848 ], [ 41.754, 3.9767 ], [ 41.7726, 3.9723 ], [ 41.7822, 3.9794 ], [ 41.7873, 3.9771 ], [ 41.7925, 3.9794 ], [ 41.7948, 3.9603 ], [ 41.8021, 3.9554 ], [ 41.8207, 3.9558 ], [ 41.8225, 3.9537 ], [ 41.82, 3.9482 ], [ 41.8243, 3.9445 ], [ 41.8356, 3.947 ], [ 41.8406, 3.955 ], [ 41.8455, 3.9501 ], [ 41.8521, 3.9502 ], [ 41.8639, 3.9638 ], [ 41.8782, 3.9678 ], [ 41.8901, 3.9784 ], [ 41.8991, 3.9755 ], [ 41.9069, 3.978 ], [ 41.9131, 3.9908 ], [ 41.9214, 3.9941 ], [ 41.9264, 4.0026 ], [ 41.9435, 4.0167 ], [ 41.949, 4.0279 ], [ 41.9462, 4.0557 ], [ 41.9669, 4.0801 ], [ 41.9742, 4.0806 ], [ 41.979, 4.0952 ], [ 42.0, 4.0934 ], [ 42.0611, 4.1615 ], [ 42.0845, 4.1778 ], [ 42.0751, 4.1837 ], [ 42.0558, 4.2146 ], [ 42.0591, 4.2786 ], [ 42.0269, 4.2808 ], [ 42.0019, 4.29 ], [ 41.9994, 4.2985 ], [ 41.9976, 4.2885 ], [ 41.9829, 4.2874 ], [ 41.9799, 4.2893 ], [ 41.9738, 4.3126 ], [ 41.968, 4.3013 ], [ 41.9644, 4.3094 ], [ 41.9552, 4.2998 ], [ 41.9497, 4.2987 ], [ 41.9454, 4.3081 ], [ 41.9358, 4.3174 ], [ 41.9416, 4.3302 ], [ 41.935, 4.3401 ], [ 41.9295, 4.3381 ], [ 41.9312, 4.3254 ], [ 41.9184, 4.326 ], [ 41.9216, 4.3305 ], [ 41.9191, 4.337 ], [ 41.8853, 4.3491 ], [ 41.8824, 4.3659 ], [ 41.8856, 4.3809 ], [ 41.8825, 4.3887 ], [ 41.8687, 4.3874 ], [ 41.8664, 4.395 ], [ 41.8637, 4.3952 ], [ 41.8593, 4.3847 ], [ 41.8517, 4.385 ], [ 41.8497, 4.4004 ], [ 41.8449, 4.4039 ], [ 41.8525, 4.4151 ], [ 41.8347, 4.4322 ], [ 41.8256, 4.4348 ], [ 41.8233, 4.4387 ], [ 41.8111, 4.4323 ], [ 41.805, 4.4593 ], [ 41.797, 4.4651 ], [ 41.7847, 4.4676 ], [ 41.7712, 4.4919 ], [ 41.7775, 4.4941 ], [ 41.7871, 4.4916 ], [ 41.7882, 4.495 ], [ 41.764, 4.5052 ], [ 41.7601, 4.5106 ], [ 41.762, 4.5161 ], [ 41.7595, 4.5195 ], [ 41.7437, 4.5297 ], [ 41.741, 4.544 ], [ 41.722, 4.5547 ], [ 41.7179, 4.5692 ], [ 41.722, 4.6021 ], [ 41.7098, 4.5998 ], [ 41.6983, 4.5934 ], [ 41.701, 4.5879 ], [ 41.7136, 4.5846 ], [ 41.7102, 4.575 ], [ 41.7044, 4.5725 ], [ 41.701, 4.5725 ], [ 41.6906, 4.5886 ], [ 41.6833, 4.5925 ], [ 41.6733, 4.5887 ], [ 41.6605, 4.6139 ], [ 41.6573, 4.6136 ], [ 41.6587, 4.601 ], [ 41.6543, 4.6015 ], [ 41.6448, 4.6254 ], [ 41.6391, 4.6303 ], [ 41.6314, 4.6586 ], [ 41.6239, 4.6679 ], [ 41.5971, 4.6816 ], [ 41.5976, 4.6905 ], [ 41.6017, 4.6921 ], [ 41.6141, 4.6863 ], [ 41.6178, 4.6868 ], [ 41.618, 4.6914 ], [ 41.598, 4.7246 ], [ 41.5995, 4.7554 ], [ 41.5904, 4.7867 ], [ 41.5704, 4.8087 ], [ 41.5745, 4.8158 ], [ 41.5828, 4.8162 ], [ 41.5844, 4.821 ], [ 41.5812, 4.8316 ], [ 41.5707, 4.8439 ], [ 41.556, 4.843 ], [ 41.5536, 4.8587 ], [ 41.5569, 4.875 ], [ 41.5542, 4.881 ], [ 41.5391, 4.8969 ], [ 41.5314, 4.916 ], [ 41.51, 4.9212 ], [ 41.4961, 4.9408 ], [ 41.4892, 4.9434 ], [ 41.4891, 4.9606 ], [ 41.4848, 4.9659 ], [ 41.4701, 4.9704 ], [ 41.4642, 4.9863 ], [ 41.4438, 4.9963 ], [ 41.425, 4.9993 ], [ 41.4184, 5.0033 ], [ 41.4007, 5.0505 ], [ 41.3862, 5.0593 ], [ 41.3648, 5.0955 ], [ 41.3623, 5.1059 ], [ 41.3543, 5.1126 ], [ 41.3466, 5.1292 ], [ 41.3503, 5.1441 ], [ 41.3481, 5.1545 ], [ 41.3448, 5.1538 ], [ 41.3393, 5.1398 ], [ 41.334, 5.141 ], [ 41.3311, 5.1509 ], [ 41.324, 5.1564 ], [ 41.3206, 5.1769 ], [ 41.3264, 5.1838 ], [ 41.3294, 5.1985 ], [ 41.316, 5.2245 ], [ 41.3124, 5.2393 ], [ 41.3185, 5.2846 ], [ 41.3149, 5.2945 ], [ 41.303, 5.3056 ], [ 41.2997, 5.3247 ], [ 41.3022, 5.3345 ], [ 41.2949, 5.3514 ], [ 41.2512, 5.3814 ], [ 41.2483, 5.3893 ], [ 41.2554, 5.407 ], [ 41.2534, 5.4221 ], [ 41.2475, 5.4291 ], [ 41.2331, 5.4365 ], [ 41.2117, 5.4423 ], [ 41.2044, 5.4502 ], [ 41.1904, 5.4999 ], [ 41.1773, 5.511 ], [ 41.1868, 5.5238 ], [ 41.1831, 5.5371 ], [ 41.1717, 5.5379 ], [ 41.1616, 5.5453 ], [ 41.1504, 5.564 ], [ 41.1431, 5.5696 ], [ 41.1424, 5.573 ], [ 41.1558, 5.5913 ], [ 41.1558, 5.5955 ], [ 41.1543, 5.6003 ], [ 41.1469, 5.6054 ], [ 41.1377, 5.6057 ], [ 41.1371, 5.6126 ], [ 41.1415, 5.6183 ], [ 41.1514, 5.6229 ], [ 41.2286, 5.7126 ], [ 41.4085, 5.6656 ], [ 41.5459, 5.7615 ], [ 41.6199, 5.8778 ], [ 41.6235, 5.937 ], [ 41.5663, 6.0417 ], [ 41.4815, 6.4465 ], [ 41.5199, 6.472 ], [ 41.4378, 6.544 ], [ 41.38, 6.5655 ], [ 41.3584, 6.5655 ], [ 41.2285, 6.623 ], [ 41.1743, 6.6589 ], [ 41.1563, 6.6769 ], [ 41.131, 6.6913 ], [ 41.0721, 6.6943 ], [ 41.0712, 6.6879 ], [ 41.0155, 6.6446 ], [ 40.99, 6.6042 ], [ 40.9001, 6.5116 ], [ 40.8856, 6.4721 ], [ 40.8604, 6.4362 ], [ 40.8567, 6.3859 ], [ 40.864, 6.351 ], [ 40.8619, 6.3457 ], [ 40.8645, 6.3203 ], [ 40.8797, 6.2665 ], [ 40.8816, 6.2443 ], [ 40.878, 6.1877 ], [ 40.8679, 6.1513 ], [ 40.8664, 6.1337 ], [ 40.8695, 6.0945 ], [ 40.8667, 6.0766 ], [ 40.8784, 5.9875 ], [ 40.8748, 5.8079 ], [ 40.9223, 5.6834 ], [ 40.865, 5.669 ], [ 40.8322, 5.6559 ], [ 40.8115, 5.6349 ], [ 40.7529, 5.5944 ], [ 40.6944, 5.5672 ], [ 40.6796, 5.5406 ], [ 40.6331, 5.5301 ], [ 40.6054, 5.4903 ], [ 40.581, 5.4759 ], [ 40.5635, 5.4539 ], [ 40.549, 5.4277 ], [ 40.5329, 5.4106 ], [ 40.3695, 5.3864 ], [ 40.2767, 5.3682 ], [ 40.2406, 5.3661 ], [ 40.2084, 5.3555 ], [ 40.1744, 5.3534 ], [ 40.098, 5.3649 ], [ 40.0634, 5.3785 ], [ 40.0337, 5.3968 ] ] ] } },
{ "type": "Feature", "properties": { "iso3": "ETH", "unit_id": "89294058B91780129944622", "unit_name": "Nogob" }, "geometry": { "type": "Polygon", "coordinates": [ [ [ 42.1361, 6.9585 ], [ 42.1646, 6.9418 ], [ 42.1628, 6.9274 ], [ 42.248, 6.946 ], [ 42.5153, 6.928 ], [ 42.5506, 6.8274 ], [ 42.6049, 6.7618 ], [ 42.682, 6.7304 ], [ 42.7448, 6.7404 ], [ 42.8442, 6.7619 ], [ 42.8419, 6.6726 ], [ 42.8097, 6.4798 ], [ 42.9289, 6.4016 ], [ 42.9451, 6.3098 ], [ 43.3608, 6.334 ], [ 43.4065, 6.3404 ], [ 43.3965, 6.3814 ], [ 43.3191, 6.4628 ], [ 43.2483, 6.6296 ], [ 43.219, 6.7097 ], [ 43.1937, 6.8056 ], [ 43.1972, 6.8095 ], [ 43.4035, 6.7432 ], [ 43.4862, 6.7552 ], [ 43.5172, 6.7649 ], [ 43.5429, 6.7763 ], [ 43.5622, 6.7963 ], [ 43.5918, 6.8195 ], [ 43.6547, 6.9935 ], [ 43.6963, 7.2575 ], [ 43.6001, 7.2961 ], [ 43.4793, 7.3854 ], [ 43.5017, 7.4569 ], [ 43.4824, 7.5405 ], [ 43.3179, 7.6573 ], [ 43.0155, 7.7734 ], [ 42.7117, 7.9448 ], [ 42.7041, 7.9453 ], [ 42.7105, 7.932 ], [ 42.6958, 7.8907 ], [ 42.712, 7.8682 ], [ 42.7093, 7.8299 ], [ 42.7114, 7.8221 ], [ 42.7238, 7.8108 ], [ 42.7387, 7.7818 ], [ 42.7394, 7.7609 ], [ 42.732, 7.7425 ], [ 42.7359, 7.7117 ], [ 42.7341, 7.7028 ], [ 42.7213, 7.6899 ], [ 42.7113, 7.6722 ], [ 42.7146, 7.6628 ], [ 42.7131, 7.6541 ], [ 42.7041, 7.642 ], [ 42.6816, 7.622 ], [ 42.6715, 7.6189 ], [ 42.649, 7.5945 ], [ 42.633, 7.5862 ], [ 42.5789, 7.5685 ], [ 42.5628, 7.5692 ], [ 42.552, 7.5611 ], [ 42.5804, 7.5299 ], [ 42.6694, 7.4593 ], [ 42.3091, 7.3339 ], [ 42.2572, 7.3246 ], [ 42.2468, 7.3125 ], [ 42.2399, 7.2911 ], [ 42.2396, 7.2791 ], [ 42.2233, 7.2633 ], [ 42.2325, 7.2462 ], [ 42.2297, 7.217 ], [ 42.2322, 7.2104 ], [ 42.2707, 7.1964 ], [ 42.2784, 7.1507 ], [ 42.2688, 7.0993 ], [ 42.2487, 7.0762 ], [ 42.2301, 7.0624 ], [ 42.2073, 7.0524 ], [ 42.1626, 7.0071 ], [ 42.1361, 6.9585 ] ] ] } },
{ "type": "Feature", "properties": { "iso3": "ETH", "unit_id": "89294058B46049022271986", "unit_name": "Daawa" }, "geometry": { "type": "Polygon", "coordinates": [ [ [ 39.0911, 3.5311 ], [ 39.1969, 3.4786 ], [ 39.2489, 3.4714 ], [ 39.295, 3.4753 ], [ 39.3286, 3.4996 ], [ 39.3314, 3.4692 ], [ 39.4225, 3.46 ], [ 39.4508, 3.4625 ], [ 39.4996, 3.4501 ], [ 39.5021, 3.4226 ], [ 39.519, 3.4093 ], [ 39.5603, 3.4067 ], [ 39.595, 3.5008 ], [ 39.7828, 3.6783 ], [ 39.8667, 3.8694 ], [ 40.0, 3.9286 ], [ 40.1825, 4.0225 ], [ 40.3886, 4.0989 ], [ 40.3989, 4.1231 ], [ 40.6722, 4.2286 ], [ 40.7734, 4.2825 ], [ 40.7618, 4.3049 ], [ 40.7626, 4.318 ], [ 40.7557, 4.3268 ], [ 40.7479, 4.327 ], [ 40.7447, 4.334 ], [ 40.7519, 4.3466 ], [ 40.7648, 4.3546 ], [ 40.7713, 4.381 ], [ 40.7742, 4.4141 ], [ 40.7458, 4.4269 ], [ 40.7396, 4.4458 ], [ 40.7145, 4.4645 ], [ 40.7106, 4.4694 ], [ 40.7061, 4.4981 ], [ 40.6798, 4.5311 ], [ 40.664, 4.5438 ], [ 40.65, 4.5418 ], [ 40.6482, 4.5503 ], [ 40.6402, 4.5575 ], [ 40.6217, 4.5911 ], [ 40.5868, 4.6338 ], [ 40.5772, 4.6608 ], [ 40.5591, 4.6673 ], [ 40.5372, 4.692 ], [ 40.5193, 4.6985 ], [ 40.5085, 4.6987 ], [ 40.4882, 4.714 ], [ 40.4728, 4.7313 ], [ 40.4614, 4.7355 ], [ 40.4465, 4.747 ], [ 40.4431, 4.7535 ], [ 40.4307, 4.7558 ], [ 40.4135, 4.7756 ], [ 40.4025, 4.7727 ], [ 40.3633, 4.7928 ], [ 40.3494, 4.8115 ], [ 40.329, 4.8205 ], [ 40.3028, 4.8215 ], [ 40.2755, 4.8297 ], [ 40.2312, 4.8309 ], [ 40.2251, 4.833 ], [ 40.2118, 4.8469 ], [ 40.1955, 4.8515 ], [ 40.1886, 4.8451 ], [ 40.178, 4.8246 ], [ 40.1749, 4.7858 ], [ 40.1694, 4.7754 ], [ 40.1312, 4.7601 ], [ 40.1128, 4.7485 ], [ 40.1055, 4.7476 ], [ 40.0977, 4.7524 ], [ 40.0945, 4.7674 ], [ 40.0906, 4.7711 ], [ 40.05, 4.7654 ], [ 40.0362, 4.7611 ], [ 39.9944, 4.737 ], [ 39.9423, 4.7347 ], [ 39.9345, 4.7246 ], [ 39.9145, 4.7115 ], [ 39.8376, 4.7361 ], [ 39.8108, 4.7405 ], [ 39.8058, 4.747 ], [ 39.7853, 4.7438 ], [ 39.7755, 4.7454 ], [ 39.7596, 4.7254 ], [ 39.7603, 4.7224 ], [ 39.7441, 4.7097 ], [ 39.7459, 4.6666 ], [ 39.717, 4.6157 ], [ 39.7033, 4.5682 ], [ 39.6556, 4.4689 ], [ 39.6188, 4.3685 ], [ 39.5858, 4.2965 ], [ 39.567, 4.2646 ], [ 39.5397, 4.2352 ], [ 39.5288, 4.1667 ], [ 39.4783, 4.0403 ], [ 39.4997, 3.9657 ], [ 39.4828, 3.942 ], [ 39.3996, 3.7957 ], [ 39.2847, 3.6231 ], [ 39.2205, 3.6025 ], [ 39.0911, 3.5311 ] ] ] } },
{ "type": "Feature", "properties": { "iso3": "ETH", "unit_id": "89294058B62851622478191", "unit_name": "Metekel" }, "geometry": { "type": "Polygon", "coordinates": [ [ [ 35.9405, 11.9708 ], [ 35.9332, 11.96 ], [ 35.94, 11.9544 ], [ 35.9429, 11.9366 ], [ 35.9365, 11.9208 ], [ 35.9177, 11.905 ], [ 35.9113, 11.9055 ], [ 35.8744, 11.8859 ], [ 35.8683, 11.8596 ], [ 35.8483, 11.8402 ], [ 35.823, 11.8269 ], [ 35.8148, 11.8284 ], [ 35.8037, 11.838 ], [ 35.7739, 11.8336 ], [ 35.7628, 11.8373 ], [ 35.7561, 11.8313 ], [ 35.7368, 11.8328 ], [ 35.7055, 11.8224 ], [ 35.6944, 11.8313 ], [ 35.6832, 11.8254 ], [ 35.6666, 11.8259 ], [ 35.6617, 11.7934 ], [ 35.6449, 11.7814 ], [ 35.6235, 11.7758 ], [ 35.5899, 11.773 ], [ 35.5766, 11.7674 ], [ 35.5346, 11.7297 ], [ 35.5169, 11.718 ], [ 35.4733, 11.7362 ], [ 35.4218, 11.7294 ], [ 35.3947, 11.7462 ], [ 35.3638, 11.753 ], [ 35.3374, 11.773 ], [ 35.335, 11.782 ], [ 35.3257, 11.7945 ], [ 35.3137, 11.7922 ], [ 35.3033, 11.8028 ], [ 35.2959, 11.7992 ], [ 35.2967, 11.8195 ], [ 35.2881, 11.8299 ], [ 35.2847, 11.8465 ], [ 35.2877, 11.8559 ], [ 35.2843, 11.8845 ], [ 35.2611, 11.9277 ], [ 35.2314, 11.8982 ], [ 35.2017, 11.8864 ], [ 35.1683, 11.8783 ], [ 35.1344, 11.8639 ], [ 35.1163, 11.8508 ], [ 35.0836, 11.8056 ], [ 35.0632, 11.7596 ], [ 35.0583, 11.7303 ], [ 35.0668, 11.6465 ], [ 35.0917, 11.5989 ], [ 35.0952, 11.5765 ], [ 35.0875, 11.5358 ], [ 35.0133, 11.3678 ], [ 34.9864, 11.3183 ], [ 34.9671, 11.2749 ], [ 34.9642, 11.2504 ], [ 34.9748, 11.2277 ], [ 34.9931, 11.2264 ], [ 35.0099, 11.2405 ], [ 35.0363, 11.2341 ], [ 35.0575, 11.2206 ], [ 35.0725, 11.2211 ], [ 35.0884, 11.2167 ], [ 35.1103, 11.2 ], [ 35.1119, 11.1926 ], [ 35.1268, 11.1733 ], [ 35.1293, 11.1502 ], [ 35.1368, 11.1513 ], [ 35.1528, 11.1432 ], [ 35.1686, 11.1458 ], [ 35.1774, 11.1407 ], [ 35.1961, 11.1198 ], [ 35.2026, 11.0899 ], [ 35.1957, 11.0548 ], [ 35.1909, 11.046 ], [ 35.1844, 10.9739 ], [ 35.1858, 10.9609 ], [ 35.1993, 10.9441 ], [ 35.1958, 10.9316 ], [ 35.2031, 10.9114 ], [ 35.2001, 10.8932 ], [ 35.2142, 10.8767 ], [ 35.2161, 10.8644 ], [ 35.2084, 10.8519 ], [ 35.2068, 10.8431 ], [ 35.2006, 10.8386 ], [ 35.1855, 10.7942 ], [ 35.1919, 10.7827 ], [ 35.1949, 10.758 ], [ 35.1983, 10.7549 ], [ 35.1975, 10.7423 ], [ 35.1937, 10.7373 ], [ 35.189, 10.7387 ], [ 35.191, 10.7214 ], [ 35.1804, 10.7037 ], [ 35.1643, 10.6883 ], [ 35.1582, 10.6735 ], [ 35.1592, 10.6477 ], [ 35.1637, 10.6385 ], [ 35.1647, 10.6218 ], [ 35.1527, 10.6097 ], [ 35.1536, 10.5723 ], [ 35.158, 10.5625 ], [ 35.1679, 10.5548 ], [ 35.1831, 10.5507 ], [ 35.186, 10.5546 ], [ 35.1935, 10.5543 ], [ 35.2003, 10.5325 ], [ 35.2128, 10.5207 ], [ 35.2178, 10.5083 ], [ 35.2377, 10.4958 ], [ 35.2464, 10.4744 ], [ 35.2639, 10.4584 ], [ 35.2798, 10.4551 ], [ 35.2927, 10.4449 ], [ 35.3148, 10.4025 ], [ 35.3155, 10.3963 ], [ 35.3202, 10.3916 ], [ 35.3218, 10.3835 ], [ 35.3178, 10.3514 ], [ 35.3203, 10.3316 ], [ 35.3312, 10.3078 ], [ 35.3186, 10.2689 ], [ 35.3211, 10.2597 ], [ 35.317, 10.2509 ], [ 35.3171, 10.2352 ], [ 35.3205, 10.2282 ], [ 35.3136, 10.2066 ], [ 35.3159, 10.1946 ], [ 35.3372, 10.1752 ], [ 35.3496, 10.1537 ], [ 35.3509, 10.1399 ], [ 35.356, 10.1313 ], [ 35.364, 10.1288 ], [ 35.377, 10.1304 ], [ 35.4032, 10.1151 ], [ 35.414, 10.1163 ], [ 35.4242, 10.1238 ], [ 35.4398, 10.1245 ], [ 35.479, 10.114 ], [ 35.4958, 10.0975 ], [ 35.5133, 10.0949 ], [ 35.5343, 10.0766 ], [ 35.5615, 10.0728 ], [ 35.5823, 10.0578 ], [ 35.5955, 10.0529 ], [ 35.601, 10.0449 ], [ 35.6044, 10.0218 ], [ 35.6268, 9.9946 ], [ 35.6336, 9.9654 ], [ 35.6536, 9.9641 ], [ 35.6616, 9.9526 ], [ 35.6758, 9.9429 ], [ 35.688, 9.9494 ], [ 35.693, 9.9615 ], [ 35.7222, 9.961 ], [ 35.733, 9.9678 ], [ 35.7392, 9.9809 ], [ 35.7407, 10.0081 ], [ 35.7277, 10.0342 ], [ 35.7316, 10.0451 ], [ 35.7445, 10.0532 ], [ 35.7668, 10.0546 ], [ 35.7735, 10.0522 ], [ 35.7803, 10.0444 ], [ 35.7956, 10.0446 ], [ 35.8196, 10.0112 ], [ 35.8339, 10.0121 ], [ 35.8683, 10.0066 ], [ 35.8747, 10.0098 ], [ 35.8846, 10.0325 ], [ 35.8976, 10.0486 ], [ 35.8961, 10.0658 ], [ 35.9007, 10.0784 ], [ 35.9257, 10.0978 ], [ 35.9479, 10.1093 ], [ 35.954, 10.1152 ], [ 35.9562, 10.1293 ], [ 35.9829, 10.1477 ], [ 35.9909, 10.1474 ], [ 36.0006, 10.1319 ], [ 36.012, 10.1226 ], [ 36.0225, 10.1246 ], [ 36.0315, 10.1385 ], [ 36.0488, 10.1443 ], [ 36.0587, 10.1395 ], [ 36.0821, 10.1405 ], [ 36.1007, 10.1324 ], [ 36.1221, 10.1318 ], [ 36.1359, 10.1195 ], [ 36.1533, 10.116 ], [ 36.1708, 10.1216 ], [ 36.2089, 10.1186 ], [ 36.2431, 10.1371 ], [ 36.2537, 10.168 ], [ 36.2732, 10.2049 ], [ 36.2797, 10.2096 ], [ 36.3034, 10.2081 ], [ 36.3174, 10.2197 ], [ 36.3284, 10.2871 ], [ 36.3309, 10.2907 ], [ 36.3478, 10.2958 ], [ 36.3518, 10.301 ], [ 36.3637, 10.333 ], [ 36.3733, 10.3429 ], [ 36.3724, 10.3541 ], [ 36.3909, 10.3614 ], [ 36.4148, 10.3856 ], [ 36.4121, 10.4172 ], [ 36.4156, 10.4391 ], [ 36.4238, 10.4558 ], [ 36.409, 10.4553 ], [ 36.3909, 10.468 ], [ 36.3822, 10.4896 ], [ 36.3715, 10.5048 ], [ 36.3647, 10.5062 ], [ 36.3591, 10.5303 ], [ 36.3436, 10.5209 ], [ 36.3261, 10.5233 ], [ 36.3182, 10.528 ], [ 36.3109, 10.5421 ], [ 36.3112, 10.548 ], [ 36.3082, 10.5524 ], [ 36.302, 10.554 ], [ 36.302, 10.5712 ], [ 36.3059, 10.5779 ], [ 36.2935, 10.5971 ], [ 36.2837, 10.5987 ], [ 36.2816, 10.6046 ], [ 36.2916, 10.62 ], [ 36.3076, 10.6242 ], [ 36.303, 10.6379 ], [ 36.3109, 10.649 ], [ 36.3183, 10.652 ], [ 36.3242, 10.6617 ], [ 36.3125, 10.6738 ], [ 36.3113, 10.6788 ], [ 36.318, 10.6793 ], [ 36.3217, 10.6853 ], [ 36.3166, 10.6972 ], [ 36.3176, 10.7036 ], [ 36.3266, 10.7138 ], [ 36.3313, 10.7262 ], [ 36.3593, 10.7416 ], [ 36.374, 10.7584 ], [ 36.376, 10.7653 ], [ 36.3728, 10.7728 ], [ 36.3772, 10.7858 ], [ 36.3576, 10.7896 ], [ 36.3416, 10.7888 ], [ 36.3313, 10.7703 ], [ 36.3253, 10.7687 ], [ 36.3247, 10.7632 ], [ 36.3108, 10.7473 ], [ 36.2938, 10.7434 ], [ 36.2852, 10.7446 ], [ 36.2885, 10.7724 ], [ 36.2823, 10.8039 ], [ 36.2995, 10.81 ], [ 36.2949, 10.815 ], [ 36.3048, 10.8199 ], [ 36.3101, 10.8272 ], [ 36.3138, 10.8508 ], [ 36.3093, 10.8546 ], [ 36.3091, 10.8625 ], [ 36.3321, 10.8874 ], [ 36.3316, 10.8977 ], [ 36.3531, 10.9212 ], [ 36.3506, 10.93 ], [ 36.354, 10.937 ], [ 36.3658, 10.9457 ], [ 36.4177, 11.0007 ], [ 36.4226, 11.0314 ], [ 36.4362, 11.039 ], [ 36.4442, 11.0504 ], [ 36.4699, 11.0552 ], [ 36.4783, 11.0671 ], [ 36.4897, 11.0687 ], [ 36.4913, 11.0759 ], [ 36.515, 11.1048 ], [ 36.5251, 11.1127 ], [ 36.5326, 11.1132 ], [ 36.534, 11.098 ], [ 36.5549, 11.0932 ], [ 36.5594, 11.0998 ], [ 36.575, 11.1007 ], [ 36.578, 11.1105 ], [ 36.5602, 11.1133 ], [ 36.5493, 11.1378 ], [ 36.5304, 11.1416 ], [ 36.5029, 11.1375 ], [ 36.4756, 11.157 ], [ 36.4676, 11.1554 ], [ 36.4676, 11.2153 ], [ 36.4602, 11.2264 ], [ 36.4708, 11.2333 ], [ 36.4758, 11.2447 ], [ 36.4671, 11.265 ], [ 36.4832, 11.2718 ], [ 36.495, 11.289 ], [ 36.505, 11.285 ], [ 36.5296, 11.3025 ], [ 36.5373, 11.3047 ], [ 36.5569, 11.3021 ], [ 36.5624, 11.3183 ], [ 36.5564, 11.3295 ], [ 36.5475, 11.3373 ], [ 36.5345, 11.3353 ], [ 36.5387, 11.3456 ], [ 36.5636, 11.358 ], [ 36.5639, 11.3713 ], [ 36.5514, 11.3866 ], [ 36.5411, 11.3941 ], [ 36.5331, 11.3941 ], [ 36.5299, 11.4345 ], [ 36.5122, 11.4583 ], [ 36.5035, 11.4581 ], [ 36.4978, 11.4437 ], [ 36.4715, 11.4363 ], [ 36.4672, 11.4286 ], [ 36.4481, 11.4269 ], [ 36.4099, 11.4139 ], [ 36.4095, 11.4583 ], [ 36.4384, 11.4918 ], [ 36.4443, 11.4928 ], [ 36.434, 11.5108 ], [ 36.4131, 11.532 ], [ 36.4145, 11.5451 ], [ 36.4034, 11.546 ], [ 36.3903, 11.5713 ], [ 36.3914, 11.5833 ], [ 36.3794, 11.5961 ], [ 36.3752, 11.6077 ], [ 36.3653, 11.6003 ], [ 36.3484, 11.6054 ], [ 36.3324, 11.666 ], [ 36.3476, 11.6966 ], [ 36.3321, 11.7041 ], [ 36.3338, 11.7232 ], [ 36.3396, 11.7375 ], [ 36.3387, 11.761 ], [ 36.3412, 11.7677 ], [ 36.3376, 11.773 ], [ 36.3413, 11.7808 ], [ 36.3291, 11.7967 ], [ 36.3088, 11.8032 ], [ 36.2829, 11.7727 ], [ 36.261, 11.7535 ], [ 36.2359, 11.737 ], [ 36.2316, 11.7221 ], [ 36.2071, 11.7214 ], [ 36.2008, 11.7058 ], [ 36.1857, 11.69 ], [ 36.165, 11.6782 ], [ 36.1571, 11.6859 ], [ 36.1448, 11.6856 ], [ 36.1184, 11.7058 ], [ 36.1255, 11.7192 ], [ 36.1166, 11.7235 ], [ 36.1232, 11.7344 ], [ 36.1172, 11.7742 ], [ 36.1052, 11.8159 ], [ 36.0951, 11.8129 ], [ 36.0815, 11.8244 ], [ 36.0843, 11.8351 ], [ 36.0663, 11.8516 ], [ 36.0545, 11.8493 ], [ 36.0491, 11.866 ], [ 36.0564, 11.8743 ], [ 36.0451, 11.8764 ], [ 36.0506, 11.883 ], [ 36.0381, 11.8855 ], [ 36.0338, 11.8918 ], [ 36.0426, 11.8951 ], [ 36.0212, 11.9138 ], [ 35.996, 11.9269 ], [ 35.978, 11.9605 ], [ 35.969, 11.9584 ], [ 35.9723, 11.9703 ], [ 35.9658, 11.9846 ], [ 35.9405, 11.9708 ] ] ] } },
{ "type": "Feature", "properties": { "iso3": "ETH", "unit_id": "89294058B2576914216896", "unit_name": "Assosa" }, "geometry": { "type": "Polygon", "coordinates": [ [ [ 35.3251, 9.8845 ], [ 35.3462, 9.9053 ], [ 35.3574, 9.9111 ], [ 35.3597, 9.924 ], [ 35.3561, 9.9306 ], [ 35.3591, 9.9313 ], [ 35.3617, 9.9454 ], [ 35.3604, 9.9583 ], [ 35.3556, 9.9649 ], [ 35.3586, 9.9714 ], [ 35.3505, 9.9863 ], [ 35.3526, 9.9925 ], [ 35.3469, 9.9984 ], [ 35.3502, 10.0003 ], [ 35.3487, 10.0073 ], [ 35.3428, 10.0124 ], [ 35.3399, 10.0207 ], [ 35.3413, 10.0336 ], [ 35.3247, 10.0366 ], [ 35.313, 10.0432 ], [ 35.3057, 10.0363 ], [ 35.2766, 10.0528 ], [ 35.271, 10.0523 ], [ 35.2651, 10.0449 ], [ 35.2587, 10.0543 ], [ 35.2426, 10.0606 ], [ 35.2438, 10.0683 ], [ 35.2554, 10.086 ], [ 35.2574, 10.1143 ], [ 35.2455, 10.1303 ], [ 35.2273, 10.17 ], [ 35.2113, 10.238 ], [ 35.2095, 10.2596 ], [ 35.2299, 10.2786 ], [ 35.2344, 10.2907 ], [ 35.219, 10.3075 ], [ 35.2053, 10.3474 ], [ 35.2025, 10.3893 ], [ 35.2076, 10.3996 ], [ 35.1844, 10.4141 ], [ 35.1671, 10.4171 ], [ 35.1634, 10.4177 ], [ 35.1475, 10.4049 ], [ 35.142, 10.4065 ], [ 35.1369, 10.4154 ], [ 35.1247, 10.4132 ], [ 35.1264, 10.4264 ], [ 35.1218, 10.4329 ], [ 35.1224, 10.437 ], [ 35.1189, 10.4363 ], [ 35.1156, 10.443 ], [ 35.105, 10.4476 ], [ 35.1014, 10.4629 ], [ 35.0733, 10.4955 ], [ 35.0513, 10.5016 ], [ 35.0551, 10.5097 ], [ 35.052, 10.5217 ], [ 35.0693, 10.5459 ], [ 35.0512, 10.543 ], [ 35.0396, 10.5492 ], [ 35.0262, 10.5516 ], [ 35.0614, 10.597 ], [ 35.0755, 10.6329 ], [ 35.0835, 10.6792 ], [ 35.0987, 10.7143 ], [ 35.1028, 10.7466 ], [ 35.0963, 10.7978 ], [ 35.0866, 10.8513 ], [ 35.0777, 10.8658 ], [ 34.9782, 10.9079 ], [ 34.9753, 10.8644 ], [ 34.8606, 10.732 ], [ 34.8006, 10.7233 ], [ 34.6739, 10.8347 ], [ 34.5944, 10.8878 ], [ 34.4397, 10.7844 ], [ 34.3528, 10.6317 ], [ 34.2861, 10.5542 ], [ 34.3483, 10.2385 ], [ 34.3231, 10.1172 ], [ 34.2306, 10.0276 ], [ 34.2072, 9.905 ], [ 34.14, 9.7581 ], [ 34.1288, 9.7158 ], [ 34.1544, 9.7129 ], [ 34.18, 9.7186 ], [ 34.1982, 9.7379 ], [ 34.2258, 9.7453 ], [ 34.241, 9.7436 ], [ 34.2708, 9.7488 ], [ 34.2956, 9.7418 ], [ 34.3133, 9.7325 ], [ 34.3228, 9.7209 ], [ 34.3285, 9.6982 ], [ 34.3386, 9.6846 ], [ 34.3674, 9.6733 ], [ 34.3875, 9.6593 ], [ 34.3919, 9.6639 ], [ 34.4037, 9.6646 ], [ 34.4107, 9.6702 ], [ 34.4195, 9.6661 ], [ 34.4235, 9.661 ], [ 34.4263, 9.6421 ], [ 34.4339, 9.6276 ], [ 34.4472, 9.6238 ], [ 34.4639, 9.633 ], [ 34.4742, 9.6269 ], [ 34.4753, 9.6232 ], [ 34.4925, 9.6227 ], [ 34.4982, 9.6341 ], [ 34.5068, 9.6408 ], [ 34.5097, 9.6526 ], [ 34.5179, 9.6439 ], [ 34.527, 9.6465 ], [ 34.5321, 9.6411 ], [ 34.5461, 9.6487 ], [ 34.5583, 9.6445 ], [ 34.5675, 9.63 ], [ 34.5854, 9.6304 ], [ 34.632, 9.588 ], [ 34.7351, 9.5453 ], [ 34.783, 9.5533 ], [ 34.7921, 9.6033 ], [ 34.8109, 9.6301 ], [ 34.81, 9.7022 ], [ 34.7961, 9.7362 ], [ 34.8317, 9.8031 ], [ 34.8545, 9.8167 ], [ 34.8697, 9.8207 ], [ 34.8771, 9.8454 ], [ 34.8922, 9.8646 ], [ 34.8977, 9.8818 ], [ 34.8668, 9.9023 ], [ 34.8878, 9.9082 ], [ 34.9044, 9.9559 ], [ 34.9277, 9.9353 ], [ 34.943, 9.9336 ], [ 34.9882, 9.9968 ], [ 35.015, 9.9952 ], [ 35.0197, 9.9288 ], [ 35.0485, 9.9177 ], [ 35.081, 9.9219 ], [ 35.0808, 9.939 ], [ 35.0883, 9.9505 ], [ 35.1596, 9.9484 ], [ 35.2208, 9.9254 ], [ 35.2229, 9.9103 ], [ 35.2307, 9.8933 ], [ 35.2785, 9.9071 ], [ 35.2975, 9.9225 ], [ 35.311, 9.9112 ], [ 35.3251, 9.8845 ] ] ] } },
{ "type": "Feature", "properties": { "iso3": "ETH", "unit_id": "89294058B39041702183065", "unit_name": "Kamashi" }, "geometry": { "type": "MultiPolygon", "coordinates": [ [ [ [ 36.179, 8.9863 ], [ 36.1743, 8.9794 ], [ 36.2221, 8.9502 ], [ 36.2479, 8.9735 ], [ 36.221, 8.9885 ], [ 36.179, 8.9863 ] ] ], [ [ [ 36.5268, 10.4829 ], [ 36.5186, 10.4789 ], [ 36.4854, 10.4828 ], [ 36.4627, 10.4792 ], [ 36.4557, 10.4746 ], [ 36.4457, 10.4557 ], [ 36.4353, 10.4525 ], [ 36.4238, 10.4558 ], [ 36.4156, 10.4391 ], [ 36.4121, 10.4172 ], [ 36.4148, 10.3856 ], [ 36.3909, 10.3614 ], [ 36.3724, 10.3541 ], [ 36.3733, 10.3429 ], [ 36.3637, 10.333 ], [ 36.3518, 10.301 ], [ 36.3478, 10.2958 ], [ 36.3309, 10.2907 ], [ 36.3284, 10.2871 ], [ 36.3174, 10.2197 ], [ 36.3034, 10.2081 ], [ 36.2797, 10.2096 ], [ 36.2732, 10.2049 ], [ 36.2537, 10.168 ], [ 36.2431, 10.1371 ], [ 36.2089, 10.1186 ], [ 36.1708, 10.1216 ], [ 36.1533, 10.116 ], [ 36.1359, 10.1195 ], [ 36.1221, 10.1318 ], [ 36.1007, 10.1324 ], [ 36.0821, 10.1405 ], [ 36.0587, 10.1395 ], [ 36.0488, 10.1443 ], [ 36.0315, 10.1385 ], [ 36.0225, 10.1246 ], [ 36.012, 10.1226 ], [ 36.0006, 10.1319 ], [ 35.9909, 10.1474 ], [ 35.9829, 10.1477 ], [ 35.9562, 10.1293 ], [ 35.954, 10.1152 ], [ 35.9479, 10.1093 ], [ 35.9257, 10.0978 ], [ 35.9007, 10.0784 ], [ 35.8961, 10.0658 ], [ 35.8976, 10.0486 ], [ 35.8846, 10.0325 ], [ 35.8747, 10.0098 ], [ 35.8588, 10.0066 ], [ 35.8339, 10.0121 ], [ 35.8196, 10.0112 ], [ 35.7956, 10.0446 ], [ 35.7803, 10.0444 ], [ 35.7735, 10.0522 ], [ 35.7668, 10.0546 ], [ 35.7445, 10.0532 ], [ 35.7316, 10.0451 ], [ 35.7277, 10.0342 ], [ 35.7407, 10.0081 ], [ 35.7392, 9.9809 ], [ 35.733, 9.9678 ], [ 35.7222, 9.961 ], [ 35.693, 9.9615 ], [ 35.6832, 9.9446 ], [ 35.6758, 9.9429 ], [ 35.6693, 9.9455 ], [ 35.6536, 9.9641 ], [ 35.6336, 9.9654 ], [ 35.6268, 9.9946 ], [ 35.6044, 10.0218 ], [ 35.601, 10.0449 ], [ 35.5955, 10.0529 ], [ 35.5823, 10.0578 ], [ 35.5615, 10.0728 ], [ 35.5343, 10.0766 ], [ 35.5133, 10.0949 ], [ 35.4958, 10.0975 ], [ 35.479, 10.114 ], [ 35.4398, 10.1245 ], [ 35.4242, 10.1238 ], [ 35.414, 10.1163 ], [ 35.4032, 10.1151 ], [ 35.377, 10.1304 ], [ 35.364, 10.1288 ], [ 35.356, 10.1313 ], [ 35.3509, 10.1399 ], [ 35.3496, 10.1537 ], [ 35.3372, 10.1752 ], [ 35.3159, 10.1946 ], [ 35.3136, 10.2066 ], [ 35.3205, 10.2282 ], [ 35.3171, 10.2352 ], [ 35.317, 10.2509 ], [ 35.3211, 10.2597 ], [ 35.3186, 10.2689 ], [ 35.3312, 10.3078 ], [ 35.3203, 10.3316 ], [ 35.3178, 10.3514 ], [ 35.3218, 10.3835 ], [ 35.3202, 10.3916 ], [ 35.3155, 10.3963 ], [ 35.3148, 10.4025 ], [ 35.2927, 10.4449 ], [ 35.2798, 10.4551 ], [ 35.2639, 10.4584 ], [ 35.2464, 10.4744 ], [ 35.2377, 10.4958 ], [ 35.2178, 10.5083 ], [ 35.2128, 10.5207 ], [ 35.2003, 10.5325 ], [ 35.1935, 10.5543 ], [ 35.186, 10.5546 ], [ 35.1831, 10.5507 ], [ 35.1679, 10.5548 ], [ 35.158, 10.5625 ], [ 35.1536, 10.5723 ], [ 35.1527, 10.6097 ], [ 35.1647, 10.6218 ], [ 35.1637, 10.6385 ], [ 35.1592, 10.6477 ], [ 35.1582, 10.6735 ], [ 35.1643, 10.6883 ], [ 35.1804, 10.7037 ], [ 35.191, 10.7214 ], [ 35.189, 10.7387 ], [ 35.1937, 10.7373 ], [ 35.1975, 10.7423 ], [ 35.1983, 10.7549 ], [ 35.1949, 10.758 ], [ 35.1919, 10.7827 ], [ 35.1855, 10.7942 ], [ 35.2006, 10.8386 ], [ 35.2068, 10.8431 ], [ 35.2084, 10.8519 ], [ 35.2161, 10.8644 ], [ 35.2142, 10.8767 ], [ 35.2001, 10.8932 ], [ 35.2031, 10.9114 ], [ 35.1958, 10.9316 ], [ 35.1993, 10.9441 ], [ 35.1858, 10.9609 ], [ 35.1844, 10.9739 ], [ 35.1909, 11.046 ], [ 35.1957, 11.0548 ], [ 35.2026, 11.0899 ], [ 35.1961, 11.1198 ], [ 35.1774, 11.1407 ], [ 35.1686, 11.1458 ], [ 35.1528, 11.1432 ], [ 35.1368, 11.1513 ], [ 35.1293, 11.1502 ], [ 35.1268, 11.1733 ], [ 35.1119, 11.1926 ], [ 35.1103, 11.2 ], [ 35.0884, 11.2167 ], [ 35.0725, 11.2211 ], [ 35.0575, 11.2206 ], [ 35.0363, 11.2341 ], [ 35.0099, 11.2405 ], [ 34.9931, 11.2264 ], [ 34.9748, 11.2277 ], [ 35.0075, 11.1983 ], [ 35.0055, 11.1744 ], [ 34.9333, 10.9567 ], [ 34.9786, 10.9153 ], [ 34.9782, 10.9079 ], [ 35.0777, 10.8658 ], [ 35.0866, 10.8513 ], [ 35.1028, 10.7466 ], [ 35.0987, 10.7143 ], [ 35.0835, 10.6792 ], [ 35.0755, 10.6329 ], [ 35.0614, 10.597 ], [ 35.0262, 10.5516 ], [ 35.0396, 10.5492 ], [ 35.0512, 10.543 ], [ 35.0693, 10.5459 ], [ 35.052, 10.5217 ], [ 35.0551, 10.5097 ], [ 35.0513, 10.5016 ], [ 35.0733, 10.4955 ], [ 35.1014, 10.4629 ], [ 35.105, 10.4476 ], [ 35.1156, 10.443 ], [ 35.1189, 10.4363 ], [ 35.1224, 10.437 ], [ 35.1218, 10.4329 ], [ 35.1264, 10.4264 ], [ 35.1247, 10.4132 ], [ 35.1369, 10.4154 ], [ 35.142, 10.4065 ], [ 35.1475, 10.4049 ], [ 35.1634, 10.4177 ], [ 35.1671, 10.4171 ], [ 35.1844, 10.4141 ], [ 35.2076, 10.3996 ], [ 35.2025, 10.3893 ], [ 35.2053, 10.3474 ], [ 35.219, 10.3075 ], [ 35.2344, 10.2907 ], [ 35.2299, 10.2786 ], [ 35.2095, 10.2596 ], [ 35.2113, 10.238 ], [ 35.2273, 10.17 ], [ 35.2455, 10.1303 ], [ 35.2574, 10.1143 ], [ 35.2554, 10.086 ], [ 35.2438, 10.0683 ], [ 35.2426, 10.0606 ], [ 35.2587, 10.0543 ], [ 35.2651, 10.0449 ], [ 35.271, 10.0523 ], [ 35.2766, 10.0528 ], [ 35.3057, 10.0363 ], [ 35.313, 10.0432 ], [ 35.3247, 10.0366 ], [ 35.3413, 10.0336 ], [ 35.3399, 10.0207 ], [ 35.3428, 10.0124 ], [ 35.3487, 10.0073 ], [ 35.3502, 10.0003 ], [ 35.3469, 9.9984 ], [ 35.3526, 9.9925 ], [ 35.3505, 9.9863 ], [ 35.3586, 9.9714 ], [ 35.3556, 9.9649 ], [ 35.3604, 9.9583 ], [ 35.3617, 9.9454 ], [ 35.3591, 9.9313 ], [ 35.3561, 9.9306 ], [ 35.3597, 9.924 ], [ 35.3574, 9.9111 ], [ 35.3462, 9.9053 ], [ 35.3251, 9.8845 ], [ 35.3498, 9.8661 ], [ 35.3638, 9.813 ], [ 35.408, 9.7945 ], [ 35.4196, 9.7851 ], [ 35.3788, 9.7654 ], [ 35.383, 9.759 ], [ 35.3754, 9.75 ], [ 35.3651, 9.7275 ], [ 35.3684, 9.7193 ], [ 35.3894, 9.72 ], [ 35.4108, 9.7137 ], [ 35.4554, 9.6722 ], [ 35.4684, 9.6704 ], [ 35.5051, 9.6887 ], [ 35.5333, 9.6904 ], [ 35.534, 9.6964 ], [ 35.5394, 9.6976 ], [ 35.5537, 9.6961 ], [ 35.5611, 9.692 ], [ 35.5785, 9.6655 ], [ 35.5944, 9.656 ], [ 35.6347, 9.6515 ], [ 35.6534, 9.6349 ], [ 35.6505, 9.613 ], [ 35.6436, 9.5946 ], [ 35.6475, 9.5533 ], [ 35.6714, 9.5172 ], [ 35.6865, 9.5104 ], [ 35.7108, 9.4868 ], [ 35.7319, 9.4815 ], [ 35.7529, 9.4817 ], [ 35.765, 9.4734 ], [ 35.7773, 9.4401 ], [ 35.7784, 9.4307 ], [ 35.7659, 9.4276 ], [ 35.754, 9.4165 ], [ 35.7501, 9.4031 ], [ 35.7552, 9.3648 ], [ 35.7492, 9.3486 ], [ 35.7506, 9.3311 ], [ 35.7567, 9.3236 ], [ 35.774, 9.3243 ], [ 35.7972, 9.3086 ], [ 35.8085, 9.3089 ], [ 35.8599, 9.325 ], [ 35.9111, 9.316 ], [ 35.9179, 9.2856 ], [ 35.9307, 9.2672 ], [ 35.9493, 9.2492 ], [ 36.0316, 9.2334 ], [ 36.044, 9.1951 ], [ 36.0536, 9.1194 ], [ 36.034, 9.1074 ], [ 36.0281, 9.056 ], [ 36.0424, 9.0322 ], [ 36.0422, 9.015 ], [ 36.0639, 9.0199 ], [ 36.0865, 9.0126 ], [ 36.097, 9.0324 ], [ 36.0755, 9.0626 ], [ 36.0842, 9.0584 ], [ 36.0946, 9.065 ], [ 36.1086, 9.08 ], [ 36.1287, 9.0511 ], [ 36.1314, 9.0208 ], [ 36.1596, 9.0207 ], [ 36.1768, 9.0445 ], [ 36.2259, 9.031 ], [ 36.2465, 9.041 ], [ 36.2358, 9.0509 ], [ 36.2077, 9.0672 ], [ 36.1846, 9.072 ], [ 36.1615, 9.1054 ], [ 36.1719, 9.1083 ], [ 36.2039, 9.1573 ], [ 36.2289, 9.229 ], [ 36.2263, 9.2717 ], [ 36.1949, 9.289 ], [ 36.1946, 9.3263 ], [ 36.2059, 9.3547 ], [ 36.2343, 9.347 ], [ 36.2146, 9.3324 ], [ 36.2184, 9.2971 ], [ 36.2532, 9.3018 ], [ 36.2702, 9.3284 ], [ 36.2751, 9.3438 ], [ 36.2896, 9.3215 ], [ 36.2955, 9.3017 ], [ 36.319, 9.3059 ], [ 36.3262, 9.3308 ], [ 36.3338, 9.3398 ], [ 36.3747, 9.358 ], [ 36.4614, 9.3572 ], [ 36.4841, 9.3679 ], [ 36.4752, 9.3946 ], [ 36.4836, 9.4052 ], [ 36.5073, 9.4193 ], [ 36.5149, 9.4441 ], [ 36.4987, 9.4729 ], [ 36.4944, 9.5094 ], [ 36.4612, 9.5281 ], [ 36.4006, 9.511 ], [ 36.3803, 9.4805 ], [ 36.3551, 9.4947 ], [ 36.336, 9.512 ], [ 36.301, 9.5555 ], [ 36.2663, 9.5687 ], [ 36.2318, 9.5703 ], [ 36.2291, 9.5798 ], [ 36.2008, 9.6149 ], [ 36.1926, 9.6585 ], [ 36.1919, 9.6879 ], [ 36.1775, 9.7013 ], [ 36.1619, 9.7305 ], [ 36.1591, 9.7469 ], [ 36.1434, 9.7578 ], [ 36.1053, 9.7733 ], [ 36.1365, 9.8074 ], [ 36.1282, 9.8522 ], [ 36.1523, 9.8489 ], [ 36.1522, 9.8664 ], [ 36.1198, 9.9613 ], [ 36.1206, 9.9716 ], [ 36.1399, 10.0097 ], [ 36.1846, 10.0497 ], [ 36.2189, 10.0532 ], [ 36.2589, 10.0785 ], [ 36.2679, 10.0885 ], [ 36.2719, 10.1131 ], [ 36.3323, 10.1384 ], [ 36.3694, 10.1617 ], [ 36.3953, 10.1871 ], [ 36.4162, 10.2168 ], [ 36.4454, 10.2458 ], [ 36.4909, 10.2343 ], [ 36.5155, 10.2399 ], [ 36.5224, 10.2504 ], [ 36.5451, 10.2693 ], [ 36.5545, 10.2851 ], [ 36.5758, 10.2792 ], [ 36.5747, 10.2642 ], [ 36.6106, 10.2592 ], [ 36.6597, 10.277 ], [ 36.6922, 10.2963 ], [ 36.6854, 10.3176 ], [ 36.6683, 10.3138 ], [ 36.6618, 10.3165 ], [ 36.637, 10.3466 ], [ 36.6176, 10.355 ], [ 36.6055, 10.3647 ], [ 36.5895, 10.3689 ], [ 36.5729, 10.3629 ], [ 36.5485, 10.3609 ], [ 36.5392, 10.365 ], [ 36.5229, 10.3942 ], [ 36.5204, 10.4059 ], [ 36.5462, 10.4569 ], [ 36.5372, 10.4731 ], [ 36.5268, 10.4829 ] ] ] ] } },
{ "type": "Feature", "properties": { "iso3": "ETH", "unit_id": "89294058B80763470887796", "unit_name": "Mao Komo Special" }, "geometry": { "type": "Polygon", "coordinates": [ [ [ 34.5675, 9.63 ], [ 34.5583, 9.6445 ], [ 34.5461, 9.6487 ], [ 34.5321, 9.6411 ], [ 34.527, 9.6465 ], [ 34.5179, 9.6439 ], [ 34.5097, 9.6526 ], [ 34.5068, 9.6408 ], [ 34.4982, 9.6341 ], [ 34.4925, 9.6227 ], [ 34.4753, 9.6232 ], [ 34.4742, 9.6269 ], [ 34.4639, 9.633 ], [ 34.4472, 9.6238 ], [ 34.4339, 9.6276 ], [ 34.4263, 9.6421 ], [ 34.4235, 9.661 ], [ 34.4195, 9.6661 ], [ 34.4107, 9.6702 ], [ 34.4037, 9.6646 ], [ 34.3919, 9.6639 ], [ 34.3875, 9.6593 ], [ 34.3674, 9.6733 ], [ 34.3386, 9.6846 ], [ 34.3285, 9.6982 ], [ 34.3228, 9.7209 ], [ 34.3133, 9.7325 ], [ 34.2956, 9.7418 ], [ 34.2708, 9.7488 ], [ 34.241, 9.7436 ], [ 34.2258, 9.7453 ], [ 34.1982, 9.7379 ], [ 34.18, 9.7186 ], [ 34.1544, 9.7129 ], [ 34.1288, 9.7158 ], [ 34.0858, 9.5531 ], [ 34.1344, 8.9626 ], [ 34.4307, 8.9674 ], [ 34.5037, 9.0041 ], [ 34.4837, 9.0471 ], [ 34.4583, 9.0732 ], [ 34.4268, 9.0718 ], [ 34.3933, 9.1163 ], [ 34.3409, 9.1688 ], [ 34.4017, 9.1866 ], [ 34.4396, 9.2156 ], [ 34.4524, 9.2575 ], [ 34.4517, 9.3087 ], [ 34.4663, 9.3658 ], [ 34.4518, 9.4491 ], [ 34.513, 9.448 ], [ 34.4987, 9.5142 ], [ 34.5232, 9.5411 ], [ 34.5321, 9.5906 ], [ 34.5485, 9.6297 ], [ 34.5675, 9.63 ] ] ] } },
{ "type": "Feature", "properties": { "iso3": "ETH", "unit_id": "89294058B80691423233244", "unit_name": "Guraghe" }, "geometry": { "type": "Polygon", "coordinates": [ [ [ 37.6015, 7.986 ], [ 37.6064, 7.9691 ], [ 37.6114, 7.9674 ], [ 37.6154, 7.9506 ], [ 37.6059, 7.9405 ], [ 37.6079, 7.9238 ], [ 37.6175, 7.9266 ], [ 37.623, 7.9226 ], [ 37.6361, 7.923 ], [ 37.6496, 7.9152 ], [ 37.6544, 7.9062 ], [ 37.6686, 7.897 ], [ 37.6846, 7.8963 ], [ 37.6898, 7.8915 ], [ 37.6983, 7.893 ], [ 37.7047, 7.8904 ], [ 37.7132, 7.8826 ], [ 37.7183, 7.8642 ], [ 37.7233, 7.8625 ], [ 37.7205, 7.8498 ], [ 37.7628, 7.8481 ], [ 37.7699, 7.8461 ], [ 37.7739, 7.8358 ], [ 37.7838, 7.8362 ], [ 37.7954, 7.8304 ], [ 37.8084, 7.8181 ], [ 37.8119, 7.8193 ], [ 37.8232, 7.7976 ], [ 37.8314, 7.7939 ], [ 37.8409, 7.7822 ], [ 37.8493, 7.7774 ], [ 37.8568, 7.7608 ], [ 37.873, 7.7431 ], [ 37.8761, 7.7432 ], [ 37.8916, 7.7574 ], [ 37.8971, 7.7583 ], [ 37.8965, 7.7721 ], [ 37.8907, 7.7873 ], [ 37.8963, 7.7899 ], [ 37.9028, 7.7854 ], [ 37.905, 7.7794 ], [ 37.9169, 7.7774 ], [ 37.9192, 7.7799 ], [ 37.9155, 7.7867 ], [ 37.9163, 7.7955 ], [ 37.9216, 7.7963 ], [ 37.9263, 7.8029 ], [ 37.9341, 7.8034 ], [ 37.9395, 7.815 ], [ 37.9379, 7.822 ], [ 37.9223, 7.832 ], [ 37.9224, 7.8405 ], [ 37.9152, 7.8538 ], [ 37.9166, 7.8604 ], [ 37.9242, 7.8585 ], [ 37.9286, 7.8644 ], [ 37.9382, 7.8547 ], [ 37.9494, 7.8522 ], [ 37.9588, 7.8564 ], [ 37.9736, 7.8764 ], [ 37.9786, 7.8729 ], [ 37.9845, 7.8758 ], [ 37.9795, 7.8694 ], [ 37.9821, 7.8659 ], [ 37.9795, 7.8496 ], [ 37.9851, 7.8505 ], [ 37.9887, 7.8456 ], [ 37.9983, 7.8555 ], [ 38.002, 7.8549 ], [ 37.9959, 7.8462 ], [ 37.9978, 7.8409 ], [ 38.0014, 7.8386 ], [ 38.008, 7.8422 ], [ 38.0196, 7.86 ], [ 38.0331, 7.8683 ], [ 38.0337, 7.8732 ], [ 38.0447, 7.8771 ], [ 38.0494, 7.8885 ], [ 38.0713, 7.9131 ], [ 38.0907, 7.9454 ], [ 38.0943, 7.9408 ], [ 38.0957, 7.9494 ], [ 38.1049, 7.9484 ], [ 38.1299, 7.9686 ], [ 38.1352, 7.9835 ], [ 38.1257, 7.9928 ], [ 38.1286, 8.0005 ], [ 38.1455, 8.0087 ], [ 38.1432, 8.0189 ], [ 38.1645, 8.0382 ], [ 38.1567, 8.0449 ], [ 38.1824, 8.0687 ], [ 38.1844, 8.0841 ], [ 38.1895, 8.0914 ], [ 38.2134, 8.0968 ], [ 38.218, 8.1018 ], [ 38.2172, 8.1151 ], [ 38.2206, 8.1207 ], [ 38.2454, 8.122 ], [ 38.2608, 8.1185 ], [ 38.2708, 8.1215 ], [ 38.2708, 8.1069 ], [ 38.2664, 8.1067 ], [ 38.2673, 8.0924 ], [ 38.2651, 8.09 ], [ 38.2679, 8.0866 ], [ 38.2645, 8.084 ], [ 38.2723, 8.0827 ], [ 38.2693, 8.0707 ], [ 38.282, 8.0664 ], [ 38.2866, 8.06 ], [ 38.2831, 8.0554 ], [ 38.3057, 8.0554 ], [ 38.3389, 8.0489 ], [ 38.3646, 8.0665 ], [ 38.3732, 8.077 ], [ 38.3847, 8.0828 ], [ 38.3925, 8.0784 ], [ 38.3943, 8.0843 ], [ 38.4069, 8.0907 ], [ 38.4276, 8.0777 ], [ 38.4293, 8.0841 ], [ 38.4342, 8.0818 ], [ 38.4357, 8.0861 ], [ 38.4374, 8.085 ], [ 38.4399, 8.0927 ], [ 38.4486, 8.084 ], [ 38.4601, 8.0879 ], [ 38.4617, 8.084 ], [ 38.4534, 8.0783 ], [ 38.4595, 8.0786 ], [ 38.4649, 8.0708 ], [ 38.4632, 8.0658 ], [ 38.4569, 8.0662 ], [ 38.4487, 8.0588 ], [ 38.4462, 8.0545 ], [ 38.4506, 8.0524 ], [ 38.4458, 8.0504 ], [ 38.4496, 8.0458 ], [ 38.4467, 8.0351 ], [ 38.4412, 8.0271 ], [ 38.4354, 8.0322 ], [ 38.4316, 8.0216 ], [ 38.4339, 8.0187 ], [ 38.4446, 8.0171 ], [ 38.438, 8.0093 ], [ 38.4572, 7.9939 ], [ 38.4408, 7.9812 ], [ 38.4345, 7.9704 ], [ 38.4461, 7.9663 ], [ 38.4444, 7.9612 ], [ 38.4543, 7.9547 ], [ 38.4504, 7.9503 ], [ 38.4591, 7.9469 ], [ 38.4623, 7.9495 ], [ 38.4758, 7.9335 ], [ 38.4828, 7.933 ], [ 38.4775, 7.923 ], [ 38.5149, 7.9061 ], [ 38.5417, 7.8819 ], [ 38.5495, 7.8709 ], [ 38.5631, 7.8852 ], [ 38.5666, 7.9054 ], [ 38.5865, 7.9383 ], [ 38.5887, 7.9611 ], [ 38.5974, 7.9906 ], [ 38.6122, 8.0068 ], [ 38.61, 8.0116 ], [ 38.6245, 8.0262 ], [ 38.6277, 8.0336 ], [ 38.6127, 8.0433 ], [ 38.6219, 8.0684 ], [ 38.5934, 8.0909 ], [ 38.5839, 8.1081 ], [ 38.5885, 8.1272 ], [ 38.5873, 8.1562 ], [ 38.5815, 8.1719 ], [ 38.5426, 8.2258 ], [ 38.5421, 8.2461 ], [ 38.5493, 8.2627 ], [ 38.5607, 8.2661 ], [ 38.5935, 8.2602 ], [ 38.6007, 8.2496 ], [ 38.6035, 8.2229 ], [ 38.6351, 8.1323 ], [ 38.6728, 8.0899 ], [ 38.6793, 8.0958 ], [ 38.6845, 8.1225 ], [ 38.6786, 8.1712 ], [ 38.6822, 8.1904 ], [ 38.6932, 8.2034 ], [ 38.716, 8.2194 ], [ 38.7159, 8.2312 ], [ 38.7021, 8.2445 ], [ 38.6621, 8.2708 ], [ 38.651, 8.2851 ], [ 38.666, 8.327 ], [ 38.6672, 8.3505 ], [ 38.6545, 8.3946 ], [ 38.6396, 8.4121 ], [ 38.6168, 8.4311 ], [ 38.6043, 8.4316 ], [ 38.5909, 8.426 ], [ 38.5758, 8.4449 ], [ 38.5268, 8.4576 ], [ 38.5015, 8.444 ], [ 38.4779, 8.4474 ], [ 38.4683, 8.435 ], [ 38.4616, 8.3998 ], [ 38.4517, 8.385 ], [ 38.4302, 8.2988 ], [ 38.4216, 8.289 ], [ 38.3824, 8.2735 ], [ 38.3755, 8.2659 ], [ 38.3473, 8.2542 ], [ 38.3332, 8.2586 ], [ 38.3219, 8.2723 ], [ 38.307, 8.2997 ], [ 38.3115, 8.3699 ], [ 38.2893, 8.3807 ], [ 38.282, 8.3996 ], [ 38.2663, 8.4066 ], [ 38.2175, 8.4088 ], [ 38.18, 8.3929 ], [ 38.1642, 8.4081 ], [ 38.139, 8.4094 ], [ 38.1225, 8.4066 ], [ 38.11, 8.3904 ], [ 38.0865, 8.3901 ], [ 38.0771, 8.3806 ], [ 38.0667, 8.376 ], [ 38.0389, 8.3892 ], [ 38.028, 8.3903 ], [ 37.9882, 8.3595 ], [ 37.9484, 8.3674 ], [ 37.928, 8.3782 ], [ 37.91, 8.3705 ], [ 37.8876, 8.3499 ], [ 37.8629, 8.3357 ], [ 37.8163, 8.3318 ], [ 37.779, 8.3397 ], [ 37.7655, 8.3471 ], [ 37.748, 8.3518 ], [ 37.717, 8.3341 ], [ 37.7045, 8.337 ], [ 37.6787, 8.3777 ], [ 37.6661, 8.3835 ], [ 37.612, 8.3541 ], [ 37.598, 8.3653 ], [ 37.5761, 8.4141 ], [ 37.558, 8.4255 ], [ 37.5349, 8.4236 ], [ 37.5122, 8.417 ], [ 37.4986, 8.4036 ], [ 37.4714, 8.3507 ], [ 37.4626, 8.3059 ], [ 37.4641, 8.2824 ], [ 37.472, 8.2661 ], [ 37.4809, 8.2586 ], [ 37.5063, 8.2544 ], [ 37.5291, 8.2658 ], [ 37.538, 8.2514 ], [ 37.5477, 8.2496 ], [ 37.5503, 8.2445 ], [ 37.568, 8.2398 ], [ 37.5776, 8.2321 ], [ 37.5879, 8.2351 ], [ 37.5958, 8.23 ], [ 37.6018, 8.2346 ], [ 37.6058, 8.2292 ], [ 37.6142, 8.2281 ], [ 37.618, 8.2234 ], [ 37.6153, 8.2115 ], [ 37.6217, 8.209 ], [ 37.6239, 8.2 ], [ 37.6058, 8.1504 ], [ 37.5921, 8.0931 ], [ 37.5918, 8.074 ], [ 37.6016, 8.0107 ], [ 37.6015, 7.986 ] ] ] } },
{ "type": "Feature", "properties": { "iso3": "ETH", "unit_id": "89294058B17676703106270", "unit_name": "Hadiya" }, "geometry": { "type": "MultiPolygon", "coordinates": [ [ [ [ 37.3495, 7.3577 ], [ 37.3536, 7.3422 ], [ 37.3537, 7.3249 ], [ 37.3574, 7.3265 ], [ 37.3712, 7.3226 ], [ 37.4114, 7.321 ], [ 37.4381, 7.3272 ], [ 37.4503, 7.3378 ], [ 37.4672, 7.3417 ], [ 37.492, 7.3334 ], [ 37.5197, 7.3331 ], [ 37.5385, 7.3216 ], [ 37.5552, 7.3243 ], [ 37.56, 7.3305 ], [ 37.5819, 7.3262 ], [ 37.5927, 7.3285 ], [ 37.5993, 7.3058 ], [ 37.5919, 7.2902 ], [ 37.5845, 7.2868 ], [ 37.5886, 7.3035 ], [ 37.5848, 7.3123 ], [ 37.5796, 7.3091 ], [ 37.5754, 7.2998 ], [ 37.5688, 7.2998 ], [ 37.5639, 7.2916 ], [ 37.5675, 7.2863 ], [ 37.5746, 7.2907 ], [ 37.581, 7.2859 ], [ 37.5781, 7.2733 ], [ 37.5812, 7.2488 ], [ 37.5911, 7.2528 ], [ 37.5947, 7.2504 ], [ 37.6008, 7.2556 ], [ 37.6013, 7.2646 ], [ 37.6069, 7.2683 ], [ 37.6159, 7.2887 ], [ 37.6271, 7.2986 ], [ 37.6293, 7.3114 ], [ 37.6352, 7.3146 ], [ 37.637, 7.3126 ], [ 37.6345, 7.3105 ], [ 37.642, 7.3106 ], [ 37.6392, 7.3211 ], [ 37.6599, 7.3216 ], [ 37.6657, 7.3021 ], [ 37.6668, 7.2761 ], [ 37.6718, 7.276 ], [ 37.6764, 7.2864 ], [ 37.6901, 7.2949 ], [ 37.6892, 7.2824 ], [ 37.7012, 7.2759 ], [ 37.7179, 7.2846 ], [ 37.7267, 7.2961 ], [ 37.7239, 7.3011 ], [ 37.7317, 7.3073 ], [ 37.7574, 7.3094 ], [ 37.7631, 7.3153 ], [ 37.7736, 7.316 ], [ 37.7735, 7.3189 ], [ 37.7649, 7.3211 ], [ 37.7574, 7.3336 ], [ 37.7473, 7.334 ], [ 37.7382, 7.3387 ], [ 37.7498, 7.3511 ], [ 37.7524, 7.3619 ], [ 37.7501, 7.3682 ], [ 37.7541, 7.3808 ], [ 37.7665, 7.3849 ], [ 37.7648, 7.3889 ], [ 37.7813, 7.4005 ], [ 37.7954, 7.419 ], [ 37.7948, 7.4239 ], [ 37.8356, 7.456 ], [ 37.8088, 7.479 ], [ 37.8297, 7.4846 ], [ 37.8319, 7.4889 ], [ 37.8272, 7.4991 ], [ 37.8305, 7.501 ], [ 37.8442, 7.4935 ], [ 37.8475, 7.4756 ], [ 37.8548, 7.481 ], [ 37.8634, 7.4823 ], [ 37.8768, 7.4713 ], [ 37.8853, 7.4529 ], [ 37.8911, 7.4513 ], [ 37.8947, 7.4402 ], [ 37.9007, 7.4412 ], [ 37.9109, 7.434 ], [ 37.9127, 7.4367 ], [ 37.9202, 7.4333 ], [ 37.9173, 7.4275 ], [ 37.9267, 7.4182 ], [ 37.9223, 7.4008 ], [ 37.9297, 7.3985 ], [ 37.9313, 7.4059 ], [ 37.9384, 7.4064 ], [ 37.9393, 7.4094 ], [ 37.9693, 7.4205 ], [ 37.9836, 7.4224 ], [ 37.9994, 7.4104 ], [ 38.0266, 7.4043 ], [ 38.034, 7.4073 ], [ 38.0439, 7.4188 ], [ 38.0782, 7.4185 ], [ 38.0909, 7.4235 ], [ 38.104, 7.4183 ], [ 38.1118, 7.427 ], [ 38.1101, 7.4302 ], [ 38.127, 7.446 ], [ 38.1268, 7.4564 ], [ 38.1207, 7.4635 ], [ 38.1085, 7.4685 ], [ 38.0973, 7.4849 ], [ 38.089, 7.4885 ], [ 38.0965, 7.4944 ], [ 38.098, 7.5 ], [ 38.1093, 7.5013 ], [ 38.1144, 7.5176 ], [ 38.1075, 7.5184 ], [ 38.1116, 7.5413 ], [ 38.1203, 7.5403 ], [ 38.1206, 7.565 ], [ 38.1101, 7.5687 ], [ 38.1124, 7.5782 ], [ 38.1153, 7.5785 ], [ 38.1136, 7.5841 ], [ 38.1179, 7.5845 ], [ 38.1139, 7.5929 ], [ 38.1084, 7.5942 ], [ 38.1083, 7.599 ], [ 38.1127, 7.5996 ], [ 38.1119, 7.6075 ], [ 38.106, 7.6094 ], [ 38.1005, 7.607 ], [ 38.1038, 7.6187 ], [ 38.0997, 7.6195 ], [ 38.1009, 7.6281 ], [ 38.0868, 7.6346 ], [ 38.0817, 7.6337 ], [ 38.0726, 7.6423 ], [ 38.0666, 7.6412 ], [ 38.0662, 7.6355 ], [ 38.0615, 7.6337 ], [ 38.0502, 7.634 ], [ 38.0454, 7.642 ], [ 38.0431, 7.6529 ], [ 38.0463, 7.6587 ], [ 38.053, 7.6589 ], [ 38.0582, 7.6625 ], [ 38.0515, 7.6746 ], [ 38.0561, 7.6881 ], [ 38.0448, 7.6879 ], [ 38.0418, 7.695 ], [ 38.0442, 7.6998 ], [ 38.0492, 7.7002 ], [ 38.0478, 7.7095 ], [ 38.0549, 7.7202 ], [ 38.0451, 7.7253 ], [ 38.0397, 7.722 ], [ 38.0235, 7.7271 ], [ 38.0186, 7.7133 ], [ 38.0245, 7.7078 ], [ 38.0238, 7.7032 ], [ 38.0276, 7.7018 ], [ 38.0186, 7.6926 ], [ 38.009, 7.699 ], [ 38.0028, 7.6915 ], [ 37.992, 7.6948 ], [ 37.9878, 7.7126 ], [ 37.9729, 7.7191 ], [ 37.9594, 7.7299 ], [ 37.9563, 7.7078 ], [ 37.9524, 7.7072 ], [ 37.9511, 7.6982 ], [ 37.9398, 7.6941 ], [ 37.9386, 7.6837 ], [ 37.9424, 7.6772 ], [ 37.9381, 7.6723 ], [ 37.9396, 7.6576 ], [ 37.9338, 7.6524 ], [ 37.9277, 7.6674 ], [ 37.9336, 7.668 ], [ 37.9344, 7.6741 ], [ 37.9313, 7.6732 ], [ 37.9337, 7.6793 ], [ 37.9302, 7.6833 ], [ 37.9352, 7.6838 ], [ 37.9313, 7.6889 ], [ 37.9265, 7.6873 ], [ 37.9106, 7.6918 ], [ 37.9059, 7.6903 ], [ 37.9086, 7.6801 ], [ 37.8988, 7.6844 ], [ 37.8975, 7.6786 ], [ 37.8937, 7.6902 ], [ 37.8903, 7.6825 ], [ 37.8869, 7.6817 ], [ 37.8839, 7.6903 ], [ 37.8868, 7.6968 ], [ 37.8802, 7.6946 ], [ 37.8794, 7.6979 ], [ 37.882, 7.7008 ], [ 37.8882, 7.7002 ], [ 37.8878, 7.7031 ], [ 37.8687, 7.7169 ], [ 37.8559, 7.7157 ], [ 37.8543, 7.7198 ], [ 37.8605, 7.7257 ], [ 37.8587, 7.7427 ], [ 37.8637, 7.7433 ], [ 37.8631, 7.7498 ], [ 37.867, 7.7514 ], [ 37.8568, 7.7608 ], [ 37.8493, 7.7774 ], [ 37.8409, 7.7822 ], [ 37.8314, 7.7939 ], [ 37.8232, 7.7976 ], [ 37.8119, 7.8193 ], [ 37.8084, 7.8181 ], [ 37.7954, 7.8304 ], [ 37.7838, 7.8362 ], [ 37.7739, 7.8358 ], [ 37.7699, 7.8461 ], [ 37.7205, 7.8498 ], [ 37.7233, 7.8625 ], [ 37.7183, 7.8642 ], [ 37.7132, 7.8826 ], [ 37.7047, 7.8904 ], [ 37.6983, 7.893 ], [ 37.6898, 7.8915 ], [ 37.6846, 7.8963 ], [ 37.6686, 7.897 ], [ 37.6544, 7.9062 ], [ 37.6496, 7.9152 ], [ 37.6361, 7.923 ], [ 37.623, 7.9226 ], [ 37.6175, 7.9266 ], [ 37.6112, 7.9228 ], [ 37.608, 7.9265 ], [ 37.6025, 7.923 ], [ 37.6043, 7.9137 ], [ 37.5999, 7.8954 ], [ 37.5964, 7.8511 ], [ 37.5887, 7.8349 ], [ 37.5877, 7.8228 ], [ 37.5733, 7.8031 ], [ 37.5686, 7.7808 ], [ 37.5628, 7.7753 ], [ 37.5623, 7.7413 ], [ 37.5582, 7.729 ], [ 37.5537, 7.7246 ], [ 37.5443, 7.6857 ], [ 37.5355, 7.6774 ], [ 37.5356, 7.664 ], [ 37.5105, 7.6309 ], [ 37.5081, 7.6231 ], [ 37.5117, 7.6155 ], [ 37.5074, 7.6082 ], [ 37.4746, 7.5942 ], [ 37.4687, 7.5871 ], [ 37.4659, 7.5735 ], [ 37.4577, 7.571 ], [ 37.455, 7.5625 ], [ 37.4451, 7.5643 ], [ 37.4387, 7.5461 ], [ 37.4072, 7.4922 ], [ 37.3903, 7.4024 ], [ 37.3797, 7.38 ], [ 37.3495, 7.3577 ] ], [ [ 37.5681, 7.3477 ], [ 37.5602, 7.3331 ], [ 37.5507, 7.331 ], [ 37.5357, 7.3377 ], [ 37.5198, 7.337 ], [ 37.5124, 7.3443 ], [ 37.513, 7.3492 ], [ 37.521, 7.3493 ], [ 37.5267, 7.3571 ], [ 37.5337, 7.3597 ], [ 37.5347, 7.3645 ], [ 37.5619, 7.3611 ], [ 37.5649, 7.3598 ], [ 37.5681, 7.3477 ] ] ], [ [ [ 38.101, 7.2078 ], [ 38.0973, 7.2126 ], [ 38.1002, 7.2256 ], [ 38.092, 7.2439 ], [ 38.0791, 7.2529 ], [ 38.0659, 7.2706 ], [ 38.0415, 7.2705 ], [ 38.0331, 7.267 ], [ 38.0272, 7.2395 ], [ 38.0228, 7.2327 ], [ 38.0186, 7.233 ], [ 38.0145, 7.2405 ], [ 38.0087, 7.2373 ], [ 38.0114, 7.215 ], [ 37.9968, 7.2181 ], [ 37.9976, 7.197 ], [ 37.9841, 7.1985 ], [ 37.9756, 7.2043 ], [ 37.9429, 7.1986 ], [ 37.9134, 7.2043 ], [ 37.9028, 7.2025 ], [ 37.8991, 7.2068 ], [ 37.8771, 7.2092 ], [ 37.8715, 7.1978 ], [ 37.8524, 7.2036 ], [ 37.8481, 7.1956 ], [ 37.8464, 7.1707 ], [ 37.8419, 7.1827 ], [ 37.843, 7.2012 ], [ 37.8322, 7.2059 ], [ 37.8139, 7.1968 ], [ 37.811, 7.1901 ], [ 37.8196, 7.1872 ], [ 37.8249, 7.1807 ], [ 37.8159, 7.1729 ], [ 37.8133, 7.1766 ], [ 37.8065, 7.1744 ], [ 37.8041, 7.1767 ], [ 37.7786, 7.1431 ], [ 37.7659, 7.1434 ], [ 37.7652, 7.1522 ], [ 37.758, 7.1566 ], [ 37.7583, 7.1543 ], [ 37.752, 7.1515 ], [ 37.7441, 7.1537 ], [ 37.7437, 7.164 ], [ 37.7184, 7.1568 ], [ 37.7188, 7.1426 ], [ 37.7298, 7.1375 ], [ 37.7386, 7.1389 ], [ 37.746, 7.1355 ], [ 37.7368, 7.1208 ], [ 37.746, 7.1169 ], [ 37.7588, 7.1209 ], [ 37.7745, 7.117 ], [ 37.7728, 7.1153 ], [ 37.7841, 7.1033 ], [ 37.7969, 7.0963 ], [ 37.814, 7.0937 ], [ 37.847, 7.0998 ], [ 37.8578, 7.1119 ], [ 37.871, 7.1153 ], [ 37.8735, 7.1093 ], [ 37.8981, 7.1 ], [ 37.9093, 7.0995 ], [ 37.9137, 7.106 ], [ 37.9297, 7.117 ], [ 37.939, 7.1117 ], [ 37.9666, 7.1048 ], [ 37.9717, 7.1109 ], [ 37.9794, 7.1082 ], [ 37.9863, 7.0982 ], [ 37.9915, 7.0958 ], [ 37.9965, 7.0824 ], [ 37.9934, 7.064 ], [ 37.9945, 7.0603 ], [ 38.0026, 7.0578 ], [ 38.0261, 7.067 ], [ 38.038, 7.0648 ], [ 38.0403, 7.0685 ], [ 38.0365, 7.0732 ], [ 38.0404, 7.0756 ], [ 38.054, 7.0724 ], [ 38.0628, 7.0764 ], [ 38.0764, 7.1541 ], [ 38.078, 7.1803 ], [ 38.087, 7.1949 ], [ 38.101, 7.2078 ] ] ] ] } },
{ "type": "Feature", "properties": { "iso3": "ETH", "unit_id": "89294058B23469255676702", "unit_name": "Kembata Tembaro" }, "geometry": { "type": "MultiPolygon", "coordinates": [ [ [ [ 37.3537, 7.3249 ], [ 37.353, 7.3031 ], [ 37.3568, 7.2768 ], [ 37.3743, 7.2515 ], [ 37.3821, 7.2465 ], [ 37.4026, 7.2462 ], [ 37.4154, 7.2299 ], [ 37.4401, 7.2203 ], [ 37.4575, 7.2021 ], [ 37.4643, 7.1991 ], [ 37.4934, 7.2063 ], [ 37.5086, 7.2156 ], [ 37.5273, 7.2043 ], [ 37.5309, 7.1983 ], [ 37.5304, 7.1899 ], [ 37.5392, 7.1856 ], [ 37.5468, 7.1704 ], [ 37.5931, 7.1781 ], [ 37.6305, 7.1776 ], [ 37.6374, 7.1811 ], [ 37.6454, 7.1788 ], [ 37.6502, 7.1816 ], [ 37.6533, 7.1778 ], [ 37.6645, 7.1785 ], [ 37.6777, 7.1743 ], [ 37.6866, 7.1654 ], [ 37.6934, 7.1667 ], [ 37.7184, 7.1568 ], [ 37.7437, 7.164 ], [ 37.7441, 7.1537 ], [ 37.752, 7.1515 ], [ 37.7583, 7.1543 ], [ 37.758, 7.1566 ], [ 37.7627, 7.1551 ], [ 37.7659, 7.1434 ], [ 37.7786, 7.1431 ], [ 37.8041, 7.1767 ], [ 37.8065, 7.1744 ], [ 37.8133, 7.1766 ], [ 37.8159, 7.1729 ], [ 37.8249, 7.1807 ], [ 37.8196, 7.1872 ], [ 37.811, 7.1901 ], [ 37.8139, 7.1968 ], [ 37.8322, 7.2059 ], [ 37.843, 7.2012 ], [ 37.8419, 7.1827 ], [ 37.8464, 7.1707 ], [ 37.8481, 7.1956 ], [ 37.8524, 7.2036 ], [ 37.8715, 7.1978 ], [ 37.8771, 7.2092 ], [ 37.8991, 7.2068 ], [ 37.9028, 7.2025 ], [ 37.9134, 7.2043 ], [ 37.9429, 7.1986 ], [ 37.9756, 7.2043 ], [ 37.9841, 7.1985 ], [ 37.9976, 7.197 ], [ 37.9968, 7.2181 ], [ 38.0114, 7.215 ], [ 38.0087, 7.2373 ], [ 38.0145, 7.2405 ], [ 38.0186, 7.233 ], [ 38.0228, 7.2327 ], [ 38.0272, 7.2395 ], [ 38.0331, 7.267 ], [ 38.0415, 7.2705 ], [ 38.0659, 7.2706 ], [ 38.0787, 7.2565 ], [ 38.0815, 7.2746 ], [ 38.0713, 7.2811 ], [ 38.0704, 7.299 ], [ 38.063, 7.2986 ], [ 38.0617, 7.2918 ], [ 38.0572, 7.2922 ], [ 38.0552, 7.2862 ], [ 38.0471, 7.2822 ], [ 38.0435, 7.2857 ], [ 38.0495, 7.2893 ], [ 38.0443, 7.2966 ], [ 38.0354, 7.2955 ], [ 38.034, 7.2866 ], [ 38.0205, 7.267 ], [ 38.0071, 7.2693 ], [ 37.9981, 7.2783 ], [ 37.9875, 7.2751 ], [ 37.9714, 7.2758 ], [ 37.9694, 7.2918 ], [ 37.966, 7.2942 ], [ 37.9683, 7.2989 ], [ 37.9719, 7.2973 ], [ 37.975, 7.3011 ], [ 37.9819, 7.3198 ], [ 37.9951, 7.3224 ], [ 38.0045, 7.328 ], [ 38.002, 7.3366 ], [ 38.0064, 7.3443 ], [ 38.016, 7.3487 ], [ 38.0123, 7.362 ], [ 38.0147, 7.3761 ], [ 38.0232, 7.3743 ], [ 38.0356, 7.3841 ], [ 38.0501, 7.3799 ], [ 38.0487, 7.387 ], [ 38.055, 7.3864 ], [ 38.0538, 7.3929 ], [ 38.0305, 7.4053 ], [ 37.9994, 7.4104 ], [ 37.9863, 7.4224 ], [ 37.9693, 7.4205 ], [ 37.9393, 7.4094 ], [ 37.9384, 7.4064 ], [ 37.9313, 7.4059 ], [ 37.9297, 7.3985 ], [ 37.9223, 7.4008 ], [ 37.9267, 7.4182 ], [ 37.9173, 7.4275 ], [ 37.9202, 7.4333 ], [ 37.9127, 7.4367 ], [ 37.9109, 7.434 ], [ 37.9007, 7.4412 ], [ 37.8947, 7.4402 ], [ 37.8911, 7.4513 ], [ 37.8853, 7.4529 ], [ 37.8768, 7.4713 ], [ 37.8634, 7.4823 ], [ 37.8548, 7.481 ], [ 37.8475, 7.4756 ], [ 37.8442, 7.4935 ], [ 37.8305, 7.501 ], [ 37.8272, 7.4991 ], [ 37.8319, 7.4889 ], [ 37.8297, 7.4846 ], [ 37.8088, 7.479 ], [ 37.8356, 7.456 ], [ 37.7948, 7.4239 ], [ 37.7954, 7.419 ], [ 37.7813, 7.4005 ], [ 37.7648, 7.3889 ], [ 37.7665, 7.3849 ], [ 37.7541, 7.3808 ], [ 37.7501, 7.3682 ], [ 37.7524, 7.3619 ], [ 37.7498, 7.3511 ], [ 37.7382, 7.3387 ], [ 37.7473, 7.334 ], [ 37.7574, 7.3336 ], [ 37.7649, 7.3211 ], [ 37.7735, 7.3189 ], [ 37.7736, 7.316 ], [ 37.7631, 7.3153 ], [ 37.7574, 7.3094 ], [ 37.7317, 7.3073 ], [ 37.7239, 7.3011 ], [ 37.7267, 7.2961 ], [ 37.7246, 7.2925 ], [ 37.7089, 7.2786 ], [ 37.7012, 7.2759 ], [ 37.6933, 7.2811 ], [ 37.6914, 7.2795 ], [ 37.6901, 7.2949 ], [ 37.6764, 7.2864 ], [ 37.6718, 7.276 ], [ 37.6668, 7.2761 ], [ 37.6657, 7.3021 ], [ 37.6599, 7.3216 ], [ 37.6392, 7.3211 ], [ 37.642, 7.3106 ], [ 37.6345, 7.3105 ], [ 37.637, 7.3126 ], [ 37.6352, 7.3146 ], [ 37.6293, 7.3114 ], [ 37.6271, 7.2986 ], [ 37.6159, 7.2887 ], [ 37.6069, 7.2683 ], [ 37.6013, 7.2646 ], [ 37.6008, 7.2556 ], [ 37.5947, 7.2504 ], [ 37.5911, 7.2528 ], [ 37.5812, 7.2488 ], [ 37.5781, 7.2733 ], [ 37.581, 7.2859 ], [ 37.5746, 7.2907 ], [ 37.5675, 7.2863 ], [ 37.5639, 7.2916 ], [ 37.5688, 7.2998 ], [ 37.5754, 7.2998 ], [ 37.5796, 7.3091 ], [ 37.5848, 7.3123 ], [ 37.5886, 7.3035 ], [ 37.5845, 7.2868 ], [ 37.5919, 7.2902 ], [ 37.5993, 7.3058 ], [ 37.5927, 7.3285 ], [ 37.5819, 7.3262 ], [ 37.56, 7.3305 ], [ 37.5552, 7.3243 ], [ 37.5385, 7.3216 ], [ 37.5197, 7.3331 ], [ 37.492, 7.3334 ], [ 37.4672, 7.3417 ], [ 37.4503, 7.3378 ], [ 37.4381, 7.3272 ], [ 37.4114, 7.321 ], [ 37.3537, 7.3249 ] ] ], [ [ [ 37.5602, 7.3331 ], [ 37.5681, 7.3477 ], [ 37.5649, 7.3598 ], [ 37.5619, 7.3611 ], [ 37.5347, 7.3645 ], [ 37.5337, 7.3597 ], [ 37.5267, 7.3571 ], [ 37.521, 7.3493 ], [ 37.513, 7.3492 ], [ 37.5124, 7.3443 ], [ 37.5198, 7.337 ], [ 37.5357, 7.3377 ], [ 37.5507, 7.331 ], [ 37.5602, 7.3331 ] ] ] ] } },
{ "type": "Feature", "properties": { "iso3": "ETH", "unit_id": "89294058B73286981624626", "unit_name": "Gedeo" }, "geometry": { "type": "Polygon", "coordinates": [ [ [ 38.4243, 6.3687 ], [ 38.4161, 6.3698 ], [ 38.4079, 6.3554 ], [ 38.4014, 6.3556 ], [ 38.4021, 6.3617 ], [ 38.3939, 6.3683 ], [ 38.399, 6.3743 ], [ 38.4045, 6.3967 ], [ 38.398, 6.4103 ], [ 38.3893, 6.4168 ], [ 38.3652, 6.4135 ], [ 38.3421, 6.4205 ], [ 38.3368, 6.4174 ], [ 38.3093, 6.4197 ], [ 38.3061, 6.4233 ], [ 38.3006, 6.4234 ], [ 38.2974, 6.4281 ], [ 38.2895, 6.4278 ], [ 38.2906, 6.4343 ], [ 38.286, 6.4352 ], [ 38.2857, 6.4401 ], [ 38.2811, 6.4416 ], [ 38.2836, 6.4267 ], [ 38.281, 6.4155 ], [ 38.2849, 6.4104 ], [ 38.2829, 6.4083 ], [ 38.2932, 6.398 ], [ 38.2932, 6.372 ], [ 38.2882, 6.3598 ], [ 38.2725, 6.3479 ], [ 38.2486, 6.3363 ], [ 38.2314, 6.3311 ], [ 38.2139, 6.3302 ], [ 38.1976, 6.319 ], [ 38.1884, 6.3043 ], [ 38.1737, 6.2668 ], [ 38.1719, 6.2553 ], [ 38.1791, 6.2383 ], [ 38.1933, 6.2262 ], [ 38.1979, 6.2064 ], [ 38.1874, 6.1822 ], [ 38.171, 6.1669 ], [ 38.1414, 6.1545 ], [ 38.1251, 6.1551 ], [ 38.1023, 6.1804 ], [ 38.0867, 6.161 ], [ 38.0799, 6.117 ], [ 38.0986, 6.0871 ], [ 38.105, 6.066 ], [ 38.1165, 6.0502 ], [ 38.1216, 6.0167 ], [ 38.1388, 6.0103 ], [ 38.1503, 6.0004 ], [ 38.1702, 5.957 ], [ 38.181, 5.9417 ], [ 38.2037, 5.935 ], [ 38.2118, 5.9167 ], [ 38.2148, 5.8932 ], [ 38.1997, 5.8648 ], [ 38.1984, 5.8495 ], [ 38.208, 5.8402 ], [ 38.2234, 5.8386 ], [ 38.2392, 5.8444 ], [ 38.2704, 5.8685 ], [ 38.3037, 5.8614 ], [ 38.3253, 5.8688 ], [ 38.3581, 5.9021 ], [ 38.3809, 5.904 ], [ 38.3961, 5.9201 ], [ 38.3884, 5.933 ], [ 38.3748, 5.943 ], [ 38.3383, 5.9556 ], [ 38.3275, 5.9554 ], [ 38.3189, 5.9751 ], [ 38.3045, 5.98 ], [ 38.2823, 5.9707 ], [ 38.2717, 5.9866 ], [ 38.2792, 6.0063 ], [ 38.3139, 6.0278 ], [ 38.3199, 6.0474 ], [ 38.3515, 6.0962 ], [ 38.3625, 6.1202 ], [ 38.3653, 6.1428 ], [ 38.377, 6.1645 ], [ 38.3942, 6.1818 ], [ 38.4347, 6.1988 ], [ 38.439, 6.2169 ], [ 38.433, 6.2655 ], [ 38.4254, 6.2901 ], [ 38.4275, 6.3002 ], [ 38.4218, 6.3482 ], [ 38.4243, 6.3687 ] ] ] } },
{ "type": "Feature", "properties": { "iso3": "ETH", "unit_id": "89294058B84920266912830", "unit_name": "Wolayita" }, "geometry": { "type": "Polygon", "coordinates": [ [ [ 37.9969, 6.5756 ], [ 38.019, 6.5771 ], [ 38.0173, 6.5842 ], [ 38.0124, 6.5855 ], [ 38.0126, 6.6077 ], [ 38.0096, 6.6171 ], [ 38.0194, 6.6656 ], [ 38.0351, 6.6721 ], [ 38.0386, 6.6804 ], [ 38.0357, 6.6854 ], [ 38.0408, 6.684 ], [ 38.0456, 6.6919 ], [ 38.0499, 6.6932 ], [ 38.0493, 6.6999 ], [ 38.0553, 6.71 ], [ 38.0539, 6.7167 ], [ 38.0666, 6.747 ], [ 38.0664, 6.756 ], [ 38.08, 6.7964 ], [ 38.0915, 6.8149 ], [ 38.1032, 6.8479 ], [ 38.1088, 6.8515 ], [ 38.1184, 6.8719 ], [ 38.1214, 6.883 ], [ 38.1181, 6.8887 ], [ 38.1311, 6.9119 ], [ 38.1297, 6.9341 ], [ 38.1366, 6.9397 ], [ 38.1324, 6.9494 ], [ 38.1354, 6.9516 ], [ 38.1357, 6.959 ], [ 38.1307, 6.9627 ], [ 38.1302, 6.974 ], [ 38.1171, 6.9809 ], [ 38.1019, 7.0108 ], [ 38.0879, 7.0229 ], [ 38.0734, 7.0296 ], [ 38.0642, 7.0434 ], [ 38.0628, 7.0764 ], [ 38.054, 7.0724 ], [ 38.0404, 7.0756 ], [ 38.0365, 7.0732 ], [ 38.0403, 7.0685 ], [ 38.038, 7.0648 ], [ 38.0261, 7.067 ], [ 38.0026, 7.0578 ], [ 37.9945, 7.0603 ], [ 37.9934, 7.064 ], [ 37.9955, 7.0886 ], [ 37.9794, 7.1082 ], [ 37.9717, 7.1109 ], [ 37.9666, 7.1048 ], [ 37.939, 7.1117 ], [ 37.9297, 7.117 ], [ 37.9137, 7.106 ], [ 37.9093, 7.0995 ], [ 37.8981, 7.1 ], [ 37.8735, 7.1093 ], [ 37.871, 7.1153 ], [ 37.8578, 7.1119 ], [ 37.847, 7.0998 ], [ 37.814, 7.0937 ], [ 37.7969, 7.0963 ], [ 37.7841, 7.1033 ], [ 37.7728, 7.1153 ], [ 37.7745, 7.117 ], [ 37.7588, 7.1209 ], [ 37.746, 7.1169 ], [ 37.7368, 7.1208 ], [ 37.746, 7.1355 ], [ 37.7386, 7.1389 ], [ 37.7298, 7.1375 ], [ 37.7188, 7.1426 ], [ 37.7184, 7.1568 ], [ 37.6934, 7.1667 ], [ 37.6866, 7.1654 ], [ 37.6777, 7.1743 ], [ 37.6645, 7.1785 ], [ 37.6533, 7.1778 ], [ 37.6502, 7.1816 ], [ 37.6454, 7.1788 ], [ 37.6374, 7.1811 ], [ 37.6305, 7.1776 ], [ 37.5931, 7.1781 ], [ 37.5468, 7.1704 ], [ 37.5392, 7.1856 ], [ 37.5347, 7.19 ], [ 37.5277, 7.1895 ], [ 37.5259, 7.1834 ], [ 37.5104, 7.1729 ], [ 37.4936, 7.1507 ], [ 37.4635, 7.1431 ], [ 37.4554, 7.1352 ], [ 37.4597, 7.0989 ], [ 37.4553, 7.0785 ], [ 37.4411, 7.053 ], [ 37.4467, 7.0455 ], [ 37.4457, 7.0412 ], [ 37.4324, 7.0258 ], [ 37.4323, 7.0101 ], [ 37.4269, 7.0029 ], [ 37.427, 6.9888 ], [ 37.4236, 6.9827 ], [ 37.4211, 6.961 ], [ 37.4229, 6.935 ], [ 37.4304, 6.9231 ], [ 37.4291, 6.9158 ], [ 37.4341, 6.9087 ], [ 37.435, 6.8948 ], [ 37.4254, 6.8845 ], [ 37.4239, 6.8768 ], [ 37.4165, 6.8713 ], [ 37.3886, 6.8608 ], [ 37.3786, 6.8663 ], [ 37.338, 6.8745 ], [ 37.3344, 6.8653 ], [ 37.3091, 6.8645 ], [ 37.2977, 6.8409 ], [ 37.2929, 6.8349 ], [ 37.2874, 6.8336 ], [ 37.2803, 6.821 ], [ 37.2772, 6.8007 ], [ 37.27, 6.7887 ], [ 37.2677, 6.7772 ], [ 37.2664, 6.7797 ], [ 37.2642, 6.7751 ], [ 37.2546, 6.7716 ], [ 37.2439, 6.7612 ], [ 37.2435, 6.752 ], [ 37.2497, 6.7467 ], [ 37.2494, 6.7426 ], [ 37.2249, 6.7212 ], [ 37.2258, 6.7105 ], [ 37.2225, 6.7 ], [ 37.2288, 6.6976 ], [ 37.2328, 6.6718 ], [ 37.2393, 6.674 ], [ 37.2411, 6.6866 ], [ 37.2588, 6.6989 ], [ 37.2646, 6.7096 ], [ 37.2758, 6.705 ], [ 37.2926, 6.7081 ], [ 37.3098, 6.7033 ], [ 37.3154, 6.7082 ], [ 37.33, 6.707 ], [ 37.3576, 6.6855 ], [ 37.3698, 6.6864 ], [ 37.4016, 6.6814 ], [ 37.413, 6.6747 ], [ 37.457, 6.6612 ], [ 37.4753, 6.664 ], [ 37.485, 6.6588 ], [ 37.4962, 6.6428 ], [ 37.507, 6.6424 ], [ 37.5128, 6.6357 ], [ 37.5219, 6.6326 ], [ 37.5304, 6.6209 ], [ 37.5395, 6.6251 ], [ 37.5485, 6.6222 ], [ 37.5565, 6.6275 ], [ 37.5801, 6.6194 ], [ 37.5883, 6.6202 ], [ 37.6039, 6.6263 ], [ 37.6109, 6.6254 ], [ 37.6144, 6.6317 ], [ 37.6226, 6.6372 ], [ 37.6305, 6.6332 ], [ 37.6377, 6.6338 ], [ 37.6502, 6.6256 ], [ 37.6821, 6.6268 ], [ 37.6905, 6.6319 ], [ 37.6985, 6.6446 ], [ 37.7046, 6.6303 ], [ 37.7193, 6.6123 ], [ 37.7287, 6.6082 ], [ 37.7382, 6.6096 ], [ 37.754, 6.5945 ], [ 37.7583, 6.5853 ], [ 37.7689, 6.5863 ], [ 37.7987, 6.5715 ], [ 37.8239, 6.5744 ], [ 37.8268, 6.5643 ], [ 37.8263, 6.5459 ], [ 37.8202, 6.5208 ], [ 37.8133, 6.5171 ], [ 37.8131, 6.5083 ], [ 37.8425, 6.5417 ], [ 37.8715, 6.5822 ], [ 37.8928, 6.5961 ], [ 37.9126, 6.5907 ], [ 37.9185, 6.5744 ], [ 37.9327, 6.5572 ], [ 37.9527, 6.5496 ], [ 37.9688, 6.549 ], [ 37.9834, 6.5569 ], [ 37.9969, 6.5756 ] ] ] } },
{ "type": "Feature", "properties": { "iso3": "ETH", "unit_id": "89294058B50852893171428", "unit_name": "South Omo" }, "geometry": { "type": "Polygon", "coordinates": [ [ [ 37.0033, 5.1991 ], [ 37.0125, 5.2146 ], [ 37.0091, 5.2183 ], [ 37.0175, 5.2227 ], [ 37.0113, 5.2266 ], [ 37.0164, 5.2316 ], [ 37.0161, 5.2425 ], [ 37.02, 5.2427 ], [ 37.0288, 5.2512 ], [ 37.0368, 5.2684 ], [ 37.0323, 5.3062 ], [ 37.0406, 5.3164 ], [ 37.0272, 5.33 ], [ 37.0305, 5.3532 ], [ 37.0363, 5.3718 ], [ 37.0421, 5.3734 ], [ 37.0446, 5.3797 ], [ 37.0519, 5.3791 ], [ 37.0505, 5.3905 ], [ 37.0555, 5.3912 ], [ 37.0556, 5.3985 ], [ 37.0627, 5.4011 ], [ 37.0695, 5.4124 ], [ 37.064, 5.4156 ], [ 37.0692, 5.4209 ], [ 37.0673, 5.4353 ], [ 37.0714, 5.4363 ], [ 37.068, 5.4439 ], [ 37.0693, 5.4491 ], [ 37.0615, 5.4545 ], [ 37.0621, 5.4582 ], [ 37.0535, 5.4703 ], [ 37.0576, 5.4764 ], [ 37.052, 5.4888 ], [ 37.0551, 5.4939 ], [ 37.0513, 5.4942 ], [ 37.0491, 5.5051 ], [ 37.044, 5.5044 ], [ 37.0429, 5.5188 ], [ 37.0359, 5.5178 ], [ 37.0364, 5.5228 ], [ 37.0311, 5.5242 ], [ 37.0307, 5.5301 ], [ 37.0297, 5.5237 ], [ 37.026, 5.5228 ], [ 37.0252, 5.5272 ], [ 37.0162, 5.5324 ], [ 37.0195, 5.5345 ], [ 37.0174, 5.5408 ], [ 37.0105, 5.5444 ], [ 37.0145, 5.5592 ], [ 37.0103, 5.5603 ], [ 37.01, 5.565 ], [ 37.0175, 5.566 ], [ 37.0145, 5.5775 ], [ 37.0197, 5.5873 ], [ 37.0156, 5.597 ], [ 37.0241, 5.6031 ], [ 37.0231, 5.6069 ], [ 37.0257, 5.6055 ], [ 37.0297, 5.6093 ], [ 37.0275, 5.6141 ], [ 37.0246, 5.6112 ], [ 37.0237, 5.6177 ], [ 37.0299, 5.6161 ], [ 37.0339, 5.6243 ], [ 37.0299, 5.6307 ], [ 37.0334, 5.6387 ], [ 37.0287, 5.6411 ], [ 37.0278, 5.6484 ], [ 37.0323, 5.6558 ], [ 37.0327, 5.6652 ], [ 37.0309, 5.6694 ], [ 37.0255, 5.6703 ], [ 37.0263, 5.6771 ], [ 37.0169, 5.6809 ], [ 37.0185, 5.6836 ], [ 37.0023, 5.6972 ], [ 37.0055, 5.7116 ], [ 37.0021, 5.7148 ], [ 37.0031, 5.7244 ], [ 37.0005, 5.7246 ], [ 37.004, 5.729 ], [ 37.0022, 5.7318 ], [ 37.0098, 5.7409 ], [ 37.011, 5.7489 ], [ 37.0064, 5.7756 ], [ 37.0108, 5.787 ], [ 37.0059, 5.7929 ], [ 37.0086, 5.7963 ], [ 37.0042, 5.7966 ], [ 37.0065, 5.8008 ], [ 37.0035, 5.8024 ], [ 37.0092, 5.8106 ], [ 37.0089, 5.821 ], [ 37.0031, 5.8307 ], [ 37.008, 5.8419 ], [ 37.0053, 5.8513 ], [ 37.0128, 5.8644 ], [ 37.0055, 5.8816 ], [ 37.0074, 5.8937 ], [ 37.0057, 5.9141 ], [ 37.0029, 5.9177 ], [ 37.0047, 5.9302 ], [ 36.9992, 5.9478 ], [ 36.9945, 5.9497 ], [ 36.993, 5.9557 ], [ 36.9971, 5.9638 ], [ 36.9952, 5.9689 ], [ 36.9867, 5.97 ], [ 36.9805, 5.983 ], [ 36.9468, 6.0036 ], [ 36.9453, 6.0118 ], [ 36.9395, 6.0098 ], [ 36.9421, 6.0155 ], [ 36.9271, 6.0141 ], [ 36.9263, 6.0168 ], [ 36.9216, 6.0126 ], [ 36.9139, 6.0164 ], [ 36.9005, 6.0078 ], [ 36.8857, 6.0061 ], [ 36.8869, 5.9992 ], [ 36.8542, 5.9701 ], [ 36.8451, 5.9671 ], [ 36.8321, 5.9525 ], [ 36.8279, 5.9314 ], [ 36.8109, 5.9269 ], [ 36.8054, 5.9305 ], [ 36.8037, 5.9188 ], [ 36.796, 5.9122 ], [ 36.7928, 5.9143 ], [ 36.7885, 5.9121 ], [ 36.7846, 5.9184 ], [ 36.7608, 5.9174 ], [ 36.7552, 5.9115 ], [ 36.746, 5.9121 ], [ 36.7332, 5.9295 ], [ 36.7359, 5.9439 ], [ 36.7286, 5.9616 ], [ 36.7328, 5.9794 ], [ 36.7296, 5.9902 ], [ 36.7325, 6.0023 ], [ 36.7203, 6.0272 ], [ 36.7205, 6.0365 ], [ 36.7123, 6.06 ], [ 36.7221, 6.0902 ], [ 36.7145, 6.0901 ], [ 36.7103, 6.0957 ], [ 36.6949, 6.1022 ], [ 36.6978, 6.1145 ], [ 36.7085, 6.1204 ], [ 36.7084, 6.124 ], [ 36.7259, 6.1282 ], [ 36.7336, 6.1412 ], [ 36.7364, 6.1546 ], [ 36.7427, 6.1575 ], [ 36.7435, 6.1702 ], [ 36.7492, 6.1856 ], [ 36.7458, 6.1956 ], [ 36.7323, 6.1925 ], [ 36.7266, 6.1999 ], [ 36.7246, 6.2137 ], [ 36.7135, 6.2318 ], [ 36.6885, 6.244 ], [ 36.6859, 6.2534 ], [ 36.6773, 6.2642 ], [ 36.6774, 6.2727 ], [ 36.6606, 6.2658 ], [ 36.6526, 6.253 ], [ 36.6353, 6.2402 ], [ 36.6256, 6.2453 ], [ 36.6089, 6.2433 ], [ 36.604, 6.2455 ], [ 36.5957, 6.2375 ], [ 36.5957, 6.2299 ], [ 36.5894, 6.2297 ], [ 36.5851, 6.2232 ], [ 36.5713, 6.2205 ], [ 36.5664, 6.2162 ], [ 36.5604, 6.2028 ], [ 36.5534, 6.1996 ], [ 36.5509, 6.1875 ], [ 36.5449, 6.1783 ], [ 36.5285, 6.1816 ], [ 36.5183, 6.1921 ], [ 36.5036, 6.2006 ], [ 36.4971, 6.2002 ], [ 36.4691, 6.1855 ], [ 36.468, 6.1807 ], [ 36.4481, 6.1633 ], [ 36.4239, 6.1555 ], [ 36.4124, 6.1461 ], [ 36.4091, 6.1465 ], [ 36.4065, 6.1397 ], [ 36.397, 6.1332 ], [ 36.3978, 6.1418 ], [ 36.4043, 6.1418 ], [ 36.4056, 6.1508 ], [ 36.4091, 6.1522 ], [ 36.4105, 6.1672 ], [ 36.4201, 6.1846 ], [ 36.4198, 6.1932 ], [ 36.4285, 6.1966 ], [ 36.432, 6.2093 ], [ 36.4368, 6.212 ], [ 36.4356, 6.2227 ], [ 36.4485, 6.2274 ], [ 36.4499, 6.2455 ], [ 36.4694, 6.2677 ], [ 36.4747, 6.2859 ], [ 36.4857, 6.291 ], [ 36.4796, 6.2936 ], [ 36.4776, 6.2899 ], [ 36.4718, 6.2916 ], [ 36.47, 6.299 ], [ 36.4549, 6.3166 ], [ 36.4548, 6.3261 ], [ 36.4402, 6.3348 ], [ 36.4444, 6.3414 ], [ 36.4391, 6.344 ], [ 36.4385, 6.3581 ], [ 36.4271, 6.3617 ], [ 36.4272, 6.3757 ], [ 36.4137, 6.3755 ], [ 36.4115, 6.3788 ], [ 36.4099, 6.3881 ], [ 36.4131, 6.4109 ], [ 36.4098, 6.4355 ], [ 36.3911, 6.4555 ], [ 36.3905, 6.4599 ], [ 36.3766, 6.4584 ], [ 36.3611, 6.4692 ], [ 36.3556, 6.4622 ], [ 36.3486, 6.4598 ], [ 36.3234, 6.4584 ], [ 36.3067, 6.4264 ], [ 36.2832, 6.4126 ], [ 36.2721, 6.4022 ], [ 36.2661, 6.3917 ], [ 36.2488, 6.385 ], [ 36.2372, 6.3892 ], [ 36.2161, 6.4068 ], [ 36.212, 6.4202 ], [ 36.1916, 6.4418 ], [ 36.187, 6.4432 ], [ 36.1649, 6.4358 ], [ 36.1385, 6.4385 ], [ 36.1323, 6.4358 ], [ 36.1184, 6.4174 ], [ 36.1092, 6.4155 ], [ 36.1001, 6.4062 ], [ 36.0956, 6.4003 ], [ 36.0934, 6.3884 ], [ 36.0804, 6.3802 ], [ 36.0689, 6.3549 ], [ 36.0547, 6.3476 ], [ 36.0454, 6.3505 ], [ 36.0391, 6.3471 ], [ 36.0353, 6.3316 ], [ 36.0591, 6.3074 ], [ 36.0446, 6.293 ], [ 36.0394, 6.2713 ], [ 36.0364, 6.2695 ], [ 36.027, 6.2751 ], [ 36.0189, 6.2657 ], [ 35.9971, 6.2603 ], [ 35.9798, 6.249 ], [ 35.9644, 6.2307 ], [ 35.9578, 6.227 ], [ 35.9556, 6.2218 ], [ 35.9583, 6.214 ], [ 35.9676, 6.2072 ], [ 35.9623, 6.1807 ], [ 35.9777, 6.1662 ], [ 35.9683, 6.1647 ], [ 35.9595, 6.1687 ], [ 35.9529, 6.1668 ], [ 35.9437, 6.1591 ], [ 35.9346, 6.1407 ], [ 35.9346, 6.1304 ], [ 35.9504, 6.1224 ], [ 35.9508, 6.1159 ], [ 35.9451, 6.1021 ], [ 35.9552, 6.0969 ], [ 35.9733, 6.0978 ], [ 35.9948, 6.0846 ], [ 35.9938, 6.0769 ], [ 35.9845, 6.0644 ], [ 35.9821, 6.052 ], [ 35.9943, 6.0364 ], [ 36.0, 6.012 ], [ 36.0086, 5.9973 ], [ 36.0032, 5.9744 ], [ 35.9917, 5.9683 ], [ 35.9879, 5.9611 ], [ 35.9901, 5.9561 ], [ 35.9866, 5.9566 ], [ 35.9777, 5.9481 ], [ 35.9781, 5.9422 ], [ 35.9884, 5.9323 ], [ 35.9896, 5.926 ], [ 35.9895, 5.9153 ], [ 35.9832, 5.9007 ], [ 35.9877, 5.8963 ], [ 35.9771, 5.8865 ], [ 35.9761, 5.8721 ], [ 35.9684, 5.8698 ], [ 35.9734, 5.8404 ], [ 35.9628, 5.8388 ], [ 35.9609, 5.8346 ], [ 35.9612, 5.8276 ], [ 35.9658, 5.8205 ], [ 35.9624, 5.8131 ], [ 35.9669, 5.8004 ], [ 35.9623, 5.7828 ], [ 35.9655, 5.7744 ], [ 35.9785, 5.7596 ], [ 35.9758, 5.7278 ], [ 35.9657, 5.7177 ], [ 35.959, 5.7007 ], [ 35.9606, 5.6972 ], [ 35.9695, 5.697 ], [ 35.9702, 5.6943 ], [ 35.9595, 5.6905 ], [ 35.9582, 5.684 ], [ 35.9682, 5.6823 ], [ 35.9648, 5.6789 ], [ 35.9635, 5.6664 ], [ 35.9572, 5.6625 ], [ 35.9516, 5.651 ], [ 35.8774, 5.6732 ], [ 35.8069, 5.6658 ], [ 35.7538, 5.6007 ], [ 35.7578, 5.515 ], [ 35.7542, 5.463 ], [ 35.756, 5.4116 ], [ 35.7537, 5.3829 ], [ 35.757, 5.3454 ], [ 35.7969, 5.3311 ], [ 35.8217, 5.3286 ], [ 35.7987, 5.2656 ], [ 35.7962, 5.2351 ], [ 35.8051, 5.2068 ], [ 35.8307, 5.1684 ], [ 35.8236, 5.1367 ], [ 35.8028, 5.1053 ], [ 35.78, 5.0826 ], [ 35.7744, 4.7986 ], [ 35.9247, 4.6403 ], [ 35.9477, 4.6293 ], [ 35.9511, 4.5211 ], [ 36.0453, 4.4471 ], [ 36.2112, 4.448 ], [ 36.2717, 4.4392 ], [ 36.6475, 4.4467 ], [ 36.7143, 4.4339 ], [ 36.6575, 4.5804 ], [ 36.6808, 4.6043 ], [ 36.6464, 4.7108 ], [ 36.8285, 4.7092 ], [ 36.8547, 4.7361 ], [ 36.8635, 4.793 ], [ 36.8608, 4.9351 ], [ 36.8648, 4.9442 ], [ 36.8607, 4.9788 ], [ 36.8822, 5.075 ], [ 36.893, 5.1098 ], [ 36.9212, 5.1451 ], [ 36.949, 5.1947 ], [ 36.9831, 5.1924 ], [ 37.0033, 5.1991 ] ] ] } },
{ "type": "Feature", "properties": { "iso3": "ETH", "unit_id": "89294058B43065392158524", "unit_name": "Gamo" }, "geometry": { "type": "Polygon", "coordinates": [ [ [ 37.8131, 6.5083 ], [ 37.8133, 6.5171 ], [ 37.8202, 6.5208 ], [ 37.8263, 6.5459 ], [ 37.8268, 6.5643 ], [ 37.8239, 6.5744 ], [ 37.7987, 6.5715 ], [ 37.7689, 6.5863 ], [ 37.7583, 6.5853 ], [ 37.754, 6.5945 ], [ 37.7382, 6.6096 ], [ 37.7287, 6.6082 ], [ 37.7193, 6.6123 ], [ 37.7046, 6.6303 ], [ 37.6985, 6.6446 ], [ 37.6905, 6.6319 ], [ 37.6821, 6.6268 ], [ 37.6502, 6.6256 ], [ 37.6377, 6.6338 ], [ 37.6305, 6.6332 ], [ 37.6226, 6.6372 ], [ 37.6144, 6.6317 ], [ 37.6109, 6.6254 ], [ 37.6039, 6.6263 ], [ 37.5883, 6.6202 ], [ 37.5801, 6.6194 ], [ 37.5565, 6.6275 ], [ 37.5485, 6.6222 ], [ 37.5395, 6.6251 ], [ 37.5304, 6.6209 ], [ 37.5219, 6.6326 ], [ 37.5128, 6.6357 ], [ 37.507, 6.6424 ], [ 37.4962, 6.6428 ], [ 37.485, 6.6588 ], [ 37.4753, 6.664 ], [ 37.457, 6.6612 ], [ 37.413, 6.6747 ], [ 37.4016, 6.6814 ], [ 37.3698, 6.6864 ], [ 37.3576, 6.6855 ], [ 37.33, 6.707 ], [ 37.3154, 6.7082 ], [ 37.3098, 6.7033 ], [ 37.2926, 6.7081 ], [ 37.2758, 6.705 ], [ 37.2684, 6.7099 ], [ 37.2621, 6.7073 ], [ 37.2588, 6.6989 ], [ 37.2504, 6.6916 ], [ 37.2411, 6.6866 ], [ 37.2393, 6.674 ], [ 37.2425, 6.6602 ], [ 37.2373, 6.6535 ], [ 37.2199, 6.6534 ], [ 37.2026, 6.6486 ], [ 37.1944, 6.654 ], [ 37.196, 6.6454 ], [ 37.1809, 6.6218 ], [ 37.1832, 6.6164 ], [ 37.1758, 6.598 ], [ 37.1766, 6.5896 ], [ 37.1704, 6.5815 ], [ 37.1639, 6.579 ], [ 37.1654, 6.5744 ], [ 37.1577, 6.5692 ], [ 37.1597, 6.5589 ], [ 37.1507, 6.5543 ], [ 37.1478, 6.5437 ], [ 37.1353, 6.5382 ], [ 37.132, 6.5277 ], [ 37.1352, 6.5191 ], [ 37.1339, 6.5101 ], [ 37.1377, 6.5094 ], [ 37.14, 6.5038 ], [ 37.1383, 6.497 ], [ 37.1435, 6.4934 ], [ 37.1483, 6.4979 ], [ 37.1601, 6.4858 ], [ 37.1817, 6.4757 ], [ 37.1843, 6.4651 ], [ 37.1876, 6.4638 ], [ 37.1886, 6.4493 ], [ 37.1948, 6.4453 ], [ 37.1958, 6.4375 ], [ 37.2046, 6.43 ], [ 37.2078, 6.4164 ], [ 37.2138, 6.4095 ], [ 37.2212, 6.3791 ], [ 37.2148, 6.3688 ], [ 37.2141, 6.3589 ], [ 37.2084, 6.3465 ], [ 37.2088, 6.3281 ], [ 37.2055, 6.3203 ], [ 37.2068, 6.3048 ], [ 37.2129, 6.2925 ], [ 37.2004, 6.289 ], [ 37.1891, 6.2743 ], [ 37.1729, 6.2658 ], [ 37.1623, 6.25 ], [ 37.1475, 6.2447 ], [ 37.1382, 6.2374 ], [ 37.1272, 6.2386 ], [ 37.121, 6.2344 ], [ 37.1207, 6.2215 ], [ 37.1149, 6.2118 ], [ 37.0964, 6.2054 ], [ 37.0812, 6.1672 ], [ 37.0779, 6.0999 ], [ 37.0682, 6.0822 ], [ 37.0672, 6.0735 ], [ 37.0613, 6.0694 ], [ 37.0636, 6.067 ], [ 37.0592, 6.0525 ], [ 37.0512, 6.0377 ], [ 37.0536, 6.027 ], [ 37.049, 6.0056 ], [ 37.0273, 5.9768 ], [ 37.0053, 5.9658 ], [ 36.9952, 5.9689 ], [ 36.9968, 5.9612 ], [ 36.993, 5.9557 ], [ 36.9945, 5.9497 ], [ 36.9992, 5.9478 ], [ 37.0047, 5.9302 ], [ 37.0029, 5.9177 ], [ 37.0057, 5.9141 ], [ 37.0074, 5.8937 ], [ 37.0055, 5.8816 ], [ 37.0128, 5.8644 ], [ 37.0053, 5.8513 ], [ 37.008, 5.8419 ], [ 37.0031, 5.8307 ], [ 37.0089, 5.821 ], [ 37.0092, 5.8106 ], [ 37.0035, 5.8024 ], [ 37.0065, 5.8008 ], [ 37.0042, 5.7966 ], [ 37.0086, 5.7963 ], [ 37.0059, 5.7929 ], [ 37.0108, 5.787 ], [ 37.0064, 5.7756 ], [ 37.011, 5.7489 ], [ 37.0098, 5.7409 ], [ 37.0022, 5.7318 ], [ 37.004, 5.729 ], [ 37.0005, 5.7246 ], [ 37.0031, 5.7244 ], [ 37.0021, 5.7148 ], [ 37.0055, 5.7116 ], [ 37.0023, 5.6972 ], [ 37.0185, 5.6836 ], [ 37.0169, 5.6809 ], [ 37.0263, 5.6771 ], [ 37.0255, 5.6703 ], [ 37.0309, 5.6694 ], [ 37.0323, 5.6558 ], [ 37.0278, 5.6484 ], [ 37.0287, 5.6411 ], [ 37.0334, 5.6387 ], [ 37.0314, 5.6318 ], [ 37.0412, 5.6326 ], [ 37.045, 5.6395 ], [ 37.0409, 5.6442 ], [ 37.0454, 5.6467 ], [ 37.0457, 5.6509 ], [ 37.0516, 5.6519 ], [ 37.0515, 5.6589 ], [ 37.0474, 5.6595 ], [ 37.0473, 5.6631 ], [ 37.055, 5.6674 ], [ 37.0481, 5.6725 ], [ 37.054, 5.6765 ], [ 37.0453, 5.6867 ], [ 37.0503, 5.687 ], [ 37.0469, 5.6901 ], [ 37.0548, 5.6951 ], [ 37.0514, 5.7001 ], [ 37.0545, 5.7007 ], [ 37.0556, 5.7058 ], [ 37.0626, 5.7067 ], [ 37.0614, 5.7092 ], [ 37.0682, 5.7109 ], [ 37.0744, 5.704 ], [ 37.0825, 5.7021 ], [ 37.0863, 5.7043 ], [ 37.0907, 5.7008 ], [ 37.1028, 5.7052 ], [ 37.1097, 5.7155 ], [ 37.1083, 5.7187 ], [ 37.1174, 5.7241 ], [ 37.1197, 5.7225 ], [ 37.1225, 5.7269 ], [ 37.142, 5.729 ], [ 37.1467, 5.7338 ], [ 37.1651, 5.7413 ], [ 37.1718, 5.7425 ], [ 37.1789, 5.7371 ], [ 37.1939, 5.7335 ], [ 37.2343, 5.7416 ], [ 37.2401, 5.7479 ], [ 37.2582, 5.7556 ], [ 37.2619, 5.7542 ], [ 37.2632, 5.7587 ], [ 37.2764, 5.7619 ], [ 37.28, 5.7708 ], [ 37.3026, 5.7866 ], [ 37.3216, 5.7818 ], [ 37.3264, 5.7738 ], [ 37.3375, 5.7668 ], [ 37.3593, 5.7627 ], [ 37.3774, 5.751 ], [ 37.3799, 5.7454 ], [ 37.3854, 5.747 ], [ 37.4062, 5.74 ], [ 37.4173, 5.7208 ], [ 37.425, 5.715 ], [ 37.4365, 5.7193 ], [ 37.4484, 5.7072 ], [ 37.4562, 5.7056 ], [ 37.4636, 5.7158 ], [ 37.4866, 5.7324 ], [ 37.4964, 5.7021 ], [ 37.5041, 5.704 ], [ 37.529, 5.7242 ], [ 37.5358, 5.725 ], [ 37.5498, 5.734 ], [ 37.5427, 5.8166 ], [ 37.6295, 5.8542 ], [ 37.6431, 5.8655 ], [ 37.6528, 5.8638 ], [ 37.6638, 5.8515 ], [ 37.6654, 5.8548 ], [ 37.6746, 5.8564 ], [ 37.6751, 5.8691 ], [ 37.6815, 5.8851 ], [ 37.6916, 5.8966 ], [ 37.7053, 5.9055 ], [ 37.7192, 5.9224 ], [ 37.752, 5.9338 ], [ 37.754, 5.9439 ], [ 37.7653, 5.9477 ], [ 37.7732, 5.9465 ], [ 37.7821, 5.9538 ], [ 37.7883, 5.9641 ], [ 37.7832, 6.0106 ], [ 37.7898, 6.0494 ], [ 37.7757, 6.1136 ], [ 37.7781, 6.1496 ], [ 37.7905, 6.1725 ], [ 37.8256, 6.2207 ], [ 37.8403, 6.2483 ], [ 37.8522, 6.3048 ], [ 37.8401, 6.3787 ], [ 37.8196, 6.3934 ], [ 37.7975, 6.4292 ], [ 37.7963, 6.4495 ], [ 37.7999, 6.4782 ], [ 37.8131, 6.5083 ] ] ] } },
{ "type": "Feature", "properties": { "iso3": "ETH", "unit_id": "89294058B35148984899380", "unit_name": "Alle" }, "geometry": { "type": "Polygon", "coordinates": [ [ [ 37.0555, 5.3912 ], [ 37.0692, 5.3878 ], [ 37.085, 5.3898 ], [ 37.1083, 5.4149 ], [ 37.1123, 5.4153 ], [ 37.1164, 5.4256 ], [ 37.145, 5.4432 ], [ 37.1584, 5.4579 ], [ 37.1663, 5.4924 ], [ 37.1834, 5.5083 ], [ 37.2258, 5.5115 ], [ 37.2228, 5.4994 ], [ 37.2292, 5.47 ], [ 37.2314, 5.4686 ], [ 37.234, 5.4755 ], [ 37.2469, 5.483 ], [ 37.2603, 5.4771 ], [ 37.2749, 5.4651 ], [ 37.2811, 5.4759 ], [ 37.2864, 5.4763 ], [ 37.2964, 5.4836 ], [ 37.3025, 5.4929 ], [ 37.3107, 5.4882 ], [ 37.3087, 5.4779 ], [ 37.3284, 5.4763 ], [ 37.3369, 5.4817 ], [ 37.3405, 5.4799 ], [ 37.3395, 5.4908 ], [ 37.3457, 5.4972 ], [ 37.3498, 5.4932 ], [ 37.3501, 5.4992 ], [ 37.3551, 5.5002 ], [ 37.3612, 5.5121 ], [ 37.3465, 5.513 ], [ 37.3354, 5.5236 ], [ 37.3316, 5.5343 ], [ 37.3385, 5.5397 ], [ 37.3275, 5.5476 ], [ 37.327, 5.553 ], [ 37.3188, 5.5629 ], [ 37.3136, 5.579 ], [ 37.3161, 5.5876 ], [ 37.3224, 5.5945 ], [ 37.297, 5.5864 ], [ 37.2686, 5.5887 ], [ 37.2624, 5.5975 ], [ 37.2581, 5.6093 ], [ 37.2581, 5.6262 ], [ 37.2673, 5.6429 ], [ 37.2682, 5.6526 ], [ 37.2592, 5.6732 ], [ 37.2233, 5.7079 ], [ 37.185, 5.7092 ], [ 37.1747, 5.7116 ], [ 37.1723, 5.7148 ], [ 37.1565, 5.7138 ], [ 37.143, 5.7197 ], [ 37.1377, 5.7177 ], [ 37.1332, 5.725 ], [ 37.126, 5.7277 ], [ 37.1083, 5.7187 ], [ 37.1066, 5.709 ], [ 37.0965, 5.7022 ], [ 37.0744, 5.704 ], [ 37.0682, 5.7109 ], [ 37.0556, 5.7058 ], [ 37.0545, 5.7007 ], [ 37.0514, 5.7001 ], [ 37.0548, 5.6951 ], [ 37.0469, 5.6901 ], [ 37.0503, 5.687 ], [ 37.0453, 5.6867 ], [ 37.054, 5.6765 ], [ 37.0481, 5.6725 ], [ 37.055, 5.6674 ], [ 37.0473, 5.6631 ], [ 37.0474, 5.6595 ], [ 37.0515, 5.6589 ], [ 37.0516, 5.6519 ], [ 37.0457, 5.6509 ], [ 37.0454, 5.6467 ], [ 37.0409, 5.6442 ], [ 37.045, 5.6395 ], [ 37.0412, 5.6326 ], [ 37.0299, 5.6307 ], [ 37.0339, 5.6243 ], [ 37.0319, 5.6175 ], [ 37.0237, 5.6177 ], [ 37.0246, 5.6112 ], [ 37.0275, 5.6141 ], [ 37.0297, 5.6093 ], [ 37.0257, 5.6055 ], [ 37.0231, 5.6069 ], [ 37.0241, 5.6031 ], [ 37.0165, 5.5991 ], [ 37.0197, 5.5873 ], [ 37.0145, 5.5775 ], [ 37.0175, 5.566 ], [ 37.01, 5.565 ], [ 37.0103, 5.5603 ], [ 37.0145, 5.5592 ], [ 37.0105, 5.5444 ], [ 37.0174, 5.5408 ], [ 37.0195, 5.5345 ], [ 37.0162, 5.5324 ], [ 37.0252, 5.5272 ], [ 37.026, 5.5228 ], [ 37.0297, 5.5237 ], [ 37.0307, 5.5301 ], [ 37.0311, 5.5242 ], [ 37.0364, 5.5228 ], [ 37.0359, 5.5178 ], [ 37.0429, 5.5188 ], [ 37.044, 5.5044 ], [ 37.0491, 5.5051 ], [ 37.0513, 5.4942 ], [ 37.0551, 5.4939 ], [ 37.052, 5.4888 ], [ 37.0576, 5.4764 ], [ 37.0535, 5.4703 ], [ 37.0621, 5.4582 ], [ 37.0615, 5.4545 ], [ 37.0693, 5.4491 ], [ 37.068, 5.4439 ], [ 37.0714, 5.4363 ], [ 37.0673, 5.4353 ], [ 37.066, 5.4312 ], [ 37.0699, 5.428 ], [ 37.0692, 5.4209 ], [ 37.064, 5.4156 ], [ 37.0695, 5.4124 ], [ 37.0627, 5.4011 ], [ 37.0556, 5.3985 ], [ 37.0555, 5.3912 ] ] ] } },
{ "type": "Feature", "properties": { "iso3": "ETH", "unit_id": "89294058B45105862400419", "unit_name": "Konso" }, "geometry": { "type": "Polygon", "coordinates": [ [ [ 37.6297, 5.266 ], [ 37.6493, 5.3077 ], [ 37.6462, 5.3315 ], [ 37.6508, 5.3357 ], [ 37.6534, 5.3479 ], [ 37.6591, 5.3492 ], [ 37.6567, 5.3639 ], [ 37.659, 5.3714 ], [ 37.671, 5.3827 ], [ 37.6783, 5.4004 ], [ 37.6841, 5.4059 ], [ 37.6856, 5.4114 ], [ 37.6803, 5.4179 ], [ 37.6798, 5.4263 ], [ 37.6828, 5.4307 ], [ 37.6907, 5.4332 ], [ 37.6936, 5.4442 ], [ 37.6895, 5.4519 ], [ 37.6913, 5.46 ], [ 37.6771, 5.462 ], [ 37.6747, 5.47 ], [ 37.6566, 5.4905 ], [ 37.6437, 5.5005 ], [ 37.6353, 5.5021 ], [ 37.6238, 5.518 ], [ 37.6051, 5.5247 ], [ 37.5979, 5.5308 ], [ 37.5934, 5.5398 ], [ 37.5962, 5.5468 ], [ 37.5947, 5.5528 ], [ 37.5894, 5.5577 ], [ 37.5886, 5.5659 ], [ 37.5768, 5.5833 ], [ 37.5521, 5.5876 ], [ 37.5517, 5.5988 ], [ 37.5479, 5.602 ], [ 37.552, 5.6167 ], [ 37.5588, 5.6194 ], [ 37.55, 5.6279 ], [ 37.5487, 5.6445 ], [ 37.5394, 5.6506 ], [ 37.5343, 5.6498 ], [ 37.5317, 5.6261 ], [ 37.5182, 5.6155 ], [ 37.5164, 5.6099 ], [ 37.4908, 5.6034 ], [ 37.4971, 5.5847 ], [ 37.485, 5.577 ], [ 37.4837, 5.5651 ], [ 37.4775, 5.5516 ], [ 37.4662, 5.5635 ], [ 37.4642, 5.5562 ], [ 37.4576, 5.5545 ], [ 37.4628, 5.5436 ], [ 37.4619, 5.5316 ], [ 37.4662, 5.5224 ], [ 37.4658, 5.5154 ], [ 37.4502, 5.522 ], [ 37.4332, 5.5214 ], [ 37.4304, 5.5203 ], [ 37.4318, 5.5117 ], [ 37.4138, 5.5079 ], [ 37.4051, 5.5114 ], [ 37.4031, 5.5095 ], [ 37.3801, 5.5242 ], [ 37.362, 5.524 ], [ 37.3612, 5.5121 ], [ 37.3551, 5.5002 ], [ 37.3501, 5.4992 ], [ 37.3498, 5.4932 ], [ 37.3457, 5.4972 ], [ 37.3395, 5.4908 ], [ 37.3405, 5.4799 ], [ 37.3369, 5.4817 ], [ 37.3284, 5.4763 ], [ 37.3087, 5.4779 ], [ 37.3107, 5.4882 ], [ 37.3025, 5.4929 ], [ 37.2964, 5.4836 ], [ 37.2864, 5.4763 ], [ 37.2811, 5.4759 ], [ 37.2749, 5.4651 ], [ 37.2603, 5.4771 ], [ 37.2469, 5.483 ], [ 37.234, 5.4755 ], [ 37.2314, 5.4686 ], [ 37.2292, 5.47 ], [ 37.2228, 5.4994 ], [ 37.2258, 5.5115 ], [ 37.1834, 5.5083 ], [ 37.1777, 5.5044 ], [ 37.163, 5.4852 ], [ 37.1629, 5.4706 ], [ 37.1584, 5.4579 ], [ 37.145, 5.4432 ], [ 37.1164, 5.4256 ], [ 37.1123, 5.4153 ], [ 37.1083, 5.4149 ], [ 37.085, 5.3898 ], [ 37.0692, 5.3878 ], [ 37.0589, 5.3921 ], [ 37.0505, 5.3905 ], [ 37.0519, 5.3791 ], [ 37.0446, 5.3797 ], [ 37.0421, 5.3734 ], [ 37.0363, 5.3718 ], [ 37.0265, 5.3348 ], [ 37.0289, 5.3278 ], [ 37.0406, 5.3164 ], [ 37.0323, 5.3062 ], [ 37.0368, 5.2684 ], [ 37.0288, 5.2512 ], [ 37.02, 5.2427 ], [ 37.0161, 5.2425 ], [ 37.0164, 5.2316 ], [ 37.0113, 5.2266 ], [ 37.0175, 5.2227 ], [ 37.0091, 5.2183 ], [ 37.0125, 5.2146 ], [ 37.0033, 5.1991 ], [ 37.0821, 5.1864 ], [ 37.1122, 5.1863 ], [ 37.1818, 5.1939 ], [ 37.1972, 5.2103 ], [ 37.2169, 5.2127 ], [ 37.2381, 5.1994 ], [ 37.2924, 5.1944 ], [ 37.3172, 5.1735 ], [ 37.3407, 5.1596 ], [ 37.3672, 5.1551 ], [ 37.4172, 5.1666 ], [ 37.4656, 5.1932 ], [ 37.4913, 5.2029 ], [ 37.5179, 5.2205 ], [ 37.5779, 5.2424 ], [ 37.5798, 5.2477 ], [ 37.6297, 5.266 ] ] ] } },
{ "type": "Feature", "properties": { "iso3": "ETH", "unit_id": "89294058B6057601540671", "unit_name": "Halaba" }, "geometry": { "type": "Polygon", "coordinates": [ [ [ 38.4123, 7.6799 ], [ 38.3902, 7.6812 ], [ 38.3901, 7.6853 ], [ 38.3818, 7.6875 ], [ 38.3813, 7.6912 ], [ 38.3652, 7.6924 ], [ 38.3635, 7.675 ], [ 38.3554, 7.6761 ], [ 38.3542, 7.6844 ], [ 38.3463, 7.6867 ], [ 38.3261, 7.685 ], [ 38.3255, 7.6692 ], [ 38.3208, 7.668 ], [ 38.321, 7.6629 ], [ 38.3335, 7.6644 ], [ 38.3336, 7.6553 ], [ 38.3293, 7.6562 ], [ 38.3286, 7.6539 ], [ 38.3374, 7.651 ], [ 38.3373, 7.6436 ], [ 38.334, 7.6425 ], [ 38.3336, 7.6482 ], [ 38.3214, 7.6511 ], [ 38.3202, 7.6426 ], [ 38.3326, 7.6421 ], [ 38.333, 7.6355 ], [ 38.3454, 7.633 ], [ 38.3584, 7.6242 ], [ 38.3589, 7.6204 ], [ 38.3529, 7.6187 ], [ 38.3434, 7.6255 ], [ 38.3141, 7.5931 ], [ 38.3079, 7.5905 ], [ 38.2998, 7.5926 ], [ 38.2913, 7.5853 ], [ 38.2831, 7.5895 ], [ 38.2771, 7.5851 ], [ 38.2679, 7.5902 ], [ 38.2643, 7.5881 ], [ 38.2668, 7.5897 ], [ 38.2655, 7.5943 ], [ 38.2595, 7.5959 ], [ 38.2567, 7.5945 ], [ 38.2559, 7.5868 ], [ 38.254, 7.5896 ], [ 38.2496, 7.5889 ], [ 38.2453, 7.5636 ], [ 38.2308, 7.5483 ], [ 38.2265, 7.541 ], [ 38.226, 7.5312 ], [ 38.2176, 7.5214 ], [ 38.218, 7.5163 ], [ 38.2239, 7.5169 ], [ 38.2199, 7.488 ], [ 38.2072, 7.4888 ], [ 38.2107, 7.5006 ], [ 38.2003, 7.5045 ], [ 38.195, 7.4997 ], [ 38.1918, 7.4946 ], [ 38.2044, 7.4852 ], [ 38.2126, 7.4852 ], [ 38.2139, 7.4807 ], [ 38.2094, 7.4821 ], [ 38.2007, 7.4787 ], [ 38.1956, 7.4664 ], [ 38.1948, 7.4515 ], [ 38.1914, 7.4486 ], [ 38.1621, 7.4605 ], [ 38.1621, 7.4533 ], [ 38.1691, 7.4495 ], [ 38.1682, 7.4452 ], [ 38.1666, 7.4415 ], [ 38.1591, 7.4457 ], [ 38.1489, 7.4163 ], [ 38.1373, 7.4226 ], [ 38.1339, 7.419 ], [ 38.1261, 7.4206 ], [ 38.1297, 7.4256 ], [ 38.1225, 7.4269 ], [ 38.1255, 7.4344 ], [ 38.1185, 7.4375 ], [ 38.1101, 7.4302 ], [ 38.1118, 7.427 ], [ 38.104, 7.4183 ], [ 38.0909, 7.4235 ], [ 38.0782, 7.4185 ], [ 38.04, 7.4167 ], [ 38.0305, 7.4053 ], [ 38.0418, 7.4007 ], [ 38.0439, 7.3959 ], [ 38.0515, 7.3961 ], [ 38.055, 7.3864 ], [ 38.0487, 7.387 ], [ 38.0501, 7.3799 ], [ 38.0356, 7.3841 ], [ 38.0232, 7.3743 ], [ 38.0147, 7.3761 ], [ 38.0123, 7.362 ], [ 38.016, 7.3487 ], [ 38.0064, 7.3443 ], [ 38.002, 7.3366 ], [ 38.0045, 7.328 ], [ 37.9951, 7.3224 ], [ 37.9819, 7.3198 ], [ 37.975, 7.3011 ], [ 37.9719, 7.2973 ], [ 37.9683, 7.2989 ], [ 37.966, 7.2942 ], [ 37.9694, 7.2918 ], [ 37.9714, 7.2758 ], [ 37.9875, 7.2751 ], [ 37.9981, 7.2783 ], [ 38.0071, 7.2693 ], [ 38.0205, 7.267 ], [ 38.034, 7.2866 ], [ 38.0354, 7.2955 ], [ 38.0443, 7.2966 ], [ 38.0495, 7.2893 ], [ 38.0435, 7.2857 ], [ 38.0471, 7.2822 ], [ 38.0552, 7.2862 ], [ 38.0572, 7.2922 ], [ 38.0617, 7.2918 ], [ 38.063, 7.2986 ], [ 38.0704, 7.299 ], [ 38.0713, 7.2811 ], [ 38.0815, 7.2746 ], [ 38.0791, 7.2529 ], [ 38.0955, 7.2385 ], [ 38.0961, 7.2307 ], [ 38.1002, 7.2256 ], [ 38.0973, 7.2126 ], [ 38.101, 7.2078 ], [ 38.144, 7.2322 ], [ 38.1811, 7.2579 ], [ 38.2058, 7.2655 ], [ 38.2336, 7.2879 ], [ 38.2652, 7.3067 ], [ 38.2757, 7.3189 ], [ 38.2815, 7.3387 ], [ 38.2772, 7.3612 ], [ 38.2794, 7.3806 ], [ 38.3089, 7.4015 ], [ 38.3189, 7.4142 ], [ 38.3252, 7.4339 ], [ 38.3272, 7.4617 ], [ 38.3412, 7.4786 ], [ 38.3917, 7.5019 ], [ 38.4139, 7.5042 ], [ 38.4267, 7.5147 ], [ 38.4295, 7.5339 ], [ 38.4257, 7.5539 ], [ 38.419, 7.5692 ], [ 38.401, 7.5787 ], [ 38.4008, 7.5953 ], [ 38.4203, 7.6243 ], [ 38.4182, 7.6425 ], [ 38.4109, 7.6622 ], [ 38.4123, 7.6799 ] ] ] } },
{ "type": "Feature", "properties": { "iso3": "ETH", "unit_id": "89294058B40540376743630", "unit_name": "Gofa" }, "geometry": { "type": "Polygon", "coordinates": [ [ [ 36.4844, 6.293 ], [ 36.4881, 6.3023 ], [ 36.5014, 6.3163 ], [ 36.5029, 6.3328 ], [ 36.5069, 6.3401 ], [ 36.5247, 6.3581 ], [ 36.5275, 6.3706 ], [ 36.5334, 6.3759 ], [ 36.5556, 6.3736 ], [ 36.5643, 6.379 ], [ 36.5651, 6.372 ], [ 36.572, 6.3805 ], [ 36.5816, 6.3834 ], [ 36.5881, 6.3726 ], [ 36.5935, 6.3773 ], [ 36.5946, 6.3842 ], [ 36.6124, 6.3954 ], [ 36.6178, 6.3898 ], [ 36.6257, 6.3876 ], [ 36.6291, 6.3898 ], [ 36.6289, 6.3858 ], [ 36.6512, 6.3916 ], [ 36.6531, 6.3838 ], [ 36.6498, 6.3789 ], [ 36.6534, 6.3756 ], [ 36.6497, 6.3693 ], [ 36.6556, 6.3523 ], [ 36.6701, 6.3471 ], [ 36.6956, 6.3462 ], [ 36.6931, 6.3385 ], [ 36.6956, 6.3344 ], [ 36.6918, 6.3319 ], [ 36.6897, 6.3176 ], [ 36.6859, 6.3144 ], [ 36.6875, 6.3041 ], [ 36.6808, 6.2995 ], [ 36.683, 6.2943 ], [ 36.6781, 6.2799 ], [ 36.6773, 6.2642 ], [ 36.6859, 6.2534 ], [ 36.6885, 6.244 ], [ 36.7135, 6.2318 ], [ 36.7246, 6.2137 ], [ 36.7266, 6.1999 ], [ 36.7323, 6.1925 ], [ 36.7458, 6.1956 ], [ 36.7492, 6.1856 ], [ 36.7435, 6.1702 ], [ 36.7427, 6.1575 ], [ 36.7364, 6.1546 ], [ 36.7336, 6.1412 ], [ 36.7259, 6.1282 ], [ 36.7084, 6.124 ], [ 36.7085, 6.1204 ], [ 36.6978, 6.1145 ], [ 36.6949, 6.1022 ], [ 36.7103, 6.0957 ], [ 36.7145, 6.0901 ], [ 36.7221, 6.0902 ], [ 36.7123, 6.06 ], [ 36.7205, 6.0365 ], [ 36.7203, 6.0272 ], [ 36.7325, 6.0023 ], [ 36.7296, 5.9902 ], [ 36.7328, 5.9794 ], [ 36.7286, 5.9616 ], [ 36.7359, 5.9439 ], [ 36.7332, 5.9295 ], [ 36.746, 5.9121 ], [ 36.7552, 5.9115 ], [ 36.7608, 5.9174 ], [ 36.7846, 5.9184 ], [ 36.7885, 5.9121 ], [ 36.7928, 5.9143 ], [ 36.796, 5.9122 ], [ 36.8037, 5.9188 ], [ 36.8054, 5.9305 ], [ 36.8109, 5.9269 ], [ 36.8279, 5.9314 ], [ 36.8321, 5.9525 ], [ 36.8451, 5.9671 ], [ 36.8542, 5.9701 ], [ 36.8869, 5.9992 ], [ 36.8857, 6.0061 ], [ 36.9005, 6.0078 ], [ 36.9139, 6.0164 ], [ 36.9216, 6.0126 ], [ 36.9263, 6.0168 ], [ 36.9271, 6.0141 ], [ 36.9421, 6.0155 ], [ 36.9395, 6.0098 ], [ 36.9453, 6.0118 ], [ 36.9468, 6.0036 ], [ 36.9805, 5.983 ], [ 36.9867, 5.97 ], [ 36.9911, 5.9677 ], [ 37.0009, 5.9688 ], [ 37.0053, 5.9658 ], [ 37.015, 5.9691 ], [ 37.0273, 5.9768 ], [ 37.049, 6.0056 ], [ 37.0536, 6.027 ], [ 37.0512, 6.0377 ], [ 37.0592, 6.0525 ], [ 37.0636, 6.067 ], [ 37.0613, 6.0694 ], [ 37.0672, 6.0735 ], [ 37.0682, 6.0822 ], [ 37.0779, 6.0999 ], [ 37.0812, 6.1672 ], [ 37.0964, 6.2054 ], [ 37.1149, 6.2118 ], [ 37.1207, 6.2215 ], [ 37.121, 6.2344 ], [ 37.1272, 6.2386 ], [ 37.1382, 6.2374 ], [ 37.1475, 6.2447 ], [ 37.1623, 6.25 ], [ 37.1729, 6.2658 ], [ 37.1891, 6.2743 ], [ 37.2004, 6.289 ], [ 37.2129, 6.2925 ], [ 37.2068, 6.3048 ], [ 37.2055, 6.3203 ], [ 37.2088, 6.3281 ], [ 37.2084, 6.3465 ], [ 37.2141, 6.3589 ], [ 37.2148, 6.3688 ], [ 37.2212, 6.3791 ], [ 37.2138, 6.4095 ], [ 37.2078, 6.4164 ], [ 37.2046, 6.43 ], [ 37.1958, 6.4375 ], [ 37.1948, 6.4453 ], [ 37.1886, 6.4493 ], [ 37.1876, 6.4638 ], [ 37.1843, 6.4651 ], [ 37.1817, 6.4757 ], [ 37.1601, 6.4858 ], [ 37.1483, 6.4979 ], [ 37.1435, 6.4934 ], [ 37.1383, 6.497 ], [ 37.14, 6.5038 ], [ 37.1377, 6.5094 ], [ 37.1339, 6.5101 ], [ 37.1352, 6.5191 ], [ 37.132, 6.5277 ], [ 37.1353, 6.5382 ], [ 37.1478, 6.5437 ], [ 37.1507, 6.5543 ], [ 37.1597, 6.5589 ], [ 37.1577, 6.5692 ], [ 37.1654, 6.5744 ], [ 37.1639, 6.579 ], [ 37.1704, 6.5815 ], [ 37.1766, 6.5896 ], [ 37.1758, 6.598 ], [ 37.1832, 6.6164 ], [ 37.1809, 6.6218 ], [ 37.196, 6.6454 ], [ 37.1944, 6.654 ], [ 37.182, 6.6669 ], [ 37.1661, 6.6704 ], [ 37.1466, 6.6697 ], [ 37.136, 6.6569 ], [ 37.1219, 6.6547 ], [ 37.1044, 6.634 ], [ 37.0648, 6.6262 ], [ 37.043, 6.6131 ], [ 37.0258, 6.5947 ], [ 37.0035, 6.5896 ], [ 36.9925, 6.596 ], [ 36.9881, 6.6032 ], [ 36.9914, 6.6218 ], [ 36.9879, 6.6375 ], [ 36.9936, 6.6515 ], [ 36.9891, 6.6799 ], [ 36.9849, 6.6852 ], [ 36.9685, 6.6932 ], [ 36.9323, 6.7039 ], [ 36.8888, 6.6868 ], [ 36.8734, 6.671 ], [ 36.8668, 6.6685 ], [ 36.8435, 6.6717 ], [ 36.8203, 6.6815 ], [ 36.7798, 6.7106 ], [ 36.7278, 6.7138 ], [ 36.6935, 6.7057 ], [ 36.6793, 6.6861 ], [ 36.6796, 6.6656 ], [ 36.6718, 6.6569 ], [ 36.6434, 6.6467 ], [ 36.6196, 6.6293 ], [ 36.61, 6.6304 ], [ 36.6002, 6.6273 ], [ 36.5706, 6.5826 ], [ 36.5501, 6.5784 ], [ 36.5422, 6.5696 ], [ 36.4962, 6.5445 ], [ 36.4899, 6.5339 ], [ 36.4618, 6.5288 ], [ 36.4298, 6.4964 ], [ 36.4177, 6.4764 ], [ 36.3885, 6.4614 ], [ 36.4098, 6.4355 ], [ 36.4131, 6.4109 ], [ 36.4099, 6.3881 ], [ 36.4115, 6.3788 ], [ 36.4137, 6.3755 ], [ 36.4272, 6.3757 ], [ 36.4271, 6.3617 ], [ 36.4385, 6.3581 ], [ 36.4391, 6.344 ], [ 36.4444, 6.3414 ], [ 36.4402, 6.3348 ], [ 36.4548, 6.3261 ], [ 36.4549, 6.3166 ], [ 36.47, 6.299 ], [ 36.4718, 6.2916 ], [ 36.4776, 6.2899 ], [ 36.4796, 6.2936 ], [ 36.4844, 6.293 ] ] ] } },
{ "type": "Feature", "properties": { "iso3": "ETH", "unit_id": "89294058B83803936111029", "unit_name": "Basketo" }, "geometry": { "type": "Polygon", "coordinates": [ [ [ 36.6774, 6.2727 ], [ 36.683, 6.2943 ], [ 36.6808, 6.2995 ], [ 36.6875, 6.3041 ], [ 36.6859, 6.3144 ], [ 36.6897, 6.3176 ], [ 36.6918, 6.3319 ], [ 36.6956, 6.3344 ], [ 36.6931, 6.3385 ], [ 36.6956, 6.3462 ], [ 36.6701, 6.3471 ], [ 36.6556, 6.3523 ], [ 36.6497, 6.3693 ], [ 36.6532, 6.3734 ], [ 36.6498, 6.3789 ], [ 36.6534, 6.3903 ], [ 36.6416, 6.3908 ], [ 36.6289, 6.3858 ], [ 36.6291, 6.3898 ], [ 36.6257, 6.3876 ], [ 36.6178, 6.3898 ], [ 36.6124, 6.3954 ], [ 36.5946, 6.3842 ], [ 36.5935, 6.3773 ], [ 36.5881, 6.3726 ], [ 36.5816, 6.3834 ], [ 36.572, 6.3805 ], [ 36.5651, 6.372 ], [ 36.5643, 6.379 ], [ 36.5556, 6.3736 ], [ 36.5334, 6.3759 ], [ 36.5275, 6.3706 ], [ 36.5247, 6.3581 ], [ 36.5069, 6.3401 ], [ 36.5029, 6.3328 ], [ 36.5014, 6.3163 ], [ 36.4881, 6.3023 ], [ 36.4857, 6.291 ], [ 36.4747, 6.2859 ], [ 36.4694, 6.2677 ], [ 36.4499, 6.2455 ], [ 36.4485, 6.2274 ], [ 36.4356, 6.2227 ], [ 36.4368, 6.212 ], [ 36.432, 6.2093 ], [ 36.4285, 6.1966 ], [ 36.4198, 6.1932 ], [ 36.4201, 6.1846 ], [ 36.4105, 6.1672 ], [ 36.4091, 6.1522 ], [ 36.4056, 6.1508 ], [ 36.4043, 6.1418 ], [ 36.3978, 6.1418 ], [ 36.397, 6.1332 ], [ 36.4065, 6.1397 ], [ 36.4091, 6.1465 ], [ 36.4124, 6.1461 ], [ 36.4239, 6.1555 ], [ 36.4481, 6.1633 ], [ 36.468, 6.1807 ], [ 36.4691, 6.1855 ], [ 36.4971, 6.2002 ], [ 36.5036, 6.2006 ], [ 36.5183, 6.1921 ], [ 36.5285, 6.1816 ], [ 36.5449, 6.1783 ], [ 36.5509, 6.1875 ], [ 36.5534, 6.1996 ], [ 36.5604, 6.2028 ], [ 36.5664, 6.2162 ], [ 36.5713, 6.2205 ], [ 36.5851, 6.2232 ], [ 36.5894, 6.2297 ], [ 36.5957, 6.2299 ], [ 36.5957, 6.2375 ], [ 36.604, 6.2455 ], [ 36.6089, 6.2433 ], [ 36.6256, 6.2453 ], [ 36.6353, 6.2402 ], [ 36.6526, 6.253 ], [ 36.6606, 6.2658 ], [ 36.6774, 6.2727 ] ] ] } },
{ "type": "Feature", "properties": { "iso3": "ETH", "unit_id": "89294058B30718254961025", "unit_name": "Siltie" }, "geometry": { "type": "Polygon", "coordinates": [ [ [ 38.5495, 7.8709 ], [ 38.5417, 7.8819 ], [ 38.5149, 7.9061 ], [ 38.4775, 7.923 ], [ 38.4828, 7.933 ], [ 38.4758, 7.9335 ], [ 38.4623, 7.9495 ], [ 38.4591, 7.9469 ], [ 38.4504, 7.9503 ], [ 38.4543, 7.9547 ], [ 38.4444, 7.9612 ], [ 38.4461, 7.9663 ], [ 38.4345, 7.9704 ], [ 38.4408, 7.9812 ], [ 38.4572, 7.9939 ], [ 38.438, 8.0093 ], [ 38.4446, 8.0171 ], [ 38.4339, 8.0187 ], [ 38.4316, 8.0216 ], [ 38.4354, 8.0322 ], [ 38.4412, 8.0271 ], [ 38.4467, 8.0351 ], [ 38.4496, 8.0458 ], [ 38.4458, 8.0504 ], [ 38.4506, 8.0524 ], [ 38.4462, 8.0545 ], [ 38.4487, 8.0588 ], [ 38.4569, 8.0662 ], [ 38.4632, 8.0658 ], [ 38.4649, 8.0708 ], [ 38.4595, 8.0786 ], [ 38.4534, 8.0783 ], [ 38.4617, 8.084 ], [ 38.4601, 8.0879 ], [ 38.4486, 8.084 ], [ 38.4399, 8.0927 ], [ 38.4374, 8.085 ], [ 38.4357, 8.0861 ], [ 38.4342, 8.0818 ], [ 38.4293, 8.0841 ], [ 38.4276, 8.0777 ], [ 38.4069, 8.0907 ], [ 38.3943, 8.0843 ], [ 38.3925, 8.0784 ], [ 38.3847, 8.0828 ], [ 38.3732, 8.077 ], [ 38.3646, 8.0665 ], [ 38.3389, 8.0489 ], [ 38.3057, 8.0554 ], [ 38.2831, 8.0554 ], [ 38.2866, 8.06 ], [ 38.282, 8.0664 ], [ 38.2693, 8.0707 ], [ 38.2723, 8.0827 ], [ 38.2645, 8.084 ], [ 38.2679, 8.0866 ], [ 38.2651, 8.09 ], [ 38.2673, 8.0924 ], [ 38.2664, 8.1067 ], [ 38.2708, 8.1069 ], [ 38.2708, 8.1215 ], [ 38.2608, 8.1185 ], [ 38.2454, 8.122 ], [ 38.2206, 8.1207 ], [ 38.2172, 8.1151 ], [ 38.218, 8.1018 ], [ 38.2134, 8.0968 ], [ 38.1895, 8.0914 ], [ 38.1844, 8.0841 ], [ 38.1824, 8.0687 ], [ 38.1567, 8.0449 ], [ 38.1645, 8.0382 ], [ 38.1432, 8.0189 ], [ 38.1455, 8.0087 ], [ 38.1286, 8.0005 ], [ 38.1257, 7.9928 ], [ 38.1352, 7.9835 ], [ 38.1299, 7.9686 ], [ 38.1049, 7.9484 ], [ 38.0957, 7.9494 ], [ 38.0943, 7.9408 ], [ 38.0907, 7.9454 ], [ 38.0713, 7.9131 ], [ 38.0494, 7.8885 ], [ 38.0447, 7.8771 ], [ 38.0337, 7.8732 ], [ 38.0331, 7.8683 ], [ 38.0196, 7.86 ], [ 38.008, 7.8422 ], [ 38.0014, 7.8386 ], [ 37.9978, 7.8409 ], [ 37.9959, 7.8462 ], [ 38.002, 7.8549 ], [ 37.9983, 7.8555 ], [ 37.9887, 7.8456 ], [ 37.9851, 7.8505 ], [ 37.9795, 7.8496 ], [ 37.9821, 7.8659 ], [ 37.9795, 7.8694 ], [ 37.9845, 7.8758 ], [ 37.9786, 7.8729 ], [ 37.9736, 7.8764 ], [ 37.9588, 7.8564 ], [ 37.9494, 7.8522 ], [ 37.9382, 7.8547 ], [ 37.9286, 7.8644 ], [ 37.9242, 7.8585 ], [ 37.9166, 7.8604 ], [ 37.9152, 7.8538 ], [ 37.9224, 7.8405 ], [ 37.9223, 7.832 ], [ 37.9379, 7.822 ], [ 37.9395, 7.815 ], [ 37.9369, 7.8087 ], [ 37.9341, 7.8034 ], [ 37.9263, 7.8029 ], [ 37.9216, 7.7963 ], [ 37.9163, 7.7955 ], [ 37.9155, 7.7867 ], [ 37.9192, 7.7799 ], [ 37.9169, 7.7774 ], [ 37.905, 7.7794 ], [ 37.9028, 7.7854 ], [ 37.8963, 7.7899 ], [ 37.8907, 7.7873 ], [ 37.8965, 7.7721 ], [ 37.8971, 7.7583 ], [ 37.8916, 7.7574 ], [ 37.8761, 7.7432 ], [ 37.873, 7.7431 ], [ 37.867, 7.7514 ], [ 37.8631, 7.7498 ], [ 37.8637, 7.7433 ], [ 37.8587, 7.7427 ], [ 37.8605, 7.7257 ], [ 37.8543, 7.7198 ], [ 37.8559, 7.7157 ], [ 37.8687, 7.7169 ], [ 37.8878, 7.7031 ], [ 37.8882, 7.7002 ], [ 37.882, 7.7008 ], [ 37.8794, 7.6979 ], [ 37.8802, 7.6946 ], [ 37.8868, 7.6968 ], [ 37.8839, 7.6903 ], [ 37.8869, 7.6817 ], [ 37.8903, 7.6825 ], [ 37.8937, 7.6902 ], [ 37.8975, 7.6786 ], [ 37.8988, 7.6844 ], [ 37.9086, 7.6801 ], [ 37.9059, 7.6903 ], [ 37.9106, 7.6918 ], [ 37.9265, 7.6873 ], [ 37.9313, 7.6889 ], [ 37.9352, 7.6838 ], [ 37.9302, 7.6833 ], [ 37.9337, 7.6793 ], [ 37.9313, 7.6732 ], [ 37.9344, 7.6741 ], [ 37.9336, 7.668 ], [ 37.9277, 7.6674 ], [ 37.9338, 7.6524 ], [ 37.9396, 7.6576 ], [ 37.9381, 7.6723 ], [ 37.9424, 7.6772 ], [ 37.9386, 7.6837 ], [ 37.9398, 7.6941 ], [ 37.9511, 7.6982 ], [ 37.9524, 7.7072 ], [ 37.9563, 7.7078 ], [ 37.9594, 7.7299 ], [ 37.9729, 7.7191 ], [ 37.9878, 7.7126 ], [ 37.992, 7.6948 ], [ 38.0028, 7.6915 ], [ 38.009, 7.699 ], [ 38.0186, 7.6926 ], [ 38.0276, 7.7018 ], [ 38.0238, 7.7032 ], [ 38.0245, 7.7078 ], [ 38.0186, 7.7133 ], [ 38.0235, 7.7271 ], [ 38.0397, 7.722 ], [ 38.0451, 7.7253 ], [ 38.0549, 7.7202 ], [ 38.0478, 7.7095 ], [ 38.0492, 7.7002 ], [ 38.0442, 7.6998 ], [ 38.0418, 7.695 ], [ 38.0448, 7.6879 ], [ 38.0561, 7.6881 ], [ 38.0515, 7.6746 ], [ 38.0582, 7.6625 ], [ 38.0463, 7.6587 ], [ 38.0431, 7.6529 ], [ 38.0454, 7.642 ], [ 38.0502, 7.634 ], [ 38.0615, 7.6337 ], [ 38.0662, 7.6355 ], [ 38.0666, 7.6412 ], [ 38.0726, 7.6423 ], [ 38.0817, 7.6337 ], [ 38.0868, 7.6346 ], [ 38.1009, 7.6281 ], [ 38.0997, 7.6195 ], [ 38.1038, 7.6187 ], [ 38.1005, 7.607 ], [ 38.106, 7.6094 ], [ 38.1119, 7.6075 ], [ 38.1127, 7.5996 ], [ 38.1083, 7.599 ], [ 38.1084, 7.5942 ], [ 38.1139, 7.5929 ], [ 38.1179, 7.5845 ], [ 38.1136, 7.5841 ], [ 38.1153, 7.5785 ], [ 38.1099, 7.5726 ], [ 38.1101, 7.5687 ], [ 38.1206, 7.565 ], [ 38.1203, 7.5403 ], [ 38.1116, 7.5413 ], [ 38.1075, 7.5184 ], [ 38.1144, 7.5176 ], [ 38.1122, 7.5082 ], [ 38.1093, 7.5013 ], [ 38.098, 7.5 ], [ 38.0965, 7.4944 ], [ 38.089, 7.4885 ], [ 38.0973, 7.4849 ], [ 38.1085, 7.4685 ], [ 38.1207, 7.4635 ], [ 38.1268, 7.4564 ], [ 38.127, 7.446 ], [ 38.1185, 7.4375 ], [ 38.1255, 7.4344 ], [ 38.1225, 7.4269 ], [ 38.1297, 7.4256 ], [ 38.1261, 7.4206 ], [ 38.1339, 7.419 ], [ 38.1373, 7.4226 ], [ 38.1489, 7.4163 ], [ 38.1591, 7.4457 ], [ 38.1666, 7.4415 ], [ 38.1682, 7.4452 ], [ 38.1691, 7.4495 ], [ 38.1621, 7.4533 ], [ 38.1621, 7.4605 ], [ 38.1914, 7.4486 ], [ 38.1948, 7.4515 ], [ 38.1956, 7.4664 ], [ 38.2007, 7.4787 ], [ 38.2094, 7.4821 ], [ 38.2139, 7.4807 ], [ 38.2126, 7.4852 ], [ 38.2044, 7.4852 ], [ 38.1918, 7.4946 ], [ 38.195, 7.4997 ], [ 38.2003, 7.5045 ], [ 38.2107, 7.5006 ], [ 38.2072, 7.4888 ], [ 38.2199, 7.488 ], [ 38.2239, 7.5169 ], [ 38.218, 7.5163 ], [ 38.2176, 7.5214 ], [ 38.226, 7.5312 ], [ 38.2265, 7.541 ], [ 38.2308, 7.5483 ], [ 38.2453, 7.5636 ], [ 38.2496, 7.5889 ], [ 38.254, 7.5896 ], [ 38.2559, 7.5868 ], [ 38.2567, 7.5945 ], [ 38.2595, 7.5959 ], [ 38.2655, 7.5943 ], [ 38.2668, 7.5897 ], [ 38.2643, 7.5881 ], [ 38.2679, 7.5902 ], [ 38.2771, 7.5851 ], [ 38.2831, 7.5895 ], [ 38.2913, 7.5853 ], [ 38.2998, 7.5926 ], [ 38.3079, 7.5905 ], [ 38.3141, 7.5931 ], [ 38.3434, 7.6255 ], [ 38.3529, 7.6187 ], [ 38.3589, 7.6204 ], [ 38.3584, 7.6242 ], [ 38.3454, 7.633 ], [ 38.333, 7.6355 ], [ 38.3326, 7.6421 ], [ 38.3202, 7.6426 ], [ 38.3214, 7.6511 ], [ 38.3336, 7.6482 ], [ 38.334, 7.6425 ], [ 38.3373, 7.6436 ], [ 38.3374, 7.651 ], [ 38.3286, 7.6539 ], [ 38.3293, 7.6562 ], [ 38.3336, 7.6553 ], [ 38.3335, 7.6644 ], [ 38.321, 7.6629 ], [ 38.3208, 7.668 ], [ 38.3255, 7.6692 ], [ 38.3261, 7.685 ], [ 38.3463, 7.6867 ], [ 38.3542, 7.6844 ], [ 38.3554, 7.6761 ], [ 38.3635, 7.675 ], [ 38.3652, 7.6924 ], [ 38.3813, 7.6912 ], [ 38.3818, 7.6875 ], [ 38.3901, 7.6853 ], [ 38.3902, 7.6812 ], [ 38.4123, 7.6799 ], [ 38.4387, 7.7189 ], [ 38.4448, 7.7595 ], [ 38.4924, 7.7954 ], [ 38.5, 7.8112 ], [ 38.5035, 7.831 ], [ 38.5129, 7.8489 ], [ 38.5495, 7.8709 ] ] ] } },
{ "type": "Feature", "properties": { "iso3": "ETH", "unit_id": "89294058B75080475598535", "unit_name": "Amaro" }, "geometry": { "type": "Polygon", "coordinates": [ [ [ 37.7832, 6.0106 ], [ 37.7883, 5.9641 ], [ 37.7821, 5.9538 ], [ 37.7732, 5.9465 ], [ 37.7653, 5.9477 ], [ 37.754, 5.9439 ], [ 37.752, 5.9338 ], [ 37.7192, 5.9224 ], [ 37.7053, 5.9055 ], [ 37.6916, 5.8966 ], [ 37.6815, 5.8851 ], [ 37.6751, 5.8691 ], [ 37.6746, 5.8564 ], [ 37.6654, 5.8548 ], [ 37.6638, 5.8515 ], [ 37.6528, 5.8638 ], [ 37.6431, 5.8655 ], [ 37.6295, 5.8542 ], [ 37.5427, 5.8166 ], [ 37.5482, 5.7403 ], [ 37.5575, 5.7053 ], [ 37.5535, 5.6826 ], [ 37.5425, 5.6543 ], [ 37.5388, 5.6516 ], [ 37.5487, 5.6445 ], [ 37.55, 5.6279 ], [ 37.5588, 5.6194 ], [ 37.5694, 5.6158 ], [ 37.5744, 5.6013 ], [ 37.5801, 5.6004 ], [ 37.5916, 5.6082 ], [ 37.5995, 5.6066 ], [ 37.5981, 5.6188 ], [ 37.5876, 5.6333 ], [ 37.5861, 5.6396 ], [ 37.5891, 5.6453 ], [ 37.5861, 5.6578 ], [ 37.5938, 5.6728 ], [ 37.6002, 5.6766 ], [ 37.6034, 5.6867 ], [ 37.606, 5.6886 ], [ 37.6155, 5.6839 ], [ 37.6538, 5.6892 ], [ 37.6636, 5.7001 ], [ 37.6693, 5.6973 ], [ 37.6815, 5.7026 ], [ 37.6856, 5.7003 ], [ 37.6941, 5.7066 ], [ 37.6988, 5.7057 ], [ 37.7106, 5.6758 ], [ 37.7286, 5.6638 ], [ 37.7264, 5.6498 ], [ 37.7298, 5.6472 ], [ 37.7315, 5.6402 ], [ 37.7289, 5.6329 ], [ 37.7342, 5.6242 ], [ 37.7519, 5.6258 ], [ 37.7744, 5.6329 ], [ 37.7843, 5.6416 ], [ 37.8009, 5.6481 ], [ 37.8456, 5.6209 ], [ 37.8584, 5.6252 ], [ 37.8838, 5.6243 ], [ 37.8889, 5.6288 ], [ 37.8936, 5.6428 ], [ 37.9103, 5.6434 ], [ 37.9188, 5.6495 ], [ 37.9435, 5.6395 ], [ 37.9775, 5.6494 ], [ 38.008, 5.6502 ], [ 38.0408, 5.6736 ], [ 38.0752, 5.6889 ], [ 38.0871, 5.7213 ], [ 38.0889, 5.7456 ], [ 38.0721, 5.7626 ], [ 38.0542, 5.7641 ], [ 38.0392, 5.7724 ], [ 38.0199, 5.79 ], [ 38.0123, 5.8043 ], [ 38.0071, 5.8493 ], [ 37.9825, 5.8878 ], [ 37.9776, 5.9278 ], [ 37.9686, 5.956 ], [ 37.9527, 5.9633 ], [ 37.904, 5.9605 ], [ 37.895, 5.9745 ], [ 37.8805, 5.985 ], [ 37.8655, 5.9866 ], [ 37.843, 6.0109 ], [ 37.8271, 6.01 ], [ 37.8037, 5.9932 ], [ 37.7915, 5.9959 ], [ 37.7832, 6.0106 ] ] ] } },
{ "type": "Feature", "properties": { "iso3": "ETH", "unit_id": "89294058B70144824367584", "unit_name": "Burji" }, "geometry": { "type": "Polygon", "coordinates": [ [ [ 37.8868, 5.2354 ], [ 37.9008, 5.2449 ], [ 37.9021, 5.2543 ], [ 37.9048, 5.304 ], [ 37.8964, 5.3499 ], [ 37.9012, 5.3732 ], [ 37.9193, 5.396 ], [ 37.9352, 5.423 ], [ 37.9468, 5.4743 ], [ 37.9478, 5.5377 ], [ 37.9411, 5.5851 ], [ 37.9302, 5.6167 ], [ 37.9435, 5.6395 ], [ 37.9188, 5.6495 ], [ 37.9103, 5.6434 ], [ 37.8936, 5.6428 ], [ 37.8889, 5.6288 ], [ 37.8838, 5.6243 ], [ 37.8584, 5.6252 ], [ 37.8456, 5.6209 ], [ 37.8009, 5.6481 ], [ 37.7843, 5.6416 ], [ 37.7744, 5.6329 ], [ 37.7519, 5.6258 ], [ 37.7342, 5.6242 ], [ 37.7289, 5.6329 ], [ 37.7315, 5.6402 ], [ 37.7298, 5.6472 ], [ 37.7264, 5.6498 ], [ 37.7286, 5.6638 ], [ 37.7106, 5.6758 ], [ 37.6988, 5.7057 ], [ 37.6902, 5.7054 ], [ 37.6856, 5.7003 ], [ 37.6815, 5.7026 ], [ 37.6732, 5.701 ], [ 37.6693, 5.6973 ], [ 37.6636, 5.7001 ], [ 37.6538, 5.6892 ], [ 37.6155, 5.6839 ], [ 37.606, 5.6886 ], [ 37.5861, 5.6578 ], [ 37.5891, 5.6453 ], [ 37.5861, 5.6396 ], [ 37.5876, 5.6333 ], [ 37.5981, 5.6188 ], [ 37.5995, 5.6066 ], [ 37.5916, 5.6082 ], [ 37.5801, 5.6004 ], [ 37.5744, 5.6013 ], [ 37.5694, 5.6158 ], [ 37.5633, 5.6199 ], [ 37.552, 5.6167 ], [ 37.5479, 5.602 ], [ 37.5517, 5.5988 ], [ 37.5521, 5.5876 ], [ 37.5768, 5.5833 ], [ 37.5886, 5.5659 ], [ 37.5894, 5.5577 ], [ 37.5947, 5.5528 ], [ 37.5962, 5.5468 ], [ 37.5934, 5.5398 ], [ 37.5979, 5.5308 ], [ 37.6051, 5.5247 ], [ 37.6238, 5.518 ], [ 37.6353, 5.5021 ], [ 37.6437, 5.5005 ], [ 37.6566, 5.4905 ], [ 37.6747, 5.47 ], [ 37.6771, 5.462 ], [ 37.6913, 5.46 ], [ 37.6895, 5.4519 ], [ 37.6936, 5.4442 ], [ 37.6907, 5.4332 ], [ 37.6828, 5.4307 ], [ 37.6798, 5.4263 ], [ 37.6803, 5.4179 ], [ 37.6856, 5.4114 ], [ 37.6841, 5.4059 ], [ 37.6783, 5.4004 ], [ 37.671, 5.3827 ], [ 37.659, 5.3714 ], [ 37.6567, 5.3639 ], [ 37.6591, 5.3492 ], [ 37.6534, 5.3479 ], [ 37.6508, 5.3357 ], [ 37.6462, 5.3315 ], [ 37.6493, 5.3077 ], [ 37.6455, 5.2972 ], [ 37.6742, 5.3076 ], [ 37.7009, 5.3059 ], [ 37.7289, 5.2922 ], [ 37.7471, 5.2766 ], [ 37.7728, 5.2834 ], [ 37.8101, 5.2683 ], [ 37.8271, 5.2497 ], [ 37.8527, 5.2346 ], [ 37.8868, 5.2354 ] ] ] } },
{ "type": "Feature", "properties": { "iso3": "ETH", "unit_id": "89294058B20528436129471", "unit_name": "Derashe" }, "geometry": { "type": "Polygon", "coordinates": [ [ [ 37.126, 5.7277 ], [ 37.1332, 5.725 ], [ 37.1377, 5.7177 ], [ 37.143, 5.7197 ], [ 37.1565, 5.7138 ], [ 37.1723, 5.7148 ], [ 37.1747, 5.7116 ], [ 37.185, 5.7092 ], [ 37.2146, 5.7102 ], [ 37.2299, 5.7042 ], [ 37.2424, 5.6875 ], [ 37.2507, 5.6831 ], [ 37.2592, 5.6732 ], [ 37.2682, 5.6526 ], [ 37.2673, 5.6429 ], [ 37.2584, 5.6289 ], [ 37.2581, 5.6093 ], [ 37.2686, 5.5887 ], [ 37.297, 5.5864 ], [ 37.3224, 5.5945 ], [ 37.3161, 5.5876 ], [ 37.3136, 5.579 ], [ 37.3275, 5.5476 ], [ 37.3385, 5.5397 ], [ 37.3316, 5.5343 ], [ 37.3354, 5.5236 ], [ 37.3465, 5.513 ], [ 37.3612, 5.5121 ], [ 37.362, 5.524 ], [ 37.3801, 5.5242 ], [ 37.4031, 5.5095 ], [ 37.4051, 5.5114 ], [ 37.4138, 5.5079 ], [ 37.4318, 5.5117 ], [ 37.4304, 5.5203 ], [ 37.4332, 5.5214 ], [ 37.4502, 5.522 ], [ 37.4658, 5.5154 ], [ 37.4662, 5.5224 ], [ 37.4619, 5.5316 ], [ 37.4628, 5.5436 ], [ 37.4576, 5.5545 ], [ 37.4642, 5.5562 ], [ 37.4662, 5.5635 ], [ 37.4775, 5.5516 ], [ 37.4837, 5.5651 ], [ 37.485, 5.577 ], [ 37.4971, 5.5847 ], [ 37.4908, 5.6034 ], [ 37.5164, 5.6099 ], [ 37.5182, 5.6155 ], [ 37.5317, 5.6261 ], [ 37.5343, 5.6498 ], [ 37.5425, 5.6543 ], [ 37.5535, 5.6826 ], [ 37.5575, 5.7053 ], [ 37.5498, 5.734 ], [ 37.5358, 5.725 ], [ 37.529, 5.7242 ], [ 37.5041, 5.704 ], [ 37.4964, 5.7021 ], [ 37.4866, 5.7324 ], [ 37.4824, 5.7314 ], [ 37.4636, 5.7158 ], [ 37.4562, 5.7056 ], [ 37.4519, 5.7051 ], [ 37.4365, 5.7193 ], [ 37.425, 5.715 ], [ 37.4173, 5.7208 ], [ 37.4062, 5.74 ], [ 37.3854, 5.747 ], [ 37.3799, 5.7454 ], [ 37.3774, 5.751 ], [ 37.3593, 5.7627 ], [ 37.3375, 5.7668 ], [ 37.3264, 5.7738 ], [ 37.3216, 5.7818 ], [ 37.305, 5.7868 ], [ 37.28, 5.7708 ], [ 37.2764, 5.7619 ], [ 37.2632, 5.7587 ], [ 37.2619, 5.7542 ], [ 37.2582, 5.7556 ], [ 37.2401, 5.7479 ], [ 37.2343, 5.7416 ], [ 37.1939, 5.7335 ], [ 37.1789, 5.7371 ], [ 37.1718, 5.7425 ], [ 37.1467, 5.7338 ], [ 37.142, 5.729 ], [ 37.126, 5.7277 ] ] ] } },
{ "type": "Feature", "properties": { "iso3": "ETH", "unit_id": "89294058B10746581709394", "unit_name": "Yem Special" }, "geometry": { "type": "Polygon", "coordinates": [ [ [ 37.4451, 7.5643 ], [ 37.455, 7.5625 ], [ 37.4577, 7.571 ], [ 37.4659, 7.5735 ], [ 37.4687, 7.5871 ], [ 37.4746, 7.5942 ], [ 37.5074, 7.6082 ], [ 37.5117, 7.6155 ], [ 37.5081, 7.6231 ], [ 37.5105, 7.6309 ], [ 37.5356, 7.664 ], [ 37.5355, 7.6774 ], [ 37.5443, 7.6857 ], [ 37.5537, 7.7246 ], [ 37.5582, 7.729 ], [ 37.5623, 7.7413 ], [ 37.5628, 7.7753 ], [ 37.5686, 7.7808 ], [ 37.5733, 7.8031 ], [ 37.5877, 7.8228 ], [ 37.5887, 7.8349 ], [ 37.5964, 7.8511 ], [ 37.5999, 7.8954 ], [ 37.6043, 7.9137 ], [ 37.6025, 7.923 ], [ 37.608, 7.9265 ], [ 37.6059, 7.9405 ], [ 37.6154, 7.9506 ], [ 37.6114, 7.9674 ], [ 37.6064, 7.9691 ], [ 37.6015, 7.986 ], [ 37.6028, 7.9649 ], [ 37.5575, 7.9483 ], [ 37.5393, 7.9539 ], [ 37.5217, 7.9771 ], [ 37.514, 7.9997 ], [ 37.5017, 8.0118 ], [ 37.4908, 8.0171 ], [ 37.4596, 8.0077 ], [ 37.4167, 8.0012 ], [ 37.4041, 7.9936 ], [ 37.3918, 7.9929 ], [ 37.3877, 7.9744 ], [ 37.3898, 7.962 ], [ 37.4166, 7.9436 ], [ 37.4367, 7.9185 ], [ 37.4344, 7.8981 ], [ 37.4118, 7.8539 ], [ 37.4048, 7.8273 ], [ 37.4, 7.7411 ], [ 37.4012, 7.6827 ], [ 37.407, 7.6576 ], [ 37.4198, 7.6338 ], [ 37.4354, 7.5841 ], [ 37.4451, 7.5643 ] ] ] } },
{ "type": "Feature", "properties": { "iso3": "ETH", "unit_id": "89294058B67322414269497", "unit_name": "Sheka" }, "geometry": { "type": "Polygon", "coordinates": [ [ [ 35.116, 7.6451 ], [ 35.1156, 7.6308 ], [ 35.1457, 7.6302 ], [ 35.1663, 7.6149 ], [ 35.1647, 7.5804 ], [ 35.1719, 7.5328 ], [ 35.1462, 7.5195 ], [ 35.1381, 7.5121 ], [ 35.1207, 7.4835 ], [ 35.1224, 7.4786 ], [ 35.1614, 7.4714 ], [ 35.1893, 7.4556 ], [ 35.2095, 7.4719 ], [ 35.2439, 7.4737 ], [ 35.2623, 7.4802 ], [ 35.2726, 7.4715 ], [ 35.3096, 7.4792 ], [ 35.3201, 7.463 ], [ 35.329, 7.4616 ], [ 35.3453, 7.4529 ], [ 35.3558, 7.4367 ], [ 35.3736, 7.428 ], [ 35.3678, 7.4146 ], [ 35.3923, 7.3962 ], [ 35.3875, 7.3507 ], [ 35.3749, 7.29 ], [ 35.3703, 7.2774 ], [ 35.3534, 7.2624 ], [ 35.3458, 7.239 ], [ 35.3729, 7.231 ], [ 35.3401, 7.1871 ], [ 35.3344, 7.1883 ], [ 35.334, 7.1799 ], [ 35.353, 7.1539 ], [ 35.3687, 7.1442 ], [ 35.3804, 7.1228 ], [ 35.3748, 7.1191 ], [ 35.3892, 7.1114 ], [ 35.3949, 7.1239 ], [ 35.4019, 7.1277 ], [ 35.4138, 7.125 ], [ 35.4166, 7.1187 ], [ 35.4291, 7.1251 ], [ 35.4434, 7.1247 ], [ 35.4472, 7.1422 ], [ 35.4387, 7.1541 ], [ 35.4277, 7.1563 ], [ 35.4382, 7.1633 ], [ 35.4542, 7.1604 ], [ 35.4612, 7.1679 ], [ 35.4761, 7.1734 ], [ 35.48, 7.1696 ], [ 35.486, 7.1694 ], [ 35.495, 7.1591 ], [ 35.5108, 7.1614 ], [ 35.5142, 7.1571 ], [ 35.5188, 7.1593 ], [ 35.526, 7.1541 ], [ 35.5337, 7.1574 ], [ 35.5341, 7.1613 ], [ 35.5465, 7.1703 ], [ 35.5531, 7.1712 ], [ 35.5546, 7.1793 ], [ 35.5584, 7.1827 ], [ 35.5616, 7.1785 ], [ 35.5831, 7.1889 ], [ 35.5898, 7.1883 ], [ 35.5919, 7.1925 ], [ 35.5982, 7.1944 ], [ 35.5948, 7.1884 ], [ 35.5965, 7.1863 ], [ 35.6126, 7.1921 ], [ 35.6109, 7.1978 ], [ 35.6145, 7.1984 ], [ 35.6139, 7.1953 ], [ 35.617, 7.1938 ], [ 35.6228, 7.1954 ], [ 35.6353, 7.2064 ], [ 35.6458, 7.1996 ], [ 35.6542, 7.2025 ], [ 35.6683, 7.2012 ], [ 35.6734, 7.2046 ], [ 35.6935, 7.2044 ], [ 35.7058, 7.209 ], [ 35.7119, 7.2165 ], [ 35.724, 7.2135 ], [ 35.7357, 7.2196 ], [ 35.7255, 7.2345 ], [ 35.7317, 7.2405 ], [ 35.7135, 7.2414 ], [ 35.702, 7.227 ], [ 35.6965, 7.2249 ], [ 35.6778, 7.2278 ], [ 35.6689, 7.2416 ], [ 35.6606, 7.2347 ], [ 35.6485, 7.236 ], [ 35.6414, 7.2331 ], [ 35.6387, 7.228 ], [ 35.6226, 7.2304 ], [ 35.6074, 7.2518 ], [ 35.6045, 7.2462 ], [ 35.5966, 7.2463 ], [ 35.5921, 7.26 ], [ 35.5797, 7.2637 ], [ 35.573, 7.2793 ], [ 35.5683, 7.281 ], [ 35.5579, 7.2727 ], [ 35.5382, 7.2665 ], [ 35.5205, 7.2674 ], [ 35.5122, 7.262 ], [ 35.5007, 7.2691 ], [ 35.4943, 7.2652 ], [ 35.4904, 7.2724 ], [ 35.4982, 7.2785 ], [ 35.5014, 7.287 ], [ 35.4965, 7.3087 ], [ 35.5011, 7.3169 ], [ 35.5023, 7.3441 ], [ 35.494, 7.3587 ], [ 35.4971, 7.3839 ], [ 35.439, 7.4229 ], [ 35.4807, 7.4473 ], [ 35.4995, 7.4638 ], [ 35.5253, 7.4753 ], [ 35.5283, 7.4811 ], [ 35.5651, 7.4873 ], [ 35.5591, 7.4963 ], [ 35.5567, 7.5135 ], [ 35.5625, 7.5135 ], [ 35.5861, 7.5352 ], [ 35.5855, 7.5472 ], [ 35.5807, 7.5552 ], [ 35.5821, 7.5723 ], [ 35.5785, 7.6005 ], [ 35.5728, 7.608 ], [ 35.5633, 7.6514 ], [ 35.568, 7.6598 ], [ 35.5665, 7.6653 ], [ 35.5701, 7.6738 ], [ 35.5932, 7.6833 ], [ 35.5942, 7.6902 ], [ 35.6029, 7.6928 ], [ 35.5919, 7.7081 ], [ 35.5802, 7.7108 ], [ 35.576, 7.7164 ], [ 35.5802, 7.7181 ], [ 35.5767, 7.7386 ], [ 35.5928, 7.7347 ], [ 35.5981, 7.7429 ], [ 35.5954, 7.751 ], [ 35.6021, 7.7721 ], [ 35.5949, 7.7752 ], [ 35.5939, 7.7807 ], [ 35.5911, 7.7789 ], [ 35.5934, 7.7856 ], [ 35.5893, 7.7884 ], [ 35.5952, 7.7962 ], [ 35.5915, 7.8087 ], [ 35.5702, 7.8129 ], [ 35.5546, 7.8202 ], [ 35.5444, 7.831 ], [ 35.5362, 7.8494 ], [ 35.5305, 7.88 ], [ 35.5207, 7.8956 ], [ 35.4972, 7.8803 ], [ 35.4902, 7.8826 ], [ 35.4743, 7.8735 ], [ 35.4597, 7.8725 ], [ 35.4335, 7.8828 ], [ 35.4287, 7.8808 ], [ 35.4006, 7.8296 ], [ 35.3891, 7.827 ], [ 35.372, 7.8325 ], [ 35.3581, 7.843 ], [ 35.342, 7.8214 ], [ 35.3409, 7.7766 ], [ 35.3249, 7.7653 ], [ 35.293, 7.7519 ], [ 35.2899, 7.7472 ], [ 35.2756, 7.746 ], [ 35.2479, 7.7265 ], [ 35.2227, 7.7031 ], [ 35.2203, 7.6626 ], [ 35.2123, 7.6515 ], [ 35.1729, 7.6542 ], [ 35.116, 7.6451 ] ] ] } },
{ "type": "Feature", "properties": { "iso3": "ETH", "unit_id": "89294058B4080406841843", "unit_name": "Kefa" }, "geometry": { "type": "Polygon", "coordinates": [ [ [ 35.5915, 7.8087 ], [ 35.5952, 7.7962 ], [ 35.5893, 7.7884 ], [ 35.5934, 7.7856 ], [ 35.5911, 7.7789 ], [ 35.5939, 7.7807 ], [ 35.5949, 7.7752 ], [ 35.6021, 7.7721 ], [ 35.5954, 7.751 ], [ 35.5981, 7.7429 ], [ 35.5928, 7.7347 ], [ 35.5767, 7.7386 ], [ 35.5802, 7.7181 ], [ 35.576, 7.7164 ], [ 35.5802, 7.7108 ], [ 35.5919, 7.7081 ], [ 35.6029, 7.6928 ], [ 35.5942, 7.6902 ], [ 35.5932, 7.6833 ], [ 35.5701, 7.6738 ], [ 35.5665, 7.6653 ], [ 35.568, 7.6598 ], [ 35.5633, 7.6514 ], [ 35.5728, 7.608 ], [ 35.5785, 7.6005 ], [ 35.5821, 7.5723 ], [ 35.5807, 7.5552 ], [ 35.5855, 7.5472 ], [ 35.5861, 7.5352 ], [ 35.5625, 7.5135 ], [ 35.5567, 7.5135 ], [ 35.5591, 7.4963 ], [ 35.5651, 7.4873 ], [ 35.5283, 7.4811 ], [ 35.5253, 7.4753 ], [ 35.4995, 7.4638 ], [ 35.4807, 7.4473 ], [ 35.439, 7.4229 ], [ 35.4971, 7.3839 ], [ 35.494, 7.3587 ], [ 35.5023, 7.3441 ], [ 35.5011, 7.3169 ], [ 35.4965, 7.3087 ], [ 35.5014, 7.287 ], [ 35.4982, 7.2785 ], [ 35.4904, 7.2724 ], [ 35.4918, 7.2677 ], [ 35.4943, 7.2652 ], [ 35.5007, 7.2691 ], [ 35.5122, 7.262 ], [ 35.5205, 7.2674 ], [ 35.5382, 7.2665 ], [ 35.5579, 7.2727 ], [ 35.5683, 7.281 ], [ 35.573, 7.2793 ], [ 35.5797, 7.2637 ], [ 35.5921, 7.26 ], [ 35.5966, 7.2463 ], [ 35.6045, 7.2462 ], [ 35.6074, 7.2518 ], [ 35.6171, 7.2364 ], [ 35.6273, 7.2287 ], [ 35.6387, 7.228 ], [ 35.6414, 7.2331 ], [ 35.6485, 7.236 ], [ 35.6606, 7.2347 ], [ 35.6689, 7.2416 ], [ 35.6778, 7.2278 ], [ 35.6965, 7.2249 ], [ 35.702, 7.227 ], [ 35.7135, 7.2414 ], [ 35.7317, 7.2405 ], [ 35.7255, 7.2345 ], [ 35.7357, 7.2196 ], [ 35.724, 7.2135 ], [ 35.7119, 7.2165 ], [ 35.7058, 7.209 ], [ 35.6935, 7.2044 ], [ 35.7016, 7.1828 ], [ 35.6996, 7.1667 ], [ 35.7128, 7.1544 ], [ 35.715, 7.1391 ], [ 35.7197, 7.1324 ], [ 35.7208, 7.117 ], [ 35.7164, 7.1162 ], [ 35.7179, 7.1071 ], [ 35.7247, 7.103 ], [ 35.7241, 7.1 ], [ 35.7146, 7.0958 ], [ 35.7089, 7.0752 ], [ 35.7212, 7.0666 ], [ 35.729, 7.0674 ], [ 35.7442, 7.0829 ], [ 35.7506, 7.0824 ], [ 35.7541, 7.0778 ], [ 35.7466, 7.0583 ], [ 35.734, 7.0513 ], [ 35.7098, 7.0303 ], [ 35.7146, 7.0145 ], [ 35.7125, 7.0044 ], [ 35.7335, 7.0114 ], [ 35.7492, 7.0207 ], [ 35.7525, 7.0198 ], [ 35.7662, 7.0325 ], [ 35.7753, 7.027 ], [ 35.7757, 7.0213 ], [ 35.7882, 7.0072 ], [ 35.7984, 7.0346 ], [ 35.7952, 7.0442 ], [ 35.8048, 7.0468 ], [ 35.8082, 7.0514 ], [ 35.8069, 7.0703 ], [ 35.8157, 7.0751 ], [ 35.8282, 7.0746 ], [ 35.8436, 7.0811 ], [ 35.8426, 7.0662 ], [ 35.8207, 7.0394 ], [ 35.8254, 7.0367 ], [ 35.8244, 7.0296 ], [ 35.8446, 7.0194 ], [ 35.8492, 7.0106 ], [ 35.858, 7.0119 ], [ 35.8606, 7.0315 ], [ 35.8692, 7.035 ], [ 35.8712, 7.0445 ], [ 35.8802, 7.0524 ], [ 35.8759, 7.0705 ], [ 35.8783, 7.0904 ], [ 35.8861, 7.0964 ], [ 35.8938, 7.097 ], [ 35.9023, 7.1078 ], [ 35.9153, 7.1066 ], [ 35.9353, 7.1174 ], [ 35.9411, 7.1171 ], [ 35.9537, 7.1006 ], [ 35.9662, 7.0937 ], [ 35.9696, 7.0868 ], [ 35.9866, 7.0742 ], [ 35.9872, 7.0677 ], [ 35.9912, 7.0632 ], [ 35.9962, 7.0632 ], [ 36.001, 7.0539 ], [ 35.9985, 7.0478 ], [ 36.0013, 7.0384 ], [ 35.9983, 7.0384 ], [ 35.9973, 7.0333 ], [ 36.0008, 7.0249 ], [ 36.0019, 7.0002 ], [ 36.009, 6.9835 ], [ 36.0149, 6.9787 ], [ 36.0132, 6.9603 ], [ 36.0192, 6.9478 ], [ 36.0184, 6.9404 ], [ 36.0314, 6.9124 ], [ 36.0361, 6.9094 ], [ 36.0348, 6.9043 ], [ 36.045, 6.8983 ], [ 36.0471, 6.8939 ], [ 36.0433, 6.8836 ], [ 36.0497, 6.879 ], [ 36.0557, 6.8645 ], [ 36.0571, 6.8519 ], [ 36.0542, 6.8365 ], [ 36.0598, 6.8338 ], [ 36.0567, 6.8277 ], [ 36.0635, 6.8177 ], [ 36.0636, 6.8109 ], [ 36.057, 6.8049 ], [ 36.0641, 6.8035 ], [ 36.0704, 6.7949 ], [ 36.0652, 6.793 ], [ 36.068, 6.7855 ], [ 36.0653, 6.7717 ], [ 36.0668, 6.7682 ], [ 36.0759, 6.7668 ], [ 36.0707, 6.7613 ], [ 36.0738, 6.7577 ], [ 36.072, 6.7548 ], [ 36.0612, 6.7482 ], [ 36.0616, 6.7425 ], [ 36.0671, 6.7368 ], [ 36.0643, 6.7319 ], [ 36.0658, 6.726 ], [ 36.0841, 6.7225 ], [ 36.0787, 6.7132 ], [ 36.0808, 6.7088 ], [ 36.0754, 6.698 ], [ 36.0866, 6.6799 ], [ 36.0855, 6.6674 ], [ 36.0689, 6.6547 ], [ 36.0672, 6.6432 ], [ 36.0753, 6.6361 ], [ 36.0737, 6.6209 ], [ 36.0776, 6.6124 ], [ 36.0842, 6.6144 ], [ 36.0948, 6.6105 ], [ 36.1022, 6.5948 ], [ 36.1114, 6.5917 ], [ 36.1169, 6.5844 ], [ 36.1231, 6.5824 ], [ 36.1269, 6.5738 ], [ 36.1324, 6.5729 ], [ 36.1343, 6.5676 ], [ 36.1293, 6.5545 ], [ 36.1378, 6.5375 ], [ 36.1233, 6.515 ], [ 36.1241, 6.5082 ], [ 36.1294, 6.5052 ], [ 36.1295, 6.4992 ], [ 36.125, 6.5019 ], [ 36.1211, 6.4986 ], [ 36.1146, 6.4827 ], [ 36.1031, 6.4837 ], [ 36.097, 6.4753 ], [ 36.1019, 6.4672 ], [ 36.0967, 6.4655 ], [ 36.0932, 6.4701 ], [ 36.0879, 6.4706 ], [ 36.0693, 6.4607 ], [ 36.0638, 6.4639 ], [ 36.0625, 6.4608 ], [ 36.0457, 6.4635 ], [ 36.0412, 6.4611 ], [ 36.0292, 6.4376 ], [ 36.0299, 6.4333 ], [ 36.0237, 6.431 ], [ 36.0195, 6.4251 ], [ 36.0217, 6.423 ], [ 36.018, 6.4207 ], [ 36.018, 6.4136 ], [ 36.0064, 6.4101 ], [ 36.0043, 6.4047 ], [ 35.9979, 6.404 ], [ 35.9964, 6.3979 ], [ 35.9922, 6.3963 ], [ 35.9945, 6.3901 ], [ 35.9838, 6.3805 ], [ 35.9841, 6.3562 ], [ 35.9784, 6.3528 ], [ 35.9808, 6.347 ], [ 35.9731, 6.337 ], [ 35.9738, 6.32 ], [ 35.9785, 6.3158 ], [ 35.9756, 6.3084 ], [ 35.9701, 6.3042 ], [ 35.9738, 6.2986 ], [ 35.9684, 6.2863 ], [ 35.9796, 6.2662 ], [ 35.9748, 6.2634 ], [ 35.9754, 6.2559 ], [ 35.971, 6.2536 ], [ 35.9666, 6.2442 ], [ 35.9681, 6.2354 ], [ 35.9798, 6.249 ], [ 35.9971, 6.2603 ], [ 36.0189, 6.2657 ], [ 36.027, 6.2751 ], [ 36.0364, 6.2695 ], [ 36.0394, 6.2713 ], [ 36.0446, 6.293 ], [ 36.0591, 6.3074 ], [ 36.0353, 6.3316 ], [ 36.0391, 6.3471 ], [ 36.0454, 6.3505 ], [ 36.0547, 6.3476 ], [ 36.0689, 6.3549 ], [ 36.0804, 6.3802 ], [ 36.0934, 6.3884 ], [ 36.0956, 6.4003 ], [ 36.1001, 6.4062 ], [ 36.1092, 6.4155 ], [ 36.1184, 6.4174 ], [ 36.1323, 6.4358 ], [ 36.1385, 6.4385 ], [ 36.1649, 6.4358 ], [ 36.187, 6.4432 ], [ 36.1916, 6.4418 ], [ 36.212, 6.4202 ], [ 36.2161, 6.4068 ], [ 36.2372, 6.3892 ], [ 36.2488, 6.385 ], [ 36.2661, 6.3917 ], [ 36.2721, 6.4022 ], [ 36.2832, 6.4126 ], [ 36.3067, 6.4264 ], [ 36.3173, 6.4504 ], [ 36.3254, 6.4589 ], [ 36.3227, 6.4668 ], [ 36.3376, 6.4987 ], [ 36.3392, 6.5332 ], [ 36.3278, 6.5488 ], [ 36.3281, 6.5754 ], [ 36.3541, 6.6134 ], [ 36.3589, 6.6313 ], [ 36.3484, 6.6698 ], [ 36.3385, 6.6825 ], [ 36.3421, 6.7037 ], [ 36.3697, 6.7313 ], [ 36.3837, 6.7367 ], [ 36.3841, 6.7419 ], [ 36.3943, 6.7476 ], [ 36.3948, 6.7526 ], [ 36.4058, 6.7603 ], [ 36.4016, 6.7641 ], [ 36.4032, 6.7709 ], [ 36.4152, 6.7765 ], [ 36.4155, 6.7839 ], [ 36.4275, 6.7774 ], [ 36.4289, 6.7822 ], [ 36.4351, 6.7805 ], [ 36.4387, 6.7848 ], [ 36.4591, 6.7849 ], [ 36.4606, 6.7886 ], [ 36.4651, 6.789 ], [ 36.4655, 6.7956 ], [ 36.472, 6.7959 ], [ 36.4786, 6.8077 ], [ 36.4857, 6.8076 ], [ 36.4905, 6.8161 ], [ 36.4831, 6.8785 ], [ 36.4578, 6.9221 ], [ 36.464, 6.9454 ], [ 36.4619, 6.9622 ], [ 36.464, 6.9683 ], [ 36.4792, 6.9868 ], [ 36.4936, 6.9822 ], [ 36.5041, 6.9826 ], [ 36.5093, 6.9902 ], [ 36.5035, 6.9948 ], [ 36.5048, 7.003 ], [ 36.5129, 7.009 ], [ 36.5233, 7.0054 ], [ 36.5369, 7.0071 ], [ 36.5525, 7.0046 ], [ 36.5503, 7.0188 ], [ 36.5661, 7.0328 ], [ 36.5685, 7.0487 ], [ 36.5845, 7.0532 ], [ 36.601, 7.0502 ], [ 36.6003, 7.0771 ], [ 36.591, 7.0895 ], [ 36.5918, 7.0998 ], [ 36.5863, 7.1081 ], [ 36.5862, 7.1143 ], [ 36.5916, 7.1229 ], [ 36.6194, 7.1327 ], [ 36.6491, 7.1283 ], [ 36.6628, 7.1324 ], [ 36.6769, 7.1325 ], [ 36.681, 7.1403 ], [ 36.68, 7.1475 ], [ 36.6845, 7.1492 ], [ 36.6837, 7.1571 ], [ 36.6933, 7.1665 ], [ 36.7066, 7.1544 ], [ 36.7172, 7.1497 ], [ 36.7229, 7.1512 ], [ 36.7285, 7.1591 ], [ 36.7427, 7.158 ], [ 36.7559, 7.161 ], [ 36.7692, 7.1982 ], [ 36.7713, 7.2317 ], [ 36.7787, 7.2393 ], [ 36.776, 7.2398 ], [ 36.7745, 7.2461 ], [ 36.7911, 7.2523 ], [ 36.7625, 7.2659 ], [ 36.7199, 7.2985 ], [ 36.6726, 7.328 ], [ 36.6517, 7.345 ], [ 36.633, 7.3779 ], [ 36.6228, 7.3792 ], [ 36.606, 7.3684 ], [ 36.5983, 7.369 ], [ 36.4839, 7.416 ], [ 36.4532, 7.4174 ], [ 36.4063, 7.4085 ], [ 36.3746, 7.4156 ], [ 36.3487, 7.4454 ], [ 36.3018, 7.4499 ], [ 36.2795, 7.4633 ], [ 36.2247, 7.4844 ], [ 36.1566, 7.5426 ], [ 36.1276, 7.5556 ], [ 36.0869, 7.5539 ], [ 36.0622, 7.5575 ], [ 36.0353, 7.5726 ], [ 36.0325, 7.5915 ], [ 36.0519, 7.6539 ], [ 36.0419, 7.6744 ], [ 36.0206, 7.692 ], [ 35.9972, 7.7451 ], [ 35.9864, 7.7547 ], [ 35.9416, 7.7739 ], [ 35.8486, 7.839 ], [ 35.8591, 7.8601 ], [ 35.8869, 7.8925 ], [ 35.9024, 7.9262 ], [ 35.9051, 7.946 ], [ 35.8727, 8.0588 ], [ 35.8609, 8.0772 ], [ 35.8163, 8.0824 ], [ 35.7981, 8.0791 ], [ 35.7658, 8.0812 ], [ 35.7533, 8.0678 ], [ 35.744, 8.0509 ], [ 35.728, 8.0396 ], [ 35.7229, 8.0225 ], [ 35.7385, 7.9888 ], [ 35.7674, 7.9691 ], [ 35.7825, 7.954 ], [ 35.7953, 7.948 ], [ 35.7999, 7.9407 ], [ 35.7997, 7.9326 ], [ 35.7923, 7.9207 ], [ 35.7621, 7.8826 ], [ 35.7395, 7.8666 ], [ 35.7164, 7.8555 ], [ 35.6937, 7.8644 ], [ 35.6183, 7.8147 ], [ 35.6062, 7.8096 ], [ 35.5915, 7.8087 ] ] ] } },
{ "type": "Feature", "properties": { "iso3": "ETH", "unit_id": "89294058B13148174314080", "unit_name": "Bench Sheko" }, "geometry": { "type": "Polygon", "coordinates": [ [ [ 35.3748, 7.1191 ], [ 35.3718, 7.117 ], [ 35.3545, 7.1185 ], [ 35.3308, 7.1271 ], [ 35.3136, 7.1153 ], [ 35.2999, 7.1158 ], [ 35.2646, 7.1362 ], [ 35.2345, 7.1379 ], [ 35.2184, 7.108 ], [ 35.2046, 7.0996 ], [ 35.1143, 7.1021 ], [ 35.0837, 7.1248 ], [ 35.0539, 7.1843 ], [ 35.0208, 7.1858 ], [ 35.0109, 7.1947 ], [ 34.9779, 7.2133 ], [ 34.9702, 7.234 ], [ 34.9656, 7.2151 ], [ 34.9424, 7.1929 ], [ 34.8981, 7.1848 ], [ 34.8906, 7.1593 ], [ 34.8927, 7.0915 ], [ 34.8771, 7.0698 ], [ 34.8843, 7.0308 ], [ 34.9021, 7.0309 ], [ 34.9113, 6.9882 ], [ 34.9457, 6.9441 ], [ 34.974, 6.9252 ], [ 34.9979, 6.8929 ], [ 34.9924, 6.864 ], [ 34.969, 6.8593 ], [ 34.9456, 6.8265 ], [ 34.9337, 6.7963 ], [ 34.9854, 6.7982 ], [ 35.0429, 6.8105 ], [ 35.0799, 6.8108 ], [ 35.1468, 6.7611 ], [ 35.1796, 6.7274 ], [ 35.1782, 6.7096 ], [ 35.1977, 6.6802 ], [ 35.1875, 6.6565 ], [ 35.1863, 6.6269 ], [ 35.1953, 6.5974 ], [ 35.1868, 6.5575 ], [ 35.1859, 6.5072 ], [ 35.1921, 6.5023 ], [ 35.1997, 6.5039 ], [ 35.2136, 6.4886 ], [ 35.2163, 6.4936 ], [ 35.227, 6.4903 ], [ 35.2294, 6.4867 ], [ 35.2329, 6.4991 ], [ 35.2429, 6.5028 ], [ 35.2544, 6.5013 ], [ 35.2582, 6.5117 ], [ 35.2543, 6.5226 ], [ 35.2565, 6.526 ], [ 35.2679, 6.522 ], [ 35.2769, 6.5231 ], [ 35.2802, 6.528 ], [ 35.2898, 6.5289 ], [ 35.2914, 6.538 ], [ 35.3059, 6.543 ], [ 35.3058, 6.552 ], [ 35.3104, 6.5571 ], [ 35.3209, 6.5517 ], [ 35.3234, 6.5562 ], [ 35.3206, 6.5619 ], [ 35.3126, 6.5615 ], [ 35.309, 6.5706 ], [ 35.311, 6.5772 ], [ 35.3183, 6.5804 ], [ 35.3126, 6.5824 ], [ 35.3187, 6.5902 ], [ 35.3137, 6.5954 ], [ 35.3166, 6.5993 ], [ 35.3224, 6.5957 ], [ 35.3206, 6.6001 ], [ 35.34, 6.6131 ], [ 35.3454, 6.6221 ], [ 35.3659, 6.6337 ], [ 35.3719, 6.6464 ], [ 35.3702, 6.6511 ], [ 35.3765, 6.6598 ], [ 35.3775, 6.6764 ], [ 35.4017, 6.7044 ], [ 35.4028, 6.7105 ], [ 35.4116, 6.7168 ], [ 35.4208, 6.734 ], [ 35.4276, 6.7357 ], [ 35.4493, 6.7324 ], [ 35.4628, 6.7456 ], [ 35.4821, 6.7491 ], [ 35.4858, 6.747 ], [ 35.4956, 6.7558 ], [ 35.5051, 6.7488 ], [ 35.5162, 6.7474 ], [ 35.5186, 6.7437 ], [ 35.5335, 6.7495 ], [ 35.5433, 6.7488 ], [ 35.5511, 6.7634 ], [ 35.5764, 6.7776 ], [ 35.5853, 6.791 ], [ 35.6039, 6.7979 ], [ 35.6076, 6.796 ], [ 35.6059, 6.7863 ], [ 35.6197, 6.7815 ], [ 35.6201, 6.7687 ], [ 35.6307, 6.7566 ], [ 35.6364, 6.7507 ], [ 35.6451, 6.7486 ], [ 35.6446, 6.7431 ], [ 35.6562, 6.7413 ], [ 35.6701, 6.7485 ], [ 35.6739, 6.7619 ], [ 35.6825, 6.7665 ], [ 35.6913, 6.7654 ], [ 35.6939, 6.7684 ], [ 35.6934, 6.7728 ], [ 35.6875, 6.7739 ], [ 35.6866, 6.7769 ], [ 35.69, 6.7883 ], [ 35.7002, 6.7968 ], [ 35.7017, 6.8042 ], [ 35.71, 6.8025 ], [ 35.7171, 6.8103 ], [ 35.7252, 6.8093 ], [ 35.7297, 6.7981 ], [ 35.7346, 6.7974 ], [ 35.74, 6.7868 ], [ 35.7531, 6.791 ], [ 35.7655, 6.788 ], [ 35.7768, 6.79 ], [ 35.7753, 6.7919 ], [ 35.7971, 6.8023 ], [ 35.7976, 6.8124 ], [ 35.8025, 6.8207 ], [ 35.805, 6.8223 ], [ 35.811, 6.8147 ], [ 35.8134, 6.8154 ], [ 35.8155, 6.8225 ], [ 35.8266, 6.8272 ], [ 35.8293, 6.8348 ], [ 35.8438, 6.8466 ], [ 35.8601, 6.8481 ], [ 35.8719, 6.8352 ], [ 35.8843, 6.8493 ], [ 35.8706, 6.8651 ], [ 35.8698, 6.8768 ], [ 35.8658, 6.8788 ], [ 35.8629, 6.8979 ], [ 35.8696, 6.9036 ], [ 35.8683, 6.9077 ], [ 35.8643, 6.9113 ], [ 35.8468, 6.9132 ], [ 35.8456, 6.9186 ], [ 35.8457, 6.9393 ], [ 35.8558, 6.9505 ], [ 35.869, 6.9822 ], [ 35.8624, 6.9933 ], [ 35.856, 6.9961 ], [ 35.8441, 6.992 ], [ 35.838, 7.01 ], [ 35.848, 7.0064 ], [ 35.8541, 7.0092 ], [ 35.8533, 7.0114 ], [ 35.8492, 7.0106 ], [ 35.8446, 7.0194 ], [ 35.8244, 7.0296 ], [ 35.8254, 7.0367 ], [ 35.8207, 7.0394 ], [ 35.8426, 7.0662 ], [ 35.8454, 7.0811 ], [ 35.8282, 7.0746 ], [ 35.8157, 7.0751 ], [ 35.8069, 7.0703 ], [ 35.8082, 7.0514 ], [ 35.8048, 7.0468 ], [ 35.7952, 7.0442 ], [ 35.7984, 7.0346 ], [ 35.7882, 7.0072 ], [ 35.7757, 7.0213 ], [ 35.7753, 7.027 ], [ 35.7662, 7.0325 ], [ 35.7525, 7.0198 ], [ 35.7492, 7.0207 ], [ 35.7335, 7.0114 ], [ 35.7125, 7.0044 ], [ 35.7146, 7.0145 ], [ 35.7098, 7.0303 ], [ 35.734, 7.0513 ], [ 35.7466, 7.0583 ], [ 35.7541, 7.0778 ], [ 35.7506, 7.0824 ], [ 35.7442, 7.0829 ], [ 35.729, 7.0674 ], [ 35.7212, 7.0666 ], [ 35.7089, 7.0752 ], [ 35.7146, 7.0958 ], [ 35.7241, 7.1 ], [ 35.7247, 7.103 ], [ 35.7179, 7.1071 ], [ 35.7164, 7.1162 ], [ 35.7208, 7.117 ], [ 35.7197, 7.1324 ], [ 35.715, 7.1391 ], [ 35.7128, 7.1544 ], [ 35.6996, 7.1667 ], [ 35.7016, 7.1828 ], [ 35.6935, 7.2044 ], [ 35.6734, 7.2046 ], [ 35.6683, 7.2012 ], [ 35.6542, 7.2025 ], [ 35.6458, 7.1996 ], [ 35.6353, 7.2064 ], [ 35.6228, 7.1954 ], [ 35.617, 7.1938 ], [ 35.6139, 7.1953 ], [ 35.6145, 7.1984 ], [ 35.6109, 7.1978 ], [ 35.6126, 7.1921 ], [ 35.5965, 7.1863 ], [ 35.5948, 7.1884 ], [ 35.5982, 7.1944 ], [ 35.5919, 7.1925 ], [ 35.5898, 7.1883 ], [ 35.5831, 7.1889 ], [ 35.5616, 7.1785 ], [ 35.5584, 7.1827 ], [ 35.5546, 7.1793 ], [ 35.5531, 7.1712 ], [ 35.5465, 7.1703 ], [ 35.5341, 7.1613 ], [ 35.5337, 7.1574 ], [ 35.526, 7.1541 ], [ 35.5188, 7.1593 ], [ 35.5142, 7.1571 ], [ 35.5108, 7.1614 ], [ 35.495, 7.1591 ], [ 35.486, 7.1694 ], [ 35.48, 7.1696 ], [ 35.4761, 7.1734 ], [ 35.4612, 7.1679 ], [ 35.4542, 7.1604 ], [ 35.4382, 7.1633 ], [ 35.4277, 7.1563 ], [ 35.4387, 7.1541 ], [ 35.4472, 7.1422 ], [ 35.4434, 7.1247 ], [ 35.4291, 7.1251 ], [ 35.4166, 7.1187 ], [ 35.4138, 7.125 ], [ 35.4019, 7.1277 ], [ 35.3949, 7.1239 ], [ 35.3892, 7.1114 ], [ 35.3748, 7.1191 ] ] ] } },
{ "type": "Feature", "properties": { "iso3": "ETH", "unit_id": "89294058B8020187034893", "unit_name": "Dawuro" }, "geometry": { "type": "Polygon", "coordinates": [ [ [ 36.9647, 7.225 ], [ 36.9459, 7.2303 ], [ 36.926, 7.2289 ], [ 36.9096, 7.2358 ], [ 36.901, 7.2355 ], [ 36.8898, 7.2292 ], [ 36.876, 7.231 ], [ 36.8752, 7.2276 ], [ 36.8696, 7.2262 ], [ 36.8661, 7.2187 ], [ 36.8711, 7.2095 ], [ 36.867, 7.2006 ], [ 36.8667, 7.1838 ], [ 36.859, 7.1721 ], [ 36.8556, 7.1492 ], [ 36.8506, 7.1452 ], [ 36.8372, 7.1046 ], [ 36.8194, 7.0761 ], [ 36.8222, 7.0649 ], [ 36.8181, 7.0586 ], [ 36.8292, 7.0235 ], [ 36.8242, 6.9789 ], [ 36.8051, 6.9712 ], [ 36.8083, 6.9689 ], [ 36.8056, 6.9632 ], [ 36.801, 6.9649 ], [ 36.8003, 6.9615 ], [ 36.7849, 6.9575 ], [ 36.7844, 6.9516 ], [ 36.7762, 6.9456 ], [ 36.7787, 6.9439 ], [ 36.7753, 6.9368 ], [ 36.7647, 6.9324 ], [ 36.7642, 6.9235 ], [ 36.7609, 6.9215 ], [ 36.7639, 6.9154 ], [ 36.7596, 6.9026 ], [ 36.7629, 6.9002 ], [ 36.759, 6.8984 ], [ 36.7583, 6.8927 ], [ 36.75, 6.8874 ], [ 36.7494, 6.8781 ], [ 36.7404, 6.8742 ], [ 36.7361, 6.8636 ], [ 36.7304, 6.8607 ], [ 36.7291, 6.8521 ], [ 36.7207, 6.8482 ], [ 36.7078, 6.8308 ], [ 36.7087, 6.812 ], [ 36.704, 6.8073 ], [ 36.6989, 6.7886 ], [ 36.6901, 6.781 ], [ 36.6947, 6.7704 ], [ 36.6935, 6.7471 ], [ 36.6966, 6.7329 ], [ 36.6884, 6.7121 ], [ 36.6935, 6.7057 ], [ 36.7278, 6.7138 ], [ 36.7798, 6.7106 ], [ 36.8203, 6.6815 ], [ 36.8435, 6.6717 ], [ 36.8668, 6.6685 ], [ 36.8734, 6.671 ], [ 36.8888, 6.6868 ], [ 36.9323, 6.7039 ], [ 36.9685, 6.6932 ], [ 36.9849, 6.6852 ], [ 36.9891, 6.6799 ], [ 36.9936, 6.6515 ], [ 36.9879, 6.6375 ], [ 36.9914, 6.6218 ], [ 36.9881, 6.6032 ], [ 36.9925, 6.596 ], [ 37.0035, 6.5896 ], [ 37.0092, 6.5898 ], [ 37.0258, 6.5947 ], [ 37.043, 6.6131 ], [ 37.0648, 6.6262 ], [ 37.1044, 6.634 ], [ 37.1219, 6.6547 ], [ 37.136, 6.6569 ], [ 37.1466, 6.6697 ], [ 37.1661, 6.6704 ], [ 37.182, 6.6669 ], [ 37.1982, 6.6492 ], [ 37.2026, 6.6486 ], [ 37.2199, 6.6534 ], [ 37.2373, 6.6535 ], [ 37.2417, 6.6573 ], [ 37.2393, 6.674 ], [ 37.2328, 6.6718 ], [ 37.2311, 6.6771 ], [ 37.2288, 6.6976 ], [ 37.2225, 6.7 ], [ 37.2258, 6.7105 ], [ 37.2249, 6.7212 ], [ 37.2494, 6.7426 ], [ 37.2497, 6.7467 ], [ 37.2435, 6.752 ], [ 37.2439, 6.7612 ], [ 37.2546, 6.7716 ], [ 37.2642, 6.7751 ], [ 37.2664, 6.7797 ], [ 37.2677, 6.7772 ], [ 37.27, 6.7887 ], [ 37.2772, 6.8007 ], [ 37.2803, 6.821 ], [ 37.2874, 6.8336 ], [ 37.2929, 6.8349 ], [ 37.2977, 6.8409 ], [ 37.3047, 6.86 ], [ 37.3091, 6.8645 ], [ 37.3344, 6.8653 ], [ 37.338, 6.8745 ], [ 37.3786, 6.8663 ], [ 37.3886, 6.8608 ], [ 37.4165, 6.8713 ], [ 37.4239, 6.8768 ], [ 37.4254, 6.8845 ], [ 37.435, 6.8948 ], [ 37.4341, 6.9087 ], [ 37.4291, 6.9158 ], [ 37.4304, 6.9231 ], [ 37.4229, 6.935 ], [ 37.4211, 6.961 ], [ 37.4236, 6.9827 ], [ 37.427, 6.9888 ], [ 37.4269, 7.0029 ], [ 37.4323, 7.0101 ], [ 37.4324, 7.0258 ], [ 37.4457, 7.0412 ], [ 37.4467, 7.0455 ], [ 37.4411, 7.053 ], [ 37.4553, 7.0785 ], [ 37.4597, 7.0989 ], [ 37.4554, 7.1352 ], [ 37.4635, 7.1431 ], [ 37.4936, 7.1507 ], [ 37.5104, 7.1729 ], [ 37.5259, 7.1834 ], [ 37.5304, 7.1899 ], [ 37.5309, 7.1983 ], [ 37.5238, 7.2079 ], [ 37.5086, 7.2156 ], [ 37.4934, 7.2063 ], [ 37.4643, 7.1991 ], [ 37.4575, 7.2021 ], [ 37.4401, 7.2203 ], [ 37.4154, 7.2299 ], [ 37.4026, 7.2462 ], [ 37.3821, 7.2465 ], [ 37.3743, 7.2515 ], [ 37.3568, 7.2768 ], [ 37.353, 7.3031 ], [ 37.3554, 7.3215 ], [ 37.3517, 7.3307 ], [ 37.3536, 7.3422 ], [ 37.3495, 7.3577 ], [ 37.3312, 7.3497 ], [ 37.3312, 7.3434 ], [ 37.2876, 7.3344 ], [ 37.2623, 7.3254 ], [ 37.2378, 7.3121 ], [ 37.2116, 7.2927 ], [ 37.1542, 7.2407 ], [ 37.1286, 7.2284 ], [ 37.1048, 7.2245 ], [ 37.0395, 7.24 ], [ 36.9647, 7.225 ] ] ] } },
{ "type": "Feature", "properties": { "iso3": "ETH", "unit_id": "89294058B32634220996475", "unit_name": "Mirab Omo" }, "geometry": { "type": "Polygon", "coordinates": [ [ [ 35.9693, 6.236 ], [ 35.9666, 6.2442 ], [ 35.971, 6.2536 ], [ 35.9754, 6.2559 ], [ 35.9748, 6.2634 ], [ 35.9796, 6.2662 ], [ 35.9684, 6.2863 ], [ 35.9738, 6.2986 ], [ 35.9701, 6.3042 ], [ 35.9756, 6.3084 ], [ 35.9785, 6.3158 ], [ 35.9738, 6.32 ], [ 35.9731, 6.337 ], [ 35.9808, 6.347 ], [ 35.9784, 6.3528 ], [ 35.9841, 6.3562 ], [ 35.9838, 6.3805 ], [ 35.9945, 6.3901 ], [ 35.9922, 6.3963 ], [ 35.9964, 6.3979 ], [ 35.9994, 6.4051 ], [ 36.0043, 6.4047 ], [ 36.0064, 6.4101 ], [ 36.018, 6.4136 ], [ 36.018, 6.4207 ], [ 36.0217, 6.423 ], [ 36.0195, 6.4251 ], [ 36.0237, 6.431 ], [ 36.0299, 6.4333 ], [ 36.0292, 6.4376 ], [ 36.0412, 6.4611 ], [ 36.0457, 6.4635 ], [ 36.0625, 6.4608 ], [ 36.0638, 6.4639 ], [ 36.0693, 6.4607 ], [ 36.0879, 6.4706 ], [ 36.0932, 6.4701 ], [ 36.0967, 6.4655 ], [ 36.1019, 6.4672 ], [ 36.097, 6.4753 ], [ 36.1031, 6.4837 ], [ 36.1146, 6.4827 ], [ 36.1211, 6.4986 ], [ 36.125, 6.5019 ], [ 36.1295, 6.4992 ], [ 36.1294, 6.5052 ], [ 36.1241, 6.5082 ], [ 36.1233, 6.515 ], [ 36.1378, 6.5375 ], [ 36.1293, 6.5545 ], [ 36.1343, 6.5676 ], [ 36.1324, 6.5729 ], [ 36.1269, 6.5738 ], [ 36.1231, 6.5824 ], [ 36.1169, 6.5844 ], [ 36.1114, 6.5917 ], [ 36.1022, 6.5948 ], [ 36.0948, 6.6105 ], [ 36.0842, 6.6144 ], [ 36.0776, 6.6124 ], [ 36.0737, 6.6209 ], [ 36.0753, 6.6361 ], [ 36.0672, 6.6432 ], [ 36.0689, 6.6547 ], [ 36.0855, 6.6674 ], [ 36.0866, 6.6799 ], [ 36.0754, 6.698 ], [ 36.0808, 6.7088 ], [ 36.0787, 6.7132 ], [ 36.0841, 6.7225 ], [ 36.0658, 6.726 ], [ 36.0645, 6.7305 ], [ 36.0671, 6.7368 ], [ 36.0616, 6.7425 ], [ 36.0612, 6.7482 ], [ 36.072, 6.7548 ], [ 36.0738, 6.7577 ], [ 36.0707, 6.7613 ], [ 36.0759, 6.7668 ], [ 36.0668, 6.7682 ], [ 36.0653, 6.7717 ], [ 36.068, 6.7855 ], [ 36.0652, 6.793 ], [ 36.0704, 6.7949 ], [ 36.0641, 6.8035 ], [ 36.057, 6.8049 ], [ 36.0636, 6.8109 ], [ 36.0635, 6.8177 ], [ 36.0567, 6.8277 ], [ 36.0598, 6.8338 ], [ 36.0542, 6.8365 ], [ 36.0571, 6.8519 ], [ 36.0557, 6.8645 ], [ 36.0497, 6.879 ], [ 36.0433, 6.8836 ], [ 36.0471, 6.8939 ], [ 36.045, 6.8983 ], [ 36.0348, 6.9043 ], [ 36.0361, 6.9094 ], [ 36.0314, 6.9124 ], [ 36.0184, 6.9404 ], [ 36.0192, 6.9478 ], [ 36.0132, 6.9603 ], [ 36.0149, 6.9787 ], [ 36.009, 6.9835 ], [ 36.0019, 7.0002 ], [ 36.0008, 7.0249 ], [ 35.9973, 7.0333 ], [ 35.9983, 7.0384 ], [ 36.0013, 7.0384 ], [ 35.9985, 7.0478 ], [ 36.001, 7.0539 ], [ 35.9962, 7.0632 ], [ 35.9912, 7.0632 ], [ 35.9872, 7.0677 ], [ 35.9866, 7.0742 ], [ 35.9696, 7.0868 ], [ 35.9662, 7.0937 ], [ 35.9537, 7.1006 ], [ 35.9411, 7.1171 ], [ 35.9287, 7.1148 ], [ 35.9153, 7.1066 ], [ 35.9023, 7.1078 ], [ 35.8938, 7.097 ], [ 35.8861, 7.0964 ], [ 35.8783, 7.0904 ], [ 35.8759, 7.0705 ], [ 35.8802, 7.0524 ], [ 35.8712, 7.0445 ], [ 35.8692, 7.035 ], [ 35.8606, 7.0315 ], [ 35.858, 7.0119 ], [ 35.848, 7.0064 ], [ 35.838, 7.01 ], [ 35.8441, 6.992 ], [ 35.856, 6.9961 ], [ 35.8624, 6.9933 ], [ 35.869, 6.9822 ], [ 35.8643, 6.9663 ], [ 35.845, 6.9362 ], [ 35.8468, 6.9132 ], [ 35.8643, 6.9113 ], [ 35.8683, 6.9077 ], [ 35.8696, 6.9036 ], [ 35.8629, 6.8979 ], [ 35.8658, 6.8788 ], [ 35.8698, 6.8768 ], [ 35.8706, 6.8651 ], [ 35.8843, 6.8493 ], [ 35.8719, 6.8352 ], [ 35.8601, 6.8481 ], [ 35.8438, 6.8466 ], [ 35.8293, 6.8348 ], [ 35.8266, 6.8272 ], [ 35.8155, 6.8225 ], [ 35.8134, 6.8154 ], [ 35.811, 6.8147 ], [ 35.805, 6.8223 ], [ 35.8025, 6.8207 ], [ 35.7976, 6.8124 ], [ 35.7971, 6.8023 ], [ 35.7753, 6.7919 ], [ 35.7768, 6.79 ], [ 35.7655, 6.788 ], [ 35.7531, 6.791 ], [ 35.74, 6.7868 ], [ 35.7346, 6.7974 ], [ 35.7297, 6.7981 ], [ 35.7252, 6.8093 ], [ 35.7171, 6.8103 ], [ 35.71, 6.8025 ], [ 35.7017, 6.8042 ], [ 35.7002, 6.7968 ], [ 35.69, 6.7883 ], [ 35.6866, 6.7769 ], [ 35.6875, 6.7739 ], [ 35.6934, 6.7728 ], [ 35.6939, 6.7684 ], [ 35.6913, 6.7654 ], [ 35.6825, 6.7665 ], [ 35.6739, 6.7619 ], [ 35.6701, 6.7485 ], [ 35.6562, 6.7413 ], [ 35.6446, 6.7431 ], [ 35.6451, 6.7486 ], [ 35.6364, 6.7507 ], [ 35.6307, 6.7566 ], [ 35.6201, 6.7687 ], [ 35.6197, 6.7815 ], [ 35.6059, 6.7863 ], [ 35.6076, 6.796 ], [ 35.6039, 6.7979 ], [ 35.5853, 6.791 ], [ 35.5764, 6.7776 ], [ 35.5511, 6.7634 ], [ 35.5433, 6.7488 ], [ 35.5335, 6.7495 ], [ 35.5186, 6.7437 ], [ 35.5162, 6.7474 ], [ 35.5051, 6.7488 ], [ 35.4956, 6.7558 ], [ 35.4858, 6.747 ], [ 35.4821, 6.7491 ], [ 35.4628, 6.7456 ], [ 35.4493, 6.7324 ], [ 35.4276, 6.7357 ], [ 35.4208, 6.734 ], [ 35.4116, 6.7168 ], [ 35.4028, 6.7105 ], [ 35.4017, 6.7044 ], [ 35.3775, 6.6764 ], [ 35.3765, 6.6598 ], [ 35.3702, 6.6511 ], [ 35.3719, 6.6464 ], [ 35.3659, 6.6337 ], [ 35.3454, 6.6221 ], [ 35.34, 6.6131 ], [ 35.3206, 6.6001 ], [ 35.3224, 6.5957 ], [ 35.3166, 6.5993 ], [ 35.3137, 6.5954 ], [ 35.3187, 6.5902 ], [ 35.3126, 6.5824 ], [ 35.3183, 6.5804 ], [ 35.311, 6.5772 ], [ 35.309, 6.5706 ], [ 35.3126, 6.5615 ], [ 35.3206, 6.5619 ], [ 35.3234, 6.5562 ], [ 35.3209, 6.5517 ], [ 35.3104, 6.5571 ], [ 35.3058, 6.552 ], [ 35.3059, 6.543 ], [ 35.2914, 6.538 ], [ 35.2898, 6.5289 ], [ 35.2802, 6.528 ], [ 35.2769, 6.5231 ], [ 35.2679, 6.522 ], [ 35.2565, 6.526 ], [ 35.2543, 6.5226 ], [ 35.2582, 6.5117 ], [ 35.2544, 6.5013 ], [ 35.2429, 6.5028 ], [ 35.2329, 6.4991 ], [ 35.2294, 6.4867 ], [ 35.227, 6.4903 ], [ 35.2163, 6.4936 ], [ 35.2136, 6.4886 ], [ 35.1997, 6.5039 ], [ 35.1921, 6.5023 ], [ 35.1859, 6.5072 ], [ 35.1856, 6.4897 ], [ 35.1739, 6.4665 ], [ 35.1866, 6.4443 ], [ 35.1995, 6.4109 ], [ 35.1785, 6.3793 ], [ 35.1648, 6.3828 ], [ 35.1434, 6.3977 ], [ 35.1315, 6.3955 ], [ 35.1189, 6.3465 ], [ 35.1061, 6.3189 ], [ 35.0834, 6.3181 ], [ 35.0735, 6.3074 ], [ 35.0383, 6.3046 ], [ 35.0113, 6.2803 ], [ 34.985, 6.2988 ], [ 34.9773, 6.2929 ], [ 34.9754, 6.3012 ], [ 34.8529, 6.332 ], [ 34.8593, 6.2672 ], [ 34.8706, 6.2375 ], [ 34.9224, 6.1323 ], [ 34.9697, 6.0865 ], [ 34.9814, 6.0611 ], [ 34.9878, 6.0139 ], [ 34.9758, 5.9647 ], [ 34.9864, 5.878 ], [ 35.1054, 5.6883 ], [ 35.1039, 5.6325 ], [ 35.29, 5.5078 ], [ 35.2927, 5.4876 ], [ 35.2771, 5.4581 ], [ 35.2704, 5.4383 ], [ 35.303, 5.3774 ], [ 35.3263, 5.3571 ], [ 35.3528, 5.3507 ], [ 35.4191, 5.3984 ], [ 35.4437, 5.4255 ], [ 35.5047, 5.4314 ], [ 35.5279, 5.4268 ], [ 35.7262, 5.3644 ], [ 35.757, 5.3454 ], [ 35.7537, 5.3829 ], [ 35.756, 5.4116 ], [ 35.7542, 5.463 ], [ 35.7578, 5.515 ], [ 35.7538, 5.6007 ], [ 35.8069, 5.6658 ], [ 35.8774, 5.6732 ], [ 35.9516, 5.651 ], [ 35.9572, 5.6625 ], [ 35.9635, 5.6664 ], [ 35.9648, 5.6789 ], [ 35.9682, 5.6823 ], [ 35.9582, 5.684 ], [ 35.9617, 5.6925 ], [ 35.9702, 5.6943 ], [ 35.9695, 5.697 ], [ 35.9606, 5.6972 ], [ 35.959, 5.7007 ], [ 35.9657, 5.7177 ], [ 35.9758, 5.7278 ], [ 35.9785, 5.7596 ], [ 35.9655, 5.7744 ], [ 35.9623, 5.7828 ], [ 35.9669, 5.8004 ], [ 35.9624, 5.8131 ], [ 35.9658, 5.8205 ], [ 35.9612, 5.8276 ], [ 35.9609, 5.8346 ], [ 35.9628, 5.8388 ], [ 35.9734, 5.8404 ], [ 35.9684, 5.8698 ], [ 35.9761, 5.8721 ], [ 35.9771, 5.8865 ], [ 35.9877, 5.8963 ], [ 35.9832, 5.9007 ], [ 35.9895, 5.9153 ], [ 35.9896, 5.926 ], [ 35.9884, 5.9323 ], [ 35.9781, 5.9422 ], [ 35.9777, 5.9481 ], [ 35.9866, 5.9566 ], [ 35.9901, 5.9561 ], [ 35.9879, 5.9611 ], [ 35.9917, 5.9683 ], [ 36.0032, 5.9744 ], [ 36.0086, 5.9973 ], [ 36.0, 6.012 ], [ 35.9943, 6.0364 ], [ 35.9821, 6.052 ], [ 35.9845, 6.0644 ], [ 35.9938, 6.0769 ], [ 35.9948, 6.0846 ], [ 35.9733, 6.0978 ], [ 35.9552, 6.0969 ], [ 35.9451, 6.1021 ], [ 35.9508, 6.1159 ], [ 35.9504, 6.1224 ], [ 35.9393, 6.127 ], [ 35.9333, 6.1342 ], [ 35.9437, 6.1591 ], [ 35.9529, 6.1668 ], [ 35.9595, 6.1687 ], [ 35.9683, 6.1647 ], [ 35.9777, 6.1662 ], [ 35.9623, 6.1807 ], [ 35.9676, 6.2072 ], [ 35.9583, 6.214 ], [ 35.9556, 6.2218 ], [ 35.9578, 6.227 ], [ 35.9693, 6.236 ] ] ] } },
{ "type": "Feature", "properties": { "iso3": "ETH", "unit_id": "89294058B93741089839951", "unit_name": "Konta Special" }, "geometry": { "type": "Polygon", "coordinates": [ [ [ 36.7911, 7.2523 ], [ 36.7745, 7.2461 ], [ 36.776, 7.2398 ], [ 36.7787, 7.2393 ], [ 36.7713, 7.2317 ], [ 36.7692, 7.1982 ], [ 36.7559, 7.161 ], [ 36.7427, 7.158 ], [ 36.7285, 7.1591 ], [ 36.7229, 7.1512 ], [ 36.7172, 7.1497 ], [ 36.7066, 7.1544 ], [ 36.6933, 7.1665 ], [ 36.6837, 7.1571 ], [ 36.6845, 7.1492 ], [ 36.68, 7.1475 ], [ 36.681, 7.1403 ], [ 36.6769, 7.1325 ], [ 36.6628, 7.1324 ], [ 36.6491, 7.1283 ], [ 36.6194, 7.1327 ], [ 36.5916, 7.1229 ], [ 36.5862, 7.1143 ], [ 36.5863, 7.1081 ], [ 36.5918, 7.0998 ], [ 36.591, 7.0895 ], [ 36.6003, 7.0771 ], [ 36.601, 7.0502 ], [ 36.5845, 7.0532 ], [ 36.5685, 7.0487 ], [ 36.5661, 7.0328 ], [ 36.5503, 7.0188 ], [ 36.5525, 7.0046 ], [ 36.5369, 7.0071 ], [ 36.5233, 7.0054 ], [ 36.5129, 7.009 ], [ 36.5048, 7.003 ], [ 36.5035, 6.9948 ], [ 36.5093, 6.9902 ], [ 36.5041, 6.9826 ], [ 36.4936, 6.9822 ], [ 36.4792, 6.9868 ], [ 36.464, 6.9683 ], [ 36.4619, 6.9622 ], [ 36.464, 6.9454 ], [ 36.4578, 6.9221 ], [ 36.4831, 6.8785 ], [ 36.4905, 6.8161 ], [ 36.4857, 6.8076 ], [ 36.4786, 6.8077 ], [ 36.472, 6.7959 ], [ 36.4655, 6.7956 ], [ 36.4651, 6.789 ], [ 36.4606, 6.7886 ], [ 36.4591, 6.7849 ], [ 36.4387, 6.7848 ], [ 36.4351, 6.7805 ], [ 36.4289, 6.7822 ], [ 36.4275, 6.7774 ], [ 36.4155, 6.7839 ], [ 36.4152, 6.7765 ], [ 36.4032, 6.7709 ], [ 36.4016, 6.7641 ], [ 36.4058, 6.7603 ], [ 36.3948, 6.7526 ], [ 36.3943, 6.7476 ], [ 36.3841, 6.7419 ], [ 36.3837, 6.7367 ], [ 36.3697, 6.7313 ], [ 36.3421, 6.7037 ], [ 36.3385, 6.6825 ], [ 36.3484, 6.6698 ], [ 36.3589, 6.6313 ], [ 36.3541, 6.6134 ], [ 36.3281, 6.5754 ], [ 36.3278, 6.5488 ], [ 36.3392, 6.5332 ], [ 36.3399, 6.5268 ], [ 36.3376, 6.4987 ], [ 36.3227, 6.4668 ], [ 36.3254, 6.4589 ], [ 36.3486, 6.4598 ], [ 36.3556, 6.4622 ], [ 36.3611, 6.4692 ], [ 36.3658, 6.4681 ], [ 36.3703, 6.4606 ], [ 36.3822, 6.4582 ], [ 36.4177, 6.4764 ], [ 36.4298, 6.4964 ], [ 36.4618, 6.5288 ], [ 36.4899, 6.5339 ], [ 36.4962, 6.5445 ], [ 36.5422, 6.5696 ], [ 36.5501, 6.5784 ], [ 36.5706, 6.5826 ], [ 36.6002, 6.6273 ], [ 36.61, 6.6304 ], [ 36.6196, 6.6293 ], [ 36.6434, 6.6467 ], [ 36.6678, 6.6544 ], [ 36.6796, 6.6656 ], [ 36.6793, 6.6861 ], [ 36.6935, 6.7057 ], [ 36.6884, 6.7121 ], [ 36.6966, 6.7329 ], [ 36.6935, 6.7471 ], [ 36.6947, 6.7704 ], [ 36.6901, 6.781 ], [ 36.6989, 6.7886 ], [ 36.704, 6.8073 ], [ 36.7087, 6.812 ], [ 36.7078, 6.8308 ], [ 36.7207, 6.8482 ], [ 36.7291, 6.8521 ], [ 36.7304, 6.8607 ], [ 36.7361, 6.8636 ], [ 36.7404, 6.8742 ], [ 36.7494, 6.8781 ], [ 36.75, 6.8874 ], [ 36.7583, 6.8927 ], [ 36.759, 6.8984 ], [ 36.7629, 6.9002 ], [ 36.7596, 6.9026 ], [ 36.7639, 6.9154 ], [ 36.7609, 6.9215 ], [ 36.7642, 6.9235 ], [ 36.7647, 6.9324 ], [ 36.7753, 6.9368 ], [ 36.7787, 6.9439 ], [ 36.7762, 6.9456 ], [ 36.7844, 6.9516 ], [ 36.7849, 6.9575 ], [ 36.8003, 6.9615 ], [ 36.801, 6.9649 ], [ 36.8056, 6.9632 ], [ 36.8083, 6.9689 ], [ 36.8051, 6.9712 ], [ 36.8242, 6.9789 ], [ 36.8292, 7.0235 ], [ 36.8181, 7.0586 ], [ 36.8222, 7.0649 ], [ 36.8194, 7.0761 ], [ 36.8372, 7.1046 ], [ 36.8506, 7.1452 ], [ 36.8556, 7.1492 ], [ 36.859, 7.1721 ], [ 36.8667, 7.1838 ], [ 36.867, 7.2006 ], [ 36.8711, 7.2095 ], [ 36.8661, 7.2187 ], [ 36.8696, 7.2262 ], [ 36.8752, 7.2276 ], [ 36.876, 7.231 ], [ 36.8898, 7.2292 ], [ 36.901, 7.2355 ], [ 36.9096, 7.2358 ], [ 36.926, 7.2289 ], [ 36.9459, 7.2303 ], [ 36.9647, 7.225 ], [ 36.9658, 7.2419 ], [ 36.9555, 7.2605 ], [ 36.8792, 7.3297 ], [ 36.8409, 7.326 ], [ 36.7911, 7.2523 ] ] ] } },
{ "type": "Feature", "properties": { "iso3": "ETH", "unit_id": "89294058B55017637030631", "unit_name": "Nuwer" }, "geometry": { "type": "Polygon", "coordinates": [ [ [ 34.0499, 8.5041 ], [ 34.0022, 8.4603 ], [ 33.9708, 8.4376 ], [ 33.9153, 8.4306 ], [ 33.8815, 8.4308 ], [ 33.8525, 8.4258 ], [ 33.8187, 8.4115 ], [ 33.7713, 8.3677 ], [ 33.7153, 8.3751 ], [ 33.6905, 8.3955 ], [ 33.67, 8.4371 ], [ 33.6344, 8.4672 ], [ 33.5086, 8.4662 ], [ 33.481, 8.4601 ], [ 33.4756, 8.4562 ], [ 33.4704, 8.4578 ], [ 33.3808, 8.4379 ], [ 33.3267, 8.4537 ], [ 33.2635, 8.4615 ], [ 33.1713, 8.3998 ], [ 33.1608, 8.3565 ], [ 33.1658, 8.2783 ], [ 33.178, 8.2225 ], [ 33.1859, 8.1403 ], [ 33.1628, 8.115 ], [ 33.1214, 8.101 ], [ 33.0319, 7.9974 ], [ 32.9918, 7.926 ], [ 32.9968, 7.8872 ], [ 33.015, 7.8461 ], [ 33.0522, 7.7907 ], [ 33.0967, 7.7811 ], [ 33.4539, 7.7442 ], [ 33.476, 7.7908 ], [ 33.4802, 7.8511 ], [ 33.4751, 7.869 ], [ 33.4828, 7.8839 ], [ 33.4707, 7.8896 ], [ 33.4727, 7.8823 ], [ 33.4644, 7.8816 ], [ 33.4645, 7.8776 ], [ 33.4554, 7.8775 ], [ 33.4434, 7.8912 ], [ 33.445, 7.8985 ], [ 33.4404, 7.907 ], [ 33.4451, 7.9107 ], [ 33.4455, 7.9205 ], [ 33.4492, 7.9222 ], [ 33.4484, 7.9305 ], [ 33.4582, 7.9364 ], [ 33.4648, 7.9612 ], [ 33.5038, 7.9758 ], [ 33.4771, 8.0405 ], [ 33.4883, 8.1317 ], [ 33.4658, 8.1921 ], [ 33.4608, 8.2428 ], [ 33.5058, 8.2937 ], [ 33.5679, 8.2718 ], [ 33.5551, 8.2141 ], [ 33.6144, 8.127 ], [ 33.7539, 8.1595 ], [ 33.7712, 8.1708 ], [ 33.7786, 8.1669 ], [ 33.7829, 8.1758 ], [ 33.7871, 8.171 ], [ 33.7935, 8.174 ], [ 33.796, 8.1667 ], [ 33.8051, 8.1648 ], [ 33.8089, 8.1701 ], [ 33.8141, 8.1643 ], [ 33.8222, 8.1701 ], [ 33.8249, 8.1618 ], [ 33.8283, 8.1603 ], [ 33.827, 8.1572 ], [ 33.8417, 8.1492 ], [ 33.8455, 8.1399 ], [ 33.8525, 8.1361 ], [ 33.8589, 8.2095 ], [ 33.8807, 8.2684 ], [ 33.8864, 8.2696 ], [ 33.8926, 8.2678 ], [ 33.9151, 8.242 ], [ 33.9311, 8.2302 ], [ 33.9345, 8.2187 ], [ 33.933, 8.2124 ], [ 33.9399, 8.2055 ], [ 33.9424, 8.1948 ], [ 33.94, 8.1879 ], [ 33.9441, 8.1818 ], [ 33.9605, 8.1823 ], [ 33.9727, 8.1757 ], [ 33.9834, 8.1815 ], [ 34.0003, 8.1835 ], [ 34.0114, 8.1742 ], [ 34.021, 8.1748 ], [ 34.0275, 8.1818 ], [ 34.0335, 8.182 ], [ 34.0404, 8.2344 ], [ 34.0193, 8.2324 ], [ 33.9996, 8.2404 ], [ 33.9962, 8.2544 ], [ 34.0002, 8.2764 ], [ 33.997, 8.2827 ], [ 34.0037, 8.3029 ], [ 34.0135, 8.3194 ], [ 34.0242, 8.3192 ], [ 34.0206, 8.3295 ], [ 34.0373, 8.3367 ], [ 34.043, 8.3444 ], [ 34.0414, 8.3617 ], [ 34.0383, 8.367 ], [ 34.0431, 8.3718 ], [ 34.0461, 8.386 ], [ 34.0505, 8.3882 ], [ 34.0609, 8.3855 ], [ 34.0519, 8.4207 ], [ 34.0753, 8.4799 ], [ 34.0618, 8.4777 ], [ 34.0613, 8.4857 ], [ 34.0499, 8.5041 ] ] ] } },
{ "type": "Feature", "properties": { "iso3": "ETH", "unit_id": "89294058B67127516497744", "unit_name": "Agnewak" }, "geometry": { "type": "Polygon", "coordinates": [ [ [ 34.965, 8.2472 ], [ 34.8551, 8.2506 ], [ 34.8264, 8.2619 ], [ 34.7858, 8.3036 ], [ 34.7951, 8.3269 ], [ 34.7853, 8.3552 ], [ 34.7676, 8.3634 ], [ 34.7288, 8.39 ], [ 34.6674, 8.395 ], [ 34.6303, 8.402 ], [ 34.5743, 8.4035 ], [ 34.5565, 8.4551 ], [ 34.5227, 8.4755 ], [ 34.4712, 8.4476 ], [ 34.4364, 8.4218 ], [ 34.3838, 8.3951 ], [ 34.372, 8.3633 ], [ 34.354, 8.3459 ], [ 34.3591, 8.2732 ], [ 34.3697, 8.2586 ], [ 34.3762, 8.2336 ], [ 34.3749, 8.2234 ], [ 34.3841, 8.2106 ], [ 34.3672, 8.2091 ], [ 34.3607, 8.2138 ], [ 34.3575, 8.2097 ], [ 34.3751, 8.1781 ], [ 34.4061, 8.1858 ], [ 34.452, 8.1781 ], [ 34.4366, 8.1517 ], [ 34.4397, 8.0938 ], [ 34.4307, 8.0813 ], [ 34.4224, 8.0789 ], [ 34.4198, 8.0723 ], [ 34.4078, 8.0731 ], [ 34.4006, 8.069 ], [ 34.3949, 8.0698 ], [ 34.3836, 8.059 ], [ 34.3654, 8.0637 ], [ 34.3608, 8.0601 ], [ 34.353, 8.0675 ], [ 34.3462, 8.0592 ], [ 34.3381, 8.0592 ], [ 34.3336, 8.0546 ], [ 34.3268, 8.054 ], [ 34.3186, 8.0344 ], [ 34.306, 8.0279 ], [ 34.3041, 8.0368 ], [ 34.2966, 8.0391 ], [ 34.2578, 8.0682 ], [ 34.2489, 8.0716 ], [ 34.1992, 8.0895 ], [ 34.1937, 8.0808 ], [ 34.1375, 8.092 ], [ 34.138, 8.1049 ], [ 34.1054, 8.13 ], [ 34.0982, 8.1543 ], [ 34.073, 8.1533 ], [ 34.0335, 8.182 ], [ 34.0275, 8.1818 ], [ 34.021, 8.1748 ], [ 34.0153, 8.1736 ], [ 34.0003, 8.1835 ], [ 33.9834, 8.1815 ], [ 33.9727, 8.1757 ], [ 33.9605, 8.1823 ], [ 33.9441, 8.1818 ], [ 33.94, 8.1879 ], [ 33.9424, 8.1948 ], [ 33.9399, 8.2055 ], [ 33.933, 8.2124 ], [ 33.9345, 8.2187 ], [ 33.9311, 8.2302 ], [ 33.9151, 8.242 ], [ 33.8898, 8.2697 ], [ 33.8807, 8.2684 ], [ 33.8589, 8.2095 ], [ 33.8525, 8.1361 ], [ 33.8455, 8.1399 ], [ 33.8417, 8.1492 ], [ 33.827, 8.1572 ], [ 33.8283, 8.1603 ], [ 33.8249, 8.1618 ], [ 33.8222, 8.1701 ], [ 33.8141, 8.1643 ], [ 33.8089, 8.1701 ], [ 33.8051, 8.1648 ], [ 33.796, 8.1667 ], [ 33.7935, 8.174 ], [ 33.7871, 8.171 ], [ 33.7829, 8.1758 ], [ 33.7786, 8.1669 ], [ 33.7712, 8.1708 ], [ 33.7539, 8.1595 ], [ 33.6144, 8.127 ], [ 33.5551, 8.2141 ], [ 33.5679, 8.2718 ], [ 33.5058, 8.2937 ], [ 33.4608, 8.2428 ], [ 33.4658, 8.1921 ], [ 33.4883, 8.1317 ], [ 33.4771, 8.0405 ], [ 33.5038, 7.9758 ], [ 33.4648, 7.9612 ], [ 33.4582, 7.9364 ], [ 33.4484, 7.9305 ], [ 33.4492, 7.9222 ], [ 33.4455, 7.9205 ], [ 33.4451, 7.9107 ], [ 33.4404, 7.907 ], [ 33.445, 7.8985 ], [ 33.4434, 7.8912 ], [ 33.4554, 7.8775 ], [ 33.4645, 7.8776 ], [ 33.4644, 7.8816 ], [ 33.4727, 7.8823 ], [ 33.4707, 7.8896 ], [ 33.4828, 7.8839 ], [ 33.4751, 7.869 ], [ 33.4802, 7.8511 ], [ 33.476, 7.7908 ], [ 33.4539, 7.7442 ], [ 33.4644, 7.744 ], [ 33.6472, 7.685 ], [ 33.7125, 7.6585 ], [ 33.8856, 7.5254 ], [ 34.0277, 7.3787 ], [ 34.0328, 7.3044 ], [ 34.0271, 7.2481 ], [ 34.0992, 7.1997 ], [ 34.1633, 7.1717 ], [ 34.1939, 7.09 ], [ 34.2357, 7.0197 ], [ 34.2805, 6.9758 ], [ 34.2996, 6.9643 ], [ 34.3287, 6.9588 ], [ 34.361, 6.959 ], [ 34.431, 6.9354 ], [ 34.4718, 6.9143 ], [ 34.487, 6.8775 ], [ 34.5288, 6.7472 ], [ 34.5536, 6.7357 ], [ 34.6028, 6.7347 ], [ 34.6321, 6.729 ], [ 34.6547, 6.7167 ], [ 34.7047, 6.6778 ], [ 34.757, 6.6138 ], [ 34.85, 6.3667 ], [ 34.8529, 6.332 ], [ 34.9754, 6.3012 ], [ 34.9773, 6.2929 ], [ 34.985, 6.2988 ], [ 35.0113, 6.2803 ], [ 35.0383, 6.3046 ], [ 35.0735, 6.3074 ], [ 35.0834, 6.3181 ], [ 35.1061, 6.3189 ], [ 35.1189, 6.3465 ], [ 35.1315, 6.3955 ], [ 35.1434, 6.3977 ], [ 35.1648, 6.3828 ], [ 35.1785, 6.3793 ], [ 35.1995, 6.4109 ], [ 35.1866, 6.4443 ], [ 35.1739, 6.4665 ], [ 35.1856, 6.4897 ], [ 35.1868, 6.5575 ], [ 35.1953, 6.5974 ], [ 35.1863, 6.6269 ], [ 35.1875, 6.6565 ], [ 35.1977, 6.6802 ], [ 35.1782, 6.7096 ], [ 35.1796, 6.7274 ], [ 35.1468, 6.7611 ], [ 35.0799, 6.8108 ], [ 35.0429, 6.8105 ], [ 34.9854, 6.7982 ], [ 34.9337, 6.7963 ], [ 34.9456, 6.8265 ], [ 34.969, 6.8593 ], [ 34.9924, 6.864 ], [ 34.9979, 6.8929 ], [ 34.974, 6.9252 ], [ 34.9457, 6.9441 ], [ 34.9113, 6.9882 ], [ 34.9021, 7.0309 ], [ 34.8843, 7.0308 ], [ 34.8771, 7.0698 ], [ 34.8927, 7.0915 ], [ 34.8906, 7.1593 ], [ 34.8981, 7.1848 ], [ 34.9424, 7.1929 ], [ 34.9656, 7.2151 ], [ 34.9702, 7.234 ], [ 34.9755, 7.2198 ], [ 34.9818, 7.2237 ], [ 34.9737, 7.2283 ], [ 34.9759, 7.2334 ], [ 34.9709, 7.2384 ], [ 34.9678, 7.2529 ], [ 34.9705, 7.2572 ], [ 34.9652, 7.2667 ], [ 34.9667, 7.2752 ], [ 34.9735, 7.2826 ], [ 34.9741, 7.2919 ], [ 34.9681, 7.3041 ], [ 34.9692, 7.3195 ], [ 34.9887, 7.3544 ], [ 34.9795, 7.3622 ], [ 34.925, 7.3863 ], [ 34.9227, 7.4168 ], [ 34.9277, 7.4433 ], [ 34.9211, 7.4635 ], [ 34.8643, 7.5453 ], [ 34.8942, 7.598 ], [ 34.8963, 7.6108 ], [ 34.9098, 7.6263 ], [ 34.9165, 7.628 ], [ 34.9171, 7.6314 ], [ 34.9985, 7.6436 ], [ 34.997, 7.69 ], [ 35.0004, 7.747 ], [ 34.9955, 7.748 ], [ 34.932, 7.7282 ], [ 34.9371, 7.7648 ], [ 34.9323, 7.828 ], [ 34.9443, 7.8794 ], [ 34.9507, 7.8903 ], [ 35.0006, 7.8623 ], [ 35.0131, 7.8825 ], [ 35.0085, 7.9235 ], [ 35.0483, 7.9544 ], [ 35.1086, 7.9571 ], [ 35.141, 7.989 ], [ 35.1407, 8.0217 ], [ 35.1179, 8.0826 ], [ 35.0891, 8.1139 ], [ 35.1039, 8.1151 ], [ 35.1433, 8.1429 ], [ 35.1577, 8.1367 ], [ 35.1381, 8.1818 ], [ 35.1189, 8.2006 ], [ 35.0732, 8.2202 ], [ 35.0183, 8.2196 ], [ 34.965, 8.2472 ] ] ] } },
{ "type": "Feature", "properties": { "iso3": "ETH", "unit_id": "89294058B8838624315170", "unit_name": "Majang" }, "geometry": { "type": "Polygon", "coordinates": [ [ [ 35.0004, 7.747 ], [ 34.997, 7.69 ], [ 34.9985, 7.6436 ], [ 34.9171, 7.6314 ], [ 34.9165, 7.628 ], [ 34.9098, 7.6263 ], [ 34.8963, 7.6108 ], [ 34.8942, 7.598 ], [ 34.8643, 7.5453 ], [ 34.9211, 7.4635 ], [ 34.9277, 7.4433 ], [ 34.9227, 7.4168 ], [ 34.925, 7.3863 ], [ 34.9795, 7.3622 ], [ 34.9887, 7.3544 ], [ 34.9692, 7.3195 ], [ 34.9681, 7.3041 ], [ 34.9741, 7.2919 ], [ 34.9735, 7.2826 ], [ 34.9667, 7.2752 ], [ 34.9652, 7.2667 ], [ 34.9705, 7.2572 ], [ 34.9678, 7.2529 ], [ 34.9709, 7.2384 ], [ 34.9759, 7.2334 ], [ 34.9737, 7.2283 ], [ 34.9818, 7.2237 ], [ 34.9755, 7.2198 ], [ 34.9779, 7.2133 ], [ 35.0109, 7.1947 ], [ 35.0208, 7.1858 ], [ 35.0539, 7.1843 ], [ 35.0837, 7.1248 ], [ 35.1143, 7.1021 ], [ 35.2046, 7.0996 ], [ 35.2184, 7.108 ], [ 35.2345, 7.1379 ], [ 35.2646, 7.1362 ], [ 35.2999, 7.1158 ], [ 35.3136, 7.1153 ], [ 35.3308, 7.1271 ], [ 35.3545, 7.1185 ], [ 35.3718, 7.117 ], [ 35.3804, 7.1228 ], [ 35.3687, 7.1442 ], [ 35.353, 7.1539 ], [ 35.334, 7.1799 ], [ 35.3344, 7.1883 ], [ 35.3401, 7.1871 ], [ 35.3729, 7.231 ], [ 35.3458, 7.239 ], [ 35.3534, 7.2624 ], [ 35.3703, 7.2774 ], [ 35.3875, 7.3507 ], [ 35.3923, 7.3962 ], [ 35.3678, 7.4146 ], [ 35.3736, 7.428 ], [ 35.3558, 7.4367 ], [ 35.3453, 7.4529 ], [ 35.329, 7.4616 ], [ 35.3201, 7.463 ], [ 35.3096, 7.4792 ], [ 35.2726, 7.4715 ], [ 35.2623, 7.4802 ], [ 35.2439, 7.4737 ], [ 35.2095, 7.4719 ], [ 35.1893, 7.4556 ], [ 35.1614, 7.4714 ], [ 35.1224, 7.4786 ], [ 35.1207, 7.4835 ], [ 35.1381, 7.5121 ], [ 35.1462, 7.5195 ], [ 35.1719, 7.5328 ], [ 35.1647, 7.5804 ], [ 35.1663, 7.6149 ], [ 35.1457, 7.6302 ], [ 35.1156, 7.6308 ], [ 35.116, 7.6451 ], [ 35.0771, 7.731 ], [ 35.0004, 7.747 ] ] ] } },
{ "type": "Feature", "properties": { "iso3": "ETH", "unit_id": "89294058B46695878067037", "unit_name": "Itang Special woreda" }, "geometry": { "type": "Polygon", "coordinates": [ [ [ 34.1242, 8.6515 ], [ 34.1217, 8.5796 ], [ 34.1056, 8.5578 ], [ 34.0499, 8.5041 ], [ 34.0613, 8.4857 ], [ 34.0618, 8.4777 ], [ 34.0753, 8.4799 ], [ 34.0519, 8.4207 ], [ 34.0609, 8.3855 ], [ 34.0505, 8.3882 ], [ 34.0461, 8.386 ], [ 34.0431, 8.3718 ], [ 34.0383, 8.367 ], [ 34.0414, 8.3617 ], [ 34.043, 8.3444 ], [ 34.0373, 8.3367 ], [ 34.0206, 8.3295 ], [ 34.0242, 8.3192 ], [ 34.0149, 8.3207 ], [ 34.0037, 8.3029 ], [ 33.997, 8.2827 ], [ 34.0002, 8.2764 ], [ 33.9962, 8.2544 ], [ 33.9996, 8.2404 ], [ 34.0193, 8.2324 ], [ 34.0404, 8.2344 ], [ 34.0335, 8.182 ], [ 34.073, 8.1533 ], [ 34.0982, 8.1543 ], [ 34.1054, 8.13 ], [ 34.138, 8.1049 ], [ 34.1375, 8.092 ], [ 34.1937, 8.0808 ], [ 34.1992, 8.0895 ], [ 34.2489, 8.0716 ], [ 34.2578, 8.0682 ], [ 34.2966, 8.0391 ], [ 34.3041, 8.0368 ], [ 34.306, 8.0279 ], [ 34.3186, 8.0344 ], [ 34.3268, 8.054 ], [ 34.3336, 8.0546 ], [ 34.3381, 8.0592 ], [ 34.3462, 8.0592 ], [ 34.353, 8.0675 ], [ 34.3608, 8.0601 ], [ 34.3654, 8.0637 ], [ 34.3806, 8.0585 ], [ 34.3949, 8.0698 ], [ 34.4006, 8.069 ], [ 34.4078, 8.0731 ], [ 34.4198, 8.0723 ], [ 34.4224, 8.0789 ], [ 34.4307, 8.0813 ], [ 34.4397, 8.0938 ], [ 34.4366, 8.1517 ], [ 34.452, 8.1781 ], [ 34.4061, 8.1858 ], [ 34.3751, 8.1781 ], [ 34.3575, 8.2097 ], [ 34.3607, 8.2138 ], [ 34.3672, 8.2091 ], [ 34.3841, 8.2106 ], [ 34.3749, 8.2234 ], [ 34.3762, 8.2336 ], [ 34.3697, 8.2586 ], [ 34.3591, 8.2732 ], [ 34.354, 8.3459 ], [ 34.372, 8.3633 ], [ 34.3838, 8.3951 ], [ 34.3473, 8.3766 ], [ 34.3292, 8.387 ], [ 34.3133, 8.3899 ], [ 34.3152, 8.4068 ], [ 34.3349, 8.4386 ], [ 34.3574, 8.4999 ], [ 34.3582, 8.522 ], [ 34.3455, 8.6001 ], [ 34.3124, 8.6821 ], [ 34.2794, 8.7088 ], [ 34.2557, 8.7026 ], [ 34.2352, 8.6861 ], [ 34.2235, 8.6698 ], [ 34.1896, 8.6516 ], [ 34.1242, 8.6515 ] ] ] } },
{ "type": "Feature", "properties": { "iso3": "ETH", "unit_id": "89294058B52478865393179", "unit_name": "Harari" }, "geometry": { "type": "Polygon", "coordinates": [ [ [ 42.0613, 9.2265 ], [ 42.0737, 9.221 ], [ 42.1124, 9.2307 ], [ 42.1273, 9.2266 ], [ 42.1486, 9.2063 ], [ 42.1975, 9.2199 ], [ 42.2337, 9.1859 ], [ 42.2594, 9.1923 ], [ 42.272, 9.2157 ], [ 42.2687, 9.2296 ], [ 42.2493, 9.27 ], [ 42.2503, 9.2855 ], [ 42.266, 9.3098 ], [ 42.265, 9.3213 ], [ 42.2585, 9.3344 ], [ 42.2703, 9.3617 ], [ 42.253, 9.3838 ], [ 42.2381, 9.3849 ], [ 42.1874, 9.3617 ], [ 42.1686, 9.3628 ], [ 42.1466, 9.3875 ], [ 42.1291, 9.3887 ], [ 42.1142, 9.3725 ], [ 42.0705, 9.3039 ], [ 42.0605, 9.2659 ], [ 42.0613, 9.2265 ] ] ] } },
{ "type": "Feature", "properties": { "iso3": "ETH", "unit_id": "89294058B40377280297309", "unit_name": "Region 14" }, "geometry": { "type": "Polygon", "coordinates": [ [ [ 38.6511, 9.0025 ], [ 38.6594, 8.9854 ], [ 38.6546, 8.9769 ], [ 38.6394, 8.974 ], [ 38.6428, 8.9659 ], [ 38.6762, 8.9576 ], [ 38.681, 8.9497 ], [ 38.6806, 8.9411 ], [ 38.6938, 8.9419 ], [ 38.702, 8.9256 ], [ 38.7084, 8.9209 ], [ 38.7191, 8.9197 ], [ 38.7365, 8.9013 ], [ 38.7436, 8.9026 ], [ 38.7432, 8.8804 ], [ 38.7473, 8.8772 ], [ 38.7455, 8.8634 ], [ 38.7541, 8.8586 ], [ 38.7565, 8.8532 ], [ 38.773, 8.8575 ], [ 38.7775, 8.8524 ], [ 38.7806, 8.8359 ], [ 38.7976, 8.8335 ], [ 38.8125, 8.84 ], [ 38.8244, 8.8413 ], [ 38.8239, 8.8528 ], [ 38.8294, 8.8688 ], [ 38.826, 8.8802 ], [ 38.833, 8.8829 ], [ 38.8407, 8.8799 ], [ 38.8638, 8.8829 ], [ 38.8687, 8.873 ], [ 38.8775, 8.8958 ], [ 38.8733, 8.9051 ], [ 38.8794, 8.9183 ], [ 38.8556, 8.9383 ], [ 38.8614, 8.9427 ], [ 38.8914, 8.9343 ], [ 38.8968, 8.937 ], [ 38.9011, 8.9461 ], [ 38.8962, 8.9548 ], [ 38.9028, 8.9624 ], [ 38.9062, 8.9774 ], [ 38.905, 9.0095 ], [ 38.8933, 9.0372 ], [ 38.8829, 9.0521 ], [ 38.882, 9.0686 ], [ 38.8763, 9.0816 ], [ 38.8682, 9.0849 ], [ 38.8568, 9.0835 ], [ 38.8495, 9.0782 ], [ 38.8247, 9.0759 ], [ 38.8051, 9.0823 ], [ 38.7913, 9.0777 ], [ 38.7712, 9.0982 ], [ 38.738, 9.0869 ], [ 38.7166, 9.0878 ], [ 38.6854, 9.073 ], [ 38.6835, 9.05 ], [ 38.6726, 9.0387 ], [ 38.6672, 9.0262 ], [ 38.667, 9.01 ], [ 38.6519, 9.0103 ], [ 38.6511, 9.0025 ] ] ] } },
{ "type": "Feature", "properties": { "iso3": "ETH", "unit_id": "89294058B84030583465782", "unit_name": "Dire Dawa urban" }, "geometry": { "type": "Polygon", "coordinates": [ [ [ 41.7607, 9.644 ], [ 41.7672, 9.6407 ], [ 41.7739, 9.6291 ], [ 41.7714, 9.6151 ], [ 41.7817, 9.6121 ], [ 41.7872, 9.6159 ], [ 41.8006, 9.6143 ], [ 41.8216, 9.6002 ], [ 41.8241, 9.5953 ], [ 41.8305, 9.6 ], [ 41.8358, 9.5878 ], [ 41.8549, 9.5766 ], [ 41.8637, 9.5779 ], [ 41.8773, 9.5747 ], [ 41.8765, 9.5812 ], [ 41.8872, 9.5899 ], [ 41.8835, 9.5907 ], [ 41.8831, 9.5986 ], [ 41.8894, 9.5996 ], [ 41.8768, 9.6158 ], [ 41.883, 9.6239 ], [ 41.8798, 9.6287 ], [ 41.8734, 9.6306 ], [ 41.862, 9.6782 ], [ 41.8087, 9.6406 ], [ 41.7738, 9.6537 ], [ 41.7607, 9.644 ] ] ] } },
{ "type": "Feature", "properties": { "iso3": "ETH", "unit_id": "89294058B14923354036953", "unit_name": "Dire Dawa rural" }, "geometry": { "type": "Polygon", "coordinates": [ [ [ 42.3398, 9.7196 ], [ 42.2935, 9.7575 ], [ 42.251, 9.7835 ], [ 42.2134, 9.7837 ], [ 42.1858, 9.7736 ], [ 42.0308, 9.6185 ], [ 42.0189, 9.6179 ], [ 42.0084, 9.6222 ], [ 41.9964, 9.6312 ], [ 41.9061, 9.6793 ], [ 41.8732, 9.6839 ], [ 41.862, 9.6782 ], [ 41.8734, 9.6306 ], [ 41.8798, 9.6287 ], [ 41.883, 9.6239 ], [ 41.8768, 9.6158 ], [ 41.8894, 9.5996 ], [ 41.8831, 9.5986 ], [ 41.8835, 9.5907 ], [ 41.8872, 9.5899 ], [ 41.8765, 9.5812 ], [ 41.8773, 9.5747 ], [ 41.8637, 9.5779 ], [ 41.8549, 9.5766 ], [ 41.8358, 9.5878 ], [ 41.8305, 9.6 ], [ 41.8241, 9.5953 ], [ 41.8216, 9.6002 ], [ 41.8006, 9.6143 ], [ 41.7872, 9.6159 ], [ 41.7817, 9.6121 ], [ 41.7714, 9.6151 ], [ 41.7739, 9.6291 ], [ 41.7672, 9.6407 ], [ 41.7607, 9.644 ], [ 41.7486, 9.6364 ], [ 41.7491, 9.6006 ], [ 41.728, 9.489 ], [ 41.7346, 9.4715 ], [ 41.7545, 9.4846 ], [ 41.773, 9.4911 ], [ 41.7925, 9.4895 ], [ 41.8152, 9.4767 ], [ 41.8387, 9.4779 ], [ 41.8597, 9.488 ], [ 41.9134, 9.4725 ], [ 41.9387, 9.4795 ], [ 41.9825, 9.5085 ], [ 42.0191, 9.5082 ], [ 42.0317, 9.5044 ], [ 42.0521, 9.492 ], [ 42.0676, 9.4748 ], [ 42.0748, 9.4737 ], [ 42.0811, 9.4882 ], [ 42.0963, 9.5013 ], [ 42.1097, 9.508 ], [ 42.1389, 9.5347 ], [ 42.1526, 9.5564 ], [ 42.1461, 9.5706 ], [ 42.1334, 9.5825 ], [ 42.1249, 9.6145 ], [ 42.1422, 9.6203 ], [ 42.1804, 9.6443 ], [ 42.2005, 9.6531 ], [ 42.2408, 9.6566 ], [ 42.2586, 9.6516 ], [ 42.2719, 9.667 ], [ 42.3181, 9.7057 ], [ 42.3398, 9.7196 ] ] ] } },
{ "type": "Feature", "properties": { "iso3": "ETH", "unit_id": "89294058B70965020180874", "unit_name": "Sidama" }, "geometry": { "type": "Polygon", "coordinates": [ [ [ 39.1253, 6.357 ], [ 39.1075, 6.4377 ], [ 39.0954, 6.4721 ], [ 39.0966, 6.5216 ], [ 39.0862, 6.5452 ], [ 39.0698, 6.5533 ], [ 39.0526, 6.557 ], [ 39.0484, 6.5698 ], [ 39.0529, 6.584 ], [ 39.0645, 6.5988 ], [ 39.0593, 6.6088 ], [ 39.0322, 6.6118 ], [ 38.9596, 6.6009 ], [ 38.9417, 6.6103 ], [ 38.9494, 6.6438 ], [ 38.9344, 6.6556 ], [ 38.9018, 6.6657 ], [ 38.8551, 6.6687 ], [ 38.8378, 6.6749 ], [ 38.8335, 6.6917 ], [ 38.8179, 6.7036 ], [ 38.7542, 6.697 ], [ 38.7423, 6.7009 ], [ 38.7274, 6.712 ], [ 38.7209, 6.7301 ], [ 38.7056, 6.742 ], [ 38.6784, 6.749 ], [ 38.672, 6.7623 ], [ 38.6582, 6.7696 ], [ 38.6435, 6.7687 ], [ 38.6357, 6.7717 ], [ 38.6364, 6.7997 ], [ 38.6399, 6.8127 ], [ 38.7141, 6.8606 ], [ 38.6998, 6.9033 ], [ 38.7046, 6.9306 ], [ 38.6948, 6.9575 ], [ 38.7005, 6.9686 ], [ 38.7112, 6.9738 ], [ 38.7144, 6.9914 ], [ 38.7105, 7.013 ], [ 38.6977, 7.0138 ], [ 38.6894, 7.0009 ], [ 38.6774, 7.0054 ], [ 38.6744, 7.0165 ], [ 38.6781, 7.0288 ], [ 38.6845, 7.034 ], [ 38.6809, 7.0484 ], [ 38.668, 7.0599 ], [ 38.637, 7.0661 ], [ 38.6462, 7.0955 ], [ 38.6115, 7.1242 ], [ 38.5836, 7.1263 ], [ 38.5461, 7.0909 ], [ 38.5051, 7.0878 ], [ 38.482, 7.0902 ], [ 38.4654, 7.0532 ], [ 38.4549, 7.046 ], [ 38.4604, 7.0376 ], [ 38.4629, 7.0096 ], [ 38.4578, 7.0049 ], [ 38.4502, 7.0057 ], [ 38.4435, 7.0023 ], [ 38.4467, 6.9884 ], [ 38.4432, 6.9857 ], [ 38.428, 6.9834 ], [ 38.4114, 6.9888 ], [ 38.3982, 6.9991 ], [ 38.4007, 7.0098 ], [ 38.399, 7.0244 ], [ 38.3946, 7.0344 ], [ 38.3894, 7.0382 ], [ 38.3964, 7.0389 ], [ 38.4026, 7.0521 ], [ 38.418, 7.0608 ], [ 38.43, 7.0823 ], [ 38.4242, 7.0906 ], [ 38.4284, 7.1035 ], [ 38.422, 7.1228 ], [ 38.4006, 7.1215 ], [ 38.3781, 7.1298 ], [ 38.3569, 7.1459 ], [ 38.3422, 7.1645 ], [ 38.3219, 7.1617 ], [ 38.3134, 7.1471 ], [ 38.3053, 7.1216 ], [ 38.2892, 7.1071 ], [ 38.2544, 7.0599 ], [ 38.2379, 7.0201 ], [ 38.1938, 7.0123 ], [ 38.1701, 7.0009 ], [ 38.1466, 6.9775 ], [ 38.1302, 6.974 ], [ 38.1307, 6.9627 ], [ 38.1357, 6.959 ], [ 38.1354, 6.9516 ], [ 38.1324, 6.9494 ], [ 38.1366, 6.9397 ], [ 38.1297, 6.9341 ], [ 38.1311, 6.9119 ], [ 38.1181, 6.8887 ], [ 38.1214, 6.883 ], [ 38.1184, 6.8719 ], [ 38.1088, 6.8515 ], [ 38.1032, 6.8479 ], [ 38.0915, 6.8149 ], [ 38.08, 6.7964 ], [ 38.0664, 6.756 ], [ 38.0666, 6.747 ], [ 38.0539, 6.7167 ], [ 38.0553, 6.71 ], [ 38.0493, 6.6999 ], [ 38.0499, 6.6932 ], [ 38.0456, 6.6919 ], [ 38.0408, 6.684 ], [ 38.0357, 6.6854 ], [ 38.0386, 6.6804 ], [ 38.0351, 6.6721 ], [ 38.0194, 6.6656 ], [ 38.0096, 6.6171 ], [ 38.0126, 6.6077 ], [ 38.0124, 6.5855 ], [ 38.0173, 6.5842 ], [ 38.019, 6.5771 ], [ 38.0165, 6.5752 ], [ 38.0335, 6.5615 ], [ 38.0516, 6.5347 ], [ 38.0907, 6.5261 ], [ 38.1145, 6.4996 ], [ 38.1393, 6.506 ], [ 38.1497, 6.4966 ], [ 38.1435, 6.4582 ], [ 38.1552, 6.4393 ], [ 38.1706, 6.4498 ], [ 38.2155, 6.4635 ], [ 38.2215, 6.4611 ], [ 38.2456, 6.4682 ], [ 38.2601, 6.4522 ], [ 38.2824, 6.4378 ], [ 38.2811, 6.4416 ], [ 38.2857, 6.4401 ], [ 38.286, 6.4352 ], [ 38.2906, 6.4343 ], [ 38.2895, 6.4278 ], [ 38.2974, 6.4281 ], [ 38.3006, 6.4234 ], [ 38.3061, 6.4233 ], [ 38.3093, 6.4197 ], [ 38.3368, 6.4174 ], [ 38.3421, 6.4205 ], [ 38.3652, 6.4135 ], [ 38.3893, 6.4168 ], [ 38.398, 6.4103 ], [ 38.4045, 6.3967 ], [ 38.399, 6.3743 ], [ 38.3939, 6.3683 ], [ 38.4021, 6.3617 ], [ 38.4014, 6.3556 ], [ 38.4079, 6.3554 ], [ 38.4161, 6.3698 ], [ 38.4243, 6.3687 ], [ 38.4276, 6.3859 ], [ 38.441, 6.4054 ], [ 38.4533, 6.4168 ], [ 38.4753, 6.4304 ], [ 38.5038, 6.4363 ], [ 38.5665, 6.4405 ], [ 38.5833, 6.437 ], [ 38.6063, 6.4228 ], [ 38.6267, 6.417 ], [ 38.645, 6.4232 ], [ 38.6615, 6.4191 ], [ 38.672, 6.409 ], [ 38.6906, 6.4062 ], [ 38.7072, 6.3925 ], [ 38.7387, 6.409 ], [ 38.758, 6.4091 ], [ 38.7715, 6.3998 ], [ 38.8121, 6.3559 ], [ 38.832, 6.3432 ], [ 38.8741, 6.3008 ], [ 38.8856, 6.2848 ], [ 38.8977, 6.2586 ], [ 38.9209, 6.2286 ], [ 38.9606, 6.1593 ], [ 38.9881, 6.1471 ], [ 39.0345, 6.1374 ], [ 39.0797, 6.153 ], [ 39.1319, 6.1588 ], [ 39.1304, 6.166 ], [ 39.1132, 6.1766 ], [ 39.086, 6.252 ], [ 39.0909, 6.2708 ], [ 39.1195, 6.299 ], [ 39.1257, 6.3219 ], [ 39.1253, 6.357 ] ] ] } }
]
}
