{
"type": "FeatureCollection",
"name": "GAB",
"crs": { "type": "name", "properties": { "name": "urn:ogc:def:crs:OGC:1.3:CRS84" } },
"xy_coordinate_resolution": 0.0001,
"features": [
{ "type": "Feature", "properties": { "iso3": "GAB", "unit_id": "52030013B79352622142784", "unit_name": "Komo" }, "geometry": { "type": "MultiPolygon", "coordinates": [ [ [ [ 9.8143, 0.189 ], [ 9.8126, 0.1775 ], [ 9.8208, 0.1729 ], [ 9.8788, 0.1813 ], [ 9.9221, 0.2015 ], [ 9.9269, 0.1882 ], [ 9.9025, 0.1688 ], [ 9.8891, 0.1678 ], [ 9.8597, 0.1521 ], [ 9.8479, 0.1507 ], [ 9.8335, 0.1435 ], [ 9.8073, 0.1405 ], [ 9.7842, 0.1338 ], [ 9.7895, 0.1179 ], [ 9.8445, 0.0264 ], [ 9.8465, 0.0144 ], [ 9.8415, -0.0108 ], [ 9.8484, -0.0409 ], [ 9.8475, -0.057 ], [ 9.8764, -0.0982 ], [ 9.9034, -0.1656 ], [ 9.9054, -0.1907 ], [ 9.8834, -0.253 ], [ 9.8314, -0.3073 ], [ 9.7958, -0.327 ], [ 9.7995, -0.3505 ], [ 9.8434, -0.3596 ], [ 9.8704, -0.3475 ], [ 9.9263, -0.2872 ], [ 9.9553, -0.3053 ], [ 9.9693, -0.3083 ], [ 9.9982, -0.3053 ], [ 10.0212, -0.3365 ], [ 10.0172, -0.4169 ], [ 10.0321, -0.4129 ], [ 10.16, -0.3546 ], [ 10.2328, -0.3128 ], [ 10.2778, -0.2764 ], [ 10.3047, -0.2462 ], [ 10.3117, -0.2341 ], [ 10.3607, -0.2291 ], [ 10.3917, -0.211 ], [ 10.4076, -0.1859 ], [ 10.4066, -0.1577 ], [ 10.4136, -0.1275 ], [ 10.4466, -0.0692 ], [ 10.4686, -0.0551 ], [ 10.5146, -0.039 ], [ 10.5216, 0.0043 ], [ 10.5415, 0.0163 ], [ 10.5675, 0.0214 ], [ 10.6025, 0.0224 ], [ 10.6055, 0.0365 ], [ 10.6095, 0.0314 ], [ 10.6175, 0.0314 ], [ 10.6165, 0.0385 ], [ 10.6235, 0.0465 ], [ 10.6215, 0.0536 ], [ 10.6285, 0.0576 ], [ 10.6305, 0.0656 ], [ 10.6485, 0.0676 ], [ 10.6564, 0.0586 ], [ 10.6664, 0.0606 ], [ 10.6644, 0.0686 ], [ 10.6764, 0.0707 ], [ 10.6714, 0.0928 ], [ 10.6654, 0.0978 ], [ 10.6604, 0.1169 ], [ 10.6644, 0.129 ], [ 10.6584, 0.1451 ], [ 10.6804, 0.1562 ], [ 10.6854, 0.1622 ], [ 10.6864, 0.1783 ], [ 10.6964, 0.1874 ], [ 10.6884, 0.2075 ], [ 10.6814, 0.2115 ], [ 10.6994, 0.2155 ], [ 10.7034, 0.2206 ], [ 10.7284, 0.2216 ], [ 10.7554, 0.2196 ], [ 10.7713, 0.2135 ], [ 10.7823, 0.2226 ], [ 10.8043, 0.2337 ], [ 10.8123, 0.2276 ], [ 10.8313, 0.2236 ], [ 10.8463, 0.2578 ], [ 10.8553, 0.2608 ], [ 10.8603, 0.292 ], [ 10.8463, 0.301 ], [ 10.8383, 0.3141 ], [ 10.8453, 0.3362 ], [ 10.8693, 0.3654 ], [ 10.8782, 0.3875 ], [ 10.8892, 0.4499 ], [ 10.9022, 0.4841 ], [ 10.9002, 0.4922 ], [ 10.9082, 0.4962 ], [ 10.9172, 0.5233 ], [ 10.9152, 0.5294 ], [ 10.9062, 0.5243 ], [ 10.9062, 0.5364 ], [ 10.9172, 0.5545 ], [ 10.9162, 0.5686 ], [ 10.9242, 0.5807 ], [ 10.9332, 0.5797 ], [ 10.9362, 0.5716 ], [ 10.9442, 0.5797 ], [ 10.9462, 0.5927 ], [ 10.9591, 0.6088 ], [ 10.9651, 0.6068 ], [ 10.9841, 0.6692 ], [ 10.9871, 0.6843 ], [ 10.9831, 0.6933 ], [ 10.9881, 0.7135 ], [ 10.9831, 0.7275 ], [ 10.9851, 0.7446 ], [ 10.9821, 0.7497 ], [ 10.9851, 0.7688 ], [ 10.9781, 0.7728 ], [ 10.9801, 0.7839 ], [ 10.9716, 0.8137 ], [ 10.8957, 0.7832 ], [ 10.7741, 0.74 ], [ 10.5561, 0.6695 ], [ 10.5142, 0.6455 ], [ 10.4793, 0.6162 ], [ 10.4388, 0.5876 ], [ 10.4108, 0.5973 ], [ 10.4052, 0.6075 ], [ 10.3934, 0.5888 ], [ 10.3791, 0.6095 ], [ 10.3669, 0.601 ], [ 10.3487, 0.6142 ], [ 10.318, 0.5876 ], [ 10.318, 0.5748 ], [ 10.302, 0.5544 ], [ 10.2866, 0.5466 ], [ 10.2657, 0.5284 ], [ 10.2544, 0.5108 ], [ 10.2108, 0.4691 ], [ 10.1782, 0.4495 ], [ 10.1414, 0.4469 ], [ 10.12, 0.4547 ], [ 10.0331, 0.5006 ], [ 9.977, 0.5196 ], [ 9.9733, 0.5182 ], [ 9.9642, 0.4929 ], [ 9.9183, 0.4386 ], [ 9.9073, 0.4135 ], [ 9.9013, 0.3904 ], [ 9.9043, 0.3763 ], [ 9.8993, 0.3502 ], [ 9.8844, 0.3381 ], [ 9.8684, 0.314 ], [ 9.8494, 0.2396 ], [ 9.8143, 0.189 ] ] ], [ [ [ 9.8982, 0.1743 ], [ 9.906, 0.1748 ], [ 9.9216, 0.1888 ], [ 9.9205, 0.1911 ], [ 9.9137, 0.1916 ], [ 9.8982, 0.1743 ] ] ] ] } },
{ "type": "Feature", "properties": { "iso3": "GAB", "unit_id": "52030013B79770470052649", "unit_name": "Komo-Mondah" }, "geometry": { "type": "MultiPolygon", "coordinates": [ [ [ [ 9.9733, 0.5182 ], [ 9.9066, 0.5172 ], [ 9.8874, 0.5265 ], [ 9.8762, 0.5383 ], [ 9.8611, 0.5769 ], [ 9.8512, 0.5933 ], [ 9.8243, 0.6181 ], [ 9.7969, 0.6304 ], [ 9.7626, 0.6333 ], [ 9.7449, 0.6251 ], [ 9.6714, 0.6022 ], [ 9.6171, 0.607 ], [ 9.6238, 0.5736 ], [ 9.6195, 0.5669 ], [ 9.6193, 0.5421 ], [ 9.6119, 0.5205 ], [ 9.6133, 0.5175 ], [ 9.6035, 0.5126 ], [ 9.5964, 0.5144 ], [ 9.5912, 0.5071 ], [ 9.5797, 0.5148 ], [ 9.5801, 0.5332 ], [ 9.5723, 0.5502 ], [ 9.5653, 0.5835 ], [ 9.5596, 0.5862 ], [ 9.5604, 0.597 ], [ 9.5497, 0.599 ], [ 9.5408, 0.6091 ], [ 9.537, 0.6275 ], [ 9.5177, 0.6634 ], [ 9.5097, 0.6639 ], [ 9.5033, 0.6684 ], [ 9.5001, 0.6682 ], [ 9.4985, 0.6638 ], [ 9.4691, 0.6552 ], [ 9.4644, 0.6469 ], [ 9.4539, 0.6464 ], [ 9.4486, 0.6398 ], [ 9.4384, 0.6359 ], [ 9.4342, 0.6372 ], [ 9.4388, 0.6406 ], [ 9.4055, 0.6465 ], [ 9.3855, 0.6214 ], [ 9.3777, 0.6181 ], [ 9.3563, 0.6178 ], [ 9.3517, 0.6208 ], [ 9.3332, 0.6152 ], [ 9.3279, 0.6182 ], [ 9.3209, 0.6115 ], [ 9.3198, 0.6037 ], [ 9.3107, 0.5928 ], [ 9.3125, 0.5565 ], [ 9.3102, 0.5485 ], [ 9.3137, 0.5283 ], [ 9.3108, 0.5177 ], [ 9.3142, 0.5111 ], [ 9.3229, 0.5038 ], [ 9.3314, 0.5107 ], [ 9.335, 0.5197 ], [ 9.3441, 0.5218 ], [ 9.3764, 0.506 ], [ 9.3848, 0.498 ], [ 9.3976, 0.4753 ], [ 9.4497, 0.4888 ], [ 9.5047, 0.4757 ], [ 9.5298, 0.4637 ], [ 9.5459, 0.4504 ], [ 9.5614, 0.4314 ], [ 9.5724, 0.4113 ], [ 9.5857, 0.3751 ], [ 9.5835, 0.3663 ], [ 9.5874, 0.3529 ], [ 9.5877, 0.3277 ], [ 9.579, 0.3108 ], [ 9.564, 0.2958 ], [ 9.5723, 0.2951 ], [ 9.5923, 0.2726 ], [ 9.5971, 0.2715 ], [ 9.5989, 0.2662 ], [ 9.6307, 0.2496 ], [ 9.6449, 0.2354 ], [ 9.657, 0.2373 ], [ 9.6648, 0.2229 ], [ 9.679, 0.2135 ], [ 9.6858, 0.2133 ], [ 9.7104, 0.2269 ], [ 9.7173, 0.2242 ], [ 9.7182, 0.2157 ], [ 9.7425, 0.1928 ], [ 9.7932, 0.1739 ], [ 9.8021, 0.1733 ], [ 9.8058, 0.177 ], [ 9.8112, 0.1919 ], [ 9.8143, 0.189 ], [ 9.8494, 0.2396 ], [ 9.8684, 0.314 ], [ 9.8844, 0.3381 ], [ 9.8993, 0.3502 ], [ 9.9043, 0.3763 ], [ 9.9013, 0.3904 ], [ 9.9073, 0.4135 ], [ 9.9183, 0.4386 ], [ 9.9642, 0.4929 ], [ 9.9733, 0.5182 ] ] ], [ [ [ 9.7842, 0.1338 ], [ 9.7646, 0.1339 ], [ 9.7596, 0.1302 ], [ 9.7613, 0.1174 ], [ 9.7491, 0.1098 ], [ 9.7426, 0.1157 ], [ 9.7184, 0.1211 ], [ 9.695, 0.1337 ], [ 9.6711, 0.1336 ], [ 9.665, 0.1253 ], [ 9.675, 0.1118 ], [ 9.6709, 0.1108 ], [ 9.6585, 0.1301 ], [ 9.6554, 0.1305 ], [ 9.6475, 0.1486 ], [ 9.6356, 0.1534 ], [ 9.6272, 0.1529 ], [ 9.6093, 0.1315 ], [ 9.6056, 0.1347 ], [ 9.5992, 0.1313 ], [ 9.5889, 0.1381 ], [ 9.5779, 0.156 ], [ 9.5498, 0.1637 ], [ 9.5334, 0.1636 ], [ 9.5181, 0.1727 ], [ 9.508, 0.1656 ], [ 9.5076, 0.1548 ], [ 9.5015, 0.1509 ], [ 9.4986, 0.143 ], [ 9.4767, 0.1455 ], [ 9.4635, 0.1716 ], [ 9.4594, 0.173 ], [ 9.4589, 0.1801 ], [ 9.4519, 0.1812 ], [ 9.4487, 0.1778 ], [ 9.4439, 0.1803 ], [ 9.4383, 0.1648 ], [ 9.4379, 0.1936 ], [ 9.4257, 0.2061 ], [ 9.4223, 0.2052 ], [ 9.3914, 0.2241 ], [ 9.3948, 0.2324 ], [ 9.3888, 0.2464 ], [ 9.3838, 0.2468 ], [ 9.3828, 0.2748 ], [ 9.377, 0.2909 ], [ 9.3702, 0.2934 ], [ 9.3777, 0.2989 ], [ 9.3783, 0.315 ], [ 9.3703, 0.3207 ], [ 9.356, 0.3544 ], [ 9.3507, 0.3558 ], [ 9.331, 0.3318 ], [ 9.3205, 0.3325 ], [ 9.3127, 0.3251 ], [ 9.3103, 0.3088 ], [ 9.3048, 0.3074 ], [ 9.3177, 0.2284 ], [ 9.3155, 0.2149 ], [ 9.3202, 0.1818 ], [ 9.3456, 0.0603 ], [ 9.3499, 0.008 ], [ 9.3462, -0.0008 ], [ 9.3461, -0.0323 ], [ 9.3305, -0.0462 ], [ 9.328, -0.0533 ], [ 9.3265, -0.0845 ], [ 9.3305, -0.1091 ], [ 9.3268, -0.115 ], [ 9.3243, -0.1564 ], [ 9.3188, -0.1646 ], [ 9.3171, -0.1864 ], [ 9.3029, -0.2068 ], [ 9.2977, -0.2462 ], [ 9.3604, -0.2571 ], [ 9.367, -0.2644 ], [ 9.3665, -0.2774 ], [ 9.3577, -0.3004 ], [ 9.3547, -0.327 ], [ 9.3771, -0.3437 ], [ 9.3745, -0.3667 ], [ 9.4343, -0.4185 ], [ 9.46, -0.4648 ], [ 9.509, -0.4654 ], [ 9.5335, -0.4892 ], [ 9.5512, -0.4862 ], [ 9.6083, -0.5283 ], [ 9.6057, -0.4913 ], [ 9.597, -0.4521 ], [ 9.5999, -0.4068 ], [ 9.622, -0.4035 ], [ 9.6542, -0.3918 ], [ 9.6898, -0.366 ], [ 9.7699, -0.3539 ], [ 9.7958, -0.327 ], [ 9.8314, -0.3073 ], [ 9.8834, -0.253 ], [ 9.9054, -0.1907 ], [ 9.9034, -0.1656 ], [ 9.8764, -0.0982 ], [ 9.8475, -0.057 ], [ 9.8484, -0.0409 ], [ 9.8415, -0.0108 ], [ 9.8465, 0.0144 ], [ 9.8445, 0.0264 ], [ 9.7895, 0.1179 ], [ 9.7842, 0.1338 ] ] ], [ [ [ 9.5467, 0.2617 ], [ 9.5529, 0.259 ], [ 9.5544, 0.2626 ], [ 9.562, 0.2617 ], [ 9.5631, 0.273 ], [ 9.5468, 0.2798 ], [ 9.5428, 0.2754 ], [ 9.5464, 0.2704 ], [ 9.5467, 0.2617 ] ] ] ] } },
{ "type": "Feature", "properties": { "iso3": "GAB", "unit_id": "52030013B21428611825010", "unit_name": "Noya" }, "geometry": { "type": "MultiPolygon", "coordinates": [ [ [ [ 10.318, 0.5876 ], [ 10.2854, 0.6492 ], [ 10.3091, 0.6508 ], [ 10.326, 0.6568 ], [ 10.3336, 0.6781 ], [ 10.3362, 0.7059 ], [ 10.3689, 0.7323 ], [ 10.3765, 0.7736 ], [ 10.4153, 0.8214 ], [ 10.4401, 0.8586 ], [ 10.4645, 0.9983 ], [ 9.9967, 0.9976 ], [ 9.999, 0.9924 ], [ 9.9954, 0.9862 ], [ 9.9965, 0.9821 ], [ 9.9899, 0.9775 ], [ 9.9904, 0.9635 ], [ 9.9923, 0.9587 ], [ 9.9971, 0.9566 ], [ 9.9958, 0.946 ], [ 9.9898, 0.9389 ], [ 9.9963, 0.9341 ], [ 9.9867, 0.9269 ], [ 9.9707, 0.9278 ], [ 9.962, 0.9259 ], [ 9.9561, 0.9209 ], [ 9.9426, 0.9254 ], [ 9.9302, 0.938 ], [ 9.9005, 0.948 ], [ 9.8849, 0.9767 ], [ 9.8782, 0.9824 ], [ 9.842, 0.998 ], [ 9.7902, 0.9984 ], [ 9.7861, 1.0248 ], [ 9.7434, 1.0684 ], [ 9.6653, 1.0612 ], [ 9.6622, 1.0324 ], [ 9.6563, 1.0189 ], [ 9.649, 1.0202 ], [ 9.6262, 1.01 ], [ 9.6246, 1.0139 ], [ 9.6168, 1.0125 ], [ 9.6113, 1.0157 ], [ 9.6029, 1.0072 ], [ 9.5965, 1.0076 ], [ 9.5929, 1.0113 ], [ 9.5799, 1.0023 ], [ 9.5731, 0.9807 ], [ 9.5556, 0.9542 ], [ 9.5541, 0.9379 ], [ 9.5729, 0.9106 ], [ 9.5707, 0.8975 ], [ 9.58, 0.8401 ], [ 9.584, 0.8295 ], [ 9.5922, 0.8222 ], [ 9.6059, 0.78 ], [ 9.6127, 0.7692 ], [ 9.6114, 0.7653 ], [ 9.6158, 0.7527 ], [ 9.6188, 0.7343 ], [ 9.6125, 0.7047 ], [ 9.6163, 0.6762 ], [ 9.6127, 0.6551 ], [ 9.6135, 0.63 ], [ 9.6088, 0.6158 ], [ 9.612, 0.6094 ], [ 9.6714, 0.6022 ], [ 9.7449, 0.6251 ], [ 9.7626, 0.6333 ], [ 9.7969, 0.6304 ], [ 9.8243, 0.6181 ], [ 9.8512, 0.5933 ], [ 9.8611, 0.5769 ], [ 9.8762, 0.5383 ], [ 9.8874, 0.5265 ], [ 9.9066, 0.5172 ], [ 9.977, 0.5196 ], [ 10.0331, 0.5006 ], [ 10.12, 0.4547 ], [ 10.1414, 0.4469 ], [ 10.1782, 0.4495 ], [ 10.2108, 0.4691 ], [ 10.2544, 0.5108 ], [ 10.2657, 0.5284 ], [ 10.2866, 0.5466 ], [ 10.302, 0.5544 ], [ 10.318, 0.5748 ], [ 10.318, 0.5876 ] ] ], [ [ [ 9.3861, 0.7973 ], [ 9.3943, 0.7964 ], [ 9.3962, 0.7994 ], [ 9.3856, 0.8008 ], [ 9.3861, 0.7973 ] ] ] ] } },
{ "type": "Feature", "properties": { "iso3": "GAB", "unit_id": "52030013B10832554447204", "unit_name": "Libreville" }, "geometry": { "type": "Polygon", "coordinates": [ [ [ 9.3976, 0.4753 ], [ 9.4149, 0.4531 ], [ 9.4331, 0.4098 ], [ 9.4526, 0.3798 ], [ 9.473, 0.3592 ], [ 9.4844, 0.3253 ], [ 9.5025, 0.2916 ], [ 9.5103, 0.2847 ], [ 9.5187, 0.299 ], [ 9.5314, 0.3092 ], [ 9.5436, 0.2911 ], [ 9.5573, 0.2897 ], [ 9.579, 0.3108 ], [ 9.5877, 0.3277 ], [ 9.5874, 0.3529 ], [ 9.5835, 0.3663 ], [ 9.5857, 0.3751 ], [ 9.5671, 0.4217 ], [ 9.5459, 0.4504 ], [ 9.5151, 0.4721 ], [ 9.4597, 0.4878 ], [ 9.4409, 0.4874 ], [ 9.3976, 0.4753 ] ] ] } },
{ "type": "Feature", "properties": { "iso3": "GAB", "unit_id": "52030013B89350614168161", "unit_name": "Djoue" }, "geometry": { "type": "Polygon", "coordinates": [ [ [ 14.0495, -1.1666 ], [ 14.0641, -1.1512 ], [ 14.1067, -1.078 ], [ 14.1177, -1.0692 ], [ 14.1631, -1.0649 ], [ 14.1837, -1.0405 ], [ 14.1999, -1.0357 ], [ 14.2212, -1.05 ], [ 14.2445, -1.0574 ], [ 14.2812, -1.0469 ], [ 14.3192, -1.0406 ], [ 14.3369, -1.0188 ], [ 14.3596, -1.0001 ], [ 14.3911, -0.994 ], [ 14.423, -1.0007 ], [ 14.4195, -0.9429 ], [ 14.4102, -0.909 ], [ 14.4156, -0.888 ], [ 14.4304, -0.8726 ], [ 14.4408, -0.8525 ], [ 14.4586, -0.8012 ], [ 14.4709, -0.7412 ], [ 14.4866, -0.7161 ], [ 14.4987, -0.6809 ], [ 14.4995, -0.6572 ], [ 14.4929, -0.6159 ], [ 14.4632, -0.5517 ], [ 14.4296, -0.5182 ], [ 14.4008, -0.4771 ], [ 14.3861, -0.4686 ], [ 14.3537, -0.4591 ], [ 14.3144, -0.4577 ], [ 14.2936, -0.4498 ], [ 14.2343, -0.5862 ], [ 14.1941, -0.6525 ], [ 14.1738, -0.693 ], [ 14.1453, -0.7241 ], [ 14.136, -0.7403 ], [ 14.1054, -0.7781 ], [ 14.0689, -0.8174 ], [ 14.0421, -0.8546 ], [ 14.0148, -0.8826 ], [ 13.9863, -0.9268 ], [ 13.9745, -0.9359 ], [ 13.9768, -0.948 ], [ 14.0301, -1.0015 ], [ 14.0461, -1.0292 ], [ 14.0562, -1.1071 ], [ 14.0478, -1.1328 ], [ 14.0495, -1.1666 ] ] ] } },
{ "type": "Feature", "properties": { "iso3": "GAB", "unit_id": "52030013B80852782881396", "unit_name": "Djouori-Agnili" }, "geometry": { "type": "Polygon", "coordinates": [ [ [ 13.7127, -1.5197 ], [ 13.7179, -1.5535 ], [ 13.7182, -1.6045 ], [ 13.7349, -1.6353 ], [ 13.7743, -1.6675 ], [ 13.8086, -1.6793 ], [ 13.8413, -1.7102 ], [ 13.8725, -1.7278 ], [ 13.8965, -1.7482 ], [ 13.9272, -1.7685 ], [ 13.9725, -1.7495 ], [ 14.0104, -1.7497 ], [ 14.0619, -1.7283 ], [ 14.1335, -1.6447 ], [ 14.1373, -1.6491 ], [ 14.1602, -1.6294 ], [ 14.1732, -1.6128 ], [ 14.1867, -1.571 ], [ 14.1897, -1.5398 ], [ 14.1956, -1.5211 ], [ 14.2184, -1.4827 ], [ 14.2186, -1.4726 ], [ 14.2013, -1.449 ], [ 14.1822, -1.4091 ], [ 14.1839, -1.3828 ], [ 14.158, -1.3362 ], [ 14.1404, -1.2776 ], [ 14.1145, -1.2472 ], [ 14.1005, -1.2169 ], [ 14.0851, -1.2034 ], [ 14.0571, -1.1865 ], [ 14.0495, -1.1666 ], [ 14.0126, -1.1928 ], [ 13.9559, -1.2258 ], [ 13.9206, -1.2419 ], [ 13.8708, -1.2566 ], [ 13.8505, -1.2677 ], [ 13.8543, -1.3146 ], [ 13.8494, -1.3568 ], [ 13.8409, -1.3621 ], [ 13.8004, -1.3661 ], [ 13.7779, -1.3766 ], [ 13.7848, -1.4389 ], [ 13.7938, -1.4634 ], [ 13.7845, -1.4764 ], [ 13.7562, -1.4879 ], [ 13.7558, -1.5134 ], [ 13.7519, -1.5208 ], [ 13.7414, -1.5225 ], [ 13.7127, -1.5197 ] ] ] } },
{ "type": "Feature", "properties": { "iso3": "GAB", "unit_id": "52030013B84057265227530", "unit_name": "Lebombi-Leyou" }, "geometry": { "type": "Polygon", "coordinates": [ [ [ 13.3536, -1.7433 ], [ 13.3938, -1.558 ], [ 13.379, -1.5421 ], [ 13.3809, -1.5281 ], [ 13.3671, -1.523 ], [ 13.3676, -1.5152 ], [ 13.3824, -1.5046 ], [ 13.3779, -1.4969 ], [ 13.3644, -1.4901 ], [ 13.3609, -1.4701 ], [ 13.3556, -1.4599 ], [ 13.35, -1.4579 ], [ 13.3527, -1.4125 ], [ 13.3314, -1.3958 ], [ 13.3312, -1.3817 ], [ 13.3419, -1.3735 ], [ 13.3409, -1.3489 ], [ 13.3619, -1.338 ], [ 13.3536, -1.3178 ], [ 13.3584, -1.3095 ], [ 13.3562, -1.301 ], [ 13.3683, -1.2912 ], [ 13.3753, -1.2694 ], [ 13.3744, -1.2622 ], [ 13.337, -1.2263 ], [ 13.3396, -1.2056 ], [ 13.3207, -1.1948 ], [ 13.3081, -1.1963 ], [ 13.3078, -1.1861 ], [ 13.2858, -1.1715 ], [ 13.2548, -1.1585 ], [ 13.2304, -1.1308 ], [ 13.2061, -1.1311 ], [ 13.1864, -1.1063 ], [ 13.166, -1.1126 ], [ 13.1615, -1.18 ], [ 13.1717, -1.1943 ], [ 13.1646, -1.2568 ], [ 13.1153, -1.2811 ], [ 13.1038, -1.3052 ], [ 13.0915, -1.3212 ], [ 13.074, -1.3258 ], [ 13.0628, -1.3387 ], [ 13.0421, -1.3253 ], [ 12.9839, -1.3831 ], [ 12.9695, -1.4193 ], [ 12.9445, -1.4193 ], [ 12.92, -1.4563 ], [ 12.8874, -1.4772 ], [ 12.8951, -1.5216 ], [ 12.8739, -1.5646 ], [ 12.8493, -1.5783 ], [ 12.8402, -1.5958 ], [ 12.8487, -1.6139 ], [ 12.8288, -1.6112 ], [ 12.793, -1.6775 ], [ 12.7985, -1.6772 ], [ 12.8213, -1.6879 ], [ 12.965, -1.6482 ], [ 13.0352, -1.6424 ], [ 13.0959, -1.6566 ], [ 13.1421, -1.6761 ], [ 13.1887, -1.7023 ], [ 13.2234, -1.7349 ], [ 13.2641, -1.7637 ], [ 13.2814, -1.7695 ], [ 13.2958, -1.7705 ], [ 13.3536, -1.7433 ] ] ] } },
{ "type": "Feature", "properties": { "iso3": "GAB", "unit_id": "52030013B48094453076879", "unit_name": "Lekabi-Lewolo" }, "geometry": { "type": "Polygon", "coordinates": [ [ [ 13.8505, -1.2677 ], [ 13.837, -1.258 ], [ 13.8281, -1.2428 ], [ 13.8099, -1.225 ], [ 13.7222, -1.1773 ], [ 13.7181, -1.1672 ], [ 13.7096, -1.1778 ], [ 13.7007, -1.1775 ], [ 13.7004, -1.1711 ], [ 13.6804, -1.1666 ], [ 13.6792, -1.1562 ], [ 13.6702, -1.1532 ], [ 13.686, -1.1368 ], [ 13.684, -1.1254 ], [ 13.6658, -1.1203 ], [ 13.6604, -1.1007 ], [ 13.6547, -1.1026 ], [ 13.6342, -1.0979 ], [ 13.6202, -1.1082 ], [ 13.6148, -1.1175 ], [ 13.6151, -1.1253 ], [ 13.6114, -1.1276 ], [ 13.6063, -1.1218 ], [ 13.5964, -1.1399 ], [ 13.595, -1.1588 ], [ 13.5841, -1.165 ], [ 13.5726, -1.1575 ], [ 13.5617, -1.1667 ], [ 13.5735, -1.1861 ], [ 13.5767, -1.2099 ], [ 13.5939, -1.249 ], [ 13.6195, -1.2856 ], [ 13.6392, -1.3322 ], [ 13.6475, -1.3773 ], [ 13.6487, -1.4242 ], [ 13.6427, -1.4962 ], [ 13.6449, -1.5088 ], [ 13.6821, -1.5123 ], [ 13.7127, -1.5197 ], [ 13.7414, -1.5225 ], [ 13.7519, -1.5208 ], [ 13.7558, -1.5134 ], [ 13.7562, -1.4879 ], [ 13.7845, -1.4764 ], [ 13.7938, -1.4634 ], [ 13.7848, -1.4389 ], [ 13.7779, -1.3766 ], [ 13.8004, -1.3661 ], [ 13.8409, -1.3621 ], [ 13.8494, -1.3568 ], [ 13.8543, -1.3146 ], [ 13.8505, -1.2677 ] ] ] } },
{ "type": "Feature", "properties": { "iso3": "GAB", "unit_id": "52030013B75635414697506", "unit_name": "Lekoko" }, "geometry": { "type": "Polygon", "coordinates": [ [ [ 12.793, -1.6775 ], [ 12.7936, -1.7204 ], [ 12.7686, -1.7531 ], [ 12.79, -1.7781 ], [ 12.766, -1.789 ], [ 12.7528, -1.8748 ], [ 12.829, -1.926 ], [ 12.8416, -1.9396 ], [ 12.8694, -2.0136 ], [ 12.8852, -2.0995 ], [ 12.9132, -2.1372 ], [ 12.9306, -2.1551 ], [ 12.9666, -2.181 ], [ 12.9987, -2.1952 ], [ 13.0072, -2.2023 ], [ 13.0255, -2.2298 ], [ 13.0338, -2.2517 ], [ 13.032, -2.2835 ], [ 13.0714, -2.2638 ], [ 13.1302, -2.243 ], [ 13.1763, -2.2358 ], [ 13.2398, -2.2522 ], [ 13.2608, -2.2428 ], [ 13.3128, -2.2471 ], [ 13.3515, -2.2155 ], [ 13.4258, -2.1845 ], [ 13.4453, -2.1727 ], [ 13.4436, -2.0901 ], [ 13.4479, -2.0655 ], [ 13.4562, -2.0437 ], [ 13.4564, -2.0297 ], [ 13.4364, -2.0288 ], [ 13.3471, -2.003 ], [ 13.3452, -1.9868 ], [ 13.3646, -1.9264 ], [ 13.3744, -1.8224 ], [ 13.3725, -1.8054 ], [ 13.3581, -1.772 ], [ 13.3536, -1.7433 ], [ 13.2958, -1.7705 ], [ 13.2814, -1.7695 ], [ 13.2641, -1.7637 ], [ 13.2234, -1.7349 ], [ 13.1887, -1.7023 ], [ 13.1421, -1.6761 ], [ 13.0959, -1.6566 ], [ 13.0352, -1.6424 ], [ 12.965, -1.6482 ], [ 12.8213, -1.6879 ], [ 12.7985, -1.6772 ], [ 12.793, -1.6775 ] ] ] } },
{ "type": "Feature", "properties": { "iso3": "GAB", "unit_id": "52030013B84204367955649", "unit_name": "Lekoni-Lekori" }, "geometry": { "type": "Polygon", "coordinates": [ [ [ 13.9745, -0.9359 ], [ 13.9376, -0.9699 ], [ 13.8802, -1.0061 ], [ 13.8526, -1.0167 ], [ 13.7942, -1.032 ], [ 13.7602, -1.0452 ], [ 13.7524, -1.0513 ], [ 13.7478, -1.0716 ], [ 13.7474, -1.1363 ], [ 13.7409, -1.1555 ], [ 13.7222, -1.1773 ], [ 13.8099, -1.225 ], [ 13.8281, -1.2428 ], [ 13.837, -1.258 ], [ 13.8505, -1.2677 ], [ 13.8708, -1.2566 ], [ 13.9206, -1.2419 ], [ 13.9559, -1.2258 ], [ 14.0126, -1.1928 ], [ 14.0495, -1.1666 ], [ 14.0478, -1.1328 ], [ 14.0562, -1.1071 ], [ 14.0461, -1.0292 ], [ 14.0301, -1.0015 ], [ 13.9768, -0.948 ], [ 13.9745, -0.9359 ] ] ] } },
{ "type": "Feature", "properties": { "iso3": "GAB", "unit_id": "52030013B92889718248357", "unit_name": "Ogooue-Letili" }, "geometry": { "type": "Polygon", "coordinates": [ [ [ 13.032, -2.2835 ], [ 13.0269, -2.3143 ], [ 13.0311, -2.3246 ], [ 13.0409, -2.3338 ], [ 13.0723, -2.3431 ], [ 13.089, -2.3429 ], [ 13.1217, -2.3538 ], [ 13.1664, -2.3788 ], [ 13.1756, -2.3794 ], [ 13.182, -2.3764 ], [ 13.21, -2.3393 ], [ 13.2159, -2.3379 ], [ 13.2233, -2.342 ], [ 13.2318, -2.3593 ], [ 13.2501, -2.3742 ], [ 13.2632, -2.3792 ], [ 13.3163, -2.3859 ], [ 13.3321, -2.3923 ], [ 13.374, -2.4207 ], [ 13.3848, -2.4246 ], [ 13.3999, -2.4262 ], [ 13.4305, -2.4153 ], [ 13.4424, -2.4141 ], [ 13.4708, -2.4211 ], [ 13.4928, -2.4335 ], [ 13.5031, -2.4312 ], [ 13.5361, -2.3841 ], [ 13.5839, -2.3244 ], [ 13.6914, -2.1953 ], [ 13.7293, -2.1563 ], [ 13.7488, -2.1203 ], [ 13.7536, -2.1139 ], [ 13.7581, -2.1134 ], [ 13.7679, -2.0771 ], [ 13.7729, -2.0698 ], [ 13.7518, -2.0364 ], [ 13.7238, -2.0154 ], [ 13.7112, -1.9837 ], [ 13.6845, -1.9489 ], [ 13.6787, -1.9159 ], [ 13.6733, -1.9047 ], [ 13.6589, -1.9073 ], [ 13.6151, -1.9724 ], [ 13.5885, -2.0014 ], [ 13.5754, -2.0017 ], [ 13.5643, -1.9832 ], [ 13.5639, -1.9658 ], [ 13.574, -1.9481 ], [ 13.5546, -1.949 ], [ 13.5244, -1.9768 ], [ 13.4937, -1.9951 ], [ 13.4564, -2.0297 ], [ 13.4562, -2.0437 ], [ 13.4479, -2.0655 ], [ 13.4436, -2.0901 ], [ 13.4453, -2.1727 ], [ 13.4258, -2.1845 ], [ 13.3515, -2.2155 ], [ 13.3128, -2.2471 ], [ 13.2608, -2.2428 ], [ 13.2398, -2.2522 ], [ 13.1763, -2.2358 ], [ 13.1302, -2.243 ], [ 13.0714, -2.2638 ], [ 13.032, -2.2835 ] ] ] } },
{ "type": "Feature", "properties": { "iso3": "GAB", "unit_id": "52030013B36214453413775", "unit_name": "Passa" }, "geometry": { "type": "Polygon", "coordinates": [ [ [ 13.7127, -1.5197 ], [ 13.6821, -1.5123 ], [ 13.6449, -1.5088 ], [ 13.6427, -1.4962 ], [ 13.6487, -1.4242 ], [ 13.6475, -1.3773 ], [ 13.6392, -1.3322 ], [ 13.6195, -1.2856 ], [ 13.5939, -1.249 ], [ 13.5767, -1.2099 ], [ 13.5735, -1.1861 ], [ 13.5492, -1.1514 ], [ 13.5417, -1.1588 ], [ 13.5377, -1.1558 ], [ 13.5253, -1.1649 ], [ 13.5106, -1.1518 ], [ 13.5048, -1.1585 ], [ 13.4919, -1.157 ], [ 13.4903, -1.1477 ], [ 13.4852, -1.1512 ], [ 13.4673, -1.1421 ], [ 13.4634, -1.154 ], [ 13.4508, -1.1577 ], [ 13.4434, -1.1516 ], [ 13.4343, -1.1545 ], [ 13.4349, -1.1438 ], [ 13.4291, -1.1366 ], [ 13.4167, -1.1399 ], [ 13.4138, -1.1345 ], [ 13.4065, -1.1403 ], [ 13.3954, -1.1391 ], [ 13.3884, -1.1446 ], [ 13.3825, -1.1422 ], [ 13.3796, -1.1445 ], [ 13.3804, -1.1553 ], [ 13.3718, -1.1579 ], [ 13.3635, -1.1536 ], [ 13.3514, -1.1708 ], [ 13.3435, -1.1645 ], [ 13.3375, -1.1694 ], [ 13.3313, -1.165 ], [ 13.2858, -1.1715 ], [ 13.3078, -1.1861 ], [ 13.3081, -1.1963 ], [ 13.3207, -1.1948 ], [ 13.3396, -1.2056 ], [ 13.337, -1.2263 ], [ 13.3744, -1.2622 ], [ 13.3753, -1.2694 ], [ 13.3683, -1.2912 ], [ 13.3562, -1.301 ], [ 13.3584, -1.3095 ], [ 13.3536, -1.3178 ], [ 13.3619, -1.338 ], [ 13.3409, -1.3489 ], [ 13.3419, -1.3735 ], [ 13.3312, -1.3817 ], [ 13.3314, -1.3958 ], [ 13.3527, -1.4125 ], [ 13.35, -1.4579 ], [ 13.3556, -1.4599 ], [ 13.3609, -1.4701 ], [ 13.3644, -1.4901 ], [ 13.3779, -1.4969 ], [ 13.3824, -1.5046 ], [ 13.3676, -1.5152 ], [ 13.3671, -1.523 ], [ 13.3809, -1.5281 ], [ 13.379, -1.5421 ], [ 13.3938, -1.558 ], [ 13.3536, -1.7433 ], [ 13.3581, -1.772 ], [ 13.3725, -1.8054 ], [ 13.3744, -1.8224 ], [ 13.3646, -1.9264 ], [ 13.3452, -1.9868 ], [ 13.3471, -2.003 ], [ 13.4364, -2.0288 ], [ 13.4564, -2.0297 ], [ 13.4937, -1.9951 ], [ 13.5244, -1.9768 ], [ 13.5546, -1.949 ], [ 13.574, -1.9481 ], [ 13.5639, -1.9658 ], [ 13.5643, -1.9832 ], [ 13.5754, -2.0017 ], [ 13.5885, -2.0014 ], [ 13.6151, -1.9724 ], [ 13.6589, -1.9073 ], [ 13.6733, -1.9047 ], [ 13.6787, -1.9159 ], [ 13.6845, -1.9489 ], [ 13.7112, -1.9837 ], [ 13.7238, -2.0154 ], [ 13.7518, -2.0364 ], [ 13.7729, -2.0698 ], [ 13.7679, -2.0771 ], [ 13.7581, -2.1134 ], [ 13.771, -2.1182 ], [ 13.8139, -2.1534 ], [ 13.8369, -2.1968 ], [ 13.8804, -2.2606 ], [ 13.8867, -2.3045 ], [ 13.8922, -2.3133 ], [ 13.9166, -2.3339 ], [ 13.9189, -2.3438 ], [ 13.9164, -2.3587 ], [ 13.8745, -2.4049 ], [ 13.8686, -2.4273 ], [ 13.8913, -2.4038 ], [ 13.9371, -2.3773 ], [ 13.9548, -2.3763 ], [ 13.9707, -2.3612 ], [ 14.0155, -2.3411 ], [ 14.0499, -2.3026 ], [ 14.0649, -2.2788 ], [ 14.0655, -2.245 ], [ 14.0696, -2.2216 ], [ 14.0534, -2.2002 ], [ 14.047, -2.2012 ], [ 14.0366, -2.1797 ], [ 14.0411, -2.1614 ], [ 14.0465, -2.156 ], [ 14.0548, -2.1371 ], [ 14.0629, -2.1339 ], [ 14.0683, -2.1256 ], [ 14.0679, -2.1069 ], [ 14.0752, -2.0829 ], [ 14.0748, -2.069 ], [ 14.0647, -2.0607 ], [ 14.0682, -2.0498 ], [ 14.0713, -2.0098 ], [ 14.0668, -1.9987 ], [ 14.0294, -1.9728 ], [ 14.0131, -1.9723 ], [ 14.0046, -1.9625 ], [ 13.9992, -1.9468 ], [ 13.9891, -1.938 ], [ 13.9642, -1.9286 ], [ 13.9441, -1.9138 ], [ 13.936, -1.9134 ], [ 13.9127, -1.8826 ], [ 13.8865, -1.8737 ], [ 13.8758, -1.8626 ], [ 13.873, -1.8546 ], [ 13.8709, -1.8071 ], [ 13.8614, -1.7725 ], [ 13.849, -1.7595 ], [ 13.8504, -1.7446 ], [ 13.8453, -1.7381 ], [ 13.8466, -1.73 ], [ 13.8373, -1.7261 ], [ 13.8364, -1.7188 ], [ 13.8413, -1.7102 ], [ 13.8086, -1.6793 ], [ 13.7743, -1.6675 ], [ 13.7349, -1.6353 ], [ 13.7182, -1.6045 ], [ 13.7179, -1.5535 ], [ 13.7127, -1.5197 ] ] ] } },
{ "type": "Feature", "properties": { "iso3": "GAB", "unit_id": "52030013B23241335360886", "unit_name": "Plateaux" }, "geometry": { "type": "Polygon", "coordinates": [ [ [ 14.0495, -1.1666 ], [ 14.0571, -1.1865 ], [ 14.0851, -1.2034 ], [ 14.1005, -1.2169 ], [ 14.1145, -1.2472 ], [ 14.1404, -1.2776 ], [ 14.158, -1.3362 ], [ 14.1839, -1.3828 ], [ 14.1822, -1.4091 ], [ 14.2013, -1.449 ], [ 14.2186, -1.4726 ], [ 14.2184, -1.4827 ], [ 14.1956, -1.5211 ], [ 14.1897, -1.5398 ], [ 14.1867, -1.571 ], [ 14.1732, -1.6128 ], [ 14.1602, -1.6294 ], [ 14.1373, -1.6491 ], [ 14.1335, -1.6447 ], [ 14.0619, -1.7283 ], [ 14.0104, -1.7497 ], [ 13.9725, -1.7495 ], [ 13.9272, -1.7685 ], [ 13.8965, -1.7482 ], [ 13.8725, -1.7278 ], [ 13.8413, -1.7102 ], [ 13.8364, -1.7188 ], [ 13.8373, -1.7261 ], [ 13.8466, -1.73 ], [ 13.8453, -1.7381 ], [ 13.8504, -1.7446 ], [ 13.849, -1.7595 ], [ 13.8614, -1.7725 ], [ 13.8709, -1.8071 ], [ 13.873, -1.8546 ], [ 13.8758, -1.8626 ], [ 13.8865, -1.8737 ], [ 13.9127, -1.8826 ], [ 13.936, -1.9134 ], [ 13.9441, -1.9138 ], [ 13.9642, -1.9286 ], [ 13.9891, -1.938 ], [ 13.9992, -1.9468 ], [ 14.0046, -1.9625 ], [ 14.0131, -1.9723 ], [ 14.0294, -1.9728 ], [ 14.0668, -1.9987 ], [ 14.0713, -2.0098 ], [ 14.0713, -2.022 ], [ 14.0647, -2.0607 ], [ 14.0748, -2.069 ], [ 14.0752, -2.0829 ], [ 14.0679, -2.1069 ], [ 14.0683, -2.1256 ], [ 14.0629, -2.1339 ], [ 14.0548, -2.1371 ], [ 14.0465, -2.156 ], [ 14.0411, -2.1614 ], [ 14.0366, -2.1797 ], [ 14.047, -2.2012 ], [ 14.0534, -2.2002 ], [ 14.0696, -2.2216 ], [ 14.0655, -2.245 ], [ 14.0649, -2.2788 ], [ 14.0499, -2.3026 ], [ 14.0155, -2.3411 ], [ 13.9707, -2.3612 ], [ 13.9548, -2.3763 ], [ 13.9371, -2.3773 ], [ 13.8913, -2.4038 ], [ 13.8686, -2.4273 ], [ 13.8719, -2.4362 ], [ 13.8855, -2.4502 ], [ 13.9226, -2.465 ], [ 13.9477, -2.4612 ], [ 13.9696, -2.4464 ], [ 13.9868, -2.4431 ], [ 13.998, -2.4465 ], [ 14.0246, -2.4717 ], [ 14.0445, -2.4556 ], [ 14.0502, -2.4555 ], [ 14.0693, -2.4741 ], [ 14.083, -2.4816 ], [ 14.1029, -2.474 ], [ 14.1197, -2.4488 ], [ 14.166, -2.3601 ], [ 14.179, -2.3421 ], [ 14.2136, -2.3141 ], [ 14.2202, -2.3037 ], [ 14.2213, -2.2966 ], [ 14.2169, -2.2849 ], [ 14.1564, -2.1943 ], [ 14.1641, -2.177 ], [ 14.1972, -2.1654 ], [ 14.2109, -2.1575 ], [ 14.2252, -2.1271 ], [ 14.2532, -2.1056 ], [ 14.2554, -2.0879 ], [ 14.247, -2.0334 ], [ 14.2474, -2.0187 ], [ 14.2505, -1.9973 ], [ 14.2573, -1.9832 ], [ 14.3133, -1.9308 ], [ 14.3869, -1.8852 ], [ 14.4006, -1.872 ], [ 14.4019, -1.8437 ], [ 14.4138, -1.8039 ], [ 14.4208, -1.7287 ], [ 14.4267, -1.7197 ], [ 14.442, -1.7073 ], [ 14.4512, -1.6924 ], [ 14.4475, -1.6832 ], [ 14.4388, -1.6741 ], [ 14.4024, -1.6547 ], [ 14.3918, -1.6446 ], [ 14.3812, -1.6299 ], [ 14.3745, -1.61 ], [ 14.377, -1.6017 ], [ 14.3843, -1.5971 ], [ 14.4502, -1.5662 ], [ 14.4737, -1.5525 ], [ 14.4801, -1.5447 ], [ 14.4853, -1.5336 ], [ 14.4857, -1.5205 ], [ 14.4822, -1.5077 ], [ 14.4626, -1.4698 ], [ 14.4662, -1.4595 ], [ 14.4933, -1.4393 ], [ 14.5017, -1.4253 ], [ 14.5009, -1.4147 ], [ 14.4956, -1.4069 ], [ 14.4677, -1.3866 ], [ 14.4573, -1.376 ], [ 14.4523, -1.365 ], [ 14.4531, -1.3409 ], [ 14.4596, -1.3236 ], [ 14.483, -1.2835 ], [ 14.4856, -1.2601 ], [ 14.4652, -1.185 ], [ 14.423, -1.0007 ], [ 14.3911, -0.994 ], [ 14.3596, -1.0001 ], [ 14.3369, -1.0188 ], [ 14.3192, -1.0406 ], [ 14.2812, -1.0469 ], [ 14.2445, -1.0574 ], [ 14.2212, -1.05 ], [ 14.1999, -1.0357 ], [ 14.1837, -1.0405 ], [ 14.1631, -1.0649 ], [ 14.1177, -1.0692 ], [ 14.1067, -1.078 ], [ 14.0641, -1.1512 ], [ 14.0495, -1.1666 ] ] ] } },
{ "type": "Feature", "properties": { "iso3": "GAB", "unit_id": "52030013B63661490059892", "unit_name": "Sebe-Brikolo" }, "geometry": { "type": "Polygon", "coordinates": [ [ [ 14.1453, -0.7241 ], [ 14.0307, -0.6414 ], [ 14.0234, -0.5495 ], [ 14.0118, -0.5232 ], [ 13.984, -0.5116 ], [ 13.968, -0.4882 ], [ 13.9651, -0.4605 ], [ 13.968, -0.4036 ], [ 13.949, -0.3803 ], [ 13.9417, -0.3205 ], [ 13.9432, -0.2898 ], [ 13.9286, -0.2811 ], [ 13.9107, -0.2519 ], [ 13.9185, -0.2525 ], [ 13.9271, -0.2429 ], [ 13.9048, -0.2245 ], [ 13.8954, -0.2122 ], [ 13.8868, -0.1881 ], [ 13.8876, -0.1585 ], [ 13.8933, -0.1444 ], [ 13.9153, -0.1161 ], [ 13.9287, -0.0748 ], [ 13.862, -0.1015 ], [ 13.8334, -0.0774 ], [ 13.7984, -0.0594 ], [ 13.7713, -0.0309 ], [ 13.7333, -0.0128 ], [ 13.6986, -0.0105 ], [ 13.686, 0.0012 ], [ 13.6555, -0.0002 ], [ 13.6254, 0.0152 ], [ 13.5899, 0.0126 ], [ 13.5719, 0.0235 ], [ 13.5583, 0.0228 ], [ 13.5339, 0.039 ], [ 13.4984, 0.029 ], [ 13.4733, 0.0341 ], [ 13.3756, 0.0313 ], [ 13.3414, 0.0354 ], [ 13.3185, 0.0493 ], [ 13.3005, 0.0478 ], [ 13.3027, 0.0106 ], [ 13.2693, -0.0212 ], [ 13.2712, -0.0419 ], [ 13.2537, -0.0447 ], [ 13.2516, -0.0695 ], [ 13.2298, -0.0754 ], [ 13.2474, -0.0948 ], [ 13.2495, -0.1154 ], [ 13.261, -0.1439 ], [ 13.2597, -0.1762 ], [ 13.2738, -0.201 ], [ 13.2876, -0.208 ], [ 13.3033, -0.2026 ], [ 13.3136, -0.2257 ], [ 13.3071, -0.2451 ], [ 13.355, -0.294 ], [ 13.3747, -0.319 ], [ 13.413, -0.4067 ], [ 13.4556, -0.4868 ], [ 13.5689, -0.7391 ], [ 13.4499, -0.9112 ], [ 13.2858, -1.1715 ], [ 13.3313, -1.165 ], [ 13.3375, -1.1694 ], [ 13.3435, -1.1645 ], [ 13.3514, -1.1708 ], [ 13.3635, -1.1536 ], [ 13.3718, -1.1579 ], [ 13.3804, -1.1553 ], [ 13.3796, -1.1445 ], [ 13.3825, -1.1422 ], [ 13.3884, -1.1446 ], [ 13.3954, -1.1391 ], [ 13.4065, -1.1403 ], [ 13.4138, -1.1345 ], [ 13.4167, -1.1399 ], [ 13.4291, -1.1366 ], [ 13.4349, -1.1438 ], [ 13.4343, -1.1545 ], [ 13.4434, -1.1516 ], [ 13.4508, -1.1577 ], [ 13.4634, -1.154 ], [ 13.4673, -1.1421 ], [ 13.4852, -1.1512 ], [ 13.4903, -1.1477 ], [ 13.4919, -1.157 ], [ 13.5048, -1.1585 ], [ 13.5106, -1.1518 ], [ 13.5253, -1.1649 ], [ 13.5377, -1.1558 ], [ 13.5417, -1.1588 ], [ 13.5492, -1.1514 ], [ 13.5617, -1.1667 ], [ 13.5726, -1.1575 ], [ 13.5841, -1.165 ], [ 13.595, -1.1588 ], [ 13.5964, -1.1399 ], [ 13.6063, -1.1218 ], [ 13.6114, -1.1276 ], [ 13.6151, -1.1253 ], [ 13.6148, -1.1175 ], [ 13.6202, -1.1082 ], [ 13.6342, -1.0979 ], [ 13.6547, -1.1026 ], [ 13.6604, -1.1007 ], [ 13.6658, -1.1203 ], [ 13.684, -1.1254 ], [ 13.686, -1.1368 ], [ 13.6702, -1.1532 ], [ 13.6792, -1.1562 ], [ 13.6804, -1.1666 ], [ 13.7004, -1.1711 ], [ 13.7007, -1.1775 ], [ 13.7096, -1.1778 ], [ 13.7181, -1.1672 ], [ 13.7222, -1.1773 ], [ 13.7409, -1.1555 ], [ 13.7474, -1.1363 ], [ 13.7478, -1.0716 ], [ 13.7524, -1.0513 ], [ 13.7602, -1.0452 ], [ 13.7942, -1.032 ], [ 13.8526, -1.0167 ], [ 13.8802, -1.0061 ], [ 13.9376, -0.9699 ], [ 13.9863, -0.9268 ], [ 14.0148, -0.8826 ], [ 14.0421, -0.8546 ], [ 14.0689, -0.8174 ], [ 14.1054, -0.7781 ], [ 14.136, -0.7403 ], [ 14.1453, -0.7241 ] ] ] } },
{ "type": "Feature", "properties": { "iso3": "GAB", "unit_id": "52030013B99168402332428", "unit_name": "Bayi-Brikolo" }, "geometry": { "type": "Polygon", "coordinates": [ [ [ 14.2936, -0.4498 ], [ 14.2529, -0.4329 ], [ 14.229, -0.4328 ], [ 14.192, -0.4416 ], [ 14.1767, -0.4396 ], [ 14.173, -0.4231 ], [ 14.1723, -0.3634 ], [ 14.1628, -0.3299 ], [ 14.1502, -0.3125 ], [ 14.1197, -0.2892 ], [ 14.0445, -0.2488 ], [ 14.0187, -0.2356 ], [ 13.9848, -0.2231 ], [ 13.9712, -0.2213 ], [ 13.9609, -0.2232 ], [ 13.9536, -0.2306 ], [ 13.9462, -0.2483 ], [ 13.9395, -0.2501 ], [ 13.9271, -0.2429 ], [ 13.9185, -0.2525 ], [ 13.9107, -0.2519 ], [ 13.9286, -0.2811 ], [ 13.9432, -0.2898 ], [ 13.9417, -0.3205 ], [ 13.949, -0.3803 ], [ 13.968, -0.4036 ], [ 13.9651, -0.4605 ], [ 13.968, -0.4882 ], [ 13.984, -0.5116 ], [ 14.0118, -0.5232 ], [ 14.0234, -0.5495 ], [ 14.0307, -0.6414 ], [ 14.1453, -0.7241 ], [ 14.1738, -0.693 ], [ 14.1941, -0.6525 ], [ 14.2343, -0.5862 ], [ 14.2936, -0.4498 ] ] ] } },
{ "type": "Feature", "properties": { "iso3": "GAB", "unit_id": "52030013B2647936349146", "unit_name": "Abanga-Bigne" }, "geometry": { "type": "Polygon", "coordinates": [ [ [ 10.2328, -0.3128 ], [ 10.2638, -0.3044 ], [ 10.2975, -0.3158 ], [ 10.3218, -0.3112 ], [ 10.371, -0.3177 ], [ 10.3849, -0.3264 ], [ 10.3994, -0.3303 ], [ 10.4253, -0.3484 ], [ 10.4847, -0.3604 ], [ 10.5041, -0.3604 ], [ 10.5808, -0.3911 ], [ 10.6526, -0.3963 ], [ 10.6771, -0.4045 ], [ 10.6921, -0.4157 ], [ 10.7003, -0.43 ], [ 10.716, -0.4463 ], [ 10.7415, -0.4493 ], [ 10.7642, -0.4811 ], [ 10.771, -0.482 ], [ 10.7939, -0.4668 ], [ 10.8337, -0.4743 ], [ 10.8748, -0.4663 ], [ 10.9023, -0.4494 ], [ 10.9491, -0.4393 ], [ 10.9403, -0.404 ], [ 10.9578, -0.3963 ], [ 11.0031, -0.4155 ], [ 11.0378, -0.3839 ], [ 11.0553, -0.3833 ], [ 11.0705, -0.3761 ], [ 11.0999, -0.3934 ], [ 11.118, -0.3898 ], [ 11.1271, -0.3966 ], [ 11.1219, -0.4154 ], [ 11.1625, -0.5009 ], [ 11.2251, -0.564 ], [ 11.2545, -0.5875 ], [ 11.2549, -0.5994 ], [ 11.2616, -0.6065 ], [ 11.2896, -0.6245 ], [ 11.2977, -0.6339 ], [ 11.302, -0.6335 ], [ 11.3882, -0.6954 ], [ 11.4777, -0.7272 ], [ 11.5374, -0.7361 ], [ 11.5754, -0.7317 ], [ 11.5469, -0.6504 ], [ 11.5293, -0.5882 ], [ 11.4971, -0.5284 ], [ 11.4637, -0.5127 ], [ 11.4433, -0.4874 ], [ 11.4343, -0.4148 ], [ 11.4362, -0.3581 ], [ 11.4042, -0.3259 ], [ 11.3628, -0.2722 ], [ 11.3486, -0.2441 ], [ 11.3587, -0.2203 ], [ 11.3677, -0.1734 ], [ 11.3612, -0.15 ], [ 11.3566, -0.1138 ], [ 11.3416, -0.1084 ], [ 11.3289, -0.0974 ], [ 11.3225, -0.0837 ], [ 11.2956, -0.0844 ], [ 11.2717, -0.0631 ], [ 11.3198, 0.0284 ], [ 11.3578, 0.0531 ], [ 11.3652, 0.0663 ], [ 11.3846, 0.0708 ], [ 11.3932, 0.0857 ], [ 11.4102, 0.0774 ], [ 11.4349, 0.0934 ], [ 11.4566, 0.1167 ], [ 11.4843, 0.13 ], [ 11.4997, 0.1358 ], [ 11.519, 0.1363 ], [ 11.5607, 0.1959 ], [ 11.5626, 0.2179 ], [ 11.575, 0.2404 ], [ 11.3038, 0.2357 ], [ 11.2233, 0.2566 ], [ 11.1849, 0.238 ], [ 11.0774, 0.2298 ], [ 10.8313, 0.2236 ], [ 10.8123, 0.2276 ], [ 10.8043, 0.2337 ], [ 10.7823, 0.2226 ], [ 10.7713, 0.2135 ], [ 10.7554, 0.2196 ], [ 10.7284, 0.2216 ], [ 10.7034, 0.2206 ], [ 10.6994, 0.2155 ], [ 10.6814, 0.2115 ], [ 10.6884, 0.2075 ], [ 10.6964, 0.1874 ], [ 10.6864, 0.1783 ], [ 10.6854, 0.1622 ], [ 10.6804, 0.1562 ], [ 10.6584, 0.1451 ], [ 10.6644, 0.129 ], [ 10.6604, 0.1169 ], [ 10.6654, 0.0978 ], [ 10.6714, 0.0928 ], [ 10.6764, 0.0707 ], [ 10.6644, 0.0686 ], [ 10.6664, 0.0606 ], [ 10.6564, 0.0586 ], [ 10.6485, 0.0676 ], [ 10.6305, 0.0656 ], [ 10.6285, 0.0576 ], [ 10.6215, 0.0536 ], [ 10.6235, 0.0465 ], [ 10.6165, 0.0385 ], [ 10.6175, 0.0314 ], [ 10.6095, 0.0314 ], [ 10.6055, 0.0365 ], [ 10.6025, 0.0224 ], [ 10.5675, 0.0214 ], [ 10.5415, 0.0163 ], [ 10.5216, 0.0043 ], [ 10.5146, -0.039 ], [ 10.4686, -0.0551 ], [ 10.4466, -0.0692 ], [ 10.4136, -0.1275 ], [ 10.4066, -0.1577 ], [ 10.4076, -0.1859 ], [ 10.3917, -0.211 ], [ 10.3607, -0.2291 ], [ 10.3117, -0.2341 ], [ 10.3047, -0.2462 ], [ 10.2778, -0.2764 ], [ 10.2328, -0.3128 ] ] ] } },
{ "type": "Feature", "properties": { "iso3": "GAB", "unit_id": "52030013B41447628350409", "unit_name": "Ogooue et Lacs" }, "geometry": { "type": "Polygon", "coordinates": [ [ [ 9.7958, -0.327 ], [ 9.7699, -0.3539 ], [ 9.6898, -0.366 ], [ 9.6542, -0.3918 ], [ 9.622, -0.4035 ], [ 9.5999, -0.4068 ], [ 9.597, -0.4521 ], [ 9.6057, -0.4913 ], [ 9.6117, -0.5638 ], [ 9.6213, -0.6255 ], [ 9.6427, -0.6922 ], [ 9.6609, -0.7684 ], [ 9.675, -0.8136 ], [ 9.7286, -0.847 ], [ 9.7989, -0.8694 ], [ 9.8548, -0.8936 ], [ 9.8957, -0.8797 ], [ 9.9562, -0.9201 ], [ 9.9668, -0.9709 ], [ 9.9544, -0.9915 ], [ 9.9745, -1.0324 ], [ 9.9874, -1.0479 ], [ 9.968, -1.0488 ], [ 9.9697, -1.0689 ], [ 9.9456, -1.1159 ], [ 9.9446, -1.1475 ], [ 9.9706, -1.1371 ], [ 9.9798, -1.1492 ], [ 9.971, -1.1886 ], [ 9.9844, -1.2124 ], [ 9.997, -1.2068 ], [ 10.0109, -1.2097 ], [ 10.0511, -1.2374 ], [ 10.0924, -1.2369 ], [ 10.1234, -1.2 ], [ 10.1713, -1.1558 ], [ 10.2124, -1.1256 ], [ 10.2609, -1.1095 ], [ 10.2747, -1.1325 ], [ 10.3381, -1.1321 ], [ 10.3497, -1.1163 ], [ 10.3869, -1.1126 ], [ 10.3972, -1.1304 ], [ 10.4116, -1.1219 ], [ 10.417, -1.0938 ], [ 10.4356, -1.091 ], [ 10.4327, -1.0552 ], [ 10.4553, -1.0481 ], [ 10.4637, -1.0347 ], [ 10.4487, -1.0114 ], [ 10.4514, -0.9908 ], [ 10.4869, -0.9599 ], [ 10.5384, -0.8836 ], [ 10.5542, -0.833 ], [ 10.5504, -0.7902 ], [ 10.5715, -0.7623 ], [ 10.6011, -0.7466 ], [ 10.6115, -0.7326 ], [ 10.6312, -0.7234 ], [ 10.6262, -0.7011 ], [ 10.6418, -0.691 ], [ 10.6657, -0.7001 ], [ 10.6775, -0.6893 ], [ 10.6793, -0.664 ], [ 10.7252, -0.6582 ], [ 10.7207, -0.6227 ], [ 10.7429, -0.5964 ], [ 10.7494, -0.5603 ], [ 10.7659, -0.5587 ], [ 10.7658, -0.5429 ], [ 10.7821, -0.5451 ], [ 10.7846, -0.5256 ], [ 10.806, -0.4995 ], [ 10.8337, -0.4743 ], [ 10.7939, -0.4668 ], [ 10.771, -0.482 ], [ 10.7642, -0.4811 ], [ 10.7415, -0.4493 ], [ 10.716, -0.4463 ], [ 10.7003, -0.43 ], [ 10.6921, -0.4157 ], [ 10.6771, -0.4045 ], [ 10.6526, -0.3963 ], [ 10.5808, -0.3911 ], [ 10.5041, -0.3604 ], [ 10.4847, -0.3604 ], [ 10.4253, -0.3484 ], [ 10.3994, -0.3303 ], [ 10.3849, -0.3264 ], [ 10.371, -0.3177 ], [ 10.3218, -0.3112 ], [ 10.2975, -0.3158 ], [ 10.2638, -0.3044 ], [ 10.2486, -0.3069 ], [ 10.2328, -0.3128 ], [ 10.16, -0.3546 ], [ 10.0321, -0.4129 ], [ 10.0172, -0.4169 ], [ 10.0212, -0.3365 ], [ 9.9982, -0.3053 ], [ 9.9693, -0.3083 ], [ 9.9553, -0.3053 ], [ 9.9263, -0.2872 ], [ 9.8704, -0.3475 ], [ 9.8434, -0.3596 ], [ 9.7995, -0.3505 ], [ 9.7958, -0.327 ] ] ] } },
{ "type": "Feature", "properties": { "iso3": "GAB", "unit_id": "52030013B72687579888533", "unit_name": "Boumi-Louetsi" }, "geometry": { "type": "Polygon", "coordinates": [ [ [ 11.9706, -2.3433 ], [ 11.9739, -2.3184 ], [ 11.9836, -2.2848 ], [ 12.0525, -2.1595 ], [ 12.0936, -2.0694 ], [ 12.1789, -1.9826 ], [ 12.25, -1.89 ], [ 12.2902, -1.8516 ], [ 12.3175, -1.8204 ], [ 12.3094, -1.8157 ], [ 12.2745, -1.8189 ], [ 12.2174, -1.7841 ], [ 12.1866, -1.7914 ], [ 12.1669, -1.7616 ], [ 12.1265, -1.7229 ], [ 12.0925, -1.6826 ], [ 12.0587, -1.6354 ], [ 12.034, -1.6433 ], [ 12.0118, -1.6336 ], [ 11.9688, -1.6128 ], [ 11.9514, -1.5837 ], [ 11.8992, -1.617 ], [ 11.884, -1.6317 ], [ 11.8674, -1.6549 ], [ 11.8407, -1.6714 ], [ 11.819, -1.6759 ], [ 11.7905, -1.6932 ], [ 11.7686, -1.7201 ], [ 11.728, -1.7588 ], [ 11.6397, -1.768 ], [ 11.5993, -1.7681 ], [ 11.5796, -1.7777 ], [ 11.5541, -1.8088 ], [ 11.5284, -1.8176 ], [ 11.519, -1.8434 ], [ 11.5176, -1.874 ], [ 11.5217, -1.9182 ], [ 11.5185, -1.9299 ], [ 11.5107, -1.9387 ], [ 11.4911, -1.93 ], [ 11.4759, -1.935 ], [ 11.4666, -1.9552 ], [ 11.4626, -1.9926 ], [ 11.456, -2.0104 ], [ 11.4695, -2.039 ], [ 11.4848, -2.0513 ], [ 11.4983, -2.0575 ], [ 11.5332, -2.0868 ], [ 11.5804, -2.1079 ], [ 11.5983, -2.1212 ], [ 11.5907, -2.1486 ], [ 11.6031, -2.1616 ], [ 11.6041, -2.1722 ], [ 11.5869, -2.2073 ], [ 11.5979, -2.238 ], [ 11.6222, -2.2612 ], [ 11.6443, -2.2926 ], [ 11.6601, -2.3427 ], [ 11.679, -2.3535 ], [ 11.6978, -2.3728 ], [ 11.7296, -2.4269 ], [ 11.7619, -2.4535 ], [ 11.7752, -2.4565 ], [ 11.7944, -2.4355 ], [ 11.8209, -2.3874 ], [ 11.8311, -2.3808 ], [ 11.8476, -2.3787 ], [ 11.8581, -2.3715 ], [ 11.9041, -2.3786 ], [ 11.9706, -2.3433 ] ] ] } },
{ "type": "Feature", "properties": { "iso3": "GAB", "unit_id": "52030013B81837580332800", "unit_name": "Dola" }, "geometry": { "type": "Polygon", "coordinates": [ [ [ 11.6126, -2.3642 ], [ 11.5883, -2.3464 ], [ 11.5765, -2.3506 ], [ 11.5752, -2.3476 ], [ 11.5792, -2.3429 ], [ 11.5901, -2.3348 ], [ 11.5911, -2.3274 ], [ 11.5677, -2.3244 ], [ 11.5096, -2.3318 ], [ 11.5135, -2.3262 ], [ 11.5224, -2.3236 ], [ 11.5275, -2.3163 ], [ 11.4854, -2.2865 ], [ 11.4884, -2.2766 ], [ 11.4786, -2.2774 ], [ 11.476, -2.2679 ], [ 11.4633, -2.2593 ], [ 11.4743, -2.2532 ], [ 11.4752, -2.2476 ], [ 11.4828, -2.2437 ], [ 11.4794, -2.2411 ], [ 11.4671, -2.2411 ], [ 11.456, -2.2321 ], [ 11.4432, -2.2368 ], [ 11.4411, -2.2329 ], [ 11.45, -2.21 ], [ 11.4633, -2.2001 ], [ 11.4547, -2.1936 ], [ 11.4471, -2.2062 ], [ 11.4402, -2.2048 ], [ 11.4342, -2.1825 ], [ 11.4235, -2.1769 ], [ 11.4244, -2.1596 ], [ 11.421, -2.1553 ], [ 11.4087, -2.151 ], [ 11.4151, -2.1393 ], [ 11.4104, -2.1294 ], [ 11.3891, -2.1229 ], [ 11.3989, -2.1169 ], [ 11.3669, -2.0892 ], [ 11.3695, -2.0745 ], [ 11.3631, -2.0598 ], [ 11.352, -2.0569 ], [ 11.3388, -2.0478 ], [ 11.3405, -2.0349 ], [ 11.3354, -2.0267 ], [ 11.3465, -2.0064 ], [ 11.3307, -2.0004 ], [ 11.3218, -1.9835 ], [ 11.3141, -1.9839 ], [ 11.3086, -1.99 ], [ 11.3107, -2.0047 ], [ 11.303, -2.0163 ], [ 11.2902, -2.0168 ], [ 11.283, -2.009 ], [ 11.2745, -2.0098 ], [ 11.254, -1.9735 ], [ 11.231, -1.9804 ], [ 11.2021, -1.9986 ], [ 11.1859, -1.9843 ], [ 11.171, -1.9817 ], [ 11.1621, -1.9614 ], [ 11.1557, -1.9584 ], [ 11.1287, -1.9799 ], [ 11.1239, -1.9921 ], [ 11.0938, -2.0149 ], [ 11.0909, -2.0327 ], [ 11.0761, -2.0473 ], [ 11.064, -2.0678 ], [ 11.0556, -2.0953 ], [ 11.0397, -2.1058 ], [ 11.0362, -2.1247 ], [ 11.0248, -2.1415 ], [ 11.0071, -2.1476 ], [ 10.9913, -2.1578 ], [ 10.9808, -2.1805 ], [ 10.9762, -2.205 ], [ 10.9747, -2.2478 ], [ 11.041, -2.2384 ], [ 11.0806, -2.2588 ], [ 11.1043, -2.2784 ], [ 11.1055, -2.3112 ], [ 11.1269, -2.3467 ], [ 11.151, -2.3689 ], [ 11.2025, -2.4044 ], [ 11.2345, -2.4603 ], [ 11.2547, -2.5208 ], [ 11.2866, -2.5461 ], [ 11.399, -2.5638 ], [ 11.4139, -2.5823 ], [ 11.4097, -2.5986 ], [ 11.4209, -2.6048 ], [ 11.4308, -2.6183 ], [ 11.4553, -2.6249 ], [ 11.4784, -2.6587 ], [ 11.5137, -2.664 ], [ 11.5271, -2.6548 ], [ 11.5456, -2.6651 ], [ 11.5628, -2.6527 ], [ 11.5888, -2.6845 ], [ 11.5821, -2.7042 ], [ 11.5846, -2.7156 ], [ 11.5793, -2.736 ], [ 11.5911, -2.7473 ], [ 11.6239, -2.7616 ], [ 11.6323, -2.7426 ], [ 11.6414, -2.6982 ], [ 11.656, -2.6889 ], [ 11.6965, -2.6912 ], [ 11.7016, -2.6871 ], [ 11.7038, -2.673 ], [ 11.6963, -2.6473 ], [ 11.6619, -2.5912 ], [ 11.6534, -2.5606 ], [ 11.6362, -2.5208 ], [ 11.6416, -2.4801 ], [ 11.653, -2.4446 ], [ 11.6532, -2.4304 ], [ 11.6509, -2.4214 ], [ 11.6324, -2.3911 ], [ 11.6126, -2.3642 ] ] ] } },
{ "type": "Feature", "properties": { "iso3": "GAB", "unit_id": "52030013B32717395680907", "unit_name": "Douya-Onoye" }, "geometry": { "type": "Polygon", "coordinates": [ [ [ 11.3218, -1.9835 ], [ 11.3251, -1.976 ], [ 11.3218, -1.9667 ], [ 11.3104, -1.9676 ], [ 11.3084, -1.9404 ], [ 11.3046, -1.9308 ], [ 11.2935, -1.9282 ], [ 11.291, -1.921 ], [ 11.2637, -1.8912 ], [ 11.2568, -1.8564 ], [ 11.2592, -1.8182 ], [ 11.2343, -1.7784 ], [ 11.2245, -1.7557 ], [ 11.2144, -1.7155 ], [ 11.2146, -1.6964 ], [ 11.2007, -1.6258 ], [ 11.1945, -1.614 ], [ 11.1883, -1.5833 ], [ 11.1769, -1.5676 ], [ 11.172, -1.5461 ], [ 11.1697, -1.5282 ], [ 11.1734, -1.518 ], [ 11.165, -1.5143 ], [ 11.1534, -1.5193 ], [ 11.1379, -1.5188 ], [ 11.1211, -1.5096 ], [ 11.1073, -1.4937 ], [ 11.0872, -1.4551 ], [ 11.0642, -1.3861 ], [ 11.0405, -1.3509 ], [ 11.0273, -1.3374 ], [ 11.0226, -1.3267 ], [ 11.0066, -1.3108 ], [ 10.9906, -1.2598 ], [ 10.9811, -1.2498 ], [ 10.944, -1.2343 ], [ 10.9034, -1.2014 ], [ 10.8859, -1.1921 ], [ 10.8749, -1.1921 ], [ 10.8706, -1.205 ], [ 10.8732, -1.2297 ], [ 10.8891, -1.2786 ], [ 10.8966, -1.3217 ], [ 10.8967, -1.3409 ], [ 10.8907, -1.356 ], [ 10.8783, -1.3657 ], [ 10.863, -1.3662 ], [ 10.8422, -1.372 ], [ 10.8167, -1.3673 ], [ 10.7757, -1.3479 ], [ 10.78, -1.3803 ], [ 10.7966, -1.3993 ], [ 10.8081, -1.4224 ], [ 10.8111, -1.4393 ], [ 10.8196, -1.448 ], [ 10.8128, -1.4648 ], [ 10.8132, -1.473 ], [ 10.8213, -1.4812 ], [ 10.8349, -1.4743 ], [ 10.8451, -1.451 ], [ 10.8519, -1.4505 ], [ 10.8617, -1.4601 ], [ 10.8643, -1.4981 ], [ 10.8809, -1.5253 ], [ 10.8796, -1.5395 ], [ 10.8855, -1.5408 ], [ 10.8966, -1.5223 ], [ 10.9068, -1.5184 ], [ 10.9175, -1.5309 ], [ 10.9074, -1.5591 ], [ 10.9091, -1.5815 ], [ 10.9308, -1.607 ], [ 10.9474, -1.648 ], [ 10.9572, -1.6524 ], [ 10.9606, -1.6602 ], [ 10.9529, -1.6804 ], [ 10.9546, -1.6882 ], [ 10.9814, -1.7055 ], [ 10.9942, -1.7336 ], [ 10.979, -1.7571 ], [ 10.9813, -1.7779 ], [ 10.9755, -1.788 ], [ 10.9705, -1.8099 ], [ 10.9704, -1.8318 ], [ 10.9821, -1.8554 ], [ 10.9854, -1.8772 ], [ 10.9654, -1.9033 ], [ 10.9663, -1.9126 ], [ 10.9812, -1.9546 ], [ 11.0086, -1.9783 ], [ 11.0052, -1.9967 ], [ 11.0069, -2.0052 ], [ 11.0238, -2.0197 ], [ 10.9523, -2.1523 ], [ 10.9493, -2.1885 ], [ 10.9673, -2.2489 ], [ 10.9747, -2.2478 ], [ 10.9762, -2.205 ], [ 10.9808, -2.1805 ], [ 10.9913, -2.1578 ], [ 11.0071, -2.1476 ], [ 11.0248, -2.1415 ], [ 11.0362, -2.1247 ], [ 11.0397, -2.1058 ], [ 11.0556, -2.0953 ], [ 11.064, -2.0678 ], [ 11.0761, -2.0473 ], [ 11.0909, -2.0327 ], [ 11.0938, -2.0149 ], [ 11.1239, -1.9921 ], [ 11.1287, -1.9799 ], [ 11.1557, -1.9584 ], [ 11.1621, -1.9614 ], [ 11.171, -1.9817 ], [ 11.1859, -1.9843 ], [ 11.2021, -1.9986 ], [ 11.231, -1.9804 ], [ 11.254, -1.9735 ], [ 11.2745, -2.0098 ], [ 11.283, -2.009 ], [ 11.2902, -2.0168 ], [ 11.303, -2.0163 ], [ 11.3107, -2.0047 ], [ 11.3086, -1.99 ], [ 11.3141, -1.9839 ], [ 11.3218, -1.9835 ] ] ] } },
{ "type": "Feature", "properties": { "iso3": "GAB", "unit_id": "52030013B84527180736099", "unit_name": "Louetsi-Bibaka" }, "geometry": { "type": "Polygon", "coordinates": [ [ [ 11.9706, -2.3433 ], [ 11.9967, -2.3399 ], [ 12.0054, -2.3424 ], [ 12.0226, -2.3545 ], [ 12.0576, -2.386 ], [ 12.0776, -2.4253 ], [ 12.0923, -2.4393 ], [ 12.1766, -2.4213 ], [ 12.5029, -2.4224 ], [ 12.5061, -2.4131 ], [ 12.5016, -2.3798 ], [ 12.5292, -2.3264 ], [ 12.5267, -2.3188 ], [ 12.498, -2.2795 ], [ 12.497, -2.268 ], [ 12.5322, -2.2139 ], [ 12.5273, -2.1861 ], [ 12.5108, -2.1587 ], [ 12.5221, -2.1159 ], [ 12.5237, -2.0952 ], [ 12.52, -2.0867 ], [ 12.4941, -2.0594 ], [ 12.4752, -2.019 ], [ 12.4673, -1.9435 ], [ 12.4441, -1.8746 ], [ 12.4454, -1.87 ], [ 12.4623, -1.87 ], [ 12.4458, -1.8444 ], [ 12.4133, -1.8225 ], [ 12.3436, -1.8354 ], [ 12.3175, -1.8204 ], [ 12.2902, -1.8516 ], [ 12.25, -1.89 ], [ 12.1789, -1.9826 ], [ 12.0936, -2.0694 ], [ 12.0525, -2.1595 ], [ 11.9836, -2.2848 ], [ 11.9739, -2.3184 ], [ 11.9706, -2.3433 ] ] ] } },
{ "type": "Feature", "properties": { "iso3": "GAB", "unit_id": "52030013B77969579683510", "unit_name": "Louetsi-Wano" }, "geometry": { "type": "Polygon", "coordinates": [ [ [ 11.456, -2.0104 ], [ 11.4386, -2.0255 ], [ 11.4148, -2.0289 ], [ 11.392, -2.0485 ], [ 11.3692, -2.0453 ], [ 11.3451, -2.0522 ], [ 11.3631, -2.0598 ], [ 11.3695, -2.0745 ], [ 11.3669, -2.0892 ], [ 11.3989, -2.1169 ], [ 11.3891, -2.1229 ], [ 11.4104, -2.1294 ], [ 11.4151, -2.1393 ], [ 11.4087, -2.151 ], [ 11.421, -2.1553 ], [ 11.4244, -2.1596 ], [ 11.4235, -2.1769 ], [ 11.4342, -2.1825 ], [ 11.4402, -2.2048 ], [ 11.4471, -2.2062 ], [ 11.4547, -2.1936 ], [ 11.4633, -2.2001 ], [ 11.45, -2.21 ], [ 11.4411, -2.2329 ], [ 11.4432, -2.2368 ], [ 11.456, -2.2321 ], [ 11.4671, -2.2411 ], [ 11.4794, -2.2411 ], [ 11.4828, -2.2437 ], [ 11.4752, -2.2476 ], [ 11.4743, -2.2532 ], [ 11.4633, -2.2593 ], [ 11.476, -2.2679 ], [ 11.4786, -2.2774 ], [ 11.4884, -2.2766 ], [ 11.4854, -2.2865 ], [ 11.5275, -2.3163 ], [ 11.5224, -2.3236 ], [ 11.5135, -2.3262 ], [ 11.5096, -2.3318 ], [ 11.5677, -2.3244 ], [ 11.5911, -2.3274 ], [ 11.5901, -2.3348 ], [ 11.5792, -2.3429 ], [ 11.5752, -2.3476 ], [ 11.5765, -2.3506 ], [ 11.5883, -2.3464 ], [ 11.6101, -2.3642 ], [ 11.6126, -2.3642 ], [ 11.6071, -2.3251 ], [ 11.6131, -2.32 ], [ 11.6222, -2.3204 ], [ 11.6485, -2.3393 ], [ 11.6601, -2.3427 ], [ 11.6443, -2.2926 ], [ 11.6222, -2.2612 ], [ 11.5979, -2.238 ], [ 11.5869, -2.2073 ], [ 11.6041, -2.1722 ], [ 11.6031, -2.1616 ], [ 11.5907, -2.1486 ], [ 11.5983, -2.1212 ], [ 11.5804, -2.1079 ], [ 11.5332, -2.0868 ], [ 11.4983, -2.0575 ], [ 11.4848, -2.0513 ], [ 11.4695, -2.039 ], [ 11.456, -2.0104 ] ] ] } },
{ "type": "Feature", "properties": { "iso3": "GAB", "unit_id": "52030013B58188609437020", "unit_name": "Ndolou" }, "geometry": { "type": "Polygon", "coordinates": [ [ [ 10.0924, -1.2369 ], [ 10.082, -1.2549 ], [ 10.0852, -1.2811 ], [ 10.0711, -1.3054 ], [ 10.0385, -1.3354 ], [ 9.9955, -1.3651 ], [ 9.9777, -1.384 ], [ 9.9855, -1.4239 ], [ 9.9929, -1.4925 ], [ 9.9943, -1.5424 ], [ 9.973, -1.552 ], [ 9.9777, -1.5722 ], [ 9.9497, -1.5634 ], [ 9.9149, -1.5799 ], [ 9.9073, -1.6143 ], [ 9.9139, -1.6298 ], [ 9.882, -1.6441 ], [ 9.8923, -1.6685 ], [ 9.9336, -1.7377 ], [ 9.9645, -1.7804 ], [ 10.0052, -1.8035 ], [ 10.0636, -1.8221 ], [ 10.1055, -1.8308 ], [ 10.142, -1.8588 ], [ 10.1785, -1.8531 ], [ 10.1865, -1.8837 ], [ 10.2083, -1.879 ], [ 10.2162, -1.9072 ], [ 10.2347, -1.9058 ], [ 10.2534, -1.8909 ], [ 10.3487, -1.9203 ], [ 10.3761, -1.8846 ], [ 10.3969, -1.9062 ], [ 10.4418, -1.9186 ], [ 10.4486, -1.9281 ], [ 10.484, -1.9131 ], [ 10.5042, -1.9174 ], [ 10.5194, -1.9271 ], [ 10.5537, -1.9671 ], [ 10.5895, -1.9826 ], [ 10.6057, -1.9855 ], [ 10.6127, -1.9748 ], [ 10.615, -1.9579 ], [ 10.5905, -1.9291 ], [ 10.5961, -1.9127 ], [ 10.6065, -1.901 ], [ 10.5891, -1.8825 ], [ 10.5127, -1.855 ], [ 10.4892, -1.8434 ], [ 10.4774, -1.8212 ], [ 10.469, -1.7897 ], [ 10.4527, -1.7724 ], [ 10.4332, -1.7228 ], [ 10.4326, -1.7 ], [ 10.4395, -1.6855 ], [ 10.4492, -1.6742 ], [ 10.4289, -1.5993 ], [ 10.4417, -1.5661 ], [ 10.4531, -1.5425 ], [ 10.4856, -1.5076 ], [ 10.5128, -1.4954 ], [ 10.538, -1.4909 ], [ 10.5504, -1.476 ], [ 10.5352, -1.4602 ], [ 10.4768, -1.45 ], [ 10.4541, -1.4392 ], [ 10.4428, -1.4251 ], [ 10.4422, -1.4027 ], [ 10.4512, -1.3616 ], [ 10.4486, -1.3148 ], [ 10.4564, -1.2637 ], [ 10.465, -1.2358 ], [ 10.4662, -1.2174 ], [ 10.455, -1.2047 ], [ 10.4358, -1.201 ], [ 10.4163, -1.1913 ], [ 10.4006, -1.1781 ], [ 10.3899, -1.1564 ], [ 10.3909, -1.1428 ], [ 10.3972, -1.1304 ], [ 10.3869, -1.1126 ], [ 10.3497, -1.1163 ], [ 10.3381, -1.1321 ], [ 10.2747, -1.1325 ], [ 10.2609, -1.1095 ], [ 10.2124, -1.1256 ], [ 10.1713, -1.1558 ], [ 10.1234, -1.2 ], [ 10.0924, -1.2369 ] ] ] } },
{ "type": "Feature", "properties": { "iso3": "GAB", "unit_id": "52030013B37315872515764", "unit_name": "Ogoulou" }, "geometry": { "type": "Polygon", "coordinates": [ [ [ 11.2977, -0.6339 ], [ 11.3016, -0.6384 ], [ 11.2708, -0.6456 ], [ 11.2582, -0.6582 ], [ 11.2539, -0.6773 ], [ 11.254, -0.7191 ], [ 11.2457, -0.7399 ], [ 11.2265, -0.7541 ], [ 11.2068, -0.7616 ], [ 11.1185, -0.7766 ], [ 11.0641, -0.8264 ], [ 11.0664, -0.8473 ], [ 11.093, -0.9084 ], [ 11.1024, -0.9431 ], [ 11.106, -0.9714 ], [ 11.0913, -1.0756 ], [ 11.0952, -1.1036 ], [ 11.1087, -1.1441 ], [ 11.153, -1.2268 ], [ 11.1703, -1.2527 ], [ 11.1814, -1.3012 ], [ 11.1821, -1.3592 ], [ 11.2002, -1.3863 ], [ 11.2097, -1.4147 ], [ 11.2394, -1.4491 ], [ 11.2435, -1.4636 ], [ 11.2421, -1.4822 ], [ 11.2234, -1.4975 ], [ 11.2203, -1.4949 ], [ 11.2104, -1.503 ], [ 11.1734, -1.518 ], [ 11.1697, -1.5282 ], [ 11.1769, -1.5676 ], [ 11.1883, -1.5833 ], [ 11.1945, -1.614 ], [ 11.2007, -1.6258 ], [ 11.2146, -1.6964 ], [ 11.2144, -1.7155 ], [ 11.2245, -1.7557 ], [ 11.2343, -1.7784 ], [ 11.2592, -1.8182 ], [ 11.2568, -1.8564 ], [ 11.2637, -1.8912 ], [ 11.291, -1.921 ], [ 11.2935, -1.9282 ], [ 11.3046, -1.9308 ], [ 11.3084, -1.9404 ], [ 11.3104, -1.9676 ], [ 11.3218, -1.9667 ], [ 11.3251, -1.976 ], [ 11.3218, -1.9835 ], [ 11.3307, -2.0004 ], [ 11.3465, -2.0064 ], [ 11.3354, -2.0267 ], [ 11.3405, -2.0349 ], [ 11.3388, -2.0478 ], [ 11.3451, -2.0522 ], [ 11.3692, -2.0453 ], [ 11.392, -2.0485 ], [ 11.4148, -2.0289 ], [ 11.4386, -2.0255 ], [ 11.456, -2.0104 ], [ 11.4626, -1.9926 ], [ 11.4666, -1.9552 ], [ 11.4759, -1.935 ], [ 11.4911, -1.93 ], [ 11.5107, -1.9387 ], [ 11.5185, -1.9299 ], [ 11.5217, -1.9182 ], [ 11.5176, -1.874 ], [ 11.519, -1.8434 ], [ 11.5284, -1.8176 ], [ 11.5541, -1.8088 ], [ 11.5796, -1.7777 ], [ 11.5993, -1.7681 ], [ 11.6397, -1.768 ], [ 11.728, -1.7588 ], [ 11.7686, -1.7201 ], [ 11.7905, -1.6932 ], [ 11.819, -1.6759 ], [ 11.8407, -1.6714 ], [ 11.8674, -1.6549 ], [ 11.884, -1.6317 ], [ 11.8992, -1.617 ], [ 11.9514, -1.5837 ], [ 11.9575, -1.5329 ], [ 11.9702, -1.4986 ], [ 11.9759, -1.3815 ], [ 11.9534, -1.3543 ], [ 11.8667, -1.2822 ], [ 11.8394, -1.2539 ], [ 11.7696, -1.2022 ], [ 11.7471, -1.1693 ], [ 11.7514, -1.1211 ], [ 11.7506, -1.0891 ], [ 11.7569, -1.0508 ], [ 11.7268, -1.0567 ], [ 11.694, -1.0739 ], [ 11.6523, -1.1012 ], [ 11.6254, -1.0992 ], [ 11.5967, -1.1209 ], [ 11.5675, -1.1144 ], [ 11.5452, -1.1192 ], [ 11.5602, -1.0871 ], [ 11.5607, -1.0745 ], [ 11.5539, -1.0689 ], [ 11.5596, -1.0522 ], [ 11.5588, -1.0006 ], [ 11.522, -0.934 ], [ 11.5127, -0.8754 ], [ 11.5186, -0.813 ], [ 11.5754, -0.7317 ], [ 11.5374, -0.7361 ], [ 11.4777, -0.7272 ], [ 11.3882, -0.6954 ], [ 11.302, -0.6335 ], [ 11.2977, -0.6339 ] ] ] } },
{ "type": "Feature", "properties": { "iso3": "GAB", "unit_id": "52030013B72714424799158", "unit_name": "Tsamba-Magotsi" }, "geometry": { "type": "Polygon", "coordinates": [ [ [ 10.8337, -0.4743 ], [ 10.806, -0.4995 ], [ 10.7846, -0.5256 ], [ 10.7821, -0.5451 ], [ 10.7658, -0.5429 ], [ 10.7659, -0.5587 ], [ 10.7494, -0.5603 ], [ 10.7429, -0.5964 ], [ 10.7207, -0.6227 ], [ 10.7252, -0.6582 ], [ 10.6793, -0.664 ], [ 10.6775, -0.6893 ], [ 10.6657, -0.7001 ], [ 10.6418, -0.691 ], [ 10.6262, -0.7011 ], [ 10.6312, -0.7234 ], [ 10.6115, -0.7326 ], [ 10.6011, -0.7466 ], [ 10.5715, -0.7623 ], [ 10.5504, -0.7902 ], [ 10.5542, -0.833 ], [ 10.5384, -0.8836 ], [ 10.4869, -0.9599 ], [ 10.4514, -0.9908 ], [ 10.4487, -1.0114 ], [ 10.4637, -1.0347 ], [ 10.4553, -1.0481 ], [ 10.4327, -1.0552 ], [ 10.4356, -1.091 ], [ 10.417, -1.0938 ], [ 10.4116, -1.1219 ], [ 10.3972, -1.1304 ], [ 10.3909, -1.1428 ], [ 10.3899, -1.1564 ], [ 10.4006, -1.1781 ], [ 10.4163, -1.1913 ], [ 10.4358, -1.201 ], [ 10.455, -1.2047 ], [ 10.4662, -1.2174 ], [ 10.465, -1.2358 ], [ 10.4564, -1.2637 ], [ 10.4486, -1.3148 ], [ 10.4512, -1.3616 ], [ 10.4422, -1.4027 ], [ 10.4428, -1.4251 ], [ 10.4541, -1.4392 ], [ 10.4768, -1.45 ], [ 10.5352, -1.4602 ], [ 10.5504, -1.476 ], [ 10.538, -1.4909 ], [ 10.5128, -1.4954 ], [ 10.4856, -1.5076 ], [ 10.4531, -1.5425 ], [ 10.4417, -1.5661 ], [ 10.4289, -1.5993 ], [ 10.4492, -1.6742 ], [ 10.4395, -1.6855 ], [ 10.4326, -1.7 ], [ 10.4332, -1.7228 ], [ 10.4527, -1.7724 ], [ 10.469, -1.7897 ], [ 10.4774, -1.8212 ], [ 10.4892, -1.8434 ], [ 10.5127, -1.855 ], [ 10.5891, -1.8825 ], [ 10.6081, -1.9033 ], [ 10.6256, -1.9014 ], [ 10.6904, -1.9069 ], [ 10.7663, -1.9063 ], [ 10.8814, -1.8848 ], [ 10.9062, -1.8759 ], [ 10.9224, -1.8663 ], [ 10.9705, -1.8099 ], [ 10.9755, -1.788 ], [ 10.9813, -1.7779 ], [ 10.979, -1.7571 ], [ 10.9942, -1.7336 ], [ 10.9814, -1.7055 ], [ 10.9546, -1.6882 ], [ 10.9529, -1.6804 ], [ 10.9606, -1.6602 ], [ 10.9572, -1.6524 ], [ 10.9474, -1.648 ], [ 10.9308, -1.607 ], [ 10.9091, -1.5815 ], [ 10.9074, -1.5591 ], [ 10.9175, -1.5309 ], [ 10.9068, -1.5184 ], [ 10.8966, -1.5223 ], [ 10.8855, -1.5408 ], [ 10.8796, -1.5395 ], [ 10.8809, -1.5253 ], [ 10.8643, -1.4981 ], [ 10.8617, -1.4601 ], [ 10.8519, -1.4505 ], [ 10.8451, -1.451 ], [ 10.8349, -1.4743 ], [ 10.8213, -1.4812 ], [ 10.8132, -1.473 ], [ 10.8128, -1.4648 ], [ 10.8196, -1.448 ], [ 10.8111, -1.4393 ], [ 10.8081, -1.4224 ], [ 10.7966, -1.3993 ], [ 10.78, -1.3803 ], [ 10.7757, -1.3479 ], [ 10.8167, -1.3673 ], [ 10.8422, -1.372 ], [ 10.863, -1.3662 ], [ 10.8783, -1.3657 ], [ 10.8907, -1.356 ], [ 10.8967, -1.3409 ], [ 10.8966, -1.3217 ], [ 10.8891, -1.2786 ], [ 10.8732, -1.2297 ], [ 10.8706, -1.205 ], [ 10.8749, -1.1921 ], [ 10.8859, -1.1921 ], [ 10.9034, -1.2014 ], [ 10.944, -1.2343 ], [ 10.9811, -1.2498 ], [ 10.9906, -1.2598 ], [ 11.0066, -1.3108 ], [ 11.0226, -1.3267 ], [ 11.0273, -1.3374 ], [ 11.0405, -1.3509 ], [ 11.0642, -1.3861 ], [ 11.0872, -1.4551 ], [ 11.1073, -1.4937 ], [ 11.1211, -1.5096 ], [ 11.1379, -1.5188 ], [ 11.1534, -1.5193 ], [ 11.165, -1.5143 ], [ 11.1734, -1.518 ], [ 11.2104, -1.503 ], [ 11.2203, -1.4949 ], [ 11.2234, -1.4975 ], [ 11.2421, -1.4822 ], [ 11.2435, -1.4636 ], [ 11.2394, -1.4491 ], [ 11.2097, -1.4147 ], [ 11.2002, -1.3863 ], [ 11.1821, -1.3592 ], [ 11.1814, -1.3012 ], [ 11.1703, -1.2527 ], [ 11.153, -1.2268 ], [ 11.1087, -1.1441 ], [ 11.0952, -1.1036 ], [ 11.0913, -1.0756 ], [ 11.106, -0.9714 ], [ 11.1024, -0.9431 ], [ 11.093, -0.9084 ], [ 11.0664, -0.8473 ], [ 11.0641, -0.8264 ], [ 11.1185, -0.7766 ], [ 11.2068, -0.7616 ], [ 11.2265, -0.7541 ], [ 11.2457, -0.7399 ], [ 11.254, -0.7191 ], [ 11.2539, -0.6773 ], [ 11.2582, -0.6582 ], [ 11.2708, -0.6456 ], [ 11.3016, -0.6384 ], [ 11.2896, -0.6245 ], [ 11.2616, -0.6065 ], [ 11.2549, -0.5994 ], [ 11.2545, -0.5875 ], [ 11.2251, -0.564 ], [ 11.1625, -0.5009 ], [ 11.1219, -0.4154 ], [ 11.1271, -0.3966 ], [ 11.118, -0.3898 ], [ 11.0999, -0.3934 ], [ 11.0705, -0.3761 ], [ 11.0553, -0.3833 ], [ 11.0378, -0.3839 ], [ 11.0031, -0.4155 ], [ 10.9578, -0.3963 ], [ 10.9403, -0.404 ], [ 10.9491, -0.4393 ], [ 10.9023, -0.4494 ], [ 10.8748, -0.4663 ], [ 10.8337, -0.4743 ] ] ] } },
{ "type": "Feature", "properties": { "iso3": "GAB", "unit_id": "52030013B13245999681326", "unit_name": "Mougalaba" }, "geometry": { "type": "Polygon", "coordinates": [ [ [ 10.9705, -1.8099 ], [ 10.9224, -1.8663 ], [ 10.9062, -1.8759 ], [ 10.8814, -1.8848 ], [ 10.7663, -1.9063 ], [ 10.6904, -1.9069 ], [ 10.6256, -1.9014 ], [ 10.6081, -1.9033 ], [ 10.6065, -1.901 ], [ 10.5961, -1.9127 ], [ 10.5905, -1.9291 ], [ 10.615, -1.9579 ], [ 10.6127, -1.9748 ], [ 10.6057, -1.9855 ], [ 10.5895, -1.9826 ], [ 10.5537, -1.9671 ], [ 10.5194, -1.9271 ], [ 10.5042, -1.9174 ], [ 10.484, -1.9131 ], [ 10.4486, -1.9281 ], [ 10.4729, -1.9654 ], [ 10.4948, -2.0301 ], [ 10.5044, -2.0729 ], [ 10.5097, -2.1407 ], [ 10.5191, -2.1982 ], [ 10.5732, -2.2558 ], [ 10.5907, -2.3037 ], [ 10.6807, -2.2843 ], [ 10.9673, -2.2489 ], [ 10.9493, -2.1885 ], [ 10.9523, -2.1523 ], [ 11.0238, -2.0197 ], [ 11.0069, -2.0052 ], [ 11.0052, -1.9967 ], [ 11.0086, -1.9783 ], [ 10.9812, -1.9546 ], [ 10.9663, -1.9126 ], [ 10.9654, -1.9033 ], [ 10.9854, -1.8772 ], [ 10.9821, -1.8554 ], [ 10.9704, -1.8318 ], [ 10.9705, -1.8099 ] ] ] } },
{ "type": "Feature", "properties": { "iso3": "GAB", "unit_id": "52030013B20074508500196", "unit_name": "Basse-Banio" }, "geometry": { "type": "Polygon", "coordinates": [ [ [ 11.504, -3.535 ], [ 11.4816, -3.4967 ], [ 11.4731, -3.4968 ], [ 11.4295, -3.4201 ], [ 11.4131, -3.4056 ], [ 11.3249, -3.3507 ], [ 11.2971, -3.3259 ], [ 11.2332, -3.2981 ], [ 11.1904, -3.272 ], [ 11.1531, -3.2326 ], [ 11.12, -3.1863 ], [ 11.0889, -3.1597 ], [ 11.0495, -3.1175 ], [ 11.0121, -3.0988 ], [ 10.9038, -3.0185 ], [ 10.8842, -3.0134 ], [ 10.8536, -3.0002 ], [ 10.839, -2.9904 ], [ 10.783, -2.9422 ], [ 10.7509, -2.9211 ], [ 10.705, -2.8833 ], [ 10.6949, -2.8793 ], [ 10.6661, -2.848 ], [ 10.6519, -2.8374 ], [ 10.6115, -2.8119 ], [ 10.5395, -2.7805 ], [ 10.4967, -2.758 ], [ 10.4794, -2.7313 ], [ 10.4673, -2.6949 ], [ 10.4527, -2.6787 ], [ 10.433, -2.667 ], [ 10.4105, -2.657 ], [ 10.3737, -2.6489 ], [ 10.3333, -2.6288 ], [ 10.3198, -2.6266 ], [ 10.2277, -2.6816 ], [ 10.2076, -2.7116 ], [ 10.1888, -2.7139 ], [ 10.16, -2.7547 ], [ 10.1054, -2.7897 ], [ 10.026, -2.7969 ], [ 10.095, -2.8464 ], [ 10.1356, -2.884 ], [ 10.1505, -2.8901 ], [ 10.2197, -2.9439 ], [ 10.2528, -2.9556 ], [ 10.2792, -2.9753 ], [ 10.299, -2.9741 ], [ 10.3034, -2.9765 ], [ 10.284, -2.9819 ], [ 10.2553, -2.9623 ], [ 10.2532, -2.9655 ], [ 10.2866, -2.9897 ], [ 10.3799, -3.0844 ], [ 10.4035, -3.0994 ], [ 10.4455, -3.141 ], [ 10.504, -3.1893 ], [ 10.5277, -3.217 ], [ 10.5254, -3.2239 ], [ 10.5322, -3.2448 ], [ 10.579, -3.2866 ], [ 10.657, -3.3433 ], [ 10.6636, -3.3631 ], [ 10.6587, -3.3702 ], [ 10.6571, -3.3925 ], [ 10.6428, -3.4348 ], [ 10.6453, -3.4431 ], [ 10.6805, -3.4566 ], [ 10.7272, -3.4859 ], [ 10.7718, -3.5193 ], [ 10.7922, -3.4918 ], [ 10.8013, -3.4953 ], [ 10.8702, -3.5509 ], [ 10.8762, -3.5604 ], [ 10.8877, -3.5618 ], [ 10.9027, -3.5767 ], [ 10.9182, -3.5814 ], [ 10.9302, -3.5894 ], [ 10.9317, -3.5981 ], [ 10.9367, -3.5994 ], [ 10.9428, -3.5905 ], [ 10.9618, -3.6025 ], [ 10.9783, -3.6223 ], [ 10.984, -3.6361 ], [ 10.9971, -3.6466 ], [ 11.0051, -3.6393 ], [ 11.0109, -3.6423 ], [ 11.0071, -3.6602 ], [ 11.0217, -3.6724 ], [ 11.0302, -3.6682 ], [ 11.0441, -3.6737 ], [ 11.0505, -3.6683 ], [ 11.0592, -3.6771 ], [ 11.0676, -3.6758 ], [ 11.0932, -3.6833 ], [ 11.1004, -3.6656 ], [ 11.1079, -3.6681 ], [ 11.1116, -3.6805 ], [ 11.1071, -3.6864 ], [ 11.1255, -3.6982 ], [ 11.1305, -3.7084 ], [ 11.1718, -3.7379 ], [ 11.1819, -3.7427 ], [ 11.1995, -3.7378 ], [ 11.2461, -3.7365 ], [ 11.2496, -3.7181 ], [ 11.2562, -3.706 ], [ 11.2699, -3.6885 ], [ 11.3029, -3.6574 ], [ 11.3343, -3.6139 ], [ 11.3455, -3.6035 ], [ 11.3615, -3.5952 ], [ 11.3931, -3.5869 ], [ 11.4422, -3.5897 ], [ 11.4584, -3.5839 ], [ 11.4868, -3.5567 ], [ 11.504, -3.535 ] ] ] } },
{ "type": "Feature", "properties": { "iso3": "GAB", "unit_id": "52030013B3272393402676", "unit_name": "Douigni" }, "geometry": { "type": "Polygon", "coordinates": [ [ [ 11.041, -2.2384 ], [ 10.6807, -2.2843 ], [ 10.5907, -2.3037 ], [ 10.5953, -2.3163 ], [ 10.6041, -2.3257 ], [ 10.6032, -2.3366 ], [ 10.5734, -2.3583 ], [ 10.5681, -2.3672 ], [ 10.5698, -2.3732 ], [ 10.5799, -2.3833 ], [ 10.5667, -2.4092 ], [ 10.5712, -2.4295 ], [ 10.5806, -2.4477 ], [ 10.595, -2.4638 ], [ 10.6336, -2.4778 ], [ 10.6591, -2.5219 ], [ 10.6788, -2.5438 ], [ 10.6912, -2.5706 ], [ 10.6957, -2.6106 ], [ 10.704, -2.623 ], [ 10.7049, -2.6408 ], [ 10.7318, -2.6666 ], [ 10.7354, -2.6851 ], [ 10.7565, -2.732 ], [ 10.7645, -2.7392 ], [ 10.7734, -2.7363 ], [ 10.7801, -2.7199 ], [ 10.7913, -2.7108 ], [ 10.8052, -2.7117 ], [ 10.8106, -2.7211 ], [ 10.8163, -2.7082 ], [ 10.8165, -2.6928 ], [ 10.8248, -2.7035 ], [ 10.8267, -2.6874 ], [ 10.8365, -2.6796 ], [ 10.8438, -2.668 ], [ 10.8521, -2.6345 ], [ 10.8728, -2.615 ], [ 10.8846, -2.5861 ], [ 10.908, -2.572 ], [ 10.9175, -2.5479 ], [ 10.9349, -2.5287 ], [ 10.9743, -2.5107 ], [ 10.9921, -2.5084 ], [ 11.017, -2.4989 ], [ 11.0537, -2.4728 ], [ 11.071, -2.4524 ], [ 11.0801, -2.4307 ], [ 11.0931, -2.4209 ], [ 11.1094, -2.3845 ], [ 11.1166, -2.3754 ], [ 11.1453, -2.3637 ], [ 11.1269, -2.3467 ], [ 11.1055, -2.3112 ], [ 11.1043, -2.2784 ], [ 11.0806, -2.2588 ], [ 11.041, -2.2384 ] ] ] } },
{ "type": "Feature", "properties": { "iso3": "GAB", "unit_id": "52030013B7910999167105", "unit_name": "Doutsila" }, "geometry": { "type": "Polygon", "coordinates": [ [ [ 11.1453, -2.3637 ], [ 11.1166, -2.3754 ], [ 11.1094, -2.3845 ], [ 11.0931, -2.4209 ], [ 11.0801, -2.4307 ], [ 11.071, -2.4524 ], [ 11.0537, -2.4728 ], [ 11.017, -2.4989 ], [ 10.9814, -2.5098 ], [ 11.0024, -2.5313 ], [ 11.0084, -2.5475 ], [ 11.0481, -2.596 ], [ 11.0778, -2.6475 ], [ 11.0955, -2.6639 ], [ 11.107, -2.6808 ], [ 11.1229, -2.6918 ], [ 11.1542, -2.7419 ], [ 11.1656, -2.7512 ], [ 11.2041, -2.7969 ], [ 11.2323, -2.8118 ], [ 11.2607, -2.8384 ], [ 11.3013, -2.8665 ], [ 11.3326, -2.9058 ], [ 11.345, -2.9118 ], [ 11.3589, -2.9123 ], [ 11.3684, -2.9185 ], [ 11.3889, -2.9426 ], [ 11.415, -2.9662 ], [ 11.4326, -2.9791 ], [ 11.4398, -2.9804 ], [ 11.4491, -2.9929 ], [ 11.5006, -3.0249 ], [ 11.5058, -3.0324 ], [ 11.5241, -3.0369 ], [ 11.5374, -3.0479 ], [ 11.5895, -3.0758 ], [ 11.6728, -3.1271 ], [ 11.6797, -3.1373 ], [ 11.7463, -3.1715 ], [ 11.7695, -3.1931 ], [ 11.8296, -3.229 ], [ 11.8492, -3.2363 ], [ 11.8649, -3.2504 ], [ 11.8836, -3.2611 ], [ 11.918, -3.2587 ], [ 11.9273, -3.2717 ], [ 11.9379, -3.2782 ], [ 11.95, -3.296 ], [ 11.9851, -3.3199 ], [ 11.9962, -3.3333 ], [ 12.0456, -3.3519 ], [ 12.0484, -3.3394 ], [ 12.0433, -3.3236 ], [ 12.0018, -3.2419 ], [ 11.9653, -3.2144 ], [ 11.9435, -3.2043 ], [ 11.935, -3.1879 ], [ 11.9394, -3.1783 ], [ 11.9474, -3.1718 ], [ 11.9913, -3.1596 ], [ 12.0023, -3.1531 ], [ 12.0108, -3.1423 ], [ 12.0182, -3.088 ], [ 12.0506, -3.0111 ], [ 12.0657, -2.9865 ], [ 12.0684, -2.9775 ], [ 12.0666, -2.9694 ], [ 12.057, -2.9616 ], [ 12.0111, -2.9488 ], [ 11.8946, -2.9002 ], [ 11.8666, -2.8921 ], [ 11.7965, -2.8614 ], [ 11.7116, -2.8378 ], [ 11.6885, -2.8357 ], [ 11.6301, -2.8058 ], [ 11.6227, -2.7989 ], [ 11.6161, -2.7842 ], [ 11.6239, -2.7616 ], [ 11.5911, -2.7473 ], [ 11.5793, -2.736 ], [ 11.5846, -2.7156 ], [ 11.5821, -2.7042 ], [ 11.5888, -2.6845 ], [ 11.5628, -2.6527 ], [ 11.5456, -2.6651 ], [ 11.5271, -2.6548 ], [ 11.5137, -2.664 ], [ 11.4784, -2.6587 ], [ 11.4553, -2.6249 ], [ 11.4308, -2.6183 ], [ 11.4209, -2.6048 ], [ 11.4097, -2.5986 ], [ 11.4139, -2.5823 ], [ 11.399, -2.5638 ], [ 11.2866, -2.5461 ], [ 11.2547, -2.5208 ], [ 11.2345, -2.4603 ], [ 11.2025, -2.4044 ], [ 11.1453, -2.3637 ] ] ] } },
{ "type": "Feature", "properties": { "iso3": "GAB", "unit_id": "52030013B58720367937795", "unit_name": "Haute-Banio" }, "geometry": { "type": "Polygon", "coordinates": [ [ [ 10.7718, -3.5193 ], [ 10.8168, -3.561 ], [ 10.8724, -3.595 ], [ 10.9034, -3.6305 ], [ 10.9512, -3.67 ], [ 10.9949, -3.7249 ], [ 11.0038, -3.7396 ], [ 11.0054, -3.7486 ], [ 10.9998, -3.7792 ], [ 11.0135, -3.8034 ], [ 11.0155, -3.8117 ], [ 11.0134, -3.8229 ], [ 11.018, -3.8308 ], [ 11.0711, -3.8811 ], [ 11.0873, -3.8832 ], [ 11.0908, -3.8763 ], [ 11.097, -3.8805 ], [ 11.102, -3.8874 ], [ 11.0907, -3.891 ], [ 11.0884, -3.8956 ], [ 11.1507, -3.943 ], [ 11.1546, -3.9437 ], [ 11.1608, -3.9388 ], [ 11.1711, -3.9414 ], [ 11.1738, -3.9472 ], [ 11.1596, -3.9471 ], [ 11.1596, -3.9515 ], [ 11.205, -3.9788 ], [ 11.2124, -3.9552 ], [ 11.2135, -3.9322 ], [ 11.227, -3.9075 ], [ 11.2242, -3.8788 ], [ 11.2279, -3.859 ], [ 11.2492, -3.8265 ], [ 11.2515, -3.8118 ], [ 11.2455, -3.7649 ], [ 11.2461, -3.7365 ], [ 11.1995, -3.7378 ], [ 11.1819, -3.7427 ], [ 11.1718, -3.7379 ], [ 11.1305, -3.7084 ], [ 11.1255, -3.6982 ], [ 11.1071, -3.6864 ], [ 11.1116, -3.6805 ], [ 11.1079, -3.6681 ], [ 11.1004, -3.6656 ], [ 11.0932, -3.6833 ], [ 11.0676, -3.6758 ], [ 11.0592, -3.6771 ], [ 11.0505, -3.6683 ], [ 11.0441, -3.6737 ], [ 11.0302, -3.6682 ], [ 11.0217, -3.6724 ], [ 11.0071, -3.6602 ], [ 11.0109, -3.6423 ], [ 11.0051, -3.6393 ], [ 10.9971, -3.6466 ], [ 10.984, -3.6361 ], [ 10.9783, -3.6223 ], [ 10.9618, -3.6025 ], [ 10.9428, -3.5905 ], [ 10.9367, -3.5994 ], [ 10.9317, -3.5981 ], [ 10.9302, -3.5894 ], [ 10.9182, -3.5814 ], [ 10.9027, -3.5767 ], [ 10.8877, -3.5618 ], [ 10.8762, -3.5604 ], [ 10.8702, -3.5509 ], [ 10.8013, -3.4953 ], [ 10.7922, -3.4918 ], [ 10.7718, -3.5193 ] ] ] } },
{ "type": "Feature", "properties": { "iso3": "GAB", "unit_id": "52030013B32921399229543", "unit_name": "Mougoutsi" }, "geometry": { "type": "Polygon", "coordinates": [ [ [ 11.2971, -3.3259 ], [ 11.3302, -3.2546 ], [ 11.3834, -3.1966 ], [ 11.4173, -3.1772 ], [ 11.4511, -3.1434 ], [ 11.4657, -3.1047 ], [ 11.4657, -3.0563 ], [ 11.484, -3.0143 ], [ 11.4491, -2.9929 ], [ 11.4398, -2.9804 ], [ 11.4326, -2.9791 ], [ 11.415, -2.9662 ], [ 11.3889, -2.9426 ], [ 11.3684, -2.9185 ], [ 11.3589, -2.9123 ], [ 11.345, -2.9118 ], [ 11.3326, -2.9058 ], [ 11.3013, -2.8665 ], [ 11.2607, -2.8384 ], [ 11.2323, -2.8118 ], [ 11.2041, -2.7969 ], [ 11.1656, -2.7512 ], [ 11.1542, -2.7419 ], [ 11.1229, -2.6918 ], [ 11.107, -2.6808 ], [ 11.0955, -2.6639 ], [ 11.0778, -2.6475 ], [ 11.0481, -2.596 ], [ 11.0084, -2.5475 ], [ 11.0024, -2.5313 ], [ 10.9814, -2.5098 ], [ 10.953, -2.5184 ], [ 10.9349, -2.5287 ], [ 10.9175, -2.5479 ], [ 10.908, -2.572 ], [ 10.8846, -2.5861 ], [ 10.8728, -2.615 ], [ 10.8521, -2.6345 ], [ 10.8438, -2.668 ], [ 10.8365, -2.6796 ], [ 10.8267, -2.6874 ], [ 10.8248, -2.7035 ], [ 10.8165, -2.6928 ], [ 10.8163, -2.7082 ], [ 10.8106, -2.7211 ], [ 10.8052, -2.7117 ], [ 10.7913, -2.7108 ], [ 10.7801, -2.7199 ], [ 10.7734, -2.7363 ], [ 10.7645, -2.7392 ], [ 10.7565, -2.732 ], [ 10.7354, -2.6851 ], [ 10.7318, -2.6666 ], [ 10.7049, -2.6408 ], [ 10.704, -2.623 ], [ 10.6957, -2.6106 ], [ 10.6912, -2.5706 ], [ 10.6788, -2.5438 ], [ 10.6591, -2.5219 ], [ 10.6336, -2.4778 ], [ 10.595, -2.4638 ], [ 10.5806, -2.4477 ], [ 10.5712, -2.4295 ], [ 10.5667, -2.4092 ], [ 10.5799, -2.3833 ], [ 10.5698, -2.3732 ], [ 10.5681, -2.3672 ], [ 10.5734, -2.3583 ], [ 10.6032, -2.3366 ], [ 10.6041, -2.3257 ], [ 10.5953, -2.3163 ], [ 10.5907, -2.3037 ], [ 10.4449, -2.3866 ], [ 10.4067, -2.4382 ], [ 10.4126, -2.4757 ], [ 10.4204, -2.4917 ], [ 10.3683, -2.5023 ], [ 10.3497, -2.5554 ], [ 10.3483, -2.6125 ], [ 10.3427, -2.635 ], [ 10.3737, -2.6489 ], [ 10.4105, -2.657 ], [ 10.4527, -2.6787 ], [ 10.4673, -2.6949 ], [ 10.4794, -2.7313 ], [ 10.4967, -2.758 ], [ 10.5395, -2.7805 ], [ 10.6115, -2.8119 ], [ 10.6519, -2.8374 ], [ 10.6661, -2.848 ], [ 10.6949, -2.8793 ], [ 10.705, -2.8833 ], [ 10.7509, -2.9211 ], [ 10.783, -2.9422 ], [ 10.839, -2.9904 ], [ 10.8536, -3.0002 ], [ 10.8842, -3.0134 ], [ 10.9038, -3.0185 ], [ 11.0121, -3.0988 ], [ 11.0495, -3.1175 ], [ 11.0889, -3.1597 ], [ 11.12, -3.1863 ], [ 11.1531, -3.2326 ], [ 11.1904, -3.272 ], [ 11.2332, -3.2981 ], [ 11.2971, -3.3259 ] ] ] } },
{ "type": "Feature", "properties": { "iso3": "GAB", "unit_id": "52030013B75471713864172", "unit_name": "Mongo" }, "geometry": { "type": "Polygon", "coordinates": [ [ [ 11.504, -3.535 ], [ 11.5198, -3.5185 ], [ 11.5294, -3.5128 ], [ 11.5374, -3.5139 ], [ 11.6096, -3.5518 ], [ 11.6316, -3.5702 ], [ 11.6692, -3.6323 ], [ 11.7028, -3.6772 ], [ 11.7135, -3.6843 ], [ 11.7866, -3.7077 ], [ 11.8628, -3.7474 ], [ 11.8761, -3.7504 ], [ 11.8843, -3.7474 ], [ 11.8958, -3.7343 ], [ 11.914, -3.7029 ], [ 11.9478, -3.6263 ], [ 11.9405, -3.6155 ], [ 11.8894, -3.5909 ], [ 11.8779, -3.5769 ], [ 11.8806, -3.5357 ], [ 11.8982, -3.5108 ], [ 11.9433, -3.4894 ], [ 11.9588, -3.4783 ], [ 12.0071, -3.415 ], [ 12.0456, -3.3519 ], [ 11.9962, -3.3333 ], [ 11.9851, -3.3199 ], [ 11.95, -3.296 ], [ 11.9379, -3.2782 ], [ 11.9273, -3.2717 ], [ 11.918, -3.2587 ], [ 11.8836, -3.2611 ], [ 11.8649, -3.2504 ], [ 11.8492, -3.2363 ], [ 11.8296, -3.229 ], [ 11.7695, -3.1931 ], [ 11.7463, -3.1715 ], [ 11.6797, -3.1373 ], [ 11.6728, -3.1271 ], [ 11.6472, -3.111 ], [ 11.5561, -3.0559 ], [ 11.5374, -3.0479 ], [ 11.5241, -3.0369 ], [ 11.5058, -3.0324 ], [ 11.5006, -3.0249 ], [ 11.484, -3.0143 ], [ 11.4657, -3.0563 ], [ 11.4657, -3.1047 ], [ 11.4511, -3.1434 ], [ 11.4173, -3.1772 ], [ 11.3834, -3.1966 ], [ 11.3302, -3.2546 ], [ 11.2971, -3.3259 ], [ 11.3249, -3.3507 ], [ 11.3953, -3.3934 ], [ 11.4295, -3.4201 ], [ 11.4731, -3.4968 ], [ 11.4816, -3.4967 ], [ 11.504, -3.535 ] ] ] } },
{ "type": "Feature", "properties": { "iso3": "GAB", "unit_id": "52030013B39065926409277", "unit_name": "Ivindo" }, "geometry": { "type": "Polygon", "coordinates": [ [ [ 13.9287, -0.0748 ], [ 13.9348, -0.0322 ], [ 13.9335, -0.0 ], [ 13.9492, 0.0044 ], [ 13.9585, 0.0308 ], [ 13.9585, 0.0414 ], [ 13.9539, 0.0457 ], [ 13.9412, 0.0487 ], [ 13.9288, 0.0448 ], [ 13.9238, 0.0505 ], [ 13.9217, 0.073 ], [ 13.9149, 0.0842 ], [ 13.9146, 0.0907 ], [ 13.9233, 0.1028 ], [ 13.9278, 0.1208 ], [ 13.9264, 0.1313 ], [ 13.917, 0.1545 ], [ 13.9054, 0.1683 ], [ 13.9061, 0.1781 ], [ 13.8887, 0.2027 ], [ 13.9008, 0.21 ], [ 13.8944, 0.2155 ], [ 13.8937, 0.2204 ], [ 13.8978, 0.2381 ], [ 13.9212, 0.2537 ], [ 13.926, 0.2643 ], [ 13.9316, 0.2643 ], [ 13.876, 0.3037 ], [ 13.8428, 0.3577 ], [ 13.8144, 0.37 ], [ 13.7392, 0.3869 ], [ 13.7111, 0.3981 ], [ 13.6742, 0.4382 ], [ 13.6513, 0.4541 ], [ 13.6284, 0.469 ], [ 13.5755, 0.489 ], [ 13.5448, 0.537 ], [ 13.5352, 0.5669 ], [ 13.5225, 0.5812 ], [ 13.5006, 0.5962 ], [ 13.4744, 0.6059 ], [ 13.4498, 0.6216 ], [ 13.3926, 0.6698 ], [ 13.346, 0.7485 ], [ 13.3227, 0.7993 ], [ 13.3175, 0.831 ], [ 13.3205, 0.8645 ], [ 13.3219, 0.8612 ], [ 13.3291, 0.8742 ], [ 13.3312, 0.8868 ], [ 13.3416, 0.8894 ], [ 13.3462, 0.8954 ], [ 13.3453, 0.899 ], [ 13.3517, 0.9025 ], [ 13.3635, 0.9388 ], [ 13.3774, 0.9413 ], [ 13.3946, 0.9384 ], [ 13.4019, 0.9483 ], [ 13.4172, 0.945 ], [ 13.4329, 0.9531 ], [ 13.4433, 0.9539 ], [ 13.4455, 0.9623 ], [ 13.4702, 0.9889 ], [ 13.4785, 1.0056 ], [ 13.5073, 1.0301 ], [ 13.5043, 1.0383 ], [ 13.5176, 1.049 ], [ 13.5265, 1.0466 ], [ 13.5388, 1.0539 ], [ 13.5376, 1.0589 ], [ 13.5428, 1.0672 ], [ 13.5617, 1.0745 ], [ 13.5737, 1.0754 ], [ 13.5804, 1.0844 ], [ 13.5997, 1.0862 ], [ 13.6036, 1.0792 ], [ 13.6112, 1.0917 ], [ 13.6096, 1.1328 ], [ 13.6138, 1.1535 ], [ 13.6001, 1.2461 ], [ 13.6054, 1.3026 ], [ 13.5954, 1.3181 ], [ 13.5907, 1.3168 ], [ 13.5884, 1.3044 ], [ 13.5777, 1.2985 ], [ 13.5761, 1.2904 ], [ 13.5566, 1.2787 ], [ 13.5411, 1.284 ], [ 13.513, 1.2737 ], [ 13.5144, 1.2659 ], [ 13.5009, 1.2751 ], [ 13.4961, 1.2754 ], [ 13.4947, 1.2692 ], [ 13.4774, 1.2745 ], [ 13.4751, 1.28 ], [ 13.4577, 1.286 ], [ 13.4463, 1.294 ], [ 13.4385, 1.2929 ], [ 13.4367, 1.3002 ], [ 13.4223, 1.2952 ], [ 13.4139, 1.2975 ], [ 13.4097, 1.2911 ], [ 13.4022, 1.2902 ], [ 13.3976, 1.2824 ], [ 13.375, 1.2909 ], [ 13.3661, 1.2792 ], [ 13.3745, 1.2677 ], [ 13.3725, 1.2654 ], [ 13.3519, 1.2661 ], [ 13.343, 1.2576 ], [ 13.335, 1.2629 ], [ 13.322, 1.2622 ], [ 13.3249, 1.2381 ], [ 13.3236, 1.2358 ], [ 13.3147, 1.2395 ], [ 13.3133, 1.2252 ], [ 13.3094, 1.2211 ], [ 13.3057, 1.2213 ], [ 13.2996, 1.2298 ], [ 13.2932, 1.2275 ], [ 13.2875, 1.2296 ], [ 13.2781, 1.2248 ], [ 13.2653, 1.2278 ], [ 13.261, 1.2232 ], [ 13.2555, 1.2283 ], [ 13.2429, 1.2239 ], [ 13.2182, 1.2269 ], [ 13.1956, 1.218 ], [ 13.1817, 1.2285 ], [ 13.1563, 1.2355 ], [ 12.5193, 1.2495 ], [ 12.4601, 1.2477 ], [ 12.4199, 1.2523 ], [ 12.3733, 1.2473 ], [ 12.3555, 1.219 ], [ 12.3506, 1.1982 ], [ 12.3316, 1.1738 ], [ 12.3233, 1.1572 ], [ 12.3236, 1.1474 ], [ 12.2991, 1.1297 ], [ 12.2928, 1.1002 ], [ 12.287, 1.0973 ], [ 12.2899, 1.086 ], [ 12.2823, 1.0821 ], [ 12.2816, 1.0791 ], [ 12.2848, 1.0773 ], [ 12.2802, 1.0699 ], [ 12.279, 1.0593 ], [ 12.2429, 1.0166 ], [ 12.2444, 1.0079 ], [ 12.2359, 0.9874 ], [ 12.2373, 0.9803 ], [ 12.2301, 0.9787 ], [ 12.2342, 0.9689 ], [ 12.2437, 0.9628 ], [ 12.2359, 0.9616 ], [ 12.2349, 0.9582 ], [ 12.2479, 0.938 ], [ 12.2446, 0.93 ], [ 12.2375, 0.9287 ], [ 12.2375, 0.922 ], [ 12.2266, 0.9178 ], [ 12.2273, 0.9093 ], [ 12.2213, 0.8884 ], [ 12.2235, 0.8828 ], [ 12.2177, 0.8779 ], [ 12.2206, 0.8652 ], [ 12.2082, 0.8594 ], [ 12.2068, 0.848 ], [ 12.2116, 0.8452 ], [ 12.2122, 0.8409 ], [ 12.1994, 0.8361 ], [ 12.1996, 0.8102 ], [ 12.2081, 0.8054 ], [ 12.2079, 0.8022 ], [ 12.1955, 0.8011 ], [ 12.1996, 0.7919 ], [ 12.1967, 0.7884 ], [ 12.1909, 0.7926 ], [ 12.1944, 0.7803 ], [ 12.1867, 0.7711 ], [ 12.1937, 0.7679 ], [ 12.1934, 0.7636 ], [ 12.1818, 0.7554 ], [ 12.1835, 0.748 ], [ 12.1778, 0.7401 ], [ 12.1817, 0.737 ], [ 12.181, 0.7304 ], [ 12.1733, 0.7277 ], [ 12.1717, 0.7228 ], [ 12.177, 0.7085 ], [ 12.1897, 0.7004 ], [ 12.1954, 0.6826 ], [ 12.2033, 0.6784 ], [ 12.2162, 0.6784 ], [ 12.2238, 0.6695 ], [ 12.2292, 0.6726 ], [ 12.2368, 0.669 ], [ 12.2405, 0.6554 ], [ 12.239, 0.6506 ], [ 12.2328, 0.6499 ], [ 12.2306, 0.6359 ], [ 12.2384, 0.6304 ], [ 12.2376, 0.6147 ], [ 12.2438, 0.6159 ], [ 12.2482, 0.6077 ], [ 12.2411, 0.5986 ], [ 12.2431, 0.5905 ], [ 12.2518, 0.5966 ], [ 12.2539, 0.5859 ], [ 12.257, 0.5848 ], [ 12.2491, 0.5699 ], [ 12.2617, 0.5586 ], [ 12.3198, 0.5516 ], [ 12.3359, 0.5555 ], [ 12.3698, 0.5526 ], [ 12.3971, 0.5278 ], [ 12.4632, 0.5207 ], [ 12.4834, 0.5073 ], [ 12.4996, 0.5037 ], [ 12.5318, 0.4841 ], [ 12.5773, 0.4527 ], [ 12.5935, 0.437 ], [ 12.6005, 0.4197 ], [ 12.6002, 0.4011 ], [ 12.591, 0.3716 ], [ 12.5685, 0.3267 ], [ 12.5595, 0.2965 ], [ 12.5704, 0.2633 ], [ 12.6195, 0.2831 ], [ 12.6558, 0.2757 ], [ 12.7062, 0.2405 ], [ 12.7097, 0.2658 ], [ 12.7285, 0.2988 ], [ 12.7604, 0.2804 ], [ 12.7986, 0.2461 ], [ 12.8035, 0.2235 ], [ 12.8404, 0.2456 ], [ 12.8499, 0.2156 ], [ 12.8675, 0.2268 ], [ 12.8837, 0.2184 ], [ 12.9144, 0.2285 ], [ 12.9362, 0.2453 ], [ 12.9308, 0.2799 ], [ 12.9585, 0.2724 ], [ 12.9566, 0.2573 ], [ 12.976, 0.2471 ], [ 12.9759, 0.2291 ], [ 12.995, 0.2415 ], [ 12.994, 0.2203 ], [ 13.0073, 0.2195 ], [ 13.0383, 0.2279 ], [ 13.0512, 0.2435 ], [ 13.0582, 0.2175 ], [ 13.0723, 0.2028 ], [ 13.0849, 0.2028 ], [ 13.0886, 0.1721 ], [ 13.1076, 0.1369 ], [ 13.1209, 0.0833 ], [ 13.1468, 0.0854 ], [ 13.159, 0.0679 ], [ 13.1772, 0.0657 ], [ 13.2004, 0.0549 ], [ 13.2193, 0.0676 ], [ 13.2543, 0.0457 ], [ 13.2803, 0.0554 ], [ 13.3005, 0.0478 ], [ 13.3185, 0.0493 ], [ 13.3414, 0.0354 ], [ 13.3756, 0.0313 ], [ 13.4733, 0.0341 ], [ 13.4984, 0.029 ], [ 13.5339, 0.039 ], [ 13.5583, 0.0228 ], [ 13.5719, 0.0235 ], [ 13.5899, 0.0126 ], [ 13.6254, 0.0152 ], [ 13.6555, -0.0002 ], [ 13.686, 0.0012 ], [ 13.6986, -0.0105 ], [ 13.7333, -0.0128 ], [ 13.7713, -0.0309 ], [ 13.7984, -0.0594 ], [ 13.8334, -0.0774 ], [ 13.862, -0.1015 ], [ 13.9287, -0.0748 ] ] ] } },
{ "type": "Feature", "properties": { "iso3": "GAB", "unit_id": "52030013B62045413734177", "unit_name": "Lope" }, "geometry": { "type": "Polygon", "coordinates": [ [ [ 11.5754, -0.7317 ], [ 11.701, -0.7024 ], [ 12.0064, -0.594 ], [ 12.1398, -0.5525 ], [ 12.19, -0.5332 ], [ 12.2089, -0.5188 ], [ 12.2297, -0.5197 ], [ 12.2458, -0.5049 ], [ 12.2566, -0.5124 ], [ 12.3758, -0.4609 ], [ 12.4354, -0.4446 ], [ 12.475, -0.4237 ], [ 12.4835, -0.416 ], [ 12.4958, -0.3564 ], [ 12.5285, -0.1437 ], [ 12.5905, 0.1681 ], [ 12.6195, 0.2831 ], [ 12.5628, 0.2609 ], [ 12.5279, 0.2642 ], [ 12.5227, 0.2567 ], [ 12.5013, 0.2541 ], [ 12.4765, 0.2598 ], [ 12.4687, 0.2523 ], [ 12.4528, 0.2498 ], [ 12.441, 0.2543 ], [ 12.4409, 0.2625 ], [ 12.4295, 0.2667 ], [ 12.417, 0.2595 ], [ 12.4001, 0.2625 ], [ 12.3863, 0.2583 ], [ 12.3735, 0.2479 ], [ 12.3606, 0.244 ], [ 12.3651, 0.2409 ], [ 12.3641, 0.2263 ], [ 12.3673, 0.2137 ], [ 12.3596, 0.2061 ], [ 12.3658, 0.2001 ], [ 12.369, 0.1888 ], [ 12.3678, 0.1634 ], [ 12.3603, 0.1487 ], [ 12.3587, 0.1358 ], [ 12.3486, 0.141 ], [ 12.3295, 0.1339 ], [ 12.3306, 0.1246 ], [ 12.3212, 0.1197 ], [ 12.3159, 0.0973 ], [ 12.306, 0.0864 ], [ 12.3063, 0.0769 ], [ 12.2868, 0.0731 ], [ 12.2746, 0.0673 ], [ 12.2586, 0.0685 ], [ 12.2481, 0.054 ], [ 12.1898, 0.0221 ], [ 12.161, 0.0207 ], [ 12.1226, 0.0083 ], [ 12.0786, -0.0172 ], [ 12.0467, -0.0251 ], [ 12.013, -0.0252 ], [ 11.9822, -0.0195 ], [ 11.9575, -0.0031 ], [ 11.9019, 0.0827 ], [ 11.8995, 0.1044 ], [ 11.911, 0.1699 ], [ 11.8596, 0.2804 ], [ 11.8541, 0.2994 ], [ 11.8471, 0.3549 ], [ 11.8096, 0.4502 ], [ 11.8036, 0.4868 ], [ 11.8085, 0.5283 ], [ 11.8314, 0.6115 ], [ 11.5764, 0.4436 ], [ 11.4723, 0.3652 ], [ 11.4513, 0.3435 ], [ 11.4672, 0.3316 ], [ 11.5557, 0.281 ], [ 11.5848, 0.2535 ], [ 11.5626, 0.2179 ], [ 11.5607, 0.1959 ], [ 11.519, 0.1363 ], [ 11.4997, 0.1358 ], [ 11.4566, 0.1167 ], [ 11.4349, 0.0934 ], [ 11.4102, 0.0774 ], [ 11.3932, 0.0857 ], [ 11.3846, 0.0708 ], [ 11.3652, 0.0663 ], [ 11.3578, 0.0531 ], [ 11.3198, 0.0284 ], [ 11.2717, -0.0631 ], [ 11.2956, -0.0844 ], [ 11.3225, -0.0837 ], [ 11.3289, -0.0974 ], [ 11.3416, -0.1084 ], [ 11.3566, -0.1138 ], [ 11.3612, -0.15 ], [ 11.3677, -0.1734 ], [ 11.3587, -0.2203 ], [ 11.3486, -0.2441 ], [ 11.3628, -0.2722 ], [ 11.4042, -0.3259 ], [ 11.4362, -0.3581 ], [ 11.4343, -0.4148 ], [ 11.4433, -0.4874 ], [ 11.4637, -0.5127 ], [ 11.4971, -0.5284 ], [ 11.5293, -0.5882 ], [ 11.5469, -0.6504 ], [ 11.5754, -0.7317 ] ] ] } },
{ "type": "Feature", "properties": { "iso3": "GAB", "unit_id": "52030013B98820717204992", "unit_name": "Mvoung" }, "geometry": { "type": "Polygon", "coordinates": [ [ [ 12.2082, 0.8594 ], [ 11.9594, 0.6997 ], [ 11.8954, 0.6531 ], [ 11.8314, 0.6115 ], [ 11.8085, 0.5283 ], [ 11.8036, 0.4868 ], [ 11.8096, 0.4502 ], [ 11.8471, 0.3549 ], [ 11.8541, 0.2994 ], [ 11.8596, 0.2804 ], [ 11.911, 0.1699 ], [ 11.8995, 0.1044 ], [ 11.9019, 0.0827 ], [ 11.9575, -0.0031 ], [ 11.9822, -0.0195 ], [ 12.013, -0.0252 ], [ 12.0467, -0.0251 ], [ 12.0786, -0.0172 ], [ 12.1226, 0.0083 ], [ 12.161, 0.0207 ], [ 12.1898, 0.0221 ], [ 12.2481, 0.054 ], [ 12.2586, 0.0685 ], [ 12.2746, 0.0673 ], [ 12.2868, 0.0731 ], [ 12.3063, 0.0769 ], [ 12.306, 0.0864 ], [ 12.3159, 0.0973 ], [ 12.3212, 0.1197 ], [ 12.3306, 0.1246 ], [ 12.3295, 0.1339 ], [ 12.3486, 0.141 ], [ 12.3587, 0.1358 ], [ 12.3603, 0.1487 ], [ 12.3678, 0.1634 ], [ 12.369, 0.1888 ], [ 12.3658, 0.2001 ], [ 12.3596, 0.2061 ], [ 12.3673, 0.2137 ], [ 12.3641, 0.2263 ], [ 12.3651, 0.2409 ], [ 12.3606, 0.244 ], [ 12.3735, 0.2479 ], [ 12.3863, 0.2583 ], [ 12.4001, 0.2625 ], [ 12.417, 0.2595 ], [ 12.4295, 0.2667 ], [ 12.4409, 0.2625 ], [ 12.441, 0.2543 ], [ 12.4528, 0.2498 ], [ 12.4687, 0.2523 ], [ 12.4765, 0.2598 ], [ 12.5013, 0.2541 ], [ 12.5227, 0.2567 ], [ 12.5279, 0.2642 ], [ 12.5628, 0.2609 ], [ 12.5704, 0.2633 ], [ 12.5595, 0.2965 ], [ 12.5685, 0.3267 ], [ 12.591, 0.3716 ], [ 12.6002, 0.4011 ], [ 12.6005, 0.4197 ], [ 12.5935, 0.437 ], [ 12.5773, 0.4527 ], [ 12.4996, 0.5037 ], [ 12.4834, 0.5073 ], [ 12.4632, 0.5207 ], [ 12.3971, 0.5278 ], [ 12.3698, 0.5526 ], [ 12.3359, 0.5555 ], [ 12.3198, 0.5516 ], [ 12.2715, 0.5562 ], [ 12.2617, 0.5586 ], [ 12.2491, 0.5699 ], [ 12.257, 0.5848 ], [ 12.2539, 0.5859 ], [ 12.2518, 0.5966 ], [ 12.2431, 0.5905 ], [ 12.2411, 0.5986 ], [ 12.2482, 0.6077 ], [ 12.2438, 0.6159 ], [ 12.2376, 0.6147 ], [ 12.2384, 0.6304 ], [ 12.2306, 0.6359 ], [ 12.2328, 0.6499 ], [ 12.239, 0.6506 ], [ 12.2405, 0.6554 ], [ 12.2368, 0.669 ], [ 12.2292, 0.6726 ], [ 12.2238, 0.6695 ], [ 12.2162, 0.6784 ], [ 12.2033, 0.6784 ], [ 12.1954, 0.6826 ], [ 12.1897, 0.7004 ], [ 12.177, 0.7085 ], [ 12.1717, 0.7228 ], [ 12.1733, 0.7277 ], [ 12.181, 0.7304 ], [ 12.1817, 0.737 ], [ 12.1778, 0.7401 ], [ 12.1835, 0.748 ], [ 12.1818, 0.7554 ], [ 12.1934, 0.7636 ], [ 12.1937, 0.7679 ], [ 12.1867, 0.7711 ], [ 12.1944, 0.7803 ], [ 12.1909, 0.7926 ], [ 12.1967, 0.7884 ], [ 12.1996, 0.7919 ], [ 12.1955, 0.8011 ], [ 12.2079, 0.8022 ], [ 12.2081, 0.8054 ], [ 12.1996, 0.8102 ], [ 12.1994, 0.8361 ], [ 12.2122, 0.8409 ], [ 12.2116, 0.8452 ], [ 12.2068, 0.848 ], [ 12.2082, 0.8594 ] ] ] } },
{ "type": "Feature", "properties": { "iso3": "GAB", "unit_id": "52030013B40598549797019", "unit_name": "Zadie" }, "geometry": { "type": "Polygon", "coordinates": [ [ [ 13.9316, 0.2643 ], [ 13.942, 0.268 ], [ 13.9337, 0.2859 ], [ 13.9349, 0.2886 ], [ 13.9449, 0.2898 ], [ 13.9378, 0.2964 ], [ 13.9492, 0.3073 ], [ 13.9421, 0.3107 ], [ 13.9417, 0.3157 ], [ 13.9478, 0.3254 ], [ 13.9574, 0.3293 ], [ 13.9615, 0.3367 ], [ 13.9674, 0.3365 ], [ 13.9713, 0.3509 ], [ 13.9895, 0.3762 ], [ 14.0103, 0.3882 ], [ 14.0226, 0.391 ], [ 14.0381, 0.4045 ], [ 14.0513, 0.4071 ], [ 14.0664, 0.4197 ], [ 14.0732, 0.4299 ], [ 14.0745, 0.4473 ], [ 14.093, 0.4694 ], [ 14.0925, 0.4744 ], [ 14.0722, 0.4896 ], [ 14.0708, 0.4939 ], [ 14.0827, 0.5213 ], [ 14.1066, 0.5498 ], [ 14.1196, 0.5583 ], [ 14.152, 0.5551 ], [ 14.1787, 0.543 ], [ 14.1988, 0.5508 ], [ 14.2095, 0.5495 ], [ 14.2155, 0.5403 ], [ 14.2228, 0.5364 ], [ 14.2349, 0.5366 ], [ 14.2579, 0.5484 ], [ 14.2892, 0.5438 ], [ 14.2835, 0.5558 ], [ 14.2937, 0.57 ], [ 14.2951, 0.5803 ], [ 14.3108, 0.5916 ], [ 14.3225, 0.593 ], [ 14.3389, 0.61 ], [ 14.3499, 0.6107 ], [ 14.3583, 0.6172 ], [ 14.3656, 0.6291 ], [ 14.3845, 0.6374 ], [ 14.3706, 0.6613 ], [ 14.3596, 0.6725 ], [ 14.368, 0.6985 ], [ 14.3785, 0.7031 ], [ 14.3934, 0.7273 ], [ 14.402, 0.7303 ], [ 14.4153, 0.7422 ], [ 14.4146, 0.7526 ], [ 14.431, 0.7753 ], [ 14.4641, 0.7894 ], [ 14.4727, 0.8128 ], [ 14.4887, 0.8252 ], [ 14.4837, 0.8487 ], [ 14.477, 0.8629 ], [ 14.4711, 0.8647 ], [ 14.4654, 0.8744 ], [ 14.4878, 0.8767 ], [ 14.4916, 0.8799 ], [ 14.4932, 0.8905 ], [ 14.5023, 0.9059 ], [ 14.498, 0.9286 ], [ 14.4772, 0.9377 ], [ 14.4676, 0.9511 ], [ 14.4453, 0.9605 ], [ 14.438, 0.97 ], [ 14.4123, 1.0353 ], [ 14.3998, 1.0574 ], [ 14.4018, 1.0718 ], [ 14.3987, 1.0898 ], [ 14.3467, 1.1457 ], [ 14.3438, 1.1774 ], [ 14.3354, 1.1882 ], [ 14.329, 1.2041 ], [ 14.324, 1.2103 ], [ 14.3103, 1.2173 ], [ 14.3092, 1.2265 ], [ 14.2962, 1.2336 ], [ 14.295, 1.2412 ], [ 14.3056, 1.2697 ], [ 14.3036, 1.2832 ], [ 14.3068, 1.2943 ], [ 14.3054, 1.2998 ], [ 14.2967, 1.3053 ], [ 14.279, 1.3412 ], [ 14.2589, 1.3511 ], [ 14.2473, 1.3615 ], [ 14.2372, 1.3622 ], [ 14.2301, 1.3696 ], [ 14.2169, 1.37 ], [ 14.2055, 1.3747 ], [ 14.1872, 1.3956 ], [ 14.1753, 1.395 ], [ 14.1703, 1.3913 ], [ 14.1296, 1.3948 ], [ 14.1189, 1.3918 ], [ 14.1031, 1.3756 ], [ 14.0665, 1.3807 ], [ 14.0586, 1.3851 ], [ 14.0499, 1.3975 ], [ 14.0426, 1.3987 ], [ 14.0303, 1.4104 ], [ 14.0285, 1.4276 ], [ 14.0116, 1.4382 ], [ 14.0045, 1.432 ], [ 13.9994, 1.4201 ], [ 13.9834, 1.4162 ], [ 13.9665, 1.4222 ], [ 13.9489, 1.4177 ], [ 13.9263, 1.4172 ], [ 13.892, 1.4327 ], [ 13.8664, 1.4254 ], [ 13.8619, 1.4259 ], [ 13.8564, 1.4337 ], [ 13.8342, 1.4277 ], [ 13.8246, 1.4307 ], [ 13.8171, 1.4278 ], [ 13.8139, 1.4287 ], [ 13.8102, 1.4377 ], [ 13.8059, 1.437 ], [ 13.8008, 1.4225 ], [ 13.8024, 1.4204 ], [ 13.8084, 1.4236 ], [ 13.8104, 1.4119 ], [ 13.8072, 1.4076 ], [ 13.7997, 1.408 ], [ 13.7942, 1.3956 ], [ 13.7857, 1.397 ], [ 13.7837, 1.391 ], [ 13.7891, 1.38 ], [ 13.7889, 1.371 ], [ 13.7786, 1.3614 ], [ 13.7681, 1.3607 ], [ 13.7624, 1.3525 ], [ 13.7592, 1.3529 ], [ 13.7509, 1.361 ], [ 13.7425, 1.3605 ], [ 13.7443, 1.3681 ], [ 13.7313, 1.37 ], [ 13.7274, 1.3684 ], [ 13.7254, 1.3617 ], [ 13.7098, 1.3546 ], [ 13.7078, 1.3509 ], [ 13.694, 1.3498 ], [ 13.6899, 1.3549 ], [ 13.6876, 1.3484 ], [ 13.6787, 1.354 ], [ 13.665, 1.3526 ], [ 13.6547, 1.3455 ], [ 13.6477, 1.3494 ], [ 13.6335, 1.3441 ], [ 13.6344, 1.3292 ], [ 13.6083, 1.3295 ], [ 13.6042, 1.3205 ], [ 13.5954, 1.3181 ], [ 13.6054, 1.3026 ], [ 13.6001, 1.2461 ], [ 13.6138, 1.1535 ], [ 13.6096, 1.1328 ], [ 13.6112, 1.0917 ], [ 13.6036, 1.0792 ], [ 13.5997, 1.0862 ], [ 13.5804, 1.0844 ], [ 13.5737, 1.0754 ], [ 13.5617, 1.0745 ], [ 13.5428, 1.0672 ], [ 13.5376, 1.0589 ], [ 13.5388, 1.0539 ], [ 13.5265, 1.0466 ], [ 13.5176, 1.049 ], [ 13.5043, 1.0383 ], [ 13.5073, 1.0301 ], [ 13.4785, 1.0056 ], [ 13.4702, 0.9889 ], [ 13.4455, 0.9623 ], [ 13.4433, 0.9539 ], [ 13.4329, 0.9531 ], [ 13.4172, 0.945 ], [ 13.4019, 0.9483 ], [ 13.3946, 0.9384 ], [ 13.3774, 0.9413 ], [ 13.3635, 0.9388 ], [ 13.3517, 0.9025 ], [ 13.3453, 0.899 ], [ 13.3462, 0.8954 ], [ 13.3416, 0.8894 ], [ 13.3312, 0.8868 ], [ 13.3291, 0.8742 ], [ 13.3219, 0.8612 ], [ 13.3205, 0.8645 ], [ 13.3175, 0.831 ], [ 13.3227, 0.7993 ], [ 13.3316, 0.776 ], [ 13.3926, 0.6698 ], [ 13.4498, 0.6216 ], [ 13.4744, 0.6059 ], [ 13.5006, 0.5962 ], [ 13.5225, 0.5812 ], [ 13.5352, 0.5669 ], [ 13.5448, 0.537 ], [ 13.5755, 0.489 ], [ 13.6284, 0.469 ], [ 13.6513, 0.4541 ], [ 13.6742, 0.4382 ], [ 13.7111, 0.3981 ], [ 13.7392, 0.3869 ], [ 13.8144, 0.37 ], [ 13.8428, 0.3577 ], [ 13.876, 0.3037 ], [ 13.9316, 0.2643 ] ] ] } },
{ "type": "Feature", "properties": { "iso3": "GAB", "unit_id": "52030013B32421319786090", "unit_name": "Lolo-Bouenguidi" }, "geometry": { "type": "Polygon", "coordinates": [ [ [ 12.3094, -1.8157 ], [ 12.3436, -1.8354 ], [ 12.4133, -1.8225 ], [ 12.4458, -1.8444 ], [ 12.4623, -1.87 ], [ 12.4669, -1.8292 ], [ 12.4921, -1.7259 ], [ 12.5046, -1.7182 ], [ 12.5102, -1.6892 ], [ 12.5579, -1.666 ], [ 12.5794, -1.644 ], [ 12.5635, -1.5995 ], [ 12.5596, -1.5434 ], [ 12.4978, -1.4939 ], [ 12.4852, -1.4318 ], [ 12.4609, -1.3878 ], [ 12.4428, -1.3668 ], [ 12.4383, -1.3047 ], [ 12.4587, -1.1849 ], [ 12.478, -1.1325 ], [ 12.4665, -1.1018 ], [ 12.4502, -1.0775 ], [ 12.457, -1.032 ], [ 12.4567, -0.9841 ], [ 12.4767, -0.9774 ], [ 12.4817, -0.9614 ], [ 12.4951, -0.9525 ], [ 12.4914, -0.9449 ], [ 12.5099, -0.9296 ], [ 12.5114, -0.937 ], [ 12.5169, -0.9369 ], [ 12.5156, -0.9228 ], [ 12.5049, -0.9153 ], [ 12.4953, -0.8953 ], [ 12.5024, -0.8876 ], [ 12.4939, -0.8698 ], [ 12.5014, -0.8368 ], [ 12.4977, -0.8292 ], [ 12.5132, -0.8119 ], [ 12.5155, -0.8011 ], [ 12.5235, -0.7968 ], [ 12.531, -0.7661 ], [ 12.5444, -0.7686 ], [ 12.5423, -0.7393 ], [ 12.5491, -0.7255 ], [ 12.5412, -0.6959 ], [ 12.5274, -0.6843 ], [ 12.519, -0.6836 ], [ 12.5108, -0.6653 ], [ 12.4938, -0.6545 ], [ 12.4791, -0.6229 ], [ 12.4621, -0.6211 ], [ 12.4475, -0.6088 ], [ 12.4412, -0.6168 ], [ 12.4333, -0.6099 ], [ 12.4276, -0.6266 ], [ 12.3977, -0.6089 ], [ 12.393, -0.62 ], [ 12.3667, -0.6232 ], [ 12.3726, -0.6081 ], [ 12.3547, -0.6002 ], [ 12.3676, -0.5836 ], [ 12.3527, -0.583 ], [ 12.3474, -0.5685 ], [ 12.3386, -0.5784 ], [ 12.3242, -0.5568 ], [ 12.3187, -0.5661 ], [ 12.3107, -0.5478 ], [ 12.2996, -0.5611 ], [ 12.2895, -0.5581 ], [ 12.2977, -0.5513 ], [ 12.2988, -0.538 ], [ 12.3123, -0.5422 ], [ 12.3219, -0.5197 ], [ 12.3438, -0.5332 ], [ 12.3406, -0.5185 ], [ 12.3505, -0.5064 ], [ 12.3423, -0.4938 ], [ 12.3273, -0.5001 ], [ 12.2893, -0.4987 ], [ 12.2566, -0.5124 ], [ 12.2458, -0.5049 ], [ 12.2297, -0.5197 ], [ 12.2089, -0.5188 ], [ 12.19, -0.5332 ], [ 12.1398, -0.5525 ], [ 12.0064, -0.594 ], [ 11.868, -0.6431 ], [ 11.892, -0.6704 ], [ 11.8924, -0.6829 ], [ 11.897, -0.6905 ], [ 11.8954, -0.7029 ], [ 11.9032, -0.7123 ], [ 11.8935, -0.7245 ], [ 11.8942, -0.7363 ], [ 11.9008, -0.7392 ], [ 11.9061, -0.7564 ], [ 11.9063, -0.7728 ], [ 11.9122, -0.7862 ], [ 11.9108, -0.8106 ], [ 11.9262, -0.8132 ], [ 11.9403, -0.8324 ], [ 11.9405, -0.838 ], [ 11.9486, -0.8427 ], [ 11.9569, -0.8534 ], [ 11.9712, -0.9228 ], [ 11.9742, -0.9492 ], [ 11.9734, -0.9883 ], [ 11.9963, -0.9896 ], [ 12.025, -0.9833 ], [ 12.1321, -0.9481 ], [ 12.1587, -0.9471 ], [ 12.1816, -0.963 ], [ 12.1915, -0.9808 ], [ 12.1884, -0.9843 ], [ 12.1753, -0.9828 ], [ 12.1625, -0.9955 ], [ 12.1657, -1.0041 ], [ 12.1607, -1.01 ], [ 12.1599, -1.0251 ], [ 12.1674, -1.0348 ], [ 12.158, -1.0565 ], [ 12.1619, -1.0837 ], [ 12.1507, -1.1065 ], [ 12.1026, -1.1441 ], [ 12.0602, -1.1532 ], [ 12.0551, -1.1561 ], [ 12.0538, -1.1608 ], [ 12.0285, -1.172 ], [ 12.0375, -1.1988 ], [ 12.0363, -1.208 ], [ 12.0199, -1.2377 ], [ 12.0584, -1.2591 ], [ 12.075, -1.2738 ], [ 12.0867, -1.291 ], [ 12.0954, -1.3092 ], [ 12.1026, -1.3459 ], [ 12.0983, -1.3641 ], [ 12.106, -1.3712 ], [ 12.095, -1.3735 ], [ 12.0782, -1.3877 ], [ 12.06, -1.3939 ], [ 12.0346, -1.3858 ], [ 12.0125, -1.3889 ], [ 11.9981, -1.3996 ], [ 11.9736, -1.4112 ], [ 11.9702, -1.4986 ], [ 11.9575, -1.5329 ], [ 11.9514, -1.5837 ], [ 11.9688, -1.6128 ], [ 12.0118, -1.6336 ], [ 12.034, -1.6433 ], [ 12.0587, -1.6354 ], [ 12.0925, -1.6826 ], [ 12.1265, -1.7229 ], [ 12.1669, -1.7616 ], [ 12.1866, -1.7914 ], [ 12.2174, -1.7841 ], [ 12.2745, -1.8189 ], [ 12.3094, -1.8157 ] ] ] } },
{ "type": "Feature", "properties": { "iso3": "GAB", "unit_id": "52030013B93099069336943", "unit_name": "Lombo-Bouenguidi" }, "geometry": { "type": "Polygon", "coordinates": [ [ [ 12.8493, -1.5783 ], [ 12.8385, -1.5617 ], [ 12.8346, -1.5389 ], [ 12.8103, -1.498 ], [ 12.8459, -1.4209 ], [ 12.8643, -1.389 ], [ 12.8604, -1.277 ], [ 12.8051, -1.2748 ], [ 12.795, -1.258 ], [ 12.7664, -1.2232 ], [ 12.7405, -1.1697 ], [ 12.7428, -1.1236 ], [ 12.725, -1.0941 ], [ 12.709, -1.0873 ], [ 12.6623, -1.091 ], [ 12.6102, -1.0754 ], [ 12.5605, -1.0666 ], [ 12.5366, -0.9949 ], [ 12.5102, -0.9823 ], [ 12.4951, -0.9525 ], [ 12.4817, -0.9614 ], [ 12.4767, -0.9774 ], [ 12.4567, -0.9841 ], [ 12.457, -1.032 ], [ 12.4502, -1.0775 ], [ 12.4665, -1.1018 ], [ 12.478, -1.1325 ], [ 12.4587, -1.1849 ], [ 12.4472, -1.2449 ], [ 12.4383, -1.3047 ], [ 12.4428, -1.3668 ], [ 12.4609, -1.3878 ], [ 12.4852, -1.4318 ], [ 12.4978, -1.4939 ], [ 12.5596, -1.5434 ], [ 12.5635, -1.5995 ], [ 12.5794, -1.644 ], [ 12.5579, -1.666 ], [ 12.5102, -1.6892 ], [ 12.5046, -1.7182 ], [ 12.4921, -1.7259 ], [ 12.4669, -1.8292 ], [ 12.4623, -1.8701 ], [ 12.4715, -1.8743 ], [ 12.485, -1.8885 ], [ 12.5207, -1.9014 ], [ 12.5351, -1.9009 ], [ 12.5436, -1.8965 ], [ 12.5618, -1.8592 ], [ 12.5718, -1.8583 ], [ 12.6261, -1.8791 ], [ 12.6501, -1.882 ], [ 12.6837, -1.8767 ], [ 12.7221, -1.8644 ], [ 12.7333, -1.8648 ], [ 12.7528, -1.8748 ], [ 12.766, -1.789 ], [ 12.79, -1.7781 ], [ 12.7686, -1.7531 ], [ 12.7936, -1.7204 ], [ 12.793, -1.6775 ], [ 12.8288, -1.6112 ], [ 12.8487, -1.6139 ], [ 12.8402, -1.5958 ], [ 12.8493, -1.5783 ] ] ] } },
{ "type": "Feature", "properties": { "iso3": "GAB", "unit_id": "52030013B85312989323082", "unit_name": "Mouloundou" }, "geometry": { "type": "Polygon", "coordinates": [ [ [ 13.2858, -1.1715 ], [ 13.4499, -0.9112 ], [ 13.5689, -0.7391 ], [ 13.4556, -0.4868 ], [ 13.413, -0.4067 ], [ 13.3747, -0.319 ], [ 13.355, -0.294 ], [ 13.3071, -0.2451 ], [ 13.3136, -0.2257 ], [ 13.3033, -0.2026 ], [ 13.2876, -0.208 ], [ 13.2738, -0.201 ], [ 13.2597, -0.1762 ], [ 13.261, -0.1439 ], [ 13.2495, -0.1154 ], [ 13.2474, -0.0948 ], [ 13.2298, -0.0754 ], [ 13.2516, -0.0695 ], [ 13.2537, -0.0447 ], [ 13.2712, -0.0419 ], [ 13.2693, -0.0212 ], [ 13.3027, 0.0106 ], [ 13.3005, 0.0478 ], [ 13.2803, 0.0554 ], [ 13.2543, 0.0457 ], [ 13.2193, 0.0676 ], [ 13.2004, 0.0549 ], [ 13.1772, 0.0657 ], [ 13.159, 0.0679 ], [ 13.1468, 0.0854 ], [ 13.1209, 0.0833 ], [ 13.1076, 0.1369 ], [ 13.0886, 0.1721 ], [ 13.0849, 0.2028 ], [ 13.0723, 0.2028 ], [ 13.0582, 0.2175 ], [ 13.0512, 0.2435 ], [ 13.0383, 0.2279 ], [ 13.0073, 0.2195 ], [ 12.994, 0.2203 ], [ 12.995, 0.2415 ], [ 12.9759, 0.2291 ], [ 12.976, 0.2471 ], [ 12.9566, 0.2573 ], [ 12.9585, 0.2724 ], [ 12.9308, 0.2799 ], [ 12.9362, 0.2453 ], [ 12.9144, 0.2285 ], [ 12.8837, 0.2184 ], [ 12.8675, 0.2268 ], [ 12.8499, 0.2156 ], [ 12.8404, 0.2456 ], [ 12.8035, 0.2235 ], [ 12.7986, 0.2461 ], [ 12.7604, 0.2804 ], [ 12.7285, 0.2988 ], [ 12.7097, 0.2658 ], [ 12.7062, 0.2405 ], [ 12.6558, 0.2757 ], [ 12.6195, 0.2831 ], [ 12.5905, 0.1681 ], [ 12.5285, -0.1437 ], [ 12.4958, -0.3564 ], [ 12.4835, -0.416 ], [ 12.475, -0.4237 ], [ 12.4354, -0.4446 ], [ 12.3758, -0.4609 ], [ 12.2893, -0.4987 ], [ 12.3273, -0.5001 ], [ 12.3423, -0.4938 ], [ 12.3505, -0.5064 ], [ 12.3406, -0.5185 ], [ 12.3438, -0.5332 ], [ 12.3219, -0.5197 ], [ 12.3123, -0.5422 ], [ 12.2988, -0.538 ], [ 12.2977, -0.5513 ], [ 12.2895, -0.5581 ], [ 12.2996, -0.5611 ], [ 12.3107, -0.5478 ], [ 12.3187, -0.5661 ], [ 12.3242, -0.5568 ], [ 12.3386, -0.5784 ], [ 12.3474, -0.5685 ], [ 12.3527, -0.583 ], [ 12.3676, -0.5836 ], [ 12.3547, -0.6002 ], [ 12.3726, -0.6081 ], [ 12.3667, -0.6232 ], [ 12.393, -0.62 ], [ 12.3977, -0.6089 ], [ 12.4276, -0.6266 ], [ 12.4333, -0.6099 ], [ 12.4412, -0.6168 ], [ 12.4475, -0.6088 ], [ 12.4621, -0.6211 ], [ 12.4791, -0.6229 ], [ 12.4938, -0.6545 ], [ 12.5108, -0.6653 ], [ 12.519, -0.6836 ], [ 12.5274, -0.6843 ], [ 12.5412, -0.6959 ], [ 12.5491, -0.7255 ], [ 12.5423, -0.7393 ], [ 12.5444, -0.7686 ], [ 12.531, -0.7661 ], [ 12.5235, -0.7968 ], [ 12.5155, -0.8011 ], [ 12.5132, -0.8119 ], [ 12.4977, -0.8292 ], [ 12.5014, -0.8368 ], [ 12.4939, -0.8698 ], [ 12.5024, -0.8876 ], [ 12.4953, -0.8953 ], [ 12.5049, -0.9153 ], [ 12.5156, -0.9228 ], [ 12.5169, -0.9369 ], [ 12.5114, -0.937 ], [ 12.5099, -0.9296 ], [ 12.4914, -0.9449 ], [ 12.5102, -0.9823 ], [ 12.5366, -0.9949 ], [ 12.5605, -1.0666 ], [ 12.6102, -1.0754 ], [ 12.6623, -1.091 ], [ 12.709, -1.0873 ], [ 12.725, -1.0941 ], [ 12.7428, -1.1236 ], [ 12.7405, -1.1697 ], [ 12.7664, -1.2232 ], [ 12.795, -1.258 ], [ 12.8051, -1.2748 ], [ 12.8604, -1.277 ], [ 12.8643, -1.389 ], [ 12.8459, -1.4209 ], [ 12.8103, -1.498 ], [ 12.8346, -1.5389 ], [ 12.8385, -1.5617 ], [ 12.8493, -1.5783 ], [ 12.8739, -1.5646 ], [ 12.8951, -1.5216 ], [ 12.8874, -1.4772 ], [ 12.92, -1.4563 ], [ 12.9445, -1.4193 ], [ 12.9695, -1.4193 ], [ 12.9839, -1.3831 ], [ 13.0421, -1.3253 ], [ 13.0628, -1.3387 ], [ 13.074, -1.3258 ], [ 13.0915, -1.3212 ], [ 13.1038, -1.3052 ], [ 13.1153, -1.2811 ], [ 13.1646, -1.2568 ], [ 13.1717, -1.1943 ], [ 13.1615, -1.18 ], [ 13.166, -1.1126 ], [ 13.1864, -1.1063 ], [ 13.2061, -1.1311 ], [ 13.2304, -1.1308 ], [ 13.2548, -1.1585 ], [ 13.2858, -1.1715 ] ] ] } },
{ "type": "Feature", "properties": { "iso3": "GAB", "unit_id": "52030013B25494791511048", "unit_name": "Offoue-Onoye" }, "geometry": { "type": "Polygon", "coordinates": [ [ [ 11.9736, -1.4112 ], [ 11.9981, -1.3996 ], [ 12.0125, -1.3889 ], [ 12.0346, -1.3858 ], [ 12.06, -1.3939 ], [ 12.0782, -1.3877 ], [ 12.095, -1.3735 ], [ 12.106, -1.3712 ], [ 12.0983, -1.3641 ], [ 12.1026, -1.3459 ], [ 12.0954, -1.3092 ], [ 12.0867, -1.291 ], [ 12.075, -1.2738 ], [ 12.0584, -1.2591 ], [ 12.0199, -1.2377 ], [ 12.0363, -1.208 ], [ 12.0375, -1.1988 ], [ 12.0285, -1.172 ], [ 12.0538, -1.1608 ], [ 12.0551, -1.1561 ], [ 12.0602, -1.1532 ], [ 12.1026, -1.1441 ], [ 12.1507, -1.1065 ], [ 12.1619, -1.0837 ], [ 12.158, -1.0565 ], [ 12.1674, -1.0348 ], [ 12.1599, -1.0251 ], [ 12.1607, -1.01 ], [ 12.1657, -1.0041 ], [ 12.1625, -0.9955 ], [ 12.1753, -0.9828 ], [ 12.1884, -0.9843 ], [ 12.1915, -0.9808 ], [ 12.1816, -0.963 ], [ 12.1587, -0.9471 ], [ 12.1321, -0.9481 ], [ 12.025, -0.9833 ], [ 11.9963, -0.9896 ], [ 11.9734, -0.9883 ], [ 11.9742, -0.9492 ], [ 11.9712, -0.9228 ], [ 11.9569, -0.8534 ], [ 11.9486, -0.8427 ], [ 11.9405, -0.838 ], [ 11.9403, -0.8324 ], [ 11.9262, -0.8132 ], [ 11.9108, -0.8106 ], [ 11.9122, -0.7862 ], [ 11.9063, -0.7728 ], [ 11.9061, -0.7564 ], [ 11.9008, -0.7392 ], [ 11.8942, -0.7363 ], [ 11.8935, -0.7245 ], [ 11.9032, -0.7123 ], [ 11.8954, -0.7029 ], [ 11.897, -0.6905 ], [ 11.8924, -0.6829 ], [ 11.892, -0.6704 ], [ 11.868, -0.6431 ], [ 11.701, -0.7024 ], [ 11.5754, -0.7317 ], [ 11.5186, -0.813 ], [ 11.5127, -0.8754 ], [ 11.522, -0.934 ], [ 11.5588, -1.0006 ], [ 11.5596, -1.0522 ], [ 11.5539, -1.0689 ], [ 11.5607, -1.0745 ], [ 11.5602, -1.0871 ], [ 11.5452, -1.1192 ], [ 11.5675, -1.1144 ], [ 11.5967, -1.1209 ], [ 11.6254, -1.0992 ], [ 11.6523, -1.1012 ], [ 11.694, -1.0739 ], [ 11.7268, -1.0567 ], [ 11.7569, -1.0508 ], [ 11.7506, -1.0891 ], [ 11.7514, -1.1211 ], [ 11.7471, -1.1693 ], [ 11.7696, -1.2022 ], [ 11.8394, -1.2539 ], [ 11.8667, -1.2822 ], [ 11.9534, -1.3543 ], [ 11.9759, -1.3815 ], [ 11.9736, -1.4112 ] ] ] } },
{ "type": "Feature", "properties": { "iso3": "GAB", "unit_id": "52030013B47396813063539", "unit_name": "Bendje" }, "geometry": { "type": "MultiPolygon", "coordinates": [ [ [ [ 9.2977, -0.2462 ], [ 9.2986, -0.2869 ], [ 9.2949, -0.3048 ], [ 9.3006, -0.3508 ], [ 9.3008, -0.3772 ], [ 9.2943, -0.4003 ], [ 9.2572, -0.4672 ], [ 9.2173, -0.5176 ], [ 9.2045, -0.5271 ], [ 9.1817, -0.5599 ], [ 9.1632, -0.5669 ], [ 9.1609, -0.5708 ], [ 9.1629, -0.5812 ], [ 9.1571, -0.5889 ], [ 9.1012, -0.6376 ], [ 9.0916, -0.6534 ], [ 9.0891, -0.6842 ], [ 9.1007, -0.6989 ], [ 9.0961, -0.7058 ], [ 9.0884, -0.703 ], [ 9.0829, -0.7055 ], [ 9.0787, -0.7195 ], [ 9.0723, -0.7245 ], [ 9.068, -0.7089 ], [ 9.0639, -0.7107 ], [ 9.0542, -0.7272 ], [ 9.0289, -0.7321 ], [ 9.0367, -0.7186 ], [ 9.0404, -0.6995 ], [ 9.0179, -0.6735 ], [ 9.0102, -0.6725 ], [ 8.9981, -0.677 ], [ 8.9944, -0.6846 ], [ 8.9964, -0.6952 ], [ 8.9906, -0.7002 ], [ 8.9939, -0.6942 ], [ 8.99, -0.6818 ], [ 8.9979, -0.6685 ], [ 9.0025, -0.6548 ], [ 9.0019, -0.6467 ], [ 8.9989, -0.6458 ], [ 8.981, -0.6572 ], [ 8.9712, -0.6553 ], [ 8.9616, -0.6592 ], [ 8.9522, -0.6701 ], [ 8.9524, -0.6835 ], [ 8.948, -0.6798 ], [ 8.9437, -0.6807 ], [ 8.9416, -0.6869 ], [ 8.9448, -0.694 ], [ 8.9404, -0.7119 ], [ 8.9478, -0.7289 ], [ 8.9359, -0.739 ], [ 8.9266, -0.73 ], [ 8.9238, -0.7401 ], [ 8.9258, -0.7456 ], [ 8.9226, -0.7474 ], [ 8.9186, -0.7265 ], [ 8.8914, -0.7266 ], [ 8.888, -0.7293 ], [ 8.8854, -0.7465 ], [ 8.9082, -0.7593 ], [ 8.9011, -0.7645 ], [ 8.8864, -0.7647 ], [ 8.8673, -0.7558 ], [ 8.8643, -0.7584 ], [ 8.8587, -0.787 ], [ 8.8593, -0.8045 ], [ 8.8522, -0.8148 ], [ 8.8519, -0.8268 ], [ 8.8423, -0.8341 ], [ 8.8364, -0.8189 ], [ 8.8211, -0.8124 ], [ 8.8004, -0.7952 ], [ 8.7966, -0.7881 ], [ 8.8008, -0.7656 ], [ 8.7924, -0.7577 ], [ 8.7946, -0.7306 ], [ 8.7878, -0.723 ], [ 8.7765, -0.6993 ], [ 8.777, -0.6816 ], [ 8.759, -0.6769 ], [ 8.7569, -0.6829 ], [ 8.7478, -0.689 ], [ 8.7441, -0.6856 ], [ 8.7492, -0.6849 ], [ 8.7551, -0.6774 ], [ 8.7494, -0.6748 ], [ 8.7497, -0.6596 ], [ 8.7306, -0.6501 ], [ 8.7249, -0.6517 ], [ 8.7242, -0.6602 ], [ 8.7214, -0.656 ], [ 8.7155, -0.6597 ], [ 8.7174, -0.6507 ], [ 8.7071, -0.6504 ], [ 8.711, -0.6461 ], [ 8.7172, -0.6466 ], [ 8.7083, -0.6364 ], [ 8.7161, -0.6268 ], [ 8.7134, -0.6192 ], [ 8.7082, -0.622 ], [ 8.7067, -0.6284 ], [ 8.699, -0.6311 ], [ 8.6957, -0.6403 ], [ 8.7049, -0.6826 ], [ 8.7436, -0.7419 ], [ 8.7601, -0.7734 ], [ 8.7873, -0.8572 ], [ 8.81, -0.8966 ], [ 8.8164, -0.9001 ], [ 8.8361, -0.9248 ], [ 8.8417, -0.9393 ], [ 8.8404, -0.9435 ], [ 8.8486, -0.9805 ], [ 8.855, -0.9824 ], [ 8.8482, -0.9676 ], [ 8.8474, -0.9522 ], [ 8.8587, -0.9782 ], [ 8.8607, -0.9778 ], [ 8.8558, -0.9644 ], [ 8.8581, -0.9582 ], [ 8.8531, -0.9534 ], [ 8.8556, -0.9506 ], [ 8.8536, -0.9394 ], [ 8.8629, -0.9569 ], [ 8.8687, -0.9838 ], [ 8.8762, -0.996 ], [ 8.8664, -0.9886 ], [ 8.8637, -0.981 ], [ 8.8614, -0.9833 ], [ 8.8677, -1.0043 ], [ 8.8732, -1.0045 ], [ 8.8859, -1.0202 ], [ 8.8943, -1.0251 ], [ 8.8877, -1.0424 ], [ 8.916, -1.0409 ], [ 8.9423, -1.0315 ], [ 8.9642, -1.0319 ], [ 8.9896, -1.0438 ], [ 8.9963, -1.0592 ], [ 9.017, -1.0842 ], [ 9.0268, -1.087 ], [ 9.0498, -1.0833 ], [ 9.0711, -1.0635 ], [ 9.0859, -1.066 ], [ 9.1034, -1.0989 ], [ 9.1141, -1.1319 ], [ 9.126, -1.1391 ], [ 9.1419, -1.1231 ], [ 9.1559, -1.1207 ], [ 9.1705, -1.1004 ], [ 9.1904, -1.0842 ], [ 9.2002, -1.0843 ], [ 9.2137, -1.1005 ], [ 9.221, -1.1197 ], [ 9.2226, -1.1509 ], [ 9.2341, -1.1857 ], [ 9.2556, -1.2109 ], [ 9.2672, -1.2193 ], [ 9.2839, -1.2243 ], [ 9.3298, -1.2165 ], [ 9.3436, -1.2092 ], [ 9.3628, -1.2096 ], [ 9.3835, -1.2129 ], [ 9.4051, -1.2284 ], [ 9.4621, -1.2277 ], [ 9.5244, -1.2146 ], [ 9.5386, -1.2183 ], [ 9.5735, -1.2458 ], [ 9.6396, -1.3308 ], [ 9.6755, -1.3303 ], [ 9.7467, -1.3448 ], [ 9.7678, -1.3425 ], [ 9.7831, -1.3321 ], [ 9.7923, -1.3168 ], [ 9.7973, -1.2707 ], [ 9.8067, -1.2627 ], [ 9.8874, -1.2289 ], [ 9.9045, -1.2082 ], [ 9.9295, -1.1383 ], [ 9.9456, -1.1159 ], [ 9.9697, -1.0689 ], [ 9.968, -1.0488 ], [ 9.9874, -1.0479 ], [ 9.9745, -1.0324 ], [ 9.9544, -0.9915 ], [ 9.9668, -0.9709 ], [ 9.9562, -0.9201 ], [ 9.8957, -0.8797 ], [ 9.8548, -0.8936 ], [ 9.7989, -0.8694 ], [ 9.7286, -0.847 ], [ 9.675, -0.8136 ], [ 9.6609, -0.7684 ], [ 9.6427, -0.6922 ], [ 9.6213, -0.6255 ], [ 9.6083, -0.5283 ], [ 9.5512, -0.4862 ], [ 9.5335, -0.4892 ], [ 9.509, -0.4654 ], [ 9.46, -0.4648 ], [ 9.4343, -0.4185 ], [ 9.3745, -0.3667 ], [ 9.3771, -0.3437 ], [ 9.3547, -0.327 ], [ 9.3577, -0.3004 ], [ 9.3665, -0.2774 ], [ 9.367, -0.2644 ], [ 9.3604, -0.2571 ], [ 9.2977, -0.2462 ] ] ], [ [ [ 8.8181, -0.913 ], [ 8.8381, -0.9377 ], [ 8.8315, -0.9227 ], [ 8.82, -0.9112 ], [ 8.8181, -0.913 ] ] ], [ [ [ 8.8786, -1.0428 ], [ 8.8851, -1.0425 ], [ 8.8594, -1.0178 ], [ 8.8587, -1.0205 ], [ 8.8786, -1.0428 ] ] ] ] } },
{ "type": "Feature", "properties": { "iso3": "GAB", "unit_id": "52030013B13983209245960", "unit_name": "Etimboue" }, "geometry": { "type": "Polygon", "coordinates": [ [ [ 9.9456, -1.1159 ], [ 9.9295, -1.1383 ], [ 9.9213, -1.1558 ], [ 9.9167, -1.1788 ], [ 9.9045, -1.2082 ], [ 9.8874, -1.2289 ], [ 9.8067, -1.2627 ], [ 9.7973, -1.2707 ], [ 9.7923, -1.3168 ], [ 9.7831, -1.3321 ], [ 9.7678, -1.3425 ], [ 9.7467, -1.3448 ], [ 9.6755, -1.3303 ], [ 9.6396, -1.3308 ], [ 9.5735, -1.2458 ], [ 9.5386, -1.2183 ], [ 9.5244, -1.2146 ], [ 9.4621, -1.2277 ], [ 9.4051, -1.2284 ], [ 9.3835, -1.2129 ], [ 9.3436, -1.2092 ], [ 9.3298, -1.2165 ], [ 9.3084, -1.2218 ], [ 9.2839, -1.2243 ], [ 9.2672, -1.2193 ], [ 9.2556, -1.2109 ], [ 9.2341, -1.1857 ], [ 9.2226, -1.1509 ], [ 9.221, -1.1197 ], [ 9.2137, -1.1005 ], [ 9.2002, -1.0843 ], [ 9.1904, -1.0842 ], [ 9.1705, -1.1004 ], [ 9.1559, -1.1207 ], [ 9.1419, -1.1231 ], [ 9.126, -1.1391 ], [ 9.1141, -1.1319 ], [ 9.1034, -1.0989 ], [ 9.0859, -1.066 ], [ 9.0711, -1.0635 ], [ 9.0498, -1.0833 ], [ 9.0268, -1.087 ], [ 9.017, -1.0842 ], [ 8.9963, -1.0592 ], [ 8.9896, -1.0438 ], [ 8.9642, -1.0319 ], [ 8.9423, -1.0315 ], [ 8.916, -1.0409 ], [ 8.8786, -1.0428 ], [ 8.9432, -1.1212 ], [ 8.9832, -1.1991 ], [ 8.985, -1.2103 ], [ 8.982, -1.2248 ], [ 8.9853, -1.2393 ], [ 8.9884, -1.2179 ], [ 8.9936, -1.2341 ], [ 8.9935, -1.2543 ], [ 8.99, -1.258 ], [ 9.0003, -1.2677 ], [ 8.9897, -1.2825 ], [ 8.9838, -1.2696 ], [ 8.9847, -1.2823 ], [ 8.9926, -1.3014 ], [ 9.0091, -1.3279 ], [ 9.0098, -1.3415 ], [ 9.0143, -1.3498 ], [ 9.0438, -1.3854 ], [ 9.0561, -1.3955 ], [ 9.1142, -1.4767 ], [ 9.1763, -1.5529 ], [ 9.2058, -1.5938 ], [ 9.2153, -1.6182 ], [ 9.2319, -1.6449 ], [ 9.235, -1.662 ], [ 9.2436, -1.6806 ], [ 9.2394, -1.6974 ], [ 9.2432, -1.711 ], [ 9.2489, -1.7181 ], [ 9.2457, -1.723 ], [ 9.2558, -1.7541 ], [ 9.2609, -1.7545 ], [ 9.2652, -1.7506 ], [ 9.2663, -1.7626 ], [ 9.2577, -1.7587 ], [ 9.2634, -1.7923 ], [ 9.26, -1.8001 ], [ 9.2531, -1.8028 ], [ 9.2487, -1.8163 ], [ 9.2644, -1.8838 ], [ 9.2687, -1.8882 ], [ 9.277, -1.882 ], [ 9.2804, -1.8882 ], [ 9.2705, -1.8951 ], [ 9.291, -1.9237 ], [ 9.3534, -1.9852 ], [ 9.3652, -2.0121 ], [ 9.3968, -2.0509 ], [ 9.4036, -2.0553 ], [ 9.4041, -2.0491 ], [ 9.4167, -2.0492 ], [ 9.4178, -2.0575 ], [ 9.4084, -2.0613 ], [ 9.4591, -2.1172 ], [ 9.5065, -2.1044 ], [ 9.5232, -2.1048 ], [ 9.535, -2.0994 ], [ 9.5452, -2.0878 ], [ 9.5515, -2.0686 ], [ 9.5591, -2.0573 ], [ 9.5763, -2.0621 ], [ 9.5909, -2.0723 ], [ 9.6077, -2.1085 ], [ 9.6173, -2.1405 ], [ 9.6352, -2.1548 ], [ 9.6621, -2.1836 ], [ 9.6745, -2.1898 ], [ 9.6849, -2.1718 ], [ 9.7234, -2.1559 ], [ 9.7515, -2.1488 ], [ 9.8181, -2.1063 ], [ 9.8229, -2.1027 ], [ 9.8492, -2.053 ], [ 9.8583, -2.0433 ], [ 9.9152, -2.0186 ], [ 9.9603, -1.9785 ], [ 9.9989, -1.9575 ], [ 10.0389, -1.9469 ], [ 10.1377, -1.9406 ], [ 10.1766, -1.9458 ], [ 10.2155, -1.9402 ], [ 10.2903, -1.9401 ], [ 10.3182, -1.9309 ], [ 10.3328, -1.9158 ], [ 10.2534, -1.8909 ], [ 10.2347, -1.9058 ], [ 10.2162, -1.9072 ], [ 10.2083, -1.879 ], [ 10.1865, -1.8837 ], [ 10.1785, -1.8531 ], [ 10.142, -1.8588 ], [ 10.1055, -1.8308 ], [ 10.0636, -1.8221 ], [ 10.0052, -1.8035 ], [ 9.9645, -1.7804 ], [ 9.9336, -1.7377 ], [ 9.8923, -1.6685 ], [ 9.882, -1.6441 ], [ 9.9139, -1.6298 ], [ 9.9073, -1.6143 ], [ 9.9149, -1.5799 ], [ 9.9497, -1.5634 ], [ 9.9777, -1.5722 ], [ 9.973, -1.552 ], [ 9.9943, -1.5424 ], [ 9.9929, -1.4925 ], [ 9.9855, -1.4239 ], [ 9.9777, -1.384 ], [ 9.9955, -1.3651 ], [ 10.0385, -1.3354 ], [ 10.0711, -1.3054 ], [ 10.0852, -1.2811 ], [ 10.082, -1.2549 ], [ 10.0924, -1.2369 ], [ 10.0511, -1.2374 ], [ 10.0109, -1.2097 ], [ 9.997, -1.2068 ], [ 9.9844, -1.2124 ], [ 9.971, -1.1886 ], [ 9.9798, -1.1492 ], [ 9.9706, -1.1371 ], [ 9.9446, -1.1475 ], [ 9.9456, -1.1159 ] ] ] } },
{ "type": "Feature", "properties": { "iso3": "GAB", "unit_id": "52030013B94563189326274", "unit_name": "Ndougou" }, "geometry": { "type": "Polygon", "coordinates": [ [ [ 10.3328, -1.9158 ], [ 10.3182, -1.9309 ], [ 10.2903, -1.9401 ], [ 10.2155, -1.9402 ], [ 10.1766, -1.9458 ], [ 10.1377, -1.9406 ], [ 10.0389, -1.9469 ], [ 9.9989, -1.9575 ], [ 9.9603, -1.9785 ], [ 9.9152, -2.0186 ], [ 9.8583, -2.0433 ], [ 9.8492, -2.053 ], [ 9.8229, -2.1027 ], [ 9.8181, -2.1063 ], [ 9.7515, -2.1488 ], [ 9.7234, -2.1559 ], [ 9.6849, -2.1718 ], [ 9.6745, -2.1898 ], [ 9.6621, -2.1836 ], [ 9.6352, -2.1548 ], [ 9.6173, -2.1405 ], [ 9.6077, -2.1085 ], [ 9.5909, -2.0723 ], [ 9.5763, -2.0621 ], [ 9.5591, -2.0573 ], [ 9.5515, -2.0686 ], [ 9.5452, -2.0878 ], [ 9.535, -2.0994 ], [ 9.5232, -2.1048 ], [ 9.5065, -2.1044 ], [ 9.4591, -2.1172 ], [ 9.4797, -2.1325 ], [ 9.5129, -2.1697 ], [ 9.5462, -2.2004 ], [ 9.5676, -2.2318 ], [ 9.5787, -2.2516 ], [ 9.5861, -2.2751 ], [ 9.5825, -2.3271 ], [ 9.5843, -2.3382 ], [ 9.625, -2.4087 ], [ 9.6566, -2.4418 ], [ 9.6701, -2.4489 ], [ 9.6867, -2.4647 ], [ 9.6925, -2.4647 ], [ 9.7622, -2.5425 ], [ 9.7948, -2.5666 ], [ 9.8404, -2.6155 ], [ 9.86, -2.6287 ], [ 9.8664, -2.6412 ], [ 9.8726, -2.6403 ], [ 9.8741, -2.6552 ], [ 9.8718, -2.6621 ], [ 9.8962, -2.6788 ], [ 9.9019, -2.6791 ], [ 9.9015, -2.6832 ], [ 9.8926, -2.6827 ], [ 9.8738, -2.6727 ], [ 9.8717, -2.6752 ], [ 9.8765, -2.6822 ], [ 9.8953, -2.6903 ], [ 9.9243, -2.709 ], [ 9.997, -2.7777 ], [ 10.026, -2.7969 ], [ 10.1054, -2.7897 ], [ 10.16, -2.7547 ], [ 10.1888, -2.7139 ], [ 10.2076, -2.7116 ], [ 10.2277, -2.6816 ], [ 10.3198, -2.6266 ], [ 10.3333, -2.6288 ], [ 10.3427, -2.635 ], [ 10.3483, -2.6125 ], [ 10.3497, -2.5554 ], [ 10.3683, -2.5023 ], [ 10.4204, -2.4917 ], [ 10.4126, -2.4757 ], [ 10.4067, -2.4382 ], [ 10.4168, -2.4224 ], [ 10.4449, -2.3866 ], [ 10.5907, -2.3037 ], [ 10.5732, -2.2558 ], [ 10.5191, -2.1982 ], [ 10.5097, -2.1407 ], [ 10.5044, -2.0729 ], [ 10.4948, -2.0301 ], [ 10.4729, -1.9654 ], [ 10.4486, -1.9281 ], [ 10.4418, -1.9186 ], [ 10.3969, -1.9062 ], [ 10.3761, -1.8846 ], [ 10.3487, -1.9203 ], [ 10.3328, -1.9158 ] ] ] } },
{ "type": "Feature", "properties": { "iso3": "GAB", "unit_id": "52030013B39468102147658", "unit_name": "Haut-Komo" }, "geometry": { "type": "Polygon", "coordinates": [ [ [ 10.9716, 0.8137 ], [ 10.9663, 0.834 ], [ 10.9496, 0.8469 ], [ 10.9489, 0.8552 ], [ 10.9527, 0.8839 ], [ 10.9508, 0.9684 ], [ 10.9636, 0.9895 ], [ 10.9642, 0.9982 ], [ 10.4645, 0.9983 ], [ 10.4401, 0.8586 ], [ 10.4153, 0.8214 ], [ 10.3765, 0.7736 ], [ 10.3689, 0.7323 ], [ 10.3362, 0.7059 ], [ 10.3336, 0.6781 ], [ 10.326, 0.6568 ], [ 10.3091, 0.6508 ], [ 10.2854, 0.6492 ], [ 10.318, 0.5876 ], [ 10.3487, 0.6142 ], [ 10.3669, 0.601 ], [ 10.3791, 0.6095 ], [ 10.3934, 0.5888 ], [ 10.4052, 0.6075 ], [ 10.4108, 0.5973 ], [ 10.4388, 0.5876 ], [ 10.4793, 0.6162 ], [ 10.5142, 0.6455 ], [ 10.5561, 0.6695 ], [ 10.7741, 0.74 ], [ 10.8957, 0.7832 ], [ 10.9716, 0.8137 ] ] ] } },
{ "type": "Feature", "properties": { "iso3": "GAB", "unit_id": "52030013B2886807094163", "unit_name": "Haut-Ntem" }, "geometry": { "type": "Polygon", "coordinates": [ [ [ 13.1563, 1.2355 ], [ 13.1563, 1.2396 ], [ 13.168, 1.2506 ], [ 13.179, 1.2474 ], [ 13.1806, 1.2511 ], [ 13.1771, 1.2598 ], [ 13.1831, 1.2681 ], [ 13.1829, 1.28 ], [ 13.1888, 1.2924 ], [ 13.1929, 1.2938 ], [ 13.1977, 1.2869 ], [ 13.2139, 1.2913 ], [ 13.224, 1.285 ], [ 13.2297, 1.2901 ], [ 13.2313, 1.3037 ], [ 13.24, 1.305 ], [ 13.2574, 1.316 ], [ 13.264, 1.3365 ], [ 13.2617, 1.342 ], [ 13.2503, 1.3367 ], [ 13.2439, 1.3448 ], [ 13.2448, 1.3489 ], [ 13.2542, 1.3565 ], [ 13.2464, 1.3675 ], [ 13.2572, 1.3889 ], [ 13.2563, 1.3923 ], [ 13.2494, 1.3917 ], [ 13.2526, 1.4055 ], [ 13.2375, 1.4186 ], [ 13.2389, 1.4278 ], [ 13.2341, 1.4383 ], [ 13.2289, 1.4434 ], [ 13.2266, 1.4393 ], [ 13.2216, 1.4439 ], [ 13.2232, 1.4602 ], [ 13.2163, 1.4657 ], [ 13.2207, 1.474 ], [ 13.2179, 1.4793 ], [ 13.2081, 1.4811 ], [ 13.206, 1.4901 ], [ 13.1948, 1.4876 ], [ 13.1992, 1.4981 ], [ 13.1983, 1.5004 ], [ 13.1928, 1.4984 ], [ 13.1983, 1.5121 ], [ 13.1916, 1.5154 ], [ 13.1901, 1.5241 ], [ 13.1839, 1.5276 ], [ 13.1786, 1.5358 ], [ 13.1638, 1.5255 ], [ 13.1592, 1.5303 ], [ 13.1521, 1.5434 ], [ 13.1537, 1.5515 ], [ 13.1482, 1.551 ], [ 13.1446, 1.56 ], [ 13.1373, 1.5614 ], [ 13.1407, 1.5775 ], [ 13.1309, 1.5869 ], [ 13.1323, 1.591 ], [ 13.1455, 1.5894 ], [ 13.1421, 1.5982 ], [ 13.1455, 1.6069 ], [ 13.1432, 1.6106 ], [ 13.151, 1.6248 ], [ 13.1462, 1.6313 ], [ 13.1508, 1.6349 ], [ 13.1503, 1.6411 ], [ 13.1453, 1.6407 ], [ 13.1401, 1.6529 ], [ 13.143, 1.6726 ], [ 13.1394, 1.677 ], [ 13.1371, 1.7018 ], [ 13.1451, 1.7085 ], [ 13.1527, 1.7214 ], [ 13.1577, 1.7232 ], [ 13.1591, 1.7418 ], [ 13.1714, 1.7457 ], [ 13.1824, 1.757 ], [ 13.1824, 1.7692 ], [ 13.1792, 1.7735 ], [ 13.1817, 1.7912 ], [ 13.1863, 1.7933 ], [ 13.1884, 1.7885 ], [ 13.1957, 1.7914 ], [ 13.2014, 1.8068 ], [ 13.1904, 1.8232 ], [ 13.1959, 1.8298 ], [ 13.192, 1.8538 ], [ 13.1872, 1.8579 ], [ 13.1728, 1.8584 ], [ 13.1717, 1.8694 ], [ 13.1596, 1.8756 ], [ 13.1582, 1.8933 ], [ 13.1619, 1.9014 ], [ 13.1726, 1.9009 ], [ 13.1813, 1.9071 ], [ 13.1848, 1.9105 ], [ 13.1838, 1.9179 ], [ 13.1909, 1.9289 ], [ 13.2166, 1.9464 ], [ 13.2088, 1.9655 ], [ 13.2072, 1.9751 ], [ 13.2097, 1.9818 ], [ 13.2177, 1.9829 ], [ 13.2186, 1.9878 ], [ 13.2351, 1.9983 ], [ 13.236, 2.005 ], [ 13.2399, 2.0073 ], [ 13.2374, 2.011 ], [ 13.2463, 2.0204 ], [ 13.2509, 2.0195 ], [ 13.2541, 2.0248 ], [ 13.2738, 2.025 ], [ 13.2779, 2.0351 ], [ 13.2866, 2.0392 ], [ 13.2886, 2.0434 ], [ 13.2813, 2.0542 ], [ 13.2898, 2.0503 ], [ 13.29, 2.0572 ], [ 13.2955, 2.0647 ], [ 13.2935, 2.0841 ], [ 13.2994, 2.0981 ], [ 13.299, 2.1044 ], [ 13.2983, 2.1082 ], [ 13.2937, 2.1082 ], [ 13.291, 2.1183 ], [ 13.2944, 2.1289 ], [ 13.2873, 2.1333 ], [ 13.299, 2.1429 ], [ 13.2912, 2.1565 ], [ 13.2981, 2.1618 ], [ 13.3002, 2.1827 ], [ 13.289, 2.1887 ], [ 13.3066, 2.208 ], [ 13.3, 2.2202 ], [ 13.3002, 2.2285 ], [ 13.2913, 2.2342 ], [ 13.2869, 2.2501 ], [ 13.2821, 2.2508 ], [ 13.2746, 2.2441 ], [ 13.2746, 2.2499 ], [ 13.2659, 2.251 ], [ 13.2652, 2.2609 ], [ 13.252, 2.2733 ], [ 13.2478, 2.2733 ], [ 13.2419, 2.2674 ], [ 13.2355, 2.269 ], [ 13.2332, 2.2632 ], [ 13.2238, 2.2593 ], [ 13.2172, 2.2623 ], [ 13.2073, 2.2593 ], [ 13.2055, 2.2679 ], [ 13.195, 2.2649 ], [ 13.1883, 2.2721 ], [ 13.1878, 2.2749 ], [ 13.1974, 2.2734 ], [ 13.1941, 2.2814 ], [ 13.1874, 2.2817 ], [ 13.1808, 2.2775 ], [ 13.1627, 2.284 ], [ 13.1145, 2.2684 ], [ 13.1179, 2.2514 ], [ 13.1083, 2.255 ], [ 13.101, 2.2525 ], [ 13.0998, 2.2461 ], [ 13.0904, 2.2422 ], [ 13.0879, 2.2371 ], [ 13.0769, 2.2496 ], [ 13.0657, 2.247 ], [ 13.0607, 2.2392 ], [ 13.0422, 2.2365 ], [ 13.0378, 2.2381 ], [ 13.0365, 2.2477 ], [ 13.0314, 2.2438 ], [ 13.0262, 2.2443 ], [ 13.0214, 2.2496 ], [ 13.0019, 2.2494 ], [ 12.9996, 2.2471 ], [ 12.9948, 2.2491 ], [ 12.9722, 2.2416 ], [ 12.9459, 2.2439 ], [ 12.9354, 2.2533 ], [ 12.9203, 2.2529 ], [ 12.9159, 2.2503 ], [ 12.9212, 2.2434 ], [ 12.9004, 2.2354 ], [ 12.8917, 2.2358 ], [ 12.8821, 2.2453 ], [ 12.877, 2.2411 ], [ 12.8727, 2.2285 ], [ 12.8681, 2.2306 ], [ 12.8635, 2.2285 ], [ 12.8592, 2.229 ], [ 12.8555, 2.2361 ], [ 12.8288, 2.2398 ], [ 12.8267, 2.2529 ], [ 12.8205, 2.2577 ], [ 12.8155, 2.2485 ], [ 12.8086, 2.2462 ], [ 12.796, 2.2494 ], [ 12.7928, 2.2386 ], [ 12.7768, 2.2299 ], [ 12.743, 2.2232 ], [ 12.735, 2.229 ], [ 12.7192, 2.2311 ], [ 12.7114, 2.2283 ], [ 12.6897, 2.2423 ], [ 12.675, 2.2435 ], [ 12.6593, 2.2387 ], [ 12.6261, 2.2444 ], [ 12.6119, 2.2548 ], [ 12.5895, 2.2548 ], [ 12.5851, 2.2589 ], [ 12.5858, 2.2656 ], [ 12.5764, 2.269 ], [ 12.5442, 2.2559 ], [ 12.5282, 2.2541 ], [ 12.5042, 2.2608 ], [ 12.4923, 2.2607 ], [ 12.4752, 2.2542 ], [ 12.4534, 2.2525 ], [ 12.4246, 2.2557 ], [ 12.3269, 2.2767 ], [ 12.3008, 2.2771 ], [ 12.2911, 2.2764 ], [ 12.2857, 2.2628 ], [ 12.2798, 2.2573 ], [ 12.2596, 2.2577 ], [ 12.2541, 2.2524 ], [ 12.2418, 2.2499 ], [ 12.2255, 2.2584 ], [ 12.2134, 2.2772 ], [ 12.2075, 2.2795 ], [ 12.2022, 2.2763 ], [ 12.1681, 2.2814 ], [ 12.1544, 2.2724 ], [ 12.1487, 2.2733 ], [ 12.1397, 2.2827 ], [ 12.1253, 2.291 ], [ 12.1084, 2.2793 ], [ 12.097, 2.2788 ], [ 12.0789, 2.2808 ], [ 12.0741, 2.2854 ], [ 12.0535, 2.2875 ], [ 12.0478, 2.2817 ], [ 12.0391, 2.2822 ], [ 12.0141, 2.2912 ], [ 12.0105, 2.2831 ], [ 12.0013, 2.2863 ], [ 11.9874, 2.2858 ], [ 11.9812, 2.2914 ], [ 11.973, 2.2872 ], [ 11.9695, 2.29 ], [ 11.9643, 2.2851 ], [ 11.9462, 2.2881 ], [ 11.9339, 2.2819 ], [ 11.9229, 2.2886 ], [ 11.9181, 2.289 ], [ 11.9156, 2.2823 ], [ 11.9092, 2.2803 ], [ 11.8968, 2.2856 ], [ 11.9066, 2.1719 ], [ 11.9169, 2.1418 ], [ 11.9146, 2.127 ], [ 11.9024, 2.1034 ], [ 11.89, 2.0926 ], [ 11.8682, 2.0603 ], [ 11.8187, 1.9758 ], [ 11.8021, 1.9656 ], [ 11.7568, 1.8968 ], [ 11.7343, 1.87 ], [ 11.7239, 1.8488 ], [ 11.712, 1.8369 ], [ 11.7016, 1.8327 ], [ 11.7695, 1.7622 ], [ 11.781, 1.6899 ], [ 11.7844, 1.6455 ], [ 11.7906, 1.6234 ], [ 11.8093, 1.6164 ], [ 11.8393, 1.6149 ], [ 11.9117, 1.6316 ], [ 11.9489, 1.6353 ], [ 11.9758, 1.6217 ], [ 12.0167, 1.6158 ], [ 12.0443, 1.616 ], [ 12.1151, 1.6405 ], [ 12.1579, 1.6497 ], [ 12.1968, 1.6629 ], [ 12.2634, 1.6671 ], [ 12.3441, 1.6204 ], [ 12.3615, 1.6198 ], [ 12.3915, 1.6076 ], [ 12.4587, 1.6026 ], [ 12.4848, 1.5873 ], [ 12.5043, 1.5564 ], [ 12.4917, 1.53 ], [ 12.4745, 1.5148 ], [ 12.4727, 1.5018 ], [ 12.463, 1.4939 ], [ 12.4608, 1.4739 ], [ 12.4451, 1.4605 ], [ 12.4218, 1.4085 ], [ 12.4254, 1.4015 ], [ 12.4208, 1.3797 ], [ 12.4133, 1.3765 ], [ 12.4038, 1.3422 ], [ 12.4053, 1.317 ], [ 12.4005, 1.2989 ], [ 12.3838, 1.2835 ], [ 12.3837, 1.271 ], [ 12.3724, 1.2521 ], [ 12.3733, 1.2473 ], [ 12.4199, 1.2523 ], [ 12.4601, 1.2477 ], [ 12.5193, 1.2495 ], [ 13.1563, 1.2355 ] ] ] } },
{ "type": "Feature", "properties": { "iso3": "GAB", "unit_id": "52030013B1347581524630", "unit_name": "Ntem" }, "geometry": { "type": "Polygon", "coordinates": [ [ [ 11.8968, 2.2856 ], [ 11.8858, 2.2796 ], [ 11.8771, 2.2839 ], [ 11.8664, 2.2832 ], [ 11.863, 2.2733 ], [ 11.8536, 2.2736 ], [ 11.8531, 2.2809 ], [ 11.8389, 2.2772 ], [ 11.8341, 2.282 ], [ 11.8238, 2.2853 ], [ 11.8215, 2.2774 ], [ 11.7989, 2.2793 ], [ 11.7939, 2.2822 ], [ 11.7838, 2.2779 ], [ 11.7815, 2.2728 ], [ 11.7602, 2.2762 ], [ 11.7504, 2.2732 ], [ 11.7502, 2.281 ], [ 11.744, 2.2898 ], [ 11.7449, 2.2978 ], [ 11.7307, 2.2953 ], [ 11.722, 2.304 ], [ 11.7112, 2.3068 ], [ 11.6996, 2.3222 ], [ 11.6952, 2.3226 ], [ 11.6739, 2.3178 ], [ 11.6682, 2.3178 ], [ 11.6643, 2.3219 ], [ 11.652, 2.3154 ], [ 11.644, 2.3067 ], [ 11.6268, 2.3078 ], [ 11.6122, 2.2998 ], [ 11.5879, 2.3112 ], [ 11.5776, 2.3121 ], [ 11.5573, 2.3098 ], [ 11.5525, 2.3029 ], [ 11.5445, 2.2985 ], [ 11.5394, 2.3008 ], [ 11.5319, 2.2985 ], [ 11.5214, 2.3038 ], [ 11.5051, 2.3038 ], [ 11.4866, 2.2952 ], [ 11.474, 2.3039 ], [ 11.4575, 2.3046 ], [ 11.4511, 2.3032 ], [ 11.4569, 2.2963 ], [ 11.4466, 2.2929 ], [ 11.434, 2.3018 ], [ 11.4248, 2.2965 ], [ 11.4136, 2.2967 ], [ 11.391, 2.3034 ], [ 11.3834, 2.299 ], [ 11.3761, 2.2992 ], [ 11.3647, 2.2884 ], [ 11.3732, 2.2833 ], [ 11.3773, 2.2762 ], [ 11.3725, 2.2679 ], [ 11.3776, 2.2604 ], [ 11.3703, 2.25 ], [ 11.36, 2.2428 ], [ 11.3575, 2.2339 ], [ 11.3502, 2.2267 ], [ 11.3568, 2.2215 ], [ 11.3529, 2.204 ], [ 11.3568, 2.1989 ], [ 11.3505, 2.1844 ], [ 11.3574, 2.1741 ], [ 11.3346, 2.1739 ], [ 11.3324, 2.1572 ], [ 11.3355, 2.1195 ], [ 11.3337, 1.8313 ], [ 11.4099, 1.829 ], [ 11.4453, 1.8302 ], [ 11.4693, 1.8351 ], [ 11.4924, 1.8315 ], [ 11.5719, 1.8417 ], [ 11.6047, 1.8431 ], [ 11.6227, 1.8392 ], [ 11.6704, 1.8405 ], [ 11.7016, 1.8327 ], [ 11.712, 1.8369 ], [ 11.7239, 1.8488 ], [ 11.7343, 1.87 ], [ 11.7568, 1.8968 ], [ 11.8021, 1.9656 ], [ 11.8187, 1.9758 ], [ 11.8682, 2.0603 ], [ 11.89, 2.0926 ], [ 11.9024, 2.1034 ], [ 11.9146, 2.127 ], [ 11.9169, 2.1418 ], [ 11.9066, 2.1719 ], [ 11.8968, 2.2856 ] ] ] } },
{ "type": "Feature", "properties": { "iso3": "GAB", "unit_id": "52030013B73011797712756", "unit_name": "Okano" }, "geometry": { "type": "Polygon", "coordinates": [ [ [ 10.8313, 0.2236 ], [ 11.0774, 0.2298 ], [ 11.1849, 0.238 ], [ 11.2233, 0.2566 ], [ 11.3038, 0.2357 ], [ 11.575, 0.2404 ], [ 11.5848, 0.2535 ], [ 11.5557, 0.281 ], [ 11.4672, 0.3316 ], [ 11.4513, 0.3435 ], [ 11.4723, 0.3652 ], [ 11.5764, 0.4436 ], [ 11.8954, 0.6531 ], [ 11.9594, 0.6997 ], [ 12.2082, 0.8594 ], [ 12.2198, 0.8631 ], [ 12.2177, 0.8779 ], [ 12.2235, 0.8828 ], [ 12.2213, 0.8884 ], [ 12.2273, 0.9093 ], [ 12.2266, 0.9178 ], [ 12.2375, 0.922 ], [ 12.2375, 0.9287 ], [ 12.2446, 0.93 ], [ 12.2479, 0.938 ], [ 12.2349, 0.9582 ], [ 12.2359, 0.9616 ], [ 12.2437, 0.9628 ], [ 12.2342, 0.9689 ], [ 12.2301, 0.9787 ], [ 12.2373, 0.9803 ], [ 12.2359, 0.9874 ], [ 12.2444, 1.0079 ], [ 12.2429, 1.0166 ], [ 12.279, 1.0593 ], [ 12.2802, 1.0699 ], [ 12.2848, 1.0773 ], [ 12.2816, 1.0791 ], [ 12.2823, 1.0821 ], [ 12.2899, 1.086 ], [ 12.287, 1.0973 ], [ 12.2928, 1.1002 ], [ 12.2991, 1.1297 ], [ 12.3236, 1.1474 ], [ 12.3233, 1.1572 ], [ 12.3316, 1.1738 ], [ 12.3506, 1.1982 ], [ 12.3555, 1.219 ], [ 12.3733, 1.2473 ], [ 12.3313, 1.2228 ], [ 12.2422, 1.1981 ], [ 12.1454, 1.1623 ], [ 12.1326, 1.1545 ], [ 12.0226, 1.1209 ], [ 11.9237, 1.0806 ], [ 11.857, 1.0609 ], [ 11.8024, 1.038 ], [ 11.6574, 0.988 ], [ 11.5662, 0.9495 ], [ 11.5476, 0.9464 ], [ 11.5231, 0.9361 ], [ 11.4297, 0.9086 ], [ 11.3894, 0.8922 ], [ 11.3723, 0.8889 ], [ 11.3578, 0.9334 ], [ 11.3466, 0.9493 ], [ 11.3103, 0.9739 ], [ 11.3066, 0.9972 ], [ 10.9642, 0.9982 ], [ 10.9636, 0.9895 ], [ 10.9508, 0.9684 ], [ 10.9527, 0.8839 ], [ 10.9489, 0.8552 ], [ 10.9496, 0.8469 ], [ 10.9663, 0.834 ], [ 10.9801, 0.7839 ], [ 10.9781, 0.7728 ], [ 10.9851, 0.7688 ], [ 10.9821, 0.7497 ], [ 10.9851, 0.7446 ], [ 10.9831, 0.7275 ], [ 10.9881, 0.7135 ], [ 10.9831, 0.6933 ], [ 10.9871, 0.6843 ], [ 10.9651, 0.6068 ], [ 10.9591, 0.6088 ], [ 10.9462, 0.5927 ], [ 10.9442, 0.5797 ], [ 10.9362, 0.5716 ], [ 10.9332, 0.5797 ], [ 10.9242, 0.5807 ], [ 10.9162, 0.5686 ], [ 10.9172, 0.5545 ], [ 10.9062, 0.5364 ], [ 10.9062, 0.5243 ], [ 10.9152, 0.5294 ], [ 10.9172, 0.5233 ], [ 10.9082, 0.4962 ], [ 10.9002, 0.4922 ], [ 10.9022, 0.4841 ], [ 10.8892, 0.4499 ], [ 10.8782, 0.3875 ], [ 10.8693, 0.3654 ], [ 10.8453, 0.3362 ], [ 10.8383, 0.3141 ], [ 10.8463, 0.301 ], [ 10.8603, 0.292 ], [ 10.8553, 0.2608 ], [ 10.8463, 0.2578 ], [ 10.8313, 0.2236 ] ] ] } },
{ "type": "Feature", "properties": { "iso3": "GAB", "unit_id": "52030013B85482183502915", "unit_name": "Woleu" }, "geometry": { "type": "Polygon", "coordinates": [ [ [ 11.7016, 1.8327 ], [ 11.6704, 1.8405 ], [ 11.6227, 1.8392 ], [ 11.6047, 1.8431 ], [ 11.5719, 1.8417 ], [ 11.4924, 1.8315 ], [ 11.4693, 1.8351 ], [ 11.4453, 1.8302 ], [ 11.4099, 1.829 ], [ 11.3337, 1.8313 ], [ 11.3348, 0.9993 ], [ 11.3066, 0.9972 ], [ 11.3103, 0.9739 ], [ 11.3466, 0.9493 ], [ 11.3578, 0.9334 ], [ 11.3723, 0.8889 ], [ 11.3894, 0.8922 ], [ 11.4297, 0.9086 ], [ 11.5231, 0.9361 ], [ 11.5476, 0.9464 ], [ 11.5662, 0.9495 ], [ 11.6574, 0.988 ], [ 11.8024, 1.038 ], [ 11.857, 1.0609 ], [ 11.9237, 1.0806 ], [ 12.0226, 1.1209 ], [ 12.1326, 1.1545 ], [ 12.1454, 1.1623 ], [ 12.2422, 1.1981 ], [ 12.3313, 1.2228 ], [ 12.3733, 1.2473 ], [ 12.3724, 1.2521 ], [ 12.3837, 1.271 ], [ 12.3838, 1.2835 ], [ 12.4005, 1.2989 ], [ 12.4053, 1.317 ], [ 12.4038, 1.3422 ], [ 12.4133, 1.3765 ], [ 12.4208, 1.3797 ], [ 12.4254, 1.4015 ], [ 12.4218, 1.4085 ], [ 12.4451, 1.4605 ], [ 12.4608, 1.4739 ], [ 12.463, 1.4939 ], [ 12.4727, 1.5018 ], [ 12.4745, 1.5148 ], [ 12.4917, 1.53 ], [ 12.5043, 1.5564 ], [ 12.4848, 1.5873 ], [ 12.4587, 1.6026 ], [ 12.3915, 1.6076 ], [ 12.3615, 1.6198 ], [ 12.3441, 1.6204 ], [ 12.2634, 1.6671 ], [ 12.1968, 1.6629 ], [ 12.1579, 1.6497 ], [ 12.1151, 1.6405 ], [ 12.0443, 1.616 ], [ 12.0167, 1.6158 ], [ 11.9758, 1.6217 ], [ 11.9489, 1.6353 ], [ 11.9117, 1.6316 ], [ 11.8393, 1.6149 ], [ 11.8093, 1.6164 ], [ 11.7906, 1.6234 ], [ 11.7844, 1.6455 ], [ 11.781, 1.6899 ], [ 11.7695, 1.7622 ], [ 11.7016, 1.8327 ] ] ] } }
]
}
