{
"type": "FeatureCollection",
"name": "GHA",
"crs": { "type": "name", "properties": { "name": "urn:ogc:def:crs:OGC:1.3:CRS84" } },
"xy_coordinate_resolution": 0.0001,
"features": [
{ "type": "Feature", "properties": { "iso3": "GHA", "unit_id": "30259293B4731737007338", "unit_name": "Asunafo North Municipal" }, "geometry": { "type": "Polygon", "coordinates": [ [ [ -2.5136, 6.9323 ], [ -2.5324, 6.9607 ], [ -2.5555, 6.9753 ], [ -2.6231, 7.0005 ], [ -2.6245, 7.0139 ], [ -2.6318, 7.0275 ], [ -2.651, 7.0135 ], [ -2.6697, 7.0197 ], [ -2.692, 7.0075 ], [ -2.6991, 7.0085 ], [ -2.7058, 7.0139 ], [ -2.7116, 7.0103 ], [ -2.7254, 7.0105 ], [ -2.7343, 7.0167 ], [ -2.7462, 7.0171 ], [ -2.7598, 7.0257 ], [ -2.7901, 7.0121 ], [ -2.8125, 6.9735 ], [ -2.8207, 6.9651 ], [ -2.8312, 6.9623 ], [ -2.8319, 6.9593 ], [ -2.8396, 6.9589 ], [ -2.8479, 6.9519 ], [ -2.8513, 6.9415 ], [ -2.8509, 6.9219 ], [ -2.8556, 6.9133 ], [ -2.8499, 6.8849 ], [ -2.8524, 6.8749 ], [ -2.8588, 6.8671 ], [ -2.8598, 6.8549 ], [ -2.866, 6.8515 ], [ -2.8552, 6.8345 ], [ -2.8574, 6.8199 ], [ -2.849, 6.8157 ], [ -2.8444, 6.8051 ], [ -2.848, 6.7999 ], [ -2.8386, 6.7897 ], [ -2.8492, 6.7721 ], [ -2.8419, 6.7603 ], [ -2.8408, 6.7521 ], [ -2.846, 6.7423 ], [ -2.8563, 6.7345 ], [ -2.8658, 6.7165 ], [ -2.8595, 6.7111 ], [ -2.862, 6.7057 ], [ -2.8585, 6.6983 ], [ -2.8618, 6.6943 ], [ -2.8495, 6.6767 ], [ -2.8487, 6.6709 ], [ -2.8572, 6.6609 ], [ -2.8743, 6.6561 ], [ -2.8672, 6.6489 ], [ -2.8704, 6.6425 ], [ -2.869, 6.6387 ], [ -2.8514, 6.6425 ], [ -2.8303, 6.6303 ], [ -2.8133, 6.6373 ], [ -2.8109, 6.6431 ], [ -2.799, 6.6393 ], [ -2.7885, 6.6417 ], [ -2.7857, 6.6489 ], [ -2.7655, 6.6417 ], [ -2.738, 6.6485 ], [ -2.7367, 6.6451 ], [ -2.7338, 6.6461 ], [ -2.7019, 6.6665 ], [ -2.7025, 6.6779 ], [ -2.6827, 6.6943 ], [ -2.6709, 6.6989 ], [ -2.6659, 6.7111 ], [ -2.6571, 6.7133 ], [ -2.6529, 6.7201 ], [ -2.6319, 6.7093 ], [ -2.6238, 6.6905 ], [ -2.5721, 6.6711 ], [ -2.5744, 6.6661 ], [ -2.5833, 6.6605 ], [ -2.6013, 6.6649 ], [ -2.6149, 6.6567 ], [ -2.5439, 6.6065 ], [ -2.5339, 6.6033 ], [ -2.5333, 6.6097 ], [ -2.5246, 6.6211 ], [ -2.5172, 6.6183 ], [ -2.5136, 6.6211 ], [ -2.5005, 6.6501 ], [ -2.5056, 6.6561 ], [ -2.5033, 6.6665 ], [ -2.51, 6.6787 ], [ -2.5075, 6.7033 ], [ -2.5133, 6.7067 ], [ -2.5096, 6.7257 ], [ -2.5158, 6.7359 ], [ -2.5135, 6.7457 ], [ -2.5045, 6.7527 ], [ -2.5051, 6.7645 ], [ -2.4916, 6.7685 ], [ -2.5002, 6.7801 ], [ -2.5008, 6.7923 ], [ -2.5106, 6.7959 ], [ -2.5092, 6.8075 ], [ -2.5302, 6.8341 ], [ -2.52, 6.8447 ], [ -2.5229, 6.8541 ], [ -2.5203, 6.8621 ], [ -2.5364, 6.8893 ], [ -2.5333, 6.9005 ], [ -2.5269, 6.9061 ], [ -2.5136, 6.9323 ] ] ] } },
{ "type": "Feature", "properties": { "iso3": "GHA", "unit_id": "30259293B34841978224173", "unit_name": "Asunafo South" }, "geometry": { "type": "Polygon", "coordinates": [ [ [ -2.8303, 6.6303 ], [ -2.8303, 6.6269 ], [ -2.8156, 6.6169 ], [ -2.8052, 6.6169 ], [ -2.7976, 6.6049 ], [ -2.7902, 6.6017 ], [ -2.7779, 6.5759 ], [ -2.7639, 6.5841 ], [ -2.7475, 6.5809 ], [ -2.7273, 6.5889 ], [ -2.7019, 6.5853 ], [ -2.6941, 6.5775 ], [ -2.6811, 6.5721 ], [ -2.6729, 6.5095 ], [ -2.6687, 6.5115 ], [ -2.6634, 6.5251 ], [ -2.6563, 6.5295 ], [ -2.6494, 6.5257 ], [ -2.6458, 6.5301 ], [ -2.6352, 6.5289 ], [ -2.6061, 6.5197 ], [ -2.5924, 6.5047 ], [ -2.5838, 6.4895 ], [ -2.5629, 6.4811 ], [ -2.543, 6.4637 ], [ -2.533, 6.4599 ], [ -2.5274, 6.4621 ], [ -2.527, 6.4547 ], [ -2.5405, 6.4475 ], [ -2.5524, 6.4323 ], [ -2.559, 6.4285 ], [ -2.5572, 6.4213 ], [ -2.5474, 6.4091 ], [ -2.5469, 6.4005 ], [ -2.5077, 6.4149 ], [ -2.4869, 6.4087 ], [ -2.4782, 6.4033 ], [ -2.469, 6.3917 ], [ -2.4679, 6.3803 ], [ -2.4515, 6.3737 ], [ -2.435, 6.3557 ], [ -2.4304, 6.3543 ], [ -2.4235, 6.3949 ], [ -2.4256, 6.4011 ], [ -2.4248, 6.4045 ], [ -2.4214, 6.4045 ], [ -2.4296, 6.4171 ], [ -2.4389, 6.4207 ], [ -2.4406, 6.4281 ], [ -2.4475, 6.4315 ], [ -2.4392, 6.4391 ], [ -2.4442, 6.4439 ], [ -2.4432, 6.4537 ], [ -2.4304, 6.4713 ], [ -2.4203, 6.4783 ], [ -2.4256, 6.4841 ], [ -2.4224, 6.4911 ], [ -2.4157, 6.4901 ], [ -2.4159, 6.4953 ], [ -2.4112, 6.4971 ], [ -2.4076, 6.5043 ], [ -2.4018, 6.5069 ], [ -2.3983, 6.5041 ], [ -2.3962, 6.5213 ], [ -2.3853, 6.5245 ], [ -2.3827, 6.5271 ], [ -2.3834, 6.5335 ], [ -2.3764, 6.5387 ], [ -2.377, 6.5473 ], [ -2.3849, 6.5571 ], [ -2.3855, 6.5677 ], [ -2.3807, 6.5717 ], [ -2.3798, 6.5849 ], [ -2.3713, 6.5929 ], [ -2.3789, 6.5985 ], [ -2.3831, 6.5979 ], [ -2.3841, 6.6103 ], [ -2.3904, 6.6099 ], [ -2.3942, 6.6179 ], [ -2.3928, 6.6231 ], [ -2.4008, 6.6297 ], [ -2.4016, 6.6363 ], [ -2.3958, 6.6427 ], [ -2.3965, 6.6477 ], [ -2.412, 6.6515 ], [ -2.4172, 6.6575 ], [ -2.4125, 6.6719 ], [ -2.4074, 6.6747 ], [ -2.416, 6.6813 ], [ -2.4108, 6.6865 ], [ -2.4144, 6.6921 ], [ -2.4089, 6.7085 ], [ -2.4184, 6.7129 ], [ -2.4259, 6.7237 ], [ -2.4229, 6.7317 ], [ -2.4351, 6.7409 ], [ -2.4396, 6.7571 ], [ -2.4473, 6.7621 ], [ -2.4596, 6.7609 ], [ -2.48, 6.7675 ], [ -2.4916, 6.7685 ], [ -2.5051, 6.7645 ], [ -2.5045, 6.7527 ], [ -2.5135, 6.7457 ], [ -2.5158, 6.7359 ], [ -2.5096, 6.7257 ], [ -2.5133, 6.7067 ], [ -2.5075, 6.7033 ], [ -2.51, 6.6787 ], [ -2.5033, 6.6665 ], [ -2.5056, 6.6561 ], [ -2.5005, 6.6501 ], [ -2.5136, 6.6211 ], [ -2.5172, 6.6183 ], [ -2.5246, 6.6211 ], [ -2.5333, 6.6097 ], [ -2.5339, 6.6033 ], [ -2.5439, 6.6065 ], [ -2.6149, 6.6567 ], [ -2.6013, 6.6649 ], [ -2.5833, 6.6605 ], [ -2.5744, 6.6661 ], [ -2.5721, 6.6711 ], [ -2.6238, 6.6905 ], [ -2.6319, 6.7093 ], [ -2.6529, 6.7201 ], [ -2.6571, 6.7133 ], [ -2.6659, 6.7111 ], [ -2.6709, 6.6989 ], [ -2.6827, 6.6943 ], [ -2.7025, 6.6779 ], [ -2.7019, 6.6665 ], [ -2.7338, 6.6461 ], [ -2.7367, 6.6451 ], [ -2.738, 6.6485 ], [ -2.7655, 6.6417 ], [ -2.7857, 6.6489 ], [ -2.7885, 6.6417 ], [ -2.799, 6.6393 ], [ -2.8109, 6.6431 ], [ -2.8133, 6.6373 ], [ -2.8303, 6.6303 ] ] ] } },
{ "type": "Feature", "properties": { "iso3": "GHA", "unit_id": "30259293B8845349989605", "unit_name": "Asutifi North" }, "geometry": { "type": "Polygon", "coordinates": [ [ [ -2.5198, 6.9417 ], [ -2.5155, 6.9487 ], [ -2.5115, 6.9493 ], [ -2.5048, 6.9435 ], [ -2.495, 6.9419 ], [ -2.4765, 6.9445 ], [ -2.4658, 6.9357 ], [ -2.4453, 6.9319 ], [ -2.4342, 6.9233 ], [ -2.4283, 6.9225 ], [ -2.3942, 6.9345 ], [ -2.3775, 6.9445 ], [ -2.3671, 6.9577 ], [ -2.3596, 6.9615 ], [ -2.338, 6.9701 ], [ -2.3283, 6.9699 ], [ -2.3269, 7.0095 ], [ -2.3186, 7.0181 ], [ -2.3219, 7.0233 ], [ -2.3174, 7.0295 ], [ -2.3182, 7.0369 ], [ -2.3138, 7.0411 ], [ -2.3162, 7.0483 ], [ -2.3021, 7.0507 ], [ -2.2984, 7.0627 ], [ -2.3001, 7.0741 ], [ -2.2887, 7.0889 ], [ -2.3043, 7.1029 ], [ -2.3117, 7.1005 ], [ -2.3153, 7.1041 ], [ -2.3303, 7.1069 ], [ -2.3305, 7.1141 ], [ -2.324, 7.1217 ], [ -2.3268, 7.1243 ], [ -2.3366, 7.1227 ], [ -2.3521, 7.1275 ], [ -2.3651, 7.1151 ], [ -2.3639, 7.1077 ], [ -2.3725, 7.1021 ], [ -2.4385, 7.0889 ], [ -2.4015, 7.1123 ], [ -2.4489, 7.1403 ], [ -2.4605, 7.1343 ], [ -2.4695, 7.1363 ], [ -2.4837, 7.1317 ], [ -2.4937, 7.1343 ], [ -2.4923, 7.2177 ], [ -2.4951, 7.2265 ], [ -2.5115, 7.2273 ], [ -2.5164, 7.2307 ], [ -2.5528, 7.2305 ], [ -2.5805, 7.2089 ], [ -2.5805, 7.1815 ], [ -2.6068, 7.1805 ], [ -2.6286, 7.1565 ], [ -2.6508, 7.1427 ], [ -2.674, 7.1381 ], [ -2.6841, 7.1393 ], [ -2.6905, 7.1323 ], [ -2.6917, 7.1145 ], [ -2.6975, 7.1087 ], [ -2.7105, 7.1011 ], [ -2.719, 7.1029 ], [ -2.7539, 7.0775 ], [ -2.761, 7.0581 ], [ -2.7625, 7.0343 ], [ -2.77, 7.0231 ], [ -2.7598, 7.0257 ], [ -2.7462, 7.0171 ], [ -2.7343, 7.0167 ], [ -2.7254, 7.0105 ], [ -2.7116, 7.0103 ], [ -2.7058, 7.0139 ], [ -2.6991, 7.0085 ], [ -2.692, 7.0075 ], [ -2.6697, 7.0197 ], [ -2.651, 7.0135 ], [ -2.6318, 7.0275 ], [ -2.6245, 7.0139 ], [ -2.6231, 7.0005 ], [ -2.5555, 6.9753 ], [ -2.5324, 6.9607 ], [ -2.5198, 6.9417 ] ] ] } },
{ "type": "Feature", "properties": { "iso3": "GHA", "unit_id": "30259293B91370769878951", "unit_name": "Asutifi South" }, "geometry": { "type": "Polygon", "coordinates": [ [ [ -2.4916, 6.7685 ], [ -2.4596, 6.7609 ], [ -2.4473, 6.7621 ], [ -2.4396, 6.7571 ], [ -2.4351, 6.7409 ], [ -2.4229, 6.7317 ], [ -2.4259, 6.7237 ], [ -2.4184, 6.7129 ], [ -2.4089, 6.7085 ], [ -2.4144, 6.6921 ], [ -2.4108, 6.6865 ], [ -2.416, 6.6813 ], [ -2.4074, 6.6747 ], [ -2.4125, 6.6719 ], [ -2.4151, 6.6597 ], [ -2.3886, 6.6669 ], [ -2.3812, 6.6725 ], [ -2.3732, 6.6717 ], [ -2.3658, 6.6795 ], [ -2.3632, 6.6879 ], [ -2.3473, 6.6985 ], [ -2.3032, 6.6895 ], [ -2.3011, 6.6963 ], [ -2.2867, 6.7067 ], [ -2.2873, 6.7161 ], [ -2.2777, 6.7313 ], [ -2.267, 6.7771 ], [ -2.2589, 6.7925 ], [ -2.2668, 6.7987 ], [ -2.2862, 6.7997 ], [ -2.2926, 6.7965 ], [ -2.2989, 6.7995 ], [ -2.3053, 6.8117 ], [ -2.3197, 6.8013 ], [ -2.3327, 6.8033 ], [ -2.3446, 6.8159 ], [ -2.338, 6.8207 ], [ -2.3349, 6.8303 ], [ -2.3469, 6.8437 ], [ -2.353, 6.8405 ], [ -2.357, 6.8441 ], [ -2.3644, 6.8433 ], [ -2.3696, 6.8385 ], [ -2.3784, 6.8367 ], [ -2.4004, 6.8197 ], [ -2.4152, 6.8253 ], [ -2.4149, 6.8327 ], [ -2.4066, 6.8413 ], [ -2.399, 6.8415 ], [ -2.3955, 6.8577 ], [ -2.3881, 6.8559 ], [ -2.3875, 6.8677 ], [ -2.3825, 6.8767 ], [ -2.3762, 6.8785 ], [ -2.3748, 6.8869 ], [ -2.3553, 6.8963 ], [ -2.3484, 6.9025 ], [ -2.3481, 6.9075 ], [ -2.3368, 6.9125 ], [ -2.3311, 6.9289 ], [ -2.3098, 6.9415 ], [ -2.297, 6.9415 ], [ -2.2903, 6.9453 ], [ -2.2514, 6.9783 ], [ -2.2456, 6.9923 ], [ -2.2271, 7.0075 ], [ -2.228, 7.0289 ], [ -2.2333, 7.0357 ], [ -2.2564, 7.0389 ], [ -2.2587, 7.0297 ], [ -2.2799, 6.9947 ], [ -2.3219, 7.0233 ], [ -2.3186, 7.0181 ], [ -2.3269, 7.0095 ], [ -2.3283, 6.9699 ], [ -2.338, 6.9701 ], [ -2.3596, 6.9615 ], [ -2.3671, 6.9577 ], [ -2.3775, 6.9445 ], [ -2.4199, 6.9239 ], [ -2.4342, 6.9233 ], [ -2.4453, 6.9319 ], [ -2.4658, 6.9357 ], [ -2.4765, 6.9445 ], [ -2.495, 6.9419 ], [ -2.5155, 6.9487 ], [ -2.5198, 6.9417 ], [ -2.5136, 6.9323 ], [ -2.5269, 6.9061 ], [ -2.5333, 6.9005 ], [ -2.5364, 6.8893 ], [ -2.5203, 6.8621 ], [ -2.5229, 6.8541 ], [ -2.52, 6.8447 ], [ -2.5302, 6.8341 ], [ -2.5092, 6.8075 ], [ -2.5106, 6.7959 ], [ -2.5008, 6.7923 ], [ -2.5002, 6.7801 ], [ -2.4916, 6.7685 ] ] ] } },
{ "type": "Feature", "properties": { "iso3": "GHA", "unit_id": "30259293B88790584665777", "unit_name": "Tano North Municipal" }, "geometry": { "type": "Polygon", "coordinates": [ [ [ -2.3219, 7.0233 ], [ -2.2799, 6.9947 ], [ -2.2587, 7.0297 ], [ -2.2564, 7.0389 ], [ -2.2333, 7.0357 ], [ -2.228, 7.0289 ], [ -2.2271, 7.0075 ], [ -2.2192, 7.0099 ], [ -2.2086, 7.0237 ], [ -2.1844, 7.0357 ], [ -2.1803, 7.0335 ], [ -2.1855, 7.0251 ], [ -2.1845, 7.0183 ], [ -2.1815, 7.0169 ], [ -2.1746, 7.0207 ], [ -2.1649, 7.0329 ], [ -2.1487, 7.0395 ], [ -2.14, 7.0409 ], [ -2.1352, 7.0301 ], [ -2.1263, 7.0393 ], [ -2.1251, 7.0499 ], [ -2.1197, 7.0497 ], [ -2.1146, 7.0573 ], [ -2.0967, 7.0627 ], [ -2.089, 7.0711 ], [ -2.0868, 7.0787 ], [ -2.0746, 7.0851 ], [ -2.0609, 7.1119 ], [ -2.0521, 7.1213 ], [ -2.0498, 7.1287 ], [ -2.0552, 7.1441 ], [ -2.0548, 7.1589 ], [ -2.0662, 7.1639 ], [ -2.0695, 7.1977 ], [ -2.0786, 7.2115 ], [ -2.074, 7.2161 ], [ -2.0695, 7.2353 ], [ -2.0736, 7.2493 ], [ -2.0719, 7.2607 ], [ -2.0766, 7.2661 ], [ -2.0663, 7.2801 ], [ -2.07, 7.2905 ], [ -2.0662, 7.3193 ], [ -2.0757, 7.3229 ], [ -2.1338, 7.3935 ], [ -2.1365, 7.3945 ], [ -2.1397, 7.3863 ], [ -2.136, 7.3749 ], [ -2.1382, 7.3699 ], [ -2.1471, 7.3655 ], [ -2.1527, 7.3417 ], [ -2.1609, 7.3295 ], [ -2.1723, 7.3231 ], [ -2.1886, 7.3219 ], [ -2.195, 7.3177 ], [ -2.2152, 7.3133 ], [ -2.2187, 7.3103 ], [ -2.2191, 7.3019 ], [ -2.2404, 7.2917 ], [ -2.2462, 7.2799 ], [ -2.2653, 7.2765 ], [ -2.268, 7.2727 ], [ -2.2652, 7.2621 ], [ -2.2696, 7.2545 ], [ -2.2658, 7.2465 ], [ -2.2716, 7.2453 ], [ -2.2711, 7.2387 ], [ -2.2745, 7.2381 ], [ -2.2802, 7.2461 ], [ -2.28, 7.2335 ], [ -2.2892, 7.2251 ], [ -2.2961, 7.2325 ], [ -2.3184, 7.2333 ], [ -2.325, 7.2365 ], [ -2.3349, 7.2281 ], [ -2.3413, 7.2159 ], [ -2.3501, 7.1871 ], [ -2.3134, 7.1617 ], [ -2.3042, 7.1481 ], [ -2.2983, 7.1477 ], [ -2.2894, 7.1417 ], [ -2.3021, 7.1195 ], [ -2.2952, 7.1085 ], [ -2.2995, 7.0993 ], [ -2.2887, 7.0889 ], [ -2.3001, 7.0741 ], [ -2.2984, 7.0627 ], [ -2.3021, 7.0507 ], [ -2.3162, 7.0483 ], [ -2.3138, 7.0411 ], [ -2.3182, 7.0369 ], [ -2.3174, 7.0295 ], [ -2.3219, 7.0233 ] ] ] } },
{ "type": "Feature", "properties": { "iso3": "GHA", "unit_id": "30259293B8815746215132", "unit_name": "Tano South Municipal" }, "geometry": { "type": "Polygon", "coordinates": [ [ [ -2.1352, 7.0301 ], [ -2.1373, 7.0223 ], [ -2.1333, 7.0213 ], [ -2.1228, 7.0049 ], [ -2.1197, 7.0029 ], [ -2.1001, 7.0069 ], [ -2.0913, 7.0207 ], [ -2.0624, 7.0385 ], [ -2.039, 7.0403 ], [ -2.0232, 7.0527 ], [ -2.0089, 7.0713 ], [ -1.9977, 7.0779 ], [ -1.9679, 7.0889 ], [ -1.9539, 7.0853 ], [ -1.9325, 7.1301 ], [ -1.9329, 7.1767 ], [ -1.8689, 7.2033 ], [ -1.8499, 7.2325 ], [ -1.8385, 7.2397 ], [ -1.8294, 7.2503 ], [ -1.8283, 7.2581 ], [ -1.835, 7.2593 ], [ -1.8449, 7.2743 ], [ -1.8592, 7.2781 ], [ -1.9121, 7.2535 ], [ -1.9262, 7.2639 ], [ -1.9453, 7.2645 ], [ -1.9499, 7.2615 ], [ -1.9545, 7.2655 ], [ -1.9647, 7.2943 ], [ -1.9872, 7.2983 ], [ -1.9991, 7.3155 ], [ -2.0092, 7.3179 ], [ -2.0476, 7.3059 ], [ -2.0544, 7.3081 ], [ -2.0606, 7.3173 ], [ -2.0662, 7.3193 ], [ -2.07, 7.2905 ], [ -2.0663, 7.2801 ], [ -2.0766, 7.2661 ], [ -2.0719, 7.2607 ], [ -2.0736, 7.2493 ], [ -2.0695, 7.2353 ], [ -2.074, 7.2161 ], [ -2.0786, 7.2115 ], [ -2.0695, 7.1977 ], [ -2.0662, 7.1639 ], [ -2.0548, 7.1589 ], [ -2.0552, 7.1441 ], [ -2.0498, 7.1287 ], [ -2.0746, 7.0851 ], [ -2.0868, 7.0787 ], [ -2.089, 7.0711 ], [ -2.0967, 7.0627 ], [ -2.1146, 7.0573 ], [ -2.1197, 7.0497 ], [ -2.1251, 7.0499 ], [ -2.1263, 7.0393 ], [ -2.1352, 7.0301 ] ] ] } },
{ "type": "Feature", "properties": { "iso3": "GHA", "unit_id": "30259293B29427609335351", "unit_name": "Adansi Akrofuom" }, "geometry": { "type": "Polygon", "coordinates": [ [ [ -1.5467, 5.9359 ], [ -1.5429, 5.9445 ], [ -1.5523, 5.9515 ], [ -1.5423, 5.9839 ], [ -1.5431, 6.0077 ], [ -1.5512, 6.0213 ], [ -1.5373, 6.0339 ], [ -1.5379, 6.0451 ], [ -1.5529, 6.0601 ], [ -1.5552, 6.0829 ], [ -1.5533, 6.0915 ], [ -1.5447, 6.0981 ], [ -1.5437, 6.1053 ], [ -1.5483, 6.1099 ], [ -1.5565, 6.1081 ], [ -1.5584, 6.1201 ], [ -1.5688, 6.1233 ], [ -1.5727, 6.1289 ], [ -1.5769, 6.1459 ], [ -1.5932, 6.1361 ], [ -1.6046, 6.1189 ], [ -1.6168, 6.1195 ], [ -1.6192, 6.1229 ], [ -1.642, 6.1215 ], [ -1.6519, 6.1277 ], [ -1.6626, 6.1201 ], [ -1.6747, 6.1361 ], [ -1.6819, 6.1393 ], [ -1.692, 6.1375 ], [ -1.7055, 6.1453 ], [ -1.7109, 6.1419 ], [ -1.7115, 6.1379 ], [ -1.74, 6.1197 ], [ -1.744, 6.1097 ], [ -1.7469, 6.1089 ], [ -1.7473, 6.1131 ], [ -1.7556, 6.1139 ], [ -1.7618, 6.1109 ], [ -1.7685, 6.1129 ], [ -1.7776, 6.1087 ], [ -1.7848, 6.1105 ], [ -1.7894, 6.0991 ], [ -1.7996, 6.0925 ], [ -1.8017, 6.0883 ], [ -1.7981, 6.0759 ], [ -1.802, 6.0701 ], [ -1.8006, 6.0621 ], [ -1.8048, 6.0543 ], [ -1.8036, 6.0495 ], [ -1.8088, 6.0415 ], [ -1.8025, 6.0271 ], [ -1.812, 6.0109 ], [ -1.8033, 5.9941 ], [ -1.7986, 5.9983 ], [ -1.7866, 5.9853 ], [ -1.7752, 5.9807 ], [ -1.7768, 5.9711 ], [ -1.7694, 5.9609 ], [ -1.766, 5.9689 ], [ -1.7476, 5.9621 ], [ -1.7491, 5.9679 ], [ -1.7437, 5.9667 ], [ -1.7367, 5.9703 ], [ -1.7239, 5.9529 ], [ -1.713, 5.9569 ], [ -1.7105, 5.9533 ], [ -1.7143, 5.9455 ], [ -1.7132, 5.9367 ], [ -1.7074, 5.9303 ], [ -1.7033, 5.9295 ], [ -1.6983, 5.9335 ], [ -1.693, 5.9431 ], [ -1.6906, 5.9409 ], [ -1.6926, 5.9329 ], [ -1.6745, 5.9225 ], [ -1.6714, 5.9153 ], [ -1.664, 5.9185 ], [ -1.6609, 5.9235 ], [ -1.6544, 5.9223 ], [ -1.6469, 5.9255 ], [ -1.6452, 5.9301 ], [ -1.6384, 5.9333 ], [ -1.6344, 5.9285 ], [ -1.6237, 5.9275 ], [ -1.6205, 5.9315 ], [ -1.62, 5.9273 ], [ -1.6095, 5.9257 ], [ -1.6015, 5.9289 ], [ -1.5942, 5.9245 ], [ -1.5901, 5.9275 ], [ -1.59, 5.9349 ], [ -1.5826, 5.9269 ], [ -1.5819, 5.9183 ], [ -1.5723, 5.9249 ], [ -1.574, 5.9313 ], [ -1.5707, 5.9327 ], [ -1.5676, 5.9261 ], [ -1.5457, 5.9279 ], [ -1.5406, 5.9313 ], [ -1.5467, 5.9359 ] ] ] } },
{ "type": "Feature", "properties": { "iso3": "GHA", "unit_id": "30259293B62189115149999", "unit_name": "Adansi Asokwa" }, "geometry": { "type": "Polygon", "coordinates": [ [ [ -1.5373, 6.0339 ], [ -1.4851, 6.0691 ], [ -1.4338, 6.0583 ], [ -1.4312, 6.0453 ], [ -1.4057, 6.0497 ], [ -1.4068, 6.0557 ], [ -1.4173, 6.0603 ], [ -1.4189, 6.0673 ], [ -1.4146, 6.0751 ], [ -1.4193, 6.0921 ], [ -1.4, 6.1195 ], [ -1.354, 6.1317 ], [ -1.3637, 6.1531 ], [ -1.2931, 6.1453 ], [ -1.2912, 6.1647 ], [ -1.2981, 6.1887 ], [ -1.2969, 6.1977 ], [ -1.2917, 6.2057 ], [ -1.2694, 6.2041 ], [ -1.2584, 6.2189 ], [ -1.2428, 6.2079 ], [ -1.2188, 6.2111 ], [ -1.1985, 6.1995 ], [ -1.2025, 6.2089 ], [ -1.2019, 6.2211 ], [ -1.2081, 6.2275 ], [ -1.2136, 6.2283 ], [ -1.2141, 6.2403 ], [ -1.2299, 6.2659 ], [ -1.23, 6.2845 ], [ -1.2354, 6.2815 ], [ -1.2423, 6.2661 ], [ -1.2539, 6.2637 ], [ -1.2584, 6.2579 ], [ -1.274, 6.2517 ], [ -1.2885, 6.2339 ], [ -1.2971, 6.2357 ], [ -1.3028, 6.2279 ], [ -1.321, 6.2245 ], [ -1.329, 6.2379 ], [ -1.34, 6.2419 ], [ -1.3559, 6.2405 ], [ -1.3662, 6.2301 ], [ -1.3743, 6.2283 ], [ -1.3834, 6.2349 ], [ -1.3863, 6.2411 ], [ -1.3872, 6.2523 ], [ -1.3767, 6.2721 ], [ -1.3868, 6.2913 ], [ -1.3872, 6.3009 ], [ -1.3991, 6.2843 ], [ -1.4193, 6.2901 ], [ -1.4246, 6.3027 ], [ -1.4357, 6.3049 ], [ -1.4516, 6.2991 ], [ -1.4599, 6.2911 ], [ -1.4677, 6.2903 ], [ -1.4625, 6.2787 ], [ -1.4657, 6.2701 ], [ -1.4966, 6.2359 ], [ -1.5223, 6.2281 ], [ -1.5276, 6.2337 ], [ -1.5326, 6.2307 ], [ -1.5407, 6.2343 ], [ -1.5476, 6.2289 ], [ -1.5623, 6.2297 ], [ -1.5669, 6.2257 ], [ -1.5638, 6.2211 ], [ -1.565, 6.1945 ], [ -1.5764, 6.1825 ], [ -1.5833, 6.1643 ], [ -1.5877, 6.1639 ], [ -1.5922, 6.1561 ], [ -1.6002, 6.1511 ], [ -1.6023, 6.1385 ], [ -1.6075, 6.1341 ], [ -1.6136, 6.1207 ], [ -1.6046, 6.1189 ], [ -1.5932, 6.1361 ], [ -1.5769, 6.1459 ], [ -1.5746, 6.1439 ], [ -1.5727, 6.1289 ], [ -1.5688, 6.1233 ], [ -1.5584, 6.1201 ], [ -1.5565, 6.1081 ], [ -1.5483, 6.1099 ], [ -1.5437, 6.1053 ], [ -1.5447, 6.0981 ], [ -1.5533, 6.0915 ], [ -1.5552, 6.0829 ], [ -1.5529, 6.0601 ], [ -1.5379, 6.0451 ], [ -1.5373, 6.0339 ] ] ] } },
{ "type": "Feature", "properties": { "iso3": "GHA", "unit_id": "30259293B61171569224608", "unit_name": "Adansi North" }, "geometry": { "type": "Polygon", "coordinates": [ [ [ -1.4625, 6.2787 ], [ -1.4811, 6.3071 ], [ -1.4616, 6.3259 ], [ -1.4682, 6.3355 ], [ -1.4752, 6.3373 ], [ -1.4825, 6.3489 ], [ -1.4901, 6.3537 ], [ -1.4918, 6.3577 ], [ -1.4843, 6.3679 ], [ -1.4868, 6.3711 ], [ -1.5123, 6.3753 ], [ -1.5125, 6.3645 ], [ -1.5193, 6.3483 ], [ -1.5417, 6.3433 ], [ -1.5547, 6.3479 ], [ -1.5688, 6.3475 ], [ -1.571, 6.3499 ], [ -1.5686, 6.3577 ], [ -1.5741, 6.3641 ], [ -1.5844, 6.3483 ], [ -1.5872, 6.3299 ], [ -1.5987, 6.3197 ], [ -1.6068, 6.3187 ], [ -1.6106, 6.3113 ], [ -1.6327, 6.3095 ], [ -1.6405, 6.3233 ], [ -1.6476, 6.3065 ], [ -1.6614, 6.3161 ], [ -1.6699, 6.3071 ], [ -1.6919, 6.3059 ], [ -1.7065, 6.3101 ], [ -1.7043, 6.3023 ], [ -1.697, 6.2945 ], [ -1.6899, 6.2919 ], [ -1.6842, 6.2935 ], [ -1.6784, 6.2847 ], [ -1.6825, 6.2621 ], [ -1.6753, 6.2551 ], [ -1.6776, 6.2475 ], [ -1.6732, 6.2361 ], [ -1.6338, 6.2399 ], [ -1.5889, 6.2391 ], [ -1.5714, 6.2353 ], [ -1.5669, 6.2257 ], [ -1.5623, 6.2297 ], [ -1.5476, 6.2289 ], [ -1.5407, 6.2343 ], [ -1.5326, 6.2307 ], [ -1.5276, 6.2337 ], [ -1.5223, 6.2281 ], [ -1.4966, 6.2359 ], [ -1.4657, 6.2701 ], [ -1.4625, 6.2787 ] ] ] } },
{ "type": "Feature", "properties": { "iso3": "GHA", "unit_id": "30259293B7399448920007", "unit_name": "Adansi South" }, "geometry": { "type": "Polygon", "coordinates": [ [ [ -1.545, 5.9387 ], [ -1.5308, 5.9393 ], [ -1.5277, 5.9365 ], [ -1.53, 5.9233 ], [ -1.5262, 5.9221 ], [ -1.5221, 5.9291 ], [ -1.515, 5.9135 ], [ -1.5045, 5.9087 ], [ -1.5005, 5.9029 ], [ -1.5038, 5.8961 ], [ -1.4988, 5.8925 ], [ -1.5009, 5.8889 ], [ -1.5167, 5.8895 ], [ -1.5202, 5.8747 ], [ -1.5168, 5.8729 ], [ -1.5023, 5.8763 ], [ -1.4991, 5.8743 ], [ -1.5005, 5.8699 ], [ -1.492, 5.8639 ], [ -1.4875, 5.8631 ], [ -1.4874, 5.8675 ], [ -1.4826, 5.8665 ], [ -1.4752, 5.8561 ], [ -1.4705, 5.8607 ], [ -1.462, 5.8627 ], [ -1.4613, 5.8661 ], [ -1.4594, 5.8871 ], [ -1.4647, 5.8935 ], [ -1.467, 5.9037 ], [ -1.4633, 5.9051 ], [ -1.4614, 5.8963 ], [ -1.4575, 5.8941 ], [ -1.4497, 5.9061 ], [ -1.438, 5.9015 ], [ -1.4289, 5.9089 ], [ -1.4222, 5.9039 ], [ -1.4165, 5.9145 ], [ -1.4163, 5.9221 ], [ -1.3803, 5.9165 ], [ -1.3752, 5.9219 ], [ -1.3766, 5.9339 ], [ -1.3485, 5.9315 ], [ -1.3469, 5.9211 ], [ -1.3368, 5.9265 ], [ -1.3427, 5.9115 ], [ -1.3363, 5.9163 ], [ -1.3244, 5.9141 ], [ -1.3196, 5.9163 ], [ -1.3175, 5.9239 ], [ -1.3093, 5.9259 ], [ -1.3069, 5.9229 ], [ -1.3116, 5.9159 ], [ -1.312, 5.9077 ], [ -1.3045, 5.9009 ], [ -1.3073, 5.8893 ], [ -1.2963, 5.8861 ], [ -1.2896, 5.8899 ], [ -1.2827, 5.8995 ], [ -1.2759, 5.9023 ], [ -1.2646, 5.8909 ], [ -1.2611, 5.8937 ], [ -1.2593, 5.9039 ], [ -1.263, 5.9107 ], [ -1.2603, 5.9157 ], [ -1.2561, 5.9157 ], [ -1.2555, 5.9115 ], [ -1.2446, 5.9145 ], [ -1.2455, 5.9235 ], [ -1.2415, 5.9315 ], [ -1.2288, 5.9331 ], [ -1.2197, 5.9421 ], [ -1.2235, 5.9453 ], [ -1.2213, 5.9545 ], [ -1.2238, 5.9573 ], [ -1.219, 5.9657 ], [ -1.2214, 5.9737 ], [ -1.226, 5.9805 ], [ -1.2394, 5.9813 ], [ -1.2391, 5.9843 ], [ -1.2462, 5.9899 ], [ -1.2415, 5.9971 ], [ -1.2401, 6.0117 ], [ -1.2333, 6.0129 ], [ -1.2286, 6.0193 ], [ -1.2326, 6.0287 ], [ -1.2293, 6.0383 ], [ -1.2093, 6.0525 ], [ -1.208, 6.0565 ], [ -1.2115, 6.0583 ], [ -1.2101, 6.0627 ], [ -1.2141, 6.0681 ], [ -1.2069, 6.0717 ], [ -1.2074, 6.0759 ], [ -1.1983, 6.0827 ], [ -1.2033, 6.0905 ], [ -1.1897, 6.0937 ], [ -1.1874, 6.0977 ], [ -1.1908, 6.1023 ], [ -1.19, 6.1083 ], [ -1.1944, 6.1135 ], [ -1.2057, 6.1123 ], [ -1.2061, 6.1187 ], [ -1.2091, 6.1203 ], [ -1.2193, 6.1191 ], [ -1.2266, 6.1225 ], [ -1.2325, 6.1181 ], [ -1.2456, 6.1181 ], [ -1.2509, 6.1061 ], [ -1.26, 6.1021 ], [ -1.2634, 6.1119 ], [ -1.2753, 6.1179 ], [ -1.2862, 6.1301 ], [ -1.2931, 6.1453 ], [ -1.3637, 6.1531 ], [ -1.354, 6.1317 ], [ -1.4, 6.1195 ], [ -1.4193, 6.0921 ], [ -1.4146, 6.0751 ], [ -1.4189, 6.0673 ], [ -1.4173, 6.0603 ], [ -1.4068, 6.0557 ], [ -1.4057, 6.0497 ], [ -1.4312, 6.0453 ], [ -1.4338, 6.0583 ], [ -1.4851, 6.0691 ], [ -1.5373, 6.0339 ], [ -1.5512, 6.0213 ], [ -1.5431, 6.0077 ], [ -1.5423, 5.9839 ], [ -1.5523, 5.9515 ], [ -1.5429, 5.9445 ], [ -1.545, 5.9387 ] ] ] } },
{ "type": "Feature", "properties": { "iso3": "GHA", "unit_id": "30259293B82233670239066", "unit_name": "Afigya Kwabre North" }, "geometry": { "type": "Polygon", "coordinates": [ [ [ -1.5795, 6.9277 ], [ -1.5833, 6.9389 ], [ -1.6032, 6.9365 ], [ -1.5824, 6.9611 ], [ -1.5654, 6.9621 ], [ -1.5597, 6.9673 ], [ -1.5576, 6.9939 ], [ -1.5702, 7.0065 ], [ -1.5799, 7.0051 ], [ -1.5859, 7.0213 ], [ -1.5984, 7.0255 ], [ -1.5935, 7.0451 ], [ -1.5934, 7.0793 ], [ -1.6089, 7.1025 ], [ -1.6065, 7.1125 ], [ -1.6217, 7.1315 ], [ -1.613, 7.1393 ], [ -1.6074, 7.1653 ], [ -1.6311, 7.1665 ], [ -1.6312, 7.1627 ], [ -1.658, 7.1617 ], [ -1.6599, 7.1567 ], [ -1.6516, 7.1485 ], [ -1.6802, 7.1127 ], [ -1.6774, 7.1013 ], [ -1.6687, 7.0899 ], [ -1.6541, 7.0803 ], [ -1.6567, 7.0661 ], [ -1.6546, 7.0543 ], [ -1.6653, 7.0465 ], [ -1.6593, 7.0427 ], [ -1.6515, 7.0229 ], [ -1.6391, 6.9729 ], [ -1.6417, 6.9451 ], [ -1.6392, 6.9301 ], [ -1.6436, 6.9143 ], [ -1.6395, 6.9123 ], [ -1.6358, 6.9163 ], [ -1.6252, 6.9171 ], [ -1.6177, 6.9241 ], [ -1.6089, 6.9259 ], [ -1.601, 6.9219 ], [ -1.5795, 6.9277 ] ] ] } },
{ "type": "Feature", "properties": { "iso3": "GHA", "unit_id": "30259293B9516718572087", "unit_name": "Afigya Kwabre South" }, "geometry": { "type": "Polygon", "coordinates": [ [ [ -1.6436, 6.9143 ], [ -1.6473, 6.9111 ], [ -1.6489, 6.8963 ], [ -1.6617, 6.8887 ], [ -1.662, 6.8843 ], [ -1.6679, 6.8835 ], [ -1.6734, 6.8781 ], [ -1.6725, 6.8751 ], [ -1.6798, 6.8733 ], [ -1.682, 6.8667 ], [ -1.6861, 6.8671 ], [ -1.6905, 6.8603 ], [ -1.6933, 6.8611 ], [ -1.6949, 6.8529 ], [ -1.6888, 6.8401 ], [ -1.6756, 6.8313 ], [ -1.6798, 6.8251 ], [ -1.6798, 6.8183 ], [ -1.688, 6.8123 ], [ -1.6711, 6.8103 ], [ -1.6689, 6.8063 ], [ -1.6681, 6.7855 ], [ -1.6626, 6.7819 ], [ -1.6632, 6.7777 ], [ -1.6743, 6.7841 ], [ -1.6753, 6.7677 ], [ -1.662, 6.7561 ], [ -1.6519, 6.7547 ], [ -1.6321, 6.7667 ], [ -1.6203, 6.7605 ], [ -1.6202, 6.7529 ], [ -1.6145, 6.7549 ], [ -1.6082, 6.7515 ], [ -1.6012, 6.7539 ], [ -1.6136, 6.7759 ], [ -1.5987, 6.7887 ], [ -1.5483, 6.8139 ], [ -1.5416, 6.8195 ], [ -1.5241, 6.8475 ], [ -1.5458, 6.8621 ], [ -1.5529, 6.9033 ], [ -1.5478, 6.9123 ], [ -1.5519, 6.9177 ], [ -1.5611, 6.9185 ], [ -1.573, 6.9279 ], [ -1.601, 6.9219 ], [ -1.6089, 6.9259 ], [ -1.6214, 6.9221 ], [ -1.6252, 6.9171 ], [ -1.6358, 6.9163 ], [ -1.6395, 6.9123 ], [ -1.6436, 6.9143 ] ] ] } },
{ "type": "Feature", "properties": { "iso3": "GHA", "unit_id": "30259293B25888964556448", "unit_name": "Ahafo Ano North" }, "geometry": { "type": "Polygon", "coordinates": [ [ [ -2.2641, 6.7787 ], [ -2.2531, 6.7789 ], [ -2.2368, 6.7863 ], [ -2.2144, 6.7849 ], [ -2.2112, 6.7907 ], [ -2.1972, 6.7921 ], [ -2.1868, 6.7879 ], [ -2.1827, 6.7893 ], [ -2.1793, 6.7951 ], [ -2.1849, 6.7987 ], [ -2.1881, 6.8081 ], [ -2.1793, 6.8261 ], [ -2.1441, 6.8349 ], [ -2.1355, 6.8341 ], [ -2.1214, 6.8429 ], [ -2.1266, 6.8537 ], [ -2.1284, 6.8751 ], [ -2.1392, 6.8879 ], [ -2.13, 6.9011 ], [ -2.1264, 6.9001 ], [ -2.1169, 6.9101 ], [ -2.1024, 6.9325 ], [ -2.0889, 6.9233 ], [ -2.0782, 6.9235 ], [ -2.065, 6.9331 ], [ -2.0652, 6.9427 ], [ -2.0537, 6.9467 ], [ -2.049, 6.9579 ], [ -2.0815, 7.0275 ], [ -2.0913, 7.0207 ], [ -2.1001, 7.0069 ], [ -2.1197, 7.0029 ], [ -2.1333, 7.0213 ], [ -2.1373, 7.0223 ], [ -2.1352, 7.0301 ], [ -2.14, 7.0409 ], [ -2.1649, 7.0329 ], [ -2.1746, 7.0207 ], [ -2.1815, 7.0169 ], [ -2.1845, 7.0183 ], [ -2.1855, 7.0251 ], [ -2.1803, 7.0335 ], [ -2.1844, 7.0357 ], [ -2.2086, 7.0237 ], [ -2.2192, 7.0099 ], [ -2.2301, 7.0063 ], [ -2.2456, 6.9923 ], [ -2.2514, 6.9783 ], [ -2.2903, 6.9453 ], [ -2.297, 6.9415 ], [ -2.3098, 6.9415 ], [ -2.3311, 6.9289 ], [ -2.3368, 6.9125 ], [ -2.3481, 6.9075 ], [ -2.3484, 6.9025 ], [ -2.3553, 6.8963 ], [ -2.3748, 6.8869 ], [ -2.3762, 6.8785 ], [ -2.3825, 6.8767 ], [ -2.3875, 6.8677 ], [ -2.3881, 6.8559 ], [ -2.3955, 6.8577 ], [ -2.399, 6.8415 ], [ -2.4066, 6.8413 ], [ -2.4149, 6.8327 ], [ -2.4152, 6.8253 ], [ -2.4004, 6.8197 ], [ -2.3784, 6.8367 ], [ -2.3696, 6.8385 ], [ -2.3644, 6.8433 ], [ -2.357, 6.8441 ], [ -2.353, 6.8405 ], [ -2.3469, 6.8437 ], [ -2.3349, 6.8303 ], [ -2.338, 6.8207 ], [ -2.3446, 6.8159 ], [ -2.3373, 6.8067 ], [ -2.3197, 6.8013 ], [ -2.3053, 6.8117 ], [ -2.2989, 6.7995 ], [ -2.2926, 6.7965 ], [ -2.2862, 6.7997 ], [ -2.2668, 6.7987 ], [ -2.2589, 6.7925 ], [ -2.2641, 6.7787 ] ] ] } },
{ "type": "Feature", "properties": { "iso3": "GHA", "unit_id": "30259293B83649296761711", "unit_name": "Ahafo Ano South East" }, "geometry": { "type": "Polygon", "coordinates": [ [ [ -1.7888, 6.7997 ], [ -1.7894, 6.8041 ], [ -1.7801, 6.8137 ], [ -1.7805, 6.8237 ], [ -1.7918, 6.8309 ], [ -1.7953, 6.8401 ], [ -1.7954, 6.8555 ], [ -1.8024, 6.8649 ], [ -1.8011, 6.8735 ], [ -1.8039, 6.8801 ], [ -1.7965, 6.8851 ], [ -1.7972, 6.9055 ], [ -1.7871, 6.9173 ], [ -1.7885, 6.9283 ], [ -1.803, 6.9461 ], [ -1.81, 6.9451 ], [ -1.8207, 6.9583 ], [ -1.8214, 6.9659 ], [ -1.8278, 6.9695 ], [ -1.8245, 6.9763 ], [ -1.826, 6.9875 ], [ -1.8212, 6.9979 ], [ -1.8471, 7.0247 ], [ -1.8375, 7.0369 ], [ -1.8147, 7.0511 ], [ -1.8173, 7.0547 ], [ -1.8136, 7.0593 ], [ -1.8098, 7.0589 ], [ -1.8076, 7.0653 ], [ -1.8142, 7.0695 ], [ -1.8114, 7.0761 ], [ -1.8205, 7.0763 ], [ -1.8704, 7.1029 ], [ -1.8921, 7.1017 ], [ -1.9026, 7.0849 ], [ -1.912, 7.0877 ], [ -1.9171, 7.0819 ], [ -1.9232, 7.0879 ], [ -1.9298, 7.0817 ], [ -1.9539, 7.0853 ], [ -1.9582, 7.0357 ], [ -1.9666, 7.0127 ], [ -1.9645, 6.9937 ], [ -1.9677, 6.9643 ], [ -1.976, 6.9307 ], [ -1.973, 6.9119 ], [ -1.9875, 6.8893 ], [ -1.9871, 6.8667 ], [ -2.0261, 6.8355 ], [ -2.0185, 6.8081 ], [ -2.0181, 6.7931 ], [ -2.0223, 6.7817 ], [ -2.0099, 6.7753 ], [ -1.9977, 6.7535 ], [ -1.9892, 6.7749 ], [ -1.98, 6.7733 ], [ -1.9719, 6.7663 ], [ -1.9694, 6.7623 ], [ -1.9703, 6.7399 ], [ -1.9626, 6.7369 ], [ -1.9517, 6.7245 ], [ -1.9549, 6.7139 ], [ -1.9516, 6.7067 ], [ -1.9446, 6.7111 ], [ -1.9422, 6.7189 ], [ -1.9383, 6.7209 ], [ -1.9375, 6.7323 ], [ -1.933, 6.7321 ], [ -1.9351, 6.7391 ], [ -1.928, 6.7417 ], [ -1.9209, 6.7351 ], [ -1.9077, 6.7351 ], [ -1.9051, 6.7387 ], [ -1.9057, 6.7537 ], [ -1.892, 6.7733 ], [ -1.8905, 6.7813 ], [ -1.8769, 6.7821 ], [ -1.873, 6.7853 ], [ -1.8693, 6.7893 ], [ -1.8673, 6.8007 ], [ -1.8602, 6.8101 ], [ -1.8363, 6.8063 ], [ -1.8311, 6.8017 ], [ -1.8312, 6.7975 ], [ -1.8214, 6.7905 ], [ -1.8082, 6.7971 ], [ -1.7925, 6.7969 ], [ -1.7888, 6.7997 ] ] ] } },
{ "type": "Feature", "properties": { "iso3": "GHA", "unit_id": "30259293B59162681727415", "unit_name": "Ahafo Ano South West" }, "geometry": { "type": "Polygon", "coordinates": [ [ [ -2.2903, 6.7049 ], [ -2.2856, 6.6999 ], [ -2.2809, 6.7053 ], [ -2.2644, 6.7093 ], [ -2.2509, 6.7003 ], [ -2.2474, 6.7019 ], [ -2.2376, 6.7195 ], [ -2.2282, 6.7135 ], [ -2.2121, 6.7141 ], [ -2.2043, 6.7241 ], [ -2.1982, 6.7219 ], [ -2.1964, 6.7283 ], [ -2.1782, 6.7499 ], [ -2.1786, 6.7607 ], [ -2.1426, 6.7859 ], [ -2.1224, 6.7863 ], [ -2.1191, 6.7903 ], [ -2.1066, 6.7859 ], [ -2.0593, 6.7811 ], [ -2.0413, 6.7721 ], [ -2.0223, 6.7817 ], [ -2.0181, 6.7931 ], [ -2.0185, 6.8081 ], [ -2.0261, 6.8355 ], [ -1.9871, 6.8667 ], [ -1.9875, 6.8893 ], [ -1.973, 6.9119 ], [ -1.976, 6.9307 ], [ -1.9677, 6.9643 ], [ -1.9645, 6.9937 ], [ -1.9666, 7.0127 ], [ -1.9582, 7.0357 ], [ -1.9539, 7.0853 ], [ -1.9679, 7.0889 ], [ -1.9977, 7.0779 ], [ -2.0089, 7.0713 ], [ -2.0232, 7.0527 ], [ -2.039, 7.0403 ], [ -2.0624, 7.0385 ], [ -2.0815, 7.0275 ], [ -2.0506, 6.9637 ], [ -2.049, 6.9579 ], [ -2.0537, 6.9467 ], [ -2.0652, 6.9427 ], [ -2.065, 6.9331 ], [ -2.0782, 6.9235 ], [ -2.0889, 6.9233 ], [ -2.1024, 6.9325 ], [ -2.1169, 6.9101 ], [ -2.1264, 6.9001 ], [ -2.13, 6.9011 ], [ -2.1392, 6.8879 ], [ -2.1284, 6.8751 ], [ -2.1266, 6.8537 ], [ -2.1214, 6.8429 ], [ -2.1355, 6.8341 ], [ -2.1441, 6.8349 ], [ -2.1793, 6.8261 ], [ -2.1881, 6.8081 ], [ -2.179, 6.7919 ], [ -2.1868, 6.7879 ], [ -2.1972, 6.7921 ], [ -2.2112, 6.7907 ], [ -2.2144, 6.7849 ], [ -2.2368, 6.7863 ], [ -2.2531, 6.7789 ], [ -2.267, 6.7771 ], [ -2.2777, 6.7313 ], [ -2.2873, 6.7161 ], [ -2.2867, 6.7067 ], [ -2.2903, 6.7049 ] ] ] } },
{ "type": "Feature", "properties": { "iso3": "GHA", "unit_id": "30259293B33777379189367", "unit_name": "Amansie Central" }, "geometry": { "type": "MultiPolygon", "coordinates": [ [ [ [ -1.9602, 6.1063 ], [ -1.9632, 6.1087 ], [ -1.9637, 6.1057 ], [ -1.9602, 6.1063 ] ] ], [ [ [ -1.7115, 6.1379 ], [ -1.7152, 6.1485 ], [ -1.7246, 6.1507 ], [ -1.7306, 6.1567 ], [ -1.7266, 6.1679 ], [ -1.7506, 6.1859 ], [ -1.7384, 6.2071 ], [ -1.7598, 6.2083 ], [ -1.7703, 6.2043 ], [ -1.7692, 6.2125 ], [ -1.7509, 6.2211 ], [ -1.7405, 6.2343 ], [ -1.725, 6.2417 ], [ -1.7108, 6.2555 ], [ -1.6825, 6.2621 ], [ -1.6784, 6.2847 ], [ -1.6842, 6.2935 ], [ -1.6899, 6.2919 ], [ -1.697, 6.2945 ], [ -1.7043, 6.3023 ], [ -1.7065, 6.3101 ], [ -1.6919, 6.3059 ], [ -1.6699, 6.3071 ], [ -1.6614, 6.3161 ], [ -1.6476, 6.3065 ], [ -1.6405, 6.3233 ], [ -1.6327, 6.3095 ], [ -1.6106, 6.3113 ], [ -1.6068, 6.3187 ], [ -1.5987, 6.3197 ], [ -1.5872, 6.3299 ], [ -1.5844, 6.3483 ], [ -1.5741, 6.3641 ], [ -1.5783, 6.3747 ], [ -1.5744, 6.3803 ], [ -1.5862, 6.3897 ], [ -1.5852, 6.3967 ], [ -1.6007, 6.3923 ], [ -1.6053, 6.4003 ], [ -1.6173, 6.4035 ], [ -1.6198, 6.3899 ], [ -1.6339, 6.3837 ], [ -1.6482, 6.3863 ], [ -1.6516, 6.3969 ], [ -1.6566, 6.4015 ], [ -1.6645, 6.3987 ], [ -1.6768, 6.4027 ], [ -1.6915, 6.3839 ], [ -1.6986, 6.3801 ], [ -1.7024, 6.3715 ], [ -1.7186, 6.3679 ], [ -1.726, 6.3603 ], [ -1.7329, 6.3637 ], [ -1.7333, 6.3735 ], [ -1.7445, 6.3851 ], [ -1.7608, 6.3903 ], [ -1.7692, 6.3899 ], [ -1.7796, 6.3845 ], [ -1.7832, 6.3757 ], [ -1.7881, 6.3575 ], [ -1.7835, 6.3525 ], [ -1.7807, 6.3369 ], [ -1.7856, 6.3339 ], [ -1.7889, 6.3357 ], [ -1.7918, 6.3283 ], [ -1.7965, 6.3339 ], [ -1.8115, 6.3357 ], [ -1.814, 6.3323 ], [ -1.8302, 6.3377 ], [ -1.8478, 6.3355 ], [ -1.8625, 6.3255 ], [ -1.8748, 6.3269 ], [ -1.8894, 6.3199 ], [ -1.8937, 6.3149 ], [ -1.8902, 6.3085 ], [ -1.8921, 6.3049 ], [ -1.8973, 6.3053 ], [ -1.8994, 6.3011 ], [ -1.8958, 6.2945 ], [ -1.8991, 6.2879 ], [ -1.8957, 6.2887 ], [ -1.8965, 6.2847 ], [ -1.9063, 6.2753 ], [ -1.9031, 6.2667 ], [ -1.9098, 6.2523 ], [ -1.906, 6.2521 ], [ -1.8984, 6.2331 ], [ -1.8987, 6.2263 ], [ -1.8845, 6.2087 ], [ -1.9027, 6.1833 ], [ -1.9212, 6.1803 ], [ -1.9212, 6.1741 ], [ -1.9392, 6.1593 ], [ -1.9495, 6.1595 ], [ -1.9505, 6.1565 ], [ -1.9451, 6.1485 ], [ -1.949, 6.1425 ], [ -1.9468, 6.1391 ], [ -1.9506, 6.1309 ], [ -1.9493, 6.1213 ], [ -1.952, 6.1195 ], [ -1.9602, 6.1063 ], [ -1.9624, 6.1019 ], [ -1.967, 6.0979 ], [ -1.9686, 6.0937 ], [ -1.9767, 6.0891 ], [ -1.9702, 6.0675 ], [ -1.9741, 6.0665 ], [ -1.9658, 6.0523 ], [ -1.9605, 6.0573 ], [ -1.952, 6.0503 ], [ -1.9522, 6.0567 ], [ -1.9493, 6.0561 ], [ -1.9472, 6.0493 ], [ -1.9317, 6.0355 ], [ -1.9273, 6.0355 ], [ -1.9191, 6.0165 ], [ -1.913, 6.0119 ], [ -1.8931, 6.0157 ], [ -1.8915, 6.0239 ], [ -1.8821, 6.0327 ], [ -1.872, 6.0209 ], [ -1.8698, 6.0119 ], [ -1.8659, 6.0099 ], [ -1.8608, 6.0155 ], [ -1.8531, 6.0141 ], [ -1.848, 6.0279 ], [ -1.8373, 6.0353 ], [ -1.8231, 6.0379 ], [ -1.8238, 6.0315 ], [ -1.817, 6.0291 ], [ -1.8048, 6.0307 ], [ -1.8088, 6.0415 ], [ -1.8036, 6.0495 ], [ -1.8048, 6.0543 ], [ -1.8006, 6.0621 ], [ -1.802, 6.0701 ], [ -1.7981, 6.0759 ], [ -1.8017, 6.0883 ], [ -1.7894, 6.0991 ], [ -1.7848, 6.1105 ], [ -1.7776, 6.1087 ], [ -1.7685, 6.1129 ], [ -1.7618, 6.1109 ], [ -1.7556, 6.1139 ], [ -1.7473, 6.1131 ], [ -1.7469, 6.1089 ], [ -1.744, 6.1097 ], [ -1.74, 6.1197 ], [ -1.7115, 6.1379 ] ] ] ] } },
{ "type": "Feature", "properties": { "iso3": "GHA", "unit_id": "30259293B15561949873372", "unit_name": "Amansie South" }, "geometry": { "type": "Polygon", "coordinates": [ [ [ -1.9686, 6.0937 ], [ -1.9493, 6.1213 ], [ -1.9506, 6.1309 ], [ -1.9468, 6.1391 ], [ -1.949, 6.1425 ], [ -1.9451, 6.1485 ], [ -1.9505, 6.1565 ], [ -1.9495, 6.1595 ], [ -1.9392, 6.1593 ], [ -1.9212, 6.1741 ], [ -1.9212, 6.1803 ], [ -1.9027, 6.1833 ], [ -1.8845, 6.2087 ], [ -1.8987, 6.2263 ], [ -1.8984, 6.2331 ], [ -1.906, 6.2521 ], [ -1.9098, 6.2523 ], [ -1.9031, 6.2667 ], [ -1.9063, 6.2753 ], [ -1.8965, 6.2847 ], [ -1.9057, 6.2903 ], [ -1.9121, 6.3011 ], [ -1.9517, 6.3193 ], [ -1.9485, 6.3475 ], [ -1.9496, 6.3761 ], [ -1.9568, 6.4063 ], [ -1.9538, 6.4211 ], [ -1.9544, 6.4477 ], [ -1.9514, 6.4553 ], [ -1.9544, 6.4671 ], [ -1.952, 6.4789 ], [ -1.9544, 6.5055 ], [ -1.9594, 6.5143 ], [ -1.982, 6.5191 ], [ -1.9946, 6.5149 ], [ -2.0077, 6.5257 ], [ -2.0, 6.4991 ], [ -2.0078, 6.4729 ], [ -2.0066, 6.4651 ], [ -2.0114, 6.4577 ], [ -2.0324, 6.4429 ], [ -2.0234, 6.4419 ], [ -2.0208, 6.4383 ], [ -2.0233, 6.4355 ], [ -2.0285, 6.4309 ], [ -2.0405, 6.4303 ], [ -2.0461, 6.4255 ], [ -2.0425, 6.4127 ], [ -2.0492, 6.3983 ], [ -2.0426, 6.3947 ], [ -2.0454, 6.3907 ], [ -2.0569, 6.3963 ], [ -2.07, 6.3953 ], [ -2.0801, 6.4033 ], [ -2.0973, 6.4107 ], [ -2.1164, 6.4145 ], [ -2.1239, 6.4121 ], [ -2.141, 6.4137 ], [ -2.1415, 6.3961 ], [ -2.1448, 6.3907 ], [ -2.1594, 6.3905 ], [ -2.1607, 6.3729 ], [ -2.1731, 6.3647 ], [ -2.1526, 6.3541 ], [ -2.1485, 6.3485 ], [ -2.1359, 6.3475 ], [ -2.1248, 6.3365 ], [ -2.1225, 6.3293 ], [ -2.1274, 6.3187 ], [ -2.1241, 6.3019 ], [ -2.1158, 6.3087 ], [ -2.0985, 6.3091 ], [ -2.0748, 6.2929 ], [ -2.066, 6.2943 ], [ -2.0449, 6.2853 ], [ -2.0115, 6.2915 ], [ -2.0097, 6.2887 ], [ -2.0142, 6.2679 ], [ -2.0219, 6.2597 ], [ -2.0216, 6.2251 ], [ -2.0382, 6.2069 ], [ -2.0401, 6.1973 ], [ -2.0229, 6.1731 ], [ -2.0237, 6.1589 ], [ -2.0201, 6.1535 ], [ -2.0253, 6.1439 ], [ -2.0243, 6.1361 ], [ -2.0147, 6.1239 ], [ -2.012, 6.1121 ], [ -2.0069, 6.1113 ], [ -2.0061, 6.1175 ], [ -1.9974, 6.1169 ], [ -1.991, 6.1237 ], [ -1.9811, 6.1187 ], [ -1.9791, 6.1127 ], [ -1.984, 6.1147 ], [ -1.9881, 6.1059 ], [ -1.9864, 6.1001 ], [ -1.9773, 6.0937 ], [ -1.9767, 6.0891 ], [ -1.9686, 6.0937 ] ], [ [ -1.9602, 6.1063 ], [ -1.9637, 6.1057 ], [ -1.9632, 6.1087 ], [ -1.9602, 6.1063 ] ] ] } },
{ "type": "Feature", "properties": { "iso3": "GHA", "unit_id": "30259293B55094814343496", "unit_name": "Amansie West" }, "geometry": { "type": "MultiPolygon", "coordinates": [ [ [ [ -1.8991, 6.2879 ], [ -1.8965, 6.2847 ], [ -1.8957, 6.2887 ], [ -1.8991, 6.2879 ] ] ], [ [ [ -1.7692, 6.3899 ], [ -1.7681, 6.3987 ], [ -1.7573, 6.4089 ], [ -1.7572, 6.4383 ], [ -1.7401, 6.4469 ], [ -1.7442, 6.4729 ], [ -1.7417, 6.4765 ], [ -1.7285, 6.4909 ], [ -1.7217, 6.4925 ], [ -1.714, 6.4893 ], [ -1.7042, 6.5007 ], [ -1.6857, 6.5039 ], [ -1.6828, 6.5081 ], [ -1.6935, 6.5179 ], [ -1.6957, 6.5285 ], [ -1.6879, 6.5351 ], [ -1.6727, 6.5409 ], [ -1.6668, 6.5481 ], [ -1.6576, 6.5449 ], [ -1.6522, 6.5479 ], [ -1.6677, 6.5665 ], [ -1.6732, 6.5697 ], [ -1.6823, 6.5527 ], [ -1.7085, 6.5613 ], [ -1.712, 6.5599 ], [ -1.7145, 6.5497 ], [ -1.7233, 6.5415 ], [ -1.74, 6.5405 ], [ -1.7446, 6.5345 ], [ -1.7451, 6.5271 ], [ -1.7698, 6.5321 ], [ -1.7761, 6.5277 ], [ -1.7801, 6.5145 ], [ -1.7865, 6.5119 ], [ -1.7934, 6.5145 ], [ -1.7927, 6.5213 ], [ -1.803, 6.5341 ], [ -1.7996, 6.5425 ], [ -1.7909, 6.5501 ], [ -1.7952, 6.5589 ], [ -1.793, 6.5669 ], [ -1.7969, 6.5741 ], [ -1.8086, 6.5675 ], [ -1.8261, 6.5779 ], [ -1.8581, 6.5863 ], [ -1.8595, 6.5733 ], [ -1.8771, 6.5727 ], [ -1.8858, 6.5789 ], [ -1.8816, 6.5879 ], [ -1.9018, 6.5871 ], [ -1.9052, 6.5913 ], [ -1.911, 6.5855 ], [ -1.9287, 6.5825 ], [ -1.9351, 6.5751 ], [ -1.9597, 6.5695 ], [ -1.9714, 6.5527 ], [ -1.9729, 6.5465 ], [ -1.969, 6.5449 ], [ -1.9746, 6.5327 ], [ -1.984, 6.5287 ], [ -1.9832, 6.5253 ], [ -1.976, 6.5239 ], [ -1.976, 6.5199 ], [ -1.982, 6.5191 ], [ -1.9594, 6.5143 ], [ -1.9544, 6.5055 ], [ -1.952, 6.4789 ], [ -1.9544, 6.4671 ], [ -1.9514, 6.4553 ], [ -1.9544, 6.4477 ], [ -1.9538, 6.4211 ], [ -1.9568, 6.4063 ], [ -1.9496, 6.3761 ], [ -1.9485, 6.3475 ], [ -1.9517, 6.3193 ], [ -1.9121, 6.3011 ], [ -1.9057, 6.2903 ], [ -1.8991, 6.2879 ], [ -1.8958, 6.2945 ], [ -1.8994, 6.3011 ], [ -1.8902, 6.3085 ], [ -1.8937, 6.3149 ], [ -1.8748, 6.3269 ], [ -1.8625, 6.3255 ], [ -1.8478, 6.3355 ], [ -1.8302, 6.3377 ], [ -1.814, 6.3323 ], [ -1.8115, 6.3357 ], [ -1.7965, 6.3339 ], [ -1.7918, 6.3283 ], [ -1.7889, 6.3357 ], [ -1.7856, 6.3339 ], [ -1.7807, 6.3369 ], [ -1.7835, 6.3525 ], [ -1.7881, 6.3575 ], [ -1.7832, 6.3757 ], [ -1.7796, 6.3845 ], [ -1.7692, 6.3899 ] ] ] ] } },
{ "type": "Feature", "properties": { "iso3": "GHA", "unit_id": "30259293B59689132017820", "unit_name": "Asante Akim Central Municipal" }, "geometry": { "type": "Polygon", "coordinates": [ [ [ -1.1333, 6.6679 ], [ -1.1446, 6.6763 ], [ -1.1449, 6.6797 ], [ -1.1348, 6.6857 ], [ -1.1361, 6.6933 ], [ -1.1414, 6.6999 ], [ -1.1524, 6.7017 ], [ -1.1711, 6.6971 ], [ -1.1984, 6.7057 ], [ -1.2168, 6.7175 ], [ -1.2333, 6.7227 ], [ -1.2408, 6.7189 ], [ -1.247, 6.7087 ], [ -1.2474, 6.6859 ], [ -1.2592, 6.6779 ], [ -1.2596, 6.6693 ], [ -1.2668, 6.6611 ], [ -1.2672, 6.6507 ], [ -1.286, 6.6325 ], [ -1.2848, 6.6221 ], [ -1.2748, 6.6091 ], [ -1.2779, 6.6015 ], [ -1.267, 6.5787 ], [ -1.2735, 6.5777 ], [ -1.284, 6.5689 ], [ -1.2976, 6.5509 ], [ -1.2838, 6.5249 ], [ -1.2855, 6.5039 ], [ -1.2796, 6.5015 ], [ -1.2907, 6.4719 ], [ -1.2862, 6.4509 ], [ -1.2929, 6.4509 ], [ -1.2953, 6.4373 ], [ -1.3031, 6.4243 ], [ -1.2986, 6.4193 ], [ -1.2979, 6.4083 ], [ -1.2934, 6.4061 ], [ -1.2749, 6.4321 ], [ -1.235, 6.4431 ], [ -1.2342, 6.4477 ], [ -1.2176, 6.4649 ], [ -1.2038, 6.4857 ], [ -1.2028, 6.4911 ], [ -1.2217, 6.5089 ], [ -1.227, 6.5239 ], [ -1.217, 6.5363 ], [ -1.2227, 6.5475 ], [ -1.2191, 6.5709 ], [ -1.2042, 6.5855 ], [ -1.1651, 6.5909 ], [ -1.1812, 6.6021 ], [ -1.1659, 6.6079 ], [ -1.1624, 6.6127 ], [ -1.1685, 6.6167 ], [ -1.1649, 6.6249 ], [ -1.1689, 6.6251 ], [ -1.1739, 6.6315 ], [ -1.1628, 6.6419 ], [ -1.1453, 6.6463 ], [ -1.1343, 6.6531 ], [ -1.1333, 6.6679 ] ] ] } },
{ "type": "Feature", "properties": { "iso3": "GHA", "unit_id": "30259293B36528566684437", "unit_name": "Asante Akim North" }, "geometry": { "type": "Polygon", "coordinates": [ [ [ -1.1333, 6.6679 ], [ -1.1232, 6.6733 ], [ -1.1226, 6.6793 ], [ -1.1149, 6.6945 ], [ -1.1089, 6.6995 ], [ -1.1078, 6.7097 ], [ -1.1017, 6.7189 ], [ -1.0872, 6.7167 ], [ -1.0805, 6.7231 ], [ -1.0738, 6.7227 ], [ -1.0646, 6.7185 ], [ -1.0571, 6.7191 ], [ -1.0541, 6.7095 ], [ -1.0374, 6.7245 ], [ -1.0286, 6.7243 ], [ -1.0028, 6.7047 ], [ -0.997, 6.6963 ], [ -0.9998, 6.6865 ], [ -1.0144, 6.6673 ], [ -1.0204, 6.6439 ], [ -0.9731, 6.6441 ], [ -0.9769, 6.6581 ], [ -0.9738, 6.6807 ], [ -0.9605, 6.6917 ], [ -0.9506, 6.7079 ], [ -0.947, 6.7249 ], [ -0.9518, 6.7365 ], [ -0.9628, 6.7415 ], [ -0.9735, 6.7375 ], [ -0.9795, 6.7397 ], [ -0.9849, 6.7429 ], [ -0.9821, 6.7487 ], [ -0.9731, 6.7503 ], [ -0.9601, 6.7475 ], [ -0.9553, 6.7541 ], [ -0.9312, 6.7579 ], [ -0.9153, 6.7683 ], [ -0.9148, 6.7769 ], [ -0.9063, 6.7797 ], [ -0.9025, 6.7869 ], [ -0.8808, 6.7787 ], [ -0.8662, 6.7817 ], [ -0.8529, 6.7785 ], [ -0.8435, 6.7799 ], [ -0.8322, 6.7929 ], [ -0.8189, 6.7899 ], [ -0.7934, 6.7901 ], [ -0.7871, 6.7953 ], [ -0.7669, 6.8357 ], [ -0.7583, 6.8443 ], [ -0.7548, 6.8673 ], [ -0.7569, 6.9151 ], [ -0.7607, 6.9073 ], [ -0.7625, 6.8855 ], [ -0.7761, 6.8843 ], [ -0.7823, 6.8893 ], [ -0.7826, 6.8931 ], [ -0.7907, 6.8963 ], [ -0.7939, 6.8835 ], [ -0.7985, 6.8823 ], [ -0.8039, 6.8899 ], [ -0.8098, 6.8877 ], [ -0.8093, 6.9055 ], [ -0.8171, 6.8997 ], [ -0.8219, 6.9009 ], [ -0.8244, 6.9241 ], [ -0.8283, 6.9303 ], [ -0.828, 6.9379 ], [ -0.8337, 6.9461 ], [ -0.8329, 6.9517 ], [ -0.8433, 6.9759 ], [ -0.8519, 6.9851 ], [ -0.8568, 6.9837 ], [ -0.8796, 6.9963 ], [ -0.8799, 7.0011 ], [ -0.893, 7.0099 ], [ -0.904, 7.0127 ], [ -0.9259, 7.0299 ], [ -0.9598, 7.0375 ], [ -0.981, 7.0303 ], [ -0.9997, 7.0343 ], [ -1.0095, 7.0233 ], [ -1.0111, 7.0147 ], [ -1.0244, 7.0089 ], [ -1.052, 6.9821 ], [ -1.0703, 6.9761 ], [ -1.0663, 6.9487 ], [ -1.0533, 6.9441 ], [ -1.0496, 6.9415 ], [ -1.0504, 6.9377 ], [ -1.0615, 6.9225 ], [ -1.06, 6.9155 ], [ -1.0656, 6.9031 ], [ -1.0741, 6.8975 ], [ -1.0873, 6.8973 ], [ -1.0948, 6.8873 ], [ -1.0964, 6.8835 ], [ -1.089, 6.8755 ], [ -1.0965, 6.8651 ], [ -1.0978, 6.8513 ], [ -1.1046, 6.8445 ], [ -1.1068, 6.8327 ], [ -1.1018, 6.8137 ], [ -1.1049, 6.8001 ], [ -1.1162, 6.7809 ], [ -1.1312, 6.7789 ], [ -1.1406, 6.7825 ], [ -1.1505, 6.7781 ], [ -1.1684, 6.7857 ], [ -1.1696, 6.7897 ], [ -1.1663, 6.7921 ], [ -1.1471, 6.7995 ], [ -1.1512, 6.8087 ], [ -1.1556, 6.8077 ], [ -1.1557, 6.8039 ], [ -1.1649, 6.7957 ], [ -1.1725, 6.7967 ], [ -1.1771, 6.7987 ], [ -1.1783, 6.8055 ], [ -1.1933, 6.8033 ], [ -1.212, 6.8209 ], [ -1.2214, 6.8233 ], [ -1.224, 6.8299 ], [ -1.2342, 6.8311 ], [ -1.2409, 6.8365 ], [ -1.2476, 6.8373 ], [ -1.2611, 6.8305 ], [ -1.2694, 6.8315 ], [ -1.26, 6.8227 ], [ -1.2616, 6.8147 ], [ -1.2551, 6.8005 ], [ -1.2571, 6.7893 ], [ -1.2541, 6.7667 ], [ -1.2517, 6.7591 ], [ -1.2472, 6.7577 ], [ -1.2387, 6.7467 ], [ -1.2379, 6.7225 ], [ -1.2168, 6.7175 ], [ -1.1984, 6.7057 ], [ -1.1711, 6.6971 ], [ -1.1524, 6.7017 ], [ -1.1414, 6.6999 ], [ -1.1361, 6.6933 ], [ -1.1348, 6.6857 ], [ -1.1449, 6.6797 ], [ -1.1446, 6.6763 ], [ -1.1333, 6.6679 ] ] ] } },
{ "type": "Feature", "properties": { "iso3": "GHA", "unit_id": "30259293B58258204503405", "unit_name": "Asante Akim South" }, "geometry": { "type": "Polygon", "coordinates": [ [ [ -1.1985, 6.1995 ], [ -1.1819, 6.2047 ], [ -1.1797, 6.2023 ], [ -1.1635, 6.2051 ], [ -1.1609, 6.2017 ], [ -1.1561, 6.2033 ], [ -1.1534, 6.1993 ], [ -1.1462, 6.1989 ], [ -1.1317, 6.2009 ], [ -1.1211, 6.2097 ], [ -1.1245, 6.2453 ], [ -1.1182, 6.2695 ], [ -1.1281, 6.2727 ], [ -1.1308, 6.2801 ], [ -1.1277, 6.2859 ], [ -1.138, 6.2955 ], [ -1.1303, 6.2997 ], [ -1.1314, 6.3155 ], [ -1.1128, 6.3213 ], [ -1.1195, 6.3257 ], [ -1.1126, 6.3393 ], [ -1.1114, 6.3555 ], [ -1.1051, 6.3577 ], [ -1.1021, 6.3643 ], [ -1.0694, 6.3833 ], [ -1.0677, 6.3893 ], [ -1.0548, 6.3977 ], [ -1.043, 6.4005 ], [ -1.0355, 6.4115 ], [ -1.023, 6.4087 ], [ -1.0199, 6.4129 ], [ -1.0108, 6.4159 ], [ -1.0157, 6.4207 ], [ -1.0172, 6.4365 ], [ -1.0064, 6.4421 ], [ -1.0077, 6.4497 ], [ -1.005, 6.4517 ], [ -1.011, 6.4671 ], [ -1.007, 6.4723 ], [ -0.9998, 6.4995 ], [ -0.9937, 6.5045 ], [ -0.9927, 6.5111 ], [ -0.9878, 6.5163 ], [ -0.9806, 6.5199 ], [ -0.9782, 6.5183 ], [ -0.9715, 6.5351 ], [ -0.965, 6.5399 ], [ -0.9555, 6.5595 ], [ -0.9505, 6.5641 ], [ -0.9442, 6.5647 ], [ -0.9344, 6.5747 ], [ -0.9314, 6.5835 ], [ -0.914, 6.5941 ], [ -0.9149, 6.6013 ], [ -0.9106, 6.6099 ], [ -0.9184, 6.6221 ], [ -0.9229, 6.6391 ], [ -0.9434, 6.6393 ], [ -0.9451, 6.6271 ], [ -0.971, 6.6123 ], [ -0.9767, 6.6155 ], [ -0.9771, 6.6207 ], [ -0.9771, 6.6375 ], [ -0.9731, 6.6441 ], [ -1.0204, 6.6439 ], [ -1.0144, 6.6673 ], [ -0.9998, 6.6865 ], [ -0.997, 6.6963 ], [ -1.0028, 6.7047 ], [ -1.0252, 6.7233 ], [ -1.0374, 6.7245 ], [ -1.0541, 6.7095 ], [ -1.0571, 6.7191 ], [ -1.0646, 6.7185 ], [ -1.0738, 6.7227 ], [ -1.0805, 6.7231 ], [ -1.0872, 6.7167 ], [ -1.1017, 6.7189 ], [ -1.1046, 6.7163 ], [ -1.1089, 6.6995 ], [ -1.1149, 6.6945 ], [ -1.1232, 6.6733 ], [ -1.1333, 6.6679 ], [ -1.1343, 6.6531 ], [ -1.1453, 6.6463 ], [ -1.1628, 6.6419 ], [ -1.1739, 6.6315 ], [ -1.1689, 6.6251 ], [ -1.1649, 6.6249 ], [ -1.1685, 6.6167 ], [ -1.1624, 6.6127 ], [ -1.1659, 6.6079 ], [ -1.1812, 6.6021 ], [ -1.1651, 6.5909 ], [ -1.2042, 6.5855 ], [ -1.2191, 6.5709 ], [ -1.2227, 6.5475 ], [ -1.217, 6.5363 ], [ -1.227, 6.5239 ], [ -1.2217, 6.5089 ], [ -1.2028, 6.4911 ], [ -1.2038, 6.4857 ], [ -1.2176, 6.4649 ], [ -1.2342, 6.4477 ], [ -1.235, 6.4431 ], [ -1.2749, 6.4321 ], [ -1.296, 6.4007 ], [ -1.2936, 6.3919 ], [ -1.296, 6.3881 ], [ -1.2923, 6.3779 ], [ -1.297, 6.3717 ], [ -1.2796, 6.3551 ], [ -1.28, 6.3475 ], [ -1.2771, 6.3465 ], [ -1.2798, 6.3373 ], [ -1.2697, 6.3357 ], [ -1.2588, 6.3065 ], [ -1.2422, 6.2931 ], [ -1.2387, 6.2811 ], [ -1.23, 6.2845 ], [ -1.2299, 6.2659 ], [ -1.2141, 6.2403 ], [ -1.2136, 6.2283 ], [ -1.2081, 6.2275 ], [ -1.2019, 6.2211 ], [ -1.2025, 6.2089 ], [ -1.1985, 6.1995 ] ] ] } },
{ "type": "Feature", "properties": { "iso3": "GHA", "unit_id": "30259293B43516147099208", "unit_name": "Asokore Mampong Municipal" }, "geometry": { "type": "Polygon", "coordinates": [ [ [ -1.5323, 6.7085 ], [ -1.5405, 6.7163 ], [ -1.5398, 6.7237 ], [ -1.549, 6.7241 ], [ -1.5589, 6.7291 ], [ -1.563, 6.7267 ], [ -1.5676, 6.7335 ], [ -1.5896, 6.7275 ], [ -1.5963, 6.7203 ], [ -1.5988, 6.7095 ], [ -1.609, 6.7069 ], [ -1.6153, 6.6983 ], [ -1.601, 6.6967 ], [ -1.5918, 6.6905 ], [ -1.5863, 6.6963 ], [ -1.5748, 6.7001 ], [ -1.5659, 6.6915 ], [ -1.5547, 6.7059 ], [ -1.5454, 6.7011 ], [ -1.5335, 6.7031 ], [ -1.5323, 6.7085 ] ] ] } },
{ "type": "Feature", "properties": { "iso3": "GHA", "unit_id": "30259293B899919572866", "unit_name": "Asokwa  Municipal" }, "geometry": { "type": "Polygon", "coordinates": [ [ [ -1.598, 6.6123 ], [ -1.5902, 6.6143 ], [ -1.5855, 6.6221 ], [ -1.562, 6.6347 ], [ -1.5528, 6.6437 ], [ -1.5562, 6.6473 ], [ -1.5559, 6.6637 ], [ -1.5781, 6.6605 ], [ -1.5849, 6.6737 ], [ -1.5955, 6.6803 ], [ -1.5979, 6.6697 ], [ -1.6112, 6.6649 ], [ -1.6098, 6.6463 ], [ -1.6032, 6.6305 ], [ -1.605, 6.6263 ], [ -1.598, 6.6123 ] ] ] } },
{ "type": "Feature", "properties": { "iso3": "GHA", "unit_id": "30259293B78530911385151", "unit_name": "Atwima Kwanwoma" }, "geometry": { "type": "Polygon", "coordinates": [ [ [ -1.6732, 6.5697 ], [ -1.6389, 6.5327 ], [ -1.6319, 6.5313 ], [ -1.6223, 6.5343 ], [ -1.6048, 6.5279 ], [ -1.5966, 6.5293 ], [ -1.5966, 6.5403 ], [ -1.612, 6.5855 ], [ -1.6051, 6.5935 ], [ -1.5917, 6.5925 ], [ -1.597, 6.5979 ], [ -1.598, 6.6123 ], [ -1.6148, 6.6125 ], [ -1.6356, 6.6199 ], [ -1.6441, 6.6329 ], [ -1.6527, 6.6375 ], [ -1.6551, 6.6501 ], [ -1.67, 6.6675 ], [ -1.6908, 6.6541 ], [ -1.6995, 6.6673 ], [ -1.71, 6.6677 ], [ -1.7187, 6.6619 ], [ -1.7231, 6.6635 ], [ -1.7517, 6.6361 ], [ -1.7727, 6.6377 ], [ -1.7788, 6.6307 ], [ -1.7849, 6.6379 ], [ -1.7892, 6.6379 ], [ -1.7923, 6.6271 ], [ -1.8163, 6.6137 ], [ -1.8185, 6.6097 ], [ -1.8141, 6.6013 ], [ -1.8131, 6.5885 ], [ -1.8011, 6.5737 ], [ -1.7969, 6.5741 ], [ -1.794, 6.5707 ], [ -1.7952, 6.5589 ], [ -1.7909, 6.5501 ], [ -1.7996, 6.5425 ], [ -1.803, 6.5341 ], [ -1.7927, 6.5213 ], [ -1.7934, 6.5145 ], [ -1.7865, 6.5119 ], [ -1.7801, 6.5145 ], [ -1.7761, 6.5277 ], [ -1.7698, 6.5321 ], [ -1.7451, 6.5271 ], [ -1.7446, 6.5345 ], [ -1.74, 6.5405 ], [ -1.7233, 6.5415 ], [ -1.7145, 6.5497 ], [ -1.7139, 6.5563 ], [ -1.7085, 6.5613 ], [ -1.6823, 6.5527 ], [ -1.6732, 6.5697 ] ] ] } },
{ "type": "Feature", "properties": { "iso3": "GHA", "unit_id": "30259293B78659702563487", "unit_name": "Atwima Mponua" }, "geometry": { "type": "MultiPolygon", "coordinates": [ [ [ [ -2.2241, 6.3267 ], [ -2.2266, 6.3249 ], [ -2.227, 6.3219 ], [ -2.2243, 6.3233 ], [ -2.2241, 6.3267 ] ] ], [ [ [ -2.4304, 6.3543 ], [ -2.4211, 6.3479 ], [ -2.3976, 6.3509 ], [ -2.3996, 6.3415 ], [ -2.3899, 6.3349 ], [ -2.3895, 6.3465 ], [ -2.3783, 6.3507 ], [ -2.3618, 6.3841 ], [ -2.352, 6.3943 ], [ -2.344, 6.4335 ], [ -2.3546, 6.4487 ], [ -2.3494, 6.4549 ], [ -2.3512, 6.4645 ], [ -2.3597, 6.4765 ], [ -2.3512, 6.4839 ], [ -2.3438, 6.4827 ], [ -2.338, 6.4923 ], [ -2.3101, 6.4899 ], [ -2.3064, 6.4843 ], [ -2.3026, 6.4841 ], [ -2.2949, 6.4905 ], [ -2.2797, 6.4875 ], [ -2.2605, 6.4905 ], [ -2.2407, 6.4723 ], [ -2.23, 6.4461 ], [ -2.2309, 6.4223 ], [ -2.2255, 6.4153 ], [ -2.2271, 6.4077 ], [ -2.2157, 6.3633 ], [ -2.217, 6.3471 ], [ -2.2253, 6.3309 ], [ -2.2241, 6.3267 ], [ -2.212, 6.3361 ], [ -2.1999, 6.3539 ], [ -2.1607, 6.3729 ], [ -2.1594, 6.3905 ], [ -2.1448, 6.3907 ], [ -2.1415, 6.3961 ], [ -2.141, 6.4137 ], [ -2.1239, 6.4121 ], [ -2.1164, 6.4145 ], [ -2.0973, 6.4107 ], [ -2.0801, 6.4033 ], [ -2.07, 6.3953 ], [ -2.0569, 6.3963 ], [ -2.0454, 6.3907 ], [ -2.0426, 6.3947 ], [ -2.0492, 6.3983 ], [ -2.0425, 6.4127 ], [ -2.0461, 6.4255 ], [ -2.0405, 6.4303 ], [ -2.0285, 6.4309 ], [ -2.0233, 6.4355 ], [ -2.0208, 6.4383 ], [ -2.0234, 6.4419 ], [ -2.0324, 6.4429 ], [ -2.0114, 6.4577 ], [ -2.0066, 6.4651 ], [ -2.0078, 6.4729 ], [ -2.0, 6.4991 ], [ -2.0077, 6.5257 ], [ -1.9946, 6.5149 ], [ -1.9912, 6.5149 ], [ -1.9901, 6.5185 ], [ -1.976, 6.5199 ], [ -1.976, 6.5239 ], [ -1.9832, 6.5253 ], [ -1.984, 6.5287 ], [ -1.9746, 6.5327 ], [ -1.969, 6.5449 ], [ -1.9729, 6.5465 ], [ -1.9714, 6.5527 ], [ -1.9597, 6.5695 ], [ -1.9351, 6.5751 ], [ -1.9287, 6.5825 ], [ -1.911, 6.5855 ], [ -1.9052, 6.5913 ], [ -1.9018, 6.5871 ], [ -1.8816, 6.5879 ], [ -1.8858, 6.5789 ], [ -1.8771, 6.5727 ], [ -1.8595, 6.5733 ], [ -1.8581, 6.5863 ], [ -1.8604, 6.5889 ], [ -1.8581, 6.5923 ], [ -1.8615, 6.5985 ], [ -1.855, 6.6075 ], [ -1.8553, 6.6197 ], [ -1.8499, 6.6227 ], [ -1.8415, 6.6387 ], [ -1.8328, 6.6471 ], [ -1.8314, 6.6579 ], [ -1.8427, 6.6669 ], [ -1.8481, 6.6875 ], [ -1.8594, 6.6933 ], [ -1.872, 6.7101 ], [ -1.8847, 6.7149 ], [ -1.8998, 6.7425 ], [ -1.9065, 6.7431 ], [ -1.9051, 6.7387 ], [ -1.911, 6.7339 ], [ -1.9209, 6.7351 ], [ -1.928, 6.7417 ], [ -1.9351, 6.7391 ], [ -1.933, 6.7321 ], [ -1.9375, 6.7323 ], [ -1.9383, 6.7209 ], [ -1.9422, 6.7189 ], [ -1.9446, 6.7111 ], [ -1.9516, 6.7067 ], [ -1.9549, 6.7139 ], [ -1.9517, 6.7245 ], [ -1.9626, 6.7369 ], [ -1.9703, 6.7399 ], [ -1.9694, 6.7623 ], [ -1.98, 6.7733 ], [ -1.9921, 6.7729 ], [ -1.9977, 6.7535 ], [ -2.0099, 6.7753 ], [ -2.0223, 6.7817 ], [ -2.0413, 6.7721 ], [ -2.0593, 6.7811 ], [ -2.1066, 6.7859 ], [ -2.1191, 6.7903 ], [ -2.1224, 6.7863 ], [ -2.1426, 6.7859 ], [ -2.1786, 6.7607 ], [ -2.1782, 6.7499 ], [ -2.1964, 6.7283 ], [ -2.1982, 6.7219 ], [ -2.2043, 6.7241 ], [ -2.215, 6.7129 ], [ -2.2179, 6.7153 ], [ -2.2282, 6.7135 ], [ -2.2376, 6.7195 ], [ -2.2474, 6.7019 ], [ -2.2509, 6.7003 ], [ -2.2644, 6.7093 ], [ -2.2809, 6.7053 ], [ -2.2856, 6.6999 ], [ -2.2903, 6.7049 ], [ -2.3011, 6.6963 ], [ -2.3032, 6.6895 ], [ -2.3075, 6.6885 ], [ -2.3308, 6.6965 ], [ -2.3473, 6.6985 ], [ -2.3632, 6.6879 ], [ -2.3658, 6.6795 ], [ -2.3732, 6.6717 ], [ -2.3812, 6.6725 ], [ -2.3886, 6.6669 ], [ -2.4016, 6.6653 ], [ -2.4172, 6.6575 ], [ -2.412, 6.6515 ], [ -2.3965, 6.6477 ], [ -2.3958, 6.6427 ], [ -2.4016, 6.6363 ], [ -2.4008, 6.6297 ], [ -2.3928, 6.6231 ], [ -2.3942, 6.6179 ], [ -2.3904, 6.6099 ], [ -2.3841, 6.6103 ], [ -2.3831, 6.5979 ], [ -2.3789, 6.5985 ], [ -2.3713, 6.5929 ], [ -2.3798, 6.5849 ], [ -2.3807, 6.5717 ], [ -2.3855, 6.5677 ], [ -2.3849, 6.5571 ], [ -2.377, 6.5473 ], [ -2.3764, 6.5387 ], [ -2.3834, 6.5335 ], [ -2.3827, 6.5271 ], [ -2.3853, 6.5245 ], [ -2.3962, 6.5213 ], [ -2.3983, 6.5041 ], [ -2.4018, 6.5069 ], [ -2.4076, 6.5043 ], [ -2.4112, 6.4971 ], [ -2.4159, 6.4953 ], [ -2.4157, 6.4901 ], [ -2.4224, 6.4911 ], [ -2.4256, 6.4841 ], [ -2.4203, 6.4783 ], [ -2.4304, 6.4713 ], [ -2.4432, 6.4537 ], [ -2.4442, 6.4439 ], [ -2.4392, 6.4391 ], [ -2.4475, 6.4315 ], [ -2.4406, 6.4281 ], [ -2.4389, 6.4207 ], [ -2.4296, 6.4171 ], [ -2.4214, 6.4045 ], [ -2.4248, 6.4045 ], [ -2.4256, 6.4011 ], [ -2.4235, 6.3949 ], [ -2.4304, 6.3543 ] ] ] ] } },
{ "type": "Feature", "properties": { "iso3": "GHA", "unit_id": "30259293B93042864041301", "unit_name": "Atwima Nwabiagya North" }, "geometry": { "type": "Polygon", "coordinates": [ [ [ -1.6861, 6.8671 ], [ -1.6894, 6.8703 ], [ -1.6881, 6.8815 ], [ -1.7009, 6.8903 ], [ -1.712, 6.8911 ], [ -1.7125, 6.8995 ], [ -1.7206, 6.9135 ], [ -1.7162, 6.9259 ], [ -1.7203, 6.9365 ], [ -1.7434, 6.9387 ], [ -1.7577, 6.9567 ], [ -1.7757, 6.9727 ], [ -1.7948, 6.9705 ], [ -1.803, 6.9809 ], [ -1.8217, 6.9931 ], [ -1.826, 6.9875 ], [ -1.8245, 6.9763 ], [ -1.8278, 6.9695 ], [ -1.8214, 6.9659 ], [ -1.8207, 6.9583 ], [ -1.81, 6.9451 ], [ -1.803, 6.9461 ], [ -1.7885, 6.9283 ], [ -1.7871, 6.9173 ], [ -1.7972, 6.9055 ], [ -1.7965, 6.8851 ], [ -1.8039, 6.8801 ], [ -1.8011, 6.8735 ], [ -1.8024, 6.8649 ], [ -1.7954, 6.8555 ], [ -1.7953, 6.8401 ], [ -1.7918, 6.8309 ], [ -1.7805, 6.8237 ], [ -1.7801, 6.8137 ], [ -1.7894, 6.8041 ], [ -1.7888, 6.7997 ], [ -1.751, 6.7977 ], [ -1.7206, 6.7817 ], [ -1.6968, 6.7741 ], [ -1.6844, 6.7653 ], [ -1.6753, 6.7677 ], [ -1.6743, 6.7841 ], [ -1.6632, 6.7777 ], [ -1.6626, 6.7819 ], [ -1.6681, 6.7855 ], [ -1.6711, 6.8103 ], [ -1.688, 6.8123 ], [ -1.6798, 6.8183 ], [ -1.6798, 6.8251 ], [ -1.6756, 6.8313 ], [ -1.6888, 6.8401 ], [ -1.6949, 6.8529 ], [ -1.6933, 6.8611 ], [ -1.6905, 6.8603 ], [ -1.6861, 6.8671 ] ] ] } },
{ "type": "Feature", "properties": { "iso3": "GHA", "unit_id": "30259293B22016277982765", "unit_name": "Atwima Nwabiagya South" }, "geometry": { "type": "Polygon", "coordinates": [ [ [ -1.9065, 6.7431 ], [ -1.8998, 6.7425 ], [ -1.8847, 6.7149 ], [ -1.872, 6.7101 ], [ -1.8594, 6.6933 ], [ -1.8481, 6.6875 ], [ -1.8427, 6.6669 ], [ -1.8314, 6.6579 ], [ -1.8328, 6.6471 ], [ -1.8415, 6.6387 ], [ -1.8499, 6.6227 ], [ -1.8553, 6.6197 ], [ -1.855, 6.6075 ], [ -1.8615, 6.5985 ], [ -1.8581, 6.5923 ], [ -1.8604, 6.5889 ], [ -1.8543, 6.5843 ], [ -1.8261, 6.5779 ], [ -1.8086, 6.5675 ], [ -1.8011, 6.5737 ], [ -1.8131, 6.5885 ], [ -1.8141, 6.6013 ], [ -1.8185, 6.6097 ], [ -1.8163, 6.6137 ], [ -1.7979, 6.6219 ], [ -1.7923, 6.6271 ], [ -1.7892, 6.6379 ], [ -1.7849, 6.6379 ], [ -1.7788, 6.6307 ], [ -1.7727, 6.6377 ], [ -1.7481, 6.6371 ], [ -1.7275, 6.6573 ], [ -1.7268, 6.6611 ], [ -1.7231, 6.6635 ], [ -1.7187, 6.6619 ], [ -1.7018, 6.6733 ], [ -1.7049, 6.6817 ], [ -1.7036, 6.6883 ], [ -1.6985, 6.6955 ], [ -1.6966, 6.7071 ], [ -1.6849, 6.7193 ], [ -1.6879, 6.7225 ], [ -1.6769, 6.7235 ], [ -1.6769, 6.7181 ], [ -1.663, 6.7171 ], [ -1.6651, 6.7407 ], [ -1.6823, 6.7433 ], [ -1.6831, 6.7481 ], [ -1.6986, 6.7481 ], [ -1.6988, 6.7511 ], [ -1.7085, 6.7519 ], [ -1.7105, 6.7551 ], [ -1.7019, 6.7611 ], [ -1.6844, 6.7653 ], [ -1.6968, 6.7741 ], [ -1.7206, 6.7817 ], [ -1.751, 6.7977 ], [ -1.7888, 6.7997 ], [ -1.7925, 6.7969 ], [ -1.8082, 6.7971 ], [ -1.8214, 6.7905 ], [ -1.8312, 6.7975 ], [ -1.8311, 6.8017 ], [ -1.8363, 6.8063 ], [ -1.8427, 6.8053 ], [ -1.851, 6.8093 ], [ -1.8602, 6.8101 ], [ -1.8673, 6.8007 ], [ -1.8693, 6.7893 ], [ -1.8769, 6.7821 ], [ -1.8905, 6.7813 ], [ -1.892, 6.7733 ], [ -1.9057, 6.7537 ], [ -1.9065, 6.7431 ] ] ] } },
{ "type": "Feature", "properties": { "iso3": "GHA", "unit_id": "30259293B93533215009592", "unit_name": "Bekwai Municipal" }, "geometry": { "type": "Polygon", "coordinates": [ [ [ -1.4616, 6.3259 ], [ -1.4424, 6.3435 ], [ -1.4442, 6.3489 ], [ -1.4355, 6.3615 ], [ -1.4377, 6.3697 ], [ -1.4337, 6.3687 ], [ -1.4262, 6.3789 ], [ -1.4267, 6.3841 ], [ -1.4353, 6.3845 ], [ -1.4471, 6.4245 ], [ -1.4227, 6.4311 ], [ -1.4285, 6.4367 ], [ -1.4505, 6.4459 ], [ -1.458, 6.4613 ], [ -1.4713, 6.4651 ], [ -1.4786, 6.4635 ], [ -1.4853, 6.4707 ], [ -1.4826, 6.4901 ], [ -1.4738, 6.5035 ], [ -1.4746, 6.5113 ], [ -1.5016, 6.5091 ], [ -1.5147, 6.5111 ], [ -1.5351, 6.5261 ], [ -1.5485, 6.5303 ], [ -1.5675, 6.5125 ], [ -1.5819, 6.5057 ], [ -1.58, 6.5225 ], [ -1.5876, 6.5159 ], [ -1.5966, 6.5293 ], [ -1.6048, 6.5279 ], [ -1.6223, 6.5343 ], [ -1.6319, 6.5313 ], [ -1.6389, 6.5327 ], [ -1.6522, 6.5479 ], [ -1.6576, 6.5449 ], [ -1.6668, 6.5481 ], [ -1.6727, 6.5409 ], [ -1.6879, 6.5351 ], [ -1.6957, 6.5285 ], [ -1.6935, 6.5179 ], [ -1.6828, 6.5081 ], [ -1.6857, 6.5039 ], [ -1.7042, 6.5007 ], [ -1.714, 6.4893 ], [ -1.7217, 6.4925 ], [ -1.7285, 6.4909 ], [ -1.7442, 6.4729 ], [ -1.7401, 6.4469 ], [ -1.7572, 6.4383 ], [ -1.7573, 6.4089 ], [ -1.7705, 6.3931 ], [ -1.7692, 6.3899 ], [ -1.7608, 6.3903 ], [ -1.7445, 6.3851 ], [ -1.7333, 6.3735 ], [ -1.7303, 6.3607 ], [ -1.726, 6.3603 ], [ -1.7186, 6.3679 ], [ -1.7024, 6.3715 ], [ -1.6986, 6.3801 ], [ -1.6915, 6.3839 ], [ -1.6768, 6.4027 ], [ -1.6645, 6.3987 ], [ -1.6566, 6.4015 ], [ -1.6516, 6.3969 ], [ -1.6482, 6.3863 ], [ -1.6339, 6.3837 ], [ -1.6198, 6.3899 ], [ -1.6173, 6.4035 ], [ -1.6053, 6.4003 ], [ -1.6007, 6.3923 ], [ -1.5852, 6.3967 ], [ -1.5862, 6.3897 ], [ -1.5744, 6.3803 ], [ -1.5783, 6.3747 ], [ -1.5686, 6.3577 ], [ -1.571, 6.3499 ], [ -1.5688, 6.3475 ], [ -1.5547, 6.3479 ], [ -1.5417, 6.3433 ], [ -1.5193, 6.3483 ], [ -1.5125, 6.3645 ], [ -1.5123, 6.3753 ], [ -1.4868, 6.3711 ], [ -1.4843, 6.3679 ], [ -1.4918, 6.3577 ], [ -1.4901, 6.3537 ], [ -1.4825, 6.3489 ], [ -1.4752, 6.3373 ], [ -1.4682, 6.3355 ], [ -1.4616, 6.3259 ] ] ] } },
{ "type": "Feature", "properties": { "iso3": "GHA", "unit_id": "30259293B90506530178117", "unit_name": "Bosome Freho" }, "geometry": { "type": "MultiPolygon", "coordinates": [ [ [ [ -1.2931, 6.1453 ], [ -1.2862, 6.1301 ], [ -1.2753, 6.1179 ], [ -1.2634, 6.1119 ], [ -1.26, 6.1021 ], [ -1.2509, 6.1061 ], [ -1.2456, 6.1181 ], [ -1.2325, 6.1181 ], [ -1.2266, 6.1225 ], [ -1.2193, 6.1191 ], [ -1.2091, 6.1203 ], [ -1.2055, 6.1157 ], [ -1.1934, 6.1225 ], [ -1.1984, 6.1263 ], [ -1.2005, 6.1329 ], [ -1.1932, 6.1367 ], [ -1.1881, 6.1445 ], [ -1.1841, 6.1441 ], [ -1.1796, 6.1563 ], [ -1.1855, 6.1691 ], [ -1.1823, 6.1675 ], [ -1.179, 6.1739 ], [ -1.1801, 6.1803 ], [ -1.1883, 6.1841 ], [ -1.189, 6.1935 ], [ -1.1933, 6.1995 ], [ -1.1985, 6.1995 ], [ -1.2188, 6.2111 ], [ -1.2428, 6.2079 ], [ -1.2584, 6.2189 ], [ -1.2694, 6.2041 ], [ -1.2917, 6.2057 ], [ -1.2969, 6.1977 ], [ -1.2978, 6.1837 ], [ -1.2912, 6.1647 ], [ -1.2931, 6.1453 ] ] ], [ [ [ -1.2354, 6.2815 ], [ -1.2401, 6.2835 ], [ -1.2422, 6.2931 ], [ -1.2625, 6.3117 ], [ -1.261, 6.3155 ], [ -1.2668, 6.3229 ], [ -1.2697, 6.3357 ], [ -1.2798, 6.3373 ], [ -1.2771, 6.3465 ], [ -1.28, 6.3475 ], [ -1.2796, 6.3551 ], [ -1.297, 6.3717 ], [ -1.2923, 6.3779 ], [ -1.296, 6.3881 ], [ -1.2934, 6.4061 ], [ -1.2999, 6.4113 ], [ -1.2986, 6.4193 ], [ -1.3031, 6.4243 ], [ -1.2986, 6.4347 ], [ -1.3029, 6.4405 ], [ -1.3117, 6.4407 ], [ -1.3292, 6.4601 ], [ -1.3427, 6.4639 ], [ -1.3502, 6.4709 ], [ -1.38, 6.4801 ], [ -1.3977, 6.4705 ], [ -1.4145, 6.4745 ], [ -1.4349, 6.4727 ], [ -1.4452, 6.4825 ], [ -1.4479, 6.4969 ], [ -1.4609, 6.5087 ], [ -1.4746, 6.5113 ], [ -1.4738, 6.5035 ], [ -1.4826, 6.4901 ], [ -1.4853, 6.4707 ], [ -1.4786, 6.4635 ], [ -1.4713, 6.4651 ], [ -1.458, 6.4613 ], [ -1.4505, 6.4459 ], [ -1.4285, 6.4367 ], [ -1.4227, 6.4311 ], [ -1.4471, 6.4245 ], [ -1.4353, 6.3845 ], [ -1.4267, 6.3841 ], [ -1.4262, 6.3789 ], [ -1.4337, 6.3687 ], [ -1.4377, 6.3697 ], [ -1.4355, 6.3615 ], [ -1.4442, 6.3489 ], [ -1.4424, 6.3435 ], [ -1.4811, 6.3071 ], [ -1.4728, 6.2951 ], [ -1.4677, 6.2903 ], [ -1.4599, 6.2911 ], [ -1.4516, 6.2991 ], [ -1.4357, 6.3049 ], [ -1.4246, 6.3027 ], [ -1.4193, 6.2901 ], [ -1.3991, 6.2843 ], [ -1.3872, 6.3009 ], [ -1.3868, 6.2913 ], [ -1.3767, 6.2721 ], [ -1.3872, 6.2523 ], [ -1.3834, 6.2349 ], [ -1.3777, 6.2297 ], [ -1.3705, 6.2289 ], [ -1.3559, 6.2405 ], [ -1.34, 6.2419 ], [ -1.329, 6.2379 ], [ -1.321, 6.2245 ], [ -1.3028, 6.2279 ], [ -1.2971, 6.2357 ], [ -1.2885, 6.2339 ], [ -1.274, 6.2517 ], [ -1.2584, 6.2579 ], [ -1.2539, 6.2637 ], [ -1.2423, 6.2661 ], [ -1.2354, 6.2815 ] ] ] ] } },
{ "type": "Feature", "properties": { "iso3": "GHA", "unit_id": "30259293B1276484515919", "unit_name": "Bosomtwe" }, "geometry": { "type": "Polygon", "coordinates": [ [ [ -1.598, 6.6123 ], [ -1.597, 6.5979 ], [ -1.5917, 6.5925 ], [ -1.6051, 6.5935 ], [ -1.612, 6.5855 ], [ -1.5966, 6.5403 ], [ -1.5966, 6.5293 ], [ -1.5876, 6.5159 ], [ -1.58, 6.5225 ], [ -1.5788, 6.5193 ], [ -1.5819, 6.5057 ], [ -1.5675, 6.5125 ], [ -1.5485, 6.5303 ], [ -1.5351, 6.5261 ], [ -1.5147, 6.5111 ], [ -1.4609, 6.5087 ], [ -1.4479, 6.4969 ], [ -1.4452, 6.4825 ], [ -1.4392, 6.4753 ], [ -1.4262, 6.4715 ], [ -1.4145, 6.4745 ], [ -1.3977, 6.4705 ], [ -1.38, 6.4801 ], [ -1.3705, 6.4751 ], [ -1.3494, 6.4897 ], [ -1.3412, 6.4907 ], [ -1.3379, 6.4987 ], [ -1.3419, 6.5149 ], [ -1.3133, 6.5263 ], [ -1.3103, 6.5565 ], [ -1.322, 6.5729 ], [ -1.3361, 6.5789 ], [ -1.3413, 6.5853 ], [ -1.3493, 6.6053 ], [ -1.3438, 6.6151 ], [ -1.3482, 6.6205 ], [ -1.3564, 6.6213 ], [ -1.3788, 6.6363 ], [ -1.3883, 6.6347 ], [ -1.4083, 6.6401 ], [ -1.4132, 6.6349 ], [ -1.4115, 6.6211 ], [ -1.4213, 6.6109 ], [ -1.4312, 6.6097 ], [ -1.4415, 6.6179 ], [ -1.4536, 6.6083 ], [ -1.4675, 6.6067 ], [ -1.489, 6.6173 ], [ -1.497, 6.6327 ], [ -1.5057, 6.6317 ], [ -1.5147, 6.6439 ], [ -1.5395, 6.6473 ], [ -1.5528, 6.6437 ], [ -1.562, 6.6347 ], [ -1.5855, 6.6221 ], [ -1.5902, 6.6143 ], [ -1.598, 6.6123 ] ] ] } },
{ "type": "Feature", "properties": { "iso3": "GHA", "unit_id": "30259293B54284741039676", "unit_name": "Ejisu Municipal" }, "geometry": { "type": "Polygon", "coordinates": [ [ [ -1.2796, 6.6399 ], [ -1.2921, 6.6575 ], [ -1.324, 6.6629 ], [ -1.3258, 6.6741 ], [ -1.3296, 6.6787 ], [ -1.3492, 6.6815 ], [ -1.3623, 6.6945 ], [ -1.3745, 6.6993 ], [ -1.3792, 6.7169 ], [ -1.3988, 6.7299 ], [ -1.4091, 6.7327 ], [ -1.4176, 6.7429 ], [ -1.4193, 6.7579 ], [ -1.4334, 6.7625 ], [ -1.4381, 6.7717 ], [ -1.4585, 6.7889 ], [ -1.4708, 6.7941 ], [ -1.4754, 6.7943 ], [ -1.4765, 6.7899 ], [ -1.493, 6.7751 ], [ -1.4921, 6.7559 ], [ -1.4948, 6.7535 ], [ -1.5129, 6.7501 ], [ -1.5259, 6.7553 ], [ -1.5293, 6.7493 ], [ -1.5385, 6.7467 ], [ -1.5418, 6.7371 ], [ -1.5548, 6.7277 ], [ -1.5398, 6.7237 ], [ -1.5387, 6.7131 ], [ -1.5228, 6.7049 ], [ -1.526, 6.6941 ], [ -1.5156, 6.6883 ], [ -1.5125, 6.6735 ], [ -1.505, 6.6629 ], [ -1.5147, 6.6439 ], [ -1.5125, 6.6383 ], [ -1.5057, 6.6317 ], [ -1.497, 6.6327 ], [ -1.4862, 6.6153 ], [ -1.4784, 6.6141 ], [ -1.4675, 6.6067 ], [ -1.4536, 6.6083 ], [ -1.4415, 6.6179 ], [ -1.4312, 6.6097 ], [ -1.4213, 6.6109 ], [ -1.4115, 6.6211 ], [ -1.4121, 6.6377 ], [ -1.4038, 6.6405 ], [ -1.3883, 6.6347 ], [ -1.3788, 6.6363 ], [ -1.3564, 6.6213 ], [ -1.3457, 6.6181 ], [ -1.3438, 6.6151 ], [ -1.3493, 6.6053 ], [ -1.3413, 6.5853 ], [ -1.3361, 6.5789 ], [ -1.322, 6.5729 ], [ -1.3103, 6.5565 ], [ -1.3105, 6.5393 ], [ -1.3154, 6.5243 ], [ -1.3419, 6.5149 ], [ -1.3379, 6.4987 ], [ -1.3412, 6.4907 ], [ -1.3494, 6.4897 ], [ -1.3705, 6.4751 ], [ -1.3502, 6.4709 ], [ -1.3427, 6.4639 ], [ -1.3292, 6.4601 ], [ -1.3144, 6.4425 ], [ -1.3029, 6.4405 ], [ -1.2986, 6.4347 ], [ -1.2953, 6.4373 ], [ -1.2929, 6.4509 ], [ -1.2862, 6.4509 ], [ -1.2907, 6.4719 ], [ -1.2796, 6.5015 ], [ -1.2855, 6.5039 ], [ -1.2838, 6.5249 ], [ -1.2976, 6.5509 ], [ -1.284, 6.5689 ], [ -1.2735, 6.5777 ], [ -1.267, 6.5787 ], [ -1.2779, 6.6015 ], [ -1.2748, 6.6091 ], [ -1.2848, 6.6221 ], [ -1.286, 6.6325 ], [ -1.2796, 6.6399 ] ] ] } },
{ "type": "Feature", "properties": { "iso3": "GHA", "unit_id": "30259293B76715241989789", "unit_name": "Ejura-Sekyedumase" }, "geometry": { "type": "Polygon", "coordinates": [ [ [ -1.6087, 7.1499 ], [ -1.5952, 7.1503 ], [ -1.5894, 7.1455 ], [ -1.5871, 7.1479 ], [ -1.5801, 7.1749 ], [ -1.5767, 7.1769 ], [ -1.5635, 7.2071 ], [ -1.5554, 7.2161 ], [ -1.5344, 7.2273 ], [ -1.5301, 7.2339 ], [ -1.517, 7.2371 ], [ -1.5094, 7.2287 ], [ -1.4978, 7.2337 ], [ -1.5024, 7.2525 ], [ -1.4934, 7.2589 ], [ -1.4813, 7.2601 ], [ -1.4103, 7.2899 ], [ -1.4061, 7.2925 ], [ -1.4033, 7.3027 ], [ -1.3921, 7.2983 ], [ -1.3852, 7.3063 ], [ -1.377, 7.3083 ], [ -1.3696, 7.3033 ], [ -1.357, 7.2857 ], [ -1.3487, 7.2833 ], [ -1.3444, 7.2755 ], [ -1.331, 7.2677 ], [ -1.3236, 7.2673 ], [ -1.313, 7.2587 ], [ -1.2982, 7.2375 ], [ -1.2893, 7.2325 ], [ -1.2969, 7.2641 ], [ -1.2976, 7.2869 ], [ -1.2779, 7.2887 ], [ -1.2775, 7.2955 ], [ -1.2826, 7.3019 ], [ -1.2787, 7.3079 ], [ -1.2761, 7.3269 ], [ -1.2667, 7.3403 ], [ -1.2354, 7.3621 ], [ -1.2094, 7.3615 ], [ -1.1996, 7.3657 ], [ -1.1851, 7.3643 ], [ -1.1798, 7.3673 ], [ -1.1735, 7.3867 ], [ -1.1727, 7.4007 ], [ -1.1664, 7.4123 ], [ -1.1639, 7.4307 ], [ -1.1511, 7.4423 ], [ -1.1456, 7.4549 ], [ -1.1472, 7.4685 ], [ -1.1545, 7.4689 ], [ -1.1576, 7.4795 ], [ -1.1804, 7.4819 ], [ -1.2025, 7.4951 ], [ -1.2259, 7.4947 ], [ -1.2386, 7.4897 ], [ -1.2478, 7.4945 ], [ -1.266, 7.5209 ], [ -1.2904, 7.5359 ], [ -1.2951, 7.5473 ], [ -1.2942, 7.5589 ], [ -1.3003, 7.5715 ], [ -1.3133, 7.5815 ], [ -1.3131, 7.6021 ], [ -1.3166, 7.6095 ], [ -1.3079, 7.6219 ], [ -1.3158, 7.6245 ], [ -1.3423, 7.6193 ], [ -1.3684, 7.6031 ], [ -1.3864, 7.6047 ], [ -1.3979, 7.5995 ], [ -1.4093, 7.5865 ], [ -1.4203, 7.5809 ], [ -1.4254, 7.5827 ], [ -1.4251, 7.5763 ], [ -1.4336, 7.5735 ], [ -1.4363, 7.5577 ], [ -1.4517, 7.5411 ], [ -1.4624, 7.5235 ], [ -1.4718, 7.4985 ], [ -1.4942, 7.4811 ], [ -1.5192, 7.4487 ], [ -1.5125, 7.4419 ], [ -1.5099, 7.4291 ], [ -1.51, 7.4211 ], [ -1.5156, 7.4097 ], [ -1.5158, 7.3923 ], [ -1.5182, 7.3903 ], [ -1.5219, 7.3965 ], [ -1.5279, 7.3991 ], [ -1.5404, 7.3959 ], [ -1.5634, 7.4049 ], [ -1.5769, 7.4025 ], [ -1.5924, 7.3841 ], [ -1.6068, 7.3599 ], [ -1.6178, 7.3513 ], [ -1.6259, 7.3389 ], [ -1.6361, 7.3387 ], [ -1.6417, 7.3337 ], [ -1.6416, 7.3265 ], [ -1.6359, 7.3203 ], [ -1.6397, 7.3125 ], [ -1.6363, 7.3015 ], [ -1.6378, 7.2827 ], [ -1.6427, 7.2747 ], [ -1.6438, 7.2631 ], [ -1.6468, 7.2639 ], [ -1.6565, 7.2541 ], [ -1.6542, 7.2463 ], [ -1.6595, 7.2331 ], [ -1.6518, 7.2179 ], [ -1.6569, 7.2047 ], [ -1.6538, 7.1947 ], [ -1.6587, 7.1883 ], [ -1.658, 7.1617 ], [ -1.6312, 7.1627 ], [ -1.6311, 7.1665 ], [ -1.6074, 7.1653 ], [ -1.6087, 7.1499 ] ] ] } },
{ "type": "Feature", "properties": { "iso3": "GHA", "unit_id": "30259293B52228722628417", "unit_name": "Juaben Municipal" }, "geometry": { "type": "Polygon", "coordinates": [ [ [ -1.2668, 6.6611 ], [ -1.2996, 6.6941 ], [ -1.314, 6.6987 ], [ -1.3211, 6.7139 ], [ -1.3523, 6.7269 ], [ -1.3547, 6.7305 ], [ -1.3525, 6.7521 ], [ -1.3503, 6.7549 ], [ -1.3383, 6.7539 ], [ -1.338, 6.7651 ], [ -1.3507, 6.7943 ], [ -1.3673, 6.8093 ], [ -1.373, 6.8269 ], [ -1.3886, 6.8275 ], [ -1.4013, 6.8451 ], [ -1.4282, 6.8323 ], [ -1.4317, 6.8395 ], [ -1.4484, 6.8471 ], [ -1.4475, 6.8565 ], [ -1.4401, 6.8723 ], [ -1.4625, 6.8693 ], [ -1.466, 6.8495 ], [ -1.4592, 6.8265 ], [ -1.4586, 6.8081 ], [ -1.4524, 6.7961 ], [ -1.4585, 6.7889 ], [ -1.4381, 6.7717 ], [ -1.4334, 6.7625 ], [ -1.4193, 6.7579 ], [ -1.4176, 6.7429 ], [ -1.4091, 6.7327 ], [ -1.3988, 6.7299 ], [ -1.3792, 6.7169 ], [ -1.3745, 6.6993 ], [ -1.3623, 6.6945 ], [ -1.3492, 6.6815 ], [ -1.3296, 6.6787 ], [ -1.3258, 6.6741 ], [ -1.324, 6.6629 ], [ -1.2921, 6.6575 ], [ -1.2796, 6.6399 ], [ -1.2672, 6.6507 ], [ -1.2668, 6.6611 ] ] ] } },
{ "type": "Feature", "properties": { "iso3": "GHA", "unit_id": "30259293B8363169925035", "unit_name": "Kumasi Metropolitan" }, "geometry": { "type": "Polygon", "coordinates": [ [ [ -1.6021, 6.7089 ], [ -1.6077, 6.7145 ], [ -1.6166, 6.7145 ], [ -1.6347, 6.7091 ], [ -1.6432, 6.7029 ], [ -1.6458, 6.6839 ], [ -1.6337, 6.6691 ], [ -1.6112, 6.6649 ], [ -1.5979, 6.6697 ], [ -1.5955, 6.6803 ], [ -1.6047, 6.6903 ], [ -1.601, 6.6967 ], [ -1.6153, 6.6983 ], [ -1.609, 6.7069 ], [ -1.6021, 6.7089 ] ] ] } },
{ "type": "Feature", "properties": { "iso3": "GHA", "unit_id": "30259293B41043902705500", "unit_name": "Kwabre East" }, "geometry": { "type": "Polygon", "coordinates": [ [ [ -1.6057, 6.7629 ], [ -1.6019, 6.7627 ], [ -1.5893, 6.7507 ], [ -1.5628, 6.7409 ], [ -1.5676, 6.7335 ], [ -1.563, 6.7267 ], [ -1.5548, 6.7277 ], [ -1.5418, 6.7371 ], [ -1.5385, 6.7467 ], [ -1.5293, 6.7493 ], [ -1.5259, 6.7553 ], [ -1.5129, 6.7501 ], [ -1.4948, 6.7535 ], [ -1.4921, 6.7559 ], [ -1.493, 6.7751 ], [ -1.4765, 6.7899 ], [ -1.4754, 6.7943 ], [ -1.4585, 6.7889 ], [ -1.4524, 6.7961 ], [ -1.4586, 6.8081 ], [ -1.4635, 6.8463 ], [ -1.466, 6.8495 ], [ -1.475, 6.8503 ], [ -1.4922, 6.8419 ], [ -1.5076, 6.8395 ], [ -1.5241, 6.8475 ], [ -1.5416, 6.8195 ], [ -1.5483, 6.8139 ], [ -1.5987, 6.7887 ], [ -1.6136, 6.7759 ], [ -1.6057, 6.7629 ] ] ] } },
{ "type": "Feature", "properties": { "iso3": "GHA", "unit_id": "30259293B38965983985437", "unit_name": "Kwadaso Municipal" }, "geometry": { "type": "Polygon", "coordinates": [ [ [ -1.6112, 6.6649 ], [ -1.6337, 6.6691 ], [ -1.6458, 6.6839 ], [ -1.6432, 6.7029 ], [ -1.6558, 6.7063 ], [ -1.663, 6.7171 ], [ -1.6769, 6.7181 ], [ -1.6769, 6.7235 ], [ -1.6879, 6.7225 ], [ -1.6849, 6.7193 ], [ -1.6966, 6.7071 ], [ -1.6985, 6.6955 ], [ -1.7036, 6.6883 ], [ -1.7049, 6.6817 ], [ -1.7018, 6.6733 ], [ -1.71, 6.6677 ], [ -1.6995, 6.6673 ], [ -1.6908, 6.6541 ], [ -1.67, 6.6675 ], [ -1.6551, 6.6501 ], [ -1.6527, 6.6375 ], [ -1.6441, 6.6329 ], [ -1.6356, 6.6199 ], [ -1.6148, 6.6125 ], [ -1.598, 6.6123 ], [ -1.605, 6.6263 ], [ -1.6032, 6.6305 ], [ -1.6098, 6.6463 ], [ -1.6112, 6.6649 ] ] ] } },
{ "type": "Feature", "properties": { "iso3": "GHA", "unit_id": "30259293B64911258316667", "unit_name": "Mampong Municipal" }, "geometry": { "type": "Polygon", "coordinates": [ [ [ -1.5801, 7.1749 ], [ -1.5921, 7.1343 ], [ -1.5866, 7.1299 ], [ -1.5352, 7.1313 ], [ -1.5342, 7.1363 ], [ -1.5269, 7.1317 ], [ -1.5274, 7.1243 ], [ -1.5219, 7.1243 ], [ -1.5194, 7.1175 ], [ -1.5057, 7.1143 ], [ -1.4936, 7.1051 ], [ -1.4854, 7.0891 ], [ -1.4941, 7.0779 ], [ -1.5017, 7.0541 ], [ -1.491, 7.0523 ], [ -1.4854, 7.0465 ], [ -1.4803, 7.0477 ], [ -1.4764, 7.0315 ], [ -1.4705, 7.0221 ], [ -1.449, 7.0231 ], [ -1.4453, 7.0163 ], [ -1.4446, 6.9987 ], [ -1.4484, 6.9911 ], [ -1.4553, 6.9903 ], [ -1.4594, 6.9643 ], [ -1.4424, 6.9583 ], [ -1.4302, 6.9515 ], [ -1.426, 6.9449 ], [ -1.4139, 6.9407 ], [ -1.4087, 6.9335 ], [ -1.405, 6.9189 ], [ -1.3928, 6.9269 ], [ -1.3881, 6.9441 ], [ -1.3963, 6.9511 ], [ -1.4029, 6.9509 ], [ -1.4107, 6.9565 ], [ -1.4155, 6.9689 ], [ -1.4218, 6.9719 ], [ -1.4253, 6.9941 ], [ -1.4204, 6.9997 ], [ -1.4101, 6.9893 ], [ -1.4052, 6.9939 ], [ -1.4031, 6.9967 ], [ -1.4068, 7.0059 ], [ -1.3982, 7.0253 ], [ -1.4012, 7.0323 ], [ -1.3925, 7.0443 ], [ -1.3759, 7.0573 ], [ -1.3864, 7.0697 ], [ -1.3836, 7.0965 ], [ -1.3438, 7.1129 ], [ -1.3393, 7.1241 ], [ -1.3268, 7.1289 ], [ -1.3109, 7.1445 ], [ -1.2932, 7.1533 ], [ -1.2835, 7.1745 ], [ -1.2683, 7.1847 ], [ -1.2671, 7.1947 ], [ -1.2553, 7.2067 ], [ -1.2564, 7.2111 ], [ -1.2505, 7.2211 ], [ -1.2623, 7.2281 ], [ -1.2823, 7.2249 ], [ -1.2849, 7.2309 ], [ -1.2982, 7.2375 ], [ -1.313, 7.2587 ], [ -1.3236, 7.2673 ], [ -1.331, 7.2677 ], [ -1.3444, 7.2755 ], [ -1.3487, 7.2833 ], [ -1.357, 7.2857 ], [ -1.3696, 7.3033 ], [ -1.377, 7.3083 ], [ -1.3852, 7.3063 ], [ -1.3921, 7.2983 ], [ -1.4033, 7.3027 ], [ -1.4061, 7.2925 ], [ -1.4103, 7.2899 ], [ -1.4813, 7.2601 ], [ -1.4934, 7.2589 ], [ -1.5024, 7.2525 ], [ -1.4978, 7.2337 ], [ -1.5094, 7.2287 ], [ -1.517, 7.2371 ], [ -1.5301, 7.2339 ], [ -1.5344, 7.2273 ], [ -1.5554, 7.2161 ], [ -1.5635, 7.2071 ], [ -1.5767, 7.1769 ], [ -1.5801, 7.1749 ] ] ] } },
{ "type": "Feature", "properties": { "iso3": "GHA", "unit_id": "30259293B88532543082810", "unit_name": "Obuasi East" }, "geometry": { "type": "Polygon", "coordinates": [ [ [ -1.6136, 6.1207 ], [ -1.6075, 6.1341 ], [ -1.6023, 6.1385 ], [ -1.6002, 6.1511 ], [ -1.5922, 6.1561 ], [ -1.5877, 6.1639 ], [ -1.5833, 6.1643 ], [ -1.5764, 6.1825 ], [ -1.565, 6.1945 ], [ -1.5638, 6.2211 ], [ -1.5714, 6.2353 ], [ -1.5761, 6.2373 ], [ -1.6072, 6.2393 ], [ -1.6343, 6.2025 ], [ -1.6368, 6.1931 ], [ -1.63, 6.1739 ], [ -1.6314, 6.1661 ], [ -1.6489, 6.1409 ], [ -1.6551, 6.1265 ], [ -1.6519, 6.1277 ], [ -1.642, 6.1215 ], [ -1.6192, 6.1229 ], [ -1.6168, 6.1195 ], [ -1.6136, 6.1207 ] ] ] } },
{ "type": "Feature", "properties": { "iso3": "GHA", "unit_id": "30259293B38891343947265", "unit_name": "Obuasi Municipal" }, "geometry": { "type": "Polygon", "coordinates": [ [ [ -1.6551, 6.1265 ], [ -1.6489, 6.1409 ], [ -1.6314, 6.1661 ], [ -1.63, 6.1739 ], [ -1.6368, 6.1931 ], [ -1.6343, 6.2025 ], [ -1.6072, 6.2393 ], [ -1.6732, 6.2361 ], [ -1.6776, 6.2475 ], [ -1.6753, 6.2551 ], [ -1.6825, 6.2621 ], [ -1.6874, 6.2619 ], [ -1.6932, 6.2577 ], [ -1.7108, 6.2555 ], [ -1.725, 6.2417 ], [ -1.7405, 6.2343 ], [ -1.7509, 6.2211 ], [ -1.7692, 6.2125 ], [ -1.7703, 6.2043 ], [ -1.7598, 6.2083 ], [ -1.7384, 6.2071 ], [ -1.7506, 6.1859 ], [ -1.7266, 6.1679 ], [ -1.7306, 6.1567 ], [ -1.7246, 6.1507 ], [ -1.7152, 6.1485 ], [ -1.7109, 6.1419 ], [ -1.7055, 6.1453 ], [ -1.692, 6.1375 ], [ -1.6819, 6.1393 ], [ -1.6747, 6.1361 ], [ -1.6626, 6.1201 ], [ -1.6551, 6.1265 ] ] ] } },
{ "type": "Feature", "properties": { "iso3": "GHA", "unit_id": "30259293B84841131741094", "unit_name": "Offinso Municipal" }, "geometry": { "type": "Polygon", "coordinates": [ [ [ -1.6599, 7.1567 ], [ -1.6587, 7.1883 ], [ -1.6538, 7.1947 ], [ -1.6569, 7.2047 ], [ -1.6518, 7.2179 ], [ -1.6595, 7.2331 ], [ -1.6542, 7.2463 ], [ -1.6559, 7.2505 ], [ -1.6631, 7.2445 ], [ -1.7486, 7.2423 ], [ -1.7589, 7.2445 ], [ -1.7766, 7.2303 ], [ -1.7891, 7.2151 ], [ -1.7817, 7.2063 ], [ -1.7486, 7.1837 ], [ -1.7479, 7.1703 ], [ -1.7537, 7.1599 ], [ -1.7617, 7.1499 ], [ -1.8098, 7.1369 ], [ -1.8577, 7.1051 ], [ -1.8704, 7.1029 ], [ -1.8205, 7.0763 ], [ -1.8114, 7.0761 ], [ -1.8142, 7.0695 ], [ -1.8076, 7.0653 ], [ -1.8098, 7.0589 ], [ -1.8136, 7.0593 ], [ -1.8173, 7.0547 ], [ -1.8147, 7.0511 ], [ -1.818, 7.0475 ], [ -1.8375, 7.0369 ], [ -1.8471, 7.0247 ], [ -1.8417, 7.0167 ], [ -1.8255, 7.0039 ], [ -1.8212, 6.9979 ], [ -1.8217, 6.9931 ], [ -1.803, 6.9809 ], [ -1.7948, 6.9705 ], [ -1.7757, 6.9727 ], [ -1.7577, 6.9567 ], [ -1.7434, 6.9387 ], [ -1.7203, 6.9365 ], [ -1.7162, 6.9259 ], [ -1.7206, 6.9135 ], [ -1.7125, 6.8995 ], [ -1.712, 6.8911 ], [ -1.7009, 6.8903 ], [ -1.6881, 6.8815 ], [ -1.6894, 6.8703 ], [ -1.682, 6.8667 ], [ -1.6798, 6.8733 ], [ -1.6725, 6.8751 ], [ -1.6734, 6.8781 ], [ -1.6679, 6.8835 ], [ -1.662, 6.8843 ], [ -1.6617, 6.8887 ], [ -1.6489, 6.8963 ], [ -1.6473, 6.9111 ], [ -1.6436, 6.9143 ], [ -1.6392, 6.9301 ], [ -1.6417, 6.9451 ], [ -1.6391, 6.9729 ], [ -1.6515, 7.0229 ], [ -1.6593, 7.0427 ], [ -1.6653, 7.0465 ], [ -1.6546, 7.0543 ], [ -1.6567, 7.0661 ], [ -1.6541, 7.0803 ], [ -1.6687, 7.0899 ], [ -1.6774, 7.1013 ], [ -1.6802, 7.1127 ], [ -1.6516, 7.1485 ], [ -1.6599, 7.1567 ] ] ] } },
{ "type": "Feature", "properties": { "iso3": "GHA", "unit_id": "30259293B2266484535097", "unit_name": "Offinso North" }, "geometry": { "type": "Polygon", "coordinates": [ [ [ -2.0757, 7.3229 ], [ -2.0606, 7.3173 ], [ -2.0544, 7.3081 ], [ -2.0476, 7.3059 ], [ -2.0092, 7.3179 ], [ -1.9991, 7.3155 ], [ -1.9872, 7.2983 ], [ -1.9647, 7.2943 ], [ -1.9545, 7.2655 ], [ -1.9499, 7.2615 ], [ -1.9453, 7.2645 ], [ -1.9262, 7.2639 ], [ -1.9121, 7.2535 ], [ -1.8592, 7.2781 ], [ -1.8449, 7.2743 ], [ -1.835, 7.2593 ], [ -1.8283, 7.2581 ], [ -1.8294, 7.2503 ], [ -1.8385, 7.2397 ], [ -1.8499, 7.2325 ], [ -1.8689, 7.2033 ], [ -1.9329, 7.1767 ], [ -1.9325, 7.1301 ], [ -1.9539, 7.0853 ], [ -1.9298, 7.0817 ], [ -1.9232, 7.0879 ], [ -1.9171, 7.0819 ], [ -1.912, 7.0877 ], [ -1.9026, 7.0849 ], [ -1.8921, 7.1017 ], [ -1.8577, 7.1051 ], [ -1.8098, 7.1369 ], [ -1.7617, 7.1499 ], [ -1.7479, 7.1703 ], [ -1.7486, 7.1837 ], [ -1.7817, 7.2063 ], [ -1.7891, 7.2151 ], [ -1.7766, 7.2303 ], [ -1.7589, 7.2445 ], [ -1.7486, 7.2423 ], [ -1.6631, 7.2445 ], [ -1.6468, 7.2639 ], [ -1.6438, 7.2631 ], [ -1.6427, 7.2747 ], [ -1.6378, 7.2827 ], [ -1.6363, 7.3015 ], [ -1.6397, 7.3125 ], [ -1.6359, 7.3203 ], [ -1.6416, 7.3265 ], [ -1.6538, 7.3141 ], [ -1.6572, 7.3199 ], [ -1.6762, 7.3203 ], [ -1.6827, 7.3247 ], [ -1.7004, 7.3215 ], [ -1.7101, 7.3243 ], [ -1.7188, 7.3165 ], [ -1.7303, 7.3127 ], [ -1.7403, 7.3201 ], [ -1.7624, 7.3237 ], [ -1.774, 7.3477 ], [ -1.8072, 7.3495 ], [ -1.8286, 7.3927 ], [ -1.8399, 7.4251 ], [ -1.836, 7.4711 ], [ -1.8408, 7.4713 ], [ -1.8564, 7.4613 ], [ -1.8633, 7.4701 ], [ -1.8635, 7.4769 ], [ -1.8668, 7.4781 ], [ -1.8711, 7.4621 ], [ -1.8973, 7.4315 ], [ -1.9159, 7.4369 ], [ -1.9193, 7.4417 ], [ -1.9271, 7.4423 ], [ -1.9332, 7.4351 ], [ -1.9412, 7.4327 ], [ -1.9499, 7.4205 ], [ -1.9648, 7.4093 ], [ -1.9665, 7.4129 ], [ -1.9764, 7.4115 ], [ -2.0017, 7.4211 ], [ -2.0174, 7.4213 ], [ -2.0245, 7.4389 ], [ -2.0401, 7.4575 ], [ -2.0605, 7.4543 ], [ -2.0915, 7.4589 ], [ -2.1085, 7.4647 ], [ -2.114, 7.4599 ], [ -2.1141, 7.4437 ], [ -2.127, 7.4317 ], [ -2.1279, 7.4189 ], [ -2.1405, 7.4089 ], [ -2.1365, 7.3945 ], [ -2.0757, 7.3229 ] ] ] } },
{ "type": "Feature", "properties": { "iso3": "GHA", "unit_id": "30259293B86790116320399", "unit_name": "Oforikrom Municipal" }, "geometry": { "type": "Polygon", "coordinates": [ [ [ -1.601, 6.6967 ], [ -1.6047, 6.6903 ], [ -1.603, 6.6873 ], [ -1.5897, 6.6747 ], [ -1.5849, 6.6737 ], [ -1.5781, 6.6605 ], [ -1.5559, 6.6637 ], [ -1.5562, 6.6473 ], [ -1.5528, 6.6437 ], [ -1.5395, 6.6473 ], [ -1.5147, 6.6439 ], [ -1.5108, 6.6477 ], [ -1.505, 6.6629 ], [ -1.5125, 6.6735 ], [ -1.5156, 6.6883 ], [ -1.526, 6.6941 ], [ -1.5228, 6.7049 ], [ -1.5323, 6.7085 ], [ -1.5335, 6.7031 ], [ -1.5454, 6.7011 ], [ -1.5547, 6.7059 ], [ -1.5659, 6.6915 ], [ -1.5748, 6.7001 ], [ -1.5863, 6.6963 ], [ -1.5918, 6.6905 ], [ -1.601, 6.6967 ] ] ] } },
{ "type": "Feature", "properties": { "iso3": "GHA", "unit_id": "30259293B72531045518468", "unit_name": "Old Tafo Municipal" }, "geometry": { "type": "Polygon", "coordinates": [ [ [ -1.6429, 6.7587 ], [ -1.6378, 6.7435 ], [ -1.6316, 6.7381 ], [ -1.6267, 6.7113 ], [ -1.6077, 6.7145 ], [ -1.6021, 6.7089 ], [ -1.5988, 6.7095 ], [ -1.5963, 6.7203 ], [ -1.5896, 6.7275 ], [ -1.5676, 6.7335 ], [ -1.5628, 6.7409 ], [ -1.5893, 6.7507 ], [ -1.6019, 6.7627 ], [ -1.6057, 6.7629 ], [ -1.6012, 6.7539 ], [ -1.6082, 6.7515 ], [ -1.6145, 6.7549 ], [ -1.6202, 6.7529 ], [ -1.6203, 6.7605 ], [ -1.6288, 6.7661 ], [ -1.6385, 6.7637 ], [ -1.6429, 6.7587 ] ] ] } },
{ "type": "Feature", "properties": { "iso3": "GHA", "unit_id": "30259293B71762069998971", "unit_name": "Sekyere Afram Plains North" }, "geometry": { "type": "Polygon", "coordinates": [ [ [ -0.7607, 6.9073 ], [ -0.7531, 6.9381 ], [ -0.742, 6.9489 ], [ -0.7228, 6.9525 ], [ -0.6934, 6.9395 ], [ -0.6536, 6.9313 ], [ -0.6582, 6.9407 ], [ -0.6574, 6.9473 ], [ -0.637, 6.9531 ], [ -0.6007, 6.9483 ], [ -0.5853, 6.9509 ], [ -0.5745, 6.9627 ], [ -0.5742, 6.9787 ], [ -0.5667, 6.9985 ], [ -0.5653, 7.0195 ], [ -0.5803, 7.0381 ], [ -0.5905, 7.0443 ], [ -0.5941, 7.0521 ], [ -0.6355, 7.1739 ], [ -0.6184, 7.1657 ], [ -0.6109, 7.1545 ], [ -0.5965, 7.1501 ], [ -0.5828, 7.1507 ], [ -0.56, 7.1377 ], [ -0.542, 7.1391 ], [ -0.4947, 7.1253 ], [ -0.4618, 7.1283 ], [ -0.4412, 7.1225 ], [ -0.4273, 7.1253 ], [ -0.4192, 7.1197 ], [ -0.3904, 7.1181 ], [ -0.3224, 7.1439 ], [ -0.301, 7.1715 ], [ -0.305, 7.1785 ], [ -0.2882, 7.1843 ], [ -0.286, 7.1947 ], [ -0.2797, 7.1911 ], [ -0.2713, 7.1931 ], [ -0.2592, 7.1909 ], [ -0.2566, 7.1947 ], [ -0.2504, 7.1925 ], [ -0.2393, 7.2033 ], [ -0.2434, 7.2223 ], [ -0.2527, 7.2251 ], [ -0.2559, 7.2293 ], [ -0.262, 7.2655 ], [ -0.2729, 7.2691 ], [ -0.2757, 7.2743 ], [ -0.2889, 7.2829 ], [ -0.3062, 7.2787 ], [ -0.3099, 7.2849 ], [ -0.324, 7.2819 ], [ -0.337, 7.2933 ], [ -0.351, 7.2963 ], [ -0.3564, 7.3025 ], [ -0.3556, 7.3073 ], [ -0.3631, 7.3117 ], [ -0.3763, 7.3095 ], [ -0.3832, 7.3141 ], [ -0.3933, 7.3113 ], [ -0.4275, 7.3251 ], [ -0.4316, 7.3235 ], [ -0.447, 7.3321 ], [ -0.4623, 7.3323 ], [ -0.4921, 7.3427 ], [ -0.4975, 7.3399 ], [ -0.4989, 7.3423 ], [ -0.5042, 7.3411 ], [ -0.5348, 7.3483 ], [ -0.5409, 7.3545 ], [ -0.5559, 7.3519 ], [ -0.5736, 7.3533 ], [ -0.5938, 7.3477 ], [ -0.5996, 7.3503 ], [ -0.6173, 7.3789 ], [ -0.625, 7.3841 ], [ -0.6366, 7.3993 ], [ -0.6414, 7.4191 ], [ -0.6538, 7.4311 ], [ -0.6487, 7.4629 ], [ -0.6513, 7.4663 ], [ -0.6484, 7.4785 ], [ -0.6516, 7.5037 ], [ -0.6776, 7.5287 ], [ -0.6816, 7.5263 ], [ -0.6881, 7.5333 ], [ -0.6899, 7.5403 ], [ -0.698, 7.5311 ], [ -0.7196, 7.5207 ], [ -0.7326, 7.5223 ], [ -0.7486, 7.5099 ], [ -0.7774, 7.5057 ], [ -0.7815, 7.5041 ], [ -0.7841, 7.4981 ], [ -0.8073, 7.5041 ], [ -0.8078, 7.5087 ], [ -0.8148, 7.5067 ], [ -0.8196, 7.5007 ], [ -0.8223, 7.5083 ], [ -0.8285, 7.5117 ], [ -0.8431, 7.5099 ], [ -0.8446, 7.5171 ], [ -0.8562, 7.5183 ], [ -0.8598, 7.5159 ], [ -0.8662, 7.5205 ], [ -0.8762, 7.5147 ], [ -0.8897, 7.5161 ], [ -0.893, 7.5047 ], [ -0.9027, 7.5075 ], [ -0.9229, 7.5039 ], [ -0.9334, 7.5077 ], [ -0.9387, 7.5157 ], [ -0.9547, 7.5235 ], [ -0.9726, 7.5213 ], [ -0.984, 7.5339 ], [ -1.0028, 7.5291 ], [ -1.0149, 7.5345 ], [ -1.0248, 7.5335 ], [ -1.0411, 7.5269 ], [ -1.0526, 7.5089 ], [ -1.0674, 7.5023 ], [ -1.0705, 7.4903 ], [ -1.0656, 7.4595 ], [ -1.0718, 7.4265 ], [ -1.0642, 7.4159 ], [ -1.0378, 7.4069 ], [ -1.004, 7.4027 ], [ -0.9788, 7.4039 ], [ -0.9641, 7.4135 ], [ -0.9146, 7.4047 ], [ -0.907, 7.3483 ], [ -0.9089, 7.2953 ], [ -0.9225, 7.2703 ], [ -0.9423, 7.2481 ], [ -0.9488, 7.2271 ], [ -0.9468, 7.1913 ], [ -0.962, 7.1781 ], [ -0.963, 7.1623 ], [ -0.9598, 7.1545 ], [ -0.9489, 7.1455 ], [ -0.942, 7.1335 ], [ -0.9536, 7.1313 ], [ -0.9658, 7.1399 ], [ -0.9813, 7.1367 ], [ -0.9896, 7.1401 ], [ -0.9958, 7.1363 ], [ -1.0556, 7.1321 ], [ -1.0894, 7.1215 ], [ -1.1071, 7.0871 ], [ -1.1249, 7.0877 ], [ -1.1381, 7.0935 ], [ -1.15, 7.0873 ], [ -1.1715, 7.0863 ], [ -1.1802, 7.0791 ], [ -1.1818, 7.0713 ], [ -1.1606, 7.0523 ], [ -1.1616, 7.0477 ], [ -1.1764, 7.0345 ], [ -1.184, 7.0307 ], [ -1.189, 7.0317 ], [ -1.1906, 7.0089 ], [ -1.1742, 7.0103 ], [ -1.1631, 7.0255 ], [ -1.1393, 7.0413 ], [ -1.1234, 7.0171 ], [ -1.1651, 6.9855 ], [ -1.1706, 6.9771 ], [ -1.18, 6.9715 ], [ -1.1845, 6.9631 ], [ -1.1906, 6.9657 ], [ -1.1991, 6.9621 ], [ -1.2035, 6.9639 ], [ -1.2122, 6.9577 ], [ -1.2134, 6.9493 ], [ -1.2058, 6.9479 ], [ -1.1863, 6.9553 ], [ -1.1779, 6.9537 ], [ -1.149, 6.9641 ], [ -1.1378, 6.9581 ], [ -1.1159, 6.9591 ], [ -1.0974, 6.9545 ], [ -1.0885, 6.9473 ], [ -1.0663, 6.9487 ], [ -1.0703, 6.9761 ], [ -1.052, 6.9821 ], [ -1.0244, 7.0089 ], [ -1.0111, 7.0147 ], [ -1.0095, 7.0233 ], [ -0.9997, 7.0343 ], [ -0.981, 7.0303 ], [ -0.9598, 7.0375 ], [ -0.9259, 7.0299 ], [ -0.904, 7.0127 ], [ -0.893, 7.0099 ], [ -0.8799, 7.0011 ], [ -0.8796, 6.9963 ], [ -0.8615, 6.9857 ], [ -0.8489, 6.9823 ], [ -0.839, 6.9679 ], [ -0.8329, 6.9517 ], [ -0.8337, 6.9461 ], [ -0.828, 6.9379 ], [ -0.8219, 6.9009 ], [ -0.8171, 6.8997 ], [ -0.8093, 6.9055 ], [ -0.8098, 6.8877 ], [ -0.8039, 6.8899 ], [ -0.7985, 6.8823 ], [ -0.7939, 6.8835 ], [ -0.7907, 6.8963 ], [ -0.7826, 6.8931 ], [ -0.7823, 6.8893 ], [ -0.7761, 6.8843 ], [ -0.7625, 6.8855 ], [ -0.7607, 6.9073 ] ] ] } },
{ "type": "Feature", "properties": { "iso3": "GHA", "unit_id": "30259293B17108286455974", "unit_name": "Sekyere Central" }, "geometry": { "type": "Polygon", "coordinates": [ [ [ -1.2893, 7.2325 ], [ -1.2775, 7.2237 ], [ -1.2623, 7.2281 ], [ -1.2535, 7.2235 ], [ -1.2505, 7.2211 ], [ -1.2564, 7.2111 ], [ -1.2553, 7.2067 ], [ -1.2671, 7.1947 ], [ -1.2683, 7.1847 ], [ -1.2835, 7.1745 ], [ -1.2932, 7.1533 ], [ -1.3109, 7.1445 ], [ -1.3268, 7.1289 ], [ -1.3393, 7.1241 ], [ -1.3438, 7.1129 ], [ -1.3836, 7.0965 ], [ -1.3864, 7.0697 ], [ -1.3759, 7.0573 ], [ -1.3925, 7.0443 ], [ -1.4012, 7.0323 ], [ -1.3982, 7.0253 ], [ -1.4068, 7.0059 ], [ -1.4031, 6.9967 ], [ -1.4052, 6.9939 ], [ -1.4101, 6.9893 ], [ -1.4204, 6.9997 ], [ -1.4253, 6.9941 ], [ -1.4218, 6.9719 ], [ -1.4155, 6.9689 ], [ -1.4107, 6.9565 ], [ -1.4029, 6.9509 ], [ -1.3963, 6.9511 ], [ -1.3881, 6.9441 ], [ -1.3811, 6.9539 ], [ -1.3628, 6.9553 ], [ -1.3514, 6.9757 ], [ -1.3344, 6.9733 ], [ -1.3028, 6.9801 ], [ -1.299, 6.9851 ], [ -1.2641, 6.9749 ], [ -1.2545, 6.9671 ], [ -1.2357, 6.9807 ], [ -1.2196, 7.0019 ], [ -1.1906, 7.0089 ], [ -1.189, 7.0317 ], [ -1.184, 7.0307 ], [ -1.1764, 7.0345 ], [ -1.1616, 7.0477 ], [ -1.1606, 7.0523 ], [ -1.1818, 7.0713 ], [ -1.1802, 7.0791 ], [ -1.1715, 7.0863 ], [ -1.15, 7.0873 ], [ -1.1381, 7.0935 ], [ -1.1249, 7.0877 ], [ -1.1071, 7.0871 ], [ -1.0894, 7.1215 ], [ -1.0556, 7.1321 ], [ -0.9958, 7.1363 ], [ -0.9896, 7.1401 ], [ -0.9813, 7.1367 ], [ -0.9658, 7.1399 ], [ -0.9536, 7.1313 ], [ -0.942, 7.1335 ], [ -0.9489, 7.1455 ], [ -0.9598, 7.1545 ], [ -0.963, 7.1623 ], [ -0.962, 7.1781 ], [ -0.9468, 7.1913 ], [ -0.9488, 7.2271 ], [ -0.9423, 7.2481 ], [ -0.9225, 7.2703 ], [ -0.9089, 7.2953 ], [ -0.907, 7.3483 ], [ -0.9146, 7.4047 ], [ -0.9641, 7.4135 ], [ -0.9788, 7.4039 ], [ -1.004, 7.4027 ], [ -1.0378, 7.4069 ], [ -1.0642, 7.4159 ], [ -1.0718, 7.4265 ], [ -1.0656, 7.4595 ], [ -1.0705, 7.4903 ], [ -1.0836, 7.4873 ], [ -1.1036, 7.4659 ], [ -1.1249, 7.4763 ], [ -1.132, 7.4717 ], [ -1.1419, 7.4725 ], [ -1.1472, 7.4685 ], [ -1.1448, 7.4589 ], [ -1.1511, 7.4423 ], [ -1.1639, 7.4307 ], [ -1.1664, 7.4123 ], [ -1.1727, 7.4007 ], [ -1.1735, 7.3867 ], [ -1.1798, 7.3673 ], [ -1.1851, 7.3643 ], [ -1.1996, 7.3657 ], [ -1.2094, 7.3615 ], [ -1.2354, 7.3621 ], [ -1.2667, 7.3403 ], [ -1.2761, 7.3269 ], [ -1.2787, 7.3079 ], [ -1.2826, 7.3019 ], [ -1.2775, 7.2955 ], [ -1.2779, 7.2887 ], [ -1.2976, 7.2869 ], [ -1.2969, 7.2641 ], [ -1.2893, 7.2325 ] ] ] } },
{ "type": "Feature", "properties": { "iso3": "GHA", "unit_id": "30259293B12134399521867", "unit_name": "Sekyere East" }, "geometry": { "type": "Polygon", "coordinates": [ [ [ -1.2379, 6.7225 ], [ -1.2387, 6.7467 ], [ -1.2472, 6.7577 ], [ -1.2517, 6.7591 ], [ -1.2541, 6.7667 ], [ -1.2571, 6.7893 ], [ -1.2551, 6.8005 ], [ -1.2616, 6.8147 ], [ -1.26, 6.8227 ], [ -1.2694, 6.8315 ], [ -1.2769, 6.8229 ], [ -1.2842, 6.8243 ], [ -1.2994, 6.8389 ], [ -1.305, 6.8407 ], [ -1.3136, 6.8521 ], [ -1.3232, 6.8557 ], [ -1.3329, 6.8643 ], [ -1.3372, 6.8661 ], [ -1.3464, 6.8615 ], [ -1.3572, 6.8691 ], [ -1.3875, 6.8707 ], [ -1.3905, 6.8857 ], [ -1.4022, 6.8877 ], [ -1.4132, 6.9001 ], [ -1.4229, 6.8957 ], [ -1.4285, 6.8787 ], [ -1.4401, 6.8723 ], [ -1.4475, 6.8565 ], [ -1.4484, 6.8471 ], [ -1.4317, 6.8395 ], [ -1.4282, 6.8323 ], [ -1.4013, 6.8451 ], [ -1.3886, 6.8275 ], [ -1.373, 6.8269 ], [ -1.3673, 6.8093 ], [ -1.3507, 6.7943 ], [ -1.338, 6.7651 ], [ -1.3383, 6.7539 ], [ -1.3503, 6.7549 ], [ -1.3525, 6.7521 ], [ -1.3547, 6.7305 ], [ -1.3523, 6.7269 ], [ -1.3211, 6.7139 ], [ -1.314, 6.6987 ], [ -1.2996, 6.6941 ], [ -1.2668, 6.6611 ], [ -1.2596, 6.6693 ], [ -1.2592, 6.6779 ], [ -1.2474, 6.6859 ], [ -1.247, 6.7087 ], [ -1.2379, 6.7225 ] ] ] } },
{ "type": "Feature", "properties": { "iso3": "GHA", "unit_id": "30259293B29239797642475", "unit_name": "Sekyere Kumawu" }, "geometry": { "type": "Polygon", "coordinates": [ [ [ -1.0663, 6.9487 ], [ -1.0885, 6.9473 ], [ -1.0974, 6.9545 ], [ -1.1159, 6.9591 ], [ -1.1378, 6.9581 ], [ -1.149, 6.9641 ], [ -1.1779, 6.9537 ], [ -1.1863, 6.9553 ], [ -1.2058, 6.9479 ], [ -1.2134, 6.9493 ], [ -1.2122, 6.9577 ], [ -1.2035, 6.9639 ], [ -1.1991, 6.9621 ], [ -1.1906, 6.9657 ], [ -1.1845, 6.9631 ], [ -1.18, 6.9715 ], [ -1.1706, 6.9771 ], [ -1.1651, 6.9855 ], [ -1.1234, 7.0171 ], [ -1.1393, 7.0413 ], [ -1.1631, 7.0255 ], [ -1.1742, 7.0103 ], [ -1.212, 7.0055 ], [ -1.2196, 7.0019 ], [ -1.2357, 6.9807 ], [ -1.2545, 6.9671 ], [ -1.2641, 6.9749 ], [ -1.299, 6.9851 ], [ -1.3028, 6.9801 ], [ -1.3344, 6.9733 ], [ -1.3514, 6.9757 ], [ -1.3628, 6.9553 ], [ -1.3811, 6.9539 ], [ -1.3881, 6.9441 ], [ -1.3952, 6.9235 ], [ -1.4157, 6.9093 ], [ -1.4063, 6.8905 ], [ -1.3905, 6.8857 ], [ -1.3875, 6.8707 ], [ -1.3572, 6.8691 ], [ -1.3464, 6.8615 ], [ -1.3372, 6.8661 ], [ -1.3329, 6.8643 ], [ -1.3232, 6.8557 ], [ -1.3136, 6.8521 ], [ -1.305, 6.8407 ], [ -1.2994, 6.8389 ], [ -1.2842, 6.8243 ], [ -1.2769, 6.8229 ], [ -1.2694, 6.8315 ], [ -1.2611, 6.8305 ], [ -1.2476, 6.8373 ], [ -1.224, 6.8299 ], [ -1.2214, 6.8233 ], [ -1.212, 6.8209 ], [ -1.1933, 6.8033 ], [ -1.1783, 6.8055 ], [ -1.1771, 6.7987 ], [ -1.1725, 6.7967 ], [ -1.1649, 6.7957 ], [ -1.1557, 6.8039 ], [ -1.1556, 6.8077 ], [ -1.1512, 6.8087 ], [ -1.1471, 6.7995 ], [ -1.1663, 6.7921 ], [ -1.1696, 6.7897 ], [ -1.1684, 6.7857 ], [ -1.1505, 6.7781 ], [ -1.1406, 6.7825 ], [ -1.1312, 6.7789 ], [ -1.1162, 6.7809 ], [ -1.1049, 6.8001 ], [ -1.1013, 6.8181 ], [ -1.1046, 6.8209 ], [ -1.1068, 6.8327 ], [ -1.1046, 6.8445 ], [ -1.0978, 6.8513 ], [ -1.0965, 6.8651 ], [ -1.089, 6.8755 ], [ -1.0964, 6.8835 ], [ -1.0948, 6.8873 ], [ -1.0873, 6.8973 ], [ -1.0741, 6.8975 ], [ -1.0656, 6.9031 ], [ -1.06, 6.9155 ], [ -1.0615, 6.9225 ], [ -1.0504, 6.9377 ], [ -1.0496, 6.9415 ], [ -1.0533, 6.9441 ], [ -1.0663, 6.9487 ] ] ] } },
{ "type": "Feature", "properties": { "iso3": "GHA", "unit_id": "30259293B66946965315936", "unit_name": "Sekyere South" }, "geometry": { "type": "Polygon", "coordinates": [ [ [ -1.5795, 6.9277 ], [ -1.573, 6.9279 ], [ -1.5611, 6.9185 ], [ -1.5519, 6.9177 ], [ -1.5478, 6.9123 ], [ -1.5529, 6.9033 ], [ -1.5458, 6.8621 ], [ -1.5409, 6.8569 ], [ -1.5076, 6.8395 ], [ -1.4922, 6.8419 ], [ -1.475, 6.8503 ], [ -1.466, 6.8495 ], [ -1.4625, 6.8693 ], [ -1.4401, 6.8723 ], [ -1.4285, 6.8787 ], [ -1.4229, 6.8957 ], [ -1.4132, 6.9001 ], [ -1.4157, 6.9093 ], [ -1.405, 6.9189 ], [ -1.4087, 6.9335 ], [ -1.4139, 6.9407 ], [ -1.426, 6.9449 ], [ -1.4302, 6.9515 ], [ -1.4424, 6.9583 ], [ -1.4594, 6.9643 ], [ -1.4553, 6.9903 ], [ -1.4484, 6.9911 ], [ -1.4446, 6.9987 ], [ -1.4453, 7.0163 ], [ -1.449, 7.0231 ], [ -1.4705, 7.0221 ], [ -1.4764, 7.0315 ], [ -1.4803, 7.0477 ], [ -1.4854, 7.0465 ], [ -1.491, 7.0523 ], [ -1.5017, 7.0541 ], [ -1.4941, 7.0779 ], [ -1.4854, 7.0891 ], [ -1.4936, 7.1051 ], [ -1.5057, 7.1143 ], [ -1.5194, 7.1175 ], [ -1.5219, 7.1243 ], [ -1.5274, 7.1243 ], [ -1.5269, 7.1317 ], [ -1.5342, 7.1363 ], [ -1.5352, 7.1313 ], [ -1.5866, 7.1299 ], [ -1.5921, 7.1343 ], [ -1.5894, 7.1455 ], [ -1.5952, 7.1503 ], [ -1.6032, 7.1515 ], [ -1.6121, 7.1475 ], [ -1.613, 7.1393 ], [ -1.6217, 7.1315 ], [ -1.6065, 7.1125 ], [ -1.6089, 7.1025 ], [ -1.5934, 7.0793 ], [ -1.5935, 7.0451 ], [ -1.5984, 7.0255 ], [ -1.5859, 7.0213 ], [ -1.5799, 7.0051 ], [ -1.5702, 7.0065 ], [ -1.5576, 6.9939 ], [ -1.5597, 6.9673 ], [ -1.5654, 6.9621 ], [ -1.5824, 6.9611 ], [ -1.6032, 6.9365 ], [ -1.5833, 6.9389 ], [ -1.5795, 6.9277 ] ] ] } },
{ "type": "Feature", "properties": { "iso3": "GHA", "unit_id": "30259293B50930523489547", "unit_name": "Suame Municipal" }, "geometry": { "type": "Polygon", "coordinates": [ [ [ -1.6753, 6.7677 ], [ -1.7019, 6.7611 ], [ -1.7105, 6.7551 ], [ -1.7085, 6.7519 ], [ -1.6988, 6.7511 ], [ -1.6986, 6.7481 ], [ -1.6831, 6.7481 ], [ -1.6823, 6.7433 ], [ -1.6651, 6.7407 ], [ -1.663, 6.7171 ], [ -1.6558, 6.7063 ], [ -1.6432, 6.7029 ], [ -1.6267, 6.7113 ], [ -1.6316, 6.7381 ], [ -1.6378, 6.7435 ], [ -1.6429, 6.7587 ], [ -1.6519, 6.7547 ], [ -1.662, 6.7561 ], [ -1.6753, 6.7677 ] ] ] } },
{ "type": "Feature", "properties": { "iso3": "GHA", "unit_id": "30259293B93077408380671", "unit_name": "Banda" }, "geometry": { "type": "Polygon", "coordinates": [ [ [ -2.1215, 8.1509 ], [ -2.1285, 8.1481 ], [ -2.1341, 8.1511 ], [ -2.1538, 8.1715 ], [ -2.1599, 8.1727 ], [ -2.1631, 8.1763 ], [ -2.1682, 8.2115 ], [ -2.2051, 8.2319 ], [ -2.2121, 8.2423 ], [ -2.209, 8.2479 ], [ -2.2129, 8.2563 ], [ -2.2293, 8.2641 ], [ -2.2389, 8.2805 ], [ -2.2531, 8.2775 ], [ -2.273, 8.2915 ], [ -2.2882, 8.2969 ], [ -2.2863, 8.3187 ], [ -2.2954, 8.3275 ], [ -2.2971, 8.3423 ], [ -2.3044, 8.3539 ], [ -2.2978, 8.3807 ], [ -2.3069, 8.3895 ], [ -2.3092, 8.3989 ], [ -2.318, 8.4115 ], [ -2.325, 8.4173 ], [ -2.3379, 8.4545 ], [ -2.3507, 8.4603 ], [ -2.3557, 8.4685 ], [ -2.366, 8.4761 ], [ -2.3707, 8.4993 ], [ -2.3585, 8.5183 ], [ -2.3671, 8.5393 ], [ -2.3716, 8.5401 ], [ -2.3831, 8.5539 ], [ -2.3991, 8.5579 ], [ -2.4029, 8.5645 ], [ -2.4127, 8.5715 ], [ -2.4179, 8.5855 ], [ -2.4178, 8.6123 ], [ -2.4403, 8.6291 ], [ -2.4542, 8.6473 ], [ -2.4643, 8.6523 ], [ -2.4712, 8.6611 ], [ -2.4886, 8.6869 ], [ -2.4897, 8.6975 ], [ -2.4995, 8.7187 ], [ -2.512, 8.7295 ], [ -2.5316, 8.7359 ], [ -2.5432, 8.7611 ], [ -2.5705, 8.7729 ], [ -2.5843, 8.7859 ], [ -2.5905, 8.7863 ], [ -2.5734, 8.7007 ], [ -2.549, 8.5423 ], [ -2.533, 8.4809 ], [ -2.5014, 8.3075 ], [ -2.4948, 8.2053 ], [ -2.5089, 8.1935 ], [ -2.5448, 8.1757 ], [ -2.5541, 8.1465 ], [ -2.536, 8.1449 ], [ -2.5302, 8.1499 ], [ -2.5285, 8.1465 ], [ -2.5368, 8.1151 ], [ -2.5255, 8.0989 ], [ -2.5276, 8.0875 ], [ -2.516, 8.0543 ], [ -2.5264, 8.0267 ], [ -2.5283, 8.0097 ], [ -2.5424, 7.9943 ], [ -2.5353, 7.9779 ], [ -2.5142, 7.9585 ], [ -2.5046, 7.9449 ], [ -2.4969, 7.9417 ], [ -2.4878, 7.9207 ], [ -2.4797, 7.9185 ], [ -2.4722, 7.9221 ], [ -2.4449, 7.9683 ], [ -2.435, 7.9757 ], [ -2.4318, 7.9847 ], [ -2.4408, 7.9983 ], [ -2.4331, 8.0191 ], [ -2.4052, 8.0089 ], [ -2.3952, 8.0115 ], [ -2.3843, 8.0063 ], [ -2.3698, 8.0051 ], [ -2.3579, 7.9983 ], [ -2.3498, 7.9821 ], [ -2.3399, 7.9765 ], [ -2.3337, 7.9833 ], [ -2.32, 7.9895 ], [ -2.3109, 7.9847 ], [ -2.3001, 7.9865 ], [ -2.2722, 7.9755 ], [ -2.2603, 7.9671 ], [ -2.2086, 7.9539 ], [ -2.1952, 7.9587 ], [ -2.1897, 7.9653 ], [ -2.1753, 7.9651 ], [ -2.1713, 7.9749 ], [ -2.167, 7.9743 ], [ -2.1626, 7.9799 ], [ -2.1589, 7.9921 ], [ -2.1497, 7.9957 ], [ -2.1446, 8.0035 ], [ -2.1427, 8.0151 ], [ -2.1371, 8.0193 ], [ -2.1353, 8.0281 ], [ -2.1319, 8.0299 ], [ -2.1263, 8.0273 ], [ -2.1207, 8.0363 ], [ -2.1137, 8.0393 ], [ -2.1137, 8.0425 ], [ -2.1305, 8.0515 ], [ -2.1297, 8.0561 ], [ -2.1162, 8.0533 ], [ -2.1232, 8.0621 ], [ -2.1258, 8.0759 ], [ -2.135, 8.0815 ], [ -2.1271, 8.0855 ], [ -2.1285, 8.0883 ], [ -2.1218, 8.0913 ], [ -2.1203, 8.0977 ], [ -2.1168, 8.0995 ], [ -2.1171, 8.1195 ], [ -2.1215, 8.1305 ], [ -2.1173, 8.1359 ], [ -2.1215, 8.1509 ] ] ] } },
{ "type": "Feature", "properties": { "iso3": "GHA", "unit_id": "30259293B47606861394258", "unit_name": "Berekum East Municipal" }, "geometry": { "type": "Polygon", "coordinates": [ [ [ -2.5149, 7.2909 ], [ -2.51, 7.2999 ], [ -2.5069, 7.3217 ], [ -2.518, 7.3309 ], [ -2.5199, 7.3671 ], [ -2.5186, 7.3711 ], [ -2.5037, 7.3663 ], [ -2.5017, 7.3739 ], [ -2.5037, 7.3863 ], [ -2.5059, 7.3969 ], [ -2.5217, 7.4129 ], [ -2.5317, 7.4179 ], [ -2.5413, 7.4445 ], [ -2.531, 7.4525 ], [ -2.5171, 7.4571 ], [ -2.5131, 7.4653 ], [ -2.491, 7.4727 ], [ -2.4931, 7.4873 ], [ -2.5222, 7.4975 ], [ -2.5243, 7.5103 ], [ -2.5172, 7.5213 ], [ -2.5132, 7.5213 ], [ -2.5115, 7.5247 ], [ -2.517, 7.5407 ], [ -2.5133, 7.5479 ], [ -2.5052, 7.5535 ], [ -2.4815, 7.5599 ], [ -2.4752, 7.5687 ], [ -2.4746, 7.5781 ], [ -2.4805, 7.5931 ], [ -2.4871, 7.5937 ], [ -2.4973, 7.6041 ], [ -2.5096, 7.6105 ], [ -2.5156, 7.6211 ], [ -2.5304, 7.6231 ], [ -2.542, 7.6481 ], [ -2.5414, 7.6571 ], [ -2.545, 7.6607 ], [ -2.5598, 7.6641 ], [ -2.5736, 7.6749 ], [ -2.5891, 7.6801 ], [ -2.6109, 7.6749 ], [ -2.6437, 7.6777 ], [ -2.6556, 7.6741 ], [ -2.6598, 7.6545 ], [ -2.6663, 7.6421 ], [ -2.6607, 7.6277 ], [ -2.633, 7.5825 ], [ -2.6375, 7.5455 ], [ -2.6443, 7.5359 ], [ -2.6508, 7.5167 ], [ -2.6444, 7.4905 ], [ -2.6247, 7.4729 ], [ -2.5965, 7.4399 ], [ -2.5802, 7.3757 ], [ -2.5721, 7.3697 ], [ -2.5714, 7.3589 ], [ -2.5614, 7.3437 ], [ -2.5445, 7.3295 ], [ -2.5387, 7.3159 ], [ -2.5374, 7.3029 ], [ -2.5284, 7.2955 ], [ -2.5149, 7.2909 ] ] ] } },
{ "type": "Feature", "properties": { "iso3": "GHA", "unit_id": "30259293B69619146342115", "unit_name": "Berekum West" }, "geometry": { "type": "Polygon", "coordinates": [ [ [ -2.6663, 7.6421 ], [ -2.6759, 7.6253 ], [ -2.6778, 7.6157 ], [ -2.6856, 7.6071 ], [ -2.6866, 7.5847 ], [ -2.6945, 7.5625 ], [ -2.7314, 7.5689 ], [ -2.7187, 7.5415 ], [ -2.7363, 7.5469 ], [ -2.7681, 7.5493 ], [ -2.7802, 7.5465 ], [ -2.7786, 7.5249 ], [ -2.7666, 7.5055 ], [ -2.7671, 7.5015 ], [ -2.7953, 7.4821 ], [ -2.7973, 7.4625 ], [ -2.7887, 7.4603 ], [ -2.7798, 7.4703 ], [ -2.7593, 7.4477 ], [ -2.7446, 7.4247 ], [ -2.7324, 7.4271 ], [ -2.726, 7.4113 ], [ -2.7172, 7.4069 ], [ -2.6969, 7.3807 ], [ -2.6666, 7.3713 ], [ -2.6144, 7.3309 ], [ -2.5734, 7.3157 ], [ -2.5581, 7.3129 ], [ -2.5374, 7.3029 ], [ -2.5387, 7.3159 ], [ -2.5445, 7.3295 ], [ -2.5614, 7.3437 ], [ -2.5714, 7.3589 ], [ -2.5721, 7.3697 ], [ -2.5802, 7.3757 ], [ -2.5965, 7.4399 ], [ -2.6247, 7.4729 ], [ -2.6444, 7.4905 ], [ -2.6508, 7.5167 ], [ -2.6443, 7.5359 ], [ -2.6375, 7.5455 ], [ -2.633, 7.5825 ], [ -2.6607, 7.6277 ], [ -2.6663, 7.6421 ] ] ] } },
{ "type": "Feature", "properties": { "iso3": "GHA", "unit_id": "30259293B39277641659227", "unit_name": "Dormaa East" }, "geometry": { "type": "Polygon", "coordinates": [ [ [ -2.4923, 7.2177 ], [ -2.4879, 7.2181 ], [ -2.48, 7.2367 ], [ -2.4735, 7.2413 ], [ -2.5004, 7.2713 ], [ -2.5078, 7.2871 ], [ -2.5581, 7.3129 ], [ -2.5734, 7.3157 ], [ -2.6144, 7.3309 ], [ -2.6666, 7.3713 ], [ -2.6969, 7.3807 ], [ -2.7082, 7.3787 ], [ -2.7218, 7.3813 ], [ -2.7329, 7.3949 ], [ -2.7333, 7.3887 ], [ -2.7762, 7.3843 ], [ -2.8023, 7.3623 ], [ -2.7942, 7.3421 ], [ -2.788, 7.3355 ], [ -2.7934, 7.3185 ], [ -2.7914, 7.3125 ], [ -2.7967, 7.3011 ], [ -2.8062, 7.3063 ], [ -2.8144, 7.3017 ], [ -2.8136, 7.2763 ], [ -2.7931, 7.2709 ], [ -2.7899, 7.2641 ], [ -2.7589, 7.2397 ], [ -2.7575, 7.2317 ], [ -2.7393, 7.2281 ], [ -2.7317, 7.2207 ], [ -2.7296, 7.2169 ], [ -2.7326, 7.2043 ], [ -2.7418, 7.1887 ], [ -2.727, 7.1721 ], [ -2.7127, 7.1675 ], [ -2.7111, 7.1569 ], [ -2.701, 7.1417 ], [ -2.6905, 7.1323 ], [ -2.6841, 7.1393 ], [ -2.674, 7.1381 ], [ -2.6508, 7.1427 ], [ -2.6286, 7.1565 ], [ -2.6068, 7.1805 ], [ -2.5805, 7.1815 ], [ -2.5805, 7.2089 ], [ -2.5572, 7.2295 ], [ -2.5164, 7.2307 ], [ -2.5115, 7.2273 ], [ -2.4951, 7.2265 ], [ -2.4923, 7.2177 ] ] ] } },
{ "type": "Feature", "properties": { "iso3": "GHA", "unit_id": "30259293B65717102002572", "unit_name": "Dormaa Municipal" }, "geometry": { "type": "Polygon", "coordinates": [ [ [ -2.77, 7.0231 ], [ -2.7625, 7.0343 ], [ -2.761, 7.0581 ], [ -2.7539, 7.0775 ], [ -2.719, 7.1029 ], [ -2.7105, 7.1011 ], [ -2.6975, 7.1087 ], [ -2.6917, 7.1145 ], [ -2.6905, 7.1323 ], [ -2.701, 7.1417 ], [ -2.7111, 7.1569 ], [ -2.7127, 7.1675 ], [ -2.727, 7.1721 ], [ -2.7418, 7.1887 ], [ -2.7326, 7.2043 ], [ -2.7296, 7.2169 ], [ -2.7317, 7.2207 ], [ -2.7393, 7.2281 ], [ -2.7575, 7.2317 ], [ -2.7589, 7.2397 ], [ -2.7899, 7.2641 ], [ -2.7931, 7.2709 ], [ -2.8136, 7.2763 ], [ -2.8144, 7.3017 ], [ -2.8062, 7.3063 ], [ -2.7967, 7.3011 ], [ -2.7914, 7.3125 ], [ -2.7934, 7.3185 ], [ -2.788, 7.3355 ], [ -2.7942, 7.3421 ], [ -2.8023, 7.3623 ], [ -2.7762, 7.3843 ], [ -2.7333, 7.3887 ], [ -2.7329, 7.3949 ], [ -2.7218, 7.3813 ], [ -2.7082, 7.3787 ], [ -2.6969, 7.3807 ], [ -2.7172, 7.4069 ], [ -2.726, 7.4113 ], [ -2.7324, 7.4271 ], [ -2.7446, 7.4247 ], [ -2.7593, 7.4477 ], [ -2.7798, 7.4703 ], [ -2.7887, 7.4603 ], [ -2.8037, 7.4679 ], [ -2.815, 7.4631 ], [ -2.8886, 7.4261 ], [ -2.8927, 7.4177 ], [ -2.9029, 7.4253 ], [ -2.9125, 7.4523 ], [ -2.9259, 7.4629 ], [ -2.9362, 7.4795 ], [ -2.9473, 7.4565 ], [ -2.9484, 7.4301 ], [ -2.9693, 7.3345 ], [ -2.9782, 7.2721 ], [ -2.9533, 7.2393 ], [ -2.9827, 7.1947 ], [ -3.0238, 7.1415 ], [ -3.0291, 7.0967 ], [ -3.0133, 7.0955 ], [ -3.0115, 7.0869 ], [ -2.9735, 7.0671 ], [ -2.9782, 7.0569 ], [ -2.9326, 6.9967 ], [ -2.7797, 7.0189 ], [ -2.77, 7.0231 ] ] ] } },
{ "type": "Feature", "properties": { "iso3": "GHA", "unit_id": "30259293B84398791606588", "unit_name": "Dormaa West" }, "geometry": { "type": "Polygon", "coordinates": [ [ [ -2.7797, 7.0189 ], [ -2.9326, 6.9967 ], [ -2.9782, 7.0569 ], [ -2.9735, 7.0671 ], [ -3.0115, 7.0869 ], [ -3.0133, 7.0955 ], [ -3.0245, 7.0981 ], [ -3.0291, 7.0967 ], [ -3.0321, 7.0717 ], [ -3.0749, 7.0629 ], [ -3.1166, 7.0059 ], [ -3.1003, 6.9949 ], [ -3.0902, 6.9793 ], [ -3.075, 6.9707 ], [ -3.0719, 6.9433 ], [ -3.0638, 6.9397 ], [ -3.0463, 6.9385 ], [ -3.0326, 6.9275 ], [ -3.0165, 6.9317 ], [ -3.0083, 6.9385 ], [ -2.9948, 6.9413 ], [ -2.9892, 6.9461 ], [ -2.9846, 6.9463 ], [ -2.969, 6.9371 ], [ -2.9376, 6.9405 ], [ -2.9208, 6.9255 ], [ -2.8972, 6.8939 ], [ -2.8951, 6.8867 ], [ -2.8861, 6.8791 ], [ -2.8719, 6.8543 ], [ -2.866, 6.8515 ], [ -2.8598, 6.8549 ], [ -2.8588, 6.8671 ], [ -2.8524, 6.8749 ], [ -2.8499, 6.8849 ], [ -2.8556, 6.9133 ], [ -2.8509, 6.9219 ], [ -2.8513, 6.9415 ], [ -2.8479, 6.9519 ], [ -2.8396, 6.9589 ], [ -2.8319, 6.9593 ], [ -2.8312, 6.9623 ], [ -2.8207, 6.9651 ], [ -2.8125, 6.9735 ], [ -2.7901, 7.0121 ], [ -2.7797, 7.0189 ] ] ] } },
{ "type": "Feature", "properties": { "iso3": "GHA", "unit_id": "30259293B68195270119210", "unit_name": "Jaman North" }, "geometry": { "type": "Polygon", "coordinates": [ [ [ -2.536, 8.1449 ], [ -2.5593, 8.1453 ], [ -2.5642, 8.1485 ], [ -2.5767, 8.1453 ], [ -2.5946, 8.1525 ], [ -2.6087, 8.1505 ], [ -2.6302, 8.1129 ], [ -2.6359, 8.0673 ], [ -2.6324, 8.0543 ], [ -2.6527, 8.0423 ], [ -2.662, 8.0421 ], [ -2.6956, 8.0297 ], [ -2.7127, 8.0173 ], [ -2.7516, 8.0019 ], [ -2.7713, 7.9973 ], [ -2.7928, 7.9835 ], [ -2.8086, 7.9657 ], [ -2.8103, 7.9385 ], [ -2.8221, 7.9125 ], [ -2.8252, 7.8683 ], [ -2.8317, 7.8469 ], [ -2.8258, 7.8239 ], [ -2.8062, 7.8085 ], [ -2.7921, 7.8045 ], [ -2.7801, 7.7943 ], [ -2.7675, 7.7949 ], [ -2.763, 7.7899 ], [ -2.7669, 7.7753 ], [ -2.743, 7.7415 ], [ -2.7291, 7.7339 ], [ -2.7221, 7.7167 ], [ -2.7118, 7.7107 ], [ -2.7035, 7.6975 ], [ -2.6951, 7.6943 ], [ -2.6879, 7.6973 ], [ -2.6798, 7.6941 ], [ -2.6707, 7.6845 ], [ -2.6665, 7.6731 ], [ -2.6437, 7.6777 ], [ -2.6109, 7.6749 ], [ -2.5891, 7.6801 ], [ -2.5911, 7.7037 ], [ -2.589, 7.7117 ], [ -2.5778, 7.7253 ], [ -2.5872, 7.7349 ], [ -2.5844, 7.7429 ], [ -2.5768, 7.7509 ], [ -2.5874, 7.7627 ], [ -2.573, 7.7745 ], [ -2.5709, 7.7947 ], [ -2.58, 7.8285 ], [ -2.5831, 7.8583 ], [ -2.5943, 7.8739 ], [ -2.5937, 7.8845 ], [ -2.5979, 7.8975 ], [ -2.6043, 7.9015 ], [ -2.6084, 7.9093 ], [ -2.6071, 7.9133 ], [ -2.5811, 7.9213 ], [ -2.5746, 7.9317 ], [ -2.5796, 7.9441 ], [ -2.5791, 7.9543 ], [ -2.5588, 7.9587 ], [ -2.5528, 7.9787 ], [ -2.549, 7.9827 ], [ -2.5382, 7.9845 ], [ -2.5424, 7.9943 ], [ -2.5283, 8.0097 ], [ -2.5264, 8.0267 ], [ -2.516, 8.0543 ], [ -2.5276, 8.0875 ], [ -2.5255, 8.0989 ], [ -2.5368, 8.1151 ], [ -2.5285, 8.1465 ], [ -2.5302, 8.1499 ], [ -2.536, 8.1449 ] ] ] } },
{ "type": "Feature", "properties": { "iso3": "GHA", "unit_id": "30259293B57446475454979", "unit_name": "Jaman South Municipal" }, "geometry": { "type": "Polygon", "coordinates": [ [ [ -2.6556, 7.6741 ], [ -2.6665, 7.6731 ], [ -2.6707, 7.6845 ], [ -2.6798, 7.6941 ], [ -2.6879, 7.6973 ], [ -2.6951, 7.6943 ], [ -2.7035, 7.6975 ], [ -2.7118, 7.7107 ], [ -2.7221, 7.7167 ], [ -2.7291, 7.7339 ], [ -2.743, 7.7415 ], [ -2.7636, 7.7693 ], [ -2.7669, 7.7753 ], [ -2.763, 7.7899 ], [ -2.7675, 7.7949 ], [ -2.7801, 7.7943 ], [ -2.7921, 7.8045 ], [ -2.8062, 7.8085 ], [ -2.8258, 7.8239 ], [ -2.829, 7.8213 ], [ -2.8261, 7.8057 ], [ -2.8485, 7.7803 ], [ -2.8506, 7.7619 ], [ -2.8693, 7.7323 ], [ -2.9235, 7.6087 ], [ -2.9362, 7.4795 ], [ -2.9259, 7.4629 ], [ -2.9125, 7.4523 ], [ -2.9029, 7.4253 ], [ -2.8927, 7.4177 ], [ -2.8886, 7.4261 ], [ -2.815, 7.4631 ], [ -2.8037, 7.4679 ], [ -2.7973, 7.4625 ], [ -2.7953, 7.4821 ], [ -2.7671, 7.5015 ], [ -2.7666, 7.5055 ], [ -2.7786, 7.5249 ], [ -2.7802, 7.5465 ], [ -2.7681, 7.5493 ], [ -2.7363, 7.5469 ], [ -2.7187, 7.5415 ], [ -2.7314, 7.5689 ], [ -2.6945, 7.5625 ], [ -2.6866, 7.5847 ], [ -2.6856, 7.6071 ], [ -2.6778, 7.6157 ], [ -2.6759, 7.6253 ], [ -2.6638, 7.6449 ], [ -2.6556, 7.6741 ] ] ] } },
{ "type": "Feature", "properties": { "iso3": "GHA", "unit_id": "30259293B87750992765981", "unit_name": "Sunyani Municipal" }, "geometry": { "type": "Polygon", "coordinates": [ [ [ -2.2995, 7.0993 ], [ -2.2952, 7.1085 ], [ -2.3021, 7.1195 ], [ -2.2894, 7.1417 ], [ -2.2983, 7.1477 ], [ -2.3042, 7.1481 ], [ -2.3134, 7.1617 ], [ -2.3501, 7.1871 ], [ -2.3349, 7.2281 ], [ -2.325, 7.2365 ], [ -2.3184, 7.2333 ], [ -2.2961, 7.2325 ], [ -2.2892, 7.2251 ], [ -2.28, 7.2335 ], [ -2.2802, 7.2461 ], [ -2.2745, 7.2381 ], [ -2.2711, 7.2387 ], [ -2.2716, 7.2453 ], [ -2.2658, 7.2465 ], [ -2.2696, 7.2545 ], [ -2.2652, 7.2621 ], [ -2.268, 7.2727 ], [ -2.2653, 7.2765 ], [ -2.2462, 7.2799 ], [ -2.2404, 7.2917 ], [ -2.2191, 7.3019 ], [ -2.2187, 7.3103 ], [ -2.2104, 7.3137 ], [ -2.2141, 7.3453 ], [ -2.2191, 7.3569 ], [ -2.2251, 7.3621 ], [ -2.2478, 7.3479 ], [ -2.2693, 7.3533 ], [ -2.2753, 7.3501 ], [ -2.2848, 7.3537 ], [ -2.2954, 7.3505 ], [ -2.307, 7.3529 ], [ -2.3256, 7.3673 ], [ -2.3471, 7.3613 ], [ -2.3568, 7.3345 ], [ -2.4015, 7.3235 ], [ -2.4134, 7.3155 ], [ -2.4229, 7.3175 ], [ -2.4329, 7.3089 ], [ -2.4357, 7.3059 ], [ -2.4292, 7.2885 ], [ -2.4328, 7.2753 ], [ -2.4316, 7.2655 ], [ -2.4374, 7.2461 ], [ -2.4503, 7.2495 ], [ -2.4696, 7.2479 ], [ -2.48, 7.2367 ], [ -2.4879, 7.2181 ], [ -2.4923, 7.2177 ], [ -2.4937, 7.1343 ], [ -2.4837, 7.1317 ], [ -2.4695, 7.1363 ], [ -2.4605, 7.1343 ], [ -2.4489, 7.1403 ], [ -2.4015, 7.1123 ], [ -2.4385, 7.0889 ], [ -2.3725, 7.1021 ], [ -2.3639, 7.1077 ], [ -2.3651, 7.1151 ], [ -2.3521, 7.1275 ], [ -2.3366, 7.1227 ], [ -2.3268, 7.1243 ], [ -2.324, 7.1217 ], [ -2.3305, 7.1141 ], [ -2.3303, 7.1069 ], [ -2.3153, 7.1041 ], [ -2.3117, 7.1005 ], [ -2.3043, 7.1029 ], [ -2.2995, 7.0993 ] ] ] } },
{ "type": "Feature", "properties": { "iso3": "GHA", "unit_id": "30259293B66100896318752", "unit_name": "Sunyani West" }, "geometry": { "type": "Polygon", "coordinates": [ [ [ -2.1365, 7.3945 ], [ -2.1405, 7.4089 ], [ -2.1279, 7.4189 ], [ -2.127, 7.4317 ], [ -2.1141, 7.4437 ], [ -2.114, 7.4599 ], [ -2.1085, 7.4647 ], [ -2.1128, 7.4739 ], [ -2.1137, 7.4945 ], [ -2.1474, 7.4955 ], [ -2.1666, 7.4843 ], [ -2.1698, 7.4789 ], [ -2.1936, 7.4783 ], [ -2.2094, 7.4715 ], [ -2.2244, 7.4695 ], [ -2.229, 7.4697 ], [ -2.2322, 7.4787 ], [ -2.2412, 7.4793 ], [ -2.2459, 7.4869 ], [ -2.2606, 7.4897 ], [ -2.267, 7.5003 ], [ -2.2625, 7.5121 ], [ -2.2618, 7.5271 ], [ -2.2544, 7.5355 ], [ -2.2549, 7.5423 ], [ -2.2453, 7.5491 ], [ -2.2434, 7.5639 ], [ -2.2401, 7.5667 ], [ -2.2432, 7.5749 ], [ -2.2537, 7.5825 ], [ -2.2495, 7.5967 ], [ -2.2513, 7.6075 ], [ -2.2668, 7.6043 ], [ -2.2732, 7.5855 ], [ -2.2796, 7.5845 ], [ -2.288, 7.5895 ], [ -2.3111, 7.5767 ], [ -2.33, 7.5767 ], [ -2.3355, 7.5799 ], [ -2.3705, 7.5671 ], [ -2.3811, 7.5693 ], [ -2.3852, 7.5635 ], [ -2.3936, 7.5735 ], [ -2.4078, 7.5737 ], [ -2.4163, 7.5701 ], [ -2.4262, 7.5737 ], [ -2.4469, 7.5931 ], [ -2.4703, 7.6003 ], [ -2.4805, 7.5931 ], [ -2.4746, 7.5781 ], [ -2.4752, 7.5687 ], [ -2.4815, 7.5599 ], [ -2.5052, 7.5535 ], [ -2.5133, 7.5479 ], [ -2.517, 7.5407 ], [ -2.5115, 7.5247 ], [ -2.5132, 7.5213 ], [ -2.5172, 7.5213 ], [ -2.5243, 7.5103 ], [ -2.5222, 7.4975 ], [ -2.4931, 7.4873 ], [ -2.491, 7.4727 ], [ -2.5131, 7.4653 ], [ -2.5171, 7.4571 ], [ -2.531, 7.4525 ], [ -2.5413, 7.4445 ], [ -2.5317, 7.4179 ], [ -2.5217, 7.4129 ], [ -2.5059, 7.3969 ], [ -2.5037, 7.3863 ], [ -2.5017, 7.3739 ], [ -2.5037, 7.3663 ], [ -2.5186, 7.3711 ], [ -2.5199, 7.3671 ], [ -2.518, 7.3309 ], [ -2.5069, 7.3217 ], [ -2.51, 7.2999 ], [ -2.5149, 7.2909 ], [ -2.5078, 7.2871 ], [ -2.5004, 7.2713 ], [ -2.4735, 7.2413 ], [ -2.4696, 7.2479 ], [ -2.4503, 7.2495 ], [ -2.4374, 7.2461 ], [ -2.4316, 7.2655 ], [ -2.4328, 7.2753 ], [ -2.4292, 7.2885 ], [ -2.4357, 7.3059 ], [ -2.4229, 7.3175 ], [ -2.4134, 7.3155 ], [ -2.4015, 7.3235 ], [ -2.3568, 7.3345 ], [ -2.3471, 7.3613 ], [ -2.3256, 7.3673 ], [ -2.307, 7.3529 ], [ -2.2954, 7.3505 ], [ -2.2848, 7.3537 ], [ -2.2753, 7.3501 ], [ -2.2693, 7.3533 ], [ -2.2478, 7.3479 ], [ -2.2251, 7.3621 ], [ -2.2191, 7.3569 ], [ -2.2141, 7.3453 ], [ -2.2104, 7.3137 ], [ -2.1886, 7.3219 ], [ -2.1723, 7.3231 ], [ -2.1609, 7.3295 ], [ -2.1527, 7.3417 ], [ -2.1471, 7.3655 ], [ -2.1382, 7.3699 ], [ -2.136, 7.3749 ], [ -2.1397, 7.3863 ], [ -2.1365, 7.3945 ] ] ] } },
{ "type": "Feature", "properties": { "iso3": "GHA", "unit_id": "30259293B22072399742407", "unit_name": "Tain" }, "geometry": { "type": "Polygon", "coordinates": [ [ [ -2.5382, 7.9845 ], [ -2.549, 7.9827 ], [ -2.5528, 7.9787 ], [ -2.5588, 7.9587 ], [ -2.5791, 7.9543 ], [ -2.5796, 7.9441 ], [ -2.5746, 7.9317 ], [ -2.5811, 7.9213 ], [ -2.6071, 7.9133 ], [ -2.6084, 7.9093 ], [ -2.6043, 7.9015 ], [ -2.5979, 7.8975 ], [ -2.5937, 7.8845 ], [ -2.5943, 7.8739 ], [ -2.5831, 7.8583 ], [ -2.58, 7.8285 ], [ -2.5709, 7.7947 ], [ -2.573, 7.7745 ], [ -2.5874, 7.7627 ], [ -2.5768, 7.7509 ], [ -2.5844, 7.7429 ], [ -2.5872, 7.7349 ], [ -2.5778, 7.7253 ], [ -2.589, 7.7117 ], [ -2.5911, 7.7037 ], [ -2.5891, 7.6801 ], [ -2.5736, 7.6749 ], [ -2.5598, 7.6641 ], [ -2.545, 7.6607 ], [ -2.5414, 7.6571 ], [ -2.542, 7.6481 ], [ -2.5304, 7.6231 ], [ -2.5156, 7.6211 ], [ -2.5096, 7.6105 ], [ -2.4973, 7.6041 ], [ -2.4871, 7.5937 ], [ -2.4805, 7.5931 ], [ -2.465, 7.6007 ], [ -2.4545, 7.5939 ], [ -2.4469, 7.5931 ], [ -2.4262, 7.5737 ], [ -2.4163, 7.5701 ], [ -2.4078, 7.5737 ], [ -2.3936, 7.5735 ], [ -2.3852, 7.5635 ], [ -2.3811, 7.5693 ], [ -2.3705, 7.5671 ], [ -2.3355, 7.5799 ], [ -2.33, 7.5767 ], [ -2.3111, 7.5767 ], [ -2.288, 7.5895 ], [ -2.2796, 7.5845 ], [ -2.2732, 7.5855 ], [ -2.2668, 7.6043 ], [ -2.2462, 7.6087 ], [ -2.2192, 7.6093 ], [ -2.2151, 7.6203 ], [ -2.2177, 7.6339 ], [ -2.2231, 7.6383 ], [ -2.2127, 7.6529 ], [ -2.2152, 7.6673 ], [ -2.2057, 7.6715 ], [ -2.2029, 7.6835 ], [ -2.2165, 7.6931 ], [ -2.2193, 7.7113 ], [ -2.2174, 7.7143 ], [ -2.213, 7.7139 ], [ -2.2036, 7.7257 ], [ -2.204, 7.7395 ], [ -2.1994, 7.7399 ], [ -2.1975, 7.7451 ], [ -2.1981, 7.7495 ], [ -2.211, 7.7545 ], [ -2.2053, 7.7599 ], [ -2.1947, 7.7623 ], [ -2.1975, 7.7797 ], [ -2.1948, 7.7975 ], [ -2.1798, 7.8049 ], [ -2.1668, 7.8159 ], [ -2.167, 7.8307 ], [ -2.1644, 7.8347 ], [ -2.1548, 7.8323 ], [ -2.1521, 7.8369 ], [ -2.1557, 7.8439 ], [ -2.1474, 7.8437 ], [ -2.1529, 7.8683 ], [ -2.1507, 7.8701 ], [ -2.1386, 7.8667 ], [ -2.1361, 7.8705 ], [ -2.1476, 7.8813 ], [ -2.1475, 7.8851 ], [ -2.142, 7.8855 ], [ -2.1632, 7.9139 ], [ -2.1573, 7.9243 ], [ -2.1576, 7.9345 ], [ -2.1542, 7.9379 ], [ -2.1465, 7.9347 ], [ -2.1475, 7.9427 ], [ -2.1401, 7.9467 ], [ -2.1379, 7.9545 ], [ -2.1429, 7.9699 ], [ -2.1382, 7.9777 ], [ -2.1497, 7.9957 ], [ -2.1589, 7.9921 ], [ -2.1626, 7.9799 ], [ -2.167, 7.9743 ], [ -2.1713, 7.9749 ], [ -2.1753, 7.9651 ], [ -2.1897, 7.9653 ], [ -2.1952, 7.9587 ], [ -2.2086, 7.9539 ], [ -2.2603, 7.9671 ], [ -2.2722, 7.9755 ], [ -2.3001, 7.9865 ], [ -2.3109, 7.9847 ], [ -2.3236, 7.9887 ], [ -2.3399, 7.9765 ], [ -2.3498, 7.9821 ], [ -2.3579, 7.9983 ], [ -2.3698, 8.0051 ], [ -2.3843, 8.0063 ], [ -2.3952, 8.0115 ], [ -2.4052, 8.0089 ], [ -2.4331, 8.0191 ], [ -2.4408, 7.9983 ], [ -2.4318, 7.9847 ], [ -2.435, 7.9757 ], [ -2.4449, 7.9683 ], [ -2.4722, 7.9221 ], [ -2.4797, 7.9185 ], [ -2.4878, 7.9207 ], [ -2.4969, 7.9417 ], [ -2.5046, 7.9449 ], [ -2.5142, 7.9585 ], [ -2.5353, 7.9779 ], [ -2.5382, 7.9845 ] ] ] } },
{ "type": "Feature", "properties": { "iso3": "GHA", "unit_id": "30259293B2202311251269", "unit_name": "Wenchi Municipal" }, "geometry": { "type": "Polygon", "coordinates": [ [ [ -2.1497, 7.9957 ], [ -2.1382, 7.9777 ], [ -2.1429, 7.9699 ], [ -2.1379, 7.9545 ], [ -2.1401, 7.9467 ], [ -2.1475, 7.9427 ], [ -2.1465, 7.9347 ], [ -2.1542, 7.9379 ], [ -2.1576, 7.9345 ], [ -2.1573, 7.9243 ], [ -2.1632, 7.9139 ], [ -2.142, 7.8855 ], [ -2.1475, 7.8851 ], [ -2.1476, 7.8813 ], [ -2.1361, 7.8705 ], [ -2.1386, 7.8667 ], [ -2.1507, 7.8701 ], [ -2.1529, 7.8683 ], [ -2.1474, 7.8437 ], [ -2.1557, 7.8439 ], [ -2.1521, 7.8369 ], [ -2.1548, 7.8323 ], [ -2.1644, 7.8347 ], [ -2.167, 7.8307 ], [ -2.1668, 7.8159 ], [ -2.1798, 7.8049 ], [ -2.1948, 7.7975 ], [ -2.1975, 7.7797 ], [ -2.1947, 7.7623 ], [ -2.2053, 7.7599 ], [ -2.211, 7.7545 ], [ -2.1981, 7.7495 ], [ -2.1975, 7.7451 ], [ -2.1994, 7.7399 ], [ -2.204, 7.7395 ], [ -2.2036, 7.7257 ], [ -2.213, 7.7139 ], [ -2.2174, 7.7143 ], [ -2.2193, 7.7113 ], [ -2.2165, 7.6931 ], [ -2.2029, 7.6835 ], [ -2.2057, 7.6715 ], [ -2.2152, 7.6673 ], [ -2.2127, 7.6529 ], [ -2.2231, 7.6383 ], [ -2.2177, 7.6339 ], [ -2.2151, 7.6203 ], [ -2.217, 7.6119 ], [ -2.226, 7.6079 ], [ -2.2513, 7.6075 ], [ -2.2495, 7.5967 ], [ -2.2537, 7.5825 ], [ -2.2432, 7.5749 ], [ -2.2401, 7.5667 ], [ -2.2434, 7.5639 ], [ -2.2453, 7.5491 ], [ -2.2549, 7.5423 ], [ -2.2544, 7.5355 ], [ -2.2618, 7.5271 ], [ -2.2625, 7.5121 ], [ -2.267, 7.5003 ], [ -2.2606, 7.4897 ], [ -2.2459, 7.4869 ], [ -2.2412, 7.4793 ], [ -2.2322, 7.4787 ], [ -2.229, 7.4697 ], [ -2.2094, 7.4715 ], [ -2.1936, 7.4783 ], [ -2.1698, 7.4789 ], [ -2.1666, 7.4843 ], [ -2.1474, 7.4955 ], [ -2.1109, 7.4961 ], [ -2.1178, 7.5019 ], [ -2.1219, 7.5151 ], [ -2.1353, 7.5187 ], [ -2.1367, 7.5283 ], [ -2.1093, 7.5529 ], [ -2.1118, 7.5723 ], [ -2.0883, 7.6113 ], [ -2.0912, 7.6223 ], [ -2.089, 7.6319 ], [ -2.0708, 7.6509 ], [ -2.0673, 7.6607 ], [ -2.0517, 7.6661 ], [ -2.0483, 7.6711 ], [ -2.0511, 7.6831 ], [ -2.0561, 7.6855 ], [ -2.0625, 7.7023 ], [ -2.0729, 7.7151 ], [ -2.0703, 7.7279 ], [ -2.0736, 7.7453 ], [ -2.0716, 7.7497 ], [ -2.0803, 7.7583 ], [ -2.0814, 7.7665 ], [ -2.0759, 7.7787 ], [ -2.0264, 7.7795 ], [ -1.9829, 7.8031 ], [ -1.9714, 7.8057 ], [ -1.9619, 7.8061 ], [ -1.9526, 7.7997 ], [ -1.9437, 7.7995 ], [ -1.9276, 7.8093 ], [ -1.9231, 7.8073 ], [ -1.9144, 7.8133 ], [ -1.9029, 7.8313 ], [ -1.9151, 7.8777 ], [ -1.9863, 7.9669 ], [ -1.9944, 7.9675 ], [ -2.0208, 7.9557 ], [ -2.0318, 7.9571 ], [ -2.041, 7.9645 ], [ -2.0435, 7.9723 ], [ -2.0265, 7.9957 ], [ -2.0259, 8.0229 ], [ -2.0374, 8.0311 ], [ -2.0571, 8.0531 ], [ -2.055, 8.0603 ], [ -2.0655, 8.0899 ], [ -2.0801, 8.0999 ], [ -2.1041, 8.1367 ], [ -2.1173, 8.1359 ], [ -2.1215, 8.1305 ], [ -2.1171, 8.1195 ], [ -2.1168, 8.0995 ], [ -2.1203, 8.0977 ], [ -2.1218, 8.0913 ], [ -2.1285, 8.0883 ], [ -2.1271, 8.0855 ], [ -2.135, 8.0815 ], [ -2.1258, 8.0759 ], [ -2.1232, 8.0621 ], [ -2.1162, 8.0533 ], [ -2.1297, 8.0561 ], [ -2.1305, 8.0515 ], [ -2.1137, 8.0425 ], [ -2.1137, 8.0393 ], [ -2.1207, 8.0363 ], [ -2.1263, 8.0273 ], [ -2.1319, 8.0299 ], [ -2.1353, 8.0281 ], [ -2.1497, 7.9957 ] ] ] } },
{ "type": "Feature", "properties": { "iso3": "GHA", "unit_id": "30259293B37258537383466", "unit_name": "Atebubu Amantin" }, "geometry": { "type": "Polygon", "coordinates": [ [ [ -1.1472, 7.4685 ], [ -1.1419, 7.4725 ], [ -1.132, 7.4717 ], [ -1.1249, 7.4763 ], [ -1.1036, 7.4659 ], [ -1.0836, 7.4873 ], [ -1.0705, 7.4903 ], [ -1.0674, 7.5023 ], [ -1.0526, 7.5089 ], [ -1.0411, 7.5269 ], [ -1.0248, 7.5335 ], [ -1.0149, 7.5345 ], [ -1.0028, 7.5291 ], [ -0.984, 7.5339 ], [ -0.9726, 7.5213 ], [ -0.9547, 7.5235 ], [ -0.9387, 7.5157 ], [ -0.9334, 7.5077 ], [ -0.9229, 7.5039 ], [ -0.9027, 7.5075 ], [ -0.893, 7.5047 ], [ -0.8897, 7.5161 ], [ -0.8762, 7.5147 ], [ -0.8662, 7.5205 ], [ -0.8598, 7.5159 ], [ -0.8562, 7.5183 ], [ -0.8446, 7.5171 ], [ -0.8431, 7.5099 ], [ -0.8285, 7.5117 ], [ -0.8223, 7.5083 ], [ -0.8196, 7.5007 ], [ -0.8148, 7.5067 ], [ -0.8078, 7.5087 ], [ -0.8073, 7.5041 ], [ -0.7841, 7.4981 ], [ -0.775, 7.5125 ], [ -0.7674, 7.5147 ], [ -0.7623, 7.5265 ], [ -0.7743, 7.5439 ], [ -0.7733, 7.5559 ], [ -0.7859, 7.5701 ], [ -0.7793, 7.6019 ], [ -0.8014, 7.6325 ], [ -0.7957, 7.6483 ], [ -0.7954, 7.6689 ], [ -0.8025, 7.6783 ], [ -0.8032, 7.7163 ], [ -0.8103, 7.7263 ], [ -0.8078, 7.7597 ], [ -0.8086, 7.7689 ], [ -0.8165, 7.7841 ], [ -0.8133, 7.7919 ], [ -0.8144, 7.8007 ], [ -0.8244, 7.8157 ], [ -0.8274, 7.8471 ], [ -0.8366, 7.8605 ], [ -0.84, 7.8737 ], [ -0.8385, 7.9007 ], [ -0.8211, 7.9237 ], [ -0.8189, 7.9317 ], [ -0.8227, 7.9631 ], [ -0.8253, 7.9567 ], [ -0.8435, 7.9469 ], [ -0.8515, 7.9529 ], [ -0.8601, 7.9393 ], [ -0.8839, 7.9385 ], [ -0.8903, 7.9317 ], [ -0.9012, 7.9331 ], [ -0.9202, 7.9279 ], [ -0.9302, 7.9305 ], [ -0.9366, 7.9389 ], [ -0.9499, 7.9413 ], [ -0.9677, 7.9541 ], [ -1.0041, 7.9633 ], [ -1.005, 7.9745 ], [ -1.0124, 7.9795 ], [ -1.0176, 7.9891 ], [ -1.0229, 7.9913 ], [ -1.0364, 7.9903 ], [ -1.0515, 7.9665 ], [ -1.0575, 7.9811 ], [ -1.0801, 7.9833 ], [ -1.0848, 7.9787 ], [ -1.0897, 7.9623 ], [ -1.1108, 7.9543 ], [ -1.1181, 7.9463 ], [ -1.112, 7.9347 ], [ -1.1014, 7.9331 ], [ -1.1027, 7.9255 ], [ -1.0998, 7.9173 ], [ -1.1028, 7.9071 ], [ -1.1175, 7.9005 ], [ -1.1213, 7.9095 ], [ -1.1328, 7.9159 ], [ -1.1417, 7.9083 ], [ -1.148, 7.9115 ], [ -1.1593, 7.9051 ], [ -1.1734, 7.9045 ], [ -1.1831, 7.8975 ], [ -1.1941, 7.8989 ], [ -1.1818, 7.8939 ], [ -1.1787, 7.8887 ], [ -1.187, 7.8711 ], [ -1.1992, 7.8725 ], [ -1.2002, 7.8605 ], [ -1.1928, 7.8549 ], [ -1.1928, 7.8515 ], [ -1.2041, 7.8439 ], [ -1.2304, 7.8429 ], [ -1.238, 7.8375 ], [ -1.2502, 7.8153 ], [ -1.245, 7.8079 ], [ -1.2459, 7.8039 ], [ -1.2707, 7.7945 ], [ -1.2771, 7.7889 ], [ -1.2994, 7.7867 ], [ -1.3026, 7.7891 ], [ -1.3139, 7.7853 ], [ -1.3214, 7.7889 ], [ -1.331, 7.7879 ], [ -1.3317, 7.7907 ], [ -1.3469, 7.7903 ], [ -1.3745, 7.7999 ], [ -1.3813, 7.7945 ], [ -1.3755, 7.7899 ], [ -1.3588, 7.7863 ], [ -1.3556, 7.7779 ], [ -1.3681, 7.7727 ], [ -1.3814, 7.7605 ], [ -1.3821, 7.7309 ], [ -1.3689, 7.7009 ], [ -1.3791, 7.6873 ], [ -1.382, 7.6775 ], [ -1.4022, 7.6531 ], [ -1.4112, 7.6349 ], [ -1.4063, 7.6351 ], [ -1.4009, 7.6431 ], [ -1.3969, 7.6443 ], [ -1.393, 7.6409 ], [ -1.3883, 7.6441 ], [ -1.3748, 7.6439 ], [ -1.3687, 7.6465 ], [ -1.3672, 7.6531 ], [ -1.338, 7.6593 ], [ -1.3112, 7.6463 ], [ -1.2947, 7.6299 ], [ -1.2847, 7.6267 ], [ -1.2806, 7.6195 ], [ -1.2843, 7.6161 ], [ -1.293, 7.6157 ], [ -1.3026, 7.6201 ], [ -1.308, 7.6191 ], [ -1.3166, 7.6095 ], [ -1.3131, 7.6021 ], [ -1.3133, 7.5815 ], [ -1.3003, 7.5715 ], [ -1.2942, 7.5589 ], [ -1.2951, 7.5473 ], [ -1.2904, 7.5359 ], [ -1.266, 7.5209 ], [ -1.2478, 7.4945 ], [ -1.2386, 7.4897 ], [ -1.2259, 7.4947 ], [ -1.2025, 7.4951 ], [ -1.1804, 7.4819 ], [ -1.1576, 7.4795 ], [ -1.1545, 7.4689 ], [ -1.1472, 7.4685 ] ] ] } },
{ "type": "Feature", "properties": { "iso3": "GHA", "unit_id": "30259293B7812494463171", "unit_name": "Kintampo North Municipal" }, "geometry": { "type": "Polygon", "coordinates": [ [ [ -1.1444, 8.6775 ], [ -1.1859, 8.6783 ], [ -1.198, 8.6701 ], [ -1.2068, 8.6681 ], [ -1.2303, 8.6753 ], [ -1.2616, 8.6897 ], [ -1.2855, 8.7179 ], [ -1.3115, 8.7235 ], [ -1.356, 8.7591 ], [ -1.3784, 8.7681 ], [ -1.4081, 8.7743 ], [ -1.45, 8.7657 ], [ -1.4739, 8.7653 ], [ -1.4842, 8.7599 ], [ -1.499, 8.7387 ], [ -1.5111, 8.6913 ], [ -1.5313, 8.6811 ], [ -1.555, 8.6757 ], [ -1.6151, 8.6775 ], [ -1.6289, 8.6809 ], [ -1.6454, 8.6925 ], [ -1.6593, 8.6949 ], [ -1.6787, 8.6847 ], [ -1.682, 8.6799 ], [ -1.6837, 8.6565 ], [ -1.6932, 8.6439 ], [ -1.728, 8.6279 ], [ -1.738, 8.6261 ], [ -1.7552, 8.6301 ], [ -1.7889, 8.6525 ], [ -1.8119, 8.6611 ], [ -1.8448, 8.6597 ], [ -1.8682, 8.6413 ], [ -1.8893, 8.5863 ], [ -1.8929, 8.5561 ], [ -1.8987, 8.5403 ], [ -1.8831, 8.4803 ], [ -1.8864, 8.4645 ], [ -1.9088, 8.4403 ], [ -1.9078, 8.3969 ], [ -1.8838, 8.3487 ], [ -1.8709, 8.3341 ], [ -1.8562, 8.3295 ], [ -1.8443, 8.3299 ], [ -1.8065, 8.3399 ], [ -1.7899, 8.3359 ], [ -1.7719, 8.3237 ], [ -1.7614, 8.2999 ], [ -1.7484, 8.2801 ], [ -1.7474, 8.2633 ], [ -1.7566, 8.2485 ], [ -1.7719, 8.2327 ], [ -1.7891, 8.2263 ], [ -1.8045, 8.2291 ], [ -1.8155, 8.2381 ], [ -1.8449, 8.2535 ], [ -1.8686, 8.2595 ], [ -1.8951, 8.2617 ], [ -1.908, 8.2469 ], [ -1.9135, 8.2297 ], [ -1.9314, 8.2103 ], [ -1.9334, 8.2013 ], [ -1.945, 8.1833 ], [ -1.9603, 8.1699 ], [ -2.0062, 8.1557 ], [ -2.0307, 8.1537 ], [ -2.0279, 8.1445 ], [ -1.9871, 8.1047 ], [ -1.9807, 8.1097 ], [ -1.9684, 8.1087 ], [ -1.925, 8.0605 ], [ -1.9137, 8.0639 ], [ -1.9085, 8.0589 ], [ -1.9085, 8.0535 ], [ -1.8844, 8.0545 ], [ -1.8624, 8.0493 ], [ -1.8531, 8.0503 ], [ -1.8227, 8.0767 ], [ -1.7464, 8.0597 ], [ -1.7422, 8.0465 ], [ -1.7245, 8.0381 ], [ -1.7167, 8.0491 ], [ -1.7017, 8.0505 ], [ -1.6749, 8.0463 ], [ -1.6715, 8.0399 ], [ -1.6608, 8.0475 ], [ -1.6364, 8.0335 ], [ -1.6259, 8.0317 ], [ -1.575, 8.0307 ], [ -1.5684, 8.0177 ], [ -1.562, 8.0155 ], [ -1.562, 8.0089 ], [ -1.5472, 7.9989 ], [ -1.5407, 8.0125 ], [ -1.5331, 8.0151 ], [ -1.517, 8.0149 ], [ -1.4922, 8.0057 ], [ -1.4911, 8.0253 ], [ -1.4854, 8.0307 ], [ -1.4701, 8.0337 ], [ -1.4561, 8.0409 ], [ -1.4354, 8.0439 ], [ -1.4387, 8.0529 ], [ -1.4389, 8.0831 ], [ -1.4165, 8.1255 ], [ -1.4189, 8.1429 ], [ -1.415, 8.1599 ], [ -1.4004, 8.1789 ], [ -1.4038, 8.2067 ], [ -1.3702, 8.2327 ], [ -1.3471, 8.2365 ], [ -1.3366, 8.2333 ], [ -1.3271, 8.2355 ], [ -1.2975, 8.2765 ], [ -1.2746, 8.2905 ], [ -1.279, 8.3081 ], [ -1.2763, 8.3115 ], [ -1.2776, 8.3207 ], [ -1.2729, 8.3349 ], [ -1.2653, 8.3409 ], [ -1.2589, 8.3541 ], [ -1.2573, 8.3587 ], [ -1.2611, 8.3687 ], [ -1.2534, 8.3785 ], [ -1.2591, 8.4069 ], [ -1.2546, 8.4185 ], [ -1.2552, 8.4273 ], [ -1.2618, 8.4311 ], [ -1.2622, 8.4349 ], [ -1.2581, 8.4545 ], [ -1.2437, 8.4683 ], [ -1.2324, 8.4707 ], [ -1.228, 8.4773 ], [ -1.2214, 8.4781 ], [ -1.2204, 8.4891 ], [ -1.2177, 8.4909 ], [ -1.1955, 8.4947 ], [ -1.1924, 8.5011 ], [ -1.1956, 8.5111 ], [ -1.1832, 8.5113 ], [ -1.1753, 8.5167 ], [ -1.1737, 8.5087 ], [ -1.1693, 8.5085 ], [ -1.1641, 8.5151 ], [ -1.1653, 8.5235 ], [ -1.171, 8.5275 ], [ -1.1707, 8.5357 ], [ -1.161, 8.5375 ], [ -1.1555, 8.5421 ], [ -1.146, 8.5585 ], [ -1.1415, 8.5765 ], [ -1.146, 8.5913 ], [ -1.1466, 8.6255 ], [ -1.1505, 8.6333 ], [ -1.1449, 8.6461 ], [ -1.1473, 8.6557 ], [ -1.1444, 8.6775 ] ] ] } },
{ "type": "Feature", "properties": { "iso3": "GHA", "unit_id": "30259293B34672691754263", "unit_name": "Kintampo South" }, "geometry": { "type": "Polygon", "coordinates": [ [ [ -2.1173, 8.1359 ], [ -2.1015, 8.1351 ], [ -2.0801, 8.0999 ], [ -2.0655, 8.0899 ], [ -2.055, 8.0603 ], [ -2.0571, 8.0531 ], [ -2.0374, 8.0311 ], [ -2.0259, 8.0229 ], [ -2.0265, 7.9957 ], [ -2.0435, 7.9723 ], [ -2.041, 7.9645 ], [ -2.0318, 7.9571 ], [ -2.0208, 7.9557 ], [ -1.9944, 7.9675 ], [ -1.9863, 7.9669 ], [ -1.9151, 7.8777 ], [ -1.9029, 7.8313 ], [ -1.9144, 7.8133 ], [ -1.9479, 7.7843 ], [ -1.9383, 7.7839 ], [ -1.9389, 7.7751 ], [ -1.9262, 7.7731 ], [ -1.9426, 7.7651 ], [ -1.9439, 7.7615 ], [ -1.9317, 7.7415 ], [ -1.9196, 7.7325 ], [ -1.9098, 7.7289 ], [ -1.8833, 7.7523 ], [ -1.809, 7.7527 ], [ -1.7992, 7.7777 ], [ -1.7895, 7.7829 ], [ -1.7763, 7.7845 ], [ -1.7589, 7.7801 ], [ -1.7531, 7.7867 ], [ -1.7304, 7.7907 ], [ -1.7163, 7.8041 ], [ -1.709, 7.8049 ], [ -1.6978, 7.8137 ], [ -1.6862, 7.8143 ], [ -1.6729, 7.8091 ], [ -1.6619, 7.8113 ], [ -1.6561, 7.8163 ], [ -1.6464, 7.8141 ], [ -1.6308, 7.8231 ], [ -1.6156, 7.8417 ], [ -1.607, 7.8441 ], [ -1.6046, 7.8561 ], [ -1.5777, 7.8823 ], [ -1.5653, 7.8813 ], [ -1.5565, 7.8733 ], [ -1.5335, 7.8703 ], [ -1.5122, 7.8547 ], [ -1.5081, 7.8573 ], [ -1.5096, 7.8687 ], [ -1.517, 7.8811 ], [ -1.4989, 7.9239 ], [ -1.4993, 7.9409 ], [ -1.5075, 7.9561 ], [ -1.5078, 7.9631 ], [ -1.5022, 7.9805 ], [ -1.4917, 7.9899 ], [ -1.4922, 8.0057 ], [ -1.517, 8.0149 ], [ -1.5331, 8.0151 ], [ -1.5407, 8.0125 ], [ -1.5472, 7.9989 ], [ -1.562, 8.0089 ], [ -1.562, 8.0155 ], [ -1.5684, 8.0177 ], [ -1.575, 8.0307 ], [ -1.6259, 8.0317 ], [ -1.6364, 8.0335 ], [ -1.6608, 8.0475 ], [ -1.6715, 8.0399 ], [ -1.6749, 8.0463 ], [ -1.7017, 8.0505 ], [ -1.7167, 8.0491 ], [ -1.7245, 8.0381 ], [ -1.7422, 8.0465 ], [ -1.7464, 8.0597 ], [ -1.8227, 8.0767 ], [ -1.8531, 8.0503 ], [ -1.8624, 8.0493 ], [ -1.8844, 8.0545 ], [ -1.9085, 8.0535 ], [ -1.9085, 8.0589 ], [ -1.9137, 8.0639 ], [ -1.925, 8.0605 ], [ -1.9684, 8.1087 ], [ -1.9807, 8.1097 ], [ -1.9871, 8.1047 ], [ -2.0279, 8.1445 ], [ -2.0307, 8.1537 ], [ -2.0436, 8.1477 ], [ -2.0637, 8.1461 ], [ -2.0833, 8.1535 ], [ -2.117, 8.1569 ], [ -2.1215, 8.1509 ], [ -2.1173, 8.1359 ] ] ] } },
{ "type": "Feature", "properties": { "iso3": "GHA", "unit_id": "30259293B4507715828116", "unit_name": "Nkoranza North" }, "geometry": { "type": "Polygon", "coordinates": [ [ [ -1.308, 7.6191 ], [ -1.3026, 7.6201 ], [ -1.293, 7.6157 ], [ -1.2843, 7.6161 ], [ -1.2806, 7.6195 ], [ -1.2847, 7.6267 ], [ -1.2947, 7.6299 ], [ -1.3112, 7.6463 ], [ -1.3332, 7.6589 ], [ -1.3672, 7.6531 ], [ -1.3687, 7.6465 ], [ -1.3748, 7.6439 ], [ -1.3883, 7.6441 ], [ -1.393, 7.6409 ], [ -1.3969, 7.6443 ], [ -1.4009, 7.6431 ], [ -1.4063, 7.6351 ], [ -1.4112, 7.6349 ], [ -1.4022, 7.6531 ], [ -1.382, 7.6775 ], [ -1.3791, 7.6873 ], [ -1.3689, 7.7009 ], [ -1.3821, 7.7309 ], [ -1.3814, 7.7605 ], [ -1.3681, 7.7727 ], [ -1.3556, 7.7779 ], [ -1.3588, 7.7863 ], [ -1.3755, 7.7899 ], [ -1.3813, 7.7945 ], [ -1.378, 7.7991 ], [ -1.3802, 7.8031 ], [ -1.4029, 7.8101 ], [ -1.4318, 7.7991 ], [ -1.4449, 7.8113 ], [ -1.474, 7.8055 ], [ -1.4799, 7.8149 ], [ -1.4857, 7.8379 ], [ -1.4958, 7.8481 ], [ -1.5042, 7.8465 ], [ -1.5081, 7.8573 ], [ -1.5122, 7.8547 ], [ -1.5335, 7.8703 ], [ -1.5565, 7.8733 ], [ -1.5653, 7.8813 ], [ -1.5808, 7.8805 ], [ -1.6046, 7.8561 ], [ -1.607, 7.8441 ], [ -1.6156, 7.8417 ], [ -1.6308, 7.8231 ], [ -1.6464, 7.8141 ], [ -1.6561, 7.8163 ], [ -1.6619, 7.8113 ], [ -1.6729, 7.8091 ], [ -1.6862, 7.8143 ], [ -1.6978, 7.8137 ], [ -1.709, 7.8049 ], [ -1.7163, 7.8041 ], [ -1.7304, 7.7907 ], [ -1.7531, 7.7867 ], [ -1.7589, 7.7801 ], [ -1.7763, 7.7845 ], [ -1.7895, 7.7829 ], [ -1.7992, 7.7777 ], [ -1.809, 7.7527 ], [ -1.8833, 7.7523 ], [ -1.9098, 7.7289 ], [ -1.9054, 7.7259 ], [ -1.9115, 7.7155 ], [ -1.9044, 7.7011 ], [ -1.8788, 7.7151 ], [ -1.8554, 7.7075 ], [ -1.8578, 7.6983 ], [ -1.8411, 7.6961 ], [ -1.8326, 7.6873 ], [ -1.8305, 7.6763 ], [ -1.8374, 7.6547 ], [ -1.8306, 7.6403 ], [ -1.8314, 7.6243 ], [ -1.8144, 7.6131 ], [ -1.8007, 7.6099 ], [ -1.7937, 7.6047 ], [ -1.786, 7.5829 ], [ -1.778, 7.5817 ], [ -1.7676, 7.5727 ], [ -1.7466, 7.5771 ], [ -1.7359, 7.5755 ], [ -1.7118, 7.5909 ], [ -1.7115, 7.5939 ], [ -1.7002, 7.5909 ], [ -1.6888, 7.5931 ], [ -1.6812, 7.5897 ], [ -1.6673, 7.5923 ], [ -1.6552, 7.5915 ], [ -1.6475, 7.5841 ], [ -1.6198, 7.5699 ], [ -1.6134, 7.5737 ], [ -1.5909, 7.5695 ], [ -1.5857, 7.5645 ], [ -1.5771, 7.5639 ], [ -1.5714, 7.5597 ], [ -1.5583, 7.5615 ], [ -1.5495, 7.5583 ], [ -1.5295, 7.5661 ], [ -1.5151, 7.5587 ], [ -1.504, 7.5583 ], [ -1.4815, 7.5677 ], [ -1.4777, 7.5765 ], [ -1.4743, 7.5789 ], [ -1.4714, 7.5771 ], [ -1.469, 7.5841 ], [ -1.4529, 7.5849 ], [ -1.447, 7.5769 ], [ -1.4345, 7.5829 ], [ -1.4203, 7.5809 ], [ -1.4093, 7.5865 ], [ -1.3979, 7.5995 ], [ -1.3864, 7.6047 ], [ -1.3684, 7.6031 ], [ -1.3423, 7.6193 ], [ -1.3158, 7.6245 ], [ -1.3079, 7.6219 ], [ -1.308, 7.6191 ] ] ] } },
{ "type": "Feature", "properties": { "iso3": "GHA", "unit_id": "30259293B49695405044096", "unit_name": "Nkoranza South" }, "geometry": { "type": "Polygon", "coordinates": [ [ [ -1.4254, 7.5827 ], [ -1.4345, 7.5829 ], [ -1.447, 7.5769 ], [ -1.4529, 7.5849 ], [ -1.469, 7.5841 ], [ -1.4714, 7.5771 ], [ -1.4743, 7.5789 ], [ -1.4777, 7.5765 ], [ -1.4815, 7.5677 ], [ -1.504, 7.5583 ], [ -1.5151, 7.5587 ], [ -1.5295, 7.5661 ], [ -1.5495, 7.5583 ], [ -1.5583, 7.5615 ], [ -1.5714, 7.5597 ], [ -1.5771, 7.5639 ], [ -1.5857, 7.5645 ], [ -1.5909, 7.5695 ], [ -1.6134, 7.5737 ], [ -1.6198, 7.5699 ], [ -1.6475, 7.5841 ], [ -1.6552, 7.5915 ], [ -1.6673, 7.5923 ], [ -1.6812, 7.5897 ], [ -1.6888, 7.5931 ], [ -1.7002, 7.5909 ], [ -1.7115, 7.5939 ], [ -1.7118, 7.5909 ], [ -1.7359, 7.5755 ], [ -1.7466, 7.5771 ], [ -1.7676, 7.5727 ], [ -1.7813, 7.5773 ], [ -1.7925, 7.5691 ], [ -1.8024, 7.5763 ], [ -1.8105, 7.5691 ], [ -1.7993, 7.5637 ], [ -1.7941, 7.5543 ], [ -1.7941, 7.5435 ], [ -1.8114, 7.5307 ], [ -1.8151, 7.5087 ], [ -1.838, 7.4949 ], [ -1.8552, 7.4985 ], [ -1.8484, 7.4919 ], [ -1.851, 7.4821 ], [ -1.8635, 7.4769 ], [ -1.8633, 7.4701 ], [ -1.8564, 7.4613 ], [ -1.8408, 7.4713 ], [ -1.836, 7.4711 ], [ -1.8399, 7.4251 ], [ -1.8286, 7.3927 ], [ -1.8072, 7.3495 ], [ -1.774, 7.3477 ], [ -1.7624, 7.3237 ], [ -1.7403, 7.3201 ], [ -1.7303, 7.3127 ], [ -1.7188, 7.3165 ], [ -1.7101, 7.3243 ], [ -1.7004, 7.3215 ], [ -1.6827, 7.3247 ], [ -1.6762, 7.3203 ], [ -1.6572, 7.3199 ], [ -1.6538, 7.3141 ], [ -1.6438, 7.3223 ], [ -1.6394, 7.3369 ], [ -1.6259, 7.3389 ], [ -1.6178, 7.3513 ], [ -1.6068, 7.3599 ], [ -1.5924, 7.3841 ], [ -1.5769, 7.4025 ], [ -1.5634, 7.4049 ], [ -1.5404, 7.3959 ], [ -1.5279, 7.3991 ], [ -1.5219, 7.3965 ], [ -1.5182, 7.3903 ], [ -1.5158, 7.3923 ], [ -1.5156, 7.4097 ], [ -1.51, 7.4211 ], [ -1.5099, 7.4291 ], [ -1.5125, 7.4419 ], [ -1.5192, 7.4487 ], [ -1.4942, 7.4811 ], [ -1.4718, 7.4985 ], [ -1.4624, 7.5235 ], [ -1.4517, 7.5411 ], [ -1.4363, 7.5577 ], [ -1.4336, 7.5735 ], [ -1.4251, 7.5763 ], [ -1.4254, 7.5827 ] ] ] } },
{ "type": "Feature", "properties": { "iso3": "GHA", "unit_id": "30259293B53996062374255", "unit_name": "Pru East" }, "geometry": { "type": "Polygon", "coordinates": [ [ [ -0.8253, 7.9567 ], [ -0.8177, 7.9687 ], [ -0.8142, 7.9685 ], [ -0.7982, 7.9551 ], [ -0.7701, 7.9481 ], [ -0.7649, 7.9749 ], [ -0.7559, 7.9863 ], [ -0.7472, 8.0111 ], [ -0.734, 8.0269 ], [ -0.7256, 8.0465 ], [ -0.6964, 8.0617 ], [ -0.6791, 8.0663 ], [ -0.676, 8.0655 ], [ -0.6781, 8.0577 ], [ -0.6695, 8.0523 ], [ -0.666, 8.0613 ], [ -0.6493, 8.0733 ], [ -0.645, 8.0811 ], [ -0.635, 8.0839 ], [ -0.6296, 8.0913 ], [ -0.6183, 8.0981 ], [ -0.6176, 8.1097 ], [ -0.6135, 8.1109 ], [ -0.6016, 8.1059 ], [ -0.5909, 8.1089 ], [ -0.5835, 8.1075 ], [ -0.5631, 8.1153 ], [ -0.5554, 8.1237 ], [ -0.5552, 8.1277 ], [ -0.5703, 8.1455 ], [ -0.5658, 8.1577 ], [ -0.5425, 8.1877 ], [ -0.6395, 8.2695 ], [ -0.7408, 8.3355 ], [ -0.7798, 8.3355 ], [ -0.8014, 8.3397 ], [ -0.8578, 8.3285 ], [ -0.859, 8.3223 ], [ -0.8526, 8.3149 ], [ -0.8623, 8.2741 ], [ -0.8657, 8.2709 ], [ -0.8951, 8.2577 ], [ -0.9379, 8.2517 ], [ -0.9486, 8.2465 ], [ -0.9599, 8.2507 ], [ -0.9657, 8.2467 ], [ -0.9677, 8.2331 ], [ -0.979, 8.2273 ], [ -0.9874, 8.2353 ], [ -0.9925, 8.2457 ], [ -1.0089, 8.2475 ], [ -1.0192, 8.2611 ], [ -1.0226, 8.2593 ], [ -1.0384, 8.2437 ], [ -1.0429, 8.2089 ], [ -1.041, 8.1679 ], [ -1.0675, 8.1279 ], [ -1.0435, 8.0931 ], [ -1.041, 8.0815 ], [ -1.0473, 8.0697 ], [ -1.0468, 8.0619 ], [ -1.0362, 8.0573 ], [ -1.0335, 8.0451 ], [ -1.0193, 8.0307 ], [ -1.0169, 8.0185 ], [ -1.0194, 8.0161 ], [ -1.0295, 8.0175 ], [ -1.0367, 8.0255 ], [ -1.0487, 8.0297 ], [ -1.0659, 8.0239 ], [ -1.0541, 8.0073 ], [ -1.0515, 7.9665 ], [ -1.0364, 7.9903 ], [ -1.0229, 7.9913 ], [ -1.0176, 7.9891 ], [ -1.0124, 7.9795 ], [ -1.005, 7.9745 ], [ -1.0041, 7.9633 ], [ -0.9677, 7.9541 ], [ -0.9499, 7.9413 ], [ -0.9366, 7.9389 ], [ -0.9302, 7.9305 ], [ -0.9202, 7.9279 ], [ -0.9012, 7.9331 ], [ -0.8903, 7.9317 ], [ -0.8839, 7.9385 ], [ -0.8601, 7.9393 ], [ -0.8515, 7.9529 ], [ -0.8435, 7.9469 ], [ -0.8253, 7.9567 ] ] ] } },
{ "type": "Feature", "properties": { "iso3": "GHA", "unit_id": "30259293B53682153629684", "unit_name": "Pru West" }, "geometry": { "type": "Polygon", "coordinates": [ [ [ -1.0532, 7.9719 ], [ -1.0541, 8.0073 ], [ -1.0659, 8.0239 ], [ -1.0805, 8.0171 ], [ -1.0966, 7.9977 ], [ -1.107, 7.9927 ], [ -1.1572, 8.0001 ], [ -1.1624, 8.0165 ], [ -1.1594, 8.0343 ], [ -1.1656, 8.0585 ], [ -1.1648, 8.0711 ], [ -1.1574, 8.0821 ], [ -1.1572, 8.0899 ], [ -1.2295, 8.2049 ], [ -1.2371, 8.2237 ], [ -1.2513, 8.2431 ], [ -1.2665, 8.2573 ], [ -1.2687, 8.2769 ], [ -1.2746, 8.2905 ], [ -1.2975, 8.2765 ], [ -1.3271, 8.2355 ], [ -1.3366, 8.2333 ], [ -1.3471, 8.2365 ], [ -1.3702, 8.2327 ], [ -1.4038, 8.2067 ], [ -1.4004, 8.1789 ], [ -1.415, 8.1599 ], [ -1.4189, 8.1429 ], [ -1.4165, 8.1255 ], [ -1.4389, 8.0831 ], [ -1.4387, 8.0529 ], [ -1.4354, 8.0439 ], [ -1.4561, 8.0409 ], [ -1.4701, 8.0337 ], [ -1.4854, 8.0307 ], [ -1.4911, 8.0253 ], [ -1.4917, 7.9899 ], [ -1.5022, 7.9805 ], [ -1.5078, 7.9631 ], [ -1.5075, 7.9561 ], [ -1.4993, 7.9409 ], [ -1.4989, 7.9239 ], [ -1.517, 7.8811 ], [ -1.5096, 7.8687 ], [ -1.5042, 7.8465 ], [ -1.4958, 7.8481 ], [ -1.4857, 7.8379 ], [ -1.4799, 7.8149 ], [ -1.474, 7.8055 ], [ -1.4449, 7.8113 ], [ -1.4318, 7.7991 ], [ -1.4029, 7.8101 ], [ -1.3802, 7.8031 ], [ -1.378, 7.7991 ], [ -1.3427, 7.7895 ], [ -1.3317, 7.7907 ], [ -1.331, 7.7879 ], [ -1.3214, 7.7889 ], [ -1.3139, 7.7853 ], [ -1.3026, 7.7891 ], [ -1.2994, 7.7867 ], [ -1.2771, 7.7889 ], [ -1.2707, 7.7945 ], [ -1.2459, 7.8039 ], [ -1.245, 7.8079 ], [ -1.2502, 7.8153 ], [ -1.238, 7.8375 ], [ -1.2304, 7.8429 ], [ -1.2041, 7.8439 ], [ -1.1928, 7.8515 ], [ -1.1928, 7.8549 ], [ -1.2002, 7.8605 ], [ -1.1992, 7.8725 ], [ -1.187, 7.8711 ], [ -1.1787, 7.8887 ], [ -1.1818, 7.8939 ], [ -1.1941, 7.8989 ], [ -1.1831, 7.8975 ], [ -1.1734, 7.9045 ], [ -1.1593, 7.9051 ], [ -1.148, 7.9115 ], [ -1.1417, 7.9083 ], [ -1.1328, 7.9159 ], [ -1.1213, 7.9095 ], [ -1.1175, 7.9005 ], [ -1.1054, 7.9043 ], [ -1.0998, 7.9173 ], [ -1.1027, 7.9255 ], [ -1.1014, 7.9331 ], [ -1.112, 7.9347 ], [ -1.1181, 7.9463 ], [ -1.1155, 7.9505 ], [ -1.0897, 7.9623 ], [ -1.0848, 7.9787 ], [ -1.0801, 7.9833 ], [ -1.0575, 7.9811 ], [ -1.0532, 7.9719 ] ] ] } },
{ "type": "Feature", "properties": { "iso3": "GHA", "unit_id": "30259293B24597765279495", "unit_name": "Sene East" }, "geometry": { "type": "Polygon", "coordinates": [ [ [ -0.2393, 7.2033 ], [ -0.2365, 7.2023 ], [ -0.2215, 7.2117 ], [ -0.2169, 7.2095 ], [ -0.2155, 7.1997 ], [ -0.1816, 7.2031 ], [ -0.1801, 7.1991 ], [ -0.1635, 7.1997 ], [ -0.1601, 7.1949 ], [ -0.155, 7.1949 ], [ -0.1495, 7.1995 ], [ -0.1275, 7.1935 ], [ -0.1071, 7.1951 ], [ -0.1018, 7.1923 ], [ -0.0977, 7.1849 ], [ -0.0844, 7.1793 ], [ -0.0615, 7.1881 ], [ -0.0526, 7.1965 ], [ -0.0275, 7.1915 ], [ -0.0141, 7.1933 ], [ -0.0042, 7.1911 ], [ 0.0045, 7.1941 ], [ 0.0111, 7.1863 ], [ 0.0213, 7.1831 ], [ 0.0291, 7.1855 ], [ 0.0409, 7.1809 ], [ 0.0505, 7.1721 ], [ 0.0675, 7.1737 ], [ 0.0811, 7.1817 ], [ 0.0979, 7.1777 ], [ 0.1233, 7.1839 ], [ 0.1823, 7.1797 ], [ 0.1827, 7.1933 ], [ 0.1921, 7.2191 ], [ 0.2041, 7.2755 ], [ 0.2151, 7.3101 ], [ 0.2085, 7.3509 ], [ 0.1987, 7.3681 ], [ 0.1789, 7.3811 ], [ 0.1727, 7.3805 ], [ 0.1505, 7.3909 ], [ 0.0911, 7.4293 ], [ 0.0833, 7.4485 ], [ 0.0771, 7.4821 ], [ 0.0431, 7.5391 ], [ 0.0095, 7.5785 ], [ -0.0143, 7.6261 ], [ -0.0168, 7.6483 ], [ -0.0152, 7.6841 ], [ 0.0025, 7.7177 ], [ 0.0041, 7.7425 ], [ -0.0145, 7.7569 ], [ -0.0772, 7.7473 ], [ -0.1001, 7.7505 ], [ -0.111, 7.7603 ], [ -0.1264, 7.7883 ], [ -0.1361, 7.8249 ], [ -0.1454, 7.9031 ], [ -0.1417, 7.9351 ], [ -0.1365, 7.9397 ], [ -0.1349, 7.9485 ], [ -0.1411, 7.9585 ], [ -0.1738, 7.9575 ], [ -0.1702, 7.9699 ], [ -0.1442, 8.0055 ], [ -0.1415, 8.0179 ], [ -0.1541, 8.0313 ], [ -0.1732, 8.0247 ], [ -0.2147, 8.0309 ], [ -0.2406, 8.0497 ], [ -0.2488, 8.0771 ], [ -0.2949, 8.1173 ], [ -0.3193, 8.1305 ], [ -0.3847, 8.1529 ], [ -0.419, 8.1529 ], [ -0.4472, 8.1585 ], [ -0.4614, 8.0827 ], [ -0.4601, 8.0711 ], [ -0.4204, 7.9889 ], [ -0.4337, 7.9863 ], [ -0.4364, 7.9751 ], [ -0.4513, 7.9629 ], [ -0.4456, 7.9567 ], [ -0.4453, 7.9369 ], [ -0.4518, 7.9197 ], [ -0.4484, 7.9079 ], [ -0.441, 7.9057 ], [ -0.44, 7.9001 ], [ -0.4456, 7.8851 ], [ -0.4334, 7.8635 ], [ -0.4369, 7.8489 ], [ -0.4345, 7.8259 ], [ -0.4417, 7.8151 ], [ -0.4379, 7.8053 ], [ -0.4449, 7.7925 ], [ -0.4397, 7.7873 ], [ -0.4127, 7.7869 ], [ -0.4108, 7.7809 ], [ -0.4118, 7.7739 ], [ -0.4354, 7.7387 ], [ -0.4218, 7.7265 ], [ -0.4218, 7.7087 ], [ -0.412, 7.6911 ], [ -0.4035, 7.6853 ], [ -0.4065, 7.6749 ], [ -0.3944, 7.6595 ], [ -0.393, 7.6483 ], [ -0.3324, 7.6481 ], [ -0.3291, 7.6203 ], [ -0.3327, 7.5879 ], [ -0.3438, 7.5593 ], [ -0.3418, 7.5423 ], [ -0.3364, 7.5295 ], [ -0.3062, 7.5287 ], [ -0.3395, 7.5073 ], [ -0.3859, 7.4919 ], [ -0.4092, 7.4701 ], [ -0.4202, 7.4527 ], [ -0.4275, 7.4331 ], [ -0.4262, 7.4247 ], [ -0.4287, 7.4205 ], [ -0.4253, 7.4139 ], [ -0.4275, 7.4053 ], [ -0.4065, 7.3635 ], [ -0.4065, 7.3567 ], [ -0.3933, 7.3397 ], [ -0.3889, 7.3223 ], [ -0.3832, 7.3141 ], [ -0.3763, 7.3095 ], [ -0.3728, 7.3117 ], [ -0.3594, 7.3099 ], [ -0.351, 7.2963 ], [ -0.337, 7.2933 ], [ -0.324, 7.2819 ], [ -0.3099, 7.2849 ], [ -0.3062, 7.2787 ], [ -0.2889, 7.2829 ], [ -0.2757, 7.2743 ], [ -0.2729, 7.2691 ], [ -0.262, 7.2655 ], [ -0.2559, 7.2293 ], [ -0.2527, 7.2251 ], [ -0.2434, 7.2223 ], [ -0.2393, 7.2033 ] ] ] } },
{ "type": "Feature", "properties": { "iso3": "GHA", "unit_id": "30259293B9828975132540", "unit_name": "Sene West" }, "geometry": { "type": "Polygon", "coordinates": [ [ [ -0.3832, 7.3141 ], [ -0.3889, 7.3223 ], [ -0.3933, 7.3397 ], [ -0.4065, 7.3567 ], [ -0.4065, 7.3635 ], [ -0.4275, 7.4053 ], [ -0.4253, 7.4139 ], [ -0.4287, 7.4205 ], [ -0.4262, 7.4247 ], [ -0.4275, 7.4331 ], [ -0.4202, 7.4527 ], [ -0.4092, 7.4701 ], [ -0.3859, 7.4919 ], [ -0.3395, 7.5073 ], [ -0.3062, 7.5287 ], [ -0.3364, 7.5295 ], [ -0.3418, 7.5423 ], [ -0.3438, 7.5593 ], [ -0.3327, 7.5879 ], [ -0.3291, 7.6203 ], [ -0.3324, 7.6481 ], [ -0.393, 7.6483 ], [ -0.3944, 7.6595 ], [ -0.4065, 7.6749 ], [ -0.4035, 7.6853 ], [ -0.412, 7.6911 ], [ -0.4218, 7.7087 ], [ -0.4218, 7.7265 ], [ -0.4354, 7.7387 ], [ -0.4118, 7.7739 ], [ -0.4108, 7.7809 ], [ -0.4127, 7.7869 ], [ -0.4397, 7.7873 ], [ -0.4449, 7.7925 ], [ -0.4379, 7.8053 ], [ -0.4417, 7.8151 ], [ -0.4345, 7.8259 ], [ -0.4369, 7.8489 ], [ -0.4334, 7.8635 ], [ -0.4456, 7.8851 ], [ -0.44, 7.9001 ], [ -0.441, 7.9057 ], [ -0.4484, 7.9079 ], [ -0.4518, 7.9197 ], [ -0.4453, 7.9369 ], [ -0.4456, 7.9567 ], [ -0.4513, 7.9629 ], [ -0.4364, 7.9751 ], [ -0.4337, 7.9863 ], [ -0.4204, 7.9889 ], [ -0.4601, 8.0711 ], [ -0.4614, 8.0827 ], [ -0.4472, 8.1585 ], [ -0.4874, 8.1721 ], [ -0.503, 8.1809 ], [ -0.5425, 8.1877 ], [ -0.5658, 8.1577 ], [ -0.5703, 8.1455 ], [ -0.5552, 8.1277 ], [ -0.5631, 8.1153 ], [ -0.5835, 8.1075 ], [ -0.5909, 8.1089 ], [ -0.6016, 8.1059 ], [ -0.6135, 8.1109 ], [ -0.6176, 8.1097 ], [ -0.6183, 8.0981 ], [ -0.6296, 8.0913 ], [ -0.635, 8.0839 ], [ -0.645, 8.0811 ], [ -0.6493, 8.0733 ], [ -0.666, 8.0613 ], [ -0.6695, 8.0523 ], [ -0.6781, 8.0577 ], [ -0.676, 8.0655 ], [ -0.6791, 8.0663 ], [ -0.6964, 8.0617 ], [ -0.7256, 8.0465 ], [ -0.734, 8.0269 ], [ -0.7472, 8.0111 ], [ -0.7559, 7.9863 ], [ -0.7649, 7.9749 ], [ -0.7701, 7.9481 ], [ -0.7982, 7.9551 ], [ -0.8142, 7.9685 ], [ -0.8177, 7.9687 ], [ -0.8227, 7.9631 ], [ -0.8189, 7.9317 ], [ -0.8211, 7.9237 ], [ -0.8385, 7.9007 ], [ -0.84, 7.8737 ], [ -0.8366, 7.8605 ], [ -0.8274, 7.8471 ], [ -0.8244, 7.8157 ], [ -0.8144, 7.8007 ], [ -0.8133, 7.7919 ], [ -0.8165, 7.7841 ], [ -0.8086, 7.7689 ], [ -0.8103, 7.7263 ], [ -0.8032, 7.7163 ], [ -0.8025, 7.6783 ], [ -0.7954, 7.6689 ], [ -0.7957, 7.6483 ], [ -0.8014, 7.6325 ], [ -0.7793, 7.6019 ], [ -0.7859, 7.5701 ], [ -0.7733, 7.5559 ], [ -0.7743, 7.5439 ], [ -0.7623, 7.5265 ], [ -0.7674, 7.5147 ], [ -0.775, 7.5125 ], [ -0.7774, 7.5057 ], [ -0.7486, 7.5099 ], [ -0.7326, 7.5223 ], [ -0.7196, 7.5207 ], [ -0.698, 7.5311 ], [ -0.6899, 7.5403 ], [ -0.6881, 7.5333 ], [ -0.6816, 7.5263 ], [ -0.6776, 7.5287 ], [ -0.6516, 7.5037 ], [ -0.6484, 7.4785 ], [ -0.6513, 7.4663 ], [ -0.6487, 7.4629 ], [ -0.6538, 7.4311 ], [ -0.6414, 7.4191 ], [ -0.6366, 7.3993 ], [ -0.625, 7.3841 ], [ -0.6173, 7.3789 ], [ -0.5996, 7.3503 ], [ -0.5938, 7.3477 ], [ -0.5736, 7.3533 ], [ -0.5559, 7.3519 ], [ -0.5409, 7.3545 ], [ -0.5348, 7.3483 ], [ -0.5042, 7.3411 ], [ -0.4989, 7.3423 ], [ -0.4975, 7.3399 ], [ -0.4921, 7.3427 ], [ -0.4623, 7.3323 ], [ -0.447, 7.3321 ], [ -0.4316, 7.3235 ], [ -0.4275, 7.3251 ], [ -0.3933, 7.3113 ], [ -0.3832, 7.3141 ] ] ] } },
{ "type": "Feature", "properties": { "iso3": "GHA", "unit_id": "30259293B79313055666921", "unit_name": "Techiman Municipal" }, "geometry": { "type": "Polygon", "coordinates": [ [ [ -1.8668, 7.4781 ], [ -1.851, 7.4821 ], [ -1.8484, 7.4919 ], [ -1.8552, 7.4985 ], [ -1.838, 7.4949 ], [ -1.8151, 7.5087 ], [ -1.8114, 7.5307 ], [ -1.7941, 7.5435 ], [ -1.7941, 7.5543 ], [ -1.7993, 7.5637 ], [ -1.8105, 7.5691 ], [ -1.8094, 7.5719 ], [ -1.8024, 7.5763 ], [ -1.7925, 7.5691 ], [ -1.7813, 7.5773 ], [ -1.7735, 7.5767 ], [ -1.7878, 7.5853 ], [ -1.7937, 7.6047 ], [ -1.8007, 7.6099 ], [ -1.8144, 7.6131 ], [ -1.8322, 7.6271 ], [ -1.8404, 7.6293 ], [ -1.8814, 7.6259 ], [ -1.9, 7.6275 ], [ -1.9038, 7.6327 ], [ -1.9181, 7.6333 ], [ -1.9268, 7.6257 ], [ -1.9446, 7.5955 ], [ -1.9511, 7.5957 ], [ -1.9583, 7.5967 ], [ -1.9552, 7.6057 ], [ -1.9597, 7.6081 ], [ -1.9673, 7.6023 ], [ -1.9886, 7.5997 ], [ -1.9942, 7.6025 ], [ -2.0221, 7.6185 ], [ -2.0375, 7.6405 ], [ -2.0552, 7.6417 ], [ -2.0601, 7.6389 ], [ -2.0781, 7.6429 ], [ -2.089, 7.6319 ], [ -2.0912, 7.6223 ], [ -2.0883, 7.6113 ], [ -2.1118, 7.5723 ], [ -2.1093, 7.5529 ], [ -2.1367, 7.5283 ], [ -2.1353, 7.5187 ], [ -2.1219, 7.5151 ], [ -2.1178, 7.5019 ], [ -2.1109, 7.4961 ], [ -2.1137, 7.4945 ], [ -2.1141, 7.4821 ], [ -2.1085, 7.4647 ], [ -2.0915, 7.4589 ], [ -2.0605, 7.4543 ], [ -2.0401, 7.4575 ], [ -2.0245, 7.4389 ], [ -2.0174, 7.4213 ], [ -2.0017, 7.4211 ], [ -1.9724, 7.4107 ], [ -1.9665, 7.4129 ], [ -1.9648, 7.4093 ], [ -1.9499, 7.4205 ], [ -1.9412, 7.4327 ], [ -1.9332, 7.4351 ], [ -1.9271, 7.4423 ], [ -1.9193, 7.4417 ], [ -1.9159, 7.4369 ], [ -1.8973, 7.4315 ], [ -1.8711, 7.4621 ], [ -1.8668, 7.4781 ] ] ] } },
{ "type": "Feature", "properties": { "iso3": "GHA", "unit_id": "30259293B67299413329939", "unit_name": "Techiman North" }, "geometry": { "type": "Polygon", "coordinates": [ [ [ -2.0781, 7.6429 ], [ -2.0601, 7.6389 ], [ -2.0552, 7.6417 ], [ -2.0375, 7.6405 ], [ -2.0221, 7.6185 ], [ -1.9886, 7.5997 ], [ -1.9673, 7.6023 ], [ -1.9597, 7.6081 ], [ -1.9552, 7.6057 ], [ -1.9583, 7.5967 ], [ -1.9446, 7.5955 ], [ -1.9268, 7.6257 ], [ -1.9181, 7.6333 ], [ -1.9038, 7.6327 ], [ -1.9, 7.6275 ], [ -1.8814, 7.6259 ], [ -1.8404, 7.6293 ], [ -1.8322, 7.6271 ], [ -1.8306, 7.6403 ], [ -1.8374, 7.6547 ], [ -1.8305, 7.6763 ], [ -1.8326, 7.6873 ], [ -1.8411, 7.6961 ], [ -1.8578, 7.6983 ], [ -1.8554, 7.7075 ], [ -1.8639, 7.7117 ], [ -1.8698, 7.7105 ], [ -1.8788, 7.7151 ], [ -1.8988, 7.7023 ], [ -1.9044, 7.7011 ], [ -1.908, 7.7047 ], [ -1.9115, 7.7155 ], [ -1.9054, 7.7259 ], [ -1.9317, 7.7415 ], [ -1.9439, 7.7615 ], [ -1.9426, 7.7651 ], [ -1.9262, 7.7731 ], [ -1.9389, 7.7751 ], [ -1.9383, 7.7839 ], [ -1.9479, 7.7843 ], [ -1.9231, 7.8073 ], [ -1.9276, 7.8093 ], [ -1.9437, 7.7995 ], [ -1.9526, 7.7997 ], [ -1.9619, 7.8061 ], [ -1.9714, 7.8057 ], [ -1.9829, 7.8031 ], [ -2.0264, 7.7795 ], [ -2.0759, 7.7787 ], [ -2.0814, 7.7665 ], [ -2.0803, 7.7583 ], [ -2.0716, 7.7497 ], [ -2.0736, 7.7453 ], [ -2.0703, 7.7279 ], [ -2.0729, 7.7151 ], [ -2.0625, 7.7023 ], [ -2.0561, 7.6855 ], [ -2.0511, 7.6831 ], [ -2.0479, 7.6747 ], [ -2.0517, 7.6661 ], [ -2.0673, 7.6607 ], [ -2.0708, 7.6509 ], [ -2.0781, 7.6429 ] ] ] } },
{ "type": "Feature", "properties": { "iso3": "GHA", "unit_id": "30259293B94104111132722", "unit_name": "Abura-Asebu-Kwamankese" }, "geometry": { "type": "Polygon", "coordinates": [ [ [ -1.1998, 5.1343 ], [ -1.2114, 5.1437 ], [ -1.2264, 5.1627 ], [ -1.2266, 5.1673 ], [ -1.2328, 5.1701 ], [ -1.2325, 5.1743 ], [ -1.2121, 5.1927 ], [ -1.2055, 5.1943 ], [ -1.2066, 5.2163 ], [ -1.21, 5.2243 ], [ -1.2015, 5.2295 ], [ -1.1928, 5.2423 ], [ -1.1883, 5.2559 ], [ -1.1684, 5.2593 ], [ -1.1605, 5.2537 ], [ -1.1336, 5.2571 ], [ -1.1203, 5.2519 ], [ -1.1086, 5.2415 ], [ -1.1061, 5.2443 ], [ -1.0862, 5.2451 ], [ -1.0876, 5.2547 ], [ -1.083, 5.2703 ], [ -1.0772, 5.2731 ], [ -1.0594, 5.2715 ], [ -1.0528, 5.2837 ], [ -1.0896, 5.2991 ], [ -1.1095, 5.3139 ], [ -1.12, 5.3281 ], [ -1.1226, 5.3405 ], [ -1.1284, 5.3461 ], [ -1.1158, 5.3707 ], [ -1.1165, 5.3757 ], [ -1.1313, 5.3761 ], [ -1.137, 5.3803 ], [ -1.1236, 5.4095 ], [ -1.1238, 5.4161 ], [ -1.1288, 5.4173 ], [ -1.1381, 5.4117 ], [ -1.1379, 5.4049 ], [ -1.1439, 5.3927 ], [ -1.1518, 5.3873 ], [ -1.1521, 5.3837 ], [ -1.1464, 5.3805 ], [ -1.1496, 5.3777 ], [ -1.1566, 5.3821 ], [ -1.1682, 5.3817 ], [ -1.1746, 5.3725 ], [ -1.1776, 5.3725 ], [ -1.1809, 5.3823 ], [ -1.1853, 5.3851 ], [ -1.2057, 5.3859 ], [ -1.2079, 5.3597 ], [ -1.2155, 5.3549 ], [ -1.2246, 5.3561 ], [ -1.2298, 5.3509 ], [ -1.2429, 5.3483 ], [ -1.2484, 5.3511 ], [ -1.2544, 5.3425 ], [ -1.2816, 5.3403 ], [ -1.2857, 5.3459 ], [ -1.2835, 5.3517 ], [ -1.2869, 5.3603 ], [ -1.2952, 5.3543 ], [ -1.3005, 5.3435 ], [ -1.2972, 5.3291 ], [ -1.3018, 5.3239 ], [ -1.2996, 5.3111 ], [ -1.2931, 5.3013 ], [ -1.2939, 5.2973 ], [ -1.2869, 5.2911 ], [ -1.2863, 5.2817 ], [ -1.2948, 5.2739 ], [ -1.2961, 5.2653 ], [ -1.2912, 5.2515 ], [ -1.2822, 5.2473 ], [ -1.282, 5.2211 ], [ -1.3043, 5.2143 ], [ -1.3097, 5.2099 ], [ -1.288, 5.1927 ], [ -1.2799, 5.1739 ], [ -1.2812, 5.1707 ], [ -1.2853, 5.1707 ], [ -1.2817, 5.1617 ], [ -1.262, 5.1623 ], [ -1.2429, 5.1557 ], [ -1.2434, 5.1505 ], [ -1.2376, 5.1427 ], [ -1.2394, 5.1317 ], [ -1.2184, 5.1351 ], [ -1.2121, 5.1197 ], [ -1.2047, 5.1205 ], [ -1.1986, 5.1275 ], [ -1.1998, 5.1343 ] ] ] } },
{ "type": "Feature", "properties": { "iso3": "GHA", "unit_id": "30259293B34807690062162", "unit_name": "Agona East" }, "geometry": { "type": "Polygon", "coordinates": [ [ [ -0.6223, 5.7211 ], [ -0.6299, 5.7219 ], [ -0.6437, 5.7349 ], [ -0.6863, 5.7391 ], [ -0.6934, 5.7339 ], [ -0.6985, 5.7143 ], [ -0.7111, 5.7121 ], [ -0.7318, 5.7145 ], [ -0.738, 5.7109 ], [ -0.7589, 5.7085 ], [ -0.7576, 5.6955 ], [ -0.7495, 5.6823 ], [ -0.756, 5.6545 ], [ -0.7608, 5.6493 ], [ -0.7584, 5.6421 ], [ -0.7519, 5.6365 ], [ -0.7364, 5.6377 ], [ -0.7284, 5.6301 ], [ -0.7278, 5.6137 ], [ -0.7118, 5.5757 ], [ -0.7125, 5.5607 ], [ -0.7088, 5.5537 ], [ -0.7033, 5.5493 ], [ -0.6886, 5.5461 ], [ -0.6839, 5.5391 ], [ -0.6717, 5.5369 ], [ -0.6626, 5.5313 ], [ -0.6558, 5.5351 ], [ -0.6509, 5.5439 ], [ -0.6482, 5.5423 ], [ -0.641, 5.5461 ], [ -0.6378, 5.5517 ], [ -0.6256, 5.5497 ], [ -0.6122, 5.5393 ], [ -0.6067, 5.5439 ], [ -0.6007, 5.5435 ], [ -0.5902, 5.5607 ], [ -0.5921, 5.5693 ], [ -0.587, 5.5805 ], [ -0.5674, 5.5839 ], [ -0.5669, 5.5889 ], [ -0.5583, 5.6003 ], [ -0.5576, 5.6057 ], [ -0.5629, 5.6149 ], [ -0.5694, 5.6171 ], [ -0.5797, 5.6309 ], [ -0.5736, 5.6493 ], [ -0.5804, 5.6535 ], [ -0.5884, 5.6493 ], [ -0.5972, 5.6495 ], [ -0.6072, 5.6603 ], [ -0.5916, 5.6731 ], [ -0.5897, 5.6819 ], [ -0.6065, 5.6989 ], [ -0.6142, 5.7021 ], [ -0.6184, 5.7077 ], [ -0.6184, 5.7147 ], [ -0.6218, 5.7143 ], [ -0.6223, 5.7211 ] ] ] } },
{ "type": "Feature", "properties": { "iso3": "GHA", "unit_id": "30259293B82902479874484", "unit_name": "Agona West Municipal" }, "geometry": { "type": "Polygon", "coordinates": [ [ [ -0.7589, 5.7085 ], [ -0.7777, 5.7137 ], [ -0.7829, 5.7081 ], [ -0.7859, 5.7105 ], [ -0.7882, 5.7247 ], [ -0.8138, 5.7309 ], [ -0.8134, 5.7445 ], [ -0.8307, 5.7465 ], [ -0.8371, 5.7535 ], [ -0.8478, 5.7573 ], [ -0.8802, 5.7579 ], [ -0.8758, 5.7453 ], [ -0.8779, 5.7389 ], [ -0.867, 5.7379 ], [ -0.8634, 5.7303 ], [ -0.8648, 5.7075 ], [ -0.8614, 5.6869 ], [ -0.8678, 5.6641 ], [ -0.8603, 5.6413 ], [ -0.8789, 5.6285 ], [ -0.8819, 5.6171 ], [ -0.878, 5.6065 ], [ -0.885, 5.6027 ], [ -0.8933, 5.5903 ], [ -0.9015, 5.5911 ], [ -0.8628, 5.5643 ], [ -0.8577, 5.5505 ], [ -0.8431, 5.5487 ], [ -0.8279, 5.5373 ], [ -0.8222, 5.5261 ], [ -0.7923, 5.5265 ], [ -0.7896, 5.5229 ], [ -0.7781, 5.5215 ], [ -0.7521, 5.5445 ], [ -0.7501, 5.5275 ], [ -0.7439, 5.5205 ], [ -0.7354, 5.5185 ], [ -0.715, 5.5287 ], [ -0.7079, 5.5289 ], [ -0.7024, 5.5137 ], [ -0.6938, 5.5125 ], [ -0.6862, 5.5011 ], [ -0.6779, 5.5009 ], [ -0.663, 5.5085 ], [ -0.6599, 5.5131 ], [ -0.6589, 5.5267 ], [ -0.6717, 5.5369 ], [ -0.6839, 5.5391 ], [ -0.6886, 5.5461 ], [ -0.7033, 5.5493 ], [ -0.7088, 5.5537 ], [ -0.7125, 5.5607 ], [ -0.7118, 5.5757 ], [ -0.7278, 5.6137 ], [ -0.7284, 5.6301 ], [ -0.7364, 5.6377 ], [ -0.7519, 5.6365 ], [ -0.7584, 5.6421 ], [ -0.7608, 5.6493 ], [ -0.756, 5.6545 ], [ -0.7495, 5.6823 ], [ -0.7576, 5.6955 ], [ -0.7589, 5.7085 ] ] ] } },
{ "type": "Feature", "properties": { "iso3": "GHA", "unit_id": "30259293B99897906257147", "unit_name": "Ajumako-Enyan-Essiam" }, "geometry": { "type": "Polygon", "coordinates": [ [ [ -1.1238, 5.4161 ], [ -1.1173, 5.4201 ], [ -1.1151, 5.4167 ], [ -1.1018, 5.4125 ], [ -1.0919, 5.4031 ], [ -1.0923, 5.3993 ], [ -1.0824, 5.3871 ], [ -1.08, 5.3725 ], [ -1.0627, 5.3665 ], [ -1.0573, 5.3505 ], [ -1.062, 5.3413 ], [ -1.0612, 5.3323 ], [ -1.05, 5.3233 ], [ -1.0331, 5.3161 ], [ -1.0283, 5.3059 ], [ -1.0164, 5.2993 ], [ -1.0045, 5.2871 ], [ -0.9928, 5.2923 ], [ -0.989, 5.2985 ], [ -0.9752, 5.2953 ], [ -0.9662, 5.2985 ], [ -0.9543, 5.2961 ], [ -0.9329, 5.3057 ], [ -0.9322, 5.3187 ], [ -0.9196, 5.3259 ], [ -0.9145, 5.3325 ], [ -0.9164, 5.3469 ], [ -0.9135, 5.3561 ], [ -0.9224, 5.3755 ], [ -0.9168, 5.3753 ], [ -0.9043, 5.3819 ], [ -0.8989, 5.3811 ], [ -0.8993, 5.3979 ], [ -0.8872, 5.4093 ], [ -0.8834, 5.4097 ], [ -0.8672, 5.3975 ], [ -0.8648, 5.4083 ], [ -0.8711, 5.4185 ], [ -0.8629, 5.4397 ], [ -0.8664, 5.4593 ], [ -0.8644, 5.4657 ], [ -0.8689, 5.4783 ], [ -0.8503, 5.4977 ], [ -0.863, 5.5121 ], [ -0.8696, 5.5135 ], [ -0.8997, 5.5355 ], [ -0.919, 5.5053 ], [ -0.9248, 5.5011 ], [ -0.9426, 5.5157 ], [ -0.9618, 5.5225 ], [ -0.9797, 5.5087 ], [ -0.9984, 5.5133 ], [ -1.0158, 5.5051 ], [ -1.0379, 5.5081 ], [ -1.0414, 5.5039 ], [ -1.0506, 5.5021 ], [ -1.0557, 5.5043 ], [ -1.0567, 5.5131 ], [ -1.0614, 5.5157 ], [ -1.0665, 5.5165 ], [ -1.0786, 5.5083 ], [ -1.0839, 5.5097 ], [ -1.0896, 5.5341 ], [ -1.0931, 5.5371 ], [ -1.1032, 5.5337 ], [ -1.1129, 5.5373 ], [ -1.1211, 5.5353 ], [ -1.122, 5.5235 ], [ -1.1162, 5.5097 ], [ -1.0936, 5.4921 ], [ -1.0888, 5.4735 ], [ -1.0982, 5.4719 ], [ -1.1029, 5.4607 ], [ -1.0992, 5.4437 ], [ -1.1278, 5.4309 ], [ -1.1288, 5.4173 ], [ -1.1238, 5.4161 ] ], [ [ -1.0888, 5.4735 ], [ -1.0801, 5.4667 ], [ -1.0825, 5.4639 ], [ -1.0859, 5.4633 ], [ -1.0888, 5.4735 ] ], [ [ -1.0801, 5.4667 ], [ -1.0775, 5.4681 ], [ -1.0756, 5.4665 ], [ -1.0801, 5.4667 ] ], [ [ -1.0694, 5.4527 ], [ -1.0711, 5.4649 ], [ -1.065, 5.4515 ], [ -1.0694, 5.4527 ] ] ] } },
{ "type": "Feature", "properties": { "iso3": "GHA", "unit_id": "30259293B73457908795921", "unit_name": "Asikuma-Odoben-Brakwa" }, "geometry": { "type": "Polygon", "coordinates": [ [ [ -0.8784, 5.7485 ], [ -0.8797, 5.7427 ], [ -0.9052, 5.7387 ], [ -0.9521, 5.7387 ], [ -0.9724, 5.7533 ], [ -0.9911, 5.7475 ], [ -0.994, 5.7399 ], [ -0.9986, 5.7453 ], [ -1.0323, 5.7379 ], [ -1.04, 5.7435 ], [ -1.0431, 5.7517 ], [ -1.0772, 5.7493 ], [ -1.0911, 5.7427 ], [ -1.0971, 5.7261 ], [ -1.0944, 5.7137 ], [ -1.0998, 5.7009 ], [ -1.1209, 5.7205 ], [ -1.1344, 5.7213 ], [ -1.1357, 5.7045 ], [ -1.1439, 5.7043 ], [ -1.1422, 5.7129 ], [ -1.151, 5.7251 ], [ -1.1581, 5.7209 ], [ -1.1629, 5.7225 ], [ -1.162, 5.7175 ], [ -1.1692, 5.7055 ], [ -1.1726, 5.6741 ], [ -1.167, 5.6599 ], [ -1.1769, 5.6429 ], [ -1.1663, 5.6105 ], [ -1.1617, 5.6057 ], [ -1.1615, 5.5985 ], [ -1.15, 5.5943 ], [ -1.1472, 5.5897 ], [ -1.1476, 5.5773 ], [ -1.1411, 5.5681 ], [ -1.1382, 5.5551 ], [ -1.1292, 5.5429 ], [ -1.1032, 5.5337 ], [ -1.0931, 5.5371 ], [ -1.0896, 5.5341 ], [ -1.0839, 5.5097 ], [ -1.0786, 5.5083 ], [ -1.0665, 5.5165 ], [ -1.0614, 5.5157 ], [ -1.0567, 5.5131 ], [ -1.0557, 5.5043 ], [ -1.0506, 5.5021 ], [ -1.0414, 5.5039 ], [ -1.0379, 5.5081 ], [ -1.0158, 5.5051 ], [ -0.9984, 5.5133 ], [ -0.9797, 5.5087 ], [ -0.9618, 5.5225 ], [ -0.9426, 5.5157 ], [ -0.9248, 5.5011 ], [ -0.919, 5.5053 ], [ -0.8997, 5.5355 ], [ -0.8839, 5.5251 ], [ -0.8651, 5.5375 ], [ -0.8577, 5.5505 ], [ -0.8628, 5.5643 ], [ -0.9015, 5.5911 ], [ -0.8933, 5.5903 ], [ -0.885, 5.6027 ], [ -0.878, 5.6065 ], [ -0.8819, 5.6171 ], [ -0.8789, 5.6285 ], [ -0.8603, 5.6413 ], [ -0.8678, 5.6641 ], [ -0.8614, 5.6869 ], [ -0.8648, 5.7075 ], [ -0.8634, 5.7303 ], [ -0.867, 5.7379 ], [ -0.8779, 5.7389 ], [ -0.8758, 5.7453 ], [ -0.8784, 5.7485 ] ] ] } },
{ "type": "Feature", "properties": { "iso3": "GHA", "unit_id": "30259293B27871622927405", "unit_name": "Assin Fosu" }, "geometry": { "type": "Polygon", "coordinates": [ [ [ -1.1657, 5.7105 ], [ -1.1948, 5.7471 ], [ -1.2293, 5.7671 ], [ -1.2396, 5.7853 ], [ -1.2804, 5.7943 ], [ -1.2969, 5.7933 ], [ -1.3243, 5.7825 ], [ -1.3445, 5.7695 ], [ -1.36, 5.7719 ], [ -1.3671, 5.7813 ], [ -1.3933, 5.7885 ], [ -1.4206, 5.7647 ], [ -1.4276, 5.7507 ], [ -1.442, 5.7471 ], [ -1.4618, 5.7495 ], [ -1.4401, 5.7151 ], [ -1.4262, 5.7155 ], [ -1.4232, 5.7025 ], [ -1.392, 5.7189 ], [ -1.3725, 5.6939 ], [ -1.3643, 5.6971 ], [ -1.3546, 5.6945 ], [ -1.3045, 5.6947 ], [ -1.2985, 5.6921 ], [ -1.296, 5.6797 ], [ -1.2867, 5.6699 ], [ -1.2812, 5.6687 ], [ -1.273, 5.6709 ], [ -1.2672, 5.6665 ], [ -1.2625, 5.6729 ], [ -1.2465, 5.6819 ], [ -1.235, 5.6759 ], [ -1.2256, 5.6787 ], [ -1.2215, 5.6897 ], [ -1.2077, 5.6969 ], [ -1.1888, 5.6799 ], [ -1.1851, 5.6731 ], [ -1.1876, 5.6527 ], [ -1.1724, 5.6501 ], [ -1.167, 5.6599 ], [ -1.1726, 5.6741 ], [ -1.1692, 5.7055 ], [ -1.1657, 5.7105 ] ] ] } },
{ "type": "Feature", "properties": { "iso3": "GHA", "unit_id": "30259293B88249258230306", "unit_name": "Assin North" }, "geometry": { "type": "Polygon", "coordinates": [ [ [ -1.5591, 5.9253 ], [ -1.5617, 5.9185 ], [ -1.5742, 5.9055 ], [ -1.5806, 5.8849 ], [ -1.5908, 5.8731 ], [ -1.5887, 5.8659 ], [ -1.5988, 5.8461 ], [ -1.5848, 5.8255 ], [ -1.5844, 5.8097 ], [ -1.5791, 5.8037 ], [ -1.5792, 5.7795 ], [ -1.5723, 5.7715 ], [ -1.5738, 5.7589 ], [ -1.5471, 5.7635 ], [ -1.5295, 5.7753 ], [ -1.5158, 5.7735 ], [ -1.5051, 5.7763 ], [ -1.4824, 5.7713 ], [ -1.4759, 5.7661 ], [ -1.472, 5.7545 ], [ -1.4681, 5.7515 ], [ -1.442, 5.7471 ], [ -1.4276, 5.7507 ], [ -1.4206, 5.7647 ], [ -1.3933, 5.7885 ], [ -1.3671, 5.7813 ], [ -1.36, 5.7719 ], [ -1.3445, 5.7695 ], [ -1.3243, 5.7825 ], [ -1.2969, 5.7933 ], [ -1.2804, 5.7943 ], [ -1.2396, 5.7853 ], [ -1.2293, 5.7671 ], [ -1.1948, 5.7471 ], [ -1.1657, 5.7105 ], [ -1.162, 5.7175 ], [ -1.166, 5.7517 ], [ -1.1628, 5.7675 ], [ -1.1679, 5.7845 ], [ -1.165, 5.8019 ], [ -1.1587, 5.8123 ], [ -1.1592, 5.8217 ], [ -1.1646, 5.8275 ], [ -1.1689, 5.8407 ], [ -1.1602, 5.8529 ], [ -1.1682, 5.8663 ], [ -1.1626, 5.8867 ], [ -1.1632, 5.8977 ], [ -1.1684, 5.9083 ], [ -1.1978, 5.9167 ], [ -1.2248, 5.9353 ], [ -1.2336, 5.9345 ], [ -1.2415, 5.9315 ], [ -1.2455, 5.9235 ], [ -1.2446, 5.9145 ], [ -1.2555, 5.9115 ], [ -1.2561, 5.9157 ], [ -1.2603, 5.9157 ], [ -1.263, 5.9107 ], [ -1.2593, 5.9039 ], [ -1.2611, 5.8937 ], [ -1.2646, 5.8909 ], [ -1.2759, 5.9023 ], [ -1.2827, 5.8995 ], [ -1.2896, 5.8899 ], [ -1.2963, 5.8861 ], [ -1.3073, 5.8893 ], [ -1.3045, 5.9009 ], [ -1.312, 5.9077 ], [ -1.3116, 5.9159 ], [ -1.3069, 5.9229 ], [ -1.3093, 5.9259 ], [ -1.3175, 5.9239 ], [ -1.3196, 5.9163 ], [ -1.3244, 5.9141 ], [ -1.3363, 5.9163 ], [ -1.3427, 5.9115 ], [ -1.3368, 5.9265 ], [ -1.3469, 5.9211 ], [ -1.3485, 5.9315 ], [ -1.3766, 5.9339 ], [ -1.3752, 5.9219 ], [ -1.3803, 5.9165 ], [ -1.4163, 5.9221 ], [ -1.4165, 5.9145 ], [ -1.4222, 5.9039 ], [ -1.4289, 5.9089 ], [ -1.438, 5.9015 ], [ -1.4497, 5.9061 ], [ -1.4575, 5.8941 ], [ -1.4614, 5.8963 ], [ -1.4633, 5.9051 ], [ -1.467, 5.9037 ], [ -1.4647, 5.8935 ], [ -1.4594, 5.8871 ], [ -1.4613, 5.8661 ], [ -1.462, 5.8627 ], [ -1.4705, 5.8607 ], [ -1.4752, 5.8561 ], [ -1.4826, 5.8665 ], [ -1.4874, 5.8675 ], [ -1.4875, 5.8631 ], [ -1.492, 5.8639 ], [ -1.5005, 5.8699 ], [ -1.4991, 5.8743 ], [ -1.5023, 5.8763 ], [ -1.5168, 5.8729 ], [ -1.5202, 5.8747 ], [ -1.5167, 5.8895 ], [ -1.5111, 5.8913 ], [ -1.5068, 5.8875 ], [ -1.4988, 5.8925 ], [ -1.5038, 5.8961 ], [ -1.5005, 5.9029 ], [ -1.5045, 5.9087 ], [ -1.515, 5.9135 ], [ -1.5221, 5.9291 ], [ -1.5262, 5.9221 ], [ -1.53, 5.9233 ], [ -1.5277, 5.9365 ], [ -1.5308, 5.9393 ], [ -1.545, 5.9387 ], [ -1.5467, 5.9359 ], [ -1.5406, 5.9313 ], [ -1.5591, 5.9253 ] ] ] } },
{ "type": "Feature", "properties": { "iso3": "GHA", "unit_id": "30259293B75974168870128", "unit_name": "Assin South" }, "geometry": { "type": "MultiPolygon", "coordinates": [ [ [ [ -1.0711, 5.4649 ], [ -1.0694, 5.4527 ], [ -1.065, 5.4515 ], [ -1.0711, 5.4649 ] ] ], [ [ [ -1.0801, 5.4667 ], [ -1.0756, 5.4665 ], [ -1.0775, 5.4681 ], [ -1.0801, 5.4667 ] ] ], [ [ [ -1.0888, 5.4735 ], [ -1.0859, 5.4633 ], [ -1.0825, 5.4639 ], [ -1.0801, 5.4667 ], [ -1.0888, 5.4735 ] ] ], [ [ [ -1.1288, 5.4173 ], [ -1.1278, 5.4309 ], [ -1.0992, 5.4437 ], [ -1.1029, 5.4607 ], [ -1.0982, 5.4719 ], [ -1.0888, 5.4735 ], [ -1.0894, 5.4799 ], [ -1.0936, 5.4921 ], [ -1.1162, 5.5097 ], [ -1.122, 5.5235 ], [ -1.1231, 5.5333 ], [ -1.1129, 5.5373 ], [ -1.1292, 5.5429 ], [ -1.1382, 5.5551 ], [ -1.1411, 5.5681 ], [ -1.1476, 5.5773 ], [ -1.1472, 5.5897 ], [ -1.15, 5.5943 ], [ -1.1615, 5.5985 ], [ -1.1617, 5.6057 ], [ -1.1663, 5.6105 ], [ -1.1769, 5.6429 ], [ -1.1724, 5.6501 ], [ -1.1876, 5.6527 ], [ -1.1851, 5.6731 ], [ -1.1888, 5.6799 ], [ -1.2077, 5.6969 ], [ -1.2215, 5.6897 ], [ -1.2256, 5.6787 ], [ -1.235, 5.6759 ], [ -1.2465, 5.6819 ], [ -1.2625, 5.6729 ], [ -1.2672, 5.6665 ], [ -1.273, 5.6709 ], [ -1.2867, 5.6699 ], [ -1.296, 5.6797 ], [ -1.2985, 5.6921 ], [ -1.3045, 5.6947 ], [ -1.3546, 5.6945 ], [ -1.3643, 5.6971 ], [ -1.3725, 5.6939 ], [ -1.392, 5.7189 ], [ -1.4232, 5.7025 ], [ -1.4254, 5.6851 ], [ -1.4304, 5.6745 ], [ -1.4285, 5.6603 ], [ -1.4352, 5.6409 ], [ -1.4337, 5.6279 ], [ -1.427, 5.6287 ], [ -1.4225, 5.6193 ], [ -1.4372, 5.6039 ], [ -1.4319, 5.5943 ], [ -1.4443, 5.5837 ], [ -1.4362, 5.5499 ], [ -1.439, 5.5421 ], [ -1.432, 5.5351 ], [ -1.4137, 5.5277 ], [ -1.4121, 5.5141 ], [ -1.4071, 5.5091 ], [ -1.4063, 5.5025 ], [ -1.4255, 5.4907 ], [ -1.4321, 5.4937 ], [ -1.4328, 5.4765 ], [ -1.4237, 5.4613 ], [ -1.4052, 5.4597 ], [ -1.3899, 5.4477 ], [ -1.3839, 5.4337 ], [ -1.3927, 5.4159 ], [ -1.3901, 5.4123 ], [ -1.3745, 5.4003 ], [ -1.3597, 5.4007 ], [ -1.352, 5.3961 ], [ -1.3408, 5.3783 ], [ -1.34, 5.3715 ], [ -1.3274, 5.3545 ], [ -1.3176, 5.3559 ], [ -1.3122, 5.3517 ], [ -1.2952, 5.3543 ], [ -1.2869, 5.3603 ], [ -1.2835, 5.3517 ], [ -1.2857, 5.3459 ], [ -1.2816, 5.3403 ], [ -1.2728, 5.3401 ], [ -1.2544, 5.3425 ], [ -1.2484, 5.3511 ], [ -1.2429, 5.3483 ], [ -1.2339, 5.3499 ], [ -1.2246, 5.3561 ], [ -1.2155, 5.3549 ], [ -1.2079, 5.3597 ], [ -1.2057, 5.3859 ], [ -1.1853, 5.3851 ], [ -1.1809, 5.3823 ], [ -1.1776, 5.3725 ], [ -1.1746, 5.3725 ], [ -1.1682, 5.3817 ], [ -1.1566, 5.3821 ], [ -1.1496, 5.3777 ], [ -1.1464, 5.3805 ], [ -1.1521, 5.3837 ], [ -1.1518, 5.3873 ], [ -1.1439, 5.3927 ], [ -1.1357, 5.4149 ], [ -1.1288, 5.4173 ] ] ] ] } },
{ "type": "Feature", "properties": { "iso3": "GHA", "unit_id": "30259293B69703347560932", "unit_name": "Awutu Senya" }, "geometry": { "type": "Polygon", "coordinates": [ [ [ -0.5674, 5.5839 ], [ -0.5572, 5.5423 ], [ -0.5482, 5.5307 ], [ -0.5453, 5.5207 ], [ -0.541, 5.5153 ], [ -0.5236, 5.5121 ], [ -0.5042, 5.5015 ], [ -0.505, 5.5119 ], [ -0.4955, 5.5261 ], [ -0.5098, 5.5429 ], [ -0.5023, 5.5533 ], [ -0.4973, 5.5533 ], [ -0.4955, 5.5493 ], [ -0.4883, 5.5465 ], [ -0.4853, 5.5569 ], [ -0.4769, 5.5597 ], [ -0.4728, 5.5735 ], [ -0.4814, 5.5763 ], [ -0.491, 5.5851 ], [ -0.4988, 5.5863 ], [ -0.5002, 5.5923 ], [ -0.4818, 5.6039 ], [ -0.475, 5.5997 ], [ -0.4618, 5.6049 ], [ -0.455, 5.6033 ], [ -0.4496, 5.6083 ], [ -0.4442, 5.6045 ], [ -0.4276, 5.6051 ], [ -0.4281, 5.6177 ], [ -0.4475, 5.6313 ], [ -0.4797, 5.6465 ], [ -0.4946, 5.6447 ], [ -0.497, 5.6475 ], [ -0.4958, 5.6601 ], [ -0.5092, 5.6831 ], [ -0.5172, 5.6873 ], [ -0.5196, 5.6949 ], [ -0.5202, 5.7043 ], [ -0.5088, 5.7149 ], [ -0.5113, 5.7343 ], [ -0.5089, 5.7367 ], [ -0.5187, 5.7377 ], [ -0.5245, 5.7341 ], [ -0.5667, 5.7393 ], [ -0.5721, 5.7353 ], [ -0.581, 5.7369 ], [ -0.6223, 5.7211 ], [ -0.6218, 5.7143 ], [ -0.6184, 5.7147 ], [ -0.6184, 5.7077 ], [ -0.6142, 5.7021 ], [ -0.6065, 5.6989 ], [ -0.5897, 5.6819 ], [ -0.5916, 5.6731 ], [ -0.6072, 5.6603 ], [ -0.6049, 5.6561 ], [ -0.5972, 5.6495 ], [ -0.5884, 5.6493 ], [ -0.5804, 5.6535 ], [ -0.5736, 5.6493 ], [ -0.5797, 5.6309 ], [ -0.5694, 5.6171 ], [ -0.5629, 5.6149 ], [ -0.5576, 5.6057 ], [ -0.5674, 5.5839 ] ] ] } },
{ "type": "Feature", "properties": { "iso3": "GHA", "unit_id": "30259293B645276913586", "unit_name": "Awutu Senya East" }, "geometry": { "type": "MultiPolygon", "coordinates": [ [ [ [ -0.4738, 5.4067 ], [ -0.4831, 5.4329 ], [ -0.4988, 5.4355 ], [ -0.5134, 5.4425 ], [ -0.5188, 5.4397 ], [ -0.5326, 5.4211 ], [ -0.5591, 5.4163 ], [ -0.5578, 5.4047 ], [ -0.5494, 5.3939 ], [ -0.5571, 5.3679 ], [ -0.5543, 5.3655 ], [ -0.5217, 5.3713 ], [ -0.4981, 5.3787 ], [ -0.4893, 5.3855 ], [ -0.4806, 5.4021 ], [ -0.4738, 5.4067 ] ] ], [ [ [ -0.4769, 5.5597 ], [ -0.4701, 5.5591 ], [ -0.4562, 5.5485 ], [ -0.4566, 5.5349 ], [ -0.453, 5.5277 ], [ -0.4392, 5.5325 ], [ -0.4278, 5.5331 ], [ -0.4199, 5.5299 ], [ -0.4146, 5.5325 ], [ -0.4103, 5.5565 ], [ -0.4008, 5.5669 ], [ -0.4078, 5.5803 ], [ -0.4276, 5.6051 ], [ -0.4442, 5.6045 ], [ -0.4496, 5.6083 ], [ -0.455, 5.6033 ], [ -0.4618, 5.6049 ], [ -0.475, 5.5997 ], [ -0.4818, 5.6039 ], [ -0.5002, 5.5923 ], [ -0.4988, 5.5863 ], [ -0.491, 5.5851 ], [ -0.4814, 5.5763 ], [ -0.4728, 5.5735 ], [ -0.4769, 5.5597 ] ] ] ] } },
{ "type": "Feature", "properties": { "iso3": "GHA", "unit_id": "30259293B16273618325757", "unit_name": "Cape Coast Metropolitan" }, "geometry": { "type": "Polygon", "coordinates": [ [ [ -1.2937, 5.2553 ], [ -1.3091, 5.2455 ], [ -1.3126, 5.2449 ], [ -1.321, 5.2509 ], [ -1.3344, 5.2465 ], [ -1.359, 5.2309 ], [ -1.3623, 5.2221 ], [ -1.3615, 5.2163 ], [ -1.3521, 5.2071 ], [ -1.3516, 5.1953 ], [ -1.3438, 5.1831 ], [ -1.3419, 5.1737 ], [ -1.3297, 5.1757 ], [ -1.3266, 5.1693 ], [ -1.3182, 5.1669 ], [ -1.315, 5.1503 ], [ -1.308, 5.1439 ], [ -1.2964, 5.1431 ], [ -1.2971, 5.1349 ], [ -1.3053, 5.1265 ], [ -1.3112, 5.1113 ], [ -1.3224, 5.0963 ], [ -1.2474, 5.1007 ], [ -1.2121, 5.1197 ], [ -1.2184, 5.1351 ], [ -1.2394, 5.1317 ], [ -1.2376, 5.1427 ], [ -1.2451, 5.1581 ], [ -1.2511, 5.1575 ], [ -1.262, 5.1623 ], [ -1.2817, 5.1617 ], [ -1.2853, 5.1707 ], [ -1.2812, 5.1707 ], [ -1.2799, 5.1739 ], [ -1.288, 5.1927 ], [ -1.3097, 5.2099 ], [ -1.3043, 5.2143 ], [ -1.282, 5.2211 ], [ -1.2822, 5.2473 ], [ -1.2937, 5.2553 ] ] ] } },
{ "type": "Feature", "properties": { "iso3": "GHA", "unit_id": "30259293B96196071995985", "unit_name": "Effutu Municipal" }, "geometry": { "type": "Polygon", "coordinates": [ [ [ -0.5578, 5.4047 ], [ -0.5607, 5.4371 ], [ -0.5644, 5.4417 ], [ -0.5927, 5.4217 ], [ -0.5935, 5.4175 ], [ -0.5863, 5.4159 ], [ -0.5983, 5.4069 ], [ -0.6054, 5.4037 ], [ -0.6126, 5.4067 ], [ -0.6175, 5.4045 ], [ -0.6396, 5.3855 ], [ -0.6732, 5.3705 ], [ -0.6706, 5.3539 ], [ -0.6431, 5.3375 ], [ -0.6402, 5.3277 ], [ -0.6232, 5.3315 ], [ -0.5543, 5.3655 ], [ -0.5571, 5.3679 ], [ -0.5564, 5.3765 ], [ -0.5494, 5.3939 ], [ -0.5578, 5.4047 ] ] ] } },
{ "type": "Feature", "properties": { "iso3": "GHA", "unit_id": "30259293B49359108346152", "unit_name": "Ekumfi" }, "geometry": { "type": "Polygon", "coordinates": [ [ [ -1.0045, 5.2871 ], [ -1.0127, 5.2785 ], [ -1.0132, 5.2631 ], [ -1.0202, 5.2639 ], [ -1.0219, 5.2559 ], [ -1.0072, 5.2345 ], [ -1.014, 5.2301 ], [ -1.0194, 5.2179 ], [ -1.0144, 5.2019 ], [ -0.838, 5.2099 ], [ -0.813, 5.2141 ], [ -0.7993, 5.2229 ], [ -0.7974, 5.2493 ], [ -0.8053, 5.2703 ], [ -0.8227, 5.2985 ], [ -0.8498, 5.3139 ], [ -0.8594, 5.3139 ], [ -0.8691, 5.3245 ], [ -0.8853, 5.3293 ], [ -0.8925, 5.3483 ], [ -0.8904, 5.3621 ], [ -0.9027, 5.3647 ], [ -0.9168, 5.3753 ], [ -0.9224, 5.3755 ], [ -0.9135, 5.3561 ], [ -0.9164, 5.3469 ], [ -0.9145, 5.3325 ], [ -0.9196, 5.3259 ], [ -0.9322, 5.3187 ], [ -0.9329, 5.3057 ], [ -0.9543, 5.2961 ], [ -0.9662, 5.2985 ], [ -0.9752, 5.2953 ], [ -0.989, 5.2985 ], [ -0.9928, 5.2923 ], [ -1.0045, 5.2871 ] ] ] } },
{ "type": "Feature", "properties": { "iso3": "GHA", "unit_id": "30259293B15777999441839", "unit_name": "Gomoa Central" }, "geometry": { "type": "Polygon", "coordinates": [ [ [ -0.6732, 5.3705 ], [ -0.6797, 5.3797 ], [ -0.6798, 5.3891 ], [ -0.6853, 5.3953 ], [ -0.722, 5.3839 ], [ -0.7303, 5.3957 ], [ -0.7555, 5.4119 ], [ -0.7576, 5.4159 ], [ -0.7553, 5.4233 ], [ -0.7628, 5.4335 ], [ -0.7761, 5.4043 ], [ -0.7643, 5.3783 ], [ -0.7702, 5.3665 ], [ -0.7809, 5.3569 ], [ -0.7821, 5.3427 ], [ -0.7591, 5.3221 ], [ -0.7484, 5.3079 ], [ -0.7441, 5.2869 ], [ -0.7488, 5.2731 ], [ -0.728, 5.2851 ], [ -0.7304, 5.2949 ], [ -0.7234, 5.3003 ], [ -0.6689, 5.3209 ], [ -0.6402, 5.3277 ], [ -0.6431, 5.3375 ], [ -0.6706, 5.3539 ], [ -0.6732, 5.3705 ] ] ] } },
{ "type": "Feature", "properties": { "iso3": "GHA", "unit_id": "30259293B16911344266631", "unit_name": "Gomoa East" }, "geometry": { "type": "Polygon", "coordinates": [ [ [ -0.6626, 5.5313 ], [ -0.6589, 5.5267 ], [ -0.6599, 5.5131 ], [ -0.6664, 5.5065 ], [ -0.6832, 5.5003 ], [ -0.6938, 5.5125 ], [ -0.7024, 5.5137 ], [ -0.7079, 5.5289 ], [ -0.715, 5.5287 ], [ -0.7354, 5.5185 ], [ -0.7439, 5.5205 ], [ -0.7501, 5.5275 ], [ -0.7521, 5.5445 ], [ -0.7781, 5.5215 ], [ -0.7752, 5.5173 ], [ -0.7716, 5.4711 ], [ -0.7775, 5.4439 ], [ -0.7657, 5.4379 ], [ -0.7553, 5.4233 ], [ -0.7576, 5.4159 ], [ -0.7555, 5.4119 ], [ -0.7303, 5.3957 ], [ -0.722, 5.3839 ], [ -0.6853, 5.3953 ], [ -0.6798, 5.3891 ], [ -0.6797, 5.3797 ], [ -0.6732, 5.3705 ], [ -0.6396, 5.3855 ], [ -0.6175, 5.4045 ], [ -0.6126, 5.4067 ], [ -0.6054, 5.4037 ], [ -0.5983, 5.4069 ], [ -0.5863, 5.4159 ], [ -0.5935, 5.4175 ], [ -0.5927, 5.4217 ], [ -0.5644, 5.4417 ], [ -0.5607, 5.4371 ], [ -0.5591, 5.4163 ], [ -0.5326, 5.4211 ], [ -0.5188, 5.4397 ], [ -0.5134, 5.4425 ], [ -0.4988, 5.4355 ], [ -0.4831, 5.4329 ], [ -0.4738, 5.4067 ], [ -0.4644, 5.4155 ], [ -0.4667, 5.4261 ], [ -0.4643, 5.4301 ], [ -0.42, 5.4529 ], [ -0.4097, 5.4619 ], [ -0.4011, 5.4863 ], [ -0.4054, 5.5145 ], [ -0.4146, 5.5325 ], [ -0.4199, 5.5299 ], [ -0.4278, 5.5331 ], [ -0.4392, 5.5325 ], [ -0.453, 5.5277 ], [ -0.4566, 5.5349 ], [ -0.4562, 5.5485 ], [ -0.4735, 5.5603 ], [ -0.4853, 5.5569 ], [ -0.4883, 5.5465 ], [ -0.4955, 5.5493 ], [ -0.4973, 5.5533 ], [ -0.5023, 5.5533 ], [ -0.5098, 5.5429 ], [ -0.4955, 5.5261 ], [ -0.505, 5.5119 ], [ -0.5042, 5.5015 ], [ -0.5236, 5.5121 ], [ -0.541, 5.5153 ], [ -0.5572, 5.5423 ], [ -0.5674, 5.5839 ], [ -0.587, 5.5805 ], [ -0.5921, 5.5693 ], [ -0.5902, 5.5607 ], [ -0.6007, 5.5435 ], [ -0.6067, 5.5439 ], [ -0.6122, 5.5393 ], [ -0.6256, 5.5497 ], [ -0.6378, 5.5517 ], [ -0.641, 5.5461 ], [ -0.6482, 5.5423 ], [ -0.6509, 5.5439 ], [ -0.6558, 5.5351 ], [ -0.6626, 5.5313 ] ] ] } },
{ "type": "Feature", "properties": { "iso3": "GHA", "unit_id": "30259293B25577440546617", "unit_name": "Gomoa West" }, "geometry": { "type": "Polygon", "coordinates": [ [ [ -0.8577, 5.5505 ], [ -0.8651, 5.5375 ], [ -0.8839, 5.5251 ], [ -0.8696, 5.5135 ], [ -0.863, 5.5121 ], [ -0.8503, 5.4977 ], [ -0.8689, 5.4783 ], [ -0.8644, 5.4657 ], [ -0.8664, 5.4593 ], [ -0.8629, 5.4397 ], [ -0.8711, 5.4185 ], [ -0.8648, 5.4083 ], [ -0.8672, 5.3975 ], [ -0.8834, 5.4097 ], [ -0.8872, 5.4093 ], [ -0.8993, 5.3979 ], [ -0.8989, 5.3811 ], [ -0.9043, 5.3819 ], [ -0.9168, 5.3753 ], [ -0.9027, 5.3647 ], [ -0.8904, 5.3621 ], [ -0.8925, 5.3483 ], [ -0.8853, 5.3293 ], [ -0.8691, 5.3245 ], [ -0.8594, 5.3139 ], [ -0.8498, 5.3139 ], [ -0.8227, 5.2985 ], [ -0.8053, 5.2703 ], [ -0.7974, 5.2493 ], [ -0.7993, 5.2229 ], [ -0.7907, 5.2277 ], [ -0.7775, 5.2465 ], [ -0.7604, 5.2539 ], [ -0.7561, 5.2587 ], [ -0.7566, 5.2629 ], [ -0.7488, 5.2731 ], [ -0.7441, 5.2869 ], [ -0.7484, 5.3079 ], [ -0.7591, 5.3221 ], [ -0.7821, 5.3427 ], [ -0.7809, 5.3569 ], [ -0.7702, 5.3665 ], [ -0.7643, 5.3783 ], [ -0.7761, 5.4043 ], [ -0.7628, 5.4335 ], [ -0.7775, 5.4439 ], [ -0.7716, 5.4711 ], [ -0.7752, 5.5173 ], [ -0.7781, 5.5215 ], [ -0.7896, 5.5229 ], [ -0.7923, 5.5265 ], [ -0.8222, 5.5261 ], [ -0.8279, 5.5373 ], [ -0.8431, 5.5487 ], [ -0.8577, 5.5505 ] ] ] } },
{ "type": "Feature", "properties": { "iso3": "GHA", "unit_id": "30259293B95207680645996", "unit_name": "Komenda-Edina-Eguafo-Abirem Municipal" }, "geometry": { "type": "Polygon", "coordinates": [ [ [ -1.3615, 5.2163 ], [ -1.3681, 5.2167 ], [ -1.3749, 5.2245 ], [ -1.3843, 5.2217 ], [ -1.3942, 5.2251 ], [ -1.4045, 5.2239 ], [ -1.4149, 5.2147 ], [ -1.4286, 5.2269 ], [ -1.4475, 5.2227 ], [ -1.4468, 5.2103 ], [ -1.5084, 5.2071 ], [ -1.5223, 5.2005 ], [ -1.5266, 5.1703 ], [ -1.5344, 5.1725 ], [ -1.5381, 5.1639 ], [ -1.5678, 5.1601 ], [ -1.5815, 5.1549 ], [ -1.5802, 5.0331 ], [ -1.5048, 5.0433 ], [ -1.4735, 5.0555 ], [ -1.4448, 5.0583 ], [ -1.4231, 5.0673 ], [ -1.3942, 5.0705 ], [ -1.3501, 5.0813 ], [ -1.3456, 5.0897 ], [ -1.3224, 5.0963 ], [ -1.3112, 5.1113 ], [ -1.3053, 5.1265 ], [ -1.2971, 5.1349 ], [ -1.2964, 5.1431 ], [ -1.308, 5.1439 ], [ -1.315, 5.1503 ], [ -1.3182, 5.1669 ], [ -1.3266, 5.1693 ], [ -1.3297, 5.1757 ], [ -1.3419, 5.1737 ], [ -1.3438, 5.1831 ], [ -1.3516, 5.1953 ], [ -1.3538, 5.2111 ], [ -1.3615, 5.2163 ] ] ] } },
{ "type": "Feature", "properties": { "iso3": "GHA", "unit_id": "30259293B96192240062834", "unit_name": "Mfantseman Municipal" }, "geometry": { "type": "Polygon", "coordinates": [ [ [ -1.1998, 5.1343 ], [ -1.1661, 5.1455 ], [ -1.1488, 5.1637 ], [ -1.1182, 5.1745 ], [ -1.0916, 5.1933 ], [ -1.0674, 5.1987 ], [ -1.0144, 5.2019 ], [ -1.0194, 5.2179 ], [ -1.014, 5.2301 ], [ -1.0072, 5.2345 ], [ -1.0219, 5.2559 ], [ -1.0202, 5.2639 ], [ -1.0132, 5.2631 ], [ -1.014, 5.2741 ], [ -1.0045, 5.2871 ], [ -1.0053, 5.2905 ], [ -1.0283, 5.3059 ], [ -1.0331, 5.3161 ], [ -1.05, 5.3233 ], [ -1.0612, 5.3323 ], [ -1.062, 5.3413 ], [ -1.0573, 5.3505 ], [ -1.0627, 5.3665 ], [ -1.08, 5.3725 ], [ -1.0824, 5.3871 ], [ -1.0923, 5.3993 ], [ -1.0919, 5.4031 ], [ -1.1018, 5.4125 ], [ -1.1151, 5.4167 ], [ -1.1173, 5.4201 ], [ -1.1238, 5.4161 ], [ -1.1236, 5.4095 ], [ -1.137, 5.3803 ], [ -1.1313, 5.3761 ], [ -1.1165, 5.3757 ], [ -1.1158, 5.3707 ], [ -1.1284, 5.3461 ], [ -1.1226, 5.3405 ], [ -1.12, 5.3281 ], [ -1.1095, 5.3139 ], [ -1.0896, 5.2991 ], [ -1.0528, 5.2837 ], [ -1.0594, 5.2715 ], [ -1.0772, 5.2731 ], [ -1.083, 5.2703 ], [ -1.0876, 5.2547 ], [ -1.0862, 5.2451 ], [ -1.1061, 5.2443 ], [ -1.1086, 5.2415 ], [ -1.1203, 5.2519 ], [ -1.1336, 5.2571 ], [ -1.1605, 5.2537 ], [ -1.1684, 5.2593 ], [ -1.1883, 5.2559 ], [ -1.1928, 5.2423 ], [ -1.2015, 5.2295 ], [ -1.21, 5.2243 ], [ -1.2066, 5.2163 ], [ -1.2055, 5.1943 ], [ -1.2121, 5.1927 ], [ -1.2325, 5.1743 ], [ -1.2328, 5.1701 ], [ -1.2266, 5.1673 ], [ -1.2264, 5.1627 ], [ -1.2114, 5.1437 ], [ -1.1998, 5.1343 ] ] ] } },
{ "type": "Feature", "properties": { "iso3": "GHA", "unit_id": "30259293B51528164355549", "unit_name": "Twifo Atti-Morkwa" }, "geometry": { "type": "Polygon", "coordinates": [ [ [ -1.4618, 5.7495 ], [ -1.472, 5.7545 ], [ -1.4735, 5.7623 ], [ -1.4824, 5.7713 ], [ -1.5051, 5.7763 ], [ -1.5158, 5.7735 ], [ -1.5295, 5.7753 ], [ -1.5471, 5.7635 ], [ -1.5738, 5.7589 ], [ -1.5723, 5.7715 ], [ -1.5792, 5.7795 ], [ -1.5791, 5.8037 ], [ -1.5844, 5.8097 ], [ -1.5848, 5.8255 ], [ -1.592, 5.8329 ], [ -1.5959, 5.8439 ], [ -1.6149, 5.8571 ], [ -1.6366, 5.8547 ], [ -1.651, 5.8489 ], [ -1.6537, 5.8439 ], [ -1.6407, 5.8193 ], [ -1.6422, 5.8161 ], [ -1.668, 5.8177 ], [ -1.6809, 5.8223 ], [ -1.7011, 5.8145 ], [ -1.7109, 5.8149 ], [ -1.7108, 5.8053 ], [ -1.7271, 5.7773 ], [ -1.7351, 5.7729 ], [ -1.7708, 5.7217 ], [ -1.7602, 5.6993 ], [ -1.7691, 5.6857 ], [ -1.7808, 5.6875 ], [ -1.7843, 5.6813 ], [ -1.8073, 5.6823 ], [ -1.8095, 5.6781 ], [ -1.8181, 5.6747 ], [ -1.8322, 5.5925 ], [ -1.824, 5.5933 ], [ -1.7621, 5.6217 ], [ -1.7483, 5.6263 ], [ -1.7387, 5.6241 ], [ -1.719, 5.6309 ], [ -1.7152, 5.6349 ], [ -1.6849, 5.6415 ], [ -1.6785, 5.6347 ], [ -1.6759, 5.6099 ], [ -1.6565, 5.6181 ], [ -1.6432, 5.6169 ], [ -1.624, 5.6021 ], [ -1.6059, 5.5667 ], [ -1.5923, 5.5625 ], [ -1.5944, 5.5299 ], [ -1.6067, 5.5319 ], [ -1.61, 5.5299 ], [ -1.6154, 5.5195 ], [ -1.6142, 5.5155 ], [ -1.6054, 5.5187 ], [ -1.5878, 5.5155 ], [ -1.5854, 5.5087 ], [ -1.5874, 5.5045 ], [ -1.5481, 5.5165 ], [ -1.5331, 5.5089 ], [ -1.4914, 5.5129 ], [ -1.476, 5.5323 ], [ -1.4694, 5.5333 ], [ -1.463, 5.5393 ], [ -1.439, 5.5421 ], [ -1.4362, 5.5499 ], [ -1.4443, 5.5837 ], [ -1.4319, 5.5943 ], [ -1.4372, 5.6039 ], [ -1.4225, 5.6193 ], [ -1.427, 5.6287 ], [ -1.4337, 5.6279 ], [ -1.4352, 5.6409 ], [ -1.4285, 5.6603 ], [ -1.4304, 5.6745 ], [ -1.4254, 5.6851 ], [ -1.4232, 5.7025 ], [ -1.4262, 5.7155 ], [ -1.4401, 5.7151 ], [ -1.4618, 5.7495 ] ] ] } },
{ "type": "Feature", "properties": { "iso3": "GHA", "unit_id": "30259293B83998854624212", "unit_name": "Twifo Hemang Lower Denkyira" }, "geometry": { "type": "Polygon", "coordinates": [ [ [ -1.2952, 5.3543 ], [ -1.3122, 5.3517 ], [ -1.3176, 5.3559 ], [ -1.3274, 5.3545 ], [ -1.34, 5.3715 ], [ -1.3408, 5.3783 ], [ -1.352, 5.3961 ], [ -1.3597, 5.4007 ], [ -1.3745, 5.4003 ], [ -1.3901, 5.4123 ], [ -1.3927, 5.4159 ], [ -1.3839, 5.4337 ], [ -1.3899, 5.4477 ], [ -1.4052, 5.4597 ], [ -1.4237, 5.4613 ], [ -1.4328, 5.4765 ], [ -1.4321, 5.4937 ], [ -1.4255, 5.4907 ], [ -1.4063, 5.5025 ], [ -1.4071, 5.5091 ], [ -1.4121, 5.5141 ], [ -1.4121, 5.5239 ], [ -1.4137, 5.5277 ], [ -1.432, 5.5351 ], [ -1.439, 5.5421 ], [ -1.463, 5.5393 ], [ -1.4694, 5.5333 ], [ -1.476, 5.5323 ], [ -1.4852, 5.5225 ], [ -1.4876, 5.5145 ], [ -1.5107, 5.5095 ], [ -1.5207, 5.5115 ], [ -1.5331, 5.5089 ], [ -1.5481, 5.5165 ], [ -1.5874, 5.5045 ], [ -1.5854, 5.5087 ], [ -1.5878, 5.5155 ], [ -1.6054, 5.5187 ], [ -1.6142, 5.5155 ], [ -1.6168, 5.5031 ], [ -1.6126, 5.4673 ], [ -1.6017, 5.4519 ], [ -1.6239, 5.4383 ], [ -1.6281, 5.4231 ], [ -1.6259, 5.4205 ], [ -1.6197, 5.4255 ], [ -1.6078, 5.4221 ], [ -1.601, 5.4127 ], [ -1.596, 5.4111 ], [ -1.5623, 5.4149 ], [ -1.5483, 5.4073 ], [ -1.5261, 5.4027 ], [ -1.5134, 5.3927 ], [ -1.5053, 5.4001 ], [ -1.4893, 5.3993 ], [ -1.4793, 5.3899 ], [ -1.474, 5.3779 ], [ -1.4621, 5.3819 ], [ -1.4535, 5.3451 ], [ -1.4375, 5.3383 ], [ -1.4076, 5.3121 ], [ -1.3998, 5.2981 ], [ -1.4276, 5.2891 ], [ -1.4355, 5.2675 ], [ -1.4441, 5.2679 ], [ -1.4478, 5.2475 ], [ -1.4475, 5.2227 ], [ -1.4286, 5.2269 ], [ -1.4149, 5.2147 ], [ -1.4045, 5.2239 ], [ -1.3942, 5.2251 ], [ -1.3843, 5.2217 ], [ -1.3749, 5.2245 ], [ -1.3681, 5.2167 ], [ -1.3615, 5.2163 ], [ -1.359, 5.2309 ], [ -1.3344, 5.2465 ], [ -1.321, 5.2509 ], [ -1.3126, 5.2449 ], [ -1.3091, 5.2455 ], [ -1.2937, 5.2553 ], [ -1.2948, 5.2739 ], [ -1.2863, 5.2817 ], [ -1.2869, 5.2911 ], [ -1.2939, 5.2973 ], [ -1.3018, 5.3239 ], [ -1.2972, 5.3291 ], [ -1.3005, 5.3435 ], [ -1.2952, 5.3543 ] ] ] } },
{ "type": "Feature", "properties": { "iso3": "GHA", "unit_id": "30259293B9625988598013", "unit_name": "Upper Denkyira East Municipal" }, "geometry": { "type": "Polygon", "coordinates": [ [ [ -1.7932, 5.9905 ], [ -1.8192, 5.9457 ], [ -1.8382, 5.9431 ], [ -1.8556, 5.9347 ], [ -1.8637, 5.9353 ], [ -1.8949, 5.9173 ], [ -1.8879, 5.9079 ], [ -1.8882, 5.8991 ], [ -1.8703, 5.8843 ], [ -1.8559, 5.8891 ], [ -1.8538, 5.8951 ], [ -1.841, 5.9011 ], [ -1.8366, 5.8955 ], [ -1.8256, 5.8993 ], [ -1.8156, 5.8903 ], [ -1.8147, 5.8685 ], [ -1.8227, 5.8539 ], [ -1.8319, 5.8219 ], [ -1.8397, 5.8061 ], [ -1.8432, 5.8049 ], [ -1.8359, 5.7909 ], [ -1.8341, 5.7941 ], [ -1.8303, 5.7923 ], [ -1.8297, 5.7857 ], [ -1.8402, 5.7815 ], [ -1.8505, 5.7673 ], [ -1.8111, 5.7595 ], [ -1.8014, 5.7513 ], [ -1.8009, 5.7445 ], [ -1.8135, 5.7357 ], [ -1.8165, 5.7261 ], [ -1.7865, 5.7327 ], [ -1.784, 5.7251 ], [ -1.791, 5.7099 ], [ -1.7921, 5.6953 ], [ -1.8073, 5.6823 ], [ -1.7843, 5.6813 ], [ -1.7808, 5.6875 ], [ -1.7691, 5.6857 ], [ -1.7602, 5.6993 ], [ -1.7708, 5.7217 ], [ -1.7351, 5.7729 ], [ -1.7271, 5.7773 ], [ -1.7108, 5.8053 ], [ -1.7109, 5.8149 ], [ -1.7011, 5.8145 ], [ -1.6809, 5.8223 ], [ -1.668, 5.8177 ], [ -1.6422, 5.8161 ], [ -1.6407, 5.8193 ], [ -1.6537, 5.8439 ], [ -1.651, 5.8489 ], [ -1.6366, 5.8547 ], [ -1.6149, 5.8571 ], [ -1.5988, 5.8461 ], [ -1.5887, 5.8659 ], [ -1.5908, 5.8731 ], [ -1.5806, 5.8849 ], [ -1.5742, 5.9055 ], [ -1.5617, 5.9185 ], [ -1.5591, 5.9253 ], [ -1.5676, 5.9261 ], [ -1.5707, 5.9327 ], [ -1.574, 5.9313 ], [ -1.5723, 5.9249 ], [ -1.5819, 5.9183 ], [ -1.5826, 5.9269 ], [ -1.59, 5.9349 ], [ -1.5901, 5.9275 ], [ -1.5942, 5.9245 ], [ -1.6015, 5.9289 ], [ -1.6095, 5.9257 ], [ -1.62, 5.9273 ], [ -1.6205, 5.9315 ], [ -1.6237, 5.9275 ], [ -1.6344, 5.9285 ], [ -1.6384, 5.9333 ], [ -1.6452, 5.9301 ], [ -1.6469, 5.9255 ], [ -1.6544, 5.9223 ], [ -1.6609, 5.9235 ], [ -1.664, 5.9185 ], [ -1.6714, 5.9153 ], [ -1.6745, 5.9225 ], [ -1.6926, 5.9329 ], [ -1.6906, 5.9409 ], [ -1.693, 5.9431 ], [ -1.6983, 5.9335 ], [ -1.7033, 5.9295 ], [ -1.7074, 5.9303 ], [ -1.7132, 5.9367 ], [ -1.7143, 5.9455 ], [ -1.7105, 5.9533 ], [ -1.713, 5.9569 ], [ -1.7239, 5.9529 ], [ -1.7367, 5.9703 ], [ -1.7437, 5.9667 ], [ -1.7491, 5.9679 ], [ -1.7476, 5.9621 ], [ -1.766, 5.9689 ], [ -1.7694, 5.9609 ], [ -1.7768, 5.9711 ], [ -1.7752, 5.9807 ], [ -1.7932, 5.9905 ] ] ] } },
{ "type": "Feature", "properties": { "iso3": "GHA", "unit_id": "30259293B34457702845739", "unit_name": "Upper Denkyira West" }, "geometry": { "type": "Polygon", "coordinates": [ [ [ -1.8048, 6.0307 ], [ -1.817, 6.0291 ], [ -1.8238, 6.0315 ], [ -1.8231, 6.0379 ], [ -1.8373, 6.0353 ], [ -1.848, 6.0279 ], [ -1.8531, 6.0141 ], [ -1.8608, 6.0155 ], [ -1.8659, 6.0099 ], [ -1.8698, 6.0119 ], [ -1.872, 6.0209 ], [ -1.8821, 6.0327 ], [ -1.8915, 6.0239 ], [ -1.8931, 6.0157 ], [ -1.913, 6.0119 ], [ -1.9191, 6.0165 ], [ -1.9273, 6.0355 ], [ -1.9317, 6.0355 ], [ -1.9472, 6.0493 ], [ -1.9493, 6.0561 ], [ -1.9522, 6.0567 ], [ -1.952, 6.0503 ], [ -1.9605, 6.0573 ], [ -1.9658, 6.0523 ], [ -1.9683, 6.0537 ], [ -1.9741, 6.0665 ], [ -1.9702, 6.0675 ], [ -1.9771, 6.0845 ], [ -1.9773, 6.0937 ], [ -1.9864, 6.1001 ], [ -1.9881, 6.1059 ], [ -1.984, 6.1147 ], [ -1.9791, 6.1127 ], [ -1.979, 6.1161 ], [ -1.991, 6.1237 ], [ -1.9974, 6.1169 ], [ -2.0061, 6.1175 ], [ -2.0069, 6.1113 ], [ -2.0143, 6.1147 ], [ -2.0147, 6.1239 ], [ -2.0243, 6.1361 ], [ -2.0253, 6.1439 ], [ -2.0201, 6.1535 ], [ -2.0237, 6.1589 ], [ -2.0229, 6.1731 ], [ -2.0401, 6.1973 ], [ -2.0382, 6.2069 ], [ -2.0216, 6.2251 ], [ -2.0219, 6.2597 ], [ -2.0142, 6.2679 ], [ -2.0097, 6.2887 ], [ -2.0115, 6.2915 ], [ -2.0449, 6.2853 ], [ -2.0706, 6.2953 ], [ -2.0774, 6.2897 ], [ -2.0806, 6.2745 ], [ -2.0998, 6.2407 ], [ -2.1267, 6.2511 ], [ -2.1312, 6.2577 ], [ -2.1755, 6.2143 ], [ -2.2044, 6.1985 ], [ -2.1818, 6.1229 ], [ -2.1785, 6.1199 ], [ -2.1717, 6.1235 ], [ -2.1655, 6.1215 ], [ -2.1535, 6.1055 ], [ -2.1422, 6.1005 ], [ -2.14, 6.0917 ], [ -2.1314, 6.0923 ], [ -2.0587, 6.0715 ], [ -2.0476, 6.0593 ], [ -2.051, 6.0509 ], [ -2.0266, 6.0417 ], [ -2.0182, 6.0277 ], [ -1.9922, 6.0217 ], [ -1.9853, 6.0165 ], [ -1.9842, 6.0107 ], [ -1.9685, 6.0011 ], [ -1.9531, 5.9841 ], [ -1.9453, 5.9835 ], [ -1.9392, 5.9697 ], [ -1.9392, 5.9559 ], [ -1.9281, 5.9427 ], [ -1.9094, 5.9361 ], [ -1.9119, 5.9327 ], [ -1.9031, 5.9175 ], [ -1.8949, 5.9173 ], [ -1.8637, 5.9353 ], [ -1.8556, 5.9347 ], [ -1.8382, 5.9431 ], [ -1.8192, 5.9457 ], [ -1.7932, 5.9905 ], [ -1.7986, 5.9983 ], [ -1.8033, 5.9941 ], [ -1.812, 6.0109 ], [ -1.8025, 6.0271 ], [ -1.8048, 6.0307 ] ] ] } },
{ "type": "Feature", "properties": { "iso3": "GHA", "unit_id": "30259293B10993814735408", "unit_name": "Abuakwa North" }, "geometry": { "type": "Polygon", "coordinates": [ [ [ -0.312, 6.2095 ], [ -0.3104, 6.2533 ], [ -0.3236, 6.2573 ], [ -0.3337, 6.2671 ], [ -0.3507, 6.2687 ], [ -0.3635, 6.2785 ], [ -0.363, 6.2831 ], [ -0.3779, 6.2803 ], [ -0.3861, 6.2833 ], [ -0.3988, 6.2757 ], [ -0.4173, 6.2913 ], [ -0.4458, 6.2881 ], [ -0.4579, 6.2921 ], [ -0.4596, 6.2971 ], [ -0.4686, 6.2973 ], [ -0.4715, 6.2937 ], [ -0.4789, 6.2707 ], [ -0.4629, 6.2427 ], [ -0.4525, 6.2319 ], [ -0.4515, 6.2283 ], [ -0.4594, 6.2097 ], [ -0.4139, 6.2069 ], [ -0.3825, 6.1921 ], [ -0.375, 6.1813 ], [ -0.3635, 6.1813 ], [ -0.3549, 6.1881 ], [ -0.3411, 6.1755 ], [ -0.3302, 6.1727 ], [ -0.325, 6.1729 ], [ -0.3178, 6.1803 ], [ -0.3227, 6.2001 ], [ -0.312, 6.2095 ] ] ] } },
{ "type": "Feature", "properties": { "iso3": "GHA", "unit_id": "30259293B34553032038705", "unit_name": "Abuakwa South" }, "geometry": { "type": "Polygon", "coordinates": [ [ [ -0.478, 6.2767 ], [ -0.4882, 6.2733 ], [ -0.4842, 6.2859 ], [ -0.489, 6.2843 ], [ -0.4939, 6.2765 ], [ -0.5225, 6.2637 ], [ -0.5248, 6.2421 ], [ -0.5304, 6.2331 ], [ -0.5287, 6.2299 ], [ -0.5463, 6.2201 ], [ -0.5391, 6.2125 ], [ -0.5506, 6.2019 ], [ -0.5507, 6.1895 ], [ -0.565, 6.1899 ], [ -0.5843, 6.1731 ], [ -0.5915, 6.1753 ], [ -0.6007, 6.1675 ], [ -0.6073, 6.1407 ], [ -0.5883, 6.1105 ], [ -0.5958, 6.0999 ], [ -0.5921, 6.0909 ], [ -0.5745, 6.0641 ], [ -0.558, 6.0587 ], [ -0.5359, 6.0719 ], [ -0.5181, 6.0761 ], [ -0.5046, 6.0903 ], [ -0.4881, 6.0979 ], [ -0.4824, 6.1055 ], [ -0.459, 6.0967 ], [ -0.4475, 6.1019 ], [ -0.442, 6.1013 ], [ -0.432, 6.1185 ], [ -0.4332, 6.1215 ], [ -0.416, 6.1321 ], [ -0.3947, 6.1223 ], [ -0.3787, 6.1285 ], [ -0.3662, 6.1275 ], [ -0.3725, 6.1397 ], [ -0.3696, 6.1541 ], [ -0.3575, 6.1665 ], [ -0.3535, 6.1677 ], [ -0.3467, 6.1623 ], [ -0.3443, 6.1657 ], [ -0.3411, 6.1755 ], [ -0.3549, 6.1881 ], [ -0.3635, 6.1813 ], [ -0.375, 6.1813 ], [ -0.3825, 6.1921 ], [ -0.4139, 6.2069 ], [ -0.4594, 6.2097 ], [ -0.4515, 6.2283 ], [ -0.4774, 6.2667 ], [ -0.478, 6.2767 ] ] ] } },
{ "type": "Feature", "properties": { "iso3": "GHA", "unit_id": "30259293B3515799558133", "unit_name": "Achiase" }, "geometry": { "type": "Polygon", "coordinates": [ [ [ -0.8797, 5.7427 ], [ -0.8803, 5.7653 ], [ -0.8751, 5.7677 ], [ -0.8736, 5.7727 ], [ -0.8741, 5.7767 ], [ -0.8797, 5.7805 ], [ -0.8707, 5.7933 ], [ -0.8696, 5.8037 ], [ -0.8672, 5.8067 ], [ -0.8622, 5.8061 ], [ -0.8513, 5.8403 ], [ -0.855, 5.8543 ], [ -0.8738, 5.8719 ], [ -0.8733, 5.8805 ], [ -0.9005, 5.8755 ], [ -0.9135, 5.8871 ], [ -0.921, 5.8857 ], [ -0.9339, 5.8799 ], [ -0.9423, 5.8721 ], [ -0.9504, 5.8551 ], [ -0.9827, 5.8423 ], [ -0.994, 5.8481 ], [ -1.029, 5.8467 ], [ -1.1051, 5.8383 ], [ -1.1615, 5.8243 ], [ -1.1587, 5.8123 ], [ -1.165, 5.8019 ], [ -1.1679, 5.7845 ], [ -1.1628, 5.7675 ], [ -1.166, 5.7517 ], [ -1.1635, 5.7391 ], [ -1.1654, 5.7323 ], [ -1.1629, 5.7225 ], [ -1.1581, 5.7209 ], [ -1.151, 5.7251 ], [ -1.1422, 5.7129 ], [ -1.1439, 5.7043 ], [ -1.1357, 5.7045 ], [ -1.1344, 5.7213 ], [ -1.1209, 5.7205 ], [ -1.0998, 5.7009 ], [ -1.0944, 5.7137 ], [ -1.0971, 5.7261 ], [ -1.0911, 5.7427 ], [ -1.0772, 5.7493 ], [ -1.0431, 5.7517 ], [ -1.04, 5.7435 ], [ -1.0323, 5.7379 ], [ -0.9986, 5.7453 ], [ -0.994, 5.7399 ], [ -0.9911, 5.7475 ], [ -0.9724, 5.7533 ], [ -0.9521, 5.7387 ], [ -0.9052, 5.7387 ], [ -0.8797, 5.7427 ] ] ] } },
{ "type": "Feature", "properties": { "iso3": "GHA", "unit_id": "30259293B28191283305677", "unit_name": "Akwapem North" }, "geometry": { "type": "Polygon", "coordinates": [ [ [ -0.1265, 5.8749 ], [ -0.0955, 5.9013 ], [ -0.0835, 5.9073 ], [ -0.0609, 5.9331 ], [ -0.0409, 5.9441 ], [ -0.0063, 5.9713 ], [ -0.0046, 5.9857 ], [ -0.0081, 5.9935 ], [ -0.0136, 5.9967 ], [ -0.0304, 5.9951 ], [ -0.0376, 6.0065 ], [ -0.0631, 6.0071 ], [ -0.0824, 5.9871 ], [ -0.0942, 5.9795 ], [ -0.0971, 5.9721 ], [ -0.1057, 5.9687 ], [ -0.1052, 5.9499 ], [ -0.1154, 5.9425 ], [ -0.1187, 5.9441 ], [ -0.1161, 5.9611 ], [ -0.1275, 5.9585 ], [ -0.1431, 5.9599 ], [ -0.1487, 5.9633 ], [ -0.153, 5.9583 ], [ -0.1507, 5.9721 ], [ -0.1592, 5.9825 ], [ -0.1617, 5.9927 ], [ -0.1733, 6.0067 ], [ -0.1798, 6.0225 ], [ -0.1901, 6.0267 ], [ -0.1975, 6.0275 ], [ -0.2031, 6.0227 ], [ -0.2116, 6.0271 ], [ -0.2255, 6.0257 ], [ -0.2318, 6.0287 ], [ -0.2347, 6.0349 ], [ -0.2296, 6.0393 ], [ -0.2289, 6.0471 ], [ -0.2331, 6.0501 ], [ -0.2364, 6.0571 ], [ -0.2335, 6.0627 ], [ -0.2376, 6.0657 ], [ -0.2517, 6.0443 ], [ -0.2606, 6.0425 ], [ -0.2625, 6.0453 ], [ -0.2822, 6.0367 ], [ -0.2813, 6.0315 ], [ -0.2689, 6.0211 ], [ -0.2615, 6.0015 ], [ -0.3004, 5.9437 ], [ -0.2754, 5.9339 ], [ -0.2574, 5.9369 ], [ -0.224, 5.9347 ], [ -0.2183, 5.9223 ], [ -0.2083, 5.9191 ], [ -0.2188, 5.9001 ], [ -0.2199, 5.8913 ], [ -0.2065, 5.8957 ], [ -0.2002, 5.9013 ], [ -0.1845, 5.8985 ], [ -0.1759, 5.8859 ], [ -0.1676, 5.8871 ], [ -0.1731, 5.8695 ], [ -0.1711, 5.8667 ], [ -0.1589, 5.8649 ], [ -0.1377, 5.8513 ], [ -0.1306, 5.8527 ], [ -0.1265, 5.8749 ] ] ] } },
{ "type": "Feature", "properties": { "iso3": "GHA", "unit_id": "30259293B95639269770878", "unit_name": "Akwapem South" }, "geometry": { "type": "Polygon", "coordinates": [ [ [ -0.3004, 5.9437 ], [ -0.3125, 5.9307 ], [ -0.3127, 5.9231 ], [ -0.3184, 5.9141 ], [ -0.335, 5.9081 ], [ -0.3401, 5.8979 ], [ -0.3325, 5.8887 ], [ -0.335, 5.8791 ], [ -0.3281, 5.8747 ], [ -0.3165, 5.8761 ], [ -0.2956, 5.8845 ], [ -0.29, 5.8793 ], [ -0.2771, 5.8777 ], [ -0.2753, 5.8623 ], [ -0.27, 5.8561 ], [ -0.2736, 5.8355 ], [ -0.2689, 5.8231 ], [ -0.2696, 5.8063 ], [ -0.2665, 5.8071 ], [ -0.2642, 5.8027 ], [ -0.2564, 5.7779 ], [ -0.2447, 5.7853 ], [ -0.2348, 5.7827 ], [ -0.2354, 5.7727 ], [ -0.243, 5.7591 ], [ -0.227, 5.7521 ], [ -0.2273, 5.7435 ], [ -0.224, 5.7409 ], [ -0.218, 5.7509 ], [ -0.2135, 5.7505 ], [ -0.2038, 5.7599 ], [ -0.2019, 5.7825 ], [ -0.1942, 5.7843 ], [ -0.182, 5.7931 ], [ -0.1723, 5.8055 ], [ -0.1719, 5.8131 ], [ -0.1546, 5.8145 ], [ -0.151, 5.8377 ], [ -0.1529, 5.8399 ], [ -0.164, 5.8387 ], [ -0.154, 5.8497 ], [ -0.1439, 5.8549 ], [ -0.1589, 5.8649 ], [ -0.1711, 5.8667 ], [ -0.1731, 5.8695 ], [ -0.1676, 5.8871 ], [ -0.1759, 5.8859 ], [ -0.1845, 5.8985 ], [ -0.2002, 5.9013 ], [ -0.2065, 5.8957 ], [ -0.2199, 5.8913 ], [ -0.2188, 5.9001 ], [ -0.2083, 5.9191 ], [ -0.2183, 5.9223 ], [ -0.224, 5.9347 ], [ -0.2574, 5.9369 ], [ -0.2754, 5.9339 ], [ -0.3004, 5.9437 ] ] ] } },
{ "type": "Feature", "properties": { "iso3": "GHA", "unit_id": "30259293B85240494633042", "unit_name": "Akyem Mansa" }, "geometry": { "type": "Polygon", "coordinates": [ [ [ -1.2214, 5.9737 ], [ -1.2191, 5.9763 ], [ -1.2159, 5.9737 ], [ -1.2162, 5.9689 ], [ -1.2102, 5.9639 ], [ -1.2009, 5.9769 ], [ -1.1975, 5.9765 ], [ -1.198, 5.9709 ], [ -1.1815, 5.9703 ], [ -1.1789, 5.9731 ], [ -1.1728, 5.9679 ], [ -1.1651, 5.9681 ], [ -1.1532, 5.9559 ], [ -1.1552, 5.9517 ], [ -1.1491, 5.9473 ], [ -1.136, 5.9513 ], [ -1.1335, 5.9573 ], [ -1.1168, 5.9555 ], [ -1.1141, 5.9589 ], [ -1.1162, 5.9613 ], [ -1.1109, 5.9665 ], [ -1.1059, 5.9659 ], [ -1.1036, 5.9581 ], [ -1.0947, 5.9537 ], [ -1.0972, 5.9421 ], [ -1.0945, 5.9355 ], [ -1.0866, 5.9411 ], [ -1.0839, 5.9397 ], [ -1.0822, 5.9439 ], [ -1.0783, 5.9419 ], [ -1.0636, 5.9557 ], [ -1.0388, 5.9711 ], [ -1.0415, 5.9819 ], [ -1.0391, 5.9849 ], [ -1.0268, 5.9849 ], [ -0.9964, 6.0169 ], [ -1.0059, 6.0197 ], [ -1.0024, 6.0333 ], [ -0.9878, 6.0393 ], [ -0.974, 6.0577 ], [ -0.9525, 6.0607 ], [ -0.9644, 6.0733 ], [ -0.9691, 6.0883 ], [ -0.9793, 6.1045 ], [ -1.0326, 6.0793 ], [ -1.0142, 6.1641 ], [ -0.9957, 6.1971 ], [ -1.0143, 6.2075 ], [ -1.0338, 6.1967 ], [ -1.0432, 6.1977 ], [ -1.0671, 6.2055 ], [ -1.0717, 6.2113 ], [ -1.0693, 6.2227 ], [ -1.0962, 6.2153 ], [ -1.0998, 6.2159 ], [ -1.0996, 6.2193 ], [ -1.109, 6.2273 ], [ -1.1175, 6.2293 ], [ -1.1218, 6.2259 ], [ -1.1211, 6.2097 ], [ -1.1317, 6.2009 ], [ -1.1534, 6.1993 ], [ -1.1561, 6.2033 ], [ -1.1609, 6.2017 ], [ -1.1635, 6.2051 ], [ -1.1797, 6.2023 ], [ -1.1819, 6.2047 ], [ -1.1933, 6.1995 ], [ -1.189, 6.1935 ], [ -1.1883, 6.1841 ], [ -1.1801, 6.1803 ], [ -1.179, 6.1739 ], [ -1.1823, 6.1675 ], [ -1.1855, 6.1691 ], [ -1.1796, 6.1563 ], [ -1.1841, 6.1441 ], [ -1.1881, 6.1445 ], [ -1.1932, 6.1367 ], [ -1.2005, 6.1329 ], [ -1.1984, 6.1263 ], [ -1.1934, 6.1225 ], [ -1.2055, 6.1157 ], [ -1.2057, 6.1123 ], [ -1.1944, 6.1135 ], [ -1.1874, 6.0977 ], [ -1.1897, 6.0937 ], [ -1.2033, 6.0905 ], [ -1.1983, 6.0827 ], [ -1.2074, 6.0759 ], [ -1.2069, 6.0717 ], [ -1.2141, 6.0681 ], [ -1.2101, 6.0627 ], [ -1.2115, 6.0583 ], [ -1.208, 6.0565 ], [ -1.2093, 6.0525 ], [ -1.2293, 6.0383 ], [ -1.2326, 6.0287 ], [ -1.2286, 6.0193 ], [ -1.2333, 6.0129 ], [ -1.2401, 6.0117 ], [ -1.2415, 5.9971 ], [ -1.2462, 5.9899 ], [ -1.2391, 5.9843 ], [ -1.2394, 5.9813 ], [ -1.226, 5.9805 ], [ -1.2214, 5.9737 ] ] ] } },
{ "type": "Feature", "properties": { "iso3": "GHA", "unit_id": "30259293B20312850414218", "unit_name": "Asene Akroso Manso" }, "geometry": { "type": "Polygon", "coordinates": [ [ [ -0.6934, 5.7339 ], [ -0.7024, 5.7335 ], [ -0.7007, 5.7445 ], [ -0.6952, 5.7461 ], [ -0.6968, 5.7511 ], [ -0.7067, 5.7577 ], [ -0.7083, 5.7653 ], [ -0.7154, 5.7719 ], [ -0.7204, 5.7833 ], [ -0.7255, 5.8189 ], [ -0.7394, 5.8227 ], [ -0.7504, 5.8305 ], [ -0.754, 5.8379 ], [ -0.7587, 5.8385 ], [ -0.7573, 5.8427 ], [ -0.7617, 5.8547 ], [ -0.7575, 5.8619 ], [ -0.7627, 5.8721 ], [ -0.7629, 5.8861 ], [ -0.7672, 5.8939 ], [ -0.7776, 5.9085 ], [ -0.793, 5.9179 ], [ -0.81, 5.9427 ], [ -0.8155, 5.9451 ], [ -0.8289, 5.9661 ], [ -0.8323, 5.9769 ], [ -0.85, 5.9841 ], [ -0.8784, 6.0021 ], [ -0.8911, 5.9985 ], [ -0.8907, 5.9931 ], [ -0.8967, 5.9963 ], [ -0.9067, 5.9959 ], [ -0.9177, 5.9829 ], [ -0.9204, 5.9651 ], [ -0.9278, 5.9605 ], [ -0.9405, 5.9635 ], [ -0.9486, 5.9589 ], [ -0.9506, 5.9529 ], [ -0.9405, 5.9471 ], [ -0.9479, 5.9349 ], [ -0.9481, 5.9153 ], [ -0.9383, 5.9147 ], [ -0.9271, 5.9225 ], [ -0.9248, 5.9145 ], [ -0.9172, 5.9057 ], [ -0.8842, 5.8985 ], [ -0.878, 5.8945 ], [ -0.8733, 5.8877 ], [ -0.8738, 5.8719 ], [ -0.855, 5.8543 ], [ -0.8513, 5.8403 ], [ -0.8622, 5.8061 ], [ -0.8672, 5.8067 ], [ -0.8696, 5.8037 ], [ -0.8707, 5.7933 ], [ -0.8797, 5.7805 ], [ -0.8741, 5.7767 ], [ -0.8736, 5.7727 ], [ -0.8751, 5.7677 ], [ -0.8803, 5.7653 ], [ -0.8802, 5.7579 ], [ -0.8478, 5.7573 ], [ -0.8371, 5.7535 ], [ -0.8307, 5.7465 ], [ -0.8134, 5.7445 ], [ -0.8138, 5.7309 ], [ -0.7882, 5.7247 ], [ -0.7859, 5.7105 ], [ -0.7829, 5.7081 ], [ -0.7777, 5.7137 ], [ -0.7589, 5.7085 ], [ -0.738, 5.7109 ], [ -0.7318, 5.7145 ], [ -0.7111, 5.7121 ], [ -0.6985, 5.7143 ], [ -0.6934, 5.7339 ] ] ] } },
{ "type": "Feature", "properties": { "iso3": "GHA", "unit_id": "30259293B42023323169840", "unit_name": "Asuogyaman" }, "geometry": { "type": "Polygon", "coordinates": [ [ [ 0.2093, 6.4023 ], [ 0.1783, 6.4247 ], [ 0.1863, 6.4417 ], [ 0.1839, 6.4655 ], [ 0.1889, 6.4763 ], [ 0.1795, 6.4879 ], [ 0.1821, 6.4957 ], [ 0.1783, 6.5125 ], [ 0.1975, 6.5429 ], [ 0.1993, 6.5495 ], [ 0.1935, 6.5639 ], [ 0.1873, 6.5679 ], [ 0.1629, 6.5703 ], [ 0.1527, 6.5771 ], [ 0.1287, 6.5755 ], [ 0.0025, 6.5363 ], [ -0.0039, 6.4507 ], [ -0.0042, 6.4021 ], [ -0.0171, 6.3321 ], [ -0.0069, 6.3307 ], [ -0.0015, 6.3233 ], [ 0.0095, 6.3251 ], [ 0.0301, 6.3173 ], [ 0.0311, 6.3125 ], [ 0.0263, 6.3065 ], [ 0.0113, 6.2949 ], [ 0.0155, 6.2787 ], [ 0.0261, 6.2837 ], [ 0.0271, 6.2891 ], [ 0.0353, 6.2953 ], [ 0.0453, 6.2997 ], [ 0.0479, 6.2979 ], [ 0.0467, 6.2893 ], [ 0.0387, 6.2853 ], [ 0.0265, 6.2681 ], [ 0.0199, 6.2661 ], [ 0.0177, 6.2617 ], [ 0.0209, 6.2571 ], [ 0.0177, 6.2527 ], [ 0.0077, 6.2483 ], [ 0.0071, 6.2287 ], [ -0.0107, 6.2061 ], [ 0.0035, 6.2051 ], [ 0.0051, 6.1947 ], [ 0.0115, 6.1937 ], [ 0.0305, 6.2137 ], [ 0.0465, 6.2137 ], [ 0.0603, 6.2217 ], [ 0.0667, 6.2217 ], [ 0.0683, 6.2151 ], [ 0.0621, 6.2103 ], [ 0.0529, 6.2091 ], [ 0.0525, 6.1995 ], [ 0.0705, 6.1877 ], [ 0.0769, 6.1739 ], [ 0.0679, 6.1635 ], [ 0.0683, 6.1547 ], [ 0.0751, 6.1503 ], [ 0.0969, 6.1491 ], [ 0.0917, 6.1589 ], [ 0.0963, 6.1773 ], [ 0.1049, 6.1847 ], [ 0.1233, 6.2325 ], [ 0.1287, 6.2561 ], [ 0.1353, 6.2605 ], [ 0.1605, 6.3009 ], [ 0.1741, 6.3023 ], [ 0.1759, 6.3077 ], [ 0.1687, 6.3135 ], [ 0.1695, 6.3263 ], [ 0.1805, 6.3399 ], [ 0.1859, 6.3395 ], [ 0.1967, 6.3535 ], [ 0.2043, 6.3577 ], [ 0.2001, 6.3703 ], [ 0.2155, 6.3839 ], [ 0.2093, 6.4023 ] ] ] } },
{ "type": "Feature", "properties": { "iso3": "GHA", "unit_id": "30259293B71794530645271", "unit_name": "Atiwa East" }, "geometry": { "type": "Polygon", "coordinates": [ [ [ -0.5205, 6.3435 ], [ -0.5056, 6.3517 ], [ -0.4904, 6.3473 ], [ -0.4861, 6.3619 ], [ -0.4918, 6.3685 ], [ -0.4951, 6.3671 ], [ -0.4979, 6.3733 ], [ -0.4937, 6.3853 ], [ -0.4788, 6.4015 ], [ -0.463, 6.4087 ], [ -0.4608, 6.4239 ], [ -0.4905, 6.4507 ], [ -0.5442, 6.5123 ], [ -0.5927, 6.4909 ], [ -0.5959, 6.4965 ], [ -0.6007, 6.4907 ], [ -0.6013, 6.4811 ], [ -0.606, 6.4771 ], [ -0.613, 6.4871 ], [ -0.6177, 6.5025 ], [ -0.6266, 6.5061 ], [ -0.63, 6.5043 ], [ -0.6296, 6.4965 ], [ -0.6367, 6.4851 ], [ -0.6537, 6.4793 ], [ -0.6591, 6.4717 ], [ -0.6891, 6.4559 ], [ -0.6877, 6.4429 ], [ -0.6912, 6.4299 ], [ -0.6962, 6.4159 ], [ -0.7061, 6.4047 ], [ -0.7105, 6.3877 ], [ -0.7165, 6.3809 ], [ -0.7159, 6.3701 ], [ -0.7207, 6.3707 ], [ -0.7245, 6.3917 ], [ -0.7381, 6.4109 ], [ -0.7329, 6.4285 ], [ -0.7476, 6.4485 ], [ -0.7749, 6.4647 ], [ -0.7829, 6.4757 ], [ -0.8001, 6.4711 ], [ -0.8032, 6.4617 ], [ -0.8293, 6.4653 ], [ -0.8236, 6.4717 ], [ -0.8232, 6.4855 ], [ -0.8319, 6.4793 ], [ -0.8319, 6.4735 ], [ -0.8363, 6.4693 ], [ -0.8462, 6.4749 ], [ -0.8585, 6.4701 ], [ -0.8577, 6.4629 ], [ -0.8761, 6.4587 ], [ -0.8834, 6.4611 ], [ -0.8826, 6.4443 ], [ -0.8867, 6.4381 ], [ -0.8843, 6.4191 ], [ -0.8764, 6.3975 ], [ -0.8837, 6.3865 ], [ -0.8811, 6.3729 ], [ -0.8559, 6.3571 ], [ -0.8583, 6.3423 ], [ -0.852, 6.3359 ], [ -0.83, 6.3261 ], [ -0.8112, 6.3103 ], [ -0.8066, 6.3103 ], [ -0.7949, 6.2969 ], [ -0.7834, 6.2931 ], [ -0.778, 6.2789 ], [ -0.7714, 6.2827 ], [ -0.7665, 6.2961 ], [ -0.7506, 6.3113 ], [ -0.7256, 6.3199 ], [ -0.7174, 6.3297 ], [ -0.7097, 6.3531 ], [ -0.7009, 6.3687 ], [ -0.6781, 6.3861 ], [ -0.6618, 6.3843 ], [ -0.6472, 6.3919 ], [ -0.6157, 6.3887 ], [ -0.5205, 6.3435 ] ] ] } },
{ "type": "Feature", "properties": { "iso3": "GHA", "unit_id": "30259293B76290914378197", "unit_name": "Atiwa West" }, "geometry": { "type": "MultiPolygon", "coordinates": [ [ [ [ -0.5835, 6.0533 ], [ -0.5814, 6.0439 ], [ -0.5719, 6.0391 ], [ -0.5753, 6.0521 ], [ -0.5835, 6.0533 ] ] ], [ [ [ -0.5225, 6.2637 ], [ -0.5247, 6.2857 ], [ -0.5191, 6.3031 ], [ -0.5272, 6.3109 ], [ -0.5354, 6.3097 ], [ -0.5367, 6.3133 ], [ -0.5309, 6.3289 ], [ -0.5205, 6.3435 ], [ -0.523, 6.3465 ], [ -0.5413, 6.3517 ], [ -0.5808, 6.3741 ], [ -0.6157, 6.3887 ], [ -0.6338, 6.3923 ], [ -0.6472, 6.3919 ], [ -0.6618, 6.3843 ], [ -0.6781, 6.3861 ], [ -0.7009, 6.3687 ], [ -0.7097, 6.3531 ], [ -0.7174, 6.3297 ], [ -0.7256, 6.3199 ], [ -0.7506, 6.3113 ], [ -0.7665, 6.2961 ], [ -0.7714, 6.2827 ], [ -0.778, 6.2789 ], [ -0.7707, 6.2703 ], [ -0.7683, 6.2589 ], [ -0.7757, 6.2503 ], [ -0.7607, 6.2407 ], [ -0.7582, 6.2357 ], [ -0.7509, 6.2347 ], [ -0.7472, 6.2215 ], [ -0.7418, 6.2253 ], [ -0.7217, 6.2203 ], [ -0.7107, 6.2103 ], [ -0.7103, 6.2019 ], [ -0.6984, 6.2049 ], [ -0.6863, 6.2003 ], [ -0.6848, 6.1903 ], [ -0.6396, 6.1875 ], [ -0.6314, 6.1799 ], [ -0.6331, 6.1729 ], [ -0.6179, 6.1655 ], [ -0.6173, 6.1621 ], [ -0.6389, 6.1413 ], [ -0.6397, 6.1309 ], [ -0.6467, 6.1171 ], [ -0.6581, 6.1151 ], [ -0.6631, 6.1119 ], [ -0.6632, 6.1077 ], [ -0.6704, 6.1025 ], [ -0.6722, 6.1049 ], [ -0.6762, 6.1027 ], [ -0.6804, 6.0979 ], [ -0.6726, 6.0853 ], [ -0.668, 6.0843 ], [ -0.6698, 6.0773 ], [ -0.6772, 6.0745 ], [ -0.6753, 6.0705 ], [ -0.6682, 6.0643 ], [ -0.6631, 6.0641 ], [ -0.6621, 6.0581 ], [ -0.6573, 6.0589 ], [ -0.6497, 6.0463 ], [ -0.6584, 6.0361 ], [ -0.6587, 6.0257 ], [ -0.6289, 6.0353 ], [ -0.6196, 6.0305 ], [ -0.6097, 6.0417 ], [ -0.6005, 6.0463 ], [ -0.5973, 6.0429 ], [ -0.5949, 6.0453 ], [ -0.5973, 6.0517 ], [ -0.5933, 6.0525 ], [ -0.5937, 6.0563 ], [ -0.5835, 6.0533 ], [ -0.5822, 6.0573 ], [ -0.5744, 6.0591 ], [ -0.5694, 6.0559 ], [ -0.5677, 6.0585 ], [ -0.5871, 6.0823 ], [ -0.5958, 6.0999 ], [ -0.5883, 6.1105 ], [ -0.6073, 6.1407 ], [ -0.6047, 6.1563 ], [ -0.597, 6.1729 ], [ -0.5915, 6.1753 ], [ -0.5843, 6.1731 ], [ -0.565, 6.1899 ], [ -0.5507, 6.1895 ], [ -0.5506, 6.2019 ], [ -0.5391, 6.2125 ], [ -0.5463, 6.2201 ], [ -0.5287, 6.2299 ], [ -0.5304, 6.2331 ], [ -0.5248, 6.2421 ], [ -0.5225, 6.2637 ] ] ] ] } },
{ "type": "Feature", "properties": { "iso3": "GHA", "unit_id": "30259293B98387742819046", "unit_name": "Ayensuano" }, "geometry": { "type": "Polygon", "coordinates": [ [ [ -0.5686, 6.0621 ], [ -0.5694, 6.0559 ], [ -0.5744, 6.0591 ], [ -0.5822, 6.0573 ], [ -0.5835, 6.0533 ], [ -0.5937, 6.0563 ], [ -0.5933, 6.0525 ], [ -0.5973, 6.0517 ], [ -0.5949, 6.0453 ], [ -0.5973, 6.0429 ], [ -0.6005, 6.0463 ], [ -0.6097, 6.0417 ], [ -0.6196, 6.0305 ], [ -0.6289, 6.0353 ], [ -0.6511, 6.0281 ], [ -0.6493, 6.0159 ], [ -0.636, 6.0149 ], [ -0.6281, 6.0101 ], [ -0.6244, 6.0053 ], [ -0.6295, 5.9853 ], [ -0.6255, 5.9775 ], [ -0.6192, 5.9733 ], [ -0.6155, 5.9641 ], [ -0.6055, 5.9655 ], [ -0.5973, 5.9529 ], [ -0.5979, 5.9441 ], [ -0.5947, 5.9405 ], [ -0.5831, 5.9387 ], [ -0.581, 5.9357 ], [ -0.579, 5.9249 ], [ -0.5818, 5.9219 ], [ -0.5776, 5.9157 ], [ -0.5926, 5.9027 ], [ -0.5859, 5.8963 ], [ -0.5733, 5.9005 ], [ -0.5573, 5.8883 ], [ -0.5524, 5.8905 ], [ -0.5312, 5.8845 ], [ -0.5189, 5.8669 ], [ -0.5004, 5.8631 ], [ -0.4984, 5.8483 ], [ -0.4668, 5.8461 ], [ -0.4643, 5.8437 ], [ -0.4638, 5.8301 ], [ -0.4414, 5.8431 ], [ -0.4327, 5.8327 ], [ -0.4253, 5.8363 ], [ -0.4137, 5.8345 ], [ -0.4048, 5.8457 ], [ -0.37, 5.8731 ], [ -0.3792, 5.8911 ], [ -0.3664, 5.8961 ], [ -0.3401, 5.8979 ], [ -0.335, 5.9081 ], [ -0.3184, 5.9141 ], [ -0.3127, 5.9231 ], [ -0.3125, 5.9307 ], [ -0.2911, 5.9569 ], [ -0.3211, 5.9543 ], [ -0.3308, 5.9733 ], [ -0.3555, 5.9827 ], [ -0.3635, 5.9825 ], [ -0.3661, 5.9969 ], [ -0.3733, 6.0011 ], [ -0.3828, 5.9965 ], [ -0.393, 6.0081 ], [ -0.3938, 6.0297 ], [ -0.4016, 6.0317 ], [ -0.4104, 6.0301 ], [ -0.4121, 6.0193 ], [ -0.4211, 6.0185 ], [ -0.4251, 6.0117 ], [ -0.4336, 6.0187 ], [ -0.4378, 6.0167 ], [ -0.4446, 5.9971 ], [ -0.4475, 5.9729 ], [ -0.4612, 5.9691 ], [ -0.4636, 5.9653 ], [ -0.474, 5.9647 ], [ -0.4857, 5.9715 ], [ -0.4906, 5.9905 ], [ -0.5049, 6.0071 ], [ -0.5035, 6.0105 ], [ -0.5329, 6.0215 ], [ -0.5423, 6.0373 ], [ -0.5407, 6.0475 ], [ -0.5438, 6.0547 ], [ -0.5686, 6.0621 ] ], [ [ -0.5835, 6.0533 ], [ -0.5753, 6.0521 ], [ -0.5719, 6.0391 ], [ -0.5814, 6.0439 ], [ -0.5835, 6.0533 ] ] ] } },
{ "type": "Feature", "properties": { "iso3": "GHA", "unit_id": "30259293B13202932002290", "unit_name": "Birim Central Municipal" }, "geometry": { "type": "Polygon", "coordinates": [ [ [ -1.0783, 5.9419 ], [ -1.0689, 5.9355 ], [ -1.0678, 5.9289 ], [ -1.0499, 5.9235 ], [ -1.0418, 5.9143 ], [ -1.0329, 5.9185 ], [ -1.0332, 5.9247 ], [ -1.0236, 5.9235 ], [ -1.0094, 5.9315 ], [ -1.0021, 5.9285 ], [ -0.9973, 5.9141 ], [ -0.9916, 5.9075 ], [ -0.9829, 5.9079 ], [ -0.9697, 5.9257 ], [ -0.966, 5.9269 ], [ -0.9585, 5.9211 ], [ -0.949, 5.9191 ], [ -0.9479, 5.9349 ], [ -0.9405, 5.9471 ], [ -0.958, 5.9595 ], [ -0.9661, 5.9593 ], [ -0.9663, 5.9685 ], [ -0.9733, 5.9817 ], [ -0.9731, 5.9925 ], [ -0.9675, 5.9975 ], [ -0.9685, 6.0043 ], [ -0.9632, 6.0131 ], [ -0.9798, 6.0467 ], [ -0.9878, 6.0393 ], [ -1.0024, 6.0333 ], [ -1.0059, 6.0197 ], [ -0.9964, 6.0169 ], [ -1.0268, 5.9849 ], [ -1.0391, 5.9849 ], [ -1.0415, 5.9819 ], [ -1.0388, 5.9711 ], [ -1.0636, 5.9557 ], [ -1.0783, 5.9419 ] ] ] } },
{ "type": "Feature", "properties": { "iso3": "GHA", "unit_id": "30259293B13943735181388", "unit_name": "Birim North" }, "geometry": { "type": "Polygon", "coordinates": [ [ [ -1.1218, 6.2259 ], [ -1.1175, 6.2293 ], [ -1.109, 6.2273 ], [ -1.0996, 6.2193 ], [ -1.0998, 6.2159 ], [ -1.0962, 6.2153 ], [ -1.0693, 6.2227 ], [ -1.0717, 6.2113 ], [ -1.0671, 6.2055 ], [ -1.0432, 6.1977 ], [ -1.0338, 6.1967 ], [ -1.0143, 6.2075 ], [ -0.9957, 6.1971 ], [ -0.9905, 6.2045 ], [ -0.9916, 6.2215 ], [ -1.0198, 6.2511 ], [ -1.0064, 6.2685 ], [ -0.9986, 6.2715 ], [ -0.9894, 6.2671 ], [ -0.9804, 6.2677 ], [ -0.9676, 6.2821 ], [ -0.9644, 6.2817 ], [ -0.963, 6.3157 ], [ -0.9735, 6.3311 ], [ -0.9856, 6.3369 ], [ -0.9623, 6.3409 ], [ -0.9496, 6.3703 ], [ -0.9481, 6.3881 ], [ -0.9373, 6.3857 ], [ -0.9208, 6.3923 ], [ -0.9266, 6.3761 ], [ -0.9244, 6.3685 ], [ -0.9114, 6.3749 ], [ -0.9081, 6.3715 ], [ -0.8978, 6.3753 ], [ -0.8932, 6.3805 ], [ -0.8886, 6.3807 ], [ -0.8811, 6.3729 ], [ -0.8837, 6.3865 ], [ -0.8764, 6.3975 ], [ -0.8843, 6.4191 ], [ -0.8867, 6.4381 ], [ -0.8826, 6.4443 ], [ -0.8834, 6.4611 ], [ -0.8761, 6.4587 ], [ -0.8577, 6.4629 ], [ -0.8585, 6.4701 ], [ -0.8462, 6.4749 ], [ -0.8363, 6.4693 ], [ -0.8319, 6.4735 ], [ -0.8319, 6.4793 ], [ -0.8232, 6.4855 ], [ -0.8232, 6.4781 ], [ -0.8203, 6.4797 ], [ -0.8194, 6.4877 ], [ -0.8319, 6.5063 ], [ -0.8366, 6.5081 ], [ -0.8366, 6.5155 ], [ -0.8413, 6.5211 ], [ -0.8355, 6.5267 ], [ -0.8406, 6.5349 ], [ -0.885, 6.5291 ], [ -0.8908, 6.5257 ], [ -0.89, 6.5105 ], [ -0.8974, 6.5013 ], [ -0.9134, 6.4911 ], [ -0.9132, 6.5105 ], [ -0.9166, 6.5169 ], [ -0.9267, 6.5201 ], [ -0.9386, 6.5301 ], [ -0.9536, 6.5257 ], [ -0.9588, 6.5285 ], [ -0.965, 6.5399 ], [ -0.9715, 6.5351 ], [ -0.9782, 6.5183 ], [ -0.9806, 6.5199 ], [ -0.9878, 6.5163 ], [ -1.0039, 6.4915 ], [ -1.007, 6.4723 ], [ -1.011, 6.4671 ], [ -1.005, 6.4517 ], [ -1.0077, 6.4497 ], [ -1.0064, 6.4421 ], [ -1.0172, 6.4365 ], [ -1.0157, 6.4207 ], [ -1.0108, 6.4159 ], [ -1.0199, 6.4129 ], [ -1.023, 6.4087 ], [ -1.0355, 6.4115 ], [ -1.043, 6.4005 ], [ -1.0548, 6.3977 ], [ -1.0677, 6.3893 ], [ -1.0694, 6.3833 ], [ -1.1021, 6.3643 ], [ -1.1051, 6.3577 ], [ -1.1134, 6.3517 ], [ -1.1126, 6.3393 ], [ -1.1195, 6.3257 ], [ -1.1128, 6.3213 ], [ -1.1314, 6.3155 ], [ -1.1303, 6.2997 ], [ -1.138, 6.2955 ], [ -1.1277, 6.2859 ], [ -1.1308, 6.2801 ], [ -1.1281, 6.2727 ], [ -1.1182, 6.2695 ], [ -1.1245, 6.2453 ], [ -1.1218, 6.2259 ] ] ] } },
{ "type": "Feature", "properties": { "iso3": "GHA", "unit_id": "30259293B50652106164791", "unit_name": "Birim South" }, "geometry": { "type": "Polygon", "coordinates": [ [ [ -1.2248, 5.9353 ], [ -1.1978, 5.9167 ], [ -1.1771, 5.9089 ], [ -1.1729, 5.9103 ], [ -1.166, 5.9043 ], [ -1.1626, 5.8867 ], [ -1.1682, 5.8663 ], [ -1.1602, 5.8529 ], [ -1.1689, 5.8407 ], [ -1.1615, 5.8243 ], [ -1.1051, 5.8383 ], [ -1.029, 5.8467 ], [ -0.994, 5.8481 ], [ -0.9827, 5.8423 ], [ -0.9504, 5.8551 ], [ -0.9423, 5.8721 ], [ -0.9339, 5.8799 ], [ -0.921, 5.8857 ], [ -0.9135, 5.8871 ], [ -0.9005, 5.8755 ], [ -0.8733, 5.8805 ], [ -0.8733, 5.8877 ], [ -0.878, 5.8945 ], [ -0.8842, 5.8985 ], [ -0.9172, 5.9057 ], [ -0.9248, 5.9145 ], [ -0.9271, 5.9225 ], [ -0.9383, 5.9147 ], [ -0.9481, 5.9153 ], [ -0.949, 5.9191 ], [ -0.9585, 5.9211 ], [ -0.966, 5.9269 ], [ -0.9697, 5.9257 ], [ -0.9829, 5.9079 ], [ -0.9916, 5.9075 ], [ -0.9973, 5.9141 ], [ -1.0021, 5.9285 ], [ -1.0094, 5.9315 ], [ -1.0236, 5.9235 ], [ -1.0332, 5.9247 ], [ -1.0329, 5.9185 ], [ -1.0418, 5.9143 ], [ -1.0499, 5.9235 ], [ -1.0678, 5.9289 ], [ -1.0689, 5.9355 ], [ -1.0822, 5.9439 ], [ -1.0839, 5.9397 ], [ -1.0866, 5.9411 ], [ -1.0945, 5.9355 ], [ -1.0972, 5.9421 ], [ -1.0947, 5.9537 ], [ -1.1036, 5.9581 ], [ -1.1059, 5.9659 ], [ -1.1109, 5.9665 ], [ -1.1162, 5.9613 ], [ -1.1141, 5.9589 ], [ -1.1168, 5.9555 ], [ -1.1335, 5.9573 ], [ -1.136, 5.9513 ], [ -1.1491, 5.9473 ], [ -1.1552, 5.9517 ], [ -1.1532, 5.9559 ], [ -1.1651, 5.9681 ], [ -1.1728, 5.9679 ], [ -1.1789, 5.9731 ], [ -1.1815, 5.9703 ], [ -1.198, 5.9709 ], [ -1.1975, 5.9765 ], [ -1.2009, 5.9769 ], [ -1.2102, 5.9639 ], [ -1.2191, 5.9763 ], [ -1.2214, 5.9737 ], [ -1.2194, 5.9621 ], [ -1.2238, 5.9573 ], [ -1.2213, 5.9545 ], [ -1.2235, 5.9453 ], [ -1.2197, 5.9421 ], [ -1.2248, 5.9353 ] ] ] } },
{ "type": "Feature", "properties": { "iso3": "GHA", "unit_id": "30259293B80502415707465", "unit_name": "Denkyembour" }, "geometry": { "type": "Polygon", "coordinates": [ [ [ -0.9798, 6.0467 ], [ -0.9632, 6.0131 ], [ -0.9685, 6.0043 ], [ -0.9675, 5.9975 ], [ -0.9731, 5.9925 ], [ -0.9733, 5.9817 ], [ -0.9663, 5.9685 ], [ -0.9661, 5.9593 ], [ -0.958, 5.9595 ], [ -0.9506, 5.9529 ], [ -0.9486, 5.9589 ], [ -0.9405, 5.9635 ], [ -0.9278, 5.9605 ], [ -0.9204, 5.9651 ], [ -0.9177, 5.9829 ], [ -0.9067, 5.9959 ], [ -0.8967, 5.9963 ], [ -0.8907, 5.9931 ], [ -0.8911, 5.9985 ], [ -0.8784, 6.0021 ], [ -0.85, 5.9841 ], [ -0.8323, 5.9769 ], [ -0.8289, 5.9661 ], [ -0.8161, 5.9493 ], [ -0.7988, 5.9675 ], [ -0.7973, 5.9739 ], [ -0.8012, 5.9751 ], [ -0.8017, 5.9787 ], [ -0.7977, 5.9807 ], [ -0.794, 5.9993 ], [ -0.79, 5.9997 ], [ -0.7846, 6.0093 ], [ -0.7699, 6.0047 ], [ -0.7412, 6.0163 ], [ -0.7387, 6.0141 ], [ -0.7292, 6.0283 ], [ -0.7221, 6.0283 ], [ -0.7199, 6.0319 ], [ -0.7222, 6.0431 ], [ -0.7104, 6.0499 ], [ -0.6906, 6.0497 ], [ -0.68, 6.0359 ], [ -0.6715, 6.0313 ], [ -0.6584, 6.0361 ], [ -0.6497, 6.0463 ], [ -0.6573, 6.0589 ], [ -0.6621, 6.0581 ], [ -0.6631, 6.0641 ], [ -0.6682, 6.0643 ], [ -0.6753, 6.0705 ], [ -0.6772, 6.0745 ], [ -0.6698, 6.0773 ], [ -0.668, 6.0843 ], [ -0.6726, 6.0853 ], [ -0.6804, 6.0979 ], [ -0.6722, 6.1049 ], [ -0.6731, 6.1083 ], [ -0.6832, 6.1141 ], [ -0.6964, 6.1141 ], [ -0.7078, 6.1081 ], [ -0.7217, 6.1085 ], [ -0.7389, 6.0943 ], [ -0.7539, 6.1033 ], [ -0.7853, 6.1007 ], [ -0.8046, 6.0955 ], [ -0.82, 6.0849 ], [ -0.8201, 6.0773 ], [ -0.8271, 6.0743 ], [ -0.8455, 6.0855 ], [ -0.8515, 6.1047 ], [ -0.8505, 6.1193 ], [ -0.8739, 6.1481 ], [ -0.8781, 6.1597 ], [ -0.8911, 6.1455 ], [ -0.9005, 6.1437 ], [ -0.9282, 6.1639 ], [ -0.9446, 6.1335 ], [ -0.9469, 6.1119 ], [ -0.9756, 6.0975 ], [ -0.9691, 6.0883 ], [ -0.9644, 6.0733 ], [ -0.9525, 6.0607 ], [ -0.974, 6.0577 ], [ -0.9798, 6.0467 ] ] ] } },
{ "type": "Feature", "properties": { "iso3": "GHA", "unit_id": "30259293B14979390361333", "unit_name": "Fanteakwa North" }, "geometry": { "type": "Polygon", "coordinates": [ [ [ -0.4876, 6.3909 ], [ -0.4561, 6.3803 ], [ -0.3982, 6.3417 ], [ -0.3734, 6.3347 ], [ -0.3588, 6.3339 ], [ -0.352, 6.3301 ], [ -0.3445, 6.3383 ], [ -0.3312, 6.3425 ], [ -0.3222, 6.3535 ], [ -0.3257, 6.3635 ], [ -0.3411, 6.3727 ], [ -0.3507, 6.3873 ], [ -0.3506, 6.3975 ], [ -0.3255, 6.4023 ], [ -0.3194, 6.4059 ], [ -0.3073, 6.4267 ], [ -0.2938, 6.4261 ], [ -0.2891, 6.4347 ], [ -0.2808, 6.4379 ], [ -0.2722, 6.4365 ], [ -0.2571, 6.4575 ], [ -0.2456, 6.4615 ], [ -0.2406, 6.4567 ], [ -0.2362, 6.4639 ], [ -0.2309, 6.4645 ], [ -0.2305, 6.4747 ], [ -0.224, 6.4789 ], [ -0.2054, 6.4757 ], [ -0.1973, 6.4849 ], [ -0.1944, 6.4971 ], [ -0.2057, 6.5063 ], [ -0.2079, 6.5141 ], [ -0.1984, 6.5309 ], [ -0.1876, 6.5363 ], [ -0.1776, 6.5577 ], [ -0.2195, 6.6011 ], [ -0.2552, 6.6669 ], [ -0.3344, 6.6675 ], [ -0.3368, 6.6263 ], [ -0.333, 6.6221 ], [ -0.3336, 6.6001 ], [ -0.3516, 6.6033 ], [ -0.3737, 6.6125 ], [ -0.3894, 6.6127 ], [ -0.3922, 6.6171 ], [ -0.4152, 6.6261 ], [ -0.4243, 6.6413 ], [ -0.4466, 6.6375 ], [ -0.4569, 6.6295 ], [ -0.4583, 6.6233 ], [ -0.4688, 6.6201 ], [ -0.4701, 6.6169 ], [ -0.4733, 6.6181 ], [ -0.4883, 6.6049 ], [ -0.4967, 6.6051 ], [ -0.5005, 6.5959 ], [ -0.4929, 6.5939 ], [ -0.4965, 6.5897 ], [ -0.4952, 6.5823 ], [ -0.4884, 6.5799 ], [ -0.4833, 6.5721 ], [ -0.485, 6.5659 ], [ -0.4729, 6.5609 ], [ -0.48, 6.5599 ], [ -0.4802, 6.5567 ], [ -0.4756, 6.5467 ], [ -0.4625, 6.5367 ], [ -0.4602, 6.5293 ], [ -0.4622, 6.5253 ], [ -0.4676, 6.5199 ], [ -0.5442, 6.5123 ], [ -0.4905, 6.4507 ], [ -0.4608, 6.4239 ], [ -0.463, 6.4087 ], [ -0.4788, 6.4015 ], [ -0.4876, 6.3909 ] ] ] } },
{ "type": "Feature", "properties": { "iso3": "GHA", "unit_id": "30259293B98909646797247", "unit_name": "Fanteakwa South" }, "geometry": { "type": "Polygon", "coordinates": [ [ [ -0.3779, 6.2803 ], [ -0.361, 6.2855 ], [ -0.3402, 6.2867 ], [ -0.3286, 6.2975 ], [ -0.321, 6.2957 ], [ -0.3053, 6.3037 ], [ -0.3009, 6.2977 ], [ -0.2952, 6.2973 ], [ -0.2903, 6.3145 ], [ -0.2986, 6.3175 ], [ -0.3066, 6.3265 ], [ -0.3083, 6.3449 ], [ -0.2942, 6.3663 ], [ -0.2816, 6.3729 ], [ -0.2727, 6.3835 ], [ -0.2685, 6.3987 ], [ -0.2632, 6.4033 ], [ -0.2608, 6.4111 ], [ -0.2466, 6.4169 ], [ -0.2425, 6.4399 ], [ -0.2346, 6.4411 ], [ -0.2364, 6.4495 ], [ -0.2336, 6.4539 ], [ -0.209, 6.4681 ], [ -0.2054, 6.4757 ], [ -0.224, 6.4789 ], [ -0.2305, 6.4747 ], [ -0.2309, 6.4645 ], [ -0.2362, 6.4639 ], [ -0.2406, 6.4567 ], [ -0.2456, 6.4615 ], [ -0.2571, 6.4575 ], [ -0.2722, 6.4365 ], [ -0.2808, 6.4379 ], [ -0.2891, 6.4347 ], [ -0.2938, 6.4261 ], [ -0.3073, 6.4267 ], [ -0.3194, 6.4059 ], [ -0.3506, 6.3975 ], [ -0.3507, 6.3873 ], [ -0.3411, 6.3727 ], [ -0.3257, 6.3635 ], [ -0.3222, 6.3535 ], [ -0.3312, 6.3425 ], [ -0.3445, 6.3383 ], [ -0.352, 6.3301 ], [ -0.3588, 6.3339 ], [ -0.3734, 6.3347 ], [ -0.3982, 6.3417 ], [ -0.4561, 6.3803 ], [ -0.4876, 6.3909 ], [ -0.4937, 6.3853 ], [ -0.4979, 6.3733 ], [ -0.4951, 6.3671 ], [ -0.4918, 6.3685 ], [ -0.4861, 6.3619 ], [ -0.4904, 6.3473 ], [ -0.5056, 6.3517 ], [ -0.514, 6.3483 ], [ -0.5309, 6.3289 ], [ -0.5367, 6.3133 ], [ -0.5354, 6.3097 ], [ -0.5272, 6.3109 ], [ -0.5191, 6.3031 ], [ -0.5247, 6.2857 ], [ -0.5225, 6.2637 ], [ -0.4939, 6.2765 ], [ -0.489, 6.2843 ], [ -0.4842, 6.2859 ], [ -0.4882, 6.2733 ], [ -0.478, 6.2767 ], [ -0.4686, 6.2973 ], [ -0.4596, 6.2971 ], [ -0.4579, 6.2921 ], [ -0.4458, 6.2881 ], [ -0.4173, 6.2913 ], [ -0.3988, 6.2757 ], [ -0.3861, 6.2833 ], [ -0.3779, 6.2803 ] ] ] } },
{ "type": "Feature", "properties": { "iso3": "GHA", "unit_id": "30259293B8234031053307", "unit_name": "Kwaebibirem" }, "geometry": { "type": "Polygon", "coordinates": [ [ [ -0.9756, 6.0975 ], [ -0.9469, 6.1119 ], [ -0.9446, 6.1335 ], [ -0.9282, 6.1639 ], [ -0.9005, 6.1437 ], [ -0.8911, 6.1455 ], [ -0.8781, 6.1597 ], [ -0.8739, 6.1481 ], [ -0.8505, 6.1193 ], [ -0.8515, 6.1047 ], [ -0.8455, 6.0855 ], [ -0.8271, 6.0743 ], [ -0.8201, 6.0773 ], [ -0.82, 6.0849 ], [ -0.8127, 6.0909 ], [ -0.7853, 6.1007 ], [ -0.7539, 6.1033 ], [ -0.7389, 6.0943 ], [ -0.7217, 6.1085 ], [ -0.7078, 6.1081 ], [ -0.6925, 6.1147 ], [ -0.6832, 6.1141 ], [ -0.6731, 6.1083 ], [ -0.6704, 6.1025 ], [ -0.6581, 6.1151 ], [ -0.6467, 6.1171 ], [ -0.6397, 6.1309 ], [ -0.6389, 6.1413 ], [ -0.6173, 6.1621 ], [ -0.6179, 6.1655 ], [ -0.6331, 6.1729 ], [ -0.6314, 6.1799 ], [ -0.6396, 6.1875 ], [ -0.6848, 6.1903 ], [ -0.6863, 6.2003 ], [ -0.6984, 6.2049 ], [ -0.7103, 6.2019 ], [ -0.7107, 6.2103 ], [ -0.7217, 6.2203 ], [ -0.7418, 6.2253 ], [ -0.7472, 6.2215 ], [ -0.7509, 6.2347 ], [ -0.7582, 6.2357 ], [ -0.7607, 6.2407 ], [ -0.7757, 6.2503 ], [ -0.7683, 6.2589 ], [ -0.7707, 6.2703 ], [ -0.7821, 6.2841 ], [ -0.7834, 6.2931 ], [ -0.7949, 6.2969 ], [ -0.8066, 6.3103 ], [ -0.8112, 6.3103 ], [ -0.83, 6.3261 ], [ -0.852, 6.3359 ], [ -0.8583, 6.3423 ], [ -0.8559, 6.3571 ], [ -0.8754, 6.3673 ], [ -0.8886, 6.3807 ], [ -0.9081, 6.3715 ], [ -0.9114, 6.3749 ], [ -0.9244, 6.3685 ], [ -0.9266, 6.3761 ], [ -0.9208, 6.3923 ], [ -0.9373, 6.3857 ], [ -0.9481, 6.3881 ], [ -0.9496, 6.3703 ], [ -0.9623, 6.3409 ], [ -0.9856, 6.3369 ], [ -0.9735, 6.3311 ], [ -0.963, 6.3157 ], [ -0.9644, 6.2817 ], [ -0.9676, 6.2821 ], [ -0.9804, 6.2677 ], [ -0.9894, 6.2671 ], [ -0.9986, 6.2715 ], [ -1.0064, 6.2685 ], [ -1.0198, 6.2511 ], [ -0.9916, 6.2215 ], [ -0.9898, 6.2133 ], [ -0.9905, 6.2045 ], [ -1.0142, 6.1641 ], [ -1.0326, 6.0793 ], [ -0.9793, 6.1045 ], [ -0.9756, 6.0975 ] ] ] } },
{ "type": "Feature", "properties": { "iso3": "GHA", "unit_id": "30259293B32456354873433", "unit_name": "Kwahu Afram Plains North" }, "geometry": { "type": "Polygon", "coordinates": [ [ [ -0.1601, 7.1949 ], [ -0.1654, 7.1873 ], [ -0.1641, 7.1669 ], [ -0.1693, 7.1571 ], [ -0.1688, 7.1427 ], [ -0.1635, 7.1309 ], [ -0.1498, 7.1151 ], [ -0.1482, 7.1057 ], [ -0.1567, 7.0949 ], [ -0.151, 7.0731 ], [ -0.1529, 7.0601 ], [ -0.1478, 7.0521 ], [ -0.1339, 7.0459 ], [ -0.1336, 7.0413 ], [ -0.1406, 7.0353 ], [ -0.1383, 7.0313 ], [ -0.1173, 7.0163 ], [ -0.1226, 7.0095 ], [ -0.1241, 6.9985 ], [ -0.1271, 6.9973 ], [ -0.1236, 6.9847 ], [ -0.1053, 6.9753 ], [ -0.1072, 6.9583 ], [ -0.1137, 6.9495 ], [ -0.1225, 6.9627 ], [ -0.1422, 6.9441 ], [ -0.1523, 6.9133 ], [ -0.1635, 6.9041 ], [ -0.1653, 6.8661 ], [ -0.145, 6.8499 ], [ -0.137, 6.8477 ], [ -0.1302, 6.8359 ], [ -0.1209, 6.8331 ], [ -0.1129, 6.8259 ], [ -0.1017, 6.8143 ], [ -0.1045, 6.8051 ], [ -0.0842, 6.7967 ], [ -0.0712, 6.7869 ], [ -0.0796, 6.7831 ], [ -0.0875, 6.7729 ], [ -0.0916, 6.7465 ], [ -0.0962, 6.7325 ], [ -0.1034, 6.7249 ], [ -0.1081, 6.7135 ], [ -0.1112, 6.6987 ], [ -0.0923, 6.6987 ], [ -0.0864, 6.6905 ], [ -0.0969, 6.6669 ], [ -0.0921, 6.6617 ], [ -0.0978, 6.6475 ], [ -0.0898, 6.6415 ], [ -0.0946, 6.6291 ], [ -0.0958, 6.5427 ], [ -0.0611, 6.5335 ], [ -0.0186, 6.5393 ], [ 0.0025, 6.5363 ], [ 0.1045, 6.5669 ], [ 0.1105, 6.6167 ], [ 0.1233, 6.6661 ], [ 0.1301, 6.6717 ], [ 0.1615, 6.6833 ], [ 0.1693, 6.6899 ], [ 0.1991, 6.6971 ], [ 0.2037, 6.7033 ], [ 0.2083, 6.7577 ], [ 0.2003, 6.7787 ], [ 0.1925, 6.7893 ], [ 0.1585, 6.8161 ], [ 0.1449, 6.8185 ], [ 0.1333, 6.8291 ], [ 0.1243, 6.8433 ], [ 0.1199, 6.8705 ], [ 0.1229, 6.8895 ], [ 0.1355, 6.9101 ], [ 0.1479, 6.9215 ], [ 0.1959, 6.9365 ], [ 0.2063, 6.9425 ], [ 0.2275, 6.9741 ], [ 0.2215, 7.0079 ], [ 0.1997, 7.0517 ], [ 0.1967, 7.0677 ], [ 0.2029, 7.0807 ], [ 0.2309, 7.1069 ], [ 0.2427, 7.1271 ], [ 0.2425, 7.1487 ], [ 0.2353, 7.1671 ], [ 0.2163, 7.1741 ], [ 0.1823, 7.1797 ], [ 0.1233, 7.1839 ], [ 0.0979, 7.1777 ], [ 0.0811, 7.1817 ], [ 0.0675, 7.1737 ], [ 0.0505, 7.1721 ], [ 0.0409, 7.1809 ], [ 0.0291, 7.1855 ], [ 0.0213, 7.1831 ], [ 0.0111, 7.1863 ], [ 0.0045, 7.1941 ], [ -0.0042, 7.1911 ], [ -0.0141, 7.1933 ], [ -0.0275, 7.1915 ], [ -0.0526, 7.1965 ], [ -0.0615, 7.1881 ], [ -0.0844, 7.1793 ], [ -0.0977, 7.1849 ], [ -0.1018, 7.1923 ], [ -0.1071, 7.1951 ], [ -0.1275, 7.1935 ], [ -0.1495, 7.1995 ], [ -0.155, 7.1949 ], [ -0.1601, 7.1949 ] ] ] } },
{ "type": "Feature", "properties": { "iso3": "GHA", "unit_id": "30259293B1329900279353", "unit_name": "Kwahu Afram Plains South" }, "geometry": { "type": "Polygon", "coordinates": [ [ [ -0.7548, 6.8673 ], [ -0.7477, 6.8691 ], [ -0.7448, 6.8659 ], [ -0.7484, 6.8567 ], [ -0.7453, 6.8427 ], [ -0.7339, 6.8447 ], [ -0.7317, 6.8423 ], [ -0.7472, 6.8351 ], [ -0.7437, 6.8227 ], [ -0.7333, 6.8267 ], [ -0.7259, 6.8231 ], [ -0.7219, 6.8245 ], [ -0.718, 6.8207 ], [ -0.7033, 6.8207 ], [ -0.7134, 6.8025 ], [ -0.6961, 6.8099 ], [ -0.6816, 6.8217 ], [ -0.6702, 6.8233 ], [ -0.6668, 6.8209 ], [ -0.6895, 6.7957 ], [ -0.6866, 6.7933 ], [ -0.6971, 6.7865 ], [ -0.6962, 6.7789 ], [ -0.6725, 6.7943 ], [ -0.6711, 6.7875 ], [ -0.6603, 6.7955 ], [ -0.6414, 6.7947 ], [ -0.6433, 6.7889 ], [ -0.6526, 6.7861 ], [ -0.6592, 6.7765 ], [ -0.6514, 6.7627 ], [ -0.6532, 6.7551 ], [ -0.6447, 6.7565 ], [ -0.6444, 6.7521 ], [ -0.6559, 6.7377 ], [ -0.6446, 6.7331 ], [ -0.6136, 6.7599 ], [ -0.6055, 6.7577 ], [ -0.5589, 6.7633 ], [ -0.5172, 6.7313 ], [ -0.4658, 6.7203 ], [ -0.4094, 6.7011 ], [ -0.364, 6.6681 ], [ -0.2552, 6.6669 ], [ -0.2195, 6.6011 ], [ -0.1776, 6.5577 ], [ -0.1229, 6.5437 ], [ -0.0958, 6.5427 ], [ -0.0946, 6.6291 ], [ -0.0898, 6.6415 ], [ -0.0978, 6.6475 ], [ -0.0921, 6.6617 ], [ -0.0969, 6.6669 ], [ -0.0864, 6.6905 ], [ -0.0923, 6.6987 ], [ -0.1112, 6.6987 ], [ -0.1081, 6.7135 ], [ -0.1034, 6.7249 ], [ -0.0962, 6.7325 ], [ -0.0916, 6.7465 ], [ -0.0875, 6.7729 ], [ -0.0796, 6.7831 ], [ -0.0712, 6.7869 ], [ -0.0842, 6.7967 ], [ -0.1045, 6.8051 ], [ -0.1017, 6.8143 ], [ -0.1129, 6.8259 ], [ -0.1209, 6.8331 ], [ -0.1302, 6.8359 ], [ -0.137, 6.8477 ], [ -0.145, 6.8499 ], [ -0.1653, 6.8661 ], [ -0.1635, 6.9041 ], [ -0.1523, 6.9133 ], [ -0.1422, 6.9441 ], [ -0.1225, 6.9627 ], [ -0.1137, 6.9495 ], [ -0.1072, 6.9583 ], [ -0.1053, 6.9753 ], [ -0.1236, 6.9847 ], [ -0.1271, 6.9973 ], [ -0.1241, 6.9985 ], [ -0.1226, 7.0095 ], [ -0.1173, 7.0163 ], [ -0.1383, 7.0313 ], [ -0.1406, 7.0353 ], [ -0.1336, 7.0413 ], [ -0.1339, 7.0459 ], [ -0.1478, 7.0521 ], [ -0.1529, 7.0601 ], [ -0.151, 7.0731 ], [ -0.1567, 7.0949 ], [ -0.1482, 7.1057 ], [ -0.1498, 7.1151 ], [ -0.1635, 7.1309 ], [ -0.1688, 7.1427 ], [ -0.1693, 7.1571 ], [ -0.1641, 7.1669 ], [ -0.1654, 7.1873 ], [ -0.1601, 7.1949 ], [ -0.1635, 7.1997 ], [ -0.1801, 7.1991 ], [ -0.1816, 7.2031 ], [ -0.2155, 7.1997 ], [ -0.2169, 7.2095 ], [ -0.2215, 7.2117 ], [ -0.2365, 7.2023 ], [ -0.2393, 7.2033 ], [ -0.2504, 7.1925 ], [ -0.2566, 7.1947 ], [ -0.2592, 7.1909 ], [ -0.2713, 7.1931 ], [ -0.2797, 7.1911 ], [ -0.286, 7.1947 ], [ -0.2882, 7.1843 ], [ -0.305, 7.1785 ], [ -0.301, 7.1715 ], [ -0.3224, 7.1439 ], [ -0.3904, 7.1181 ], [ -0.4192, 7.1197 ], [ -0.4273, 7.1253 ], [ -0.4412, 7.1225 ], [ -0.4618, 7.1283 ], [ -0.4947, 7.1253 ], [ -0.542, 7.1391 ], [ -0.56, 7.1377 ], [ -0.5828, 7.1507 ], [ -0.5965, 7.1501 ], [ -0.6109, 7.1545 ], [ -0.6184, 7.1657 ], [ -0.6355, 7.1739 ], [ -0.5941, 7.0521 ], [ -0.5905, 7.0443 ], [ -0.5803, 7.0381 ], [ -0.5653, 7.0195 ], [ -0.5667, 6.9985 ], [ -0.5742, 6.9787 ], [ -0.5745, 6.9627 ], [ -0.5853, 6.9509 ], [ -0.6007, 6.9483 ], [ -0.637, 6.9531 ], [ -0.6574, 6.9473 ], [ -0.6582, 6.9407 ], [ -0.6536, 6.9313 ], [ -0.6934, 6.9395 ], [ -0.7228, 6.9525 ], [ -0.742, 6.9489 ], [ -0.7531, 6.9381 ], [ -0.7572, 6.9253 ], [ -0.7548, 6.8673 ] ] ] } },
{ "type": "Feature", "properties": { "iso3": "GHA", "unit_id": "30259293B38285467970378", "unit_name": "Kwahu East" }, "geometry": { "type": "Polygon", "coordinates": [ [ [ -0.9731, 6.6441 ], [ -0.9771, 6.6375 ], [ -0.9771, 6.6207 ], [ -0.9767, 6.6155 ], [ -0.971, 6.6123 ], [ -0.9451, 6.6271 ], [ -0.9434, 6.6393 ], [ -0.9229, 6.6391 ], [ -0.9184, 6.6221 ], [ -0.9106, 6.6099 ], [ -0.9149, 6.6013 ], [ -0.9126, 6.5989 ], [ -0.8602, 6.6035 ], [ -0.8231, 6.5929 ], [ -0.8249, 6.6119 ], [ -0.8212, 6.6133 ], [ -0.8207, 6.6173 ], [ -0.8047, 6.6229 ], [ -0.7896, 6.6157 ], [ -0.7768, 6.6179 ], [ -0.7608, 6.6327 ], [ -0.7566, 6.6197 ], [ -0.7406, 6.6125 ], [ -0.7291, 6.6227 ], [ -0.7096, 6.6583 ], [ -0.7035, 6.6633 ], [ -0.6948, 6.6897 ], [ -0.6853, 6.6993 ], [ -0.6765, 6.7215 ], [ -0.6703, 6.7285 ], [ -0.6703, 6.7377 ], [ -0.6559, 6.7377 ], [ -0.6444, 6.7521 ], [ -0.6447, 6.7565 ], [ -0.6532, 6.7551 ], [ -0.6514, 6.7627 ], [ -0.6592, 6.7765 ], [ -0.6526, 6.7861 ], [ -0.6433, 6.7889 ], [ -0.6414, 6.7947 ], [ -0.6603, 6.7955 ], [ -0.6711, 6.7875 ], [ -0.6725, 6.7943 ], [ -0.6962, 6.7789 ], [ -0.6971, 6.7865 ], [ -0.6866, 6.7933 ], [ -0.6895, 6.7957 ], [ -0.6668, 6.8209 ], [ -0.6702, 6.8233 ], [ -0.6816, 6.8217 ], [ -0.6961, 6.8099 ], [ -0.7134, 6.8025 ], [ -0.7033, 6.8207 ], [ -0.718, 6.8207 ], [ -0.7219, 6.8245 ], [ -0.7259, 6.8231 ], [ -0.7333, 6.8267 ], [ -0.7437, 6.8227 ], [ -0.7472, 6.8351 ], [ -0.7317, 6.8423 ], [ -0.7339, 6.8447 ], [ -0.7453, 6.8427 ], [ -0.7484, 6.8567 ], [ -0.7448, 6.8659 ], [ -0.7477, 6.8691 ], [ -0.7548, 6.8673 ], [ -0.7583, 6.8443 ], [ -0.7669, 6.8357 ], [ -0.7871, 6.7953 ], [ -0.7934, 6.7901 ], [ -0.8189, 6.7899 ], [ -0.8322, 6.7929 ], [ -0.8435, 6.7799 ], [ -0.8529, 6.7785 ], [ -0.8662, 6.7817 ], [ -0.8808, 6.7787 ], [ -0.9025, 6.7869 ], [ -0.9063, 6.7797 ], [ -0.9148, 6.7769 ], [ -0.9153, 6.7683 ], [ -0.9312, 6.7579 ], [ -0.9553, 6.7541 ], [ -0.9601, 6.7475 ], [ -0.9731, 6.7503 ], [ -0.9821, 6.7487 ], [ -0.9849, 6.7429 ], [ -0.9795, 6.7397 ], [ -0.9735, 6.7375 ], [ -0.9628, 6.7415 ], [ -0.9518, 6.7365 ], [ -0.947, 6.7249 ], [ -0.9506, 6.7079 ], [ -0.9605, 6.6917 ], [ -0.9738, 6.6807 ], [ -0.9769, 6.6581 ], [ -0.9731, 6.6441 ] ] ] } },
{ "type": "Feature", "properties": { "iso3": "GHA", "unit_id": "30259293B88224205498869", "unit_name": "Kwahu South" }, "geometry": { "type": "Polygon", "coordinates": [ [ [ -0.5442, 6.5123 ], [ -0.4676, 6.5199 ], [ -0.4622, 6.5253 ], [ -0.4602, 6.5293 ], [ -0.4625, 6.5367 ], [ -0.4756, 6.5467 ], [ -0.4802, 6.5567 ], [ -0.48, 6.5599 ], [ -0.4729, 6.5609 ], [ -0.485, 6.5659 ], [ -0.4833, 6.5721 ], [ -0.4967, 6.5863 ], [ -0.4929, 6.5939 ], [ -0.5005, 6.5959 ], [ -0.4967, 6.6051 ], [ -0.4883, 6.6049 ], [ -0.4733, 6.6181 ], [ -0.4701, 6.6169 ], [ -0.4688, 6.6201 ], [ -0.4583, 6.6233 ], [ -0.4569, 6.6295 ], [ -0.4466, 6.6375 ], [ -0.4243, 6.6413 ], [ -0.4152, 6.6261 ], [ -0.3922, 6.6171 ], [ -0.3894, 6.6127 ], [ -0.3737, 6.6125 ], [ -0.3516, 6.6033 ], [ -0.3336, 6.6001 ], [ -0.333, 6.6221 ], [ -0.3368, 6.6263 ], [ -0.3344, 6.6675 ], [ -0.364, 6.6681 ], [ -0.4094, 6.7011 ], [ -0.4658, 6.7203 ], [ -0.5172, 6.7313 ], [ -0.5589, 6.7633 ], [ -0.6055, 6.7577 ], [ -0.6136, 6.7599 ], [ -0.6446, 6.7331 ], [ -0.6559, 6.7377 ], [ -0.6703, 6.7377 ], [ -0.6703, 6.7285 ], [ -0.6765, 6.7215 ], [ -0.6853, 6.6993 ], [ -0.6948, 6.6897 ], [ -0.7035, 6.6633 ], [ -0.7096, 6.6583 ], [ -0.7291, 6.6227 ], [ -0.7406, 6.6125 ], [ -0.7566, 6.6197 ], [ -0.7608, 6.6327 ], [ -0.7768, 6.6179 ], [ -0.7896, 6.6157 ], [ -0.8047, 6.6229 ], [ -0.8207, 6.6173 ], [ -0.8212, 6.6133 ], [ -0.8137, 6.6067 ], [ -0.808, 6.5913 ], [ -0.8015, 6.5833 ], [ -0.7834, 6.5837 ], [ -0.7699, 6.5673 ], [ -0.7451, 6.5577 ], [ -0.7274, 6.5697 ], [ -0.6635, 6.5597 ], [ -0.6483, 6.5409 ], [ -0.642, 6.5173 ], [ -0.625, 6.5111 ], [ -0.5999, 6.5121 ], [ -0.5938, 6.5063 ], [ -0.5927, 6.5001 ], [ -0.5959, 6.4965 ], [ -0.5927, 6.4909 ], [ -0.5442, 6.5123 ] ] ] } },
{ "type": "Feature", "properties": { "iso3": "GHA", "unit_id": "30259293B30591480211784", "unit_name": "Kwahu West" }, "geometry": { "type": "Polygon", "coordinates": [ [ [ -0.965, 6.5399 ], [ -0.9588, 6.5285 ], [ -0.9536, 6.5257 ], [ -0.9386, 6.5301 ], [ -0.9267, 6.5201 ], [ -0.9166, 6.5169 ], [ -0.9132, 6.5105 ], [ -0.9134, 6.4911 ], [ -0.8974, 6.5013 ], [ -0.89, 6.5105 ], [ -0.8908, 6.5257 ], [ -0.885, 6.5291 ], [ -0.8406, 6.5349 ], [ -0.8355, 6.5267 ], [ -0.8413, 6.5211 ], [ -0.8366, 6.5155 ], [ -0.8366, 6.5081 ], [ -0.8319, 6.5063 ], [ -0.8194, 6.4877 ], [ -0.8236, 6.4717 ], [ -0.8293, 6.4653 ], [ -0.8032, 6.4617 ], [ -0.8001, 6.4711 ], [ -0.7829, 6.4757 ], [ -0.7749, 6.4647 ], [ -0.7476, 6.4485 ], [ -0.7329, 6.4285 ], [ -0.7381, 6.4109 ], [ -0.7245, 6.3917 ], [ -0.7207, 6.3707 ], [ -0.7159, 6.3701 ], [ -0.7165, 6.3809 ], [ -0.7105, 6.3877 ], [ -0.7061, 6.4047 ], [ -0.6962, 6.4159 ], [ -0.6912, 6.4299 ], [ -0.6877, 6.4429 ], [ -0.6891, 6.4559 ], [ -0.6591, 6.4717 ], [ -0.6537, 6.4793 ], [ -0.6367, 6.4851 ], [ -0.6296, 6.4965 ], [ -0.63, 6.5043 ], [ -0.6266, 6.5061 ], [ -0.6177, 6.5025 ], [ -0.613, 6.4871 ], [ -0.606, 6.4771 ], [ -0.6013, 6.4811 ], [ -0.6007, 6.4907 ], [ -0.5927, 6.5001 ], [ -0.5938, 6.5063 ], [ -0.5999, 6.5121 ], [ -0.625, 6.5111 ], [ -0.642, 6.5173 ], [ -0.6483, 6.5409 ], [ -0.6635, 6.5597 ], [ -0.7274, 6.5697 ], [ -0.7451, 6.5577 ], [ -0.7699, 6.5673 ], [ -0.7834, 6.5837 ], [ -0.8015, 6.5833 ], [ -0.808, 6.5913 ], [ -0.8137, 6.6067 ], [ -0.8212, 6.6133 ], [ -0.8249, 6.6119 ], [ -0.8231, 6.5929 ], [ -0.8602, 6.6035 ], [ -0.9126, 6.5989 ], [ -0.9174, 6.5903 ], [ -0.9314, 6.5835 ], [ -0.9344, 6.5747 ], [ -0.9442, 6.5647 ], [ -0.9505, 6.5641 ], [ -0.9555, 6.5595 ], [ -0.965, 6.5399 ] ] ] } },
{ "type": "Feature", "properties": { "iso3": "GHA", "unit_id": "30259293B98002338681369", "unit_name": "Lower Manya" }, "geometry": { "type": "Polygon", "coordinates": [ [ [ -0.0171, 6.3321 ], [ -0.0291, 6.3187 ], [ -0.0365, 6.3045 ], [ -0.0428, 6.2785 ], [ -0.0586, 6.2529 ], [ -0.0724, 6.2447 ], [ -0.0862, 6.2285 ], [ -0.0804, 6.2175 ], [ -0.0719, 6.2171 ], [ -0.0836, 6.2023 ], [ -0.0897, 6.1817 ], [ -0.0789, 6.1677 ], [ -0.0761, 6.1589 ], [ -0.0658, 6.1545 ], [ -0.0699, 6.1461 ], [ -0.0642, 6.1437 ], [ -0.0558, 6.1471 ], [ -0.0529, 6.1553 ], [ -0.0451, 6.1577 ], [ -0.0445, 6.1507 ], [ -0.0385, 6.1441 ], [ -0.0414, 6.1377 ], [ -0.0312, 6.1253 ], [ -0.0104, 6.1233 ], [ -0.0041, 6.1145 ], [ 0.0025, 6.1115 ], [ 0.0021, 6.1041 ], [ 0.0117, 6.1005 ], [ 0.0297, 6.0979 ], [ 0.0377, 6.1025 ], [ 0.0441, 6.0937 ], [ 0.0581, 6.0955 ], [ 0.0643, 6.0933 ], [ 0.0845, 6.0935 ], [ 0.0893, 6.1033 ], [ 0.0933, 6.1021 ], [ 0.0949, 6.0939 ], [ 0.1255, 6.0955 ], [ 0.1431, 6.1009 ], [ 0.1465, 6.1093 ], [ 0.1227, 6.1279 ], [ 0.1187, 6.1371 ], [ 0.1049, 6.1405 ], [ 0.0969, 6.1491 ], [ 0.0751, 6.1503 ], [ 0.0683, 6.1547 ], [ 0.0679, 6.1635 ], [ 0.0769, 6.1739 ], [ 0.0705, 6.1877 ], [ 0.0525, 6.1995 ], [ 0.0529, 6.2091 ], [ 0.0621, 6.2103 ], [ 0.0683, 6.2151 ], [ 0.0667, 6.2217 ], [ 0.0603, 6.2217 ], [ 0.0465, 6.2137 ], [ 0.0305, 6.2137 ], [ 0.0115, 6.1937 ], [ 0.0051, 6.1947 ], [ 0.0035, 6.2051 ], [ -0.0107, 6.2061 ], [ 0.0071, 6.2287 ], [ 0.0077, 6.2483 ], [ 0.0177, 6.2527 ], [ 0.0209, 6.2571 ], [ 0.0177, 6.2617 ], [ 0.0199, 6.2661 ], [ 0.0265, 6.2681 ], [ 0.0387, 6.2853 ], [ 0.0467, 6.2893 ], [ 0.0479, 6.2979 ], [ 0.0453, 6.2997 ], [ 0.0353, 6.2953 ], [ 0.0271, 6.2891 ], [ 0.0261, 6.2837 ], [ 0.0155, 6.2787 ], [ 0.0113, 6.2949 ], [ 0.0263, 6.3065 ], [ 0.0311, 6.3125 ], [ 0.0301, 6.3173 ], [ 0.0095, 6.3251 ], [ -0.0015, 6.3233 ], [ -0.0069, 6.3307 ], [ -0.0171, 6.3321 ] ] ] } },
{ "type": "Feature", "properties": { "iso3": "GHA", "unit_id": "30259293B50885418642025", "unit_name": "New Juaben North Municipal" }, "geometry": { "type": "Polygon", "coordinates": [ [ [ -0.3411, 6.1755 ], [ -0.3467, 6.1623 ], [ -0.3535, 6.1677 ], [ -0.3575, 6.1665 ], [ -0.3696, 6.1541 ], [ -0.3725, 6.1397 ], [ -0.3643, 6.1175 ], [ -0.3537, 6.1125 ], [ -0.3375, 6.1103 ], [ -0.3308, 6.1021 ], [ -0.3219, 6.0999 ], [ -0.3125, 6.0817 ], [ -0.3083, 6.0811 ], [ -0.3087, 6.0845 ], [ -0.2972, 6.0927 ], [ -0.2906, 6.0913 ], [ -0.2846, 6.0997 ], [ -0.2683, 6.1005 ], [ -0.2463, 6.1275 ], [ -0.2513, 6.1359 ], [ -0.2654, 6.1477 ], [ -0.2676, 6.1627 ], [ -0.2632, 6.1671 ], [ -0.2775, 6.1705 ], [ -0.2849, 6.1829 ], [ -0.312, 6.2095 ], [ -0.3227, 6.2001 ], [ -0.3178, 6.1803 ], [ -0.3214, 6.1789 ], [ -0.3208, 6.1757 ], [ -0.3302, 6.1727 ], [ -0.3411, 6.1755 ] ] ] } },
{ "type": "Feature", "properties": { "iso3": "GHA", "unit_id": "30259293B34042038076529", "unit_name": "New Juaben South Municipal" }, "geometry": { "type": "Polygon", "coordinates": [ [ [ -0.2517, 6.0443 ], [ -0.2346, 6.0735 ], [ -0.231, 6.0753 ], [ -0.2273, 6.0721 ], [ -0.2227, 6.0747 ], [ -0.2144, 6.0933 ], [ -0.2302, 6.1039 ], [ -0.2404, 6.1251 ], [ -0.2463, 6.1275 ], [ -0.2683, 6.1005 ], [ -0.2846, 6.0997 ], [ -0.2906, 6.0913 ], [ -0.2972, 6.0927 ], [ -0.3087, 6.0845 ], [ -0.2973, 6.0703 ], [ -0.2916, 6.0677 ], [ -0.2943, 6.0621 ], [ -0.2927, 6.0393 ], [ -0.2813, 6.0315 ], [ -0.2822, 6.0367 ], [ -0.2625, 6.0453 ], [ -0.2606, 6.0425 ], [ -0.2517, 6.0443 ] ] ] } },
{ "type": "Feature", "properties": { "iso3": "GHA", "unit_id": "30259293B65989316563789", "unit_name": "Nsawam Adoagyiri" }, "geometry": { "type": "Polygon", "coordinates": [ [ [ -0.3401, 5.8979 ], [ -0.3664, 5.8961 ], [ -0.3792, 5.8911 ], [ -0.37, 5.8731 ], [ -0.4048, 5.8457 ], [ -0.4245, 5.8143 ], [ -0.427, 5.8047 ], [ -0.4231, 5.7905 ], [ -0.4151, 5.7839 ], [ -0.416, 5.7769 ], [ -0.3921, 5.7583 ], [ -0.3878, 5.7703 ], [ -0.382, 5.7761 ], [ -0.3655, 5.7627 ], [ -0.352, 5.7673 ], [ -0.3407, 5.7781 ], [ -0.3317, 5.7783 ], [ -0.3272, 5.7731 ], [ -0.3043, 5.7931 ], [ -0.2746, 5.8081 ], [ -0.2696, 5.8063 ], [ -0.2689, 5.8231 ], [ -0.2736, 5.8355 ], [ -0.27, 5.8561 ], [ -0.2753, 5.8623 ], [ -0.2754, 5.8755 ], [ -0.29, 5.8793 ], [ -0.2956, 5.8845 ], [ -0.3165, 5.8761 ], [ -0.3281, 5.8747 ], [ -0.335, 5.8791 ], [ -0.3325, 5.8887 ], [ -0.3401, 5.8979 ] ] ] } },
{ "type": "Feature", "properties": { "iso3": "GHA", "unit_id": "30259293B60645309833076", "unit_name": "Okere" }, "geometry": { "type": "Polygon", "coordinates": [ [ [ -0.0136, 5.9967 ], [ -0.0096, 6.0091 ], [ -0.0153, 6.0149 ], [ -0.0264, 6.0415 ], [ -0.0292, 6.0531 ], [ -0.0244, 6.0659 ], [ -0.028, 6.0761 ], [ -0.0442, 6.0757 ], [ -0.05, 6.0793 ], [ -0.0604, 6.0957 ], [ -0.0725, 6.0979 ], [ -0.0747, 6.1067 ], [ -0.0601, 6.1335 ], [ -0.066, 6.1371 ], [ -0.0807, 6.1333 ], [ -0.0866, 6.1287 ], [ -0.0912, 6.1347 ], [ -0.1039, 6.1281 ], [ -0.1243, 6.1335 ], [ -0.1607, 6.1215 ], [ -0.193, 6.1263 ], [ -0.2004, 6.1245 ], [ -0.2227, 6.0747 ], [ -0.2273, 6.0721 ], [ -0.231, 6.0753 ], [ -0.2346, 6.0735 ], [ -0.2376, 6.0657 ], [ -0.2335, 6.0627 ], [ -0.2364, 6.0571 ], [ -0.2331, 6.0501 ], [ -0.2289, 6.0471 ], [ -0.2296, 6.0393 ], [ -0.2347, 6.0349 ], [ -0.2318, 6.0287 ], [ -0.2255, 6.0257 ], [ -0.2116, 6.0271 ], [ -0.2031, 6.0227 ], [ -0.1975, 6.0275 ], [ -0.1901, 6.0267 ], [ -0.1798, 6.0225 ], [ -0.1733, 6.0067 ], [ -0.1617, 5.9927 ], [ -0.1592, 5.9825 ], [ -0.1507, 5.9721 ], [ -0.153, 5.9583 ], [ -0.1487, 5.9633 ], [ -0.1431, 5.9599 ], [ -0.1275, 5.9585 ], [ -0.1161, 5.9611 ], [ -0.1187, 5.9441 ], [ -0.1154, 5.9425 ], [ -0.1052, 5.9499 ], [ -0.1057, 5.9687 ], [ -0.0971, 5.9721 ], [ -0.0942, 5.9795 ], [ -0.0824, 5.9871 ], [ -0.0631, 6.0071 ], [ -0.0376, 6.0065 ], [ -0.0304, 5.9951 ], [ -0.0136, 5.9967 ] ] ] } },
{ "type": "Feature", "properties": { "iso3": "GHA", "unit_id": "30259293B14683705906076", "unit_name": "Suhum Municipal" }, "geometry": { "type": "Polygon", "coordinates": [ [ [ -0.558, 6.0587 ], [ -0.5438, 6.0547 ], [ -0.5407, 6.0475 ], [ -0.5423, 6.0373 ], [ -0.5329, 6.0215 ], [ -0.5035, 6.0105 ], [ -0.5049, 6.0071 ], [ -0.4906, 5.9905 ], [ -0.4857, 5.9715 ], [ -0.474, 5.9647 ], [ -0.4636, 5.9653 ], [ -0.4612, 5.9691 ], [ -0.4475, 5.9729 ], [ -0.4446, 5.9971 ], [ -0.4378, 6.0167 ], [ -0.4336, 6.0187 ], [ -0.4251, 6.0117 ], [ -0.4211, 6.0185 ], [ -0.4121, 6.0193 ], [ -0.4104, 6.0301 ], [ -0.4016, 6.0317 ], [ -0.3938, 6.0297 ], [ -0.393, 6.0081 ], [ -0.3828, 5.9965 ], [ -0.3733, 6.0011 ], [ -0.3661, 5.9969 ], [ -0.3635, 5.9825 ], [ -0.3555, 5.9827 ], [ -0.3308, 5.9733 ], [ -0.3243, 5.9565 ], [ -0.3175, 5.9531 ], [ -0.2911, 5.9569 ], [ -0.2615, 6.0015 ], [ -0.2689, 6.0211 ], [ -0.2927, 6.0393 ], [ -0.2943, 6.0621 ], [ -0.2916, 6.0677 ], [ -0.3036, 6.0787 ], [ -0.3125, 6.0817 ], [ -0.3219, 6.0999 ], [ -0.3308, 6.1021 ], [ -0.3375, 6.1103 ], [ -0.3537, 6.1125 ], [ -0.3643, 6.1175 ], [ -0.3662, 6.1275 ], [ -0.3743, 6.1291 ], [ -0.3947, 6.1223 ], [ -0.416, 6.1321 ], [ -0.4332, 6.1215 ], [ -0.432, 6.1185 ], [ -0.442, 6.1013 ], [ -0.4475, 6.1019 ], [ -0.459, 6.0967 ], [ -0.4824, 6.1055 ], [ -0.4881, 6.0979 ], [ -0.5046, 6.0903 ], [ -0.5181, 6.0761 ], [ -0.5359, 6.0719 ], [ -0.558, 6.0587 ] ] ] } },
{ "type": "Feature", "properties": { "iso3": "GHA", "unit_id": "30259293B11409510633149", "unit_name": "Upper Manya" }, "geometry": { "type": "Polygon", "coordinates": [ [ [ 0.0025, 6.5363 ], [ -0.0186, 6.5393 ], [ -0.0611, 6.5335 ], [ -0.0747, 6.5391 ], [ -0.1547, 6.5499 ], [ -0.1776, 6.5577 ], [ -0.1876, 6.5363 ], [ -0.1984, 6.5309 ], [ -0.2079, 6.5141 ], [ -0.2057, 6.5063 ], [ -0.1944, 6.4971 ], [ -0.1973, 6.4849 ], [ -0.2036, 6.4795 ], [ -0.209, 6.4681 ], [ -0.2336, 6.4539 ], [ -0.2364, 6.4495 ], [ -0.2346, 6.4411 ], [ -0.2425, 6.4399 ], [ -0.2466, 6.4169 ], [ -0.2608, 6.4111 ], [ -0.2632, 6.4033 ], [ -0.2685, 6.3987 ], [ -0.2727, 6.3835 ], [ -0.2816, 6.3729 ], [ -0.2942, 6.3663 ], [ -0.3083, 6.3449 ], [ -0.3066, 6.3265 ], [ -0.2986, 6.3175 ], [ -0.2903, 6.3145 ], [ -0.2952, 6.2973 ], [ -0.2871, 6.2861 ], [ -0.2793, 6.2831 ], [ -0.2668, 6.2849 ], [ -0.256, 6.3029 ], [ -0.2511, 6.3061 ], [ -0.2469, 6.3047 ], [ -0.2542, 6.2913 ], [ -0.2468, 6.2839 ], [ -0.2289, 6.2749 ], [ -0.2342, 6.2617 ], [ -0.2205, 6.2613 ], [ -0.2182, 6.2587 ], [ -0.1828, 6.2809 ], [ -0.1814, 6.2675 ], [ -0.1906, 6.2529 ], [ -0.1881, 6.2455 ], [ -0.1805, 6.2385 ], [ -0.1877, 6.2301 ], [ -0.1878, 6.2139 ], [ -0.1841, 6.2109 ], [ -0.1723, 6.2191 ], [ -0.1654, 6.2171 ], [ -0.1467, 6.2273 ], [ -0.1357, 6.2255 ], [ -0.1291, 6.2401 ], [ -0.1135, 6.2529 ], [ -0.1029, 6.2219 ], [ -0.0862, 6.2285 ], [ -0.0724, 6.2447 ], [ -0.0586, 6.2529 ], [ -0.0428, 6.2785 ], [ -0.0365, 6.3045 ], [ -0.0291, 6.3187 ], [ -0.0171, 6.3321 ], [ -0.0042, 6.4021 ], [ -0.0039, 6.4507 ], [ 0.0025, 6.5363 ] ] ] } },
{ "type": "Feature", "properties": { "iso3": "GHA", "unit_id": "30259293B40302687763998", "unit_name": "Upper West Akim" }, "geometry": { "type": "Polygon", "coordinates": [ [ [ -0.6223, 5.7211 ], [ -0.581, 5.7369 ], [ -0.5721, 5.7353 ], [ -0.5667, 5.7393 ], [ -0.5245, 5.7341 ], [ -0.5187, 5.7377 ], [ -0.5089, 5.7367 ], [ -0.4934, 5.7473 ], [ -0.4909, 5.7535 ], [ -0.4443, 5.7779 ], [ -0.4481, 5.7891 ], [ -0.4417, 5.7975 ], [ -0.4383, 5.7997 ], [ -0.4284, 5.7931 ], [ -0.4244, 5.7941 ], [ -0.427, 5.8047 ], [ -0.4245, 5.8143 ], [ -0.4137, 5.8345 ], [ -0.4253, 5.8363 ], [ -0.4327, 5.8327 ], [ -0.4414, 5.8431 ], [ -0.4638, 5.8301 ], [ -0.4643, 5.8437 ], [ -0.4668, 5.8461 ], [ -0.4984, 5.8483 ], [ -0.5004, 5.8631 ], [ -0.5161, 5.8653 ], [ -0.5312, 5.8845 ], [ -0.5524, 5.8905 ], [ -0.5635, 5.8803 ], [ -0.5706, 5.8861 ], [ -0.5853, 5.8829 ], [ -0.5942, 5.8921 ], [ -0.6015, 5.8853 ], [ -0.6112, 5.8839 ], [ -0.6175, 5.8785 ], [ -0.6149, 5.8659 ], [ -0.6182, 5.8493 ], [ -0.6232, 5.8449 ], [ -0.6213, 5.8355 ], [ -0.6309, 5.8253 ], [ -0.6337, 5.8177 ], [ -0.6469, 5.8213 ], [ -0.6544, 5.8171 ], [ -0.6561, 5.8131 ], [ -0.6524, 5.7955 ], [ -0.6574, 5.7943 ], [ -0.6631, 5.7803 ], [ -0.6702, 5.7787 ], [ -0.6738, 5.7713 ], [ -0.6896, 5.7653 ], [ -0.693, 5.7645 ], [ -0.6993, 5.7697 ], [ -0.7083, 5.7653 ], [ -0.7067, 5.7577 ], [ -0.6968, 5.7511 ], [ -0.6952, 5.7461 ], [ -0.7007, 5.7445 ], [ -0.7024, 5.7335 ], [ -0.7003, 5.7317 ], [ -0.6863, 5.7391 ], [ -0.6482, 5.7361 ], [ -0.6299, 5.7219 ], [ -0.6223, 5.7211 ] ] ] } },
{ "type": "Feature", "properties": { "iso3": "GHA", "unit_id": "30259293B26634797180995", "unit_name": "West Akim" }, "geometry": { "type": "Polygon", "coordinates": [ [ [ -0.7083, 5.7653 ], [ -0.6993, 5.7697 ], [ -0.693, 5.7645 ], [ -0.6896, 5.7653 ], [ -0.6738, 5.7713 ], [ -0.6702, 5.7787 ], [ -0.6631, 5.7803 ], [ -0.6574, 5.7943 ], [ -0.6524, 5.7955 ], [ -0.6561, 5.8131 ], [ -0.6544, 5.8171 ], [ -0.6469, 5.8213 ], [ -0.6337, 5.8177 ], [ -0.6309, 5.8253 ], [ -0.6213, 5.8355 ], [ -0.6232, 5.8449 ], [ -0.6182, 5.8493 ], [ -0.6149, 5.8659 ], [ -0.6175, 5.8785 ], [ -0.6112, 5.8839 ], [ -0.6015, 5.8853 ], [ -0.5942, 5.8921 ], [ -0.5853, 5.8829 ], [ -0.5706, 5.8861 ], [ -0.5635, 5.8803 ], [ -0.5573, 5.8883 ], [ -0.5733, 5.9005 ], [ -0.5859, 5.8963 ], [ -0.5926, 5.9027 ], [ -0.5776, 5.9157 ], [ -0.5818, 5.9219 ], [ -0.579, 5.9249 ], [ -0.581, 5.9357 ], [ -0.5831, 5.9387 ], [ -0.5947, 5.9405 ], [ -0.5979, 5.9441 ], [ -0.5973, 5.9529 ], [ -0.6055, 5.9655 ], [ -0.6155, 5.9641 ], [ -0.6192, 5.9733 ], [ -0.6255, 5.9775 ], [ -0.6295, 5.9853 ], [ -0.6244, 6.0053 ], [ -0.6281, 6.0101 ], [ -0.636, 6.0149 ], [ -0.6493, 6.0159 ], [ -0.6511, 6.0281 ], [ -0.6587, 6.0257 ], [ -0.6584, 6.0361 ], [ -0.6715, 6.0313 ], [ -0.696, 6.0517 ], [ -0.7024, 6.0483 ], [ -0.7148, 6.0485 ], [ -0.7222, 6.0431 ], [ -0.7199, 6.0319 ], [ -0.7221, 6.0283 ], [ -0.7292, 6.0283 ], [ -0.7387, 6.0141 ], [ -0.7412, 6.0163 ], [ -0.7699, 6.0047 ], [ -0.7846, 6.0093 ], [ -0.79, 5.9997 ], [ -0.794, 5.9993 ], [ -0.7977, 5.9807 ], [ -0.8017, 5.9787 ], [ -0.8012, 5.9751 ], [ -0.7973, 5.9739 ], [ -0.7988, 5.9675 ], [ -0.8161, 5.9493 ], [ -0.793, 5.9179 ], [ -0.7776, 5.9085 ], [ -0.7672, 5.8939 ], [ -0.7629, 5.8861 ], [ -0.7627, 5.8721 ], [ -0.7575, 5.8619 ], [ -0.7617, 5.8547 ], [ -0.7573, 5.8427 ], [ -0.7587, 5.8385 ], [ -0.754, 5.8379 ], [ -0.7504, 5.8305 ], [ -0.7394, 5.8227 ], [ -0.7255, 5.8189 ], [ -0.7204, 5.7833 ], [ -0.7154, 5.7719 ], [ -0.7083, 5.7653 ] ] ] } },
{ "type": "Feature", "properties": { "iso3": "GHA", "unit_id": "30259293B89266678467361", "unit_name": "Yilo Krobo" }, "geometry": { "type": "Polygon", "coordinates": [ [ [ -0.312, 6.2095 ], [ -0.2849, 6.1829 ], [ -0.2775, 6.1705 ], [ -0.2632, 6.1671 ], [ -0.2676, 6.1627 ], [ -0.2654, 6.1477 ], [ -0.2513, 6.1359 ], [ -0.2463, 6.1275 ], [ -0.2404, 6.1251 ], [ -0.2302, 6.1039 ], [ -0.2144, 6.0933 ], [ -0.2004, 6.1245 ], [ -0.193, 6.1263 ], [ -0.1607, 6.1215 ], [ -0.1243, 6.1335 ], [ -0.1039, 6.1281 ], [ -0.0952, 6.1347 ], [ -0.0912, 6.1347 ], [ -0.0866, 6.1287 ], [ -0.0807, 6.1333 ], [ -0.066, 6.1371 ], [ -0.0601, 6.1335 ], [ -0.0747, 6.1067 ], [ -0.0725, 6.0979 ], [ -0.0604, 6.0957 ], [ -0.05, 6.0793 ], [ -0.0442, 6.0757 ], [ -0.028, 6.0761 ], [ -0.0244, 6.0659 ], [ -0.0292, 6.0531 ], [ -0.0264, 6.0415 ], [ -0.0153, 6.0149 ], [ -0.0096, 6.0091 ], [ -0.0006, 6.0079 ], [ 0.0061, 6.0131 ], [ 0.0181, 6.0397 ], [ 0.0191, 6.0619 ], [ 0.0393, 6.0487 ], [ 0.0627, 6.0597 ], [ 0.0899, 6.0631 ], [ 0.1023, 6.0763 ], [ 0.1187, 6.0839 ], [ 0.1405, 6.0997 ], [ 0.1255, 6.0955 ], [ 0.0949, 6.0939 ], [ 0.0933, 6.1021 ], [ 0.0893, 6.1033 ], [ 0.0845, 6.0935 ], [ 0.0581, 6.0955 ], [ 0.0485, 6.0933 ], [ 0.0441, 6.0937 ], [ 0.0377, 6.1025 ], [ 0.0297, 6.0979 ], [ 0.0021, 6.1041 ], [ 0.0025, 6.1115 ], [ -0.0041, 6.1145 ], [ -0.0104, 6.1233 ], [ -0.0312, 6.1253 ], [ -0.0369, 6.1313 ], [ -0.0414, 6.1377 ], [ -0.0385, 6.1441 ], [ -0.0445, 6.1507 ], [ -0.0451, 6.1577 ], [ -0.0529, 6.1553 ], [ -0.0558, 6.1471 ], [ -0.0642, 6.1437 ], [ -0.0699, 6.1461 ], [ -0.0658, 6.1545 ], [ -0.0761, 6.1589 ], [ -0.0789, 6.1677 ], [ -0.0897, 6.1817 ], [ -0.0836, 6.2023 ], [ -0.0719, 6.2171 ], [ -0.0804, 6.2175 ], [ -0.0862, 6.2285 ], [ -0.1029, 6.2219 ], [ -0.1135, 6.2529 ], [ -0.1291, 6.2401 ], [ -0.1357, 6.2255 ], [ -0.1467, 6.2273 ], [ -0.1654, 6.2171 ], [ -0.1723, 6.2191 ], [ -0.1841, 6.2109 ], [ -0.1878, 6.2139 ], [ -0.1877, 6.2301 ], [ -0.1805, 6.2385 ], [ -0.1881, 6.2455 ], [ -0.1906, 6.2529 ], [ -0.1814, 6.2675 ], [ -0.1828, 6.2809 ], [ -0.2182, 6.2587 ], [ -0.2205, 6.2613 ], [ -0.2342, 6.2617 ], [ -0.2289, 6.2749 ], [ -0.2468, 6.2839 ], [ -0.2542, 6.2913 ], [ -0.2534, 6.2967 ], [ -0.247, 6.3019 ], [ -0.2469, 6.3047 ], [ -0.2511, 6.3061 ], [ -0.256, 6.3029 ], [ -0.2668, 6.2849 ], [ -0.2827, 6.2839 ], [ -0.2871, 6.2861 ], [ -0.2915, 6.2949 ], [ -0.3009, 6.2977 ], [ -0.3053, 6.3037 ], [ -0.321, 6.2957 ], [ -0.3286, 6.2975 ], [ -0.3402, 6.2867 ], [ -0.361, 6.2855 ], [ -0.363, 6.2831 ], [ -0.3635, 6.2785 ], [ -0.3507, 6.2687 ], [ -0.3337, 6.2671 ], [ -0.3236, 6.2573 ], [ -0.3104, 6.2533 ], [ -0.312, 6.2095 ] ] ] } },
{ "type": "Feature", "properties": { "iso3": "GHA", "unit_id": "30259293B81230273876251", "unit_name": "Ablekuma Central Municipal" }, "geometry": { "type": "Polygon", "coordinates": [ [ [ -0.2227, 5.5429 ], [ -0.2227, 5.5497 ], [ -0.2147, 5.5587 ], [ -0.2406, 5.5753 ], [ -0.2562, 5.5575 ], [ -0.263, 5.5569 ], [ -0.2618, 5.5485 ], [ -0.2559, 5.5449 ], [ -0.2553, 5.5399 ], [ -0.2484, 5.5323 ], [ -0.2415, 5.5321 ], [ -0.242, 5.5353 ], [ -0.2335, 5.5367 ], [ -0.234, 5.5423 ], [ -0.2227, 5.5429 ] ] ] } },
{ "type": "Feature", "properties": { "iso3": "GHA", "unit_id": "30259293B1149059533087", "unit_name": "Ablekuma North Municipal" }, "geometry": { "type": "Polygon", "coordinates": [ [ [ -0.2147, 5.5587 ], [ -0.2111, 5.5875 ], [ -0.2158, 5.6033 ], [ -0.2301, 5.5953 ], [ -0.2452, 5.5955 ], [ -0.2476, 5.6033 ], [ -0.2562, 5.6003 ], [ -0.2595, 5.6077 ], [ -0.2647, 5.6085 ], [ -0.2817, 5.5867 ], [ -0.2806, 5.5733 ], [ -0.275, 5.5671 ], [ -0.278, 5.5631 ], [ -0.2769, 5.5525 ], [ -0.2562, 5.5575 ], [ -0.2406, 5.5753 ], [ -0.2147, 5.5587 ] ] ] } },
{ "type": "Feature", "properties": { "iso3": "GHA", "unit_id": "30259293B22086917798516", "unit_name": "Ablekuma West Municipal" }, "geometry": { "type": "Polygon", "coordinates": [ [ [ -0.263, 5.5569 ], [ -0.2769, 5.5525 ], [ -0.2716, 5.5415 ], [ -0.2779, 5.5249 ], [ -0.2743, 5.5245 ], [ -0.2713, 5.5193 ], [ -0.2206, 5.5305 ], [ -0.218, 5.5349 ], [ -0.2227, 5.5429 ], [ -0.2295, 5.5441 ], [ -0.234, 5.5423 ], [ -0.2335, 5.5367 ], [ -0.242, 5.5353 ], [ -0.2415, 5.5321 ], [ -0.2484, 5.5323 ], [ -0.2553, 5.5399 ], [ -0.2559, 5.5449 ], [ -0.2618, 5.5485 ], [ -0.263, 5.5569 ] ] ] } },
{ "type": "Feature", "properties": { "iso3": "GHA", "unit_id": "30259293B67358924055055", "unit_name": "Accra Metropolis" }, "geometry": { "type": "Polygon", "coordinates": [ [ [ -0.2227, 5.5429 ], [ -0.2185, 5.5395 ], [ -0.2206, 5.5305 ], [ -0.2089, 5.5335 ], [ -0.2056, 5.5403 ], [ -0.197, 5.5449 ], [ -0.204, 5.5583 ], [ -0.2147, 5.5587 ], [ -0.2227, 5.5497 ], [ -0.2227, 5.5429 ] ] ] } },
{ "type": "Feature", "properties": { "iso3": "GHA", "unit_id": "30259293B91819150631011", "unit_name": "Ada East" }, "geometry": { "type": "Polygon", "coordinates": [ [ [ 0.6875, 5.7771 ], [ 0.6787, 5.7941 ], [ 0.6517, 5.8069 ], [ 0.6541, 5.8277 ], [ 0.6433, 5.8405 ], [ 0.6227, 5.8343 ], [ 0.6203, 5.8361 ], [ 0.6195, 5.8529 ], [ 0.6301, 5.8675 ], [ 0.6155, 5.8647 ], [ 0.6127, 5.8699 ], [ 0.6141, 5.8753 ], [ 0.6071, 5.8773 ], [ 0.6017, 5.8887 ], [ 0.5757, 5.9017 ], [ 0.5813, 5.9109 ], [ 0.5873, 5.9143 ], [ 0.5827, 5.9267 ], [ 0.5605, 5.9399 ], [ 0.5517, 5.9215 ], [ 0.5423, 5.9489 ], [ 0.5247, 5.9549 ], [ 0.5253, 5.9779 ], [ 0.5133, 5.9833 ], [ 0.4985, 5.9807 ], [ 0.4985, 5.9671 ], [ 0.5067, 5.9653 ], [ 0.5071, 5.9609 ], [ 0.4973, 5.9585 ], [ 0.4997, 5.9389 ], [ 0.5027, 5.9359 ], [ 0.4945, 5.9163 ], [ 0.4973, 5.9127 ], [ 0.4945, 5.8939 ], [ 0.4977, 5.8885 ], [ 0.4865, 5.8771 ], [ 0.4817, 5.8625 ], [ 0.4849, 5.8581 ], [ 0.4841, 5.8505 ], [ 0.4801, 5.8493 ], [ 0.4897, 5.8431 ], [ 0.4897, 5.8387 ], [ 0.4837, 5.8345 ], [ 0.4729, 5.8329 ], [ 0.4643, 5.8199 ], [ 0.4655, 5.8087 ], [ 0.4571, 5.8053 ], [ 0.4589, 5.8015 ], [ 0.4561, 5.7999 ], [ 0.4623, 5.7963 ], [ 0.4585, 5.7897 ], [ 0.6613, 5.7691 ], [ 0.6779, 5.7693 ], [ 0.6797, 5.7717 ], [ 0.6765, 5.7761 ], [ 0.6855, 5.7749 ], [ 0.6875, 5.7771 ] ] ] } },
{ "type": "Feature", "properties": { "iso3": "GHA", "unit_id": "30259293B44816185032784", "unit_name": "Ada West" }, "geometry": { "type": "Polygon", "coordinates": [ [ [ 0.5133, 5.9833 ], [ 0.5077, 5.9885 ], [ 0.4923, 5.9939 ], [ 0.4919, 5.9807 ], [ 0.4859, 5.9769 ], [ 0.4857, 5.9899 ], [ 0.4675, 5.9983 ], [ 0.4525, 6.0013 ], [ 0.4415, 5.9955 ], [ 0.4409, 5.9831 ], [ 0.4357, 5.9763 ], [ 0.3953, 5.9611 ], [ 0.3653, 5.9601 ], [ 0.3539, 5.9553 ], [ 0.3445, 5.9555 ], [ 0.3383, 5.9295 ], [ 0.3499, 5.8857 ], [ 0.3459, 5.8721 ], [ 0.3465, 5.8563 ], [ 0.3529, 5.8443 ], [ 0.3521, 5.8391 ], [ 0.3581, 5.8317 ], [ 0.3479, 5.8269 ], [ 0.3465, 5.8113 ], [ 0.3507, 5.7849 ], [ 0.4585, 5.7897 ], [ 0.4611, 5.7923 ], [ 0.4623, 5.7963 ], [ 0.4561, 5.7999 ], [ 0.4589, 5.8015 ], [ 0.4571, 5.8053 ], [ 0.4655, 5.8087 ], [ 0.4643, 5.8199 ], [ 0.4729, 5.8329 ], [ 0.4837, 5.8345 ], [ 0.4897, 5.8387 ], [ 0.4897, 5.8431 ], [ 0.4801, 5.8493 ], [ 0.4847, 5.8535 ], [ 0.4817, 5.8625 ], [ 0.4865, 5.8771 ], [ 0.4977, 5.8885 ], [ 0.4945, 5.8939 ], [ 0.4973, 5.9127 ], [ 0.4945, 5.9163 ], [ 0.5027, 5.9359 ], [ 0.4997, 5.9389 ], [ 0.4973, 5.9585 ], [ 0.5071, 5.9609 ], [ 0.5067, 5.9653 ], [ 0.4985, 5.9671 ], [ 0.4975, 5.9775 ], [ 0.4985, 5.9807 ], [ 0.5133, 5.9833 ] ] ] } },
{ "type": "Feature", "properties": { "iso3": "GHA", "unit_id": "30259293B17088228585658", "unit_name": "Adenta Municipal" }, "geometry": { "type": "Polygon", "coordinates": [ [ [ -0.0652, 5.6657 ], [ -0.1151, 5.6949 ], [ -0.1242, 5.7111 ], [ -0.1284, 5.7273 ], [ -0.1228, 5.7415 ], [ -0.1239, 5.7507 ], [ -0.1183, 5.7855 ], [ -0.1281, 5.7945 ], [ -0.171, 5.7063 ], [ -0.1713, 5.6877 ], [ -0.1516, 5.6859 ], [ -0.1516, 5.6597 ], [ -0.1556, 5.6597 ], [ -0.1516, 5.6451 ], [ -0.1437, 5.6415 ], [ -0.1404, 5.6339 ], [ -0.0652, 5.6657 ] ] ] } },
{ "type": "Feature", "properties": { "iso3": "GHA", "unit_id": "30259293B24033492101845", "unit_name": "Ashaiman Municipal" }, "geometry": { "type": "Polygon", "coordinates": [ [ [ -0.0324, 5.6795 ], [ -0.0135, 5.6891 ], [ -0.0139, 5.7181 ], [ -0.0494, 5.7223 ], [ -0.0567, 5.7105 ], [ -0.0532, 5.7009 ], [ -0.0586, 5.7005 ], [ -0.0598, 5.6967 ], [ -0.0561, 5.6975 ], [ -0.0422, 5.6781 ], [ -0.0324, 5.6795 ] ] ] } },
{ "type": "Feature", "properties": { "iso3": "GHA", "unit_id": "30259293B11637608199658", "unit_name": "Ayawaso Central Municipal" }, "geometry": { "type": "Polygon", "coordinates": [ [ [ -0.2111, 5.5725 ], [ -0.1997, 5.5751 ], [ -0.1977, 5.5827 ], [ -0.1999, 5.5863 ], [ -0.2033, 5.5881 ], [ -0.2114, 5.5769 ], [ -0.2111, 5.5725 ] ] ] } },
{ "type": "Feature", "properties": { "iso3": "GHA", "unit_id": "30259293B96962309202280", "unit_name": "Ayawaso East Municipal" }, "geometry": { "type": "Polygon", "coordinates": [ [ [ -0.1997, 5.5751 ], [ -0.1903, 5.5721 ], [ -0.1797, 5.5981 ], [ -0.1927, 5.6073 ], [ -0.2014, 5.5995 ], [ -0.2033, 5.5881 ], [ -0.1977, 5.5827 ], [ -0.1997, 5.5751 ] ] ] } },
{ "type": "Feature", "properties": { "iso3": "GHA", "unit_id": "30259293B1179901406168", "unit_name": "Ayawaso North Municipal" }, "geometry": { "type": "Polygon", "coordinates": [ [ [ -0.2114, 5.5769 ], [ -0.2033, 5.5881 ], [ -0.2014, 5.5995 ], [ -0.1927, 5.6073 ], [ -0.2003, 5.6123 ], [ -0.2143, 5.6113 ], [ -0.2145, 5.6071 ], [ -0.2175, 5.6063 ], [ -0.2111, 5.5875 ], [ -0.2114, 5.5769 ] ] ] } },
{ "type": "Feature", "properties": { "iso3": "GHA", "unit_id": "30259293B5959895713819", "unit_name": "Ayawaso West" }, "geometry": { "type": "Polygon", "coordinates": [ [ [ -0.1556, 5.6597 ], [ -0.1785, 5.6607 ], [ -0.1776, 5.6657 ], [ -0.1933, 5.6673 ], [ -0.1978, 5.6591 ], [ -0.1886, 5.6265 ], [ -0.1995, 5.6205 ], [ -0.222, 5.6155 ], [ -0.2213, 5.6107 ], [ -0.2175, 5.6063 ], [ -0.2145, 5.6071 ], [ -0.2143, 5.6113 ], [ -0.2003, 5.6123 ], [ -0.1797, 5.5981 ], [ -0.1764, 5.6231 ], [ -0.1583, 5.6277 ], [ -0.1544, 5.6159 ], [ -0.1332, 5.6055 ], [ -0.1404, 5.6339 ], [ -0.1437, 5.6415 ], [ -0.1516, 5.6451 ], [ -0.1556, 5.6597 ] ] ] } },
{ "type": "Feature", "properties": { "iso3": "GHA", "unit_id": "30259293B11802422256566", "unit_name": "Ga Central Municipal" }, "geometry": { "type": "Polygon", "coordinates": [ [ [ -0.2647, 5.6085 ], [ -0.2655, 5.6149 ], [ -0.2622, 5.6167 ], [ -0.2689, 5.6391 ], [ -0.2777, 5.6395 ], [ -0.2847, 5.6333 ], [ -0.297, 5.6389 ], [ -0.3072, 5.6513 ], [ -0.3162, 5.6541 ], [ -0.3199, 5.6537 ], [ -0.3229, 5.6433 ], [ -0.3425, 5.6319 ], [ -0.3501, 5.6147 ], [ -0.3595, 5.6067 ], [ -0.3628, 5.5975 ], [ -0.3552, 5.5923 ], [ -0.3564, 5.5881 ], [ -0.3506, 5.5839 ], [ -0.3446, 5.5881 ], [ -0.3477, 5.5891 ], [ -0.343, 5.6011 ], [ -0.3393, 5.5995 ], [ -0.3365, 5.6027 ], [ -0.3272, 5.5997 ], [ -0.3114, 5.6027 ], [ -0.3037, 5.5977 ], [ -0.2998, 5.5867 ], [ -0.2856, 5.5857 ], [ -0.2845, 5.5791 ], [ -0.2816, 5.5781 ], [ -0.2817, 5.5867 ], [ -0.2647, 5.6085 ] ] ] } },
{ "type": "Feature", "properties": { "iso3": "GHA", "unit_id": "30259293B55161646668558", "unit_name": "Ga East" }, "geometry": { "type": "Polygon", "coordinates": [ [ [ -0.2297, 5.7533 ], [ -0.2411, 5.7341 ], [ -0.2482, 5.6971 ], [ -0.2575, 5.7075 ], [ -0.2617, 5.6845 ], [ -0.2599, 5.6739 ], [ -0.2715, 5.6657 ], [ -0.2477, 5.6457 ], [ -0.2298, 5.6217 ], [ -0.223, 5.6385 ], [ -0.2138, 5.6455 ], [ -0.2052, 5.6459 ], [ -0.2055, 5.6617 ], [ -0.2024, 5.6603 ], [ -0.1933, 5.6673 ], [ -0.1879, 5.6671 ], [ -0.1945, 5.6869 ], [ -0.1894, 5.6873 ], [ -0.1899, 5.6963 ], [ -0.1997, 5.7179 ], [ -0.1979, 5.7327 ], [ -0.1917, 5.7389 ], [ -0.1932, 5.7509 ], [ -0.1832, 5.7587 ], [ -0.1776, 5.7881 ], [ -0.182, 5.7931 ], [ -0.1942, 5.7843 ], [ -0.2019, 5.7825 ], [ -0.2038, 5.7599 ], [ -0.2135, 5.7505 ], [ -0.218, 5.7509 ], [ -0.224, 5.7409 ], [ -0.2297, 5.7533 ] ] ] } },
{ "type": "Feature", "properties": { "iso3": "GHA", "unit_id": "30259293B14400780465185", "unit_name": "Ga North Municipal" }, "geometry": { "type": "Polygon", "coordinates": [ [ [ -0.2665, 5.8071 ], [ -0.2746, 5.8081 ], [ -0.3043, 5.7931 ], [ -0.3272, 5.7731 ], [ -0.3317, 5.7783 ], [ -0.3407, 5.7781 ], [ -0.3477, 5.7739 ], [ -0.3405, 5.7689 ], [ -0.3228, 5.7243 ], [ -0.3166, 5.7121 ], [ -0.3059, 5.7011 ], [ -0.2928, 5.6695 ], [ -0.2719, 5.6487 ], [ -0.2641, 5.6455 ], [ -0.2521, 5.6193 ], [ -0.2479, 5.6161 ], [ -0.2352, 5.6269 ], [ -0.2477, 5.6457 ], [ -0.2715, 5.6657 ], [ -0.2599, 5.6739 ], [ -0.2617, 5.6845 ], [ -0.2575, 5.7075 ], [ -0.2482, 5.6971 ], [ -0.2411, 5.7341 ], [ -0.2297, 5.7533 ], [ -0.243, 5.7591 ], [ -0.2354, 5.7727 ], [ -0.2348, 5.7827 ], [ -0.2447, 5.7853 ], [ -0.2564, 5.7779 ], [ -0.2642, 5.8027 ], [ -0.2665, 5.8071 ] ] ] } },
{ "type": "Feature", "properties": { "iso3": "GHA", "unit_id": "30259293B6467314543975", "unit_name": "Ga South Municipal" }, "geometry": { "type": "Polygon", "coordinates": [ [ [ -0.4276, 5.6051 ], [ -0.3975, 5.6127 ], [ -0.3897, 5.6071 ], [ -0.3595, 5.6067 ], [ -0.3548, 5.6211 ], [ -0.3594, 5.6373 ], [ -0.3535, 5.6449 ], [ -0.3484, 5.6615 ], [ -0.3581, 5.6695 ], [ -0.3626, 5.6675 ], [ -0.3671, 5.6699 ], [ -0.3709, 5.6821 ], [ -0.3902, 5.6843 ], [ -0.4019, 5.6891 ], [ -0.4068, 5.7065 ], [ -0.4275, 5.7275 ], [ -0.4347, 5.7399 ], [ -0.4667, 5.7421 ], [ -0.4829, 5.7497 ], [ -0.4934, 5.7473 ], [ -0.5113, 5.7343 ], [ -0.5088, 5.7149 ], [ -0.5202, 5.7043 ], [ -0.5172, 5.6873 ], [ -0.5092, 5.6831 ], [ -0.4958, 5.6601 ], [ -0.497, 5.6475 ], [ -0.4946, 5.6447 ], [ -0.4797, 5.6465 ], [ -0.4475, 5.6313 ], [ -0.4281, 5.6177 ], [ -0.4276, 5.6051 ] ] ] } },
{ "type": "Feature", "properties": { "iso3": "GHA", "unit_id": "30259293B26333068629462", "unit_name": "Ga West Municipal" }, "geometry": { "type": "Polygon", "coordinates": [ [ [ -0.4244, 5.7941 ], [ -0.4284, 5.7931 ], [ -0.4383, 5.7997 ], [ -0.4417, 5.7975 ], [ -0.4481, 5.7891 ], [ -0.4443, 5.7779 ], [ -0.4909, 5.7535 ], [ -0.4934, 5.7473 ], [ -0.4829, 5.7497 ], [ -0.4667, 5.7421 ], [ -0.4347, 5.7399 ], [ -0.4275, 5.7275 ], [ -0.4068, 5.7065 ], [ -0.4019, 5.6891 ], [ -0.3902, 5.6843 ], [ -0.3709, 5.6821 ], [ -0.3671, 5.6699 ], [ -0.3626, 5.6675 ], [ -0.3581, 5.6695 ], [ -0.3509, 5.6651 ], [ -0.3484, 5.6615 ], [ -0.3498, 5.6549 ], [ -0.3594, 5.6373 ], [ -0.3548, 5.6211 ], [ -0.3571, 5.6097 ], [ -0.3501, 5.6147 ], [ -0.3425, 5.6319 ], [ -0.3229, 5.6433 ], [ -0.3199, 5.6537 ], [ -0.3162, 5.6541 ], [ -0.3072, 5.6513 ], [ -0.297, 5.6389 ], [ -0.2847, 5.6333 ], [ -0.2777, 5.6395 ], [ -0.2689, 5.6391 ], [ -0.2622, 5.6167 ], [ -0.2655, 5.6149 ], [ -0.2647, 5.6085 ], [ -0.2479, 5.6161 ], [ -0.2521, 5.6193 ], [ -0.2641, 5.6455 ], [ -0.2719, 5.6487 ], [ -0.2928, 5.6695 ], [ -0.3059, 5.7011 ], [ -0.3166, 5.7121 ], [ -0.3228, 5.7243 ], [ -0.3405, 5.7689 ], [ -0.3477, 5.7739 ], [ -0.352, 5.7673 ], [ -0.3655, 5.7627 ], [ -0.382, 5.7761 ], [ -0.3878, 5.7703 ], [ -0.3921, 5.7583 ], [ -0.4134, 5.7725 ], [ -0.4168, 5.7873 ], [ -0.4244, 5.7941 ] ] ] } },
{ "type": "Feature", "properties": { "iso3": "GHA", "unit_id": "30259293B23645969144435", "unit_name": "Korle Klottey Municipal" }, "geometry": { "type": "Polygon", "coordinates": [ [ [ -0.2147, 5.5587 ], [ -0.204, 5.5583 ], [ -0.197, 5.5449 ], [ -0.1751, 5.5497 ], [ -0.1775, 5.5639 ], [ -0.1951, 5.5757 ], [ -0.2147, 5.5713 ], [ -0.2147, 5.5587 ] ] ] } },
{ "type": "Feature", "properties": { "iso3": "GHA", "unit_id": "30259293B37197827111086", "unit_name": "Kpone Katamanso" }, "geometry": { "type": "Polygon", "coordinates": [ [ [ -0.1439, 5.8549 ], [ -0.154, 5.8497 ], [ -0.164, 5.8387 ], [ -0.1529, 5.8399 ], [ -0.151, 5.8377 ], [ -0.1546, 5.8145 ], [ -0.1494, 5.8099 ], [ -0.1426, 5.8129 ], [ -0.1397, 5.8103 ], [ -0.1319, 5.8179 ], [ -0.1309, 5.8231 ], [ -0.1249, 5.8197 ], [ -0.1236, 5.8127 ], [ -0.1281, 5.7945 ], [ -0.1183, 5.7855 ], [ -0.1187, 5.7709 ], [ -0.1239, 5.7507 ], [ -0.1228, 5.7415 ], [ -0.1284, 5.7273 ], [ -0.1242, 5.7111 ], [ -0.1151, 5.6949 ], [ -0.077, 5.6745 ], [ -0.0789, 5.6897 ], [ -0.0532, 5.7009 ], [ -0.0567, 5.7105 ], [ -0.0494, 5.7223 ], [ -0.0139, 5.7181 ], [ -0.013, 5.6923 ], [ -0.0165, 5.6855 ], [ -0.0087, 5.6865 ], [ 0.0039, 5.6643 ], [ 0.0227, 5.6721 ], [ 0.0293, 5.6661 ], [ 0.0319, 5.6559 ], [ 0.0433, 5.6633 ], [ 0.0459, 5.6755 ], [ 0.0613, 5.6857 ], [ 0.0679, 5.6949 ], [ 0.0689, 5.7057 ], [ 0.0731, 5.7119 ], [ 0.0673, 5.7191 ], [ 0.0405, 5.7319 ], [ 0.0213, 5.7341 ], [ -0.0012, 5.7413 ], [ -0.0484, 5.7893 ], [ -0.0583, 5.7959 ], [ -0.0713, 5.8213 ], [ -0.0698, 5.8337 ], [ -0.066, 5.8343 ], [ -0.0611, 5.8457 ], [ -0.0701, 5.8445 ], [ -0.0761, 5.8475 ], [ -0.0826, 5.8581 ], [ -0.0908, 5.8645 ], [ -0.1179, 5.8753 ], [ -0.1218, 5.8799 ], [ -0.1265, 5.8749 ], [ -0.1306, 5.8527 ], [ -0.1377, 5.8513 ], [ -0.1439, 5.8549 ] ] ] } },
{ "type": "Feature", "properties": { "iso3": "GHA", "unit_id": "30259293B16141192696150", "unit_name": "Krowor Municipal" }, "geometry": { "type": "MultiPolygon", "coordinates": [ [ [ [ -0.0972, 5.5803 ], [ -0.0934, 5.5849 ], [ -0.098, 5.5837 ], [ -0.0972, 5.5803 ] ] ], [ [ [ -0.1278, 5.6409 ], [ -0.1168, 5.6393 ], [ -0.1073, 5.6277 ], [ -0.1062, 5.6215 ], [ -0.1001, 5.6159 ], [ -0.0996, 5.6083 ], [ -0.0912, 5.5967 ], [ -0.0934, 5.5849 ], [ -0.0779, 5.5885 ], [ -0.0545, 5.6081 ], [ -0.0569, 5.6109 ], [ -0.0642, 5.6107 ], [ -0.065, 5.6149 ], [ -0.0731, 5.6145 ], [ -0.072, 5.6225 ], [ -0.075, 5.6249 ], [ -0.0904, 5.6291 ], [ -0.1172, 5.6453 ], [ -0.1278, 5.6409 ] ] ] ] } },
{ "type": "Feature", "properties": { "iso3": "GHA", "unit_id": "30259293B63718048394261", "unit_name": "La Dade-Kotopon" }, "geometry": { "type": "Polygon", "coordinates": [ [ [ -0.1903, 5.5721 ], [ -0.1775, 5.5639 ], [ -0.1751, 5.5497 ], [ -0.1326, 5.5637 ], [ -0.1312, 5.5733 ], [ -0.1358, 5.5779 ], [ -0.1317, 5.5915 ], [ -0.1332, 5.6055 ], [ -0.1544, 5.6159 ], [ -0.1583, 5.6277 ], [ -0.1764, 5.6231 ], [ -0.1816, 5.5897 ], [ -0.1903, 5.5721 ] ] ] } },
{ "type": "Feature", "properties": { "iso3": "GHA", "unit_id": "30259293B19768982191668", "unit_name": "La-Nkwantanang-Madina" }, "geometry": { "type": "Polygon", "coordinates": [ [ [ -0.182, 5.7931 ], [ -0.1772, 5.7829 ], [ -0.1812, 5.7785 ], [ -0.1832, 5.7587 ], [ -0.1932, 5.7509 ], [ -0.1917, 5.7389 ], [ -0.1979, 5.7327 ], [ -0.1997, 5.7179 ], [ -0.1899, 5.6963 ], [ -0.1894, 5.6873 ], [ -0.1945, 5.6869 ], [ -0.1879, 5.6671 ], [ -0.1776, 5.6657 ], [ -0.1785, 5.6607 ], [ -0.1516, 5.6597 ], [ -0.1516, 5.6859 ], [ -0.1713, 5.6877 ], [ -0.171, 5.7063 ], [ -0.1281, 5.7945 ], [ -0.1236, 5.8127 ], [ -0.1249, 5.8197 ], [ -0.1309, 5.8231 ], [ -0.1319, 5.8179 ], [ -0.1397, 5.8103 ], [ -0.1426, 5.8129 ], [ -0.1494, 5.8099 ], [ -0.1546, 5.8145 ], [ -0.1719, 5.8131 ], [ -0.1723, 5.8055 ], [ -0.182, 5.7931 ] ] ] } },
{ "type": "Feature", "properties": { "iso3": "GHA", "unit_id": "30259293B73436044351435", "unit_name": "Ledzokuku Municipal" }, "geometry": { "type": "Polygon", "coordinates": [ [ [ -0.1404, 5.6339 ], [ -0.1319, 5.6021 ], [ -0.1358, 5.5779 ], [ -0.1312, 5.5733 ], [ -0.1326, 5.5637 ], [ -0.1072, 5.5727 ], [ -0.0972, 5.5803 ], [ -0.098, 5.5837 ], [ -0.0934, 5.5849 ], [ -0.0941, 5.5889 ], [ -0.0905, 5.5907 ], [ -0.0912, 5.5967 ], [ -0.0996, 5.6083 ], [ -0.1001, 5.6159 ], [ -0.1168, 5.6393 ], [ -0.1278, 5.6409 ], [ -0.1404, 5.6339 ] ] ] } },
{ "type": "Feature", "properties": { "iso3": "GHA", "unit_id": "30259293B18775357386344", "unit_name": "Ningo/Prampram" }, "geometry": { "type": "Polygon", "coordinates": [ [ [ 0.3409, 5.9357 ], [ 0.2385, 5.9291 ], [ 0.2215, 5.9139 ], [ 0.2033, 5.8833 ], [ 0.1741, 5.8567 ], [ 0.1341, 5.8387 ], [ 0.1207, 5.8369 ], [ 0.1185, 5.8333 ], [ 0.0961, 5.8507 ], [ 0.0865, 5.8393 ], [ 0.0767, 5.8351 ], [ 0.0725, 5.8281 ], [ 0.0433, 5.8223 ], [ 0.0079, 5.8213 ], [ -0.0172, 5.8289 ], [ -0.0194, 5.8361 ], [ -0.0301, 5.8347 ], [ -0.0443, 5.8377 ], [ -0.0611, 5.8457 ], [ -0.066, 5.8343 ], [ -0.0698, 5.8337 ], [ -0.0713, 5.8213 ], [ -0.0583, 5.7959 ], [ -0.0484, 5.7893 ], [ -0.0012, 5.7413 ], [ 0.0213, 5.7341 ], [ 0.0405, 5.7319 ], [ 0.0673, 5.7191 ], [ 0.0731, 5.7119 ], [ 0.0689, 5.7057 ], [ 0.0679, 5.6949 ], [ 0.1225, 5.7063 ], [ 0.1287, 5.7093 ], [ 0.1405, 5.7233 ], [ 0.1855, 5.7435 ], [ 0.2187, 5.7465 ], [ 0.2369, 5.7547 ], [ 0.2521, 5.7659 ], [ 0.2753, 5.7727 ], [ 0.3507, 5.7849 ], [ 0.3465, 5.8113 ], [ 0.3479, 5.8269 ], [ 0.3581, 5.8317 ], [ 0.3521, 5.8391 ], [ 0.3529, 5.8443 ], [ 0.3465, 5.8563 ], [ 0.3459, 5.8721 ], [ 0.3499, 5.8857 ], [ 0.3401, 5.9179 ], [ 0.3383, 5.9295 ], [ 0.3409, 5.9357 ] ] ] } },
{ "type": "Feature", "properties": { "iso3": "GHA", "unit_id": "30259293B38021466972413", "unit_name": "Okaikwei North Municipal" }, "geometry": { "type": "Polygon", "coordinates": [ [ [ -0.2158, 5.6033 ], [ -0.222, 5.6155 ], [ -0.1995, 5.6205 ], [ -0.1886, 5.6265 ], [ -0.1958, 5.6457 ], [ -0.1968, 5.6645 ], [ -0.2024, 5.6603 ], [ -0.2055, 5.6617 ], [ -0.2052, 5.6459 ], [ -0.2138, 5.6455 ], [ -0.223, 5.6385 ], [ -0.2298, 5.6217 ], [ -0.2352, 5.6269 ], [ -0.2479, 5.6161 ], [ -0.2647, 5.6085 ], [ -0.2595, 5.6077 ], [ -0.2562, 5.6003 ], [ -0.2476, 5.6033 ], [ -0.2452, 5.5955 ], [ -0.2301, 5.5953 ], [ -0.2158, 5.6033 ] ] ] } },
{ "type": "Feature", "properties": { "iso3": "GHA", "unit_id": "30259293B25671934585862", "unit_name": "Shai Osudoku" }, "geometry": { "type": "Polygon", "coordinates": [ [ [ -0.1218, 5.8799 ], [ -0.1179, 5.8753 ], [ -0.0908, 5.8645 ], [ -0.0826, 5.8581 ], [ -0.0761, 5.8475 ], [ -0.0701, 5.8445 ], [ -0.0611, 5.8457 ], [ -0.0301, 5.8347 ], [ -0.0194, 5.8361 ], [ -0.0172, 5.8289 ], [ 0.0029, 5.8221 ], [ 0.0433, 5.8223 ], [ 0.0725, 5.8281 ], [ 0.0767, 5.8351 ], [ 0.0865, 5.8393 ], [ 0.0961, 5.8507 ], [ 0.1185, 5.8333 ], [ 0.1207, 5.8369 ], [ 0.1341, 5.8387 ], [ 0.1741, 5.8567 ], [ 0.2033, 5.8833 ], [ 0.2215, 5.9139 ], [ 0.2385, 5.9291 ], [ 0.3409, 5.9357 ], [ 0.3531, 5.9859 ], [ 0.3315, 5.9949 ], [ 0.3309, 6.0035 ], [ 0.3405, 6.0193 ], [ 0.3477, 6.0223 ], [ 0.3321, 6.0349 ], [ 0.3375, 6.0473 ], [ 0.3211, 6.0531 ], [ 0.2971, 6.0565 ], [ 0.2901, 6.0631 ], [ 0.2849, 6.0807 ], [ 0.2479, 6.1057 ], [ 0.2347, 6.1097 ], [ 0.1903, 6.0969 ], [ 0.1465, 6.1093 ], [ 0.1431, 6.1009 ], [ 0.1023, 6.0763 ], [ 0.0899, 6.0631 ], [ 0.0627, 6.0597 ], [ 0.0393, 6.0487 ], [ 0.0191, 6.0619 ], [ 0.0181, 6.0397 ], [ 0.0061, 6.0131 ], [ -0.0006, 6.0079 ], [ -0.0096, 6.0091 ], [ -0.0136, 6.0013 ], [ -0.0136, 5.9967 ], [ -0.0081, 5.9935 ], [ -0.0046, 5.9857 ], [ -0.0063, 5.9713 ], [ -0.0409, 5.9441 ], [ -0.0609, 5.9331 ], [ -0.0835, 5.9073 ], [ -0.0955, 5.9013 ], [ -0.1218, 5.8799 ] ] ] } },
{ "type": "Feature", "properties": { "iso3": "GHA", "unit_id": "30259293B65812446921385", "unit_name": "Tema Metropolitan" }, "geometry": { "type": "Polygon", "coordinates": [ [ [ -0.0324, 5.6795 ], [ -0.0327, 5.6537 ], [ -0.0451, 5.6387 ], [ -0.0464, 5.6105 ], [ -0.0255, 5.6141 ], [ 0.0053, 5.6255 ], [ 0.0173, 5.6423 ], [ 0.0271, 5.6459 ], [ 0.0319, 5.6559 ], [ 0.0293, 5.6661 ], [ 0.0227, 5.6721 ], [ 0.0039, 5.6643 ], [ -0.0087, 5.6865 ], [ -0.0324, 5.6795 ] ] ] } },
{ "type": "Feature", "properties": { "iso3": "GHA", "unit_id": "30259293B56539688698379", "unit_name": "Tema West Municipal" }, "geometry": { "type": "Polygon", "coordinates": [ [ [ -0.1172, 5.6453 ], [ -0.0904, 5.6291 ], [ -0.075, 5.6249 ], [ -0.072, 5.6225 ], [ -0.0731, 5.6145 ], [ -0.065, 5.6149 ], [ -0.0642, 5.6107 ], [ -0.0569, 5.6109 ], [ -0.0545, 5.6081 ], [ -0.0464, 5.6105 ], [ -0.0451, 5.6387 ], [ -0.0327, 5.6537 ], [ -0.0324, 5.6795 ], [ -0.0422, 5.6781 ], [ -0.0561, 5.6975 ], [ -0.0736, 5.6937 ], [ -0.0789, 5.6897 ], [ -0.077, 5.6745 ], [ -0.0652, 5.6657 ], [ -0.1172, 5.6453 ] ] ] } },
{ "type": "Feature", "properties": { "iso3": "GHA", "unit_id": "30259293B24494116467229", "unit_name": "Weija Gbawe Municipal" }, "geometry": { "type": "Polygon", "coordinates": [ [ [ -0.4146, 5.5325 ], [ -0.4041, 5.5079 ], [ -0.4011, 5.4863 ], [ -0.4056, 5.4795 ], [ -0.4059, 5.4697 ], [ -0.3584, 5.4977 ], [ -0.2713, 5.5193 ], [ -0.2743, 5.5245 ], [ -0.2779, 5.5249 ], [ -0.2716, 5.5415 ], [ -0.2769, 5.5525 ], [ -0.278, 5.5631 ], [ -0.275, 5.5671 ], [ -0.2845, 5.5791 ], [ -0.2856, 5.5857 ], [ -0.2998, 5.5867 ], [ -0.3037, 5.5977 ], [ -0.3114, 5.6027 ], [ -0.3272, 5.5997 ], [ -0.3365, 5.6027 ], [ -0.3393, 5.5995 ], [ -0.343, 5.6011 ], [ -0.3477, 5.5891 ], [ -0.3446, 5.5881 ], [ -0.3506, 5.5839 ], [ -0.3564, 5.5881 ], [ -0.3552, 5.5923 ], [ -0.3628, 5.5975 ], [ -0.3595, 5.6067 ], [ -0.3897, 5.6071 ], [ -0.3975, 5.6127 ], [ -0.4276, 5.6051 ], [ -0.4078, 5.5803 ], [ -0.4008, 5.5669 ], [ -0.4121, 5.5521 ], [ -0.4146, 5.5325 ] ] ] } },
{ "type": "Feature", "properties": { "iso3": "GHA", "unit_id": "30259293B96481884323741", "unit_name": "Gushegu" }, "geometry": { "type": "Polygon", "coordinates": [ [ [ 0.0589, 10.2943 ], [ 0.0479, 10.3363 ], [ 0.0495, 10.3425 ], [ 0.0335, 10.3363 ], [ 0.0299, 10.3379 ], [ 0.0239, 10.3329 ], [ -0.0188, 10.3283 ], [ -0.0261, 10.3181 ], [ -0.0282, 10.3081 ], [ -0.0293, 10.2873 ], [ -0.0251, 10.2733 ], [ -0.0723, 10.2951 ], [ -0.0882, 10.2951 ], [ -0.0865, 10.2897 ], [ -0.0945, 10.2703 ], [ -0.1158, 10.2865 ], [ -0.1277, 10.2905 ], [ -0.1281, 10.2639 ], [ -0.1148, 10.2429 ], [ -0.1397, 10.2277 ], [ -0.1392, 10.2087 ], [ -0.1447, 10.2055 ], [ -0.1467, 10.1993 ], [ -0.1791, 10.1625 ], [ -0.1599, 10.1405 ], [ -0.1505, 10.1395 ], [ -0.1367, 10.1055 ], [ -0.1366, 10.0869 ], [ -0.1444, 10.0785 ], [ -0.1617, 10.0775 ], [ -0.1732, 10.0717 ], [ -0.1821, 10.0823 ], [ -0.1912, 10.0855 ], [ -0.2074, 10.1049 ], [ -0.225, 10.1067 ], [ -0.2322, 10.1129 ], [ -0.2468, 10.1169 ], [ -0.2412, 10.1101 ], [ -0.2338, 10.0805 ], [ -0.2494, 10.0747 ], [ -0.2689, 10.0581 ], [ -0.2871, 10.0603 ], [ -0.3008, 10.0535 ], [ -0.3015, 10.0499 ], [ -0.2909, 10.0413 ], [ -0.2882, 10.0029 ], [ -0.2827, 9.9909 ], [ -0.273, 9.9827 ], [ -0.2815, 9.9549 ], [ -0.3031, 9.9443 ], [ -0.3114, 9.9333 ], [ -0.3019, 9.9179 ], [ -0.3009, 9.8827 ], [ -0.3455, 9.8557 ], [ -0.353, 9.8459 ], [ -0.3666, 9.8435 ], [ -0.3776, 9.8295 ], [ -0.3987, 9.8233 ], [ -0.4038, 9.8149 ], [ -0.4219, 9.8133 ], [ -0.4274, 9.8191 ], [ -0.4364, 9.8193 ], [ -0.4463, 9.8243 ], [ -0.4571, 9.8215 ], [ -0.4679, 9.8245 ], [ -0.4729, 9.8215 ], [ -0.4798, 9.8231 ], [ -0.4947, 9.8029 ], [ -0.4951, 9.7929 ], [ -0.4901, 9.7835 ], [ -0.4801, 9.7839 ], [ -0.4709, 9.7789 ], [ -0.4589, 9.7777 ], [ -0.4688, 9.7533 ], [ -0.4691, 9.7425 ], [ -0.4769, 9.7369 ], [ -0.4834, 9.7215 ], [ -0.4738, 9.6937 ], [ -0.4777, 9.6821 ], [ -0.4774, 9.6647 ], [ -0.493, 9.6363 ], [ -0.5019, 9.6261 ], [ -0.4856, 9.5961 ], [ -0.5081, 9.5637 ], [ -0.508, 9.5563 ], [ -0.5005, 9.5443 ], [ -0.4988, 9.5169 ], [ -0.5058, 9.5095 ], [ -0.5052, 9.5057 ], [ -0.4967, 9.5049 ], [ -0.4814, 9.5161 ], [ -0.4713, 9.5173 ], [ -0.4578, 9.5063 ], [ -0.4121, 9.5079 ], [ -0.4105, 9.5217 ], [ -0.4027, 9.5313 ], [ -0.3585, 9.5491 ], [ -0.3278, 9.5815 ], [ -0.3191, 9.5841 ], [ -0.2937, 9.5799 ], [ -0.2689, 9.5927 ], [ -0.2797, 9.6245 ], [ -0.266, 9.6495 ], [ -0.265, 9.6657 ], [ -0.2572, 9.6737 ], [ -0.2618, 9.6999 ], [ -0.2462, 9.7209 ], [ -0.2301, 9.7179 ], [ -0.1775, 9.7263 ], [ -0.1745, 9.7281 ], [ -0.1811, 9.7379 ], [ -0.1771, 9.7491 ], [ -0.1794, 9.7535 ], [ -0.1601, 9.7509 ], [ -0.1451, 9.7449 ], [ -0.115, 9.7525 ], [ -0.1119, 9.7549 ], [ -0.1178, 9.7647 ], [ -0.1173, 9.7741 ], [ -0.1154, 9.7903 ], [ -0.1112, 9.7947 ], [ -0.0956, 9.7957 ], [ -0.0824, 9.7907 ], [ -0.0699, 9.7927 ], [ -0.055, 9.7897 ], [ -0.0496, 9.7907 ], [ -0.0417, 9.8015 ], [ -0.0276, 9.8003 ], [ 0.0045, 9.8147 ], [ -0.0088, 9.8281 ], [ -0.0219, 9.8333 ], [ -0.0183, 9.8403 ], [ -0.0191, 9.8611 ], [ -0.0131, 9.8669 ], [ -0.0027, 9.8697 ], [ -0.0045, 9.8755 ], [ 0.0025, 9.8841 ], [ 0.0061, 9.8983 ], [ 0.0155, 9.9043 ], [ 0.0125, 9.9173 ], [ 0.0161, 9.9271 ], [ 0.0249, 9.9359 ], [ 0.0255, 9.9505 ], [ 0.0447, 9.9567 ], [ 0.0609, 9.9669 ], [ 0.0705, 9.9661 ], [ 0.0717, 9.9757 ], [ 0.0635, 9.9989 ], [ 0.0705, 10.0017 ], [ 0.0823, 9.9987 ], [ 0.1087, 10.0053 ], [ 0.1171, 10.0135 ], [ 0.1241, 10.0297 ], [ 0.1241, 10.0391 ], [ 0.1195, 10.0463 ], [ 0.1133, 10.0733 ], [ 0.1175, 10.0841 ], [ 0.1065, 10.1193 ], [ 0.1105, 10.1297 ], [ 0.0979, 10.1385 ], [ 0.0911, 10.1509 ], [ 0.0811, 10.1573 ], [ 0.0719, 10.1717 ], [ 0.0655, 10.1723 ], [ 0.0615, 10.1799 ], [ 0.0659, 10.2003 ], [ 0.0755, 10.2043 ], [ 0.0835, 10.2131 ], [ 0.0767, 10.2265 ], [ 0.0813, 10.2365 ], [ 0.0905, 10.2441 ], [ 0.0901, 10.2493 ], [ 0.0823, 10.2559 ], [ 0.0777, 10.2873 ], [ 0.0739, 10.2937 ], [ 0.0589, 10.2943 ] ] ] } },
{ "type": "Feature", "properties": { "iso3": "GHA", "unit_id": "30259293B52748273774814", "unit_name": "Karaga" }, "geometry": { "type": "Polygon", "coordinates": [ [ [ -0.1277, 10.2905 ], [ -0.1519, 10.2941 ], [ -0.1637, 10.2833 ], [ -0.1964, 10.2751 ], [ -0.2031, 10.2667 ], [ -0.2391, 10.2873 ], [ -0.256, 10.2849 ], [ -0.2616, 10.2787 ], [ -0.2678, 10.2769 ], [ -0.2834, 10.2823 ], [ -0.2965, 10.2913 ], [ -0.3102, 10.2909 ], [ -0.352, 10.2751 ], [ -0.3587, 10.2623 ], [ -0.3723, 10.2761 ], [ -0.385, 10.2971 ], [ -0.4545, 10.3017 ], [ -0.4815, 10.3263 ], [ -0.4894, 10.3239 ], [ -0.4937, 10.3259 ], [ -0.5053, 10.3145 ], [ -0.505, 10.2927 ], [ -0.4979, 10.2797 ], [ -0.4991, 10.2709 ], [ -0.5037, 10.2703 ], [ -0.5051, 10.2665 ], [ -0.5017, 10.2593 ], [ -0.5094, 10.2557 ], [ -0.5097, 10.2507 ], [ -0.499, 10.2375 ], [ -0.503, 10.2403 ], [ -0.5096, 10.2371 ], [ -0.5125, 10.2427 ], [ -0.5152, 10.2417 ], [ -0.5153, 10.2469 ], [ -0.5193, 10.2459 ], [ -0.5219, 10.2353 ], [ -0.5312, 10.2511 ], [ -0.5341, 10.2659 ], [ -0.5406, 10.2611 ], [ -0.5465, 10.2471 ], [ -0.5469, 10.2373 ], [ -0.5415, 10.2323 ], [ -0.5411, 10.2257 ], [ -0.5476, 10.2105 ], [ -0.5582, 10.1973 ], [ -0.5899, 10.1727 ], [ -0.5991, 10.1603 ], [ -0.6239, 10.1649 ], [ -0.6267, 10.1745 ], [ -0.6317, 10.1759 ], [ -0.6333, 10.1831 ], [ -0.6425, 10.1895 ], [ -0.6463, 10.1893 ], [ -0.6501, 10.1815 ], [ -0.6531, 10.1827 ], [ -0.6527, 10.1919 ], [ -0.6579, 10.1921 ], [ -0.6682, 10.1797 ], [ -0.6678, 10.1675 ], [ -0.6625, 10.1575 ], [ -0.6624, 10.1431 ], [ -0.6493, 10.1207 ], [ -0.6516, 10.1091 ], [ -0.6562, 10.1039 ], [ -0.6664, 10.1031 ], [ -0.6758, 10.0955 ], [ -0.6791, 10.0819 ], [ -0.6881, 10.0729 ], [ -0.6886, 10.0547 ], [ -0.6781, 10.0459 ], [ -0.6793, 10.0327 ], [ -0.6825, 10.0403 ], [ -0.7063, 10.0401 ], [ -0.7089, 10.0045 ], [ -0.721, 10.0015 ], [ -0.734, 9.9775 ], [ -0.7481, 9.9709 ], [ -0.766, 9.9427 ], [ -0.7698, 9.9303 ], [ -0.7694, 9.9155 ], [ -0.7896, 9.9031 ], [ -0.7982, 9.8851 ], [ -0.8169, 9.8773 ], [ -0.7951, 9.8669 ], [ -0.75, 9.8589 ], [ -0.7389, 9.8537 ], [ -0.7375, 9.8473 ], [ -0.75, 9.8379 ], [ -0.747, 9.8199 ], [ -0.7289, 9.8173 ], [ -0.7227, 9.8199 ], [ -0.7167, 9.8153 ], [ -0.711, 9.8187 ], [ -0.6927, 9.8191 ], [ -0.6842, 9.7935 ], [ -0.701, 9.7799 ], [ -0.7036, 9.7695 ], [ -0.6986, 9.7461 ], [ -0.6922, 9.7365 ], [ -0.6951, 9.7201 ], [ -0.6886, 9.7031 ], [ -0.6769, 9.6899 ], [ -0.668, 9.6885 ], [ -0.6621, 9.6943 ], [ -0.6596, 9.6923 ], [ -0.6599, 9.6861 ], [ -0.6484, 9.6719 ], [ -0.6439, 9.6589 ], [ -0.6381, 9.6557 ], [ -0.6386, 9.6475 ], [ -0.6244, 9.6379 ], [ -0.6322, 9.6287 ], [ -0.6317, 9.6193 ], [ -0.6207, 9.6151 ], [ -0.6013, 9.5957 ], [ -0.5925, 9.5821 ], [ -0.6024, 9.5723 ], [ -0.6115, 9.5531 ], [ -0.6141, 9.5347 ], [ -0.6108, 9.5275 ], [ -0.5399, 9.5199 ], [ -0.5241, 9.5297 ], [ -0.5141, 9.5133 ], [ -0.5058, 9.5095 ], [ -0.4988, 9.5169 ], [ -0.5005, 9.5443 ], [ -0.508, 9.5563 ], [ -0.5081, 9.5637 ], [ -0.4856, 9.5961 ], [ -0.5019, 9.6261 ], [ -0.493, 9.6363 ], [ -0.4774, 9.6647 ], [ -0.4777, 9.6821 ], [ -0.4738, 9.6937 ], [ -0.4834, 9.7215 ], [ -0.4769, 9.7369 ], [ -0.4691, 9.7425 ], [ -0.4688, 9.7533 ], [ -0.4589, 9.7777 ], [ -0.4709, 9.7789 ], [ -0.4801, 9.7839 ], [ -0.4901, 9.7835 ], [ -0.4951, 9.7929 ], [ -0.4947, 9.8029 ], [ -0.4798, 9.8231 ], [ -0.4729, 9.8215 ], [ -0.4679, 9.8245 ], [ -0.4571, 9.8215 ], [ -0.4463, 9.8243 ], [ -0.4364, 9.8193 ], [ -0.4274, 9.8191 ], [ -0.4219, 9.8133 ], [ -0.4038, 9.8149 ], [ -0.3987, 9.8233 ], [ -0.3776, 9.8295 ], [ -0.3666, 9.8435 ], [ -0.353, 9.8459 ], [ -0.3455, 9.8557 ], [ -0.3009, 9.8827 ], [ -0.3019, 9.9179 ], [ -0.3114, 9.9333 ], [ -0.3031, 9.9443 ], [ -0.2815, 9.9549 ], [ -0.273, 9.9827 ], [ -0.2827, 9.9909 ], [ -0.2882, 10.0029 ], [ -0.2909, 10.0413 ], [ -0.3015, 10.0499 ], [ -0.3008, 10.0535 ], [ -0.2871, 10.0603 ], [ -0.2689, 10.0581 ], [ -0.2494, 10.0747 ], [ -0.2338, 10.0805 ], [ -0.2412, 10.1101 ], [ -0.2468, 10.1169 ], [ -0.2322, 10.1129 ], [ -0.225, 10.1067 ], [ -0.2074, 10.1049 ], [ -0.1912, 10.0855 ], [ -0.1821, 10.0823 ], [ -0.1732, 10.0717 ], [ -0.1617, 10.0775 ], [ -0.1444, 10.0785 ], [ -0.1366, 10.0869 ], [ -0.1367, 10.1055 ], [ -0.1505, 10.1395 ], [ -0.1599, 10.1405 ], [ -0.1791, 10.1625 ], [ -0.1467, 10.1993 ], [ -0.1447, 10.2055 ], [ -0.1392, 10.2087 ], [ -0.1397, 10.2277 ], [ -0.1148, 10.2429 ], [ -0.1281, 10.2639 ], [ -0.1277, 10.2905 ] ] ] } },
{ "type": "Feature", "properties": { "iso3": "GHA", "unit_id": "30259293B39436494848626", "unit_name": "Kpandai" }, "geometry": { "type": "Polygon", "coordinates": [ [ [ 0.0821, 8.5277 ], [ 0.0635, 8.5263 ], [ 0.0521, 8.5311 ], [ 0.0029, 8.5345 ], [ -0.0089, 8.5477 ], [ -0.0368, 8.5489 ], [ -0.0554, 8.5541 ], [ -0.0724, 8.5533 ], [ -0.0886, 8.5459 ], [ -0.1183, 8.5397 ], [ -0.1223, 8.5441 ], [ -0.1198, 8.5473 ], [ -0.1574, 8.5461 ], [ -0.163, 8.5583 ], [ -0.1673, 8.5519 ], [ -0.174, 8.5531 ], [ -0.1842, 8.5479 ], [ -0.1888, 8.5403 ], [ -0.1983, 8.5465 ], [ -0.2064, 8.5375 ], [ -0.2068, 8.5281 ], [ -0.1998, 8.5231 ], [ -0.2069, 8.4935 ], [ -0.1957, 8.4839 ], [ -0.1992, 8.4817 ], [ -0.2081, 8.4867 ], [ -0.2116, 8.4841 ], [ -0.2122, 8.4707 ], [ -0.2301, 8.4753 ], [ -0.2428, 8.4727 ], [ -0.2358, 8.4599 ], [ -0.2192, 8.4545 ], [ -0.2198, 8.4465 ], [ -0.2246, 8.4311 ], [ -0.2348, 8.4139 ], [ -0.2387, 8.3977 ], [ -0.2494, 8.3797 ], [ -0.2525, 8.3529 ], [ -0.2553, 8.3501 ], [ -0.2675, 8.3503 ], [ -0.274, 8.3531 ], [ -0.3001, 8.3535 ], [ -0.3061, 8.3581 ], [ -0.3261, 8.3391 ], [ -0.3078, 8.3207 ], [ -0.2779, 8.3201 ], [ -0.2679, 8.3259 ], [ -0.2636, 8.3345 ], [ -0.2478, 8.3339 ], [ -0.2411, 8.3419 ], [ -0.2191, 8.3383 ], [ -0.2103, 8.3501 ], [ -0.1941, 8.3491 ], [ -0.1887, 8.3577 ], [ -0.1856, 8.3557 ], [ -0.1831, 8.3369 ], [ -0.1632, 8.3121 ], [ -0.159, 8.2991 ], [ -0.1483, 8.2903 ], [ -0.1424, 8.2807 ], [ -0.1418, 8.2723 ], [ -0.1245, 8.2731 ], [ -0.1146, 8.2967 ], [ -0.1102, 8.3349 ], [ -0.087, 8.3329 ], [ -0.0833, 8.3375 ], [ -0.0677, 8.3411 ], [ -0.0652, 8.3505 ], [ -0.0457, 8.3511 ], [ -0.0391, 8.3453 ], [ -0.0379, 8.3345 ], [ -0.0021, 8.3197 ], [ 0.0101, 8.2989 ], [ 0.0519, 8.2911 ], [ 0.0615, 8.2821 ], [ 0.0799, 8.2807 ], [ 0.0831, 8.2723 ], [ 0.0907, 8.2673 ], [ 0.1043, 8.2397 ], [ 0.0949, 8.2331 ], [ 0.0859, 8.2327 ], [ 0.0795, 8.2241 ], [ 0.0953, 8.2301 ], [ 0.1061, 8.2257 ], [ 0.1147, 8.2283 ], [ 0.1167, 8.2191 ], [ 0.1299, 8.2147 ], [ 0.1237, 8.2309 ], [ 0.1449, 8.2409 ], [ 0.1619, 8.2415 ], [ 0.1893, 8.2493 ], [ 0.1939, 8.2533 ], [ 0.1979, 8.2923 ], [ 0.1967, 8.3017 ], [ 0.1853, 8.3227 ], [ 0.1863, 8.3273 ], [ 0.1913, 8.3339 ], [ 0.2047, 8.3415 ], [ 0.2353, 8.3439 ], [ 0.2429, 8.3541 ], [ 0.2443, 8.3865 ], [ 0.2231, 8.4071 ], [ 0.2075, 8.4101 ], [ 0.1653, 8.3911 ], [ 0.1249, 8.3829 ], [ 0.1047, 8.3901 ], [ 0.0865, 8.4033 ], [ 0.0929, 8.4275 ], [ 0.0907, 8.4455 ], [ 0.0817, 8.4609 ], [ 0.0949, 8.4717 ], [ 0.1209, 8.4855 ], [ 0.0939, 8.5017 ], [ 0.0895, 8.5173 ], [ 0.0821, 8.5277 ] ] ] } },
{ "type": "Feature", "properties": { "iso3": "GHA", "unit_id": "30259293B64533882416254", "unit_name": "Kumbungu" }, "geometry": { "type": "Polygon", "coordinates": [ [ [ -0.9817, 9.9451 ], [ -0.9915, 9.9455 ], [ -0.9909, 9.9519 ], [ -1.0023, 9.9673 ], [ -0.9991, 9.9745 ], [ -0.9881, 9.9829 ], [ -0.9906, 9.9927 ], [ -0.9891, 10.0035 ], [ -1.0028, 10.0121 ], [ -1.0028, 10.0187 ], [ -1.0125, 10.0285 ], [ -1.0149, 10.0411 ], [ -1.0266, 10.0635 ], [ -1.0244, 10.0739 ], [ -1.0121, 10.0775 ], [ -1.0103, 10.0809 ], [ -1.0122, 10.0931 ], [ -1.0186, 10.0999 ], [ -1.0313, 10.0981 ], [ -1.0691, 10.1061 ], [ -1.0612, 10.1125 ], [ -1.0622, 10.1199 ], [ -1.0889, 10.1223 ], [ -1.0927, 10.1271 ], [ -1.0935, 10.1377 ], [ -1.0862, 10.1523 ], [ -1.0795, 10.1567 ], [ -1.0636, 10.1553 ], [ -1.0572, 10.1583 ], [ -1.0723, 10.1733 ], [ -1.0945, 10.1845 ], [ -1.1109, 10.1865 ], [ -1.1234, 10.1507 ], [ -1.1313, 10.1413 ], [ -1.122, 10.1303 ], [ -1.1262, 10.1155 ], [ -1.1307, 10.1127 ], [ -1.1396, 10.1179 ], [ -1.1444, 10.1169 ], [ -1.2094, 10.0889 ], [ -1.2284, 10.0623 ], [ -1.2393, 10.0397 ], [ -1.2401, 10.0355 ], [ -1.2361, 10.0301 ], [ -1.2403, 10.0261 ], [ -1.2334, 10.0133 ], [ -1.2275, 10.0087 ], [ -1.2103, 10.0061 ], [ -1.1971, 9.9947 ], [ -1.1798, 9.9913 ], [ -1.1566, 9.9779 ], [ -1.1418, 9.9789 ], [ -1.135, 9.9639 ], [ -1.1245, 9.9585 ], [ -1.1094, 9.9277 ], [ -1.1198, 9.9277 ], [ -1.1639, 9.9523 ], [ -1.1767, 9.9499 ], [ -1.1787, 9.9377 ], [ -1.1762, 9.9233 ], [ -1.1819, 9.8977 ], [ -1.1711, 9.8797 ], [ -1.1643, 9.8741 ], [ -1.1606, 9.8595 ], [ -1.166, 9.8345 ], [ -1.1731, 9.8201 ], [ -1.1698, 9.8145 ], [ -1.1737, 9.8079 ], [ -1.1753, 9.7905 ], [ -1.1629, 9.7791 ], [ -1.1634, 9.7659 ], [ -1.1572, 9.7597 ], [ -1.1576, 9.7421 ], [ -1.1549, 9.7383 ], [ -1.1602, 9.7221 ], [ -1.1538, 9.7145 ], [ -1.1592, 9.7091 ], [ -1.1607, 9.7013 ], [ -1.1762, 9.6919 ], [ -1.1914, 9.6649 ], [ -1.1814, 9.6615 ], [ -1.1742, 9.6691 ], [ -1.168, 9.6687 ], [ -1.148, 9.6571 ], [ -1.1457, 9.6541 ], [ -1.1475, 9.6403 ], [ -1.1386, 9.6073 ], [ -1.109, 9.6057 ], [ -1.1037, 9.5999 ], [ -1.0979, 9.6005 ], [ -1.0917, 9.5965 ], [ -1.0891, 9.5915 ], [ -1.0761, 9.5835 ], [ -1.0736, 9.5797 ], [ -1.0794, 9.5741 ], [ -1.0759, 9.5703 ], [ -1.0735, 9.5517 ], [ -1.0674, 9.5519 ], [ -1.0644, 9.5431 ], [ -1.0703, 9.5305 ], [ -1.0636, 9.5251 ], [ -1.0678, 9.5183 ], [ -1.0548, 9.5097 ], [ -1.0558, 9.4997 ], [ -1.0473, 9.4919 ], [ -1.0501, 9.4821 ], [ -1.0473, 9.4793 ], [ -1.0387, 9.4791 ], [ -1.0332, 9.4727 ], [ -1.0318, 9.4567 ], [ -1.0207, 9.4429 ], [ -1.0098, 9.4375 ], [ -1.0039, 9.4169 ], [ -0.9974, 9.4089 ], [ -0.9983, 9.4153 ], [ -0.9946, 9.4187 ], [ -0.9687, 9.4177 ], [ -0.9437, 9.4563 ], [ -0.934, 9.4573 ], [ -0.9334, 9.4641 ], [ -0.9229, 9.4691 ], [ -0.9137, 9.4663 ], [ -0.9123, 9.4751 ], [ -0.8993, 9.4793 ], [ -0.891, 9.4859 ], [ -0.8967, 9.4947 ], [ -0.8886, 9.5091 ], [ -0.8966, 9.5179 ], [ -0.8966, 9.5219 ], [ -0.8905, 9.5331 ], [ -0.8917, 9.5439 ], [ -0.8839, 9.5547 ], [ -0.8835, 9.5657 ], [ -0.8991, 9.5737 ], [ -0.9074, 9.5735 ], [ -0.9043, 9.5827 ], [ -0.9131, 9.6061 ], [ -0.9099, 9.6093 ], [ -0.9105, 9.6205 ], [ -0.9198, 9.6327 ], [ -0.9322, 9.6615 ], [ -0.9634, 9.6593 ], [ -1.0003, 9.6777 ], [ -0.9882, 9.6935 ], [ -0.9729, 9.6903 ], [ -0.9652, 9.6963 ], [ -0.9641, 9.7031 ], [ -0.9764, 9.7093 ], [ -0.9796, 9.7169 ], [ -0.9641, 9.7229 ], [ -0.9558, 9.7373 ], [ -0.9438, 9.7381 ], [ -0.9447, 9.7585 ], [ -0.9397, 9.7651 ], [ -0.9475, 9.7807 ], [ -0.9505, 9.8023 ], [ -0.9658, 9.7991 ], [ -0.9726, 9.8075 ], [ -0.9762, 9.8201 ], [ -0.9706, 9.8301 ], [ -0.9754, 9.8491 ], [ -0.9832, 9.8561 ], [ -0.9953, 9.8527 ], [ -0.9988, 9.8585 ], [ -1.0077, 9.8605 ], [ -1.0136, 9.8697 ], [ -1.023, 9.8763 ], [ -1.0252, 9.8831 ], [ -1.0268, 9.8973 ], [ -1.0239, 9.8983 ], [ -1.0154, 9.8901 ], [ -1.0052, 9.8939 ], [ -1.0063, 9.9009 ], [ -1.0182, 9.9173 ], [ -0.9822, 9.9383 ], [ -0.9797, 9.9415 ], [ -0.9817, 9.9451 ] ] ] } },
{ "type": "Feature", "properties": { "iso3": "GHA", "unit_id": "30259293B74942834048575", "unit_name": "Mion" }, "geometry": { "type": "MultiPolygon", "coordinates": [ [ [ [ 0.1739, 9.1925 ], [ 0.1693, 9.1957 ], [ 0.1453, 9.1967 ], [ 0.1279, 9.1939 ], [ 0.1049, 9.2027 ], [ 0.0867, 9.1991 ], [ 0.0719, 9.2105 ], [ 0.0503, 9.2113 ], [ 0.0531, 9.1819 ], [ 0.0503, 9.1669 ], [ 0.0457, 9.1621 ], [ 0.0277, 9.1595 ], [ 0.0229, 9.1529 ], [ 0.0325, 9.1455 ], [ 0.0307, 9.1379 ], [ 0.0341, 9.1343 ], [ 0.0439, 9.1359 ], [ 0.0507, 9.1293 ], [ 0.0643, 9.1129 ], [ 0.0681, 9.1009 ], [ 0.0723, 9.1003 ], [ 0.0795, 9.1059 ], [ 0.1037, 9.1065 ], [ 0.1225, 9.0997 ], [ 0.1241, 9.1079 ], [ 0.1155, 9.1279 ], [ 0.1187, 9.1317 ], [ 0.1341, 9.1357 ], [ 0.1535, 9.1515 ], [ 0.1649, 9.1485 ], [ 0.1723, 9.1507 ], [ 0.1677, 9.1619 ], [ 0.1739, 9.1925 ] ] ], [ [ [ -0.5058, 9.5095 ], [ -0.5141, 9.5133 ], [ -0.5241, 9.5297 ], [ -0.5399, 9.5199 ], [ -0.6108, 9.5275 ], [ -0.6036, 9.5161 ], [ -0.5991, 9.4811 ], [ -0.5797, 9.4649 ], [ -0.5769, 9.4517 ], [ -0.566, 9.4335 ], [ -0.5655, 9.4211 ], [ -0.574, 9.4167 ], [ -0.5776, 9.3985 ], [ -0.564, 9.3923 ], [ -0.5522, 9.3947 ], [ -0.5442, 9.3869 ], [ -0.534, 9.3871 ], [ -0.5347, 9.3773 ], [ -0.5252, 9.3637 ], [ -0.5298, 9.3583 ], [ -0.5367, 9.3261 ], [ -0.5465, 9.3235 ], [ -0.5601, 9.3003 ], [ -0.5627, 9.2887 ], [ -0.5602, 9.2853 ], [ -0.5435, 9.2761 ], [ -0.5357, 9.2751 ], [ -0.5202, 9.2819 ], [ -0.5114, 9.2747 ], [ -0.5117, 9.2653 ], [ -0.5063, 9.2587 ], [ -0.4911, 9.2505 ], [ -0.476, 9.2479 ], [ -0.4693, 9.2427 ], [ -0.4359, 9.2311 ], [ -0.4259, 9.2227 ], [ -0.4197, 9.2227 ], [ -0.3921, 9.2353 ], [ -0.3582, 9.2231 ], [ -0.3395, 9.2113 ], [ -0.3245, 9.2093 ], [ -0.3175, 9.1983 ], [ -0.3097, 9.1927 ], [ -0.3062, 9.1813 ], [ -0.2961, 9.1767 ], [ -0.2808, 9.1373 ], [ -0.2592, 9.1273 ], [ -0.2514, 9.1293 ], [ -0.2371, 9.1195 ], [ -0.2265, 9.1217 ], [ -0.2191, 9.1105 ], [ -0.2018, 9.1095 ], [ -0.1889, 9.1125 ], [ -0.1863, 9.1047 ], [ -0.1828, 9.1031 ], [ -0.1771, 9.1067 ], [ -0.1771, 9.1141 ], [ -0.1698, 9.1213 ], [ -0.1568, 9.1225 ], [ -0.1533, 9.1293 ], [ -0.1489, 9.1283 ], [ -0.1441, 9.1333 ], [ -0.1441, 9.1297 ], [ -0.1328, 9.1317 ], [ -0.1281, 9.1261 ], [ -0.1175, 9.1247 ], [ -0.1082, 9.1293 ], [ -0.1024, 9.1369 ], [ -0.0942, 9.1323 ], [ -0.0882, 9.1331 ], [ -0.0849, 9.1265 ], [ -0.0682, 9.1311 ], [ -0.0644, 9.1193 ], [ -0.059, 9.1223 ], [ -0.053, 9.1435 ], [ -0.0724, 9.1689 ], [ -0.0675, 9.1739 ], [ -0.0552, 9.1673 ], [ -0.0459, 9.1709 ], [ -0.0458, 9.1751 ], [ -0.0562, 9.1865 ], [ -0.0548, 9.1901 ], [ -0.0523, 9.1937 ], [ -0.0405, 9.1953 ], [ -0.0339, 9.2129 ], [ -0.0216, 9.2183 ], [ -0.0281, 9.2251 ], [ -0.0268, 9.2407 ], [ -0.0327, 9.2417 ], [ -0.0334, 9.2447 ], [ -0.0304, 9.2509 ], [ -0.0333, 9.2561 ], [ -0.0304, 9.2593 ], [ -0.0367, 9.2653 ], [ -0.0364, 9.2689 ], [ -0.03, 9.2725 ], [ -0.0382, 9.2835 ], [ -0.0459, 9.2811 ], [ -0.0506, 9.2853 ], [ -0.0417, 9.2941 ], [ -0.0436, 9.3047 ], [ -0.0592, 9.3027 ], [ -0.0667, 9.3089 ], [ -0.0627, 9.3159 ], [ -0.073, 9.3211 ], [ -0.0718, 9.3321 ], [ -0.0853, 9.3455 ], [ -0.071, 9.3729 ], [ -0.0672, 9.3753 ], [ -0.0584, 9.3693 ], [ -0.0492, 9.3685 ], [ -0.0402, 9.3777 ], [ -0.039, 9.3829 ], [ -0.0438, 9.3895 ], [ -0.0405, 9.3935 ], [ -0.0446, 9.4003 ], [ -0.0452, 9.4115 ], [ -0.0503, 9.4131 ], [ -0.0594, 9.4263 ], [ -0.0558, 9.4343 ], [ -0.0828, 9.4379 ], [ -0.0941, 9.4545 ], [ -0.1028, 9.4575 ], [ -0.1032, 9.4629 ], [ -0.0906, 9.4935 ], [ -0.0984, 9.4953 ], [ -0.0974, 9.4987 ], [ -0.0815, 9.5081 ], [ -0.0844, 9.5209 ], [ -0.0802, 9.5247 ], [ -0.0789, 9.5207 ], [ -0.0719, 9.5189 ], [ -0.0736, 9.5327 ], [ -0.0698, 9.5385 ], [ -0.0702, 9.5459 ], [ -0.0659, 9.5547 ], [ -0.0623, 9.5541 ], [ -0.0618, 9.5473 ], [ -0.0576, 9.5485 ], [ -0.0521, 9.5627 ], [ -0.062, 9.5663 ], [ -0.0609, 9.5743 ], [ -0.0682, 9.5769 ], [ -0.0656, 9.5879 ], [ -0.0733, 9.5881 ], [ -0.0816, 9.5941 ], [ -0.0832, 9.6067 ], [ -0.0877, 9.6059 ], [ -0.09, 9.6089 ], [ -0.0868, 9.6181 ], [ -0.0906, 9.6241 ], [ -0.1023, 9.6291 ], [ -0.1205, 9.6257 ], [ -0.1297, 9.6277 ], [ -0.1523, 9.6473 ], [ -0.1714, 9.6519 ], [ -0.1751, 9.6669 ], [ -0.1727, 9.6773 ], [ -0.1581, 9.6841 ], [ -0.1538, 9.6817 ], [ -0.1452, 9.6955 ], [ -0.1357, 9.7019 ], [ -0.104, 9.7053 ], [ -0.1032, 9.7091 ], [ -0.0853, 9.7181 ], [ -0.0775, 9.7253 ], [ -0.0753, 9.7357 ], [ -0.0696, 9.7399 ], [ -0.0665, 9.7477 ], [ -0.0394, 9.7553 ], [ -0.026, 9.7541 ], [ -0.0276, 9.8003 ], [ -0.0417, 9.8015 ], [ -0.0496, 9.7907 ], [ -0.055, 9.7897 ], [ -0.0699, 9.7927 ], [ -0.0824, 9.7907 ], [ -0.0956, 9.7957 ], [ -0.1112, 9.7947 ], [ -0.1154, 9.7903 ], [ -0.1173, 9.7741 ], [ -0.1178, 9.7647 ], [ -0.1119, 9.7549 ], [ -0.115, 9.7525 ], [ -0.1451, 9.7449 ], [ -0.1601, 9.7509 ], [ -0.1794, 9.7535 ], [ -0.1771, 9.7491 ], [ -0.1811, 9.7379 ], [ -0.1745, 9.7281 ], [ -0.1775, 9.7263 ], [ -0.2301, 9.7179 ], [ -0.2462, 9.7209 ], [ -0.2618, 9.6999 ], [ -0.2572, 9.6737 ], [ -0.265, 9.6657 ], [ -0.266, 9.6495 ], [ -0.2797, 9.6245 ], [ -0.2689, 9.5927 ], [ -0.2937, 9.5799 ], [ -0.3191, 9.5841 ], [ -0.3278, 9.5815 ], [ -0.3585, 9.5491 ], [ -0.4027, 9.5313 ], [ -0.4105, 9.5217 ], [ -0.4121, 9.5079 ], [ -0.4578, 9.5063 ], [ -0.4713, 9.5173 ], [ -0.4814, 9.5161 ], [ -0.4967, 9.5049 ], [ -0.5052, 9.5057 ], [ -0.5058, 9.5095 ] ] ] ] } },
{ "type": "Feature", "properties": { "iso3": "GHA", "unit_id": "30259293B6215023458984", "unit_name": "Nanton" }, "geometry": { "type": "Polygon", "coordinates": [ [ [ -0.6886, 9.7031 ], [ -0.7174, 9.6849 ], [ -0.7293, 9.6697 ], [ -0.7293, 9.6533 ], [ -0.7661, 9.6299 ], [ -0.7804, 9.6251 ], [ -0.7885, 9.5869 ], [ -0.8113, 9.5643 ], [ -0.8152, 9.5435 ], [ -0.8255, 9.5261 ], [ -0.8156, 9.5189 ], [ -0.8122, 9.5123 ], [ -0.8196, 9.4773 ], [ -0.817, 9.4747 ], [ -0.8035, 9.4761 ], [ -0.7911, 9.4821 ], [ -0.7784, 9.4753 ], [ -0.7744, 9.4787 ], [ -0.7617, 9.4783 ], [ -0.7542, 9.4861 ], [ -0.716, 9.4667 ], [ -0.7148, 9.4625 ], [ -0.6923, 9.4759 ], [ -0.6883, 9.4705 ], [ -0.6723, 9.4787 ], [ -0.5814, 9.4135 ], [ -0.5655, 9.4211 ], [ -0.566, 9.4335 ], [ -0.5769, 9.4517 ], [ -0.5797, 9.4649 ], [ -0.5991, 9.4811 ], [ -0.6036, 9.5161 ], [ -0.6141, 9.5347 ], [ -0.6115, 9.5531 ], [ -0.6001, 9.5757 ], [ -0.5938, 9.5781 ], [ -0.5938, 9.5861 ], [ -0.6207, 9.6151 ], [ -0.6317, 9.6193 ], [ -0.6322, 9.6287 ], [ -0.6244, 9.6379 ], [ -0.6386, 9.6475 ], [ -0.6381, 9.6557 ], [ -0.6439, 9.6589 ], [ -0.6484, 9.6719 ], [ -0.6599, 9.6861 ], [ -0.6596, 9.6923 ], [ -0.6621, 9.6943 ], [ -0.668, 9.6885 ], [ -0.6769, 9.6899 ], [ -0.6886, 9.7031 ] ] ] } },
{ "type": "Feature", "properties": { "iso3": "GHA", "unit_id": "30259293B15681235354969", "unit_name": "Nanumba North" }, "geometry": { "type": "Polygon", "coordinates": [ [ [ 0.0503, 9.2113 ], [ 0.0433, 9.2371 ], [ 0.0357, 9.2479 ], [ 0.0155, 9.2543 ], [ 0.0013, 9.2531 ], [ -0.0165, 9.2589 ], [ -0.0304, 9.2593 ], [ -0.0333, 9.2561 ], [ -0.0304, 9.2509 ], [ -0.0334, 9.2447 ], [ -0.0327, 9.2417 ], [ -0.0268, 9.2407 ], [ -0.0281, 9.2251 ], [ -0.0216, 9.2183 ], [ -0.0339, 9.2129 ], [ -0.0405, 9.1953 ], [ -0.0523, 9.1937 ], [ -0.0548, 9.1901 ], [ -0.0562, 9.1865 ], [ -0.0458, 9.1751 ], [ -0.0459, 9.1709 ], [ -0.0552, 9.1673 ], [ -0.0675, 9.1739 ], [ -0.0724, 9.1689 ], [ -0.053, 9.1435 ], [ -0.059, 9.1223 ], [ -0.0644, 9.1193 ], [ -0.0682, 9.1311 ], [ -0.0849, 9.1265 ], [ -0.0882, 9.1331 ], [ -0.0942, 9.1323 ], [ -0.1024, 9.1369 ], [ -0.1082, 9.1293 ], [ -0.1175, 9.1247 ], [ -0.1281, 9.1261 ], [ -0.1328, 9.1317 ], [ -0.1441, 9.1297 ], [ -0.1441, 9.1333 ], [ -0.1489, 9.1283 ], [ -0.1533, 9.1293 ], [ -0.1568, 9.1225 ], [ -0.1698, 9.1213 ], [ -0.1771, 9.1141 ], [ -0.1792, 9.1041 ], [ -0.1863, 9.1047 ], [ -0.1889, 9.1125 ], [ -0.2018, 9.1095 ], [ -0.2069, 9.1045 ], [ -0.2083, 9.0829 ], [ -0.2116, 9.0797 ], [ -0.205, 9.0621 ], [ -0.213, 9.0513 ], [ -0.2125, 9.0447 ], [ -0.2183, 9.0327 ], [ -0.2083, 9.0253 ], [ -0.211, 9.0123 ], [ -0.2044, 9.0035 ], [ -0.205, 8.9987 ], [ -0.1955, 8.9753 ], [ -0.2004, 8.9477 ], [ -0.213, 8.9461 ], [ -0.222, 8.9359 ], [ -0.2376, 8.9379 ], [ -0.241, 8.9305 ], [ -0.2381, 8.9205 ], [ -0.2482, 8.9171 ], [ -0.2437, 8.9099 ], [ -0.2557, 8.9013 ], [ -0.2721, 8.9027 ], [ -0.2809, 8.8999 ], [ -0.2801, 8.8961 ], [ -0.2889, 8.8881 ], [ -0.3026, 8.8841 ], [ -0.2954, 8.8653 ], [ -0.2998, 8.8611 ], [ -0.3104, 8.8583 ], [ -0.3263, 8.8627 ], [ -0.3297, 8.8601 ], [ -0.3346, 8.8667 ], [ -0.342, 8.8659 ], [ -0.3425, 8.8623 ], [ -0.3391, 8.8611 ], [ -0.3437, 8.8549 ], [ -0.3425, 8.8463 ], [ -0.3353, 8.8379 ], [ -0.3227, 8.8341 ], [ -0.3201, 8.8185 ], [ -0.3166, 8.8163 ], [ -0.3092, 8.8199 ], [ -0.2989, 8.8179 ], [ -0.2961, 8.8115 ], [ -0.3034, 8.7949 ], [ -0.3064, 8.7943 ], [ -0.3047, 8.7877 ], [ -0.3082, 8.7847 ], [ -0.3082, 8.7689 ], [ -0.3142, 8.7635 ], [ -0.3162, 8.7501 ], [ -0.3297, 8.7427 ], [ -0.34, 8.7561 ], [ -0.3465, 8.7579 ], [ -0.3536, 8.7543 ], [ -0.364, 8.7453 ], [ -0.3722, 8.7435 ], [ -0.3722, 8.7399 ], [ -0.3662, 8.7351 ], [ -0.37, 8.7231 ], [ -0.3834, 8.7231 ], [ -0.3816, 8.7109 ], [ -0.3869, 8.7099 ], [ -0.3948, 8.7119 ], [ -0.4049, 8.7075 ], [ -0.4071, 8.7145 ], [ -0.411, 8.7091 ], [ -0.4127, 8.7209 ], [ -0.4087, 8.7321 ], [ -0.4121, 8.7339 ], [ -0.4318, 8.7281 ], [ -0.4318, 8.7175 ], [ -0.4483, 8.7279 ], [ -0.4578, 8.7217 ], [ -0.4722, 8.7343 ], [ -0.4813, 8.7309 ], [ -0.4878, 8.7225 ], [ -0.4904, 8.7103 ], [ -0.4897, 8.7043 ], [ -0.4862, 8.7035 ], [ -0.4842, 8.6819 ], [ -0.4757, 8.6825 ], [ -0.4702, 8.6721 ], [ -0.458, 8.6775 ], [ -0.4531, 8.6751 ], [ -0.4471, 8.6625 ], [ -0.4396, 8.6635 ], [ -0.4395, 8.6603 ], [ -0.4327, 8.6559 ], [ -0.4359, 8.6507 ], [ -0.4351, 8.6449 ], [ -0.4309, 8.6429 ], [ -0.424, 8.6497 ], [ -0.4204, 8.6491 ], [ -0.4128, 8.6255 ], [ -0.4163, 8.6129 ], [ -0.4146, 8.6083 ], [ -0.4099, 8.6081 ], [ -0.411, 8.6007 ], [ -0.407, 8.5985 ], [ -0.4033, 8.6039 ], [ -0.3993, 8.6023 ], [ -0.3951, 8.5935 ], [ -0.3906, 8.5953 ], [ -0.3811, 8.5927 ], [ -0.3787, 8.5969 ], [ -0.3733, 8.5977 ], [ -0.3719, 8.5877 ], [ -0.3623, 8.5989 ], [ -0.3586, 8.5993 ], [ -0.3593, 8.5895 ], [ -0.3449, 8.5839 ], [ -0.3344, 8.5913 ], [ -0.3274, 8.6059 ], [ -0.294, 8.6199 ], [ -0.2794, 8.6203 ], [ -0.2668, 8.6319 ], [ -0.2558, 8.6287 ], [ -0.2461, 8.6399 ], [ -0.2396, 8.6377 ], [ -0.2353, 8.6391 ], [ -0.2336, 8.6441 ], [ -0.2207, 8.6475 ], [ -0.2138, 8.6593 ], [ -0.2036, 8.6587 ], [ -0.1984, 8.6687 ], [ -0.1927, 8.6717 ], [ -0.1718, 8.6745 ], [ -0.1714, 8.6785 ], [ -0.1681, 8.6795 ], [ -0.1593, 8.6781 ], [ -0.1458, 8.6893 ], [ -0.1343, 8.6883 ], [ -0.1308, 8.6907 ], [ -0.1281, 8.7003 ], [ -0.1194, 8.7003 ], [ -0.1187, 8.7083 ], [ -0.1107, 8.7107 ], [ -0.1027, 8.7221 ], [ -0.0905, 8.7273 ], [ -0.0815, 8.7261 ], [ -0.0816, 8.7317 ], [ -0.0607, 8.7463 ], [ -0.0565, 8.7461 ], [ -0.0522, 8.7537 ], [ -0.0531, 8.7579 ], [ -0.0569, 8.7585 ], [ -0.0526, 8.7791 ], [ -0.0454, 8.7807 ], [ -0.0445, 8.7871 ], [ -0.0497, 8.7967 ], [ -0.0618, 8.7987 ], [ -0.0633, 8.7943 ], [ -0.0566, 8.7917 ], [ -0.0562, 8.7871 ], [ -0.0769, 8.7811 ], [ -0.0851, 8.7821 ], [ -0.098, 8.7757 ], [ -0.0982, 8.7835 ], [ -0.086, 8.8005 ], [ -0.097, 8.8267 ], [ -0.0299, 8.8535 ], [ -0.0215, 8.9037 ], [ -0.0387, 8.9159 ], [ -0.0395, 8.9199 ], [ -0.0333, 8.9263 ], [ -0.0168, 8.9285 ], [ -0.0199, 8.9239 ], [ -0.0161, 8.9205 ], [ -0.0094, 8.9211 ], [ 0.0057, 8.9091 ], [ 0.0289, 8.9153 ], [ 0.0413, 8.9221 ], [ 0.0533, 8.9221 ], [ 0.0581, 8.9071 ], [ 0.0575, 8.8845 ], [ 0.0391, 8.8769 ], [ 0.0369, 8.8675 ], [ 0.0455, 8.8505 ], [ 0.0519, 8.8463 ], [ 0.0637, 8.8469 ], [ 0.0707, 8.8587 ], [ 0.0717, 8.8829 ], [ 0.0815, 8.8849 ], [ 0.0895, 8.8823 ], [ 0.1041, 8.8865 ], [ 0.1365, 8.8805 ], [ 0.1511, 8.9021 ], [ 0.1529, 8.9137 ], [ 0.1493, 8.9245 ], [ 0.1517, 8.9313 ], [ 0.1685, 8.9251 ], [ 0.1777, 8.9147 ], [ 0.1839, 8.9165 ], [ 0.1883, 8.9225 ], [ 0.1801, 8.9515 ], [ 0.1839, 8.9647 ], [ 0.2065, 8.9741 ], [ 0.2227, 8.9757 ], [ 0.2423, 8.9979 ], [ 0.2513, 9.0189 ], [ 0.2571, 9.0235 ], [ 0.2671, 9.0231 ], [ 0.2851, 9.0103 ], [ 0.2967, 9.0187 ], [ 0.3029, 9.0385 ], [ 0.2967, 9.0463 ], [ 0.2855, 9.0503 ], [ 0.2725, 9.0495 ], [ 0.2501, 9.0411 ], [ 0.2303, 9.0435 ], [ 0.2031, 9.0387 ], [ 0.1991, 9.0409 ], [ 0.1895, 9.0633 ], [ 0.1907, 9.0711 ], [ 0.1959, 9.0771 ], [ 0.2235, 9.0731 ], [ 0.2469, 9.0641 ], [ 0.2541, 9.0723 ], [ 0.2541, 9.0797 ], [ 0.2101, 9.1237 ], [ 0.1817, 9.1379 ], [ 0.1723, 9.1507 ], [ 0.1649, 9.1485 ], [ 0.1535, 9.1515 ], [ 0.1341, 9.1357 ], [ 0.1187, 9.1317 ], [ 0.1155, 9.1279 ], [ 0.1241, 9.1079 ], [ 0.1225, 9.0997 ], [ 0.1037, 9.1065 ], [ 0.0795, 9.1059 ], [ 0.0723, 9.1003 ], [ 0.0681, 9.1009 ], [ 0.0643, 9.1129 ], [ 0.0507, 9.1293 ], [ 0.0439, 9.1359 ], [ 0.0341, 9.1343 ], [ 0.0307, 9.1379 ], [ 0.0325, 9.1455 ], [ 0.0229, 9.1529 ], [ 0.0277, 9.1595 ], [ 0.0457, 9.1621 ], [ 0.0503, 9.1669 ], [ 0.0531, 9.1819 ], [ 0.0503, 9.2113 ] ] ] } },
{ "type": "Feature", "properties": { "iso3": "GHA", "unit_id": "30259293B75943733594872", "unit_name": "Nanumba South" }, "geometry": { "type": "Polygon", "coordinates": [ [ [ 0.0821, 8.5277 ], [ 0.1129, 8.5973 ], [ 0.1305, 8.6045 ], [ 0.1475, 8.5887 ], [ 0.1511, 8.5885 ], [ 0.1699, 8.5949 ], [ 0.1719, 8.5993 ], [ 0.1727, 8.6089 ], [ 0.1697, 8.6157 ], [ 0.1473, 8.6295 ], [ 0.1391, 8.6395 ], [ 0.1361, 8.6527 ], [ 0.1387, 8.6687 ], [ 0.1687, 8.7017 ], [ 0.1807, 8.7105 ], [ 0.1821, 8.7215 ], [ 0.1665, 8.7539 ], [ 0.1679, 8.7739 ], [ 0.1743, 8.7703 ], [ 0.1709, 8.7653 ], [ 0.1809, 8.7621 ], [ 0.1813, 8.7445 ], [ 0.1837, 8.7423 ], [ 0.1871, 8.7419 ], [ 0.1875, 8.7465 ], [ 0.1993, 8.7443 ], [ 0.2125, 8.7543 ], [ 0.2229, 8.7499 ], [ 0.2319, 8.7533 ], [ 0.2377, 8.7519 ], [ 0.2449, 8.7411 ], [ 0.2573, 8.7467 ], [ 0.2697, 8.7397 ], [ 0.2705, 8.7309 ], [ 0.2799, 8.7251 ], [ 0.2839, 8.7247 ], [ 0.2875, 8.7333 ], [ 0.2913, 8.7329 ], [ 0.2935, 8.7413 ], [ 0.2975, 8.7421 ], [ 0.3015, 8.7267 ], [ 0.3145, 8.7341 ], [ 0.3229, 8.7295 ], [ 0.3383, 8.7305 ], [ 0.3425, 8.7283 ], [ 0.3433, 8.7201 ], [ 0.3539, 8.7189 ], [ 0.3591, 8.7197 ], [ 0.3599, 8.7247 ], [ 0.3469, 8.7399 ], [ 0.3533, 8.7419 ], [ 0.3737, 8.7357 ], [ 0.3823, 8.7397 ], [ 0.3845, 8.7457 ], [ 0.3757, 8.7541 ], [ 0.3983, 8.7545 ], [ 0.4009, 8.7581 ], [ 0.3897, 8.7617 ], [ 0.3807, 8.7693 ], [ 0.3801, 8.7915 ], [ 0.3879, 8.8051 ], [ 0.3777, 8.8129 ], [ 0.3727, 8.8279 ], [ 0.3467, 8.8505 ], [ 0.3217, 8.8649 ], [ 0.3237, 8.8315 ], [ 0.3131, 8.8273 ], [ 0.2863, 8.8481 ], [ 0.2861, 8.8571 ], [ 0.2785, 8.8697 ], [ 0.2791, 8.8735 ], [ 0.2739, 8.8785 ], [ 0.2737, 8.9005 ], [ 0.2679, 8.9223 ], [ 0.2923, 8.9609 ], [ 0.3101, 8.9751 ], [ 0.3159, 8.9889 ], [ 0.3061, 8.9957 ], [ 0.2825, 9.0055 ], [ 0.2737, 9.0061 ], [ 0.2553, 8.9985 ], [ 0.2385, 8.9959 ], [ 0.2227, 8.9757 ], [ 0.2065, 8.9741 ], [ 0.1839, 8.9647 ], [ 0.1801, 8.9515 ], [ 0.1883, 8.9225 ], [ 0.1839, 8.9165 ], [ 0.1777, 8.9147 ], [ 0.1685, 8.9251 ], [ 0.1517, 8.9313 ], [ 0.1493, 8.9245 ], [ 0.1529, 8.9137 ], [ 0.1511, 8.9021 ], [ 0.1365, 8.8805 ], [ 0.1041, 8.8865 ], [ 0.0895, 8.8823 ], [ 0.0815, 8.8849 ], [ 0.0717, 8.8829 ], [ 0.0707, 8.8587 ], [ 0.0637, 8.8469 ], [ 0.0519, 8.8463 ], [ 0.0455, 8.8505 ], [ 0.0369, 8.8675 ], [ 0.0391, 8.8769 ], [ 0.0575, 8.8845 ], [ 0.0581, 8.9071 ], [ 0.0533, 8.9221 ], [ 0.0413, 8.9221 ], [ 0.0289, 8.9153 ], [ 0.0057, 8.9091 ], [ -0.0094, 8.9211 ], [ -0.0161, 8.9205 ], [ -0.0199, 8.9239 ], [ -0.0168, 8.9285 ], [ -0.0333, 8.9263 ], [ -0.0395, 8.9199 ], [ -0.0387, 8.9159 ], [ -0.0215, 8.9037 ], [ -0.0299, 8.8535 ], [ -0.097, 8.8267 ], [ -0.086, 8.8005 ], [ -0.0982, 8.7835 ], [ -0.098, 8.7757 ], [ -0.0851, 8.7821 ], [ -0.0769, 8.7811 ], [ -0.0562, 8.7871 ], [ -0.0566, 8.7917 ], [ -0.0633, 8.7943 ], [ -0.0618, 8.7987 ], [ -0.0497, 8.7967 ], [ -0.0445, 8.7871 ], [ -0.0454, 8.7807 ], [ -0.0526, 8.7791 ], [ -0.0569, 8.7585 ], [ -0.0531, 8.7579 ], [ -0.0522, 8.7537 ], [ -0.0565, 8.7461 ], [ -0.0607, 8.7463 ], [ -0.0816, 8.7317 ], [ -0.0815, 8.7261 ], [ -0.0905, 8.7273 ], [ -0.1027, 8.7221 ], [ -0.1107, 8.7107 ], [ -0.1187, 8.7083 ], [ -0.1194, 8.7003 ], [ -0.1281, 8.7003 ], [ -0.1308, 8.6907 ], [ -0.1343, 8.6883 ], [ -0.1458, 8.6893 ], [ -0.1593, 8.6781 ], [ -0.1681, 8.6795 ], [ -0.1714, 8.6785 ], [ -0.1718, 8.6745 ], [ -0.1927, 8.6717 ], [ -0.1984, 8.6687 ], [ -0.2036, 8.6587 ], [ -0.2138, 8.6593 ], [ -0.2207, 8.6475 ], [ -0.2336, 8.6441 ], [ -0.2353, 8.6391 ], [ -0.2461, 8.6399 ], [ -0.2558, 8.6287 ], [ -0.2668, 8.6319 ], [ -0.2794, 8.6203 ], [ -0.294, 8.6199 ], [ -0.3274, 8.6059 ], [ -0.3344, 8.5913 ], [ -0.3422, 8.5851 ], [ -0.3536, 8.5853 ], [ -0.3593, 8.5895 ], [ -0.3634, 8.5827 ], [ -0.3547, 8.5707 ], [ -0.3443, 8.5673 ], [ -0.3496, 8.5611 ], [ -0.3488, 8.5571 ], [ -0.3366, 8.5385 ], [ -0.3355, 8.5311 ], [ -0.3184, 8.5351 ], [ -0.313, 8.5291 ], [ -0.3105, 8.5375 ], [ -0.304, 8.5365 ], [ -0.2975, 8.5473 ], [ -0.2948, 8.5457 ], [ -0.2977, 8.5429 ], [ -0.2948, 8.5419 ], [ -0.2754, 8.5571 ], [ -0.2682, 8.5453 ], [ -0.2609, 8.5479 ], [ -0.2568, 8.5553 ], [ -0.2386, 8.5599 ], [ -0.2345, 8.5719 ], [ -0.2282, 8.5677 ], [ -0.2239, 8.5697 ], [ -0.2136, 8.5529 ], [ -0.1991, 8.5539 ], [ -0.1966, 8.5511 ], [ -0.1983, 8.5465 ], [ -0.1888, 8.5403 ], [ -0.1842, 8.5479 ], [ -0.174, 8.5531 ], [ -0.1673, 8.5519 ], [ -0.163, 8.5583 ], [ -0.1574, 8.5461 ], [ -0.1198, 8.5473 ], [ -0.1223, 8.5441 ], [ -0.1183, 8.5397 ], [ -0.0886, 8.5459 ], [ -0.0724, 8.5533 ], [ -0.0554, 8.5541 ], [ -0.0368, 8.5489 ], [ -0.0089, 8.5477 ], [ 0.0029, 8.5345 ], [ 0.0521, 8.5311 ], [ 0.0635, 8.5263 ], [ 0.0821, 8.5277 ] ] ] } },
{ "type": "Feature", "properties": { "iso3": "GHA", "unit_id": "30259293B57279625760241", "unit_name": "Saboba" }, "geometry": { "type": "Polygon", "coordinates": [ [ [ -0.0276, 9.8003 ], [ -0.026, 9.7541 ], [ -0.0213, 9.7485 ], [ 0.0023, 9.7295 ], [ 0.0323, 9.7187 ], [ 0.0555, 9.6995 ], [ 0.0749, 9.6925 ], [ 0.0629, 9.6825 ], [ 0.0353, 9.6455 ], [ 0.0683, 9.6301 ], [ 0.0793, 9.6209 ], [ 0.0843, 9.6085 ], [ 0.0775, 9.5987 ], [ 0.0799, 9.5787 ], [ 0.0901, 9.5735 ], [ 0.1013, 9.5779 ], [ 0.1109, 9.5729 ], [ 0.1117, 9.5661 ], [ 0.1343, 9.5747 ], [ 0.1437, 9.5701 ], [ 0.1563, 9.5527 ], [ 0.1593, 9.5429 ], [ 0.1515, 9.5277 ], [ 0.1467, 9.4787 ], [ 0.1395, 9.4601 ], [ 0.1427, 9.4501 ], [ 0.1549, 9.4399 ], [ 0.2003, 9.4319 ], [ 0.2165, 9.4435 ], [ 0.2313, 9.4369 ], [ 0.2481, 9.4377 ], [ 0.2425, 9.4491 ], [ 0.2291, 9.4633 ], [ 0.2271, 9.4809 ], [ 0.2305, 9.4875 ], [ 0.2351, 9.4881 ], [ 0.2547, 9.4783 ], [ 0.2701, 9.4797 ], [ 0.2769, 9.4885 ], [ 0.2897, 9.4903 ], [ 0.3105, 9.5049 ], [ 0.3065, 9.5149 ], [ 0.2905, 9.5235 ], [ 0.2839, 9.5249 ], [ 0.2567, 9.5189 ], [ 0.2429, 9.5245 ], [ 0.2369, 9.5347 ], [ 0.2349, 9.5469 ], [ 0.2403, 9.5745 ], [ 0.2533, 9.5745 ], [ 0.2649, 9.5677 ], [ 0.2887, 9.5767 ], [ 0.3201, 9.5763 ], [ 0.3271, 9.5793 ], [ 0.3559, 9.5733 ], [ 0.3691, 9.5779 ], [ 0.3793, 9.5861 ], [ 0.3823, 9.5923 ], [ 0.3731, 9.6073 ], [ 0.3815, 9.6443 ], [ 0.3783, 9.6445 ], [ 0.3755, 9.6523 ], [ 0.3679, 9.6569 ], [ 0.3677, 9.6647 ], [ 0.3613, 9.6747 ], [ 0.3519, 9.6767 ], [ 0.3507, 9.6951 ], [ 0.3429, 9.7179 ], [ 0.3195, 9.7265 ], [ 0.3299, 9.7589 ], [ 0.3261, 9.7745 ], [ 0.3347, 9.7773 ], [ 0.3309, 9.7931 ], [ 0.3403, 9.8073 ], [ 0.3403, 9.8167 ], [ 0.3489, 9.8257 ], [ 0.3581, 9.8485 ], [ 0.3515, 9.8831 ], [ 0.3515, 9.9043 ], [ 0.3563, 9.9247 ], [ 0.3645, 9.9321 ], [ 0.3623, 9.9401 ], [ 0.3525, 9.9475 ], [ 0.3491, 9.9485 ], [ 0.3477, 9.9397 ], [ 0.3265, 9.9435 ], [ 0.3243, 9.9619 ], [ 0.3091, 9.9619 ], [ 0.3063, 9.9737 ], [ 0.3027, 9.9765 ], [ 0.2751, 9.9727 ], [ 0.2623, 9.9611 ], [ 0.2581, 9.9633 ], [ 0.2353, 9.9575 ], [ 0.2265, 9.9607 ], [ 0.2053, 9.9609 ], [ 0.1889, 9.9673 ], [ 0.1897, 9.9749 ], [ 0.1845, 9.9785 ], [ 0.1549, 9.9853 ], [ 0.1305, 9.9593 ], [ 0.1289, 9.9701 ], [ 0.1137, 9.9719 ], [ 0.1067, 9.9677 ], [ 0.0979, 9.9721 ], [ 0.0859, 9.9665 ], [ 0.0609, 9.9669 ], [ 0.0447, 9.9567 ], [ 0.0255, 9.9505 ], [ 0.0249, 9.9359 ], [ 0.0161, 9.9271 ], [ 0.0125, 9.9173 ], [ 0.0155, 9.9043 ], [ 0.0061, 9.8983 ], [ 0.0025, 9.8841 ], [ -0.0045, 9.8755 ], [ -0.0027, 9.8697 ], [ -0.0131, 9.8669 ], [ -0.0191, 9.8611 ], [ -0.0183, 9.8403 ], [ -0.0219, 9.8333 ], [ -0.0088, 9.8281 ], [ 0.0045, 9.8147 ], [ -0.0276, 9.8003 ] ] ] } },
{ "type": "Feature", "properties": { "iso3": "GHA", "unit_id": "30259293B4694202484798", "unit_name": "Sagnerigu" }, "geometry": { "type": "Polygon", "coordinates": [ [ [ -0.9652, 9.4205 ], [ -0.9494, 9.4045 ], [ -0.8744, 9.4041 ], [ -0.8763, 9.4093 ], [ -0.8628, 9.4109 ], [ -0.8539, 9.4219 ], [ -0.8424, 9.4273 ], [ -0.842, 9.4221 ], [ -0.8388, 9.4221 ], [ -0.8412, 9.4165 ], [ -0.8375, 9.4187 ], [ -0.8353, 9.4167 ], [ -0.8366, 9.4083 ], [ -0.8323, 9.4085 ], [ -0.8178, 9.4191 ], [ -0.7805, 9.4365 ], [ -0.7784, 9.4753 ], [ -0.7911, 9.4821 ], [ -0.8035, 9.4761 ], [ -0.817, 9.4747 ], [ -0.8196, 9.4773 ], [ -0.8122, 9.5123 ], [ -0.8156, 9.5189 ], [ -0.8255, 9.5261 ], [ -0.8152, 9.5435 ], [ -0.8209, 9.5475 ], [ -0.8536, 9.5557 ], [ -0.86, 9.5611 ], [ -0.8651, 9.5571 ], [ -0.8821, 9.5683 ], [ -0.886, 9.5679 ], [ -0.8835, 9.5657 ], [ -0.8839, 9.5547 ], [ -0.8917, 9.5439 ], [ -0.8905, 9.5331 ], [ -0.8966, 9.5219 ], [ -0.8966, 9.5179 ], [ -0.8886, 9.5091 ], [ -0.8967, 9.4947 ], [ -0.891, 9.4859 ], [ -0.8993, 9.4793 ], [ -0.9123, 9.4751 ], [ -0.9137, 9.4663 ], [ -0.9229, 9.4691 ], [ -0.9334, 9.4641 ], [ -0.934, 9.4573 ], [ -0.9437, 9.4563 ], [ -0.9652, 9.4205 ] ] ] } },
{ "type": "Feature", "properties": { "iso3": "GHA", "unit_id": "30259293B11350432925373", "unit_name": "Savelugu" }, "geometry": { "type": "Polygon", "coordinates": [ [ [ -0.6682, 10.1797 ], [ -0.6812, 10.1811 ], [ -0.6834, 10.1889 ], [ -0.6862, 10.1841 ], [ -0.6905, 10.1829 ], [ -0.6928, 10.1871 ], [ -0.7043, 10.1783 ], [ -0.7093, 10.1775 ], [ -0.7132, 10.1829 ], [ -0.7181, 10.1767 ], [ -0.7134, 10.1755 ], [ -0.7126, 10.1639 ], [ -0.7208, 10.1685 ], [ -0.7336, 10.1701 ], [ -0.7367, 10.1677 ], [ -0.7325, 10.1615 ], [ -0.7442, 10.1669 ], [ -0.7488, 10.1605 ], [ -0.7576, 10.1605 ], [ -0.7635, 10.1643 ], [ -0.7726, 10.1553 ], [ -0.7804, 10.1551 ], [ -0.7807, 10.1449 ], [ -0.7835, 10.1423 ], [ -0.7849, 10.1497 ], [ -0.7882, 10.1517 ], [ -0.794, 10.1457 ], [ -0.8019, 10.1561 ], [ -0.8178, 10.1269 ], [ -0.8212, 10.1255 ], [ -0.8203, 10.1193 ], [ -0.8365, 10.1219 ], [ -0.8377, 10.1315 ], [ -0.8529, 10.1289 ], [ -0.8555, 10.1257 ], [ -0.8493, 10.1185 ], [ -0.8495, 10.1147 ], [ -0.8559, 10.1121 ], [ -0.8582, 10.1039 ], [ -0.8683, 10.0953 ], [ -0.8597, 10.0885 ], [ -0.8589, 10.0841 ], [ -0.8687, 10.0775 ], [ -0.8696, 10.0737 ], [ -0.8669, 10.0635 ], [ -0.8636, 10.0615 ], [ -0.8642, 10.0569 ], [ -0.8705, 10.0549 ], [ -0.8813, 10.0593 ], [ -0.8825, 10.0501 ], [ -0.8886, 10.0515 ], [ -0.8907, 10.0481 ], [ -0.8866, 10.0359 ], [ -0.895, 10.0335 ], [ -0.8967, 10.0209 ], [ -0.9094, 10.0237 ], [ -0.9115, 10.0115 ], [ -0.9154, 10.0103 ], [ -0.9182, 10.0131 ], [ -0.9219, 10.0019 ], [ -0.9256, 10.0025 ], [ -0.9321, 10.0109 ], [ -0.9369, 10.0115 ], [ -0.94, 10.0097 ], [ -0.9423, 9.9981 ], [ -0.9406, 9.9899 ], [ -0.9543, 9.9929 ], [ -0.9616, 9.9911 ], [ -0.9724, 9.9653 ], [ -0.9705, 9.9579 ], [ -0.9738, 9.9569 ], [ -0.9827, 9.9629 ], [ -0.9848, 9.9597 ], [ -0.9849, 9.9519 ], [ -0.9797, 9.9415 ], [ -1.0182, 9.9173 ], [ -1.0063, 9.9009 ], [ -1.0052, 9.8939 ], [ -1.0154, 9.8901 ], [ -1.0239, 9.8983 ], [ -1.0268, 9.8973 ], [ -1.023, 9.8763 ], [ -1.0136, 9.8697 ], [ -1.0077, 9.8605 ], [ -0.9988, 9.8585 ], [ -0.9953, 9.8527 ], [ -0.9832, 9.8561 ], [ -0.9754, 9.8491 ], [ -0.9706, 9.8301 ], [ -0.9762, 9.8201 ], [ -0.9726, 9.8075 ], [ -0.9658, 9.7991 ], [ -0.9505, 9.8023 ], [ -0.9475, 9.7807 ], [ -0.9402, 9.7693 ], [ -0.9397, 9.7651 ], [ -0.9447, 9.7585 ], [ -0.9438, 9.7381 ], [ -0.9558, 9.7373 ], [ -0.9641, 9.7229 ], [ -0.9796, 9.7169 ], [ -0.9764, 9.7093 ], [ -0.9641, 9.7031 ], [ -0.9652, 9.6963 ], [ -0.9729, 9.6903 ], [ -0.9882, 9.6935 ], [ -1.0003, 9.6777 ], [ -0.9634, 9.6593 ], [ -0.9322, 9.6615 ], [ -0.9198, 9.6327 ], [ -0.9105, 9.6205 ], [ -0.9099, 9.6093 ], [ -0.9131, 9.6061 ], [ -0.9043, 9.5827 ], [ -0.9074, 9.5735 ], [ -0.8821, 9.5683 ], [ -0.8651, 9.5571 ], [ -0.86, 9.5611 ], [ -0.8536, 9.5557 ], [ -0.8209, 9.5475 ], [ -0.8152, 9.5435 ], [ -0.8113, 9.5643 ], [ -0.7885, 9.5869 ], [ -0.7804, 9.6251 ], [ -0.7661, 9.6299 ], [ -0.7293, 9.6533 ], [ -0.7293, 9.6697 ], [ -0.7174, 9.6849 ], [ -0.6886, 9.7031 ], [ -0.6951, 9.7201 ], [ -0.6922, 9.7365 ], [ -0.6986, 9.7461 ], [ -0.7036, 9.7695 ], [ -0.701, 9.7799 ], [ -0.6842, 9.7935 ], [ -0.6927, 9.8191 ], [ -0.711, 9.8187 ], [ -0.7167, 9.8153 ], [ -0.7227, 9.8199 ], [ -0.7255, 9.8173 ], [ -0.747, 9.8199 ], [ -0.75, 9.8379 ], [ -0.7375, 9.8473 ], [ -0.7389, 9.8537 ], [ -0.75, 9.8589 ], [ -0.7951, 9.8669 ], [ -0.8169, 9.8773 ], [ -0.7982, 9.8851 ], [ -0.7896, 9.9031 ], [ -0.7694, 9.9155 ], [ -0.7698, 9.9303 ], [ -0.766, 9.9427 ], [ -0.7481, 9.9709 ], [ -0.734, 9.9775 ], [ -0.721, 10.0015 ], [ -0.7089, 10.0045 ], [ -0.7063, 10.0401 ], [ -0.6825, 10.0403 ], [ -0.6793, 10.0327 ], [ -0.6781, 10.0459 ], [ -0.6886, 10.0547 ], [ -0.6881, 10.0729 ], [ -0.6791, 10.0819 ], [ -0.6758, 10.0955 ], [ -0.6664, 10.1031 ], [ -0.6562, 10.1039 ], [ -0.6516, 10.1091 ], [ -0.6493, 10.1207 ], [ -0.6624, 10.1431 ], [ -0.6625, 10.1575 ], [ -0.6678, 10.1675 ], [ -0.6682, 10.1797 ] ] ] } },
{ "type": "Feature", "properties": { "iso3": "GHA", "unit_id": "30259293B54664576383093", "unit_name": "Tamale Metropolitan" }, "geometry": { "type": "Polygon", "coordinates": [ [ [ -0.574, 9.4167 ], [ -0.5814, 9.4135 ], [ -0.6723, 9.4787 ], [ -0.6883, 9.4705 ], [ -0.6923, 9.4759 ], [ -0.7148, 9.4625 ], [ -0.716, 9.4667 ], [ -0.7542, 9.4861 ], [ -0.7617, 9.4783 ], [ -0.7744, 9.4787 ], [ -0.7784, 9.4753 ], [ -0.7805, 9.4365 ], [ -0.8178, 9.4191 ], [ -0.8323, 9.4085 ], [ -0.8366, 9.4083 ], [ -0.8353, 9.4167 ], [ -0.8375, 9.4187 ], [ -0.8412, 9.4165 ], [ -0.8388, 9.4221 ], [ -0.842, 9.4221 ], [ -0.8424, 9.4273 ], [ -0.8539, 9.4219 ], [ -0.8628, 9.4109 ], [ -0.8763, 9.4093 ], [ -0.8744, 9.4041 ], [ -0.9494, 9.4045 ], [ -0.9466, 9.4001 ], [ -0.9533, 9.3825 ], [ -0.9582, 9.3809 ], [ -0.9598, 9.3693 ], [ -0.9463, 9.3471 ], [ -0.9557, 9.3363 ], [ -0.9643, 9.3347 ], [ -0.9601, 9.3047 ], [ -0.9551, 9.3005 ], [ -0.9357, 9.2949 ], [ -0.9323, 9.2987 ], [ -0.9264, 9.2963 ], [ -0.8861, 9.3097 ], [ -0.879, 9.3017 ], [ -0.8706, 9.3059 ], [ -0.8589, 9.3059 ], [ -0.8499, 9.3045 ], [ -0.8476, 9.2983 ], [ -0.8328, 9.2979 ], [ -0.8231, 9.3105 ], [ -0.8048, 9.3183 ], [ -0.7949, 9.3087 ], [ -0.7653, 9.2969 ], [ -0.6979, 9.2833 ], [ -0.7128, 9.2931 ], [ -0.7116, 9.3055 ], [ -0.7176, 9.3159 ], [ -0.7154, 9.3247 ], [ -0.7098, 9.3247 ], [ -0.6886, 9.3109 ], [ -0.6834, 9.3253 ], [ -0.6519, 9.3153 ], [ -0.6345, 9.3183 ], [ -0.6356, 9.3119 ], [ -0.6281, 9.3077 ], [ -0.6108, 9.3121 ], [ -0.6037, 9.3231 ], [ -0.594, 9.3283 ], [ -0.5821, 9.3191 ], [ -0.5692, 9.2921 ], [ -0.5627, 9.2887 ], [ -0.5601, 9.3003 ], [ -0.5465, 9.3235 ], [ -0.5367, 9.3261 ], [ -0.5298, 9.3583 ], [ -0.5252, 9.3637 ], [ -0.5347, 9.3773 ], [ -0.534, 9.3871 ], [ -0.5442, 9.3869 ], [ -0.5522, 9.3947 ], [ -0.564, 9.3923 ], [ -0.5776, 9.3985 ], [ -0.574, 9.4167 ] ] ] } },
{ "type": "Feature", "properties": { "iso3": "GHA", "unit_id": "30259293B45099846712685", "unit_name": "Tatale Sanguli" }, "geometry": { "type": "Polygon", "coordinates": [ [ [ 0.3823, 8.7953 ], [ 0.3853, 8.7913 ], [ 0.3929, 8.7955 ], [ 0.3985, 8.7905 ], [ 0.4063, 8.7937 ], [ 0.4215, 8.7909 ], [ 0.4259, 8.7803 ], [ 0.4387, 8.7847 ], [ 0.4395, 8.7929 ], [ 0.4313, 8.7923 ], [ 0.4307, 8.7973 ], [ 0.4431, 8.8021 ], [ 0.4469, 8.8101 ], [ 0.4589, 8.8099 ], [ 0.4593, 8.8029 ], [ 0.4683, 8.7929 ], [ 0.4721, 8.7989 ], [ 0.4911, 8.8009 ], [ 0.5001, 8.8147 ], [ 0.4959, 8.8201 ], [ 0.5009, 8.8297 ], [ 0.4963, 8.8387 ], [ 0.5073, 8.8483 ], [ 0.5101, 8.8555 ], [ 0.5187, 8.8531 ], [ 0.5211, 8.8563 ], [ 0.5181, 8.8631 ], [ 0.5207, 8.8723 ], [ 0.5269, 8.8767 ], [ 0.5141, 8.9013 ], [ 0.5097, 8.9175 ], [ 0.5141, 8.9353 ], [ 0.5067, 8.9501 ], [ 0.4943, 8.9573 ], [ 0.4699, 9.0085 ], [ 0.4705, 9.0173 ], [ 0.4655, 9.0231 ], [ 0.4631, 9.0335 ], [ 0.4555, 9.0357 ], [ 0.4563, 9.0551 ], [ 0.4627, 9.0553 ], [ 0.4643, 9.0721 ], [ 0.4595, 9.0725 ], [ 0.4855, 9.1035 ], [ 0.4853, 9.1225 ], [ 0.4781, 9.1441 ], [ 0.4937, 9.1549 ], [ 0.5019, 9.1543 ], [ 0.5121, 9.1651 ], [ 0.5241, 9.1951 ], [ 0.5391, 9.2135 ], [ 0.5205, 9.2279 ], [ 0.5085, 9.2581 ], [ 0.5159, 9.2729 ], [ 0.5407, 9.3013 ], [ 0.5375, 9.3019 ], [ 0.5405, 9.3065 ], [ 0.5599, 9.3057 ], [ 0.5631, 9.3245 ], [ 0.5531, 9.3445 ], [ 0.5631, 9.3545 ], [ 0.5647, 9.4071 ], [ 0.5573, 9.4117 ], [ 0.5551, 9.4219 ], [ 0.5517, 9.4237 ], [ 0.5253, 9.4313 ], [ 0.5215, 9.4385 ], [ 0.5007, 9.4393 ], [ 0.4963, 9.4495 ], [ 0.5035, 9.4583 ], [ 0.5053, 9.4661 ], [ 0.5021, 9.4741 ], [ 0.4897, 9.4863 ], [ 0.4635, 9.4913 ], [ 0.4471, 9.5011 ], [ 0.4307, 9.4989 ], [ 0.4165, 9.5017 ], [ 0.4065, 9.4943 ], [ 0.3899, 9.4921 ], [ 0.3593, 9.4983 ], [ 0.3445, 9.4871 ], [ 0.3467, 9.4745 ], [ 0.3375, 9.4529 ], [ 0.3119, 9.4453 ], [ 0.2985, 9.4367 ], [ 0.2767, 9.4287 ], [ 0.2605, 9.4297 ], [ 0.2593, 9.4335 ], [ 0.2481, 9.4377 ], [ 0.2313, 9.4369 ], [ 0.2195, 9.4263 ], [ 0.2177, 9.4069 ], [ 0.2083, 9.3833 ], [ 0.2131, 9.3689 ], [ 0.2285, 9.3657 ], [ 0.2379, 9.3601 ], [ 0.2413, 9.3525 ], [ 0.2369, 9.3445 ], [ 0.2463, 9.3399 ], [ 0.2535, 9.3405 ], [ 0.2767, 9.3603 ], [ 0.2913, 9.3563 ], [ 0.2989, 9.3587 ], [ 0.3109, 9.3559 ], [ 0.3325, 9.3649 ], [ 0.3389, 9.3711 ], [ 0.3675, 9.3741 ], [ 0.3639, 9.3377 ], [ 0.3789, 9.3285 ], [ 0.4033, 9.3313 ], [ 0.4123, 9.3411 ], [ 0.4315, 9.3519 ], [ 0.4469, 9.3481 ], [ 0.4667, 9.3369 ], [ 0.4711, 9.3165 ], [ 0.4695, 9.3095 ], [ 0.4603, 9.2963 ], [ 0.4279, 9.2711 ], [ 0.4085, 9.2467 ], [ 0.4085, 9.2175 ], [ 0.4029, 9.1985 ], [ 0.4029, 9.1859 ], [ 0.3985, 9.1799 ], [ 0.4163, 9.1645 ], [ 0.4195, 9.1529 ], [ 0.4433, 9.1323 ], [ 0.4235, 9.1235 ], [ 0.3917, 9.1259 ], [ 0.3803, 9.1237 ], [ 0.3727, 9.1145 ], [ 0.3803, 9.1055 ], [ 0.3705, 9.1025 ], [ 0.3697, 9.0989 ], [ 0.3629, 9.0279 ], [ 0.3779, 9.0253 ], [ 0.3921, 9.0325 ], [ 0.3975, 9.0273 ], [ 0.3959, 9.0021 ], [ 0.4001, 8.9919 ], [ 0.4079, 8.9877 ], [ 0.4255, 8.9863 ], [ 0.4479, 8.9749 ], [ 0.4341, 8.9361 ], [ 0.4279, 8.9315 ], [ 0.4269, 8.9191 ], [ 0.4137, 8.9079 ], [ 0.4033, 8.8929 ], [ 0.3979, 8.8699 ], [ 0.4021, 8.8439 ], [ 0.3993, 8.8381 ], [ 0.4009, 8.8253 ], [ 0.3823, 8.7953 ] ] ] } },
{ "type": "Feature", "properties": { "iso3": "GHA", "unit_id": "30259293B87353430830545", "unit_name": "Tolon" }, "geometry": { "type": "Polygon", "coordinates": [ [ [ -1.1629, 9.7791 ], [ -1.1867, 9.8001 ], [ -1.197, 9.7961 ], [ -1.2132, 9.7987 ], [ -1.2194, 9.8127 ], [ -1.2386, 9.8283 ], [ -1.2632, 9.8235 ], [ -1.2647, 9.8147 ], [ -1.2732, 9.8023 ], [ -1.2864, 9.8023 ], [ -1.2943, 9.8063 ], [ -1.3059, 9.8127 ], [ -1.3084, 9.8207 ], [ -1.3136, 9.8131 ], [ -1.3103, 9.8019 ], [ -1.3206, 9.7995 ], [ -1.328, 9.8069 ], [ -1.3409, 9.8083 ], [ -1.3483, 9.8037 ], [ -1.3515, 9.7945 ], [ -1.348, 9.7751 ], [ -1.3506, 9.7653 ], [ -1.346, 9.7537 ], [ -1.3489, 9.7295 ], [ -1.338, 9.7059 ], [ -1.3265, 9.6977 ], [ -1.3198, 9.6841 ], [ -1.3231, 9.6563 ], [ -1.315, 9.6521 ], [ -1.3305, 9.6433 ], [ -1.3295, 9.6339 ], [ -1.3662, 9.6183 ], [ -1.3734, 9.6101 ], [ -1.3147, 9.5493 ], [ -1.3116, 9.5389 ], [ -1.2971, 9.5217 ], [ -1.2813, 9.5099 ], [ -1.2501, 9.4275 ], [ -1.2428, 9.4185 ], [ -1.2459, 9.3871 ], [ -1.2572, 9.3595 ], [ -1.2561, 9.3527 ], [ -1.2644, 9.3421 ], [ -1.2613, 9.3325 ], [ -1.2683, 9.3321 ], [ -1.2677, 9.3275 ], [ -1.2586, 9.3177 ], [ -1.254, 9.3031 ], [ -1.24, 9.2875 ], [ -1.2278, 9.2957 ], [ -1.2121, 9.2997 ], [ -1.2118, 9.3027 ], [ -1.2025, 9.3077 ], [ -1.1988, 9.3051 ], [ -1.1823, 9.3121 ], [ -1.1715, 9.3203 ], [ -1.1198, 9.3177 ], [ -1.1047, 9.3089 ], [ -1.0755, 9.3259 ], [ -1.0595, 9.3279 ], [ -1.0499, 9.3395 ], [ -1.0393, 9.3441 ], [ -1.0161, 9.3303 ], [ -1.0204, 9.3153 ], [ -1.0176, 9.3137 ], [ -0.9958, 9.3289 ], [ -0.9751, 9.3359 ], [ -0.9557, 9.3363 ], [ -0.9463, 9.3471 ], [ -0.9598, 9.3693 ], [ -0.9582, 9.3809 ], [ -0.9533, 9.3825 ], [ -0.9466, 9.4001 ], [ -0.9494, 9.4045 ], [ -0.9652, 9.4205 ], [ -0.9687, 9.4177 ], [ -0.9946, 9.4187 ], [ -0.9983, 9.4153 ], [ -0.9974, 9.4089 ], [ -1.0039, 9.4169 ], [ -1.0098, 9.4375 ], [ -1.0207, 9.4429 ], [ -1.0318, 9.4567 ], [ -1.0332, 9.4727 ], [ -1.0387, 9.4791 ], [ -1.0473, 9.4793 ], [ -1.0501, 9.4821 ], [ -1.0473, 9.4919 ], [ -1.0558, 9.4997 ], [ -1.0548, 9.5097 ], [ -1.0678, 9.5183 ], [ -1.0636, 9.5251 ], [ -1.0703, 9.5305 ], [ -1.0644, 9.5431 ], [ -1.0674, 9.5519 ], [ -1.0735, 9.5517 ], [ -1.0759, 9.5703 ], [ -1.0794, 9.5741 ], [ -1.0736, 9.5797 ], [ -1.0761, 9.5835 ], [ -1.0891, 9.5915 ], [ -1.0917, 9.5965 ], [ -1.0979, 9.6005 ], [ -1.1037, 9.5999 ], [ -1.109, 9.6057 ], [ -1.1386, 9.6073 ], [ -1.1475, 9.6403 ], [ -1.1457, 9.6541 ], [ -1.148, 9.6571 ], [ -1.168, 9.6687 ], [ -1.1742, 9.6691 ], [ -1.1814, 9.6615 ], [ -1.1914, 9.6649 ], [ -1.1762, 9.6919 ], [ -1.1607, 9.7013 ], [ -1.1592, 9.7091 ], [ -1.1538, 9.7145 ], [ -1.1602, 9.7221 ], [ -1.1549, 9.7383 ], [ -1.1576, 9.7421 ], [ -1.1572, 9.7597 ], [ -1.1634, 9.7659 ], [ -1.1629, 9.7791 ] ] ] } },
{ "type": "Feature", "properties": { "iso3": "GHA", "unit_id": "30259293B19804345219141", "unit_name": "Yendi Municipal" }, "geometry": { "type": "Polygon", "coordinates": [ [ [ 0.1739, 9.1925 ], [ 0.1927, 9.1987 ], [ 0.2195, 9.2291 ], [ 0.2189, 9.2335 ], [ 0.2113, 9.2387 ], [ 0.1901, 9.2345 ], [ 0.1813, 9.2411 ], [ 0.1793, 9.2723 ], [ 0.1863, 9.3045 ], [ 0.2359, 9.3019 ], [ 0.2455, 9.2971 ], [ 0.2497, 9.2885 ], [ 0.2567, 9.2897 ], [ 0.2601, 9.3141 ], [ 0.2507, 9.3229 ], [ 0.2507, 9.3313 ], [ 0.2463, 9.3399 ], [ 0.2369, 9.3445 ], [ 0.2409, 9.3563 ], [ 0.2285, 9.3657 ], [ 0.2131, 9.3689 ], [ 0.2093, 9.3765 ], [ 0.2093, 9.3875 ], [ 0.2177, 9.4069 ], [ 0.2171, 9.4207 ], [ 0.2313, 9.4369 ], [ 0.2165, 9.4435 ], [ 0.2041, 9.4329 ], [ 0.1933, 9.4329 ], [ 0.1549, 9.4399 ], [ 0.1427, 9.4501 ], [ 0.1395, 9.4601 ], [ 0.1467, 9.4787 ], [ 0.1515, 9.5277 ], [ 0.1593, 9.5429 ], [ 0.1563, 9.5527 ], [ 0.1437, 9.5701 ], [ 0.1343, 9.5747 ], [ 0.1117, 9.5661 ], [ 0.1109, 9.5729 ], [ 0.1013, 9.5779 ], [ 0.0901, 9.5735 ], [ 0.0799, 9.5787 ], [ 0.0775, 9.5987 ], [ 0.0843, 9.6085 ], [ 0.0793, 9.6209 ], [ 0.0683, 9.6301 ], [ 0.0353, 9.6455 ], [ 0.0629, 9.6825 ], [ 0.0749, 9.6925 ], [ 0.0555, 9.6995 ], [ 0.0323, 9.7187 ], [ 0.0023, 9.7295 ], [ -0.026, 9.7541 ], [ -0.0394, 9.7553 ], [ -0.0665, 9.7477 ], [ -0.0696, 9.7399 ], [ -0.0753, 9.7357 ], [ -0.0775, 9.7253 ], [ -0.0853, 9.7181 ], [ -0.1032, 9.7091 ], [ -0.104, 9.7053 ], [ -0.1357, 9.7019 ], [ -0.1452, 9.6955 ], [ -0.1538, 9.6817 ], [ -0.1581, 9.6841 ], [ -0.1727, 9.6773 ], [ -0.1751, 9.6669 ], [ -0.1714, 9.6519 ], [ -0.1523, 9.6473 ], [ -0.1297, 9.6277 ], [ -0.1205, 9.6257 ], [ -0.1023, 9.6291 ], [ -0.0906, 9.6241 ], [ -0.0868, 9.6181 ], [ -0.09, 9.6089 ], [ -0.0877, 9.6059 ], [ -0.0832, 9.6067 ], [ -0.0816, 9.5941 ], [ -0.0733, 9.5881 ], [ -0.0656, 9.5879 ], [ -0.0682, 9.5769 ], [ -0.0609, 9.5743 ], [ -0.062, 9.5663 ], [ -0.0521, 9.5627 ], [ -0.0576, 9.5485 ], [ -0.0618, 9.5473 ], [ -0.0623, 9.5541 ], [ -0.0659, 9.5547 ], [ -0.0702, 9.5459 ], [ -0.0698, 9.5385 ], [ -0.0736, 9.5327 ], [ -0.0719, 9.5189 ], [ -0.0789, 9.5207 ], [ -0.0802, 9.5247 ], [ -0.0844, 9.5209 ], [ -0.0815, 9.5081 ], [ -0.0974, 9.4987 ], [ -0.0984, 9.4953 ], [ -0.0906, 9.4935 ], [ -0.1032, 9.4629 ], [ -0.1028, 9.4575 ], [ -0.0941, 9.4545 ], [ -0.0828, 9.4379 ], [ -0.0558, 9.4343 ], [ -0.0594, 9.4263 ], [ -0.0503, 9.4131 ], [ -0.0452, 9.4115 ], [ -0.0446, 9.4003 ], [ -0.0405, 9.3935 ], [ -0.0438, 9.3895 ], [ -0.039, 9.3829 ], [ -0.0402, 9.3777 ], [ -0.0492, 9.3685 ], [ -0.0584, 9.3693 ], [ -0.0672, 9.3753 ], [ -0.071, 9.3729 ], [ -0.0853, 9.3455 ], [ -0.0718, 9.3321 ], [ -0.073, 9.3211 ], [ -0.0627, 9.3159 ], [ -0.0667, 9.3089 ], [ -0.0592, 9.3027 ], [ -0.0436, 9.3047 ], [ -0.0417, 9.2941 ], [ -0.0506, 9.2853 ], [ -0.0459, 9.2811 ], [ -0.0382, 9.2835 ], [ -0.0346, 9.2797 ], [ -0.03, 9.2725 ], [ -0.0364, 9.2689 ], [ -0.0367, 9.2653 ], [ -0.0304, 9.2593 ], [ -0.0165, 9.2589 ], [ 0.0013, 9.2531 ], [ 0.0155, 9.2543 ], [ 0.0357, 9.2479 ], [ 0.0433, 9.2371 ], [ 0.0503, 9.2113 ], [ 0.0719, 9.2105 ], [ 0.0867, 9.1991 ], [ 0.1049, 9.2027 ], [ 0.1279, 9.1939 ], [ 0.1453, 9.1967 ], [ 0.1693, 9.1957 ], [ 0.1739, 9.1925 ] ] ] } },
{ "type": "Feature", "properties": { "iso3": "GHA", "unit_id": "30259293B17259682877034", "unit_name": "Zabzugu" }, "geometry": { "type": "Polygon", "coordinates": [ [ [ 0.1677, 9.1619 ], [ 0.1817, 9.1379 ], [ 0.2101, 9.1237 ], [ 0.2541, 9.0797 ], [ 0.2541, 9.0723 ], [ 0.2469, 9.0641 ], [ 0.2235, 9.0731 ], [ 0.1959, 9.0771 ], [ 0.1907, 9.0711 ], [ 0.1895, 9.0633 ], [ 0.1991, 9.0409 ], [ 0.2031, 9.0387 ], [ 0.2303, 9.0435 ], [ 0.2501, 9.0411 ], [ 0.2725, 9.0495 ], [ 0.2855, 9.0503 ], [ 0.2967, 9.0463 ], [ 0.3029, 9.0385 ], [ 0.2967, 9.0187 ], [ 0.2887, 9.0111 ], [ 0.2815, 9.0119 ], [ 0.2769, 9.0183 ], [ 0.2671, 9.0231 ], [ 0.2571, 9.0235 ], [ 0.2513, 9.0189 ], [ 0.2423, 8.9979 ], [ 0.2553, 8.9985 ], [ 0.2737, 9.0061 ], [ 0.2825, 9.0055 ], [ 0.3159, 8.9889 ], [ 0.3101, 8.9751 ], [ 0.2923, 8.9609 ], [ 0.2679, 8.9223 ], [ 0.2737, 8.9005 ], [ 0.2739, 8.8785 ], [ 0.2791, 8.8735 ], [ 0.2785, 8.8697 ], [ 0.2861, 8.8571 ], [ 0.2863, 8.8481 ], [ 0.3131, 8.8273 ], [ 0.3215, 8.8287 ], [ 0.3249, 8.8379 ], [ 0.3217, 8.8649 ], [ 0.3467, 8.8505 ], [ 0.3727, 8.8279 ], [ 0.3777, 8.8129 ], [ 0.3879, 8.8051 ], [ 0.4009, 8.8253 ], [ 0.3993, 8.8381 ], [ 0.4021, 8.8439 ], [ 0.3979, 8.8699 ], [ 0.4033, 8.8929 ], [ 0.4137, 8.9079 ], [ 0.4269, 8.9191 ], [ 0.4279, 8.9315 ], [ 0.4341, 8.9361 ], [ 0.4479, 8.9749 ], [ 0.4255, 8.9863 ], [ 0.4079, 8.9877 ], [ 0.4001, 8.9919 ], [ 0.3959, 9.0021 ], [ 0.3975, 9.0273 ], [ 0.3921, 9.0325 ], [ 0.3779, 9.0253 ], [ 0.3629, 9.0279 ], [ 0.3697, 9.0989 ], [ 0.3705, 9.1025 ], [ 0.3803, 9.1055 ], [ 0.3727, 9.1145 ], [ 0.3803, 9.1237 ], [ 0.3917, 9.1259 ], [ 0.4235, 9.1235 ], [ 0.4433, 9.1323 ], [ 0.4195, 9.1529 ], [ 0.4163, 9.1645 ], [ 0.3985, 9.1799 ], [ 0.4029, 9.1859 ], [ 0.4029, 9.1985 ], [ 0.4085, 9.2175 ], [ 0.4085, 9.2467 ], [ 0.4279, 9.2711 ], [ 0.4603, 9.2963 ], [ 0.4695, 9.3095 ], [ 0.4711, 9.3165 ], [ 0.4667, 9.3369 ], [ 0.4469, 9.3481 ], [ 0.4315, 9.3519 ], [ 0.4123, 9.3411 ], [ 0.4033, 9.3313 ], [ 0.3789, 9.3285 ], [ 0.3639, 9.3377 ], [ 0.3675, 9.3741 ], [ 0.3495, 9.3741 ], [ 0.3109, 9.3559 ], [ 0.2989, 9.3587 ], [ 0.2913, 9.3563 ], [ 0.2767, 9.3603 ], [ 0.2535, 9.3405 ], [ 0.2463, 9.3399 ], [ 0.2507, 9.3313 ], [ 0.2507, 9.3229 ], [ 0.2601, 9.3141 ], [ 0.2567, 9.2897 ], [ 0.2497, 9.2885 ], [ 0.2455, 9.2971 ], [ 0.2359, 9.3019 ], [ 0.1863, 9.3045 ], [ 0.1793, 9.2723 ], [ 0.1813, 9.2411 ], [ 0.1901, 9.2345 ], [ 0.2113, 9.2387 ], [ 0.2189, 9.2335 ], [ 0.2195, 9.2291 ], [ 0.1927, 9.1987 ], [ 0.1739, 9.1925 ], [ 0.1677, 9.1619 ] ] ] } },
{ "type": "Feature", "properties": { "iso3": "GHA", "unit_id": "30259293B91764515750400", "unit_name": "Bunkpurugu Nakpanduri" }, "geometry": { "type": "Polygon", "coordinates": [ [ [ 0.0563, 10.3073 ], [ 0.0699, 10.3063 ], [ 0.0851, 10.3095 ], [ 0.1045, 10.3229 ], [ 0.1159, 10.3413 ], [ 0.1199, 10.3405 ], [ 0.1307, 10.3477 ], [ 0.1429, 10.3489 ], [ 0.1489, 10.3567 ], [ 0.1559, 10.3563 ], [ 0.1589, 10.3589 ], [ 0.1561, 10.3665 ], [ 0.1593, 10.3723 ], [ 0.1867, 10.3811 ], [ 0.1907, 10.3873 ], [ 0.1981, 10.3871 ], [ 0.1969, 10.3983 ], [ 0.1909, 10.4069 ], [ 0.1893, 10.4169 ], [ 0.1699, 10.4299 ], [ 0.1673, 10.4415 ], [ 0.1719, 10.4479 ], [ 0.1711, 10.4517 ], [ 0.1645, 10.4543 ], [ 0.1565, 10.4631 ], [ 0.1589, 10.4745 ], [ 0.1511, 10.4887 ], [ 0.1431, 10.5259 ], [ 0.1279, 10.5301 ], [ 0.1177, 10.5413 ], [ 0.0605, 10.5621 ], [ 0.0553, 10.5843 ], [ 0.0429, 10.5951 ], [ 0.0415, 10.6011 ], [ -0.0104, 10.6163 ], [ -0.0219, 10.6247 ], [ -0.0598, 10.6333 ], [ -0.0783, 10.6907 ], [ -0.0909, 10.7103 ], [ -0.1081, 10.7015 ], [ -0.1122, 10.6943 ], [ -0.1229, 10.6867 ], [ -0.1386, 10.6827 ], [ -0.1518, 10.6729 ], [ -0.1834, 10.6695 ], [ -0.2046, 10.6583 ], [ -0.2306, 10.6551 ], [ -0.2434, 10.6441 ], [ -0.2293, 10.6003 ], [ -0.212, 10.5867 ], [ -0.1946, 10.5821 ], [ -0.1905, 10.5763 ], [ -0.2017, 10.5605 ], [ -0.206, 10.5605 ], [ -0.2197, 10.5483 ], [ -0.2221, 10.5367 ], [ -0.2194, 10.5253 ], [ -0.1676, 10.5379 ], [ -0.144, 10.5259 ], [ -0.1197, 10.5231 ], [ -0.0555, 10.5067 ], [ -0.0193, 10.5019 ], [ 0.0139, 10.4877 ], [ 0.0247, 10.4703 ], [ 0.0335, 10.4637 ], [ 0.0431, 10.4283 ], [ 0.0405, 10.4061 ], [ 0.0457, 10.4053 ], [ 0.0695, 10.3831 ], [ 0.0647, 10.3611 ], [ 0.0495, 10.3425 ], [ 0.0479, 10.3363 ], [ 0.0563, 10.3073 ] ] ] } },
{ "type": "Feature", "properties": { "iso3": "GHA", "unit_id": "30259293B27302757396670", "unit_name": "Chereponi" }, "geometry": { "type": "Polygon", "coordinates": [ [ [ 0.0705, 9.9661 ], [ 0.0859, 9.9665 ], [ 0.0979, 9.9721 ], [ 0.1067, 9.9677 ], [ 0.1137, 9.9719 ], [ 0.1255, 9.9713 ], [ 0.1289, 9.9701 ], [ 0.1305, 9.9593 ], [ 0.1549, 9.9853 ], [ 0.1845, 9.9785 ], [ 0.1897, 9.9749 ], [ 0.1889, 9.9673 ], [ 0.2053, 9.9609 ], [ 0.2265, 9.9607 ], [ 0.2353, 9.9575 ], [ 0.2581, 9.9633 ], [ 0.2623, 9.9611 ], [ 0.2751, 9.9727 ], [ 0.3027, 9.9765 ], [ 0.3063, 9.9737 ], [ 0.3091, 9.9619 ], [ 0.3243, 9.9619 ], [ 0.3265, 9.9435 ], [ 0.3477, 9.9397 ], [ 0.3491, 9.9485 ], [ 0.3525, 9.9475 ], [ 0.3623, 9.9401 ], [ 0.3645, 9.9321 ], [ 0.3863, 9.9393 ], [ 0.3861, 9.9483 ], [ 0.3689, 9.9655 ], [ 0.3595, 9.9861 ], [ 0.3571, 9.9965 ], [ 0.3639, 10.0125 ], [ 0.3607, 10.0305 ], [ 0.3643, 10.0343 ], [ 0.3745, 10.0277 ], [ 0.3917, 10.0267 ], [ 0.4025, 10.0205 ], [ 0.4111, 10.0227 ], [ 0.4173, 10.0577 ], [ 0.3945, 10.0809 ], [ 0.3621, 10.0865 ], [ 0.3555, 10.0919 ], [ 0.3523, 10.1011 ], [ 0.3531, 10.1133 ], [ 0.3629, 10.1381 ], [ 0.3623, 10.1449 ], [ 0.3507, 10.1671 ], [ 0.3531, 10.1809 ], [ 0.3511, 10.1911 ], [ 0.3557, 10.2025 ], [ 0.3555, 10.2145 ], [ 0.3607, 10.2205 ], [ 0.3617, 10.2603 ], [ 0.3649, 10.2653 ], [ 0.3731, 10.2671 ], [ 0.3813, 10.2753 ], [ 0.3697, 10.2847 ], [ 0.3769, 10.2877 ], [ 0.3881, 10.3037 ], [ 0.3975, 10.3057 ], [ 0.3963, 10.3135 ], [ 0.3879, 10.3159 ], [ 0.3671, 10.3109 ], [ 0.3543, 10.3133 ], [ 0.3477, 10.3079 ], [ 0.3327, 10.3113 ], [ 0.3251, 10.3071 ], [ 0.3171, 10.3107 ], [ 0.3225, 10.3147 ], [ 0.3233, 10.3193 ], [ 0.3369, 10.3247 ], [ 0.3365, 10.3289 ], [ 0.3337, 10.3357 ], [ 0.3271, 10.3399 ], [ 0.3187, 10.3349 ], [ 0.3157, 10.3383 ], [ 0.3123, 10.3645 ], [ 0.3067, 10.3711 ], [ 0.3027, 10.3701 ], [ 0.2911, 10.3761 ], [ 0.3001, 10.3939 ], [ 0.2997, 10.4001 ], [ 0.2983, 10.4089 ], [ 0.2903, 10.4095 ], [ 0.2851, 10.4213 ], [ 0.2725, 10.4201 ], [ 0.2679, 10.4115 ], [ 0.2633, 10.4097 ], [ 0.2509, 10.4095 ], [ 0.2441, 10.4153 ], [ 0.2357, 10.4131 ], [ 0.2169, 10.4259 ], [ 0.2099, 10.4179 ], [ 0.2057, 10.4175 ], [ 0.2077, 10.4063 ], [ 0.1939, 10.4031 ], [ 0.1981, 10.3871 ], [ 0.1907, 10.3873 ], [ 0.1867, 10.3811 ], [ 0.1593, 10.3723 ], [ 0.1561, 10.3665 ], [ 0.1589, 10.3589 ], [ 0.1559, 10.3563 ], [ 0.1489, 10.3567 ], [ 0.1429, 10.3489 ], [ 0.1307, 10.3477 ], [ 0.1199, 10.3405 ], [ 0.1159, 10.3413 ], [ 0.1045, 10.3229 ], [ 0.0851, 10.3095 ], [ 0.0699, 10.3063 ], [ 0.0563, 10.3073 ], [ 0.0589, 10.2943 ], [ 0.0739, 10.2937 ], [ 0.0777, 10.2873 ], [ 0.0823, 10.2559 ], [ 0.0901, 10.2493 ], [ 0.0905, 10.2441 ], [ 0.0813, 10.2365 ], [ 0.0767, 10.2265 ], [ 0.0835, 10.2131 ], [ 0.0755, 10.2043 ], [ 0.0659, 10.2003 ], [ 0.0615, 10.1799 ], [ 0.0655, 10.1723 ], [ 0.0719, 10.1717 ], [ 0.0811, 10.1573 ], [ 0.0911, 10.1509 ], [ 0.0979, 10.1385 ], [ 0.1105, 10.1297 ], [ 0.1065, 10.1193 ], [ 0.1175, 10.0841 ], [ 0.1133, 10.0733 ], [ 0.1195, 10.0463 ], [ 0.1241, 10.0391 ], [ 0.1241, 10.0297 ], [ 0.1191, 10.0171 ], [ 0.1087, 10.0053 ], [ 0.0823, 9.9987 ], [ 0.0705, 10.0017 ], [ 0.0635, 9.9989 ], [ 0.0717, 9.9757 ], [ 0.0705, 9.9661 ] ] ] } },
{ "type": "Feature", "properties": { "iso3": "GHA", "unit_id": "30259293B27316157533707", "unit_name": "East Mamprusi" }, "geometry": { "type": "Polygon", "coordinates": [ [ [ -0.0081, 10.3297 ], [ -0.0052, 10.3375 ], [ -0.0106, 10.3491 ], [ -0.0198, 10.3479 ], [ -0.0345, 10.3561 ], [ -0.0443, 10.3557 ], [ -0.0509, 10.3623 ], [ -0.0754, 10.3535 ], [ -0.0866, 10.3415 ], [ -0.0966, 10.3403 ], [ -0.1439, 10.3555 ], [ -0.1516, 10.3619 ], [ -0.1656, 10.3667 ], [ -0.1754, 10.3771 ], [ -0.1789, 10.3751 ], [ -0.1831, 10.3825 ], [ -0.1801, 10.3921 ], [ -0.1862, 10.4083 ], [ -0.1966, 10.4155 ], [ -0.2126, 10.4377 ], [ -0.2116, 10.4521 ], [ -0.2159, 10.4607 ], [ -0.2123, 10.4819 ], [ -0.2146, 10.4841 ], [ -0.2134, 10.4953 ], [ -0.2209, 10.5069 ], [ -0.2216, 10.5443 ], [ -0.2171, 10.5523 ], [ -0.206, 10.5605 ], [ -0.2017, 10.5605 ], [ -0.1905, 10.5763 ], [ -0.1946, 10.5821 ], [ -0.212, 10.5867 ], [ -0.2293, 10.6003 ], [ -0.2434, 10.6441 ], [ -0.2577, 10.6383 ], [ -0.2604, 10.6323 ], [ -0.2785, 10.6391 ], [ -0.2849, 10.6353 ], [ -0.2873, 10.6375 ], [ -0.2947, 10.6353 ], [ -0.3122, 10.6229 ], [ -0.3329, 10.6243 ], [ -0.3355, 10.6213 ], [ -0.3474, 10.6193 ], [ -0.3554, 10.6255 ], [ -0.3651, 10.6253 ], [ -0.3969, 10.6081 ], [ -0.4431, 10.5999 ], [ -0.4524, 10.6017 ], [ -0.4691, 10.6183 ], [ -0.4992, 10.6233 ], [ -0.507, 10.6075 ], [ -0.5084, 10.5677 ], [ -0.5111, 10.5641 ], [ -0.5264, 10.5581 ], [ -0.5544, 10.5717 ], [ -0.5685, 10.5639 ], [ -0.5775, 10.5507 ], [ -0.5917, 10.5467 ], [ -0.6182, 10.5555 ], [ -0.6296, 10.5529 ], [ -0.6401, 10.5557 ], [ -0.6531, 10.5495 ], [ -0.6672, 10.5259 ], [ -0.6627, 10.5019 ], [ -0.6704, 10.4811 ], [ -0.6537, 10.4705 ], [ -0.6507, 10.4583 ], [ -0.6563, 10.4423 ], [ -0.6595, 10.4177 ], [ -0.6173, 10.4209 ], [ -0.6134, 10.4115 ], [ -0.6151, 10.3965 ], [ -0.5954, 10.3733 ], [ -0.5887, 10.3471 ], [ -0.5517, 10.3359 ], [ -0.5349, 10.3241 ], [ -0.5215, 10.3269 ], [ -0.5116, 10.3185 ], [ -0.5057, 10.3085 ], [ -0.5029, 10.3189 ], [ -0.4966, 10.3243 ], [ -0.4815, 10.3263 ], [ -0.4545, 10.3017 ], [ -0.385, 10.2971 ], [ -0.3723, 10.2761 ], [ -0.3587, 10.2623 ], [ -0.352, 10.2751 ], [ -0.3102, 10.2909 ], [ -0.2965, 10.2913 ], [ -0.2834, 10.2823 ], [ -0.2678, 10.2769 ], [ -0.2616, 10.2787 ], [ -0.256, 10.2849 ], [ -0.2391, 10.2873 ], [ -0.2031, 10.2667 ], [ -0.1964, 10.2751 ], [ -0.1637, 10.2833 ], [ -0.1549, 10.2927 ], [ -0.1443, 10.2945 ], [ -0.1158, 10.2865 ], [ -0.0945, 10.2703 ], [ -0.0865, 10.2897 ], [ -0.0882, 10.2951 ], [ -0.0723, 10.2951 ], [ -0.0251, 10.2733 ], [ -0.0293, 10.2873 ], [ -0.0261, 10.3181 ], [ -0.0188, 10.3283 ], [ -0.0081, 10.3297 ] ] ] } },
{ "type": "Feature", "properties": { "iso3": "GHA", "unit_id": "30259293B49627542636965", "unit_name": "Mamprugu Moagduri" }, "geometry": { "type": "Polygon", "coordinates": [ [ [ -1.0572, 10.1583 ], [ -1.0519, 10.1667 ], [ -1.0518, 10.1765 ], [ -1.0471, 10.1853 ], [ -1.044, 10.1875 ], [ -1.0285, 10.1843 ], [ -1.0106, 10.1925 ], [ -1.0046, 10.1985 ], [ -1.0094, 10.2007 ], [ -1.0136, 10.2139 ], [ -1.0181, 10.2133 ], [ -1.0232, 10.2047 ], [ -1.0286, 10.2069 ], [ -1.0263, 10.2215 ], [ -1.0136, 10.2225 ], [ -1.0094, 10.2289 ], [ -1.0105, 10.2387 ], [ -1.0156, 10.2477 ], [ -1.0096, 10.2629 ], [ -1.0321, 10.2687 ], [ -1.0473, 10.2849 ], [ -1.0472, 10.2965 ], [ -1.0312, 10.2925 ], [ -1.0263, 10.2937 ], [ -1.0255, 10.3001 ], [ -1.0401, 10.3093 ], [ -1.0602, 10.3091 ], [ -1.0631, 10.3125 ], [ -1.0638, 10.3263 ], [ -1.0832, 10.3317 ], [ -1.087, 10.3369 ], [ -1.083, 10.3485 ], [ -1.0686, 10.3493 ], [ -1.0548, 10.3613 ], [ -1.053, 10.3745 ], [ -1.0579, 10.3815 ], [ -1.0628, 10.3825 ], [ -1.0662, 10.3797 ], [ -1.0677, 10.4081 ], [ -1.0805, 10.4203 ], [ -1.0775, 10.4295 ], [ -1.0823, 10.4349 ], [ -1.0817, 10.4451 ], [ -1.0743, 10.4437 ], [ -1.0642, 10.4515 ], [ -1.0602, 10.4625 ], [ -1.0624, 10.4687 ], [ -1.0728, 10.4713 ], [ -1.0708, 10.4911 ], [ -1.1103, 10.4761 ], [ -1.1324, 10.4589 ], [ -1.1656, 10.4127 ], [ -1.232, 10.3871 ], [ -1.2345, 10.3799 ], [ -1.2321, 10.3671 ], [ -1.214, 10.3443 ], [ -1.2111, 10.3241 ], [ -1.2176, 10.3083 ], [ -1.2232, 10.3033 ], [ -1.2231, 10.2961 ], [ -1.2314, 10.2919 ], [ -1.2289, 10.2885 ], [ -1.2316, 10.2855 ], [ -1.2403, 10.2853 ], [ -1.242, 10.2801 ], [ -1.2458, 10.2815 ], [ -1.2536, 10.2781 ], [ -1.2569, 10.2905 ], [ -1.2553, 10.3003 ], [ -1.2692, 10.3115 ], [ -1.2696, 10.3259 ], [ -1.2728, 10.3257 ], [ -1.2727, 10.3221 ], [ -1.2852, 10.3223 ], [ -1.2915, 10.3261 ], [ -1.296, 10.3247 ], [ -1.3255, 10.3325 ], [ -1.3245, 10.3393 ], [ -1.3349, 10.3467 ], [ -1.3418, 10.3439 ], [ -1.3478, 10.3483 ], [ -1.3446, 10.3511 ], [ -1.3449, 10.3643 ], [ -1.3512, 10.3735 ], [ -1.3732, 10.3821 ], [ -1.3792, 10.3891 ], [ -1.3843, 10.4047 ], [ -1.3736, 10.4057 ], [ -1.3662, 10.4153 ], [ -1.3641, 10.4209 ], [ -1.3714, 10.4265 ], [ -1.3645, 10.4299 ], [ -1.3626, 10.4359 ], [ -1.3777, 10.4529 ], [ -1.3788, 10.4567 ], [ -1.3742, 10.4587 ], [ -1.3771, 10.4663 ], [ -1.4016, 10.4845 ], [ -1.4055, 10.4827 ], [ -1.4178, 10.4677 ], [ -1.4291, 10.4641 ], [ -1.4334, 10.4671 ], [ -1.4456, 10.4613 ], [ -1.4511, 10.4537 ], [ -1.4676, 10.4433 ], [ -1.4746, 10.4337 ], [ -1.5178, 10.4059 ], [ -1.5703, 10.3555 ], [ -1.6198, 10.2687 ], [ -1.6469, 10.2165 ], [ -1.6513, 10.2005 ], [ -1.6625, 10.1865 ], [ -1.6604, 10.1785 ], [ -1.6648, 10.1743 ], [ -1.6548, 10.1621 ], [ -1.6353, 10.1529 ], [ -1.622, 10.1343 ], [ -1.6007, 10.1329 ], [ -1.5935, 10.1143 ], [ -1.5947, 10.1067 ], [ -1.5879, 10.1007 ], [ -1.588, 10.0783 ], [ -1.5823, 10.0815 ], [ -1.5783, 10.0891 ], [ -1.5602, 10.0911 ], [ -1.5573, 10.0973 ], [ -1.5517, 10.0933 ], [ -1.546, 10.0707 ], [ -1.5324, 10.0739 ], [ -1.5245, 10.0833 ], [ -1.5171, 10.0863 ], [ -1.5031, 10.0845 ], [ -1.4968, 10.0901 ], [ -1.4669, 10.1037 ], [ -1.4375, 10.1031 ], [ -1.4119, 10.0895 ], [ -1.4037, 10.0935 ], [ -1.3836, 10.0903 ], [ -1.3722, 10.0949 ], [ -1.3559, 10.0805 ], [ -1.3214, 10.0659 ], [ -1.3092, 10.0649 ], [ -1.3016, 10.0497 ], [ -1.2871, 10.0367 ], [ -1.2797, 10.0381 ], [ -1.2762, 10.0317 ], [ -1.2575, 10.0355 ], [ -1.2403, 10.0261 ], [ -1.2361, 10.0301 ], [ -1.2401, 10.0355 ], [ -1.2393, 10.0397 ], [ -1.2284, 10.0623 ], [ -1.2094, 10.0889 ], [ -1.1444, 10.1169 ], [ -1.1396, 10.1179 ], [ -1.1307, 10.1127 ], [ -1.1262, 10.1155 ], [ -1.122, 10.1303 ], [ -1.1313, 10.1413 ], [ -1.1234, 10.1507 ], [ -1.1109, 10.1865 ], [ -1.0945, 10.1845 ], [ -1.0797, 10.1773 ], [ -1.0572, 10.1583 ] ] ] } },
{ "type": "Feature", "properties": { "iso3": "GHA", "unit_id": "30259293B89190092580792", "unit_name": "West Mamprusi Municipal" }, "geometry": { "type": "Polygon", "coordinates": [ [ [ -0.5057, 10.3085 ], [ -0.5116, 10.3185 ], [ -0.5215, 10.3269 ], [ -0.5349, 10.3241 ], [ -0.5517, 10.3359 ], [ -0.5887, 10.3471 ], [ -0.5954, 10.3733 ], [ -0.6151, 10.3965 ], [ -0.6134, 10.4115 ], [ -0.6173, 10.4209 ], [ -0.6595, 10.4177 ], [ -0.6563, 10.4423 ], [ -0.6507, 10.4583 ], [ -0.6537, 10.4705 ], [ -0.6704, 10.4811 ], [ -0.6627, 10.5019 ], [ -0.6672, 10.5259 ], [ -0.6836, 10.5283 ], [ -0.6902, 10.5427 ], [ -0.7011, 10.5343 ], [ -0.7045, 10.5239 ], [ -0.7085, 10.5235 ], [ -0.7156, 10.5299 ], [ -0.7147, 10.5377 ], [ -0.7051, 10.5441 ], [ -0.6863, 10.5655 ], [ -0.6936, 10.5885 ], [ -0.7035, 10.5969 ], [ -0.7137, 10.6007 ], [ -0.7188, 10.6081 ], [ -0.7184, 10.6145 ], [ -0.7063, 10.6207 ], [ -0.7119, 10.6411 ], [ -0.7275, 10.6517 ], [ -0.7547, 10.6405 ], [ -0.7651, 10.6435 ], [ -0.773, 10.6505 ], [ -0.7888, 10.6525 ], [ -0.7938, 10.6509 ], [ -0.7969, 10.6453 ], [ -0.7979, 10.6197 ], [ -0.824, 10.6009 ], [ -0.8384, 10.6005 ], [ -0.8423, 10.5763 ], [ -0.8549, 10.5817 ], [ -0.8611, 10.5917 ], [ -0.8748, 10.5947 ], [ -0.9092, 10.5759 ], [ -0.9085, 10.5611 ], [ -0.8916, 10.5179 ], [ -0.912, 10.4989 ], [ -0.9196, 10.4859 ], [ -0.928, 10.4803 ], [ -0.9323, 10.4807 ], [ -0.9348, 10.4859 ], [ -0.9167, 10.5063 ], [ -0.9092, 10.5233 ], [ -0.9135, 10.5281 ], [ -0.9306, 10.5247 ], [ -0.9485, 10.5337 ], [ -0.9585, 10.5289 ], [ -0.967, 10.5369 ], [ -0.9793, 10.5323 ], [ -1.0084, 10.5381 ], [ -1.0306, 10.5289 ], [ -1.0498, 10.5105 ], [ -1.0528, 10.5017 ], [ -1.0569, 10.4981 ], [ -1.0655, 10.4979 ], [ -1.0708, 10.4911 ], [ -1.0728, 10.4713 ], [ -1.0624, 10.4687 ], [ -1.0602, 10.4625 ], [ -1.0642, 10.4515 ], [ -1.0743, 10.4437 ], [ -1.0817, 10.4451 ], [ -1.0823, 10.4349 ], [ -1.0775, 10.4295 ], [ -1.0805, 10.4203 ], [ -1.0677, 10.4081 ], [ -1.0662, 10.3797 ], [ -1.0628, 10.3825 ], [ -1.0579, 10.3815 ], [ -1.053, 10.3745 ], [ -1.0548, 10.3613 ], [ -1.0686, 10.3493 ], [ -1.083, 10.3485 ], [ -1.087, 10.3369 ], [ -1.0832, 10.3317 ], [ -1.0638, 10.3263 ], [ -1.0631, 10.3125 ], [ -1.0602, 10.3091 ], [ -1.0401, 10.3093 ], [ -1.0255, 10.3001 ], [ -1.0263, 10.2937 ], [ -1.0312, 10.2925 ], [ -1.0472, 10.2965 ], [ -1.0473, 10.2849 ], [ -1.0321, 10.2687 ], [ -1.0096, 10.2629 ], [ -1.0156, 10.2477 ], [ -1.0105, 10.2387 ], [ -1.0094, 10.2289 ], [ -1.0136, 10.2225 ], [ -1.0263, 10.2215 ], [ -1.0286, 10.2069 ], [ -1.0232, 10.2047 ], [ -1.0181, 10.2133 ], [ -1.0136, 10.2139 ], [ -1.0094, 10.2007 ], [ -1.0046, 10.1985 ], [ -1.0106, 10.1925 ], [ -1.0285, 10.1843 ], [ -1.044, 10.1875 ], [ -1.0471, 10.1853 ], [ -1.0518, 10.1765 ], [ -1.0519, 10.1667 ], [ -1.0572, 10.1583 ], [ -1.0636, 10.1553 ], [ -1.0795, 10.1567 ], [ -1.0862, 10.1523 ], [ -1.0935, 10.1377 ], [ -1.0927, 10.1271 ], [ -1.0859, 10.1215 ], [ -1.0622, 10.1199 ], [ -1.0612, 10.1125 ], [ -1.0691, 10.1061 ], [ -1.0313, 10.0981 ], [ -1.0186, 10.0999 ], [ -1.0122, 10.0931 ], [ -1.0103, 10.0809 ], [ -1.0121, 10.0775 ], [ -1.0244, 10.0739 ], [ -1.0266, 10.0635 ], [ -1.0149, 10.0411 ], [ -1.0125, 10.0285 ], [ -1.0028, 10.0187 ], [ -1.0028, 10.0121 ], [ -0.9891, 10.0035 ], [ -0.9906, 9.9927 ], [ -0.9881, 9.9829 ], [ -0.9991, 9.9745 ], [ -1.0023, 9.9673 ], [ -0.9909, 9.9519 ], [ -0.9915, 9.9455 ], [ -0.9817, 9.9451 ], [ -0.9848, 9.9597 ], [ -0.9827, 9.9629 ], [ -0.9738, 9.9569 ], [ -0.9705, 9.9579 ], [ -0.9724, 9.9653 ], [ -0.9616, 9.9911 ], [ -0.9543, 9.9929 ], [ -0.9406, 9.9899 ], [ -0.9423, 9.9981 ], [ -0.94, 10.0097 ], [ -0.9369, 10.0115 ], [ -0.9321, 10.0109 ], [ -0.9256, 10.0025 ], [ -0.9219, 10.0019 ], [ -0.9182, 10.0131 ], [ -0.9154, 10.0103 ], [ -0.9115, 10.0115 ], [ -0.9094, 10.0237 ], [ -0.8967, 10.0209 ], [ -0.895, 10.0335 ], [ -0.8866, 10.0359 ], [ -0.8907, 10.0481 ], [ -0.8886, 10.0515 ], [ -0.8825, 10.0501 ], [ -0.8813, 10.0593 ], [ -0.8705, 10.0549 ], [ -0.8642, 10.0569 ], [ -0.8636, 10.0615 ], [ -0.8669, 10.0635 ], [ -0.8696, 10.0737 ], [ -0.8687, 10.0775 ], [ -0.8589, 10.0841 ], [ -0.8597, 10.0885 ], [ -0.8683, 10.0953 ], [ -0.8582, 10.1039 ], [ -0.8559, 10.1121 ], [ -0.8495, 10.1147 ], [ -0.8493, 10.1185 ], [ -0.8555, 10.1257 ], [ -0.8529, 10.1289 ], [ -0.8377, 10.1315 ], [ -0.8365, 10.1219 ], [ -0.8203, 10.1193 ], [ -0.8212, 10.1255 ], [ -0.8178, 10.1269 ], [ -0.8019, 10.1561 ], [ -0.794, 10.1457 ], [ -0.7882, 10.1517 ], [ -0.7849, 10.1497 ], [ -0.7835, 10.1423 ], [ -0.7807, 10.1449 ], [ -0.7804, 10.1551 ], [ -0.7726, 10.1553 ], [ -0.7635, 10.1643 ], [ -0.7576, 10.1605 ], [ -0.7488, 10.1605 ], [ -0.7442, 10.1669 ], [ -0.7325, 10.1615 ], [ -0.7367, 10.1677 ], [ -0.7336, 10.1701 ], [ -0.7208, 10.1685 ], [ -0.7126, 10.1639 ], [ -0.7134, 10.1755 ], [ -0.7181, 10.1767 ], [ -0.7132, 10.1829 ], [ -0.7093, 10.1775 ], [ -0.7043, 10.1783 ], [ -0.6928, 10.1871 ], [ -0.6905, 10.1829 ], [ -0.6862, 10.1841 ], [ -0.6834, 10.1889 ], [ -0.6812, 10.1811 ], [ -0.6682, 10.1797 ], [ -0.6579, 10.1921 ], [ -0.6527, 10.1919 ], [ -0.6531, 10.1827 ], [ -0.6501, 10.1815 ], [ -0.6463, 10.1893 ], [ -0.6333, 10.1831 ], [ -0.6317, 10.1759 ], [ -0.6248, 10.1713 ], [ -0.6266, 10.1675 ], [ -0.6239, 10.1649 ], [ -0.5991, 10.1603 ], [ -0.5899, 10.1727 ], [ -0.5582, 10.1973 ], [ -0.5476, 10.2105 ], [ -0.5411, 10.2257 ], [ -0.5415, 10.2323 ], [ -0.5469, 10.2373 ], [ -0.5465, 10.2471 ], [ -0.5406, 10.2611 ], [ -0.5341, 10.2659 ], [ -0.5312, 10.2511 ], [ -0.5219, 10.2353 ], [ -0.5193, 10.2459 ], [ -0.5153, 10.2469 ], [ -0.5152, 10.2417 ], [ -0.5125, 10.2427 ], [ -0.5096, 10.2371 ], [ -0.503, 10.2403 ], [ -0.499, 10.2375 ], [ -0.5097, 10.2507 ], [ -0.5094, 10.2557 ], [ -0.5017, 10.2593 ], [ -0.5051, 10.2665 ], [ -0.5037, 10.2703 ], [ -0.4991, 10.2709 ], [ -0.4979, 10.2797 ], [ -0.505, 10.2927 ], [ -0.5057, 10.3085 ] ] ] } },
{ "type": "Feature", "properties": { "iso3": "GHA", "unit_id": "30259293B93345173857558", "unit_name": "Yunyoo-Nasuan" }, "geometry": { "type": "Polygon", "coordinates": [ [ [ 0.0495, 10.3425 ], [ 0.0647, 10.3611 ], [ 0.0695, 10.3831 ], [ 0.0457, 10.4053 ], [ 0.0405, 10.4061 ], [ 0.0431, 10.4283 ], [ 0.0335, 10.4637 ], [ 0.0247, 10.4703 ], [ 0.0139, 10.4877 ], [ -0.0193, 10.5019 ], [ -0.0555, 10.5067 ], [ -0.1197, 10.5231 ], [ -0.144, 10.5259 ], [ -0.1676, 10.5379 ], [ -0.2194, 10.5253 ], [ -0.2209, 10.5069 ], [ -0.2134, 10.4953 ], [ -0.2146, 10.4841 ], [ -0.2123, 10.4819 ], [ -0.2159, 10.4645 ], [ -0.2116, 10.4521 ], [ -0.2126, 10.4377 ], [ -0.1966, 10.4155 ], [ -0.1862, 10.4083 ], [ -0.1801, 10.3921 ], [ -0.1831, 10.3825 ], [ -0.1789, 10.3751 ], [ -0.1754, 10.3771 ], [ -0.1656, 10.3667 ], [ -0.1516, 10.3619 ], [ -0.1439, 10.3555 ], [ -0.0966, 10.3403 ], [ -0.0866, 10.3415 ], [ -0.0754, 10.3535 ], [ -0.0551, 10.3629 ], [ -0.0443, 10.3557 ], [ -0.0345, 10.3561 ], [ -0.0198, 10.3479 ], [ -0.0106, 10.3491 ], [ -0.0052, 10.3375 ], [ -0.0081, 10.3297 ], [ 0.0239, 10.3329 ], [ 0.0299, 10.3379 ], [ 0.0335, 10.3363 ], [ 0.0495, 10.3425 ] ] ] } },
{ "type": "Feature", "properties": { "iso3": "GHA", "unit_id": "30259293B85806832758350", "unit_name": "Biakoye" }, "geometry": { "type": "Polygon", "coordinates": [ [ [ 0.1823, 7.1797 ], [ 0.2163, 7.1741 ], [ 0.2353, 7.1671 ], [ 0.2425, 7.1487 ], [ 0.2427, 7.1271 ], [ 0.2245, 7.0995 ], [ 0.3159, 7.0959 ], [ 0.3289, 7.0907 ], [ 0.3397, 7.1161 ], [ 0.3391, 7.1297 ], [ 0.3495, 7.1265 ], [ 0.3575, 7.1317 ], [ 0.3677, 7.1483 ], [ 0.3917, 7.2267 ], [ 0.4157, 7.2663 ], [ 0.4271, 7.2809 ], [ 0.4353, 7.2847 ], [ 0.4421, 7.2779 ], [ 0.4469, 7.2779 ], [ 0.4467, 7.2821 ], [ 0.4509, 7.2847 ], [ 0.4505, 7.2963 ], [ 0.4653, 7.2897 ], [ 0.4795, 7.2923 ], [ 0.4665, 7.3283 ], [ 0.4703, 7.3301 ], [ 0.4729, 7.3465 ], [ 0.4701, 7.4057 ], [ 0.4565, 7.3977 ], [ 0.4433, 7.3761 ], [ 0.4443, 7.3631 ], [ 0.4395, 7.3609 ], [ 0.4081, 7.3573 ], [ 0.3919, 7.3669 ], [ 0.3809, 7.3685 ], [ 0.3553, 7.3593 ], [ 0.3323, 7.3631 ], [ 0.3259, 7.3721 ], [ 0.3265, 7.3767 ], [ 0.3331, 7.3791 ], [ 0.3451, 7.3935 ], [ 0.3463, 7.4225 ], [ 0.3549, 7.4291 ], [ 0.3693, 7.4327 ], [ 0.3917, 7.4763 ], [ 0.3885, 7.4991 ], [ 0.3915, 7.5099 ], [ 0.4073, 7.5167 ], [ 0.4199, 7.5305 ], [ 0.4239, 7.6141 ], [ 0.4229, 7.6889 ], [ 0.4191, 7.6899 ], [ 0.4191, 7.6929 ], [ 0.3975, 7.6941 ], [ 0.3771, 7.6855 ], [ 0.3765, 7.6895 ], [ 0.3709, 7.6843 ], [ 0.3707, 7.6791 ], [ 0.3545, 7.6691 ], [ 0.3529, 7.6579 ], [ 0.3485, 7.6561 ], [ 0.3441, 7.6297 ], [ 0.3321, 7.6179 ], [ 0.3335, 7.6137 ], [ 0.3301, 7.6067 ], [ 0.3361, 7.5965 ], [ 0.3213, 7.5903 ], [ 0.3245, 7.5841 ], [ 0.3221, 7.5801 ], [ 0.3281, 7.5747 ], [ 0.3229, 7.5663 ], [ 0.3271, 7.5607 ], [ 0.3263, 7.5467 ], [ 0.3161, 7.5367 ], [ 0.3061, 7.5401 ], [ 0.3051, 7.5367 ], [ 0.3115, 7.5299 ], [ 0.3059, 7.5207 ], [ 0.3097, 7.5193 ], [ 0.3059, 7.5113 ], [ 0.3065, 7.5045 ], [ 0.3025, 7.5055 ], [ 0.3003, 7.5027 ], [ 0.3017, 7.4875 ], [ 0.2805, 7.4831 ], [ 0.2577, 7.4657 ], [ 0.2437, 7.4671 ], [ 0.2287, 7.4561 ], [ 0.1827, 7.4323 ], [ 0.1789, 7.4221 ], [ 0.1703, 7.4157 ], [ 0.1451, 7.4135 ], [ 0.1347, 7.4159 ], [ 0.1241, 7.4065 ], [ 0.1365, 7.4023 ], [ 0.1505, 7.3909 ], [ 0.1727, 7.3805 ], [ 0.1789, 7.3811 ], [ 0.1987, 7.3681 ], [ 0.2085, 7.3509 ], [ 0.2151, 7.3101 ], [ 0.2041, 7.2755 ], [ 0.1921, 7.2191 ], [ 0.1827, 7.1933 ], [ 0.1823, 7.1797 ] ] ] } },
{ "type": "Feature", "properties": { "iso3": "GHA", "unit_id": "30259293B19465856092956", "unit_name": "Jasikan" }, "geometry": { "type": "Polygon", "coordinates": [ [ [ 0.4795, 7.2923 ], [ 0.4927, 7.2911 ], [ 0.4979, 7.2969 ], [ 0.5125, 7.3013 ], [ 0.5227, 7.2979 ], [ 0.5313, 7.3047 ], [ 0.5393, 7.2965 ], [ 0.5419, 7.2745 ], [ 0.5335, 7.2495 ], [ 0.5171, 7.2397 ], [ 0.5213, 7.2347 ], [ 0.5193, 7.2205 ], [ 0.5357, 7.2201 ], [ 0.5427, 7.2251 ], [ 0.5409, 7.2333 ], [ 0.5441, 7.2385 ], [ 0.5487, 7.2389 ], [ 0.5531, 7.2529 ], [ 0.5609, 7.2597 ], [ 0.5639, 7.2685 ], [ 0.5715, 7.2681 ], [ 0.5745, 7.2875 ], [ 0.5807, 7.2879 ], [ 0.5839, 7.2783 ], [ 0.6063, 7.2665 ], [ 0.6443, 7.2631 ], [ 0.6431, 7.2787 ], [ 0.6589, 7.3167 ], [ 0.6433, 7.3751 ], [ 0.6473, 7.3807 ], [ 0.6447, 7.3979 ], [ 0.6417, 7.4013 ], [ 0.6313, 7.4031 ], [ 0.6253, 7.4113 ], [ 0.6197, 7.4133 ], [ 0.6053, 7.4061 ], [ 0.6021, 7.4079 ], [ 0.5987, 7.4003 ], [ 0.5731, 7.3947 ], [ 0.5527, 7.4063 ], [ 0.5369, 7.4265 ], [ 0.5323, 7.4549 ], [ 0.5283, 7.4581 ], [ 0.5217, 7.4555 ], [ 0.5195, 7.4613 ], [ 0.5235, 7.4637 ], [ 0.5205, 7.4699 ], [ 0.5281, 7.4797 ], [ 0.5265, 7.4835 ], [ 0.5291, 7.4863 ], [ 0.5239, 7.4931 ], [ 0.5191, 7.5131 ], [ 0.5215, 7.5201 ], [ 0.4855, 7.5151 ], [ 0.4199, 7.5305 ], [ 0.4073, 7.5167 ], [ 0.3915, 7.5099 ], [ 0.3885, 7.4991 ], [ 0.3917, 7.4763 ], [ 0.3693, 7.4327 ], [ 0.3549, 7.4291 ], [ 0.3463, 7.4225 ], [ 0.3451, 7.3935 ], [ 0.3331, 7.3791 ], [ 0.3265, 7.3767 ], [ 0.3259, 7.3721 ], [ 0.3323, 7.3631 ], [ 0.3553, 7.3593 ], [ 0.3809, 7.3685 ], [ 0.3919, 7.3669 ], [ 0.4081, 7.3573 ], [ 0.4395, 7.3609 ], [ 0.4443, 7.3631 ], [ 0.4433, 7.3761 ], [ 0.4565, 7.3977 ], [ 0.4701, 7.4057 ], [ 0.4729, 7.3465 ], [ 0.4703, 7.3301 ], [ 0.4665, 7.3283 ], [ 0.4795, 7.2923 ] ] ] } },
{ "type": "Feature", "properties": { "iso3": "GHA", "unit_id": "30259293B79494638699580", "unit_name": "Kadjebi" }, "geometry": { "type": "Polygon", "coordinates": [ [ [ 0.4199, 7.5305 ], [ 0.4855, 7.5151 ], [ 0.5215, 7.5201 ], [ 0.5291, 7.5831 ], [ 0.5279, 7.5883 ], [ 0.5193, 7.5929 ], [ 0.5305, 7.5973 ], [ 0.5419, 7.6069 ], [ 0.5539, 7.6079 ], [ 0.5863, 7.6251 ], [ 0.5831, 7.6559 ], [ 0.5925, 7.7041 ], [ 0.6029, 7.7101 ], [ 0.6103, 7.7103 ], [ 0.6205, 7.7035 ], [ 0.6291, 7.7057 ], [ 0.6247, 7.7115 ], [ 0.6115, 7.7541 ], [ 0.6187, 7.7577 ], [ 0.6199, 7.7637 ], [ 0.6305, 7.7675 ], [ 0.6309, 7.7707 ], [ 0.6281, 7.7935 ], [ 0.6177, 7.7963 ], [ 0.6205, 7.7989 ], [ 0.6175, 7.8067 ], [ 0.6209, 7.8419 ], [ 0.6241, 7.8423 ], [ 0.6263, 7.8505 ], [ 0.6275, 7.8683 ], [ 0.6233, 7.8715 ], [ 0.6207, 7.9009 ], [ 0.5861, 7.9023 ], [ 0.5657, 7.9145 ], [ 0.5635, 7.9191 ], [ 0.5583, 7.9197 ], [ 0.5507, 7.9135 ], [ 0.5345, 7.9097 ], [ 0.5167, 7.9159 ], [ 0.5083, 7.9143 ], [ 0.5023, 7.9051 ], [ 0.4925, 7.9003 ], [ 0.4947, 7.8973 ], [ 0.4929, 7.8931 ], [ 0.4965, 7.8905 ], [ 0.5039, 7.8935 ], [ 0.5063, 7.8907 ], [ 0.5073, 7.8757 ], [ 0.4979, 7.8691 ], [ 0.4969, 7.8643 ], [ 0.4905, 7.8629 ], [ 0.4841, 7.8451 ], [ 0.4779, 7.8377 ], [ 0.4833, 7.8307 ], [ 0.4797, 7.8287 ], [ 0.4673, 7.8315 ], [ 0.4635, 7.8259 ], [ 0.4499, 7.8361 ], [ 0.4437, 7.8275 ], [ 0.4443, 7.8135 ], [ 0.4507, 7.8069 ], [ 0.4489, 7.8007 ], [ 0.4533, 7.7933 ], [ 0.4429, 7.7617 ], [ 0.4483, 7.7273 ], [ 0.4433, 7.7141 ], [ 0.4445, 7.6913 ], [ 0.4383, 7.6873 ], [ 0.4297, 7.6921 ], [ 0.4229, 7.6889 ], [ 0.4239, 7.6141 ], [ 0.4199, 7.5305 ] ] ] } },
{ "type": "Feature", "properties": { "iso3": "GHA", "unit_id": "30259293B68290284000885", "unit_name": "Krachi East Municipal" }, "geometry": { "type": "Polygon", "coordinates": [ [ [ 0.1241, 7.4065 ], [ 0.1347, 7.4159 ], [ 0.1451, 7.4135 ], [ 0.1703, 7.4157 ], [ 0.1789, 7.4221 ], [ 0.1827, 7.4323 ], [ 0.2287, 7.4561 ], [ 0.2437, 7.4671 ], [ 0.2577, 7.4657 ], [ 0.2805, 7.4831 ], [ 0.3017, 7.4875 ], [ 0.3003, 7.5027 ], [ 0.3025, 7.5055 ], [ 0.3065, 7.5045 ], [ 0.3059, 7.5113 ], [ 0.3097, 7.5193 ], [ 0.3059, 7.5207 ], [ 0.3115, 7.5299 ], [ 0.3051, 7.5367 ], [ 0.3061, 7.5401 ], [ 0.3161, 7.5367 ], [ 0.3263, 7.5467 ], [ 0.3271, 7.5607 ], [ 0.3229, 7.5663 ], [ 0.3281, 7.5747 ], [ 0.3221, 7.5801 ], [ 0.3245, 7.5841 ], [ 0.3213, 7.5903 ], [ 0.3361, 7.5965 ], [ 0.3301, 7.6067 ], [ 0.3335, 7.6137 ], [ 0.3321, 7.6179 ], [ 0.3441, 7.6297 ], [ 0.3485, 7.6561 ], [ 0.3529, 7.6579 ], [ 0.3545, 7.6691 ], [ 0.3707, 7.6791 ], [ 0.3709, 7.6843 ], [ 0.3765, 7.6895 ], [ 0.3771, 7.6855 ], [ 0.4033, 7.6947 ], [ 0.4191, 7.6929 ], [ 0.4191, 7.6899 ], [ 0.4229, 7.6889 ], [ 0.4297, 7.6921 ], [ 0.4383, 7.6873 ], [ 0.4445, 7.6913 ], [ 0.4433, 7.7141 ], [ 0.4483, 7.7273 ], [ 0.4429, 7.7617 ], [ 0.4533, 7.7933 ], [ 0.4489, 7.8007 ], [ 0.4507, 7.8069 ], [ 0.4443, 7.8135 ], [ 0.4437, 7.8275 ], [ 0.4499, 7.8361 ], [ 0.4635, 7.8259 ], [ 0.4673, 7.8315 ], [ 0.4797, 7.8287 ], [ 0.4833, 7.8307 ], [ 0.4779, 7.8377 ], [ 0.4841, 7.8451 ], [ 0.4905, 7.8629 ], [ 0.4969, 7.8643 ], [ 0.4979, 7.8691 ], [ 0.5073, 7.8757 ], [ 0.5063, 7.8907 ], [ 0.5039, 7.8935 ], [ 0.4965, 7.8905 ], [ 0.4929, 7.8931 ], [ 0.4947, 7.8973 ], [ 0.4899, 7.9035 ], [ 0.4893, 7.9113 ], [ 0.4719, 7.9265 ], [ 0.4729, 7.9309 ], [ 0.4691, 7.9363 ], [ 0.4749, 7.9473 ], [ 0.4707, 7.9543 ], [ 0.4597, 7.9557 ], [ 0.4567, 7.9617 ], [ 0.4499, 7.9633 ], [ 0.4381, 7.9573 ], [ 0.4313, 7.9651 ], [ 0.4169, 7.9665 ], [ 0.4135, 7.9695 ], [ 0.4045, 7.9675 ], [ 0.4067, 7.9743 ], [ 0.3933, 7.9859 ], [ 0.3519, 8.0169 ], [ 0.3115, 8.0417 ], [ 0.3117, 8.0539 ], [ 0.3043, 8.0665 ], [ 0.2819, 8.0651 ], [ 0.2681, 8.0721 ], [ 0.2585, 8.0815 ], [ 0.2577, 8.0919 ], [ 0.2633, 8.0939 ], [ 0.2553, 8.0955 ], [ 0.2429, 8.1077 ], [ 0.2559, 8.1077 ], [ 0.2725, 8.1131 ], [ 0.2765, 8.1175 ], [ 0.2843, 8.1157 ], [ 0.3041, 8.1305 ], [ 0.3135, 8.1477 ], [ 0.3169, 8.1669 ], [ 0.3071, 8.1813 ], [ 0.2909, 8.1841 ], [ 0.2833, 8.1885 ], [ 0.2763, 8.1879 ], [ 0.2749, 8.1949 ], [ 0.2773, 8.1975 ], [ 0.2709, 8.2037 ], [ 0.2671, 8.2017 ], [ 0.2673, 8.1965 ], [ 0.2641, 8.1961 ], [ 0.2459, 8.2067 ], [ 0.2309, 8.2005 ], [ 0.2199, 8.2019 ], [ 0.2131, 8.1949 ], [ 0.2031, 8.1961 ], [ 0.1939, 8.1907 ], [ 0.1783, 8.1939 ], [ 0.1785, 8.1857 ], [ 0.1637, 8.1719 ], [ 0.1515, 8.1667 ], [ 0.1527, 8.1619 ], [ 0.1477, 8.1555 ], [ 0.1573, 8.1339 ], [ 0.1767, 8.1159 ], [ 0.1971, 8.1093 ], [ 0.1939, 8.0935 ], [ 0.1731, 8.0883 ], [ 0.1405, 8.0701 ], [ 0.1061, 8.0753 ], [ 0.0897, 8.0745 ], [ 0.0763, 8.0643 ], [ 0.0743, 8.0533 ], [ 0.1187, 8.0149 ], [ 0.1165, 7.9945 ], [ 0.1037, 7.9737 ], [ 0.0657, 7.9505 ], [ 0.0735, 7.9047 ], [ 0.0679, 7.8563 ], [ 0.0613, 7.8331 ], [ 0.0737, 7.8351 ], [ 0.0767, 7.8329 ], [ 0.0779, 7.7943 ], [ 0.0673, 7.7681 ], [ 0.0445, 7.7403 ], [ 0.0373, 7.7123 ], [ 0.0145, 7.6913 ], [ -0.0152, 7.6841 ], [ -0.0168, 7.6483 ], [ -0.0143, 7.6261 ], [ 0.0095, 7.5785 ], [ 0.0431, 7.5391 ], [ 0.0771, 7.4821 ], [ 0.0833, 7.4485 ], [ 0.0911, 7.4293 ], [ 0.0999, 7.4257 ], [ 0.1241, 7.4065 ] ] ] } },
{ "type": "Feature", "properties": { "iso3": "GHA", "unit_id": "30259293B94052882796724", "unit_name": "Krachi Nchumuru" }, "geometry": { "type": "Polygon", "coordinates": [ [ [ -0.1541, 8.0313 ], [ -0.1461, 8.0409 ], [ -0.1263, 8.0517 ], [ -0.0946, 8.0567 ], [ -0.0816, 8.0809 ], [ -0.0756, 8.0815 ], [ -0.058, 8.0973 ], [ -0.0447, 8.1015 ], [ -0.0002, 8.1063 ], [ 0.0241, 8.1031 ], [ 0.0865, 8.0721 ], [ 0.1061, 8.0753 ], [ 0.1405, 8.0701 ], [ 0.1731, 8.0883 ], [ 0.1939, 8.0935 ], [ 0.1971, 8.1093 ], [ 0.1767, 8.1159 ], [ 0.1573, 8.1339 ], [ 0.1477, 8.1555 ], [ 0.1527, 8.1619 ], [ 0.1515, 8.1667 ], [ 0.1637, 8.1719 ], [ 0.1785, 8.1857 ], [ 0.1797, 8.1915 ], [ 0.1783, 8.1939 ], [ 0.1447, 8.1977 ], [ 0.1331, 8.2073 ], [ 0.1299, 8.2147 ], [ 0.1167, 8.2191 ], [ 0.1147, 8.2283 ], [ 0.1061, 8.2257 ], [ 0.0953, 8.2301 ], [ 0.0795, 8.2241 ], [ 0.0859, 8.2327 ], [ 0.0949, 8.2331 ], [ 0.1043, 8.2397 ], [ 0.0907, 8.2673 ], [ 0.0831, 8.2723 ], [ 0.0799, 8.2807 ], [ 0.0615, 8.2821 ], [ 0.0519, 8.2911 ], [ 0.0101, 8.2989 ], [ -0.0021, 8.3197 ], [ -0.0379, 8.3345 ], [ -0.0411, 8.3493 ], [ -0.0582, 8.3521 ], [ -0.0652, 8.3505 ], [ -0.0677, 8.3411 ], [ -0.0833, 8.3375 ], [ -0.087, 8.3329 ], [ -0.1102, 8.3349 ], [ -0.1146, 8.2967 ], [ -0.1245, 8.2731 ], [ -0.1458, 8.2719 ], [ -0.1518, 8.2641 ], [ -0.1693, 8.2521 ], [ -0.1666, 8.2375 ], [ -0.1729, 8.2291 ], [ -0.1861, 8.2323 ], [ -0.1966, 8.2255 ], [ -0.198, 8.2203 ], [ -0.2188, 8.2179 ], [ -0.2243, 8.2129 ], [ -0.2326, 8.2131 ], [ -0.2378, 8.2179 ], [ -0.2594, 8.2163 ], [ -0.2748, 8.2295 ], [ -0.2807, 8.2455 ], [ -0.2918, 8.2427 ], [ -0.3193, 8.2269 ], [ -0.3695, 8.2309 ], [ -0.3875, 8.2241 ], [ -0.3908, 8.2109 ], [ -0.3897, 8.1987 ], [ -0.3849, 8.1951 ], [ -0.3684, 8.2011 ], [ -0.3485, 8.2017 ], [ -0.3586, 8.1857 ], [ -0.3516, 8.1725 ], [ -0.3541, 8.1663 ], [ -0.3847, 8.1529 ], [ -0.3193, 8.1305 ], [ -0.2949, 8.1173 ], [ -0.2488, 8.0771 ], [ -0.2406, 8.0497 ], [ -0.2147, 8.0309 ], [ -0.1732, 8.0247 ], [ -0.1541, 8.0313 ] ] ] } },
{ "type": "Feature", "properties": { "iso3": "GHA", "unit_id": "30259293B72812311148838", "unit_name": "Krachi West" }, "geometry": { "type": "Polygon", "coordinates": [ [ [ -0.0152, 7.6841 ], [ 0.0145, 7.6913 ], [ 0.0373, 7.7123 ], [ 0.0445, 7.7403 ], [ 0.0673, 7.7681 ], [ 0.0779, 7.7943 ], [ 0.0767, 7.8329 ], [ 0.0737, 7.8351 ], [ 0.0613, 7.8331 ], [ 0.0679, 7.8563 ], [ 0.0735, 7.9047 ], [ 0.0657, 7.9505 ], [ 0.1037, 7.9737 ], [ 0.1165, 7.9945 ], [ 0.1187, 8.0149 ], [ 0.0743, 8.0533 ], [ 0.0763, 8.0643 ], [ 0.0865, 8.0721 ], [ 0.0323, 8.1011 ], [ -0.0002, 8.1063 ], [ -0.0272, 8.1043 ], [ -0.058, 8.0973 ], [ -0.0756, 8.0815 ], [ -0.0816, 8.0809 ], [ -0.0946, 8.0567 ], [ -0.1263, 8.0517 ], [ -0.1461, 8.0409 ], [ -0.1541, 8.0313 ], [ -0.1415, 8.0179 ], [ -0.1442, 8.0055 ], [ -0.1702, 7.9699 ], [ -0.1738, 7.9575 ], [ -0.1411, 7.9585 ], [ -0.1349, 7.9485 ], [ -0.1365, 7.9397 ], [ -0.1417, 7.9351 ], [ -0.1454, 7.9031 ], [ -0.1361, 7.8249 ], [ -0.1264, 7.7883 ], [ -0.111, 7.7603 ], [ -0.1001, 7.7505 ], [ -0.0772, 7.7473 ], [ -0.0145, 7.7569 ], [ 0.0041, 7.7425 ], [ 0.0025, 7.7177 ], [ -0.0152, 7.6841 ] ] ] } },
{ "type": "Feature", "properties": { "iso3": "GHA", "unit_id": "30259293B17804137586805", "unit_name": "Nkwanta North" }, "geometry": { "type": "Polygon", "coordinates": [ [ [ 0.2275, 8.3423 ], [ 0.2407, 8.3339 ], [ 0.2739, 8.3327 ], [ 0.2823, 8.3283 ], [ 0.2885, 8.3341 ], [ 0.2853, 8.3417 ], [ 0.2911, 8.3457 ], [ 0.2911, 8.3493 ], [ 0.2829, 8.3509 ], [ 0.2775, 8.3587 ], [ 0.2791, 8.3629 ], [ 0.2863, 8.3621 ], [ 0.2901, 8.3657 ], [ 0.2851, 8.3717 ], [ 0.2897, 8.3895 ], [ 0.2803, 8.3913 ], [ 0.2791, 8.3941 ], [ 0.2875, 8.4155 ], [ 0.2975, 8.4149 ], [ 0.3001, 8.4177 ], [ 0.2823, 8.4305 ], [ 0.2855, 8.4329 ], [ 0.2845, 8.4389 ], [ 0.2887, 8.4417 ], [ 0.2885, 8.4489 ], [ 0.2971, 8.4495 ], [ 0.2945, 8.4569 ], [ 0.3059, 8.4619 ], [ 0.3029, 8.4641 ], [ 0.3061, 8.4695 ], [ 0.2999, 8.4767 ], [ 0.3019, 8.4809 ], [ 0.3133, 8.4817 ], [ 0.3159, 8.4893 ], [ 0.3231, 8.4901 ], [ 0.3165, 8.5055 ], [ 0.3315, 8.5089 ], [ 0.3439, 8.5205 ], [ 0.3623, 8.5265 ], [ 0.3585, 8.5343 ], [ 0.3659, 8.5361 ], [ 0.3707, 8.5503 ], [ 0.3873, 8.5537 ], [ 0.4025, 8.5615 ], [ 0.4213, 8.5817 ], [ 0.4457, 8.5867 ], [ 0.4577, 8.5989 ], [ 0.4695, 8.6003 ], [ 0.3823, 8.7397 ], [ 0.3737, 8.7357 ], [ 0.3533, 8.7419 ], [ 0.3469, 8.7399 ], [ 0.3599, 8.7247 ], [ 0.3591, 8.7197 ], [ 0.3539, 8.7189 ], [ 0.3433, 8.7201 ], [ 0.3425, 8.7283 ], [ 0.3383, 8.7305 ], [ 0.3229, 8.7295 ], [ 0.3145, 8.7341 ], [ 0.3015, 8.7267 ], [ 0.2975, 8.7421 ], [ 0.2935, 8.7413 ], [ 0.2913, 8.7329 ], [ 0.2875, 8.7333 ], [ 0.2839, 8.7247 ], [ 0.2799, 8.7251 ], [ 0.2705, 8.7309 ], [ 0.2697, 8.7397 ], [ 0.2573, 8.7467 ], [ 0.2449, 8.7411 ], [ 0.2377, 8.7519 ], [ 0.2319, 8.7533 ], [ 0.2229, 8.7499 ], [ 0.2125, 8.7543 ], [ 0.1993, 8.7443 ], [ 0.1875, 8.7465 ], [ 0.1871, 8.7419 ], [ 0.1837, 8.7423 ], [ 0.1813, 8.7445 ], [ 0.1809, 8.7621 ], [ 0.1709, 8.7653 ], [ 0.1743, 8.7703 ], [ 0.1679, 8.7739 ], [ 0.1665, 8.7539 ], [ 0.1821, 8.7215 ], [ 0.1807, 8.7105 ], [ 0.1687, 8.7017 ], [ 0.1387, 8.6687 ], [ 0.1361, 8.6527 ], [ 0.1391, 8.6395 ], [ 0.1473, 8.6295 ], [ 0.1697, 8.6157 ], [ 0.1727, 8.6089 ], [ 0.1719, 8.5993 ], [ 0.1699, 8.5949 ], [ 0.1475, 8.5887 ], [ 0.1395, 8.5977 ], [ 0.1269, 8.6047 ], [ 0.1129, 8.5973 ], [ 0.0991, 8.5697 ], [ 0.0945, 8.5511 ], [ 0.0821, 8.5277 ], [ 0.0895, 8.5173 ], [ 0.0939, 8.5017 ], [ 0.1209, 8.4855 ], [ 0.0949, 8.4717 ], [ 0.0817, 8.4609 ], [ 0.0907, 8.4455 ], [ 0.0929, 8.4275 ], [ 0.0865, 8.4033 ], [ 0.1047, 8.3901 ], [ 0.1249, 8.3829 ], [ 0.1653, 8.3911 ], [ 0.2075, 8.4101 ], [ 0.2231, 8.4071 ], [ 0.2443, 8.3865 ], [ 0.2429, 8.3541 ], [ 0.2353, 8.3439 ], [ 0.2275, 8.3423 ] ] ] } },
{ "type": "Feature", "properties": { "iso3": "GHA", "unit_id": "30259293B9200239602105", "unit_name": "Nkwanta South Municipal" }, "geometry": { "type": "Polygon", "coordinates": [ [ [ 0.1237, 8.2309 ], [ 0.1331, 8.2073 ], [ 0.1447, 8.1977 ], [ 0.1939, 8.1907 ], [ 0.2031, 8.1961 ], [ 0.2131, 8.1949 ], [ 0.2199, 8.2019 ], [ 0.2309, 8.2005 ], [ 0.2459, 8.2067 ], [ 0.2641, 8.1961 ], [ 0.2673, 8.1965 ], [ 0.2671, 8.2017 ], [ 0.2709, 8.2037 ], [ 0.2773, 8.1975 ], [ 0.2749, 8.1949 ], [ 0.2763, 8.1879 ], [ 0.2833, 8.1885 ], [ 0.2909, 8.1841 ], [ 0.3071, 8.1813 ], [ 0.3169, 8.1669 ], [ 0.3135, 8.1477 ], [ 0.3041, 8.1305 ], [ 0.2843, 8.1157 ], [ 0.2765, 8.1175 ], [ 0.2725, 8.1131 ], [ 0.2559, 8.1077 ], [ 0.2429, 8.1077 ], [ 0.2553, 8.0955 ], [ 0.2633, 8.0939 ], [ 0.2577, 8.0919 ], [ 0.2585, 8.0815 ], [ 0.2681, 8.0721 ], [ 0.2819, 8.0651 ], [ 0.3043, 8.0665 ], [ 0.3117, 8.0539 ], [ 0.3115, 8.0417 ], [ 0.3519, 8.0169 ], [ 0.3933, 7.9859 ], [ 0.4067, 7.9743 ], [ 0.4045, 7.9675 ], [ 0.4135, 7.9695 ], [ 0.4169, 7.9665 ], [ 0.4313, 7.9651 ], [ 0.4381, 7.9573 ], [ 0.4499, 7.9633 ], [ 0.4567, 7.9617 ], [ 0.4597, 7.9557 ], [ 0.4707, 7.9543 ], [ 0.4749, 7.9473 ], [ 0.4691, 7.9363 ], [ 0.4729, 7.9309 ], [ 0.4719, 7.9265 ], [ 0.4875, 7.9141 ], [ 0.4925, 7.9003 ], [ 0.5023, 7.9051 ], [ 0.5083, 7.9143 ], [ 0.5167, 7.9159 ], [ 0.5345, 7.9097 ], [ 0.5507, 7.9135 ], [ 0.5583, 7.9197 ], [ 0.5635, 7.9191 ], [ 0.5657, 7.9145 ], [ 0.5861, 7.9023 ], [ 0.5887, 7.9041 ], [ 0.5967, 7.8999 ], [ 0.6261, 7.9015 ], [ 0.6317, 7.9139 ], [ 0.6281, 7.9179 ], [ 0.6305, 7.9201 ], [ 0.6269, 7.9311 ], [ 0.6213, 7.9367 ], [ 0.6233, 7.9617 ], [ 0.6177, 7.9659 ], [ 0.6131, 8.0047 ], [ 0.6207, 8.0079 ], [ 0.6223, 8.0125 ], [ 0.6097, 8.0271 ], [ 0.6005, 8.0261 ], [ 0.5947, 8.0389 ], [ 0.5987, 8.0573 ], [ 0.5975, 8.0615 ], [ 0.5931, 8.0617 ], [ 0.5851, 8.0933 ], [ 0.5857, 8.1011 ], [ 0.5919, 8.1033 ], [ 0.5943, 8.1275 ], [ 0.5915, 8.1363 ], [ 0.5933, 8.1391 ], [ 0.6069, 8.1389 ], [ 0.6113, 8.1541 ], [ 0.6077, 8.1725 ], [ 0.6139, 8.1801 ], [ 0.6133, 8.1843 ], [ 0.6033, 8.1815 ], [ 0.5925, 8.1925 ], [ 0.5903, 8.2071 ], [ 0.6107, 8.2163 ], [ 0.6189, 8.2155 ], [ 0.6199, 8.2207 ], [ 0.6255, 8.2249 ], [ 0.6251, 8.2343 ], [ 0.6381, 8.2463 ], [ 0.6389, 8.2607 ], [ 0.6735, 8.2591 ], [ 0.6819, 8.2663 ], [ 0.6829, 8.2797 ], [ 0.7263, 8.2821 ], [ 0.7309, 8.2945 ], [ 0.7289, 8.3409 ], [ 0.7179, 8.3447 ], [ 0.7169, 8.3507 ], [ 0.7103, 8.3525 ], [ 0.7085, 8.3847 ], [ 0.6997, 8.3891 ], [ 0.7049, 8.3935 ], [ 0.6933, 8.3955 ], [ 0.6953, 8.4035 ], [ 0.6889, 8.4053 ], [ 0.6855, 8.4111 ], [ 0.6523, 8.4215 ], [ 0.6525, 8.4523 ], [ 0.6553, 8.4527 ], [ 0.6549, 8.4569 ], [ 0.6453, 8.4761 ], [ 0.6471, 8.4905 ], [ 0.6433, 8.4957 ], [ 0.6299, 8.4973 ], [ 0.6273, 8.4999 ], [ 0.6287, 8.5083 ], [ 0.6217, 8.5119 ], [ 0.6019, 8.5181 ], [ 0.5913, 8.5167 ], [ 0.5833, 8.5287 ], [ 0.5721, 8.5267 ], [ 0.5645, 8.5449 ], [ 0.5591, 8.5501 ], [ 0.5409, 8.5573 ], [ 0.5299, 8.5697 ], [ 0.5149, 8.5655 ], [ 0.5069, 8.5739 ], [ 0.5017, 8.5749 ], [ 0.4931, 8.5961 ], [ 0.4835, 8.5979 ], [ 0.4767, 8.5953 ], [ 0.4695, 8.6003 ], [ 0.4577, 8.5989 ], [ 0.4457, 8.5867 ], [ 0.4213, 8.5817 ], [ 0.4025, 8.5615 ], [ 0.3873, 8.5537 ], [ 0.3707, 8.5503 ], [ 0.3659, 8.5361 ], [ 0.3585, 8.5343 ], [ 0.3623, 8.5265 ], [ 0.3439, 8.5205 ], [ 0.3315, 8.5089 ], [ 0.3165, 8.5055 ], [ 0.3231, 8.4901 ], [ 0.3159, 8.4893 ], [ 0.3133, 8.4817 ], [ 0.3019, 8.4809 ], [ 0.2999, 8.4767 ], [ 0.3061, 8.4695 ], [ 0.3029, 8.4641 ], [ 0.3059, 8.4619 ], [ 0.2945, 8.4569 ], [ 0.2971, 8.4495 ], [ 0.2885, 8.4489 ], [ 0.2887, 8.4417 ], [ 0.2845, 8.4389 ], [ 0.2855, 8.4329 ], [ 0.2823, 8.4305 ], [ 0.3001, 8.4177 ], [ 0.2975, 8.4149 ], [ 0.2875, 8.4155 ], [ 0.2791, 8.3941 ], [ 0.2803, 8.3913 ], [ 0.2897, 8.3895 ], [ 0.2851, 8.3717 ], [ 0.2901, 8.3657 ], [ 0.2863, 8.3621 ], [ 0.2791, 8.3629 ], [ 0.2775, 8.3587 ], [ 0.2829, 8.3509 ], [ 0.2911, 8.3493 ], [ 0.2911, 8.3457 ], [ 0.2853, 8.3417 ], [ 0.2885, 8.3341 ], [ 0.2823, 8.3283 ], [ 0.2739, 8.3327 ], [ 0.2407, 8.3339 ], [ 0.2275, 8.3423 ], [ 0.2047, 8.3415 ], [ 0.1913, 8.3339 ], [ 0.1853, 8.3227 ], [ 0.1967, 8.3017 ], [ 0.1939, 8.2533 ], [ 0.1893, 8.2493 ], [ 0.1619, 8.2415 ], [ 0.1449, 8.2409 ], [ 0.1237, 8.2309 ] ] ] } },
{ "type": "Feature", "properties": { "iso3": "GHA", "unit_id": "30259293B1901167070361", "unit_name": "Bole" }, "geometry": { "type": "Polygon", "coordinates": [ [ [ -2.1215, 8.1509 ], [ -2.117, 8.1569 ], [ -2.1062, 8.1573 ], [ -2.0833, 8.1535 ], [ -2.0637, 8.1461 ], [ -2.0436, 8.1477 ], [ -2.024, 8.1561 ], [ -2.0062, 8.1557 ], [ -1.9603, 8.1699 ], [ -1.9405, 8.1895 ], [ -1.9314, 8.2103 ], [ -1.9135, 8.2297 ], [ -1.908, 8.2469 ], [ -1.8951, 8.2617 ], [ -1.8686, 8.2595 ], [ -1.8449, 8.2535 ], [ -1.8155, 8.2381 ], [ -1.8045, 8.2291 ], [ -1.7891, 8.2263 ], [ -1.7719, 8.2327 ], [ -1.7566, 8.2485 ], [ -1.7474, 8.2633 ], [ -1.7484, 8.2801 ], [ -1.7614, 8.2999 ], [ -1.7719, 8.3237 ], [ -1.7899, 8.3359 ], [ -1.8065, 8.3399 ], [ -1.8443, 8.3299 ], [ -1.8562, 8.3295 ], [ -1.8709, 8.3341 ], [ -1.8838, 8.3487 ], [ -1.9078, 8.3969 ], [ -1.9088, 8.4403 ], [ -1.8864, 8.4645 ], [ -1.8831, 8.4803 ], [ -1.8987, 8.5403 ], [ -1.8929, 8.5561 ], [ -1.8893, 8.5863 ], [ -1.8718, 8.6343 ], [ -1.8563, 8.6525 ], [ -1.8649, 8.6609 ], [ -1.867, 8.6859 ], [ -1.8765, 8.7137 ], [ -1.8867, 8.7257 ], [ -1.8936, 8.7287 ], [ -1.8972, 8.7373 ], [ -1.9076, 8.7437 ], [ -1.918, 8.7465 ], [ -1.9264, 8.7429 ], [ -1.9375, 8.7465 ], [ -1.9457, 8.7427 ], [ -1.9638, 8.7443 ], [ -1.9735, 8.7547 ], [ -1.9947, 8.7527 ], [ -1.9966, 8.7587 ], [ -2.0078, 8.7691 ], [ -2.0105, 8.7789 ], [ -2.0088, 8.7921 ], [ -2.0122, 8.7929 ], [ -2.0165, 8.8113 ], [ -2.0404, 8.8203 ], [ -2.0425, 8.8249 ], [ -2.0802, 8.8249 ], [ -2.109, 8.8213 ], [ -2.1123, 8.8285 ], [ -2.1187, 8.8319 ], [ -2.13, 8.8293 ], [ -2.1441, 8.8411 ], [ -2.1489, 8.8623 ], [ -2.1713, 8.8755 ], [ -2.1838, 8.8965 ], [ -2.1933, 8.8981 ], [ -2.2112, 8.9139 ], [ -2.2303, 8.9229 ], [ -2.2572, 8.9555 ], [ -2.2324, 8.9667 ], [ -2.2183, 8.9631 ], [ -2.1776, 8.9785 ], [ -2.1657, 8.9863 ], [ -2.1527, 8.9885 ], [ -2.1417, 8.9853 ], [ -2.1265, 8.9867 ], [ -2.103, 8.9959 ], [ -2.0797, 8.9913 ], [ -2.0713, 8.9949 ], [ -2.0699, 8.9991 ], [ -2.0586, 9.0019 ], [ -2.0473, 8.9983 ], [ -2.0329, 9.0161 ], [ -2.043, 9.0203 ], [ -2.0495, 9.0171 ], [ -2.0644, 9.0275 ], [ -2.0782, 9.0311 ], [ -2.0932, 9.0275 ], [ -2.1165, 9.0349 ], [ -2.1371, 9.0637 ], [ -2.1538, 9.0685 ], [ -2.1649, 9.0783 ], [ -2.177, 9.1023 ], [ -2.2202, 9.1279 ], [ -2.2343, 9.1429 ], [ -2.2628, 9.1559 ], [ -2.2719, 9.1539 ], [ -2.2864, 9.1563 ], [ -2.3329, 9.1455 ], [ -2.343, 9.1529 ], [ -2.3505, 9.1543 ], [ -2.3577, 9.1475 ], [ -2.3624, 9.1363 ], [ -2.3654, 9.1369 ], [ -2.374, 9.1429 ], [ -2.3911, 9.1691 ], [ -2.4027, 9.1725 ], [ -2.4043, 9.1769 ], [ -2.4, 9.1903 ], [ -2.4095, 9.2093 ], [ -2.404, 9.2341 ], [ -2.4067, 9.2365 ], [ -2.4533, 9.2351 ], [ -2.4574, 9.2275 ], [ -2.4663, 9.2253 ], [ -2.4707, 9.2207 ], [ -2.4696, 9.2173 ], [ -2.4822, 9.2097 ], [ -2.5685, 9.1913 ], [ -2.5776, 9.1931 ], [ -2.6083, 9.1883 ], [ -2.6182, 9.1935 ], [ -2.6426, 9.1857 ], [ -2.6668, 9.1957 ], [ -2.6849, 9.1925 ], [ -2.6928, 9.1949 ], [ -2.7078, 9.2079 ], [ -2.7135, 9.2091 ], [ -2.7205, 9.1967 ], [ -2.7239, 9.1991 ], [ -2.7232, 9.1853 ], [ -2.736, 9.1607 ], [ -2.7639, 9.1509 ], [ -2.7739, 9.1427 ], [ -2.7655, 9.0903 ], [ -2.7683, 9.0803 ], [ -2.7823, 9.0641 ], [ -2.7818, 9.0547 ], [ -2.7738, 9.0443 ], [ -2.7719, 9.0329 ], [ -2.7611, 9.0261 ], [ -2.716, 9.0251 ], [ -2.7138, 9.0227 ], [ -2.7203, 9.0135 ], [ -2.7052, 9.0207 ], [ -2.6988, 9.0159 ], [ -2.6952, 9.0185 ], [ -2.6718, 9.0197 ], [ -2.6639, 9.0159 ], [ -2.6603, 9.0081 ], [ -2.6541, 9.0075 ], [ -2.6577, 8.9833 ], [ -2.6502, 8.9427 ], [ -2.6426, 8.9347 ], [ -2.627, 8.9297 ], [ -2.6178, 8.9205 ], [ -2.6161, 8.9109 ], [ -2.6227, 8.8771 ], [ -2.6079, 8.8491 ], [ -2.6004, 8.8429 ], [ -2.5963, 8.8289 ], [ -2.5985, 8.8219 ], [ -2.6223, 8.8065 ], [ -2.6285, 8.7957 ], [ -2.6173, 8.7873 ], [ -2.5843, 8.7859 ], [ -2.5705, 8.7729 ], [ -2.5432, 8.7611 ], [ -2.5316, 8.7359 ], [ -2.512, 8.7295 ], [ -2.4995, 8.7187 ], [ -2.4897, 8.6975 ], [ -2.4886, 8.6869 ], [ -2.4712, 8.6611 ], [ -2.4643, 8.6523 ], [ -2.4542, 8.6473 ], [ -2.4403, 8.6291 ], [ -2.4178, 8.6123 ], [ -2.4179, 8.5855 ], [ -2.4127, 8.5715 ], [ -2.4029, 8.5645 ], [ -2.3991, 8.5579 ], [ -2.3831, 8.5539 ], [ -2.3716, 8.5401 ], [ -2.3671, 8.5393 ], [ -2.3588, 8.5229 ], [ -2.3585, 8.5183 ], [ -2.3707, 8.4993 ], [ -2.366, 8.4761 ], [ -2.3557, 8.4685 ], [ -2.3507, 8.4603 ], [ -2.3379, 8.4545 ], [ -2.325, 8.4173 ], [ -2.318, 8.4115 ], [ -2.3092, 8.3989 ], [ -2.3069, 8.3895 ], [ -2.2978, 8.3807 ], [ -2.3044, 8.3539 ], [ -2.2971, 8.3423 ], [ -2.2954, 8.3275 ], [ -2.2863, 8.3187 ], [ -2.2882, 8.2969 ], [ -2.273, 8.2915 ], [ -2.2531, 8.2775 ], [ -2.2389, 8.2805 ], [ -2.2293, 8.2641 ], [ -2.2129, 8.2563 ], [ -2.209, 8.2479 ], [ -2.2121, 8.2423 ], [ -2.2051, 8.2319 ], [ -2.1682, 8.2115 ], [ -2.1631, 8.1763 ], [ -2.1599, 8.1727 ], [ -2.1538, 8.1715 ], [ -2.1341, 8.1511 ], [ -2.1285, 8.1481 ], [ -2.1215, 8.1509 ] ] ] } },
{ "type": "Feature", "properties": { "iso3": "GHA", "unit_id": "30259293B83795756932633", "unit_name": "Central Gonja" }, "geometry": { "type": "Polygon", "coordinates": [ [ [ -1.1859, 8.6783 ], [ -1.1255, 8.6785 ], [ -1.1147, 8.6823 ], [ -1.1025, 8.6911 ], [ -1.0755, 8.7023 ], [ -1.0536, 8.7019 ], [ -1.0295, 8.6949 ], [ -0.9832, 8.6599 ], [ -0.9502, 8.6525 ], [ -0.9409, 8.6477 ], [ -0.9265, 8.6303 ], [ -0.8888, 8.5605 ], [ -0.8767, 8.5441 ], [ -0.8587, 8.5371 ], [ -0.8291, 8.5431 ], [ -0.8186, 8.5569 ], [ -0.7995, 8.5943 ], [ -0.7862, 8.6021 ], [ -0.7735, 8.6235 ], [ -0.7692, 8.6141 ], [ -0.7572, 8.6029 ], [ -0.7475, 8.6013 ], [ -0.7404, 8.6147 ], [ -0.7401, 8.6191 ], [ -0.7459, 8.6269 ], [ -0.7439, 8.6313 ], [ -0.734, 8.6379 ], [ -0.7268, 8.6591 ], [ -0.7157, 8.6695 ], [ -0.7094, 8.6853 ], [ -0.6981, 8.6971 ], [ -0.6992, 8.7241 ], [ -0.685, 8.7403 ], [ -0.677, 8.7613 ], [ -0.6625, 8.7747 ], [ -0.6399, 8.8165 ], [ -0.6469, 8.8451 ], [ -0.6424, 8.8617 ], [ -0.6467, 8.8773 ], [ -0.6454, 8.8851 ], [ -0.6643, 8.9109 ], [ -0.6689, 8.9237 ], [ -0.6424, 8.9363 ], [ -0.6319, 8.9465 ], [ -0.6184, 8.9493 ], [ -0.601, 8.9585 ], [ -0.6131, 9.0035 ], [ -0.6237, 9.0129 ], [ -0.662, 9.0143 ], [ -0.6739, 9.0165 ], [ -0.6826, 9.0227 ], [ -0.6982, 9.0097 ], [ -0.7186, 9.0015 ], [ -0.7175, 8.9973 ], [ -0.7214, 8.9959 ], [ -0.7267, 9.0097 ], [ -0.7161, 9.0219 ], [ -0.7241, 9.0363 ], [ -0.7226, 9.0551 ], [ -0.729, 9.0605 ], [ -0.7224, 9.0845 ], [ -0.7342, 9.0949 ], [ -0.7401, 9.1059 ], [ -0.7382, 9.1261 ], [ -0.7422, 9.1299 ], [ -0.748, 9.1275 ], [ -0.7586, 9.1345 ], [ -0.7618, 9.1441 ], [ -0.7755, 9.1559 ], [ -0.7943, 9.1577 ], [ -0.8148, 9.1527 ], [ -0.8234, 9.1543 ], [ -0.84, 9.1459 ], [ -0.8437, 9.1685 ], [ -0.8406, 9.1811 ], [ -0.8423, 9.1869 ], [ -0.854, 9.1929 ], [ -0.8484, 9.1973 ], [ -0.8388, 9.2183 ], [ -0.8543, 9.2195 ], [ -0.8742, 9.2281 ], [ -0.8834, 9.2489 ], [ -0.8951, 9.2637 ], [ -0.8991, 9.2649 ], [ -0.9032, 9.2739 ], [ -0.9155, 9.2801 ], [ -0.9254, 9.2789 ], [ -0.9351, 9.2831 ], [ -0.9357, 9.2949 ], [ -0.9551, 9.3005 ], [ -0.9601, 9.3047 ], [ -0.9643, 9.3347 ], [ -0.9751, 9.3359 ], [ -0.9958, 9.3289 ], [ -1.0176, 9.3137 ], [ -1.0204, 9.3153 ], [ -1.0161, 9.3303 ], [ -1.0393, 9.3441 ], [ -1.0499, 9.3395 ], [ -1.0595, 9.3279 ], [ -1.0755, 9.3259 ], [ -1.1003, 9.3097 ], [ -1.1047, 9.3089 ], [ -1.1198, 9.3177 ], [ -1.1682, 9.3209 ], [ -1.1823, 9.3121 ], [ -1.1988, 9.3051 ], [ -1.2025, 9.3077 ], [ -1.2118, 9.3027 ], [ -1.2121, 9.2997 ], [ -1.2278, 9.2957 ], [ -1.24, 9.2875 ], [ -1.2423, 9.2789 ], [ -1.2529, 9.2725 ], [ -1.2506, 9.2661 ], [ -1.2385, 9.2653 ], [ -1.237, 9.2615 ], [ -1.2403, 9.2441 ], [ -1.2372, 9.2307 ], [ -1.2379, 9.2151 ], [ -1.2451, 9.2063 ], [ -1.2533, 9.1873 ], [ -1.2581, 9.1863 ], [ -1.2611, 9.1895 ], [ -1.2647, 9.1847 ], [ -1.2787, 9.1847 ], [ -1.2874, 9.1745 ], [ -1.3188, 9.1561 ], [ -1.3423, 9.1607 ], [ -1.3624, 9.1687 ], [ -1.3783, 9.1485 ], [ -1.374, 9.1299 ], [ -1.3811, 9.1267 ], [ -1.4027, 9.1297 ], [ -1.4155, 9.1253 ], [ -1.4225, 9.1159 ], [ -1.4491, 9.1149 ], [ -1.4746, 9.1057 ], [ -1.4951, 9.0801 ], [ -1.5088, 9.0725 ], [ -1.5164, 9.0587 ], [ -1.5514, 9.0389 ], [ -1.5674, 9.0073 ], [ -1.5866, 8.9935 ], [ -1.5887, 8.9875 ], [ -1.5812, 8.9829 ], [ -1.5631, 8.9503 ], [ -1.5735, 8.9441 ], [ -1.579, 8.9345 ], [ -1.5891, 8.9291 ], [ -1.6038, 8.9269 ], [ -1.6095, 8.9197 ], [ -1.6205, 8.9161 ], [ -1.6584, 8.9197 ], [ -1.6767, 8.9077 ], [ -1.6943, 8.8915 ], [ -1.7005, 8.8545 ], [ -1.8565, 8.8795 ], [ -1.856, 8.9021 ], [ -1.8614, 8.9317 ], [ -1.8601, 8.9509 ], [ -1.8521, 8.9613 ], [ -1.8561, 8.9687 ], [ -1.8325, 9.0105 ], [ -1.842, 9.0267 ], [ -1.8405, 9.0313 ], [ -1.8432, 9.0343 ], [ -1.8575, 9.0377 ], [ -1.8795, 9.0497 ], [ -1.8897, 9.0473 ], [ -1.9027, 9.0505 ], [ -1.9097, 9.0439 ], [ -1.9171, 9.0419 ], [ -1.9275, 9.0433 ], [ -1.9399, 9.0529 ], [ -1.9522, 9.0473 ], [ -1.9743, 9.0491 ], [ -1.9762, 9.0423 ], [ -1.9892, 9.0401 ], [ -1.9923, 9.0429 ], [ -2.008, 9.0435 ], [ -2.017, 9.0315 ], [ -2.0313, 9.0203 ], [ -2.0473, 8.9983 ], [ -2.0586, 9.0019 ], [ -2.0699, 8.9991 ], [ -2.0713, 8.9949 ], [ -2.0797, 8.9913 ], [ -2.103, 8.9959 ], [ -2.1265, 8.9867 ], [ -2.1417, 8.9853 ], [ -2.1527, 8.9885 ], [ -2.1657, 8.9863 ], [ -2.1776, 8.9785 ], [ -2.2183, 8.9631 ], [ -2.2324, 8.9667 ], [ -2.2572, 8.9555 ], [ -2.2303, 8.9229 ], [ -2.2112, 8.9139 ], [ -2.1933, 8.8981 ], [ -2.1838, 8.8965 ], [ -2.1713, 8.8755 ], [ -2.1489, 8.8623 ], [ -2.1441, 8.8411 ], [ -2.13, 8.8293 ], [ -2.1187, 8.8319 ], [ -2.1123, 8.8285 ], [ -2.109, 8.8213 ], [ -2.0802, 8.8249 ], [ -2.0425, 8.8249 ], [ -2.0404, 8.8203 ], [ -2.0165, 8.8113 ], [ -2.0122, 8.7929 ], [ -2.0088, 8.7921 ], [ -2.0105, 8.7789 ], [ -2.0078, 8.7691 ], [ -1.9966, 8.7587 ], [ -1.9947, 8.7527 ], [ -1.9735, 8.7547 ], [ -1.9638, 8.7443 ], [ -1.9498, 8.7429 ], [ -1.9375, 8.7465 ], [ -1.9264, 8.7429 ], [ -1.918, 8.7465 ], [ -1.8972, 8.7373 ], [ -1.8936, 8.7287 ], [ -1.8867, 8.7257 ], [ -1.8765, 8.7137 ], [ -1.867, 8.6859 ], [ -1.8649, 8.6609 ], [ -1.8563, 8.6525 ], [ -1.8394, 8.6613 ], [ -1.8119, 8.6611 ], [ -1.7889, 8.6525 ], [ -1.7552, 8.6301 ], [ -1.738, 8.6261 ], [ -1.6932, 8.6439 ], [ -1.6837, 8.6565 ], [ -1.682, 8.6799 ], [ -1.6787, 8.6847 ], [ -1.6593, 8.6949 ], [ -1.6454, 8.6925 ], [ -1.6289, 8.6809 ], [ -1.6151, 8.6775 ], [ -1.555, 8.6757 ], [ -1.5313, 8.6811 ], [ -1.5111, 8.6913 ], [ -1.499, 8.7387 ], [ -1.4842, 8.7599 ], [ -1.4739, 8.7653 ], [ -1.45, 8.7657 ], [ -1.4081, 8.7743 ], [ -1.3784, 8.7681 ], [ -1.356, 8.7591 ], [ -1.3115, 8.7235 ], [ -1.2855, 8.7179 ], [ -1.2616, 8.6897 ], [ -1.2303, 8.6753 ], [ -1.2068, 8.6681 ], [ -1.198, 8.6701 ], [ -1.1859, 8.6783 ] ] ] } },
{ "type": "Feature", "properties": { "iso3": "GHA", "unit_id": "30259293B57788028042359", "unit_name": "East Gonja Municipal" }, "geometry": { "type": "Polygon", "coordinates": [ [ [ -1.279, 8.3081 ], [ -1.2687, 8.2769 ], [ -1.2665, 8.2573 ], [ -1.2513, 8.2431 ], [ -1.2371, 8.2237 ], [ -1.2295, 8.2049 ], [ -1.1572, 8.0899 ], [ -1.1574, 8.0821 ], [ -1.1648, 8.0711 ], [ -1.1656, 8.0585 ], [ -1.1594, 8.0343 ], [ -1.1624, 8.0165 ], [ -1.1572, 8.0001 ], [ -1.107, 7.9927 ], [ -1.0966, 7.9977 ], [ -1.0805, 8.0171 ], [ -1.0487, 8.0297 ], [ -1.0367, 8.0255 ], [ -1.0295, 8.0175 ], [ -1.0194, 8.0161 ], [ -1.0169, 8.0185 ], [ -1.0193, 8.0307 ], [ -1.0335, 8.0451 ], [ -1.0362, 8.0573 ], [ -1.0468, 8.0619 ], [ -1.0473, 8.0697 ], [ -1.041, 8.0815 ], [ -1.0435, 8.0931 ], [ -1.0675, 8.1279 ], [ -1.041, 8.1679 ], [ -1.0429, 8.2089 ], [ -1.0384, 8.2437 ], [ -1.0192, 8.2611 ], [ -1.0089, 8.2475 ], [ -0.9925, 8.2457 ], [ -0.9874, 8.2353 ], [ -0.979, 8.2273 ], [ -0.9677, 8.2331 ], [ -0.9657, 8.2467 ], [ -0.9599, 8.2507 ], [ -0.9486, 8.2465 ], [ -0.9379, 8.2517 ], [ -0.8951, 8.2577 ], [ -0.8657, 8.2709 ], [ -0.8623, 8.2741 ], [ -0.8526, 8.3149 ], [ -0.859, 8.3223 ], [ -0.8578, 8.3285 ], [ -0.8014, 8.3397 ], [ -0.7798, 8.3355 ], [ -0.8073, 8.3783 ], [ -0.8252, 8.3995 ], [ -0.8502, 8.4419 ], [ -0.8767, 8.5441 ], [ -0.8888, 8.5605 ], [ -0.9265, 8.6303 ], [ -0.9409, 8.6477 ], [ -0.9502, 8.6525 ], [ -0.9832, 8.6599 ], [ -1.0295, 8.6949 ], [ -1.0536, 8.7019 ], [ -1.0755, 8.7023 ], [ -1.1025, 8.6911 ], [ -1.1147, 8.6823 ], [ -1.1255, 8.6785 ], [ -1.1444, 8.6775 ], [ -1.1473, 8.6557 ], [ -1.1449, 8.6461 ], [ -1.1505, 8.6333 ], [ -1.1466, 8.6255 ], [ -1.146, 8.5913 ], [ -1.1415, 8.5765 ], [ -1.146, 8.5585 ], [ -1.1555, 8.5421 ], [ -1.161, 8.5375 ], [ -1.1707, 8.5357 ], [ -1.171, 8.5275 ], [ -1.1653, 8.5235 ], [ -1.1641, 8.5151 ], [ -1.1693, 8.5085 ], [ -1.1737, 8.5087 ], [ -1.1753, 8.5167 ], [ -1.1832, 8.5113 ], [ -1.1956, 8.5111 ], [ -1.1924, 8.5011 ], [ -1.1955, 8.4947 ], [ -1.2177, 8.4909 ], [ -1.2204, 8.4891 ], [ -1.2214, 8.4781 ], [ -1.228, 8.4773 ], [ -1.2324, 8.4707 ], [ -1.2437, 8.4683 ], [ -1.2581, 8.4545 ], [ -1.2622, 8.4349 ], [ -1.2618, 8.4311 ], [ -1.2552, 8.4273 ], [ -1.2546, 8.4185 ], [ -1.2591, 8.4069 ], [ -1.2534, 8.3785 ], [ -1.2611, 8.3687 ], [ -1.2573, 8.3587 ], [ -1.2589, 8.3541 ], [ -1.2653, 8.3409 ], [ -1.2729, 8.3349 ], [ -1.2776, 8.3207 ], [ -1.2763, 8.3115 ], [ -1.279, 8.3081 ] ] ] } },
{ "type": "Feature", "properties": { "iso3": "GHA", "unit_id": "30259293B35356674398039", "unit_name": "North East Gonja" }, "geometry": { "type": "Polygon", "coordinates": [ [ [ -0.5425, 8.1877 ], [ -0.503, 8.1809 ], [ -0.4874, 8.1721 ], [ -0.4472, 8.1585 ], [ -0.419, 8.1529 ], [ -0.3847, 8.1529 ], [ -0.3541, 8.1663 ], [ -0.3516, 8.1725 ], [ -0.3586, 8.1857 ], [ -0.3485, 8.2017 ], [ -0.3684, 8.2011 ], [ -0.3849, 8.1951 ], [ -0.3897, 8.1987 ], [ -0.3908, 8.2109 ], [ -0.3875, 8.2241 ], [ -0.3695, 8.2309 ], [ -0.3193, 8.2269 ], [ -0.2918, 8.2427 ], [ -0.2807, 8.2455 ], [ -0.2748, 8.2295 ], [ -0.2594, 8.2163 ], [ -0.2378, 8.2179 ], [ -0.2326, 8.2131 ], [ -0.2243, 8.2129 ], [ -0.2188, 8.2179 ], [ -0.198, 8.2203 ], [ -0.1966, 8.2255 ], [ -0.1861, 8.2323 ], [ -0.1773, 8.2289 ], [ -0.1706, 8.2307 ], [ -0.1666, 8.2375 ], [ -0.1693, 8.2521 ], [ -0.1518, 8.2641 ], [ -0.1458, 8.2719 ], [ -0.1418, 8.2723 ], [ -0.1424, 8.2807 ], [ -0.1483, 8.2903 ], [ -0.159, 8.2991 ], [ -0.1632, 8.3121 ], [ -0.1831, 8.3369 ], [ -0.1856, 8.3557 ], [ -0.1887, 8.3577 ], [ -0.1941, 8.3491 ], [ -0.2103, 8.3501 ], [ -0.2191, 8.3383 ], [ -0.2411, 8.3419 ], [ -0.2478, 8.3339 ], [ -0.2636, 8.3345 ], [ -0.2679, 8.3259 ], [ -0.2779, 8.3201 ], [ -0.3078, 8.3207 ], [ -0.3261, 8.3391 ], [ -0.3061, 8.3581 ], [ -0.3001, 8.3535 ], [ -0.274, 8.3531 ], [ -0.2675, 8.3503 ], [ -0.2553, 8.3501 ], [ -0.2525, 8.3529 ], [ -0.2494, 8.3797 ], [ -0.2387, 8.3977 ], [ -0.2348, 8.4139 ], [ -0.2246, 8.4311 ], [ -0.2198, 8.4465 ], [ -0.2192, 8.4545 ], [ -0.2358, 8.4599 ], [ -0.2428, 8.4727 ], [ -0.2301, 8.4753 ], [ -0.2122, 8.4707 ], [ -0.2116, 8.4841 ], [ -0.2081, 8.4867 ], [ -0.1992, 8.4817 ], [ -0.1957, 8.4839 ], [ -0.2069, 8.4935 ], [ -0.1998, 8.5231 ], [ -0.2068, 8.5281 ], [ -0.2064, 8.5375 ], [ -0.1966, 8.5511 ], [ -0.1991, 8.5539 ], [ -0.2136, 8.5529 ], [ -0.2239, 8.5697 ], [ -0.2282, 8.5677 ], [ -0.2345, 8.5719 ], [ -0.2386, 8.5599 ], [ -0.2568, 8.5553 ], [ -0.2609, 8.5479 ], [ -0.2682, 8.5453 ], [ -0.2754, 8.5571 ], [ -0.2948, 8.5419 ], [ -0.2977, 8.5429 ], [ -0.2948, 8.5457 ], [ -0.2975, 8.5473 ], [ -0.304, 8.5365 ], [ -0.3105, 8.5375 ], [ -0.313, 8.5291 ], [ -0.3184, 8.5351 ], [ -0.3355, 8.5311 ], [ -0.3366, 8.5385 ], [ -0.3488, 8.5571 ], [ -0.3496, 8.5611 ], [ -0.3443, 8.5673 ], [ -0.3547, 8.5707 ], [ -0.3634, 8.5827 ], [ -0.3593, 8.5895 ], [ -0.3586, 8.5993 ], [ -0.3623, 8.5989 ], [ -0.3719, 8.5877 ], [ -0.3733, 8.5977 ], [ -0.3787, 8.5969 ], [ -0.3811, 8.5927 ], [ -0.3906, 8.5953 ], [ -0.3951, 8.5935 ], [ -0.3993, 8.6023 ], [ -0.4033, 8.6039 ], [ -0.407, 8.5985 ], [ -0.411, 8.6007 ], [ -0.4099, 8.6081 ], [ -0.4146, 8.6083 ], [ -0.4163, 8.6129 ], [ -0.4128, 8.6255 ], [ -0.4204, 8.6491 ], [ -0.424, 8.6497 ], [ -0.4309, 8.6429 ], [ -0.4351, 8.6449 ], [ -0.4359, 8.6507 ], [ -0.4327, 8.6559 ], [ -0.4395, 8.6603 ], [ -0.4396, 8.6635 ], [ -0.4471, 8.6625 ], [ -0.4531, 8.6751 ], [ -0.458, 8.6775 ], [ -0.4702, 8.6721 ], [ -0.4757, 8.6825 ], [ -0.4842, 8.6819 ], [ -0.4862, 8.7035 ], [ -0.4897, 8.7043 ], [ -0.4904, 8.7103 ], [ -0.4856, 8.7271 ], [ -0.4722, 8.7343 ], [ -0.4578, 8.7217 ], [ -0.4483, 8.7279 ], [ -0.4318, 8.7175 ], [ -0.4318, 8.7281 ], [ -0.4121, 8.7339 ], [ -0.4087, 8.7321 ], [ -0.4127, 8.7209 ], [ -0.411, 8.7091 ], [ -0.4071, 8.7145 ], [ -0.4049, 8.7075 ], [ -0.3948, 8.7119 ], [ -0.3816, 8.7109 ], [ -0.3834, 8.7231 ], [ -0.37, 8.7231 ], [ -0.3662, 8.7351 ], [ -0.3722, 8.7399 ], [ -0.3722, 8.7435 ], [ -0.364, 8.7453 ], [ -0.3465, 8.7579 ], [ -0.3365, 8.7531 ], [ -0.3297, 8.7427 ], [ -0.3162, 8.7501 ], [ -0.3142, 8.7635 ], [ -0.3082, 8.7689 ], [ -0.3082, 8.7847 ], [ -0.3047, 8.7877 ], [ -0.3064, 8.7943 ], [ -0.3034, 8.7949 ], [ -0.2961, 8.8115 ], [ -0.2989, 8.8179 ], [ -0.3092, 8.8199 ], [ -0.3166, 8.8163 ], [ -0.3201, 8.8185 ], [ -0.3227, 8.8341 ], [ -0.3353, 8.8379 ], [ -0.3425, 8.8463 ], [ -0.3437, 8.8549 ], [ -0.3391, 8.8611 ], [ -0.3425, 8.8623 ], [ -0.342, 8.8659 ], [ -0.3346, 8.8667 ], [ -0.3297, 8.8601 ], [ -0.3263, 8.8627 ], [ -0.3104, 8.8583 ], [ -0.2998, 8.8611 ], [ -0.2954, 8.8653 ], [ -0.3026, 8.8841 ], [ -0.2889, 8.8881 ], [ -0.2801, 8.8961 ], [ -0.2809, 8.8999 ], [ -0.2721, 8.9027 ], [ -0.2557, 8.9013 ], [ -0.2437, 8.9099 ], [ -0.2482, 8.9171 ], [ -0.2381, 8.9205 ], [ -0.241, 8.9305 ], [ -0.2376, 8.9379 ], [ -0.222, 8.9359 ], [ -0.213, 8.9461 ], [ -0.2004, 8.9477 ], [ -0.1955, 8.9753 ], [ -0.205, 8.9987 ], [ -0.2044, 9.0035 ], [ -0.211, 9.0123 ], [ -0.2083, 9.0253 ], [ -0.2183, 9.0327 ], [ -0.2125, 9.0447 ], [ -0.213, 9.0513 ], [ -0.205, 9.0621 ], [ -0.2116, 9.0797 ], [ -0.2083, 9.0829 ], [ -0.2069, 9.1045 ], [ -0.2018, 9.1095 ], [ -0.2191, 9.1105 ], [ -0.2265, 9.1217 ], [ -0.2371, 9.1195 ], [ -0.2514, 9.1293 ], [ -0.2592, 9.1273 ], [ -0.2808, 9.1373 ], [ -0.2961, 9.1767 ], [ -0.3062, 9.1813 ], [ -0.3097, 9.1927 ], [ -0.3175, 9.1983 ], [ -0.3245, 9.2093 ], [ -0.3395, 9.2113 ], [ -0.3582, 9.2231 ], [ -0.3921, 9.2353 ], [ -0.4197, 9.2227 ], [ -0.4259, 9.2227 ], [ -0.4359, 9.2311 ], [ -0.4693, 9.2427 ], [ -0.476, 9.2479 ], [ -0.4911, 9.2505 ], [ -0.5103, 9.2621 ], [ -0.5114, 9.2747 ], [ -0.5202, 9.2819 ], [ -0.5357, 9.2751 ], [ -0.5435, 9.2761 ], [ -0.5551, 9.2847 ], [ -0.5663, 9.2883 ], [ -0.5821, 9.3191 ], [ -0.594, 9.3283 ], [ -0.6037, 9.3231 ], [ -0.6108, 9.3121 ], [ -0.6281, 9.3077 ], [ -0.6356, 9.3119 ], [ -0.6345, 9.3183 ], [ -0.6519, 9.3153 ], [ -0.6834, 9.3253 ], [ -0.6886, 9.3109 ], [ -0.7098, 9.3247 ], [ -0.7154, 9.3247 ], [ -0.7176, 9.3159 ], [ -0.7116, 9.3055 ], [ -0.7128, 9.2931 ], [ -0.6979, 9.2833 ], [ -0.7653, 9.2969 ], [ -0.7949, 9.3087 ], [ -0.8048, 9.3183 ], [ -0.8231, 9.3105 ], [ -0.8328, 9.2979 ], [ -0.8476, 9.2983 ], [ -0.8499, 9.3045 ], [ -0.8589, 9.3059 ], [ -0.8706, 9.3059 ], [ -0.879, 9.3017 ], [ -0.8861, 9.3097 ], [ -0.9264, 9.2963 ], [ -0.9323, 9.2987 ], [ -0.9357, 9.2949 ], [ -0.9351, 9.2831 ], [ -0.9254, 9.2789 ], [ -0.9155, 9.2801 ], [ -0.9032, 9.2739 ], [ -0.8991, 9.2649 ], [ -0.8951, 9.2637 ], [ -0.8834, 9.2489 ], [ -0.8742, 9.2281 ], [ -0.8543, 9.2195 ], [ -0.8388, 9.2183 ], [ -0.8484, 9.1973 ], [ -0.854, 9.1929 ], [ -0.8423, 9.1869 ], [ -0.8406, 9.1811 ], [ -0.8437, 9.1685 ], [ -0.84, 9.1459 ], [ -0.8234, 9.1543 ], [ -0.8148, 9.1527 ], [ -0.7943, 9.1577 ], [ -0.7755, 9.1559 ], [ -0.7618, 9.1441 ], [ -0.7586, 9.1345 ], [ -0.748, 9.1275 ], [ -0.7422, 9.1299 ], [ -0.7382, 9.1261 ], [ -0.7401, 9.1059 ], [ -0.7342, 9.0949 ], [ -0.7224, 9.0845 ], [ -0.729, 9.0605 ], [ -0.7226, 9.0551 ], [ -0.7241, 9.0363 ], [ -0.7161, 9.0219 ], [ -0.7267, 9.0097 ], [ -0.7214, 8.9959 ], [ -0.7175, 8.9973 ], [ -0.7186, 9.0015 ], [ -0.6982, 9.0097 ], [ -0.6863, 9.0221 ], [ -0.662, 9.0143 ], [ -0.6237, 9.0129 ], [ -0.6107, 8.9983 ], [ -0.6075, 8.9775 ], [ -0.6012, 8.9615 ], [ -0.6042, 8.9555 ], [ -0.6319, 8.9465 ], [ -0.6424, 8.9363 ], [ -0.6689, 8.9237 ], [ -0.6643, 8.9109 ], [ -0.6454, 8.8851 ], [ -0.6467, 8.8773 ], [ -0.6424, 8.8617 ], [ -0.6469, 8.8451 ], [ -0.6399, 8.8165 ], [ -0.6625, 8.7747 ], [ -0.677, 8.7613 ], [ -0.685, 8.7403 ], [ -0.6992, 8.7241 ], [ -0.6981, 8.6971 ], [ -0.7094, 8.6853 ], [ -0.7157, 8.6695 ], [ -0.7268, 8.6591 ], [ -0.734, 8.6379 ], [ -0.7439, 8.6313 ], [ -0.7459, 8.6269 ], [ -0.7401, 8.6191 ], [ -0.7404, 8.6147 ], [ -0.7475, 8.6013 ], [ -0.7572, 8.6029 ], [ -0.7692, 8.6141 ], [ -0.7735, 8.6235 ], [ -0.7862, 8.6021 ], [ -0.7995, 8.5943 ], [ -0.8186, 8.5569 ], [ -0.8291, 8.5431 ], [ -0.8587, 8.5371 ], [ -0.8767, 8.5441 ], [ -0.8502, 8.4419 ], [ -0.8252, 8.3995 ], [ -0.8073, 8.3783 ], [ -0.7798, 8.3355 ], [ -0.7408, 8.3355 ], [ -0.6395, 8.2695 ], [ -0.5425, 8.1877 ] ] ] } },
{ "type": "Feature", "properties": { "iso3": "GHA", "unit_id": "30259293B34620159461932", "unit_name": "North Gonja" }, "geometry": { "type": "Polygon", "coordinates": [ [ [ -1.2403, 10.0261 ], [ -1.2575, 10.0355 ], [ -1.2762, 10.0317 ], [ -1.2797, 10.0381 ], [ -1.2871, 10.0367 ], [ -1.3016, 10.0497 ], [ -1.3092, 10.0649 ], [ -1.3214, 10.0659 ], [ -1.3559, 10.0805 ], [ -1.3671, 10.0883 ], [ -1.3687, 10.0941 ], [ -1.3836, 10.0903 ], [ -1.4037, 10.0935 ], [ -1.4119, 10.0895 ], [ -1.4375, 10.1031 ], [ -1.4669, 10.1037 ], [ -1.5068, 10.0831 ], [ -1.5171, 10.0863 ], [ -1.5245, 10.0833 ], [ -1.5382, 10.0715 ], [ -1.5486, 10.0727 ], [ -1.5517, 10.0933 ], [ -1.5573, 10.0973 ], [ -1.5602, 10.0911 ], [ -1.5783, 10.0891 ], [ -1.5823, 10.0815 ], [ -1.6093, 10.0703 ], [ -1.6232, 10.0713 ], [ -1.6259, 10.0789 ], [ -1.6547, 10.0739 ], [ -1.6422, 10.0585 ], [ -1.63, 10.0533 ], [ -1.6349, 10.0427 ], [ -1.6448, 10.0381 ], [ -1.6676, 10.0443 ], [ -1.6674, 10.0353 ], [ -1.6733, 10.0259 ], [ -1.6856, 10.0385 ], [ -1.6948, 10.0305 ], [ -1.6956, 10.0249 ], [ -1.7019, 10.0211 ], [ -1.7017, 10.0141 ], [ -1.7139, 10.0129 ], [ -1.7181, 10.0015 ], [ -1.7105, 9.9821 ], [ -1.7126, 9.9709 ], [ -1.7078, 9.9645 ], [ -1.7103, 9.9603 ], [ -1.7077, 9.9457 ], [ -1.7151, 9.9419 ], [ -1.7138, 9.9297 ], [ -1.7049, 9.9243 ], [ -1.7067, 9.9013 ], [ -1.6964, 9.8869 ], [ -1.703, 9.8417 ], [ -1.7098, 9.8225 ], [ -1.7422, 9.8201 ], [ -1.9859, 9.8237 ], [ -1.9693, 9.8105 ], [ -1.9632, 9.7991 ], [ -1.9428, 9.7791 ], [ -1.9209, 9.7467 ], [ -1.9163, 9.7233 ], [ -1.9081, 9.7063 ], [ -1.9106, 9.6887 ], [ -1.9081, 9.6811 ], [ -1.9003, 9.6645 ], [ -1.8869, 9.6497 ], [ -1.8871, 9.6461 ], [ -1.8943, 9.6431 ], [ -1.9056, 9.6319 ], [ -1.9127, 9.6101 ], [ -1.9213, 9.6015 ], [ -1.9261, 9.5827 ], [ -1.9223, 9.5719 ], [ -1.9101, 9.5619 ], [ -1.9061, 9.5543 ], [ -1.8865, 9.5605 ], [ -1.8747, 9.5573 ], [ -1.8705, 9.5443 ], [ -1.8671, 9.5425 ], [ -1.8689, 9.5337 ], [ -1.8764, 9.5289 ], [ -1.8756, 9.5217 ], [ -1.8669, 9.5189 ], [ -1.8675, 9.5149 ], [ -1.8505, 9.5137 ], [ -1.848, 9.5121 ], [ -1.8491, 9.5057 ], [ -1.8434, 9.5037 ], [ -1.7862, 9.5031 ], [ -1.7724, 9.4963 ], [ -1.7379, 9.4529 ], [ -1.7342, 9.4413 ], [ -1.7393, 9.4191 ], [ -1.7318, 9.4139 ], [ -1.729, 9.3933 ], [ -1.7176, 9.3829 ], [ -1.7149, 9.3721 ], [ -1.6944, 9.3633 ], [ -1.6798, 9.3493 ], [ -1.6576, 9.3367 ], [ -1.6513, 9.3291 ], [ -1.635, 9.3229 ], [ -1.6111, 9.3021 ], [ -1.605, 9.2909 ], [ -1.5989, 9.2917 ], [ -1.5884, 9.2859 ], [ -1.5842, 9.2767 ], [ -1.58, 9.2763 ], [ -1.5725, 9.2853 ], [ -1.5682, 9.2855 ], [ -1.5703, 9.2903 ], [ -1.5637, 9.2937 ], [ -1.5671, 9.2991 ], [ -1.5631, 9.3049 ], [ -1.56, 9.3037 ], [ -1.5566, 9.3085 ], [ -1.5485, 9.3111 ], [ -1.5399, 9.3199 ], [ -1.5349, 9.3157 ], [ -1.5305, 9.3013 ], [ -1.5247, 9.2967 ], [ -1.5062, 9.2991 ], [ -1.5076, 9.3017 ], [ -1.5028, 9.3037 ], [ -1.4945, 9.3257 ], [ -1.4828, 9.3307 ], [ -1.4793, 9.3223 ], [ -1.4608, 9.3181 ], [ -1.4468, 9.3215 ], [ -1.437, 9.3315 ], [ -1.4249, 9.3277 ], [ -1.4206, 9.3295 ], [ -1.4166, 9.3387 ], [ -1.4087, 9.3409 ], [ -1.4035, 9.3521 ], [ -1.3922, 9.3527 ], [ -1.3868, 9.3679 ], [ -1.3507, 9.3771 ], [ -1.3433, 9.3815 ], [ -1.3236, 9.3693 ], [ -1.3131, 9.3587 ], [ -1.3065, 9.3451 ], [ -1.2963, 9.3327 ], [ -1.2857, 9.3267 ], [ -1.2625, 9.2953 ], [ -1.2462, 9.2883 ], [ -1.242, 9.2835 ], [ -1.24, 9.2875 ], [ -1.254, 9.3031 ], [ -1.2586, 9.3177 ], [ -1.2677, 9.3275 ], [ -1.2683, 9.3321 ], [ -1.2613, 9.3325 ], [ -1.2644, 9.3421 ], [ -1.2561, 9.3527 ], [ -1.2572, 9.3595 ], [ -1.2459, 9.3871 ], [ -1.2428, 9.4185 ], [ -1.2501, 9.4275 ], [ -1.2813, 9.5099 ], [ -1.2971, 9.5217 ], [ -1.3116, 9.5389 ], [ -1.3147, 9.5493 ], [ -1.3734, 9.6101 ], [ -1.3662, 9.6183 ], [ -1.3295, 9.6339 ], [ -1.3305, 9.6433 ], [ -1.315, 9.6521 ], [ -1.3231, 9.6563 ], [ -1.3198, 9.6841 ], [ -1.3265, 9.6977 ], [ -1.338, 9.7059 ], [ -1.3489, 9.7295 ], [ -1.346, 9.7537 ], [ -1.3506, 9.7653 ], [ -1.348, 9.7751 ], [ -1.3515, 9.7945 ], [ -1.3483, 9.8037 ], [ -1.3409, 9.8083 ], [ -1.328, 9.8069 ], [ -1.3206, 9.7995 ], [ -1.3103, 9.8019 ], [ -1.3136, 9.8131 ], [ -1.3084, 9.8207 ], [ -1.3059, 9.8127 ], [ -1.2943, 9.8063 ], [ -1.2864, 9.8023 ], [ -1.2732, 9.8023 ], [ -1.2647, 9.8147 ], [ -1.2632, 9.8235 ], [ -1.2386, 9.8283 ], [ -1.2194, 9.8127 ], [ -1.2132, 9.7987 ], [ -1.197, 9.7961 ], [ -1.1867, 9.8001 ], [ -1.1753, 9.7905 ], [ -1.1737, 9.8079 ], [ -1.1698, 9.8145 ], [ -1.1731, 9.8201 ], [ -1.166, 9.8345 ], [ -1.1606, 9.8595 ], [ -1.1643, 9.8741 ], [ -1.1711, 9.8797 ], [ -1.1819, 9.8977 ], [ -1.1762, 9.9233 ], [ -1.1787, 9.9377 ], [ -1.1767, 9.9499 ], [ -1.1639, 9.9523 ], [ -1.1198, 9.9277 ], [ -1.1094, 9.9277 ], [ -1.1245, 9.9585 ], [ -1.135, 9.9639 ], [ -1.1418, 9.9789 ], [ -1.1566, 9.9779 ], [ -1.1798, 9.9913 ], [ -1.1971, 9.9947 ], [ -1.2103, 10.0061 ], [ -1.2275, 10.0087 ], [ -1.2334, 10.0133 ], [ -1.2403, 10.0261 ] ] ] } },
{ "type": "Feature", "properties": { "iso3": "GHA", "unit_id": "30259293B70245026091779", "unit_name": "Sawla-Tuna-Kalba" }, "geometry": { "type": "Polygon", "coordinates": [ [ [ -2.2589, 9.1537 ], [ -2.2571, 9.1793 ], [ -2.2668, 9.1935 ], [ -2.2696, 9.2221 ], [ -2.2877, 9.2321 ], [ -2.2906, 9.2351 ], [ -2.2887, 9.2393 ], [ -2.2721, 9.2467 ], [ -2.2566, 9.2623 ], [ -2.2195, 9.3351 ], [ -2.2011, 9.3507 ], [ -2.2004, 9.3549 ], [ -2.1815, 9.3609 ], [ -2.1673, 9.3819 ], [ -2.1518, 9.3877 ], [ -2.1234, 9.3865 ], [ -2.1187, 9.3911 ], [ -2.1187, 9.3973 ], [ -2.131, 9.4219 ], [ -2.1277, 9.4343 ], [ -2.1377, 9.4555 ], [ -2.137, 9.4665 ], [ -2.1457, 9.4979 ], [ -2.1223, 9.5073 ], [ -2.1189, 9.5147 ], [ -2.11, 9.5221 ], [ -2.0936, 9.5565 ], [ -2.0849, 9.5651 ], [ -2.0648, 9.5695 ], [ -2.0599, 9.5751 ], [ -2.043, 9.5831 ], [ -2.0334, 9.5823 ], [ -2.0109, 9.5903 ], [ -1.9984, 9.5811 ], [ -1.985, 9.5795 ], [ -1.9787, 9.5747 ], [ -1.9677, 9.5755 ], [ -1.9672, 9.5585 ], [ -1.9582, 9.5453 ], [ -1.9481, 9.5443 ], [ -1.9417, 9.5485 ], [ -1.9322, 9.5457 ], [ -1.929, 9.5555 ], [ -1.9137, 9.5639 ], [ -1.9223, 9.5719 ], [ -1.9256, 9.5903 ], [ -1.9213, 9.6015 ], [ -1.9104, 9.6147 ], [ -1.9056, 9.6319 ], [ -1.8943, 9.6431 ], [ -1.8871, 9.6461 ], [ -1.8869, 9.6497 ], [ -1.9003, 9.6645 ], [ -1.9081, 9.6811 ], [ -1.9106, 9.6887 ], [ -1.9081, 9.7063 ], [ -1.9163, 9.7233 ], [ -1.9209, 9.7467 ], [ -1.9428, 9.7791 ], [ -1.9632, 9.7991 ], [ -1.9693, 9.8105 ], [ -1.9859, 9.8237 ], [ -2.0042, 9.8215 ], [ -2.0219, 9.7895 ], [ -2.0297, 9.7829 ], [ -2.0422, 9.7797 ], [ -2.0864, 9.7855 ], [ -2.0912, 9.7899 ], [ -2.0969, 9.8137 ], [ -2.4211, 9.7725 ], [ -2.4864, 9.7541 ], [ -2.5084, 9.7459 ], [ -2.5076, 9.7197 ], [ -2.5146, 9.6947 ], [ -2.5212, 9.6871 ], [ -2.5387, 9.6779 ], [ -2.6003, 9.6593 ], [ -2.6301, 9.6465 ], [ -2.6542, 9.6419 ], [ -2.6812, 9.6321 ], [ -2.7202, 9.6329 ], [ -2.732, 9.6423 ], [ -2.7425, 9.6419 ], [ -2.7611, 9.6185 ], [ -2.764, 9.6079 ], [ -2.7715, 9.5997 ], [ -2.7711, 9.5765 ], [ -2.7599, 9.5547 ], [ -2.7469, 9.5465 ], [ -2.7301, 9.5295 ], [ -2.713, 9.5231 ], [ -2.6937, 9.5039 ], [ -2.6845, 9.4873 ], [ -2.6845, 9.4739 ], [ -2.69, 9.4531 ], [ -2.6886, 9.4325 ], [ -2.6776, 9.4085 ], [ -2.6737, 9.3885 ], [ -2.6768, 9.3705 ], [ -2.6816, 9.3609 ], [ -2.6937, 9.3521 ], [ -2.7032, 9.3401 ], [ -2.7199, 9.3337 ], [ -2.7207, 9.3117 ], [ -2.7152, 9.2963 ], [ -2.7077, 9.2887 ], [ -2.6942, 9.2847 ], [ -2.6859, 9.2873 ], [ -2.6566, 9.2557 ], [ -2.6619, 9.2401 ], [ -2.6921, 9.2263 ], [ -2.6979, 9.2181 ], [ -2.7135, 9.2091 ], [ -2.7078, 9.2079 ], [ -2.6928, 9.1949 ], [ -2.6849, 9.1925 ], [ -2.6668, 9.1957 ], [ -2.6426, 9.1857 ], [ -2.6182, 9.1935 ], [ -2.6083, 9.1883 ], [ -2.5776, 9.1931 ], [ -2.5685, 9.1913 ], [ -2.4822, 9.2097 ], [ -2.4696, 9.2173 ], [ -2.4707, 9.2207 ], [ -2.4663, 9.2253 ], [ -2.4574, 9.2275 ], [ -2.4533, 9.2351 ], [ -2.4067, 9.2365 ], [ -2.404, 9.2341 ], [ -2.4095, 9.2093 ], [ -2.4, 9.1903 ], [ -2.4043, 9.1769 ], [ -2.4027, 9.1725 ], [ -2.3911, 9.1691 ], [ -2.374, 9.1429 ], [ -2.3654, 9.1369 ], [ -2.3624, 9.1363 ], [ -2.3577, 9.1475 ], [ -2.3505, 9.1543 ], [ -2.343, 9.1529 ], [ -2.3329, 9.1455 ], [ -2.2864, 9.1563 ], [ -2.2589, 9.1537 ] ] ] } },
{ "type": "Feature", "properties": { "iso3": "GHA", "unit_id": "30259293B49664250180008", "unit_name": "West Gonja" }, "geometry": { "type": "Polygon", "coordinates": [ [ [ -2.0329, 9.0161 ], [ -2.008, 9.0435 ], [ -1.9923, 9.0429 ], [ -1.9892, 9.0401 ], [ -1.9762, 9.0423 ], [ -1.9743, 9.0491 ], [ -1.9522, 9.0473 ], [ -1.9399, 9.0529 ], [ -1.9275, 9.0433 ], [ -1.9171, 9.0419 ], [ -1.9097, 9.0439 ], [ -1.9027, 9.0505 ], [ -1.8897, 9.0473 ], [ -1.8795, 9.0497 ], [ -1.8575, 9.0377 ], [ -1.8432, 9.0343 ], [ -1.8405, 9.0313 ], [ -1.842, 9.0267 ], [ -1.8325, 9.0105 ], [ -1.8561, 8.9687 ], [ -1.8521, 8.9613 ], [ -1.8601, 8.9509 ], [ -1.8614, 8.9317 ], [ -1.856, 8.9021 ], [ -1.8565, 8.8795 ], [ -1.7005, 8.8545 ], [ -1.6943, 8.8915 ], [ -1.6767, 8.9077 ], [ -1.6584, 8.9197 ], [ -1.6205, 8.9161 ], [ -1.6095, 8.9197 ], [ -1.6038, 8.9269 ], [ -1.5891, 8.9291 ], [ -1.579, 8.9345 ], [ -1.5735, 8.9441 ], [ -1.5631, 8.9503 ], [ -1.5812, 8.9829 ], [ -1.5887, 8.9875 ], [ -1.5866, 8.9935 ], [ -1.5674, 9.0073 ], [ -1.5514, 9.0389 ], [ -1.5164, 9.0587 ], [ -1.5088, 9.0725 ], [ -1.4951, 9.0801 ], [ -1.4746, 9.1057 ], [ -1.4491, 9.1149 ], [ -1.4225, 9.1159 ], [ -1.4155, 9.1253 ], [ -1.4027, 9.1297 ], [ -1.3811, 9.1267 ], [ -1.374, 9.1299 ], [ -1.3783, 9.1485 ], [ -1.3624, 9.1687 ], [ -1.3423, 9.1607 ], [ -1.3188, 9.1561 ], [ -1.2874, 9.1745 ], [ -1.2787, 9.1847 ], [ -1.2647, 9.1847 ], [ -1.2611, 9.1895 ], [ -1.2581, 9.1863 ], [ -1.2533, 9.1873 ], [ -1.2451, 9.2063 ], [ -1.2379, 9.2151 ], [ -1.2372, 9.2307 ], [ -1.2403, 9.2441 ], [ -1.237, 9.2615 ], [ -1.2385, 9.2653 ], [ -1.2506, 9.2661 ], [ -1.2529, 9.2689 ], [ -1.2529, 9.2725 ], [ -1.2423, 9.2789 ], [ -1.242, 9.2835 ], [ -1.2462, 9.2883 ], [ -1.2625, 9.2953 ], [ -1.2857, 9.3267 ], [ -1.2963, 9.3327 ], [ -1.3065, 9.3451 ], [ -1.3131, 9.3587 ], [ -1.3236, 9.3693 ], [ -1.3433, 9.3815 ], [ -1.3507, 9.3771 ], [ -1.3868, 9.3679 ], [ -1.3922, 9.3527 ], [ -1.4035, 9.3521 ], [ -1.4087, 9.3409 ], [ -1.4166, 9.3387 ], [ -1.4206, 9.3295 ], [ -1.4249, 9.3277 ], [ -1.437, 9.3315 ], [ -1.4468, 9.3215 ], [ -1.4608, 9.3181 ], [ -1.4793, 9.3223 ], [ -1.4828, 9.3307 ], [ -1.4945, 9.3257 ], [ -1.5028, 9.3037 ], [ -1.5076, 9.3017 ], [ -1.5062, 9.2991 ], [ -1.5247, 9.2967 ], [ -1.5305, 9.3013 ], [ -1.5349, 9.3157 ], [ -1.5399, 9.3199 ], [ -1.5485, 9.3111 ], [ -1.5566, 9.3085 ], [ -1.56, 9.3037 ], [ -1.5631, 9.3049 ], [ -1.5671, 9.2991 ], [ -1.5637, 9.2937 ], [ -1.5703, 9.2903 ], [ -1.5682, 9.2855 ], [ -1.5725, 9.2853 ], [ -1.58, 9.2763 ], [ -1.5842, 9.2767 ], [ -1.5884, 9.2859 ], [ -1.5989, 9.2917 ], [ -1.605, 9.2909 ], [ -1.6111, 9.3021 ], [ -1.635, 9.3229 ], [ -1.6513, 9.3291 ], [ -1.6576, 9.3367 ], [ -1.6798, 9.3493 ], [ -1.6944, 9.3633 ], [ -1.7149, 9.3721 ], [ -1.7176, 9.3829 ], [ -1.729, 9.3933 ], [ -1.7318, 9.4139 ], [ -1.7393, 9.4191 ], [ -1.7342, 9.4413 ], [ -1.7379, 9.4529 ], [ -1.7724, 9.4963 ], [ -1.7862, 9.5031 ], [ -1.8434, 9.5037 ], [ -1.8491, 9.5057 ], [ -1.848, 9.5121 ], [ -1.8505, 9.5137 ], [ -1.8675, 9.5149 ], [ -1.8669, 9.5189 ], [ -1.8756, 9.5217 ], [ -1.8764, 9.5289 ], [ -1.8689, 9.5337 ], [ -1.8671, 9.5425 ], [ -1.8705, 9.5443 ], [ -1.8717, 9.5537 ], [ -1.8812, 9.5603 ], [ -1.9061, 9.5543 ], [ -1.9137, 9.5639 ], [ -1.929, 9.5555 ], [ -1.9322, 9.5457 ], [ -1.9417, 9.5485 ], [ -1.9481, 9.5443 ], [ -1.9582, 9.5453 ], [ -1.9672, 9.5585 ], [ -1.9677, 9.5755 ], [ -1.9787, 9.5747 ], [ -1.985, 9.5795 ], [ -1.9984, 9.5811 ], [ -2.0109, 9.5903 ], [ -2.0334, 9.5823 ], [ -2.043, 9.5831 ], [ -2.0599, 9.5751 ], [ -2.0648, 9.5695 ], [ -2.0849, 9.5651 ], [ -2.0936, 9.5565 ], [ -2.11, 9.5221 ], [ -2.1189, 9.5147 ], [ -2.1223, 9.5073 ], [ -2.1457, 9.4979 ], [ -2.137, 9.4665 ], [ -2.1377, 9.4555 ], [ -2.1277, 9.4343 ], [ -2.131, 9.4219 ], [ -2.1187, 9.3973 ], [ -2.1187, 9.3911 ], [ -2.1234, 9.3865 ], [ -2.1518, 9.3877 ], [ -2.1673, 9.3819 ], [ -2.1815, 9.3609 ], [ -2.2004, 9.3549 ], [ -2.2011, 9.3507 ], [ -2.2195, 9.3351 ], [ -2.2566, 9.2623 ], [ -2.2721, 9.2467 ], [ -2.2887, 9.2393 ], [ -2.2906, 9.2351 ], [ -2.2696, 9.2221 ], [ -2.2668, 9.1935 ], [ -2.2571, 9.1793 ], [ -2.2589, 9.1537 ], [ -2.2343, 9.1429 ], [ -2.2202, 9.1279 ], [ -2.177, 9.1023 ], [ -2.1649, 9.0783 ], [ -2.1538, 9.0685 ], [ -2.1371, 9.0637 ], [ -2.1165, 9.0349 ], [ -2.0932, 9.0275 ], [ -2.0782, 9.0311 ], [ -2.0644, 9.0275 ], [ -2.0495, 9.0171 ], [ -2.043, 9.0203 ], [ -2.0329, 9.0161 ] ] ] } },
{ "type": "Feature", "properties": { "iso3": "GHA", "unit_id": "30259293B43429860279538", "unit_name": "Bawku Municipal" }, "geometry": { "type": "Polygon", "coordinates": [ [ [ -0.1503, 10.9985 ], [ -0.1516, 11.0133 ], [ -0.159, 11.0215 ], [ -0.1582, 11.0287 ], [ -0.1693, 11.0405 ], [ -0.1735, 11.0423 ], [ -0.1928, 11.0355 ], [ -0.1986, 11.0483 ], [ -0.1983, 11.0659 ], [ -0.1936, 11.0805 ], [ -0.1964, 11.0887 ], [ -0.2063, 11.0885 ], [ -0.205, 11.1045 ], [ -0.2162, 11.1173 ], [ -0.2149, 11.1293 ], [ -0.2257, 11.1369 ], [ -0.2187, 11.1597 ], [ -0.2763, 11.1747 ], [ -0.2837, 11.1667 ], [ -0.2846, 11.1541 ], [ -0.2893, 11.1491 ], [ -0.2838, 11.1425 ], [ -0.2729, 11.1387 ], [ -0.2704, 11.1289 ], [ -0.2737, 11.1235 ], [ -0.3214, 11.1149 ], [ -0.3368, 11.1063 ], [ -0.3373, 11.0927 ], [ -0.314, 11.0857 ], [ -0.3057, 11.0735 ], [ -0.2985, 11.0757 ], [ -0.2892, 11.0847 ], [ -0.2833, 11.0821 ], [ -0.2739, 11.0669 ], [ -0.2763, 11.0535 ], [ -0.2827, 11.0477 ], [ -0.2753, 11.0393 ], [ -0.2759, 11.0357 ], [ -0.2581, 11.0281 ], [ -0.2473, 11.0177 ], [ -0.2427, 11.0083 ], [ -0.221, 11.0017 ], [ -0.2235, 10.9863 ], [ -0.2307, 10.9791 ], [ -0.2125, 10.9605 ], [ -0.218, 10.9543 ], [ -0.2304, 10.9513 ], [ -0.237, 10.9387 ], [ -0.2357, 10.9273 ], [ -0.2196, 10.9231 ], [ -0.215, 10.9119 ], [ -0.2091, 10.9097 ], [ -0.1781, 10.9223 ], [ -0.1656, 10.9329 ], [ -0.1451, 10.9635 ], [ -0.1436, 10.9675 ], [ -0.1473, 10.9739 ], [ -0.1567, 10.9781 ], [ -0.156, 10.9915 ], [ -0.1503, 10.9985 ] ] ] } },
{ "type": "Feature", "properties": { "iso3": "GHA", "unit_id": "30259293B37636766153193", "unit_name": "Bawku West" }, "geometry": { "type": "Polygon", "coordinates": [ [ [ -0.3416, 10.6205 ], [ -0.3294, 10.6495 ], [ -0.3427, 10.6709 ], [ -0.3649, 10.6823 ], [ -0.3675, 10.7067 ], [ -0.3726, 10.7197 ], [ -0.3713, 10.7373 ], [ -0.3754, 10.7505 ], [ -0.372, 10.7563 ], [ -0.3521, 10.7653 ], [ -0.3483, 10.7761 ], [ -0.3325, 10.7887 ], [ -0.337, 10.7947 ], [ -0.3636, 10.8045 ], [ -0.375, 10.8205 ], [ -0.387, 10.8279 ], [ -0.3961, 10.8533 ], [ -0.3841, 10.8665 ], [ -0.39, 10.8973 ], [ -0.388, 10.8999 ], [ -0.383, 10.8961 ], [ -0.3802, 10.8983 ], [ -0.3803, 10.9221 ], [ -0.372, 10.9269 ], [ -0.3819, 10.9395 ], [ -0.3811, 10.9429 ], [ -0.3681, 10.9467 ], [ -0.3656, 10.9539 ], [ -0.3656, 10.9575 ], [ -0.3872, 10.9703 ], [ -0.3911, 10.9843 ], [ -0.3846, 11.0055 ], [ -0.39, 11.0229 ], [ -0.3715, 11.0355 ], [ -0.369, 11.0403 ], [ -0.3749, 11.0457 ], [ -0.3739, 11.0547 ], [ -0.3598, 11.0701 ], [ -0.3604, 11.0775 ], [ -0.3718, 11.0901 ], [ -0.3716, 11.0995 ], [ -0.3756, 11.1077 ], [ -0.3734, 11.1229 ], [ -0.3849, 11.1265 ], [ -0.4025, 11.1263 ], [ -0.4268, 11.1143 ], [ -0.4316, 11.1021 ], [ -0.434, 11.0773 ], [ -0.4398, 11.0651 ], [ -0.4363, 11.0527 ], [ -0.4384, 11.0441 ], [ -0.4341, 11.0379 ], [ -0.4383, 11.0303 ], [ -0.4603, 11.0285 ], [ -0.4748, 11.0353 ], [ -0.4811, 11.0227 ], [ -0.5021, 11.0161 ], [ -0.5015, 11.0029 ], [ -0.5127, 10.9903 ], [ -0.5229, 10.9925 ], [ -0.5263, 10.9987 ], [ -0.5302, 10.9995 ], [ -0.5432, 10.9849 ], [ -0.5443, 10.9765 ], [ -0.5512, 10.9797 ], [ -0.5541, 10.9905 ], [ -0.5681, 10.9909 ], [ -0.5813, 10.9641 ], [ -0.5853, 10.9617 ], [ -0.5866, 10.9437 ], [ -0.593, 10.9317 ], [ -0.5932, 10.9247 ], [ -0.6184, 10.9099 ], [ -0.6015, 10.8547 ], [ -0.5885, 10.8373 ], [ -0.5686, 10.8245 ], [ -0.5577, 10.8091 ], [ -0.5606, 10.7985 ], [ -0.5734, 10.7887 ], [ -0.5705, 10.7793 ], [ -0.5764, 10.7715 ], [ -0.5758, 10.7567 ], [ -0.5649, 10.7375 ], [ -0.5667, 10.7339 ], [ -0.5587, 10.7315 ], [ -0.5472, 10.7163 ], [ -0.5496, 10.6931 ], [ -0.5443, 10.6821 ], [ -0.5457, 10.6739 ], [ -0.5392, 10.6667 ], [ -0.5426, 10.6561 ], [ -0.5335, 10.6437 ], [ -0.5389, 10.6327 ], [ -0.5255, 10.6261 ], [ -0.5244, 10.6217 ], [ -0.5492, 10.6055 ], [ -0.5384, 10.5937 ], [ -0.5275, 10.5725 ], [ -0.5186, 10.5657 ], [ -0.5196, 10.5599 ], [ -0.5084, 10.5677 ], [ -0.507, 10.6075 ], [ -0.4992, 10.6233 ], [ -0.4691, 10.6183 ], [ -0.4524, 10.6017 ], [ -0.4431, 10.5999 ], [ -0.3969, 10.6081 ], [ -0.3651, 10.6253 ], [ -0.3554, 10.6255 ], [ -0.3474, 10.6193 ], [ -0.3416, 10.6205 ] ] ] } },
{ "type": "Feature", "properties": { "iso3": "GHA", "unit_id": "30259293B49137567823934", "unit_name": "Binduri" }, "geometry": { "type": "Polygon", "coordinates": [ [ [ -0.3373, 11.0927 ], [ -0.3419, 11.0859 ], [ -0.3532, 11.0843 ], [ -0.3557, 11.0719 ], [ -0.3739, 11.0547 ], [ -0.3749, 11.0457 ], [ -0.369, 11.0403 ], [ -0.3715, 11.0355 ], [ -0.39, 11.0229 ], [ -0.3846, 11.0055 ], [ -0.3911, 10.9843 ], [ -0.3872, 10.9703 ], [ -0.3656, 10.9575 ], [ -0.3656, 10.9539 ], [ -0.3681, 10.9467 ], [ -0.3811, 10.9429 ], [ -0.3819, 10.9395 ], [ -0.372, 10.9269 ], [ -0.3803, 10.9221 ], [ -0.3802, 10.8983 ], [ -0.383, 10.8961 ], [ -0.388, 10.8999 ], [ -0.39, 10.8973 ], [ -0.3841, 10.8665 ], [ -0.3961, 10.8533 ], [ -0.387, 10.8279 ], [ -0.375, 10.8205 ], [ -0.3636, 10.8045 ], [ -0.3556, 10.8007 ], [ -0.353, 10.8031 ], [ -0.3532, 10.8149 ], [ -0.3371, 10.8283 ], [ -0.3361, 10.8367 ], [ -0.333, 10.8391 ], [ -0.3243, 10.8379 ], [ -0.3126, 10.8537 ], [ -0.2896, 10.8705 ], [ -0.2797, 10.8733 ], [ -0.2679, 10.8877 ], [ -0.2392, 10.8833 ], [ -0.2307, 10.8937 ], [ -0.225, 10.8961 ], [ -0.215, 10.9119 ], [ -0.2196, 10.9231 ], [ -0.2357, 10.9273 ], [ -0.237, 10.9387 ], [ -0.2304, 10.9513 ], [ -0.218, 10.9543 ], [ -0.2125, 10.9605 ], [ -0.2307, 10.9791 ], [ -0.2235, 10.9863 ], [ -0.221, 11.0017 ], [ -0.2427, 11.0083 ], [ -0.2473, 11.0177 ], [ -0.2581, 11.0281 ], [ -0.2759, 11.0357 ], [ -0.2753, 11.0393 ], [ -0.2827, 11.0477 ], [ -0.2763, 11.0535 ], [ -0.2739, 11.0669 ], [ -0.2833, 11.0821 ], [ -0.2892, 11.0847 ], [ -0.2985, 11.0757 ], [ -0.3057, 11.0735 ], [ -0.314, 11.0857 ], [ -0.3373, 11.0927 ] ] ] } },
{ "type": "Feature", "properties": { "iso3": "GHA", "unit_id": "30259293B37247717646309", "unit_name": "Bolga  East" }, "geometry": { "type": "Polygon", "coordinates": [ [ [ -0.766, 10.7981 ], [ -0.7705, 10.7999 ], [ -0.7621, 10.8069 ], [ -0.7644, 10.8125 ], [ -0.7584, 10.8289 ], [ -0.7503, 10.8275 ], [ -0.7399, 10.8367 ], [ -0.7419, 10.8501 ], [ -0.7491, 10.8623 ], [ -0.7634, 10.8597 ], [ -0.7855, 10.8375 ], [ -0.8078, 10.8287 ], [ -0.8137, 10.8111 ], [ -0.8283, 10.8035 ], [ -0.8523, 10.7679 ], [ -0.8574, 10.7655 ], [ -0.8547, 10.7511 ], [ -0.8492, 10.7425 ], [ -0.8389, 10.7437 ], [ -0.8301, 10.7493 ], [ -0.8169, 10.7515 ], [ -0.8082, 10.7607 ], [ -0.7854, 10.7671 ], [ -0.766, 10.7981 ] ] ] } },
{ "type": "Feature", "properties": { "iso3": "GHA", "unit_id": "30259293B91738381976445", "unit_name": "Bolgatanga Municipal" }, "geometry": { "type": "Polygon", "coordinates": [ [ [ -0.8078, 10.8287 ], [ -0.8111, 10.8405 ], [ -0.8326, 10.8491 ], [ -0.8449, 10.8467 ], [ -0.8648, 10.8497 ], [ -0.8679, 10.8417 ], [ -0.8747, 10.8487 ], [ -0.908, 10.8687 ], [ -0.9157, 10.8697 ], [ -0.9253, 10.8781 ], [ -0.9301, 10.8779 ], [ -0.9453, 10.8545 ], [ -0.9546, 10.8497 ], [ -0.9632, 10.8525 ], [ -0.9666, 10.8505 ], [ -0.9799, 10.8391 ], [ -0.9823, 10.8319 ], [ -0.987, 10.8317 ], [ -0.9941, 10.8243 ], [ -1.0041, 10.8021 ], [ -1.001, 10.7927 ], [ -1.0077, 10.7821 ], [ -1.0085, 10.7703 ], [ -1.0141, 10.7615 ], [ -1.012, 10.7415 ], [ -1.007, 10.7365 ], [ -1.0058, 10.7289 ], [ -0.9918, 10.7319 ], [ -0.9842, 10.7185 ], [ -0.9666, 10.7137 ], [ -0.9599, 10.7079 ], [ -0.971, 10.6985 ], [ -0.9716, 10.6949 ], [ -0.9682, 10.6925 ], [ -0.9729, 10.6875 ], [ -0.9798, 10.6865 ], [ -0.982, 10.6811 ], [ -0.9781, 10.6785 ], [ -0.9795, 10.6691 ], [ -0.9551, 10.6413 ], [ -0.952, 10.6331 ], [ -0.9544, 10.6273 ], [ -0.9444, 10.6177 ], [ -0.9275, 10.6305 ], [ -0.9229, 10.6437 ], [ -0.9182, 10.6455 ], [ -0.9164, 10.6675 ], [ -0.9014, 10.6935 ], [ -0.9005, 10.7161 ], [ -0.8844, 10.7285 ], [ -0.8736, 10.7423 ], [ -0.8632, 10.7379 ], [ -0.8492, 10.7425 ], [ -0.8579, 10.7601 ], [ -0.8574, 10.7655 ], [ -0.8523, 10.7679 ], [ -0.8283, 10.8035 ], [ -0.8137, 10.8111 ], [ -0.8078, 10.8287 ] ] ] } },
{ "type": "Feature", "properties": { "iso3": "GHA", "unit_id": "30259293B48576200426531", "unit_name": "Bongo" }, "geometry": { "type": "Polygon", "coordinates": [ [ [ -0.7399, 10.8367 ], [ -0.7303, 10.8411 ], [ -0.7181, 10.8647 ], [ -0.6906, 10.8817 ], [ -0.6819, 10.8821 ], [ -0.6744, 10.9301 ], [ -0.6455, 10.9537 ], [ -0.653, 10.9635 ], [ -0.663, 10.9565 ], [ -0.6708, 10.9587 ], [ -0.6637, 10.9745 ], [ -0.6548, 10.9777 ], [ -0.6537, 10.9871 ], [ -0.6721, 10.9897 ], [ -0.6776, 10.9829 ], [ -0.6851, 10.9853 ], [ -0.6847, 10.9975 ], [ -0.6891, 10.9985 ], [ -0.8009, 10.9979 ], [ -0.8062, 10.9987 ], [ -0.8076, 11.0045 ], [ -0.8111, 11.0061 ], [ -0.8272, 11.0065 ], [ -0.8283, 10.9991 ], [ -0.8536, 10.9985 ], [ -0.8707, 10.9667 ], [ -0.8906, 10.9641 ], [ -0.8972, 10.9605 ], [ -0.8982, 10.9535 ], [ -0.9116, 10.9515 ], [ -0.933, 10.9201 ], [ -0.9301, 10.8779 ], [ -0.9253, 10.8781 ], [ -0.9157, 10.8697 ], [ -0.908, 10.8687 ], [ -0.8747, 10.8487 ], [ -0.8679, 10.8417 ], [ -0.8648, 10.8497 ], [ -0.8449, 10.8467 ], [ -0.8326, 10.8491 ], [ -0.8111, 10.8405 ], [ -0.8078, 10.8287 ], [ -0.8042, 10.8293 ], [ -0.7954, 10.8355 ], [ -0.7855, 10.8375 ], [ -0.7634, 10.8597 ], [ -0.7541, 10.8627 ], [ -0.7456, 10.8597 ], [ -0.7399, 10.8367 ] ] ] } },
{ "type": "Feature", "properties": { "iso3": "GHA", "unit_id": "30259293B46475195004759", "unit_name": "Builsa North" }, "geometry": { "type": "Polygon", "coordinates": [ [ [ -1.4052, 10.7267 ], [ -1.4047, 10.7105 ], [ -1.3997, 10.7071 ], [ -1.4003, 10.6957 ], [ -1.4037, 10.6907 ], [ -1.3891, 10.6609 ], [ -1.3899, 10.6491 ], [ -1.3836, 10.6439 ], [ -1.3795, 10.6337 ], [ -1.3906, 10.6277 ], [ -1.3895, 10.6113 ], [ -1.4025, 10.5885 ], [ -1.4059, 10.5771 ], [ -1.4037, 10.5743 ], [ -1.3892, 10.5803 ], [ -1.3821, 10.5895 ], [ -1.3681, 10.5953 ], [ -1.3562, 10.6059 ], [ -1.3355, 10.6177 ], [ -1.3199, 10.6187 ], [ -1.3128, 10.6113 ], [ -1.3147, 10.6039 ], [ -1.3057, 10.6015 ], [ -1.2921, 10.6193 ], [ -1.2889, 10.6191 ], [ -1.2693, 10.5973 ], [ -1.2754, 10.5821 ], [ -1.2492, 10.5861 ], [ -1.2406, 10.5709 ], [ -1.2431, 10.5609 ], [ -1.2334, 10.5601 ], [ -1.2226, 10.5433 ], [ -1.2075, 10.5463 ], [ -1.1952, 10.5439 ], [ -1.1734, 10.5621 ], [ -1.1754, 10.5675 ], [ -1.1699, 10.5719 ], [ -1.184, 10.5947 ], [ -1.1771, 10.6007 ], [ -1.1581, 10.5969 ], [ -1.097, 10.6123 ], [ -1.1074, 10.6243 ], [ -1.1063, 10.6369 ], [ -1.1131, 10.6429 ], [ -1.1094, 10.6505 ], [ -1.0989, 10.6465 ], [ -1.0941, 10.6489 ], [ -1.084, 10.6573 ], [ -1.0831, 10.6613 ], [ -1.0911, 10.6683 ], [ -1.0952, 10.6845 ], [ -1.1038, 10.6747 ], [ -1.1141, 10.6763 ], [ -1.1198, 10.6917 ], [ -1.1198, 10.7009 ], [ -1.1082, 10.7119 ], [ -1.0976, 10.7297 ], [ -1.1057, 10.7399 ], [ -1.119, 10.7413 ], [ -1.1271, 10.7463 ], [ -1.1258, 10.7607 ], [ -1.1347, 10.7735 ], [ -1.1361, 10.7863 ], [ -1.1347, 10.7939 ], [ -1.1218, 10.8037 ], [ -1.1228, 10.8087 ], [ -1.1143, 10.8191 ], [ -1.1149, 10.8305 ], [ -1.1114, 10.8341 ], [ -1.1204, 10.8517 ], [ -1.1307, 10.8483 ], [ -1.1437, 10.8579 ], [ -1.1513, 10.8785 ], [ -1.1875, 10.8703 ], [ -1.1869, 10.8459 ], [ -1.1947, 10.8251 ], [ -1.198, 10.8213 ], [ -1.226, 10.8107 ], [ -1.2409, 10.7979 ], [ -1.248, 10.8045 ], [ -1.2556, 10.8023 ], [ -1.2597, 10.8091 ], [ -1.2946, 10.8251 ], [ -1.3575, 10.8095 ], [ -1.3607, 10.8095 ], [ -1.3637, 10.8151 ], [ -1.375, 10.8121 ], [ -1.3752, 10.8049 ], [ -1.3905, 10.8005 ], [ -1.4016, 10.7913 ], [ -1.4021, 10.7747 ], [ -1.394, 10.7615 ], [ -1.3975, 10.7529 ], [ -1.3975, 10.7345 ], [ -1.4052, 10.7267 ] ] ] } },
{ "type": "Feature", "properties": { "iso3": "GHA", "unit_id": "30259293B59203421156174", "unit_name": "Builsa South" }, "geometry": { "type": "Polygon", "coordinates": [ [ [ -1.0708, 10.4911 ], [ -1.0655, 10.4979 ], [ -1.0689, 10.5035 ], [ -1.0826, 10.5105 ], [ -1.0774, 10.5197 ], [ -1.078, 10.5245 ], [ -1.0687, 10.5323 ], [ -1.0689, 10.5407 ], [ -1.0729, 10.5441 ], [ -1.0739, 10.5537 ], [ -1.081, 10.5607 ], [ -1.0901, 10.5783 ], [ -1.0891, 10.5869 ], [ -1.0959, 10.5941 ], [ -1.0909, 10.6025 ], [ -1.097, 10.6123 ], [ -1.1581, 10.5969 ], [ -1.1771, 10.6007 ], [ -1.184, 10.5947 ], [ -1.1699, 10.5719 ], [ -1.1754, 10.5675 ], [ -1.1734, 10.5621 ], [ -1.1952, 10.5439 ], [ -1.2075, 10.5463 ], [ -1.2226, 10.5433 ], [ -1.2334, 10.5601 ], [ -1.2431, 10.5609 ], [ -1.2406, 10.5709 ], [ -1.2492, 10.5861 ], [ -1.2754, 10.5821 ], [ -1.2693, 10.5973 ], [ -1.2889, 10.6191 ], [ -1.2921, 10.6193 ], [ -1.3057, 10.6015 ], [ -1.3147, 10.6039 ], [ -1.3128, 10.6113 ], [ -1.3199, 10.6187 ], [ -1.3355, 10.6177 ], [ -1.3562, 10.6059 ], [ -1.3681, 10.5953 ], [ -1.3821, 10.5895 ], [ -1.3892, 10.5803 ], [ -1.4037, 10.5743 ], [ -1.4059, 10.5771 ], [ -1.4025, 10.5885 ], [ -1.3895, 10.6113 ], [ -1.3906, 10.6277 ], [ -1.3795, 10.6337 ], [ -1.3836, 10.6439 ], [ -1.3899, 10.6491 ], [ -1.3891, 10.6609 ], [ -1.4037, 10.6907 ], [ -1.4003, 10.6957 ], [ -1.3997, 10.7071 ], [ -1.4047, 10.7105 ], [ -1.4074, 10.7305 ], [ -1.422, 10.7395 ], [ -1.4262, 10.7493 ], [ -1.44, 10.7491 ], [ -1.4444, 10.7543 ], [ -1.4713, 10.7585 ], [ -1.4702, 10.7685 ], [ -1.478, 10.7853 ], [ -1.5099, 10.7625 ], [ -1.5261, 10.7615 ], [ -1.5327, 10.7491 ], [ -1.5511, 10.7503 ], [ -1.5577, 10.7451 ], [ -1.5615, 10.7293 ], [ -1.5673, 10.7227 ], [ -1.5734, 10.6685 ], [ -1.5678, 10.6433 ], [ -1.5649, 10.5979 ], [ -1.5533, 10.5867 ], [ -1.5265, 10.5881 ], [ -1.5165, 10.5777 ], [ -1.5185, 10.5629 ], [ -1.5057, 10.5605 ], [ -1.4909, 10.5507 ], [ -1.4873, 10.5397 ], [ -1.484, 10.5379 ], [ -1.4638, 10.5367 ], [ -1.4558, 10.5313 ], [ -1.4488, 10.5181 ], [ -1.4628, 10.5075 ], [ -1.4596, 10.4987 ], [ -1.4669, 10.4875 ], [ -1.4571, 10.4787 ], [ -1.45, 10.4791 ], [ -1.4471, 10.4699 ], [ -1.4291, 10.4641 ], [ -1.4178, 10.4677 ], [ -1.4118, 10.4769 ], [ -1.4016, 10.4845 ], [ -1.3771, 10.4663 ], [ -1.3742, 10.4587 ], [ -1.3788, 10.4567 ], [ -1.3777, 10.4529 ], [ -1.3626, 10.4359 ], [ -1.3645, 10.4299 ], [ -1.3714, 10.4265 ], [ -1.3641, 10.4209 ], [ -1.3662, 10.4153 ], [ -1.3736, 10.4057 ], [ -1.3843, 10.4047 ], [ -1.3792, 10.3891 ], [ -1.3732, 10.3821 ], [ -1.3512, 10.3735 ], [ -1.3449, 10.3643 ], [ -1.3446, 10.3511 ], [ -1.3478, 10.3483 ], [ -1.3418, 10.3439 ], [ -1.3349, 10.3467 ], [ -1.3245, 10.3393 ], [ -1.3255, 10.3325 ], [ -1.296, 10.3247 ], [ -1.2915, 10.3261 ], [ -1.2852, 10.3223 ], [ -1.2727, 10.3221 ], [ -1.2728, 10.3257 ], [ -1.2696, 10.3259 ], [ -1.2692, 10.3115 ], [ -1.2553, 10.3003 ], [ -1.2569, 10.2905 ], [ -1.2536, 10.2781 ], [ -1.2458, 10.2815 ], [ -1.242, 10.2801 ], [ -1.2403, 10.2853 ], [ -1.2316, 10.2855 ], [ -1.2289, 10.2885 ], [ -1.2314, 10.2919 ], [ -1.2231, 10.2961 ], [ -1.2232, 10.3033 ], [ -1.2176, 10.3083 ], [ -1.2111, 10.3241 ], [ -1.214, 10.3443 ], [ -1.2321, 10.3671 ], [ -1.2345, 10.3799 ], [ -1.232, 10.3871 ], [ -1.1656, 10.4127 ], [ -1.1324, 10.4589 ], [ -1.1103, 10.4761 ], [ -1.0708, 10.4911 ] ] ] } },
{ "type": "Feature", "properties": { "iso3": "GHA", "unit_id": "30259293B57330615037340", "unit_name": "Garu" }, "geometry": { "type": "Polygon", "coordinates": [ [ [ -0.0909, 10.7103 ], [ -0.086, 10.7165 ], [ -0.0731, 10.7207 ], [ -0.0718, 10.7673 ], [ -0.0929, 10.7663 ], [ -0.0991, 10.7763 ], [ -0.096, 10.7877 ], [ -0.1085, 10.8001 ], [ -0.1218, 10.8047 ], [ -0.1297, 10.8163 ], [ -0.1359, 10.8347 ], [ -0.1344, 10.8469 ], [ -0.143, 10.8661 ], [ -0.1594, 10.8685 ], [ -0.1665, 10.9069 ], [ -0.1781, 10.9223 ], [ -0.1968, 10.9167 ], [ -0.2047, 10.9105 ], [ -0.215, 10.9119 ], [ -0.225, 10.8961 ], [ -0.2307, 10.8937 ], [ -0.2392, 10.8833 ], [ -0.2679, 10.8877 ], [ -0.2797, 10.8733 ], [ -0.2896, 10.8705 ], [ -0.3126, 10.8537 ], [ -0.3243, 10.8379 ], [ -0.333, 10.8391 ], [ -0.3361, 10.8367 ], [ -0.3371, 10.8283 ], [ -0.3532, 10.8149 ], [ -0.353, 10.8031 ], [ -0.3556, 10.8007 ], [ -0.337, 10.7947 ], [ -0.3325, 10.7887 ], [ -0.3483, 10.7761 ], [ -0.3521, 10.7653 ], [ -0.372, 10.7563 ], [ -0.3754, 10.7505 ], [ -0.3713, 10.7373 ], [ -0.3726, 10.7197 ], [ -0.3675, 10.7067 ], [ -0.3649, 10.6823 ], [ -0.3427, 10.6709 ], [ -0.3294, 10.6495 ], [ -0.3416, 10.6205 ], [ -0.3329, 10.6243 ], [ -0.3122, 10.6229 ], [ -0.3001, 10.6331 ], [ -0.2785, 10.6391 ], [ -0.2604, 10.6323 ], [ -0.2577, 10.6383 ], [ -0.2356, 10.6489 ], [ -0.2306, 10.6551 ], [ -0.2046, 10.6583 ], [ -0.1834, 10.6695 ], [ -0.1518, 10.6729 ], [ -0.1386, 10.6827 ], [ -0.1229, 10.6867 ], [ -0.1122, 10.6943 ], [ -0.1081, 10.7015 ], [ -0.0909, 10.7103 ] ] ] } },
{ "type": "Feature", "properties": { "iso3": "GHA", "unit_id": "30259293B39272125164446", "unit_name": "Kasena Nankana East" }, "geometry": { "type": "MultiPolygon", "coordinates": [ [ [ [ -1.1809, 10.9877 ], [ -1.1722, 10.9775 ], [ -1.1765, 10.9705 ], [ -1.1732, 10.9583 ], [ -1.176, 10.9467 ], [ -1.174, 10.9387 ], [ -1.1698, 10.9371 ], [ -1.1562, 10.9571 ], [ -1.1501, 10.9753 ], [ -1.1538, 10.9873 ], [ -1.1809, 10.9877 ] ] ], [ [ [ -0.9369, 10.5275 ], [ -0.9326, 10.5399 ], [ -0.9334, 10.5479 ], [ -0.9446, 10.5549 ], [ -0.9492, 10.5683 ], [ -0.9562, 10.5755 ], [ -0.9444, 10.6177 ], [ -0.9544, 10.6273 ], [ -0.952, 10.6331 ], [ -0.9551, 10.6413 ], [ -0.9795, 10.6691 ], [ -0.9781, 10.6785 ], [ -0.982, 10.6811 ], [ -0.9798, 10.6865 ], [ -0.9729, 10.6875 ], [ -0.9682, 10.6925 ], [ -0.9716, 10.6949 ], [ -0.971, 10.6985 ], [ -0.9599, 10.7079 ], [ -0.9666, 10.7137 ], [ -0.9842, 10.7185 ], [ -0.9918, 10.7319 ], [ -1.0058, 10.7289 ], [ -1.007, 10.7365 ], [ -1.012, 10.7415 ], [ -1.0141, 10.7615 ], [ -1.0085, 10.7703 ], [ -1.0077, 10.7821 ], [ -1.001, 10.7927 ], [ -1.0041, 10.8021 ], [ -0.9941, 10.8243 ], [ -0.987, 10.8317 ], [ -0.9823, 10.8319 ], [ -0.9799, 10.8391 ], [ -0.9632, 10.8525 ], [ -0.9724, 10.8671 ], [ -0.9802, 10.8663 ], [ -0.9839, 10.8697 ], [ -0.9881, 10.8655 ], [ -1.0008, 10.8719 ], [ -1.005, 10.8793 ], [ -1.0052, 10.8929 ], [ -1.0138, 10.9047 ], [ -1.0124, 10.9125 ], [ -1.0161, 10.9181 ], [ -1.0178, 10.9325 ], [ -1.0139, 10.9383 ], [ -1.001, 10.9427 ], [ -0.994, 10.9559 ], [ -0.9856, 10.9589 ], [ -0.9663, 10.9591 ], [ -0.9458, 10.9443 ], [ -0.9425, 10.9485 ], [ -0.9372, 10.9481 ], [ -0.9349, 10.9559 ], [ -0.9238, 10.9571 ], [ -0.9112, 10.9801 ], [ -0.9166, 10.9803 ], [ -0.9165, 11.0023 ], [ -0.9521, 11.0025 ], [ -1.0039, 10.9977 ], [ -1.0167, 10.9865 ], [ -1.0306, 10.9837 ], [ -1.0384, 10.9705 ], [ -1.0579, 10.9595 ], [ -1.0685, 10.9483 ], [ -1.0885, 10.9475 ], [ -1.0927, 10.9423 ], [ -1.1222, 10.9339 ], [ -1.136, 10.9213 ], [ -1.1649, 10.9217 ], [ -1.1597, 10.8767 ], [ -1.1513, 10.8785 ], [ -1.1437, 10.8579 ], [ -1.1337, 10.8499 ], [ -1.1204, 10.8517 ], [ -1.1114, 10.8341 ], [ -1.1149, 10.8305 ], [ -1.1143, 10.8191 ], [ -1.1228, 10.8087 ], [ -1.1218, 10.8037 ], [ -1.1347, 10.7939 ], [ -1.1361, 10.7863 ], [ -1.1347, 10.7735 ], [ -1.1258, 10.7607 ], [ -1.1271, 10.7463 ], [ -1.119, 10.7413 ], [ -1.1057, 10.7399 ], [ -1.0976, 10.7297 ], [ -1.1082, 10.7119 ], [ -1.1198, 10.7009 ], [ -1.116, 10.6797 ], [ -1.1141, 10.6763 ], [ -1.1038, 10.6747 ], [ -1.0952, 10.6845 ], [ -1.0911, 10.6683 ], [ -1.0831, 10.6613 ], [ -1.084, 10.6573 ], [ -1.0941, 10.6489 ], [ -1.0989, 10.6465 ], [ -1.1094, 10.6505 ], [ -1.1131, 10.6429 ], [ -1.1063, 10.6369 ], [ -1.1074, 10.6243 ], [ -1.0909, 10.6025 ], [ -1.0959, 10.5941 ], [ -1.0891, 10.5869 ], [ -1.0901, 10.5783 ], [ -1.081, 10.5607 ], [ -1.0739, 10.5537 ], [ -1.0729, 10.5441 ], [ -1.0689, 10.5407 ], [ -1.0687, 10.5323 ], [ -1.078, 10.5245 ], [ -1.0774, 10.5197 ], [ -1.0826, 10.5105 ], [ -1.0689, 10.5035 ], [ -1.0655, 10.4979 ], [ -1.0569, 10.4981 ], [ -1.0409, 10.5209 ], [ -1.0306, 10.5289 ], [ -1.0084, 10.5381 ], [ -0.9793, 10.5323 ], [ -0.967, 10.5369 ], [ -0.9585, 10.5289 ], [ -0.9485, 10.5337 ], [ -0.9369, 10.5275 ] ] ] ] } },
{ "type": "Feature", "properties": { "iso3": "GHA", "unit_id": "30259293B47247946818233", "unit_name": "Kasena Nankana West" }, "geometry": { "type": "MultiPolygon", "coordinates": [ [ [ [ -0.9301, 10.8779 ], [ -0.933, 10.9201 ], [ -0.9116, 10.9515 ], [ -0.8982, 10.9535 ], [ -0.8972, 10.9605 ], [ -0.8906, 10.9641 ], [ -0.8881, 10.9709 ], [ -0.8893, 10.9807 ], [ -0.9112, 10.9801 ], [ -0.9238, 10.9571 ], [ -0.9349, 10.9559 ], [ -0.9372, 10.9481 ], [ -0.9425, 10.9485 ], [ -0.9458, 10.9443 ], [ -0.9663, 10.9591 ], [ -0.9856, 10.9589 ], [ -0.994, 10.9559 ], [ -1.001, 10.9427 ], [ -1.0139, 10.9383 ], [ -1.0178, 10.9325 ], [ -1.0161, 10.9181 ], [ -1.0124, 10.9125 ], [ -1.0138, 10.9047 ], [ -1.0052, 10.8929 ], [ -1.005, 10.8793 ], [ -1.0008, 10.8719 ], [ -0.9881, 10.8655 ], [ -0.9839, 10.8697 ], [ -0.9802, 10.8663 ], [ -0.9724, 10.8671 ], [ -0.9632, 10.8525 ], [ -0.9546, 10.8497 ], [ -0.9453, 10.8545 ], [ -0.9301, 10.8779 ] ] ], [ [ [ -1.1597, 10.8767 ], [ -1.1649, 10.9217 ], [ -1.136, 10.9213 ], [ -1.1222, 10.9339 ], [ -1.0927, 10.9423 ], [ -1.0885, 10.9475 ], [ -1.0685, 10.9483 ], [ -1.0579, 10.9595 ], [ -1.0384, 10.9705 ], [ -1.0306, 10.9837 ], [ -1.0167, 10.9865 ], [ -1.0001, 10.9979 ], [ -1.0003, 11.0079 ], [ -1.1148, 11.0039 ], [ -1.1146, 10.9859 ], [ -1.1538, 10.9873 ], [ -1.1501, 10.9753 ], [ -1.1524, 10.9667 ], [ -1.1698, 10.9371 ], [ -1.174, 10.9387 ], [ -1.176, 10.9467 ], [ -1.1732, 10.9583 ], [ -1.1765, 10.9705 ], [ -1.1722, 10.9775 ], [ -1.1839, 10.9893 ], [ -1.277, 10.9911 ], [ -1.3778, 10.9865 ], [ -1.3963, 10.9909 ], [ -1.4228, 11.0203 ], [ -1.4228, 11.0167 ], [ -1.4285, 11.0125 ], [ -1.4281, 10.9987 ], [ -1.4381, 10.9897 ], [ -1.4478, 10.9637 ], [ -1.4444, 10.9503 ], [ -1.448, 10.9307 ], [ -1.4543, 10.9163 ], [ -1.4525, 10.8889 ], [ -1.4582, 10.8797 ], [ -1.4543, 10.8671 ], [ -1.4588, 10.8501 ], [ -1.476, 10.8407 ], [ -1.4781, 10.8327 ], [ -1.4921, 10.8325 ], [ -1.4999, 10.8159 ], [ -1.4921, 10.8039 ], [ -1.4959, 10.7897 ], [ -1.5038, 10.7801 ], [ -1.5233, 10.7769 ], [ -1.5283, 10.7651 ], [ -1.5261, 10.7615 ], [ -1.5143, 10.7607 ], [ -1.478, 10.7853 ], [ -1.4702, 10.7685 ], [ -1.4713, 10.7585 ], [ -1.4444, 10.7543 ], [ -1.44, 10.7491 ], [ -1.4262, 10.7493 ], [ -1.422, 10.7395 ], [ -1.4052, 10.7267 ], [ -1.3975, 10.7345 ], [ -1.3975, 10.7529 ], [ -1.394, 10.7615 ], [ -1.4021, 10.7747 ], [ -1.4016, 10.7913 ], [ -1.3905, 10.8005 ], [ -1.3752, 10.8049 ], [ -1.375, 10.8121 ], [ -1.3637, 10.8151 ], [ -1.3607, 10.8095 ], [ -1.3575, 10.8095 ], [ -1.2946, 10.8251 ], [ -1.2597, 10.8091 ], [ -1.2556, 10.8023 ], [ -1.248, 10.8045 ], [ -1.2409, 10.7979 ], [ -1.226, 10.8107 ], [ -1.198, 10.8213 ], [ -1.1947, 10.8251 ], [ -1.1869, 10.8459 ], [ -1.1875, 10.8703 ], [ -1.1597, 10.8767 ] ] ] ] } },
{ "type": "Feature", "properties": { "iso3": "GHA", "unit_id": "30259293B46838168007776", "unit_name": "Nabdam" }, "geometry": { "type": "Polygon", "coordinates": [ [ [ -0.6015, 10.8547 ], [ -0.6267, 10.9395 ], [ -0.6482, 10.9507 ], [ -0.6744, 10.9301 ], [ -0.6819, 10.8821 ], [ -0.6906, 10.8817 ], [ -0.7181, 10.8647 ], [ -0.7303, 10.8411 ], [ -0.7399, 10.8367 ], [ -0.7468, 10.8291 ], [ -0.7584, 10.8289 ], [ -0.7644, 10.8125 ], [ -0.7621, 10.8069 ], [ -0.7705, 10.7999 ], [ -0.7577, 10.8001 ], [ -0.7451, 10.7959 ], [ -0.7403, 10.7995 ], [ -0.7348, 10.7965 ], [ -0.7293, 10.8019 ], [ -0.7165, 10.8033 ], [ -0.7009, 10.7989 ], [ -0.6833, 10.7889 ], [ -0.6725, 10.7893 ], [ -0.6688, 10.7831 ], [ -0.667, 10.7503 ], [ -0.6621, 10.7439 ], [ -0.6544, 10.7543 ], [ -0.6433, 10.7511 ], [ -0.639, 10.7437 ], [ -0.6162, 10.7455 ], [ -0.6126, 10.7537 ], [ -0.6262, 10.7683 ], [ -0.6217, 10.7741 ], [ -0.5982, 10.7683 ], [ -0.5771, 10.7677 ], [ -0.5705, 10.7793 ], [ -0.5734, 10.7887 ], [ -0.5606, 10.7985 ], [ -0.5577, 10.8091 ], [ -0.5686, 10.8245 ], [ -0.5885, 10.8373 ], [ -0.6015, 10.8547 ] ] ] } },
{ "type": "Feature", "properties": { "iso3": "GHA", "unit_id": "30259293B23425062917638", "unit_name": "Pusiga" }, "geometry": { "type": "Polygon", "coordinates": [ [ [ -0.1503, 10.9985 ], [ -0.1443, 10.9925 ], [ -0.1321, 10.9927 ], [ -0.1104, 11.0037 ], [ -0.089, 11.0093 ], [ -0.0816, 11.0197 ], [ -0.0507, 11.0259 ], [ -0.0438, 11.0209 ], [ -0.0378, 11.0263 ], [ -0.0351, 11.0163 ], [ -0.0262, 11.0163 ], [ -0.0164, 11.0083 ], [ 0.0015, 11.0331 ], [ 0.0261, 11.0355 ], [ 0.0243, 11.0623 ], [ 0.0047, 11.0825 ], [ 0.0017, 11.0953 ], [ -0.0049, 11.1009 ], [ -0.0051, 11.1075 ], [ -0.0169, 11.1137 ], [ -0.0396, 11.1049 ], [ -0.0545, 11.0869 ], [ -0.0946, 11.0861 ], [ -0.1248, 11.1049 ], [ -0.1425, 11.1063 ], [ -0.1435, 11.1189 ], [ -0.1342, 11.1305 ], [ -0.1361, 11.1391 ], [ -0.1978, 11.1567 ], [ -0.2187, 11.1597 ], [ -0.2257, 11.1369 ], [ -0.2149, 11.1293 ], [ -0.2162, 11.1173 ], [ -0.205, 11.1045 ], [ -0.2063, 11.0885 ], [ -0.1964, 11.0887 ], [ -0.1936, 11.0805 ], [ -0.1983, 11.0659 ], [ -0.1986, 11.0483 ], [ -0.1928, 11.0355 ], [ -0.1735, 11.0423 ], [ -0.1693, 11.0405 ], [ -0.1582, 11.0287 ], [ -0.159, 11.0215 ], [ -0.1516, 11.0133 ], [ -0.1503, 10.9985 ] ] ] } },
{ "type": "Feature", "properties": { "iso3": "GHA", "unit_id": "30259293B70573144107125", "unit_name": "Talensi" }, "geometry": { "type": "Polygon", "coordinates": [ [ [ -0.5196, 10.5599 ], [ -0.5186, 10.5657 ], [ -0.5275, 10.5725 ], [ -0.5384, 10.5937 ], [ -0.5492, 10.6055 ], [ -0.5244, 10.6217 ], [ -0.5255, 10.6261 ], [ -0.5389, 10.6327 ], [ -0.5335, 10.6437 ], [ -0.5426, 10.6561 ], [ -0.5392, 10.6667 ], [ -0.5457, 10.6739 ], [ -0.5443, 10.6821 ], [ -0.5496, 10.6931 ], [ -0.5473, 10.6999 ], [ -0.5488, 10.7213 ], [ -0.5587, 10.7315 ], [ -0.5667, 10.7339 ], [ -0.5649, 10.7375 ], [ -0.5758, 10.7567 ], [ -0.5771, 10.7677 ], [ -0.5982, 10.7683 ], [ -0.6217, 10.7741 ], [ -0.6262, 10.7683 ], [ -0.6126, 10.7537 ], [ -0.6162, 10.7455 ], [ -0.639, 10.7437 ], [ -0.6433, 10.7511 ], [ -0.6544, 10.7543 ], [ -0.6621, 10.7439 ], [ -0.667, 10.7503 ], [ -0.6688, 10.7831 ], [ -0.6725, 10.7893 ], [ -0.6833, 10.7889 ], [ -0.7009, 10.7989 ], [ -0.7165, 10.8033 ], [ -0.7293, 10.8019 ], [ -0.7348, 10.7965 ], [ -0.7403, 10.7995 ], [ -0.7451, 10.7959 ], [ -0.7577, 10.8001 ], [ -0.766, 10.7981 ], [ -0.7854, 10.7671 ], [ -0.8082, 10.7607 ], [ -0.8169, 10.7515 ], [ -0.8301, 10.7493 ], [ -0.8389, 10.7437 ], [ -0.8532, 10.7425 ], [ -0.8632, 10.7379 ], [ -0.8736, 10.7423 ], [ -0.8801, 10.7367 ], [ -0.8816, 10.7313 ], [ -0.9005, 10.7161 ], [ -0.9014, 10.6935 ], [ -0.9164, 10.6675 ], [ -0.9182, 10.6455 ], [ -0.9229, 10.6437 ], [ -0.9275, 10.6305 ], [ -0.9444, 10.6177 ], [ -0.9562, 10.5755 ], [ -0.9492, 10.5683 ], [ -0.9446, 10.5549 ], [ -0.9334, 10.5479 ], [ -0.9326, 10.5399 ], [ -0.9369, 10.5275 ], [ -0.9306, 10.5247 ], [ -0.9135, 10.5281 ], [ -0.9092, 10.5233 ], [ -0.9167, 10.5063 ], [ -0.9348, 10.4859 ], [ -0.9323, 10.4807 ], [ -0.928, 10.4803 ], [ -0.9196, 10.4859 ], [ -0.912, 10.4989 ], [ -0.8916, 10.5179 ], [ -0.9085, 10.5611 ], [ -0.9092, 10.5759 ], [ -0.8748, 10.5947 ], [ -0.8611, 10.5917 ], [ -0.8549, 10.5817 ], [ -0.8423, 10.5763 ], [ -0.8384, 10.6005 ], [ -0.824, 10.6009 ], [ -0.7979, 10.6197 ], [ -0.7969, 10.6453 ], [ -0.7938, 10.6509 ], [ -0.7888, 10.6525 ], [ -0.773, 10.6505 ], [ -0.7651, 10.6435 ], [ -0.7547, 10.6405 ], [ -0.7275, 10.6517 ], [ -0.7119, 10.6411 ], [ -0.7063, 10.6207 ], [ -0.7184, 10.6145 ], [ -0.7188, 10.6081 ], [ -0.7137, 10.6007 ], [ -0.7035, 10.5969 ], [ -0.6936, 10.5885 ], [ -0.6863, 10.5701 ], [ -0.6863, 10.5655 ], [ -0.7051, 10.5441 ], [ -0.7147, 10.5377 ], [ -0.7156, 10.5299 ], [ -0.7085, 10.5235 ], [ -0.7045, 10.5239 ], [ -0.7011, 10.5343 ], [ -0.6902, 10.5427 ], [ -0.6836, 10.5283 ], [ -0.6672, 10.5259 ], [ -0.6531, 10.5495 ], [ -0.6401, 10.5557 ], [ -0.6296, 10.5529 ], [ -0.6182, 10.5555 ], [ -0.5917, 10.5467 ], [ -0.5775, 10.5507 ], [ -0.5685, 10.5639 ], [ -0.5544, 10.5717 ], [ -0.5264, 10.5581 ], [ -0.5196, 10.5599 ] ] ] } },
{ "type": "Feature", "properties": { "iso3": "GHA", "unit_id": "30259293B37381067044984", "unit_name": "Tempane" }, "geometry": { "type": "Polygon", "coordinates": [ [ [ -0.1781, 10.9223 ], [ -0.1665, 10.9069 ], [ -0.1594, 10.8685 ], [ -0.143, 10.8661 ], [ -0.1344, 10.8469 ], [ -0.1359, 10.8347 ], [ -0.1297, 10.8163 ], [ -0.1218, 10.8047 ], [ -0.1085, 10.8001 ], [ -0.096, 10.7877 ], [ -0.0991, 10.7763 ], [ -0.0929, 10.7663 ], [ -0.0718, 10.7673 ], [ -0.0721, 10.7703 ], [ -0.0645, 10.7733 ], [ -0.0558, 10.7871 ], [ -0.0449, 10.7939 ], [ -0.0387, 10.8047 ], [ -0.0321, 10.8071 ], [ -0.0287, 10.8153 ], [ -0.0225, 10.8195 ], [ -0.0299, 10.8545 ], [ -0.0253, 10.8667 ], [ -0.0251, 10.8809 ], [ -0.0175, 10.8919 ], [ -0.008, 10.9167 ], [ -0.0122, 10.9375 ], [ -0.0058, 10.9611 ], [ -0.0041, 10.9647 ], [ 0.0249, 10.9725 ], [ 0.0325, 10.9863 ], [ 0.0339, 10.9927 ], [ 0.0287, 11.0035 ], [ 0.0261, 11.0355 ], [ 0.0015, 11.0331 ], [ -0.0164, 11.0083 ], [ -0.0262, 11.0163 ], [ -0.0351, 11.0163 ], [ -0.0378, 11.0263 ], [ -0.0438, 11.0209 ], [ -0.0507, 11.0259 ], [ -0.0816, 11.0197 ], [ -0.089, 11.0093 ], [ -0.1104, 11.0037 ], [ -0.1321, 10.9927 ], [ -0.1443, 10.9925 ], [ -0.1503, 10.9985 ], [ -0.156, 10.9915 ], [ -0.1567, 10.9781 ], [ -0.1473, 10.9739 ], [ -0.1436, 10.9675 ], [ -0.1451, 10.9635 ], [ -0.1656, 10.9329 ], [ -0.1781, 10.9223 ] ] ] } },
{ "type": "Feature", "properties": { "iso3": "GHA", "unit_id": "30259293B21834846981052", "unit_name": "Daffiama Bussie Issa" }, "geometry": { "type": "Polygon", "coordinates": [ [ [ -2.0599, 10.3247 ], [ -2.0678, 10.3379 ], [ -2.0588, 10.3461 ], [ -2.0524, 10.3471 ], [ -2.0558, 10.3773 ], [ -2.0649, 10.3927 ], [ -2.0635, 10.4039 ], [ -2.0727, 10.4159 ], [ -2.0733, 10.4249 ], [ -2.0866, 10.4355 ], [ -2.0906, 10.4437 ], [ -2.1057, 10.4495 ], [ -2.1162, 10.4489 ], [ -2.122, 10.4429 ], [ -2.135, 10.4409 ], [ -2.1411, 10.4433 ], [ -2.1608, 10.4653 ], [ -2.1832, 10.4611 ], [ -2.1862, 10.4679 ], [ -2.1809, 10.4749 ], [ -2.1785, 10.4893 ], [ -2.1816, 10.4925 ], [ -2.2004, 10.4959 ], [ -2.2103, 10.5047 ], [ -2.227, 10.5065 ], [ -2.2391, 10.5167 ], [ -2.2376, 10.5215 ], [ -2.2427, 10.5265 ], [ -2.264, 10.5407 ], [ -2.2694, 10.5547 ], [ -2.2771, 10.5591 ], [ -2.291, 10.5535 ], [ -2.295, 10.5547 ], [ -2.3026, 10.5713 ], [ -2.3171, 10.5803 ], [ -2.3555, 10.5633 ], [ -2.3637, 10.5495 ], [ -2.3745, 10.5423 ], [ -2.4036, 10.5357 ], [ -2.4333, 10.5349 ], [ -2.4399, 10.5185 ], [ -2.4604, 10.5285 ], [ -2.4733, 10.5133 ], [ -2.49, 10.5093 ], [ -2.5089, 10.5119 ], [ -2.5274, 10.5099 ], [ -2.5641, 10.4963 ], [ -2.5868, 10.4801 ], [ -2.575, 10.4659 ], [ -2.575, 10.4611 ], [ -2.5919, 10.4621 ], [ -2.6014, 10.4481 ], [ -2.604, 10.3747 ], [ -2.6004, 10.3719 ], [ -2.5947, 10.3747 ], [ -2.5918, 10.3873 ], [ -2.578, 10.3941 ], [ -2.5647, 10.3847 ], [ -2.5557, 10.3841 ], [ -2.5486, 10.3877 ], [ -2.52, 10.3807 ], [ -2.5107, 10.3839 ], [ -2.484, 10.3813 ], [ -2.4732, 10.3855 ], [ -2.4688, 10.3837 ], [ -2.469, 10.3445 ], [ -2.4605, 10.3379 ], [ -2.456, 10.3275 ], [ -2.4646, 10.3165 ], [ -2.4601, 10.2905 ], [ -2.4616, 10.2837 ], [ -2.4558, 10.2765 ], [ -2.4394, 10.2733 ], [ -2.4297, 10.2691 ], [ -2.4272, 10.2649 ], [ -2.4309, 10.2563 ], [ -2.4661, 10.2415 ], [ -2.4627, 10.2149 ], [ -2.4547, 10.2003 ], [ -2.459, 10.1917 ], [ -2.4572, 10.1607 ], [ -2.4483, 10.1577 ], [ -2.4208, 10.1643 ], [ -2.4052, 10.1633 ], [ -2.3962, 10.1789 ], [ -2.3792, 10.1957 ], [ -2.3761, 10.2075 ], [ -2.3542, 10.2405 ], [ -2.342, 10.2407 ], [ -2.3297, 10.2457 ], [ -2.3241, 10.2413 ], [ -2.2964, 10.2407 ], [ -2.2809, 10.2463 ], [ -2.2717, 10.2423 ], [ -2.2589, 10.2279 ], [ -2.2553, 10.2183 ], [ -2.2495, 10.2145 ], [ -2.2434, 10.2191 ], [ -2.2385, 10.2351 ], [ -2.214, 10.2431 ], [ -2.2112, 10.2467 ], [ -2.2138, 10.2523 ], [ -2.1967, 10.2875 ], [ -2.1642, 10.2885 ], [ -2.1699, 10.3073 ], [ -2.096, 10.3327 ], [ -2.0927, 10.3199 ], [ -2.0807, 10.3135 ], [ -2.0667, 10.3237 ], [ -2.0599, 10.3247 ] ] ] } },
{ "type": "Feature", "properties": { "iso3": "GHA", "unit_id": "30259293B2455766202711", "unit_name": "Jirapa" }, "geometry": { "type": "Polygon", "coordinates": [ [ [ -2.3214, 10.5797 ], [ -2.3207, 10.5933 ], [ -2.334, 10.5981 ], [ -2.3349, 10.6069 ], [ -2.3457, 10.6179 ], [ -2.3466, 10.6307 ], [ -2.3578, 10.6513 ], [ -2.3545, 10.6677 ], [ -2.3568, 10.6701 ], [ -2.3499, 10.6891 ], [ -2.3577, 10.6959 ], [ -2.3736, 10.6965 ], [ -2.3879, 10.7019 ], [ -2.3917, 10.7199 ], [ -2.4036, 10.7377 ], [ -2.4347, 10.7409 ], [ -2.4436, 10.7253 ], [ -2.4485, 10.7225 ], [ -2.4892, 10.7395 ], [ -2.5183, 10.7421 ], [ -2.5324, 10.7483 ], [ -2.571, 10.7527 ], [ -2.5953, 10.7493 ], [ -2.6068, 10.7389 ], [ -2.5932, 10.7139 ], [ -2.5896, 10.6947 ], [ -2.5927, 10.6881 ], [ -2.6034, 10.6833 ], [ -2.6263, 10.6631 ], [ -2.6321, 10.6599 ], [ -2.6465, 10.6597 ], [ -2.6563, 10.6655 ], [ -2.675, 10.6669 ], [ -2.6961, 10.6605 ], [ -2.7047, 10.6561 ], [ -2.6985, 10.6369 ], [ -2.6999, 10.6337 ], [ -2.7196, 10.6261 ], [ -2.7357, 10.6127 ], [ -2.7465, 10.6289 ], [ -2.7534, 10.6287 ], [ -2.7635, 10.6181 ], [ -2.7895, 10.6133 ], [ -2.7932, 10.6099 ], [ -2.794, 10.6035 ], [ -2.8032, 10.5981 ], [ -2.8032, 10.5789 ], [ -2.8076, 10.5657 ], [ -2.8035, 10.5519 ], [ -2.8219, 10.5227 ], [ -2.8341, 10.5173 ], [ -2.8455, 10.5035 ], [ -2.8387, 10.5021 ], [ -2.8404, 10.4895 ], [ -2.8366, 10.4721 ], [ -2.8538, 10.4481 ], [ -2.833, 10.4371 ], [ -2.7921, 10.4269 ], [ -2.7625, 10.4261 ], [ -2.7553, 10.4295 ], [ -2.7422, 10.4275 ], [ -2.7276, 10.4357 ], [ -2.7229, 10.4423 ], [ -2.7073, 10.4473 ], [ -2.6872, 10.4479 ], [ -2.6685, 10.4611 ], [ -2.6251, 10.4611 ], [ -2.6064, 10.4659 ], [ -2.5996, 10.4737 ], [ -2.5641, 10.4963 ], [ -2.5274, 10.5099 ], [ -2.5089, 10.5119 ], [ -2.49, 10.5093 ], [ -2.4733, 10.5133 ], [ -2.4604, 10.5285 ], [ -2.4399, 10.5185 ], [ -2.4333, 10.5349 ], [ -2.4036, 10.5357 ], [ -2.3745, 10.5423 ], [ -2.3637, 10.5495 ], [ -2.3555, 10.5633 ], [ -2.3442, 10.5665 ], [ -2.3214, 10.5797 ] ] ] } },
{ "type": "Feature", "properties": { "iso3": "GHA", "unit_id": "30259293B39996542142964", "unit_name": "Lambussie-Karni" }, "geometry": { "type": "Polygon", "coordinates": [ [ [ -2.4347, 10.7409 ], [ -2.4508, 10.7769 ], [ -2.4656, 10.7889 ], [ -2.4779, 10.7885 ], [ -2.4751, 10.7959 ], [ -2.4661, 10.7949 ], [ -2.4556, 10.7995 ], [ -2.4413, 10.7999 ], [ -2.4396, 10.8043 ], [ -2.4459, 10.8191 ], [ -2.4467, 10.8295 ], [ -2.4547, 10.8381 ], [ -2.4601, 10.8625 ], [ -2.4701, 10.8697 ], [ -2.4692, 10.8793 ], [ -2.4746, 10.8883 ], [ -2.4735, 10.8969 ], [ -2.4936, 10.9221 ], [ -2.5077, 10.9255 ], [ -2.5146, 10.9355 ], [ -2.5305, 10.9325 ], [ -2.5395, 10.9369 ], [ -2.5674, 10.9343 ], [ -2.5912, 10.9381 ], [ -2.597, 10.9429 ], [ -2.6005, 10.9561 ], [ -2.6101, 10.9591 ], [ -2.6106, 10.9669 ], [ -2.6318, 10.9701 ], [ -2.6338, 10.9945 ], [ -2.6292, 11.0033 ], [ -2.6205, 11.0099 ], [ -2.6189, 11.0205 ], [ -2.7585, 11.0189 ], [ -2.7676, 11.0125 ], [ -2.7654, 10.9977 ], [ -2.7548, 10.9905 ], [ -2.7526, 10.9797 ], [ -2.7465, 10.9713 ], [ -2.7459, 10.9585 ], [ -2.7367, 10.9455 ], [ -2.7442, 10.9317 ], [ -2.737, 10.9291 ], [ -2.7345, 10.9039 ], [ -2.725, 10.9095 ], [ -2.7257, 10.8885 ], [ -2.7414, 10.8769 ], [ -2.7369, 10.8757 ], [ -2.7354, 10.8569 ], [ -2.7165, 10.8505 ], [ -2.715, 10.8421 ], [ -2.7091, 10.8379 ], [ -2.713, 10.8293 ], [ -2.7085, 10.8127 ], [ -2.6943, 10.8155 ], [ -2.6874, 10.8127 ], [ -2.6868, 10.7967 ], [ -2.6912, 10.7805 ], [ -2.6827, 10.7809 ], [ -2.6639, 10.7885 ], [ -2.6599, 10.7807 ], [ -2.661, 10.7725 ], [ -2.6549, 10.7643 ], [ -2.6543, 10.7575 ], [ -2.6613, 10.7497 ], [ -2.6733, 10.7461 ], [ -2.6937, 10.7489 ], [ -2.6809, 10.7161 ], [ -2.6823, 10.7129 ], [ -2.7005, 10.7149 ], [ -2.7044, 10.7093 ], [ -2.7163, 10.7157 ], [ -2.7241, 10.7117 ], [ -2.7289, 10.7145 ], [ -2.7316, 10.7107 ], [ -2.7235, 10.6835 ], [ -2.7213, 10.6813 ], [ -2.716, 10.6845 ], [ -2.7155, 10.6773 ], [ -2.7061, 10.6651 ], [ -2.7047, 10.6561 ], [ -2.675, 10.6669 ], [ -2.6563, 10.6655 ], [ -2.6465, 10.6597 ], [ -2.6321, 10.6599 ], [ -2.6034, 10.6833 ], [ -2.5927, 10.6881 ], [ -2.5896, 10.6947 ], [ -2.5932, 10.7139 ], [ -2.6068, 10.7389 ], [ -2.5953, 10.7493 ], [ -2.571, 10.7527 ], [ -2.5324, 10.7483 ], [ -2.5183, 10.7421 ], [ -2.4892, 10.7395 ], [ -2.4485, 10.7225 ], [ -2.4436, 10.7253 ], [ -2.4347, 10.7409 ] ] ] } },
{ "type": "Feature", "properties": { "iso3": "GHA", "unit_id": "30259293B63830377311100", "unit_name": "Lawra" }, "geometry": { "type": "Polygon", "coordinates": [ [ [ -2.6985, 10.6369 ], [ -2.7061, 10.6651 ], [ -2.7155, 10.6773 ], [ -2.716, 10.6845 ], [ -2.7213, 10.6813 ], [ -2.7235, 10.6835 ], [ -2.7316, 10.7107 ], [ -2.7289, 10.7145 ], [ -2.7241, 10.7117 ], [ -2.7163, 10.7157 ], [ -2.7044, 10.7093 ], [ -2.7005, 10.7149 ], [ -2.6823, 10.7129 ], [ -2.6809, 10.7161 ], [ -2.6937, 10.7489 ], [ -2.6733, 10.7461 ], [ -2.656, 10.7541 ], [ -2.6549, 10.7643 ], [ -2.661, 10.7725 ], [ -2.6599, 10.7807 ], [ -2.6639, 10.7885 ], [ -2.7101, 10.7721 ], [ -2.7075, 10.7659 ], [ -2.6955, 10.7639 ], [ -2.6943, 10.7581 ], [ -2.7088, 10.7583 ], [ -2.7289, 10.7523 ], [ -2.7505, 10.7397 ], [ -2.7593, 10.7461 ], [ -2.7658, 10.7449 ], [ -2.7761, 10.7623 ], [ -2.8012, 10.7681 ], [ -2.8079, 10.7671 ], [ -2.812, 10.7525 ], [ -2.8172, 10.7515 ], [ -2.8406, 10.7299 ], [ -2.8509, 10.7365 ], [ -2.8503, 10.7481 ], [ -2.8572, 10.7509 ], [ -2.8637, 10.7489 ], [ -2.8675, 10.7523 ], [ -2.8875, 10.7485 ], [ -2.888, 10.7559 ], [ -2.8939, 10.7631 ], [ -2.9184, 10.7367 ], [ -2.937, 10.7233 ], [ -2.9394, 10.7091 ], [ -2.9104, 10.6995 ], [ -2.9056, 10.6863 ], [ -2.9156, 10.6639 ], [ -2.93, 10.6531 ], [ -2.9402, 10.6373 ], [ -2.9403, 10.6133 ], [ -2.9256, 10.5975 ], [ -2.9118, 10.5657 ], [ -2.9016, 10.5509 ], [ -2.898, 10.5405 ], [ -2.9004, 10.5297 ], [ -2.8985, 10.5219 ], [ -2.875, 10.4919 ], [ -2.8683, 10.4637 ], [ -2.8621, 10.4557 ], [ -2.853, 10.4519 ], [ -2.8366, 10.4721 ], [ -2.8404, 10.4895 ], [ -2.8387, 10.5021 ], [ -2.8455, 10.5035 ], [ -2.8341, 10.5173 ], [ -2.8219, 10.5227 ], [ -2.8035, 10.5519 ], [ -2.8076, 10.5657 ], [ -2.8032, 10.5789 ], [ -2.8032, 10.5981 ], [ -2.794, 10.6035 ], [ -2.7895, 10.6133 ], [ -2.7635, 10.6181 ], [ -2.7534, 10.6287 ], [ -2.7465, 10.6289 ], [ -2.7357, 10.6127 ], [ -2.7196, 10.6261 ], [ -2.7078, 10.6289 ], [ -2.6985, 10.6369 ] ] ] } },
{ "type": "Feature", "properties": { "iso3": "GHA", "unit_id": "30259293B78713726060068", "unit_name": "Nadowli-Kaleo" }, "geometry": { "type": "Polygon", "coordinates": [ [ [ -2.5868, 10.4801 ], [ -2.5996, 10.4737 ], [ -2.6064, 10.4659 ], [ -2.6179, 10.4621 ], [ -2.6685, 10.4611 ], [ -2.6872, 10.4479 ], [ -2.7073, 10.4473 ], [ -2.7229, 10.4423 ], [ -2.7389, 10.4285 ], [ -2.7553, 10.4295 ], [ -2.7754, 10.4253 ], [ -2.7734, 10.4229 ], [ -2.7757, 10.4135 ], [ -2.7824, 10.4073 ], [ -2.7989, 10.3985 ], [ -2.8182, 10.3979 ], [ -2.83, 10.3897 ], [ -2.8413, 10.3671 ], [ -2.8427, 10.3425 ], [ -2.85, 10.3241 ], [ -2.8493, 10.3163 ], [ -2.8332, 10.2963 ], [ -2.7983, 10.2771 ], [ -2.7671, 10.2667 ], [ -2.7597, 10.2593 ], [ -2.7561, 10.2449 ], [ -2.7583, 10.2311 ], [ -2.7963, 10.1965 ], [ -2.7976, 10.1873 ], [ -2.7931, 10.1767 ], [ -2.778, 10.1879 ], [ -2.7679, 10.1891 ], [ -2.7476, 10.2039 ], [ -2.7363, 10.2019 ], [ -2.7307, 10.1959 ], [ -2.7238, 10.1963 ], [ -2.7202, 10.1915 ], [ -2.7042, 10.1843 ], [ -2.6973, 10.1779 ], [ -2.6913, 10.1639 ], [ -2.6768, 10.1639 ], [ -2.6596, 10.1551 ], [ -2.6469, 10.1595 ], [ -2.6335, 10.1567 ], [ -2.6238, 10.1653 ], [ -2.6134, 10.1639 ], [ -2.6099, 10.1559 ], [ -2.6162, 10.1483 ], [ -2.6061, 10.1369 ], [ -2.592, 10.1283 ], [ -2.5841, 10.1163 ], [ -2.5721, 10.1201 ], [ -2.5667, 10.1137 ], [ -2.5649, 10.1027 ], [ -2.5492, 10.0923 ], [ -2.5212, 10.0989 ], [ -2.5013, 10.1233 ], [ -2.4852, 10.1335 ], [ -2.4762, 10.1475 ], [ -2.4607, 10.1557 ], [ -2.4572, 10.1607 ], [ -2.459, 10.1917 ], [ -2.4547, 10.2003 ], [ -2.4627, 10.2149 ], [ -2.4661, 10.2415 ], [ -2.4309, 10.2563 ], [ -2.4272, 10.2649 ], [ -2.4297, 10.2691 ], [ -2.4394, 10.2733 ], [ -2.4558, 10.2765 ], [ -2.4616, 10.2837 ], [ -2.4601, 10.2905 ], [ -2.4646, 10.3165 ], [ -2.456, 10.3275 ], [ -2.4605, 10.3379 ], [ -2.469, 10.3445 ], [ -2.4688, 10.3837 ], [ -2.4732, 10.3855 ], [ -2.484, 10.3813 ], [ -2.5107, 10.3839 ], [ -2.52, 10.3807 ], [ -2.5486, 10.3877 ], [ -2.5557, 10.3841 ], [ -2.5647, 10.3847 ], [ -2.578, 10.3941 ], [ -2.5918, 10.3873 ], [ -2.5947, 10.3747 ], [ -2.6004, 10.3719 ], [ -2.604, 10.3747 ], [ -2.6014, 10.4481 ], [ -2.5919, 10.4621 ], [ -2.575, 10.4611 ], [ -2.575, 10.4659 ], [ -2.5868, 10.4801 ] ] ] } },
{ "type": "Feature", "properties": { "iso3": "GHA", "unit_id": "30259293B91757851045134", "unit_name": "Nandom" }, "geometry": { "type": "Polygon", "coordinates": [ [ [ -2.7679, 11.0043 ], [ -2.834, 11.0041 ], [ -2.8406, 10.9685 ], [ -2.8377, 10.9605 ], [ -2.8225, 10.9473 ], [ -2.8183, 10.9395 ], [ -2.8178, 10.9227 ], [ -2.8387, 10.8925 ], [ -2.86, 10.8903 ], [ -2.8651, 10.8847 ], [ -2.8637, 10.8575 ], [ -2.8787, 10.8327 ], [ -2.8805, 10.8063 ], [ -2.8943, 10.7719 ], [ -2.8939, 10.7631 ], [ -2.888, 10.7559 ], [ -2.8875, 10.7485 ], [ -2.8675, 10.7523 ], [ -2.8637, 10.7489 ], [ -2.8572, 10.7509 ], [ -2.8503, 10.7481 ], [ -2.8509, 10.7365 ], [ -2.8451, 10.7307 ], [ -2.8406, 10.7299 ], [ -2.8172, 10.7515 ], [ -2.812, 10.7525 ], [ -2.8079, 10.7671 ], [ -2.7823, 10.7655 ], [ -2.7761, 10.7623 ], [ -2.7658, 10.7449 ], [ -2.7593, 10.7461 ], [ -2.7505, 10.7397 ], [ -2.7289, 10.7523 ], [ -2.7088, 10.7583 ], [ -2.6943, 10.7581 ], [ -2.6955, 10.7639 ], [ -2.7075, 10.7659 ], [ -2.7101, 10.7721 ], [ -2.6912, 10.7805 ], [ -2.6868, 10.7967 ], [ -2.6874, 10.8127 ], [ -2.6943, 10.8155 ], [ -2.7085, 10.8127 ], [ -2.713, 10.8293 ], [ -2.7091, 10.8379 ], [ -2.715, 10.8421 ], [ -2.7165, 10.8505 ], [ -2.7354, 10.8569 ], [ -2.7369, 10.8757 ], [ -2.7414, 10.8769 ], [ -2.7257, 10.8885 ], [ -2.725, 10.9095 ], [ -2.7345, 10.9039 ], [ -2.737, 10.9291 ], [ -2.7442, 10.9317 ], [ -2.7367, 10.9455 ], [ -2.7459, 10.9585 ], [ -2.7465, 10.9713 ], [ -2.7526, 10.9797 ], [ -2.7548, 10.9905 ], [ -2.7654, 10.9977 ], [ -2.7679, 11.0043 ] ] ] } },
{ "type": "Feature", "properties": { "iso3": "GHA", "unit_id": "30259293B56615368970017", "unit_name": "Sissala East" }, "geometry": { "type": "Polygon", "coordinates": [ [ [ -1.4334, 10.4671 ], [ -1.4471, 10.4699 ], [ -1.45, 10.4791 ], [ -1.4571, 10.4787 ], [ -1.4669, 10.4875 ], [ -1.4596, 10.4987 ], [ -1.4628, 10.5075 ], [ -1.4488, 10.5181 ], [ -1.4558, 10.5313 ], [ -1.4638, 10.5367 ], [ -1.484, 10.5379 ], [ -1.4873, 10.5397 ], [ -1.4909, 10.5507 ], [ -1.5057, 10.5605 ], [ -1.5185, 10.5629 ], [ -1.5165, 10.5777 ], [ -1.5265, 10.5881 ], [ -1.5533, 10.5867 ], [ -1.5649, 10.5979 ], [ -1.5678, 10.6433 ], [ -1.5734, 10.6685 ], [ -1.5673, 10.7227 ], [ -1.5615, 10.7293 ], [ -1.5577, 10.7451 ], [ -1.5511, 10.7503 ], [ -1.5327, 10.7491 ], [ -1.5261, 10.7615 ], [ -1.5283, 10.7651 ], [ -1.5233, 10.7769 ], [ -1.5002, 10.7823 ], [ -1.4921, 10.8039 ], [ -1.4999, 10.8159 ], [ -1.4921, 10.8325 ], [ -1.4781, 10.8327 ], [ -1.476, 10.8407 ], [ -1.4588, 10.8501 ], [ -1.4543, 10.8671 ], [ -1.4582, 10.8797 ], [ -1.4525, 10.8889 ], [ -1.4543, 10.9163 ], [ -1.448, 10.9307 ], [ -1.4444, 10.9503 ], [ -1.4478, 10.9637 ], [ -1.4381, 10.9897 ], [ -1.4281, 10.9987 ], [ -1.4285, 11.0125 ], [ -1.5441, 11.0103 ], [ -1.5458, 11.0403 ], [ -1.7445, 11.0381 ], [ -1.7434, 11.0081 ], [ -2.0063, 11.0041 ], [ -1.9978, 10.9873 ], [ -1.9719, 10.9645 ], [ -1.9688, 10.9577 ], [ -1.9679, 10.9359 ], [ -1.9629, 10.9269 ], [ -1.9871, 10.9111 ], [ -2.0088, 10.8841 ], [ -2.0135, 10.8707 ], [ -2.0315, 10.8619 ], [ -2.0313, 10.8541 ], [ -2.0362, 10.8499 ], [ -2.0452, 10.8491 ], [ -2.0766, 10.8091 ], [ -2.0912, 10.8131 ], [ -2.1046, 10.8305 ], [ -2.1215, 10.8275 ], [ -2.1295, 10.8305 ], [ -2.1361, 10.8263 ], [ -2.1451, 10.8123 ], [ -2.1576, 10.8081 ], [ -2.1688, 10.8095 ], [ -2.1785, 10.7987 ], [ -2.1753, 10.7951 ], [ -2.1735, 10.7717 ], [ -2.1657, 10.7531 ], [ -2.151, 10.7319 ], [ -2.1411, 10.7059 ], [ -2.1306, 10.6933 ], [ -2.1287, 10.6759 ], [ -2.1218, 10.6595 ], [ -2.1358, 10.6279 ], [ -2.1348, 10.6201 ], [ -2.14, 10.6109 ], [ -2.1386, 10.5989 ], [ -2.1308, 10.5915 ], [ -2.1417, 10.5855 ], [ -2.1469, 10.5761 ], [ -2.1557, 10.5687 ], [ -2.1546, 10.5651 ], [ -2.1592, 10.5583 ], [ -2.1771, 10.5535 ], [ -2.1782, 10.5501 ], [ -2.1718, 10.5415 ], [ -2.1648, 10.5191 ], [ -2.1821, 10.5049 ], [ -2.1791, 10.5013 ], [ -2.1816, 10.4925 ], [ -2.1785, 10.4893 ], [ -2.1859, 10.4631 ], [ -2.1787, 10.4613 ], [ -2.1608, 10.4653 ], [ -2.1411, 10.4433 ], [ -2.135, 10.4409 ], [ -2.122, 10.4429 ], [ -2.1162, 10.4489 ], [ -2.1057, 10.4495 ], [ -2.0906, 10.4437 ], [ -2.0866, 10.4355 ], [ -2.0733, 10.4249 ], [ -2.0727, 10.4159 ], [ -2.0635, 10.4039 ], [ -2.0649, 10.3927 ], [ -2.0558, 10.3773 ], [ -2.0524, 10.3471 ], [ -2.0588, 10.3461 ], [ -2.0678, 10.3379 ], [ -2.0599, 10.3247 ], [ -2.06, 10.3175 ], [ -2.0543, 10.3107 ], [ -2.0517, 10.3131 ], [ -2.0321, 10.3091 ], [ -2.0305, 10.3035 ], [ -2.0228, 10.3045 ], [ -2.0188, 10.3151 ], [ -2.0071, 10.3185 ], [ -2.0076, 10.3251 ], [ -2.0025, 10.3285 ], [ -2.0003, 10.3361 ], [ -1.9874, 10.3457 ], [ -1.9824, 10.3603 ], [ -1.9721, 10.3631 ], [ -1.959, 10.3583 ], [ -1.9427, 10.3673 ], [ -1.9228, 10.3731 ], [ -1.9083, 10.3895 ], [ -1.896, 10.4139 ], [ -1.8797, 10.3901 ], [ -1.8557, 10.3671 ], [ -1.8451, 10.3519 ], [ -1.828, 10.3251 ], [ -1.8272, 10.3133 ], [ -1.8211, 10.2991 ], [ -1.8046, 10.2941 ], [ -1.7479, 10.2513 ], [ -1.7367, 10.2505 ], [ -1.73, 10.2415 ], [ -1.7046, 10.2263 ], [ -1.6866, 10.2211 ], [ -1.6746, 10.2077 ], [ -1.6736, 10.1967 ], [ -1.6648, 10.1743 ], [ -1.6604, 10.1785 ], [ -1.6625, 10.1865 ], [ -1.6513, 10.2005 ], [ -1.6469, 10.2165 ], [ -1.6198, 10.2687 ], [ -1.5703, 10.3555 ], [ -1.5178, 10.4059 ], [ -1.4746, 10.4337 ], [ -1.4676, 10.4433 ], [ -1.4511, 10.4537 ], [ -1.4456, 10.4613 ], [ -1.4334, 10.4671 ] ] ] } },
{ "type": "Feature", "properties": { "iso3": "GHA", "unit_id": "30259293B82838526502502", "unit_name": "Sissala West" }, "geometry": { "type": "Polygon", "coordinates": [ [ [ -2.1816, 10.4925 ], [ -2.1805, 10.5079 ], [ -2.1648, 10.5191 ], [ -2.1718, 10.5415 ], [ -2.1782, 10.5501 ], [ -2.1771, 10.5535 ], [ -2.1592, 10.5583 ], [ -2.1546, 10.5651 ], [ -2.1557, 10.5687 ], [ -2.1469, 10.5761 ], [ -2.1417, 10.5855 ], [ -2.1308, 10.5915 ], [ -2.1386, 10.5989 ], [ -2.14, 10.6109 ], [ -2.1348, 10.6201 ], [ -2.1358, 10.6279 ], [ -2.1218, 10.6595 ], [ -2.1287, 10.6759 ], [ -2.1306, 10.6933 ], [ -2.1411, 10.7059 ], [ -2.151, 10.7319 ], [ -2.1657, 10.7531 ], [ -2.1735, 10.7717 ], [ -2.1753, 10.7951 ], [ -2.1785, 10.7987 ], [ -2.1688, 10.8095 ], [ -2.1576, 10.8081 ], [ -2.1451, 10.8123 ], [ -2.1361, 10.8263 ], [ -2.1295, 10.8305 ], [ -2.1215, 10.8275 ], [ -2.1046, 10.8305 ], [ -2.0912, 10.8131 ], [ -2.0766, 10.8091 ], [ -2.0452, 10.8491 ], [ -2.0362, 10.8499 ], [ -2.0313, 10.8541 ], [ -2.0315, 10.8619 ], [ -2.0135, 10.8707 ], [ -2.0088, 10.8841 ], [ -1.9871, 10.9111 ], [ -1.9629, 10.9269 ], [ -1.9679, 10.9359 ], [ -1.9688, 10.9577 ], [ -1.9743, 10.9685 ], [ -1.9843, 10.9739 ], [ -1.9978, 10.9873 ], [ -2.0063, 11.0041 ], [ -2.058, 11.0175 ], [ -2.1184, 11.0143 ], [ -2.2202, 11.0207 ], [ -2.2724, 11.0169 ], [ -2.3001, 11.0111 ], [ -2.3602, 11.0081 ], [ -2.3776, 11.0089 ], [ -2.4522, 11.0233 ], [ -2.4977, 11.0183 ], [ -2.6189, 11.0205 ], [ -2.6205, 11.0099 ], [ -2.6292, 11.0033 ], [ -2.6338, 10.9945 ], [ -2.6318, 10.9701 ], [ -2.6106, 10.9669 ], [ -2.6101, 10.9591 ], [ -2.6005, 10.9561 ], [ -2.597, 10.9429 ], [ -2.5912, 10.9381 ], [ -2.5674, 10.9343 ], [ -2.5395, 10.9369 ], [ -2.5305, 10.9325 ], [ -2.5146, 10.9355 ], [ -2.5077, 10.9255 ], [ -2.4936, 10.9221 ], [ -2.4751, 10.8999 ], [ -2.4746, 10.8883 ], [ -2.4692, 10.8793 ], [ -2.4701, 10.8697 ], [ -2.4601, 10.8625 ], [ -2.4547, 10.8381 ], [ -2.4467, 10.8295 ], [ -2.4459, 10.8191 ], [ -2.4396, 10.8043 ], [ -2.4413, 10.7999 ], [ -2.4556, 10.7995 ], [ -2.4661, 10.7949 ], [ -2.4751, 10.7959 ], [ -2.4779, 10.7885 ], [ -2.4656, 10.7889 ], [ -2.4508, 10.7769 ], [ -2.4347, 10.7409 ], [ -2.4036, 10.7377 ], [ -2.4, 10.7347 ], [ -2.3917, 10.7199 ], [ -2.3879, 10.7019 ], [ -2.3736, 10.6965 ], [ -2.3577, 10.6959 ], [ -2.3516, 10.6919 ], [ -2.3499, 10.6845 ], [ -2.3568, 10.6701 ], [ -2.3545, 10.6677 ], [ -2.3578, 10.6513 ], [ -2.3466, 10.6307 ], [ -2.3457, 10.6179 ], [ -2.3349, 10.6069 ], [ -2.334, 10.5981 ], [ -2.3207, 10.5933 ], [ -2.3214, 10.5797 ], [ -2.3067, 10.5753 ], [ -2.3068, 10.5721 ], [ -2.3, 10.5681 ], [ -2.295, 10.5547 ], [ -2.291, 10.5535 ], [ -2.2771, 10.5591 ], [ -2.2694, 10.5547 ], [ -2.264, 10.5407 ], [ -2.2427, 10.5265 ], [ -2.2376, 10.5215 ], [ -2.2391, 10.5167 ], [ -2.227, 10.5065 ], [ -2.2103, 10.5047 ], [ -2.2004, 10.4959 ], [ -2.1816, 10.4925 ] ] ] } },
{ "type": "Feature", "properties": { "iso3": "GHA", "unit_id": "30259293B84664838461006", "unit_name": "Wa East" }, "geometry": { "type": "Polygon", "coordinates": [ [ [ -1.6648, 10.1743 ], [ -1.6736, 10.1967 ], [ -1.6746, 10.2077 ], [ -1.6866, 10.2211 ], [ -1.7046, 10.2263 ], [ -1.73, 10.2415 ], [ -1.7367, 10.2505 ], [ -1.7479, 10.2513 ], [ -1.8046, 10.2941 ], [ -1.8211, 10.2991 ], [ -1.8272, 10.3133 ], [ -1.828, 10.3251 ], [ -1.8451, 10.3519 ], [ -1.8557, 10.3671 ], [ -1.8797, 10.3901 ], [ -1.896, 10.4139 ], [ -1.9083, 10.3895 ], [ -1.9228, 10.3731 ], [ -1.9427, 10.3673 ], [ -1.959, 10.3583 ], [ -1.9721, 10.3631 ], [ -1.9824, 10.3603 ], [ -1.9874, 10.3457 ], [ -2.0003, 10.3361 ], [ -2.0025, 10.3285 ], [ -2.0076, 10.3251 ], [ -2.0071, 10.3185 ], [ -2.0188, 10.3151 ], [ -2.0228, 10.3045 ], [ -2.0305, 10.3035 ], [ -2.0321, 10.3091 ], [ -2.0517, 10.3131 ], [ -2.0543, 10.3107 ], [ -2.06, 10.3175 ], [ -2.0599, 10.3247 ], [ -2.0667, 10.3237 ], [ -2.0807, 10.3135 ], [ -2.0927, 10.3199 ], [ -2.096, 10.3327 ], [ -2.1699, 10.3073 ], [ -2.1642, 10.2885 ], [ -2.1967, 10.2875 ], [ -2.2138, 10.2523 ], [ -2.2112, 10.2467 ], [ -2.214, 10.2431 ], [ -2.2385, 10.2351 ], [ -2.2459, 10.2155 ], [ -2.2495, 10.2145 ], [ -2.2553, 10.2183 ], [ -2.2589, 10.2279 ], [ -2.2717, 10.2423 ], [ -2.2809, 10.2463 ], [ -2.2964, 10.2407 ], [ -2.3241, 10.2413 ], [ -2.3297, 10.2457 ], [ -2.342, 10.2407 ], [ -2.3542, 10.2405 ], [ -2.3761, 10.2075 ], [ -2.3792, 10.1957 ], [ -2.4021, 10.1715 ], [ -2.4061, 10.1513 ], [ -2.3982, 10.1341 ], [ -2.3956, 10.1175 ], [ -2.3744, 10.1217 ], [ -2.3625, 10.1145 ], [ -2.3577, 10.1165 ], [ -2.3526, 10.1139 ], [ -2.3505, 10.1089 ], [ -2.3694, 10.1011 ], [ -2.3635, 10.0883 ], [ -2.3662, 10.0745 ], [ -2.3642, 10.0709 ], [ -2.353, 10.0613 ], [ -2.3276, 10.0631 ], [ -2.3054, 10.0517 ], [ -2.3248, 10.0337 ], [ -2.33, 10.0221 ], [ -2.3295, 10.0109 ], [ -2.3225, 9.9895 ], [ -2.3265, 9.9775 ], [ -2.3473, 9.9727 ], [ -2.3784, 9.9533 ], [ -2.3801, 9.9393 ], [ -2.3841, 9.9367 ], [ -2.3969, 9.9405 ], [ -2.4098, 9.9241 ], [ -2.4332, 9.9135 ], [ -2.4417, 9.9145 ], [ -2.4509, 9.9361 ], [ -2.4597, 9.9433 ], [ -2.4581, 9.9199 ], [ -2.4485, 9.9119 ], [ -2.4486, 9.9043 ], [ -2.4594, 9.9003 ], [ -2.4614, 9.8861 ], [ -2.4533, 9.8789 ], [ -2.4544, 9.8713 ], [ -2.4624, 9.8657 ], [ -2.463, 9.8493 ], [ -2.4753, 9.8245 ], [ -2.487, 9.8213 ], [ -2.4892, 9.8163 ], [ -2.4865, 9.8049 ], [ -2.49, 9.8003 ], [ -2.4843, 9.7895 ], [ -2.4939, 9.7831 ], [ -2.4962, 9.7665 ], [ -2.4859, 9.7609 ], [ -2.4864, 9.7541 ], [ -2.4211, 9.7725 ], [ -2.0969, 9.8137 ], [ -2.0912, 9.7899 ], [ -2.0864, 9.7855 ], [ -2.0422, 9.7797 ], [ -2.0297, 9.7829 ], [ -2.0219, 9.7895 ], [ -2.0089, 9.8147 ], [ -2.0006, 9.8237 ], [ -1.7422, 9.8201 ], [ -1.7098, 9.8225 ], [ -1.703, 9.8417 ], [ -1.6964, 9.8869 ], [ -1.7067, 9.9013 ], [ -1.7049, 9.9243 ], [ -1.7138, 9.9297 ], [ -1.7151, 9.9419 ], [ -1.7077, 9.9457 ], [ -1.7103, 9.9603 ], [ -1.7078, 9.9645 ], [ -1.7126, 9.9709 ], [ -1.7105, 9.9821 ], [ -1.7175, 9.9963 ], [ -1.7163, 10.0083 ], [ -1.7139, 10.0129 ], [ -1.7017, 10.0141 ], [ -1.7019, 10.0211 ], [ -1.6956, 10.0249 ], [ -1.6948, 10.0305 ], [ -1.6856, 10.0385 ], [ -1.6733, 10.0259 ], [ -1.6674, 10.0353 ], [ -1.6676, 10.0443 ], [ -1.6448, 10.0381 ], [ -1.6349, 10.0427 ], [ -1.63, 10.0533 ], [ -1.6422, 10.0585 ], [ -1.6547, 10.0739 ], [ -1.6259, 10.0789 ], [ -1.6232, 10.0713 ], [ -1.6172, 10.0689 ], [ -1.588, 10.0783 ], [ -1.5866, 10.0827 ], [ -1.5891, 10.0875 ], [ -1.5879, 10.1007 ], [ -1.5947, 10.1067 ], [ -1.5935, 10.1143 ], [ -1.6007, 10.1329 ], [ -1.622, 10.1343 ], [ -1.6353, 10.1529 ], [ -1.6548, 10.1621 ], [ -1.6648, 10.1743 ] ] ] } },
{ "type": "Feature", "properties": { "iso3": "GHA", "unit_id": "30259293B14316404146349", "unit_name": "Wa Municipal" }, "geometry": { "type": "Polygon", "coordinates": [ [ [ -2.4572, 10.1607 ], [ -2.4607, 10.1557 ], [ -2.4762, 10.1475 ], [ -2.4852, 10.1335 ], [ -2.5013, 10.1233 ], [ -2.525, 10.0965 ], [ -2.5492, 10.0923 ], [ -2.5649, 10.1027 ], [ -2.5667, 10.1137 ], [ -2.5721, 10.1201 ], [ -2.5841, 10.1163 ], [ -2.5829, 10.1059 ], [ -2.5783, 10.0989 ], [ -2.5938, 10.0887 ], [ -2.5965, 10.0819 ], [ -2.5948, 10.0783 ], [ -2.5806, 10.0799 ], [ -2.5811, 10.0637 ], [ -2.5843, 10.0571 ], [ -2.5695, 10.0459 ], [ -2.5959, 10.0393 ], [ -2.5996, 10.0417 ], [ -2.6122, 10.0401 ], [ -2.6149, 10.0335 ], [ -2.6084, 10.0017 ], [ -2.6039, 10.0021 ], [ -2.596, 9.9955 ], [ -2.6, 9.9889 ], [ -2.5979, 9.9853 ], [ -2.5947, 9.9845 ], [ -2.5891, 9.9897 ], [ -2.5831, 9.9841 ], [ -2.5932, 9.9755 ], [ -2.5917, 9.9711 ], [ -2.5984, 9.9601 ], [ -2.6014, 9.9425 ], [ -2.5866, 9.9379 ], [ -2.5847, 9.9313 ], [ -2.5659, 9.9251 ], [ -2.5568, 9.9277 ], [ -2.5481, 9.9401 ], [ -2.5312, 9.9353 ], [ -2.5227, 9.9377 ], [ -2.5135, 9.9469 ], [ -2.4797, 9.9575 ], [ -2.4657, 9.9515 ], [ -2.4509, 9.9361 ], [ -2.4417, 9.9145 ], [ -2.4332, 9.9135 ], [ -2.4098, 9.9241 ], [ -2.3969, 9.9405 ], [ -2.3841, 9.9367 ], [ -2.3801, 9.9393 ], [ -2.3784, 9.9533 ], [ -2.3473, 9.9727 ], [ -2.3265, 9.9775 ], [ -2.3225, 9.9895 ], [ -2.3295, 10.0109 ], [ -2.33, 10.0221 ], [ -2.3248, 10.0337 ], [ -2.3054, 10.0517 ], [ -2.3276, 10.0631 ], [ -2.353, 10.0613 ], [ -2.3642, 10.0709 ], [ -2.3662, 10.0745 ], [ -2.3635, 10.0883 ], [ -2.3694, 10.1011 ], [ -2.3505, 10.1089 ], [ -2.3526, 10.1139 ], [ -2.3577, 10.1165 ], [ -2.3625, 10.1145 ], [ -2.3744, 10.1217 ], [ -2.3956, 10.1175 ], [ -2.3982, 10.1341 ], [ -2.4061, 10.1513 ], [ -2.4052, 10.1633 ], [ -2.4208, 10.1643 ], [ -2.4483, 10.1577 ], [ -2.4572, 10.1607 ] ] ] } },
{ "type": "Feature", "properties": { "iso3": "GHA", "unit_id": "30259293B86641580949882", "unit_name": "Wa West" }, "geometry": { "type": "Polygon", "coordinates": [ [ [ -2.4864, 9.7541 ], [ -2.4859, 9.7609 ], [ -2.4962, 9.7665 ], [ -2.4939, 9.7831 ], [ -2.4843, 9.7895 ], [ -2.49, 9.8003 ], [ -2.4865, 9.8049 ], [ -2.4892, 9.8163 ], [ -2.487, 9.8213 ], [ -2.4753, 9.8245 ], [ -2.463, 9.8493 ], [ -2.4624, 9.8657 ], [ -2.4544, 9.8713 ], [ -2.4533, 9.8789 ], [ -2.4614, 9.8861 ], [ -2.4594, 9.9003 ], [ -2.4486, 9.9043 ], [ -2.4485, 9.9119 ], [ -2.4581, 9.9199 ], [ -2.4597, 9.9433 ], [ -2.4657, 9.9515 ], [ -2.4797, 9.9575 ], [ -2.5135, 9.9469 ], [ -2.5227, 9.9377 ], [ -2.5312, 9.9353 ], [ -2.5481, 9.9401 ], [ -2.5568, 9.9277 ], [ -2.5659, 9.9251 ], [ -2.5847, 9.9313 ], [ -2.5866, 9.9379 ], [ -2.6014, 9.9425 ], [ -2.5984, 9.9601 ], [ -2.5917, 9.9711 ], [ -2.5932, 9.9755 ], [ -2.5831, 9.9841 ], [ -2.5891, 9.9897 ], [ -2.5947, 9.9845 ], [ -2.5979, 9.9853 ], [ -2.6, 9.9889 ], [ -2.596, 9.9955 ], [ -2.6039, 10.0021 ], [ -2.6084, 10.0017 ], [ -2.6149, 10.0335 ], [ -2.6122, 10.0401 ], [ -2.5996, 10.0417 ], [ -2.5959, 10.0393 ], [ -2.5695, 10.0459 ], [ -2.5843, 10.0571 ], [ -2.5811, 10.0637 ], [ -2.5806, 10.0799 ], [ -2.5948, 10.0783 ], [ -2.5965, 10.0819 ], [ -2.5938, 10.0887 ], [ -2.5783, 10.0989 ], [ -2.5829, 10.1059 ], [ -2.5841, 10.1163 ], [ -2.592, 10.1283 ], [ -2.6061, 10.1369 ], [ -2.6162, 10.1483 ], [ -2.6099, 10.1559 ], [ -2.6134, 10.1639 ], [ -2.6238, 10.1653 ], [ -2.6335, 10.1567 ], [ -2.6469, 10.1595 ], [ -2.6596, 10.1551 ], [ -2.6768, 10.1639 ], [ -2.6913, 10.1639 ], [ -2.6973, 10.1779 ], [ -2.7042, 10.1843 ], [ -2.7202, 10.1915 ], [ -2.7238, 10.1963 ], [ -2.7307, 10.1959 ], [ -2.74, 10.2033 ], [ -2.7511, 10.2025 ], [ -2.7679, 10.1891 ], [ -2.778, 10.1879 ], [ -2.7875, 10.1815 ], [ -2.795, 10.1739 ], [ -2.7878, 10.1393 ], [ -2.7939, 10.1247 ], [ -2.7885, 10.0951 ], [ -2.7907, 10.0707 ], [ -2.7829, 10.0455 ], [ -2.7822, 10.0283 ], [ -2.7758, 10.0123 ], [ -2.7616, 9.9915 ], [ -2.75, 9.9815 ], [ -2.7433, 9.9595 ], [ -2.7448, 9.9489 ], [ -2.7523, 9.9413 ], [ -2.763, 9.9171 ], [ -2.7625, 9.8857 ], [ -2.7465, 9.8537 ], [ -2.7295, 9.8367 ], [ -2.7269, 9.8283 ], [ -2.7333, 9.8149 ], [ -2.7519, 9.8067 ], [ -2.7587, 9.8001 ], [ -2.7794, 9.7559 ], [ -2.7901, 9.7469 ], [ -2.7835, 9.7257 ], [ -2.787, 9.7109 ], [ -2.7863, 9.6939 ], [ -2.781, 9.6881 ], [ -2.7586, 9.6805 ], [ -2.7542, 9.6531 ], [ -2.7466, 9.6427 ], [ -2.732, 9.6423 ], [ -2.7202, 9.6329 ], [ -2.6812, 9.6321 ], [ -2.6542, 9.6419 ], [ -2.6301, 9.6465 ], [ -2.6003, 9.6593 ], [ -2.5387, 9.6779 ], [ -2.5212, 9.6871 ], [ -2.5146, 9.6947 ], [ -2.5076, 9.7197 ], [ -2.5084, 9.7459 ], [ -2.4864, 9.7541 ] ] ] } },
{ "type": "Feature", "properties": { "iso3": "GHA", "unit_id": "30259293B82731635087893", "unit_name": "Adaklu" }, "geometry": { "type": "Polygon", "coordinates": [ [ [ 0.5841, 6.5801 ], [ 0.5531, 6.5915 ], [ 0.5461, 6.5805 ], [ 0.5243, 6.5725 ], [ 0.5199, 6.5963 ], [ 0.4965, 6.6005 ], [ 0.4885, 6.5973 ], [ 0.4917, 6.5775 ], [ 0.4823, 6.5541 ], [ 0.4725, 6.5611 ], [ 0.4673, 6.5771 ], [ 0.4633, 6.5777 ], [ 0.4565, 6.5613 ], [ 0.4431, 6.5429 ], [ 0.4443, 6.5371 ], [ 0.4325, 6.5211 ], [ 0.4379, 6.5181 ], [ 0.4407, 6.5061 ], [ 0.4117, 6.4723 ], [ 0.4079, 6.4491 ], [ 0.4173, 6.4331 ], [ 0.4131, 6.4215 ], [ 0.4185, 6.4053 ], [ 0.4131, 6.3981 ], [ 0.4181, 6.3953 ], [ 0.4209, 6.3871 ], [ 0.4165, 6.3663 ], [ 0.4243, 6.3569 ], [ 0.4227, 6.3539 ], [ 0.4283, 6.3429 ], [ 0.4401, 6.3361 ], [ 0.4449, 6.3221 ], [ 0.4435, 6.3031 ], [ 0.4319, 6.2943 ], [ 0.4321, 6.2867 ], [ 0.4559, 6.2889 ], [ 0.4661, 6.3005 ], [ 0.4923, 6.3047 ], [ 0.5217, 6.2959 ], [ 0.5437, 6.2827 ], [ 0.5483, 6.2983 ], [ 0.5759, 6.3023 ], [ 0.5727, 6.2913 ], [ 0.5897, 6.2823 ], [ 0.6135, 6.3051 ], [ 0.6163, 6.2911 ], [ 0.6327, 6.3009 ], [ 0.6481, 6.3045 ], [ 0.6599, 6.3147 ], [ 0.6635, 6.3129 ], [ 0.6731, 6.3165 ], [ 0.6751, 6.3199 ], [ 0.6725, 6.3303 ], [ 0.6835, 6.3489 ], [ 0.6853, 6.3637 ], [ 0.6979, 6.3701 ], [ 0.6925, 6.3967 ], [ 0.7047, 6.4049 ], [ 0.7047, 6.4209 ], [ 0.7089, 6.4221 ], [ 0.7081, 6.4317 ], [ 0.7055, 6.4361 ], [ 0.6953, 6.4403 ], [ 0.6641, 6.4301 ], [ 0.6631, 6.4343 ], [ 0.6551, 6.4393 ], [ 0.6551, 6.4551 ], [ 0.6519, 6.4633 ], [ 0.6423, 6.4673 ], [ 0.6309, 6.4897 ], [ 0.6305, 6.5139 ], [ 0.6335, 6.5215 ], [ 0.6305, 6.5547 ], [ 0.5841, 6.5801 ] ] ] } },
{ "type": "Feature", "properties": { "iso3": "GHA", "unit_id": "30259293B173574593137", "unit_name": "Afadzato South" }, "geometry": { "type": "Polygon", "coordinates": [ [ [ 0.5251, 6.9411 ], [ 0.5231, 6.9473 ], [ 0.5255, 6.9635 ], [ 0.5225, 6.9719 ], [ 0.5345, 6.9777 ], [ 0.5393, 6.9869 ], [ 0.5495, 6.9937 ], [ 0.5709, 6.9997 ], [ 0.5799, 6.9979 ], [ 0.5945, 7.0031 ], [ 0.5715, 7.0125 ], [ 0.5719, 7.0217 ], [ 0.5559, 7.0293 ], [ 0.5539, 7.0403 ], [ 0.5227, 7.0525 ], [ 0.5017, 7.0509 ], [ 0.5053, 7.0577 ], [ 0.4981, 7.0619 ], [ 0.4843, 7.0625 ], [ 0.4671, 7.0525 ], [ 0.4571, 7.0525 ], [ 0.4445, 7.0573 ], [ 0.4361, 7.0555 ], [ 0.4315, 7.0581 ], [ 0.4339, 7.0699 ], [ 0.4175, 7.0793 ], [ 0.4081, 7.0785 ], [ 0.3975, 7.0835 ], [ 0.3941, 7.0815 ], [ 0.3923, 7.0733 ], [ 0.3845, 7.0677 ], [ 0.3865, 7.0647 ], [ 0.3707, 7.0649 ], [ 0.3633, 7.0467 ], [ 0.3737, 7.0379 ], [ 0.3789, 7.0283 ], [ 0.3943, 7.0165 ], [ 0.4115, 7.0127 ], [ 0.4133, 7.0065 ], [ 0.4067, 6.9941 ], [ 0.3887, 6.9927 ], [ 0.3721, 6.9813 ], [ 0.3657, 6.9685 ], [ 0.3655, 6.9537 ], [ 0.3547, 6.9477 ], [ 0.3531, 6.9433 ], [ 0.3459, 6.9429 ], [ 0.3545, 6.9235 ], [ 0.3463, 6.9199 ], [ 0.3371, 6.9069 ], [ 0.3381, 6.9029 ], [ 0.3435, 6.8999 ], [ 0.3543, 6.9045 ], [ 0.3565, 6.9025 ], [ 0.3313, 6.8809 ], [ 0.3305, 6.8707 ], [ 0.3253, 6.8639 ], [ 0.3271, 6.8599 ], [ 0.3479, 6.8557 ], [ 0.3425, 6.8427 ], [ 0.3177, 6.8383 ], [ 0.3153, 6.8287 ], [ 0.3129, 6.8269 ], [ 0.3081, 6.8299 ], [ 0.3049, 6.8243 ], [ 0.3111, 6.8091 ], [ 0.3085, 6.7999 ], [ 0.3021, 6.7955 ], [ 0.3113, 6.7889 ], [ 0.3031, 6.7659 ], [ 0.2943, 6.7557 ], [ 0.2933, 6.7289 ], [ 0.2887, 6.7185 ], [ 0.2901, 6.6999 ], [ 0.2667, 6.6741 ], [ 0.2667, 6.6681 ], [ 0.3043, 6.6739 ], [ 0.3157, 6.6845 ], [ 0.3291, 6.6895 ], [ 0.3431, 6.6837 ], [ 0.3477, 6.6865 ], [ 0.3559, 6.7151 ], [ 0.3707, 6.7343 ], [ 0.3779, 6.7567 ], [ 0.3901, 6.7791 ], [ 0.3975, 6.8221 ], [ 0.4063, 6.8335 ], [ 0.4103, 6.8591 ], [ 0.4017, 6.8699 ], [ 0.3901, 6.9091 ], [ 0.3865, 6.9113 ], [ 0.3979, 6.9249 ], [ 0.4007, 6.9243 ], [ 0.4053, 6.9089 ], [ 0.4171, 6.8927 ], [ 0.4359, 6.8891 ], [ 0.4385, 6.8795 ], [ 0.4455, 6.8703 ], [ 0.4535, 6.8663 ], [ 0.4741, 6.8723 ], [ 0.4881, 6.8869 ], [ 0.5041, 6.9045 ], [ 0.5097, 6.9193 ], [ 0.5251, 6.9411 ] ] ] } },
{ "type": "Feature", "properties": { "iso3": "GHA", "unit_id": "30259293B15858053520740", "unit_name": "Agotime Ziope" }, "geometry": { "type": "Polygon", "coordinates": [ [ [ 0.6725, 6.3303 ], [ 0.6933, 6.3151 ], [ 0.6983, 6.3339 ], [ 0.7145, 6.3421 ], [ 0.7233, 6.3411 ], [ 0.7547, 6.3527 ], [ 0.7647, 6.3425 ], [ 0.7681, 6.3491 ], [ 0.7869, 6.3535 ], [ 0.7831, 6.3717 ], [ 0.7907, 6.3807 ], [ 0.7863, 6.3905 ], [ 0.7881, 6.3975 ], [ 0.7537, 6.4159 ], [ 0.7491, 6.4153 ], [ 0.7457, 6.4277 ], [ 0.7489, 6.4471 ], [ 0.7449, 6.4585 ], [ 0.7465, 6.4839 ], [ 0.7323, 6.4849 ], [ 0.7187, 6.5121 ], [ 0.7191, 6.5349 ], [ 0.7489, 6.5631 ], [ 0.7487, 6.5731 ], [ 0.7425, 6.5891 ], [ 0.7237, 6.5899 ], [ 0.7117, 6.5851 ], [ 0.6979, 6.5885 ], [ 0.6917, 6.5917 ], [ 0.6889, 6.6005 ], [ 0.6729, 6.6137 ], [ 0.6675, 6.6065 ], [ 0.6595, 6.6075 ], [ 0.6435, 6.6311 ], [ 0.6303, 6.6275 ], [ 0.6131, 6.5995 ], [ 0.5891, 6.5865 ], [ 0.5841, 6.5801 ], [ 0.6305, 6.5547 ], [ 0.6335, 6.5215 ], [ 0.6305, 6.5139 ], [ 0.6309, 6.4897 ], [ 0.6423, 6.4673 ], [ 0.6519, 6.4633 ], [ 0.6551, 6.4551 ], [ 0.6551, 6.4393 ], [ 0.6631, 6.4343 ], [ 0.6641, 6.4301 ], [ 0.6953, 6.4403 ], [ 0.7055, 6.4361 ], [ 0.7081, 6.4317 ], [ 0.7089, 6.4221 ], [ 0.7047, 6.4209 ], [ 0.7047, 6.4049 ], [ 0.6925, 6.3967 ], [ 0.6979, 6.3701 ], [ 0.6853, 6.3637 ], [ 0.6835, 6.3489 ], [ 0.6725, 6.3303 ] ] ] } },
{ "type": "Feature", "properties": { "iso3": "GHA", "unit_id": "30259293B70138043601896", "unit_name": "Akatsi North" }, "geometry": { "type": "Polygon", "coordinates": [ [ [ 0.7799, 6.3507 ], [ 0.7899, 6.3225 ], [ 0.7933, 6.2971 ], [ 0.7827, 6.2705 ], [ 0.7841, 6.2667 ], [ 0.7759, 6.2365 ], [ 0.7781, 6.2223 ], [ 0.7743, 6.2025 ], [ 0.7767, 6.1933 ], [ 0.7841, 6.1963 ], [ 0.7927, 6.1947 ], [ 0.7957, 6.1743 ], [ 0.8099, 6.1775 ], [ 0.8201, 6.1857 ], [ 0.8217, 6.2199 ], [ 0.8251, 6.2181 ], [ 0.8389, 6.2227 ], [ 0.8523, 6.2221 ], [ 0.8853, 6.1957 ], [ 0.9003, 6.2177 ], [ 0.9013, 6.2237 ], [ 0.8943, 6.2471 ], [ 0.8975, 6.2785 ], [ 0.9161, 6.2769 ], [ 0.9251, 6.2809 ], [ 0.9347, 6.2749 ], [ 0.9455, 6.2837 ], [ 0.9595, 6.2889 ], [ 0.9637, 6.2977 ], [ 0.9607, 6.3125 ], [ 0.9651, 6.3267 ], [ 0.9641, 6.3351 ], [ 0.8923, 6.3363 ], [ 0.8873, 6.3491 ], [ 0.8745, 6.3669 ], [ 0.8399, 6.3965 ], [ 0.8261, 6.4041 ], [ 0.7875, 6.4135 ], [ 0.7821, 6.4345 ], [ 0.7489, 6.4471 ], [ 0.7457, 6.4277 ], [ 0.7491, 6.4153 ], [ 0.7537, 6.4159 ], [ 0.7881, 6.3975 ], [ 0.7863, 6.3905 ], [ 0.7907, 6.3807 ], [ 0.7831, 6.3717 ], [ 0.7869, 6.3535 ], [ 0.7799, 6.3507 ] ] ] } },
{ "type": "Feature", "properties": { "iso3": "GHA", "unit_id": "30259293B90938103602830", "unit_name": "Akatsi South" }, "geometry": { "type": "Polygon", "coordinates": [ [ [ 0.6933, 6.3151 ], [ 0.6953, 6.3123 ], [ 0.6913, 6.3075 ], [ 0.6819, 6.3073 ], [ 0.6785, 6.3041 ], [ 0.6779, 6.2921 ], [ 0.6979, 6.2693 ], [ 0.7003, 6.2429 ], [ 0.7089, 6.2333 ], [ 0.7089, 6.2265 ], [ 0.7169, 6.2229 ], [ 0.7171, 6.2187 ], [ 0.7137, 6.2165 ], [ 0.7213, 6.1857 ], [ 0.7193, 6.1551 ], [ 0.7245, 6.1385 ], [ 0.7195, 6.1205 ], [ 0.7341, 6.1005 ], [ 0.7509, 6.0873 ], [ 0.7551, 6.0717 ], [ 0.7507, 6.0549 ], [ 0.7317, 6.0335 ], [ 0.7315, 6.0267 ], [ 0.7115, 6.0145 ], [ 0.7053, 5.9933 ], [ 0.7073, 5.9899 ], [ 0.7245, 5.9835 ], [ 0.7407, 5.9689 ], [ 0.7547, 5.9691 ], [ 0.7663, 5.9539 ], [ 0.7711, 5.9603 ], [ 0.7873, 5.9659 ], [ 0.7975, 5.9595 ], [ 0.8037, 5.9591 ], [ 0.8109, 5.9807 ], [ 0.8237, 6.0027 ], [ 0.8279, 6.0017 ], [ 0.8347, 6.0095 ], [ 0.8533, 6.0033 ], [ 0.8607, 6.0053 ], [ 0.8585, 6.0349 ], [ 0.8423, 6.0373 ], [ 0.8435, 6.0435 ], [ 0.8561, 6.0595 ], [ 0.8575, 6.0669 ], [ 0.8643, 6.0691 ], [ 0.8843, 6.1179 ], [ 0.8785, 6.1217 ], [ 0.8869, 6.1335 ], [ 0.8863, 6.1397 ], [ 0.8917, 6.1411 ], [ 0.8789, 6.1477 ], [ 0.8757, 6.1541 ], [ 0.8791, 6.1579 ], [ 0.8781, 6.1625 ], [ 0.8743, 6.1649 ], [ 0.8795, 6.1883 ], [ 0.8853, 6.1957 ], [ 0.8523, 6.2221 ], [ 0.8389, 6.2227 ], [ 0.8251, 6.2181 ], [ 0.8217, 6.2199 ], [ 0.8201, 6.1857 ], [ 0.8099, 6.1775 ], [ 0.7957, 6.1743 ], [ 0.7927, 6.1947 ], [ 0.7841, 6.1963 ], [ 0.7767, 6.1933 ], [ 0.7743, 6.2025 ], [ 0.7781, 6.2223 ], [ 0.7759, 6.2365 ], [ 0.7841, 6.2667 ], [ 0.7827, 6.2705 ], [ 0.7933, 6.2971 ], [ 0.7899, 6.3225 ], [ 0.7799, 6.3507 ], [ 0.7681, 6.3491 ], [ 0.7647, 6.3425 ], [ 0.7547, 6.3527 ], [ 0.7233, 6.3411 ], [ 0.7145, 6.3421 ], [ 0.6983, 6.3339 ], [ 0.6933, 6.3151 ] ] ] } },
{ "type": "Feature", "properties": { "iso3": "GHA", "unit_id": "30259293B57731428711217", "unit_name": "Anloga" }, "geometry": { "type": "MultiPolygon", "coordinates": [ [ [ [ 0.6797, 5.7717 ], [ 0.6935, 5.7665 ], [ 0.6929, 5.7695 ], [ 0.7111, 5.7733 ], [ 0.7047, 5.7795 ], [ 0.6993, 5.7747 ], [ 0.6765, 5.7761 ], [ 0.6797, 5.7717 ] ] ], [ [ [ 0.8107, 5.8831 ], [ 0.7575, 5.8729 ], [ 0.7467, 5.8793 ], [ 0.7195, 5.8699 ], [ 0.7129, 5.8545 ], [ 0.7139, 5.8405 ], [ 0.7101, 5.8301 ], [ 0.7175, 5.8109 ], [ 0.7107, 5.7995 ], [ 0.7119, 5.7935 ], [ 0.7181, 5.7917 ], [ 0.7195, 5.7837 ], [ 0.7157, 5.7829 ], [ 0.7111, 5.7733 ], [ 0.7155, 5.7719 ], [ 0.7141, 5.7693 ], [ 0.7357, 5.7729 ], [ 0.7687, 5.7691 ], [ 0.8165, 5.7697 ], [ 0.8275, 5.7747 ], [ 0.9217, 5.7859 ], [ 0.9361, 5.7925 ], [ 0.9597, 5.8147 ], [ 0.9207, 5.8069 ], [ 0.8917, 5.8151 ], [ 0.8791, 5.8219 ], [ 0.8755, 5.8415 ], [ 0.8825, 5.8681 ], [ 0.8523, 5.8843 ], [ 0.8187, 5.8739 ], [ 0.8107, 5.8831 ] ] ] ] } },
{ "type": "Feature", "properties": { "iso3": "GHA", "unit_id": "30259293B7011564004180", "unit_name": "Central Tongu" }, "geometry": { "type": "Polygon", "coordinates": [ [ [ 0.4321, 6.2867 ], [ 0.4267, 6.2787 ], [ 0.4257, 6.2629 ], [ 0.4589, 6.2623 ], [ 0.4627, 6.2599 ], [ 0.4729, 6.2655 ], [ 0.4773, 6.2587 ], [ 0.4755, 6.2551 ], [ 0.4697, 6.2557 ], [ 0.4555, 6.2261 ], [ 0.4457, 6.2195 ], [ 0.4383, 6.2109 ], [ 0.4391, 6.2071 ], [ 0.4567, 6.2077 ], [ 0.4675, 6.1937 ], [ 0.4735, 6.1967 ], [ 0.4813, 6.1913 ], [ 0.4959, 6.1993 ], [ 0.5029, 6.1823 ], [ 0.5013, 6.1667 ], [ 0.5045, 6.1573 ], [ 0.4871, 6.1383 ], [ 0.4879, 6.1339 ], [ 0.4815, 6.1253 ], [ 0.4781, 6.1289 ], [ 0.4769, 6.1249 ], [ 0.4647, 6.1317 ], [ 0.4611, 6.1295 ], [ 0.4533, 6.1151 ], [ 0.4533, 6.1019 ], [ 0.4597, 6.0837 ], [ 0.4625, 6.0843 ], [ 0.4615, 6.0811 ], [ 0.4563, 6.0797 ], [ 0.4329, 6.0861 ], [ 0.4353, 6.0809 ], [ 0.4425, 6.0783 ], [ 0.4417, 6.0741 ], [ 0.4471, 6.0681 ], [ 0.4595, 6.0625 ], [ 0.4579, 6.0549 ], [ 0.4733, 6.0461 ], [ 0.4651, 6.0387 ], [ 0.4623, 6.0303 ], [ 0.4929, 6.0187 ], [ 0.4967, 6.0093 ], [ 0.5069, 6.0033 ], [ 0.5181, 6.0019 ], [ 0.5491, 6.0077 ], [ 0.5487, 6.0375 ], [ 0.5543, 6.0553 ], [ 0.5527, 6.0809 ], [ 0.5573, 6.0847 ], [ 0.5871, 6.0789 ], [ 0.5973, 6.1005 ], [ 0.6083, 6.1065 ], [ 0.6179, 6.1065 ], [ 0.6301, 6.0941 ], [ 0.6495, 6.1019 ], [ 0.6599, 6.1127 ], [ 0.6709, 6.1067 ], [ 0.6753, 6.1085 ], [ 0.6947, 6.1267 ], [ 0.7041, 6.1405 ], [ 0.7089, 6.1553 ], [ 0.7193, 6.1551 ], [ 0.7213, 6.1857 ], [ 0.7137, 6.2165 ], [ 0.7171, 6.2187 ], [ 0.7169, 6.2229 ], [ 0.7089, 6.2265 ], [ 0.7089, 6.2333 ], [ 0.7003, 6.2429 ], [ 0.6979, 6.2693 ], [ 0.6779, 6.2921 ], [ 0.6785, 6.3041 ], [ 0.6819, 6.3073 ], [ 0.6913, 6.3075 ], [ 0.6953, 6.3123 ], [ 0.6725, 6.3303 ], [ 0.6751, 6.3199 ], [ 0.6731, 6.3165 ], [ 0.6635, 6.3129 ], [ 0.6599, 6.3147 ], [ 0.6481, 6.3045 ], [ 0.6327, 6.3009 ], [ 0.6163, 6.2911 ], [ 0.6135, 6.3051 ], [ 0.5897, 6.2823 ], [ 0.5727, 6.2913 ], [ 0.5759, 6.3023 ], [ 0.5483, 6.2983 ], [ 0.5437, 6.2827 ], [ 0.5217, 6.2959 ], [ 0.4923, 6.3047 ], [ 0.4661, 6.3005 ], [ 0.4559, 6.2889 ], [ 0.4321, 6.2867 ] ] ] } },
{ "type": "Feature", "properties": { "iso3": "GHA", "unit_id": "30259293B68403321162204", "unit_name": "Ho Municipal" }, "geometry": { "type": "Polygon", "coordinates": [ [ [ 0.5841, 6.5801 ], [ 0.5891, 6.5865 ], [ 0.6131, 6.5995 ], [ 0.6303, 6.6275 ], [ 0.6377, 6.6301 ], [ 0.6385, 6.6385 ], [ 0.6357, 6.6409 ], [ 0.6441, 6.6681 ], [ 0.6441, 6.6929 ], [ 0.6489, 6.7125 ], [ 0.6443, 6.7227 ], [ 0.6495, 6.7383 ], [ 0.6331, 6.7483 ], [ 0.6245, 6.7483 ], [ 0.6187, 6.7539 ], [ 0.6091, 6.7485 ], [ 0.6013, 6.7559 ], [ 0.5799, 6.7633 ], [ 0.5671, 6.7883 ], [ 0.5689, 6.8011 ], [ 0.5761, 6.7995 ], [ 0.5795, 6.8065 ], [ 0.5695, 6.8105 ], [ 0.5653, 6.8239 ], [ 0.5473, 6.8341 ], [ 0.5389, 6.8249 ], [ 0.5325, 6.8281 ], [ 0.5225, 6.8269 ], [ 0.5157, 6.8175 ], [ 0.5065, 6.8121 ], [ 0.5067, 6.8021 ], [ 0.4973, 6.7959 ], [ 0.5021, 6.7887 ], [ 0.5227, 6.7865 ], [ 0.5201, 6.7615 ], [ 0.5067, 6.7549 ], [ 0.4981, 6.7453 ], [ 0.4951, 6.7449 ], [ 0.4893, 6.7525 ], [ 0.4831, 6.7421 ], [ 0.4805, 6.7437 ], [ 0.4813, 6.7537 ], [ 0.4785, 6.7591 ], [ 0.4711, 6.7495 ], [ 0.4623, 6.7471 ], [ 0.4563, 6.7641 ], [ 0.4587, 6.7713 ], [ 0.4499, 6.7777 ], [ 0.4211, 6.7545 ], [ 0.4237, 6.7353 ], [ 0.4167, 6.7225 ], [ 0.4289, 6.6879 ], [ 0.4273, 6.6649 ], [ 0.4051, 6.6475 ], [ 0.3945, 6.6319 ], [ 0.3777, 6.6347 ], [ 0.3677, 6.6207 ], [ 0.3679, 6.6123 ], [ 0.3597, 6.5855 ], [ 0.3393, 6.5755 ], [ 0.3605, 6.5727 ], [ 0.3625, 6.5701 ], [ 0.3749, 6.5733 ], [ 0.3763, 6.5705 ], [ 0.3857, 6.5727 ], [ 0.3945, 6.5691 ], [ 0.4089, 6.5565 ], [ 0.4317, 6.5451 ], [ 0.4335, 6.5345 ], [ 0.4301, 6.5241 ], [ 0.4325, 6.5211 ], [ 0.4443, 6.5371 ], [ 0.4431, 6.5429 ], [ 0.4565, 6.5613 ], [ 0.4633, 6.5777 ], [ 0.4673, 6.5771 ], [ 0.4725, 6.5611 ], [ 0.4823, 6.5541 ], [ 0.4917, 6.5775 ], [ 0.4885, 6.5973 ], [ 0.4965, 6.6005 ], [ 0.5199, 6.5963 ], [ 0.5243, 6.5725 ], [ 0.5461, 6.5805 ], [ 0.5531, 6.5915 ], [ 0.5841, 6.5801 ] ] ] } },
{ "type": "Feature", "properties": { "iso3": "GHA", "unit_id": "30259293B29821499192940", "unit_name": "Ho West" }, "geometry": { "type": "Polygon", "coordinates": [ [ [ 0.1739, 6.3309 ], [ 0.1977, 6.3339 ], [ 0.3051, 6.3333 ], [ 0.3217, 6.3211 ], [ 0.3385, 6.3141 ], [ 0.3715, 6.3031 ], [ 0.3795, 6.3077 ], [ 0.3901, 6.3035 ], [ 0.4035, 6.2893 ], [ 0.4065, 6.2799 ], [ 0.4125, 6.2759 ], [ 0.4167, 6.2613 ], [ 0.4223, 6.2601 ], [ 0.4257, 6.2629 ], [ 0.4243, 6.2671 ], [ 0.4267, 6.2787 ], [ 0.4321, 6.2867 ], [ 0.4319, 6.2943 ], [ 0.4435, 6.3031 ], [ 0.4449, 6.3221 ], [ 0.4401, 6.3361 ], [ 0.4283, 6.3429 ], [ 0.4227, 6.3539 ], [ 0.4243, 6.3569 ], [ 0.4165, 6.3663 ], [ 0.4209, 6.3871 ], [ 0.4181, 6.3953 ], [ 0.4131, 6.3981 ], [ 0.4185, 6.4053 ], [ 0.4131, 6.4215 ], [ 0.4173, 6.4331 ], [ 0.4079, 6.4491 ], [ 0.4117, 6.4723 ], [ 0.4289, 6.4899 ], [ 0.4417, 6.5097 ], [ 0.4379, 6.5181 ], [ 0.4301, 6.5241 ], [ 0.4337, 6.5411 ], [ 0.4261, 6.5501 ], [ 0.4089, 6.5565 ], [ 0.4069, 6.5605 ], [ 0.3857, 6.5727 ], [ 0.3807, 6.5701 ], [ 0.3687, 6.5725 ], [ 0.3669, 6.5697 ], [ 0.3393, 6.5755 ], [ 0.3597, 6.5855 ], [ 0.3679, 6.6123 ], [ 0.3677, 6.6207 ], [ 0.3777, 6.6347 ], [ 0.3945, 6.6319 ], [ 0.4051, 6.6475 ], [ 0.4273, 6.6649 ], [ 0.4289, 6.6879 ], [ 0.4167, 6.7225 ], [ 0.4237, 6.7353 ], [ 0.4211, 6.7545 ], [ 0.4499, 6.7777 ], [ 0.4587, 6.7713 ], [ 0.4563, 6.7641 ], [ 0.4623, 6.7471 ], [ 0.4711, 6.7495 ], [ 0.4785, 6.7591 ], [ 0.4813, 6.7537 ], [ 0.4805, 6.7437 ], [ 0.4831, 6.7421 ], [ 0.4865, 6.7515 ], [ 0.4893, 6.7525 ], [ 0.4951, 6.7449 ], [ 0.4981, 6.7453 ], [ 0.5067, 6.7549 ], [ 0.5201, 6.7615 ], [ 0.5227, 6.7865 ], [ 0.5021, 6.7887 ], [ 0.4973, 6.7959 ], [ 0.5067, 6.8021 ], [ 0.5065, 6.8121 ], [ 0.5157, 6.8175 ], [ 0.5193, 6.8243 ], [ 0.5325, 6.8281 ], [ 0.5319, 6.8557 ], [ 0.5429, 6.8649 ], [ 0.5345, 6.8765 ], [ 0.5513, 6.8827 ], [ 0.5587, 6.8907 ], [ 0.5659, 6.9215 ], [ 0.5595, 6.9285 ], [ 0.5521, 6.9305 ], [ 0.5479, 6.9371 ], [ 0.5251, 6.9411 ], [ 0.5097, 6.9193 ], [ 0.5041, 6.9045 ], [ 0.4881, 6.8869 ], [ 0.4741, 6.8723 ], [ 0.4535, 6.8663 ], [ 0.4455, 6.8703 ], [ 0.4385, 6.8795 ], [ 0.4359, 6.8891 ], [ 0.4171, 6.8927 ], [ 0.4053, 6.9089 ], [ 0.4007, 6.9243 ], [ 0.3979, 6.9249 ], [ 0.3865, 6.9113 ], [ 0.3901, 6.9091 ], [ 0.4017, 6.8699 ], [ 0.4103, 6.8591 ], [ 0.4099, 6.8515 ], [ 0.4063, 6.8335 ], [ 0.3975, 6.8221 ], [ 0.3901, 6.7791 ], [ 0.3779, 6.7567 ], [ 0.3707, 6.7343 ], [ 0.3559, 6.7151 ], [ 0.3477, 6.6865 ], [ 0.3519, 6.6753 ], [ 0.3439, 6.6575 ], [ 0.3459, 6.6543 ], [ 0.3397, 6.6375 ], [ 0.3123, 6.6071 ], [ 0.2903, 6.5949 ], [ 0.2733, 6.5901 ], [ 0.2767, 6.5783 ], [ 0.2853, 6.5779 ], [ 0.2877, 6.5743 ], [ 0.2833, 6.5549 ], [ 0.2841, 6.5413 ], [ 0.2475, 6.5115 ], [ 0.2207, 6.4967 ], [ 0.2057, 6.4757 ], [ 0.1997, 6.4549 ], [ 0.2081, 6.4449 ], [ 0.2017, 6.4385 ], [ 0.2121, 6.4121 ], [ 0.2089, 6.3981 ], [ 0.2155, 6.3893 ], [ 0.2155, 6.3839 ], [ 0.2001, 6.3703 ], [ 0.2043, 6.3577 ], [ 0.1967, 6.3535 ], [ 0.1859, 6.3395 ], [ 0.1805, 6.3399 ], [ 0.1739, 6.3309 ] ] ] } },
{ "type": "Feature", "properties": { "iso3": "GHA", "unit_id": "30259293B24413561049732", "unit_name": "Hohoe Municipal" }, "geometry": { "type": "Polygon", "coordinates": [ [ [ 0.3289, 7.0907 ], [ 0.3395, 7.0741 ], [ 0.3485, 7.0681 ], [ 0.3573, 7.0541 ], [ 0.3631, 7.0513 ], [ 0.3667, 7.0509 ], [ 0.3663, 7.0571 ], [ 0.3707, 7.0649 ], [ 0.3865, 7.0647 ], [ 0.3845, 7.0677 ], [ 0.3923, 7.0733 ], [ 0.3941, 7.0815 ], [ 0.3975, 7.0835 ], [ 0.4081, 7.0785 ], [ 0.4175, 7.0793 ], [ 0.4339, 7.0699 ], [ 0.4315, 7.0581 ], [ 0.4361, 7.0555 ], [ 0.4445, 7.0573 ], [ 0.4571, 7.0525 ], [ 0.4671, 7.0525 ], [ 0.4843, 7.0625 ], [ 0.4981, 7.0619 ], [ 0.5053, 7.0577 ], [ 0.5017, 7.0509 ], [ 0.5227, 7.0525 ], [ 0.5435, 7.0461 ], [ 0.5539, 7.0403 ], [ 0.5559, 7.0293 ], [ 0.5719, 7.0217 ], [ 0.5715, 7.0125 ], [ 0.5945, 7.0031 ], [ 0.5947, 7.0097 ], [ 0.6025, 7.0237 ], [ 0.5975, 7.0607 ], [ 0.6111, 7.0841 ], [ 0.6143, 7.0957 ], [ 0.6115, 7.1055 ], [ 0.5975, 7.1145 ], [ 0.5931, 7.1137 ], [ 0.5939, 7.1179 ], [ 0.5969, 7.1331 ], [ 0.6055, 7.1421 ], [ 0.6049, 7.1557 ], [ 0.6075, 7.1583 ], [ 0.6125, 7.1573 ], [ 0.6169, 7.1623 ], [ 0.6177, 7.1831 ], [ 0.6249, 7.1829 ], [ 0.6313, 7.1965 ], [ 0.6345, 7.2205 ], [ 0.6391, 7.2261 ], [ 0.6443, 7.2631 ], [ 0.6063, 7.2665 ], [ 0.5839, 7.2783 ], [ 0.5807, 7.2879 ], [ 0.5745, 7.2875 ], [ 0.5715, 7.2681 ], [ 0.5639, 7.2685 ], [ 0.5609, 7.2597 ], [ 0.5531, 7.2529 ], [ 0.5487, 7.2389 ], [ 0.5441, 7.2385 ], [ 0.5409, 7.2333 ], [ 0.5427, 7.2251 ], [ 0.5357, 7.2201 ], [ 0.5193, 7.2205 ], [ 0.5213, 7.2347 ], [ 0.5171, 7.2397 ], [ 0.5335, 7.2495 ], [ 0.5419, 7.2745 ], [ 0.5393, 7.2965 ], [ 0.5347, 7.3035 ], [ 0.5313, 7.3047 ], [ 0.5227, 7.2979 ], [ 0.5125, 7.3013 ], [ 0.5049, 7.3001 ], [ 0.4927, 7.2911 ], [ 0.4653, 7.2897 ], [ 0.4505, 7.2963 ], [ 0.4509, 7.2847 ], [ 0.4467, 7.2821 ], [ 0.4469, 7.2779 ], [ 0.4421, 7.2779 ], [ 0.4353, 7.2847 ], [ 0.4271, 7.2809 ], [ 0.3917, 7.2267 ], [ 0.3677, 7.1483 ], [ 0.3575, 7.1317 ], [ 0.3495, 7.1265 ], [ 0.3391, 7.1297 ], [ 0.3397, 7.1161 ], [ 0.3289, 7.0907 ] ] ] } },
{ "type": "Feature", "properties": { "iso3": "GHA", "unit_id": "30259293B74954776996675", "unit_name": "Keta Municipal" }, "geometry": { "type": "Polygon", "coordinates": [ [ [ 0.7663, 5.9539 ], [ 0.7667, 5.9421 ], [ 0.7621, 5.9277 ], [ 0.7685, 5.9239 ], [ 0.7763, 5.9261 ], [ 0.7873, 5.9075 ], [ 0.7821, 5.9017 ], [ 0.7841, 5.8855 ], [ 0.7707, 5.8765 ], [ 0.8107, 5.8831 ], [ 0.8187, 5.8739 ], [ 0.8523, 5.8843 ], [ 0.8709, 5.8761 ], [ 0.8825, 5.8681 ], [ 0.8755, 5.8415 ], [ 0.8791, 5.8219 ], [ 0.8917, 5.8151 ], [ 0.9207, 5.8069 ], [ 0.9597, 5.8147 ], [ 0.9815, 5.8415 ], [ 0.9903, 5.8635 ], [ 0.9939, 5.8847 ], [ 0.9903, 5.9053 ], [ 0.9951, 5.9243 ], [ 1.0315, 5.9827 ], [ 1.0197, 5.9797 ], [ 1.0105, 5.9923 ], [ 1.0075, 6.0207 ], [ 0.9967, 6.0229 ], [ 0.9925, 6.0315 ], [ 0.9981, 6.0397 ], [ 0.9987, 6.0473 ], [ 0.9779, 6.0479 ], [ 0.9545, 6.0583 ], [ 0.9199, 6.0637 ], [ 0.8735, 6.0637 ], [ 0.8643, 6.0691 ], [ 0.8575, 6.0669 ], [ 0.8561, 6.0595 ], [ 0.8435, 6.0435 ], [ 0.8423, 6.0373 ], [ 0.8585, 6.0349 ], [ 0.8607, 6.0053 ], [ 0.8533, 6.0033 ], [ 0.8347, 6.0095 ], [ 0.8279, 6.0017 ], [ 0.8237, 6.0027 ], [ 0.8109, 5.9807 ], [ 0.8037, 5.9591 ], [ 0.7975, 5.9595 ], [ 0.7873, 5.9659 ], [ 0.7711, 5.9603 ], [ 0.7663, 5.9539 ] ] ] } },
{ "type": "Feature", "properties": { "iso3": "GHA", "unit_id": "30259293B90900868988576", "unit_name": "Ketu North" }, "geometry": { "type": "Polygon", "coordinates": [ [ [ 0.9003, 6.2177 ], [ 0.8795, 6.1883 ], [ 0.8743, 6.1649 ], [ 0.8781, 6.1625 ], [ 0.8791, 6.1579 ], [ 0.8757, 6.1541 ], [ 0.8789, 6.1477 ], [ 0.8917, 6.1411 ], [ 0.8863, 6.1397 ], [ 0.8869, 6.1335 ], [ 0.8785, 6.1217 ], [ 0.8843, 6.1179 ], [ 0.8643, 6.0691 ], [ 0.8735, 6.0637 ], [ 0.9199, 6.0637 ], [ 0.9545, 6.0583 ], [ 0.9779, 6.0479 ], [ 0.9987, 6.0473 ], [ 0.9943, 6.0575 ], [ 1.0185, 6.0707 ], [ 1.0109, 6.0813 ], [ 0.9789, 6.0853 ], [ 0.9775, 6.0911 ], [ 0.9869, 6.1087 ], [ 1.0027, 6.1093 ], [ 0.9965, 6.1189 ], [ 1.0093, 6.1241 ], [ 1.0115, 6.1211 ], [ 1.0169, 6.1231 ], [ 1.0355, 6.1399 ], [ 1.0349, 6.1467 ], [ 1.0235, 6.1659 ], [ 1.0239, 6.1735 ], [ 1.0313, 6.1803 ], [ 1.0765, 6.1731 ], [ 1.0755, 6.1771 ], [ 1.0803, 6.1841 ], [ 1.0729, 6.1933 ], [ 1.0751, 6.1953 ], [ 1.0651, 6.2209 ], [ 1.0543, 6.2333 ], [ 1.0373, 6.2383 ], [ 1.0245, 6.2563 ], [ 1.0175, 6.2717 ], [ 1.0159, 6.2865 ], [ 1.0079, 6.2955 ], [ 1.0053, 6.3111 ], [ 1.0079, 6.3225 ], [ 1.0041, 6.3349 ], [ 0.9641, 6.3351 ], [ 0.9651, 6.3267 ], [ 0.9607, 6.3125 ], [ 0.9637, 6.2977 ], [ 0.9595, 6.2889 ], [ 0.9455, 6.2837 ], [ 0.9347, 6.2749 ], [ 0.9251, 6.2809 ], [ 0.9161, 6.2769 ], [ 0.8975, 6.2785 ], [ 0.8943, 6.2471 ], [ 0.9013, 6.2237 ], [ 0.9003, 6.2177 ] ] ] } },
{ "type": "Feature", "properties": { "iso3": "GHA", "unit_id": "30259293B59479037105766", "unit_name": "Ketu South" }, "geometry": { "type": "Polygon", "coordinates": [ [ [ 1.0315, 5.9827 ], [ 1.0819, 6.0465 ], [ 1.1261, 6.0773 ], [ 1.1995, 6.1127 ], [ 1.2003, 6.1677 ], [ 1.0845, 6.1693 ], [ 1.0765, 6.1731 ], [ 1.0313, 6.1803 ], [ 1.0239, 6.1735 ], [ 1.0235, 6.1659 ], [ 1.0349, 6.1467 ], [ 1.0355, 6.1399 ], [ 1.0169, 6.1231 ], [ 1.0115, 6.1211 ], [ 1.0093, 6.1241 ], [ 0.9965, 6.1189 ], [ 1.0027, 6.1093 ], [ 0.9869, 6.1087 ], [ 0.9775, 6.0911 ], [ 0.9789, 6.0853 ], [ 1.0029, 6.0831 ], [ 1.0149, 6.0781 ], [ 1.0185, 6.0707 ], [ 0.9943, 6.0575 ], [ 0.9987, 6.0473 ], [ 0.9981, 6.0397 ], [ 0.9925, 6.0315 ], [ 0.9967, 6.0229 ], [ 1.0075, 6.0207 ], [ 1.0105, 5.9923 ], [ 1.0197, 5.9797 ], [ 1.0315, 5.9827 ] ] ] } },
{ "type": "Feature", "properties": { "iso3": "GHA", "unit_id": "30259293B74134081842927", "unit_name": "Kpando Municipal" }, "geometry": { "type": "Polygon", "coordinates": [ [ [ 0.2275, 6.9741 ], [ 0.2401, 6.9655 ], [ 0.2441, 6.9697 ], [ 0.2471, 6.9675 ], [ 0.2497, 6.9541 ], [ 0.2579, 6.9475 ], [ 0.2593, 6.9387 ], [ 0.2663, 6.9445 ], [ 0.2697, 6.9409 ], [ 0.2713, 6.9111 ], [ 0.2805, 6.9039 ], [ 0.2879, 6.9015 ], [ 0.2995, 6.9071 ], [ 0.3099, 6.9041 ], [ 0.3259, 6.9065 ], [ 0.3315, 6.9091 ], [ 0.3403, 6.9223 ], [ 0.3463, 6.9199 ], [ 0.3545, 6.9235 ], [ 0.3459, 6.9429 ], [ 0.3531, 6.9433 ], [ 0.3547, 6.9477 ], [ 0.3655, 6.9537 ], [ 0.3657, 6.9685 ], [ 0.3721, 6.9813 ], [ 0.3887, 6.9927 ], [ 0.4067, 6.9941 ], [ 0.4133, 7.0065 ], [ 0.4115, 7.0127 ], [ 0.3943, 7.0165 ], [ 0.3789, 7.0283 ], [ 0.3737, 7.0379 ], [ 0.3633, 7.0467 ], [ 0.3631, 7.0513 ], [ 0.3573, 7.0541 ], [ 0.3485, 7.0681 ], [ 0.3395, 7.0741 ], [ 0.3289, 7.0907 ], [ 0.3159, 7.0959 ], [ 0.2245, 7.0995 ], [ 0.2029, 7.0807 ], [ 0.1967, 7.0677 ], [ 0.1997, 7.0517 ], [ 0.2215, 7.0079 ], [ 0.2275, 6.9741 ] ] ] } },
{ "type": "Feature", "properties": { "iso3": "GHA", "unit_id": "30259293B38894251843332", "unit_name": "North Dayi" }, "geometry": { "type": "Polygon", "coordinates": [ [ [ 0.1615, 6.6833 ], [ 0.2303, 6.6729 ], [ 0.2457, 6.6625 ], [ 0.2667, 6.6681 ], [ 0.2667, 6.6741 ], [ 0.2901, 6.6999 ], [ 0.2887, 6.7185 ], [ 0.2933, 6.7289 ], [ 0.2943, 6.7557 ], [ 0.3031, 6.7659 ], [ 0.3113, 6.7889 ], [ 0.3021, 6.7955 ], [ 0.3085, 6.7999 ], [ 0.3111, 6.8091 ], [ 0.3049, 6.8243 ], [ 0.3081, 6.8299 ], [ 0.3129, 6.8269 ], [ 0.3153, 6.8287 ], [ 0.3177, 6.8383 ], [ 0.3425, 6.8427 ], [ 0.3479, 6.8557 ], [ 0.3271, 6.8599 ], [ 0.3253, 6.8639 ], [ 0.3305, 6.8707 ], [ 0.3313, 6.8809 ], [ 0.3565, 6.9025 ], [ 0.3543, 6.9045 ], [ 0.3435, 6.8999 ], [ 0.3381, 6.9029 ], [ 0.3371, 6.9069 ], [ 0.3463, 6.9199 ], [ 0.3403, 6.9223 ], [ 0.3315, 6.9091 ], [ 0.3259, 6.9065 ], [ 0.3099, 6.9041 ], [ 0.2995, 6.9071 ], [ 0.2879, 6.9015 ], [ 0.2805, 6.9039 ], [ 0.2713, 6.9111 ], [ 0.2697, 6.9409 ], [ 0.2663, 6.9445 ], [ 0.2593, 6.9387 ], [ 0.2579, 6.9475 ], [ 0.2497, 6.9541 ], [ 0.2471, 6.9675 ], [ 0.2441, 6.9697 ], [ 0.2401, 6.9655 ], [ 0.2275, 6.9741 ], [ 0.2063, 6.9425 ], [ 0.1959, 6.9365 ], [ 0.1479, 6.9215 ], [ 0.1355, 6.9101 ], [ 0.1229, 6.8895 ], [ 0.1199, 6.8705 ], [ 0.1243, 6.8433 ], [ 0.1333, 6.8291 ], [ 0.1449, 6.8185 ], [ 0.1585, 6.8161 ], [ 0.1925, 6.7893 ], [ 0.2003, 6.7787 ], [ 0.2083, 6.7577 ], [ 0.2037, 6.7033 ], [ 0.1991, 6.6971 ], [ 0.1693, 6.6899 ], [ 0.1615, 6.6833 ] ] ] } },
{ "type": "Feature", "properties": { "iso3": "GHA", "unit_id": "30259293B55216284042599", "unit_name": "North Tongu" }, "geometry": { "type": "Polygon", "coordinates": [ [ [ 0.0917, 6.1589 ], [ 0.1049, 6.1405 ], [ 0.1187, 6.1371 ], [ 0.1227, 6.1279 ], [ 0.1421, 6.1103 ], [ 0.1903, 6.0969 ], [ 0.2347, 6.1097 ], [ 0.2479, 6.1057 ], [ 0.2849, 6.0807 ], [ 0.2901, 6.0631 ], [ 0.2971, 6.0565 ], [ 0.3211, 6.0531 ], [ 0.3375, 6.0473 ], [ 0.3321, 6.0349 ], [ 0.3477, 6.0223 ], [ 0.3405, 6.0193 ], [ 0.3319, 6.0071 ], [ 0.3315, 5.9949 ], [ 0.3531, 5.9859 ], [ 0.3445, 5.9555 ], [ 0.3539, 5.9553 ], [ 0.3653, 5.9601 ], [ 0.3953, 5.9611 ], [ 0.4357, 5.9763 ], [ 0.4409, 5.9831 ], [ 0.4415, 5.9955 ], [ 0.4525, 6.0013 ], [ 0.4675, 5.9983 ], [ 0.4857, 5.9899 ], [ 0.4859, 5.9769 ], [ 0.4919, 5.9807 ], [ 0.4923, 5.9939 ], [ 0.4991, 5.9911 ], [ 0.4963, 6.0155 ], [ 0.4623, 6.0303 ], [ 0.4651, 6.0387 ], [ 0.4733, 6.0461 ], [ 0.4579, 6.0549 ], [ 0.4595, 6.0625 ], [ 0.4471, 6.0681 ], [ 0.4417, 6.0741 ], [ 0.4425, 6.0783 ], [ 0.4353, 6.0809 ], [ 0.4329, 6.0861 ], [ 0.4563, 6.0797 ], [ 0.4615, 6.0811 ], [ 0.4625, 6.0843 ], [ 0.4597, 6.0837 ], [ 0.4533, 6.1019 ], [ 0.4533, 6.1151 ], [ 0.4611, 6.1295 ], [ 0.4647, 6.1317 ], [ 0.4769, 6.1249 ], [ 0.4781, 6.1289 ], [ 0.4815, 6.1253 ], [ 0.4879, 6.1339 ], [ 0.4871, 6.1383 ], [ 0.5045, 6.1573 ], [ 0.5013, 6.1667 ], [ 0.5029, 6.1823 ], [ 0.4959, 6.1993 ], [ 0.4813, 6.1913 ], [ 0.4735, 6.1967 ], [ 0.4675, 6.1937 ], [ 0.4567, 6.2077 ], [ 0.4391, 6.2071 ], [ 0.4383, 6.2109 ], [ 0.4457, 6.2195 ], [ 0.4555, 6.2261 ], [ 0.4697, 6.2557 ], [ 0.4755, 6.2551 ], [ 0.4765, 6.2633 ], [ 0.4687, 6.2649 ], [ 0.4627, 6.2599 ], [ 0.4589, 6.2623 ], [ 0.4167, 6.2613 ], [ 0.4125, 6.2759 ], [ 0.4065, 6.2799 ], [ 0.4035, 6.2893 ], [ 0.3901, 6.3035 ], [ 0.3795, 6.3077 ], [ 0.3715, 6.3031 ], [ 0.3385, 6.3141 ], [ 0.3217, 6.3211 ], [ 0.3051, 6.3333 ], [ 0.1977, 6.3339 ], [ 0.1739, 6.3309 ], [ 0.1695, 6.3263 ], [ 0.1687, 6.3135 ], [ 0.1759, 6.3077 ], [ 0.1741, 6.3023 ], [ 0.1605, 6.3009 ], [ 0.1353, 6.2605 ], [ 0.1287, 6.2561 ], [ 0.1233, 6.2325 ], [ 0.1049, 6.1847 ], [ 0.0963, 6.1773 ], [ 0.0917, 6.1589 ] ] ] } },
{ "type": "Feature", "properties": { "iso3": "GHA", "unit_id": "30259293B89849577815909", "unit_name": "South Dayi" }, "geometry": { "type": "Polygon", "coordinates": [ [ [ 0.2093, 6.4023 ], [ 0.2121, 6.4121 ], [ 0.2017, 6.4385 ], [ 0.2081, 6.4449 ], [ 0.1997, 6.4549 ], [ 0.2057, 6.4757 ], [ 0.2207, 6.4967 ], [ 0.2475, 6.5115 ], [ 0.2841, 6.5413 ], [ 0.2833, 6.5549 ], [ 0.2877, 6.5743 ], [ 0.2853, 6.5779 ], [ 0.2767, 6.5783 ], [ 0.2733, 6.5901 ], [ 0.2903, 6.5949 ], [ 0.3123, 6.6071 ], [ 0.3397, 6.6375 ], [ 0.3459, 6.6543 ], [ 0.3439, 6.6575 ], [ 0.3519, 6.6753 ], [ 0.3477, 6.6865 ], [ 0.3431, 6.6837 ], [ 0.3291, 6.6895 ], [ 0.3157, 6.6845 ], [ 0.3043, 6.6739 ], [ 0.2667, 6.6681 ], [ 0.2543, 6.6631 ], [ 0.2421, 6.6637 ], [ 0.2303, 6.6729 ], [ 0.1615, 6.6833 ], [ 0.1301, 6.6717 ], [ 0.1233, 6.6661 ], [ 0.1105, 6.6167 ], [ 0.1045, 6.5669 ], [ 0.1287, 6.5755 ], [ 0.1527, 6.5771 ], [ 0.1629, 6.5703 ], [ 0.1873, 6.5679 ], [ 0.1935, 6.5639 ], [ 0.1993, 6.5495 ], [ 0.1975, 6.5429 ], [ 0.1783, 6.5125 ], [ 0.1821, 6.4957 ], [ 0.1795, 6.4879 ], [ 0.1889, 6.4763 ], [ 0.1839, 6.4655 ], [ 0.1863, 6.4417 ], [ 0.1783, 6.4247 ], [ 0.2093, 6.4023 ] ] ] } },
{ "type": "Feature", "properties": { "iso3": "GHA", "unit_id": "30259293B34829709654803", "unit_name": "South Tongu" }, "geometry": { "type": "Polygon", "coordinates": [ [ [ 0.6875, 5.7771 ], [ 0.6993, 5.7747 ], [ 0.7047, 5.7795 ], [ 0.7111, 5.7733 ], [ 0.7157, 5.7829 ], [ 0.7195, 5.7837 ], [ 0.7181, 5.7917 ], [ 0.7119, 5.7935 ], [ 0.7107, 5.7995 ], [ 0.7175, 5.8109 ], [ 0.7101, 5.8301 ], [ 0.7139, 5.8405 ], [ 0.7129, 5.8545 ], [ 0.7195, 5.8699 ], [ 0.7467, 5.8793 ], [ 0.7575, 5.8729 ], [ 0.7813, 5.8823 ], [ 0.7841, 5.8855 ], [ 0.7827, 5.9045 ], [ 0.7873, 5.9075 ], [ 0.7763, 5.9261 ], [ 0.7685, 5.9239 ], [ 0.7621, 5.9277 ], [ 0.7667, 5.9421 ], [ 0.7663, 5.9539 ], [ 0.7547, 5.9691 ], [ 0.7407, 5.9689 ], [ 0.7245, 5.9835 ], [ 0.7073, 5.9899 ], [ 0.7053, 5.9933 ], [ 0.7115, 6.0145 ], [ 0.7315, 6.0267 ], [ 0.7317, 6.0335 ], [ 0.7507, 6.0549 ], [ 0.7551, 6.0717 ], [ 0.7509, 6.0873 ], [ 0.7341, 6.1005 ], [ 0.7195, 6.1205 ], [ 0.7245, 6.1385 ], [ 0.7193, 6.1551 ], [ 0.7089, 6.1553 ], [ 0.7041, 6.1405 ], [ 0.6947, 6.1267 ], [ 0.6753, 6.1085 ], [ 0.6709, 6.1067 ], [ 0.6599, 6.1127 ], [ 0.6495, 6.1019 ], [ 0.6301, 6.0941 ], [ 0.6179, 6.1065 ], [ 0.6083, 6.1065 ], [ 0.5973, 6.1005 ], [ 0.5871, 6.0789 ], [ 0.5573, 6.0847 ], [ 0.5527, 6.0809 ], [ 0.5543, 6.0553 ], [ 0.5487, 6.0375 ], [ 0.5491, 6.0077 ], [ 0.5181, 6.0019 ], [ 0.5069, 6.0033 ], [ 0.4967, 6.0093 ], [ 0.4991, 5.9911 ], [ 0.5253, 5.9779 ], [ 0.5247, 5.9549 ], [ 0.5423, 5.9489 ], [ 0.5517, 5.9215 ], [ 0.5605, 5.9399 ], [ 0.5725, 5.9313 ], [ 0.5767, 5.9321 ], [ 0.5865, 5.9215 ], [ 0.5873, 5.9143 ], [ 0.5813, 5.9109 ], [ 0.5757, 5.9017 ], [ 0.6017, 5.8887 ], [ 0.6071, 5.8773 ], [ 0.6141, 5.8753 ], [ 0.6127, 5.8699 ], [ 0.6155, 5.8647 ], [ 0.6301, 5.8675 ], [ 0.6195, 5.8529 ], [ 0.6203, 5.8361 ], [ 0.6227, 5.8343 ], [ 0.6433, 5.8405 ], [ 0.6541, 5.8277 ], [ 0.6517, 5.8069 ], [ 0.6787, 5.7941 ], [ 0.6875, 5.7771 ] ] ] } },
{ "type": "Feature", "properties": { "iso3": "GHA", "unit_id": "30259293B5227784662257", "unit_name": "Ahanta West Municipal" }, "geometry": { "type": "Polygon", "coordinates": [ [ [ -1.7797, 4.8841 ], [ -1.7869, 4.8951 ], [ -1.7972, 4.8987 ], [ -1.8202, 4.9187 ], [ -1.8236, 4.9359 ], [ -1.8355, 4.9435 ], [ -1.8378, 4.9561 ], [ -1.8434, 4.9625 ], [ -1.8834, 4.9631 ], [ -1.8821, 4.9571 ], [ -1.8672, 4.9475 ], [ -1.8667, 4.9273 ], [ -1.8989, 4.9281 ], [ -1.9149, 4.9405 ], [ -1.9353, 4.9505 ], [ -1.9547, 4.9485 ], [ -1.9716, 4.9585 ], [ -1.9931, 4.9335 ], [ -1.9941, 4.9243 ], [ -1.9868, 4.9201 ], [ -1.9842, 4.9127 ], [ -1.9858, 4.9045 ], [ -2.0105, 4.9027 ], [ -2.0151, 4.9141 ], [ -2.0268, 4.9189 ], [ -2.0438, 4.9161 ], [ -2.049, 4.9085 ], [ -2.0568, 4.9107 ], [ -2.062, 4.9059 ], [ -2.0634, 4.9089 ], [ -2.0721, 4.9043 ], [ -2.0917, 4.9027 ], [ -2.0936, 4.8999 ], [ -2.0911, 4.8945 ], [ -2.0948, 4.8883 ], [ -2.0991, 4.8895 ], [ -2.1214, 4.8799 ], [ -2.1418, 4.8479 ], [ -2.1544, 4.8421 ], [ -2.1614, 4.8359 ], [ -2.1649, 4.8251 ], [ -2.1805, 4.8169 ], [ -2.1696, 4.8071 ], [ -2.1684, 4.7967 ], [ -2.148, 4.7971 ], [ -2.1358, 4.7909 ], [ -2.1228, 4.7897 ], [ -2.1097, 4.7817 ], [ -2.1051, 4.7757 ], [ -2.113, 4.7643 ], [ -2.1104, 4.7625 ], [ -2.1112, 4.7559 ], [ -2.093, 4.7481 ], [ -2.092, 4.7411 ], [ -2.0849, 4.7463 ], [ -2.0732, 4.7485 ], [ -2.0551, 4.7407 ], [ -2.0445, 4.7531 ], [ -2.0277, 4.7571 ], [ -1.9756, 4.7583 ], [ -1.9723, 4.7691 ], [ -1.9471, 4.7891 ], [ -1.9488, 4.7919 ], [ -1.9414, 4.7951 ], [ -1.9367, 4.8067 ], [ -1.9176, 4.8141 ], [ -1.9128, 4.8255 ], [ -1.8902, 4.8281 ], [ -1.882, 4.8369 ], [ -1.8681, 4.8445 ], [ -1.8391, 4.8489 ], [ -1.8319, 4.8601 ], [ -1.8141, 4.8673 ], [ -1.8082, 4.8733 ], [ -1.795, 4.8721 ], [ -1.7683, 4.8757 ], [ -1.7797, 4.8841 ] ] ] } },
{ "type": "Feature", "properties": { "iso3": "GHA", "unit_id": "30259293B71448845800019", "unit_name": "Effia Kwesimintsim Municipal" }, "geometry": { "type": "Polygon", "coordinates": [ [ [ -1.7797, 4.8841 ], [ -1.7736, 4.8995 ], [ -1.7595, 4.9047 ], [ -1.7506, 4.9179 ], [ -1.7577, 4.9237 ], [ -1.7539, 4.9317 ], [ -1.7599, 4.9291 ], [ -1.7625, 4.9317 ], [ -1.7531, 4.9391 ], [ -1.7531, 4.9429 ], [ -1.764, 4.9421 ], [ -1.7678, 4.9447 ], [ -1.7625, 4.9541 ], [ -1.7764, 4.9503 ], [ -1.7794, 4.9569 ], [ -1.7448, 4.9831 ], [ -1.739, 5.0017 ], [ -1.7433, 5.0173 ], [ -1.7724, 5.0429 ], [ -1.7903, 5.0241 ], [ -1.7941, 5.0139 ], [ -1.8114, 4.9981 ], [ -1.8116, 4.9799 ], [ -1.8405, 4.9847 ], [ -1.8433, 4.9801 ], [ -1.84, 4.9681 ], [ -1.8438, 4.9667 ], [ -1.8434, 4.9625 ], [ -1.8378, 4.9561 ], [ -1.8376, 4.9463 ], [ -1.8236, 4.9359 ], [ -1.8202, 4.9187 ], [ -1.7972, 4.8987 ], [ -1.7869, 4.8951 ], [ -1.7797, 4.8841 ] ] ] } },
{ "type": "Feature", "properties": { "iso3": "GHA", "unit_id": "30259293B97870810904608", "unit_name": "Ellembelle" }, "geometry": { "type": "Polygon", "coordinates": [ [ [ -2.3268, 5.3487 ], [ -2.3373, 5.3507 ], [ -2.3363, 5.3541 ], [ -2.3425, 5.3573 ], [ -2.3449, 5.3643 ], [ -2.35, 5.3653 ], [ -2.3578, 5.3759 ], [ -2.3822, 5.3791 ], [ -2.417, 5.3763 ], [ -2.4315, 5.3815 ], [ -2.4405, 5.3797 ], [ -2.4788, 5.4003 ], [ -2.49, 5.3997 ], [ -2.4932, 5.3961 ], [ -2.4947, 5.3845 ], [ -2.4993, 5.3783 ], [ -2.4948, 5.3755 ], [ -2.4769, 5.1841 ], [ -2.4801, 5.1807 ], [ -2.4876, 5.1449 ], [ -2.4882, 5.1359 ], [ -2.4835, 5.1221 ], [ -2.4793, 5.1207 ], [ -2.4879, 5.1047 ], [ -2.4876, 5.0923 ], [ -2.4838, 5.0863 ], [ -2.4964, 5.0641 ], [ -2.4966, 5.0567 ], [ -2.4882, 5.0535 ], [ -2.4875, 5.0441 ], [ -2.5379, 5.0055 ], [ -2.5625, 4.9927 ], [ -2.5537, 4.9823 ], [ -2.3856, 4.9433 ], [ -2.2694, 4.8995 ], [ -2.2683, 4.9133 ], [ -2.2744, 4.9139 ], [ -2.2687, 4.9251 ], [ -2.2594, 4.9335 ], [ -2.2463, 4.9327 ], [ -2.2447, 4.9397 ], [ -2.2348, 4.9425 ], [ -2.2338, 4.9467 ], [ -2.2224, 4.9419 ], [ -2.217, 4.9479 ], [ -2.2155, 4.9609 ], [ -2.2188, 4.9731 ], [ -2.214, 4.9969 ], [ -2.2149, 5.0005 ], [ -2.2349, 5.0051 ], [ -2.2376, 5.0089 ], [ -2.2379, 5.0327 ], [ -2.244, 5.0345 ], [ -2.2474, 5.0423 ], [ -2.2569, 5.0491 ], [ -2.2604, 5.0651 ], [ -2.27, 5.0739 ], [ -2.2743, 5.0723 ], [ -2.2779, 5.0753 ], [ -2.2804, 5.0831 ], [ -2.2893, 5.0843 ], [ -2.2949, 5.0891 ], [ -2.3031, 5.0903 ], [ -2.3075, 5.0863 ], [ -2.3131, 5.0899 ], [ -2.3101, 5.1021 ], [ -2.3163, 5.1111 ], [ -2.3205, 5.1117 ], [ -2.3283, 5.1047 ], [ -2.3382, 5.1065 ], [ -2.3553, 5.1193 ], [ -2.3573, 5.1349 ], [ -2.3553, 5.1553 ], [ -2.3615, 5.1589 ], [ -2.3595, 5.1619 ], [ -2.3633, 5.1615 ], [ -2.3668, 5.1681 ], [ -2.3594, 5.1877 ], [ -2.3613, 5.1963 ], [ -2.3583, 5.2005 ], [ -2.361, 5.2039 ], [ -2.3585, 5.2107 ], [ -2.3622, 5.2339 ], [ -2.3553, 5.2603 ], [ -2.3431, 5.2729 ], [ -2.3507, 5.2937 ], [ -2.3459, 5.3003 ], [ -2.3457, 5.3065 ], [ -2.3371, 5.3105 ], [ -2.3391, 5.3243 ], [ -2.3299, 5.3361 ], [ -2.3268, 5.3487 ] ] ] } },
{ "type": "Feature", "properties": { "iso3": "GHA", "unit_id": "30259293B84659965466584", "unit_name": "Jomoro" }, "geometry": { "type": "MultiPolygon", "coordinates": [ [ [ [ -2.787, 5.1115 ], [ -2.7846, 5.1143 ], [ -2.7859, 5.1171 ], [ -2.7878, 5.1147 ], [ -2.787, 5.1115 ] ] ], [ [ [ -2.4948, 5.3755 ], [ -2.5085, 5.3717 ], [ -2.5093, 5.3749 ], [ -2.5158, 5.3765 ], [ -2.5206, 5.3721 ], [ -2.5284, 5.3719 ], [ -2.5324, 5.3751 ], [ -2.5876, 5.3791 ], [ -2.5994, 5.4153 ], [ -2.607, 5.4129 ], [ -2.612, 5.4165 ], [ -2.6134, 5.4115 ], [ -2.6184, 5.4121 ], [ -2.6271, 5.4021 ], [ -2.6309, 5.4023 ], [ -2.6407, 5.3877 ], [ -2.6607, 5.3719 ], [ -2.6711, 5.3679 ], [ -2.6801, 5.3537 ], [ -2.6985, 5.3427 ], [ -2.7051, 5.3477 ], [ -2.7147, 5.3493 ], [ -2.729, 5.3413 ], [ -2.738, 5.3467 ], [ -2.7537, 5.3445 ], [ -2.7647, 5.3561 ], [ -2.7686, 5.3561 ], [ -2.7764, 5.3465 ], [ -2.7708, 5.3361 ], [ -2.7764, 5.3309 ], [ -2.7719, 5.3283 ], [ -2.7661, 5.3165 ], [ -2.7666, 5.3055 ], [ -2.7694, 5.2957 ], [ -2.7722, 5.2931 ], [ -2.7835, 5.2931 ], [ -2.7848, 5.2851 ], [ -2.7734, 5.2679 ], [ -2.7787, 5.2639 ], [ -2.771, 5.2581 ], [ -2.7649, 5.2587 ], [ -2.7546, 5.2533 ], [ -2.7548, 5.2423 ], [ -2.7611, 5.2453 ], [ -2.7653, 5.2379 ], [ -2.7563, 5.2315 ], [ -2.7596, 5.2319 ], [ -2.76, 5.2291 ], [ -2.7573, 5.2189 ], [ -2.764, 5.2173 ], [ -2.7635, 5.2139 ], [ -2.7569, 5.2011 ], [ -2.7481, 5.2023 ], [ -2.7495, 5.1953 ], [ -2.7414, 5.1759 ], [ -2.7446, 5.1677 ], [ -2.7386, 5.1597 ], [ -2.7415, 5.1567 ], [ -2.7379, 5.1503 ], [ -2.7314, 5.1513 ], [ -2.7256, 5.1407 ], [ -2.7292, 5.1339 ], [ -2.7329, 5.1333 ], [ -2.7323, 5.1299 ], [ -2.7391, 5.1259 ], [ -2.7391, 5.1167 ], [ -2.7426, 5.1139 ], [ -2.7537, 5.1153 ], [ -2.7583, 5.1007 ], [ -2.7728, 5.1115 ], [ -2.7837, 5.1095 ], [ -2.787, 5.1115 ], [ -2.7941, 5.1073 ], [ -2.8064, 5.1109 ], [ -2.8094, 5.1063 ], [ -2.8133, 5.1133 ], [ -2.8162, 5.1115 ], [ -2.8151, 5.1069 ], [ -2.818, 5.1067 ], [ -2.8304, 5.1211 ], [ -2.8342, 5.1207 ], [ -2.8402, 5.1137 ], [ -2.8385, 5.1105 ], [ -2.8465, 5.1081 ], [ -2.8613, 5.1215 ], [ -2.879, 5.1277 ], [ -2.8859, 5.1247 ], [ -2.8905, 5.1265 ], [ -2.8922, 5.1201 ], [ -2.898, 5.1229 ], [ -2.9265, 5.1211 ], [ -2.9403, 5.1243 ], [ -2.9411, 5.1121 ], [ -2.9338, 5.1071 ], [ -2.9315, 5.0959 ], [ -2.941, 5.0941 ], [ -2.95, 5.0847 ], [ -2.9785, 5.0887 ], [ -3.0034, 5.1117 ], [ -3.0118, 5.1129 ], [ -3.021, 5.1189 ], [ -3.042, 5.1167 ], [ -3.0489, 5.1199 ], [ -3.0506, 5.1167 ], [ -3.0628, 5.1219 ], [ -3.0712, 5.1199 ], [ -3.0718, 5.1137 ], [ -3.0764, 5.1129 ], [ -3.0933, 5.1149 ], [ -3.1003, 5.1125 ], [ -3.1086, 5.1153 ], [ -3.1086, 5.0903 ], [ -2.7715, 5.0191 ], [ -2.7382, 5.0083 ], [ -2.6712, 4.9993 ], [ -2.635, 4.9823 ], [ -2.5642, 4.9759 ], [ -2.5599, 4.9871 ], [ -2.5625, 4.9927 ], [ -2.5379, 5.0055 ], [ -2.4875, 5.0441 ], [ -2.4882, 5.0535 ], [ -2.4966, 5.0567 ], [ -2.4964, 5.0641 ], [ -2.4838, 5.0863 ], [ -2.4876, 5.0923 ], [ -2.4879, 5.1047 ], [ -2.4793, 5.1207 ], [ -2.4835, 5.1221 ], [ -2.4882, 5.1359 ], [ -2.4876, 5.1449 ], [ -2.4801, 5.1807 ], [ -2.4769, 5.1841 ], [ -2.4948, 5.3755 ] ] ] ] } },
{ "type": "Feature", "properties": { "iso3": "GHA", "unit_id": "30259293B63418165214361", "unit_name": "Mpohor" }, "geometry": { "type": "Polygon", "coordinates": [ [ [ -1.8434, 4.9625 ], [ -1.8438, 4.9667 ], [ -1.84, 4.9681 ], [ -1.8434, 4.9769 ], [ -1.8405, 4.9847 ], [ -1.8116, 4.9799 ], [ -1.8114, 4.9981 ], [ -1.7941, 5.0139 ], [ -1.7903, 5.0241 ], [ -1.7724, 5.0429 ], [ -1.7599, 5.0295 ], [ -1.7387, 5.0149 ], [ -1.7365, 5.0263 ], [ -1.7401, 5.0345 ], [ -1.7327, 5.0459 ], [ -1.7293, 5.0477 ], [ -1.7161, 5.0421 ], [ -1.7133, 5.0455 ], [ -1.7141, 5.0533 ], [ -1.6993, 5.0545 ], [ -1.7055, 5.0609 ], [ -1.7017, 5.0823 ], [ -1.716, 5.1049 ], [ -1.6852, 5.1023 ], [ -1.6818, 5.1079 ], [ -1.6867, 5.1151 ], [ -1.7169, 5.1175 ], [ -1.744, 5.1365 ], [ -1.7708, 5.1287 ], [ -1.7775, 5.1305 ], [ -1.7891, 5.1363 ], [ -1.8025, 5.1647 ], [ -1.8447, 5.1875 ], [ -1.8547, 5.1901 ], [ -1.8843, 5.1447 ], [ -1.8949, 5.1581 ], [ -1.9234, 5.1615 ], [ -1.937, 5.1541 ], [ -1.9355, 5.1487 ], [ -1.9496, 5.1169 ], [ -1.949, 5.1009 ], [ -1.9526, 5.0947 ], [ -1.9511, 5.0781 ], [ -1.9538, 5.0645 ], [ -1.9494, 5.0535 ], [ -1.9524, 5.0435 ], [ -1.95, 5.0365 ], [ -1.952, 5.0263 ], [ -1.9589, 5.0231 ], [ -1.9675, 5.0241 ], [ -1.974, 5.0181 ], [ -1.9771, 4.9845 ], [ -1.9873, 4.9761 ], [ -1.9801, 4.9637 ], [ -1.9782, 4.9531 ], [ -1.9716, 4.9585 ], [ -1.9547, 4.9485 ], [ -1.9353, 4.9505 ], [ -1.9149, 4.9405 ], [ -1.8989, 4.9281 ], [ -1.8667, 4.9273 ], [ -1.8672, 4.9475 ], [ -1.8821, 4.9571 ], [ -1.8834, 4.9631 ], [ -1.8434, 4.9625 ] ] ] } },
{ "type": "Feature", "properties": { "iso3": "GHA", "unit_id": "30259293B78755922281489", "unit_name": "Nzema East" }, "geometry": { "type": "MultiPolygon", "coordinates": [ [ [ [ -2.0598, 4.9081 ], [ -2.0634, 4.9089 ], [ -2.062, 4.9059 ], [ -2.0598, 4.9081 ] ] ], [ [ [ -2.0634, 4.9089 ], [ -2.0763, 4.9289 ], [ -2.081, 4.9543 ], [ -2.0868, 4.9583 ], [ -2.091, 4.9725 ], [ -2.093, 5.0061 ], [ -2.0994, 5.0183 ], [ -2.1051, 5.0227 ], [ -2.0886, 5.0429 ], [ -2.097, 5.0569 ], [ -2.0988, 5.0695 ], [ -2.1079, 5.0797 ], [ -2.1147, 5.0777 ], [ -2.1217, 5.0679 ], [ -2.1276, 5.0665 ], [ -2.1294, 5.0761 ], [ -2.1367, 5.0855 ], [ -2.1538, 5.0859 ], [ -2.1446, 5.1139 ], [ -2.125, 5.1439 ], [ -2.1328, 5.1625 ], [ -2.1363, 5.1819 ], [ -2.1249, 5.1873 ], [ -2.1186, 5.1981 ], [ -2.1063, 5.2069 ], [ -2.1085, 5.2135 ], [ -2.1177, 5.2199 ], [ -2.124, 5.2453 ], [ -2.1273, 5.2477 ], [ -2.1364, 5.2449 ], [ -2.1364, 5.2483 ], [ -2.1413, 5.2511 ], [ -2.15, 5.2523 ], [ -2.1496, 5.2639 ], [ -2.1527, 5.2697 ], [ -2.1703, 5.2731 ], [ -2.1751, 5.2853 ], [ -2.1745, 5.3169 ], [ -2.1771, 5.3207 ], [ -2.1865, 5.3195 ], [ -2.19, 5.3219 ], [ -2.1909, 5.3349 ], [ -2.2039, 5.3335 ], [ -2.2111, 5.3275 ], [ -2.2409, 5.3279 ], [ -2.2489, 5.3295 ], [ -2.2553, 5.3375 ], [ -2.2613, 5.3357 ], [ -2.2608, 5.3465 ], [ -2.2768, 5.3555 ], [ -2.2766, 5.3487 ], [ -2.2828, 5.3467 ], [ -2.2885, 5.3505 ], [ -2.2901, 5.3445 ], [ -2.2967, 5.3479 ], [ -2.3057, 5.3403 ], [ -2.3156, 5.3471 ], [ -2.3268, 5.3487 ], [ -2.3299, 5.3361 ], [ -2.3391, 5.3243 ], [ -2.3371, 5.3105 ], [ -2.3457, 5.3065 ], [ -2.3459, 5.3003 ], [ -2.3507, 5.2937 ], [ -2.3431, 5.2729 ], [ -2.3553, 5.2603 ], [ -2.3622, 5.2339 ], [ -2.3585, 5.2107 ], [ -2.361, 5.2039 ], [ -2.3583, 5.2005 ], [ -2.3613, 5.1963 ], [ -2.3594, 5.1877 ], [ -2.3668, 5.1681 ], [ -2.3633, 5.1615 ], [ -2.3595, 5.1619 ], [ -2.3615, 5.1589 ], [ -2.3553, 5.1553 ], [ -2.3571, 5.1299 ], [ -2.352, 5.1151 ], [ -2.3382, 5.1065 ], [ -2.3283, 5.1047 ], [ -2.3205, 5.1117 ], [ -2.3163, 5.1111 ], [ -2.3101, 5.1021 ], [ -2.3131, 5.0899 ], [ -2.3075, 5.0863 ], [ -2.3031, 5.0903 ], [ -2.2949, 5.0891 ], [ -2.2893, 5.0843 ], [ -2.2804, 5.0831 ], [ -2.2779, 5.0753 ], [ -2.2743, 5.0723 ], [ -2.27, 5.0739 ], [ -2.2604, 5.0651 ], [ -2.2569, 5.0491 ], [ -2.2474, 5.0423 ], [ -2.244, 5.0345 ], [ -2.2379, 5.0327 ], [ -2.2376, 5.0089 ], [ -2.2349, 5.0051 ], [ -2.2149, 5.0005 ], [ -2.2188, 4.9731 ], [ -2.2155, 4.9609 ], [ -2.217, 4.9479 ], [ -2.2224, 4.9419 ], [ -2.2338, 4.9467 ], [ -2.2348, 4.9425 ], [ -2.2447, 4.9397 ], [ -2.2463, 4.9327 ], [ -2.2594, 4.9335 ], [ -2.2713, 4.9223 ], [ -2.2744, 4.9139 ], [ -2.2683, 4.9133 ], [ -2.2694, 4.8923 ], [ -2.2576, 4.8883 ], [ -2.2477, 4.8803 ], [ -2.2428, 4.8629 ], [ -2.2475, 4.8553 ], [ -2.2109, 4.8387 ], [ -2.2041, 4.8317 ], [ -2.2035, 4.8221 ], [ -2.1805, 4.8169 ], [ -2.1649, 4.8251 ], [ -2.1614, 4.8359 ], [ -2.1544, 4.8421 ], [ -2.1418, 4.8479 ], [ -2.1214, 4.8799 ], [ -2.0991, 4.8895 ], [ -2.0948, 4.8883 ], [ -2.0911, 4.8945 ], [ -2.0936, 4.8999 ], [ -2.0917, 4.9027 ], [ -2.0721, 4.9043 ], [ -2.0634, 4.9089 ] ] ] ] } },
{ "type": "Feature", "properties": { "iso3": "GHA", "unit_id": "30259293B75982989723886", "unit_name": "Prestea/Huni Valley" }, "geometry": { "type": "Polygon", "coordinates": [ [ [ -1.8181, 5.6747 ], [ -1.8266, 5.6747 ], [ -1.831, 5.6859 ], [ -1.8378, 5.6925 ], [ -1.8554, 5.6917 ], [ -1.8931, 5.6647 ], [ -1.9066, 5.6709 ], [ -1.9165, 5.6615 ], [ -1.9236, 5.6625 ], [ -1.9311, 5.6523 ], [ -1.9425, 5.6485 ], [ -1.9422, 5.6401 ], [ -1.9475, 5.6315 ], [ -1.9641, 5.6287 ], [ -1.9661, 5.6245 ], [ -1.9724, 5.6281 ], [ -1.9757, 5.6259 ], [ -1.9823, 5.6277 ], [ -1.9869, 5.6343 ], [ -2.0027, 5.6299 ], [ -2.0161, 5.6365 ], [ -2.0219, 5.6323 ], [ -2.0257, 5.6221 ], [ -2.0272, 5.6305 ], [ -2.033, 5.6347 ], [ -2.0428, 5.6339 ], [ -2.0533, 5.6251 ], [ -2.0604, 5.6069 ], [ -2.067, 5.6169 ], [ -2.0729, 5.6191 ], [ -2.0841, 5.6193 ], [ -2.0938, 5.6093 ], [ -2.099, 5.6163 ], [ -2.1295, 5.6183 ], [ -2.152, 5.6261 ], [ -2.1563, 5.6231 ], [ -2.1591, 5.6149 ], [ -2.1641, 5.6139 ], [ -2.1711, 5.6045 ], [ -2.1711, 5.6005 ], [ -2.1681, 5.5995 ], [ -2.1722, 5.5895 ], [ -2.1671, 5.5729 ], [ -2.1726, 5.5731 ], [ -2.1737, 5.5691 ], [ -2.1712, 5.5659 ], [ -2.163, 5.5663 ], [ -2.1585, 5.5583 ], [ -2.1682, 5.5479 ], [ -2.1787, 5.5543 ], [ -2.1811, 5.5595 ], [ -2.1899, 5.5601 ], [ -2.1922, 5.5641 ], [ -2.2042, 5.5697 ], [ -2.2301, 5.5639 ], [ -2.2461, 5.5475 ], [ -2.2464, 5.5225 ], [ -2.2552, 5.5221 ], [ -2.2498, 5.5063 ], [ -2.2506, 5.4981 ], [ -2.2618, 5.4781 ], [ -2.2574, 5.4765 ], [ -2.2539, 5.4589 ], [ -2.2598, 5.4495 ], [ -2.2625, 5.4243 ], [ -2.2595, 5.4219 ], [ -2.2656, 5.4187 ], [ -2.2611, 5.4125 ], [ -2.2603, 5.4007 ], [ -2.2511, 5.3941 ], [ -2.2434, 5.3933 ], [ -2.237, 5.3829 ], [ -2.2328, 5.3823 ], [ -2.2403, 5.3727 ], [ -2.2323, 5.3707 ], [ -2.2162, 5.3585 ], [ -2.2073, 5.3361 ], [ -2.2039, 5.3335 ], [ -2.1909, 5.3349 ], [ -2.19, 5.3219 ], [ -2.1865, 5.3195 ], [ -2.1771, 5.3207 ], [ -2.174, 5.3127 ], [ -2.1751, 5.2853 ], [ -2.1724, 5.2763 ], [ -2.1632, 5.2701 ], [ -2.1527, 5.2697 ], [ -2.1496, 5.2639 ], [ -2.15, 5.2523 ], [ -2.1364, 5.2483 ], [ -2.1332, 5.2513 ], [ -2.1281, 5.2691 ], [ -2.1017, 5.3053 ], [ -2.0593, 5.3517 ], [ -2.0598, 5.3603 ], [ -2.0439, 5.3699 ], [ -2.028, 5.3723 ], [ -2.0213, 5.3719 ], [ -2.0069, 5.3603 ], [ -2.0046, 5.3635 ], [ -1.9984, 5.3545 ], [ -1.9812, 5.3417 ], [ -1.9745, 5.3473 ], [ -1.9672, 5.3371 ], [ -1.9557, 5.3499 ], [ -1.9345, 5.3461 ], [ -1.9285, 5.3413 ], [ -1.9298, 5.3331 ], [ -1.924, 5.3263 ], [ -1.9282, 5.3127 ], [ -1.9281, 5.2979 ], [ -1.9406, 5.2841 ], [ -1.9508, 5.2787 ], [ -1.9573, 5.2689 ], [ -1.9614, 5.2505 ], [ -1.9572, 5.2401 ], [ -1.9562, 5.2231 ], [ -1.9515, 5.2191 ], [ -1.9467, 5.2037 ], [ -1.9392, 5.2001 ], [ -1.9294, 5.2091 ], [ -1.9165, 5.2075 ], [ -1.9069, 5.2155 ], [ -1.9046, 5.2267 ], [ -1.9014, 5.2287 ], [ -1.8941, 5.2297 ], [ -1.8882, 5.2253 ], [ -1.8832, 5.2307 ], [ -1.8715, 5.2355 ], [ -1.854, 5.2233 ], [ -1.8252, 5.2461 ], [ -1.7961, 5.2775 ], [ -1.7727, 5.2951 ], [ -1.7584, 5.3103 ], [ -1.7683, 5.3425 ], [ -1.7981, 5.3905 ], [ -1.8161, 5.4317 ], [ -1.8209, 5.4485 ], [ -1.8152, 5.4539 ], [ -1.8146, 5.4673 ], [ -1.8209, 5.4769 ], [ -1.8261, 5.4795 ], [ -1.8118, 5.4991 ], [ -1.8007, 5.5011 ], [ -1.8001, 5.5085 ], [ -1.7837, 5.5321 ], [ -1.7905, 5.5423 ], [ -1.7992, 5.5439 ], [ -1.8055, 5.5381 ], [ -1.8182, 5.5419 ], [ -1.8203, 5.5537 ], [ -1.8163, 5.5625 ], [ -1.8189, 5.5847 ], [ -1.824, 5.5933 ], [ -1.8322, 5.5925 ], [ -1.8181, 5.6747 ] ] ] } },
{ "type": "Feature", "properties": { "iso3": "GHA", "unit_id": "30259293B82368958652983", "unit_name": "Sekondi Takoradi Metropolis" }, "geometry": { "type": "Polygon", "coordinates": [ [ [ -1.7683, 4.8757 ], [ -1.7354, 4.8815 ], [ -1.7331, 4.8877 ], [ -1.7434, 4.8889 ], [ -1.7477, 4.8975 ], [ -1.7412, 4.9169 ], [ -1.7347, 4.9235 ], [ -1.7072, 4.9337 ], [ -1.7074, 4.9453 ], [ -1.7041, 4.9469 ], [ -1.7022, 4.9555 ], [ -1.6717, 4.9687 ], [ -1.6881, 4.9783 ], [ -1.6866, 4.9903 ], [ -1.6935, 4.9909 ], [ -1.7005, 5.0029 ], [ -1.7036, 5.0195 ], [ -1.7151, 5.0263 ], [ -1.718, 5.0375 ], [ -1.7161, 5.0421 ], [ -1.7293, 5.0477 ], [ -1.7401, 5.0345 ], [ -1.7365, 5.0183 ], [ -1.7387, 5.0149 ], [ -1.7433, 5.0173 ], [ -1.739, 5.0017 ], [ -1.7448, 4.9831 ], [ -1.7794, 4.9569 ], [ -1.7764, 4.9503 ], [ -1.7625, 4.9541 ], [ -1.7678, 4.9447 ], [ -1.764, 4.9421 ], [ -1.7531, 4.9429 ], [ -1.7531, 4.9391 ], [ -1.7625, 4.9317 ], [ -1.7599, 4.9291 ], [ -1.7539, 4.9317 ], [ -1.7577, 4.9237 ], [ -1.7506, 4.9179 ], [ -1.7595, 4.9047 ], [ -1.7736, 4.8995 ], [ -1.7797, 4.8841 ], [ -1.7683, 4.8757 ] ] ] } },
{ "type": "Feature", "properties": { "iso3": "GHA", "unit_id": "30259293B2197253605509", "unit_name": "Shama" }, "geometry": { "type": "Polygon", "coordinates": [ [ [ -1.5815, 5.1549 ], [ -1.601, 5.1551 ], [ -1.6193, 5.1435 ], [ -1.6198, 5.1345 ], [ -1.6343, 5.1223 ], [ -1.6306, 5.1179 ], [ -1.6401, 5.1171 ], [ -1.6461, 5.1101 ], [ -1.6491, 5.0963 ], [ -1.6644, 5.1017 ], [ -1.716, 5.1049 ], [ -1.7017, 5.0823 ], [ -1.7055, 5.0609 ], [ -1.6993, 5.0545 ], [ -1.7141, 5.0533 ], [ -1.7133, 5.0455 ], [ -1.718, 5.0375 ], [ -1.7151, 5.0263 ], [ -1.7036, 5.0195 ], [ -1.7005, 5.0029 ], [ -1.6935, 4.9909 ], [ -1.6866, 4.9903 ], [ -1.6881, 4.9783 ], [ -1.6717, 4.9687 ], [ -1.6751, 4.9655 ], [ -1.644, 4.9721 ], [ -1.6352, 4.9813 ], [ -1.6317, 4.9919 ], [ -1.6335, 4.9987 ], [ -1.6206, 5.0215 ], [ -1.6039, 5.0295 ], [ -1.5802, 5.0331 ], [ -1.5815, 5.1549 ] ] ] } },
{ "type": "Feature", "properties": { "iso3": "GHA", "unit_id": "30259293B5484707929558", "unit_name": "Tarkwa Nsuaem" }, "geometry": { "type": "Polygon", "coordinates": [ [ [ -1.9782, 4.9531 ], [ -1.9801, 4.9637 ], [ -1.9873, 4.9761 ], [ -1.9771, 4.9845 ], [ -1.974, 5.0181 ], [ -1.9675, 5.0241 ], [ -1.9589, 5.0231 ], [ -1.952, 5.0263 ], [ -1.95, 5.0365 ], [ -1.9524, 5.0435 ], [ -1.9494, 5.0535 ], [ -1.9538, 5.0645 ], [ -1.9511, 5.0781 ], [ -1.9526, 5.0947 ], [ -1.949, 5.1009 ], [ -1.9496, 5.1169 ], [ -1.9355, 5.1487 ], [ -1.937, 5.1541 ], [ -1.9234, 5.1615 ], [ -1.8949, 5.1581 ], [ -1.8843, 5.1447 ], [ -1.868, 5.1725 ], [ -1.8491, 5.1967 ], [ -1.854, 5.2233 ], [ -1.8715, 5.2355 ], [ -1.8832, 5.2307 ], [ -1.8882, 5.2253 ], [ -1.8941, 5.2297 ], [ -1.9014, 5.2287 ], [ -1.9046, 5.2267 ], [ -1.9069, 5.2155 ], [ -1.9165, 5.2075 ], [ -1.9294, 5.2091 ], [ -1.9392, 5.2001 ], [ -1.9467, 5.2037 ], [ -1.9515, 5.2191 ], [ -1.9562, 5.2231 ], [ -1.9572, 5.2401 ], [ -1.9614, 5.2505 ], [ -1.9573, 5.2689 ], [ -1.9508, 5.2787 ], [ -1.9406, 5.2841 ], [ -1.9281, 5.2979 ], [ -1.9282, 5.3127 ], [ -1.924, 5.3263 ], [ -1.9298, 5.3331 ], [ -1.9285, 5.3413 ], [ -1.9345, 5.3461 ], [ -1.9557, 5.3499 ], [ -1.9672, 5.3371 ], [ -1.9745, 5.3473 ], [ -1.9812, 5.3417 ], [ -1.9984, 5.3545 ], [ -2.0046, 5.3635 ], [ -2.0069, 5.3603 ], [ -2.0213, 5.3719 ], [ -2.028, 5.3723 ], [ -2.0439, 5.3699 ], [ -2.0598, 5.3603 ], [ -2.0593, 5.3517 ], [ -2.1017, 5.3053 ], [ -2.1281, 5.2691 ], [ -2.1364, 5.2449 ], [ -2.1273, 5.2477 ], [ -2.124, 5.2453 ], [ -2.1177, 5.2199 ], [ -2.1085, 5.2135 ], [ -2.1063, 5.2069 ], [ -2.1186, 5.1981 ], [ -2.1249, 5.1873 ], [ -2.1363, 5.1819 ], [ -2.1328, 5.1625 ], [ -2.125, 5.1439 ], [ -2.1446, 5.1139 ], [ -2.1538, 5.0859 ], [ -2.1367, 5.0855 ], [ -2.1294, 5.0761 ], [ -2.1276, 5.0665 ], [ -2.1217, 5.0679 ], [ -2.1147, 5.0777 ], [ -2.1079, 5.0797 ], [ -2.0988, 5.0695 ], [ -2.097, 5.0569 ], [ -2.0886, 5.0429 ], [ -2.1051, 5.0227 ], [ -2.0994, 5.0183 ], [ -2.093, 5.0061 ], [ -2.091, 4.9725 ], [ -2.0868, 4.9583 ], [ -2.081, 4.9543 ], [ -2.0763, 4.9289 ], [ -2.0634, 4.9089 ], [ -2.049, 4.9085 ], [ -2.0438, 4.9161 ], [ -2.0268, 4.9189 ], [ -2.0151, 4.9141 ], [ -2.0105, 4.9027 ], [ -1.9858, 4.9045 ], [ -1.9842, 4.9127 ], [ -1.9868, 4.9201 ], [ -1.9941, 4.9243 ], [ -1.9931, 4.9335 ], [ -1.9782, 4.9531 ] ] ] } },
{ "type": "Feature", "properties": { "iso3": "GHA", "unit_id": "30259293B6436867046310", "unit_name": "Wassa Amenfi Central" }, "geometry": { "type": "Polygon", "coordinates": [ [ [ -2.3346, 5.3487 ], [ -2.3156, 5.3471 ], [ -2.3057, 5.3403 ], [ -2.2967, 5.3479 ], [ -2.2901, 5.3445 ], [ -2.2885, 5.3505 ], [ -2.2828, 5.3467 ], [ -2.2766, 5.3487 ], [ -2.2768, 5.3555 ], [ -2.2608, 5.3465 ], [ -2.2613, 5.3357 ], [ -2.2553, 5.3375 ], [ -2.2489, 5.3295 ], [ -2.2111, 5.3275 ], [ -2.2039, 5.3335 ], [ -2.2118, 5.3441 ], [ -2.2162, 5.3585 ], [ -2.2323, 5.3707 ], [ -2.2403, 5.3727 ], [ -2.2328, 5.3823 ], [ -2.237, 5.3829 ], [ -2.2434, 5.3933 ], [ -2.2511, 5.3941 ], [ -2.2603, 5.4007 ], [ -2.2611, 5.4125 ], [ -2.2656, 5.4187 ], [ -2.2595, 5.4219 ], [ -2.2625, 5.4243 ], [ -2.2598, 5.4495 ], [ -2.2539, 5.4589 ], [ -2.2574, 5.4765 ], [ -2.2618, 5.4781 ], [ -2.2506, 5.4981 ], [ -2.2498, 5.5063 ], [ -2.2552, 5.5221 ], [ -2.2464, 5.5225 ], [ -2.2461, 5.5475 ], [ -2.2301, 5.5639 ], [ -2.2042, 5.5697 ], [ -2.1922, 5.5641 ], [ -2.1899, 5.5601 ], [ -2.1811, 5.5595 ], [ -2.1787, 5.5543 ], [ -2.1682, 5.5479 ], [ -2.1602, 5.5549 ], [ -2.1585, 5.5583 ], [ -2.163, 5.5663 ], [ -2.1712, 5.5659 ], [ -2.1737, 5.5691 ], [ -2.1726, 5.5731 ], [ -2.1671, 5.5729 ], [ -2.1722, 5.5895 ], [ -2.1681, 5.5995 ], [ -2.1711, 5.6005 ], [ -2.1711, 5.6045 ], [ -2.1641, 5.6139 ], [ -2.1591, 5.6149 ], [ -2.1584, 5.6191 ], [ -2.1646, 5.6259 ], [ -2.1634, 5.6385 ], [ -2.1599, 5.6411 ], [ -2.164, 5.6557 ], [ -2.1567, 5.6571 ], [ -2.1572, 5.6641 ], [ -2.1465, 5.6693 ], [ -2.1433, 5.6765 ], [ -2.143, 5.6929 ], [ -2.1493, 5.7067 ], [ -2.1353, 5.7303 ], [ -2.1404, 5.7341 ], [ -2.1358, 5.7409 ], [ -2.136, 5.7507 ], [ -2.1462, 5.7569 ], [ -2.1478, 5.7613 ], [ -2.1549, 5.7603 ], [ -2.1576, 5.7679 ], [ -2.1557, 5.7715 ], [ -2.1618, 5.7737 ], [ -2.1711, 5.7931 ], [ -2.1642, 5.8019 ], [ -2.1499, 5.8051 ], [ -2.1491, 5.8099 ], [ -2.1563, 5.8139 ], [ -2.167, 5.8351 ], [ -2.1648, 5.8371 ], [ -2.1674, 5.8517 ], [ -2.1646, 5.8541 ], [ -2.1649, 5.8621 ], [ -2.161, 5.8655 ], [ -2.169, 5.8849 ], [ -2.1635, 5.8917 ], [ -2.1666, 5.8961 ], [ -2.1653, 5.9041 ], [ -2.1614, 5.9059 ], [ -2.1632, 5.9197 ], [ -2.161, 5.9315 ], [ -2.1646, 5.9319 ], [ -2.165, 5.9357 ], [ -2.1623, 5.9595 ], [ -2.1589, 5.9605 ], [ -2.1639, 5.9767 ], [ -2.1818, 5.9957 ], [ -2.1795, 5.9993 ], [ -2.1834, 6.0055 ], [ -2.19, 6.0095 ], [ -2.1883, 6.0181 ], [ -2.1986, 6.0459 ], [ -2.1985, 6.0647 ], [ -2.1942, 6.0705 ], [ -2.1993, 6.0937 ], [ -2.2065, 6.1125 ], [ -2.2141, 6.1199 ], [ -2.2094, 6.1263 ], [ -2.2147, 6.1419 ], [ -2.2287, 6.1497 ], [ -2.2544, 6.1369 ], [ -2.2568, 6.1209 ], [ -2.2693, 6.1213 ], [ -2.2846, 6.1021 ], [ -2.2885, 6.1039 ], [ -2.3163, 6.0961 ], [ -2.3272, 6.1013 ], [ -2.3536, 6.1053 ], [ -2.3706, 6.0967 ], [ -2.372, 6.0851 ], [ -2.3754, 6.0831 ], [ -2.3741, 6.0643 ], [ -2.3775, 6.0623 ], [ -2.3802, 6.0439 ], [ -2.3931, 6.0309 ], [ -2.4045, 6.0325 ], [ -2.4123, 6.0273 ], [ -2.4159, 6.0093 ], [ -2.4199, 6.0075 ], [ -2.4217, 6.0005 ], [ -2.4306, 5.9911 ], [ -2.3075, 5.8721 ], [ -2.3183, 5.8609 ], [ -2.3161, 5.7943 ], [ -2.3611, 5.7753 ], [ -2.3808, 5.7571 ], [ -2.3814, 5.7449 ], [ -2.3886, 5.7241 ], [ -2.3773, 5.6671 ], [ -2.4253, 5.6417 ], [ -2.4432, 5.5849 ], [ -2.4494, 5.5361 ], [ -2.4568, 5.5159 ], [ -2.4509, 5.5053 ], [ -2.3679, 5.4617 ], [ -2.3709, 5.4591 ], [ -2.3776, 5.4603 ], [ -2.3859, 5.4543 ], [ -2.3892, 5.4365 ], [ -2.386, 5.4207 ], [ -2.3778, 5.4069 ], [ -2.3801, 5.4027 ], [ -2.3765, 5.3937 ], [ -2.3773, 5.3861 ], [ -2.3693, 5.3785 ], [ -2.3578, 5.3759 ], [ -2.35, 5.3653 ], [ -2.3449, 5.3643 ], [ -2.3346, 5.3487 ] ] ] } },
{ "type": "Feature", "properties": { "iso3": "GHA", "unit_id": "30259293B54813749575148", "unit_name": "Wassa Amenfi East" }, "geometry": { "type": "Polygon", "coordinates": [ [ [ -1.8095, 5.6781 ], [ -1.7921, 5.6953 ], [ -1.791, 5.7099 ], [ -1.7852, 5.7209 ], [ -1.7846, 5.7297 ], [ -1.7865, 5.7327 ], [ -1.7906, 5.7323 ], [ -1.8165, 5.7261 ], [ -1.8135, 5.7357 ], [ -1.8009, 5.7445 ], [ -1.8014, 5.7513 ], [ -1.8111, 5.7595 ], [ -1.8505, 5.7673 ], [ -1.8402, 5.7815 ], [ -1.8297, 5.7857 ], [ -1.8303, 5.7923 ], [ -1.8341, 5.7941 ], [ -1.8359, 5.7909 ], [ -1.8432, 5.8049 ], [ -1.8397, 5.8061 ], [ -1.8319, 5.8219 ], [ -1.8227, 5.8539 ], [ -1.8147, 5.8685 ], [ -1.8156, 5.8903 ], [ -1.8256, 5.8993 ], [ -1.8366, 5.8955 ], [ -1.841, 5.9011 ], [ -1.8538, 5.8951 ], [ -1.8559, 5.8891 ], [ -1.8703, 5.8843 ], [ -1.8882, 5.8991 ], [ -1.8879, 5.9079 ], [ -1.8914, 5.9145 ], [ -1.9031, 5.9175 ], [ -1.9119, 5.9327 ], [ -1.9094, 5.9361 ], [ -1.9281, 5.9427 ], [ -1.9392, 5.9559 ], [ -1.9392, 5.9697 ], [ -1.9453, 5.9835 ], [ -1.9531, 5.9841 ], [ -1.9685, 6.0011 ], [ -1.9842, 6.0107 ], [ -1.9853, 6.0165 ], [ -1.9922, 6.0217 ], [ -2.0182, 6.0277 ], [ -2.0266, 6.0417 ], [ -2.051, 6.0509 ], [ -2.0476, 6.0593 ], [ -2.0587, 6.0715 ], [ -2.1314, 6.0923 ], [ -2.14, 6.0917 ], [ -2.1422, 6.1005 ], [ -2.1535, 6.1055 ], [ -2.1655, 6.1215 ], [ -2.1717, 6.1235 ], [ -2.1785, 6.1199 ], [ -2.1818, 6.1229 ], [ -2.1896, 6.1471 ], [ -2.2147, 6.1419 ], [ -2.2094, 6.1263 ], [ -2.2141, 6.1199 ], [ -2.2065, 6.1125 ], [ -2.1946, 6.0743 ], [ -2.1985, 6.0647 ], [ -2.1986, 6.0459 ], [ -2.1883, 6.0181 ], [ -2.19, 6.0095 ], [ -2.1834, 6.0055 ], [ -2.1795, 5.9993 ], [ -2.1818, 5.9957 ], [ -2.1639, 5.9767 ], [ -2.1589, 5.9605 ], [ -2.1623, 5.9595 ], [ -2.165, 5.9357 ], [ -2.1646, 5.9319 ], [ -2.161, 5.9315 ], [ -2.1632, 5.9197 ], [ -2.1614, 5.9059 ], [ -2.1653, 5.9041 ], [ -2.1666, 5.8961 ], [ -2.1635, 5.8917 ], [ -2.169, 5.8849 ], [ -2.161, 5.8655 ], [ -2.1649, 5.8621 ], [ -2.1646, 5.8541 ], [ -2.1674, 5.8517 ], [ -2.1648, 5.8371 ], [ -2.167, 5.8351 ], [ -2.1563, 5.8139 ], [ -2.1491, 5.8099 ], [ -2.1499, 5.8051 ], [ -2.1642, 5.8019 ], [ -2.1711, 5.7931 ], [ -2.1618, 5.7737 ], [ -2.1557, 5.7715 ], [ -2.1576, 5.7679 ], [ -2.1549, 5.7603 ], [ -2.1478, 5.7613 ], [ -2.1462, 5.7569 ], [ -2.136, 5.7507 ], [ -2.1358, 5.7409 ], [ -2.1404, 5.7341 ], [ -2.1353, 5.7303 ], [ -2.1359, 5.7265 ], [ -2.1493, 5.7067 ], [ -2.143, 5.6929 ], [ -2.1433, 5.6765 ], [ -2.1465, 5.6693 ], [ -2.1572, 5.6641 ], [ -2.1567, 5.6571 ], [ -2.164, 5.6557 ], [ -2.1599, 5.6411 ], [ -2.1634, 5.6385 ], [ -2.1646, 5.6259 ], [ -2.1584, 5.6191 ], [ -2.152, 5.6261 ], [ -2.1295, 5.6183 ], [ -2.099, 5.6163 ], [ -2.0938, 5.6093 ], [ -2.0841, 5.6193 ], [ -2.0729, 5.6191 ], [ -2.067, 5.6169 ], [ -2.0604, 5.6069 ], [ -2.0533, 5.6251 ], [ -2.0428, 5.6339 ], [ -2.033, 5.6347 ], [ -2.0272, 5.6305 ], [ -2.0257, 5.6221 ], [ -2.0219, 5.6323 ], [ -2.0161, 5.6365 ], [ -2.0027, 5.6299 ], [ -1.9869, 5.6343 ], [ -1.9823, 5.6277 ], [ -1.9757, 5.6259 ], [ -1.9724, 5.6281 ], [ -1.9661, 5.6245 ], [ -1.9641, 5.6287 ], [ -1.9475, 5.6315 ], [ -1.9422, 5.6401 ], [ -1.9425, 5.6485 ], [ -1.9311, 5.6523 ], [ -1.9236, 5.6625 ], [ -1.9165, 5.6615 ], [ -1.9066, 5.6709 ], [ -1.8931, 5.6647 ], [ -1.8554, 5.6917 ], [ -1.8378, 5.6925 ], [ -1.831, 5.6859 ], [ -1.8266, 5.6747 ], [ -1.8205, 5.6729 ], [ -1.8095, 5.6781 ] ] ] } },
{ "type": "Feature", "properties": { "iso3": "GHA", "unit_id": "30259293B63934262212547", "unit_name": "Wassa Amenfi West" }, "geometry": { "type": "Polygon", "coordinates": [ [ [ -2.3693, 5.3785 ], [ -2.3773, 5.3861 ], [ -2.3765, 5.3937 ], [ -2.3801, 5.4027 ], [ -2.3778, 5.4069 ], [ -2.386, 5.4207 ], [ -2.3892, 5.4365 ], [ -2.3859, 5.4543 ], [ -2.3776, 5.4603 ], [ -2.3709, 5.4591 ], [ -2.3679, 5.4617 ], [ -2.4509, 5.5053 ], [ -2.4568, 5.5159 ], [ -2.4494, 5.5361 ], [ -2.4432, 5.5849 ], [ -2.4253, 5.6417 ], [ -2.3773, 5.6671 ], [ -2.3886, 5.7241 ], [ -2.3814, 5.7449 ], [ -2.3808, 5.7571 ], [ -2.3611, 5.7753 ], [ -2.3161, 5.7943 ], [ -2.3183, 5.8609 ], [ -2.3075, 5.8721 ], [ -2.4306, 5.9911 ], [ -2.4217, 6.0005 ], [ -2.4199, 6.0075 ], [ -2.4159, 6.0093 ], [ -2.4123, 6.0273 ], [ -2.4045, 6.0325 ], [ -2.3931, 6.0309 ], [ -2.3802, 6.0439 ], [ -2.3731, 6.0721 ], [ -2.3754, 6.0831 ], [ -2.3922, 6.0851 ], [ -2.4002, 6.0895 ], [ -2.4118, 6.0883 ], [ -2.4339, 6.1073 ], [ -2.4329, 6.1153 ], [ -2.4395, 6.1197 ], [ -2.445, 6.1163 ], [ -2.4503, 6.1011 ], [ -2.4607, 6.1097 ], [ -2.4742, 6.1081 ], [ -2.4825, 6.0965 ], [ -2.4979, 6.0915 ], [ -2.5072, 6.0825 ], [ -2.5057, 6.0723 ], [ -2.4901, 6.0657 ], [ -2.4993, 6.0581 ], [ -2.4993, 6.0535 ], [ -2.5031, 6.0539 ], [ -2.537, 6.0035 ], [ -2.5486, 5.9937 ], [ -2.5492, 5.9885 ], [ -2.557, 5.9843 ], [ -2.5595, 5.9785 ], [ -2.5494, 5.9805 ], [ -2.538, 5.9773 ], [ -2.5347, 5.9653 ], [ -2.5308, 5.9691 ], [ -2.5153, 5.9657 ], [ -2.5165, 5.9545 ], [ -2.5076, 5.9501 ], [ -2.5106, 5.9463 ], [ -2.5042, 5.9375 ], [ -2.502, 5.9265 ], [ -2.5057, 5.9233 ], [ -2.4972, 5.9173 ], [ -2.4978, 5.9145 ], [ -2.5087, 5.9145 ], [ -2.5094, 5.8985 ], [ -2.4981, 5.8951 ], [ -2.4988, 5.8875 ], [ -2.4871, 5.8699 ], [ -2.4961, 5.8671 ], [ -2.4998, 5.8731 ], [ -2.5057, 5.8681 ], [ -2.5035, 5.8637 ], [ -2.5121, 5.8655 ], [ -2.5182, 5.8523 ], [ -2.5201, 5.8347 ], [ -2.5131, 5.8349 ], [ -2.5127, 5.8305 ], [ -2.5171, 5.8291 ], [ -2.5177, 5.8249 ], [ -2.5097, 5.8235 ], [ -2.506, 5.8271 ], [ -2.497, 5.8231 ], [ -2.486, 5.8257 ], [ -2.4876, 5.8123 ], [ -2.4827, 5.8021 ], [ -2.4912, 5.7997 ], [ -2.4948, 5.8013 ], [ -2.4978, 5.8095 ], [ -2.5024, 5.8091 ], [ -2.5019, 5.8021 ], [ -2.4955, 5.7965 ], [ -2.5025, 5.7947 ], [ -2.4973, 5.7879 ], [ -2.5082, 5.7779 ], [ -2.5285, 5.7853 ], [ -2.5241, 5.7945 ], [ -2.5343, 5.7949 ], [ -2.536, 5.7975 ], [ -2.5565, 5.7943 ], [ -2.5684, 5.8109 ], [ -2.5746, 5.8071 ], [ -2.5819, 5.8079 ], [ -2.5802, 5.7943 ], [ -2.5725, 5.7919 ], [ -2.5785, 5.7851 ], [ -2.5711, 5.7701 ], [ -2.5772, 5.7613 ], [ -2.5934, 5.7545 ], [ -2.5926, 5.7517 ], [ -2.5956, 5.7519 ], [ -2.607, 5.7361 ], [ -2.5938, 5.7339 ], [ -2.5933, 5.7421 ], [ -2.5893, 5.7421 ], [ -2.5755, 5.7349 ], [ -2.566, 5.7241 ], [ -2.5695, 5.7187 ], [ -2.5689, 5.7113 ], [ -2.5584, 5.7079 ], [ -2.5571, 5.7045 ], [ -2.5599, 5.7021 ], [ -2.551, 5.6897 ], [ -2.5576, 5.6851 ], [ -2.5711, 5.6901 ], [ -2.5741, 5.6861 ], [ -2.5735, 5.6783 ], [ -2.5652, 5.6813 ], [ -2.5639, 5.6781 ], [ -2.5653, 5.6749 ], [ -2.575, 5.6725 ], [ -2.5736, 5.6653 ], [ -2.5797, 5.6651 ], [ -2.5805, 5.6613 ], [ -2.5772, 5.6581 ], [ -2.5591, 5.6609 ], [ -2.5531, 5.6467 ], [ -2.5591, 5.6419 ], [ -2.5734, 5.6481 ], [ -2.5755, 5.6257 ], [ -2.5797, 5.6271 ], [ -2.5816, 5.6245 ], [ -2.5714, 5.6137 ], [ -2.5656, 5.5969 ], [ -2.5716, 5.5909 ], [ -2.5692, 5.5871 ], [ -2.5616, 5.5877 ], [ -2.5589, 5.5817 ], [ -2.5613, 5.5801 ], [ -2.565, 5.5827 ], [ -2.5669, 5.5803 ], [ -2.5691, 5.5591 ], [ -2.5765, 5.5617 ], [ -2.5693, 5.5517 ], [ -2.5722, 5.5429 ], [ -2.5767, 5.5425 ], [ -2.5805, 5.5487 ], [ -2.5921, 5.5455 ], [ -2.5982, 5.5339 ], [ -2.596, 5.5255 ], [ -2.6043, 5.5261 ], [ -2.5985, 5.5127 ], [ -2.5906, 5.5185 ], [ -2.5821, 5.5177 ], [ -2.5788, 5.5137 ], [ -2.5842, 5.5005 ], [ -2.58, 5.4861 ], [ -2.5974, 5.4861 ], [ -2.601, 5.4785 ], [ -2.6002, 5.4713 ], [ -2.5949, 5.4675 ], [ -2.5911, 5.4695 ], [ -2.5906, 5.4649 ], [ -2.6041, 5.4655 ], [ -2.6013, 5.4541 ], [ -2.6035, 5.4503 ], [ -2.6104, 5.4487 ], [ -2.6104, 5.4315 ], [ -2.6178, 5.4255 ], [ -2.6184, 5.4121 ], [ -2.6134, 5.4115 ], [ -2.612, 5.4165 ], [ -2.607, 5.4129 ], [ -2.5994, 5.4153 ], [ -2.5876, 5.3791 ], [ -2.5324, 5.3751 ], [ -2.5284, 5.3719 ], [ -2.5206, 5.3721 ], [ -2.5158, 5.3765 ], [ -2.5093, 5.3749 ], [ -2.5085, 5.3717 ], [ -2.5042, 5.3723 ], [ -2.4948, 5.3755 ], [ -2.4993, 5.3783 ], [ -2.4947, 5.3845 ], [ -2.4954, 5.3925 ], [ -2.49, 5.3997 ], [ -2.4788, 5.4003 ], [ -2.4405, 5.3797 ], [ -2.4315, 5.3815 ], [ -2.417, 5.3763 ], [ -2.4089, 5.3789 ], [ -2.3693, 5.3785 ] ] ] } },
{ "type": "Feature", "properties": { "iso3": "GHA", "unit_id": "30259293B34000467218862", "unit_name": "Wassa East" }, "geometry": { "type": "Polygon", "coordinates": [ [ [ -1.4468, 5.2103 ], [ -1.4478, 5.2475 ], [ -1.4441, 5.2679 ], [ -1.4355, 5.2675 ], [ -1.4276, 5.2891 ], [ -1.3998, 5.2981 ], [ -1.4076, 5.3121 ], [ -1.4375, 5.3383 ], [ -1.4535, 5.3451 ], [ -1.4621, 5.3819 ], [ -1.474, 5.3779 ], [ -1.4793, 5.3899 ], [ -1.4893, 5.3993 ], [ -1.5053, 5.4001 ], [ -1.5134, 5.3927 ], [ -1.5261, 5.4027 ], [ -1.5483, 5.4073 ], [ -1.5623, 5.4149 ], [ -1.596, 5.4111 ], [ -1.601, 5.4127 ], [ -1.6078, 5.4221 ], [ -1.6197, 5.4255 ], [ -1.6259, 5.4205 ], [ -1.6281, 5.4231 ], [ -1.6239, 5.4383 ], [ -1.6017, 5.4519 ], [ -1.6126, 5.4673 ], [ -1.6168, 5.5031 ], [ -1.6154, 5.5195 ], [ -1.6067, 5.5319 ], [ -1.5944, 5.5299 ], [ -1.5917, 5.5489 ], [ -1.5923, 5.5625 ], [ -1.6059, 5.5667 ], [ -1.624, 5.6021 ], [ -1.6432, 5.6169 ], [ -1.6565, 5.6181 ], [ -1.6759, 5.6099 ], [ -1.6785, 5.6347 ], [ -1.6849, 5.6415 ], [ -1.6933, 5.6411 ], [ -1.7387, 5.6241 ], [ -1.7483, 5.6263 ], [ -1.7621, 5.6217 ], [ -1.824, 5.5933 ], [ -1.8169, 5.5759 ], [ -1.8163, 5.5625 ], [ -1.8205, 5.5495 ], [ -1.8182, 5.5419 ], [ -1.8055, 5.5381 ], [ -1.7992, 5.5439 ], [ -1.7905, 5.5423 ], [ -1.7837, 5.5321 ], [ -1.8001, 5.5085 ], [ -1.8007, 5.5011 ], [ -1.8118, 5.4991 ], [ -1.8261, 5.4795 ], [ -1.8209, 5.4769 ], [ -1.8146, 5.4673 ], [ -1.8152, 5.4539 ], [ -1.8209, 5.4485 ], [ -1.7981, 5.3905 ], [ -1.7683, 5.3425 ], [ -1.7584, 5.3103 ], [ -1.7727, 5.2951 ], [ -1.7961, 5.2775 ], [ -1.8252, 5.2461 ], [ -1.854, 5.2233 ], [ -1.8491, 5.1967 ], [ -1.8547, 5.1901 ], [ -1.8447, 5.1875 ], [ -1.8025, 5.1647 ], [ -1.7891, 5.1363 ], [ -1.7775, 5.1305 ], [ -1.7708, 5.1287 ], [ -1.744, 5.1365 ], [ -1.7169, 5.1175 ], [ -1.6867, 5.1151 ], [ -1.6818, 5.1079 ], [ -1.6852, 5.1023 ], [ -1.6644, 5.1017 ], [ -1.6527, 5.0957 ], [ -1.6491, 5.0963 ], [ -1.6461, 5.1101 ], [ -1.6401, 5.1171 ], [ -1.6306, 5.1179 ], [ -1.6343, 5.1223 ], [ -1.6198, 5.1345 ], [ -1.6193, 5.1435 ], [ -1.6074, 5.1523 ], [ -1.5381, 5.1639 ], [ -1.5344, 5.1725 ], [ -1.5266, 5.1703 ], [ -1.523, 5.1825 ], [ -1.5245, 5.1935 ], [ -1.5197, 5.2025 ], [ -1.5084, 5.2071 ], [ -1.4468, 5.2103 ] ] ] } },
{ "type": "Feature", "properties": { "iso3": "GHA", "unit_id": "30259293B112476114747", "unit_name": "Aowin" }, "geometry": { "type": "Polygon", "coordinates": [ [ [ -2.6184, 5.4121 ], [ -2.6178, 5.4255 ], [ -2.6104, 5.4315 ], [ -2.6104, 5.4487 ], [ -2.6035, 5.4503 ], [ -2.6013, 5.4541 ], [ -2.6041, 5.4655 ], [ -2.5906, 5.4649 ], [ -2.5911, 5.4695 ], [ -2.5949, 5.4675 ], [ -2.6002, 5.4713 ], [ -2.601, 5.4785 ], [ -2.5974, 5.4861 ], [ -2.58, 5.4861 ], [ -2.5842, 5.5005 ], [ -2.5788, 5.5137 ], [ -2.5821, 5.5177 ], [ -2.5906, 5.5185 ], [ -2.5985, 5.5127 ], [ -2.6043, 5.5261 ], [ -2.596, 5.5255 ], [ -2.5982, 5.5339 ], [ -2.5921, 5.5455 ], [ -2.5805, 5.5487 ], [ -2.5767, 5.5425 ], [ -2.5722, 5.5429 ], [ -2.5693, 5.5517 ], [ -2.5765, 5.5617 ], [ -2.5691, 5.5591 ], [ -2.5669, 5.5803 ], [ -2.565, 5.5827 ], [ -2.5613, 5.5801 ], [ -2.5589, 5.5817 ], [ -2.5616, 5.5877 ], [ -2.5692, 5.5871 ], [ -2.5716, 5.5909 ], [ -2.5656, 5.5969 ], [ -2.5714, 5.6137 ], [ -2.5816, 5.6245 ], [ -2.5797, 5.6271 ], [ -2.5755, 5.6257 ], [ -2.5734, 5.6481 ], [ -2.5591, 5.6419 ], [ -2.5531, 5.6467 ], [ -2.5591, 5.6609 ], [ -2.5772, 5.6581 ], [ -2.5805, 5.6613 ], [ -2.5797, 5.6651 ], [ -2.5736, 5.6653 ], [ -2.575, 5.6725 ], [ -2.5653, 5.6749 ], [ -2.5639, 5.6781 ], [ -2.5652, 5.6813 ], [ -2.5735, 5.6783 ], [ -2.5741, 5.6861 ], [ -2.5711, 5.6901 ], [ -2.5576, 5.6851 ], [ -2.551, 5.6897 ], [ -2.5599, 5.7021 ], [ -2.5571, 5.7045 ], [ -2.5584, 5.7079 ], [ -2.5689, 5.7113 ], [ -2.5695, 5.7187 ], [ -2.566, 5.7241 ], [ -2.5755, 5.7349 ], [ -2.5893, 5.7421 ], [ -2.5933, 5.7421 ], [ -2.5938, 5.7339 ], [ -2.607, 5.7361 ], [ -2.5956, 5.7519 ], [ -2.5926, 5.7517 ], [ -2.5934, 5.7545 ], [ -2.5772, 5.7613 ], [ -2.5711, 5.7701 ], [ -2.5785, 5.7851 ], [ -2.5725, 5.7919 ], [ -2.5802, 5.7943 ], [ -2.5819, 5.8079 ], [ -2.5746, 5.8071 ], [ -2.5684, 5.8109 ], [ -2.5565, 5.7943 ], [ -2.536, 5.7975 ], [ -2.5343, 5.7949 ], [ -2.5241, 5.7945 ], [ -2.5285, 5.7853 ], [ -2.5082, 5.7779 ], [ -2.4973, 5.7879 ], [ -2.5025, 5.7947 ], [ -2.4955, 5.7965 ], [ -2.5019, 5.8021 ], [ -2.5024, 5.8091 ], [ -2.4978, 5.8095 ], [ -2.4948, 5.8013 ], [ -2.4912, 5.7997 ], [ -2.4827, 5.8021 ], [ -2.4876, 5.8123 ], [ -2.486, 5.8257 ], [ -2.497, 5.8231 ], [ -2.506, 5.8271 ], [ -2.5097, 5.8235 ], [ -2.5177, 5.8249 ], [ -2.5171, 5.8291 ], [ -2.5127, 5.8305 ], [ -2.5131, 5.8349 ], [ -2.5201, 5.8347 ], [ -2.5182, 5.8523 ], [ -2.5121, 5.8655 ], [ -2.5035, 5.8637 ], [ -2.5057, 5.8681 ], [ -2.4998, 5.8731 ], [ -2.4961, 5.8671 ], [ -2.4871, 5.8699 ], [ -2.4988, 5.8875 ], [ -2.4981, 5.8951 ], [ -2.5094, 5.8985 ], [ -2.5087, 5.9145 ], [ -2.4978, 5.9145 ], [ -2.4972, 5.9173 ], [ -2.5057, 5.9233 ], [ -2.502, 5.9265 ], [ -2.5042, 5.9375 ], [ -2.5106, 5.9463 ], [ -2.5076, 5.9501 ], [ -2.5165, 5.9545 ], [ -2.5153, 5.9657 ], [ -2.5308, 5.9691 ], [ -2.5347, 5.9653 ], [ -2.538, 5.9773 ], [ -2.5494, 5.9805 ], [ -2.5595, 5.9785 ], [ -2.5686, 5.9717 ], [ -2.5853, 5.9747 ], [ -2.5923, 5.9675 ], [ -2.5987, 5.9703 ], [ -2.6102, 5.9621 ], [ -2.6167, 5.9637 ], [ -2.6228, 5.9699 ], [ -2.6322, 5.9691 ], [ -2.6457, 5.9603 ], [ -2.6552, 5.9637 ], [ -2.6595, 5.9619 ], [ -2.6773, 5.9381 ], [ -2.6817, 5.9417 ], [ -2.6834, 5.9487 ], [ -2.6795, 5.9623 ], [ -2.668, 5.9753 ], [ -2.6714, 5.9771 ], [ -2.7232, 5.9891 ], [ -2.7498, 5.9637 ], [ -2.8756, 5.9747 ], [ -2.8863, 5.9851 ], [ -2.8877, 5.9983 ], [ -2.8976, 6.0053 ], [ -2.9049, 6.0059 ], [ -2.9091, 6.0189 ], [ -2.9084, 6.0407 ], [ -2.9328, 6.0391 ], [ -2.9426, 6.0351 ], [ -2.9521, 6.0457 ], [ -3.0024, 6.0107 ], [ -3.0476, 5.9957 ], [ -3.0728, 5.9825 ], [ -3.0205, 5.8571 ], [ -3.0261, 5.7097 ], [ -2.9527, 5.7161 ], [ -2.9533, 5.6739 ], [ -2.961, 5.6697 ], [ -2.9667, 5.6407 ], [ -2.9596, 5.6367 ], [ -2.9475, 5.6367 ], [ -2.9345, 5.6199 ], [ -2.9244, 5.6213 ], [ -2.9207, 5.6281 ], [ -2.8999, 5.6293 ], [ -2.8839, 5.6361 ], [ -2.883, 5.6395 ], [ -2.8785, 5.6395 ], [ -2.8587, 5.6563 ], [ -2.8554, 5.6489 ], [ -2.8364, 5.6395 ], [ -2.8221, 5.6267 ], [ -2.8131, 5.6281 ], [ -2.804, 5.6175 ], [ -2.7932, 5.6237 ], [ -2.7931, 5.6269 ], [ -2.7865, 5.6235 ], [ -2.7844, 5.6149 ], [ -2.7758, 5.6143 ], [ -2.7783, 5.6067 ], [ -2.7754, 5.6037 ], [ -2.7631, 5.6001 ], [ -2.7683, 5.5545 ], [ -2.7478, 5.4379 ], [ -2.7242, 5.3879 ], [ -2.7242, 5.3575 ], [ -2.7199, 5.3465 ], [ -2.7147, 5.3493 ], [ -2.7051, 5.3477 ], [ -2.6985, 5.3427 ], [ -2.6922, 5.3483 ], [ -2.6872, 5.3485 ], [ -2.6801, 5.3537 ], [ -2.6711, 5.3679 ], [ -2.6607, 5.3719 ], [ -2.6407, 5.3877 ], [ -2.6309, 5.4023 ], [ -2.6271, 5.4021 ], [ -2.6184, 5.4121 ] ] ] } },
{ "type": "Feature", "properties": { "iso3": "GHA", "unit_id": "30259293B14562546307460", "unit_name": "Bia East" }, "geometry": { "type": "Polygon", "coordinates": [ [ [ -2.866, 6.8515 ], [ -2.8719, 6.8543 ], [ -2.8861, 6.8791 ], [ -2.8951, 6.8867 ], [ -2.8972, 6.8939 ], [ -2.9208, 6.9255 ], [ -2.9376, 6.9405 ], [ -2.969, 6.9371 ], [ -2.9846, 6.9463 ], [ -2.9892, 6.9461 ], [ -2.9948, 6.9413 ], [ -3.0083, 6.9385 ], [ -3.0165, 6.9317 ], [ -3.0326, 6.9275 ], [ -3.0463, 6.9385 ], [ -3.0638, 6.9397 ], [ -3.0719, 6.9433 ], [ -3.075, 6.9707 ], [ -3.0902, 6.9793 ], [ -3.1003, 6.9949 ], [ -3.1166, 7.0059 ], [ -3.1421, 6.9635 ], [ -3.1435, 6.9567 ], [ -3.2271, 6.8243 ], [ -3.1973, 6.8239 ], [ -3.1743, 6.8189 ], [ -3.1632, 6.8145 ], [ -3.1577, 6.7981 ], [ -3.1518, 6.7973 ], [ -3.1467, 6.8021 ], [ -3.1333, 6.8059 ], [ -3.1189, 6.8057 ], [ -3.0936, 6.7989 ], [ -3.0818, 6.7777 ], [ -3.0662, 6.7687 ], [ -3.0485, 6.7681 ], [ -3.0149, 6.7605 ], [ -2.9955, 6.7623 ], [ -2.9482, 6.7479 ], [ -2.9435, 6.7437 ], [ -2.9474, 6.6867 ], [ -2.9428, 6.6855 ], [ -2.9171, 6.6573 ], [ -2.9015, 6.6451 ], [ -2.8932, 6.6459 ], [ -2.889, 6.6513 ], [ -2.8824, 6.6465 ], [ -2.8743, 6.6561 ], [ -2.8572, 6.6609 ], [ -2.8487, 6.6709 ], [ -2.8495, 6.6767 ], [ -2.8618, 6.6943 ], [ -2.8585, 6.6983 ], [ -2.862, 6.7057 ], [ -2.8595, 6.7111 ], [ -2.8658, 6.7165 ], [ -2.8563, 6.7345 ], [ -2.846, 6.7423 ], [ -2.8408, 6.7521 ], [ -2.8419, 6.7603 ], [ -2.8492, 6.7721 ], [ -2.8386, 6.7897 ], [ -2.848, 6.7999 ], [ -2.8444, 6.8051 ], [ -2.849, 6.8157 ], [ -2.8574, 6.8199 ], [ -2.8552, 6.8345 ], [ -2.866, 6.8515 ] ] ] } },
{ "type": "Feature", "properties": { "iso3": "GHA", "unit_id": "30259293B634934949525", "unit_name": "Bia West" }, "geometry": { "type": "Polygon", "coordinates": [ [ [ -3.2271, 6.8243 ], [ -3.2312, 6.8213 ], [ -3.2313, 6.7767 ], [ -3.2265, 6.7679 ], [ -3.2125, 6.7553 ], [ -3.217, 6.7475 ], [ -3.209, 6.7317 ], [ -3.2217, 6.7073 ], [ -3.2301, 6.7027 ], [ -3.2287, 6.6921 ], [ -3.2318, 6.6805 ], [ -3.2362, 6.6765 ], [ -3.2354, 6.6687 ], [ -3.2456, 6.6621 ], [ -3.2567, 6.6429 ], [ -3.2621, 6.6177 ], [ -3.2555, 6.6157 ], [ -3.2549, 6.6101 ], [ -3.234, 6.5965 ], [ -3.2365, 6.5387 ], [ -3.1935, 6.3605 ], [ -3.1865, 6.3427 ], [ -3.1858, 6.3261 ], [ -3.177, 6.3129 ], [ -3.1664, 6.3129 ], [ -3.1625, 6.3263 ], [ -3.1512, 6.3457 ], [ -3.1394, 6.3495 ], [ -3.127, 6.3641 ], [ -3.1021, 6.3593 ], [ -3.0919, 6.3511 ], [ -3.0993, 6.3855 ], [ -3.0927, 6.4205 ], [ -3.1109, 6.4363 ], [ -3.1184, 6.4633 ], [ -3.0824, 6.5189 ], [ -3.0814, 6.5251 ], [ -3.0703, 6.5293 ], [ -3.0655, 6.5277 ], [ -3.0382, 6.5087 ], [ -3.0363, 6.5395 ], [ -3.0259, 6.5343 ], [ -3.0288, 6.5267 ], [ -3.0202, 6.5177 ], [ -3.0178, 6.5053 ], [ -3.0025, 6.5047 ], [ -2.9983, 6.5087 ], [ -2.9706, 6.5053 ], [ -2.9381, 6.4885 ], [ -2.9267, 6.4959 ], [ -2.9302, 6.5073 ], [ -2.9243, 6.5121 ], [ -2.9244, 6.5223 ], [ -2.9214, 6.5233 ], [ -2.9232, 6.5307 ], [ -2.9206, 6.5443 ], [ -2.9172, 6.5505 ], [ -2.9079, 6.5521 ], [ -2.9061, 6.5559 ], [ -2.8965, 6.5597 ], [ -2.8944, 6.5821 ], [ -2.8886, 6.5921 ], [ -2.8802, 6.5985 ], [ -2.8739, 6.6117 ], [ -2.8806, 6.6189 ], [ -2.8791, 6.6291 ], [ -2.8824, 6.6465 ], [ -2.889, 6.6513 ], [ -2.8932, 6.6459 ], [ -2.9015, 6.6451 ], [ -2.9171, 6.6573 ], [ -2.9428, 6.6855 ], [ -2.9474, 6.6867 ], [ -2.9435, 6.7437 ], [ -2.9482, 6.7479 ], [ -2.9955, 6.7623 ], [ -3.0149, 6.7605 ], [ -3.0485, 6.7681 ], [ -3.0662, 6.7687 ], [ -3.0818, 6.7777 ], [ -3.0936, 6.7989 ], [ -3.1189, 6.8057 ], [ -3.1333, 6.8059 ], [ -3.1467, 6.8021 ], [ -3.1518, 6.7973 ], [ -3.1577, 6.7981 ], [ -3.1632, 6.8145 ], [ -3.1743, 6.8189 ], [ -3.1973, 6.8239 ], [ -3.2271, 6.8243 ] ] ] } },
{ "type": "Feature", "properties": { "iso3": "GHA", "unit_id": "30259293B84131453337835", "unit_name": "Bibiani-Anhwiaso-Bekwai Municipal" }, "geometry": { "type": "Polygon", "coordinates": [ [ [ -2.1731, 6.3647 ], [ -2.1999, 6.3539 ], [ -2.212, 6.3361 ], [ -2.2241, 6.3267 ], [ -2.2253, 6.3309 ], [ -2.217, 6.3471 ], [ -2.2157, 6.3633 ], [ -2.2271, 6.4077 ], [ -2.2255, 6.4153 ], [ -2.2309, 6.4223 ], [ -2.23, 6.4461 ], [ -2.2407, 6.4723 ], [ -2.2605, 6.4905 ], [ -2.2797, 6.4875 ], [ -2.2949, 6.4905 ], [ -2.3026, 6.4841 ], [ -2.3064, 6.4843 ], [ -2.3101, 6.4899 ], [ -2.338, 6.4923 ], [ -2.3438, 6.4827 ], [ -2.3512, 6.4839 ], [ -2.3579, 6.4793 ], [ -2.3588, 6.4727 ], [ -2.3512, 6.4645 ], [ -2.3494, 6.4549 ], [ -2.3546, 6.4487 ], [ -2.344, 6.4335 ], [ -2.3496, 6.4007 ], [ -2.3618, 6.3841 ], [ -2.3783, 6.3507 ], [ -2.3895, 6.3465 ], [ -2.3899, 6.3349 ], [ -2.3996, 6.3415 ], [ -2.4016, 6.3089 ], [ -2.3913, 6.3015 ], [ -2.3822, 6.2873 ], [ -2.3686, 6.2821 ], [ -2.3613, 6.2687 ], [ -2.3487, 6.2587 ], [ -2.3495, 6.2477 ], [ -2.3593, 6.2443 ], [ -2.3704, 6.2259 ], [ -2.3817, 6.2275 ], [ -2.3841, 6.2247 ], [ -2.3827, 6.2119 ], [ -2.3749, 6.2075 ], [ -2.3724, 6.1949 ], [ -2.3545, 6.1873 ], [ -2.3378, 6.1647 ], [ -2.3446, 6.1403 ], [ -2.3421, 6.1333 ], [ -2.3438, 6.1251 ], [ -2.356, 6.1115 ], [ -2.3604, 6.1017 ], [ -2.3536, 6.1053 ], [ -2.3272, 6.1013 ], [ -2.3163, 6.0961 ], [ -2.2885, 6.1039 ], [ -2.2846, 6.1021 ], [ -2.2693, 6.1213 ], [ -2.2568, 6.1209 ], [ -2.2544, 6.1369 ], [ -2.2323, 6.1485 ], [ -2.2287, 6.1497 ], [ -2.2147, 6.1419 ], [ -2.1896, 6.1471 ], [ -2.2044, 6.1985 ], [ -2.1755, 6.2143 ], [ -2.1312, 6.2577 ], [ -2.1267, 6.2511 ], [ -2.0998, 6.2407 ], [ -2.0897, 6.2551 ], [ -2.0748, 6.2929 ], [ -2.0985, 6.3091 ], [ -2.1158, 6.3087 ], [ -2.1241, 6.3019 ], [ -2.1274, 6.3187 ], [ -2.1225, 6.3293 ], [ -2.1248, 6.3365 ], [ -2.1359, 6.3475 ], [ -2.1485, 6.3485 ], [ -2.1526, 6.3541 ], [ -2.1731, 6.3647 ] ], [ [ -2.2241, 6.3267 ], [ -2.2243, 6.3233 ], [ -2.227, 6.3219 ], [ -2.2266, 6.3249 ], [ -2.2241, 6.3267 ] ] ] } },
{ "type": "Feature", "properties": { "iso3": "GHA", "unit_id": "30259293B98018954211204", "unit_name": "Bodi" }, "geometry": { "type": "Polygon", "coordinates": [ [ [ -2.6801, 6.2405 ], [ -2.6762, 6.2485 ], [ -2.6867, 6.2629 ], [ -2.663, 6.2737 ], [ -2.6435, 6.2703 ], [ -2.6353, 6.2823 ], [ -2.6371, 6.3047 ], [ -2.6349, 6.3101 ], [ -2.626, 6.3123 ], [ -2.6291, 6.3229 ], [ -2.6348, 6.3243 ], [ -2.6469, 6.3363 ], [ -2.6495, 6.3471 ], [ -2.6606, 6.3573 ], [ -2.6581, 6.3607 ], [ -2.6616, 6.3719 ], [ -2.671, 6.3735 ], [ -2.6751, 6.3793 ], [ -2.6735, 6.3823 ], [ -2.6814, 6.3879 ], [ -2.6898, 6.3823 ], [ -2.6995, 6.3859 ], [ -2.7083, 6.3831 ], [ -2.7179, 6.3961 ], [ -2.7274, 6.3929 ], [ -2.7315, 6.3797 ], [ -2.7224, 6.3741 ], [ -2.7638, 6.3163 ], [ -2.7881, 6.3373 ], [ -2.8066, 6.3389 ], [ -2.8229, 6.3313 ], [ -2.8167, 6.3227 ], [ -2.8254, 6.3185 ], [ -2.8507, 6.3151 ], [ -2.8697, 6.3197 ], [ -2.8803, 6.3155 ], [ -2.9071, 6.3243 ], [ -2.9249, 6.3189 ], [ -2.9406, 6.3063 ], [ -2.9372, 6.2923 ], [ -2.9488, 6.2883 ], [ -2.9515, 6.2777 ], [ -2.9599, 6.2753 ], [ -2.9589, 6.2683 ], [ -2.989, 6.2631 ], [ -3.0189, 6.2757 ], [ -3.0265, 6.2635 ], [ -3.0319, 6.2273 ], [ -3.0292, 6.2093 ], [ -3.0214, 6.2111 ], [ -2.9953, 6.1945 ], [ -2.9853, 6.2047 ], [ -2.966, 6.1969 ], [ -2.9597, 6.1909 ], [ -2.9571, 6.1787 ], [ -2.9589, 6.1647 ], [ -2.9475, 6.1651 ], [ -2.9432, 6.1701 ], [ -2.9264, 6.1763 ], [ -2.9155, 6.1841 ], [ -2.909, 6.1807 ], [ -2.8998, 6.1895 ], [ -2.8901, 6.1935 ], [ -2.8822, 6.1861 ], [ -2.8756, 6.1673 ], [ -2.8527, 6.1441 ], [ -2.8463, 6.1419 ], [ -2.8458, 6.1317 ], [ -2.8388, 6.1153 ], [ -2.8443, 6.1033 ], [ -2.8432, 6.0897 ], [ -2.8368, 6.0835 ], [ -2.7733, 6.1185 ], [ -2.7801, 6.1497 ], [ -2.7615, 6.1741 ], [ -2.7458, 6.2239 ], [ -2.7255, 6.2317 ], [ -2.7205, 6.2287 ], [ -2.7188, 6.2315 ], [ -2.7222, 6.2347 ], [ -2.7149, 6.2375 ], [ -2.706, 6.2341 ], [ -2.6952, 6.2369 ], [ -2.6916, 6.2347 ], [ -2.6801, 6.2405 ] ] ] } },
{ "type": "Feature", "properties": { "iso3": "GHA", "unit_id": "30259293B39240416335333", "unit_name": "Juaboso" }, "geometry": { "type": "Polygon", "coordinates": [ [ [ -2.8743, 6.6561 ], [ -2.8824, 6.6465 ], [ -2.8791, 6.6291 ], [ -2.8806, 6.6189 ], [ -2.8744, 6.6087 ], [ -2.8944, 6.5821 ], [ -2.8965, 6.5597 ], [ -2.9061, 6.5559 ], [ -2.9079, 6.5521 ], [ -2.9172, 6.5505 ], [ -2.9206, 6.5443 ], [ -2.9232, 6.5307 ], [ -2.9214, 6.5233 ], [ -2.9244, 6.5223 ], [ -2.9243, 6.5121 ], [ -2.9302, 6.5073 ], [ -2.9267, 6.4959 ], [ -2.9381, 6.4885 ], [ -2.9706, 6.5053 ], [ -2.9983, 6.5087 ], [ -3.0025, 6.5047 ], [ -3.0136, 6.5033 ], [ -3.0178, 6.5053 ], [ -3.0202, 6.5177 ], [ -3.0288, 6.5267 ], [ -3.0259, 6.5343 ], [ -3.0363, 6.5395 ], [ -3.0382, 6.5087 ], [ -3.0655, 6.5277 ], [ -3.075, 6.5285 ], [ -3.0814, 6.5251 ], [ -3.0824, 6.5189 ], [ -3.1175, 6.4683 ], [ -3.1109, 6.4363 ], [ -3.0927, 6.4205 ], [ -3.0993, 6.3855 ], [ -3.0919, 6.3511 ], [ -3.1021, 6.3593 ], [ -3.127, 6.3641 ], [ -3.1394, 6.3495 ], [ -3.1512, 6.3457 ], [ -3.1625, 6.3263 ], [ -3.1664, 6.3129 ], [ -3.177, 6.3129 ], [ -3.1708, 6.2947 ], [ -3.174, 6.2535 ], [ -3.1548, 6.2523 ], [ -3.13, 6.2081 ], [ -3.1252, 6.2179 ], [ -3.1252, 6.2261 ], [ -3.1167, 6.2331 ], [ -3.0889, 6.2309 ], [ -3.0815, 6.2235 ], [ -3.0587, 6.2193 ], [ -3.0465, 6.2279 ], [ -3.0319, 6.2273 ], [ -3.0265, 6.2635 ], [ -3.0189, 6.2757 ], [ -2.989, 6.2631 ], [ -2.9589, 6.2683 ], [ -2.9599, 6.2753 ], [ -2.9515, 6.2777 ], [ -2.9488, 6.2883 ], [ -2.9372, 6.2923 ], [ -2.9406, 6.3063 ], [ -2.9347, 6.3133 ], [ -2.9071, 6.3243 ], [ -2.8803, 6.3155 ], [ -2.8697, 6.3197 ], [ -2.8507, 6.3151 ], [ -2.8254, 6.3185 ], [ -2.8167, 6.3227 ], [ -2.8229, 6.3313 ], [ -2.8066, 6.3389 ], [ -2.7881, 6.3373 ], [ -2.7638, 6.3163 ], [ -2.7224, 6.3741 ], [ -2.7315, 6.3797 ], [ -2.7274, 6.3929 ], [ -2.7179, 6.3961 ], [ -2.7177, 6.4115 ], [ -2.7244, 6.4221 ], [ -2.7188, 6.4333 ], [ -2.7166, 6.4571 ], [ -2.7195, 6.4593 ], [ -2.7296, 6.4561 ], [ -2.7423, 6.4835 ], [ -2.7394, 6.4863 ], [ -2.6844, 6.4953 ], [ -2.674, 6.5059 ], [ -2.6811, 6.5721 ], [ -2.6941, 6.5775 ], [ -2.7019, 6.5853 ], [ -2.7273, 6.5889 ], [ -2.7475, 6.5809 ], [ -2.7639, 6.5841 ], [ -2.7779, 6.5759 ], [ -2.7902, 6.6017 ], [ -2.7976, 6.6049 ], [ -2.8052, 6.6169 ], [ -2.8156, 6.6169 ], [ -2.8303, 6.6269 ], [ -2.8338, 6.6343 ], [ -2.8514, 6.6425 ], [ -2.869, 6.6387 ], [ -2.8704, 6.6425 ], [ -2.8672, 6.6489 ], [ -2.8743, 6.6561 ] ] ] } },
{ "type": "Feature", "properties": { "iso3": "GHA", "unit_id": "30259293B42567607932931", "unit_name": "Sefwi Akontombra" }, "geometry": { "type": "Polygon", "coordinates": [ [ [ -2.445, 6.1163 ], [ -2.4459, 6.1333 ], [ -2.4505, 6.1425 ], [ -2.4456, 6.1531 ], [ -2.4661, 6.1487 ], [ -2.5117, 6.1497 ], [ -2.5122, 6.1717 ], [ -2.5308, 6.1771 ], [ -2.5182, 6.1851 ], [ -2.5178, 6.1883 ], [ -2.536, 6.1915 ], [ -2.5454, 6.1977 ], [ -2.5619, 6.1925 ], [ -2.5682, 6.1943 ], [ -2.5713, 6.2041 ], [ -2.5812, 6.2069 ], [ -2.5761, 6.2179 ], [ -2.5655, 6.2265 ], [ -2.5665, 6.2335 ], [ -2.5868, 6.2433 ], [ -2.5911, 6.2501 ], [ -2.6135, 6.2357 ], [ -2.6273, 6.2385 ], [ -2.6504, 6.2229 ], [ -2.6643, 6.2233 ], [ -2.6718, 6.2323 ], [ -2.6796, 6.2357 ], [ -2.6801, 6.2405 ], [ -2.6916, 6.2347 ], [ -2.6952, 6.2369 ], [ -2.706, 6.2341 ], [ -2.7149, 6.2375 ], [ -2.7222, 6.2347 ], [ -2.7188, 6.2315 ], [ -2.7205, 6.2287 ], [ -2.7255, 6.2317 ], [ -2.7458, 6.2239 ], [ -2.7615, 6.1741 ], [ -2.7801, 6.1497 ], [ -2.7733, 6.1185 ], [ -2.8368, 6.0835 ], [ -2.8432, 6.0897 ], [ -2.8443, 6.1033 ], [ -2.8388, 6.1153 ], [ -2.8458, 6.1317 ], [ -2.8463, 6.1419 ], [ -2.8527, 6.1441 ], [ -2.8756, 6.1673 ], [ -2.8822, 6.1861 ], [ -2.8901, 6.1935 ], [ -2.8998, 6.1895 ], [ -2.909, 6.1807 ], [ -2.9155, 6.1841 ], [ -2.9264, 6.1763 ], [ -2.9432, 6.1701 ], [ -2.9475, 6.1651 ], [ -2.9408, 6.1495 ], [ -2.9273, 6.1309 ], [ -2.9291, 6.1227 ], [ -2.9223, 6.1089 ], [ -2.9287, 6.0843 ], [ -2.9481, 6.0775 ], [ -2.9499, 6.0711 ], [ -2.9338, 6.0585 ], [ -2.9246, 6.0603 ], [ -2.911, 6.0465 ], [ -2.9073, 6.0261 ], [ -2.9091, 6.0189 ], [ -2.9049, 6.0059 ], [ -2.8976, 6.0053 ], [ -2.8877, 5.9983 ], [ -2.8863, 5.9851 ], [ -2.8756, 5.9747 ], [ -2.7498, 5.9637 ], [ -2.7232, 5.9891 ], [ -2.668, 5.9753 ], [ -2.6795, 5.9623 ], [ -2.6834, 5.9487 ], [ -2.6817, 5.9417 ], [ -2.6773, 5.9381 ], [ -2.6717, 5.9487 ], [ -2.6552, 5.9637 ], [ -2.6457, 5.9603 ], [ -2.6322, 5.9691 ], [ -2.6228, 5.9699 ], [ -2.6167, 5.9637 ], [ -2.6102, 5.9621 ], [ -2.5987, 5.9703 ], [ -2.5923, 5.9675 ], [ -2.5853, 5.9747 ], [ -2.5686, 5.9717 ], [ -2.5595, 5.9785 ], [ -2.557, 5.9843 ], [ -2.5492, 5.9885 ], [ -2.5486, 5.9937 ], [ -2.537, 6.0035 ], [ -2.5031, 6.0539 ], [ -2.4993, 6.0535 ], [ -2.4993, 6.0581 ], [ -2.4901, 6.0657 ], [ -2.5057, 6.0723 ], [ -2.5072, 6.0825 ], [ -2.4979, 6.0915 ], [ -2.4825, 6.0965 ], [ -2.4742, 6.1081 ], [ -2.4607, 6.1097 ], [ -2.4503, 6.1011 ], [ -2.445, 6.1163 ] ] ] } },
{ "type": "Feature", "properties": { "iso3": "GHA", "unit_id": "30259293B91303577167502", "unit_name": "Sefwi-Wiawso" }, "geometry": { "type": "Polygon", "coordinates": [ [ [ -2.6687, 6.5115 ], [ -2.6844, 6.4953 ], [ -2.7394, 6.4863 ], [ -2.7423, 6.4835 ], [ -2.7296, 6.4561 ], [ -2.7195, 6.4593 ], [ -2.7166, 6.4571 ], [ -2.7188, 6.4333 ], [ -2.7244, 6.4221 ], [ -2.7177, 6.4115 ], [ -2.7179, 6.3961 ], [ -2.7083, 6.3831 ], [ -2.6995, 6.3859 ], [ -2.6898, 6.3823 ], [ -2.6814, 6.3879 ], [ -2.6735, 6.3823 ], [ -2.6751, 6.3793 ], [ -2.671, 6.3735 ], [ -2.6616, 6.3719 ], [ -2.6581, 6.3607 ], [ -2.6606, 6.3573 ], [ -2.6495, 6.3471 ], [ -2.6469, 6.3363 ], [ -2.6348, 6.3243 ], [ -2.6291, 6.3229 ], [ -2.626, 6.3123 ], [ -2.6349, 6.3101 ], [ -2.6371, 6.3047 ], [ -2.6353, 6.2823 ], [ -2.6435, 6.2703 ], [ -2.663, 6.2737 ], [ -2.6867, 6.2629 ], [ -2.6762, 6.2485 ], [ -2.6796, 6.2357 ], [ -2.6718, 6.2323 ], [ -2.6643, 6.2233 ], [ -2.6504, 6.2229 ], [ -2.6273, 6.2385 ], [ -2.6135, 6.2357 ], [ -2.5911, 6.2501 ], [ -2.5868, 6.2433 ], [ -2.5665, 6.2335 ], [ -2.5655, 6.2265 ], [ -2.5761, 6.2179 ], [ -2.5812, 6.2069 ], [ -2.5713, 6.2041 ], [ -2.5682, 6.1943 ], [ -2.5619, 6.1925 ], [ -2.5454, 6.1977 ], [ -2.536, 6.1915 ], [ -2.5178, 6.1883 ], [ -2.5182, 6.1851 ], [ -2.5308, 6.1771 ], [ -2.5122, 6.1717 ], [ -2.5117, 6.1497 ], [ -2.4661, 6.1487 ], [ -2.4456, 6.1531 ], [ -2.4505, 6.1425 ], [ -2.4459, 6.1333 ], [ -2.445, 6.1163 ], [ -2.4395, 6.1197 ], [ -2.4329, 6.1153 ], [ -2.4339, 6.1073 ], [ -2.4118, 6.0883 ], [ -2.4002, 6.0895 ], [ -2.3922, 6.0851 ], [ -2.3754, 6.0831 ], [ -2.372, 6.0851 ], [ -2.3706, 6.0967 ], [ -2.3604, 6.1017 ], [ -2.356, 6.1115 ], [ -2.3438, 6.1251 ], [ -2.3421, 6.1333 ], [ -2.3446, 6.1403 ], [ -2.3378, 6.1647 ], [ -2.3545, 6.1873 ], [ -2.3724, 6.1949 ], [ -2.3749, 6.2075 ], [ -2.3838, 6.2151 ], [ -2.3817, 6.2275 ], [ -2.3704, 6.2259 ], [ -2.3593, 6.2443 ], [ -2.3495, 6.2477 ], [ -2.3487, 6.2587 ], [ -2.3613, 6.2687 ], [ -2.3686, 6.2821 ], [ -2.3822, 6.2873 ], [ -2.3913, 6.3015 ], [ -2.4016, 6.3089 ], [ -2.3976, 6.3509 ], [ -2.4211, 6.3479 ], [ -2.4281, 6.3505 ], [ -2.4515, 6.3737 ], [ -2.4679, 6.3803 ], [ -2.469, 6.3917 ], [ -2.4782, 6.4033 ], [ -2.5029, 6.4145 ], [ -2.5469, 6.4005 ], [ -2.5474, 6.4091 ], [ -2.5572, 6.4213 ], [ -2.559, 6.4285 ], [ -2.5524, 6.4323 ], [ -2.5405, 6.4475 ], [ -2.527, 6.4547 ], [ -2.5274, 6.4621 ], [ -2.533, 6.4599 ], [ -2.543, 6.4637 ], [ -2.5629, 6.4811 ], [ -2.5838, 6.4895 ], [ -2.5924, 6.5047 ], [ -2.6061, 6.5197 ], [ -2.6352, 6.5289 ], [ -2.6458, 6.5301 ], [ -2.6494, 6.5257 ], [ -2.6563, 6.5295 ], [ -2.6634, 6.5251 ], [ -2.6687, 6.5115 ] ] ] } },
{ "type": "Feature", "properties": { "iso3": "GHA", "unit_id": "30259293B28751742389031", "unit_name": "Suaman" }, "geometry": { "type": "Polygon", "coordinates": [ [ [ -2.9084, 6.0407 ], [ -2.9246, 6.0603 ], [ -2.9338, 6.0585 ], [ -2.9499, 6.0711 ], [ -2.9481, 6.0775 ], [ -2.9287, 6.0843 ], [ -2.9223, 6.1089 ], [ -2.9291, 6.1227 ], [ -2.9273, 6.1309 ], [ -2.9408, 6.1495 ], [ -2.9475, 6.1651 ], [ -2.9589, 6.1647 ], [ -2.9571, 6.1787 ], [ -2.9597, 6.1909 ], [ -2.966, 6.1969 ], [ -2.9853, 6.2047 ], [ -2.9953, 6.1945 ], [ -3.0214, 6.2111 ], [ -3.0292, 6.2093 ], [ -3.0319, 6.2273 ], [ -3.0465, 6.2279 ], [ -3.0587, 6.2193 ], [ -3.0815, 6.2235 ], [ -3.0889, 6.2309 ], [ -3.1167, 6.2331 ], [ -3.1252, 6.2261 ], [ -3.1252, 6.2179 ], [ -3.13, 6.2081 ], [ -3.1023, 6.1519 ], [ -3.0728, 5.9825 ], [ -3.0476, 5.9957 ], [ -3.0024, 6.0107 ], [ -2.9521, 6.0457 ], [ -2.9426, 6.0351 ], [ -2.9328, 6.0391 ], [ -2.9084, 6.0407 ] ] ] } }
]
}
