{
"type": "FeatureCollection",
"name": "KEN",
"crs": { "type": "name", "properties": { "name": "urn:ogc:def:crs:OGC:1.3:CRS84" } },
"xy_coordinate_resolution": 0.0001,
"features": [
{ "type": "Feature", "properties": { "iso3": "KEN", "unit_id": "43622606B97057494555462", "unit_name": "Changamwe" }, "geometry": { "type": "Polygon", "coordinates": [ [ [ 39.6497, -4.0305 ], [ 39.6317, -4.0276 ], [ 39.5996, -4.0052 ], [ 39.5833, -4.0064 ], [ 39.5749, -4.0011 ], [ 39.5697, -3.9916 ], [ 39.5679, -4.0068 ], [ 39.5642, -4.0127 ], [ 39.5678, -4.0197 ], [ 39.586, -4.029 ], [ 39.5835, -4.0404 ], [ 39.5856, -4.0436 ], [ 39.6148, -4.0401 ], [ 39.6254, -4.044 ], [ 39.6371, -4.0407 ], [ 39.6395, -4.0379 ], [ 39.6357, -4.034 ], [ 39.6373, -4.0311 ], [ 39.6421, -4.0305 ], [ 39.6463, -4.0348 ], [ 39.6497, -4.0305 ] ] ] } },
{ "type": "Feature", "properties": { "iso3": "KEN", "unit_id": "43622606B30958932021561", "unit_name": "Jomvu" }, "geometry": { "type": "Polygon", "coordinates": [ [ [ 39.6497, -4.0305 ], [ 39.6501, -4.0268 ], [ 39.6407, -4.025 ], [ 39.636, -3.9898 ], [ 39.628, -3.9891 ], [ 39.6248, -3.9927 ], [ 39.6164, -3.9883 ], [ 39.6115, -3.9805 ], [ 39.5915, -3.9899 ], [ 39.6086, -3.9781 ], [ 39.6085, -3.9662 ], [ 39.6035, -3.9639 ], [ 39.6087, -3.9574 ], [ 39.5999, -3.9496 ], [ 39.5837, -3.9654 ], [ 39.5832, -3.9698 ], [ 39.5693, -3.975 ], [ 39.5689, -3.9792 ], [ 39.5754, -3.9842 ], [ 39.5697, -3.9916 ], [ 39.5749, -4.0011 ], [ 39.5833, -4.0064 ], [ 39.5996, -4.0052 ], [ 39.6317, -4.0276 ], [ 39.6497, -4.0305 ] ] ] } },
{ "type": "Feature", "properties": { "iso3": "KEN", "unit_id": "43622606B44392423812367", "unit_name": "Kisauni" }, "geometry": { "type": "MultiPolygon", "coordinates": [ [ [ [ 39.607, -3.9592 ], [ 39.607, -3.9632 ], [ 39.61, -3.9614 ], [ 39.6128, -3.9642 ], [ 39.6191, -3.9592 ], [ 39.6143, -3.9679 ], [ 39.6175, -3.9765 ], [ 39.6287, -3.9822 ], [ 39.6391, -3.9752 ], [ 39.6452, -3.9771 ], [ 39.6481, -3.9863 ], [ 39.6608, -3.9934 ], [ 39.6623, -3.9898 ], [ 39.6555, -3.9737 ], [ 39.6542, -3.9599 ], [ 39.6409, -3.9575 ], [ 39.6276, -3.9636 ], [ 39.6216, -3.9601 ], [ 39.6211, -3.9554 ], [ 39.607, -3.9592 ] ] ], [ [ [ 39.6972, -3.925 ], [ 39.6716, -3.9194 ], [ 39.6503, -3.923 ], [ 39.6421, -3.9257 ], [ 39.6402, -3.9297 ], [ 39.6498, -3.9354 ], [ 39.6484, -3.9401 ], [ 39.6535, -3.9448 ], [ 39.6462, -3.9506 ], [ 39.6523, -3.9571 ], [ 39.6617, -3.9535 ], [ 39.6581, -3.9618 ], [ 39.6623, -3.9645 ], [ 39.6588, -3.9735 ], [ 39.6639, -3.9805 ], [ 39.6662, -3.9785 ], [ 39.6689, -3.9891 ], [ 39.6643, -3.9929 ], [ 39.6707, -4.0042 ], [ 39.6673, -4.0095 ], [ 39.6595, -4.0132 ], [ 39.6634, -4.0214 ], [ 39.6732, -4.0205 ], [ 39.6745, -4.0179 ], [ 39.6747, -4.0213 ], [ 39.6699, -4.0234 ], [ 39.6712, -4.0297 ], [ 39.6761, -4.0292 ], [ 39.6771, -4.0331 ], [ 39.6728, -4.0397 ], [ 39.68, -4.041 ], [ 39.6812, -4.0449 ], [ 39.6799, -4.0364 ], [ 39.6982, -3.9999 ], [ 39.7266, -4.0062 ], [ 39.7322, -4.0018 ], [ 39.7312, -3.9966 ], [ 39.7368, -3.9882 ], [ 39.7623, -3.9591 ], [ 39.7443, -3.9554 ], [ 39.7359, -3.9494 ], [ 39.7269, -3.9541 ], [ 39.7101, -3.9486 ], [ 39.7082, -3.9519 ], [ 39.7043, -3.9489 ], [ 39.7014, -3.9522 ], [ 39.6913, -3.9491 ], [ 39.6989, -3.9504 ], [ 39.7077, -3.947 ], [ 39.6999, -3.9444 ], [ 39.6935, -3.9323 ], [ 39.6972, -3.925 ] ] ] ] } },
{ "type": "Feature", "properties": { "iso3": "KEN", "unit_id": "43622606B17630138531194", "unit_name": "Nyali" }, "geometry": { "type": "Polygon", "coordinates": [ [ [ 39.6799, -4.0364 ], [ 39.6805, -4.0529 ], [ 39.6844, -4.0611 ], [ 39.6928, -4.0613 ], [ 39.7007, -4.0572 ], [ 39.7236, -4.0232 ], [ 39.7299, -4.0184 ], [ 39.7266, -4.0062 ], [ 39.6982, -3.9999 ], [ 39.6799, -4.0364 ] ] ] } },
{ "type": "Feature", "properties": { "iso3": "KEN", "unit_id": "43622606B54682432931293", "unit_name": "Likoni" }, "geometry": { "type": "Polygon", "coordinates": [ [ [ 39.6427, -4.1524 ], [ 39.6724, -4.0957 ], [ 39.6743, -4.0822 ], [ 39.6601, -4.0791 ], [ 39.6528, -4.0722 ], [ 39.6462, -4.0797 ], [ 39.6488, -4.0744 ], [ 39.6416, -4.0665 ], [ 39.6371, -4.0485 ], [ 39.6371, -4.0565 ], [ 39.6293, -4.0612 ], [ 39.6202, -4.0576 ], [ 39.6127, -4.0609 ], [ 39.6182, -4.06 ], [ 39.6209, -4.0637 ], [ 39.6133, -4.0645 ], [ 39.6082, -4.0612 ], [ 39.5922, -4.0631 ], [ 39.5948, -4.0672 ], [ 39.5863, -4.0759 ], [ 39.5879, -4.0792 ], [ 39.5843, -4.0895 ], [ 39.5926, -4.1047 ], [ 39.5753, -4.1199 ], [ 39.5958, -4.1137 ], [ 39.6002, -4.1079 ], [ 39.5983, -4.101 ], [ 39.6091, -4.0879 ], [ 39.6329, -4.1175 ], [ 39.6378, -4.1183 ], [ 39.626, -4.1415 ], [ 39.6427, -4.1524 ] ] ] } },
{ "type": "Feature", "properties": { "iso3": "KEN", "unit_id": "43622606B96470421201167", "unit_name": "Mvita" }, "geometry": { "type": "Polygon", "coordinates": [ [ [ 39.6395, -4.0379 ], [ 39.6462, -4.0482 ], [ 39.6476, -4.0588 ], [ 39.6568, -4.0644 ], [ 39.6599, -4.0703 ], [ 39.6617, -4.0658 ], [ 39.6619, -4.0722 ], [ 39.6658, -4.0765 ], [ 39.6718, -4.0767 ], [ 39.6821, -4.0692 ], [ 39.68, -4.0582 ], [ 39.6747, -4.0523 ], [ 39.6776, -4.0449 ], [ 39.6702, -4.0411 ], [ 39.6744, -4.0336 ], [ 39.6603, -4.0276 ], [ 39.6486, -4.0361 ], [ 39.6428, -4.0352 ], [ 39.6395, -4.0379 ] ] ] } },
{ "type": "Feature", "properties": { "iso3": "KEN", "unit_id": "43622606B81163256932594", "unit_name": "Msambweni" }, "geometry": { "type": "MultiPolygon", "coordinates": [ [ [ [ 39.5039, -4.4568 ], [ 39.5023, -4.4579 ], [ 39.5037, -4.4581 ], [ 39.5039, -4.4568 ] ] ], [ [ [ 39.4716, -4.4981 ], [ 39.4804, -4.4801 ], [ 39.4948, -4.4684 ], [ 39.4979, -4.462 ], [ 39.4963, -4.4529 ], [ 39.4997, -4.4435 ], [ 39.494, -4.44 ], [ 39.4872, -4.4437 ], [ 39.4854, -4.4422 ], [ 39.4953, -4.437 ], [ 39.4969, -4.4417 ], [ 39.5001, -4.4411 ], [ 39.5001, -4.4516 ], [ 39.5032, -4.4563 ], [ 39.5013, -4.4511 ], [ 39.5091, -4.4401 ], [ 39.5071, -4.4379 ], [ 39.5106, -4.4287 ], [ 39.5059, -4.4182 ], [ 39.5101, -4.4123 ], [ 39.5084, -4.3982 ], [ 39.5141, -4.4027 ], [ 39.5198, -4.4003 ], [ 39.5199, -4.4075 ], [ 39.526, -4.4044 ], [ 39.5321, -4.406 ], [ 39.5361, -4.42 ], [ 39.533, -4.4358 ], [ 39.5389, -4.4345 ], [ 39.5486, -4.3895 ], [ 39.5977, -4.2678 ], [ 39.5961, -4.254 ], [ 39.5835, -4.2543 ], [ 39.5819, -4.2594 ], [ 39.5764, -4.2602 ], [ 39.569, -4.2556 ], [ 39.5673, -4.2579 ], [ 39.5628, -4.252 ], [ 39.5635, -4.248 ], [ 39.5592, -4.2479 ], [ 39.5353, -4.2666 ], [ 39.5278, -4.2812 ], [ 39.504, -4.2879 ], [ 39.4861, -4.3073 ], [ 39.4807, -4.3035 ], [ 39.4676, -4.3334 ], [ 39.4547, -4.3404 ], [ 39.3934, -4.3959 ], [ 39.3274, -4.384 ], [ 39.3214, -4.3925 ], [ 39.3237, -4.4144 ], [ 39.3259, -4.4166 ], [ 39.3388, -4.4144 ], [ 39.3398, -4.4278 ], [ 39.3477, -4.4331 ], [ 39.3468, -4.4458 ], [ 39.3495, -4.4494 ], [ 39.3604, -4.4473 ], [ 39.3689, -4.4516 ], [ 39.3683, -4.4598 ], [ 39.3726, -4.4639 ], [ 39.3799, -4.4833 ], [ 39.3881, -4.4931 ], [ 39.3983, -4.4843 ], [ 39.4065, -4.4881 ], [ 39.4158, -4.4813 ], [ 39.4252, -4.495 ], [ 39.4306, -4.4972 ], [ 39.4368, -4.495 ], [ 39.4557, -4.4769 ], [ 39.4716, -4.4981 ] ] ] ] } },
{ "type": "Feature", "properties": { "iso3": "KEN", "unit_id": "43622606B56544558499678", "unit_name": "Lunga Lunga" }, "geometry": { "type": "MultiPolygon", "coordinates": [ [ [ [ 39.2203, -4.6717 ], [ 39.2245, -4.6663 ], [ 39.2213, -4.6677 ], [ 39.2203, -4.6717 ] ] ], [ [ [ 39.2167, -4.6607 ], [ 39.2147, -4.6603 ], [ 39.2147, -4.6629 ], [ 39.2167, -4.6607 ] ] ], [ [ [ 39.2275, -4.6613 ], [ 39.2227, -4.6597 ], [ 39.222, -4.6652 ], [ 39.2253, -4.6612 ], [ 39.2275, -4.6613 ] ] ], [ [ [ 39.2783, -4.6684 ], [ 39.2873, -4.6628 ], [ 39.2751, -4.6544 ], [ 39.2705, -4.6545 ], [ 39.2709, -4.6631 ], [ 39.2783, -4.6684 ] ] ], [ [ [ 39.3909, -4.6593 ], [ 39.3597, -4.6523 ], [ 39.3527, -4.6605 ], [ 39.3523, -4.6672 ], [ 39.3687, -4.6693 ], [ 39.3863, -4.6667 ], [ 39.3999, -4.6709 ], [ 39.4039, -4.6676 ], [ 39.3999, -4.6563 ], [ 39.3909, -4.6593 ] ] ], [ [ [ 39.2167, -4.6607 ], [ 39.2199, -4.6563 ], [ 39.2191, -4.6509 ], [ 39.2153, -4.6539 ], [ 39.2167, -4.6607 ] ] ], [ [ [ 39.2323, -4.65 ], [ 39.2341, -4.6473 ], [ 39.2323, -4.6471 ], [ 39.2323, -4.65 ] ] ], [ [ [ 39.2443, -4.6215 ], [ 39.2449, -4.6192 ], [ 39.2423, -4.6203 ], [ 39.2443, -4.6215 ] ] ], [ [ [ 39.2913, -4.5998 ], [ 39.2919, -4.5961 ], [ 39.2879, -4.5929 ], [ 39.2865, -4.5961 ], [ 39.2913, -4.5998 ] ] ], [ [ [ 39.4277, -4.5832 ], [ 39.4297, -4.5776 ], [ 39.4267, -4.5753 ], [ 39.4251, -4.5777 ], [ 39.4277, -4.5832 ] ] ], [ [ [ 39.3019, -4.5894 ], [ 39.3123, -4.578 ], [ 39.3117, -4.5711 ], [ 39.3081, -4.5694 ], [ 39.2969, -4.5749 ], [ 39.2961, -4.5792 ], [ 39.3019, -4.5894 ] ] ], [ [ [ 39.4081, -4.5679 ], [ 39.4075, -4.5654 ], [ 39.4001, -4.5676 ], [ 39.3975, -4.573 ], [ 39.4019, -4.5769 ], [ 39.4097, -4.5764 ], [ 39.4161, -4.5691 ], [ 39.4081, -4.5679 ] ] ], [ [ [ 39.3991, -4.5639 ], [ 39.4019, -4.5637 ], [ 39.3997, -4.5574 ], [ 39.3973, -4.5594 ], [ 39.3991, -4.5639 ] ] ], [ [ [ 39.3973, -4.5594 ], [ 39.3937, -4.5545 ], [ 39.3901, -4.5546 ], [ 39.3937, -4.5588 ], [ 39.3973, -4.5594 ] ] ], [ [ [ 39.39, -4.5546 ], [ 39.3871, -4.5509 ], [ 39.3863, -4.5534 ], [ 39.39, -4.5546 ] ] ], [ [ [ 39.4537, -4.5593 ], [ 39.4609, -4.5514 ], [ 39.4619, -4.536 ], [ 39.4533, -4.5316 ], [ 39.4469, -4.5426 ], [ 39.4493, -4.5475 ], [ 39.4451, -4.5581 ], [ 39.4325, -4.5518 ], [ 39.4297, -4.5565 ], [ 39.4263, -4.5566 ], [ 39.4325, -4.5632 ], [ 39.4345, -4.5827 ], [ 39.4389, -4.5889 ], [ 39.4495, -4.5819 ], [ 39.4545, -4.5703 ], [ 39.4537, -4.5593 ] ] ], [ [ [ 39.3208, -4.4049 ], [ 39.3143, -4.4022 ], [ 39.3056, -4.4042 ], [ 39.3014, -4.3998 ], [ 39.2971, -4.4009 ], [ 39.2918, -4.3925 ], [ 39.2872, -4.3931 ], [ 39.2718, -4.3858 ], [ 39.2562, -4.3918 ], [ 39.2506, -4.3889 ], [ 39.2442, -4.3968 ], [ 39.2376, -4.3832 ], [ 39.2246, -4.3791 ], [ 39.2217, -4.3823 ], [ 39.2136, -4.3777 ], [ 39.2097, -4.382 ], [ 39.2047, -4.3806 ], [ 39.203, -4.3853 ], [ 39.1981, -4.385 ], [ 39.1962, -4.3818 ], [ 39.1901, -4.3876 ], [ 39.1827, -4.3839 ], [ 39.1816, -4.3743 ], [ 39.1777, -4.3739 ], [ 39.174, -4.3687 ], [ 39.1741, -4.3461 ], [ 39.1675, -4.3493 ], [ 39.1574, -4.3392 ], [ 39.1598, -4.3243 ], [ 39.1554, -4.3179 ], [ 39.1392, -4.3172 ], [ 39.1336, -4.3116 ], [ 39.1275, -4.297 ], [ 39.1322, -4.2887 ], [ 39.1304, -4.2676 ], [ 39.1268, -4.265 ], [ 39.1288, -4.2563 ], [ 39.108, -4.2392 ], [ 39.109, -4.2279 ], [ 39.1049, -4.2275 ], [ 39.0976, -4.2344 ], [ 39.0936, -4.2289 ], [ 39.0795, -4.2234 ], [ 39.0834, -4.2176 ], [ 39.0801, -4.2102 ], [ 39.0888, -4.2099 ], [ 39.0847, -4.1954 ], [ 39.0795, -4.1914 ], [ 39.0719, -4.1947 ], [ 39.076, -4.2036 ], [ 39.0672, -4.2009 ], [ 39.0625, -4.2105 ], [ 39.0556, -4.2067 ], [ 39.053, -4.1935 ], [ 39.0432, -4.1959 ], [ 39.041, -4.2076 ], [ 39.025, -4.2259 ], [ 39.0095, -4.2231 ], [ 38.9989, -4.2114 ], [ 38.994, -4.2116 ], [ 39.0002, -4.251 ], [ 38.6079, -4.2509 ], [ 39.1677, -4.6413 ], [ 39.1907, -4.6593 ], [ 39.1927, -4.6663 ], [ 39.2013, -4.666 ], [ 39.2059, -4.6759 ], [ 39.2199, -4.6764 ], [ 39.2203, -4.6718 ], [ 39.2185, -4.6736 ], [ 39.2109, -4.6615 ], [ 39.2097, -4.6464 ], [ 39.2235, -4.6253 ], [ 39.2219, -4.6199 ], [ 39.2251, -4.6179 ], [ 39.2253, -4.6112 ], [ 39.2371, -4.6062 ], [ 39.2365, -4.6022 ], [ 39.2427, -4.5995 ], [ 39.2475, -4.5987 ], [ 39.2521, -4.6101 ], [ 39.2529, -4.6033 ], [ 39.2579, -4.5978 ], [ 39.2633, -4.6032 ], [ 39.2679, -4.6 ], [ 39.2521, -4.5921 ], [ 39.2519, -4.5859 ], [ 39.2455, -4.582 ], [ 39.2391, -4.5685 ], [ 39.2433, -4.5658 ], [ 39.2615, -4.5806 ], [ 39.2685, -4.578 ], [ 39.2725, -4.5794 ], [ 39.2731, -4.5832 ], [ 39.2795, -4.5829 ], [ 39.2961, -4.5674 ], [ 39.3207, -4.5679 ], [ 39.3149, -4.5814 ], [ 39.3171, -4.5937 ], [ 39.3107, -4.6049 ], [ 39.3181, -4.6029 ], [ 39.3223, -4.6092 ], [ 39.3185, -4.6169 ], [ 39.3165, -4.6141 ], [ 39.3099, -4.6193 ], [ 39.3083, -4.6295 ], [ 39.3273, -4.6396 ], [ 39.3469, -4.6358 ], [ 39.3853, -4.6465 ], [ 39.3963, -4.6457 ], [ 39.4067, -4.6409 ], [ 39.3915, -4.6 ], [ 39.3921, -4.5969 ], [ 39.4027, -4.595 ], [ 39.4045, -4.591 ], [ 39.4003, -4.5876 ], [ 39.4039, -4.5869 ], [ 39.3943, -4.5792 ], [ 39.3895, -4.588 ], [ 39.3873, -4.5849 ], [ 39.3887, -4.5698 ], [ 39.3845, -4.5575 ], [ 39.3749, -4.553 ], [ 39.3775, -4.5467 ], [ 39.3805, -4.5476 ], [ 39.3757, -4.5426 ], [ 39.3759, -4.5378 ], [ 39.3805, -4.5379 ], [ 39.3845, -4.5443 ], [ 39.3915, -4.5449 ], [ 39.3875, -4.5478 ], [ 39.3919, -4.5513 ], [ 39.4063, -4.5476 ], [ 39.4081, -4.5503 ], [ 39.4149, -4.5431 ], [ 39.4137, -4.5344 ], [ 39.4177, -4.5314 ], [ 39.4269, -4.5364 ], [ 39.4285, -4.5242 ], [ 39.4247, -4.513 ], [ 39.4299, -4.5157 ], [ 39.4319, -4.5124 ], [ 39.4399, -4.5188 ], [ 39.4453, -4.5065 ], [ 39.4507, -4.5127 ], [ 39.4503, -4.5181 ], [ 39.4597, -4.5231 ], [ 39.4571, -4.5236 ], [ 39.4595, -4.5312 ], [ 39.4629, -4.5301 ], [ 39.4716, -4.4981 ], [ 39.4557, -4.4769 ], [ 39.4368, -4.495 ], [ 39.4306, -4.4972 ], [ 39.4252, -4.495 ], [ 39.4158, -4.4813 ], [ 39.4065, -4.4881 ], [ 39.3983, -4.4843 ], [ 39.3881, -4.4931 ], [ 39.3799, -4.4833 ], [ 39.3726, -4.4639 ], [ 39.3683, -4.4598 ], [ 39.3689, -4.4516 ], [ 39.3604, -4.4473 ], [ 39.3495, -4.4494 ], [ 39.3468, -4.4458 ], [ 39.3477, -4.4331 ], [ 39.3398, -4.4278 ], [ 39.3375, -4.4218 ], [ 39.3388, -4.4144 ], [ 39.3259, -4.4166 ], [ 39.3208, -4.4049 ] ] ] ] } },
{ "type": "Feature", "properties": { "iso3": "KEN", "unit_id": "43622606B17694385537355", "unit_name": "Matuga" }, "geometry": { "type": "Polygon", "coordinates": [ [ [ 39.5813, -4.1125 ], [ 39.5846, -4.1013 ], [ 39.5786, -4.0792 ], [ 39.5694, -4.0824 ], [ 39.5536, -4.076 ], [ 39.5345, -4.0759 ], [ 39.5285, -4.0725 ], [ 39.5154, -4.0737 ], [ 39.5067, -4.0792 ], [ 39.5054, -4.0863 ], [ 39.5088, -4.0896 ], [ 39.5136, -4.086 ], [ 39.5203, -4.0928 ], [ 39.5092, -4.1042 ], [ 39.5039, -4.1029 ], [ 39.5012, -4.1058 ], [ 39.4965, -4.1025 ], [ 39.4959, -4.1122 ], [ 39.4804, -4.1169 ], [ 39.4762, -4.1235 ], [ 39.4673, -4.113 ], [ 39.4601, -4.1198 ], [ 39.4536, -4.1186 ], [ 39.4473, -4.1345 ], [ 39.4435, -4.1345 ], [ 39.4413, -4.1273 ], [ 39.4377, -4.1262 ], [ 39.4365, -4.1373 ], [ 39.4303, -4.1398 ], [ 39.4121, -4.1577 ], [ 39.4093, -4.155 ], [ 39.3999, -4.1599 ], [ 39.3887, -4.1555 ], [ 39.3749, -4.1679 ], [ 39.3709, -4.1638 ], [ 39.3779, -4.1552 ], [ 39.3723, -4.1476 ], [ 39.3636, -4.1583 ], [ 39.3587, -4.1531 ], [ 39.3481, -4.1538 ], [ 39.3327, -4.1479 ], [ 39.3225, -4.1531 ], [ 39.318, -4.1448 ], [ 39.3111, -4.151 ], [ 39.302, -4.1502 ], [ 39.2934, -4.1698 ], [ 39.2965, -4.1755 ], [ 39.2952, -4.187 ], [ 39.281, -4.2144 ], [ 39.2449, -4.2272 ], [ 39.2367, -4.2148 ], [ 39.2294, -4.2251 ], [ 39.2252, -4.2389 ], [ 39.2098, -4.2603 ], [ 39.1682, -4.2978 ], [ 39.1668, -4.3021 ], [ 39.1712, -4.3126 ], [ 39.1659, -4.3215 ], [ 39.1672, -4.3241 ], [ 39.1631, -4.3226 ], [ 39.1597, -4.3264 ], [ 39.1566, -4.3359 ], [ 39.1675, -4.3493 ], [ 39.1741, -4.3461 ], [ 39.174, -4.3687 ], [ 39.1777, -4.3739 ], [ 39.1816, -4.3743 ], [ 39.1827, -4.3839 ], [ 39.1901, -4.3876 ], [ 39.1962, -4.3818 ], [ 39.1981, -4.385 ], [ 39.203, -4.3853 ], [ 39.2047, -4.3806 ], [ 39.2097, -4.382 ], [ 39.2136, -4.3777 ], [ 39.2217, -4.3823 ], [ 39.2246, -4.3791 ], [ 39.2376, -4.3832 ], [ 39.2442, -4.3968 ], [ 39.2506, -4.3889 ], [ 39.2562, -4.3918 ], [ 39.2718, -4.3858 ], [ 39.2872, -4.3931 ], [ 39.2918, -4.3925 ], [ 39.2971, -4.4009 ], [ 39.3014, -4.3998 ], [ 39.3056, -4.4042 ], [ 39.3143, -4.4022 ], [ 39.3208, -4.4049 ], [ 39.3214, -4.3925 ], [ 39.3274, -4.384 ], [ 39.3934, -4.3959 ], [ 39.4547, -4.3404 ], [ 39.4676, -4.3334 ], [ 39.4807, -4.3035 ], [ 39.4861, -4.3073 ], [ 39.504, -4.2879 ], [ 39.5278, -4.2812 ], [ 39.5353, -4.2666 ], [ 39.5592, -4.2479 ], [ 39.5635, -4.248 ], [ 39.5628, -4.252 ], [ 39.5673, -4.2579 ], [ 39.569, -4.2556 ], [ 39.5764, -4.2602 ], [ 39.5819, -4.2594 ], [ 39.5835, -4.2543 ], [ 39.5971, -4.2549 ], [ 39.6001, -4.2504 ], [ 39.6144, -4.1995 ], [ 39.6427, -4.1524 ], [ 39.626, -4.1415 ], [ 39.6378, -4.1183 ], [ 39.6329, -4.1175 ], [ 39.6091, -4.0879 ], [ 39.5983, -4.101 ], [ 39.6002, -4.1079 ], [ 39.5958, -4.1137 ], [ 39.5753, -4.1199 ], [ 39.5813, -4.1125 ] ] ] } },
{ "type": "Feature", "properties": { "iso3": "KEN", "unit_id": "43622606B72162327107836", "unit_name": "Kinango" }, "geometry": { "type": "Polygon", "coordinates": [ [ [ 39.5697, -3.9916 ], [ 39.5557, -3.984 ], [ 39.55, -3.9859 ], [ 39.5456, -3.9949 ], [ 39.5448, -3.9913 ], [ 39.5401, -3.9901 ], [ 39.546, -3.9775 ], [ 39.5477, -3.9647 ], [ 39.5449, -3.9568 ], [ 39.5402, -3.9576 ], [ 39.5278, -3.9469 ], [ 39.5303, -3.9346 ], [ 39.5216, -3.9282 ], [ 39.5209, -3.9173 ], [ 39.517, -3.913 ], [ 39.4999, -3.9022 ], [ 39.4968, -3.8866 ], [ 39.4856, -3.881 ], [ 39.4667, -3.8588 ], [ 39.4506, -3.8533 ], [ 39.4338, -3.8321 ], [ 39.4217, -3.8259 ], [ 39.4196, -3.8205 ], [ 39.413, -3.8202 ], [ 39.4094, -3.8242 ], [ 39.4037, -3.821 ], [ 39.3989, -3.8256 ], [ 39.394, -3.8181 ], [ 39.379, -3.8075 ], [ 39.3817, -3.7972 ], [ 39.3769, -3.7932 ], [ 39.3896, -3.7822 ], [ 39.3893, -3.7753 ], [ 39.3843, -3.7746 ], [ 39.3832, -3.771 ], [ 39.3916, -3.7676 ], [ 39.395, -3.7533 ], [ 39.3906, -3.7368 ], [ 39.3766, -3.7407 ], [ 39.3598, -3.7309 ], [ 39.3576, -3.7175 ], [ 39.3475, -3.7026 ], [ 39.3474, -3.6925 ], [ 39.3532, -3.6892 ], [ 39.3539, -3.6605 ], [ 39.3566, -3.6547 ], [ 39.3503, -3.6377 ], [ 39.3434, -3.6351 ], [ 39.347, -3.6209 ], [ 39.3468, -3.5978 ], [ 39.325, -3.5845 ], [ 39.3182, -3.575 ], [ 39.3205, -3.5674 ], [ 39.3186, -3.5643 ], [ 39.2952, -3.5695 ], [ 39.0872, -3.5696 ], [ 39.0561, -3.6845 ], [ 38.9685, -3.6335 ], [ 38.9305, -3.6958 ], [ 39.0351, -3.7583 ], [ 38.946, -3.9595 ], [ 38.4457, -4.138 ], [ 38.6079, -4.2509 ], [ 39.0002, -4.251 ], [ 38.994, -4.2116 ], [ 38.9989, -4.2114 ], [ 39.0095, -4.2231 ], [ 39.025, -4.2259 ], [ 39.041, -4.2076 ], [ 39.0432, -4.1959 ], [ 39.053, -4.1935 ], [ 39.0556, -4.2067 ], [ 39.0625, -4.2105 ], [ 39.0672, -4.2009 ], [ 39.076, -4.2036 ], [ 39.0719, -4.1947 ], [ 39.0795, -4.1914 ], [ 39.0847, -4.1954 ], [ 39.0888, -4.2099 ], [ 39.0801, -4.2102 ], [ 39.0834, -4.2176 ], [ 39.0795, -4.2234 ], [ 39.0936, -4.2289 ], [ 39.0976, -4.2344 ], [ 39.1049, -4.2275 ], [ 39.109, -4.2279 ], [ 39.108, -4.2392 ], [ 39.1288, -4.2563 ], [ 39.1268, -4.265 ], [ 39.1304, -4.2676 ], [ 39.1322, -4.2887 ], [ 39.1275, -4.297 ], [ 39.1336, -4.3116 ], [ 39.1392, -4.3172 ], [ 39.1554, -4.3179 ], [ 39.1597, -4.3264 ], [ 39.1631, -4.3226 ], [ 39.1672, -4.3241 ], [ 39.1659, -4.3215 ], [ 39.1712, -4.3126 ], [ 39.1668, -4.3021 ], [ 39.1682, -4.2978 ], [ 39.2098, -4.2603 ], [ 39.2252, -4.2389 ], [ 39.2294, -4.2251 ], [ 39.2367, -4.2148 ], [ 39.2449, -4.2272 ], [ 39.281, -4.2144 ], [ 39.2952, -4.187 ], [ 39.2965, -4.1755 ], [ 39.2934, -4.1698 ], [ 39.302, -4.1502 ], [ 39.3111, -4.151 ], [ 39.318, -4.1448 ], [ 39.3225, -4.1531 ], [ 39.3327, -4.1479 ], [ 39.3481, -4.1538 ], [ 39.3587, -4.1531 ], [ 39.3636, -4.1583 ], [ 39.3723, -4.1476 ], [ 39.3779, -4.1552 ], [ 39.3709, -4.1638 ], [ 39.3749, -4.1679 ], [ 39.3887, -4.1555 ], [ 39.3999, -4.1599 ], [ 39.4059, -4.1558 ], [ 39.4121, -4.1577 ], [ 39.4161, -4.1555 ], [ 39.4303, -4.1398 ], [ 39.4365, -4.1373 ], [ 39.4377, -4.1262 ], [ 39.4413, -4.1273 ], [ 39.4435, -4.1345 ], [ 39.4473, -4.1345 ], [ 39.4536, -4.1186 ], [ 39.4601, -4.1198 ], [ 39.4673, -4.113 ], [ 39.4762, -4.1235 ], [ 39.4804, -4.1169 ], [ 39.4959, -4.1122 ], [ 39.4965, -4.1025 ], [ 39.5012, -4.1058 ], [ 39.5039, -4.1029 ], [ 39.5092, -4.1042 ], [ 39.5203, -4.0928 ], [ 39.5136, -4.086 ], [ 39.5088, -4.0896 ], [ 39.5054, -4.0863 ], [ 39.5067, -4.0792 ], [ 39.5154, -4.0737 ], [ 39.5285, -4.0725 ], [ 39.5345, -4.0759 ], [ 39.5536, -4.076 ], [ 39.5694, -4.0824 ], [ 39.5786, -4.0792 ], [ 39.5808, -4.0358 ], [ 39.5762, -4.029 ], [ 39.5631, -4.0208 ], [ 39.5697, -3.9916 ] ] ] } },
{ "type": "Feature", "properties": { "iso3": "KEN", "unit_id": "43622606B52253836968825", "unit_name": "Kilifi North" }, "geometry": { "type": "Polygon", "coordinates": [ [ [ 40.1224, -3.2801 ], [ 40.0546, -3.2806 ], [ 40.0542, -3.2687 ], [ 40.0393, -3.2685 ], [ 40.0393, -3.2538 ], [ 40.0124, -3.2434 ], [ 40.0139, -3.2334 ], [ 40.0089, -3.22 ], [ 39.9867, -3.214 ], [ 39.9788, -3.2469 ], [ 39.9179, -3.2507 ], [ 39.9178, -3.3602 ], [ 39.8087, -3.2926 ], [ 39.8099, -3.3135 ], [ 39.8, -3.3456 ], [ 39.8104, -3.3763 ], [ 39.8053, -3.5149 ], [ 39.7947, -3.5431 ], [ 39.7479, -3.5816 ], [ 39.7541, -3.5928 ], [ 39.754, -3.603 ], [ 39.7648, -3.603 ], [ 39.7767, -3.664 ], [ 39.7736, -3.6696 ], [ 39.778, -3.6845 ], [ 39.7747, -3.6931 ], [ 39.7812, -3.7131 ], [ 39.7974, -3.7102 ], [ 39.8052, -3.7029 ], [ 39.8154, -3.7102 ], [ 39.806, -3.7305 ], [ 39.8047, -3.744 ], [ 39.8002, -3.7455 ], [ 39.7964, -3.7549 ], [ 39.8165, -3.7633 ], [ 39.8074, -3.781 ], [ 39.8203, -3.7849 ], [ 39.8227, -3.7739 ], [ 39.8267, -3.7735 ], [ 39.8272, -3.7686 ], [ 39.8423, -3.7723 ], [ 39.8615, -3.7177 ], [ 39.8609, -3.7116 ], [ 39.8699, -3.6941 ], [ 39.8677, -3.6791 ], [ 39.8646, -3.6768 ], [ 39.8543, -3.6802 ], [ 39.8404, -3.6753 ], [ 39.8388, -3.6815 ], [ 39.8355, -3.6817 ], [ 39.84, -3.6737 ], [ 39.8545, -3.6784 ], [ 39.8656, -3.6747 ], [ 39.8684, -3.6654 ], [ 39.8668, -3.6509 ], [ 39.8605, -3.6386 ], [ 39.8506, -3.6346 ], [ 39.8431, -3.6355 ], [ 39.8382, -3.6297 ], [ 39.8297, -3.6363 ], [ 39.8273, -3.634 ], [ 39.8192, -3.6457 ], [ 39.8105, -3.6461 ], [ 39.7973, -3.6402 ], [ 39.7859, -3.6207 ], [ 39.7913, -3.621 ], [ 39.7942, -3.6278 ], [ 39.8066, -3.6252 ], [ 39.8103, -3.6295 ], [ 39.8103, -3.6221 ], [ 39.804, -3.6123 ], [ 39.7801, -3.6109 ], [ 39.7701, -3.588 ], [ 39.7784, -3.5893 ], [ 39.7766, -3.5825 ], [ 39.7817, -3.5814 ], [ 39.783, -3.5846 ], [ 39.7777, -3.5948 ], [ 39.7816, -3.6103 ], [ 39.7991, -3.6038 ], [ 39.8158, -3.6049 ], [ 39.8228, -3.6089 ], [ 39.8299, -3.6215 ], [ 39.8403, -3.6251 ], [ 39.8451, -3.6325 ], [ 39.8652, -3.6355 ], [ 39.8699, -3.6319 ], [ 39.9011, -3.567 ], [ 39.9249, -3.5004 ], [ 39.9257, -3.4908 ], [ 39.9681, -3.4019 ], [ 39.9646, -3.3989 ], [ 39.9652, -3.389 ], [ 39.9515, -3.3847 ], [ 39.9469, -3.3773 ], [ 39.9348, -3.3881 ], [ 39.9434, -3.3744 ], [ 39.9411, -3.3718 ], [ 39.9359, -3.3734 ], [ 39.9337, -3.37 ], [ 39.9396, -3.3656 ], [ 39.9373, -3.3473 ], [ 39.9443, -3.3457 ], [ 39.9461, -3.3483 ], [ 39.9536, -3.3438 ], [ 39.9547, -3.3401 ], [ 39.9485, -3.3357 ], [ 39.9507, -3.329 ], [ 39.9958, -3.3132 ], [ 39.9828, -3.3312 ], [ 39.9923, -3.3501 ], [ 39.9891, -3.3549 ], [ 39.9917, -3.358 ], [ 39.9896, -3.3631 ], [ 39.9968, -3.3641 ], [ 39.992, -3.3685 ], [ 39.9893, -3.3659 ], [ 39.9861, -3.3684 ], [ 39.9814, -3.3665 ], [ 39.9705, -3.375 ], [ 39.9686, -3.385 ], [ 39.9751, -3.3867 ], [ 40.0043, -3.3624 ], [ 40.0141, -3.3595 ], [ 40.0146, -3.3552 ], [ 40.0166, -3.3581 ], [ 40.0253, -3.352 ], [ 40.0245, -3.3499 ], [ 40.0277, -3.3515 ], [ 40.0737, -3.3173 ], [ 40.1065, -3.2999 ], [ 40.1192, -3.2887 ], [ 40.1224, -3.2801 ] ] ] } },
{ "type": "Feature", "properties": { "iso3": "KEN", "unit_id": "43622606B81729492444196", "unit_name": "Kilifi South" }, "geometry": { "type": "Polygon", "coordinates": [ [ [ 39.6903, -3.9234 ], [ 39.6913, -3.9054 ], [ 39.6973, -3.9164 ], [ 39.7023, -3.9095 ], [ 39.7093, -3.9097 ], [ 39.7091, -3.8985 ], [ 39.7141, -3.8986 ], [ 39.7162, -3.8931 ], [ 39.7149, -3.9039 ], [ 39.7, -3.924 ], [ 39.7039, -3.9339 ], [ 39.7079, -3.933 ], [ 39.7082, -3.9424 ], [ 39.7126, -3.948 ], [ 39.7282, -3.9515 ], [ 39.7357, -3.9474 ], [ 39.7519, -3.9559 ], [ 39.7583, -3.9509 ], [ 39.7655, -3.9504 ], [ 39.775, -3.9387 ], [ 39.7878, -3.904 ], [ 39.8092, -3.8647 ], [ 39.8294, -3.8182 ], [ 39.8297, -3.8081 ], [ 39.8423, -3.7723 ], [ 39.8272, -3.7686 ], [ 39.8267, -3.7735 ], [ 39.8227, -3.7739 ], [ 39.8203, -3.7849 ], [ 39.8074, -3.781 ], [ 39.8165, -3.7633 ], [ 39.7964, -3.7549 ], [ 39.8002, -3.7455 ], [ 39.8047, -3.744 ], [ 39.806, -3.7305 ], [ 39.8154, -3.7102 ], [ 39.8052, -3.7029 ], [ 39.7974, -3.7102 ], [ 39.7812, -3.7131 ], [ 39.7747, -3.6931 ], [ 39.778, -3.6845 ], [ 39.7736, -3.6696 ], [ 39.7634, -3.6782 ], [ 39.6778, -3.6763 ], [ 39.6682, -3.6785 ], [ 39.6646, -3.6944 ], [ 39.6687, -3.7058 ], [ 39.6609, -3.7086 ], [ 39.6562, -3.7244 ], [ 39.663, -3.7572 ], [ 39.6503, -3.7603 ], [ 39.649, -3.7632 ], [ 39.6594, -3.7937 ], [ 39.6582, -3.8008 ], [ 39.6684, -3.7999 ], [ 39.67, -3.8171 ], [ 39.6866, -3.8255 ], [ 39.6973, -3.8492 ], [ 39.6969, -3.856 ], [ 39.7026, -3.8624 ], [ 39.6933, -3.8667 ], [ 39.6994, -3.8912 ], [ 39.6722, -3.9203 ], [ 39.6903, -3.9234 ] ] ] } },
{ "type": "Feature", "properties": { "iso3": "KEN", "unit_id": "43622606B10372675595130", "unit_name": "Kaloleni" }, "geometry": { "type": "Polygon", "coordinates": [ [ [ 39.5209, -3.9173 ], [ 39.5307, -3.9046 ], [ 39.5409, -3.8977 ], [ 39.5503, -3.8957 ], [ 39.5545, -3.886 ], [ 39.5496, -3.8728 ], [ 39.5524, -3.8661 ], [ 39.5747, -3.855 ], [ 39.5759, -3.84 ], [ 39.605, -3.8386 ], [ 39.6055, -3.8444 ], [ 39.6106, -3.8505 ], [ 39.6148, -3.8429 ], [ 39.6292, -3.8373 ], [ 39.6307, -3.8175 ], [ 39.642, -3.8066 ], [ 39.638, -3.7937 ], [ 39.6387, -3.7808 ], [ 39.6441, -3.7823 ], [ 39.6535, -3.7759 ], [ 39.6503, -3.7603 ], [ 39.663, -3.7572 ], [ 39.6562, -3.7244 ], [ 39.6609, -3.7086 ], [ 39.6687, -3.7058 ], [ 39.6646, -3.6944 ], [ 39.6682, -3.6785 ], [ 39.6538, -3.6796 ], [ 39.6415, -3.6866 ], [ 39.6315, -3.6543 ], [ 39.6275, -3.6596 ], [ 39.6222, -3.6586 ], [ 39.6213, -3.641 ], [ 39.6155, -3.6441 ], [ 39.6114, -3.6425 ], [ 39.6093, -3.6513 ], [ 39.6024, -3.6564 ], [ 39.6026, -3.6518 ], [ 39.5947, -3.6459 ], [ 39.593, -3.6556 ], [ 39.5841, -3.6577 ], [ 39.5842, -3.6636 ], [ 39.5781, -3.6642 ], [ 39.5688, -3.6581 ], [ 39.5688, -3.6511 ], [ 39.549, -3.6542 ], [ 39.5478, -3.6505 ], [ 39.553, -3.6396 ], [ 39.5493, -3.6365 ], [ 39.5426, -3.6392 ], [ 39.5314, -3.6297 ], [ 39.5265, -3.6322 ], [ 39.5239, -3.6775 ], [ 39.489, -3.6724 ], [ 39.471, -3.6648 ], [ 39.4478, -3.6657 ], [ 39.4395, -3.6787 ], [ 39.4387, -3.6866 ], [ 39.4125, -3.6643 ], [ 39.3673, -3.6496 ], [ 39.3503, -3.6377 ], [ 39.3566, -3.6547 ], [ 39.3539, -3.6605 ], [ 39.3532, -3.6892 ], [ 39.3474, -3.6925 ], [ 39.3475, -3.7026 ], [ 39.3576, -3.7175 ], [ 39.3598, -3.7309 ], [ 39.3766, -3.7407 ], [ 39.3906, -3.7368 ], [ 39.395, -3.7533 ], [ 39.3916, -3.7676 ], [ 39.3832, -3.771 ], [ 39.3843, -3.7746 ], [ 39.3893, -3.7753 ], [ 39.3896, -3.7822 ], [ 39.3769, -3.7932 ], [ 39.3817, -3.7972 ], [ 39.379, -3.8075 ], [ 39.394, -3.8181 ], [ 39.3989, -3.8256 ], [ 39.4037, -3.821 ], [ 39.4094, -3.8242 ], [ 39.413, -3.8202 ], [ 39.4196, -3.8205 ], [ 39.4217, -3.8259 ], [ 39.4338, -3.8321 ], [ 39.4506, -3.8533 ], [ 39.4667, -3.8588 ], [ 39.4856, -3.881 ], [ 39.4968, -3.8866 ], [ 39.4999, -3.9022 ], [ 39.5209, -3.9173 ] ] ] } },
{ "type": "Feature", "properties": { "iso3": "KEN", "unit_id": "43622606B51146499372255", "unit_name": "Rabai" }, "geometry": { "type": "Polygon", "coordinates": [ [ [ 39.5988, -3.9501 ], [ 39.6103, -3.9593 ], [ 39.6211, -3.9554 ], [ 39.6216, -3.9601 ], [ 39.6276, -3.9636 ], [ 39.6409, -3.9575 ], [ 39.6481, -3.9593 ], [ 39.6462, -3.9506 ], [ 39.6535, -3.9448 ], [ 39.6484, -3.9401 ], [ 39.6498, -3.9354 ], [ 39.6402, -3.9297 ], [ 39.6421, -3.9257 ], [ 39.6722, -3.9203 ], [ 39.6994, -3.8912 ], [ 39.6933, -3.8667 ], [ 39.7026, -3.8624 ], [ 39.6969, -3.856 ], [ 39.6973, -3.8492 ], [ 39.6908, -3.832 ], [ 39.6866, -3.8255 ], [ 39.67, -3.8171 ], [ 39.6684, -3.7999 ], [ 39.6582, -3.8008 ], [ 39.6594, -3.7937 ], [ 39.6535, -3.7759 ], [ 39.6441, -3.7823 ], [ 39.6387, -3.7808 ], [ 39.638, -3.7937 ], [ 39.642, -3.8066 ], [ 39.6307, -3.8175 ], [ 39.6292, -3.8373 ], [ 39.6148, -3.8429 ], [ 39.6106, -3.8505 ], [ 39.6055, -3.8444 ], [ 39.605, -3.8386 ], [ 39.5759, -3.84 ], [ 39.5747, -3.855 ], [ 39.5524, -3.8661 ], [ 39.5496, -3.8728 ], [ 39.5545, -3.886 ], [ 39.5503, -3.8957 ], [ 39.5409, -3.8977 ], [ 39.5307, -3.9046 ], [ 39.5209, -3.9173 ], [ 39.5216, -3.9282 ], [ 39.5303, -3.9346 ], [ 39.5278, -3.9469 ], [ 39.5402, -3.9576 ], [ 39.5449, -3.9568 ], [ 39.5477, -3.9647 ], [ 39.546, -3.9775 ], [ 39.5398, -3.9872 ], [ 39.5456, -3.9949 ], [ 39.55, -3.9859 ], [ 39.5557, -3.984 ], [ 39.5697, -3.9916 ], [ 39.5754, -3.9842 ], [ 39.5689, -3.9792 ], [ 39.5693, -3.975 ], [ 39.5832, -3.9698 ], [ 39.5837, -3.9654 ], [ 39.5988, -3.9501 ] ] ] } },
{ "type": "Feature", "properties": { "iso3": "KEN", "unit_id": "43622606B92192029126352", "unit_name": "Ganze" }, "geometry": { "type": "Polygon", "coordinates": [ [ [ 39.3434, -3.6351 ], [ 39.3673, -3.6496 ], [ 39.4125, -3.6643 ], [ 39.4387, -3.6866 ], [ 39.4395, -3.6787 ], [ 39.4478, -3.6657 ], [ 39.471, -3.6648 ], [ 39.489, -3.6724 ], [ 39.5239, -3.6775 ], [ 39.5265, -3.6322 ], [ 39.5314, -3.6297 ], [ 39.5426, -3.6392 ], [ 39.5493, -3.6365 ], [ 39.553, -3.6396 ], [ 39.5478, -3.6505 ], [ 39.549, -3.6542 ], [ 39.5688, -3.6511 ], [ 39.5688, -3.6581 ], [ 39.5781, -3.6642 ], [ 39.5842, -3.6636 ], [ 39.5841, -3.6577 ], [ 39.593, -3.6556 ], [ 39.5947, -3.6459 ], [ 39.6026, -3.6518 ], [ 39.6024, -3.6564 ], [ 39.6093, -3.6513 ], [ 39.6114, -3.6425 ], [ 39.6155, -3.6441 ], [ 39.6213, -3.641 ], [ 39.6222, -3.6586 ], [ 39.6275, -3.6596 ], [ 39.6315, -3.6543 ], [ 39.6415, -3.6866 ], [ 39.6538, -3.6796 ], [ 39.6778, -3.6763 ], [ 39.7634, -3.6782 ], [ 39.7736, -3.6696 ], [ 39.7767, -3.664 ], [ 39.7648, -3.603 ], [ 39.754, -3.603 ], [ 39.7541, -3.5928 ], [ 39.7479, -3.5816 ], [ 39.7947, -3.5431 ], [ 39.8053, -3.5149 ], [ 39.8104, -3.3763 ], [ 39.8, -3.3456 ], [ 39.8099, -3.3135 ], [ 39.8087, -3.2926 ], [ 39.8046, -3.2805 ], [ 39.8155, -3.2569 ], [ 39.8193, -3.2367 ], [ 39.8247, -3.2316 ], [ 39.8152, -3.2077 ], [ 39.7691, -3.2463 ], [ 39.7576, -3.2464 ], [ 39.7417, -3.2513 ], [ 39.7593, -3.2064 ], [ 39.69, -3.1858 ], [ 39.5059, -3.2571 ], [ 39.4476, -3.2567 ], [ 39.4339, -3.3497 ], [ 39.1465, -3.342 ], [ 39.0872, -3.5696 ], [ 39.2952, -3.5695 ], [ 39.3186, -3.5643 ], [ 39.3205, -3.5674 ], [ 39.3182, -3.575 ], [ 39.325, -3.5845 ], [ 39.3468, -3.5978 ], [ 39.347, -3.6209 ], [ 39.3434, -3.6351 ] ] ] } },
{ "type": "Feature", "properties": { "iso3": "KEN", "unit_id": "43622606B60947950059492", "unit_name": "Malindi" }, "geometry": { "type": "Polygon", "coordinates": [ [ [ 40.1224, -3.2801 ], [ 40.1251, -3.2759 ], [ 40.1233, -3.2709 ], [ 40.1322, -3.253 ], [ 40.1258, -3.2456 ], [ 40.1288, -3.2217 ], [ 40.1209, -3.2083 ], [ 40.1098, -3.2078 ], [ 40.1051, -3.2025 ], [ 40.0725, -3.1872 ], [ 40.0772, -3.1619 ], [ 40.0725, -3.157 ], [ 40.0642, -3.1603 ], [ 40.0614, -3.1559 ], [ 40.0496, -3.1558 ], [ 40.0415, -3.1599 ], [ 40.0298, -3.148 ], [ 40.0198, -3.1491 ], [ 40.019, -3.1559 ], [ 40.0089, -3.1558 ], [ 40.0029, -3.1422 ], [ 39.9965, -3.1371 ], [ 39.9864, -3.1415 ], [ 39.9944, -3.1579 ], [ 39.9868, -3.1598 ], [ 39.983, -3.1556 ], [ 39.9715, -3.1686 ], [ 39.9749, -3.1761 ], [ 39.9675, -3.1786 ], [ 39.9543, -3.1906 ], [ 39.9492, -3.1853 ], [ 39.9371, -3.186 ], [ 39.9231, -3.1942 ], [ 39.9191, -3.1785 ], [ 39.9089, -3.1741 ], [ 39.9115, -3.1674 ], [ 39.9098, -3.1635 ], [ 39.9036, -3.1639 ], [ 39.9019, -3.1744 ], [ 39.8968, -3.1759 ], [ 39.8962, -3.1675 ], [ 39.8904, -3.1617 ], [ 39.8679, -3.1595 ], [ 39.8686, -3.1486 ], [ 39.8583, -3.1373 ], [ 39.8432, -3.1398 ], [ 39.8453, -3.1283 ], [ 39.8428, -3.1239 ], [ 39.8248, -3.1242 ], [ 39.8273, -3.1136 ], [ 39.8316, -3.1096 ], [ 39.8229, -3.1037 ], [ 39.8154, -3.1041 ], [ 39.7985, -3.1152 ], [ 39.7836, -3.1141 ], [ 39.77, -3.1205 ], [ 39.7651, -3.1275 ], [ 39.7371, -3.1196 ], [ 39.7165, -3.1266 ], [ 39.7095, -3.1344 ], [ 39.6897, -3.1379 ], [ 39.6932, -3.154 ], [ 39.705, -3.1673 ], [ 39.7155, -3.1876 ], [ 39.7154, -3.1929 ], [ 39.7593, -3.2064 ], [ 39.7417, -3.2513 ], [ 39.7576, -3.2464 ], [ 39.7691, -3.2463 ], [ 39.8152, -3.2077 ], [ 39.8247, -3.2316 ], [ 39.8193, -3.2367 ], [ 39.8155, -3.2569 ], [ 39.8046, -3.2805 ], [ 39.8087, -3.2926 ], [ 39.9178, -3.3602 ], [ 39.9179, -3.2507 ], [ 39.9788, -3.2469 ], [ 39.9867, -3.214 ], [ 40.0089, -3.22 ], [ 40.0139, -3.2334 ], [ 40.0124, -3.2434 ], [ 40.0393, -3.2538 ], [ 40.0393, -3.2685 ], [ 40.0542, -3.2687 ], [ 40.0546, -3.2806 ], [ 40.1224, -3.2801 ] ] ] } },
{ "type": "Feature", "properties": { "iso3": "KEN", "unit_id": "43622606B53504368158965", "unit_name": "Magarini" }, "geometry": { "type": "Polygon", "coordinates": [ [ [ 39.7154, -3.1929 ], [ 39.7155, -3.1876 ], [ 39.705, -3.1673 ], [ 39.6932, -3.154 ], [ 39.6897, -3.1379 ], [ 39.7095, -3.1344 ], [ 39.7165, -3.1266 ], [ 39.7371, -3.1196 ], [ 39.7651, -3.1275 ], [ 39.77, -3.1205 ], [ 39.7836, -3.1141 ], [ 39.7985, -3.1152 ], [ 39.8154, -3.1041 ], [ 39.8229, -3.1037 ], [ 39.8316, -3.1096 ], [ 39.8273, -3.1136 ], [ 39.8248, -3.1242 ], [ 39.8428, -3.1239 ], [ 39.8453, -3.1283 ], [ 39.8432, -3.1398 ], [ 39.8583, -3.1373 ], [ 39.8686, -3.1486 ], [ 39.8679, -3.1595 ], [ 39.8904, -3.1617 ], [ 39.8962, -3.1675 ], [ 39.8968, -3.1759 ], [ 39.9019, -3.1744 ], [ 39.9036, -3.1639 ], [ 39.9098, -3.1635 ], [ 39.9115, -3.1674 ], [ 39.9089, -3.1741 ], [ 39.9191, -3.1785 ], [ 39.9231, -3.1942 ], [ 39.9371, -3.186 ], [ 39.9492, -3.1853 ], [ 39.9543, -3.1906 ], [ 39.9675, -3.1786 ], [ 39.9749, -3.1761 ], [ 39.9715, -3.1686 ], [ 39.983, -3.1556 ], [ 39.9868, -3.1598 ], [ 39.9944, -3.1579 ], [ 39.9864, -3.1415 ], [ 39.9965, -3.1371 ], [ 40.0029, -3.1422 ], [ 40.0089, -3.1558 ], [ 40.019, -3.1559 ], [ 40.0198, -3.1491 ], [ 40.0298, -3.148 ], [ 40.0415, -3.1599 ], [ 40.0496, -3.1558 ], [ 40.0614, -3.1559 ], [ 40.0642, -3.1603 ], [ 40.0725, -3.157 ], [ 40.0772, -3.1619 ], [ 40.0725, -3.1872 ], [ 40.1051, -3.2025 ], [ 40.1098, -3.2078 ], [ 40.1209, -3.2083 ], [ 40.1203, -3.2002 ], [ 40.1251, -3.1876 ], [ 40.1419, -3.1666 ], [ 40.1628, -3.1309 ], [ 40.1556, -3.0862 ], [ 40.1603, -3.0769 ], [ 40.1742, -3.0677 ], [ 40.1694, -3.0531 ], [ 40.1729, -3.0418 ], [ 40.1813, -3.0335 ], [ 40.1955, -3.028 ], [ 40.1964, -3.0166 ], [ 40.2042, -3.0059 ], [ 40.221, -3.0003 ], [ 40.2317, -2.9904 ], [ 40.2367, -2.9934 ], [ 40.24, -2.9862 ], [ 40.2379, -2.9758 ], [ 40.2295, -2.9777 ], [ 40.2126, -2.9912 ], [ 40.1993, -2.9885 ], [ 40.1972, -2.9833 ], [ 40.19, -2.9843 ], [ 40.1718, -2.9543 ], [ 40.1648, -2.9479 ], [ 40.164, -2.9236 ], [ 40.1736, -2.8849 ], [ 40.17, -2.8772 ], [ 40.1712, -2.8569 ], [ 40.185, -2.8168 ], [ 40.186, -2.8032 ], [ 40.1836, -2.7992 ], [ 40.187, -2.7759 ], [ 40.182, -2.7707 ], [ 40.1948, -2.7418 ], [ 40.1937, -2.7381 ], [ 40.1875, -2.7344 ], [ 40.1866, -2.7372 ], [ 40.1826, -2.721 ], [ 39.8921, -2.3091 ], [ 39.219, -3.0693 ], [ 39.1465, -3.342 ], [ 39.4339, -3.3497 ], [ 39.4476, -3.2567 ], [ 39.5059, -3.2571 ], [ 39.69, -3.1858 ], [ 39.7154, -3.1929 ] ] ] } },
{ "type": "Feature", "properties": { "iso3": "KEN", "unit_id": "43622606B2357094128852", "unit_name": "Garsen" }, "geometry": { "type": "Polygon", "coordinates": [ [ [ 40.1826, -2.721 ], [ 40.1872, -2.7313 ], [ 40.1939, -2.7344 ], [ 40.1979, -2.7324 ], [ 40.2219, -2.6944 ], [ 40.2633, -2.6465 ], [ 40.3399, -2.5931 ], [ 40.3437, -2.5877 ], [ 40.3528, -2.5864 ], [ 40.386, -2.5679 ], [ 40.4456, -2.5427 ], [ 40.4893, -2.532 ], [ 40.5218, -2.529 ], [ 40.5137, -2.5238 ], [ 40.5138, -2.521 ], [ 40.5385, -2.5339 ], [ 40.5577, -2.5388 ], [ 40.573, -2.5494 ], [ 40.6084, -2.5584 ], [ 40.6458, -2.5329 ], [ 40.6856, -2.4883 ], [ 40.7363, -2.4558 ], [ 40.6633, -2.4664 ], [ 40.4437, -2.3994 ], [ 40.4451, -2.4063 ], [ 40.4326, -2.417 ], [ 40.4259, -2.4179 ], [ 40.4253, -2.4218 ], [ 40.4128, -2.4239 ], [ 40.4072, -2.4302 ], [ 40.399, -2.4311 ], [ 40.3852, -2.4272 ], [ 40.3816, -2.422 ], [ 40.371, -2.4224 ], [ 40.3673, -2.4175 ], [ 40.3572, -2.4146 ], [ 40.3465, -2.3986 ], [ 40.2504, -2.3967 ], [ 40.2503, -2.2482 ], [ 40.2122, -2.0357 ], [ 40.2056, -2.0154 ], [ 40.1961, -1.9998 ], [ 40.1976, -1.9839 ], [ 40.1865, -1.9604 ], [ 40.1896, -1.9307 ], [ 40.187, -1.8932 ], [ 40.0728, -1.8969 ], [ 40.0602, -1.8378 ], [ 40.0465, -1.8021 ], [ 40.0364, -1.7919 ], [ 39.9454, -1.7855 ], [ 39.7667, -1.7837 ], [ 39.7596, -1.7943 ], [ 39.3361, -1.7914 ], [ 39.3109, -1.8256 ], [ 39.2903, -1.844 ], [ 39.284, -1.8542 ], [ 39.2628, -1.8674 ], [ 39.2483, -1.8712 ], [ 39.2508, -1.882 ], [ 39.2421, -1.8973 ], [ 39.1179, -1.9772 ], [ 39.0656, -1.9528 ], [ 39.0342, -1.9257 ], [ 39.0137, -1.915 ], [ 38.7965, -2.3407 ], [ 38.7899, -2.3425 ], [ 38.7882, -2.351 ], [ 38.7835, -2.3549 ], [ 38.7701, -2.3529 ], [ 38.7621, -2.3548 ], [ 38.7565, -2.3614 ], [ 38.7383, -2.3644 ], [ 38.7332, -2.3784 ], [ 38.6952, -2.4097 ], [ 38.6611, -2.418 ], [ 38.6434, -2.418 ], [ 38.634, -2.4165 ], [ 38.6315, -2.4122 ], [ 38.6237, -2.4125 ], [ 39.0794, -3.0428 ], [ 39.081, -3.0513 ], [ 39.0864, -3.0533 ], [ 39.0896, -3.043 ], [ 39.1051, -3.036 ], [ 39.1133, -3.0243 ], [ 39.1283, -3.0193 ], [ 39.134, -3.0412 ], [ 39.1411, -3.0414 ], [ 39.1434, -3.0486 ], [ 39.1529, -3.0451 ], [ 39.1649, -3.066 ], [ 39.1698, -3.0655 ], [ 39.1769, -3.057 ], [ 39.1828, -3.0631 ], [ 39.1977, -3.0611 ], [ 39.2057, -3.0663 ], [ 39.2187, -3.0658 ], [ 39.219, -3.0693 ], [ 39.8921, -2.3091 ], [ 40.1826, -2.721 ] ] ] } },
{ "type": "Feature", "properties": { "iso3": "KEN", "unit_id": "43622606B31274853789945", "unit_name": "Galole" }, "geometry": { "type": "Polygon", "coordinates": [ [ [ 40.187, -1.8932 ], [ 40.1868, -1.8617 ], [ 40.167, -1.8334 ], [ 40.1628, -1.8215 ], [ 40.1578, -1.763 ], [ 40.1706, -1.7255 ], [ 40.1578, -1.6945 ], [ 40.16, -1.6523 ], [ 40.1567, -1.6195 ], [ 40.1468, -1.5918 ], [ 40.1168, -1.5562 ], [ 40.1036, -1.5045 ], [ 40.0877, -1.4762 ], [ 40.0844, -1.4476 ], [ 40.0609, -1.3391 ], [ 40.0494, -1.3147 ], [ 40.0499, -1.2981 ], [ 40.057, -1.2679 ], [ 40.0566, -1.2486 ], [ 40.0387, -1.1994 ], [ 40.0125, -1.1635 ], [ 39.9911, -1.1885 ], [ 39.9827, -1.1895 ], [ 39.9769, -1.2005 ], [ 39.979, -1.2051 ], [ 39.9639, -1.224 ], [ 39.965, -1.2455 ], [ 39.9727, -1.2544 ], [ 39.9725, -1.2653 ], [ 39.9878, -1.2915 ], [ 39.9881, -1.3023 ], [ 39.9036, -1.3023 ], [ 39.8999, -1.2766 ], [ 39.8848, -1.2346 ], [ 39.8617, -1.1881 ], [ 39.0454, -1.0521 ], [ 38.9532, -1.0342 ], [ 38.9618, -1.0528 ], [ 38.9994, -1.6786 ], [ 38.9873, -1.6899 ], [ 38.9798, -1.6889 ], [ 38.9579, -1.7032 ], [ 39.0137, -1.915 ], [ 39.0342, -1.9257 ], [ 39.0656, -1.9528 ], [ 39.1179, -1.9772 ], [ 39.2421, -1.8973 ], [ 39.2508, -1.882 ], [ 39.2483, -1.8712 ], [ 39.2628, -1.8674 ], [ 39.284, -1.8542 ], [ 39.2903, -1.844 ], [ 39.3109, -1.8256 ], [ 39.3361, -1.7914 ], [ 39.7596, -1.7943 ], [ 39.7667, -1.7837 ], [ 39.9454, -1.7855 ], [ 40.0364, -1.7919 ], [ 40.0465, -1.8021 ], [ 40.0602, -1.8378 ], [ 40.0728, -1.8969 ], [ 40.187, -1.8932 ] ] ] } },
{ "type": "Feature", "properties": { "iso3": "KEN", "unit_id": "43622606B79725137491431", "unit_name": "Bura" }, "geometry": { "type": "Polygon", "coordinates": [ [ [ 40.0125, -1.1635 ], [ 39.9963, -1.1204 ], [ 39.9343, -1.0028 ], [ 39.9385, -0.9825 ], [ 39.9374, -0.9642 ], [ 39.9192, -0.9171 ], [ 39.9037, -0.8955 ], [ 39.9055, -0.8782 ], [ 39.901, -0.8335 ], [ 39.8901, -0.8172 ], [ 39.8792, -0.7855 ], [ 39.8628, -0.7611 ], [ 39.8682, -0.739 ], [ 39.8657, -0.7288 ], [ 39.858, -0.7181 ], [ 39.8561, -0.6927 ], [ 39.8434, -0.6718 ], [ 39.8419, -0.6553 ], [ 39.821, -0.6269 ], [ 39.8211, -0.6018 ], [ 39.8185, -0.5943 ], [ 39.8085, -0.5811 ], [ 39.7731, -0.5598 ], [ 39.7579, -0.5472 ], [ 39.7468, -0.5431 ], [ 39.7263, -0.5448 ], [ 39.7264, -0.533 ], [ 39.7228, -0.5255 ], [ 39.7097, -0.5151 ], [ 39.6925, -0.4931 ], [ 39.6333, -0.493 ], [ 39.631, -0.4721 ], [ 39.6366, -0.459 ], [ 39.6268, -0.4491 ], [ 39.6259, -0.431 ], [ 39.6263, -0.3192 ], [ 39.5997, -0.2969 ], [ 39.5821, -0.2677 ], [ 39.565, -0.2532 ], [ 39.5456, -0.2452 ], [ 39.5277, -0.2145 ], [ 39.4527, -0.153 ], [ 39.4351, -0.1456 ], [ 39.4086, -0.1448 ], [ 39.386, -0.1247 ], [ 39.362, -0.1144 ], [ 39.3295, -0.0906 ], [ 39.312, -0.0878 ], [ 39.2601, -0.0931 ], [ 39.2312, -0.0854 ], [ 39.1968, -0.0906 ], [ 39.1577, -0.0795 ], [ 39.1391, -0.0665 ], [ 39.0944, -0.0107 ], [ 39.0725, -0.0031 ], [ 39.0484, -0.0052 ], [ 39.0369, -0.0019 ], [ 39.0183, -0.0022 ], [ 38.9818, -0.0093 ], [ 38.955, -0.0228 ], [ 38.9373, -0.0437 ], [ 38.9109, -0.0402 ], [ 38.8826, -0.0516 ], [ 38.8667, -0.0509 ], [ 38.8574, -0.0472 ], [ 38.8347, -0.0493 ], [ 38.7761, -0.0262 ], [ 38.7609, -0.0262 ], [ 38.7487, -0.0297 ], [ 38.7528, -0.0382 ], [ 38.7511, -0.0469 ], [ 38.7647, -0.055 ], [ 38.7597, -0.0634 ], [ 38.7664, -0.0689 ], [ 38.7577, -0.0734 ], [ 38.7382, -0.0708 ], [ 38.7282, -0.0648 ], [ 38.7126, -0.0623 ], [ 38.6881, -0.0407 ], [ 38.6824, -0.0551 ], [ 38.6551, -0.0465 ], [ 38.6484, -0.0537 ], [ 38.6387, -0.0547 ], [ 38.6107, -0.0298 ], [ 38.599, -0.0339 ], [ 38.5872, -0.0258 ], [ 38.5537, -0.0171 ], [ 38.5475, -0.021 ], [ 38.5401, -0.0445 ], [ 38.5301, -0.0439 ], [ 38.5309, -0.0549 ], [ 38.5207, -0.0628 ], [ 38.5107, -0.0594 ], [ 38.4999, -0.0632 ], [ 38.4915, -0.0589 ], [ 38.4829, -0.076 ], [ 38.457, -0.0865 ], [ 38.4374, -0.072 ], [ 38.4328, -0.077 ], [ 38.4196, -0.0704 ], [ 38.8064, -0.7263 ], [ 38.9532, -1.0342 ], [ 39.0454, -1.0521 ], [ 39.8617, -1.1881 ], [ 39.8848, -1.2346 ], [ 39.8999, -1.2766 ], [ 39.9036, -1.3023 ], [ 39.9881, -1.3023 ], [ 39.9878, -1.2915 ], [ 39.9725, -1.2653 ], [ 39.9727, -1.2544 ], [ 39.965, -1.2455 ], [ 39.9639, -1.224 ], [ 39.979, -1.2051 ], [ 39.9769, -1.2005 ], [ 39.9827, -1.1895 ], [ 39.9911, -1.1885 ], [ 40.0125, -1.1635 ] ] ] } },
{ "type": "Feature", "properties": { "iso3": "KEN", "unit_id": "43622606B86711677764816", "unit_name": "Lamu East" }, "geometry": { "type": "MultiPolygon", "coordinates": [ [ [ [ 40.9793, -2.1535 ], [ 40.9871, -2.1487 ], [ 40.9893, -2.1455 ], [ 40.9823, -2.142 ], [ 40.9785, -2.1448 ], [ 40.9763, -2.1516 ], [ 40.9793, -2.1535 ] ] ], [ [ [ 41.0241, -2.1444 ], [ 41.0265, -2.1414 ], [ 41.0221, -2.1386 ], [ 41.0195, -2.1416 ], [ 41.0241, -2.1444 ] ] ], [ [ [ 41.0785, -2.1361 ], [ 41.0821, -2.1351 ], [ 41.0795, -2.1328 ], [ 41.0785, -2.1361 ] ] ], [ [ [ 41.1323, -2.0951 ], [ 41.1257, -2.1046 ], [ 41.1267, -2.1083 ], [ 41.1403, -2.1153 ], [ 41.1521, -2.1146 ], [ 41.1539, -2.1104 ], [ 41.1503, -2.1053 ], [ 41.1361, -2.1043 ], [ 41.1323, -2.0951 ] ] ], [ [ [ 41.1323, -2.0951 ], [ 41.1349, -2.0938 ], [ 41.1321, -2.0916 ], [ 41.1323, -2.0951 ] ] ], [ [ [ 41.1035, -2.0527 ], [ 41.0971, -2.0534 ], [ 41.0969, -2.0562 ], [ 41.0859, -2.0546 ], [ 41.0845, -2.0511 ], [ 41.0781, -2.0635 ], [ 41.0819, -2.0681 ], [ 41.0791, -2.0745 ], [ 41.0737, -2.08 ], [ 41.0597, -2.0852 ], [ 41.0615, -2.0918 ], [ 41.0455, -2.0864 ], [ 41.0189, -2.102 ], [ 41.0069, -2.0985 ], [ 41.0033, -2.1046 ], [ 41.0041, -2.1152 ], [ 40.9951, -2.1103 ], [ 40.9941, -2.1023 ], [ 40.9903, -2.101 ], [ 40.9717, -2.1082 ], [ 40.9699, -2.1161 ], [ 40.9833, -2.1202 ], [ 40.9851, -2.1335 ], [ 41.0007, -2.1406 ], [ 41.0149, -2.139 ], [ 41.0151, -2.1351 ], [ 41.0067, -2.129 ], [ 41.0395, -2.1109 ], [ 41.0521, -2.1116 ], [ 41.0533, -2.1217 ], [ 41.0567, -2.1226 ], [ 41.0519, -2.1342 ], [ 41.0565, -2.1366 ], [ 41.0749, -2.1297 ], [ 41.0693, -2.1266 ], [ 41.0791, -2.1203 ], [ 41.0761, -2.1149 ], [ 41.0797, -2.115 ], [ 41.0847, -2.1195 ], [ 41.0833, -2.1292 ], [ 41.0881, -2.1332 ], [ 41.0873, -2.1366 ], [ 41.0933, -2.1402 ], [ 41.1079, -2.1385 ], [ 41.1131, -2.133 ], [ 41.1057, -2.1242 ], [ 41.1079, -2.1134 ], [ 41.1059, -2.1079 ], [ 41.0945, -2.0997 ], [ 41.1089, -2.0832 ], [ 41.1155, -2.0802 ], [ 41.1309, -2.0826 ], [ 41.1377, -2.0868 ], [ 41.1399, -2.0959 ], [ 41.1447, -2.0966 ], [ 41.1501, -2.0927 ], [ 41.1509, -2.0971 ], [ 41.1573, -2.0922 ], [ 41.1631, -2.0797 ], [ 41.1597, -2.0739 ], [ 41.1387, -2.0652 ], [ 41.1407, -2.0719 ], [ 41.1375, -2.0738 ], [ 41.1195, -2.0586 ], [ 41.1093, -2.0592 ], [ 41.1035, -2.0527 ] ] ], [ [ [ 41.1117, -2.0562 ], [ 41.1125, -2.0529 ], [ 41.1097, -2.0509 ], [ 41.1083, -2.0539 ], [ 41.1117, -2.0562 ] ] ], [ [ [ 41.1027, -2.0507 ], [ 41.1061, -2.0524 ], [ 41.1055, -2.0499 ], [ 41.1027, -2.0507 ] ] ], [ [ [ 40.9353, -2.0134 ], [ 40.9357, -2.0106 ], [ 40.9315, -2.0128 ], [ 40.9353, -2.0134 ] ] ], [ [ [ 41.2143, -2.0155 ], [ 41.2087, -2.0066 ], [ 41.2049, -2.0064 ], [ 41.2043, -2.0125 ], [ 41.2143, -2.0155 ] ] ], [ [ [ 41.2559, -2.0299 ], [ 41.2999, -1.977 ], [ 41.2961, -1.9731 ], [ 41.2619, -2.0136 ], [ 41.2535, -2.0279 ], [ 41.2559, -2.0299 ] ] ], [ [ [ 40.7611, -1.9419 ], [ 40.7663, -1.9386 ], [ 40.7755, -1.9432 ], [ 40.7797, -1.9406 ], [ 40.7837, -1.945 ], [ 40.7973, -1.9464 ], [ 40.7971, -1.9499 ], [ 40.8025, -1.9532 ], [ 40.8067, -1.9516 ], [ 40.8145, -1.9564 ], [ 40.8245, -1.9562 ], [ 40.8331, -1.96 ], [ 40.8369, -1.9586 ], [ 40.8313, -1.9417 ], [ 40.8345, -1.9417 ], [ 40.8421, -1.9479 ], [ 40.8479, -1.9696 ], [ 40.8565, -1.9712 ], [ 40.8595, -1.9592 ], [ 40.8625, -1.9591 ], [ 40.8661, -1.9713 ], [ 40.8697, -1.9709 ], [ 40.8651, -1.9779 ], [ 40.8689, -1.9891 ], [ 40.8865, -1.9898 ], [ 40.8877, -1.9861 ], [ 40.8925, -1.9848 ], [ 40.8901, -1.9893 ], [ 40.9053, -1.9933 ], [ 40.9255, -2.0122 ], [ 40.9331, -2.0026 ], [ 40.9463, -1.9987 ], [ 40.9587, -1.9843 ], [ 40.9543, -1.9743 ], [ 40.9609, -1.9618 ], [ 40.9535, -1.9577 ], [ 40.9517, -1.9431 ], [ 40.9675, -1.9249 ], [ 40.9731, -1.928 ], [ 40.9763, -1.9254 ], [ 40.9783, -1.9206 ], [ 40.9717, -1.9112 ], [ 40.9755, -1.9132 ], [ 40.9837, -1.9091 ], [ 40.9933, -1.8933 ], [ 40.9969, -1.8966 ], [ 40.9991, -1.8935 ], [ 41.0093, -1.8917 ], [ 41.0235, -1.8784 ], [ 41.0249, -1.8704 ], [ 41.0295, -1.867 ], [ 41.0375, -1.8806 ], [ 41.0329, -1.8897 ], [ 41.0109, -1.906 ], [ 41.0007, -1.9081 ], [ 40.9977, -1.9165 ], [ 40.9897, -1.922 ], [ 40.9715, -1.9473 ], [ 40.9795, -1.9592 ], [ 40.9775, -1.9823 ], [ 40.9717, -1.9964 ], [ 40.9891, -2.0101 ], [ 40.9831, -2.0186 ], [ 40.9889, -2.0238 ], [ 40.9925, -2.0354 ], [ 41.0073, -2.031 ], [ 41.0097, -2.0347 ], [ 41.0069, -2.0423 ], [ 41.0109, -2.0468 ], [ 41.0145, -2.0478 ], [ 41.0229, -2.0379 ], [ 41.0297, -2.0424 ], [ 41.0367, -2.0277 ], [ 41.0441, -2.0238 ], [ 41.0425, -2.0172 ], [ 41.0495, -2.0138 ], [ 41.0519, -2.0072 ], [ 41.0637, -2.0019 ], [ 41.0533, -1.9972 ], [ 41.0521, -1.9863 ], [ 41.0545, -1.9819 ], [ 41.0743, -1.969 ], [ 41.0881, -1.9673 ], [ 41.0895, -1.9639 ], [ 41.0979, -1.9625 ], [ 41.1021, -1.9716 ], [ 41.1075, -1.962 ], [ 41.1105, -1.9651 ], [ 41.1233, -1.9574 ], [ 41.1279, -1.949 ], [ 41.1291, -1.9516 ], [ 41.1355, -1.9496 ], [ 41.1467, -1.9376 ], [ 41.1437, -1.9354 ], [ 41.1447, -1.9319 ], [ 41.1517, -1.93 ], [ 41.1557, -1.9239 ], [ 41.1599, -1.9249 ], [ 41.1621, -1.9202 ], [ 41.1785, -1.9099 ], [ 41.1833, -1.9003 ], [ 41.1979, -1.8943 ], [ 41.2017, -1.8939 ], [ 41.2051, -1.8988 ], [ 41.2003, -1.9093 ], [ 41.2079, -1.9032 ], [ 41.2157, -1.9021 ], [ 41.2171, -1.9117 ], [ 41.2197, -1.9103 ], [ 41.2179, -1.9179 ], [ 41.2251, -1.9173 ], [ 41.2241, -1.9139 ], [ 41.2309, -1.9153 ], [ 41.2323, -1.9262 ], [ 41.2233, -1.9377 ], [ 41.2165, -1.9402 ], [ 41.2205, -1.9455 ], [ 41.2181, -1.9494 ], [ 41.2281, -1.9525 ], [ 41.2323, -1.9407 ], [ 41.2405, -1.9348 ], [ 41.2437, -1.9394 ], [ 41.2591, -1.9398 ], [ 41.2603, -1.9496 ], [ 41.2539, -1.95 ], [ 41.2565, -1.956 ], [ 41.2603, -1.9531 ], [ 41.2549, -1.9637 ], [ 41.2563, -1.9814 ], [ 41.2725, -1.9692 ], [ 41.2795, -1.9569 ], [ 41.2903, -1.9547 ], [ 41.2995, -1.9467 ], [ 41.3015, -1.9367 ], [ 41.3133, -1.9188 ], [ 41.3191, -1.913 ], [ 41.3267, -1.912 ], [ 41.3381, -1.893 ], [ 41.3635, -1.872 ], [ 41.3653, -1.8673 ], [ 41.3553, -1.8669 ], [ 41.3473, -1.8615 ], [ 41.3489, -1.8586 ], [ 41.3565, -1.8577 ], [ 41.3632, -1.8651 ], [ 41.3709, -1.8538 ], [ 41.3687, -1.852 ], [ 41.3721, -1.8466 ], [ 41.3987, -1.8195 ], [ 41.4003, -1.8071 ], [ 41.4137, -1.7972 ], [ 41.4515, -1.7527 ], [ 41.4629, -1.7442 ], [ 41.4921, -1.7007 ], [ 41.5243, -1.6717 ], [ 41.5313, -1.6613 ], [ 40.8927, -1.7163 ], [ 40.7357, -1.7948 ], [ 40.7429, -1.8136 ], [ 40.7589, -1.8319 ], [ 40.7573, -1.8377 ], [ 40.7509, -1.8377 ], [ 40.7505, -1.8413 ], [ 40.7543, -1.8543 ], [ 40.7533, -1.8672 ], [ 40.7491, -1.876 ], [ 40.7559, -1.8933 ], [ 40.7431, -1.9102 ], [ 40.7479, -1.9162 ], [ 40.7437, -1.9218 ], [ 40.7447, -1.9261 ], [ 40.7541, -1.9357 ], [ 40.7595, -1.9353 ], [ 40.7611, -1.9419 ] ] ] ] } },
{ "type": "Feature", "properties": { "iso3": "KEN", "unit_id": "43622606B70669946687888", "unit_name": "Lamu West" }, "geometry": { "type": "MultiPolygon", "coordinates": [ [ [ [ 40.7199, -2.3055 ], [ 40.7201, -2.2994 ], [ 40.7115, -2.2955 ], [ 40.7135, -2.3032 ], [ 40.7199, -2.3055 ] ] ], [ [ [ 40.7947, -2.267 ], [ 40.7915, -2.2691 ], [ 40.7939, -2.2702 ], [ 40.7947, -2.267 ] ] ], [ [ [ 40.7947, -2.267 ], [ 40.8017, -2.2591 ], [ 40.7945, -2.2623 ], [ 40.7947, -2.267 ] ] ], [ [ [ 40.7483, -2.2625 ], [ 40.7491, -2.2585 ], [ 40.7421, -2.2578 ], [ 40.7483, -2.2625 ] ] ], [ [ [ 40.9141, -2.2899 ], [ 40.8881, -2.2463 ], [ 40.8801, -2.2495 ], [ 40.8779, -2.2563 ], [ 40.8745, -2.2539 ], [ 40.8713, -2.2585 ], [ 40.8699, -2.2555 ], [ 40.8693, -2.258 ], [ 40.8577, -2.2598 ], [ 40.8511, -2.2575 ], [ 40.8373, -2.2652 ], [ 40.8365, -2.2694 ], [ 40.8441, -2.2788 ], [ 40.8321, -2.2796 ], [ 40.8271, -2.2766 ], [ 40.8193, -2.2834 ], [ 40.8177, -2.2916 ], [ 40.8147, -2.2928 ], [ 40.8151, -2.3327 ], [ 40.8247, -2.3312 ], [ 40.8461, -2.3115 ], [ 40.8673, -2.3001 ], [ 40.8859, -2.2951 ], [ 40.9133, -2.297 ], [ 40.9141, -2.2899 ] ] ], [ [ [ 40.8105, -2.2373 ], [ 40.8171, -2.2364 ], [ 40.8123, -2.2352 ], [ 40.8105, -2.2373 ] ] ], [ [ [ 40.9877, -2.2587 ], [ 40.9759, -2.2347 ], [ 40.9741, -2.2246 ], [ 40.9677, -2.2207 ], [ 40.9655, -2.2261 ], [ 40.9723, -2.2344 ], [ 40.9691, -2.2401 ], [ 40.9725, -2.2496 ], [ 40.9619, -2.2584 ], [ 40.9579, -2.2573 ], [ 40.9547, -2.2514 ], [ 40.9643, -2.242 ], [ 40.9557, -2.2332 ], [ 40.9471, -2.2324 ], [ 40.9485, -2.2384 ], [ 40.9449, -2.2397 ], [ 40.9359, -2.2545 ], [ 40.9395, -2.2574 ], [ 40.9389, -2.2609 ], [ 40.9321, -2.2564 ], [ 40.9377, -2.2393 ], [ 40.9281, -2.2367 ], [ 40.9127, -2.2243 ], [ 40.9029, -2.2228 ], [ 40.9035, -2.2374 ], [ 40.9097, -2.2544 ], [ 40.9285, -2.2807 ], [ 40.9349, -2.2832 ], [ 40.9449, -2.2808 ], [ 40.9529, -2.2862 ], [ 40.9635, -2.281 ], [ 40.9563, -2.295 ], [ 40.9345, -2.2905 ], [ 40.9291, -2.2938 ], [ 40.9265, -2.2905 ], [ 40.9227, -2.2954 ], [ 40.9253, -2.2998 ], [ 40.9229, -2.3015 ], [ 40.9215, -2.2989 ], [ 40.9125, -2.3083 ], [ 40.9191, -2.3173 ], [ 40.9251, -2.3197 ], [ 40.9377, -2.3181 ], [ 40.9561, -2.3082 ], [ 40.9605, -2.2979 ], [ 40.9693, -2.2887 ], [ 40.9715, -2.2785 ], [ 40.9877, -2.2587 ] ] ], [ [ [ 40.7363, -2.4558 ], [ 40.7507, -2.4502 ], [ 40.7675, -2.4515 ], [ 40.7703, -2.4489 ], [ 40.7715, -2.4375 ], [ 40.7805, -2.4247 ], [ 40.8245, -2.3886 ], [ 40.8253, -2.3745 ], [ 40.8195, -2.3593 ], [ 40.8065, -2.3553 ], [ 40.7973, -2.3458 ], [ 40.7911, -2.3444 ], [ 40.7917, -2.3608 ], [ 40.7885, -2.3712 ], [ 40.7801, -2.3836 ], [ 40.7725, -2.3827 ], [ 40.7709, -2.3859 ], [ 40.7707, -2.3802 ], [ 40.7785, -2.3759 ], [ 40.7699, -2.3761 ], [ 40.7685, -2.372 ], [ 40.7789, -2.366 ], [ 40.7775, -2.3597 ], [ 40.7745, -2.3619 ], [ 40.7723, -2.3588 ], [ 40.7743, -2.3543 ], [ 40.7719, -2.3512 ], [ 40.7661, -2.3515 ], [ 40.7595, -2.3189 ], [ 40.7281, -2.3063 ], [ 40.7259, -2.3087 ], [ 40.7279, -2.3118 ], [ 40.7117, -2.3075 ], [ 40.7069, -2.31 ], [ 40.7031, -2.3068 ], [ 40.7051, -2.2957 ], [ 40.6913, -2.2902 ], [ 40.7055, -2.2823 ], [ 40.7123, -2.2856 ], [ 40.7077, -2.2747 ], [ 40.7133, -2.2725 ], [ 40.7169, -2.2777 ], [ 40.7271, -2.2752 ], [ 40.7307, -2.2772 ], [ 40.7395, -2.2679 ], [ 40.7353, -2.2589 ], [ 40.7281, -2.2667 ], [ 40.7239, -2.2672 ], [ 40.7213, -2.2633 ], [ 40.7055, -2.2621 ], [ 40.7041, -2.2584 ], [ 40.7171, -2.2591 ], [ 40.7233, -2.2511 ], [ 40.7263, -2.2517 ], [ 40.7265, -2.2384 ], [ 40.7153, -2.218 ], [ 40.7265, -2.2291 ], [ 40.7281, -2.2257 ], [ 40.7303, -2.2267 ], [ 40.7319, -2.2392 ], [ 40.7463, -2.2451 ], [ 40.7475, -2.2319 ], [ 40.7497, -2.2489 ], [ 40.7523, -2.2485 ], [ 40.7533, -2.2521 ], [ 40.7621, -2.2553 ], [ 40.7701, -2.2422 ], [ 40.7725, -2.2508 ], [ 40.7757, -2.2514 ], [ 40.7757, -2.2475 ], [ 40.7783, -2.2476 ], [ 40.7807, -2.2603 ], [ 40.7839, -2.2614 ], [ 40.7997, -2.2462 ], [ 40.7957, -2.2401 ], [ 40.7913, -2.2401 ], [ 40.7965, -2.2335 ], [ 40.8041, -2.2376 ], [ 40.8167, -2.2303 ], [ 40.8289, -2.2282 ], [ 40.8403, -2.2323 ], [ 40.8311, -2.2434 ], [ 40.8521, -2.234 ], [ 40.8587, -2.2372 ], [ 40.8681, -2.2343 ], [ 40.8611, -2.2329 ], [ 40.8677, -2.225 ], [ 40.8781, -2.2223 ], [ 40.8601, -2.213 ], [ 40.8795, -2.2133 ], [ 40.8783, -2.2039 ], [ 40.8697, -2.2024 ], [ 40.8825, -2.1951 ], [ 40.8827, -2.1885 ], [ 40.8885, -2.1899 ], [ 40.8857, -2.2004 ], [ 40.8877, -2.2036 ], [ 40.8989, -2.2005 ], [ 40.9023, -2.2032 ], [ 40.9015, -2.2105 ], [ 40.9045, -2.2133 ], [ 40.9189, -2.221 ], [ 40.9263, -2.2213 ], [ 40.9203, -2.2134 ], [ 40.9159, -2.1845 ], [ 40.9181, -2.1604 ], [ 40.9109, -2.1295 ], [ 40.9117, -2.0912 ], [ 40.9043, -2.0792 ], [ 40.8983, -2.0822 ], [ 40.8995, -2.0735 ], [ 40.8969, -2.0719 ], [ 40.8795, -2.0771 ], [ 40.8771, -2.0744 ], [ 40.8835, -2.0707 ], [ 40.8833, -2.0642 ], [ 40.8697, -2.0767 ], [ 40.8675, -2.073 ], [ 40.8561, -2.0734 ], [ 40.8543, -2.0711 ], [ 40.8737, -2.0651 ], [ 40.8805, -2.0562 ], [ 40.8851, -2.0562 ], [ 40.8919, -2.0626 ], [ 40.8935, -2.059 ], [ 40.8893, -2.0515 ], [ 40.8743, -2.0467 ], [ 40.8827, -2.042 ], [ 40.8819, -2.0352 ], [ 40.8991, -2.0469 ], [ 40.9029, -2.0168 ], [ 40.8977, -2.0106 ], [ 40.8827, -2.0178 ], [ 40.8701, -2.0136 ], [ 40.8595, -2.0224 ], [ 40.8485, -2.0167 ], [ 40.8417, -2.0201 ], [ 40.8299, -2.0186 ], [ 40.8461, -2.0116 ], [ 40.8589, -2.011 ], [ 40.8659, -2.006 ], [ 40.8697, -2.0073 ], [ 40.8729, -2.0027 ], [ 40.8467, -1.9906 ], [ 40.8483, -1.9881 ], [ 40.8357, -1.9793 ], [ 40.8235, -1.9802 ], [ 40.8063, -1.9746 ], [ 40.8113, -1.9693 ], [ 40.7945, -1.9638 ], [ 40.7847, -1.9558 ], [ 40.7845, -1.9524 ], [ 40.7611, -1.9419 ], [ 40.7595, -1.9353 ], [ 40.7541, -1.9357 ], [ 40.7447, -1.9261 ], [ 40.7437, -1.9218 ], [ 40.7479, -1.9162 ], [ 40.7435, -1.9065 ], [ 40.7559, -1.8933 ], [ 40.7491, -1.876 ], [ 40.7533, -1.8672 ], [ 40.7543, -1.8543 ], [ 40.751, -1.8484 ], [ 40.7509, -1.8377 ], [ 40.7573, -1.8377 ], [ 40.7589, -1.8319 ], [ 40.7429, -1.8136 ], [ 40.7357, -1.7948 ], [ 40.5003, -1.9067 ], [ 40.4033, -1.9473 ], [ 40.2122, -2.0357 ], [ 40.2503, -2.2482 ], [ 40.2504, -2.3967 ], [ 40.3465, -2.3986 ], [ 40.3572, -2.4146 ], [ 40.3673, -2.4175 ], [ 40.371, -2.4224 ], [ 40.3816, -2.422 ], [ 40.3852, -2.4272 ], [ 40.399, -2.4311 ], [ 40.4072, -2.4302 ], [ 40.4128, -2.4239 ], [ 40.4253, -2.4218 ], [ 40.4259, -2.4179 ], [ 40.4326, -2.417 ], [ 40.4451, -2.4063 ], [ 40.4437, -2.3994 ], [ 40.6633, -2.4664 ], [ 40.7363, -2.4558 ] ] ] ] } },
{ "type": "Feature", "properties": { "iso3": "KEN", "unit_id": "43622606B94327987571503", "unit_name": "Taveta" }, "geometry": { "type": "Polygon", "coordinates": [ [ [ 38.2977, -3.1663 ], [ 38.2869, -3.151 ], [ 38.2849, -3.141 ], [ 38.2891, -3.1254 ], [ 38.2839, -3.1175 ], [ 38.2901, -3.1074 ], [ 38.2991, -3.1036 ], [ 38.2995, -3.0979 ], [ 38.3097, -3.091 ], [ 38.3103, -3.0808 ], [ 38.3141, -3.0783 ], [ 38.3084, -3.0742 ], [ 38.3021, -3.0567 ], [ 38.2996, -3.0589 ], [ 38.294, -3.0563 ], [ 38.2932, -3.0611 ], [ 38.2883, -3.0627 ], [ 38.2879, -3.0593 ], [ 38.2846, -3.0613 ], [ 38.2775, -3.0586 ], [ 38.278, -3.0636 ], [ 38.2711, -3.0669 ], [ 38.2675, -3.0609 ], [ 38.2654, -3.069 ], [ 38.2588, -3.0671 ], [ 38.2583, -3.0609 ], [ 38.2534, -3.0614 ], [ 38.2549, -3.0656 ], [ 38.2511, -3.0713 ], [ 38.2554, -3.0768 ], [ 38.2529, -3.0796 ], [ 38.2461, -3.0788 ], [ 38.2403, -3.0729 ], [ 38.2314, -3.0756 ], [ 38.2309, -3.0708 ], [ 38.2273, -3.0763 ], [ 38.2229, -3.0665 ], [ 38.2068, -3.0642 ], [ 38.1985, -3.0572 ], [ 38.1962, -3.0613 ], [ 38.1892, -3.0596 ], [ 38.1867, -3.0649 ], [ 38.1717, -3.0584 ], [ 38.167, -3.0679 ], [ 38.1585, -3.0677 ], [ 38.1496, -3.0589 ], [ 38.1462, -3.062 ], [ 38.1395, -3.0572 ], [ 38.1342, -3.0603 ], [ 38.1332, -3.0566 ], [ 38.1378, -3.0536 ], [ 38.1301, -3.0542 ], [ 38.127, -3.0487 ], [ 38.1158, -3.0508 ], [ 38.1116, -3.0463 ], [ 38.1048, -3.0465 ], [ 38.0894, -3.0342 ], [ 38.0816, -3.0335 ], [ 38.0833, -3.0371 ], [ 38.0768, -3.0363 ], [ 38.0743, -3.0389 ], [ 38.074, -3.0362 ], [ 38.0656, -3.0362 ], [ 38.0572, -3.0285 ], [ 38.0536, -3.0202 ], [ 38.0385, -3.0241 ], [ 38.0315, -3.0185 ], [ 38.0264, -3.0222 ], [ 38.0065, -3.0113 ], [ 37.9903, -3.0177 ], [ 37.9854, -3.0168 ], [ 37.9784, -3.0121 ], [ 37.9765, -3.007 ], [ 37.9667, -3.0106 ], [ 37.9518, -3.0002 ], [ 37.9421, -3.0004 ], [ 37.9394, -3.0105 ], [ 37.9337, -3.0142 ], [ 37.9271, -3.029 ], [ 37.9234, -3.0295 ], [ 37.9192, -3.039 ], [ 37.914, -3.0409 ], [ 37.9108, -3.0509 ], [ 37.9132, -3.0587 ], [ 37.9, -3.0736 ], [ 37.9024, -3.0966 ], [ 37.9018, -3.1022 ], [ 37.8962, -3.1087 ], [ 37.8943, -3.1314 ], [ 37.889, -3.1319 ], [ 37.8727, -3.1452 ], [ 37.8661, -3.1601 ], [ 37.8535, -3.1694 ], [ 37.853, -3.18 ], [ 37.8479, -3.184 ], [ 37.8332, -3.1868 ], [ 37.8158, -3.1707 ], [ 37.8044, -3.1675 ], [ 37.7943, -3.1739 ], [ 37.7917, -3.1712 ], [ 37.6908, -3.1751 ], [ 37.7105, -3.3149 ], [ 37.7004, -3.3244 ], [ 37.6918, -3.3245 ], [ 37.6885, -3.32 ], [ 37.685, -3.3207 ], [ 37.6845, -3.3485 ], [ 37.6801, -3.3541 ], [ 37.6632, -3.3561 ], [ 37.5844, -3.4381 ], [ 37.5848, -3.4598 ], [ 37.5958, -3.4568 ], [ 37.6083, -3.4616 ], [ 37.6171, -3.4592 ], [ 37.6237, -3.4653 ], [ 37.6254, -3.4842 ], [ 37.6062, -3.5034 ], [ 37.6033, -3.5176 ], [ 37.6069, -3.5213 ], [ 37.6189, -3.524 ], [ 37.643, -3.517 ], [ 37.6629, -3.5033 ], [ 37.673, -3.5031 ], [ 37.6768, -3.51 ], [ 37.6839, -3.5119 ], [ 37.6956, -3.5262 ], [ 37.7192, -3.5291 ], [ 37.7274, -3.5379 ], [ 37.7431, -3.5417 ], [ 37.7509, -3.5698 ], [ 37.7525, -3.5724 ], [ 37.7561, -3.5691 ], [ 37.7593, -3.5714 ], [ 37.759, -3.5897 ], [ 37.7639, -3.5826 ], [ 37.7639, -3.5691 ], [ 37.7729, -3.5915 ], [ 37.775, -3.612 ], [ 37.7834, -3.6329 ], [ 37.784, -3.6459 ], [ 37.7725, -3.6421 ], [ 37.785, -3.6744 ], [ 38.0585, -3.8662 ], [ 38.0834, -3.8674 ], [ 38.1045, -3.8636 ], [ 38.1149, -3.8523 ], [ 38.1535, -3.8761 ], [ 38.1687, -3.8787 ], [ 38.1882, -3.877 ], [ 38.2246, -3.8696 ], [ 38.2464, -3.861 ], [ 38.2578, -3.8607 ], [ 38.2632, -3.8556 ], [ 38.2595, -3.843 ], [ 38.2587, -3.8032 ], [ 38.2379, -3.7691 ], [ 38.1333, -3.7506 ], [ 38.1335, -3.4357 ], [ 38.119, -3.4355 ], [ 38.1187, -3.3773 ], [ 38.1335, -3.3773 ], [ 38.1339, -3.1667 ], [ 38.2977, -3.1663 ] ] ] } },
{ "type": "Feature", "properties": { "iso3": "KEN", "unit_id": "43622606B21186945754881", "unit_name": "Wundanyi" }, "geometry": { "type": "Polygon", "coordinates": [ [ [ 38.1335, -3.3638 ], [ 38.151, -3.3727 ], [ 38.2238, -3.3874 ], [ 38.2126, -3.4247 ], [ 38.2343, -3.4298 ], [ 38.2637, -3.4313 ], [ 38.2709, -3.4155 ], [ 38.2912, -3.4128 ], [ 38.3068, -3.42 ], [ 38.316, -3.429 ], [ 38.3206, -3.4191 ], [ 38.3333, -3.4203 ], [ 38.3338, -3.411 ], [ 38.3379, -3.411 ], [ 38.3424, -3.4192 ], [ 38.346, -3.42 ], [ 38.3576, -3.417 ], [ 38.3632, -3.419 ], [ 38.3776, -3.4133 ], [ 38.3932, -3.4195 ], [ 38.396, -3.4163 ], [ 38.3937, -3.4088 ], [ 38.3962, -3.4056 ], [ 38.4146, -3.4111 ], [ 38.4191, -3.3863 ], [ 38.4034, -3.3688 ], [ 38.3992, -3.3528 ], [ 38.4002, -3.3382 ], [ 38.418, -3.3319 ], [ 38.4126, -3.3233 ], [ 38.4147, -3.3167 ], [ 38.4086, -3.3092 ], [ 38.4055, -3.2973 ], [ 38.425, -3.2951 ], [ 38.4284, -3.2918 ], [ 38.4162, -3.2541 ], [ 38.4323, -3.2528 ], [ 38.4348, -3.2205 ], [ 38.442, -3.1967 ], [ 38.4416, -3.1665 ], [ 38.1339, -3.1667 ], [ 38.1335, -3.3638 ] ] ] } },
{ "type": "Feature", "properties": { "iso3": "KEN", "unit_id": "43622606B60131815245240", "unit_name": "Mwatate" }, "geometry": { "type": "Polygon", "coordinates": [ [ [ 38.8409, -3.9963 ], [ 38.827, -3.9495 ], [ 38.7746, -3.9492 ], [ 38.7771, -3.8746 ], [ 38.7633, -3.8679 ], [ 38.7585, -3.8556 ], [ 38.7, -3.8502 ], [ 38.6386, -3.8101 ], [ 38.622, -3.7732 ], [ 38.5953, -3.7394 ], [ 38.5002, -3.8111 ], [ 38.4829, -3.8076 ], [ 38.4806, -3.8025 ], [ 38.4839, -3.7868 ], [ 38.4698, -3.7742 ], [ 38.4667, -3.7473 ], [ 38.4607, -3.7472 ], [ 38.4563, -3.7431 ], [ 38.4339, -3.7144 ], [ 38.5192, -3.6545 ], [ 38.5349, -3.6481 ], [ 38.5981, -3.6066 ], [ 38.57, -3.5579 ], [ 38.4755, -3.5573 ], [ 38.4467, -3.4801 ], [ 38.4607, -3.4726 ], [ 38.4644, -3.4666 ], [ 38.4639, -3.4582 ], [ 38.4823, -3.4451 ], [ 38.4823, -3.4521 ], [ 38.4854, -3.4535 ], [ 38.4903, -3.4534 ], [ 38.4895, -3.4488 ], [ 38.4932, -3.4514 ], [ 38.496, -3.4481 ], [ 38.4992, -3.4544 ], [ 38.505, -3.4465 ], [ 38.5195, -3.4508 ], [ 38.5272, -3.4487 ], [ 38.5295, -3.4429 ], [ 38.5365, -3.4438 ], [ 38.5499, -3.4369 ], [ 38.5517, -3.4323 ], [ 38.54, -3.4354 ], [ 38.539, -3.439 ], [ 38.5109, -3.4313 ], [ 38.503, -3.4107 ], [ 38.4825, -3.4036 ], [ 38.4651, -3.3822 ], [ 38.4434, -3.3661 ], [ 38.4371, -3.3649 ], [ 38.4383, -3.3544 ], [ 38.4408, -3.3544 ], [ 38.4386, -3.3425 ], [ 38.4411, -3.3367 ], [ 38.4272, -3.3364 ], [ 38.4239, -3.3311 ], [ 38.4002, -3.3382 ], [ 38.3992, -3.3528 ], [ 38.4034, -3.3688 ], [ 38.4191, -3.3863 ], [ 38.4146, -3.4111 ], [ 38.4016, -3.4058 ], [ 38.3941, -3.4061 ], [ 38.396, -3.4163 ], [ 38.3932, -3.4195 ], [ 38.3776, -3.4133 ], [ 38.3632, -3.419 ], [ 38.3576, -3.417 ], [ 38.346, -3.42 ], [ 38.3424, -3.4192 ], [ 38.3379, -3.411 ], [ 38.3338, -3.411 ], [ 38.3333, -3.4203 ], [ 38.3206, -3.4191 ], [ 38.316, -3.429 ], [ 38.3068, -3.42 ], [ 38.2912, -3.4128 ], [ 38.2709, -3.4155 ], [ 38.2637, -3.4313 ], [ 38.2343, -3.4298 ], [ 38.2126, -3.4247 ], [ 38.2238, -3.3874 ], [ 38.151, -3.3727 ], [ 38.1335, -3.3638 ], [ 38.1335, -3.3773 ], [ 38.1187, -3.3773 ], [ 38.119, -3.4355 ], [ 38.1335, -3.4357 ], [ 38.1333, -3.7506 ], [ 38.2379, -3.7691 ], [ 38.2587, -3.8032 ], [ 38.2595, -3.843 ], [ 38.2632, -3.8556 ], [ 38.2578, -3.8607 ], [ 38.2464, -3.861 ], [ 38.2246, -3.8696 ], [ 38.1687, -3.8787 ], [ 38.1535, -3.8761 ], [ 38.1149, -3.8523 ], [ 38.1045, -3.8636 ], [ 38.0834, -3.8674 ], [ 38.0585, -3.8662 ], [ 38.4457, -4.138 ], [ 38.8409, -3.9963 ] ] ] } },
{ "type": "Feature", "properties": { "iso3": "KEN", "unit_id": "43622606B85802130430541", "unit_name": "Voi" }, "geometry": { "type": "Polygon", "coordinates": [ [ [ 39.0561, -3.6845 ], [ 39.2187, -3.0658 ], [ 39.2057, -3.0663 ], [ 39.1977, -3.0611 ], [ 39.1828, -3.0631 ], [ 39.1769, -3.057 ], [ 39.1698, -3.0655 ], [ 39.1649, -3.066 ], [ 39.1529, -3.0451 ], [ 39.1434, -3.0486 ], [ 39.1411, -3.0414 ], [ 39.134, -3.0412 ], [ 39.1283, -3.0193 ], [ 39.1133, -3.0243 ], [ 39.1051, -3.036 ], [ 39.0896, -3.043 ], [ 39.0864, -3.0533 ], [ 39.081, -3.0513 ], [ 39.0794, -3.0428 ], [ 39.0624, -3.041 ], [ 39.0539, -3.0333 ], [ 39.0459, -3.0313 ], [ 39.0454, -3.0211 ], [ 39.037, -3.025 ], [ 39.0255, -3.0206 ], [ 39.0141, -3.0253 ], [ 38.992, -3.0257 ], [ 38.9762, -3.0393 ], [ 38.9524, -3.0385 ], [ 38.9372, -3.0344 ], [ 38.9319, -3.0399 ], [ 38.9124, -3.043 ], [ 38.893, -3.0378 ], [ 38.8625, -3.0574 ], [ 38.8474, -3.0608 ], [ 38.8411, -3.0535 ], [ 38.8357, -3.0595 ], [ 38.8263, -3.0606 ], [ 38.8194, -3.0672 ], [ 38.8036, -3.0682 ], [ 38.7989, -3.0663 ], [ 38.798, -3.0607 ], [ 38.8011, -3.0579 ], [ 38.8082, -3.0591 ], [ 38.8082, -3.0526 ], [ 38.7787, -3.0478 ], [ 38.7731, -3.0433 ], [ 38.7582, -3.0467 ], [ 38.7337, -3.0423 ], [ 38.7078, -3.0316 ], [ 38.6655, -3.0393 ], [ 38.661, -3.0286 ], [ 38.6539, -3.0251 ], [ 38.6431, -3.0129 ], [ 38.6084, -3.0065 ], [ 38.6061, -3.004 ], [ 38.6083, -2.9947 ], [ 38.5946, -2.9992 ], [ 38.5835, -2.9873 ], [ 38.5588, -2.9858 ], [ 38.5439, -2.9796 ], [ 38.538, -2.9735 ], [ 38.5195, -2.9748 ], [ 38.5136, -2.9834 ], [ 38.493, -2.984 ], [ 38.4891, -2.9778 ], [ 38.4768, -2.9856 ], [ 38.4684, -2.9849 ], [ 38.46, -2.9919 ], [ 38.4482, -2.972 ], [ 38.4314, -2.9571 ], [ 38.4089, -2.9273 ], [ 38.3919, -2.9255 ], [ 38.3615, -2.8976 ], [ 38.3187, -2.8327 ], [ 38.3011, -2.8147 ], [ 38.2583, -2.7581 ], [ 38.184, -2.7026 ], [ 38.1625, -2.693 ], [ 38.1611, -2.6796 ], [ 38.1575, -2.6934 ], [ 38.1533, -2.698 ], [ 38.1282, -2.6984 ], [ 38.1182, -2.7052 ], [ 38.115, -2.7127 ], [ 37.9744, -2.7874 ], [ 37.9374, -2.7708 ], [ 37.9179, -2.8684 ], [ 37.8944, -2.8857 ], [ 37.8706, -3.0775 ], [ 37.8545, -3.08 ], [ 37.8535, -3.1694 ], [ 37.8661, -3.1601 ], [ 37.8727, -3.1452 ], [ 37.889, -3.1319 ], [ 37.8943, -3.1314 ], [ 37.8962, -3.1087 ], [ 37.9018, -3.1022 ], [ 37.9024, -3.0966 ], [ 37.9, -3.0736 ], [ 37.9132, -3.0587 ], [ 37.9108, -3.0509 ], [ 37.914, -3.0409 ], [ 37.9192, -3.039 ], [ 37.9234, -3.0295 ], [ 37.9271, -3.029 ], [ 37.9337, -3.0142 ], [ 37.9394, -3.0105 ], [ 37.9421, -3.0004 ], [ 37.9458, -2.9991 ], [ 37.9667, -3.0106 ], [ 37.9765, -3.007 ], [ 37.9784, -3.0121 ], [ 37.9854, -3.0168 ], [ 37.9903, -3.0177 ], [ 38.0065, -3.0113 ], [ 38.0264, -3.0222 ], [ 38.0315, -3.0185 ], [ 38.0385, -3.0241 ], [ 38.0536, -3.0202 ], [ 38.0572, -3.0285 ], [ 38.0656, -3.0362 ], [ 38.074, -3.0362 ], [ 38.0743, -3.0389 ], [ 38.0768, -3.0363 ], [ 38.0833, -3.0371 ], [ 38.0816, -3.0335 ], [ 38.0894, -3.0342 ], [ 38.1048, -3.0465 ], [ 38.1116, -3.0463 ], [ 38.1158, -3.0508 ], [ 38.127, -3.0487 ], [ 38.1301, -3.0542 ], [ 38.1378, -3.0536 ], [ 38.1332, -3.0566 ], [ 38.1342, -3.0603 ], [ 38.1395, -3.0572 ], [ 38.1462, -3.062 ], [ 38.1496, -3.0589 ], [ 38.1585, -3.0677 ], [ 38.167, -3.0679 ], [ 38.1717, -3.0584 ], [ 38.1867, -3.0649 ], [ 38.1892, -3.0596 ], [ 38.1962, -3.0613 ], [ 38.1985, -3.0572 ], [ 38.2068, -3.0642 ], [ 38.2229, -3.0665 ], [ 38.2273, -3.0763 ], [ 38.2309, -3.0708 ], [ 38.2314, -3.0756 ], [ 38.2403, -3.0729 ], [ 38.2461, -3.0788 ], [ 38.2529, -3.0796 ], [ 38.2554, -3.0768 ], [ 38.2511, -3.0713 ], [ 38.2549, -3.0656 ], [ 38.2534, -3.0614 ], [ 38.2583, -3.0609 ], [ 38.2588, -3.0671 ], [ 38.2654, -3.069 ], [ 38.2675, -3.0609 ], [ 38.2711, -3.0669 ], [ 38.278, -3.0636 ], [ 38.2775, -3.0586 ], [ 38.2846, -3.0613 ], [ 38.2879, -3.0593 ], [ 38.2883, -3.0627 ], [ 38.2932, -3.0611 ], [ 38.294, -3.0563 ], [ 38.2996, -3.0589 ], [ 38.3021, -3.0567 ], [ 38.3084, -3.0742 ], [ 38.3141, -3.0783 ], [ 38.3103, -3.0808 ], [ 38.3097, -3.091 ], [ 38.2995, -3.0979 ], [ 38.2991, -3.1036 ], [ 38.2901, -3.1074 ], [ 38.2839, -3.1175 ], [ 38.2891, -3.1254 ], [ 38.2849, -3.141 ], [ 38.2869, -3.151 ], [ 38.2977, -3.1663 ], [ 38.4416, -3.1665 ], [ 38.442, -3.1967 ], [ 38.4348, -3.2205 ], [ 38.4323, -3.2528 ], [ 38.4162, -3.2541 ], [ 38.4284, -3.2918 ], [ 38.425, -3.2951 ], [ 38.4055, -3.2973 ], [ 38.4086, -3.3092 ], [ 38.4147, -3.3167 ], [ 38.4126, -3.3233 ], [ 38.418, -3.3319 ], [ 38.4239, -3.3311 ], [ 38.4272, -3.3364 ], [ 38.4411, -3.3367 ], [ 38.4386, -3.3425 ], [ 38.4408, -3.3544 ], [ 38.4383, -3.3544 ], [ 38.4371, -3.3649 ], [ 38.4434, -3.3661 ], [ 38.4651, -3.3822 ], [ 38.4825, -3.4036 ], [ 38.503, -3.4107 ], [ 38.5109, -3.4313 ], [ 38.539, -3.439 ], [ 38.54, -3.4354 ], [ 38.5517, -3.4323 ], [ 38.5499, -3.4369 ], [ 38.5365, -3.4438 ], [ 38.5295, -3.4429 ], [ 38.5272, -3.4487 ], [ 38.5195, -3.4508 ], [ 38.505, -3.4465 ], [ 38.4992, -3.4544 ], [ 38.496, -3.4481 ], [ 38.4932, -3.4514 ], [ 38.4895, -3.4488 ], [ 38.4903, -3.4534 ], [ 38.4854, -3.4535 ], [ 38.4823, -3.4521 ], [ 38.4823, -3.4451 ], [ 38.4639, -3.4582 ], [ 38.4644, -3.4666 ], [ 38.4607, -3.4726 ], [ 38.4467, -3.4801 ], [ 38.4755, -3.5573 ], [ 38.57, -3.5579 ], [ 38.5981, -3.6066 ], [ 38.5349, -3.6481 ], [ 38.5192, -3.6545 ], [ 38.4339, -3.7144 ], [ 38.4563, -3.7431 ], [ 38.4607, -3.7472 ], [ 38.4667, -3.7473 ], [ 38.4698, -3.7742 ], [ 38.4839, -3.7868 ], [ 38.4806, -3.8025 ], [ 38.4829, -3.8076 ], [ 38.5002, -3.8111 ], [ 38.5953, -3.7394 ], [ 38.622, -3.7732 ], [ 38.6386, -3.8101 ], [ 38.7, -3.8502 ], [ 38.7585, -3.8556 ], [ 38.7633, -3.8679 ], [ 38.7771, -3.8746 ], [ 38.7746, -3.9492 ], [ 38.827, -3.9495 ], [ 38.8409, -3.9963 ], [ 38.946, -3.9595 ], [ 39.0351, -3.7583 ], [ 38.9305, -3.6958 ], [ 38.9685, -3.6335 ], [ 39.0561, -3.6845 ] ] ] } },
{ "type": "Feature", "properties": { "iso3": "KEN", "unit_id": "43622606B51533216614556", "unit_name": "Dujis" }, "geometry": { "type": "Polygon", "coordinates": [ [ [ 39.814, -0.5874 ], [ 39.8317, -0.5758 ], [ 39.8718, -0.5253 ], [ 39.8925, -0.5172 ], [ 39.8654, -0.363 ], [ 39.8132, -0.2634 ], [ 39.673, -0.4179 ], [ 39.6507, -0.4195 ], [ 39.6368, -0.4302 ], [ 39.6259, -0.431 ], [ 39.6268, -0.4491 ], [ 39.6366, -0.459 ], [ 39.631, -0.4721 ], [ 39.6333, -0.493 ], [ 39.6925, -0.4931 ], [ 39.7097, -0.5151 ], [ 39.7228, -0.5255 ], [ 39.7264, -0.533 ], [ 39.7263, -0.5448 ], [ 39.7468, -0.5431 ], [ 39.7579, -0.5472 ], [ 39.814, -0.5874 ] ] ] } },
{ "type": "Feature", "properties": { "iso3": "KEN", "unit_id": "43622606B20608524664384", "unit_name": "Balambala" }, "geometry": { "type": "Polygon", "coordinates": [ [ [ 39.6259, -0.431 ], [ 39.6368, -0.4302 ], [ 39.6507, -0.4195 ], [ 39.673, -0.4179 ], [ 39.8652, -0.2057 ], [ 40.0034, -0.0755 ], [ 39.9891, -0.0677 ], [ 39.9627, -0.0621 ], [ 39.9415, -0.0463 ], [ 39.8998, -0.0307 ], [ 39.8829, -0.0326 ], [ 39.8745, -0.0297 ], [ 39.8517, -0.016 ], [ 39.8253, 0.0066 ], [ 39.8162, -0.0065 ], [ 39.7999, -0.0104 ], [ 39.7832, -0.0204 ], [ 39.7657, -0.0223 ], [ 39.7569, -0.0189 ], [ 39.7478, -0.0237 ], [ 39.7112, -0.0305 ], [ 39.6778, -0.0231 ], [ 39.6595, -0.0148 ], [ 39.646, -0.0232 ], [ 39.6281, -0.0256 ], [ 39.615, -0.009 ], [ 39.582, 0.002 ], [ 39.5027, 0.0063 ], [ 39.4222, 0.017 ], [ 39.4254, 0.0392 ], [ 39.4228, 0.0566 ], [ 39.4253, 0.0826 ], [ 39.4338, 0.1097 ], [ 39.4294, 0.1518 ], [ 39.4326, 0.1712 ], [ 39.4309, 0.1979 ], [ 39.4147, 0.2133 ], [ 39.3868, 0.2576 ], [ 39.3757, 0.2659 ], [ 39.3699, 0.2763 ], [ 39.3687, 0.3034 ], [ 39.3652, 0.3172 ], [ 39.3562, 0.3325 ], [ 39.3486, 0.3723 ], [ 39.327, 0.3718 ], [ 39.3003, 0.3805 ], [ 39.2762, 0.3767 ], [ 39.2564, 0.378 ], [ 39.2453, 0.3855 ], [ 39.2212, 0.3819 ], [ 39.194, 0.3323 ], [ 39.1915, 0.298 ], [ 39.183, 0.2825 ], [ 39.1559, 0.258 ], [ 39.139, 0.2526 ], [ 39.1346, 0.2482 ], [ 39.1105, 0.2464 ], [ 39.0969, 0.2595 ], [ 39.0913, 0.2599 ], [ 39.0842, 0.2702 ], [ 39.0773, 0.2719 ], [ 39.0683, 0.2864 ], [ 39.0552, 0.2977 ], [ 39.0497, 0.2981 ], [ 39.0446, 0.2944 ], [ 39.0326, 0.2966 ], [ 39.0028, 0.2875 ], [ 38.995, 0.2946 ], [ 38.9901, 0.2941 ], [ 38.9759, 0.3136 ], [ 38.966, 0.3197 ], [ 38.9521, 0.3229 ], [ 38.9436, 0.3154 ], [ 38.9173, 0.3153 ], [ 38.8978, 0.3223 ], [ 38.8847, 0.3407 ], [ 38.8698, 0.3445 ], [ 38.8431, 0.3403 ], [ 38.8353, 0.344 ], [ 38.826, 0.3545 ], [ 38.8203, 0.352 ], [ 38.8053, 0.3546 ], [ 38.7935, 0.3466 ], [ 38.788, 0.3467 ], [ 38.7755, 0.3529 ], [ 38.7632, 0.3531 ], [ 38.7475, 0.3618 ], [ 38.7303, 0.3607 ], [ 38.7247, 0.3658 ], [ 38.7106, 0.3664 ], [ 38.7572, 0.1838 ], [ 38.757, 0.1714 ], [ 38.7347, 0.1491 ], [ 38.7298, 0.1193 ], [ 38.7306, 0.0489 ], [ 38.7401, 0.0145 ], [ 38.7376, 0.004 ], [ 38.7438, -0.0028 ], [ 38.7417, -0.0126 ], [ 38.7485, -0.0196 ], [ 38.7487, -0.0297 ], [ 38.7761, -0.0262 ], [ 38.8347, -0.0493 ], [ 38.8574, -0.0472 ], [ 38.8667, -0.0509 ], [ 38.8826, -0.0516 ], [ 38.9109, -0.0402 ], [ 38.9373, -0.0437 ], [ 38.955, -0.0228 ], [ 38.9818, -0.0093 ], [ 39.0183, -0.0022 ], [ 39.0369, -0.0019 ], [ 39.0484, -0.0052 ], [ 39.0725, -0.0031 ], [ 39.0944, -0.0107 ], [ 39.1391, -0.0665 ], [ 39.1577, -0.0795 ], [ 39.1968, -0.0906 ], [ 39.2312, -0.0854 ], [ 39.2601, -0.0931 ], [ 39.312, -0.0878 ], [ 39.3295, -0.0906 ], [ 39.362, -0.1144 ], [ 39.386, -0.1247 ], [ 39.4086, -0.1448 ], [ 39.4351, -0.1456 ], [ 39.4527, -0.153 ], [ 39.5277, -0.2145 ], [ 39.5456, -0.2452 ], [ 39.565, -0.2532 ], [ 39.5821, -0.2677 ], [ 39.5997, -0.2969 ], [ 39.6263, -0.3192 ], [ 39.6259, -0.431 ] ] ] } },
{ "type": "Feature", "properties": { "iso3": "KEN", "unit_id": "43622606B71961885130214", "unit_name": "Lagdera" }, "geometry": { "type": "Polygon", "coordinates": [ [ [ 39.5027, 0.0063 ], [ 39.5029, 0.0243 ], [ 39.5113, 0.0453 ], [ 39.5263, 0.058 ], [ 39.5341, 0.0746 ], [ 39.5564, 0.0827 ], [ 39.5678, 0.0942 ], [ 39.5726, 0.1062 ], [ 39.5799, 0.1124 ], [ 39.5899, 0.1153 ], [ 39.5955, 0.1317 ], [ 39.6353, 0.1351 ], [ 39.6532, 0.1415 ], [ 39.6601, 0.1495 ], [ 39.6579, 0.1586 ], [ 39.6698, 0.1702 ], [ 39.6789, 0.1755 ], [ 39.6974, 0.1798 ], [ 39.7209, 0.1933 ], [ 39.7509, 0.2272 ], [ 39.773, 0.2409 ], [ 39.7897, 0.2425 ], [ 39.8115, 0.2577 ], [ 39.8393, 0.2671 ], [ 39.8671, 0.2901 ], [ 39.8752, 0.2888 ], [ 39.8799, 0.2993 ], [ 39.9004, 0.32 ], [ 39.9002, 0.3432 ], [ 39.888, 0.3647 ], [ 39.8496, 0.3985 ], [ 39.883, 0.4283 ], [ 39.894, 0.4488 ], [ 39.9091, 0.4485 ], [ 39.9139, 0.4559 ], [ 39.9042, 0.4633 ], [ 39.8888, 0.4639 ], [ 39.8744, 0.4596 ], [ 39.856, 0.4709 ], [ 39.8514, 0.4777 ], [ 39.8004, 0.4845 ], [ 39.7748, 0.4958 ], [ 39.7619, 0.512 ], [ 39.7316, 0.5266 ], [ 39.7233, 0.5433 ], [ 39.718, 0.5456 ], [ 39.698, 0.5725 ], [ 39.6894, 0.5788 ], [ 39.6639, 0.6152 ], [ 39.6543, 0.6313 ], [ 39.6458, 0.6569 ], [ 39.6349, 0.6671 ], [ 39.6274, 0.6698 ], [ 39.6236, 0.6771 ], [ 39.6138, 0.6844 ], [ 39.564, 0.7558 ], [ 39.5332, 0.8535 ], [ 39.4979, 0.9339 ], [ 39.4932, 0.96 ], [ 39.4795, 0.9808 ], [ 39.4658, 0.9886 ], [ 39.4619, 0.9959 ], [ 39.4545, 0.9892 ], [ 39.3613, 0.9539 ], [ 39.3136, 0.9248 ], [ 39.2371, 0.8442 ], [ 39.2247, 0.8178 ], [ 39.2005, 0.7895 ], [ 39.1806, 0.7517 ], [ 39.1755, 0.7275 ], [ 39.1778, 0.7256 ], [ 39.1739, 0.7197 ], [ 39.1675, 0.7188 ], [ 39.1639, 0.7141 ], [ 39.1478, 0.706 ], [ 39.1422, 0.6912 ], [ 39.1321, 0.6883 ], [ 39.1142, 0.6913 ], [ 39.1025, 0.6894 ], [ 39.0984, 0.6864 ], [ 39.0973, 0.6802 ], [ 39.0906, 0.6816 ], [ 39.084, 0.6769 ], [ 39.0537, 0.6861 ], [ 39.0378, 0.673 ], [ 39.035, 0.6671 ], [ 39.0269, 0.665 ], [ 39.0222, 0.6551 ], [ 39.0235, 0.6456 ], [ 39.0209, 0.6416 ], [ 39.014, 0.6409 ], [ 39.0102, 0.6252 ], [ 38.986, 0.6263 ], [ 38.9767, 0.6225 ], [ 38.9408, 0.6284 ], [ 38.9358, 0.6251 ], [ 38.9254, 0.6068 ], [ 38.9112, 0.5998 ], [ 38.875, 0.5955 ], [ 38.8711, 0.6011 ], [ 38.8577, 0.5994 ], [ 38.8249, 0.5813 ], [ 38.7991, 0.5445 ], [ 38.7916, 0.5412 ], [ 38.7839, 0.5273 ], [ 38.7674, 0.5172 ], [ 38.7659, 0.5134 ], [ 38.7559, 0.5164 ], [ 38.7499, 0.5251 ], [ 38.735, 0.5202 ], [ 38.7232, 0.5261 ], [ 38.72, 0.5215 ], [ 38.722, 0.5134 ], [ 38.7084, 0.5143 ], [ 38.7038, 0.5079 ], [ 38.6933, 0.5116 ], [ 38.6616, 0.5107 ], [ 38.6588, 0.5081 ], [ 38.677, 0.495 ], [ 38.6798, 0.4736 ], [ 38.6902, 0.4474 ], [ 38.7106, 0.3664 ], [ 38.7247, 0.3658 ], [ 38.7303, 0.3607 ], [ 38.7475, 0.3618 ], [ 38.7632, 0.3531 ], [ 38.7755, 0.3529 ], [ 38.788, 0.3467 ], [ 38.7935, 0.3466 ], [ 38.8053, 0.3546 ], [ 38.8203, 0.352 ], [ 38.826, 0.3545 ], [ 38.8353, 0.344 ], [ 38.8431, 0.3403 ], [ 38.8698, 0.3445 ], [ 38.8847, 0.3407 ], [ 38.8978, 0.3223 ], [ 38.9173, 0.3153 ], [ 38.9436, 0.3154 ], [ 38.9521, 0.3229 ], [ 38.966, 0.3197 ], [ 38.9759, 0.3136 ], [ 38.9901, 0.2941 ], [ 38.995, 0.2946 ], [ 39.0028, 0.2875 ], [ 39.0326, 0.2966 ], [ 39.0446, 0.2944 ], [ 39.0497, 0.2981 ], [ 39.0552, 0.2977 ], [ 39.0683, 0.2864 ], [ 39.0773, 0.2719 ], [ 39.0842, 0.2702 ], [ 39.0913, 0.2599 ], [ 39.0969, 0.2595 ], [ 39.1105, 0.2464 ], [ 39.1346, 0.2482 ], [ 39.139, 0.2526 ], [ 39.1559, 0.258 ], [ 39.183, 0.2825 ], [ 39.1915, 0.298 ], [ 39.194, 0.3323 ], [ 39.2212, 0.3819 ], [ 39.2453, 0.3855 ], [ 39.2564, 0.378 ], [ 39.2762, 0.3767 ], [ 39.3003, 0.3805 ], [ 39.327, 0.3718 ], [ 39.3486, 0.3723 ], [ 39.3562, 0.3325 ], [ 39.3652, 0.3172 ], [ 39.3687, 0.3034 ], [ 39.3699, 0.2763 ], [ 39.3757, 0.2659 ], [ 39.3868, 0.2576 ], [ 39.4147, 0.2133 ], [ 39.4309, 0.1979 ], [ 39.4326, 0.1712 ], [ 39.4294, 0.1518 ], [ 39.4338, 0.1097 ], [ 39.4253, 0.0826 ], [ 39.4228, 0.0566 ], [ 39.4254, 0.0392 ], [ 39.4222, 0.017 ], [ 39.5027, 0.0063 ] ] ] } },
{ "type": "Feature", "properties": { "iso3": "KEN", "unit_id": "43622606B4701976748492", "unit_name": "Dadaab" }, "geometry": { "type": "Polygon", "coordinates": [ [ [ 40.0034, -0.0755 ], [ 40.0248, -0.0359 ], [ 40.0677, -0.0171 ], [ 40.1243, -0.0223 ], [ 40.1588, -0.0204 ], [ 40.1743, -0.0166 ], [ 40.2115, -0.022 ], [ 40.2579, -0.0121 ], [ 40.3442, 0.0294 ], [ 40.3603, 0.0293 ], [ 40.3703, 0.0205 ], [ 40.3769, 0.0095 ], [ 40.4, -0.0027 ], [ 40.4253, -0.007 ], [ 40.4922, -0.0551 ], [ 40.5088, -0.0573 ], [ 40.5168, -0.0854 ], [ 40.525, -0.095 ], [ 40.5257, -0.1012 ], [ 40.5697, -0.1481 ], [ 40.5779, -0.1718 ], [ 40.5985, -0.2068 ], [ 40.6591, -0.2618 ], [ 40.7878, -0.3236 ], [ 40.8155, -0.3318 ], [ 40.9078, -0.3392 ], [ 40.9422, -0.3312 ], [ 40.9931, -0.3308 ], [ 40.9924, 0.4633 ], [ 40.9793, 0.4531 ], [ 40.9612, 0.4467 ], [ 40.9196, 0.4238 ], [ 40.8859, 0.3913 ], [ 40.858, 0.376 ], [ 40.7723, 0.3537 ], [ 40.75, 0.3418 ], [ 40.7367, 0.3263 ], [ 40.7164, 0.3202 ], [ 40.6953, 0.2784 ], [ 40.6843, 0.2714 ], [ 40.6819, 0.2577 ], [ 40.6465, 0.2312 ], [ 40.6114, 0.2322 ], [ 40.6047, 0.2255 ], [ 40.5954, 0.2254 ], [ 40.5854, 0.2153 ], [ 40.5767, 0.2177 ], [ 40.5638, 0.2159 ], [ 40.5356, 0.2272 ], [ 40.5247, 0.2222 ], [ 40.5205, 0.2137 ], [ 40.5131, 0.2081 ], [ 40.5057, 0.1929 ], [ 40.4962, 0.1972 ], [ 40.4753, 0.1862 ], [ 40.4526, 0.1853 ], [ 40.4264, 0.1901 ], [ 40.4054, 0.1836 ], [ 40.3964, 0.1851 ], [ 40.3776, 0.196 ], [ 40.3315, 0.1993 ], [ 40.2997, 0.2197 ], [ 40.2485, 0.2431 ], [ 40.2183, 0.2656 ], [ 40.1615, 0.3258 ], [ 40.1299, 0.342 ], [ 40.0624, 0.391 ], [ 40.048, 0.3967 ], [ 40.0087, 0.4003 ], [ 39.979, 0.4103 ], [ 39.944, 0.4304 ], [ 39.9139, 0.4559 ], [ 39.9091, 0.4485 ], [ 39.894, 0.4488 ], [ 39.883, 0.4283 ], [ 39.8496, 0.3985 ], [ 39.888, 0.3647 ], [ 39.9002, 0.3432 ], [ 39.9004, 0.32 ], [ 39.8799, 0.2993 ], [ 39.8752, 0.2888 ], [ 39.8671, 0.2901 ], [ 39.8393, 0.2671 ], [ 39.8115, 0.2577 ], [ 39.7897, 0.2425 ], [ 39.773, 0.2409 ], [ 39.7509, 0.2272 ], [ 39.7209, 0.1933 ], [ 39.6974, 0.1798 ], [ 39.6789, 0.1755 ], [ 39.6698, 0.1702 ], [ 39.6579, 0.1586 ], [ 39.6601, 0.1495 ], [ 39.6532, 0.1415 ], [ 39.6353, 0.1351 ], [ 39.5955, 0.1317 ], [ 39.5899, 0.1153 ], [ 39.5799, 0.1124 ], [ 39.5726, 0.1062 ], [ 39.5678, 0.0942 ], [ 39.5564, 0.0827 ], [ 39.5341, 0.0746 ], [ 39.5263, 0.058 ], [ 39.5113, 0.0453 ], [ 39.5029, 0.0243 ], [ 39.5027, 0.0063 ], [ 39.582, 0.002 ], [ 39.615, -0.009 ], [ 39.6281, -0.0256 ], [ 39.646, -0.0232 ], [ 39.6595, -0.0148 ], [ 39.6778, -0.0231 ], [ 39.7112, -0.0305 ], [ 39.7478, -0.0237 ], [ 39.7569, -0.0189 ], [ 39.7657, -0.0223 ], [ 39.7832, -0.0204 ], [ 39.7999, -0.0104 ], [ 39.8162, -0.0065 ], [ 39.8253, 0.0066 ], [ 39.8517, -0.016 ], [ 39.8745, -0.0297 ], [ 39.8829, -0.0326 ], [ 39.8998, -0.0307 ], [ 39.9415, -0.0463 ], [ 39.9627, -0.0621 ], [ 39.9891, -0.0677 ], [ 40.0034, -0.0755 ] ] ] } },
{ "type": "Feature", "properties": { "iso3": "KEN", "unit_id": "43622606B73170662673725", "unit_name": "Fafi" }, "geometry": { "type": "Polygon", "coordinates": [ [ [ 40.1036, -1.5045 ], [ 40.1326, -1.5022 ], [ 40.1774, -1.4774 ], [ 40.1544, -1.4253 ], [ 40.2022, -1.3516 ], [ 40.328, -1.443 ], [ 40.3742, -1.5137 ], [ 40.4294, -1.5298 ], [ 40.4472, -1.5447 ], [ 40.4556, -1.5591 ], [ 40.5005, -1.5802 ], [ 40.5054, -1.5901 ], [ 40.5118, -1.594 ], [ 40.5716, -1.5197 ], [ 40.6374, -1.4734 ], [ 40.6601, -1.4516 ], [ 40.6863, -1.4118 ], [ 40.6897, -1.4017 ], [ 40.7151, -1.3815 ], [ 40.7197, -1.3641 ], [ 40.7192, -1.3433 ], [ 40.7288, -1.3301 ], [ 40.7309, -1.3161 ], [ 40.7409, -1.2977 ], [ 40.7655, -1.3039 ], [ 40.7946, -1.2976 ], [ 40.7757, -1.2575 ], [ 40.7748, -1.2465 ], [ 40.779, -1.2343 ], [ 40.7958, -1.2131 ], [ 40.8035, -1.1928 ], [ 40.9137, -1.2442 ], [ 40.9272, -1.2615 ], [ 40.9285, -1.2347 ], [ 40.9861, -1.2237 ], [ 41.0044, -1.0732 ], [ 40.9777, -1.0401 ], [ 40.9568, -1.0071 ], [ 40.944, -0.9739 ], [ 40.9318, -0.9117 ], [ 40.888, -0.8475 ], [ 40.9931, -0.8289 ], [ 40.9931, -0.3308 ], [ 40.9422, -0.3312 ], [ 40.9078, -0.3392 ], [ 40.8155, -0.3318 ], [ 40.7878, -0.3236 ], [ 40.6591, -0.2618 ], [ 40.5985, -0.2068 ], [ 40.5779, -0.1718 ], [ 40.5697, -0.1481 ], [ 40.5257, -0.1012 ], [ 40.525, -0.095 ], [ 40.5168, -0.0854 ], [ 40.5088, -0.0573 ], [ 40.4922, -0.0551 ], [ 40.4253, -0.007 ], [ 40.4, -0.0027 ], [ 40.3769, 0.0095 ], [ 40.3703, 0.0205 ], [ 40.3603, 0.0293 ], [ 40.3442, 0.0294 ], [ 40.2579, -0.0121 ], [ 40.2115, -0.022 ], [ 40.1743, -0.0166 ], [ 40.1588, -0.0204 ], [ 40.1243, -0.0223 ], [ 40.0677, -0.0171 ], [ 40.0248, -0.0359 ], [ 39.9994, -0.0816 ], [ 39.8652, -0.2057 ], [ 39.8132, -0.2634 ], [ 39.8654, -0.363 ], [ 39.8925, -0.5172 ], [ 39.8718, -0.5253 ], [ 39.8317, -0.5758 ], [ 39.814, -0.5874 ], [ 39.8211, -0.6018 ], [ 39.821, -0.6269 ], [ 39.8397, -0.6508 ], [ 39.8434, -0.6718 ], [ 39.8561, -0.6927 ], [ 39.858, -0.7181 ], [ 39.8657, -0.7288 ], [ 39.8682, -0.739 ], [ 39.8628, -0.7611 ], [ 39.8792, -0.7855 ], [ 39.8901, -0.8172 ], [ 39.901, -0.8335 ], [ 39.9055, -0.8782 ], [ 39.9037, -0.8955 ], [ 39.9192, -0.9171 ], [ 39.9374, -0.9642 ], [ 39.9385, -0.9825 ], [ 39.9343, -1.0028 ], [ 39.9963, -1.1204 ], [ 40.0125, -1.1635 ], [ 40.0387, -1.1994 ], [ 40.0566, -1.2486 ], [ 40.057, -1.2679 ], [ 40.0499, -1.2981 ], [ 40.0494, -1.3147 ], [ 40.0609, -1.3391 ], [ 40.0844, -1.4476 ], [ 40.0877, -1.4762 ], [ 40.1036, -1.5045 ] ] ] } },
{ "type": "Feature", "properties": { "iso3": "KEN", "unit_id": "43622606B48767112370383", "unit_name": "Ijara" }, "geometry": { "type": "Polygon", "coordinates": [ [ [ 40.2122, -2.0357 ], [ 40.4033, -1.9473 ], [ 40.5003, -1.9067 ], [ 40.7357, -1.7948 ], [ 40.8927, -1.7163 ], [ 41.5624, -1.6574 ], [ 41.5622, -1.5972 ], [ 40.9931, -0.8289 ], [ 40.888, -0.8475 ], [ 40.9318, -0.9117 ], [ 40.944, -0.9739 ], [ 40.9568, -1.0071 ], [ 40.9777, -1.0401 ], [ 41.0044, -1.0732 ], [ 40.9861, -1.2237 ], [ 40.9285, -1.2347 ], [ 40.9272, -1.2615 ], [ 40.9137, -1.2442 ], [ 40.8035, -1.1928 ], [ 40.7958, -1.2131 ], [ 40.779, -1.2343 ], [ 40.7748, -1.2465 ], [ 40.7757, -1.2575 ], [ 40.7946, -1.2976 ], [ 40.7655, -1.3039 ], [ 40.7409, -1.2977 ], [ 40.7309, -1.3161 ], [ 40.7288, -1.3301 ], [ 40.7192, -1.3433 ], [ 40.7197, -1.3641 ], [ 40.7151, -1.3815 ], [ 40.6897, -1.4017 ], [ 40.6863, -1.4118 ], [ 40.6601, -1.4516 ], [ 40.6374, -1.4734 ], [ 40.5716, -1.5197 ], [ 40.5118, -1.594 ], [ 40.5054, -1.5901 ], [ 40.5005, -1.5802 ], [ 40.4556, -1.5591 ], [ 40.4472, -1.5447 ], [ 40.4294, -1.5298 ], [ 40.3742, -1.5137 ], [ 40.328, -1.443 ], [ 40.2022, -1.3516 ], [ 40.1558, -1.4204 ], [ 40.1544, -1.4253 ], [ 40.1774, -1.4774 ], [ 40.1326, -1.5022 ], [ 40.1036, -1.5045 ], [ 40.1168, -1.5562 ], [ 40.1468, -1.5918 ], [ 40.1567, -1.6195 ], [ 40.16, -1.6523 ], [ 40.1578, -1.6945 ], [ 40.1706, -1.7255 ], [ 40.1578, -1.763 ], [ 40.1628, -1.8215 ], [ 40.167, -1.8334 ], [ 40.1868, -1.8617 ], [ 40.1896, -1.9307 ], [ 40.1865, -1.9604 ], [ 40.1976, -1.9839 ], [ 40.1961, -1.9998 ], [ 40.2056, -2.0154 ], [ 40.2122, -2.0357 ] ] ] } },
{ "type": "Feature", "properties": { "iso3": "KEN", "unit_id": "43622606B85415434891459", "unit_name": "Wajir North" }, "geometry": { "type": "Polygon", "coordinates": [ [ [ 40.2637, 2.98 ], [ 40.1698, 3.0907 ], [ 40.0437, 3.2284 ], [ 40.0336, 3.2336 ], [ 40.0335, 3.2373 ], [ 39.786, 3.3363 ], [ 39.7851, 3.6953 ], [ 39.7669, 3.6599 ], [ 39.7637, 3.6611 ], [ 39.7566, 3.6543 ], [ 39.6079, 3.5014 ], [ 39.589, 3.4881 ], [ 39.5533, 3.3998 ], [ 39.5315, 3.4021 ], [ 39.5142, 3.4095 ], [ 39.4949, 3.4665 ], [ 39.4831, 3.4597 ], [ 39.4714, 3.4616 ], [ 39.4625, 3.4568 ], [ 39.4535, 3.4563 ], [ 39.4432, 3.4603 ], [ 39.4408, 3.4563 ], [ 39.4292, 3.4546 ], [ 39.4263, 3.4654 ], [ 39.4195, 3.4608 ], [ 39.412, 3.4654 ], [ 39.401, 3.4633 ], [ 39.3733, 3.4673 ], [ 39.3303, 3.4661 ], [ 39.335, 3.4806 ], [ 39.3329, 3.5003 ], [ 39.3285, 3.5027 ], [ 39.319, 3.4991 ], [ 39.3242, 3.4963 ], [ 39.3237, 3.4874 ], [ 39.3185, 3.4741 ], [ 39.303, 3.4551 ], [ 39.2988, 3.4402 ], [ 39.3005, 3.4275 ], [ 39.3129, 3.4057 ], [ 39.3279, 3.2895 ], [ 39.3374, 3.2799 ], [ 39.3406, 3.261 ], [ 39.3456, 3.0708 ], [ 39.3211, 3.0529 ], [ 39.289, 3.0369 ], [ 39.2569, 3.0037 ], [ 39.2456, 2.9854 ], [ 39.2186, 2.9786 ], [ 39.2011, 2.9673 ], [ 39.1939, 2.9565 ], [ 39.1488, 2.9532 ], [ 39.1391, 2.9392 ], [ 39.1246, 2.9314 ], [ 39.1171, 2.9114 ], [ 39.1132, 2.8841 ], [ 39.0672, 2.883 ], [ 39.07, 2.8053 ], [ 39.0621, 2.7357 ], [ 39.0526, 2.7253 ], [ 39.0479, 2.7024 ], [ 39.0368, 2.6914 ], [ 39.0036, 2.6103 ], [ 38.9786, 2.5684 ], [ 38.8876, 2.5445 ], [ 38.9019, 2.4787 ], [ 38.9134, 2.4494 ], [ 38.9136, 2.4422 ], [ 38.9277, 2.4117 ], [ 38.9304, 2.3809 ], [ 38.9342, 2.372 ], [ 38.931, 2.3454 ], [ 38.9831, 2.3169 ], [ 39.0161, 2.2856 ], [ 39.0306, 2.2838 ], [ 39.0661, 2.2952 ], [ 39.0974, 2.3373 ], [ 39.1263, 2.4181 ], [ 39.1477, 2.4533 ], [ 39.1557, 2.4955 ], [ 39.1535, 2.5299 ], [ 39.1633, 2.5537 ], [ 39.1653, 2.5739 ], [ 39.1845, 2.5989 ], [ 39.2582, 2.5485 ], [ 39.2621, 2.5424 ], [ 39.4645, 2.5494 ], [ 39.4832, 2.6017 ], [ 39.5577, 2.5962 ], [ 39.5841, 2.6102 ], [ 39.5945, 2.5853 ], [ 39.5923, 2.5707 ], [ 39.6489, 2.5932 ], [ 39.6689, 2.6066 ], [ 39.6791, 2.6097 ], [ 39.6771, 2.6381 ], [ 39.6715, 2.6583 ], [ 39.7626, 2.6299 ], [ 39.8297, 2.5767 ], [ 40.1257, 2.5881 ], [ 40.132, 2.6028 ], [ 40.1053, 2.635 ], [ 40.1087, 2.655 ], [ 40.1241, 2.6732 ], [ 40.1351, 2.6944 ], [ 40.1461, 2.7057 ], [ 40.1943, 2.7939 ], [ 40.1982, 2.8264 ], [ 40.1925, 2.8465 ], [ 40.1938, 2.8632 ], [ 40.1852, 2.8712 ], [ 40.1827, 2.9009 ], [ 40.2004, 2.9326 ], [ 40.2194, 2.9555 ], [ 40.2551, 2.9718 ], [ 40.2637, 2.98 ] ] ] } },
{ "type": "Feature", "properties": { "iso3": "KEN", "unit_id": "43622606B31720174202892", "unit_name": "Wajir East" }, "geometry": { "type": "Polygon", "coordinates": [ [ [ 40.9909, 2.1786 ], [ 40.9507, 2.1762 ], [ 40.9204, 2.188 ], [ 40.8842, 2.2165 ], [ 40.8673, 2.2357 ], [ 40.8573, 2.2626 ], [ 40.8329, 2.2881 ], [ 40.8232, 2.2923 ], [ 40.8012, 2.2917 ], [ 40.7745, 2.314 ], [ 40.756, 2.3164 ], [ 40.7409, 2.3133 ], [ 40.7225, 2.3252 ], [ 40.5421, 2.2397 ], [ 40.5475, 2.2125 ], [ 40.5433, 2.1895 ], [ 40.5489, 2.1805 ], [ 40.5527, 2.1563 ], [ 40.5627, 2.1303 ], [ 40.5553, 2.1149 ], [ 40.5271, 2.0851 ], [ 40.5103, 2.0749 ], [ 40.4997, 2.0613 ], [ 40.4677, 2.0389 ], [ 40.4515, 2.0165 ], [ 40.4309, 2.0105 ], [ 40.415, 1.9994 ], [ 40.3934, 1.998 ], [ 40.3829, 1.9919 ], [ 40.3633, 1.9955 ], [ 40.3555, 2.0003 ], [ 40.3381, 1.9929 ], [ 40.3233, 1.9805 ], [ 40.3153, 1.9557 ], [ 40.2919, 1.9263 ], [ 40.2649, 1.8817 ], [ 40.2285, 1.8521 ], [ 40.2157, 1.8519 ], [ 40.2031, 1.8439 ], [ 40.1901, 1.8477 ], [ 40.1831, 1.8385 ], [ 40.1711, 1.8333 ], [ 40.1123, 1.7829 ], [ 40.1071, 1.8027 ], [ 40.0989, 1.8097 ], [ 40.0225, 1.797 ], [ 40.0247, 1.7917 ], [ 40.0167, 1.7899 ], [ 40.0039, 1.772 ], [ 40.0037, 1.7607 ], [ 40.0234, 1.6944 ], [ 40.0804, 1.6883 ], [ 40.1176, 1.7206 ], [ 40.1239, 1.7367 ], [ 40.1233, 1.7426 ], [ 40.4835, 1.7159 ], [ 40.5034, 1.718 ], [ 40.5803, 1.7405 ], [ 40.9392, 1.693 ], [ 40.9926, 1.6968 ], [ 40.9909, 2.1786 ] ] ] } },
{ "type": "Feature", "properties": { "iso3": "KEN", "unit_id": "43622606B15860601759195", "unit_name": "Tarbaj" }, "geometry": { "type": "Polygon", "coordinates": [ [ [ 39.8297, 2.5767 ], [ 39.8171, 2.4731 ], [ 39.8215, 2.4106 ], [ 39.8309, 2.3456 ], [ 39.8497, 2.2874 ], [ 39.8707, 2.1956 ], [ 39.8669, 2.1523 ], [ 39.8679, 2.1229 ], [ 39.8835, 2.0016 ], [ 39.9111, 1.9623 ], [ 39.9462, 1.9233 ], [ 39.9951, 1.8762 ], [ 39.9903, 1.8548 ], [ 40.0075, 1.8349 ], [ 40.0225, 1.797 ], [ 40.0989, 1.8097 ], [ 40.1071, 1.8027 ], [ 40.1123, 1.7829 ], [ 40.1711, 1.8333 ], [ 40.1831, 1.8385 ], [ 40.1901, 1.8477 ], [ 40.2031, 1.8439 ], [ 40.2157, 1.8519 ], [ 40.2285, 1.8521 ], [ 40.2649, 1.8817 ], [ 40.2919, 1.9263 ], [ 40.3153, 1.9557 ], [ 40.3233, 1.9805 ], [ 40.3381, 1.9929 ], [ 40.3555, 2.0003 ], [ 40.3633, 1.9955 ], [ 40.3829, 1.9919 ], [ 40.3934, 1.998 ], [ 40.415, 1.9994 ], [ 40.4309, 2.0105 ], [ 40.4515, 2.0165 ], [ 40.4605, 2.0323 ], [ 40.4997, 2.0613 ], [ 40.5103, 2.0749 ], [ 40.5271, 2.0851 ], [ 40.5613, 2.1243 ], [ 40.5619, 2.1379 ], [ 40.5527, 2.1563 ], [ 40.5489, 2.1805 ], [ 40.5433, 2.1895 ], [ 40.5475, 2.2125 ], [ 40.5421, 2.2397 ], [ 40.7225, 2.3252 ], [ 40.7161, 2.333 ], [ 40.7104, 2.3491 ], [ 40.6905, 2.3684 ], [ 40.6764, 2.3761 ], [ 40.6741, 2.3849 ], [ 40.6655, 2.391 ], [ 40.6616, 2.4283 ], [ 40.6557, 2.4336 ], [ 40.641, 2.437 ], [ 40.6386, 2.4423 ], [ 40.6318, 2.4449 ], [ 40.6135, 2.4642 ], [ 40.6033, 2.4818 ], [ 40.603, 2.4935 ], [ 40.5915, 2.503 ], [ 40.5968, 2.5131 ], [ 40.5793, 2.5302 ], [ 40.5793, 2.5496 ], [ 40.5581, 2.5785 ], [ 40.5599, 2.589 ], [ 40.5491, 2.6023 ], [ 40.5496, 2.6123 ], [ 40.5356, 2.6529 ], [ 40.5271, 2.6657 ], [ 40.5195, 2.6963 ], [ 40.4999, 2.72 ], [ 40.4998, 2.7229 ], [ 40.5093, 2.7286 ], [ 40.514, 2.7379 ], [ 40.5199, 2.7401 ], [ 40.5178, 2.7615 ], [ 40.5206, 2.776 ], [ 40.5129, 2.7786 ], [ 40.5083, 2.7844 ], [ 40.5036, 2.7842 ], [ 40.5011, 2.7873 ], [ 40.5019, 2.796 ], [ 40.4941, 2.8002 ], [ 40.5031, 2.8103 ], [ 40.4955, 2.8191 ], [ 40.4983, 2.8213 ], [ 40.4965, 2.8269 ], [ 40.4992, 2.8343 ], [ 40.4946, 2.839 ], [ 40.4972, 2.8518 ], [ 40.4941, 2.8549 ], [ 40.493, 2.8685 ], [ 40.2702, 2.9718 ], [ 40.2637, 2.98 ], [ 40.2551, 2.9718 ], [ 40.2194, 2.9555 ], [ 40.2004, 2.9326 ], [ 40.1827, 2.9009 ], [ 40.1852, 2.8712 ], [ 40.1938, 2.8632 ], [ 40.1925, 2.8465 ], [ 40.1982, 2.8264 ], [ 40.1943, 2.7939 ], [ 40.1461, 2.7057 ], [ 40.1351, 2.6944 ], [ 40.1241, 2.6732 ], [ 40.1087, 2.655 ], [ 40.1053, 2.635 ], [ 40.132, 2.6028 ], [ 40.1257, 2.5881 ], [ 39.8297, 2.5767 ] ] ] } },
{ "type": "Feature", "properties": { "iso3": "KEN", "unit_id": "43622606B69277653416420", "unit_name": "Wajir West" }, "geometry": { "type": "Polygon", "coordinates": [ [ [ 40.0099, 1.7831 ], [ 39.9351, 1.8429 ], [ 39.8613, 1.7297 ], [ 39.8535, 1.7351 ], [ 39.8521, 1.7559 ], [ 39.8387, 1.7817 ], [ 39.8405, 1.7897 ], [ 39.8321, 1.8185 ], [ 39.8255, 1.8237 ], [ 39.8141, 1.8445 ], [ 39.8141, 1.8737 ], [ 39.8061, 1.8851 ], [ 39.8289, 1.8929 ], [ 39.8221, 1.8983 ], [ 39.8157, 1.9309 ], [ 39.8011, 1.9407 ], [ 39.7879, 1.9587 ], [ 39.7657, 1.9721 ], [ 39.7535, 1.9881 ], [ 39.7517, 2.0035 ], [ 39.7479, 2.0049 ], [ 39.7441, 2.0139 ], [ 39.7351, 2.0441 ], [ 39.7063, 2.0905 ], [ 39.6763, 2.1531 ], [ 39.6537, 2.1837 ], [ 39.6475, 2.1707 ], [ 39.6259, 2.1857 ], [ 39.6167, 2.1859 ], [ 39.4981, 2.2663 ], [ 39.4891, 2.2647 ], [ 39.4759, 2.2685 ], [ 39.4659, 2.2647 ], [ 39.4463, 2.2713 ], [ 39.4323, 2.2821 ], [ 39.4221, 2.2753 ], [ 39.4073, 2.2715 ], [ 39.3785, 2.2537 ], [ 39.3667, 2.2541 ], [ 39.3489, 2.1999 ], [ 39.2943, 2.1591 ], [ 39.2895, 2.1435 ], [ 39.2757, 2.1357 ], [ 39.2565, 2.1259 ], [ 39.2181, 2.1159 ], [ 39.1731, 2.0961 ], [ 39.1321, 2.0861 ], [ 39.0533, 2.0553 ], [ 38.9905, 2.0455 ], [ 38.9927, 2.0396 ], [ 38.9896, 2.0273 ], [ 38.9935, 2.0074 ], [ 39.0033, 2.0033 ], [ 39.0302, 1.978 ], [ 39.0468, 1.9483 ], [ 39.0577, 1.9409 ], [ 39.06, 1.927 ], [ 39.0867, 1.9044 ], [ 39.094, 1.9028 ], [ 39.1034, 1.8928 ], [ 39.1179, 1.8861 ], [ 39.1291, 1.8737 ], [ 39.138, 1.8563 ], [ 39.1432, 1.8533 ], [ 39.1417, 1.8376 ], [ 39.1607, 1.8121 ], [ 39.1719, 1.7887 ], [ 39.1773, 1.7635 ], [ 39.2044, 1.7155 ], [ 39.2137, 1.7094 ], [ 39.2264, 1.7072 ], [ 39.2308, 1.7027 ], [ 39.246, 1.6999 ], [ 39.2614, 1.6881 ], [ 39.2715, 1.6896 ], [ 39.2834, 1.6811 ], [ 39.2843, 1.6767 ], [ 39.2989, 1.6678 ], [ 39.3073, 1.6685 ], [ 39.3101, 1.6581 ], [ 39.3163, 1.6598 ], [ 39.3217, 1.6493 ], [ 39.3315, 1.6477 ], [ 39.3368, 1.6394 ], [ 39.3423, 1.6402 ], [ 39.3458, 1.6283 ], [ 39.3508, 1.6259 ], [ 39.3768, 1.5877 ], [ 39.3849, 1.5821 ], [ 39.3868, 1.5739 ], [ 39.3945, 1.5732 ], [ 39.3977, 1.5635 ], [ 39.4037, 1.559 ], [ 39.4151, 1.5589 ], [ 39.4388, 1.538 ], [ 39.4471, 1.5353 ], [ 39.3716, 1.5097 ], [ 39.2773, 1.4723 ], [ 39.4344, 1.0658 ], [ 39.4439, 1.0461 ], [ 39.4733, 1.0325 ], [ 39.4821, 1.025 ], [ 39.486, 1.015 ], [ 39.4935, 1.0159 ], [ 39.5162, 1.0307 ], [ 39.67, 1.1506 ], [ 39.8335, 1.2853 ], [ 39.8418, 1.2972 ], [ 39.8739, 1.3877 ], [ 39.9124, 1.4745 ], [ 39.9249, 1.5225 ], [ 39.9911, 1.5941 ], [ 40.0153, 1.639 ], [ 40.0302, 1.6602 ], [ 40.0418, 1.6918 ], [ 40.0234, 1.6944 ], [ 40.0037, 1.7607 ], [ 40.0039, 1.772 ], [ 40.0099, 1.7831 ] ] ] } },
{ "type": "Feature", "properties": { "iso3": "KEN", "unit_id": "43622606B16543759812557", "unit_name": "Eldas" }, "geometry": { "type": "Polygon", "coordinates": [ [ [ 38.931, 2.3454 ], [ 38.9355, 2.3151 ], [ 38.9257, 2.2828 ], [ 38.9376, 2.2147 ], [ 38.9365, 2.1631 ], [ 38.955, 2.1068 ], [ 38.9848, 2.0704 ], [ 38.9845, 2.0518 ], [ 38.9905, 2.0455 ], [ 39.0533, 2.0553 ], [ 39.1321, 2.0861 ], [ 39.1731, 2.0961 ], [ 39.2181, 2.1159 ], [ 39.2565, 2.1259 ], [ 39.2757, 2.1357 ], [ 39.2895, 2.1435 ], [ 39.2943, 2.1591 ], [ 39.3489, 2.1999 ], [ 39.3667, 2.2541 ], [ 39.3785, 2.2537 ], [ 39.4073, 2.2715 ], [ 39.4221, 2.2753 ], [ 39.4323, 2.2821 ], [ 39.4463, 2.2713 ], [ 39.4659, 2.2647 ], [ 39.4759, 2.2685 ], [ 39.4891, 2.2647 ], [ 39.4981, 2.2663 ], [ 39.6167, 2.1859 ], [ 39.6259, 2.1857 ], [ 39.6475, 2.1707 ], [ 39.6537, 2.1837 ], [ 39.6763, 2.1531 ], [ 39.7063, 2.0905 ], [ 39.7351, 2.0441 ], [ 39.7441, 2.0139 ], [ 39.7479, 2.0049 ], [ 39.7517, 2.0035 ], [ 39.7535, 1.9881 ], [ 39.7657, 1.9721 ], [ 39.7879, 1.9587 ], [ 39.8011, 1.9407 ], [ 39.8157, 1.9309 ], [ 39.8221, 1.8983 ], [ 39.8289, 1.8929 ], [ 39.8061, 1.8851 ], [ 39.8141, 1.8737 ], [ 39.8141, 1.8445 ], [ 39.8255, 1.8237 ], [ 39.8321, 1.8185 ], [ 39.8405, 1.7897 ], [ 39.8387, 1.7817 ], [ 39.8521, 1.7559 ], [ 39.8535, 1.7351 ], [ 39.8613, 1.7297 ], [ 39.9351, 1.8429 ], [ 40.0099, 1.7831 ], [ 40.0167, 1.7899 ], [ 40.0247, 1.7917 ], [ 40.0075, 1.8349 ], [ 39.9903, 1.8548 ], [ 39.9951, 1.8762 ], [ 39.9462, 1.9233 ], [ 39.9111, 1.9623 ], [ 39.8835, 2.0016 ], [ 39.8679, 2.1229 ], [ 39.8669, 2.1523 ], [ 39.8707, 2.1956 ], [ 39.8497, 2.2874 ], [ 39.8309, 2.3456 ], [ 39.8215, 2.4106 ], [ 39.8171, 2.4731 ], [ 39.8297, 2.5767 ], [ 39.7626, 2.6299 ], [ 39.6715, 2.6583 ], [ 39.6771, 2.6381 ], [ 39.6791, 2.6097 ], [ 39.6689, 2.6066 ], [ 39.6489, 2.5932 ], [ 39.5923, 2.5707 ], [ 39.5945, 2.5853 ], [ 39.5841, 2.6102 ], [ 39.5577, 2.5962 ], [ 39.4832, 2.6017 ], [ 39.4645, 2.5494 ], [ 39.2621, 2.5424 ], [ 39.2582, 2.5485 ], [ 39.1845, 2.5989 ], [ 39.1653, 2.5739 ], [ 39.1633, 2.5537 ], [ 39.1535, 2.5299 ], [ 39.1557, 2.4955 ], [ 39.1477, 2.4533 ], [ 39.1263, 2.4181 ], [ 39.0974, 2.3373 ], [ 39.0661, 2.2952 ], [ 39.0306, 2.2838 ], [ 39.0161, 2.2856 ], [ 38.9831, 2.3169 ], [ 38.931, 2.3454 ] ] ] } },
{ "type": "Feature", "properties": { "iso3": "KEN", "unit_id": "43622606B66524902336361", "unit_name": "Wajir South" }, "geometry": { "type": "Polygon", "coordinates": [ [ [ 39.9042, 0.4633 ], [ 39.944, 0.4304 ], [ 39.979, 0.4103 ], [ 40.0087, 0.4003 ], [ 40.048, 0.3967 ], [ 40.0624, 0.391 ], [ 40.1299, 0.342 ], [ 40.1615, 0.3258 ], [ 40.2183, 0.2656 ], [ 40.2485, 0.2431 ], [ 40.2997, 0.2197 ], [ 40.3315, 0.1993 ], [ 40.3776, 0.196 ], [ 40.3964, 0.1851 ], [ 40.4054, 0.1836 ], [ 40.4264, 0.1901 ], [ 40.4526, 0.1853 ], [ 40.4753, 0.1862 ], [ 40.4962, 0.1972 ], [ 40.5057, 0.1929 ], [ 40.5131, 0.2081 ], [ 40.5205, 0.2137 ], [ 40.5247, 0.2222 ], [ 40.5356, 0.2272 ], [ 40.5638, 0.2159 ], [ 40.5767, 0.2177 ], [ 40.5854, 0.2153 ], [ 40.5954, 0.2254 ], [ 40.6047, 0.2255 ], [ 40.6114, 0.2322 ], [ 40.6465, 0.2312 ], [ 40.6819, 0.2577 ], [ 40.6843, 0.2714 ], [ 40.6953, 0.2784 ], [ 40.7164, 0.3202 ], [ 40.7367, 0.3263 ], [ 40.75, 0.3418 ], [ 40.7723, 0.3537 ], [ 40.858, 0.376 ], [ 40.8859, 0.3913 ], [ 40.9196, 0.4238 ], [ 40.9612, 0.4467 ], [ 40.9793, 0.4531 ], [ 40.9924, 0.4633 ], [ 40.9881, 1.0196 ], [ 40.9919, 1.022 ], [ 40.9926, 1.6968 ], [ 40.9392, 1.693 ], [ 40.5803, 1.7405 ], [ 40.5034, 1.718 ], [ 40.4835, 1.7159 ], [ 40.1233, 1.7426 ], [ 40.1239, 1.7367 ], [ 40.1176, 1.7206 ], [ 40.0804, 1.6883 ], [ 40.0418, 1.6918 ], [ 40.0302, 1.6602 ], [ 40.0153, 1.639 ], [ 39.9911, 1.5941 ], [ 39.9249, 1.5225 ], [ 39.9124, 1.4745 ], [ 39.8739, 1.3877 ], [ 39.8418, 1.2972 ], [ 39.8335, 1.2853 ], [ 39.67, 1.1506 ], [ 39.4991, 1.0189 ], [ 39.486, 1.015 ], [ 39.4821, 1.025 ], [ 39.4733, 1.0325 ], [ 39.4439, 1.0461 ], [ 39.4658, 0.9886 ], [ 39.4795, 0.9808 ], [ 39.4932, 0.96 ], [ 39.4979, 0.9339 ], [ 39.5332, 0.8535 ], [ 39.564, 0.7558 ], [ 39.6138, 0.6844 ], [ 39.6236, 0.6771 ], [ 39.6274, 0.6698 ], [ 39.6349, 0.6671 ], [ 39.6458, 0.6569 ], [ 39.6543, 0.6313 ], [ 39.6894, 0.5788 ], [ 39.698, 0.5725 ], [ 39.718, 0.5456 ], [ 39.7233, 0.5433 ], [ 39.7316, 0.5266 ], [ 39.7619, 0.512 ], [ 39.7748, 0.4958 ], [ 39.8004, 0.4845 ], [ 39.8514, 0.4777 ], [ 39.856, 0.4709 ], [ 39.8744, 0.4596 ], [ 39.8888, 0.4639 ], [ 39.9042, 0.4633 ] ] ] } },
{ "type": "Feature", "properties": { "iso3": "KEN", "unit_id": "43622606B85323867255763", "unit_name": "Mandera West" }, "geometry": { "type": "Polygon", "coordinates": [ [ [ 40.2637, 2.98 ], [ 40.2959, 2.9893 ], [ 40.3103, 2.9868 ], [ 40.3328, 2.9974 ], [ 40.3554, 2.9989 ], [ 40.3659, 3.0041 ], [ 40.401, 3.0085 ], [ 40.4078, 3.0129 ], [ 40.4374, 3.0201 ], [ 40.4821, 3.0225 ], [ 40.5066, 3.0283 ], [ 40.5259, 3.071 ], [ 40.5348, 3.105 ], [ 40.5459, 3.119 ], [ 40.5546, 3.1397 ], [ 40.5679, 3.1477 ], [ 40.5799, 3.1954 ], [ 40.5945, 3.2161 ], [ 40.6233, 3.2381 ], [ 40.6323, 3.2512 ], [ 40.6492, 3.2567 ], [ 40.6838, 3.2583 ], [ 40.6473, 3.2911 ], [ 40.6133, 3.3072 ], [ 40.5743, 3.3102 ], [ 40.5586, 3.3368 ], [ 40.5413, 3.338 ], [ 40.5158, 3.3296 ], [ 40.4898, 3.3423 ], [ 40.4587, 3.3369 ], [ 40.4499, 3.3297 ], [ 40.4412, 3.3292 ], [ 40.4176, 3.3397 ], [ 40.3868, 3.3634 ], [ 40.3615, 3.3899 ], [ 40.3366, 3.4296 ], [ 40.3304, 3.4529 ], [ 40.3308, 3.5 ], [ 40.3238, 3.5268 ], [ 40.3164, 3.5494 ], [ 40.2866, 3.6127 ], [ 40.292, 3.6247 ], [ 40.2899, 3.6519 ], [ 40.2987, 3.679 ], [ 40.2988, 3.6879 ], [ 40.3068, 3.7038 ], [ 40.3051, 3.7187 ], [ 40.3074, 3.7244 ], [ 40.3028, 3.7271 ], [ 40.2933, 3.7629 ], [ 40.2782, 3.7716 ], [ 40.2733, 3.7656 ], [ 40.257, 3.7576 ], [ 40.2416, 3.726 ], [ 40.233, 3.7387 ], [ 40.2356, 3.7461 ], [ 40.2443, 3.7542 ], [ 40.2447, 3.7588 ], [ 40.2378, 3.7692 ], [ 40.2284, 3.7586 ], [ 40.2209, 3.7365 ], [ 40.2007, 3.7248 ], [ 40.1912, 3.7132 ], [ 40.1806, 3.7241 ], [ 40.1646, 3.7288 ], [ 40.1352, 3.7509 ], [ 40.1198, 3.7501 ], [ 40.1073, 3.7418 ], [ 40.1019, 3.747 ], [ 40.0981, 3.7605 ], [ 40.1002, 3.7802 ], [ 40.1091, 3.8064 ], [ 40.1002, 3.8176 ], [ 40.098, 3.8297 ], [ 40.088, 3.8367 ], [ 40.0759, 3.8359 ], [ 40.0645, 3.8437 ], [ 40.0536, 3.8461 ], [ 40.0485, 3.8524 ], [ 40.0379, 3.8548 ], [ 40.0334, 3.8632 ], [ 40.0201, 3.8711 ], [ 40.0127, 3.8816 ], [ 40.0183, 3.8933 ], [ 40.0175, 3.9019 ], [ 40.0022, 3.9163 ], [ 39.998, 3.929 ], [ 39.9902, 3.9329 ], [ 39.8653, 3.8679 ], [ 39.7851, 3.6953 ], [ 39.786, 3.3363 ], [ 40.0335, 3.2373 ], [ 40.0336, 3.2336 ], [ 40.0437, 3.2284 ], [ 40.1698, 3.0907 ], [ 40.2637, 2.98 ] ] ] } },
{ "type": "Feature", "properties": { "iso3": "KEN", "unit_id": "43622606B93489217526041", "unit_name": "Banissa" }, "geometry": { "type": "Polygon", "coordinates": [ [ [ 40.3074, 3.7244 ], [ 40.3243, 3.7529 ], [ 40.3363, 3.7556 ], [ 40.3395, 3.7549 ], [ 40.3482, 3.7275 ], [ 40.3553, 3.7234 ], [ 40.3542, 3.7316 ], [ 40.3659, 3.7425 ], [ 40.3706, 3.7617 ], [ 40.3896, 3.7915 ], [ 40.3919, 3.803 ], [ 40.4037, 3.8129 ], [ 40.4099, 3.8217 ], [ 40.4132, 3.8341 ], [ 40.4219, 3.845 ], [ 40.4224, 3.863 ], [ 40.4376, 3.8786 ], [ 40.458, 3.8792 ], [ 40.4771, 3.8674 ], [ 40.4958, 3.8657 ], [ 40.5056, 3.8612 ], [ 40.5766, 3.862 ], [ 40.5851, 3.8586 ], [ 40.5925, 3.8606 ], [ 40.6058, 3.8728 ], [ 40.6299, 3.8701 ], [ 40.6487, 3.8613 ], [ 40.6763, 3.8632 ], [ 40.6726, 3.8739 ], [ 40.6835, 3.9161 ], [ 40.6952, 3.9275 ], [ 40.726, 3.9408 ], [ 40.7344, 3.9494 ], [ 40.7361, 3.972 ], [ 40.7335, 4.0049 ], [ 40.7363, 4.0087 ], [ 40.7621, 4.0187 ], [ 40.7788, 4.0201 ], [ 40.7947, 4.0155 ], [ 40.8195, 4.0408 ], [ 40.8456, 4.0515 ], [ 40.8498, 4.0582 ], [ 40.8761, 4.0748 ], [ 40.8878, 4.0776 ], [ 40.9126, 4.0995 ], [ 40.9513, 4.0923 ], [ 40.9619, 4.0949 ], [ 40.9795, 4.1159 ], [ 40.9794, 4.122 ], [ 40.9611, 4.1355 ], [ 40.9596, 4.1418 ], [ 40.9068, 4.1562 ], [ 40.8982, 4.1834 ], [ 40.8866, 4.1927 ], [ 40.8844, 4.2142 ], [ 40.8687, 4.2268 ], [ 40.8538, 4.2284 ], [ 40.8484, 4.247 ], [ 40.8357, 4.2508 ], [ 40.8338, 4.2474 ], [ 40.8019, 4.2657 ], [ 40.7907, 4.2676 ], [ 40.7825, 4.2805 ], [ 40.7586, 4.2818 ], [ 40.7435, 4.263 ], [ 40.7361, 4.2601 ], [ 40.7273, 4.251 ], [ 40.7046, 4.2495 ], [ 40.6971, 4.2415 ], [ 40.4245, 4.1314 ], [ 40.4016, 4.1208 ], [ 40.3941, 4.1138 ], [ 40.3848, 4.1153 ], [ 40.207, 4.0421 ], [ 40.1913, 4.0465 ], [ 40.1792, 4.0301 ], [ 40.153, 4.0131 ], [ 40.1176, 3.9991 ], [ 39.9902, 3.9329 ], [ 39.998, 3.929 ], [ 40.0022, 3.9163 ], [ 40.0175, 3.9019 ], [ 40.0183, 3.8933 ], [ 40.0127, 3.8816 ], [ 40.0201, 3.8711 ], [ 40.0334, 3.8632 ], [ 40.0379, 3.8548 ], [ 40.0485, 3.8524 ], [ 40.0536, 3.8461 ], [ 40.0645, 3.8437 ], [ 40.0759, 3.8359 ], [ 40.088, 3.8367 ], [ 40.098, 3.8297 ], [ 40.1002, 3.8176 ], [ 40.1091, 3.8064 ], [ 40.1002, 3.7802 ], [ 40.0981, 3.7605 ], [ 40.1019, 3.747 ], [ 40.1073, 3.7418 ], [ 40.1198, 3.7501 ], [ 40.1352, 3.7509 ], [ 40.1646, 3.7288 ], [ 40.1806, 3.7241 ], [ 40.1912, 3.7132 ], [ 40.2007, 3.7248 ], [ 40.2209, 3.7365 ], [ 40.2284, 3.7586 ], [ 40.2378, 3.7692 ], [ 40.2447, 3.7588 ], [ 40.2443, 3.7542 ], [ 40.2356, 3.7461 ], [ 40.233, 3.7387 ], [ 40.2416, 3.726 ], [ 40.257, 3.7576 ], [ 40.2733, 3.7656 ], [ 40.2782, 3.7716 ], [ 40.2933, 3.7629 ], [ 40.3028, 3.7271 ], [ 40.3074, 3.7244 ] ] ] } },
{ "type": "Feature", "properties": { "iso3": "KEN", "unit_id": "43622606B58280382395720", "unit_name": "Mandera North" }, "geometry": { "type": "Polygon", "coordinates": [ [ [ 40.6473, 3.2911 ], [ 40.6965, 3.2476 ], [ 40.7076, 3.2187 ], [ 40.7174, 3.2462 ], [ 40.7235, 3.2503 ], [ 40.7464, 3.2443 ], [ 40.7775, 3.2519 ], [ 40.7997, 3.264 ], [ 40.809, 3.2551 ], [ 40.8176, 3.2518 ], [ 40.8384, 3.2572 ], [ 40.8652, 3.2483 ], [ 40.8636, 3.1972 ], [ 40.8857, 3.0914 ], [ 40.9064, 3.0922 ], [ 40.913, 3.0969 ], [ 40.9245, 3.1188 ], [ 40.9378, 3.1186 ], [ 40.928, 3.1332 ], [ 40.9212, 3.1569 ], [ 40.9217, 3.1714 ], [ 40.9365, 3.1868 ], [ 40.9422, 3.1998 ], [ 40.965, 3.2136 ], [ 40.9806, 3.2185 ], [ 40.9882, 3.2298 ], [ 40.9866, 3.2443 ], [ 40.9536, 3.2762 ], [ 40.9519, 3.2893 ], [ 40.9398, 3.3053 ], [ 40.9434, 3.3157 ], [ 40.9422, 3.3297 ], [ 40.9112, 3.3327 ], [ 40.8918, 3.3305 ], [ 40.9067, 3.3657 ], [ 40.914, 3.3922 ], [ 40.9666, 3.4312 ], [ 40.9656, 3.4421 ], [ 40.9571, 3.4529 ], [ 40.954, 3.4735 ], [ 40.9707, 3.5195 ], [ 40.9849, 3.5344 ], [ 40.989, 3.5529 ], [ 40.9959, 3.5643 ], [ 40.9965, 3.5777 ], [ 40.9897, 3.5911 ], [ 40.9919, 3.5985 ], [ 41.0228, 3.6316 ], [ 41.0456, 3.651 ], [ 41.0722, 3.6647 ], [ 41.0909, 3.6894 ], [ 41.0947, 3.6997 ], [ 41.1037, 3.7087 ], [ 41.121, 3.7167 ], [ 41.1299, 3.7307 ], [ 41.1448, 3.744 ], [ 41.1487, 3.7551 ], [ 41.1849, 3.7866 ], [ 41.2181, 3.8496 ], [ 41.2238, 3.8513 ], [ 41.2333, 3.8755 ], [ 41.2421, 3.8753 ], [ 41.246, 3.8788 ], [ 41.2502, 3.8965 ], [ 41.2455, 3.9138 ], [ 41.2485, 3.9276 ], [ 41.2559, 3.933 ], [ 41.2682, 3.9356 ], [ 41.281, 3.9555 ], [ 41.2766, 3.952 ], [ 41.263, 3.9577 ], [ 41.2555, 3.9543 ], [ 41.2493, 3.9564 ], [ 41.2457, 3.9518 ], [ 41.2402, 3.9619 ], [ 41.2317, 3.9521 ], [ 41.2285, 3.9552 ], [ 41.2162, 3.9548 ], [ 41.2171, 3.9504 ], [ 41.2082, 3.9479 ], [ 41.2073, 3.9369 ], [ 41.1961, 3.9376 ], [ 41.1805, 3.9459 ], [ 41.1734, 3.9442 ], [ 41.1667, 3.9526 ], [ 41.1551, 3.9594 ], [ 41.1309, 3.9689 ], [ 41.1301, 3.9716 ], [ 41.136, 3.9738 ], [ 41.1252, 3.9757 ], [ 41.1272, 3.9799 ], [ 41.117, 3.9894 ], [ 41.1087, 3.9869 ], [ 41.1045, 3.9901 ], [ 41.1002, 4.0016 ], [ 41.105, 4.0071 ], [ 41.09, 4.0135 ], [ 41.0825, 4.0238 ], [ 41.0721, 4.0274 ], [ 41.0681, 4.0429 ], [ 41.0512, 4.0567 ], [ 41.0419, 4.0765 ], [ 41.0329, 4.0745 ], [ 41.03, 4.0809 ], [ 41.021, 4.0817 ], [ 41.0174, 4.092 ], [ 41.0043, 4.1028 ], [ 41.0009, 4.1102 ], [ 40.9942, 4.1131 ], [ 40.9844, 4.1121 ], [ 40.9795, 4.1159 ], [ 40.9582, 4.093 ], [ 40.9126, 4.0995 ], [ 40.8878, 4.0776 ], [ 40.8761, 4.0748 ], [ 40.8498, 4.0582 ], [ 40.8456, 4.0515 ], [ 40.8195, 4.0408 ], [ 40.7947, 4.0155 ], [ 40.7788, 4.0201 ], [ 40.7621, 4.0187 ], [ 40.7363, 4.0087 ], [ 40.7335, 4.0049 ], [ 40.7361, 3.972 ], [ 40.7344, 3.9494 ], [ 40.726, 3.9408 ], [ 40.6952, 3.9275 ], [ 40.6835, 3.9161 ], [ 40.6726, 3.8739 ], [ 40.6763, 3.8632 ], [ 40.6487, 3.8613 ], [ 40.6299, 3.8701 ], [ 40.6058, 3.8728 ], [ 40.5925, 3.8606 ], [ 40.5851, 3.8586 ], [ 40.5766, 3.862 ], [ 40.5056, 3.8612 ], [ 40.4958, 3.8657 ], [ 40.4771, 3.8674 ], [ 40.458, 3.8792 ], [ 40.4376, 3.8786 ], [ 40.4224, 3.863 ], [ 40.4219, 3.845 ], [ 40.4132, 3.8341 ], [ 40.4099, 3.8217 ], [ 40.4037, 3.8129 ], [ 40.3919, 3.803 ], [ 40.3896, 3.7915 ], [ 40.3706, 3.7617 ], [ 40.3659, 3.7425 ], [ 40.3542, 3.7316 ], [ 40.3553, 3.7234 ], [ 40.3482, 3.7275 ], [ 40.3395, 3.7549 ], [ 40.3243, 3.7529 ], [ 40.3051, 3.7187 ], [ 40.3068, 3.7038 ], [ 40.2988, 3.6879 ], [ 40.2987, 3.679 ], [ 40.2899, 3.6519 ], [ 40.292, 3.6247 ], [ 40.2866, 3.6127 ], [ 40.3164, 3.5494 ], [ 40.3238, 3.5268 ], [ 40.3308, 3.5 ], [ 40.3304, 3.4529 ], [ 40.3366, 3.4296 ], [ 40.3615, 3.3899 ], [ 40.3868, 3.3634 ], [ 40.4176, 3.3397 ], [ 40.4412, 3.3292 ], [ 40.4499, 3.3297 ], [ 40.4587, 3.3369 ], [ 40.4898, 3.3423 ], [ 40.5158, 3.3296 ], [ 40.5413, 3.338 ], [ 40.5527, 3.3386 ], [ 40.5586, 3.3368 ], [ 40.5743, 3.3102 ], [ 40.6133, 3.3072 ], [ 40.6473, 3.2911 ] ] ] } },
{ "type": "Feature", "properties": { "iso3": "KEN", "unit_id": "43622606B33732023604916", "unit_name": "Mandera South" }, "geometry": { "type": "Polygon", "coordinates": [ [ [ 40.9909, 2.1786 ], [ 40.9939, 2.8253 ], [ 41.1829, 3.0105 ], [ 40.9852, 3.0864 ], [ 40.9626, 3.0919 ], [ 40.9507, 3.0976 ], [ 40.9378, 3.1186 ], [ 40.9245, 3.1188 ], [ 40.913, 3.0969 ], [ 40.9064, 3.0922 ], [ 40.8857, 3.0914 ], [ 40.8636, 3.1972 ], [ 40.8652, 3.2483 ], [ 40.8384, 3.2572 ], [ 40.8176, 3.2518 ], [ 40.809, 3.2551 ], [ 40.7997, 3.264 ], [ 40.7775, 3.2519 ], [ 40.7464, 3.2443 ], [ 40.7235, 3.2503 ], [ 40.7174, 3.2462 ], [ 40.7076, 3.2187 ], [ 40.6965, 3.2476 ], [ 40.6838, 3.2583 ], [ 40.6492, 3.2567 ], [ 40.6323, 3.2512 ], [ 40.6233, 3.2381 ], [ 40.5945, 3.2161 ], [ 40.5799, 3.1954 ], [ 40.5679, 3.1477 ], [ 40.5546, 3.1397 ], [ 40.5459, 3.119 ], [ 40.5348, 3.105 ], [ 40.5259, 3.071 ], [ 40.5066, 3.0283 ], [ 40.4821, 3.0225 ], [ 40.4374, 3.0201 ], [ 40.4078, 3.0129 ], [ 40.401, 3.0085 ], [ 40.3659, 3.0041 ], [ 40.3554, 2.9989 ], [ 40.3328, 2.9974 ], [ 40.3103, 2.9868 ], [ 40.2959, 2.9893 ], [ 40.2637, 2.98 ], [ 40.2702, 2.9718 ], [ 40.493, 2.8685 ], [ 40.4941, 2.8549 ], [ 40.4972, 2.8518 ], [ 40.4946, 2.839 ], [ 40.4992, 2.8343 ], [ 40.4965, 2.8269 ], [ 40.4983, 2.8213 ], [ 40.4955, 2.8191 ], [ 40.5031, 2.8103 ], [ 40.4941, 2.8002 ], [ 40.5019, 2.796 ], [ 40.5011, 2.7873 ], [ 40.5036, 2.7842 ], [ 40.5083, 2.7844 ], [ 40.5129, 2.7786 ], [ 40.5206, 2.776 ], [ 40.5178, 2.7615 ], [ 40.5199, 2.7401 ], [ 40.514, 2.7379 ], [ 40.5093, 2.7286 ], [ 40.4998, 2.7229 ], [ 40.4999, 2.72 ], [ 40.5195, 2.6963 ], [ 40.5271, 2.6657 ], [ 40.5356, 2.6529 ], [ 40.5496, 2.6123 ], [ 40.5491, 2.6023 ], [ 40.5599, 2.589 ], [ 40.5581, 2.5785 ], [ 40.5793, 2.5496 ], [ 40.5793, 2.5302 ], [ 40.5968, 2.5131 ], [ 40.5915, 2.503 ], [ 40.603, 2.4935 ], [ 40.6033, 2.4818 ], [ 40.6216, 2.455 ], [ 40.6318, 2.4449 ], [ 40.6386, 2.4423 ], [ 40.641, 2.437 ], [ 40.6557, 2.4336 ], [ 40.6639, 2.4249 ], [ 40.6655, 2.391 ], [ 40.6741, 2.3849 ], [ 40.6764, 2.3761 ], [ 40.6905, 2.3684 ], [ 40.7104, 2.3491 ], [ 40.7161, 2.333 ], [ 40.7378, 2.3141 ], [ 40.756, 2.3164 ], [ 40.7745, 2.314 ], [ 40.8012, 2.2917 ], [ 40.8232, 2.2923 ], [ 40.8329, 2.2881 ], [ 40.8573, 2.2626 ], [ 40.8673, 2.2357 ], [ 40.8842, 2.2165 ], [ 40.9204, 2.188 ], [ 40.9507, 2.1762 ], [ 40.9909, 2.1786 ] ] ] } },
{ "type": "Feature", "properties": { "iso3": "KEN", "unit_id": "43622606B60888295280098", "unit_name": "Mandera East" }, "geometry": { "type": "Polygon", "coordinates": [ [ [ 41.4838, 3.375 ], [ 41.8259, 3.8593 ], [ 41.906, 3.9757 ], [ 41.9015, 3.9815 ], [ 41.8854, 3.9748 ], [ 41.8828, 3.9686 ], [ 41.8755, 3.9651 ], [ 41.8685, 3.9676 ], [ 41.867, 3.9619 ], [ 41.8563, 3.9625 ], [ 41.8531, 3.9502 ], [ 41.8499, 3.949 ], [ 41.8426, 3.9554 ], [ 41.8375, 3.9552 ], [ 41.8356, 3.9463 ], [ 41.8285, 3.9538 ], [ 41.8256, 3.9494 ], [ 41.8205, 3.952 ], [ 41.8197, 3.9599 ], [ 41.8077, 3.9619 ], [ 41.8001, 3.9596 ], [ 41.7946, 3.9711 ], [ 41.7989, 3.9729 ], [ 41.7944, 3.9756 ], [ 41.7942, 3.9834 ], [ 41.7881, 3.9795 ], [ 41.7817, 3.9845 ], [ 41.7754, 3.9761 ], [ 41.7538, 3.9764 ], [ 41.7544, 3.9847 ], [ 41.7385, 3.9894 ], [ 41.7338, 3.9861 ], [ 41.7335, 3.9953 ], [ 41.73, 3.9948 ], [ 41.7316, 3.9892 ], [ 41.7216, 3.9917 ], [ 41.7209, 3.9957 ], [ 41.7177, 3.9959 ], [ 41.7134, 3.9882 ], [ 41.7052, 3.9885 ], [ 41.6921, 3.982 ], [ 41.6892, 3.9749 ], [ 41.6826, 3.9793 ], [ 41.6772, 3.9615 ], [ 41.672, 3.9687 ], [ 41.6561, 3.9679 ], [ 41.6417, 3.9813 ], [ 41.6359, 3.9801 ], [ 41.6372, 3.987 ], [ 41.6344, 3.9873 ], [ 41.632, 3.9807 ], [ 41.6272, 3.9857 ], [ 41.6184, 3.9763 ], [ 41.6031, 3.9774 ], [ 41.5942, 3.973 ], [ 41.5803, 3.9753 ], [ 41.5691, 3.972 ], [ 41.5495, 3.9866 ], [ 41.527, 3.9751 ], [ 41.522, 3.9632 ], [ 41.5151, 3.9569 ], [ 41.5063, 3.9586 ], [ 41.5073, 3.9648 ], [ 41.5004, 3.9709 ], [ 41.4964, 3.965 ], [ 41.4831, 3.9634 ], [ 41.48, 3.9567 ], [ 41.4755, 3.9603 ], [ 41.4691, 3.9574 ], [ 41.4618, 3.9618 ], [ 41.4494, 3.9578 ], [ 41.4397, 3.9598 ], [ 41.4392, 3.9524 ], [ 41.4207, 3.9516 ], [ 41.3953, 3.9671 ], [ 41.3889, 3.9618 ], [ 41.3825, 3.9624 ], [ 41.3806, 3.9549 ], [ 41.3638, 3.9588 ], [ 41.3607, 3.9558 ], [ 41.3598, 3.9467 ], [ 41.3709, 3.9361 ], [ 41.3728, 3.9216 ], [ 41.3718, 3.9169 ], [ 41.3626, 3.9088 ], [ 41.367, 3.8966 ], [ 41.3638, 3.8905 ], [ 41.3476, 3.8762 ], [ 41.3489, 3.8652 ], [ 41.342, 3.8452 ], [ 41.3427, 3.8268 ], [ 41.3552, 3.7957 ], [ 41.3432, 3.7761 ], [ 41.315, 3.7065 ], [ 41.2561, 3.6113 ], [ 41.2534, 3.5914 ], [ 41.2675, 3.5657 ], [ 41.2814, 3.5529 ], [ 41.2851, 3.5432 ], [ 41.2843, 3.5356 ], [ 41.2873, 3.5326 ], [ 41.2958, 3.5296 ], [ 41.3062, 3.531 ], [ 41.3149, 3.5146 ], [ 41.3475, 3.5144 ], [ 41.3561, 3.5047 ], [ 41.3578, 3.4972 ], [ 41.3688, 3.4945 ], [ 41.3807, 3.4867 ], [ 41.3938, 3.4896 ], [ 41.4838, 3.375 ] ] ] } },
{ "type": "Feature", "properties": { "iso3": "KEN", "unit_id": "43622606B19014597337753", "unit_name": "Lafey" }, "geometry": { "type": "Polygon", "coordinates": [ [ [ 40.928, 3.1332 ], [ 40.9507, 3.0976 ], [ 40.9626, 3.0919 ], [ 40.9852, 3.0864 ], [ 41.1829, 3.0105 ], [ 41.3271, 3.1513 ], [ 41.4838, 3.375 ], [ 41.3938, 3.4896 ], [ 41.3807, 3.4867 ], [ 41.3688, 3.4945 ], [ 41.3578, 3.4972 ], [ 41.3561, 3.5047 ], [ 41.3475, 3.5144 ], [ 41.3149, 3.5146 ], [ 41.3062, 3.531 ], [ 41.2958, 3.5296 ], [ 41.2873, 3.5326 ], [ 41.2843, 3.5356 ], [ 41.2851, 3.5432 ], [ 41.2814, 3.5529 ], [ 41.2675, 3.5657 ], [ 41.2534, 3.5914 ], [ 41.2561, 3.6113 ], [ 41.315, 3.7065 ], [ 41.3432, 3.7761 ], [ 41.3552, 3.7957 ], [ 41.3427, 3.8268 ], [ 41.342, 3.8452 ], [ 41.3489, 3.8652 ], [ 41.3476, 3.8762 ], [ 41.3638, 3.8905 ], [ 41.367, 3.8966 ], [ 41.3626, 3.9088 ], [ 41.3718, 3.9169 ], [ 41.3728, 3.9216 ], [ 41.3709, 3.9361 ], [ 41.3598, 3.9467 ], [ 41.3626, 3.9621 ], [ 41.3555, 3.962 ], [ 41.352, 3.951 ], [ 41.3453, 3.9515 ], [ 41.3291, 3.943 ], [ 41.3182, 3.948 ], [ 41.3179, 3.946 ], [ 41.3039, 3.9497 ], [ 41.2987, 3.9569 ], [ 41.2942, 3.9555 ], [ 41.2956, 3.9493 ], [ 41.2827, 3.949 ], [ 41.281, 3.9555 ], [ 41.2682, 3.9356 ], [ 41.2516, 3.9312 ], [ 41.246, 3.9216 ], [ 41.2462, 3.9077 ], [ 41.2503, 3.8991 ], [ 41.246, 3.8788 ], [ 41.2421, 3.8753 ], [ 41.2333, 3.8755 ], [ 41.2238, 3.8513 ], [ 41.2181, 3.8496 ], [ 41.1849, 3.7866 ], [ 41.1487, 3.7551 ], [ 41.1448, 3.744 ], [ 41.1299, 3.7307 ], [ 41.121, 3.7167 ], [ 41.1037, 3.7087 ], [ 41.0947, 3.6997 ], [ 41.0909, 3.6894 ], [ 41.0722, 3.6647 ], [ 41.0456, 3.651 ], [ 41.0228, 3.6316 ], [ 40.9919, 3.5985 ], [ 40.9897, 3.5911 ], [ 40.9965, 3.5777 ], [ 40.9959, 3.5643 ], [ 40.989, 3.5529 ], [ 40.9849, 3.5344 ], [ 40.9707, 3.5195 ], [ 40.954, 3.4735 ], [ 40.9571, 3.4529 ], [ 40.9656, 3.4421 ], [ 40.9666, 3.4312 ], [ 40.914, 3.3922 ], [ 40.9067, 3.3657 ], [ 40.8918, 3.3305 ], [ 40.9112, 3.3327 ], [ 40.9422, 3.3297 ], [ 40.9434, 3.3157 ], [ 40.9398, 3.3053 ], [ 40.9519, 3.2893 ], [ 40.9536, 3.2762 ], [ 40.9866, 3.2443 ], [ 40.9882, 3.2298 ], [ 40.9806, 3.2185 ], [ 40.965, 3.2136 ], [ 40.9422, 3.1998 ], [ 40.9365, 3.1868 ], [ 40.9217, 3.1714 ], [ 40.9212, 3.1569 ], [ 40.928, 3.1332 ] ] ] } },
{ "type": "Feature", "properties": { "iso3": "KEN", "unit_id": "43622606B54199389134867", "unit_name": "Moyale" }, "geometry": { "type": "Polygon", "coordinates": [ [ [ 39.319, 3.4991 ], [ 39.3034, 3.4787 ], [ 39.2825, 3.4793 ], [ 39.2658, 3.4721 ], [ 39.2543, 3.477 ], [ 39.2446, 3.4763 ], [ 39.2239, 3.4818 ], [ 39.1911, 3.4794 ], [ 39.1886, 3.4921 ], [ 39.1716, 3.4916 ], [ 39.1502, 3.5015 ], [ 39.1496, 3.511 ], [ 39.1304, 3.5119 ], [ 39.1066, 3.5223 ], [ 39.0873, 3.5419 ], [ 39.0784, 3.5415 ], [ 39.0778, 3.5321 ], [ 39.0604, 3.5272 ], [ 39.0549, 3.5218 ], [ 39.0353, 3.5284 ], [ 39.0317, 3.5247 ], [ 39.0211, 3.5244 ], [ 39.0212, 3.5126 ], [ 39.0183, 3.5114 ], [ 39.0122, 3.5177 ], [ 39.0075, 3.5166 ], [ 39.0033, 3.525 ], [ 38.9989, 3.5217 ], [ 38.9813, 3.5261 ], [ 38.9759, 3.532 ], [ 38.9709, 3.5303 ], [ 38.9678, 3.5334 ], [ 38.9586, 3.5268 ], [ 38.9597, 3.5179 ], [ 38.9057, 3.5147 ], [ 38.849, 3.5347 ], [ 38.715, 3.5742 ], [ 38.713, 3.5836 ], [ 38.6869, 3.6261 ], [ 38.6731, 3.623 ], [ 38.6766, 3.6112 ], [ 38.6656, 3.5952 ], [ 38.6248, 3.6066 ], [ 38.6204, 3.6046 ], [ 38.6148, 3.6146 ], [ 38.6061, 3.6083 ], [ 38.5793, 3.6063 ], [ 38.5583, 3.6176 ], [ 38.5502, 3.6442 ], [ 38.5423, 3.6498 ], [ 38.5387, 3.6567 ], [ 38.5211, 3.6546 ], [ 38.5163, 3.6501 ], [ 38.5226, 3.644 ], [ 38.5224, 3.6296 ], [ 38.4478, 3.6043 ], [ 38.1906, 3.6223 ], [ 38.1355, 3.6139 ], [ 38.1293, 3.6083 ], [ 38.386, 3.3088 ], [ 38.9405, 2.1483 ], [ 38.9365, 2.1631 ], [ 38.9376, 2.2147 ], [ 38.9257, 2.2828 ], [ 38.9355, 2.3151 ], [ 38.931, 2.3454 ], [ 38.9342, 2.372 ], [ 38.9304, 2.3809 ], [ 38.9277, 2.4117 ], [ 38.9136, 2.4422 ], [ 38.9134, 2.4494 ], [ 38.9019, 2.4787 ], [ 38.8876, 2.5445 ], [ 38.9786, 2.5684 ], [ 39.0036, 2.6103 ], [ 39.0368, 2.6914 ], [ 39.0479, 2.7024 ], [ 39.0526, 2.7253 ], [ 39.0621, 2.7357 ], [ 39.07, 2.8053 ], [ 39.0672, 2.883 ], [ 39.1132, 2.8841 ], [ 39.1171, 2.9114 ], [ 39.1246, 2.9314 ], [ 39.1391, 2.9392 ], [ 39.1488, 2.9532 ], [ 39.1939, 2.9565 ], [ 39.2011, 2.9673 ], [ 39.2186, 2.9786 ], [ 39.2456, 2.9854 ], [ 39.2569, 3.0037 ], [ 39.289, 3.0369 ], [ 39.3211, 3.0529 ], [ 39.3456, 3.0708 ], [ 39.3406, 3.261 ], [ 39.3374, 3.2799 ], [ 39.3279, 3.2895 ], [ 39.3129, 3.4057 ], [ 39.3005, 3.4275 ], [ 39.2988, 3.4402 ], [ 39.303, 3.4551 ], [ 39.3185, 3.4741 ], [ 39.3237, 3.4874 ], [ 39.3242, 3.4963 ], [ 39.319, 3.4991 ] ] ] } },
{ "type": "Feature", "properties": { "iso3": "KEN", "unit_id": "43622606B36851531331468", "unit_name": "North Horr" }, "geometry": { "type": "Polygon", "coordinates": [ [ [ 38.9405, 2.1483 ], [ 38.386, 3.3088 ], [ 38.1293, 3.6083 ], [ 38.1132, 3.626 ], [ 38.0598, 3.6689 ], [ 38.0475, 3.6755 ], [ 38.0419, 3.6853 ], [ 38.0377, 3.6852 ], [ 38.0321, 3.6905 ], [ 38.0187, 3.7059 ], [ 38.0157, 3.7159 ], [ 38.0127, 3.7153 ], [ 38.0081, 3.729 ], [ 38.0032, 3.7289 ], [ 37.9994, 3.7333 ], [ 37.9933, 3.7319 ], [ 37.9188, 3.7734 ], [ 37.6486, 3.9524 ], [ 37.6482, 3.9558 ], [ 37.5008, 4.0591 ], [ 37.4271, 4.107 ], [ 37.426, 4.1103 ], [ 37.4056, 4.1204 ], [ 37.1363, 4.2952 ], [ 37.1318, 4.293 ], [ 37.1283, 4.2949 ], [ 37.1133, 4.3065 ], [ 37.0894, 4.3436 ], [ 37.0777, 4.3484 ], [ 37.0654, 4.347 ], [ 37.0543, 4.3622 ], [ 37.055, 4.3658 ], [ 37.0481, 4.3704 ], [ 37.0473, 4.3758 ], [ 37.0437, 4.3746 ], [ 37.0314, 4.3857 ], [ 37.021, 4.3718 ], [ 37.0098, 4.3797 ], [ 37.0037, 4.3784 ], [ 36.9972, 4.3824 ], [ 36.9863, 4.3952 ], [ 36.9591, 4.3976 ], [ 36.9592, 4.4033 ], [ 36.9099, 4.4245 ], [ 36.8797, 4.4318 ], [ 36.844, 4.4496 ], [ 36.6804, 4.4413 ], [ 36.6614, 4.442 ], [ 36.6448, 4.4539 ], [ 36.6256, 4.4543 ], [ 36.5469, 4.4443 ], [ 36.2641, 4.4506 ], [ 36.2463, 4.4573 ], [ 36.2334, 4.4512 ], [ 36.0503, 4.4515 ], [ 36.0513, 3.3431 ], [ 36.2579, 3.3448 ], [ 37.7971, 2.6423 ], [ 38.0764, 2.5346 ], [ 38.1436, 2.3042 ], [ 38.1598, 2.2988 ], [ 38.1915, 2.3072 ], [ 38.1959, 2.3108 ], [ 38.205, 2.3084 ], [ 38.2142, 2.2997 ], [ 38.2297, 2.2944 ], [ 38.2438, 2.2819 ], [ 38.2646, 2.2712 ], [ 38.2771, 2.2581 ], [ 38.3069, 2.2527 ], [ 38.3188, 2.24 ], [ 38.3326, 2.2339 ], [ 38.3393, 2.2177 ], [ 38.3442, 2.2158 ], [ 38.3467, 2.2103 ], [ 38.3484, 2.19 ], [ 38.3759, 2.1834 ], [ 38.389, 2.1672 ], [ 38.4104, 2.1619 ], [ 38.4196, 2.1386 ], [ 38.4326, 2.131 ], [ 38.4274, 2.1085 ], [ 38.4321, 2.0912 ], [ 38.4412, 2.0753 ], [ 38.4448, 2.0523 ], [ 38.4622, 2.037 ], [ 38.4815, 2.0275 ], [ 38.5212, 2.0147 ], [ 38.5485, 2.0005 ], [ 38.5658, 1.9868 ], [ 38.5995, 1.9532 ], [ 38.6227, 1.9209 ], [ 38.6289, 1.9032 ], [ 38.7954, 1.9989 ], [ 38.8354, 2.026 ], [ 38.9615, 2.0995 ], [ 38.955, 2.1068 ], [ 38.9405, 2.1483 ] ] ] } },
{ "type": "Feature", "properties": { "iso3": "KEN", "unit_id": "43622606B67073038759966", "unit_name": "Saku" }, "geometry": { "type": "Polygon", "coordinates": [ [ [ 37.7971, 2.6423 ], [ 37.7572, 2.1269 ], [ 37.8913, 2.1103 ], [ 38.0369, 2.103 ], [ 38.185, 2.16 ], [ 38.0764, 2.5346 ], [ 37.7971, 2.6423 ] ] ] } },
{ "type": "Feature", "properties": { "iso3": "KEN", "unit_id": "43622606B46706067712374", "unit_name": "Laisamis" }, "geometry": { "type": "Polygon", "coordinates": [ [ [ 38.1436, 2.3042 ], [ 38.185, 2.16 ], [ 38.0369, 2.103 ], [ 37.8913, 2.1103 ], [ 37.7572, 2.1269 ], [ 37.7971, 2.6423 ], [ 36.2579, 3.3448 ], [ 36.0513, 3.3431 ], [ 36.0522, 3.2382 ], [ 36.0719, 3.2265 ], [ 36.1108, 3.2208 ], [ 36.1284, 3.2109 ], [ 36.1407, 3.2093 ], [ 36.1401, 3.2169 ], [ 36.145, 3.2234 ], [ 36.1514, 3.2153 ], [ 36.1505, 3.191 ], [ 36.1384, 3.1521 ], [ 36.1494, 3.1347 ], [ 36.1522, 3.1162 ], [ 36.1495, 3.095 ], [ 36.1526, 3.0858 ], [ 36.1483, 3.0751 ], [ 36.1403, 3.0709 ], [ 36.1409, 3.0375 ], [ 36.1366, 3.0286 ], [ 36.1363, 3.0139 ], [ 36.1273, 3.0025 ], [ 36.1239, 2.9812 ], [ 36.1298, 2.9812 ], [ 36.1301, 2.9753 ], [ 36.1373, 2.9804 ], [ 36.1348, 2.9683 ], [ 36.1404, 2.9705 ], [ 36.1655, 2.9677 ], [ 36.1925, 2.9692 ], [ 36.2013, 2.9631 ], [ 36.2231, 2.9561 ], [ 36.2252, 2.9592 ], [ 36.2343, 2.9583 ], [ 36.2467, 2.9506 ], [ 36.2545, 2.9551 ], [ 36.2549, 2.9665 ], [ 36.2694, 2.91 ], [ 36.2828, 2.8925 ], [ 36.2998, 2.8884 ], [ 36.3465, 2.8635 ], [ 36.3616, 2.8608 ], [ 36.3801, 2.8401 ], [ 36.396, 2.8007 ], [ 36.4187, 2.7635 ], [ 36.4213, 2.7367 ], [ 36.4293, 2.7191 ], [ 36.4473, 2.7055 ], [ 36.434, 2.6801 ], [ 36.438, 2.6345 ], [ 36.4541, 2.6122 ], [ 36.4727, 2.6095 ], [ 36.4752, 2.6003 ], [ 36.4941, 2.5754 ], [ 36.5151, 2.5603 ], [ 36.5248, 2.5267 ], [ 36.5301, 2.5228 ], [ 36.5311, 2.5001 ], [ 36.5273, 2.4852 ], [ 36.5295, 2.4735 ], [ 36.5245, 2.4462 ], [ 36.532, 2.4322 ], [ 36.5389, 2.4076 ], [ 36.5596, 2.3966 ], [ 36.5666, 2.4001 ], [ 36.5685, 2.4048 ], [ 36.5868, 2.4074 ], [ 36.5923, 2.4134 ], [ 36.6074, 2.3961 ], [ 36.6194, 2.3987 ], [ 36.6217, 2.4132 ], [ 36.6266, 2.4141 ], [ 36.6315, 2.4118 ], [ 36.6351, 2.4043 ], [ 36.6387, 2.4067 ], [ 36.6386, 2.3912 ], [ 36.6439, 2.4056 ], [ 36.6435, 2.4171 ], [ 36.6485, 2.4132 ], [ 36.6508, 2.4178 ], [ 36.6579, 2.42 ], [ 36.6708, 2.4433 ], [ 36.6855, 2.4578 ], [ 36.699, 2.4543 ], [ 36.6977, 2.4642 ], [ 36.7036, 2.4787 ], [ 36.7005, 2.5123 ], [ 36.7073, 2.5115 ], [ 36.7094, 2.5076 ], [ 36.7397, 2.5141 ], [ 36.7592, 2.5148 ], [ 36.8446, 2.275 ], [ 36.8646, 2.2545 ], [ 36.8949, 2.1927 ], [ 36.9016, 2.1573 ], [ 36.9138, 2.1264 ], [ 36.9118, 2.1048 ], [ 36.9189, 2.1014 ], [ 36.9217, 2.0602 ], [ 36.9163, 2.0192 ], [ 36.9244, 2.0181 ], [ 36.9375, 2.0253 ], [ 36.9488, 2.0265 ], [ 36.9765, 2.0086 ], [ 36.9973, 1.9998 ], [ 37.0114, 1.9844 ], [ 37.0754, 1.9825 ], [ 37.1229, 1.9671 ], [ 37.1612, 1.9646 ], [ 37.1639, 1.9402 ], [ 37.1714, 1.9271 ], [ 37.2196, 1.8914 ], [ 37.2333, 1.8726 ], [ 37.274, 1.8699 ], [ 37.3053, 1.7516 ], [ 37.3588, 1.7296 ], [ 37.4742, 1.5514 ], [ 37.5589, 1.3961 ], [ 37.5645, 1.3897 ], [ 37.5706, 1.3884 ], [ 37.5742, 1.3804 ], [ 37.5789, 1.3779 ], [ 37.5828, 1.3704 ], [ 37.5807, 1.364 ], [ 37.5883, 1.368 ], [ 37.5911, 1.3792 ], [ 37.5997, 1.3907 ], [ 37.6049, 1.3783 ], [ 37.6112, 1.3749 ], [ 37.6231, 1.3776 ], [ 37.6241, 1.3831 ], [ 37.6303, 1.3835 ], [ 37.6541, 1.4008 ], [ 37.6587, 1.3949 ], [ 37.6769, 1.4033 ], [ 37.6846, 1.399 ], [ 37.7136, 1.4077 ], [ 37.7364, 1.4069 ], [ 37.7478, 1.413 ], [ 37.7701, 1.4141 ], [ 37.7782, 1.4116 ], [ 37.7825, 1.4189 ], [ 37.7953, 1.4146 ], [ 37.8003, 1.4181 ], [ 37.8107, 1.4179 ], [ 37.8177, 1.4228 ], [ 37.826, 1.4204 ], [ 37.8319, 1.425 ], [ 37.843, 1.4256 ], [ 37.8535, 1.4592 ], [ 37.9517, 1.3873 ], [ 37.9463, 1.2634 ], [ 38.3412, 1.578 ], [ 38.384, 1.7615 ], [ 38.6289, 1.9032 ], [ 38.6227, 1.9209 ], [ 38.5995, 1.9532 ], [ 38.5658, 1.9868 ], [ 38.5485, 2.0005 ], [ 38.5212, 2.0147 ], [ 38.4815, 2.0275 ], [ 38.4622, 2.037 ], [ 38.4448, 2.0523 ], [ 38.4412, 2.0753 ], [ 38.4321, 2.0912 ], [ 38.4274, 2.1085 ], [ 38.4326, 2.131 ], [ 38.4196, 2.1386 ], [ 38.4104, 2.1619 ], [ 38.389, 2.1672 ], [ 38.3759, 2.1834 ], [ 38.3484, 2.19 ], [ 38.3467, 2.2103 ], [ 38.3442, 2.2158 ], [ 38.3393, 2.2177 ], [ 38.3326, 2.2339 ], [ 38.3188, 2.24 ], [ 38.3069, 2.2527 ], [ 38.2771, 2.2581 ], [ 38.2646, 2.2712 ], [ 38.2438, 2.2819 ], [ 38.2297, 2.2944 ], [ 38.2142, 2.2997 ], [ 38.205, 2.3084 ], [ 38.1959, 2.3108 ], [ 38.1915, 2.3072 ], [ 38.1598, 2.2988 ], [ 38.1436, 2.3042 ] ] ] } },
{ "type": "Feature", "properties": { "iso3": "KEN", "unit_id": "43622606B14751111620618", "unit_name": "Isiolo North" }, "geometry": { "type": "MultiPolygon", "coordinates": [ [ [ [ 38.0625, 0.6712 ], [ 38.0655, 0.6776 ], [ 38.0644, 0.7038 ], [ 38.0786, 0.7265 ], [ 38.0848, 0.746 ], [ 38.0804, 0.7612 ], [ 38.0821, 0.7712 ], [ 38.0785, 0.777 ], [ 38.0805, 0.7838 ], [ 38.0537, 0.7792 ], [ 38.0451, 0.788 ], [ 38.0312, 0.7923 ], [ 38.0221, 0.7994 ], [ 38.0157, 0.7974 ], [ 38.016, 0.8048 ], [ 38.0133, 0.8057 ], [ 38.0083, 0.8022 ], [ 38.0087, 0.7936 ], [ 37.9998, 0.7883 ], [ 37.9943, 0.7793 ], [ 37.9859, 0.7779 ], [ 37.9727, 0.7563 ], [ 37.9597, 0.752 ], [ 37.955, 0.7458 ], [ 37.946, 0.7449 ], [ 37.9295, 0.7233 ], [ 37.9194, 0.7201 ], [ 37.9153, 0.7142 ], [ 37.9118, 0.7147 ], [ 37.9092, 0.7222 ], [ 37.9019, 0.7229 ], [ 37.9023, 0.7294 ], [ 37.8964, 0.7284 ], [ 37.8907, 0.7383 ], [ 37.878, 0.7448 ], [ 37.8741, 0.7297 ], [ 37.8484, 0.7153 ], [ 37.8427, 0.6998 ], [ 37.8445, 0.6913 ], [ 37.8365, 0.6818 ], [ 37.8025, 0.6765 ], [ 37.7923, 0.672 ], [ 37.7834, 0.6777 ], [ 37.7587, 0.6728 ], [ 37.7494, 0.6773 ], [ 37.7255, 0.6556 ], [ 37.7139, 0.6614 ], [ 37.7096, 0.6691 ], [ 37.6922, 0.6648 ], [ 37.6851, 0.6575 ], [ 37.6816, 0.6435 ], [ 37.6764, 0.6403 ], [ 37.6745, 0.642 ], [ 37.6667, 0.6349 ], [ 37.6501, 0.6324 ], [ 37.6439, 0.6231 ], [ 37.6396, 0.6228 ], [ 37.6383, 0.6151 ], [ 37.6424, 0.6152 ], [ 37.6331, 0.5981 ], [ 37.6268, 0.6013 ], [ 37.6179, 0.601 ], [ 37.6053, 0.5922 ], [ 37.5826, 0.5889 ], [ 37.58, 0.5741 ], [ 37.5735, 0.5754 ], [ 37.5574, 0.5717 ], [ 37.545, 0.5789 ], [ 37.5321, 0.5668 ], [ 37.5229, 0.5715 ], [ 37.5151, 0.5679 ], [ 37.4909, 0.5798 ], [ 37.4914, 0.5902 ], [ 37.4777, 0.5895 ], [ 37.471, 0.5942 ], [ 37.4462, 0.5817 ], [ 37.4408, 0.5834 ], [ 37.4362, 0.581 ], [ 37.4289, 0.5848 ], [ 37.4242, 0.5806 ], [ 37.3925, 0.578 ], [ 37.3729, 0.5891 ], [ 37.3644, 0.5888 ], [ 37.3637, 0.5998 ], [ 37.3543, 0.6017 ], [ 37.3527, 0.6233 ], [ 37.343, 0.64 ], [ 37.3422, 0.6471 ], [ 37.3313, 0.6519 ], [ 37.3259, 0.6602 ], [ 37.3254, 0.6682 ], [ 37.3047, 0.7051 ], [ 37.2998, 0.7217 ], [ 37.2886, 0.7378 ], [ 37.2737, 0.7457 ], [ 37.257, 0.7644 ], [ 37.2455, 0.7633 ], [ 37.2188, 0.7404 ], [ 37.2063, 0.7423 ], [ 37.1998, 0.7471 ], [ 37.1805, 0.7432 ], [ 37.1747, 0.7459 ], [ 37.1652, 0.7438 ], [ 37.1614, 0.7521 ], [ 37.1511, 0.7542 ], [ 37.15, 0.7609 ], [ 37.1344, 0.76 ], [ 37.1269, 0.7664 ], [ 37.1232, 0.7775 ], [ 37.1166, 0.7829 ], [ 37.1092, 0.7809 ], [ 37.1024, 0.7876 ], [ 37.0704, 0.7784 ], [ 37.069, 0.7668 ], [ 37.0606, 0.7683 ], [ 37.0583, 0.7728 ], [ 37.0082, 0.7527 ], [ 36.9951, 0.7515 ], [ 36.9805, 0.7456 ], [ 36.9733, 0.7479 ], [ 36.9666, 0.7432 ], [ 36.9481, 0.7445 ], [ 36.9349, 0.7541 ], [ 36.9261, 0.7242 ], [ 36.9266, 0.676 ], [ 36.9221, 0.662 ], [ 36.9133, 0.6623 ], [ 36.9076, 0.6324 ], [ 36.8972, 0.6311 ], [ 36.8938, 0.6227 ], [ 36.8904, 0.6233 ], [ 36.888, 0.6105 ], [ 36.8835, 0.6134 ], [ 36.8792, 0.6058 ], [ 36.8751, 0.6055 ], [ 36.8715, 0.599 ], [ 36.8676, 0.5979 ], [ 36.8675, 0.5783 ], [ 36.8638, 0.572 ], [ 37.3689, 0.5125 ], [ 37.3596, 0.5022 ], [ 37.3622, 0.4884 ], [ 37.3602, 0.4775 ], [ 37.3571, 0.4685 ], [ 37.3492, 0.4606 ], [ 37.3486, 0.4437 ], [ 37.3533, 0.4145 ], [ 37.3629, 0.4097 ], [ 37.3694, 0.3975 ], [ 37.3701, 0.3848 ], [ 37.3791, 0.3805 ], [ 37.3791, 0.3647 ], [ 37.3824, 0.3636 ], [ 37.3838, 0.3583 ], [ 37.3919, 0.3554 ], [ 37.3939, 0.3184 ], [ 37.3916, 0.3134 ], [ 37.3956, 0.3024 ], [ 37.392, 0.2981 ], [ 37.3941, 0.2929 ], [ 37.3875, 0.2874 ], [ 37.3853, 0.2769 ], [ 37.3791, 0.2765 ], [ 37.3737, 0.2713 ], [ 37.3792, 0.2703 ], [ 37.399, 0.284 ], [ 37.4007, 0.2963 ], [ 37.43, 0.298 ], [ 37.4656, 0.2836 ], [ 37.536, 0.2637 ], [ 37.5477, 0.2821 ], [ 37.5458, 0.2865 ], [ 37.5496, 0.2955 ], [ 37.5497, 0.3066 ], [ 37.5465, 0.3115 ], [ 37.5552, 0.3286 ], [ 37.5813, 0.3287 ], [ 37.6049, 0.3538 ], [ 37.5988, 0.4029 ], [ 37.5849, 0.403 ], [ 37.582, 0.4114 ], [ 37.5815, 0.4597 ], [ 37.5867, 0.4805 ], [ 37.8203, 0.561 ], [ 38.0625, 0.6712 ] ] ], [ [ [ 38.9927, 2.0396 ], [ 38.9845, 2.0518 ], [ 38.9848, 2.0704 ], [ 38.9615, 2.0995 ], [ 38.8354, 2.026 ], [ 38.7954, 1.9989 ], [ 38.384, 1.7615 ], [ 38.3412, 1.578 ], [ 37.9463, 1.2634 ], [ 37.9492, 1.1942 ], [ 38.0326, 1.0855 ], [ 38.0468, 0.8056 ], [ 38.0805, 0.7838 ], [ 38.0864, 0.8031 ], [ 38.0951, 0.8036 ], [ 38.1048, 0.8133 ], [ 38.1168, 0.816 ], [ 38.1195, 0.8197 ], [ 38.1327, 0.8174 ], [ 38.1347, 0.8139 ], [ 38.1405, 0.8155 ], [ 38.1395, 0.8109 ], [ 38.1426, 0.8093 ], [ 38.152, 0.8114 ], [ 38.1608, 0.8257 ], [ 38.1791, 0.8293 ], [ 38.1959, 0.8252 ], [ 38.2116, 0.834 ], [ 38.2259, 0.8287 ], [ 38.245, 0.8333 ], [ 38.2502, 0.8263 ], [ 38.2583, 0.8246 ], [ 38.2658, 0.8311 ], [ 38.2778, 0.8294 ], [ 38.2867, 0.8236 ], [ 38.31, 0.826 ], [ 38.3236, 0.8434 ], [ 38.332, 0.8363 ], [ 38.3401, 0.8418 ], [ 38.3463, 0.8399 ], [ 38.3576, 0.8299 ], [ 38.362, 0.8322 ], [ 38.3701, 0.855 ], [ 38.3757, 0.8557 ], [ 38.3815, 0.8454 ], [ 38.3921, 0.8504 ], [ 38.3937, 0.8653 ], [ 38.4015, 0.862 ], [ 38.4084, 0.8685 ], [ 38.4141, 0.8649 ], [ 38.4371, 0.8685 ], [ 38.4488, 0.8644 ], [ 38.4531, 0.8702 ], [ 38.4736, 0.8649 ], [ 38.4763, 0.8674 ], [ 38.474, 0.8711 ], [ 38.4851, 0.878 ], [ 38.4936, 0.8742 ], [ 38.4959, 0.8694 ], [ 38.5006, 0.8712 ], [ 38.5112, 0.8644 ], [ 38.5152, 0.8757 ], [ 38.5141, 0.8816 ], [ 38.5209, 0.8843 ], [ 38.5239, 0.8896 ], [ 38.5239, 0.8999 ], [ 38.5301, 0.914 ], [ 38.5463, 0.9204 ], [ 38.5584, 0.9384 ], [ 38.5587, 0.9512 ], [ 38.5636, 0.9534 ], [ 38.562, 0.9591 ], [ 38.566, 0.9627 ], [ 38.5609, 0.9712 ], [ 38.5657, 0.9761 ], [ 38.5613, 0.9825 ], [ 38.5663, 0.9874 ], [ 38.5633, 0.992 ], [ 38.568, 0.9968 ], [ 38.5676, 1.0071 ], [ 38.5778, 1.0246 ], [ 38.5831, 1.0237 ], [ 38.5876, 1.0277 ], [ 38.5947, 1.0235 ], [ 38.6047, 1.0238 ], [ 38.6059, 1.0199 ], [ 38.6107, 1.0216 ], [ 38.6144, 1.0155 ], [ 38.6214, 1.0177 ], [ 38.6252, 1.0148 ], [ 38.6287, 1.0199 ], [ 38.6322, 1.016 ], [ 38.636, 1.0212 ], [ 38.6473, 1.0207 ], [ 38.6502, 1.026 ], [ 38.6545, 1.0238 ], [ 38.6552, 1.0305 ], [ 38.6605, 1.028 ], [ 38.6567, 1.0366 ], [ 38.6608, 1.0382 ], [ 38.6608, 1.0425 ], [ 38.6681, 1.0461 ], [ 38.6699, 1.051 ], [ 38.6879, 1.0598 ], [ 38.6878, 1.0654 ], [ 38.6961, 1.0727 ], [ 38.6997, 1.0701 ], [ 38.7097, 1.0754 ], [ 38.7134, 1.0708 ], [ 38.7198, 1.0724 ], [ 38.7241, 1.0797 ], [ 38.7239, 1.0926 ], [ 38.7322, 1.0983 ], [ 38.7288, 1.1059 ], [ 38.7358, 1.1095 ], [ 38.7429, 1.1066 ], [ 38.7441, 1.1256 ], [ 38.7499, 1.1326 ], [ 38.7564, 1.1331 ], [ 38.7547, 1.1373 ], [ 38.7572, 1.1411 ], [ 38.7645, 1.1407 ], [ 38.7709, 1.148 ], [ 38.7744, 1.1436 ], [ 38.7787, 1.1534 ], [ 38.7919, 1.1567 ], [ 38.7925, 1.1616 ], [ 38.7973, 1.1597 ], [ 38.798, 1.1647 ], [ 38.8062, 1.1641 ], [ 38.8109, 1.1696 ], [ 38.8143, 1.1688 ], [ 38.8189, 1.1782 ], [ 38.8224, 1.178 ], [ 38.8215, 1.1818 ], [ 38.8287, 1.1846 ], [ 38.8302, 1.1792 ], [ 38.8407, 1.1887 ], [ 38.8499, 1.19 ], [ 38.8516, 1.1947 ], [ 38.8571, 1.1917 ], [ 38.8584, 1.1996 ], [ 38.861, 1.195 ], [ 38.8832, 1.1991 ], [ 38.9011, 1.1899 ], [ 38.9087, 1.1897 ], [ 38.9254, 1.2042 ], [ 38.9319, 1.1955 ], [ 38.9413, 1.1917 ], [ 38.9578, 1.1951 ], [ 38.9669, 1.2037 ], [ 38.9668, 1.207 ], [ 38.9689, 1.2052 ], [ 38.9772, 1.2108 ], [ 38.9844, 1.2067 ], [ 38.9995, 1.2096 ], [ 39.0105, 1.2079 ], [ 39.0201, 1.2011 ], [ 39.0278, 1.2036 ], [ 39.04, 1.2014 ], [ 39.0416, 1.1978 ], [ 39.0661, 1.1852 ], [ 39.0841, 1.1862 ], [ 39.095, 1.179 ], [ 39.1156, 1.1785 ], [ 39.1213, 1.1702 ], [ 39.1372, 1.1708 ], [ 39.1373, 1.1662 ], [ 39.1442, 1.1635 ], [ 39.1609, 1.1417 ], [ 39.1762, 1.1348 ], [ 39.1796, 1.1301 ], [ 39.1766, 1.1237 ], [ 39.1874, 1.1079 ], [ 39.1899, 1.1101 ], [ 39.195, 1.1044 ], [ 39.206, 1.1052 ], [ 39.2121, 1.1025 ], [ 39.218, 1.1077 ], [ 39.2193, 1.1049 ], [ 39.2414, 1.1053 ], [ 39.2473, 1.1003 ], [ 39.2639, 1.1037 ], [ 39.2784, 1.0955 ], [ 39.3013, 1.095 ], [ 39.3219, 1.0829 ], [ 39.3268, 1.0765 ], [ 39.3324, 1.08 ], [ 39.3472, 1.0644 ], [ 39.3666, 1.0645 ], [ 39.3725, 1.0623 ], [ 39.375, 1.0574 ], [ 39.3818, 1.0581 ], [ 39.3933, 1.0536 ], [ 39.4234, 1.0276 ], [ 39.4467, 1.0135 ], [ 39.4546, 1.0011 ], [ 39.4619, 0.9959 ], [ 39.2773, 1.4723 ], [ 39.3716, 1.5097 ], [ 39.4471, 1.5353 ], [ 39.4388, 1.538 ], [ 39.4151, 1.5589 ], [ 39.4037, 1.559 ], [ 39.3977, 1.5635 ], [ 39.3945, 1.5732 ], [ 39.3868, 1.5739 ], [ 39.3849, 1.5821 ], [ 39.3768, 1.5877 ], [ 39.3508, 1.6259 ], [ 39.3458, 1.6283 ], [ 39.3423, 1.6402 ], [ 39.3368, 1.6394 ], [ 39.3315, 1.6477 ], [ 39.3217, 1.6493 ], [ 39.3163, 1.6598 ], [ 39.3101, 1.6581 ], [ 39.3073, 1.6685 ], [ 39.2989, 1.6678 ], [ 39.2843, 1.6767 ], [ 39.2834, 1.6811 ], [ 39.2715, 1.6896 ], [ 39.2614, 1.6881 ], [ 39.246, 1.6999 ], [ 39.2308, 1.7027 ], [ 39.2264, 1.7072 ], [ 39.2137, 1.7094 ], [ 39.2044, 1.7155 ], [ 39.1773, 1.7635 ], [ 39.1719, 1.7887 ], [ 39.1607, 1.8121 ], [ 39.1417, 1.8376 ], [ 39.1432, 1.8533 ], [ 39.138, 1.8563 ], [ 39.1291, 1.8737 ], [ 39.1179, 1.8861 ], [ 39.1034, 1.8928 ], [ 39.094, 1.9028 ], [ 39.0867, 1.9044 ], [ 39.06, 1.927 ], [ 39.0577, 1.9409 ], [ 39.0468, 1.9483 ], [ 39.0302, 1.978 ], [ 39.0033, 2.0033 ], [ 38.9935, 2.0074 ], [ 38.9896, 2.0273 ], [ 38.9927, 2.0396 ] ] ] ] } },
{ "type": "Feature", "properties": { "iso3": "KEN", "unit_id": "43622606B3630039419065", "unit_name": "Isiolo South" }, "geometry": { "type": "Polygon", "coordinates": [ [ [ 38.7487, -0.0297 ], [ 38.7485, -0.0196 ], [ 38.7417, -0.0126 ], [ 38.7438, -0.0028 ], [ 38.7376, 0.004 ], [ 38.7401, 0.0145 ], [ 38.7306, 0.0489 ], [ 38.7298, 0.1193 ], [ 38.7347, 0.1491 ], [ 38.757, 0.1714 ], [ 38.7572, 0.1838 ], [ 38.6902, 0.4474 ], [ 38.6798, 0.4736 ], [ 38.677, 0.495 ], [ 38.6588, 0.5081 ], [ 38.6616, 0.5107 ], [ 38.6933, 0.5116 ], [ 38.7038, 0.5079 ], [ 38.7084, 0.5143 ], [ 38.722, 0.5134 ], [ 38.72, 0.5215 ], [ 38.7232, 0.5261 ], [ 38.735, 0.5202 ], [ 38.7499, 0.5251 ], [ 38.7559, 0.5164 ], [ 38.7659, 0.5134 ], [ 38.7674, 0.5172 ], [ 38.7839, 0.5273 ], [ 38.7916, 0.5412 ], [ 38.7991, 0.5445 ], [ 38.8249, 0.5813 ], [ 38.8577, 0.5994 ], [ 38.8711, 0.6011 ], [ 38.875, 0.5955 ], [ 38.9112, 0.5998 ], [ 38.9254, 0.6068 ], [ 38.9358, 0.6251 ], [ 38.9408, 0.6284 ], [ 38.9767, 0.6225 ], [ 38.986, 0.6263 ], [ 39.0102, 0.6252 ], [ 39.014, 0.6409 ], [ 39.0209, 0.6416 ], [ 39.0235, 0.6456 ], [ 39.0222, 0.6551 ], [ 39.0269, 0.665 ], [ 39.035, 0.6671 ], [ 39.0378, 0.673 ], [ 39.0537, 0.6861 ], [ 39.084, 0.6769 ], [ 39.0906, 0.6816 ], [ 39.0973, 0.6802 ], [ 39.0984, 0.6864 ], [ 39.1025, 0.6894 ], [ 39.1142, 0.6913 ], [ 39.1321, 0.6883 ], [ 39.1422, 0.6912 ], [ 39.1478, 0.706 ], [ 39.1639, 0.7141 ], [ 39.1675, 0.7188 ], [ 39.1739, 0.7197 ], [ 39.1778, 0.7256 ], [ 39.1755, 0.7275 ], [ 39.1806, 0.7517 ], [ 39.2005, 0.7895 ], [ 39.2247, 0.8178 ], [ 39.2371, 0.8442 ], [ 39.3136, 0.9248 ], [ 39.3613, 0.9539 ], [ 39.4545, 0.9892 ], [ 39.4619, 0.9959 ], [ 39.4546, 1.0011 ], [ 39.4467, 1.0135 ], [ 39.4234, 1.0276 ], [ 39.3933, 1.0536 ], [ 39.3818, 1.0581 ], [ 39.375, 1.0574 ], [ 39.3725, 1.0623 ], [ 39.3666, 1.0645 ], [ 39.3472, 1.0644 ], [ 39.3324, 1.08 ], [ 39.3268, 1.0765 ], [ 39.3219, 1.0829 ], [ 39.3013, 1.095 ], [ 39.2784, 1.0955 ], [ 39.2639, 1.1037 ], [ 39.2473, 1.1003 ], [ 39.2414, 1.1053 ], [ 39.2193, 1.1049 ], [ 39.218, 1.1077 ], [ 39.2121, 1.1025 ], [ 39.206, 1.1052 ], [ 39.195, 1.1044 ], [ 39.1899, 1.1101 ], [ 39.1874, 1.1079 ], [ 39.1837, 1.116 ], [ 39.1793, 1.1183 ], [ 39.1766, 1.1237 ], [ 39.1796, 1.1301 ], [ 39.1762, 1.1348 ], [ 39.1609, 1.1417 ], [ 39.1442, 1.1635 ], [ 39.1373, 1.1662 ], [ 39.1372, 1.1708 ], [ 39.1213, 1.1702 ], [ 39.1156, 1.1785 ], [ 39.095, 1.179 ], [ 39.0841, 1.1862 ], [ 39.0661, 1.1852 ], [ 39.0416, 1.1978 ], [ 39.04, 1.2014 ], [ 39.0278, 1.2036 ], [ 39.0201, 1.2011 ], [ 39.0105, 1.2079 ], [ 38.9995, 1.2096 ], [ 38.9844, 1.2067 ], [ 38.9772, 1.2108 ], [ 38.9689, 1.2052 ], [ 38.9668, 1.207 ], [ 38.9669, 1.2037 ], [ 38.9578, 1.1951 ], [ 38.9413, 1.1917 ], [ 38.9319, 1.1955 ], [ 38.9254, 1.2042 ], [ 38.9087, 1.1897 ], [ 38.9011, 1.1899 ], [ 38.8832, 1.1991 ], [ 38.861, 1.195 ], [ 38.8584, 1.1996 ], [ 38.8571, 1.1917 ], [ 38.8516, 1.1947 ], [ 38.8499, 1.19 ], [ 38.8407, 1.1887 ], [ 38.8302, 1.1792 ], [ 38.8287, 1.1846 ], [ 38.8215, 1.1818 ], [ 38.8224, 1.178 ], [ 38.8189, 1.1782 ], [ 38.8143, 1.1688 ], [ 38.8109, 1.1696 ], [ 38.8062, 1.1641 ], [ 38.798, 1.1647 ], [ 38.7973, 1.1597 ], [ 38.7925, 1.1616 ], [ 38.7919, 1.1567 ], [ 38.7787, 1.1534 ], [ 38.7744, 1.1436 ], [ 38.7709, 1.148 ], [ 38.7645, 1.1407 ], [ 38.7572, 1.1411 ], [ 38.7547, 1.1373 ], [ 38.7564, 1.1331 ], [ 38.7499, 1.1326 ], [ 38.7441, 1.1256 ], [ 38.7429, 1.1066 ], [ 38.7358, 1.1095 ], [ 38.7288, 1.1059 ], [ 38.7322, 1.0983 ], [ 38.7239, 1.0926 ], [ 38.7241, 1.0797 ], [ 38.7198, 1.0724 ], [ 38.7134, 1.0708 ], [ 38.7097, 1.0754 ], [ 38.6997, 1.0701 ], [ 38.6961, 1.0727 ], [ 38.6878, 1.0654 ], [ 38.6879, 1.0598 ], [ 38.6699, 1.051 ], [ 38.6681, 1.0461 ], [ 38.6608, 1.0425 ], [ 38.6608, 1.0382 ], [ 38.6567, 1.0366 ], [ 38.6605, 1.028 ], [ 38.6552, 1.0305 ], [ 38.6545, 1.0238 ], [ 38.6502, 1.026 ], [ 38.6473, 1.0207 ], [ 38.636, 1.0212 ], [ 38.6322, 1.016 ], [ 38.6287, 1.0199 ], [ 38.6252, 1.0148 ], [ 38.6214, 1.0177 ], [ 38.6144, 1.0155 ], [ 38.6107, 1.0216 ], [ 38.6059, 1.0199 ], [ 38.6047, 1.0238 ], [ 38.5947, 1.0235 ], [ 38.5876, 1.0277 ], [ 38.5831, 1.0237 ], [ 38.5778, 1.0246 ], [ 38.5676, 1.0071 ], [ 38.568, 0.9968 ], [ 38.5633, 0.992 ], [ 38.5663, 0.9874 ], [ 38.5613, 0.9825 ], [ 38.5657, 0.9761 ], [ 38.5609, 0.9712 ], [ 38.566, 0.9627 ], [ 38.562, 0.9591 ], [ 38.5636, 0.9534 ], [ 38.5587, 0.9512 ], [ 38.5584, 0.9384 ], [ 38.5463, 0.9204 ], [ 38.5301, 0.914 ], [ 38.5239, 0.8999 ], [ 38.5239, 0.8896 ], [ 38.5209, 0.8843 ], [ 38.5141, 0.8816 ], [ 38.5152, 0.8757 ], [ 38.5112, 0.8644 ], [ 38.5006, 0.8712 ], [ 38.4959, 0.8694 ], [ 38.4936, 0.8742 ], [ 38.4851, 0.878 ], [ 38.474, 0.8711 ], [ 38.4763, 0.8674 ], [ 38.4736, 0.8649 ], [ 38.4531, 0.8702 ], [ 38.4488, 0.8644 ], [ 38.4371, 0.8685 ], [ 38.4141, 0.8649 ], [ 38.4084, 0.8685 ], [ 38.4015, 0.862 ], [ 38.3937, 0.8653 ], [ 38.3921, 0.8504 ], [ 38.3815, 0.8454 ], [ 38.3757, 0.8557 ], [ 38.3701, 0.855 ], [ 38.362, 0.8322 ], [ 38.3576, 0.8299 ], [ 38.3463, 0.8399 ], [ 38.3401, 0.8418 ], [ 38.332, 0.8363 ], [ 38.3236, 0.8434 ], [ 38.31, 0.826 ], [ 38.2867, 0.8236 ], [ 38.2778, 0.8294 ], [ 38.2658, 0.8311 ], [ 38.2583, 0.8246 ], [ 38.2502, 0.8263 ], [ 38.245, 0.8333 ], [ 38.2259, 0.8287 ], [ 38.2116, 0.834 ], [ 38.1959, 0.8252 ], [ 38.1791, 0.8293 ], [ 38.1608, 0.8257 ], [ 38.152, 0.8114 ], [ 38.1426, 0.8093 ], [ 38.1395, 0.8109 ], [ 38.1405, 0.8155 ], [ 38.1347, 0.8139 ], [ 38.1327, 0.8174 ], [ 38.1195, 0.8197 ], [ 38.1168, 0.816 ], [ 38.1048, 0.8133 ], [ 38.0951, 0.8036 ], [ 38.0864, 0.8031 ], [ 38.0785, 0.777 ], [ 38.0821, 0.7712 ], [ 38.0804, 0.7612 ], [ 38.0848, 0.746 ], [ 38.0786, 0.7265 ], [ 38.0644, 0.7038 ], [ 38.0655, 0.6776 ], [ 38.0625, 0.6712 ], [ 38.0944, 0.5641 ], [ 38.1764, 0.3308 ], [ 38.1956, 0.322 ], [ 38.1916, 0.2352 ], [ 38.1988, 0.2252 ], [ 38.2008, 0.227 ], [ 38.2118, 0.2231 ], [ 38.2233, 0.2161 ], [ 38.2295, 0.2167 ], [ 38.2388, 0.2068 ], [ 38.2452, 0.2063 ], [ 38.2621, 0.1923 ], [ 38.2668, 0.1814 ], [ 38.2964, 0.1596 ], [ 38.3051, 0.1333 ], [ 38.3048, 0.1175 ], [ 38.3086, 0.1091 ], [ 38.3181, 0.1076 ], [ 38.3207, 0.0981 ], [ 38.3275, 0.096 ], [ 38.324, 0.0753 ], [ 38.3396, 0.0677 ], [ 38.3382, 0.0611 ], [ 38.349, 0.0604 ], [ 38.3435, 0.0449 ], [ 38.3572, 0.0378 ], [ 38.3532, 0.031 ], [ 38.356, 0.0205 ], [ 38.3657, 0.0143 ], [ 38.3699, 0.0061 ], [ 38.3767, 0.0045 ], [ 38.3792, -0.0029 ], [ 38.3945, -0.0095 ], [ 38.3932, -0.0133 ], [ 38.4017, -0.0166 ], [ 38.3992, -0.0211 ], [ 38.4015, -0.0264 ], [ 38.4064, -0.028 ], [ 38.4043, -0.0292 ], [ 38.406, -0.0431 ], [ 38.4107, -0.0471 ], [ 38.4101, -0.0515 ], [ 38.4136, -0.052 ], [ 38.4095, -0.0576 ], [ 38.4119, -0.0595 ], [ 38.4104, -0.0638 ], [ 38.4267, -0.0755 ], [ 38.4328, -0.077 ], [ 38.4374, -0.072 ], [ 38.4529, -0.0851 ], [ 38.4642, -0.0845 ], [ 38.4829, -0.076 ], [ 38.4915, -0.0589 ], [ 38.4999, -0.0632 ], [ 38.5107, -0.0594 ], [ 38.5207, -0.0628 ], [ 38.5309, -0.0549 ], [ 38.5301, -0.0439 ], [ 38.5401, -0.0445 ], [ 38.5475, -0.021 ], [ 38.5537, -0.0171 ], [ 38.5872, -0.0258 ], [ 38.599, -0.0339 ], [ 38.6107, -0.0298 ], [ 38.6387, -0.0547 ], [ 38.6484, -0.0537 ], [ 38.6551, -0.0465 ], [ 38.6824, -0.0551 ], [ 38.6881, -0.0407 ], [ 38.7126, -0.0623 ], [ 38.7282, -0.0648 ], [ 38.7382, -0.0708 ], [ 38.7577, -0.0734 ], [ 38.7664, -0.0689 ], [ 38.7597, -0.0634 ], [ 38.7647, -0.055 ], [ 38.7511, -0.0469 ], [ 38.7528, -0.0382 ], [ 38.7487, -0.0297 ] ] ] } },
{ "type": "Feature", "properties": { "iso3": "KEN", "unit_id": "43622606B618422386212", "unit_name": "Igembe South" }, "geometry": { "type": "Polygon", "coordinates": [ [ [ 38.3258, 0.0883 ], [ 38.3153, 0.1037 ], [ 38.3054, 0.1032 ], [ 38.2829, 0.1279 ], [ 38.2757, 0.1294 ], [ 38.2638, 0.1259 ], [ 38.2606, 0.1289 ], [ 38.2558, 0.1251 ], [ 38.2431, 0.1296 ], [ 38.2338, 0.1236 ], [ 38.2327, 0.1189 ], [ 38.2178, 0.1203 ], [ 38.2118, 0.1251 ], [ 38.2005, 0.1504 ], [ 38.1903, 0.1583 ], [ 38.1728, 0.1584 ], [ 38.164, 0.1655 ], [ 38.1479, 0.168 ], [ 38.1408, 0.1741 ], [ 38.1244, 0.1716 ], [ 38.1075, 0.1814 ], [ 38.0928, 0.1827 ], [ 38.0853, 0.188 ], [ 38.0742, 0.1903 ], [ 38.0673, 0.1868 ], [ 38.0538, 0.1932 ], [ 38.0471, 0.1927 ], [ 38.0377, 0.1993 ], [ 38.0301, 0.2138 ], [ 38.0246, 0.215 ], [ 38.0047, 0.2328 ], [ 37.9818, 0.2191 ], [ 37.9779, 0.231 ], [ 37.9793, 0.2371 ], [ 37.9729, 0.2395 ], [ 37.9639, 0.2502 ], [ 37.9652, 0.2573 ], [ 37.9761, 0.2647 ], [ 37.9746, 0.2702 ], [ 37.9793, 0.2775 ], [ 37.9781, 0.2858 ], [ 37.9575, 0.2843 ], [ 37.9461, 0.2777 ], [ 37.9429, 0.2737 ], [ 37.9444, 0.2694 ], [ 37.9356, 0.26 ], [ 37.9364, 0.254 ], [ 37.9281, 0.257 ], [ 37.9202, 0.2517 ], [ 37.9145, 0.2595 ], [ 37.9057, 0.253 ], [ 37.9018, 0.2591 ], [ 37.893, 0.2448 ], [ 37.9123, 0.2334 ], [ 37.9097, 0.2237 ], [ 37.9019, 0.2223 ], [ 37.9062, 0.2188 ], [ 37.9038, 0.1998 ], [ 37.9004, 0.1961 ], [ 37.9103, 0.1941 ], [ 37.9161, 0.1893 ], [ 37.9111, 0.1782 ], [ 37.917, 0.1451 ], [ 37.9498, 0.1186 ], [ 37.9679, 0.1103 ], [ 37.9775, 0.0892 ], [ 37.9821, 0.0666 ], [ 37.9943, 0.0686 ], [ 38.0007, 0.0626 ], [ 38.0048, 0.0648 ], [ 38.0186, 0.0592 ], [ 38.0205, 0.0527 ], [ 38.0259, 0.0525 ], [ 38.0335, 0.0437 ], [ 38.0336, 0.0375 ], [ 38.0447, 0.0249 ], [ 38.0442, 0.0274 ], [ 38.0495, 0.0253 ], [ 38.052, 0.0292 ], [ 38.0586, 0.0241 ], [ 38.0628, 0.0276 ], [ 38.0692, 0.0242 ], [ 38.0747, 0.0304 ], [ 38.0735, 0.0326 ], [ 38.0816, 0.028 ], [ 38.0888, 0.0421 ], [ 38.0941, 0.0437 ], [ 38.0955, 0.0479 ], [ 38.1048, 0.0469 ], [ 38.1137, 0.0553 ], [ 38.1192, 0.0492 ], [ 38.1278, 0.0512 ], [ 38.1356, 0.0486 ], [ 38.1605, 0.0274 ], [ 38.1756, 0.0243 ], [ 38.1914, 0.0139 ], [ 38.2068, 0.0176 ], [ 38.2198, 0.0124 ], [ 38.2224, 0.0093 ], [ 38.2213, 0.0046 ], [ 38.2287, 0.0019 ], [ 38.2304, -0.0096 ], [ 38.2375, -0.0115 ], [ 38.2445, -0.0211 ], [ 38.2551, -0.0171 ], [ 38.2825, -0.0244 ], [ 38.3021, -0.0455 ], [ 38.3, -0.0529 ], [ 38.3129, -0.0537 ], [ 38.3283, -0.0681 ], [ 38.3397, -0.0622 ], [ 38.3478, -0.0635 ], [ 38.3822, -0.0873 ], [ 38.3905, -0.0811 ], [ 38.3929, -0.0736 ], [ 38.4038, -0.0764 ], [ 38.4153, -0.0739 ], [ 38.4199, -0.0684 ], [ 38.4104, -0.0638 ], [ 38.4119, -0.0595 ], [ 38.4095, -0.0576 ], [ 38.4136, -0.052 ], [ 38.4101, -0.0515 ], [ 38.4107, -0.0471 ], [ 38.406, -0.0431 ], [ 38.4043, -0.0292 ], [ 38.4064, -0.028 ], [ 38.4015, -0.0264 ], [ 38.3992, -0.0211 ], [ 38.4017, -0.0166 ], [ 38.3932, -0.0133 ], [ 38.3945, -0.0095 ], [ 38.3792, -0.0029 ], [ 38.3767, 0.0045 ], [ 38.3699, 0.0061 ], [ 38.3657, 0.0143 ], [ 38.356, 0.0205 ], [ 38.3532, 0.031 ], [ 38.3572, 0.0378 ], [ 38.3435, 0.0449 ], [ 38.349, 0.0604 ], [ 38.3382, 0.0611 ], [ 38.3396, 0.0677 ], [ 38.324, 0.0753 ], [ 38.3258, 0.0883 ] ] ] } },
{ "type": "Feature", "properties": { "iso3": "KEN", "unit_id": "43622606B14618117869175", "unit_name": "Igembe Central" }, "geometry": { "type": "Polygon", "coordinates": [ [ [ 37.7261, 0.5282 ], [ 37.7359, 0.4839 ], [ 37.7312, 0.466 ], [ 37.7358, 0.4426 ], [ 37.7471, 0.4175 ], [ 37.7467, 0.4114 ], [ 37.7711, 0.3672 ], [ 37.8047, 0.3233 ], [ 37.8292, 0.3085 ], [ 37.8329, 0.2811 ], [ 37.8455, 0.2561 ], [ 37.8425, 0.2506 ], [ 37.8468, 0.2408 ], [ 37.8804, 0.2531 ], [ 37.893, 0.2448 ], [ 37.9018, 0.2591 ], [ 37.9057, 0.253 ], [ 37.9145, 0.2595 ], [ 37.9202, 0.2517 ], [ 37.9281, 0.257 ], [ 37.9364, 0.254 ], [ 37.9356, 0.26 ], [ 37.9444, 0.2694 ], [ 37.9429, 0.2737 ], [ 37.9461, 0.2777 ], [ 37.9575, 0.2843 ], [ 37.9781, 0.2858 ], [ 37.9793, 0.2775 ], [ 37.9746, 0.2702 ], [ 37.9761, 0.2647 ], [ 37.9652, 0.2573 ], [ 37.9639, 0.2502 ], [ 37.9729, 0.2395 ], [ 37.9793, 0.2371 ], [ 37.9779, 0.231 ], [ 37.9818, 0.2191 ], [ 38.0047, 0.2328 ], [ 38.0246, 0.215 ], [ 38.0301, 0.2138 ], [ 38.0377, 0.1993 ], [ 38.0471, 0.1927 ], [ 38.0538, 0.1932 ], [ 38.0673, 0.1868 ], [ 38.0742, 0.1903 ], [ 38.0853, 0.188 ], [ 38.0928, 0.1827 ], [ 38.1075, 0.1814 ], [ 38.1244, 0.1716 ], [ 38.1408, 0.1741 ], [ 38.1479, 0.168 ], [ 38.164, 0.1655 ], [ 38.1728, 0.1584 ], [ 38.1903, 0.1583 ], [ 38.2005, 0.1504 ], [ 38.2118, 0.1251 ], [ 38.2178, 0.1203 ], [ 38.2327, 0.1189 ], [ 38.2338, 0.1236 ], [ 38.2431, 0.1296 ], [ 38.2558, 0.1251 ], [ 38.2606, 0.1289 ], [ 38.2638, 0.1259 ], [ 38.2757, 0.1294 ], [ 38.2829, 0.1279 ], [ 38.3054, 0.1032 ], [ 38.3153, 0.1037 ], [ 38.3258, 0.0883 ], [ 38.3275, 0.096 ], [ 38.3207, 0.0981 ], [ 38.3181, 0.1076 ], [ 38.3086, 0.1091 ], [ 38.3048, 0.1175 ], [ 38.3051, 0.1333 ], [ 38.2964, 0.1596 ], [ 38.2668, 0.1814 ], [ 38.2621, 0.1923 ], [ 38.2452, 0.2063 ], [ 38.2388, 0.2068 ], [ 38.2295, 0.2167 ], [ 38.2233, 0.2161 ], [ 38.2118, 0.2231 ], [ 38.2008, 0.227 ], [ 38.1988, 0.2252 ], [ 38.1933, 0.2314 ], [ 38.1956, 0.322 ], [ 38.1764, 0.3308 ], [ 38.169, 0.3235 ], [ 38.049, 0.3198 ], [ 38.0275, 0.3117 ], [ 38.0144, 0.3179 ], [ 38.0, 0.3064 ], [ 37.9829, 0.3151 ], [ 37.9656, 0.3142 ], [ 37.9551, 0.3227 ], [ 37.9508, 0.3104 ], [ 37.9407, 0.3159 ], [ 37.9377, 0.3232 ], [ 37.911, 0.3355 ], [ 37.9071, 0.3457 ], [ 37.9025, 0.3449 ], [ 37.8901, 0.3544 ], [ 37.8737, 0.3552 ], [ 37.8113, 0.4094 ], [ 37.8081, 0.415 ], [ 37.7864, 0.4302 ], [ 37.7726, 0.4347 ], [ 37.774, 0.4379 ], [ 37.7863, 0.4408 ], [ 37.7992, 0.4393 ], [ 37.813, 0.4519 ], [ 37.8397, 0.4623 ], [ 37.8203, 0.561 ], [ 37.7261, 0.5282 ] ] ] } },
{ "type": "Feature", "properties": { "iso3": "KEN", "unit_id": "43622606B91364291454221", "unit_name": "Igembe North" }, "geometry": { "type": "Polygon", "coordinates": [ [ [ 37.8203, 0.561 ], [ 37.8397, 0.4623 ], [ 37.813, 0.4519 ], [ 37.7992, 0.4393 ], [ 37.7863, 0.4408 ], [ 37.774, 0.4379 ], [ 37.7726, 0.4347 ], [ 37.7864, 0.4302 ], [ 37.8081, 0.415 ], [ 37.8113, 0.4094 ], [ 37.8737, 0.3552 ], [ 37.8901, 0.3544 ], [ 37.9025, 0.3449 ], [ 37.9071, 0.3457 ], [ 37.911, 0.3355 ], [ 37.9377, 0.3232 ], [ 37.9407, 0.3159 ], [ 37.9508, 0.3104 ], [ 37.9551, 0.3227 ], [ 37.9656, 0.3142 ], [ 37.9829, 0.3151 ], [ 38.0, 0.3064 ], [ 38.0144, 0.3179 ], [ 38.0275, 0.3117 ], [ 38.049, 0.3198 ], [ 38.169, 0.3235 ], [ 38.1764, 0.3308 ], [ 38.0944, 0.5641 ], [ 38.0625, 0.6712 ], [ 37.8203, 0.561 ] ] ] } },
{ "type": "Feature", "properties": { "iso3": "KEN", "unit_id": "43622606B96143676958613", "unit_name": "Tigania West" }, "geometry": { "type": "Polygon", "coordinates": [ [ [ 37.5728, 0.3288 ], [ 37.6184, 0.2474 ], [ 37.6482, 0.1836 ], [ 37.6572, 0.1792 ], [ 37.6766, 0.1512 ], [ 37.6853, 0.149 ], [ 37.6964, 0.1358 ], [ 37.7007, 0.1356 ], [ 37.7064, 0.1161 ], [ 37.7141, 0.1078 ], [ 37.734, 0.1101 ], [ 37.7493, 0.1057 ], [ 37.754, 0.1001 ], [ 37.7592, 0.1007 ], [ 37.7687, 0.0815 ], [ 37.7671, 0.0667 ], [ 37.7747, 0.0517 ], [ 37.7847, 0.0515 ], [ 37.7919, 0.043 ], [ 37.8043, 0.0411 ], [ 37.8183, 0.031 ], [ 37.8327, 0.0347 ], [ 37.8548, 0.0269 ], [ 37.8608, 0.0227 ], [ 37.8659, 0.0111 ], [ 37.887, 0.002 ], [ 37.8884, 0.0115 ], [ 37.8806, 0.0187 ], [ 37.8554, 0.0315 ], [ 37.855, 0.036 ], [ 37.8381, 0.0474 ], [ 37.8372, 0.0562 ], [ 37.8323, 0.0581 ], [ 37.8331, 0.0625 ], [ 37.8203, 0.0705 ], [ 37.8158, 0.0774 ], [ 37.8162, 0.0803 ], [ 37.8206, 0.0806 ], [ 37.8183, 0.0842 ], [ 37.8202, 0.0886 ], [ 37.8163, 0.096 ], [ 37.813, 0.0957 ], [ 37.8126, 0.1014 ], [ 37.8071, 0.1046 ], [ 37.8064, 0.1091 ], [ 37.8111, 0.1173 ], [ 37.809, 0.1222 ], [ 37.823, 0.1282 ], [ 37.8235, 0.137 ], [ 37.8323, 0.1366 ], [ 37.8359, 0.1298 ], [ 37.8435, 0.1308 ], [ 37.8432, 0.1466 ], [ 37.8267, 0.1516 ], [ 37.824, 0.157 ], [ 37.8256, 0.1706 ], [ 37.8011, 0.1917 ], [ 37.7324, 0.24 ], [ 37.7305, 0.2498 ], [ 37.7346, 0.2508 ], [ 37.7372, 0.2569 ], [ 37.7246, 0.2822 ], [ 37.717, 0.2828 ], [ 37.715, 0.2882 ], [ 37.7091, 0.2855 ], [ 37.6915, 0.2919 ], [ 37.6864, 0.2978 ], [ 37.662, 0.3073 ], [ 37.6446, 0.3211 ], [ 37.6337, 0.3191 ], [ 37.6187, 0.3243 ], [ 37.593, 0.3404 ], [ 37.5813, 0.3287 ], [ 37.5728, 0.3288 ] ] ] } },
{ "type": "Feature", "properties": { "iso3": "KEN", "unit_id": "43622606B14345953903147", "unit_name": "Tigania East" }, "geometry": { "type": "Polygon", "coordinates": [ [ [ 37.593, 0.3404 ], [ 37.6187, 0.3243 ], [ 37.6337, 0.3191 ], [ 37.6446, 0.3211 ], [ 37.662, 0.3073 ], [ 37.6864, 0.2978 ], [ 37.6915, 0.2919 ], [ 37.7091, 0.2855 ], [ 37.715, 0.2882 ], [ 37.717, 0.2828 ], [ 37.7246, 0.2822 ], [ 37.7372, 0.2569 ], [ 37.7346, 0.2508 ], [ 37.7305, 0.2498 ], [ 37.7324, 0.24 ], [ 37.7766, 0.2111 ], [ 37.8256, 0.1706 ], [ 37.824, 0.157 ], [ 37.8299, 0.1489 ], [ 37.8432, 0.1466 ], [ 37.8435, 0.1308 ], [ 37.8359, 0.1298 ], [ 37.8323, 0.1366 ], [ 37.8235, 0.137 ], [ 37.823, 0.1282 ], [ 37.809, 0.1222 ], [ 37.8111, 0.1173 ], [ 37.8064, 0.1091 ], [ 37.8071, 0.1046 ], [ 37.8126, 0.1014 ], [ 37.813, 0.0957 ], [ 37.8163, 0.096 ], [ 37.8202, 0.0886 ], [ 37.8183, 0.0842 ], [ 37.8206, 0.0806 ], [ 37.8162, 0.0803 ], [ 37.8158, 0.0774 ], [ 37.8203, 0.0705 ], [ 37.8331, 0.0625 ], [ 37.8323, 0.0581 ], [ 37.8372, 0.0562 ], [ 37.8381, 0.0474 ], [ 37.855, 0.036 ], [ 37.8554, 0.0315 ], [ 37.8806, 0.0187 ], [ 37.887, 0.0113 ], [ 37.9105, 0.0166 ], [ 37.9252, 0.0328 ], [ 37.952, 0.0539 ], [ 37.958, 0.0513 ], [ 37.9694, 0.056 ], [ 37.9747, 0.0478 ], [ 37.9862, 0.0442 ], [ 37.9775, 0.0892 ], [ 37.9679, 0.1103 ], [ 37.9498, 0.1186 ], [ 37.917, 0.1451 ], [ 37.9111, 0.1782 ], [ 37.9161, 0.1893 ], [ 37.9103, 0.1941 ], [ 37.9004, 0.1961 ], [ 37.9038, 0.1998 ], [ 37.9062, 0.2188 ], [ 37.9019, 0.2223 ], [ 37.9097, 0.2237 ], [ 37.9123, 0.2334 ], [ 37.9041, 0.2362 ], [ 37.902, 0.2408 ], [ 37.8962, 0.2409 ], [ 37.8804, 0.2531 ], [ 37.8468, 0.2408 ], [ 37.8425, 0.2506 ], [ 37.8455, 0.2561 ], [ 37.8329, 0.2811 ], [ 37.8292, 0.3085 ], [ 37.8047, 0.3233 ], [ 37.7711, 0.3672 ], [ 37.7554, 0.3936 ], [ 37.7358, 0.4426 ], [ 37.7312, 0.466 ], [ 37.7359, 0.4839 ], [ 37.7261, 0.5282 ], [ 37.5867, 0.4805 ], [ 37.5815, 0.4597 ], [ 37.582, 0.4114 ], [ 37.5849, 0.403 ], [ 37.5988, 0.4029 ], [ 37.6049, 0.3538 ], [ 37.593, 0.3404 ] ] ] } },
{ "type": "Feature", "properties": { "iso3": "KEN", "unit_id": "43622606B29776257733965", "unit_name": "North Imenti" }, "geometry": { "type": "Polygon", "coordinates": [ [ [ 37.6766, 0.1512 ], [ 37.6455, 0.143 ], [ 37.6365, 0.1332 ], [ 37.5848, 0.1323 ], [ 37.5868, 0.115 ], [ 37.5956, 0.1155 ], [ 37.595, 0.1262 ], [ 37.6012, 0.1265 ], [ 37.6086, 0.1122 ], [ 37.6053, 0.1025 ], [ 37.6105, 0.0941 ], [ 37.6025, 0.09 ], [ 37.6037, 0.0775 ], [ 37.61, 0.0784 ], [ 37.6105, 0.071 ], [ 37.5993, 0.0688 ], [ 37.6095, 0.0564 ], [ 37.5936, 0.0551 ], [ 37.5857, 0.0492 ], [ 37.5799, 0.0491 ], [ 37.5795, 0.0454 ], [ 37.5935, 0.0491 ], [ 37.5989, 0.0339 ], [ 37.6115, 0.029 ], [ 37.6182, 0.0207 ], [ 37.6337, 0.0135 ], [ 37.6347, 0.0062 ], [ 37.6394, 0.0033 ], [ 37.6678, 0.0127 ], [ 37.6789, 0.0102 ], [ 37.6898, 0.0125 ], [ 37.7048, 0.0049 ], [ 37.7323, 0.0079 ], [ 37.7404, 0.0123 ], [ 37.7449, 0.0101 ], [ 37.7551, 0.0143 ], [ 37.7638, 0.0095 ], [ 37.7893, 0.0145 ], [ 37.7965, 0.0079 ], [ 37.8188, 0.0022 ], [ 37.8237, -0.0033 ], [ 37.8343, -0.0039 ], [ 37.8414, -0.0093 ], [ 37.8554, -0.0128 ], [ 37.8783, -0.0102 ], [ 37.877, -0.0149 ], [ 37.8833, -0.0182 ], [ 37.894, -0.0181 ], [ 37.894, -0.0242 ], [ 37.9023, -0.0225 ], [ 37.9171, -0.035 ], [ 37.932, -0.0628 ], [ 37.9369, -0.0554 ], [ 37.9376, -0.0425 ], [ 37.9359, -0.0365 ], [ 37.9254, -0.0332 ], [ 37.9225, -0.0273 ], [ 37.9287, -0.0123 ], [ 37.9265, -0.0093 ], [ 37.9353, -0.0021 ], [ 37.9342, 0.0006 ], [ 37.9291, 0.0037 ], [ 37.896, -0.0044 ], [ 37.8903, 0.0009 ], [ 37.8659, 0.0111 ], [ 37.8608, 0.0227 ], [ 37.8548, 0.0269 ], [ 37.8327, 0.0347 ], [ 37.8183, 0.031 ], [ 37.8043, 0.0411 ], [ 37.7919, 0.043 ], [ 37.7847, 0.0515 ], [ 37.7747, 0.0517 ], [ 37.7671, 0.0667 ], [ 37.7687, 0.0815 ], [ 37.7592, 0.1007 ], [ 37.754, 0.1001 ], [ 37.7493, 0.1057 ], [ 37.734, 0.1101 ], [ 37.7141, 0.1078 ], [ 37.7064, 0.1161 ], [ 37.7007, 0.1356 ], [ 37.6964, 0.1358 ], [ 37.6853, 0.149 ], [ 37.6766, 0.1512 ] ] ] } },
{ "type": "Feature", "properties": { "iso3": "KEN", "unit_id": "43622606B36685433354790", "unit_name": "Buuri" }, "geometry": { "type": "Polygon", "coordinates": [ [ [ 37.3737, 0.2713 ], [ 37.3725, 0.2656 ], [ 37.3602, 0.2555 ], [ 37.3664, 0.2489 ], [ 37.3633, 0.2401 ], [ 37.3565, 0.2379 ], [ 37.3552, 0.2211 ], [ 37.3482, 0.2103 ], [ 37.3482, 0.1954 ], [ 37.3363, 0.1939 ], [ 37.3408, 0.1847 ], [ 37.3334, 0.1808 ], [ 37.3203, 0.1832 ], [ 37.3081, 0.1784 ], [ 37.2911, 0.1618 ], [ 37.2825, 0.1522 ], [ 37.2813, 0.1302 ], [ 37.262, 0.1115 ], [ 37.2523, 0.097 ], [ 37.2463, 0.1089 ], [ 37.2343, 0.1045 ], [ 37.2322, 0.0807 ], [ 37.2205, 0.0733 ], [ 37.2021, 0.0676 ], [ 37.2017, 0.0617 ], [ 37.1988, 0.0639 ], [ 37.1869, 0.0571 ], [ 37.153, 0.0509 ], [ 37.148, 0.0447 ], [ 37.1295, 0.0384 ], [ 37.1089, 0.0385 ], [ 37.0881, 0.0228 ], [ 37.1013, 0.0113 ], [ 37.1113, -0.0101 ], [ 37.1325, -0.0276 ], [ 37.1318, -0.0325 ], [ 37.1373, -0.0377 ], [ 37.3078, -0.1496 ], [ 37.4619, 0.0756 ], [ 37.4668, 0.0662 ], [ 37.4729, 0.0673 ], [ 37.4754, 0.0827 ], [ 37.4896, 0.0906 ], [ 37.493, 0.0958 ], [ 37.4961, 0.104 ], [ 37.4928, 0.1069 ], [ 37.4903, 0.1438 ], [ 37.4999, 0.1604 ], [ 37.4955, 0.1667 ], [ 37.4897, 0.1973 ], [ 37.4931, 0.2135 ], [ 37.4987, 0.2212 ], [ 37.5136, 0.2281 ], [ 37.5158, 0.2343 ], [ 37.526, 0.2163 ], [ 37.5324, 0.2134 ], [ 37.534, 0.2051 ], [ 37.5312, 0.1908 ], [ 37.5409, 0.1609 ], [ 37.537, 0.1557 ], [ 37.5387, 0.1524 ], [ 37.5452, 0.1543 ], [ 37.5557, 0.1333 ], [ 37.5468, 0.0936 ], [ 37.5574, 0.0821 ], [ 37.5551, 0.075 ], [ 37.573, 0.0624 ], [ 37.5698, 0.0586 ], [ 37.5782, 0.0475 ], [ 37.5936, 0.0551 ], [ 37.6095, 0.0564 ], [ 37.5993, 0.0688 ], [ 37.6105, 0.071 ], [ 37.61, 0.0784 ], [ 37.6037, 0.0775 ], [ 37.6025, 0.09 ], [ 37.6105, 0.0941 ], [ 37.6053, 0.1025 ], [ 37.6086, 0.1122 ], [ 37.6012, 0.1265 ], [ 37.595, 0.1262 ], [ 37.5956, 0.1155 ], [ 37.5868, 0.115 ], [ 37.5848, 0.1323 ], [ 37.6365, 0.1332 ], [ 37.6455, 0.143 ], [ 37.6766, 0.1512 ], [ 37.6572, 0.1792 ], [ 37.6482, 0.1836 ], [ 37.6184, 0.2474 ], [ 37.5728, 0.3288 ], [ 37.5552, 0.3286 ], [ 37.5509, 0.3217 ], [ 37.5465, 0.3115 ], [ 37.5497, 0.3066 ], [ 37.5496, 0.2955 ], [ 37.5458, 0.2865 ], [ 37.5477, 0.2821 ], [ 37.536, 0.2637 ], [ 37.4656, 0.2836 ], [ 37.43, 0.298 ], [ 37.4007, 0.2963 ], [ 37.399, 0.284 ], [ 37.3792, 0.2703 ], [ 37.3737, 0.2713 ] ] ] } },
{ "type": "Feature", "properties": { "iso3": "KEN", "unit_id": "43622606B91704308461201", "unit_name": "Cental Imenti" }, "geometry": { "type": "Polygon", "coordinates": [ [ [ 37.5795, 0.0454 ], [ 37.5698, 0.0586 ], [ 37.573, 0.0624 ], [ 37.5551, 0.075 ], [ 37.5574, 0.0821 ], [ 37.5468, 0.0936 ], [ 37.5557, 0.1333 ], [ 37.5452, 0.1543 ], [ 37.5375, 0.154 ], [ 37.5409, 0.1609 ], [ 37.5312, 0.1908 ], [ 37.534, 0.2051 ], [ 37.5324, 0.2134 ], [ 37.526, 0.2163 ], [ 37.5145, 0.2339 ], [ 37.5136, 0.2281 ], [ 37.4987, 0.2212 ], [ 37.4906, 0.2064 ], [ 37.4923, 0.1794 ], [ 37.4999, 0.1604 ], [ 37.4903, 0.1438 ], [ 37.4928, 0.1069 ], [ 37.4961, 0.104 ], [ 37.493, 0.0958 ], [ 37.4896, 0.0906 ], [ 37.4754, 0.0827 ], [ 37.4729, 0.0673 ], [ 37.4668, 0.0662 ], [ 37.4619, 0.0756 ], [ 37.3078, -0.1496 ], [ 37.584, -0.0211 ], [ 37.6222, -0.0263 ], [ 37.6364, -0.0362 ], [ 37.6468, -0.0351 ], [ 37.6558, -0.047 ], [ 37.6579, -0.0565 ], [ 37.6642, -0.0613 ], [ 37.6774, -0.0637 ], [ 37.6813, -0.0597 ], [ 37.6886, -0.0616 ], [ 37.7009, -0.0728 ], [ 37.713, -0.0753 ], [ 37.7356, -0.0937 ], [ 37.7491, -0.0963 ], [ 37.7564, -0.1032 ], [ 37.7703, -0.1038 ], [ 37.7894, -0.0952 ], [ 37.7958, -0.0982 ], [ 37.8041, -0.0956 ], [ 37.818, -0.097 ], [ 37.8255, -0.1016 ], [ 37.8359, -0.0967 ], [ 37.8371, -0.1013 ], [ 37.8426, -0.1 ], [ 37.8465, -0.1047 ], [ 37.853, -0.1057 ], [ 37.8548, -0.1093 ], [ 37.8516, -0.1137 ], [ 37.8568, -0.1179 ], [ 37.8586, -0.125 ], [ 37.8641, -0.1244 ], [ 37.865, -0.1298 ], [ 37.8689, -0.1298 ], [ 37.932, -0.0628 ], [ 37.9171, -0.035 ], [ 37.9023, -0.0225 ], [ 37.894, -0.0242 ], [ 37.894, -0.0181 ], [ 37.8833, -0.0182 ], [ 37.877, -0.0149 ], [ 37.8783, -0.0102 ], [ 37.8554, -0.0128 ], [ 37.8414, -0.0093 ], [ 37.8343, -0.0039 ], [ 37.8237, -0.0033 ], [ 37.8188, 0.0022 ], [ 37.7965, 0.0079 ], [ 37.7893, 0.0145 ], [ 37.7638, 0.0095 ], [ 37.7551, 0.0143 ], [ 37.7449, 0.0101 ], [ 37.7404, 0.0123 ], [ 37.7323, 0.0079 ], [ 37.7048, 0.0049 ], [ 37.6898, 0.0125 ], [ 37.6789, 0.0102 ], [ 37.6678, 0.0127 ], [ 37.6394, 0.0033 ], [ 37.6347, 0.0062 ], [ 37.6337, 0.0135 ], [ 37.6182, 0.0207 ], [ 37.6115, 0.029 ], [ 37.5989, 0.0339 ], [ 37.5935, 0.0491 ], [ 37.5795, 0.0454 ] ] ] } },
{ "type": "Feature", "properties": { "iso3": "KEN", "unit_id": "43622606B9471260376247", "unit_name": "South Imenti" }, "geometry": { "type": "Polygon", "coordinates": [ [ [ 37.3078, -0.1496 ], [ 37.5799, -0.1801 ], [ 37.589, -0.1834 ], [ 37.5921, -0.1891 ], [ 37.6013, -0.1938 ], [ 37.6132, -0.1939 ], [ 37.6246, -0.2048 ], [ 37.6387, -0.2073 ], [ 37.6453, -0.2133 ], [ 37.6668, -0.2058 ], [ 37.6832, -0.2075 ], [ 37.6884, -0.2035 ], [ 37.7223, -0.2027 ], [ 37.7308, -0.1992 ], [ 37.7526, -0.183 ], [ 37.7556, -0.1732 ], [ 37.7684, -0.1557 ], [ 37.7906, -0.1676 ], [ 37.7929, -0.1741 ], [ 37.7971, -0.176 ], [ 37.7948, -0.1877 ], [ 37.8051, -0.1825 ], [ 37.8689, -0.1298 ], [ 37.865, -0.1298 ], [ 37.8641, -0.1244 ], [ 37.8586, -0.125 ], [ 37.8568, -0.1179 ], [ 37.8516, -0.1137 ], [ 37.8548, -0.1093 ], [ 37.853, -0.1057 ], [ 37.8465, -0.1047 ], [ 37.8426, -0.1 ], [ 37.8371, -0.1013 ], [ 37.8359, -0.0967 ], [ 37.8255, -0.1016 ], [ 37.818, -0.097 ], [ 37.8041, -0.0956 ], [ 37.7958, -0.0982 ], [ 37.7894, -0.0952 ], [ 37.7703, -0.1038 ], [ 37.7564, -0.1032 ], [ 37.7491, -0.0963 ], [ 37.7356, -0.0937 ], [ 37.713, -0.0753 ], [ 37.7009, -0.0728 ], [ 37.6886, -0.0616 ], [ 37.6813, -0.0597 ], [ 37.6774, -0.0637 ], [ 37.6642, -0.0613 ], [ 37.6579, -0.0565 ], [ 37.6558, -0.047 ], [ 37.6468, -0.0351 ], [ 37.6364, -0.0362 ], [ 37.6222, -0.0263 ], [ 37.584, -0.0211 ], [ 37.3078, -0.1496 ] ] ] } },
{ "type": "Feature", "properties": { "iso3": "KEN", "unit_id": "43622606B5998430404207", "unit_name": "Nithi" }, "geometry": { "type": "Polygon", "coordinates": [ [ [ 37.8443, -0.2624 ], [ 37.8125, -0.3048 ], [ 37.8188, -0.3146 ], [ 37.7941, -0.3043 ], [ 37.7831, -0.2946 ], [ 37.7699, -0.2933 ], [ 37.743, -0.298 ], [ 37.7341, -0.2962 ], [ 37.7288, -0.3079 ], [ 37.7226, -0.3083 ], [ 37.724, -0.3145 ], [ 37.7205, -0.3192 ], [ 37.7071, -0.3046 ], [ 37.6938, -0.3093 ], [ 37.6672, -0.299 ], [ 37.6613, -0.3012 ], [ 37.6609, -0.3056 ], [ 37.6538, -0.3045 ], [ 37.6352, -0.3127 ], [ 37.6278, -0.3063 ], [ 37.6196, -0.308 ], [ 37.61, -0.3036 ], [ 37.3078, -0.1496 ], [ 37.551, -0.3593 ], [ 37.561, -0.3655 ], [ 37.5675, -0.3635 ], [ 37.5791, -0.371 ], [ 37.5844, -0.3701 ], [ 37.6002, -0.3842 ], [ 37.612, -0.3846 ], [ 37.6215, -0.3902 ], [ 37.63, -0.3892 ], [ 37.637, -0.3951 ], [ 37.6388, -0.4021 ], [ 37.6605, -0.4221 ], [ 37.6802, -0.427 ], [ 37.6934, -0.4384 ], [ 37.714, -0.4442 ], [ 37.7182, -0.4495 ], [ 37.7263, -0.4515 ], [ 37.7426, -0.4459 ], [ 37.7583, -0.4497 ], [ 37.7796, -0.4459 ], [ 37.7842, -0.4477 ], [ 37.801, -0.4379 ], [ 37.8074, -0.4303 ], [ 37.8144, -0.4285 ], [ 37.8192, -0.4185 ], [ 37.8289, -0.4131 ], [ 37.8267, -0.4097 ], [ 37.83, -0.4061 ], [ 37.8452, -0.4041 ], [ 37.8535, -0.3885 ], [ 37.866, -0.383 ], [ 37.8647, -0.3699 ], [ 37.8708, -0.3659 ], [ 37.8729, -0.3505 ], [ 37.8806, -0.3483 ], [ 37.886, -0.3426 ], [ 37.8947, -0.3527 ], [ 37.8905, -0.3425 ], [ 37.8959, -0.3382 ], [ 37.8874, -0.3342 ], [ 37.8896, -0.3305 ], [ 37.8876, -0.3262 ], [ 37.8911, -0.3246 ], [ 37.89, -0.3164 ], [ 37.8935, -0.3126 ], [ 37.8823, -0.3046 ], [ 37.8795, -0.3078 ], [ 37.8821, -0.3098 ], [ 37.8788, -0.3101 ], [ 37.8701, -0.3051 ], [ 37.8692, -0.2997 ], [ 37.865, -0.3015 ], [ 37.8622, -0.2856 ], [ 37.8443, -0.2624 ] ] ] } },
{ "type": "Feature", "properties": { "iso3": "KEN", "unit_id": "43622606B43888467879237", "unit_name": "Maara" }, "geometry": { "type": "Polygon", "coordinates": [ [ [ 37.3078, -0.1496 ], [ 37.61, -0.3036 ], [ 37.6196, -0.308 ], [ 37.6278, -0.3063 ], [ 37.6352, -0.3127 ], [ 37.6538, -0.3045 ], [ 37.6609, -0.3056 ], [ 37.6613, -0.3012 ], [ 37.6672, -0.299 ], [ 37.6938, -0.3093 ], [ 37.7071, -0.3046 ], [ 37.7205, -0.3192 ], [ 37.724, -0.3145 ], [ 37.7226, -0.3083 ], [ 37.7288, -0.3079 ], [ 37.7341, -0.2962 ], [ 37.743, -0.298 ], [ 37.7699, -0.2933 ], [ 37.7831, -0.2946 ], [ 37.7941, -0.3043 ], [ 37.8188, -0.3146 ], [ 37.8125, -0.3048 ], [ 37.8443, -0.2624 ], [ 37.8337, -0.2434 ], [ 37.8181, -0.2275 ], [ 37.8111, -0.2088 ], [ 37.8087, -0.2096 ], [ 37.806, -0.2026 ], [ 37.7966, -0.2021 ], [ 37.7983, -0.1995 ], [ 37.7953, -0.1939 ], [ 37.7986, -0.1914 ], [ 37.7948, -0.1877 ], [ 37.7971, -0.176 ], [ 37.7846, -0.163 ], [ 37.7684, -0.1557 ], [ 37.7556, -0.1732 ], [ 37.7526, -0.183 ], [ 37.7308, -0.1992 ], [ 37.7223, -0.2027 ], [ 37.6884, -0.2035 ], [ 37.6832, -0.2075 ], [ 37.6668, -0.2058 ], [ 37.6453, -0.2133 ], [ 37.6387, -0.2073 ], [ 37.6246, -0.2048 ], [ 37.6132, -0.1939 ], [ 37.6013, -0.1938 ], [ 37.5921, -0.1891 ], [ 37.589, -0.1834 ], [ 37.5799, -0.1801 ], [ 37.3078, -0.1496 ] ] ] } },
{ "type": "Feature", "properties": { "iso3": "KEN", "unit_id": "43622606B56187768172176", "unit_name": "Tharaka" }, "geometry": { "type": "Polygon", "coordinates": [ [ [ 37.9821, 0.0666 ], [ 37.9862, 0.0442 ], [ 37.9747, 0.0478 ], [ 37.9694, 0.056 ], [ 37.958, 0.0513 ], [ 37.952, 0.0539 ], [ 37.9252, 0.0328 ], [ 37.9105, 0.0166 ], [ 37.8884, 0.0115 ], [ 37.887, 0.002 ], [ 37.896, -0.0044 ], [ 37.9291, 0.0037 ], [ 37.9342, 0.0006 ], [ 37.9353, -0.0021 ], [ 37.9265, -0.0093 ], [ 37.9287, -0.0123 ], [ 37.9225, -0.0273 ], [ 37.9254, -0.0332 ], [ 37.9359, -0.0365 ], [ 37.9369, -0.0554 ], [ 37.91, -0.0881 ], [ 37.8689, -0.1298 ], [ 37.8051, -0.1825 ], [ 37.7948, -0.1877 ], [ 37.7986, -0.1914 ], [ 37.7953, -0.1939 ], [ 37.7983, -0.1995 ], [ 37.7966, -0.2021 ], [ 37.806, -0.2026 ], [ 37.8087, -0.2096 ], [ 37.8111, -0.2088 ], [ 37.8181, -0.2275 ], [ 37.8337, -0.2434 ], [ 37.8443, -0.2604 ], [ 37.8447, -0.2661 ], [ 37.8504, -0.2671 ], [ 37.8523, -0.2749 ], [ 37.8622, -0.2856 ], [ 37.865, -0.3015 ], [ 37.8692, -0.2997 ], [ 37.8701, -0.3051 ], [ 37.8788, -0.3101 ], [ 37.8821, -0.3098 ], [ 37.8795, -0.3078 ], [ 37.8823, -0.3046 ], [ 37.8935, -0.3126 ], [ 37.89, -0.3164 ], [ 37.8911, -0.3246 ], [ 37.8876, -0.3262 ], [ 37.8896, -0.3305 ], [ 37.8874, -0.3342 ], [ 37.8959, -0.3382 ], [ 37.8905, -0.3425 ], [ 37.8947, -0.3527 ], [ 37.8891, -0.364 ], [ 37.8967, -0.3702 ], [ 37.8967, -0.3783 ], [ 37.8912, -0.383 ], [ 37.8898, -0.3932 ], [ 37.9005, -0.3966 ], [ 37.901, -0.4058 ], [ 37.9073, -0.4089 ], [ 37.9091, -0.4141 ], [ 37.9227, -0.4159 ], [ 37.9206, -0.4218 ], [ 37.9277, -0.4281 ], [ 37.9308, -0.4256 ], [ 37.9333, -0.4281 ], [ 37.9403, -0.4252 ], [ 37.9453, -0.4275 ], [ 37.9474, -0.4248 ], [ 37.9519, -0.4258 ], [ 37.9647, -0.4121 ], [ 37.9648, -0.4011 ], [ 37.9698, -0.3975 ], [ 37.9695, -0.3844 ], [ 37.9744, -0.3767 ], [ 37.9733, -0.3682 ], [ 37.9677, -0.3635 ], [ 37.9782, -0.3549 ], [ 37.9716, -0.3442 ], [ 37.9802, -0.3262 ], [ 37.9858, -0.3236 ], [ 37.9858, -0.3183 ], [ 37.9795, -0.3109 ], [ 37.9923, -0.287 ], [ 37.9935, -0.2738 ], [ 37.9991, -0.2647 ], [ 38.0238, -0.2668 ], [ 38.0325, -0.2733 ], [ 38.0466, -0.2762 ], [ 38.0901, -0.2746 ], [ 38.1035, -0.2799 ], [ 38.1058, -0.276 ], [ 38.115, -0.2765 ], [ 38.136, -0.2568 ], [ 38.1431, -0.2412 ], [ 38.1462, -0.239 ], [ 38.1516, -0.2413 ], [ 38.1633, -0.2343 ], [ 38.1634, -0.2241 ], [ 38.1827, -0.1893 ], [ 38.1862, -0.1533 ], [ 38.2062, -0.1444 ], [ 38.2076, -0.128 ], [ 38.2118, -0.1264 ], [ 38.214, -0.1149 ], [ 38.2218, -0.1047 ], [ 38.2474, -0.0881 ], [ 38.2726, -0.0961 ], [ 38.2761, -0.0885 ], [ 38.2871, -0.0869 ], [ 38.289, -0.0799 ], [ 38.3007, -0.0705 ], [ 38.3094, -0.0555 ], [ 38.3, -0.0529 ], [ 38.3021, -0.0455 ], [ 38.2825, -0.0244 ], [ 38.2551, -0.0171 ], [ 38.2445, -0.0211 ], [ 38.2375, -0.0115 ], [ 38.2304, -0.0096 ], [ 38.2287, 0.0019 ], [ 38.2213, 0.0046 ], [ 38.2224, 0.0093 ], [ 38.2198, 0.0124 ], [ 38.2068, 0.0176 ], [ 38.1914, 0.0139 ], [ 38.1756, 0.0243 ], [ 38.1605, 0.0274 ], [ 38.1356, 0.0486 ], [ 38.1278, 0.0512 ], [ 38.1192, 0.0492 ], [ 38.1137, 0.0553 ], [ 38.1048, 0.0469 ], [ 38.0955, 0.0479 ], [ 38.0941, 0.0437 ], [ 38.0888, 0.0421 ], [ 38.0816, 0.028 ], [ 38.0735, 0.0326 ], [ 38.0747, 0.0304 ], [ 38.0692, 0.0242 ], [ 38.0628, 0.0276 ], [ 38.0586, 0.0241 ], [ 38.052, 0.0292 ], [ 38.0495, 0.0253 ], [ 38.0442, 0.0274 ], [ 38.0447, 0.0249 ], [ 38.0336, 0.0375 ], [ 38.0335, 0.0437 ], [ 38.0259, 0.0525 ], [ 38.0205, 0.0527 ], [ 38.0186, 0.0592 ], [ 38.0048, 0.0648 ], [ 38.0007, 0.0626 ], [ 37.9943, 0.0686 ], [ 37.9821, 0.0666 ] ] ] } },
{ "type": "Feature", "properties": { "iso3": "KEN", "unit_id": "43622606B48028545685419", "unit_name": "Manyatta" }, "geometry": { "type": "Polygon", "coordinates": [ [ [ 37.5995, -0.5159 ], [ 37.5988, -0.5129 ], [ 37.5761, -0.5073 ], [ 37.5659, -0.5004 ], [ 37.5576, -0.5002 ], [ 37.5529, -0.4877 ], [ 37.547, -0.4823 ], [ 37.5508, -0.4773 ], [ 37.5437, -0.4533 ], [ 37.5385, -0.4645 ], [ 37.528, -0.4702 ], [ 37.5076, -0.4631 ], [ 37.4967, -0.4507 ], [ 37.4981, -0.4474 ], [ 37.4894, -0.4412 ], [ 37.4808, -0.4215 ], [ 37.4877, -0.4189 ], [ 37.4855, -0.412 ], [ 37.4787, -0.4135 ], [ 37.4785, -0.4053 ], [ 37.4842, -0.4 ], [ 37.4817, -0.3964 ], [ 37.4976, -0.3879 ], [ 37.4966, -0.3821 ], [ 37.4918, -0.3788 ], [ 37.4931, -0.3701 ], [ 37.4855, -0.3555 ], [ 37.474, -0.3455 ], [ 37.3078, -0.1496 ], [ 37.4249, -0.4209 ], [ 37.4262, -0.4312 ], [ 37.4226, -0.4425 ], [ 37.4281, -0.4455 ], [ 37.4285, -0.4641 ], [ 37.4239, -0.481 ], [ 37.43, -0.4942 ], [ 37.4259, -0.4971 ], [ 37.427, -0.5093 ], [ 37.4458, -0.5295 ], [ 37.4475, -0.5433 ], [ 37.4527, -0.5489 ], [ 37.4608, -0.5495 ], [ 37.462, -0.5546 ], [ 37.4716, -0.5553 ], [ 37.4739, -0.5582 ], [ 37.4789, -0.5756 ], [ 37.4852, -0.5815 ], [ 37.478, -0.5941 ], [ 37.5103, -0.5665 ], [ 37.5207, -0.5679 ], [ 37.541, -0.5564 ], [ 37.5422, -0.5408 ], [ 37.5509, -0.5342 ], [ 37.5622, -0.5314 ], [ 37.5663, -0.5207 ], [ 37.591, -0.5203 ], [ 37.5995, -0.5159 ] ] ] } },
{ "type": "Feature", "properties": { "iso3": "KEN", "unit_id": "43622606B32210699638626", "unit_name": "Runyenjes" }, "geometry": { "type": "Polygon", "coordinates": [ [ [ 37.3078, -0.1496 ], [ 37.474, -0.3455 ], [ 37.4855, -0.3555 ], [ 37.4931, -0.3701 ], [ 37.4918, -0.3788 ], [ 37.4966, -0.3821 ], [ 37.4976, -0.3879 ], [ 37.4817, -0.3964 ], [ 37.4842, -0.4 ], [ 37.4785, -0.4053 ], [ 37.4787, -0.4135 ], [ 37.4855, -0.412 ], [ 37.4877, -0.4189 ], [ 37.4808, -0.4215 ], [ 37.4862, -0.4361 ], [ 37.4981, -0.4474 ], [ 37.4967, -0.4507 ], [ 37.5076, -0.4631 ], [ 37.5156, -0.4641 ], [ 37.5209, -0.4688 ], [ 37.5325, -0.4698 ], [ 37.5437, -0.4533 ], [ 37.5508, -0.4773 ], [ 37.547, -0.4823 ], [ 37.5529, -0.4877 ], [ 37.5576, -0.5002 ], [ 37.5659, -0.5004 ], [ 37.5761, -0.5073 ], [ 37.5988, -0.5129 ], [ 37.6056, -0.5208 ], [ 37.6201, -0.5218 ], [ 37.6215, -0.5176 ], [ 37.6246, -0.5179 ], [ 37.6276, -0.5223 ], [ 37.6455, -0.5289 ], [ 37.6517, -0.5264 ], [ 37.653, -0.5183 ], [ 37.6598, -0.5216 ], [ 37.6641, -0.514 ], [ 37.6686, -0.5158 ], [ 37.6722, -0.5119 ], [ 37.6837, -0.5157 ], [ 37.6843, -0.5024 ], [ 37.6934, -0.4939 ], [ 37.7031, -0.4926 ], [ 37.7049, -0.4875 ], [ 37.7088, -0.4924 ], [ 37.7138, -0.4921 ], [ 37.7055, -0.4807 ], [ 37.695, -0.4793 ], [ 37.6798, -0.4711 ], [ 37.6802, -0.4595 ], [ 37.6934, -0.4384 ], [ 37.689, -0.4322 ], [ 37.6605, -0.4221 ], [ 37.6388, -0.4021 ], [ 37.637, -0.3951 ], [ 37.63, -0.3892 ], [ 37.6215, -0.3902 ], [ 37.612, -0.3846 ], [ 37.6002, -0.3842 ], [ 37.5844, -0.3701 ], [ 37.5791, -0.371 ], [ 37.5675, -0.3635 ], [ 37.561, -0.3655 ], [ 37.551, -0.3593 ], [ 37.3078, -0.1496 ] ] ] } },
{ "type": "Feature", "properties": { "iso3": "KEN", "unit_id": "43622606B83780390806986", "unit_name": "Gachoka" }, "geometry": { "type": "Polygon", "coordinates": [ [ [ 37.478, -0.5941 ], [ 37.4768, -0.5989 ], [ 37.4835, -0.6031 ], [ 37.4881, -0.6142 ], [ 37.4865, -0.623 ], [ 37.4808, -0.6253 ], [ 37.4786, -0.6389 ], [ 37.4724, -0.6485 ], [ 37.4781, -0.6691 ], [ 37.4742, -0.6785 ], [ 37.4798, -0.6916 ], [ 37.4773, -0.708 ], [ 37.4793, -0.7142 ], [ 37.4921, -0.7217 ], [ 37.496, -0.7306 ], [ 37.4925, -0.7317 ], [ 37.4732, -0.7243 ], [ 37.4635, -0.7291 ], [ 37.4639, -0.7333 ], [ 37.4442, -0.7306 ], [ 37.4211, -0.7474 ], [ 37.4066, -0.7476 ], [ 37.3882, -0.7527 ], [ 37.3708, -0.7638 ], [ 37.3593, -0.7617 ], [ 37.3582, -0.7698 ], [ 37.3472, -0.7722 ], [ 37.3283, -0.7656 ], [ 37.3182, -0.7578 ], [ 37.3151, -0.7483 ], [ 37.2891, -0.7545 ], [ 37.2767, -0.7538 ], [ 37.2669, -0.7776 ], [ 37.2677, -0.7853 ], [ 37.2849, -0.781 ], [ 37.2878, -0.7828 ], [ 37.2935, -0.7915 ], [ 37.3063, -0.8007 ], [ 37.3052, -0.8118 ], [ 37.3132, -0.8172 ], [ 37.32, -0.8346 ], [ 37.326, -0.8337 ], [ 37.3236, -0.8383 ], [ 37.327, -0.8415 ], [ 37.337, -0.8449 ], [ 37.343, -0.8404 ], [ 37.3503, -0.8412 ], [ 37.3509, -0.8438 ], [ 37.3641, -0.843 ], [ 37.3766, -0.8486 ], [ 37.3764, -0.8529 ], [ 37.38, -0.8557 ], [ 37.3859, -0.8502 ], [ 37.3974, -0.8546 ], [ 37.404, -0.8497 ], [ 37.4127, -0.8485 ], [ 37.4129, -0.8596 ], [ 37.4271, -0.8648 ], [ 37.4325, -0.8605 ], [ 37.4431, -0.8611 ], [ 37.4474, -0.869 ], [ 37.459, -0.8692 ], [ 37.4621, -0.8739 ], [ 37.4675, -0.8718 ], [ 37.4741, -0.8741 ], [ 37.4716, -0.8843 ], [ 37.4775, -0.8917 ], [ 37.4954, -0.9025 ], [ 37.5029, -0.899 ], [ 37.5152, -0.9021 ], [ 37.5165, -0.9142 ], [ 37.5194, -0.916 ], [ 37.533, -0.9117 ], [ 37.5355, -0.9063 ], [ 37.5322, -0.8958 ], [ 37.5451, -0.8829 ], [ 37.5514, -0.8839 ], [ 37.5589, -0.8751 ], [ 37.5641, -0.8806 ], [ 37.5753, -0.8768 ], [ 37.5874, -0.878 ], [ 37.5914, -0.8706 ], [ 37.5869, -0.8659 ], [ 37.5891, -0.8627 ], [ 37.5951, -0.8606 ], [ 37.6011, -0.8625 ], [ 37.6052, -0.855 ], [ 37.6265, -0.8516 ], [ 37.629, -0.8386 ], [ 37.6353, -0.8386 ], [ 37.6403, -0.8455 ], [ 37.6462, -0.842 ], [ 37.6568, -0.8475 ], [ 37.6644, -0.8463 ], [ 37.671, -0.8371 ], [ 37.6741, -0.8257 ], [ 37.6815, -0.8222 ], [ 37.6817, -0.7955 ], [ 37.6872, -0.794 ], [ 37.6904, -0.7968 ], [ 37.6927, -0.7914 ], [ 37.6986, -0.7891 ], [ 37.6987, -0.7846 ], [ 37.7066, -0.7815 ], [ 37.7239, -0.7804 ], [ 37.7322, -0.7745 ], [ 37.743, -0.7785 ], [ 37.758, -0.824 ], [ 37.7711, -0.8207 ], [ 37.7799, -0.8249 ], [ 37.7881, -0.8225 ], [ 37.7965, -0.8166 ], [ 37.8054, -0.8018 ], [ 37.8082, -0.8151 ], [ 37.8193, -0.8044 ], [ 37.8286, -0.8057 ], [ 37.8331, -0.8135 ], [ 37.8383, -0.8095 ], [ 37.861, -0.8117 ], [ 37.8778, -0.8062 ], [ 37.8843, -0.807 ], [ 37.8795, -0.7927 ], [ 37.8835, -0.7826 ], [ 37.8929, -0.7794 ], [ 37.8908, -0.7675 ], [ 37.9017, -0.7594 ], [ 37.9139, -0.738 ], [ 37.9159, -0.7282 ], [ 37.912, -0.7084 ], [ 37.9072, -0.7112 ], [ 37.8996, -0.7088 ], [ 37.9038, -0.6855 ], [ 37.8953, -0.6818 ], [ 37.8971, -0.6696 ], [ 37.8929, -0.6559 ], [ 37.8594, -0.647 ], [ 37.8535, -0.6542 ], [ 37.8416, -0.6535 ], [ 37.8371, -0.6572 ], [ 37.8325, -0.6566 ], [ 37.8106, -0.6391 ], [ 37.8, -0.6216 ], [ 37.793, -0.6268 ], [ 37.7943, -0.6298 ], [ 37.7893, -0.6341 ], [ 37.7881, -0.6429 ], [ 37.7828, -0.6365 ], [ 37.7818, -0.6385 ], [ 37.7761, -0.6363 ], [ 37.772, -0.6402 ], [ 37.7694, -0.6371 ], [ 37.7579, -0.6541 ], [ 37.7454, -0.6569 ], [ 37.7373, -0.6628 ], [ 37.7302, -0.6607 ], [ 37.7323, -0.6646 ], [ 37.7141, -0.6569 ], [ 37.7081, -0.6591 ], [ 37.7048, -0.6563 ], [ 37.7014, -0.6621 ], [ 37.6951, -0.656 ], [ 37.6752, -0.652 ], [ 37.6563, -0.6306 ], [ 37.6307, -0.6225 ], [ 37.6292, -0.6187 ], [ 37.6101, -0.6157 ], [ 37.6028, -0.6102 ], [ 37.5931, -0.6082 ], [ 37.5879, -0.6127 ], [ 37.581, -0.6105 ], [ 37.5678, -0.6233 ], [ 37.5687, -0.6174 ], [ 37.5618, -0.6087 ], [ 37.5736, -0.5949 ], [ 37.5565, -0.5813 ], [ 37.5673, -0.5687 ], [ 37.5661, -0.5488 ], [ 37.5634, -0.5437 ], [ 37.5581, -0.5462 ], [ 37.5524, -0.5389 ], [ 37.5411, -0.5425 ], [ 37.5431, -0.5478 ], [ 37.541, -0.5564 ], [ 37.5207, -0.5679 ], [ 37.5103, -0.5665 ], [ 37.478, -0.5941 ] ] ] } },
{ "type": "Feature", "properties": { "iso3": "KEN", "unit_id": "43622606B65669498803927", "unit_name": "Siakago" }, "geometry": { "type": "Polygon", "coordinates": [ [ [ 37.6934, -0.4384 ], [ 37.6802, -0.4595 ], [ 37.6798, -0.4711 ], [ 37.695, -0.4793 ], [ 37.7055, -0.4807 ], [ 37.7138, -0.4921 ], [ 37.7088, -0.4924 ], [ 37.7049, -0.4875 ], [ 37.7031, -0.4926 ], [ 37.6934, -0.4939 ], [ 37.6843, -0.5024 ], [ 37.6837, -0.5157 ], [ 37.6722, -0.5119 ], [ 37.6686, -0.5158 ], [ 37.6641, -0.514 ], [ 37.6598, -0.5216 ], [ 37.653, -0.5183 ], [ 37.6517, -0.5264 ], [ 37.6455, -0.5289 ], [ 37.6276, -0.5223 ], [ 37.6246, -0.5179 ], [ 37.6215, -0.5176 ], [ 37.6201, -0.5218 ], [ 37.6056, -0.5208 ], [ 37.5995, -0.5159 ], [ 37.591, -0.5203 ], [ 37.5731, -0.5223 ], [ 37.5695, -0.5199 ], [ 37.5663, -0.5207 ], [ 37.5622, -0.5314 ], [ 37.5509, -0.5342 ], [ 37.5477, -0.5388 ], [ 37.5556, -0.541 ], [ 37.5581, -0.5462 ], [ 37.5634, -0.5437 ], [ 37.5661, -0.5488 ], [ 37.5673, -0.5687 ], [ 37.5565, -0.5813 ], [ 37.5736, -0.5949 ], [ 37.5618, -0.6087 ], [ 37.5687, -0.6174 ], [ 37.5678, -0.6233 ], [ 37.581, -0.6105 ], [ 37.5879, -0.6127 ], [ 37.5931, -0.6082 ], [ 37.6028, -0.6102 ], [ 37.6101, -0.6157 ], [ 37.6292, -0.6187 ], [ 37.6307, -0.6225 ], [ 37.6563, -0.6306 ], [ 37.6752, -0.652 ], [ 37.6951, -0.656 ], [ 37.7014, -0.6621 ], [ 37.7048, -0.6563 ], [ 37.7081, -0.6591 ], [ 37.7141, -0.6569 ], [ 37.7323, -0.6646 ], [ 37.7302, -0.6607 ], [ 37.7373, -0.6628 ], [ 37.7454, -0.6569 ], [ 37.7579, -0.6541 ], [ 37.7694, -0.6371 ], [ 37.772, -0.6402 ], [ 37.7761, -0.6363 ], [ 37.7818, -0.6385 ], [ 37.7828, -0.6365 ], [ 37.7881, -0.6429 ], [ 37.7893, -0.6341 ], [ 37.7975, -0.6218 ], [ 37.8, -0.6216 ], [ 37.8184, -0.6471 ], [ 37.8371, -0.6572 ], [ 37.8416, -0.6535 ], [ 37.8535, -0.6542 ], [ 37.8594, -0.647 ], [ 37.8929, -0.6559 ], [ 37.8937, -0.6454 ], [ 37.9074, -0.639 ], [ 37.9196, -0.6286 ], [ 37.9226, -0.6244 ], [ 37.9011, -0.601 ], [ 37.9021, -0.5975 ], [ 37.8832, -0.5828 ], [ 37.8879, -0.5554 ], [ 37.8823, -0.5351 ], [ 37.9138, -0.4656 ], [ 37.9307, -0.4453 ], [ 37.9362, -0.4277 ], [ 37.9239, -0.4265 ], [ 37.9206, -0.4218 ], [ 37.9227, -0.4159 ], [ 37.9091, -0.4141 ], [ 37.9073, -0.4089 ], [ 37.901, -0.4058 ], [ 37.9005, -0.3966 ], [ 37.8898, -0.3932 ], [ 37.8912, -0.383 ], [ 37.8967, -0.3783 ], [ 37.8967, -0.3702 ], [ 37.8891, -0.364 ], [ 37.8947, -0.3527 ], [ 37.8905, -0.3462 ], [ 37.886, -0.3426 ], [ 37.8806, -0.3483 ], [ 37.8729, -0.3505 ], [ 37.8708, -0.3659 ], [ 37.8647, -0.3699 ], [ 37.866, -0.383 ], [ 37.8535, -0.3885 ], [ 37.8452, -0.4041 ], [ 37.83, -0.4061 ], [ 37.8267, -0.4097 ], [ 37.8289, -0.4131 ], [ 37.8192, -0.4185 ], [ 37.8144, -0.4285 ], [ 37.8074, -0.4303 ], [ 37.801, -0.4379 ], [ 37.7842, -0.4477 ], [ 37.7796, -0.4459 ], [ 37.7583, -0.4497 ], [ 37.7426, -0.4459 ], [ 37.7263, -0.4515 ], [ 37.7182, -0.4495 ], [ 37.714, -0.4442 ], [ 37.6934, -0.4384 ] ] ] } },
{ "type": "Feature", "properties": { "iso3": "KEN", "unit_id": "43622606B68116457003297", "unit_name": "Mwingi North" }, "geometry": { "type": "Polygon", "coordinates": [ [ [ 38.4196, -0.0704 ], [ 38.4038, -0.0764 ], [ 38.3929, -0.0736 ], [ 38.3905, -0.0811 ], [ 38.3822, -0.0873 ], [ 38.3478, -0.0635 ], [ 38.3397, -0.0622 ], [ 38.3283, -0.0681 ], [ 38.3094, -0.0533 ], [ 38.3007, -0.0705 ], [ 38.289, -0.0799 ], [ 38.2871, -0.0869 ], [ 38.2761, -0.0885 ], [ 38.2726, -0.0961 ], [ 38.2474, -0.0881 ], [ 38.2218, -0.1047 ], [ 38.214, -0.1149 ], [ 38.2118, -0.1264 ], [ 38.2076, -0.128 ], [ 38.2062, -0.1444 ], [ 38.1862, -0.1533 ], [ 38.1827, -0.1893 ], [ 38.1634, -0.2241 ], [ 38.1633, -0.2343 ], [ 38.1516, -0.2413 ], [ 38.1462, -0.239 ], [ 38.1431, -0.2412 ], [ 38.136, -0.2568 ], [ 38.115, -0.2765 ], [ 38.1058, -0.276 ], [ 38.1035, -0.2799 ], [ 38.0901, -0.2746 ], [ 38.0466, -0.2762 ], [ 38.0325, -0.2733 ], [ 38.0238, -0.2668 ], [ 37.9991, -0.2647 ], [ 37.9935, -0.2738 ], [ 37.9923, -0.287 ], [ 37.9795, -0.3109 ], [ 37.9858, -0.3183 ], [ 37.9858, -0.3236 ], [ 37.9802, -0.3262 ], [ 37.9716, -0.3442 ], [ 37.9782, -0.3549 ], [ 37.9677, -0.3635 ], [ 37.9733, -0.3682 ], [ 37.9744, -0.3767 ], [ 37.9695, -0.3844 ], [ 37.9698, -0.3975 ], [ 37.9648, -0.4011 ], [ 37.9647, -0.4121 ], [ 37.9519, -0.4258 ], [ 37.9474, -0.4248 ], [ 37.9453, -0.4275 ], [ 37.9403, -0.4252 ], [ 37.9362, -0.4277 ], [ 37.9307, -0.4453 ], [ 37.9138, -0.4656 ], [ 37.8823, -0.5351 ], [ 37.8879, -0.5554 ], [ 37.8832, -0.5828 ], [ 37.9021, -0.5975 ], [ 37.9011, -0.601 ], [ 37.9226, -0.6244 ], [ 37.9074, -0.639 ], [ 37.8937, -0.6454 ], [ 37.8929, -0.6559 ], [ 37.8971, -0.6696 ], [ 37.8953, -0.6818 ], [ 37.9038, -0.6855 ], [ 37.8996, -0.7088 ], [ 37.9072, -0.7112 ], [ 37.912, -0.7084 ], [ 37.9159, -0.7282 ], [ 37.912, -0.7416 ], [ 37.9179, -0.746 ], [ 37.9265, -0.7474 ], [ 37.9274, -0.7389 ], [ 37.9322, -0.7396 ], [ 37.937, -0.7518 ], [ 37.948, -0.7517 ], [ 37.9544, -0.7589 ], [ 37.9577, -0.7565 ], [ 37.9654, -0.7594 ], [ 37.9692, -0.7572 ], [ 37.9671, -0.7543 ], [ 37.9719, -0.7548 ], [ 37.9735, -0.7506 ], [ 37.9774, -0.7505 ], [ 37.9776, -0.7548 ], [ 37.9809, -0.7537 ], [ 37.9822, -0.7573 ], [ 37.9977, -0.7479 ], [ 38.0019, -0.7504 ], [ 38.007, -0.7472 ], [ 38.0072, -0.743 ], [ 38.015, -0.7467 ], [ 38.0202, -0.7421 ], [ 38.0365, -0.7437 ], [ 38.0499, -0.7407 ], [ 38.0524, -0.7352 ], [ 38.0661, -0.7398 ], [ 38.0773, -0.7313 ], [ 38.0828, -0.7146 ], [ 38.0962, -0.7339 ], [ 38.099, -0.7306 ], [ 38.1038, -0.7342 ], [ 38.1236, -0.738 ], [ 38.1277, -0.7353 ], [ 38.134, -0.7394 ], [ 38.1417, -0.7376 ], [ 38.1735, -0.7128 ], [ 38.2319, -0.689 ], [ 38.2487, -0.6753 ], [ 38.2676, -0.6514 ], [ 38.2728, -0.6503 ], [ 38.2801, -0.6525 ], [ 38.2858, -0.6587 ], [ 38.2966, -0.6592 ], [ 38.3022, -0.6789 ], [ 38.3254, -0.669 ], [ 38.3461, -0.6661 ], [ 38.3359, -0.6897 ], [ 38.3409, -0.6984 ], [ 38.3476, -0.6965 ], [ 38.3553, -0.7024 ], [ 38.3756, -0.7009 ], [ 38.3795, -0.7031 ], [ 38.3822, -0.6997 ], [ 38.3917, -0.7043 ], [ 38.4194, -0.6882 ], [ 38.4302, -0.6865 ], [ 38.4345, -0.69 ], [ 38.44, -0.6876 ], [ 38.4763, -0.689 ], [ 38.5075, -0.702 ], [ 38.5165, -0.6953 ], [ 38.5228, -0.6946 ], [ 38.5432, -0.6952 ], [ 38.5548, -0.7017 ], [ 38.5723, -0.7039 ], [ 38.5845, -0.7001 ], [ 38.6049, -0.7057 ], [ 38.6099, -0.7123 ], [ 38.6217, -0.7122 ], [ 38.628, -0.7162 ], [ 38.6342, -0.713 ], [ 38.6459, -0.7133 ], [ 38.6507, -0.7202 ], [ 38.6541, -0.7346 ], [ 38.6691, -0.7438 ], [ 38.6951, -0.7361 ], [ 38.7002, -0.7242 ], [ 38.7352, -0.697 ], [ 38.7535, -0.6935 ], [ 38.758, -0.6989 ], [ 38.7728, -0.7034 ], [ 38.7869, -0.6939 ], [ 38.4196, -0.0704 ] ] ] } },
{ "type": "Feature", "properties": { "iso3": "KEN", "unit_id": "43622606B93547492072148", "unit_name": "Mwingi West" }, "geometry": { "type": "Polygon", "coordinates": [ [ [ 37.8449, -0.8114 ], [ 37.8434, -0.8187 ], [ 37.8472, -0.8208 ], [ 37.8456, -0.8276 ], [ 37.849, -0.8327 ], [ 37.841, -0.835 ], [ 37.8446, -0.8419 ], [ 37.837, -0.8453 ], [ 37.8363, -0.8516 ], [ 37.831, -0.854 ], [ 37.8326, -0.8576 ], [ 37.8284, -0.8608 ], [ 37.8315, -0.8644 ], [ 37.826, -0.8668 ], [ 37.8272, -0.8724 ], [ 37.8242, -0.8726 ], [ 37.8257, -0.8754 ], [ 37.8199, -0.8832 ], [ 37.8242, -0.891 ], [ 37.8182, -0.899 ], [ 37.8369, -0.9056 ], [ 37.8332, -0.9078 ], [ 37.8332, -0.9126 ], [ 37.8385, -0.9098 ], [ 37.8379, -0.9202 ], [ 37.8427, -0.9199 ], [ 37.8405, -0.9237 ], [ 37.8443, -0.9241 ], [ 37.8417, -0.9275 ], [ 37.8509, -0.9329 ], [ 37.8488, -0.9362 ], [ 37.8517, -0.9358 ], [ 37.8522, -0.9389 ], [ 37.8463, -0.9411 ], [ 37.8463, -0.9473 ], [ 37.8513, -0.9505 ], [ 37.8491, -0.9526 ], [ 37.8541, -0.9623 ], [ 37.8513, -0.9593 ], [ 37.8451, -0.9648 ], [ 37.8637, -0.969 ], [ 37.8625, -0.9739 ], [ 37.8671, -0.9732 ], [ 37.8679, -0.9778 ], [ 37.8626, -0.9785 ], [ 37.8655, -0.9826 ], [ 37.8539, -0.9867 ], [ 37.8503, -0.9942 ], [ 37.8462, -0.9951 ], [ 37.851, -1.0033 ], [ 37.8463, -1.0294 ], [ 37.8481, -1.0422 ], [ 37.8311, -1.0683 ], [ 37.8206, -1.0709 ], [ 37.8189, -1.0799 ], [ 37.8082, -1.0921 ], [ 37.8016, -1.117 ], [ 37.7937, -1.1252 ], [ 37.8086, -1.1211 ], [ 37.8584, -1.1202 ], [ 37.8669, -1.128 ], [ 37.8782, -1.1238 ], [ 37.8877, -1.1257 ], [ 37.8888, -1.1301 ], [ 37.9066, -1.1327 ], [ 37.9465, -1.1343 ], [ 37.9491, -1.137 ], [ 37.955, -1.1348 ], [ 37.9682, -1.1425 ], [ 37.9728, -1.1418 ], [ 37.9795, -1.1485 ], [ 37.995, -1.1477 ], [ 37.9991, -1.1538 ], [ 38.006, -1.1556 ], [ 38.005, -1.1585 ], [ 38.0082, -1.1549 ], [ 38.0156, -1.1612 ], [ 38.0351, -1.1665 ], [ 38.0511, -1.1637 ], [ 38.0683, -1.1684 ], [ 38.0677, -1.1591 ], [ 38.1561, -1.151 ], [ 38.1422, -1.0873 ], [ 38.1327, -1.0585 ], [ 38.1599, -1.0203 ], [ 38.1558, -1.0033 ], [ 38.1429, -0.9826 ], [ 38.1308, -0.9758 ], [ 38.1284, -0.9709 ], [ 38.1223, -0.9742 ], [ 38.1166, -0.9709 ], [ 38.1111, -0.9626 ], [ 38.1096, -0.9504 ], [ 38.09, -0.9429 ], [ 38.0887, -0.9344 ], [ 38.0776, -0.9319 ], [ 38.0654, -0.9352 ], [ 38.0511, -0.9312 ], [ 38.0417, -0.9368 ], [ 38.0356, -0.9318 ], [ 38.034, -0.9225 ], [ 38.037, -0.9195 ], [ 38.0367, -0.9116 ], [ 38.0318, -0.9077 ], [ 38.0299, -0.9004 ], [ 38.0277, -0.9054 ], [ 38.0249, -0.895 ], [ 38.0291, -0.8924 ], [ 38.0155, -0.87 ], [ 38.0206, -0.8666 ], [ 38.0409, -0.8652 ], [ 38.0604, -0.8577 ], [ 38.0623, -0.8464 ], [ 38.0661, -0.8417 ], [ 38.0593, -0.8363 ], [ 38.0532, -0.8248 ], [ 38.0492, -0.8254 ], [ 38.0452, -0.8157 ], [ 38.0415, -0.819 ], [ 38.0376, -0.8175 ], [ 38.0372, -0.8107 ], [ 38.0236, -0.7982 ], [ 38.0248, -0.7937 ], [ 38.0204, -0.7912 ], [ 38.0181, -0.7952 ], [ 38.0055, -0.7875 ], [ 38.0004, -0.7741 ], [ 37.99, -0.7626 ], [ 37.9893, -0.7567 ], [ 37.9822, -0.7573 ], [ 37.9809, -0.7537 ], [ 37.9776, -0.7548 ], [ 37.9774, -0.7505 ], [ 37.9735, -0.7506 ], [ 37.9719, -0.7548 ], [ 37.9671, -0.7543 ], [ 37.9692, -0.7572 ], [ 37.9654, -0.7594 ], [ 37.9577, -0.7565 ], [ 37.9544, -0.7589 ], [ 37.948, -0.7517 ], [ 37.937, -0.7518 ], [ 37.9322, -0.7396 ], [ 37.9274, -0.7389 ], [ 37.9265, -0.7474 ], [ 37.912, -0.7416 ], [ 37.9017, -0.7594 ], [ 37.8908, -0.7675 ], [ 37.8929, -0.7794 ], [ 37.8835, -0.7826 ], [ 37.8795, -0.7927 ], [ 37.8843, -0.807 ], [ 37.8778, -0.8062 ], [ 37.861, -0.8117 ], [ 37.8449, -0.8114 ] ] ] } },
{ "type": "Feature", "properties": { "iso3": "KEN", "unit_id": "43622606B29478291611392", "unit_name": "Mwingi East" }, "geometry": { "type": "Polygon", "coordinates": [ [ [ 38.9618, -1.0528 ], [ 38.8183, -0.7499 ], [ 38.7869, -0.6939 ], [ 38.7728, -0.7034 ], [ 38.758, -0.6989 ], [ 38.7535, -0.6935 ], [ 38.7352, -0.697 ], [ 38.7002, -0.7242 ], [ 38.6951, -0.7361 ], [ 38.6691, -0.7438 ], [ 38.6541, -0.7346 ], [ 38.6507, -0.7202 ], [ 38.6459, -0.7133 ], [ 38.6342, -0.713 ], [ 38.628, -0.7162 ], [ 38.6217, -0.7122 ], [ 38.6099, -0.7123 ], [ 38.6049, -0.7057 ], [ 38.5845, -0.7001 ], [ 38.5723, -0.7039 ], [ 38.5548, -0.7017 ], [ 38.5432, -0.6952 ], [ 38.5228, -0.6946 ], [ 38.5165, -0.6953 ], [ 38.5075, -0.702 ], [ 38.4763, -0.689 ], [ 38.44, -0.6876 ], [ 38.4345, -0.69 ], [ 38.4302, -0.6865 ], [ 38.4194, -0.6882 ], [ 38.3917, -0.7043 ], [ 38.3822, -0.6997 ], [ 38.3795, -0.7031 ], [ 38.3756, -0.7009 ], [ 38.3553, -0.7024 ], [ 38.3476, -0.6965 ], [ 38.3409, -0.6984 ], [ 38.3359, -0.6897 ], [ 38.3461, -0.6661 ], [ 38.3254, -0.669 ], [ 38.3022, -0.6789 ], [ 38.2966, -0.6592 ], [ 38.2858, -0.6587 ], [ 38.2801, -0.6525 ], [ 38.2728, -0.6503 ], [ 38.2676, -0.6514 ], [ 38.2487, -0.6753 ], [ 38.2319, -0.689 ], [ 38.1735, -0.7128 ], [ 38.1417, -0.7376 ], [ 38.134, -0.7394 ], [ 38.1277, -0.7353 ], [ 38.1236, -0.738 ], [ 38.1038, -0.7342 ], [ 38.099, -0.7306 ], [ 38.0962, -0.7339 ], [ 38.0828, -0.7146 ], [ 38.0773, -0.7313 ], [ 38.0661, -0.7398 ], [ 38.0524, -0.7352 ], [ 38.0499, -0.7407 ], [ 38.0365, -0.7437 ], [ 38.0202, -0.7421 ], [ 38.015, -0.7467 ], [ 38.0072, -0.743 ], [ 38.007, -0.7472 ], [ 37.9899, -0.7514 ], [ 37.9872, -0.7562 ], [ 38.0004, -0.7741 ], [ 38.0055, -0.7875 ], [ 38.0181, -0.7952 ], [ 38.0204, -0.7912 ], [ 38.0248, -0.7937 ], [ 38.0236, -0.7982 ], [ 38.0372, -0.8107 ], [ 38.0376, -0.8175 ], [ 38.0415, -0.819 ], [ 38.0452, -0.8157 ], [ 38.0492, -0.8254 ], [ 38.0532, -0.8248 ], [ 38.0593, -0.8363 ], [ 38.0661, -0.8417 ], [ 38.059, -0.8585 ], [ 38.0409, -0.8652 ], [ 38.0206, -0.8666 ], [ 38.0155, -0.87 ], [ 38.0291, -0.8924 ], [ 38.0249, -0.895 ], [ 38.0277, -0.9054 ], [ 38.0299, -0.9004 ], [ 38.0318, -0.9077 ], [ 38.0367, -0.9116 ], [ 38.037, -0.9195 ], [ 38.034, -0.9225 ], [ 38.0356, -0.9318 ], [ 38.0417, -0.9368 ], [ 38.0511, -0.9312 ], [ 38.0654, -0.9352 ], [ 38.0776, -0.9319 ], [ 38.0887, -0.9344 ], [ 38.09, -0.9429 ], [ 38.1096, -0.9504 ], [ 38.1111, -0.9626 ], [ 38.1166, -0.9709 ], [ 38.1223, -0.9742 ], [ 38.1284, -0.9709 ], [ 38.1308, -0.9758 ], [ 38.1429, -0.9826 ], [ 38.1558, -1.0033 ], [ 38.1599, -1.0203 ], [ 38.1327, -1.0585 ], [ 38.1422, -1.0873 ], [ 38.1561, -1.151 ], [ 38.219, -1.1665 ], [ 38.2293, -1.1778 ], [ 38.2382, -1.2026 ], [ 38.25, -1.2016 ], [ 38.2644, -1.1934 ], [ 38.2731, -1.1957 ], [ 38.2739, -1.1899 ], [ 38.2902, -1.1851 ], [ 38.3083, -1.1827 ], [ 38.3131, -1.1876 ], [ 38.3188, -1.1873 ], [ 38.3226, -1.1702 ], [ 38.3974, -1.1641 ], [ 38.4068, -1.1592 ], [ 38.4144, -1.1608 ], [ 38.4187, -1.1542 ], [ 38.426, -1.153 ], [ 38.4311, -1.1551 ], [ 38.4369, -1.1663 ], [ 38.447, -1.1633 ], [ 38.4617, -1.1743 ], [ 38.4697, -1.1749 ], [ 38.4777, -1.1626 ], [ 38.4874, -1.1594 ], [ 38.4877, -1.1524 ], [ 38.5169, -1.1596 ], [ 38.5427, -1.1019 ], [ 38.61, -1.1045 ], [ 38.6188, -1.0941 ], [ 38.6308, -1.0866 ], [ 38.6454, -1.0828 ], [ 38.6626, -1.0812 ], [ 38.6796, -1.0917 ], [ 38.6989, -1.0935 ], [ 38.727, -1.0809 ], [ 38.7415, -1.0893 ], [ 38.7677, -1.0816 ], [ 38.7786, -1.0855 ], [ 38.7799, -1.0886 ], [ 38.7881, -1.083 ], [ 38.815, -1.0814 ], [ 38.8273, -1.0936 ], [ 38.8539, -1.0978 ], [ 38.8642, -1.0961 ], [ 38.8686, -1.0917 ], [ 38.8837, -1.0946 ], [ 38.8995, -1.0814 ], [ 38.9198, -1.0771 ], [ 38.9318, -1.0812 ], [ 38.9411, -1.0755 ], [ 38.9632, -1.0777 ], [ 38.9618, -1.0528 ] ] ] } },
{ "type": "Feature", "properties": { "iso3": "KEN", "unit_id": "43622606B69139173115992", "unit_name": "Kitui West" }, "geometry": { "type": "Polygon", "coordinates": [ [ [ 37.7937, -1.1252 ], [ 37.7773, -1.1482 ], [ 37.7735, -1.1831 ], [ 37.7762, -1.1897 ], [ 37.7758, -1.2515 ], [ 37.7815, -1.2762 ], [ 37.8189, -1.3171 ], [ 37.8291, -1.3528 ], [ 37.8602, -1.3518 ], [ 37.8639, -1.3541 ], [ 37.8614, -1.3574 ], [ 37.8648, -1.3601 ], [ 37.8737, -1.3609 ], [ 37.8714, -1.3528 ], [ 37.8763, -1.3504 ], [ 37.8872, -1.3527 ], [ 37.8977, -1.3521 ], [ 37.8995, -1.3495 ], [ 37.9017, -1.3548 ], [ 37.9064, -1.3448 ], [ 37.9114, -1.3491 ], [ 37.9209, -1.3439 ], [ 37.9238, -1.346 ], [ 37.9295, -1.34 ], [ 37.9345, -1.3439 ], [ 37.94, -1.3414 ], [ 37.941, -1.3446 ], [ 37.9453, -1.3403 ], [ 37.9517, -1.3445 ], [ 37.9582, -1.3369 ], [ 37.9683, -1.3391 ], [ 37.9919, -1.3199 ], [ 38.0042, -1.3196 ], [ 38.0083, -1.315 ], [ 38.0119, -1.3154 ], [ 38.012, -1.31 ], [ 38.0192, -1.3027 ], [ 38.0214, -1.2909 ], [ 38.0375, -1.2836 ], [ 38.0367, -1.2769 ], [ 38.0307, -1.2722 ], [ 38.0315, -1.2652 ], [ 38.0249, -1.2613 ], [ 38.0276, -1.2365 ], [ 38.0308, -1.234 ], [ 38.034, -1.219 ], [ 38.0292, -1.2021 ], [ 38.0569, -1.1994 ], [ 38.07, -1.2042 ], [ 38.0722, -1.1888 ], [ 38.0683, -1.1684 ], [ 38.0511, -1.1637 ], [ 38.0478, -1.1663 ], [ 38.0449, -1.1636 ], [ 38.0304, -1.1657 ], [ 38.0156, -1.1612 ], [ 38.0082, -1.1549 ], [ 38.005, -1.1585 ], [ 38.006, -1.1556 ], [ 37.9991, -1.1538 ], [ 37.995, -1.1477 ], [ 37.9795, -1.1485 ], [ 37.9728, -1.1418 ], [ 37.9682, -1.1425 ], [ 37.955, -1.1348 ], [ 37.9491, -1.137 ], [ 37.9465, -1.1343 ], [ 37.9066, -1.1327 ], [ 37.8888, -1.1301 ], [ 37.8877, -1.1257 ], [ 37.8782, -1.1238 ], [ 37.8669, -1.128 ], [ 37.8584, -1.1202 ], [ 37.8086, -1.1211 ], [ 37.7937, -1.1252 ] ] ] } },
{ "type": "Feature", "properties": { "iso3": "KEN", "unit_id": "43622606B10661852585718", "unit_name": "Kitui Rural" }, "geometry": { "type": "Polygon", "coordinates": [ [ [ 37.7937, -1.1252 ], [ 37.7336, -1.08 ], [ 37.5957, -1.0868 ], [ 37.5977, -1.1307 ], [ 37.6018, -1.1323 ], [ 37.6061, -1.1423 ], [ 37.611, -1.1404 ], [ 37.6258, -1.1491 ], [ 37.6385, -1.1687 ], [ 37.6499, -1.1972 ], [ 37.6548, -1.2003 ], [ 37.6761, -1.2314 ], [ 37.6878, -1.2385 ], [ 37.6891, -1.2482 ], [ 37.6936, -1.2491 ], [ 37.6969, -1.2683 ], [ 37.7026, -1.272 ], [ 37.7086, -1.2886 ], [ 37.7136, -1.2903 ], [ 37.7137, -1.2985 ], [ 37.7174, -1.2995 ], [ 37.7216, -1.3119 ], [ 37.725, -1.3135 ], [ 37.7241, -1.322 ], [ 37.7325, -1.3358 ], [ 37.7326, -1.3411 ], [ 37.738, -1.3421 ], [ 37.7399, -1.3476 ], [ 37.7443, -1.3498 ], [ 37.7448, -1.3563 ], [ 37.7657, -1.3549 ], [ 37.7757, -1.36 ], [ 37.7813, -1.3717 ], [ 37.7898, -1.3752 ], [ 37.7973, -1.3876 ], [ 37.7984, -1.3956 ], [ 37.8043, -1.3934 ], [ 37.8077, -1.4183 ], [ 37.8128, -1.4266 ], [ 37.8129, -1.4386 ], [ 37.8195, -1.4459 ], [ 37.8086, -1.448 ], [ 37.7979, -1.4555 ], [ 37.781, -1.4709 ], [ 37.7738, -1.4863 ], [ 37.7326, -1.4961 ], [ 37.7072, -1.4888 ], [ 37.6951, -1.4976 ], [ 37.7012, -1.5078 ], [ 37.714, -1.51 ], [ 37.7345, -1.5442 ], [ 37.7426, -1.5533 ], [ 37.7503, -1.5544 ], [ 37.7601, -1.576 ], [ 37.7727, -1.5836 ], [ 37.7844, -1.6113 ], [ 37.801, -1.6347 ], [ 37.8038, -1.6422 ], [ 37.8013, -1.6476 ], [ 37.8061, -1.6488 ], [ 37.8051, -1.6532 ], [ 37.821, -1.6649 ], [ 37.8199, -1.68 ], [ 37.8307, -1.6808 ], [ 37.8327, -1.6888 ], [ 37.8374, -1.6895 ], [ 37.8349, -1.7093 ], [ 37.8452, -1.7123 ], [ 37.8451, -1.7233 ], [ 37.8506, -1.7302 ], [ 37.8559, -1.754 ], [ 37.8514, -1.7685 ], [ 37.8411, -1.7669 ], [ 37.8391, -1.7784 ], [ 37.8474, -1.7963 ], [ 37.8809, -1.8316 ], [ 37.8926, -1.8384 ], [ 37.8849, -1.8516 ], [ 37.8877, -1.859 ], [ 37.901, -1.8624 ], [ 37.8991, -1.8685 ], [ 37.9023, -1.878 ], [ 37.915, -1.8756 ], [ 37.9233, -1.8777 ], [ 37.9283, -1.8743 ], [ 37.9566, -1.872 ], [ 37.9553, -1.8775 ], [ 37.9629, -1.8893 ], [ 37.9904, -1.8961 ], [ 38.0137, -1.888 ], [ 38.0239, -1.8916 ], [ 38.0321, -1.8902 ], [ 38.0447, -1.8953 ], [ 38.0501, -1.8888 ], [ 38.0729, -1.887 ], [ 38.078, -1.8825 ], [ 38.0772, -1.8758 ], [ 38.0711, -1.8776 ], [ 38.0688, -1.8734 ], [ 38.0653, -1.8752 ], [ 38.061, -1.8701 ], [ 38.0624, -1.8631 ], [ 38.0589, -1.864 ], [ 38.0583, -1.8597 ], [ 38.0546, -1.8607 ], [ 38.0516, -1.8573 ], [ 38.0521, -1.86 ], [ 38.0493, -1.8604 ], [ 38.047, -1.8577 ], [ 38.0493, -1.8506 ], [ 38.0432, -1.8517 ], [ 38.0418, -1.8421 ], [ 38.0356, -1.8381 ], [ 38.0334, -1.8322 ], [ 38.0275, -1.8383 ], [ 38.0288, -1.8341 ], [ 38.0225, -1.8338 ], [ 38.0194, -1.825 ], [ 38.0211, -1.8216 ], [ 38.0165, -1.8194 ], [ 38.0185, -1.8112 ], [ 38.0158, -1.8105 ], [ 38.0173, -1.8077 ], [ 38.0127, -1.7952 ], [ 38.0051, -1.7915 ], [ 38.0075, -1.7865 ], [ 38.0007, -1.7723 ], [ 38.0058, -1.7657 ], [ 37.9971, -1.7578 ], [ 37.9988, -1.7539 ], [ 37.9958, -1.7516 ], [ 38.0048, -1.751 ], [ 38.0085, -1.7474 ], [ 38.0104, -1.7399 ], [ 38.006, -1.7328 ], [ 38.0071, -1.7291 ], [ 37.9833, -1.7319 ], [ 37.9863, -1.7194 ], [ 37.9833, -1.7169 ], [ 37.976, -1.7179 ], [ 37.9745, -1.7027 ], [ 37.9678, -1.7011 ], [ 37.9677, -1.6957 ], [ 37.9596, -1.6889 ], [ 37.9596, -1.6851 ], [ 37.9514, -1.6823 ], [ 37.9594, -1.6614 ], [ 37.9746, -1.6406 ], [ 37.9989, -1.6203 ], [ 38.0505, -1.6098 ], [ 38.0658, -1.6158 ], [ 38.0925, -1.6082 ], [ 38.1532, -1.6045 ], [ 38.1547, -1.5873 ], [ 38.1479, -1.5689 ], [ 38.1416, -1.5728 ], [ 38.1387, -1.5676 ], [ 38.1282, -1.5609 ], [ 38.1213, -1.5406 ], [ 38.1104, -1.5237 ], [ 38.0874, -1.5039 ], [ 38.0718, -1.4782 ], [ 38.0475, -1.4542 ], [ 38.0412, -1.4417 ], [ 38.037, -1.4517 ], [ 38.0373, -1.4646 ], [ 38.0304, -1.4986 ], [ 37.9865, -1.4828 ], [ 37.9714, -1.4926 ], [ 37.9632, -1.5171 ], [ 37.9655, -1.527 ], [ 37.9721, -1.5332 ], [ 37.9706, -1.5471 ], [ 37.9605, -1.5582 ], [ 37.9564, -1.5694 ], [ 37.9491, -1.569 ], [ 37.9511, -1.5721 ], [ 37.9448, -1.5817 ], [ 37.9517, -1.6111 ], [ 37.9436, -1.6231 ], [ 37.886, -1.6176 ], [ 37.8809, -1.5929 ], [ 37.8842, -1.5883 ], [ 37.8798, -1.5805 ], [ 37.8794, -1.5529 ], [ 37.8817, -1.5496 ], [ 37.8795, -1.5471 ], [ 37.8804, -1.5425 ], [ 37.8846, -1.5408 ], [ 37.8834, -1.5318 ], [ 37.8865, -1.5267 ], [ 37.8997, -1.5205 ], [ 37.8976, -1.507 ], [ 37.9002, -1.5053 ], [ 37.8864, -1.5016 ], [ 37.8871, -1.4943 ], [ 37.8838, -1.4874 ], [ 37.8872, -1.4798 ], [ 37.8812, -1.4755 ], [ 37.8794, -1.4642 ], [ 37.8816, -1.4598 ], [ 37.879, -1.4516 ], [ 37.8817, -1.4486 ], [ 37.8789, -1.4455 ], [ 37.882, -1.4351 ], [ 37.8785, -1.4245 ], [ 37.8762, -1.3862 ], [ 37.872, -1.3802 ], [ 37.8736, -1.3778 ], [ 37.8686, -1.3696 ], [ 37.8677, -1.3606 ], [ 37.8614, -1.3574 ], [ 37.8639, -1.3541 ], [ 37.8602, -1.3518 ], [ 37.8291, -1.3528 ], [ 37.8189, -1.3171 ], [ 37.7815, -1.2762 ], [ 37.7758, -1.2515 ], [ 37.7762, -1.1897 ], [ 37.7735, -1.1831 ], [ 37.7773, -1.1482 ], [ 37.7937, -1.1252 ] ] ] } },
{ "type": "Feature", "properties": { "iso3": "KEN", "unit_id": "43622606B76724879240892", "unit_name": "Kitui Central" }, "geometry": { "type": "Polygon", "coordinates": [ [ [ 38.0677, -1.1591 ], [ 38.0722, -1.1888 ], [ 38.07, -1.2042 ], [ 38.0569, -1.1994 ], [ 38.0292, -1.2021 ], [ 38.034, -1.219 ], [ 38.0308, -1.234 ], [ 38.0276, -1.2365 ], [ 38.0249, -1.2613 ], [ 38.0315, -1.2652 ], [ 38.0307, -1.2722 ], [ 38.0367, -1.2769 ], [ 38.0375, -1.2836 ], [ 38.0214, -1.2909 ], [ 38.0192, -1.3027 ], [ 38.012, -1.31 ], [ 38.0119, -1.3154 ], [ 38.0083, -1.315 ], [ 38.0042, -1.3196 ], [ 37.9919, -1.3199 ], [ 37.9683, -1.3391 ], [ 37.9582, -1.3369 ], [ 37.9517, -1.3445 ], [ 37.9453, -1.3403 ], [ 37.941, -1.3446 ], [ 37.94, -1.3414 ], [ 37.9345, -1.3439 ], [ 37.9295, -1.34 ], [ 37.9238, -1.346 ], [ 37.9209, -1.3439 ], [ 37.9114, -1.3491 ], [ 37.9064, -1.3448 ], [ 37.9017, -1.3548 ], [ 37.8995, -1.3495 ], [ 37.8977, -1.3521 ], [ 37.8872, -1.3527 ], [ 37.8763, -1.3504 ], [ 37.8714, -1.3528 ], [ 37.8737, -1.3609 ], [ 37.8677, -1.3606 ], [ 37.8686, -1.3696 ], [ 37.8736, -1.3778 ], [ 37.872, -1.3802 ], [ 37.8762, -1.3862 ], [ 37.8785, -1.4245 ], [ 37.882, -1.4351 ], [ 37.8789, -1.4455 ], [ 37.8817, -1.4486 ], [ 37.879, -1.4516 ], [ 37.8816, -1.4598 ], [ 37.8794, -1.4642 ], [ 37.8812, -1.4755 ], [ 37.8872, -1.4798 ], [ 37.8838, -1.4874 ], [ 37.8871, -1.4943 ], [ 37.8864, -1.5016 ], [ 37.9002, -1.5053 ], [ 37.8976, -1.507 ], [ 37.8997, -1.5205 ], [ 37.8865, -1.5267 ], [ 37.8834, -1.5318 ], [ 37.8846, -1.5408 ], [ 37.8804, -1.5425 ], [ 37.8795, -1.5471 ], [ 37.8817, -1.5496 ], [ 37.8794, -1.5529 ], [ 37.8798, -1.5805 ], [ 37.8842, -1.5883 ], [ 37.8809, -1.5929 ], [ 37.886, -1.6176 ], [ 37.9436, -1.6231 ], [ 37.9517, -1.6111 ], [ 37.9448, -1.5817 ], [ 37.9511, -1.5721 ], [ 37.9491, -1.569 ], [ 37.9564, -1.5694 ], [ 37.9605, -1.5582 ], [ 37.9706, -1.5471 ], [ 37.9721, -1.5332 ], [ 37.9655, -1.527 ], [ 37.9632, -1.5171 ], [ 37.9651, -1.5059 ], [ 37.9748, -1.4884 ], [ 37.9865, -1.4828 ], [ 38.0304, -1.4986 ], [ 38.0373, -1.4646 ], [ 38.037, -1.4517 ], [ 38.0412, -1.4417 ], [ 38.0391, -1.4302 ], [ 38.041, -1.4153 ], [ 38.0157, -1.4019 ], [ 38.0097, -1.39 ], [ 37.9916, -1.402 ], [ 37.9939, -1.4001 ], [ 37.9907, -1.3957 ], [ 38.0078, -1.3745 ], [ 38.024, -1.3687 ], [ 38.0323, -1.3742 ], [ 38.0463, -1.3747 ], [ 38.0533, -1.3819 ], [ 38.0621, -1.379 ], [ 38.0682, -1.3823 ], [ 38.0704, -1.3797 ], [ 38.0773, -1.3811 ], [ 38.0769, -1.3837 ], [ 38.0951, -1.3795 ], [ 38.1059, -1.3808 ], [ 38.1152, -1.3703 ], [ 38.1189, -1.3575 ], [ 38.1171, -1.3504 ], [ 38.1232, -1.3381 ], [ 38.1291, -1.3471 ], [ 38.1475, -1.3462 ], [ 38.157, -1.3498 ], [ 38.1673, -1.3467 ], [ 38.1729, -1.3544 ], [ 38.1816, -1.3563 ], [ 38.1827, -1.3496 ], [ 38.1757, -1.3362 ], [ 38.169, -1.2996 ], [ 38.1654, -1.2979 ], [ 38.1528, -1.235 ], [ 38.1515, -1.2092 ], [ 38.1561, -1.151 ], [ 38.0677, -1.1591 ] ] ] } },
{ "type": "Feature", "properties": { "iso3": "KEN", "unit_id": "43622606B14047571826326", "unit_name": "Kitui East" }, "geometry": { "type": "Polygon", "coordinates": [ [ [ 38.9632, -1.0777 ], [ 38.9411, -1.0755 ], [ 38.9318, -1.0812 ], [ 38.9198, -1.0771 ], [ 38.8995, -1.0814 ], [ 38.8837, -1.0946 ], [ 38.8686, -1.0917 ], [ 38.8642, -1.0961 ], [ 38.8539, -1.0978 ], [ 38.8273, -1.0936 ], [ 38.815, -1.0814 ], [ 38.7881, -1.083 ], [ 38.7799, -1.0886 ], [ 38.7786, -1.0855 ], [ 38.7677, -1.0816 ], [ 38.7415, -1.0893 ], [ 38.727, -1.0809 ], [ 38.6989, -1.0935 ], [ 38.6796, -1.0917 ], [ 38.6626, -1.0812 ], [ 38.6454, -1.0828 ], [ 38.6308, -1.0866 ], [ 38.6188, -1.0941 ], [ 38.61, -1.1045 ], [ 38.5427, -1.1019 ], [ 38.5169, -1.1596 ], [ 38.4877, -1.1524 ], [ 38.4874, -1.1594 ], [ 38.4777, -1.1626 ], [ 38.4697, -1.1749 ], [ 38.4617, -1.1743 ], [ 38.447, -1.1633 ], [ 38.4369, -1.1663 ], [ 38.4311, -1.1551 ], [ 38.426, -1.153 ], [ 38.4187, -1.1542 ], [ 38.4144, -1.1608 ], [ 38.4068, -1.1592 ], [ 38.3974, -1.1641 ], [ 38.3226, -1.1702 ], [ 38.3188, -1.1873 ], [ 38.3131, -1.1876 ], [ 38.3083, -1.1827 ], [ 38.2902, -1.1851 ], [ 38.2739, -1.1899 ], [ 38.2731, -1.1957 ], [ 38.2644, -1.1934 ], [ 38.25, -1.2016 ], [ 38.2403, -1.203 ], [ 38.2348, -1.1969 ], [ 38.2293, -1.1778 ], [ 38.219, -1.1665 ], [ 38.1561, -1.151 ], [ 38.1515, -1.2092 ], [ 38.1528, -1.235 ], [ 38.1654, -1.2979 ], [ 38.169, -1.2996 ], [ 38.1757, -1.3362 ], [ 38.1827, -1.3496 ], [ 38.1816, -1.3563 ], [ 38.1729, -1.3544 ], [ 38.1673, -1.3467 ], [ 38.157, -1.3498 ], [ 38.1475, -1.3462 ], [ 38.1291, -1.3471 ], [ 38.122, -1.3384 ], [ 38.1171, -1.3504 ], [ 38.1189, -1.3575 ], [ 38.1152, -1.3703 ], [ 38.1059, -1.3808 ], [ 38.0951, -1.3795 ], [ 38.0769, -1.3837 ], [ 38.0773, -1.3811 ], [ 38.0704, -1.3797 ], [ 38.0682, -1.3823 ], [ 38.0621, -1.379 ], [ 38.0533, -1.3819 ], [ 38.0463, -1.3747 ], [ 38.0323, -1.3742 ], [ 38.024, -1.3687 ], [ 38.0078, -1.3745 ], [ 37.9991, -1.3828 ], [ 37.9983, -1.3885 ], [ 37.9907, -1.3957 ], [ 37.9939, -1.4001 ], [ 37.9916, -1.402 ], [ 38.0097, -1.39 ], [ 38.0157, -1.4019 ], [ 38.041, -1.4153 ], [ 38.0391, -1.4302 ], [ 38.0475, -1.4542 ], [ 38.0718, -1.4782 ], [ 38.0874, -1.5039 ], [ 38.1104, -1.5237 ], [ 38.1213, -1.5406 ], [ 38.1282, -1.5609 ], [ 38.1387, -1.5676 ], [ 38.1416, -1.5728 ], [ 38.1479, -1.5689 ], [ 38.1547, -1.5873 ], [ 38.1532, -1.6045 ], [ 38.1626, -1.6247 ], [ 38.2045, -1.6758 ], [ 38.2414, -1.7361 ], [ 38.3426, -1.74 ], [ 38.36, -1.7447 ], [ 38.3719, -1.7383 ], [ 38.3779, -1.7398 ], [ 38.3868, -1.7331 ], [ 38.3868, -1.7262 ], [ 38.393, -1.72 ], [ 38.3956, -1.7109 ], [ 38.4004, -1.7084 ], [ 38.4135, -1.7088 ], [ 38.4196, -1.7156 ], [ 38.4345, -1.7059 ], [ 38.4413, -1.709 ], [ 38.4481, -1.6922 ], [ 38.4592, -1.6866 ], [ 38.4602, -1.6782 ], [ 38.4671, -1.6739 ], [ 38.4712, -1.6594 ], [ 38.4783, -1.6602 ], [ 38.481, -1.6654 ], [ 38.4875, -1.6683 ], [ 38.4966, -1.6637 ], [ 38.6552, -1.4603 ], [ 38.6763, -1.4383 ], [ 38.9851, -1.438 ], [ 38.9632, -1.0777 ] ] ] } },
{ "type": "Feature", "properties": { "iso3": "KEN", "unit_id": "43622606B58294554636998", "unit_name": "Kitui South" }, "geometry": { "type": "Polygon", "coordinates": [ [ [ 39.0137, -1.915 ], [ 38.9579, -1.7032 ], [ 38.9798, -1.6889 ], [ 38.9873, -1.6899 ], [ 38.9994, -1.6786 ], [ 38.9851, -1.438 ], [ 38.6763, -1.4383 ], [ 38.6552, -1.4603 ], [ 38.4966, -1.6637 ], [ 38.4875, -1.6683 ], [ 38.481, -1.6654 ], [ 38.4783, -1.6602 ], [ 38.4712, -1.6594 ], [ 38.4671, -1.6739 ], [ 38.4602, -1.6782 ], [ 38.4592, -1.6866 ], [ 38.4481, -1.6922 ], [ 38.4413, -1.709 ], [ 38.4345, -1.7059 ], [ 38.4196, -1.7156 ], [ 38.4135, -1.7088 ], [ 38.4004, -1.7084 ], [ 38.3956, -1.7109 ], [ 38.393, -1.72 ], [ 38.3868, -1.7262 ], [ 38.3868, -1.7331 ], [ 38.3779, -1.7398 ], [ 38.3719, -1.7383 ], [ 38.36, -1.7447 ], [ 38.3426, -1.74 ], [ 38.2414, -1.7361 ], [ 38.2045, -1.6758 ], [ 38.1626, -1.6247 ], [ 38.1532, -1.6045 ], [ 38.0925, -1.6082 ], [ 38.0658, -1.6158 ], [ 38.0505, -1.6098 ], [ 37.9989, -1.6203 ], [ 37.9746, -1.6406 ], [ 37.9594, -1.6614 ], [ 37.9514, -1.6823 ], [ 37.9596, -1.6851 ], [ 37.9596, -1.6889 ], [ 37.9677, -1.6957 ], [ 37.9678, -1.7011 ], [ 37.9745, -1.7027 ], [ 37.976, -1.7179 ], [ 37.9833, -1.7169 ], [ 37.9863, -1.7194 ], [ 37.9833, -1.7319 ], [ 38.0071, -1.7291 ], [ 38.006, -1.7328 ], [ 38.0104, -1.7399 ], [ 38.0085, -1.7474 ], [ 38.0048, -1.751 ], [ 37.9958, -1.7516 ], [ 37.9988, -1.7539 ], [ 37.9971, -1.7578 ], [ 38.0058, -1.7657 ], [ 38.0007, -1.7723 ], [ 38.0075, -1.7865 ], [ 38.0051, -1.7915 ], [ 38.0127, -1.7952 ], [ 38.0173, -1.8077 ], [ 38.0158, -1.8105 ], [ 38.0185, -1.8112 ], [ 38.0165, -1.8194 ], [ 38.0211, -1.8216 ], [ 38.0194, -1.825 ], [ 38.0225, -1.8338 ], [ 38.0288, -1.8341 ], [ 38.0275, -1.8383 ], [ 38.0334, -1.8322 ], [ 38.0356, -1.8381 ], [ 38.0418, -1.8421 ], [ 38.0432, -1.8517 ], [ 38.0493, -1.8506 ], [ 38.047, -1.8577 ], [ 38.0493, -1.8604 ], [ 38.0521, -1.86 ], [ 38.0516, -1.8573 ], [ 38.0546, -1.8607 ], [ 38.0583, -1.8597 ], [ 38.057, -1.8626 ], [ 38.0624, -1.8631 ], [ 38.061, -1.8701 ], [ 38.0653, -1.8752 ], [ 38.0688, -1.8734 ], [ 38.0711, -1.8776 ], [ 38.0772, -1.8758 ], [ 38.0786, -1.8789 ], [ 38.0729, -1.887 ], [ 38.0501, -1.8888 ], [ 38.0447, -1.8953 ], [ 38.0321, -1.8902 ], [ 38.0239, -1.8916 ], [ 38.0137, -1.888 ], [ 37.9904, -1.8961 ], [ 37.9629, -1.8893 ], [ 37.9553, -1.8775 ], [ 37.9566, -1.872 ], [ 37.9283, -1.8743 ], [ 37.9233, -1.8777 ], [ 37.915, -1.8756 ], [ 37.9023, -1.878 ], [ 37.9071, -1.8927 ], [ 37.9058, -1.9022 ], [ 37.9187, -1.903 ], [ 37.9182, -1.909 ], [ 37.9131, -1.9131 ], [ 37.9107, -1.9204 ], [ 37.9123, -1.9261 ], [ 37.9094, -1.9326 ], [ 37.9167, -1.9475 ], [ 37.914, -1.9549 ], [ 37.9252, -1.9856 ], [ 37.9302, -1.9909 ], [ 37.9285, -1.9954 ], [ 37.9374, -2.0016 ], [ 37.9362, -2.0079 ], [ 37.9412, -2.0113 ], [ 37.9391, -2.0195 ], [ 37.9439, -2.0228 ], [ 37.9391, -2.0331 ], [ 37.9441, -2.0373 ], [ 37.9513, -2.0374 ], [ 37.9554, -2.0495 ], [ 37.9546, -2.0577 ], [ 37.9592, -2.0642 ], [ 37.9597, -2.1019 ], [ 37.9538, -2.1328 ], [ 37.9635, -2.1443 ], [ 37.9645, -2.1637 ], [ 37.967, -2.1671 ], [ 37.9709, -2.1665 ], [ 38.0204, -2.1467 ], [ 38.0277, -2.1619 ], [ 38.0485, -2.1686 ], [ 38.0507, -2.1729 ], [ 38.0483, -2.1802 ], [ 38.0547, -2.1871 ], [ 38.06, -2.2064 ], [ 38.0704, -2.2144 ], [ 38.0633, -2.221 ], [ 38.069, -2.225 ], [ 38.0756, -2.2614 ], [ 38.0836, -2.2618 ], [ 38.0871, -2.2716 ], [ 38.0977, -2.2731 ], [ 38.1017, -2.2818 ], [ 38.1112, -2.2858 ], [ 38.1094, -2.3006 ], [ 38.1157, -2.3033 ], [ 38.1171, -2.3138 ], [ 38.1266, -2.3217 ], [ 38.1468, -2.3209 ], [ 38.1525, -2.3278 ], [ 38.1745, -2.3384 ], [ 38.1889, -2.3403 ], [ 38.1979, -2.3532 ], [ 38.2111, -2.3553 ], [ 38.2226, -2.3993 ], [ 38.2319, -2.4019 ], [ 38.2362, -2.4094 ], [ 38.2446, -2.4122 ], [ 38.2519, -2.4203 ], [ 38.2745, -2.4247 ], [ 38.2883, -2.4827 ], [ 38.2966, -2.4871 ], [ 38.3022, -2.4983 ], [ 38.3119, -2.5018 ], [ 38.3123, -2.512 ], [ 38.317, -2.5157 ], [ 38.3173, -2.5239 ], [ 38.3215, -2.5295 ], [ 38.3194, -2.5354 ], [ 38.3231, -2.5411 ], [ 38.3224, -2.5473 ], [ 38.3381, -2.5552 ], [ 38.3315, -2.5624 ], [ 38.3388, -2.5851 ], [ 38.3474, -2.5894 ], [ 38.3622, -2.6371 ], [ 38.3679, -2.6427 ], [ 38.3673, -2.6503 ], [ 38.3822, -2.6632 ], [ 38.3816, -2.6697 ], [ 38.3922, -2.6984 ], [ 38.4321, -2.7876 ], [ 38.4313, -2.7915 ], [ 38.4233, -2.7956 ], [ 38.4182, -2.8114 ], [ 38.4267, -2.8194 ], [ 38.4314, -2.8414 ], [ 38.4279, -2.8495 ], [ 38.4321, -2.8551 ], [ 38.4388, -2.8563 ], [ 38.4383, -2.8639 ], [ 38.4458, -2.8689 ], [ 38.4434, -2.8789 ], [ 38.4543, -2.8812 ], [ 38.4507, -2.8931 ], [ 38.4612, -2.8967 ], [ 38.4608, -2.9025 ], [ 38.4742, -2.9262 ], [ 38.4758, -2.9361 ], [ 38.4876, -2.9367 ], [ 38.4883, -2.9434 ], [ 38.4933, -2.95 ], [ 38.4922, -2.9556 ], [ 38.4979, -2.9557 ], [ 38.5048, -2.9657 ], [ 38.5095, -2.9649 ], [ 38.5152, -2.9728 ], [ 38.5307, -2.9759 ], [ 38.538, -2.9735 ], [ 38.5439, -2.9796 ], [ 38.5588, -2.9858 ], [ 38.5835, -2.9873 ], [ 38.5946, -2.9992 ], [ 38.6083, -2.9947 ], [ 38.6061, -3.004 ], [ 38.6084, -3.0065 ], [ 38.6431, -3.0129 ], [ 38.6539, -3.0251 ], [ 38.661, -3.0286 ], [ 38.6655, -3.0393 ], [ 38.7078, -3.0316 ], [ 38.7337, -3.0423 ], [ 38.7582, -3.0467 ], [ 38.7731, -3.0433 ], [ 38.7787, -3.0478 ], [ 38.8082, -3.0526 ], [ 38.8082, -3.0591 ], [ 38.8011, -3.0579 ], [ 38.798, -3.0607 ], [ 38.7989, -3.0663 ], [ 38.8036, -3.0682 ], [ 38.8194, -3.0672 ], [ 38.8263, -3.0606 ], [ 38.8357, -3.0595 ], [ 38.8411, -3.0535 ], [ 38.8474, -3.0608 ], [ 38.8625, -3.0574 ], [ 38.893, -3.0378 ], [ 38.9124, -3.043 ], [ 38.9319, -3.0399 ], [ 38.9372, -3.0344 ], [ 38.9524, -3.0385 ], [ 38.9762, -3.0393 ], [ 38.992, -3.0257 ], [ 39.0141, -3.0253 ], [ 39.0255, -3.0206 ], [ 39.037, -3.025 ], [ 39.0454, -3.0211 ], [ 39.0459, -3.0313 ], [ 39.0539, -3.0333 ], [ 39.0624, -3.041 ], [ 39.0757, -3.0409 ], [ 38.6237, -2.4125 ], [ 38.6315, -2.4122 ], [ 38.634, -2.4165 ], [ 38.6434, -2.418 ], [ 38.6611, -2.418 ], [ 38.6952, -2.4097 ], [ 38.7332, -2.3784 ], [ 38.7383, -2.3644 ], [ 38.7565, -2.3614 ], [ 38.7621, -2.3548 ], [ 38.7701, -2.3529 ], [ 38.7835, -2.3549 ], [ 38.7882, -2.351 ], [ 38.7899, -2.3425 ], [ 38.7965, -2.3407 ], [ 39.0137, -1.915 ] ] ] } },
{ "type": "Feature", "properties": { "iso3": "KEN", "unit_id": "43622606B57220677060303", "unit_name": "Masinga" }, "geometry": { "type": "Polygon", "coordinates": [ [ [ 37.2677, -0.7853 ], [ 37.2627, -0.7912 ], [ 37.2585, -0.8372 ], [ 37.2332, -0.8371 ], [ 37.2255, -0.8522 ], [ 37.2407, -0.8578 ], [ 37.2416, -0.8615 ], [ 37.2523, -0.8612 ], [ 37.2822, -0.8968 ], [ 37.3189, -0.9193 ], [ 37.3187, -0.9251 ], [ 37.3255, -0.9339 ], [ 37.3146, -0.9401 ], [ 37.3168, -0.948 ], [ 37.3279, -0.9449 ], [ 37.3304, -0.9477 ], [ 37.328, -0.9516 ], [ 37.3352, -0.9594 ], [ 37.3433, -0.9616 ], [ 37.3546, -0.9474 ], [ 37.3667, -0.9641 ], [ 37.3456, -0.9768 ], [ 37.3329, -0.9764 ], [ 37.3383, -0.9853 ], [ 37.3623, -0.9877 ], [ 37.4061, -1.012 ], [ 37.4209, -1.0336 ], [ 37.4475, -1.0103 ], [ 37.4514, -1.0016 ], [ 37.4703, -0.9972 ], [ 37.4728, -0.9861 ], [ 37.5431, -0.9938 ], [ 37.5126, -1.0421 ], [ 37.5203, -1.0565 ], [ 37.5199, -1.0657 ], [ 37.5264, -1.0764 ], [ 37.5957, -1.0868 ], [ 37.7336, -1.08 ], [ 37.7937, -1.1252 ], [ 37.8016, -1.117 ], [ 37.8082, -1.0921 ], [ 37.8189, -1.0799 ], [ 37.8206, -1.0709 ], [ 37.8311, -1.0683 ], [ 37.8481, -1.0422 ], [ 37.8463, -1.0294 ], [ 37.851, -1.0033 ], [ 37.8462, -0.9951 ], [ 37.8503, -0.9942 ], [ 37.8539, -0.9867 ], [ 37.8655, -0.9826 ], [ 37.8626, -0.9785 ], [ 37.8679, -0.9778 ], [ 37.8671, -0.9732 ], [ 37.8625, -0.9739 ], [ 37.8637, -0.969 ], [ 37.8575, -0.9659 ], [ 37.8451, -0.9648 ], [ 37.8513, -0.9593 ], [ 37.8541, -0.9623 ], [ 37.8491, -0.9526 ], [ 37.8513, -0.9505 ], [ 37.8463, -0.9473 ], [ 37.8463, -0.9411 ], [ 37.8522, -0.9389 ], [ 37.8517, -0.9358 ], [ 37.8488, -0.9362 ], [ 37.8509, -0.9329 ], [ 37.8417, -0.9275 ], [ 37.8443, -0.9241 ], [ 37.8405, -0.9237 ], [ 37.8427, -0.9199 ], [ 37.8379, -0.9202 ], [ 37.8385, -0.9098 ], [ 37.8332, -0.9126 ], [ 37.8332, -0.9078 ], [ 37.8369, -0.9056 ], [ 37.8182, -0.899 ], [ 37.8242, -0.891 ], [ 37.8199, -0.8832 ], [ 37.8257, -0.8754 ], [ 37.8242, -0.8726 ], [ 37.8272, -0.8724 ], [ 37.826, -0.8668 ], [ 37.8315, -0.8644 ], [ 37.8284, -0.8608 ], [ 37.8326, -0.8576 ], [ 37.831, -0.854 ], [ 37.8363, -0.8516 ], [ 37.837, -0.8453 ], [ 37.8446, -0.8419 ], [ 37.841, -0.835 ], [ 37.849, -0.8327 ], [ 37.8456, -0.8276 ], [ 37.8472, -0.8208 ], [ 37.8434, -0.8187 ], [ 37.8449, -0.8114 ], [ 37.8383, -0.8095 ], [ 37.8331, -0.8135 ], [ 37.8286, -0.8057 ], [ 37.8193, -0.8044 ], [ 37.8082, -0.8151 ], [ 37.8054, -0.8018 ], [ 37.7965, -0.8166 ], [ 37.7881, -0.8225 ], [ 37.7799, -0.8249 ], [ 37.7711, -0.8207 ], [ 37.758, -0.824 ], [ 37.743, -0.7785 ], [ 37.7322, -0.7745 ], [ 37.7239, -0.7804 ], [ 37.7066, -0.7815 ], [ 37.6987, -0.7846 ], [ 37.6986, -0.7891 ], [ 37.6927, -0.7914 ], [ 37.6904, -0.7968 ], [ 37.6872, -0.794 ], [ 37.6817, -0.7955 ], [ 37.6815, -0.8222 ], [ 37.6741, -0.8257 ], [ 37.671, -0.8371 ], [ 37.6644, -0.8463 ], [ 37.6568, -0.8475 ], [ 37.6462, -0.842 ], [ 37.6403, -0.8455 ], [ 37.6353, -0.8386 ], [ 37.629, -0.8386 ], [ 37.6265, -0.8516 ], [ 37.6052, -0.855 ], [ 37.6011, -0.8625 ], [ 37.5951, -0.8606 ], [ 37.5891, -0.8627 ], [ 37.5869, -0.8659 ], [ 37.5914, -0.8706 ], [ 37.5874, -0.878 ], [ 37.5753, -0.8768 ], [ 37.5641, -0.8806 ], [ 37.5589, -0.8751 ], [ 37.5514, -0.8839 ], [ 37.5451, -0.8829 ], [ 37.5322, -0.8958 ], [ 37.5355, -0.9063 ], [ 37.533, -0.9117 ], [ 37.5194, -0.916 ], [ 37.5165, -0.9142 ], [ 37.5152, -0.9021 ], [ 37.5029, -0.899 ], [ 37.4954, -0.9025 ], [ 37.4775, -0.8917 ], [ 37.4716, -0.8843 ], [ 37.4741, -0.8741 ], [ 37.4675, -0.8718 ], [ 37.4621, -0.8739 ], [ 37.459, -0.8692 ], [ 37.4474, -0.869 ], [ 37.4431, -0.8611 ], [ 37.4325, -0.8605 ], [ 37.4271, -0.8648 ], [ 37.4129, -0.8596 ], [ 37.4127, -0.8485 ], [ 37.404, -0.8497 ], [ 37.3974, -0.8546 ], [ 37.3859, -0.8502 ], [ 37.38, -0.8557 ], [ 37.3764, -0.8529 ], [ 37.3766, -0.8486 ], [ 37.3641, -0.843 ], [ 37.3509, -0.8438 ], [ 37.3503, -0.8412 ], [ 37.343, -0.8404 ], [ 37.337, -0.8449 ], [ 37.327, -0.8415 ], [ 37.3236, -0.8383 ], [ 37.326, -0.8337 ], [ 37.32, -0.8346 ], [ 37.3132, -0.8172 ], [ 37.3052, -0.8118 ], [ 37.3063, -0.8007 ], [ 37.2935, -0.7915 ], [ 37.2878, -0.7828 ], [ 37.2849, -0.781 ], [ 37.2677, -0.7853 ] ] ] } },
{ "type": "Feature", "properties": { "iso3": "KEN", "unit_id": "43622606B38537899315531", "unit_name": "Yatta" }, "geometry": { "type": "Polygon", "coordinates": [ [ [ 37.5957, -1.0868 ], [ 37.5264, -1.0764 ], [ 37.5199, -1.0657 ], [ 37.5203, -1.0565 ], [ 37.5126, -1.0421 ], [ 37.5431, -0.9938 ], [ 37.4728, -0.9861 ], [ 37.4703, -0.9972 ], [ 37.4514, -1.0016 ], [ 37.4475, -1.0103 ], [ 37.3875, -1.0576 ], [ 37.3426, -1.1169 ], [ 37.3533, -1.129 ], [ 37.3622, -1.1286 ], [ 37.3656, -1.1363 ], [ 37.3637, -1.1404 ], [ 37.3825, -1.161 ], [ 37.3857, -1.1613 ], [ 37.3876, -1.1672 ], [ 37.3949, -1.1711 ], [ 37.4089, -1.1689 ], [ 37.4082, -1.1758 ], [ 37.4117, -1.1828 ], [ 37.4189, -1.1842 ], [ 37.4193, -1.1932 ], [ 37.4312, -1.1983 ], [ 37.4301, -1.2067 ], [ 37.436, -1.209 ], [ 37.4451, -1.2206 ], [ 37.4509, -1.2172 ], [ 37.4512, -1.2227 ], [ 37.4558, -1.2229 ], [ 37.4614, -1.2308 ], [ 37.4749, -1.2313 ], [ 37.4868, -1.2507 ], [ 37.5014, -1.2526 ], [ 37.5059, -1.2605 ], [ 37.5134, -1.2636 ], [ 37.5404, -1.3063 ], [ 37.5552, -1.3052 ], [ 37.5626, -1.3156 ], [ 37.58, -1.3174 ], [ 37.5877, -1.3297 ], [ 37.5962, -1.3312 ], [ 37.6146, -1.3605 ], [ 37.6157, -1.3722 ], [ 37.6249, -1.3766 ], [ 37.6217, -1.382 ], [ 37.6272, -1.3833 ], [ 37.6276, -1.3949 ], [ 37.6374, -1.4007 ], [ 37.6457, -1.4113 ], [ 37.6451, -1.4244 ], [ 37.6522, -1.4376 ], [ 37.6522, -1.4475 ], [ 37.6666, -1.452 ], [ 37.6729, -1.4573 ], [ 37.6728, -1.4639 ], [ 37.681, -1.4646 ], [ 37.6885, -1.4724 ], [ 37.6957, -1.4861 ], [ 37.6951, -1.4976 ], [ 37.7072, -1.4888 ], [ 37.7326, -1.4961 ], [ 37.7738, -1.4863 ], [ 37.781, -1.4709 ], [ 37.7979, -1.4555 ], [ 37.8086, -1.448 ], [ 37.8195, -1.4459 ], [ 37.8129, -1.4386 ], [ 37.8128, -1.4266 ], [ 37.8077, -1.4183 ], [ 37.8043, -1.3934 ], [ 37.7984, -1.3956 ], [ 37.7973, -1.3876 ], [ 37.7898, -1.3752 ], [ 37.7813, -1.3717 ], [ 37.7757, -1.36 ], [ 37.7657, -1.3549 ], [ 37.7448, -1.3563 ], [ 37.7443, -1.3498 ], [ 37.7399, -1.3476 ], [ 37.738, -1.3421 ], [ 37.7326, -1.3411 ], [ 37.7325, -1.3358 ], [ 37.7241, -1.322 ], [ 37.725, -1.3135 ], [ 37.7216, -1.3119 ], [ 37.7174, -1.2995 ], [ 37.7137, -1.2985 ], [ 37.7136, -1.2903 ], [ 37.7086, -1.2886 ], [ 37.7026, -1.272 ], [ 37.6969, -1.2683 ], [ 37.6936, -1.2491 ], [ 37.6891, -1.2482 ], [ 37.6878, -1.2385 ], [ 37.6761, -1.2314 ], [ 37.6548, -1.2003 ], [ 37.6499, -1.1972 ], [ 37.6385, -1.1687 ], [ 37.6258, -1.1491 ], [ 37.611, -1.1404 ], [ 37.6061, -1.1423 ], [ 37.6018, -1.1323 ], [ 37.5977, -1.1307 ], [ 37.5957, -1.0868 ] ] ] } },
{ "type": "Feature", "properties": { "iso3": "KEN", "unit_id": "43622606B48675607374232", "unit_name": "Kangundo" }, "geometry": { "type": "Polygon", "coordinates": [ [ [ 37.3577, -1.4273 ], [ 37.3651, -1.4096 ], [ 37.3776, -1.4102 ], [ 37.3838, -1.4016 ], [ 37.3935, -1.399 ], [ 37.4035, -1.4002 ], [ 37.4077, -1.4054 ], [ 37.4064, -1.3847 ], [ 37.4037, -1.3829 ], [ 37.4075, -1.3776 ], [ 37.4039, -1.3711 ], [ 37.4104, -1.3644 ], [ 37.4083, -1.3606 ], [ 37.4102, -1.3547 ], [ 37.424, -1.3449 ], [ 37.4196, -1.3224 ], [ 37.412, -1.3139 ], [ 37.4055, -1.299 ], [ 37.3998, -1.2954 ], [ 37.3989, -1.2872 ], [ 37.3917, -1.2774 ], [ 37.3924, -1.2685 ], [ 37.3853, -1.2701 ], [ 37.3788, -1.2651 ], [ 37.3678, -1.2628 ], [ 37.3646, -1.2584 ], [ 37.3555, -1.258 ], [ 37.3479, -1.2651 ], [ 37.3495, -1.2687 ], [ 37.3449, -1.2733 ], [ 37.3377, -1.2713 ], [ 37.3314, -1.278 ], [ 37.3281, -1.2762 ], [ 37.3231, -1.2996 ], [ 37.326, -1.3025 ], [ 37.3175, -1.3067 ], [ 37.3034, -1.3064 ], [ 37.2956, -1.3112 ], [ 37.286, -1.3253 ], [ 37.2796, -1.3251 ], [ 37.2731, -1.3304 ], [ 37.2767, -1.3295 ], [ 37.2829, -1.3396 ], [ 37.2917, -1.3425 ], [ 37.3006, -1.359 ], [ 37.3039, -1.3586 ], [ 37.304, -1.3632 ], [ 37.3082, -1.3636 ], [ 37.3077, -1.3677 ], [ 37.3161, -1.3762 ], [ 37.3147, -1.3784 ], [ 37.319, -1.3794 ], [ 37.3197, -1.3863 ], [ 37.3239, -1.3848 ], [ 37.3323, -1.3918 ], [ 37.3331, -1.4027 ], [ 37.3397, -1.4104 ], [ 37.3432, -1.4093 ], [ 37.3409, -1.4134 ], [ 37.3447, -1.4215 ], [ 37.3577, -1.4273 ] ] ] } },
{ "type": "Feature", "properties": { "iso3": "KEN", "unit_id": "43622606B40146984220500", "unit_name": "Matungulu" }, "geometry": { "type": "Polygon", "coordinates": [ [ [ 37.3533, -1.129 ], [ 37.3262, -1.0971 ], [ 37.319, -1.0935 ], [ 37.2987, -1.0719 ], [ 37.2804, -1.0651 ], [ 37.2625, -1.0676 ], [ 37.2499, -1.0775 ], [ 37.2323, -1.0734 ], [ 37.2113, -1.078 ], [ 37.1919, -1.093 ], [ 37.1879, -1.104 ], [ 37.1751, -1.1141 ], [ 37.1817, -1.1312 ], [ 37.1869, -1.1357 ], [ 37.1808, -1.1543 ], [ 37.1823, -1.1638 ], [ 37.1741, -1.1714 ], [ 37.1657, -1.1866 ], [ 37.1557, -1.1931 ], [ 37.1596, -1.203 ], [ 37.153, -1.207 ], [ 37.1559, -1.2108 ], [ 37.1552, -1.2179 ], [ 37.1523, -1.2222 ], [ 37.1404, -1.2241 ], [ 37.1349, -1.2313 ], [ 37.1208, -1.2326 ], [ 37.1187, -1.2452 ], [ 37.1094, -1.2448 ], [ 37.1093, -1.2573 ], [ 37.1018, -1.2591 ], [ 37.1021, -1.2686 ], [ 37.1291, -1.2984 ], [ 37.1446, -1.2979 ], [ 37.169, -1.3452 ], [ 37.2193, -1.3468 ], [ 37.2182, -1.2999 ], [ 37.2288, -1.2929 ], [ 37.2522, -1.2973 ], [ 37.2599, -1.3134 ], [ 37.2744, -1.3259 ], [ 37.2731, -1.3304 ], [ 37.2796, -1.3251 ], [ 37.286, -1.3253 ], [ 37.2956, -1.3112 ], [ 37.3034, -1.3064 ], [ 37.3175, -1.3067 ], [ 37.326, -1.3025 ], [ 37.3231, -1.2996 ], [ 37.3281, -1.2762 ], [ 37.3314, -1.278 ], [ 37.3377, -1.2713 ], [ 37.3449, -1.2733 ], [ 37.3495, -1.2687 ], [ 37.3479, -1.2651 ], [ 37.3555, -1.258 ], [ 37.3646, -1.2584 ], [ 37.3734, -1.2659 ], [ 37.3742, -1.2466 ], [ 37.369, -1.2422 ], [ 37.364, -1.2255 ], [ 37.3443, -1.193 ], [ 37.3426, -1.1842 ], [ 37.347, -1.167 ], [ 37.35, -1.1725 ], [ 37.3651, -1.1758 ], [ 37.3803, -1.1579 ], [ 37.3637, -1.1404 ], [ 37.3656, -1.1363 ], [ 37.3622, -1.1286 ], [ 37.3533, -1.129 ] ] ] } },
{ "type": "Feature", "properties": { "iso3": "KEN", "unit_id": "43622606B65379917324270", "unit_name": "Kathiani" }, "geometry": { "type": "Polygon", "coordinates": [ [ [ 37.2731, -1.3304 ], [ 37.2744, -1.3259 ], [ 37.2599, -1.3134 ], [ 37.2522, -1.2973 ], [ 37.2288, -1.2929 ], [ 37.2182, -1.2999 ], [ 37.2204, -1.4012 ], [ 37.2316, -1.4011 ], [ 37.2386, -1.3894 ], [ 37.2429, -1.3873 ], [ 37.2531, -1.3839 ], [ 37.2631, -1.3859 ], [ 37.2564, -1.3952 ], [ 37.2575, -1.4037 ], [ 37.2752, -1.4227 ], [ 37.2759, -1.4364 ], [ 37.2813, -1.4408 ], [ 37.2806, -1.4528 ], [ 37.284, -1.4544 ], [ 37.2934, -1.4807 ], [ 37.2924, -1.4943 ], [ 37.3046, -1.5046 ], [ 37.314, -1.4979 ], [ 37.3324, -1.5143 ], [ 37.3382, -1.5138 ], [ 37.3397, -1.5167 ], [ 37.3324, -1.5207 ], [ 37.3304, -1.5269 ], [ 37.3359, -1.5311 ], [ 37.3439, -1.5301 ], [ 37.3421, -1.5268 ], [ 37.346, -1.5279 ], [ 37.3452, -1.5233 ], [ 37.3563, -1.5222 ], [ 37.3496, -1.5398 ], [ 37.3501, -1.5483 ], [ 37.3538, -1.5471 ], [ 37.3608, -1.5329 ], [ 37.3642, -1.5356 ], [ 37.377, -1.5206 ], [ 37.3872, -1.5175 ], [ 37.3706, -1.4958 ], [ 37.3673, -1.4961 ], [ 37.3687, -1.4882 ], [ 37.3649, -1.4842 ], [ 37.3692, -1.4813 ], [ 37.3697, -1.4714 ], [ 37.3641, -1.461 ], [ 37.3669, -1.4605 ], [ 37.3685, -1.4544 ], [ 37.3619, -1.4504 ], [ 37.3659, -1.4361 ], [ 37.359, -1.4355 ], [ 37.3614, -1.4334 ], [ 37.3591, -1.4269 ], [ 37.3564, -1.4282 ], [ 37.3447, -1.4215 ], [ 37.3409, -1.4134 ], [ 37.3432, -1.4093 ], [ 37.3397, -1.4104 ], [ 37.3331, -1.4027 ], [ 37.3323, -1.3918 ], [ 37.3239, -1.3848 ], [ 37.3197, -1.3863 ], [ 37.319, -1.3794 ], [ 37.3147, -1.3784 ], [ 37.3161, -1.3762 ], [ 37.3077, -1.3677 ], [ 37.3082, -1.3636 ], [ 37.304, -1.3632 ], [ 37.3039, -1.3586 ], [ 37.3006, -1.359 ], [ 37.2917, -1.3425 ], [ 37.2829, -1.3396 ], [ 37.2767, -1.3295 ], [ 37.2731, -1.3304 ] ] ] } },
{ "type": "Feature", "properties": { "iso3": "KEN", "unit_id": "43622606B40534581337856", "unit_name": "Mavoko" }, "geometry": { "type": "Polygon", "coordinates": [ [ [ 37.1021, -1.2686 ], [ 37.1008, -1.2727 ], [ 37.0968, -1.2711 ], [ 37.0865, -1.2752 ], [ 37.0826, -1.2824 ], [ 37.0772, -1.2817 ], [ 37.0724, -1.2927 ], [ 37.0757, -1.301 ], [ 37.026, -1.2895 ], [ 37.0019, -1.2984 ], [ 36.9948, -1.2791 ], [ 36.9738, -1.2872 ], [ 36.9836, -1.3125 ], [ 36.9658, -1.3518 ], [ 36.9604, -1.346 ], [ 36.9339, -1.3364 ], [ 36.9056, -1.3618 ], [ 36.9135, -1.3708 ], [ 36.9227, -1.392 ], [ 36.9277, -1.3919 ], [ 36.9426, -1.4021 ], [ 36.9479, -1.4215 ], [ 36.9621, -1.4364 ], [ 36.9608, -1.4421 ], [ 36.9556, -1.4349 ], [ 36.9314, -1.4305 ], [ 36.8899, -1.4123 ], [ 36.8783, -1.4756 ], [ 36.8842, -1.4847 ], [ 36.9202, -1.4617 ], [ 36.9232, -1.4563 ], [ 36.9309, -1.4569 ], [ 36.9369, -1.4528 ], [ 36.9495, -1.4551 ], [ 36.9474, -1.4592 ], [ 36.9776, -1.4748 ], [ 36.9709, -1.4891 ], [ 36.9743, -1.4988 ], [ 36.9627, -1.5108 ], [ 36.963, -1.5258 ], [ 36.9573, -1.5327 ], [ 36.9572, -1.5423 ], [ 36.9662, -1.5533 ], [ 36.9776, -1.5531 ], [ 36.996, -1.581 ], [ 36.9908, -1.5849 ], [ 37.0004, -1.5973 ], [ 37.0065, -1.5927 ], [ 37.029, -1.6229 ], [ 37.1397, -1.5616 ], [ 37.1657, -1.5748 ], [ 37.1767, -1.553 ], [ 37.1711, -1.5314 ], [ 37.1435, -1.5312 ], [ 37.1414, -1.5081 ], [ 37.1476, -1.5035 ], [ 37.1586, -1.5045 ], [ 37.1697, -1.4828 ], [ 37.1759, -1.4834 ], [ 37.1883, -1.4774 ], [ 37.1849, -1.4644 ], [ 37.1794, -1.4652 ], [ 37.1795, -1.4595 ], [ 37.1854, -1.4566 ], [ 37.1885, -1.4593 ], [ 37.1883, -1.455 ], [ 37.1949, -1.4517 ], [ 37.1962, -1.4457 ], [ 37.1903, -1.4369 ], [ 37.1954, -1.4308 ], [ 37.1895, -1.4236 ], [ 37.1956, -1.4168 ], [ 37.1976, -1.421 ], [ 37.2017, -1.4195 ], [ 37.1869, -1.3997 ], [ 37.1947, -1.3911 ], [ 37.198, -1.3839 ], [ 37.1979, -1.3736 ], [ 37.2079, -1.3599 ], [ 37.2192, -1.3592 ], [ 37.2193, -1.3468 ], [ 37.169, -1.3452 ], [ 37.1446, -1.2979 ], [ 37.1291, -1.2984 ], [ 37.1021, -1.2686 ] ] ] } },
{ "type": "Feature", "properties": { "iso3": "KEN", "unit_id": "43622606B73329895984045", "unit_name": "Machakos Town" }, "geometry": { "type": "Polygon", "coordinates": [ [ [ 37.2192, -1.3592 ], [ 37.2079, -1.3599 ], [ 37.1979, -1.3736 ], [ 37.198, -1.3839 ], [ 37.1947, -1.3911 ], [ 37.1869, -1.3997 ], [ 37.2017, -1.4195 ], [ 37.1976, -1.421 ], [ 37.1956, -1.4168 ], [ 37.1895, -1.4236 ], [ 37.1954, -1.4308 ], [ 37.1903, -1.4369 ], [ 37.1962, -1.4457 ], [ 37.1949, -1.4517 ], [ 37.1883, -1.455 ], [ 37.1885, -1.4593 ], [ 37.1854, -1.4566 ], [ 37.1795, -1.4595 ], [ 37.1794, -1.4652 ], [ 37.1849, -1.4644 ], [ 37.1883, -1.4774 ], [ 37.1759, -1.4834 ], [ 37.1697, -1.4828 ], [ 37.1586, -1.5045 ], [ 37.1476, -1.5035 ], [ 37.1414, -1.5081 ], [ 37.1435, -1.5312 ], [ 37.1711, -1.5314 ], [ 37.1767, -1.553 ], [ 37.1657, -1.5748 ], [ 37.1397, -1.5616 ], [ 37.029, -1.6229 ], [ 37.1116, -1.7333 ], [ 37.1322, -1.7425 ], [ 37.1411, -1.7357 ], [ 37.1475, -1.7375 ], [ 37.1486, -1.7583 ], [ 37.1585, -1.7638 ], [ 37.152, -1.776 ], [ 37.1547, -1.7778 ], [ 37.1657, -1.7609 ], [ 37.1764, -1.7536 ], [ 37.1966, -1.7199 ], [ 37.192, -1.6527 ], [ 37.1751, -1.6169 ], [ 37.2319, -1.5889 ], [ 37.2515, -1.5919 ], [ 37.2523, -1.6355 ], [ 37.2721, -1.6681 ], [ 37.265, -1.6803 ], [ 37.2789, -1.6875 ], [ 37.2893, -1.6984 ], [ 37.2881, -1.7115 ], [ 37.3131, -1.7009 ], [ 37.3313, -1.6983 ], [ 37.3347, -1.7015 ], [ 37.3423, -1.7004 ], [ 37.3572, -1.7067 ], [ 37.3642, -1.7038 ], [ 37.3735, -1.7049 ], [ 37.4129, -1.6881 ], [ 37.4081, -1.6843 ], [ 37.4005, -1.6623 ], [ 37.3953, -1.6594 ], [ 37.3889, -1.646 ], [ 37.3861, -1.646 ], [ 37.3831, -1.6313 ], [ 37.3771, -1.6234 ], [ 37.364, -1.5898 ], [ 37.3424, -1.5722 ], [ 37.3351, -1.5599 ], [ 37.3501, -1.5497 ], [ 37.3496, -1.5398 ], [ 37.3563, -1.5222 ], [ 37.3452, -1.5233 ], [ 37.346, -1.5279 ], [ 37.3421, -1.5268 ], [ 37.3439, -1.5301 ], [ 37.3359, -1.5311 ], [ 37.3304, -1.5269 ], [ 37.3324, -1.5207 ], [ 37.3397, -1.5167 ], [ 37.3382, -1.5138 ], [ 37.3324, -1.5143 ], [ 37.314, -1.4979 ], [ 37.3046, -1.5046 ], [ 37.2924, -1.4943 ], [ 37.2934, -1.4807 ], [ 37.284, -1.4544 ], [ 37.2806, -1.4528 ], [ 37.2813, -1.4408 ], [ 37.2759, -1.4364 ], [ 37.2752, -1.4227 ], [ 37.2575, -1.4037 ], [ 37.2564, -1.3952 ], [ 37.2631, -1.3859 ], [ 37.2531, -1.3839 ], [ 37.2429, -1.3873 ], [ 37.2386, -1.3894 ], [ 37.2316, -1.4011 ], [ 37.2204, -1.4012 ], [ 37.2192, -1.3592 ] ] ] } },
{ "type": "Feature", "properties": { "iso3": "KEN", "unit_id": "43622606B26449031100735", "unit_name": "Mwala" }, "geometry": { "type": "Polygon", "coordinates": [ [ [ 37.6951, -1.4976 ], [ 37.6957, -1.4861 ], [ 37.6885, -1.4724 ], [ 37.681, -1.4646 ], [ 37.6728, -1.4639 ], [ 37.6729, -1.4573 ], [ 37.6666, -1.452 ], [ 37.6522, -1.4475 ], [ 37.6522, -1.4376 ], [ 37.6451, -1.4244 ], [ 37.6457, -1.4113 ], [ 37.6374, -1.4007 ], [ 37.6276, -1.3949 ], [ 37.6272, -1.3833 ], [ 37.6217, -1.382 ], [ 37.6249, -1.3766 ], [ 37.6157, -1.3722 ], [ 37.6146, -1.3605 ], [ 37.5962, -1.3312 ], [ 37.5877, -1.3297 ], [ 37.58, -1.3174 ], [ 37.5626, -1.3156 ], [ 37.5552, -1.3052 ], [ 37.5404, -1.3063 ], [ 37.5134, -1.2636 ], [ 37.5059, -1.2605 ], [ 37.5014, -1.2526 ], [ 37.4868, -1.2507 ], [ 37.4749, -1.2313 ], [ 37.4614, -1.2308 ], [ 37.4558, -1.2229 ], [ 37.4512, -1.2227 ], [ 37.4509, -1.2172 ], [ 37.4451, -1.2206 ], [ 37.436, -1.209 ], [ 37.4301, -1.2067 ], [ 37.4312, -1.1983 ], [ 37.4193, -1.1932 ], [ 37.4189, -1.1842 ], [ 37.4117, -1.1828 ], [ 37.4082, -1.1758 ], [ 37.4089, -1.1689 ], [ 37.4035, -1.1717 ], [ 37.3979, -1.1691 ], [ 37.3926, -1.1709 ], [ 37.3803, -1.1579 ], [ 37.3651, -1.1758 ], [ 37.35, -1.1725 ], [ 37.347, -1.167 ], [ 37.3426, -1.1842 ], [ 37.3443, -1.193 ], [ 37.364, -1.2255 ], [ 37.369, -1.2422 ], [ 37.3742, -1.2466 ], [ 37.3734, -1.2659 ], [ 37.3935, -1.2702 ], [ 37.3917, -1.2774 ], [ 37.3989, -1.2872 ], [ 37.3998, -1.2954 ], [ 37.4055, -1.299 ], [ 37.412, -1.3139 ], [ 37.4196, -1.3224 ], [ 37.424, -1.3449 ], [ 37.4102, -1.3547 ], [ 37.4083, -1.3606 ], [ 37.4104, -1.3644 ], [ 37.4039, -1.3711 ], [ 37.4075, -1.3776 ], [ 37.4037, -1.3829 ], [ 37.4064, -1.3847 ], [ 37.4077, -1.4054 ], [ 37.4035, -1.4002 ], [ 37.3935, -1.399 ], [ 37.3838, -1.4016 ], [ 37.3776, -1.4102 ], [ 37.3651, -1.4096 ], [ 37.3577, -1.4273 ], [ 37.3614, -1.4334 ], [ 37.359, -1.4355 ], [ 37.3659, -1.4361 ], [ 37.3619, -1.4504 ], [ 37.3685, -1.4544 ], [ 37.3669, -1.4605 ], [ 37.3641, -1.461 ], [ 37.3697, -1.4714 ], [ 37.3692, -1.4813 ], [ 37.3649, -1.4842 ], [ 37.3687, -1.4882 ], [ 37.3673, -1.4961 ], [ 37.3706, -1.4958 ], [ 37.3716, -1.5 ], [ 37.3778, -1.504 ], [ 37.3865, -1.5196 ], [ 37.3988, -1.5202 ], [ 37.4215, -1.53 ], [ 37.4356, -1.5317 ], [ 37.4387, -1.528 ], [ 37.4417, -1.5309 ], [ 37.4486, -1.5289 ], [ 37.4593, -1.5188 ], [ 37.4661, -1.5172 ], [ 37.4743, -1.5207 ], [ 37.4763, -1.5163 ], [ 37.4863, -1.5152 ], [ 37.5053, -1.5275 ], [ 37.516, -1.5261 ], [ 37.5219, -1.5382 ], [ 37.5441, -1.5408 ], [ 37.5453, -1.537 ], [ 37.5508, -1.5371 ], [ 37.555, -1.5419 ], [ 37.55, -1.545 ], [ 37.551, -1.5483 ], [ 37.5633, -1.5518 ], [ 37.5566, -1.5546 ], [ 37.5569, -1.5577 ], [ 37.5625, -1.56 ], [ 37.5753, -1.5577 ], [ 37.574, -1.5651 ], [ 37.5787, -1.565 ], [ 37.5974, -1.5511 ], [ 37.5996, -1.5613 ], [ 37.6068, -1.5611 ], [ 37.6081, -1.566 ], [ 37.6146, -1.5639 ], [ 37.6186, -1.5668 ], [ 37.6234, -1.5809 ], [ 37.6316, -1.5894 ], [ 37.6417, -1.5873 ], [ 37.6397, -1.59 ], [ 37.6432, -1.5928 ], [ 37.6445, -1.6146 ], [ 37.65, -1.6221 ], [ 37.6494, -1.6287 ], [ 37.6555, -1.6302 ], [ 37.661, -1.6446 ], [ 37.6685, -1.6415 ], [ 37.6732, -1.6318 ], [ 37.6883, -1.6167 ], [ 37.6872, -1.607 ], [ 37.6904, -1.5996 ], [ 37.6846, -1.5885 ], [ 37.6857, -1.5845 ], [ 37.6898, -1.5878 ], [ 37.6936, -1.5841 ], [ 37.6959, -1.5868 ], [ 37.7011, -1.584 ], [ 37.7115, -1.6045 ], [ 37.7188, -1.6084 ], [ 37.7278, -1.603 ], [ 37.7282, -1.5968 ], [ 37.7347, -1.5931 ], [ 37.7361, -1.584 ], [ 37.7324, -1.5809 ], [ 37.7357, -1.5756 ], [ 37.7539, -1.5664 ], [ 37.7503, -1.5544 ], [ 37.7426, -1.5533 ], [ 37.7345, -1.5442 ], [ 37.714, -1.51 ], [ 37.7012, -1.5078 ], [ 37.6951, -1.4976 ] ] ] } },
{ "type": "Feature", "properties": { "iso3": "KEN", "unit_id": "43622606B23636260900602", "unit_name": "Mbooni" }, "geometry": { "type": "Polygon", "coordinates": [ [ [ 37.7539, -1.5664 ], [ 37.7357, -1.5756 ], [ 37.7324, -1.5809 ], [ 37.7361, -1.584 ], [ 37.7347, -1.5931 ], [ 37.7282, -1.5968 ], [ 37.7278, -1.603 ], [ 37.7188, -1.6084 ], [ 37.7115, -1.6045 ], [ 37.7011, -1.584 ], [ 37.6959, -1.5868 ], [ 37.6936, -1.5841 ], [ 37.6898, -1.5878 ], [ 37.6857, -1.5845 ], [ 37.6846, -1.5885 ], [ 37.6904, -1.5996 ], [ 37.6872, -1.607 ], [ 37.6883, -1.6167 ], [ 37.6732, -1.6318 ], [ 37.6685, -1.6415 ], [ 37.661, -1.6446 ], [ 37.6555, -1.6302 ], [ 37.6494, -1.6287 ], [ 37.65, -1.6221 ], [ 37.6445, -1.6146 ], [ 37.6432, -1.5928 ], [ 37.6397, -1.59 ], [ 37.6417, -1.5873 ], [ 37.6316, -1.5894 ], [ 37.6234, -1.5809 ], [ 37.6186, -1.5668 ], [ 37.6146, -1.5639 ], [ 37.6081, -1.566 ], [ 37.6068, -1.5611 ], [ 37.5996, -1.5613 ], [ 37.5974, -1.5511 ], [ 37.5787, -1.565 ], [ 37.574, -1.5651 ], [ 37.5753, -1.5577 ], [ 37.5625, -1.56 ], [ 37.5569, -1.5577 ], [ 37.5566, -1.5546 ], [ 37.5633, -1.5518 ], [ 37.551, -1.5483 ], [ 37.55, -1.545 ], [ 37.555, -1.5419 ], [ 37.5508, -1.5371 ], [ 37.5453, -1.537 ], [ 37.5441, -1.5408 ], [ 37.5219, -1.5382 ], [ 37.516, -1.5261 ], [ 37.5053, -1.5275 ], [ 37.4863, -1.5152 ], [ 37.4763, -1.5163 ], [ 37.4743, -1.5207 ], [ 37.4661, -1.5172 ], [ 37.4593, -1.5188 ], [ 37.4486, -1.5289 ], [ 37.4417, -1.5309 ], [ 37.4387, -1.528 ], [ 37.4356, -1.5317 ], [ 37.4215, -1.53 ], [ 37.3988, -1.5202 ], [ 37.3824, -1.5183 ], [ 37.377, -1.5206 ], [ 37.3642, -1.5356 ], [ 37.3608, -1.5329 ], [ 37.3538, -1.5471 ], [ 37.3351, -1.5599 ], [ 37.3424, -1.5722 ], [ 37.364, -1.5898 ], [ 37.3771, -1.6234 ], [ 37.3831, -1.6313 ], [ 37.3861, -1.646 ], [ 37.3889, -1.646 ], [ 37.3953, -1.6594 ], [ 37.4005, -1.6623 ], [ 37.4081, -1.6843 ], [ 37.4176, -1.6897 ], [ 37.4208, -1.6986 ], [ 37.4347, -1.7143 ], [ 37.4348, -1.7211 ], [ 37.4389, -1.7258 ], [ 37.4461, -1.7272 ], [ 37.4476, -1.7321 ], [ 37.4586, -1.7364 ], [ 37.4735, -1.7324 ], [ 37.4828, -1.7339 ], [ 37.484, -1.7302 ], [ 37.4894, -1.7341 ], [ 37.4923, -1.7256 ], [ 37.5028, -1.7215 ], [ 37.5578, -1.715 ], [ 37.5534, -1.7268 ], [ 37.5617, -1.7267 ], [ 37.565, -1.7237 ], [ 37.5673, -1.7057 ], [ 37.5709, -1.6985 ], [ 37.5744, -1.6979 ], [ 37.6128, -1.7174 ], [ 37.6275, -1.7157 ], [ 37.6318, -1.7228 ], [ 37.6281, -1.7238 ], [ 37.6277, -1.7322 ], [ 37.6245, -1.7346 ], [ 37.6151, -1.7337 ], [ 37.5881, -1.7413 ], [ 37.5914, -1.7556 ], [ 37.5841, -1.7654 ], [ 37.5839, -1.7767 ], [ 37.5874, -1.7777 ], [ 37.5883, -1.773 ], [ 37.5904, -1.7752 ], [ 37.597, -1.7661 ], [ 37.6011, -1.7704 ], [ 37.6122, -1.7727 ], [ 37.6105, -1.7764 ], [ 37.6136, -1.7789 ], [ 37.6149, -1.7747 ], [ 37.6289, -1.7658 ], [ 37.6293, -1.7573 ], [ 37.638, -1.7599 ], [ 37.6535, -1.7559 ], [ 37.6554, -1.7476 ], [ 37.6584, -1.7579 ], [ 37.6601, -1.7547 ], [ 37.6674, -1.7558 ], [ 37.6714, -1.7667 ], [ 37.676, -1.7607 ], [ 37.6894, -1.7586 ], [ 37.6977, -1.753 ], [ 37.7147, -1.7589 ], [ 37.7155, -1.7663 ], [ 37.7219, -1.7749 ], [ 37.7348, -1.7738 ], [ 37.7393, -1.7689 ], [ 37.7463, -1.7675 ], [ 37.7528, -1.7731 ], [ 37.7617, -1.7749 ], [ 37.7702, -1.7703 ], [ 37.7789, -1.7762 ], [ 37.7858, -1.7709 ], [ 37.7944, -1.773 ], [ 37.8001, -1.7703 ], [ 37.8017, -1.7748 ], [ 37.8088, -1.7762 ], [ 37.8078, -1.7807 ], [ 37.8154, -1.7787 ], [ 37.8164, -1.7837 ], [ 37.8341, -1.7853 ], [ 37.8406, -1.7758 ], [ 37.8411, -1.7669 ], [ 37.8514, -1.7685 ], [ 37.8559, -1.754 ], [ 37.8506, -1.7302 ], [ 37.8451, -1.7233 ], [ 37.8452, -1.7123 ], [ 37.8349, -1.7093 ], [ 37.8374, -1.6895 ], [ 37.8327, -1.6888 ], [ 37.8307, -1.6808 ], [ 37.8199, -1.68 ], [ 37.821, -1.6649 ], [ 37.8051, -1.6532 ], [ 37.8061, -1.6488 ], [ 37.8013, -1.6476 ], [ 37.8038, -1.6422 ], [ 37.801, -1.6347 ], [ 37.7844, -1.6113 ], [ 37.7727, -1.5836 ], [ 37.7639, -1.5801 ], [ 37.7539, -1.5664 ] ] ] } },
{ "type": "Feature", "properties": { "iso3": "KEN", "unit_id": "43622606B94277534969465", "unit_name": "Kilome" }, "geometry": { "type": "Polygon", "coordinates": [ [ [ 37.1571, -1.7765 ], [ 37.1604, -1.7792 ], [ 37.1511, -1.7944 ], [ 37.1524, -1.8011 ], [ 37.1413, -1.8116 ], [ 37.1457, -1.8188 ], [ 37.1435, -1.8274 ], [ 37.1487, -1.8309 ], [ 37.1419, -1.8385 ], [ 37.1544, -1.8438 ], [ 37.1623, -1.8568 ], [ 37.1637, -1.8708 ], [ 37.1605, -1.874 ], [ 37.1605, -1.8823 ], [ 37.153, -1.8858 ], [ 37.1589, -1.8917 ], [ 37.1576, -1.8961 ], [ 37.1701, -1.9159 ], [ 37.1831, -1.9229 ], [ 37.1827, -1.9292 ], [ 37.1913, -1.9344 ], [ 37.2113, -1.9314 ], [ 37.2361, -1.9352 ], [ 37.2554, -1.9567 ], [ 37.2658, -1.9584 ], [ 37.2756, -1.9748 ], [ 37.2801, -1.9937 ], [ 37.2993, -2.0034 ], [ 37.3079, -2.0018 ], [ 37.3138, -2.0069 ], [ 37.3603, -2.0117 ], [ 37.3645, -2.0138 ], [ 37.3646, -2.0219 ], [ 37.3821, -2.0225 ], [ 37.4581, -2.0759 ], [ 37.4698, -2.0446 ], [ 37.4609, -2.0368 ], [ 37.4566, -2.0401 ], [ 37.4507, -2.0381 ], [ 37.4511, -2.0317 ], [ 37.448, -2.0335 ], [ 37.4415, -2.0295 ], [ 37.4393, -2.0329 ], [ 37.4352, -2.0303 ], [ 37.4285, -2.0354 ], [ 37.42, -2.0141 ], [ 37.3961, -2.009 ], [ 37.3927, -1.9979 ], [ 37.4035, -1.9879 ], [ 37.407, -1.9787 ], [ 37.4067, -1.9672 ], [ 37.4106, -1.9611 ], [ 37.4224, -1.9465 ], [ 37.4304, -1.9434 ], [ 37.4376, -1.9253 ], [ 37.4444, -1.9252 ], [ 37.4436, -1.9128 ], [ 37.4542, -1.9115 ], [ 37.4551, -1.9042 ], [ 37.4646, -1.8957 ], [ 37.4609, -1.8835 ], [ 37.4267, -1.8884 ], [ 37.4126, -1.8858 ], [ 37.4003, -1.8666 ], [ 37.3856, -1.8626 ], [ 37.3848, -1.8516 ], [ 37.3804, -1.8428 ], [ 37.3824, -1.8312 ], [ 37.3642, -1.8189 ], [ 37.3577, -1.8119 ], [ 37.3563, -1.8055 ], [ 37.3508, -1.805 ], [ 37.3515, -1.8008 ], [ 37.3399, -1.7936 ], [ 37.3301, -1.7804 ], [ 37.3159, -1.7776 ], [ 37.3041, -1.7596 ], [ 37.2876, -1.7177 ], [ 37.2893, -1.6984 ], [ 37.2789, -1.6875 ], [ 37.265, -1.6803 ], [ 37.2721, -1.6681 ], [ 37.2523, -1.6355 ], [ 37.2515, -1.5919 ], [ 37.2319, -1.5889 ], [ 37.1751, -1.6169 ], [ 37.192, -1.6527 ], [ 37.1966, -1.7199 ], [ 37.1764, -1.7536 ], [ 37.1657, -1.7609 ], [ 37.1571, -1.7765 ] ] ] } },
{ "type": "Feature", "properties": { "iso3": "KEN", "unit_id": "43622606B64372423470880", "unit_name": "Kaiti" }, "geometry": { "type": "Polygon", "coordinates": [ [ [ 37.2881, -1.7115 ], [ 37.2876, -1.7177 ], [ 37.3041, -1.7596 ], [ 37.3159, -1.7776 ], [ 37.3301, -1.7804 ], [ 37.3399, -1.7936 ], [ 37.3515, -1.8008 ], [ 37.3508, -1.805 ], [ 37.3563, -1.8055 ], [ 37.3577, -1.8119 ], [ 37.3642, -1.8189 ], [ 37.3824, -1.8312 ], [ 37.3804, -1.8428 ], [ 37.3848, -1.8516 ], [ 37.3856, -1.8626 ], [ 37.4003, -1.8666 ], [ 37.4126, -1.8858 ], [ 37.4267, -1.8884 ], [ 37.4609, -1.8835 ], [ 37.4673, -1.8692 ], [ 37.4705, -1.8493 ], [ 37.4821, -1.84 ], [ 37.4869, -1.83 ], [ 37.5123, -1.8047 ], [ 37.5297, -1.7971 ], [ 37.5282, -1.7913 ], [ 37.5366, -1.7911 ], [ 37.5619, -1.7694 ], [ 37.5703, -1.7763 ], [ 37.5798, -1.768 ], [ 37.5798, -1.7728 ], [ 37.5839, -1.7767 ], [ 37.5841, -1.7654 ], [ 37.5914, -1.7556 ], [ 37.5881, -1.7413 ], [ 37.6151, -1.7337 ], [ 37.6245, -1.7346 ], [ 37.6277, -1.7322 ], [ 37.6281, -1.7238 ], [ 37.6318, -1.7228 ], [ 37.6275, -1.7157 ], [ 37.6128, -1.7174 ], [ 37.5744, -1.6979 ], [ 37.5709, -1.6985 ], [ 37.5673, -1.7057 ], [ 37.565, -1.7237 ], [ 37.5617, -1.7267 ], [ 37.5534, -1.7268 ], [ 37.5578, -1.715 ], [ 37.5028, -1.7215 ], [ 37.4923, -1.7256 ], [ 37.4894, -1.7341 ], [ 37.484, -1.7302 ], [ 37.4828, -1.7339 ], [ 37.4735, -1.7324 ], [ 37.4586, -1.7364 ], [ 37.4476, -1.7321 ], [ 37.4461, -1.7272 ], [ 37.4389, -1.7258 ], [ 37.4315, -1.7089 ], [ 37.4208, -1.6986 ], [ 37.4176, -1.6897 ], [ 37.4129, -1.6881 ], [ 37.3735, -1.7049 ], [ 37.3642, -1.7038 ], [ 37.3572, -1.7067 ], [ 37.3423, -1.7004 ], [ 37.3347, -1.7015 ], [ 37.3313, -1.6983 ], [ 37.3131, -1.7009 ], [ 37.2881, -1.7115 ] ] ] } },
{ "type": "Feature", "properties": { "iso3": "KEN", "unit_id": "43622606B41223609710476", "unit_name": "Makueni" }, "geometry": { "type": "Polygon", "coordinates": [ [ [ 37.8391, -1.7784 ], [ 37.8341, -1.7853 ], [ 37.8164, -1.7837 ], [ 37.8154, -1.7787 ], [ 37.8078, -1.7807 ], [ 37.8088, -1.7762 ], [ 37.8017, -1.7748 ], [ 37.8001, -1.7703 ], [ 37.7944, -1.773 ], [ 37.7858, -1.7709 ], [ 37.7789, -1.7762 ], [ 37.7702, -1.7703 ], [ 37.7617, -1.7749 ], [ 37.7528, -1.7731 ], [ 37.7463, -1.7675 ], [ 37.7393, -1.7689 ], [ 37.7348, -1.7738 ], [ 37.7219, -1.7749 ], [ 37.7155, -1.7663 ], [ 37.7147, -1.7589 ], [ 37.6977, -1.753 ], [ 37.6894, -1.7586 ], [ 37.676, -1.7607 ], [ 37.6714, -1.7667 ], [ 37.6674, -1.7558 ], [ 37.6601, -1.7547 ], [ 37.6584, -1.7579 ], [ 37.6554, -1.7476 ], [ 37.6535, -1.7559 ], [ 37.638, -1.7599 ], [ 37.6293, -1.7573 ], [ 37.6289, -1.7658 ], [ 37.6149, -1.7747 ], [ 37.6136, -1.7789 ], [ 37.6105, -1.7764 ], [ 37.6122, -1.7727 ], [ 37.6011, -1.7704 ], [ 37.597, -1.7661 ], [ 37.5904, -1.7752 ], [ 37.5883, -1.773 ], [ 37.5874, -1.7777 ], [ 37.5798, -1.7728 ], [ 37.5798, -1.768 ], [ 37.5703, -1.7763 ], [ 37.5619, -1.7694 ], [ 37.5366, -1.7911 ], [ 37.5282, -1.7913 ], [ 37.5297, -1.7971 ], [ 37.5123, -1.8047 ], [ 37.4869, -1.83 ], [ 37.4821, -1.84 ], [ 37.4705, -1.8493 ], [ 37.4673, -1.8692 ], [ 37.4609, -1.8835 ], [ 37.4646, -1.8957 ], [ 37.4551, -1.9042 ], [ 37.4542, -1.9115 ], [ 37.4436, -1.9128 ], [ 37.4444, -1.9252 ], [ 37.4376, -1.9253 ], [ 37.4304, -1.9434 ], [ 37.4224, -1.9465 ], [ 37.4067, -1.9672 ], [ 37.407, -1.9787 ], [ 37.4035, -1.9879 ], [ 37.3927, -1.9979 ], [ 37.3961, -2.009 ], [ 37.42, -2.0141 ], [ 37.4285, -2.0354 ], [ 37.4352, -2.0303 ], [ 37.4393, -2.0329 ], [ 37.4415, -2.0295 ], [ 37.448, -2.0335 ], [ 37.4511, -2.0317 ], [ 37.4507, -2.0381 ], [ 37.4566, -2.0401 ], [ 37.4609, -2.0368 ], [ 37.4698, -2.0446 ], [ 37.4581, -2.0759 ], [ 37.4651, -2.0788 ], [ 37.4625, -2.0852 ], [ 37.4759, -2.0908 ], [ 37.4786, -2.0839 ], [ 37.5336, -2.1058 ], [ 37.5438, -2.1152 ], [ 37.5443, -2.1244 ], [ 37.5648, -2.1269 ], [ 37.5733, -2.1378 ], [ 37.5925, -2.1528 ], [ 37.6196, -2.1609 ], [ 37.6638, -2.1553 ], [ 37.684, -2.1619 ], [ 37.7035, -2.1579 ], [ 37.7004, -2.1389 ], [ 37.7075, -2.1163 ], [ 37.7158, -2.1053 ], [ 37.7431, -2.0876 ], [ 37.7469, -2.08 ], [ 37.7497, -2.0821 ], [ 37.7542, -2.079 ], [ 37.7603, -2.0834 ], [ 37.7609, -2.081 ], [ 37.7643, -2.0841 ], [ 37.7696, -2.0823 ], [ 37.7727, -2.0937 ], [ 37.7779, -2.0856 ], [ 37.7874, -2.0892 ], [ 37.7889, -2.0931 ], [ 37.7859, -2.0966 ], [ 37.795, -2.1007 ], [ 37.7922, -2.1063 ], [ 37.7988, -2.1074 ], [ 37.7996, -2.1053 ], [ 37.8024, -2.1128 ], [ 37.8071, -2.1101 ], [ 37.8123, -2.1143 ], [ 37.8149, -2.1118 ], [ 37.818, -2.1248 ], [ 37.8291, -2.1181 ], [ 37.8328, -2.1197 ], [ 37.8353, -2.1123 ], [ 37.845, -2.112 ], [ 37.8475, -2.1167 ], [ 37.8486, -2.1118 ], [ 37.8561, -2.1137 ], [ 37.8568, -2.1179 ], [ 37.8682, -2.1203 ], [ 37.8745, -2.1297 ], [ 37.8831, -2.1161 ], [ 37.8877, -2.1229 ], [ 37.8925, -2.1225 ], [ 37.8948, -2.1275 ], [ 37.8926, -2.1313 ], [ 37.8988, -2.1341 ], [ 37.9055, -2.1341 ], [ 37.9055, -2.1279 ], [ 37.911, -2.1281 ], [ 37.914, -2.1328 ], [ 37.9204, -2.128 ], [ 37.926, -2.1334 ], [ 37.9309, -2.1323 ], [ 37.9345, -2.1386 ], [ 37.9368, -2.1324 ], [ 37.9394, -2.137 ], [ 37.9435, -2.1343 ], [ 37.9476, -2.1373 ], [ 37.9469, -2.1408 ], [ 37.9635, -2.1443 ], [ 37.9538, -2.1328 ], [ 37.9597, -2.1019 ], [ 37.9592, -2.0642 ], [ 37.9546, -2.0577 ], [ 37.9554, -2.0495 ], [ 37.9513, -2.0374 ], [ 37.9441, -2.0373 ], [ 37.9391, -2.0331 ], [ 37.9439, -2.0228 ], [ 37.9391, -2.0195 ], [ 37.9412, -2.0113 ], [ 37.9362, -2.0079 ], [ 37.9374, -2.0016 ], [ 37.9285, -1.9954 ], [ 37.9302, -1.9909 ], [ 37.9252, -1.9856 ], [ 37.914, -1.9549 ], [ 37.9167, -1.9475 ], [ 37.9148, -1.9403 ], [ 37.9094, -1.9326 ], [ 37.9123, -1.9261 ], [ 37.9107, -1.9204 ], [ 37.9131, -1.9131 ], [ 37.9182, -1.909 ], [ 37.9187, -1.903 ], [ 37.9058, -1.9022 ], [ 37.9071, -1.8927 ], [ 37.8991, -1.8685 ], [ 37.901, -1.8624 ], [ 37.8877, -1.859 ], [ 37.8849, -1.8516 ], [ 37.8926, -1.8384 ], [ 37.8809, -1.8316 ], [ 37.8474, -1.7963 ], [ 37.8391, -1.7784 ] ] ] } },
{ "type": "Feature", "properties": { "iso3": "KEN", "unit_id": "43622606B35671927221119", "unit_name": "Kibwezi West" }, "geometry": { "type": "Polygon", "coordinates": [ [ [ 37.9635, -2.1443 ], [ 37.9469, -2.1408 ], [ 37.9476, -2.1373 ], [ 37.9435, -2.1343 ], [ 37.9394, -2.137 ], [ 37.9368, -2.1324 ], [ 37.9345, -2.1386 ], [ 37.9309, -2.1323 ], [ 37.926, -2.1334 ], [ 37.9204, -2.128 ], [ 37.914, -2.1328 ], [ 37.911, -2.1281 ], [ 37.9055, -2.1279 ], [ 37.9055, -2.1341 ], [ 37.8988, -2.1341 ], [ 37.8926, -2.1313 ], [ 37.8948, -2.1275 ], [ 37.8925, -2.1225 ], [ 37.8877, -2.1229 ], [ 37.8831, -2.1161 ], [ 37.8745, -2.1297 ], [ 37.8682, -2.1203 ], [ 37.8568, -2.1179 ], [ 37.8561, -2.1137 ], [ 37.8486, -2.1118 ], [ 37.8475, -2.1167 ], [ 37.845, -2.112 ], [ 37.8353, -2.1123 ], [ 37.8328, -2.1197 ], [ 37.8291, -2.1181 ], [ 37.818, -2.1248 ], [ 37.8149, -2.1118 ], [ 37.8123, -2.1143 ], [ 37.8071, -2.1101 ], [ 37.8024, -2.1128 ], [ 37.7996, -2.1053 ], [ 37.7988, -2.1074 ], [ 37.7922, -2.1063 ], [ 37.795, -2.1007 ], [ 37.7859, -2.0966 ], [ 37.7889, -2.0931 ], [ 37.7826, -2.0861 ], [ 37.7779, -2.0856 ], [ 37.7727, -2.0937 ], [ 37.7696, -2.0823 ], [ 37.7643, -2.0841 ], [ 37.7542, -2.079 ], [ 37.7497, -2.0821 ], [ 37.7469, -2.08 ], [ 37.7431, -2.0876 ], [ 37.7158, -2.1053 ], [ 37.7075, -2.1163 ], [ 37.7004, -2.1389 ], [ 37.7035, -2.1579 ], [ 37.684, -2.1619 ], [ 37.7001, -2.1648 ], [ 37.7059, -2.1728 ], [ 37.7075, -2.1814 ], [ 37.7243, -2.1906 ], [ 37.7155, -2.1904 ], [ 37.7061, -2.1945 ], [ 37.6838, -2.2238 ], [ 37.6749, -2.228 ], [ 37.6787, -2.2431 ], [ 37.6762, -2.26 ], [ 37.6785, -2.2644 ], [ 37.6733, -2.2678 ], [ 37.6721, -2.2794 ], [ 37.6674, -2.2808 ], [ 37.67, -2.2877 ], [ 37.6643, -2.2899 ], [ 37.6553, -2.2875 ], [ 37.6481, -2.2917 ], [ 37.6459, -2.2992 ], [ 37.6321, -2.294 ], [ 37.6311, -2.3012 ], [ 37.6224, -2.3042 ], [ 37.6177, -2.2973 ], [ 37.6122, -2.2977 ], [ 37.6043, -2.3112 ], [ 37.6015, -2.3092 ], [ 37.5964, -2.3117 ], [ 37.7961, -2.5422 ], [ 37.8874, -2.4983 ], [ 37.9139, -2.4815 ], [ 37.9373, -2.4399 ], [ 37.9578, -2.4115 ], [ 37.929, -2.4051 ], [ 37.9135, -2.3921 ], [ 37.9344, -2.3807 ], [ 37.9431, -2.372 ], [ 37.9558, -2.368 ], [ 37.9714, -2.3875 ], [ 37.9885, -2.3877 ], [ 37.9906, -2.39 ], [ 37.9838, -2.3938 ], [ 37.9741, -2.4063 ], [ 37.9688, -2.4175 ], [ 37.9723, -2.4204 ], [ 37.9721, -2.4249 ], [ 37.9649, -2.43 ], [ 37.9657, -2.4339 ], [ 37.9837, -2.4581 ], [ 37.9959, -2.4815 ], [ 38.0092, -2.4937 ], [ 38.0162, -2.5084 ], [ 38.0305, -2.5218 ], [ 38.0986, -2.4808 ], [ 38.1007, -2.4766 ], [ 38.0901, -2.4725 ], [ 38.0809, -2.4767 ], [ 38.0709, -2.4755 ], [ 38.0656, -2.4674 ], [ 38.0577, -2.4671 ], [ 38.0407, -2.4571 ], [ 38.0423, -2.4524 ], [ 38.0362, -2.4433 ], [ 38.0316, -2.4432 ], [ 38.0296, -2.4397 ], [ 38.0331, -2.4379 ], [ 38.0288, -2.4311 ], [ 38.0309, -2.4124 ], [ 38.0428, -2.4105 ], [ 38.0494, -2.4003 ], [ 38.0497, -2.3927 ], [ 38.0673, -2.376 ], [ 38.0837, -2.3804 ], [ 38.0872, -2.3745 ], [ 38.0995, -2.3689 ], [ 38.1019, -2.3636 ], [ 38.1084, -2.3623 ], [ 38.1119, -2.3554 ], [ 38.1218, -2.3584 ], [ 38.1241, -2.3512 ], [ 38.1213, -2.343 ], [ 38.1255, -2.3405 ], [ 38.125, -2.3277 ], [ 38.1358, -2.3208 ], [ 38.1266, -2.3217 ], [ 38.1171, -2.3138 ], [ 38.1157, -2.3033 ], [ 38.1094, -2.3006 ], [ 38.1112, -2.2858 ], [ 38.1017, -2.2818 ], [ 38.0977, -2.2731 ], [ 38.0871, -2.2716 ], [ 38.0836, -2.2618 ], [ 38.0756, -2.2614 ], [ 38.069, -2.225 ], [ 38.0633, -2.221 ], [ 38.0704, -2.2144 ], [ 38.06, -2.2064 ], [ 38.0547, -2.1871 ], [ 38.0483, -2.1802 ], [ 38.0507, -2.1729 ], [ 38.0485, -2.1686 ], [ 38.0277, -2.1619 ], [ 38.0204, -2.1467 ], [ 37.967, -2.1671 ], [ 37.9635, -2.1443 ] ] ] } },
{ "type": "Feature", "properties": { "iso3": "KEN", "unit_id": "43622606B27320801320071", "unit_name": "Kibwezi East" }, "geometry": { "type": "Polygon", "coordinates": [ [ [ 38.5195, -2.9748 ], [ 38.5095, -2.9649 ], [ 38.5048, -2.9657 ], [ 38.4979, -2.9557 ], [ 38.4922, -2.9556 ], [ 38.4933, -2.95 ], [ 38.4883, -2.9434 ], [ 38.4876, -2.9367 ], [ 38.4758, -2.9361 ], [ 38.4742, -2.9262 ], [ 38.4608, -2.9025 ], [ 38.4612, -2.8967 ], [ 38.4507, -2.8931 ], [ 38.4543, -2.8812 ], [ 38.4434, -2.8789 ], [ 38.4458, -2.8689 ], [ 38.4383, -2.8639 ], [ 38.4388, -2.8563 ], [ 38.4321, -2.8551 ], [ 38.4279, -2.8495 ], [ 38.4314, -2.8414 ], [ 38.4267, -2.8194 ], [ 38.4182, -2.8114 ], [ 38.4233, -2.7956 ], [ 38.4313, -2.7915 ], [ 38.4321, -2.7876 ], [ 38.3922, -2.6984 ], [ 38.3816, -2.6697 ], [ 38.3822, -2.6632 ], [ 38.3673, -2.6503 ], [ 38.3679, -2.6427 ], [ 38.3622, -2.6371 ], [ 38.3474, -2.5894 ], [ 38.3388, -2.5851 ], [ 38.3315, -2.5624 ], [ 38.3381, -2.5552 ], [ 38.3224, -2.5473 ], [ 38.3231, -2.5411 ], [ 38.3194, -2.5354 ], [ 38.3215, -2.5295 ], [ 38.3173, -2.5239 ], [ 38.317, -2.5157 ], [ 38.3123, -2.512 ], [ 38.3119, -2.5018 ], [ 38.3022, -2.4983 ], [ 38.2966, -2.4871 ], [ 38.2883, -2.4827 ], [ 38.2745, -2.4247 ], [ 38.2519, -2.4203 ], [ 38.2446, -2.4122 ], [ 38.2362, -2.4094 ], [ 38.2319, -2.4019 ], [ 38.2226, -2.3993 ], [ 38.2111, -2.3553 ], [ 38.1979, -2.3532 ], [ 38.1889, -2.3403 ], [ 38.1745, -2.3384 ], [ 38.1525, -2.3278 ], [ 38.1468, -2.3209 ], [ 38.1358, -2.3208 ], [ 38.125, -2.3277 ], [ 38.1255, -2.3405 ], [ 38.1213, -2.343 ], [ 38.1241, -2.3512 ], [ 38.1218, -2.3584 ], [ 38.1119, -2.3554 ], [ 38.1084, -2.3623 ], [ 38.1019, -2.3636 ], [ 38.0995, -2.3689 ], [ 38.0872, -2.3745 ], [ 38.0837, -2.3804 ], [ 38.0673, -2.376 ], [ 38.0497, -2.3927 ], [ 38.0494, -2.4003 ], [ 38.0428, -2.4105 ], [ 38.0309, -2.4124 ], [ 38.0288, -2.4311 ], [ 38.0331, -2.4379 ], [ 38.0296, -2.4397 ], [ 38.0316, -2.4432 ], [ 38.0362, -2.4433 ], [ 38.0423, -2.4524 ], [ 38.0407, -2.4571 ], [ 38.0577, -2.4671 ], [ 38.0656, -2.4674 ], [ 38.0709, -2.4755 ], [ 38.0809, -2.4767 ], [ 38.0901, -2.4725 ], [ 38.1007, -2.4766 ], [ 38.0986, -2.4808 ], [ 38.0305, -2.5218 ], [ 38.0162, -2.5084 ], [ 38.0092, -2.4937 ], [ 37.9959, -2.4815 ], [ 37.9837, -2.4581 ], [ 37.9657, -2.4339 ], [ 37.9649, -2.43 ], [ 37.9721, -2.4249 ], [ 37.9723, -2.4204 ], [ 37.9688, -2.4175 ], [ 37.9741, -2.4063 ], [ 37.9838, -2.3938 ], [ 37.9906, -2.39 ], [ 37.9885, -2.3877 ], [ 37.9714, -2.3875 ], [ 37.9558, -2.368 ], [ 37.9431, -2.372 ], [ 37.9344, -2.3807 ], [ 37.9135, -2.3921 ], [ 37.929, -2.4051 ], [ 37.9578, -2.4115 ], [ 37.9373, -2.4399 ], [ 37.9139, -2.4815 ], [ 37.8874, -2.4983 ], [ 37.7961, -2.5422 ], [ 37.8497, -2.6039 ], [ 37.8789, -2.6609 ], [ 37.8923, -2.6744 ], [ 37.9011, -2.7015 ], [ 37.921, -2.7044 ], [ 37.9244, -2.7087 ], [ 37.9301, -2.7225 ], [ 37.9263, -2.7491 ], [ 37.9298, -2.7629 ], [ 37.9374, -2.7708 ], [ 37.9744, -2.7874 ], [ 38.115, -2.7127 ], [ 38.1182, -2.7052 ], [ 38.1282, -2.6984 ], [ 38.1533, -2.698 ], [ 38.1575, -2.6934 ], [ 38.1611, -2.6796 ], [ 38.1625, -2.693 ], [ 38.184, -2.7026 ], [ 38.2583, -2.7581 ], [ 38.3011, -2.8147 ], [ 38.3187, -2.8327 ], [ 38.3615, -2.8976 ], [ 38.3919, -2.9255 ], [ 38.4089, -2.9273 ], [ 38.4314, -2.9571 ], [ 38.4482, -2.972 ], [ 38.4582, -2.9911 ], [ 38.4684, -2.9849 ], [ 38.4768, -2.9856 ], [ 38.4891, -2.9778 ], [ 38.493, -2.984 ], [ 38.5136, -2.9834 ], [ 38.5195, -2.9748 ] ] ] } },
{ "type": "Feature", "properties": { "iso3": "KEN", "unit_id": "43622606B20987686161876", "unit_name": "Kinangop" }, "geometry": { "type": "Polygon", "coordinates": [ [ [ 36.6852, -0.5975 ], [ 36.675, -0.5906 ], [ 36.6667, -0.5791 ], [ 36.6526, -0.5773 ], [ 36.6344, -0.5663 ], [ 36.6313, -0.5724 ], [ 36.6233, -0.5722 ], [ 36.6226, -0.5774 ], [ 36.6001, -0.5856 ], [ 36.5878, -0.5966 ], [ 36.5757, -0.6016 ], [ 36.5423, -0.5542 ], [ 36.5444, -0.5476 ], [ 36.5324, -0.5435 ], [ 36.5275, -0.5458 ], [ 36.5274, -0.5501 ], [ 36.517, -0.5632 ], [ 36.4956, -0.562 ], [ 36.4916, -0.5686 ], [ 36.5066, -0.5776 ], [ 36.526, -0.5799 ], [ 36.5121, -0.6089 ], [ 36.5124, -0.6185 ], [ 36.5199, -0.6237 ], [ 36.5166, -0.6303 ], [ 36.5239, -0.6351 ], [ 36.5262, -0.6425 ], [ 36.5262, -0.6472 ], [ 36.5212, -0.6509 ], [ 36.5442, -0.6946 ], [ 36.521, -0.7084 ], [ 36.5311, -0.7294 ], [ 36.5615, -0.8398 ], [ 36.5526, -0.8526 ], [ 36.5545, -0.8705 ], [ 36.5443, -0.9059 ], [ 36.5544, -0.9186 ], [ 36.5717, -0.9081 ], [ 36.5632, -0.9043 ], [ 36.5802, -0.8904 ], [ 36.5895, -0.8866 ], [ 36.6011, -0.862 ], [ 36.5915, -0.847 ], [ 36.5888, -0.8259 ], [ 36.6223, -0.8293 ], [ 36.622, -0.8257 ], [ 36.6739, -0.7764 ], [ 36.6599, -0.7708 ], [ 36.6446, -0.771 ], [ 36.6537, -0.7626 ], [ 36.6622, -0.766 ], [ 36.6718, -0.7566 ], [ 36.6868, -0.7619 ], [ 36.7013, -0.7795 ], [ 36.7067, -0.7813 ], [ 36.7222, -0.8045 ], [ 36.7241, -0.7902 ], [ 36.7194, -0.7773 ], [ 36.7238, -0.7816 ], [ 36.7281, -0.778 ], [ 36.7367, -0.7778 ], [ 36.7198, -0.757 ], [ 36.7132, -0.7124 ], [ 36.7067, -0.6956 ], [ 36.7094, -0.6633 ], [ 36.7058, -0.6445 ], [ 36.7076, -0.6252 ], [ 36.6852, -0.5975 ] ] ] } },
{ "type": "Feature", "properties": { "iso3": "KEN", "unit_id": "43622606B15918379151872", "unit_name": "Kipipiri" }, "geometry": { "type": "Polygon", "coordinates": [ [ [ 36.6852, -0.5975 ], [ 36.6797, -0.586 ], [ 36.6806, -0.5768 ], [ 36.6703, -0.5711 ], [ 36.67, -0.5476 ], [ 36.6589, -0.5154 ], [ 36.6608, -0.4903 ], [ 36.6668, -0.479 ], [ 36.6671, -0.4715 ], [ 36.6616, -0.4604 ], [ 36.6517, -0.4576 ], [ 36.6504, -0.432 ], [ 36.6232, -0.3991 ], [ 36.6313, -0.3851 ], [ 36.607, -0.3742 ], [ 36.604, -0.3695 ], [ 36.6062, -0.3629 ], [ 36.6168, -0.3535 ], [ 36.6111, -0.3433 ], [ 36.6092, -0.3311 ], [ 36.6209, -0.2973 ], [ 36.609, -0.2932 ], [ 36.6025, -0.2822 ], [ 36.5916, -0.2813 ], [ 36.5704, -0.2674 ], [ 36.5611, -0.2672 ], [ 36.5459, -0.2607 ], [ 36.5348, -0.248 ], [ 36.5273, -0.2233 ], [ 36.5016, -0.2213 ], [ 36.4779, -0.2354 ], [ 36.4391, -0.2455 ], [ 36.4412, -0.2566 ], [ 36.435, -0.2639 ], [ 36.4175, -0.2627 ], [ 36.4139, -0.2559 ], [ 36.4082, -0.2587 ], [ 36.4149, -0.2823 ], [ 36.4155, -0.2985 ], [ 36.412, -0.3051 ], [ 36.4149, -0.3101 ], [ 36.4127, -0.3179 ], [ 36.4161, -0.3374 ], [ 36.4197, -0.3428 ], [ 36.4159, -0.347 ], [ 36.4192, -0.3557 ], [ 36.4172, -0.3591 ], [ 36.4288, -0.4064 ], [ 36.4213, -0.4167 ], [ 36.4133, -0.4201 ], [ 36.4094, -0.4336 ], [ 36.3957, -0.445 ], [ 36.3934, -0.456 ], [ 36.387, -0.4583 ], [ 36.3951, -0.4719 ], [ 36.3932, -0.475 ], [ 36.3981, -0.4874 ], [ 36.3973, -0.4997 ], [ 36.4027, -0.5039 ], [ 36.4007, -0.5141 ], [ 36.4052, -0.52 ], [ 36.4005, -0.5333 ], [ 36.406, -0.5508 ], [ 36.4033, -0.5707 ], [ 36.407, -0.5729 ], [ 36.4312, -0.5698 ], [ 36.4515, -0.5636 ], [ 36.4562, -0.6102 ], [ 36.468, -0.6245 ], [ 36.5061, -0.6209 ], [ 36.526, -0.5799 ], [ 36.5066, -0.5776 ], [ 36.4916, -0.5686 ], [ 36.4956, -0.562 ], [ 36.517, -0.5632 ], [ 36.5274, -0.5501 ], [ 36.5275, -0.5458 ], [ 36.5324, -0.5435 ], [ 36.5444, -0.5476 ], [ 36.5423, -0.5542 ], [ 36.5757, -0.6016 ], [ 36.5878, -0.5966 ], [ 36.6001, -0.5856 ], [ 36.6226, -0.5774 ], [ 36.6233, -0.5722 ], [ 36.6313, -0.5724 ], [ 36.6344, -0.5663 ], [ 36.6526, -0.5773 ], [ 36.6667, -0.5791 ], [ 36.675, -0.5906 ], [ 36.6852, -0.5975 ] ] ] } },
{ "type": "Feature", "properties": { "iso3": "KEN", "unit_id": "43622606B22126760069661", "unit_name": "Ol Kalou" }, "geometry": { "type": "Polygon", "coordinates": [ [ [ 36.4391, -0.2455 ], [ 36.4309, -0.2365 ], [ 36.4299, -0.225 ], [ 36.4178, -0.2274 ], [ 36.402, -0.2232 ], [ 36.4021, -0.234 ], [ 36.4116, -0.234 ], [ 36.4144, -0.2369 ], [ 36.4118, -0.2472 ], [ 36.3759, -0.2539 ], [ 36.3733, -0.199 ], [ 36.3788, -0.1854 ], [ 36.3734, -0.1731 ], [ 36.3724, -0.1606 ], [ 36.3482, -0.1593 ], [ 36.3484, -0.1641 ], [ 36.3449, -0.1646 ], [ 36.3429, -0.1709 ], [ 36.344, -0.1822 ], [ 36.3399, -0.1782 ], [ 36.3337, -0.1833 ], [ 36.3289, -0.1769 ], [ 36.3313, -0.1739 ], [ 36.3242, -0.1758 ], [ 36.3132, -0.1702 ], [ 36.3086, -0.1801 ], [ 36.3045, -0.1794 ], [ 36.3014, -0.1845 ], [ 36.3101, -0.1973 ], [ 36.3094, -0.2291 ], [ 36.3153, -0.2436 ], [ 36.3133, -0.2675 ], [ 36.319, -0.273 ], [ 36.2988, -0.2665 ], [ 36.2908, -0.2694 ], [ 36.2905, -0.2761 ], [ 36.2983, -0.2925 ], [ 36.3012, -0.3147 ], [ 36.3131, -0.341 ], [ 36.3109, -0.363 ], [ 36.3139, -0.3838 ], [ 36.3343, -0.3867 ], [ 36.3602, -0.3761 ], [ 36.365, -0.3934 ], [ 36.378, -0.4022 ], [ 36.3804, -0.4078 ], [ 36.3799, -0.4215 ], [ 36.3861, -0.4254 ], [ 36.3891, -0.4411 ], [ 36.387, -0.4583 ], [ 36.3934, -0.456 ], [ 36.3957, -0.445 ], [ 36.4094, -0.4336 ], [ 36.4133, -0.4201 ], [ 36.4213, -0.4167 ], [ 36.4288, -0.4064 ], [ 36.4172, -0.3591 ], [ 36.4192, -0.3557 ], [ 36.4159, -0.347 ], [ 36.4197, -0.3428 ], [ 36.4161, -0.3374 ], [ 36.4127, -0.3179 ], [ 36.4149, -0.3101 ], [ 36.412, -0.3051 ], [ 36.4155, -0.2985 ], [ 36.4149, -0.2823 ], [ 36.4082, -0.2587 ], [ 36.4139, -0.2559 ], [ 36.4175, -0.2627 ], [ 36.435, -0.2639 ], [ 36.4412, -0.2566 ], [ 36.4391, -0.2455 ] ] ] } },
{ "type": "Feature", "properties": { "iso3": "KEN", "unit_id": "43622606B51407155756685", "unit_name": "Ol Jorok" }, "geometry": { "type": "Polygon", "coordinates": [ [ [ 36.3788, -0.1854 ], [ 36.382, -0.1848 ], [ 36.3818, -0.1768 ], [ 36.4125, -0.173 ], [ 36.4157, -0.1845 ], [ 36.4211, -0.191 ], [ 36.4289, -0.1695 ], [ 36.4446, -0.1665 ], [ 36.4197, -0.0697 ], [ 36.4194, -0.0465 ], [ 36.409, -0.0092 ], [ 36.3975, 0.0148 ], [ 36.3983, 0.0231 ], [ 36.3897, 0.0297 ], [ 36.3528, 0.0183 ], [ 36.3475, 0.0338 ], [ 36.3279, 0.027 ], [ 36.3291, 0.0219 ], [ 36.3045, 0.0181 ], [ 36.3009, 0.0054 ], [ 36.2953, 0.0046 ], [ 36.2934, 0.0138 ], [ 36.2738, 0.0029 ], [ 36.2673, -0.0181 ], [ 36.257, -0.0195 ], [ 36.2526, -0.0315 ], [ 36.2551, -0.0328 ], [ 36.2526, -0.045 ], [ 36.2482, -0.0494 ], [ 36.2466, -0.0579 ], [ 36.2507, -0.0578 ], [ 36.2515, -0.082 ], [ 36.2467, -0.1157 ], [ 36.2277, -0.1124 ], [ 36.2285, -0.1045 ], [ 36.2207, -0.1032 ], [ 36.2194, -0.1109 ], [ 36.2008, -0.1342 ], [ 36.2115, -0.1857 ], [ 36.2118, -0.2006 ], [ 36.2189, -0.2093 ], [ 36.2246, -0.2093 ], [ 36.2373, -0.2278 ], [ 36.2461, -0.2526 ], [ 36.2128, -0.2675 ], [ 36.2139, -0.2922 ], [ 36.225, -0.3441 ], [ 36.2287, -0.351 ], [ 36.232, -0.3415 ], [ 36.246, -0.3447 ], [ 36.2524, -0.3403 ], [ 36.263, -0.3408 ], [ 36.2758, -0.3904 ], [ 36.293, -0.3713 ], [ 36.3111, -0.3667 ], [ 36.3131, -0.3566 ], [ 36.3131, -0.341 ], [ 36.3012, -0.3147 ], [ 36.2983, -0.2925 ], [ 36.2905, -0.2761 ], [ 36.2908, -0.2694 ], [ 36.2988, -0.2665 ], [ 36.319, -0.273 ], [ 36.3133, -0.2675 ], [ 36.3153, -0.2436 ], [ 36.3094, -0.2291 ], [ 36.3101, -0.1973 ], [ 36.3014, -0.1845 ], [ 36.3045, -0.1794 ], [ 36.3086, -0.1801 ], [ 36.3132, -0.1702 ], [ 36.3242, -0.1758 ], [ 36.3313, -0.1739 ], [ 36.3289, -0.1769 ], [ 36.3337, -0.1833 ], [ 36.3399, -0.1782 ], [ 36.344, -0.1822 ], [ 36.3429, -0.1709 ], [ 36.3449, -0.1646 ], [ 36.3484, -0.1641 ], [ 36.3482, -0.1593 ], [ 36.3724, -0.1606 ], [ 36.3734, -0.1731 ], [ 36.3788, -0.1854 ] ] ] } },
{ "type": "Feature", "properties": { "iso3": "KEN", "unit_id": "43622606B29422305926685", "unit_name": "Ndaragwa" }, "geometry": { "type": "Polygon", "coordinates": [ [ [ 36.6209, -0.2973 ], [ 36.6842, -0.1825 ], [ 36.6825, -0.1725 ], [ 36.6903, -0.1718 ], [ 36.6597, -0.1498 ], [ 36.6563, -0.1508 ], [ 36.635, -0.1042 ], [ 36.5924, -0.0999 ], [ 36.5725, -0.1013 ], [ 36.5618, -0.0865 ], [ 36.5551, -0.0879 ], [ 36.5606, -0.0739 ], [ 36.5513, -0.0671 ], [ 36.5612, -0.0409 ], [ 36.5767, -0.0303 ], [ 36.5823, -0.0191 ], [ 36.6505, -0.0137 ], [ 36.6371, 0.0169 ], [ 36.6034, 0.0055 ], [ 36.5936, 0.0258 ], [ 36.5913, 0.0451 ], [ 36.5772, 0.0703 ], [ 36.5235, 0.0504 ], [ 36.5115, 0.0891 ], [ 36.4652, 0.1402 ], [ 36.4459, 0.0952 ], [ 36.4431, 0.0972 ], [ 36.4435, 0.0928 ], [ 36.423, 0.0852 ], [ 36.4014, 0.0579 ], [ 36.4264, 0.0465 ], [ 36.4188, 0.0413 ], [ 36.4035, 0.0401 ], [ 36.4004, 0.0382 ], [ 36.4018, 0.0311 ], [ 36.3996, 0.0304 ], [ 36.3905, 0.0364 ], [ 36.3897, 0.0297 ], [ 36.3983, 0.0231 ], [ 36.3975, 0.0148 ], [ 36.409, -0.0092 ], [ 36.4194, -0.0465 ], [ 36.4197, -0.0697 ], [ 36.4446, -0.1665 ], [ 36.4289, -0.1695 ], [ 36.4211, -0.191 ], [ 36.4157, -0.1845 ], [ 36.4125, -0.173 ], [ 36.3818, -0.1768 ], [ 36.382, -0.1848 ], [ 36.374, -0.1924 ], [ 36.3733, -0.199 ], [ 36.3759, -0.2539 ], [ 36.4118, -0.2472 ], [ 36.4144, -0.2369 ], [ 36.4116, -0.234 ], [ 36.4021, -0.234 ], [ 36.402, -0.2232 ], [ 36.4178, -0.2274 ], [ 36.4299, -0.225 ], [ 36.4309, -0.2365 ], [ 36.4391, -0.2455 ], [ 36.4779, -0.2354 ], [ 36.5016, -0.2213 ], [ 36.5273, -0.2233 ], [ 36.5348, -0.248 ], [ 36.5459, -0.2607 ], [ 36.5611, -0.2672 ], [ 36.5704, -0.2674 ], [ 36.5916, -0.2813 ], [ 36.6025, -0.2822 ], [ 36.609, -0.2932 ], [ 36.6209, -0.2973 ] ] ] } },
{ "type": "Feature", "properties": { "iso3": "KEN", "unit_id": "43622606B26372044102349", "unit_name": "Tetu" }, "geometry": { "type": "Polygon", "coordinates": [ [ [ 36.658, -0.5089 ], [ 36.6706, -0.5146 ], [ 36.6879, -0.5103 ], [ 36.7051, -0.484 ], [ 36.728, -0.4804 ], [ 36.7359, -0.4926 ], [ 36.7453, -0.4948 ], [ 36.758, -0.504 ], [ 36.7797, -0.5024 ], [ 36.7865, -0.4973 ], [ 36.8035, -0.4955 ], [ 36.8107, -0.4885 ], [ 36.8184, -0.4873 ], [ 36.8259, -0.4963 ], [ 36.8376, -0.4911 ], [ 36.859, -0.4954 ], [ 36.8729, -0.4924 ], [ 36.8774, -0.4969 ], [ 36.8964, -0.4978 ], [ 36.8997, -0.5021 ], [ 36.9138, -0.5049 ], [ 36.9265, -0.5018 ], [ 36.9333, -0.4958 ], [ 36.9496, -0.4947 ], [ 36.9603, -0.5084 ], [ 36.9772, -0.5097 ], [ 36.9822, -0.5062 ], [ 36.9939, -0.5116 ], [ 36.9987, -0.5101 ], [ 36.9976, -0.5228 ], [ 37.0119, -0.5175 ], [ 37.0181, -0.5237 ], [ 37.0191, -0.5187 ], [ 37.0263, -0.5183 ], [ 37.0268, -0.5149 ], [ 37.0338, -0.5208 ], [ 37.0389, -0.5163 ], [ 37.0425, -0.5202 ], [ 37.044, -0.5175 ], [ 37.0507, -0.5193 ], [ 37.0538, -0.5155 ], [ 37.0575, -0.5176 ], [ 37.059, -0.5124 ], [ 37.0622, -0.5182 ], [ 37.0692, -0.5184 ], [ 37.072, -0.515 ], [ 37.0751, -0.5174 ], [ 37.0821, -0.516 ], [ 37.0732, -0.5097 ], [ 37.0694, -0.5102 ], [ 37.0629, -0.4971 ], [ 37.0558, -0.4914 ], [ 37.0573, -0.4884 ], [ 37.0475, -0.4888 ], [ 37.0284, -0.4674 ], [ 37.0241, -0.4681 ], [ 37.0231, -0.4652 ], [ 37.0134, -0.4711 ], [ 37.0014, -0.4699 ], [ 36.997, -0.461 ], [ 36.9876, -0.4569 ], [ 36.9783, -0.4578 ], [ 36.977, -0.4629 ], [ 36.9714, -0.4666 ], [ 36.9649, -0.4655 ], [ 36.9601, -0.4772 ], [ 36.9554, -0.4732 ], [ 36.9467, -0.4741 ], [ 36.9487, -0.4531 ], [ 36.9206, -0.4606 ], [ 36.9196, -0.4653 ], [ 36.8897, -0.4398 ], [ 36.8801, -0.4439 ], [ 36.8754, -0.4254 ], [ 36.8847, -0.4264 ], [ 36.8889, -0.422 ], [ 36.899, -0.4204 ], [ 36.901, -0.4171 ], [ 36.8983, -0.4042 ], [ 36.9059, -0.4033 ], [ 36.8936, -0.3938 ], [ 36.8868, -0.3973 ], [ 36.8676, -0.3933 ], [ 36.8553, -0.3826 ], [ 36.827, -0.3868 ], [ 36.8115, -0.3828 ], [ 36.8014, -0.3844 ], [ 36.8012, -0.39 ], [ 36.7342, -0.4158 ], [ 36.7417, -0.4539 ], [ 36.729, -0.4536 ], [ 36.7236, -0.4567 ], [ 36.7144, -0.4509 ], [ 36.7104, -0.4407 ], [ 36.6945, -0.4265 ], [ 36.6918, -0.4221 ], [ 36.6917, -0.4082 ], [ 36.6839, -0.4022 ], [ 36.6651, -0.4037 ], [ 36.6585, -0.411 ], [ 36.6495, -0.4146 ], [ 36.6378, -0.4 ], [ 36.6232, -0.3991 ], [ 36.6504, -0.432 ], [ 36.6517, -0.4576 ], [ 36.6616, -0.4604 ], [ 36.6671, -0.4715 ], [ 36.658, -0.5089 ] ] ] } },
{ "type": "Feature", "properties": { "iso3": "KEN", "unit_id": "43622606B44418450963610", "unit_name": "Kieni" }, "geometry": { "type": "Polygon", "coordinates": [ [ [ 37.1206, -0.0184 ], [ 37.1127, -0.0355 ], [ 37.0794, -0.0027 ], [ 37.0786, 0.0154 ], [ 37.0689, -0.0008 ], [ 37.0612, 0.0016 ], [ 37.0522, -0.0067 ], [ 37.0513, -0.0126 ], [ 37.0253, -0.0469 ], [ 36.9976, -0.0625 ], [ 36.978, -0.0686 ], [ 36.9857, -0.1327 ], [ 36.9958, -0.1426 ], [ 37.0079, -0.147 ], [ 37.0076, -0.1515 ], [ 37.0148, -0.1603 ], [ 37.0194, -0.1737 ], [ 37.0082, -0.2197 ], [ 37.0133, -0.229 ], [ 37.0102, -0.2401 ], [ 36.9979, -0.2509 ], [ 36.9886, -0.2543 ], [ 36.9983, -0.269 ], [ 36.9874, -0.2931 ], [ 36.958, -0.28 ], [ 36.8795, -0.2561 ], [ 36.8729, -0.2504 ], [ 36.8715, -0.245 ], [ 36.8566, -0.2526 ], [ 36.8412, -0.2116 ], [ 36.8448, -0.21 ], [ 36.8397, -0.1954 ], [ 36.8532, -0.1943 ], [ 36.8598, -0.1861 ], [ 36.8659, -0.1845 ], [ 36.8659, -0.1783 ], [ 36.8691, -0.179 ], [ 36.8716, -0.174 ], [ 36.8588, -0.1505 ], [ 36.8607, -0.1409 ], [ 36.8484, -0.1349 ], [ 36.8315, -0.1323 ], [ 36.831, -0.1016 ], [ 36.7916, -0.1052 ], [ 36.7684, -0.1118 ], [ 36.7654, -0.1068 ], [ 36.7522, -0.118 ], [ 36.7168, -0.1264 ], [ 36.7115, -0.133 ], [ 36.6597, -0.1498 ], [ 36.6903, -0.1718 ], [ 36.6825, -0.1725 ], [ 36.6842, -0.1825 ], [ 36.6152, -0.308 ], [ 36.6092, -0.3311 ], [ 36.6111, -0.3433 ], [ 36.6168, -0.3535 ], [ 36.6062, -0.3629 ], [ 36.604, -0.3695 ], [ 36.607, -0.3742 ], [ 36.6313, -0.3851 ], [ 36.6232, -0.3991 ], [ 36.6378, -0.4 ], [ 36.6495, -0.4146 ], [ 36.6585, -0.411 ], [ 36.6651, -0.4037 ], [ 36.6839, -0.4022 ], [ 36.6917, -0.4082 ], [ 36.6918, -0.4221 ], [ 36.6945, -0.4265 ], [ 36.7104, -0.4407 ], [ 36.7144, -0.4509 ], [ 36.7236, -0.4567 ], [ 36.729, -0.4536 ], [ 36.7417, -0.4539 ], [ 36.7342, -0.4158 ], [ 36.8012, -0.39 ], [ 36.8014, -0.3844 ], [ 36.8115, -0.3828 ], [ 36.827, -0.3868 ], [ 36.8553, -0.3826 ], [ 36.8676, -0.3933 ], [ 36.8868, -0.3973 ], [ 36.8899, -0.3795 ], [ 36.9064, -0.3744 ], [ 36.9126, -0.3771 ], [ 36.9186, -0.3712 ], [ 36.9267, -0.3752 ], [ 36.9306, -0.37 ], [ 36.9315, -0.3573 ], [ 36.961, -0.3659 ], [ 36.9638, -0.3715 ], [ 36.9678, -0.371 ], [ 36.9651, -0.3672 ], [ 36.9896, -0.3492 ], [ 36.9927, -0.3505 ], [ 36.9909, -0.3537 ], [ 37.0049, -0.3726 ], [ 37.0051, -0.3861 ], [ 37.0091, -0.392 ], [ 37.0135, -0.3932 ], [ 37.0173, -0.3994 ], [ 37.0288, -0.3998 ], [ 37.0327, -0.3886 ], [ 37.028, -0.3844 ], [ 37.0424, -0.3728 ], [ 37.0472, -0.378 ], [ 37.052, -0.3761 ], [ 37.06, -0.363 ], [ 37.0728, -0.3558 ], [ 37.0846, -0.3335 ], [ 37.0965, -0.3314 ], [ 37.1055, -0.3233 ], [ 37.1122, -0.3233 ], [ 37.1186, -0.3179 ], [ 37.127, -0.3177 ], [ 37.1316, -0.3108 ], [ 37.1372, -0.309 ], [ 37.1475, -0.3107 ], [ 37.1689, -0.3077 ], [ 37.185, -0.2918 ], [ 37.2016, -0.2844 ], [ 37.3078, -0.1496 ], [ 37.1373, -0.0377 ], [ 37.1318, -0.0325 ], [ 37.1325, -0.0276 ], [ 37.1206, -0.0184 ] ] ] } },
{ "type": "Feature", "properties": { "iso3": "KEN", "unit_id": "43622606B31839550657223", "unit_name": "Mathira" }, "geometry": { "type": "Polygon", "coordinates": [ [ [ 37.0808, -0.5134 ], [ 37.0802, -0.5195 ], [ 37.0839, -0.5202 ], [ 37.0877, -0.5315 ], [ 37.0949, -0.5328 ], [ 37.0946, -0.5386 ], [ 37.0998, -0.5411 ], [ 37.1075, -0.5426 ], [ 37.1096, -0.5393 ], [ 37.122, -0.5367 ], [ 37.1338, -0.5382 ], [ 37.1347, -0.5485 ], [ 37.1482, -0.5628 ], [ 37.1498, -0.5524 ], [ 37.1453, -0.5263 ], [ 37.1498, -0.521 ], [ 37.1545, -0.523 ], [ 37.1557, -0.5186 ], [ 37.1635, -0.5218 ], [ 37.1647, -0.5185 ], [ 37.1621, -0.5177 ], [ 37.1695, -0.5126 ], [ 37.1688, -0.5023 ], [ 37.1617, -0.4919 ], [ 37.167, -0.4856 ], [ 37.1768, -0.4812 ], [ 37.1755, -0.4415 ], [ 37.1822, -0.4378 ], [ 37.1876, -0.441 ], [ 37.1992, -0.4386 ], [ 37.1993, -0.4292 ], [ 37.205, -0.4216 ], [ 37.3078, -0.1496 ], [ 37.2016, -0.2844 ], [ 37.185, -0.2918 ], [ 37.1689, -0.3077 ], [ 37.1475, -0.3107 ], [ 37.1372, -0.309 ], [ 37.1316, -0.3108 ], [ 37.127, -0.3177 ], [ 37.1186, -0.3179 ], [ 37.1122, -0.3233 ], [ 37.1055, -0.3233 ], [ 37.0965, -0.3314 ], [ 37.0846, -0.3335 ], [ 37.0728, -0.3558 ], [ 37.06, -0.363 ], [ 37.052, -0.3761 ], [ 37.0472, -0.378 ], [ 37.0424, -0.3728 ], [ 37.028, -0.3844 ], [ 37.0327, -0.3886 ], [ 37.0288, -0.3998 ], [ 37.0391, -0.4141 ], [ 37.04, -0.4228 ], [ 37.0437, -0.4231 ], [ 37.0463, -0.4275 ], [ 37.0474, -0.4406 ], [ 37.0407, -0.4428 ], [ 37.0476, -0.452 ], [ 37.0479, -0.4613 ], [ 37.0513, -0.4643 ], [ 37.047, -0.4698 ], [ 37.0541, -0.4701 ], [ 37.0482, -0.4776 ], [ 37.0513, -0.4786 ], [ 37.0504, -0.4825 ], [ 37.0454, -0.4843 ], [ 37.0475, -0.4888 ], [ 37.0573, -0.4884 ], [ 37.0558, -0.4914 ], [ 37.0629, -0.4971 ], [ 37.0694, -0.5102 ], [ 37.0808, -0.5134 ] ] ] } },
{ "type": "Feature", "properties": { "iso3": "KEN", "unit_id": "43622606B80810678074414", "unit_name": "Othaya" }, "geometry": { "type": "Polygon", "coordinates": [ [ [ 36.7076, -0.6252 ], [ 36.7119, -0.6056 ], [ 36.7081, -0.585 ], [ 36.7243, -0.5689 ], [ 36.7351, -0.5644 ], [ 36.75, -0.569 ], [ 36.7783, -0.5648 ], [ 36.7941, -0.5688 ], [ 36.8031, -0.5671 ], [ 36.809, -0.5692 ], [ 36.8111, -0.5793 ], [ 36.8227, -0.5818 ], [ 36.8382, -0.5927 ], [ 36.8466, -0.5926 ], [ 36.861, -0.6048 ], [ 36.8765, -0.6046 ], [ 36.8845, -0.6093 ], [ 36.8948, -0.6068 ], [ 36.9138, -0.6081 ], [ 36.9204, -0.6022 ], [ 36.9241, -0.6032 ], [ 36.9495, -0.5931 ], [ 36.9572, -0.5868 ], [ 36.9673, -0.5853 ], [ 36.9775, -0.5775 ], [ 36.9735, -0.5675 ], [ 36.9811, -0.5684 ], [ 36.9854, -0.5643 ], [ 36.9934, -0.5509 ], [ 36.9926, -0.5423 ], [ 37.0017, -0.5254 ], [ 37.0018, -0.5218 ], [ 36.9976, -0.5228 ], [ 36.9987, -0.5101 ], [ 36.9939, -0.5116 ], [ 36.9822, -0.5062 ], [ 36.9772, -0.5097 ], [ 36.9603, -0.5084 ], [ 36.9496, -0.4947 ], [ 36.9333, -0.4958 ], [ 36.9265, -0.5018 ], [ 36.9138, -0.5049 ], [ 36.8997, -0.5021 ], [ 36.8964, -0.4978 ], [ 36.8774, -0.4969 ], [ 36.8729, -0.4924 ], [ 36.859, -0.4954 ], [ 36.8376, -0.4911 ], [ 36.8259, -0.4963 ], [ 36.8184, -0.4873 ], [ 36.8107, -0.4885 ], [ 36.8035, -0.4955 ], [ 36.7865, -0.4973 ], [ 36.7797, -0.5024 ], [ 36.758, -0.504 ], [ 36.7453, -0.4948 ], [ 36.7359, -0.4926 ], [ 36.728, -0.4804 ], [ 36.7051, -0.484 ], [ 36.6879, -0.5103 ], [ 36.6706, -0.5146 ], [ 36.658, -0.5089 ], [ 36.67, -0.5476 ], [ 36.6703, -0.5711 ], [ 36.6806, -0.5768 ], [ 36.6797, -0.586 ], [ 36.6852, -0.5975 ], [ 36.7076, -0.6252 ] ] ] } },
{ "type": "Feature", "properties": { "iso3": "KEN", "unit_id": "43622606B45613937163173", "unit_name": "Mukurweni" }, "geometry": { "type": "Polygon", "coordinates": [ [ [ 37.0018, -0.5218 ], [ 36.9961, -0.5396 ], [ 36.9926, -0.5423 ], [ 36.9934, -0.5509 ], [ 36.9854, -0.5643 ], [ 36.9811, -0.5684 ], [ 36.9735, -0.5675 ], [ 36.9775, -0.5775 ], [ 36.9875, -0.5742 ], [ 36.9944, -0.5764 ], [ 36.997, -0.5838 ], [ 37.0156, -0.5837 ], [ 37.0259, -0.5899 ], [ 37.0489, -0.594 ], [ 37.0594, -0.6098 ], [ 37.0674, -0.6096 ], [ 37.0782, -0.6146 ], [ 37.0855, -0.6229 ], [ 37.0997, -0.6263 ], [ 37.1024, -0.6295 ], [ 37.1017, -0.6365 ], [ 37.1205, -0.6447 ], [ 37.139, -0.6369 ], [ 37.1528, -0.6399 ], [ 37.1548, -0.6353 ], [ 37.1692, -0.635 ], [ 37.1705, -0.6307 ], [ 37.175, -0.6304 ], [ 37.1716, -0.6268 ], [ 37.1765, -0.6186 ], [ 37.1742, -0.6156 ], [ 37.1788, -0.6136 ], [ 37.1783, -0.5996 ], [ 37.1703, -0.5969 ], [ 37.1678, -0.5901 ], [ 37.166, -0.5925 ], [ 37.1602, -0.5913 ], [ 37.1499, -0.5796 ], [ 37.1491, -0.5713 ], [ 37.1442, -0.5682 ], [ 37.145, -0.5607 ], [ 37.1347, -0.5485 ], [ 37.1338, -0.5382 ], [ 37.122, -0.5367 ], [ 37.1096, -0.5393 ], [ 37.1075, -0.5426 ], [ 37.0998, -0.5411 ], [ 37.0946, -0.5386 ], [ 37.0949, -0.5328 ], [ 37.0877, -0.5315 ], [ 37.0839, -0.5202 ], [ 37.0802, -0.5195 ], [ 37.0812, -0.5167 ], [ 37.072, -0.515 ], [ 37.0692, -0.5184 ], [ 37.0622, -0.5182 ], [ 37.059, -0.5124 ], [ 37.0575, -0.5176 ], [ 37.0538, -0.5155 ], [ 37.0507, -0.5193 ], [ 37.044, -0.5175 ], [ 37.0425, -0.5202 ], [ 37.0389, -0.5163 ], [ 37.0338, -0.5208 ], [ 37.0268, -0.5149 ], [ 37.0263, -0.5183 ], [ 37.0191, -0.5187 ], [ 37.0181, -0.5237 ], [ 37.0119, -0.5175 ], [ 37.0018, -0.5218 ] ] ] } },
{ "type": "Feature", "properties": { "iso3": "KEN", "unit_id": "43622606B3593202572223", "unit_name": "Nyeri Town" }, "geometry": { "type": "Polygon", "coordinates": [ [ [ 37.0454, -0.4843 ], [ 37.0504, -0.4825 ], [ 37.0513, -0.4786 ], [ 37.0482, -0.4776 ], [ 37.0541, -0.4701 ], [ 37.047, -0.4698 ], [ 37.0513, -0.4643 ], [ 37.0479, -0.4613 ], [ 37.0476, -0.452 ], [ 37.0407, -0.4428 ], [ 37.0474, -0.4406 ], [ 37.0463, -0.4275 ], [ 37.0437, -0.4231 ], [ 37.04, -0.4228 ], [ 37.0391, -0.4141 ], [ 37.0288, -0.3998 ], [ 37.0173, -0.3994 ], [ 37.0135, -0.3932 ], [ 37.0091, -0.392 ], [ 37.0051, -0.3861 ], [ 37.0049, -0.3726 ], [ 36.9909, -0.3537 ], [ 36.9927, -0.3505 ], [ 36.9896, -0.3492 ], [ 36.9651, -0.3672 ], [ 36.9678, -0.371 ], [ 36.9638, -0.3715 ], [ 36.961, -0.3659 ], [ 36.9315, -0.3573 ], [ 36.9306, -0.37 ], [ 36.9267, -0.3752 ], [ 36.9186, -0.3712 ], [ 36.9126, -0.3771 ], [ 36.9064, -0.3744 ], [ 36.8899, -0.3795 ], [ 36.8868, -0.3973 ], [ 36.8936, -0.3938 ], [ 36.9059, -0.4033 ], [ 36.8983, -0.4042 ], [ 36.901, -0.4171 ], [ 36.899, -0.4204 ], [ 36.8889, -0.422 ], [ 36.8847, -0.4264 ], [ 36.8754, -0.4254 ], [ 36.8801, -0.4439 ], [ 36.8897, -0.4398 ], [ 36.9196, -0.4653 ], [ 36.9206, -0.4606 ], [ 36.9487, -0.4531 ], [ 36.9467, -0.4728 ], [ 36.9488, -0.4747 ], [ 36.9554, -0.4732 ], [ 36.9601, -0.4772 ], [ 36.9649, -0.4655 ], [ 36.9714, -0.4666 ], [ 36.977, -0.4629 ], [ 36.9783, -0.4578 ], [ 36.9876, -0.4569 ], [ 36.997, -0.461 ], [ 37.0014, -0.4699 ], [ 37.0134, -0.4711 ], [ 37.0231, -0.4652 ], [ 37.0241, -0.4681 ], [ 37.0284, -0.4674 ], [ 37.0367, -0.4793 ], [ 37.0454, -0.4843 ] ] ] } },
{ "type": "Feature", "properties": { "iso3": "KEN", "unit_id": "43622606B59114952164121", "unit_name": "Mwea" }, "geometry": { "type": "Polygon", "coordinates": [ [ [ 37.4478, -0.5387 ], [ 37.4303, -0.5377 ], [ 37.4143, -0.5489 ], [ 37.3948, -0.5485 ], [ 37.3713, -0.5556 ], [ 37.345, -0.5563 ], [ 37.277, -0.5889 ], [ 37.2633, -0.6038 ], [ 37.2623, -0.6114 ], [ 37.2725, -0.6187 ], [ 37.2815, -0.6411 ], [ 37.3089, -0.6723 ], [ 37.3121, -0.6982 ], [ 37.3275, -0.7145 ], [ 37.3296, -0.7306 ], [ 37.3406, -0.7488 ], [ 37.3283, -0.7656 ], [ 37.3472, -0.7722 ], [ 37.3582, -0.7698 ], [ 37.3593, -0.7617 ], [ 37.3708, -0.7638 ], [ 37.3882, -0.7527 ], [ 37.4066, -0.7476 ], [ 37.4211, -0.7474 ], [ 37.4442, -0.7306 ], [ 37.4639, -0.7333 ], [ 37.4635, -0.7291 ], [ 37.4732, -0.7243 ], [ 37.4925, -0.7317 ], [ 37.496, -0.7306 ], [ 37.4876, -0.7167 ], [ 37.4793, -0.7142 ], [ 37.4773, -0.708 ], [ 37.4798, -0.6916 ], [ 37.4742, -0.6785 ], [ 37.4781, -0.6691 ], [ 37.4724, -0.6485 ], [ 37.4786, -0.6389 ], [ 37.4808, -0.6253 ], [ 37.4865, -0.623 ], [ 37.4881, -0.6142 ], [ 37.4835, -0.6031 ], [ 37.4768, -0.5989 ], [ 37.4852, -0.5815 ], [ 37.4789, -0.5756 ], [ 37.4716, -0.5553 ], [ 37.462, -0.5546 ], [ 37.4608, -0.5495 ], [ 37.4527, -0.5489 ], [ 37.4475, -0.5433 ], [ 37.4478, -0.5387 ] ] ] } },
{ "type": "Feature", "properties": { "iso3": "KEN", "unit_id": "43622606B66389005146153", "unit_name": "Gichugu" }, "geometry": { "type": "Polygon", "coordinates": [ [ [ 37.3078, -0.1496 ], [ 37.274, -0.4127 ], [ 37.277, -0.4257 ], [ 37.2886, -0.441 ], [ 37.2853, -0.4505 ], [ 37.2914, -0.4612 ], [ 37.2912, -0.4883 ], [ 37.3033, -0.5013 ], [ 37.3069, -0.5284 ], [ 37.3115, -0.5284 ], [ 37.3143, -0.5409 ], [ 37.3242, -0.5516 ], [ 37.322, -0.5658 ], [ 37.345, -0.5563 ], [ 37.3713, -0.5556 ], [ 37.3948, -0.5485 ], [ 37.4143, -0.5489 ], [ 37.4303, -0.5377 ], [ 37.4478, -0.5387 ], [ 37.4458, -0.5295 ], [ 37.4324, -0.518 ], [ 37.4256, -0.5036 ], [ 37.4259, -0.4971 ], [ 37.43, -0.4942 ], [ 37.4239, -0.481 ], [ 37.4285, -0.4641 ], [ 37.4281, -0.4455 ], [ 37.4226, -0.4425 ], [ 37.4262, -0.4312 ], [ 37.4249, -0.4209 ], [ 37.3078, -0.1496 ] ] ] } },
{ "type": "Feature", "properties": { "iso3": "KEN", "unit_id": "43622606B44225707272356", "unit_name": "Ndia" }, "geometry": { "type": "Polygon", "coordinates": [ [ [ 37.3283, -0.7656 ], [ 37.3406, -0.7488 ], [ 37.3296, -0.7306 ], [ 37.3275, -0.7145 ], [ 37.3121, -0.6982 ], [ 37.3089, -0.6723 ], [ 37.2815, -0.6411 ], [ 37.2725, -0.6187 ], [ 37.2623, -0.6114 ], [ 37.2633, -0.6038 ], [ 37.2593, -0.6005 ], [ 37.2578, -0.5889 ], [ 37.2481, -0.5793 ], [ 37.2452, -0.5569 ], [ 37.2502, -0.5509 ], [ 37.2503, -0.5423 ], [ 37.235, -0.5208 ], [ 37.2352, -0.5106 ], [ 37.2198, -0.4812 ], [ 37.2214, -0.468 ], [ 37.2139, -0.4358 ], [ 37.217, -0.4307 ], [ 37.216, -0.4195 ], [ 37.3078, -0.1496 ], [ 37.205, -0.4216 ], [ 37.1993, -0.4292 ], [ 37.1992, -0.4386 ], [ 37.1876, -0.441 ], [ 37.1822, -0.4378 ], [ 37.1755, -0.4415 ], [ 37.1768, -0.4812 ], [ 37.167, -0.4856 ], [ 37.1617, -0.4919 ], [ 37.1707, -0.5081 ], [ 37.1695, -0.5126 ], [ 37.1621, -0.5177 ], [ 37.1647, -0.5185 ], [ 37.1635, -0.5218 ], [ 37.1557, -0.5186 ], [ 37.1545, -0.523 ], [ 37.1498, -0.521 ], [ 37.1453, -0.5263 ], [ 37.1498, -0.5524 ], [ 37.1442, -0.5682 ], [ 37.1491, -0.5713 ], [ 37.1499, -0.5796 ], [ 37.1602, -0.5913 ], [ 37.166, -0.5925 ], [ 37.1678, -0.5901 ], [ 37.1703, -0.5969 ], [ 37.1783, -0.5996 ], [ 37.1788, -0.6136 ], [ 37.1742, -0.6156 ], [ 37.1765, -0.6186 ], [ 37.1716, -0.6268 ], [ 37.175, -0.6304 ], [ 37.1705, -0.6307 ], [ 37.1686, -0.6376 ], [ 37.1722, -0.6407 ], [ 37.169, -0.6477 ], [ 37.1745, -0.6494 ], [ 37.1794, -0.6578 ], [ 37.1786, -0.6657 ], [ 37.2008, -0.6627 ], [ 37.2041, -0.6754 ], [ 37.2143, -0.6888 ], [ 37.2257, -0.6717 ], [ 37.2375, -0.6664 ], [ 37.2363, -0.6758 ], [ 37.2442, -0.6909 ], [ 37.2417, -0.6933 ], [ 37.2445, -0.6973 ], [ 37.2436, -0.7055 ], [ 37.2489, -0.7062 ], [ 37.2489, -0.7113 ], [ 37.2562, -0.7199 ], [ 37.2514, -0.7185 ], [ 37.2505, -0.7227 ], [ 37.2574, -0.7245 ], [ 37.2573, -0.7323 ], [ 37.2655, -0.7413 ], [ 37.2629, -0.7454 ], [ 37.2702, -0.7523 ], [ 37.2637, -0.7526 ], [ 37.2606, -0.7492 ], [ 37.2555, -0.7558 ], [ 37.2619, -0.7674 ], [ 37.2652, -0.7843 ], [ 37.2677, -0.7853 ], [ 37.2669, -0.7776 ], [ 37.2767, -0.7538 ], [ 37.2891, -0.7545 ], [ 37.3151, -0.7483 ], [ 37.3182, -0.7578 ], [ 37.3283, -0.7656 ] ] ] } },
{ "type": "Feature", "properties": { "iso3": "KEN", "unit_id": "43622606B30326266463033", "unit_name": "Kirinyaga Central" }, "geometry": { "type": "Polygon", "coordinates": [ [ [ 37.322, -0.5658 ], [ 37.3242, -0.5516 ], [ 37.3143, -0.5409 ], [ 37.3115, -0.5284 ], [ 37.3069, -0.5284 ], [ 37.3033, -0.5013 ], [ 37.2912, -0.4883 ], [ 37.2914, -0.4612 ], [ 37.2853, -0.4505 ], [ 37.2886, -0.441 ], [ 37.277, -0.4257 ], [ 37.274, -0.4127 ], [ 37.3078, -0.1496 ], [ 37.216, -0.4195 ], [ 37.217, -0.4307 ], [ 37.2139, -0.4358 ], [ 37.2214, -0.468 ], [ 37.2198, -0.4812 ], [ 37.2352, -0.5106 ], [ 37.235, -0.5208 ], [ 37.2503, -0.5423 ], [ 37.2502, -0.5509 ], [ 37.2452, -0.5569 ], [ 37.2462, -0.5674 ], [ 37.2481, -0.5793 ], [ 37.2599, -0.5931 ], [ 37.2593, -0.6005 ], [ 37.2633, -0.6038 ], [ 37.277, -0.5889 ], [ 37.322, -0.5658 ] ] ] } },
{ "type": "Feature", "properties": { "iso3": "KEN", "unit_id": "43622606B53501260523872", "unit_name": "Kangema" }, "geometry": { "type": "Polygon", "coordinates": [ [ [ 36.7094, -0.6633 ], [ 36.7296, -0.6851 ], [ 36.7484, -0.6866 ], [ 36.7546, -0.6967 ], [ 36.7633, -0.6986 ], [ 36.7713, -0.706 ], [ 36.7768, -0.7166 ], [ 36.8038, -0.7341 ], [ 36.8142, -0.7117 ], [ 36.8188, -0.7111 ], [ 36.8304, -0.7144 ], [ 36.8461, -0.7259 ], [ 36.8721, -0.7317 ], [ 36.8843, -0.7455 ], [ 36.8933, -0.7496 ], [ 36.911, -0.7518 ], [ 36.9153, -0.7558 ], [ 36.9368, -0.7557 ], [ 36.9529, -0.7658 ], [ 36.9643, -0.7671 ], [ 36.9645, -0.7498 ], [ 36.9678, -0.742 ], [ 36.9827, -0.738 ], [ 36.999, -0.7449 ], [ 37.0085, -0.7342 ], [ 36.9919, -0.7266 ], [ 36.9652, -0.7294 ], [ 36.9623, -0.7265 ], [ 36.9622, -0.7119 ], [ 36.9568, -0.7106 ], [ 36.9618, -0.6957 ], [ 36.9784, -0.6979 ], [ 37.0083, -0.6953 ], [ 37.0126, -0.7012 ], [ 37.0261, -0.7038 ], [ 37.0425, -0.6982 ], [ 37.0533, -0.7044 ], [ 37.0671, -0.7061 ], [ 37.0731, -0.7037 ], [ 37.0913, -0.7078 ], [ 37.0937, -0.7054 ], [ 37.0991, -0.7085 ], [ 37.1042, -0.7051 ], [ 37.1096, -0.7078 ], [ 37.118, -0.7049 ], [ 37.104, -0.6919 ], [ 37.0939, -0.6894 ], [ 37.0917, -0.6858 ], [ 37.0743, -0.6781 ], [ 37.052, -0.6761 ], [ 37.0425, -0.6706 ], [ 37.0253, -0.6737 ], [ 37.0178, -0.6721 ], [ 37.0051, -0.6577 ], [ 36.9985, -0.6563 ], [ 36.9839, -0.6653 ], [ 36.963, -0.667 ], [ 36.9512, -0.6623 ], [ 36.9446, -0.6476 ], [ 36.9003, -0.6421 ], [ 36.8882, -0.6325 ], [ 36.8752, -0.6319 ], [ 36.8587, -0.6437 ], [ 36.8379, -0.6419 ], [ 36.8288, -0.6454 ], [ 36.8226, -0.6401 ], [ 36.8266, -0.6321 ], [ 36.8142, -0.6266 ], [ 36.8113, -0.6189 ], [ 36.8134, -0.6072 ], [ 36.7912, -0.6146 ], [ 36.7686, -0.6073 ], [ 36.7436, -0.609 ], [ 36.7378, -0.6108 ], [ 36.7314, -0.6191 ], [ 36.7087, -0.6231 ], [ 36.7058, -0.6445 ], [ 36.7094, -0.6633 ] ] ] } },
{ "type": "Feature", "properties": { "iso3": "KEN", "unit_id": "43622606B84571125599390", "unit_name": "Mathioya" }, "geometry": { "type": "Polygon", "coordinates": [ [ [ 36.7087, -0.6231 ], [ 36.7314, -0.6191 ], [ 36.7378, -0.6108 ], [ 36.7436, -0.609 ], [ 36.7686, -0.6073 ], [ 36.7912, -0.6146 ], [ 36.8134, -0.6072 ], [ 36.8113, -0.6189 ], [ 36.8142, -0.6266 ], [ 36.8266, -0.6321 ], [ 36.8226, -0.6401 ], [ 36.8288, -0.6454 ], [ 36.8379, -0.6419 ], [ 36.8587, -0.6437 ], [ 36.8752, -0.6319 ], [ 36.8882, -0.6325 ], [ 36.9003, -0.6421 ], [ 36.9446, -0.6476 ], [ 36.9512, -0.6623 ], [ 36.963, -0.667 ], [ 36.9839, -0.6653 ], [ 36.9985, -0.6563 ], [ 37.0051, -0.6577 ], [ 37.0178, -0.6721 ], [ 37.0253, -0.6737 ], [ 37.0425, -0.6706 ], [ 37.052, -0.6761 ], [ 37.0743, -0.6781 ], [ 37.0917, -0.6858 ], [ 37.0939, -0.6894 ], [ 37.104, -0.6919 ], [ 37.1074, -0.6977 ], [ 37.1139, -0.6991 ], [ 37.1243, -0.7076 ], [ 37.1224, -0.6988 ], [ 37.1083, -0.6814 ], [ 37.1136, -0.6733 ], [ 37.1089, -0.6674 ], [ 37.1124, -0.6643 ], [ 37.1104, -0.6606 ], [ 37.1278, -0.6437 ], [ 37.1205, -0.6447 ], [ 37.1017, -0.6365 ], [ 37.1024, -0.6295 ], [ 37.0997, -0.6263 ], [ 37.0855, -0.6229 ], [ 37.0782, -0.6146 ], [ 37.0674, -0.6096 ], [ 37.0594, -0.6098 ], [ 37.0489, -0.594 ], [ 37.0259, -0.5899 ], [ 37.0156, -0.5837 ], [ 36.997, -0.5838 ], [ 36.9944, -0.5764 ], [ 36.9875, -0.5742 ], [ 36.9673, -0.5853 ], [ 36.9572, -0.5868 ], [ 36.9495, -0.5931 ], [ 36.9241, -0.6032 ], [ 36.9204, -0.6022 ], [ 36.9138, -0.6081 ], [ 36.8948, -0.6068 ], [ 36.8845, -0.6093 ], [ 36.8765, -0.6046 ], [ 36.861, -0.6048 ], [ 36.8466, -0.5926 ], [ 36.8382, -0.5927 ], [ 36.8227, -0.5818 ], [ 36.8111, -0.5793 ], [ 36.809, -0.5692 ], [ 36.8031, -0.5671 ], [ 36.7941, -0.5688 ], [ 36.7783, -0.5648 ], [ 36.75, -0.569 ], [ 36.7351, -0.5644 ], [ 36.7243, -0.5689 ], [ 36.7081, -0.585 ], [ 36.7119, -0.6056 ], [ 36.7087, -0.6231 ] ] ] } },
{ "type": "Feature", "properties": { "iso3": "KEN", "unit_id": "43622606B41665940189558", "unit_name": "Kiharu" }, "geometry": { "type": "Polygon", "coordinates": [ [ [ 37.139, -0.6369 ], [ 37.1104, -0.6606 ], [ 37.1124, -0.6643 ], [ 37.1089, -0.6674 ], [ 37.1136, -0.6733 ], [ 37.1083, -0.6814 ], [ 37.1224, -0.6988 ], [ 37.1243, -0.7076 ], [ 37.118, -0.7049 ], [ 37.1096, -0.7078 ], [ 37.1042, -0.7051 ], [ 37.0991, -0.7085 ], [ 37.0937, -0.7054 ], [ 37.0913, -0.7078 ], [ 37.0731, -0.7037 ], [ 37.0671, -0.7061 ], [ 37.0533, -0.7044 ], [ 37.0425, -0.6982 ], [ 37.0261, -0.7038 ], [ 37.0126, -0.7012 ], [ 37.0083, -0.6953 ], [ 36.9784, -0.6979 ], [ 36.9618, -0.6957 ], [ 36.9568, -0.7106 ], [ 36.9622, -0.7119 ], [ 36.9623, -0.7265 ], [ 36.9652, -0.7294 ], [ 36.9919, -0.7266 ], [ 37.0085, -0.7342 ], [ 36.999, -0.7449 ], [ 36.9827, -0.738 ], [ 36.9678, -0.742 ], [ 36.9645, -0.7498 ], [ 36.9643, -0.7671 ], [ 36.9709, -0.7663 ], [ 36.98, -0.7716 ], [ 36.9862, -0.7687 ], [ 37.0041, -0.7731 ], [ 37.0083, -0.7703 ], [ 37.0197, -0.777 ], [ 37.043, -0.7714 ], [ 37.0539, -0.7805 ], [ 37.0628, -0.7781 ], [ 37.085, -0.7831 ], [ 37.0815, -0.7724 ], [ 37.0925, -0.7752 ], [ 37.0927, -0.7648 ], [ 37.1037, -0.7656 ], [ 37.1113, -0.7698 ], [ 37.1245, -0.7646 ], [ 37.1323, -0.766 ], [ 37.1441, -0.7609 ], [ 37.1546, -0.7454 ], [ 37.1791, -0.7497 ], [ 37.1882, -0.7474 ], [ 37.1922, -0.749 ], [ 37.1954, -0.7633 ], [ 37.2014, -0.7626 ], [ 37.2077, -0.7677 ], [ 37.2191, -0.7643 ], [ 37.2215, -0.7718 ], [ 37.2284, -0.7759 ], [ 37.2329, -0.7737 ], [ 37.2383, -0.7791 ], [ 37.2436, -0.7785 ], [ 37.262, -0.786 ], [ 37.2652, -0.7843 ], [ 37.2619, -0.7674 ], [ 37.2555, -0.7558 ], [ 37.2606, -0.7492 ], [ 37.2637, -0.7526 ], [ 37.2702, -0.7523 ], [ 37.2629, -0.7454 ], [ 37.2655, -0.7413 ], [ 37.2573, -0.7323 ], [ 37.2574, -0.7245 ], [ 37.2505, -0.7227 ], [ 37.2514, -0.7185 ], [ 37.2562, -0.7199 ], [ 37.2489, -0.7113 ], [ 37.2489, -0.7062 ], [ 37.2436, -0.7055 ], [ 37.2445, -0.6973 ], [ 37.2417, -0.6933 ], [ 37.2442, -0.6909 ], [ 37.2363, -0.6758 ], [ 37.2375, -0.6664 ], [ 37.2257, -0.6717 ], [ 37.2143, -0.6888 ], [ 37.2041, -0.6754 ], [ 37.2008, -0.6627 ], [ 37.1786, -0.6657 ], [ 37.1805, -0.6644 ], [ 37.177, -0.6533 ], [ 37.169, -0.6477 ], [ 37.1722, -0.6407 ], [ 37.1692, -0.635 ], [ 37.1548, -0.6353 ], [ 37.1528, -0.6399 ], [ 37.139, -0.6369 ] ] ] } },
{ "type": "Feature", "properties": { "iso3": "KEN", "unit_id": "43622606B50125656311014", "unit_name": "Kigumo" }, "geometry": { "type": "Polygon", "coordinates": [ [ [ 36.7067, -0.6956 ], [ 36.7116, -0.6812 ], [ 36.7199, -0.6831 ], [ 36.7304, -0.6916 ], [ 36.7301, -0.7009 ], [ 36.7411, -0.713 ], [ 36.746, -0.7391 ], [ 36.7624, -0.7584 ], [ 36.7716, -0.7682 ], [ 36.7894, -0.7765 ], [ 36.7969, -0.7884 ], [ 36.8058, -0.7943 ], [ 36.8105, -0.8053 ], [ 36.8209, -0.8116 ], [ 36.8386, -0.8155 ], [ 36.8382, -0.819 ], [ 36.8419, -0.8213 ], [ 36.8509, -0.8174 ], [ 36.8624, -0.8198 ], [ 36.8552, -0.8065 ], [ 36.8582, -0.7997 ], [ 36.8689, -0.8071 ], [ 36.8727, -0.7966 ], [ 36.8769, -0.7996 ], [ 36.8969, -0.7946 ], [ 36.9005, -0.7995 ], [ 36.923, -0.8058 ], [ 36.927, -0.8143 ], [ 36.9258, -0.8186 ], [ 36.9582, -0.8637 ], [ 36.9705, -0.8616 ], [ 36.9687, -0.8565 ], [ 36.9788, -0.8465 ], [ 36.9839, -0.8489 ], [ 36.9881, -0.8469 ], [ 36.9921, -0.8503 ], [ 37.0036, -0.8339 ], [ 37.014, -0.8422 ], [ 37.0305, -0.8475 ], [ 37.0424, -0.8586 ], [ 37.0577, -0.8571 ], [ 37.0686, -0.8629 ], [ 37.0826, -0.8759 ], [ 37.1034, -0.8769 ], [ 37.1192, -0.8849 ], [ 37.1255, -0.885 ], [ 37.1407, -0.8718 ], [ 37.1367, -0.825 ], [ 37.1119, -0.8203 ], [ 37.1023, -0.8277 ], [ 37.0937, -0.8287 ], [ 37.0723, -0.8232 ], [ 37.0589, -0.8246 ], [ 37.0626, -0.8194 ], [ 37.0508, -0.8186 ], [ 37.0338, -0.8073 ], [ 37.0147, -0.8014 ], [ 37.0155, -0.794 ], [ 37.0094, -0.7831 ], [ 37.0197, -0.777 ], [ 37.0083, -0.7703 ], [ 37.0041, -0.7731 ], [ 36.9862, -0.7687 ], [ 36.98, -0.7716 ], [ 36.9709, -0.7663 ], [ 36.9529, -0.7658 ], [ 36.9368, -0.7557 ], [ 36.9153, -0.7558 ], [ 36.911, -0.7518 ], [ 36.9003, -0.7522 ], [ 36.8843, -0.7455 ], [ 36.8721, -0.7317 ], [ 36.8461, -0.7259 ], [ 36.8304, -0.7144 ], [ 36.8188, -0.7111 ], [ 36.8142, -0.7117 ], [ 36.8038, -0.7341 ], [ 36.7768, -0.7166 ], [ 36.7713, -0.706 ], [ 36.7633, -0.6986 ], [ 36.7546, -0.6967 ], [ 36.7484, -0.6866 ], [ 36.7296, -0.6851 ], [ 36.7094, -0.6633 ], [ 36.7067, -0.6956 ] ] ] } },
{ "type": "Feature", "properties": { "iso3": "KEN", "unit_id": "43622606B840436380523", "unit_name": "Maragwa" }, "geometry": { "type": "Polygon", "coordinates": [ [ [ 37.2677, -0.7853 ], [ 37.2383, -0.7791 ], [ 37.2329, -0.7737 ], [ 37.2284, -0.7759 ], [ 37.2215, -0.7718 ], [ 37.2191, -0.7643 ], [ 37.2077, -0.7677 ], [ 37.2014, -0.7626 ], [ 37.1954, -0.7633 ], [ 37.1922, -0.749 ], [ 37.1882, -0.7474 ], [ 37.1791, -0.7497 ], [ 37.1546, -0.7454 ], [ 37.1441, -0.7609 ], [ 37.1323, -0.766 ], [ 37.1245, -0.7646 ], [ 37.1113, -0.7698 ], [ 37.1037, -0.7656 ], [ 37.0927, -0.7648 ], [ 37.0925, -0.7752 ], [ 37.0815, -0.7724 ], [ 37.085, -0.7831 ], [ 37.0628, -0.7781 ], [ 37.0539, -0.7805 ], [ 37.043, -0.7714 ], [ 37.0197, -0.777 ], [ 37.0094, -0.7831 ], [ 37.0155, -0.794 ], [ 37.0147, -0.8014 ], [ 37.0338, -0.8073 ], [ 37.0508, -0.8186 ], [ 37.0626, -0.8194 ], [ 37.0589, -0.8246 ], [ 37.0723, -0.8232 ], [ 37.0937, -0.8287 ], [ 37.1023, -0.8277 ], [ 37.1119, -0.8203 ], [ 37.1367, -0.825 ], [ 37.1407, -0.8718 ], [ 37.1255, -0.885 ], [ 37.1371, -0.8803 ], [ 37.1544, -0.8804 ], [ 37.1695, -0.8754 ], [ 37.1189, -0.8983 ], [ 37.1261, -0.9163 ], [ 37.1231, -0.9373 ], [ 37.1007, -0.9602 ], [ 37.1041, -0.9592 ], [ 37.122, -0.9793 ], [ 37.1358, -1.006 ], [ 37.1473, -0.9876 ], [ 37.1581, -0.9986 ], [ 37.1771, -0.9997 ], [ 37.1857, -1.0083 ], [ 37.1966, -1.0108 ], [ 37.2194, -0.998 ], [ 37.228, -0.9974 ], [ 37.2124, -0.9783 ], [ 37.2187, -0.9657 ], [ 37.2303, -0.9747 ], [ 37.2303, -0.9822 ], [ 37.2426, -0.9731 ], [ 37.2449, -0.9666 ], [ 37.2562, -0.9669 ], [ 37.2676, -0.9579 ], [ 37.2777, -0.9607 ], [ 37.2919, -0.9562 ], [ 37.2867, -0.9429 ], [ 37.3189, -0.9193 ], [ 37.2822, -0.8968 ], [ 37.2523, -0.8612 ], [ 37.2416, -0.8615 ], [ 37.2407, -0.8578 ], [ 37.2255, -0.8522 ], [ 37.2332, -0.8371 ], [ 37.2585, -0.8372 ], [ 37.2627, -0.7912 ], [ 37.2677, -0.7853 ] ] ] } },
{ "type": "Feature", "properties": { "iso3": "KEN", "unit_id": "43622606B20218583184547", "unit_name": "Kandara" }, "geometry": { "type": "Polygon", "coordinates": [ [ [ 36.8552, -0.8065 ], [ 36.8637, -0.8232 ], [ 36.8706, -0.8251 ], [ 36.8774, -0.8207 ], [ 36.8831, -0.8233 ], [ 36.8899, -0.8365 ], [ 36.8991, -0.8374 ], [ 36.9032, -0.8338 ], [ 36.9076, -0.8403 ], [ 36.913, -0.8394 ], [ 36.9189, -0.8527 ], [ 36.9292, -0.8651 ], [ 36.9311, -0.8747 ], [ 36.943, -0.8837 ], [ 36.9538, -0.8857 ], [ 36.9664, -0.8967 ], [ 36.9657, -0.8991 ], [ 36.9859, -0.9026 ], [ 37.0136, -0.9434 ], [ 37.0354, -0.9644 ], [ 37.0641, -0.9469 ], [ 37.0848, -0.9629 ], [ 37.0955, -0.9659 ], [ 37.1231, -0.9373 ], [ 37.1261, -0.9163 ], [ 37.1189, -0.8983 ], [ 37.1695, -0.8754 ], [ 37.1544, -0.8804 ], [ 37.1371, -0.8803 ], [ 37.1255, -0.885 ], [ 37.1192, -0.8849 ], [ 37.1034, -0.8769 ], [ 37.0826, -0.8759 ], [ 37.0686, -0.8629 ], [ 37.0577, -0.8571 ], [ 37.0424, -0.8586 ], [ 37.0305, -0.8475 ], [ 37.014, -0.8422 ], [ 37.0036, -0.8339 ], [ 36.9921, -0.8503 ], [ 36.9881, -0.8469 ], [ 36.9839, -0.8489 ], [ 36.9788, -0.8465 ], [ 36.9687, -0.8565 ], [ 36.9705, -0.8616 ], [ 36.9582, -0.8637 ], [ 36.9258, -0.8186 ], [ 36.927, -0.8143 ], [ 36.923, -0.8058 ], [ 36.9005, -0.7995 ], [ 36.8969, -0.7946 ], [ 36.8769, -0.7996 ], [ 36.8727, -0.7966 ], [ 36.8689, -0.8071 ], [ 36.8582, -0.7997 ], [ 36.8552, -0.8065 ] ] ] } },
{ "type": "Feature", "properties": { "iso3": "KEN", "unit_id": "43622606B18067728488478", "unit_name": "Gatanga" }, "geometry": { "type": "Polygon", "coordinates": [ [ [ 37.3189, -0.9193 ], [ 37.2867, -0.9429 ], [ 37.2919, -0.9562 ], [ 37.2777, -0.9607 ], [ 37.2676, -0.9579 ], [ 37.2562, -0.9669 ], [ 37.2449, -0.9666 ], [ 37.2426, -0.9731 ], [ 37.2303, -0.9822 ], [ 37.2303, -0.9747 ], [ 37.2187, -0.9657 ], [ 37.2124, -0.9783 ], [ 37.228, -0.9974 ], [ 37.2194, -0.998 ], [ 37.1966, -1.0108 ], [ 37.1857, -1.0083 ], [ 37.1771, -0.9997 ], [ 37.1581, -0.9986 ], [ 37.1473, -0.9876 ], [ 37.1358, -1.006 ], [ 37.122, -0.9793 ], [ 37.1041, -0.9592 ], [ 37.0931, -0.9672 ], [ 37.0641, -0.9469 ], [ 37.0354, -0.9644 ], [ 37.0293, -0.9603 ], [ 37.0136, -0.9434 ], [ 36.9859, -0.9026 ], [ 36.9657, -0.8991 ], [ 36.9664, -0.8967 ], [ 36.9538, -0.8857 ], [ 36.943, -0.8837 ], [ 36.9311, -0.8747 ], [ 36.9292, -0.8651 ], [ 36.9189, -0.8527 ], [ 36.913, -0.8394 ], [ 36.9076, -0.8403 ], [ 36.9032, -0.8338 ], [ 36.8991, -0.8374 ], [ 36.8899, -0.8365 ], [ 36.8831, -0.8233 ], [ 36.8774, -0.8207 ], [ 36.8706, -0.8251 ], [ 36.8509, -0.8174 ], [ 36.8419, -0.8213 ], [ 36.8382, -0.819 ], [ 36.8386, -0.8155 ], [ 36.8209, -0.8116 ], [ 36.8105, -0.8053 ], [ 36.8058, -0.7943 ], [ 36.7969, -0.7884 ], [ 36.7894, -0.7765 ], [ 36.7716, -0.7682 ], [ 36.746, -0.7391 ], [ 36.7411, -0.713 ], [ 36.7301, -0.7009 ], [ 36.7304, -0.6916 ], [ 36.7199, -0.6831 ], [ 36.7116, -0.6812 ], [ 36.7067, -0.6956 ], [ 36.7132, -0.7124 ], [ 36.7174, -0.7478 ], [ 36.7253, -0.7668 ], [ 36.7367, -0.7778 ], [ 36.7281, -0.778 ], [ 36.7238, -0.7816 ], [ 36.7194, -0.7773 ], [ 36.7241, -0.7902 ], [ 36.7222, -0.8045 ], [ 36.742, -0.8168 ], [ 36.7507, -0.8313 ], [ 36.7707, -0.8307 ], [ 36.8062, -0.8553 ], [ 36.81, -0.8542 ], [ 36.8095, -0.8571 ], [ 36.8247, -0.8632 ], [ 36.8321, -0.8724 ], [ 36.8424, -0.875 ], [ 36.8495, -0.8807 ], [ 36.86, -0.8818 ], [ 36.8641, -0.8885 ], [ 36.8778, -0.8909 ], [ 36.8805, -0.8963 ], [ 36.888, -0.895 ], [ 36.8931, -0.9093 ], [ 36.9077, -0.9123 ], [ 36.9163, -0.9289 ], [ 36.9237, -0.9342 ], [ 36.928, -0.9335 ], [ 36.9556, -0.9543 ], [ 36.965, -0.9715 ], [ 36.9817, -0.9772 ], [ 36.9913, -0.9881 ], [ 37.0226, -1.0099 ], [ 37.0326, -1.0267 ], [ 37.0518, -1.0315 ], [ 37.0621, -1.0247 ], [ 37.0604, -1.0137 ], [ 37.063, -1.0104 ], [ 37.0665, -1.0165 ], [ 37.0702, -1.017 ], [ 37.0688, -1.0238 ], [ 37.0976, -1.0344 ], [ 37.101, -1.0318 ], [ 37.107, -1.0335 ], [ 37.1161, -1.0391 ], [ 37.1238, -1.0514 ], [ 37.1326, -1.0462 ], [ 37.1547, -1.0512 ], [ 37.1565, -1.0475 ], [ 37.1592, -1.0494 ], [ 37.1739, -1.0422 ], [ 37.1769, -1.0315 ], [ 37.1915, -1.0406 ], [ 37.204, -1.0332 ], [ 37.2133, -1.0331 ], [ 37.216, -1.0274 ], [ 37.2245, -1.025 ], [ 37.2308, -1.0161 ], [ 37.2418, -1.0231 ], [ 37.2647, -1.016 ], [ 37.2853, -1.0412 ], [ 37.3106, -1.0652 ], [ 37.3147, -1.0626 ], [ 37.3252, -1.0765 ], [ 37.3294, -1.0756 ], [ 37.334, -1.0805 ], [ 37.3387, -1.0778 ], [ 37.3485, -1.0906 ], [ 37.3582, -1.0897 ], [ 37.3626, -1.0935 ], [ 37.3875, -1.0576 ], [ 37.4209, -1.0336 ], [ 37.4061, -1.012 ], [ 37.3623, -0.9877 ], [ 37.3383, -0.9853 ], [ 37.3329, -0.9764 ], [ 37.3456, -0.9768 ], [ 37.3667, -0.9641 ], [ 37.3546, -0.9474 ], [ 37.3433, -0.9616 ], [ 37.3352, -0.9594 ], [ 37.328, -0.9516 ], [ 37.3304, -0.9477 ], [ 37.3279, -0.9449 ], [ 37.3168, -0.948 ], [ 37.3146, -0.9401 ], [ 37.3255, -0.9339 ], [ 37.3187, -0.9251 ], [ 37.3189, -0.9193 ] ] ] } },
{ "type": "Feature", "properties": { "iso3": "KEN", "unit_id": "43622606B4238357501217", "unit_name": "Gatundu South" }, "geometry": { "type": "Polygon", "coordinates": [ [ [ 36.9483, -1.0252 ], [ 36.9262, -0.9977 ], [ 36.9184, -0.9963 ], [ 36.9152, -0.9847 ], [ 36.9059, -0.9727 ], [ 36.9005, -0.9714 ], [ 36.8945, -0.982 ], [ 36.8891, -0.9755 ], [ 36.8649, -0.964 ], [ 36.8677, -0.9564 ], [ 36.8516, -0.9501 ], [ 36.8448, -0.9507 ], [ 36.8375, -0.9402 ], [ 36.8148, -0.9221 ], [ 36.8035, -0.9217 ], [ 36.7766, -0.9081 ], [ 36.7741, -0.911 ], [ 36.7692, -0.9086 ], [ 36.7582, -0.8941 ], [ 36.749, -0.8925 ], [ 36.7321, -0.8806 ], [ 36.7134, -0.8572 ], [ 36.6974, -0.8567 ], [ 36.6565, -0.8444 ], [ 36.6565, -0.8735 ], [ 36.6646, -0.8749 ], [ 36.6727, -0.8731 ], [ 36.6777, -0.8682 ], [ 36.6834, -0.8692 ], [ 36.6941, -0.8819 ], [ 36.7174, -0.8936 ], [ 36.7376, -0.9151 ], [ 36.7314, -0.9205 ], [ 36.7422, -0.9354 ], [ 36.7271, -0.9542 ], [ 36.7363, -0.9566 ], [ 36.7409, -0.9616 ], [ 36.7508, -0.9621 ], [ 36.7563, -0.9683 ], [ 36.7634, -0.9681 ], [ 36.7632, -0.9713 ], [ 36.771, -0.9732 ], [ 36.7723, -0.9781 ], [ 36.7779, -0.9752 ], [ 36.8099, -1.0078 ], [ 36.8222, -1.0181 ], [ 36.8324, -1.0221 ], [ 36.8494, -1.039 ], [ 36.8588, -1.0403 ], [ 36.8967, -1.0601 ], [ 36.9067, -1.0535 ], [ 36.9139, -1.0546 ], [ 36.9185, -1.0605 ], [ 36.9259, -1.0631 ], [ 36.9348, -1.0573 ], [ 36.9428, -1.0591 ], [ 36.9432, -1.0621 ], [ 36.9552, -1.0439 ], [ 36.9507, -1.0391 ], [ 36.9395, -1.04 ], [ 36.9483, -1.0252 ] ] ] } },
{ "type": "Feature", "properties": { "iso3": "KEN", "unit_id": "43622606B28870937829166", "unit_name": "Gatundu North" }, "geometry": { "type": "Polygon", "coordinates": [ [ [ 36.7464, -0.8255 ], [ 36.7382, -0.8273 ], [ 36.7327, -0.8239 ], [ 36.72, -0.8228 ], [ 36.7214, -0.8259 ], [ 36.7177, -0.8285 ], [ 36.7248, -0.8339 ], [ 36.7239, -0.8385 ], [ 36.7202, -0.8383 ], [ 36.7094, -0.8261 ], [ 36.678, -0.8162 ], [ 36.6647, -0.8071 ], [ 36.6574, -0.8082 ], [ 36.6565, -0.8444 ], [ 36.6974, -0.8567 ], [ 36.7134, -0.8572 ], [ 36.7321, -0.8806 ], [ 36.749, -0.8925 ], [ 36.7582, -0.8941 ], [ 36.7692, -0.9086 ], [ 36.7741, -0.911 ], [ 36.7766, -0.9081 ], [ 36.8035, -0.9217 ], [ 36.8148, -0.9221 ], [ 36.8375, -0.9402 ], [ 36.8448, -0.9507 ], [ 36.8516, -0.9501 ], [ 36.8677, -0.9564 ], [ 36.8649, -0.964 ], [ 36.8891, -0.9755 ], [ 36.8945, -0.982 ], [ 36.9005, -0.9714 ], [ 36.9059, -0.9727 ], [ 36.9152, -0.9847 ], [ 36.9184, -0.9963 ], [ 36.9262, -0.9977 ], [ 36.9483, -1.0252 ], [ 36.9577, -1.0114 ], [ 36.9655, -1.0174 ], [ 36.9817, -0.9924 ], [ 36.9756, -0.9866 ], [ 36.9817, -0.9772 ], [ 36.965, -0.9715 ], [ 36.9556, -0.9543 ], [ 36.928, -0.9335 ], [ 36.9237, -0.9342 ], [ 36.9163, -0.9289 ], [ 36.9077, -0.9123 ], [ 36.8931, -0.9093 ], [ 36.888, -0.895 ], [ 36.8805, -0.8963 ], [ 36.8778, -0.8909 ], [ 36.8641, -0.8885 ], [ 36.86, -0.8818 ], [ 36.8495, -0.8807 ], [ 36.8424, -0.875 ], [ 36.8321, -0.8724 ], [ 36.8247, -0.8632 ], [ 36.8095, -0.8571 ], [ 36.81, -0.8542 ], [ 36.8062, -0.8553 ], [ 36.7707, -0.8307 ], [ 36.7507, -0.8313 ], [ 36.7464, -0.8255 ] ] ] } },
{ "type": "Feature", "properties": { "iso3": "KEN", "unit_id": "43622606B56801984864845", "unit_name": "Juja" }, "geometry": { "type": "Polygon", "coordinates": [ [ [ 37.1755, -1.1176 ], [ 37.1689, -1.1164 ], [ 37.1671, -1.1223 ], [ 37.1533, -1.1305 ], [ 37.1477, -1.1321 ], [ 37.1426, -1.1297 ], [ 37.1353, -1.1338 ], [ 37.125, -1.1316 ], [ 37.1191, -1.1263 ], [ 37.0972, -1.1222 ], [ 37.0947, -1.1197 ], [ 37.1059, -1.0927 ], [ 37.0965, -1.0894 ], [ 37.0797, -1.0698 ], [ 37.0778, -1.0737 ], [ 37.0574, -1.0622 ], [ 37.0466, -1.0467 ], [ 37.0287, -1.044 ], [ 36.9936, -1.0237 ], [ 36.9868, -1.009 ], [ 36.9755, -1.0026 ], [ 36.9655, -1.0174 ], [ 36.9577, -1.0114 ], [ 36.9395, -1.04 ], [ 36.9507, -1.0391 ], [ 36.9552, -1.0439 ], [ 36.9432, -1.0621 ], [ 36.9428, -1.0591 ], [ 36.9348, -1.0573 ], [ 36.9259, -1.0631 ], [ 36.9185, -1.0605 ], [ 36.9139, -1.0546 ], [ 36.9067, -1.0535 ], [ 36.8967, -1.0601 ], [ 36.8765, -1.0876 ], [ 36.8848, -1.0927 ], [ 36.8676, -1.1121 ], [ 36.8924, -1.1167 ], [ 36.8899, -1.1232 ], [ 36.8944, -1.1257 ], [ 36.8905, -1.1325 ], [ 36.8935, -1.1343 ], [ 36.8838, -1.1499 ], [ 36.8837, -1.1535 ], [ 36.8892, -1.1559 ], [ 36.9191, -1.1599 ], [ 36.9416, -1.1733 ], [ 36.9567, -1.1627 ], [ 36.9607, -1.149 ], [ 36.958, -1.152 ], [ 36.9449, -1.1432 ], [ 36.9471, -1.1399 ], [ 36.9542, -1.14 ], [ 36.9602, -1.1296 ], [ 36.969, -1.1358 ], [ 36.9613, -1.1433 ], [ 36.9853, -1.151 ], [ 36.9924, -1.1559 ], [ 36.9938, -1.1627 ], [ 37.0084, -1.1717 ], [ 37.0233, -1.1752 ], [ 37.036, -1.1723 ], [ 37.0467, -1.1735 ], [ 37.055, -1.169 ], [ 37.0632, -1.1712 ], [ 37.0704, -1.1659 ], [ 37.0831, -1.1674 ], [ 37.1002, -1.1829 ], [ 37.1111, -1.1838 ], [ 37.1183, -1.1964 ], [ 37.1238, -1.1945 ], [ 37.1314, -1.2028 ], [ 37.1377, -1.1961 ], [ 37.1437, -1.1993 ], [ 37.1561, -1.197 ], [ 37.1557, -1.1931 ], [ 37.1657, -1.1866 ], [ 37.1741, -1.1714 ], [ 37.1823, -1.1638 ], [ 37.1808, -1.1543 ], [ 37.1869, -1.1357 ], [ 37.1755, -1.1176 ] ] ] } },
{ "type": "Feature", "properties": { "iso3": "KEN", "unit_id": "43622606B52157283357383", "unit_name": "Thika Town" }, "geometry": { "type": "Polygon", "coordinates": [ [ [ 37.3626, -1.0935 ], [ 37.3582, -1.0897 ], [ 37.3485, -1.0906 ], [ 37.3387, -1.0778 ], [ 37.334, -1.0805 ], [ 37.3294, -1.0756 ], [ 37.3252, -1.0765 ], [ 37.3147, -1.0626 ], [ 37.3106, -1.0652 ], [ 37.2853, -1.0412 ], [ 37.2647, -1.016 ], [ 37.2418, -1.0231 ], [ 37.2308, -1.0161 ], [ 37.2245, -1.025 ], [ 37.216, -1.0274 ], [ 37.2133, -1.0331 ], [ 37.204, -1.0332 ], [ 37.1974, -1.0389 ], [ 37.1915, -1.0406 ], [ 37.1769, -1.0315 ], [ 37.1739, -1.0422 ], [ 37.1592, -1.0494 ], [ 37.1565, -1.0475 ], [ 37.1547, -1.0512 ], [ 37.1326, -1.0462 ], [ 37.1238, -1.0514 ], [ 37.1161, -1.0391 ], [ 37.107, -1.0335 ], [ 37.101, -1.0318 ], [ 37.0976, -1.0344 ], [ 37.0688, -1.0238 ], [ 37.0702, -1.017 ], [ 37.0665, -1.0165 ], [ 37.063, -1.0104 ], [ 37.0604, -1.0137 ], [ 37.0621, -1.0247 ], [ 37.0518, -1.0315 ], [ 37.0326, -1.0267 ], [ 37.0226, -1.0099 ], [ 36.9913, -0.9881 ], [ 36.9817, -0.9772 ], [ 36.9756, -0.9866 ], [ 36.9817, -0.9924 ], [ 36.9755, -1.0026 ], [ 36.9868, -1.009 ], [ 36.9936, -1.0237 ], [ 37.0287, -1.044 ], [ 37.0466, -1.0467 ], [ 37.0574, -1.0622 ], [ 37.0778, -1.0737 ], [ 37.0797, -1.0698 ], [ 37.0965, -1.0894 ], [ 37.1059, -1.0927 ], [ 37.0947, -1.1197 ], [ 37.1055, -1.1252 ], [ 37.1191, -1.1263 ], [ 37.1292, -1.1331 ], [ 37.1533, -1.1305 ], [ 37.1671, -1.1223 ], [ 37.1689, -1.1164 ], [ 37.1755, -1.1176 ], [ 37.1795, -1.1083 ], [ 37.1879, -1.104 ], [ 37.1919, -1.093 ], [ 37.2113, -1.078 ], [ 37.2323, -1.0734 ], [ 37.2499, -1.0775 ], [ 37.2625, -1.0676 ], [ 37.2804, -1.0651 ], [ 37.2987, -1.0719 ], [ 37.319, -1.0935 ], [ 37.3262, -1.0971 ], [ 37.3426, -1.1169 ], [ 37.3626, -1.0935 ] ] ] } },
{ "type": "Feature", "properties": { "iso3": "KEN", "unit_id": "43622606B49767276981268", "unit_name": "Ruiru" }, "geometry": { "type": "Polygon", "coordinates": [ [ [ 37.1561, -1.197 ], [ 37.1437, -1.1993 ], [ 37.1377, -1.1961 ], [ 37.1314, -1.2028 ], [ 37.1238, -1.1945 ], [ 37.1183, -1.1964 ], [ 37.1111, -1.1838 ], [ 37.1002, -1.1829 ], [ 37.0831, -1.1674 ], [ 37.0704, -1.1659 ], [ 37.0632, -1.1712 ], [ 37.055, -1.169 ], [ 37.0467, -1.1735 ], [ 37.036, -1.1723 ], [ 37.0233, -1.1752 ], [ 37.0084, -1.1717 ], [ 36.9938, -1.1627 ], [ 36.9924, -1.1559 ], [ 36.9853, -1.151 ], [ 36.9613, -1.1433 ], [ 36.969, -1.1358 ], [ 36.9602, -1.1296 ], [ 36.9542, -1.14 ], [ 36.9471, -1.1399 ], [ 36.9449, -1.1432 ], [ 36.958, -1.152 ], [ 36.9607, -1.149 ], [ 36.9567, -1.1627 ], [ 36.9416, -1.1733 ], [ 36.9124, -1.205 ], [ 36.9207, -1.2142 ], [ 36.9312, -1.2199 ], [ 36.9376, -1.2192 ], [ 36.9571, -1.227 ], [ 36.9695, -1.2267 ], [ 36.9867, -1.2212 ], [ 36.9912, -1.2226 ], [ 36.995, -1.2301 ], [ 37.0108, -1.234 ], [ 37.0134, -1.2276 ], [ 37.022, -1.2246 ], [ 37.0378, -1.2104 ], [ 37.0537, -1.2041 ], [ 37.0573, -1.2065 ], [ 37.0627, -1.2027 ], [ 37.0803, -1.2349 ], [ 37.0882, -1.2312 ], [ 37.0949, -1.2424 ], [ 37.0862, -1.2463 ], [ 37.1018, -1.2591 ], [ 37.1093, -1.2573 ], [ 37.1094, -1.2448 ], [ 37.1187, -1.2452 ], [ 37.1208, -1.2326 ], [ 37.1349, -1.2313 ], [ 37.1404, -1.2241 ], [ 37.1523, -1.2222 ], [ 37.1559, -1.2108 ], [ 37.153, -1.207 ], [ 37.1596, -1.203 ], [ 37.1561, -1.197 ] ] ] } },
{ "type": "Feature", "properties": { "iso3": "KEN", "unit_id": "43622606B33885834676921", "unit_name": "Githunguri" }, "geometry": { "type": "Polygon", "coordinates": [ [ [ 36.7779, -0.9752 ], [ 36.7703, -0.989 ], [ 36.7823, -1.0013 ], [ 36.7884, -1.0136 ], [ 36.8035, -1.0212 ], [ 36.8086, -1.0326 ], [ 36.8047, -1.0421 ], [ 36.7845, -1.0388 ], [ 36.7773, -1.0343 ], [ 36.7683, -1.0349 ], [ 36.7459, -1.0485 ], [ 36.7372, -1.049 ], [ 36.7296, -1.0449 ], [ 36.7202, -1.0494 ], [ 36.7053, -1.0414 ], [ 36.7029, -1.0455 ], [ 36.6972, -1.0449 ], [ 36.6858, -1.0574 ], [ 36.6749, -1.0604 ], [ 36.6748, -1.0778 ], [ 36.6834, -1.0764 ], [ 36.6977, -1.0806 ], [ 36.7075, -1.0786 ], [ 36.719, -1.0924 ], [ 36.7275, -1.0909 ], [ 36.7346, -1.105 ], [ 36.7435, -1.1082 ], [ 36.752, -1.1057 ], [ 36.7583, -1.1094 ], [ 36.7642, -1.1068 ], [ 36.7919, -1.1145 ], [ 36.7979, -1.1119 ], [ 36.8069, -1.1203 ], [ 36.8145, -1.1194 ], [ 36.8248, -1.1243 ], [ 36.8328, -1.1045 ], [ 36.8526, -1.1143 ], [ 36.8576, -1.1032 ], [ 36.8676, -1.1121 ], [ 36.8848, -1.0927 ], [ 36.8765, -1.0876 ], [ 36.8967, -1.0601 ], [ 36.8588, -1.0403 ], [ 36.8494, -1.039 ], [ 36.8324, -1.0221 ], [ 36.8222, -1.0181 ], [ 36.8099, -1.0078 ], [ 36.7779, -0.9752 ] ] ] } },
{ "type": "Feature", "properties": { "iso3": "KEN", "unit_id": "43622606B6519108867528", "unit_name": "Kiambu" }, "geometry": { "type": "Polygon", "coordinates": [ [ [ 36.8676, -1.1121 ], [ 36.8576, -1.1032 ], [ 36.8526, -1.1143 ], [ 36.8328, -1.1045 ], [ 36.8248, -1.1243 ], [ 36.8145, -1.1194 ], [ 36.8069, -1.1203 ], [ 36.8035, -1.1159 ], [ 36.7981, -1.1283 ], [ 36.7991, -1.1374 ], [ 36.79, -1.1439 ], [ 36.8005, -1.1638 ], [ 36.8112, -1.171 ], [ 36.8262, -1.172 ], [ 36.8222, -1.1804 ], [ 36.8116, -1.1741 ], [ 36.7973, -1.1732 ], [ 36.797, -1.167 ], [ 36.7937, -1.1644 ], [ 36.7869, -1.1715 ], [ 36.7887, -1.1756 ], [ 36.8041, -1.1838 ], [ 36.7987, -1.1929 ], [ 36.834, -1.2125 ], [ 36.8303, -1.2038 ], [ 36.8341, -1.2078 ], [ 36.8492, -1.2113 ], [ 36.8511, -1.2005 ], [ 36.8595, -1.2006 ], [ 36.8632, -1.1879 ], [ 36.8736, -1.1938 ], [ 36.8984, -1.1904 ], [ 36.888, -1.1714 ], [ 36.8975, -1.1582 ], [ 36.8837, -1.1535 ], [ 36.8935, -1.1343 ], [ 36.8905, -1.1325 ], [ 36.8944, -1.1257 ], [ 36.8899, -1.1232 ], [ 36.8924, -1.1167 ], [ 36.8676, -1.1121 ] ] ] } },
{ "type": "Feature", "properties": { "iso3": "KEN", "unit_id": "43622606B58020280168080", "unit_name": "Kiambaa" }, "geometry": { "type": "Polygon", "coordinates": [ [ [ 36.7346, -1.105 ], [ 36.724, -1.1236 ], [ 36.7306, -1.1181 ], [ 36.7377, -1.1204 ], [ 36.7302, -1.1297 ], [ 36.7446, -1.1431 ], [ 36.7302, -1.1544 ], [ 36.7286, -1.1687 ], [ 36.712, -1.1846 ], [ 36.7176, -1.1903 ], [ 36.7259, -1.191 ], [ 36.725, -1.1985 ], [ 36.7523, -1.2181 ], [ 36.7565, -1.2168 ], [ 36.7699, -1.2239 ], [ 36.7716, -1.221 ], [ 36.7783, -1.2243 ], [ 36.7896, -1.2064 ], [ 36.7841, -1.202 ], [ 36.7909, -1.189 ], [ 36.7987, -1.1929 ], [ 36.8041, -1.1838 ], [ 36.7887, -1.1756 ], [ 36.7869, -1.1715 ], [ 36.7937, -1.1644 ], [ 36.797, -1.167 ], [ 36.7973, -1.1732 ], [ 36.8116, -1.1741 ], [ 36.8222, -1.1804 ], [ 36.8262, -1.172 ], [ 36.8112, -1.171 ], [ 36.8005, -1.1638 ], [ 36.79, -1.1439 ], [ 36.7991, -1.1374 ], [ 36.7981, -1.1283 ], [ 36.8035, -1.1159 ], [ 36.7979, -1.1119 ], [ 36.7919, -1.1145 ], [ 36.7642, -1.1068 ], [ 36.7583, -1.1094 ], [ 36.752, -1.1057 ], [ 36.7435, -1.1082 ], [ 36.7346, -1.105 ] ] ] } },
{ "type": "Feature", "properties": { "iso3": "KEN", "unit_id": "43622606B37188297693500", "unit_name": "Kabete" }, "geometry": { "type": "Polygon", "coordinates": [ [ [ 36.712, -1.1846 ], [ 36.7055, -1.19 ], [ 36.6979, -1.1895 ], [ 36.6899, -1.1827 ], [ 36.6916, -1.1787 ], [ 36.6821, -1.1715 ], [ 36.6801, -1.1744 ], [ 36.6838, -1.1778 ], [ 36.6822, -1.1798 ], [ 36.6645, -1.1786 ], [ 36.6686, -1.1826 ], [ 36.667, -1.1872 ], [ 36.6612, -1.1879 ], [ 36.6527, -1.1813 ], [ 36.6501, -1.1745 ], [ 36.6475, -1.1824 ], [ 36.6513, -1.1882 ], [ 36.65, -1.2064 ], [ 36.6582, -1.2021 ], [ 36.6665, -1.2201 ], [ 36.6674, -1.2469 ], [ 36.6754, -1.2454 ], [ 36.6805, -1.2394 ], [ 36.6878, -1.2374 ], [ 36.6939, -1.243 ], [ 36.7032, -1.2427 ], [ 36.7148, -1.2476 ], [ 36.7204, -1.2433 ], [ 36.7273, -1.2432 ], [ 36.7287, -1.2324 ], [ 36.7467, -1.2347 ], [ 36.7553, -1.2186 ], [ 36.7363, -1.2084 ], [ 36.725, -1.1985 ], [ 36.7259, -1.191 ], [ 36.7176, -1.1903 ], [ 36.712, -1.1846 ] ] ] } },
{ "type": "Feature", "properties": { "iso3": "KEN", "unit_id": "43622606B7804067448536", "unit_name": "Kikuyu" }, "geometry": { "type": "Polygon", "coordinates": [ [ [ 36.6475, -1.1824 ], [ 36.6496, -1.1688 ], [ 36.6541, -1.1654 ], [ 36.6548, -1.1588 ], [ 36.638, -1.1594 ], [ 36.6357, -1.1739 ], [ 36.6316, -1.1577 ], [ 36.6241, -1.1551 ], [ 36.6196, -1.1572 ], [ 36.6071, -1.1805 ], [ 36.6126, -1.1898 ], [ 36.609, -1.2034 ], [ 36.6158, -1.2081 ], [ 36.6127, -1.2203 ], [ 36.5722, -1.2253 ], [ 36.5126, -1.2396 ], [ 36.4908, -1.268 ], [ 36.6597, -1.3005 ], [ 36.666, -1.3122 ], [ 36.6702, -1.3036 ], [ 36.6743, -1.3048 ], [ 36.6808, -1.2962 ], [ 36.6893, -1.2793 ], [ 36.6877, -1.2725 ], [ 36.691, -1.2734 ], [ 36.6901, -1.2694 ], [ 36.6966, -1.266 ], [ 36.6939, -1.2579 ], [ 36.7007, -1.2598 ], [ 36.7026, -1.2558 ], [ 36.7185, -1.2608 ], [ 36.7254, -1.244 ], [ 36.7204, -1.2433 ], [ 36.7148, -1.2476 ], [ 36.7032, -1.2427 ], [ 36.6939, -1.243 ], [ 36.6878, -1.2374 ], [ 36.6805, -1.2394 ], [ 36.6754, -1.2454 ], [ 36.6674, -1.2469 ], [ 36.6665, -1.2201 ], [ 36.6582, -1.2021 ], [ 36.65, -1.2064 ], [ 36.6513, -1.1882 ], [ 36.6475, -1.1824 ] ] ] } },
{ "type": "Feature", "properties": { "iso3": "KEN", "unit_id": "43622606B41586070478539", "unit_name": "Limuru" }, "geometry": { "type": "Polygon", "coordinates": [ [ [ 36.676, -1.079 ], [ 36.6766, -1.0502 ], [ 36.6729, -1.0498 ], [ 36.6646, -1.0579 ], [ 36.6596, -1.0714 ], [ 36.6535, -1.0724 ], [ 36.646, -1.0701 ], [ 36.6478, -1.0636 ], [ 36.6285, -1.0599 ], [ 36.6104, -1.0608 ], [ 36.6094, -1.0736 ], [ 36.5923, -1.0719 ], [ 36.5911, -1.062 ], [ 36.5699, -1.1005 ], [ 36.567, -1.0986 ], [ 36.5451, -1.1239 ], [ 36.5126, -1.2396 ], [ 36.5722, -1.2253 ], [ 36.6127, -1.2203 ], [ 36.6158, -1.2081 ], [ 36.609, -1.2034 ], [ 36.6126, -1.1898 ], [ 36.6071, -1.1805 ], [ 36.6117, -1.1687 ], [ 36.6241, -1.1551 ], [ 36.6316, -1.1577 ], [ 36.6357, -1.1739 ], [ 36.638, -1.1594 ], [ 36.6548, -1.1588 ], [ 36.6541, -1.1654 ], [ 36.6496, -1.1688 ], [ 36.6501, -1.1745 ], [ 36.6527, -1.1813 ], [ 36.6612, -1.1879 ], [ 36.667, -1.1872 ], [ 36.6686, -1.1826 ], [ 36.6645, -1.1786 ], [ 36.6822, -1.1798 ], [ 36.6838, -1.1778 ], [ 36.6801, -1.1744 ], [ 36.6821, -1.1715 ], [ 36.6916, -1.1787 ], [ 36.6899, -1.1827 ], [ 36.6936, -1.1874 ], [ 36.7055, -1.19 ], [ 36.7286, -1.1687 ], [ 36.7302, -1.1544 ], [ 36.7446, -1.1431 ], [ 36.7302, -1.1297 ], [ 36.7377, -1.1204 ], [ 36.7306, -1.1181 ], [ 36.724, -1.1236 ], [ 36.7346, -1.105 ], [ 36.7316, -1.0981 ], [ 36.7275, -1.0909 ], [ 36.719, -1.0924 ], [ 36.7142, -1.0886 ], [ 36.7075, -1.0786 ], [ 36.6977, -1.0806 ], [ 36.6834, -1.0764 ], [ 36.676, -1.079 ] ] ] } },
{ "type": "Feature", "properties": { "iso3": "KEN", "unit_id": "43622606B88934626585967", "unit_name": "Lari" }, "geometry": { "type": "Polygon", "coordinates": [ [ [ 36.5544, -0.9186 ], [ 36.5542, -0.9242 ], [ 36.5727, -0.9297 ], [ 36.5617, -0.9366 ], [ 36.5691, -0.9432 ], [ 36.5749, -0.942 ], [ 36.5795, -0.9455 ], [ 36.5878, -0.9629 ], [ 36.5873, -0.9758 ], [ 36.5917, -0.9833 ], [ 36.5961, -0.9828 ], [ 36.6, -0.9914 ], [ 36.5966, -0.9952 ], [ 36.5884, -1.0363 ], [ 36.5923, -1.0719 ], [ 36.6094, -1.0736 ], [ 36.6104, -1.0608 ], [ 36.6285, -1.0599 ], [ 36.6478, -1.0636 ], [ 36.646, -1.0701 ], [ 36.6596, -1.0714 ], [ 36.6646, -1.0579 ], [ 36.6729, -1.0498 ], [ 36.6766, -1.0502 ], [ 36.6749, -1.0604 ], [ 36.6858, -1.0574 ], [ 36.6972, -1.0449 ], [ 36.7029, -1.0455 ], [ 36.7053, -1.0414 ], [ 36.7202, -1.0494 ], [ 36.7296, -1.0449 ], [ 36.7372, -1.049 ], [ 36.7459, -1.0485 ], [ 36.7683, -1.0349 ], [ 36.7773, -1.0343 ], [ 36.7845, -1.0388 ], [ 36.8047, -1.0421 ], [ 36.8086, -1.0326 ], [ 36.8035, -1.0212 ], [ 36.7884, -1.0136 ], [ 36.7823, -1.0013 ], [ 36.7736, -0.9943 ], [ 36.7703, -0.989 ], [ 36.7745, -0.9789 ], [ 36.771, -0.9732 ], [ 36.7632, -0.9713 ], [ 36.7634, -0.9681 ], [ 36.7563, -0.9683 ], [ 36.7508, -0.9621 ], [ 36.7409, -0.9616 ], [ 36.7363, -0.9566 ], [ 36.7271, -0.9542 ], [ 36.7422, -0.9354 ], [ 36.7314, -0.9205 ], [ 36.7376, -0.9151 ], [ 36.7302, -0.9057 ], [ 36.7174, -0.8936 ], [ 36.6941, -0.8819 ], [ 36.6834, -0.8692 ], [ 36.6777, -0.8682 ], [ 36.6727, -0.8731 ], [ 36.6646, -0.8749 ], [ 36.6565, -0.8735 ], [ 36.6574, -0.8082 ], [ 36.6647, -0.8071 ], [ 36.678, -0.8162 ], [ 36.7094, -0.8261 ], [ 36.7202, -0.8383 ], [ 36.7239, -0.8385 ], [ 36.7248, -0.8339 ], [ 36.7177, -0.8285 ], [ 36.7214, -0.8259 ], [ 36.72, -0.8228 ], [ 36.7327, -0.8239 ], [ 36.7382, -0.8273 ], [ 36.7464, -0.8255 ], [ 36.742, -0.8168 ], [ 36.7269, -0.8093 ], [ 36.7186, -0.8011 ], [ 36.7067, -0.7813 ], [ 36.7013, -0.7795 ], [ 36.6868, -0.7619 ], [ 36.6718, -0.7566 ], [ 36.6622, -0.766 ], [ 36.6537, -0.7626 ], [ 36.6446, -0.771 ], [ 36.6599, -0.7708 ], [ 36.6739, -0.7764 ], [ 36.622, -0.8257 ], [ 36.6223, -0.8293 ], [ 36.5888, -0.8259 ], [ 36.5915, -0.847 ], [ 36.6011, -0.862 ], [ 36.5895, -0.8866 ], [ 36.5802, -0.8904 ], [ 36.5632, -0.9043 ], [ 36.5717, -0.9081 ], [ 36.5544, -0.9186 ] ] ] } },
{ "type": "Feature", "properties": { "iso3": "KEN", "unit_id": "43622606B35929925162560", "unit_name": "Turkana North" }, "geometry": { "type": "Polygon", "coordinates": [ [ [ 36.0504, 3.7374 ], [ 36.0505, 4.4551 ], [ 35.9429, 4.5473 ], [ 35.9637, 4.5649 ], [ 35.9631, 4.5765 ], [ 35.9421, 4.5811 ], [ 35.9397, 4.5845 ], [ 35.9499, 4.6285 ], [ 35.9215, 4.6431 ], [ 35.9217, 4.6949 ], [ 35.9151, 4.7387 ], [ 35.9101, 4.8099 ], [ 35.8963, 4.8883 ], [ 35.8735, 4.9199 ], [ 35.8351, 4.9377 ], [ 35.8433, 5.0787 ], [ 35.8557, 5.1625 ], [ 35.8521, 5.1789 ], [ 35.8547, 5.1945 ], [ 35.8489, 5.2167 ], [ 35.8355, 5.2443 ], [ 35.8423, 5.2777 ], [ 35.8515, 5.2887 ], [ 35.8535, 5.2965 ], [ 35.8457, 5.3077 ], [ 35.8451, 5.3239 ], [ 35.8377, 5.3327 ], [ 35.8345, 5.3439 ], [ 35.8277, 5.3461 ], [ 35.8151, 5.3405 ], [ 35.7873, 5.3479 ], [ 35.7741, 5.3581 ], [ 35.7631, 5.3589 ], [ 35.7623, 5.3659 ], [ 35.7531, 5.3709 ], [ 35.7419, 5.3733 ], [ 35.7255, 5.3697 ], [ 35.7267, 5.3785 ], [ 35.7181, 5.3845 ], [ 35.6689, 5.3875 ], [ 35.6569, 5.3823 ], [ 35.6443, 5.3817 ], [ 35.6381, 5.3755 ], [ 35.6327, 5.3745 ], [ 35.6059, 5.4141 ], [ 35.2659, 5.4135 ], [ 35.1253, 5.2431 ], [ 34.9387, 5.0885 ], [ 34.9391, 4.8695 ], [ 34.9353, 4.8557 ], [ 34.9365, 4.8457 ], [ 34.9283, 4.8289 ], [ 34.9307, 4.8135 ], [ 34.9277, 4.7873 ], [ 34.9337, 4.7093 ], [ 34.9401, 4.6903 ], [ 34.9391, 4.6811 ], [ 34.9443, 4.6733 ], [ 34.9443, 4.6523 ], [ 34.9409, 4.6405 ], [ 34.9449, 4.6317 ], [ 34.9527, 4.6275 ], [ 34.9547, 4.6181 ], [ 34.9547, 4.613 ], [ 34.95, 4.6122 ], [ 34.9487, 4.5915 ], [ 34.9625, 4.5715 ], [ 34.9758, 4.5626 ], [ 34.9789, 4.5473 ], [ 34.9767, 4.5393 ], [ 34.9833, 4.5227 ], [ 34.9827, 4.5119 ], [ 34.9971, 4.4761 ], [ 35.0093, 4.4655 ], [ 35.0143, 4.4545 ], [ 35.0123, 4.4452 ], [ 35.0189, 4.4343 ], [ 35.0163, 4.4301 ], [ 35.0177, 4.4255 ], [ 35.0424, 4.4023 ], [ 35.0483, 4.3925 ], [ 35.0509, 4.3931 ], [ 35.0561, 4.3799 ], [ 35.0543, 4.3623 ], [ 35.0577, 4.3393 ], [ 35.0523, 4.3125 ], [ 35.0553, 4.2945 ], [ 35.0515, 4.2878 ], [ 35.0559, 4.2717 ], [ 35.0543, 4.2666 ], [ 35.0591, 4.2613 ], [ 35.0609, 4.2507 ], [ 35.0547, 4.2357 ], [ 35.0539, 4.2233 ], [ 35.0599, 4.2141 ], [ 35.0554, 4.2046 ], [ 35.0585, 4.1989 ], [ 35.0555, 4.1907 ], [ 35.0577, 4.1869 ], [ 35.0549, 4.1702 ], [ 35.0571, 4.1694 ], [ 35.0531, 4.1519 ], [ 35.0557, 4.1487 ], [ 35.0493, 4.1427 ], [ 35.0547, 4.1347 ], [ 35.0529, 4.1223 ], [ 35.0561, 4.1191 ], [ 35.0591, 4.1217 ], [ 35.0565, 4.1155 ], [ 35.0653, 4.1003 ], [ 35.0731, 4.0984 ], [ 35.0723, 4.095 ], [ 35.0773, 4.0887 ], [ 35.0835, 4.0883 ], [ 35.0913, 4.0791 ], [ 35.0931, 4.0655 ], [ 35.103, 4.0473 ], [ 35.1153, 4.0427 ], [ 35.1183, 4.0367 ], [ 35.1241, 4.0353 ], [ 35.1463, 4.0139 ], [ 35.1581, 4.0099 ], [ 35.1599, 3.9993 ], [ 35.1749, 3.9823 ], [ 35.1764, 3.9767 ], [ 35.1825, 3.9735 ], [ 35.182, 3.9686 ], [ 35.1883, 3.9573 ], [ 35.2089, 3.9413 ], [ 35.2159, 3.9166 ], [ 35.2092, 3.8938 ], [ 35.1915, 3.8731 ], [ 35.1801, 3.8501 ], [ 35.1639, 3.8349 ], [ 35.1451, 3.8263 ], [ 35.1311, 3.8239 ], [ 35.1155, 3.8283 ], [ 35.1063, 3.8257 ], [ 35.0823, 3.7983 ], [ 35.0805, 3.7821 ], [ 35.0753, 3.7749 ], [ 35.0763, 3.7661 ], [ 35.0669, 3.7669 ], [ 35.0521, 3.7583 ], [ 35.0507, 3.7505 ], [ 35.0389, 3.7432 ], [ 35.0379, 3.7341 ], [ 35.0327, 3.7303 ], [ 35.0057, 3.7253 ], [ 34.9912, 3.7324 ], [ 34.9714, 3.7574 ], [ 34.9575, 3.7601 ], [ 34.9305, 3.7737 ], [ 34.9173, 3.7729 ], [ 34.8949, 3.7543 ], [ 34.9059, 3.7535 ], [ 34.9169, 3.7455 ], [ 34.9429, 3.7425 ], [ 34.9541, 3.7366 ], [ 35.0032, 3.685 ], [ 35.0089, 3.6649 ], [ 35.0101, 3.6525 ], [ 34.9987, 3.5869 ], [ 34.9949, 3.5279 ], [ 34.9883, 3.5091 ], [ 34.9793, 3.4953 ], [ 34.9841, 3.4543 ], [ 34.9733, 3.3777 ], [ 35.0119, 3.3665 ], [ 35.0244, 3.3594 ], [ 35.0351, 3.3595 ], [ 35.1005, 3.3377 ], [ 35.1174, 3.3402 ], [ 35.1365, 3.3553 ], [ 35.1581, 3.3595 ], [ 35.1686, 3.3673 ], [ 35.1417, 3.3837 ], [ 35.1325, 3.3969 ], [ 35.1212, 3.4238 ], [ 35.1163, 3.4967 ], [ 35.1351, 3.5821 ], [ 35.1488, 3.6038 ], [ 35.1653, 3.6225 ], [ 35.1745, 3.6425 ], [ 35.1826, 3.6519 ], [ 35.2186, 3.6414 ], [ 35.2502, 3.6374 ], [ 35.2787, 3.6221 ], [ 35.3213, 3.6186 ], [ 35.3249, 3.6121 ], [ 35.3262, 3.598 ], [ 35.3353, 3.5811 ], [ 35.3401, 3.5547 ], [ 35.3623, 3.5225 ], [ 35.3888, 3.5281 ], [ 35.3955, 3.5203 ], [ 35.4025, 3.5245 ], [ 35.4278, 3.5202 ], [ 35.4368, 3.5238 ], [ 35.4261, 3.5384 ], [ 35.4247, 3.5513 ], [ 35.4379, 3.5693 ], [ 35.4521, 3.5657 ], [ 35.4665, 3.5689 ], [ 35.4737, 3.5733 ], [ 35.4852, 3.5902 ], [ 35.5001, 3.5953 ], [ 35.5283, 3.5973 ], [ 35.5445, 3.5935 ], [ 35.5461, 3.5977 ], [ 35.5683, 3.6019 ], [ 35.584, 3.5968 ], [ 35.5958, 3.598 ], [ 35.6036, 3.5831 ], [ 35.6169, 3.5853 ], [ 35.6272, 3.5783 ], [ 35.6293, 3.5965 ], [ 35.6329, 3.6025 ], [ 35.6309, 3.6237 ], [ 35.6518, 3.6325 ], [ 35.6927, 3.6313 ], [ 35.7193, 3.6257 ], [ 35.7497, 3.6313 ], [ 35.7687, 3.6459 ], [ 35.7759, 3.6671 ], [ 35.787, 3.679 ], [ 35.7903, 3.6917 ], [ 35.8107, 3.6989 ], [ 35.8299, 3.7111 ], [ 36.0504, 3.7374 ] ] ] } },
{ "type": "Feature", "properties": { "iso3": "KEN", "unit_id": "43622606B22231279817121", "unit_name": "Turkana West" }, "geometry": { "type": "Polygon", "coordinates": [ [ [ 34.9387, 5.0885 ], [ 34.4729, 4.6921 ], [ 33.9921, 4.2237 ], [ 34.0478, 4.1789 ], [ 34.0661, 4.1429 ], [ 34.0499, 4.1217 ], [ 34.0633, 4.0943 ], [ 34.0807, 4.0863 ], [ 34.0921, 4.0695 ], [ 34.0889, 4.0383 ], [ 34.0585, 4.0287 ], [ 34.0607, 4.0101 ], [ 34.0799, 4.0045 ], [ 34.1043, 3.9787 ], [ 34.1349, 3.9611 ], [ 34.1191, 3.9031 ], [ 34.1147, 3.8975 ], [ 34.0909, 3.8857 ], [ 34.0881, 3.8627 ], [ 34.0929, 3.8617 ], [ 34.1085, 3.8689 ], [ 34.1277, 3.8725 ], [ 34.1681, 3.8711 ], [ 34.1693, 3.8763 ], [ 34.1761, 3.8803 ], [ 34.2015, 3.8835 ], [ 34.2159, 3.8815 ], [ 34.2259, 3.8507 ], [ 34.2255, 3.8309 ], [ 34.1803, 3.8317 ], [ 34.1641, 3.8117 ], [ 34.1529, 3.8077 ], [ 34.1531, 3.8009 ], [ 34.1591, 3.8021 ], [ 34.1627, 3.7975 ], [ 34.1755, 3.8009 ], [ 34.1897, 3.7951 ], [ 34.1913, 3.7827 ], [ 34.1653, 3.7767 ], [ 34.1725, 3.7679 ], [ 34.2207, 3.7845 ], [ 34.2273, 3.7829 ], [ 34.2261, 3.7747 ], [ 34.2283, 3.7743 ], [ 34.2323, 3.7819 ], [ 34.2461, 3.7853 ], [ 34.2597, 3.7663 ], [ 34.2671, 3.7491 ], [ 34.3081, 3.7131 ], [ 34.3027, 3.6867 ], [ 34.3063, 3.6867 ], [ 34.3177, 3.7215 ], [ 34.3249, 3.7281 ], [ 34.3545, 3.7365 ], [ 34.3707, 3.7355 ], [ 34.3783, 3.7317 ], [ 34.4009, 3.7063 ], [ 34.4045, 3.6933 ], [ 34.4551, 3.6773 ], [ 34.4639, 3.6699 ], [ 34.4537, 3.6123 ], [ 34.4565, 3.5803 ], [ 34.4511, 3.5201 ], [ 34.4345, 3.4989 ], [ 34.4239, 3.4921 ], [ 34.3965, 3.4895 ], [ 34.3915, 3.4949 ], [ 34.3891, 3.4933 ], [ 34.3917, 3.4831 ], [ 34.4059, 3.4697 ], [ 34.4173, 3.4519 ], [ 34.4187, 3.4337 ], [ 34.4109, 3.4181 ], [ 34.4015, 3.4157 ], [ 34.4001, 3.3783 ], [ 34.4017, 3.3715 ], [ 34.4133, 3.3625 ], [ 34.4271, 3.3453 ], [ 34.4481, 3.2829 ], [ 34.4519, 3.2289 ], [ 34.4573, 3.2027 ], [ 34.4551, 3.1841 ], [ 34.4605, 3.1759 ], [ 34.4717, 3.1739 ], [ 34.4841, 3.1657 ], [ 34.4941, 3.1427 ], [ 34.5115, 3.1507 ], [ 34.5371, 3.1433 ], [ 34.5463, 3.1369 ], [ 34.5595, 3.1127 ], [ 34.5735, 3.1007 ], [ 34.5765, 3.0801 ], [ 34.5741, 3.0535 ], [ 34.5761, 3.0219 ], [ 34.5795, 3.0151 ], [ 34.6003, 3.0367 ], [ 34.6241, 3.0349 ], [ 34.6349, 3.0443 ], [ 34.6409, 3.0581 ], [ 34.6614, 3.0697 ], [ 34.6662, 3.0781 ], [ 34.6791, 3.0787 ], [ 34.6853, 3.0875 ], [ 34.6805, 3.1173 ], [ 34.6833, 3.1241 ], [ 34.6821, 3.1317 ], [ 34.6859, 3.1365 ], [ 34.6823, 3.1417 ], [ 34.6821, 3.1509 ], [ 34.6779, 3.153 ], [ 34.6801, 3.1597 ], [ 34.6763, 3.1671 ], [ 34.6765, 3.1783 ], [ 34.6895, 3.1911 ], [ 34.6919, 3.2043 ], [ 34.7007, 3.2177 ], [ 34.7005, 3.2387 ], [ 34.7073, 3.2541 ], [ 34.7229, 3.2601 ], [ 34.731, 3.2739 ], [ 34.7459, 3.2773 ], [ 34.7511, 3.2841 ], [ 34.7524, 3.2986 ], [ 34.7483, 3.3063 ], [ 34.7517, 3.3163 ], [ 34.7561, 3.3255 ], [ 34.7651, 3.3279 ], [ 34.7643, 3.3371 ], [ 34.7745, 3.3431 ], [ 34.7731, 3.3659 ], [ 34.7797, 3.3747 ], [ 34.7797, 3.3811 ], [ 34.7849, 3.3903 ], [ 34.7839, 3.3981 ], [ 34.7979, 3.4249 ], [ 34.8093, 3.4343 ], [ 34.8057, 3.4497 ], [ 34.8143, 3.4571 ], [ 34.8175, 3.4771 ], [ 34.8311, 3.5029 ], [ 34.9793, 3.4953 ], [ 34.9883, 3.5091 ], [ 34.9949, 3.5279 ], [ 34.9987, 3.5869 ], [ 35.0101, 3.6525 ], [ 35.0032, 3.685 ], [ 34.9541, 3.7366 ], [ 34.9429, 3.7425 ], [ 34.9169, 3.7455 ], [ 34.9059, 3.7535 ], [ 34.8949, 3.7543 ], [ 34.9173, 3.7729 ], [ 34.9305, 3.7737 ], [ 34.9575, 3.7601 ], [ 34.9714, 3.7574 ], [ 34.9912, 3.7324 ], [ 35.0057, 3.7253 ], [ 35.0327, 3.7303 ], [ 35.0379, 3.7341 ], [ 35.0389, 3.7432 ], [ 35.0507, 3.7505 ], [ 35.0521, 3.7583 ], [ 35.0669, 3.7669 ], [ 35.0763, 3.7661 ], [ 35.0753, 3.7749 ], [ 35.0805, 3.7821 ], [ 35.0823, 3.7983 ], [ 35.1063, 3.8257 ], [ 35.1155, 3.8283 ], [ 35.1311, 3.8239 ], [ 35.1451, 3.8263 ], [ 35.1639, 3.8349 ], [ 35.1801, 3.8501 ], [ 35.1915, 3.8731 ], [ 35.2092, 3.8938 ], [ 35.2149, 3.9089 ], [ 35.2129, 3.9343 ], [ 35.2089, 3.9413 ], [ 35.1883, 3.9573 ], [ 35.182, 3.9686 ], [ 35.1825, 3.9735 ], [ 35.1764, 3.9767 ], [ 35.1749, 3.9823 ], [ 35.1599, 3.9993 ], [ 35.1581, 4.0099 ], [ 35.1463, 4.0139 ], [ 35.1241, 4.0353 ], [ 35.1183, 4.0367 ], [ 35.1153, 4.0427 ], [ 35.103, 4.0473 ], [ 35.0931, 4.0655 ], [ 35.0913, 4.0791 ], [ 35.0835, 4.0883 ], [ 35.0773, 4.0887 ], [ 35.0723, 4.095 ], [ 35.0731, 4.0984 ], [ 35.0653, 4.1003 ], [ 35.0565, 4.1155 ], [ 35.0591, 4.1217 ], [ 35.0561, 4.1191 ], [ 35.0529, 4.1223 ], [ 35.0547, 4.1347 ], [ 35.0493, 4.1427 ], [ 35.0557, 4.1487 ], [ 35.0531, 4.1519 ], [ 35.0571, 4.1694 ], [ 35.0549, 4.1702 ], [ 35.0577, 4.1869 ], [ 35.0555, 4.1907 ], [ 35.0585, 4.1989 ], [ 35.0554, 4.2046 ], [ 35.0599, 4.2141 ], [ 35.0539, 4.2233 ], [ 35.0547, 4.2357 ], [ 35.0609, 4.2507 ], [ 35.0591, 4.2613 ], [ 35.0543, 4.2666 ], [ 35.0559, 4.2717 ], [ 35.0515, 4.2878 ], [ 35.0553, 4.2945 ], [ 35.0523, 4.3125 ], [ 35.0577, 4.3393 ], [ 35.0543, 4.3623 ], [ 35.0561, 4.3799 ], [ 35.0509, 4.3931 ], [ 35.0483, 4.3925 ], [ 35.0424, 4.4023 ], [ 35.0177, 4.4255 ], [ 35.0163, 4.4301 ], [ 35.0189, 4.4343 ], [ 35.0123, 4.4452 ], [ 35.0143, 4.4545 ], [ 35.0093, 4.4655 ], [ 34.9971, 4.4761 ], [ 34.9827, 4.5119 ], [ 34.9833, 4.5227 ], [ 34.9767, 4.5393 ], [ 34.9789, 4.5473 ], [ 34.9758, 4.5626 ], [ 34.9625, 4.5715 ], [ 34.9487, 4.5915 ], [ 34.95, 4.6122 ], [ 34.9547, 4.613 ], [ 34.9547, 4.6181 ], [ 34.9527, 4.6275 ], [ 34.9449, 4.6317 ], [ 34.9409, 4.6405 ], [ 34.9443, 4.6523 ], [ 34.9443, 4.6733 ], [ 34.9391, 4.6811 ], [ 34.9401, 4.6903 ], [ 34.9337, 4.7093 ], [ 34.9277, 4.7873 ], [ 34.9307, 4.8135 ], [ 34.9283, 4.8289 ], [ 34.9365, 4.8457 ], [ 34.9353, 4.8557 ], [ 34.9391, 4.8695 ], [ 34.9387, 5.0885 ] ] ] } },
{ "type": "Feature", "properties": { "iso3": "KEN", "unit_id": "43622606B98497457468612", "unit_name": "Turkana Central" }, "geometry": { "type": "Polygon", "coordinates": [ [ [ 36.0504, 3.7374 ], [ 35.8299, 3.7111 ], [ 35.8107, 3.6989 ], [ 35.7903, 3.6917 ], [ 35.787, 3.679 ], [ 35.7759, 3.6671 ], [ 35.7687, 3.6459 ], [ 35.7497, 3.6313 ], [ 35.7193, 3.6257 ], [ 35.6927, 3.6313 ], [ 35.6518, 3.6325 ], [ 35.6309, 3.6237 ], [ 35.6329, 3.6025 ], [ 35.6293, 3.5965 ], [ 35.6272, 3.5783 ], [ 35.6169, 3.5853 ], [ 35.6036, 3.5831 ], [ 35.5958, 3.598 ], [ 35.584, 3.5968 ], [ 35.5683, 3.6019 ], [ 35.5461, 3.5977 ], [ 35.5445, 3.5935 ], [ 35.5283, 3.5973 ], [ 35.5001, 3.5953 ], [ 35.4852, 3.5902 ], [ 35.4737, 3.5733 ], [ 35.4665, 3.5689 ], [ 35.4521, 3.5657 ], [ 35.4379, 3.5693 ], [ 35.4247, 3.5513 ], [ 35.4261, 3.5384 ], [ 35.4368, 3.5238 ], [ 35.4433, 3.5231 ], [ 35.4493, 3.5173 ], [ 35.4532, 3.5029 ], [ 35.4613, 3.5023 ], [ 35.4749, 3.4953 ], [ 35.4771, 3.4709 ], [ 35.4731, 3.4457 ], [ 35.4759, 3.4153 ], [ 35.4803, 3.4065 ], [ 35.5255, 3.3635 ], [ 35.5433, 3.3379 ], [ 35.5551, 3.3277 ], [ 35.5575, 3.3129 ], [ 35.5561, 3.2863 ], [ 35.5609, 3.2673 ], [ 35.5989, 3.2447 ], [ 35.6035, 3.2353 ], [ 35.6019, 3.2245 ], [ 35.5919, 3.2069 ], [ 35.5953, 3.2019 ], [ 35.6067, 3.2001 ], [ 35.5981, 3.1816 ], [ 35.5809, 3.1805 ], [ 35.5741, 3.1625 ], [ 35.5547, 3.1477 ], [ 35.5493, 3.1353 ], [ 35.5841, 3.0829 ], [ 35.6165, 3.0583 ], [ 35.6221, 3.0303 ], [ 35.6517, 2.9985 ], [ 35.667, 3.036 ], [ 35.6827, 3.0415 ], [ 35.707, 3.039 ], [ 35.7207, 3.0439 ], [ 35.7285, 3.0505 ], [ 35.7303, 3.0353 ], [ 35.7381, 3.0247 ], [ 35.7395, 3.0085 ], [ 35.7371, 3.0009 ], [ 35.7403, 2.9843 ], [ 35.7483, 2.9753 ], [ 35.7555, 2.9591 ], [ 35.7655, 2.9255 ], [ 35.7815, 2.9139 ], [ 35.796, 2.9158 ], [ 35.7909, 2.8981 ], [ 35.7927, 2.8857 ], [ 35.8293, 2.8055 ], [ 35.8397, 2.7979 ], [ 35.8657, 2.8023 ], [ 35.8735, 2.8103 ], [ 35.8705, 2.7943 ], [ 35.8717, 2.7561 ], [ 35.8695, 2.7439 ], [ 35.8621, 2.7333 ], [ 35.8617, 2.7093 ], [ 35.8711, 2.7115 ], [ 35.9077, 2.7401 ], [ 35.9491, 2.7955 ], [ 35.9589, 2.8276 ], [ 35.9679, 2.8279 ], [ 35.9965, 2.8037 ], [ 36.0209, 2.7761 ], [ 36.0237, 2.7677 ], [ 36.0231, 2.7387 ], [ 36.0453, 2.7215 ], [ 36.0577, 2.7065 ], [ 36.0581, 2.6941 ], [ 36.0517, 2.6777 ], [ 36.0693, 2.6615 ], [ 36.0713, 2.6431 ], [ 36.0711, 2.6163 ], [ 36.0597, 2.5703 ], [ 36.0671, 2.5653 ], [ 36.0862, 2.5703 ], [ 36.1581, 2.5283 ], [ 36.1753, 2.5327 ], [ 36.2049, 2.5339 ], [ 36.2375, 2.5261 ], [ 36.2611, 2.5469 ], [ 36.3243, 2.5761 ], [ 36.3335, 2.5843 ], [ 36.3365, 2.5907 ], [ 36.3367, 2.6549 ], [ 36.3423, 2.6885 ], [ 36.3309, 2.7101 ], [ 36.3437, 2.7281 ], [ 36.3413, 2.7567 ], [ 36.3471, 2.7689 ], [ 36.3585, 2.7821 ], [ 36.3571, 2.7905 ], [ 36.3619, 2.8029 ], [ 36.3649, 2.8088 ], [ 36.3735, 2.8143 ], [ 36.3777, 2.8293 ], [ 36.3859, 2.8298 ], [ 36.3616, 2.8608 ], [ 36.3465, 2.8635 ], [ 36.2998, 2.8884 ], [ 36.2828, 2.8925 ], [ 36.2694, 2.91 ], [ 36.2549, 2.9665 ], [ 36.2545, 2.9551 ], [ 36.2467, 2.9506 ], [ 36.2343, 2.9583 ], [ 36.2252, 2.9592 ], [ 36.2231, 2.9561 ], [ 36.2013, 2.9631 ], [ 36.1925, 2.9692 ], [ 36.1655, 2.9677 ], [ 36.1404, 2.9705 ], [ 36.1348, 2.9683 ], [ 36.1373, 2.9804 ], [ 36.1301, 2.9753 ], [ 36.1298, 2.9812 ], [ 36.1239, 2.9812 ], [ 36.1273, 3.0025 ], [ 36.1363, 3.0139 ], [ 36.1366, 3.0286 ], [ 36.1409, 3.0375 ], [ 36.1403, 3.0709 ], [ 36.1483, 3.0751 ], [ 36.1526, 3.0858 ], [ 36.1495, 3.095 ], [ 36.1522, 3.1162 ], [ 36.1494, 3.1347 ], [ 36.1384, 3.1521 ], [ 36.1505, 3.191 ], [ 36.1514, 3.2153 ], [ 36.145, 3.2234 ], [ 36.1401, 3.2169 ], [ 36.1407, 3.2093 ], [ 36.1284, 3.2109 ], [ 36.1108, 3.2208 ], [ 36.0719, 3.2265 ], [ 36.0522, 3.2382 ], [ 36.0504, 3.7374 ] ] ] } },
{ "type": "Feature", "properties": { "iso3": "KEN", "unit_id": "43622606B58237921201522", "unit_name": "Loima" }, "geometry": { "type": "Polygon", "coordinates": [ [ [ 34.9793, 3.4953 ], [ 34.8311, 3.5029 ], [ 34.8175, 3.4771 ], [ 34.8143, 3.4571 ], [ 34.8057, 3.4497 ], [ 34.8093, 3.4343 ], [ 34.7979, 3.4249 ], [ 34.7839, 3.3981 ], [ 34.7849, 3.3903 ], [ 34.7797, 3.3811 ], [ 34.7797, 3.3747 ], [ 34.7731, 3.3659 ], [ 34.7745, 3.3431 ], [ 34.7643, 3.3371 ], [ 34.7651, 3.3279 ], [ 34.7561, 3.3255 ], [ 34.7517, 3.3163 ], [ 34.7483, 3.3063 ], [ 34.7524, 3.2986 ], [ 34.7511, 3.2841 ], [ 34.7459, 3.2773 ], [ 34.731, 3.2739 ], [ 34.7229, 3.2601 ], [ 34.7073, 3.2541 ], [ 34.7005, 3.2387 ], [ 34.7007, 3.2177 ], [ 34.6919, 3.2043 ], [ 34.6895, 3.1911 ], [ 34.6765, 3.1783 ], [ 34.6763, 3.1671 ], [ 34.6801, 3.1597 ], [ 34.6779, 3.153 ], [ 34.6821, 3.1509 ], [ 34.6823, 3.1417 ], [ 34.6859, 3.1365 ], [ 34.6821, 3.1317 ], [ 34.6833, 3.1241 ], [ 34.6805, 3.1173 ], [ 34.6853, 3.0875 ], [ 34.6791, 3.0787 ], [ 34.6662, 3.0781 ], [ 34.6614, 3.0697 ], [ 34.6409, 3.0581 ], [ 34.6349, 3.0443 ], [ 34.6241, 3.0349 ], [ 34.6003, 3.0367 ], [ 34.5795, 3.0151 ], [ 34.5889, 3.0003 ], [ 34.5889, 2.9789 ], [ 34.5995, 2.9229 ], [ 34.6403, 2.9047 ], [ 34.6537, 2.8647 ], [ 34.6923, 2.8599 ], [ 34.7023, 2.8751 ], [ 34.7087, 2.8713 ], [ 34.7121, 2.8627 ], [ 34.7371, 2.8521 ], [ 34.7497, 2.8235 ], [ 34.7601, 2.8265 ], [ 34.7665, 2.8201 ], [ 34.7745, 2.7973 ], [ 34.7841, 2.7477 ], [ 34.7751, 2.6963 ], [ 34.7895, 2.6819 ], [ 34.7987, 2.6533 ], [ 34.8299, 2.6193 ], [ 34.8379, 2.6021 ], [ 34.8527, 2.5815 ], [ 34.8679, 2.5687 ], [ 34.8787, 2.5707 ], [ 34.8799, 2.5871 ], [ 34.8935, 2.5909 ], [ 34.8973, 2.5855 ], [ 34.9129, 2.5151 ], [ 34.9323, 2.5149 ], [ 34.9479, 2.4731 ], [ 34.9537, 2.4733 ], [ 34.9531, 2.4589 ], [ 34.9452, 2.4547 ], [ 34.952, 2.455 ], [ 34.9702, 2.4443 ], [ 35.0256, 2.4326 ], [ 35.0193, 2.4567 ], [ 35.0218, 2.4645 ], [ 35.0193, 2.4708 ], [ 35.0205, 2.4837 ], [ 35.0157, 2.4977 ], [ 35.0197, 2.509 ], [ 35.0387, 2.5339 ], [ 35.0555, 2.5637 ], [ 35.0595, 2.6068 ], [ 35.0654, 2.6209 ], [ 35.0742, 2.6244 ], [ 35.0811, 2.6354 ], [ 35.0961, 2.6455 ], [ 35.1081, 2.6479 ], [ 35.1126, 2.6527 ], [ 35.1295, 2.6463 ], [ 35.1553, 2.6303 ], [ 35.1668, 2.6167 ], [ 35.1785, 2.5981 ], [ 35.1869, 2.5715 ], [ 35.2129, 2.5425 ], [ 35.2155, 2.4963 ], [ 35.2233, 2.4591 ], [ 35.2323, 2.4471 ], [ 35.2456, 2.4454 ], [ 35.2516, 2.4395 ], [ 35.2722, 2.4374 ], [ 35.2951, 2.4255 ], [ 35.3031, 2.3991 ], [ 35.3058, 2.3674 ], [ 35.3281, 2.3923 ], [ 35.3387, 2.4001 ], [ 35.3488, 2.402 ], [ 35.3557, 2.4133 ], [ 35.3725, 2.4273 ], [ 35.3939, 2.4385 ], [ 35.3883, 2.4457 ], [ 35.3859, 2.4573 ], [ 35.3937, 2.4645 ], [ 35.3917, 2.4793 ], [ 35.3999, 2.4845 ], [ 35.3979, 2.4931 ], [ 35.3911, 2.4933 ], [ 35.3851, 2.5047 ], [ 35.3903, 2.5143 ], [ 35.3824, 2.5182 ], [ 35.3863, 2.5317 ], [ 35.3919, 2.5363 ], [ 35.3887, 2.5409 ], [ 35.3875, 2.5553 ], [ 35.3825, 2.5611 ], [ 35.3861, 2.5668 ], [ 35.3801, 2.5705 ], [ 35.3807, 2.5775 ], [ 35.3755, 2.5787 ], [ 35.3769, 2.5887 ], [ 35.3729, 2.5945 ], [ 35.3841, 2.5917 ], [ 35.3963, 2.5941 ], [ 35.4179, 2.5831 ], [ 35.4269, 2.5829 ], [ 35.4355, 2.5739 ], [ 35.4399, 2.5615 ], [ 35.4684, 2.5766 ], [ 35.4665, 2.5917 ], [ 35.4713, 2.6079 ], [ 35.4703, 2.6161 ], [ 35.4801, 2.6431 ], [ 35.4793, 2.6655 ], [ 35.4669, 2.6993 ], [ 35.4597, 2.7495 ], [ 35.4599, 2.7857 ], [ 35.4679, 2.8251 ], [ 35.4965, 2.8189 ], [ 35.5257, 2.8031 ], [ 35.5387, 2.8015 ], [ 35.5467, 2.8319 ], [ 35.5559, 2.8433 ], [ 35.5663, 2.8719 ], [ 35.5833, 2.8919 ], [ 35.5871, 2.9019 ], [ 35.5859, 2.9109 ], [ 35.5917, 2.9215 ], [ 35.6131, 2.9349 ], [ 35.6199, 2.9425 ], [ 35.6239, 2.9559 ], [ 35.6389, 2.9681 ], [ 35.6457, 2.9791 ], [ 35.6517, 2.9985 ], [ 35.6221, 3.0303 ], [ 35.6165, 3.0583 ], [ 35.5841, 3.0829 ], [ 35.5493, 3.1353 ], [ 35.5547, 3.1477 ], [ 35.5741, 3.1625 ], [ 35.5809, 3.1805 ], [ 35.5981, 3.1816 ], [ 35.6067, 3.2001 ], [ 35.5953, 3.2019 ], [ 35.5919, 3.2069 ], [ 35.6019, 3.2245 ], [ 35.6035, 3.2353 ], [ 35.5989, 3.2447 ], [ 35.5609, 3.2673 ], [ 35.5561, 3.2863 ], [ 35.5575, 3.3129 ], [ 35.5551, 3.3277 ], [ 35.5433, 3.3379 ], [ 35.5255, 3.3635 ], [ 35.4803, 3.4065 ], [ 35.4759, 3.4153 ], [ 35.4731, 3.4457 ], [ 35.4771, 3.4709 ], [ 35.4749, 3.4953 ], [ 35.4613, 3.5023 ], [ 35.4532, 3.5029 ], [ 35.4493, 3.5173 ], [ 35.4433, 3.5231 ], [ 35.4278, 3.5202 ], [ 35.4025, 3.5245 ], [ 35.3976, 3.5199 ], [ 35.3888, 3.5281 ], [ 35.3623, 3.5225 ], [ 35.3401, 3.5547 ], [ 35.3353, 3.5811 ], [ 35.3262, 3.598 ], [ 35.3249, 3.6121 ], [ 35.3213, 3.6186 ], [ 35.2787, 3.6221 ], [ 35.2502, 3.6374 ], [ 35.2186, 3.6414 ], [ 35.1826, 3.6519 ], [ 35.1745, 3.6425 ], [ 35.1653, 3.6225 ], [ 35.1488, 3.6038 ], [ 35.1351, 3.5821 ], [ 35.1163, 3.4967 ], [ 35.1212, 3.4238 ], [ 35.1325, 3.3969 ], [ 35.1417, 3.3837 ], [ 35.1686, 3.3673 ], [ 35.1581, 3.3595 ], [ 35.1365, 3.3553 ], [ 35.1174, 3.3402 ], [ 35.1005, 3.3377 ], [ 35.0351, 3.3595 ], [ 35.0244, 3.3594 ], [ 35.0119, 3.3665 ], [ 34.9733, 3.3777 ], [ 34.9841, 3.4543 ], [ 34.9793, 3.4953 ] ] ] } },
{ "type": "Feature", "properties": { "iso3": "KEN", "unit_id": "43622606B64529393502955", "unit_name": "Turkana South" }, "geometry": { "type": "Polygon", "coordinates": [ [ [ 35.667, 3.036 ], [ 35.6439, 2.9755 ], [ 35.6239, 2.9559 ], [ 35.6199, 2.9425 ], [ 35.6131, 2.9349 ], [ 35.5917, 2.9215 ], [ 35.5859, 2.9109 ], [ 35.5871, 2.9019 ], [ 35.5833, 2.8919 ], [ 35.5663, 2.8719 ], [ 35.5559, 2.8433 ], [ 35.5467, 2.8319 ], [ 35.5387, 2.8015 ], [ 35.5257, 2.8031 ], [ 35.4965, 2.8189 ], [ 35.4679, 2.8251 ], [ 35.4599, 2.7857 ], [ 35.4597, 2.7495 ], [ 35.4669, 2.6993 ], [ 35.4793, 2.6655 ], [ 35.4801, 2.6431 ], [ 35.4703, 2.6161 ], [ 35.4713, 2.6079 ], [ 35.4665, 2.5917 ], [ 35.4684, 2.5766 ], [ 35.4399, 2.5615 ], [ 35.4355, 2.5739 ], [ 35.4269, 2.5829 ], [ 35.4179, 2.5831 ], [ 35.3963, 2.5941 ], [ 35.3841, 2.5917 ], [ 35.3729, 2.5945 ], [ 35.3769, 2.5887 ], [ 35.3755, 2.5787 ], [ 35.3807, 2.5775 ], [ 35.3801, 2.5705 ], [ 35.3861, 2.5668 ], [ 35.3825, 2.5611 ], [ 35.3875, 2.5553 ], [ 35.3887, 2.5409 ], [ 35.3919, 2.5363 ], [ 35.3863, 2.5317 ], [ 35.3824, 2.5182 ], [ 35.3903, 2.5143 ], [ 35.3851, 2.5047 ], [ 35.3911, 2.4933 ], [ 35.3979, 2.4931 ], [ 35.3999, 2.4845 ], [ 35.3917, 2.4793 ], [ 35.3937, 2.4645 ], [ 35.3859, 2.4573 ], [ 35.3883, 2.4457 ], [ 35.3939, 2.4385 ], [ 35.3725, 2.4273 ], [ 35.3557, 2.4133 ], [ 35.3488, 2.402 ], [ 35.3387, 2.4001 ], [ 35.3281, 2.3923 ], [ 35.3058, 2.3674 ], [ 35.3073, 2.3267 ], [ 35.3118, 2.2802 ], [ 35.3433, 2.1674 ], [ 35.3937, 1.9649 ], [ 35.3892, 1.9611 ], [ 35.3913, 1.9549 ], [ 35.3775, 1.9469 ], [ 35.3694, 1.9303 ], [ 35.4518, 1.8513 ], [ 35.4533, 1.8462 ], [ 35.457, 1.8476 ], [ 35.4613, 1.8415 ], [ 35.4675, 1.8433 ], [ 35.4729, 1.8375 ], [ 35.4768, 1.8227 ], [ 35.4726, 1.8174 ], [ 35.4774, 1.8133 ], [ 35.4709, 1.8047 ], [ 35.4827, 1.7975 ], [ 35.4857, 1.7874 ], [ 35.4972, 1.7761 ], [ 35.4949, 1.7705 ], [ 35.4981, 1.7672 ], [ 35.516, 1.7703 ], [ 35.5282, 1.7642 ], [ 35.5494, 1.7665 ], [ 35.5671, 1.76 ], [ 35.5745, 1.7627 ], [ 35.5833, 1.7602 ], [ 35.5943, 1.7641 ], [ 35.6086, 1.7513 ], [ 35.6483, 1.7422 ], [ 35.658, 1.7338 ], [ 35.6692, 1.7312 ], [ 35.6735, 1.7233 ], [ 35.7034, 1.705 ], [ 35.7821, 1.9069 ], [ 35.8005, 1.9353 ], [ 35.8005, 1.9415 ], [ 35.7917, 1.9649 ], [ 35.7883, 1.9919 ], [ 35.7823, 1.9973 ], [ 35.7529, 2.0035 ], [ 35.7141, 2.0029 ], [ 35.7069, 1.9989 ], [ 35.6925, 2.0071 ], [ 35.6837, 2.0167 ], [ 35.6823, 2.0281 ], [ 35.6857, 2.0403 ], [ 35.6999, 2.0595 ], [ 35.7205, 2.0791 ], [ 35.7257, 2.0909 ], [ 35.7265, 2.1033 ], [ 35.7227, 2.1143 ], [ 35.7093, 2.1301 ], [ 35.7009, 2.1337 ], [ 35.6821, 2.1335 ], [ 35.6709, 2.1509 ], [ 35.6437, 2.1477 ], [ 35.6371, 2.1521 ], [ 35.6375, 2.1611 ], [ 35.6507, 2.1755 ], [ 35.6563, 2.1899 ], [ 35.6667, 2.2033 ], [ 35.6689, 2.2191 ], [ 35.6637, 2.2277 ], [ 35.6251, 2.2563 ], [ 35.6173, 2.2663 ], [ 35.6133, 2.2825 ], [ 35.6279, 2.2917 ], [ 35.6425, 2.2937 ], [ 35.6601, 2.3031 ], [ 35.6863, 2.3037 ], [ 35.7035, 2.3151 ], [ 35.7219, 2.3225 ], [ 35.7427, 2.3221 ], [ 35.7565, 2.3317 ], [ 35.7727, 2.3311 ], [ 35.7915, 2.3405 ], [ 35.8151, 2.3377 ], [ 35.8199, 2.3309 ], [ 35.8225, 2.3127 ], [ 35.8149, 2.2959 ], [ 35.8139, 2.2865 ], [ 35.8149, 2.2591 ], [ 35.8227, 2.2409 ], [ 35.8185, 2.2265 ], [ 35.8199, 2.2075 ], [ 35.9681, 2.1905 ], [ 35.9815, 2.1637 ], [ 35.9799, 2.1431 ], [ 35.9927, 2.1187 ], [ 35.9939, 2.1115 ], [ 35.9887, 2.0831 ], [ 35.9911, 2.0775 ], [ 36.0041, 2.0671 ], [ 36.0081, 2.0575 ], [ 36.0139, 2.0563 ], [ 36.0299, 2.0661 ], [ 36.0566, 2.0504 ], [ 36.0819, 2.0593 ], [ 36.0947, 2.0583 ], [ 36.1097, 2.1197 ], [ 36.1253, 2.2301 ], [ 36.1239, 2.2449 ], [ 36.1195, 2.2523 ], [ 36.0927, 2.2815 ], [ 36.0823, 2.2821 ], [ 36.0755, 2.2893 ], [ 36.0873, 2.4065 ], [ 36.0979, 2.4385 ], [ 36.0915, 2.4585 ], [ 36.0953, 2.4623 ], [ 36.1283, 2.4733 ], [ 36.1567, 2.4961 ], [ 36.1661, 2.5013 ], [ 36.1821, 2.5035 ], [ 36.2203, 2.5291 ], [ 36.2049, 2.5339 ], [ 36.1883, 2.5341 ], [ 36.1581, 2.5283 ], [ 36.0862, 2.5703 ], [ 36.0671, 2.5653 ], [ 36.0597, 2.5703 ], [ 36.0711, 2.6163 ], [ 36.0713, 2.6431 ], [ 36.0693, 2.6615 ], [ 36.0517, 2.6777 ], [ 36.0581, 2.6941 ], [ 36.0577, 2.7065 ], [ 36.0453, 2.7215 ], [ 36.0231, 2.7387 ], [ 36.0237, 2.7677 ], [ 36.0209, 2.7761 ], [ 35.9965, 2.8037 ], [ 35.9679, 2.8279 ], [ 35.9589, 2.8276 ], [ 35.9491, 2.7955 ], [ 35.9077, 2.7401 ], [ 35.8711, 2.7115 ], [ 35.8617, 2.7093 ], [ 35.8621, 2.7333 ], [ 35.8695, 2.7439 ], [ 35.8717, 2.7561 ], [ 35.8705, 2.7943 ], [ 35.8735, 2.8103 ], [ 35.8657, 2.8023 ], [ 35.8397, 2.7979 ], [ 35.8293, 2.8055 ], [ 35.7927, 2.8857 ], [ 35.7909, 2.8981 ], [ 35.796, 2.9158 ], [ 35.7815, 2.9139 ], [ 35.7655, 2.9255 ], [ 35.7555, 2.9591 ], [ 35.7483, 2.9753 ], [ 35.7403, 2.9843 ], [ 35.7371, 3.0009 ], [ 35.7395, 3.0085 ], [ 35.7381, 3.0247 ], [ 35.7303, 3.0353 ], [ 35.7285, 3.0505 ], [ 35.7207, 3.0439 ], [ 35.707, 3.039 ], [ 35.6827, 3.0415 ], [ 35.667, 3.036 ] ] ] } },
{ "type": "Feature", "properties": { "iso3": "KEN", "unit_id": "43622606B51470058539402", "unit_name": "Turkana East" }, "geometry": { "type": "Polygon", "coordinates": [ [ [ 36.3859, 2.8298 ], [ 36.3777, 2.8293 ], [ 36.3735, 2.8143 ], [ 36.3649, 2.8088 ], [ 36.3619, 2.8029 ], [ 36.3571, 2.7905 ], [ 36.3585, 2.7821 ], [ 36.3471, 2.7689 ], [ 36.3413, 2.7567 ], [ 36.3437, 2.7281 ], [ 36.3309, 2.7101 ], [ 36.3423, 2.6885 ], [ 36.3367, 2.6549 ], [ 36.3365, 2.5907 ], [ 36.3335, 2.5843 ], [ 36.3243, 2.5761 ], [ 36.2611, 2.5469 ], [ 36.2375, 2.5261 ], [ 36.2203, 2.5291 ], [ 36.2153, 2.5271 ], [ 36.1821, 2.5035 ], [ 36.1661, 2.5013 ], [ 36.1567, 2.4961 ], [ 36.1283, 2.4733 ], [ 36.0953, 2.4623 ], [ 36.0915, 2.4585 ], [ 36.0979, 2.4385 ], [ 36.0873, 2.4065 ], [ 36.0755, 2.2893 ], [ 36.0823, 2.2821 ], [ 36.0927, 2.2815 ], [ 36.1195, 2.2523 ], [ 36.1239, 2.2449 ], [ 36.1253, 2.2301 ], [ 36.1097, 2.1197 ], [ 36.0947, 2.0583 ], [ 36.0819, 2.0593 ], [ 36.0566, 2.0504 ], [ 36.0299, 2.0661 ], [ 36.0139, 2.0563 ], [ 36.0081, 2.0575 ], [ 36.0041, 2.0671 ], [ 35.9911, 2.0775 ], [ 35.9887, 2.0831 ], [ 35.9939, 2.1115 ], [ 35.9927, 2.1187 ], [ 35.9799, 2.1431 ], [ 35.9815, 2.1637 ], [ 35.9681, 2.1905 ], [ 35.8199, 2.2075 ], [ 35.8185, 2.2265 ], [ 35.8227, 2.2409 ], [ 35.8149, 2.2591 ], [ 35.8139, 2.2865 ], [ 35.8149, 2.2959 ], [ 35.8225, 2.3127 ], [ 35.8199, 2.3309 ], [ 35.8151, 2.3377 ], [ 35.7915, 2.3405 ], [ 35.7727, 2.3311 ], [ 35.7565, 2.3317 ], [ 35.7427, 2.3221 ], [ 35.7219, 2.3225 ], [ 35.7035, 2.3151 ], [ 35.6863, 2.3037 ], [ 35.6601, 2.3031 ], [ 35.6425, 2.2937 ], [ 35.6279, 2.2917 ], [ 35.6133, 2.2825 ], [ 35.6173, 2.2663 ], [ 35.6251, 2.2563 ], [ 35.6637, 2.2277 ], [ 35.6689, 2.2191 ], [ 35.6667, 2.2033 ], [ 35.6563, 2.1899 ], [ 35.6507, 2.1755 ], [ 35.6375, 2.1611 ], [ 35.6371, 2.1521 ], [ 35.6437, 2.1477 ], [ 35.6709, 2.1509 ], [ 35.6821, 2.1335 ], [ 35.7009, 2.1337 ], [ 35.7093, 2.1301 ], [ 35.7227, 2.1143 ], [ 35.7265, 2.1033 ], [ 35.7257, 2.0909 ], [ 35.7205, 2.0791 ], [ 35.6999, 2.0595 ], [ 35.6857, 2.0403 ], [ 35.6823, 2.0281 ], [ 35.6837, 2.0167 ], [ 35.6925, 2.0071 ], [ 35.7069, 1.9989 ], [ 35.7141, 2.0029 ], [ 35.7529, 2.0035 ], [ 35.7823, 1.9973 ], [ 35.7883, 1.9919 ], [ 35.7917, 1.9649 ], [ 35.8005, 1.9415 ], [ 35.8005, 1.9353 ], [ 35.7821, 1.9069 ], [ 35.7034, 1.705 ], [ 35.7386, 1.679 ], [ 35.7817, 1.6643 ], [ 36.0973, 1.1693 ], [ 36.1733, 1.1712 ], [ 36.3173, 0.9915 ], [ 36.3423, 0.9941 ], [ 36.3517, 0.967 ], [ 36.3641, 0.9643 ], [ 36.3702, 0.9559 ], [ 36.3842, 0.9549 ], [ 36.3892, 0.9488 ], [ 36.3871, 0.9287 ], [ 36.3937, 0.9212 ], [ 36.3939, 0.9124 ], [ 36.4191, 0.9353 ], [ 36.4313, 0.9517 ], [ 36.4458, 0.9836 ], [ 36.4532, 1.0183 ], [ 36.4427, 1.0428 ], [ 36.4438, 1.0735 ], [ 36.4389, 1.0901 ], [ 36.4446, 1.1159 ], [ 36.44, 1.133 ], [ 36.4338, 1.1397 ], [ 36.4426, 1.1752 ], [ 36.4199, 1.1869 ], [ 36.3982, 1.1737 ], [ 36.3916, 1.1758 ], [ 36.3889, 1.1879 ], [ 36.3965, 1.1945 ], [ 36.3953, 1.2211 ], [ 36.4119, 1.2323 ], [ 36.4167, 1.2274 ], [ 36.4215, 1.2356 ], [ 36.4151, 1.2462 ], [ 36.4121, 1.26 ], [ 36.4045, 1.2525 ], [ 36.3969, 1.2554 ], [ 36.3888, 1.2659 ], [ 36.398, 1.2765 ], [ 36.4051, 1.2743 ], [ 36.4093, 1.2788 ], [ 36.4239, 1.2671 ], [ 36.4304, 1.2668 ], [ 36.4476, 1.2522 ], [ 36.4534, 1.2577 ], [ 36.4506, 1.2717 ], [ 36.4367, 1.2913 ], [ 36.4361, 1.3038 ], [ 36.4211, 1.2958 ], [ 36.4061, 1.2997 ], [ 36.4031, 1.3081 ], [ 36.3965, 1.3085 ], [ 36.3932, 1.3132 ], [ 36.3961, 1.3185 ], [ 36.4039, 1.3173 ], [ 36.4127, 1.3297 ], [ 36.4211, 1.3347 ], [ 36.4225, 1.3465 ], [ 36.4256, 1.3495 ], [ 36.434, 1.3529 ], [ 36.443, 1.3631 ], [ 36.4603, 1.3716 ], [ 36.466, 1.3847 ], [ 36.4669, 1.3987 ], [ 36.4601, 1.4025 ], [ 36.4553, 1.3983 ], [ 36.4474, 1.4123 ], [ 36.4283, 1.4085 ], [ 36.4275, 1.4153 ], [ 36.42, 1.4168 ], [ 36.3924, 1.4453 ], [ 36.3549, 1.4377 ], [ 36.3415, 1.4475 ], [ 36.322, 1.4715 ], [ 36.2897, 1.4659 ], [ 36.3, 1.4913 ], [ 36.2969, 1.5001 ], [ 36.3027, 1.5412 ], [ 36.3346, 1.5694 ], [ 36.3446, 1.5748 ], [ 36.3455, 1.5715 ], [ 36.3571, 1.5711 ], [ 36.3589, 1.5871 ], [ 36.3711, 1.5963 ], [ 36.3771, 1.5861 ], [ 36.376, 1.5751 ], [ 36.3725, 1.5707 ], [ 36.3757, 1.5433 ], [ 36.3901, 1.5251 ], [ 36.394, 1.5257 ], [ 36.3977, 1.5281 ], [ 36.4134, 1.5623 ], [ 36.4265, 1.5731 ], [ 36.4412, 1.615 ], [ 36.4474, 1.6188 ], [ 36.4628, 1.6148 ], [ 36.4692, 1.6373 ], [ 36.4704, 1.6573 ], [ 36.4814, 1.6799 ], [ 36.4861, 1.6835 ], [ 36.4876, 1.7052 ], [ 36.4995, 1.7074 ], [ 36.5037, 1.7116 ], [ 36.5031, 1.7185 ], [ 36.5086, 1.7251 ], [ 36.5099, 1.7342 ], [ 36.516, 1.7426 ], [ 36.5207, 1.7427 ], [ 36.5276, 1.7575 ], [ 36.5251, 1.7641 ], [ 36.5193, 1.7569 ], [ 36.5187, 1.7645 ], [ 36.5117, 1.7731 ], [ 36.513, 1.7753 ], [ 36.5189, 1.7723 ], [ 36.5162, 1.7817 ], [ 36.5229, 1.7861 ], [ 36.5249, 1.791 ], [ 36.5225, 1.7933 ], [ 36.5347, 1.8071 ], [ 36.5244, 1.8121 ], [ 36.5155, 1.8232 ], [ 36.5147, 1.8311 ], [ 36.5221, 1.8307 ], [ 36.5243, 1.8334 ], [ 36.5219, 1.8373 ], [ 36.5249, 1.8469 ], [ 36.5229, 1.8527 ], [ 36.5192, 1.8487 ], [ 36.5166, 1.852 ], [ 36.5151, 1.8767 ], [ 36.5325, 1.8999 ], [ 36.5387, 1.9032 ], [ 36.5421, 1.9243 ], [ 36.5413, 1.9603 ], [ 36.5343, 1.9537 ], [ 36.5321, 1.9573 ], [ 36.5466, 1.9958 ], [ 36.5402, 2.0036 ], [ 36.5433, 2.0081 ], [ 36.5475, 2.0041 ], [ 36.5463, 2.0313 ], [ 36.5518, 2.0347 ], [ 36.5563, 2.0485 ], [ 36.5691, 2.058 ], [ 36.5649, 2.1044 ], [ 36.5807, 2.1219 ], [ 36.5881, 2.1458 ], [ 36.5954, 2.1467 ], [ 36.6095, 2.1617 ], [ 36.6125, 2.1627 ], [ 36.6113, 2.1569 ], [ 36.6487, 2.1691 ], [ 36.6815, 2.1933 ], [ 36.7012, 2.1991 ], [ 36.7005, 2.2177 ], [ 36.7115, 2.2241 ], [ 36.7125, 2.2305 ], [ 36.7101, 2.2401 ], [ 36.7144, 2.2515 ], [ 36.7077, 2.2624 ], [ 36.7227, 2.2744 ], [ 36.7247, 2.302 ], [ 36.6013, 2.3608 ], [ 36.6024, 2.4048 ], [ 36.5923, 2.4134 ], [ 36.5868, 2.4074 ], [ 36.5685, 2.4048 ], [ 36.5666, 2.4001 ], [ 36.5596, 2.3966 ], [ 36.5389, 2.4076 ], [ 36.532, 2.4322 ], [ 36.5245, 2.4462 ], [ 36.5295, 2.4735 ], [ 36.5273, 2.4852 ], [ 36.5311, 2.5001 ], [ 36.5301, 2.5228 ], [ 36.5248, 2.5267 ], [ 36.5151, 2.5603 ], [ 36.4941, 2.5754 ], [ 36.4752, 2.6003 ], [ 36.4727, 2.6095 ], [ 36.4541, 2.6122 ], [ 36.438, 2.6345 ], [ 36.434, 2.6801 ], [ 36.4473, 2.7055 ], [ 36.4293, 2.7191 ], [ 36.4213, 2.7367 ], [ 36.4187, 2.7635 ], [ 36.396, 2.8007 ], [ 36.3859, 2.8298 ] ] ] } },
{ "type": "Feature", "properties": { "iso3": "KEN", "unit_id": "43622606B89816398875140", "unit_name": "Kapenguria" }, "geometry": { "type": "Polygon", "coordinates": [ [ [ 35.3694, 1.9303 ], [ 35.3539, 1.927 ], [ 35.3476, 1.9195 ], [ 35.3395, 1.9197 ], [ 35.3343, 1.9128 ], [ 35.3296, 1.8951 ], [ 35.3106, 1.8813 ], [ 35.3058, 1.8712 ], [ 35.3036, 1.8545 ], [ 35.3075, 1.8522 ], [ 35.3072, 1.8431 ], [ 35.304, 1.8278 ], [ 35.3006, 1.8246 ], [ 35.279, 1.828 ], [ 35.2643, 1.8373 ], [ 35.2583, 1.8501 ], [ 35.2467, 1.8503 ], [ 35.234, 1.8423 ], [ 35.2318, 1.8352 ], [ 35.2216, 1.8311 ], [ 35.2084, 1.8043 ], [ 35.1982, 1.8005 ], [ 35.1754, 1.7989 ], [ 35.1584, 1.7914 ], [ 35.1563, 1.7797 ], [ 35.1371, 1.7376 ], [ 35.1403, 1.7325 ], [ 35.1389, 1.7273 ], [ 35.13, 1.723 ], [ 35.1267, 1.7176 ], [ 35.119, 1.7167 ], [ 35.1156, 1.7074 ], [ 35.1216, 1.6956 ], [ 35.12, 1.6823 ], [ 35.1284, 1.6662 ], [ 35.1324, 1.664 ], [ 35.1274, 1.657 ], [ 35.1321, 1.6497 ], [ 35.1275, 1.6385 ], [ 35.1316, 1.6369 ], [ 35.1313, 1.6259 ], [ 35.1252, 1.6189 ], [ 35.1156, 1.6156 ], [ 35.1121, 1.6044 ], [ 35.1078, 1.6048 ], [ 35.1065, 1.599 ], [ 35.1019, 1.5954 ], [ 35.1037, 1.5905 ], [ 35.0866, 1.5751 ], [ 35.0872, 1.5581 ], [ 35.0786, 1.5475 ], [ 35.0812, 1.5446 ], [ 35.0786, 1.5387 ], [ 35.0718, 1.5399 ], [ 35.0721, 1.533 ], [ 35.0678, 1.5305 ], [ 35.0686, 1.5212 ], [ 35.0634, 1.52 ], [ 35.0619, 1.5153 ], [ 35.0647, 1.5134 ], [ 35.0626, 1.5052 ], [ 35.0584, 1.5055 ], [ 35.0577, 1.5013 ], [ 35.0385, 1.485 ], [ 35.0177, 1.4794 ], [ 35.0086, 1.4822 ], [ 35.0051, 1.4803 ], [ 35.0039, 1.4827 ], [ 34.9965, 1.4796 ], [ 34.9822, 1.4824 ], [ 34.9766, 1.4785 ], [ 34.9755, 1.4694 ], [ 34.9568, 1.4663 ], [ 34.9537, 1.4506 ], [ 34.949, 1.4461 ], [ 34.9513, 1.4453 ], [ 34.9494, 1.4366 ], [ 34.9409, 1.4323 ], [ 34.9348, 1.4228 ], [ 34.9308, 1.4246 ], [ 34.9221, 1.4103 ], [ 34.9165, 1.412 ], [ 34.9109, 1.3807 ], [ 34.9021, 1.371 ], [ 34.8926, 1.3662 ], [ 34.885, 1.3539 ], [ 34.8776, 1.3511 ], [ 34.8731, 1.3447 ], [ 34.8741, 1.3349 ], [ 34.8615, 1.3277 ], [ 34.8673, 1.3191 ], [ 34.8559, 1.3124 ], [ 34.8522, 1.3136 ], [ 34.8527, 1.3091 ], [ 34.8295, 1.3065 ], [ 34.8309, 1.2712 ], [ 34.82, 1.2623 ], [ 34.9069, 1.2838 ], [ 34.9051, 1.2524 ], [ 34.939, 1.2536 ], [ 34.9697, 1.2486 ], [ 34.994, 1.2592 ], [ 35.0126, 1.2559 ], [ 35.0254, 1.2342 ], [ 35.0436, 1.2165 ], [ 35.0361, 1.205 ], [ 35.0428, 1.196 ], [ 35.0615, 1.1818 ], [ 35.0739, 1.1785 ], [ 35.0845, 1.169 ], [ 35.088, 1.1836 ], [ 35.12, 1.1886 ], [ 35.1252, 1.1851 ], [ 35.2081, 1.2341 ], [ 35.2155, 1.2296 ], [ 35.2126, 1.2452 ], [ 35.2173, 1.2495 ], [ 35.2203, 1.2592 ], [ 35.2428, 1.2697 ], [ 35.2287, 1.2695 ], [ 35.2154, 1.2608 ], [ 35.1803, 1.2606 ], [ 35.1731, 1.2546 ], [ 35.159, 1.2612 ], [ 35.1425, 1.2752 ], [ 35.1459, 1.2736 ], [ 35.151, 1.2767 ], [ 35.1552, 1.2871 ], [ 35.1604, 1.2913 ], [ 35.1497, 1.305 ], [ 35.1376, 1.3136 ], [ 35.1321, 1.3283 ], [ 35.1314, 1.3393 ], [ 35.1365, 1.341 ], [ 35.1371, 1.3467 ], [ 35.141, 1.3459 ], [ 35.1424, 1.3513 ], [ 35.1343, 1.3576 ], [ 35.1322, 1.3562 ], [ 35.1301, 1.3697 ], [ 35.145, 1.375 ], [ 35.149, 1.3813 ], [ 35.1463, 1.3862 ], [ 35.1488, 1.3943 ], [ 35.1464, 1.3946 ], [ 35.1484, 1.3985 ], [ 35.1414, 1.4159 ], [ 35.1277, 1.4191 ], [ 35.125, 1.4223 ], [ 35.1223, 1.4406 ], [ 35.1271, 1.4578 ], [ 35.1249, 1.463 ], [ 35.1307, 1.4692 ], [ 35.1276, 1.4794 ], [ 35.1323, 1.4837 ], [ 35.1368, 1.4792 ], [ 35.1411, 1.4795 ], [ 35.1434, 1.4839 ], [ 35.1559, 1.4902 ], [ 35.168, 1.4867 ], [ 35.1736, 1.4882 ], [ 35.2031, 1.5003 ], [ 35.1929, 1.5069 ], [ 35.1939, 1.5138 ], [ 35.2114, 1.5267 ], [ 35.2176, 1.5257 ], [ 35.2249, 1.5426 ], [ 35.2316, 1.5436 ], [ 35.2379, 1.5407 ], [ 35.2432, 1.5333 ], [ 35.2486, 1.5328 ], [ 35.2951, 1.5416 ], [ 35.3082, 1.5371 ], [ 35.3133, 1.542 ], [ 35.3273, 1.5414 ], [ 35.3316, 1.5474 ], [ 35.3432, 1.5466 ], [ 35.3423, 1.5501 ], [ 35.3525, 1.5523 ], [ 35.3503, 1.5553 ], [ 35.3538, 1.5584 ], [ 35.3555, 1.5556 ], [ 35.3573, 1.5582 ], [ 35.3607, 1.5563 ], [ 35.365, 1.5459 ], [ 35.3795, 1.5482 ], [ 35.3777, 1.5433 ], [ 35.3874, 1.5453 ], [ 35.3865, 1.5415 ], [ 35.3923, 1.5382 ], [ 35.4022, 1.5382 ], [ 35.4123, 1.5312 ], [ 35.4117, 1.5481 ], [ 35.4022, 1.5529 ], [ 35.3987, 1.5636 ], [ 35.3903, 1.5705 ], [ 35.3889, 1.5789 ], [ 35.38, 1.5898 ], [ 35.3824, 1.5974 ], [ 35.3706, 1.6225 ], [ 35.3711, 1.6393 ], [ 35.3535, 1.6507 ], [ 35.3541, 1.6658 ], [ 35.3672, 1.7221 ], [ 35.3546, 1.7536 ], [ 35.3458, 1.76 ], [ 35.3421, 1.769 ], [ 35.3395, 1.7812 ], [ 35.3431, 1.7884 ], [ 35.3386, 1.8045 ], [ 35.3408, 1.8158 ], [ 35.3368, 1.8249 ], [ 35.3579, 1.8758 ], [ 35.3726, 1.8964 ], [ 35.3709, 1.9073 ], [ 35.3748, 1.9169 ], [ 35.3694, 1.9303 ] ] ] } },
{ "type": "Feature", "properties": { "iso3": "KEN", "unit_id": "43622606B37887991822807", "unit_name": "Sigor" }, "geometry": { "type": "Polygon", "coordinates": [ [ [ 35.3716, 1.9274 ], [ 35.3748, 1.9169 ], [ 35.3709, 1.9073 ], [ 35.3726, 1.8964 ], [ 35.3579, 1.8758 ], [ 35.3368, 1.8249 ], [ 35.3408, 1.8158 ], [ 35.3386, 1.8045 ], [ 35.3431, 1.7884 ], [ 35.3395, 1.7812 ], [ 35.3421, 1.769 ], [ 35.3458, 1.76 ], [ 35.3546, 1.7536 ], [ 35.3672, 1.7221 ], [ 35.3541, 1.6658 ], [ 35.3535, 1.6507 ], [ 35.3711, 1.6393 ], [ 35.3706, 1.6225 ], [ 35.3824, 1.5974 ], [ 35.38, 1.5898 ], [ 35.3889, 1.5789 ], [ 35.3903, 1.5705 ], [ 35.3987, 1.5636 ], [ 35.4022, 1.5529 ], [ 35.4117, 1.5481 ], [ 35.4139, 1.5344 ], [ 35.4105, 1.5302 ], [ 35.4022, 1.5382 ], [ 35.3923, 1.5382 ], [ 35.3712, 1.5218 ], [ 35.3402, 1.504 ], [ 35.3533, 1.4963 ], [ 35.3701, 1.479 ], [ 35.3757, 1.4815 ], [ 35.3924, 1.4529 ], [ 35.4082, 1.4359 ], [ 35.4427, 1.4292 ], [ 35.4651, 1.4284 ], [ 35.4613, 1.4225 ], [ 35.4444, 1.4191 ], [ 35.4361, 1.4064 ], [ 35.4478, 1.3625 ], [ 35.4498, 1.3288 ], [ 35.4352, 1.2807 ], [ 35.4475, 1.2751 ], [ 35.467, 1.2327 ], [ 35.4671, 1.2252 ], [ 35.5445, 1.2871 ], [ 35.5588, 1.2865 ], [ 35.5596, 1.2895 ], [ 35.5672, 1.292 ], [ 35.5792, 1.2921 ], [ 35.5889, 1.2833 ], [ 35.6063, 1.2793 ], [ 35.6317, 1.3014 ], [ 35.6725, 1.3161 ], [ 35.6974, 1.3188 ], [ 35.7001, 1.3289 ], [ 35.6963, 1.3298 ], [ 35.696, 1.3392 ], [ 35.6888, 1.3422 ], [ 35.6923, 1.3438 ], [ 35.6878, 1.3471 ], [ 35.6909, 1.3532 ], [ 35.6879, 1.3589 ], [ 35.7028, 1.3866 ], [ 35.6991, 1.3904 ], [ 35.7032, 1.4008 ], [ 35.7118, 1.4025 ], [ 35.7068, 1.4061 ], [ 35.711, 1.4117 ], [ 35.7064, 1.4188 ], [ 35.706, 1.429 ], [ 35.7089, 1.4318 ], [ 35.7065, 1.4382 ], [ 35.712, 1.4423 ], [ 35.713, 1.448 ], [ 35.7209, 1.4528 ], [ 35.7233, 1.4606 ], [ 35.7193, 1.4718 ], [ 35.73, 1.4819 ], [ 35.7291, 1.4875 ], [ 35.735, 1.4914 ], [ 35.7427, 1.5046 ], [ 35.7518, 1.5061 ], [ 35.7557, 1.5164 ], [ 35.7616, 1.5193 ], [ 35.7635, 1.5327 ], [ 35.7692, 1.5344 ], [ 35.7688, 1.5452 ], [ 35.7736, 1.5528 ], [ 35.7757, 1.5719 ], [ 35.7799, 1.5719 ], [ 35.7799, 1.5784 ], [ 35.7836, 1.5811 ], [ 35.7794, 1.5894 ], [ 35.7823, 1.5929 ], [ 35.7792, 1.6046 ], [ 35.7866, 1.6096 ], [ 35.7806, 1.6168 ], [ 35.7805, 1.6242 ], [ 35.7904, 1.6264 ], [ 35.7877, 1.6316 ], [ 35.7812, 1.6337 ], [ 35.7775, 1.6413 ], [ 35.7815, 1.6491 ], [ 35.7798, 1.6554 ], [ 35.7857, 1.6561 ], [ 35.7817, 1.6643 ], [ 35.7386, 1.679 ], [ 35.7195, 1.6907 ], [ 35.7017, 1.7072 ], [ 35.6735, 1.7233 ], [ 35.6692, 1.7312 ], [ 35.658, 1.7338 ], [ 35.6483, 1.7422 ], [ 35.6086, 1.7513 ], [ 35.5943, 1.7641 ], [ 35.5833, 1.7602 ], [ 35.5745, 1.7627 ], [ 35.5671, 1.76 ], [ 35.5494, 1.7665 ], [ 35.5282, 1.7642 ], [ 35.516, 1.7703 ], [ 35.4981, 1.7672 ], [ 35.4949, 1.7705 ], [ 35.4972, 1.7761 ], [ 35.4857, 1.7874 ], [ 35.4827, 1.7975 ], [ 35.4709, 1.8047 ], [ 35.4774, 1.8133 ], [ 35.4726, 1.8174 ], [ 35.4768, 1.8227 ], [ 35.4729, 1.8375 ], [ 35.4675, 1.8433 ], [ 35.4613, 1.8415 ], [ 35.457, 1.8476 ], [ 35.4533, 1.8462 ], [ 35.4518, 1.8513 ], [ 35.3716, 1.9274 ] ] ] } },
{ "type": "Feature", "properties": { "iso3": "KEN", "unit_id": "43622606B37614827022118", "unit_name": "Kacheliba" }, "geometry": { "type": "Polygon", "coordinates": [ [ [ 34.9452, 2.4547 ], [ 34.9374, 2.4468 ], [ 34.935, 2.4393 ], [ 34.9306, 2.4387 ], [ 34.931, 2.4312 ], [ 34.9161, 2.4241 ], [ 34.9142, 2.397 ], [ 34.9178, 2.3939 ], [ 34.9474, 2.2007 ], [ 34.9805, 2.0531 ], [ 34.9836, 1.9814 ], [ 35.0276, 1.9228 ], [ 35.0003, 1.8395 ], [ 34.9988, 1.7489 ], [ 34.9906, 1.6667 ], [ 34.9431, 1.5783 ], [ 34.9051, 1.5535 ], [ 34.8893, 1.5559 ], [ 34.8634, 1.5287 ], [ 34.8543, 1.496 ], [ 34.8561, 1.4775 ], [ 34.8484, 1.4531 ], [ 34.8366, 1.4516 ], [ 34.8276, 1.4461 ], [ 34.8174, 1.4315 ], [ 34.7984, 1.421 ], [ 34.7775, 1.3947 ], [ 34.7767, 1.3842 ], [ 34.7852, 1.3685 ], [ 34.8295, 1.3065 ], [ 34.8527, 1.3091 ], [ 34.8522, 1.3136 ], [ 34.8559, 1.3124 ], [ 34.8673, 1.3191 ], [ 34.8615, 1.3277 ], [ 34.8741, 1.3349 ], [ 34.8731, 1.3447 ], [ 34.8776, 1.3511 ], [ 34.885, 1.3539 ], [ 34.8926, 1.3662 ], [ 34.9021, 1.371 ], [ 34.9109, 1.3807 ], [ 34.9165, 1.412 ], [ 34.9221, 1.4103 ], [ 34.9308, 1.4246 ], [ 34.9348, 1.4228 ], [ 34.9409, 1.4323 ], [ 34.9494, 1.4366 ], [ 34.9513, 1.4453 ], [ 34.949, 1.4461 ], [ 34.9537, 1.4506 ], [ 34.9568, 1.4663 ], [ 34.9755, 1.4694 ], [ 34.9766, 1.4785 ], [ 34.9822, 1.4824 ], [ 34.9965, 1.4796 ], [ 35.0039, 1.4827 ], [ 35.0051, 1.4803 ], [ 35.0086, 1.4822 ], [ 35.0177, 1.4794 ], [ 35.0385, 1.485 ], [ 35.0577, 1.5013 ], [ 35.0584, 1.5055 ], [ 35.0626, 1.5052 ], [ 35.0647, 1.5134 ], [ 35.0619, 1.5153 ], [ 35.0634, 1.52 ], [ 35.0686, 1.5212 ], [ 35.0678, 1.5305 ], [ 35.0721, 1.533 ], [ 35.0718, 1.5399 ], [ 35.0786, 1.5387 ], [ 35.0812, 1.5446 ], [ 35.0786, 1.5475 ], [ 35.0872, 1.5581 ], [ 35.0866, 1.5751 ], [ 35.1037, 1.5905 ], [ 35.1019, 1.5954 ], [ 35.1065, 1.599 ], [ 35.1078, 1.6048 ], [ 35.1121, 1.6044 ], [ 35.1156, 1.6156 ], [ 35.1252, 1.6189 ], [ 35.1313, 1.6259 ], [ 35.1316, 1.6369 ], [ 35.1275, 1.6385 ], [ 35.1321, 1.6497 ], [ 35.1274, 1.657 ], [ 35.1324, 1.664 ], [ 35.1284, 1.6662 ], [ 35.12, 1.6823 ], [ 35.1216, 1.6956 ], [ 35.1156, 1.7074 ], [ 35.119, 1.7167 ], [ 35.1267, 1.7176 ], [ 35.13, 1.723 ], [ 35.1389, 1.7273 ], [ 35.1403, 1.7325 ], [ 35.1371, 1.7376 ], [ 35.1563, 1.7797 ], [ 35.1584, 1.7914 ], [ 35.1754, 1.7989 ], [ 35.1982, 1.8005 ], [ 35.2084, 1.8043 ], [ 35.2216, 1.8311 ], [ 35.2318, 1.8352 ], [ 35.234, 1.8423 ], [ 35.2467, 1.8503 ], [ 35.2583, 1.8501 ], [ 35.2643, 1.8373 ], [ 35.279, 1.828 ], [ 35.3006, 1.8246 ], [ 35.304, 1.8278 ], [ 35.3072, 1.8431 ], [ 35.3075, 1.8522 ], [ 35.3036, 1.8545 ], [ 35.3058, 1.8712 ], [ 35.3106, 1.8813 ], [ 35.3296, 1.8951 ], [ 35.3343, 1.9128 ], [ 35.3395, 1.9197 ], [ 35.3476, 1.9195 ], [ 35.3539, 1.927 ], [ 35.3694, 1.9303 ], [ 35.3775, 1.9469 ], [ 35.3913, 1.9549 ], [ 35.3892, 1.9611 ], [ 35.3937, 1.9649 ], [ 35.3433, 2.1674 ], [ 35.3118, 2.2802 ], [ 35.3031, 2.3991 ], [ 35.2975, 2.4206 ], [ 35.2917, 2.4285 ], [ 35.2722, 2.4374 ], [ 35.2516, 2.4395 ], [ 35.2456, 2.4454 ], [ 35.2293, 2.4493 ], [ 35.2233, 2.4591 ], [ 35.2155, 2.4963 ], [ 35.2129, 2.5425 ], [ 35.1869, 2.5715 ], [ 35.1785, 2.5981 ], [ 35.1553, 2.6303 ], [ 35.1295, 2.6463 ], [ 35.1126, 2.6527 ], [ 35.1081, 2.6479 ], [ 35.0961, 2.6455 ], [ 35.0811, 2.6354 ], [ 35.0742, 2.6244 ], [ 35.0654, 2.6209 ], [ 35.0595, 2.6068 ], [ 35.0555, 2.5637 ], [ 35.0387, 2.5339 ], [ 35.0197, 2.509 ], [ 35.0157, 2.4977 ], [ 35.0205, 2.4837 ], [ 35.0193, 2.4708 ], [ 35.0218, 2.4645 ], [ 35.0193, 2.4567 ], [ 35.0256, 2.4326 ], [ 34.9702, 2.4443 ], [ 34.952, 2.455 ], [ 34.9452, 2.4547 ] ] ] } },
{ "type": "Feature", "properties": { "iso3": "KEN", "unit_id": "43622606B302180064927", "unit_name": "Pokot South" }, "geometry": { "type": "Polygon", "coordinates": [ [ [ 35.1516, 1.2006 ], [ 35.3253, 1.12 ], [ 35.3575, 1.1338 ], [ 35.4671, 1.2252 ], [ 35.467, 1.2327 ], [ 35.4475, 1.2751 ], [ 35.4352, 1.2807 ], [ 35.4498, 1.3288 ], [ 35.4478, 1.3625 ], [ 35.4361, 1.4064 ], [ 35.4444, 1.4191 ], [ 35.4613, 1.4225 ], [ 35.4651, 1.4284 ], [ 35.4427, 1.4292 ], [ 35.4082, 1.4359 ], [ 35.3924, 1.4529 ], [ 35.3757, 1.4815 ], [ 35.3701, 1.479 ], [ 35.3533, 1.4963 ], [ 35.3402, 1.504 ], [ 35.3712, 1.5218 ], [ 35.3923, 1.5382 ], [ 35.3865, 1.5415 ], [ 35.3874, 1.5453 ], [ 35.3777, 1.5433 ], [ 35.3795, 1.5482 ], [ 35.365, 1.5459 ], [ 35.3607, 1.5563 ], [ 35.3573, 1.5582 ], [ 35.3555, 1.5556 ], [ 35.3538, 1.5584 ], [ 35.3503, 1.5553 ], [ 35.3525, 1.5523 ], [ 35.3423, 1.5501 ], [ 35.3432, 1.5466 ], [ 35.3316, 1.5474 ], [ 35.3273, 1.5414 ], [ 35.3133, 1.542 ], [ 35.3082, 1.5371 ], [ 35.2951, 1.5416 ], [ 35.2486, 1.5328 ], [ 35.2432, 1.5333 ], [ 35.2379, 1.5407 ], [ 35.2316, 1.5436 ], [ 35.2249, 1.5426 ], [ 35.2176, 1.5257 ], [ 35.2114, 1.5267 ], [ 35.1939, 1.5138 ], [ 35.1929, 1.5069 ], [ 35.2031, 1.5003 ], [ 35.1736, 1.4882 ], [ 35.168, 1.4867 ], [ 35.1559, 1.4902 ], [ 35.1434, 1.4839 ], [ 35.1411, 1.4795 ], [ 35.1368, 1.4792 ], [ 35.1323, 1.4837 ], [ 35.1276, 1.4794 ], [ 35.1307, 1.4692 ], [ 35.1249, 1.463 ], [ 35.1271, 1.4578 ], [ 35.1223, 1.4406 ], [ 35.125, 1.4223 ], [ 35.1277, 1.4191 ], [ 35.1414, 1.4159 ], [ 35.1484, 1.3985 ], [ 35.1464, 1.3946 ], [ 35.1488, 1.3943 ], [ 35.1463, 1.3862 ], [ 35.149, 1.3813 ], [ 35.145, 1.375 ], [ 35.1301, 1.3697 ], [ 35.1322, 1.3562 ], [ 35.1343, 1.3576 ], [ 35.1424, 1.3513 ], [ 35.141, 1.3459 ], [ 35.1371, 1.3467 ], [ 35.1365, 1.341 ], [ 35.1314, 1.3393 ], [ 35.1321, 1.3283 ], [ 35.1376, 1.3136 ], [ 35.1497, 1.305 ], [ 35.1604, 1.2913 ], [ 35.1552, 1.2871 ], [ 35.151, 1.2767 ], [ 35.1459, 1.2736 ], [ 35.1425, 1.2752 ], [ 35.159, 1.2612 ], [ 35.1731, 1.2546 ], [ 35.1803, 1.2606 ], [ 35.2154, 1.2608 ], [ 35.2287, 1.2695 ], [ 35.2428, 1.2697 ], [ 35.2203, 1.2592 ], [ 35.2173, 1.2495 ], [ 35.2126, 1.2452 ], [ 35.2155, 1.2296 ], [ 35.2081, 1.2341 ], [ 35.1516, 1.2006 ] ] ] } },
{ "type": "Feature", "properties": { "iso3": "KEN", "unit_id": "43622606B90106319327441", "unit_name": "Samburu West" }, "geometry": { "type": "Polygon", "coordinates": [ [ [ 36.9349, 0.7541 ], [ 36.9322, 0.7568 ], [ 36.9377, 0.7674 ], [ 36.9414, 0.763 ], [ 36.9507, 0.7622 ], [ 36.961, 0.7712 ], [ 36.967, 0.7699 ], [ 36.9803, 0.7963 ], [ 36.9768, 0.8029 ], [ 36.978, 0.817 ], [ 36.9878, 0.8185 ], [ 36.9987, 0.8282 ], [ 36.9976, 0.8517 ], [ 37.0005, 0.8609 ], [ 36.9956, 0.8765 ], [ 36.9952, 0.8936 ], [ 36.9887, 0.9096 ], [ 36.9765, 0.9149 ], [ 36.9703, 0.9037 ], [ 36.9499, 0.906 ], [ 36.9281, 0.9157 ], [ 36.9007, 0.9508 ], [ 36.8957, 0.9534 ], [ 36.8973, 0.9928 ], [ 36.8697, 1.017 ], [ 36.8637, 1.0189 ], [ 36.849, 1.0038 ], [ 36.8131, 0.9918 ], [ 36.8078, 0.978 ], [ 36.8055, 1.0082 ], [ 36.7782, 1.0627 ], [ 36.7632, 1.1106 ], [ 36.751, 1.1286 ], [ 36.7435, 1.1307 ], [ 36.7352, 1.1394 ], [ 36.7058, 1.1769 ], [ 36.6181, 1.1767 ], [ 36.6189, 1.1959 ], [ 36.6118, 1.214 ], [ 36.6077, 1.2173 ], [ 36.6051, 1.2301 ], [ 36.6087, 1.2397 ], [ 36.602, 1.2475 ], [ 36.6005, 1.2572 ], [ 36.6052, 1.2687 ], [ 36.6155, 1.2764 ], [ 36.6215, 1.3057 ], [ 36.6159, 1.3039 ], [ 36.6157, 1.3064 ], [ 36.631, 1.3395 ], [ 36.63, 1.352 ], [ 36.6221, 1.3689 ], [ 36.6286, 1.3826 ], [ 36.5785, 1.3984 ], [ 36.5487, 1.4199 ], [ 36.5392, 1.4233 ], [ 36.5263, 1.4364 ], [ 36.5267, 1.4511 ], [ 36.5129, 1.4463 ], [ 36.5049, 1.4347 ], [ 36.4811, 1.4236 ], [ 36.4668, 1.408 ], [ 36.464, 1.4025 ], [ 36.4669, 1.3987 ], [ 36.466, 1.3847 ], [ 36.4603, 1.3716 ], [ 36.443, 1.3631 ], [ 36.434, 1.3529 ], [ 36.4256, 1.3495 ], [ 36.4225, 1.3465 ], [ 36.4211, 1.3347 ], [ 36.4127, 1.3297 ], [ 36.4039, 1.3173 ], [ 36.3961, 1.3185 ], [ 36.3932, 1.3132 ], [ 36.3965, 1.3085 ], [ 36.4031, 1.3081 ], [ 36.4061, 1.2997 ], [ 36.4211, 1.2958 ], [ 36.4361, 1.3038 ], [ 36.4367, 1.2913 ], [ 36.4506, 1.2717 ], [ 36.4534, 1.2577 ], [ 36.4476, 1.2522 ], [ 36.4304, 1.2668 ], [ 36.4239, 1.2671 ], [ 36.4093, 1.2788 ], [ 36.4051, 1.2743 ], [ 36.398, 1.2765 ], [ 36.3888, 1.2659 ], [ 36.3969, 1.2554 ], [ 36.4045, 1.2525 ], [ 36.4121, 1.26 ], [ 36.4151, 1.2462 ], [ 36.4215, 1.2356 ], [ 36.4167, 1.2274 ], [ 36.4119, 1.2323 ], [ 36.3953, 1.2211 ], [ 36.3965, 1.1945 ], [ 36.3889, 1.1879 ], [ 36.3916, 1.1758 ], [ 36.3982, 1.1737 ], [ 36.4199, 1.1869 ], [ 36.4426, 1.1752 ], [ 36.4338, 1.1397 ], [ 36.44, 1.133 ], [ 36.4446, 1.1159 ], [ 36.4389, 1.0901 ], [ 36.4438, 1.0735 ], [ 36.4427, 1.0428 ], [ 36.4532, 1.0183 ], [ 36.4458, 0.9836 ], [ 36.4313, 0.9517 ], [ 36.4191, 0.9353 ], [ 36.3954, 0.9131 ], [ 36.3974, 0.9051 ], [ 36.4106, 0.9007 ], [ 36.4197, 0.9019 ], [ 36.4245, 0.8973 ], [ 36.427, 0.8888 ], [ 36.4442, 0.8734 ], [ 36.457, 0.8721 ], [ 36.4815, 0.8538 ], [ 36.4847, 0.8543 ], [ 36.4897, 0.8478 ], [ 36.4839, 0.8244 ], [ 36.4849, 0.8148 ], [ 36.6748, 0.815 ], [ 36.6806, 0.8207 ], [ 36.7022, 0.8232 ], [ 36.7131, 0.8199 ], [ 36.7386, 0.8318 ], [ 36.7569, 0.8606 ], [ 36.7931, 0.8713 ], [ 36.8192, 0.8559 ], [ 36.8193, 0.8428 ], [ 36.833, 0.8153 ], [ 36.8344, 0.8029 ], [ 36.8434, 0.7967 ], [ 36.8424, 0.7895 ], [ 36.865, 0.7394 ], [ 36.8868, 0.7362 ], [ 36.9025, 0.7412 ], [ 36.9081, 0.7374 ], [ 36.9084, 0.7315 ], [ 36.9151, 0.7291 ], [ 36.9203, 0.7393 ], [ 36.9285, 0.7416 ], [ 36.9349, 0.7541 ] ] ] } },
{ "type": "Feature", "properties": { "iso3": "KEN", "unit_id": "43622606B5638356757808", "unit_name": "Samburu North" }, "geometry": { "type": "Polygon", "coordinates": [ [ [ 36.6024, 2.4048 ], [ 36.6013, 2.3608 ], [ 36.7247, 2.302 ], [ 36.7227, 2.2744 ], [ 36.7077, 2.2624 ], [ 36.7144, 2.2515 ], [ 36.7101, 2.2401 ], [ 36.7115, 2.2241 ], [ 36.7005, 2.2177 ], [ 36.7012, 2.1991 ], [ 36.6815, 2.1933 ], [ 36.6487, 2.1691 ], [ 36.6113, 2.1569 ], [ 36.6125, 2.1627 ], [ 36.6095, 2.1617 ], [ 36.5954, 2.1467 ], [ 36.5881, 2.1458 ], [ 36.5807, 2.1219 ], [ 36.5649, 2.1044 ], [ 36.5691, 2.058 ], [ 36.5563, 2.0485 ], [ 36.5518, 2.0347 ], [ 36.5463, 2.0313 ], [ 36.5475, 2.0041 ], [ 36.5433, 2.0081 ], [ 36.5402, 2.0036 ], [ 36.5466, 1.9958 ], [ 36.5321, 1.9573 ], [ 36.5343, 1.9537 ], [ 36.5413, 1.9603 ], [ 36.5421, 1.9243 ], [ 36.5387, 1.9032 ], [ 36.5325, 1.8999 ], [ 36.5151, 1.8767 ], [ 36.5166, 1.852 ], [ 36.5192, 1.8487 ], [ 36.5229, 1.8527 ], [ 36.5249, 1.8469 ], [ 36.5219, 1.8373 ], [ 36.5243, 1.8334 ], [ 36.5221, 1.8307 ], [ 36.5147, 1.8311 ], [ 36.5155, 1.8232 ], [ 36.5244, 1.8121 ], [ 36.5347, 1.8071 ], [ 36.5225, 1.7933 ], [ 36.5249, 1.791 ], [ 36.5229, 1.7861 ], [ 36.5162, 1.7817 ], [ 36.5189, 1.7723 ], [ 36.513, 1.7753 ], [ 36.5117, 1.7731 ], [ 36.5187, 1.7645 ], [ 36.5193, 1.7569 ], [ 36.5251, 1.7641 ], [ 36.5276, 1.7575 ], [ 36.5207, 1.7427 ], [ 36.516, 1.7426 ], [ 36.5099, 1.7342 ], [ 36.5086, 1.7251 ], [ 36.5031, 1.7185 ], [ 36.5037, 1.7116 ], [ 36.4995, 1.7074 ], [ 36.4876, 1.7052 ], [ 36.4861, 1.6835 ], [ 36.4814, 1.6799 ], [ 36.4704, 1.6573 ], [ 36.4692, 1.6373 ], [ 36.4628, 1.6148 ], [ 36.4474, 1.6188 ], [ 36.4412, 1.615 ], [ 36.4265, 1.5731 ], [ 36.4134, 1.5623 ], [ 36.3977, 1.5281 ], [ 36.394, 1.5257 ], [ 36.3901, 1.5251 ], [ 36.3757, 1.5433 ], [ 36.3725, 1.5707 ], [ 36.376, 1.5751 ], [ 36.3771, 1.5861 ], [ 36.3711, 1.5963 ], [ 36.3589, 1.5871 ], [ 36.3571, 1.5711 ], [ 36.3455, 1.5715 ], [ 36.3446, 1.5748 ], [ 36.3346, 1.5694 ], [ 36.3027, 1.5412 ], [ 36.2969, 1.5001 ], [ 36.3, 1.4913 ], [ 36.2888, 1.4685 ], [ 36.2925, 1.4652 ], [ 36.322, 1.4715 ], [ 36.3415, 1.4475 ], [ 36.3549, 1.4377 ], [ 36.3924, 1.4453 ], [ 36.42, 1.4168 ], [ 36.4275, 1.4153 ], [ 36.4283, 1.4085 ], [ 36.4474, 1.4123 ], [ 36.4553, 1.3983 ], [ 36.464, 1.4025 ], [ 36.4811, 1.4236 ], [ 36.5049, 1.4347 ], [ 36.5129, 1.4463 ], [ 36.5267, 1.4511 ], [ 36.5263, 1.4364 ], [ 36.5392, 1.4233 ], [ 36.5487, 1.4199 ], [ 36.5785, 1.3984 ], [ 36.6286, 1.3826 ], [ 36.6221, 1.3689 ], [ 36.63, 1.352 ], [ 36.631, 1.3395 ], [ 36.6157, 1.3064 ], [ 36.6159, 1.3039 ], [ 36.6215, 1.3057 ], [ 36.6155, 1.2764 ], [ 36.6052, 1.2687 ], [ 36.6005, 1.2572 ], [ 36.602, 1.2475 ], [ 36.6087, 1.2397 ], [ 36.6051, 1.2301 ], [ 36.6077, 1.2173 ], [ 36.6118, 1.214 ], [ 36.6189, 1.1959 ], [ 36.6181, 1.1767 ], [ 36.7058, 1.1769 ], [ 36.7352, 1.1394 ], [ 36.7435, 1.1307 ], [ 36.751, 1.1286 ], [ 36.7632, 1.1106 ], [ 36.7782, 1.0627 ], [ 36.8055, 1.0082 ], [ 36.8078, 0.978 ], [ 36.8131, 0.9918 ], [ 36.849, 1.0038 ], [ 36.8637, 1.0189 ], [ 36.8697, 1.017 ], [ 36.8973, 0.9928 ], [ 36.8957, 0.9534 ], [ 36.9007, 0.9508 ], [ 36.9281, 0.9157 ], [ 36.9499, 0.906 ], [ 36.9703, 0.9037 ], [ 36.9765, 0.9149 ], [ 36.9887, 0.9096 ], [ 36.9952, 0.8936 ], [ 36.9991, 0.9219 ], [ 37.0048, 0.9316 ], [ 37.005, 0.9564 ], [ 37.0161, 0.9718 ], [ 37.0152, 0.9794 ], [ 37.0214, 0.987 ], [ 37.0174, 0.9981 ], [ 37.0225, 1.0015 ], [ 37.02, 1.0043 ], [ 37.0264, 1.0106 ], [ 37.0279, 1.0182 ], [ 37.0253, 1.02 ], [ 37.0291, 1.0285 ], [ 37.0342, 1.0295 ], [ 37.034, 1.0365 ], [ 37.0399, 1.0492 ], [ 37.039, 1.0584 ], [ 37.0434, 1.064 ], [ 37.0424, 1.0756 ], [ 37.0457, 1.0777 ], [ 37.0435, 1.0829 ], [ 37.0459, 1.0994 ], [ 37.0588, 1.1109 ], [ 37.0594, 1.1218 ], [ 37.0474, 1.1265 ], [ 37.0352, 1.1437 ], [ 37.0194, 1.1416 ], [ 37.0145, 1.1521 ], [ 37.0012, 1.1555 ], [ 36.9595, 1.1864 ], [ 36.9523, 1.2037 ], [ 36.9565, 1.214 ], [ 36.9551, 1.2318 ], [ 36.9252, 1.2504 ], [ 36.9235, 1.2616 ], [ 36.9115, 1.2732 ], [ 36.9037, 1.2937 ], [ 36.8949, 1.2984 ], [ 36.8743, 1.334 ], [ 36.8847, 1.3683 ], [ 36.8924, 1.3775 ], [ 36.9114, 1.3861 ], [ 36.9239, 1.3994 ], [ 36.9337, 1.4047 ], [ 36.9447, 1.4189 ], [ 36.9531, 1.4394 ], [ 36.9643, 1.4553 ], [ 36.9738, 1.4602 ], [ 36.9809, 1.4692 ], [ 36.9811, 1.4826 ], [ 37.0451, 1.4943 ], [ 37.0634, 1.4864 ], [ 37.0818, 1.4995 ], [ 37.0953, 1.4967 ], [ 37.1059, 1.5019 ], [ 37.1307, 1.5013 ], [ 37.1475, 1.5151 ], [ 37.1599, 1.5157 ], [ 37.1712, 1.5251 ], [ 37.1729, 1.531 ], [ 37.1844, 1.5358 ], [ 37.2093, 1.5354 ], [ 37.2138, 1.5314 ], [ 37.2254, 1.5369 ], [ 37.2399, 1.5356 ], [ 37.297, 1.5636 ], [ 37.3089, 1.5666 ], [ 37.3147, 1.5732 ], [ 37.3475, 1.585 ], [ 37.3596, 1.5984 ], [ 37.3716, 1.6026 ], [ 37.3823, 1.6142 ], [ 37.3826, 1.6314 ], [ 37.3904, 1.6333 ], [ 37.4054, 1.6499 ], [ 37.4089, 1.6503 ], [ 37.3588, 1.7296 ], [ 37.3053, 1.7516 ], [ 37.274, 1.8699 ], [ 37.2333, 1.8726 ], [ 37.2196, 1.8914 ], [ 37.1714, 1.9271 ], [ 37.1639, 1.9402 ], [ 37.1612, 1.9646 ], [ 37.1229, 1.9671 ], [ 37.0754, 1.9825 ], [ 37.0114, 1.9844 ], [ 36.9973, 1.9998 ], [ 36.9765, 2.0086 ], [ 36.9488, 2.0265 ], [ 36.9375, 2.0253 ], [ 36.9244, 2.0181 ], [ 36.9163, 2.0192 ], [ 36.9217, 2.0602 ], [ 36.9189, 2.1014 ], [ 36.9118, 2.1048 ], [ 36.9138, 2.1264 ], [ 36.9016, 2.1573 ], [ 36.8949, 2.1927 ], [ 36.8646, 2.2545 ], [ 36.8446, 2.275 ], [ 36.7592, 2.5148 ], [ 36.7397, 2.5141 ], [ 36.7094, 2.5076 ], [ 36.7073, 2.5115 ], [ 36.7005, 2.5123 ], [ 36.7036, 2.4787 ], [ 36.6977, 2.4642 ], [ 36.699, 2.4543 ], [ 36.6855, 2.4578 ], [ 36.6708, 2.4433 ], [ 36.6579, 2.42 ], [ 36.6508, 2.4178 ], [ 36.6485, 2.4132 ], [ 36.6435, 2.4171 ], [ 36.6439, 2.4056 ], [ 36.6386, 2.3912 ], [ 36.6387, 2.4067 ], [ 36.6351, 2.4043 ], [ 36.6315, 2.4118 ], [ 36.6266, 2.4141 ], [ 36.6217, 2.4132 ], [ 36.6215, 2.4037 ], [ 36.6165, 2.3974 ], [ 36.6074, 2.3961 ], [ 36.6024, 2.4048 ] ] ] } },
{ "type": "Feature", "properties": { "iso3": "KEN", "unit_id": "43622606B29324682016053", "unit_name": "Samburu East" }, "geometry": { "type": "Polygon", "coordinates": [ [ [ 37.4089, 1.6503 ], [ 37.4054, 1.6499 ], [ 37.3904, 1.6333 ], [ 37.3826, 1.6314 ], [ 37.3823, 1.6142 ], [ 37.3716, 1.6026 ], [ 37.3596, 1.5984 ], [ 37.3475, 1.585 ], [ 37.3147, 1.5732 ], [ 37.3089, 1.5666 ], [ 37.297, 1.5636 ], [ 37.2399, 1.5356 ], [ 37.2254, 1.5369 ], [ 37.2138, 1.5314 ], [ 37.2093, 1.5354 ], [ 37.1844, 1.5358 ], [ 37.1729, 1.531 ], [ 37.1712, 1.5251 ], [ 37.1599, 1.5157 ], [ 37.1475, 1.5151 ], [ 37.1307, 1.5013 ], [ 37.1059, 1.5019 ], [ 37.0953, 1.4967 ], [ 37.0818, 1.4995 ], [ 37.0634, 1.4864 ], [ 37.0451, 1.4943 ], [ 36.9811, 1.4826 ], [ 36.9809, 1.4692 ], [ 36.9738, 1.4602 ], [ 36.9643, 1.4553 ], [ 36.9531, 1.4394 ], [ 36.9447, 1.4189 ], [ 36.9337, 1.4047 ], [ 36.9239, 1.3994 ], [ 36.9114, 1.3861 ], [ 36.8924, 1.3775 ], [ 36.8847, 1.3683 ], [ 36.8743, 1.334 ], [ 36.8949, 1.2984 ], [ 36.9037, 1.2937 ], [ 36.9115, 1.2732 ], [ 36.9235, 1.2616 ], [ 36.9252, 1.2504 ], [ 36.9551, 1.2318 ], [ 36.9565, 1.214 ], [ 36.9523, 1.2037 ], [ 36.9595, 1.1864 ], [ 37.0012, 1.1555 ], [ 37.0145, 1.1521 ], [ 37.0194, 1.1416 ], [ 37.0352, 1.1437 ], [ 37.0474, 1.1265 ], [ 37.0594, 1.1218 ], [ 37.06, 1.1153 ], [ 37.0588, 1.1109 ], [ 37.0459, 1.0994 ], [ 37.0435, 1.0829 ], [ 37.0457, 1.0777 ], [ 37.0424, 1.0756 ], [ 37.0434, 1.064 ], [ 37.039, 1.0584 ], [ 37.0399, 1.0492 ], [ 37.034, 1.0365 ], [ 37.0342, 1.0295 ], [ 37.0291, 1.0285 ], [ 37.0253, 1.02 ], [ 37.0279, 1.0182 ], [ 37.0264, 1.0106 ], [ 37.02, 1.0043 ], [ 37.0225, 1.0015 ], [ 37.0174, 0.9981 ], [ 37.0214, 0.987 ], [ 37.0152, 0.9794 ], [ 37.0161, 0.9718 ], [ 37.005, 0.9564 ], [ 37.0048, 0.9316 ], [ 36.9991, 0.9219 ], [ 36.9954, 0.9021 ], [ 36.9956, 0.8765 ], [ 37.0005, 0.8609 ], [ 36.9976, 0.8517 ], [ 36.9987, 0.8282 ], [ 36.9878, 0.8185 ], [ 36.978, 0.817 ], [ 36.9768, 0.8029 ], [ 36.9803, 0.7963 ], [ 36.967, 0.7699 ], [ 36.961, 0.7712 ], [ 36.9507, 0.7622 ], [ 36.9414, 0.763 ], [ 36.9377, 0.7674 ], [ 36.9322, 0.7568 ], [ 36.9481, 0.7445 ], [ 36.9666, 0.7432 ], [ 36.9733, 0.7479 ], [ 36.9805, 0.7456 ], [ 36.9951, 0.7515 ], [ 37.0082, 0.7527 ], [ 37.0583, 0.7728 ], [ 37.0606, 0.7683 ], [ 37.069, 0.7668 ], [ 37.0704, 0.7784 ], [ 37.1024, 0.7876 ], [ 37.1092, 0.7809 ], [ 37.1166, 0.7829 ], [ 37.1232, 0.7775 ], [ 37.1269, 0.7664 ], [ 37.1344, 0.76 ], [ 37.15, 0.7609 ], [ 37.1511, 0.7542 ], [ 37.1614, 0.7521 ], [ 37.1652, 0.7438 ], [ 37.1747, 0.7459 ], [ 37.1805, 0.7432 ], [ 37.1998, 0.7471 ], [ 37.2063, 0.7423 ], [ 37.2188, 0.7404 ], [ 37.2455, 0.7633 ], [ 37.257, 0.7644 ], [ 37.2737, 0.7457 ], [ 37.2886, 0.7378 ], [ 37.2998, 0.7217 ], [ 37.3047, 0.7051 ], [ 37.3254, 0.6682 ], [ 37.3259, 0.6602 ], [ 37.3313, 0.6519 ], [ 37.3422, 0.6471 ], [ 37.343, 0.64 ], [ 37.3527, 0.6233 ], [ 37.3543, 0.6017 ], [ 37.3637, 0.5998 ], [ 37.3644, 0.5888 ], [ 37.3729, 0.5891 ], [ 37.3925, 0.578 ], [ 37.4242, 0.5806 ], [ 37.4289, 0.5848 ], [ 37.4362, 0.581 ], [ 37.4408, 0.5834 ], [ 37.4462, 0.5817 ], [ 37.471, 0.5942 ], [ 37.4777, 0.5895 ], [ 37.4914, 0.5902 ], [ 37.4909, 0.5798 ], [ 37.5028, 0.5758 ], [ 37.5076, 0.5705 ], [ 37.5151, 0.5679 ], [ 37.5229, 0.5715 ], [ 37.5321, 0.5668 ], [ 37.545, 0.5789 ], [ 37.5574, 0.5717 ], [ 37.5735, 0.5754 ], [ 37.58, 0.5741 ], [ 37.5826, 0.5889 ], [ 37.6053, 0.5922 ], [ 37.6179, 0.601 ], [ 37.6268, 0.6013 ], [ 37.6331, 0.5981 ], [ 37.6424, 0.6152 ], [ 37.6383, 0.6151 ], [ 37.6396, 0.6228 ], [ 37.6439, 0.6231 ], [ 37.6501, 0.6324 ], [ 37.6667, 0.6349 ], [ 37.6745, 0.642 ], [ 37.6764, 0.6403 ], [ 37.6816, 0.6435 ], [ 37.6851, 0.6575 ], [ 37.6922, 0.6648 ], [ 37.7096, 0.6691 ], [ 37.7139, 0.6614 ], [ 37.7255, 0.6556 ], [ 37.7494, 0.6773 ], [ 37.7587, 0.6728 ], [ 37.7834, 0.6777 ], [ 37.7923, 0.672 ], [ 37.8025, 0.6765 ], [ 37.8333, 0.68 ], [ 37.8445, 0.6913 ], [ 37.8427, 0.6998 ], [ 37.8484, 0.7153 ], [ 37.8741, 0.7297 ], [ 37.878, 0.7448 ], [ 37.8907, 0.7383 ], [ 37.8964, 0.7284 ], [ 37.9023, 0.7294 ], [ 37.9019, 0.7229 ], [ 37.9092, 0.7222 ], [ 37.9118, 0.7147 ], [ 37.9153, 0.7142 ], [ 37.9194, 0.7201 ], [ 37.9295, 0.7233 ], [ 37.946, 0.7449 ], [ 37.955, 0.7458 ], [ 37.9597, 0.752 ], [ 37.9727, 0.7563 ], [ 37.9859, 0.7779 ], [ 37.9943, 0.7793 ], [ 37.9998, 0.7883 ], [ 38.0087, 0.7936 ], [ 38.0083, 0.8022 ], [ 38.0133, 0.8057 ], [ 38.016, 0.8048 ], [ 38.0157, 0.7974 ], [ 38.0221, 0.7994 ], [ 38.0312, 0.7923 ], [ 38.0451, 0.788 ], [ 38.0537, 0.7792 ], [ 38.0805, 0.7838 ], [ 38.0468, 0.8056 ], [ 38.0326, 1.0855 ], [ 37.9492, 1.1942 ], [ 37.9463, 1.2634 ], [ 37.9517, 1.3873 ], [ 37.8535, 1.4592 ], [ 37.843, 1.4256 ], [ 37.8319, 1.425 ], [ 37.826, 1.4204 ], [ 37.8177, 1.4228 ], [ 37.8107, 1.4179 ], [ 37.8003, 1.4181 ], [ 37.7953, 1.4146 ], [ 37.7825, 1.4189 ], [ 37.7782, 1.4116 ], [ 37.7701, 1.4141 ], [ 37.7478, 1.413 ], [ 37.7364, 1.4069 ], [ 37.7136, 1.4077 ], [ 37.6846, 1.399 ], [ 37.6769, 1.4033 ], [ 37.6587, 1.3949 ], [ 37.6541, 1.4008 ], [ 37.6303, 1.3835 ], [ 37.6241, 1.3831 ], [ 37.6231, 1.3776 ], [ 37.6112, 1.3749 ], [ 37.6049, 1.3783 ], [ 37.5997, 1.3907 ], [ 37.5911, 1.3792 ], [ 37.5883, 1.368 ], [ 37.5807, 1.364 ], [ 37.5828, 1.3704 ], [ 37.5789, 1.3779 ], [ 37.5742, 1.3804 ], [ 37.5706, 1.3884 ], [ 37.5645, 1.3897 ], [ 37.5589, 1.3961 ], [ 37.4742, 1.5514 ], [ 37.4089, 1.6503 ] ] ] } },
{ "type": "Feature", "properties": { "iso3": "KEN", "unit_id": "43622606B96723031077667", "unit_name": "Kwanza" }, "geometry": { "type": "Polygon", "coordinates": [ [ [ 34.939, 1.2536 ], [ 34.8789, 1.2492 ], [ 34.8754, 1.2447 ], [ 34.8805, 1.228 ], [ 34.8791, 1.2206 ], [ 34.8949, 1.2189 ], [ 34.8885, 1.1924 ], [ 34.8704, 1.1928 ], [ 34.8593, 1.1369 ], [ 34.8757, 1.1343 ], [ 34.8832, 1.1158 ], [ 34.9005, 1.1163 ], [ 34.9011, 1.1084 ], [ 34.9066, 1.113 ], [ 34.9119, 1.0588 ], [ 34.9678, 1.0403 ], [ 34.9829, 1.0422 ], [ 35.0006, 1.0305 ], [ 34.9995, 1.0261 ], [ 35.0025, 1.0215 ], [ 35.0182, 1.0238 ], [ 35.0529, 1.0614 ], [ 35.0766, 1.094 ], [ 35.0695, 1.1099 ], [ 35.0731, 1.1157 ], [ 35.0894, 1.1235 ], [ 35.1016, 1.138 ], [ 35.1092, 1.1412 ], [ 35.1116, 1.1738 ], [ 35.1019, 1.186 ], [ 35.088, 1.1836 ], [ 35.0845, 1.169 ], [ 35.0739, 1.1785 ], [ 35.0615, 1.1818 ], [ 35.0428, 1.196 ], [ 35.0361, 1.205 ], [ 35.0436, 1.2165 ], [ 35.0254, 1.2342 ], [ 35.0126, 1.2559 ], [ 34.994, 1.2592 ], [ 34.9697, 1.2486 ], [ 34.939, 1.2536 ] ] ] } },
{ "type": "Feature", "properties": { "iso3": "KEN", "unit_id": "43622606B82720224501306", "unit_name": "Endebess" }, "geometry": { "type": "Polygon", "coordinates": [ [ [ 34.82, 1.2623 ], [ 34.8179, 1.251 ], [ 34.811, 1.2398 ], [ 34.7942, 1.2222 ], [ 34.7823, 1.2239 ], [ 34.7684, 1.2188 ], [ 34.7431, 1.2209 ], [ 34.7012, 1.2158 ], [ 34.6696, 1.2078 ], [ 34.6633, 1.1924 ], [ 34.6483, 1.179 ], [ 34.6198, 1.1668 ], [ 34.6113, 1.1591 ], [ 34.5798, 1.1502 ], [ 34.6163, 1.1051 ], [ 34.632, 1.0934 ], [ 34.6526, 1.0843 ], [ 34.6618, 1.0836 ], [ 34.6511, 1.0569 ], [ 34.6768, 1.0245 ], [ 34.6917, 1.0249 ], [ 34.6993, 1.0202 ], [ 34.7069, 1.0216 ], [ 34.7236, 1.016 ], [ 34.7269, 1.0174 ], [ 34.7271, 1.0342 ], [ 34.7294, 1.0342 ], [ 34.7362, 1.032 ], [ 34.7535, 1.018 ], [ 34.7588, 1.0165 ], [ 34.7638, 1.0193 ], [ 34.7813, 1.0152 ], [ 34.7869, 1.0315 ], [ 34.8137, 1.0252 ], [ 34.8115, 1.0189 ], [ 34.8152, 1.0213 ], [ 34.8306, 1.0083 ], [ 34.8385, 1.0138 ], [ 34.9054, 1.0353 ], [ 34.9036, 1.0336 ], [ 34.9112, 1.024 ], [ 34.9195, 1.0322 ], [ 34.9211, 1.0267 ], [ 34.9375, 1.0439 ], [ 34.9348, 1.0479 ], [ 34.9372, 1.0508 ], [ 34.9119, 1.0588 ], [ 34.9066, 1.113 ], [ 34.9011, 1.1084 ], [ 34.9005, 1.1163 ], [ 34.8832, 1.1158 ], [ 34.8757, 1.1343 ], [ 34.8593, 1.1369 ], [ 34.8704, 1.1928 ], [ 34.8885, 1.1924 ], [ 34.8949, 1.2189 ], [ 34.8791, 1.2206 ], [ 34.8805, 1.228 ], [ 34.8754, 1.2447 ], [ 34.8789, 1.2492 ], [ 34.9051, 1.2524 ], [ 34.9069, 1.2838 ], [ 34.82, 1.2623 ] ] ] } },
{ "type": "Feature", "properties": { "iso3": "KEN", "unit_id": "43622606B55228902142297", "unit_name": "Saboti" }, "geometry": { "type": "Polygon", "coordinates": [ [ [ 34.9372, 1.0508 ], [ 34.9348, 1.0479 ], [ 34.9375, 1.0439 ], [ 34.9211, 1.0267 ], [ 34.9195, 1.0322 ], [ 34.9112, 1.024 ], [ 34.9036, 1.0336 ], [ 34.9054, 1.0353 ], [ 34.8385, 1.0138 ], [ 34.8306, 1.0083 ], [ 34.8152, 1.0213 ], [ 34.8115, 1.0189 ], [ 34.8137, 1.0252 ], [ 34.7869, 1.0315 ], [ 34.7813, 1.0152 ], [ 34.7638, 1.0193 ], [ 34.7588, 1.0165 ], [ 34.7535, 1.018 ], [ 34.7362, 1.032 ], [ 34.7294, 1.0342 ], [ 34.7271, 1.0342 ], [ 34.7269, 1.0174 ], [ 34.7236, 1.016 ], [ 34.7069, 1.0216 ], [ 34.6993, 1.0202 ], [ 34.6917, 1.0249 ], [ 34.6768, 1.0245 ], [ 34.7399, 0.9395 ], [ 34.7685, 0.9231 ], [ 34.7853, 0.926 ], [ 34.7976, 0.9158 ], [ 34.8007, 0.9065 ], [ 34.7939, 0.902 ], [ 34.7867, 0.891 ], [ 34.8013, 0.8483 ], [ 34.8356, 0.866 ], [ 34.8271, 0.8811 ], [ 34.8495, 0.8963 ], [ 34.8486, 0.9022 ], [ 34.8814, 0.9105 ], [ 34.8707, 0.9163 ], [ 34.8837, 0.9378 ], [ 34.8966, 0.9467 ], [ 34.9519, 0.9743 ], [ 34.952, 0.9672 ], [ 34.9624, 0.9738 ], [ 34.983, 0.98 ], [ 34.9849, 0.9876 ], [ 35.0112, 0.9704 ], [ 35.0153, 0.9789 ], [ 35.0259, 0.9743 ], [ 35.0239, 0.9852 ], [ 35.0119, 0.988 ], [ 35.0043, 0.9973 ], [ 35.0081, 1.0125 ], [ 34.9956, 1.0356 ], [ 34.9829, 1.0422 ], [ 34.9678, 1.0403 ], [ 34.9372, 1.0508 ] ] ] } },
{ "type": "Feature", "properties": { "iso3": "KEN", "unit_id": "43622606B12760591088924", "unit_name": "Kiminini" }, "geometry": { "type": "Polygon", "coordinates": [ [ [ 35.0025, 1.0215 ], [ 35.0081, 1.0125 ], [ 35.0043, 0.9973 ], [ 35.0119, 0.988 ], [ 35.0239, 0.9852 ], [ 35.0259, 0.9743 ], [ 35.0153, 0.9789 ], [ 35.0112, 0.9704 ], [ 34.9849, 0.9876 ], [ 34.983, 0.98 ], [ 34.9624, 0.9738 ], [ 34.952, 0.9672 ], [ 34.9519, 0.9743 ], [ 34.8837, 0.9378 ], [ 34.8707, 0.9163 ], [ 34.8814, 0.9105 ], [ 34.8486, 0.9022 ], [ 34.8495, 0.8963 ], [ 34.8271, 0.8811 ], [ 34.8356, 0.866 ], [ 34.8013, 0.8483 ], [ 34.8049, 0.8456 ], [ 34.8116, 0.8222 ], [ 34.8091, 0.8075 ], [ 34.8706, 0.8263 ], [ 34.9195, 0.8497 ], [ 34.9258, 0.8555 ], [ 34.9336, 0.8547 ], [ 34.9424, 0.8713 ], [ 34.9668, 0.8749 ], [ 34.9658, 0.8798 ], [ 34.9879, 0.8864 ], [ 34.9853, 0.8809 ], [ 35.0189, 0.8877 ], [ 35.0242, 0.8968 ], [ 35.0321, 0.895 ], [ 35.041, 0.9025 ], [ 35.0478, 0.9003 ], [ 35.0515, 0.9034 ], [ 35.0689, 0.8974 ], [ 35.0739, 0.9003 ], [ 35.078, 0.8986 ], [ 35.0826, 0.8942 ], [ 35.0812, 0.8894 ], [ 35.0863, 0.8823 ], [ 35.0927, 0.8823 ], [ 35.101, 0.8757 ], [ 35.1137, 0.883 ], [ 35.1177, 0.8874 ], [ 35.1066, 0.9069 ], [ 35.1046, 0.9379 ], [ 35.0911, 0.9597 ], [ 35.0822, 0.992 ], [ 35.0695, 1.0033 ], [ 35.0707, 1.024 ], [ 35.0658, 1.0365 ], [ 35.0579, 1.0418 ], [ 35.0558, 1.0593 ], [ 35.0529, 1.0614 ], [ 35.0182, 1.0238 ], [ 35.0025, 1.0215 ] ] ] } },
{ "type": "Feature", "properties": { "iso3": "KEN", "unit_id": "43622606B14383204789868", "unit_name": "Cherangany" }, "geometry": { "type": "Polygon", "coordinates": [ [ [ 35.1019, 1.186 ], [ 35.1116, 1.1738 ], [ 35.1092, 1.1412 ], [ 35.1016, 1.138 ], [ 35.0894, 1.1235 ], [ 35.0731, 1.1157 ], [ 35.0695, 1.1099 ], [ 35.0766, 1.094 ], [ 35.0529, 1.0614 ], [ 35.0575, 1.0554 ], [ 35.0579, 1.0418 ], [ 35.0658, 1.0365 ], [ 35.0692, 1.0296 ], [ 35.0695, 1.0033 ], [ 35.0822, 0.992 ], [ 35.0911, 0.9597 ], [ 35.1046, 0.9379 ], [ 35.1066, 0.9069 ], [ 35.1137, 0.8948 ], [ 35.1172, 0.9004 ], [ 35.1164, 0.9083 ], [ 35.1271, 0.9148 ], [ 35.1282, 0.9214 ], [ 35.155, 0.9194 ], [ 35.1661, 0.9242 ], [ 35.1726, 0.9215 ], [ 35.1905, 0.9273 ], [ 35.2223, 0.9212 ], [ 35.2524, 0.9421 ], [ 35.2622, 0.937 ], [ 35.2702, 0.9369 ], [ 35.2784, 0.9226 ], [ 35.293, 0.9161 ], [ 35.2957, 0.9049 ], [ 35.3052, 0.8922 ], [ 35.3298, 0.9348 ], [ 35.3489, 0.9223 ], [ 35.3597, 0.9459 ], [ 35.3439, 0.949 ], [ 35.3404, 0.9644 ], [ 35.3461, 0.9678 ], [ 35.3374, 0.9697 ], [ 35.3398, 0.9747 ], [ 35.3523, 0.9808 ], [ 35.3435, 1.006 ], [ 35.3621, 1.0111 ], [ 35.362, 1.0207 ], [ 35.313, 1.038 ], [ 35.2711, 1.0636 ], [ 35.2421, 1.0753 ], [ 35.2177, 1.1169 ], [ 35.2021, 1.1182 ], [ 35.1607, 1.1805 ], [ 35.1516, 1.2006 ], [ 35.1252, 1.1851 ], [ 35.12, 1.1886 ], [ 35.1019, 1.186 ] ] ] } },
{ "type": "Feature", "properties": { "iso3": "KEN", "unit_id": "43622606B50804939717191", "unit_name": "Soy" }, "geometry": { "type": "Polygon", "coordinates": [ [ [ 35.1137, 0.883 ], [ 35.1162, 0.8523 ], [ 35.1253, 0.8211 ], [ 35.1259, 0.8292 ], [ 35.129, 0.8308 ], [ 35.1448, 0.8285 ], [ 35.1444, 0.7409 ], [ 35.1554, 0.7414 ], [ 35.155, 0.6758 ], [ 35.1515, 0.6692 ], [ 35.1546, 0.6652 ], [ 35.171, 0.6753 ], [ 35.1779, 0.6736 ], [ 35.184, 0.6763 ], [ 35.1943, 0.6723 ], [ 35.2066, 0.6754 ], [ 35.2173, 0.6723 ], [ 35.2194, 0.6757 ], [ 35.2287, 0.6721 ], [ 35.2397, 0.6782 ], [ 35.2414, 0.685 ], [ 35.246, 0.6863 ], [ 35.2513, 0.6809 ], [ 35.2594, 0.6805 ], [ 35.2653, 0.6709 ], [ 35.2691, 0.6735 ], [ 35.2737, 0.6641 ], [ 35.2781, 0.6664 ], [ 35.2799, 0.6395 ], [ 35.2594, 0.6348 ], [ 35.26, 0.629 ], [ 35.2663, 0.6273 ], [ 35.2669, 0.624 ], [ 35.2671, 0.5924 ], [ 35.2628, 0.5909 ], [ 35.2624, 0.5826 ], [ 35.2722, 0.5751 ], [ 35.2698, 0.5599 ], [ 35.2769, 0.5593 ], [ 35.2704, 0.5409 ], [ 35.2644, 0.5393 ], [ 35.2621, 0.5415 ], [ 35.2615, 0.5381 ], [ 35.2527, 0.5371 ], [ 35.2505, 0.552 ], [ 35.2458, 0.5396 ], [ 35.2544, 0.5235 ], [ 35.2764, 0.5202 ], [ 35.2901, 0.5564 ], [ 35.28, 0.569 ], [ 35.2976, 0.5766 ], [ 35.2938, 0.5864 ], [ 35.315, 0.5894 ], [ 35.3134, 0.601 ], [ 35.3205, 0.6244 ], [ 35.3321, 0.6393 ], [ 35.3287, 0.6556 ], [ 35.3312, 0.6618 ], [ 35.3269, 0.6697 ], [ 35.3178, 0.6709 ], [ 35.3121, 0.6664 ], [ 35.3032, 0.6704 ], [ 35.3092, 0.6916 ], [ 35.2998, 0.7316 ], [ 35.3028, 0.7564 ], [ 35.298, 0.7566 ], [ 35.2943, 0.7803 ], [ 35.2961, 0.7784 ], [ 35.2986, 0.7818 ], [ 35.3141, 0.8096 ], [ 35.3235, 0.8092 ], [ 35.3235, 0.8048 ], [ 35.355, 0.8112 ], [ 35.3441, 0.8316 ], [ 35.3551, 0.8331 ], [ 35.359, 0.8524 ], [ 35.3358, 0.8538 ], [ 35.3376, 0.8627 ], [ 35.3346, 0.8673 ], [ 35.3487, 0.8779 ], [ 35.3526, 0.8972 ], [ 35.3537, 0.8945 ], [ 35.3589, 0.8968 ], [ 35.3678, 0.9157 ], [ 35.3733, 0.9125 ], [ 35.3766, 0.9172 ], [ 35.3776, 0.9382 ], [ 35.3597, 0.9459 ], [ 35.3489, 0.9223 ], [ 35.3298, 0.9348 ], [ 35.3052, 0.8922 ], [ 35.2957, 0.9049 ], [ 35.293, 0.9161 ], [ 35.2784, 0.9226 ], [ 35.2702, 0.9369 ], [ 35.2622, 0.937 ], [ 35.2524, 0.9421 ], [ 35.2223, 0.9212 ], [ 35.1905, 0.9273 ], [ 35.1726, 0.9215 ], [ 35.1661, 0.9242 ], [ 35.155, 0.9194 ], [ 35.1282, 0.9214 ], [ 35.1271, 0.9148 ], [ 35.1164, 0.9083 ], [ 35.1172, 0.9004 ], [ 35.1137, 0.8948 ], [ 35.1177, 0.8874 ], [ 35.1137, 0.883 ] ] ] } },
{ "type": "Feature", "properties": { "iso3": "KEN", "unit_id": "43622606B43848678074761", "unit_name": "Turbo" }, "geometry": { "type": "Polygon", "coordinates": [ [ [ 35.1546, 0.6652 ], [ 35.1533, 0.6614 ], [ 35.1413, 0.662 ], [ 35.1339, 0.6562 ], [ 35.125, 0.6553 ], [ 35.1176, 0.6503 ], [ 35.116, 0.6424 ], [ 35.1038, 0.6478 ], [ 35.0861, 0.6303 ], [ 35.0538, 0.633 ], [ 35.0525, 0.6368 ], [ 35.0396, 0.6412 ], [ 35.0406, 0.633 ], [ 35.0273, 0.6144 ], [ 35.0004, 0.6392 ], [ 34.9941, 0.631 ], [ 34.9769, 0.6251 ], [ 34.9658, 0.6112 ], [ 34.9435, 0.6087 ], [ 34.9205, 0.5927 ], [ 34.9081, 0.5972 ], [ 34.899, 0.6062 ], [ 34.8908, 0.6079 ], [ 34.8975, 0.6012 ], [ 34.8521, 0.5478 ], [ 35.0446, 0.5631 ], [ 35.0996, 0.5406 ], [ 35.1051, 0.5562 ], [ 35.1094, 0.5501 ], [ 35.1343, 0.543 ], [ 35.1372, 0.5377 ], [ 35.1415, 0.5373 ], [ 35.1565, 0.5397 ], [ 35.1645, 0.5468 ], [ 35.1691, 0.5454 ], [ 35.176, 0.5488 ], [ 35.1776, 0.5534 ], [ 35.1851, 0.5586 ], [ 35.1891, 0.5579 ], [ 35.1899, 0.5612 ], [ 35.2059, 0.5652 ], [ 35.2121, 0.5611 ], [ 35.2122, 0.5543 ], [ 35.2165, 0.5481 ], [ 35.2277, 0.5454 ], [ 35.2238, 0.5383 ], [ 35.2344, 0.5361 ], [ 35.2406, 0.5274 ], [ 35.2395, 0.5249 ], [ 35.2472, 0.5215 ], [ 35.249, 0.5244 ], [ 35.253, 0.5175 ], [ 35.261, 0.5153 ], [ 35.2699, 0.5187 ], [ 35.276, 0.515 ], [ 35.2764, 0.5202 ], [ 35.2544, 0.5235 ], [ 35.2458, 0.5396 ], [ 35.2505, 0.552 ], [ 35.2527, 0.5371 ], [ 35.2615, 0.5381 ], [ 35.2621, 0.5415 ], [ 35.2644, 0.5393 ], [ 35.2704, 0.5409 ], [ 35.2769, 0.5593 ], [ 35.2698, 0.5599 ], [ 35.2722, 0.5751 ], [ 35.2624, 0.5826 ], [ 35.2628, 0.5909 ], [ 35.2671, 0.5924 ], [ 35.2669, 0.624 ], [ 35.2663, 0.6273 ], [ 35.26, 0.629 ], [ 35.2594, 0.6348 ], [ 35.2799, 0.6395 ], [ 35.2781, 0.6664 ], [ 35.2737, 0.6641 ], [ 35.2691, 0.6735 ], [ 35.2653, 0.6709 ], [ 35.2594, 0.6805 ], [ 35.2513, 0.6809 ], [ 35.246, 0.6863 ], [ 35.2414, 0.685 ], [ 35.2397, 0.6782 ], [ 35.2287, 0.6721 ], [ 35.2194, 0.6757 ], [ 35.2173, 0.6723 ], [ 35.2066, 0.6754 ], [ 35.1943, 0.6723 ], [ 35.184, 0.6763 ], [ 35.1779, 0.6736 ], [ 35.171, 0.6753 ], [ 35.1546, 0.6652 ] ] ] } },
{ "type": "Feature", "properties": { "iso3": "KEN", "unit_id": "43622606B47683289369655", "unit_name": "Moiben" }, "geometry": { "type": "Polygon", "coordinates": [ [ [ 35.2764, 0.5202 ], [ 35.2786, 0.5093 ], [ 35.2818, 0.5111 ], [ 35.2846, 0.5213 ], [ 35.2883, 0.52 ], [ 35.2912, 0.5294 ], [ 35.3132, 0.5211 ], [ 35.3237, 0.5589 ], [ 35.3486, 0.5388 ], [ 35.3538, 0.5234 ], [ 35.3908, 0.5086 ], [ 35.3931, 0.5039 ], [ 35.4129, 0.5075 ], [ 35.4268, 0.5031 ], [ 35.4388, 0.5053 ], [ 35.4456, 0.5024 ], [ 35.4523, 0.5089 ], [ 35.4582, 0.5044 ], [ 35.4633, 0.5072 ], [ 35.4812, 0.5906 ], [ 35.4236, 0.6794 ], [ 35.4117, 0.7028 ], [ 35.505, 0.7038 ], [ 35.5048, 0.713 ], [ 35.4987, 0.7161 ], [ 35.4936, 0.7284 ], [ 35.4973, 0.7481 ], [ 35.4909, 0.7513 ], [ 35.4947, 0.7534 ], [ 35.4976, 0.7506 ], [ 35.501, 0.7608 ], [ 35.5075, 0.7675 ], [ 35.5018, 0.7769 ], [ 35.4992, 0.8201 ], [ 35.4933, 0.8243 ], [ 35.4826, 0.825 ], [ 35.4931, 0.8551 ], [ 35.4879, 0.87 ], [ 35.4884, 0.8778 ], [ 35.4562, 0.8783 ], [ 35.4686, 0.902 ], [ 35.416, 0.9093 ], [ 35.4146, 0.9159 ], [ 35.4204, 0.9396 ], [ 35.3856, 0.9461 ], [ 35.3776, 0.9382 ], [ 35.3766, 0.9172 ], [ 35.3733, 0.9125 ], [ 35.3678, 0.9157 ], [ 35.3589, 0.8968 ], [ 35.3537, 0.8945 ], [ 35.3526, 0.8972 ], [ 35.3487, 0.8779 ], [ 35.3346, 0.8673 ], [ 35.3376, 0.8627 ], [ 35.3358, 0.8538 ], [ 35.359, 0.8524 ], [ 35.3551, 0.8331 ], [ 35.3441, 0.8316 ], [ 35.355, 0.8112 ], [ 35.3235, 0.8048 ], [ 35.3235, 0.8092 ], [ 35.3141, 0.8096 ], [ 35.2986, 0.7818 ], [ 35.2961, 0.7784 ], [ 35.2943, 0.7803 ], [ 35.298, 0.7566 ], [ 35.3028, 0.7564 ], [ 35.2998, 0.7316 ], [ 35.3092, 0.6916 ], [ 35.3032, 0.6704 ], [ 35.3121, 0.6664 ], [ 35.3178, 0.6709 ], [ 35.3269, 0.6697 ], [ 35.3312, 0.6618 ], [ 35.3287, 0.6556 ], [ 35.3321, 0.6393 ], [ 35.3205, 0.6244 ], [ 35.3134, 0.601 ], [ 35.315, 0.5894 ], [ 35.2938, 0.5864 ], [ 35.2976, 0.5766 ], [ 35.28, 0.569 ], [ 35.2901, 0.5564 ], [ 35.2764, 0.5202 ] ] ] } },
{ "type": "Feature", "properties": { "iso3": "KEN", "unit_id": "43622606B79443416056374", "unit_name": "Ainabkoi" }, "geometry": { "type": "Polygon", "coordinates": [ [ [ 35.2818, 0.5111 ], [ 35.289, 0.507 ], [ 35.2941, 0.4973 ], [ 35.2946, 0.5016 ], [ 35.3015, 0.5005 ], [ 35.3269, 0.4801 ], [ 35.3328, 0.4815 ], [ 35.34, 0.475 ], [ 35.3479, 0.4736 ], [ 35.3539, 0.4676 ], [ 35.3577, 0.451 ], [ 35.3702, 0.4394 ], [ 35.3739, 0.4319 ], [ 35.3807, 0.4256 ], [ 35.3931, 0.4256 ], [ 35.3904, 0.3982 ], [ 35.4024, 0.3951 ], [ 35.3999, 0.3641 ], [ 35.4138, 0.3527 ], [ 35.4012, 0.3347 ], [ 35.4064, 0.3308 ], [ 35.4101, 0.3193 ], [ 35.4233, 0.3097 ], [ 35.4302, 0.2945 ], [ 35.4407, 0.2849 ], [ 35.4362, 0.2817 ], [ 35.436, 0.2678 ], [ 35.428, 0.2755 ], [ 35.4139, 0.26 ], [ 35.4215, 0.2532 ], [ 35.4348, 0.2259 ], [ 35.4202, 0.2194 ], [ 35.4279, 0.2079 ], [ 35.4419, 0.216 ], [ 35.4565, 0.2028 ], [ 35.4638, 0.2016 ], [ 35.4772, 0.1593 ], [ 35.4598, 0.1332 ], [ 35.4622, 0.1174 ], [ 35.4658, 0.1218 ], [ 35.4751, 0.1173 ], [ 35.4745, 0.1116 ], [ 35.4806, 0.1084 ], [ 35.5048, 0.1117 ], [ 35.5218, 0.1273 ], [ 35.5207, 0.1103 ], [ 35.5312, 0.1026 ], [ 35.543, 0.1091 ], [ 35.5416, 0.0893 ], [ 35.5737, 0.0663 ], [ 35.5754, 0.1157 ], [ 35.5906, 0.1489 ], [ 35.5881, 0.1705 ], [ 35.5746, 0.1858 ], [ 35.5688, 0.187 ], [ 35.5679, 0.199 ], [ 35.5551, 0.1909 ], [ 35.5127, 0.1895 ], [ 35.5307, 0.2209 ], [ 35.5402, 0.2259 ], [ 35.5268, 0.2308 ], [ 35.5052, 0.2258 ], [ 35.4963, 0.232 ], [ 35.4858, 0.2505 ], [ 35.4946, 0.2584 ], [ 35.491, 0.2641 ], [ 35.4994, 0.2788 ], [ 35.4992, 0.291 ], [ 35.5042, 0.2949 ], [ 35.4952, 0.3138 ], [ 35.5095, 0.3154 ], [ 35.5136, 0.3236 ], [ 35.5068, 0.3268 ], [ 35.4964, 0.345 ], [ 35.4827, 0.3519 ], [ 35.4808, 0.3601 ], [ 35.4688, 0.3701 ], [ 35.4705, 0.3791 ], [ 35.479, 0.3833 ], [ 35.4881, 0.3813 ], [ 35.4793, 0.3896 ], [ 35.4872, 0.4053 ], [ 35.4812, 0.4056 ], [ 35.4806, 0.421 ], [ 35.4763, 0.4263 ], [ 35.4727, 0.4497 ], [ 35.4675, 0.4558 ], [ 35.4616, 0.4561 ], [ 35.4633, 0.5072 ], [ 35.4582, 0.5044 ], [ 35.4523, 0.5089 ], [ 35.4456, 0.5024 ], [ 35.4388, 0.5053 ], [ 35.4268, 0.5031 ], [ 35.4129, 0.5075 ], [ 35.3931, 0.5039 ], [ 35.3908, 0.5086 ], [ 35.3538, 0.5234 ], [ 35.3486, 0.5388 ], [ 35.3237, 0.5589 ], [ 35.3132, 0.5211 ], [ 35.2912, 0.5294 ], [ 35.2883, 0.52 ], [ 35.2846, 0.5213 ], [ 35.2818, 0.5111 ] ] ] } },
{ "type": "Feature", "properties": { "iso3": "KEN", "unit_id": "43622606B32309261927121", "unit_name": "Kapseret" }, "geometry": { "type": "Polygon", "coordinates": [ [ [ 35.1663, 0.547 ], [ 35.1597, 0.5065 ], [ 35.1526, 0.4877 ], [ 35.142, 0.4733 ], [ 35.1708, 0.4257 ], [ 35.1768, 0.4209 ], [ 35.1949, 0.3801 ], [ 35.2282, 0.3229 ], [ 35.2602, 0.2774 ], [ 35.2692, 0.2897 ], [ 35.2738, 0.2871 ], [ 35.2804, 0.2887 ], [ 35.2786, 0.3032 ], [ 35.2844, 0.3087 ], [ 35.2903, 0.3139 ], [ 35.3003, 0.3139 ], [ 35.3147, 0.3556 ], [ 35.319, 0.3541 ], [ 35.3178, 0.3494 ], [ 35.3256, 0.3415 ], [ 35.3408, 0.3489 ], [ 35.3464, 0.3728 ], [ 35.3327, 0.3807 ], [ 35.3423, 0.3932 ], [ 35.3324, 0.3894 ], [ 35.3209, 0.3924 ], [ 35.3271, 0.4158 ], [ 35.3194, 0.416 ], [ 35.3103, 0.4325 ], [ 35.3173, 0.4475 ], [ 35.2983, 0.4555 ], [ 35.2931, 0.4445 ], [ 35.2834, 0.4471 ], [ 35.2842, 0.4507 ], [ 35.2763, 0.4606 ], [ 35.2643, 0.4639 ], [ 35.2611, 0.4574 ], [ 35.2515, 0.4599 ], [ 35.2698, 0.4947 ], [ 35.2696, 0.5044 ], [ 35.2797, 0.4959 ], [ 35.2848, 0.5091 ], [ 35.2786, 0.5093 ], [ 35.2699, 0.5187 ], [ 35.261, 0.5153 ], [ 35.253, 0.5175 ], [ 35.249, 0.5244 ], [ 35.2472, 0.5215 ], [ 35.2395, 0.5249 ], [ 35.2406, 0.5274 ], [ 35.2344, 0.5361 ], [ 35.2238, 0.5383 ], [ 35.2277, 0.5454 ], [ 35.2165, 0.5481 ], [ 35.2122, 0.5543 ], [ 35.2121, 0.5611 ], [ 35.2059, 0.5652 ], [ 35.1966, 0.5642 ], [ 35.1776, 0.5534 ], [ 35.1742, 0.5476 ], [ 35.1663, 0.547 ] ] ] } },
{ "type": "Feature", "properties": { "iso3": "KEN", "unit_id": "43622606B65048287383133", "unit_name": "Kesses" }, "geometry": { "type": "Polygon", "coordinates": [ [ [ 35.2848, 0.5091 ], [ 35.2797, 0.4959 ], [ 35.2696, 0.5044 ], [ 35.2698, 0.4947 ], [ 35.2515, 0.4599 ], [ 35.2611, 0.4574 ], [ 35.2643, 0.4639 ], [ 35.2763, 0.4606 ], [ 35.2842, 0.4507 ], [ 35.2834, 0.4471 ], [ 35.2931, 0.4445 ], [ 35.2983, 0.4555 ], [ 35.3173, 0.4475 ], [ 35.3103, 0.4325 ], [ 35.3194, 0.416 ], [ 35.3271, 0.4158 ], [ 35.3209, 0.3924 ], [ 35.3324, 0.3894 ], [ 35.3423, 0.3932 ], [ 35.3327, 0.3807 ], [ 35.3464, 0.3728 ], [ 35.3408, 0.3489 ], [ 35.3372, 0.3451 ], [ 35.3256, 0.3415 ], [ 35.3178, 0.3494 ], [ 35.319, 0.3541 ], [ 35.3147, 0.3556 ], [ 35.3003, 0.3139 ], [ 35.2903, 0.3139 ], [ 35.2844, 0.3087 ], [ 35.2786, 0.3032 ], [ 35.2804, 0.2887 ], [ 35.2738, 0.2871 ], [ 35.2692, 0.2897 ], [ 35.2602, 0.2774 ], [ 35.2897, 0.2332 ], [ 35.2988, 0.2262 ], [ 35.3119, 0.2193 ], [ 35.322, 0.2289 ], [ 35.3261, 0.2272 ], [ 35.342, 0.207 ], [ 35.357, 0.2154 ], [ 35.3661, 0.2 ], [ 35.3656, 0.1873 ], [ 35.362, 0.1913 ], [ 35.341, 0.1948 ], [ 35.3423, 0.1716 ], [ 35.3359, 0.1596 ], [ 35.3342, 0.1431 ], [ 35.3564, 0.1313 ], [ 35.3697, 0.1282 ], [ 35.3758, 0.1177 ], [ 35.387, 0.1148 ], [ 35.3716, 0.0729 ], [ 35.3643, 0.074 ], [ 35.3593, 0.0654 ], [ 35.3497, 0.0656 ], [ 35.3474, 0.0618 ], [ 35.369, 0.0432 ], [ 35.4041, 0.0289 ], [ 35.4663, 0.0279 ], [ 35.471, 0.0204 ], [ 35.4579, 0.0142 ], [ 35.4578, 0.0106 ], [ 35.4806, 0.0159 ], [ 35.4935, 0.0153 ], [ 35.4987, 0.0103 ], [ 35.514, 0.0089 ], [ 35.5166, 0.0156 ], [ 35.5229, 0.0158 ], [ 35.526, 0.039 ], [ 35.543, 0.0428 ], [ 35.5465, 0.0577 ], [ 35.5393, 0.0607 ], [ 35.5391, 0.0639 ], [ 35.5454, 0.0719 ], [ 35.5399, 0.0796 ], [ 35.5444, 0.1018 ], [ 35.543, 0.1091 ], [ 35.5312, 0.1026 ], [ 35.5207, 0.1103 ], [ 35.5218, 0.1273 ], [ 35.5048, 0.1117 ], [ 35.4806, 0.1084 ], [ 35.4745, 0.1116 ], [ 35.4751, 0.1173 ], [ 35.4658, 0.1218 ], [ 35.4622, 0.1174 ], [ 35.4598, 0.1332 ], [ 35.4772, 0.1593 ], [ 35.4638, 0.2016 ], [ 35.4565, 0.2028 ], [ 35.4419, 0.216 ], [ 35.4279, 0.2079 ], [ 35.4202, 0.2194 ], [ 35.4348, 0.2259 ], [ 35.4215, 0.2532 ], [ 35.4139, 0.26 ], [ 35.428, 0.2755 ], [ 35.436, 0.2678 ], [ 35.4362, 0.2817 ], [ 35.4407, 0.2849 ], [ 35.4302, 0.2945 ], [ 35.4233, 0.3097 ], [ 35.4101, 0.3193 ], [ 35.4064, 0.3308 ], [ 35.4012, 0.3347 ], [ 35.4138, 0.3527 ], [ 35.3999, 0.3641 ], [ 35.4024, 0.3951 ], [ 35.3904, 0.3982 ], [ 35.3931, 0.4256 ], [ 35.3807, 0.4256 ], [ 35.3739, 0.4319 ], [ 35.3702, 0.4394 ], [ 35.3577, 0.451 ], [ 35.3539, 0.4676 ], [ 35.3479, 0.4736 ], [ 35.34, 0.475 ], [ 35.3328, 0.4815 ], [ 35.3269, 0.4801 ], [ 35.3015, 0.5005 ], [ 35.2946, 0.5016 ], [ 35.2941, 0.4973 ], [ 35.289, 0.507 ], [ 35.2848, 0.5091 ] ] ] } },
{ "type": "Feature", "properties": { "iso3": "KEN", "unit_id": "43622606B48004698826716", "unit_name": "Marakwet East" }, "geometry": { "type": "Polygon", "coordinates": [ [ [ 35.5445, 1.2871 ], [ 35.4229, 1.1878 ], [ 35.4224, 1.1777 ], [ 35.4273, 1.1744 ], [ 35.4319, 1.1783 ], [ 35.4369, 1.1765 ], [ 35.4413, 1.1664 ], [ 35.4541, 1.1627 ], [ 35.46, 1.1647 ], [ 35.4725, 1.1446 ], [ 35.4732, 1.1343 ], [ 35.4678, 1.1241 ], [ 35.4538, 1.123 ], [ 35.4502, 1.1294 ], [ 35.4478, 1.1273 ], [ 35.4479, 1.0994 ], [ 35.4534, 1.0851 ], [ 35.4478, 1.0715 ], [ 35.4496, 1.0572 ], [ 35.4533, 1.0531 ], [ 35.4522, 1.0419 ], [ 35.4645, 1.0386 ], [ 35.4664, 1.0317 ], [ 35.4753, 1.0237 ], [ 35.4712, 1.0162 ], [ 35.469, 1.0149 ], [ 35.4658, 1.0196 ], [ 35.4581, 1.0134 ], [ 35.4636, 1.0072 ], [ 35.4725, 1.0142 ], [ 35.474, 1.0082 ], [ 35.4675, 1.0032 ], [ 35.4686, 1.0006 ], [ 35.4755, 1.0016 ], [ 35.476, 0.9987 ], [ 35.482, 0.9968 ], [ 35.4931, 0.9995 ], [ 35.4956, 0.9975 ], [ 35.4969, 0.9813 ], [ 35.5012, 0.9757 ], [ 35.5076, 0.9729 ], [ 35.5102, 0.9746 ], [ 35.5115, 0.9714 ], [ 35.5148, 0.9499 ], [ 35.525, 0.9638 ], [ 35.539, 0.9708 ], [ 35.5407, 0.9784 ], [ 35.5493, 0.9842 ], [ 35.5521, 1.0037 ], [ 35.5601, 1.012 ], [ 35.5626, 1.0236 ], [ 35.5746, 1.0252 ], [ 35.5775, 1.0198 ], [ 35.5916, 1.0175 ], [ 35.6084, 1.0212 ], [ 35.6413, 1.022 ], [ 35.6479, 1.0295 ], [ 35.6541, 1.0294 ], [ 35.6628, 1.0351 ], [ 35.6663, 1.0438 ], [ 35.6706, 1.0431 ], [ 35.6689, 1.0507 ], [ 35.6749, 1.0601 ], [ 35.6723, 1.0703 ], [ 35.6771, 1.0864 ], [ 35.683, 1.0892 ], [ 35.687, 1.0989 ], [ 35.6993, 1.1064 ], [ 35.6978, 1.1147 ], [ 35.7056, 1.1347 ], [ 35.7061, 1.1472 ], [ 35.7091, 1.1489 ], [ 35.7046, 1.1522 ], [ 35.7027, 1.2001 ], [ 35.6974, 1.2053 ], [ 35.6971, 1.2159 ], [ 35.7039, 1.2286 ], [ 35.701, 1.2332 ], [ 35.7002, 1.2574 ], [ 35.7072, 1.2706 ], [ 35.6979, 1.2791 ], [ 35.6952, 1.2887 ], [ 35.6974, 1.3188 ], [ 35.6725, 1.3161 ], [ 35.6317, 1.3014 ], [ 35.6063, 1.2793 ], [ 35.5889, 1.2833 ], [ 35.5792, 1.2921 ], [ 35.5672, 1.292 ], [ 35.5596, 1.2895 ], [ 35.5588, 1.2865 ], [ 35.5445, 1.2871 ] ] ] } },
{ "type": "Feature", "properties": { "iso3": "KEN", "unit_id": "43622606B61446389177110", "unit_name": "Marakwet West" }, "geometry": { "type": "Polygon", "coordinates": [ [ [ 35.1516, 1.2006 ], [ 35.1607, 1.1805 ], [ 35.2021, 1.1182 ], [ 35.2177, 1.1169 ], [ 35.2421, 1.0753 ], [ 35.2711, 1.0636 ], [ 35.313, 1.038 ], [ 35.362, 1.0207 ], [ 35.3621, 1.0111 ], [ 35.3435, 1.006 ], [ 35.3523, 0.9808 ], [ 35.3398, 0.9747 ], [ 35.3374, 0.9697 ], [ 35.3461, 0.9678 ], [ 35.3404, 0.9644 ], [ 35.3439, 0.949 ], [ 35.3776, 0.9382 ], [ 35.3856, 0.9461 ], [ 35.4204, 0.9396 ], [ 35.4146, 0.9159 ], [ 35.416, 0.9093 ], [ 35.4686, 0.902 ], [ 35.4562, 0.8783 ], [ 35.4884, 0.8778 ], [ 35.4879, 0.87 ], [ 35.4931, 0.8551 ], [ 35.4904, 0.8465 ], [ 35.513, 0.8587 ], [ 35.5282, 0.8626 ], [ 35.5312, 0.8676 ], [ 35.5426, 0.8699 ], [ 35.6026, 0.8531 ], [ 35.624, 0.8617 ], [ 35.6263, 0.8797 ], [ 35.6228, 0.8881 ], [ 35.6271, 0.8923 ], [ 35.6261, 0.9078 ], [ 35.634, 0.9136 ], [ 35.6365, 0.9214 ], [ 35.6301, 0.9532 ], [ 35.636, 0.9605 ], [ 35.6353, 0.966 ], [ 35.6383, 0.967 ], [ 35.635, 0.9731 ], [ 35.6391, 0.9833 ], [ 35.6335, 0.9941 ], [ 35.6437, 1.016 ], [ 35.6425, 1.0214 ], [ 35.6084, 1.0212 ], [ 35.5916, 1.0175 ], [ 35.5775, 1.0198 ], [ 35.5746, 1.0252 ], [ 35.5626, 1.0236 ], [ 35.5601, 1.012 ], [ 35.5521, 1.0037 ], [ 35.5493, 0.9842 ], [ 35.5407, 0.9784 ], [ 35.539, 0.9708 ], [ 35.525, 0.9638 ], [ 35.5148, 0.9499 ], [ 35.5115, 0.9714 ], [ 35.5102, 0.9746 ], [ 35.5076, 0.9729 ], [ 35.5012, 0.9757 ], [ 35.4969, 0.9813 ], [ 35.4956, 0.9975 ], [ 35.4931, 0.9995 ], [ 35.482, 0.9968 ], [ 35.476, 0.9987 ], [ 35.4755, 1.0016 ], [ 35.4686, 1.0006 ], [ 35.4675, 1.0032 ], [ 35.474, 1.0082 ], [ 35.4725, 1.0142 ], [ 35.4636, 1.0072 ], [ 35.4581, 1.0134 ], [ 35.4658, 1.0196 ], [ 35.469, 1.0149 ], [ 35.4712, 1.0162 ], [ 35.4753, 1.0237 ], [ 35.4664, 1.0317 ], [ 35.4645, 1.0386 ], [ 35.4522, 1.0419 ], [ 35.4533, 1.0531 ], [ 35.4496, 1.0572 ], [ 35.4478, 1.0715 ], [ 35.4534, 1.0851 ], [ 35.4479, 1.0994 ], [ 35.4478, 1.1273 ], [ 35.4502, 1.1294 ], [ 35.4538, 1.123 ], [ 35.4678, 1.1241 ], [ 35.4732, 1.1343 ], [ 35.4725, 1.1446 ], [ 35.46, 1.1647 ], [ 35.4541, 1.1627 ], [ 35.4413, 1.1664 ], [ 35.4369, 1.1765 ], [ 35.4319, 1.1783 ], [ 35.424, 1.175 ], [ 35.4229, 1.1878 ], [ 35.3575, 1.1338 ], [ 35.3253, 1.12 ], [ 35.1516, 1.2006 ] ] ] } },
{ "type": "Feature", "properties": { "iso3": "KEN", "unit_id": "43622606B41840798931713", "unit_name": "Keiyo North" }, "geometry": { "type": "Polygon", "coordinates": [ [ [ 35.4724, 0.5429 ], [ 35.488, 0.5235 ], [ 35.5062, 0.5261 ], [ 35.5088, 0.5278 ], [ 35.5078, 0.5385 ], [ 35.5225, 0.5552 ], [ 35.5253, 0.5635 ], [ 35.529, 0.5627 ], [ 35.5367, 0.5682 ], [ 35.5528, 0.5649 ], [ 35.5718, 0.5737 ], [ 35.5826, 0.5743 ], [ 35.6117, 0.5886 ], [ 35.6125, 0.5916 ], [ 35.5984, 0.6039 ], [ 35.5963, 0.6221 ], [ 35.6088, 0.6455 ], [ 35.6042, 0.6707 ], [ 35.6157, 0.6786 ], [ 35.6254, 0.6799 ], [ 35.6238, 0.6865 ], [ 35.6287, 0.688 ], [ 35.6349, 0.7016 ], [ 35.6305, 0.7218 ], [ 35.6229, 0.7309 ], [ 35.6204, 0.7399 ], [ 35.6255, 0.7459 ], [ 35.6285, 0.7653 ], [ 35.6371, 0.7889 ], [ 35.635, 0.81 ], [ 35.6425, 0.8223 ], [ 35.6372, 0.8273 ], [ 35.6428, 0.8405 ], [ 35.6359, 0.8458 ], [ 35.6361, 0.8491 ], [ 35.6256, 0.8557 ], [ 35.624, 0.8617 ], [ 35.6026, 0.8531 ], [ 35.5426, 0.8699 ], [ 35.5312, 0.8676 ], [ 35.5282, 0.8626 ], [ 35.513, 0.8587 ], [ 35.4904, 0.8465 ], [ 35.4826, 0.825 ], [ 35.4933, 0.8243 ], [ 35.4992, 0.8201 ], [ 35.5018, 0.7769 ], [ 35.5075, 0.7675 ], [ 35.501, 0.7608 ], [ 35.4976, 0.7506 ], [ 35.4947, 0.7534 ], [ 35.4909, 0.7513 ], [ 35.4973, 0.7481 ], [ 35.4936, 0.7284 ], [ 35.4987, 0.7161 ], [ 35.5048, 0.713 ], [ 35.505, 0.7038 ], [ 35.4117, 0.7028 ], [ 35.4236, 0.6794 ], [ 35.4812, 0.5906 ], [ 35.4724, 0.5429 ] ] ] } },
{ "type": "Feature", "properties": { "iso3": "KEN", "unit_id": "43622606B37271352724207", "unit_name": "Keiyo South" }, "geometry": { "type": "Polygon", "coordinates": [ [ [ 35.4633, 0.5072 ], [ 35.4616, 0.4561 ], [ 35.4675, 0.4558 ], [ 35.4727, 0.4497 ], [ 35.4763, 0.4263 ], [ 35.4806, 0.421 ], [ 35.4812, 0.4056 ], [ 35.4872, 0.4053 ], [ 35.4793, 0.3896 ], [ 35.4881, 0.3813 ], [ 35.479, 0.3833 ], [ 35.4705, 0.3791 ], [ 35.4688, 0.3701 ], [ 35.4808, 0.3601 ], [ 35.4827, 0.3519 ], [ 35.4964, 0.345 ], [ 35.5068, 0.3268 ], [ 35.5136, 0.3236 ], [ 35.5095, 0.3154 ], [ 35.4952, 0.3138 ], [ 35.5042, 0.2949 ], [ 35.4992, 0.291 ], [ 35.4994, 0.2788 ], [ 35.491, 0.2641 ], [ 35.4946, 0.2584 ], [ 35.4858, 0.2505 ], [ 35.4963, 0.232 ], [ 35.5052, 0.2258 ], [ 35.5268, 0.2308 ], [ 35.5402, 0.2259 ], [ 35.5307, 0.2209 ], [ 35.5127, 0.1895 ], [ 35.5551, 0.1909 ], [ 35.5679, 0.199 ], [ 35.5688, 0.187 ], [ 35.5746, 0.1858 ], [ 35.5881, 0.1705 ], [ 35.6649, 0.1705 ], [ 35.6953, 0.1794 ], [ 35.6933, 0.1887 ], [ 35.7061, 0.2034 ], [ 35.7168, 0.2076 ], [ 35.7224, 0.215 ], [ 35.7203, 0.2364 ], [ 35.7093, 0.2604 ], [ 35.7146, 0.2887 ], [ 35.7127, 0.3162 ], [ 35.7227, 0.3398 ], [ 35.7191, 0.346 ], [ 35.722, 0.3513 ], [ 35.7201, 0.3565 ], [ 35.7094, 0.36 ], [ 35.7065, 0.3656 ], [ 35.702, 0.3655 ], [ 35.6981, 0.3697 ], [ 35.6971, 0.3665 ], [ 35.674, 0.377 ], [ 35.6669, 0.3875 ], [ 35.661, 0.389 ], [ 35.655, 0.3998 ], [ 35.6568, 0.4077 ], [ 35.6611, 0.4115 ], [ 35.6541, 0.4281 ], [ 35.6529, 0.4468 ], [ 35.6464, 0.453 ], [ 35.6465, 0.4636 ], [ 35.6327, 0.4843 ], [ 35.6307, 0.5029 ], [ 35.6148, 0.5095 ], [ 35.6114, 0.5255 ], [ 35.6029, 0.534 ], [ 35.6053, 0.543 ], [ 35.6024, 0.5565 ], [ 35.6128, 0.5759 ], [ 35.6117, 0.5886 ], [ 35.5826, 0.5743 ], [ 35.5718, 0.5737 ], [ 35.5528, 0.5649 ], [ 35.5367, 0.5682 ], [ 35.529, 0.5627 ], [ 35.5253, 0.5635 ], [ 35.5225, 0.5552 ], [ 35.5078, 0.5385 ], [ 35.5088, 0.5278 ], [ 35.5062, 0.5261 ], [ 35.488, 0.5235 ], [ 35.4724, 0.5429 ], [ 35.4633, 0.5072 ] ] ] } },
{ "type": "Feature", "properties": { "iso3": "KEN", "unit_id": "43622606B45364088697717", "unit_name": "Tinderet" }, "geometry": { "type": "Polygon", "coordinates": [ [ [ 35.369, 0.0432 ], [ 35.3677, 0.0175 ], [ 35.3542, 0.0166 ], [ 35.3366, 0.0207 ], [ 35.3293, 0.0142 ], [ 35.3156, 0.0111 ], [ 35.3055, 0.0298 ], [ 35.3013, 0.0536 ], [ 35.2942, 0.0687 ], [ 35.2734, 0.0738 ], [ 35.2643, 0.059 ], [ 35.2604, 0.0594 ], [ 35.2365, 0.075 ], [ 35.2276, 0.0726 ], [ 35.2145, 0.0798 ], [ 35.2101, 0.0648 ], [ 35.2047, 0.0592 ], [ 35.2007, 0.0669 ], [ 35.1806, 0.0642 ], [ 35.1776, 0.0692 ], [ 35.1664, 0.0702 ], [ 35.1548, 0.0827 ], [ 35.1473, 0.0848 ], [ 35.1427, 0.0919 ], [ 35.1358, 0.0811 ], [ 35.1082, 0.0878 ], [ 35.1077, 0.0754 ], [ 35.1017, 0.0671 ], [ 35.1012, 0.0588 ], [ 35.0879, 0.0479 ], [ 35.0915, 0.0321 ], [ 35.0966, 0.029 ], [ 35.0963, 0.0247 ], [ 35.1004, 0.021 ], [ 35.0981, 0.0148 ], [ 35.0914, 0.0108 ], [ 35.0908, -0.0005 ], [ 35.0851, -0.0063 ], [ 35.0719, -0.0057 ], [ 35.0638, -0.01 ], [ 35.0574, -0.007 ], [ 35.054, -0.0127 ], [ 35.0477, -0.0054 ], [ 35.0435, -0.0134 ], [ 35.0464, -0.0158 ], [ 35.0429, -0.0269 ], [ 35.0388, -0.0232 ], [ 35.0252, -0.0283 ], [ 35.0236, -0.0246 ], [ 35.0127, -0.0247 ], [ 35.0039, -0.0203 ], [ 35.0042, -0.0119 ], [ 34.9999, -0.0049 ], [ 34.9879, -0.009 ], [ 34.9482, -0.009 ], [ 34.9374, -0.0203 ], [ 34.9409, -0.0313 ], [ 34.9544, -0.0283 ], [ 34.9525, -0.0248 ], [ 34.957, -0.0241 ], [ 34.9641, -0.0303 ], [ 34.9783, -0.0222 ], [ 34.9884, -0.0216 ], [ 34.9885, -0.0171 ], [ 35.0077, -0.0275 ], [ 35.0071, -0.0517 ], [ 35.0592, -0.0518 ], [ 35.0653, -0.0646 ], [ 35.0745, -0.0528 ], [ 35.0928, -0.0419 ], [ 35.0962, -0.028 ], [ 35.1031, -0.021 ], [ 35.1022, -0.0022 ], [ 35.1511, -0.0363 ], [ 35.1583, -0.035 ], [ 35.1613, -0.0284 ], [ 35.1664, -0.0298 ], [ 35.1922, -0.0238 ], [ 35.2065, -0.0262 ], [ 35.215, -0.0307 ], [ 35.2161, -0.0342 ], [ 35.2211, -0.034 ], [ 35.2268, -0.0649 ], [ 35.2265, -0.1037 ], [ 35.2796, -0.0973 ], [ 35.3077, -0.0835 ], [ 35.3385, -0.1083 ], [ 35.3719, -0.1073 ], [ 35.401, -0.085 ], [ 35.4241, -0.076 ], [ 35.4045, -0.0212 ], [ 35.4136, 0.0053 ], [ 35.4381, 0.02 ], [ 35.4351, 0.0272 ], [ 35.4041, 0.0289 ], [ 35.369, 0.0432 ] ] ] } },
{ "type": "Feature", "properties": { "iso3": "KEN", "unit_id": "43622606B2408862147388", "unit_name": "Aldai" }, "geometry": { "type": "Polygon", "coordinates": [ [ [ 35.1082, 0.0878 ], [ 35.1169, 0.1058 ], [ 35.1141, 0.1132 ], [ 35.1161, 0.12 ], [ 35.1303, 0.1363 ], [ 35.1224, 0.1381 ], [ 35.1138, 0.1351 ], [ 35.1041, 0.1442 ], [ 35.0962, 0.1459 ], [ 35.0838, 0.1422 ], [ 35.0795, 0.1362 ], [ 35.0733, 0.1377 ], [ 35.0643, 0.123 ], [ 35.0577, 0.1208 ], [ 35.0499, 0.1238 ], [ 35.0255, 0.1236 ], [ 35.0189, 0.1269 ], [ 35.0173, 0.1215 ], [ 35.0029, 0.1084 ], [ 35.0048, 0.0956 ], [ 35.0008, 0.0856 ], [ 34.9725, 0.0799 ], [ 34.9358, 0.0837 ], [ 34.9296, 0.0883 ], [ 34.9285, 0.0943 ], [ 34.9312, 0.1017 ], [ 34.929, 0.1183 ], [ 34.9355, 0.1245 ], [ 34.9349, 0.1308 ], [ 34.9053, 0.1409 ], [ 34.9086, 0.1548 ], [ 34.9015, 0.1538 ], [ 34.8831, 0.144 ], [ 34.8816, 0.1384 ], [ 34.8596, 0.1214 ], [ 34.8569, 0.1095 ], [ 34.8596, 0.0841 ], [ 34.8489, 0.0707 ], [ 34.8468, 0.0654 ], [ 34.8493, 0.0606 ], [ 34.8396, 0.0471 ], [ 34.8361, 0.0326 ], [ 34.8267, 0.0313 ], [ 34.8206, 0.035 ], [ 34.8093, 0.0294 ], [ 34.8088, 0.0236 ], [ 34.8046, 0.0224 ], [ 34.7985, 0.0258 ], [ 34.7699, 0.0019 ], [ 34.763, -0.0006 ], [ 34.7598, 0.0087 ], [ 34.7541, 0.011 ], [ 34.747, 0.005 ], [ 34.7417, 0.0056 ], [ 34.74, -0.0012 ], [ 34.7448, -0.016 ], [ 34.7482, -0.0158 ], [ 34.7495, -0.019 ], [ 34.7462, -0.0212 ], [ 34.751, -0.0318 ], [ 34.7642, -0.0146 ], [ 34.7807, -0.0163 ], [ 34.7862, -0.0055 ], [ 34.8016, 0.0089 ], [ 34.81, 0.0126 ], [ 34.819, 0.0232 ], [ 34.8307, 0.0257 ], [ 34.8097, -0.0043 ], [ 34.81, -0.0124 ], [ 34.8066, -0.0145 ], [ 34.808, -0.0193 ], [ 34.8276, -0.0258 ], [ 34.9202, -0.024 ], [ 34.9195, -0.0309 ], [ 34.9233, -0.0342 ], [ 34.934, -0.0337 ], [ 34.9409, -0.0313 ], [ 34.9374, -0.0203 ], [ 34.9482, -0.009 ], [ 34.9879, -0.009 ], [ 34.9999, -0.0049 ], [ 35.0042, -0.0119 ], [ 35.0039, -0.0203 ], [ 35.0127, -0.0247 ], [ 35.0236, -0.0246 ], [ 35.0252, -0.0283 ], [ 35.0388, -0.0232 ], [ 35.0429, -0.0269 ], [ 35.0464, -0.0158 ], [ 35.0435, -0.0134 ], [ 35.0477, -0.0054 ], [ 35.054, -0.0127 ], [ 35.0574, -0.007 ], [ 35.0638, -0.01 ], [ 35.0719, -0.0057 ], [ 35.0851, -0.0063 ], [ 35.0908, -0.0005 ], [ 35.0914, 0.0108 ], [ 35.0981, 0.0148 ], [ 35.1004, 0.021 ], [ 35.0963, 0.0247 ], [ 35.0966, 0.029 ], [ 35.0915, 0.0321 ], [ 35.0879, 0.0479 ], [ 35.1012, 0.0588 ], [ 35.1017, 0.0671 ], [ 35.1077, 0.0754 ], [ 35.1082, 0.0878 ] ] ] } },
{ "type": "Feature", "properties": { "iso3": "KEN", "unit_id": "43622606B98001132478471", "unit_name": "Nandi Hills" }, "geometry": { "type": "Polygon", "coordinates": [ [ [ 35.2897, 0.2332 ], [ 35.2871, 0.2196 ], [ 35.2739, 0.2089 ], [ 35.2322, 0.2077 ], [ 35.2236, 0.2032 ], [ 35.2268, 0.1943 ], [ 35.2265, 0.1895 ], [ 35.2231, 0.1879 ], [ 35.2154, 0.1881 ], [ 35.2158, 0.1941 ], [ 35.2112, 0.1953 ], [ 35.2054, 0.1912 ], [ 35.2042, 0.1823 ], [ 35.1999, 0.1783 ], [ 35.186, 0.1751 ], [ 35.1823, 0.1595 ], [ 35.1758, 0.1519 ], [ 35.1542, 0.1411 ], [ 35.14, 0.153 ], [ 35.1366, 0.1428 ], [ 35.1161, 0.12 ], [ 35.1141, 0.1132 ], [ 35.1169, 0.1058 ], [ 35.1082, 0.0878 ], [ 35.1358, 0.0811 ], [ 35.1427, 0.0919 ], [ 35.1473, 0.0848 ], [ 35.1548, 0.0827 ], [ 35.1664, 0.0702 ], [ 35.1776, 0.0692 ], [ 35.1806, 0.0642 ], [ 35.2007, 0.0669 ], [ 35.2047, 0.0592 ], [ 35.2101, 0.0648 ], [ 35.2145, 0.0798 ], [ 35.2276, 0.0726 ], [ 35.2365, 0.075 ], [ 35.2604, 0.0594 ], [ 35.2643, 0.059 ], [ 35.2734, 0.0738 ], [ 35.2942, 0.0687 ], [ 35.3134, 0.0119 ], [ 35.3293, 0.0142 ], [ 35.3366, 0.0207 ], [ 35.3542, 0.0166 ], [ 35.3677, 0.0175 ], [ 35.369, 0.0432 ], [ 35.3474, 0.0618 ], [ 35.3497, 0.0656 ], [ 35.3593, 0.0654 ], [ 35.3643, 0.074 ], [ 35.3716, 0.0729 ], [ 35.387, 0.1148 ], [ 35.3758, 0.1177 ], [ 35.3697, 0.1282 ], [ 35.3564, 0.1313 ], [ 35.3342, 0.1431 ], [ 35.3359, 0.1596 ], [ 35.3423, 0.1716 ], [ 35.341, 0.1948 ], [ 35.362, 0.1913 ], [ 35.3656, 0.1873 ], [ 35.3661, 0.2 ], [ 35.357, 0.2154 ], [ 35.342, 0.207 ], [ 35.3261, 0.2272 ], [ 35.322, 0.2289 ], [ 35.3119, 0.2193 ], [ 35.2897, 0.2332 ] ] ] } },
{ "type": "Feature", "properties": { "iso3": "KEN", "unit_id": "43622606B1746548031979", "unit_name": "Chesumei" }, "geometry": { "type": "Polygon", "coordinates": [ [ [ 35.1949, 0.3801 ], [ 35.1766, 0.4138 ], [ 35.1702, 0.4111 ], [ 35.1384, 0.4099 ], [ 35.1372, 0.3987 ], [ 35.1244, 0.3795 ], [ 35.1281, 0.3598 ], [ 35.1202, 0.3449 ], [ 35.1025, 0.3602 ], [ 35.0999, 0.384 ], [ 35.0945, 0.3924 ], [ 35.0811, 0.3923 ], [ 35.0741, 0.3853 ], [ 35.0706, 0.3614 ], [ 35.0583, 0.3492 ], [ 35.0552, 0.3407 ], [ 35.0502, 0.343 ], [ 35.0415, 0.3413 ], [ 35.032, 0.3359 ], [ 35.0217, 0.3455 ], [ 35.0124, 0.3486 ], [ 35.0009, 0.3444 ], [ 34.9916, 0.3357 ], [ 34.996, 0.3166 ], [ 34.9654, 0.2736 ], [ 34.9773, 0.249 ], [ 34.9871, 0.2089 ], [ 34.9843, 0.1857 ], [ 34.9865, 0.1783 ], [ 34.9829, 0.172 ], [ 34.9729, 0.1657 ], [ 34.9747, 0.1595 ], [ 34.9901, 0.161 ], [ 34.99, 0.1551 ], [ 35.0046, 0.1442 ], [ 35.0108, 0.1485 ], [ 35.011, 0.1451 ], [ 35.0304, 0.14 ], [ 35.0349, 0.1415 ], [ 35.041, 0.1497 ], [ 35.0496, 0.1544 ], [ 35.048, 0.1591 ], [ 35.0522, 0.1649 ], [ 35.0438, 0.1844 ], [ 35.0495, 0.1905 ], [ 35.049, 0.1953 ], [ 35.073, 0.1969 ], [ 35.0828, 0.2029 ], [ 35.0765, 0.2146 ], [ 35.0773, 0.2224 ], [ 35.1008, 0.2182 ], [ 35.102, 0.2055 ], [ 35.1184, 0.2048 ], [ 35.1288, 0.2162 ], [ 35.1406, 0.2061 ], [ 35.1459, 0.205 ], [ 35.1548, 0.2109 ], [ 35.1615, 0.2306 ], [ 35.1716, 0.2263 ], [ 35.1728, 0.2284 ], [ 35.1689, 0.2342 ], [ 35.171, 0.2396 ], [ 35.1651, 0.2548 ], [ 35.1579, 0.256 ], [ 35.1588, 0.2581 ], [ 35.1828, 0.2726 ], [ 35.2044, 0.2783 ], [ 35.2254, 0.2693 ], [ 35.2286, 0.2922 ], [ 35.2455, 0.2979 ], [ 35.1949, 0.3801 ] ] ] } },
{ "type": "Feature", "properties": { "iso3": "KEN", "unit_id": "43622606B34517926455626", "unit_name": "Emgwen" }, "geometry": { "type": "Polygon", "coordinates": [ [ [ 35.2455, 0.2979 ], [ 35.2286, 0.2922 ], [ 35.2254, 0.2693 ], [ 35.2044, 0.2783 ], [ 35.1828, 0.2726 ], [ 35.1588, 0.2581 ], [ 35.1579, 0.256 ], [ 35.1651, 0.2548 ], [ 35.171, 0.2396 ], [ 35.1689, 0.2342 ], [ 35.1728, 0.2284 ], [ 35.1716, 0.2263 ], [ 35.1615, 0.2306 ], [ 35.1548, 0.2109 ], [ 35.1459, 0.205 ], [ 35.1406, 0.2061 ], [ 35.1288, 0.2162 ], [ 35.1184, 0.2048 ], [ 35.102, 0.2055 ], [ 35.1008, 0.2182 ], [ 35.0773, 0.2224 ], [ 35.0765, 0.2146 ], [ 35.0828, 0.2029 ], [ 35.073, 0.1969 ], [ 35.049, 0.1953 ], [ 35.0495, 0.1905 ], [ 35.0438, 0.1844 ], [ 35.0522, 0.1649 ], [ 35.048, 0.1591 ], [ 35.0496, 0.1544 ], [ 35.0304, 0.14 ], [ 35.011, 0.1451 ], [ 35.0108, 0.1485 ], [ 35.0046, 0.1442 ], [ 34.999, 0.1468 ], [ 34.99, 0.1551 ], [ 34.9901, 0.161 ], [ 34.9747, 0.1595 ], [ 34.9729, 0.1657 ], [ 34.9829, 0.172 ], [ 34.9865, 0.1783 ], [ 34.9843, 0.1857 ], [ 34.9871, 0.2089 ], [ 34.9785, 0.2419 ], [ 34.9565, 0.2418 ], [ 34.9433, 0.2094 ], [ 34.929, 0.2096 ], [ 34.9161, 0.1735 ], [ 34.9201, 0.1688 ], [ 34.914, 0.1563 ], [ 34.9086, 0.1548 ], [ 34.9053, 0.1409 ], [ 34.9349, 0.1308 ], [ 34.9355, 0.1245 ], [ 34.929, 0.1183 ], [ 34.9296, 0.0883 ], [ 34.9436, 0.0817 ], [ 34.9472, 0.0843 ], [ 34.9725, 0.0799 ], [ 35.0008, 0.0856 ], [ 35.0048, 0.0956 ], [ 35.0029, 0.1084 ], [ 35.0173, 0.1215 ], [ 35.0189, 0.1269 ], [ 35.0255, 0.1236 ], [ 35.0499, 0.1238 ], [ 35.0577, 0.1208 ], [ 35.0643, 0.123 ], [ 35.0733, 0.1377 ], [ 35.0795, 0.1362 ], [ 35.0838, 0.1422 ], [ 35.0962, 0.1459 ], [ 35.1041, 0.1442 ], [ 35.1138, 0.1351 ], [ 35.1224, 0.1381 ], [ 35.1303, 0.1363 ], [ 35.1366, 0.1428 ], [ 35.14, 0.153 ], [ 35.1542, 0.1411 ], [ 35.1758, 0.1519 ], [ 35.1823, 0.1595 ], [ 35.186, 0.1751 ], [ 35.1999, 0.1783 ], [ 35.2042, 0.1823 ], [ 35.2054, 0.1912 ], [ 35.2112, 0.1953 ], [ 35.2158, 0.1941 ], [ 35.2154, 0.1881 ], [ 35.2265, 0.1895 ], [ 35.2236, 0.2032 ], [ 35.2322, 0.2077 ], [ 35.2739, 0.2089 ], [ 35.2871, 0.2196 ], [ 35.2897, 0.2332 ], [ 35.2455, 0.2979 ] ] ] } },
{ "type": "Feature", "properties": { "iso3": "KEN", "unit_id": "43622606B8425145823618", "unit_name": "Mosop" }, "geometry": { "type": "Polygon", "coordinates": [ [ [ 34.8521, 0.5478 ], [ 34.9072, 0.5056 ], [ 34.9084, 0.4919 ], [ 34.924, 0.4773 ], [ 34.9561, 0.4172 ], [ 34.9551, 0.3719 ], [ 34.9487, 0.3543 ], [ 34.9371, 0.3608 ], [ 34.942, 0.3259 ], [ 34.9654, 0.2736 ], [ 34.996, 0.3166 ], [ 34.9916, 0.3357 ], [ 35.0009, 0.3444 ], [ 35.0124, 0.3486 ], [ 35.0217, 0.3455 ], [ 35.032, 0.3359 ], [ 35.0415, 0.3413 ], [ 35.0502, 0.343 ], [ 35.0552, 0.3407 ], [ 35.0583, 0.3492 ], [ 35.0706, 0.3614 ], [ 35.0741, 0.3853 ], [ 35.0785, 0.3915 ], [ 35.0945, 0.3924 ], [ 35.0999, 0.384 ], [ 35.1025, 0.3602 ], [ 35.1202, 0.3449 ], [ 35.1281, 0.3598 ], [ 35.1244, 0.3795 ], [ 35.1372, 0.3987 ], [ 35.1384, 0.4099 ], [ 35.1702, 0.4111 ], [ 35.1766, 0.4138 ], [ 35.181, 0.409 ], [ 35.1768, 0.4209 ], [ 35.1708, 0.4257 ], [ 35.142, 0.4733 ], [ 35.1526, 0.4877 ], [ 35.1597, 0.5065 ], [ 35.1663, 0.547 ], [ 35.1565, 0.5397 ], [ 35.1372, 0.5377 ], [ 35.1343, 0.543 ], [ 35.1163, 0.547 ], [ 35.1051, 0.5562 ], [ 35.0996, 0.5406 ], [ 35.0446, 0.5631 ], [ 34.8521, 0.5478 ] ] ] } },
{ "type": "Feature", "properties": { "iso3": "KEN", "unit_id": "43622606B99197018147353", "unit_name": "Tiaty" }, "geometry": { "type": "Polygon", "coordinates": [ [ [ 35.7857, 1.6561 ], [ 35.7798, 1.6554 ], [ 35.7815, 1.6491 ], [ 35.7775, 1.6413 ], [ 35.7812, 1.6337 ], [ 35.7877, 1.6316 ], [ 35.7904, 1.6264 ], [ 35.7805, 1.6242 ], [ 35.7806, 1.6168 ], [ 35.7866, 1.6096 ], [ 35.7792, 1.6046 ], [ 35.7823, 1.5929 ], [ 35.7794, 1.5894 ], [ 35.7836, 1.5811 ], [ 35.7799, 1.5784 ], [ 35.7799, 1.5719 ], [ 35.7757, 1.5719 ], [ 35.7736, 1.5528 ], [ 35.7688, 1.5452 ], [ 35.7692, 1.5344 ], [ 35.7635, 1.5327 ], [ 35.7616, 1.5193 ], [ 35.7557, 1.5164 ], [ 35.7518, 1.5061 ], [ 35.7427, 1.5046 ], [ 35.735, 1.4914 ], [ 35.7291, 1.4875 ], [ 35.73, 1.4819 ], [ 35.7193, 1.4718 ], [ 35.7233, 1.4606 ], [ 35.7209, 1.4528 ], [ 35.713, 1.448 ], [ 35.712, 1.4423 ], [ 35.7065, 1.4382 ], [ 35.7089, 1.4318 ], [ 35.706, 1.429 ], [ 35.7064, 1.4188 ], [ 35.711, 1.4117 ], [ 35.7068, 1.4061 ], [ 35.7118, 1.4025 ], [ 35.7032, 1.4008 ], [ 35.6991, 1.3904 ], [ 35.7028, 1.3866 ], [ 35.6879, 1.3589 ], [ 35.6909, 1.3532 ], [ 35.6878, 1.3471 ], [ 35.6923, 1.3438 ], [ 35.6888, 1.3422 ], [ 35.696, 1.3392 ], [ 35.6963, 1.3298 ], [ 35.7001, 1.3289 ], [ 35.6974, 1.3249 ], [ 35.6952, 1.2887 ], [ 35.6979, 1.2791 ], [ 35.7072, 1.2706 ], [ 35.7002, 1.2574 ], [ 35.701, 1.2332 ], [ 35.7039, 1.2286 ], [ 35.6971, 1.2159 ], [ 35.6974, 1.2053 ], [ 35.7027, 1.2001 ], [ 35.7042, 1.1923 ], [ 35.7046, 1.1522 ], [ 35.7091, 1.1489 ], [ 35.7061, 1.1472 ], [ 35.7056, 1.1347 ], [ 35.6978, 1.1147 ], [ 35.6993, 1.1064 ], [ 35.687, 1.0989 ], [ 35.683, 1.0892 ], [ 35.6771, 1.0864 ], [ 35.6723, 1.0703 ], [ 35.6749, 1.0601 ], [ 35.6689, 1.0507 ], [ 35.6706, 1.0431 ], [ 35.6663, 1.0438 ], [ 35.6628, 1.0351 ], [ 35.6541, 1.0294 ], [ 35.6479, 1.0295 ], [ 35.6413, 1.022 ], [ 35.6437, 1.016 ], [ 35.6335, 0.9941 ], [ 35.6391, 0.9833 ], [ 35.635, 0.9731 ], [ 35.6383, 0.967 ], [ 35.6584, 0.9682 ], [ 35.6678, 0.9624 ], [ 35.6765, 0.9472 ], [ 35.6898, 0.9424 ], [ 35.7643, 0.9869 ], [ 35.7944, 0.9824 ], [ 35.8316, 0.9661 ], [ 35.8877, 0.9286 ], [ 35.8912, 0.9107 ], [ 35.9008, 0.898 ], [ 35.9006, 0.8907 ], [ 35.9135, 0.879 ], [ 35.9123, 0.8726 ], [ 35.9181, 0.8599 ], [ 35.9182, 0.8519 ], [ 35.9324, 0.8433 ], [ 35.9396, 0.8425 ], [ 35.9384, 0.832 ], [ 35.941, 0.8262 ], [ 35.9469, 0.8234 ], [ 35.9676, 0.8365 ], [ 35.9747, 0.8355 ], [ 35.9683, 0.8236 ], [ 35.9728, 0.814 ], [ 35.9603, 0.7916 ], [ 35.9682, 0.7894 ], [ 35.9918, 0.7917 ], [ 35.9873, 0.7688 ], [ 35.9986, 0.7537 ], [ 36.0335, 0.7236 ], [ 36.0311, 0.7157 ], [ 36.04, 0.7247 ], [ 36.0472, 0.7185 ], [ 36.0541, 0.7335 ], [ 36.0587, 0.7295 ], [ 36.0665, 0.731 ], [ 36.0675, 0.7214 ], [ 36.0734, 0.7283 ], [ 36.0767, 0.728 ], [ 36.0777, 0.7211 ], [ 36.0715, 0.7051 ], [ 36.0846, 0.6867 ], [ 36.1344, 0.6979 ], [ 36.183, 0.6586 ], [ 36.2119, 0.6481 ], [ 36.2382, 0.643 ], [ 36.2496, 0.6431 ], [ 36.2642, 0.6502 ], [ 36.278, 0.633 ], [ 36.2891, 0.6467 ], [ 36.3475, 0.662 ], [ 36.405, 0.7191 ], [ 36.469, 0.8224 ], [ 36.4756, 0.839 ], [ 36.4897, 0.8478 ], [ 36.4847, 0.8543 ], [ 36.4815, 0.8538 ], [ 36.4603, 0.8704 ], [ 36.4442, 0.8734 ], [ 36.427, 0.8888 ], [ 36.4245, 0.8973 ], [ 36.4197, 0.9019 ], [ 36.4106, 0.9007 ], [ 36.3974, 0.9051 ], [ 36.3932, 0.9135 ], [ 36.3937, 0.9212 ], [ 36.3871, 0.9287 ], [ 36.3902, 0.9418 ], [ 36.3892, 0.9488 ], [ 36.3842, 0.9549 ], [ 36.3702, 0.9559 ], [ 36.3641, 0.9643 ], [ 36.3517, 0.967 ], [ 36.3423, 0.9941 ], [ 36.3173, 0.9915 ], [ 36.1733, 1.1712 ], [ 36.0973, 1.1693 ], [ 35.7857, 1.6561 ] ] ] } },
{ "type": "Feature", "properties": { "iso3": "KEN", "unit_id": "43622606B74804457675622", "unit_name": "Baringo North" }, "geometry": { "type": "Polygon", "coordinates": [ [ [ 35.6263, 0.8797 ], [ 35.6256, 0.8557 ], [ 35.6361, 0.8491 ], [ 35.6359, 0.8458 ], [ 35.6428, 0.8405 ], [ 35.6372, 0.8273 ], [ 35.6425, 0.8223 ], [ 35.6412, 0.8166 ], [ 35.6341, 0.8062 ], [ 35.6371, 0.7889 ], [ 35.6285, 0.7653 ], [ 35.6255, 0.7459 ], [ 35.6204, 0.7399 ], [ 35.6229, 0.7309 ], [ 35.6305, 0.7218 ], [ 35.6349, 0.7016 ], [ 35.6287, 0.688 ], [ 35.6238, 0.6865 ], [ 35.6254, 0.6799 ], [ 35.6157, 0.6786 ], [ 35.6042, 0.6707 ], [ 35.6088, 0.6455 ], [ 35.5963, 0.6221 ], [ 35.5984, 0.6039 ], [ 35.6125, 0.5916 ], [ 35.6134, 0.5808 ], [ 35.6024, 0.5565 ], [ 35.6463, 0.5516 ], [ 35.6653, 0.5638 ], [ 35.6722, 0.5628 ], [ 35.6877, 0.5674 ], [ 35.7047, 0.5617 ], [ 35.7166, 0.5639 ], [ 35.7364, 0.5547 ], [ 35.7445, 0.5674 ], [ 35.7992, 0.5815 ], [ 35.8149, 0.5996 ], [ 35.8237, 0.596 ], [ 35.8323, 0.6021 ], [ 35.8707, 0.5954 ], [ 35.8917, 0.5769 ], [ 35.9222, 0.5686 ], [ 35.933, 0.5761 ], [ 35.9406, 0.5936 ], [ 35.9711, 0.6117 ], [ 36.0068, 0.615 ], [ 36.0104, 0.6237 ], [ 36.0136, 0.6657 ], [ 36.0237, 0.6947 ], [ 36.024, 0.7041 ], [ 36.0335, 0.7236 ], [ 35.9986, 0.7537 ], [ 35.9873, 0.7688 ], [ 35.9918, 0.7917 ], [ 35.9682, 0.7894 ], [ 35.9603, 0.7916 ], [ 35.9728, 0.814 ], [ 35.9683, 0.8236 ], [ 35.9747, 0.8355 ], [ 35.9676, 0.8365 ], [ 35.9469, 0.8234 ], [ 35.941, 0.8262 ], [ 35.9384, 0.832 ], [ 35.9396, 0.8425 ], [ 35.9324, 0.8433 ], [ 35.9182, 0.8519 ], [ 35.9181, 0.8599 ], [ 35.9123, 0.8726 ], [ 35.9135, 0.879 ], [ 35.9006, 0.8907 ], [ 35.9008, 0.898 ], [ 35.8912, 0.9107 ], [ 35.8877, 0.9286 ], [ 35.8809, 0.9343 ], [ 35.8316, 0.9661 ], [ 35.7944, 0.9824 ], [ 35.7643, 0.9869 ], [ 35.6898, 0.9424 ], [ 35.6765, 0.9472 ], [ 35.6678, 0.9624 ], [ 35.6584, 0.9682 ], [ 35.6383, 0.967 ], [ 35.6353, 0.966 ], [ 35.636, 0.9605 ], [ 35.6301, 0.9532 ], [ 35.6365, 0.9214 ], [ 35.634, 0.9136 ], [ 35.6261, 0.9078 ], [ 35.6271, 0.8923 ], [ 35.6228, 0.8881 ], [ 35.6263, 0.8797 ] ] ] } },
{ "type": "Feature", "properties": { "iso3": "KEN", "unit_id": "43622606B80312270234569", "unit_name": "Baringo Central" }, "geometry": { "type": "Polygon", "coordinates": [ [ [ 35.7224, 0.215 ], [ 35.7405, 0.2236 ], [ 35.753, 0.2178 ], [ 35.7776, 0.2252 ], [ 35.777, 0.2275 ], [ 35.7818, 0.2296 ], [ 35.783, 0.2438 ], [ 35.7774, 0.2462 ], [ 35.7774, 0.2988 ], [ 35.7834, 0.3006 ], [ 35.8007, 0.296 ], [ 35.8157, 0.2968 ], [ 35.813, 0.3113 ], [ 35.8058, 0.3127 ], [ 35.8048, 0.3156 ], [ 35.8061, 0.3399 ], [ 35.7988, 0.3401 ], [ 35.7997, 0.3447 ], [ 35.8123, 0.3461 ], [ 35.839, 0.3739 ], [ 35.8426, 0.3632 ], [ 35.848, 0.3615 ], [ 35.8774, 0.3682 ], [ 35.8697, 0.3835 ], [ 35.8698, 0.3908 ], [ 35.8541, 0.4169 ], [ 35.8582, 0.4664 ], [ 35.8518, 0.4784 ], [ 35.8508, 0.5247 ], [ 35.8402, 0.533 ], [ 35.8263, 0.5311 ], [ 35.8142, 0.5348 ], [ 35.8085, 0.5533 ], [ 35.817, 0.5736 ], [ 35.8379, 0.6011 ], [ 35.8323, 0.6021 ], [ 35.8237, 0.596 ], [ 35.8149, 0.5996 ], [ 35.7992, 0.5815 ], [ 35.7445, 0.5674 ], [ 35.7364, 0.5547 ], [ 35.7166, 0.5639 ], [ 35.7047, 0.5617 ], [ 35.6877, 0.5674 ], [ 35.6722, 0.5628 ], [ 35.6653, 0.5638 ], [ 35.6463, 0.5516 ], [ 35.6024, 0.5565 ], [ 35.6053, 0.543 ], [ 35.6029, 0.534 ], [ 35.6114, 0.5255 ], [ 35.6148, 0.5095 ], [ 35.6307, 0.5029 ], [ 35.6327, 0.4843 ], [ 35.6465, 0.4636 ], [ 35.6464, 0.453 ], [ 35.6529, 0.4468 ], [ 35.6541, 0.4281 ], [ 35.6611, 0.4115 ], [ 35.6568, 0.4077 ], [ 35.655, 0.3998 ], [ 35.661, 0.389 ], [ 35.6669, 0.3875 ], [ 35.6691, 0.3814 ], [ 35.6809, 0.3726 ], [ 35.7065, 0.3656 ], [ 35.7094, 0.36 ], [ 35.7201, 0.3565 ], [ 35.722, 0.3513 ], [ 35.7191, 0.346 ], [ 35.7227, 0.3398 ], [ 35.7127, 0.3162 ], [ 35.7146, 0.2887 ], [ 35.7093, 0.2604 ], [ 35.7203, 0.2364 ], [ 35.7224, 0.215 ] ] ] } },
{ "type": "Feature", "properties": { "iso3": "KEN", "unit_id": "43622606B71194908707577", "unit_name": "Baringo South" }, "geometry": { "type": "Polygon", "coordinates": [ [ [ 36.04, 0.7247 ], [ 36.024, 0.7041 ], [ 36.0237, 0.6947 ], [ 36.0136, 0.6657 ], [ 36.0104, 0.6237 ], [ 36.0068, 0.615 ], [ 35.9711, 0.6117 ], [ 35.9406, 0.5936 ], [ 35.933, 0.5761 ], [ 35.9222, 0.5686 ], [ 35.8917, 0.5769 ], [ 35.8707, 0.5954 ], [ 35.8379, 0.6011 ], [ 35.817, 0.5736 ], [ 35.8085, 0.5533 ], [ 35.8142, 0.5348 ], [ 35.8263, 0.5311 ], [ 35.8402, 0.533 ], [ 35.8508, 0.5247 ], [ 35.8518, 0.4784 ], [ 35.8582, 0.4664 ], [ 35.8541, 0.4169 ], [ 35.8698, 0.3908 ], [ 35.8697, 0.3835 ], [ 35.8774, 0.3682 ], [ 35.848, 0.3615 ], [ 35.8426, 0.3632 ], [ 35.839, 0.3739 ], [ 35.8123, 0.3461 ], [ 35.7997, 0.3447 ], [ 35.7988, 0.3401 ], [ 35.8061, 0.3399 ], [ 35.8048, 0.3156 ], [ 35.8058, 0.3127 ], [ 35.813, 0.3113 ], [ 35.8157, 0.2968 ], [ 35.8007, 0.296 ], [ 35.7834, 0.3006 ], [ 35.7774, 0.2988 ], [ 35.7792, 0.2637 ], [ 35.834, 0.2588 ], [ 35.8697, 0.2745 ], [ 35.8859, 0.275 ], [ 35.8925, 0.2719 ], [ 35.8978, 0.2742 ], [ 35.9027, 0.2806 ], [ 35.909, 0.2825 ], [ 35.9203, 0.3008 ], [ 35.9158, 0.3101 ], [ 35.9226, 0.3237 ], [ 35.9177, 0.3274 ], [ 35.9242, 0.3419 ], [ 35.9213, 0.3514 ], [ 35.9271, 0.3854 ], [ 35.9244, 0.3929 ], [ 35.9562, 0.3937 ], [ 35.9798, 0.4091 ], [ 35.9904, 0.4099 ], [ 35.9981, 0.3964 ], [ 35.9962, 0.383 ], [ 35.9902, 0.3739 ], [ 35.9937, 0.3464 ], [ 35.9848, 0.3024 ], [ 36.0857, 0.3053 ], [ 36.1194, 0.3307 ], [ 36.1419, 0.3223 ], [ 36.1526, 0.3059 ], [ 36.1862, 0.317 ], [ 36.1968, 0.3008 ], [ 36.2163, 0.252 ], [ 36.2017, 0.2358 ], [ 36.2357, 0.2114 ], [ 36.2541, 0.1839 ], [ 36.2639, 0.1869 ], [ 36.2915, 0.2127 ], [ 36.296, 0.2401 ], [ 36.2918, 0.2545 ], [ 36.2793, 0.2579 ], [ 36.2818, 0.2673 ], [ 36.2797, 0.2741 ], [ 36.2651, 0.2779 ], [ 36.2597, 0.2913 ], [ 36.2506, 0.299 ], [ 36.24, 0.3154 ], [ 36.226, 0.3225 ], [ 36.2309, 0.3358 ], [ 36.2478, 0.343 ], [ 36.2456, 0.3296 ], [ 36.261, 0.3429 ], [ 36.2594, 0.376 ], [ 36.2275, 0.3986 ], [ 36.2292, 0.4219 ], [ 36.2941, 0.5664 ], [ 36.278, 0.633 ], [ 36.2642, 0.6502 ], [ 36.2496, 0.6431 ], [ 36.2382, 0.643 ], [ 36.2119, 0.6481 ], [ 36.183, 0.6586 ], [ 36.1344, 0.6979 ], [ 36.0846, 0.6867 ], [ 36.0715, 0.7051 ], [ 36.0777, 0.7211 ], [ 36.0767, 0.728 ], [ 36.0734, 0.7283 ], [ 36.0675, 0.7214 ], [ 36.0665, 0.731 ], [ 36.0587, 0.7295 ], [ 36.0541, 0.7335 ], [ 36.0472, 0.7185 ], [ 36.04, 0.7247 ] ] ] } },
{ "type": "Feature", "properties": { "iso3": "KEN", "unit_id": "43622606B98811391121178", "unit_name": "Mogotio" }, "geometry": { "type": "Polygon", "coordinates": [ [ [ 35.6953, 0.1794 ], [ 35.7146, 0.1908 ], [ 35.7194, 0.1867 ], [ 35.7293, 0.187 ], [ 35.7633, 0.1485 ], [ 35.766, 0.1526 ], [ 35.7771, 0.1529 ], [ 35.7807, 0.1605 ], [ 35.7989, 0.1599 ], [ 35.8106, 0.1521 ], [ 35.8322, 0.1282 ], [ 35.8436, 0.1064 ], [ 35.8569, 0.0892 ], [ 35.8368, 0.0646 ], [ 35.8343, 0.0571 ], [ 35.8366, 0.046 ], [ 35.8327, 0.0411 ], [ 35.8327, 0.0326 ], [ 35.8239, 0.0209 ], [ 35.8335, 0.0215 ], [ 35.844, 0.0153 ], [ 35.8771, -0.0336 ], [ 35.8945, -0.0497 ], [ 35.9004, -0.0466 ], [ 35.9185, -0.0796 ], [ 35.9283, -0.0753 ], [ 35.9284, -0.0687 ], [ 35.9482, -0.051 ], [ 35.9606, -0.0295 ], [ 35.9609, -0.0239 ], [ 35.9702, -0.0128 ], [ 35.9777, 0.0104 ], [ 35.9764, 0.021 ], [ 35.9298, 0.0698 ], [ 35.9407, 0.0972 ], [ 35.9611, 0.0886 ], [ 35.9653, 0.0796 ], [ 35.9657, 0.0593 ], [ 36.0004, 0.0604 ], [ 36.0077, 0.0323 ], [ 36.0428, 0.0208 ], [ 36.0556, 0.0046 ], [ 36.0937, -0.0099 ], [ 36.1136, 0.0069 ], [ 36.1063, 0.0625 ], [ 36.1281, 0.0605 ], [ 36.1483, 0.1868 ], [ 36.1991, 0.2021 ], [ 36.1972, 0.2194 ], [ 36.1853, 0.2243 ], [ 36.1802, 0.2299 ], [ 36.2017, 0.2358 ], [ 36.2163, 0.252 ], [ 36.1968, 0.3008 ], [ 36.1862, 0.317 ], [ 36.1526, 0.3059 ], [ 36.1419, 0.3223 ], [ 36.1194, 0.3307 ], [ 36.0857, 0.3053 ], [ 35.9848, 0.3024 ], [ 35.9937, 0.3464 ], [ 35.9902, 0.3739 ], [ 35.9962, 0.383 ], [ 35.9981, 0.3964 ], [ 35.9921, 0.4091 ], [ 35.9798, 0.4091 ], [ 35.9562, 0.3937 ], [ 35.9244, 0.3929 ], [ 35.9271, 0.3854 ], [ 35.9213, 0.3514 ], [ 35.9242, 0.3419 ], [ 35.9177, 0.3274 ], [ 35.9226, 0.3237 ], [ 35.9158, 0.3101 ], [ 35.9203, 0.3008 ], [ 35.909, 0.2825 ], [ 35.8925, 0.2719 ], [ 35.8859, 0.275 ], [ 35.8697, 0.2745 ], [ 35.834, 0.2588 ], [ 35.7792, 0.2637 ], [ 35.7774, 0.2462 ], [ 35.783, 0.2438 ], [ 35.7837, 0.2344 ], [ 35.7776, 0.2252 ], [ 35.753, 0.2178 ], [ 35.7405, 0.2236 ], [ 35.7224, 0.215 ], [ 35.7168, 0.2076 ], [ 35.7061, 0.2034 ], [ 35.6933, 0.1887 ], [ 35.6953, 0.1794 ] ] ] } },
{ "type": "Feature", "properties": { "iso3": "KEN", "unit_id": "43622606B68154011373607", "unit_name": "Eldama Ravine" }, "geometry": { "type": "Polygon", "coordinates": [ [ [ 35.5416, 0.0893 ], [ 35.5399, 0.0796 ], [ 35.5454, 0.0719 ], [ 35.5393, 0.0607 ], [ 35.5465, 0.0577 ], [ 35.543, 0.0428 ], [ 35.526, 0.039 ], [ 35.5229, 0.0158 ], [ 35.5438, -0.006 ], [ 35.5836, -0.0053 ], [ 35.6106, -0.0296 ], [ 35.6332, -0.0339 ], [ 35.6394, -0.0467 ], [ 35.6369, -0.0521 ], [ 35.6396, -0.0593 ], [ 35.6671, -0.0477 ], [ 35.6534, -0.0759 ], [ 35.6661, -0.0726 ], [ 35.689, -0.0724 ], [ 35.6887, -0.0909 ], [ 35.6934, -0.1069 ], [ 35.7041, -0.1168 ], [ 35.7299, -0.1552 ], [ 35.7229, -0.1713 ], [ 35.724, -0.2031 ], [ 35.772, -0.1921 ], [ 35.7904, -0.161 ], [ 35.7905, -0.11 ], [ 35.7959, -0.109 ], [ 35.799, -0.1019 ], [ 35.8063, -0.0968 ], [ 35.8204, -0.1157 ], [ 35.847, -0.0811 ], [ 35.8771, -0.0336 ], [ 35.844, 0.0153 ], [ 35.8335, 0.0215 ], [ 35.8239, 0.0209 ], [ 35.8327, 0.0326 ], [ 35.8327, 0.0411 ], [ 35.8366, 0.046 ], [ 35.8343, 0.0571 ], [ 35.8368, 0.0646 ], [ 35.8569, 0.0892 ], [ 35.8436, 0.1064 ], [ 35.8322, 0.1282 ], [ 35.8106, 0.1521 ], [ 35.7989, 0.1599 ], [ 35.7807, 0.1605 ], [ 35.7771, 0.1529 ], [ 35.766, 0.1526 ], [ 35.7633, 0.1485 ], [ 35.7293, 0.187 ], [ 35.7194, 0.1867 ], [ 35.7146, 0.1908 ], [ 35.7045, 0.1826 ], [ 35.6649, 0.1705 ], [ 35.5881, 0.1705 ], [ 35.5906, 0.1489 ], [ 35.5754, 0.1157 ], [ 35.5737, 0.0663 ], [ 35.5416, 0.0893 ] ] ] } },
{ "type": "Feature", "properties": { "iso3": "KEN", "unit_id": "43622606B30100884919636", "unit_name": "Laikipia West" }, "geometry": { "type": "Polygon", "coordinates": [ [ [ 37.1089, 0.0385 ], [ 37.1085, 0.0677 ], [ 37.0521, 0.064 ], [ 37.0555, 0.0733 ], [ 37.041, 0.0938 ], [ 36.9708, 0.0663 ], [ 36.9836, 0.0267 ], [ 37.0002, 0.0215 ], [ 36.9812, -0.0129 ], [ 36.9561, -0.0114 ], [ 36.9315, 0.0014 ], [ 36.9212, -0.0001 ], [ 36.9101, 0.0121 ], [ 36.9146, 0.029 ], [ 36.9008, 0.0441 ], [ 36.9028, 0.0519 ], [ 36.8995, 0.0586 ], [ 36.9042, 0.0682 ], [ 36.9013, 0.0857 ], [ 36.9035, 0.0876 ], [ 36.9022, 0.0905 ], [ 36.8992, 0.0898 ], [ 36.9012, 0.0975 ], [ 36.8952, 0.1097 ], [ 36.8081, 0.1164 ], [ 36.8063, 0.133 ], [ 36.72, 0.1437 ], [ 36.7085, 0.1222 ], [ 36.7013, 0.1199 ], [ 36.6972, 0.1128 ], [ 36.6863, 0.1068 ], [ 36.6793, 0.0956 ], [ 36.6735, 0.0702 ], [ 36.6654, 0.0632 ], [ 36.6604, 0.0505 ], [ 36.6512, 0.0403 ], [ 36.6388, 0.0402 ], [ 36.6331, 0.0368 ], [ 36.6321, 0.0288 ], [ 36.6505, -0.0137 ], [ 36.5823, -0.0191 ], [ 36.5767, -0.0303 ], [ 36.5612, -0.0409 ], [ 36.5557, -0.0525 ], [ 36.5513, -0.0671 ], [ 36.5606, -0.0739 ], [ 36.5551, -0.0879 ], [ 36.5618, -0.0865 ], [ 36.5725, -0.1013 ], [ 36.5924, -0.0999 ], [ 36.635, -0.1042 ], [ 36.6563, -0.1508 ], [ 36.7115, -0.133 ], [ 36.7168, -0.1264 ], [ 36.7522, -0.118 ], [ 36.7654, -0.1068 ], [ 36.7684, -0.1118 ], [ 36.7916, -0.1052 ], [ 36.831, -0.1016 ], [ 36.8315, -0.1323 ], [ 36.8484, -0.1349 ], [ 36.8607, -0.1409 ], [ 36.8588, -0.1505 ], [ 36.8716, -0.174 ], [ 36.8691, -0.179 ], [ 36.8659, -0.1783 ], [ 36.8659, -0.1845 ], [ 36.8598, -0.1861 ], [ 36.8532, -0.1943 ], [ 36.8397, -0.1954 ], [ 36.8448, -0.21 ], [ 36.8412, -0.2116 ], [ 36.8566, -0.2526 ], [ 36.8715, -0.245 ], [ 36.8729, -0.2504 ], [ 36.8795, -0.2561 ], [ 36.958, -0.28 ], [ 36.9874, -0.2931 ], [ 36.9983, -0.269 ], [ 36.9886, -0.2543 ], [ 36.9979, -0.2509 ], [ 37.0102, -0.2401 ], [ 37.0133, -0.229 ], [ 37.0082, -0.2197 ], [ 37.0194, -0.1737 ], [ 37.0148, -0.1603 ], [ 37.0076, -0.1515 ], [ 37.0079, -0.147 ], [ 36.9958, -0.1426 ], [ 36.9857, -0.1327 ], [ 36.978, -0.0686 ], [ 36.9976, -0.0625 ], [ 37.0253, -0.0469 ], [ 37.0513, -0.0126 ], [ 37.0522, -0.0067 ], [ 37.0612, 0.0016 ], [ 37.0689, -0.0008 ], [ 37.0786, 0.0154 ], [ 37.0794, -0.0027 ], [ 37.1127, -0.0355 ], [ 37.1206, -0.0184 ], [ 37.1113, -0.0101 ], [ 37.1013, 0.0113 ], [ 37.0881, 0.0228 ], [ 37.1089, 0.0385 ] ] ] } },
{ "type": "Feature", "properties": { "iso3": "KEN", "unit_id": "43622606B79089795731070", "unit_name": "Laikipia East" }, "geometry": { "type": "Polygon", "coordinates": [ [ [ 36.3897, 0.0297 ], [ 36.3905, 0.0364 ], [ 36.3996, 0.0304 ], [ 36.4018, 0.0311 ], [ 36.4004, 0.0382 ], [ 36.4035, 0.0401 ], [ 36.4188, 0.0413 ], [ 36.4264, 0.0465 ], [ 36.4014, 0.0579 ], [ 36.423, 0.0852 ], [ 36.4435, 0.0928 ], [ 36.4431, 0.0972 ], [ 36.4459, 0.0952 ], [ 36.4652, 0.1402 ], [ 36.5115, 0.0891 ], [ 36.5235, 0.0504 ], [ 36.5772, 0.0703 ], [ 36.5913, 0.0451 ], [ 36.5936, 0.0258 ], [ 36.6034, 0.0055 ], [ 36.6371, 0.0169 ], [ 36.6321, 0.0288 ], [ 36.6331, 0.0368 ], [ 36.6388, 0.0402 ], [ 36.6512, 0.0403 ], [ 36.6604, 0.0505 ], [ 36.6654, 0.0632 ], [ 36.6735, 0.0702 ], [ 36.6793, 0.0956 ], [ 36.6863, 0.1068 ], [ 36.6972, 0.1128 ], [ 36.7013, 0.1199 ], [ 36.7085, 0.1222 ], [ 36.7193, 0.1402 ], [ 36.7263, 0.1692 ], [ 36.7392, 0.1882 ], [ 36.7471, 0.1974 ], [ 36.7582, 0.1975 ], [ 36.7709, 0.2111 ], [ 36.7811, 0.2151 ], [ 36.7923, 0.23 ], [ 36.7613, 0.2642 ], [ 36.7828, 0.2786 ], [ 36.7691, 0.3072 ], [ 36.7752, 0.3198 ], [ 36.7354, 0.3673 ], [ 36.7802, 0.3796 ], [ 36.7788, 0.3625 ], [ 36.8279, 0.3589 ], [ 36.8305, 0.3867 ], [ 36.8477, 0.3885 ], [ 36.8306, 0.4085 ], [ 36.8231, 0.4228 ], [ 36.8361, 0.447 ], [ 36.8215, 0.4884 ], [ 36.8181, 0.4848 ], [ 36.8186, 0.4804 ], [ 36.812, 0.4764 ], [ 36.7806, 0.477 ], [ 36.7749, 0.4809 ], [ 36.7526, 0.4729 ], [ 36.7513, 0.4589 ], [ 36.7422, 0.4566 ], [ 36.7424, 0.4456 ], [ 36.746, 0.4417 ], [ 36.7409, 0.4389 ], [ 36.7085, 0.4373 ], [ 36.7034, 0.4268 ], [ 36.6833, 0.4274 ], [ 36.6725, 0.4209 ], [ 36.6621, 0.4049 ], [ 36.6627, 0.398 ], [ 36.6546, 0.3919 ], [ 36.6554, 0.3839 ], [ 36.6457, 0.3629 ], [ 36.6329, 0.3553 ], [ 36.5908, 0.4216 ], [ 36.597, 0.4375 ], [ 36.5873, 0.4804 ], [ 36.5633, 0.5482 ], [ 36.5733, 0.5722 ], [ 36.5884, 0.6348 ], [ 36.5346, 0.6614 ], [ 36.4572, 0.6912 ], [ 36.405, 0.7191 ], [ 36.3475, 0.662 ], [ 36.2891, 0.6467 ], [ 36.278, 0.633 ], [ 36.2941, 0.5664 ], [ 36.2292, 0.4219 ], [ 36.2275, 0.3986 ], [ 36.2594, 0.376 ], [ 36.261, 0.3429 ], [ 36.2456, 0.3296 ], [ 36.2478, 0.343 ], [ 36.2309, 0.3358 ], [ 36.226, 0.3225 ], [ 36.24, 0.3154 ], [ 36.2506, 0.299 ], [ 36.2597, 0.2913 ], [ 36.2651, 0.2779 ], [ 36.2797, 0.2741 ], [ 36.2818, 0.2673 ], [ 36.2793, 0.2579 ], [ 36.2918, 0.2545 ], [ 36.296, 0.2401 ], [ 36.2961, 0.2299 ], [ 36.288, 0.2073 ], [ 36.2639, 0.1869 ], [ 36.2541, 0.1839 ], [ 36.2773, 0.1498 ], [ 36.289, 0.1135 ], [ 36.2712, 0.09 ], [ 36.2566, 0.0586 ], [ 36.2621, 0.0357 ], [ 36.269, 0.0219 ], [ 36.2654, 0.0212 ], [ 36.257, -0.0195 ], [ 36.2673, -0.0181 ], [ 36.2738, 0.0029 ], [ 36.2934, 0.0138 ], [ 36.2953, 0.0046 ], [ 36.3009, 0.0054 ], [ 36.3045, 0.0181 ], [ 36.3291, 0.0219 ], [ 36.3279, 0.027 ], [ 36.3475, 0.0338 ], [ 36.3528, 0.0183 ], [ 36.3897, 0.0297 ] ] ] } },
{ "type": "Feature", "properties": { "iso3": "KEN", "unit_id": "43622606B80078229983656", "unit_name": "Laikipia North" }, "geometry": { "type": "Polygon", "coordinates": [ [ [ 36.9308, 0.7445 ], [ 36.9203, 0.7393 ], [ 36.9151, 0.7291 ], [ 36.9084, 0.7315 ], [ 36.9081, 0.7374 ], [ 36.9025, 0.7412 ], [ 36.8868, 0.7362 ], [ 36.865, 0.7394 ], [ 36.8424, 0.7895 ], [ 36.8434, 0.7967 ], [ 36.8344, 0.8029 ], [ 36.833, 0.8153 ], [ 36.8193, 0.8428 ], [ 36.8192, 0.8559 ], [ 36.7931, 0.8713 ], [ 36.7569, 0.8606 ], [ 36.7353, 0.8293 ], [ 36.7131, 0.8199 ], [ 36.7022, 0.8232 ], [ 36.6806, 0.8207 ], [ 36.6748, 0.815 ], [ 36.4849, 0.8148 ], [ 36.4839, 0.8244 ], [ 36.4897, 0.8478 ], [ 36.4756, 0.839 ], [ 36.469, 0.8224 ], [ 36.405, 0.7191 ], [ 36.4572, 0.6912 ], [ 36.5346, 0.6614 ], [ 36.5884, 0.6348 ], [ 36.5733, 0.5722 ], [ 36.5633, 0.5482 ], [ 36.5873, 0.4804 ], [ 36.597, 0.4375 ], [ 36.5908, 0.4216 ], [ 36.6329, 0.3553 ], [ 36.6457, 0.3629 ], [ 36.6554, 0.3839 ], [ 36.6546, 0.3919 ], [ 36.6627, 0.398 ], [ 36.6621, 0.4049 ], [ 36.6725, 0.4209 ], [ 36.6833, 0.4274 ], [ 36.7034, 0.4268 ], [ 36.7085, 0.4373 ], [ 36.7409, 0.4389 ], [ 36.746, 0.4417 ], [ 36.7424, 0.4456 ], [ 36.7422, 0.4566 ], [ 36.7513, 0.4589 ], [ 36.7526, 0.4729 ], [ 36.7749, 0.4809 ], [ 36.7806, 0.477 ], [ 36.812, 0.4764 ], [ 36.8186, 0.4804 ], [ 36.8181, 0.4848 ], [ 36.8215, 0.4884 ], [ 36.8361, 0.447 ], [ 36.8231, 0.4228 ], [ 36.8306, 0.4085 ], [ 36.8477, 0.3885 ], [ 36.8305, 0.3867 ], [ 36.8279, 0.3589 ], [ 36.7788, 0.3625 ], [ 36.7802, 0.3796 ], [ 36.7354, 0.3673 ], [ 36.7752, 0.3198 ], [ 36.7691, 0.3072 ], [ 36.7828, 0.2786 ], [ 36.7613, 0.2642 ], [ 36.7923, 0.23 ], [ 36.7811, 0.2151 ], [ 36.7709, 0.2111 ], [ 36.7582, 0.1975 ], [ 36.7471, 0.1974 ], [ 36.7392, 0.1882 ], [ 36.7263, 0.1692 ], [ 36.72, 0.1437 ], [ 36.8063, 0.133 ], [ 36.8081, 0.1164 ], [ 36.8952, 0.1097 ], [ 36.9012, 0.0975 ], [ 36.8992, 0.0898 ], [ 36.9022, 0.0905 ], [ 36.9035, 0.0876 ], [ 36.9013, 0.0857 ], [ 36.9042, 0.0682 ], [ 36.8995, 0.0586 ], [ 36.9028, 0.0519 ], [ 36.9008, 0.0441 ], [ 36.9146, 0.029 ], [ 36.9101, 0.0121 ], [ 36.9212, -0.0001 ], [ 36.9315, 0.0014 ], [ 36.9561, -0.0114 ], [ 36.9712, -0.0143 ], [ 36.9812, -0.0129 ], [ 37.0002, 0.0215 ], [ 36.9836, 0.0267 ], [ 36.9708, 0.0663 ], [ 37.041, 0.0938 ], [ 37.0555, 0.0733 ], [ 37.0521, 0.064 ], [ 37.1085, 0.0677 ], [ 37.1089, 0.0385 ], [ 37.1295, 0.0384 ], [ 37.148, 0.0447 ], [ 37.153, 0.0509 ], [ 37.1869, 0.0571 ], [ 37.1988, 0.0639 ], [ 37.2017, 0.0617 ], [ 37.2021, 0.0676 ], [ 37.2205, 0.0733 ], [ 37.2322, 0.0807 ], [ 37.2343, 0.1045 ], [ 37.2463, 0.1089 ], [ 37.2523, 0.097 ], [ 37.262, 0.1115 ], [ 37.2813, 0.1302 ], [ 37.2825, 0.1522 ], [ 37.3081, 0.1784 ], [ 37.3203, 0.1832 ], [ 37.3334, 0.1808 ], [ 37.3408, 0.1847 ], [ 37.3363, 0.1939 ], [ 37.3482, 0.1954 ], [ 37.3482, 0.2103 ], [ 37.3552, 0.2211 ], [ 37.3565, 0.2379 ], [ 37.3633, 0.2401 ], [ 37.3664, 0.2489 ], [ 37.3602, 0.2555 ], [ 37.3725, 0.2656 ], [ 37.3734, 0.2726 ], [ 37.3853, 0.2769 ], [ 37.3875, 0.2874 ], [ 37.3941, 0.2929 ], [ 37.392, 0.2981 ], [ 37.3956, 0.3024 ], [ 37.3916, 0.3134 ], [ 37.3939, 0.3184 ], [ 37.3919, 0.3554 ], [ 37.3838, 0.3583 ], [ 37.3824, 0.3636 ], [ 37.3791, 0.3647 ], [ 37.3791, 0.3805 ], [ 37.3701, 0.3848 ], [ 37.3694, 0.3975 ], [ 37.3629, 0.4097 ], [ 37.3533, 0.4145 ], [ 37.3486, 0.4437 ], [ 37.3492, 0.4606 ], [ 37.3571, 0.4685 ], [ 37.3602, 0.4775 ], [ 37.3622, 0.4884 ], [ 37.3596, 0.5022 ], [ 37.3689, 0.5125 ], [ 36.8638, 0.572 ], [ 36.8675, 0.5783 ], [ 36.8676, 0.5979 ], [ 36.8715, 0.599 ], [ 36.8751, 0.6055 ], [ 36.8792, 0.6058 ], [ 36.8835, 0.6134 ], [ 36.888, 0.6105 ], [ 36.8904, 0.6233 ], [ 36.8938, 0.6227 ], [ 36.8972, 0.6311 ], [ 36.9076, 0.6324 ], [ 36.9133, 0.6623 ], [ 36.9221, 0.662 ], [ 36.9266, 0.676 ], [ 36.9261, 0.7242 ], [ 36.9311, 0.735 ], [ 36.9308, 0.7445 ] ] ] } },
{ "type": "Feature", "properties": { "iso3": "KEN", "unit_id": "43622606B84132610063482", "unit_name": "Molo" }, "geometry": { "type": "Polygon", "coordinates": [ [ [ 35.772, -0.1921 ], [ 35.7153, -0.2057 ], [ 35.7167, -0.2032 ], [ 35.7138, -0.2032 ], [ 35.702, -0.2087 ], [ 35.6916, -0.2236 ], [ 35.702, -0.2427 ], [ 35.7091, -0.2396 ], [ 35.7104, -0.2439 ], [ 35.7123, -0.2416 ], [ 35.7184, -0.2434 ], [ 35.7178, -0.2463 ], [ 35.7252, -0.2388 ], [ 35.7294, -0.2474 ], [ 35.738, -0.2551 ], [ 35.7317, -0.2537 ], [ 35.7172, -0.2598 ], [ 35.7118, -0.2712 ], [ 35.6963, -0.2816 ], [ 35.6896, -0.2896 ], [ 35.6834, -0.3153 ], [ 35.6864, -0.3286 ], [ 35.6964, -0.3366 ], [ 35.727, -0.3878 ], [ 35.7309, -0.3856 ], [ 35.735, -0.3976 ], [ 35.7379, -0.3972 ], [ 35.7334, -0.405 ], [ 35.7395, -0.4218 ], [ 35.7378, -0.4271 ], [ 35.7341, -0.429 ], [ 35.7289, -0.4268 ], [ 35.7235, -0.4312 ], [ 35.7252, -0.4496 ], [ 35.7213, -0.4713 ], [ 35.7494, -0.484 ], [ 35.7451, -0.5018 ], [ 35.7461, -0.5168 ], [ 35.7424, -0.526 ], [ 35.7341, -0.5315 ], [ 35.7221, -0.5471 ], [ 35.7116, -0.5512 ], [ 35.7112, -0.5571 ], [ 35.7125, -0.5539 ], [ 35.7248, -0.5488 ], [ 35.7353, -0.534 ], [ 35.7413, -0.5309 ], [ 35.7744, -0.538 ], [ 35.7792, -0.5141 ], [ 35.7957, -0.4748 ], [ 35.7977, -0.4554 ], [ 35.8129, -0.4564 ], [ 35.817, -0.4665 ], [ 35.8155, -0.4767 ], [ 35.8291, -0.4734 ], [ 35.8331, -0.4673 ], [ 35.8378, -0.4678 ], [ 35.8383, -0.4538 ], [ 35.8422, -0.4454 ], [ 35.8366, -0.4418 ], [ 35.8367, -0.4324 ], [ 35.8457, -0.4235 ], [ 35.8576, -0.3958 ], [ 35.8731, -0.3763 ], [ 35.8533, -0.3685 ], [ 35.8585, -0.3609 ], [ 35.8655, -0.362 ], [ 35.8727, -0.3585 ], [ 35.8869, -0.3184 ], [ 35.882, -0.3151 ], [ 35.8695, -0.3159 ], [ 35.8675, -0.2959 ], [ 35.8697, -0.2794 ], [ 35.8598, -0.2778 ], [ 35.8578, -0.2607 ], [ 35.8045, -0.2402 ], [ 35.8126, -0.2227 ], [ 35.8126, -0.2112 ], [ 35.831, -0.1951 ], [ 35.7856, -0.1696 ], [ 35.772, -0.1921 ] ] ] } },
{ "type": "Feature", "properties": { "iso3": "KEN", "unit_id": "43622606B75526324047716", "unit_name": "Njoro" }, "geometry": { "type": "Polygon", "coordinates": [ [ [ 35.8383, -0.4538 ], [ 35.8399, -0.4735 ], [ 35.8335, -0.493 ], [ 35.8901, -0.5235 ], [ 35.9053, -0.5441 ], [ 35.9305, -0.5482 ], [ 35.9362, -0.5567 ], [ 35.9453, -0.5557 ], [ 35.9481, -0.558 ], [ 35.949, -0.5667 ], [ 35.9529, -0.5691 ], [ 35.9812, -0.626 ], [ 35.9833, -0.6315 ], [ 35.9516, -0.6664 ], [ 35.917, -0.6359 ], [ 35.8766, -0.6385 ], [ 35.8784, -0.6483 ], [ 35.8932, -0.6471 ], [ 35.9305, -0.6944 ], [ 35.9314, -0.7057 ], [ 35.9468, -0.7138 ], [ 36.0123, -0.6639 ], [ 36.0291, -0.6795 ], [ 36.0525, -0.6639 ], [ 36.0976, -0.6408 ], [ 36.0627, -0.587 ], [ 36.0546, -0.5603 ], [ 36.0729, -0.5542 ], [ 36.0669, -0.5307 ], [ 36.0782, -0.5244 ], [ 36.0745, -0.4904 ], [ 36.0769, -0.4903 ], [ 36.0627, -0.4048 ], [ 36.0669, -0.4047 ], [ 36.0662, -0.3981 ], [ 36.058, -0.4031 ], [ 36.0421, -0.3754 ], [ 36.0203, -0.3645 ], [ 35.9984, -0.2962 ], [ 35.9873, -0.3032 ], [ 35.9722, -0.3235 ], [ 35.957, -0.3131 ], [ 35.9505, -0.3175 ], [ 35.9423, -0.3136 ], [ 35.9171, -0.2962 ], [ 35.9141, -0.3016 ], [ 35.8918, -0.2836 ], [ 35.8773, -0.2772 ], [ 35.8697, -0.2794 ], [ 35.8675, -0.2959 ], [ 35.8695, -0.3159 ], [ 35.882, -0.3151 ], [ 35.8866, -0.3208 ], [ 35.8727, -0.3585 ], [ 35.8655, -0.362 ], [ 35.8585, -0.3609 ], [ 35.8533, -0.3685 ], [ 35.8731, -0.3763 ], [ 35.8576, -0.3958 ], [ 35.8457, -0.4235 ], [ 35.8367, -0.4324 ], [ 35.8366, -0.4418 ], [ 35.8422, -0.4454 ], [ 35.8383, -0.4538 ] ] ] } },
{ "type": "Feature", "properties": { "iso3": "KEN", "unit_id": "43622606B64127650394780", "unit_name": "Naivasha" }, "geometry": { "type": "Polygon", "coordinates": [ [ [ 36.5121, -0.6089 ], [ 36.5061, -0.6209 ], [ 36.4897, -0.6224 ], [ 36.4833, -0.6349 ], [ 36.4875, -0.6418 ], [ 36.4781, -0.6606 ], [ 36.4775, -0.6815 ], [ 36.4497, -0.6836 ], [ 36.4451, -0.6755 ], [ 36.4345, -0.6701 ], [ 36.4347, -0.6498 ], [ 36.4295, -0.6346 ], [ 36.4255, -0.6382 ], [ 36.4204, -0.6349 ], [ 36.4187, -0.6466 ], [ 36.4149, -0.6467 ], [ 36.4085, -0.6537 ], [ 36.4078, -0.6591 ], [ 36.3847, -0.6664 ], [ 36.3752, -0.6799 ], [ 36.3673, -0.6846 ], [ 36.3664, -0.6912 ], [ 36.3721, -0.6944 ], [ 36.3715, -0.7047 ], [ 36.3654, -0.7109 ], [ 36.3517, -0.7131 ], [ 36.3514, -0.7234 ], [ 36.282, -0.7243 ], [ 36.2825, -0.7303 ], [ 36.274, -0.7429 ], [ 36.2282, -0.709 ], [ 36.2309, -0.6808 ], [ 36.2682, -0.6703 ], [ 36.2812, -0.6635 ], [ 36.2709, -0.6565 ], [ 36.2682, -0.6502 ], [ 36.2637, -0.6596 ], [ 36.1245, -0.6581 ], [ 36.0999, -0.6737 ], [ 36.139, -0.7097 ], [ 36.1427, -0.7119 ], [ 36.1466, -0.7091 ], [ 36.1536, -0.7126 ], [ 36.1618, -0.745 ], [ 36.1919, -0.7627 ], [ 36.1844, -0.7754 ], [ 36.1917, -0.7847 ], [ 36.1893, -0.8046 ], [ 36.1591, -0.8366 ], [ 36.1709, -0.8718 ], [ 36.1896, -0.9068 ], [ 36.1861, -0.9114 ], [ 36.1949, -0.913 ], [ 36.2061, -0.9313 ], [ 36.2641, -0.9127 ], [ 36.3359, -1.0435 ], [ 36.4932, -1.119 ], [ 36.5368, -1.1526 ], [ 36.5451, -1.1239 ], [ 36.567, -1.0986 ], [ 36.5699, -1.1005 ], [ 36.5911, -1.062 ], [ 36.5884, -1.0363 ], [ 36.5966, -0.9952 ], [ 36.6, -0.9914 ], [ 36.5961, -0.9828 ], [ 36.5917, -0.9833 ], [ 36.5873, -0.9758 ], [ 36.5878, -0.9629 ], [ 36.5795, -0.9455 ], [ 36.5749, -0.942 ], [ 36.5691, -0.9432 ], [ 36.5617, -0.9366 ], [ 36.5727, -0.9297 ], [ 36.5542, -0.9242 ], [ 36.5544, -0.9186 ], [ 36.5443, -0.9059 ], [ 36.5545, -0.8705 ], [ 36.5526, -0.8526 ], [ 36.5615, -0.8398 ], [ 36.5311, -0.7294 ], [ 36.521, -0.7084 ], [ 36.5442, -0.6946 ], [ 36.5212, -0.6509 ], [ 36.5262, -0.6472 ], [ 36.5262, -0.6425 ], [ 36.5239, -0.6351 ], [ 36.5166, -0.6303 ], [ 36.5199, -0.6237 ], [ 36.5124, -0.6185 ], [ 36.5121, -0.6089 ] ] ] } },
{ "type": "Feature", "properties": { "iso3": "KEN", "unit_id": "43622606B92199646107961", "unit_name": "Gilgil" }, "geometry": { "type": "Polygon", "coordinates": [ [ [ 36.387, -0.4583 ], [ 36.3891, -0.4411 ], [ 36.3861, -0.4254 ], [ 36.3799, -0.4215 ], [ 36.3804, -0.4078 ], [ 36.378, -0.4022 ], [ 36.365, -0.3934 ], [ 36.3602, -0.3761 ], [ 36.3343, -0.3867 ], [ 36.3139, -0.3838 ], [ 36.3111, -0.3667 ], [ 36.293, -0.3713 ], [ 36.2758, -0.3904 ], [ 36.263, -0.3408 ], [ 36.2524, -0.3403 ], [ 36.246, -0.3447 ], [ 36.232, -0.3415 ], [ 36.2287, -0.351 ], [ 36.2213, -0.3267 ], [ 36.1944, -0.3339 ], [ 36.1564, -0.3108 ], [ 36.1572, -0.3196 ], [ 36.1434, -0.3238 ], [ 36.1541, -0.3635 ], [ 36.1556, -0.4482 ], [ 36.123, -0.4489 ], [ 36.1241, -0.4578 ], [ 36.116, -0.473 ], [ 36.1103, -0.4713 ], [ 36.1015, -0.4843 ], [ 36.0954, -0.4876 ], [ 36.0966, -0.4967 ], [ 36.0822, -0.5001 ], [ 36.0745, -0.4904 ], [ 36.0782, -0.5244 ], [ 36.0669, -0.5307 ], [ 36.0729, -0.5542 ], [ 36.0546, -0.5603 ], [ 36.0627, -0.587 ], [ 36.0954, -0.6341 ], [ 36.0999, -0.6737 ], [ 36.1245, -0.6581 ], [ 36.2637, -0.6596 ], [ 36.2682, -0.6502 ], [ 36.2709, -0.6565 ], [ 36.2812, -0.6635 ], [ 36.2682, -0.6703 ], [ 36.2309, -0.6808 ], [ 36.2282, -0.709 ], [ 36.274, -0.7429 ], [ 36.2825, -0.7303 ], [ 36.282, -0.7243 ], [ 36.3514, -0.7234 ], [ 36.3517, -0.7131 ], [ 36.3654, -0.7109 ], [ 36.3715, -0.7047 ], [ 36.3721, -0.6944 ], [ 36.3664, -0.6912 ], [ 36.3673, -0.6846 ], [ 36.3752, -0.6799 ], [ 36.3847, -0.6664 ], [ 36.4078, -0.6591 ], [ 36.4085, -0.6537 ], [ 36.4149, -0.6467 ], [ 36.4187, -0.6466 ], [ 36.4204, -0.6349 ], [ 36.4255, -0.6382 ], [ 36.4295, -0.6346 ], [ 36.4347, -0.6498 ], [ 36.4345, -0.6701 ], [ 36.4451, -0.6755 ], [ 36.4497, -0.6836 ], [ 36.4775, -0.6815 ], [ 36.4781, -0.6606 ], [ 36.4875, -0.6418 ], [ 36.4833, -0.6349 ], [ 36.4897, -0.6224 ], [ 36.468, -0.6245 ], [ 36.4562, -0.6102 ], [ 36.4515, -0.5636 ], [ 36.4312, -0.5698 ], [ 36.407, -0.5729 ], [ 36.4033, -0.5707 ], [ 36.406, -0.5508 ], [ 36.4005, -0.5333 ], [ 36.4052, -0.52 ], [ 36.4007, -0.5141 ], [ 36.4027, -0.5039 ], [ 36.3973, -0.4997 ], [ 36.3981, -0.4874 ], [ 36.3932, -0.475 ], [ 36.3951, -0.4719 ], [ 36.387, -0.4583 ] ] ] } },
{ "type": "Feature", "properties": { "iso3": "KEN", "unit_id": "43622606B5976460463058", "unit_name": "Kuresoi South" }, "geometry": { "type": "Polygon", "coordinates": [ [ [ 35.7309, -0.3856 ], [ 35.6994, -0.4105 ], [ 35.6917, -0.4118 ], [ 35.6827, -0.4063 ], [ 35.6728, -0.4072 ], [ 35.6388, -0.4236 ], [ 35.6329, -0.4103 ], [ 35.6112, -0.3995 ], [ 35.5954, -0.3998 ], [ 35.5765, -0.4112 ], [ 35.5711, -0.4039 ], [ 35.5681, -0.3873 ], [ 35.5659, -0.3875 ], [ 35.5341, -0.4207 ], [ 35.5386, -0.4267 ], [ 35.5325, -0.4338 ], [ 35.5219, -0.4378 ], [ 35.5094, -0.4539 ], [ 35.5065, -0.4529 ], [ 35.5873, -0.5872 ], [ 35.6001, -0.6574 ], [ 35.6107, -0.6722 ], [ 35.6294, -0.6846 ], [ 35.6423, -0.7011 ], [ 35.6468, -0.7024 ], [ 35.6543, -0.6855 ], [ 35.665, -0.6798 ], [ 35.6699, -0.6631 ], [ 35.6731, -0.6591 ], [ 35.6779, -0.6595 ], [ 35.6825, -0.6519 ], [ 35.6868, -0.6391 ], [ 35.6859, -0.6231 ], [ 35.6937, -0.6024 ], [ 35.7095, -0.586 ], [ 35.7129, -0.578 ], [ 35.7145, -0.5716 ], [ 35.7095, -0.5558 ], [ 35.7116, -0.5512 ], [ 35.7221, -0.5471 ], [ 35.7341, -0.5315 ], [ 35.7424, -0.526 ], [ 35.7461, -0.5168 ], [ 35.7451, -0.5018 ], [ 35.7494, -0.484 ], [ 35.7213, -0.4713 ], [ 35.7252, -0.4496 ], [ 35.7235, -0.4312 ], [ 35.7289, -0.4268 ], [ 35.7341, -0.429 ], [ 35.7378, -0.4271 ], [ 35.7395, -0.4218 ], [ 35.7334, -0.405 ], [ 35.7379, -0.3972 ], [ 35.735, -0.3976 ], [ 35.7309, -0.3856 ] ] ] } },
{ "type": "Feature", "properties": { "iso3": "KEN", "unit_id": "43622606B88073533058223", "unit_name": "Kuresoi North" }, "geometry": { "type": "Polygon", "coordinates": [ [ [ 35.6396, -0.0593 ], [ 35.624, -0.0782 ], [ 35.6155, -0.082 ], [ 35.6142, -0.0896 ], [ 35.6215, -0.0953 ], [ 35.6231, -0.1012 ], [ 35.6126, -0.109 ], [ 35.6112, -0.1172 ], [ 35.5989, -0.1205 ], [ 35.5976, -0.1287 ], [ 35.6011, -0.1434 ], [ 35.6053, -0.1525 ], [ 35.6126, -0.1566 ], [ 35.6265, -0.1488 ], [ 35.6313, -0.1507 ], [ 35.64, -0.1485 ], [ 35.6469, -0.1495 ], [ 35.6556, -0.1627 ], [ 35.6693, -0.1616 ], [ 35.6661, -0.1832 ], [ 35.675, -0.187 ], [ 35.6642, -0.1928 ], [ 35.6619, -0.2037 ], [ 35.6569, -0.2043 ], [ 35.6576, -0.2329 ], [ 35.6502, -0.2645 ], [ 35.6453, -0.27 ], [ 35.6315, -0.2749 ], [ 35.6312, -0.2865 ], [ 35.6198, -0.2928 ], [ 35.6181, -0.2888 ], [ 35.6113, -0.2877 ], [ 35.6059, -0.2929 ], [ 35.6018, -0.2828 ], [ 35.5935, -0.2758 ], [ 35.5921, -0.2835 ], [ 35.585, -0.2907 ], [ 35.5811, -0.3072 ], [ 35.5693, -0.3023 ], [ 35.5723, -0.2812 ], [ 35.5291, -0.2585 ], [ 35.5244, -0.2686 ], [ 35.5056, -0.2676 ], [ 35.4707, -0.2763 ], [ 35.4521, -0.2869 ], [ 35.4139, -0.3009 ], [ 35.4726, -0.3995 ], [ 35.5094, -0.4539 ], [ 35.5219, -0.4378 ], [ 35.5325, -0.4338 ], [ 35.5386, -0.4267 ], [ 35.5341, -0.4207 ], [ 35.5659, -0.3875 ], [ 35.5681, -0.3873 ], [ 35.5711, -0.4039 ], [ 35.5765, -0.4112 ], [ 35.5954, -0.3998 ], [ 35.6112, -0.3995 ], [ 35.6329, -0.4103 ], [ 35.6388, -0.4236 ], [ 35.6728, -0.4072 ], [ 35.6827, -0.4063 ], [ 35.6917, -0.4118 ], [ 35.6994, -0.4105 ], [ 35.727, -0.3878 ], [ 35.6964, -0.3366 ], [ 35.6864, -0.3286 ], [ 35.6834, -0.3153 ], [ 35.6896, -0.2896 ], [ 35.6963, -0.2816 ], [ 35.7118, -0.2712 ], [ 35.7172, -0.2598 ], [ 35.7317, -0.2537 ], [ 35.738, -0.2551 ], [ 35.7294, -0.2474 ], [ 35.7252, -0.2388 ], [ 35.7178, -0.2463 ], [ 35.7184, -0.2434 ], [ 35.7123, -0.2416 ], [ 35.7104, -0.2439 ], [ 35.7091, -0.2396 ], [ 35.702, -0.2427 ], [ 35.6916, -0.2236 ], [ 35.702, -0.2087 ], [ 35.7138, -0.2032 ], [ 35.7167, -0.2032 ], [ 35.7153, -0.2057 ], [ 35.724, -0.2031 ], [ 35.7229, -0.1713 ], [ 35.7299, -0.1552 ], [ 35.7041, -0.1168 ], [ 35.6934, -0.1069 ], [ 35.6887, -0.0909 ], [ 35.689, -0.0724 ], [ 35.6661, -0.0726 ], [ 35.6534, -0.0759 ], [ 35.6671, -0.0477 ], [ 35.6396, -0.0593 ] ] ] } },
{ "type": "Feature", "properties": { "iso3": "KEN", "unit_id": "43622606B3267066321251", "unit_name": "Subukia" }, "geometry": { "type": "Polygon", "coordinates": [ [ [ 36.2526, -0.0315 ], [ 36.2654, 0.0212 ], [ 36.269, 0.0219 ], [ 36.2621, 0.0357 ], [ 36.2566, 0.0586 ], [ 36.2712, 0.09 ], [ 36.289, 0.1135 ], [ 36.2773, 0.1498 ], [ 36.2604, 0.1773 ], [ 36.2357, 0.2114 ], [ 36.2017, 0.2358 ], [ 36.1802, 0.2299 ], [ 36.1853, 0.2243 ], [ 36.1972, 0.2194 ], [ 36.2001, 0.1962 ], [ 36.2095, 0.1872 ], [ 36.2193, 0.1868 ], [ 36.2327, 0.16 ], [ 36.2411, 0.1572 ], [ 36.2446, 0.1431 ], [ 36.2298, 0.1247 ], [ 36.2242, 0.1029 ], [ 36.1908, 0.1044 ], [ 36.1771, 0.0604 ], [ 36.1751, 0.0051 ], [ 36.1626, -0.0073 ], [ 36.1529, -0.0275 ], [ 36.1478, -0.0265 ], [ 36.1401, -0.0326 ], [ 36.1305, -0.0281 ], [ 36.1238, -0.0451 ], [ 36.1286, -0.0534 ], [ 36.1222, -0.0514 ], [ 36.1166, -0.071 ], [ 36.1033, -0.0664 ], [ 36.0952, -0.0677 ], [ 36.0939, -0.0642 ], [ 36.0862, -0.0619 ], [ 36.0857, -0.0851 ], [ 36.0776, -0.0804 ], [ 36.0765, -0.0822 ], [ 36.075, -0.1169 ], [ 36.06, -0.0972 ], [ 36.0612, -0.0743 ], [ 36.058, -0.0722 ], [ 36.0524, -0.0721 ], [ 36.0479, -0.0782 ], [ 36.048, -0.0867 ], [ 36.0456, -0.0785 ], [ 36.0369, -0.079 ], [ 36.0347, -0.084 ], [ 36.0185, -0.0857 ], [ 36.0202, -0.1268 ], [ 36.0306, -0.1301 ], [ 36.0249, -0.1514 ], [ 36.0556, -0.1679 ], [ 36.0553, -0.1846 ], [ 36.0902, -0.1843 ], [ 36.0892, -0.1363 ], [ 36.106, -0.1306 ], [ 36.1114, -0.1174 ], [ 36.1216, -0.1209 ], [ 36.1266, -0.1323 ], [ 36.1307, -0.1329 ], [ 36.1442, -0.1474 ], [ 36.1636, -0.1347 ], [ 36.171, -0.1244 ], [ 36.1823, -0.1169 ], [ 36.1975, -0.1146 ], [ 36.2121, -0.1193 ], [ 36.2194, -0.1109 ], [ 36.2207, -0.1032 ], [ 36.2285, -0.1045 ], [ 36.2277, -0.1124 ], [ 36.2467, -0.1157 ], [ 36.2515, -0.082 ], [ 36.2507, -0.0578 ], [ 36.2466, -0.0579 ], [ 36.2482, -0.0494 ], [ 36.2526, -0.045 ], [ 36.2551, -0.0328 ], [ 36.2526, -0.0315 ] ] ] } },
{ "type": "Feature", "properties": { "iso3": "KEN", "unit_id": "43622606B93438554427901", "unit_name": "Rongai" }, "geometry": { "type": "Polygon", "coordinates": [ [ [ 35.8771, -0.0336 ], [ 35.847, -0.0811 ], [ 35.8204, -0.1157 ], [ 35.8063, -0.0968 ], [ 35.799, -0.1019 ], [ 35.7959, -0.109 ], [ 35.7905, -0.11 ], [ 35.7904, -0.161 ], [ 35.7856, -0.1696 ], [ 35.831, -0.1951 ], [ 35.8126, -0.2112 ], [ 35.8126, -0.2227 ], [ 35.8045, -0.2402 ], [ 35.8578, -0.2607 ], [ 35.8598, -0.2778 ], [ 35.8773, -0.2772 ], [ 35.8918, -0.2836 ], [ 35.9141, -0.3016 ], [ 35.9171, -0.2962 ], [ 35.9423, -0.3136 ], [ 35.9505, -0.3175 ], [ 35.957, -0.3131 ], [ 35.9722, -0.3235 ], [ 35.9873, -0.3032 ], [ 35.9984, -0.2962 ], [ 36.0087, -0.2943 ], [ 36.0114, -0.2743 ], [ 36.025, -0.2777 ], [ 36.0234, -0.2736 ], [ 36.0258, -0.2718 ], [ 36.0333, -0.2722 ], [ 36.0393, -0.2683 ], [ 36.0417, -0.2701 ], [ 36.0434, -0.2561 ], [ 36.0539, -0.2491 ], [ 36.0556, -0.1679 ], [ 36.0249, -0.1514 ], [ 36.0306, -0.1301 ], [ 36.0202, -0.1268 ], [ 36.0185, -0.0857 ], [ 36.0347, -0.084 ], [ 36.0369, -0.079 ], [ 36.0456, -0.0785 ], [ 36.048, -0.0867 ], [ 36.0479, -0.0782 ], [ 36.0524, -0.0721 ], [ 36.058, -0.0722 ], [ 36.0612, -0.0743 ], [ 36.06, -0.0972 ], [ 36.075, -0.1169 ], [ 36.0765, -0.0822 ], [ 36.0776, -0.0804 ], [ 36.0857, -0.0851 ], [ 36.0862, -0.0619 ], [ 36.0939, -0.0642 ], [ 36.0952, -0.0677 ], [ 36.1033, -0.0664 ], [ 36.1166, -0.071 ], [ 36.1222, -0.0514 ], [ 36.1286, -0.0534 ], [ 36.1238, -0.0451 ], [ 36.1305, -0.0281 ], [ 36.1401, -0.0326 ], [ 36.1478, -0.0265 ], [ 36.1529, -0.0275 ], [ 36.1626, -0.0073 ], [ 36.1751, 0.0051 ], [ 36.1771, 0.0604 ], [ 36.1908, 0.1044 ], [ 36.2242, 0.1029 ], [ 36.2298, 0.1247 ], [ 36.2446, 0.1431 ], [ 36.2411, 0.1572 ], [ 36.2327, 0.16 ], [ 36.2193, 0.1868 ], [ 36.2062, 0.1889 ], [ 36.1983, 0.1991 ], [ 36.1991, 0.2021 ], [ 36.1483, 0.1868 ], [ 36.1281, 0.0605 ], [ 36.1063, 0.0625 ], [ 36.1136, 0.0069 ], [ 36.0937, -0.0099 ], [ 36.0556, 0.0046 ], [ 36.0428, 0.0208 ], [ 36.0077, 0.0323 ], [ 36.0004, 0.0604 ], [ 35.9657, 0.0593 ], [ 35.9653, 0.0796 ], [ 35.9611, 0.0886 ], [ 35.9407, 0.0972 ], [ 35.9298, 0.0698 ], [ 35.9764, 0.021 ], [ 35.9777, 0.0104 ], [ 35.9702, -0.0128 ], [ 35.9609, -0.0239 ], [ 35.9606, -0.0295 ], [ 35.9482, -0.051 ], [ 35.9284, -0.0687 ], [ 35.9283, -0.0753 ], [ 35.9185, -0.0796 ], [ 35.9004, -0.0466 ], [ 35.8945, -0.0497 ], [ 35.8771, -0.0336 ] ] ] } },
{ "type": "Feature", "properties": { "iso3": "KEN", "unit_id": "43622606B97979705387833", "unit_name": "Bahati" }, "geometry": { "type": "Polygon", "coordinates": [ [ [ 36.2121, -0.1193 ], [ 36.1975, -0.1146 ], [ 36.1823, -0.1169 ], [ 36.171, -0.1244 ], [ 36.1636, -0.1347 ], [ 36.1442, -0.1474 ], [ 36.1307, -0.1329 ], [ 36.1266, -0.1323 ], [ 36.1216, -0.1209 ], [ 36.1114, -0.1174 ], [ 36.106, -0.1306 ], [ 36.0892, -0.1363 ], [ 36.0902, -0.1843 ], [ 36.0553, -0.1846 ], [ 36.0539, -0.2491 ], [ 36.0856, -0.2549 ], [ 36.1241, -0.2755 ], [ 36.1266, -0.2733 ], [ 36.1279, -0.2798 ], [ 36.1489, -0.2904 ], [ 36.1484, -0.2858 ], [ 36.1648, -0.2871 ], [ 36.1648, -0.302 ], [ 36.1544, -0.3043 ], [ 36.1564, -0.3108 ], [ 36.1944, -0.3339 ], [ 36.2213, -0.3267 ], [ 36.2139, -0.2922 ], [ 36.2128, -0.2675 ], [ 36.2461, -0.2526 ], [ 36.2373, -0.2278 ], [ 36.2246, -0.2093 ], [ 36.2189, -0.2093 ], [ 36.2118, -0.2006 ], [ 36.2115, -0.1857 ], [ 36.2008, -0.1342 ], [ 36.2121, -0.1193 ] ] ] } },
{ "type": "Feature", "properties": { "iso3": "KEN", "unit_id": "43622606B13621379302837", "unit_name": "Nakuru Town West" }, "geometry": { "type": "Polygon", "coordinates": [ [ [ 36.0763, -0.4876 ], [ 36.0893, -0.4899 ], [ 36.0923, -0.4765 ], [ 36.0907, -0.4575 ], [ 36.0939, -0.4557 ], [ 36.0939, -0.4348 ], [ 36.0987, -0.4187 ], [ 36.0921, -0.4037 ], [ 36.0937, -0.3087 ], [ 36.0876, -0.3114 ], [ 36.0833, -0.319 ], [ 36.0771, -0.3177 ], [ 36.0736, -0.321 ], [ 36.0633, -0.2995 ], [ 36.0621, -0.2843 ], [ 36.0624, -0.2808 ], [ 36.0817, -0.277 ], [ 36.0896, -0.257 ], [ 36.0539, -0.2491 ], [ 36.0434, -0.2561 ], [ 36.0417, -0.2701 ], [ 36.0393, -0.2683 ], [ 36.0333, -0.2722 ], [ 36.0258, -0.2718 ], [ 36.0234, -0.2736 ], [ 36.025, -0.2777 ], [ 36.0114, -0.2743 ], [ 36.0087, -0.2943 ], [ 35.9984, -0.2962 ], [ 36.0203, -0.3645 ], [ 36.0421, -0.3754 ], [ 36.058, -0.4031 ], [ 36.0662, -0.3981 ], [ 36.0669, -0.4047 ], [ 36.0627, -0.4048 ], [ 36.0763, -0.4876 ] ] ] } },
{ "type": "Feature", "properties": { "iso3": "KEN", "unit_id": "43622606B83101805941472", "unit_name": "Nakuru Town East" }, "geometry": { "type": "Polygon", "coordinates": [ [ [ 36.0763, -0.4876 ], [ 36.0822, -0.5001 ], [ 36.0966, -0.4967 ], [ 36.0954, -0.4876 ], [ 36.1015, -0.4843 ], [ 36.1103, -0.4713 ], [ 36.116, -0.473 ], [ 36.1241, -0.4578 ], [ 36.123, -0.4489 ], [ 36.1556, -0.4482 ], [ 36.1541, -0.3635 ], [ 36.1434, -0.3238 ], [ 36.1572, -0.3196 ], [ 36.1544, -0.3043 ], [ 36.1648, -0.302 ], [ 36.1648, -0.2871 ], [ 36.1484, -0.2858 ], [ 36.1489, -0.2904 ], [ 36.1279, -0.2798 ], [ 36.1266, -0.2733 ], [ 36.1241, -0.2755 ], [ 36.0896, -0.257 ], [ 36.0817, -0.277 ], [ 36.0624, -0.2808 ], [ 36.0621, -0.2843 ], [ 36.0633, -0.2995 ], [ 36.0736, -0.321 ], [ 36.0771, -0.3177 ], [ 36.0833, -0.319 ], [ 36.0876, -0.3114 ], [ 36.0937, -0.3087 ], [ 36.0921, -0.4037 ], [ 36.0987, -0.4187 ], [ 36.0939, -0.4348 ], [ 36.0939, -0.4557 ], [ 36.0907, -0.4575 ], [ 36.0923, -0.4765 ], [ 36.0893, -0.4899 ], [ 36.0763, -0.4876 ] ] ] } },
{ "type": "Feature", "properties": { "iso3": "KEN", "unit_id": "43622606B49633229932150", "unit_name": "Kilgoris" }, "geometry": { "type": "Polygon", "coordinates": [ [ [ 35.2206, -1.0178 ], [ 35.2131, -1.0262 ], [ 35.1943, -1.0346 ], [ 35.1873, -1.0323 ], [ 35.1786, -1.0536 ], [ 35.1767, -1.0502 ], [ 35.1679, -1.049 ], [ 35.1544, -1.0408 ], [ 35.1481, -1.0323 ], [ 35.1183, -1.0814 ], [ 35.1253, -1.086 ], [ 35.1351, -1.0859 ], [ 35.1423, -1.0924 ], [ 35.1164, -1.1207 ], [ 35.1179, -1.1148 ], [ 35.1146, -1.1119 ], [ 35.1152, -1.1061 ], [ 35.1047, -1.103 ], [ 35.0961, -1.091 ], [ 35.0829, -1.0965 ], [ 35.0692, -1.0882 ], [ 35.0745, -1.083 ], [ 35.059, -1.0756 ], [ 35.044, -1.0746 ], [ 35.0389, -1.0691 ], [ 35.0301, -1.0474 ], [ 35.0186, -1.0485 ], [ 35.0028, -1.0396 ], [ 34.9919, -1.0434 ], [ 34.9827, -1.0378 ], [ 34.9875, -1.0256 ], [ 35.0, -1.0283 ], [ 35.015, -1.0148 ], [ 35.0199, -1.0041 ], [ 35.0262, -1.0017 ], [ 35.0246, -0.9947 ], [ 35.0353, -0.9919 ], [ 35.0236, -0.9591 ], [ 35.0142, -0.9513 ], [ 35.0128, -0.9445 ], [ 35.0054, -0.9436 ], [ 35.0035, -0.9376 ], [ 35.006, -0.9319 ], [ 35.0023, -0.9334 ], [ 34.9999, -0.9286 ], [ 34.9952, -0.9273 ], [ 34.9983, -0.9191 ], [ 34.9938, -0.9135 ], [ 34.9901, -0.8933 ], [ 34.6788, -0.971 ], [ 34.6634, -0.9705 ], [ 34.649, -0.9633 ], [ 34.6415, -0.9665 ], [ 34.5901, -1.0162 ], [ 34.593, -1.0418 ], [ 34.6018, -1.0592 ], [ 34.619, -1.0775 ], [ 34.6152, -1.0901 ], [ 34.6196, -1.0948 ], [ 34.6231, -1.1148 ], [ 34.6307, -1.1248 ], [ 34.6334, -1.1382 ], [ 34.6249, -1.1547 ], [ 34.6399, -1.1631 ], [ 34.654, -1.1766 ], [ 34.6537, -1.1857 ], [ 34.6709, -1.1972 ], [ 34.6736, -1.2097 ], [ 34.6871, -1.211 ], [ 34.7309, -1.3889 ], [ 35.0174, -1.5505 ], [ 35.019, -1.5467 ], [ 35.0244, -1.5465 ], [ 35.0202, -1.5391 ], [ 35.0285, -1.539 ], [ 35.0215, -1.53 ], [ 35.0211, -1.5233 ], [ 35.025, -1.5204 ], [ 35.0163, -1.5173 ], [ 35.0218, -1.5151 ], [ 35.0218, -1.5105 ], [ 35.0269, -1.5107 ], [ 35.0247, -1.5039 ], [ 35.0296, -1.4931 ], [ 35.0368, -1.4918 ], [ 35.0314, -1.4863 ], [ 35.034, -1.485 ], [ 35.0311, -1.4759 ], [ 35.0353, -1.4705 ], [ 35.033, -1.4655 ], [ 35.0426, -1.4649 ], [ 35.0453, -1.4503 ], [ 35.0588, -1.4499 ], [ 35.0556, -1.4433 ], [ 35.0638, -1.4336 ], [ 35.0535, -1.4292 ], [ 35.0553, -1.4219 ], [ 35.0481, -1.415 ], [ 35.0461, -1.41 ], [ 35.0482, -1.4054 ], [ 35.0224, -1.39 ], [ 35.0176, -1.3783 ], [ 35.0121, -1.3822 ], [ 35.0032, -1.3728 ], [ 34.9987, -1.3771 ], [ 34.9954, -1.3706 ], [ 34.9996, -1.3684 ], [ 34.993, -1.3584 ], [ 34.9958, -1.3545 ], [ 34.9893, -1.3414 ], [ 34.9966, -1.3328 ], [ 34.9916, -1.3285 ], [ 34.998, -1.3236 ], [ 34.9997, -1.3274 ], [ 35.0095, -1.3179 ], [ 35.0169, -1.3188 ], [ 35.0159, -1.3214 ], [ 35.0194, -1.3176 ], [ 35.0286, -1.3181 ], [ 35.0305, -1.311 ], [ 35.0337, -1.3114 ], [ 35.0308, -1.3083 ], [ 35.0319, -1.3028 ], [ 35.0353, -1.304 ], [ 35.0376, -1.296 ], [ 35.041, -1.2946 ], [ 35.0347, -1.2887 ], [ 35.0408, -1.2787 ], [ 35.0383, -1.2767 ], [ 35.04, -1.269 ], [ 35.0433, -1.2691 ], [ 35.0318, -1.2515 ], [ 35.0398, -1.2386 ], [ 35.0336, -1.2299 ], [ 35.0376, -1.2274 ], [ 35.0358, -1.2238 ], [ 35.0396, -1.2155 ], [ 35.0367, -1.2134 ], [ 35.0436, -1.2131 ], [ 35.0411, -1.2067 ], [ 35.0517, -1.1996 ], [ 35.0508, -1.1936 ], [ 35.0569, -1.192 ], [ 35.0572, -1.1868 ], [ 35.0712, -1.1794 ], [ 35.0838, -1.1585 ], [ 35.0881, -1.1548 ], [ 35.0902, -1.1571 ], [ 35.0945, -1.1551 ], [ 35.0983, -1.1489 ], [ 35.0964, -1.1395 ], [ 35.1086, -1.1488 ], [ 35.1153, -1.139 ], [ 35.1304, -1.1348 ], [ 35.1406, -1.1399 ], [ 35.1537, -1.1265 ], [ 35.1598, -1.1255 ], [ 35.1597, -1.1128 ], [ 35.1769, -1.1014 ], [ 35.172, -1.0941 ], [ 35.1761, -1.0927 ], [ 35.1708, -1.0889 ], [ 35.1763, -1.0771 ], [ 35.1802, -1.0764 ], [ 35.1835, -1.0821 ], [ 35.1916, -1.0803 ], [ 35.1928, -1.0893 ], [ 35.2032, -1.0963 ], [ 35.2064, -1.0949 ], [ 35.2042, -1.0922 ], [ 35.211, -1.0883 ], [ 35.2141, -1.0907 ], [ 35.2099, -1.0835 ], [ 35.2175, -1.0767 ], [ 35.2135, -1.0742 ], [ 35.2191, -1.0624 ], [ 35.2236, -1.0646 ], [ 35.2318, -1.0592 ], [ 35.2295, -1.055 ], [ 35.2336, -1.0521 ], [ 35.2312, -1.0419 ], [ 35.2332, -1.0468 ], [ 35.2382, -1.0481 ], [ 35.2392, -1.0426 ], [ 35.2442, -1.0396 ], [ 35.2416, -1.0379 ], [ 35.2497, -1.0343 ], [ 35.2387, -1.0337 ], [ 35.2206, -1.0178 ] ] ] } },
{ "type": "Feature", "properties": { "iso3": "KEN", "unit_id": "43622606B19624247370333", "unit_name": "Emurua Dikirr" }, "geometry": { "type": "Polygon", "coordinates": [ [ [ 35.2206, -1.0178 ], [ 35.0826, -0.9045 ], [ 35.0128, -0.8879 ], [ 34.9901, -0.8933 ], [ 34.9938, -0.9135 ], [ 34.9983, -0.9191 ], [ 34.9952, -0.9273 ], [ 34.9999, -0.9286 ], [ 35.0023, -0.9334 ], [ 35.006, -0.9319 ], [ 35.0035, -0.9376 ], [ 35.0054, -0.9436 ], [ 35.0128, -0.9445 ], [ 35.0142, -0.9513 ], [ 35.0236, -0.9591 ], [ 35.0353, -0.9919 ], [ 35.0246, -0.9947 ], [ 35.0262, -1.0017 ], [ 35.0199, -1.0041 ], [ 35.015, -1.0148 ], [ 35.0, -1.0283 ], [ 34.9875, -1.0256 ], [ 34.9827, -1.0378 ], [ 34.9919, -1.0434 ], [ 35.0028, -1.0396 ], [ 35.0186, -1.0485 ], [ 35.0301, -1.0474 ], [ 35.0389, -1.0691 ], [ 35.044, -1.0746 ], [ 35.059, -1.0756 ], [ 35.0745, -1.083 ], [ 35.0692, -1.0882 ], [ 35.0829, -1.0965 ], [ 35.0961, -1.091 ], [ 35.1047, -1.103 ], [ 35.1152, -1.1061 ], [ 35.1146, -1.1119 ], [ 35.1179, -1.1148 ], [ 35.1164, -1.1207 ], [ 35.1423, -1.0924 ], [ 35.1351, -1.0859 ], [ 35.1253, -1.086 ], [ 35.1183, -1.0814 ], [ 35.1481, -1.0323 ], [ 35.1544, -1.0408 ], [ 35.1679, -1.049 ], [ 35.1767, -1.0502 ], [ 35.1786, -1.0536 ], [ 35.1873, -1.0323 ], [ 35.1943, -1.0346 ], [ 35.2131, -1.0262 ], [ 35.2206, -1.0178 ] ] ] } },
{ "type": "Feature", "properties": { "iso3": "KEN", "unit_id": "43622606B4659802373075", "unit_name": "Narok North" }, "geometry": { "type": "Polygon", "coordinates": [ [ [ 35.7125, -0.5539 ], [ 35.7145, -0.5716 ], [ 35.7129, -0.578 ], [ 35.7095, -0.586 ], [ 35.6937, -0.6024 ], [ 35.6859, -0.6231 ], [ 35.6868, -0.6391 ], [ 35.6825, -0.6519 ], [ 35.6779, -0.6595 ], [ 35.6731, -0.6591 ], [ 35.6699, -0.6631 ], [ 35.665, -0.6798 ], [ 35.6543, -0.6855 ], [ 35.6468, -0.7024 ], [ 35.6423, -0.7011 ], [ 35.6294, -0.6846 ], [ 35.6107, -0.6722 ], [ 35.6001, -0.6574 ], [ 35.5873, -0.5872 ], [ 35.4981, -0.6134 ], [ 35.5082, -0.6396 ], [ 35.605, -0.7389 ], [ 35.7303, -0.7419 ], [ 35.7509, -0.8048 ], [ 35.7424, -0.8268 ], [ 35.7412, -0.857 ], [ 35.7365, -0.8657 ], [ 35.7427, -0.8908 ], [ 35.7404, -0.8963 ], [ 35.7441, -0.9102 ], [ 35.7442, -0.9316 ], [ 35.7412, -0.9414 ], [ 35.7434, -0.9538 ], [ 35.7392, -0.9594 ], [ 35.7362, -0.9795 ], [ 35.7395, -0.9823 ], [ 35.7403, -1.0007 ], [ 35.7379, -1.0065 ], [ 35.741, -1.0117 ], [ 35.7409, -1.0253 ], [ 35.7453, -1.035 ], [ 35.7541, -1.0428 ], [ 35.6979, -1.0543 ], [ 35.6977, -1.0723 ], [ 35.7135, -1.0805 ], [ 35.7224, -1.0951 ], [ 35.7261, -1.0965 ], [ 35.7249, -1.1012 ], [ 35.7335, -1.1127 ], [ 35.7332, -1.1252 ], [ 35.7365, -1.1267 ], [ 35.7372, -1.1343 ], [ 35.7479, -1.1422 ], [ 35.7525, -1.1418 ], [ 35.7554, -1.1492 ], [ 35.76, -1.1512 ], [ 35.7576, -1.1591 ], [ 35.7601, -1.1661 ], [ 35.7689, -1.1662 ], [ 35.7821, -1.1815 ], [ 35.797, -1.1847 ], [ 35.8013, -1.1811 ], [ 35.8117, -1.1868 ], [ 35.819, -1.1942 ], [ 35.8215, -1.2073 ], [ 35.8417, -1.2295 ], [ 35.8482, -1.2275 ], [ 35.845, -1.2242 ], [ 35.8475, -1.2202 ], [ 35.8544, -1.2208 ], [ 35.8607, -1.2146 ], [ 35.8651, -1.2188 ], [ 35.8712, -1.2144 ], [ 35.8769, -1.2197 ], [ 35.8803, -1.2171 ], [ 35.878, -1.2139 ], [ 35.8851, -1.2138 ], [ 35.9214, -1.1767 ], [ 35.957, -1.1058 ], [ 35.9564, -1.0993 ], [ 35.9631, -1.0949 ], [ 35.9915, -1.0518 ], [ 35.9826, -1.0428 ], [ 35.9807, -1.0268 ], [ 35.9908, -1.0072 ], [ 36.0009, -0.9727 ], [ 36.0082, -0.969 ], [ 36.0151, -0.9603 ], [ 36.0171, -0.9463 ], [ 36.03, -0.9286 ], [ 36.0383, -0.9251 ], [ 36.0424, -0.9066 ], [ 36.0794, -0.8639 ], [ 36.0996, -0.8527 ], [ 36.1079, -0.8419 ], [ 36.1119, -0.8467 ], [ 36.112, -0.8539 ], [ 36.1079, -0.8917 ], [ 36.1216, -0.8882 ], [ 36.1305, -0.9004 ], [ 36.1412, -0.907 ], [ 36.1441, -0.9009 ], [ 36.1871, -0.9021 ], [ 36.1709, -0.8718 ], [ 36.1591, -0.8366 ], [ 36.1893, -0.8046 ], [ 36.1917, -0.7847 ], [ 36.1844, -0.7754 ], [ 36.1919, -0.7627 ], [ 36.1618, -0.745 ], [ 36.1536, -0.7126 ], [ 36.1466, -0.7091 ], [ 36.1427, -0.7119 ], [ 36.139, -0.7097 ], [ 36.0999, -0.6737 ], [ 36.0976, -0.6408 ], [ 36.0525, -0.6639 ], [ 36.0291, -0.6795 ], [ 36.0123, -0.6639 ], [ 35.9468, -0.7138 ], [ 35.9314, -0.7057 ], [ 35.9305, -0.6944 ], [ 35.8932, -0.6471 ], [ 35.8784, -0.6483 ], [ 35.8766, -0.6385 ], [ 35.917, -0.6359 ], [ 35.9516, -0.6664 ], [ 35.9833, -0.6315 ], [ 35.9812, -0.626 ], [ 35.9529, -0.5691 ], [ 35.949, -0.5667 ], [ 35.9481, -0.558 ], [ 35.9453, -0.5557 ], [ 35.9362, -0.5567 ], [ 35.9305, -0.5482 ], [ 35.9053, -0.5441 ], [ 35.8901, -0.5235 ], [ 35.8335, -0.493 ], [ 35.8399, -0.4735 ], [ 35.8378, -0.4678 ], [ 35.8331, -0.4673 ], [ 35.8291, -0.4734 ], [ 35.8155, -0.4767 ], [ 35.817, -0.4665 ], [ 35.8129, -0.4564 ], [ 35.7977, -0.4554 ], [ 35.7957, -0.4748 ], [ 35.7792, -0.5141 ], [ 35.7744, -0.538 ], [ 35.7413, -0.5309 ], [ 35.7353, -0.534 ], [ 35.7248, -0.5488 ], [ 35.7125, -0.5539 ] ] ] } },
{ "type": "Feature", "properties": { "iso3": "KEN", "unit_id": "43622606B53346332865937", "unit_name": "Narok East" }, "geometry": { "type": "Polygon", "coordinates": [ [ [ 36.1871, -0.9021 ], [ 36.1441, -0.9009 ], [ 36.1412, -0.907 ], [ 36.1305, -0.9004 ], [ 36.1216, -0.8882 ], [ 36.1079, -0.8917 ], [ 36.112, -0.8539 ], [ 36.1119, -0.8467 ], [ 36.1079, -0.8419 ], [ 36.0996, -0.8527 ], [ 36.0794, -0.8639 ], [ 36.0424, -0.9066 ], [ 36.0383, -0.9251 ], [ 36.03, -0.9286 ], [ 36.0171, -0.9463 ], [ 36.0151, -0.9603 ], [ 36.0082, -0.969 ], [ 36.0009, -0.9727 ], [ 35.9908, -1.0072 ], [ 35.9807, -1.0268 ], [ 35.9826, -1.0428 ], [ 35.9915, -1.0518 ], [ 35.9631, -1.0949 ], [ 35.9564, -1.0993 ], [ 35.957, -1.1058 ], [ 35.9214, -1.1767 ], [ 35.8851, -1.2138 ], [ 35.8964, -1.216 ], [ 35.8985, -1.2227 ], [ 35.9051, -1.2205 ], [ 35.9058, -1.2308 ], [ 35.9128, -1.2355 ], [ 35.9113, -1.2457 ], [ 35.9223, -1.2511 ], [ 35.916, -1.2615 ], [ 35.919, -1.269 ], [ 35.9313, -1.2747 ], [ 35.9359, -1.2739 ], [ 35.939, -1.285 ], [ 35.9428, -1.2868 ], [ 35.9414, -1.2958 ], [ 35.9514, -1.3019 ], [ 35.9475, -1.3057 ], [ 35.9437, -1.3032 ], [ 35.9403, -1.3057 ], [ 35.9385, -1.3117 ], [ 35.9417, -1.3157 ], [ 35.9333, -1.3271 ], [ 35.9243, -1.3242 ], [ 35.9201, -1.3289 ], [ 35.9162, -1.3271 ], [ 35.9244, -1.3525 ], [ 35.9443, -1.3676 ], [ 35.9668, -1.3788 ], [ 35.9791, -1.3943 ], [ 36.0027, -1.3854 ], [ 36.0151, -1.3911 ], [ 36.0152, -1.3966 ], [ 36.0232, -1.3998 ], [ 36.0236, -1.4118 ], [ 36.0186, -1.4143 ], [ 36.028, -1.4193 ], [ 36.0308, -1.4284 ], [ 36.0367, -1.4323 ], [ 36.037, -1.4379 ], [ 36.0486, -1.4375 ], [ 36.0566, -1.4417 ], [ 36.0611, -1.4537 ], [ 36.0636, -1.4548 ], [ 36.0623, -1.4521 ], [ 36.065, -1.452 ], [ 36.0682, -1.4584 ], [ 36.0633, -1.4635 ], [ 36.0675, -1.4662 ], [ 36.0674, -1.4704 ], [ 36.3477, -1.1725 ], [ 36.3357, -1.0456 ], [ 36.2641, -0.9127 ], [ 36.2061, -0.9313 ], [ 36.1949, -0.913 ], [ 36.1861, -0.9114 ], [ 36.1896, -0.9068 ], [ 36.1871, -0.9021 ] ] ] } },
{ "type": "Feature", "properties": { "iso3": "KEN", "unit_id": "43622606B98607639306139", "unit_name": "Narok South" }, "geometry": { "type": "Polygon", "coordinates": [ [ [ 35.4981, -0.6134 ], [ 35.3972, -0.6442 ], [ 35.4265, -0.7214 ], [ 35.4808, -0.7641 ], [ 35.5083, -0.7749 ], [ 35.5343, -0.7783 ], [ 35.5465, -0.7876 ], [ 35.5271, -0.8082 ], [ 35.5212, -0.8082 ], [ 35.5197, -0.8114 ], [ 35.5205, -0.8135 ], [ 35.5343, -0.8061 ], [ 35.5561, -0.8189 ], [ 35.5321, -0.8443 ], [ 35.5391, -0.8511 ], [ 35.5406, -0.8596 ], [ 35.5344, -0.8693 ], [ 35.5464, -0.8822 ], [ 35.5324, -0.9016 ], [ 35.5222, -0.9039 ], [ 35.5096, -0.9174 ], [ 35.5044, -0.9359 ], [ 35.5683, -0.9996 ], [ 35.5642, -1.0144 ], [ 35.5671, -1.028 ], [ 35.5642, -1.0356 ], [ 35.5544, -1.0456 ], [ 35.5498, -1.0646 ], [ 35.5616, -1.098 ], [ 35.5683, -1.1011 ], [ 35.5696, -1.1085 ], [ 35.5802, -1.1154 ], [ 35.5671, -1.1325 ], [ 35.5835, -1.1472 ], [ 35.6087, -1.1781 ], [ 35.6542, -1.2466 ], [ 35.6658, -1.2561 ], [ 35.6754, -1.2769 ], [ 35.6197, -1.3479 ], [ 35.6102, -1.354 ], [ 35.6033, -1.3636 ], [ 35.595, -1.3926 ], [ 35.5947, -1.407 ], [ 35.5902, -1.41 ], [ 35.585, -1.4212 ], [ 35.6236, -1.4539 ], [ 35.6788, -1.494 ], [ 35.7072, -1.5227 ], [ 35.7295, -1.5531 ], [ 35.7369, -1.5573 ], [ 35.7456, -1.5686 ], [ 35.7643, -1.6203 ], [ 35.767, -1.6251 ], [ 35.7759, -1.626 ], [ 35.7827, -1.6361 ], [ 35.7829, -1.6416 ], [ 35.761, -1.7004 ], [ 35.7426, -1.7217 ], [ 35.7451, -1.7291 ], [ 35.7433, -1.7537 ], [ 35.7268, -1.7551 ], [ 35.7168, -1.7491 ], [ 35.7131, -1.7516 ], [ 35.7, -1.7511 ], [ 35.6927, -1.7454 ], [ 35.6798, -1.7447 ], [ 35.6527, -1.7591 ], [ 35.6043, -1.7933 ], [ 35.5276, -1.8389 ], [ 36.0001, -2.1046 ], [ 36.0001, -2.0818 ], [ 36.0267, -2.0821 ], [ 36.0267, -2.0431 ], [ 36.0227, -2.0417 ], [ 36.021, -2.0355 ], [ 36.0252, -2.0238 ], [ 36.028, -2.0261 ], [ 36.0286, -2.0111 ], [ 36.0308, -2.0126 ], [ 36.0361, -2.0043 ], [ 36.0317, -1.9995 ], [ 36.0356, -1.9987 ], [ 36.0411, -1.958 ], [ 36.0361, -1.9473 ], [ 36.0401, -1.9445 ], [ 36.0424, -1.9366 ], [ 36.0358, -1.9272 ], [ 36.0369, -1.9189 ], [ 36.0342, -1.9197 ], [ 36.0306, -1.9135 ], [ 36.0421, -1.9093 ], [ 36.0433, -1.9046 ], [ 36.0321, -1.9011 ], [ 36.0258, -1.8891 ], [ 36.032, -1.8859 ], [ 36.0354, -1.8924 ], [ 36.0379, -1.8895 ], [ 36.0365, -1.8777 ], [ 36.0446, -1.8782 ], [ 36.0513, -1.8692 ], [ 36.0481, -1.8637 ], [ 36.0497, -1.8424 ], [ 36.0406, -1.8322 ], [ 36.0432, -1.8286 ], [ 36.0377, -1.8208 ], [ 36.0297, -1.8261 ], [ 36.0282, -1.8096 ], [ 36.0218, -1.8061 ], [ 36.0166, -1.807 ], [ 36.0163, -1.8007 ], [ 36.026, -1.7941 ], [ 36.0225, -1.7898 ], [ 36.0273, -1.7885 ], [ 36.0306, -1.7806 ], [ 36.0199, -1.7745 ], [ 36.0311, -1.7656 ], [ 36.0306, -1.7582 ], [ 36.0356, -1.7608 ], [ 36.0324, -1.7518 ], [ 36.0356, -1.7405 ], [ 36.0415, -1.7364 ], [ 36.0427, -1.7281 ], [ 36.0463, -1.731 ], [ 36.0487, -1.729 ], [ 36.0429, -1.7087 ], [ 36.048, -1.7023 ], [ 36.0553, -1.7076 ], [ 36.0585, -1.6995 ], [ 36.0649, -1.6965 ], [ 36.0545, -1.6791 ], [ 36.0576, -1.6773 ], [ 36.0577, -1.668 ], [ 36.0523, -1.664 ], [ 36.0534, -1.6589 ], [ 36.0462, -1.6502 ], [ 36.0472, -1.6466 ], [ 36.0525, -1.645 ], [ 36.0505, -1.6424 ], [ 36.0592, -1.6225 ], [ 36.0578, -1.618 ], [ 36.0525, -1.6164 ], [ 36.0651, -1.6131 ], [ 36.0631, -1.6074 ], [ 36.0669, -1.606 ], [ 36.0742, -1.5895 ], [ 36.0794, -1.5921 ], [ 36.0803, -1.5808 ], [ 36.0862, -1.5734 ], [ 36.0845, -1.5587 ], [ 36.0744, -1.5411 ], [ 36.0587, -1.4961 ], [ 36.0492, -1.4899 ], [ 36.0674, -1.4704 ], [ 36.0675, -1.4662 ], [ 36.0633, -1.4635 ], [ 36.0682, -1.4584 ], [ 36.065, -1.452 ], [ 36.0623, -1.4521 ], [ 36.0636, -1.4548 ], [ 36.0611, -1.4537 ], [ 36.0566, -1.4417 ], [ 36.0486, -1.4375 ], [ 36.037, -1.4379 ], [ 36.0367, -1.4323 ], [ 36.0308, -1.4284 ], [ 36.028, -1.4193 ], [ 36.0186, -1.4143 ], [ 36.0236, -1.4118 ], [ 36.0232, -1.3998 ], [ 36.0152, -1.3966 ], [ 36.0151, -1.3911 ], [ 36.0027, -1.3854 ], [ 35.9791, -1.3943 ], [ 35.9668, -1.3788 ], [ 35.9443, -1.3676 ], [ 35.9244, -1.3525 ], [ 35.9162, -1.3271 ], [ 35.9201, -1.3289 ], [ 35.9243, -1.3242 ], [ 35.9333, -1.3271 ], [ 35.9417, -1.3157 ], [ 35.9385, -1.3117 ], [ 35.9403, -1.3057 ], [ 35.9437, -1.3032 ], [ 35.9475, -1.3057 ], [ 35.9514, -1.3019 ], [ 35.9414, -1.2958 ], [ 35.9428, -1.2868 ], [ 35.939, -1.285 ], [ 35.9359, -1.2739 ], [ 35.9313, -1.2747 ], [ 35.919, -1.269 ], [ 35.916, -1.2615 ], [ 35.9223, -1.2511 ], [ 35.9113, -1.2457 ], [ 35.9128, -1.2355 ], [ 35.9058, -1.2308 ], [ 35.9051, -1.2205 ], [ 35.8985, -1.2227 ], [ 35.8964, -1.216 ], [ 35.8835, -1.2127 ], [ 35.878, -1.2139 ], [ 35.8803, -1.2171 ], [ 35.8769, -1.2197 ], [ 35.8712, -1.2144 ], [ 35.8651, -1.2188 ], [ 35.8607, -1.2146 ], [ 35.8544, -1.2208 ], [ 35.8475, -1.2202 ], [ 35.845, -1.2242 ], [ 35.8482, -1.2275 ], [ 35.8417, -1.2295 ], [ 35.8215, -1.2073 ], [ 35.819, -1.1942 ], [ 35.8117, -1.1868 ], [ 35.8013, -1.1811 ], [ 35.797, -1.1847 ], [ 35.7821, -1.1815 ], [ 35.7689, -1.1662 ], [ 35.7601, -1.1661 ], [ 35.7576, -1.1591 ], [ 35.76, -1.1512 ], [ 35.7554, -1.1492 ], [ 35.7525, -1.1418 ], [ 35.7479, -1.1422 ], [ 35.7372, -1.1343 ], [ 35.7365, -1.1267 ], [ 35.7332, -1.1252 ], [ 35.7335, -1.1127 ], [ 35.7249, -1.1012 ], [ 35.7261, -1.0965 ], [ 35.7224, -1.0951 ], [ 35.7135, -1.0805 ], [ 35.6977, -1.0723 ], [ 35.6979, -1.0543 ], [ 35.7541, -1.0428 ], [ 35.7453, -1.035 ], [ 35.7409, -1.0253 ], [ 35.741, -1.0117 ], [ 35.7379, -1.0065 ], [ 35.7403, -1.0007 ], [ 35.7395, -0.9823 ], [ 35.7362, -0.9795 ], [ 35.7392, -0.9594 ], [ 35.7434, -0.9538 ], [ 35.7412, -0.9414 ], [ 35.7442, -0.9316 ], [ 35.7441, -0.9102 ], [ 35.7404, -0.8963 ], [ 35.7427, -0.8908 ], [ 35.7365, -0.8657 ], [ 35.7412, -0.857 ], [ 35.7424, -0.8268 ], [ 35.7509, -0.8048 ], [ 35.7303, -0.7419 ], [ 35.605, -0.7389 ], [ 35.5082, -0.6396 ], [ 35.4981, -0.6134 ] ] ] } },
{ "type": "Feature", "properties": { "iso3": "KEN", "unit_id": "43622606B73317128086614", "unit_name": "Narok West" }, "geometry": { "type": "Polygon", "coordinates": [ [ [ 35.0174, -1.5505 ], [ 35.5276, -1.8389 ], [ 35.6043, -1.7933 ], [ 35.6527, -1.7591 ], [ 35.6798, -1.7447 ], [ 35.6927, -1.7454 ], [ 35.7, -1.7511 ], [ 35.7131, -1.7516 ], [ 35.7168, -1.7491 ], [ 35.7268, -1.7551 ], [ 35.7433, -1.7537 ], [ 35.7451, -1.7291 ], [ 35.7426, -1.7217 ], [ 35.761, -1.7004 ], [ 35.7795, -1.6554 ], [ 35.7827, -1.6361 ], [ 35.7759, -1.626 ], [ 35.767, -1.6251 ], [ 35.7456, -1.5686 ], [ 35.7369, -1.5573 ], [ 35.7295, -1.5531 ], [ 35.7072, -1.5227 ], [ 35.6788, -1.494 ], [ 35.6236, -1.4539 ], [ 35.585, -1.4212 ], [ 35.5902, -1.41 ], [ 35.5947, -1.407 ], [ 35.595, -1.3926 ], [ 35.6033, -1.3636 ], [ 35.6102, -1.354 ], [ 35.6197, -1.3479 ], [ 35.6754, -1.2769 ], [ 35.6658, -1.2561 ], [ 35.6542, -1.2466 ], [ 35.6087, -1.1781 ], [ 35.5835, -1.1472 ], [ 35.5671, -1.1325 ], [ 35.5802, -1.1154 ], [ 35.5696, -1.1085 ], [ 35.5683, -1.1011 ], [ 35.5616, -1.098 ], [ 35.5498, -1.0646 ], [ 35.5544, -1.0456 ], [ 35.5642, -1.0356 ], [ 35.5671, -1.028 ], [ 35.5642, -1.0144 ], [ 35.5683, -0.9996 ], [ 35.5044, -0.9359 ], [ 35.5096, -0.9174 ], [ 35.5222, -0.9039 ], [ 35.5324, -0.9016 ], [ 35.5464, -0.8822 ], [ 35.5344, -0.8693 ], [ 35.5406, -0.8596 ], [ 35.5391, -0.8511 ], [ 35.5321, -0.8443 ], [ 35.5561, -0.8189 ], [ 35.5343, -0.8061 ], [ 35.5273, -0.811 ], [ 35.5218, -0.8108 ], [ 35.5167, -0.8169 ], [ 35.513, -0.816 ], [ 35.5099, -0.8221 ], [ 35.4967, -0.8231 ], [ 35.494, -0.8276 ], [ 35.4871, -0.8296 ], [ 35.4791, -0.8389 ], [ 35.4771, -0.8532 ], [ 35.4713, -0.8553 ], [ 35.4723, -0.8589 ], [ 35.4679, -0.8623 ], [ 35.4613, -0.8623 ], [ 35.4618, -0.872 ], [ 35.4553, -0.8757 ], [ 35.4555, -0.8827 ], [ 35.4535, -0.8799 ], [ 35.4494, -0.8835 ], [ 35.4494, -0.881 ], [ 35.4458, -0.8814 ], [ 35.443, -0.8873 ], [ 35.4386, -0.8864 ], [ 35.441, -0.8927 ], [ 35.4355, -0.8965 ], [ 35.4312, -0.8945 ], [ 35.4291, -0.9038 ], [ 35.4239, -0.9045 ], [ 35.4279, -0.9169 ], [ 35.4226, -0.9207 ], [ 35.4259, -0.9315 ], [ 35.4215, -0.9345 ], [ 35.4237, -0.9394 ], [ 35.4208, -0.9403 ], [ 35.4213, -0.9439 ], [ 35.4035, -0.9475 ], [ 35.398, -0.956 ], [ 35.378, -0.9594 ], [ 35.373, -0.9687 ], [ 35.3697, -0.9672 ], [ 35.3701, -0.9719 ], [ 35.366, -0.973 ], [ 35.3634, -0.9688 ], [ 35.3593, -0.9707 ], [ 35.3548, -0.9674 ], [ 35.3497, -0.9713 ], [ 35.3507, -0.9771 ], [ 35.3461, -0.9699 ], [ 35.3393, -0.9737 ], [ 35.3398, -0.9774 ], [ 35.3336, -0.9743 ], [ 35.3278, -0.9847 ], [ 35.319, -0.9864 ], [ 35.3142, -0.9914 ], [ 35.3157, -0.9929 ], [ 35.3116, -0.9937 ], [ 35.3124, -0.999 ], [ 35.3079, -0.9988 ], [ 35.3034, -1.0034 ], [ 35.2989, -1.002 ], [ 35.2844, -1.0125 ], [ 35.2814, -1.0107 ], [ 35.2773, -1.0169 ], [ 35.27, -1.0184 ], [ 35.2711, -1.0217 ], [ 35.2641, -1.0188 ], [ 35.2581, -1.0265 ], [ 35.2514, -1.0262 ], [ 35.2487, -1.029 ], [ 35.2497, -1.0343 ], [ 35.2416, -1.0379 ], [ 35.2442, -1.0396 ], [ 35.2392, -1.0426 ], [ 35.2382, -1.0481 ], [ 35.2332, -1.0468 ], [ 35.2312, -1.0419 ], [ 35.2336, -1.0521 ], [ 35.2295, -1.055 ], [ 35.2318, -1.0592 ], [ 35.2236, -1.0646 ], [ 35.2191, -1.0624 ], [ 35.2135, -1.0742 ], [ 35.2175, -1.0767 ], [ 35.2099, -1.0835 ], [ 35.2141, -1.0907 ], [ 35.211, -1.0883 ], [ 35.2042, -1.0922 ], [ 35.2064, -1.0949 ], [ 35.2032, -1.0963 ], [ 35.1928, -1.0893 ], [ 35.1916, -1.0803 ], [ 35.1835, -1.0821 ], [ 35.1802, -1.0764 ], [ 35.1763, -1.0771 ], [ 35.1708, -1.0889 ], [ 35.1761, -1.0927 ], [ 35.172, -1.0941 ], [ 35.1769, -1.1014 ], [ 35.1597, -1.1128 ], [ 35.1598, -1.1255 ], [ 35.1537, -1.1265 ], [ 35.1406, -1.1399 ], [ 35.1304, -1.1348 ], [ 35.1153, -1.139 ], [ 35.1086, -1.1488 ], [ 35.0964, -1.1395 ], [ 35.0983, -1.1489 ], [ 35.0945, -1.1551 ], [ 35.0902, -1.1571 ], [ 35.0881, -1.1548 ], [ 35.0838, -1.1585 ], [ 35.0712, -1.1794 ], [ 35.0572, -1.1868 ], [ 35.0569, -1.192 ], [ 35.0508, -1.1936 ], [ 35.0517, -1.1996 ], [ 35.0411, -1.2067 ], [ 35.0436, -1.2131 ], [ 35.0367, -1.2134 ], [ 35.0396, -1.2155 ], [ 35.0358, -1.2238 ], [ 35.0376, -1.2274 ], [ 35.0336, -1.2299 ], [ 35.0398, -1.2386 ], [ 35.0318, -1.2515 ], [ 35.0433, -1.2691 ], [ 35.04, -1.269 ], [ 35.0383, -1.2767 ], [ 35.0408, -1.2787 ], [ 35.0347, -1.2887 ], [ 35.041, -1.2946 ], [ 35.0376, -1.296 ], [ 35.0353, -1.304 ], [ 35.0319, -1.3028 ], [ 35.0308, -1.3083 ], [ 35.0337, -1.3114 ], [ 35.0305, -1.311 ], [ 35.0286, -1.3181 ], [ 35.0194, -1.3176 ], [ 35.0159, -1.3214 ], [ 35.0169, -1.3188 ], [ 35.0095, -1.3179 ], [ 34.9997, -1.3274 ], [ 34.998, -1.3236 ], [ 34.9928, -1.326 ], [ 34.9916, -1.3285 ], [ 34.9966, -1.3328 ], [ 34.9893, -1.3414 ], [ 34.9958, -1.3545 ], [ 34.993, -1.3584 ], [ 34.9996, -1.3684 ], [ 34.9954, -1.3706 ], [ 34.9987, -1.3771 ], [ 35.0032, -1.3728 ], [ 35.0121, -1.3822 ], [ 35.0176, -1.3783 ], [ 35.0224, -1.39 ], [ 35.0482, -1.4054 ], [ 35.0461, -1.41 ], [ 35.0481, -1.415 ], [ 35.0553, -1.4219 ], [ 35.0535, -1.4292 ], [ 35.0638, -1.4336 ], [ 35.0556, -1.4433 ], [ 35.0588, -1.4499 ], [ 35.0453, -1.4503 ], [ 35.0426, -1.4649 ], [ 35.033, -1.4655 ], [ 35.0353, -1.4705 ], [ 35.0311, -1.4759 ], [ 35.034, -1.485 ], [ 35.0314, -1.4863 ], [ 35.0368, -1.4918 ], [ 35.0296, -1.4931 ], [ 35.0247, -1.5039 ], [ 35.0269, -1.5107 ], [ 35.0218, -1.5105 ], [ 35.0218, -1.5151 ], [ 35.0163, -1.5173 ], [ 35.025, -1.5204 ], [ 35.0211, -1.5233 ], [ 35.0215, -1.53 ], [ 35.0285, -1.539 ], [ 35.0202, -1.5391 ], [ 35.0244, -1.5465 ], [ 35.019, -1.5467 ], [ 35.0174, -1.5505 ] ] ] } },
{ "type": "Feature", "properties": { "iso3": "KEN", "unit_id": "43622606B20643911679971", "unit_name": "Kajiado North" }, "geometry": { "type": "Polygon", "coordinates": [ [ [ 36.6484, -1.2984 ], [ 36.6476, -1.3199 ], [ 36.6422, -1.3202 ], [ 36.6431, -1.3292 ], [ 36.6391, -1.3333 ], [ 36.6513, -1.3486 ], [ 36.6528, -1.3558 ], [ 36.6467, -1.3562 ], [ 36.6467, -1.3647 ], [ 36.6284, -1.3675 ], [ 36.6307, -1.3792 ], [ 36.6376, -1.3854 ], [ 36.6359, -1.4056 ], [ 36.6529, -1.3985 ], [ 36.6865, -1.3988 ], [ 36.6865, -1.4274 ], [ 36.684, -1.4338 ], [ 36.6882, -1.4359 ], [ 36.6894, -1.4409 ], [ 36.6973, -1.4339 ], [ 36.7037, -1.4369 ], [ 36.7094, -1.4302 ], [ 36.7177, -1.43 ], [ 36.7223, -1.4231 ], [ 36.745, -1.4195 ], [ 36.7479, -1.4159 ], [ 36.7658, -1.4105 ], [ 36.7663, -1.4059 ], [ 36.7726, -1.4056 ], [ 36.7746, -1.4093 ], [ 36.7778, -1.4038 ], [ 36.7845, -1.4052 ], [ 36.8029, -1.3896 ], [ 36.8197, -1.3882 ], [ 36.8191, -1.3789 ], [ 36.8056, -1.3868 ], [ 36.8049, -1.3844 ], [ 36.7957, -1.3858 ], [ 36.7937, -1.3829 ], [ 36.7827, -1.3868 ], [ 36.7802, -1.3841 ], [ 36.7675, -1.3863 ], [ 36.7602, -1.3822 ], [ 36.7415, -1.3794 ], [ 36.7261, -1.3709 ], [ 36.7022, -1.3495 ], [ 36.6928, -1.3506 ], [ 36.6789, -1.326 ], [ 36.6749, -1.3278 ], [ 36.6691, -1.3236 ], [ 36.6728, -1.3219 ], [ 36.6635, -1.3173 ], [ 36.666, -1.3122 ], [ 36.6597, -1.3005 ], [ 36.6484, -1.2984 ] ] ] } },
{ "type": "Feature", "properties": { "iso3": "KEN", "unit_id": "43622606B22702124242951", "unit_name": "Kajiado Central" }, "geometry": { "type": "Polygon", "coordinates": [ [ [ 36.827, -1.7726 ], [ 36.7586, -1.7669 ], [ 36.7173, -1.7597 ], [ 36.7064, -1.7571 ], [ 36.6747, -1.7409 ], [ 36.6573, -1.8257 ], [ 36.662, -1.8568 ], [ 36.7139, -1.9124 ], [ 36.7318, -1.9177 ], [ 36.7384, -1.927 ], [ 36.7433, -1.9384 ], [ 36.7365, -1.9618 ], [ 36.73, -1.9707 ], [ 36.7355, -1.9891 ], [ 36.7003, -2.0123 ], [ 36.6981, -2.0181 ], [ 36.6817, -2.0267 ], [ 36.6365, -2.0645 ], [ 36.5157, -2.1379 ], [ 36.4708, -2.1973 ], [ 36.4496, -2.2188 ], [ 36.4381, -2.2351 ], [ 36.4931, -2.306 ], [ 36.4435, -2.3541 ], [ 36.9016, -2.6106 ], [ 36.9162, -2.555 ], [ 36.9368, -2.5461 ], [ 36.9602, -2.5128 ], [ 36.9724, -2.4872 ], [ 36.99, -2.4707 ], [ 36.9981, -2.4715 ], [ 37.0194, -2.5007 ], [ 37.0435, -2.5199 ], [ 37.0444, -2.4811 ], [ 37.0536, -2.4034 ], [ 37.0695, -2.3201 ], [ 37.0869, -2.2682 ], [ 37.1006, -2.2384 ], [ 37.1172, -2.2206 ], [ 37.1384, -2.2103 ], [ 37.1564, -2.196 ], [ 37.187, -2.1854 ], [ 37.1807, -2.1837 ], [ 37.1651, -2.1868 ], [ 37.1601, -2.1813 ], [ 37.1542, -2.1827 ], [ 37.1513, -2.1791 ], [ 37.1498, -2.1605 ], [ 37.1408, -2.1422 ], [ 37.1424, -2.1388 ], [ 37.1358, -2.1368 ], [ 37.136, -2.1306 ], [ 37.1289, -2.1265 ], [ 37.1264, -2.1103 ], [ 37.1144, -2.1011 ], [ 37.1118, -2.0906 ], [ 37.1016, -2.0838 ], [ 37.1049, -2.08 ], [ 37.103, -2.0777 ], [ 37.1098, -2.0738 ], [ 37.1136, -2.0664 ], [ 37.1128, -2.0589 ], [ 37.1087, -2.0551 ], [ 37.109, -2.0455 ], [ 37.0979, -2.0466 ], [ 37.0939, -2.0416 ], [ 37.0808, -2.0407 ], [ 37.0811, -2.0365 ], [ 37.0691, -2.0214 ], [ 37.0672, -2.0014 ], [ 37.0626, -1.9956 ], [ 37.0516, -1.9964 ], [ 37.0428, -1.9827 ], [ 37.0481, -1.9747 ], [ 37.0426, -1.9724 ], [ 37.0484, -1.9651 ], [ 37.0407, -1.9621 ], [ 37.0398, -1.9574 ], [ 37.0332, -1.9565 ], [ 37.0345, -1.9526 ], [ 37.0307, -1.9499 ], [ 37.0346, -1.9459 ], [ 37.0305, -1.9422 ], [ 37.0312, -1.9288 ], [ 37.0282, -1.9249 ], [ 37.0318, -1.9156 ], [ 37.0293, -1.9053 ], [ 37.0321, -1.9004 ], [ 37.0298, -1.8976 ], [ 37.0198, -1.8974 ], [ 37.0116, -1.8889 ], [ 37.0064, -1.8885 ], [ 37.0039, -1.8823 ], [ 36.9916, -1.8806 ], [ 36.9784, -1.8739 ], [ 36.9742, -1.8597 ], [ 36.9679, -1.8594 ], [ 36.9618, -1.8548 ], [ 36.9449, -1.859 ], [ 36.9323, -1.8517 ], [ 36.9234, -1.8525 ], [ 36.9192, -1.8494 ], [ 36.9194, -1.8428 ], [ 36.9101, -1.8378 ], [ 36.9115, -1.8296 ], [ 36.909, -1.8279 ], [ 36.9035, -1.8259 ], [ 36.8798, -1.828 ], [ 36.8416, -1.8148 ], [ 36.8282, -1.7922 ], [ 36.827, -1.7726 ] ] ] } },
{ "type": "Feature", "properties": { "iso3": "KEN", "unit_id": "43622606B22437001599543", "unit_name": "Kajiado West" }, "geometry": { "type": "Polygon", "coordinates": [ [ [ 36.5126, -1.2396 ], [ 36.5368, -1.1526 ], [ 36.4932, -1.119 ], [ 36.3547, -1.0537 ], [ 36.3359, -1.0435 ], [ 36.3315, -1.0373 ], [ 36.3357, -1.0456 ], [ 36.3477, -1.1725 ], [ 36.0492, -1.4899 ], [ 36.0587, -1.4961 ], [ 36.0744, -1.5411 ], [ 36.0845, -1.5587 ], [ 36.0862, -1.5734 ], [ 36.0803, -1.5808 ], [ 36.0794, -1.5921 ], [ 36.0742, -1.5895 ], [ 36.0669, -1.606 ], [ 36.0631, -1.6074 ], [ 36.0651, -1.6131 ], [ 36.0525, -1.6164 ], [ 36.0578, -1.618 ], [ 36.0592, -1.6225 ], [ 36.0505, -1.6424 ], [ 36.0525, -1.645 ], [ 36.0472, -1.6466 ], [ 36.0462, -1.6502 ], [ 36.0534, -1.6589 ], [ 36.0523, -1.664 ], [ 36.0577, -1.668 ], [ 36.0576, -1.6773 ], [ 36.0545, -1.6791 ], [ 36.0649, -1.6965 ], [ 36.0585, -1.6995 ], [ 36.0553, -1.7076 ], [ 36.048, -1.7023 ], [ 36.0429, -1.7087 ], [ 36.0487, -1.729 ], [ 36.0463, -1.731 ], [ 36.0427, -1.7281 ], [ 36.0415, -1.7364 ], [ 36.0356, -1.7405 ], [ 36.0324, -1.7518 ], [ 36.0356, -1.7608 ], [ 36.0306, -1.7582 ], [ 36.0311, -1.7656 ], [ 36.0199, -1.7745 ], [ 36.0306, -1.7806 ], [ 36.0273, -1.7885 ], [ 36.0225, -1.7898 ], [ 36.026, -1.7941 ], [ 36.0163, -1.8007 ], [ 36.0172, -1.8081 ], [ 36.0218, -1.8061 ], [ 36.0282, -1.8096 ], [ 36.0297, -1.8261 ], [ 36.0377, -1.8208 ], [ 36.0432, -1.8286 ], [ 36.0406, -1.8322 ], [ 36.0497, -1.8424 ], [ 36.0481, -1.8637 ], [ 36.0513, -1.8692 ], [ 36.0446, -1.8782 ], [ 36.0365, -1.8777 ], [ 36.0379, -1.8895 ], [ 36.0354, -1.8924 ], [ 36.032, -1.8859 ], [ 36.0258, -1.8891 ], [ 36.0321, -1.9011 ], [ 36.0433, -1.9046 ], [ 36.0421, -1.9093 ], [ 36.0306, -1.9135 ], [ 36.0342, -1.9197 ], [ 36.0369, -1.9189 ], [ 36.0358, -1.9272 ], [ 36.0424, -1.9366 ], [ 36.0401, -1.9445 ], [ 36.0361, -1.9473 ], [ 36.0411, -1.958 ], [ 36.0356, -1.9987 ], [ 36.0317, -1.9995 ], [ 36.0361, -2.0043 ], [ 36.0308, -2.0126 ], [ 36.0286, -2.0111 ], [ 36.028, -2.0261 ], [ 36.0252, -2.0238 ], [ 36.021, -2.0355 ], [ 36.0227, -2.0417 ], [ 36.0267, -2.0431 ], [ 36.0267, -2.0821 ], [ 36.0001, -2.0818 ], [ 36.0001, -2.1046 ], [ 36.4435, -2.3541 ], [ 36.4931, -2.306 ], [ 36.4381, -2.2351 ], [ 36.4496, -2.2188 ], [ 36.4708, -2.1973 ], [ 36.5157, -2.1379 ], [ 36.6365, -2.0645 ], [ 36.6817, -2.0267 ], [ 36.6981, -2.0181 ], [ 36.7003, -2.0123 ], [ 36.7355, -1.9891 ], [ 36.73, -1.9707 ], [ 36.7365, -1.9618 ], [ 36.7433, -1.9384 ], [ 36.7384, -1.927 ], [ 36.7318, -1.9177 ], [ 36.7139, -1.9124 ], [ 36.662, -1.8568 ], [ 36.6573, -1.8257 ], [ 36.6747, -1.7409 ], [ 36.7064, -1.7571 ], [ 36.7173, -1.7597 ], [ 36.7586, -1.7669 ], [ 36.827, -1.7726 ], [ 36.8386, -1.7437 ], [ 36.8051, -1.5897 ], [ 36.7956, -1.5741 ], [ 36.7982, -1.5618 ], [ 36.7848, -1.5359 ], [ 36.7591, -1.4998 ], [ 36.7177, -1.43 ], [ 36.7094, -1.4302 ], [ 36.7037, -1.4369 ], [ 36.6973, -1.4339 ], [ 36.6894, -1.4409 ], [ 36.6882, -1.4359 ], [ 36.684, -1.4338 ], [ 36.6865, -1.4274 ], [ 36.6865, -1.3988 ], [ 36.6529, -1.3985 ], [ 36.6359, -1.4056 ], [ 36.6376, -1.3854 ], [ 36.6307, -1.3792 ], [ 36.6284, -1.3675 ], [ 36.6467, -1.3647 ], [ 36.6467, -1.3562 ], [ 36.6528, -1.3558 ], [ 36.6513, -1.3486 ], [ 36.6391, -1.3333 ], [ 36.6431, -1.3292 ], [ 36.6422, -1.3202 ], [ 36.6476, -1.3199 ], [ 36.6484, -1.2984 ], [ 36.4908, -1.268 ], [ 36.5126, -1.2396 ] ] ] } },
{ "type": "Feature", "properties": { "iso3": "KEN", "unit_id": "43622606B42586194445654", "unit_name": "Kajiado East" }, "geometry": { "type": "Polygon", "coordinates": [ [ [ 36.8899, -1.4123 ], [ 36.8949, -1.4092 ], [ 36.8817, -1.4037 ], [ 36.8715, -1.4052 ], [ 36.8697, -1.4012 ], [ 36.8636, -1.4017 ], [ 36.8496, -1.3941 ], [ 36.8435, -1.3844 ], [ 36.8288, -1.3855 ], [ 36.82, -1.381 ], [ 36.8197, -1.3882 ], [ 36.8029, -1.3896 ], [ 36.7845, -1.4052 ], [ 36.7778, -1.4038 ], [ 36.7746, -1.4093 ], [ 36.7726, -1.4056 ], [ 36.7663, -1.4059 ], [ 36.7658, -1.4105 ], [ 36.7479, -1.4159 ], [ 36.745, -1.4195 ], [ 36.7223, -1.4231 ], [ 36.7177, -1.43 ], [ 36.7591, -1.4998 ], [ 36.7848, -1.5359 ], [ 36.7982, -1.5618 ], [ 36.7956, -1.5741 ], [ 36.8051, -1.5897 ], [ 36.8385, -1.7415 ], [ 36.827, -1.7726 ], [ 36.8282, -1.7922 ], [ 36.8416, -1.8148 ], [ 36.8798, -1.828 ], [ 36.9035, -1.8259 ], [ 36.909, -1.8279 ], [ 36.9115, -1.8296 ], [ 36.9101, -1.8378 ], [ 36.9194, -1.8428 ], [ 36.9192, -1.8494 ], [ 36.9234, -1.8525 ], [ 36.9323, -1.8517 ], [ 36.9449, -1.859 ], [ 36.9618, -1.8548 ], [ 36.9679, -1.8594 ], [ 36.9742, -1.8597 ], [ 36.9784, -1.8739 ], [ 36.9916, -1.8806 ], [ 37.0039, -1.8823 ], [ 37.0064, -1.8885 ], [ 37.0116, -1.8889 ], [ 37.0198, -1.8974 ], [ 37.0298, -1.8976 ], [ 37.0321, -1.9004 ], [ 37.0293, -1.9053 ], [ 37.0318, -1.9156 ], [ 37.0282, -1.9249 ], [ 37.0312, -1.9288 ], [ 37.0305, -1.9422 ], [ 37.0346, -1.9459 ], [ 37.0307, -1.9499 ], [ 37.0345, -1.9526 ], [ 37.0332, -1.9565 ], [ 37.0398, -1.9574 ], [ 37.0407, -1.9621 ], [ 37.0484, -1.9651 ], [ 37.0426, -1.9724 ], [ 37.0481, -1.9747 ], [ 37.0428, -1.9827 ], [ 37.0516, -1.9964 ], [ 37.0626, -1.9956 ], [ 37.0672, -2.0014 ], [ 37.0691, -2.0214 ], [ 37.0811, -2.0365 ], [ 37.0808, -2.0407 ], [ 37.0939, -2.0416 ], [ 37.0979, -2.0466 ], [ 37.109, -2.0455 ], [ 37.1087, -2.0551 ], [ 37.1128, -2.0589 ], [ 37.1136, -2.0664 ], [ 37.1098, -2.0738 ], [ 37.103, -2.0777 ], [ 37.1049, -2.08 ], [ 37.1016, -2.0838 ], [ 37.1118, -2.0906 ], [ 37.1144, -2.1011 ], [ 37.1264, -2.1103 ], [ 37.1289, -2.1265 ], [ 37.136, -2.1306 ], [ 37.1358, -2.1368 ], [ 37.1424, -2.1388 ], [ 37.1408, -2.1422 ], [ 37.1498, -2.1605 ], [ 37.1513, -2.1791 ], [ 37.1542, -2.1827 ], [ 37.1601, -2.1813 ], [ 37.1651, -2.1868 ], [ 37.1807, -2.1837 ], [ 37.191, -2.1864 ], [ 37.2073, -2.2058 ], [ 37.239, -2.2018 ], [ 37.2453, -2.2082 ], [ 37.2745, -2.2062 ], [ 37.2851, -2.2144 ], [ 37.3395, -2.2379 ], [ 37.3596, -2.2749 ], [ 37.3776, -2.3353 ], [ 37.4052, -2.3497 ], [ 37.4511, -2.395 ], [ 37.5031, -2.3977 ], [ 37.5191, -2.4024 ], [ 37.5289, -2.3959 ], [ 37.5364, -2.3808 ], [ 37.5414, -2.3783 ], [ 37.5709, -2.3844 ], [ 37.6187, -2.3692 ], [ 37.647, -2.3701 ], [ 37.5964, -2.3117 ], [ 37.6015, -2.3092 ], [ 37.6043, -2.3112 ], [ 37.6122, -2.2977 ], [ 37.6177, -2.2973 ], [ 37.6224, -2.3042 ], [ 37.6311, -2.3012 ], [ 37.6321, -2.294 ], [ 37.6459, -2.2992 ], [ 37.6481, -2.2917 ], [ 37.6553, -2.2875 ], [ 37.6643, -2.2899 ], [ 37.67, -2.2877 ], [ 37.6674, -2.2808 ], [ 37.6721, -2.2794 ], [ 37.6733, -2.2678 ], [ 37.6785, -2.2644 ], [ 37.6762, -2.26 ], [ 37.6787, -2.2431 ], [ 37.6749, -2.228 ], [ 37.6838, -2.2238 ], [ 37.7061, -2.1945 ], [ 37.7155, -2.1904 ], [ 37.7243, -2.1906 ], [ 37.7233, -2.1879 ], [ 37.7075, -2.1814 ], [ 37.7059, -2.1728 ], [ 37.7001, -2.1648 ], [ 37.6638, -2.1553 ], [ 37.6196, -2.1609 ], [ 37.5925, -2.1528 ], [ 37.5733, -2.1378 ], [ 37.5648, -2.1269 ], [ 37.5443, -2.1244 ], [ 37.5438, -2.1152 ], [ 37.5336, -2.1058 ], [ 37.4786, -2.0839 ], [ 37.4759, -2.0908 ], [ 37.4625, -2.0852 ], [ 37.4651, -2.0788 ], [ 37.4518, -2.0728 ], [ 37.3821, -2.0225 ], [ 37.3646, -2.0219 ], [ 37.3645, -2.0138 ], [ 37.3603, -2.0117 ], [ 37.3138, -2.0069 ], [ 37.3079, -2.0018 ], [ 37.2993, -2.0034 ], [ 37.2801, -1.9937 ], [ 37.2756, -1.9748 ], [ 37.2658, -1.9584 ], [ 37.2554, -1.9567 ], [ 37.2361, -1.9352 ], [ 37.2113, -1.9314 ], [ 37.1866, -1.933 ], [ 37.1827, -1.9292 ], [ 37.1831, -1.9229 ], [ 37.1701, -1.9159 ], [ 37.1576, -1.8961 ], [ 37.1589, -1.8917 ], [ 37.153, -1.8858 ], [ 37.1605, -1.8823 ], [ 37.1605, -1.874 ], [ 37.1637, -1.8708 ], [ 37.1623, -1.8568 ], [ 37.1544, -1.8438 ], [ 37.1419, -1.8385 ], [ 37.1487, -1.8309 ], [ 37.1435, -1.8274 ], [ 37.1457, -1.8188 ], [ 37.1413, -1.8116 ], [ 37.1524, -1.8011 ], [ 37.1511, -1.7944 ], [ 37.1604, -1.7792 ], [ 37.152, -1.776 ], [ 37.1585, -1.7638 ], [ 37.1486, -1.7583 ], [ 37.1475, -1.7375 ], [ 37.1411, -1.7357 ], [ 37.1322, -1.7425 ], [ 37.1116, -1.7333 ], [ 37.0065, -1.5927 ], [ 37.0004, -1.5973 ], [ 36.9908, -1.5849 ], [ 36.996, -1.581 ], [ 36.9776, -1.5531 ], [ 36.9662, -1.5533 ], [ 36.9572, -1.5423 ], [ 36.9573, -1.5327 ], [ 36.963, -1.5258 ], [ 36.9627, -1.5108 ], [ 36.9743, -1.4988 ], [ 36.9709, -1.4891 ], [ 36.9776, -1.4748 ], [ 36.9474, -1.4592 ], [ 36.9495, -1.4551 ], [ 36.9369, -1.4528 ], [ 36.9309, -1.4569 ], [ 36.9232, -1.4563 ], [ 36.9202, -1.4617 ], [ 36.8842, -1.4847 ], [ 36.8783, -1.4756 ], [ 36.8899, -1.4123 ] ] ] } },
{ "type": "Feature", "properties": { "iso3": "KEN", "unit_id": "43622606B3492453368832", "unit_name": "Kajiado South" }, "geometry": { "type": "Polygon", "coordinates": [ [ [ 37.853, -3.18 ], [ 37.8545, -3.08 ], [ 37.8706, -3.0775 ], [ 37.8944, -2.8857 ], [ 37.9179, -2.8684 ], [ 37.9374, -2.7708 ], [ 37.9298, -2.7629 ], [ 37.9263, -2.7491 ], [ 37.9301, -2.7225 ], [ 37.9244, -2.7087 ], [ 37.921, -2.7044 ], [ 37.9011, -2.7015 ], [ 37.8923, -2.6744 ], [ 37.8789, -2.6609 ], [ 37.8497, -2.6039 ], [ 37.647, -2.3701 ], [ 37.6187, -2.3692 ], [ 37.5709, -2.3844 ], [ 37.5414, -2.3783 ], [ 37.5364, -2.3808 ], [ 37.5289, -2.3959 ], [ 37.5191, -2.4024 ], [ 37.5031, -2.3977 ], [ 37.4511, -2.395 ], [ 37.4052, -2.3497 ], [ 37.3776, -2.3353 ], [ 37.3596, -2.2749 ], [ 37.3395, -2.2379 ], [ 37.2851, -2.2144 ], [ 37.2745, -2.2062 ], [ 37.2453, -2.2082 ], [ 37.239, -2.2018 ], [ 37.2073, -2.2058 ], [ 37.1987, -2.1975 ], [ 37.1983, -2.1932 ], [ 37.1957, -2.1942 ], [ 37.191, -2.1864 ], [ 37.187, -2.1854 ], [ 37.1564, -2.196 ], [ 37.1384, -2.2103 ], [ 37.1172, -2.2206 ], [ 37.1006, -2.2384 ], [ 37.0869, -2.2682 ], [ 37.0695, -2.3201 ], [ 37.0486, -2.4334 ], [ 37.0435, -2.5199 ], [ 37.0194, -2.5007 ], [ 36.9981, -2.4715 ], [ 36.99, -2.4707 ], [ 36.9724, -2.4872 ], [ 36.9602, -2.5128 ], [ 36.9368, -2.5461 ], [ 36.9162, -2.555 ], [ 36.9016, -2.6106 ], [ 37.5039, -2.9483 ], [ 37.6719, -3.0587 ], [ 37.6921, -3.1751 ], [ 37.7917, -3.1712 ], [ 37.7943, -3.1739 ], [ 37.8044, -3.1675 ], [ 37.8158, -3.1707 ], [ 37.8332, -3.1868 ], [ 37.8387, -3.1871 ], [ 37.853, -3.18 ] ] ] } },
{ "type": "Feature", "properties": { "iso3": "KEN", "unit_id": "43622606B58535989519562", "unit_name": "Kipkelion East" }, "geometry": { "type": "Polygon", "coordinates": [ [ [ 35.4351, 0.0272 ], [ 35.4381, 0.02 ], [ 35.4136, 0.0053 ], [ 35.4045, -0.0212 ], [ 35.4241, -0.076 ], [ 35.4554, -0.0768 ], [ 35.4571, -0.0859 ], [ 35.4742, -0.0978 ], [ 35.4868, -0.0731 ], [ 35.4928, -0.0739 ], [ 35.5099, -0.1019 ], [ 35.5118, -0.1234 ], [ 35.5227, -0.124 ], [ 35.53, -0.1353 ], [ 35.5286, -0.1417 ], [ 35.5219, -0.1444 ], [ 35.5153, -0.1427 ], [ 35.5175, -0.173 ], [ 35.5127, -0.1884 ], [ 35.5081, -0.1837 ], [ 35.4852, -0.1902 ], [ 35.4852, -0.1941 ], [ 35.4747, -0.1983 ], [ 35.4746, -0.2089 ], [ 35.4623, -0.2135 ], [ 35.4578, -0.2054 ], [ 35.4501, -0.2105 ], [ 35.4458, -0.2075 ], [ 35.444, -0.211 ], [ 35.4247, -0.2157 ], [ 35.4221, -0.2217 ], [ 35.4099, -0.2258 ], [ 35.4022, -0.2337 ], [ 35.3893, -0.2265 ], [ 35.3637, -0.2426 ], [ 35.3458, -0.2338 ], [ 35.322, -0.2471 ], [ 35.3304, -0.2531 ], [ 35.3404, -0.2524 ], [ 35.3558, -0.2604 ], [ 35.3615, -0.2594 ], [ 35.3653, -0.2666 ], [ 35.3842, -0.2655 ], [ 35.4166, -0.2529 ], [ 35.4095, -0.258 ], [ 35.403, -0.2708 ], [ 35.3696, -0.2939 ], [ 35.3638, -0.2994 ], [ 35.3632, -0.3042 ], [ 35.3506, -0.307 ], [ 35.326, -0.3313 ], [ 35.3383, -0.3443 ], [ 35.3314, -0.3489 ], [ 35.3467, -0.3751 ], [ 35.3559, -0.3736 ], [ 35.368, -0.3777 ], [ 35.3917, -0.3778 ], [ 35.4205, -0.3687 ], [ 35.4294, -0.3626 ], [ 35.442, -0.3491 ], [ 35.444, -0.3505 ], [ 35.4439, -0.3477 ], [ 35.4139, -0.3009 ], [ 35.4521, -0.2869 ], [ 35.4707, -0.2763 ], [ 35.5056, -0.2676 ], [ 35.5244, -0.2686 ], [ 35.5291, -0.2585 ], [ 35.5723, -0.2812 ], [ 35.5693, -0.3023 ], [ 35.5811, -0.3072 ], [ 35.585, -0.2907 ], [ 35.5921, -0.2835 ], [ 35.5935, -0.2758 ], [ 35.6018, -0.2828 ], [ 35.6059, -0.2929 ], [ 35.6113, -0.2877 ], [ 35.6181, -0.2888 ], [ 35.6198, -0.2928 ], [ 35.6312, -0.2865 ], [ 35.6315, -0.2749 ], [ 35.6453, -0.27 ], [ 35.6502, -0.2645 ], [ 35.6576, -0.2329 ], [ 35.6569, -0.2043 ], [ 35.6619, -0.2037 ], [ 35.6642, -0.1928 ], [ 35.675, -0.187 ], [ 35.6661, -0.1832 ], [ 35.6693, -0.1616 ], [ 35.6556, -0.1627 ], [ 35.6469, -0.1495 ], [ 35.64, -0.1485 ], [ 35.6313, -0.1507 ], [ 35.6265, -0.1488 ], [ 35.6126, -0.1566 ], [ 35.6053, -0.1525 ], [ 35.6011, -0.1434 ], [ 35.5976, -0.1287 ], [ 35.5989, -0.1205 ], [ 35.6112, -0.1172 ], [ 35.6126, -0.109 ], [ 35.6231, -0.1012 ], [ 35.6215, -0.0953 ], [ 35.6142, -0.0896 ], [ 35.6155, -0.082 ], [ 35.624, -0.0782 ], [ 35.6396, -0.0593 ], [ 35.6369, -0.0521 ], [ 35.6394, -0.0467 ], [ 35.6332, -0.0339 ], [ 35.6106, -0.0296 ], [ 35.5836, -0.0053 ], [ 35.5438, -0.006 ], [ 35.5229, 0.0158 ], [ 35.5166, 0.0156 ], [ 35.514, 0.0089 ], [ 35.4987, 0.0103 ], [ 35.4935, 0.0153 ], [ 35.4806, 0.0159 ], [ 35.4578, 0.0106 ], [ 35.4579, 0.0142 ], [ 35.471, 0.0204 ], [ 35.4663, 0.0279 ], [ 35.4351, 0.0272 ] ] ] } },
{ "type": "Feature", "properties": { "iso3": "KEN", "unit_id": "43622606B63429491533931", "unit_name": "Kipkelion West" }, "geometry": { "type": "Polygon", "coordinates": [ [ [ 35.2265, -0.1037 ], [ 35.2349, -0.1179 ], [ 35.2536, -0.1183 ], [ 35.2705, -0.15 ], [ 35.2784, -0.1441 ], [ 35.2961, -0.1741 ], [ 35.3307, -0.1747 ], [ 35.3311, -0.1904 ], [ 35.3431, -0.2356 ], [ 35.3488, -0.234 ], [ 35.3567, -0.241 ], [ 35.3637, -0.2426 ], [ 35.3893, -0.2265 ], [ 35.4022, -0.2337 ], [ 35.4099, -0.2258 ], [ 35.4221, -0.2217 ], [ 35.4247, -0.2157 ], [ 35.444, -0.211 ], [ 35.4458, -0.2075 ], [ 35.4501, -0.2105 ], [ 35.4578, -0.2054 ], [ 35.4623, -0.2135 ], [ 35.4746, -0.2089 ], [ 35.4747, -0.1983 ], [ 35.4852, -0.1941 ], [ 35.4852, -0.1902 ], [ 35.4888, -0.1883 ], [ 35.5081, -0.1837 ], [ 35.5127, -0.1884 ], [ 35.5175, -0.173 ], [ 35.5153, -0.1427 ], [ 35.5253, -0.1438 ], [ 35.53, -0.1353 ], [ 35.5227, -0.124 ], [ 35.5118, -0.1234 ], [ 35.5099, -0.1019 ], [ 35.4928, -0.0739 ], [ 35.4868, -0.0731 ], [ 35.4742, -0.0978 ], [ 35.4571, -0.0859 ], [ 35.4554, -0.0768 ], [ 35.4241, -0.076 ], [ 35.401, -0.085 ], [ 35.3719, -0.1073 ], [ 35.3385, -0.1083 ], [ 35.3077, -0.0835 ], [ 35.2796, -0.0973 ], [ 35.2265, -0.1037 ] ] ] } },
{ "type": "Feature", "properties": { "iso3": "KEN", "unit_id": "43622606B55699190534637", "unit_name": "Ainamoi" }, "geometry": { "type": "Polygon", "coordinates": [ [ [ 35.3249, -0.2506 ], [ 35.3205, -0.2462 ], [ 35.3136, -0.2471 ], [ 35.3067, -0.2386 ], [ 35.2996, -0.2362 ], [ 35.2696, -0.2355 ], [ 35.2609, -0.2279 ], [ 35.263, -0.2217 ], [ 35.2531, -0.2153 ], [ 35.2494, -0.2253 ], [ 35.2522, -0.2484 ], [ 35.2479, -0.2539 ], [ 35.2457, -0.2655 ], [ 35.2391, -0.2571 ], [ 35.2281, -0.2509 ], [ 35.2259, -0.2532 ], [ 35.2096, -0.2428 ], [ 35.2024, -0.2476 ], [ 35.2053, -0.2569 ], [ 35.2026, -0.259 ], [ 35.1885, -0.2505 ], [ 35.1857, -0.2581 ], [ 35.1891, -0.2673 ], [ 35.1812, -0.2696 ], [ 35.18, -0.2915 ], [ 35.1646, -0.3059 ], [ 35.1766, -0.3133 ], [ 35.1701, -0.3271 ], [ 35.177, -0.3269 ], [ 35.1974, -0.3143 ], [ 35.2173, -0.3164 ], [ 35.2352, -0.3248 ], [ 35.2448, -0.3504 ], [ 35.2311, -0.3667 ], [ 35.2424, -0.3743 ], [ 35.2446, -0.3806 ], [ 35.2333, -0.3964 ], [ 35.239, -0.4042 ], [ 35.2473, -0.4086 ], [ 35.2647, -0.4025 ], [ 35.2721, -0.395 ], [ 35.2817, -0.3985 ], [ 35.2913, -0.3971 ], [ 35.2837, -0.3891 ], [ 35.3051, -0.3695 ], [ 35.2999, -0.3625 ], [ 35.3031, -0.3584 ], [ 35.3175, -0.3503 ], [ 35.3288, -0.3488 ], [ 35.3324, -0.3514 ], [ 35.3314, -0.3489 ], [ 35.3383, -0.3443 ], [ 35.326, -0.3313 ], [ 35.3506, -0.307 ], [ 35.3632, -0.3042 ], [ 35.3638, -0.2994 ], [ 35.3696, -0.2939 ], [ 35.403, -0.2708 ], [ 35.4095, -0.258 ], [ 35.4166, -0.2529 ], [ 35.3842, -0.2655 ], [ 35.3653, -0.2666 ], [ 35.3615, -0.2594 ], [ 35.3558, -0.2604 ], [ 35.3404, -0.2524 ], [ 35.3249, -0.2506 ] ] ] } },
{ "type": "Feature", "properties": { "iso3": "KEN", "unit_id": "43622606B56183492584736", "unit_name": "Buret" }, "geometry": { "type": "Polygon", "coordinates": [ [ [ 35.1815, -0.4822 ], [ 35.1733, -0.4688 ], [ 35.1685, -0.4699 ], [ 35.1582, -0.463 ], [ 35.1504, -0.4642 ], [ 35.1415, -0.4553 ], [ 35.1357, -0.464 ], [ 35.1296, -0.4591 ], [ 35.1209, -0.4581 ], [ 35.1054, -0.4674 ], [ 35.1006, -0.466 ], [ 35.0973, -0.4721 ], [ 35.0931, -0.4693 ], [ 35.0888, -0.474 ], [ 35.0853, -0.4723 ], [ 35.074, -0.4878 ], [ 35.0587, -0.4903 ], [ 35.0531, -0.4952 ], [ 35.0566, -0.5054 ], [ 35.048, -0.5227 ], [ 35.0526, -0.5322 ], [ 35.0495, -0.5361 ], [ 35.0524, -0.5433 ], [ 35.0482, -0.5697 ], [ 35.0519, -0.5851 ], [ 35.0616, -0.6012 ], [ 35.0583, -0.6196 ], [ 35.0632, -0.6206 ], [ 35.0672, -0.6034 ], [ 35.0723, -0.5975 ], [ 35.0828, -0.5982 ], [ 35.0818, -0.605 ], [ 35.0869, -0.608 ], [ 35.0837, -0.6207 ], [ 35.0878, -0.6234 ], [ 35.0825, -0.6316 ], [ 35.0827, -0.6378 ], [ 35.0802, -0.6374 ], [ 35.0831, -0.6414 ], [ 35.0802, -0.6502 ], [ 35.0929, -0.6569 ], [ 35.1148, -0.6529 ], [ 35.1251, -0.6615 ], [ 35.1325, -0.6578 ], [ 35.1781, -0.6551 ], [ 35.1791, -0.6514 ], [ 35.1956, -0.6437 ], [ 35.1984, -0.6368 ], [ 35.2284, -0.6133 ], [ 35.2247, -0.5969 ], [ 35.2128, -0.5917 ], [ 35.1956, -0.5746 ], [ 35.1966, -0.563 ], [ 35.2061, -0.5473 ], [ 35.1977, -0.5362 ], [ 35.1988, -0.5252 ], [ 35.1895, -0.5177 ], [ 35.1931, -0.5071 ], [ 35.1783, -0.4994 ], [ 35.1815, -0.4822 ] ] ] } },
{ "type": "Feature", "properties": { "iso3": "KEN", "unit_id": "43622606B42939599000558", "unit_name": "Belgut" }, "geometry": { "type": "Polygon", "coordinates": [ [ [ 35.4726, -0.3995 ], [ 35.442, -0.3491 ], [ 35.4205, -0.3687 ], [ 35.3917, -0.3778 ], [ 35.3841, -0.3758 ], [ 35.3813, -0.3789 ], [ 35.3559, -0.3736 ], [ 35.3467, -0.3751 ], [ 35.3324, -0.3514 ], [ 35.3288, -0.3488 ], [ 35.3175, -0.3503 ], [ 35.3031, -0.3584 ], [ 35.2999, -0.3625 ], [ 35.3051, -0.3695 ], [ 35.2837, -0.3891 ], [ 35.2913, -0.3971 ], [ 35.2817, -0.3985 ], [ 35.2721, -0.395 ], [ 35.2647, -0.4025 ], [ 35.2473, -0.4086 ], [ 35.239, -0.4042 ], [ 35.2333, -0.3964 ], [ 35.2446, -0.3806 ], [ 35.2424, -0.3743 ], [ 35.2311, -0.3667 ], [ 35.2448, -0.3504 ], [ 35.241, -0.344 ], [ 35.2404, -0.3333 ], [ 35.2295, -0.3207 ], [ 35.1974, -0.3143 ], [ 35.177, -0.3269 ], [ 35.1559, -0.3286 ], [ 35.1478, -0.3323 ], [ 35.1389, -0.3309 ], [ 35.1278, -0.3362 ], [ 35.1243, -0.3481 ], [ 35.1436, -0.3563 ], [ 35.146, -0.3685 ], [ 35.14, -0.373 ], [ 35.1404, -0.3798 ], [ 35.1352, -0.3864 ], [ 35.1172, -0.3869 ], [ 35.0925, -0.4198 ], [ 35.0841, -0.4694 ], [ 35.0869, -0.4742 ], [ 35.0931, -0.4693 ], [ 35.0973, -0.4721 ], [ 35.1006, -0.466 ], [ 35.1054, -0.4674 ], [ 35.1209, -0.4581 ], [ 35.1296, -0.4591 ], [ 35.1357, -0.464 ], [ 35.1415, -0.4553 ], [ 35.1504, -0.4642 ], [ 35.1582, -0.463 ], [ 35.1685, -0.4699 ], [ 35.1733, -0.4688 ], [ 35.1825, -0.4837 ], [ 35.2024, -0.4815 ], [ 35.215, -0.4785 ], [ 35.2208, -0.4737 ], [ 35.2214, -0.4715 ], [ 35.2089, -0.4653 ], [ 35.2177, -0.4541 ], [ 35.2321, -0.422 ], [ 35.2509, -0.4189 ], [ 35.2615, -0.4224 ], [ 35.2774, -0.4159 ], [ 35.3032, -0.4242 ], [ 35.3234, -0.419 ], [ 35.3354, -0.4061 ], [ 35.3509, -0.4089 ], [ 35.3614, -0.4073 ], [ 35.3618, -0.4124 ], [ 35.3571, -0.4179 ], [ 35.3439, -0.4229 ], [ 35.3377, -0.4317 ], [ 35.3525, -0.4285 ], [ 35.3616, -0.4214 ], [ 35.3625, -0.4823 ], [ 35.3689, -0.4834 ], [ 35.3767, -0.479 ], [ 35.3808, -0.4719 ], [ 35.3863, -0.4725 ], [ 35.3947, -0.4596 ], [ 35.4056, -0.4607 ], [ 35.4116, -0.4552 ], [ 35.4271, -0.4545 ], [ 35.4403, -0.4306 ], [ 35.453, -0.4228 ], [ 35.4633, -0.4057 ], [ 35.4726, -0.3995 ] ] ] } },
{ "type": "Feature", "properties": { "iso3": "KEN", "unit_id": "43622606B32804255025336", "unit_name": "Sigowet/Soin" }, "geometry": { "type": "Polygon", "coordinates": [ [ [ 35.2531, -0.2153 ], [ 35.2459, -0.2015 ], [ 35.237, -0.1993 ], [ 35.2325, -0.1933 ], [ 35.227, -0.1948 ], [ 35.2191, -0.1918 ], [ 35.2155, -0.1735 ], [ 35.1976, -0.1608 ], [ 35.1863, -0.1576 ], [ 35.1822, -0.1631 ], [ 35.1704, -0.161 ], [ 35.1668, -0.1635 ], [ 35.1679, -0.1603 ], [ 35.1646, -0.1603 ], [ 35.1569, -0.164 ], [ 35.138, -0.1608 ], [ 35.1338, -0.1538 ], [ 35.1292, -0.1535 ], [ 35.103, -0.1997 ], [ 35.0719, -0.2072 ], [ 35.0636, -0.2156 ], [ 35.0574, -0.2353 ], [ 35.051, -0.2921 ], [ 35.0469, -0.3006 ], [ 35.0235, -0.3222 ], [ 35.0092, -0.3295 ], [ 35.0059, -0.3349 ], [ 35.0046, -0.3557 ], [ 35.0106, -0.3893 ], [ 35.0177, -0.3958 ], [ 35.0208, -0.4121 ], [ 35.0265, -0.4127 ], [ 35.0336, -0.4199 ], [ 35.0384, -0.4285 ], [ 35.0385, -0.4359 ], [ 35.0449, -0.4436 ], [ 35.0459, -0.4522 ], [ 35.0421, -0.4558 ], [ 35.0407, -0.4778 ], [ 35.0394, -0.4823 ], [ 35.034, -0.4827 ], [ 35.0329, -0.4962 ], [ 35.0524, -0.4981 ], [ 35.0587, -0.4903 ], [ 35.0718, -0.4893 ], [ 35.0853, -0.4723 ], [ 35.0852, -0.4507 ], [ 35.0925, -0.4198 ], [ 35.1172, -0.3869 ], [ 35.1352, -0.3864 ], [ 35.1404, -0.3798 ], [ 35.14, -0.373 ], [ 35.146, -0.3685 ], [ 35.1436, -0.3563 ], [ 35.1243, -0.3481 ], [ 35.1278, -0.3362 ], [ 35.1389, -0.3309 ], [ 35.1478, -0.3323 ], [ 35.1701, -0.3271 ], [ 35.1766, -0.3133 ], [ 35.1646, -0.3059 ], [ 35.18, -0.2915 ], [ 35.1812, -0.2696 ], [ 35.1891, -0.2673 ], [ 35.1857, -0.2581 ], [ 35.1885, -0.2505 ], [ 35.2026, -0.259 ], [ 35.2053, -0.2569 ], [ 35.2024, -0.2476 ], [ 35.2096, -0.2428 ], [ 35.2259, -0.2532 ], [ 35.2281, -0.2509 ], [ 35.2391, -0.2571 ], [ 35.2457, -0.2655 ], [ 35.2479, -0.2539 ], [ 35.2522, -0.2484 ], [ 35.2494, -0.2253 ], [ 35.2531, -0.2153 ] ] ] } },
{ "type": "Feature", "properties": { "iso3": "KEN", "unit_id": "43622606B89019509378092", "unit_name": "Sotik" }, "geometry": { "type": "Polygon", "coordinates": [ [ [ 35.1166, -0.9323 ], [ 35.129, -0.928 ], [ 35.1371, -0.9174 ], [ 35.138, -0.9112 ], [ 35.13, -0.9008 ], [ 35.1365, -0.8911 ], [ 35.1464, -0.8604 ], [ 35.137, -0.8388 ], [ 35.1423, -0.8353 ], [ 35.1563, -0.8336 ], [ 35.1678, -0.837 ], [ 35.1693, -0.8289 ], [ 35.1736, -0.8276 ], [ 35.1753, -0.8208 ], [ 35.169, -0.8184 ], [ 35.1742, -0.7997 ], [ 35.17, -0.7954 ], [ 35.1724, -0.7892 ], [ 35.1751, -0.7887 ], [ 35.1795, -0.7949 ], [ 35.1905, -0.7895 ], [ 35.1941, -0.7919 ], [ 35.1998, -0.7862 ], [ 35.2001, -0.7708 ], [ 35.207, -0.7713 ], [ 35.2092, -0.7658 ], [ 35.223, -0.7635 ], [ 35.2269, -0.757 ], [ 35.2363, -0.7568 ], [ 35.2376, -0.75 ], [ 35.2434, -0.7462 ], [ 35.2439, -0.6931 ], [ 35.2524, -0.6824 ], [ 35.2584, -0.6819 ], [ 35.2626, -0.6757 ], [ 35.2639, -0.6652 ], [ 35.2614, -0.6585 ], [ 35.2472, -0.6489 ], [ 35.2463, -0.6419 ], [ 35.2247, -0.6376 ], [ 35.2403, -0.6297 ], [ 35.2399, -0.6206 ], [ 35.2284, -0.6133 ], [ 35.1984, -0.6368 ], [ 35.1956, -0.6437 ], [ 35.1791, -0.6514 ], [ 35.1781, -0.6551 ], [ 35.1325, -0.6578 ], [ 35.1251, -0.6615 ], [ 35.1148, -0.6529 ], [ 35.0929, -0.6569 ], [ 35.0802, -0.6502 ], [ 35.0831, -0.6414 ], [ 35.0802, -0.6374 ], [ 35.0827, -0.6378 ], [ 35.0825, -0.6316 ], [ 35.0878, -0.6234 ], [ 35.0837, -0.6207 ], [ 35.0869, -0.608 ], [ 35.0818, -0.605 ], [ 35.0828, -0.5982 ], [ 35.0698, -0.599 ], [ 35.0632, -0.6206 ], [ 35.0583, -0.6196 ], [ 35.0642, -0.6293 ], [ 35.0558, -0.643 ], [ 35.0551, -0.656 ], [ 35.0722, -0.6908 ], [ 35.0502, -0.7006 ], [ 35.0479, -0.7065 ], [ 35.0913, -0.8009 ], [ 35.0444, -0.8525 ], [ 35.0317, -0.8446 ], [ 35.0214, -0.8474 ], [ 35.0254, -0.8728 ], [ 35.0204, -0.8694 ], [ 35.0179, -0.871 ], [ 35.0121, -0.8796 ], [ 35.0128, -0.8879 ], [ 35.0826, -0.9045 ], [ 35.1166, -0.9323 ] ] ] } },
{ "type": "Feature", "properties": { "iso3": "KEN", "unit_id": "43622606B5492454110758", "unit_name": "Chepalungu" }, "geometry": { "type": "Polygon", "coordinates": [ [ [ 35.2486, -1.0329 ], [ 35.2487, -1.029 ], [ 35.2581, -1.0265 ], [ 35.261, -1.0199 ], [ 35.2711, -1.0217 ], [ 35.27, -1.0184 ], [ 35.2773, -1.0169 ], [ 35.2814, -1.0107 ], [ 35.2844, -1.0125 ], [ 35.2989, -1.002 ], [ 35.3034, -1.0034 ], [ 35.3079, -0.9988 ], [ 35.3124, -0.999 ], [ 35.3116, -0.9937 ], [ 35.3157, -0.9929 ], [ 35.3142, -0.9914 ], [ 35.319, -0.9864 ], [ 35.3278, -0.9847 ], [ 35.3336, -0.9743 ], [ 35.3398, -0.9774 ], [ 35.3393, -0.9737 ], [ 35.3461, -0.9699 ], [ 35.3507, -0.9771 ], [ 35.3516, -0.9668 ], [ 35.345, -0.9385 ], [ 35.3494, -0.93 ], [ 35.3446, -0.9159 ], [ 35.3527, -0.889 ], [ 35.3493, -0.8751 ], [ 35.3605, -0.8578 ], [ 35.3631, -0.8417 ], [ 35.3546, -0.825 ], [ 35.3521, -0.8111 ], [ 35.3711, -0.7851 ], [ 35.3525, -0.7828 ], [ 35.3431, -0.7884 ], [ 35.3432, -0.793 ], [ 35.3405, -0.7913 ], [ 35.3401, -0.795 ], [ 35.3388, -0.7932 ], [ 35.3331, -0.7969 ], [ 35.3278, -0.7804 ], [ 35.3304, -0.7757 ], [ 35.3102, -0.7549 ], [ 35.2858, -0.7773 ], [ 35.2486, -0.7897 ], [ 35.274, -0.8154 ], [ 35.258, -0.8124 ], [ 35.2431, -0.8178 ], [ 35.2387, -0.815 ], [ 35.2266, -0.8152 ], [ 35.2132, -0.808 ], [ 35.2044, -0.7905 ], [ 35.1958, -0.7876 ], [ 35.1941, -0.7919 ], [ 35.1905, -0.7895 ], [ 35.1795, -0.7949 ], [ 35.1751, -0.7887 ], [ 35.17, -0.7954 ], [ 35.1742, -0.7997 ], [ 35.169, -0.8184 ], [ 35.1753, -0.8208 ], [ 35.1736, -0.8276 ], [ 35.1693, -0.8289 ], [ 35.1678, -0.837 ], [ 35.1563, -0.8336 ], [ 35.1423, -0.8353 ], [ 35.137, -0.8388 ], [ 35.1464, -0.8604 ], [ 35.1365, -0.8911 ], [ 35.13, -0.9008 ], [ 35.138, -0.9112 ], [ 35.1371, -0.9174 ], [ 35.129, -0.928 ], [ 35.1166, -0.9323 ], [ 35.2387, -1.0337 ], [ 35.2486, -1.0329 ] ] ] } },
{ "type": "Feature", "properties": { "iso3": "KEN", "unit_id": "43622606B81760308540672", "unit_name": "Bomet East" }, "geometry": { "type": "Polygon", "coordinates": [ [ [ 35.433, -0.7268 ], [ 35.4256, -0.7321 ], [ 35.4237, -0.7303 ], [ 35.4153, -0.734 ], [ 35.4096, -0.7442 ], [ 35.4017, -0.7403 ], [ 35.394, -0.7416 ], [ 35.3886, -0.7234 ], [ 35.3792, -0.7231 ], [ 35.3781, -0.7279 ], [ 35.3819, -0.7274 ], [ 35.3868, -0.7322 ], [ 35.3931, -0.7497 ], [ 35.3917, -0.7542 ], [ 35.3851, -0.753 ], [ 35.3862, -0.7485 ], [ 35.3813, -0.7535 ], [ 35.3846, -0.7556 ], [ 35.3853, -0.7624 ], [ 35.3947, -0.7654 ], [ 35.3989, -0.7739 ], [ 35.3943, -0.7696 ], [ 35.3883, -0.7747 ], [ 35.3794, -0.7734 ], [ 35.3734, -0.7638 ], [ 35.3656, -0.7611 ], [ 35.3613, -0.7649 ], [ 35.357, -0.7642 ], [ 35.3567, -0.768 ], [ 35.35, -0.7705 ], [ 35.3517, -0.7736 ], [ 35.3398, -0.7807 ], [ 35.3358, -0.7957 ], [ 35.3401, -0.795 ], [ 35.3405, -0.7913 ], [ 35.3432, -0.793 ], [ 35.3431, -0.7884 ], [ 35.3525, -0.7828 ], [ 35.3711, -0.7851 ], [ 35.3521, -0.8111 ], [ 35.3546, -0.825 ], [ 35.3631, -0.8417 ], [ 35.3605, -0.8578 ], [ 35.3493, -0.8751 ], [ 35.3527, -0.889 ], [ 35.3446, -0.9159 ], [ 35.3494, -0.93 ], [ 35.345, -0.9385 ], [ 35.352, -0.9695 ], [ 35.3548, -0.9674 ], [ 35.3593, -0.9707 ], [ 35.3634, -0.9688 ], [ 35.366, -0.973 ], [ 35.3701, -0.9719 ], [ 35.3697, -0.9672 ], [ 35.373, -0.9687 ], [ 35.378, -0.9594 ], [ 35.398, -0.956 ], [ 35.4035, -0.9475 ], [ 35.4213, -0.9439 ], [ 35.4208, -0.9403 ], [ 35.4237, -0.9394 ], [ 35.4215, -0.9345 ], [ 35.4259, -0.9315 ], [ 35.4226, -0.9207 ], [ 35.4279, -0.9169 ], [ 35.4239, -0.9045 ], [ 35.4291, -0.9038 ], [ 35.4304, -0.8955 ], [ 35.4355, -0.8965 ], [ 35.4401, -0.8935 ], [ 35.4386, -0.8864 ], [ 35.443, -0.8873 ], [ 35.4458, -0.8814 ], [ 35.4494, -0.881 ], [ 35.4494, -0.8835 ], [ 35.4535, -0.8799 ], [ 35.4555, -0.8827 ], [ 35.4553, -0.8757 ], [ 35.4618, -0.872 ], [ 35.4613, -0.8623 ], [ 35.4679, -0.8623 ], [ 35.4723, -0.8589 ], [ 35.4713, -0.8553 ], [ 35.4771, -0.8532 ], [ 35.4791, -0.8389 ], [ 35.4871, -0.8296 ], [ 35.494, -0.8276 ], [ 35.4967, -0.8231 ], [ 35.5099, -0.8221 ], [ 35.513, -0.816 ], [ 35.5167, -0.8169 ], [ 35.5205, -0.8135 ], [ 35.5212, -0.8082 ], [ 35.5271, -0.8082 ], [ 35.5465, -0.7876 ], [ 35.5343, -0.7783 ], [ 35.5083, -0.7749 ], [ 35.4808, -0.7641 ], [ 35.433, -0.7268 ] ] ] } },
{ "type": "Feature", "properties": { "iso3": "KEN", "unit_id": "43622606B14742769063450", "unit_name": "Bomet Central" }, "geometry": { "type": "Polygon", "coordinates": [ [ [ 35.3972, -0.6442 ], [ 35.3919, -0.653 ], [ 35.384, -0.6564 ], [ 35.3776, -0.6539 ], [ 35.3738, -0.6476 ], [ 35.3691, -0.6498 ], [ 35.353, -0.6471 ], [ 35.3412, -0.6509 ], [ 35.3382, -0.647 ], [ 35.3229, -0.6539 ], [ 35.3076, -0.649 ], [ 35.3056, -0.6516 ], [ 35.294, -0.6492 ], [ 35.2822, -0.6585 ], [ 35.2762, -0.6589 ], [ 35.2647, -0.6755 ], [ 35.2584, -0.6819 ], [ 35.2524, -0.6824 ], [ 35.2439, -0.6931 ], [ 35.2434, -0.7462 ], [ 35.2376, -0.75 ], [ 35.2363, -0.7568 ], [ 35.2269, -0.757 ], [ 35.223, -0.7635 ], [ 35.2092, -0.7658 ], [ 35.207, -0.7713 ], [ 35.2001, -0.7708 ], [ 35.199, -0.7879 ], [ 35.2069, -0.7936 ], [ 35.2132, -0.808 ], [ 35.2266, -0.8152 ], [ 35.2387, -0.815 ], [ 35.2431, -0.8178 ], [ 35.258, -0.8124 ], [ 35.274, -0.8154 ], [ 35.2486, -0.7897 ], [ 35.2858, -0.7773 ], [ 35.3102, -0.7549 ], [ 35.3304, -0.7757 ], [ 35.3278, -0.7804 ], [ 35.3331, -0.7969 ], [ 35.3398, -0.7807 ], [ 35.3517, -0.7736 ], [ 35.35, -0.7705 ], [ 35.3567, -0.768 ], [ 35.357, -0.7642 ], [ 35.3613, -0.7649 ], [ 35.3656, -0.7611 ], [ 35.3734, -0.7638 ], [ 35.3794, -0.7734 ], [ 35.3883, -0.7747 ], [ 35.3943, -0.7696 ], [ 35.3989, -0.7739 ], [ 35.3947, -0.7654 ], [ 35.3853, -0.7624 ], [ 35.3846, -0.7556 ], [ 35.3813, -0.7535 ], [ 35.3862, -0.7485 ], [ 35.3851, -0.753 ], [ 35.3917, -0.7542 ], [ 35.3931, -0.7497 ], [ 35.3868, -0.7322 ], [ 35.3819, -0.7274 ], [ 35.3781, -0.7279 ], [ 35.3792, -0.7231 ], [ 35.3886, -0.7234 ], [ 35.394, -0.7416 ], [ 35.4017, -0.7403 ], [ 35.4096, -0.7442 ], [ 35.4153, -0.734 ], [ 35.4237, -0.7303 ], [ 35.4256, -0.7321 ], [ 35.433, -0.7268 ], [ 35.4265, -0.7214 ], [ 35.3972, -0.6442 ] ] ] } },
{ "type": "Feature", "properties": { "iso3": "KEN", "unit_id": "43622606B93011883050809", "unit_name": "Konoin" }, "geometry": { "type": "Polygon", "coordinates": [ [ [ 35.5873, -0.5872 ], [ 35.4736, -0.3992 ], [ 35.4633, -0.4057 ], [ 35.453, -0.4228 ], [ 35.4403, -0.4306 ], [ 35.4271, -0.4545 ], [ 35.4116, -0.4552 ], [ 35.4056, -0.4607 ], [ 35.3947, -0.4596 ], [ 35.3863, -0.4725 ], [ 35.3808, -0.4719 ], [ 35.3767, -0.479 ], [ 35.3689, -0.4834 ], [ 35.3625, -0.4823 ], [ 35.3616, -0.4214 ], [ 35.3525, -0.4285 ], [ 35.3377, -0.4317 ], [ 35.3439, -0.4229 ], [ 35.3571, -0.4179 ], [ 35.3618, -0.4124 ], [ 35.3614, -0.4073 ], [ 35.3509, -0.4089 ], [ 35.3354, -0.4061 ], [ 35.3234, -0.419 ], [ 35.3032, -0.4242 ], [ 35.2774, -0.4159 ], [ 35.2615, -0.4224 ], [ 35.2509, -0.4189 ], [ 35.2321, -0.422 ], [ 35.2177, -0.4541 ], [ 35.2089, -0.4653 ], [ 35.2214, -0.4715 ], [ 35.2208, -0.4737 ], [ 35.215, -0.4785 ], [ 35.2024, -0.4815 ], [ 35.1868, -0.4845 ], [ 35.1815, -0.4822 ], [ 35.1776, -0.4948 ], [ 35.1783, -0.4994 ], [ 35.1931, -0.5071 ], [ 35.1895, -0.5177 ], [ 35.1988, -0.5252 ], [ 35.1977, -0.5362 ], [ 35.2061, -0.5473 ], [ 35.1966, -0.563 ], [ 35.1956, -0.5746 ], [ 35.2128, -0.5917 ], [ 35.2247, -0.5969 ], [ 35.2284, -0.6133 ], [ 35.2399, -0.6206 ], [ 35.2403, -0.6297 ], [ 35.2247, -0.6376 ], [ 35.2463, -0.6419 ], [ 35.2472, -0.6489 ], [ 35.2614, -0.6585 ], [ 35.2626, -0.6757 ], [ 35.2647, -0.6755 ], [ 35.2762, -0.6589 ], [ 35.2822, -0.6585 ], [ 35.294, -0.6492 ], [ 35.3056, -0.6516 ], [ 35.3076, -0.649 ], [ 35.3229, -0.6539 ], [ 35.3382, -0.647 ], [ 35.3412, -0.6509 ], [ 35.353, -0.6471 ], [ 35.3691, -0.6498 ], [ 35.3738, -0.6476 ], [ 35.3776, -0.6539 ], [ 35.384, -0.6564 ], [ 35.3919, -0.653 ], [ 35.3972, -0.6442 ], [ 35.5873, -0.5872 ] ] ] } },
{ "type": "Feature", "properties": { "iso3": "KEN", "unit_id": "43622606B13933119710866", "unit_name": "Lugari" }, "geometry": { "type": "Polygon", "coordinates": [ [ [ 35.0406, 0.633 ], [ 35.0435, 0.649 ], [ 35.0394, 0.6587 ], [ 35.0387, 0.6885 ], [ 35.0533, 0.7081 ], [ 35.0541, 0.7294 ], [ 35.0586, 0.7387 ], [ 35.0546, 0.7494 ], [ 35.0626, 0.763 ], [ 35.0445, 0.7617 ], [ 35.0388, 0.7566 ], [ 35.04, 0.7493 ], [ 35.0319, 0.7531 ], [ 35.027, 0.7508 ], [ 35.0275, 0.7453 ], [ 35.0216, 0.7442 ], [ 35.0183, 0.7515 ], [ 35.0123, 0.7545 ], [ 35.0005, 0.7445 ], [ 34.9925, 0.7473 ], [ 34.988, 0.7544 ], [ 34.981, 0.7537 ], [ 34.9772, 0.7573 ], [ 34.9691, 0.7533 ], [ 34.9625, 0.7542 ], [ 34.9566, 0.7496 ], [ 34.9557, 0.7541 ], [ 34.9489, 0.7536 ], [ 34.9402, 0.7409 ], [ 34.9298, 0.7424 ], [ 34.9231, 0.73 ], [ 34.922, 0.724 ], [ 34.9292, 0.7123 ], [ 34.9264, 0.7024 ], [ 34.9201, 0.7006 ], [ 34.91, 0.6871 ], [ 34.8998, 0.6867 ], [ 34.8928, 0.6916 ], [ 34.8797, 0.6838 ], [ 34.8626, 0.6853 ], [ 34.858, 0.6816 ], [ 34.858, 0.6751 ], [ 34.8479, 0.6713 ], [ 34.8371, 0.6579 ], [ 34.8382, 0.6511 ], [ 34.8328, 0.6466 ], [ 34.8359, 0.6387 ], [ 34.8322, 0.6267 ], [ 34.8234, 0.6194 ], [ 34.8151, 0.6169 ], [ 34.7995, 0.6001 ], [ 34.8103, 0.5882 ], [ 34.8012, 0.5874 ], [ 34.7883, 0.5775 ], [ 34.7783, 0.5746 ], [ 34.7709, 0.5661 ], [ 34.7644, 0.5651 ], [ 34.7655, 0.5581 ], [ 34.7598, 0.553 ], [ 34.7601, 0.5488 ], [ 34.7481, 0.5368 ], [ 34.7425, 0.5383 ], [ 34.7385, 0.5342 ], [ 34.7337, 0.5197 ], [ 34.7207, 0.5088 ], [ 34.7173, 0.5118 ], [ 34.7085, 0.5052 ], [ 34.7026, 0.5085 ], [ 34.6994, 0.507 ], [ 34.6884, 0.4866 ], [ 34.6934, 0.4824 ], [ 34.7129, 0.4875 ], [ 34.7343, 0.4773 ], [ 34.7456, 0.4817 ], [ 34.7492, 0.4859 ], [ 34.7533, 0.5076 ], [ 34.7656, 0.5215 ], [ 34.7803, 0.5289 ], [ 34.7927, 0.5246 ], [ 34.7954, 0.5364 ], [ 34.806, 0.547 ], [ 34.8068, 0.5656 ], [ 34.8193, 0.5759 ], [ 34.8339, 0.5808 ], [ 34.8499, 0.5803 ], [ 34.8583, 0.5845 ], [ 34.8594, 0.5883 ], [ 34.8604, 0.585 ], [ 34.8646, 0.5865 ], [ 34.8736, 0.5936 ], [ 34.8765, 0.5902 ], [ 34.8734, 0.5965 ], [ 34.8874, 0.6048 ], [ 34.8889, 0.601 ], [ 34.8956, 0.6032 ], [ 34.8908, 0.6079 ], [ 34.899, 0.6062 ], [ 34.9081, 0.5972 ], [ 34.9205, 0.5927 ], [ 34.9435, 0.6087 ], [ 34.9658, 0.6112 ], [ 34.9769, 0.6251 ], [ 34.9941, 0.631 ], [ 35.0004, 0.6392 ], [ 35.0273, 0.6144 ], [ 35.0406, 0.633 ] ] ] } },
{ "type": "Feature", "properties": { "iso3": "KEN", "unit_id": "43622606B93940076857202", "unit_name": "Likuyani" }, "geometry": { "type": "Polygon", "coordinates": [ [ [ 35.0189, 0.8877 ], [ 35.0131, 0.8633 ], [ 35.0247, 0.8539 ], [ 35.0278, 0.8408 ], [ 35.0246, 0.8325 ], [ 35.0327, 0.8218 ], [ 35.0413, 0.8211 ], [ 35.0512, 0.8034 ], [ 35.0639, 0.7969 ], [ 35.0634, 0.7884 ], [ 35.0676, 0.7844 ], [ 35.0651, 0.7779 ], [ 35.0665, 0.7674 ], [ 35.0546, 0.7494 ], [ 35.0586, 0.7387 ], [ 35.0541, 0.7294 ], [ 35.0533, 0.7081 ], [ 35.0387, 0.6885 ], [ 35.0394, 0.6587 ], [ 35.0435, 0.649 ], [ 35.0412, 0.6405 ], [ 35.0525, 0.6368 ], [ 35.0538, 0.633 ], [ 35.0861, 0.6303 ], [ 35.1038, 0.6478 ], [ 35.116, 0.6424 ], [ 35.1176, 0.6503 ], [ 35.125, 0.6553 ], [ 35.1339, 0.6562 ], [ 35.1413, 0.662 ], [ 35.1549, 0.6627 ], [ 35.1515, 0.6692 ], [ 35.155, 0.6758 ], [ 35.1554, 0.7414 ], [ 35.1444, 0.7409 ], [ 35.1448, 0.8285 ], [ 35.129, 0.8308 ], [ 35.1259, 0.8292 ], [ 35.1253, 0.8211 ], [ 35.1162, 0.8523 ], [ 35.1137, 0.883 ], [ 35.101, 0.8757 ], [ 35.0927, 0.8823 ], [ 35.0863, 0.8823 ], [ 35.0812, 0.8894 ], [ 35.0826, 0.8942 ], [ 35.078, 0.8986 ], [ 35.0623, 0.8982 ], [ 35.0515, 0.9034 ], [ 35.0478, 0.9003 ], [ 35.041, 0.9025 ], [ 35.0321, 0.895 ], [ 35.0242, 0.8968 ], [ 35.0189, 0.8877 ] ] ] } },
{ "type": "Feature", "properties": { "iso3": "KEN", "unit_id": "43622606B99174012418667", "unit_name": "Malava" }, "geometry": { "type": "Polygon", "coordinates": [ [ [ 34.8956, 0.6032 ], [ 34.8889, 0.601 ], [ 34.8874, 0.6048 ], [ 34.8734, 0.5965 ], [ 34.8765, 0.5902 ], [ 34.8736, 0.5936 ], [ 34.8646, 0.5865 ], [ 34.8604, 0.585 ], [ 34.8594, 0.5883 ], [ 34.8583, 0.5845 ], [ 34.8499, 0.5803 ], [ 34.8339, 0.5808 ], [ 34.8193, 0.5759 ], [ 34.8068, 0.5656 ], [ 34.806, 0.547 ], [ 34.7954, 0.5364 ], [ 34.7927, 0.5246 ], [ 34.7803, 0.5289 ], [ 34.7656, 0.5215 ], [ 34.7533, 0.5076 ], [ 34.7492, 0.4859 ], [ 34.7399, 0.4802 ], [ 34.7484, 0.4649 ], [ 34.7243, 0.436 ], [ 34.7237, 0.4285 ], [ 34.7156, 0.4241 ], [ 34.7103, 0.4163 ], [ 34.7166, 0.4146 ], [ 34.7193, 0.4048 ], [ 34.7237, 0.4018 ], [ 34.7218, 0.3974 ], [ 34.7239, 0.394 ], [ 34.7393, 0.3881 ], [ 34.7551, 0.3895 ], [ 34.7614, 0.3811 ], [ 34.7614, 0.3752 ], [ 34.7695, 0.3734 ], [ 34.774, 0.3626 ], [ 34.7959, 0.336 ], [ 34.8184, 0.3389 ], [ 34.8338, 0.351 ], [ 34.8359, 0.3563 ], [ 34.8499, 0.3637 ], [ 34.8486, 0.367 ], [ 34.8549, 0.3707 ], [ 34.863, 0.3669 ], [ 34.8753, 0.3671 ], [ 34.8744, 0.3771 ], [ 34.8819, 0.383 ], [ 34.8952, 0.3827 ], [ 34.9086, 0.3983 ], [ 34.9265, 0.3999 ], [ 34.9379, 0.3903 ], [ 34.9404, 0.3759 ], [ 34.9452, 0.3688 ], [ 34.9448, 0.3599 ], [ 34.9496, 0.3578 ], [ 34.9551, 0.3719 ], [ 34.9561, 0.4172 ], [ 34.924, 0.4773 ], [ 34.9084, 0.4919 ], [ 34.9072, 0.5056 ], [ 34.8521, 0.5478 ], [ 34.8975, 0.6012 ], [ 34.8956, 0.6032 ] ] ] } },
{ "type": "Feature", "properties": { "iso3": "KEN", "unit_id": "43622606B13655473860164", "unit_name": "Lurambi" }, "geometry": { "type": "Polygon", "coordinates": [ [ [ 34.774, 0.3626 ], [ 34.7689, 0.3554 ], [ 34.759, 0.352 ], [ 34.7487, 0.3419 ], [ 34.7391, 0.3413 ], [ 34.7363, 0.3382 ], [ 34.7217, 0.3403 ], [ 34.7152, 0.3296 ], [ 34.7159, 0.3239 ], [ 34.7125, 0.3235 ], [ 34.714, 0.3205 ], [ 34.7026, 0.306 ], [ 34.6746, 0.2981 ], [ 34.6599, 0.3076 ], [ 34.6538, 0.3069 ], [ 34.6427, 0.2985 ], [ 34.6322, 0.2959 ], [ 34.6249, 0.2807 ], [ 34.6186, 0.2837 ], [ 34.6115, 0.2783 ], [ 34.6163, 0.2629 ], [ 34.61, 0.2572 ], [ 34.6051, 0.2576 ], [ 34.6085, 0.2521 ], [ 34.607, 0.2403 ], [ 34.6159, 0.2309 ], [ 34.6071, 0.2106 ], [ 34.6095, 0.1882 ], [ 34.6188, 0.1837 ], [ 34.6262, 0.1892 ], [ 34.6239, 0.1979 ], [ 34.6305, 0.202 ], [ 34.6364, 0.1992 ], [ 34.643, 0.2064 ], [ 34.639, 0.2169 ], [ 34.632, 0.2201 ], [ 34.6309, 0.2343 ], [ 34.6437, 0.2441 ], [ 34.6616, 0.2429 ], [ 34.6739, 0.2487 ], [ 34.6771, 0.2541 ], [ 34.6995, 0.2637 ], [ 34.7077, 0.2599 ], [ 34.7124, 0.2457 ], [ 34.7156, 0.2509 ], [ 34.7276, 0.2558 ], [ 34.7273, 0.2584 ], [ 34.7344, 0.2593 ], [ 34.7388, 0.2564 ], [ 34.7441, 0.2586 ], [ 34.747, 0.2562 ], [ 34.7541, 0.2585 ], [ 34.762, 0.252 ], [ 34.7677, 0.2578 ], [ 34.7731, 0.2581 ], [ 34.777, 0.283 ], [ 34.7824, 0.2812 ], [ 34.7922, 0.2939 ], [ 34.7952, 0.3087 ], [ 34.7857, 0.3257 ], [ 34.7959, 0.336 ], [ 34.774, 0.3626 ] ] ] } },
{ "type": "Feature", "properties": { "iso3": "KEN", "unit_id": "43622606B96311946249474", "unit_name": "Navakholo" }, "geometry": { "type": "Polygon", "coordinates": [ [ [ 34.6884, 0.4866 ], [ 34.6761, 0.4853 ], [ 34.6785, 0.4739 ], [ 34.6736, 0.4722 ], [ 34.6665, 0.4614 ], [ 34.6598, 0.4614 ], [ 34.6564, 0.4552 ], [ 34.6503, 0.4566 ], [ 34.6439, 0.4514 ], [ 34.6329, 0.4535 ], [ 34.6303, 0.4571 ], [ 34.6316, 0.4616 ], [ 34.6273, 0.4647 ], [ 34.6271, 0.4614 ], [ 34.6183, 0.4583 ], [ 34.6151, 0.4488 ], [ 34.6167, 0.4446 ], [ 34.6127, 0.4443 ], [ 34.605, 0.452 ], [ 34.5982, 0.4461 ], [ 34.592, 0.4467 ], [ 34.5901, 0.4374 ], [ 34.5927, 0.4309 ], [ 34.5888, 0.4125 ], [ 34.5774, 0.402 ], [ 34.5819, 0.385 ], [ 34.6046, 0.3826 ], [ 34.633, 0.3498 ], [ 34.6429, 0.3512 ], [ 34.6481, 0.342 ], [ 34.6486, 0.3325 ], [ 34.652, 0.3291 ], [ 34.6472, 0.3302 ], [ 34.6375, 0.322 ], [ 34.6303, 0.3213 ], [ 34.631, 0.318 ], [ 34.623, 0.3054 ], [ 34.6289, 0.2917 ], [ 34.6538, 0.3069 ], [ 34.6599, 0.3076 ], [ 34.6746, 0.2981 ], [ 34.7026, 0.306 ], [ 34.714, 0.3205 ], [ 34.7125, 0.3235 ], [ 34.7159, 0.3239 ], [ 34.7152, 0.3296 ], [ 34.7217, 0.3403 ], [ 34.7363, 0.3382 ], [ 34.7391, 0.3413 ], [ 34.7487, 0.3419 ], [ 34.759, 0.352 ], [ 34.7689, 0.3554 ], [ 34.774, 0.3626 ], [ 34.7695, 0.3734 ], [ 34.7614, 0.3752 ], [ 34.7614, 0.3811 ], [ 34.7551, 0.3895 ], [ 34.7393, 0.3881 ], [ 34.7239, 0.394 ], [ 34.7218, 0.3974 ], [ 34.7237, 0.4018 ], [ 34.7193, 0.4048 ], [ 34.7166, 0.4146 ], [ 34.7103, 0.4163 ], [ 34.7156, 0.4241 ], [ 34.7237, 0.4285 ], [ 34.7243, 0.436 ], [ 34.7484, 0.4649 ], [ 34.743, 0.4784 ], [ 34.7399, 0.4802 ], [ 34.7343, 0.4773 ], [ 34.7129, 0.4875 ], [ 34.6934, 0.4824 ], [ 34.6884, 0.4866 ] ] ] } },
{ "type": "Feature", "properties": { "iso3": "KEN", "unit_id": "43622606B4225943432329", "unit_name": "Mumias West" }, "geometry": { "type": "Polygon", "coordinates": [ [ [ 34.4515, 0.2074 ], [ 34.4656, 0.2079 ], [ 34.4752, 0.2169 ], [ 34.4836, 0.2191 ], [ 34.485, 0.2287 ], [ 34.456, 0.2699 ], [ 34.4715, 0.3001 ], [ 34.4801, 0.3087 ], [ 34.4839, 0.3069 ], [ 34.5015, 0.3293 ], [ 34.5077, 0.3249 ], [ 34.522, 0.3267 ], [ 34.5109, 0.3406 ], [ 34.5018, 0.3438 ], [ 34.4981, 0.349 ], [ 34.5014, 0.3534 ], [ 34.5015, 0.3773 ], [ 34.4896, 0.3701 ], [ 34.4819, 0.3722 ], [ 34.4803, 0.3532 ], [ 34.4769, 0.3509 ], [ 34.4698, 0.3525 ], [ 34.437, 0.336 ], [ 34.4179, 0.3315 ], [ 34.4079, 0.317 ], [ 34.419, 0.3044 ], [ 34.4143, 0.2884 ], [ 34.3962, 0.2822 ], [ 34.3882, 0.275 ], [ 34.4008, 0.2623 ], [ 34.3976, 0.2336 ], [ 34.3839, 0.2289 ], [ 34.3919, 0.2076 ], [ 34.3849, 0.1799 ], [ 34.4038, 0.1874 ], [ 34.411, 0.1989 ], [ 34.4359, 0.2159 ], [ 34.4433, 0.2182 ], [ 34.4515, 0.2074 ] ] ] } },
{ "type": "Feature", "properties": { "iso3": "KEN", "unit_id": "43622606B18981325203812", "unit_name": "Mumias East" }, "geometry": { "type": "Polygon", "coordinates": [ [ [ 34.6289, 0.2917 ], [ 34.623, 0.3054 ], [ 34.631, 0.318 ], [ 34.6303, 0.3213 ], [ 34.6375, 0.322 ], [ 34.6472, 0.3302 ], [ 34.652, 0.3291 ], [ 34.6486, 0.3325 ], [ 34.6481, 0.342 ], [ 34.6429, 0.3512 ], [ 34.633, 0.3498 ], [ 34.6046, 0.3826 ], [ 34.5819, 0.385 ], [ 34.5774, 0.402 ], [ 34.5752, 0.4031 ], [ 34.566, 0.3956 ], [ 34.5627, 0.4014 ], [ 34.551, 0.3895 ], [ 34.551, 0.3848 ], [ 34.5367, 0.3842 ], [ 34.534, 0.3903 ], [ 34.5282, 0.3888 ], [ 34.5146, 0.3705 ], [ 34.5052, 0.3702 ], [ 34.5015, 0.3773 ], [ 34.5014, 0.3534 ], [ 34.4981, 0.349 ], [ 34.5018, 0.3438 ], [ 34.5109, 0.3406 ], [ 34.522, 0.3267 ], [ 34.5077, 0.3249 ], [ 34.5015, 0.3293 ], [ 34.4839, 0.3069 ], [ 34.4865, 0.2937 ], [ 34.4975, 0.2872 ], [ 34.507, 0.2874 ], [ 34.5125, 0.2821 ], [ 34.5137, 0.2731 ], [ 34.5252, 0.275 ], [ 34.5271, 0.2799 ], [ 34.5286, 0.2728 ], [ 34.5378, 0.2747 ], [ 34.5438, 0.2711 ], [ 34.5504, 0.2774 ], [ 34.553, 0.2749 ], [ 34.558, 0.2784 ], [ 34.5649, 0.2724 ], [ 34.5676, 0.2738 ], [ 34.5819, 0.2683 ], [ 34.5879, 0.2695 ], [ 34.5906, 0.2752 ], [ 34.5995, 0.2751 ], [ 34.6056, 0.2821 ], [ 34.6115, 0.2783 ], [ 34.6186, 0.2837 ], [ 34.6249, 0.2807 ], [ 34.6289, 0.2917 ] ] ] } },
{ "type": "Feature", "properties": { "iso3": "KEN", "unit_id": "43622606B12861503726611", "unit_name": "Matungu" }, "geometry": { "type": "Polygon", "coordinates": [ [ [ 34.5894, 0.4213 ], [ 34.5809, 0.4331 ], [ 34.5811, 0.4532 ], [ 34.577, 0.4578 ], [ 34.5635, 0.4589 ], [ 34.5507, 0.4711 ], [ 34.5379, 0.4629 ], [ 34.5316, 0.4445 ], [ 34.5162, 0.4507 ], [ 34.5074, 0.4592 ], [ 34.4958, 0.4591 ], [ 34.4954, 0.4668 ], [ 34.4842, 0.4848 ], [ 34.4719, 0.4808 ], [ 34.4603, 0.4693 ], [ 34.4467, 0.4688 ], [ 34.4397, 0.4642 ], [ 34.4297, 0.4664 ], [ 34.4194, 0.4756 ], [ 34.4051, 0.4762 ], [ 34.3913, 0.4683 ], [ 34.3894, 0.4617 ], [ 34.3683, 0.4573 ], [ 34.3644, 0.4409 ], [ 34.3434, 0.4252 ], [ 34.3611, 0.4054 ], [ 34.3782, 0.405 ], [ 34.3844, 0.3983 ], [ 34.4074, 0.3865 ], [ 34.422, 0.3727 ], [ 34.3858, 0.354 ], [ 34.3827, 0.3196 ], [ 34.372, 0.3088 ], [ 34.3795, 0.3059 ], [ 34.3945, 0.2887 ], [ 34.3962, 0.2822 ], [ 34.4143, 0.2884 ], [ 34.419, 0.3044 ], [ 34.4079, 0.317 ], [ 34.4179, 0.3315 ], [ 34.437, 0.336 ], [ 34.4698, 0.3525 ], [ 34.4769, 0.3509 ], [ 34.4803, 0.3532 ], [ 34.4819, 0.3722 ], [ 34.4896, 0.3701 ], [ 34.5015, 0.3773 ], [ 34.5052, 0.3702 ], [ 34.5146, 0.3705 ], [ 34.5282, 0.3888 ], [ 34.534, 0.3903 ], [ 34.5367, 0.3842 ], [ 34.551, 0.3848 ], [ 34.551, 0.3895 ], [ 34.5627, 0.4014 ], [ 34.566, 0.3956 ], [ 34.5834, 0.4061 ], [ 34.5852, 0.4117 ], [ 34.5888, 0.4125 ], [ 34.5894, 0.4213 ] ] ] } },
{ "type": "Feature", "properties": { "iso3": "KEN", "unit_id": "43622606B54042066116717", "unit_name": "Butere" }, "geometry": { "type": "Polygon", "coordinates": [ [ [ 34.6115, 0.2783 ], [ 34.6056, 0.2821 ], [ 34.5995, 0.2751 ], [ 34.5906, 0.2752 ], [ 34.5879, 0.2695 ], [ 34.5819, 0.2683 ], [ 34.5676, 0.2738 ], [ 34.5649, 0.2724 ], [ 34.558, 0.2784 ], [ 34.553, 0.2749 ], [ 34.5504, 0.2774 ], [ 34.5438, 0.2711 ], [ 34.5378, 0.2747 ], [ 34.5286, 0.2728 ], [ 34.5271, 0.2799 ], [ 34.5252, 0.275 ], [ 34.5137, 0.2731 ], [ 34.5125, 0.2821 ], [ 34.507, 0.2874 ], [ 34.4975, 0.2872 ], [ 34.4865, 0.2937 ], [ 34.4864, 0.3017 ], [ 34.4801, 0.3087 ], [ 34.4715, 0.3001 ], [ 34.456, 0.2699 ], [ 34.485, 0.2287 ], [ 34.4836, 0.2191 ], [ 34.4752, 0.2169 ], [ 34.4656, 0.2079 ], [ 34.4515, 0.2074 ], [ 34.4354, 0.2015 ], [ 34.426, 0.1859 ], [ 34.4412, 0.1664 ], [ 34.4349, 0.1572 ], [ 34.4248, 0.1521 ], [ 34.4342, 0.1459 ], [ 34.4673, 0.1577 ], [ 34.4819, 0.1515 ], [ 34.4918, 0.152 ], [ 34.4948, 0.1554 ], [ 34.4958, 0.1679 ], [ 34.5002, 0.1727 ], [ 34.5073, 0.1733 ], [ 34.5174, 0.1647 ], [ 34.5211, 0.1658 ], [ 34.525, 0.1756 ], [ 34.5404, 0.1663 ], [ 34.5452, 0.1672 ], [ 34.5543, 0.1829 ], [ 34.5597, 0.1808 ], [ 34.5659, 0.1861 ], [ 34.579, 0.187 ], [ 34.5809, 0.19 ], [ 34.5931, 0.1822 ], [ 34.5969, 0.1866 ], [ 34.6095, 0.1882 ], [ 34.6071, 0.2106 ], [ 34.6159, 0.2309 ], [ 34.607, 0.2403 ], [ 34.6085, 0.2521 ], [ 34.6051, 0.2576 ], [ 34.61, 0.2572 ], [ 34.6163, 0.2629 ], [ 34.6115, 0.2783 ] ] ] } },
{ "type": "Feature", "properties": { "iso3": "KEN", "unit_id": "43622606B29893283357221", "unit_name": "Khwisero" }, "geometry": { "type": "Polygon", "coordinates": [ [ [ 34.6095, 0.1882 ], [ 34.5969, 0.1866 ], [ 34.5931, 0.1822 ], [ 34.5809, 0.19 ], [ 34.579, 0.187 ], [ 34.5659, 0.1861 ], [ 34.5597, 0.1808 ], [ 34.5543, 0.1829 ], [ 34.5452, 0.1672 ], [ 34.5404, 0.1663 ], [ 34.525, 0.1756 ], [ 34.5211, 0.1658 ], [ 34.5174, 0.1647 ], [ 34.5073, 0.1733 ], [ 34.5002, 0.1727 ], [ 34.4958, 0.1679 ], [ 34.4931, 0.1532 ], [ 34.4819, 0.1515 ], [ 34.4828, 0.1388 ], [ 34.4724, 0.1313 ], [ 34.4565, 0.1306 ], [ 34.4578, 0.1236 ], [ 34.4784, 0.1161 ], [ 34.4785, 0.1134 ], [ 34.4742, 0.1129 ], [ 34.4742, 0.1034 ], [ 34.4865, 0.1049 ], [ 34.4941, 0.1019 ], [ 34.4969, 0.1115 ], [ 34.5034, 0.1159 ], [ 34.4965, 0.1217 ], [ 34.5, 0.1227 ], [ 34.4994, 0.1255 ], [ 34.5079, 0.1179 ], [ 34.513, 0.1281 ], [ 34.5251, 0.1252 ], [ 34.5341, 0.1365 ], [ 34.5436, 0.1391 ], [ 34.5547, 0.1276 ], [ 34.5522, 0.1183 ], [ 34.544, 0.1145 ], [ 34.558, 0.1084 ], [ 34.555, 0.1013 ], [ 34.5566, 0.0913 ], [ 34.5629, 0.0972 ], [ 34.5724, 0.0964 ], [ 34.5779, 0.1028 ], [ 34.5861, 0.1046 ], [ 34.5858, 0.1149 ], [ 34.6019, 0.1215 ], [ 34.6327, 0.1289 ], [ 34.6634, 0.1267 ], [ 34.6807, 0.1322 ], [ 34.6798, 0.1435 ], [ 34.6824, 0.1504 ], [ 34.6771, 0.156 ], [ 34.676, 0.1644 ], [ 34.6738, 0.1665 ], [ 34.6649, 0.1632 ], [ 34.6539, 0.1682 ], [ 34.6572, 0.1767 ], [ 34.6364, 0.1992 ], [ 34.6305, 0.202 ], [ 34.6239, 0.1979 ], [ 34.6262, 0.1892 ], [ 34.6188, 0.1837 ], [ 34.6095, 0.1882 ] ] ] } },
{ "type": "Feature", "properties": { "iso3": "KEN", "unit_id": "43622606B25786502692184", "unit_name": "Shinyalu" }, "geometry": { "type": "Polygon", "coordinates": [ [ [ 34.9785, 0.2419 ], [ 34.942, 0.3259 ], [ 34.9371, 0.3608 ], [ 34.9487, 0.3543 ], [ 34.9496, 0.3578 ], [ 34.9448, 0.3599 ], [ 34.9452, 0.3688 ], [ 34.9404, 0.3759 ], [ 34.9379, 0.3903 ], [ 34.9265, 0.3999 ], [ 34.9086, 0.3983 ], [ 34.8952, 0.3827 ], [ 34.8819, 0.383 ], [ 34.8744, 0.3771 ], [ 34.8753, 0.3671 ], [ 34.863, 0.3669 ], [ 34.8549, 0.3707 ], [ 34.8486, 0.367 ], [ 34.8499, 0.3637 ], [ 34.8359, 0.3563 ], [ 34.8338, 0.351 ], [ 34.8184, 0.3389 ], [ 34.7932, 0.3358 ], [ 34.7857, 0.3257 ], [ 34.7952, 0.3087 ], [ 34.7922, 0.2939 ], [ 34.7824, 0.2812 ], [ 34.777, 0.283 ], [ 34.7731, 0.2581 ], [ 34.7677, 0.2578 ], [ 34.762, 0.252 ], [ 34.7541, 0.2585 ], [ 34.7388, 0.2564 ], [ 34.7344, 0.2593 ], [ 34.7273, 0.2584 ], [ 34.7276, 0.2558 ], [ 34.7156, 0.2509 ], [ 34.7124, 0.2457 ], [ 34.7177, 0.2263 ], [ 34.714, 0.219 ], [ 34.7278, 0.2148 ], [ 34.7379, 0.2053 ], [ 34.7365, 0.2018 ], [ 34.7548, 0.195 ], [ 34.7716, 0.1779 ], [ 34.78, 0.1769 ], [ 34.7862, 0.1815 ], [ 34.7912, 0.1793 ], [ 34.8182, 0.1873 ], [ 34.846, 0.1836 ], [ 34.8523, 0.1861 ], [ 34.8519, 0.1902 ], [ 34.8554, 0.1934 ], [ 34.86, 0.1937 ], [ 34.8614, 0.2001 ], [ 34.8676, 0.1961 ], [ 34.8709, 0.1964 ], [ 34.8728, 0.2014 ], [ 34.8853, 0.1984 ], [ 34.8869, 0.2056 ], [ 34.8934, 0.2085 ], [ 34.9083, 0.1958 ], [ 34.9183, 0.2013 ], [ 34.9257, 0.2003 ], [ 34.929, 0.2096 ], [ 34.9433, 0.2094 ], [ 34.9565, 0.2418 ], [ 34.9785, 0.2419 ] ] ] } },
{ "type": "Feature", "properties": { "iso3": "KEN", "unit_id": "43622606B25659766388392", "unit_name": "Ikolomani" }, "geometry": { "type": "Polygon", "coordinates": [ [ [ 34.6364, 0.1992 ], [ 34.6572, 0.1767 ], [ 34.6539, 0.1682 ], [ 34.6649, 0.1632 ], [ 34.6738, 0.1665 ], [ 34.676, 0.1644 ], [ 34.6771, 0.156 ], [ 34.6824, 0.1504 ], [ 34.6798, 0.1435 ], [ 34.6807, 0.1322 ], [ 34.6781, 0.1305 ], [ 34.6835, 0.1245 ], [ 34.6954, 0.1344 ], [ 34.7038, 0.132 ], [ 34.7048, 0.1403 ], [ 34.7093, 0.1394 ], [ 34.7179, 0.1437 ], [ 34.7227, 0.1415 ], [ 34.7376, 0.1498 ], [ 34.7371, 0.1437 ], [ 34.7429, 0.1406 ], [ 34.7604, 0.1391 ], [ 34.7663, 0.1457 ], [ 34.7658, 0.1507 ], [ 34.7703, 0.1532 ], [ 34.7769, 0.1496 ], [ 34.785, 0.1598 ], [ 34.7902, 0.1576 ], [ 34.7967, 0.1633 ], [ 34.8038, 0.1629 ], [ 34.8117, 0.153 ], [ 34.8164, 0.1543 ], [ 34.8155, 0.1772 ], [ 34.8126, 0.1829 ], [ 34.8052, 0.1841 ], [ 34.7912, 0.1793 ], [ 34.7862, 0.1815 ], [ 34.78, 0.1769 ], [ 34.7716, 0.1779 ], [ 34.7548, 0.195 ], [ 34.7365, 0.2018 ], [ 34.7379, 0.2053 ], [ 34.7278, 0.2148 ], [ 34.714, 0.219 ], [ 34.7177, 0.2263 ], [ 34.7049, 0.2627 ], [ 34.6995, 0.2637 ], [ 34.6771, 0.2541 ], [ 34.6739, 0.2487 ], [ 34.6616, 0.2429 ], [ 34.6508, 0.2426 ], [ 34.6502, 0.2456 ], [ 34.6375, 0.2411 ], [ 34.6309, 0.2343 ], [ 34.6314, 0.2233 ], [ 34.632, 0.2201 ], [ 34.639, 0.2169 ], [ 34.643, 0.2064 ], [ 34.6364, 0.1992 ] ] ] } },
{ "type": "Feature", "properties": { "iso3": "KEN", "unit_id": "43622606B23284631053296", "unit_name": "Vihiga" }, "geometry": { "type": "Polygon", "coordinates": [ [ [ 34.7487, 0.0669 ], [ 34.7491, 0.0718 ], [ 34.741, 0.0861 ], [ 34.6991, 0.0822 ], [ 34.6747, 0.0867 ], [ 34.6734, 0.0674 ], [ 34.6658, 0.0649 ], [ 34.6639, 0.0558 ], [ 34.6599, 0.0547 ], [ 34.6623, 0.0495 ], [ 34.6501, 0.0258 ], [ 34.6445, 0.018 ], [ 34.6311, 0.0113 ], [ 34.6254, 0.0045 ], [ 34.6713, -0.0134 ], [ 34.6885, -0.009 ], [ 34.6933, -0.013 ], [ 34.6888, -0.0237 ], [ 34.6958, -0.0177 ], [ 34.7097, -0.0187 ], [ 34.7156, -0.0077 ], [ 34.7258, -0.0036 ], [ 34.7138, 0.0118 ], [ 34.724, 0.0213 ], [ 34.7273, 0.0308 ], [ 34.7262, 0.0472 ], [ 34.7426, 0.0647 ], [ 34.7487, 0.0669 ] ] ] } },
{ "type": "Feature", "properties": { "iso3": "KEN", "unit_id": "43622606B85277411234342", "unit_name": "Sabatia" }, "geometry": { "type": "Polygon", "coordinates": [ [ [ 34.6803, 0.1261 ], [ 34.6781, 0.1086 ], [ 34.6729, 0.1039 ], [ 34.6776, 0.0983 ], [ 34.6747, 0.0867 ], [ 34.6991, 0.0822 ], [ 34.741, 0.0861 ], [ 34.7491, 0.0718 ], [ 34.7487, 0.0669 ], [ 34.8053, 0.0861 ], [ 34.8129, 0.0944 ], [ 34.8103, 0.1017 ], [ 34.8142, 0.1029 ], [ 34.8206, 0.1193 ], [ 34.8189, 0.1213 ], [ 34.8251, 0.1293 ], [ 34.8244, 0.1393 ], [ 34.8278, 0.1424 ], [ 34.8186, 0.1501 ], [ 34.8258, 0.1493 ], [ 34.8277, 0.152 ], [ 34.8254, 0.1582 ], [ 34.8173, 0.1597 ], [ 34.8164, 0.1543 ], [ 34.8117, 0.153 ], [ 34.8038, 0.1629 ], [ 34.7967, 0.1633 ], [ 34.7902, 0.1576 ], [ 34.785, 0.1598 ], [ 34.7769, 0.1496 ], [ 34.7703, 0.1532 ], [ 34.7658, 0.1507 ], [ 34.7663, 0.1457 ], [ 34.7604, 0.1391 ], [ 34.7429, 0.1406 ], [ 34.7371, 0.1437 ], [ 34.7376, 0.1498 ], [ 34.7227, 0.1415 ], [ 34.7179, 0.1437 ], [ 34.7093, 0.1394 ], [ 34.7048, 0.1403 ], [ 34.7038, 0.132 ], [ 34.6954, 0.1344 ], [ 34.6874, 0.1254 ], [ 34.6803, 0.1261 ] ] ] } },
{ "type": "Feature", "properties": { "iso3": "KEN", "unit_id": "43622606B18062666540629", "unit_name": "Hamisi" }, "geometry": { "type": "Polygon", "coordinates": [ [ [ 34.8831, 0.144 ], [ 34.914, 0.1563 ], [ 34.9201, 0.1688 ], [ 34.9161, 0.1735 ], [ 34.9257, 0.2003 ], [ 34.9183, 0.2013 ], [ 34.9083, 0.1958 ], [ 34.9042, 0.1968 ], [ 34.8934, 0.2085 ], [ 34.8869, 0.2056 ], [ 34.8853, 0.1984 ], [ 34.8728, 0.2014 ], [ 34.8709, 0.1964 ], [ 34.8676, 0.1961 ], [ 34.8614, 0.2001 ], [ 34.86, 0.1937 ], [ 34.8554, 0.1934 ], [ 34.8519, 0.1902 ], [ 34.8523, 0.1861 ], [ 34.846, 0.1836 ], [ 34.8255, 0.1879 ], [ 34.8108, 0.1836 ], [ 34.8155, 0.1772 ], [ 34.8173, 0.1597 ], [ 34.8254, 0.1582 ], [ 34.8277, 0.152 ], [ 34.8258, 0.1493 ], [ 34.8186, 0.1501 ], [ 34.8278, 0.1424 ], [ 34.8244, 0.1393 ], [ 34.8251, 0.1293 ], [ 34.8189, 0.1213 ], [ 34.8206, 0.1193 ], [ 34.8164, 0.1076 ], [ 34.8103, 0.1017 ], [ 34.8129, 0.0944 ], [ 34.8053, 0.0861 ], [ 34.7979, 0.085 ], [ 34.7954, 0.0816 ], [ 34.7795, 0.0792 ], [ 34.7426, 0.0647 ], [ 34.7262, 0.0472 ], [ 34.7273, 0.0308 ], [ 34.724, 0.0213 ], [ 34.7138, 0.0118 ], [ 34.7397, -0.0233 ], [ 34.7495, -0.019 ], [ 34.7482, -0.0158 ], [ 34.7448, -0.016 ], [ 34.74, -0.0012 ], [ 34.7417, 0.0056 ], [ 34.7584, 0.0103 ], [ 34.763, -0.0006 ], [ 34.7783, 0.0071 ], [ 34.7814, 0.0128 ], [ 34.7859, 0.0137 ], [ 34.7985, 0.0258 ], [ 34.8046, 0.0224 ], [ 34.8088, 0.0236 ], [ 34.8093, 0.0294 ], [ 34.8206, 0.035 ], [ 34.8267, 0.0313 ], [ 34.8361, 0.0326 ], [ 34.8396, 0.0471 ], [ 34.8493, 0.0606 ], [ 34.8468, 0.0654 ], [ 34.8489, 0.0707 ], [ 34.8596, 0.0841 ], [ 34.8569, 0.1095 ], [ 34.8596, 0.1214 ], [ 34.8816, 0.1384 ], [ 34.8831, 0.144 ] ] ] } },
{ "type": "Feature", "properties": { "iso3": "KEN", "unit_id": "43622606B50845791977996", "unit_name": "Luanda" }, "geometry": { "type": "Polygon", "coordinates": [ [ [ 34.6728, 0.0817 ], [ 34.6581, 0.075 ], [ 34.6518, 0.0759 ], [ 34.6507, 0.0714 ], [ 34.6429, 0.0705 ], [ 34.6418, 0.0751 ], [ 34.6179, 0.0667 ], [ 34.6132, 0.0626 ], [ 34.6144, 0.0486 ], [ 34.6085, 0.0455 ], [ 34.6023, 0.0525 ], [ 34.6023, 0.042 ], [ 34.5865, 0.044 ], [ 34.5876, 0.0362 ], [ 34.5838, 0.0295 ], [ 34.5562, 0.0483 ], [ 34.5495, 0.0353 ], [ 34.5501, 0.0257 ], [ 34.5432, 0.0154 ], [ 34.5439, 0.0105 ], [ 34.5337, 0.0048 ], [ 34.5418, -0.0027 ], [ 34.533, -0.0141 ], [ 34.5477, -0.0218 ], [ 34.555, -0.0173 ], [ 34.5641, -0.018 ], [ 34.5611, -0.0205 ], [ 34.5639, -0.0264 ], [ 34.5605, -0.0293 ], [ 34.5652, -0.0399 ], [ 34.583, -0.0313 ], [ 34.583, -0.0243 ], [ 34.5917, -0.0051 ], [ 34.589, 0.0025 ], [ 34.6025, 0.0133 ], [ 34.6084, 0.0054 ], [ 34.6135, 0.0048 ], [ 34.6131, 0.002 ], [ 34.6254, 0.0045 ], [ 34.6311, 0.0113 ], [ 34.6445, 0.018 ], [ 34.6623, 0.0495 ], [ 34.6599, 0.0547 ], [ 34.6639, 0.0558 ], [ 34.6658, 0.0649 ], [ 34.6734, 0.0674 ], [ 34.6728, 0.0817 ] ] ] } },
{ "type": "Feature", "properties": { "iso3": "KEN", "unit_id": "43622606B49984883670912", "unit_name": "Emuhaya" }, "geometry": { "type": "Polygon", "coordinates": [ [ [ 34.5629, 0.0972 ], [ 34.554, 0.0891 ], [ 34.5586, 0.074 ], [ 34.5571, 0.0573 ], [ 34.5599, 0.048 ], [ 34.5838, 0.0295 ], [ 34.5876, 0.0362 ], [ 34.5865, 0.044 ], [ 34.6023, 0.042 ], [ 34.6023, 0.0525 ], [ 34.6085, 0.0455 ], [ 34.6144, 0.0486 ], [ 34.6132, 0.0626 ], [ 34.6179, 0.0667 ], [ 34.6418, 0.0751 ], [ 34.6429, 0.0705 ], [ 34.6507, 0.0714 ], [ 34.6518, 0.0759 ], [ 34.6581, 0.075 ], [ 34.6728, 0.0817 ], [ 34.6776, 0.0983 ], [ 34.6729, 0.1039 ], [ 34.6781, 0.1086 ], [ 34.6803, 0.1261 ], [ 34.6781, 0.1305 ], [ 34.6634, 0.1267 ], [ 34.6327, 0.1289 ], [ 34.6019, 0.1215 ], [ 34.5858, 0.1149 ], [ 34.5861, 0.1046 ], [ 34.5779, 0.1028 ], [ 34.5724, 0.0964 ], [ 34.5629, 0.0972 ] ] ] } },
{ "type": "Feature", "properties": { "iso3": "KEN", "unit_id": "43622606B80221058217552", "unit_name": "Mt. Elgon" }, "geometry": { "type": "Polygon", "coordinates": [ [ [ 34.5798, 1.1502 ], [ 34.5744, 1.102 ], [ 34.5306, 1.1064 ], [ 34.5224, 1.1019 ], [ 34.5142, 1.0822 ], [ 34.5025, 1.0688 ], [ 34.4927, 1.039 ], [ 34.4873, 1.0013 ], [ 34.4892, 0.9832 ], [ 34.4792, 0.9394 ], [ 34.4644, 0.9122 ], [ 34.4504, 0.8995 ], [ 34.452, 0.8914 ], [ 34.4465, 0.8775 ], [ 34.4464, 0.864 ], [ 34.4424, 0.859 ], [ 34.4217, 0.8509 ], [ 34.4156, 0.843 ], [ 34.4151, 0.8357 ], [ 34.4077, 0.8297 ], [ 34.4136, 0.8204 ], [ 34.4108, 0.8168 ], [ 34.4143, 0.812 ], [ 34.4229, 0.8135 ], [ 34.4375, 0.8102 ], [ 34.4471, 0.8139 ], [ 34.4514, 0.8039 ], [ 34.4629, 0.7968 ], [ 34.4636, 0.7879 ], [ 34.487, 0.7902 ], [ 34.4936, 0.7782 ], [ 34.5073, 0.7753 ], [ 34.5072, 0.7682 ], [ 34.5219, 0.7766 ], [ 34.5217, 0.7885 ], [ 34.528, 0.7976 ], [ 34.5486, 0.7925 ], [ 34.5545, 0.7994 ], [ 34.5655, 0.7943 ], [ 34.5709, 0.7988 ], [ 34.5748, 0.792 ], [ 34.5741, 0.7816 ], [ 34.5795, 0.7775 ], [ 34.5785, 0.7841 ], [ 34.5882, 0.7845 ], [ 34.5917, 0.7908 ], [ 34.603, 0.7974 ], [ 34.6363, 0.8033 ], [ 34.6431, 0.7972 ], [ 34.6452, 0.8044 ], [ 34.6419, 0.8099 ], [ 34.6452, 0.821 ], [ 34.6591, 0.8109 ], [ 34.6608, 0.8161 ], [ 34.6702, 0.8142 ], [ 34.6777, 0.8015 ], [ 34.7034, 0.8134 ], [ 34.7291, 0.8348 ], [ 34.7416, 0.8298 ], [ 34.7407, 0.8336 ], [ 34.7485, 0.837 ], [ 34.7539, 0.8455 ], [ 34.7677, 0.8461 ], [ 34.7797, 0.8561 ], [ 34.7887, 0.8467 ], [ 34.7963, 0.8572 ], [ 34.7956, 0.8705 ], [ 34.7867, 0.891 ], [ 34.7939, 0.902 ], [ 34.8007, 0.9065 ], [ 34.7976, 0.9158 ], [ 34.7853, 0.926 ], [ 34.7685, 0.9231 ], [ 34.7399, 0.9395 ], [ 34.6511, 1.0569 ], [ 34.6618, 1.0836 ], [ 34.6526, 1.0843 ], [ 34.632, 1.0934 ], [ 34.6163, 1.1051 ], [ 34.5798, 1.1502 ] ] ] } },
{ "type": "Feature", "properties": { "iso3": "KEN", "unit_id": "43622606B68096248571506", "unit_name": "Sirisia" }, "geometry": { "type": "Polygon", "coordinates": [ [ [ 34.4229, 0.8135 ], [ 34.3949, 0.8028 ], [ 34.3891, 0.8049 ], [ 34.3846, 0.8026 ], [ 34.3834, 0.7934 ], [ 34.3776, 0.797 ], [ 34.3725, 0.7864 ], [ 34.3644, 0.7816 ], [ 34.3626, 0.7772 ], [ 34.3681, 0.7729 ], [ 34.3828, 0.7739 ], [ 34.3988, 0.7558 ], [ 34.4045, 0.7562 ], [ 34.4118, 0.7626 ], [ 34.4224, 0.7589 ], [ 34.4334, 0.7455 ], [ 34.4346, 0.7366 ], [ 34.4317, 0.7267 ], [ 34.4272, 0.7292 ], [ 34.4229, 0.7256 ], [ 34.4126, 0.7242 ], [ 34.4046, 0.7269 ], [ 34.4154, 0.6899 ], [ 34.4092, 0.6817 ], [ 34.4176, 0.66 ], [ 34.4231, 0.6664 ], [ 34.4251, 0.6751 ], [ 34.4452, 0.6858 ], [ 34.4507, 0.6866 ], [ 34.468, 0.6765 ], [ 34.4723, 0.679 ], [ 34.4783, 0.6913 ], [ 34.508, 0.6845 ], [ 34.5293, 0.7018 ], [ 34.54, 0.7015 ], [ 34.5508, 0.7094 ], [ 34.5545, 0.7199 ], [ 34.5538, 0.7343 ], [ 34.5636, 0.7585 ], [ 34.5666, 0.7591 ], [ 34.5773, 0.7778 ], [ 34.5709, 0.7988 ], [ 34.5655, 0.7943 ], [ 34.5545, 0.7994 ], [ 34.5486, 0.7925 ], [ 34.528, 0.7976 ], [ 34.5217, 0.7885 ], [ 34.5219, 0.7766 ], [ 34.5072, 0.7682 ], [ 34.5073, 0.7753 ], [ 34.4936, 0.7782 ], [ 34.487, 0.7902 ], [ 34.4636, 0.7879 ], [ 34.4629, 0.7968 ], [ 34.4514, 0.8039 ], [ 34.4471, 0.8139 ], [ 34.4375, 0.8102 ], [ 34.4229, 0.8135 ] ] ] } },
{ "type": "Feature", "properties": { "iso3": "KEN", "unit_id": "43622606B55755771023065", "unit_name": "Kabuchai" }, "geometry": { "type": "Polygon", "coordinates": [ [ [ 34.5773, 0.7778 ], [ 34.5666, 0.7591 ], [ 34.5636, 0.7585 ], [ 34.5538, 0.7343 ], [ 34.5545, 0.7199 ], [ 34.5508, 0.7094 ], [ 34.5444, 0.7034 ], [ 34.5492, 0.6896 ], [ 34.5595, 0.6836 ], [ 34.5578, 0.6779 ], [ 34.5526, 0.6713 ], [ 34.5404, 0.6677 ], [ 34.5303, 0.659 ], [ 34.548, 0.6177 ], [ 34.571, 0.5895 ], [ 34.5919, 0.606 ], [ 34.6019, 0.6057 ], [ 34.6113, 0.5963 ], [ 34.6389, 0.6085 ], [ 34.6459, 0.6167 ], [ 34.6495, 0.6279 ], [ 34.6746, 0.6429 ], [ 34.6738, 0.6548 ], [ 34.6675, 0.6682 ], [ 34.6552, 0.6766 ], [ 34.6463, 0.6753 ], [ 34.6445, 0.6845 ], [ 34.6259, 0.7099 ], [ 34.6458, 0.7379 ], [ 34.6583, 0.7285 ], [ 34.6612, 0.7331 ], [ 34.6627, 0.7457 ], [ 34.6547, 0.7627 ], [ 34.6556, 0.7833 ], [ 34.6519, 0.7918 ], [ 34.6363, 0.8033 ], [ 34.603, 0.7974 ], [ 34.5917, 0.7908 ], [ 34.5882, 0.7845 ], [ 34.5785, 0.7841 ], [ 34.5808, 0.7791 ], [ 34.5773, 0.7778 ] ] ] } },
{ "type": "Feature", "properties": { "iso3": "KEN", "unit_id": "43622606B78728303468010", "unit_name": "Bumula" }, "geometry": { "type": "Polygon", "coordinates": [ [ [ 34.5507, 0.4711 ], [ 34.564, 0.4871 ], [ 34.5667, 0.495 ], [ 34.5646, 0.5014 ], [ 34.5449, 0.5038 ], [ 34.5401, 0.5089 ], [ 34.5253, 0.5113 ], [ 34.5113, 0.5186 ], [ 34.5074, 0.5446 ], [ 34.5206, 0.5564 ], [ 34.5341, 0.5579 ], [ 34.5382, 0.5674 ], [ 34.5278, 0.5655 ], [ 34.5268, 0.5688 ], [ 34.5118, 0.5693 ], [ 34.5029, 0.5733 ], [ 34.5097, 0.5811 ], [ 34.5071, 0.5975 ], [ 34.4973, 0.595 ], [ 34.5017, 0.614 ], [ 34.4985, 0.6182 ], [ 34.5158, 0.649 ], [ 34.5089, 0.6473 ], [ 34.5056, 0.6593 ], [ 34.5008, 0.6612 ], [ 34.5099, 0.6765 ], [ 34.5079, 0.6805 ], [ 34.4913, 0.6902 ], [ 34.4783, 0.6913 ], [ 34.4723, 0.679 ], [ 34.468, 0.6765 ], [ 34.4507, 0.6866 ], [ 34.4312, 0.6799 ], [ 34.4251, 0.6751 ], [ 34.4231, 0.6664 ], [ 34.4176, 0.66 ], [ 34.393, 0.6503 ], [ 34.3914, 0.6457 ], [ 34.3833, 0.6426 ], [ 34.3784, 0.6131 ], [ 34.3761, 0.6078 ], [ 34.3704, 0.6078 ], [ 34.3708, 0.589 ], [ 34.3767, 0.5789 ], [ 34.3681, 0.5623 ], [ 34.3821, 0.5442 ], [ 34.3907, 0.539 ], [ 34.4084, 0.5074 ], [ 34.4044, 0.5012 ], [ 34.39, 0.4995 ], [ 34.3859, 0.495 ], [ 34.3891, 0.4706 ], [ 34.3913, 0.4683 ], [ 34.4051, 0.4762 ], [ 34.4119, 0.4767 ], [ 34.4194, 0.4756 ], [ 34.4348, 0.4639 ], [ 34.4397, 0.4642 ], [ 34.4467, 0.4688 ], [ 34.4603, 0.4693 ], [ 34.4719, 0.4808 ], [ 34.4842, 0.4848 ], [ 34.4954, 0.4668 ], [ 34.4958, 0.4591 ], [ 34.5074, 0.4592 ], [ 34.5162, 0.4507 ], [ 34.5316, 0.4445 ], [ 34.5379, 0.4629 ], [ 34.5507, 0.4711 ] ] ] } },
{ "type": "Feature", "properties": { "iso3": "KEN", "unit_id": "43622606B29101121087766", "unit_name": "Kanduyi" }, "geometry": { "type": "Polygon", "coordinates": [ [ [ 34.6316, 0.4616 ], [ 34.6369, 0.4695 ], [ 34.6418, 0.4683 ], [ 34.6492, 0.478 ], [ 34.6547, 0.4798 ], [ 34.6579, 0.4866 ], [ 34.6658, 0.4887 ], [ 34.6717, 0.5094 ], [ 34.6797, 0.5154 ], [ 34.6779, 0.5317 ], [ 34.6824, 0.536 ], [ 34.6819, 0.5502 ], [ 34.6842, 0.5519 ], [ 34.6787, 0.5792 ], [ 34.684, 0.5969 ], [ 34.6801, 0.6095 ], [ 34.6791, 0.6361 ], [ 34.6746, 0.6429 ], [ 34.6691, 0.6411 ], [ 34.6638, 0.6346 ], [ 34.6495, 0.6279 ], [ 34.6459, 0.6167 ], [ 34.6389, 0.6085 ], [ 34.6113, 0.5963 ], [ 34.6019, 0.6057 ], [ 34.5919, 0.606 ], [ 34.571, 0.5895 ], [ 34.548, 0.6177 ], [ 34.5376, 0.6445 ], [ 34.5302, 0.6549 ], [ 34.5358, 0.6646 ], [ 34.5526, 0.6713 ], [ 34.5595, 0.6836 ], [ 34.5492, 0.6896 ], [ 34.5444, 0.7034 ], [ 34.5293, 0.7018 ], [ 34.5147, 0.6886 ], [ 34.5028, 0.6844 ], [ 34.5099, 0.6765 ], [ 34.5008, 0.6612 ], [ 34.5056, 0.6593 ], [ 34.5089, 0.6473 ], [ 34.5158, 0.649 ], [ 34.4985, 0.6182 ], [ 34.5017, 0.614 ], [ 34.4973, 0.595 ], [ 34.5071, 0.5975 ], [ 34.5097, 0.5811 ], [ 34.5029, 0.5733 ], [ 34.5118, 0.5693 ], [ 34.5268, 0.5688 ], [ 34.5278, 0.5655 ], [ 34.5382, 0.5674 ], [ 34.5341, 0.5579 ], [ 34.5206, 0.5564 ], [ 34.5074, 0.5446 ], [ 34.5113, 0.5186 ], [ 34.5253, 0.5113 ], [ 34.5401, 0.5089 ], [ 34.5449, 0.5038 ], [ 34.5646, 0.5014 ], [ 34.5667, 0.495 ], [ 34.564, 0.4871 ], [ 34.5507, 0.4711 ], [ 34.5635, 0.4589 ], [ 34.5798, 0.4554 ], [ 34.5809, 0.4331 ], [ 34.5894, 0.4213 ], [ 34.5927, 0.4309 ], [ 34.5901, 0.4374 ], [ 34.592, 0.4467 ], [ 34.5982, 0.4461 ], [ 34.605, 0.452 ], [ 34.6127, 0.4443 ], [ 34.6167, 0.4446 ], [ 34.6151, 0.4488 ], [ 34.6183, 0.4583 ], [ 34.6271, 0.4614 ], [ 34.6273, 0.4647 ], [ 34.6316, 0.4616 ] ], [ [ 34.6798, 0.5846 ], [ 34.6788, 0.5849 ], [ 34.6795, 0.5856 ], [ 34.6798, 0.5846 ] ] ] } },
{ "type": "Feature", "properties": { "iso3": "KEN", "unit_id": "43622606B73111700267452", "unit_name": "Webuye East" }, "geometry": { "type": "Polygon", "coordinates": [ [ [ 34.8432, 0.6674 ], [ 34.8306, 0.6725 ], [ 34.8268, 0.6786 ], [ 34.8262, 0.7055 ], [ 34.8302, 0.7079 ], [ 34.8278, 0.7092 ], [ 34.827, 0.7222 ], [ 34.8169, 0.731 ], [ 34.8215, 0.746 ], [ 34.8193, 0.7617 ], [ 34.8058, 0.7589 ], [ 34.8041, 0.7638 ], [ 34.7976, 0.766 ], [ 34.7952, 0.7608 ], [ 34.7844, 0.7577 ], [ 34.7686, 0.7472 ], [ 34.7577, 0.7314 ], [ 34.7522, 0.7321 ], [ 34.7537, 0.718 ], [ 34.7486, 0.6796 ], [ 34.7588, 0.6456 ], [ 34.7551, 0.6358 ], [ 34.7621, 0.6204 ], [ 34.7671, 0.6192 ], [ 34.7744, 0.6049 ], [ 34.7677, 0.598 ], [ 34.7631, 0.607 ], [ 34.7549, 0.6041 ], [ 34.7475, 0.5942 ], [ 34.7391, 0.5936 ], [ 34.7267, 0.5812 ], [ 34.7203, 0.5793 ], [ 34.718, 0.574 ], [ 34.7219, 0.5578 ], [ 34.7342, 0.5648 ], [ 34.7494, 0.5652 ], [ 34.7498, 0.5405 ], [ 34.7601, 0.5488 ], [ 34.7598, 0.553 ], [ 34.7655, 0.5581 ], [ 34.7644, 0.5651 ], [ 34.7709, 0.5661 ], [ 34.7783, 0.5746 ], [ 34.7883, 0.5775 ], [ 34.8012, 0.5874 ], [ 34.8103, 0.5882 ], [ 34.7995, 0.6001 ], [ 34.8151, 0.6169 ], [ 34.8234, 0.6194 ], [ 34.8322, 0.6267 ], [ 34.8359, 0.6387 ], [ 34.8328, 0.6466 ], [ 34.8382, 0.6511 ], [ 34.8371, 0.6579 ], [ 34.8411, 0.6601 ], [ 34.8432, 0.6674 ] ] ] } },
{ "type": "Feature", "properties": { "iso3": "KEN", "unit_id": "43622606B13403683724810", "unit_name": "Webuye West" }, "geometry": { "type": "MultiPolygon", "coordinates": [ [ [ [ 34.6798, 0.5846 ], [ 34.6795, 0.5856 ], [ 34.6788, 0.5849 ], [ 34.6798, 0.5846 ] ] ], [ [ [ 34.7481, 0.5368 ], [ 34.7494, 0.5652 ], [ 34.7342, 0.5648 ], [ 34.7219, 0.5578 ], [ 34.718, 0.574 ], [ 34.7203, 0.5793 ], [ 34.7267, 0.5812 ], [ 34.7391, 0.5936 ], [ 34.7475, 0.5942 ], [ 34.7549, 0.6041 ], [ 34.7631, 0.607 ], [ 34.7677, 0.598 ], [ 34.7744, 0.6049 ], [ 34.7671, 0.6192 ], [ 34.7621, 0.6204 ], [ 34.7551, 0.6358 ], [ 34.7588, 0.6456 ], [ 34.7486, 0.6796 ], [ 34.7526, 0.7269 ], [ 34.7424, 0.7182 ], [ 34.7316, 0.719 ], [ 34.7142, 0.7358 ], [ 34.6999, 0.744 ], [ 34.6872, 0.738 ], [ 34.6835, 0.7294 ], [ 34.6714, 0.7209 ], [ 34.661, 0.7252 ], [ 34.6524, 0.7351 ], [ 34.6458, 0.7379 ], [ 34.6259, 0.7099 ], [ 34.6445, 0.6845 ], [ 34.6463, 0.6753 ], [ 34.6552, 0.6766 ], [ 34.6675, 0.6682 ], [ 34.6738, 0.6548 ], [ 34.6731, 0.6486 ], [ 34.6815, 0.6214 ], [ 34.6801, 0.6095 ], [ 34.6838, 0.5902 ], [ 34.6808, 0.5878 ], [ 34.6798, 0.5846 ], [ 34.6812, 0.5826 ], [ 34.6787, 0.5792 ], [ 34.6842, 0.5519 ], [ 34.6819, 0.5502 ], [ 34.6824, 0.536 ], [ 34.6779, 0.5317 ], [ 34.6797, 0.5154 ], [ 34.6717, 0.5094 ], [ 34.6658, 0.4887 ], [ 34.6579, 0.4866 ], [ 34.6547, 0.4798 ], [ 34.6492, 0.478 ], [ 34.6418, 0.4683 ], [ 34.6369, 0.4695 ], [ 34.6303, 0.4571 ], [ 34.6329, 0.4535 ], [ 34.6439, 0.4514 ], [ 34.6503, 0.4566 ], [ 34.6564, 0.4552 ], [ 34.6598, 0.4614 ], [ 34.6665, 0.4614 ], [ 34.6736, 0.4722 ], [ 34.6785, 0.4739 ], [ 34.6761, 0.4853 ], [ 34.6884, 0.4866 ], [ 34.6994, 0.507 ], [ 34.7026, 0.5085 ], [ 34.7085, 0.5052 ], [ 34.7173, 0.5118 ], [ 34.7207, 0.5088 ], [ 34.7244, 0.5107 ], [ 34.7337, 0.5197 ], [ 34.7385, 0.5342 ], [ 34.7425, 0.5383 ], [ 34.7481, 0.5368 ] ] ] ] } },
{ "type": "Feature", "properties": { "iso3": "KEN", "unit_id": "43622606B91604123823438", "unit_name": "Kimilili" }, "geometry": { "type": "Polygon", "coordinates": [ [ [ 34.7963, 0.8572 ], [ 34.7887, 0.8467 ], [ 34.7797, 0.8561 ], [ 34.7677, 0.8461 ], [ 34.7539, 0.8455 ], [ 34.7485, 0.837 ], [ 34.7407, 0.8336 ], [ 34.7416, 0.8298 ], [ 34.7291, 0.8348 ], [ 34.7034, 0.8134 ], [ 34.6777, 0.8015 ], [ 34.6702, 0.8142 ], [ 34.6608, 0.8161 ], [ 34.6591, 0.8109 ], [ 34.6452, 0.821 ], [ 34.6419, 0.8099 ], [ 34.6452, 0.8044 ], [ 34.6431, 0.7972 ], [ 34.6519, 0.7918 ], [ 34.6556, 0.7833 ], [ 34.6547, 0.7627 ], [ 34.6627, 0.7457 ], [ 34.6583, 0.7285 ], [ 34.661, 0.7252 ], [ 34.6714, 0.7209 ], [ 34.6835, 0.7294 ], [ 34.6872, 0.738 ], [ 34.6999, 0.744 ], [ 34.7142, 0.7358 ], [ 34.7316, 0.719 ], [ 34.7424, 0.7182 ], [ 34.7526, 0.7269 ], [ 34.7522, 0.7321 ], [ 34.7577, 0.7314 ], [ 34.7686, 0.7472 ], [ 34.7844, 0.7577 ], [ 34.7952, 0.7608 ], [ 34.7976, 0.766 ], [ 34.8041, 0.7638 ], [ 34.8058, 0.7589 ], [ 34.8193, 0.7617 ], [ 34.8039, 0.7798 ], [ 34.8015, 0.797 ], [ 34.8077, 0.8028 ], [ 34.8116, 0.8222 ], [ 34.8049, 0.8456 ], [ 34.7994, 0.8496 ], [ 34.7963, 0.8572 ] ] ] } },
{ "type": "Feature", "properties": { "iso3": "KEN", "unit_id": "43622606B70037291996112", "unit_name": "Tongaren" }, "geometry": { "type": "Polygon", "coordinates": [ [ [ 34.8091, 0.8075 ], [ 34.8015, 0.797 ], [ 34.8039, 0.7798 ], [ 34.8193, 0.7617 ], [ 34.8215, 0.746 ], [ 34.8169, 0.731 ], [ 34.827, 0.7222 ], [ 34.8278, 0.7092 ], [ 34.8302, 0.7079 ], [ 34.8262, 0.7055 ], [ 34.8268, 0.6786 ], [ 34.8306, 0.6725 ], [ 34.8406, 0.6671 ], [ 34.858, 0.6751 ], [ 34.858, 0.6816 ], [ 34.8626, 0.6853 ], [ 34.8797, 0.6838 ], [ 34.8928, 0.6916 ], [ 34.8998, 0.6867 ], [ 34.91, 0.6871 ], [ 34.9201, 0.7006 ], [ 34.9264, 0.7024 ], [ 34.9294, 0.709 ], [ 34.922, 0.724 ], [ 34.9284, 0.7406 ], [ 34.9377, 0.7432 ], [ 34.9402, 0.7409 ], [ 34.9489, 0.7536 ], [ 34.9557, 0.7541 ], [ 34.9566, 0.7496 ], [ 34.9625, 0.7542 ], [ 34.9691, 0.7533 ], [ 34.9772, 0.7573 ], [ 34.981, 0.7537 ], [ 34.988, 0.7544 ], [ 34.9925, 0.7473 ], [ 35.0005, 0.7445 ], [ 35.0123, 0.7545 ], [ 35.0183, 0.7515 ], [ 35.0216, 0.7442 ], [ 35.0275, 0.7453 ], [ 35.027, 0.7508 ], [ 35.0319, 0.7531 ], [ 35.04, 0.7493 ], [ 35.0388, 0.7566 ], [ 35.0445, 0.7617 ], [ 35.0643, 0.7634 ], [ 35.0665, 0.7674 ], [ 35.0651, 0.7779 ], [ 35.0676, 0.7844 ], [ 35.0634, 0.7884 ], [ 35.0639, 0.7969 ], [ 35.0512, 0.8034 ], [ 35.0413, 0.8211 ], [ 35.0327, 0.8218 ], [ 35.0246, 0.8325 ], [ 35.0278, 0.8408 ], [ 35.0247, 0.8539 ], [ 35.0131, 0.8633 ], [ 35.0189, 0.8877 ], [ 34.9853, 0.8809 ], [ 34.9879, 0.8864 ], [ 34.9658, 0.8798 ], [ 34.9668, 0.8749 ], [ 34.9424, 0.8713 ], [ 34.9336, 0.8547 ], [ 34.9258, 0.8555 ], [ 34.9195, 0.8497 ], [ 34.8706, 0.8263 ], [ 34.8091, 0.8075 ] ] ] } },
{ "type": "Feature", "properties": { "iso3": "KEN", "unit_id": "43622606B98997573542978", "unit_name": "Teso North" }, "geometry": { "type": "Polygon", "coordinates": [ [ [ 34.3626, 0.7772 ], [ 34.3152, 0.7645 ], [ 34.307, 0.7231 ], [ 34.3125, 0.6978 ], [ 34.3049, 0.6965 ], [ 34.2953, 0.6874 ], [ 34.2799, 0.6829 ], [ 34.2773, 0.6795 ], [ 34.2808, 0.6683 ], [ 34.2765, 0.6429 ], [ 34.2639, 0.6403 ], [ 34.25, 0.6316 ], [ 34.2414, 0.6348 ], [ 34.2358, 0.6286 ], [ 34.2292, 0.6282 ], [ 34.2234, 0.632 ], [ 34.2173, 0.6292 ], [ 34.217, 0.6255 ], [ 34.2357, 0.6219 ], [ 34.2487, 0.6118 ], [ 34.2463, 0.5971 ], [ 34.2936, 0.5832 ], [ 34.2938, 0.6082 ], [ 34.3029, 0.5965 ], [ 34.3291, 0.5851 ], [ 34.3154, 0.5958 ], [ 34.3211, 0.615 ], [ 34.329, 0.6116 ], [ 34.334, 0.605 ], [ 34.3761, 0.6078 ], [ 34.3786, 0.6239 ], [ 34.3837, 0.6338 ], [ 34.3833, 0.6426 ], [ 34.3914, 0.6457 ], [ 34.393, 0.6503 ], [ 34.4176, 0.66 ], [ 34.4092, 0.6817 ], [ 34.4154, 0.6899 ], [ 34.4046, 0.7269 ], [ 34.4126, 0.7242 ], [ 34.4229, 0.7256 ], [ 34.4272, 0.7292 ], [ 34.4317, 0.7267 ], [ 34.4346, 0.7366 ], [ 34.4334, 0.7455 ], [ 34.4224, 0.7589 ], [ 34.4118, 0.7626 ], [ 34.4045, 0.7562 ], [ 34.3988, 0.7558 ], [ 34.3828, 0.7739 ], [ 34.3681, 0.7729 ], [ 34.3626, 0.7772 ] ] ] } },
{ "type": "Feature", "properties": { "iso3": "KEN", "unit_id": "43622606B23542775224105", "unit_name": "Teso South" }, "geometry": { "type": "Polygon", "coordinates": [ [ [ 34.2282, 0.6251 ], [ 34.1982, 0.627 ], [ 34.1964, 0.621 ], [ 34.1925, 0.6217 ], [ 34.1916, 0.6153 ], [ 34.1854, 0.6128 ], [ 34.1861, 0.6072 ], [ 34.1763, 0.6083 ], [ 34.1613, 0.5979 ], [ 34.153, 0.5877 ], [ 34.1423, 0.5835 ], [ 34.1389, 0.585 ], [ 34.1276, 0.5588 ], [ 34.1264, 0.5398 ], [ 34.1175, 0.523 ], [ 34.1228, 0.5192 ], [ 34.1173, 0.51 ], [ 34.1192, 0.4842 ], [ 34.0983, 0.4678 ], [ 34.1406, 0.4497 ], [ 34.1455, 0.4542 ], [ 34.1502, 0.4732 ], [ 34.1845, 0.4636 ], [ 34.1933, 0.4703 ], [ 34.2041, 0.4706 ], [ 34.2171, 0.4906 ], [ 34.2234, 0.4888 ], [ 34.238, 0.5034 ], [ 34.2532, 0.5065 ], [ 34.2793, 0.5066 ], [ 34.2795, 0.4951 ], [ 34.2762, 0.4888 ], [ 34.2827, 0.484 ], [ 34.2929, 0.4891 ], [ 34.3101, 0.5124 ], [ 34.3312, 0.5256 ], [ 34.3484, 0.5473 ], [ 34.3425, 0.5622 ], [ 34.3458, 0.5777 ], [ 34.3415, 0.5768 ], [ 34.3029, 0.5965 ], [ 34.2938, 0.6082 ], [ 34.2936, 0.5832 ], [ 34.2463, 0.5971 ], [ 34.2487, 0.6118 ], [ 34.2438, 0.6172 ], [ 34.2282, 0.6251 ] ] ] } },
{ "type": "Feature", "properties": { "iso3": "KEN", "unit_id": "43622606B61922421039654", "unit_name": "Nambale" }, "geometry": { "type": "Polygon", "coordinates": [ [ [ 34.3913, 0.4683 ], [ 34.3859, 0.495 ], [ 34.39, 0.4995 ], [ 34.4044, 0.5012 ], [ 34.4084, 0.5074 ], [ 34.3907, 0.539 ], [ 34.3821, 0.5442 ], [ 34.3681, 0.5623 ], [ 34.3767, 0.5789 ], [ 34.3708, 0.589 ], [ 34.3704, 0.6078 ], [ 34.334, 0.605 ], [ 34.329, 0.6116 ], [ 34.3211, 0.615 ], [ 34.3154, 0.5958 ], [ 34.3415, 0.5768 ], [ 34.3458, 0.5777 ], [ 34.3425, 0.5622 ], [ 34.3484, 0.5473 ], [ 34.3392, 0.534 ], [ 34.324, 0.5197 ], [ 34.3101, 0.5124 ], [ 34.2929, 0.4891 ], [ 34.2827, 0.484 ], [ 34.2762, 0.4888 ], [ 34.2795, 0.4951 ], [ 34.2793, 0.5066 ], [ 34.2532, 0.5065 ], [ 34.238, 0.5034 ], [ 34.2234, 0.4888 ], [ 34.2171, 0.4906 ], [ 34.2106, 0.4784 ], [ 34.2221, 0.4736 ], [ 34.2187, 0.4621 ], [ 34.2199, 0.4401 ], [ 34.2287, 0.4122 ], [ 34.2383, 0.4181 ], [ 34.2455, 0.4117 ], [ 34.2546, 0.4135 ], [ 34.2604, 0.4064 ], [ 34.2617, 0.3943 ], [ 34.2892, 0.406 ], [ 34.3022, 0.4046 ], [ 34.3044, 0.4126 ], [ 34.3375, 0.4269 ], [ 34.3434, 0.4252 ], [ 34.3644, 0.4409 ], [ 34.3683, 0.4573 ], [ 34.3894, 0.4617 ], [ 34.3913, 0.4683 ] ] ] } },
{ "type": "Feature", "properties": { "iso3": "KEN", "unit_id": "43622606B58208368699375", "unit_name": "Matayos" }, "geometry": { "type": "Polygon", "coordinates": [ [ [ 34.0983, 0.4678 ], [ 34.0896, 0.4582 ], [ 34.089, 0.4272 ], [ 34.1022, 0.4134 ], [ 34.1073, 0.3952 ], [ 34.1111, 0.3712 ], [ 34.1057, 0.3618 ], [ 34.1073, 0.3593 ], [ 34.1172, 0.3639 ], [ 34.1265, 0.3617 ], [ 34.1347, 0.3489 ], [ 34.1708, 0.3237 ], [ 34.1713, 0.3159 ], [ 34.1786, 0.316 ], [ 34.1722, 0.3054 ], [ 34.1595, 0.3007 ], [ 34.1772, 0.3046 ], [ 34.1898, 0.3166 ], [ 34.1988, 0.3361 ], [ 34.2011, 0.3446 ], [ 34.1942, 0.3656 ], [ 34.2016, 0.3789 ], [ 34.2353, 0.3749 ], [ 34.2466, 0.3868 ], [ 34.2617, 0.3943 ], [ 34.2585, 0.4111 ], [ 34.2546, 0.4135 ], [ 34.2455, 0.4117 ], [ 34.2383, 0.4181 ], [ 34.2287, 0.4122 ], [ 34.2199, 0.4401 ], [ 34.2187, 0.4621 ], [ 34.2221, 0.4736 ], [ 34.2106, 0.4784 ], [ 34.2041, 0.4706 ], [ 34.1933, 0.4703 ], [ 34.1845, 0.4636 ], [ 34.1502, 0.4732 ], [ 34.1455, 0.4542 ], [ 34.1406, 0.4497 ], [ 34.0983, 0.4678 ] ] ] } },
{ "type": "Feature", "properties": { "iso3": "KEN", "unit_id": "43622606B22008586771570", "unit_name": "Butula" }, "geometry": { "type": "Polygon", "coordinates": [ [ [ 34.3434, 0.4252 ], [ 34.3375, 0.4269 ], [ 34.3044, 0.4126 ], [ 34.3022, 0.4046 ], [ 34.2892, 0.406 ], [ 34.2617, 0.3943 ], [ 34.2466, 0.3868 ], [ 34.2353, 0.3749 ], [ 34.2016, 0.3789 ], [ 34.1942, 0.3656 ], [ 34.2011, 0.3446 ], [ 34.1898, 0.3166 ], [ 34.1772, 0.3046 ], [ 34.1595, 0.3007 ], [ 34.1736, 0.2964 ], [ 34.1823, 0.2866 ], [ 34.1859, 0.2764 ], [ 34.2008, 0.2691 ], [ 34.2034, 0.2612 ], [ 34.2056, 0.2864 ], [ 34.236, 0.2922 ], [ 34.2502, 0.3133 ], [ 34.2656, 0.308 ], [ 34.2766, 0.3108 ], [ 34.2892, 0.3079 ], [ 34.3339, 0.3109 ], [ 34.3667, 0.304 ], [ 34.3827, 0.3196 ], [ 34.3858, 0.354 ], [ 34.422, 0.3727 ], [ 34.4074, 0.3865 ], [ 34.3844, 0.3983 ], [ 34.3782, 0.405 ], [ 34.3611, 0.4054 ], [ 34.3434, 0.4252 ] ] ] } },
{ "type": "Feature", "properties": { "iso3": "KEN", "unit_id": "43622606B45769221622300", "unit_name": "Funyula" }, "geometry": { "type": "Polygon", "coordinates": [ [ [ 34.1057, 0.3618 ], [ 34.1001, 0.3475 ], [ 34.0834, 0.3341 ], [ 34.0837, 0.3313 ], [ 34.0745, 0.3247 ], [ 34.0577, 0.3242 ], [ 34.06, 0.3134 ], [ 34.0518, 0.3084 ], [ 34.0477, 0.2944 ], [ 34.0415, 0.2921 ], [ 34.0403, 0.2768 ], [ 34.0313, 0.2699 ], [ 34.0247, 0.2692 ], [ 34.0218, 0.2567 ], [ 33.9654, 0.1813 ], [ 33.9939, 0.1654 ], [ 34.0232, 0.1667 ], [ 34.0309, 0.1631 ], [ 34.0653, 0.1612 ], [ 34.0851, 0.1509 ], [ 34.0951, 0.1327 ], [ 34.0994, 0.1364 ], [ 34.105, 0.1361 ], [ 34.1029, 0.1261 ], [ 34.1114, 0.1362 ], [ 34.1147, 0.1499 ], [ 34.1112, 0.161 ], [ 34.112, 0.1761 ], [ 34.1053, 0.1869 ], [ 34.1095, 0.2057 ], [ 34.1163, 0.219 ], [ 34.1168, 0.2428 ], [ 34.1384, 0.2574 ], [ 34.1586, 0.2909 ], [ 34.1595, 0.3007 ], [ 34.1722, 0.3054 ], [ 34.1789, 0.3131 ], [ 34.1786, 0.316 ], [ 34.1713, 0.3159 ], [ 34.1708, 0.3237 ], [ 34.1347, 0.3489 ], [ 34.1265, 0.3617 ], [ 34.1172, 0.3639 ], [ 34.1073, 0.3593 ], [ 34.1057, 0.3618 ] ] ] } },
{ "type": "Feature", "properties": { "iso3": "KEN", "unit_id": "43622606B59547966527791", "unit_name": "Budalangi" }, "geometry": { "type": "Polygon", "coordinates": [ [ [ 33.9654, 0.1813 ], [ 33.9103, 0.103 ], [ 33.9494, -0.0265 ], [ 34.0155, -0.0277 ], [ 34.0295, -0.0179 ], [ 34.0421, 0.0003 ], [ 34.0662, 0.0906 ], [ 34.0736, 0.1043 ], [ 34.0722, 0.1189 ], [ 34.0904, 0.1266 ], [ 34.0951, 0.1327 ], [ 34.0851, 0.1509 ], [ 34.0653, 0.1612 ], [ 34.0309, 0.1631 ], [ 34.0232, 0.1667 ], [ 33.9939, 0.1654 ], [ 33.9654, 0.1813 ] ] ] } },
{ "type": "Feature", "properties": { "iso3": "KEN", "unit_id": "43622606B39363801180683", "unit_name": "Ugenya" }, "geometry": { "type": "Polygon", "coordinates": [ [ [ 34.3962, 0.2822 ], [ 34.3945, 0.2887 ], [ 34.3795, 0.3059 ], [ 34.372, 0.3088 ], [ 34.3667, 0.304 ], [ 34.3339, 0.3109 ], [ 34.2892, 0.3079 ], [ 34.2766, 0.3108 ], [ 34.2656, 0.308 ], [ 34.2502, 0.3133 ], [ 34.236, 0.2922 ], [ 34.2056, 0.2864 ], [ 34.2034, 0.2612 ], [ 34.2008, 0.2691 ], [ 34.1859, 0.2764 ], [ 34.1823, 0.2866 ], [ 34.1736, 0.2964 ], [ 34.1595, 0.3007 ], [ 34.1586, 0.2909 ], [ 34.1384, 0.2574 ], [ 34.1168, 0.2428 ], [ 34.1163, 0.219 ], [ 34.1095, 0.2057 ], [ 34.1053, 0.1869 ], [ 34.112, 0.1761 ], [ 34.1112, 0.161 ], [ 34.1147, 0.1499 ], [ 34.1114, 0.1362 ], [ 34.1029, 0.1261 ], [ 34.1118, 0.1214 ], [ 34.1109, 0.1263 ], [ 34.115, 0.1239 ], [ 34.1207, 0.1297 ], [ 34.1175, 0.1333 ], [ 34.1205, 0.1385 ], [ 34.1179, 0.1411 ], [ 34.1423, 0.1481 ], [ 34.1448, 0.1427 ], [ 34.1614, 0.1567 ], [ 34.1744, 0.1585 ], [ 34.1818, 0.1686 ], [ 34.1937, 0.1703 ], [ 34.2094, 0.1592 ], [ 34.2255, 0.1709 ], [ 34.2262, 0.1878 ], [ 34.2375, 0.1952 ], [ 34.2512, 0.1876 ], [ 34.2549, 0.1901 ], [ 34.2551, 0.1952 ], [ 34.2681, 0.1959 ], [ 34.2871, 0.205 ], [ 34.3003, 0.2286 ], [ 34.3032, 0.2435 ], [ 34.3342, 0.2528 ], [ 34.3466, 0.2533 ], [ 34.3542, 0.262 ], [ 34.3647, 0.2647 ], [ 34.3659, 0.273 ], [ 34.3697, 0.2755 ], [ 34.3819, 0.2719 ], [ 34.384, 0.2775 ], [ 34.3882, 0.275 ], [ 34.3962, 0.2822 ] ] ] } },
{ "type": "Feature", "properties": { "iso3": "KEN", "unit_id": "43622606B12459189725470", "unit_name": "Ugunja" }, "geometry": { "type": "Polygon", "coordinates": [ [ [ 34.4008, 0.2623 ], [ 34.384, 0.2775 ], [ 34.3819, 0.2719 ], [ 34.3786, 0.2712 ], [ 34.3697, 0.2755 ], [ 34.3659, 0.273 ], [ 34.3647, 0.2647 ], [ 34.3542, 0.262 ], [ 34.3466, 0.2533 ], [ 34.3342, 0.2528 ], [ 34.3032, 0.2435 ], [ 34.3003, 0.2286 ], [ 34.2871, 0.205 ], [ 34.2681, 0.1959 ], [ 34.2551, 0.1952 ], [ 34.2549, 0.1901 ], [ 34.2512, 0.1876 ], [ 34.2375, 0.1952 ], [ 34.2262, 0.1878 ], [ 34.2255, 0.1709 ], [ 34.2195, 0.1669 ], [ 34.2174, 0.1599 ], [ 34.2359, 0.1498 ], [ 34.2739, 0.1503 ], [ 34.2852, 0.1569 ], [ 34.3052, 0.1555 ], [ 34.3232, 0.1457 ], [ 34.3403, 0.1449 ], [ 34.3487, 0.1392 ], [ 34.3817, 0.1484 ], [ 34.3883, 0.1538 ], [ 34.4139, 0.1366 ], [ 34.4164, 0.1378 ], [ 34.421, 0.153 ], [ 34.4312, 0.1543 ], [ 34.4412, 0.1664 ], [ 34.4296, 0.1783 ], [ 34.4268, 0.1881 ], [ 34.4354, 0.2015 ], [ 34.4515, 0.2074 ], [ 34.4433, 0.2182 ], [ 34.4359, 0.2159 ], [ 34.411, 0.1989 ], [ 34.4038, 0.1874 ], [ 34.3849, 0.1799 ], [ 34.3919, 0.2076 ], [ 34.3839, 0.2289 ], [ 34.3976, 0.2336 ], [ 34.4008, 0.2623 ] ] ] } },
{ "type": "Feature", "properties": { "iso3": "KEN", "unit_id": "43622606B17129406444582", "unit_name": "Alego Usonga" }, "geometry": { "type": "Polygon", "coordinates": [ [ [ 34.0994, 0.1364 ], [ 34.0904, 0.1266 ], [ 34.0722, 0.1189 ], [ 34.0736, 0.1043 ], [ 34.0662, 0.0906 ], [ 34.0443, 0.008 ], [ 34.1121, 0.0402 ], [ 34.1117, 0.0358 ], [ 34.1232, 0.0195 ], [ 34.1541, 0.015 ], [ 34.1573, -0.002 ], [ 34.1643, -0.01 ], [ 34.1761, -0.0035 ], [ 34.1884, -0.0163 ], [ 34.2012, -0.0081 ], [ 34.2151, -0.0108 ], [ 34.2233, -0.0297 ], [ 34.2283, -0.0343 ], [ 34.2339, -0.038 ], [ 34.2441, -0.0386 ], [ 34.2559, -0.0473 ], [ 34.3449, -0.0274 ], [ 34.3554, -0.0276 ], [ 34.3636, -0.0213 ], [ 34.3688, -0.0065 ], [ 34.3886, 0.0006 ], [ 34.3851, 0.0272 ], [ 34.3743, 0.0373 ], [ 34.3727, 0.0681 ], [ 34.3789, 0.0803 ], [ 34.3646, 0.0965 ], [ 34.3601, 0.1245 ], [ 34.3522, 0.1311 ], [ 34.3487, 0.1392 ], [ 34.3403, 0.1449 ], [ 34.3232, 0.1457 ], [ 34.3052, 0.1555 ], [ 34.2852, 0.1569 ], [ 34.2739, 0.1503 ], [ 34.2359, 0.1498 ], [ 34.2174, 0.1599 ], [ 34.2185, 0.1648 ], [ 34.2094, 0.1592 ], [ 34.1937, 0.1703 ], [ 34.1818, 0.1686 ], [ 34.1744, 0.1585 ], [ 34.1614, 0.1567 ], [ 34.1448, 0.1427 ], [ 34.1423, 0.1481 ], [ 34.1179, 0.1411 ], [ 34.1205, 0.1385 ], [ 34.1175, 0.1333 ], [ 34.1207, 0.1297 ], [ 34.115, 0.1239 ], [ 34.1109, 0.1263 ], [ 34.1118, 0.1214 ], [ 34.1029, 0.1261 ], [ 34.105, 0.1361 ], [ 34.0994, 0.1364 ] ] ] } },
{ "type": "Feature", "properties": { "iso3": "KEN", "unit_id": "43622606B40301960408265", "unit_name": "Gem" }, "geometry": { "type": "Polygon", "coordinates": [ [ [ 34.4342, 0.1459 ], [ 34.421, 0.153 ], [ 34.4139, 0.1366 ], [ 34.3883, 0.1538 ], [ 34.3817, 0.1484 ], [ 34.3487, 0.1392 ], [ 34.3522, 0.1311 ], [ 34.3601, 0.1245 ], [ 34.3646, 0.0965 ], [ 34.3789, 0.0803 ], [ 34.3727, 0.0681 ], [ 34.3743, 0.0373 ], [ 34.3851, 0.0272 ], [ 34.3898, 0.0067 ], [ 34.3886, 0.0006 ], [ 34.3688, -0.0065 ], [ 34.3636, -0.0213 ], [ 34.3554, -0.0276 ], [ 34.357, -0.0397 ], [ 34.3691, -0.0452 ], [ 34.3824, -0.061 ], [ 34.407, -0.0663 ], [ 34.4169, -0.0765 ], [ 34.4313, -0.0615 ], [ 34.4607, -0.0431 ], [ 34.4909, -0.0287 ], [ 34.5296, -0.0192 ], [ 34.5418, -0.0027 ], [ 34.5337, 0.0048 ], [ 34.5439, 0.0105 ], [ 34.5432, 0.0154 ], [ 34.5482, 0.0195 ], [ 34.5532, 0.0444 ], [ 34.5599, 0.048 ], [ 34.5571, 0.0573 ], [ 34.5586, 0.074 ], [ 34.554, 0.0891 ], [ 34.5566, 0.0913 ], [ 34.555, 0.1013 ], [ 34.558, 0.1084 ], [ 34.544, 0.1145 ], [ 34.5522, 0.1183 ], [ 34.5547, 0.1276 ], [ 34.5463, 0.1371 ], [ 34.5436, 0.1391 ], [ 34.5341, 0.1365 ], [ 34.5251, 0.1252 ], [ 34.513, 0.1281 ], [ 34.5079, 0.1179 ], [ 34.5002, 0.1261 ], [ 34.5, 0.1227 ], [ 34.4965, 0.1217 ], [ 34.5034, 0.1159 ], [ 34.4969, 0.1115 ], [ 34.4941, 0.1019 ], [ 34.4865, 0.1049 ], [ 34.4742, 0.1034 ], [ 34.4742, 0.1129 ], [ 34.4785, 0.1134 ], [ 34.4784, 0.1161 ], [ 34.4578, 0.1236 ], [ 34.4565, 0.1306 ], [ 34.4724, 0.1313 ], [ 34.4828, 0.1388 ], [ 34.4819, 0.1515 ], [ 34.4673, 0.1577 ], [ 34.4342, 0.1459 ] ] ] } },
{ "type": "Feature", "properties": { "iso3": "KEN", "unit_id": "43622606B4737947251913", "unit_name": "Bondo" }, "geometry": { "type": "Polygon", "coordinates": [ [ [ 33.9494, -0.0265 ], [ 33.9831, -0.1288 ], [ 33.948, -0.3381 ], [ 34.2402, -0.3384 ], [ 34.2442, -0.236 ], [ 34.253, -0.2231 ], [ 34.2646, -0.2152 ], [ 34.2766, -0.2001 ], [ 34.294, -0.1584 ], [ 34.2934, -0.1491 ], [ 34.3042, -0.1326 ], [ 34.3087, -0.134 ], [ 34.3079, -0.1281 ], [ 34.3132, -0.1133 ], [ 34.3316, -0.0964 ], [ 34.3418, -0.0944 ], [ 34.349, -0.0886 ], [ 34.3719, -0.0624 ], [ 34.3824, -0.061 ], [ 34.3691, -0.0452 ], [ 34.357, -0.0397 ], [ 34.3554, -0.0276 ], [ 34.3449, -0.0274 ], [ 34.2559, -0.0473 ], [ 34.2441, -0.0386 ], [ 34.2339, -0.038 ], [ 34.2283, -0.0343 ], [ 34.2233, -0.0297 ], [ 34.2151, -0.0108 ], [ 34.2012, -0.0081 ], [ 34.1884, -0.0163 ], [ 34.1761, -0.0035 ], [ 34.1643, -0.01 ], [ 34.1573, -0.002 ], [ 34.1541, 0.015 ], [ 34.1232, 0.0195 ], [ 34.1117, 0.0358 ], [ 34.1121, 0.0402 ], [ 34.0443, 0.008 ], [ 34.0295, -0.0179 ], [ 34.0155, -0.0277 ], [ 33.9494, -0.0265 ] ] ] } },
{ "type": "Feature", "properties": { "iso3": "KEN", "unit_id": "43622606B53593290642913", "unit_name": "Rarieda" }, "geometry": { "type": "Polygon", "coordinates": [ [ [ 34.3824, -0.061 ], [ 34.3719, -0.0624 ], [ 34.349, -0.0886 ], [ 34.3418, -0.0944 ], [ 34.3316, -0.0964 ], [ 34.3132, -0.1133 ], [ 34.3079, -0.1281 ], [ 34.3087, -0.134 ], [ 34.3042, -0.1326 ], [ 34.2934, -0.1491 ], [ 34.294, -0.1584 ], [ 34.2766, -0.2001 ], [ 34.2646, -0.2152 ], [ 34.253, -0.2231 ], [ 34.2442, -0.236 ], [ 34.2402, -0.3384 ], [ 34.2678, -0.4099 ], [ 34.2741, -0.4193 ], [ 34.2837, -0.4259 ], [ 34.2972, -0.4284 ], [ 34.3133, -0.4246 ], [ 34.4219, -0.3348 ], [ 34.4831, -0.2986 ], [ 34.4151, -0.094 ], [ 34.4165, -0.0734 ], [ 34.407, -0.0663 ], [ 34.3824, -0.061 ] ] ] } },
{ "type": "Feature", "properties": { "iso3": "KEN", "unit_id": "43622606B30137319053322", "unit_name": "Kisumu East" }, "geometry": { "type": "Polygon", "coordinates": [ [ [ 34.751, -0.0318 ], [ 34.7627, -0.0386 ], [ 34.7658, -0.0457 ], [ 34.7829, -0.0603 ], [ 34.7808, -0.0712 ], [ 34.7856, -0.0861 ], [ 34.7844, -0.0933 ], [ 34.7749, -0.0985 ], [ 34.7747, -0.1073 ], [ 34.7698, -0.1065 ], [ 34.7599, -0.114 ], [ 34.7669, -0.124 ], [ 34.7662, -0.1383 ], [ 34.6676, -0.1893 ], [ 34.7829, -0.1895 ], [ 34.7937, -0.1677 ], [ 34.8025, -0.1634 ], [ 34.7952, -0.1479 ], [ 34.8066, -0.146 ], [ 34.8106, -0.1401 ], [ 34.8229, -0.1448 ], [ 34.8321, -0.1428 ], [ 34.8571, -0.1216 ], [ 34.8656, -0.1251 ], [ 34.8736, -0.117 ], [ 34.8668, -0.1171 ], [ 34.8579, -0.1071 ], [ 34.8612, -0.0815 ], [ 34.8722, -0.0806 ], [ 34.8769, -0.0848 ], [ 34.8852, -0.0763 ], [ 34.8907, -0.0768 ], [ 34.8906, -0.0803 ], [ 34.8931, -0.0804 ], [ 34.8987, -0.0692 ], [ 34.8095, -0.0676 ], [ 34.8093, -0.0618 ], [ 34.8129, -0.0614 ], [ 34.8114, -0.0412 ], [ 34.8135, -0.0363 ], [ 34.8088, -0.031 ], [ 34.8036, -0.0138 ], [ 34.8307, 0.0257 ], [ 34.819, 0.0232 ], [ 34.81, 0.0126 ], [ 34.8016, 0.0089 ], [ 34.7862, -0.0055 ], [ 34.7807, -0.0163 ], [ 34.7642, -0.0146 ], [ 34.751, -0.0318 ] ] ] } },
{ "type": "Feature", "properties": { "iso3": "KEN", "unit_id": "43622606B99297593396473", "unit_name": "Kisumu West" }, "geometry": { "type": "Polygon", "coordinates": [ [ [ 34.7462, -0.0212 ], [ 34.7397, -0.0233 ], [ 34.7258, -0.0036 ], [ 34.7156, -0.0077 ], [ 34.7097, -0.0187 ], [ 34.6958, -0.0177 ], [ 34.6888, -0.0237 ], [ 34.6933, -0.013 ], [ 34.6885, -0.009 ], [ 34.6713, -0.0134 ], [ 34.6374, 0.0019 ], [ 34.6254, 0.0045 ], [ 34.6131, 0.002 ], [ 34.6135, 0.0048 ], [ 34.6084, 0.0054 ], [ 34.6025, 0.0133 ], [ 34.589, 0.0025 ], [ 34.5917, -0.0051 ], [ 34.583, -0.0243 ], [ 34.583, -0.0313 ], [ 34.5854, -0.0432 ], [ 34.5965, -0.0612 ], [ 34.6009, -0.0752 ], [ 34.5964, -0.0879 ], [ 34.592, -0.0915 ], [ 34.5899, -0.1024 ], [ 34.5817, -0.111 ], [ 34.5734, -0.1414 ], [ 34.5813, -0.1901 ], [ 34.6676, -0.1893 ], [ 34.7382, -0.0878 ], [ 34.7216, -0.0843 ], [ 34.723, -0.0737 ], [ 34.7508, -0.0807 ], [ 34.7524, -0.0777 ], [ 34.7501, -0.0586 ], [ 34.7609, -0.0532 ], [ 34.7658, -0.0457 ], [ 34.7627, -0.0386 ], [ 34.751, -0.0318 ], [ 34.7462, -0.0212 ] ] ] } },
{ "type": "Feature", "properties": { "iso3": "KEN", "unit_id": "43622606B16696592201019", "unit_name": "Kisumu Central" }, "geometry": { "type": "Polygon", "coordinates": [ [ [ 34.7658, -0.0457 ], [ 34.7609, -0.0532 ], [ 34.7501, -0.0586 ], [ 34.7508, -0.0807 ], [ 34.723, -0.0737 ], [ 34.7216, -0.0843 ], [ 34.7382, -0.0878 ], [ 34.6676, -0.1893 ], [ 34.7662, -0.1383 ], [ 34.7669, -0.124 ], [ 34.7599, -0.114 ], [ 34.7698, -0.1065 ], [ 34.7747, -0.1073 ], [ 34.7749, -0.0985 ], [ 34.7844, -0.0933 ], [ 34.7856, -0.0861 ], [ 34.7808, -0.0712 ], [ 34.7829, -0.0603 ], [ 34.7658, -0.0457 ] ] ] } },
{ "type": "Feature", "properties": { "iso3": "KEN", "unit_id": "43622606B82220029266422", "unit_name": "Seme" }, "geometry": { "type": "Polygon", "coordinates": [ [ [ 34.533, -0.0141 ], [ 34.5296, -0.0192 ], [ 34.4909, -0.0287 ], [ 34.4607, -0.0431 ], [ 34.4313, -0.0615 ], [ 34.4169, -0.0765 ], [ 34.4151, -0.094 ], [ 34.4831, -0.2986 ], [ 34.6676, -0.1893 ], [ 34.5813, -0.1901 ], [ 34.5734, -0.1414 ], [ 34.5817, -0.111 ], [ 34.5899, -0.1024 ], [ 34.592, -0.0915 ], [ 34.5964, -0.0879 ], [ 34.6009, -0.0752 ], [ 34.5965, -0.0612 ], [ 34.5854, -0.0432 ], [ 34.583, -0.0313 ], [ 34.5652, -0.0399 ], [ 34.5605, -0.0293 ], [ 34.5639, -0.0264 ], [ 34.5611, -0.0205 ], [ 34.5641, -0.018 ], [ 34.555, -0.0173 ], [ 34.5477, -0.0218 ], [ 34.533, -0.0141 ] ] ] } },
{ "type": "Feature", "properties": { "iso3": "KEN", "unit_id": "43622606B38525805322608", "unit_name": "Nyando" }, "geometry": { "type": "Polygon", "coordinates": [ [ [ 35.1292, -0.1535 ], [ 35.1251, -0.1427 ], [ 35.1206, -0.1414 ], [ 35.1032, -0.1509 ], [ 35.1031, -0.1558 ], [ 35.092, -0.1594 ], [ 35.0839, -0.1557 ], [ 35.07, -0.156 ], [ 35.0648, -0.1482 ], [ 35.0528, -0.1494 ], [ 35.0439, -0.1467 ], [ 35.0148, -0.1602 ], [ 35.009, -0.1498 ], [ 34.9952, -0.1412 ], [ 34.989, -0.1426 ], [ 34.9786, -0.1343 ], [ 34.9796, -0.1375 ], [ 34.9767, -0.138 ], [ 34.9792, -0.1397 ], [ 34.9642, -0.1456 ], [ 34.9632, -0.1583 ], [ 34.9562, -0.1428 ], [ 34.947, -0.1405 ], [ 34.9394, -0.149 ], [ 34.9296, -0.1506 ], [ 34.9301, -0.1532 ], [ 34.9193, -0.1623 ], [ 34.9201, -0.1684 ], [ 34.9139, -0.1693 ], [ 34.9074, -0.168 ], [ 34.909, -0.1619 ], [ 34.9045, -0.159 ], [ 34.8996, -0.1645 ], [ 34.8951, -0.1621 ], [ 34.9049, -0.1403 ], [ 34.9014, -0.1337 ], [ 34.904, -0.1247 ], [ 34.8945, -0.1246 ], [ 34.8736, -0.117 ], [ 34.8656, -0.1251 ], [ 34.8571, -0.1216 ], [ 34.8321, -0.1428 ], [ 34.8229, -0.1448 ], [ 34.8106, -0.1401 ], [ 34.8066, -0.146 ], [ 34.7952, -0.1479 ], [ 34.8025, -0.1634 ], [ 34.7937, -0.1677 ], [ 34.7829, -0.1895 ], [ 34.6676, -0.1893 ], [ 34.5304, -0.2706 ], [ 34.705, -0.2568 ], [ 34.7602, -0.2556 ], [ 34.7838, -0.2618 ], [ 34.8286, -0.2918 ], [ 34.8521, -0.2964 ], [ 34.867, -0.292 ], [ 34.8845, -0.2659 ], [ 34.9107, -0.2485 ], [ 34.9188, -0.2347 ], [ 34.9337, -0.2326 ], [ 34.9418, -0.2231 ], [ 34.9661, -0.2386 ], [ 34.9743, -0.2369 ], [ 34.9809, -0.2528 ], [ 34.9946, -0.2562 ], [ 35.0001, -0.2674 ], [ 35.0089, -0.2754 ], [ 35.0143, -0.2755 ], [ 35.0161, -0.2795 ], [ 35.0236, -0.2791 ], [ 35.0295, -0.2835 ], [ 35.0399, -0.2798 ], [ 35.0521, -0.2806 ], [ 35.0574, -0.2353 ], [ 35.0636, -0.2156 ], [ 35.0719, -0.2072 ], [ 35.103, -0.1997 ], [ 35.1292, -0.1535 ] ] ] } },
{ "type": "Feature", "properties": { "iso3": "KEN", "unit_id": "43622606B67700717227512", "unit_name": "Muhoroni" }, "geometry": { "type": "Polygon", "coordinates": [ [ [ 34.9544, -0.0283 ], [ 34.9233, -0.0342 ], [ 34.9195, -0.0309 ], [ 34.9202, -0.024 ], [ 34.8276, -0.0258 ], [ 34.808, -0.0193 ], [ 34.8097, -0.0043 ], [ 34.8036, -0.0138 ], [ 34.8088, -0.031 ], [ 34.8135, -0.0363 ], [ 34.8114, -0.0412 ], [ 34.8129, -0.0614 ], [ 34.8093, -0.0618 ], [ 34.8095, -0.0676 ], [ 34.8987, -0.0692 ], [ 34.8931, -0.0804 ], [ 34.8906, -0.0803 ], [ 34.8907, -0.0768 ], [ 34.8852, -0.0763 ], [ 34.8769, -0.0848 ], [ 34.8722, -0.0806 ], [ 34.8612, -0.0815 ], [ 34.8579, -0.1071 ], [ 34.8668, -0.1171 ], [ 34.904, -0.1247 ], [ 34.9014, -0.1337 ], [ 34.9049, -0.1403 ], [ 34.8951, -0.1621 ], [ 34.8977, -0.1649 ], [ 34.9047, -0.1616 ], [ 34.9045, -0.159 ], [ 34.909, -0.1619 ], [ 34.9074, -0.168 ], [ 34.9201, -0.1684 ], [ 34.9193, -0.1623 ], [ 34.9301, -0.1532 ], [ 34.9296, -0.1506 ], [ 34.9394, -0.149 ], [ 34.947, -0.1405 ], [ 34.9562, -0.1428 ], [ 34.9632, -0.1583 ], [ 34.9642, -0.1456 ], [ 34.9792, -0.1397 ], [ 34.9767, -0.138 ], [ 34.9796, -0.1375 ], [ 34.9786, -0.1343 ], [ 34.989, -0.1426 ], [ 34.9952, -0.1412 ], [ 35.009, -0.1498 ], [ 35.0148, -0.1602 ], [ 35.0439, -0.1467 ], [ 35.0528, -0.1494 ], [ 35.0648, -0.1482 ], [ 35.07, -0.156 ], [ 35.0839, -0.1557 ], [ 35.092, -0.1594 ], [ 35.1031, -0.1558 ], [ 35.1032, -0.1509 ], [ 35.1206, -0.1414 ], [ 35.1251, -0.1427 ], [ 35.127, -0.1507 ], [ 35.1295, -0.1496 ], [ 35.1292, -0.1535 ], [ 35.1338, -0.1538 ], [ 35.138, -0.1608 ], [ 35.1569, -0.164 ], [ 35.1646, -0.1603 ], [ 35.1679, -0.1603 ], [ 35.1668, -0.1635 ], [ 35.1704, -0.161 ], [ 35.1822, -0.1631 ], [ 35.1863, -0.1576 ], [ 35.2038, -0.1642 ], [ 35.204, -0.167 ], [ 35.2155, -0.1735 ], [ 35.2191, -0.1918 ], [ 35.227, -0.1948 ], [ 35.2325, -0.1933 ], [ 35.237, -0.1993 ], [ 35.2459, -0.2015 ], [ 35.2476, -0.2091 ], [ 35.263, -0.2217 ], [ 35.2626, -0.2306 ], [ 35.2696, -0.2355 ], [ 35.2996, -0.2362 ], [ 35.3067, -0.2386 ], [ 35.3136, -0.2471 ], [ 35.3205, -0.2462 ], [ 35.3249, -0.2506 ], [ 35.322, -0.2471 ], [ 35.3248, -0.2441 ], [ 35.3431, -0.2356 ], [ 35.3311, -0.1904 ], [ 35.3307, -0.1747 ], [ 35.2961, -0.1741 ], [ 35.2784, -0.1441 ], [ 35.2705, -0.15 ], [ 35.2536, -0.1183 ], [ 35.2349, -0.1179 ], [ 35.2263, -0.1069 ], [ 35.2268, -0.0649 ], [ 35.2211, -0.034 ], [ 35.2161, -0.0342 ], [ 35.215, -0.0307 ], [ 35.2065, -0.0262 ], [ 35.1922, -0.0238 ], [ 35.1664, -0.0298 ], [ 35.1613, -0.0284 ], [ 35.1583, -0.035 ], [ 35.1511, -0.0363 ], [ 35.1022, -0.0022 ], [ 35.1031, -0.021 ], [ 35.0962, -0.028 ], [ 35.0928, -0.0419 ], [ 35.0745, -0.0528 ], [ 35.0653, -0.0646 ], [ 35.0592, -0.0518 ], [ 35.0071, -0.0517 ], [ 35.0077, -0.0275 ], [ 34.9885, -0.0171 ], [ 34.9884, -0.0216 ], [ 34.9783, -0.0222 ], [ 34.9641, -0.0303 ], [ 34.957, -0.0241 ], [ 34.9525, -0.0248 ], [ 34.9544, -0.0283 ] ] ] } },
{ "type": "Feature", "properties": { "iso3": "KEN", "unit_id": "43622606B83056927687789", "unit_name": "Nyakach" }, "geometry": { "type": "Polygon", "coordinates": [ [ [ 35.0521, -0.2806 ], [ 35.0399, -0.2798 ], [ 35.0295, -0.2835 ], [ 35.0236, -0.2791 ], [ 35.0161, -0.2795 ], [ 35.0143, -0.2755 ], [ 35.0089, -0.2754 ], [ 35.0001, -0.2674 ], [ 34.9946, -0.2562 ], [ 34.9809, -0.2528 ], [ 34.9743, -0.2369 ], [ 34.9661, -0.2386 ], [ 34.9418, -0.2231 ], [ 34.9337, -0.2326 ], [ 34.9188, -0.2347 ], [ 34.9107, -0.2485 ], [ 34.8845, -0.2659 ], [ 34.867, -0.292 ], [ 34.8521, -0.2964 ], [ 34.8286, -0.2918 ], [ 34.7915, -0.2662 ], [ 34.7729, -0.2579 ], [ 34.7402, -0.2548 ], [ 34.705, -0.2568 ], [ 34.7553, -0.2898 ], [ 34.7605, -0.3118 ], [ 34.7682, -0.3086 ], [ 34.7845, -0.3205 ], [ 34.7902, -0.3297 ], [ 34.7832, -0.3316 ], [ 34.7856, -0.3401 ], [ 34.792, -0.3396 ], [ 34.7906, -0.346 ], [ 34.7991, -0.3525 ], [ 34.8107, -0.3498 ], [ 34.8108, -0.3544 ], [ 34.8225, -0.3695 ], [ 34.8217, -0.3769 ], [ 34.8252, -0.3817 ], [ 34.8224, -0.3845 ], [ 34.8248, -0.3862 ], [ 34.8333, -0.3864 ], [ 34.839, -0.3908 ], [ 34.8595, -0.3905 ], [ 34.8586, -0.3928 ], [ 34.8628, -0.3952 ], [ 34.8667, -0.3924 ], [ 34.8773, -0.3956 ], [ 34.8852, -0.3942 ], [ 34.8883, -0.3991 ], [ 34.8946, -0.3918 ], [ 34.9144, -0.3838 ], [ 34.914, -0.4013 ], [ 34.9292, -0.4008 ], [ 34.9303, -0.41 ], [ 34.936, -0.4091 ], [ 34.9503, -0.4143 ], [ 34.9612, -0.4137 ], [ 34.9644, -0.41 ], [ 34.9749, -0.4081 ], [ 34.986, -0.412 ], [ 34.9892, -0.4068 ], [ 35.0028, -0.4033 ], [ 35.0106, -0.3893 ], [ 35.0046, -0.3557 ], [ 35.0059, -0.3349 ], [ 35.0092, -0.3295 ], [ 35.0235, -0.3222 ], [ 35.0469, -0.3006 ], [ 35.0521, -0.2806 ] ] ] } },
{ "type": "Feature", "properties": { "iso3": "KEN", "unit_id": "43622606B652254543343", "unit_name": "Kasipul" }, "geometry": { "type": "Polygon", "coordinates": [ [ [ 34.747, -0.4161 ], [ 34.7238, -0.4137 ], [ 34.7196, -0.4095 ], [ 34.6975, -0.4085 ], [ 34.6915, -0.402 ], [ 34.6832, -0.421 ], [ 34.6704, -0.4325 ], [ 34.6719, -0.438 ], [ 34.6558, -0.4684 ], [ 34.6503, -0.4763 ], [ 34.6367, -0.4854 ], [ 34.6387, -0.4911 ], [ 34.6334, -0.4992 ], [ 34.6352, -0.5054 ], [ 34.6292, -0.5168 ], [ 34.6375, -0.5365 ], [ 34.6345, -0.5434 ], [ 34.6353, -0.5525 ], [ 34.6411, -0.557 ], [ 34.6448, -0.57 ], [ 34.6506, -0.5741 ], [ 34.6458, -0.5841 ], [ 34.661, -0.6027 ], [ 34.6852, -0.6007 ], [ 34.6974, -0.587 ], [ 34.7129, -0.5571 ], [ 34.7237, -0.559 ], [ 34.7291, -0.5557 ], [ 34.7511, -0.5563 ], [ 34.7604, -0.5473 ], [ 34.769, -0.5322 ], [ 34.7808, -0.5331 ], [ 34.7914, -0.528 ], [ 34.7807, -0.519 ], [ 34.7847, -0.5174 ], [ 34.7834, -0.5081 ], [ 34.7957, -0.4857 ], [ 34.7947, -0.4757 ], [ 34.7877, -0.4653 ], [ 34.7862, -0.4499 ], [ 34.7764, -0.4419 ], [ 34.7722, -0.4324 ], [ 34.7626, -0.4222 ], [ 34.747, -0.4161 ] ] ] } },
{ "type": "Feature", "properties": { "iso3": "KEN", "unit_id": "43622606B13701573584636", "unit_name": "Kabondo Kasipul" }, "geometry": { "type": "Polygon", "coordinates": [ [ [ 35.0106, -0.3893 ], [ 35.0028, -0.4033 ], [ 34.9892, -0.4068 ], [ 34.986, -0.412 ], [ 34.9749, -0.4081 ], [ 34.9644, -0.41 ], [ 34.9612, -0.4137 ], [ 34.9503, -0.4143 ], [ 34.936, -0.4091 ], [ 34.9303, -0.41 ], [ 34.9292, -0.4008 ], [ 34.914, -0.4013 ], [ 34.9144, -0.3838 ], [ 34.8946, -0.3918 ], [ 34.8883, -0.3991 ], [ 34.8852, -0.3942 ], [ 34.8773, -0.3956 ], [ 34.8667, -0.3924 ], [ 34.8628, -0.3952 ], [ 34.8586, -0.3928 ], [ 34.8595, -0.3905 ], [ 34.839, -0.3908 ], [ 34.8333, -0.3864 ], [ 34.8248, -0.3862 ], [ 34.8224, -0.3845 ], [ 34.8252, -0.3817 ], [ 34.8217, -0.3769 ], [ 34.8225, -0.3695 ], [ 34.8189, -0.3655 ], [ 34.7964, -0.3876 ], [ 34.7816, -0.3901 ], [ 34.7649, -0.3994 ], [ 34.7507, -0.4002 ], [ 34.747, -0.4161 ], [ 34.7626, -0.4222 ], [ 34.7722, -0.4324 ], [ 34.7764, -0.4419 ], [ 34.7862, -0.4499 ], [ 34.7877, -0.4653 ], [ 34.7947, -0.4757 ], [ 34.7957, -0.4857 ], [ 34.7834, -0.5081 ], [ 34.7847, -0.5174 ], [ 34.7807, -0.519 ], [ 34.7914, -0.528 ], [ 34.8188, -0.5173 ], [ 34.8507, -0.5095 ], [ 34.8812, -0.4858 ], [ 34.9057, -0.4802 ], [ 34.9312, -0.4686 ], [ 34.967, -0.4405 ], [ 34.9992, -0.4274 ], [ 35.0199, -0.4097 ], [ 35.0212, -0.4038 ], [ 35.0177, -0.3958 ], [ 35.0106, -0.3893 ] ] ] } },
{ "type": "Feature", "properties": { "iso3": "KEN", "unit_id": "43622606B10746203664886", "unit_name": "Karachuonyo" }, "geometry": { "type": "Polygon", "coordinates": [ [ [ 34.3867, -0.3643 ], [ 34.4828, -0.4613 ], [ 34.5106, -0.4631 ], [ 34.5344, -0.456 ], [ 34.5498, -0.4663 ], [ 34.5674, -0.4638 ], [ 34.5732, -0.4595 ], [ 34.5848, -0.4615 ], [ 34.591, -0.4568 ], [ 34.5943, -0.4665 ], [ 34.6006, -0.4687 ], [ 34.6088, -0.478 ], [ 34.6203, -0.4767 ], [ 34.6262, -0.4823 ], [ 34.6367, -0.4854 ], [ 34.6503, -0.4763 ], [ 34.6558, -0.4684 ], [ 34.6719, -0.438 ], [ 34.6704, -0.4325 ], [ 34.6832, -0.421 ], [ 34.6915, -0.402 ], [ 34.6975, -0.4085 ], [ 34.7196, -0.4095 ], [ 34.7238, -0.4137 ], [ 34.747, -0.4161 ], [ 34.7507, -0.4002 ], [ 34.7649, -0.3994 ], [ 34.7816, -0.3901 ], [ 34.7964, -0.3876 ], [ 34.8189, -0.3655 ], [ 34.8108, -0.3544 ], [ 34.8107, -0.3498 ], [ 34.7991, -0.3525 ], [ 34.7906, -0.346 ], [ 34.792, -0.3396 ], [ 34.7856, -0.3401 ], [ 34.7832, -0.3316 ], [ 34.7902, -0.3297 ], [ 34.7793, -0.3156 ], [ 34.7754, -0.3157 ], [ 34.7682, -0.3086 ], [ 34.7605, -0.3118 ], [ 34.7553, -0.2898 ], [ 34.705, -0.2568 ], [ 34.5304, -0.2706 ], [ 34.4219, -0.3348 ], [ 34.3867, -0.3643 ] ] ] } },
{ "type": "Feature", "properties": { "iso3": "KEN", "unit_id": "43622606B36061341586966", "unit_name": "Rangwe" }, "geometry": { "type": "Polygon", "coordinates": [ [ [ 34.3759, -0.3734 ], [ 34.4823, -0.4776 ], [ 34.5006, -0.4901 ], [ 34.5036, -0.5074 ], [ 34.5179, -0.5322 ], [ 34.5161, -0.5423 ], [ 34.5211, -0.5623 ], [ 34.5305, -0.5739 ], [ 34.5392, -0.5779 ], [ 34.5456, -0.596 ], [ 34.5417, -0.611 ], [ 34.5521, -0.6133 ], [ 34.5576, -0.626 ], [ 34.5553, -0.6348 ], [ 34.5586, -0.6438 ], [ 34.5645, -0.6436 ], [ 34.5677, -0.6479 ], [ 34.5661, -0.6617 ], [ 34.5793, -0.659 ], [ 34.583, -0.6516 ], [ 34.5918, -0.6493 ], [ 34.6091, -0.6495 ], [ 34.6256, -0.6543 ], [ 34.6347, -0.6606 ], [ 34.6372, -0.6584 ], [ 34.6431, -0.6321 ], [ 34.6494, -0.6244 ], [ 34.6506, -0.6153 ], [ 34.6603, -0.6032 ], [ 34.6458, -0.5841 ], [ 34.6506, -0.5741 ], [ 34.6448, -0.57 ], [ 34.6411, -0.557 ], [ 34.6353, -0.5525 ], [ 34.6345, -0.5434 ], [ 34.6375, -0.5365 ], [ 34.6292, -0.5168 ], [ 34.6352, -0.5054 ], [ 34.6334, -0.4992 ], [ 34.6387, -0.4911 ], [ 34.6367, -0.4854 ], [ 34.6262, -0.4823 ], [ 34.6203, -0.4767 ], [ 34.6088, -0.478 ], [ 34.6006, -0.4687 ], [ 34.5943, -0.4665 ], [ 34.591, -0.4568 ], [ 34.5848, -0.4615 ], [ 34.5732, -0.4595 ], [ 34.5674, -0.4638 ], [ 34.5498, -0.4663 ], [ 34.5344, -0.456 ], [ 34.5106, -0.4631 ], [ 34.4828, -0.4613 ], [ 34.3867, -0.3643 ], [ 34.3759, -0.3734 ] ] ] } },
{ "type": "Feature", "properties": { "iso3": "KEN", "unit_id": "43622606B26586970568681", "unit_name": "Homa Bay" }, "geometry": { "type": "Polygon", "coordinates": [ [ [ 34.3575, -0.3888 ], [ 34.4482, -0.4959 ], [ 34.4175, -0.5277 ], [ 34.4029, -0.5538 ], [ 34.4183, -0.5688 ], [ 34.4278, -0.5944 ], [ 34.4334, -0.5933 ], [ 34.4336, -0.6042 ], [ 34.4393, -0.6153 ], [ 34.4414, -0.6316 ], [ 34.476, -0.6596 ], [ 34.497, -0.6671 ], [ 34.4998, -0.6673 ], [ 34.5028, -0.6612 ], [ 34.5367, -0.6606 ], [ 34.5312, -0.6428 ], [ 34.5497, -0.6551 ], [ 34.556, -0.6641 ], [ 34.5645, -0.6636 ], [ 34.5677, -0.6479 ], [ 34.5645, -0.6436 ], [ 34.5586, -0.6438 ], [ 34.5553, -0.6348 ], [ 34.5576, -0.626 ], [ 34.5521, -0.6133 ], [ 34.5417, -0.611 ], [ 34.5456, -0.596 ], [ 34.5433, -0.5891 ], [ 34.5392, -0.5779 ], [ 34.5305, -0.5739 ], [ 34.5211, -0.5623 ], [ 34.5161, -0.5423 ], [ 34.5179, -0.5322 ], [ 34.5036, -0.5074 ], [ 34.5006, -0.4901 ], [ 34.4823, -0.4776 ], [ 34.3759, -0.3734 ], [ 34.3575, -0.3888 ] ] ] } },
{ "type": "Feature", "properties": { "iso3": "KEN", "unit_id": "43622606B93094608498772", "unit_name": "Ndhiwa" }, "geometry": { "type": "Polygon", "coordinates": [ [ [ 34.4048, -0.5568 ], [ 34.3973, -0.5721 ], [ 34.3888, -0.5768 ], [ 34.3845, -0.5844 ], [ 34.3783, -0.5881 ], [ 34.3649, -0.5895 ], [ 34.3666, -0.5958 ], [ 34.3632, -0.598 ], [ 34.3518, -0.6268 ], [ 34.3483, -0.6553 ], [ 34.2971, -0.6684 ], [ 34.2702, -0.6892 ], [ 34.1973, -0.7345 ], [ 34.2134, -0.7672 ], [ 34.2328, -0.782 ], [ 34.2422, -0.7993 ], [ 34.2526, -0.8107 ], [ 34.2544, -0.8193 ], [ 34.2855, -0.8252 ], [ 34.3, -0.839 ], [ 34.3162, -0.8611 ], [ 34.3246, -0.8662 ], [ 34.3366, -0.8621 ], [ 34.3415, -0.8549 ], [ 34.3687, -0.8515 ], [ 34.3721, -0.8459 ], [ 34.3815, -0.846 ], [ 34.3935, -0.8277 ], [ 34.3883, -0.8221 ], [ 34.3874, -0.8159 ], [ 34.4281, -0.8348 ], [ 34.4638, -0.8621 ], [ 34.465, -0.8344 ], [ 34.4855, -0.7868 ], [ 34.532, -0.7403 ], [ 34.5363, -0.7283 ], [ 34.5317, -0.7251 ], [ 34.5343, -0.7225 ], [ 34.5343, -0.7022 ], [ 34.5529, -0.6753 ], [ 34.5592, -0.6718 ], [ 34.5533, -0.6585 ], [ 34.5312, -0.6428 ], [ 34.5367, -0.6606 ], [ 34.5335, -0.6617 ], [ 34.5028, -0.6612 ], [ 34.4998, -0.6673 ], [ 34.497, -0.6671 ], [ 34.4707, -0.6561 ], [ 34.4414, -0.6316 ], [ 34.4393, -0.6153 ], [ 34.4336, -0.6042 ], [ 34.4334, -0.5933 ], [ 34.4278, -0.5944 ], [ 34.4183, -0.5688 ], [ 34.4048, -0.5568 ] ] ] } },
{ "type": "Feature", "properties": { "iso3": "KEN", "unit_id": "43622606B78978090228865", "unit_name": "Suba North" }, "geometry": { "type": "Polygon", "coordinates": [ [ [ 33.948, -0.3381 ], [ 33.9244, -0.4659 ], [ 33.9209, -0.5377 ], [ 34.0145, -0.5228 ], [ 34.0757, -0.5067 ], [ 34.1503, -0.4698 ], [ 34.2034, -0.5057 ], [ 34.2093, -0.5069 ], [ 34.21, -0.5156 ], [ 34.2168, -0.5174 ], [ 34.2492, -0.5479 ], [ 34.2563, -0.5475 ], [ 34.2784, -0.5358 ], [ 34.2919, -0.5362 ], [ 34.2921, -0.5461 ], [ 34.3035, -0.5606 ], [ 34.3078, -0.5744 ], [ 34.2907, -0.6725 ], [ 34.2971, -0.6684 ], [ 34.3483, -0.6553 ], [ 34.3518, -0.6268 ], [ 34.3632, -0.598 ], [ 34.3666, -0.5958 ], [ 34.3649, -0.5895 ], [ 34.3783, -0.5881 ], [ 34.3973, -0.5721 ], [ 34.4048, -0.5568 ], [ 34.4034, -0.5517 ], [ 34.4175, -0.5277 ], [ 34.4482, -0.4959 ], [ 34.3575, -0.3888 ], [ 34.3133, -0.4246 ], [ 34.2972, -0.4284 ], [ 34.2837, -0.4259 ], [ 34.2741, -0.4193 ], [ 34.2678, -0.4099 ], [ 34.2402, -0.3384 ], [ 33.948, -0.3381 ] ] ] } },
{ "type": "Feature", "properties": { "iso3": "KEN", "unit_id": "43622606B88541233589223", "unit_name": "Suba South" }, "geometry": { "type": "Polygon", "coordinates": [ [ [ 34.2907, -0.6725 ], [ 34.3078, -0.5744 ], [ 34.3035, -0.5606 ], [ 34.2921, -0.5461 ], [ 34.2919, -0.5362 ], [ 34.2784, -0.5358 ], [ 34.2563, -0.5475 ], [ 34.2492, -0.5479 ], [ 34.2168, -0.5174 ], [ 34.21, -0.5156 ], [ 34.2093, -0.5069 ], [ 34.2034, -0.5057 ], [ 34.1503, -0.4698 ], [ 34.0757, -0.5067 ], [ 34.0145, -0.5228 ], [ 33.9209, -0.5377 ], [ 33.9171, -0.5678 ], [ 33.9259, -0.8048 ], [ 34.0796, -0.8052 ], [ 34.0843, -0.7875 ], [ 34.0876, -0.7846 ], [ 34.1123, -0.7815 ], [ 34.1192, -0.7777 ], [ 34.1443, -0.776 ], [ 34.1527, -0.7667 ], [ 34.1692, -0.7627 ], [ 34.1917, -0.7449 ], [ 34.2004, -0.7431 ], [ 34.1973, -0.7345 ], [ 34.2035, -0.7293 ], [ 34.2244, -0.7191 ], [ 34.2907, -0.6725 ] ] ] } },
{ "type": "Feature", "properties": { "iso3": "KEN", "unit_id": "43622606B37813572448113", "unit_name": "Rongo" }, "geometry": { "type": "Polygon", "coordinates": [ [ [ 34.6415, -0.9665 ], [ 34.6327, -0.9631 ], [ 34.6226, -0.9418 ], [ 34.6233, -0.922 ], [ 34.6145, -0.8883 ], [ 34.6169, -0.8719 ], [ 34.6109, -0.8577 ], [ 34.6105, -0.8409 ], [ 34.6208, -0.8403 ], [ 34.6251, -0.8276 ], [ 34.6226, -0.8224 ], [ 34.6227, -0.7903 ], [ 34.6302, -0.7389 ], [ 34.6285, -0.7288 ], [ 34.643, -0.704 ], [ 34.6402, -0.7006 ], [ 34.6347, -0.6606 ], [ 34.6256, -0.6543 ], [ 34.6091, -0.6495 ], [ 34.5918, -0.6493 ], [ 34.583, -0.6516 ], [ 34.5793, -0.659 ], [ 34.556, -0.6641 ], [ 34.5592, -0.6718 ], [ 34.5529, -0.6753 ], [ 34.5343, -0.7022 ], [ 34.5343, -0.7225 ], [ 34.5317, -0.7251 ], [ 34.5363, -0.7283 ], [ 34.5412, -0.7432 ], [ 34.5479, -0.7513 ], [ 34.5579, -0.7563 ], [ 34.5699, -0.7552 ], [ 34.57, -0.7709 ], [ 34.5741, -0.783 ], [ 34.5637, -0.7987 ], [ 34.571, -0.8072 ], [ 34.5781, -0.8248 ], [ 34.5862, -0.8323 ], [ 34.58, -0.841 ], [ 34.5843, -0.8537 ], [ 34.5845, -0.8745 ], [ 34.588, -0.8812 ], [ 34.5814, -0.8864 ], [ 34.5857, -0.8901 ], [ 34.5981, -0.9446 ], [ 34.6098, -0.9624 ], [ 34.6045, -0.9653 ], [ 34.6148, -0.9714 ], [ 34.6216, -0.9854 ], [ 34.6415, -0.9665 ] ] ] } },
{ "type": "Feature", "properties": { "iso3": "KEN", "unit_id": "43622606B4669025002061", "unit_name": "Awendo" }, "geometry": { "type": "Polygon", "coordinates": [ [ [ 34.6216, -0.9854 ], [ 34.6148, -0.9714 ], [ 34.6045, -0.9653 ], [ 34.6098, -0.9624 ], [ 34.5981, -0.9446 ], [ 34.5857, -0.8901 ], [ 34.5814, -0.8864 ], [ 34.588, -0.8812 ], [ 34.5845, -0.8745 ], [ 34.5843, -0.8537 ], [ 34.58, -0.841 ], [ 34.5862, -0.8323 ], [ 34.5781, -0.8248 ], [ 34.571, -0.8072 ], [ 34.5637, -0.7987 ], [ 34.5741, -0.783 ], [ 34.57, -0.7709 ], [ 34.5699, -0.7552 ], [ 34.5579, -0.7563 ], [ 34.5479, -0.7513 ], [ 34.5412, -0.7432 ], [ 34.5363, -0.7283 ], [ 34.532, -0.7403 ], [ 34.5182, -0.7566 ], [ 34.4855, -0.7868 ], [ 34.465, -0.8344 ], [ 34.4638, -0.8621 ], [ 34.5104, -0.9066 ], [ 34.5114, -0.9129 ], [ 34.5253, -0.9293 ], [ 34.5551, -0.9797 ], [ 34.5659, -1.0094 ], [ 34.5783, -1.0057 ], [ 34.5882, -1.0093 ], [ 34.5901, -1.0162 ], [ 34.6216, -0.9854 ] ] ] } },
{ "type": "Feature", "properties": { "iso3": "KEN", "unit_id": "43622606B24288969819640", "unit_name": "Suna East" }, "geometry": { "type": "Polygon", "coordinates": [ [ [ 34.5967, -1.0495 ], [ 34.5984, -1.0718 ], [ 34.5901, -1.0709 ], [ 34.5751, -1.0643 ], [ 34.5601, -1.0499 ], [ 34.5463, -1.0493 ], [ 34.5457, -1.0412 ], [ 34.5291, -1.0382 ], [ 34.501, -1.0178 ], [ 34.4508, -0.9924 ], [ 34.4344, -0.9969 ], [ 34.4057, -0.9957 ], [ 34.4013, -1.0037 ], [ 34.3903, -0.9968 ], [ 34.3856, -0.99 ], [ 34.3769, -0.9899 ], [ 34.3563, -0.9772 ], [ 34.3512, -0.9842 ], [ 34.3356, -0.9911 ], [ 34.3341, -0.9977 ], [ 34.3402, -0.9986 ], [ 34.3488, -1.0069 ], [ 34.3585, -1.0092 ], [ 34.3611, -1.0057 ], [ 34.3696, -1.0071 ], [ 34.3713, -1.0115 ], [ 34.3738, -1.0084 ], [ 34.3776, -1.01 ], [ 34.3782, -1.007 ], [ 34.3844, -1.0105 ], [ 34.3821, -1.0264 ], [ 34.3735, -1.0423 ], [ 34.3737, -1.0475 ], [ 34.3849, -1.0501 ], [ 34.4109, -1.0747 ], [ 34.4353, -1.0819 ], [ 34.4413, -1.0773 ], [ 34.44, -1.0596 ], [ 34.4432, -1.0469 ], [ 34.4575, -1.0545 ], [ 34.4603, -1.0502 ], [ 34.4643, -1.0539 ], [ 34.4646, -1.0594 ], [ 34.4716, -1.0666 ], [ 34.4696, -1.0738 ], [ 34.4747, -1.0813 ], [ 34.4751, -1.0847 ], [ 34.4699, -1.088 ], [ 34.4727, -1.0939 ], [ 34.4784, -1.093 ], [ 34.4871, -1.1005 ], [ 34.5103, -1.1072 ], [ 34.5148, -1.1026 ], [ 34.5387, -1.1057 ], [ 34.5604, -1.0959 ], [ 34.5808, -1.1015 ], [ 34.6014, -1.0987 ], [ 34.6079, -1.1454 ], [ 34.6249, -1.1547 ], [ 34.6334, -1.1382 ], [ 34.6307, -1.1248 ], [ 34.6231, -1.1148 ], [ 34.6196, -1.0948 ], [ 34.6152, -1.0901 ], [ 34.619, -1.0775 ], [ 34.6018, -1.0592 ], [ 34.5967, -1.0495 ] ] ] } },
{ "type": "Feature", "properties": { "iso3": "KEN", "unit_id": "43622606B83996154562258", "unit_name": "Suna West" }, "geometry": { "type": "Polygon", "coordinates": [ [ [ 34.3402, -0.9986 ], [ 34.328, -0.9984 ], [ 34.3101, -1.0128 ], [ 34.3045, -1.0135 ], [ 34.2985, -1.0222 ], [ 34.286, -1.0196 ], [ 34.2766, -1.0309 ], [ 34.2705, -1.032 ], [ 34.2703, -1.0371 ], [ 34.2811, -1.0449 ], [ 34.2796, -1.0499 ], [ 34.2738, -1.0523 ], [ 34.2791, -1.0669 ], [ 34.2758, -1.0747 ], [ 34.2775, -1.0796 ], [ 34.257, -1.0958 ], [ 34.2495, -1.1137 ], [ 34.3753, -1.1857 ], [ 34.392, -1.1412 ], [ 34.4106, -1.1282 ], [ 34.4216, -1.1312 ], [ 34.4236, -1.1257 ], [ 34.4422, -1.1266 ], [ 34.4625, -1.1223 ], [ 34.4755, -1.1244 ], [ 34.4784, -1.1289 ], [ 34.4852, -1.1201 ], [ 34.5076, -1.1092 ], [ 34.5057, -1.1052 ], [ 34.4871, -1.1005 ], [ 34.4784, -1.093 ], [ 34.4727, -1.0939 ], [ 34.4699, -1.088 ], [ 34.4751, -1.0847 ], [ 34.4696, -1.0738 ], [ 34.4716, -1.0666 ], [ 34.4603, -1.0502 ], [ 34.4575, -1.0545 ], [ 34.4432, -1.0469 ], [ 34.44, -1.0596 ], [ 34.4413, -1.0773 ], [ 34.4353, -1.0819 ], [ 34.4109, -1.0747 ], [ 34.3849, -1.0501 ], [ 34.3737, -1.0475 ], [ 34.3735, -1.0423 ], [ 34.3821, -1.0264 ], [ 34.3844, -1.0105 ], [ 34.3782, -1.007 ], [ 34.3776, -1.01 ], [ 34.3738, -1.0084 ], [ 34.3713, -1.0115 ], [ 34.3696, -1.0071 ], [ 34.3611, -1.0057 ], [ 34.3585, -1.0092 ], [ 34.3488, -1.0069 ], [ 34.3402, -0.9986 ] ] ] } },
{ "type": "Feature", "properties": { "iso3": "KEN", "unit_id": "43622606B61752812908733", "unit_name": "Uriri" }, "geometry": { "type": "Polygon", "coordinates": [ [ [ 34.5984, -1.0718 ], [ 34.5882, -1.0093 ], [ 34.5783, -1.0057 ], [ 34.5659, -1.0094 ], [ 34.5636, -1.0073 ], [ 34.5551, -0.9797 ], [ 34.5253, -0.9293 ], [ 34.5114, -0.9129 ], [ 34.5104, -0.9066 ], [ 34.4638, -0.8621 ], [ 34.4281, -0.8348 ], [ 34.3874, -0.8159 ], [ 34.3883, -0.8221 ], [ 34.3935, -0.8277 ], [ 34.3815, -0.846 ], [ 34.3721, -0.8459 ], [ 34.3687, -0.8515 ], [ 34.3415, -0.8549 ], [ 34.3366, -0.8621 ], [ 34.3246, -0.8662 ], [ 34.3363, -0.8818 ], [ 34.3351, -0.8866 ], [ 34.3435, -0.8993 ], [ 34.3369, -0.9051 ], [ 34.3396, -0.9136 ], [ 34.3367, -0.9158 ], [ 34.3355, -0.9391 ], [ 34.337, -0.9505 ], [ 34.3412, -0.9558 ], [ 34.3382, -0.96 ], [ 34.3403, -0.9633 ], [ 34.3468, -0.9639 ], [ 34.3493, -0.973 ], [ 34.3666, -0.9851 ], [ 34.3769, -0.9899 ], [ 34.3856, -0.99 ], [ 34.3903, -0.9968 ], [ 34.4013, -1.0037 ], [ 34.4057, -0.9957 ], [ 34.4344, -0.9969 ], [ 34.4508, -0.9924 ], [ 34.501, -1.0178 ], [ 34.5291, -1.0382 ], [ 34.5457, -1.0412 ], [ 34.5463, -1.0493 ], [ 34.5601, -1.0499 ], [ 34.5751, -1.0643 ], [ 34.5984, -1.0718 ] ] ] } },
{ "type": "Feature", "properties": { "iso3": "KEN", "unit_id": "43622606B47657490459988", "unit_name": "Nyatike" }, "geometry": { "type": "Polygon", "coordinates": [ [ [ 34.2004, -0.7431 ], [ 34.1917, -0.7449 ], [ 34.1692, -0.7627 ], [ 34.1527, -0.7667 ], [ 34.1443, -0.776 ], [ 34.1192, -0.7777 ], [ 34.1123, -0.7815 ], [ 34.0876, -0.7846 ], [ 34.0843, -0.7875 ], [ 34.0796, -0.8052 ], [ 33.9259, -0.8048 ], [ 33.934, -1.0001 ], [ 34.017, -1.0003 ], [ 34.0269, -1.01 ], [ 34.0297, -1.0353 ], [ 34.0404, -1.0437 ], [ 34.046, -1.0433 ], [ 34.081, -1.0198 ], [ 34.2495, -1.1137 ], [ 34.257, -1.0958 ], [ 34.2775, -1.0796 ], [ 34.2758, -1.0747 ], [ 34.2791, -1.0669 ], [ 34.2738, -1.0523 ], [ 34.2796, -1.0499 ], [ 34.2811, -1.0449 ], [ 34.2703, -1.0371 ], [ 34.2705, -1.032 ], [ 34.2766, -1.0309 ], [ 34.286, -1.0196 ], [ 34.2985, -1.0222 ], [ 34.3045, -1.0135 ], [ 34.3101, -1.0128 ], [ 34.328, -0.9984 ], [ 34.3341, -0.9977 ], [ 34.3356, -0.9911 ], [ 34.3512, -0.9842 ], [ 34.3563, -0.9772 ], [ 34.3493, -0.973 ], [ 34.3468, -0.9639 ], [ 34.3403, -0.9633 ], [ 34.3382, -0.96 ], [ 34.3412, -0.9558 ], [ 34.337, -0.9505 ], [ 34.3355, -0.9391 ], [ 34.3367, -0.9158 ], [ 34.3396, -0.9136 ], [ 34.3369, -0.9051 ], [ 34.3435, -0.8993 ], [ 34.3351, -0.8866 ], [ 34.3363, -0.8818 ], [ 34.3274, -0.8723 ], [ 34.3269, -0.8679 ], [ 34.3162, -0.8611 ], [ 34.3, -0.839 ], [ 34.2855, -0.8252 ], [ 34.2544, -0.8193 ], [ 34.2526, -0.8107 ], [ 34.2422, -0.7993 ], [ 34.2328, -0.782 ], [ 34.2134, -0.7672 ], [ 34.2004, -0.7431 ] ] ] } },
{ "type": "Feature", "properties": { "iso3": "KEN", "unit_id": "43622606B33957699916562", "unit_name": "Kuria West" }, "geometry": { "type": "Polygon", "coordinates": [ [ [ 34.5057, -1.1052 ], [ 34.5076, -1.1092 ], [ 34.4852, -1.1201 ], [ 34.4784, -1.1289 ], [ 34.4755, -1.1244 ], [ 34.4625, -1.1223 ], [ 34.4422, -1.1266 ], [ 34.4236, -1.1257 ], [ 34.4216, -1.1312 ], [ 34.4106, -1.1282 ], [ 34.392, -1.1412 ], [ 34.3753, -1.1857 ], [ 34.5826, -1.3018 ], [ 34.5874, -1.2925 ], [ 34.5911, -1.2912 ], [ 34.5971, -1.2632 ], [ 34.6025, -1.2605 ], [ 34.6017, -1.2547 ], [ 34.6078, -1.2518 ], [ 34.6033, -1.2478 ], [ 34.6117, -1.2417 ], [ 34.6095, -1.2274 ], [ 34.6198, -1.2169 ], [ 34.633, -1.1953 ], [ 34.6341, -1.1646 ], [ 34.6191, -1.1557 ], [ 34.5973, -1.1499 ], [ 34.5915, -1.1552 ], [ 34.582, -1.1556 ], [ 34.5715, -1.1784 ], [ 34.566, -1.1809 ], [ 34.5646, -1.1888 ], [ 34.559, -1.1915 ], [ 34.5517, -1.1491 ], [ 34.5581, -1.1412 ], [ 34.545, -1.1266 ], [ 34.5348, -1.1064 ], [ 34.5148, -1.1026 ], [ 34.5103, -1.1072 ], [ 34.5057, -1.1052 ] ] ] } },
{ "type": "Feature", "properties": { "iso3": "KEN", "unit_id": "43622606B37364927440499", "unit_name": "Kuria East" }, "geometry": { "type": "Polygon", "coordinates": [ [ [ 34.6399, -1.1631 ], [ 34.6079, -1.1454 ], [ 34.6014, -1.0987 ], [ 34.5808, -1.1015 ], [ 34.5604, -1.0959 ], [ 34.5348, -1.1064 ], [ 34.545, -1.1266 ], [ 34.5581, -1.1412 ], [ 34.5517, -1.1491 ], [ 34.559, -1.1915 ], [ 34.5646, -1.1888 ], [ 34.566, -1.1809 ], [ 34.5715, -1.1784 ], [ 34.582, -1.1556 ], [ 34.5915, -1.1552 ], [ 34.5973, -1.1499 ], [ 34.6191, -1.1557 ], [ 34.6341, -1.1646 ], [ 34.633, -1.1953 ], [ 34.6198, -1.2169 ], [ 34.6095, -1.2274 ], [ 34.6117, -1.2417 ], [ 34.6033, -1.2478 ], [ 34.6078, -1.2518 ], [ 34.6017, -1.2547 ], [ 34.6025, -1.2605 ], [ 34.5971, -1.2632 ], [ 34.5911, -1.2912 ], [ 34.5874, -1.2925 ], [ 34.5826, -1.3018 ], [ 34.7305, -1.3867 ], [ 34.6871, -1.211 ], [ 34.6736, -1.2097 ], [ 34.6709, -1.1972 ], [ 34.6537, -1.1857 ], [ 34.654, -1.1766 ], [ 34.6399, -1.1631 ] ] ] } },
{ "type": "Feature", "properties": { "iso3": "KEN", "unit_id": "43622606B3902826861864", "unit_name": "Bonchari" }, "geometry": { "type": "Polygon", "coordinates": [ [ [ 34.6594, -0.6015 ], [ 34.6431, -0.6321 ], [ 34.6347, -0.6606 ], [ 34.6402, -0.7006 ], [ 34.643, -0.704 ], [ 34.6485, -0.71 ], [ 34.6572, -0.7125 ], [ 34.6874, -0.7128 ], [ 34.6901, -0.7182 ], [ 34.7001, -0.722 ], [ 34.7454, -0.7053 ], [ 34.7466, -0.6953 ], [ 34.7566, -0.6779 ], [ 34.7169, -0.6235 ], [ 34.69, -0.5962 ], [ 34.6852, -0.6007 ], [ 34.6594, -0.6015 ] ] ] } },
{ "type": "Feature", "properties": { "iso3": "KEN", "unit_id": "43622606B23537878570834", "unit_name": "South Mugirango" }, "geometry": { "type": "Polygon", "coordinates": [ [ [ 34.7148, -0.9606 ], [ 34.709, -0.9414 ], [ 34.6985, -0.9365 ], [ 34.6856, -0.908 ], [ 34.6887, -0.8699 ], [ 34.6836, -0.8531 ], [ 34.6847, -0.8453 ], [ 34.6773, -0.8338 ], [ 34.6799, -0.8265 ], [ 34.6952, -0.814 ], [ 34.6983, -0.8052 ], [ 34.6884, -0.7935 ], [ 34.6827, -0.7803 ], [ 34.6826, -0.7656 ], [ 34.6748, -0.7431 ], [ 34.6847, -0.7137 ], [ 34.6572, -0.7125 ], [ 34.6485, -0.71 ], [ 34.643, -0.704 ], [ 34.6285, -0.7288 ], [ 34.6302, -0.7389 ], [ 34.6227, -0.7903 ], [ 34.6226, -0.8224 ], [ 34.6251, -0.8276 ], [ 34.6208, -0.8403 ], [ 34.6105, -0.8409 ], [ 34.6109, -0.8577 ], [ 34.6169, -0.8719 ], [ 34.6145, -0.8883 ], [ 34.6233, -0.922 ], [ 34.6226, -0.9418 ], [ 34.6327, -0.9631 ], [ 34.6415, -0.9665 ], [ 34.649, -0.9633 ], [ 34.6634, -0.9705 ], [ 34.6788, -0.971 ], [ 34.7148, -0.9606 ] ] ] } },
{ "type": "Feature", "properties": { "iso3": "KEN", "unit_id": "43622606B36961883288876", "unit_name": "Bomachoge Borabu" }, "geometry": { "type": "Polygon", "coordinates": [ [ [ 34.8307, -0.9327 ], [ 34.819, -0.9239 ], [ 34.8169, -0.8954 ], [ 34.8135, -0.8861 ], [ 34.7939, -0.8838 ], [ 34.7774, -0.8722 ], [ 34.7672, -0.8596 ], [ 34.7509, -0.8544 ], [ 34.7482, -0.85 ], [ 34.7402, -0.8497 ], [ 34.7268, -0.8672 ], [ 34.7247, -0.8747 ], [ 34.7269, -0.8863 ], [ 34.7211, -0.8961 ], [ 34.7131, -0.8938 ], [ 34.6948, -0.8954 ], [ 34.6886, -0.8939 ], [ 34.6872, -0.8899 ], [ 34.6856, -0.908 ], [ 34.6902, -0.9225 ], [ 34.6947, -0.9255 ], [ 34.6985, -0.9365 ], [ 34.709, -0.9414 ], [ 34.7155, -0.9617 ], [ 34.8307, -0.9327 ] ] ] } },
{ "type": "Feature", "properties": { "iso3": "KEN", "unit_id": "43622606B94474700387144", "unit_name": "Bobasi" }, "geometry": { "type": "Polygon", "coordinates": [ [ [ 34.9172, -0.9107 ], [ 34.8952, -0.8723 ], [ 34.8921, -0.8559 ], [ 34.8816, -0.8488 ], [ 34.8545, -0.8126 ], [ 34.8088, -0.7715 ], [ 34.777, -0.7481 ], [ 34.7543, -0.7256 ], [ 34.7473, -0.7151 ], [ 34.7454, -0.7053 ], [ 34.7119, -0.7192 ], [ 34.7175, -0.7466 ], [ 34.7297, -0.7637 ], [ 34.7351, -0.799 ], [ 34.7321, -0.8061 ], [ 34.7365, -0.8189 ], [ 34.7431, -0.8278 ], [ 34.7497, -0.831 ], [ 34.761, -0.856 ], [ 34.7712, -0.8629 ], [ 34.7774, -0.8722 ], [ 34.7939, -0.8838 ], [ 34.8135, -0.8861 ], [ 34.8213, -0.9273 ], [ 34.8307, -0.9327 ], [ 34.9172, -0.9107 ] ] ] } },
{ "type": "Feature", "properties": { "iso3": "KEN", "unit_id": "43622606B8938616195957", "unit_name": "Bomachoge Chache" }, "geometry": { "type": "Polygon", "coordinates": [ [ [ 34.6847, -0.7137 ], [ 34.6748, -0.7431 ], [ 34.6826, -0.7656 ], [ 34.6827, -0.7803 ], [ 34.6884, -0.7935 ], [ 34.6983, -0.8052 ], [ 34.6952, -0.814 ], [ 34.6799, -0.8265 ], [ 34.6773, -0.8338 ], [ 34.6847, -0.8453 ], [ 34.6836, -0.8531 ], [ 34.6887, -0.8699 ], [ 34.6872, -0.8899 ], [ 34.6886, -0.8939 ], [ 34.6948, -0.8954 ], [ 34.7131, -0.8938 ], [ 34.7211, -0.8961 ], [ 34.7269, -0.8863 ], [ 34.7247, -0.8747 ], [ 34.7268, -0.8672 ], [ 34.7402, -0.8497 ], [ 34.7482, -0.85 ], [ 34.7509, -0.8544 ], [ 34.761, -0.856 ], [ 34.7611, -0.8525 ], [ 34.7497, -0.831 ], [ 34.7431, -0.8278 ], [ 34.7365, -0.8189 ], [ 34.7321, -0.8061 ], [ 34.7351, -0.799 ], [ 34.7297, -0.7637 ], [ 34.7175, -0.7466 ], [ 34.7119, -0.7192 ], [ 34.7001, -0.722 ], [ 34.6901, -0.7182 ], [ 34.6874, -0.7128 ], [ 34.6847, -0.7137 ] ] ] } },
{ "type": "Feature", "properties": { "iso3": "KEN", "unit_id": "43622606B77662366437328", "unit_name": "Nyaribari Masaba" }, "geometry": { "type": "Polygon", "coordinates": [ [ [ 34.9172, -0.9107 ], [ 35.0128, -0.8879 ], [ 34.9434, -0.7712 ], [ 34.9342, -0.7647 ], [ 34.9188, -0.7585 ], [ 34.915, -0.7649 ], [ 34.8991, -0.7735 ], [ 34.8934, -0.7727 ], [ 34.8904, -0.7789 ], [ 34.8837, -0.781 ], [ 34.871, -0.8043 ], [ 34.8679, -0.8069 ], [ 34.8609, -0.8051 ], [ 34.8582, -0.8119 ], [ 34.8545, -0.8126 ], [ 34.8816, -0.8488 ], [ 34.8921, -0.8559 ], [ 34.8952, -0.8723 ], [ 34.9172, -0.9107 ] ] ] } },
{ "type": "Feature", "properties": { "iso3": "KEN", "unit_id": "43622606B5032566342451", "unit_name": "Nyaribari Chache" }, "geometry": { "type": "Polygon", "coordinates": [ [ [ 34.7466, -0.6953 ], [ 34.7473, -0.7151 ], [ 34.7543, -0.7256 ], [ 34.777, -0.7481 ], [ 34.8088, -0.7715 ], [ 34.8545, -0.8126 ], [ 34.8582, -0.8119 ], [ 34.8609, -0.8051 ], [ 34.8679, -0.8069 ], [ 34.871, -0.8043 ], [ 34.8837, -0.781 ], [ 34.8904, -0.7789 ], [ 34.8934, -0.7727 ], [ 34.8991, -0.7735 ], [ 34.915, -0.7649 ], [ 34.916, -0.7581 ], [ 34.908, -0.7593 ], [ 34.8987, -0.7468 ], [ 34.8876, -0.7437 ], [ 34.8526, -0.7223 ], [ 34.835, -0.7064 ], [ 34.8243, -0.7026 ], [ 34.8194, -0.6914 ], [ 34.8086, -0.6858 ], [ 34.7954, -0.6877 ], [ 34.789, -0.6758 ], [ 34.7865, -0.6746 ], [ 34.7844, -0.6779 ], [ 34.7786, -0.6741 ], [ 34.7731, -0.6636 ], [ 34.7667, -0.6613 ], [ 34.7597, -0.6716 ], [ 34.7614, -0.676 ], [ 34.7575, -0.6777 ], [ 34.7551, -0.6753 ], [ 34.7559, -0.6801 ], [ 34.7466, -0.6953 ] ] ] } },
{ "type": "Feature", "properties": { "iso3": "KEN", "unit_id": "43622606B16054879598730", "unit_name": "Kitutu Chache North" }, "geometry": { "type": "Polygon", "coordinates": [ [ [ 34.7511, -0.5563 ], [ 34.7464, -0.5709 ], [ 34.7462, -0.5894 ], [ 34.7571, -0.5954 ], [ 34.7684, -0.5913 ], [ 34.7707, -0.5952 ], [ 34.7772, -0.5935 ], [ 34.7898, -0.6058 ], [ 34.7929, -0.6035 ], [ 34.7999, -0.6057 ], [ 34.796, -0.6079 ], [ 34.8011, -0.6153 ], [ 34.8187, -0.6267 ], [ 34.8424, -0.596 ], [ 34.8543, -0.5971 ], [ 34.8675, -0.6066 ], [ 34.8748, -0.606 ], [ 34.8868, -0.6119 ], [ 34.8899, -0.608 ], [ 34.8899, -0.6024 ], [ 34.8796, -0.5904 ], [ 34.8811, -0.5858 ], [ 34.8729, -0.5728 ], [ 34.8785, -0.5561 ], [ 34.8709, -0.5341 ], [ 34.8698, -0.5051 ], [ 34.8639, -0.5016 ], [ 34.8558, -0.5036 ], [ 34.8507, -0.5095 ], [ 34.8188, -0.5173 ], [ 34.7887, -0.5311 ], [ 34.769, -0.5322 ], [ 34.7604, -0.5473 ], [ 34.7511, -0.5563 ] ] ] } },
{ "type": "Feature", "properties": { "iso3": "KEN", "unit_id": "43622606B68948932949678", "unit_name": "Kitutu Chache South" }, "geometry": { "type": "Polygon", "coordinates": [ [ [ 34.69, -0.5962 ], [ 34.7169, -0.6235 ], [ 34.7493, -0.6712 ], [ 34.7575, -0.6777 ], [ 34.7614, -0.676 ], [ 34.7597, -0.6716 ], [ 34.7667, -0.6613 ], [ 34.7731, -0.6636 ], [ 34.7786, -0.6741 ], [ 34.789, -0.6721 ], [ 34.7916, -0.6653 ], [ 34.8119, -0.6634 ], [ 34.8095, -0.6604 ], [ 34.8107, -0.6428 ], [ 34.8187, -0.6267 ], [ 34.8011, -0.6153 ], [ 34.796, -0.6079 ], [ 34.7999, -0.6057 ], [ 34.7929, -0.6035 ], [ 34.7898, -0.6058 ], [ 34.7772, -0.5935 ], [ 34.7707, -0.5952 ], [ 34.7684, -0.5913 ], [ 34.7571, -0.5954 ], [ 34.7462, -0.5894 ], [ 34.7464, -0.5709 ], [ 34.7511, -0.5563 ], [ 34.7291, -0.5557 ], [ 34.7237, -0.559 ], [ 34.7129, -0.5571 ], [ 34.7094, -0.5678 ], [ 34.7022, -0.574 ], [ 34.6974, -0.587 ], [ 34.69, -0.5962 ] ] ] } },
{ "type": "Feature", "properties": { "iso3": "KEN", "unit_id": "43622606B40733182276015", "unit_name": "Kitutu Masaba" }, "geometry": { "type": "Polygon", "coordinates": [ [ [ 34.9505, -0.7826 ], [ 34.9805, -0.7632 ], [ 34.9752, -0.7609 ], [ 34.9887, -0.7315 ], [ 35.0071, -0.7076 ], [ 35.0136, -0.7052 ], [ 35.0196, -0.6807 ], [ 35.0175, -0.6749 ], [ 34.9708, -0.675 ], [ 34.947, -0.6646 ], [ 34.9426, -0.6666 ], [ 34.9343, -0.663 ], [ 34.9077, -0.6431 ], [ 34.9015, -0.6333 ], [ 34.9025, -0.6223 ], [ 34.8899, -0.608 ], [ 34.8868, -0.6119 ], [ 34.8748, -0.606 ], [ 34.8675, -0.6066 ], [ 34.8543, -0.5971 ], [ 34.8424, -0.596 ], [ 34.8187, -0.6267 ], [ 34.8107, -0.6428 ], [ 34.8095, -0.6604 ], [ 34.8119, -0.6634 ], [ 34.7916, -0.6653 ], [ 34.789, -0.6721 ], [ 34.7786, -0.6741 ], [ 34.7844, -0.6779 ], [ 34.7865, -0.6746 ], [ 34.789, -0.6758 ], [ 34.7954, -0.6877 ], [ 34.8086, -0.6858 ], [ 34.8194, -0.6914 ], [ 34.8243, -0.7026 ], [ 34.835, -0.7064 ], [ 34.8526, -0.7223 ], [ 34.8876, -0.7437 ], [ 34.8987, -0.7468 ], [ 34.908, -0.7593 ], [ 34.9188, -0.7585 ], [ 34.9342, -0.7647 ], [ 34.9434, -0.7712 ], [ 34.9505, -0.7826 ] ] ] } },
{ "type": "Feature", "properties": { "iso3": "KEN", "unit_id": "43622606B521724241255", "unit_name": "West Mugirango" }, "geometry": { "type": "Polygon", "coordinates": [ [ [ 34.859, -0.5024 ], [ 34.8698, -0.5051 ], [ 34.8709, -0.5341 ], [ 34.8785, -0.5561 ], [ 34.8729, -0.5728 ], [ 34.8811, -0.5858 ], [ 34.8796, -0.5904 ], [ 34.8899, -0.6024 ], [ 34.8907, -0.6108 ], [ 34.9025, -0.6223 ], [ 34.9015, -0.6333 ], [ 34.9077, -0.6431 ], [ 34.9343, -0.663 ], [ 34.9426, -0.6666 ], [ 34.947, -0.6646 ], [ 34.9708, -0.675 ], [ 35.0175, -0.6749 ], [ 35.0185, -0.6593 ], [ 35.0026, -0.6423 ], [ 35.0038, -0.6335 ], [ 34.9998, -0.6258 ], [ 34.9848, -0.6169 ], [ 34.9749, -0.6149 ], [ 34.9738, -0.6088 ], [ 34.9616, -0.5963 ], [ 34.9461, -0.5659 ], [ 34.9406, -0.5398 ], [ 34.9332, -0.5374 ], [ 34.9293, -0.5224 ], [ 34.93, -0.5077 ], [ 34.934, -0.4907 ], [ 34.9415, -0.4781 ], [ 34.9312, -0.4686 ], [ 34.9057, -0.4802 ], [ 34.8812, -0.4858 ], [ 34.859, -0.5024 ] ] ] } },
{ "type": "Feature", "properties": { "iso3": "KEN", "unit_id": "43622606B68051205498631", "unit_name": "North Mugirango" }, "geometry": { "type": "Polygon", "coordinates": [ [ [ 35.0199, -0.4097 ], [ 34.9992, -0.4274 ], [ 34.967, -0.4405 ], [ 34.9312, -0.4686 ], [ 34.9415, -0.4781 ], [ 34.934, -0.4907 ], [ 34.9293, -0.5224 ], [ 34.9332, -0.5374 ], [ 34.9406, -0.5398 ], [ 34.9419, -0.5518 ], [ 34.9482, -0.546 ], [ 34.9563, -0.55 ], [ 34.9621, -0.5395 ], [ 34.9691, -0.5458 ], [ 34.9729, -0.5558 ], [ 34.9774, -0.5581 ], [ 34.9877, -0.5812 ], [ 34.9931, -0.5811 ], [ 35.0008, -0.5913 ], [ 35.0105, -0.5976 ], [ 35.0323, -0.5904 ], [ 35.034, -0.4827 ], [ 35.0394, -0.4823 ], [ 35.0421, -0.4558 ], [ 35.0459, -0.4522 ], [ 35.0449, -0.4436 ], [ 35.0385, -0.4359 ], [ 35.0384, -0.4285 ], [ 35.0336, -0.4199 ], [ 35.0199, -0.4097 ] ] ] } },
{ "type": "Feature", "properties": { "iso3": "KEN", "unit_id": "43622606B39029876032307", "unit_name": "Borabu" }, "geometry": { "type": "Polygon", "coordinates": [ [ [ 35.0524, -0.4981 ], [ 35.0329, -0.4962 ], [ 35.0323, -0.5904 ], [ 35.0105, -0.5976 ], [ 35.0008, -0.5913 ], [ 34.9947, -0.5823 ], [ 34.9877, -0.5812 ], [ 34.9774, -0.5581 ], [ 34.9729, -0.5558 ], [ 34.9691, -0.5458 ], [ 34.9621, -0.5395 ], [ 34.9563, -0.55 ], [ 34.9482, -0.546 ], [ 34.9419, -0.5518 ], [ 34.9616, -0.5963 ], [ 34.9738, -0.6088 ], [ 34.9749, -0.6149 ], [ 34.9848, -0.6169 ], [ 34.9998, -0.6258 ], [ 35.0038, -0.6335 ], [ 35.0026, -0.6423 ], [ 35.0185, -0.6593 ], [ 35.0197, -0.6674 ], [ 35.0169, -0.6716 ], [ 35.0196, -0.6807 ], [ 35.0136, -0.7052 ], [ 35.0071, -0.7076 ], [ 34.9887, -0.7315 ], [ 34.9752, -0.7609 ], [ 34.9805, -0.7632 ], [ 34.9505, -0.7826 ], [ 35.0128, -0.8879 ], [ 35.0121, -0.8796 ], [ 35.0179, -0.871 ], [ 35.0204, -0.8694 ], [ 35.0254, -0.8728 ], [ 35.0214, -0.8474 ], [ 35.0317, -0.8446 ], [ 35.0444, -0.8525 ], [ 35.0913, -0.8009 ], [ 35.0479, -0.7065 ], [ 35.0502, -0.7006 ], [ 35.0722, -0.6908 ], [ 35.0551, -0.656 ], [ 35.0558, -0.643 ], [ 35.0642, -0.6293 ], [ 35.0572, -0.6163 ], [ 35.0624, -0.6064 ], [ 35.0616, -0.6012 ], [ 35.0519, -0.5851 ], [ 35.0482, -0.5697 ], [ 35.0524, -0.5433 ], [ 35.0495, -0.5361 ], [ 35.0526, -0.5322 ], [ 35.048, -0.5227 ], [ 35.0566, -0.5054 ], [ 35.0524, -0.4981 ] ] ] } },
{ "type": "Feature", "properties": { "iso3": "KEN", "unit_id": "43622606B859979081106", "unit_name": "Westlands" }, "geometry": { "type": "Polygon", "coordinates": [ [ [ 36.834, -1.2125 ], [ 36.7909, -1.189 ], [ 36.7841, -1.202 ], [ 36.7896, -1.2064 ], [ 36.7783, -1.2243 ], [ 36.7716, -1.221 ], [ 36.7699, -1.2239 ], [ 36.7565, -1.2168 ], [ 36.7467, -1.2347 ], [ 36.7287, -1.2324 ], [ 36.7255, -1.2483 ], [ 36.7185, -1.2608 ], [ 36.7386, -1.2755 ], [ 36.7615, -1.2677 ], [ 36.7533, -1.2616 ], [ 36.7789, -1.2563 ], [ 36.7987, -1.2591 ], [ 36.8118, -1.2721 ], [ 36.8152, -1.2671 ], [ 36.8317, -1.2649 ], [ 36.8418, -1.258 ], [ 36.8461, -1.2454 ], [ 36.834, -1.2125 ] ] ] } },
{ "type": "Feature", "properties": { "iso3": "KEN", "unit_id": "43622606B42505525418476", "unit_name": "Kilimani" }, "geometry": { "type": "Polygon", "coordinates": [ [ [ 36.7334, -1.2729 ], [ 36.7369, -1.2821 ], [ 36.7603, -1.2962 ], [ 36.7923, -1.2972 ], [ 36.8197, -1.2906 ], [ 36.8118, -1.2721 ], [ 36.7987, -1.2591 ], [ 36.7789, -1.2563 ], [ 36.7674, -1.2583 ], [ 36.7533, -1.2616 ], [ 36.7615, -1.2677 ], [ 36.7571, -1.2711 ], [ 36.7386, -1.2755 ], [ 36.7334, -1.2729 ] ] ] } },
{ "type": "Feature", "properties": { "iso3": "KEN", "unit_id": "43622606B38220915992844", "unit_name": "Dagoretti" }, "geometry": { "type": "Polygon", "coordinates": [ [ [ 36.6783, -1.2979 ], [ 36.6846, -1.2982 ], [ 36.6871, -1.2939 ], [ 36.7065, -1.3027 ], [ 36.7085, -1.2951 ], [ 36.7234, -1.3008 ], [ 36.727, -1.2942 ], [ 36.7364, -1.2944 ], [ 36.737, -1.298 ], [ 36.7303, -1.2996 ], [ 36.7312, -1.3059 ], [ 36.7603, -1.2962 ], [ 36.7369, -1.2821 ], [ 36.7334, -1.2729 ], [ 36.7159, -1.2584 ], [ 36.7026, -1.2558 ], [ 36.7007, -1.2598 ], [ 36.6939, -1.2579 ], [ 36.6966, -1.266 ], [ 36.6901, -1.2694 ], [ 36.691, -1.2734 ], [ 36.6877, -1.2725 ], [ 36.6893, -1.2793 ], [ 36.6783, -1.2979 ] ] ] } },
{ "type": "Feature", "properties": { "iso3": "KEN", "unit_id": "43622606B8816017969913", "unit_name": "Langata" }, "geometry": { "type": "Polygon", "coordinates": [ [ [ 36.9135, -1.3708 ], [ 36.9074, -1.3703 ], [ 36.8949, -1.3565 ], [ 36.8923, -1.3586 ], [ 36.8822, -1.3472 ], [ 36.8303, -1.3119 ], [ 36.8233, -1.2972 ], [ 36.821, -1.3029 ], [ 36.806, -1.3064 ], [ 36.8034, -1.3128 ], [ 36.7944, -1.3078 ], [ 36.7949, -1.3126 ], [ 36.7999, -1.3148 ], [ 36.7942, -1.3175 ], [ 36.7884, -1.3121 ], [ 36.7784, -1.3151 ], [ 36.7725, -1.3139 ], [ 36.7666, -1.3078 ], [ 36.7555, -1.3092 ], [ 36.7527, -1.3047 ], [ 36.7476, -1.306 ], [ 36.7474, -1.3011 ], [ 36.7312, -1.3059 ], [ 36.7303, -1.2996 ], [ 36.737, -1.298 ], [ 36.7364, -1.2944 ], [ 36.7326, -1.2934 ], [ 36.727, -1.2942 ], [ 36.7234, -1.3008 ], [ 36.7085, -1.2951 ], [ 36.7065, -1.3027 ], [ 36.6871, -1.2939 ], [ 36.6846, -1.2982 ], [ 36.6783, -1.2979 ], [ 36.6743, -1.3048 ], [ 36.6702, -1.3036 ], [ 36.6635, -1.3173 ], [ 36.6728, -1.3219 ], [ 36.6691, -1.3236 ], [ 36.6749, -1.3278 ], [ 36.6789, -1.326 ], [ 36.6928, -1.3506 ], [ 36.7022, -1.3495 ], [ 36.7261, -1.3709 ], [ 36.7415, -1.3794 ], [ 36.7602, -1.3822 ], [ 36.7675, -1.3863 ], [ 36.7802, -1.3841 ], [ 36.7827, -1.3868 ], [ 36.7937, -1.3829 ], [ 36.7957, -1.3858 ], [ 36.8049, -1.3844 ], [ 36.8056, -1.3868 ], [ 36.8191, -1.3789 ], [ 36.8288, -1.3855 ], [ 36.8435, -1.3844 ], [ 36.8496, -1.3941 ], [ 36.8636, -1.4017 ], [ 36.8697, -1.4012 ], [ 36.8715, -1.4052 ], [ 36.8817, -1.4037 ], [ 36.8949, -1.4092 ], [ 36.8899, -1.4123 ], [ 36.9314, -1.4305 ], [ 36.9556, -1.4349 ], [ 36.9608, -1.4421 ], [ 36.9621, -1.4364 ], [ 36.9479, -1.4215 ], [ 36.9426, -1.4021 ], [ 36.9277, -1.3919 ], [ 36.9227, -1.392 ], [ 36.9135, -1.3708 ] ] ] } },
{ "type": "Feature", "properties": { "iso3": "KEN", "unit_id": "43622606B38304253516378", "unit_name": "Kibra" }, "geometry": { "type": "Polygon", "coordinates": [ [ [ 36.7603, -1.2962 ], [ 36.7474, -1.3011 ], [ 36.7476, -1.306 ], [ 36.7527, -1.3047 ], [ 36.7555, -1.3092 ], [ 36.7666, -1.3078 ], [ 36.7725, -1.3139 ], [ 36.7784, -1.3151 ], [ 36.7884, -1.3121 ], [ 36.7942, -1.3175 ], [ 36.7999, -1.3148 ], [ 36.7949, -1.3126 ], [ 36.7944, -1.3078 ], [ 36.8034, -1.3128 ], [ 36.806, -1.3064 ], [ 36.821, -1.3029 ], [ 36.8233, -1.2972 ], [ 36.8197, -1.2906 ], [ 36.7923, -1.2972 ], [ 36.7603, -1.2962 ] ] ] } },
{ "type": "Feature", "properties": { "iso3": "KEN", "unit_id": "43622606B14318123876036", "unit_name": "Roysambu" }, "geometry": { "type": "Polygon", "coordinates": [ [ [ 36.8975, -1.1582 ], [ 36.888, -1.1714 ], [ 36.8984, -1.1904 ], [ 36.8736, -1.1938 ], [ 36.8632, -1.1879 ], [ 36.8595, -1.2006 ], [ 36.8511, -1.2005 ], [ 36.8492, -1.2113 ], [ 36.8341, -1.2078 ], [ 36.8303, -1.2038 ], [ 36.8461, -1.2454 ], [ 36.8418, -1.258 ], [ 36.8575, -1.2514 ], [ 36.872, -1.2322 ], [ 36.8959, -1.2119 ], [ 36.9124, -1.205 ], [ 36.9416, -1.1733 ], [ 36.9191, -1.1599 ], [ 36.8975, -1.1582 ] ] ] } },
{ "type": "Feature", "properties": { "iso3": "KEN", "unit_id": "43622606B24498351477971", "unit_name": "Kasarani" }, "geometry": { "type": "Polygon", "coordinates": [ [ [ 37.1037, -1.263 ], [ 37.0862, -1.2463 ], [ 37.0949, -1.2424 ], [ 37.0882, -1.2312 ], [ 37.0803, -1.2349 ], [ 37.0627, -1.2027 ], [ 37.0573, -1.2065 ], [ 37.0537, -1.2041 ], [ 37.0378, -1.2104 ], [ 37.022, -1.2246 ], [ 37.0134, -1.2276 ], [ 37.0108, -1.234 ], [ 36.995, -1.2301 ], [ 36.9912, -1.2226 ], [ 36.9867, -1.2212 ], [ 36.9695, -1.2267 ], [ 36.9571, -1.227 ], [ 36.9376, -1.2192 ], [ 36.9312, -1.2199 ], [ 36.9207, -1.2142 ], [ 36.9124, -1.205 ], [ 36.8959, -1.2119 ], [ 36.8692, -1.236 ], [ 36.8745, -1.2382 ], [ 36.9049, -1.2311 ], [ 36.9187, -1.2385 ], [ 36.9302, -1.2376 ], [ 36.9168, -1.2405 ], [ 36.9, -1.2539 ], [ 36.9137, -1.2564 ], [ 36.9336, -1.2506 ], [ 36.9362, -1.2576 ], [ 36.9675, -1.2584 ], [ 36.98, -1.2663 ], [ 36.9902, -1.2808 ], [ 36.9948, -1.2791 ], [ 37.0019, -1.2984 ], [ 37.026, -1.2895 ], [ 37.0757, -1.301 ], [ 37.0724, -1.2927 ], [ 37.0772, -1.2817 ], [ 37.0826, -1.2824 ], [ 37.0865, -1.2752 ], [ 37.0968, -1.2711 ], [ 37.1008, -1.2727 ], [ 37.1037, -1.263 ] ] ] } },
{ "type": "Feature", "properties": { "iso3": "KEN", "unit_id": "43622606B74552682319833", "unit_name": "Ruaraka" }, "geometry": { "type": "Polygon", "coordinates": [ [ [ 36.8507, -1.2564 ], [ 36.8589, -1.2605 ], [ 36.8773, -1.2465 ], [ 36.8849, -1.2461 ], [ 36.8894, -1.252 ], [ 36.8957, -1.2415 ], [ 36.9113, -1.2353 ], [ 36.9049, -1.2311 ], [ 36.8745, -1.2382 ], [ 36.8692, -1.236 ], [ 36.8507, -1.2564 ] ] ] } },
{ "type": "Feature", "properties": { "iso3": "KEN", "unit_id": "43622606B5685336570473", "unit_name": "Embakasi South" }, "geometry": { "type": "Polygon", "coordinates": [ [ [ 36.9072, -1.3599 ], [ 36.8813, -1.3337 ], [ 36.8993, -1.3214 ], [ 36.8886, -1.3042 ], [ 36.8403, -1.3185 ], [ 36.8822, -1.3472 ], [ 36.8923, -1.3586 ], [ 36.8949, -1.3565 ], [ 36.9074, -1.3703 ], [ 36.9135, -1.3708 ], [ 36.9056, -1.3618 ], [ 36.9072, -1.3599 ] ] ] } },
{ "type": "Feature", "properties": { "iso3": "KEN", "unit_id": "43622606B94261853229691", "unit_name": "Embakasi North" }, "geometry": { "type": "Polygon", "coordinates": [ [ [ 36.9113, -1.2353 ], [ 36.8957, -1.2415 ], [ 36.8894, -1.252 ], [ 36.8849, -1.2461 ], [ 36.8773, -1.2465 ], [ 36.8783, -1.2599 ], [ 36.9, -1.2539 ], [ 36.9168, -1.2405 ], [ 36.9256, -1.2403 ], [ 36.9302, -1.2376 ], [ 36.9187, -1.2385 ], [ 36.9113, -1.2353 ] ] ] } },
{ "type": "Feature", "properties": { "iso3": "KEN", "unit_id": "43622606B20275984323294", "unit_name": "Embakasi Central" }, "geometry": { "type": "Polygon", "coordinates": [ [ [ 36.9137, -1.2564 ], [ 36.8975, -1.2694 ], [ 36.9021, -1.2795 ], [ 36.906, -1.2774 ], [ 36.9121, -1.2885 ], [ 36.9148, -1.2882 ], [ 36.9206, -1.2699 ], [ 36.9255, -1.265 ], [ 36.938, -1.2631 ], [ 36.9336, -1.2506 ], [ 36.9137, -1.2564 ] ] ] } },
{ "type": "Feature", "properties": { "iso3": "KEN", "unit_id": "43622606B61359202098566", "unit_name": "Embakasi East" }, "geometry": { "type": "Polygon", "coordinates": [ [ [ 36.9902, -1.2808 ], [ 36.98, -1.2663 ], [ 36.9675, -1.2584 ], [ 36.9362, -1.2576 ], [ 36.938, -1.2631 ], [ 36.9255, -1.265 ], [ 36.9206, -1.2699 ], [ 36.9148, -1.2882 ], [ 36.9121, -1.2885 ], [ 36.906, -1.2774 ], [ 36.8857, -1.2924 ], [ 36.8886, -1.3042 ], [ 36.8993, -1.3214 ], [ 36.8813, -1.3337 ], [ 36.9072, -1.3599 ], [ 36.9339, -1.3364 ], [ 36.9604, -1.346 ], [ 36.9658, -1.3518 ], [ 36.9836, -1.3125 ], [ 36.9738, -1.2872 ], [ 36.9902, -1.2808 ] ] ] } },
{ "type": "Feature", "properties": { "iso3": "KEN", "unit_id": "43622606B48580050148280", "unit_name": "Embakasi West" }, "geometry": { "type": "Polygon", "coordinates": [ [ [ 36.9, -1.2539 ], [ 36.8783, -1.2599 ], [ 36.8713, -1.2759 ], [ 36.8645, -1.2808 ], [ 36.8666, -1.285 ], [ 36.8739, -1.2787 ], [ 36.8755, -1.2813 ], [ 36.8805, -1.2797 ], [ 36.8787, -1.2758 ], [ 36.8817, -1.2746 ], [ 36.8857, -1.2924 ], [ 36.8921, -1.289 ], [ 36.9021, -1.2795 ], [ 36.8975, -1.2694 ], [ 36.9137, -1.2564 ], [ 36.9, -1.2539 ] ] ] } },
{ "type": "Feature", "properties": { "iso3": "KEN", "unit_id": "43622606B70672346045873", "unit_name": "Makadara" }, "geometry": { "type": "Polygon", "coordinates": [ [ [ 36.8886, -1.3042 ], [ 36.8817, -1.2746 ], [ 36.8787, -1.2758 ], [ 36.8805, -1.2797 ], [ 36.8755, -1.2813 ], [ 36.8739, -1.2787 ], [ 36.8666, -1.285 ], [ 36.8645, -1.2808 ], [ 36.8516, -1.2877 ], [ 36.8504, -1.2919 ], [ 36.8377, -1.2895 ], [ 36.8447, -1.2992 ], [ 36.856, -1.2983 ], [ 36.8605, -1.3082 ], [ 36.8559, -1.3139 ], [ 36.8886, -1.3042 ] ] ] } },
{ "type": "Feature", "properties": { "iso3": "KEN", "unit_id": "43622606B96470469956592", "unit_name": "Kamukunji" }, "geometry": { "type": "Polygon", "coordinates": [ [ [ 36.8783, -1.2599 ], [ 36.869, -1.259 ], [ 36.843, -1.265 ], [ 36.8458, -1.2778 ], [ 36.839, -1.2842 ], [ 36.8315, -1.2834 ], [ 36.8396, -1.2866 ], [ 36.8402, -1.2896 ], [ 36.8504, -1.2919 ], [ 36.8516, -1.2877 ], [ 36.8713, -1.2759 ], [ 36.8783, -1.2599 ] ] ] } },
{ "type": "Feature", "properties": { "iso3": "KEN", "unit_id": "43622606B32115154947994", "unit_name": "Starehe" }, "geometry": { "type": "Polygon", "coordinates": [ [ [ 36.8118, -1.2721 ], [ 36.8303, -1.3119 ], [ 36.8403, -1.3185 ], [ 36.8559, -1.3139 ], [ 36.8605, -1.3082 ], [ 36.856, -1.2983 ], [ 36.8447, -1.2992 ], [ 36.8377, -1.2895 ], [ 36.8402, -1.2896 ], [ 36.8396, -1.2866 ], [ 36.8315, -1.2834 ], [ 36.839, -1.2842 ], [ 36.8458, -1.2778 ], [ 36.8419, -1.262 ], [ 36.8152, -1.2671 ], [ 36.8118, -1.2721 ] ] ] } },
{ "type": "Feature", "properties": { "iso3": "KEN", "unit_id": "43622606B23514330654837", "unit_name": "Mathare" }, "geometry": { "type": "Polygon", "coordinates": [ [ [ 36.8371, -1.2619 ], [ 36.8419, -1.262 ], [ 36.843, -1.265 ], [ 36.869, -1.259 ], [ 36.8783, -1.2599 ], [ 36.8773, -1.2465 ], [ 36.8589, -1.2605 ], [ 36.8507, -1.2564 ], [ 36.8371, -1.2619 ] ] ] } }
]
}
