{
"type": "FeatureCollection",
"name": "MAR",
"crs": { "type": "name", "properties": { "name": "urn:ogc:def:crs:OGC:1.3:CRS84" } },
"xy_coordinate_resolution": 0.0001,
"features": [
{ "type": "Feature", "properties": { "iso3": "MAR", "unit_id": "98779951B52323512000739", "unit_name": "Province d Azilal" }, "geometry": { "type": "Polygon", "coordinates": [ [ [ -7.1105, 32.191 ], [ -7.1242, 32.1619 ], [ -7.1227, 32.1534 ], [ -7.1309, 32.1291 ], [ -7.1276, 32.1016 ], [ -7.1181, 32.0856 ], [ -7.1174, 32.0459 ], [ -7.1102, 32.0203 ], [ -7.0882, 32.0058 ], [ -7.0817, 31.9968 ], [ -7.0575, 31.9826 ], [ -7.053, 31.9725 ], [ -7.0691, 31.9654 ], [ -7.063, 31.941 ], [ -7.0679, 31.9075 ], [ -7.0516, 31.9043 ], [ -7.0554, 31.8935 ], [ -7.0291, 31.8597 ], [ -7.0205, 31.8607 ], [ -7.0237, 31.8462 ], [ -7.0128, 31.8468 ], [ -7.008, 31.8286 ], [ -7.0021, 31.8213 ], [ -7.0185, 31.8202 ], [ -7.0348, 31.8276 ], [ -7.0335, 31.8213 ], [ -7.0433, 31.7875 ], [ -7.0243, 31.7744 ], [ -7.0489, 31.7607 ], [ -7.1032, 31.7599 ], [ -7.1691, 31.7436 ], [ -7.1844, 31.7509 ], [ -7.1873, 31.7555 ], [ -7.1981, 31.7582 ], [ -7.1979, 31.7622 ], [ -7.2175, 31.7618 ], [ -7.2293, 31.773 ], [ -7.2295, 31.7619 ], [ -7.2418, 31.7638 ], [ -7.2481, 31.7604 ], [ -7.258, 31.7636 ], [ -7.2656, 31.7615 ], [ -7.2635, 31.7507 ], [ -7.2654, 31.7393 ], [ -7.2721, 31.7396 ], [ -7.2738, 31.7477 ], [ -7.282, 31.7474 ], [ -7.2851, 31.7337 ], [ -7.3186, 31.713 ], [ -7.3071, 31.7042 ], [ -7.3026, 31.6953 ], [ -7.3211, 31.6934 ], [ -7.3167, 31.6703 ], [ -7.2697, 31.6733 ], [ -7.2631, 31.6625 ], [ -7.2679, 31.6327 ], [ -7.2637, 31.6215 ], [ -7.2222, 31.6085 ], [ -7.2089, 31.5774 ], [ -7.1935, 31.5595 ], [ -7.1341, 31.5577 ], [ -7.1308, 31.5368 ], [ -7.1396, 31.5291 ], [ -7.1486, 31.4825 ], [ -7.1571, 31.4675 ], [ -7.1705, 31.4669 ], [ -7.1736, 31.4538 ], [ -7.1821, 31.442 ], [ -7.1845, 31.429 ], [ -7.1737, 31.4169 ], [ -7.1557, 31.4283 ], [ -7.1387, 31.3807 ], [ -7.1268, 31.3665 ], [ -7.1155, 31.3683 ], [ -7.1025, 31.3649 ], [ -7.0608, 31.3703 ], [ -7.0391, 31.3903 ], [ -7.0343, 31.3872 ], [ -7.009, 31.339 ], [ -6.9959, 31.3493 ], [ -6.9726, 31.3512 ], [ -6.9237, 31.345 ], [ -6.8092, 31.3433 ], [ -6.733, 31.3488 ], [ -6.7187, 31.3577 ], [ -6.713, 31.3757 ], [ -6.7033, 31.4184 ], [ -6.701, 31.4695 ], [ -6.6622, 31.4617 ], [ -6.6329, 31.4615 ], [ -6.5633, 31.5079 ], [ -6.5316, 31.5235 ], [ -6.4951, 31.5358 ], [ -6.4839, 31.5434 ], [ -6.4808, 31.5555 ], [ -6.4752, 31.5489 ], [ -6.4497, 31.5476 ], [ -6.4235, 31.5788 ], [ -6.3965, 31.5911 ], [ -6.2614, 31.6362 ], [ -6.1226, 31.6912 ], [ -6.0603, 31.7057 ], [ -6.0177, 31.7202 ], [ -5.9801, 31.74 ], [ -5.9662, 31.7511 ], [ -5.9206, 31.8211 ], [ -5.8944, 31.8321 ], [ -5.8554, 31.8393 ], [ -5.8173, 31.8576 ], [ -5.8254, 31.8684 ], [ -5.824, 31.8937 ], [ -5.7986, 31.928 ], [ -5.8027, 31.9389 ], [ -5.8259, 31.9637 ], [ -5.8882, 31.9834 ], [ -5.8753, 32.0628 ], [ -5.8667, 32.0866 ], [ -5.8683, 32.0981 ], [ -5.858, 32.118 ], [ -5.8437, 32.1323 ], [ -5.8422, 32.1529 ], [ -5.8916, 32.1346 ], [ -5.9105, 32.1547 ], [ -5.9716, 32.1582 ], [ -5.9672, 32.1955 ], [ -5.9114, 32.1936 ], [ -5.8807, 32.2098 ], [ -5.8692, 32.2325 ], [ -5.8652, 32.235 ], [ -5.8986, 32.2751 ], [ -5.9142, 32.3071 ], [ -5.9229, 32.3427 ], [ -5.9331, 32.3682 ], [ -5.957, 32.3961 ], [ -5.9753, 32.4029 ], [ -6.0087, 32.3872 ], [ -6.0417, 32.3627 ], [ -6.0852, 32.3492 ], [ -6.1076, 32.3379 ], [ -6.1136, 32.3095 ], [ -6.1233, 32.2844 ], [ -6.1574, 32.28 ], [ -6.1848, 32.287 ], [ -6.2072, 32.2814 ], [ -6.2567, 32.2968 ], [ -6.2828, 32.2868 ], [ -6.3009, 32.2866 ], [ -6.2968, 32.277 ], [ -6.3129, 32.2717 ], [ -6.3283, 32.2724 ], [ -6.3593, 32.2656 ], [ -6.3776, 32.2541 ], [ -6.3938, 32.2349 ], [ -6.4161, 32.225 ], [ -6.4154, 32.1906 ], [ -6.4203, 32.1872 ], [ -6.4739, 32.2556 ], [ -6.488, 32.2537 ], [ -6.5136, 32.2183 ], [ -6.5525, 32.2329 ], [ -6.5689, 32.2197 ], [ -6.5739, 32.2242 ], [ -6.5892, 32.2286 ], [ -6.5976, 32.2283 ], [ -6.6187, 32.2188 ], [ -6.629, 32.2426 ], [ -6.6441, 32.2493 ], [ -6.6564, 32.2509 ], [ -6.6874, 32.2407 ], [ -6.6911, 32.2516 ], [ -6.6997, 32.2503 ], [ -6.6991, 32.2422 ], [ -6.7472, 32.2302 ], [ -6.7553, 32.2415 ], [ -6.7697, 32.2275 ], [ -6.7604, 32.193 ], [ -6.7739, 32.1953 ], [ -6.8067, 32.1867 ], [ -6.8277, 32.1936 ], [ -6.9215, 32.1816 ], [ -6.9503, 32.1863 ], [ -6.9953, 32.1741 ], [ -7.0138, 32.1626 ], [ -7.0185, 32.1669 ], [ -7.0741, 32.1863 ], [ -7.1105, 32.191 ] ] ] } },
{ "type": "Feature", "properties": { "iso3": "MAR", "unit_id": "98779951B13599389925073", "unit_name": "Province de Beni Mellal" }, "geometry": { "type": "Polygon", "coordinates": [ [ [ -5.8437, 32.1323 ], [ -5.8027, 32.1275 ], [ -5.7471, 32.1446 ], [ -5.7184, 32.1768 ], [ -5.6885, 32.1986 ], [ -5.678, 32.2138 ], [ -5.5872, 32.2214 ], [ -5.5632, 32.2399 ], [ -5.5372, 32.2382 ], [ -5.5088, 32.226 ], [ -5.4579, 32.214 ], [ -5.447, 32.2172 ], [ -5.4472, 32.2251 ], [ -5.4555, 32.2433 ], [ -5.4834, 32.2597 ], [ -5.4998, 32.2736 ], [ -5.5088, 32.3024 ], [ -5.483, 32.3297 ], [ -5.474, 32.3464 ], [ -5.5339, 32.3619 ], [ -5.5268, 32.3675 ], [ -5.5247, 32.3909 ], [ -5.5363, 32.4205 ], [ -5.5279, 32.4364 ], [ -5.5359, 32.454 ], [ -5.5565, 32.475 ], [ -5.5704, 32.4994 ], [ -5.5785, 32.5314 ], [ -5.5758, 32.5604 ], [ -5.6065, 32.5946 ], [ -5.6301, 32.6023 ], [ -5.6802, 32.6028 ], [ -5.6919, 32.6055 ], [ -5.7149, 32.6119 ], [ -5.7353, 32.6265 ], [ -5.7584, 32.6221 ], [ -5.7596, 32.6123 ], [ -5.77, 32.5949 ], [ -5.7798, 32.6116 ], [ -5.791, 32.622 ], [ -5.8015, 32.6568 ], [ -5.8492, 32.6957 ], [ -5.8762, 32.7122 ], [ -5.8799, 32.7215 ], [ -5.8997, 32.7323 ], [ -5.9066, 32.7559 ], [ -5.9091, 32.7529 ], [ -5.9524, 32.757 ], [ -5.9669, 32.7623 ], [ -5.9983, 32.7602 ], [ -6.0469, 32.7791 ], [ -6.0494, 32.7604 ], [ -6.0663, 32.736 ], [ -6.1638, 32.7025 ], [ -6.2032, 32.6938 ], [ -6.2384, 32.6903 ], [ -6.2541, 32.6937 ], [ -6.2862, 32.6892 ], [ -6.3204, 32.665 ], [ -6.3216, 32.6727 ], [ -6.4067, 32.6847 ], [ -6.4077, 32.6891 ], [ -6.481, 32.6904 ], [ -6.5529, 32.7087 ], [ -6.602, 32.7107 ], [ -6.6211, 32.7147 ], [ -6.6284, 32.7125 ], [ -6.6143, 32.6866 ], [ -6.6561, 32.6828 ], [ -6.6488, 32.6602 ], [ -6.6394, 32.6495 ], [ -6.6159, 32.6367 ], [ -6.5788, 32.6233 ], [ -6.5841, 32.6145 ], [ -6.5843, 32.6074 ], [ -6.5299, 32.5741 ], [ -6.4811, 32.5326 ], [ -6.4469, 32.5202 ], [ -6.4234, 32.4853 ], [ -6.4346, 32.4624 ], [ -6.4424, 32.456 ], [ -6.4427, 32.4539 ], [ -6.4256, 32.4533 ], [ -6.4303, 32.4304 ], [ -6.4432, 32.431 ], [ -6.4435, 32.4184 ], [ -6.4384, 32.4136 ], [ -6.4424, 32.4074 ], [ -6.4376, 32.404 ], [ -6.4602, 32.3935 ], [ -6.4653, 32.3972 ], [ -6.4769, 32.3875 ], [ -6.4918, 32.3832 ], [ -6.4983, 32.3888 ], [ -6.5017, 32.388 ], [ -6.5017, 32.3845 ], [ -6.5071, 32.384 ], [ -6.5123, 32.3909 ], [ -6.513, 32.4009 ], [ -6.5296, 32.3917 ], [ -6.5411, 32.3976 ], [ -6.5457, 32.3936 ], [ -6.5362, 32.3807 ], [ -6.49, 32.3597 ], [ -6.4899, 32.3567 ], [ -6.5283, 32.3591 ], [ -6.5333, 32.3486 ], [ -6.5434, 32.3445 ], [ -6.5708, 32.348 ], [ -6.5741, 32.3322 ], [ -6.5725, 32.327 ], [ -6.5902, 32.3207 ], [ -6.5705, 32.3151 ], [ -6.5692, 32.3212 ], [ -6.5658, 32.321 ], [ -6.5664, 32.3012 ], [ -6.5467, 32.2825 ], [ -6.5325, 32.2619 ], [ -6.535, 32.2608 ], [ -6.5299, 32.2518 ], [ -6.5471, 32.2471 ], [ -6.5525, 32.2329 ], [ -6.5136, 32.2183 ], [ -6.488, 32.2537 ], [ -6.4739, 32.2556 ], [ -6.4203, 32.1872 ], [ -6.4154, 32.1906 ], [ -6.4161, 32.225 ], [ -6.3938, 32.2349 ], [ -6.3776, 32.2541 ], [ -6.3593, 32.2656 ], [ -6.3283, 32.2724 ], [ -6.3129, 32.2717 ], [ -6.2968, 32.277 ], [ -6.3009, 32.2866 ], [ -6.2828, 32.2868 ], [ -6.2567, 32.2968 ], [ -6.2072, 32.2814 ], [ -6.1848, 32.287 ], [ -6.1574, 32.28 ], [ -6.1233, 32.2844 ], [ -6.1136, 32.3095 ], [ -6.1076, 32.3379 ], [ -6.0852, 32.3492 ], [ -6.0417, 32.3627 ], [ -6.0087, 32.3872 ], [ -5.9753, 32.4029 ], [ -5.957, 32.3961 ], [ -5.9331, 32.3682 ], [ -5.9229, 32.3427 ], [ -5.9142, 32.3071 ], [ -5.8986, 32.2751 ], [ -5.8652, 32.235 ], [ -5.8692, 32.2325 ], [ -5.8807, 32.2098 ], [ -5.9114, 32.1936 ], [ -5.9672, 32.1955 ], [ -5.9716, 32.1582 ], [ -5.9105, 32.1547 ], [ -5.8916, 32.1346 ], [ -5.8422, 32.1529 ], [ -5.8437, 32.1323 ] ] ] } },
{ "type": "Feature", "properties": { "iso3": "MAR", "unit_id": "98779951B47635546514994", "unit_name": "Province de Fquih Ben Saleh" }, "geometry": { "type": "Polygon", "coordinates": [ [ [ -6.5525, 32.2329 ], [ -6.5471, 32.2471 ], [ -6.5299, 32.2518 ], [ -6.535, 32.2608 ], [ -6.5325, 32.2619 ], [ -6.5467, 32.2825 ], [ -6.5664, 32.3012 ], [ -6.5658, 32.321 ], [ -6.5692, 32.3212 ], [ -6.5705, 32.3151 ], [ -6.5902, 32.3207 ], [ -6.5725, 32.327 ], [ -6.5741, 32.3322 ], [ -6.5708, 32.348 ], [ -6.5434, 32.3445 ], [ -6.5333, 32.3486 ], [ -6.5283, 32.3591 ], [ -6.4899, 32.3567 ], [ -6.49, 32.3597 ], [ -6.5362, 32.3807 ], [ -6.5457, 32.3936 ], [ -6.5411, 32.3976 ], [ -6.5296, 32.3917 ], [ -6.513, 32.4009 ], [ -6.5123, 32.3909 ], [ -6.5071, 32.384 ], [ -6.5017, 32.3845 ], [ -6.5017, 32.388 ], [ -6.4983, 32.3888 ], [ -6.4918, 32.3832 ], [ -6.4769, 32.3875 ], [ -6.4653, 32.3972 ], [ -6.4602, 32.3935 ], [ -6.4376, 32.404 ], [ -6.4424, 32.4074 ], [ -6.4384, 32.4136 ], [ -6.4435, 32.4184 ], [ -6.4432, 32.431 ], [ -6.4303, 32.4304 ], [ -6.4256, 32.4533 ], [ -6.4427, 32.4539 ], [ -6.4424, 32.456 ], [ -6.4346, 32.4624 ], [ -6.4234, 32.4853 ], [ -6.4469, 32.5202 ], [ -6.4811, 32.5326 ], [ -6.5299, 32.5741 ], [ -6.5843, 32.6074 ], [ -6.5841, 32.6145 ], [ -6.5788, 32.6233 ], [ -6.6296, 32.6434 ], [ -6.6488, 32.6602 ], [ -6.6754, 32.6553 ], [ -6.6734, 32.6684 ], [ -6.7243, 32.666 ], [ -6.7518, 32.6702 ], [ -6.7697, 32.6763 ], [ -6.7982, 32.6651 ], [ -6.845, 32.6625 ], [ -6.8499, 32.6761 ], [ -6.8585, 32.6538 ], [ -6.8774, 32.6343 ], [ -6.9102, 32.6228 ], [ -6.9366, 32.6187 ], [ -6.9601, 32.6219 ], [ -6.9774, 32.6268 ], [ -6.9865, 32.6357 ], [ -6.9963, 32.5605 ], [ -7.0151, 32.5566 ], [ -6.9947, 32.5202 ], [ -6.9961, 32.5104 ], [ -6.9922, 32.4995 ], [ -7.0055, 32.4572 ], [ -7.0344, 32.3981 ], [ -7.0349, 32.3848 ], [ -7.0407, 32.3736 ], [ -7.1055, 32.353 ], [ -7.133, 32.3193 ], [ -7.126, 32.3146 ], [ -7.1223, 32.3236 ], [ -7.1169, 32.3256 ], [ -7.1005, 32.3053 ], [ -7.1162, 32.2319 ], [ -7.105, 32.2133 ], [ -7.1105, 32.191 ], [ -7.0741, 32.1863 ], [ -7.0185, 32.1669 ], [ -7.0138, 32.1626 ], [ -6.9953, 32.1741 ], [ -6.9503, 32.1863 ], [ -6.9215, 32.1816 ], [ -6.8277, 32.1936 ], [ -6.8067, 32.1867 ], [ -6.7739, 32.1953 ], [ -6.7604, 32.193 ], [ -6.7697, 32.2275 ], [ -6.7553, 32.2415 ], [ -6.7472, 32.2302 ], [ -6.6991, 32.2422 ], [ -6.6997, 32.2503 ], [ -6.6911, 32.2516 ], [ -6.6874, 32.2407 ], [ -6.6564, 32.2509 ], [ -6.6441, 32.2493 ], [ -6.629, 32.2426 ], [ -6.6187, 32.2188 ], [ -6.5976, 32.2283 ], [ -6.5892, 32.2286 ], [ -6.5739, 32.2242 ], [ -6.5689, 32.2197 ], [ -6.5525, 32.2329 ] ] ] } },
{ "type": "Feature", "properties": { "iso3": "MAR", "unit_id": "98779951B33294643401354", "unit_name": "Province de Khenifra" }, "geometry": { "type": "Polygon", "coordinates": [ [ [ -5.5359, 32.454 ], [ -5.4635, 32.4546 ], [ -5.4104, 32.4657 ], [ -5.4029, 32.4706 ], [ -5.3962, 32.4825 ], [ -5.3939, 32.4986 ], [ -5.4048, 32.5153 ], [ -5.398, 32.5248 ], [ -5.355, 32.5155 ], [ -5.3482, 32.5551 ], [ -5.3391, 32.5737 ], [ -5.3409, 32.5935 ], [ -5.3464, 32.6024 ], [ -5.3223, 32.6175 ], [ -5.3238, 32.6301 ], [ -5.3132, 32.6669 ], [ -5.3175, 32.6927 ], [ -5.3214, 32.699 ], [ -5.3212, 32.7119 ], [ -5.3146, 32.7193 ], [ -5.3137, 32.7317 ], [ -5.313, 32.7449 ], [ -5.318, 32.7642 ], [ -5.3168, 32.7776 ], [ -5.3113, 32.7869 ], [ -5.2991, 32.7952 ], [ -5.3087, 32.8015 ], [ -5.3116, 32.8071 ], [ -5.297, 32.821 ], [ -5.2877, 32.8397 ], [ -5.2624, 32.8542 ], [ -5.2493, 32.8565 ], [ -5.2545, 32.8694 ], [ -5.2743, 32.861 ], [ -5.2487, 32.9046 ], [ -5.2412, 32.9239 ], [ -5.2733, 32.9666 ], [ -5.306, 32.9855 ], [ -5.3065, 32.9923 ], [ -5.2881, 33.0039 ], [ -5.2906, 33.0299 ], [ -5.3193, 33.035 ], [ -5.3297, 33.0832 ], [ -5.2989, 33.0975 ], [ -5.2837, 33.1296 ], [ -5.2797, 33.1616 ], [ -5.282, 33.1687 ], [ -5.2885, 33.1743 ], [ -5.2971, 33.1757 ], [ -5.3674, 33.153 ], [ -5.4182, 33.1564 ], [ -5.4477, 33.1647 ], [ -5.486, 33.194 ], [ -5.4893, 33.235 ], [ -5.5124, 33.2564 ], [ -5.5002, 33.3034 ], [ -5.5011, 33.3091 ], [ -5.5072, 33.3101 ], [ -5.5064, 33.3249 ], [ -5.5166, 33.3193 ], [ -5.52, 33.324 ], [ -5.5182, 33.3287 ], [ -5.5247, 33.3392 ], [ -5.5431, 33.3436 ], [ -5.5388, 33.3495 ], [ -5.5515, 33.3575 ], [ -5.5524, 33.363 ], [ -5.5726, 33.3692 ], [ -5.5702, 33.3753 ], [ -5.5807, 33.3873 ], [ -5.5833, 33.3826 ], [ -5.5919, 33.3825 ], [ -5.5966, 33.3887 ], [ -5.607, 33.3822 ], [ -5.6135, 33.3865 ], [ -5.6168, 33.3823 ], [ -5.6216, 33.3838 ], [ -5.6252, 33.3899 ], [ -5.6289, 33.3862 ], [ -5.6348, 33.3866 ], [ -5.6567, 33.3913 ], [ -5.6544, 33.3943 ], [ -5.6593, 33.3921 ], [ -5.6792, 33.3961 ], [ -5.7231, 33.4123 ], [ -5.737, 33.4215 ], [ -5.7481, 33.4169 ], [ -5.7548, 33.4247 ], [ -5.7545, 33.4285 ], [ -5.7625, 33.431 ], [ -5.7738, 33.4409 ], [ -5.7704, 33.4457 ], [ -5.7827, 33.4541 ], [ -5.7857, 33.4606 ], [ -5.7816, 33.4654 ], [ -5.7868, 33.4702 ], [ -5.8067, 33.4326 ], [ -5.8162, 33.427 ], [ -5.8162, 33.4195 ], [ -5.8061, 33.3989 ], [ -5.8075, 33.3751 ], [ -5.8171, 33.361 ], [ -5.7957, 33.3425 ], [ -5.7944, 33.3362 ], [ -5.7837, 33.3382 ], [ -5.7742, 33.3341 ], [ -5.7881, 33.3277 ], [ -5.8121, 33.3091 ], [ -5.8264, 33.3054 ], [ -5.8323, 33.3109 ], [ -5.8591, 33.31 ], [ -5.864, 33.3136 ], [ -5.8657, 33.3108 ], [ -5.8796, 33.3105 ], [ -5.8869, 33.3153 ], [ -5.9107, 33.314 ], [ -5.9169, 33.3188 ], [ -5.9111, 33.3292 ], [ -5.9173, 33.3288 ], [ -5.9238, 33.3178 ], [ -5.926, 33.3259 ], [ -5.9355, 33.3321 ], [ -5.9478, 33.3192 ], [ -5.9633, 33.332 ], [ -5.9757, 33.3197 ], [ -5.9921, 33.322 ], [ -5.9948, 33.3069 ], [ -6.0424, 33.3047 ], [ -6.07, 33.3057 ], [ -6.0813, 33.3094 ], [ -6.0909, 33.315 ], [ -6.0941, 33.3293 ], [ -6.1029, 33.3367 ], [ -6.1293, 33.3421 ], [ -6.1419, 33.3361 ], [ -6.1565, 33.3367 ], [ -6.1634, 33.3381 ], [ -6.1778, 33.348 ], [ -6.2032, 33.3425 ], [ -6.2089, 33.3453 ], [ -6.2137, 33.3503 ], [ -6.2081, 33.3664 ], [ -6.2148, 33.3682 ], [ -6.2093, 33.3757 ], [ -6.2082, 33.3884 ], [ -6.2124, 33.4005 ], [ -6.2061, 33.4304 ], [ -6.1973, 33.4391 ], [ -6.2136, 33.4471 ], [ -6.2374, 33.4459 ], [ -6.2512, 33.4512 ], [ -6.2626, 33.4478 ], [ -6.2791, 33.4515 ], [ -6.295, 33.4624 ], [ -6.3152, 33.464 ], [ -6.3312, 33.478 ], [ -6.345, 33.4788 ], [ -6.3528, 33.4826 ], [ -6.3602, 33.4802 ], [ -6.3605, 33.4184 ], [ -6.3734, 33.4093 ], [ -6.3777, 33.3895 ], [ -6.4034, 33.3698 ], [ -6.3919, 33.3474 ], [ -6.4118, 33.3226 ], [ -6.397, 33.2951 ], [ -6.3815, 33.2749 ], [ -6.3838, 33.256 ], [ -6.407, 33.2267 ], [ -6.4176, 33.2228 ], [ -6.4271, 33.2121 ], [ -6.4232, 33.1966 ], [ -6.4083, 33.1888 ], [ -6.3976, 33.1703 ], [ -6.3813, 33.1594 ], [ -6.3451, 33.1517 ], [ -6.3366, 33.1541 ], [ -6.3251, 33.1469 ], [ -6.3179, 33.1486 ], [ -6.3168, 33.1345 ], [ -6.2977, 33.1243 ], [ -6.2888, 33.1234 ], [ -6.2868, 33.1165 ], [ -6.2744, 33.1123 ], [ -6.2709, 33.1189 ], [ -6.2672, 33.1093 ], [ -6.2323, 33.0793 ], [ -6.2145, 33.0707 ], [ -6.1953, 33.053 ], [ -6.1859, 33.0499 ], [ -6.1712, 33.0339 ], [ -6.1696, 33.0257 ], [ -6.1513, 33.02 ], [ -6.1323, 33.0036 ], [ -6.0994, 32.989 ], [ -6.1018, 32.9728 ], [ -6.1193, 32.9485 ], [ -6.1492, 32.9625 ], [ -6.1787, 32.9117 ], [ -6.1666, 32.8951 ], [ -6.157, 32.8712 ], [ -6.0861, 32.9124 ], [ -6.0634, 32.8913 ], [ -6.0622, 32.8492 ], [ -6.0674, 32.818 ], [ -6.0516, 32.8153 ], [ -6.0469, 32.7791 ], [ -5.9983, 32.7602 ], [ -5.9669, 32.7623 ], [ -5.9524, 32.757 ], [ -5.9091, 32.7529 ], [ -5.9066, 32.7559 ], [ -5.8997, 32.7323 ], [ -5.8799, 32.7215 ], [ -5.8762, 32.7122 ], [ -5.8492, 32.6957 ], [ -5.8015, 32.6568 ], [ -5.791, 32.622 ], [ -5.7798, 32.6116 ], [ -5.77, 32.5949 ], [ -5.7596, 32.6123 ], [ -5.7584, 32.6221 ], [ -5.7353, 32.6265 ], [ -5.7149, 32.6119 ], [ -5.6919, 32.6055 ], [ -5.6802, 32.6028 ], [ -5.6301, 32.6023 ], [ -5.6065, 32.5946 ], [ -5.5758, 32.5604 ], [ -5.5785, 32.5314 ], [ -5.5704, 32.4994 ], [ -5.5565, 32.475 ], [ -5.5359, 32.454 ] ] ] } },
{ "type": "Feature", "properties": { "iso3": "MAR", "unit_id": "98779951B24384642503675", "unit_name": "Province de Khouribga" }, "geometry": { "type": "Polygon", "coordinates": [ [ [ -6.0469, 32.7791 ], [ -6.0516, 32.8153 ], [ -6.0674, 32.818 ], [ -6.0622, 32.8492 ], [ -6.0634, 32.8913 ], [ -6.0861, 32.9124 ], [ -6.157, 32.8712 ], [ -6.1666, 32.8951 ], [ -6.1787, 32.9117 ], [ -6.1492, 32.9625 ], [ -6.1193, 32.9485 ], [ -6.1018, 32.9728 ], [ -6.0994, 32.989 ], [ -6.1323, 33.0036 ], [ -6.1513, 33.02 ], [ -6.1696, 33.0257 ], [ -6.1712, 33.0339 ], [ -6.1859, 33.0499 ], [ -6.1953, 33.053 ], [ -6.2145, 33.0707 ], [ -6.2323, 33.0793 ], [ -6.2672, 33.1093 ], [ -6.2709, 33.1189 ], [ -6.2744, 33.1123 ], [ -6.2868, 33.1165 ], [ -6.2888, 33.1234 ], [ -6.2977, 33.1243 ], [ -6.3168, 33.1345 ], [ -6.3179, 33.1486 ], [ -6.3251, 33.1469 ], [ -6.3366, 33.1541 ], [ -6.3451, 33.1517 ], [ -6.3813, 33.1594 ], [ -6.3976, 33.1703 ], [ -6.4083, 33.1888 ], [ -6.4232, 33.1966 ], [ -6.4271, 33.2121 ], [ -6.4176, 33.2228 ], [ -6.4308, 33.2253 ], [ -6.4608, 33.218 ], [ -6.4727, 33.1967 ], [ -6.4947, 33.1861 ], [ -6.5097, 33.1873 ], [ -6.5203, 33.1753 ], [ -6.5244, 33.157 ], [ -6.5317, 33.1489 ], [ -6.5412, 33.1488 ], [ -6.5599, 33.1752 ], [ -6.575, 33.177 ], [ -6.5715, 33.1816 ], [ -6.5926, 33.1913 ], [ -6.6131, 33.1938 ], [ -6.6647, 33.2124 ], [ -6.7798, 33.2151 ], [ -6.796, 33.2239 ], [ -6.8051, 33.2357 ], [ -6.8413, 33.2243 ], [ -6.8691, 33.2017 ], [ -6.8925, 33.1415 ], [ -6.8952, 33.1058 ], [ -6.9138, 33.1016 ], [ -6.9031, 33.0767 ], [ -6.9322, 33.057 ], [ -6.9225, 33.0487 ], [ -6.9444, 33.0089 ], [ -6.9429, 32.9918 ], [ -6.9688, 32.9526 ], [ -6.9813, 32.9498 ], [ -7.0025, 32.9561 ], [ -7.0083, 32.9474 ], [ -6.9987, 32.9384 ], [ -7.0061, 32.9223 ], [ -6.9999, 32.8478 ], [ -7.0128, 32.8109 ], [ -7.0289, 32.7886 ], [ -7.0344, 32.7701 ], [ -7.0224, 32.7704 ], [ -7.0458, 32.7336 ], [ -7.0461, 32.723 ], [ -7.0559, 32.6987 ], [ -7.0502, 32.6967 ], [ -7.043, 32.6843 ], [ -7.03, 32.6767 ], [ -7.0131, 32.6558 ], [ -6.993, 32.6434 ], [ -6.9774, 32.6268 ], [ -6.9366, 32.6187 ], [ -6.9102, 32.6228 ], [ -6.8774, 32.6343 ], [ -6.8585, 32.6538 ], [ -6.8499, 32.6761 ], [ -6.845, 32.6625 ], [ -6.7982, 32.6651 ], [ -6.7697, 32.6763 ], [ -6.7518, 32.6702 ], [ -6.7243, 32.666 ], [ -6.6734, 32.6684 ], [ -6.6754, 32.6553 ], [ -6.6488, 32.6602 ], [ -6.6561, 32.6828 ], [ -6.6143, 32.6866 ], [ -6.6284, 32.7125 ], [ -6.6211, 32.7147 ], [ -6.602, 32.7107 ], [ -6.5529, 32.7087 ], [ -6.481, 32.6904 ], [ -6.4077, 32.6891 ], [ -6.4067, 32.6847 ], [ -6.3216, 32.6727 ], [ -6.3204, 32.665 ], [ -6.2862, 32.6892 ], [ -6.2541, 32.6937 ], [ -6.2384, 32.6903 ], [ -6.2032, 32.6938 ], [ -6.1638, 32.7025 ], [ -6.0663, 32.736 ], [ -6.0494, 32.7604 ], [ -6.0469, 32.7791 ] ] ] } },
{ "type": "Feature", "properties": { "iso3": "MAR", "unit_id": "98779951B65670545850524", "unit_name": "Berrechid Province" }, "geometry": { "type": "Polygon", "coordinates": [ [ [ -8.0148, 33.4557 ], [ -8.0099, 33.4533 ], [ -8.0002, 33.4233 ], [ -7.9802, 33.4054 ], [ -7.9625, 33.3707 ], [ -7.9696, 33.3434 ], [ -7.9764, 33.3379 ], [ -7.9583, 33.3185 ], [ -7.954, 33.3036 ], [ -7.9658, 33.299 ], [ -7.9574, 33.2799 ], [ -7.9744, 33.2613 ], [ -8.0055, 33.2742 ], [ -8.0152, 33.2546 ], [ -8.0022, 33.2426 ], [ -8.0071, 33.2292 ], [ -8.0153, 33.2201 ], [ -8.0253, 33.2199 ], [ -8.0271, 33.2114 ], [ -8.0364, 33.2105 ], [ -8.0496, 33.2146 ], [ -8.063, 33.2133 ], [ -8.0771, 33.2187 ], [ -8.0836, 33.2097 ], [ -8.088, 33.2158 ], [ -8.1012, 33.2027 ], [ -8.0935, 33.185 ], [ -8.1146, 33.1661 ], [ -8.1164, 33.1534 ], [ -8.1219, 33.1521 ], [ -8.1242, 33.1634 ], [ -8.1286, 33.1642 ], [ -8.1316, 33.1622 ], [ -8.1303, 33.1579 ], [ -8.1433, 33.1541 ], [ -8.1457, 33.1502 ], [ -8.1434, 33.1453 ], [ -8.1343, 33.1477 ], [ -8.1294, 33.1458 ], [ -8.1285, 33.1432 ], [ -8.1364, 33.1335 ], [ -8.127, 33.1274 ], [ -8.1204, 33.1408 ], [ -8.105, 33.1419 ], [ -8.1014, 33.1281 ], [ -8.1062, 33.108 ], [ -8.0968, 33.1106 ], [ -8.0916, 33.1012 ], [ -8.0757, 33.1005 ], [ -8.0837, 33.0983 ], [ -8.0864, 33.0945 ], [ -8.0843, 33.0845 ], [ -8.0925, 33.08 ], [ -8.0891, 33.0753 ], [ -8.0843, 33.0735 ], [ -8.0771, 33.0853 ], [ -8.0645, 33.0878 ], [ -8.0629, 33.0832 ], [ -8.0656, 33.0754 ], [ -8.0606, 33.0711 ], [ -8.0743, 33.0656 ], [ -8.0609, 33.0613 ], [ -8.0657, 33.0404 ], [ -8.0612, 33.023 ], [ -8.0397, 33.0279 ], [ -8.0351, 33.0249 ], [ -8.0095, 33.025 ], [ -7.9326, 33.0154 ], [ -7.9193, 33.0082 ], [ -7.9112, 33.0128 ], [ -7.9088, 33.0235 ], [ -7.8911, 33.0177 ], [ -7.8809, 33.0253 ], [ -7.8654, 33.0285 ], [ -7.8621, 33.0374 ], [ -7.8457, 33.059 ], [ -7.8452, 33.0543 ], [ -7.8381, 33.0486 ], [ -7.8234, 33.0493 ], [ -7.7893, 33.0225 ], [ -7.7783, 33.0196 ], [ -7.7273, 33.0233 ], [ -7.7466, 33.0327 ], [ -7.746, 33.0519 ], [ -7.7359, 33.0623 ], [ -7.705, 33.0754 ], [ -7.7142, 33.0971 ], [ -7.6914, 33.103 ], [ -7.7031, 33.1165 ], [ -7.7192, 33.1167 ], [ -7.7302, 33.1274 ], [ -7.733, 33.1437 ], [ -7.727, 33.1467 ], [ -7.7283, 33.1597 ], [ -7.7373, 33.1685 ], [ -7.6985, 33.1535 ], [ -7.6772, 33.1637 ], [ -7.6701, 33.1631 ], [ -7.6665, 33.1542 ], [ -7.643, 33.1503 ], [ -7.6296, 33.1524 ], [ -7.6218, 33.1493 ], [ -7.5968, 33.1511 ], [ -7.5799, 33.1557 ], [ -7.5771, 33.1608 ], [ -7.5642, 33.1619 ], [ -7.5737, 33.1398 ], [ -7.5641, 33.1239 ], [ -7.5596, 33.1195 ], [ -7.5419, 33.1323 ], [ -7.531, 33.1004 ], [ -7.5122, 33.1086 ], [ -7.4926, 33.0931 ], [ -7.4778, 33.068 ], [ -7.4691, 33.0692 ], [ -7.4675, 33.0752 ], [ -7.4545, 33.0848 ], [ -7.4505, 33.0954 ], [ -7.4358, 33.0946 ], [ -7.4486, 33.1161 ], [ -7.4462, 33.1199 ], [ -7.4352, 33.1137 ], [ -7.4236, 33.1257 ], [ -7.4174, 33.127 ], [ -7.3964, 33.1168 ], [ -7.3875, 33.1256 ], [ -7.3486, 33.1284 ], [ -7.3358, 33.1393 ], [ -7.3051, 33.1473 ], [ -7.3021, 33.1521 ], [ -7.3212, 33.1591 ], [ -7.3225, 33.1655 ], [ -7.322, 33.1693 ], [ -7.3123, 33.1762 ], [ -7.3211, 33.1807 ], [ -7.3089, 33.1863 ], [ -7.3078, 33.1933 ], [ -7.3155, 33.2123 ], [ -7.2848, 33.226 ], [ -7.2724, 33.2187 ], [ -7.261, 33.2172 ], [ -7.2235, 33.2202 ], [ -7.2145, 33.2819 ], [ -7.2283, 33.2909 ], [ -7.2505, 33.2883 ], [ -7.2681, 33.3117 ], [ -7.2849, 33.3423 ], [ -7.2963, 33.3777 ], [ -7.2908, 33.394 ], [ -7.3002, 33.4003 ], [ -7.2977, 33.403 ], [ -7.3031, 33.4055 ], [ -7.3156, 33.3918 ], [ -7.3537, 33.4066 ], [ -7.3432, 33.4165 ], [ -7.3371, 33.4469 ], [ -7.3534, 33.4679 ], [ -7.4358, 33.4515 ], [ -7.4572, 33.4512 ], [ -7.4875, 33.4259 ], [ -7.5091, 33.418 ], [ -7.5177, 33.4182 ], [ -7.5235, 33.4108 ], [ -7.5332, 33.4126 ], [ -7.5363, 33.39 ], [ -7.5461, 33.3621 ], [ -7.5607, 33.3501 ], [ -7.571, 33.3326 ], [ -7.575, 33.2975 ], [ -7.5863, 33.2893 ], [ -7.6001, 33.292 ], [ -7.6256, 33.2682 ], [ -7.7248, 33.3245 ], [ -7.7508, 33.3552 ], [ -7.7562, 33.3655 ], [ -7.7543, 33.4033 ], [ -7.7575, 33.4346 ], [ -7.7545, 33.4626 ], [ -7.7581, 33.475 ], [ -7.7977, 33.4623 ], [ -7.8205, 33.4751 ], [ -7.8443, 33.4832 ], [ -7.8495, 33.4819 ], [ -7.862, 33.4913 ], [ -7.8653, 33.4988 ], [ -7.8812, 33.5067 ], [ -7.8896, 33.5056 ], [ -7.896, 33.4995 ], [ -7.9304, 33.4848 ], [ -7.9416, 33.4814 ], [ -7.9588, 33.4828 ], [ -8.0148, 33.4557 ] ] ] } },
{ "type": "Feature", "properties": { "iso3": "MAR", "unit_id": "98779951B2520602795340", "unit_name": "El Jadida Province" }, "geometry": { "type": "Polygon", "coordinates": [ [ [ -8.0148, 33.4557 ], [ -8.0924, 33.431 ], [ -8.1383, 33.4108 ], [ -8.182, 33.4044 ], [ -8.2008, 33.3911 ], [ -8.2178, 33.3848 ], [ -8.2443, 33.3813 ], [ -8.2773, 33.3697 ], [ -8.3026, 33.3657 ], [ -8.313, 33.3578 ], [ -8.3381, 33.3189 ], [ -8.3938, 33.2802 ], [ -8.4385, 33.2552 ], [ -8.4663, 33.2456 ], [ -8.4897, 33.2463 ], [ -8.5, 33.2533 ], [ -8.4975, 33.2565 ], [ -8.5004, 33.2539 ], [ -8.5026, 33.2557 ], [ -8.5002, 33.2559 ], [ -8.5014, 33.2584 ], [ -8.4953, 33.2569 ], [ -8.5098, 33.2647 ], [ -8.5192, 33.2558 ], [ -8.5261, 33.2593 ], [ -8.5244, 33.2562 ], [ -8.5448, 33.2437 ], [ -8.5499, 33.2356 ], [ -8.556, 33.2324 ], [ -8.5568, 33.2238 ], [ -8.5642, 33.2173 ], [ -8.5749, 33.2177 ], [ -8.5999, 33.1901 ], [ -8.6093, 33.1882 ], [ -8.6181, 33.1723 ], [ -8.6218, 33.1723 ], [ -8.6297, 33.1631 ], [ -8.6136, 33.1435 ], [ -8.613, 33.1397 ], [ -8.6195, 33.1358 ], [ -8.6127, 33.1333 ], [ -8.6241, 33.1371 ], [ -8.6319, 33.1351 ], [ -8.645, 33.1234 ], [ -8.6323, 33.1345 ], [ -8.6241, 33.1366 ], [ -8.6219, 33.1321 ], [ -8.6193, 33.1339 ], [ -8.6188, 33.1301 ], [ -8.6273, 33.1304 ], [ -8.6228, 33.1279 ], [ -8.6253, 33.1249 ], [ -8.6266, 33.128 ], [ -8.6285, 33.129 ], [ -8.6274, 33.1261 ], [ -8.6306, 33.1274 ], [ -8.6249, 33.1245 ], [ -8.6262, 33.1229 ], [ -8.6321, 33.1255 ], [ -8.6268, 33.1229 ], [ -8.6281, 33.1209 ], [ -8.6375, 33.1251 ], [ -8.6289, 33.1205 ], [ -8.6323, 33.1113 ], [ -8.6392, 33.1085 ], [ -8.6391, 33.1058 ], [ -8.6403, 33.1071 ], [ -8.6385, 33.1101 ], [ -8.6402, 33.1091 ], [ -8.6406, 33.1064 ], [ -8.6394, 33.1054 ], [ -8.6487, 33.0986 ], [ -8.6464, 33.0949 ], [ -8.6538, 33.087 ], [ -8.6598, 33.0865 ], [ -8.6599, 33.0808 ], [ -8.6788, 33.0662 ], [ -8.6933, 33.0463 ], [ -8.6999, 33.0456 ], [ -8.6981, 33.0418 ], [ -8.7031, 33.04 ], [ -8.7042, 33.0316 ], [ -8.7114, 33.0228 ], [ -8.7411, 32.9993 ], [ -8.7405, 32.9967 ], [ -8.7435, 32.9977 ], [ -8.7472, 32.989 ], [ -8.7564, 32.9805 ], [ -8.7482, 32.98 ], [ -8.7486, 32.9862 ], [ -8.737, 32.9969 ], [ -8.7288, 32.9964 ], [ -8.7349, 32.9883 ], [ -8.7414, 32.9869 ], [ -8.7448, 32.9772 ], [ -8.7558, 32.9708 ], [ -8.7582, 32.9741 ], [ -8.753, 32.9797 ], [ -8.757, 32.9795 ], [ -8.7812, 32.9569 ], [ -8.7855, 32.9486 ], [ -8.8555, 32.8888 ], [ -8.8998, 32.843 ], [ -8.9504, 32.806 ], [ -8.9336, 32.7955 ], [ -8.9231, 32.7768 ], [ -8.9146, 32.741 ], [ -8.897, 32.716 ], [ -8.8891, 32.6961 ], [ -8.8859, 32.6926 ], [ -8.8768, 32.6975 ], [ -8.8706, 32.6957 ], [ -8.8416, 32.714 ], [ -8.8273, 32.7192 ], [ -8.8053, 32.7443 ], [ -8.8008, 32.7378 ], [ -8.766, 32.7145 ], [ -8.7365, 32.7005 ], [ -8.713, 32.7254 ], [ -8.7229, 32.7297 ], [ -8.6986, 32.7554 ], [ -8.6818, 32.7402 ], [ -8.6758, 32.7394 ], [ -8.6611, 32.7275 ], [ -8.6583, 32.7344 ], [ -8.6483, 32.7426 ], [ -8.6348, 32.7412 ], [ -8.5965, 32.7467 ], [ -8.589, 32.7593 ], [ -8.5566, 32.7806 ], [ -8.5485, 32.7916 ], [ -8.5291, 32.7829 ], [ -8.5183, 32.792 ], [ -8.5039, 32.7932 ], [ -8.498, 32.7987 ], [ -8.493, 32.7932 ], [ -8.469, 32.7938 ], [ -8.457, 32.7995 ], [ -8.448, 32.8108 ], [ -8.4314, 32.8206 ], [ -8.4266, 32.8341 ], [ -8.4165, 32.8403 ], [ -8.4144, 32.8553 ], [ -8.4013, 32.8518 ], [ -8.3906, 32.8601 ], [ -8.3983, 32.8661 ], [ -8.3922, 32.8712 ], [ -8.3871, 32.8674 ], [ -8.3739, 32.8805 ], [ -8.3603, 32.8749 ], [ -8.3471, 32.8861 ], [ -8.3303, 32.881 ], [ -8.3336, 32.8777 ], [ -8.3009, 32.8734 ], [ -8.2933, 32.8546 ], [ -8.287, 32.8492 ], [ -8.2745, 32.8608 ], [ -8.2662, 32.8567 ], [ -8.2543, 32.8669 ], [ -8.2403, 32.8571 ], [ -8.2343, 32.849 ], [ -8.2361, 32.844 ], [ -8.2324, 32.8421 ], [ -8.2265, 32.8145 ], [ -8.2119, 32.8157 ], [ -8.2113, 32.8117 ], [ -8.2083, 32.813 ], [ -8.2005, 32.8084 ], [ -8.1652, 32.8105 ], [ -8.1649, 32.8175 ], [ -8.1561, 32.8152 ], [ -8.1545, 32.8096 ], [ -8.1393, 32.8103 ], [ -8.1291, 32.806 ], [ -8.1131, 32.7758 ], [ -8.1044, 32.7828 ], [ -8.0861, 32.7879 ], [ -8.0426, 32.7785 ], [ -8.0368, 32.7909 ], [ -7.9961, 32.8142 ], [ -8.006, 32.8209 ], [ -7.9911, 32.8296 ], [ -7.9919, 32.8358 ], [ -8.001, 32.838 ], [ -8.0117, 32.8328 ], [ -8.0139, 32.8356 ], [ -8.0095, 32.8422 ], [ -7.9931, 32.8476 ], [ -7.9905, 32.8514 ], [ -7.9953, 32.8557 ], [ -8.0172, 32.8547 ], [ -8.0069, 32.8633 ], [ -8.008, 32.869 ], [ -8.0147, 32.8688 ], [ -8.0237, 32.8561 ], [ -8.0318, 32.8531 ], [ -8.0366, 32.8457 ], [ -8.0444, 32.8461 ], [ -8.0525, 32.8405 ], [ -8.0599, 32.8479 ], [ -8.0584, 32.8506 ], [ -8.0426, 32.8518 ], [ -8.0373, 32.8558 ], [ -8.0482, 32.8629 ], [ -8.0412, 32.8701 ], [ -8.0415, 32.878 ], [ -8.0551, 32.8766 ], [ -8.0579, 32.8789 ], [ -8.051, 32.8919 ], [ -8.0629, 32.9017 ], [ -8.0597, 32.9092 ], [ -8.0489, 32.9067 ], [ -8.04, 32.9127 ], [ -8.0407, 32.9208 ], [ -8.0624, 32.9257 ], [ -8.0794, 32.9373 ], [ -8.0725, 32.9397 ], [ -8.0622, 32.9359 ], [ -8.0535, 32.9397 ], [ -8.0528, 32.9468 ], [ -8.0577, 32.9607 ], [ -8.0645, 32.9666 ], [ -8.0684, 32.9643 ], [ -8.0731, 32.9664 ], [ -8.0763, 32.9741 ], [ -8.0609, 32.9707 ], [ -8.0585, 32.9744 ], [ -8.0625, 32.9939 ], [ -8.0563, 33.001 ], [ -8.0654, 33.0062 ], [ -8.0652, 33.0103 ], [ -8.0452, 33.0106 ], [ -8.0475, 33.0149 ], [ -8.061, 33.0165 ], [ -8.0657, 33.0404 ], [ -8.0609, 33.0613 ], [ -8.0743, 33.0656 ], [ -8.0606, 33.0711 ], [ -8.0656, 33.0754 ], [ -8.0629, 33.0832 ], [ -8.0645, 33.0878 ], [ -8.0771, 33.0853 ], [ -8.0843, 33.0735 ], [ -8.0891, 33.0753 ], [ -8.0925, 33.08 ], [ -8.0843, 33.0845 ], [ -8.0864, 33.0945 ], [ -8.0837, 33.0983 ], [ -8.0757, 33.1005 ], [ -8.0916, 33.1012 ], [ -8.0968, 33.1106 ], [ -8.1062, 33.108 ], [ -8.1014, 33.1281 ], [ -8.105, 33.1419 ], [ -8.1204, 33.1408 ], [ -8.127, 33.1274 ], [ -8.1364, 33.1335 ], [ -8.1285, 33.1432 ], [ -8.1294, 33.1458 ], [ -8.1343, 33.1477 ], [ -8.1434, 33.1453 ], [ -8.1457, 33.1502 ], [ -8.1433, 33.1541 ], [ -8.1303, 33.1579 ], [ -8.1316, 33.1622 ], [ -8.1286, 33.1642 ], [ -8.1242, 33.1634 ], [ -8.1219, 33.1521 ], [ -8.1164, 33.1534 ], [ -8.1146, 33.1661 ], [ -8.0935, 33.185 ], [ -8.1012, 33.2027 ], [ -8.088, 33.2158 ], [ -8.0836, 33.2097 ], [ -8.0771, 33.2187 ], [ -8.063, 33.2133 ], [ -8.0496, 33.2146 ], [ -8.0364, 33.2105 ], [ -8.0271, 33.2114 ], [ -8.0253, 33.2199 ], [ -8.0153, 33.2201 ], [ -8.0071, 33.2292 ], [ -8.0022, 33.2426 ], [ -8.0152, 33.2546 ], [ -8.0055, 33.2742 ], [ -7.9744, 33.2613 ], [ -7.9574, 33.2799 ], [ -7.9658, 33.299 ], [ -7.954, 33.3036 ], [ -7.9583, 33.3185 ], [ -7.9764, 33.3379 ], [ -7.9696, 33.3434 ], [ -7.9625, 33.3707 ], [ -7.9802, 33.4054 ], [ -8.0002, 33.4233 ], [ -8.0099, 33.4533 ], [ -8.0148, 33.4557 ] ] ] } },
{ "type": "Feature", "properties": { "iso3": "MAR", "unit_id": "98779951B87282293511720", "unit_name": "Mediouna Province" }, "geometry": { "type": "Polygon", "coordinates": [ [ [ -7.3534, 33.4679 ], [ -7.373, 33.4728 ], [ -7.3778, 33.4813 ], [ -7.3801, 33.51 ], [ -7.385, 33.5178 ], [ -7.3788, 33.5237 ], [ -7.3955, 33.5345 ], [ -7.3927, 33.5372 ], [ -7.4029, 33.5429 ], [ -7.401, 33.544 ], [ -7.413, 33.5574 ], [ -7.4156, 33.5563 ], [ -7.4168, 33.5617 ], [ -7.4299, 33.5552 ], [ -7.4348, 33.5545 ], [ -7.4344, 33.5587 ], [ -7.4528, 33.5567 ], [ -7.4736, 33.5735 ], [ -7.4705, 33.5748 ], [ -7.4781, 33.5808 ], [ -7.484, 33.5652 ], [ -7.4968, 33.5621 ], [ -7.5149, 33.5684 ], [ -7.5146, 33.5651 ], [ -7.5432, 33.5514 ], [ -7.5469, 33.5476 ], [ -7.5344, 33.5324 ], [ -7.5442, 33.5316 ], [ -7.5582, 33.5204 ], [ -7.5475, 33.5107 ], [ -7.543, 33.5021 ], [ -7.5724, 33.4844 ], [ -7.5813, 33.4842 ], [ -7.5994, 33.4731 ], [ -7.5866, 33.4628 ], [ -7.5957, 33.4558 ], [ -7.5906, 33.4521 ], [ -7.5843, 33.4531 ], [ -7.5673, 33.4417 ], [ -7.5632, 33.4422 ], [ -7.5588, 33.4381 ], [ -7.5639, 33.4343 ], [ -7.5539, 33.4251 ], [ -7.5332, 33.4126 ], [ -7.5235, 33.4108 ], [ -7.5177, 33.4182 ], [ -7.5091, 33.418 ], [ -7.4875, 33.4259 ], [ -7.4572, 33.4512 ], [ -7.4358, 33.4515 ], [ -7.3534, 33.4679 ] ] ] } },
{ "type": "Feature", "properties": { "iso3": "MAR", "unit_id": "98779951B92089857580625", "unit_name": "Nouaceur Province" }, "geometry": { "type": "Polygon", "coordinates": [ [ [ -7.5332, 33.4126 ], [ -7.5613, 33.4312 ], [ -7.5639, 33.4343 ], [ -7.5588, 33.4381 ], [ -7.5632, 33.4422 ], [ -7.5673, 33.4417 ], [ -7.5843, 33.4531 ], [ -7.5906, 33.4521 ], [ -7.5957, 33.4558 ], [ -7.5866, 33.4628 ], [ -7.5994, 33.4731 ], [ -7.5813, 33.4842 ], [ -7.5724, 33.4844 ], [ -7.543, 33.5021 ], [ -7.5475, 33.5107 ], [ -7.5666, 33.5286 ], [ -7.5804, 33.52 ], [ -7.611, 33.5103 ], [ -7.6299, 33.5 ], [ -7.6676, 33.4941 ], [ -7.6732, 33.4959 ], [ -7.6707, 33.5071 ], [ -7.687, 33.5091 ], [ -7.6975, 33.5151 ], [ -7.7017, 33.5307 ], [ -7.7316, 33.5539 ], [ -7.7399, 33.5497 ], [ -7.7464, 33.5557 ], [ -7.7862, 33.5369 ], [ -7.7923, 33.5363 ], [ -7.7947, 33.5399 ], [ -7.7951, 33.5332 ], [ -7.8097, 33.5276 ], [ -7.8169, 33.5273 ], [ -7.8167, 33.5311 ], [ -7.8238, 33.5371 ], [ -7.8535, 33.518 ], [ -7.8635, 33.5149 ], [ -7.8709, 33.5163 ], [ -7.8702, 33.5125 ], [ -7.8748, 33.5125 ], [ -7.8812, 33.5067 ], [ -7.8653, 33.4988 ], [ -7.862, 33.4913 ], [ -7.8495, 33.4819 ], [ -7.8443, 33.4832 ], [ -7.8205, 33.4751 ], [ -7.7977, 33.4623 ], [ -7.7581, 33.475 ], [ -7.7545, 33.4626 ], [ -7.7575, 33.4346 ], [ -7.7543, 33.4033 ], [ -7.7562, 33.3655 ], [ -7.7508, 33.3552 ], [ -7.7248, 33.3245 ], [ -7.6256, 33.2682 ], [ -7.6001, 33.292 ], [ -7.5863, 33.2893 ], [ -7.575, 33.2975 ], [ -7.571, 33.3326 ], [ -7.5607, 33.3501 ], [ -7.5461, 33.3621 ], [ -7.5363, 33.39 ], [ -7.5332, 33.4126 ] ] ] } },
{ "type": "Feature", "properties": { "iso3": "MAR", "unit_id": "98779951B16909615360403", "unit_name": "Prefecture of Casablanca" }, "geometry": { "type": "Polygon", "coordinates": [ [ [ -7.484, 33.5652 ], [ -7.4574, 33.6199 ], [ -7.4664, 33.6246 ], [ -7.4731, 33.6199 ], [ -7.4769, 33.6214 ], [ -7.4796, 33.6273 ], [ -7.4837, 33.6251 ], [ -7.5018, 33.6409 ], [ -7.536, 33.6209 ], [ -7.5509, 33.6198 ], [ -7.5593, 33.6157 ], [ -7.5615, 33.6176 ], [ -7.563, 33.6139 ], [ -7.5744, 33.6099 ], [ -7.575, 33.6073 ], [ -7.5853, 33.6055 ], [ -7.5907, 33.6139 ], [ -7.5856, 33.6053 ], [ -7.588, 33.604 ], [ -7.5945, 33.6132 ], [ -7.5979, 33.6127 ], [ -7.5956, 33.6056 ], [ -7.6055, 33.6105 ], [ -7.6001, 33.6022 ], [ -7.6059, 33.6078 ], [ -7.608, 33.6069 ], [ -7.6051, 33.6023 ], [ -7.6073, 33.6023 ], [ -7.6114, 33.6089 ], [ -7.6105, 33.6027 ], [ -7.6142, 33.6056 ], [ -7.6169, 33.6013 ], [ -7.6186, 33.6052 ], [ -7.5916, 33.6207 ], [ -7.6171, 33.6076 ], [ -7.6256, 33.611 ], [ -7.6399, 33.6048 ], [ -7.6488, 33.6072 ], [ -7.6523, 33.6139 ], [ -7.6609, 33.6035 ], [ -7.6725, 33.5975 ], [ -7.6791, 33.5989 ], [ -7.68, 33.5923 ], [ -7.7043, 33.5831 ], [ -7.7096, 33.5755 ], [ -7.7464, 33.5557 ], [ -7.7399, 33.5497 ], [ -7.7316, 33.5539 ], [ -7.7017, 33.5307 ], [ -7.6975, 33.5151 ], [ -7.687, 33.5091 ], [ -7.6707, 33.5071 ], [ -7.6732, 33.4959 ], [ -7.6596, 33.4939 ], [ -7.6299, 33.5 ], [ -7.611, 33.5103 ], [ -7.5804, 33.52 ], [ -7.5666, 33.5286 ], [ -7.5556, 33.5208 ], [ -7.5442, 33.5316 ], [ -7.5344, 33.5324 ], [ -7.5469, 33.5476 ], [ -7.5432, 33.5514 ], [ -7.5146, 33.5651 ], [ -7.5149, 33.5684 ], [ -7.4968, 33.5621 ], [ -7.484, 33.5652 ] ] ] } },
{ "type": "Feature", "properties": { "iso3": "MAR", "unit_id": "98779951B2283103283886", "unit_name": "Prefecture of Mohammedia" }, "geometry": { "type": "Polygon", "coordinates": [ [ [ -7.3801, 33.51 ], [ -7.3663, 33.4999 ], [ -7.3549, 33.4982 ], [ -7.3322, 33.5027 ], [ -7.3401, 33.5071 ], [ -7.3466, 33.5028 ], [ -7.3488, 33.5068 ], [ -7.3451, 33.5119 ], [ -7.3467, 33.5163 ], [ -7.335, 33.5207 ], [ -7.3357, 33.5238 ], [ -7.3309, 33.5271 ], [ -7.3422, 33.5402 ], [ -7.3409, 33.5696 ], [ -7.2892, 33.6098 ], [ -7.2762, 33.6564 ], [ -7.2872, 33.6625 ], [ -7.2891, 33.6698 ], [ -7.2991, 33.6696 ], [ -7.3012, 33.678 ], [ -7.3076, 33.6797 ], [ -7.3099, 33.6859 ], [ -7.3145, 33.6855 ], [ -7.3158, 33.6939 ], [ -7.3202, 33.6916 ], [ -7.3298, 33.6979 ], [ -7.3327, 33.7099 ], [ -7.3392, 33.7141 ], [ -7.3428, 33.7212 ], [ -7.3508, 33.7196 ], [ -7.3576, 33.7126 ], [ -7.367, 33.7125 ], [ -7.3721, 33.7091 ], [ -7.3885, 33.7088 ], [ -7.3931, 33.7135 ], [ -7.3991, 33.7117 ], [ -7.3972, 33.7146 ], [ -7.3917, 33.7148 ], [ -7.3969, 33.721 ], [ -7.3908, 33.7242 ], [ -7.396, 33.7239 ], [ -7.3875, 33.7338 ], [ -7.3992, 33.7212 ], [ -7.4031, 33.712 ], [ -7.412, 33.7045 ], [ -7.4059, 33.7078 ], [ -7.4035, 33.7069 ], [ -7.4151, 33.7035 ], [ -7.417, 33.699 ], [ -7.436, 33.6884 ], [ -7.4386, 33.6841 ], [ -7.4368, 33.6899 ], [ -7.4448, 33.6788 ], [ -7.5018, 33.6409 ], [ -7.4837, 33.6251 ], [ -7.4796, 33.6273 ], [ -7.4769, 33.6214 ], [ -7.4731, 33.6199 ], [ -7.4664, 33.6246 ], [ -7.4574, 33.6199 ], [ -7.4781, 33.5808 ], [ -7.4705, 33.5748 ], [ -7.4736, 33.5735 ], [ -7.4528, 33.5567 ], [ -7.4344, 33.5587 ], [ -7.4348, 33.5545 ], [ -7.4299, 33.5552 ], [ -7.4168, 33.5617 ], [ -7.4156, 33.5563 ], [ -7.413, 33.5574 ], [ -7.401, 33.544 ], [ -7.4029, 33.5429 ], [ -7.3927, 33.5372 ], [ -7.3955, 33.5345 ], [ -7.3788, 33.5237 ], [ -7.385, 33.5178 ], [ -7.3801, 33.51 ] ] ] } },
{ "type": "Feature", "properties": { "iso3": "MAR", "unit_id": "98779951B96287152906649", "unit_name": "Province de Benslimane" }, "geometry": { "type": "Polygon", "coordinates": [ [ [ -6.8051, 33.2357 ], [ -6.7987, 33.2495 ], [ -6.7974, 33.2756 ], [ -6.809, 33.3682 ], [ -6.809, 33.3971 ], [ -6.805, 33.4151 ], [ -6.7965, 33.4212 ], [ -6.7963, 33.4272 ], [ -6.8098, 33.4433 ], [ -6.8246, 33.4528 ], [ -6.8282, 33.4629 ], [ -6.8276, 33.4787 ], [ -6.8241, 33.4854 ], [ -6.8094, 33.4941 ], [ -6.7983, 33.4987 ], [ -6.7892, 33.4965 ], [ -6.7724, 33.5133 ], [ -6.7569, 33.5427 ], [ -6.7615, 33.5485 ], [ -6.7675, 33.5498 ], [ -6.7735, 33.5623 ], [ -6.7964, 33.5619 ], [ -6.8032, 33.568 ], [ -6.8165, 33.5718 ], [ -6.8269, 33.5686 ], [ -6.8534, 33.5721 ], [ -6.8623, 33.5684 ], [ -6.893, 33.5743 ], [ -6.9079, 33.5719 ], [ -6.917, 33.5832 ], [ -6.9258, 33.5841 ], [ -6.9369, 33.58 ], [ -6.9494, 33.565 ], [ -6.9503, 33.5577 ], [ -6.9447, 33.548 ], [ -6.9463, 33.5457 ], [ -6.9508, 33.5422 ], [ -6.9585, 33.5443 ], [ -6.9663, 33.5573 ], [ -6.9806, 33.5686 ], [ -6.9724, 33.574 ], [ -6.9774, 33.5737 ], [ -6.9779, 33.5778 ], [ -6.9848, 33.5812 ], [ -6.9809, 33.5827 ], [ -6.9876, 33.5846 ], [ -6.988, 33.5919 ], [ -6.9922, 33.591 ], [ -6.9922, 33.6009 ], [ -6.9884, 33.603 ], [ -6.992, 33.6098 ], [ -6.998, 33.6086 ], [ -7.004, 33.615 ], [ -7.0043, 33.6242 ], [ -7.0022, 33.6295 ], [ -6.9978, 33.6309 ], [ -7.0053, 33.6516 ], [ -7.0134, 33.6549 ], [ -7.0151, 33.6718 ], [ -7.0189, 33.6786 ], [ -7.0292, 33.6826 ], [ -7.0259, 33.6888 ], [ -7.0282, 33.6923 ], [ -7.0215, 33.703 ], [ -7.0304, 33.734 ], [ -7.0373, 33.7436 ], [ -7.0391, 33.762 ], [ -7.0434, 33.7699 ], [ -7.0506, 33.7696 ], [ -7.0522, 33.7753 ], [ -7.0625, 33.7831 ], [ -7.0603, 33.7977 ], [ -7.0663, 33.8002 ], [ -7.0821, 33.7921 ], [ -7.0994, 33.7953 ], [ -7.1108, 33.8159 ], [ -7.126, 33.8318 ], [ -7.1409, 33.8236 ], [ -7.1451, 33.824 ], [ -7.1442, 33.8266 ], [ -7.1454, 33.8252 ], [ -7.145, 33.8222 ], [ -7.1425, 33.8216 ], [ -7.1451, 33.8195 ], [ -7.147, 33.8198 ], [ -7.1449, 33.8273 ], [ -7.1473, 33.8282 ], [ -7.1516, 33.8269 ], [ -7.148, 33.8235 ], [ -7.1531, 33.8194 ], [ -7.1661, 33.8165 ], [ -7.1692, 33.8209 ], [ -7.1902, 33.8046 ], [ -7.2181, 33.801 ], [ -7.228, 33.8041 ], [ -7.2307, 33.8005 ], [ -7.2293, 33.7968 ], [ -7.2389, 33.7963 ], [ -7.2482, 33.7869 ], [ -7.252, 33.7877 ], [ -7.2719, 33.7773 ], [ -7.2928, 33.7584 ], [ -7.2996, 33.757 ], [ -7.2979, 33.7526 ], [ -7.3024, 33.7542 ], [ -7.3156, 33.7423 ], [ -7.3308, 33.7358 ], [ -7.3332, 33.7313 ], [ -7.3418, 33.7301 ], [ -7.3447, 33.7234 ], [ -7.3392, 33.7141 ], [ -7.3327, 33.7099 ], [ -7.3298, 33.6979 ], [ -7.3202, 33.6916 ], [ -7.3158, 33.6939 ], [ -7.3145, 33.6855 ], [ -7.3099, 33.6859 ], [ -7.3076, 33.6797 ], [ -7.3012, 33.678 ], [ -7.2991, 33.6696 ], [ -7.2891, 33.6698 ], [ -7.2872, 33.6625 ], [ -7.2762, 33.6564 ], [ -7.2892, 33.6098 ], [ -7.3409, 33.5696 ], [ -7.3422, 33.5402 ], [ -7.3309, 33.5271 ], [ -7.3357, 33.5238 ], [ -7.335, 33.5207 ], [ -7.3467, 33.5163 ], [ -7.3451, 33.5119 ], [ -7.3488, 33.5068 ], [ -7.3466, 33.5028 ], [ -7.3401, 33.5071 ], [ -7.3322, 33.5027 ], [ -7.3549, 33.4982 ], [ -7.3663, 33.4999 ], [ -7.3801, 33.51 ], [ -7.3778, 33.4813 ], [ -7.373, 33.4728 ], [ -7.3534, 33.4679 ], [ -7.3371, 33.4469 ], [ -7.3432, 33.4165 ], [ -7.3537, 33.4066 ], [ -7.3156, 33.3918 ], [ -7.3031, 33.4055 ], [ -7.2977, 33.403 ], [ -7.3002, 33.4003 ], [ -7.2908, 33.394 ], [ -7.2963, 33.3777 ], [ -7.2849, 33.3423 ], [ -7.2681, 33.3117 ], [ -7.2505, 33.2883 ], [ -7.2283, 33.2909 ], [ -7.2145, 33.2819 ], [ -7.2261, 33.2151 ], [ -7.214, 33.2001 ], [ -7.2041, 33.1956 ], [ -7.1342, 33.1964 ], [ -7.0906, 33.2146 ], [ -7.0403, 33.2147 ], [ -6.9998, 33.2282 ], [ -6.9624, 33.2317 ], [ -6.9151, 33.231 ], [ -6.8799, 33.2257 ], [ -6.8613, 33.2279 ], [ -6.8413, 33.2243 ], [ -6.8051, 33.2357 ] ] ] } },
{ "type": "Feature", "properties": { "iso3": "MAR", "unit_id": "98779951B23493324859241", "unit_name": "Province de Sidi Bennour" }, "geometry": { "type": "Polygon", "coordinates": [ [ [ -8.9504, 32.806 ], [ -9.0387, 32.7433 ], [ -9.0334, 32.7398 ], [ -9.0209, 32.7541 ], [ -9.0131, 32.7552 ], [ -9.0088, 32.7632 ], [ -9.0014, 32.7655 ], [ -8.999, 32.77 ], [ -8.9979, 32.7706 ], [ -8.9953, 32.7712 ], [ -8.9987, 32.7684 ], [ -8.9949, 32.7685 ], [ -8.9912, 32.7727 ], [ -8.9814, 32.7765 ], [ -8.9911, 32.7721 ], [ -8.9942, 32.7678 ], [ -9.0023, 32.7642 ], [ -9.0116, 32.7538 ], [ -9.0205, 32.7531 ], [ -9.0317, 32.7389 ], [ -9.0432, 32.7343 ], [ -9.0424, 32.7406 ], [ -9.0593, 32.721 ], [ -9.0487, 32.7219 ], [ -8.9802, 32.6741 ], [ -9.0037, 32.6559 ], [ -9.0184, 32.6086 ], [ -9.0069, 32.6099 ], [ -8.9947, 32.5806 ], [ -8.9715, 32.5684 ], [ -8.9503, 32.5443 ], [ -8.9313, 32.5297 ], [ -8.9325, 32.5227 ], [ -8.8879, 32.5029 ], [ -8.8701, 32.5012 ], [ -8.8521, 32.4942 ], [ -8.8405, 32.495 ], [ -8.8361, 32.5001 ], [ -8.8258, 32.4994 ], [ -8.803, 32.512 ], [ -8.7912, 32.5094 ], [ -8.7793, 32.5138 ], [ -8.7652, 32.5076 ], [ -8.7542, 32.5085 ], [ -8.7458, 32.5173 ], [ -8.7472, 32.5056 ], [ -8.7437, 32.5048 ], [ -8.7333, 32.5074 ], [ -8.7143, 32.5228 ], [ -8.6891, 32.5253 ], [ -8.6631, 32.5132 ], [ -8.6298, 32.4794 ], [ -8.6225, 32.4489 ], [ -8.611, 32.4198 ], [ -8.5767, 32.351 ], [ -8.5482, 32.3321 ], [ -8.5571, 32.2973 ], [ -8.5426, 32.2966 ], [ -8.533, 32.3165 ], [ -8.5171, 32.3167 ], [ -8.5067, 32.3312 ], [ -8.4806, 32.3286 ], [ -8.4706, 32.3419 ], [ -8.4387, 32.3477 ], [ -8.4358, 32.3579 ], [ -8.3783, 32.3664 ], [ -8.3664, 32.3629 ], [ -8.352, 32.3863 ], [ -8.3152, 32.4186 ], [ -8.2927, 32.4299 ], [ -8.1947, 32.4663 ], [ -8.1517, 32.489 ], [ -8.1367, 32.4904 ], [ -8.1178, 32.5021 ], [ -8.0913, 32.528 ], [ -8.0757, 32.5514 ], [ -8.0554, 32.5727 ], [ -8.0542, 32.592 ], [ -8.0698, 32.6335 ], [ -8.0744, 32.6768 ], [ -8.0594, 32.7065 ], [ -8.0492, 32.7464 ], [ -8.0474, 32.768 ], [ -8.0426, 32.7785 ], [ -8.0861, 32.7879 ], [ -8.1044, 32.7828 ], [ -8.1131, 32.7758 ], [ -8.1291, 32.806 ], [ -8.1393, 32.8103 ], [ -8.1545, 32.8096 ], [ -8.1561, 32.8152 ], [ -8.1649, 32.8175 ], [ -8.1652, 32.8105 ], [ -8.2005, 32.8084 ], [ -8.2083, 32.813 ], [ -8.2113, 32.8117 ], [ -8.2119, 32.8157 ], [ -8.2265, 32.8145 ], [ -8.2324, 32.8421 ], [ -8.2361, 32.844 ], [ -8.2343, 32.849 ], [ -8.2403, 32.8571 ], [ -8.2543, 32.8669 ], [ -8.2662, 32.8567 ], [ -8.2745, 32.8608 ], [ -8.287, 32.8492 ], [ -8.2933, 32.8546 ], [ -8.3009, 32.8734 ], [ -8.3336, 32.8777 ], [ -8.3303, 32.881 ], [ -8.3471, 32.8861 ], [ -8.3603, 32.8749 ], [ -8.3739, 32.8805 ], [ -8.3871, 32.8674 ], [ -8.3922, 32.8712 ], [ -8.3983, 32.8661 ], [ -8.3906, 32.8601 ], [ -8.4013, 32.8518 ], [ -8.4144, 32.8553 ], [ -8.4165, 32.8403 ], [ -8.4266, 32.8341 ], [ -8.4314, 32.8206 ], [ -8.448, 32.8108 ], [ -8.457, 32.7995 ], [ -8.469, 32.7938 ], [ -8.493, 32.7932 ], [ -8.498, 32.7987 ], [ -8.5039, 32.7932 ], [ -8.5183, 32.792 ], [ -8.5291, 32.7829 ], [ -8.5485, 32.7916 ], [ -8.5566, 32.7806 ], [ -8.589, 32.7593 ], [ -8.5965, 32.7467 ], [ -8.6348, 32.7412 ], [ -8.6483, 32.7426 ], [ -8.6583, 32.7344 ], [ -8.6611, 32.7275 ], [ -8.6758, 32.7394 ], [ -8.6818, 32.7402 ], [ -8.6986, 32.7554 ], [ -8.7229, 32.7297 ], [ -8.713, 32.7254 ], [ -8.7365, 32.7005 ], [ -8.766, 32.7145 ], [ -8.8008, 32.7378 ], [ -8.8053, 32.7443 ], [ -8.8273, 32.7192 ], [ -8.8416, 32.714 ], [ -8.8706, 32.6957 ], [ -8.8768, 32.6975 ], [ -8.8859, 32.6926 ], [ -8.897, 32.716 ], [ -8.9146, 32.741 ], [ -8.9231, 32.7768 ], [ -8.9336, 32.7955 ], [ -8.9504, 32.806 ] ] ] } },
{ "type": "Feature", "properties": { "iso3": "MAR", "unit_id": "98779951B59988743764158", "unit_name": "Settat Province" }, "geometry": { "type": "Polygon", "coordinates": [ [ [ -6.9865, 32.6357 ], [ -6.993, 32.6434 ], [ -7.0131, 32.6558 ], [ -7.03, 32.6767 ], [ -7.043, 32.6843 ], [ -7.0502, 32.6967 ], [ -7.0559, 32.6987 ], [ -7.0461, 32.723 ], [ -7.0458, 32.7336 ], [ -7.0224, 32.7704 ], [ -7.0344, 32.7701 ], [ -7.0289, 32.7886 ], [ -7.0128, 32.8109 ], [ -6.9999, 32.8478 ], [ -7.0061, 32.9223 ], [ -6.9987, 32.9384 ], [ -7.0083, 32.9474 ], [ -7.0025, 32.9561 ], [ -6.9813, 32.9498 ], [ -6.9688, 32.9526 ], [ -6.9429, 32.9918 ], [ -6.9444, 33.0089 ], [ -6.9225, 33.0487 ], [ -6.9322, 33.057 ], [ -6.9031, 33.0767 ], [ -6.9138, 33.1016 ], [ -6.8952, 33.1058 ], [ -6.8925, 33.1415 ], [ -6.8691, 33.2017 ], [ -6.8413, 33.2243 ], [ -6.8613, 33.2279 ], [ -6.8799, 33.2257 ], [ -6.9151, 33.231 ], [ -6.9624, 33.2317 ], [ -6.9998, 33.2282 ], [ -7.0403, 33.2147 ], [ -7.0906, 33.2146 ], [ -7.1342, 33.1964 ], [ -7.1786, 33.1949 ], [ -7.2041, 33.1956 ], [ -7.214, 33.2001 ], [ -7.2243, 33.2105 ], [ -7.2261, 33.2151 ], [ -7.2235, 33.2202 ], [ -7.261, 33.2172 ], [ -7.2724, 33.2187 ], [ -7.2848, 33.226 ], [ -7.3155, 33.2123 ], [ -7.3078, 33.1933 ], [ -7.3089, 33.1863 ], [ -7.3211, 33.1807 ], [ -7.3123, 33.1762 ], [ -7.322, 33.1693 ], [ -7.3225, 33.1655 ], [ -7.3212, 33.1591 ], [ -7.3021, 33.1521 ], [ -7.3051, 33.1473 ], [ -7.3358, 33.1393 ], [ -7.3486, 33.1284 ], [ -7.3875, 33.1256 ], [ -7.3964, 33.1168 ], [ -7.4174, 33.127 ], [ -7.4236, 33.1257 ], [ -7.4352, 33.1137 ], [ -7.4462, 33.1199 ], [ -7.4486, 33.1161 ], [ -7.4358, 33.0946 ], [ -7.4485, 33.0969 ], [ -7.4526, 33.0938 ], [ -7.4545, 33.0848 ], [ -7.4675, 33.0752 ], [ -7.4691, 33.0692 ], [ -7.4778, 33.068 ], [ -7.4926, 33.0931 ], [ -7.5122, 33.1086 ], [ -7.531, 33.1004 ], [ -7.5419, 33.1323 ], [ -7.5596, 33.1195 ], [ -7.5641, 33.1239 ], [ -7.5737, 33.1398 ], [ -7.5642, 33.1619 ], [ -7.5771, 33.1608 ], [ -7.5799, 33.1557 ], [ -7.5968, 33.1511 ], [ -7.6218, 33.1493 ], [ -7.6296, 33.1524 ], [ -7.643, 33.1503 ], [ -7.6665, 33.1542 ], [ -7.6701, 33.1631 ], [ -7.6772, 33.1637 ], [ -7.6985, 33.1535 ], [ -7.7373, 33.1685 ], [ -7.7283, 33.1597 ], [ -7.727, 33.1467 ], [ -7.733, 33.1437 ], [ -7.7302, 33.1274 ], [ -7.7192, 33.1167 ], [ -7.7031, 33.1165 ], [ -7.6914, 33.103 ], [ -7.7142, 33.0971 ], [ -7.705, 33.0754 ], [ -7.7359, 33.0623 ], [ -7.746, 33.0519 ], [ -7.7466, 33.0327 ], [ -7.7273, 33.0233 ], [ -7.7783, 33.0196 ], [ -7.7893, 33.0225 ], [ -7.8234, 33.0493 ], [ -7.8381, 33.0486 ], [ -7.8452, 33.0543 ], [ -7.8457, 33.059 ], [ -7.8621, 33.0374 ], [ -7.8654, 33.0285 ], [ -7.8809, 33.0253 ], [ -7.8911, 33.0177 ], [ -7.9088, 33.0235 ], [ -7.9112, 33.0128 ], [ -7.9193, 33.0082 ], [ -7.9326, 33.0154 ], [ -8.0095, 33.025 ], [ -8.0351, 33.0249 ], [ -8.0397, 33.0279 ], [ -8.0612, 33.023 ], [ -8.061, 33.0165 ], [ -8.0475, 33.0149 ], [ -8.0452, 33.0106 ], [ -8.0652, 33.0103 ], [ -8.0654, 33.0062 ], [ -8.0563, 33.001 ], [ -8.0625, 32.9939 ], [ -8.0585, 32.9744 ], [ -8.0609, 32.9707 ], [ -8.0763, 32.9741 ], [ -8.0731, 32.9664 ], [ -8.0684, 32.9643 ], [ -8.0645, 32.9666 ], [ -8.0577, 32.9607 ], [ -8.0528, 32.9468 ], [ -8.0535, 32.9397 ], [ -8.0622, 32.9359 ], [ -8.0725, 32.9397 ], [ -8.0794, 32.9373 ], [ -8.0624, 32.9257 ], [ -8.0407, 32.9208 ], [ -8.0393, 32.9175 ], [ -8.04, 32.9127 ], [ -8.0489, 32.9067 ], [ -8.0561, 32.9099 ], [ -8.062, 32.9068 ], [ -8.0611, 32.8992 ], [ -8.0532, 32.8963 ], [ -8.051, 32.8919 ], [ -8.0579, 32.8789 ], [ -8.0551, 32.8766 ], [ -8.0415, 32.878 ], [ -8.0412, 32.8701 ], [ -8.0482, 32.8629 ], [ -8.0373, 32.8558 ], [ -8.0426, 32.8518 ], [ -8.0584, 32.8506 ], [ -8.0599, 32.8479 ], [ -8.0561, 32.8426 ], [ -8.0525, 32.8405 ], [ -8.0444, 32.8461 ], [ -8.0366, 32.8457 ], [ -8.0318, 32.8531 ], [ -8.0237, 32.8561 ], [ -8.0147, 32.8688 ], [ -8.008, 32.869 ], [ -8.0069, 32.8633 ], [ -8.0172, 32.8547 ], [ -7.9953, 32.8557 ], [ -7.9905, 32.8514 ], [ -7.9931, 32.8476 ], [ -8.0095, 32.8422 ], [ -8.0139, 32.8356 ], [ -8.0117, 32.8328 ], [ -8.001, 32.838 ], [ -7.9919, 32.8358 ], [ -7.9911, 32.8296 ], [ -7.9995, 32.8262 ], [ -8.0054, 32.8188 ], [ -7.9898, 32.8095 ], [ -7.9928, 32.8006 ], [ -7.991, 32.7961 ], [ -7.9803, 32.7966 ], [ -7.9762, 32.785 ], [ -7.9618, 32.7817 ], [ -7.9627, 32.7649 ], [ -7.9572, 32.7553 ], [ -7.9447, 32.7445 ], [ -7.9444, 32.7401 ], [ -7.9335, 32.7355 ], [ -7.9309, 32.7261 ], [ -7.9201, 32.7258 ], [ -7.9214, 32.7119 ], [ -7.9139, 32.7068 ], [ -7.9094, 32.6916 ], [ -7.8939, 32.6917 ], [ -7.8885, 32.6854 ], [ -7.8822, 32.684 ], [ -7.8746, 32.6706 ], [ -7.8453, 32.6608 ], [ -7.8138, 32.629 ], [ -7.7764, 32.6053 ], [ -7.7552, 32.5976 ], [ -7.7385, 32.6007 ], [ -7.7381, 32.5949 ], [ -7.7313, 32.5968 ], [ -7.7167, 32.5931 ], [ -7.717, 32.5908 ], [ -7.7309, 32.5876 ], [ -7.7295, 32.5836 ], [ -7.7176, 32.5815 ], [ -7.7222, 32.5738 ], [ -7.7128, 32.5677 ], [ -7.7204, 32.5559 ], [ -7.7119, 32.5559 ], [ -7.7008, 32.5508 ], [ -7.6971, 32.53 ], [ -7.6928, 32.5295 ], [ -7.6905, 32.5348 ], [ -7.6828, 32.5338 ], [ -7.6809, 32.5288 ], [ -7.6848, 32.5198 ], [ -7.6774, 32.5222 ], [ -7.6719, 32.5157 ], [ -7.6668, 32.5144 ], [ -7.6684, 32.5054 ], [ -7.6759, 32.5024 ], [ -7.6727, 32.4976 ], [ -7.6654, 32.4996 ], [ -7.6624, 32.4981 ], [ -7.6625, 32.4937 ], [ -7.6506, 32.4956 ], [ -7.6414, 32.4779 ], [ -7.6128, 32.462 ], [ -7.5953, 32.4563 ], [ -7.5518, 32.453 ], [ -7.5457, 32.4457 ], [ -7.5207, 32.4473 ], [ -7.502, 32.4543 ], [ -7.5057, 32.4631 ], [ -7.5018, 32.4683 ], [ -7.4889, 32.4673 ], [ -7.4814, 32.4578 ], [ -7.4815, 32.4422 ], [ -7.4694, 32.4409 ], [ -7.4657, 32.4458 ], [ -7.4663, 32.4578 ], [ -7.4419, 32.4566 ], [ -7.4275, 32.4464 ], [ -7.4143, 32.4465 ], [ -7.3898, 32.4616 ], [ -7.3773, 32.4645 ], [ -7.3425, 32.4257 ], [ -7.3376, 32.4179 ], [ -7.3376, 32.4058 ], [ -7.3241, 32.4074 ], [ -7.3188, 32.4115 ], [ -7.3142, 32.4077 ], [ -7.3142, 32.4012 ], [ -7.3057, 32.3969 ], [ -7.2954, 32.4037 ], [ -7.2829, 32.4024 ], [ -7.272, 32.3925 ], [ -7.2591, 32.3894 ], [ -7.2611, 32.3788 ], [ -7.2568, 32.3736 ], [ -7.2402, 32.3738 ], [ -7.2327, 32.3654 ], [ -7.2214, 32.3674 ], [ -7.2057, 32.3496 ], [ -7.1967, 32.3466 ], [ -7.1902, 32.3303 ], [ -7.1773, 32.3358 ], [ -7.1646, 32.333 ], [ -7.1622, 32.327 ], [ -7.154, 32.3277 ], [ -7.1445, 32.3355 ], [ -7.1406, 32.331 ], [ -7.1414, 32.324 ], [ -7.133, 32.3193 ], [ -7.1055, 32.353 ], [ -7.0407, 32.3736 ], [ -7.0349, 32.3848 ], [ -7.0344, 32.3981 ], [ -7.0055, 32.4572 ], [ -6.9922, 32.4995 ], [ -6.9961, 32.5104 ], [ -6.9947, 32.5202 ], [ -7.0151, 32.5566 ], [ -6.9963, 32.5605 ], [ -6.9865, 32.6357 ] ] ] } },
{ "type": "Feature", "properties": { "iso3": "MAR", "unit_id": "98779951B66242182367324", "unit_name": "Ouarzazate Province" }, "geometry": { "type": "Polygon", "coordinates": [ [ [ -7.1845, 31.429 ], [ -7.2179, 31.4139 ], [ -7.2392, 31.3927 ], [ -7.2339, 31.3747 ], [ -7.2528, 31.3489 ], [ -7.3517, 31.2955 ], [ -7.3865, 31.2867 ], [ -7.4358, 31.2913 ], [ -7.4361, 31.2842 ], [ -7.4472, 31.2771 ], [ -7.4778, 31.2704 ], [ -7.4988, 31.2508 ], [ -7.5841, 31.2451 ], [ -7.5873, 31.2294 ], [ -7.5991, 31.209 ], [ -7.6501, 31.1914 ], [ -7.6625, 31.178 ], [ -7.6787, 31.1739 ], [ -7.6969, 31.1626 ], [ -7.7003, 31.1438 ], [ -7.7122, 31.1313 ], [ -7.7318, 31.1346 ], [ -7.744, 31.1272 ], [ -7.7524, 31.1053 ], [ -7.7387, 31.079 ], [ -7.7272, 31.0662 ], [ -7.7303, 31.056 ], [ -7.7144, 31.038 ], [ -7.7208, 31.0199 ], [ -7.7204, 30.9905 ], [ -7.724, 30.9597 ], [ -7.7302, 30.9399 ], [ -7.7316, 30.9056 ], [ -7.7358, 30.8879 ], [ -7.7337, 30.861 ], [ -7.7089, 30.8511 ], [ -7.6671, 30.8601 ], [ -7.6302, 30.8626 ], [ -7.6686, 30.8381 ], [ -7.6795, 30.8176 ], [ -7.6678, 30.7912 ], [ -7.6707, 30.7728 ], [ -7.6765, 30.7652 ], [ -7.683, 30.7672 ], [ -7.682, 30.7606 ], [ -7.6863, 30.7538 ], [ -7.6968, 30.7538 ], [ -7.7098, 30.7409 ], [ -7.5707, 30.7294 ], [ -7.5588, 30.6821 ], [ -7.5568, 30.6511 ], [ -7.5697, 30.6438 ], [ -7.555, 30.5977 ], [ -7.5225, 30.5461 ], [ -7.5158, 30.5433 ], [ -7.5444, 30.5279 ], [ -7.5708, 30.5253 ], [ -7.6115, 30.4813 ], [ -7.6331, 30.4746 ], [ -7.6654, 30.4583 ], [ -7.6777, 30.456 ], [ -7.6864, 30.4497 ], [ -7.6925, 30.4242 ], [ -7.691, 30.411 ], [ -7.6793, 30.3785 ], [ -7.6543, 30.3872 ], [ -7.6367, 30.3967 ], [ -7.6282, 30.4055 ], [ -7.6084, 30.3166 ], [ -7.5796, 30.2816 ], [ -7.5777, 30.2668 ], [ -7.584, 30.2559 ], [ -7.5819, 30.2475 ], [ -7.6067, 30.2319 ], [ -7.6288, 30.2273 ], [ -7.6259, 30.2122 ], [ -7.605, 30.2136 ], [ -7.5906, 30.2072 ], [ -7.5723, 30.2103 ], [ -7.5378, 30.2256 ], [ -7.5099, 30.2057 ], [ -7.4905, 30.1979 ], [ -7.4702, 30.2131 ], [ -7.4225, 30.1869 ], [ -7.3693, 30.1893 ], [ -7.3533, 30.1588 ], [ -7.3314, 30.1269 ], [ -7.3203, 30.1148 ], [ -7.3015, 30.1034 ], [ -7.2882, 30.122 ], [ -7.2946, 30.1369 ], [ -7.2925, 30.1478 ], [ -7.2985, 30.1645 ], [ -7.2942, 30.1933 ], [ -7.2955, 30.2133 ], [ -7.279, 30.229 ], [ -7.2318, 30.2948 ], [ -7.1795, 30.3513 ], [ -7.1707, 30.3702 ], [ -7.1597, 30.3766 ], [ -7.1207, 30.3619 ], [ -7.0497, 30.3454 ], [ -7.0225, 30.3346 ], [ -6.9245, 30.3552 ], [ -6.8986, 30.3476 ], [ -6.8827, 30.3318 ], [ -6.8562, 30.361 ], [ -6.8607, 30.4013 ], [ -6.8547, 30.4382 ], [ -6.8612, 30.4574 ], [ -6.8754, 30.4511 ], [ -6.8918, 30.4801 ], [ -6.8919, 30.4957 ], [ -6.9062, 30.533 ], [ -6.9794, 30.5684 ], [ -6.9382, 30.6105 ], [ -6.9338, 30.6211 ], [ -6.9762, 30.6692 ], [ -6.9782, 30.6852 ], [ -6.9677, 30.7007 ], [ -6.9212, 30.7319 ], [ -6.8846, 30.77 ], [ -6.818, 30.814 ], [ -6.7854, 30.8518 ], [ -6.7427, 30.8872 ], [ -6.6826, 30.8871 ], [ -6.6543, 30.8692 ], [ -6.6335, 30.8514 ], [ -6.6272, 30.8162 ], [ -6.588, 30.8539 ], [ -6.5008, 30.8871 ], [ -6.4091, 30.9126 ], [ -6.3175, 30.9438 ], [ -6.2525, 30.9575 ], [ -6.256, 31.0206 ], [ -6.2683, 31.0829 ], [ -6.2732, 31.2129 ], [ -6.284, 31.2171 ], [ -6.2885, 31.2336 ], [ -6.2858, 31.2462 ], [ -6.2921, 31.2775 ], [ -6.2846, 31.2956 ], [ -6.27, 31.3076 ], [ -6.3119, 31.35 ], [ -6.3691, 31.4223 ], [ -6.4026, 31.4489 ], [ -6.4188, 31.4694 ], [ -6.4261, 31.4827 ], [ -6.4175, 31.5151 ], [ -6.4472, 31.5513 ], [ -6.4564, 31.5461 ], [ -6.4752, 31.5489 ], [ -6.4808, 31.5555 ], [ -6.4839, 31.5434 ], [ -6.4951, 31.5358 ], [ -6.5316, 31.5235 ], [ -6.5633, 31.5079 ], [ -6.6329, 31.4615 ], [ -6.6622, 31.4617 ], [ -6.701, 31.4695 ], [ -6.7033, 31.4184 ], [ -6.713, 31.3757 ], [ -6.7187, 31.3577 ], [ -6.733, 31.3488 ], [ -6.8092, 31.3433 ], [ -6.9237, 31.345 ], [ -6.9726, 31.3512 ], [ -6.9959, 31.3493 ], [ -7.009, 31.339 ], [ -7.0343, 31.3872 ], [ -7.0391, 31.3903 ], [ -7.0608, 31.3703 ], [ -7.1025, 31.3649 ], [ -7.1155, 31.3683 ], [ -7.1268, 31.3665 ], [ -7.1387, 31.3807 ], [ -7.1557, 31.4283 ], [ -7.1737, 31.4169 ], [ -7.1845, 31.429 ] ] ] } },
{ "type": "Feature", "properties": { "iso3": "MAR", "unit_id": "98779951B31324531102811", "unit_name": "Province d Errachidia" }, "geometry": { "type": "Polygon", "coordinates": [ [ [ -4.9261, 32.1664 ], [ -4.9269, 32.1593 ], [ -4.9529, 32.1187 ], [ -4.9888, 32.0781 ], [ -5.0017, 32.0686 ], [ -5.0364, 32.0549 ], [ -5.0365, 32.0471 ], [ -5.0251, 32.0314 ], [ -5.0249, 32.0258 ], [ -5.0662, 32.0116 ], [ -5.0711, 32.0144 ], [ -5.059, 32.0238 ], [ -5.0692, 32.025 ], [ -5.085, 32.0111 ], [ -5.1134, 32.0047 ], [ -5.1184, 31.9952 ], [ -5.1159, 31.9933 ], [ -5.0741, 31.9854 ], [ -5.0595, 31.9742 ], [ -5.0552, 31.9686 ], [ -5.0534, 31.954 ], [ -5.0678, 31.9321 ], [ -5.1031, 31.8981 ], [ -5.1152, 31.8939 ], [ -5.1159, 31.8907 ], [ -5.1012, 31.8755 ], [ -5.0992, 31.8687 ], [ -5.1039, 31.8607 ], [ -5.1314, 31.851 ], [ -5.1466, 31.8514 ], [ -5.1902, 31.8715 ], [ -5.1964, 31.8679 ], [ -5.2082, 31.8477 ], [ -5.2172, 31.8392 ], [ -5.2334, 31.831 ], [ -5.2883, 31.7876 ], [ -5.3195, 31.7722 ], [ -5.3552, 31.7597 ], [ -5.3666, 31.7471 ], [ -5.3879, 31.7341 ], [ -5.436, 31.7071 ], [ -5.4634, 31.6954 ], [ -5.4805, 31.6809 ], [ -5.5221, 31.6284 ], [ -5.4614, 31.6152 ], [ -5.4514, 31.5637 ], [ -5.4175, 31.5539 ], [ -5.3823, 31.5324 ], [ -5.3301, 31.5104 ], [ -5.3158, 31.4947 ], [ -5.3104, 31.4821 ], [ -5.2756, 31.4734 ], [ -5.2121, 31.4735 ], [ -5.1888, 31.4533 ], [ -5.1961, 31.4322 ], [ -5.1753, 31.4444 ], [ -5.183, 31.3832 ], [ -5.2074, 31.3354 ], [ -5.2273, 31.3058 ], [ -5.2302, 31.2779 ], [ -5.2368, 31.2637 ], [ -5.2065, 31.2613 ], [ -5.1388, 31.2464 ], [ -5.1274, 31.2466 ], [ -5.0605, 31.2649 ], [ -4.9933, 31.2949 ], [ -4.9513, 31.3096 ], [ -4.9131, 31.3174 ], [ -4.8069, 31.3314 ], [ -4.7516, 31.3286 ], [ -4.6759, 31.3101 ], [ -4.6601, 31.3171 ], [ -4.6197, 31.308 ], [ -4.6021, 31.3234 ], [ -4.5308, 31.322 ], [ -4.5317, 31.3103 ], [ -4.5554, 31.2598 ], [ -4.5569, 31.2124 ], [ -4.5682, 31.1971 ], [ -4.5792, 31.1902 ], [ -4.5947, 31.173 ], [ -4.6411, 31.1387 ], [ -4.6755, 31.0962 ], [ -4.7096, 31.0612 ], [ -4.7109, 31.0449 ], [ -4.7003, 30.9088 ], [ -4.7014, 30.8684 ], [ -4.7597, 30.8299 ], [ -4.792, 30.8031 ], [ -4.8315, 30.7558 ], [ -4.8603, 30.7358 ], [ -4.9188, 30.7041 ], [ -4.9464, 30.6812 ], [ -4.9882, 30.6545 ], [ -5.0393, 30.6093 ], [ -5.0961, 30.5519 ], [ -5.121, 30.5349 ], [ -5.1813, 30.4817 ], [ -5.216, 30.4639 ], [ -5.1667, 30.4253 ], [ -5.1457, 30.4196 ], [ -5.1174, 30.4271 ], [ -5.0714, 30.3938 ], [ -5.0364, 30.3633 ], [ -5.0991, 30.2789 ], [ -5.134, 30.2094 ], [ -5.1381, 30.1861 ], [ -5.1384, 30.14 ], [ -5.1306, 30.0019 ], [ -5.1145, 30.0095 ], [ -4.9366, 30.1405 ], [ -4.6075, 30.2826 ], [ -4.3213, 30.5289 ], [ -4.1466, 30.5853 ], [ -3.9959, 30.5929 ], [ -3.927, 30.6038 ], [ -3.92, 30.5991 ], [ -3.9041, 30.6022 ], [ -3.8865, 30.6107 ], [ -3.8656, 30.6052 ], [ -3.8471, 30.5953 ], [ -3.8339, 30.5961 ], [ -3.8168, 30.5904 ], [ -3.7918, 30.6073 ], [ -3.7776, 30.6104 ], [ -3.7679, 30.6261 ], [ -3.7453, 30.6357 ], [ -3.7428, 30.6396 ], [ -3.7217, 30.6449 ], [ -3.7209, 30.6489 ], [ -3.7158, 30.6491 ], [ -3.6819, 30.6679 ], [ -3.6673, 30.6602 ], [ -3.6638, 30.6699 ], [ -3.6539, 30.6747 ], [ -3.6447, 30.6904 ], [ -3.6475, 30.6994 ], [ -3.6401, 30.7061 ], [ -3.6363, 30.7157 ], [ -3.6296, 30.7446 ], [ -3.6355, 30.7645 ], [ -3.6446, 30.7676 ], [ -3.6508, 30.8071 ], [ -3.6509, 30.8393 ], [ -3.6596, 30.8516 ], [ -3.6388, 30.8583 ], [ -3.6328, 30.8681 ], [ -3.6362, 30.8757 ], [ -3.6238, 30.8687 ], [ -3.6242, 30.8647 ], [ -3.6157, 30.8658 ], [ -3.6139, 30.8774 ], [ -3.6063, 30.879 ], [ -3.6047, 30.8948 ], [ -3.5935, 30.8946 ], [ -3.5829, 30.908 ], [ -3.5866, 30.9191 ], [ -3.5755, 30.9223 ], [ -3.5753, 30.934 ], [ -3.5712, 30.9345 ], [ -3.5645, 30.9289 ], [ -3.5567, 30.9321 ], [ -3.5585, 30.9402 ], [ -3.5525, 30.9387 ], [ -3.5523, 30.9418 ], [ -3.5573, 30.9483 ], [ -3.5405, 30.9551 ], [ -3.5411, 30.9627 ], [ -3.5486, 30.9635 ], [ -3.5457, 30.9706 ], [ -3.538, 30.9738 ], [ -3.5427, 30.9808 ], [ -3.5387, 30.988 ], [ -3.5414, 30.9956 ], [ -3.5366, 31.0022 ], [ -3.5363, 31.0137 ], [ -3.5413, 31.0186 ], [ -3.542, 31.0386 ], [ -3.5461, 31.0379 ], [ -3.5484, 31.0317 ], [ -3.5507, 31.0398 ], [ -3.5549, 31.0403 ], [ -3.5486, 31.0615 ], [ -3.5524, 31.0639 ], [ -3.5529, 31.0604 ], [ -3.5565, 31.0635 ], [ -3.5582, 31.0598 ], [ -3.5613, 31.0606 ], [ -3.5592, 31.0493 ], [ -3.5636, 31.0475 ], [ -3.5673, 31.0531 ], [ -3.5721, 31.0516 ], [ -3.5739, 31.043 ], [ -3.5771, 31.0478 ], [ -3.5844, 31.0504 ], [ -3.588, 31.0581 ], [ -3.5922, 31.0583 ], [ -3.5916, 31.0742 ], [ -3.6031, 31.0735 ], [ -3.6058, 31.0763 ], [ -3.6081, 31.0882 ], [ -3.6053, 31.0955 ], [ -3.6108, 31.1013 ], [ -3.6176, 31.0993 ], [ -3.616, 31.1195 ], [ -3.6261, 31.114 ], [ -3.6296, 31.1064 ], [ -3.6369, 31.1113 ], [ -3.6391, 31.1228 ], [ -3.6347, 31.1377 ], [ -3.639, 31.1698 ], [ -3.6431, 31.1569 ], [ -3.6387, 31.1417 ], [ -3.6516, 31.1343 ], [ -3.6446, 31.1301 ], [ -3.6442, 31.11 ], [ -3.6366, 31.0997 ], [ -3.6447, 31.0933 ], [ -3.6544, 31.0988 ], [ -3.6536, 31.0949 ], [ -3.6572, 31.0948 ], [ -3.6576, 31.0988 ], [ -3.6646, 31.1025 ], [ -3.662, 31.0924 ], [ -3.6656, 31.0944 ], [ -3.6665, 31.0903 ], [ -3.66, 31.0863 ], [ -3.6428, 31.0855 ], [ -3.6439, 31.082 ], [ -3.6761, 31.084 ], [ -3.6795, 31.0865 ], [ -3.6741, 31.0972 ], [ -3.6763, 31.1091 ], [ -3.6701, 31.1198 ], [ -3.6733, 31.1316 ], [ -3.6716, 31.1513 ], [ -3.6809, 31.1652 ], [ -3.6944, 31.167 ], [ -3.6979, 31.1616 ], [ -3.7021, 31.176 ], [ -3.7139, 31.1657 ], [ -3.7048, 31.1519 ], [ -3.7054, 31.1368 ], [ -3.708, 31.1368 ], [ -3.7076, 31.1491 ], [ -3.7105, 31.1544 ], [ -3.7242, 31.1457 ], [ -3.7339, 31.1461 ], [ -3.7338, 31.1426 ], [ -3.7237, 31.1353 ], [ -3.7305, 31.1171 ], [ -3.7339, 31.1149 ], [ -3.7413, 31.1248 ], [ -3.7603, 31.1257 ], [ -3.7724, 31.1198 ], [ -3.7725, 31.1041 ], [ -3.7751, 31.1009 ], [ -3.7774, 31.104 ], [ -3.7768, 31.1477 ], [ -3.7613, 31.1721 ], [ -3.7593, 31.18 ], [ -3.7667, 31.1844 ], [ -3.7676, 31.2003 ], [ -3.7735, 31.211 ], [ -3.7723, 31.223 ], [ -3.7827, 31.2216 ], [ -3.7907, 31.2362 ], [ -3.7797, 31.242 ], [ -3.7832, 31.2489 ], [ -3.7588, 31.2634 ], [ -3.7544, 31.2791 ], [ -3.7567, 31.2822 ], [ -3.7696, 31.2781 ], [ -3.7732, 31.2806 ], [ -3.7747, 31.2917 ], [ -3.7821, 31.2865 ], [ -3.7856, 31.2928 ], [ -3.7749, 31.3053 ], [ -3.7627, 31.3106 ], [ -3.7604, 31.3225 ], [ -3.7646, 31.334 ], [ -3.7541, 31.3399 ], [ -3.758, 31.3468 ], [ -3.7493, 31.361 ], [ -3.7412, 31.3586 ], [ -3.7355, 31.3436 ], [ -3.7226, 31.3421 ], [ -3.7131, 31.35 ], [ -3.7116, 31.362 ], [ -3.7035, 31.366 ], [ -3.6951, 31.3634 ], [ -3.6885, 31.369 ], [ -3.6794, 31.3707 ], [ -3.6736, 31.377 ], [ -3.6728, 31.3851 ], [ -3.669, 31.3863 ], [ -3.6652, 31.3788 ], [ -3.6609, 31.378 ], [ -3.647, 31.3939 ], [ -3.6484, 31.397 ], [ -3.6627, 31.3982 ], [ -3.6648, 31.4015 ], [ -3.6647, 31.6335 ], [ -3.2518, 31.7136 ], [ -3.2561, 31.7282 ], [ -3.1965, 31.7722 ], [ -3.1564, 31.7967 ], [ -3.1127, 31.8401 ], [ -3.1822, 31.8312 ], [ -3.1845, 31.8145 ], [ -3.1933, 31.8125 ], [ -3.2445, 31.9059 ], [ -3.27, 31.9713 ], [ -3.2722, 32.0108 ], [ -3.2621, 32.0924 ], [ -3.193, 32.1768 ], [ -3.2679, 32.1473 ], [ -3.3095, 32.1258 ], [ -3.3335, 32.1061 ], [ -3.3769, 32.1094 ], [ -3.4838, 32.1437 ], [ -3.5109, 32.1472 ], [ -3.5422, 32.1426 ], [ -3.5659, 32.1271 ], [ -3.6154, 32.1095 ], [ -3.6345, 32.1213 ], [ -3.6468, 32.1366 ], [ -3.6361, 32.1527 ], [ -3.6166, 32.1722 ], [ -3.583, 32.1983 ], [ -3.6007, 32.2051 ], [ -3.6736, 32.1969 ], [ -3.7538, 32.2022 ], [ -3.7468, 32.2432 ], [ -3.7537, 32.2611 ], [ -3.7729, 32.2637 ], [ -3.788, 32.2611 ], [ -3.7959, 32.1889 ], [ -3.8122, 32.1778 ], [ -3.8361, 32.1692 ], [ -3.8746, 32.1757 ], [ -3.9345, 32.1772 ], [ -3.9679, 32.1664 ], [ -4.0329, 32.1378 ], [ -4.0342, 32.1296 ], [ -4.0304, 32.1251 ], [ -4.0574, 32.1085 ], [ -4.0828, 32.1092 ], [ -4.1272, 32.121 ], [ -4.1392, 32.1327 ], [ -4.1771, 32.1897 ], [ -4.1911, 32.2172 ], [ -4.2359, 32.1969 ], [ -4.307, 32.1749 ], [ -4.3696, 32.1644 ], [ -4.3801, 32.1582 ], [ -4.4164, 32.1235 ], [ -4.5148, 32.077 ], [ -4.541, 32.0709 ], [ -4.6105, 32.0681 ], [ -4.6724, 32.0523 ], [ -4.7378, 32.0594 ], [ -4.781, 32.092 ], [ -4.8033, 32.113 ], [ -4.8276, 32.1691 ], [ -4.8592, 32.1953 ], [ -4.8731, 32.2001 ], [ -4.9066, 32.1751 ], [ -4.9261, 32.1664 ] ] ] } },
{ "type": "Feature", "properties": { "iso3": "MAR", "unit_id": "98779951B61045434394514", "unit_name": "Province de Midelt" }, "geometry": { "type": "Polygon", "coordinates": [ [ [ -5.8254, 31.8684 ], [ -5.6861, 31.9779 ], [ -5.6473, 32.0179 ], [ -5.6356, 32.0248 ], [ -5.6251, 32.0112 ], [ -5.5986, 31.9628 ], [ -5.5649, 31.9353 ], [ -5.533, 31.9181 ], [ -5.5078, 31.8908 ], [ -5.5048, 31.8769 ], [ -5.4901, 31.8933 ], [ -5.4636, 31.8993 ], [ -5.4362, 31.8966 ], [ -5.4227, 31.8864 ], [ -5.4143, 31.8743 ], [ -5.3959, 31.8918 ], [ -5.3809, 31.9124 ], [ -5.3743, 31.9309 ], [ -5.3527, 31.9668 ], [ -5.3529, 31.9731 ], [ -5.3424, 31.9661 ], [ -5.323, 31.9675 ], [ -5.3029, 32.0406 ], [ -5.294, 32.0536 ], [ -5.2346, 32.0853 ], [ -5.1951, 32.0897 ], [ -5.1703, 32.0998 ], [ -5.1427, 32.1141 ], [ -5.1369, 32.1253 ], [ -5.1255, 32.1341 ], [ -5.0952, 32.1505 ], [ -5.0697, 32.1609 ], [ -5.0294, 32.1708 ], [ -5.0328, 32.1533 ], [ -5.0214, 32.1345 ], [ -4.9556, 32.1609 ], [ -4.9261, 32.1664 ], [ -4.9066, 32.1751 ], [ -4.8731, 32.2001 ], [ -4.8592, 32.1953 ], [ -4.8276, 32.1691 ], [ -4.8033, 32.113 ], [ -4.781, 32.092 ], [ -4.7378, 32.0594 ], [ -4.6724, 32.0523 ], [ -4.6105, 32.0681 ], [ -4.541, 32.0709 ], [ -4.5148, 32.077 ], [ -4.4164, 32.1235 ], [ -4.3801, 32.1582 ], [ -4.3696, 32.1644 ], [ -4.307, 32.1749 ], [ -4.2359, 32.1969 ], [ -4.1911, 32.2172 ], [ -4.1771, 32.1897 ], [ -4.1392, 32.1327 ], [ -4.1272, 32.121 ], [ -4.0828, 32.1092 ], [ -4.0574, 32.1085 ], [ -4.0304, 32.1251 ], [ -4.0342, 32.1296 ], [ -4.0329, 32.1378 ], [ -3.9679, 32.1664 ], [ -3.9345, 32.1772 ], [ -3.8746, 32.1757 ], [ -3.8361, 32.1692 ], [ -3.8122, 32.1778 ], [ -3.7959, 32.1889 ], [ -3.788, 32.2611 ], [ -3.8134, 32.2566 ], [ -3.8179, 32.2642 ], [ -3.8077, 32.2817 ], [ -3.8104, 32.3159 ], [ -3.821, 32.3454 ], [ -3.8548, 32.4025 ], [ -3.916, 32.4502 ], [ -3.9326, 32.479 ], [ -3.9395, 32.5074 ], [ -3.9207, 32.5342 ], [ -3.9639, 32.5552 ], [ -4.003, 32.5795 ], [ -4.0182, 32.6084 ], [ -4.0579, 32.6006 ], [ -4.1036, 32.623 ], [ -4.1741, 32.6011 ], [ -4.2168, 32.6138 ], [ -4.2423, 32.6571 ], [ -4.285, 32.7148 ], [ -4.3242, 32.7504 ], [ -4.3713, 32.7869 ], [ -4.4053, 32.8106 ], [ -4.4641, 32.8423 ], [ -4.4872, 32.8676 ], [ -4.4775, 32.8827 ], [ -4.5237, 32.8955 ], [ -4.5581, 32.8963 ], [ -4.623, 32.8797 ], [ -4.6565, 32.8805 ], [ -4.7138, 32.8924 ], [ -4.7698, 32.9122 ], [ -4.773, 32.9271 ], [ -4.755, 32.9599 ], [ -4.7664, 33.0004 ], [ -4.7746, 33.018 ], [ -4.8083, 33.0476 ], [ -4.8214, 33.0727 ], [ -4.8277, 33.0979 ], [ -4.8456, 33.0759 ], [ -4.8633, 33.0743 ], [ -4.8928, 33.0792 ], [ -4.9803, 33.0805 ], [ -4.9964, 33.0832 ], [ -5.0267, 33.0674 ], [ -5.0437, 33.0463 ], [ -5.0552, 33.0408 ], [ -5.0717, 33.0237 ], [ -5.0568, 32.9809 ], [ -5.0929, 32.9595 ], [ -5.1275, 32.9455 ], [ -5.1329, 32.9176 ], [ -5.1419, 32.9089 ], [ -5.1687, 32.9047 ], [ -5.1902, 32.9155 ], [ -5.2298, 32.8836 ], [ -5.2545, 32.8694 ], [ -5.2493, 32.8565 ], [ -5.2624, 32.8542 ], [ -5.2877, 32.8397 ], [ -5.297, 32.821 ], [ -5.3116, 32.8071 ], [ -5.3087, 32.8015 ], [ -5.2991, 32.7952 ], [ -5.3113, 32.7869 ], [ -5.3168, 32.7776 ], [ -5.318, 32.7642 ], [ -5.313, 32.7449 ], [ -5.3137, 32.7317 ], [ -5.3146, 32.7193 ], [ -5.3212, 32.7119 ], [ -5.3214, 32.699 ], [ -5.3175, 32.6927 ], [ -5.3132, 32.6669 ], [ -5.3238, 32.6301 ], [ -5.3223, 32.6175 ], [ -5.3464, 32.6024 ], [ -5.3409, 32.5935 ], [ -5.3391, 32.5737 ], [ -5.3482, 32.5551 ], [ -5.355, 32.5155 ], [ -5.398, 32.5248 ], [ -5.4048, 32.5153 ], [ -5.3939, 32.4986 ], [ -5.3962, 32.4825 ], [ -5.4029, 32.4706 ], [ -5.4104, 32.4657 ], [ -5.4635, 32.4546 ], [ -5.5359, 32.454 ], [ -5.5279, 32.4364 ], [ -5.5363, 32.4205 ], [ -5.5247, 32.3909 ], [ -5.5268, 32.3675 ], [ -5.5339, 32.3619 ], [ -5.474, 32.3464 ], [ -5.483, 32.3297 ], [ -5.5088, 32.3024 ], [ -5.5077, 32.2945 ], [ -5.4998, 32.2736 ], [ -5.4834, 32.2597 ], [ -5.4555, 32.2433 ], [ -5.4472, 32.2251 ], [ -5.447, 32.2172 ], [ -5.4579, 32.214 ], [ -5.5088, 32.226 ], [ -5.5372, 32.2382 ], [ -5.5632, 32.2399 ], [ -5.5872, 32.2214 ], [ -5.678, 32.2138 ], [ -5.6885, 32.1986 ], [ -5.7184, 32.1768 ], [ -5.7471, 32.1446 ], [ -5.8027, 32.1275 ], [ -5.8437, 32.1323 ], [ -5.858, 32.118 ], [ -5.8683, 32.0981 ], [ -5.8667, 32.0866 ], [ -5.8753, 32.0628 ], [ -5.8882, 31.9834 ], [ -5.8259, 31.9637 ], [ -5.8027, 31.9389 ], [ -5.7986, 31.928 ], [ -5.824, 31.8937 ], [ -5.8254, 31.8684 ] ] ] } },
{ "type": "Feature", "properties": { "iso3": "MAR", "unit_id": "98779951B24558077193680", "unit_name": "Province de Tinghir" }, "geometry": { "type": "Polygon", "coordinates": [ [ [ -6.4472, 31.5513 ], [ -6.4175, 31.5151 ], [ -6.4261, 31.4827 ], [ -6.4188, 31.4694 ], [ -6.4026, 31.4489 ], [ -6.3691, 31.4223 ], [ -6.3119, 31.35 ], [ -6.27, 31.3076 ], [ -6.2846, 31.2956 ], [ -6.2921, 31.2775 ], [ -6.2858, 31.2462 ], [ -6.2885, 31.2336 ], [ -6.284, 31.2171 ], [ -6.2732, 31.2129 ], [ -6.2683, 31.0829 ], [ -6.256, 31.0206 ], [ -6.2525, 30.9575 ], [ -6.2322, 30.9617 ], [ -6.0805, 31.0439 ], [ -6.0477, 31.07 ], [ -6.0037, 31.0971 ], [ -5.9881, 31.0932 ], [ -5.9696, 31.0836 ], [ -5.9619, 31.0916 ], [ -5.954, 31.1075 ], [ -5.946, 31.1137 ], [ -5.9212, 31.1229 ], [ -5.8998, 31.1413 ], [ -5.8714, 31.1511 ], [ -5.8515, 31.1484 ], [ -5.8408, 31.1289 ], [ -5.8159, 31.1029 ], [ -5.7901, 31.0793 ], [ -5.7618, 31.0594 ], [ -5.7028, 31.0314 ], [ -5.6549, 31.0178 ], [ -5.6221, 31.013 ], [ -5.5572, 31.0254 ], [ -5.511, 31.0162 ], [ -5.4132, 31.0228 ], [ -5.3639, 31.0212 ], [ -5.3495, 31.0246 ], [ -5.3061, 30.9912 ], [ -5.2881, 30.9864 ], [ -5.3033, 30.9749 ], [ -5.3211, 30.947 ], [ -5.3207, 30.9136 ], [ -5.369, 30.9067 ], [ -5.3741, 30.8945 ], [ -5.3495, 30.8878 ], [ -5.3715, 30.814 ], [ -5.3552, 30.7842 ], [ -5.3303, 30.8023 ], [ -5.2755, 30.7593 ], [ -5.3134, 30.7471 ], [ -5.3306, 30.7372 ], [ -5.3319, 30.7119 ], [ -5.2946, 30.689 ], [ -5.1887, 30.6511 ], [ -5.1875, 30.6338 ], [ -5.1922, 30.6128 ], [ -5.2174, 30.5849 ], [ -5.2433, 30.5451 ], [ -5.237, 30.4803 ], [ -5.216, 30.4639 ], [ -5.1813, 30.4817 ], [ -5.121, 30.5349 ], [ -5.0961, 30.5519 ], [ -5.0393, 30.6093 ], [ -4.9882, 30.6545 ], [ -4.9464, 30.6812 ], [ -4.9188, 30.7041 ], [ -4.8603, 30.7358 ], [ -4.8315, 30.7558 ], [ -4.792, 30.8031 ], [ -4.7597, 30.8299 ], [ -4.7014, 30.8684 ], [ -4.7003, 30.9088 ], [ -4.7109, 31.0449 ], [ -4.7096, 31.0612 ], [ -4.6755, 31.0962 ], [ -4.6411, 31.1387 ], [ -4.5947, 31.173 ], [ -4.5792, 31.1902 ], [ -4.5682, 31.1971 ], [ -4.5569, 31.2124 ], [ -4.5554, 31.2598 ], [ -4.5317, 31.3103 ], [ -4.5308, 31.322 ], [ -4.6021, 31.3234 ], [ -4.6197, 31.308 ], [ -4.6601, 31.3171 ], [ -4.6759, 31.3101 ], [ -4.7516, 31.3286 ], [ -4.8069, 31.3314 ], [ -4.9131, 31.3174 ], [ -4.9513, 31.3096 ], [ -4.9933, 31.2949 ], [ -5.0605, 31.2649 ], [ -5.1274, 31.2466 ], [ -5.1388, 31.2464 ], [ -5.2065, 31.2613 ], [ -5.2368, 31.2637 ], [ -5.2302, 31.2779 ], [ -5.2273, 31.3058 ], [ -5.2074, 31.3354 ], [ -5.183, 31.3832 ], [ -5.1753, 31.4444 ], [ -5.1961, 31.4322 ], [ -5.1888, 31.4533 ], [ -5.2121, 31.4735 ], [ -5.2756, 31.4734 ], [ -5.3104, 31.4821 ], [ -5.3158, 31.4947 ], [ -5.3301, 31.5104 ], [ -5.3823, 31.5324 ], [ -5.4175, 31.5539 ], [ -5.4514, 31.5637 ], [ -5.4614, 31.6152 ], [ -5.5221, 31.6284 ], [ -5.4805, 31.6809 ], [ -5.4634, 31.6954 ], [ -5.436, 31.7071 ], [ -5.3879, 31.7341 ], [ -5.3666, 31.7471 ], [ -5.3552, 31.7597 ], [ -5.3195, 31.7722 ], [ -5.2883, 31.7876 ], [ -5.2334, 31.831 ], [ -5.2172, 31.8392 ], [ -5.2082, 31.8477 ], [ -5.1964, 31.8679 ], [ -5.1902, 31.8715 ], [ -5.1466, 31.8514 ], [ -5.1314, 31.851 ], [ -5.1039, 31.8607 ], [ -5.0992, 31.8687 ], [ -5.1012, 31.8755 ], [ -5.1159, 31.8907 ], [ -5.1152, 31.8939 ], [ -5.1031, 31.8981 ], [ -5.0678, 31.9321 ], [ -5.0534, 31.954 ], [ -5.0552, 31.9686 ], [ -5.0595, 31.9742 ], [ -5.0741, 31.9854 ], [ -5.1159, 31.9933 ], [ -5.1184, 31.9952 ], [ -5.1134, 32.0047 ], [ -5.085, 32.0111 ], [ -5.0692, 32.025 ], [ -5.059, 32.0238 ], [ -5.0711, 32.0144 ], [ -5.0662, 32.0116 ], [ -5.0249, 32.0258 ], [ -5.0251, 32.0314 ], [ -5.0365, 32.0471 ], [ -5.0364, 32.0549 ], [ -5.0017, 32.0686 ], [ -4.9888, 32.0781 ], [ -4.9529, 32.1187 ], [ -4.9269, 32.1593 ], [ -4.9261, 32.1664 ], [ -4.9556, 32.1609 ], [ -5.0214, 32.1345 ], [ -5.0328, 32.1533 ], [ -5.0294, 32.1708 ], [ -5.0697, 32.1609 ], [ -5.1255, 32.1341 ], [ -5.1369, 32.1253 ], [ -5.1427, 32.1141 ], [ -5.1703, 32.0998 ], [ -5.1951, 32.0897 ], [ -5.2346, 32.0853 ], [ -5.294, 32.0536 ], [ -5.3029, 32.0406 ], [ -5.323, 31.9675 ], [ -5.3424, 31.9661 ], [ -5.3529, 31.9731 ], [ -5.3527, 31.9668 ], [ -5.3743, 31.9309 ], [ -5.3809, 31.9124 ], [ -5.3959, 31.8918 ], [ -5.4143, 31.8743 ], [ -5.4227, 31.8864 ], [ -5.4362, 31.8966 ], [ -5.4636, 31.8993 ], [ -5.4901, 31.8933 ], [ -5.5048, 31.8769 ], [ -5.5078, 31.8908 ], [ -5.533, 31.9181 ], [ -5.5649, 31.9353 ], [ -5.5986, 31.9628 ], [ -5.6251, 32.0112 ], [ -5.6356, 32.0248 ], [ -5.6473, 32.0179 ], [ -5.6861, 31.9779 ], [ -5.8254, 31.8684 ], [ -5.8173, 31.8576 ], [ -5.8554, 31.8393 ], [ -5.8944, 31.8321 ], [ -5.9206, 31.8211 ], [ -5.9515, 31.7705 ], [ -5.9662, 31.7511 ], [ -5.9801, 31.74 ], [ -6.0177, 31.7202 ], [ -6.0603, 31.7057 ], [ -6.1226, 31.6912 ], [ -6.2614, 31.6362 ], [ -6.3965, 31.5911 ], [ -6.4235, 31.5788 ], [ -6.4472, 31.5513 ] ] ] } },
{ "type": "Feature", "properties": { "iso3": "MAR", "unit_id": "98779951B74305615418579", "unit_name": "Zagora Province" }, "geometry": { "type": "Polygon", "coordinates": [ [ [ -6.8612, 30.4574 ], [ -6.8325, 30.4603 ], [ -6.8109, 30.4233 ], [ -6.6894, 30.4475 ], [ -6.6712, 30.461 ], [ -6.6573, 30.4616 ], [ -6.6391, 30.4391 ], [ -6.6441, 30.4273 ], [ -6.6382, 30.4155 ], [ -6.6142, 30.4136 ], [ -6.5486, 30.3419 ], [ -6.5122, 30.3159 ], [ -6.5107, 30.2907 ], [ -6.557, 30.2594 ], [ -6.5897, 30.2293 ], [ -6.5028, 30.1486 ], [ -6.4883, 30.1283 ], [ -6.5078, 30.0751 ], [ -6.4791, 30.026 ], [ -6.398, 30.0466 ], [ -6.3879, 30.0398 ], [ -6.3653, 30.0394 ], [ -6.3537, 30.0308 ], [ -6.3571, 30.0118 ], [ -6.4005, 29.9995 ], [ -6.4318, 29.973 ], [ -6.4299, 29.9587 ], [ -6.4224, 29.9451 ], [ -6.4194, 29.9218 ], [ -6.421, 29.9024 ], [ -6.4064, 29.8482 ], [ -6.4039, 29.7906 ], [ -6.3903, 29.7452 ], [ -6.4127, 29.7239 ], [ -6.4249, 29.6992 ], [ -6.4218, 29.6807 ], [ -6.406, 29.663 ], [ -6.4055, 29.6469 ], [ -6.4205, 29.6283 ], [ -6.4485, 29.5656 ], [ -6.4091, 29.5631 ], [ -6.3977, 29.5601 ], [ -6.3904, 29.5512 ], [ -6.3867, 29.5618 ], [ -6.3739, 29.5682 ], [ -6.3455, 29.5666 ], [ -6.3172, 29.57 ], [ -6.3034, 29.5669 ], [ -6.2897, 29.5705 ], [ -6.2475, 29.5654 ], [ -6.2209, 29.5729 ], [ -6.2209, 29.5778 ], [ -6.1856, 29.5768 ], [ -6.1653, 29.5823 ], [ -6.1182, 29.5695 ], [ -6.1039, 29.5703 ], [ -6.0908, 29.5658 ], [ -6.0627, 29.5626 ], [ -6.0489, 29.5657 ], [ -6.0378, 29.5733 ], [ -6.0169, 29.5726 ], [ -6.0123, 29.5772 ], [ -5.9981, 29.5785 ], [ -5.9573, 29.59 ], [ -5.9223, 29.5963 ], [ -5.8798, 29.5959 ], [ -5.8635, 29.6079 ], [ -5.7999, 29.6147 ], [ -5.7458, 29.6007 ], [ -5.7331, 29.595 ], [ -5.7232, 29.5862 ], [ -5.7244, 29.574 ], [ -5.7442, 29.5481 ], [ -5.7507, 29.5302 ], [ -5.7492, 29.5183 ], [ -5.7429, 29.5158 ], [ -5.7145, 29.5198 ], [ -5.6888, 29.5395 ], [ -5.6687, 29.5221 ], [ -5.6624, 29.5115 ], [ -5.6508, 29.5045 ], [ -5.6297, 29.5015 ], [ -5.6194, 29.4929 ], [ -5.606, 29.4889 ], [ -5.578, 29.4896 ], [ -5.5719, 29.4865 ], [ -5.5703, 29.4803 ], [ -5.5655, 29.4766 ], [ -5.5536, 29.483 ], [ -5.5533, 29.4894 ], [ -5.5421, 29.5122 ], [ -5.3347, 29.7684 ], [ -5.3253, 29.783 ], [ -5.3207, 29.7978 ], [ -5.3295, 29.8283 ], [ -5.3276, 29.8368 ], [ -5.3236, 29.8468 ], [ -5.2861, 29.8976 ], [ -5.2529, 29.9158 ], [ -5.2408, 29.9339 ], [ -5.1388, 30.0012 ], [ -5.1306, 30.0019 ], [ -5.1384, 30.14 ], [ -5.1381, 30.1861 ], [ -5.134, 30.2094 ], [ -5.0991, 30.2789 ], [ -5.0364, 30.3633 ], [ -5.0714, 30.3938 ], [ -5.1174, 30.4271 ], [ -5.1457, 30.4196 ], [ -5.1667, 30.4253 ], [ -5.237, 30.4803 ], [ -5.2433, 30.5451 ], [ -5.2174, 30.5849 ], [ -5.1922, 30.6128 ], [ -5.1875, 30.6338 ], [ -5.1887, 30.6511 ], [ -5.2946, 30.689 ], [ -5.3319, 30.7119 ], [ -5.3306, 30.7372 ], [ -5.3134, 30.7471 ], [ -5.2755, 30.7593 ], [ -5.3303, 30.8023 ], [ -5.3552, 30.7842 ], [ -5.3715, 30.814 ], [ -5.3495, 30.8878 ], [ -5.3741, 30.8945 ], [ -5.369, 30.9067 ], [ -5.3207, 30.9136 ], [ -5.3211, 30.947 ], [ -5.3033, 30.9749 ], [ -5.2881, 30.9864 ], [ -5.3061, 30.9912 ], [ -5.3495, 31.0246 ], [ -5.3639, 31.0212 ], [ -5.4132, 31.0228 ], [ -5.511, 31.0162 ], [ -5.5572, 31.0254 ], [ -5.6221, 31.013 ], [ -5.6549, 31.0178 ], [ -5.7028, 31.0314 ], [ -5.7618, 31.0594 ], [ -5.7901, 31.0793 ], [ -5.8159, 31.1029 ], [ -5.8408, 31.1289 ], [ -5.8515, 31.1484 ], [ -5.8714, 31.1511 ], [ -5.8998, 31.1413 ], [ -5.9212, 31.1229 ], [ -5.946, 31.1137 ], [ -5.954, 31.1075 ], [ -5.9619, 31.0916 ], [ -5.9696, 31.0836 ], [ -5.9881, 31.0932 ], [ -6.0037, 31.0971 ], [ -6.0477, 31.07 ], [ -6.0805, 31.0439 ], [ -6.2322, 30.9617 ], [ -6.3175, 30.9438 ], [ -6.4091, 30.9126 ], [ -6.5008, 30.8871 ], [ -6.588, 30.8539 ], [ -6.6272, 30.8162 ], [ -6.6335, 30.8514 ], [ -6.6543, 30.8692 ], [ -6.6826, 30.8871 ], [ -6.7427, 30.8872 ], [ -6.7854, 30.8518 ], [ -6.818, 30.814 ], [ -6.8846, 30.77 ], [ -6.9212, 30.7319 ], [ -6.9677, 30.7007 ], [ -6.9782, 30.6852 ], [ -6.9762, 30.6692 ], [ -6.9338, 30.6211 ], [ -6.9382, 30.6105 ], [ -6.9794, 30.5684 ], [ -6.9062, 30.533 ], [ -6.8919, 30.4957 ], [ -6.8918, 30.4801 ], [ -6.8754, 30.4511 ], [ -6.8612, 30.4574 ] ] ] } },
{ "type": "Feature", "properties": { "iso3": "MAR", "unit_id": "98779951B88469735892215", "unit_name": "Prefecture de Fes" }, "geometry": { "type": "Polygon", "coordinates": [ [ [ -4.817, 34.0241 ], [ -4.8299, 34.0199 ], [ -4.8493, 34.0279 ], [ -4.8567, 34.0357 ], [ -4.8784, 34.0377 ], [ -4.9116, 34.0492 ], [ -4.9317, 34.0478 ], [ -4.941, 34.0441 ], [ -4.9377, 34.0541 ], [ -4.9417, 34.0653 ], [ -4.9395, 34.0745 ], [ -4.9493, 34.0647 ], [ -4.9587, 34.0729 ], [ -4.9701, 34.0691 ], [ -4.9831, 34.075 ], [ -5.0153, 34.0741 ], [ -5.0444, 34.0649 ], [ -5.0577, 34.0567 ], [ -5.0543, 34.0454 ], [ -5.0634, 34.043 ], [ -5.0636, 34.0352 ], [ -5.0776, 34.0265 ], [ -5.0778, 34.0209 ], [ -5.0689, 34.0161 ], [ -5.0705, 34.0133 ], [ -5.0651, 34.0072 ], [ -5.0706, 34.0033 ], [ -5.065, 33.9863 ], [ -5.0524, 33.9764 ], [ -5.0459, 33.9808 ], [ -5.0456, 33.9864 ], [ -5.0223, 33.9812 ], [ -5.0217, 33.989 ], [ -5.0191, 33.9892 ], [ -5.0042, 33.984 ], [ -5.0056, 33.9673 ], [ -4.995, 33.9231 ], [ -4.9865, 33.9068 ], [ -4.9817, 33.902 ], [ -4.9751, 33.901 ], [ -4.9559, 33.9022 ], [ -4.9576, 33.8867 ], [ -4.9635, 33.8706 ], [ -4.9643, 33.8479 ], [ -4.9474, 33.8461 ], [ -4.9416, 33.8526 ], [ -4.9517, 33.8632 ], [ -4.9299, 33.8731 ], [ -4.9345, 33.8762 ], [ -4.925, 33.8894 ], [ -4.9226, 33.9033 ], [ -4.9265, 33.91 ], [ -4.9126, 33.9244 ], [ -4.9014, 33.9311 ], [ -4.887, 33.9317 ], [ -4.8814, 33.944 ], [ -4.8222, 33.9516 ], [ -4.8134, 33.9627 ], [ -4.808, 33.9761 ], [ -4.8034, 33.9767 ], [ -4.8012, 33.9816 ], [ -4.7982, 33.9807 ], [ -4.7981, 33.9875 ], [ -4.7902, 33.9932 ], [ -4.791, 33.9987 ], [ -4.8026, 34.009 ], [ -4.8016, 34.0133 ], [ -4.8101, 34.0112 ], [ -4.8125, 34.0133 ], [ -4.817, 34.0241 ] ] ] } },
{ "type": "Feature", "properties": { "iso3": "MAR", "unit_id": "98779951B13878602935254", "unit_name": "Prefecture de Meknes" }, "geometry": { "type": "Polygon", "coordinates": [ [ [ -5.7934, 34.211 ], [ -5.7952, 34.1906 ], [ -5.8295, 34.1886 ], [ -5.8244, 34.1718 ], [ -5.8144, 34.1577 ], [ -5.856, 34.1427 ], [ -5.8799, 34.1202 ], [ -5.8831, 34.1032 ], [ -5.8543, 34.0645 ], [ -5.832, 34.0499 ], [ -5.8123, 34.0457 ], [ -5.7987, 34.0242 ], [ -5.8102, 34.0202 ], [ -5.8134, 34.0135 ], [ -5.7965, 33.9944 ], [ -5.7761, 33.9811 ], [ -5.7678, 33.9648 ], [ -5.7526, 33.9462 ], [ -5.757, 33.941 ], [ -5.7529, 33.9379 ], [ -5.7629, 33.9279 ], [ -5.774, 33.9287 ], [ -5.7736, 33.9179 ], [ -5.7779, 33.9166 ], [ -5.7815, 33.904 ], [ -5.778, 33.8959 ], [ -5.7991, 33.8932 ], [ -5.798, 33.8871 ], [ -5.8075, 33.8749 ], [ -5.8024, 33.8657 ], [ -5.79, 33.8557 ], [ -5.7858, 33.8582 ], [ -5.7826, 33.8531 ], [ -5.775, 33.8536 ], [ -5.7448, 33.8456 ], [ -5.716, 33.834 ], [ -5.6961, 33.8076 ], [ -5.6901, 33.804 ], [ -5.666, 33.8085 ], [ -5.6683, 33.823 ], [ -5.6613, 33.848 ], [ -5.6528, 33.8476 ], [ -5.6158, 33.824 ], [ -5.6023, 33.8235 ], [ -5.595, 33.8291 ], [ -5.5835, 33.8188 ], [ -5.5731, 33.8142 ], [ -5.5718, 33.7937 ], [ -5.562, 33.7562 ], [ -5.5246, 33.7623 ], [ -5.519, 33.7651 ], [ -5.5169, 33.7706 ], [ -5.499, 33.7706 ], [ -5.5005, 33.7606 ], [ -5.4929, 33.7476 ], [ -5.4835, 33.7431 ], [ -5.4788, 33.7441 ], [ -5.4767, 33.7525 ], [ -5.4533, 33.7738 ], [ -5.4504, 33.7799 ], [ -5.4449, 33.7814 ], [ -5.4352, 33.7997 ], [ -5.4291, 33.8069 ], [ -5.4237, 33.8083 ], [ -5.4255, 33.8233 ], [ -5.4085, 33.8486 ], [ -5.3978, 33.8546 ], [ -5.4045, 33.8739 ], [ -5.4187, 33.892 ], [ -5.4173, 33.9092 ], [ -5.3967, 33.9196 ], [ -5.3614, 33.9203 ], [ -5.3516, 33.9284 ], [ -5.3309, 33.9369 ], [ -5.3213, 33.9335 ], [ -5.3168, 33.9438 ], [ -5.3205, 33.9536 ], [ -5.3342, 33.9614 ], [ -5.3306, 33.9677 ], [ -5.313, 33.9655 ], [ -5.3096, 33.9714 ], [ -5.301, 33.9723 ], [ -5.2976, 33.9769 ], [ -5.2793, 33.961 ], [ -5.2394, 33.9815 ], [ -5.1957, 33.995 ], [ -5.2003, 34.0061 ], [ -5.2332, 34.0297 ], [ -5.2336, 34.0496 ], [ -5.2537, 34.0502 ], [ -5.2405, 34.0599 ], [ -5.2427, 34.0785 ], [ -5.2307, 34.0959 ], [ -5.2402, 34.0997 ], [ -5.2486, 34.1079 ], [ -5.2556, 34.1106 ], [ -5.2696, 34.1098 ], [ -5.2794, 34.1054 ], [ -5.2751, 34.09 ], [ -5.2768, 34.0803 ], [ -5.3084, 34.0682 ], [ -5.3308, 34.0667 ], [ -5.3391, 34.0804 ], [ -5.3371, 34.0878 ], [ -5.3518, 34.0893 ], [ -5.3551, 34.0999 ], [ -5.3388, 34.1111 ], [ -5.3423, 34.1196 ], [ -5.3356, 34.1349 ], [ -5.3387, 34.1412 ], [ -5.3367, 34.1436 ], [ -5.3417, 34.144 ], [ -5.3368, 34.148 ], [ -5.3444, 34.1507 ], [ -5.3478, 34.1587 ], [ -5.3525, 34.1611 ], [ -5.3498, 34.1672 ], [ -5.353, 34.1709 ], [ -5.3455, 34.1756 ], [ -5.3398, 34.1741 ], [ -5.3385, 34.1685 ], [ -5.3365, 34.1744 ], [ -5.3387, 34.177 ], [ -5.3365, 34.1772 ], [ -5.3401, 34.18 ], [ -5.3359, 34.1809 ], [ -5.3418, 34.1831 ], [ -5.3449, 34.1907 ], [ -5.3382, 34.1904 ], [ -5.3457, 34.1957 ], [ -5.347, 34.207 ], [ -5.3517, 34.2035 ], [ -5.3524, 34.2094 ], [ -5.3573, 34.209 ], [ -5.3541, 34.2122 ], [ -5.3559, 34.2138 ], [ -5.3609, 34.2161 ], [ -5.3638, 34.2132 ], [ -5.3708, 34.2137 ], [ -5.3729, 34.2188 ], [ -5.3833, 34.2197 ], [ -5.3865, 34.2224 ], [ -5.3811, 34.2262 ], [ -5.3869, 34.2287 ], [ -5.3845, 34.2317 ], [ -5.393, 34.2281 ], [ -5.3939, 34.2354 ], [ -5.3977, 34.239 ], [ -5.4035, 34.2345 ], [ -5.4036, 34.2373 ], [ -5.4094, 34.2374 ], [ -5.4047, 34.2413 ], [ -5.4102, 34.2404 ], [ -5.4103, 34.2435 ], [ -5.4179, 34.2472 ], [ -5.4163, 34.2523 ], [ -5.4191, 34.2571 ], [ -5.4225, 34.2567 ], [ -5.4227, 34.2481 ], [ -5.4296, 34.2503 ], [ -5.4362, 34.2335 ], [ -5.4509, 34.2347 ], [ -5.464, 34.2262 ], [ -5.4737, 34.2121 ], [ -5.4641, 34.1913 ], [ -5.4431, 34.1845 ], [ -5.4565, 34.1651 ], [ -5.4642, 34.1651 ], [ -5.4689, 34.1561 ], [ -5.469, 34.1474 ], [ -5.4909, 34.1572 ], [ -5.5035, 34.1511 ], [ -5.5315, 34.1599 ], [ -5.5346, 34.1372 ], [ -5.5421, 34.1292 ], [ -5.582, 34.1078 ], [ -5.5945, 34.1074 ], [ -5.6045, 34.1201 ], [ -5.6113, 34.1228 ], [ -5.6269, 34.1219 ], [ -5.6419, 34.1256 ], [ -5.6483, 34.1194 ], [ -5.7046, 34.1209 ], [ -5.7066, 34.1449 ], [ -5.7013, 34.174 ], [ -5.744, 34.1592 ], [ -5.7514, 34.1597 ], [ -5.751, 34.1671 ], [ -5.7626, 34.1671 ], [ -5.7637, 34.163 ], [ -5.768, 34.1629 ], [ -5.7934, 34.211 ] ] ] } },
{ "type": "Feature", "properties": { "iso3": "MAR", "unit_id": "98779951B87282511455798", "unit_name": "Province d El Hajeb" }, "geometry": { "type": "Polygon", "coordinates": [ [ [ -5.6665, 33.394 ], [ -5.6265, 33.4324 ], [ -5.6158, 33.4513 ], [ -5.5885, 33.4663 ], [ -5.5813, 33.4932 ], [ -5.5715, 33.5117 ], [ -5.5371, 33.5076 ], [ -5.5157, 33.5198 ], [ -5.4891, 33.5211 ], [ -5.4594, 33.5584 ], [ -5.4547, 33.5802 ], [ -5.4642, 33.5905 ], [ -5.4655, 33.5969 ], [ -5.4584, 33.613 ], [ -5.4463, 33.6186 ], [ -5.4381, 33.6185 ], [ -5.4052, 33.5981 ], [ -5.3819, 33.5936 ], [ -5.3588, 33.583 ], [ -5.2105, 33.5482 ], [ -5.159, 33.5208 ], [ -5.1607, 33.5322 ], [ -5.1475, 33.5433 ], [ -5.1737, 33.5927 ], [ -5.2206, 33.6374 ], [ -5.2181, 33.6685 ], [ -5.2218, 33.6851 ], [ -5.2402, 33.707 ], [ -5.2555, 33.7107 ], [ -5.2674, 33.742 ], [ -5.2464, 33.7551 ], [ -5.2396, 33.777 ], [ -5.2241, 33.8003 ], [ -5.2156, 33.8226 ], [ -5.2132, 33.8422 ], [ -5.2008, 33.8469 ], [ -5.1987, 33.8355 ], [ -5.1908, 33.835 ], [ -5.1971, 33.8193 ], [ -5.1953, 33.8057 ], [ -5.1974, 33.7988 ], [ -5.191, 33.791 ], [ -5.1708, 33.7799 ], [ -5.1574, 33.7613 ], [ -5.0939, 33.8086 ], [ -5.0793, 33.8088 ], [ -5.0599, 33.8233 ], [ -5.0631, 33.8285 ], [ -5.0898, 33.834 ], [ -5.0944, 33.8454 ], [ -5.0923, 33.8778 ], [ -5.1351, 33.8849 ], [ -5.1362, 33.9054 ], [ -5.1312, 33.9229 ], [ -5.1384, 33.9193 ], [ -5.1512, 33.9373 ], [ -5.1553, 33.9513 ], [ -5.1882, 33.9803 ], [ -5.184, 33.9913 ], [ -5.1882, 33.9975 ], [ -5.2394, 33.9815 ], [ -5.2793, 33.961 ], [ -5.2976, 33.9769 ], [ -5.301, 33.9723 ], [ -5.3096, 33.9714 ], [ -5.313, 33.9655 ], [ -5.3306, 33.9677 ], [ -5.3342, 33.9614 ], [ -5.3205, 33.9536 ], [ -5.3168, 33.9438 ], [ -5.3213, 33.9335 ], [ -5.3309, 33.9369 ], [ -5.3516, 33.9284 ], [ -5.3614, 33.9203 ], [ -5.3967, 33.9196 ], [ -5.4173, 33.9092 ], [ -5.4187, 33.892 ], [ -5.4045, 33.8739 ], [ -5.3978, 33.8546 ], [ -5.4085, 33.8486 ], [ -5.4255, 33.8233 ], [ -5.4237, 33.8083 ], [ -5.4291, 33.8069 ], [ -5.4352, 33.7997 ], [ -5.4449, 33.7814 ], [ -5.4504, 33.7799 ], [ -5.4533, 33.7738 ], [ -5.4767, 33.7525 ], [ -5.4788, 33.7441 ], [ -5.4835, 33.7431 ], [ -5.4929, 33.7476 ], [ -5.5005, 33.7606 ], [ -5.499, 33.7706 ], [ -5.5169, 33.7706 ], [ -5.519, 33.7651 ], [ -5.5246, 33.7623 ], [ -5.562, 33.7562 ], [ -5.5718, 33.7937 ], [ -5.5731, 33.8142 ], [ -5.5835, 33.8188 ], [ -5.595, 33.8291 ], [ -5.6023, 33.8235 ], [ -5.6158, 33.824 ], [ -5.6528, 33.8476 ], [ -5.6613, 33.848 ], [ -5.6683, 33.823 ], [ -5.666, 33.8085 ], [ -5.6901, 33.804 ], [ -5.6961, 33.8076 ], [ -5.716, 33.834 ], [ -5.7448, 33.8456 ], [ -5.7675, 33.8508 ], [ -5.7532, 33.8374 ], [ -5.7634, 33.8149 ], [ -5.7341, 33.8045 ], [ -5.7146, 33.7857 ], [ -5.7204, 33.7695 ], [ -5.7323, 33.7529 ], [ -5.7417, 33.7063 ], [ -5.7632, 33.6912 ], [ -5.7855, 33.6672 ], [ -5.7776, 33.6521 ], [ -5.7918, 33.6109 ], [ -5.8043, 33.6063 ], [ -5.7861, 33.5724 ], [ -5.7804, 33.5542 ], [ -5.7834, 33.5359 ], [ -5.7797, 33.5149 ], [ -5.8146, 33.4988 ], [ -5.8168, 33.4935 ], [ -5.824, 33.4906 ], [ -5.8164, 33.489 ], [ -5.8129, 33.4825 ], [ -5.8008, 33.4765 ], [ -5.7931, 33.4804 ], [ -5.7874, 33.4783 ], [ -5.7868, 33.4702 ], [ -5.7816, 33.4654 ], [ -5.7857, 33.4606 ], [ -5.7827, 33.4541 ], [ -5.773, 33.4488 ], [ -5.7704, 33.4457 ], [ -5.7738, 33.4409 ], [ -5.7625, 33.431 ], [ -5.7545, 33.4285 ], [ -5.7548, 33.4247 ], [ -5.7481, 33.4169 ], [ -5.737, 33.4215 ], [ -5.7231, 33.4123 ], [ -5.6665, 33.394 ] ] ] } },
{ "type": "Feature", "properties": { "iso3": "MAR", "unit_id": "98779951B60577674439925", "unit_name": "Province d Ifrane" }, "geometry": { "type": "Polygon", "coordinates": [ [ [ -5.2743, 32.861 ], [ -5.2298, 32.8836 ], [ -5.1902, 32.9155 ], [ -5.1687, 32.9047 ], [ -5.1419, 32.9089 ], [ -5.1329, 32.9176 ], [ -5.1275, 32.9455 ], [ -5.0929, 32.9595 ], [ -5.0568, 32.9809 ], [ -5.0717, 33.0237 ], [ -5.0552, 33.0408 ], [ -5.0437, 33.0463 ], [ -5.0364, 33.0577 ], [ -5.0172, 33.0736 ], [ -4.9964, 33.0832 ], [ -4.9803, 33.0805 ], [ -4.8928, 33.0792 ], [ -4.8633, 33.0743 ], [ -4.8456, 33.0759 ], [ -4.8277, 33.0979 ], [ -4.8263, 33.1065 ], [ -4.8476, 33.1376 ], [ -4.8614, 33.167 ], [ -4.8716, 33.2019 ], [ -4.9008, 33.2732 ], [ -4.9614, 33.3565 ], [ -5.0045, 33.3925 ], [ -5.0238, 33.4272 ], [ -5.0214, 33.4329 ], [ -5.0023, 33.4513 ], [ -4.9619, 33.4725 ], [ -4.9014, 33.494 ], [ -4.8816, 33.5102 ], [ -4.8602, 33.5128 ], [ -4.8908, 33.5877 ], [ -4.9097, 33.6101 ], [ -4.97, 33.6552 ], [ -4.9914, 33.6583 ], [ -5.0471, 33.6585 ], [ -5.0607, 33.6761 ], [ -5.0863, 33.6875 ], [ -5.1104, 33.7095 ], [ -5.1482, 33.7183 ], [ -5.1587, 33.7323 ], [ -5.1601, 33.7582 ], [ -5.1574, 33.7613 ], [ -5.1708, 33.7799 ], [ -5.191, 33.791 ], [ -5.1974, 33.7988 ], [ -5.1953, 33.8057 ], [ -5.1971, 33.8193 ], [ -5.1908, 33.835 ], [ -5.1987, 33.8355 ], [ -5.2008, 33.8469 ], [ -5.2132, 33.8422 ], [ -5.2156, 33.8226 ], [ -5.2241, 33.8003 ], [ -5.2396, 33.777 ], [ -5.2464, 33.7551 ], [ -5.2674, 33.742 ], [ -5.2555, 33.7107 ], [ -5.2402, 33.707 ], [ -5.2218, 33.6851 ], [ -5.2181, 33.6685 ], [ -5.2206, 33.6374 ], [ -5.1737, 33.5927 ], [ -5.1475, 33.5433 ], [ -5.1607, 33.5322 ], [ -5.159, 33.5208 ], [ -5.2105, 33.5482 ], [ -5.3588, 33.583 ], [ -5.3819, 33.5936 ], [ -5.4052, 33.5981 ], [ -5.4381, 33.6185 ], [ -5.4463, 33.6186 ], [ -5.4584, 33.613 ], [ -5.4655, 33.5969 ], [ -5.4642, 33.5905 ], [ -5.4547, 33.5802 ], [ -5.4594, 33.5584 ], [ -5.4891, 33.5211 ], [ -5.5157, 33.5198 ], [ -5.5371, 33.5076 ], [ -5.5715, 33.5117 ], [ -5.5813, 33.4932 ], [ -5.5885, 33.4663 ], [ -5.6158, 33.4513 ], [ -5.6265, 33.4324 ], [ -5.6665, 33.394 ], [ -5.6593, 33.3921 ], [ -5.6544, 33.3943 ], [ -5.6567, 33.3913 ], [ -5.6348, 33.3866 ], [ -5.6289, 33.3862 ], [ -5.6252, 33.3899 ], [ -5.6216, 33.3838 ], [ -5.6168, 33.3823 ], [ -5.6135, 33.3865 ], [ -5.607, 33.3822 ], [ -5.5966, 33.3887 ], [ -5.5919, 33.3825 ], [ -5.5833, 33.3826 ], [ -5.5807, 33.3873 ], [ -5.5702, 33.3753 ], [ -5.5726, 33.3692 ], [ -5.5524, 33.363 ], [ -5.5515, 33.3575 ], [ -5.5388, 33.3495 ], [ -5.5431, 33.3436 ], [ -5.5247, 33.3392 ], [ -5.5182, 33.3287 ], [ -5.52, 33.324 ], [ -5.5166, 33.3193 ], [ -5.5064, 33.3249 ], [ -5.5072, 33.3101 ], [ -5.5011, 33.3091 ], [ -5.5002, 33.3034 ], [ -5.5124, 33.2564 ], [ -5.4893, 33.235 ], [ -5.486, 33.194 ], [ -5.4477, 33.1647 ], [ -5.4182, 33.1564 ], [ -5.3674, 33.153 ], [ -5.2971, 33.1757 ], [ -5.2885, 33.1743 ], [ -5.282, 33.1687 ], [ -5.2797, 33.1616 ], [ -5.2837, 33.1296 ], [ -5.2989, 33.0975 ], [ -5.3297, 33.0832 ], [ -5.3193, 33.035 ], [ -5.2906, 33.0299 ], [ -5.2881, 33.0039 ], [ -5.3065, 32.9923 ], [ -5.306, 32.9855 ], [ -5.2733, 32.9666 ], [ -5.2412, 32.9239 ], [ -5.2487, 32.9046 ], [ -5.2743, 32.861 ] ] ] } },
{ "type": "Feature", "properties": { "iso3": "MAR", "unit_id": "98779951B17250072505873", "unit_name": "Province de Boulemane" }, "geometry": { "type": "Polygon", "coordinates": [ [ [ -4.0182, 32.6084 ], [ -4.0149, 32.6195 ], [ -4.0159, 32.6408 ], [ -3.9785, 32.6885 ], [ -3.9474, 32.7185 ], [ -3.9112, 32.7631 ], [ -3.8682, 32.8239 ], [ -3.8303, 32.8665 ], [ -3.7989, 32.8957 ], [ -3.7499, 32.9256 ], [ -3.7274, 32.9477 ], [ -3.713, 32.9794 ], [ -3.6827, 33.0269 ], [ -3.6497, 33.0574 ], [ -3.617, 33.0783 ], [ -3.6035, 33.0945 ], [ -3.5756, 33.1084 ], [ -3.5676, 33.1081 ], [ -3.5597, 33.0976 ], [ -3.5146, 33.0852 ], [ -3.4358, 33.0566 ], [ -3.3409, 33.0597 ], [ -3.0287, 33.1138 ], [ -2.9785, 33.1326 ], [ -2.9415, 33.1524 ], [ -2.907, 33.177 ], [ -2.899, 33.1996 ], [ -2.9057, 33.2165 ], [ -2.9354, 33.2557 ], [ -2.9992, 33.3176 ], [ -3.0408, 33.3431 ], [ -3.2573, 33.5167 ], [ -3.2451, 33.5276 ], [ -3.2279, 33.5347 ], [ -3.2269, 33.5536 ], [ -3.2137, 33.5652 ], [ -3.1905, 33.5704 ], [ -3.175, 33.5912 ], [ -3.1525, 33.6031 ], [ -3.1204, 33.6335 ], [ -3.1234, 33.6602 ], [ -3.091, 33.6902 ], [ -3.0584, 33.7063 ], [ -3.0324, 33.7315 ], [ -3.0451, 33.7654 ], [ -3.0943, 33.7617 ], [ -3.153, 33.7645 ], [ -3.1907, 33.7602 ], [ -3.2345, 33.7637 ], [ -3.2766, 33.7757 ], [ -3.302, 33.7778 ], [ -3.3309, 33.7869 ], [ -3.3639, 33.8123 ], [ -3.3795, 33.8323 ], [ -3.4203, 33.8479 ], [ -3.4295, 33.8625 ], [ -3.4664, 33.8775 ], [ -3.4933, 33.9058 ], [ -3.5164, 33.9096 ], [ -3.5323, 33.8947 ], [ -3.5424, 33.868 ], [ -3.6508, 33.7408 ], [ -3.6932, 33.728 ], [ -3.7115, 33.7014 ], [ -3.7366, 33.6777 ], [ -3.8028, 33.6568 ], [ -3.8573, 33.5934 ], [ -3.8226, 33.57 ], [ -3.8088, 33.5707 ], [ -3.7944, 33.5575 ], [ -3.8377, 33.5115 ], [ -3.8433, 33.5094 ], [ -3.8473, 33.521 ], [ -3.8476, 33.5423 ], [ -3.8744, 33.5707 ], [ -3.8889, 33.5709 ], [ -3.8991, 33.5502 ], [ -3.9302, 33.5458 ], [ -3.9343, 33.5282 ], [ -3.9467, 33.5146 ], [ -3.9835, 33.5131 ], [ -4.0101, 33.5239 ], [ -4.0309, 33.5169 ], [ -4.0581, 33.5262 ], [ -4.0922, 33.5552 ], [ -4.1096, 33.5614 ], [ -4.1105, 33.5761 ], [ -4.1006, 33.5868 ], [ -4.0926, 33.6035 ], [ -4.085, 33.6239 ], [ -4.0854, 33.639 ], [ -4.1082, 33.6386 ], [ -4.1129, 33.6468 ], [ -4.1197, 33.6493 ], [ -4.1231, 33.6638 ], [ -4.2324, 33.6083 ], [ -4.2878, 33.6311 ], [ -4.2773, 33.6025 ], [ -4.2775, 33.5699 ], [ -4.2838, 33.5313 ], [ -4.3013, 33.5217 ], [ -4.3765, 33.5443 ], [ -4.3875, 33.5414 ], [ -4.4002, 33.5428 ], [ -4.4194, 33.5297 ], [ -4.4421, 33.5419 ], [ -4.487, 33.5577 ], [ -4.49, 33.5632 ], [ -4.5165, 33.5802 ], [ -4.5253, 33.6037 ], [ -4.5156, 33.6423 ], [ -4.5385, 33.6474 ], [ -4.5637, 33.6441 ], [ -4.6115, 33.6001 ], [ -4.6387, 33.5972 ], [ -4.6629, 33.6196 ], [ -4.6771, 33.6255 ], [ -4.7025, 33.5468 ], [ -4.7275, 33.5444 ], [ -4.7527, 33.5538 ], [ -4.7785, 33.5288 ], [ -4.8166, 33.5158 ], [ -4.8816, 33.5102 ], [ -4.9014, 33.494 ], [ -4.9619, 33.4725 ], [ -5.0023, 33.4513 ], [ -5.0214, 33.4329 ], [ -5.0238, 33.4272 ], [ -5.0045, 33.3925 ], [ -4.9614, 33.3565 ], [ -4.9008, 33.2732 ], [ -4.8716, 33.2019 ], [ -4.8614, 33.167 ], [ -4.8476, 33.1376 ], [ -4.8263, 33.1065 ], [ -4.8277, 33.0979 ], [ -4.8214, 33.0727 ], [ -4.8083, 33.0476 ], [ -4.7746, 33.018 ], [ -4.7664, 33.0004 ], [ -4.755, 32.9599 ], [ -4.773, 32.9271 ], [ -4.7698, 32.9122 ], [ -4.7138, 32.8924 ], [ -4.6565, 32.8805 ], [ -4.623, 32.8797 ], [ -4.5581, 32.8963 ], [ -4.5237, 32.8955 ], [ -4.4775, 32.8827 ], [ -4.4872, 32.8676 ], [ -4.4641, 32.8423 ], [ -4.4053, 32.8106 ], [ -4.3713, 32.7869 ], [ -4.3242, 32.7504 ], [ -4.285, 32.7148 ], [ -4.2423, 32.6571 ], [ -4.2168, 32.6138 ], [ -4.1741, 32.6011 ], [ -4.1036, 32.623 ], [ -4.0579, 32.6006 ], [ -4.0182, 32.6084 ] ] ] } },
{ "type": "Feature", "properties": { "iso3": "MAR", "unit_id": "98779951B60894146396540", "unit_name": "Province de Moulay Yacoub" }, "geometry": { "type": "Polygon", "coordinates": [ [ [ -4.817, 34.0241 ], [ -4.8113, 34.0352 ], [ -4.798, 34.0396 ], [ -4.8038, 34.0449 ], [ -4.8016, 34.0533 ], [ -4.7835, 34.0628 ], [ -4.7814, 34.0693 ], [ -4.7558, 34.0829 ], [ -4.7484, 34.0927 ], [ -4.7606, 34.1199 ], [ -4.7578, 34.1468 ], [ -4.7639, 34.1655 ], [ -4.7848, 34.171 ], [ -4.8021, 34.1819 ], [ -4.8002, 34.1995 ], [ -4.8165, 34.206 ], [ -4.8355, 34.2052 ], [ -4.8221, 34.2161 ], [ -4.8231, 34.2224 ], [ -4.8199, 34.2273 ], [ -4.8373, 34.2391 ], [ -4.8379, 34.2304 ], [ -4.8563, 34.2223 ], [ -4.8616, 34.2149 ], [ -4.8823, 34.2109 ], [ -4.8825, 34.2041 ], [ -4.889, 34.2016 ], [ -4.9005, 34.2061 ], [ -4.8891, 34.2146 ], [ -4.8883, 34.2182 ], [ -4.895, 34.2229 ], [ -4.9094, 34.2224 ], [ -4.9119, 34.2279 ], [ -4.905, 34.2301 ], [ -4.906, 34.2435 ], [ -4.8895, 34.2475 ], [ -4.8879, 34.2542 ], [ -4.8936, 34.2585 ], [ -4.9142, 34.2625 ], [ -4.9243, 34.2569 ], [ -4.9285, 34.2466 ], [ -4.9358, 34.2467 ], [ -4.9396, 34.2609 ], [ -4.9513, 34.2538 ], [ -4.9574, 34.2612 ], [ -4.9528, 34.2667 ], [ -4.9457, 34.2686 ], [ -4.94, 34.2776 ], [ -4.9586, 34.2848 ], [ -4.9598, 34.2907 ], [ -4.9923, 34.2858 ], [ -4.996, 34.2865 ], [ -4.996, 34.2923 ], [ -4.9996, 34.2919 ], [ -5.0041, 34.2842 ], [ -5.01, 34.2843 ], [ -5.0099, 34.2945 ], [ -5.0286, 34.292 ], [ -5.037, 34.2988 ], [ -5.052, 34.3029 ], [ -5.046, 34.2886 ], [ -5.0488, 34.2864 ], [ -5.0647, 34.2782 ], [ -5.0659, 34.2899 ], [ -5.07, 34.2966 ], [ -5.0879, 34.2943 ], [ -5.0979, 34.2854 ], [ -5.0921, 34.2755 ], [ -5.0981, 34.2684 ], [ -5.1044, 34.2668 ], [ -5.1128, 34.277 ], [ -5.1222, 34.28 ], [ -5.1092, 34.2898 ], [ -5.1248, 34.2986 ], [ -5.1343, 34.2984 ], [ -5.1333, 34.3066 ], [ -5.1456, 34.3097 ], [ -5.1509, 34.3024 ], [ -5.1545, 34.3023 ], [ -5.1608, 34.312 ], [ -5.1784, 34.3147 ], [ -5.1824, 34.311 ], [ -5.1883, 34.3187 ], [ -5.1983, 34.3085 ], [ -5.211, 34.3059 ], [ -5.2163, 34.2994 ], [ -5.2285, 34.3029 ], [ -5.2266, 34.2936 ], [ -5.2308, 34.2897 ], [ -5.2257, 34.28 ], [ -5.2329, 34.2781 ], [ -5.2407, 34.2824 ], [ -5.2428, 34.2785 ], [ -5.2446, 34.2875 ], [ -5.2574, 34.2805 ], [ -5.2553, 34.2752 ], [ -5.2717, 34.2756 ], [ -5.2726, 34.2703 ], [ -5.2817, 34.2663 ], [ -5.2883, 34.2666 ], [ -5.2876, 34.2766 ], [ -5.2908, 34.2759 ], [ -5.2916, 34.2685 ], [ -5.2957, 34.2659 ], [ -5.3062, 34.2651 ], [ -5.3166, 34.2741 ], [ -5.3133, 34.2809 ], [ -5.3152, 34.2817 ], [ -5.3258, 34.2704 ], [ -5.3263, 34.2612 ], [ -5.3505, 34.2583 ], [ -5.3554, 34.2537 ], [ -5.3628, 34.2577 ], [ -5.3612, 34.2675 ], [ -5.3748, 34.2664 ], [ -5.3805, 34.2745 ], [ -5.398, 34.2622 ], [ -5.409, 34.2677 ], [ -5.4073, 34.2769 ], [ -5.4182, 34.2678 ], [ -5.4317, 34.2723 ], [ -5.4299, 34.2617 ], [ -5.4191, 34.2571 ], [ -5.4163, 34.2523 ], [ -5.4179, 34.2472 ], [ -5.4103, 34.2435 ], [ -5.4102, 34.2404 ], [ -5.4047, 34.2413 ], [ -5.4094, 34.2374 ], [ -5.4036, 34.2373 ], [ -5.4035, 34.2345 ], [ -5.3977, 34.239 ], [ -5.3939, 34.2354 ], [ -5.393, 34.2281 ], [ -5.3845, 34.2317 ], [ -5.3869, 34.2287 ], [ -5.3811, 34.2262 ], [ -5.3865, 34.2224 ], [ -5.3833, 34.2197 ], [ -5.3729, 34.2188 ], [ -5.3708, 34.2137 ], [ -5.3638, 34.2132 ], [ -5.3609, 34.2161 ], [ -5.3559, 34.2138 ], [ -5.3541, 34.2122 ], [ -5.3573, 34.209 ], [ -5.3524, 34.2094 ], [ -5.3517, 34.2035 ], [ -5.347, 34.207 ], [ -5.3457, 34.1957 ], [ -5.3382, 34.1904 ], [ -5.3449, 34.1907 ], [ -5.3418, 34.1831 ], [ -5.3359, 34.1809 ], [ -5.3401, 34.18 ], [ -5.3365, 34.1772 ], [ -5.3387, 34.177 ], [ -5.3365, 34.1744 ], [ -5.3385, 34.1685 ], [ -5.3398, 34.1741 ], [ -5.3455, 34.1756 ], [ -5.353, 34.1709 ], [ -5.3498, 34.1672 ], [ -5.3525, 34.1611 ], [ -5.3478, 34.1587 ], [ -5.3444, 34.1507 ], [ -5.3368, 34.148 ], [ -5.3417, 34.144 ], [ -5.3367, 34.1436 ], [ -5.3387, 34.1412 ], [ -5.3356, 34.1349 ], [ -5.3423, 34.1196 ], [ -5.3388, 34.1111 ], [ -5.3551, 34.0999 ], [ -5.3518, 34.0893 ], [ -5.3371, 34.0878 ], [ -5.3391, 34.0804 ], [ -5.3308, 34.0667 ], [ -5.3084, 34.0682 ], [ -5.2768, 34.0803 ], [ -5.2751, 34.09 ], [ -5.2794, 34.1054 ], [ -5.2696, 34.1098 ], [ -5.2556, 34.1106 ], [ -5.2307, 34.0959 ], [ -5.2427, 34.0785 ], [ -5.2405, 34.0599 ], [ -5.2537, 34.0502 ], [ -5.2336, 34.0496 ], [ -5.2332, 34.0297 ], [ -5.2003, 34.0061 ], [ -5.1957, 33.995 ], [ -5.1882, 33.9975 ], [ -5.184, 33.9913 ], [ -5.1882, 33.9803 ], [ -5.1553, 33.9513 ], [ -5.1512, 33.9373 ], [ -5.1384, 33.9193 ], [ -5.1312, 33.9229 ], [ -5.1256, 33.9183 ], [ -5.0846, 33.9128 ], [ -5.0726, 33.919 ], [ -5.0551, 33.915 ], [ -5.0323, 33.9196 ], [ -4.9817, 33.902 ], [ -4.995, 33.9231 ], [ -5.0056, 33.9673 ], [ -5.0042, 33.984 ], [ -5.0191, 33.9892 ], [ -5.0217, 33.989 ], [ -5.0223, 33.9812 ], [ -5.0456, 33.9864 ], [ -5.0459, 33.9808 ], [ -5.0524, 33.9764 ], [ -5.065, 33.9863 ], [ -5.0694, 33.9939 ], [ -5.0706, 34.0033 ], [ -5.0651, 34.0072 ], [ -5.0705, 34.0133 ], [ -5.0689, 34.0161 ], [ -5.0778, 34.0209 ], [ -5.0776, 34.0265 ], [ -5.0636, 34.0352 ], [ -5.0634, 34.043 ], [ -5.0543, 34.0454 ], [ -5.0577, 34.0567 ], [ -5.0444, 34.0649 ], [ -5.0153, 34.0741 ], [ -4.9831, 34.075 ], [ -4.9701, 34.0691 ], [ -4.9587, 34.0729 ], [ -4.9493, 34.0647 ], [ -4.9395, 34.0745 ], [ -4.9417, 34.0653 ], [ -4.9377, 34.0541 ], [ -4.941, 34.0441 ], [ -4.9317, 34.0478 ], [ -4.9116, 34.0492 ], [ -4.8784, 34.0377 ], [ -4.8567, 34.0357 ], [ -4.8493, 34.0279 ], [ -4.8299, 34.0199 ], [ -4.817, 34.0241 ] ] ] } },
{ "type": "Feature", "properties": { "iso3": "MAR", "unit_id": "98779951B1829047818007", "unit_name": "Province de Sefrou" }, "geometry": { "type": "Polygon", "coordinates": [ [ [ -4.9817, 33.902 ], [ -5.0323, 33.9196 ], [ -5.0551, 33.915 ], [ -5.0726, 33.919 ], [ -5.0846, 33.9128 ], [ -5.1256, 33.9183 ], [ -5.1312, 33.9229 ], [ -5.1362, 33.9054 ], [ -5.1351, 33.8849 ], [ -5.0923, 33.8778 ], [ -5.0944, 33.8454 ], [ -5.0898, 33.834 ], [ -5.0631, 33.8285 ], [ -5.0599, 33.8233 ], [ -5.0793, 33.8088 ], [ -5.0939, 33.8086 ], [ -5.1574, 33.7613 ], [ -5.1601, 33.7582 ], [ -5.1587, 33.7323 ], [ -5.1482, 33.7183 ], [ -5.1104, 33.7095 ], [ -5.0863, 33.6875 ], [ -5.0607, 33.6761 ], [ -5.0471, 33.6585 ], [ -4.9914, 33.6583 ], [ -4.97, 33.6552 ], [ -4.9097, 33.6101 ], [ -4.8908, 33.5877 ], [ -4.8602, 33.5128 ], [ -4.8166, 33.5158 ], [ -4.7785, 33.5288 ], [ -4.7527, 33.5538 ], [ -4.7275, 33.5444 ], [ -4.7025, 33.5468 ], [ -4.6771, 33.6255 ], [ -4.6629, 33.6196 ], [ -4.6387, 33.5972 ], [ -4.6115, 33.6001 ], [ -4.5637, 33.6441 ], [ -4.5385, 33.6474 ], [ -4.5156, 33.6423 ], [ -4.5253, 33.6037 ], [ -4.5165, 33.5802 ], [ -4.49, 33.5632 ], [ -4.487, 33.5577 ], [ -4.4421, 33.5419 ], [ -4.4194, 33.5297 ], [ -4.4002, 33.5428 ], [ -4.3875, 33.5414 ], [ -4.3765, 33.5443 ], [ -4.3013, 33.5217 ], [ -4.2838, 33.5313 ], [ -4.2775, 33.5699 ], [ -4.2773, 33.6025 ], [ -4.2878, 33.6311 ], [ -4.2324, 33.6083 ], [ -4.1231, 33.6638 ], [ -4.0878, 33.6636 ], [ -4.0801, 33.675 ], [ -4.1207, 33.688 ], [ -4.1521, 33.7274 ], [ -4.1552, 33.7628 ], [ -4.1704, 33.7823 ], [ -4.1929, 33.8354 ], [ -4.219, 33.8558 ], [ -4.2178, 33.8726 ], [ -4.1732, 33.903 ], [ -4.1765, 33.9129 ], [ -4.1927, 33.9198 ], [ -4.2521, 33.9054 ], [ -4.3169, 33.8644 ], [ -4.36, 33.8849 ], [ -4.3631, 33.8909 ], [ -4.3877, 33.8939 ], [ -4.3881, 33.8845 ], [ -4.4117, 33.886 ], [ -4.4185, 33.8981 ], [ -4.439, 33.9029 ], [ -4.4447, 33.9085 ], [ -4.4657, 33.8967 ], [ -4.4789, 33.8936 ], [ -4.5289, 33.9251 ], [ -4.5831, 33.9463 ], [ -4.5567, 33.9901 ], [ -4.567, 34.0172 ], [ -4.5649, 34.032 ], [ -4.5584, 34.0391 ], [ -4.5635, 34.0424 ], [ -4.5767, 34.0435 ], [ -4.6039, 34.0392 ], [ -4.6356, 34.0436 ], [ -4.6641, 34.0431 ], [ -4.6977, 34.0528 ], [ -4.7558, 34.0829 ], [ -4.7814, 34.0693 ], [ -4.7835, 34.0628 ], [ -4.8016, 34.0533 ], [ -4.8038, 34.0449 ], [ -4.798, 34.0396 ], [ -4.8113, 34.0352 ], [ -4.817, 34.0241 ], [ -4.8101, 34.0112 ], [ -4.8016, 34.0133 ], [ -4.8026, 34.009 ], [ -4.791, 33.9987 ], [ -4.7902, 33.9932 ], [ -4.7981, 33.9875 ], [ -4.7982, 33.9807 ], [ -4.8012, 33.9816 ], [ -4.8034, 33.9767 ], [ -4.808, 33.9761 ], [ -4.8198, 33.9534 ], [ -4.8814, 33.944 ], [ -4.887, 33.9317 ], [ -4.9066, 33.9296 ], [ -4.9265, 33.91 ], [ -4.9226, 33.9033 ], [ -4.925, 33.8894 ], [ -4.9345, 33.8762 ], [ -4.9299, 33.8731 ], [ -4.9517, 33.8632 ], [ -4.9416, 33.8526 ], [ -4.9474, 33.8461 ], [ -4.9643, 33.8479 ], [ -4.9635, 33.8706 ], [ -4.9576, 33.8867 ], [ -4.9559, 33.9022 ], [ -4.9817, 33.902 ] ] ] } },
{ "type": "Feature", "properties": { "iso3": "MAR", "unit_id": "98779951B71369975133713", "unit_name": "Province de Taounate" }, "geometry": { "type": "Polygon", "coordinates": [ [ [ -4.7558, 34.0829 ], [ -4.6977, 34.0528 ], [ -4.6641, 34.0431 ], [ -4.6356, 34.0436 ], [ -4.6039, 34.0392 ], [ -4.5767, 34.0435 ], [ -4.5635, 34.0424 ], [ -4.5585, 34.0481 ], [ -4.5628, 34.049 ], [ -4.5691, 34.0712 ], [ -4.5806, 34.0701 ], [ -4.5924, 34.1037 ], [ -4.5737, 34.1042 ], [ -4.5704, 34.1122 ], [ -4.5626, 34.1127 ], [ -4.5535, 34.1198 ], [ -4.5315, 34.1186 ], [ -4.5352, 34.1361 ], [ -4.5322, 34.139 ], [ -4.5255, 34.1315 ], [ -4.5226, 34.1329 ], [ -4.5241, 34.1376 ], [ -4.5212, 34.1407 ], [ -4.5104, 34.1323 ], [ -4.5068, 34.1379 ], [ -4.4961, 34.1385 ], [ -4.4934, 34.1462 ], [ -4.478, 34.1521 ], [ -4.4768, 34.1437 ], [ -4.4705, 34.1402 ], [ -4.4693, 34.1492 ], [ -4.4639, 34.1525 ], [ -4.4606, 34.1523 ], [ -4.4611, 34.1461 ], [ -4.4575, 34.1456 ], [ -4.4514, 34.1521 ], [ -4.4415, 34.1452 ], [ -4.4396, 34.1471 ], [ -4.4475, 34.1578 ], [ -4.442, 34.1615 ], [ -4.4335, 34.1567 ], [ -4.4272, 34.1583 ], [ -4.4253, 34.1525 ], [ -4.4135, 34.1527 ], [ -4.4064, 34.1618 ], [ -4.4012, 34.163 ], [ -4.3979, 34.1705 ], [ -4.4012, 34.1859 ], [ -4.3913, 34.1864 ], [ -4.3805, 34.1998 ], [ -4.3745, 34.1965 ], [ -4.3672, 34.2076 ], [ -4.3415, 34.2266 ], [ -4.3134, 34.2388 ], [ -4.3129, 34.2429 ], [ -4.3197, 34.2518 ], [ -4.3526, 34.2747 ], [ -4.3787, 34.2818 ], [ -4.393, 34.2776 ], [ -4.3975, 34.2891 ], [ -4.4022, 34.2929 ], [ -4.4311, 34.3022 ], [ -4.4656, 34.2918 ], [ -4.4582, 34.3178 ], [ -4.4597, 34.3302 ], [ -4.4358, 34.343 ], [ -4.457, 34.4257 ], [ -4.4483, 34.4394 ], [ -4.444, 34.4678 ], [ -4.4264, 34.4726 ], [ -4.3869, 34.5098 ], [ -4.3908, 34.5171 ], [ -4.3892, 34.5266 ], [ -4.3422, 34.5343 ], [ -4.3272, 34.5465 ], [ -4.3255, 34.5667 ], [ -4.3413, 34.6092 ], [ -4.3186, 34.613 ], [ -4.303, 34.6079 ], [ -4.2841, 34.6072 ], [ -4.2767, 34.609 ], [ -4.2731, 34.6137 ], [ -4.2673, 34.6132 ], [ -4.2668, 34.6084 ], [ -4.2393, 34.6047 ], [ -4.2295, 34.6067 ], [ -4.2298, 34.6138 ], [ -4.2116, 34.6124 ], [ -4.2026, 34.6174 ], [ -4.2011, 34.6229 ], [ -4.1872, 34.6267 ], [ -4.1364, 34.6087 ], [ -4.0817, 34.6168 ], [ -4.0916, 34.6333 ], [ -4.1089, 34.6509 ], [ -4.1155, 34.67 ], [ -4.1106, 34.6903 ], [ -4.1448, 34.7285 ], [ -4.1434, 34.744 ], [ -4.1548, 34.7579 ], [ -4.1706, 34.7514 ], [ -4.2118, 34.7672 ], [ -4.2481, 34.8067 ], [ -4.3044, 34.7618 ], [ -4.2936, 34.7515 ], [ -4.2974, 34.7393 ], [ -4.3124, 34.7319 ], [ -4.315, 34.7227 ], [ -4.3426, 34.7112 ], [ -4.3544, 34.7125 ], [ -4.3808, 34.7057 ], [ -4.4162, 34.7108 ], [ -4.421, 34.6917 ], [ -4.4311, 34.6837 ], [ -4.4369, 34.6719 ], [ -4.4341, 34.668 ], [ -4.4927, 34.6922 ], [ -4.5057, 34.7011 ], [ -4.5188, 34.6974 ], [ -4.5408, 34.7017 ], [ -4.573, 34.6827 ], [ -4.5778, 34.6996 ], [ -4.5885, 34.7151 ], [ -4.6278, 34.7237 ], [ -4.6591, 34.7231 ], [ -4.6663, 34.7186 ], [ -4.7239, 34.719 ], [ -4.7784, 34.7503 ], [ -4.7875, 34.7728 ], [ -4.7876, 34.8014 ], [ -4.7922, 34.8235 ], [ -4.7906, 34.8428 ], [ -4.807, 34.835 ], [ -4.863, 34.8252 ], [ -4.8749, 34.8256 ], [ -4.8849, 34.8333 ], [ -4.9082, 34.8236 ], [ -4.9211, 34.8145 ], [ -4.9509, 34.8077 ], [ -4.9755, 34.7942 ], [ -4.9778, 34.7903 ], [ -4.9874, 34.7936 ], [ -5.0174, 34.7915 ], [ -5.0148, 34.7978 ], [ -5.0208, 34.8008 ], [ -5.08, 34.7824 ], [ -5.0839, 34.7746 ], [ -5.0902, 34.7798 ], [ -5.1121, 34.7763 ], [ -5.1246, 34.7674 ], [ -5.1449, 34.7653 ], [ -5.1811, 34.739 ], [ -5.1852, 34.72 ], [ -5.1819, 34.7091 ], [ -5.1856, 34.7063 ], [ -5.1808, 34.6926 ], [ -5.1852, 34.6861 ], [ -5.1887, 34.6697 ], [ -5.1831, 34.6592 ], [ -5.1806, 34.6143 ], [ -5.1821, 34.6069 ], [ -5.1962, 34.5973 ], [ -5.1826, 34.5939 ], [ -5.1814, 34.5904 ], [ -5.1977, 34.5584 ], [ -5.2586, 34.556 ], [ -5.2671, 34.5421 ], [ -5.2644, 34.5366 ], [ -5.2562, 34.5325 ], [ -5.2808, 34.5148 ], [ -5.3152, 34.5159 ], [ -5.3315, 34.5035 ], [ -5.3425, 34.4884 ], [ -5.3446, 34.4828 ], [ -5.3352, 34.4805 ], [ -5.3455, 34.4686 ], [ -5.3406, 34.4632 ], [ -5.3436, 34.4557 ], [ -5.3607, 34.4408 ], [ -5.3717, 34.4378 ], [ -5.3796, 34.44 ], [ -5.3897, 34.4264 ], [ -5.3939, 34.4135 ], [ -5.4172, 34.4018 ], [ -5.4556, 34.3942 ], [ -5.4701, 34.3827 ], [ -5.4956, 34.3709 ], [ -5.5067, 34.3714 ], [ -5.51, 34.3765 ], [ -5.5154, 34.378 ], [ -5.5289, 34.3755 ], [ -5.5327, 34.3623 ], [ -5.5187, 34.3646 ], [ -5.5201, 34.3597 ], [ -5.5171, 34.3565 ], [ -5.4931, 34.3441 ], [ -5.4924, 34.3404 ], [ -5.5007, 34.338 ], [ -5.5044, 34.3331 ], [ -5.5048, 34.3238 ], [ -5.5003, 34.3186 ], [ -5.4877, 34.3133 ], [ -5.488, 34.3219 ], [ -5.4824, 34.3259 ], [ -5.4719, 34.3136 ], [ -5.4629, 34.3191 ], [ -5.4595, 34.3104 ], [ -5.443, 34.3008 ], [ -5.4474, 34.2979 ], [ -5.4461, 34.2933 ], [ -5.4412, 34.2928 ], [ -5.4387, 34.2798 ], [ -5.4286, 34.2699 ], [ -5.4182, 34.2678 ], [ -5.4073, 34.2769 ], [ -5.409, 34.2677 ], [ -5.398, 34.2622 ], [ -5.3805, 34.2745 ], [ -5.3748, 34.2664 ], [ -5.3612, 34.2675 ], [ -5.3628, 34.2577 ], [ -5.3554, 34.2537 ], [ -5.3505, 34.2583 ], [ -5.3263, 34.2612 ], [ -5.3258, 34.2704 ], [ -5.3152, 34.2817 ], [ -5.3133, 34.2809 ], [ -5.3166, 34.2741 ], [ -5.3062, 34.2651 ], [ -5.2957, 34.2659 ], [ -5.2916, 34.2685 ], [ -5.2908, 34.2759 ], [ -5.2876, 34.2766 ], [ -5.2883, 34.2666 ], [ -5.2726, 34.2703 ], [ -5.2717, 34.2756 ], [ -5.2553, 34.2752 ], [ -5.2574, 34.2805 ], [ -5.2446, 34.2875 ], [ -5.2428, 34.2785 ], [ -5.2407, 34.2824 ], [ -5.2329, 34.2781 ], [ -5.2257, 34.28 ], [ -5.2308, 34.2897 ], [ -5.2266, 34.2936 ], [ -5.2285, 34.3029 ], [ -5.2163, 34.2994 ], [ -5.211, 34.3059 ], [ -5.1983, 34.3085 ], [ -5.1883, 34.3187 ], [ -5.1824, 34.311 ], [ -5.1784, 34.3147 ], [ -5.1608, 34.312 ], [ -5.1545, 34.3023 ], [ -5.1509, 34.3024 ], [ -5.1456, 34.3097 ], [ -5.1333, 34.3066 ], [ -5.1343, 34.2984 ], [ -5.1248, 34.2986 ], [ -5.1092, 34.2898 ], [ -5.1222, 34.28 ], [ -5.1128, 34.277 ], [ -5.1044, 34.2668 ], [ -5.0981, 34.2684 ], [ -5.0921, 34.2755 ], [ -5.0979, 34.2854 ], [ -5.0879, 34.2943 ], [ -5.07, 34.2966 ], [ -5.0659, 34.2899 ], [ -5.0647, 34.2782 ], [ -5.0488, 34.2864 ], [ -5.046, 34.2886 ], [ -5.052, 34.3029 ], [ -5.037, 34.2988 ], [ -5.0286, 34.292 ], [ -5.0099, 34.2945 ], [ -5.01, 34.2843 ], [ -5.0041, 34.2842 ], [ -4.9996, 34.2919 ], [ -4.996, 34.2923 ], [ -4.996, 34.2865 ], [ -4.9923, 34.2858 ], [ -4.9598, 34.2907 ], [ -4.9586, 34.2848 ], [ -4.94, 34.2776 ], [ -4.9457, 34.2686 ], [ -4.9528, 34.2667 ], [ -4.9574, 34.2612 ], [ -4.9513, 34.2538 ], [ -4.9396, 34.2609 ], [ -4.9358, 34.2467 ], [ -4.9285, 34.2466 ], [ -4.9243, 34.2569 ], [ -4.9142, 34.2625 ], [ -4.8936, 34.2585 ], [ -4.8879, 34.2542 ], [ -4.8895, 34.2475 ], [ -4.906, 34.2435 ], [ -4.905, 34.2301 ], [ -4.9119, 34.2279 ], [ -4.9094, 34.2224 ], [ -4.895, 34.2229 ], [ -4.8883, 34.2182 ], [ -4.8891, 34.2146 ], [ -4.9001, 34.2084 ], [ -4.9005, 34.2061 ], [ -4.8919, 34.202 ], [ -4.8825, 34.2041 ], [ -4.8823, 34.2109 ], [ -4.8616, 34.2149 ], [ -4.8563, 34.2223 ], [ -4.8419, 34.2275 ], [ -4.8379, 34.2304 ], [ -4.8373, 34.2391 ], [ -4.8199, 34.2273 ], [ -4.8231, 34.2224 ], [ -4.8221, 34.2161 ], [ -4.8355, 34.2052 ], [ -4.8165, 34.206 ], [ -4.8002, 34.1995 ], [ -4.8021, 34.1819 ], [ -4.7848, 34.171 ], [ -4.7639, 34.1655 ], [ -4.7578, 34.1468 ], [ -4.7606, 34.1199 ], [ -4.7484, 34.0927 ], [ -4.7558, 34.0829 ] ] ] } },
{ "type": "Feature", "properties": { "iso3": "MAR", "unit_id": "98779951B65450250908485", "unit_name": "Province de Taza" }, "geometry": { "type": "Polygon", "coordinates": [ [ [ -4.1034, 33.6824 ], [ -4.0096, 33.7197 ], [ -3.9894, 33.7202 ], [ -3.9594, 33.7345 ], [ -3.9684, 33.7693 ], [ -3.9661, 33.7806 ], [ -3.9758, 33.7821 ], [ -3.9549, 33.8103 ], [ -3.9277, 33.8317 ], [ -3.9059, 33.8747 ], [ -3.9018, 33.8924 ], [ -3.9114, 33.9169 ], [ -3.9066, 33.9217 ], [ -3.8924, 33.9729 ], [ -3.8856, 33.9731 ], [ -3.8772, 33.9834 ], [ -3.8703, 33.9817 ], [ -3.8663, 33.9845 ], [ -3.8668, 33.9898 ], [ -3.8249, 34.0078 ], [ -3.8459, 34.0221 ], [ -3.8525, 34.0232 ], [ -3.8529, 34.0295 ], [ -3.8415, 34.0546 ], [ -3.8377, 34.0725 ], [ -3.8371, 34.102 ], [ -3.8304, 34.1176 ], [ -3.8382, 34.1272 ], [ -3.8319, 34.1361 ], [ -3.8314, 34.1526 ], [ -3.8155, 34.2099 ], [ -3.8281, 34.2134 ], [ -3.8394, 34.2109 ], [ -3.853, 34.2169 ], [ -3.8957, 34.2252 ], [ -3.8915, 34.2292 ], [ -3.8842, 34.2273 ], [ -3.878, 34.2314 ], [ -3.8889, 34.2411 ], [ -3.8832, 34.2501 ], [ -3.8887, 34.2596 ], [ -3.9084, 34.2603 ], [ -3.9144, 34.2729 ], [ -3.9095, 34.2749 ], [ -3.9095, 34.2837 ], [ -3.9172, 34.3013 ], [ -3.9061, 34.3065 ], [ -3.8947, 34.3066 ], [ -3.8875, 34.3019 ], [ -3.8625, 34.307 ], [ -3.8497, 34.3168 ], [ -3.8342, 34.338 ], [ -3.8437, 34.3431 ], [ -3.8443, 34.3562 ], [ -3.8402, 34.3686 ], [ -3.8432, 34.3714 ], [ -3.8492, 34.3661 ], [ -3.8595, 34.3711 ], [ -3.8384, 34.394 ], [ -3.8445, 34.395 ], [ -3.8459, 34.4046 ], [ -3.8345, 34.4131 ], [ -3.8558, 34.4114 ], [ -3.8412, 34.4404 ], [ -3.8509, 34.4461 ], [ -3.8435, 34.456 ], [ -3.7956, 34.4751 ], [ -3.796, 34.479 ], [ -3.7759, 34.4985 ], [ -3.7619, 34.53 ], [ -3.7536, 34.5328 ], [ -3.7545, 34.5412 ], [ -3.7458, 34.5467 ], [ -3.7553, 34.5541 ], [ -3.7573, 34.5615 ], [ -3.7692, 34.575 ], [ -3.7582, 34.5907 ], [ -3.7701, 34.609 ], [ -3.7735, 34.6199 ], [ -3.7716, 34.6223 ], [ -3.7524, 34.6175 ], [ -3.743, 34.6201 ], [ -3.7342, 34.6262 ], [ -3.7325, 34.635 ], [ -3.7235, 34.64 ], [ -3.7184, 34.6386 ], [ -3.7161, 34.6303 ], [ -3.6931, 34.6245 ], [ -3.6696, 34.6246 ], [ -3.641, 34.6332 ], [ -3.6424, 34.6585 ], [ -3.6343, 34.6738 ], [ -3.615, 34.69 ], [ -3.5914, 34.7013 ], [ -3.6126, 34.7225 ], [ -3.6197, 34.741 ], [ -3.593, 34.7891 ], [ -3.593, 34.8304 ], [ -3.6046, 34.8437 ], [ -3.6268, 34.8483 ], [ -3.6685, 34.8459 ], [ -3.6953, 34.848 ], [ -3.7522, 34.843 ], [ -3.7636, 34.8618 ], [ -3.7598, 34.8814 ], [ -3.7701, 34.8873 ], [ -3.7923, 34.8818 ], [ -3.8201, 34.8875 ], [ -3.8295, 34.8682 ], [ -3.9042, 34.8502 ], [ -3.9195, 34.8516 ], [ -3.9289, 34.8463 ], [ -3.928, 34.8414 ], [ -3.934, 34.8419 ], [ -3.9359, 34.8392 ], [ -3.9416, 34.8404 ], [ -4.0137, 34.8237 ], [ -4.0344, 34.8261 ], [ -4.059, 34.798 ], [ -4.0994, 34.7642 ], [ -4.1434, 34.744 ], [ -4.1448, 34.7285 ], [ -4.1106, 34.6903 ], [ -4.1155, 34.67 ], [ -4.1089, 34.6509 ], [ -4.0916, 34.6333 ], [ -4.0817, 34.6168 ], [ -4.1364, 34.6087 ], [ -4.1872, 34.6267 ], [ -4.2011, 34.6229 ], [ -4.2026, 34.6174 ], [ -4.2116, 34.6124 ], [ -4.2298, 34.6138 ], [ -4.2295, 34.6067 ], [ -4.2393, 34.6047 ], [ -4.2668, 34.6084 ], [ -4.2673, 34.6132 ], [ -4.2731, 34.6137 ], [ -4.2767, 34.609 ], [ -4.2841, 34.6072 ], [ -4.303, 34.6079 ], [ -4.3186, 34.613 ], [ -4.3413, 34.6092 ], [ -4.3255, 34.5667 ], [ -4.3272, 34.5465 ], [ -4.3422, 34.5343 ], [ -4.3892, 34.5266 ], [ -4.3908, 34.5171 ], [ -4.3869, 34.5098 ], [ -4.4264, 34.4726 ], [ -4.444, 34.4678 ], [ -4.4483, 34.4394 ], [ -4.457, 34.4257 ], [ -4.4358, 34.343 ], [ -4.4597, 34.3302 ], [ -4.4582, 34.3178 ], [ -4.4656, 34.2918 ], [ -4.4311, 34.3022 ], [ -4.4022, 34.2929 ], [ -4.3975, 34.2891 ], [ -4.393, 34.2776 ], [ -4.3787, 34.2818 ], [ -4.3526, 34.2747 ], [ -4.3197, 34.2518 ], [ -4.3129, 34.2429 ], [ -4.3134, 34.2388 ], [ -4.3415, 34.2266 ], [ -4.3672, 34.2076 ], [ -4.3745, 34.1965 ], [ -4.3805, 34.1998 ], [ -4.3913, 34.1864 ], [ -4.4012, 34.1859 ], [ -4.3979, 34.1705 ], [ -4.4012, 34.163 ], [ -4.4064, 34.1618 ], [ -4.4135, 34.1527 ], [ -4.4253, 34.1525 ], [ -4.4272, 34.1583 ], [ -4.4335, 34.1567 ], [ -4.442, 34.1615 ], [ -4.4475, 34.1578 ], [ -4.4396, 34.1471 ], [ -4.4415, 34.1452 ], [ -4.4514, 34.1521 ], [ -4.4575, 34.1456 ], [ -4.4611, 34.1461 ], [ -4.4606, 34.1523 ], [ -4.4639, 34.1525 ], [ -4.4693, 34.1492 ], [ -4.4705, 34.1402 ], [ -4.4768, 34.1437 ], [ -4.478, 34.1521 ], [ -4.4934, 34.1462 ], [ -4.4961, 34.1385 ], [ -4.5068, 34.1379 ], [ -4.5104, 34.1323 ], [ -4.5212, 34.1407 ], [ -4.5241, 34.1376 ], [ -4.5226, 34.1329 ], [ -4.5255, 34.1315 ], [ -4.5322, 34.139 ], [ -4.5352, 34.1361 ], [ -4.5315, 34.1186 ], [ -4.5535, 34.1198 ], [ -4.5626, 34.1127 ], [ -4.5704, 34.1122 ], [ -4.5737, 34.1042 ], [ -4.5924, 34.1037 ], [ -4.5806, 34.0701 ], [ -4.5691, 34.0712 ], [ -4.5628, 34.049 ], [ -4.5585, 34.0481 ], [ -4.5635, 34.0424 ], [ -4.5584, 34.0391 ], [ -4.5649, 34.032 ], [ -4.567, 34.0172 ], [ -4.5567, 33.9901 ], [ -4.5831, 33.9463 ], [ -4.5289, 33.9251 ], [ -4.4789, 33.8936 ], [ -4.4657, 33.8967 ], [ -4.4447, 33.9085 ], [ -4.439, 33.9029 ], [ -4.4185, 33.8981 ], [ -4.4117, 33.886 ], [ -4.3881, 33.8845 ], [ -4.3877, 33.8939 ], [ -4.3631, 33.8909 ], [ -4.36, 33.8849 ], [ -4.3169, 33.8644 ], [ -4.2521, 33.9054 ], [ -4.1927, 33.9198 ], [ -4.1765, 33.9129 ], [ -4.1732, 33.903 ], [ -4.2178, 33.8726 ], [ -4.219, 33.8558 ], [ -4.1929, 33.8354 ], [ -4.1704, 33.7823 ], [ -4.1552, 33.7628 ], [ -4.1521, 33.7274 ], [ -4.1207, 33.688 ], [ -4.1034, 33.6824 ] ] ] } },
{ "type": "Feature", "properties": { "iso3": "MAR", "unit_id": "98779951B53783542167253", "unit_name": "Assa Zag Province" }, "geometry": { "type": "Polygon", "coordinates": [ [ [ -8.9705, 28.645 ], [ -8.995, 28.644 ], [ -9.043, 28.6607 ], [ -9.1199, 28.6783 ], [ -9.1712, 28.6937 ], [ -9.2692, 28.7789 ], [ -9.3263, 28.8138 ], [ -9.3367, 28.7943 ], [ -9.3727, 28.7565 ], [ -9.4279, 28.7324 ], [ -9.5268, 28.712 ], [ -9.5567, 28.6999 ], [ -9.605, 28.6902 ], [ -9.6292, 28.6822 ], [ -9.7062, 28.645 ], [ -9.7675, 28.6059 ], [ -9.7852, 28.6009 ], [ -9.8753, 28.5578 ], [ -9.956, 28.5254 ], [ -9.9968, 28.5217 ], [ -10.0352, 28.5119 ], [ -10.0706, 28.5075 ], [ -10.1149, 28.4959 ], [ -10.21, 28.4622 ], [ -10.371, 28.4563 ], [ -10.4267, 28.4584 ], [ -10.4497, 28.4989 ], [ -10.4777, 28.5905 ], [ -10.4858, 28.6039 ], [ -10.5046, 28.6136 ], [ -10.5295, 28.6061 ], [ -10.5606, 28.5836 ], [ -10.7087, 28.5248 ], [ -10.7189, 28.4695 ], [ -10.7314, 28.4355 ], [ -10.7406, 28.4229 ], [ -10.6297, 28.4069 ], [ -10.5903, 28.3905 ], [ -10.5403, 28.3828 ], [ -10.5172, 28.3564 ], [ -10.4507, 28.298 ], [ -10.4235, 28.2676 ], [ -10.4023, 28.2287 ], [ -10.3775, 28.1683 ], [ -10.3664, 28.131 ], [ -10.3523, 28.0993 ], [ -10.3439, 28.0553 ], [ -10.323, 27.9857 ], [ -10.2981, 27.9373 ], [ -10.2729, 27.919 ], [ -10.2416, 27.885 ], [ -10.2123, 27.7991 ], [ -10.1371, 27.714 ], [ -10.1115, 27.7006 ], [ -10.092, 27.7105 ], [ -10.0583, 27.7098 ], [ -10.0404, 27.6877 ], [ -10.029, 27.6669 ], [ -8.6667, 27.662 ], [ -8.6689, 28.3111 ], [ -8.7721, 28.4207 ], [ -8.8832, 28.5449 ], [ -8.9183, 28.5982 ], [ -8.9705, 28.645 ] ] ] } },
{ "type": "Feature", "properties": { "iso3": "MAR", "unit_id": "98779951B70676161163513", "unit_name": "Guelmim Province" }, "geometry": { "type": "Polygon", "coordinates": [ [ [ -8.9705, 28.645 ], [ -8.9678, 28.6619 ], [ -8.9732, 28.6856 ], [ -9.0012, 28.714 ], [ -9.066, 28.7175 ], [ -9.1344, 28.7268 ], [ -9.1798, 28.7797 ], [ -9.206, 28.7954 ], [ -9.2021, 28.8429 ], [ -9.1811, 28.854 ], [ -9.2156, 28.8598 ], [ -9.2265, 28.8954 ], [ -9.2377, 28.9407 ], [ -9.2229, 28.9566 ], [ -9.2243, 28.9774 ], [ -9.2493, 28.9858 ], [ -9.234, 29.0269 ], [ -9.2344, 29.0421 ], [ -9.2458, 29.0707 ], [ -9.1758, 29.0907 ], [ -9.2091, 29.0525 ], [ -9.206, 29.0417 ], [ -9.1954, 29.0378 ], [ -9.1461, 29.0714 ], [ -9.1384, 29.0822 ], [ -9.1611, 29.1037 ], [ -9.1599, 29.1114 ], [ -9.129, 29.1291 ], [ -9.0856, 29.162 ], [ -9.0856, 29.1849 ], [ -9.0958, 29.2184 ], [ -9.1102, 29.2362 ], [ -9.1113, 29.2438 ], [ -9.1203, 29.2486 ], [ -9.1396, 29.2672 ], [ -9.1696, 29.3596 ], [ -9.1987, 29.3311 ], [ -9.214, 29.3253 ], [ -9.2804, 29.3307 ], [ -9.3004, 29.3373 ], [ -9.3437, 29.2848 ], [ -9.3741, 29.2685 ], [ -9.4013, 29.2664 ], [ -9.4232, 29.2806 ], [ -9.4336, 29.2915 ], [ -9.4485, 29.2993 ], [ -9.4464, 29.307 ], [ -9.4626, 29.318 ], [ -9.4815, 29.3134 ], [ -9.5209, 29.3176 ], [ -9.5162, 29.2919 ], [ -9.5266, 29.252 ], [ -9.5646, 29.2371 ], [ -9.6133, 29.2276 ], [ -9.6529, 29.2332 ], [ -9.6713, 29.2483 ], [ -9.6948, 29.2933 ], [ -9.6963, 29.3164 ], [ -9.716, 29.3148 ], [ -9.7341, 29.2999 ], [ -9.7576, 29.3038 ], [ -9.7632, 29.2969 ], [ -9.7575, 29.2867 ], [ -9.7688, 29.2642 ], [ -9.7761, 29.2548 ], [ -9.7943, 29.247 ], [ -9.8038, 29.2344 ], [ -9.7902, 29.1782 ], [ -9.7818, 29.1624 ], [ -9.8104, 29.1689 ], [ -9.8308, 29.1661 ], [ -9.8316, 29.1131 ], [ -9.9037, 29.1514 ], [ -9.9564, 29.1703 ], [ -9.9647, 29.1496 ], [ -9.9853, 29.1423 ], [ -10.0235, 29.1372 ], [ -10.0987, 29.0729 ], [ -10.088, 29.0462 ], [ -10.1551, 29.0286 ], [ -10.1663, 29.0483 ], [ -10.1801, 29.0455 ], [ -10.2051, 29.0551 ], [ -10.1913, 29.0799 ], [ -10.1963, 29.0828 ], [ -10.2183, 29.1142 ], [ -10.2343, 29.1064 ], [ -10.2413, 29.1064 ], [ -10.2501, 29.1079 ], [ -10.2506, 29.1158 ], [ -10.2584, 29.1205 ], [ -10.2897, 29.1215 ], [ -10.3099, 29.1115 ], [ -10.3378, 29.0896 ], [ -10.3559, 29.1108 ], [ -10.4086, 29.1355 ], [ -10.4202, 29.1319 ], [ -10.424, 29.1286 ], [ -10.4252, 29.1204 ], [ -10.4376, 29.105 ], [ -10.4403, 29.096 ], [ -10.4575, 29.0853 ], [ -10.4671, 29.0698 ], [ -10.4792, 29.0612 ], [ -10.4836, 29.0534 ], [ -10.504, 29.037 ], [ -10.5065, 29.0316 ], [ -10.5317, 29.0139 ], [ -10.6206, 28.9613 ], [ -10.7035, 28.9172 ], [ -10.8443, 28.8484 ], [ -10.9743, 28.7912 ], [ -11.0101, 28.7716 ], [ -11.0449, 28.7605 ], [ -11.0735, 28.7424 ], [ -11.0747, 28.7319 ], [ -11.0905, 28.7144 ], [ -11.0951, 28.7043 ], [ -11.1246, 28.6818 ], [ -11.1117, 28.6664 ], [ -11.0827, 28.6118 ], [ -11.0752, 28.571 ], [ -11.0565, 28.5568 ], [ -11.0049, 28.5321 ], [ -10.9673, 28.544 ], [ -10.9511, 28.5394 ], [ -10.9543, 28.5284 ], [ -10.9146, 28.5138 ], [ -10.8852, 28.4918 ], [ -10.8398, 28.4489 ], [ -10.8048, 28.4455 ], [ -10.7406, 28.4229 ], [ -10.7314, 28.4355 ], [ -10.7189, 28.4695 ], [ -10.7087, 28.5248 ], [ -10.5606, 28.5836 ], [ -10.5295, 28.6061 ], [ -10.5046, 28.6136 ], [ -10.4858, 28.6039 ], [ -10.4777, 28.5905 ], [ -10.4497, 28.4989 ], [ -10.4267, 28.4584 ], [ -10.371, 28.4563 ], [ -10.21, 28.4622 ], [ -10.1149, 28.4959 ], [ -10.0706, 28.5075 ], [ -10.0352, 28.5119 ], [ -9.9968, 28.5217 ], [ -9.956, 28.5254 ], [ -9.8753, 28.5578 ], [ -9.7852, 28.6009 ], [ -9.7675, 28.6059 ], [ -9.7062, 28.645 ], [ -9.6292, 28.6822 ], [ -9.605, 28.6902 ], [ -9.5567, 28.6999 ], [ -9.5268, 28.712 ], [ -9.4279, 28.7324 ], [ -9.3727, 28.7565 ], [ -9.3367, 28.7943 ], [ -9.3263, 28.8138 ], [ -9.2692, 28.7789 ], [ -9.1712, 28.6937 ], [ -9.1199, 28.6783 ], [ -9.043, 28.6607 ], [ -8.995, 28.644 ], [ -8.9705, 28.645 ] ] ] } },
{ "type": "Feature", "properties": { "iso3": "MAR", "unit_id": "98779951B9650688006107", "unit_name": "Province de Tan Tan" }, "geometry": { "type": "Polygon", "coordinates": [ [ [ -10.7406, 28.4229 ], [ -10.8048, 28.4455 ], [ -10.8398, 28.4489 ], [ -10.8852, 28.4918 ], [ -10.9146, 28.5138 ], [ -10.9543, 28.5284 ], [ -10.9511, 28.5394 ], [ -10.9673, 28.544 ], [ -11.0049, 28.5321 ], [ -11.0565, 28.5568 ], [ -11.0752, 28.571 ], [ -11.0827, 28.6118 ], [ -11.1117, 28.6664 ], [ -11.1246, 28.6818 ], [ -11.1381, 28.6735 ], [ -11.1694, 28.6417 ], [ -11.2125, 28.6147 ], [ -11.2398, 28.5798 ], [ -11.2707, 28.5528 ], [ -11.3197, 28.5184 ], [ -11.3453, 28.4881 ], [ -11.3527, 28.4828 ], [ -11.3576, 28.4837 ], [ -11.3534, 28.4802 ], [ -11.3586, 28.4738 ], [ -11.351, 28.4804 ], [ -11.3483, 28.4784 ], [ -11.3534, 28.4749 ], [ -11.3537, 28.4668 ], [ -11.3676, 28.4526 ], [ -11.3819, 28.4465 ], [ -11.4068, 28.4052 ], [ -11.4188, 28.3934 ], [ -11.4265, 28.3907 ], [ -11.4325, 28.3811 ], [ -11.4425, 28.3768 ], [ -11.4521, 28.3493 ], [ -11.4642, 28.3372 ], [ -11.4924, 28.323 ], [ -11.5062, 28.31 ], [ -11.5365, 28.296 ], [ -11.6183, 28.2651 ], [ -11.6782, 28.2496 ], [ -11.7433, 28.2281 ], [ -11.7681, 28.2191 ], [ -11.7819, 28.2096 ], [ -11.7722, 28.1814 ], [ -11.7429, 28.1477 ], [ -11.7116, 28.1235 ], [ -11.699, 28.0588 ], [ -11.6656, 27.9922 ], [ -11.6362, 27.9522 ], [ -11.5851, 27.8659 ], [ -11.5514, 27.8362 ], [ -11.4854, 27.8071 ], [ -11.4052, 27.8043 ], [ -11.3609, 27.7961 ], [ -11.2282, 27.7584 ], [ -11.1898, 27.7384 ], [ -11.0417, 27.7535 ], [ -10.927, 27.761 ], [ -10.9015, 27.7575 ], [ -10.8706, 27.7739 ], [ -10.7864, 27.7864 ], [ -10.7534, 27.7827 ], [ -10.7187, 27.7679 ], [ -10.6337, 27.7809 ], [ -10.4777, 27.794 ], [ -10.4164, 27.8048 ], [ -10.3054, 27.8125 ], [ -10.2758, 27.8139 ], [ -10.2123, 27.7991 ], [ -10.2416, 27.885 ], [ -10.2729, 27.919 ], [ -10.2981, 27.9373 ], [ -10.323, 27.9857 ], [ -10.3439, 28.0553 ], [ -10.3523, 28.0993 ], [ -10.4023, 28.2287 ], [ -10.4235, 28.2676 ], [ -10.4507, 28.298 ], [ -10.5172, 28.3564 ], [ -10.5403, 28.3828 ], [ -10.5903, 28.3905 ], [ -10.6297, 28.4069 ], [ -10.7406, 28.4229 ] ] ] } },
{ "type": "Feature", "properties": { "iso3": "MAR", "unit_id": "98779951B53933257687145", "unit_name": "Sidi Ifni Province" }, "geometry": { "type": "Polygon", "coordinates": [ [ [ -9.1696, 29.3596 ], [ -9.1578, 29.3858 ], [ -9.2061, 29.4321 ], [ -9.21, 29.4457 ], [ -9.2174, 29.4535 ], [ -9.2473, 29.4761 ], [ -9.2684, 29.4876 ], [ -9.2783, 29.4979 ], [ -9.3043, 29.4987 ], [ -9.3125, 29.5063 ], [ -9.3289, 29.5087 ], [ -9.3417, 29.5026 ], [ -9.3523, 29.5044 ], [ -9.3671, 29.5014 ], [ -9.3845, 29.4644 ], [ -9.3997, 29.4645 ], [ -9.4065, 29.4515 ], [ -9.4097, 29.461 ], [ -9.4206, 29.4563 ], [ -9.4191, 29.4424 ], [ -9.4255, 29.4319 ], [ -9.4447, 29.446 ], [ -9.4595, 29.448 ], [ -9.4794, 29.4412 ], [ -9.4905, 29.4597 ], [ -9.5003, 29.4225 ], [ -9.5283, 29.4347 ], [ -9.5269, 29.4486 ], [ -9.5434, 29.4558 ], [ -9.5624, 29.4868 ], [ -9.5863, 29.4779 ], [ -9.5883, 29.4537 ], [ -9.5919, 29.4411 ], [ -9.5969, 29.4364 ], [ -9.6147, 29.4369 ], [ -9.6214, 29.4406 ], [ -9.6239, 29.4483 ], [ -9.6393, 29.4658 ], [ -9.6459, 29.4696 ], [ -9.6531, 29.4685 ], [ -9.6416, 29.4572 ], [ -9.6384, 29.4332 ], [ -9.6327, 29.426 ], [ -9.6395, 29.4143 ], [ -9.641, 29.4063 ], [ -9.6384, 29.4026 ], [ -9.6559, 29.4043 ], [ -9.6599, 29.3999 ], [ -9.6619, 29.4166 ], [ -9.6572, 29.4318 ], [ -9.6688, 29.4409 ], [ -9.6813, 29.4409 ], [ -9.699, 29.4498 ], [ -9.7074, 29.4473 ], [ -9.7111, 29.4669 ], [ -9.7305, 29.4681 ], [ -9.7319, 29.464 ], [ -9.7378, 29.4655 ], [ -9.7444, 29.4537 ], [ -9.7729, 29.4435 ], [ -9.7832, 29.4284 ], [ -9.8121, 29.4226 ], [ -9.8301, 29.4239 ], [ -9.8463, 29.4208 ], [ -9.8624, 29.4283 ], [ -9.8719, 29.4389 ], [ -9.8807, 29.4371 ], [ -9.8855, 29.4416 ], [ -9.8849, 29.4581 ], [ -9.8947, 29.4706 ], [ -9.9045, 29.4723 ], [ -9.9142, 29.4814 ], [ -9.9059, 29.4953 ], [ -9.8929, 29.5052 ], [ -9.8839, 29.5325 ], [ -9.8892, 29.5585 ], [ -9.9027, 29.5373 ], [ -9.9309, 29.5363 ], [ -9.9662, 29.5163 ], [ -9.9931, 29.5069 ], [ -10.0026, 29.5372 ], [ -9.9916, 29.5526 ], [ -9.9931, 29.5621 ], [ -9.9887, 29.579 ], [ -9.9994, 29.5876 ], [ -9.9928, 29.6009 ], [ -10.0033, 29.618 ], [ -10.0054, 29.6298 ], [ -10.0098, 29.6306 ], [ -10.025, 29.6157 ], [ -10.024, 29.611 ], [ -10.031, 29.6056 ], [ -10.0296, 29.6029 ], [ -10.0337, 29.5955 ], [ -10.048, 29.5864 ], [ -10.0478, 29.5776 ], [ -10.0545, 29.5726 ], [ -10.0535, 29.5673 ], [ -10.0589, 29.565 ], [ -10.0577, 29.5536 ], [ -10.065, 29.5467 ], [ -10.0652, 29.5392 ], [ -10.0724, 29.5335 ], [ -10.0701, 29.5176 ], [ -10.0768, 29.5095 ], [ -10.0781, 29.5006 ], [ -10.0996, 29.4807 ], [ -10.1084, 29.4587 ], [ -10.1212, 29.4399 ], [ -10.1377, 29.427 ], [ -10.1713, 29.3914 ], [ -10.1924, 29.3636 ], [ -10.1963, 29.3629 ], [ -10.2009, 29.3573 ], [ -10.1954, 29.3623 ], [ -10.1912, 29.3619 ], [ -10.193, 29.3561 ], [ -10.1958, 29.3577 ], [ -10.1948, 29.3509 ], [ -10.2071, 29.3357 ], [ -10.2166, 29.3122 ], [ -10.2512, 29.2844 ], [ -10.2955, 29.2627 ], [ -10.2966, 29.2587 ], [ -10.3143, 29.2433 ], [ -10.3284, 29.2358 ], [ -10.3381, 29.226 ], [ -10.3431, 29.2156 ], [ -10.3817, 29.1801 ], [ -10.3956, 29.1596 ], [ -10.4022, 29.1554 ], [ -10.4043, 29.1461 ], [ -10.4202, 29.1319 ], [ -10.4086, 29.1355 ], [ -10.3559, 29.1108 ], [ -10.3378, 29.0896 ], [ -10.3099, 29.1115 ], [ -10.2897, 29.1215 ], [ -10.2584, 29.1205 ], [ -10.2506, 29.1158 ], [ -10.2501, 29.1079 ], [ -10.2413, 29.1064 ], [ -10.2343, 29.1064 ], [ -10.2183, 29.1142 ], [ -10.1963, 29.0828 ], [ -10.1913, 29.0799 ], [ -10.2051, 29.0551 ], [ -10.1801, 29.0455 ], [ -10.1663, 29.0483 ], [ -10.1551, 29.0286 ], [ -10.088, 29.0462 ], [ -10.0987, 29.0729 ], [ -10.0235, 29.1372 ], [ -9.9853, 29.1423 ], [ -9.9647, 29.1496 ], [ -9.9564, 29.1703 ], [ -9.9037, 29.1514 ], [ -9.8316, 29.1131 ], [ -9.8308, 29.1661 ], [ -9.8104, 29.1689 ], [ -9.7818, 29.1624 ], [ -9.7902, 29.1782 ], [ -9.8038, 29.2344 ], [ -9.7943, 29.247 ], [ -9.7761, 29.2548 ], [ -9.7688, 29.2642 ], [ -9.7575, 29.2867 ], [ -9.7632, 29.2969 ], [ -9.7576, 29.3038 ], [ -9.7341, 29.2999 ], [ -9.716, 29.3148 ], [ -9.6963, 29.3164 ], [ -9.6948, 29.2933 ], [ -9.6713, 29.2483 ], [ -9.6529, 29.2332 ], [ -9.6133, 29.2276 ], [ -9.5646, 29.2371 ], [ -9.5266, 29.252 ], [ -9.5162, 29.2919 ], [ -9.5209, 29.3176 ], [ -9.4815, 29.3134 ], [ -9.4626, 29.318 ], [ -9.4464, 29.307 ], [ -9.4485, 29.2993 ], [ -9.4336, 29.2915 ], [ -9.4232, 29.2806 ], [ -9.4013, 29.2664 ], [ -9.3741, 29.2685 ], [ -9.3437, 29.2848 ], [ -9.3004, 29.3373 ], [ -9.2804, 29.3307 ], [ -9.214, 29.3253 ], [ -9.1987, 29.3311 ], [ -9.1696, 29.3596 ] ] ] } },
{ "type": "Feature", "properties": { "iso3": "MAR", "unit_id": "98779951B76576905011567", "unit_name": "Al Haouz Province" }, "geometry": { "type": "Polygon", "coordinates": [ [ [ -7.3177, 31.6813 ], [ -7.3322, 31.683 ], [ -7.3451, 31.6784 ], [ -7.3597, 31.6936 ], [ -7.3675, 31.6884 ], [ -7.3627, 31.6774 ], [ -7.3746, 31.673 ], [ -7.3846, 31.6781 ], [ -7.3919, 31.6757 ], [ -7.4125, 31.678 ], [ -7.4412, 31.661 ], [ -7.459, 31.6595 ], [ -7.4648, 31.6459 ], [ -7.4662, 31.6313 ], [ -7.4814, 31.632 ], [ -7.4947, 31.6426 ], [ -7.4979, 31.6368 ], [ -7.5429, 31.6282 ], [ -7.57, 31.6187 ], [ -7.5797, 31.6264 ], [ -7.6068, 31.6191 ], [ -7.6174, 31.6393 ], [ -7.6392, 31.6618 ], [ -7.6803, 31.6599 ], [ -7.736, 31.6703 ], [ -7.7447, 31.5688 ], [ -7.7885, 31.5781 ], [ -7.7939, 31.5816 ], [ -7.798, 31.5784 ], [ -7.7948, 31.5711 ], [ -7.8193, 31.5692 ], [ -7.8234, 31.5767 ], [ -7.842, 31.5736 ], [ -7.8658, 31.5772 ], [ -7.8995, 31.591 ], [ -7.9042, 31.5875 ], [ -7.8847, 31.554 ], [ -7.8891, 31.5442 ], [ -7.8988, 31.5469 ], [ -7.9028, 31.5576 ], [ -7.8993, 31.5713 ], [ -7.9033, 31.5724 ], [ -7.9205, 31.5542 ], [ -7.9237, 31.537 ], [ -7.912, 31.5166 ], [ -7.915, 31.5052 ], [ -7.9136, 31.4902 ], [ -7.979, 31.5029 ], [ -7.9845, 31.5216 ], [ -8.0362, 31.532 ], [ -8.0454, 31.549 ], [ -8.0486, 31.5457 ], [ -8.0468, 31.5379 ], [ -8.0551, 31.5434 ], [ -8.0621, 31.5247 ], [ -8.0945, 31.5517 ], [ -8.1072, 31.5419 ], [ -8.1338, 31.5316 ], [ -8.1448, 31.5345 ], [ -8.1822, 31.5044 ], [ -8.1733, 31.495 ], [ -8.1604, 31.4953 ], [ -8.1508, 31.4894 ], [ -8.134, 31.4355 ], [ -8.1471, 31.4332 ], [ -8.1556, 31.4396 ], [ -8.1657, 31.4315 ], [ -8.1758, 31.4175 ], [ -8.2046, 31.4098 ], [ -8.2189, 31.3957 ], [ -8.2271, 31.3735 ], [ -8.2341, 31.3782 ], [ -8.2507, 31.3758 ], [ -8.2618, 31.3633 ], [ -8.2904, 31.3559 ], [ -8.3226, 31.3342 ], [ -8.3343, 31.3157 ], [ -8.353, 31.3101 ], [ -8.3665, 31.3115 ], [ -8.3752, 31.3212 ], [ -8.3866, 31.325 ], [ -8.4166, 31.3156 ], [ -8.4395, 31.3364 ], [ -8.4328, 31.3123 ], [ -8.4173, 31.3073 ], [ -8.4076, 31.2858 ], [ -8.4064, 31.2473 ], [ -8.4239, 31.2032 ], [ -8.449, 31.1792 ], [ -8.4195, 31.1661 ], [ -8.4287, 31.13 ], [ -8.4111, 31.0903 ], [ -8.4243, 31.0684 ], [ -8.4228, 31.046 ], [ -8.4464, 31.0058 ], [ -8.4469, 30.9886 ], [ -8.4534, 30.9668 ], [ -8.4688, 30.9544 ], [ -8.5226, 30.9582 ], [ -8.5802, 30.9503 ], [ -8.6347, 30.9535 ], [ -8.6301, 30.9477 ], [ -8.6055, 30.9414 ], [ -8.5993, 30.9337 ], [ -8.6036, 30.9216 ], [ -8.6528, 30.9122 ], [ -8.6614, 30.9015 ], [ -8.6465, 30.8884 ], [ -8.6043, 30.8806 ], [ -8.5685, 30.8822 ], [ -8.5384, 30.8739 ], [ -8.5092, 30.8701 ], [ -8.4841, 30.8714 ], [ -8.4475, 30.8643 ], [ -8.4141, 30.8722 ], [ -8.4053, 30.871 ], [ -8.3966, 30.8646 ], [ -8.365, 30.8633 ], [ -8.349, 30.8648 ], [ -8.3224, 30.8767 ], [ -8.2503, 30.8896 ], [ -8.2216, 30.9142 ], [ -8.1362, 30.9388 ], [ -8.1078, 30.9281 ], [ -8.0599, 30.9252 ], [ -8.0146, 30.9089 ], [ -7.9785, 30.9224 ], [ -7.9633, 30.9365 ], [ -7.947, 30.9598 ], [ -7.9283, 31.0079 ], [ -7.9271, 31.0319 ], [ -7.9163, 31.0368 ], [ -7.9031, 31.0803 ], [ -7.8869, 31.1068 ], [ -7.8097, 31.1453 ], [ -7.8249, 31.1666 ], [ -7.7933, 31.1543 ], [ -7.7835, 31.1626 ], [ -7.7698, 31.1429 ], [ -7.7122, 31.1313 ], [ -7.7003, 31.1438 ], [ -7.6969, 31.1626 ], [ -7.6787, 31.1739 ], [ -7.6625, 31.178 ], [ -7.6501, 31.1914 ], [ -7.5991, 31.209 ], [ -7.5873, 31.2294 ], [ -7.5841, 31.2451 ], [ -7.4988, 31.2508 ], [ -7.4778, 31.2704 ], [ -7.4472, 31.2771 ], [ -7.4361, 31.2842 ], [ -7.4358, 31.2913 ], [ -7.3865, 31.2867 ], [ -7.3517, 31.2955 ], [ -7.2528, 31.3489 ], [ -7.2339, 31.3747 ], [ -7.2392, 31.3927 ], [ -7.2179, 31.4139 ], [ -7.1845, 31.429 ], [ -7.1821, 31.442 ], [ -7.1736, 31.4538 ], [ -7.1705, 31.4669 ], [ -7.1571, 31.4675 ], [ -7.1486, 31.4825 ], [ -7.1396, 31.5291 ], [ -7.1308, 31.5368 ], [ -7.1341, 31.5577 ], [ -7.1935, 31.5595 ], [ -7.2089, 31.5774 ], [ -7.2222, 31.6085 ], [ -7.2637, 31.6215 ], [ -7.2679, 31.6327 ], [ -7.2631, 31.6625 ], [ -7.2697, 31.6733 ], [ -7.3167, 31.6703 ], [ -7.3177, 31.6813 ] ] ] } },
{ "type": "Feature", "properties": { "iso3": "MAR", "unit_id": "98779951B52607807716407", "unit_name": "Chichaoua Province" }, "geometry": { "type": "Polygon", "coordinates": [ [ [ -8.2618, 31.3633 ], [ -8.2656, 31.3876 ], [ -8.265, 31.4099 ], [ -8.2695, 31.4218 ], [ -8.2828, 31.4354 ], [ -8.2831, 31.4513 ], [ -8.2925, 31.4813 ], [ -8.3392, 31.5169 ], [ -8.3642, 31.5289 ], [ -8.3807, 31.5323 ], [ -8.4122, 31.5323 ], [ -8.4088, 31.5412 ], [ -8.4143, 31.5538 ], [ -8.414, 31.5624 ], [ -8.4022, 31.5714 ], [ -8.3859, 31.5718 ], [ -8.3809, 31.5828 ], [ -8.3862, 31.5921 ], [ -8.3822, 31.6032 ], [ -8.4029, 31.6119 ], [ -8.3996, 31.6257 ], [ -8.4026, 31.6287 ], [ -8.4242, 31.6317 ], [ -8.426, 31.6475 ], [ -8.404, 31.6529 ], [ -8.381, 31.6783 ], [ -8.3664, 31.6845 ], [ -8.3915, 31.7053 ], [ -8.409, 31.7301 ], [ -8.4151, 31.7247 ], [ -8.4237, 31.7304 ], [ -8.4301, 31.7299 ], [ -8.4345, 31.7211 ], [ -8.4386, 31.7201 ], [ -8.4513, 31.7255 ], [ -8.4722, 31.7227 ], [ -8.4726, 31.7262 ], [ -8.48, 31.7316 ], [ -8.4868, 31.7349 ], [ -8.4944, 31.7343 ], [ -8.5095, 31.727 ], [ -8.5227, 31.7286 ], [ -8.5246, 31.7224 ], [ -8.5295, 31.722 ], [ -8.5344, 31.716 ], [ -8.5509, 31.7211 ], [ -8.5787, 31.723 ], [ -8.5863, 31.7328 ], [ -8.5978, 31.7242 ], [ -8.6157, 31.7245 ], [ -8.6205, 31.7303 ], [ -8.6229, 31.7455 ], [ -8.6439, 31.7504 ], [ -8.6521, 31.748 ], [ -8.6588, 31.7542 ], [ -8.6726, 31.7504 ], [ -8.6836, 31.7557 ], [ -8.7007, 31.753 ], [ -8.7059, 31.7494 ], [ -8.7193, 31.7557 ], [ -8.7233, 31.7518 ], [ -8.7384, 31.7495 ], [ -8.748, 31.7408 ], [ -8.7578, 31.7449 ], [ -8.7746, 31.7401 ], [ -8.7816, 31.7459 ], [ -8.7831, 31.7514 ], [ -8.793, 31.7572 ], [ -8.805, 31.7545 ], [ -8.81, 31.7438 ], [ -8.8193, 31.7384 ], [ -8.8163, 31.725 ], [ -8.819, 31.7215 ], [ -8.8238, 31.7226 ], [ -8.8363, 31.7404 ], [ -8.8438, 31.7375 ], [ -8.8469, 31.7242 ], [ -8.8534, 31.721 ], [ -8.8633, 31.7259 ], [ -8.8587, 31.7332 ], [ -8.8615, 31.7393 ], [ -8.8681, 31.7393 ], [ -8.8764, 31.7332 ], [ -8.8861, 31.7334 ], [ -8.896, 31.7381 ], [ -8.89, 31.7453 ], [ -8.8948, 31.7482 ], [ -8.9043, 31.7445 ], [ -8.9081, 31.7368 ], [ -8.9179, 31.7348 ], [ -8.9229, 31.7398 ], [ -8.9232, 31.7449 ], [ -8.9188, 31.747 ], [ -8.9184, 31.7512 ], [ -8.9307, 31.7665 ], [ -8.9352, 31.7669 ], [ -8.9412, 31.7575 ], [ -8.9492, 31.754 ], [ -8.9563, 31.757 ], [ -8.9609, 31.7689 ], [ -8.9715, 31.7686 ], [ -8.9822, 31.7809 ], [ -8.9856, 31.7683 ], [ -8.9796, 31.7359 ], [ -8.9725, 31.718 ], [ -8.9726, 31.6922 ], [ -8.9764, 31.6767 ], [ -9.0012, 31.6633 ], [ -9.0204, 31.6705 ], [ -9.0293, 31.6655 ], [ -9.0355, 31.6686 ], [ -9.0472, 31.6621 ], [ -9.0693, 31.6581 ], [ -9.0748, 31.6631 ], [ -9.0798, 31.6602 ], [ -9.0773, 31.6513 ], [ -9.0919, 31.6449 ], [ -9.0985, 31.6328 ], [ -9.1219, 31.613 ], [ -9.1319, 31.6005 ], [ -9.1718, 31.526 ], [ -9.1841, 31.486 ], [ -9.1797, 31.4713 ], [ -9.1661, 31.4574 ], [ -9.1465, 31.4251 ], [ -9.1432, 31.4104 ], [ -9.1528, 31.3654 ], [ -9.1868, 31.3591 ], [ -9.1964, 31.3729 ], [ -9.2158, 31.3695 ], [ -9.2104, 31.3572 ], [ -9.2516, 31.3555 ], [ -9.2843, 31.3464 ], [ -9.2977, 31.3227 ], [ -9.2779, 31.2902 ], [ -9.2735, 31.2761 ], [ -9.2751, 31.2541 ], [ -9.2654, 31.2508 ], [ -9.2637, 31.2446 ], [ -9.2642, 31.2134 ], [ -9.2806, 31.2104 ], [ -9.2839, 31.2035 ], [ -9.2754, 31.1753 ], [ -9.2912, 31.1514 ], [ -9.263, 31.1319 ], [ -9.3208, 31.1291 ], [ -9.324, 31.1115 ], [ -9.318, 31.1056 ], [ -9.3172, 31.0955 ], [ -9.3213, 31.0862 ], [ -9.3129, 31.0618 ], [ -9.2984, 31.049 ], [ -9.2538, 31.0315 ], [ -9.2349, 31.0422 ], [ -9.2147, 31.0351 ], [ -9.2008, 31.0143 ], [ -9.1814, 31.0005 ], [ -9.1439, 30.9629 ], [ -9.1043, 30.9165 ], [ -9.1652, 30.9298 ], [ -9.1684, 30.8277 ], [ -9.1516, 30.8219 ], [ -9.1329, 30.8279 ], [ -9.078, 30.8265 ], [ -9.0212, 30.8193 ], [ -8.9969, 30.8254 ], [ -8.9919, 30.8736 ], [ -8.9861, 30.8901 ], [ -8.9548, 30.9044 ], [ -8.9164, 30.9149 ], [ -8.8415, 30.9683 ], [ -8.8262, 30.9749 ], [ -8.8192, 30.9735 ], [ -8.8058, 30.9635 ], [ -8.7914, 30.9418 ], [ -8.7821, 30.9374 ], [ -8.7879, 30.9267 ], [ -8.7752, 30.9178 ], [ -8.77, 30.8988 ], [ -8.7612, 30.8887 ], [ -8.7645, 30.8728 ], [ -8.7602, 30.8379 ], [ -8.7418, 30.8107 ], [ -8.7282, 30.814 ], [ -8.7254, 30.8194 ], [ -8.7248, 30.8387 ], [ -8.7275, 30.8563 ], [ -8.7061, 30.866 ], [ -8.6695, 30.8979 ], [ -8.6614, 30.9015 ], [ -8.6528, 30.9122 ], [ -8.6036, 30.9216 ], [ -8.5993, 30.9337 ], [ -8.6055, 30.9414 ], [ -8.6301, 30.9477 ], [ -8.6347, 30.9535 ], [ -8.5802, 30.9503 ], [ -8.5226, 30.9582 ], [ -8.4688, 30.9544 ], [ -8.4534, 30.9668 ], [ -8.4469, 30.9886 ], [ -8.4464, 31.0058 ], [ -8.4228, 31.046 ], [ -8.4243, 31.0684 ], [ -8.4111, 31.0903 ], [ -8.4287, 31.13 ], [ -8.4195, 31.1661 ], [ -8.449, 31.1792 ], [ -8.4239, 31.2032 ], [ -8.4064, 31.2473 ], [ -8.4076, 31.2858 ], [ -8.4173, 31.3073 ], [ -8.4328, 31.3123 ], [ -8.4395, 31.3364 ], [ -8.4166, 31.3156 ], [ -8.3866, 31.325 ], [ -8.3752, 31.3212 ], [ -8.3665, 31.3115 ], [ -8.353, 31.3101 ], [ -8.3343, 31.3157 ], [ -8.3226, 31.3342 ], [ -8.2904, 31.3559 ], [ -8.2618, 31.3633 ] ] ] } },
{ "type": "Feature", "properties": { "iso3": "MAR", "unit_id": "98779951B46966148409777", "unit_name": "Essaouira Province" }, "geometry": { "type": "Polygon", "coordinates": [ [ [ -8.9822, 31.7809 ], [ -8.9909, 31.7829 ], [ -9.0011, 31.7761 ], [ -9.0042, 31.777 ], [ -9.011, 31.7924 ], [ -9.002, 31.7984 ], [ -9.0113, 31.8006 ], [ -9.0175, 31.7965 ], [ -9.0198, 31.7907 ], [ -9.0282, 31.7937 ], [ -9.0291, 31.7996 ], [ -9.0243, 31.8032 ], [ -9.0266, 31.8096 ], [ -9.0346, 31.8121 ], [ -9.0424, 31.8205 ], [ -9.0276, 31.8352 ], [ -9.0167, 31.8609 ], [ -9.0183, 31.8806 ], [ -9.0299, 31.9081 ], [ -9.104, 31.9009 ], [ -9.1214, 31.8911 ], [ -9.1556, 31.9179 ], [ -9.1906, 31.9402 ], [ -9.2137, 31.924 ], [ -9.226, 31.9009 ], [ -9.2533, 31.8949 ], [ -9.2625, 31.889 ], [ -9.3098, 31.8892 ], [ -9.3243, 31.8823 ], [ -9.3367, 31.8619 ], [ -9.3495, 31.8645 ], [ -9.3705, 31.8756 ], [ -9.383, 31.8856 ], [ -9.3917, 31.9053 ], [ -9.408, 31.8858 ], [ -9.4159, 31.8871 ], [ -9.4181, 31.9045 ], [ -9.4254, 31.9067 ], [ -9.4372, 31.9024 ], [ -9.4611, 31.922 ], [ -9.4955, 31.8832 ], [ -9.5246, 31.8582 ], [ -9.5267, 31.85 ], [ -9.5321, 31.8443 ], [ -9.5842, 31.798 ], [ -9.5862, 31.789 ], [ -9.6481, 31.72 ], [ -9.6761, 31.6986 ], [ -9.6756, 31.6355 ], [ -9.6878, 31.6039 ], [ -9.7354, 31.5438 ], [ -9.7619, 31.5194 ], [ -9.7724, 31.5154 ], [ -9.7754, 31.5058 ], [ -9.774, 31.5098 ], [ -9.7745, 31.5073 ], [ -9.7688, 31.51 ], [ -9.7645, 31.5018 ], [ -9.7666, 31.4949 ], [ -9.7749, 31.4884 ], [ -9.7798, 31.4736 ], [ -9.7985, 31.4465 ], [ -9.8325, 31.4145 ], [ -9.8425, 31.3911 ], [ -9.8325, 31.3856 ], [ -9.8184, 31.3853 ], [ -9.8115, 31.3799 ], [ -9.8028, 31.3672 ], [ -9.7985, 31.3526 ], [ -9.7982, 31.3315 ], [ -9.7949, 31.3285 ], [ -9.8, 31.2783 ], [ -9.8206, 31.234 ], [ -9.8163, 31.2249 ], [ -9.8206, 31.2191 ], [ -9.819, 31.2159 ], [ -9.8237, 31.2119 ], [ -9.8217, 31.1991 ], [ -9.8166, 31.1972 ], [ -9.8162, 31.1901 ], [ -9.8255, 31.1703 ], [ -9.8324, 31.1649 ], [ -9.8298, 31.1641 ], [ -9.8298, 31.1585 ], [ -9.838, 31.1466 ], [ -9.8385, 31.1345 ], [ -9.8341, 31.1262 ], [ -9.8409, 31.1139 ], [ -9.8419, 31.1045 ], [ -9.8393, 31.1008 ], [ -9.8234, 31.0968 ], [ -9.819, 31.0906 ], [ -9.8192, 31.0711 ], [ -9.8248, 31.0585 ], [ -9.817, 31.0523 ], [ -9.8171, 31.0266 ], [ -9.8079, 31.0088 ], [ -9.8149, 30.9901 ], [ -9.823, 30.9798 ], [ -9.8267, 30.9638 ], [ -9.8201, 30.9538 ], [ -9.8179, 30.9381 ], [ -9.7951, 30.9353 ], [ -9.771, 30.9277 ], [ -9.7658, 30.9142 ], [ -9.769, 30.8924 ], [ -9.7669, 30.8843 ], [ -9.7342, 30.8731 ], [ -9.7388, 30.8436 ], [ -9.7156, 30.7914 ], [ -9.6881, 30.7859 ], [ -9.6541, 30.807 ], [ -9.6481, 30.8015 ], [ -9.6386, 30.7999 ], [ -9.6044, 30.8567 ], [ -9.5931, 30.8577 ], [ -9.5812, 30.8431 ], [ -9.5758, 30.8401 ], [ -9.5696, 30.8414 ], [ -9.543, 30.8845 ], [ -9.534, 30.8822 ], [ -9.5388, 30.8676 ], [ -9.5333, 30.8638 ], [ -9.5227, 30.8625 ], [ -9.5122, 30.8694 ], [ -9.493, 30.8575 ], [ -9.4432, 30.8385 ], [ -9.4142, 30.8492 ], [ -9.4064, 30.8615 ], [ -9.3855, 30.866 ], [ -9.3461, 30.8551 ], [ -9.3459, 30.8744 ], [ -9.3352, 30.8882 ], [ -9.2966, 30.8439 ], [ -9.2722, 30.8319 ], [ -9.2465, 30.8024 ], [ -9.1917, 30.8175 ], [ -9.1684, 30.8277 ], [ -9.1652, 30.9298 ], [ -9.1043, 30.9165 ], [ -9.1439, 30.9629 ], [ -9.1814, 31.0005 ], [ -9.2008, 31.0143 ], [ -9.2147, 31.0351 ], [ -9.2349, 31.0422 ], [ -9.2538, 31.0315 ], [ -9.2984, 31.049 ], [ -9.3129, 31.0618 ], [ -9.3213, 31.0862 ], [ -9.3172, 31.0955 ], [ -9.318, 31.1056 ], [ -9.324, 31.1115 ], [ -9.3208, 31.1291 ], [ -9.263, 31.1319 ], [ -9.2912, 31.1514 ], [ -9.2754, 31.1753 ], [ -9.2839, 31.2035 ], [ -9.2806, 31.2104 ], [ -9.2642, 31.2134 ], [ -9.2637, 31.2446 ], [ -9.2654, 31.2508 ], [ -9.2751, 31.2541 ], [ -9.2735, 31.2761 ], [ -9.2779, 31.2902 ], [ -9.2977, 31.3227 ], [ -9.2843, 31.3464 ], [ -9.2516, 31.3555 ], [ -9.2104, 31.3572 ], [ -9.2158, 31.3695 ], [ -9.1964, 31.3729 ], [ -9.1868, 31.3591 ], [ -9.1528, 31.3654 ], [ -9.1432, 31.4104 ], [ -9.1465, 31.4251 ], [ -9.1661, 31.4574 ], [ -9.1797, 31.4713 ], [ -9.1841, 31.486 ], [ -9.1718, 31.526 ], [ -9.1319, 31.6005 ], [ -9.1219, 31.613 ], [ -9.0985, 31.6328 ], [ -9.0919, 31.6449 ], [ -9.0773, 31.6513 ], [ -9.0798, 31.6602 ], [ -9.0748, 31.6631 ], [ -9.0693, 31.6581 ], [ -9.0472, 31.6621 ], [ -9.0355, 31.6686 ], [ -9.0293, 31.6655 ], [ -9.0204, 31.6705 ], [ -9.0012, 31.6633 ], [ -8.9764, 31.6767 ], [ -8.9726, 31.6922 ], [ -8.9725, 31.718 ], [ -8.9796, 31.7359 ], [ -8.9856, 31.7683 ], [ -8.9822, 31.7809 ] ] ] } },
{ "type": "Feature", "properties": { "iso3": "MAR", "unit_id": "98779951B16500633442427", "unit_name": "Prefecture de Marrakech" }, "geometry": { "type": "Polygon", "coordinates": [ [ [ -7.736, 31.6703 ], [ -7.7596, 31.6864 ], [ -7.8045, 31.6781 ], [ -7.8167, 31.6919 ], [ -7.8947, 31.6915 ], [ -7.9044, 31.6888 ], [ -7.9066, 31.695 ], [ -7.896, 31.7061 ], [ -7.9056, 31.7188 ], [ -7.9118, 31.7346 ], [ -7.9329, 31.7275 ], [ -7.9497, 31.7671 ], [ -7.9834, 31.7609 ], [ -7.9852, 31.7445 ], [ -8.0026, 31.7464 ], [ -8.0113, 31.7261 ], [ -8.0249, 31.7362 ], [ -8.0192, 31.7572 ], [ -8.0091, 31.7735 ], [ -8.0091, 31.8281 ], [ -8.033, 31.8779 ], [ -8.0532, 31.8783 ], [ -8.0379, 31.9211 ], [ -8.0504, 31.9638 ], [ -8.0433, 32.021 ], [ -8.0475, 32.0389 ], [ -8.0515, 32.0436 ], [ -8.0733, 32.0507 ], [ -8.0939, 32.0546 ], [ -8.1174, 32.0517 ], [ -8.2078, 32.0544 ], [ -8.235, 32.08 ], [ -8.2454, 32.0719 ], [ -8.2372, 32.064 ], [ -8.233, 32.0522 ], [ -8.2373, 32.0461 ], [ -8.2422, 32.042 ], [ -8.2771, 32.035 ], [ -8.312, 32.0224 ], [ -8.3241, 32.0018 ], [ -8.3408, 31.9832 ], [ -8.364, 31.9421 ], [ -8.3758, 31.9291 ], [ -8.3723, 31.9226 ], [ -8.3787, 31.9071 ], [ -8.3784, 31.8952 ], [ -8.3892, 31.8833 ], [ -8.3987, 31.8649 ], [ -8.4107, 31.8545 ], [ -8.42, 31.8347 ], [ -8.4261, 31.8076 ], [ -8.4066, 31.7771 ], [ -8.4012, 31.7577 ], [ -8.4, 31.7443 ], [ -8.4098, 31.7337 ], [ -8.4085, 31.727 ], [ -8.3915, 31.7053 ], [ -8.3664, 31.6845 ], [ -8.381, 31.6783 ], [ -8.404, 31.6529 ], [ -8.426, 31.6475 ], [ -8.4242, 31.6317 ], [ -8.4026, 31.6287 ], [ -8.3996, 31.6257 ], [ -8.4029, 31.6119 ], [ -8.3822, 31.6032 ], [ -8.3862, 31.5921 ], [ -8.3809, 31.5828 ], [ -8.3859, 31.5718 ], [ -8.4022, 31.5714 ], [ -8.414, 31.5624 ], [ -8.4143, 31.5538 ], [ -8.4088, 31.5412 ], [ -8.4122, 31.5323 ], [ -8.3807, 31.5323 ], [ -8.3642, 31.5289 ], [ -8.3392, 31.5169 ], [ -8.2925, 31.4813 ], [ -8.2831, 31.4513 ], [ -8.2828, 31.4354 ], [ -8.2695, 31.4218 ], [ -8.265, 31.4099 ], [ -8.2656, 31.3876 ], [ -8.2618, 31.3633 ], [ -8.2507, 31.3758 ], [ -8.2341, 31.3782 ], [ -8.2271, 31.3735 ], [ -8.2189, 31.3957 ], [ -8.2046, 31.4098 ], [ -8.1758, 31.4175 ], [ -8.1657, 31.4315 ], [ -8.1556, 31.4396 ], [ -8.1471, 31.4332 ], [ -8.134, 31.4355 ], [ -8.1508, 31.4894 ], [ -8.1604, 31.4953 ], [ -8.1733, 31.495 ], [ -8.1822, 31.5044 ], [ -8.1448, 31.5345 ], [ -8.1338, 31.5316 ], [ -8.1072, 31.5419 ], [ -8.0945, 31.5517 ], [ -8.0621, 31.5247 ], [ -8.0551, 31.5434 ], [ -8.0468, 31.5379 ], [ -8.0486, 31.5457 ], [ -8.0454, 31.549 ], [ -8.0362, 31.532 ], [ -7.9845, 31.5216 ], [ -7.979, 31.5029 ], [ -7.9136, 31.4902 ], [ -7.915, 31.5052 ], [ -7.912, 31.5166 ], [ -7.9237, 31.537 ], [ -7.9205, 31.5542 ], [ -7.9033, 31.5724 ], [ -7.8993, 31.5713 ], [ -7.9028, 31.5576 ], [ -7.8988, 31.5469 ], [ -7.8891, 31.5442 ], [ -7.8847, 31.554 ], [ -7.9042, 31.5875 ], [ -7.8995, 31.591 ], [ -7.8658, 31.5772 ], [ -7.842, 31.5736 ], [ -7.8234, 31.5767 ], [ -7.8193, 31.5692 ], [ -7.7948, 31.5711 ], [ -7.798, 31.5784 ], [ -7.7939, 31.5816 ], [ -7.7885, 31.5781 ], [ -7.7447, 31.5688 ], [ -7.736, 31.6703 ] ] ] } },
{ "type": "Feature", "properties": { "iso3": "MAR", "unit_id": "98779951B98736152537782", "unit_name": "Province d El Kelaat Es Sraghna" }, "geometry": { "type": "Polygon", "coordinates": [ [ [ -7.1105, 32.191 ], [ -7.105, 32.2133 ], [ -7.1162, 32.2319 ], [ -7.1005, 32.3053 ], [ -7.1169, 32.3256 ], [ -7.1223, 32.3236 ], [ -7.126, 32.3146 ], [ -7.129, 32.3148 ], [ -7.1414, 32.324 ], [ -7.1406, 32.331 ], [ -7.1445, 32.3355 ], [ -7.154, 32.3277 ], [ -7.1622, 32.327 ], [ -7.1646, 32.333 ], [ -7.1773, 32.3358 ], [ -7.1887, 32.3295 ], [ -7.1967, 32.3466 ], [ -7.2057, 32.3496 ], [ -7.2214, 32.3674 ], [ -7.2327, 32.3654 ], [ -7.2402, 32.3738 ], [ -7.2568, 32.3736 ], [ -7.2611, 32.3788 ], [ -7.2591, 32.3894 ], [ -7.272, 32.3925 ], [ -7.2829, 32.4024 ], [ -7.2954, 32.4037 ], [ -7.2996, 32.3991 ], [ -7.3091, 32.3976 ], [ -7.3142, 32.4012 ], [ -7.3142, 32.4077 ], [ -7.3188, 32.4115 ], [ -7.3356, 32.4046 ], [ -7.3376, 32.4179 ], [ -7.3425, 32.4257 ], [ -7.3773, 32.4645 ], [ -7.3898, 32.4616 ], [ -7.4143, 32.4465 ], [ -7.4275, 32.4464 ], [ -7.4419, 32.4566 ], [ -7.4663, 32.4578 ], [ -7.4657, 32.4458 ], [ -7.4694, 32.4409 ], [ -7.4815, 32.4422 ], [ -7.4814, 32.4578 ], [ -7.4889, 32.4673 ], [ -7.5018, 32.4683 ], [ -7.5057, 32.4631 ], [ -7.502, 32.4543 ], [ -7.5207, 32.4473 ], [ -7.5457, 32.4457 ], [ -7.5518, 32.453 ], [ -7.5691, 32.4553 ], [ -7.5807, 32.4158 ], [ -7.597, 32.4066 ], [ -7.6306, 32.3683 ], [ -7.6652, 32.3378 ], [ -7.6911, 32.3086 ], [ -7.7275, 32.2892 ], [ -7.7181, 32.2821 ], [ -7.7301, 32.27 ], [ -7.743, 32.2479 ], [ -7.7426, 32.2358 ], [ -7.7506, 32.2123 ], [ -7.7563, 32.2048 ], [ -7.7596, 32.2048 ], [ -7.7628, 32.1939 ], [ -7.7564, 32.1713 ], [ -7.7313, 32.1533 ], [ -7.7189, 32.1292 ], [ -7.7098, 32.1318 ], [ -7.6975, 32.1144 ], [ -7.6982, 32.1027 ], [ -7.6669, 32.0677 ], [ -7.6163, 31.9898 ], [ -7.6129, 31.9909 ], [ -7.6033, 31.9726 ], [ -7.5929, 31.9639 ], [ -7.5861, 31.945 ], [ -7.5745, 31.9333 ], [ -7.5645, 31.9105 ], [ -7.5493, 31.8874 ], [ -7.5479, 31.866 ], [ -7.5608, 31.8577 ], [ -7.5403, 31.8348 ], [ -7.5734, 31.8139 ], [ -7.5574, 31.8138 ], [ -7.5521, 31.8097 ], [ -7.5434, 31.8008 ], [ -7.5419, 31.7926 ], [ -7.536, 31.7846 ], [ -7.5776, 31.7495 ], [ -7.5834, 31.7382 ], [ -7.5793, 31.7309 ], [ -7.5921, 31.7298 ], [ -7.5856, 31.7115 ], [ -7.5893, 31.7059 ], [ -7.5994, 31.7122 ], [ -7.6065, 31.7112 ], [ -7.6103, 31.7025 ], [ -7.5995, 31.6854 ], [ -7.5892, 31.6806 ], [ -7.5855, 31.6709 ], [ -7.5921, 31.6616 ], [ -7.589, 31.6579 ], [ -7.5934, 31.6551 ], [ -7.5899, 31.637 ], [ -7.5702, 31.6311 ], [ -7.5797, 31.6264 ], [ -7.57, 31.6187 ], [ -7.5429, 31.6282 ], [ -7.4979, 31.6368 ], [ -7.4947, 31.6426 ], [ -7.4814, 31.632 ], [ -7.4662, 31.6313 ], [ -7.4648, 31.6459 ], [ -7.459, 31.6595 ], [ -7.4412, 31.661 ], [ -7.4125, 31.678 ], [ -7.3919, 31.6757 ], [ -7.3846, 31.6781 ], [ -7.3746, 31.673 ], [ -7.3627, 31.6774 ], [ -7.3675, 31.6884 ], [ -7.3597, 31.6936 ], [ -7.3451, 31.6784 ], [ -7.3322, 31.683 ], [ -7.3177, 31.6813 ], [ -7.3211, 31.6934 ], [ -7.3026, 31.6953 ], [ -7.3071, 31.7042 ], [ -7.3186, 31.713 ], [ -7.2851, 31.7337 ], [ -7.282, 31.7474 ], [ -7.2738, 31.7477 ], [ -7.2721, 31.7396 ], [ -7.2654, 31.7393 ], [ -7.2635, 31.7507 ], [ -7.2656, 31.7615 ], [ -7.258, 31.7636 ], [ -7.2481, 31.7604 ], [ -7.2418, 31.7638 ], [ -7.2295, 31.7619 ], [ -7.2293, 31.773 ], [ -7.2175, 31.7618 ], [ -7.1979, 31.7622 ], [ -7.1981, 31.7582 ], [ -7.1873, 31.7555 ], [ -7.1844, 31.7509 ], [ -7.1691, 31.7436 ], [ -7.1032, 31.7599 ], [ -7.0489, 31.7607 ], [ -7.0243, 31.7744 ], [ -7.0433, 31.7875 ], [ -7.0335, 31.8213 ], [ -7.036, 31.8258 ], [ -7.0348, 31.8276 ], [ -7.0185, 31.8202 ], [ -7.0021, 31.8213 ], [ -7.008, 31.8286 ], [ -7.0128, 31.8468 ], [ -7.0237, 31.8462 ], [ -7.0205, 31.8607 ], [ -7.0291, 31.8597 ], [ -7.0554, 31.8935 ], [ -7.0516, 31.9043 ], [ -7.0679, 31.9075 ], [ -7.063, 31.941 ], [ -7.0691, 31.9654 ], [ -7.053, 31.9725 ], [ -7.0575, 31.9826 ], [ -7.0817, 31.9968 ], [ -7.0882, 32.0058 ], [ -7.1102, 32.0203 ], [ -7.1174, 32.0459 ], [ -7.1181, 32.0856 ], [ -7.1276, 32.1016 ], [ -7.1309, 32.1291 ], [ -7.1227, 32.1534 ], [ -7.1242, 32.1619 ], [ -7.1105, 32.191 ] ] ] } },
{ "type": "Feature", "properties": { "iso3": "MAR", "unit_id": "98779951B80096281272966", "unit_name": "Province de Safi" }, "geometry": { "type": "Polygon", "coordinates": [ [ [ -9.0593, 32.721 ], [ -9.1259, 32.6583 ], [ -9.2848, 32.5422 ], [ -9.2718, 32.5285 ], [ -9.2711, 32.5163 ], [ -9.2654, 32.5133 ], [ -9.2621, 32.5041 ], [ -9.2477, 32.4954 ], [ -9.2326, 32.4796 ], [ -9.2316, 32.4748 ], [ -9.2334, 32.458 ], [ -9.2476, 32.4259 ], [ -9.249, 32.4164 ], [ -9.2678, 32.3925 ], [ -9.2858, 32.3762 ], [ -9.2905, 32.3625 ], [ -9.282, 32.3479 ], [ -9.2808, 32.3299 ], [ -9.2531, 32.3197 ], [ -9.2452, 32.3015 ], [ -9.253, 32.3115 ], [ -9.2566, 32.3131 ], [ -9.2534, 32.3113 ], [ -9.2498, 32.3051 ], [ -9.2438, 32.3004 ], [ -9.2522, 32.273 ], [ -9.2657, 32.2518 ], [ -9.2531, 32.2278 ], [ -9.2509, 32.2186 ], [ -9.2529, 32.2003 ], [ -9.2636, 32.1719 ], [ -9.2755, 32.1614 ], [ -9.2788, 32.1536 ], [ -9.289, 32.1471 ], [ -9.3223, 32.113 ], [ -9.3195, 32.1034 ], [ -9.3239, 32.0908 ], [ -9.3295, 32.0846 ], [ -9.3295, 32.0666 ], [ -9.3414, 32.052 ], [ -9.3446, 32.0335 ], [ -9.4611, 31.922 ], [ -9.4372, 31.9024 ], [ -9.4254, 31.9067 ], [ -9.4181, 31.9045 ], [ -9.4159, 31.8871 ], [ -9.408, 31.8858 ], [ -9.3917, 31.9053 ], [ -9.383, 31.8856 ], [ -9.3705, 31.8756 ], [ -9.3495, 31.8645 ], [ -9.3367, 31.8619 ], [ -9.3243, 31.8823 ], [ -9.3098, 31.8892 ], [ -9.2625, 31.889 ], [ -9.2533, 31.8949 ], [ -9.226, 31.9009 ], [ -9.2137, 31.924 ], [ -9.1906, 31.9402 ], [ -9.1556, 31.9179 ], [ -9.1214, 31.8911 ], [ -9.104, 31.9009 ], [ -9.0299, 31.9081 ], [ -9.0183, 31.8806 ], [ -9.0167, 31.8609 ], [ -9.0276, 31.8352 ], [ -9.0424, 31.8205 ], [ -9.0346, 31.8121 ], [ -9.0266, 31.8096 ], [ -9.0243, 31.8032 ], [ -9.0291, 31.7996 ], [ -9.0282, 31.7937 ], [ -9.0198, 31.7907 ], [ -9.0175, 31.7965 ], [ -9.0113, 31.8006 ], [ -9.002, 31.7984 ], [ -9.011, 31.7924 ], [ -9.0042, 31.777 ], [ -9.0011, 31.7761 ], [ -8.9909, 31.7829 ], [ -8.9822, 31.7809 ], [ -8.963, 31.8088 ], [ -8.9524, 31.8386 ], [ -8.9555, 31.8421 ], [ -8.9312, 31.864 ], [ -8.9203, 31.8813 ], [ -8.9245, 31.8976 ], [ -8.9427, 31.9058 ], [ -8.9414, 31.9085 ], [ -8.9294, 31.9234 ], [ -8.8969, 31.9283 ], [ -8.8865, 31.9337 ], [ -8.8803, 31.9399 ], [ -8.8805, 31.9466 ], [ -8.8615, 31.9767 ], [ -8.8562, 31.9774 ], [ -8.8468, 31.9851 ], [ -8.8428, 31.9958 ], [ -8.8333, 32.0044 ], [ -8.8298, 32.0142 ], [ -8.8464, 32.0386 ], [ -8.8541, 32.0392 ], [ -8.8551, 32.0456 ], [ -8.8455, 32.0504 ], [ -8.8522, 32.0659 ], [ -8.8364, 32.0713 ], [ -8.8319, 32.0862 ], [ -8.8697, 32.1201 ], [ -8.8507, 32.1513 ], [ -8.8341, 32.1593 ], [ -8.8228, 32.1716 ], [ -8.826, 32.1893 ], [ -8.8246, 32.1957 ], [ -8.8146, 32.2075 ], [ -8.8158, 32.2346 ], [ -8.8011, 32.2381 ], [ -8.7877, 32.2266 ], [ -8.7684, 32.2187 ], [ -8.7618, 32.2198 ], [ -8.7632, 32.231 ], [ -8.7607, 32.2329 ], [ -8.7517, 32.2253 ], [ -8.7386, 32.2303 ], [ -8.7309, 32.2364 ], [ -8.7178, 32.2596 ], [ -8.7061, 32.2578 ], [ -8.6882, 32.2462 ], [ -8.6802, 32.249 ], [ -8.6783, 32.2588 ], [ -8.6357, 32.2676 ], [ -8.622, 32.2733 ], [ -8.6213, 32.2783 ], [ -8.6043, 32.2819 ], [ -8.5941, 32.3019 ], [ -8.5821, 32.2986 ], [ -8.5877, 32.2884 ], [ -8.5831, 32.2849 ], [ -8.5713, 32.2952 ], [ -8.559, 32.2897 ], [ -8.5482, 32.3321 ], [ -8.5767, 32.351 ], [ -8.611, 32.4198 ], [ -8.6225, 32.4489 ], [ -8.6298, 32.4794 ], [ -8.6631, 32.5132 ], [ -8.6891, 32.5253 ], [ -8.7143, 32.5228 ], [ -8.7333, 32.5074 ], [ -8.7437, 32.5048 ], [ -8.7472, 32.5056 ], [ -8.7458, 32.5173 ], [ -8.7542, 32.5085 ], [ -8.7652, 32.5076 ], [ -8.7793, 32.5138 ], [ -8.7912, 32.5094 ], [ -8.803, 32.512 ], [ -8.8258, 32.4994 ], [ -8.8361, 32.5001 ], [ -8.8405, 32.495 ], [ -8.8521, 32.4942 ], [ -8.8701, 32.5012 ], [ -8.8879, 32.5029 ], [ -8.9325, 32.5227 ], [ -8.9313, 32.5297 ], [ -8.9503, 32.5443 ], [ -8.9715, 32.5684 ], [ -8.9947, 32.5806 ], [ -9.0069, 32.6099 ], [ -9.0184, 32.6086 ], [ -9.0037, 32.6559 ], [ -8.9802, 32.6741 ], [ -9.0487, 32.7219 ], [ -9.0593, 32.721 ] ] ] } },
{ "type": "Feature", "properties": { "iso3": "MAR", "unit_id": "98779951B50341309732373", "unit_name": "Province de Youssoufia" }, "geometry": { "type": "Polygon", "coordinates": [ [ [ -8.5559, 32.2972 ], [ -8.559, 32.2897 ], [ -8.5713, 32.2952 ], [ -8.5831, 32.2849 ], [ -8.5877, 32.2884 ], [ -8.5821, 32.2986 ], [ -8.5941, 32.3019 ], [ -8.6043, 32.2819 ], [ -8.6213, 32.2783 ], [ -8.622, 32.2733 ], [ -8.6357, 32.2676 ], [ -8.6783, 32.2588 ], [ -8.6802, 32.249 ], [ -8.6882, 32.2462 ], [ -8.7061, 32.2578 ], [ -8.7178, 32.2596 ], [ -8.7309, 32.2364 ], [ -8.7386, 32.2303 ], [ -8.7517, 32.2253 ], [ -8.7607, 32.2329 ], [ -8.7632, 32.231 ], [ -8.7618, 32.2198 ], [ -8.7684, 32.2187 ], [ -8.7877, 32.2266 ], [ -8.8011, 32.2381 ], [ -8.8158, 32.2346 ], [ -8.8146, 32.2075 ], [ -8.8246, 32.1957 ], [ -8.826, 32.1893 ], [ -8.8228, 32.1716 ], [ -8.8341, 32.1593 ], [ -8.8507, 32.1513 ], [ -8.8697, 32.1201 ], [ -8.8319, 32.0862 ], [ -8.8364, 32.0713 ], [ -8.8522, 32.0659 ], [ -8.8455, 32.0504 ], [ -8.8551, 32.0456 ], [ -8.8541, 32.0392 ], [ -8.8464, 32.0386 ], [ -8.8298, 32.0142 ], [ -8.8468, 31.9851 ], [ -8.8562, 31.9774 ], [ -8.8615, 31.9767 ], [ -8.8805, 31.9466 ], [ -8.8803, 31.9399 ], [ -8.8865, 31.9337 ], [ -8.8969, 31.9283 ], [ -8.9294, 31.9234 ], [ -8.9414, 31.9085 ], [ -8.9427, 31.9058 ], [ -8.9245, 31.8976 ], [ -8.9203, 31.8813 ], [ -8.9312, 31.864 ], [ -8.9555, 31.8421 ], [ -8.9524, 31.8386 ], [ -8.963, 31.8088 ], [ -8.9822, 31.7809 ], [ -8.9715, 31.7686 ], [ -8.9609, 31.7689 ], [ -8.9563, 31.757 ], [ -8.9492, 31.754 ], [ -8.9412, 31.7575 ], [ -8.9352, 31.7669 ], [ -8.9307, 31.7665 ], [ -8.9184, 31.7512 ], [ -8.9188, 31.747 ], [ -8.9232, 31.7449 ], [ -8.9229, 31.7398 ], [ -8.9179, 31.7348 ], [ -8.9081, 31.7368 ], [ -8.9043, 31.7445 ], [ -8.8982, 31.748 ], [ -8.89, 31.7453 ], [ -8.896, 31.7381 ], [ -8.8861, 31.7334 ], [ -8.8764, 31.7332 ], [ -8.8681, 31.7393 ], [ -8.8615, 31.7393 ], [ -8.8587, 31.7332 ], [ -8.8633, 31.7259 ], [ -8.8534, 31.721 ], [ -8.8469, 31.7242 ], [ -8.8438, 31.7375 ], [ -8.8363, 31.7404 ], [ -8.8238, 31.7226 ], [ -8.819, 31.7215 ], [ -8.8163, 31.725 ], [ -8.8193, 31.7384 ], [ -8.81, 31.7438 ], [ -8.805, 31.7545 ], [ -8.793, 31.7572 ], [ -8.7831, 31.7514 ], [ -8.7816, 31.7459 ], [ -8.7746, 31.7401 ], [ -8.7578, 31.7449 ], [ -8.748, 31.7408 ], [ -8.7384, 31.7495 ], [ -8.7233, 31.7518 ], [ -8.7193, 31.7557 ], [ -8.7059, 31.7494 ], [ -8.7007, 31.753 ], [ -8.6836, 31.7557 ], [ -8.6726, 31.7504 ], [ -8.6588, 31.7542 ], [ -8.6521, 31.748 ], [ -8.6439, 31.7504 ], [ -8.6229, 31.7455 ], [ -8.6205, 31.7303 ], [ -8.6157, 31.7245 ], [ -8.5978, 31.7242 ], [ -8.5863, 31.7328 ], [ -8.5787, 31.723 ], [ -8.5509, 31.7211 ], [ -8.5344, 31.716 ], [ -8.5295, 31.722 ], [ -8.5246, 31.7224 ], [ -8.5227, 31.7286 ], [ -8.5095, 31.727 ], [ -8.4868, 31.7349 ], [ -8.4726, 31.7262 ], [ -8.4722, 31.7227 ], [ -8.4513, 31.7255 ], [ -8.4386, 31.7201 ], [ -8.4345, 31.7211 ], [ -8.4301, 31.7299 ], [ -8.4237, 31.7304 ], [ -8.4151, 31.7247 ], [ -8.4111, 31.7263 ], [ -8.4098, 31.7337 ], [ -8.4, 31.7443 ], [ -8.4066, 31.7771 ], [ -8.4261, 31.8076 ], [ -8.42, 31.8347 ], [ -8.4107, 31.8545 ], [ -8.3987, 31.8649 ], [ -8.3892, 31.8833 ], [ -8.3784, 31.8952 ], [ -8.3787, 31.9071 ], [ -8.3723, 31.9226 ], [ -8.3758, 31.9291 ], [ -8.364, 31.9421 ], [ -8.3408, 31.9832 ], [ -8.3241, 32.0018 ], [ -8.312, 32.0224 ], [ -8.2771, 32.035 ], [ -8.2422, 32.042 ], [ -8.233, 32.0522 ], [ -8.2372, 32.064 ], [ -8.2454, 32.0719 ], [ -8.235, 32.08 ], [ -8.2265, 32.0935 ], [ -8.239, 32.1033 ], [ -8.2305, 32.1135 ], [ -8.2546, 32.1479 ], [ -8.3763, 32.168 ], [ -8.3899, 32.1755 ], [ -8.4115, 32.2373 ], [ -8.424, 32.2517 ], [ -8.4681, 32.2852 ], [ -8.4735, 32.3133 ], [ -8.4806, 32.3286 ], [ -8.5067, 32.3312 ], [ -8.5171, 32.3167 ], [ -8.533, 32.3165 ], [ -8.5426, 32.2966 ], [ -8.5559, 32.2972 ] ] ] } },
{ "type": "Feature", "properties": { "iso3": "MAR", "unit_id": "98779951B73904959959998", "unit_name": "Rhamna Province" }, "geometry": { "type": "Polygon", "coordinates": [ [ [ -8.0368, 32.7909 ], [ -8.0474, 32.768 ], [ -8.0492, 32.7464 ], [ -8.0594, 32.7065 ], [ -8.0744, 32.6768 ], [ -8.0698, 32.6335 ], [ -8.0542, 32.592 ], [ -8.0554, 32.5727 ], [ -8.0757, 32.5514 ], [ -8.0913, 32.528 ], [ -8.1178, 32.5021 ], [ -8.1367, 32.4904 ], [ -8.1517, 32.489 ], [ -8.1947, 32.4663 ], [ -8.2927, 32.4299 ], [ -8.3152, 32.4186 ], [ -8.352, 32.3863 ], [ -8.3664, 32.3629 ], [ -8.3783, 32.3664 ], [ -8.4228, 32.3607 ], [ -8.4358, 32.3579 ], [ -8.4387, 32.3477 ], [ -8.4706, 32.3419 ], [ -8.4806, 32.3286 ], [ -8.4735, 32.3133 ], [ -8.4681, 32.2852 ], [ -8.424, 32.2517 ], [ -8.4115, 32.2373 ], [ -8.3899, 32.1755 ], [ -8.3763, 32.168 ], [ -8.2546, 32.1479 ], [ -8.2305, 32.1135 ], [ -8.239, 32.1033 ], [ -8.2265, 32.0935 ], [ -8.235, 32.08 ], [ -8.2078, 32.0544 ], [ -8.1174, 32.0517 ], [ -8.0939, 32.0546 ], [ -8.0515, 32.0436 ], [ -8.0475, 32.0389 ], [ -8.0433, 32.021 ], [ -8.0504, 31.9638 ], [ -8.0379, 31.9211 ], [ -8.0532, 31.8783 ], [ -8.033, 31.8779 ], [ -8.0091, 31.8281 ], [ -8.0091, 31.7735 ], [ -8.0192, 31.7572 ], [ -8.0249, 31.7362 ], [ -8.0113, 31.7261 ], [ -8.0026, 31.7464 ], [ -7.9852, 31.7445 ], [ -7.9834, 31.7609 ], [ -7.9497, 31.7671 ], [ -7.9329, 31.7275 ], [ -7.9118, 31.7346 ], [ -7.9056, 31.7188 ], [ -7.896, 31.7061 ], [ -7.9066, 31.695 ], [ -7.9044, 31.6888 ], [ -7.8947, 31.6915 ], [ -7.8167, 31.6919 ], [ -7.8045, 31.6781 ], [ -7.7596, 31.6864 ], [ -7.736, 31.6703 ], [ -7.6803, 31.6599 ], [ -7.6392, 31.6618 ], [ -7.6174, 31.6393 ], [ -7.6068, 31.6191 ], [ -7.5747, 31.6272 ], [ -7.5702, 31.6311 ], [ -7.5899, 31.637 ], [ -7.5934, 31.6551 ], [ -7.589, 31.6579 ], [ -7.5921, 31.6616 ], [ -7.5855, 31.6709 ], [ -7.5892, 31.6806 ], [ -7.5995, 31.6854 ], [ -7.6103, 31.7025 ], [ -7.6065, 31.7112 ], [ -7.5994, 31.7122 ], [ -7.5893, 31.7059 ], [ -7.5856, 31.7115 ], [ -7.5921, 31.7298 ], [ -7.5793, 31.7309 ], [ -7.5834, 31.7382 ], [ -7.5776, 31.7495 ], [ -7.536, 31.7846 ], [ -7.5419, 31.7926 ], [ -7.5434, 31.8008 ], [ -7.5521, 31.8097 ], [ -7.5574, 31.8138 ], [ -7.5734, 31.8139 ], [ -7.5403, 31.8348 ], [ -7.5608, 31.8577 ], [ -7.5479, 31.866 ], [ -7.5493, 31.8874 ], [ -7.5645, 31.9105 ], [ -7.5745, 31.9333 ], [ -7.5861, 31.945 ], [ -7.5929, 31.9639 ], [ -7.6033, 31.9726 ], [ -7.6129, 31.9909 ], [ -7.6163, 31.9898 ], [ -7.6669, 32.0677 ], [ -7.6982, 32.1027 ], [ -7.6975, 32.1144 ], [ -7.7098, 32.1318 ], [ -7.7189, 32.1292 ], [ -7.7313, 32.1533 ], [ -7.7564, 32.1713 ], [ -7.7628, 32.1939 ], [ -7.7596, 32.2048 ], [ -7.7563, 32.2048 ], [ -7.7506, 32.2123 ], [ -7.7426, 32.2358 ], [ -7.743, 32.2479 ], [ -7.7301, 32.27 ], [ -7.7181, 32.2821 ], [ -7.7275, 32.2892 ], [ -7.6911, 32.3086 ], [ -7.6652, 32.3378 ], [ -7.6306, 32.3683 ], [ -7.597, 32.4066 ], [ -7.5807, 32.4158 ], [ -7.5691, 32.4553 ], [ -7.5953, 32.4563 ], [ -7.6128, 32.462 ], [ -7.6414, 32.4779 ], [ -7.6506, 32.4956 ], [ -7.6625, 32.4937 ], [ -7.6624, 32.4981 ], [ -7.6654, 32.4996 ], [ -7.6727, 32.4976 ], [ -7.6759, 32.5024 ], [ -7.6684, 32.5054 ], [ -7.6668, 32.5144 ], [ -7.6719, 32.5157 ], [ -7.6774, 32.5222 ], [ -7.6848, 32.5198 ], [ -7.6809, 32.5288 ], [ -7.6828, 32.5338 ], [ -7.6905, 32.5348 ], [ -7.6928, 32.5295 ], [ -7.6971, 32.53 ], [ -7.7008, 32.5508 ], [ -7.7119, 32.5559 ], [ -7.7204, 32.5559 ], [ -7.7128, 32.5677 ], [ -7.7222, 32.5738 ], [ -7.7176, 32.5815 ], [ -7.7295, 32.5836 ], [ -7.7309, 32.5876 ], [ -7.717, 32.5908 ], [ -7.7183, 32.5943 ], [ -7.7313, 32.5968 ], [ -7.7381, 32.5949 ], [ -7.7385, 32.6007 ], [ -7.7552, 32.5976 ], [ -7.7764, 32.6053 ], [ -7.8138, 32.629 ], [ -7.8453, 32.6608 ], [ -7.8746, 32.6706 ], [ -7.8822, 32.684 ], [ -7.8885, 32.6854 ], [ -7.8939, 32.6917 ], [ -7.9094, 32.6916 ], [ -7.9139, 32.7068 ], [ -7.9214, 32.7119 ], [ -7.9201, 32.7258 ], [ -7.9309, 32.7261 ], [ -7.9335, 32.7355 ], [ -7.9444, 32.7401 ], [ -7.9447, 32.7445 ], [ -7.9572, 32.7553 ], [ -7.9627, 32.7649 ], [ -7.9618, 32.7817 ], [ -7.9762, 32.785 ], [ -7.9803, 32.7966 ], [ -7.991, 32.7961 ], [ -7.9928, 32.8006 ], [ -7.9898, 32.8095 ], [ -7.9922, 32.8126 ], [ -7.9961, 32.8142 ], [ -8.0368, 32.7909 ] ] ] } },
{ "type": "Feature", "properties": { "iso3": "MAR", "unit_id": "98779951B98784228006781", "unit_name": "Prefecture d Oujda Angad" }, "geometry": { "type": "Polygon", "coordinates": [ [ [ -2.3258, 34.5977 ], [ -2.327, 34.5709 ], [ -2.3072, 34.5417 ], [ -2.3274, 34.5218 ], [ -2.336, 34.5066 ], [ -2.3396, 34.4716 ], [ -2.3391, 34.463 ], [ -2.3357, 34.4592 ], [ -2.3515, 34.4384 ], [ -2.3483, 34.4318 ], [ -2.3441, 34.4314 ], [ -2.3354, 34.4093 ], [ -2.3349, 34.4005 ], [ -2.3158, 34.4045 ], [ -2.3163, 34.4123 ], [ -2.3016, 34.4134 ], [ -2.2843, 34.4102 ], [ -2.2582, 34.4296 ], [ -2.2323, 34.4251 ], [ -2.2192, 34.4263 ], [ -2.2016, 34.4216 ], [ -2.2017, 34.44 ], [ -2.1934, 34.4482 ], [ -2.1885, 34.444 ], [ -2.1777, 34.4441 ], [ -2.1344, 34.4489 ], [ -2.0883, 34.4611 ], [ -2.0582, 34.4856 ], [ -2.0529, 34.4835 ], [ -2.0494, 34.4999 ], [ -2.058, 34.5104 ], [ -2.0537, 34.5178 ], [ -2.0235, 34.5085 ], [ -2.0118, 34.5112 ], [ -2.0262, 34.5367 ], [ -2.0255, 34.544 ], [ -1.9775, 34.56 ], [ -1.9702, 34.5563 ], [ -1.9612, 34.5659 ], [ -1.9558, 34.5671 ], [ -1.9419, 34.5567 ], [ -1.916, 34.5567 ], [ -1.8974, 34.5508 ], [ -1.896, 34.5462 ], [ -1.8851, 34.5457 ], [ -1.8789, 34.5527 ], [ -1.8581, 34.56 ], [ -1.847, 34.5712 ], [ -1.8193, 34.5798 ], [ -1.7973, 34.5776 ], [ -1.7993, 34.5841 ], [ -1.8122, 34.5948 ], [ -1.8219, 34.6088 ], [ -1.8389, 34.6169 ], [ -1.8509, 34.6146 ], [ -1.8537, 34.6167 ], [ -1.8361, 34.6291 ], [ -1.8156, 34.6598 ], [ -1.7752, 34.699 ], [ -1.7712, 34.7246 ], [ -1.7393, 34.7437 ], [ -1.7522, 34.7516 ], [ -1.8059, 34.773 ], [ -1.8129, 34.7769 ], [ -1.8113, 34.7786 ], [ -1.8148, 34.7827 ], [ -1.8222, 34.7821 ], [ -1.842, 34.7881 ], [ -1.8592, 34.8023 ], [ -1.8886, 34.8062 ], [ -1.8935, 34.8416 ], [ -1.9326, 34.8611 ], [ -1.9408, 34.8617 ], [ -1.9614, 34.8764 ], [ -1.9727, 34.8788 ], [ -1.9734, 34.9358 ], [ -1.9922, 34.9302 ], [ -2.0121, 34.932 ], [ -2.0364, 34.9245 ], [ -2.0459, 34.9268 ], [ -2.0564, 34.9361 ], [ -2.0699, 34.9185 ], [ -2.0565, 34.9073 ], [ -2.076, 34.9069 ], [ -2.074, 34.9027 ], [ -2.1111, 34.8955 ], [ -2.117, 34.8874 ], [ -2.1211, 34.8535 ], [ -2.15, 34.8365 ], [ -2.2358, 34.884 ], [ -2.2736, 34.8263 ], [ -2.2925, 34.8128 ], [ -2.2696, 34.8086 ], [ -2.2545, 34.7874 ], [ -2.2753, 34.7591 ], [ -2.2816, 34.7042 ], [ -2.257, 34.6422 ], [ -2.2305, 34.6128 ], [ -2.2374, 34.6117 ], [ -2.236, 34.607 ], [ -2.261, 34.5995 ], [ -2.3258, 34.5977 ] ] ] } },
{ "type": "Feature", "properties": { "iso3": "MAR", "unit_id": "98779951B9389273395052", "unit_name": "Province de Berkane" }, "geometry": { "type": "MultiPolygon", "coordinates": [ [ [ [ -2.266, 35.0992 ], [ -2.2118, 35.0853 ], [ -2.2146, 35.0692 ], [ -2.2108, 35.0585 ], [ -2.2184, 35.048 ], [ -2.2027, 35.0405 ], [ -2.203, 35.0374 ], [ -2.1949, 35.0367 ], [ -2.1907, 35.0307 ], [ -2.184, 35.0312 ], [ -2.1879, 35.0242 ], [ -2.1829, 35.0237 ], [ -2.184, 35.0211 ], [ -2.1781, 35.0172 ], [ -2.1791, 35.0148 ], [ -2.1721, 35.0155 ], [ -2.1657, 35.0054 ], [ -2.1598, 35.0083 ], [ -2.1598, 35.0046 ], [ -2.1274, 34.9962 ], [ -2.122, 34.9901 ], [ -2.122, 34.9828 ], [ -2.1135, 34.9754 ], [ -2.1104, 34.976 ], [ -2.1044, 34.9667 ], [ -2.0982, 34.9648 ], [ -2.0844, 34.9505 ], [ -2.0564, 34.9361 ], [ -2.0699, 34.9185 ], [ -2.0565, 34.9073 ], [ -2.076, 34.9069 ], [ -2.074, 34.9027 ], [ -2.1111, 34.8955 ], [ -2.117, 34.8874 ], [ -2.1211, 34.8535 ], [ -2.15, 34.8365 ], [ -2.2358, 34.884 ], [ -2.2736, 34.8263 ], [ -2.2925, 34.8128 ], [ -2.2696, 34.8086 ], [ -2.2545, 34.7874 ], [ -2.2753, 34.7591 ], [ -2.2816, 34.7042 ], [ -2.257, 34.6422 ], [ -2.2305, 34.6128 ], [ -2.2374, 34.6117 ], [ -2.236, 34.607 ], [ -2.261, 34.5995 ], [ -2.3258, 34.5977 ], [ -2.3277, 34.5911 ], [ -2.3531, 34.5881 ], [ -2.3756, 34.6087 ], [ -2.3975, 34.5968 ], [ -2.4154, 34.6089 ], [ -2.4599, 34.5958 ], [ -2.4627, 34.6049 ], [ -2.4788, 34.6082 ], [ -2.462, 34.6406 ], [ -2.4427, 34.6888 ], [ -2.4719, 34.7397 ], [ -2.4931, 34.7317 ], [ -2.5079, 34.74 ], [ -2.5285, 34.746 ], [ -2.5513, 34.744 ], [ -2.5692, 34.7378 ], [ -2.575, 34.7285 ], [ -2.5999, 34.7209 ], [ -2.6448, 34.724 ], [ -2.6812, 34.7208 ], [ -2.7232, 34.7267 ], [ -2.7562, 34.7271 ], [ -2.7639, 34.7278 ], [ -2.7752, 34.7348 ], [ -2.7837, 34.7358 ], [ -2.7859, 34.7328 ], [ -2.8033, 34.7387 ], [ -2.7988, 34.7462 ], [ -2.7909, 34.7511 ], [ -2.7965, 34.762 ], [ -2.7839, 34.7628 ], [ -2.7774, 34.7713 ], [ -2.7777, 34.7835 ], [ -2.7674, 34.797 ], [ -2.7687, 34.8023 ], [ -2.7415, 34.8239 ], [ -2.7424, 34.8299 ], [ -2.737, 34.8304 ], [ -2.724, 34.8402 ], [ -2.7156, 34.8366 ], [ -2.7099, 34.845 ], [ -2.7118, 34.852 ], [ -2.7039, 34.8539 ], [ -2.7021, 34.8627 ], [ -2.6944, 34.854 ], [ -2.6908, 34.8625 ], [ -2.6724, 34.8653 ], [ -2.6664, 34.8609 ], [ -2.6687, 34.8658 ], [ -2.667, 34.8749 ], [ -2.6725, 34.8826 ], [ -2.6556, 34.8876 ], [ -2.6574, 34.8773 ], [ -2.6536, 34.8754 ], [ -2.6499, 34.8778 ], [ -2.649, 34.8856 ], [ -2.6447, 34.8903 ], [ -2.6473, 34.8974 ], [ -2.6315, 34.9134 ], [ -2.6261, 34.9132 ], [ -2.6196, 34.9206 ], [ -2.6007, 34.9188 ], [ -2.5987, 34.9272 ], [ -2.5885, 34.9293 ], [ -2.5784, 34.9235 ], [ -2.559, 34.9306 ], [ -2.5589, 34.9384 ], [ -2.5531, 34.9415 ], [ -2.549, 34.9501 ], [ -2.5369, 34.948 ], [ -2.5316, 34.9408 ], [ -2.52, 34.9433 ], [ -2.5111, 34.9416 ], [ -2.5099, 34.9482 ], [ -2.5021, 34.9452 ], [ -2.4977, 34.9502 ], [ -2.4856, 34.9504 ], [ -2.4869, 34.9552 ], [ -2.4832, 34.9581 ], [ -2.4706, 34.9583 ], [ -2.4671, 34.9652 ], [ -2.4554, 34.9716 ], [ -2.4557, 34.9784 ], [ -2.4459, 34.987 ], [ -2.4511, 34.9915 ], [ -2.449, 34.9971 ], [ -2.4537, 34.9982 ], [ -2.4574, 35.0041 ], [ -2.452, 35.0093 ], [ -2.4443, 35.0102 ], [ -2.4419, 35.0171 ], [ -2.4276, 35.0247 ], [ -2.4329, 35.032 ], [ -2.4276, 35.0336 ], [ -2.4269, 35.0391 ], [ -2.4333, 35.0465 ], [ -2.4231, 35.0536 ], [ -2.4051, 35.0559 ], [ -2.3984, 35.0658 ], [ -2.3979, 35.0724 ], [ -2.3933, 35.0742 ], [ -2.3971, 35.0794 ], [ -2.4085, 35.079 ], [ -2.411, 35.0819 ], [ -2.4054, 35.0864 ], [ -2.3925, 35.0888 ], [ -2.3892, 35.0972 ], [ -2.3752, 35.0946 ], [ -2.3692, 35.0966 ], [ -2.3682, 35.1066 ], [ -2.3477, 35.1117 ], [ -2.3436, 35.1241 ], [ -2.3029, 35.1139 ], [ -2.2978, 35.1178 ], [ -2.2933, 35.1172 ], [ -2.2993, 35.115 ], [ -2.2935, 35.1123 ], [ -2.2981, 35.1093 ], [ -2.2925, 35.1093 ], [ -2.2926, 35.1104 ], [ -2.266, 35.0992 ] ] ], [ [ [ -2.2928, 35.1131 ], [ -2.2954, 35.1162 ], [ -2.2926, 35.1135 ], [ -2.2926, 35.1104 ], [ -2.2928, 35.1131 ] ] ] ] } },
{ "type": "Feature", "properties": { "iso3": "MAR", "unit_id": "98779951B54417317588915", "unit_name": "Province de Driouch" }, "geometry": { "type": "Polygon", "coordinates": [ [ [ -3.641, 34.6332 ], [ -3.6262, 34.6161 ], [ -3.5977, 34.6043 ], [ -3.5718, 34.6139 ], [ -3.5737, 34.5942 ], [ -3.5317, 34.5445 ], [ -3.5067, 34.538 ], [ -3.4891, 34.5432 ], [ -3.4785, 34.5629 ], [ -3.4775, 34.5909 ], [ -3.4636, 34.6109 ], [ -3.386, 34.6484 ], [ -3.361, 34.6638 ], [ -3.3157, 34.7045 ], [ -3.2774, 34.7529 ], [ -3.2609, 34.7572 ], [ -3.2676, 34.8051 ], [ -3.2284, 34.8182 ], [ -3.2644, 34.8684 ], [ -3.2706, 34.869 ], [ -3.2668, 34.8714 ], [ -3.2575, 34.9088 ], [ -3.2605, 34.9329 ], [ -3.2566, 34.9515 ], [ -3.2013, 34.9611 ], [ -3.2057, 34.9903 ], [ -3.2266, 34.9955 ], [ -3.2436, 35.007 ], [ -3.2532, 35.0317 ], [ -3.2319, 35.0485 ], [ -3.2248, 35.0487 ], [ -3.2085, 35.0583 ], [ -3.2198, 35.0787 ], [ -3.2256, 35.0776 ], [ -3.2278, 35.0978 ], [ -3.221, 35.0986 ], [ -3.2213, 35.1095 ], [ -3.2148, 35.1211 ], [ -3.2008, 35.1343 ], [ -3.2038, 35.1466 ], [ -3.1943, 35.1658 ], [ -3.194, 35.1733 ], [ -3.1697, 35.1804 ], [ -3.1695, 35.1882 ], [ -3.1758, 35.1971 ], [ -3.1697, 35.203 ], [ -3.1692, 35.2076 ], [ -3.1841, 35.2138 ], [ -3.1963, 35.2268 ], [ -3.2087, 35.2232 ], [ -3.2112, 35.2276 ], [ -3.2262, 35.2216 ], [ -3.2384, 35.2221 ], [ -3.239, 35.2191 ], [ -3.2478, 35.2188 ], [ -3.2591, 35.2128 ], [ -3.2985, 35.2063 ], [ -3.3351, 35.1855 ], [ -3.4259, 35.1924 ], [ -3.4463, 35.1989 ], [ -3.4507, 35.2061 ], [ -3.4747, 35.1982 ], [ -3.4885, 35.1994 ], [ -3.5378, 35.2182 ], [ -3.5591, 35.2218 ], [ -3.5674, 35.22 ], [ -3.5867, 35.2258 ], [ -3.6635, 35.268 ], [ -3.6758, 35.2788 ], [ -3.6783, 35.2857 ], [ -3.6852, 35.2837 ], [ -3.706, 35.2883 ], [ -3.7147, 35.2835 ], [ -3.7203, 35.286 ], [ -3.7303, 35.2826 ], [ -3.7431, 35.2737 ], [ -3.7502, 35.2741 ], [ -3.7582, 35.2647 ], [ -3.7648, 35.2325 ], [ -3.771, 35.2226 ], [ -3.7898, 35.2091 ], [ -3.8239, 35.1994 ], [ -3.8137, 35.1842 ], [ -3.8027, 35.1745 ], [ -3.8055, 35.1655 ], [ -3.8126, 35.1599 ], [ -3.8061, 35.1511 ], [ -3.814, 35.1175 ], [ -3.815, 35.0983 ], [ -3.8095, 35.079 ], [ -3.8119, 35.0764 ], [ -3.8094, 35.0586 ], [ -3.8168, 35.043 ], [ -3.8175, 35.0244 ], [ -3.816, 35.0119 ], [ -3.8096, 35.0048 ], [ -3.8112, 34.9967 ], [ -3.8062, 34.9849 ], [ -3.813, 34.9598 ], [ -3.8259, 34.9343 ], [ -3.8195, 34.9296 ], [ -3.8292, 34.9192 ], [ -3.8201, 34.8875 ], [ -3.7923, 34.8818 ], [ -3.7701, 34.8873 ], [ -3.7598, 34.8814 ], [ -3.7636, 34.8618 ], [ -3.7522, 34.843 ], [ -3.6953, 34.848 ], [ -3.6685, 34.8459 ], [ -3.6268, 34.8483 ], [ -3.6046, 34.8437 ], [ -3.593, 34.8304 ], [ -3.593, 34.7891 ], [ -3.6197, 34.741 ], [ -3.6126, 34.7225 ], [ -3.5914, 34.7013 ], [ -3.615, 34.69 ], [ -3.6343, 34.6738 ], [ -3.6424, 34.6585 ], [ -3.641, 34.6332 ] ] ] } },
{ "type": "Feature", "properties": { "iso3": "MAR", "unit_id": "98779951B80535379658537", "unit_name": "Province de Figuig" }, "geometry": { "type": "Polygon", "coordinates": [ [ [ -3.2518, 31.7136 ], [ -3.0006, 31.7587 ], [ -3.001, 31.7645 ], [ -2.9826, 31.7686 ], [ -2.8207, 31.7936 ], [ -2.8219, 31.8144 ], [ -2.8249, 31.8195 ], [ -2.8441, 31.8321 ], [ -2.8429, 31.845 ], [ -2.8371, 31.8564 ], [ -2.838, 31.8647 ], [ -2.8424, 31.8687 ], [ -2.8423, 31.8836 ], [ -2.852, 31.8933 ], [ -2.8629, 31.9139 ], [ -2.8837, 31.9349 ], [ -2.8819, 31.9552 ], [ -2.8852, 31.9661 ], [ -2.8995, 31.9777 ], [ -2.9165, 32.0125 ], [ -2.9306, 32.0284 ], [ -2.9286, 32.048 ], [ -2.9209, 32.0709 ], [ -2.8734, 32.1114 ], [ -2.8198, 32.1153 ], [ -2.7286, 32.1108 ], [ -2.6635, 32.1178 ], [ -2.6, 32.1129 ], [ -2.5467, 32.1452 ], [ -2.4858, 32.1522 ], [ -2.4638, 32.1598 ], [ -2.436, 32.1596 ], [ -2.4305, 32.1497 ], [ -2.4063, 32.1578 ], [ -2.3671, 32.1542 ], [ -2.3608, 32.1571 ], [ -2.3522, 32.1536 ], [ -2.3143, 32.1583 ], [ -2.2999, 32.1513 ], [ -2.2871, 32.1527 ], [ -2.2864, 32.1628 ], [ -2.2776, 32.1686 ], [ -2.2594, 32.1624 ], [ -2.2316, 32.159 ], [ -2.1903, 32.1431 ], [ -2.1502, 32.1442 ], [ -2.1024, 32.1536 ], [ -2.0149, 32.1822 ], [ -1.9886, 32.1741 ], [ -1.9799, 32.1676 ], [ -1.9765, 32.161 ], [ -1.9686, 32.1573 ], [ -1.9445, 32.1585 ], [ -1.9268, 32.1511 ], [ -1.9207, 32.1624 ], [ -1.9034, 32.1644 ], [ -1.8831, 32.1518 ], [ -1.8745, 32.1516 ], [ -1.8742, 32.1468 ], [ -1.8684, 32.1441 ], [ -1.856, 32.1495 ], [ -1.8434, 32.1475 ], [ -1.8433, 32.1448 ], [ -1.8382, 32.1434 ], [ -1.83, 32.1464 ], [ -1.8232, 32.1416 ], [ -1.8016, 32.1364 ], [ -1.7837, 32.1359 ], [ -1.7489, 32.1211 ], [ -1.7265, 32.1211 ], [ -1.7121, 32.1141 ], [ -1.6968, 32.1187 ], [ -1.662, 32.1094 ], [ -1.6406, 32.1101 ], [ -1.627, 32.1035 ], [ -1.5803, 32.0922 ], [ -1.5048, 32.1039 ], [ -1.4834, 32.0951 ], [ -1.4099, 32.0873 ], [ -1.3823, 32.0865 ], [ -1.3617, 32.0917 ], [ -1.3332, 32.0829 ], [ -1.2726, 32.0868 ], [ -1.2613, 32.0778 ], [ -1.2396, 32.0771 ], [ -1.2328, 32.0806 ], [ -1.2297, 32.0764 ], [ -1.2303, 32.0793 ], [ -1.2038, 32.0846 ], [ -1.1829, 32.1034 ], [ -1.172, 32.1067 ], [ -1.1674, 32.1051 ], [ -1.1645, 32.1097 ], [ -1.1524, 32.1111 ], [ -1.1555, 32.1189 ], [ -1.1529, 32.1281 ], [ -1.1648, 32.1349 ], [ -1.1725, 32.1515 ], [ -1.1919, 32.1688 ], [ -1.2172, 32.1758 ], [ -1.2284, 32.1747 ], [ -1.25, 32.1655 ], [ -1.2561, 32.1669 ], [ -1.2649, 32.162 ], [ -1.2763, 32.1638 ], [ -1.2877, 32.1585 ], [ -1.2991, 32.166 ], [ -1.2993, 32.1686 ], [ -1.2822, 32.1772 ], [ -1.2726, 32.1885 ], [ -1.2614, 32.1914 ], [ -1.2568, 32.1983 ], [ -1.2411, 32.2057 ], [ -1.2482, 32.2507 ], [ -1.2408, 32.2609 ], [ -1.2426, 32.2691 ], [ -1.2348, 32.2896 ], [ -1.2351, 32.3099 ], [ -1.2375, 32.3133 ], [ -1.2453, 32.3148 ], [ -1.2506, 32.3274 ], [ -1.2239, 32.3451 ], [ -1.2121, 32.3705 ], [ -1.2073, 32.3874 ], [ -1.2101, 32.3922 ], [ -1.1999, 32.404 ], [ -1.1777, 32.4128 ], [ -1.152, 32.4183 ], [ -1.1224, 32.4147 ], [ -1.1206, 32.4198 ], [ -1.1111, 32.4224 ], [ -1.1038, 32.4321 ], [ -1.0681, 32.4502 ], [ -1.0595, 32.4634 ], [ -1.051, 32.4684 ], [ -1.047, 32.4769 ], [ -1.0205, 32.4937 ], [ -1.0163, 32.5048 ], [ -1.0007, 32.5059 ], [ -0.999, 32.5169 ], [ -1.0101, 32.5324 ], [ -1.0449, 32.5474 ], [ -1.1056, 32.5869 ], [ -1.1231, 32.5947 ], [ -1.1288, 32.6016 ], [ -1.2711, 32.6959 ], [ -1.3823, 32.7397 ], [ -1.5438, 32.9578 ], [ -1.5106, 32.9695 ], [ -1.4965, 32.9671 ], [ -1.4859, 32.9754 ], [ -1.4723, 33.0037 ], [ -1.4772, 33.014 ], [ -1.4767, 33.0217 ], [ -1.4618, 33.0422 ], [ -1.4755, 33.0765 ], [ -1.4878, 33.0861 ], [ -1.5146, 33.094 ], [ -1.5178, 33.099 ], [ -1.5346, 33.1075 ], [ -1.5392, 33.1177 ], [ -1.5761, 33.1489 ], [ -1.5744, 33.1548 ], [ -1.5804, 33.1695 ], [ -1.5908, 33.1867 ], [ -1.6003, 33.1952 ], [ -1.6002, 33.2048 ], [ -1.6067, 33.2129 ], [ -1.6289, 33.2235 ], [ -1.6417, 33.246 ], [ -1.6553, 33.2559 ], [ -1.6703, 33.2841 ], [ -1.6585, 33.3014 ], [ -1.6617, 33.3184 ], [ -1.6585, 33.339 ], [ -1.6638, 33.3516 ], [ -1.6635, 33.3781 ], [ -1.6488, 33.4084 ], [ -1.646, 33.423 ], [ -1.6279, 33.4318 ], [ -1.6288, 33.4383 ], [ -1.6213, 33.4482 ], [ -1.6213, 33.4571 ], [ -1.6244, 33.4612 ], [ -1.6176, 33.4734 ], [ -1.621, 33.4775 ], [ -1.6218, 33.4877 ], [ -1.6062, 33.4982 ], [ -1.5954, 33.5214 ], [ -1.5882, 33.5291 ], [ -1.5981, 33.542 ], [ -1.6007, 33.5467 ], [ -1.5989, 33.5508 ], [ -1.6034, 33.5564 ], [ -1.5973, 33.558 ], [ -1.593, 33.5649 ], [ -1.5951, 33.5673 ], [ -1.5931, 33.5725 ], [ -1.6012, 33.5759 ], [ -1.5965, 33.5862 ], [ -1.5997, 33.5927 ], [ -1.5972, 33.5968 ], [ -1.599, 33.6019 ], [ -1.5947, 33.6055 ], [ -1.5996, 33.6154 ], [ -1.625, 33.6251 ], [ -1.6313, 33.6314 ], [ -1.6462, 33.6697 ], [ -1.7363, 33.6469 ], [ -1.7829, 33.6394 ], [ -1.8478, 33.6384 ], [ -2.0521, 33.6588 ], [ -2.1247, 33.6886 ], [ -2.2136, 33.6932 ], [ -2.2582, 33.6856 ], [ -2.2951, 33.6727 ], [ -2.3212, 33.64 ], [ -2.4517, 33.6628 ], [ -2.568, 33.6776 ], [ -2.6277, 33.6945 ], [ -2.658, 33.6957 ], [ -2.7747, 33.6815 ], [ -2.7986, 33.6619 ], [ -2.8189, 33.6258 ], [ -2.8398, 33.5986 ], [ -2.8551, 33.5391 ], [ -2.8891, 33.4969 ], [ -2.9399, 33.4611 ], [ -3.0057, 33.3759 ], [ -3.0464, 33.348 ], [ -2.9992, 33.3176 ], [ -2.9354, 33.2557 ], [ -2.9057, 33.2165 ], [ -2.899, 33.1996 ], [ -2.907, 33.177 ], [ -2.9415, 33.1524 ], [ -2.9785, 33.1326 ], [ -3.0287, 33.1138 ], [ -3.3409, 33.0597 ], [ -3.4358, 33.0566 ], [ -3.5146, 33.0852 ], [ -3.5597, 33.0976 ], [ -3.5676, 33.1081 ], [ -3.5756, 33.1084 ], [ -3.6035, 33.0945 ], [ -3.617, 33.0783 ], [ -3.6497, 33.0574 ], [ -3.6827, 33.0269 ], [ -3.713, 32.9794 ], [ -3.7274, 32.9477 ], [ -3.7499, 32.9256 ], [ -3.7989, 32.8957 ], [ -3.8303, 32.8665 ], [ -3.8682, 32.8239 ], [ -3.9112, 32.7631 ], [ -3.9474, 32.7185 ], [ -3.9785, 32.6885 ], [ -4.0159, 32.6408 ], [ -4.0149, 32.6195 ], [ -4.0182, 32.6084 ], [ -4.003, 32.5795 ], [ -3.9639, 32.5552 ], [ -3.9207, 32.5342 ], [ -3.9395, 32.5074 ], [ -3.9326, 32.479 ], [ -3.916, 32.4502 ], [ -3.8548, 32.4025 ], [ -3.821, 32.3454 ], [ -3.8104, 32.3159 ], [ -3.8077, 32.2817 ], [ -3.8179, 32.2642 ], [ -3.8134, 32.2566 ], [ -3.7729, 32.2637 ], [ -3.7537, 32.2611 ], [ -3.7468, 32.2432 ], [ -3.7538, 32.2022 ], [ -3.6736, 32.1969 ], [ -3.6007, 32.2051 ], [ -3.583, 32.1983 ], [ -3.6166, 32.1722 ], [ -3.6361, 32.1527 ], [ -3.6468, 32.1366 ], [ -3.6345, 32.1213 ], [ -3.6154, 32.1095 ], [ -3.5659, 32.1271 ], [ -3.5422, 32.1426 ], [ -3.5109, 32.1472 ], [ -3.4838, 32.1437 ], [ -3.3769, 32.1094 ], [ -3.3335, 32.1061 ], [ -3.3095, 32.1258 ], [ -3.2679, 32.1473 ], [ -3.193, 32.1768 ], [ -3.2621, 32.0924 ], [ -3.2722, 32.0108 ], [ -3.27, 31.9713 ], [ -3.2445, 31.9059 ], [ -3.1933, 31.8125 ], [ -3.1845, 31.8145 ], [ -3.1822, 31.8312 ], [ -3.1127, 31.8401 ], [ -3.1564, 31.7967 ], [ -3.1965, 31.7722 ], [ -3.2561, 31.7282 ], [ -3.2518, 31.7136 ] ] ] } },
{ "type": "Feature", "properties": { "iso3": "MAR", "unit_id": "98779951B2584415884303", "unit_name": "Province de Guercif" }, "geometry": { "type": "Polygon", "coordinates": [ [ [ -3.0943, 33.7617 ], [ -3.1099, 33.798 ], [ -3.1478, 33.8544 ], [ -3.1628, 33.8822 ], [ -3.2317, 33.9415 ], [ -3.2341, 33.9692 ], [ -3.2181, 33.9965 ], [ -3.1897, 34.0163 ], [ -3.1533, 34.0399 ], [ -3.1016, 34.0582 ], [ -3.0831, 34.0702 ], [ -3.0561, 34.1227 ], [ -3.0967, 34.1816 ], [ -3.1047, 34.198 ], [ -3.1118, 34.2287 ], [ -3.1121, 34.2603 ], [ -3.1154, 34.2745 ], [ -3.1955, 34.3283 ], [ -3.2218, 34.3715 ], [ -3.2027, 34.387 ], [ -3.2149, 34.4034 ], [ -3.1712, 34.4322 ], [ -3.1203, 34.4598 ], [ -3.1045, 34.4617 ], [ -3.1008, 34.4948 ], [ -3.0619, 34.5011 ], [ -3.0697, 34.5233 ], [ -3.048, 34.5595 ], [ -3.034, 34.5619 ], [ -3.0606, 34.5952 ], [ -3.0588, 34.6203 ], [ -3.0128, 34.6143 ], [ -2.9638, 34.5904 ], [ -2.9353, 34.6061 ], [ -2.9538, 34.6261 ], [ -2.9759, 34.6385 ], [ -2.9873, 34.65 ], [ -2.9418, 34.6594 ], [ -2.9378, 34.6637 ], [ -2.9557, 34.6807 ], [ -3.013, 34.7068 ], [ -3.0302, 34.7085 ], [ -3.0865, 34.7331 ], [ -3.1289, 34.7465 ], [ -3.1517, 34.7591 ], [ -3.1819, 34.7688 ], [ -3.2165, 34.7682 ], [ -3.2774, 34.7529 ], [ -3.3157, 34.7045 ], [ -3.361, 34.6638 ], [ -3.386, 34.6484 ], [ -3.4636, 34.6109 ], [ -3.4775, 34.5909 ], [ -3.4785, 34.5629 ], [ -3.4891, 34.5432 ], [ -3.5067, 34.538 ], [ -3.5317, 34.5445 ], [ -3.5558, 34.5702 ], [ -3.5737, 34.5942 ], [ -3.5718, 34.6139 ], [ -3.5977, 34.6043 ], [ -3.6262, 34.6161 ], [ -3.641, 34.6332 ], [ -3.6696, 34.6246 ], [ -3.6931, 34.6245 ], [ -3.7161, 34.6303 ], [ -3.7184, 34.6386 ], [ -3.7235, 34.64 ], [ -3.7325, 34.635 ], [ -3.7342, 34.6262 ], [ -3.743, 34.6201 ], [ -3.7524, 34.6175 ], [ -3.7716, 34.6223 ], [ -3.7735, 34.6199 ], [ -3.7701, 34.609 ], [ -3.7582, 34.5907 ], [ -3.7692, 34.575 ], [ -3.7573, 34.5615 ], [ -3.7553, 34.5541 ], [ -3.7458, 34.5467 ], [ -3.7545, 34.5412 ], [ -3.7536, 34.5328 ], [ -3.7619, 34.53 ], [ -3.7759, 34.4985 ], [ -3.796, 34.479 ], [ -3.7956, 34.4751 ], [ -3.8435, 34.456 ], [ -3.8509, 34.4461 ], [ -3.8412, 34.4404 ], [ -3.8558, 34.4114 ], [ -3.8345, 34.4131 ], [ -3.8459, 34.4046 ], [ -3.8445, 34.395 ], [ -3.8384, 34.394 ], [ -3.8595, 34.3711 ], [ -3.8492, 34.3661 ], [ -3.8432, 34.3714 ], [ -3.8402, 34.3686 ], [ -3.8443, 34.3562 ], [ -3.8437, 34.3431 ], [ -3.8342, 34.338 ], [ -3.8497, 34.3168 ], [ -3.8625, 34.307 ], [ -3.8875, 34.3019 ], [ -3.8947, 34.3066 ], [ -3.9061, 34.3065 ], [ -3.9172, 34.3013 ], [ -3.9095, 34.2837 ], [ -3.9095, 34.2749 ], [ -3.9144, 34.2729 ], [ -3.9084, 34.2603 ], [ -3.8887, 34.2596 ], [ -3.8832, 34.2501 ], [ -3.8889, 34.2411 ], [ -3.878, 34.2314 ], [ -3.8842, 34.2273 ], [ -3.8915, 34.2292 ], [ -3.8957, 34.2252 ], [ -3.853, 34.2169 ], [ -3.8394, 34.2109 ], [ -3.8281, 34.2134 ], [ -3.8155, 34.2099 ], [ -3.8314, 34.1526 ], [ -3.8319, 34.1361 ], [ -3.8382, 34.1272 ], [ -3.8304, 34.1176 ], [ -3.8371, 34.102 ], [ -3.8377, 34.0725 ], [ -3.8415, 34.0546 ], [ -3.8529, 34.0295 ], [ -3.8525, 34.0232 ], [ -3.8459, 34.0221 ], [ -3.8249, 34.0078 ], [ -3.8668, 33.9898 ], [ -3.8663, 33.9845 ], [ -3.8703, 33.9817 ], [ -3.8772, 33.9834 ], [ -3.8856, 33.9731 ], [ -3.8924, 33.9729 ], [ -3.9066, 33.9217 ], [ -3.9114, 33.9169 ], [ -3.9018, 33.8924 ], [ -3.9059, 33.8747 ], [ -3.9277, 33.8317 ], [ -3.9549, 33.8103 ], [ -3.9758, 33.7821 ], [ -3.9661, 33.7806 ], [ -3.9684, 33.7693 ], [ -3.9594, 33.7345 ], [ -3.9894, 33.7202 ], [ -4.0096, 33.7197 ], [ -4.1034, 33.6824 ], [ -4.0801, 33.675 ], [ -4.0878, 33.6636 ], [ -4.1231, 33.6638 ], [ -4.1197, 33.6493 ], [ -4.1129, 33.6468 ], [ -4.1082, 33.6386 ], [ -4.0854, 33.639 ], [ -4.085, 33.6239 ], [ -4.0926, 33.6035 ], [ -4.1006, 33.5868 ], [ -4.1105, 33.5761 ], [ -4.1096, 33.5614 ], [ -4.0922, 33.5552 ], [ -4.0581, 33.5262 ], [ -4.0309, 33.5169 ], [ -4.0101, 33.5239 ], [ -3.9835, 33.5131 ], [ -3.9467, 33.5146 ], [ -3.9343, 33.5282 ], [ -3.9302, 33.5458 ], [ -3.8991, 33.5502 ], [ -3.8889, 33.5709 ], [ -3.8744, 33.5707 ], [ -3.8476, 33.5423 ], [ -3.8473, 33.521 ], [ -3.8433, 33.5094 ], [ -3.8377, 33.5115 ], [ -3.7944, 33.5575 ], [ -3.8088, 33.5707 ], [ -3.8226, 33.57 ], [ -3.8573, 33.5934 ], [ -3.8028, 33.6568 ], [ -3.7366, 33.6777 ], [ -3.7115, 33.7014 ], [ -3.6932, 33.728 ], [ -3.6508, 33.7408 ], [ -3.5424, 33.868 ], [ -3.5323, 33.8947 ], [ -3.5164, 33.9096 ], [ -3.4933, 33.9058 ], [ -3.4664, 33.8775 ], [ -3.4295, 33.8625 ], [ -3.4203, 33.8479 ], [ -3.3795, 33.8323 ], [ -3.3639, 33.8123 ], [ -3.3309, 33.7869 ], [ -3.302, 33.7778 ], [ -3.2766, 33.7757 ], [ -3.2345, 33.7637 ], [ -3.1907, 33.7602 ], [ -3.153, 33.7645 ], [ -3.0943, 33.7617 ] ] ] } },
{ "type": "Feature", "properties": { "iso3": "MAR", "unit_id": "98779951B51691031943401", "unit_name": "Province de Jerada" }, "geometry": { "type": "Polygon", "coordinates": [ [ [ -2.3158, 34.4045 ], [ -2.3064, 34.3835 ], [ -2.277, 34.3527 ], [ -2.2754, 34.3399 ], [ -2.2804, 34.3387 ], [ -2.2714, 34.3232 ], [ -2.2876, 34.3139 ], [ -2.301, 34.3302 ], [ -2.33, 34.3215 ], [ -2.3411, 34.2893 ], [ -2.4681, 34.2894 ], [ -2.4766, 34.2754 ], [ -2.5157, 34.2647 ], [ -2.5309, 34.2331 ], [ -2.5269, 34.2133 ], [ -2.5117, 34.1958 ], [ -2.5013, 34.1742 ], [ -2.4867, 34.1264 ], [ -2.4447, 34.0748 ], [ -2.454, 34.0275 ], [ -2.5013, 33.9996 ], [ -2.6381, 33.965 ], [ -2.6436, 33.8571 ], [ -2.666, 33.8307 ], [ -2.6666, 33.7706 ], [ -2.6587, 33.7274 ], [ -2.658, 33.6957 ], [ -2.6277, 33.6945 ], [ -2.568, 33.6776 ], [ -2.4517, 33.6628 ], [ -2.3212, 33.64 ], [ -2.2951, 33.6727 ], [ -2.2582, 33.6856 ], [ -2.2136, 33.6932 ], [ -2.1247, 33.6886 ], [ -2.0521, 33.6588 ], [ -1.8478, 33.6384 ], [ -1.7829, 33.6394 ], [ -1.7363, 33.6469 ], [ -1.6462, 33.6697 ], [ -1.6465, 33.6758 ], [ -1.6582, 33.6817 ], [ -1.6778, 33.6757 ], [ -1.7019, 33.6756 ], [ -1.7083, 33.678 ], [ -1.7115, 33.687 ], [ -1.7382, 33.7006 ], [ -1.7302, 33.7342 ], [ -1.6713, 33.7731 ], [ -1.6987, 33.8697 ], [ -1.6647, 34.0177 ], [ -1.6479, 34.1054 ], [ -1.692, 34.194 ], [ -1.7067, 34.2302 ], [ -1.706, 34.2509 ], [ -1.7118, 34.2616 ], [ -1.7083, 34.2738 ], [ -1.7109, 34.2885 ], [ -1.7053, 34.3069 ], [ -1.7342, 34.3453 ], [ -1.7686, 34.3718 ], [ -1.782, 34.3942 ], [ -1.7184, 34.4605 ], [ -1.6978, 34.4775 ], [ -1.6975, 34.4809 ], [ -1.6868, 34.4903 ], [ -1.6875, 34.493 ], [ -1.7039, 34.4963 ], [ -1.727, 34.5071 ], [ -1.7348, 34.5045 ], [ -1.7414, 34.5078 ], [ -1.7431, 34.5134 ], [ -1.7619, 34.5216 ], [ -1.7559, 34.5225 ], [ -1.7541, 34.5269 ], [ -1.7609, 34.5275 ], [ -1.7677, 34.5415 ], [ -1.7901, 34.5609 ], [ -1.7891, 34.5696 ], [ -1.7973, 34.5776 ], [ -1.8193, 34.5798 ], [ -1.847, 34.5712 ], [ -1.8581, 34.56 ], [ -1.8789, 34.5527 ], [ -1.8851, 34.5457 ], [ -1.896, 34.5462 ], [ -1.8974, 34.5508 ], [ -1.916, 34.5567 ], [ -1.9419, 34.5567 ], [ -1.9558, 34.5671 ], [ -1.9612, 34.5659 ], [ -1.9702, 34.5563 ], [ -1.9775, 34.56 ], [ -2.0255, 34.544 ], [ -2.0262, 34.5367 ], [ -2.0118, 34.5112 ], [ -2.0235, 34.5085 ], [ -2.0537, 34.5178 ], [ -2.058, 34.5104 ], [ -2.0494, 34.4999 ], [ -2.0529, 34.4835 ], [ -2.0582, 34.4856 ], [ -2.0883, 34.4611 ], [ -2.1344, 34.4489 ], [ -2.1777, 34.4441 ], [ -2.1885, 34.444 ], [ -2.1934, 34.4482 ], [ -2.2017, 34.44 ], [ -2.2016, 34.4216 ], [ -2.2192, 34.4263 ], [ -2.2323, 34.4251 ], [ -2.2582, 34.4296 ], [ -2.2843, 34.4102 ], [ -2.3016, 34.4134 ], [ -2.3163, 34.4123 ], [ -2.3158, 34.4045 ] ] ] } },
{ "type": "Feature", "properties": { "iso3": "MAR", "unit_id": "98779951B37072355119728", "unit_name": "Province de Nador" }, "geometry": { "type": "Polygon", "coordinates": [ [ [ -2.3436, 35.1241 ], [ -2.4059, 35.1375 ], [ -2.4186, 35.1425 ], [ -2.4202, 35.1462 ], [ -2.4232, 35.1442 ], [ -2.4231, 35.1471 ], [ -2.4185, 35.1465 ], [ -2.4237, 35.1483 ], [ -2.4809, 35.1046 ], [ -2.4959, 35.0981 ], [ -2.501, 35.0997 ], [ -2.5053, 35.0947 ], [ -2.5203, 35.0893 ], [ -2.5646, 35.0813 ], [ -2.5992, 35.0875 ], [ -2.6254, 35.0866 ], [ -2.651, 35.091 ], [ -2.6733, 35.0996 ], [ -2.69, 35.1014 ], [ -2.7639, 35.1343 ], [ -2.8399, 35.1927 ], [ -2.8399, 35.1974 ], [ -2.8426, 35.1927 ], [ -2.8446, 35.1955 ], [ -2.8415, 35.1968 ], [ -2.8445, 35.1963 ], [ -2.8567, 35.2062 ], [ -2.8545, 35.2108 ], [ -2.862, 35.1992 ], [ -2.8597, 35.2022 ], [ -2.8525, 35.1943 ], [ -2.8446, 35.1942 ], [ -2.8435, 35.1915 ], [ -2.8346, 35.187 ], [ -2.8129, 35.1648 ], [ -2.7887, 35.1517 ], [ -2.784, 35.1395 ], [ -2.7777, 35.1368 ], [ -2.7838, 35.1397 ], [ -2.7852, 35.1435 ], [ -2.7834, 35.1399 ], [ -2.7722, 35.1348 ], [ -2.7605, 35.1207 ], [ -2.7574, 35.1201 ], [ -2.763, 35.1245 ], [ -2.7564, 35.1232 ], [ -2.7451, 35.1131 ], [ -2.755, 35.0982 ], [ -2.7847, 35.1031 ], [ -2.8109, 35.1023 ], [ -2.8578, 35.121 ], [ -2.8587, 35.1244 ], [ -2.8647, 35.124 ], [ -2.879, 35.1305 ], [ -2.9022, 35.1485 ], [ -2.906, 35.1563 ], [ -2.9051, 35.1589 ], [ -2.9052, 35.155 ], [ -2.9031, 35.1524 ], [ -2.902, 35.1525 ], [ -2.9047, 35.1552 ], [ -2.902, 35.1583 ], [ -2.9052, 35.1592 ], [ -2.9057, 35.1639 ], [ -2.9111, 35.1651 ], [ -2.9245, 35.1848 ], [ -2.9254, 35.198 ], [ -2.9112, 35.2058 ], [ -2.9114, 35.2108 ], [ -2.904, 35.2063 ], [ -2.899, 35.2131 ], [ -2.906, 35.2182 ], [ -2.9165, 35.2171 ], [ -2.9241, 35.2251 ], [ -2.9244, 35.2314 ], [ -2.9312, 35.239 ], [ -2.9294, 35.251 ], [ -2.9216, 35.2581 ], [ -2.9211, 35.2546 ], [ -2.9154, 35.2522 ], [ -2.915, 35.2471 ], [ -2.9052, 35.2443 ], [ -2.9033, 35.2352 ], [ -2.8988, 35.2386 ], [ -2.901, 35.2341 ], [ -2.8951, 35.2341 ], [ -2.8805, 35.2222 ], [ -2.873, 35.208 ], [ -2.8667, 35.2092 ], [ -2.8611, 35.206 ], [ -2.8649, 35.2007 ], [ -2.858, 35.2101 ], [ -2.858, 35.2115 ], [ -2.8588, 35.2094 ], [ -2.8642, 35.2114 ], [ -2.9225, 35.264 ], [ -2.9136, 35.2769 ], [ -2.9179, 35.2844 ], [ -2.9141, 35.2768 ], [ -2.9207, 35.2787 ], [ -2.9163, 35.2741 ], [ -2.9216, 35.2768 ], [ -2.9188, 35.2711 ], [ -2.9238, 35.27 ], [ -2.9214, 35.2695 ], [ -2.923, 35.268 ], [ -2.9266, 35.2737 ], [ -2.9458, 35.2658 ], [ -2.9505, 35.2656 ], [ -2.9542, 35.2727 ], [ -2.9683, 35.282 ], [ -2.9648, 35.287 ], [ -2.9702, 35.2887 ], [ -2.9671, 35.3027 ], [ -2.96, 35.3159 ], [ -2.9521, 35.3201 ], [ -2.9615, 35.3316 ], [ -2.9563, 35.3467 ], [ -2.9714, 35.3629 ], [ -2.9658, 35.3796 ], [ -2.9595, 35.3837 ], [ -2.9636, 35.3915 ], [ -2.9555, 35.4043 ], [ -2.9637, 35.4074 ], [ -2.9645, 35.412 ], [ -2.9613, 35.4184 ], [ -2.95, 35.4264 ], [ -2.9562, 35.4362 ], [ -2.9637, 35.439 ], [ -2.9649, 35.4359 ], [ -2.9709, 35.4355 ], [ -2.9728, 35.4395 ], [ -2.9769, 35.4398 ], [ -2.9762, 35.4372 ], [ -2.989, 35.4327 ], [ -2.9945, 35.4356 ], [ -2.9952, 35.4173 ], [ -3.0051, 35.4106 ], [ -3.0036, 35.4088 ], [ -3.0073, 35.406 ], [ -3.0051, 35.4044 ], [ -3.0103, 35.4015 ], [ -3.003, 35.3973 ], [ -3.0056, 35.3936 ], [ -3.011, 35.3951 ], [ -3.0077, 35.3908 ], [ -3.0103, 35.3895 ], [ -3.0099, 35.3819 ], [ -3.0488, 35.3183 ], [ -3.0677, 35.2945 ], [ -3.0835, 35.2811 ], [ -3.1028, 35.2729 ], [ -3.1102, 35.2721 ], [ -3.1246, 35.2836 ], [ -3.1348, 35.2846 ], [ -3.1342, 35.2805 ], [ -3.1429, 35.2741 ], [ -3.1429, 35.2693 ], [ -3.1652, 35.2459 ], [ -3.1963, 35.2268 ], [ -3.1841, 35.2138 ], [ -3.1692, 35.2076 ], [ -3.1697, 35.203 ], [ -3.1758, 35.1971 ], [ -3.1695, 35.1882 ], [ -3.1697, 35.1804 ], [ -3.194, 35.1733 ], [ -3.1943, 35.1658 ], [ -3.2038, 35.1466 ], [ -3.2008, 35.1343 ], [ -3.2148, 35.1211 ], [ -3.2213, 35.1095 ], [ -3.221, 35.0986 ], [ -3.2278, 35.0978 ], [ -3.2256, 35.0776 ], [ -3.2198, 35.0787 ], [ -3.2085, 35.0583 ], [ -3.2248, 35.0487 ], [ -3.2319, 35.0485 ], [ -3.2532, 35.0317 ], [ -3.2436, 35.007 ], [ -3.2266, 34.9955 ], [ -3.2057, 34.9903 ], [ -3.2013, 34.9611 ], [ -3.2566, 34.9515 ], [ -3.2605, 34.9329 ], [ -3.2575, 34.9088 ], [ -3.2668, 34.8714 ], [ -3.2706, 34.869 ], [ -3.2644, 34.8684 ], [ -3.2284, 34.8182 ], [ -3.2676, 34.8051 ], [ -3.2609, 34.7572 ], [ -3.2165, 34.7682 ], [ -3.1819, 34.7688 ], [ -3.1517, 34.7591 ], [ -3.1289, 34.7465 ], [ -3.0865, 34.7331 ], [ -3.0302, 34.7085 ], [ -3.013, 34.7068 ], [ -2.9557, 34.6807 ], [ -2.9378, 34.6637 ], [ -2.9147, 34.6769 ], [ -2.8948, 34.681 ], [ -2.8678, 34.6949 ], [ -2.8589, 34.6964 ], [ -2.8467, 34.7071 ], [ -2.8399, 34.7079 ], [ -2.833, 34.7169 ], [ -2.8207, 34.7228 ], [ -2.816, 34.731 ], [ -2.8084, 34.7329 ], [ -2.7988, 34.7462 ], [ -2.7909, 34.7511 ], [ -2.7965, 34.762 ], [ -2.7839, 34.7628 ], [ -2.7774, 34.7713 ], [ -2.7777, 34.7835 ], [ -2.7674, 34.797 ], [ -2.7687, 34.8023 ], [ -2.7415, 34.8239 ], [ -2.7424, 34.8299 ], [ -2.737, 34.8304 ], [ -2.724, 34.8402 ], [ -2.7156, 34.8366 ], [ -2.7099, 34.845 ], [ -2.7118, 34.852 ], [ -2.7039, 34.8539 ], [ -2.7021, 34.8627 ], [ -2.6944, 34.854 ], [ -2.6908, 34.8625 ], [ -2.6724, 34.8653 ], [ -2.6664, 34.8609 ], [ -2.6687, 34.8658 ], [ -2.667, 34.8749 ], [ -2.6725, 34.8826 ], [ -2.6556, 34.8876 ], [ -2.6574, 34.8773 ], [ -2.6536, 34.8754 ], [ -2.6499, 34.8778 ], [ -2.649, 34.8856 ], [ -2.6447, 34.8903 ], [ -2.6473, 34.8974 ], [ -2.6315, 34.9134 ], [ -2.6261, 34.9132 ], [ -2.6196, 34.9206 ], [ -2.6007, 34.9188 ], [ -2.5987, 34.9272 ], [ -2.5885, 34.9293 ], [ -2.5784, 34.9235 ], [ -2.559, 34.9306 ], [ -2.5589, 34.9384 ], [ -2.5531, 34.9415 ], [ -2.549, 34.9501 ], [ -2.5369, 34.948 ], [ -2.5316, 34.9408 ], [ -2.52, 34.9433 ], [ -2.5111, 34.9416 ], [ -2.5099, 34.9482 ], [ -2.5021, 34.9452 ], [ -2.4977, 34.9502 ], [ -2.4856, 34.9504 ], [ -2.4869, 34.9552 ], [ -2.4832, 34.9581 ], [ -2.4706, 34.9583 ], [ -2.4671, 34.9652 ], [ -2.4554, 34.9716 ], [ -2.4557, 34.9784 ], [ -2.4459, 34.987 ], [ -2.4511, 34.9915 ], [ -2.449, 34.9971 ], [ -2.4537, 34.9982 ], [ -2.4574, 35.0041 ], [ -2.452, 35.0093 ], [ -2.4443, 35.0102 ], [ -2.4419, 35.0171 ], [ -2.4276, 35.0247 ], [ -2.4329, 35.032 ], [ -2.4276, 35.0336 ], [ -2.4269, 35.0391 ], [ -2.4333, 35.0465 ], [ -2.4231, 35.0536 ], [ -2.4051, 35.0559 ], [ -2.3984, 35.0658 ], [ -2.3979, 35.0724 ], [ -2.3933, 35.0742 ], [ -2.3971, 35.0794 ], [ -2.4085, 35.079 ], [ -2.411, 35.0819 ], [ -2.4054, 35.0864 ], [ -2.3925, 35.0888 ], [ -2.3892, 35.0972 ], [ -2.3752, 35.0946 ], [ -2.3692, 35.0966 ], [ -2.3682, 35.1066 ], [ -2.3477, 35.1117 ], [ -2.3436, 35.1241 ] ] ] } },
{ "type": "Feature", "properties": { "iso3": "MAR", "unit_id": "98779951B48067972958192", "unit_name": "Province de Taourirt" }, "geometry": { "type": "Polygon", "coordinates": [ [ [ -3.0464, 33.348 ], [ -3.0057, 33.3759 ], [ -2.9399, 33.4611 ], [ -2.8891, 33.4969 ], [ -2.8551, 33.5391 ], [ -2.8398, 33.5986 ], [ -2.8189, 33.6258 ], [ -2.7986, 33.6619 ], [ -2.7747, 33.6815 ], [ -2.658, 33.6957 ], [ -2.6587, 33.7274 ], [ -2.6666, 33.7706 ], [ -2.666, 33.8307 ], [ -2.6436, 33.8571 ], [ -2.6381, 33.965 ], [ -2.5013, 33.9996 ], [ -2.454, 34.0275 ], [ -2.4447, 34.0748 ], [ -2.4867, 34.1264 ], [ -2.5013, 34.1742 ], [ -2.5117, 34.1958 ], [ -2.5269, 34.2133 ], [ -2.5309, 34.2331 ], [ -2.5157, 34.2647 ], [ -2.4766, 34.2754 ], [ -2.4681, 34.2894 ], [ -2.3411, 34.2893 ], [ -2.33, 34.3215 ], [ -2.301, 34.3302 ], [ -2.2876, 34.3139 ], [ -2.2714, 34.3232 ], [ -2.2804, 34.3387 ], [ -2.2754, 34.3399 ], [ -2.277, 34.3527 ], [ -2.3064, 34.3835 ], [ -2.3158, 34.4045 ], [ -2.3349, 34.4005 ], [ -2.3354, 34.4093 ], [ -2.3441, 34.4314 ], [ -2.3483, 34.4318 ], [ -2.3515, 34.4384 ], [ -2.3357, 34.4592 ], [ -2.3391, 34.463 ], [ -2.3396, 34.4716 ], [ -2.336, 34.5066 ], [ -2.3274, 34.5218 ], [ -2.3072, 34.5417 ], [ -2.327, 34.5709 ], [ -2.3277, 34.5911 ], [ -2.3531, 34.5881 ], [ -2.3756, 34.6087 ], [ -2.3975, 34.5968 ], [ -2.4154, 34.6089 ], [ -2.4599, 34.5958 ], [ -2.4627, 34.6049 ], [ -2.4788, 34.6082 ], [ -2.462, 34.6406 ], [ -2.4427, 34.6888 ], [ -2.4719, 34.7397 ], [ -2.4931, 34.7317 ], [ -2.5079, 34.74 ], [ -2.5285, 34.746 ], [ -2.5513, 34.744 ], [ -2.5692, 34.7378 ], [ -2.575, 34.7285 ], [ -2.5999, 34.7209 ], [ -2.6448, 34.724 ], [ -2.6812, 34.7208 ], [ -2.7232, 34.7267 ], [ -2.7562, 34.7271 ], [ -2.7639, 34.7278 ], [ -2.7752, 34.7348 ], [ -2.7837, 34.7358 ], [ -2.7859, 34.7328 ], [ -2.8033, 34.7387 ], [ -2.8084, 34.7329 ], [ -2.816, 34.731 ], [ -2.8207, 34.7228 ], [ -2.833, 34.7169 ], [ -2.8399, 34.7079 ], [ -2.8467, 34.7071 ], [ -2.8589, 34.6964 ], [ -2.8678, 34.6949 ], [ -2.8948, 34.681 ], [ -2.9147, 34.6769 ], [ -2.9418, 34.6594 ], [ -2.9873, 34.65 ], [ -2.9759, 34.6385 ], [ -2.9538, 34.6261 ], [ -2.9353, 34.6061 ], [ -2.9539, 34.5943 ], [ -2.9638, 34.5904 ], [ -3.0128, 34.6143 ], [ -3.0588, 34.6203 ], [ -3.0606, 34.5952 ], [ -3.034, 34.5619 ], [ -3.048, 34.5595 ], [ -3.0697, 34.5233 ], [ -3.0619, 34.5011 ], [ -3.1008, 34.4948 ], [ -3.1045, 34.4617 ], [ -3.1203, 34.4598 ], [ -3.1712, 34.4322 ], [ -3.2149, 34.4034 ], [ -3.2027, 34.387 ], [ -3.2218, 34.3715 ], [ -3.1955, 34.3283 ], [ -3.1154, 34.2745 ], [ -3.1121, 34.2603 ], [ -3.1118, 34.2287 ], [ -3.1047, 34.198 ], [ -3.0967, 34.1816 ], [ -3.0561, 34.1227 ], [ -3.0831, 34.0702 ], [ -3.1016, 34.0582 ], [ -3.1533, 34.0399 ], [ -3.2181, 33.9965 ], [ -3.2341, 33.9692 ], [ -3.2317, 33.9415 ], [ -3.1628, 33.8822 ], [ -3.1478, 33.8544 ], [ -3.1099, 33.798 ], [ -3.0943, 33.7617 ], [ -3.0451, 33.7654 ], [ -3.0324, 33.7315 ], [ -3.0584, 33.7063 ], [ -3.091, 33.6902 ], [ -3.1234, 33.6602 ], [ -3.1204, 33.6335 ], [ -3.1525, 33.6031 ], [ -3.175, 33.5912 ], [ -3.1905, 33.5704 ], [ -3.2137, 33.5652 ], [ -3.2269, 33.5536 ], [ -3.2279, 33.5347 ], [ -3.2451, 33.5276 ], [ -3.2573, 33.5167 ], [ -3.0464, 33.348 ] ] ] } },
{ "type": "Feature", "properties": { "iso3": "MAR", "unit_id": "98779951B50668844375424", "unit_name": "Prefecture de Skhirate Temara" }, "geometry": { "type": "Polygon", "coordinates": [ [ [ -6.7615, 33.5485 ], [ -6.7649, 33.5509 ], [ -6.7588, 33.5535 ], [ -6.7632, 33.5801 ], [ -6.7586, 33.5948 ], [ -6.7541, 33.6449 ], [ -6.736, 33.6912 ], [ -6.7338, 33.7171 ], [ -6.7272, 33.7368 ], [ -6.7172, 33.7541 ], [ -6.7287, 33.7612 ], [ -6.7336, 33.7745 ], [ -6.7211, 33.7757 ], [ -6.7233, 33.8006 ], [ -6.7345, 33.806 ], [ -6.7337, 33.8097 ], [ -6.72, 33.8181 ], [ -6.7322, 33.8237 ], [ -6.7264, 33.8349 ], [ -6.7355, 33.8369 ], [ -6.7339, 33.844 ], [ -6.7461, 33.8539 ], [ -6.754, 33.8702 ], [ -6.7479, 33.8807 ], [ -6.7641, 33.8941 ], [ -6.7659, 33.9015 ], [ -6.7553, 33.9069 ], [ -6.7552, 33.9096 ], [ -6.7483, 33.9104 ], [ -6.7452, 33.9226 ], [ -6.7501, 33.9376 ], [ -6.7561, 33.9425 ], [ -6.7675, 33.9343 ], [ -6.773, 33.9378 ], [ -6.7835, 33.9345 ], [ -6.7942, 33.9362 ], [ -6.8068, 33.9286 ], [ -6.804, 33.9175 ], [ -6.8244, 33.8956 ], [ -6.8821, 33.9373 ], [ -6.8773, 33.9401 ], [ -6.8814, 33.9442 ], [ -6.8943, 33.9448 ], [ -6.9174, 33.9621 ], [ -6.9484, 33.9345 ], [ -6.9602, 33.9292 ], [ -6.9642, 33.923 ], [ -6.968, 33.9245 ], [ -6.9737, 33.917 ], [ -6.9775, 33.9185 ], [ -6.9819, 33.9108 ], [ -6.9894, 33.9092 ], [ -6.9962, 33.9013 ], [ -7.0024, 33.901 ], [ -7.0015, 33.8969 ], [ -7.0263, 33.8834 ], [ -7.0293, 33.8774 ], [ -7.0339, 33.8786 ], [ -7.051, 33.8702 ], [ -7.0519, 33.8729 ], [ -7.0478, 33.8744 ], [ -7.0521, 33.8731 ], [ -7.0525, 33.87 ], [ -7.0634, 33.8699 ], [ -7.126, 33.8318 ], [ -7.1108, 33.8159 ], [ -7.0994, 33.7953 ], [ -7.0821, 33.7921 ], [ -7.0663, 33.8002 ], [ -7.0603, 33.7977 ], [ -7.0625, 33.7831 ], [ -7.0522, 33.7753 ], [ -7.0506, 33.7696 ], [ -7.0434, 33.7699 ], [ -7.0391, 33.762 ], [ -7.0373, 33.7436 ], [ -7.0304, 33.734 ], [ -7.0215, 33.703 ], [ -7.0282, 33.6923 ], [ -7.0259, 33.6888 ], [ -7.0292, 33.6826 ], [ -7.0189, 33.6786 ], [ -7.0151, 33.6718 ], [ -7.0134, 33.6549 ], [ -7.0053, 33.6516 ], [ -6.9978, 33.6309 ], [ -7.0022, 33.6295 ], [ -7.0043, 33.6242 ], [ -7.004, 33.615 ], [ -6.998, 33.6086 ], [ -6.992, 33.6098 ], [ -6.9884, 33.603 ], [ -6.9922, 33.6009 ], [ -6.9922, 33.591 ], [ -6.988, 33.5919 ], [ -6.9876, 33.5846 ], [ -6.9809, 33.5827 ], [ -6.9848, 33.5812 ], [ -6.9779, 33.5778 ], [ -6.9774, 33.5737 ], [ -6.9724, 33.574 ], [ -6.9806, 33.5686 ], [ -6.9663, 33.5573 ], [ -6.9585, 33.5443 ], [ -6.9508, 33.5422 ], [ -6.9463, 33.5457 ], [ -6.9447, 33.548 ], [ -6.9503, 33.5577 ], [ -6.9494, 33.565 ], [ -6.9369, 33.58 ], [ -6.9258, 33.5841 ], [ -6.917, 33.5832 ], [ -6.9079, 33.5719 ], [ -6.893, 33.5743 ], [ -6.8623, 33.5684 ], [ -6.8534, 33.5721 ], [ -6.8269, 33.5686 ], [ -6.8103, 33.5709 ], [ -6.7964, 33.5619 ], [ -6.7735, 33.5623 ], [ -6.7675, 33.5498 ], [ -6.7615, 33.5485 ] ] ] } },
{ "type": "Feature", "properties": { "iso3": "MAR", "unit_id": "98779951B57234145870640", "unit_name": "Prefecture of Rabat" }, "geometry": { "type": "Polygon", "coordinates": [ [ [ -6.8068, 33.9286 ], [ -6.7824, 33.9474 ], [ -6.7757, 33.9628 ], [ -6.7631, 33.9738 ], [ -6.7615, 33.9797 ], [ -6.7679, 33.9914 ], [ -6.7727, 33.9923 ], [ -6.7783, 33.9991 ], [ -6.7901, 33.9899 ], [ -6.8037, 33.9941 ], [ -6.8118, 34.007 ], [ -6.8071, 34.0167 ], [ -6.8087, 34.0239 ], [ -6.834, 34.0297 ], [ -6.8356, 34.0352 ], [ -6.8388, 34.0339 ], [ -6.8402, 34.0378 ], [ -6.8395, 34.0328 ], [ -6.8525, 34.0259 ], [ -6.9174, 33.9621 ], [ -6.8943, 33.9448 ], [ -6.8814, 33.9442 ], [ -6.8773, 33.9401 ], [ -6.8821, 33.9373 ], [ -6.8244, 33.8956 ], [ -6.804, 33.9175 ], [ -6.8068, 33.9286 ] ] ] } },
{ "type": "Feature", "properties": { "iso3": "MAR", "unit_id": "98779951B24457163320661", "unit_name": "Prefecture of Sale" }, "geometry": { "type": "Polygon", "coordinates": [ [ [ -6.7479, 33.8807 ], [ -6.7386, 33.8866 ], [ -6.7225, 33.8816 ], [ -6.7127, 33.8737 ], [ -6.6944, 33.8768 ], [ -6.6869, 33.8676 ], [ -6.6719, 33.8611 ], [ -6.6681, 33.8548 ], [ -6.654, 33.8575 ], [ -6.6508, 33.8543 ], [ -6.6499, 33.8437 ], [ -6.6445, 33.8456 ], [ -6.6434, 33.853 ], [ -6.6376, 33.8538 ], [ -6.6356, 33.848 ], [ -6.641, 33.8441 ], [ -6.6402, 33.8416 ], [ -6.6206, 33.8388 ], [ -6.6151, 33.8304 ], [ -6.5988, 33.8288 ], [ -6.5935, 33.8252 ], [ -6.5957, 33.8148 ], [ -6.5916, 33.8099 ], [ -6.5857, 33.8097 ], [ -6.5828, 33.8047 ], [ -6.5863, 33.8 ], [ -6.5847, 33.796 ], [ -6.5749, 33.7891 ], [ -6.5688, 33.7903 ], [ -6.5688, 33.7945 ], [ -6.5654, 33.7914 ], [ -6.5499, 33.7983 ], [ -6.5495, 33.7916 ], [ -6.5451, 33.7872 ], [ -6.5386, 33.7868 ], [ -6.5196, 33.7944 ], [ -6.5191, 33.8017 ], [ -6.5118, 33.8148 ], [ -6.5173, 33.8206 ], [ -6.514, 33.8343 ], [ -6.516, 33.8375 ], [ -6.5079, 33.843 ], [ -6.503, 33.8392 ], [ -6.4959, 33.8252 ], [ -6.483, 33.8264 ], [ -6.4764, 33.8327 ], [ -6.4732, 33.8499 ], [ -6.4762, 33.8621 ], [ -6.4904, 33.8664 ], [ -6.507, 33.8657 ], [ -6.5204, 33.8748 ], [ -6.5408, 33.9054 ], [ -6.5512, 33.9 ], [ -6.5616, 33.9026 ], [ -6.5298, 33.9341 ], [ -6.5333, 33.9573 ], [ -6.5727, 33.9977 ], [ -6.5686, 34.019 ], [ -6.6011, 34.0229 ], [ -6.5518, 34.0651 ], [ -6.5585, 34.1059 ], [ -6.5851, 34.1134 ], [ -6.5754, 34.1244 ], [ -6.6317, 34.1246 ], [ -6.6836, 34.1616 ], [ -6.7014, 34.1444 ], [ -6.7307, 34.1588 ], [ -6.7925, 34.081 ], [ -6.8046, 34.0699 ], [ -6.808, 34.0714 ], [ -6.8073, 34.0679 ], [ -6.8102, 34.0676 ], [ -6.8083, 34.065 ], [ -6.8159, 34.0631 ], [ -6.8304, 34.0467 ], [ -6.8335, 34.0419 ], [ -6.8339, 34.0394 ], [ -6.8383, 34.0397 ], [ -6.8339, 34.0391 ], [ -6.8334, 34.0411 ], [ -6.8333, 34.0388 ], [ -6.8357, 34.0388 ], [ -6.8322, 34.0383 ], [ -6.8333, 34.0352 ], [ -6.8355, 34.0367 ], [ -6.833, 34.0309 ], [ -6.8087, 34.0239 ], [ -6.8071, 34.0167 ], [ -6.8118, 34.007 ], [ -6.8037, 33.9941 ], [ -6.7901, 33.9899 ], [ -6.7783, 33.9991 ], [ -6.7727, 33.9923 ], [ -6.7679, 33.9914 ], [ -6.7615, 33.9797 ], [ -6.7631, 33.9738 ], [ -6.7757, 33.9628 ], [ -6.7824, 33.9474 ], [ -6.7952, 33.9374 ], [ -6.7835, 33.9345 ], [ -6.773, 33.9378 ], [ -6.7675, 33.9343 ], [ -6.7561, 33.9425 ], [ -6.7501, 33.9376 ], [ -6.7452, 33.9226 ], [ -6.7483, 33.9104 ], [ -6.7552, 33.9096 ], [ -6.7553, 33.9069 ], [ -6.7659, 33.9015 ], [ -6.7641, 33.8941 ], [ -6.7479, 33.8807 ] ] ] } },
{ "type": "Feature", "properties": { "iso3": "MAR", "unit_id": "98779951B86948527936217", "unit_name": "Province de Kenitra" }, "geometry": { "type": "Polygon", "coordinates": [ [ [ -6.5574, 34.0976 ], [ -6.5368, 34.123 ], [ -6.4712, 34.1219 ], [ -6.421, 34.1799 ], [ -6.4222, 34.1601 ], [ -6.3871, 34.155 ], [ -6.3624, 34.1698 ], [ -6.3486, 34.1535 ], [ -6.3108, 34.1521 ], [ -6.2786, 34.1627 ], [ -6.2862, 34.1722 ], [ -6.279, 34.1782 ], [ -6.2827, 34.1858 ], [ -6.2728, 34.2034 ], [ -6.2729, 34.2147 ], [ -6.2651, 34.2315 ], [ -6.2613, 34.25 ], [ -6.2481, 34.2654 ], [ -6.2455, 34.283 ], [ -6.3095, 34.2862 ], [ -6.3094, 34.2926 ], [ -6.2918, 34.2953 ], [ -6.2872, 34.304 ], [ -6.2654, 34.2987 ], [ -6.2631, 34.3175 ], [ -6.2899, 34.315 ], [ -6.2899, 34.3236 ], [ -6.3131, 34.3225 ], [ -6.3109, 34.3503 ], [ -6.3158, 34.3593 ], [ -6.3015, 34.3659 ], [ -6.2943, 34.374 ], [ -6.2911, 34.383 ], [ -6.2928, 34.3964 ], [ -6.2894, 34.4022 ], [ -6.2795, 34.4078 ], [ -6.2627, 34.4321 ], [ -6.2569, 34.4481 ], [ -6.2588, 34.4521 ], [ -6.2545, 34.4717 ], [ -6.2606, 34.4741 ], [ -6.2612, 34.479 ], [ -6.276, 34.485 ], [ -6.2761, 34.4899 ], [ -6.3001, 34.4901 ], [ -6.3127, 34.4957 ], [ -6.3167, 34.4907 ], [ -6.3207, 34.4913 ], [ -6.321, 34.5 ], [ -6.3158, 34.5037 ], [ -6.3069, 34.5038 ], [ -6.306, 34.5212 ], [ -6.3001, 34.5246 ], [ -6.2938, 34.5231 ], [ -6.2924, 34.5177 ], [ -6.2958, 34.5103 ], [ -6.2875, 34.5096 ], [ -6.2804, 34.5046 ], [ -6.2782, 34.5101 ], [ -6.2859, 34.524 ], [ -6.2826, 34.5294 ], [ -6.2752, 34.5316 ], [ -6.2504, 34.5117 ], [ -6.2427, 34.511 ], [ -6.2537, 34.5325 ], [ -6.2517, 34.5365 ], [ -6.2347, 34.5428 ], [ -6.24, 34.5506 ], [ -6.2389, 34.5584 ], [ -6.2337, 34.5597 ], [ -6.222, 34.5539 ], [ -6.2148, 34.5402 ], [ -6.2068, 34.541 ], [ -6.2023, 34.5482 ], [ -6.2106, 34.5486 ], [ -6.2167, 34.553 ], [ -6.2226, 34.5635 ], [ -6.2213, 34.571 ], [ -6.2128, 34.5722 ], [ -6.208, 34.5584 ], [ -6.2029, 34.5573 ], [ -6.192, 34.5668 ], [ -6.1955, 34.5794 ], [ -6.1931, 34.585 ], [ -6.1861, 34.5851 ], [ -6.1798, 34.5762 ], [ -6.1698, 34.5982 ], [ -6.1446, 34.5914 ], [ -6.1422, 34.5951 ], [ -6.1434, 34.6104 ], [ -6.1352, 34.617 ], [ -6.1275, 34.6157 ], [ -6.1341, 34.6037 ], [ -6.132, 34.6001 ], [ -6.1211, 34.6079 ], [ -6.1059, 34.602 ], [ -6.0915, 34.6089 ], [ -6.0888, 34.6068 ], [ -6.0915, 34.597 ], [ -6.0869, 34.593 ], [ -6.0779, 34.5972 ], [ -6.0763, 34.6016 ], [ -6.0566, 34.6023 ], [ -6.0498, 34.6267 ], [ -6.0363, 34.6145 ], [ -6.0148, 34.6085 ], [ -6.0212, 34.6201 ], [ -6.0177, 34.63 ], [ -6.0067, 34.6415 ], [ -5.9952, 34.6384 ], [ -5.9924, 34.6452 ], [ -5.9804, 34.6484 ], [ -5.9768, 34.6511 ], [ -5.9779, 34.6545 ], [ -5.9728, 34.655 ], [ -5.9717, 34.6514 ], [ -5.9558, 34.6511 ], [ -5.9332, 34.6432 ], [ -5.9219, 34.632 ], [ -5.9225, 34.6225 ], [ -5.8897, 34.6194 ], [ -5.8603, 34.6274 ], [ -5.8482, 34.6258 ], [ -5.8481, 34.6324 ], [ -5.8616, 34.6456 ], [ -5.8593, 34.6499 ], [ -5.8614, 34.6517 ], [ -5.8646, 34.6523 ], [ -5.8736, 34.6432 ], [ -5.8835, 34.6489 ], [ -5.884, 34.651 ], [ -5.8761, 34.6544 ], [ -5.8805, 34.6591 ], [ -5.8716, 34.6885 ], [ -5.8722, 34.7252 ], [ -5.89, 34.7674 ], [ -5.8826, 34.7937 ], [ -5.9, 34.8293 ], [ -5.8885, 34.8306 ], [ -5.8737, 34.826 ], [ -5.8635, 34.8297 ], [ -5.8595, 34.8428 ], [ -5.8291, 34.8519 ], [ -5.8244, 34.8348 ], [ -5.8168, 34.8281 ], [ -5.8087, 34.8343 ], [ -5.7909, 34.8352 ], [ -5.7864, 34.8406 ], [ -5.791, 34.8507 ], [ -5.7844, 34.8528 ], [ -5.7745, 34.8741 ], [ -5.7849, 34.8778 ], [ -5.7912, 34.8875 ], [ -5.7813, 34.9279 ], [ -5.8332, 34.9436 ], [ -5.8783, 34.934 ], [ -5.9194, 34.941 ], [ -5.962, 34.97 ], [ -6.007, 34.9918 ], [ -6.0264, 34.9765 ], [ -6.0538, 34.9765 ], [ -6.0668, 34.9905 ], [ -6.058, 34.9982 ], [ -6.0748, 35.0078 ], [ -6.1002, 35.0155 ], [ -6.1268, 35.0105 ], [ -6.1385, 34.997 ], [ -6.1859, 34.9889 ], [ -6.2434, 35.0014 ], [ -6.3021, 34.8682 ], [ -6.3903, 34.6981 ], [ -6.4251, 34.6372 ], [ -6.5375, 34.4517 ], [ -6.6755, 34.2652 ], [ -6.684, 34.2672 ], [ -6.6779, 34.2649 ], [ -6.6695, 34.2656 ], [ -6.6538, 34.2743 ], [ -6.648, 34.2705 ], [ -6.6659, 34.2616 ], [ -6.6866, 34.263 ], [ -6.6789, 34.2607 ], [ -6.6894, 34.2312 ], [ -6.7124, 34.1858 ], [ -6.7307, 34.1588 ], [ -6.7014, 34.1444 ], [ -6.6836, 34.1616 ], [ -6.6317, 34.1246 ], [ -6.5754, 34.1244 ], [ -6.5851, 34.1134 ], [ -6.5585, 34.1059 ], [ -6.5574, 34.0976 ] ] ] } },
{ "type": "Feature", "properties": { "iso3": "MAR", "unit_id": "98779951B15017020805254", "unit_name": "Province de Khemisset" }, "geometry": { "type": "Polygon", "coordinates": [ [ [ -5.7868, 33.4702 ], [ -5.7874, 33.4783 ], [ -5.7931, 33.4804 ], [ -5.8008, 33.4765 ], [ -5.8129, 33.4825 ], [ -5.8164, 33.489 ], [ -5.824, 33.4906 ], [ -5.8168, 33.4935 ], [ -5.8146, 33.4988 ], [ -5.7797, 33.5149 ], [ -5.7834, 33.5359 ], [ -5.7804, 33.5542 ], [ -5.7861, 33.5724 ], [ -5.8043, 33.6063 ], [ -5.7918, 33.6109 ], [ -5.7776, 33.6521 ], [ -5.7855, 33.6672 ], [ -5.7632, 33.6912 ], [ -5.7417, 33.7063 ], [ -5.7323, 33.7529 ], [ -5.7204, 33.7695 ], [ -5.7146, 33.7857 ], [ -5.7341, 33.8045 ], [ -5.7634, 33.8149 ], [ -5.7532, 33.8374 ], [ -5.7675, 33.8508 ], [ -5.7826, 33.8531 ], [ -5.7858, 33.8582 ], [ -5.79, 33.8557 ], [ -5.8024, 33.8657 ], [ -5.8075, 33.8749 ], [ -5.798, 33.8871 ], [ -5.7991, 33.8932 ], [ -5.778, 33.8959 ], [ -5.7815, 33.904 ], [ -5.7779, 33.9166 ], [ -5.7736, 33.9179 ], [ -5.774, 33.9287 ], [ -5.7629, 33.9279 ], [ -5.7529, 33.9379 ], [ -5.757, 33.941 ], [ -5.7526, 33.9462 ], [ -5.7678, 33.9648 ], [ -5.7761, 33.9811 ], [ -5.7965, 33.9944 ], [ -5.8134, 34.0135 ], [ -5.8102, 34.0202 ], [ -5.7987, 34.0242 ], [ -5.8123, 34.0457 ], [ -5.832, 34.0499 ], [ -5.8543, 34.0645 ], [ -5.8831, 34.1032 ], [ -5.9073, 34.0918 ], [ -5.9522, 34.0981 ], [ -5.9506, 34.1033 ], [ -5.9612, 34.1036 ], [ -5.9626, 34.0897 ], [ -6.0079, 34.0843 ], [ -6.0475, 34.0957 ], [ -6.0553, 34.0938 ], [ -6.0593, 34.1019 ], [ -6.1369, 34.1416 ], [ -6.2026, 34.1617 ], [ -6.2786, 34.1627 ], [ -6.3108, 34.1521 ], [ -6.3486, 34.1535 ], [ -6.3624, 34.1698 ], [ -6.3871, 34.155 ], [ -6.4222, 34.1601 ], [ -6.421, 34.1799 ], [ -6.4712, 34.1219 ], [ -6.5368, 34.123 ], [ -6.5574, 34.0976 ], [ -6.5518, 34.0651 ], [ -6.6011, 34.0229 ], [ -6.5686, 34.019 ], [ -6.5727, 33.9977 ], [ -6.5333, 33.9573 ], [ -6.5298, 33.9341 ], [ -6.5616, 33.9026 ], [ -6.5512, 33.9 ], [ -6.5408, 33.9054 ], [ -6.5204, 33.8748 ], [ -6.507, 33.8657 ], [ -6.4904, 33.8664 ], [ -6.4762, 33.8621 ], [ -6.4736, 33.8417 ], [ -6.4764, 33.8327 ], [ -6.483, 33.8264 ], [ -6.4959, 33.8252 ], [ -6.503, 33.8392 ], [ -6.5079, 33.843 ], [ -6.516, 33.8375 ], [ -6.514, 33.8343 ], [ -6.5173, 33.8206 ], [ -6.5118, 33.8148 ], [ -6.5191, 33.8017 ], [ -6.5196, 33.7944 ], [ -6.5386, 33.7868 ], [ -6.5451, 33.7872 ], [ -6.5495, 33.7916 ], [ -6.5499, 33.7983 ], [ -6.5654, 33.7914 ], [ -6.5688, 33.7945 ], [ -6.5688, 33.7903 ], [ -6.5749, 33.7891 ], [ -6.5847, 33.796 ], [ -6.5863, 33.8 ], [ -6.5828, 33.8047 ], [ -6.5857, 33.8097 ], [ -6.5916, 33.8099 ], [ -6.5957, 33.8148 ], [ -6.5935, 33.8252 ], [ -6.5988, 33.8288 ], [ -6.6151, 33.8304 ], [ -6.6206, 33.8388 ], [ -6.6402, 33.8416 ], [ -6.641, 33.8441 ], [ -6.6356, 33.848 ], [ -6.6376, 33.8538 ], [ -6.6434, 33.853 ], [ -6.6445, 33.8456 ], [ -6.6499, 33.8437 ], [ -6.6508, 33.8543 ], [ -6.654, 33.8575 ], [ -6.6662, 33.8538 ], [ -6.6719, 33.8611 ], [ -6.6869, 33.8676 ], [ -6.6944, 33.8768 ], [ -6.7127, 33.8737 ], [ -6.7225, 33.8816 ], [ -6.7386, 33.8866 ], [ -6.7479, 33.8807 ], [ -6.754, 33.8702 ], [ -6.7461, 33.8539 ], [ -6.7339, 33.844 ], [ -6.7355, 33.8369 ], [ -6.7264, 33.8349 ], [ -6.7322, 33.8237 ], [ -6.72, 33.8181 ], [ -6.7337, 33.8097 ], [ -6.7345, 33.806 ], [ -6.7233, 33.8006 ], [ -6.7211, 33.7757 ], [ -6.7336, 33.7745 ], [ -6.7287, 33.7612 ], [ -6.7172, 33.7541 ], [ -6.7272, 33.7368 ], [ -6.7338, 33.7171 ], [ -6.736, 33.6912 ], [ -6.7541, 33.6449 ], [ -6.7586, 33.5948 ], [ -6.7632, 33.5801 ], [ -6.7588, 33.5535 ], [ -6.7649, 33.5509 ], [ -6.7569, 33.5427 ], [ -6.7724, 33.5133 ], [ -6.7892, 33.4965 ], [ -6.7983, 33.4987 ], [ -6.8241, 33.4854 ], [ -6.8276, 33.4787 ], [ -6.8282, 33.4629 ], [ -6.8246, 33.4528 ], [ -6.8098, 33.4433 ], [ -6.7963, 33.4272 ], [ -6.7965, 33.4212 ], [ -6.805, 33.4151 ], [ -6.809, 33.3971 ], [ -6.809, 33.3682 ], [ -6.7974, 33.2756 ], [ -6.7987, 33.2495 ], [ -6.8051, 33.2357 ], [ -6.796, 33.2239 ], [ -6.7798, 33.2151 ], [ -6.6647, 33.2124 ], [ -6.6131, 33.1938 ], [ -6.5926, 33.1913 ], [ -6.5715, 33.1816 ], [ -6.575, 33.177 ], [ -6.5599, 33.1752 ], [ -6.5412, 33.1488 ], [ -6.5317, 33.1489 ], [ -6.5244, 33.157 ], [ -6.5203, 33.1753 ], [ -6.5097, 33.1873 ], [ -6.4947, 33.1861 ], [ -6.4727, 33.1967 ], [ -6.4608, 33.218 ], [ -6.4308, 33.2253 ], [ -6.4176, 33.2228 ], [ -6.407, 33.2267 ], [ -6.3838, 33.256 ], [ -6.3815, 33.2749 ], [ -6.397, 33.2951 ], [ -6.4118, 33.3226 ], [ -6.3919, 33.3474 ], [ -6.4034, 33.3698 ], [ -6.3777, 33.3895 ], [ -6.3734, 33.4093 ], [ -6.3605, 33.4184 ], [ -6.3602, 33.4802 ], [ -6.3528, 33.4826 ], [ -6.345, 33.4788 ], [ -6.3312, 33.478 ], [ -6.3152, 33.464 ], [ -6.295, 33.4624 ], [ -6.2791, 33.4515 ], [ -6.2626, 33.4478 ], [ -6.2512, 33.4512 ], [ -6.2374, 33.4459 ], [ -6.2136, 33.4471 ], [ -6.1973, 33.4391 ], [ -6.2061, 33.4304 ], [ -6.2124, 33.4005 ], [ -6.2082, 33.3884 ], [ -6.2093, 33.3757 ], [ -6.2148, 33.3682 ], [ -6.2081, 33.3664 ], [ -6.2137, 33.3503 ], [ -6.2089, 33.3453 ], [ -6.2032, 33.3425 ], [ -6.1778, 33.348 ], [ -6.1634, 33.3381 ], [ -6.1565, 33.3367 ], [ -6.1419, 33.3361 ], [ -6.1293, 33.3421 ], [ -6.1029, 33.3367 ], [ -6.0941, 33.3293 ], [ -6.0909, 33.315 ], [ -6.0813, 33.3094 ], [ -6.07, 33.3057 ], [ -6.0424, 33.3047 ], [ -5.9948, 33.3069 ], [ -5.9921, 33.322 ], [ -5.9757, 33.3197 ], [ -5.9633, 33.332 ], [ -5.9478, 33.3192 ], [ -5.9355, 33.3321 ], [ -5.926, 33.3259 ], [ -5.9238, 33.3178 ], [ -5.9173, 33.3288 ], [ -5.9111, 33.3292 ], [ -5.9169, 33.3188 ], [ -5.9107, 33.314 ], [ -5.8869, 33.3153 ], [ -5.8796, 33.3105 ], [ -5.8657, 33.3108 ], [ -5.864, 33.3136 ], [ -5.8591, 33.31 ], [ -5.8323, 33.3109 ], [ -5.8264, 33.3054 ], [ -5.8121, 33.3091 ], [ -5.7881, 33.3277 ], [ -5.7742, 33.3341 ], [ -5.7837, 33.3382 ], [ -5.7944, 33.3362 ], [ -5.7957, 33.3425 ], [ -5.8171, 33.361 ], [ -5.8075, 33.3751 ], [ -5.8061, 33.3989 ], [ -5.8162, 33.4195 ], [ -5.8162, 33.427 ], [ -5.8067, 33.4326 ], [ -5.7868, 33.4702 ] ] ] } },
{ "type": "Feature", "properties": { "iso3": "MAR", "unit_id": "98779951B94583255105689", "unit_name": "Province de Sidi Kacem" }, "geometry": { "type": "Polygon", "coordinates": [ [ [ -5.4225, 34.2567 ], [ -5.4299, 34.2617 ], [ -5.4317, 34.2723 ], [ -5.4356, 34.2794 ], [ -5.4387, 34.2798 ], [ -5.4412, 34.2928 ], [ -5.4461, 34.2933 ], [ -5.4474, 34.2979 ], [ -5.443, 34.3008 ], [ -5.4595, 34.3104 ], [ -5.4629, 34.3191 ], [ -5.4719, 34.3136 ], [ -5.4824, 34.3259 ], [ -5.488, 34.3219 ], [ -5.4877, 34.3133 ], [ -5.5003, 34.3186 ], [ -5.5048, 34.3238 ], [ -5.5044, 34.3331 ], [ -5.5007, 34.338 ], [ -5.4924, 34.3404 ], [ -5.4931, 34.3441 ], [ -5.5171, 34.3565 ], [ -5.5201, 34.3597 ], [ -5.5187, 34.3646 ], [ -5.5327, 34.3623 ], [ -5.5289, 34.3755 ], [ -5.5154, 34.378 ], [ -5.51, 34.3765 ], [ -5.5067, 34.3714 ], [ -5.4956, 34.3709 ], [ -5.4701, 34.3827 ], [ -5.4556, 34.3942 ], [ -5.4172, 34.4018 ], [ -5.3939, 34.4135 ], [ -5.3897, 34.4264 ], [ -5.3796, 34.44 ], [ -5.3717, 34.4378 ], [ -5.3607, 34.4408 ], [ -5.3436, 34.4557 ], [ -5.3406, 34.4632 ], [ -5.3455, 34.4686 ], [ -5.3352, 34.4805 ], [ -5.3446, 34.4828 ], [ -5.3425, 34.4884 ], [ -5.3315, 34.5035 ], [ -5.3152, 34.5159 ], [ -5.3439, 34.5273 ], [ -5.3894, 34.5371 ], [ -5.3925, 34.5353 ], [ -5.3877, 34.5301 ], [ -5.387, 34.5227 ], [ -5.3949, 34.5219 ], [ -5.4089, 34.5336 ], [ -5.4277, 34.5367 ], [ -5.4313, 34.5438 ], [ -5.4293, 34.5504 ], [ -5.4353, 34.5583 ], [ -5.4306, 34.5622 ], [ -5.4294, 34.5736 ], [ -5.4127, 34.5867 ], [ -5.4156, 34.5899 ], [ -5.4137, 34.5949 ], [ -5.422, 34.6083 ], [ -5.4439, 34.6202 ], [ -5.4448, 34.6236 ], [ -5.4569, 34.6223 ], [ -5.4615, 34.6284 ], [ -5.4893, 34.6313 ], [ -5.4942, 34.6385 ], [ -5.5057, 34.6446 ], [ -5.5142, 34.645 ], [ -5.5215, 34.6389 ], [ -5.5284, 34.6386 ], [ -5.5408, 34.6681 ], [ -5.5521, 34.6679 ], [ -5.5491, 34.6728 ], [ -5.5518, 34.6936 ], [ -5.5758, 34.6933 ], [ -5.5796, 34.7078 ], [ -5.5882, 34.7147 ], [ -5.5901, 34.7216 ], [ -5.6035, 34.7166 ], [ -5.6047, 34.7226 ], [ -5.6083, 34.7209 ], [ -5.6343, 34.726 ], [ -5.6293, 34.7363 ], [ -5.6442, 34.7401 ], [ -5.6666, 34.7344 ], [ -5.6683, 34.7264 ], [ -5.673, 34.7252 ], [ -5.6825, 34.7127 ], [ -5.7051, 34.7113 ], [ -5.7146, 34.7047 ], [ -5.71, 34.7135 ], [ -5.7106, 34.7186 ], [ -5.7171, 34.7204 ], [ -5.7193, 34.7271 ], [ -5.7285, 34.7305 ], [ -5.7442, 34.7266 ], [ -5.751, 34.7298 ], [ -5.7538, 34.7353 ], [ -5.7606, 34.7369 ], [ -5.7762, 34.7348 ], [ -5.7949, 34.7508 ], [ -5.7864, 34.7619 ], [ -5.7816, 34.7779 ], [ -5.788, 34.7936 ], [ -5.7838, 34.8039 ], [ -5.7863, 34.8063 ], [ -5.7841, 34.825 ], [ -5.7909, 34.8352 ], [ -5.8087, 34.8343 ], [ -5.8168, 34.8281 ], [ -5.8244, 34.8348 ], [ -5.8291, 34.8519 ], [ -5.8595, 34.8428 ], [ -5.8635, 34.8297 ], [ -5.8737, 34.826 ], [ -5.8885, 34.8306 ], [ -5.9, 34.8293 ], [ -5.8826, 34.7937 ], [ -5.89, 34.7674 ], [ -5.8722, 34.7252 ], [ -5.8716, 34.6885 ], [ -5.8805, 34.6591 ], [ -5.8761, 34.6544 ], [ -5.884, 34.651 ], [ -5.8835, 34.6489 ], [ -5.8736, 34.6432 ], [ -5.8646, 34.6523 ], [ -5.8614, 34.6517 ], [ -5.8593, 34.6499 ], [ -5.8616, 34.6456 ], [ -5.8481, 34.6324 ], [ -5.8482, 34.6258 ], [ -5.8603, 34.6274 ], [ -5.8897, 34.6194 ], [ -5.9225, 34.6225 ], [ -5.9219, 34.632 ], [ -5.9332, 34.6432 ], [ -5.9558, 34.6511 ], [ -5.9717, 34.6514 ], [ -5.9728, 34.655 ], [ -5.9779, 34.6545 ], [ -5.9768, 34.6511 ], [ -5.9804, 34.6484 ], [ -5.9924, 34.6452 ], [ -5.9952, 34.6384 ], [ -6.0067, 34.6415 ], [ -6.0177, 34.63 ], [ -6.0212, 34.6201 ], [ -6.0148, 34.6085 ], [ -6.0363, 34.6145 ], [ -6.0498, 34.6267 ], [ -6.0566, 34.6023 ], [ -6.0763, 34.6016 ], [ -6.0779, 34.5972 ], [ -6.0869, 34.593 ], [ -6.0915, 34.597 ], [ -6.0888, 34.6068 ], [ -6.0915, 34.6089 ], [ -6.1059, 34.602 ], [ -6.1211, 34.6079 ], [ -6.132, 34.6001 ], [ -6.1341, 34.6037 ], [ -6.1275, 34.6157 ], [ -6.1352, 34.617 ], [ -6.1434, 34.6104 ], [ -6.1422, 34.5951 ], [ -6.1446, 34.5914 ], [ -6.1698, 34.5982 ], [ -6.1798, 34.5762 ], [ -6.1861, 34.5851 ], [ -6.1931, 34.585 ], [ -6.1955, 34.5794 ], [ -6.192, 34.5668 ], [ -6.2029, 34.5573 ], [ -6.208, 34.5584 ], [ -6.2128, 34.5722 ], [ -6.2213, 34.571 ], [ -6.2226, 34.5635 ], [ -6.2167, 34.553 ], [ -6.2106, 34.5486 ], [ -6.2023, 34.5482 ], [ -6.2068, 34.541 ], [ -6.2148, 34.5402 ], [ -6.222, 34.5539 ], [ -6.2337, 34.5597 ], [ -6.2389, 34.5584 ], [ -6.24, 34.5506 ], [ -6.2347, 34.5428 ], [ -6.2517, 34.5365 ], [ -6.2537, 34.5325 ], [ -6.2427, 34.511 ], [ -6.2504, 34.5117 ], [ -6.2752, 34.5316 ], [ -6.2826, 34.5294 ], [ -6.2859, 34.524 ], [ -6.2782, 34.5101 ], [ -6.2804, 34.5046 ], [ -6.2875, 34.5096 ], [ -6.2958, 34.5103 ], [ -6.2924, 34.5177 ], [ -6.2938, 34.5231 ], [ -6.3001, 34.5246 ], [ -6.306, 34.5212 ], [ -6.3069, 34.5038 ], [ -6.3158, 34.5037 ], [ -6.3225, 34.497 ], [ -6.3207, 34.4913 ], [ -6.3167, 34.4907 ], [ -6.3127, 34.4957 ], [ -6.3001, 34.4901 ], [ -6.2761, 34.4899 ], [ -6.276, 34.485 ], [ -6.2612, 34.479 ], [ -6.2606, 34.4741 ], [ -6.2545, 34.4717 ], [ -6.2588, 34.4521 ], [ -6.2569, 34.4481 ], [ -6.2338, 34.4615 ], [ -6.2055, 34.4665 ], [ -6.1883, 34.4597 ], [ -6.1764, 34.4609 ], [ -6.1694, 34.4537 ], [ -6.1657, 34.4374 ], [ -6.1527, 34.4317 ], [ -6.1371, 34.4367 ], [ -6.1362, 34.4399 ], [ -6.126, 34.438 ], [ -6.1216, 34.4291 ], [ -6.1066, 34.4181 ], [ -6.1008, 34.4197 ], [ -6.0927, 34.4154 ], [ -6.0927, 34.4102 ], [ -6.0974, 34.4089 ], [ -6.0945, 34.4087 ], [ -6.0898, 34.3996 ], [ -6.0677, 34.3945 ], [ -6.0602, 34.3899 ], [ -6.0625, 34.387 ], [ -6.0456, 34.38 ], [ -6.0454, 34.3756 ], [ -6.0377, 34.3709 ], [ -6.0373, 34.3607 ], [ -6.0312, 34.3561 ], [ -6.028, 34.359 ], [ -5.9991, 34.3605 ], [ -5.9952, 34.3673 ], [ -5.9792, 34.3664 ], [ -5.9753, 34.3599 ], [ -5.9685, 34.3585 ], [ -5.9614, 34.367 ], [ -5.9578, 34.3642 ], [ -5.9582, 34.3585 ], [ -5.9498, 34.3526 ], [ -5.9528, 34.3531 ], [ -5.9541, 34.35 ], [ -5.95, 34.3365 ], [ -5.9436, 34.3316 ], [ -5.9022, 34.3461 ], [ -5.8892, 34.3473 ], [ -5.8755, 34.3548 ], [ -5.8636, 34.3449 ], [ -5.8558, 34.3711 ], [ -5.8609, 34.3729 ], [ -5.8577, 34.382 ], [ -5.8843, 34.404 ], [ -5.9014, 34.4232 ], [ -5.9025, 34.4307 ], [ -5.9145, 34.4385 ], [ -5.9069, 34.4394 ], [ -5.9068, 34.4448 ], [ -5.9123, 34.4471 ], [ -5.9072, 34.4704 ], [ -5.8854, 34.469 ], [ -5.8819, 34.4842 ], [ -5.877, 34.4857 ], [ -5.8757, 34.4814 ], [ -5.8858, 34.4605 ], [ -5.8817, 34.4568 ], [ -5.8631, 34.462 ], [ -5.8585, 34.4667 ], [ -5.8672, 34.4703 ], [ -5.8683, 34.4741 ], [ -5.8449, 34.4871 ], [ -5.8388, 34.4889 ], [ -5.8274, 34.4848 ], [ -5.82, 34.4794 ], [ -5.829, 34.4626 ], [ -5.821, 34.4593 ], [ -5.8023, 34.4626 ], [ -5.7936, 34.459 ], [ -5.795, 34.4536 ], [ -5.812, 34.4496 ], [ -5.7989, 34.4458 ], [ -5.8005, 34.4354 ], [ -5.7951, 34.4275 ], [ -5.7979, 34.4182 ], [ -5.7808, 34.4168 ], [ -5.7665, 34.4225 ], [ -5.752, 34.415 ], [ -5.7526, 34.4106 ], [ -5.749, 34.4066 ], [ -5.7355, 34.4087 ], [ -5.7336, 34.4033 ], [ -5.7368, 34.4017 ], [ -5.7387, 34.4043 ], [ -5.7433, 34.4001 ], [ -5.7556, 34.3993 ], [ -5.7569, 34.4054 ], [ -5.7654, 34.4042 ], [ -5.7608, 34.401 ], [ -5.7617, 34.3953 ], [ -5.7575, 34.398 ], [ -5.7515, 34.3903 ], [ -5.748, 34.3927 ], [ -5.7438, 34.3872 ], [ -5.7372, 34.3905 ], [ -5.734, 34.3859 ], [ -5.7265, 34.3936 ], [ -5.7244, 34.3824 ], [ -5.7164, 34.3816 ], [ -5.7182, 34.3884 ], [ -5.711, 34.3856 ], [ -5.7038, 34.395 ], [ -5.7002, 34.3906 ], [ -5.6963, 34.3918 ], [ -5.704, 34.3772 ], [ -5.6946, 34.3644 ], [ -5.6843, 34.3609 ], [ -5.6895, 34.3561 ], [ -5.6988, 34.3353 ], [ -5.7067, 34.3305 ], [ -5.7298, 34.3326 ], [ -5.7379, 34.3427 ], [ -5.7469, 34.3413 ], [ -5.746, 34.3343 ], [ -5.7544, 34.3352 ], [ -5.7604, 34.3541 ], [ -5.7832, 34.3533 ], [ -5.7758, 34.3412 ], [ -5.779, 34.3318 ], [ -5.7771, 34.3285 ], [ -5.78, 34.3275 ], [ -5.789, 34.2966 ], [ -5.796, 34.3023 ], [ -5.8, 34.2728 ], [ -5.8043, 34.2645 ], [ -5.8, 34.2615 ], [ -5.8007, 34.2568 ], [ -5.7907, 34.2552 ], [ -5.7934, 34.211 ], [ -5.768, 34.1629 ], [ -5.7637, 34.163 ], [ -5.7626, 34.1671 ], [ -5.751, 34.1671 ], [ -5.7514, 34.1597 ], [ -5.744, 34.1592 ], [ -5.7013, 34.174 ], [ -5.7066, 34.1449 ], [ -5.7046, 34.1209 ], [ -5.6483, 34.1194 ], [ -5.6419, 34.1256 ], [ -5.6269, 34.1219 ], [ -5.6113, 34.1228 ], [ -5.6045, 34.1201 ], [ -5.5945, 34.1074 ], [ -5.582, 34.1078 ], [ -5.5421, 34.1292 ], [ -5.5346, 34.1372 ], [ -5.5315, 34.1599 ], [ -5.5035, 34.1511 ], [ -5.4909, 34.1572 ], [ -5.469, 34.1474 ], [ -5.4689, 34.1561 ], [ -5.4642, 34.1651 ], [ -5.4565, 34.1651 ], [ -5.4431, 34.1845 ], [ -5.4641, 34.1913 ], [ -5.4737, 34.2121 ], [ -5.464, 34.2262 ], [ -5.4509, 34.2347 ], [ -5.4362, 34.2335 ], [ -5.4296, 34.2503 ], [ -5.4211, 34.25 ], [ -5.4225, 34.2567 ] ] ] } },
{ "type": "Feature", "properties": { "iso3": "MAR", "unit_id": "98779951B56534915161168", "unit_name": "Province de Sidi Slimane" }, "geometry": { "type": "Polygon", "coordinates": [ [ [ -5.7952, 34.1906 ], [ -5.7907, 34.2552 ], [ -5.8007, 34.2568 ], [ -5.8, 34.2615 ], [ -5.8043, 34.2645 ], [ -5.8, 34.2728 ], [ -5.796, 34.3023 ], [ -5.789, 34.2966 ], [ -5.78, 34.3275 ], [ -5.7771, 34.3285 ], [ -5.779, 34.3318 ], [ -5.7758, 34.3412 ], [ -5.7832, 34.3533 ], [ -5.7604, 34.3541 ], [ -5.7544, 34.3352 ], [ -5.746, 34.3343 ], [ -5.7469, 34.3413 ], [ -5.7379, 34.3427 ], [ -5.7298, 34.3326 ], [ -5.7067, 34.3305 ], [ -5.6988, 34.3353 ], [ -5.6895, 34.3561 ], [ -5.6843, 34.3609 ], [ -5.6946, 34.3644 ], [ -5.704, 34.3772 ], [ -5.6963, 34.3918 ], [ -5.7002, 34.3906 ], [ -5.7038, 34.395 ], [ -5.711, 34.3856 ], [ -5.7182, 34.3884 ], [ -5.7164, 34.3816 ], [ -5.7244, 34.3824 ], [ -5.7265, 34.3936 ], [ -5.734, 34.3859 ], [ -5.7372, 34.3905 ], [ -5.7438, 34.3872 ], [ -5.748, 34.3927 ], [ -5.7515, 34.3903 ], [ -5.7575, 34.398 ], [ -5.7617, 34.3953 ], [ -5.7608, 34.401 ], [ -5.7654, 34.4042 ], [ -5.7569, 34.4054 ], [ -5.7556, 34.3993 ], [ -5.7433, 34.4001 ], [ -5.7387, 34.4043 ], [ -5.7368, 34.4017 ], [ -5.7336, 34.4033 ], [ -5.7355, 34.4087 ], [ -5.749, 34.4066 ], [ -5.7526, 34.4106 ], [ -5.752, 34.415 ], [ -5.7665, 34.4225 ], [ -5.7808, 34.4168 ], [ -5.7979, 34.4182 ], [ -5.7951, 34.4275 ], [ -5.8005, 34.4354 ], [ -5.7989, 34.4458 ], [ -5.812, 34.4496 ], [ -5.795, 34.4536 ], [ -5.7936, 34.459 ], [ -5.8023, 34.4626 ], [ -5.821, 34.4593 ], [ -5.829, 34.4626 ], [ -5.82, 34.4794 ], [ -5.8388, 34.4889 ], [ -5.8683, 34.4741 ], [ -5.8672, 34.4703 ], [ -5.8585, 34.4667 ], [ -5.8631, 34.462 ], [ -5.8817, 34.4568 ], [ -5.8858, 34.4605 ], [ -5.8757, 34.4814 ], [ -5.877, 34.4857 ], [ -5.8819, 34.4842 ], [ -5.8854, 34.469 ], [ -5.9072, 34.4704 ], [ -5.9123, 34.4471 ], [ -5.9068, 34.4448 ], [ -5.9069, 34.4394 ], [ -5.9145, 34.4385 ], [ -5.9025, 34.4307 ], [ -5.9014, 34.4232 ], [ -5.8843, 34.404 ], [ -5.8577, 34.382 ], [ -5.8609, 34.3729 ], [ -5.8558, 34.3711 ], [ -5.8636, 34.3449 ], [ -5.8755, 34.3548 ], [ -5.8892, 34.3473 ], [ -5.9022, 34.3461 ], [ -5.9436, 34.3316 ], [ -5.95, 34.3365 ], [ -5.9541, 34.35 ], [ -5.9528, 34.3531 ], [ -5.9498, 34.3526 ], [ -5.9582, 34.3585 ], [ -5.9578, 34.3642 ], [ -5.9614, 34.367 ], [ -5.9685, 34.3585 ], [ -5.9753, 34.3599 ], [ -5.9792, 34.3664 ], [ -5.9952, 34.3673 ], [ -5.9991, 34.3605 ], [ -6.028, 34.359 ], [ -6.0312, 34.3561 ], [ -6.0373, 34.3607 ], [ -6.0377, 34.3709 ], [ -6.0454, 34.3756 ], [ -6.0456, 34.38 ], [ -6.0625, 34.387 ], [ -6.0602, 34.3899 ], [ -6.0677, 34.3945 ], [ -6.0898, 34.3996 ], [ -6.0945, 34.4087 ], [ -6.0974, 34.4089 ], [ -6.0927, 34.4102 ], [ -6.0927, 34.4154 ], [ -6.1008, 34.4197 ], [ -6.1066, 34.4181 ], [ -6.1216, 34.4291 ], [ -6.126, 34.438 ], [ -6.1362, 34.4399 ], [ -6.1371, 34.4367 ], [ -6.1527, 34.4317 ], [ -6.1677, 34.4394 ], [ -6.1694, 34.4537 ], [ -6.1764, 34.4609 ], [ -6.1883, 34.4597 ], [ -6.2055, 34.4665 ], [ -6.2338, 34.4615 ], [ -6.2569, 34.4481 ], [ -6.2627, 34.4321 ], [ -6.2795, 34.4078 ], [ -6.2894, 34.4022 ], [ -6.2928, 34.3964 ], [ -6.2911, 34.383 ], [ -6.2943, 34.374 ], [ -6.3015, 34.3659 ], [ -6.3158, 34.3593 ], [ -6.3109, 34.3503 ], [ -6.3131, 34.3225 ], [ -6.2899, 34.3236 ], [ -6.2899, 34.315 ], [ -6.2631, 34.3175 ], [ -6.2654, 34.2987 ], [ -6.2872, 34.304 ], [ -6.2918, 34.2953 ], [ -6.3094, 34.2926 ], [ -6.3095, 34.2862 ], [ -6.2455, 34.283 ], [ -6.2481, 34.2654 ], [ -6.2613, 34.25 ], [ -6.2651, 34.2315 ], [ -6.2729, 34.2147 ], [ -6.2728, 34.2034 ], [ -6.2827, 34.1858 ], [ -6.279, 34.1782 ], [ -6.2862, 34.1722 ], [ -6.2786, 34.1627 ], [ -6.2026, 34.1617 ], [ -6.1369, 34.1416 ], [ -6.0593, 34.1019 ], [ -6.0553, 34.0938 ], [ -6.0475, 34.0957 ], [ -6.0079, 34.0843 ], [ -5.9858, 34.0856 ], [ -5.9626, 34.0897 ], [ -5.9612, 34.1036 ], [ -5.9506, 34.1033 ], [ -5.9522, 34.0981 ], [ -5.9073, 34.0918 ], [ -5.8831, 34.1032 ], [ -5.8799, 34.1202 ], [ -5.856, 34.1427 ], [ -5.8144, 34.1577 ], [ -5.8244, 34.1718 ], [ -5.8295, 34.1886 ], [ -5.7952, 34.1906 ] ] ] } },
{ "type": "Feature", "properties": { "iso3": "MAR", "unit_id": "98779951B8226880386607", "unit_name": "Agadir Ida Outanane Prefecture" }, "geometry": { "type": "Polygon", "coordinates": [ [ [ -9.8179, 30.9381 ], [ -9.817, 30.9241 ], [ -9.8209, 30.9139 ], [ -9.8081, 30.8894 ], [ -9.8124, 30.885 ], [ -9.813, 30.8741 ], [ -9.8271, 30.8477 ], [ -9.8223, 30.8442 ], [ -9.8218, 30.8375 ], [ -9.8164, 30.8413 ], [ -9.8093, 30.8373 ], [ -9.8053, 30.8285 ], [ -9.8052, 30.8184 ], [ -9.8164, 30.7893 ], [ -9.8289, 30.7774 ], [ -9.8299, 30.762 ], [ -9.8517, 30.7324 ], [ -9.8504, 30.7205 ], [ -9.873, 30.7002 ], [ -9.8774, 30.6906 ], [ -9.8875, 30.6599 ], [ -9.8896, 30.6294 ], [ -9.8726, 30.6239 ], [ -9.8398, 30.6286 ], [ -9.8272, 30.6273 ], [ -9.8037, 30.6152 ], [ -9.7877, 30.6115 ], [ -9.747, 30.573 ], [ -9.7398, 30.5512 ], [ -9.7271, 30.5451 ], [ -9.7163, 30.5465 ], [ -9.7041, 30.5423 ], [ -9.6907, 30.5209 ], [ -9.6888, 30.5066 ], [ -9.6787, 30.4993 ], [ -9.6748, 30.4792 ], [ -9.6717, 30.4784 ], [ -9.6612, 30.446 ], [ -9.6494, 30.4366 ], [ -9.6476, 30.4318 ], [ -9.651, 30.4278 ], [ -9.6504, 30.4256 ], [ -9.6404, 30.4159 ], [ -9.6498, 30.4275 ], [ -9.6449, 30.4298 ], [ -9.6367, 30.4245 ], [ -9.64, 30.4218 ], [ -9.633, 30.4234 ], [ -9.638, 30.4209 ], [ -9.6324, 30.4202 ], [ -9.6312, 30.4162 ], [ -9.6324, 30.4238 ], [ -9.6292, 30.4239 ], [ -9.6301, 30.4216 ], [ -9.6209, 30.4247 ], [ -9.6213, 30.4215 ], [ -9.6293, 30.4181 ], [ -9.6201, 30.4208 ], [ -9.6173, 30.419 ], [ -9.6184, 30.4234 ], [ -9.6172, 30.4206 ], [ -9.6111, 30.4212 ], [ -9.6058, 30.4149 ], [ -9.6003, 30.3972 ], [ -9.6059, 30.3712 ], [ -9.6041, 30.3645 ], [ -9.5703, 30.3619 ], [ -9.5581, 30.3714 ], [ -9.5569, 30.3754 ], [ -9.5629, 30.3801 ], [ -9.5442, 30.3784 ], [ -9.5422, 30.3958 ], [ -9.5335, 30.3938 ], [ -9.5272, 30.4001 ], [ -9.5064, 30.3843 ], [ -9.5193, 30.3802 ], [ -9.5187, 30.3691 ], [ -9.5246, 30.3597 ], [ -9.504, 30.3507 ], [ -9.49, 30.3605 ], [ -9.4494, 30.3698 ], [ -9.4214, 30.3852 ], [ -9.4147, 30.3787 ], [ -9.4016, 30.3739 ], [ -9.3902, 30.3789 ], [ -9.3796, 30.3772 ], [ -9.3637, 30.3882 ], [ -9.3475, 30.3906 ], [ -9.3368, 30.3869 ], [ -9.3301, 30.4104 ], [ -9.3075, 30.4389 ], [ -9.3129, 30.4729 ], [ -9.2863, 30.4879 ], [ -9.273, 30.4842 ], [ -9.2666, 30.4867 ], [ -9.2843, 30.5176 ], [ -9.2881, 30.5418 ], [ -9.2981, 30.5528 ], [ -9.3265, 30.5699 ], [ -9.3236, 30.5962 ], [ -9.327, 30.6228 ], [ -9.3154, 30.6391 ], [ -9.3114, 30.6707 ], [ -9.3059, 30.6837 ], [ -9.2485, 30.7154 ], [ -9.2265, 30.709 ], [ -9.2218, 30.7139 ], [ -9.242, 30.732 ], [ -9.247, 30.7522 ], [ -9.2444, 30.7815 ], [ -9.2465, 30.8024 ], [ -9.2589, 30.8194 ], [ -9.2722, 30.8319 ], [ -9.2966, 30.8439 ], [ -9.3352, 30.8882 ], [ -9.3459, 30.8744 ], [ -9.3461, 30.8551 ], [ -9.3855, 30.866 ], [ -9.4064, 30.8615 ], [ -9.4142, 30.8492 ], [ -9.4432, 30.8385 ], [ -9.493, 30.8575 ], [ -9.5122, 30.8694 ], [ -9.5227, 30.8625 ], [ -9.5333, 30.8638 ], [ -9.5388, 30.8676 ], [ -9.534, 30.8822 ], [ -9.543, 30.8845 ], [ -9.5696, 30.8414 ], [ -9.5758, 30.8401 ], [ -9.5812, 30.8431 ], [ -9.5931, 30.8577 ], [ -9.6044, 30.8567 ], [ -9.6386, 30.7999 ], [ -9.6481, 30.8015 ], [ -9.6541, 30.807 ], [ -9.6881, 30.7859 ], [ -9.7156, 30.7914 ], [ -9.7388, 30.8436 ], [ -9.7342, 30.8731 ], [ -9.7669, 30.8843 ], [ -9.769, 30.8924 ], [ -9.7658, 30.9142 ], [ -9.771, 30.9277 ], [ -9.7951, 30.9353 ], [ -9.8179, 30.9381 ] ] ] } },
{ "type": "Feature", "properties": { "iso3": "MAR", "unit_id": "98779951B17695765099237", "unit_name": "Chtouka Ait Baha Province" }, "geometry": { "type": "Polygon", "coordinates": [ [ [ -9.6201, 30.2949 ], [ -9.6333, 30.2265 ], [ -9.6434, 30.1999 ], [ -9.6404, 30.2 ], [ -9.6384, 30.1949 ], [ -9.6425, 30.169 ], [ -9.667, 30.0884 ], [ -9.6965, 30.0505 ], [ -9.6991, 30.0396 ], [ -9.7302, 29.9841 ], [ -9.7417, 29.9542 ], [ -9.7618, 29.9283 ], [ -9.7603, 29.9144 ], [ -9.7673, 29.9075 ], [ -9.7421, 29.9096 ], [ -9.6643, 29.8996 ], [ -9.6401, 29.9037 ], [ -9.6074, 29.8965 ], [ -9.6017, 29.9279 ], [ -9.5448, 29.9294 ], [ -9.5442, 29.8949 ], [ -9.5047, 29.8884 ], [ -9.4942, 29.8907 ], [ -9.4801, 29.8821 ], [ -9.4727, 29.8698 ], [ -9.4587, 29.8579 ], [ -9.4487, 29.8672 ], [ -9.4318, 29.863 ], [ -9.4248, 29.8532 ], [ -9.4191, 29.8234 ], [ -9.4131, 29.8309 ], [ -9.3926, 29.8393 ], [ -9.3793, 29.8409 ], [ -9.3629, 29.8386 ], [ -9.3504, 29.8323 ], [ -9.3451, 29.8156 ], [ -9.3524, 29.8096 ], [ -9.2984, 29.803 ], [ -9.2633, 29.8054 ], [ -9.2473, 29.7839 ], [ -9.2698, 29.7674 ], [ -9.2532, 29.7421 ], [ -9.2442, 29.7431 ], [ -9.2393, 29.7582 ], [ -9.2075, 29.76 ], [ -9.1943, 29.7436 ], [ -9.2144, 29.7424 ], [ -9.1921, 29.7252 ], [ -9.1589, 29.7211 ], [ -9.169, 29.7156 ], [ -9.1664, 29.6987 ], [ -9.1343, 29.7014 ], [ -9.107, 29.687 ], [ -9.1054, 29.6985 ], [ -9.0943, 29.6971 ], [ -9.1013, 29.729 ], [ -9.0996, 29.7416 ], [ -9.0937, 29.7505 ], [ -9.0514, 29.7813 ], [ -9.0392, 29.7974 ], [ -9.0147, 29.8079 ], [ -8.9948, 29.8103 ], [ -8.996, 29.8399 ], [ -8.9348, 29.8466 ], [ -8.9143, 29.8525 ], [ -8.9064, 29.8597 ], [ -8.8895, 29.8915 ], [ -8.9418, 29.9469 ], [ -8.9492, 29.9581 ], [ -8.9596, 29.9893 ], [ -8.9639, 30.0242 ], [ -8.9588, 30.0382 ], [ -8.9032, 30.0753 ], [ -8.8816, 30.095 ], [ -8.9384, 30.1227 ], [ -8.9832, 30.1276 ], [ -8.9973, 30.1499 ], [ -8.9925, 30.1703 ], [ -9.0138, 30.1751 ], [ -9.0901, 30.2207 ], [ -9.1143, 30.2478 ], [ -9.1289, 30.2584 ], [ -9.1379, 30.2533 ], [ -9.1634, 30.2661 ], [ -9.1743, 30.2616 ], [ -9.1848, 30.2635 ], [ -9.1912, 30.2569 ], [ -9.2208, 30.2662 ], [ -9.2482, 30.2614 ], [ -9.2725, 30.2798 ], [ -9.3308, 30.3141 ], [ -9.3622, 30.3238 ], [ -9.3653, 30.3124 ], [ -9.4112, 30.3135 ], [ -9.4282, 30.3157 ], [ -9.4397, 30.3209 ], [ -9.4419, 30.3273 ], [ -9.4489, 30.3288 ], [ -9.457, 30.3178 ], [ -9.4376, 30.3037 ], [ -9.4378, 30.2881 ], [ -9.4522, 30.2811 ], [ -9.4676, 30.2614 ], [ -9.5046, 30.2817 ], [ -9.5308, 30.2789 ], [ -9.6201, 30.2949 ] ] ] } },
{ "type": "Feature", "properties": { "iso3": "MAR", "unit_id": "98779951B67382732765813", "unit_name": "Inezgane Ait Melloul Prefecture" }, "geometry": { "type": "Polygon", "coordinates": [ [ [ -9.6041, 30.3645 ], [ -9.6182, 30.315 ], [ -9.6201, 30.2949 ], [ -9.5308, 30.2789 ], [ -9.5046, 30.2817 ], [ -9.4676, 30.2614 ], [ -9.4522, 30.2811 ], [ -9.4378, 30.2881 ], [ -9.4376, 30.3037 ], [ -9.457, 30.3178 ], [ -9.4489, 30.3288 ], [ -9.4419, 30.3273 ], [ -9.4397, 30.3209 ], [ -9.4282, 30.3157 ], [ -9.3653, 30.3124 ], [ -9.3622, 30.3238 ], [ -9.3308, 30.3141 ], [ -9.3114, 30.3134 ], [ -9.3008, 30.3213 ], [ -9.2928, 30.3216 ], [ -9.288, 30.3259 ], [ -9.2809, 30.3245 ], [ -9.2768, 30.328 ], [ -9.2951, 30.3593 ], [ -9.3035, 30.3589 ], [ -9.3134, 30.3874 ], [ -9.3041, 30.3914 ], [ -9.3088, 30.3976 ], [ -9.3023, 30.4116 ], [ -9.3075, 30.4389 ], [ -9.3301, 30.4104 ], [ -9.3368, 30.3869 ], [ -9.3475, 30.3906 ], [ -9.3637, 30.3882 ], [ -9.3796, 30.3772 ], [ -9.3902, 30.3789 ], [ -9.4016, 30.3739 ], [ -9.4147, 30.3787 ], [ -9.4214, 30.3852 ], [ -9.4494, 30.3698 ], [ -9.49, 30.3605 ], [ -9.504, 30.3507 ], [ -9.5246, 30.3597 ], [ -9.5187, 30.3691 ], [ -9.5193, 30.3802 ], [ -9.5064, 30.3843 ], [ -9.5272, 30.4001 ], [ -9.5335, 30.3938 ], [ -9.5422, 30.3958 ], [ -9.5442, 30.3784 ], [ -9.5629, 30.3801 ], [ -9.5569, 30.3754 ], [ -9.5581, 30.3714 ], [ -9.5703, 30.3619 ], [ -9.6041, 30.3645 ] ] ] } },
{ "type": "Feature", "properties": { "iso3": "MAR", "unit_id": "98779951B54682090638930", "unit_name": "Taroudant Province" }, "geometry": { "type": "Polygon", "coordinates": [ [ [ -7.7318, 31.1346 ], [ -7.7698, 31.1429 ], [ -7.7835, 31.1626 ], [ -7.7933, 31.1543 ], [ -7.8249, 31.1666 ], [ -7.8097, 31.1453 ], [ -7.8869, 31.1068 ], [ -7.9031, 31.0803 ], [ -7.9163, 31.0368 ], [ -7.9271, 31.0319 ], [ -7.9283, 31.0079 ], [ -7.9376, 30.9822 ], [ -7.947, 30.9598 ], [ -7.9633, 30.9365 ], [ -7.9785, 30.9224 ], [ -8.0146, 30.9089 ], [ -8.0599, 30.9252 ], [ -8.1078, 30.9281 ], [ -8.1362, 30.9388 ], [ -8.2216, 30.9142 ], [ -8.2503, 30.8896 ], [ -8.3224, 30.8767 ], [ -8.349, 30.8648 ], [ -8.387, 30.863 ], [ -8.4141, 30.8722 ], [ -8.4475, 30.8643 ], [ -8.4841, 30.8714 ], [ -8.5092, 30.8701 ], [ -8.5384, 30.8739 ], [ -8.5685, 30.8822 ], [ -8.6043, 30.8806 ], [ -8.6465, 30.8884 ], [ -8.6614, 30.9015 ], [ -8.6695, 30.8979 ], [ -8.7061, 30.866 ], [ -8.7275, 30.8563 ], [ -8.7254, 30.8194 ], [ -8.7282, 30.814 ], [ -8.7418, 30.8107 ], [ -8.7602, 30.8379 ], [ -8.7645, 30.8728 ], [ -8.7612, 30.8887 ], [ -8.77, 30.8988 ], [ -8.7752, 30.9178 ], [ -8.7879, 30.9267 ], [ -8.7821, 30.9374 ], [ -8.7914, 30.9418 ], [ -8.8058, 30.9635 ], [ -8.8192, 30.9735 ], [ -8.8262, 30.9749 ], [ -8.8415, 30.9683 ], [ -8.9164, 30.9149 ], [ -8.9548, 30.9044 ], [ -8.9861, 30.8901 ], [ -8.9919, 30.8736 ], [ -8.9969, 30.8254 ], [ -9.0212, 30.8193 ], [ -9.078, 30.8265 ], [ -9.1329, 30.8279 ], [ -9.1516, 30.8219 ], [ -9.1684, 30.8277 ], [ -9.1917, 30.8175 ], [ -9.2465, 30.8024 ], [ -9.2444, 30.7815 ], [ -9.247, 30.7522 ], [ -9.242, 30.732 ], [ -9.2218, 30.7139 ], [ -9.2265, 30.709 ], [ -9.2485, 30.7154 ], [ -9.3059, 30.6837 ], [ -9.3114, 30.6707 ], [ -9.3154, 30.6391 ], [ -9.327, 30.6228 ], [ -9.3236, 30.5962 ], [ -9.3265, 30.5699 ], [ -9.2981, 30.5528 ], [ -9.2881, 30.5418 ], [ -9.2843, 30.5176 ], [ -9.2666, 30.4867 ], [ -9.273, 30.4842 ], [ -9.2863, 30.4879 ], [ -9.3129, 30.4729 ], [ -9.3023, 30.4116 ], [ -9.3088, 30.3976 ], [ -9.3041, 30.3914 ], [ -9.3134, 30.3874 ], [ -9.3035, 30.3589 ], [ -9.2951, 30.3593 ], [ -9.2768, 30.328 ], [ -9.2809, 30.3245 ], [ -9.288, 30.3259 ], [ -9.2928, 30.3216 ], [ -9.3008, 30.3213 ], [ -9.3114, 30.3134 ], [ -9.3308, 30.3141 ], [ -9.2725, 30.2798 ], [ -9.2482, 30.2614 ], [ -9.2208, 30.2662 ], [ -9.1912, 30.2569 ], [ -9.1848, 30.2635 ], [ -9.1743, 30.2616 ], [ -9.1634, 30.2661 ], [ -9.1379, 30.2533 ], [ -9.1289, 30.2584 ], [ -9.1143, 30.2478 ], [ -9.0901, 30.2207 ], [ -9.0138, 30.1751 ], [ -8.9925, 30.1703 ], [ -8.9973, 30.1499 ], [ -8.9832, 30.1276 ], [ -8.9384, 30.1227 ], [ -8.8816, 30.095 ], [ -8.9032, 30.0753 ], [ -8.9588, 30.0382 ], [ -8.9639, 30.0242 ], [ -8.9596, 29.9893 ], [ -8.9492, 29.9581 ], [ -8.9418, 29.9469 ], [ -8.8895, 29.8915 ], [ -8.9064, 29.8597 ], [ -8.9143, 29.8525 ], [ -8.9348, 29.8466 ], [ -8.996, 29.8399 ], [ -8.9948, 29.8103 ], [ -8.9475, 29.8043 ], [ -8.8979, 29.775 ], [ -8.8611, 29.7577 ], [ -8.8361, 29.734 ], [ -8.8354, 29.7277 ], [ -8.7688, 29.7175 ], [ -8.7589, 29.7302 ], [ -8.7454, 29.7387 ], [ -8.7257, 29.7593 ], [ -8.7193, 29.7771 ], [ -8.6989, 29.7941 ], [ -8.7029, 29.7973 ], [ -8.6604, 29.8217 ], [ -8.6096, 29.8307 ], [ -8.6135, 29.8386 ], [ -8.6982, 29.8377 ], [ -8.6973, 29.8509 ], [ -8.7026, 29.8767 ], [ -8.6731, 29.886 ], [ -8.6695, 29.9012 ], [ -8.6841, 29.9483 ], [ -8.6851, 29.9727 ], [ -8.6758, 29.9775 ], [ -8.6208, 29.9668 ], [ -8.612, 29.9716 ], [ -8.5706, 29.9605 ], [ -8.5264, 29.9161 ], [ -8.4777, 29.9162 ], [ -8.4516, 29.923 ], [ -8.4203, 29.9237 ], [ -8.4027, 29.9134 ], [ -8.3546, 29.9197 ], [ -8.3419, 29.9579 ], [ -8.3311, 29.9659 ], [ -8.3193, 29.9988 ], [ -8.271, 30.0056 ], [ -8.2569, 29.9989 ], [ -8.2078, 30.0029 ], [ -8.1887, 29.9978 ], [ -8.1424, 30.0118 ], [ -8.1072, 29.947 ], [ -8.0865, 29.9266 ], [ -8.0478, 29.9408 ], [ -8.0241, 29.9794 ], [ -8.0131, 29.9862 ], [ -7.9995, 29.9873 ], [ -8.0054, 29.9926 ], [ -8.0104, 30.0121 ], [ -8.0008, 30.0572 ], [ -7.9954, 30.0672 ], [ -7.9934, 30.0971 ], [ -7.9843, 30.1162 ], [ -7.9637, 30.1294 ], [ -7.9288, 30.1236 ], [ -7.9006, 30.112 ], [ -7.857, 30.1048 ], [ -7.7859, 30.105 ], [ -7.7534, 30.0863 ], [ -7.7243, 30.1459 ], [ -7.6984, 30.1713 ], [ -7.6691, 30.1936 ], [ -7.6403, 30.2089 ], [ -7.6259, 30.2122 ], [ -7.6288, 30.2273 ], [ -7.6067, 30.2319 ], [ -7.5819, 30.2475 ], [ -7.584, 30.2559 ], [ -7.5777, 30.2668 ], [ -7.5796, 30.2816 ], [ -7.6084, 30.3166 ], [ -7.6282, 30.4055 ], [ -7.6367, 30.3967 ], [ -7.6543, 30.3872 ], [ -7.6793, 30.3785 ], [ -7.691, 30.411 ], [ -7.6925, 30.4242 ], [ -7.6864, 30.4497 ], [ -7.6777, 30.456 ], [ -7.6654, 30.4583 ], [ -7.6331, 30.4746 ], [ -7.6115, 30.4813 ], [ -7.5708, 30.5253 ], [ -7.5444, 30.5279 ], [ -7.5158, 30.5433 ], [ -7.5225, 30.5461 ], [ -7.555, 30.5977 ], [ -7.5697, 30.6438 ], [ -7.5568, 30.6511 ], [ -7.5588, 30.6821 ], [ -7.5707, 30.7294 ], [ -7.7098, 30.7409 ], [ -7.6968, 30.7538 ], [ -7.6863, 30.7538 ], [ -7.682, 30.7606 ], [ -7.683, 30.7672 ], [ -7.6765, 30.7652 ], [ -7.6707, 30.7728 ], [ -7.6678, 30.7912 ], [ -7.6795, 30.8176 ], [ -7.6686, 30.8381 ], [ -7.6302, 30.8626 ], [ -7.6671, 30.8601 ], [ -7.7089, 30.8511 ], [ -7.7337, 30.861 ], [ -7.7358, 30.8879 ], [ -7.7316, 30.9056 ], [ -7.7302, 30.9399 ], [ -7.724, 30.9597 ], [ -7.7204, 30.9905 ], [ -7.7208, 31.0199 ], [ -7.7144, 31.038 ], [ -7.7303, 31.056 ], [ -7.7272, 31.0662 ], [ -7.7387, 31.079 ], [ -7.7524, 31.1053 ], [ -7.744, 31.1272 ], [ -7.7318, 31.1346 ] ] ] } },
{ "type": "Feature", "properties": { "iso3": "MAR", "unit_id": "98779951B99600187715883", "unit_name": "Tata Province" }, "geometry": { "type": "Polygon", "coordinates": [ [ [ -7.605, 30.2136 ], [ -7.6403, 30.2089 ], [ -7.6691, 30.1936 ], [ -7.6984, 30.1713 ], [ -7.7243, 30.1459 ], [ -7.7534, 30.0863 ], [ -7.7859, 30.105 ], [ -7.857, 30.1048 ], [ -7.9006, 30.112 ], [ -7.9288, 30.1236 ], [ -7.9637, 30.1294 ], [ -7.9843, 30.1162 ], [ -7.9934, 30.0971 ], [ -7.9954, 30.0672 ], [ -8.0008, 30.0572 ], [ -8.0104, 30.0121 ], [ -8.0054, 29.9926 ], [ -7.9995, 29.9873 ], [ -8.0131, 29.9862 ], [ -8.0241, 29.9794 ], [ -8.0478, 29.9408 ], [ -8.0865, 29.9266 ], [ -8.1072, 29.947 ], [ -8.1424, 30.0118 ], [ -8.1887, 29.9978 ], [ -8.2078, 30.0029 ], [ -8.2569, 29.9989 ], [ -8.271, 30.0056 ], [ -8.3193, 29.9988 ], [ -8.3311, 29.9659 ], [ -8.3419, 29.9579 ], [ -8.3546, 29.9197 ], [ -8.4027, 29.9134 ], [ -8.4203, 29.9237 ], [ -8.4516, 29.923 ], [ -8.4777, 29.9162 ], [ -8.5264, 29.9161 ], [ -8.5706, 29.9605 ], [ -8.612, 29.9716 ], [ -8.6208, 29.9668 ], [ -8.6669, 29.9765 ], [ -8.682, 29.9759 ], [ -8.6851, 29.9727 ], [ -8.6841, 29.9483 ], [ -8.6695, 29.9012 ], [ -8.6731, 29.886 ], [ -8.7026, 29.8767 ], [ -8.6973, 29.8509 ], [ -8.6982, 29.8377 ], [ -8.6135, 29.8386 ], [ -8.6096, 29.8307 ], [ -8.6604, 29.8217 ], [ -8.7029, 29.7973 ], [ -8.6989, 29.7941 ], [ -8.6958, 29.7669 ], [ -8.678, 29.7771 ], [ -8.6746, 29.7557 ], [ -8.6858, 29.7113 ], [ -8.6896, 29.6418 ], [ -8.7083, 29.6263 ], [ -8.7019, 29.5986 ], [ -8.6918, 29.5801 ], [ -8.7024, 29.558 ], [ -8.6986, 29.5373 ], [ -8.6773, 29.5101 ], [ -8.6642, 29.5015 ], [ -8.6272, 29.4547 ], [ -8.6128, 29.4415 ], [ -8.599, 29.4146 ], [ -8.6229, 29.3981 ], [ -8.6561, 29.4268 ], [ -8.6797, 29.4235 ], [ -8.7085, 29.4011 ], [ -8.7275, 29.3702 ], [ -8.738, 29.3587 ], [ -8.7451, 29.3557 ], [ -8.7494, 29.3612 ], [ -8.7424, 29.3615 ], [ -8.7471, 29.3778 ], [ -8.7653, 29.3858 ], [ -8.7732, 29.3938 ], [ -8.8153, 29.4646 ], [ -8.8411, 29.4655 ], [ -8.8895, 29.4401 ], [ -8.9565, 29.4237 ], [ -8.9785, 29.4212 ], [ -9.0204, 29.4249 ], [ -9.1152, 29.4215 ], [ -9.1215, 29.4203 ], [ -9.1255, 29.415 ], [ -9.1235, 29.3807 ], [ -9.1314, 29.358 ], [ -9.137, 29.3174 ], [ -9.1322, 29.2985 ], [ -9.13, 29.2579 ], [ -9.1113, 29.2438 ], [ -9.1102, 29.2362 ], [ -9.0958, 29.2184 ], [ -9.0856, 29.1849 ], [ -9.0856, 29.162 ], [ -9.129, 29.1291 ], [ -9.1599, 29.1114 ], [ -9.1611, 29.1037 ], [ -9.1384, 29.0822 ], [ -9.1461, 29.0714 ], [ -9.1954, 29.0378 ], [ -9.206, 29.0417 ], [ -9.2091, 29.0525 ], [ -9.1758, 29.0907 ], [ -9.2458, 29.0707 ], [ -9.2344, 29.0421 ], [ -9.234, 29.0269 ], [ -9.2493, 28.9858 ], [ -9.2243, 28.9774 ], [ -9.2229, 28.9566 ], [ -9.2377, 28.9407 ], [ -9.2265, 28.8954 ], [ -9.2156, 28.8598 ], [ -9.1811, 28.854 ], [ -9.2021, 28.8429 ], [ -9.206, 28.7954 ], [ -9.1798, 28.7797 ], [ -9.1344, 28.7268 ], [ -9.066, 28.7175 ], [ -9.0012, 28.714 ], [ -8.9732, 28.6856 ], [ -8.9678, 28.6619 ], [ -8.9705, 28.645 ], [ -8.9183, 28.5982 ], [ -8.8832, 28.5449 ], [ -8.7721, 28.4207 ], [ -8.6689, 28.3111 ], [ -8.6689, 28.7141 ], [ -8.5902, 28.7426 ], [ -8.5367, 28.7681 ], [ -8.5105, 28.7737 ], [ -8.4988, 28.7828 ], [ -8.4639, 28.7958 ], [ -8.426, 28.8181 ], [ -8.4151, 28.8355 ], [ -8.3212, 28.918 ], [ -8.311, 28.9164 ], [ -8.3005, 28.9315 ], [ -8.2782, 28.9468 ], [ -8.2629, 28.9482 ], [ -8.2356, 28.9741 ], [ -8.2171, 28.9852 ], [ -8.1933, 28.9927 ], [ -8.1873, 29.0039 ], [ -8.1721, 29.0154 ], [ -8.1584, 29.0144 ], [ -8.1393, 29.0257 ], [ -8.1325, 29.0239 ], [ -8.1298, 29.032 ], [ -8.0777, 29.0675 ], [ -8.0683, 29.0663 ], [ -8.0501, 29.0818 ], [ -7.9719, 29.1232 ], [ -7.9577, 29.1236 ], [ -7.9566, 29.1371 ], [ -7.9608, 29.1409 ], [ -7.9296, 29.1703 ], [ -7.9043, 29.1869 ], [ -7.8947, 29.1904 ], [ -7.8894, 29.187 ], [ -7.8806, 29.1893 ], [ -7.8766, 29.193 ], [ -7.8771, 29.1998 ], [ -7.8732, 29.2015 ], [ -7.8383, 29.2119 ], [ -7.8266, 29.2117 ], [ -7.8238, 29.2272 ], [ -7.7865, 29.2559 ], [ -7.749, 29.2737 ], [ -7.7024, 29.2882 ], [ -7.6843, 29.2978 ], [ -7.6639, 29.3025 ], [ -7.6512, 29.2989 ], [ -7.6381, 29.303 ], [ -7.6338, 29.3249 ], [ -7.6253, 29.3338 ], [ -7.6269, 29.3574 ], [ -7.6186, 29.3676 ], [ -7.5928, 29.3775 ], [ -7.5377, 29.3657 ], [ -7.495, 29.3648 ], [ -7.412, 29.3815 ], [ -7.4049, 29.3817 ], [ -7.3981, 29.3762 ], [ -7.3884, 29.3775 ], [ -7.3798, 29.3865 ], [ -7.3407, 29.3961 ], [ -7.2672, 29.4655 ], [ -7.2398, 29.4855 ], [ -7.1498, 29.5227 ], [ -7.1359, 29.5205 ], [ -7.1078, 29.5226 ], [ -7.081, 29.5143 ], [ -7.0632, 29.5038 ], [ -7.0226, 29.4936 ], [ -6.9894, 29.5039 ], [ -6.9648, 29.4944 ], [ -6.951, 29.4975 ], [ -6.9154, 29.4974 ], [ -6.8909, 29.485 ], [ -6.8561, 29.4827 ], [ -6.8465, 29.4734 ], [ -6.8338, 29.4681 ], [ -6.7773, 29.4621 ], [ -6.7632, 29.464 ], [ -6.7466, 29.4756 ], [ -6.721, 29.5057 ], [ -6.6947, 29.5152 ], [ -6.6313, 29.5197 ], [ -6.6241, 29.5212 ], [ -6.6241, 29.527 ], [ -6.6187, 29.5298 ], [ -6.576, 29.523 ], [ -6.5477, 29.5254 ], [ -6.5276, 29.5215 ], [ -6.5155, 29.5357 ], [ -6.4874, 29.5516 ], [ -6.4485, 29.5656 ], [ -6.4205, 29.6283 ], [ -6.4055, 29.6469 ], [ -6.406, 29.663 ], [ -6.4218, 29.6807 ], [ -6.4249, 29.6992 ], [ -6.4127, 29.7239 ], [ -6.3903, 29.7452 ], [ -6.4039, 29.7906 ], [ -6.4064, 29.8482 ], [ -6.421, 29.9024 ], [ -6.4194, 29.9218 ], [ -6.4224, 29.9451 ], [ -6.4299, 29.9587 ], [ -6.4318, 29.973 ], [ -6.4005, 29.9995 ], [ -6.3571, 30.0118 ], [ -6.3537, 30.0308 ], [ -6.3653, 30.0394 ], [ -6.3879, 30.0398 ], [ -6.398, 30.0466 ], [ -6.4791, 30.026 ], [ -6.5078, 30.0751 ], [ -6.4883, 30.1283 ], [ -6.5028, 30.1486 ], [ -6.5897, 30.2293 ], [ -6.557, 30.2594 ], [ -6.5107, 30.2907 ], [ -6.5122, 30.3159 ], [ -6.5486, 30.3419 ], [ -6.6142, 30.4136 ], [ -6.6382, 30.4155 ], [ -6.6441, 30.4273 ], [ -6.6391, 30.4391 ], [ -6.6573, 30.4616 ], [ -6.6712, 30.461 ], [ -6.6894, 30.4475 ], [ -6.8109, 30.4233 ], [ -6.8325, 30.4603 ], [ -6.8612, 30.4574 ], [ -6.8547, 30.4382 ], [ -6.8607, 30.4013 ], [ -6.8562, 30.361 ], [ -6.8827, 30.3318 ], [ -6.8986, 30.3476 ], [ -6.9245, 30.3552 ], [ -7.0225, 30.3346 ], [ -7.0497, 30.3454 ], [ -7.1207, 30.3619 ], [ -7.1597, 30.3766 ], [ -7.1707, 30.3702 ], [ -7.1795, 30.3513 ], [ -7.2318, 30.2948 ], [ -7.279, 30.229 ], [ -7.2955, 30.2133 ], [ -7.2942, 30.1933 ], [ -7.2985, 30.1645 ], [ -7.2925, 30.1478 ], [ -7.2946, 30.1369 ], [ -7.2882, 30.122 ], [ -7.3015, 30.1034 ], [ -7.3203, 30.1148 ], [ -7.3314, 30.1269 ], [ -7.3533, 30.1588 ], [ -7.3693, 30.1893 ], [ -7.4225, 30.1869 ], [ -7.4702, 30.2131 ], [ -7.4905, 30.1979 ], [ -7.5099, 30.2057 ], [ -7.5378, 30.2256 ], [ -7.5723, 30.2103 ], [ -7.5906, 30.2072 ], [ -7.605, 30.2136 ] ] ] } },
{ "type": "Feature", "properties": { "iso3": "MAR", "unit_id": "98779951B23123516778057", "unit_name": "Tiznit Province" }, "geometry": { "type": "Polygon", "coordinates": [ [ [ -9.13, 29.2579 ], [ -9.1322, 29.2985 ], [ -9.137, 29.3174 ], [ -9.1314, 29.358 ], [ -9.1235, 29.3807 ], [ -9.1255, 29.415 ], [ -9.1215, 29.4203 ], [ -9.0204, 29.4249 ], [ -8.9785, 29.4212 ], [ -8.9565, 29.4237 ], [ -8.8895, 29.4401 ], [ -8.8411, 29.4655 ], [ -8.8153, 29.4646 ], [ -8.7732, 29.3938 ], [ -8.7653, 29.3858 ], [ -8.7471, 29.3778 ], [ -8.7424, 29.3615 ], [ -8.7494, 29.3612 ], [ -8.7451, 29.3557 ], [ -8.738, 29.3587 ], [ -8.7275, 29.3702 ], [ -8.7085, 29.4011 ], [ -8.6797, 29.4235 ], [ -8.6561, 29.4268 ], [ -8.6229, 29.3981 ], [ -8.599, 29.4146 ], [ -8.6128, 29.4415 ], [ -8.6272, 29.4547 ], [ -8.6642, 29.5015 ], [ -8.6773, 29.5101 ], [ -8.6986, 29.5373 ], [ -8.7024, 29.558 ], [ -8.6918, 29.5801 ], [ -8.7019, 29.5986 ], [ -8.7083, 29.6263 ], [ -8.6896, 29.6418 ], [ -8.6858, 29.7113 ], [ -8.6746, 29.7557 ], [ -8.678, 29.7771 ], [ -8.6958, 29.7669 ], [ -8.6989, 29.7941 ], [ -8.7193, 29.7771 ], [ -8.7257, 29.7593 ], [ -8.7454, 29.7387 ], [ -8.7589, 29.7302 ], [ -8.7688, 29.7175 ], [ -8.7888, 29.7192 ], [ -8.8354, 29.7277 ], [ -8.8361, 29.734 ], [ -8.8611, 29.7577 ], [ -8.8979, 29.775 ], [ -8.9475, 29.8043 ], [ -8.9948, 29.8103 ], [ -9.0147, 29.8079 ], [ -9.0392, 29.7974 ], [ -9.0514, 29.7813 ], [ -9.0937, 29.7505 ], [ -9.0996, 29.7416 ], [ -9.1013, 29.729 ], [ -9.0943, 29.6971 ], [ -9.1054, 29.6985 ], [ -9.107, 29.687 ], [ -9.1343, 29.7014 ], [ -9.1664, 29.6987 ], [ -9.169, 29.7156 ], [ -9.1589, 29.7211 ], [ -9.1921, 29.7252 ], [ -9.2144, 29.7424 ], [ -9.1943, 29.7436 ], [ -9.2075, 29.76 ], [ -9.2393, 29.7582 ], [ -9.2442, 29.7431 ], [ -9.2532, 29.7421 ], [ -9.2698, 29.7674 ], [ -9.2473, 29.7839 ], [ -9.2633, 29.8054 ], [ -9.2984, 29.803 ], [ -9.3524, 29.8096 ], [ -9.3451, 29.8156 ], [ -9.3504, 29.8323 ], [ -9.3629, 29.8386 ], [ -9.3793, 29.8409 ], [ -9.3926, 29.8393 ], [ -9.4131, 29.8309 ], [ -9.4191, 29.8234 ], [ -9.4248, 29.8532 ], [ -9.4318, 29.863 ], [ -9.4487, 29.8672 ], [ -9.4587, 29.8579 ], [ -9.4727, 29.8698 ], [ -9.4801, 29.8821 ], [ -9.4942, 29.8907 ], [ -9.5047, 29.8884 ], [ -9.5442, 29.8949 ], [ -9.5448, 29.9294 ], [ -9.6017, 29.9279 ], [ -9.6074, 29.8965 ], [ -9.6401, 29.9037 ], [ -9.6643, 29.8996 ], [ -9.7421, 29.9096 ], [ -9.7673, 29.9075 ], [ -9.7912, 29.8751 ], [ -9.7874, 29.8709 ], [ -9.7894, 29.8643 ], [ -9.8266, 29.8207 ], [ -9.8306, 29.809 ], [ -9.8949, 29.7506 ], [ -9.9611, 29.699 ], [ -9.9695, 29.6865 ], [ -9.9824, 29.6757 ], [ -9.9852, 29.6609 ], [ -10.0089, 29.637 ], [ -10.0098, 29.6306 ], [ -10.0054, 29.6298 ], [ -10.0033, 29.618 ], [ -9.9928, 29.6009 ], [ -9.9994, 29.5876 ], [ -9.9887, 29.579 ], [ -9.9931, 29.5621 ], [ -9.9916, 29.5526 ], [ -10.0026, 29.5372 ], [ -9.9931, 29.5069 ], [ -9.9662, 29.5163 ], [ -9.9309, 29.5363 ], [ -9.9027, 29.5373 ], [ -9.8892, 29.5585 ], [ -9.8839, 29.5325 ], [ -9.8929, 29.5052 ], [ -9.9059, 29.4953 ], [ -9.9142, 29.4814 ], [ -9.9045, 29.4723 ], [ -9.8947, 29.4706 ], [ -9.8849, 29.4581 ], [ -9.8855, 29.4416 ], [ -9.8807, 29.4371 ], [ -9.8719, 29.4389 ], [ -9.8624, 29.4283 ], [ -9.8463, 29.4208 ], [ -9.8301, 29.4239 ], [ -9.8121, 29.4226 ], [ -9.7832, 29.4284 ], [ -9.7729, 29.4435 ], [ -9.7444, 29.4537 ], [ -9.7378, 29.4655 ], [ -9.7319, 29.464 ], [ -9.7305, 29.4681 ], [ -9.7111, 29.4669 ], [ -9.7074, 29.4473 ], [ -9.699, 29.4498 ], [ -9.6813, 29.4409 ], [ -9.6688, 29.4409 ], [ -9.6572, 29.4318 ], [ -9.6619, 29.4166 ], [ -9.6599, 29.3999 ], [ -9.6559, 29.4043 ], [ -9.6384, 29.4026 ], [ -9.641, 29.4063 ], [ -9.6395, 29.4143 ], [ -9.6327, 29.426 ], [ -9.6384, 29.4332 ], [ -9.6416, 29.4572 ], [ -9.6531, 29.4685 ], [ -9.6459, 29.4696 ], [ -9.6393, 29.4658 ], [ -9.6239, 29.4483 ], [ -9.6214, 29.4406 ], [ -9.6147, 29.4369 ], [ -9.5969, 29.4364 ], [ -9.5919, 29.4411 ], [ -9.5883, 29.4537 ], [ -9.5863, 29.4779 ], [ -9.5624, 29.4868 ], [ -9.5434, 29.4558 ], [ -9.5269, 29.4486 ], [ -9.5283, 29.4347 ], [ -9.5003, 29.4225 ], [ -9.4905, 29.4597 ], [ -9.4794, 29.4412 ], [ -9.4595, 29.448 ], [ -9.4447, 29.446 ], [ -9.4255, 29.4319 ], [ -9.4191, 29.4424 ], [ -9.4206, 29.4563 ], [ -9.4097, 29.461 ], [ -9.4065, 29.4515 ], [ -9.3997, 29.4645 ], [ -9.3845, 29.4644 ], [ -9.3671, 29.5014 ], [ -9.3523, 29.5044 ], [ -9.3417, 29.5026 ], [ -9.3289, 29.5087 ], [ -9.3125, 29.5063 ], [ -9.3043, 29.4987 ], [ -9.2783, 29.4979 ], [ -9.2684, 29.4876 ], [ -9.2473, 29.4761 ], [ -9.2174, 29.4535 ], [ -9.21, 29.4457 ], [ -9.2061, 29.4321 ], [ -9.1578, 29.3858 ], [ -9.1696, 29.3596 ], [ -9.1396, 29.2672 ], [ -9.13, 29.2579 ] ] ] } },
{ "type": "Feature", "properties": { "iso3": "MAR", "unit_id": "98779951B42242332674044", "unit_name": "Al Hoceima Province" }, "geometry": { "type": "Polygon", "coordinates": [ [ [ -4.1434, 34.744 ], [ -4.0994, 34.7642 ], [ -4.059, 34.798 ], [ -4.0344, 34.8261 ], [ -4.0137, 34.8237 ], [ -3.9416, 34.8404 ], [ -3.9359, 34.8392 ], [ -3.934, 34.8419 ], [ -3.928, 34.8414 ], [ -3.9289, 34.8463 ], [ -3.9195, 34.8516 ], [ -3.9042, 34.8502 ], [ -3.8295, 34.8682 ], [ -3.8201, 34.8875 ], [ -3.8292, 34.9192 ], [ -3.8195, 34.9296 ], [ -3.8259, 34.9343 ], [ -3.813, 34.9598 ], [ -3.8062, 34.9849 ], [ -3.8112, 34.9967 ], [ -3.8096, 35.0048 ], [ -3.816, 35.0119 ], [ -3.8175, 35.0244 ], [ -3.8168, 35.043 ], [ -3.8094, 35.0586 ], [ -3.8119, 35.0764 ], [ -3.8095, 35.079 ], [ -3.815, 35.0983 ], [ -3.814, 35.1175 ], [ -3.8061, 35.1511 ], [ -3.8126, 35.1599 ], [ -3.8055, 35.1655 ], [ -3.8027, 35.1745 ], [ -3.8137, 35.1842 ], [ -3.8239, 35.1994 ], [ -3.8553, 35.1979 ], [ -3.9069, 35.2138 ], [ -3.9103, 35.2199 ], [ -3.9145, 35.2208 ], [ -3.9143, 35.2254 ], [ -3.9188, 35.2294 ], [ -3.9171, 35.2316 ], [ -3.9231, 35.2328 ], [ -3.9206, 35.2357 ], [ -3.9226, 35.2377 ], [ -3.9189, 35.2397 ], [ -3.9262, 35.2428 ], [ -3.9198, 35.2464 ], [ -3.9234, 35.2457 ], [ -3.9211, 35.2481 ], [ -3.9246, 35.2492 ], [ -3.9204, 35.2497 ], [ -3.9178, 35.2465 ], [ -3.9203, 35.2504 ], [ -3.9144, 35.2542 ], [ -3.9197, 35.2589 ], [ -3.9294, 35.262 ], [ -3.9423, 35.2581 ], [ -3.9811, 35.236 ], [ -3.9921, 35.2344 ], [ -3.994, 35.237 ], [ -4.0083, 35.2322 ], [ -4.0181, 35.2363 ], [ -4.0159, 35.2402 ], [ -4.0302, 35.2371 ], [ -4.0334, 35.2336 ], [ -4.0453, 35.2366 ], [ -4.044, 35.233 ], [ -4.052, 35.2291 ], [ -4.0614, 35.2296 ], [ -4.0697, 35.2238 ], [ -4.0896, 35.2205 ], [ -4.1161, 35.2043 ], [ -4.1224, 35.2057 ], [ -4.1363, 35.1998 ], [ -4.1492, 35.1998 ], [ -4.1538, 35.1971 ], [ -4.1651, 35.2019 ], [ -4.1761, 35.1979 ], [ -4.1898, 35.1983 ], [ -4.2074, 35.1882 ], [ -4.2141, 35.189 ], [ -4.2189, 35.1838 ], [ -4.2395, 35.1846 ], [ -4.249, 35.1884 ], [ -4.2828, 35.1779 ], [ -4.2875, 35.1813 ], [ -4.2896, 35.1734 ], [ -4.2979, 35.171 ], [ -4.3001, 35.1673 ], [ -4.3145, 35.1669 ], [ -4.3244, 35.1583 ], [ -4.3372, 35.1582 ], [ -4.3556, 35.1473 ], [ -4.3657, 35.1487 ], [ -4.3656, 35.1522 ], [ -4.3736, 35.1483 ], [ -4.3769, 35.1543 ], [ -4.3913, 35.1535 ], [ -4.4035, 35.1581 ], [ -4.4301, 35.1547 ], [ -4.4677, 35.1653 ], [ -4.4835, 35.1461 ], [ -4.4676, 35.1365 ], [ -4.4829, 35.1147 ], [ -4.4942, 35.083 ], [ -4.4704, 35.0793 ], [ -4.4762, 35.0578 ], [ -4.4899, 35.03 ], [ -4.5145, 35.0016 ], [ -4.5297, 34.9948 ], [ -4.5423, 34.9802 ], [ -4.5651, 34.9621 ], [ -4.5815, 34.9533 ], [ -4.6099, 34.947 ], [ -4.6374, 34.9467 ], [ -4.6559, 34.9598 ], [ -4.6817, 34.9363 ], [ -4.6882, 34.9401 ], [ -4.6922, 34.9364 ], [ -4.6881, 34.9115 ], [ -4.7274, 34.9081 ], [ -4.7368, 34.899 ], [ -4.7497, 34.9002 ], [ -4.7558, 34.8823 ], [ -4.7632, 34.8744 ], [ -4.7629, 34.8635 ], [ -4.7694, 34.8546 ], [ -4.7766, 34.852 ], [ -4.7917, 34.8619 ], [ -4.7937, 34.8576 ], [ -4.7875, 34.7728 ], [ -4.7784, 34.7503 ], [ -4.7239, 34.719 ], [ -4.6663, 34.7186 ], [ -4.6591, 34.7231 ], [ -4.6278, 34.7237 ], [ -4.5885, 34.7151 ], [ -4.5778, 34.6996 ], [ -4.573, 34.6827 ], [ -4.5408, 34.7017 ], [ -4.5188, 34.6974 ], [ -4.5057, 34.7011 ], [ -4.4927, 34.6922 ], [ -4.4341, 34.668 ], [ -4.4369, 34.6719 ], [ -4.4311, 34.6837 ], [ -4.421, 34.6917 ], [ -4.4162, 34.7108 ], [ -4.3808, 34.7057 ], [ -4.3544, 34.7125 ], [ -4.3426, 34.7112 ], [ -4.315, 34.7227 ], [ -4.3124, 34.7319 ], [ -4.2974, 34.7393 ], [ -4.2936, 34.7515 ], [ -4.3044, 34.7618 ], [ -4.2481, 34.8067 ], [ -4.2118, 34.7672 ], [ -4.1706, 34.7514 ], [ -4.1548, 34.7579 ], [ -4.1434, 34.744 ] ] ] } },
{ "type": "Feature", "properties": { "iso3": "MAR", "unit_id": "98779951B16737374254798", "unit_name": "Chefchaouen Province" }, "geometry": { "type": "Polygon", "coordinates": [ [ [ -4.7906, 34.8428 ], [ -4.7937, 34.8576 ], [ -4.7917, 34.8619 ], [ -4.7766, 34.852 ], [ -4.7694, 34.8546 ], [ -4.7629, 34.8635 ], [ -4.7632, 34.8744 ], [ -4.7558, 34.8823 ], [ -4.7497, 34.9002 ], [ -4.7368, 34.899 ], [ -4.7274, 34.9081 ], [ -4.6881, 34.9115 ], [ -4.6922, 34.9364 ], [ -4.6882, 34.9401 ], [ -4.6817, 34.9363 ], [ -4.6559, 34.9598 ], [ -4.6374, 34.9467 ], [ -4.6099, 34.947 ], [ -4.5815, 34.9533 ], [ -4.5651, 34.9621 ], [ -4.5423, 34.9802 ], [ -4.5297, 34.9948 ], [ -4.5145, 35.0016 ], [ -4.4899, 35.03 ], [ -4.4762, 35.0578 ], [ -4.4704, 35.0793 ], [ -4.4942, 35.083 ], [ -4.4829, 35.1147 ], [ -4.4676, 35.1365 ], [ -4.4835, 35.1461 ], [ -4.4677, 35.1653 ], [ -4.4921, 35.176 ], [ -4.5199, 35.1752 ], [ -4.5919, 35.1917 ], [ -4.603, 35.1876 ], [ -4.615, 35.1895 ], [ -4.6337, 35.197 ], [ -4.6474, 35.2088 ], [ -4.6487, 35.214 ], [ -4.6559, 35.2134 ], [ -4.6583, 35.2096 ], [ -4.6628, 35.2124 ], [ -4.6655, 35.2081 ], [ -4.6773, 35.2047 ], [ -4.7224, 35.2172 ], [ -4.7375, 35.2249 ], [ -4.749, 35.2241 ], [ -4.7656, 35.2339 ], [ -4.7811, 35.2373 ], [ -4.7941, 35.2504 ], [ -4.8172, 35.2575 ], [ -4.8296, 35.2663 ], [ -4.8679, 35.3019 ], [ -4.8793, 35.3001 ], [ -4.897, 35.3049 ], [ -4.927, 35.3182 ], [ -4.9363, 35.3267 ], [ -4.9343, 35.3271 ], [ -4.9404, 35.3359 ], [ -4.9725, 35.3653 ], [ -4.9867, 35.3731 ], [ -5.0045, 35.3889 ], [ -5.0163, 35.4034 ], [ -5.0297, 35.3994 ], [ -5.0579, 35.4051 ], [ -5.0679, 35.4149 ], [ -5.0803, 35.4352 ], [ -5.0798, 35.4279 ], [ -5.0889, 35.4233 ], [ -5.0943, 35.4279 ], [ -5.0909, 35.4323 ], [ -5.102, 35.4331 ], [ -5.1048, 35.4236 ], [ -5.1155, 35.4236 ], [ -5.1174, 35.4199 ], [ -5.1254, 35.4179 ], [ -5.123, 35.4091 ], [ -5.1305, 35.4075 ], [ -5.1385, 35.3952 ], [ -5.1464, 35.3906 ], [ -5.1528, 35.3929 ], [ -5.1596, 35.3909 ], [ -5.1597, 35.3853 ], [ -5.1469, 35.3783 ], [ -5.1605, 35.3725 ], [ -5.1693, 35.3752 ], [ -5.1736, 35.3733 ], [ -5.1793, 35.3591 ], [ -5.176, 35.3559 ], [ -5.1797, 35.3519 ], [ -5.1872, 35.3518 ], [ -5.1862, 35.345 ], [ -5.1909, 35.3431 ], [ -5.1926, 35.3345 ], [ -5.1902, 35.3277 ], [ -5.2042, 35.3118 ], [ -5.2019, 35.3095 ], [ -5.2056, 35.3065 ], [ -5.2029, 35.3053 ], [ -5.2021, 35.298 ], [ -5.2145, 35.2982 ], [ -5.2159, 35.2831 ], [ -5.2048, 35.2622 ], [ -5.2269, 35.252 ], [ -5.2526, 35.2249 ], [ -5.2691, 35.2217 ], [ -5.3008, 35.2245 ], [ -5.3167, 35.237 ], [ -5.3257, 35.2388 ], [ -5.3251, 35.2327 ], [ -5.3466, 35.2347 ], [ -5.3497, 35.2313 ], [ -5.35, 35.2231 ], [ -5.3565, 35.222 ], [ -5.3587, 35.2246 ], [ -5.3788, 35.2152 ], [ -5.3995, 35.2105 ], [ -5.4202, 35.211 ], [ -5.4387, 35.2064 ], [ -5.4424, 35.2375 ], [ -5.4698, 35.2588 ], [ -5.4905, 35.2501 ], [ -5.4967, 35.2286 ], [ -5.5467, 35.2082 ], [ -5.5393, 35.1846 ], [ -5.5394, 35.1525 ], [ -5.5359, 35.1325 ], [ -5.5153, 35.1224 ], [ -5.5341, 35.1068 ], [ -5.5247, 35.0907 ], [ -5.5308, 35.0806 ], [ -5.5004, 35.0499 ], [ -5.4988, 35.0429 ], [ -5.4909, 35.0387 ], [ -5.4937, 35.0243 ], [ -5.4879, 35.0248 ], [ -5.4764, 35.035 ], [ -5.4695, 35.0354 ], [ -5.4575, 35.0429 ], [ -5.4501, 35.0336 ], [ -5.4301, 35.0277 ], [ -5.4224, 35.0224 ], [ -5.4116, 35.0235 ], [ -5.4098, 35.027 ], [ -5.408, 35.0246 ], [ -5.3962, 35.0268 ], [ -5.3763, 35.0238 ], [ -5.3712, 35.0172 ], [ -5.3626, 35.0144 ], [ -5.3526, 34.9961 ], [ -5.3449, 34.9956 ], [ -5.322, 34.9799 ], [ -5.3176, 34.9733 ], [ -5.3075, 34.9687 ], [ -5.2729, 34.9363 ], [ -5.229, 34.9091 ], [ -5.2285, 34.9043 ], [ -5.223, 34.9039 ], [ -5.2155, 34.8932 ], [ -5.2116, 34.8933 ], [ -5.2145, 34.8869 ], [ -5.2055, 34.8774 ], [ -5.2009, 34.8766 ], [ -5.2017, 34.8714 ], [ -5.1961, 34.8725 ], [ -5.1993, 34.8623 ], [ -5.1955, 34.8608 ], [ -5.1996, 34.8607 ], [ -5.1917, 34.8509 ], [ -5.196, 34.8472 ], [ -5.1913, 34.8454 ], [ -5.1912, 34.8361 ], [ -5.1825, 34.832 ], [ -5.1852, 34.8302 ], [ -5.184, 34.8207 ], [ -5.1698, 34.7858 ], [ -5.1534, 34.7759 ], [ -5.1449, 34.7653 ], [ -5.1246, 34.7674 ], [ -5.1121, 34.7763 ], [ -5.0902, 34.7798 ], [ -5.0839, 34.7746 ], [ -5.08, 34.7824 ], [ -5.0208, 34.8008 ], [ -5.0148, 34.7978 ], [ -5.0174, 34.7915 ], [ -4.9874, 34.7936 ], [ -4.9778, 34.7903 ], [ -4.9755, 34.7942 ], [ -4.9509, 34.8077 ], [ -4.9211, 34.8145 ], [ -4.9082, 34.8236 ], [ -4.8849, 34.8333 ], [ -4.8749, 34.8256 ], [ -4.863, 34.8252 ], [ -4.807, 34.835 ], [ -4.7906, 34.8428 ] ] ] } },
{ "type": "Feature", "properties": { "iso3": "MAR", "unit_id": "98779951B76020954489048", "unit_name": "Fahs Anjra Province" }, "geometry": { "type": "Polygon", "coordinates": [ [ [ -5.7364, 35.8206 ], [ -5.7348, 35.8162 ], [ -5.7417, 35.8074 ], [ -5.7375, 35.8011 ], [ -5.7434, 35.7902 ], [ -5.749, 35.7648 ], [ -5.7462, 35.7555 ], [ -5.7664, 35.7341 ], [ -5.768, 35.7187 ], [ -5.7544, 35.7002 ], [ -5.7288, 35.7007 ], [ -5.7226, 35.6873 ], [ -5.7282, 35.6781 ], [ -5.7158, 35.649 ], [ -5.7208, 35.6394 ], [ -5.7146, 35.6142 ], [ -5.6596, 35.5894 ], [ -5.5873, 35.6211 ], [ -5.5754, 35.6225 ], [ -5.5681, 35.6272 ], [ -5.5697, 35.6444 ], [ -5.5503, 35.6456 ], [ -5.5339, 35.6347 ], [ -5.5191, 35.6332 ], [ -5.5096, 35.6274 ], [ -5.5029, 35.627 ], [ -5.5003, 35.623 ], [ -5.4965, 35.6495 ], [ -5.5032, 35.6592 ], [ -5.4952, 35.6764 ], [ -5.4743, 35.6814 ], [ -5.4639, 35.6888 ], [ -5.4612, 35.6962 ], [ -5.4554, 35.6967 ], [ -5.4506, 35.7405 ], [ -5.4564, 35.7454 ], [ -5.46, 35.7745 ], [ -5.4583, 35.7852 ], [ -5.4502, 35.7922 ], [ -5.4228, 35.7882 ], [ -5.4048, 35.7937 ], [ -5.399, 35.8053 ], [ -5.4008, 35.8117 ], [ -5.392, 35.8251 ], [ -5.3828, 35.8316 ], [ -5.3771, 35.8438 ], [ -5.3994, 35.86 ], [ -5.4057, 35.881 ], [ -5.4035, 35.8908 ], [ -5.4194, 35.8974 ], [ -5.4223, 35.9096 ], [ -5.4316, 35.9071 ], [ -5.4381, 35.9098 ], [ -5.4437, 35.9041 ], [ -5.4507, 35.9068 ], [ -5.4511, 35.9123 ], [ -5.4652, 35.9144 ], [ -5.4745, 35.9061 ], [ -5.4831, 35.9084 ], [ -5.487, 35.8991 ], [ -5.4921, 35.8973 ], [ -5.4875, 35.8983 ], [ -5.5002, 35.8875 ], [ -5.5009, 35.8908 ], [ -5.5046, 35.8907 ], [ -5.4942, 35.9003 ], [ -5.5038, 35.8944 ], [ -5.5082, 35.8839 ], [ -5.5191, 35.882 ], [ -5.5141, 35.8812 ], [ -5.5182, 35.8769 ], [ -5.5225, 35.8783 ], [ -5.5223, 35.8842 ], [ -5.5261, 35.8804 ], [ -5.5202, 35.8741 ], [ -5.5304, 35.8651 ], [ -5.534, 35.8675 ], [ -5.5379, 35.8642 ], [ -5.5429, 35.8593 ], [ -5.541, 35.8558 ], [ -5.5464, 35.8612 ], [ -5.5392, 35.8745 ], [ -5.5476, 35.8605 ], [ -5.5408, 35.8546 ], [ -5.5423, 35.8528 ], [ -5.556, 35.8444 ], [ -5.5621, 35.8484 ], [ -5.573, 35.8406 ], [ -5.5708, 35.8407 ], [ -5.5752, 35.8394 ], [ -5.5744, 35.8417 ], [ -5.5773, 35.8408 ], [ -5.5704, 35.8465 ], [ -5.5777, 35.8423 ], [ -5.5777, 35.8407 ], [ -5.5761, 35.8384 ], [ -5.5791, 35.8394 ], [ -5.589, 35.8329 ], [ -5.6043, 35.83 ], [ -5.6278, 35.8354 ], [ -5.6551, 35.8277 ], [ -5.6898, 35.8383 ], [ -5.7074, 35.8295 ], [ -5.7189, 35.8309 ], [ -5.7231, 35.8244 ], [ -5.7364, 35.8206 ] ] ] } },
{ "type": "Feature", "properties": { "iso3": "MAR", "unit_id": "98779951B72379874491574", "unit_name": "Larache Province" }, "geometry": { "type": "Polygon", "coordinates": [ [ [ -5.8332, 34.9436 ], [ -5.7757, 34.9246 ], [ -5.7698, 34.9356 ], [ -5.756, 34.9247 ], [ -5.732, 34.9281 ], [ -5.7047, 34.9419 ], [ -5.6994, 34.9602 ], [ -5.6884, 34.9656 ], [ -5.6865, 34.9792 ], [ -5.6788, 34.9853 ], [ -5.636, 34.9933 ], [ -5.6413, 35.012 ], [ -5.6323, 35.0374 ], [ -5.6219, 35.0167 ], [ -5.6159, 35.0124 ], [ -5.6059, 35.0146 ], [ -5.6074, 35.0219 ], [ -5.603, 35.0255 ], [ -5.5787, 35.0205 ], [ -5.5737, 35.0156 ], [ -5.5855, 35.0058 ], [ -5.5769, 34.998 ], [ -5.5656, 34.9965 ], [ -5.5641, 35.007 ], [ -5.5537, 35.0094 ], [ -5.5495, 35.0074 ], [ -5.5492, 34.9976 ], [ -5.5332, 34.9893 ], [ -5.4991, 35.0076 ], [ -5.5001, 35.0199 ], [ -5.4937, 35.0243 ], [ -5.4898, 35.0362 ], [ -5.4988, 35.0429 ], [ -5.5004, 35.0499 ], [ -5.5308, 35.0806 ], [ -5.5247, 35.0907 ], [ -5.5341, 35.1068 ], [ -5.5153, 35.1224 ], [ -5.5359, 35.1325 ], [ -5.5394, 35.1525 ], [ -5.5393, 35.1846 ], [ -5.5467, 35.2082 ], [ -5.4967, 35.2286 ], [ -5.4875, 35.2643 ], [ -5.4664, 35.2849 ], [ -5.459, 35.2981 ], [ -5.4659, 35.3109 ], [ -5.4683, 35.3234 ], [ -5.4808, 35.34 ], [ -5.4854, 35.3645 ], [ -5.466, 35.3555 ], [ -5.459, 35.3645 ], [ -5.48, 35.3712 ], [ -5.482, 35.3861 ], [ -5.5102, 35.3925 ], [ -5.512, 35.3892 ], [ -5.5292, 35.3913 ], [ -5.5556, 35.4011 ], [ -5.5781, 35.396 ], [ -5.5846, 35.398 ], [ -5.5871, 35.3916 ], [ -5.6014, 35.3854 ], [ -5.6103, 35.3713 ], [ -5.6218, 35.3608 ], [ -5.6504, 35.384 ], [ -5.7009, 35.3735 ], [ -5.7164, 35.3796 ], [ -5.7284, 35.3802 ], [ -5.7734, 35.4009 ], [ -5.7829, 35.4026 ], [ -5.7819, 35.4109 ], [ -5.7957, 35.417 ], [ -5.8068, 35.427 ], [ -5.8161, 35.4606 ], [ -5.8207, 35.4668 ], [ -5.8463, 35.4523 ], [ -5.8576, 35.4515 ], [ -5.8635, 35.4457 ], [ -5.8819, 35.4422 ], [ -5.8937, 35.4452 ], [ -5.8945, 35.4365 ], [ -5.9065, 35.425 ], [ -5.92, 35.428 ], [ -5.9295, 35.4195 ], [ -5.9339, 35.4271 ], [ -5.949, 35.4234 ], [ -5.9472, 35.4163 ], [ -5.957, 35.4119 ], [ -5.9582, 35.3938 ], [ -5.9252, 35.3806 ], [ -5.9184, 35.3627 ], [ -5.9227, 35.3447 ], [ -5.9168, 35.3329 ], [ -5.933, 35.3055 ], [ -5.9604, 35.2991 ], [ -5.9728, 35.322 ], [ -5.9896, 35.3225 ], [ -5.9954, 35.3344 ], [ -6.0527, 35.3187 ], [ -6.1069, 35.3162 ], [ -6.1457, 35.2158 ], [ -6.151, 35.2039 ], [ -6.1563, 35.2036 ], [ -6.1475, 35.2035 ], [ -6.1469, 35.1999 ], [ -6.1547, 35.2015 ], [ -6.1525, 35.2003 ], [ -6.1559, 35.1964 ], [ -6.1693, 35.1934 ], [ -6.1811, 35.1592 ], [ -6.1851, 35.158 ], [ -6.1835, 35.1539 ], [ -6.1869, 35.1455 ], [ -6.2143, 35.0878 ], [ -6.2232, 35.0526 ], [ -6.2434, 35.0014 ], [ -6.1859, 34.9889 ], [ -6.1385, 34.997 ], [ -6.1268, 35.0105 ], [ -6.1002, 35.0155 ], [ -6.0748, 35.0078 ], [ -6.058, 34.9982 ], [ -6.0668, 34.9905 ], [ -6.0538, 34.9765 ], [ -6.0264, 34.9765 ], [ -6.007, 34.9918 ], [ -5.962, 34.97 ], [ -5.9194, 34.941 ], [ -5.8783, 34.934 ], [ -5.8332, 34.9436 ] ] ] } },
{ "type": "Feature", "properties": { "iso3": "MAR", "unit_id": "98779951B95390349799852", "unit_name": "Prefecture de M diq Fnideq" }, "geometry": { "type": "Polygon", "coordinates": [ [ [ -5.4554, 35.6967 ], [ -5.4505, 35.6961 ], [ -5.4424, 35.6696 ], [ -5.4323, 35.661 ], [ -5.4327, 35.6647 ], [ -5.4015, 35.6653 ], [ -5.3863, 35.6716 ], [ -5.37, 35.6689 ], [ -5.3655, 35.6789 ], [ -5.3214, 35.6724 ], [ -5.3181, 35.6661 ], [ -5.3193, 35.655 ], [ -5.3348, 35.6055 ], [ -5.3178, 35.6065 ], [ -5.3052, 35.5963 ], [ -5.2965, 35.6055 ], [ -5.2664, 35.6071 ], [ -5.2843, 35.666 ], [ -5.2733, 35.6865 ], [ -5.2926, 35.6874 ], [ -5.3076, 35.6822 ], [ -5.3132, 35.6855 ], [ -5.3111, 35.6816 ], [ -5.3158, 35.6831 ], [ -5.3138, 35.6845 ], [ -5.3189, 35.683 ], [ -5.3323, 35.7073 ], [ -5.3355, 35.7181 ], [ -5.3335, 35.7196 ], [ -5.3339, 35.7213 ], [ -5.3348, 35.7189 ], [ -5.338, 35.7192 ], [ -5.3348, 35.7205 ], [ -5.3419, 35.7479 ], [ -5.3397, 35.7523 ], [ -5.3429, 35.7559 ], [ -5.3381, 35.7509 ], [ -5.3395, 35.7561 ], [ -5.3438, 35.7577 ], [ -5.3449, 35.7742 ], [ -5.3477, 35.7776 ], [ -5.3536, 35.8417 ], [ -5.3516, 35.8411 ], [ -5.3524, 35.8493 ], [ -5.3465, 35.8551 ], [ -5.3434, 35.8709 ], [ -5.3499, 35.8757 ], [ -5.3558, 35.873 ], [ -5.3717, 35.8818 ], [ -5.3798, 35.9107 ], [ -5.3821, 35.9125 ], [ -5.3944, 35.9095 ], [ -5.3998, 35.9134 ], [ -5.397, 35.9171 ], [ -5.4014, 35.9224 ], [ -5.4129, 35.9116 ], [ -5.4223, 35.9096 ], [ -5.4194, 35.8974 ], [ -5.4035, 35.8908 ], [ -5.4057, 35.881 ], [ -5.3994, 35.86 ], [ -5.3771, 35.8438 ], [ -5.3828, 35.8316 ], [ -5.392, 35.8251 ], [ -5.4008, 35.8117 ], [ -5.399, 35.8053 ], [ -5.4048, 35.7937 ], [ -5.4228, 35.7882 ], [ -5.4502, 35.7922 ], [ -5.4583, 35.7852 ], [ -5.46, 35.7745 ], [ -5.4564, 35.7454 ], [ -5.4506, 35.7405 ], [ -5.4554, 35.6967 ] ] ] } },
{ "type": "Feature", "properties": { "iso3": "MAR", "unit_id": "98779951B86326395547945", "unit_name": "Prefecture of Tangier Assilah" }, "geometry": { "type": "Polygon", "coordinates": [ [ [ -5.7364, 35.8206 ], [ -5.7502, 35.8179 ], [ -5.7484, 35.8053 ], [ -5.7518, 35.7978 ], [ -5.766, 35.7843 ], [ -5.7817, 35.7769 ], [ -5.7956, 35.7782 ], [ -5.8, 35.7812 ], [ -5.7967, 35.7843 ], [ -5.8049, 35.7819 ], [ -5.797, 35.7865 ], [ -5.7947, 35.7835 ], [ -5.7978, 35.7884 ], [ -5.8059, 35.7849 ], [ -5.8078, 35.7874 ], [ -5.8023, 35.7871 ], [ -5.8027, 35.7911 ], [ -5.7932, 35.7913 ], [ -5.8023, 35.7917 ], [ -5.8075, 35.7893 ], [ -5.8115, 35.7912 ], [ -5.8098, 35.7933 ], [ -5.813, 35.7907 ], [ -5.8256, 35.7952 ], [ -5.8358, 35.7947 ], [ -5.848, 35.8011 ], [ -5.8509, 35.7974 ], [ -5.863, 35.7959 ], [ -5.8897, 35.8013 ], [ -5.9076, 35.8011 ], [ -5.9296, 35.7883 ], [ -5.9306, 35.7795 ], [ -5.9399, 35.76 ], [ -5.9379, 35.7572 ], [ -5.9686, 35.6713 ], [ -6.0187, 35.4977 ], [ -6.0281, 35.4751 ], [ -6.0341, 35.4737 ], [ -6.0314, 35.4714 ], [ -6.0377, 35.4693 ], [ -6.0364, 35.4674 ], [ -6.0395, 35.469 ], [ -6.0343, 35.4728 ], [ -6.0398, 35.4692 ], [ -6.0501, 35.4554 ], [ -6.0596, 35.4376 ], [ -6.0635, 35.4204 ], [ -6.0754, 35.4009 ], [ -6.0815, 35.3961 ], [ -6.0892, 35.3649 ], [ -6.1069, 35.3162 ], [ -6.0527, 35.3187 ], [ -5.9954, 35.3344 ], [ -5.9896, 35.3225 ], [ -5.9728, 35.322 ], [ -5.9604, 35.2991 ], [ -5.933, 35.3055 ], [ -5.9168, 35.3329 ], [ -5.9227, 35.3447 ], [ -5.9184, 35.3627 ], [ -5.9252, 35.3806 ], [ -5.9582, 35.3938 ], [ -5.957, 35.4119 ], [ -5.9472, 35.4163 ], [ -5.949, 35.4234 ], [ -5.9339, 35.4271 ], [ -5.9295, 35.4195 ], [ -5.92, 35.428 ], [ -5.9065, 35.425 ], [ -5.8945, 35.4365 ], [ -5.8937, 35.4452 ], [ -5.8819, 35.4422 ], [ -5.8714, 35.4435 ], [ -5.8635, 35.4457 ], [ -5.8576, 35.4515 ], [ -5.8423, 35.4541 ], [ -5.8402, 35.4686 ], [ -5.8213, 35.4774 ], [ -5.8045, 35.4935 ], [ -5.7811, 35.5084 ], [ -5.7834, 35.5128 ], [ -5.7704, 35.5134 ], [ -5.758, 35.5242 ], [ -5.7161, 35.5242 ], [ -5.7034, 35.5351 ], [ -5.7136, 35.6183 ], [ -5.7208, 35.6394 ], [ -5.7158, 35.649 ], [ -5.7282, 35.6781 ], [ -5.7226, 35.6873 ], [ -5.7288, 35.7007 ], [ -5.7544, 35.7002 ], [ -5.768, 35.7187 ], [ -5.7664, 35.7341 ], [ -5.7462, 35.7555 ], [ -5.749, 35.7648 ], [ -5.7434, 35.7902 ], [ -5.7375, 35.8011 ], [ -5.7417, 35.8074 ], [ -5.7348, 35.8162 ], [ -5.7364, 35.8206 ] ] ] } },
{ "type": "Feature", "properties": { "iso3": "MAR", "unit_id": "98779951B3482953310528", "unit_name": "Province d Ouezzane" }, "geometry": { "type": "Polygon", "coordinates": [ [ [ -5.1449, 34.7653 ], [ -5.1534, 34.7759 ], [ -5.1698, 34.7858 ], [ -5.184, 34.8207 ], [ -5.1852, 34.8302 ], [ -5.1825, 34.832 ], [ -5.1912, 34.8361 ], [ -5.1913, 34.8454 ], [ -5.196, 34.8472 ], [ -5.1917, 34.8509 ], [ -5.1996, 34.8607 ], [ -5.1955, 34.8608 ], [ -5.1993, 34.8623 ], [ -5.1961, 34.8725 ], [ -5.2017, 34.8714 ], [ -5.2009, 34.8766 ], [ -5.2055, 34.8774 ], [ -5.2145, 34.8869 ], [ -5.2116, 34.8933 ], [ -5.2155, 34.8932 ], [ -5.223, 34.9039 ], [ -5.2285, 34.9043 ], [ -5.229, 34.9091 ], [ -5.2729, 34.9363 ], [ -5.3075, 34.9687 ], [ -5.3176, 34.9733 ], [ -5.322, 34.9799 ], [ -5.3449, 34.9956 ], [ -5.3526, 34.9961 ], [ -5.3592, 35.011 ], [ -5.3712, 35.0172 ], [ -5.3763, 35.0238 ], [ -5.3962, 35.0268 ], [ -5.408, 35.0246 ], [ -5.4098, 35.027 ], [ -5.4116, 35.0235 ], [ -5.4224, 35.0224 ], [ -5.4301, 35.0277 ], [ -5.4501, 35.0336 ], [ -5.4575, 35.0429 ], [ -5.4695, 35.0354 ], [ -5.4764, 35.035 ], [ -5.4879, 35.0248 ], [ -5.5001, 35.0199 ], [ -5.5008, 35.0059 ], [ -5.5332, 34.9893 ], [ -5.5492, 34.9976 ], [ -5.5495, 35.0074 ], [ -5.5537, 35.0094 ], [ -5.5641, 35.007 ], [ -5.5656, 34.9965 ], [ -5.5826, 35.0009 ], [ -5.5855, 35.0058 ], [ -5.5737, 35.0156 ], [ -5.5787, 35.0205 ], [ -5.603, 35.0255 ], [ -5.6074, 35.0219 ], [ -5.6059, 35.0146 ], [ -5.6159, 35.0124 ], [ -5.6219, 35.0167 ], [ -5.6323, 35.0374 ], [ -5.6413, 35.012 ], [ -5.636, 34.9933 ], [ -5.6788, 34.9853 ], [ -5.6865, 34.9792 ], [ -5.6884, 34.9656 ], [ -5.6994, 34.9602 ], [ -5.7047, 34.9419 ], [ -5.732, 34.9281 ], [ -5.756, 34.9247 ], [ -5.7698, 34.9356 ], [ -5.7757, 34.9246 ], [ -5.7813, 34.9279 ], [ -5.7834, 34.9141 ], [ -5.7877, 34.9086 ], [ -5.7866, 34.8999 ], [ -5.7912, 34.8875 ], [ -5.7849, 34.8778 ], [ -5.7745, 34.8741 ], [ -5.7844, 34.8528 ], [ -5.791, 34.8507 ], [ -5.7864, 34.8406 ], [ -5.7909, 34.8352 ], [ -5.7841, 34.825 ], [ -5.7863, 34.8063 ], [ -5.7838, 34.8039 ], [ -5.788, 34.7936 ], [ -5.7816, 34.7779 ], [ -5.7864, 34.7619 ], [ -5.7949, 34.7508 ], [ -5.7762, 34.7348 ], [ -5.7606, 34.7369 ], [ -5.7538, 34.7353 ], [ -5.751, 34.7298 ], [ -5.7442, 34.7266 ], [ -5.7285, 34.7305 ], [ -5.7193, 34.7271 ], [ -5.7171, 34.7204 ], [ -5.7106, 34.7186 ], [ -5.71, 34.7135 ], [ -5.7146, 34.7047 ], [ -5.7051, 34.7113 ], [ -5.6825, 34.7127 ], [ -5.673, 34.7252 ], [ -5.6683, 34.7264 ], [ -5.6666, 34.7344 ], [ -5.6442, 34.7401 ], [ -5.6293, 34.7363 ], [ -5.6343, 34.726 ], [ -5.6083, 34.7209 ], [ -5.6047, 34.7226 ], [ -5.6035, 34.7166 ], [ -5.5901, 34.7216 ], [ -5.5882, 34.7147 ], [ -5.5796, 34.7078 ], [ -5.5758, 34.6933 ], [ -5.5518, 34.6936 ], [ -5.5491, 34.6728 ], [ -5.5521, 34.6679 ], [ -5.5408, 34.6681 ], [ -5.5284, 34.6386 ], [ -5.5215, 34.6389 ], [ -5.5142, 34.645 ], [ -5.5057, 34.6446 ], [ -5.4942, 34.6385 ], [ -5.4893, 34.6313 ], [ -5.4615, 34.6284 ], [ -5.4569, 34.6223 ], [ -5.4448, 34.6236 ], [ -5.4439, 34.6202 ], [ -5.422, 34.6083 ], [ -5.4137, 34.5949 ], [ -5.4156, 34.5899 ], [ -5.4127, 34.5867 ], [ -5.4294, 34.5736 ], [ -5.4306, 34.5622 ], [ -5.4344, 34.5606 ], [ -5.4293, 34.5504 ], [ -5.4306, 34.5404 ], [ -5.4277, 34.5367 ], [ -5.4089, 34.5336 ], [ -5.3949, 34.5219 ], [ -5.387, 34.5227 ], [ -5.3877, 34.5301 ], [ -5.3925, 34.5353 ], [ -5.3894, 34.5371 ], [ -5.3439, 34.5273 ], [ -5.3152, 34.5159 ], [ -5.2808, 34.5148 ], [ -5.2562, 34.5325 ], [ -5.2644, 34.5366 ], [ -5.2671, 34.5421 ], [ -5.2586, 34.556 ], [ -5.1977, 34.5584 ], [ -5.1814, 34.5904 ], [ -5.1826, 34.5939 ], [ -5.1962, 34.5973 ], [ -5.1821, 34.6069 ], [ -5.1806, 34.6143 ], [ -5.1831, 34.6592 ], [ -5.1887, 34.6697 ], [ -5.1852, 34.6861 ], [ -5.1808, 34.6926 ], [ -5.1856, 34.7063 ], [ -5.1819, 34.7091 ], [ -5.1852, 34.72 ], [ -5.1811, 34.739 ], [ -5.1449, 34.7653 ] ] ] } },
{ "type": "Feature", "properties": { "iso3": "MAR", "unit_id": "98779951B40544152220736", "unit_name": "Tetouan Province" }, "geometry": { "type": "Polygon", "coordinates": [ [ [ -5.0803, 35.4352 ], [ -5.1065, 35.4772 ], [ -5.1108, 35.4768 ], [ -5.1255, 35.4891 ], [ -5.1532, 35.5046 ], [ -5.1732, 35.5314 ], [ -5.1853, 35.5362 ], [ -5.1932, 35.5353 ], [ -5.2002, 35.5414 ], [ -5.2135, 35.538 ], [ -5.2259, 35.5503 ], [ -5.233, 35.5468 ], [ -5.2397, 35.5495 ], [ -5.2444, 35.5548 ], [ -5.2664, 35.6071 ], [ -5.2965, 35.6055 ], [ -5.3052, 35.5963 ], [ -5.3178, 35.6065 ], [ -5.3348, 35.6055 ], [ -5.3193, 35.655 ], [ -5.3181, 35.6661 ], [ -5.3214, 35.6724 ], [ -5.3655, 35.6789 ], [ -5.37, 35.6689 ], [ -5.3863, 35.6716 ], [ -5.4015, 35.6653 ], [ -5.4327, 35.6647 ], [ -5.4323, 35.661 ], [ -5.4424, 35.6696 ], [ -5.4505, 35.6961 ], [ -5.4554, 35.6967 ], [ -5.4612, 35.6962 ], [ -5.4639, 35.6888 ], [ -5.4743, 35.6814 ], [ -5.4952, 35.6764 ], [ -5.5032, 35.6592 ], [ -5.4965, 35.6495 ], [ -5.5003, 35.623 ], [ -5.5029, 35.627 ], [ -5.5096, 35.6274 ], [ -5.5191, 35.6332 ], [ -5.5339, 35.6347 ], [ -5.5503, 35.6456 ], [ -5.5697, 35.6444 ], [ -5.5681, 35.6272 ], [ -5.5754, 35.6225 ], [ -5.5873, 35.6211 ], [ -5.6596, 35.5894 ], [ -5.7146, 35.6142 ], [ -5.7034, 35.5351 ], [ -5.7161, 35.5242 ], [ -5.758, 35.5242 ], [ -5.7704, 35.5134 ], [ -5.7834, 35.5128 ], [ -5.7811, 35.5084 ], [ -5.8045, 35.4935 ], [ -5.8213, 35.4774 ], [ -5.8402, 35.4686 ], [ -5.8423, 35.4541 ], [ -5.8207, 35.4668 ], [ -5.8161, 35.4606 ], [ -5.8068, 35.427 ], [ -5.7957, 35.417 ], [ -5.7819, 35.4109 ], [ -5.7829, 35.4026 ], [ -5.7734, 35.4009 ], [ -5.7284, 35.3802 ], [ -5.7164, 35.3796 ], [ -5.7009, 35.3735 ], [ -5.6504, 35.384 ], [ -5.6218, 35.3608 ], [ -5.6103, 35.3713 ], [ -5.6014, 35.3854 ], [ -5.5871, 35.3916 ], [ -5.5846, 35.398 ], [ -5.5781, 35.396 ], [ -5.5556, 35.4011 ], [ -5.5292, 35.3913 ], [ -5.512, 35.3892 ], [ -5.5102, 35.3925 ], [ -5.482, 35.3861 ], [ -5.48, 35.3712 ], [ -5.459, 35.3645 ], [ -5.466, 35.3555 ], [ -5.4854, 35.3645 ], [ -5.4808, 35.34 ], [ -5.4683, 35.3234 ], [ -5.4659, 35.3109 ], [ -5.459, 35.2981 ], [ -5.4664, 35.2849 ], [ -5.4875, 35.2643 ], [ -5.4905, 35.2501 ], [ -5.4698, 35.2588 ], [ -5.4424, 35.2375 ], [ -5.4387, 35.2064 ], [ -5.4202, 35.211 ], [ -5.3995, 35.2105 ], [ -5.3788, 35.2152 ], [ -5.3587, 35.2246 ], [ -5.3565, 35.222 ], [ -5.35, 35.2231 ], [ -5.3497, 35.2313 ], [ -5.3466, 35.2347 ], [ -5.3251, 35.2327 ], [ -5.3257, 35.2388 ], [ -5.3167, 35.237 ], [ -5.3008, 35.2245 ], [ -5.2691, 35.2217 ], [ -5.2526, 35.2249 ], [ -5.2269, 35.252 ], [ -5.2048, 35.2622 ], [ -5.2159, 35.2831 ], [ -5.2145, 35.2982 ], [ -5.2021, 35.298 ], [ -5.2029, 35.3053 ], [ -5.2056, 35.3065 ], [ -5.2019, 35.3095 ], [ -5.2042, 35.3118 ], [ -5.1902, 35.3277 ], [ -5.1926, 35.3345 ], [ -5.1909, 35.3431 ], [ -5.1862, 35.345 ], [ -5.1872, 35.3518 ], [ -5.1797, 35.3519 ], [ -5.176, 35.3559 ], [ -5.1793, 35.3591 ], [ -5.1736, 35.3733 ], [ -5.1693, 35.3752 ], [ -5.1605, 35.3725 ], [ -5.1469, 35.3783 ], [ -5.1597, 35.3853 ], [ -5.1596, 35.3909 ], [ -5.1528, 35.3929 ], [ -5.1464, 35.3906 ], [ -5.1385, 35.3952 ], [ -5.1305, 35.4075 ], [ -5.123, 35.4091 ], [ -5.1254, 35.4179 ], [ -5.1174, 35.4199 ], [ -5.1155, 35.4236 ], [ -5.1048, 35.4236 ], [ -5.102, 35.4331 ], [ -5.0909, 35.4323 ], [ -5.0943, 35.4279 ], [ -5.0889, 35.4233 ], [ -5.0798, 35.4279 ], [ -5.0803, 35.4352 ] ] ] } }
]
}
