{
"type": "FeatureCollection",
"name": "SDN",
"crs": { "type": "name", "properties": { "name": "urn:ogc:def:crs:OGC:1.3:CRS84" } },
"xy_coordinate_resolution": 0.0001,
"features": [
{ "type": "Feature", "properties": { "iso3": "SDN", "unit_id": "87320338B1961381598550", "unit_name": "Jebel Awlia" }, "geometry": { "type": "Polygon", "coordinates": [ [ [ 32.6821, 15.4829 ], [ 32.6679, 15.4756 ], [ 32.6499, 15.475 ], [ 32.6281, 15.4851 ], [ 32.5952, 15.5257 ], [ 32.4981, 15.5102 ], [ 32.4777, 15.5119 ], [ 32.4604, 15.5048 ], [ 32.4508, 15.497 ], [ 32.4461, 15.4908 ], [ 32.4487, 15.4591 ], [ 32.4615, 15.4263 ], [ 32.4803, 15.4056 ], [ 32.4858, 15.3744 ], [ 32.4958, 15.3535 ], [ 32.4953, 15.3444 ], [ 32.4894, 15.338 ], [ 32.4958, 15.2807 ], [ 32.4824, 15.2253 ], [ 32.5397, 15.1943 ], [ 32.5409, 15.1975 ], [ 32.5771, 15.1931 ], [ 32.6155, 15.1943 ], [ 32.6302, 15.1827 ], [ 32.6749, 15.1857 ], [ 32.6697, 15.2309 ], [ 32.6613, 15.2315 ], [ 32.6613, 15.2377 ], [ 32.6687, 15.2385 ], [ 32.6643, 15.2769 ], [ 32.7077, 15.2943 ], [ 32.6779, 15.3751 ], [ 32.7137, 15.3875 ], [ 32.7069, 15.4087 ], [ 32.7225, 15.4139 ], [ 32.7152, 15.4186 ], [ 32.7105, 15.4291 ], [ 32.7084, 15.4415 ], [ 32.7108, 15.459 ], [ 32.7078, 15.4718 ], [ 32.7009, 15.4774 ], [ 32.6821, 15.4829 ] ] ] } },
{ "type": "Feature", "properties": { "iso3": "SDN", "unit_id": "87320338B87000715165020", "unit_name": "Um Bada" }, "geometry": { "type": "Polygon", "coordinates": [ [ [ 32.4608, 15.6174 ], [ 32.4623, 15.6921 ], [ 32.4335, 15.6926 ], [ 32.432, 15.7712 ], [ 32.4351, 15.7806 ], [ 32.4175, 15.7871 ], [ 32.3625, 15.781 ], [ 32.3578, 15.7844 ], [ 32.3397, 15.8227 ], [ 32.3225, 15.8356 ], [ 32.2798, 15.889 ], [ 32.246, 15.9373 ], [ 32.2152, 15.9725 ], [ 32.2031, 15.9764 ], [ 32.1857, 15.973 ], [ 32.1828, 15.9619 ], [ 32.1751, 15.9561 ], [ 32.1567, 15.9556 ], [ 32.1103, 16.0285 ], [ 32.0914, 16.0671 ], [ 32.0314, 16.0834 ], [ 31.9369, 16.116 ], [ 31.8846, 16.1487 ], [ 31.87, 16.183 ], [ 31.8691, 16.2122 ], [ 31.8837, 16.2225 ], [ 32.1103, 16.1933 ], [ 32.2614, 16.1984 ], [ 32.276, 16.2122 ], [ 32.2828, 16.2585 ], [ 32.2792, 16.3855 ], [ 32.1743, 16.4001 ], [ 31.8857, 16.6301 ], [ 31.6979, 16.5279 ], [ 31.9772, 15.9043 ], [ 31.9944, 15.8741 ], [ 32.0054, 15.8411 ], [ 32.0999, 15.7211 ], [ 32.1116, 15.6952 ], [ 32.1339, 15.6923 ], [ 32.242, 15.6191 ], [ 32.277, 15.606 ], [ 32.3872, 15.6029 ], [ 32.3871, 15.6071 ], [ 32.4037, 15.6049 ], [ 32.4094, 15.6147 ], [ 32.43, 15.6078 ], [ 32.4439, 15.6183 ], [ 32.4519, 15.6186 ], [ 32.4518, 15.613 ], [ 32.4561, 15.6127 ], [ 32.4608, 15.6174 ] ] ] } },
{ "type": "Feature", "properties": { "iso3": "SDN", "unit_id": "87320338B71731879921380", "unit_name": "Bahri" }, "geometry": { "type": "Polygon", "coordinates": [ [ [ 33.2807, 16.1687 ], [ 32.8063, 16.2541 ], [ 32.6931, 16.3349 ], [ 32.6902, 16.33 ], [ 32.6925, 16.3015 ], [ 32.6903, 16.2989 ], [ 32.6548, 16.2837 ], [ 32.6413, 16.2851 ], [ 32.6111, 16.2787 ], [ 32.6045, 16.2714 ], [ 32.6138, 16.235 ], [ 32.5988, 16.2153 ], [ 32.5974, 16.2046 ], [ 32.5798, 16.1756 ], [ 32.5793, 16.1694 ], [ 32.57, 16.1622 ], [ 32.5622, 16.1208 ], [ 32.5626, 16.1075 ], [ 32.5584, 16.0982 ], [ 32.5564, 16.0792 ], [ 32.5634, 16.0197 ], [ 32.5543, 15.9626 ], [ 32.5572, 15.9521 ], [ 32.5655, 15.9457 ], [ 32.5657, 15.9309 ], [ 32.5453, 15.8988 ], [ 32.5426, 15.881 ], [ 32.5455, 15.8686 ], [ 32.5438, 15.8496 ], [ 32.5332, 15.8313 ], [ 32.5417, 15.7929 ], [ 32.5303, 15.7082 ], [ 32.5183, 15.6899 ], [ 32.5076, 15.6442 ], [ 32.4972, 15.6289 ], [ 32.5075, 15.6279 ], [ 32.5148, 15.6142 ], [ 32.5755, 15.6181 ], [ 32.5771, 15.622 ], [ 32.5844, 15.6243 ], [ 32.5814, 15.682 ], [ 32.6442, 15.6832 ], [ 32.6534, 15.7079 ], [ 32.6598, 15.7135 ], [ 32.6759, 15.7098 ], [ 32.7139, 15.7241 ], [ 32.7467, 15.7314 ], [ 32.8, 15.7316 ], [ 32.8785, 15.7043 ], [ 32.9374, 15.6792 ], [ 32.9596, 15.6816 ], [ 32.963, 15.6932 ], [ 32.9306, 15.8989 ], [ 32.9166, 15.9689 ], [ 32.9234, 16.0007 ], [ 32.9461, 16.0157 ], [ 32.99, 16.022 ], [ 33.033, 16.0118 ], [ 33.0586, 15.9974 ], [ 33.0876, 15.996 ], [ 33.1364, 16.0061 ], [ 33.1538, 16.0143 ], [ 33.1581, 16.0346 ], [ 33.1514, 16.0539 ], [ 33.1364, 16.0679 ], [ 33.1311, 16.08 ], [ 33.1383, 16.0998 ], [ 33.1552, 16.1171 ], [ 33.1707, 16.1186 ], [ 33.176, 16.1089 ], [ 33.1712, 16.0829 ], [ 33.1794, 16.08 ], [ 33.1996, 16.0935 ], [ 33.2807, 16.1687 ] ] ] } },
{ "type": "Feature", "properties": { "iso3": "SDN", "unit_id": "87320338B2995518245429", "unit_name": "Sharg An Neel" }, "geometry": { "type": "Polygon", "coordinates": [ [ [ 32.7225, 15.4139 ], [ 32.7487, 15.4099 ], [ 32.7563, 15.3873 ], [ 32.7737, 15.3817 ], [ 32.7775, 15.3767 ], [ 32.7851, 15.3517 ], [ 32.7985, 15.3453 ], [ 32.8451, 15.3347 ], [ 32.8717, 15.3239 ], [ 32.8825, 15.3151 ], [ 32.9009, 15.3069 ], [ 32.9265, 15.2737 ], [ 32.9387, 15.2657 ], [ 32.9633, 15.2663 ], [ 33.0749, 15.2903 ], [ 33.1149, 15.2793 ], [ 33.1487, 15.2255 ], [ 33.1689, 15.2141 ], [ 33.1849, 15.2181 ], [ 33.2067, 15.2179 ], [ 33.2127, 15.2297 ], [ 33.2145, 15.2935 ], [ 33.2679, 15.3223 ], [ 33.3089, 15.3903 ], [ 33.3693, 15.3813 ], [ 33.4185, 15.4013 ], [ 33.4859, 15.4375 ], [ 33.5279, 15.4679 ], [ 33.5693, 15.4555 ], [ 33.5697, 15.4991 ], [ 33.5793, 15.5521 ], [ 33.6111, 15.6059 ], [ 33.6225, 15.6525 ], [ 33.6273, 15.6587 ], [ 33.6607, 15.6805 ], [ 33.6677, 15.6887 ], [ 33.6797, 15.6915 ], [ 33.7043, 15.6867 ], [ 33.7145, 15.6877 ], [ 33.7343, 15.7001 ], [ 33.7587, 15.7091 ], [ 33.7991, 15.7181 ], [ 33.7995, 15.7149 ], [ 33.9867, 15.7629 ], [ 34.0837, 15.7333 ], [ 34.3807, 15.6833 ], [ 34.3355, 15.8495 ], [ 34.2331, 16.0281 ], [ 34.2155, 16.0537 ], [ 33.9689, 16.0033 ], [ 33.6651, 15.9811 ], [ 33.5313, 16.0381 ], [ 33.4359, 16.1135 ], [ 33.2807, 16.1687 ], [ 33.1996, 16.0935 ], [ 33.1794, 16.08 ], [ 33.1712, 16.0829 ], [ 33.176, 16.1089 ], [ 33.1707, 16.1186 ], [ 33.1552, 16.1171 ], [ 33.1383, 16.0998 ], [ 33.1311, 16.08 ], [ 33.1364, 16.0679 ], [ 33.1514, 16.0539 ], [ 33.1581, 16.0346 ], [ 33.1538, 16.0143 ], [ 33.1364, 16.0061 ], [ 33.0876, 15.996 ], [ 33.0586, 15.9974 ], [ 33.033, 16.0118 ], [ 32.99, 16.022 ], [ 32.9461, 16.0157 ], [ 32.9234, 16.0007 ], [ 32.9166, 15.9689 ], [ 32.9306, 15.8989 ], [ 32.963, 15.6932 ], [ 32.9596, 15.6816 ], [ 32.9374, 15.6792 ], [ 32.8785, 15.7043 ], [ 32.8, 15.7316 ], [ 32.7467, 15.7314 ], [ 32.7139, 15.7241 ], [ 32.6759, 15.7098 ], [ 32.6598, 15.7135 ], [ 32.6534, 15.7079 ], [ 32.6442, 15.6832 ], [ 32.5814, 15.682 ], [ 32.5844, 15.6243 ], [ 32.5771, 15.622 ], [ 32.5755, 15.6181 ], [ 32.5835, 15.6177 ], [ 32.59, 15.6121 ], [ 32.5929, 15.604 ], [ 32.5893, 15.5873 ], [ 32.5996, 15.5701 ], [ 32.6109, 15.561 ], [ 32.6136, 15.5436 ], [ 32.6264, 15.5274 ], [ 32.636, 15.5226 ], [ 32.6668, 15.517 ], [ 32.6763, 15.4882 ], [ 32.7078, 15.4718 ], [ 32.7108, 15.459 ], [ 32.7084, 15.4415 ], [ 32.7105, 15.4291 ], [ 32.7152, 15.4186 ], [ 32.7225, 15.4139 ] ] ] } },
{ "type": "Feature", "properties": { "iso3": "SDN", "unit_id": "87320338B89784828773357", "unit_name": "Karrari" }, "geometry": { "type": "Polygon", "coordinates": [ [ [ 32.4615, 15.6697 ], [ 32.4773, 15.6664 ], [ 32.4773, 15.6709 ], [ 32.4865, 15.6723 ], [ 32.5149, 15.6712 ], [ 32.5183, 15.6899 ], [ 32.5303, 15.7082 ], [ 32.5417, 15.7929 ], [ 32.5332, 15.8313 ], [ 32.5438, 15.8496 ], [ 32.5455, 15.8686 ], [ 32.5426, 15.881 ], [ 32.5453, 15.8988 ], [ 32.5631, 15.9255 ], [ 32.5669, 15.9412 ], [ 32.5572, 15.9521 ], [ 32.5543, 15.9626 ], [ 32.5634, 16.0197 ], [ 32.5581, 16.0478 ], [ 32.5584, 16.0982 ], [ 32.5626, 16.1075 ], [ 32.5622, 16.1208 ], [ 32.57, 16.1622 ], [ 32.5793, 16.1694 ], [ 32.5798, 16.1756 ], [ 32.5974, 16.2046 ], [ 32.5988, 16.2153 ], [ 32.6138, 16.235 ], [ 32.6045, 16.2714 ], [ 32.6172, 16.2808 ], [ 32.6249, 16.2796 ], [ 32.6413, 16.2851 ], [ 32.6548, 16.2837 ], [ 32.6903, 16.2989 ], [ 32.6925, 16.3015 ], [ 32.6902, 16.33 ], [ 32.6931, 16.3349 ], [ 32.5411, 16.3561 ], [ 32.2792, 16.3855 ], [ 32.2828, 16.2585 ], [ 32.276, 16.2122 ], [ 32.2614, 16.1984 ], [ 32.1103, 16.1933 ], [ 31.8837, 16.2225 ], [ 31.8691, 16.2122 ], [ 31.87, 16.183 ], [ 31.8846, 16.1487 ], [ 31.9369, 16.116 ], [ 32.0314, 16.0834 ], [ 32.0914, 16.0671 ], [ 32.1103, 16.0285 ], [ 32.1567, 15.9556 ], [ 32.1751, 15.9561 ], [ 32.1828, 15.9619 ], [ 32.1857, 15.973 ], [ 32.2031, 15.9764 ], [ 32.2152, 15.9725 ], [ 32.246, 15.9373 ], [ 32.2798, 15.889 ], [ 32.3225, 15.8356 ], [ 32.3397, 15.8227 ], [ 32.3578, 15.7844 ], [ 32.3625, 15.781 ], [ 32.4175, 15.7871 ], [ 32.4328, 15.7833 ], [ 32.4353, 15.7762 ], [ 32.432, 15.7712 ], [ 32.4335, 15.6926 ], [ 32.4623, 15.6921 ], [ 32.4615, 15.6697 ] ] ] } },
{ "type": "Feature", "properties": { "iso3": "SDN", "unit_id": "87320338B56407161453021", "unit_name": "Um Durman" }, "geometry": { "type": "Polygon", "coordinates": [ [ [ 32.4777, 15.5119 ], [ 32.482, 15.5526 ], [ 32.4986, 15.5826 ], [ 32.4927, 15.6133 ], [ 32.5004, 15.6367 ], [ 32.5076, 15.6442 ], [ 32.5149, 15.6712 ], [ 32.4865, 15.6723 ], [ 32.4773, 15.6709 ], [ 32.4773, 15.6664 ], [ 32.4615, 15.6697 ], [ 32.4608, 15.6174 ], [ 32.4561, 15.6127 ], [ 32.4518, 15.613 ], [ 32.4519, 15.6186 ], [ 32.4439, 15.6183 ], [ 32.43, 15.6078 ], [ 32.4094, 15.6147 ], [ 32.4037, 15.6049 ], [ 32.3871, 15.6071 ], [ 32.3872, 15.6029 ], [ 32.277, 15.606 ], [ 32.242, 15.6191 ], [ 32.1339, 15.6923 ], [ 32.1116, 15.6952 ], [ 32.2236, 15.4447 ], [ 32.2336, 15.4371 ], [ 32.3557, 15.1879 ], [ 32.4353, 15.1841 ], [ 32.4343, 15.1923 ], [ 32.4423, 15.2065 ], [ 32.4433, 15.2227 ], [ 32.4513, 15.2295 ], [ 32.4675, 15.2227 ], [ 32.4824, 15.2253 ], [ 32.4958, 15.2807 ], [ 32.4968, 15.2899 ], [ 32.4894, 15.3244 ], [ 32.4894, 15.338 ], [ 32.4953, 15.3444 ], [ 32.4958, 15.3535 ], [ 32.4858, 15.3744 ], [ 32.4803, 15.4056 ], [ 32.4615, 15.4263 ], [ 32.4487, 15.4591 ], [ 32.4461, 15.4839 ], [ 32.4461, 15.4908 ], [ 32.4508, 15.497 ], [ 32.4604, 15.5048 ], [ 32.4777, 15.5119 ] ] ] } },
{ "type": "Feature", "properties": { "iso3": "SDN", "unit_id": "87320338B8946178466170", "unit_name": "Khartoum" }, "geometry": { "type": "Polygon", "coordinates": [ [ [ 32.6821, 15.4829 ], [ 32.6725, 15.4952 ], [ 32.6668, 15.517 ], [ 32.636, 15.5226 ], [ 32.6264, 15.5274 ], [ 32.6136, 15.5436 ], [ 32.6109, 15.561 ], [ 32.5996, 15.5701 ], [ 32.5893, 15.5873 ], [ 32.5929, 15.604 ], [ 32.59, 15.6121 ], [ 32.5835, 15.6177 ], [ 32.5148, 15.6142 ], [ 32.5075, 15.6279 ], [ 32.4972, 15.6289 ], [ 32.4927, 15.6133 ], [ 32.4986, 15.5826 ], [ 32.482, 15.5526 ], [ 32.4777, 15.5119 ], [ 32.4981, 15.5102 ], [ 32.5952, 15.5257 ], [ 32.6281, 15.4851 ], [ 32.6499, 15.475 ], [ 32.6679, 15.4756 ], [ 32.6821, 15.4829 ] ] ] } },
{ "type": "Feature", "properties": { "iso3": "SDN", "unit_id": "87320338B97875001626641", "unit_name": "Dar As Salam" }, "geometry": { "type": "Polygon", "coordinates": [ [ [ 25.5376, 13.4506 ], [ 25.3706, 13.4327 ], [ 25.3155, 13.4446 ], [ 25.2816, 13.503 ], [ 25.2698, 13.5123 ], [ 25.2393, 13.5098 ], [ 25.1742, 13.4824 ], [ 25.195, 13.4412 ], [ 25.2166, 13.4221 ], [ 25.2135, 13.3834 ], [ 25.1741, 13.3446 ], [ 25.127, 13.3071 ], [ 25.1143, 13.2849 ], [ 25.1061, 13.255 ], [ 25.0908, 13.2315 ], [ 25.0692, 13.2074 ], [ 25.061, 13.1813 ], [ 25.061, 13.1566 ], [ 25.0502, 13.1375 ], [ 25.0019, 13.0797 ], [ 24.9797, 13.0346 ], [ 24.943, 12.9949 ], [ 24.9515, 12.9827 ], [ 24.9809, 12.9533 ], [ 25.0089, 12.9491 ], [ 25.0917, 12.9451 ], [ 25.1603, 12.9689 ], [ 25.2049, 12.9781 ], [ 25.2399, 12.9745 ], [ 25.2658, 12.9523 ], [ 25.3009, 12.9671 ], [ 25.3303, 12.9633 ], [ 25.3661, 12.9757 ], [ 25.4301, 12.9659 ], [ 25.4585, 12.9691 ], [ 25.4566, 12.9612 ], [ 25.4719, 12.9717 ], [ 25.4857, 12.9721 ], [ 25.5195, 12.9569 ], [ 25.5656, 12.9564 ], [ 25.5859, 12.9688 ], [ 25.5988, 13.0586 ], [ 25.5736, 13.345 ], [ 25.5376, 13.4506 ] ] ] } },
{ "type": "Feature", "properties": { "iso3": "SDN", "unit_id": "87320338B31003464509667", "unit_name": "Al Fasher" }, "geometry": { "type": "Polygon", "coordinates": [ [ [ 25.5376, 13.4506 ], [ 25.723, 13.4827 ], [ 25.8289, 13.5064 ], [ 25.8848, 13.5013 ], [ 25.9229, 13.5123 ], [ 25.9788, 13.5496 ], [ 25.9983, 13.5826 ], [ 26.0652, 13.6047 ], [ 26.1101, 13.6148 ], [ 26.1702, 13.6402 ], [ 26.1825, 13.6418 ], [ 26.1066, 13.7959 ], [ 26.0955, 13.8089 ], [ 26.0251, 13.8644 ], [ 25.9733, 13.8922 ], [ 25.9455, 13.944 ], [ 25.9529, 14.0107 ], [ 25.9714, 14.1069 ], [ 25.9765, 14.1151 ], [ 25.9, 14.0951 ], [ 25.8754, 14.0265 ], [ 25.8195, 13.9452 ], [ 25.6298, 13.9469 ], [ 25.5281, 13.8876 ], [ 25.4333, 13.9223 ], [ 25.446, 13.9596 ], [ 25.4112, 13.9935 ], [ 25.3909, 13.9986 ], [ 25.3579, 14.0443 ], [ 25.3604, 14.0714 ], [ 25.3392, 14.0926 ], [ 25.3121, 14.1121 ], [ 25.263, 14.1256 ], [ 25.2511, 14.1214 ], [ 25.2325, 14.1587 ], [ 25.2201, 14.1738 ], [ 25.2109, 14.1928 ], [ 25.1593, 14.204 ], [ 25.0263, 14.1964 ], [ 24.9749, 14.1884 ], [ 24.9584, 14.1644 ], [ 24.9471, 14.0894 ], [ 24.9381, 14.0682 ], [ 24.8754, 14.0309 ], [ 24.8688, 13.9979 ], [ 24.8457, 13.9772 ], [ 24.7721, 13.9649 ], [ 24.7363, 13.9474 ], [ 24.7202, 13.9064 ], [ 24.7212, 13.8649 ], [ 24.6882, 13.8258 ], [ 24.6212, 13.799 ], [ 24.6131, 13.799 ], [ 24.6137, 13.7906 ], [ 24.6258, 13.7747 ], [ 24.6201, 13.755 ], [ 24.6194, 13.736 ], [ 24.5688, 13.6223 ], [ 24.6278, 13.6109 ], [ 24.6728, 13.6218 ], [ 24.7479, 13.6288 ], [ 24.7716, 13.6206 ], [ 24.8404, 13.6107 ], [ 24.9046, 13.6323 ], [ 24.9239, 13.6282 ], [ 24.9527, 13.6332 ], [ 25.0063, 13.6108 ], [ 25.1086, 13.5511 ], [ 25.1461, 13.5327 ], [ 25.1677, 13.4996 ], [ 25.1742, 13.4824 ], [ 25.2393, 13.5098 ], [ 25.2698, 13.5123 ], [ 25.2816, 13.503 ], [ 25.3155, 13.4446 ], [ 25.3706, 13.4327 ], [ 25.5376, 13.4506 ] ] ] } },
{ "type": "Feature", "properties": { "iso3": "SDN", "unit_id": "87320338B18425672849763", "unit_name": "Al Koma" }, "geometry": { "type": "Polygon", "coordinates": [ [ [ 27.4438, 14.0975 ], [ 27.3418, 14.1009 ], [ 27.3432, 14.2565 ], [ 27.3402, 14.2673 ], [ 27.2319, 14.2596 ], [ 27.1893, 14.2641 ], [ 27.146, 13.9738 ], [ 27.4793, 13.9796 ], [ 27.4712, 14.0209 ], [ 27.4438, 14.0975 ] ] ] } },
{ "type": "Feature", "properties": { "iso3": "SDN", "unit_id": "87320338B25413986160802", "unit_name": "Al Malha" }, "geometry": { "type": "Polygon", "coordinates": [ [ [ 27.4926, 16.5263 ], [ 27.4963, 20.0083 ], [ 25.0029, 20.0205 ], [ 25.0029, 20.007 ], [ 24.0001, 20.0066 ], [ 24.003, 18.0501 ], [ 24.0001, 16.8193 ], [ 24.0031, 16.5007 ], [ 24.3263, 16.5144 ], [ 24.4471, 16.482 ], [ 24.5354, 16.3576 ], [ 24.5552, 16.0098 ], [ 24.5733, 15.7917 ], [ 24.5733, 15.3898 ], [ 24.5246, 15.1951 ], [ 24.5283, 15.1886 ], [ 24.5274, 15.1916 ], [ 25.2819, 15.1862 ], [ 25.2819, 15.0062 ], [ 25.2469, 14.7548 ], [ 25.3986, 14.6989 ], [ 25.5299, 14.7271 ], [ 25.6513, 14.7328 ], [ 25.7502, 14.7497 ], [ 25.801, 14.7243 ], [ 25.8264, 14.6862 ], [ 25.8617, 14.6184 ], [ 25.8885, 14.6212 ], [ 25.9252, 14.6579 ], [ 25.9746, 14.6989 ], [ 26.0593, 14.7102 ], [ 26.1595, 14.6989 ], [ 26.2188, 14.6791 ], [ 26.312, 14.6622 ], [ 26.408, 14.6085 ], [ 27.0207, 14.4151 ], [ 27.3263, 14.3316 ], [ 27.1994, 14.8037 ], [ 27.1197, 14.9183 ], [ 27.07, 15.0775 ], [ 27.0054, 15.8375 ], [ 26.9412, 16.5295 ], [ 27.4926, 16.5263 ] ] ] } },
{ "type": "Feature", "properties": { "iso3": "SDN", "unit_id": "87320338B30191141222743", "unit_name": "As Serief" }, "geometry": { "type": "Polygon", "coordinates": [ [ [ 23.9514, 14.1155 ], [ 23.9136, 14.1245 ], [ 23.7312, 14.2021 ], [ 23.5117, 14.3011 ], [ 23.4125, 14.3264 ], [ 23.3296, 14.3426 ], [ 23.2846, 14.3426 ], [ 23.1854, 14.3606 ], [ 23.1426, 14.3571 ], [ 23.1394, 14.3203 ], [ 23.1167, 14.2377 ], [ 23.1064, 14.2182 ], [ 23.1572, 14.1589 ], [ 23.1856, 14.1589 ], [ 23.2206, 14.1651 ], [ 23.2206, 14.1455 ], [ 23.2078, 14.1049 ], [ 23.218, 14.0885 ], [ 23.2468, 14.0115 ], [ 23.2428, 13.9909 ], [ 23.2314, 13.9781 ], [ 23.2054, 13.9595 ], [ 23.1918, 13.9547 ], [ 23.1682, 13.9287 ], [ 23.152, 13.9045 ], [ 23.2291, 13.8729 ], [ 23.2573, 13.851 ], [ 23.2589, 13.8385 ], [ 23.2224, 13.8019 ], [ 23.2078, 13.78 ], [ 23.2114, 13.7612 ], [ 23.2349, 13.731 ], [ 23.2871, 13.6918 ], [ 23.3012, 13.6741 ], [ 23.3168, 13.6658 ], [ 23.3429, 13.6642 ], [ 23.3653, 13.6778 ], [ 23.3747, 13.6757 ], [ 23.3898, 13.6454 ], [ 23.4634, 13.6026 ], [ 23.5046, 13.5948 ], [ 23.5766, 13.6016 ], [ 23.5959, 13.6146 ], [ 23.6191, 13.637 ], [ 23.6392, 13.6449 ], [ 23.6528, 13.6459 ], [ 23.681, 13.6611 ], [ 23.6925, 13.66 ], [ 23.7081, 13.6454 ], [ 23.7201, 13.6219 ], [ 23.7471, 13.5874 ], [ 23.9007, 13.6708 ], [ 24.0072, 13.7606 ], [ 24.2204, 13.988 ], [ 23.965, 14.0884 ], [ 23.9514, 14.1155 ] ] ] } },
{ "type": "Feature", "properties": { "iso3": "SDN", "unit_id": "87320338B71080001827200", "unit_name": "At Tawisha" }, "geometry": { "type": "Polygon", "coordinates": [ [ [ 27.1871, 12.984 ], [ 26.8912, 12.9713 ], [ 26.5373, 12.9747 ], [ 26.3447, 12.9863 ], [ 26.3083, 12.9736 ], [ 26.2846, 12.96 ], [ 26.2676, 12.8559 ], [ 26.227, 12.7678 ], [ 26.1719, 12.733 ], [ 26.1634, 12.6424 ], [ 26.1507, 12.6136 ], [ 26.1058, 12.5475 ], [ 26.0813, 12.5018 ], [ 26.0921, 12.4864 ], [ 26.0921, 12.4266 ], [ 26.0893, 12.4112 ], [ 26.0507, 12.4093 ], [ 26.0169, 12.416 ], [ 25.9695, 12.3918 ], [ 25.9548, 12.3918 ], [ 25.9166, 12.4005 ], [ 25.8893, 12.3792 ], [ 25.8981, 12.3474 ], [ 25.9528, 12.2876 ], [ 25.9599, 12.236 ], [ 25.9725, 12.2157 ], [ 26.0197, 12.2157 ], [ 26.0333, 12.2089 ], [ 26.0337, 12.1863 ], [ 26.0777, 12.1071 ], [ 26.1665, 12.0901 ], [ 26.1781, 12.0661 ], [ 26.2014, 12.0378 ], [ 26.2164, 11.9963 ], [ 26.208, 11.9415 ], [ 26.2363, 11.9329 ], [ 26.2437, 11.9537 ], [ 26.2702, 11.9832 ], [ 26.2917, 11.9955 ], [ 26.3327, 12.0264 ], [ 26.3706, 12.044 ], [ 26.4335, 12.055 ], [ 26.4978, 12.0598 ], [ 26.6282, 12.0981 ], [ 26.6832, 12.0858 ], [ 26.7087, 12.0735 ], [ 26.7664, 12.0563 ], [ 26.7999, 12.0528 ], [ 26.8298, 12.0585 ], [ 26.9417, 12.1202 ], [ 26.9681, 12.1285 ], [ 27.0232, 12.1611 ], [ 27.0746, 12.1813 ], [ 27.0818, 12.2377 ], [ 27.0832, 12.3229 ], [ 27.0758, 12.3931 ], [ 27.0832, 12.4013 ], [ 27.1264, 12.5785 ], [ 27.1301, 12.6215 ], [ 27.1226, 12.6855 ], [ 27.138, 12.9085 ], [ 27.1622, 12.9559 ], [ 27.1871, 12.984 ] ] ] } },
{ "type": "Feature", "properties": { "iso3": "SDN", "unit_id": "87320338B69631233416713", "unit_name": "Um Baru" }, "geometry": { "type": "Polygon", "coordinates": [ [ [ 24.0031, 16.5007 ], [ 23.9988, 15.7139 ], [ 23.9924, 15.7133 ], [ 23.9704, 15.5769 ], [ 23.8571, 15.2952 ], [ 23.7991, 15.2047 ], [ 23.7505, 15.0505 ], [ 23.7448, 15.0191 ], [ 23.7448, 14.9963 ], [ 23.7029, 14.7717 ], [ 23.6829, 14.7022 ], [ 23.6687, 14.626 ], [ 23.6663, 14.4823 ], [ 23.6473, 14.3986 ], [ 23.7215, 14.2863 ], [ 23.7312, 14.2021 ], [ 23.9136, 14.1245 ], [ 23.9514, 14.1155 ], [ 23.9532, 14.1518 ], [ 23.9488, 14.1542 ], [ 23.9579, 14.2766 ], [ 23.9974, 14.3352 ], [ 24.0628, 14.3732 ], [ 24.1482, 14.4598 ], [ 24.151, 14.4872 ], [ 24.1343, 14.5359 ], [ 24.151, 14.5602 ], [ 24.2727, 14.5724 ], [ 24.3221, 14.6317 ], [ 24.3305, 14.6583 ], [ 24.3092, 14.6697 ], [ 24.2674, 14.6644 ], [ 24.2575, 14.6849 ], [ 24.2818, 14.7024 ], [ 24.3191, 14.7024 ], [ 24.3571, 14.7146 ], [ 24.3944, 14.7328 ], [ 24.4551, 14.7324 ], [ 24.5139, 14.7507 ], [ 24.5506, 14.8169 ], [ 24.5249, 14.9069 ], [ 24.5194, 15.0704 ], [ 24.5283, 15.1886 ], [ 24.5246, 15.1951 ], [ 24.5733, 15.3898 ], [ 24.5733, 15.7917 ], [ 24.5552, 16.0098 ], [ 24.5354, 16.3576 ], [ 24.4471, 16.482 ], [ 24.3263, 16.5144 ], [ 24.0031, 16.5007 ] ] ] } },
{ "type": "Feature", "properties": { "iso3": "SDN", "unit_id": "87320338B4535873849979", "unit_name": "Kebkabiya" }, "geometry": { "type": "Polygon", "coordinates": [ [ [ 24.6131, 13.799 ], [ 24.5442, 13.8386 ], [ 24.2204, 13.988 ], [ 24.0072, 13.7606 ], [ 23.9007, 13.6708 ], [ 23.7471, 13.5874 ], [ 23.8083, 13.5224 ], [ 23.8442, 13.4787 ], [ 23.9081, 13.3897 ], [ 23.9279, 13.3731 ], [ 23.9702, 13.3499 ], [ 24.0283, 13.3307 ], [ 24.0325, 13.3167 ], [ 24.1018, 13.2397 ], [ 24.1299, 13.2701 ], [ 24.248, 13.265 ], [ 24.2691, 13.3514 ], [ 24.4675, 13.4167 ], [ 24.5813, 13.417 ], [ 24.5203, 13.5111 ], [ 24.6194, 13.736 ], [ 24.6201, 13.755 ], [ 24.6258, 13.7747 ], [ 24.6137, 13.7906 ], [ 24.6131, 13.799 ] ] ] } },
{ "type": "Feature", "properties": { "iso3": "SDN", "unit_id": "87320338B92072459565812", "unit_name": "Kelemando" }, "geometry": { "type": "Polygon", "coordinates": [ [ [ 25.5656, 12.9564 ], [ 25.5675, 12.8655 ], [ 25.5775, 12.8672 ], [ 25.6507, 12.8354 ], [ 25.7187, 12.8022 ], [ 25.7657, 12.7718 ], [ 25.8223, 12.7744 ], [ 25.8487, 12.7564 ], [ 25.8731, 12.7257 ], [ 25.9314, 12.6778 ], [ 25.9868, 12.5804 ], [ 25.9966, 12.5684 ], [ 26.0813, 12.5018 ], [ 26.1058, 12.5475 ], [ 26.1507, 12.6136 ], [ 26.1634, 12.6424 ], [ 26.1719, 12.733 ], [ 26.227, 12.7678 ], [ 26.2676, 12.8559 ], [ 26.2846, 12.96 ], [ 26.3083, 12.9736 ], [ 26.3447, 12.9863 ], [ 26.282, 13.0159 ], [ 26.2888, 13.2633 ], [ 26.404, 13.3793 ], [ 26.3422, 13.4751 ], [ 26.3261, 13.5073 ], [ 26.1825, 13.6418 ], [ 26.1702, 13.6402 ], [ 26.1101, 13.6148 ], [ 26.0652, 13.6047 ], [ 25.9983, 13.5826 ], [ 25.9788, 13.5496 ], [ 25.9229, 13.5123 ], [ 25.8848, 13.5013 ], [ 25.8289, 13.5064 ], [ 25.723, 13.4827 ], [ 25.5376, 13.4506 ], [ 25.5736, 13.345 ], [ 25.5988, 13.0586 ], [ 25.5859, 12.9688 ], [ 25.5656, 12.9564 ] ] ] } },
{ "type": "Feature", "properties": { "iso3": "SDN", "unit_id": "87320338B32534316278486", "unit_name": "Kutum" }, "geometry": { "type": "Polygon", "coordinates": [ [ [ 25.208, 14.1932 ], [ 25.2323, 14.3098 ], [ 25.2341, 14.6662 ], [ 25.2819, 15.0062 ], [ 25.2819, 15.1862 ], [ 24.5274, 15.1916 ], [ 24.5194, 15.0704 ], [ 24.5249, 14.9069 ], [ 24.5506, 14.8169 ], [ 24.5139, 14.7507 ], [ 24.4551, 14.7324 ], [ 24.3944, 14.7328 ], [ 24.3571, 14.7146 ], [ 24.3191, 14.7024 ], [ 24.2818, 14.7024 ], [ 24.2575, 14.6849 ], [ 24.2674, 14.6644 ], [ 24.3092, 14.6697 ], [ 24.3305, 14.6583 ], [ 24.3221, 14.6317 ], [ 24.2727, 14.5724 ], [ 24.151, 14.5602 ], [ 24.1343, 14.5359 ], [ 24.151, 14.4872 ], [ 24.1482, 14.4598 ], [ 24.0628, 14.3732 ], [ 23.9974, 14.3352 ], [ 23.9579, 14.2766 ], [ 23.9488, 14.1542 ], [ 23.9532, 14.1518 ], [ 23.9514, 14.1155 ], [ 23.965, 14.0884 ], [ 24.1906, 14.0017 ], [ 24.5442, 13.8386 ], [ 24.6131, 13.799 ], [ 24.6212, 13.799 ], [ 24.6882, 13.8258 ], [ 24.7212, 13.8649 ], [ 24.7202, 13.9064 ], [ 24.7363, 13.9474 ], [ 24.7721, 13.9649 ], [ 24.8457, 13.9772 ], [ 24.8688, 13.9979 ], [ 24.8754, 14.0309 ], [ 24.9381, 14.0682 ], [ 24.9471, 14.0894 ], [ 24.9584, 14.1644 ], [ 24.9749, 14.1884 ], [ 25.0263, 14.1964 ], [ 25.1593, 14.204 ], [ 25.208, 14.1932 ] ] ] } },
{ "type": "Feature", "properties": { "iso3": "SDN", "unit_id": "87320338B42819057055274", "unit_name": "Melit" }, "geometry": { "type": "Polygon", "coordinates": [ [ [ 25.3986, 14.6989 ], [ 25.5299, 14.7271 ], [ 25.6513, 14.7328 ], [ 25.7502, 14.7497 ], [ 25.801, 14.7243 ], [ 25.8264, 14.6862 ], [ 25.8617, 14.6184 ], [ 25.8885, 14.6212 ], [ 25.9252, 14.6579 ], [ 25.9746, 14.6989 ], [ 26.0593, 14.7102 ], [ 26.1595, 14.6989 ], [ 26.2188, 14.6791 ], [ 26.312, 14.6622 ], [ 26.408, 14.6085 ], [ 27.0207, 14.4151 ], [ 27.3263, 14.3316 ], [ 27.3402, 14.2673 ], [ 27.2319, 14.2596 ], [ 27.1893, 14.2641 ], [ 27.146, 13.9738 ], [ 26.8249, 13.9729 ], [ 26.7969, 13.9748 ], [ 26.7593, 13.9825 ], [ 26.7255, 13.9748 ], [ 26.6981, 13.9766 ], [ 26.6641, 14.0008 ], [ 26.4847, 13.9756 ], [ 26.393, 13.8444 ], [ 26.4099, 13.736 ], [ 26.1825, 13.6418 ], [ 26.1066, 13.7959 ], [ 26.0955, 13.8089 ], [ 26.0251, 13.8644 ], [ 25.9733, 13.8922 ], [ 25.9455, 13.944 ], [ 25.9529, 14.0107 ], [ 25.9714, 14.1069 ], [ 25.9765, 14.1151 ], [ 25.9, 14.0951 ], [ 25.8754, 14.0265 ], [ 25.8195, 13.9452 ], [ 25.6298, 13.9469 ], [ 25.5281, 13.8876 ], [ 25.4333, 13.9223 ], [ 25.446, 13.9596 ], [ 25.4112, 13.9935 ], [ 25.3909, 13.9986 ], [ 25.3579, 14.0443 ], [ 25.3604, 14.0714 ], [ 25.3392, 14.0926 ], [ 25.3121, 14.1121 ], [ 25.263, 14.1256 ], [ 25.2511, 14.1214 ], [ 25.2325, 14.1587 ], [ 25.2201, 14.1738 ], [ 25.2109, 14.1928 ], [ 25.208, 14.1932 ], [ 25.2323, 14.3098 ], [ 25.2341, 14.6662 ], [ 25.2469, 14.7548 ], [ 25.3986, 14.6989 ] ] ] } },
{ "type": "Feature", "properties": { "iso3": "SDN", "unit_id": "87320338B31406598555432", "unit_name": "Saraf Omra" }, "geometry": { "type": "Polygon", "coordinates": [ [ [ 23.152, 13.9045 ], [ 23.1234, 13.8311 ], [ 23.121, 13.8041 ], [ 23.1006, 13.7581 ], [ 23.103, 13.7573 ], [ 23.1006, 13.7521 ], [ 23.2084, 13.7163 ], [ 23.2066, 13.7103 ], [ 23.1784, 13.7043 ], [ 23.177, 13.7009 ], [ 23.182, 13.6082 ], [ 23.1802, 13.5883 ], [ 23.174, 13.5851 ], [ 23.1524, 13.5851 ], [ 23.1386, 13.5658 ], [ 23.14, 13.5549 ], [ 23.146, 13.5465 ], [ 23.1784, 13.5347 ], [ 23.188, 13.5241 ], [ 23.1912, 13.5141 ], [ 23.1904, 13.4865 ], [ 23.1822, 13.4721 ], [ 23.1846, 13.4703 ], [ 23.1823, 13.4645 ], [ 23.2247, 13.4286 ], [ 23.2427, 13.4259 ], [ 23.2621, 13.4305 ], [ 23.3219, 13.4701 ], [ 23.3537, 13.4795 ], [ 23.3773, 13.5003 ], [ 23.3981, 13.4987 ], [ 23.4363, 13.5497 ], [ 23.4943, 13.5593 ], [ 23.5477, 13.5265 ], [ 23.5707, 13.5199 ], [ 23.6273, 13.4899 ], [ 23.6721, 13.4755 ], [ 23.6879, 13.4753 ], [ 23.7175, 13.4687 ], [ 23.7695, 13.4453 ], [ 23.7815, 13.3929 ], [ 23.8063, 13.3799 ], [ 23.8345, 13.3735 ], [ 23.8821, 13.3713 ], [ 23.9081, 13.3897 ], [ 23.8442, 13.4787 ], [ 23.8083, 13.5224 ], [ 23.7471, 13.5874 ], [ 23.7201, 13.6219 ], [ 23.7081, 13.6454 ], [ 23.6925, 13.66 ], [ 23.681, 13.6611 ], [ 23.6528, 13.6459 ], [ 23.6392, 13.6449 ], [ 23.6191, 13.637 ], [ 23.5959, 13.6146 ], [ 23.5766, 13.6016 ], [ 23.5046, 13.5948 ], [ 23.4634, 13.6026 ], [ 23.3898, 13.6454 ], [ 23.3747, 13.6757 ], [ 23.3653, 13.6778 ], [ 23.3429, 13.6642 ], [ 23.3168, 13.6658 ], [ 23.3012, 13.6741 ], [ 23.2871, 13.6918 ], [ 23.2349, 13.731 ], [ 23.2114, 13.7612 ], [ 23.2078, 13.78 ], [ 23.2224, 13.8019 ], [ 23.2589, 13.8385 ], [ 23.2573, 13.851 ], [ 23.2291, 13.8729 ], [ 23.152, 13.9045 ] ] ] } },
{ "type": "Feature", "properties": { "iso3": "SDN", "unit_id": "87320338B14788810535961", "unit_name": "Um Kadadah" }, "geometry": { "type": "Polygon", "coordinates": [ [ [ 27.146, 13.9738 ], [ 26.8249, 13.9729 ], [ 26.7969, 13.9748 ], [ 26.7593, 13.9825 ], [ 26.7255, 13.9748 ], [ 26.6981, 13.9766 ], [ 26.6641, 14.0008 ], [ 26.4847, 13.9756 ], [ 26.393, 13.8444 ], [ 26.4099, 13.736 ], [ 26.1825, 13.6418 ], [ 26.3261, 13.5073 ], [ 26.3422, 13.4751 ], [ 26.404, 13.3793 ], [ 26.2888, 13.2633 ], [ 26.282, 13.0159 ], [ 26.3447, 12.9863 ], [ 26.5373, 12.9747 ], [ 26.8912, 12.9713 ], [ 27.1871, 12.984 ], [ 27.3582, 13.1705 ], [ 27.3484, 13.2023 ], [ 27.3528, 13.2161 ], [ 27.3666, 13.2231 ], [ 27.3778, 13.2367 ], [ 27.3822, 13.2695 ], [ 27.385, 13.3425 ], [ 27.5178, 13.4929 ], [ 27.5432, 13.5455 ], [ 27.5456, 13.6109 ], [ 27.5408, 13.6443 ], [ 27.5362, 13.6491 ], [ 27.529, 13.6496 ], [ 27.4972, 13.7041 ], [ 27.4552, 13.7403 ], [ 27.4682, 13.8225 ], [ 27.4793, 13.9796 ], [ 27.146, 13.9738 ] ] ] } },
{ "type": "Feature", "properties": { "iso3": "SDN", "unit_id": "87320338B69004997116549", "unit_name": "Kernoi" }, "geometry": { "type": "Polygon", "coordinates": [ [ [ 23.7312, 14.2021 ], [ 23.7215, 14.2863 ], [ 23.6473, 14.3986 ], [ 23.6663, 14.4823 ], [ 23.6687, 14.626 ], [ 23.6829, 14.7022 ], [ 23.7029, 14.7717 ], [ 23.7448, 14.9963 ], [ 23.7448, 15.0191 ], [ 23.7505, 15.0505 ], [ 23.7991, 15.2047 ], [ 23.8571, 15.2952 ], [ 23.9704, 15.5769 ], [ 23.9924, 15.7133 ], [ 23.966, 15.712 ], [ 23.8974, 15.7273 ], [ 23.8689, 15.7301 ], [ 23.8327, 15.7482 ], [ 23.8156, 15.7525 ], [ 23.7509, 15.7515 ], [ 23.7248, 15.7533 ], [ 23.7004, 15.7606 ], [ 23.6765, 15.7634 ], [ 23.6033, 15.7658 ], [ 23.5728, 15.7618 ], [ 23.4943, 15.4991 ], [ 23.3267, 15.234 ], [ 23.2772, 15.1769 ], [ 23.2468, 15.1236 ], [ 23.2249, 15.0617 ], [ 23.2134, 15.0244 ], [ 23.1659, 14.8247 ], [ 23.1449, 14.7705 ], [ 23.1402, 14.7162 ], [ 23.1584, 14.6019 ], [ 23.16, 14.5103 ], [ 23.1426, 14.3571 ], [ 23.1854, 14.3606 ], [ 23.2846, 14.3426 ], [ 23.3296, 14.3426 ], [ 23.4125, 14.3264 ], [ 23.5117, 14.3011 ], [ 23.7312, 14.2021 ] ] ] } },
{ "type": "Feature", "properties": { "iso3": "SDN", "unit_id": "87320338B18519924322612", "unit_name": "Al Lait" }, "geometry": { "type": "Polygon", "coordinates": [ [ [ 26.2363, 11.9329 ], [ 26.3512, 11.8766 ], [ 26.5393, 11.8585 ], [ 26.6356, 11.8429 ], [ 26.7026, 11.8068 ], [ 26.7431, 11.7897 ], [ 26.7527, 11.7823 ], [ 26.7611, 11.7701 ], [ 26.8063, 11.7524 ], [ 26.8219, 11.7495 ], [ 26.8781, 11.7481 ], [ 26.8939, 11.7515 ], [ 26.9695, 11.7815 ], [ 27.059, 11.7904 ], [ 27.1598, 11.7867 ], [ 27.2197, 11.7636 ], [ 27.182, 11.8821 ], [ 27.1004, 12.0463 ], [ 27.0642, 12.1023 ], [ 27.0746, 12.1813 ], [ 27.0232, 12.1611 ], [ 26.9681, 12.1285 ], [ 26.9417, 12.1202 ], [ 26.8298, 12.0585 ], [ 26.7999, 12.0528 ], [ 26.7664, 12.0563 ], [ 26.7087, 12.0735 ], [ 26.6832, 12.0858 ], [ 26.6282, 12.0981 ], [ 26.4978, 12.0598 ], [ 26.4335, 12.055 ], [ 26.3706, 12.044 ], [ 26.3327, 12.0264 ], [ 26.2917, 11.9955 ], [ 26.2702, 11.9832 ], [ 26.2437, 11.9537 ], [ 26.2363, 11.9329 ] ] ] } },
{ "type": "Feature", "properties": { "iso3": "SDN", "unit_id": "87320338B49166648067031", "unit_name": "Tawila" }, "geometry": { "type": "Polygon", "coordinates": [ [ [ 25.195, 13.4412 ], [ 25.1677, 13.4996 ], [ 25.1461, 13.5327 ], [ 25.1086, 13.5511 ], [ 25.0063, 13.6108 ], [ 24.9527, 13.6332 ], [ 24.9239, 13.6282 ], [ 24.9046, 13.6323 ], [ 24.8404, 13.6107 ], [ 24.7716, 13.6206 ], [ 24.7479, 13.6288 ], [ 24.6728, 13.6218 ], [ 24.6278, 13.6109 ], [ 24.5688, 13.6223 ], [ 24.5203, 13.5111 ], [ 24.5813, 13.417 ], [ 24.6833, 13.4307 ], [ 24.7129, 13.3972 ], [ 24.7151, 13.3849 ], [ 24.6399, 13.2635 ], [ 24.6421, 13.2527 ], [ 24.6388, 13.2476 ], [ 24.6304, 13.2448 ], [ 24.6208, 13.2299 ], [ 24.6087, 13.2279 ], [ 24.5923, 13.2123 ], [ 24.5549, 13.1987 ], [ 24.5455, 13.1857 ], [ 24.5259, 13.1823 ], [ 24.4515, 13.1425 ], [ 24.4462, 13.1266 ], [ 24.5595, 13.1141 ], [ 24.6282, 13.1023 ], [ 24.6521, 13.1059 ], [ 24.6639, 13.1117 ], [ 24.7164, 13.1065 ], [ 24.7329, 13.0995 ], [ 24.7585, 13.0995 ], [ 24.7777, 13.0889 ], [ 24.7911, 13.0722 ], [ 24.8283, 13.0549 ], [ 24.8797, 13.0253 ], [ 24.9234, 13.01 ], [ 24.943, 12.9949 ], [ 24.9797, 13.0346 ], [ 25.0019, 13.0797 ], [ 25.0502, 13.1375 ], [ 25.061, 13.1566 ], [ 25.061, 13.1813 ], [ 25.0692, 13.2074 ], [ 25.0908, 13.2315 ], [ 25.1061, 13.255 ], [ 25.1143, 13.2849 ], [ 25.127, 13.3071 ], [ 25.1741, 13.3446 ], [ 25.2135, 13.3834 ], [ 25.2166, 13.4221 ], [ 25.195, 13.4412 ] ] ] } },
{ "type": "Feature", "properties": { "iso3": "SDN", "unit_id": "87320338B46996160557541", "unit_name": "At Tina" }, "geometry": { "type": "Polygon", "coordinates": [ [ [ 23.5728, 15.7618 ], [ 23.5122, 15.7458 ], [ 23.4273, 15.7068 ], [ 23.3611, 15.6954 ], [ 23.3291, 15.6944 ], [ 23.1994, 15.7147 ], [ 23.1741, 15.7135 ], [ 23.1457, 15.7184 ], [ 23.1098, 15.7139 ], [ 23.0963, 15.7041 ], [ 23.0856, 15.684 ], [ 23.075, 15.673 ], [ 23.0542, 15.6592 ], [ 23.0272, 15.6236 ], [ 22.9814, 15.5859 ], [ 22.9547, 15.5778 ], [ 22.927, 15.5539 ], [ 22.9233, 15.545 ], [ 22.9252, 15.5093 ], [ 22.922, 15.4902 ], [ 22.929, 15.4679 ], [ 22.9392, 15.4568 ], [ 22.9599, 15.4436 ], [ 22.9733, 15.4256 ], [ 22.9894, 15.4122 ], [ 22.989, 15.3744 ], [ 23.0028, 15.3242 ], [ 23.0023, 15.3123 ], [ 22.9918, 15.2837 ], [ 22.9951, 15.2733 ], [ 22.9928, 15.258 ], [ 22.9999, 15.2366 ], [ 22.9971, 15.2276 ], [ 22.9818, 15.2085 ], [ 22.9772, 15.1946 ], [ 22.9666, 15.1848 ], [ 22.9372, 15.1727 ], [ 22.929, 15.1567 ], [ 22.9254, 15.1414 ], [ 22.9358, 15.1128 ], [ 22.9266, 15.0915 ], [ 22.9129, 15.088 ], [ 22.8771, 15.0886 ], [ 22.8614, 15.0805 ], [ 22.8605, 15.0572 ], [ 22.8562, 15.0501 ], [ 22.8119, 15.0321 ], [ 22.7915, 15.002 ], [ 22.7877, 14.9854 ], [ 22.7825, 14.9836 ], [ 22.876, 14.8987 ], [ 22.8376, 14.7037 ], [ 22.8177, 14.5595 ], [ 22.9025, 14.5031 ], [ 23.0102, 14.5491 ], [ 23.1141, 14.4183 ], [ 23.1426, 14.3571 ], [ 23.16, 14.5103 ], [ 23.1584, 14.6019 ], [ 23.1402, 14.7162 ], [ 23.1449, 14.7705 ], [ 23.1659, 14.8247 ], [ 23.2134, 15.0244 ], [ 23.2468, 15.1236 ], [ 23.2772, 15.1769 ], [ 23.3267, 15.234 ], [ 23.4943, 15.4991 ], [ 23.5728, 15.7618 ] ] ] } },
{ "type": "Feature", "properties": { "iso3": "SDN", "unit_id": "87320338B1154882503016", "unit_name": "Al Radoum" }, "geometry": { "type": "Polygon", "coordinates": [ [ [ 25.0841, 10.2767 ], [ 25.0747, 10.2983 ], [ 25.0228, 10.3669 ], [ 24.9732, 10.4511 ], [ 24.9555, 10.6313 ], [ 24.9273, 10.6827 ], [ 24.8678, 10.757 ], [ 24.7433, 10.8195 ], [ 24.7477, 10.7897 ], [ 24.6687, 10.7835 ], [ 24.6595, 10.7883 ], [ 24.6449, 10.8077 ], [ 24.6411, 10.8083 ], [ 24.6267, 10.8001 ], [ 24.6131, 10.78 ], [ 24.5449, 10.7491 ], [ 24.5283, 10.7355 ], [ 24.5219, 10.7183 ], [ 24.527, 10.6691 ], [ 24.5385, 10.6289 ], [ 24.5595, 10.5877 ], [ 24.5765, 10.5654 ], [ 24.5623, 10.5479 ], [ 24.5317, 10.5383 ], [ 24.4854, 10.5407 ], [ 24.4464, 10.5303 ], [ 24.3933, 10.5045 ], [ 24.3435, 10.4724 ], [ 24.3001, 10.4579 ], [ 24.2775, 10.4643 ], [ 24.2486, 10.519 ], [ 24.2299, 10.5368 ], [ 24.1869, 10.4767 ], [ 24.067, 10.3495 ], [ 24.0301, 10.299 ], [ 23.5843, 10.2923 ], [ 23.4395, 10.2699 ], [ 23.5954, 10.0236 ], [ 23.623, 9.9708 ], [ 23.672, 9.8932 ], [ 23.6987, 9.6757 ], [ 23.6787, 9.6343 ], [ 23.6402, 9.5696 ], [ 23.6344, 9.561 ], [ 23.6206, 9.5553 ], [ 23.6116, 9.5458 ], [ 23.5983, 9.5225 ], [ 23.5997, 9.5149 ], [ 23.613, 9.5096 ], [ 23.614, 9.5034 ], [ 23.6073, 9.4835 ], [ 23.6106, 9.4716 ], [ 23.647, 9.438 ], [ 23.6663, 9.445 ], [ 23.6725, 9.4445 ], [ 23.6667, 9.4449 ], [ 23.6725, 9.4444 ], [ 23.6815, 9.4378 ], [ 23.6834, 9.4307 ], [ 23.6748, 9.4159 ], [ 23.6506, 9.3968 ], [ 23.6458, 9.3897 ], [ 23.6434, 9.3378 ], [ 23.6124, 9.3444 ], [ 23.6035, 9.3374 ], [ 23.6016, 9.3231 ], [ 23.6225, 9.276 ], [ 23.6235, 9.2669 ], [ 23.6202, 9.2427 ], [ 23.6164, 9.2312 ], [ 23.6021, 9.2203 ], [ 23.594, 9.2103 ], [ 23.5878, 9.2051 ], [ 23.583, 9.2027 ], [ 23.5688, 9.1979 ], [ 23.5645, 9.1922 ], [ 23.5459, 9.1746 ], [ 23.5412, 9.1713 ], [ 23.5318, 9.168 ], [ 23.5406, 9.1713 ], [ 23.5454, 9.1746 ], [ 23.564, 9.1922 ], [ 23.5682, 9.1979 ], [ 23.5825, 9.2027 ], [ 23.5873, 9.2051 ], [ 23.592, 9.2089 ], [ 23.5935, 9.2103 ], [ 23.6016, 9.2203 ], [ 23.6158, 9.2312 ], [ 23.6196, 9.2427 ], [ 23.623, 9.2669 ], [ 23.622, 9.276 ], [ 23.6196, 9.2428 ], [ 23.6158, 9.2314 ], [ 23.6015, 9.2204 ], [ 23.592, 9.209 ], [ 23.5682, 9.198 ], [ 23.5454, 9.1747 ], [ 23.5316, 9.1681 ], [ 23.5235, 9.1676 ], [ 23.5143, 9.1573 ], [ 23.5083, 9.1717 ], [ 23.4959, 9.1738 ], [ 23.4878, 9.1695 ], [ 23.4711, 9.1519 ], [ 23.4664, 9.1348 ], [ 23.4707, 9.0953 ], [ 23.464, 9.0862 ], [ 23.454, 9.0577 ], [ 23.4664, 9.0391 ], [ 23.4649, 9.0329 ], [ 23.4459, 9.0248 ], [ 23.4421, 9.0157 ], [ 23.4455, 9.0114 ], [ 23.4759, 9.0057 ], [ 23.4869, 8.9942 ], [ 23.5078, 8.98 ], [ 23.5202, 8.9766 ], [ 23.5335, 8.9776 ], [ 23.5487, 8.9928 ], [ 23.554, 9.0085 ], [ 23.5464, 9.0238 ], [ 23.5449, 9.0347 ], [ 23.5549, 9.0518 ], [ 23.5625, 9.0547 ], [ 23.5697, 9.0518 ], [ 23.573, 9.0286 ], [ 23.5792, 9.0219 ], [ 23.5882, 9.0 ], [ 23.6011, 8.9942 ], [ 23.6134, 8.98 ], [ 23.6129, 8.9753 ], [ 23.6034, 8.9662 ], [ 23.591, 8.9362 ], [ 23.5848, 8.9282 ], [ 23.5806, 8.9034 ], [ 23.5596, 8.8687 ], [ 23.5396, 8.8492 ], [ 23.5197, 8.8435 ], [ 23.5292, 8.832 ], [ 23.5235, 8.8135 ], [ 23.5273, 8.7954 ], [ 23.5209, 8.7604 ], [ 23.5273, 8.7502 ], [ 23.5416, 8.7444 ], [ 23.5678, 8.7463 ], [ 23.5869, 8.7587 ], [ 23.5956, 8.7605 ], [ 23.603, 8.7534 ], [ 23.6044, 8.7426 ], [ 23.6197, 8.7258 ], [ 23.6197, 8.7406 ], [ 23.6268, 8.7611 ], [ 23.6368, 8.7644 ], [ 23.672, 8.7192 ], [ 23.7044, 8.6944 ], [ 23.7124, 8.692 ], [ 23.7286, 8.693 ], [ 23.7657, 8.7125 ], [ 23.7843, 8.7182 ], [ 23.8481, 8.7296 ], [ 23.8938, 8.7158 ], [ 23.9137, 8.7025 ], [ 23.9518, 8.6901 ], [ 24.0094, 8.7049 ], [ 24.0256, 8.7173 ], [ 24.0475, 8.7063 ], [ 24.0513, 8.6892 ], [ 24.0546, 8.6859 ], [ 24.0822, 8.6802 ], [ 24.116, 8.6844 ], [ 24.1603, 8.6968 ], [ 24.2036, 8.6935 ], [ 24.2212, 8.7025 ], [ 24.2279, 8.7144 ], [ 24.2493, 8.7168 ], [ 24.264, 8.7063 ], [ 24.2636, 8.6963 ], [ 24.2441, 8.6525 ], [ 24.2288, 8.6483 ], [ 24.2236, 8.6413 ], [ 24.2442, 8.648 ], [ 24.3836, 8.7898 ], [ 24.5269, 8.845 ], [ 24.5792, 8.924 ], [ 24.574, 8.9668 ], [ 24.5625, 8.993 ], [ 24.564, 9.0006 ], [ 24.543, 9.063 ], [ 24.5483, 9.0948 ], [ 24.5473, 9.1063 ], [ 24.5578, 9.1362 ], [ 24.5654, 9.1848 ], [ 24.583, 9.2233 ], [ 24.5902, 9.249 ], [ 24.5954, 9.2547 ], [ 24.6258, 9.3209 ], [ 24.6263, 9.3271 ], [ 24.6025, 9.3547 ], [ 24.5963, 9.3766 ], [ 24.6211, 9.3961 ], [ 24.6563, 9.4165 ], [ 24.6653, 9.4284 ], [ 24.6849, 9.4446 ], [ 24.7391, 9.4822 ], [ 24.7505, 9.5032 ], [ 24.7543, 9.5193 ], [ 24.7548, 9.5574 ], [ 24.7515, 9.5679 ], [ 24.7534, 9.5831 ], [ 24.7467, 9.6031 ], [ 24.7348, 9.6188 ], [ 24.7324, 9.6269 ], [ 24.7353, 9.6416 ], [ 24.7443, 9.655 ], [ 24.7401, 9.6664 ], [ 24.7396, 9.7121 ], [ 24.7343, 9.7283 ], [ 24.7248, 9.7297 ], [ 24.7201, 9.7444 ], [ 24.7258, 9.7506 ], [ 24.7324, 9.7506 ], [ 24.742, 9.7573 ], [ 24.7386, 9.7692 ], [ 24.7515, 9.7692 ], [ 24.7624, 9.7635 ], [ 24.7696, 9.7749 ], [ 24.7753, 9.7739 ], [ 24.7815, 9.7773 ], [ 24.7872, 9.7892 ], [ 24.7995, 9.7968 ], [ 24.8014, 9.8049 ], [ 24.81, 9.803 ], [ 24.8238, 9.822 ], [ 24.8191, 9.8368 ], [ 24.8276, 9.8501 ], [ 24.8419, 9.8591 ], [ 24.8538, 9.8763 ], [ 24.8857, 9.8901 ], [ 24.8966, 9.9024 ], [ 24.9209, 9.9143 ], [ 24.9242, 9.9229 ], [ 24.9499, 9.9357 ], [ 24.9571, 9.9538 ], [ 24.9671, 9.9629 ], [ 24.969, 9.9719 ], [ 24.979, 9.9814 ], [ 24.9828, 9.9929 ], [ 24.9932, 9.9957 ], [ 25.0027, 10.0028 ], [ 25.0089, 10.04 ], [ 25.0118, 10.0419 ], [ 25.027, 10.0333 ], [ 25.0327, 10.0338 ], [ 25.0346, 10.0485 ], [ 25.0304, 10.0595 ], [ 25.0304, 10.0719 ], [ 25.0532, 10.0966 ], [ 25.0594, 10.1213 ], [ 25.0394, 10.1656 ], [ 25.0318, 10.1685 ], [ 25.0289, 10.1737 ], [ 25.0342, 10.1794 ], [ 25.0342, 10.1875 ], [ 25.0427, 10.2094 ], [ 25.057, 10.2199 ], [ 25.0608, 10.2356 ], [ 25.0679, 10.2379 ], [ 25.0646, 10.2456 ], [ 25.0722, 10.256 ], [ 25.0737, 10.2674 ], [ 25.0841, 10.2767 ] ] ] } },
{ "type": "Feature", "properties": { "iso3": "SDN", "unit_id": "87320338B52467389281150", "unit_name": "Ed Al Fursan" }, "geometry": { "type": "Polygon", "coordinates": [ [ [ 24.4875, 11.3034 ], [ 24.5009, 11.3646 ], [ 24.5192, 11.4048 ], [ 24.5167, 11.4376 ], [ 24.5259, 11.4569 ], [ 24.5343, 11.4645 ], [ 24.5499, 11.493 ], [ 24.5539, 11.5117 ], [ 24.5737, 11.5271 ], [ 24.6015, 11.5575 ], [ 24.6621, 11.5959 ], [ 24.6715, 11.6073 ], [ 24.6805, 11.6275 ], [ 24.6829, 11.6489 ], [ 24.6363, 11.7535 ], [ 24.6363, 11.7725 ], [ 24.6237, 11.8071 ], [ 24.6243, 11.8273 ], [ 24.6191, 11.8399 ], [ 24.5945, 11.8601 ], [ 24.5871, 11.8753 ], [ 24.5775, 11.9207 ], [ 24.5751, 11.9597 ], [ 24.5663, 11.9831 ], [ 24.5379, 12.0001 ], [ 24.5134, 11.9977 ], [ 24.4955, 12.0125 ], [ 24.4919, 12.0197 ], [ 24.3965, 12.0493 ], [ 24.3783, 12.0587 ], [ 24.3461, 12.1005 ], [ 24.3543, 12.1087 ], [ 24.3572, 12.1218 ], [ 24.3441, 12.1339 ], [ 24.2954, 12.1546 ], [ 24.2812, 12.1449 ], [ 24.254, 12.1144 ], [ 24.2378, 12.1019 ], [ 24.2295, 12.0635 ], [ 24.2489, 12.0561 ], [ 24.2155, 11.9917 ], [ 24.1793, 11.9347 ], [ 24.1361, 11.92 ], [ 24.1601, 11.7908 ], [ 24.1122, 11.7665 ], [ 24.0713, 11.8024 ], [ 24.0494, 11.7908 ], [ 24.0198, 11.6401 ], [ 24.003, 11.5977 ], [ 24.0404, 11.5461 ], [ 24.0107, 11.514 ], [ 24.0262, 11.4663 ], [ 24.0429, 11.4573 ], [ 24.0464, 11.4194 ], [ 24.0407, 11.3605 ], [ 24.0435, 11.3621 ], [ 24.0697, 11.3549 ], [ 24.1033, 11.3387 ], [ 24.1275, 11.2762 ], [ 24.1568, 11.3069 ], [ 24.1696, 11.3419 ], [ 24.1967, 11.3569 ], [ 24.246, 11.3369 ], [ 24.3681, 11.3433 ], [ 24.4009, 11.3654 ], [ 24.4209, 11.3355 ], [ 24.4501, 11.3098 ], [ 24.4875, 11.3034 ] ] ] } },
{ "type": "Feature", "properties": { "iso3": "SDN", "unit_id": "87320338B12833956105501", "unit_name": "Kas" }, "geometry": { "type": "Polygon", "coordinates": [ [ [ 24.3572, 12.1218 ], [ 24.3618, 12.1339 ], [ 24.3947, 12.149 ], [ 24.4065, 12.1594 ], [ 24.4371, 12.2355 ], [ 24.4449, 12.2913 ], [ 24.4281, 12.3387 ], [ 24.4191, 12.3967 ], [ 24.4635, 12.4239 ], [ 24.4772, 12.5141 ], [ 24.4805, 12.5269 ], [ 24.4913, 12.5467 ], [ 24.4896, 12.5835 ], [ 24.4839, 12.5904 ], [ 24.4652, 12.5917 ], [ 24.4591, 12.5986 ], [ 24.4569, 12.6264 ], [ 24.4657, 12.6311 ], [ 24.4699, 12.6379 ], [ 24.4686, 12.6647 ], [ 24.3253, 12.6657 ], [ 24.2887, 12.6569 ], [ 24.2397, 12.653 ], [ 24.212, 12.6619 ], [ 24.1943, 12.6819 ], [ 24.1805, 12.7122 ], [ 24.1541, 12.7499 ], [ 24.1265, 12.7625 ], [ 24.0862, 12.7537 ], [ 24.0617, 12.829 ], [ 23.8833, 12.804 ], [ 23.8925, 12.7974 ], [ 23.8561, 12.7686 ], [ 23.8532, 12.7177 ], [ 23.8382, 12.7119 ], [ 24.0173, 12.2741 ], [ 24.0719, 12.2723 ], [ 24.0976, 12.266 ], [ 24.1221, 12.2289 ], [ 24.1447, 12.1111 ], [ 24.1991, 12.0915 ], [ 24.2253, 12.0651 ], [ 24.2295, 12.0635 ], [ 24.2378, 12.1019 ], [ 24.254, 12.1144 ], [ 24.2812, 12.1449 ], [ 24.2954, 12.1546 ], [ 24.3441, 12.1339 ], [ 24.3572, 12.1218 ] ] ] } },
{ "type": "Feature", "properties": { "iso3": "SDN", "unit_id": "87320338B19187770497115", "unit_name": "Mershing" }, "geometry": { "type": "Polygon", "coordinates": [ [ [ 24.9871, 12.2469 ], [ 25.0369, 12.3227 ], [ 25.0739, 12.4021 ], [ 25.0575, 12.4581 ], [ 25.0629, 12.4905 ], [ 25.0905, 12.5423 ], [ 25.1237, 12.5755 ], [ 25.1699, 12.6105 ], [ 25.1501, 12.6736 ], [ 24.9823, 12.7323 ], [ 24.8224, 12.7967 ], [ 24.8505, 12.6471 ], [ 24.9101, 12.399 ], [ 24.9824, 12.2151 ], [ 24.9871, 12.2469 ] ] ] } },
{ "type": "Feature", "properties": { "iso3": "SDN", "unit_id": "87320338B3246269495765", "unit_name": "Um Dafoug" }, "geometry": { "type": "Polygon", "coordinates": [ [ [ 24.1869, 10.4767 ], [ 24.3267, 10.6721 ], [ 24.2859, 10.7087 ], [ 24.136, 10.7489 ], [ 24.0016, 10.7951 ], [ 23.8375, 10.8042 ], [ 23.7932, 10.8459 ], [ 23.7704, 10.8551 ], [ 23.6947, 10.7922 ], [ 23.6261, 10.7871 ], [ 23.4943, 10.8008 ], [ 23.3915, 10.7474 ], [ 23.3816, 10.6821 ], [ 23.262, 10.5958 ], [ 23.23, 10.5383 ], [ 23.2723, 10.4909 ], [ 23.3185, 10.4662 ], [ 23.3289, 10.4448 ], [ 23.4395, 10.2699 ], [ 23.5843, 10.2923 ], [ 24.0301, 10.299 ], [ 24.067, 10.3495 ], [ 24.1869, 10.4767 ] ] ] } },
{ "type": "Feature", "properties": { "iso3": "SDN", "unit_id": "87320338B39866734536185", "unit_name": "Sharg Aj Jabal" }, "geometry": { "type": "Polygon", "coordinates": [ [ [ 24.4462, 13.1266 ], [ 24.4461, 13.1209 ], [ 24.4399, 13.1153 ], [ 24.4219, 13.1307 ], [ 24.3965, 13.1077 ], [ 24.3869, 13.0605 ], [ 24.3763, 13.0453 ], [ 24.3735, 13.0302 ], [ 24.3867, 12.9889 ], [ 24.3261, 12.9755 ], [ 24.2674, 12.9564 ], [ 24.2091, 12.9327 ], [ 24.1625, 12.8848 ], [ 24.1555, 12.8647 ], [ 24.1447, 12.8485 ], [ 24.1329, 12.843 ], [ 24.1193, 12.843 ], [ 24.1011, 12.8297 ], [ 24.0617, 12.829 ], [ 24.0862, 12.7537 ], [ 24.1265, 12.7625 ], [ 24.1541, 12.7499 ], [ 24.1805, 12.7122 ], [ 24.1943, 12.6819 ], [ 24.212, 12.6619 ], [ 24.2397, 12.653 ], [ 24.2887, 12.6569 ], [ 24.3253, 12.6657 ], [ 24.4686, 12.6647 ], [ 24.5607, 12.6831 ], [ 24.673, 12.7199 ], [ 24.8245, 12.7815 ], [ 24.7955, 12.9598 ], [ 24.7911, 13.0722 ], [ 24.7777, 13.0889 ], [ 24.7585, 13.0995 ], [ 24.7329, 13.0995 ], [ 24.7164, 13.1065 ], [ 24.6639, 13.1117 ], [ 24.6521, 13.1059 ], [ 24.6282, 13.1023 ], [ 24.5595, 13.1141 ], [ 24.4462, 13.1266 ] ] ] } },
{ "type": "Feature", "properties": { "iso3": "SDN", "unit_id": "87320338B52559911886650", "unit_name": "Tulus" }, "geometry": { "type": "Polygon", "coordinates": [ [ [ 25.056, 11.2421 ], [ 25.1097, 11.2983 ], [ 25.1607, 11.306 ], [ 25.1913, 11.2996 ], [ 25.2322, 11.3073 ], [ 25.2973, 11.3328 ], [ 25.3899, 11.4005 ], [ 25.3699, 11.4167 ], [ 25.3027, 11.5379 ], [ 25.2962, 11.5723 ], [ 25.2229, 11.5411 ], [ 25.2129, 11.5185 ], [ 25.1289, 11.4815 ], [ 25.1045, 11.4667 ], [ 25.0771, 11.4607 ], [ 25.0657, 11.4523 ], [ 24.9817, 11.4475 ], [ 24.9777, 11.3661 ], [ 24.9663, 11.3315 ], [ 24.9407, 11.2695 ], [ 24.9213, 11.2423 ], [ 24.9102, 11.2339 ], [ 24.8897, 11.2251 ], [ 24.7831, 11.1937 ], [ 24.7123, 11.1827 ], [ 24.6391, 11.1857 ], [ 24.5895, 11.1809 ], [ 24.5509, 11.1869 ], [ 24.4709, 11.1757 ], [ 24.4501, 11.1683 ], [ 24.4563, 11.1595 ], [ 24.4891, 11.1361 ], [ 24.4735, 11.0669 ], [ 24.4639, 11.0541 ], [ 24.6605, 11.0578 ], [ 24.7081, 11.0072 ], [ 24.7291, 11.0078 ], [ 24.7898, 10.9663 ], [ 24.8009, 10.9488 ], [ 24.8091, 10.9565 ], [ 24.8573, 10.9569 ], [ 24.9265, 10.9749 ], [ 24.9565, 11.0455 ], [ 24.9781, 11.0775 ], [ 25.0317, 11.1796 ], [ 25.056, 11.2421 ] ] ] } },
{ "type": "Feature", "properties": { "iso3": "SDN", "unit_id": "87320338B71927621046527", "unit_name": "Al Wihda" }, "geometry": { "type": "Polygon", "coordinates": [ [ [ 24.943, 12.9949 ], [ 24.9234, 13.01 ], [ 24.8797, 13.0253 ], [ 24.8283, 13.0549 ], [ 24.7911, 13.0722 ], [ 24.7955, 12.9598 ], [ 24.8224, 12.7967 ], [ 24.9823, 12.7323 ], [ 25.1501, 12.6736 ], [ 25.1441, 12.6953 ], [ 25.1459, 12.7341 ], [ 25.1625, 12.7599 ], [ 25.1681, 12.8061 ], [ 25.1809, 12.8503 ], [ 25.1661, 12.9075 ], [ 25.1459, 12.9445 ], [ 25.1603, 12.9629 ], [ 25.1603, 12.9689 ], [ 25.0917, 12.9451 ], [ 25.0089, 12.9491 ], [ 24.9809, 12.9533 ], [ 24.943, 12.9949 ] ] ] } },
{ "type": "Feature", "properties": { "iso3": "SDN", "unit_id": "87320338B7883287499562", "unit_name": "Nitega" }, "geometry": { "type": "Polygon", "coordinates": [ [ [ 25.1603, 12.9689 ], [ 25.1603, 12.9629 ], [ 25.1459, 12.9445 ], [ 25.1661, 12.9075 ], [ 25.1809, 12.8503 ], [ 25.1681, 12.8061 ], [ 25.1625, 12.7599 ], [ 25.1459, 12.7341 ], [ 25.1441, 12.6953 ], [ 25.1699, 12.6105 ], [ 25.1237, 12.5755 ], [ 25.0905, 12.5423 ], [ 25.0629, 12.4905 ], [ 25.0575, 12.4581 ], [ 25.0739, 12.4021 ], [ 25.0369, 12.3227 ], [ 24.9871, 12.2469 ], [ 25.0497, 12.2321 ], [ 25.1779, 12.2214 ], [ 25.3621, 12.2433 ], [ 25.411, 12.2959 ], [ 25.4272, 12.3292 ], [ 25.4367, 12.3615 ], [ 25.4567, 12.4025 ], [ 25.4443, 12.4415 ], [ 25.431, 12.4653 ], [ 25.4177, 12.5015 ], [ 25.4148, 12.5367 ], [ 25.4196, 12.5957 ], [ 25.4462, 12.6176 ], [ 25.4681, 12.628 ], [ 25.4786, 12.648 ], [ 25.4738, 12.6709 ], [ 25.4595, 12.6909 ], [ 25.4663, 12.794 ], [ 25.4576, 12.9012 ], [ 25.4585, 12.9691 ], [ 25.4301, 12.9659 ], [ 25.3661, 12.9757 ], [ 25.3303, 12.9633 ], [ 25.3009, 12.9671 ], [ 25.2658, 12.9523 ], [ 25.2399, 12.9745 ], [ 25.2049, 12.9781 ], [ 25.1603, 12.9689 ] ] ] } },
{ "type": "Feature", "properties": { "iso3": "SDN", "unit_id": "87320338B30123658403240", "unit_name": "Gereida" }, "geometry": { "type": "Polygon", "coordinates": [ [ [ 25.056, 11.2421 ], [ 25.2111, 10.901 ], [ 25.5503, 10.9601 ], [ 25.708, 10.9761 ], [ 25.7159, 11.0099 ], [ 25.7051, 11.0537 ], [ 25.6367, 11.1367 ], [ 25.6389, 11.1489 ], [ 25.5991, 11.1231 ], [ 25.5667, 11.1275 ], [ 25.5445, 11.1571 ], [ 25.5377, 11.1853 ], [ 25.5419, 11.2463 ], [ 25.5497, 11.2839 ], [ 25.5497, 11.3071 ], [ 25.5135, 11.3453 ], [ 25.3899, 11.4005 ], [ 25.2973, 11.3328 ], [ 25.2322, 11.3073 ], [ 25.1913, 11.2996 ], [ 25.1607, 11.306 ], [ 25.1097, 11.2983 ], [ 25.056, 11.2421 ] ] ] } },
{ "type": "Feature", "properties": { "iso3": "SDN", "unit_id": "87320338B62455725875696", "unit_name": "Shattaya" }, "geometry": { "type": "Polygon", "coordinates": [ [ [ 23.8382, 12.7119 ], [ 23.7867, 12.6923 ], [ 23.7763, 12.6031 ], [ 23.7763, 12.511 ], [ 23.7891, 12.4487 ], [ 23.7671, 12.4029 ], [ 23.7323, 12.2817 ], [ 23.7217, 12.2567 ], [ 23.6899, 12.1277 ], [ 23.6933, 12.0923 ], [ 23.7017, 12.0617 ], [ 23.7479, 12.0309 ], [ 23.7317, 11.9975 ], [ 23.7453, 11.9519 ], [ 23.8023, 11.9622 ], [ 23.7923, 12.0147 ], [ 23.8077, 12.0241 ], [ 23.8157, 12.0351 ], [ 23.8435, 12.0497 ], [ 23.8705, 12.0687 ], [ 23.8998, 12.0775 ], [ 23.9151, 12.0729 ], [ 23.9309, 12.0625 ], [ 23.9483, 12.0579 ], [ 23.9541, 12.0649 ], [ 23.9529, 12.1061 ], [ 23.9805, 12.1217 ], [ 24.0347, 12.1305 ], [ 24.0552, 12.1512 ], [ 24.0981, 12.1571 ], [ 24.1447, 12.1111 ], [ 24.1221, 12.2289 ], [ 24.0976, 12.266 ], [ 24.0719, 12.2723 ], [ 24.0173, 12.2741 ], [ 23.8382, 12.7119 ] ] ] } },
{ "type": "Feature", "properties": { "iso3": "SDN", "unit_id": "87320338B37630326475545", "unit_name": "As Sunta" }, "geometry": { "type": "Polygon", "coordinates": [ [ [ 25.2111, 10.901 ], [ 25.2376, 10.8424 ], [ 25.4268, 10.3669 ], [ 25.433, 10.3621 ], [ 25.4444, 10.3679 ], [ 25.4539, 10.3669 ], [ 25.4629, 10.374 ], [ 25.5067, 10.3679 ], [ 25.5148, 10.3598 ], [ 25.5205, 10.3669 ], [ 25.5353, 10.3607 ], [ 25.5519, 10.3669 ], [ 25.5548, 10.374 ], [ 25.5614, 10.3674 ], [ 25.5881, 10.3788 ], [ 25.5981, 10.3869 ], [ 25.6081, 10.3859 ], [ 25.6133, 10.3917 ], [ 25.6257, 10.3964 ], [ 25.6371, 10.3955 ], [ 25.6649, 10.4037 ], [ 25.6763, 10.3985 ], [ 25.6916, 10.399 ], [ 25.7063, 10.4166 ], [ 25.7296, 10.4166 ], [ 25.7438, 10.4052 ], [ 25.7762, 10.4161 ], [ 25.7876, 10.4123 ], [ 25.7937, 10.4266 ], [ 25.8042, 10.428 ], [ 25.8132, 10.4399 ], [ 25.8199, 10.4308 ], [ 25.8265, 10.4365 ], [ 25.8318, 10.437 ], [ 25.8341, 10.4308 ], [ 25.8517, 10.4389 ], [ 25.8579, 10.4332 ], [ 25.8646, 10.4361 ], [ 25.8688, 10.4342 ], [ 25.8722, 10.4275 ], [ 25.8897, 10.4242 ], [ 25.9183, 10.4075 ], [ 25.9325, 10.3729 ], [ 25.9376, 10.378 ], [ 25.9709, 10.4977 ], [ 25.8451, 10.6587 ], [ 25.7869, 10.7251 ], [ 25.7707, 10.7521 ], [ 25.6941, 10.9454 ], [ 25.708, 10.9761 ], [ 25.5503, 10.9601 ], [ 25.2111, 10.901 ] ] ] } },
{ "type": "Feature", "properties": { "iso3": "SDN", "unit_id": "87320338B95990168988254", "unit_name": "Kubum" }, "geometry": { "type": "Polygon", "coordinates": [ [ [ 24.2295, 12.0635 ], [ 24.1991, 12.0915 ], [ 24.1447, 12.1111 ], [ 24.0981, 12.1571 ], [ 24.0713, 12.1552 ], [ 24.0552, 12.1512 ], [ 24.0347, 12.1305 ], [ 23.9805, 12.1217 ], [ 23.9529, 12.1061 ], [ 23.9541, 12.0649 ], [ 23.9483, 12.0579 ], [ 23.9309, 12.0625 ], [ 23.9151, 12.0729 ], [ 23.8998, 12.0775 ], [ 23.8705, 12.0687 ], [ 23.8435, 12.0497 ], [ 23.8157, 12.0351 ], [ 23.8077, 12.0241 ], [ 23.7923, 12.0147 ], [ 23.8023, 11.9622 ], [ 23.7453, 11.9519 ], [ 23.7615, 11.8971 ], [ 23.7521, 11.8759 ], [ 23.7585, 11.8635 ], [ 23.7583, 11.8513 ], [ 23.7327, 11.8359 ], [ 23.7203, 11.8237 ], [ 23.7223, 11.8117 ], [ 23.7305, 11.7953 ], [ 23.7151, 11.7103 ], [ 23.7141, 11.6403 ], [ 23.741, 11.4221 ], [ 23.7869, 11.4376 ], [ 23.8084, 11.4489 ], [ 23.8251, 11.4626 ], [ 23.8364, 11.4665 ], [ 23.8403, 11.4626 ], [ 23.8398, 11.4562 ], [ 23.8275, 11.4401 ], [ 23.8237, 11.4277 ], [ 23.8241, 11.417 ], [ 23.8305, 11.4091 ], [ 23.8359, 11.4091 ], [ 23.8413, 11.4146 ], [ 23.8433, 11.4273 ], [ 23.8579, 11.441 ], [ 23.8799, 11.441 ], [ 23.8971, 11.4023 ], [ 23.8981, 11.3881 ], [ 23.9113, 11.3739 ], [ 23.9379, 11.3661 ], [ 23.9423, 11.3519 ], [ 23.9594, 11.3455 ], [ 23.9779, 11.3279 ], [ 24.0407, 11.3605 ], [ 24.0464, 11.4194 ], [ 24.0429, 11.4573 ], [ 24.0262, 11.4663 ], [ 24.0107, 11.514 ], [ 24.0404, 11.5461 ], [ 24.003, 11.5977 ], [ 24.0198, 11.6401 ], [ 24.0494, 11.7908 ], [ 24.0713, 11.8024 ], [ 24.1122, 11.7665 ], [ 24.1601, 11.7908 ], [ 24.1361, 11.92 ], [ 24.1793, 11.9347 ], [ 24.2155, 11.9917 ], [ 24.2489, 12.0561 ], [ 24.2295, 12.0635 ] ] ] } },
{ "type": "Feature", "properties": { "iso3": "SDN", "unit_id": "87320338B75421923704978", "unit_name": "Rehaid Albirdi" }, "geometry": { "type": "Polygon", "coordinates": [ [ [ 24.0435, 11.3621 ], [ 23.9779, 11.3279 ], [ 23.9594, 11.3455 ], [ 23.9423, 11.3519 ], [ 23.9379, 11.3661 ], [ 23.9113, 11.3739 ], [ 23.8981, 11.3881 ], [ 23.8971, 11.4023 ], [ 23.8799, 11.441 ], [ 23.8579, 11.441 ], [ 23.8433, 11.4273 ], [ 23.8413, 11.4146 ], [ 23.8359, 11.4091 ], [ 23.8305, 11.4091 ], [ 23.8241, 11.417 ], [ 23.8237, 11.4277 ], [ 23.8275, 11.4401 ], [ 23.8398, 11.4562 ], [ 23.8403, 11.4626 ], [ 23.8364, 11.4665 ], [ 23.8251, 11.4626 ], [ 23.8084, 11.4489 ], [ 23.7869, 11.4376 ], [ 23.7181, 11.4131 ], [ 23.6831, 11.3907 ], [ 23.6661, 11.3659 ], [ 23.6629, 11.3357 ], [ 23.6307, 11.3141 ], [ 23.6043, 11.3021 ], [ 23.5765, 11.2973 ], [ 23.4667, 11.2595 ], [ 23.4061, 11.2521 ], [ 23.3935, 11.2449 ], [ 23.3693, 11.1925 ], [ 23.3561, 11.1773 ], [ 23.3345, 11.1627 ], [ 23.2961, 11.1581 ], [ 23.2531, 11.1591 ], [ 23.2055, 11.1743 ], [ 23.1811, 11.1789 ], [ 23.1601, 11.1673 ], [ 23.1079, 11.0849 ], [ 23.0835, 11.0663 ], [ 23.0079, 11.0359 ], [ 22.9777, 11.0279 ], [ 22.9087, 11.0259 ], [ 22.8744, 10.9216 ], [ 22.8783, 10.9121 ], [ 22.9125, 10.8826 ], [ 22.9182, 10.8716 ], [ 22.9225, 10.8502 ], [ 22.9701, 10.775 ], [ 22.9863, 10.7617 ], [ 23.0096, 10.7089 ], [ 23.0239, 10.707 ], [ 23.0572, 10.6865 ], [ 23.0843, 10.6641 ], [ 23.1138, 10.6508 ], [ 23.1562, 10.5913 ], [ 23.1747, 10.5828 ], [ 23.1862, 10.5737 ], [ 23.1961, 10.5594 ], [ 23.218, 10.549 ], [ 23.23, 10.5383 ], [ 23.262, 10.5958 ], [ 23.3816, 10.6821 ], [ 23.3915, 10.7474 ], [ 23.4943, 10.8008 ], [ 23.6261, 10.7871 ], [ 23.6947, 10.7922 ], [ 23.7704, 10.8551 ], [ 23.7932, 10.8459 ], [ 23.8375, 10.8042 ], [ 24.0016, 10.7951 ], [ 24.136, 10.7489 ], [ 24.2859, 10.7087 ], [ 24.2469, 10.7557 ], [ 24.2397, 10.7873 ], [ 24.1797, 10.7673 ], [ 24.0881, 10.7723 ], [ 24.0703, 10.7791 ], [ 24.0341, 10.8187 ], [ 24.0325, 10.8287 ], [ 24.0375, 10.8505 ], [ 24.0771, 10.9355 ], [ 24.0963, 11.0185 ], [ 24.0999, 11.0637 ], [ 24.1119, 11.1257 ], [ 24.1683, 11.1451 ], [ 24.1795, 11.1663 ], [ 24.2147, 11.1783 ], [ 24.1561, 11.2325 ], [ 24.1341, 11.2641 ], [ 24.1227, 11.2849 ], [ 24.1033, 11.3387 ], [ 24.0697, 11.3549 ], [ 24.0435, 11.3621 ] ] ] } },
{ "type": "Feature", "properties": { "iso3": "SDN", "unit_id": "87320338B62711571060497", "unit_name": "Kateila" }, "geometry": { "type": "Polygon", "coordinates": [ [ [ 24.1275, 11.2762 ], [ 24.1561, 11.2325 ], [ 24.2147, 11.1783 ], [ 24.1795, 11.1663 ], [ 24.1683, 11.1451 ], [ 24.1119, 11.1257 ], [ 24.0999, 11.0637 ], [ 24.0963, 11.0185 ], [ 24.0771, 10.9355 ], [ 24.0375, 10.8505 ], [ 24.0325, 10.8287 ], [ 24.0341, 10.8187 ], [ 24.0703, 10.7791 ], [ 24.0881, 10.7723 ], [ 24.1797, 10.7673 ], [ 24.2397, 10.7873 ], [ 24.2469, 10.7557 ], [ 24.2859, 10.7087 ], [ 24.3267, 10.6721 ], [ 24.3537, 10.7011 ], [ 24.3805, 10.7459 ], [ 24.4563, 10.8509 ], [ 24.4537, 10.9195 ], [ 24.4913, 10.9795 ], [ 24.4969, 10.9959 ], [ 24.4873, 11.0281 ], [ 24.4639, 11.0541 ], [ 24.4735, 11.0669 ], [ 24.4891, 11.1361 ], [ 24.4563, 11.1595 ], [ 24.4501, 11.1683 ], [ 24.4848, 11.1774 ], [ 24.4795, 11.2341 ], [ 24.4875, 11.3034 ], [ 24.4501, 11.3098 ], [ 24.4209, 11.3355 ], [ 24.4009, 11.3654 ], [ 24.3681, 11.3433 ], [ 24.246, 11.3369 ], [ 24.1967, 11.3569 ], [ 24.1696, 11.3419 ], [ 24.1568, 11.3069 ], [ 24.1275, 11.2762 ] ] ] } },
{ "type": "Feature", "properties": { "iso3": "SDN", "unit_id": "87320338B85504397054258", "unit_name": "Buram" }, "geometry": { "type": "Polygon", "coordinates": [ [ [ 25.0841, 10.2767 ], [ 25.0927, 10.2851 ], [ 25.0941, 10.2979 ], [ 25.1017, 10.306 ], [ 25.0984, 10.3131 ], [ 25.1008, 10.3155 ], [ 25.1103, 10.3136 ], [ 25.1327, 10.3169 ], [ 25.1255, 10.3298 ], [ 25.1289, 10.3312 ], [ 25.1331, 10.3293 ], [ 25.1588, 10.3341 ], [ 25.1864, 10.3217 ], [ 25.1903, 10.3322 ], [ 25.2041, 10.3369 ], [ 25.2098, 10.345 ], [ 25.2145, 10.3441 ], [ 25.2145, 10.3374 ], [ 25.2378, 10.3441 ], [ 25.2493, 10.3512 ], [ 25.2545, 10.3512 ], [ 25.2597, 10.3436 ], [ 25.303, 10.3384 ], [ 25.3154, 10.3436 ], [ 25.3397, 10.336 ], [ 25.3521, 10.3455 ], [ 25.3578, 10.3455 ], [ 25.3625, 10.3541 ], [ 25.3797, 10.3612 ], [ 25.3977, 10.3607 ], [ 25.4101, 10.365 ], [ 25.4187, 10.3621 ], [ 25.4244, 10.3679 ], [ 25.4268, 10.3669 ], [ 25.2376, 10.8424 ], [ 25.056, 11.2421 ], [ 25.0317, 11.1796 ], [ 24.9781, 11.0775 ], [ 24.9565, 11.0455 ], [ 24.9265, 10.9749 ], [ 24.8573, 10.9569 ], [ 24.8091, 10.9565 ], [ 24.7335, 10.8863 ], [ 24.7433, 10.8195 ], [ 24.8678, 10.757 ], [ 24.9273, 10.6827 ], [ 24.9555, 10.6313 ], [ 24.9732, 10.4511 ], [ 25.0228, 10.3669 ], [ 25.0747, 10.2983 ], [ 25.0841, 10.2767 ] ] ] } },
{ "type": "Feature", "properties": { "iso3": "SDN", "unit_id": "87320338B53938366253404", "unit_name": "Beliel" }, "geometry": { "type": "Polygon", "coordinates": [ [ [ 24.9871, 12.2469 ], [ 24.9805, 12.2029 ], [ 25.0475, 12.1463 ], [ 25.0253, 12.1326 ], [ 24.9512, 12.1051 ], [ 24.9453, 12.0732 ], [ 24.95, 12.0485 ], [ 24.9406, 12.0273 ], [ 24.9136, 12.0145 ], [ 24.8889, 11.9921 ], [ 24.8588, 11.9775 ], [ 24.9101, 11.9009 ], [ 24.9616, 11.7886 ], [ 25.0528, 11.7153 ], [ 25.2962, 11.5723 ], [ 25.286, 11.6996 ], [ 25.2883, 11.7877 ], [ 25.3097, 11.9265 ], [ 25.3112, 12.0602 ], [ 25.3061, 12.1655 ], [ 25.3139, 12.2047 ], [ 25.3332, 12.2247 ], [ 25.3621, 12.2433 ], [ 25.1779, 12.2214 ], [ 25.0497, 12.2321 ], [ 24.9871, 12.2469 ] ] ] } },
{ "type": "Feature", "properties": { "iso3": "SDN", "unit_id": "87320338B89704355792108", "unit_name": "Nyala Shimal" }, "geometry": { "type": "Polygon", "coordinates": [ [ [ 24.4449, 12.2913 ], [ 24.5787, 12.2453 ], [ 24.6291, 12.2003 ], [ 24.7036, 12.0622 ], [ 24.796, 12.073 ], [ 24.8625, 12.0613 ], [ 24.8937, 12.0632 ], [ 24.9041, 12.0813 ], [ 24.9185, 12.0908 ], [ 25.0253, 12.1326 ], [ 25.0475, 12.1463 ], [ 24.9805, 12.2029 ], [ 24.9824, 12.2151 ], [ 24.9101, 12.399 ], [ 24.8505, 12.6471 ], [ 24.8224, 12.7967 ], [ 24.8245, 12.7815 ], [ 24.673, 12.7199 ], [ 24.5607, 12.6831 ], [ 24.4686, 12.6647 ], [ 24.4699, 12.6379 ], [ 24.4657, 12.6311 ], [ 24.4569, 12.6264 ], [ 24.4591, 12.5986 ], [ 24.4652, 12.5917 ], [ 24.4839, 12.5904 ], [ 24.4896, 12.5835 ], [ 24.4913, 12.5467 ], [ 24.4805, 12.5269 ], [ 24.4772, 12.5141 ], [ 24.4635, 12.4239 ], [ 24.4191, 12.3967 ], [ 24.4281, 12.3387 ], [ 24.4449, 12.2913 ] ] ] } },
{ "type": "Feature", "properties": { "iso3": "SDN", "unit_id": "87320338B54301663017925", "unit_name": "As Salam - SD" }, "geometry": { "type": "Polygon", "coordinates": [ [ [ 24.4875, 11.3034 ], [ 24.4795, 11.2341 ], [ 24.4848, 11.1774 ], [ 24.5509, 11.1869 ], [ 24.5895, 11.1809 ], [ 24.6391, 11.1857 ], [ 24.7123, 11.1827 ], [ 24.7831, 11.1937 ], [ 24.8897, 11.2251 ], [ 24.9102, 11.2339 ], [ 24.9213, 11.2423 ], [ 24.9407, 11.2695 ], [ 24.9777, 11.3661 ], [ 24.9817, 11.4475 ], [ 25.0657, 11.4523 ], [ 25.0771, 11.4607 ], [ 25.1045, 11.4667 ], [ 25.1289, 11.4815 ], [ 25.2129, 11.5185 ], [ 25.2229, 11.5411 ], [ 25.2962, 11.5723 ], [ 25.0528, 11.7153 ], [ 24.9616, 11.7886 ], [ 24.9101, 11.9009 ], [ 24.8588, 11.9775 ], [ 24.7681, 11.9313 ], [ 24.7211, 12.0297 ], [ 24.6291, 12.2003 ], [ 24.5787, 12.2453 ], [ 24.4449, 12.2913 ], [ 24.4371, 12.2355 ], [ 24.4065, 12.1594 ], [ 24.3947, 12.149 ], [ 24.3618, 12.1339 ], [ 24.3543, 12.1087 ], [ 24.3461, 12.1005 ], [ 24.3783, 12.0587 ], [ 24.3965, 12.0493 ], [ 24.4919, 12.0197 ], [ 24.4955, 12.0125 ], [ 24.5134, 11.9977 ], [ 24.5379, 12.0001 ], [ 24.5663, 11.9831 ], [ 24.5751, 11.9597 ], [ 24.5775, 11.9207 ], [ 24.5871, 11.8753 ], [ 24.5945, 11.8601 ], [ 24.6191, 11.8399 ], [ 24.6243, 11.8273 ], [ 24.6237, 11.8071 ], [ 24.6363, 11.7725 ], [ 24.6363, 11.7535 ], [ 24.6829, 11.6489 ], [ 24.6805, 11.6275 ], [ 24.6715, 11.6073 ], [ 24.6621, 11.5959 ], [ 24.6015, 11.5575 ], [ 24.5737, 11.5271 ], [ 24.5539, 11.5117 ], [ 24.5499, 11.493 ], [ 24.5343, 11.4645 ], [ 24.5259, 11.4569 ], [ 24.5167, 11.4376 ], [ 24.5192, 11.4048 ], [ 24.5009, 11.3646 ], [ 24.4875, 11.3034 ] ] ] } },
{ "type": "Feature", "properties": { "iso3": "SDN", "unit_id": "87320338B23166235651907", "unit_name": "Nyala Janoub" }, "geometry": { "type": "Polygon", "coordinates": [ [ [ 24.9512, 12.1051 ], [ 24.9041, 12.0813 ], [ 24.8937, 12.0632 ], [ 24.8625, 12.0613 ], [ 24.796, 12.073 ], [ 24.7036, 12.0622 ], [ 24.7681, 11.9313 ], [ 24.8889, 11.9921 ], [ 24.9136, 12.0145 ], [ 24.9406, 12.0273 ], [ 24.95, 12.0485 ], [ 24.9453, 12.0732 ], [ 24.9512, 12.1051 ] ] ] } },
{ "type": "Feature", "properties": { "iso3": "SDN", "unit_id": "87320338B58327121060088", "unit_name": "Damso" }, "geometry": { "type": "Polygon", "coordinates": [ [ [ 24.7477, 10.7897 ], [ 24.7335, 10.8863 ], [ 24.8009, 10.9488 ], [ 24.7898, 10.9663 ], [ 24.7291, 11.0078 ], [ 24.7081, 11.0072 ], [ 24.6605, 11.0578 ], [ 24.4639, 11.0541 ], [ 24.4873, 11.0281 ], [ 24.4969, 10.9959 ], [ 24.4913, 10.9795 ], [ 24.4537, 10.9195 ], [ 24.4563, 10.8509 ], [ 24.3805, 10.7459 ], [ 24.3537, 10.7011 ], [ 24.3267, 10.6721 ], [ 24.2299, 10.5368 ], [ 24.2486, 10.519 ], [ 24.2775, 10.4643 ], [ 24.3001, 10.4579 ], [ 24.3435, 10.4724 ], [ 24.3933, 10.5045 ], [ 24.4464, 10.5303 ], [ 24.4854, 10.5407 ], [ 24.5317, 10.5383 ], [ 24.5623, 10.5479 ], [ 24.5765, 10.5654 ], [ 24.5595, 10.5877 ], [ 24.5385, 10.6289 ], [ 24.527, 10.6691 ], [ 24.5219, 10.7183 ], [ 24.5283, 10.7355 ], [ 24.5449, 10.7491 ], [ 24.6131, 10.78 ], [ 24.6267, 10.8001 ], [ 24.6411, 10.8083 ], [ 24.6449, 10.8077 ], [ 24.6595, 10.7883 ], [ 24.6687, 10.7835 ], [ 24.7477, 10.7897 ] ] ] } },
{ "type": "Feature", "properties": { "iso3": "SDN", "unit_id": "87320338B86800744280768", "unit_name": "Beida" }, "geometry": { "type": "MultiPolygon", "coordinates": [ [ [ [ 22.0135, 13.1379 ], [ 22.0201, 13.1393 ], [ 22.0544, 13.1403 ], [ 22.0606, 13.1427 ], [ 22.0705, 13.1422 ], [ 22.092, 13.1631 ], [ 22.1092, 13.1598 ], [ 22.1367, 13.1708 ], [ 22.2047, 13.1538 ], [ 22.221, 13.0971 ], [ 22.2073, 12.9751 ], [ 22.2119, 12.9411 ], [ 22.1811, 12.8744 ], [ 22.1861, 12.8597 ], [ 22.1988, 12.8463 ], [ 22.197, 12.8368 ], [ 22.1716, 12.8274 ], [ 22.1637, 12.8072 ], [ 22.1652, 12.796 ], [ 22.1895, 12.7729 ], [ 22.1976, 12.7529 ], [ 22.1991, 12.7072 ], [ 22.1524, 12.6692 ], [ 21.9491, 12.6212 ], [ 21.9446, 12.6262 ], [ 21.9436, 12.6372 ], [ 21.9127, 12.6681 ], [ 21.9003, 12.6753 ], [ 21.8869, 12.6764 ], [ 21.8841, 12.681 ], [ 21.8865, 12.6976 ], [ 21.8836, 12.7062 ], [ 21.856, 12.7267 ], [ 21.8556, 12.7424 ], [ 21.8603, 12.7562 ], [ 21.8575, 12.7647 ], [ 21.8518, 12.7714 ], [ 21.8408, 12.7762 ], [ 21.8332, 12.7895 ], [ 21.8137, 12.8028 ], [ 21.8184, 12.8152 ], [ 21.8313, 12.8204 ], [ 21.8489, 12.8356 ], [ 21.8527, 12.869 ], [ 21.8689, 12.8994 ], [ 21.8698, 12.9142 ], [ 21.8779, 12.9308 ], [ 21.8803, 12.948 ], [ 21.9008, 12.9865 ], [ 21.9298, 13.0198 ], [ 21.9312, 13.0236 ], [ 21.9293, 13.0422 ], [ 21.9312, 13.0484 ], [ 21.945, 13.0579 ], [ 21.9493, 13.0669 ], [ 21.9669, 13.0731 ], [ 21.9817, 13.0912 ], [ 22.0074, 13.1126 ], [ 22.0102, 13.1355 ], [ 22.0205, 13.1392 ], [ 22.0135, 13.1378 ], [ 22.0097, 13.1355 ], [ 22.0135, 13.1379 ] ] ], [ [ [ 22.0096, 13.1354 ], [ 22.0097, 13.1355 ], [ 22.0068, 13.1127 ], [ 22.0096, 13.1354 ] ] ], [ [ [ 21.9487, 13.067 ], [ 21.9563, 13.0713 ], [ 21.9663, 13.0732 ], [ 21.9811, 13.0913 ], [ 22.0068, 13.1127 ], [ 22.0068, 13.1126 ], [ 21.9811, 13.0912 ], [ 21.9664, 13.0731 ], [ 21.9564, 13.0712 ], [ 21.9488, 13.0669 ], [ 21.9445, 13.058 ], [ 21.9487, 13.067 ] ] ], [ [ [ 21.9445, 13.058 ], [ 21.9445, 13.0579 ], [ 21.9307, 13.0484 ], [ 21.9445, 13.058 ] ] ], [ [ [ 21.9307, 13.0236 ], [ 21.9293, 13.0198 ], [ 21.9003, 12.9866 ], [ 21.9293, 13.0204 ], [ 21.9288, 13.0422 ], [ 21.9307, 13.0236 ] ] ] ] } },
{ "type": "Feature", "properties": { "iso3": "SDN", "unit_id": "87320338B6162763792696", "unit_name": "Ag Geneina" }, "geometry": { "type": "Polygon", "coordinates": [ [ [ 22.211, 12.948 ], [ 22.2271, 12.9691 ], [ 22.2573, 12.9677 ], [ 22.2886, 12.9617 ], [ 22.437, 12.9645 ], [ 22.4984, 12.9838 ], [ 22.5134, 12.9849 ], [ 22.4912, 13.0292 ], [ 22.4883, 13.0444 ], [ 22.4858, 13.0856 ], [ 22.4881, 13.1301 ], [ 22.494, 13.1485 ], [ 22.4957, 13.181 ], [ 22.4928, 13.242 ], [ 22.4961, 13.2655 ], [ 22.5029, 13.2861 ], [ 22.5357, 13.3351 ], [ 22.5423, 13.3512 ], [ 22.5334, 13.371 ], [ 22.5135, 13.3983 ], [ 22.5115, 13.4109 ], [ 22.5206, 13.421 ], [ 22.4963, 13.4665 ], [ 22.5245, 13.4756 ], [ 22.5693, 13.4977 ], [ 22.6027, 13.5234 ], [ 22.5967, 13.5574 ], [ 22.5873, 13.5877 ], [ 22.57, 13.6152 ], [ 22.5347, 13.6185 ], [ 22.5214, 13.6242 ], [ 22.4958, 13.6425 ], [ 22.4494, 13.6521 ], [ 22.4225, 13.6657 ], [ 22.393, 13.667 ], [ 22.321, 13.6774 ], [ 22.2876, 13.7069 ], [ 22.2492, 13.7249 ], [ 22.2349, 13.7381 ], [ 22.1939, 13.7499 ], [ 22.1717, 13.7639 ], [ 22.161, 13.7813 ], [ 22.1517, 13.7873 ], [ 22.1122, 13.7875 ], [ 22.0867, 13.7925 ], [ 22.0724, 13.7768 ], [ 22.0935, 13.7665 ], [ 22.1068, 13.756 ], [ 22.1254, 13.7313 ], [ 22.1321, 13.7094 ], [ 22.1168, 13.6861 ], [ 22.1173, 13.6823 ], [ 22.134, 13.6466 ], [ 22.142, 13.6404 ], [ 22.1416, 13.6309 ], [ 22.1449, 13.6257 ], [ 22.1635, 13.6152 ], [ 22.1849, 13.5856 ], [ 22.208, 13.5717 ], [ 22.2319, 13.5441 ], [ 22.2324, 13.5319 ], [ 22.2277, 13.5128 ], [ 22.2305, 13.4995 ], [ 22.2243, 13.4667 ], [ 22.2343, 13.4576 ], [ 22.2491, 13.4353 ], [ 22.2509, 13.4246 ], [ 22.2566, 13.4164 ], [ 22.2799, 13.4045 ], [ 22.3009, 13.3806 ], [ 22.3009, 13.3597 ], [ 22.2942, 13.3569 ], [ 22.2914, 13.345 ], [ 22.2752, 13.3288 ], [ 22.258, 13.3183 ], [ 22.2518, 13.3026 ], [ 22.2334, 13.2884 ], [ 22.221, 13.2721 ], [ 22.2091, 13.2626 ], [ 22.1972, 13.2559 ], [ 22.1838, 13.2559 ], [ 22.1738, 13.2483 ], [ 22.1709, 13.2402 ], [ 22.1757, 13.2283 ], [ 22.1558, 13.1993 ], [ 22.1433, 13.1879 ], [ 22.1367, 13.1708 ], [ 22.2047, 13.1538 ], [ 22.221, 13.0971 ], [ 22.2073, 12.9751 ], [ 22.211, 12.948 ] ] ] } },
{ "type": "Feature", "properties": { "iso3": "SDN", "unit_id": "87320338B32372248491101", "unit_name": "Foro Baranga" }, "geometry": { "type": "Polygon", "coordinates": [ [ [ 22.5922, 12.0604 ], [ 22.6245, 12.1017 ], [ 22.7243, 12.2561 ], [ 22.7321, 12.2885 ], [ 22.7251, 12.3243 ], [ 22.6927, 12.3907 ], [ 22.6867, 12.4327 ], [ 22.6926, 12.4607 ], [ 22.6505, 12.4498 ], [ 22.5747, 12.4384 ], [ 22.5782, 12.3984 ], [ 22.5609, 12.3177 ], [ 22.5289, 12.272 ], [ 22.4934, 12.2542 ], [ 22.4694, 12.2328 ], [ 22.4761, 12.2298 ], [ 22.478, 12.2217 ], [ 22.4737, 12.2089 ], [ 22.4842, 12.197 ], [ 22.4904, 12.1808 ], [ 22.4894, 12.1642 ], [ 22.4937, 12.148 ], [ 22.4904, 12.1385 ], [ 22.4937, 12.1142 ], [ 22.4847, 12.1037 ], [ 22.4852, 12.089 ], [ 22.4799, 12.078 ], [ 22.4847, 12.0704 ], [ 22.4771, 12.0728 ], [ 22.4766, 12.0252 ], [ 22.4809, 12.0219 ], [ 22.4942, 12.0214 ], [ 22.537, 12.0552 ], [ 22.5466, 12.0571 ], [ 22.5499, 12.0533 ], [ 22.567, 12.0514 ], [ 22.5774, 12.0557 ], [ 22.5832, 12.0618 ], [ 22.5922, 12.0604 ] ] ] } },
{ "type": "Feature", "properties": { "iso3": "SDN", "unit_id": "87320338B27570084324040", "unit_name": "Habila - WD" }, "geometry": { "type": "Polygon", "coordinates": [ [ [ 22.1976, 12.7529 ], [ 22.3099, 12.6891 ], [ 22.4042, 12.6481 ], [ 22.4636, 12.6329 ], [ 22.4275, 12.5383 ], [ 22.4279, 12.5169 ], [ 22.4189, 12.5126 ], [ 22.397, 12.4764 ], [ 22.3813, 12.4645 ], [ 22.3638, 12.4431 ], [ 22.3733, 12.4211 ], [ 22.3871, 12.4254 ], [ 22.3956, 12.4231 ], [ 22.4009, 12.4102 ], [ 22.4261, 12.385 ], [ 22.4271, 12.3802 ], [ 22.4204, 12.3712 ], [ 22.4185, 12.3578 ], [ 22.4261, 12.3531 ], [ 22.4242, 12.3436 ], [ 22.4309, 12.3188 ], [ 22.4447, 12.2931 ], [ 22.4394, 12.276 ], [ 22.4485, 12.2693 ], [ 22.4518, 12.257 ], [ 22.4651, 12.2413 ], [ 22.4627, 12.2346 ], [ 22.4694, 12.2328 ], [ 22.4934, 12.2542 ], [ 22.5289, 12.272 ], [ 22.5609, 12.3177 ], [ 22.5782, 12.3984 ], [ 22.5747, 12.4384 ], [ 22.6505, 12.4498 ], [ 22.6926, 12.4607 ], [ 22.6953, 12.4739 ], [ 22.6595, 12.5727 ], [ 22.6389, 12.6176 ], [ 22.6115, 12.6609 ], [ 22.6161, 12.6931 ], [ 22.6265, 12.7049 ], [ 22.6459, 12.7159 ], [ 22.6661, 12.7353 ], [ 22.6826, 12.791 ], [ 22.6081, 12.8172 ], [ 22.5681, 12.8346 ], [ 22.5392, 12.8622 ], [ 22.535, 12.8963 ], [ 22.5168, 12.9146 ], [ 22.503, 12.942 ], [ 22.4967, 12.9782 ], [ 22.4984, 12.9838 ], [ 22.437, 12.9645 ], [ 22.2886, 12.9617 ], [ 22.2573, 12.9677 ], [ 22.2271, 12.9691 ], [ 22.2099, 12.9466 ], [ 22.2119, 12.9411 ], [ 22.1811, 12.8744 ], [ 22.1861, 12.8597 ], [ 22.1988, 12.8463 ], [ 22.197, 12.8368 ], [ 22.1716, 12.8274 ], [ 22.1637, 12.8072 ], [ 22.1652, 12.796 ], [ 22.1895, 12.7729 ], [ 22.1976, 12.7529 ] ] ] } },
{ "type": "Feature", "properties": { "iso3": "SDN", "unit_id": "87320338B30769917643152", "unit_name": "Jebel Moon" }, "geometry": { "type": "Polygon", "coordinates": [ [ [ 23.1426, 14.3571 ], [ 23.1141, 14.4183 ], [ 23.0871, 14.4519 ], [ 23.0663, 14.4334 ], [ 23.053, 14.401 ], [ 23.0093, 14.3679 ], [ 22.9531, 14.3188 ], [ 22.9383, 14.3109 ], [ 22.8763, 14.302 ], [ 22.8222, 14.3006 ], [ 22.7961, 14.2922 ], [ 22.7754, 14.276 ], [ 22.7587, 14.2715 ], [ 22.6822, 14.2707 ], [ 22.6294, 14.2444 ], [ 22.5972, 14.2456 ], [ 22.571, 14.2524 ], [ 22.5511, 14.253 ], [ 22.5293, 14.2412 ], [ 22.5455, 14.236 ], [ 22.5502, 14.2298 ], [ 22.5492, 14.2079 ], [ 22.5664, 14.1842 ], [ 22.5326, 14.1109 ], [ 22.4907, 14.1056 ], [ 22.4455, 14.0514 ], [ 22.4013, 14.0523 ], [ 22.3676, 14.0241 ], [ 22.4371, 14.0253 ], [ 22.4833, 14.0195 ], [ 22.4964, 14.0128 ], [ 22.5091, 13.9739 ], [ 22.5282, 13.968 ], [ 22.5379, 13.9367 ], [ 22.5674, 13.9215 ], [ 22.6389, 13.9082 ], [ 22.6743, 13.884 ], [ 22.7206, 13.8771 ], [ 22.7466, 13.7452 ], [ 22.7589, 13.7385 ], [ 22.7656, 13.7243 ], [ 22.776, 13.7133 ], [ 22.7851, 13.7088 ], [ 22.8221, 13.7378 ], [ 22.8549, 13.747 ], [ 22.8807, 13.7586 ], [ 22.9026, 13.7729 ], [ 22.9431, 13.7726 ], [ 22.9515, 13.7774 ], [ 22.9938, 13.7765 ], [ 23.0185, 13.7869 ], [ 23.0649, 13.7974 ], [ 23.1034, 13.7929 ], [ 23.1146, 13.7887 ], [ 23.121, 13.8041 ], [ 23.1234, 13.8311 ], [ 23.1492, 13.9003 ], [ 23.1682, 13.9287 ], [ 23.1918, 13.9547 ], [ 23.2054, 13.9595 ], [ 23.2314, 13.9781 ], [ 23.2428, 13.9909 ], [ 23.2468, 14.0115 ], [ 23.218, 14.0885 ], [ 23.2078, 14.1049 ], [ 23.2206, 14.1455 ], [ 23.2206, 14.1651 ], [ 23.1856, 14.1589 ], [ 23.1572, 14.1589 ], [ 23.1064, 14.2182 ], [ 23.1167, 14.2377 ], [ 23.1394, 14.3203 ], [ 23.1426, 14.3571 ] ] ] } },
{ "type": "Feature", "properties": { "iso3": "SDN", "unit_id": "87320338B99595160904780", "unit_name": "Kereneik" }, "geometry": { "type": "Polygon", "coordinates": [ [ [ 23.1146, 13.7887 ], [ 23.1034, 13.7929 ], [ 23.0649, 13.7974 ], [ 23.0185, 13.7869 ], [ 22.9938, 13.7765 ], [ 22.9515, 13.7774 ], [ 22.9431, 13.7726 ], [ 22.9026, 13.7729 ], [ 22.8807, 13.7586 ], [ 22.8549, 13.747 ], [ 22.8221, 13.7378 ], [ 22.7851, 13.7088 ], [ 22.776, 13.7133 ], [ 22.7656, 13.7243 ], [ 22.7589, 13.7385 ], [ 22.7466, 13.7452 ], [ 22.6876, 13.6761 ], [ 22.6705, 13.666 ], [ 22.6158, 13.6175 ], [ 22.6046, 13.6149 ], [ 22.57, 13.6152 ], [ 22.5873, 13.5877 ], [ 22.5967, 13.5574 ], [ 22.6027, 13.5234 ], [ 22.5693, 13.4977 ], [ 22.5245, 13.4756 ], [ 22.4963, 13.4665 ], [ 22.5206, 13.421 ], [ 22.5115, 13.4109 ], [ 22.5135, 13.3983 ], [ 22.5334, 13.371 ], [ 22.5423, 13.3512 ], [ 22.5357, 13.3351 ], [ 22.5029, 13.2861 ], [ 22.4961, 13.2655 ], [ 22.4928, 13.242 ], [ 22.4957, 13.181 ], [ 22.494, 13.1485 ], [ 22.4881, 13.1301 ], [ 22.4858, 13.0856 ], [ 22.4912, 13.0292 ], [ 22.5134, 12.9849 ], [ 22.4984, 12.9838 ], [ 22.4967, 12.9782 ], [ 22.503, 12.942 ], [ 22.5168, 12.9146 ], [ 22.535, 12.8963 ], [ 22.5392, 12.8622 ], [ 22.5681, 12.8346 ], [ 22.6081, 12.8172 ], [ 22.6826, 12.791 ], [ 22.722, 12.8145 ], [ 22.7641, 12.8543 ], [ 22.7849, 12.8607 ], [ 22.7871, 12.8867 ], [ 22.7921, 12.8911 ], [ 22.8024, 12.8911 ], [ 22.8149, 12.8967 ], [ 22.8301, 12.9149 ], [ 22.8431, 12.9223 ], [ 22.8589, 12.9229 ], [ 22.8966, 12.9363 ], [ 22.9073, 12.952 ], [ 22.9091, 12.9615 ], [ 22.9013, 12.9723 ], [ 22.9087, 12.9799 ], [ 22.9123, 12.9783 ], [ 22.9129, 12.9815 ], [ 22.9107, 12.9897 ], [ 22.9003, 13.0005 ], [ 22.8785, 13.0091 ], [ 22.8809, 13.0147 ], [ 22.9103, 13.0317 ], [ 22.9251, 13.0329 ], [ 22.9425, 13.0295 ], [ 22.9743, 13.0599 ], [ 22.9753, 13.0755 ], [ 22.9511, 13.1009 ], [ 22.9673, 13.1159 ], [ 22.9661, 13.1195 ], [ 22.9767, 13.1377 ], [ 22.9897, 13.1363 ], [ 23.0069, 13.1491 ], [ 22.9977, 13.1589 ], [ 23.0047, 13.1589 ], [ 23.0067, 13.1633 ], [ 23.0145, 13.1651 ], [ 23.0329, 13.1913 ], [ 23.0375, 13.2017 ], [ 23.0389, 13.2183 ], [ 23.0337, 13.2527 ], [ 23.0429, 13.2631 ], [ 23.0811, 13.2559 ], [ 23.186, 13.2946 ], [ 23.1947, 13.3155 ], [ 23.2009, 13.3984 ], [ 23.2187, 13.4095 ], [ 23.2247, 13.4286 ], [ 23.1823, 13.4645 ], [ 23.1846, 13.4703 ], [ 23.1822, 13.4721 ], [ 23.1904, 13.4865 ], [ 23.1912, 13.5141 ], [ 23.188, 13.5241 ], [ 23.1784, 13.5347 ], [ 23.146, 13.5465 ], [ 23.14, 13.5549 ], [ 23.1386, 13.5658 ], [ 23.1524, 13.5851 ], [ 23.174, 13.5851 ], [ 23.1802, 13.5883 ], [ 23.182, 13.6082 ], [ 23.177, 13.7009 ], [ 23.1784, 13.7043 ], [ 23.2066, 13.7103 ], [ 23.2084, 13.7163 ], [ 23.1006, 13.7521 ], [ 23.103, 13.7573 ], [ 23.1006, 13.7581 ], [ 23.1146, 13.7887 ] ] ] } },
{ "type": "Feature", "properties": { "iso3": "SDN", "unit_id": "87320338B49595454200138", "unit_name": "Kulbus" }, "geometry": { "type": "Polygon", "coordinates": [ [ [ 22.7825, 14.9836 ], [ 22.7591, 14.9675 ], [ 22.7529, 14.9594 ], [ 22.751, 14.9522 ], [ 22.762, 14.9113 ], [ 22.762, 14.9018 ], [ 22.7582, 14.8961 ], [ 22.7339, 14.8951 ], [ 22.7044, 14.8866 ], [ 22.674, 14.8594 ], [ 22.6749, 14.8461 ], [ 22.664, 14.8366 ], [ 22.6821, 14.7871 ], [ 22.7125, 14.719 ], [ 22.7135, 14.6957 ], [ 22.5769, 14.6462 ], [ 22.5079, 14.6396 ], [ 22.4798, 14.6272 ], [ 22.4403, 14.5996 ], [ 22.4094, 14.5982 ], [ 22.3832, 14.5139 ], [ 22.3956, 14.5177 ], [ 22.4022, 14.5163 ], [ 22.4327, 14.4978 ], [ 22.4446, 14.4835 ], [ 22.4355, 14.4088 ], [ 22.4403, 14.374 ], [ 22.4555, 14.3502 ], [ 22.4593, 14.3317 ], [ 22.4312, 14.3131 ], [ 22.4277, 14.2958 ], [ 22.4722, 14.236 ], [ 22.4836, 14.2446 ], [ 22.4946, 14.2427 ], [ 22.5017, 14.2465 ], [ 22.5293, 14.2412 ], [ 22.5511, 14.253 ], [ 22.571, 14.2524 ], [ 22.5972, 14.2456 ], [ 22.6294, 14.2444 ], [ 22.6822, 14.2707 ], [ 22.7587, 14.2715 ], [ 22.7754, 14.276 ], [ 22.7961, 14.2922 ], [ 22.8222, 14.3006 ], [ 22.8763, 14.302 ], [ 22.9383, 14.3109 ], [ 22.9531, 14.3188 ], [ 23.0093, 14.3679 ], [ 23.053, 14.401 ], [ 23.0663, 14.4334 ], [ 23.0871, 14.4519 ], [ 23.0102, 14.5491 ], [ 22.9025, 14.5031 ], [ 22.8177, 14.5595 ], [ 22.8376, 14.7037 ], [ 22.876, 14.8987 ], [ 22.7825, 14.9836 ] ] ] } },
{ "type": "Feature", "properties": { "iso3": "SDN", "unit_id": "87320338B14715091061645", "unit_name": "Sirba" }, "geometry": { "type": "Polygon", "coordinates": [ [ [ 22.5347, 13.6185 ], [ 22.6046, 13.6149 ], [ 22.6158, 13.6175 ], [ 22.6705, 13.666 ], [ 22.6876, 13.6761 ], [ 22.7466, 13.7452 ], [ 22.7206, 13.8771 ], [ 22.6743, 13.884 ], [ 22.6389, 13.9082 ], [ 22.5674, 13.9215 ], [ 22.5379, 13.9367 ], [ 22.5282, 13.968 ], [ 22.5091, 13.9739 ], [ 22.4964, 14.0128 ], [ 22.4833, 14.0195 ], [ 22.4371, 14.0253 ], [ 22.3676, 14.0241 ], [ 22.3627, 14.02 ], [ 22.326, 14.0081 ], [ 22.2994, 13.9624 ], [ 22.2428, 13.9567 ], [ 22.2323, 13.9514 ], [ 22.0867, 13.7925 ], [ 22.1122, 13.7875 ], [ 22.1517, 13.7873 ], [ 22.161, 13.7813 ], [ 22.1717, 13.7639 ], [ 22.1939, 13.7499 ], [ 22.2349, 13.7381 ], [ 22.2492, 13.7249 ], [ 22.2876, 13.7069 ], [ 22.321, 13.6774 ], [ 22.393, 13.667 ], [ 22.4225, 13.6657 ], [ 22.4494, 13.6521 ], [ 22.4958, 13.6425 ], [ 22.5214, 13.6242 ], [ 22.5347, 13.6185 ] ] ] } },
{ "type": "Feature", "properties": { "iso3": "SDN", "unit_id": "87320338B22560172532991", "unit_name": "Adila" }, "geometry": { "type": "Polygon", "coordinates": [ [ [ 26.8063, 11.7524 ], [ 26.8061, 11.7041 ], [ 26.8102, 11.6705 ], [ 26.8034, 11.6464 ], [ 26.7458, 11.5874 ], [ 26.7149, 11.4895 ], [ 26.7297, 11.4251 ], [ 26.7498, 11.3942 ], [ 26.7484, 11.3741 ], [ 26.7243, 11.3674 ], [ 26.7069, 11.3862 ], [ 26.6921, 11.3835 ], [ 26.6881, 11.3446 ], [ 26.6627, 11.2721 ], [ 26.9196, 11.1797 ], [ 27.0059, 11.1657 ], [ 27.0121, 11.1135 ], [ 27.0321, 11.0835 ], [ 27.0641, 11.0713 ], [ 27.2924, 11.0656 ], [ 27.2516, 11.1971 ], [ 27.2564, 11.2711 ], [ 27.2189, 11.764 ], [ 27.1598, 11.7867 ], [ 27.059, 11.7904 ], [ 26.9695, 11.7815 ], [ 26.8939, 11.7515 ], [ 26.8781, 11.7481 ], [ 26.8063, 11.7524 ] ] ] } },
{ "type": "Feature", "properties": { "iso3": "SDN", "unit_id": "87320338B40777841818720", "unit_name": "Abu Jabrah" }, "geometry": { "type": "Polygon", "coordinates": [ [ [ 26.6627, 11.2721 ], [ 26.5504, 11.3069 ], [ 26.4921, 11.3311 ], [ 26.4571, 11.3502 ], [ 26.3875, 11.3723 ], [ 26.3596, 11.3699 ], [ 26.3587, 11.3349 ], [ 26.3091, 11.2963 ], [ 26.2687, 11.2869 ], [ 26.2656, 11.2439 ], [ 26.2701, 11.2177 ], [ 26.2893, 11.1909 ], [ 26.3596, 11.1193 ], [ 26.3896, 11.0963 ], [ 26.4505, 11.0677 ], [ 26.4822, 11.0418 ], [ 26.4851, 11.0321 ], [ 26.4718, 10.9709 ], [ 26.4473, 10.949 ], [ 26.4337, 10.9296 ], [ 26.433, 10.9109 ], [ 26.4391, 10.875 ], [ 26.4721, 10.8074 ], [ 26.4941, 10.7862 ], [ 26.5577, 10.6989 ], [ 26.8271, 10.5261 ], [ 27.076, 10.5784 ], [ 27.2017, 10.6609 ], [ 27.2883, 10.9458 ], [ 27.2979, 11.0499 ], [ 27.2924, 11.0656 ], [ 27.0641, 11.0713 ], [ 27.0321, 11.0835 ], [ 27.0121, 11.1135 ], [ 27.0059, 11.1657 ], [ 26.9196, 11.1797 ], [ 26.6627, 11.2721 ] ] ] } },
{ "type": "Feature", "properties": { "iso3": "SDN", "unit_id": "87320338B71768642639865", "unit_name": "Ad Du'ayn" }, "geometry": { "type": "Polygon", "coordinates": [ [ [ 26.3587, 11.3349 ], [ 26.3619, 11.4003 ], [ 26.3577, 11.4571 ], [ 26.3578, 11.5216 ], [ 26.3101, 11.5297 ], [ 26.2411, 11.5362 ], [ 26.1768, 11.5344 ], [ 26.1113, 11.5247 ], [ 26.0876, 11.516 ], [ 26.0331, 11.5214 ], [ 26.0165, 11.4356 ], [ 26.0501, 11.342 ], [ 26.0607, 11.3366 ], [ 26.0815, 11.3579 ], [ 26.0893, 11.3444 ], [ 26.0963, 11.3046 ], [ 26.1511, 11.3103 ], [ 26.1607, 11.3253 ], [ 26.1697, 11.3292 ], [ 26.1855, 11.3268 ], [ 26.2023, 11.3163 ], [ 26.2091, 11.3047 ], [ 26.2133, 11.2869 ], [ 26.2687, 11.2869 ], [ 26.3091, 11.2963 ], [ 26.3587, 11.3349 ] ] ] } },
{ "type": "Feature", "properties": { "iso3": "SDN", "unit_id": "87320338B89408588207730", "unit_name": "Shia'ria" }, "geometry": { "type": "Polygon", "coordinates": [ [ [ 25.4566, 12.9612 ], [ 25.4576, 12.9012 ], [ 25.4663, 12.794 ], [ 25.4595, 12.6909 ], [ 25.4738, 12.6709 ], [ 25.4786, 12.648 ], [ 25.4681, 12.628 ], [ 25.4462, 12.6176 ], [ 25.4196, 12.5957 ], [ 25.4148, 12.5367 ], [ 25.4177, 12.5015 ], [ 25.431, 12.4653 ], [ 25.4443, 12.4415 ], [ 25.4567, 12.4025 ], [ 25.4367, 12.3615 ], [ 25.4272, 12.3292 ], [ 25.411, 12.2959 ], [ 25.3621, 12.2433 ], [ 25.388, 12.2464 ], [ 25.559, 12.2893 ], [ 25.6053, 12.2393 ], [ 25.6472, 12.2149 ], [ 25.6832, 12.1979 ], [ 25.7234, 12.2003 ], [ 25.8068, 12.2358 ], [ 25.9528, 12.2876 ], [ 25.8981, 12.3474 ], [ 25.8893, 12.3792 ], [ 25.9166, 12.4005 ], [ 25.9548, 12.3918 ], [ 25.9695, 12.3918 ], [ 26.0169, 12.416 ], [ 26.0507, 12.4093 ], [ 26.0893, 12.4112 ], [ 26.0921, 12.4266 ], [ 26.0921, 12.4864 ], [ 26.0813, 12.5018 ], [ 25.9966, 12.5684 ], [ 25.9868, 12.5804 ], [ 25.9314, 12.6778 ], [ 25.8731, 12.7257 ], [ 25.8487, 12.7564 ], [ 25.8223, 12.7744 ], [ 25.7657, 12.7718 ], [ 25.7187, 12.8022 ], [ 25.6507, 12.8354 ], [ 25.5775, 12.8672 ], [ 25.5675, 12.8655 ], [ 25.5656, 12.9564 ], [ 25.5195, 12.9569 ], [ 25.4857, 12.9721 ], [ 25.4776, 12.9726 ], [ 25.4566, 12.9612 ] ] ] } },
{ "type": "Feature", "properties": { "iso3": "SDN", "unit_id": "87320338B54872335876533", "unit_name": "Al Firdous" }, "geometry": { "type": "Polygon", "coordinates": [ [ [ 25.708, 10.9761 ], [ 25.6941, 10.9454 ], [ 25.7707, 10.7521 ], [ 25.7869, 10.7251 ], [ 25.8451, 10.6587 ], [ 25.9709, 10.4977 ], [ 26.0025, 10.4495 ], [ 26.0739, 10.5765 ], [ 26.1001, 10.5659 ], [ 26.1339, 10.5659 ], [ 26.1487, 10.5847 ], [ 26.1595, 10.6267 ], [ 26.1515, 10.6495 ], [ 26.1339, 10.6779 ], [ 26.1217, 10.7131 ], [ 26.1285, 10.7441 ], [ 26.1109, 10.7887 ], [ 26.0893, 10.8265 ], [ 26.0739, 10.8725 ], [ 26.0131, 10.9455 ], [ 26.0111, 10.9579 ], [ 26.0169, 10.9733 ], [ 26.0001, 10.9905 ], [ 26.0025, 11.0087 ], [ 26.0101, 11.0135 ], [ 26.0203, 11.0331 ], [ 26.0193, 11.0399 ], [ 26.0059, 11.0475 ], [ 25.9958, 11.0615 ], [ 25.9968, 11.0691 ], [ 26.0025, 11.0729 ], [ 26.0183, 11.0729 ], [ 26.0447, 11.0801 ], [ 26.0571, 11.0897 ], [ 26.0696, 11.1069 ], [ 26.0523, 11.1247 ], [ 26.0433, 11.1578 ], [ 26.0474, 11.1665 ], [ 26.0581, 11.1649 ], [ 26.0667, 11.1688 ], [ 26.0677, 11.1879 ], [ 26.0533, 11.262 ], [ 26.0359, 11.2635 ], [ 26.0202, 11.2692 ], [ 25.9815, 11.3009 ], [ 25.9645, 11.3093 ], [ 25.9299, 11.3093 ], [ 25.9087, 11.3057 ], [ 25.8995, 11.3006 ], [ 25.8975, 11.2811 ], [ 25.8921, 11.2759 ], [ 25.8524, 11.2859 ], [ 25.8405, 11.2977 ], [ 25.829, 11.3025 ], [ 25.8056, 11.2971 ], [ 25.7925, 11.2891 ], [ 25.7729, 11.2516 ], [ 25.7473, 11.2382 ], [ 25.739, 11.2128 ], [ 25.73, 11.2048 ], [ 25.6985, 11.2127 ], [ 25.6835, 11.2251 ], [ 25.6566, 11.2379 ], [ 25.6302, 11.2387 ], [ 25.6155, 11.2054 ], [ 25.6217, 11.1879 ], [ 25.6421, 11.1659 ], [ 25.6644, 11.1544 ], [ 25.6376, 11.1418 ], [ 25.6367, 11.1367 ], [ 25.7051, 11.0537 ], [ 25.7159, 11.0099 ], [ 25.708, 10.9761 ] ] ] } },
{ "type": "Feature", "properties": { "iso3": "SDN", "unit_id": "87320338B48140046634966", "unit_name": "Abu Karinka" }, "geometry": { "type": "Polygon", "coordinates": [ [ [ 26.3512, 11.8766 ], [ 26.3763, 11.7315 ], [ 26.3691, 11.6245 ], [ 26.3557, 11.5604 ], [ 26.3619, 11.4003 ], [ 26.3596, 11.3699 ], [ 26.3875, 11.3723 ], [ 26.4149, 11.3655 ], [ 26.4571, 11.3502 ], [ 26.4921, 11.3311 ], [ 26.5504, 11.3069 ], [ 26.6627, 11.2721 ], [ 26.6881, 11.3446 ], [ 26.6921, 11.3835 ], [ 26.7069, 11.3862 ], [ 26.7243, 11.3674 ], [ 26.7484, 11.3741 ], [ 26.7498, 11.3942 ], [ 26.7297, 11.4251 ], [ 26.7149, 11.4895 ], [ 26.7458, 11.5874 ], [ 26.8034, 11.6464 ], [ 26.8102, 11.6705 ], [ 26.8061, 11.7041 ], [ 26.8063, 11.7524 ], [ 26.7611, 11.7701 ], [ 26.7527, 11.7823 ], [ 26.7431, 11.7897 ], [ 26.7026, 11.8068 ], [ 26.6356, 11.8429 ], [ 26.5393, 11.8585 ], [ 26.3512, 11.8766 ] ] ] } },
{ "type": "Feature", "properties": { "iso3": "SDN", "unit_id": "87320338B39826336571335", "unit_name": "Bahr Al Arab" }, "geometry": { "type": "Polygon", "coordinates": [ [ [ 25.9325, 10.3729 ], [ 25.9357, 10.3712 ], [ 25.9452, 10.3465 ], [ 25.9471, 10.139 ], [ 25.9871, 10.1371 ], [ 25.9909, 10.1123 ], [ 26.0233, 10.1066 ], [ 26.0309, 10.0876 ], [ 26.0499, 10.0857 ], [ 26.0937, 10.0381 ], [ 26.1223, 9.9848 ], [ 26.2144, 9.9034 ], [ 26.2488, 9.8139 ], [ 26.2667, 9.7474 ], [ 26.3245, 9.6054 ], [ 26.3943, 9.5591 ], [ 26.4768, 9.5337 ], [ 26.5945, 9.5064 ], [ 26.6622, 9.4868 ], [ 26.761, 9.4886 ], [ 26.8199, 9.5207 ], [ 26.8532, 9.5316 ], [ 26.8779, 9.5444 ], [ 27.0795, 9.6162 ], [ 27.1445, 9.6238 ], [ 27.2367, 9.6257 ], [ 27.3314, 9.6204 ], [ 27.3907, 9.6233 ], [ 27.4213, 9.6279 ], [ 27.5831, 9.6142 ], [ 27.4847, 9.7917 ], [ 27.4779, 10.0859 ], [ 27.4494, 10.2382 ], [ 27.4756, 10.3881 ], [ 27.4192, 10.5377 ], [ 27.3399, 10.6689 ], [ 27.2995, 10.7807 ], [ 27.2613, 10.8572 ], [ 27.2017, 10.6609 ], [ 27.076, 10.5784 ], [ 26.8271, 10.5261 ], [ 26.5577, 10.6989 ], [ 26.4941, 10.7862 ], [ 26.4721, 10.8074 ], [ 26.4391, 10.875 ], [ 26.433, 10.9109 ], [ 26.4337, 10.9296 ], [ 26.4473, 10.949 ], [ 26.4718, 10.9709 ], [ 26.4851, 11.0321 ], [ 26.4822, 11.0418 ], [ 26.4505, 11.0677 ], [ 26.3896, 11.0963 ], [ 26.3596, 11.1193 ], [ 26.2893, 11.1909 ], [ 26.2701, 11.2177 ], [ 26.2656, 11.2439 ], [ 26.2687, 11.2869 ], [ 26.2133, 11.2869 ], [ 26.2091, 11.3047 ], [ 26.2023, 11.3163 ], [ 26.1855, 11.3268 ], [ 26.1697, 11.3292 ], [ 26.1607, 11.3253 ], [ 26.1511, 11.3103 ], [ 26.0963, 11.3046 ], [ 26.0912, 11.3332 ], [ 26.0962, 11.3046 ], [ 26.0667, 11.2944 ], [ 26.0533, 11.262 ], [ 26.0677, 11.1879 ], [ 26.0667, 11.1688 ], [ 26.0581, 11.1649 ], [ 26.0474, 11.1665 ], [ 26.0433, 11.1578 ], [ 26.0523, 11.1247 ], [ 26.0696, 11.1069 ], [ 26.0571, 11.0897 ], [ 26.0447, 11.0801 ], [ 26.0183, 11.0729 ], [ 26.0025, 11.0729 ], [ 25.9968, 11.0691 ], [ 25.9958, 11.0615 ], [ 26.0059, 11.0475 ], [ 26.0193, 11.0399 ], [ 26.0203, 11.0331 ], [ 26.0101, 11.0135 ], [ 26.0025, 11.0087 ], [ 26.0001, 10.9905 ], [ 26.0169, 10.9733 ], [ 26.0111, 10.9579 ], [ 26.0131, 10.9455 ], [ 26.0739, 10.8725 ], [ 26.0893, 10.8265 ], [ 26.1109, 10.7887 ], [ 26.1285, 10.7441 ], [ 26.1217, 10.7131 ], [ 26.1339, 10.6779 ], [ 26.1515, 10.6495 ], [ 26.1595, 10.6267 ], [ 26.1487, 10.5847 ], [ 26.1339, 10.5659 ], [ 26.1001, 10.5659 ], [ 26.0739, 10.5765 ], [ 26.0025, 10.4495 ], [ 25.9709, 10.4977 ], [ 25.9376, 10.378 ], [ 25.9325, 10.3729 ] ] ] } },
{ "type": "Feature", "properties": { "iso3": "SDN", "unit_id": "87320338B88428455134737", "unit_name": "Assalaya" }, "geometry": { "type": "Polygon", "coordinates": [ [ [ 25.9891, 12.2139 ], [ 25.9367, 12.1085 ], [ 25.8233, 11.9837 ], [ 25.8511, 11.8867 ], [ 25.8629, 11.8051 ], [ 25.8901, 11.7157 ], [ 25.8745, 11.6767 ], [ 25.8289, 11.6564 ], [ 25.7705, 11.6079 ], [ 25.6695, 11.5341 ], [ 25.6231, 11.5175 ], [ 25.5555, 11.4681 ], [ 25.5487, 11.4324 ], [ 25.5571, 11.3717 ], [ 25.5723, 11.336 ], [ 25.6027, 11.3117 ], [ 25.6421, 11.2874 ], [ 25.6475, 11.2684 ], [ 25.6302, 11.2387 ], [ 25.6566, 11.2379 ], [ 25.6835, 11.2251 ], [ 25.6985, 11.2127 ], [ 25.722, 11.2048 ], [ 25.73, 11.2048 ], [ 25.739, 11.2128 ], [ 25.7473, 11.2382 ], [ 25.7729, 11.2516 ], [ 25.7925, 11.2891 ], [ 25.8056, 11.2971 ], [ 25.829, 11.3025 ], [ 25.8405, 11.2977 ], [ 25.8524, 11.2859 ], [ 25.8921, 11.2759 ], [ 25.8975, 11.2811 ], [ 25.8995, 11.3006 ], [ 25.9087, 11.3057 ], [ 25.9299, 11.3093 ], [ 25.9645, 11.3093 ], [ 25.9815, 11.3009 ], [ 26.0202, 11.2692 ], [ 26.0359, 11.2635 ], [ 26.0533, 11.262 ], [ 26.0667, 11.2944 ], [ 26.0962, 11.3046 ], [ 26.0893, 11.3444 ], [ 26.0815, 11.3579 ], [ 26.0607, 11.3366 ], [ 26.0501, 11.342 ], [ 26.0165, 11.4356 ], [ 26.0331, 11.5214 ], [ 26.0876, 11.516 ], [ 26.1113, 11.5247 ], [ 26.1768, 11.5344 ], [ 26.2411, 11.5362 ], [ 26.3101, 11.5297 ], [ 26.3578, 11.5216 ], [ 26.3557, 11.5604 ], [ 26.3691, 11.6245 ], [ 26.3763, 11.7315 ], [ 26.3512, 11.8766 ], [ 26.2363, 11.9329 ], [ 26.208, 11.9415 ], [ 26.2164, 11.9963 ], [ 26.2014, 12.0378 ], [ 26.1781, 12.0661 ], [ 26.1665, 12.0901 ], [ 26.0777, 12.1071 ], [ 26.0337, 12.1863 ], [ 26.0333, 12.2089 ], [ 26.0197, 12.2157 ], [ 25.9891, 12.2139 ] ] ] } },
{ "type": "Feature", "properties": { "iso3": "SDN", "unit_id": "87320338B88387147382099", "unit_name": "Yassin" }, "geometry": { "type": "Polygon", "coordinates": [ [ [ 25.9528, 12.2876 ], [ 25.8068, 12.2358 ], [ 25.7234, 12.2003 ], [ 25.6832, 12.1979 ], [ 25.6053, 12.2393 ], [ 25.559, 12.2893 ], [ 25.388, 12.2464 ], [ 25.3621, 12.2433 ], [ 25.3332, 12.2247 ], [ 25.3139, 12.2047 ], [ 25.3096, 12.1933 ], [ 25.3061, 12.1655 ], [ 25.3112, 12.0602 ], [ 25.3097, 11.9265 ], [ 25.2883, 11.7877 ], [ 25.286, 11.6996 ], [ 25.2945, 11.5757 ], [ 25.2991, 11.5667 ], [ 25.3027, 11.5379 ], [ 25.3699, 11.4167 ], [ 25.3899, 11.4005 ], [ 25.5135, 11.3453 ], [ 25.5497, 11.3071 ], [ 25.5497, 11.2839 ], [ 25.5419, 11.2463 ], [ 25.5377, 11.1853 ], [ 25.5445, 11.1571 ], [ 25.5667, 11.1275 ], [ 25.5991, 11.1231 ], [ 25.6389, 11.1489 ], [ 25.6376, 11.1418 ], [ 25.6644, 11.1544 ], [ 25.6421, 11.1659 ], [ 25.6217, 11.1879 ], [ 25.6155, 11.2054 ], [ 25.6475, 11.2684 ], [ 25.6421, 11.2874 ], [ 25.6027, 11.3117 ], [ 25.5723, 11.336 ], [ 25.5571, 11.3717 ], [ 25.5487, 11.4324 ], [ 25.5555, 11.4681 ], [ 25.6231, 11.5175 ], [ 25.6695, 11.5341 ], [ 25.7705, 11.6079 ], [ 25.8289, 11.6564 ], [ 25.8745, 11.6767 ], [ 25.8901, 11.7157 ], [ 25.8629, 11.8051 ], [ 25.8511, 11.8867 ], [ 25.8233, 11.9837 ], [ 25.9367, 12.1085 ], [ 25.9891, 12.2139 ], [ 25.9725, 12.2157 ], [ 25.9599, 12.236 ], [ 25.9528, 12.2876 ] ] ] } },
{ "type": "Feature", "properties": { "iso3": "SDN", "unit_id": "87320338B23665578019013", "unit_name": "Azum" }, "geometry": { "type": "Polygon", "coordinates": [ [ [ 22.6389, 12.6176 ], [ 22.6551, 12.6286 ], [ 22.6717, 12.6277 ], [ 22.6866, 12.6189 ], [ 22.7032, 12.6312 ], [ 22.7129, 12.6259 ], [ 22.7269, 12.6391 ], [ 22.7356, 12.6373 ], [ 22.7601, 12.6207 ], [ 22.8555, 12.6032 ], [ 22.8817, 12.6085 ], [ 22.9062, 12.598 ], [ 22.9342, 12.6207 ], [ 22.9561, 12.6154 ], [ 23.0182, 12.6119 ], [ 23.0646, 12.6137 ], [ 23.1083, 12.6277 ], [ 23.1105, 12.6257 ], [ 23.2395, 12.677 ], [ 23.2483, 12.6761 ], [ 23.2537, 12.7142 ], [ 23.247, 12.7697 ], [ 23.262, 12.8058 ], [ 23.2755, 12.8204 ], [ 23.2772, 12.8279 ], [ 23.2653, 12.8578 ], [ 23.2602, 12.861 ], [ 23.2498, 12.8784 ], [ 23.2325, 12.9131 ], [ 23.2273, 12.9321 ], [ 23.2374, 12.9788 ], [ 23.2596, 12.9954 ], [ 23.2748, 13.0131 ], [ 23.2918, 13.0495 ], [ 23.313, 13.0786 ], [ 23.302, 13.1101 ], [ 23.2736, 13.1707 ], [ 23.2632, 13.1857 ], [ 23.2479, 13.1931 ], [ 23.2274, 13.2093 ], [ 23.2081, 13.231 ], [ 23.1943, 13.2629 ], [ 23.186, 13.2946 ], [ 23.0811, 13.2559 ], [ 23.0429, 13.2631 ], [ 23.0337, 13.2527 ], [ 23.0389, 13.2183 ], [ 23.0375, 13.2017 ], [ 23.0329, 13.1913 ], [ 23.0145, 13.1651 ], [ 23.0067, 13.1633 ], [ 23.0047, 13.1589 ], [ 22.9977, 13.1589 ], [ 23.0069, 13.1491 ], [ 22.9897, 13.1363 ], [ 22.9767, 13.1377 ], [ 22.9661, 13.1195 ], [ 22.9673, 13.1159 ], [ 22.9511, 13.1009 ], [ 22.9753, 13.0755 ], [ 22.9743, 13.0599 ], [ 22.9425, 13.0295 ], [ 22.9251, 13.0329 ], [ 22.9103, 13.0317 ], [ 22.8809, 13.0147 ], [ 22.8785, 13.0091 ], [ 22.9003, 13.0005 ], [ 22.9107, 12.9897 ], [ 22.9129, 12.9815 ], [ 22.9123, 12.9783 ], [ 22.9087, 12.9799 ], [ 22.9013, 12.9723 ], [ 22.9091, 12.9615 ], [ 22.9073, 12.952 ], [ 22.8966, 12.9363 ], [ 22.8589, 12.9229 ], [ 22.8431, 12.9223 ], [ 22.8301, 12.9149 ], [ 22.8149, 12.8967 ], [ 22.8024, 12.8911 ], [ 22.7921, 12.8911 ], [ 22.7871, 12.8867 ], [ 22.7849, 12.8607 ], [ 22.7641, 12.8543 ], [ 22.722, 12.8145 ], [ 22.6826, 12.791 ], [ 22.6661, 12.7353 ], [ 22.6459, 12.7159 ], [ 22.6265, 12.7049 ], [ 22.6161, 12.6931 ], [ 22.6115, 12.6609 ], [ 22.6389, 12.6176 ] ] ] } },
{ "type": "Feature", "properties": { "iso3": "SDN", "unit_id": "87320338B30318696481613", "unit_name": "Bendasi" }, "geometry": { "type": "Polygon", "coordinates": [ [ [ 22.5922, 12.0604 ], [ 22.598, 12.0533 ], [ 22.6049, 12.0505 ], [ 22.637, 12.0609 ], [ 22.5808, 11.852 ], [ 22.5532, 11.7078 ], [ 22.5604, 11.6312 ], [ 22.6018, 11.5731 ], [ 22.6579, 11.5155 ], [ 22.7426, 11.4874 ], [ 22.769, 11.4621 ], [ 22.7771, 11.493 ], [ 22.7942, 11.5382 ], [ 22.8129, 11.5709 ], [ 22.8378, 11.5818 ], [ 22.9118, 11.5794 ], [ 22.9393, 11.6028 ], [ 22.9627, 11.6422 ], [ 23.0153, 11.7048 ], [ 23.0317, 11.7884 ], [ 23.0453, 11.8081 ], [ 23.0726, 11.8194 ], [ 23.0843, 11.8294 ], [ 23.0933, 11.8895 ], [ 23.1097, 11.9167 ], [ 23.1439, 11.9385 ], [ 23.1447, 11.9502 ], [ 23.2171, 11.9993 ], [ 23.2672, 12.1632 ], [ 23.2061, 12.1572 ], [ 23.1691, 12.1614 ], [ 22.9556, 12.1577 ], [ 22.9591, 12.1738 ], [ 22.9559, 12.1987 ], [ 22.9575, 12.2405 ], [ 22.9656, 12.3278 ], [ 22.9985, 12.3587 ], [ 22.9934, 12.3877 ], [ 22.9717, 12.4094 ], [ 22.9654, 12.4228 ], [ 22.9634, 12.4414 ], [ 22.9717, 12.4647 ], [ 22.9832, 12.4789 ], [ 23.0376, 12.5038 ], [ 23.0617, 12.529 ], [ 23.0874, 12.5677 ], [ 23.1079, 12.6084 ], [ 23.1105, 12.6257 ], [ 23.1083, 12.6277 ], [ 23.0646, 12.6137 ], [ 23.0182, 12.6119 ], [ 22.9561, 12.6154 ], [ 22.9342, 12.6207 ], [ 22.9062, 12.598 ], [ 22.8817, 12.6085 ], [ 22.8555, 12.6032 ], [ 22.7601, 12.6207 ], [ 22.7356, 12.6373 ], [ 22.7269, 12.6391 ], [ 22.7129, 12.6259 ], [ 22.7032, 12.6312 ], [ 22.6866, 12.6189 ], [ 22.6717, 12.6277 ], [ 22.6551, 12.6286 ], [ 22.6389, 12.6176 ], [ 22.6595, 12.5727 ], [ 22.6953, 12.4739 ], [ 22.6867, 12.4327 ], [ 22.6927, 12.3907 ], [ 22.7251, 12.3243 ], [ 22.7321, 12.2885 ], [ 22.7243, 12.2561 ], [ 22.6245, 12.1017 ], [ 22.5922, 12.0604 ] ] ] } },
{ "type": "Feature", "properties": { "iso3": "SDN", "unit_id": "87320338B75351781156226", "unit_name": "Mukjar" }, "geometry": { "type": "Polygon", "coordinates": [ [ [ 23.7354, 12.2923 ], [ 23.7088, 12.296 ], [ 23.6847, 12.3054 ], [ 23.6263, 12.3482 ], [ 23.585, 12.3467 ], [ 23.5702, 12.3537 ], [ 23.5584, 12.3677 ], [ 23.4923, 12.3615 ], [ 23.4814, 12.342 ], [ 23.4861, 12.3046 ], [ 23.4697, 12.2859 ], [ 23.3536, 12.2695 ], [ 23.296, 12.1753 ], [ 23.2672, 12.1632 ], [ 23.2171, 11.9993 ], [ 23.1447, 11.9502 ], [ 23.1439, 11.9385 ], [ 23.1097, 11.9167 ], [ 23.0933, 11.8895 ], [ 23.0843, 11.8294 ], [ 23.0726, 11.8194 ], [ 23.0453, 11.8081 ], [ 23.0317, 11.7884 ], [ 23.0153, 11.7048 ], [ 23.0508, 11.689 ], [ 23.1431, 11.7212 ], [ 23.1624, 11.7101 ], [ 23.1598, 11.606 ], [ 23.206, 11.5358 ], [ 23.222, 11.4957 ], [ 23.3172, 11.3983 ], [ 23.3511, 11.3946 ], [ 23.3988, 11.3268 ], [ 23.4001, 11.3136 ], [ 23.4263, 11.2867 ], [ 23.4476, 11.2569 ], [ 23.4667, 11.2595 ], [ 23.5765, 11.2973 ], [ 23.6043, 11.3021 ], [ 23.6307, 11.3141 ], [ 23.6629, 11.3357 ], [ 23.6661, 11.3659 ], [ 23.6831, 11.3907 ], [ 23.7181, 11.4131 ], [ 23.741, 11.4221 ], [ 23.7141, 11.6403 ], [ 23.7151, 11.7103 ], [ 23.7305, 11.7953 ], [ 23.7223, 11.8117 ], [ 23.7203, 11.8237 ], [ 23.7327, 11.8359 ], [ 23.7583, 11.8513 ], [ 23.7585, 11.8635 ], [ 23.7521, 11.8759 ], [ 23.7615, 11.8971 ], [ 23.7317, 11.9975 ], [ 23.7479, 12.0309 ], [ 23.7017, 12.0617 ], [ 23.6933, 12.0923 ], [ 23.6899, 12.1277 ], [ 23.7217, 12.2567 ], [ 23.7354, 12.2923 ] ] ] } },
{ "type": "Feature", "properties": { "iso3": "SDN", "unit_id": "87320338B89678847430523", "unit_name": "Gharb Jabal Marrah" }, "geometry": { "type": "Polygon", "coordinates": [ [ [ 23.9081, 13.3897 ], [ 23.8821, 13.3713 ], [ 23.8345, 13.3735 ], [ 23.8359, 13.2873 ], [ 23.8334, 13.2249 ], [ 23.8379, 13.1962 ], [ 23.8319, 13.1759 ], [ 23.7958, 13.1239 ], [ 23.7908, 13.1072 ], [ 23.793, 13.0994 ], [ 23.8122, 13.0735 ], [ 23.8422, 13.0565 ], [ 23.7841, 12.9882 ], [ 23.8033, 12.9811 ], [ 23.7971, 12.974 ], [ 23.7847, 12.9677 ], [ 23.8108, 12.8779 ], [ 23.816, 12.877 ], [ 23.8332, 12.7997 ], [ 24.0167, 12.8209 ], [ 24.0617, 12.829 ], [ 24.1011, 12.8297 ], [ 24.1193, 12.843 ], [ 24.1329, 12.843 ], [ 24.1447, 12.8485 ], [ 24.1555, 12.8647 ], [ 24.1625, 12.8848 ], [ 24.2091, 12.9327 ], [ 24.2674, 12.9564 ], [ 24.3261, 12.9755 ], [ 24.3236, 13.0039 ], [ 24.3162, 13.0264 ], [ 24.2788, 13.0646 ], [ 24.2571, 13.0588 ], [ 24.2447, 13.0621 ], [ 24.2281, 13.0837 ], [ 24.2264, 13.107 ], [ 24.2089, 13.1352 ], [ 24.1774, 13.1652 ], [ 24.1449, 13.2075 ], [ 24.1273, 13.2653 ], [ 24.1018, 13.2397 ], [ 24.0325, 13.3167 ], [ 24.0283, 13.3307 ], [ 23.9702, 13.3499 ], [ 23.9279, 13.3731 ], [ 23.9081, 13.3897 ] ] ] } },
{ "type": "Feature", "properties": { "iso3": "SDN", "unit_id": "87320338B76522644658066", "unit_name": "Shamal Jabal Marrah" }, "geometry": { "type": "Polygon", "coordinates": [ [ [ 24.2469, 13.2649 ], [ 24.2655, 13.2267 ], [ 24.2702, 13.2063 ], [ 24.2788, 13.1946 ], [ 24.3152, 13.186 ], [ 24.3275, 13.1884 ], [ 24.3509, 13.1841 ], [ 24.3546, 13.165 ], [ 24.3589, 13.1619 ], [ 24.3683, 13.1644 ], [ 24.3832, 13.1275 ], [ 24.4076, 13.1261 ], [ 24.4139, 13.1215 ], [ 24.4219, 13.1307 ], [ 24.4399, 13.1153 ], [ 24.4461, 13.1209 ], [ 24.4461, 13.1307 ], [ 24.4515, 13.1425 ], [ 24.5259, 13.1823 ], [ 24.5455, 13.1857 ], [ 24.5549, 13.1987 ], [ 24.5923, 13.2123 ], [ 24.6087, 13.2279 ], [ 24.6208, 13.2299 ], [ 24.6304, 13.2448 ], [ 24.6388, 13.2476 ], [ 24.6421, 13.2527 ], [ 24.6399, 13.2635 ], [ 24.7151, 13.3849 ], [ 24.7129, 13.3972 ], [ 24.6833, 13.4307 ], [ 24.5813, 13.417 ], [ 24.4675, 13.4167 ], [ 24.2691, 13.3514 ], [ 24.2469, 13.2649 ] ] ] } },
{ "type": "Feature", "properties": { "iso3": "SDN", "unit_id": "87320338B36556156642899", "unit_name": "Um Dukhun" }, "geometry": { "type": "Polygon", "coordinates": [ [ [ 23.4476, 11.2569 ], [ 23.4263, 11.2867 ], [ 23.4001, 11.3136 ], [ 23.3988, 11.3268 ], [ 23.3511, 11.3946 ], [ 23.3172, 11.3983 ], [ 23.222, 11.4957 ], [ 23.206, 11.5358 ], [ 23.1598, 11.606 ], [ 23.1624, 11.7101 ], [ 23.1431, 11.7212 ], [ 23.0508, 11.689 ], [ 23.0153, 11.7048 ], [ 22.9627, 11.6422 ], [ 22.9393, 11.6028 ], [ 22.9118, 11.5794 ], [ 22.8378, 11.5818 ], [ 22.8129, 11.5709 ], [ 22.7942, 11.5382 ], [ 22.7771, 11.493 ], [ 22.769, 11.4621 ], [ 22.785, 11.4398 ], [ 22.7869, 11.4062 ], [ 22.8267, 11.4152 ], [ 22.9415, 11.426 ], [ 22.9339, 11.3209 ], [ 22.9815, 11.3014 ], [ 22.9868, 11.2167 ], [ 22.9287, 11.0996 ], [ 22.9292, 11.0905 ], [ 22.9087, 11.0259 ], [ 22.9777, 11.0279 ], [ 23.0079, 11.0359 ], [ 23.0835, 11.0663 ], [ 23.1079, 11.0849 ], [ 23.1601, 11.1673 ], [ 23.1811, 11.1789 ], [ 23.2055, 11.1743 ], [ 23.2531, 11.1591 ], [ 23.2961, 11.1581 ], [ 23.3345, 11.1627 ], [ 23.3561, 11.1773 ], [ 23.3693, 11.1925 ], [ 23.3935, 11.2449 ], [ 23.4061, 11.2521 ], [ 23.4476, 11.2569 ] ] ] } },
{ "type": "Feature", "properties": { "iso3": "SDN", "unit_id": "87320338B38623857595345", "unit_name": "Wadi Salih" }, "geometry": { "type": "Polygon", "coordinates": [ [ [ 23.7763, 12.5221 ], [ 23.6155, 12.5278 ], [ 23.5807, 12.5357 ], [ 23.5503, 12.5551 ], [ 23.4994, 12.6151 ], [ 23.4639, 12.6462 ], [ 23.4316, 12.6565 ], [ 23.3797, 12.6439 ], [ 23.3419, 12.6494 ], [ 23.3328, 12.662 ], [ 23.2641, 12.6531 ], [ 23.2575, 12.6562 ], [ 23.2483, 12.6761 ], [ 23.2395, 12.677 ], [ 23.1105, 12.6257 ], [ 23.1079, 12.6084 ], [ 23.0874, 12.5677 ], [ 23.0617, 12.529 ], [ 23.0376, 12.5038 ], [ 22.9832, 12.4789 ], [ 22.9717, 12.4647 ], [ 22.9634, 12.4414 ], [ 22.9654, 12.4228 ], [ 22.9717, 12.4094 ], [ 22.9934, 12.3877 ], [ 22.9985, 12.3587 ], [ 22.9656, 12.3278 ], [ 22.9575, 12.2405 ], [ 22.9559, 12.1987 ], [ 22.9591, 12.1738 ], [ 22.9556, 12.1577 ], [ 23.1691, 12.1614 ], [ 23.2061, 12.1572 ], [ 23.2672, 12.1632 ], [ 23.296, 12.1753 ], [ 23.3536, 12.2695 ], [ 23.4697, 12.2859 ], [ 23.4861, 12.3046 ], [ 23.4814, 12.342 ], [ 23.4923, 12.3615 ], [ 23.5584, 12.3677 ], [ 23.5702, 12.3537 ], [ 23.585, 12.3467 ], [ 23.6263, 12.3482 ], [ 23.6847, 12.3054 ], [ 23.7088, 12.296 ], [ 23.7354, 12.2923 ], [ 23.7671, 12.4029 ], [ 23.7891, 12.4487 ], [ 23.7763, 12.5221 ] ] ] } },
{ "type": "Feature", "properties": { "iso3": "SDN", "unit_id": "87320338B67940818253743", "unit_name": "Zalingi" }, "geometry": { "type": "Polygon", "coordinates": [ [ [ 23.2247, 13.4286 ], [ 23.2187, 13.4095 ], [ 23.2009, 13.3984 ], [ 23.1947, 13.3155 ], [ 23.186, 13.2946 ], [ 23.1943, 13.2629 ], [ 23.2081, 13.231 ], [ 23.2274, 13.2093 ], [ 23.2479, 13.1931 ], [ 23.2632, 13.1857 ], [ 23.2736, 13.1707 ], [ 23.302, 13.1101 ], [ 23.313, 13.0786 ], [ 23.2918, 13.0495 ], [ 23.2748, 13.0131 ], [ 23.2596, 12.9954 ], [ 23.2374, 12.9788 ], [ 23.2273, 12.9321 ], [ 23.2325, 12.9131 ], [ 23.2498, 12.8784 ], [ 23.2602, 12.861 ], [ 23.2653, 12.8578 ], [ 23.2772, 12.8279 ], [ 23.2755, 12.8204 ], [ 23.262, 12.8058 ], [ 23.247, 12.7697 ], [ 23.2537, 12.7142 ], [ 23.2473, 12.6808 ], [ 23.2575, 12.6562 ], [ 23.2641, 12.6531 ], [ 23.3328, 12.662 ], [ 23.3419, 12.6494 ], [ 23.3797, 12.6439 ], [ 23.4316, 12.6565 ], [ 23.4639, 12.6462 ], [ 23.4994, 12.6151 ], [ 23.5503, 12.5551 ], [ 23.5807, 12.5357 ], [ 23.6155, 12.5278 ], [ 23.7763, 12.5221 ], [ 23.7763, 12.6031 ], [ 23.7867, 12.6923 ], [ 23.8532, 12.7177 ], [ 23.8561, 12.7686 ], [ 23.8925, 12.7974 ], [ 23.8833, 12.804 ], [ 23.848, 12.8035 ], [ 23.8332, 12.7997 ], [ 23.816, 12.877 ], [ 23.8108, 12.8779 ], [ 23.7847, 12.9677 ], [ 23.7971, 12.974 ], [ 23.8033, 12.9811 ], [ 23.7841, 12.9882 ], [ 23.8422, 13.0565 ], [ 23.8122, 13.0735 ], [ 23.793, 13.0994 ], [ 23.7908, 13.1072 ], [ 23.7958, 13.1239 ], [ 23.8319, 13.1759 ], [ 23.8379, 13.1962 ], [ 23.8334, 13.2249 ], [ 23.8359, 13.2873 ], [ 23.8345, 13.3735 ], [ 23.8063, 13.3799 ], [ 23.7815, 13.3929 ], [ 23.7695, 13.4453 ], [ 23.7175, 13.4687 ], [ 23.6879, 13.4753 ], [ 23.6721, 13.4755 ], [ 23.6273, 13.4899 ], [ 23.5707, 13.5199 ], [ 23.5477, 13.5265 ], [ 23.4943, 13.5593 ], [ 23.4363, 13.5497 ], [ 23.3981, 13.4987 ], [ 23.3773, 13.5003 ], [ 23.3537, 13.4795 ], [ 23.3219, 13.4701 ], [ 23.2621, 13.4305 ], [ 23.2427, 13.4259 ], [ 23.2247, 13.4286 ] ] ] } },
{ "type": "Feature", "properties": { "iso3": "SDN", "unit_id": "87320338B79219624181880", "unit_name": "Wasat Jabal Marrah" }, "geometry": { "type": "Polygon", "coordinates": [ [ [ 24.1273, 13.2653 ], [ 24.1449, 13.2075 ], [ 24.1774, 13.1652 ], [ 24.2089, 13.1352 ], [ 24.2264, 13.107 ], [ 24.2281, 13.0837 ], [ 24.2447, 13.0621 ], [ 24.2571, 13.0588 ], [ 24.2788, 13.0646 ], [ 24.3162, 13.0264 ], [ 24.3236, 13.0039 ], [ 24.3261, 12.9755 ], [ 24.3867, 12.9889 ], [ 24.3735, 13.0302 ], [ 24.3763, 13.0453 ], [ 24.3869, 13.0605 ], [ 24.3965, 13.1077 ], [ 24.4139, 13.1215 ], [ 24.4076, 13.1261 ], [ 24.3832, 13.1275 ], [ 24.3683, 13.1644 ], [ 24.3589, 13.1619 ], [ 24.3546, 13.165 ], [ 24.3509, 13.1841 ], [ 24.3275, 13.1884 ], [ 24.3152, 13.186 ], [ 24.2788, 13.1946 ], [ 24.2702, 13.2063 ], [ 24.2655, 13.2267 ], [ 24.2469, 13.2649 ], [ 24.1299, 13.2701 ], [ 24.1273, 13.2653 ] ] ] } },
{ "type": "Feature", "properties": { "iso3": "SDN", "unit_id": "87320338B17269666437207", "unit_name": "Abu Jubayhah" }, "geometry": { "type": "Polygon", "coordinates": [ [ [ 31.5386, 10.0037 ], [ 31.6647, 10.1623 ], [ 31.7085, 10.2143 ], [ 31.7337, 10.2381 ], [ 31.7418, 10.254 ], [ 31.7539, 10.2683 ], [ 31.8013, 10.3099 ], [ 31.8214, 10.3509 ], [ 31.8576, 10.4081 ], [ 31.8796, 10.4362 ], [ 31.9335, 10.4905 ], [ 31.9573, 10.5071 ], [ 32.0191, 10.5071 ], [ 32.062, 10.481 ], [ 32.1548, 10.4667 ], [ 32.1928, 10.4857 ], [ 32.2285, 10.5095 ], [ 32.2309, 10.5666 ], [ 32.2178, 10.6321 ], [ 32.1928, 10.7142 ], [ 32.2264, 10.75 ], [ 32.4263, 10.9398 ], [ 32.4599, 10.9764 ], [ 32.4478, 11.0414 ], [ 32.439, 11.0639 ], [ 32.3977, 11.1411 ], [ 32.3957, 11.1682 ], [ 32.3891, 11.1791 ], [ 32.3909, 11.2384 ], [ 32.3845, 11.2511 ], [ 32.3805, 11.4856 ], [ 32.3901, 11.4954 ], [ 32.3919, 11.5743 ], [ 32.3895, 11.5704 ], [ 32.3929, 11.6142 ], [ 32.3883, 11.6856 ], [ 32.3845, 11.6966 ], [ 32.3759, 11.7123 ], [ 32.1066, 11.945 ], [ 32.1279, 11.9451 ], [ 32.0981, 11.9753 ], [ 31.9172, 11.8396 ], [ 31.9124, 11.8313 ], [ 31.8982, 11.8336 ], [ 31.8851, 11.8253 ], [ 31.8553, 11.8253 ], [ 31.8434, 11.8206 ], [ 31.8244, 11.8229 ], [ 31.8101, 11.817 ], [ 31.7947, 11.8194 ], [ 31.7863, 11.811 ], [ 31.7578, 11.8098 ], [ 31.7447, 11.8051 ], [ 31.7102, 11.8051 ], [ 31.6828, 11.7896 ], [ 31.6721, 11.811 ], [ 31.6471, 11.836 ], [ 31.6055, 11.8539 ], [ 31.5948, 11.8539 ], [ 31.571, 11.8646 ], [ 31.565, 11.8562 ], [ 31.5532, 11.8051 ], [ 31.5424, 11.7856 ], [ 31.5294, 11.7725 ], [ 31.5175, 11.7523 ], [ 31.4996, 11.7546 ], [ 31.4711, 11.7737 ], [ 31.4163, 11.7737 ], [ 31.4021, 11.7677 ], [ 31.3164, 11.7653 ], [ 31.3074, 11.7498 ], [ 31.3033, 11.7128 ], [ 31.2893, 11.6666 ], [ 31.2674, 11.638 ], [ 31.2512, 11.6085 ], [ 31.2008, 11.559 ], [ 31.1665, 11.5543 ], [ 31.1122, 11.5638 ], [ 31.078, 11.5752 ], [ 31.0113, 11.6057 ], [ 30.979, 11.6104 ], [ 30.9676, 11.6181 ], [ 30.8951, 11.6196 ], [ 30.8808, 11.6089 ], [ 30.863, 11.6089 ], [ 30.8523, 11.6214 ], [ 30.8041, 11.6196 ], [ 30.7987, 11.6107 ], [ 30.7595, 11.6089 ], [ 30.7309, 11.6 ], [ 30.6988, 11.6054 ], [ 30.6631, 11.6054 ], [ 30.6658, 11.5309 ], [ 30.6725, 11.5223 ], [ 30.6697, 11.4928 ], [ 30.703, 11.4585 ], [ 30.7239, 11.4252 ], [ 30.7534, 11.39 ], [ 30.7591, 11.3738 ], [ 30.7705, 11.3615 ], [ 30.7924, 11.3529 ], [ 30.8324, 11.3434 ], [ 30.8534, 11.3339 ], [ 31.0009, 11.2948 ], [ 31.0466, 11.2739 ], [ 31.0627, 11.2463 ], [ 31.0784, 11.1951 ], [ 31.088, 11.1837 ], [ 31.1298, 11.1542 ], [ 31.1755, 11.1418 ], [ 31.205, 11.1075 ], [ 31.2645, 11.0679 ], [ 31.2721, 11.047 ], [ 31.2902, 11.0156 ], [ 31.3359, 10.9023 ], [ 31.335, 10.8833 ], [ 31.3283, 10.8738 ], [ 31.3292, 10.849 ], [ 31.3235, 10.8203 ], [ 31.2788, 10.6813 ], [ 31.2769, 10.6547 ], [ 31.2645, 10.6347 ], [ 31.2826, 10.5947 ], [ 31.3397, 10.5595 ], [ 31.4197, 10.5014 ], [ 31.4397, 10.4738 ], [ 31.4506, 10.3802 ], [ 31.4563, 10.3649 ], [ 31.4639, 10.2869 ], [ 31.4697, 10.266 ], [ 31.4782, 10.2555 ], [ 31.4839, 10.2403 ], [ 31.4973, 10.1736 ], [ 31.5058, 10.1584 ], [ 31.5153, 10.1089 ], [ 31.5134, 10.0632 ], [ 31.5268, 10.054 ], [ 31.5239, 10.0442 ], [ 31.5386, 10.0037 ] ] ] } },
{ "type": "Feature", "properties": { "iso3": "SDN", "unit_id": "87320338B6056826154244", "unit_name": "Talawdi" }, "geometry": { "type": "Polygon", "coordinates": [ [ [ 30.8614, 10.59 ], [ 30.8535, 10.5908 ], [ 30.8413, 10.5996 ], [ 30.8237, 10.6165 ], [ 30.822, 10.6247 ], [ 30.7782, 10.6691 ], [ 30.7373, 10.7626 ], [ 30.7215, 10.7912 ], [ 30.7011, 10.8595 ], [ 30.6363, 10.8594 ], [ 30.6263, 10.866 ], [ 30.5507, 10.866 ], [ 30.543, 10.8575 ], [ 30.5288, 10.8594 ], [ 30.5197, 10.8532 ], [ 30.4926, 10.8513 ], [ 30.3448, 10.7656 ], [ 30.2649, 10.6881 ], [ 30.2525, 10.6862 ], [ 30.2435, 10.6805 ], [ 30.232, 10.6809 ], [ 30.2092, 10.6719 ], [ 30.1847, 10.6728 ], [ 30.1733, 10.6776 ], [ 30.1561, 10.6747 ], [ 30.1303, 10.6884 ], [ 30.1019, 10.6728 ], [ 30.075, 10.6452 ], [ 30.0745, 10.6028 ], [ 30.0798, 10.5936 ], [ 30.0807, 10.5788 ], [ 30.1279, 10.4982 ], [ 30.0807, 10.4346 ], [ 30.005, 10.3438 ], [ 29.9996, 10.3268 ], [ 29.9739, 10.2929 ], [ 29.9819, 10.2885 ], [ 29.9968, 10.2888 ], [ 30.1063, 10.2217 ], [ 30.1146, 10.2294 ], [ 30.3062, 10.2865 ], [ 30.4133, 10.3341 ], [ 30.5311, 10.3912 ], [ 30.5905, 10.4507 ], [ 30.7168, 10.5132 ], [ 30.7382, 10.5272 ], [ 30.8109, 10.5593 ], [ 30.8614, 10.59 ] ] ] } },
{ "type": "Feature", "properties": { "iso3": "SDN", "unit_id": "87320338B61064549573209", "unit_name": "Abassiya" }, "geometry": { "type": "Polygon", "coordinates": [ [ [ 31.6809, 12.6021 ], [ 31.6645, 12.6017 ], [ 31.5431, 12.6345 ], [ 31.4379, 12.6583 ], [ 31.3917, 12.6545 ], [ 31.3607, 12.6485 ], [ 31.3365, 12.6429 ], [ 31.2999, 12.6275 ], [ 31.2699, 12.6249 ], [ 31.2419, 12.6159 ], [ 31.2087, 12.6177 ], [ 31.1941, 12.6111 ], [ 31.1751, 12.6085 ], [ 31.1161, 12.6221 ], [ 31.0343, 12.6055 ], [ 31.0191, 12.6045 ], [ 30.9871, 12.6107 ], [ 30.9762, 12.6001 ], [ 31.0021, 12.5605 ], [ 31.0129, 12.5315 ], [ 31.0271, 12.4725 ], [ 31.0271, 12.4483 ], [ 31.0207, 12.4195 ], [ 31.0247, 12.4035 ], [ 31.0213, 12.3875 ], [ 31.0212, 12.3343 ], [ 31.0289, 12.3233 ], [ 31.0289, 12.2579 ], [ 31.0206, 12.2302 ], [ 31.0206, 12.2165 ], [ 31.0146, 12.2058 ], [ 31.0152, 12.1879 ], [ 31.0224, 12.1814 ], [ 31.0218, 12.1731 ], [ 31.0342, 12.1618 ], [ 31.0521, 12.1606 ], [ 31.0759, 12.1392 ], [ 31.0848, 12.1249 ], [ 31.086, 12.1106 ], [ 31.092, 12.1053 ], [ 31.0949, 12.0886 ], [ 31.1104, 12.0765 ], [ 31.1175, 12.0465 ], [ 31.1062, 11.9918 ], [ 31.1074, 11.9454 ], [ 31.1134, 11.9388 ], [ 31.1318, 11.9311 ], [ 31.1407, 11.9317 ], [ 31.1586, 11.9239 ], [ 31.1913, 11.9204 ], [ 31.1972, 11.9162 ], [ 31.2097, 11.9156 ], [ 31.2549, 11.9037 ], [ 31.2704, 11.8894 ], [ 31.293, 11.843 ], [ 31.296, 11.8288 ], [ 31.2996, 11.8252 ], [ 31.299, 11.8169 ], [ 31.3049, 11.8056 ], [ 31.3091, 11.8062 ], [ 31.3144, 11.8157 ], [ 31.3144, 11.8341 ], [ 31.3192, 11.8359 ], [ 31.3239, 11.846 ], [ 31.321, 11.8871 ], [ 31.3239, 11.9013 ], [ 31.3436, 11.921 ], [ 31.3549, 11.9388 ], [ 31.3662, 11.9454 ], [ 31.3912, 11.9525 ], [ 31.409, 11.9537 ], [ 31.4132, 11.9644 ], [ 31.4138, 11.9787 ], [ 31.4078, 11.9882 ], [ 31.406, 12.0025 ], [ 31.4179, 12.0304 ], [ 31.4304, 12.0471 ], [ 31.4578, 12.1024 ], [ 31.4661, 12.1049 ], [ 31.4899, 12.1025 ], [ 31.4988, 12.1079 ], [ 31.4887, 12.1352 ], [ 31.4893, 12.1406 ], [ 31.5214, 12.2298 ], [ 31.5238, 12.2477 ], [ 31.5351, 12.2732 ], [ 31.5369, 12.2846 ], [ 31.5429, 12.2911 ], [ 31.5423, 12.2976 ], [ 31.5506, 12.3119 ], [ 31.5565, 12.331 ], [ 31.569, 12.3411 ], [ 31.5827, 12.3607 ], [ 31.5845, 12.3768 ], [ 31.591, 12.3853 ], [ 31.5916, 12.4002 ], [ 31.5976, 12.4044 ], [ 31.6053, 12.4204 ], [ 31.6065, 12.4323 ], [ 31.6154, 12.446 ], [ 31.6285, 12.4811 ], [ 31.6398, 12.5007 ], [ 31.6428, 12.5144 ], [ 31.6523, 12.5257 ], [ 31.6684, 12.5709 ], [ 31.6815, 12.5906 ], [ 31.6809, 12.6021 ] ] ] } },
{ "type": "Feature", "properties": { "iso3": "SDN", "unit_id": "87320338B3560070908155", "unit_name": "Um Durein" }, "geometry": { "type": "Polygon", "coordinates": [ [ [ 30.4763, 10.8426 ], [ 30.4084, 10.936 ], [ 30.3941, 10.9485 ], [ 30.382, 10.9564 ], [ 30.2779, 10.9974 ], [ 30.2479, 11.0031 ], [ 30.2465, 11.0131 ], [ 30.2594, 11.0449 ], [ 30.259, 11.0652 ], [ 30.2658, 11.0734 ], [ 30.2661, 11.0817 ], [ 30.2515, 11.0988 ], [ 30.2194, 11.1148 ], [ 30.1549, 11.1801 ], [ 30.1466, 11.1709 ], [ 30.1212, 11.158 ], [ 30.0596, 11.1001 ], [ 30.0401, 11.0903 ], [ 29.9124, 11.0054 ], [ 29.8904, 10.9735 ], [ 29.8574, 10.9397 ], [ 29.8411, 10.9116 ], [ 29.8134, 10.8782 ], [ 29.8271, 10.8673 ], [ 29.831, 10.8619 ], [ 29.8332, 10.8463 ], [ 29.8427, 10.8382 ], [ 29.9631, 10.8021 ], [ 30.0435, 10.7507 ], [ 30.0668, 10.7526 ], [ 30.1023, 10.7214 ], [ 30.1029, 10.7116 ], [ 30.1303, 10.6884 ], [ 30.1561, 10.6747 ], [ 30.1733, 10.6776 ], [ 30.1847, 10.6728 ], [ 30.2092, 10.6719 ], [ 30.232, 10.6809 ], [ 30.2435, 10.6805 ], [ 30.2525, 10.6862 ], [ 30.2649, 10.6881 ], [ 30.3448, 10.7656 ], [ 30.4763, 10.8426 ] ] ] } },
{ "type": "Feature", "properties": { "iso3": "SDN", "unit_id": "87320338B5110777516083", "unit_name": "Ar Rashad" }, "geometry": { "type": "Polygon", "coordinates": [ [ [ 31.3164, 11.7653 ], [ 31.3057, 11.7927 ], [ 31.3049, 11.8056 ], [ 31.299, 11.8169 ], [ 31.2996, 11.8252 ], [ 31.296, 11.8288 ], [ 31.293, 11.843 ], [ 31.2704, 11.8894 ], [ 31.2549, 11.9037 ], [ 31.2097, 11.9156 ], [ 31.1972, 11.9162 ], [ 31.1913, 11.9204 ], [ 31.1586, 11.9239 ], [ 31.1407, 11.9317 ], [ 31.1318, 11.9311 ], [ 31.1134, 11.9388 ], [ 31.1074, 11.9454 ], [ 31.1062, 11.9918 ], [ 31.1134, 12.0167 ], [ 31.1167, 12.0546 ], [ 31.1036, 12.0547 ], [ 31.0468, 12.0355 ], [ 31.0307, 12.0551 ], [ 31.0147, 12.0622 ], [ 31.0004, 12.0533 ], [ 30.9736, 12.0587 ], [ 30.9736, 12.0515 ], [ 30.9611, 12.0444 ], [ 30.9558, 12.0355 ], [ 30.954, 11.9587 ], [ 30.9576, 11.9177 ], [ 30.9504, 11.9087 ], [ 30.9379, 11.9016 ], [ 30.904, 11.8927 ], [ 30.8951, 11.8552 ], [ 30.8933, 11.7464 ], [ 30.9201, 11.6928 ], [ 30.913, 11.6625 ], [ 30.9201, 11.6196 ], [ 30.9676, 11.6181 ], [ 30.979, 11.6104 ], [ 31.0113, 11.6057 ], [ 31.078, 11.5752 ], [ 31.1122, 11.5638 ], [ 31.1665, 11.5543 ], [ 31.2008, 11.559 ], [ 31.2512, 11.6085 ], [ 31.2674, 11.638 ], [ 31.2893, 11.6666 ], [ 31.3033, 11.7128 ], [ 31.3074, 11.7498 ], [ 31.3164, 11.7653 ] ] ] } },
{ "type": "Feature", "properties": { "iso3": "SDN", "unit_id": "87320338B30986759298539", "unit_name": "Al Quoz" }, "geometry": { "type": "Polygon", "coordinates": [ [ [ 30.3737, 12.5143 ], [ 30.3595, 12.5267 ], [ 30.3289, 12.5367 ], [ 30.2703, 12.5331 ], [ 30.2265, 12.5265 ], [ 30.1357, 12.4899 ], [ 30.0709, 12.4471 ], [ 30.0503, 12.4435 ], [ 30.0407, 12.4467 ], [ 30.0305, 12.4761 ], [ 30.0301, 12.4877 ], [ 30.0443, 12.5197 ], [ 30.0389, 12.5297 ], [ 30.0359, 12.5485 ], [ 30.036, 12.5948 ], [ 30.0035, 12.6443 ], [ 30.0017, 12.6715 ], [ 30.0121, 12.6987 ], [ 30.0093, 12.7085 ], [ 29.9715, 12.7201 ], [ 29.9307, 12.7253 ], [ 29.8597, 12.7243 ], [ 29.8437, 12.7313 ], [ 29.8057, 12.7379 ], [ 29.7883, 12.7457 ], [ 29.738, 12.7369 ], [ 29.7118, 12.7285 ], [ 29.7054, 12.6985 ], [ 29.716, 12.6729 ], [ 29.6634, 12.5305 ], [ 29.6502, 12.5053 ], [ 29.6436, 12.5009 ], [ 29.644, 12.4871 ], [ 29.6282, 12.4619 ], [ 29.601, 12.4433 ], [ 29.6061, 12.4443 ], [ 29.5978, 12.4354 ], [ 29.639, 12.4139 ], [ 29.6666, 12.3758 ], [ 29.6827, 12.3587 ], [ 29.6885, 12.3454 ], [ 29.6885, 12.3311 ], [ 29.7389, 12.3101 ], [ 29.7492, 12.3015 ], [ 29.7628, 12.3038 ], [ 29.7665, 12.2844 ], [ 29.7646, 12.2664 ], [ 29.758, 12.2511 ], [ 29.7808, 12.2054 ], [ 29.7798, 12.1834 ], [ 29.7856, 12.17 ], [ 29.7928, 12.1664 ], [ 29.876, 12.2127 ], [ 29.8902, 12.2113 ], [ 29.9675, 12.2462 ], [ 30.0599, 12.3112 ], [ 30.0903, 12.3281 ], [ 30.1037, 12.3302 ], [ 30.1654, 12.3639 ], [ 30.1702, 12.3609 ], [ 30.215, 12.3734 ], [ 30.2254, 12.37 ], [ 30.2446, 12.3801 ], [ 30.262, 12.3848 ], [ 30.2871, 12.3969 ], [ 30.322, 12.4318 ], [ 30.338, 12.4348 ], [ 30.4127, 12.4711 ], [ 30.3797, 12.4987 ], [ 30.3699, 12.5103 ], [ 30.3737, 12.5143 ] ] ] } },
{ "type": "Feature", "properties": { "iso3": "SDN", "unit_id": "87320338B62560087970878", "unit_name": "Dilling" }, "geometry": { "type": "Polygon", "coordinates": [ [ [ 29.601, 12.4433 ], [ 29.5234, 12.3605 ], [ 29.4956, 12.3053 ], [ 29.4884, 12.2795 ], [ 29.4892, 12.2665 ], [ 29.4786, 12.2581 ], [ 29.4444, 12.2499 ], [ 29.437, 12.2417 ], [ 29.4422, 12.2111 ], [ 29.4178, 12.1595 ], [ 29.3848, 12.1393 ], [ 29.3626, 12.1293 ], [ 29.3534, 12.1285 ], [ 29.3474, 12.1045 ], [ 29.283, 12.0019 ], [ 29.2696, 11.9743 ], [ 29.2506, 11.8249 ], [ 29.2292, 11.7757 ], [ 29.2245, 11.7467 ], [ 29.232, 11.7475 ], [ 29.2304, 11.7345 ], [ 29.255, 11.6965 ], [ 29.3768, 11.7015 ], [ 29.4595, 11.4818 ], [ 29.4818, 11.4817 ], [ 29.4895, 11.476 ], [ 29.5313, 11.476 ], [ 29.5408, 11.4694 ], [ 29.577, 11.4713 ], [ 29.5884, 11.4646 ], [ 29.6265, 11.4646 ], [ 29.6351, 11.4598 ], [ 29.6589, 11.4598 ], [ 29.6969, 11.4732 ], [ 29.7303, 11.4671 ], [ 29.7329, 11.477 ], [ 29.7281, 11.4796 ], [ 29.7243, 11.4883 ], [ 29.7268, 11.5016 ], [ 29.7195, 11.5073 ], [ 29.7174, 11.5159 ], [ 29.7195, 11.5422 ], [ 29.7161, 11.5584 ], [ 29.7165, 11.5847 ], [ 29.6738, 11.6664 ], [ 29.612, 11.7169 ], [ 29.6086, 11.7398 ], [ 29.6176, 11.7493 ], [ 29.6427, 11.7506 ], [ 29.6474, 11.7571 ], [ 29.6349, 11.7692 ], [ 29.6293, 11.7839 ], [ 29.606, 11.8007 ], [ 29.574, 11.799 ], [ 29.543, 11.8076 ], [ 29.5335, 11.8158 ], [ 29.5253, 11.8348 ], [ 29.5261, 11.843 ], [ 29.6105, 11.9047 ], [ 29.6174, 11.9207 ], [ 29.6356, 11.9431 ], [ 29.6506, 11.9556 ], [ 29.6866, 11.9746 ], [ 29.6888, 11.9897 ], [ 29.6966, 11.9953 ], [ 29.7052, 11.9957 ], [ 29.7117, 11.9922 ], [ 29.7194, 11.9797 ], [ 29.7315, 11.9741 ], [ 29.782, 11.9374 ], [ 29.7984, 11.9499 ], [ 29.798, 11.9556 ], [ 29.7751, 11.9919 ], [ 29.7842, 12.0126 ], [ 29.7652, 12.0355 ], [ 29.7527, 12.0653 ], [ 29.7596, 12.1024 ], [ 29.7863, 12.1568 ], [ 29.7948, 12.1654 ], [ 29.7856, 12.17 ], [ 29.7798, 12.1834 ], [ 29.7808, 12.2054 ], [ 29.758, 12.2511 ], [ 29.7646, 12.2664 ], [ 29.7665, 12.2844 ], [ 29.7628, 12.3038 ], [ 29.7492, 12.3015 ], [ 29.7389, 12.3101 ], [ 29.6885, 12.3311 ], [ 29.6885, 12.3454 ], [ 29.6827, 12.3587 ], [ 29.6666, 12.3758 ], [ 29.6533, 12.3968 ], [ 29.639, 12.4139 ], [ 29.5978, 12.4354 ], [ 29.6061, 12.4443 ], [ 29.601, 12.4433 ] ] ] } },
{ "type": "Feature", "properties": { "iso3": "SDN", "unit_id": "87320338B9767674778605", "unit_name": "Heiban" }, "geometry": { "type": "Polygon", "coordinates": [ [ [ 30.6697, 11.4928 ], [ 30.6489, 11.488 ], [ 30.6354, 11.4801 ], [ 30.4976, 11.4512 ], [ 30.4848, 11.4444 ], [ 30.4691, 11.4448 ], [ 30.4073, 11.4312 ], [ 30.3984, 11.4244 ], [ 30.3855, 11.4276 ], [ 30.3513, 11.4166 ], [ 30.3448, 11.4094 ], [ 30.3388, 11.3784 ], [ 30.2902, 11.3095 ], [ 30.282, 11.2897 ], [ 30.1776, 11.349 ], [ 30.1549, 11.355 ], [ 30.156, 11.3517 ], [ 30.1503, 11.3482 ], [ 30.1459, 11.3381 ], [ 30.1321, 11.2631 ], [ 30.1235, 11.2441 ], [ 30.1323, 11.2051 ], [ 30.1527, 11.1785 ], [ 30.1549, 11.1801 ], [ 30.2194, 11.1148 ], [ 30.2515, 11.0988 ], [ 30.2661, 11.0817 ], [ 30.2658, 11.0734 ], [ 30.259, 11.0652 ], [ 30.2594, 11.0449 ], [ 30.2465, 11.0131 ], [ 30.2479, 11.0031 ], [ 30.2779, 10.9974 ], [ 30.382, 10.9564 ], [ 30.3941, 10.9485 ], [ 30.4084, 10.936 ], [ 30.4763, 10.8426 ], [ 30.4926, 10.8513 ], [ 30.5197, 10.8532 ], [ 30.5288, 10.8594 ], [ 30.543, 10.8575 ], [ 30.5507, 10.866 ], [ 30.6263, 10.866 ], [ 30.6363, 10.8594 ], [ 30.7011, 10.8595 ], [ 30.7028, 10.8693 ], [ 30.7086, 10.878 ], [ 30.7086, 10.8985 ], [ 30.722, 10.9265 ], [ 30.7279, 10.9657 ], [ 30.7343, 10.9785 ], [ 30.7366, 10.9984 ], [ 30.7419, 11.0124 ], [ 30.7442, 11.0627 ], [ 30.7512, 11.0691 ], [ 30.7507, 11.2461 ], [ 30.7548, 11.2554 ], [ 30.7558, 11.3834 ], [ 30.742, 11.4062 ], [ 30.7239, 11.4252 ], [ 30.703, 11.4585 ], [ 30.6697, 11.4928 ] ] ] } },
{ "type": "Feature", "properties": { "iso3": "SDN", "unit_id": "87320338B14408801704347", "unit_name": "Ar Reif Ash Shargi" }, "geometry": { "type": "Polygon", "coordinates": [ [ [ 30.1544, 11.1766 ], [ 30.1323, 11.2051 ], [ 30.1235, 11.2441 ], [ 30.1321, 11.2631 ], [ 30.1459, 11.3381 ], [ 30.1503, 11.3482 ], [ 30.1572, 11.3541 ], [ 30.0476, 11.397 ], [ 29.9649, 11.4001 ], [ 29.9268, 11.3931 ], [ 29.9183, 11.3861 ], [ 29.9043, 11.388 ], [ 29.8914, 11.3816 ], [ 29.8761, 11.3832 ], [ 29.8568, 11.375 ], [ 29.8318, 11.3885 ], [ 29.811, 11.411 ], [ 29.7822, 11.4309 ], [ 29.7461, 11.4457 ], [ 29.7337, 11.4449 ], [ 29.7259, 11.453 ], [ 29.7251, 11.4643 ], [ 29.7303, 11.4671 ], [ 29.6969, 11.4732 ], [ 29.6589, 11.4598 ], [ 29.6351, 11.4598 ], [ 29.6265, 11.4646 ], [ 29.5884, 11.4646 ], [ 29.577, 11.4713 ], [ 29.5408, 11.4694 ], [ 29.5313, 11.476 ], [ 29.4895, 11.476 ], [ 29.4818, 11.4817 ], [ 29.4595, 11.4818 ], [ 29.479, 11.4241 ], [ 29.4939, 11.4002 ], [ 29.4952, 11.4039 ], [ 29.517, 11.3739 ], [ 29.5535, 11.3484 ], [ 29.6072, 11.3025 ], [ 29.6224, 11.2974 ], [ 29.6477, 11.2945 ], [ 29.6599, 11.2761 ], [ 29.6598, 11.2538 ], [ 29.669, 11.2221 ], [ 29.7245, 11.1962 ], [ 29.7988, 11.0822 ], [ 29.8289, 11.0518 ], [ 29.838, 11.0347 ], [ 29.8359, 10.9989 ], [ 29.8318, 10.9858 ], [ 29.831, 10.8994 ], [ 29.8574, 10.9397 ], [ 29.8904, 10.9735 ], [ 29.9124, 11.0054 ], [ 30.0401, 11.0903 ], [ 30.0596, 11.1001 ], [ 30.1212, 11.158 ], [ 30.1466, 11.1709 ], [ 30.1544, 11.1766 ] ] ] } },
{ "type": "Feature", "properties": { "iso3": "SDN", "unit_id": "87320338B62829303362234", "unit_name": "Kadugli" }, "geometry": { "type": "Polygon", "coordinates": [ [ [ 29.831, 10.8994 ], [ 29.8318, 10.9858 ], [ 29.8359, 10.9989 ], [ 29.838, 11.0347 ], [ 29.8289, 11.0518 ], [ 29.7988, 11.0822 ], [ 29.7245, 11.1962 ], [ 29.669, 11.2221 ], [ 29.6598, 11.2538 ], [ 29.6599, 11.2761 ], [ 29.6477, 11.2945 ], [ 29.6224, 11.2974 ], [ 29.6072, 11.3025 ], [ 29.5535, 11.3484 ], [ 29.517, 11.3739 ], [ 29.4952, 11.4039 ], [ 29.4934, 11.3907 ], [ 29.4972, 11.3805 ], [ 29.4604, 11.3269 ], [ 29.4596, 11.3161 ], [ 29.4696, 11.2947 ], [ 29.4694, 11.2701 ], [ 29.4744, 11.2571 ], [ 29.4708, 11.2509 ], [ 29.441, 11.2323 ], [ 29.4156, 11.2087 ], [ 29.3976, 11.1999 ], [ 29.3954, 11.1837 ], [ 29.3432, 11.1457 ], [ 29.3378, 11.1387 ], [ 29.3338, 11.1045 ], [ 29.3388, 11.0455 ], [ 29.3588, 11.0123 ], [ 29.361, 11.0017 ], [ 29.3902, 10.9473 ], [ 29.4772, 10.8801 ], [ 29.4884, 10.8667 ], [ 29.5016, 10.8597 ], [ 29.5921, 10.7821 ], [ 29.6255, 10.8171 ], [ 29.6409, 10.824 ], [ 29.6584, 10.8251 ], [ 29.7068, 10.8547 ], [ 29.7769, 10.8911 ], [ 29.8118, 10.8814 ], [ 29.8134, 10.8782 ], [ 29.831, 10.8994 ] ] ] } },
{ "type": "Feature", "properties": { "iso3": "SDN", "unit_id": "87320338B87725661483371", "unit_name": "Al Buram" }, "geometry": { "type": "Polygon", "coordinates": [ [ [ 30.1303, 10.6884 ], [ 30.1029, 10.7116 ], [ 30.1023, 10.7214 ], [ 30.0668, 10.7526 ], [ 30.0435, 10.7507 ], [ 29.9631, 10.8021 ], [ 29.8427, 10.8382 ], [ 29.8332, 10.8463 ], [ 29.831, 10.8619 ], [ 29.8137, 10.8798 ], [ 29.7769, 10.8911 ], [ 29.7068, 10.8547 ], [ 29.6584, 10.8251 ], [ 29.6409, 10.824 ], [ 29.6255, 10.8171 ], [ 29.5921, 10.7821 ], [ 29.679, 10.7059 ], [ 29.686, 10.7031 ], [ 29.711, 10.6771 ], [ 29.7984, 10.5999 ], [ 29.8424, 10.5645 ], [ 29.8446, 10.5353 ], [ 29.8816, 10.4679 ], [ 29.8876, 10.4649 ], [ 29.8886, 10.4553 ], [ 29.8944, 10.4485 ], [ 29.936, 10.3577 ], [ 29.9442, 10.3457 ], [ 29.9524, 10.3189 ], [ 29.9575, 10.3161 ], [ 29.9609, 10.3065 ], [ 29.9739, 10.2929 ], [ 29.9996, 10.3268 ], [ 30.005, 10.3438 ], [ 30.0807, 10.4346 ], [ 30.1279, 10.4982 ], [ 30.0807, 10.5788 ], [ 30.0798, 10.5936 ], [ 30.0745, 10.6028 ], [ 30.075, 10.6452 ], [ 30.1019, 10.6728 ], [ 30.1303, 10.6884 ] ] ] } },
{ "type": "Feature", "properties": { "iso3": "SDN", "unit_id": "87320338B27949308723737", "unit_name": "Habila - SK" }, "geometry": { "type": "Polygon", "coordinates": [ [ [ 29.7928, 12.1664 ], [ 29.7948, 12.1654 ], [ 29.7863, 12.1568 ], [ 29.7596, 12.1024 ], [ 29.7527, 12.0653 ], [ 29.7652, 12.0355 ], [ 29.7842, 12.0126 ], [ 29.7751, 11.9919 ], [ 29.798, 11.9556 ], [ 29.7984, 11.9499 ], [ 29.782, 11.9374 ], [ 29.7315, 11.9741 ], [ 29.7194, 11.9797 ], [ 29.7117, 11.9922 ], [ 29.7052, 11.9957 ], [ 29.6966, 11.9953 ], [ 29.6888, 11.9897 ], [ 29.6866, 11.9746 ], [ 29.6506, 11.9556 ], [ 29.6356, 11.9431 ], [ 29.6174, 11.9207 ], [ 29.6105, 11.9047 ], [ 29.5356, 11.8516 ], [ 29.5261, 11.843 ], [ 29.5253, 11.8348 ], [ 29.5335, 11.8158 ], [ 29.543, 11.8076 ], [ 29.574, 11.799 ], [ 29.606, 11.8007 ], [ 29.6293, 11.7839 ], [ 29.6349, 11.7692 ], [ 29.6474, 11.7571 ], [ 29.6427, 11.7506 ], [ 29.6176, 11.7493 ], [ 29.6086, 11.7398 ], [ 29.612, 11.7169 ], [ 29.6738, 11.6664 ], [ 29.7126, 11.5938 ], [ 29.7165, 11.5847 ], [ 29.7161, 11.5584 ], [ 29.7195, 11.5422 ], [ 29.7174, 11.5159 ], [ 29.7195, 11.5073 ], [ 29.7268, 11.5016 ], [ 29.7243, 11.4883 ], [ 29.7281, 11.4796 ], [ 29.7329, 11.477 ], [ 29.7303, 11.4671 ], [ 29.7251, 11.4643 ], [ 29.7259, 11.453 ], [ 29.7337, 11.4449 ], [ 29.7461, 11.4457 ], [ 29.7976, 11.4218 ], [ 29.8318, 11.3885 ], [ 29.8402, 11.4062 ], [ 29.898, 11.4886 ], [ 29.9442, 11.565 ], [ 29.9906, 11.6256 ], [ 30.0644, 11.7072 ], [ 30.2195, 11.8272 ], [ 30.3086, 11.9465 ], [ 30.324, 11.9562 ], [ 30.3392, 11.9586 ], [ 30.3463, 11.9681 ], [ 30.3616, 11.9667 ], [ 30.3678, 11.9758 ], [ 30.383, 11.9786 ], [ 30.4227, 11.9954 ], [ 30.4527, 12.0026 ], [ 30.5227, 12.0278 ], [ 30.565, 12.0387 ], [ 30.5721, 12.0448 ], [ 30.5721, 12.069 ], [ 30.5685, 12.0851 ], [ 30.5685, 12.1386 ], [ 30.5632, 12.1457 ], [ 30.565, 12.2082 ], [ 30.5579, 12.218 ], [ 30.5633, 12.2591 ], [ 30.5063, 12.3113 ], [ 30.4497, 12.4503 ], [ 30.4207, 12.4735 ], [ 30.4143, 12.4739 ], [ 30.4161, 12.4727 ], [ 30.338, 12.4348 ], [ 30.322, 12.4318 ], [ 30.2871, 12.3969 ], [ 30.262, 12.3848 ], [ 30.2446, 12.3801 ], [ 30.2254, 12.37 ], [ 30.215, 12.3734 ], [ 30.1702, 12.3609 ], [ 30.1654, 12.3639 ], [ 30.1037, 12.3302 ], [ 30.0903, 12.3281 ], [ 30.0599, 12.3112 ], [ 29.9675, 12.2462 ], [ 29.8902, 12.2113 ], [ 29.876, 12.2127 ], [ 29.7928, 12.1664 ] ] ] } },
{ "type": "Feature", "properties": { "iso3": "SDN", "unit_id": "87320338B58948278543190", "unit_name": "Abu Kershola" }, "geometry": { "type": "Polygon", "coordinates": [ [ [ 30.9201, 11.6196 ], [ 30.913, 11.6625 ], [ 30.9201, 11.6928 ], [ 30.8933, 11.7464 ], [ 30.8951, 11.8552 ], [ 30.904, 11.8927 ], [ 30.9379, 11.9016 ], [ 30.9504, 11.9087 ], [ 30.9576, 11.9177 ], [ 30.954, 11.9587 ], [ 30.9558, 12.0355 ], [ 30.9611, 12.0444 ], [ 30.9736, 12.0515 ], [ 30.9736, 12.0587 ], [ 31.0004, 12.0533 ], [ 31.0147, 12.0622 ], [ 31.0307, 12.0551 ], [ 31.0468, 12.0355 ], [ 31.1036, 12.0547 ], [ 31.1167, 12.0546 ], [ 31.1104, 12.0765 ], [ 31.0949, 12.0886 ], [ 31.092, 12.1053 ], [ 31.086, 12.1106 ], [ 31.0848, 12.1249 ], [ 31.0759, 12.1392 ], [ 31.0521, 12.1606 ], [ 31.0342, 12.1618 ], [ 31.0218, 12.1731 ], [ 31.0224, 12.1814 ], [ 31.0152, 12.1879 ], [ 31.0146, 12.2058 ], [ 31.0206, 12.2165 ], [ 31.0206, 12.2302 ], [ 31.0289, 12.2579 ], [ 31.0289, 12.3233 ], [ 31.0212, 12.3343 ], [ 31.0212, 12.3835 ], [ 30.9585, 12.3815 ], [ 30.9431, 12.3777 ], [ 30.9283, 12.3455 ], [ 30.9193, 12.3415 ], [ 30.8897, 12.3393 ], [ 30.8449, 12.3273 ], [ 30.8113, 12.3149 ], [ 30.7109, 12.2689 ], [ 30.6211, 12.2599 ], [ 30.5915, 12.2599 ], [ 30.5894, 12.2566 ], [ 30.5626, 12.2539 ], [ 30.5579, 12.218 ], [ 30.565, 12.2082 ], [ 30.5632, 12.1457 ], [ 30.5685, 12.1386 ], [ 30.5685, 12.0851 ], [ 30.5846, 11.9441 ], [ 30.5953, 11.9209 ], [ 30.6007, 11.8923 ], [ 30.6239, 11.8299 ], [ 30.6488, 11.7817 ], [ 30.6667, 11.7549 ], [ 30.6738, 11.7371 ], [ 30.672, 11.6821 ], [ 30.6649, 11.675 ], [ 30.6631, 11.6054 ], [ 30.6988, 11.6054 ], [ 30.7309, 11.6 ], [ 30.7595, 11.6089 ], [ 30.7987, 11.6107 ], [ 30.8041, 11.6196 ], [ 30.8523, 11.6214 ], [ 30.863, 11.6089 ], [ 30.8808, 11.6089 ], [ 30.8951, 11.6196 ], [ 30.9201, 11.6196 ] ] ] } },
{ "type": "Feature", "properties": { "iso3": "SDN", "unit_id": "87320338B15230927868320", "unit_name": "Al Leri" }, "geometry": { "type": "Polygon", "coordinates": [ [ [ 30.1063, 10.2217 ], [ 30.5294, 9.9607 ], [ 30.8273, 9.7189 ], [ 30.836, 9.7243 ], [ 30.8613, 9.7302 ], [ 30.8926, 9.7486 ], [ 31.1808, 9.7497 ], [ 31.2591, 9.7561 ], [ 31.2887, 9.7615 ], [ 31.3146, 9.7723 ], [ 31.3519, 9.8031 ], [ 31.4237, 9.8954 ], [ 31.4441, 9.8969 ], [ 31.3168, 9.981 ], [ 31.3057, 9.9845 ], [ 31.2969, 9.9962 ], [ 31.2683, 10.012 ], [ 31.2624, 10.0207 ], [ 31.2642, 10.0383 ], [ 31.2572, 10.047 ], [ 31.2578, 10.0862 ], [ 31.2513, 10.0967 ], [ 31.2537, 10.13 ], [ 31.2467, 10.1458 ], [ 31.2481, 10.1659 ], [ 31.2405, 10.1805 ], [ 31.2364, 10.1997 ], [ 31.2289, 10.2108 ], [ 31.2224, 10.2371 ], [ 31.1973, 10.2868 ], [ 31.1774, 10.3226 ], [ 31.164, 10.3395 ], [ 31.1424, 10.3547 ], [ 31.129, 10.3553 ], [ 31.1032, 10.3629 ], [ 31.0772, 10.3971 ], [ 31.0591, 10.4234 ], [ 31.0451, 10.4614 ], [ 31.0293, 10.4924 ], [ 31.0282, 10.5059 ], [ 30.9639, 10.607 ], [ 30.9546, 10.6151 ], [ 30.9195, 10.6163 ], [ 30.8614, 10.59 ], [ 30.8109, 10.5593 ], [ 30.7382, 10.5272 ], [ 30.7168, 10.5132 ], [ 30.5905, 10.4507 ], [ 30.5311, 10.3912 ], [ 30.4133, 10.3341 ], [ 30.3062, 10.2865 ], [ 30.1146, 10.2294 ], [ 30.1063, 10.2217 ] ] ] } },
{ "type": "Feature", "properties": { "iso3": "SDN", "unit_id": "87320338B76683416272541", "unit_name": "At Tadamon - SK" }, "geometry": { "type": "Polygon", "coordinates": [ [ [ 32.0981, 11.9753 ], [ 32.0065, 12.0635 ], [ 31.9101, 12.1623 ], [ 31.8221, 12.1599 ], [ 31.8067, 12.2087 ], [ 31.7685, 12.3063 ], [ 31.7329, 12.4205 ], [ 31.6983, 12.5157 ], [ 31.6889, 12.5465 ], [ 31.6899, 12.5715 ], [ 31.6821, 12.6 ], [ 31.6815, 12.5906 ], [ 31.6684, 12.5709 ], [ 31.6523, 12.5257 ], [ 31.6428, 12.5144 ], [ 31.6398, 12.5007 ], [ 31.6285, 12.4811 ], [ 31.6154, 12.446 ], [ 31.6065, 12.4323 ], [ 31.6053, 12.4204 ], [ 31.5976, 12.4044 ], [ 31.5916, 12.4002 ], [ 31.591, 12.3853 ], [ 31.5845, 12.3768 ], [ 31.5827, 12.3607 ], [ 31.569, 12.3411 ], [ 31.5565, 12.331 ], [ 31.5506, 12.3119 ], [ 31.5423, 12.2976 ], [ 31.5429, 12.2911 ], [ 31.5369, 12.2846 ], [ 31.5351, 12.2732 ], [ 31.5238, 12.2477 ], [ 31.5214, 12.2298 ], [ 31.4893, 12.1406 ], [ 31.4887, 12.1352 ], [ 31.4988, 12.1079 ], [ 31.4899, 12.1025 ], [ 31.4661, 12.1049 ], [ 31.4578, 12.1024 ], [ 31.4304, 12.0471 ], [ 31.4179, 12.0304 ], [ 31.406, 12.0025 ], [ 31.4078, 11.9882 ], [ 31.4138, 11.9787 ], [ 31.4132, 11.9644 ], [ 31.409, 11.9537 ], [ 31.3912, 11.9525 ], [ 31.3662, 11.9454 ], [ 31.3549, 11.9388 ], [ 31.3436, 11.921 ], [ 31.321, 11.8966 ], [ 31.3239, 11.846 ], [ 31.3192, 11.8359 ], [ 31.3144, 11.8341 ], [ 31.3144, 11.8157 ], [ 31.3091, 11.8062 ], [ 31.3049, 11.8056 ], [ 31.3057, 11.7927 ], [ 31.3164, 11.7653 ], [ 31.4021, 11.7677 ], [ 31.4163, 11.7737 ], [ 31.4711, 11.7737 ], [ 31.4996, 11.7546 ], [ 31.5175, 11.7523 ], [ 31.5294, 11.7725 ], [ 31.5424, 11.7856 ], [ 31.5532, 11.8051 ], [ 31.565, 11.8562 ], [ 31.571, 11.8646 ], [ 31.5948, 11.8539 ], [ 31.6055, 11.8539 ], [ 31.6471, 11.836 ], [ 31.6721, 11.811 ], [ 31.6828, 11.7896 ], [ 31.7102, 11.8051 ], [ 31.7447, 11.8051 ], [ 31.7578, 11.8098 ], [ 31.7863, 11.811 ], [ 31.7947, 11.8194 ], [ 31.8101, 11.817 ], [ 31.8244, 11.8229 ], [ 31.8434, 11.8206 ], [ 31.8553, 11.8253 ], [ 31.8851, 11.8253 ], [ 31.8982, 11.8336 ], [ 31.9124, 11.8313 ], [ 31.9172, 11.8396 ], [ 32.0981, 11.9753 ] ] ] } },
{ "type": "Feature", "properties": { "iso3": "SDN", "unit_id": "87320338B82742834174931", "unit_name": "Delami" }, "geometry": { "type": "Polygon", "coordinates": [ [ [ 30.6631, 11.6054 ], [ 30.6649, 11.675 ], [ 30.672, 11.6821 ], [ 30.6738, 11.7371 ], [ 30.6667, 11.7549 ], [ 30.6488, 11.7817 ], [ 30.6239, 11.8299 ], [ 30.6007, 11.8923 ], [ 30.5953, 11.9209 ], [ 30.5846, 11.9441 ], [ 30.5775, 12.0208 ], [ 30.5721, 12.0448 ], [ 30.565, 12.0387 ], [ 30.5227, 12.0278 ], [ 30.4527, 12.0026 ], [ 30.4227, 11.9954 ], [ 30.383, 11.9786 ], [ 30.3678, 11.9758 ], [ 30.3616, 11.9667 ], [ 30.3463, 11.9681 ], [ 30.3392, 11.9586 ], [ 30.324, 11.9562 ], [ 30.3086, 11.9465 ], [ 30.2195, 11.8272 ], [ 30.0644, 11.7072 ], [ 29.9906, 11.6256 ], [ 29.9442, 11.565 ], [ 29.898, 11.4886 ], [ 29.8402, 11.4062 ], [ 29.8318, 11.3885 ], [ 29.8568, 11.375 ], [ 29.8761, 11.3832 ], [ 29.8914, 11.3816 ], [ 29.9043, 11.388 ], [ 29.9183, 11.3861 ], [ 29.9268, 11.3931 ], [ 29.9649, 11.4001 ], [ 30.0476, 11.397 ], [ 30.1549, 11.355 ], [ 30.1776, 11.349 ], [ 30.282, 11.2897 ], [ 30.2902, 11.3095 ], [ 30.3388, 11.3784 ], [ 30.3448, 11.4094 ], [ 30.3513, 11.4166 ], [ 30.3855, 11.4276 ], [ 30.3984, 11.4244 ], [ 30.4073, 11.4312 ], [ 30.4691, 11.4448 ], [ 30.4848, 11.4444 ], [ 30.4976, 11.4512 ], [ 30.6354, 11.4801 ], [ 30.6489, 11.488 ], [ 30.6697, 11.4928 ], [ 30.6725, 11.5223 ], [ 30.6658, 11.5309 ], [ 30.6631, 11.6054 ] ] ] } },
{ "type": "Feature", "properties": { "iso3": "SDN", "unit_id": "87320338B24946819727112", "unit_name": "Ghadeer" }, "geometry": { "type": "Polygon", "coordinates": [ [ [ 30.7558, 11.3834 ], [ 30.7548, 11.2554 ], [ 30.7507, 11.2461 ], [ 30.7512, 11.0691 ], [ 30.7442, 11.0627 ], [ 30.7419, 11.0124 ], [ 30.7366, 10.9984 ], [ 30.7343, 10.9785 ], [ 30.7279, 10.9657 ], [ 30.722, 10.9265 ], [ 30.7086, 10.8985 ], [ 30.7086, 10.878 ], [ 30.7028, 10.8693 ], [ 30.7011, 10.8595 ], [ 30.7215, 10.7912 ], [ 30.7373, 10.7626 ], [ 30.7782, 10.6691 ], [ 30.822, 10.6247 ], [ 30.8237, 10.6165 ], [ 30.8413, 10.5996 ], [ 30.8535, 10.5908 ], [ 30.8614, 10.59 ], [ 30.9195, 10.6163 ], [ 30.9546, 10.6151 ], [ 30.9639, 10.607 ], [ 31.0282, 10.5059 ], [ 31.0293, 10.4924 ], [ 31.0451, 10.4614 ], [ 31.0591, 10.4234 ], [ 31.0772, 10.3971 ], [ 31.1032, 10.3629 ], [ 31.129, 10.3553 ], [ 31.1424, 10.3547 ], [ 31.164, 10.3395 ], [ 31.1774, 10.3226 ], [ 31.1973, 10.2868 ], [ 31.2224, 10.2371 ], [ 31.2289, 10.2108 ], [ 31.2364, 10.1997 ], [ 31.2405, 10.1805 ], [ 31.2481, 10.1659 ], [ 31.2467, 10.1458 ], [ 31.2537, 10.13 ], [ 31.2513, 10.0967 ], [ 31.2578, 10.0862 ], [ 31.2572, 10.047 ], [ 31.2642, 10.0383 ], [ 31.2624, 10.0207 ], [ 31.2683, 10.012 ], [ 31.2969, 9.9962 ], [ 31.3057, 9.9845 ], [ 31.3168, 9.981 ], [ 31.4441, 9.8969 ], [ 31.52, 9.9911 ], [ 31.5386, 10.0037 ], [ 31.5239, 10.0442 ], [ 31.5268, 10.054 ], [ 31.5134, 10.0632 ], [ 31.5153, 10.1089 ], [ 31.5058, 10.1584 ], [ 31.4973, 10.1736 ], [ 31.4839, 10.2403 ], [ 31.4782, 10.2555 ], [ 31.4697, 10.266 ], [ 31.4639, 10.2869 ], [ 31.4563, 10.3649 ], [ 31.4506, 10.3802 ], [ 31.4397, 10.4738 ], [ 31.4197, 10.5014 ], [ 31.3397, 10.5595 ], [ 31.2826, 10.5947 ], [ 31.2645, 10.6347 ], [ 31.2769, 10.6547 ], [ 31.2788, 10.6813 ], [ 31.3235, 10.8203 ], [ 31.3292, 10.849 ], [ 31.3283, 10.8738 ], [ 31.335, 10.8833 ], [ 31.3359, 10.9023 ], [ 31.2902, 11.0156 ], [ 31.2721, 11.047 ], [ 31.2645, 11.0679 ], [ 31.205, 11.1075 ], [ 31.1755, 11.1418 ], [ 31.1298, 11.1542 ], [ 31.088, 11.1837 ], [ 31.0784, 11.1951 ], [ 31.0627, 11.2463 ], [ 31.0466, 11.2739 ], [ 31.0009, 11.2948 ], [ 30.7924, 11.3529 ], [ 30.7705, 11.3615 ], [ 30.7591, 11.3738 ], [ 30.7558, 11.3834 ] ] ] } },
{ "type": "Feature", "properties": { "iso3": "SDN", "unit_id": "87320338B1382966936658", "unit_name": "Baw" }, "geometry": { "type": "Polygon", "coordinates": [ [ [ 34.384, 11.2917 ], [ 34.3819, 11.3475 ], [ 34.3748, 11.3764 ], [ 34.3726, 11.4221 ], [ 34.3594, 11.4621 ], [ 34.3394, 11.49 ], [ 34.2848, 11.6032 ], [ 34.2806, 11.6338 ], [ 34.2721, 11.6461 ], [ 34.2246, 11.6718 ], [ 34.2174, 11.6814 ], [ 34.1729, 11.6832 ], [ 34.126, 11.6025 ], [ 34.0353, 11.5355 ], [ 33.983, 11.5654 ], [ 33.7684, 11.4735 ], [ 33.757, 11.4846 ], [ 33.7379, 11.4769 ], [ 33.6585, 11.4232 ], [ 33.2869, 10.9604 ], [ 33.2499, 10.9182 ], [ 33.2657, 10.8292 ], [ 33.219, 10.735 ], [ 33.4827, 10.6579 ], [ 33.498, 10.6403 ], [ 33.5573, 10.6445 ], [ 33.7835, 10.7493 ], [ 33.8477, 10.7711 ], [ 34.0039, 10.7814 ], [ 34.0475, 10.7775 ], [ 33.9727, 10.9307 ], [ 33.9166, 11.0017 ], [ 33.9768, 11.0337 ], [ 34.0006, 11.1305 ], [ 34.0507, 11.1347 ], [ 34.069, 11.1533 ], [ 34.1579, 11.1707 ], [ 34.1851, 11.1959 ], [ 34.2161, 11.2009 ], [ 34.2648, 11.2259 ], [ 34.3017, 11.2535 ], [ 34.3081, 11.2687 ], [ 34.3167, 11.2612 ], [ 34.3278, 11.2689 ], [ 34.384, 11.2917 ] ] ] } },
{ "type": "Feature", "properties": { "iso3": "SDN", "unit_id": "87320338B92308094232357", "unit_name": "Ed Damazine" }, "geometry": { "type": "Polygon", "coordinates": [ [ [ 34.258, 11.652 ], [ 34.2712, 11.6621 ], [ 34.276, 11.6783 ], [ 34.306, 11.7253 ], [ 34.3231, 11.773 ], [ 34.3404, 11.7607 ], [ 34.362, 11.7574 ], [ 34.3952, 11.776 ], [ 34.3889, 11.7959 ], [ 34.3803, 11.8105 ], [ 34.3774, 11.8463 ], [ 34.3695, 11.8715 ], [ 34.3627, 11.9123 ], [ 34.3634, 11.9311 ], [ 34.3574, 11.9391 ], [ 34.3538, 11.9518 ], [ 34.3513, 11.9825 ], [ 34.3411, 11.9881 ], [ 34.334, 11.9995 ], [ 34.3334, 12.0204 ], [ 34.3146, 12.0614 ], [ 34.3135, 12.0718 ], [ 34.3207, 12.1062 ], [ 34.309, 12.137 ], [ 34.3186, 12.1557 ], [ 34.3585, 12.2072 ], [ 34.3603, 12.2324 ], [ 34.3504, 12.2567 ], [ 34.3596, 12.2802 ], [ 34.3532, 12.3083 ], [ 34.363, 12.3427 ], [ 34.3585, 12.374 ], [ 34.346, 12.3889 ], [ 34.3212, 12.4032 ], [ 34.3148, 12.404 ], [ 34.3182, 12.4169 ], [ 34.316, 12.4303 ], [ 34.2908, 12.4514 ], [ 34.2783, 12.4559 ], [ 34.2583, 12.4551 ], [ 34.2503, 12.4607 ], [ 34.2323, 12.4649 ], [ 34.2227, 12.4602 ], [ 34.2215, 12.4513 ], [ 34.1913, 12.4157 ], [ 34.1515, 12.3439 ], [ 34.1265, 12.3271 ], [ 34.0931, 12.2953 ], [ 34.0865, 12.2817 ], [ 34.0726, 12.2659 ], [ 34.0279, 12.2265 ], [ 34.2238, 11.9048 ], [ 34.1225, 11.6979 ], [ 34.1618, 11.6643 ], [ 34.1729, 11.6832 ], [ 34.2174, 11.6814 ], [ 34.2246, 11.6718 ], [ 34.258, 11.652 ] ] ] } },
{ "type": "Feature", "properties": { "iso3": "SDN", "unit_id": "87320338B3042287144414", "unit_name": "Al Kurmuk" }, "geometry": { "type": "Polygon", "coordinates": [ [ [ 33.498, 10.6403 ], [ 33.6678, 10.4414 ], [ 33.7939, 10.3376 ], [ 33.8106, 10.3058 ], [ 33.9015, 10.1616 ], [ 33.9509, 10.162 ], [ 33.9662, 10.1539 ], [ 33.97, 10.1482 ], [ 33.9714, 10.1406 ], [ 33.9666, 10.1268 ], [ 33.9709, 10.093 ], [ 33.9957, 10.0621 ], [ 33.9923, 10.0421 ], [ 33.9995, 9.9998 ], [ 33.9938, 9.9883 ], [ 33.9881, 9.9607 ], [ 33.9933, 9.9293 ], [ 33.9928, 9.9108 ], [ 33.9771, 9.8803 ], [ 33.9766, 9.8618 ], [ 33.9686, 9.837 ], [ 33.9662, 9.8242 ], [ 33.9686, 9.8132 ], [ 33.9652, 9.8027 ], [ 33.9443, 9.7742 ], [ 33.9243, 9.7666 ], [ 33.9205, 9.7618 ], [ 33.9067, 9.699 ], [ 33.8986, 9.68 ], [ 33.8877, 9.6238 ], [ 33.8867, 9.5972 ], [ 33.8877, 9.5462 ], [ 33.8995, 9.4986 ], [ 34.1127, 9.4986 ], [ 34.1087, 9.5665 ], [ 34.1716, 9.7783 ], [ 34.2249, 9.8992 ], [ 34.2215, 9.9363 ], [ 34.2429, 10.0533 ], [ 34.3367, 10.1162 ], [ 34.3338, 10.1428 ], [ 34.3481, 10.1704 ], [ 34.3434, 10.1914 ], [ 34.3495, 10.2156 ], [ 34.3005, 10.3969 ], [ 34.3119, 10.4407 ], [ 34.3096, 10.4612 ], [ 34.2862, 10.533 ], [ 34.3029, 10.5583 ], [ 34.3039, 10.5696 ], [ 34.3, 10.5749 ], [ 34.3024, 10.5787 ], [ 34.3976, 10.6753 ], [ 34.468, 10.8095 ], [ 34.5108, 10.8394 ], [ 34.5092, 10.9983 ], [ 34.5259, 10.9999 ], [ 34.5773, 11.1376 ], [ 34.6244, 11.2854 ], [ 34.384, 11.2917 ], [ 34.3278, 11.2689 ], [ 34.3167, 11.2612 ], [ 34.3081, 11.2687 ], [ 34.3017, 11.2535 ], [ 34.2648, 11.2259 ], [ 34.2161, 11.2009 ], [ 34.1851, 11.1959 ], [ 34.1579, 11.1707 ], [ 34.069, 11.1533 ], [ 34.0507, 11.1347 ], [ 34.0006, 11.1305 ], [ 33.9768, 11.0337 ], [ 33.9166, 11.0017 ], [ 33.9727, 10.9307 ], [ 34.0475, 10.7775 ], [ 34.0039, 10.7814 ], [ 33.8477, 10.7711 ], [ 33.7835, 10.7493 ], [ 33.5573, 10.6445 ], [ 33.498, 10.6403 ] ] ] } },
{ "type": "Feature", "properties": { "iso3": "SDN", "unit_id": "87320338B79617007738987", "unit_name": "Ar Rusayris" }, "geometry": { "type": "Polygon", "coordinates": [ [ [ 34.3952, 11.776 ], [ 34.4226, 11.7696 ], [ 34.443, 11.7722 ], [ 34.4598, 11.7901 ], [ 34.6378, 11.841 ], [ 34.7031, 11.8783 ], [ 34.7502, 11.8996 ], [ 34.9187, 11.9523 ], [ 34.8949, 12.0195 ], [ 34.8635, 12.1539 ], [ 34.8473, 12.2059 ], [ 34.8473, 12.2201 ], [ 34.8135, 12.3479 ], [ 34.7845, 12.4219 ], [ 34.7043, 12.4691 ], [ 34.6879, 12.4919 ], [ 34.6727, 12.4983 ], [ 34.6565, 12.5125 ], [ 34.6403, 12.5179 ], [ 34.6175, 12.5145 ], [ 34.5687, 12.5243 ], [ 34.5285, 12.5341 ], [ 34.5123, 12.5439 ], [ 34.4949, 12.5417 ], [ 34.4657, 12.5579 ], [ 34.4505, 12.5623 ], [ 34.4385, 12.5519 ], [ 34.4359, 12.5381 ], [ 34.4239, 12.5267 ], [ 34.3669, 12.4911 ], [ 34.2908, 12.4514 ], [ 34.316, 12.4303 ], [ 34.3182, 12.4169 ], [ 34.3148, 12.404 ], [ 34.3212, 12.4032 ], [ 34.3532, 12.3821 ], [ 34.3585, 12.374 ], [ 34.3612, 12.3573 ], [ 34.3617, 12.333 ], [ 34.3551, 12.3216 ], [ 34.3532, 12.3083 ], [ 34.3596, 12.2802 ], [ 34.3504, 12.2567 ], [ 34.3603, 12.2324 ], [ 34.3585, 12.2072 ], [ 34.3186, 12.1557 ], [ 34.309, 12.137 ], [ 34.3207, 12.1062 ], [ 34.3135, 12.0718 ], [ 34.3146, 12.0614 ], [ 34.3334, 12.0204 ], [ 34.334, 11.9995 ], [ 34.3411, 11.9881 ], [ 34.3513, 11.9825 ], [ 34.3538, 11.9518 ], [ 34.3574, 11.9391 ], [ 34.3634, 11.9311 ], [ 34.3627, 11.9123 ], [ 34.3695, 11.8715 ], [ 34.3774, 11.8463 ], [ 34.3803, 11.8105 ], [ 34.3889, 11.7959 ], [ 34.3952, 11.776 ] ] ] } },
{ "type": "Feature", "properties": { "iso3": "SDN", "unit_id": "87320338B68423294420970", "unit_name": "At Tadamon - BN" }, "geometry": { "type": "Polygon", "coordinates": [ [ [ 34.1618, 11.6643 ], [ 34.1225, 11.6979 ], [ 34.2238, 11.9048 ], [ 34.0279, 12.2265 ], [ 33.9875, 12.2051 ], [ 33.9391, 12.1709 ], [ 33.8595, 12.1501 ], [ 33.7413, 12.0829 ], [ 33.6033, 11.9925 ], [ 33.5749, 11.9861 ], [ 33.3871, 11.8715 ], [ 33.2903, 11.8059 ], [ 33.2635, 11.7955 ], [ 33.1747, 11.7406 ], [ 33.1405, 11.6281 ], [ 33.1677, 11.4785 ], [ 33.1742, 11.3861 ], [ 33.2385, 11.0029 ], [ 33.2352, 10.9972 ], [ 33.2499, 10.9182 ], [ 33.2869, 10.9604 ], [ 33.6585, 11.4232 ], [ 33.7379, 11.4769 ], [ 33.757, 11.4846 ], [ 33.7684, 11.4735 ], [ 33.983, 11.5654 ], [ 34.0353, 11.5355 ], [ 34.126, 11.6025 ], [ 34.1618, 11.6643 ] ] ] } },
{ "type": "Feature", "properties": { "iso3": "SDN", "unit_id": "87320338B19499534603370", "unit_name": "Geisan" }, "geometry": { "type": "Polygon", "coordinates": [ [ [ 34.384, 11.2917 ], [ 34.6244, 11.2854 ], [ 34.5773, 11.1376 ], [ 34.5259, 10.9999 ], [ 34.5092, 10.9983 ], [ 34.5108, 10.8394 ], [ 34.6027, 10.9033 ], [ 34.7112, 10.8076 ], [ 34.7574, 10.7496 ], [ 34.765, 10.7462 ], [ 34.795, 10.7491 ], [ 34.7893, 10.7377 ], [ 34.7859, 10.7177 ], [ 34.7764, 10.7053 ], [ 34.7778, 10.702 ], [ 34.7902, 10.7034 ], [ 34.8197, 10.7343 ], [ 34.8392, 10.7367 ], [ 34.8602, 10.7481 ], [ 34.8654, 10.7543 ], [ 34.8692, 10.7962 ], [ 34.9768, 10.8838 ], [ 34.9801, 10.8919 ], [ 34.9801, 10.9052 ], [ 34.9691, 10.9199 ], [ 34.9658, 10.9414 ], [ 34.9525, 10.9433 ], [ 34.9734, 11.0475 ], [ 35.0087, 11.186 ], [ 34.9701, 11.2297 ], [ 34.9392, 11.2359 ], [ 34.9367, 11.2416 ], [ 34.9192, 11.2426 ], [ 34.8984, 11.2496 ], [ 34.8769, 11.2403 ], [ 34.8445, 11.2516 ], [ 34.8162, 11.253 ], [ 34.8026, 11.2601 ], [ 34.7913, 11.2709 ], [ 34.7835, 11.2857 ], [ 34.754, 11.2991 ], [ 34.6945, 11.3576 ], [ 34.6872, 11.3666 ], [ 34.6861, 11.38 ], [ 34.6783, 11.3954 ], [ 34.6441, 11.4114 ], [ 34.6123, 11.4218 ], [ 34.5782, 11.4514 ], [ 34.5596, 11.4603 ], [ 34.5211, 11.5063 ], [ 34.5098, 11.5145 ], [ 34.4951, 11.5441 ], [ 34.4633, 11.5574 ], [ 34.447, 11.5708 ], [ 34.4425, 11.5863 ], [ 34.4203, 11.593 ], [ 34.404, 11.6152 ], [ 34.3891, 11.6634 ], [ 34.3921, 11.699 ], [ 34.4173, 11.716 ], [ 34.4158, 11.7405 ], [ 34.4188, 11.7538 ], [ 34.4314, 11.7605 ], [ 34.443, 11.7722 ], [ 34.4226, 11.7696 ], [ 34.3952, 11.776 ], [ 34.362, 11.7574 ], [ 34.3542, 11.7573 ], [ 34.3404, 11.7607 ], [ 34.3231, 11.773 ], [ 34.306, 11.7253 ], [ 34.276, 11.6783 ], [ 34.2712, 11.6621 ], [ 34.258, 11.652 ], [ 34.2721, 11.6461 ], [ 34.2806, 11.6338 ], [ 34.2848, 11.6032 ], [ 34.3394, 11.49 ], [ 34.3594, 11.4621 ], [ 34.3726, 11.4221 ], [ 34.3748, 11.3764 ], [ 34.3819, 11.3475 ], [ 34.384, 11.2917 ] ] ] } },
{ "type": "Feature", "properties": { "iso3": "SDN", "unit_id": "87320338B98914800255719", "unit_name": "Wad Al Mahi" }, "geometry": { "type": "Polygon", "coordinates": [ [ [ 34.4598, 11.7901 ], [ 34.4314, 11.7605 ], [ 34.4188, 11.7538 ], [ 34.4158, 11.7405 ], [ 34.4173, 11.716 ], [ 34.3921, 11.699 ], [ 34.3891, 11.6634 ], [ 34.404, 11.6152 ], [ 34.4203, 11.593 ], [ 34.4425, 11.5863 ], [ 34.447, 11.5708 ], [ 34.4633, 11.5574 ], [ 34.4951, 11.5441 ], [ 34.5098, 11.5145 ], [ 34.5211, 11.5063 ], [ 34.5596, 11.4603 ], [ 34.5782, 11.4514 ], [ 34.6123, 11.4218 ], [ 34.6441, 11.4114 ], [ 34.6783, 11.3954 ], [ 34.6861, 11.38 ], [ 34.6872, 11.3666 ], [ 34.6945, 11.3576 ], [ 34.754, 11.2991 ], [ 34.7835, 11.2857 ], [ 34.7913, 11.2709 ], [ 34.8026, 11.2601 ], [ 34.8162, 11.253 ], [ 34.8445, 11.2516 ], [ 34.8769, 11.2403 ], [ 34.8984, 11.2496 ], [ 34.9192, 11.2426 ], [ 34.9367, 11.2416 ], [ 34.9544, 11.2507 ], [ 34.9553, 11.2607 ], [ 34.9706, 11.2845 ], [ 34.992, 11.3411 ], [ 35.0529, 11.4272 ], [ 35.0605, 11.471 ], [ 35.0862, 11.5315 ], [ 35.0905, 11.6452 ], [ 35.0677, 11.6742 ], [ 35.064, 11.6862 ], [ 35.0681, 11.6966 ], [ 35.0506, 11.7395 ], [ 34.9631, 11.8849 ], [ 34.9187, 11.9523 ], [ 34.7502, 11.8996 ], [ 34.7031, 11.8783 ], [ 34.6378, 11.841 ], [ 34.4598, 11.7901 ] ] ] } },
{ "type": "Feature", "properties": { "iso3": "SDN", "unit_id": "87320338B11847994289384", "unit_name": "Ad Diwaim" }, "geometry": { "type": "Polygon", "coordinates": [ [ [ 32.1296, 14.3689 ], [ 32.1083, 14.3743 ], [ 32.0291, 14.3387 ], [ 32.0181, 14.2657 ], [ 32.0099, 14.2473 ], [ 31.9627, 14.2575 ], [ 31.8211, 14.3149 ], [ 31.7933, 14.3347 ], [ 31.7597, 14.3765 ], [ 31.7521, 14.3903 ], [ 31.6343, 14.4129 ], [ 31.6101, 14.4137 ], [ 31.5797, 14.4219 ], [ 31.5295, 14.3065 ], [ 31.5351, 14.1696 ], [ 31.5617, 14.0705 ], [ 31.5939, 14.0079 ], [ 31.7865, 13.8725 ], [ 31.8734, 13.6238 ], [ 31.9529, 13.5563 ], [ 31.9509, 13.5305 ], [ 31.9659, 13.5007 ], [ 31.9775, 13.4935 ], [ 32.0167, 13.4979 ], [ 32.0352, 13.4755 ], [ 32.0785, 13.4721 ], [ 32.1271, 13.4809 ], [ 32.1657, 13.4837 ], [ 32.1787, 13.5381 ], [ 32.2033, 13.5481 ], [ 32.2215, 13.5617 ], [ 32.2219, 13.5881 ], [ 32.2129, 13.5925 ], [ 32.2205, 13.6259 ], [ 32.2696, 13.6594 ], [ 32.2716, 13.6793 ], [ 32.3094, 13.6869 ], [ 32.3306, 13.7016 ], [ 32.3565, 13.7053 ], [ 32.3676, 13.6871 ], [ 32.3873, 13.6766 ], [ 32.3937, 13.6671 ], [ 32.4001, 13.6651 ], [ 32.4174, 13.6708 ], [ 32.4313, 13.6664 ], [ 32.4587, 13.6786 ], [ 32.4868, 13.6798 ], [ 32.5007, 13.7284 ], [ 32.4897, 13.7758 ], [ 32.4525, 13.8021 ], [ 32.4025, 13.8223 ], [ 32.384, 13.8223 ], [ 32.3671, 13.85 ], [ 32.3247, 13.8231 ], [ 32.3032, 13.8261 ], [ 32.3025, 13.9193 ], [ 32.3347, 13.9915 ], [ 32.3233, 14.0277 ], [ 32.2231, 14.1708 ], [ 32.2017, 14.2293 ], [ 32.1379, 14.2977 ], [ 32.1447, 14.3154 ], [ 32.1463, 14.3339 ], [ 32.1296, 14.3689 ] ] ] } },
{ "type": "Feature", "properties": { "iso3": "SDN", "unit_id": "87320338B91550057030539", "unit_name": "Um Rimta" }, "geometry": { "type": "Polygon", "coordinates": [ [ [ 32.1296, 14.3689 ], [ 32.1859, 14.4849 ], [ 32.1515, 14.5253 ], [ 32.1615, 14.5757 ], [ 32.1267, 14.6495 ], [ 32.1595, 14.7049 ], [ 32.1533, 14.7317 ], [ 32.1697, 14.7521 ], [ 32.1697, 14.7787 ], [ 32.1985, 14.8055 ], [ 32.2517, 14.8137 ], [ 32.2641, 14.8423 ], [ 32.2599, 14.8895 ], [ 32.2045, 14.8999 ], [ 32.1493, 14.8999 ], [ 32.0917, 14.9141 ], [ 32.0405, 14.9409 ], [ 32.0207, 14.9667 ], [ 31.9543, 14.9669 ], [ 31.9313, 14.8807 ], [ 31.9103, 14.8837 ], [ 31.8941, 14.8825 ], [ 31.8925, 14.8589 ], [ 31.9011, 14.8525 ], [ 31.8785, 14.7573 ], [ 31.7627, 14.6633 ], [ 31.7037, 14.6985 ], [ 31.6927, 14.6945 ], [ 31.6907, 14.6767 ], [ 31.6077, 14.6135 ], [ 31.6017, 14.5995 ], [ 31.6037, 14.5689 ], [ 31.6007, 14.5107 ], [ 31.5875, 14.4397 ], [ 31.5797, 14.4219 ], [ 31.6101, 14.4137 ], [ 31.6343, 14.4129 ], [ 31.7521, 14.3903 ], [ 31.7597, 14.3765 ], [ 31.7933, 14.3347 ], [ 31.8211, 14.3149 ], [ 31.9627, 14.2575 ], [ 32.0099, 14.2473 ], [ 32.0181, 14.2657 ], [ 32.0291, 14.3387 ], [ 32.1083, 14.3743 ], [ 32.1296, 14.3689 ] ] ] } },
{ "type": "Feature", "properties": { "iso3": "SDN", "unit_id": "87320338B86795045777842", "unit_name": "Rabak" }, "geometry": { "type": "Polygon", "coordinates": [ [ [ 32.9115, 13.2629 ], [ 32.9121, 13.2765 ], [ 32.9611, 13.3989 ], [ 32.9659, 13.4803 ], [ 32.9601, 13.5007 ], [ 32.9529, 13.5093 ], [ 32.9589, 13.5245 ], [ 32.9621, 13.5525 ], [ 32.9417, 13.6969 ], [ 32.9215, 13.7035 ], [ 32.9203, 13.7211 ], [ 32.9043, 13.7213 ], [ 32.8995, 13.6879 ], [ 32.8939, 13.6777 ], [ 32.8907, 13.6561 ], [ 32.8683, 13.6345 ], [ 32.8323, 13.5647 ], [ 32.8113, 13.5549 ], [ 32.7911, 13.5827 ], [ 32.7901, 13.5935 ], [ 32.7743, 13.6005 ], [ 32.7589, 13.5999 ], [ 32.7527, 13.6035 ], [ 32.7451, 13.5942 ], [ 32.6769, 13.5849 ], [ 32.6311, 13.5905 ], [ 32.6261, 13.5873 ], [ 32.6177, 13.5727 ], [ 32.6147, 13.5437 ], [ 32.6283, 13.4956 ], [ 32.6283, 13.4449 ], [ 32.6131, 13.4018 ], [ 32.597, 13.3382 ], [ 32.5497, 13.3156 ], [ 32.5777, 13.2741 ], [ 32.5957, 13.2753 ], [ 32.6007, 13.2851 ], [ 32.6067, 13.2816 ], [ 32.6111, 13.2704 ], [ 32.6102, 13.2538 ], [ 32.5984, 13.2377 ], [ 32.6198, 13.2057 ], [ 32.6766, 13.1857 ], [ 32.7499, 13.1486 ], [ 32.7758, 13.1517 ], [ 32.9046, 13.2607 ], [ 32.9115, 13.2629 ] ] ] } },
{ "type": "Feature", "properties": { "iso3": "SDN", "unit_id": "87320338B39184548050963", "unit_name": "Kosti" }, "geometry": { "type": "Polygon", "coordinates": [ [ [ 32.6099, 13.2195 ], [ 32.6054, 13.1613 ], [ 32.6016, 13.1631 ], [ 32.6041, 13.1553 ], [ 32.6113, 13.1482 ], [ 32.6125, 13.1378 ], [ 32.6157, 13.1345 ], [ 32.612, 13.133 ], [ 32.6121, 13.125 ], [ 32.6299, 13.1347 ], [ 32.6348, 13.1408 ], [ 32.6392, 13.1405 ], [ 32.6384, 13.1252 ], [ 32.6588, 13.0981 ], [ 32.6543, 13.0902 ], [ 32.647, 13.0942 ], [ 32.6261, 13.0942 ], [ 32.5898, 13.0821 ], [ 32.5558, 13.0404 ], [ 32.5195, 13.0063 ], [ 32.4861, 12.965 ], [ 32.5335, 12.9139 ], [ 32.6059, 12.8939 ], [ 32.5867, 12.8349 ], [ 32.5389, 12.8635 ], [ 32.4823, 12.8303 ], [ 32.4561, 12.7827 ], [ 32.4705, 12.7509 ], [ 32.4636, 12.7321 ], [ 32.5278, 12.72 ], [ 32.5682, 12.7071 ], [ 32.7262, 12.6402 ], [ 32.785, 12.6365 ], [ 32.7842, 12.6403 ], [ 32.8029, 12.6519 ], [ 32.8113, 12.6627 ], [ 32.8169, 12.6903 ], [ 32.8143, 12.744 ], [ 32.8074, 12.7578 ], [ 32.7927, 12.7676 ], [ 32.7917, 12.7775 ], [ 32.7987, 12.8011 ], [ 32.7889, 12.8159 ], [ 32.7967, 12.8355 ], [ 32.7849, 12.8385 ], [ 32.7769, 12.8522 ], [ 32.774, 12.8778 ], [ 32.8005, 12.8925 ], [ 32.8085, 12.9445 ], [ 32.8164, 12.9662 ], [ 32.8138, 13.03 ], [ 32.8224, 13.0448 ], [ 32.8039, 13.0485 ], [ 32.7962, 13.0572 ], [ 32.7818, 13.0878 ], [ 32.7757, 13.105 ], [ 32.7758, 13.1517 ], [ 32.7499, 13.1486 ], [ 32.6766, 13.1857 ], [ 32.624, 13.2033 ], [ 32.6099, 13.2195 ] ] ] } },
{ "type": "Feature", "properties": { "iso3": "SDN", "unit_id": "87320338B64290449170146", "unit_name": "Tendalti" }, "geometry": { "type": "Polygon", "coordinates": [ [ [ 31.6821, 12.6 ], [ 31.6879, 12.5789 ], [ 31.7789, 12.6313 ], [ 31.8561, 12.6281 ], [ 31.9333, 12.5957 ], [ 32.0889, 12.6207 ], [ 32.2883, 12.7593 ], [ 32.3315, 12.8201 ], [ 32.3761, 12.9073 ], [ 32.3805, 12.9261 ], [ 32.3401, 12.9454 ], [ 32.3392, 13.0242 ], [ 32.3313, 13.0363 ], [ 32.2891, 13.0299 ], [ 32.2795, 13.0314 ], [ 32.2647, 13.0402 ], [ 32.2419, 13.0631 ], [ 32.2397, 13.0985 ], [ 32.2279, 13.1434 ], [ 32.2153, 13.1663 ], [ 32.2006, 13.178 ], [ 32.1771, 13.1847 ], [ 32.1513, 13.1707 ], [ 32.124, 13.1691 ], [ 32.1255, 13.1809 ], [ 32.1343, 13.1949 ], [ 32.1564, 13.2083 ], [ 32.1594, 13.2259 ], [ 32.1542, 13.2413 ], [ 32.1741, 13.3129 ], [ 32.1763, 13.3489 ], [ 32.2014, 13.3681 ], [ 32.2308, 13.4049 ], [ 32.2316, 13.444 ], [ 32.2279, 13.4683 ], [ 32.2919, 13.5743 ], [ 32.2847, 13.5972 ], [ 32.2649, 13.6207 ], [ 32.2696, 13.6594 ], [ 32.2205, 13.6259 ], [ 32.2129, 13.5925 ], [ 32.2219, 13.5881 ], [ 32.2215, 13.5617 ], [ 32.2033, 13.5481 ], [ 32.1787, 13.5381 ], [ 32.1657, 13.4837 ], [ 32.1271, 13.4809 ], [ 32.0785, 13.4721 ], [ 32.0352, 13.4755 ], [ 32.0249, 13.4507 ], [ 32.0235, 13.4161 ], [ 31.9829, 13.3797 ], [ 31.9909, 13.3167 ], [ 32.0163, 13.2615 ], [ 32.0261, 13.2229 ], [ 31.9943, 13.1599 ], [ 31.9703, 13.1617 ], [ 31.9431, 13.1531 ], [ 31.8479, 13.1053 ], [ 31.8337, 13.0835 ], [ 31.7825, 13.0331 ], [ 31.7623, 13.0271 ], [ 31.7413, 13.0111 ], [ 31.7311, 12.9877 ], [ 31.7377, 12.9689 ], [ 31.7361, 12.9537 ], [ 31.7087, 12.9209 ], [ 31.6865, 12.8659 ], [ 31.6957, 12.7761 ], [ 31.6689, 12.7179 ], [ 31.6821, 12.6 ] ] ] } },
{ "type": "Feature", "properties": { "iso3": "SDN", "unit_id": "87320338B78331349875301", "unit_name": "As Salam / Ar Rawat" }, "geometry": { "type": "Polygon", "coordinates": [ [ [ 32.1279, 11.9451 ], [ 32.7414, 11.9469 ], [ 32.7505, 11.9602 ], [ 32.759, 12.0116 ], [ 32.7505, 12.0426 ], [ 32.7519, 12.0606 ], [ 32.7571, 12.0702 ], [ 32.739, 12.1506 ], [ 32.7395, 12.1682 ], [ 32.7462, 12.1996 ], [ 32.7341, 12.2341 ], [ 32.7371, 12.2368 ], [ 32.749, 12.2354 ], [ 32.7611, 12.3077 ], [ 32.7789, 12.3467 ], [ 32.7914, 12.4197 ], [ 32.8074, 12.4678 ], [ 32.8092, 12.5034 ], [ 32.8056, 12.555 ], [ 32.7896, 12.5871 ], [ 32.7908, 12.6091 ], [ 32.785, 12.6365 ], [ 32.7262, 12.6402 ], [ 32.5682, 12.7071 ], [ 32.5278, 12.72 ], [ 32.4636, 12.7321 ], [ 32.4705, 12.7509 ], [ 32.4561, 12.7827 ], [ 32.4823, 12.8303 ], [ 32.5389, 12.8635 ], [ 32.5867, 12.8349 ], [ 32.6059, 12.8939 ], [ 32.5335, 12.9139 ], [ 32.4539, 12.9997 ], [ 32.4257, 13.0183 ], [ 32.418, 12.9679 ], [ 32.4229, 12.9478 ], [ 32.4021, 12.9159 ], [ 32.3805, 12.9261 ], [ 32.3761, 12.9073 ], [ 32.3315, 12.8201 ], [ 32.2883, 12.7593 ], [ 32.0889, 12.6207 ], [ 31.9333, 12.5957 ], [ 31.8561, 12.6281 ], [ 31.7789, 12.6313 ], [ 31.6879, 12.5789 ], [ 31.6889, 12.5465 ], [ 31.6983, 12.5157 ], [ 31.7329, 12.4205 ], [ 31.7685, 12.3063 ], [ 31.8067, 12.2087 ], [ 31.8221, 12.1599 ], [ 31.9101, 12.1623 ], [ 32.1279, 11.9451 ] ] ] } },
{ "type": "Feature", "properties": { "iso3": "SDN", "unit_id": "87320338B26744194137379", "unit_name": "Al Gitaina" }, "geometry": { "type": "Polygon", "coordinates": [ [ [ 32.4824, 15.2253 ], [ 32.4675, 15.2227 ], [ 32.4513, 15.2295 ], [ 32.4433, 15.2227 ], [ 32.4423, 15.2065 ], [ 32.4343, 15.1923 ], [ 32.4353, 15.1841 ], [ 32.3557, 15.1879 ], [ 32.3519, 15.1775 ], [ 32.0429, 15.0509 ], [ 32.0439, 15.0279 ], [ 32.0713, 15.0263 ], [ 32.0721, 14.9871 ], [ 32.0523, 14.9811 ], [ 32.0493, 14.9683 ], [ 32.0207, 14.9667 ], [ 32.0405, 14.9409 ], [ 32.0917, 14.9141 ], [ 32.1493, 14.8999 ], [ 32.2045, 14.8999 ], [ 32.2599, 14.8895 ], [ 32.2641, 14.8423 ], [ 32.2517, 14.8137 ], [ 32.1985, 14.8055 ], [ 32.1697, 14.7787 ], [ 32.1697, 14.7521 ], [ 32.1533, 14.7317 ], [ 32.1595, 14.7049 ], [ 32.1267, 14.6495 ], [ 32.1615, 14.5757 ], [ 32.1515, 14.5253 ], [ 32.1859, 14.4849 ], [ 32.1296, 14.3689 ], [ 32.1463, 14.3339 ], [ 32.1447, 14.3154 ], [ 32.1379, 14.2977 ], [ 32.2017, 14.2293 ], [ 32.2231, 14.1708 ], [ 32.3233, 14.0277 ], [ 32.3347, 13.9915 ], [ 32.3025, 13.9193 ], [ 32.3032, 13.8261 ], [ 32.3247, 13.8231 ], [ 32.3671, 13.85 ], [ 32.384, 13.8223 ], [ 32.4025, 13.8223 ], [ 32.4525, 13.8021 ], [ 32.4897, 13.7758 ], [ 32.5007, 13.7284 ], [ 32.4868, 13.6798 ], [ 32.5281, 13.6299 ], [ 32.5757, 13.5964 ], [ 32.6177, 13.5727 ], [ 32.6261, 13.5873 ], [ 32.6311, 13.5905 ], [ 32.6769, 13.5849 ], [ 32.7451, 13.5942 ], [ 32.7527, 13.6035 ], [ 32.7345, 13.6125 ], [ 32.7349, 13.6265 ], [ 32.7253, 13.6345 ], [ 32.7249, 13.6431 ], [ 32.7161, 13.6549 ], [ 32.7141, 13.6759 ], [ 32.7089, 13.6847 ], [ 32.6811, 13.6883 ], [ 32.6789, 13.7007 ], [ 32.6877, 13.7187 ], [ 32.7159, 13.7441 ], [ 32.7123, 13.7587 ], [ 32.7011, 13.7681 ], [ 32.7033, 13.7783 ], [ 32.6805, 13.8241 ], [ 32.6859, 13.8335 ], [ 32.6735, 13.8389 ], [ 32.6731, 13.8457 ], [ 32.6687, 13.8483 ], [ 32.6675, 13.8539 ], [ 32.6721, 13.8575 ], [ 32.6675, 13.9095 ], [ 32.6335, 13.9095 ], [ 32.6273, 13.9009 ], [ 32.6047, 13.9173 ], [ 32.6097, 13.9271 ], [ 32.5953, 13.9355 ], [ 32.5821, 13.9265 ], [ 32.5517, 13.9537 ], [ 32.5371, 13.9713 ], [ 32.5263, 14.0005 ], [ 32.5363, 14.0315 ], [ 32.5055, 14.0905 ], [ 32.5015, 14.0929 ], [ 32.5029, 14.0953 ], [ 32.4899, 14.1283 ], [ 32.4573, 14.1721 ], [ 32.4485, 14.1977 ], [ 32.4927, 14.2817 ], [ 32.4799, 14.2957 ], [ 32.4727, 14.2985 ], [ 32.4201, 14.4137 ], [ 32.4223, 14.4587 ], [ 32.4141, 14.4629 ], [ 32.4143, 14.4709 ], [ 32.4213, 14.4747 ], [ 32.4111, 14.5239 ], [ 32.3873, 14.5455 ], [ 32.3839, 14.5605 ], [ 32.3559, 14.5819 ], [ 32.3511, 14.5931 ], [ 32.3495, 14.6309 ], [ 32.3535, 14.6491 ], [ 32.3831, 14.6719 ], [ 32.4073, 14.6815 ], [ 32.4557, 14.6761 ], [ 32.4681, 14.6683 ], [ 32.4573, 14.6477 ], [ 32.4691, 14.648 ], [ 32.4993, 14.7205 ], [ 32.5431, 14.7725 ], [ 32.5529, 14.7961 ], [ 32.5655, 14.8495 ], [ 32.5465, 14.9165 ], [ 32.5515, 14.9837 ], [ 32.5417, 14.9875 ], [ 32.5429, 14.9919 ], [ 32.5521, 14.9943 ], [ 32.5623, 15.0391 ], [ 32.5621, 15.0623 ], [ 32.5553, 15.0799 ], [ 32.5301, 15.0981 ], [ 32.5197, 15.1159 ], [ 32.5221, 15.1499 ], [ 32.5397, 15.1943 ], [ 32.4824, 15.2253 ] ] ] } },
{ "type": "Feature", "properties": { "iso3": "SDN", "unit_id": "87320338B51591909877102", "unit_name": "Aj Jabalain" }, "geometry": { "type": "Polygon", "coordinates": [ [ [ 32.7758, 13.1517 ], [ 32.7757, 13.105 ], [ 32.7818, 13.0878 ], [ 32.7962, 13.0572 ], [ 32.8039, 13.0485 ], [ 32.8224, 13.0448 ], [ 32.8138, 13.03 ], [ 32.8164, 12.9662 ], [ 32.8085, 12.9445 ], [ 32.8005, 12.8925 ], [ 32.774, 12.8778 ], [ 32.7769, 12.8522 ], [ 32.7849, 12.8385 ], [ 32.7967, 12.8355 ], [ 32.7889, 12.8159 ], [ 32.7987, 12.8011 ], [ 32.7917, 12.7775 ], [ 32.7927, 12.7676 ], [ 32.8074, 12.7578 ], [ 32.8143, 12.744 ], [ 32.8169, 12.6903 ], [ 32.8113, 12.6627 ], [ 32.8029, 12.6519 ], [ 32.7842, 12.6403 ], [ 32.7908, 12.6091 ], [ 32.7896, 12.5871 ], [ 32.8056, 12.555 ], [ 32.8092, 12.5034 ], [ 32.8074, 12.4678 ], [ 32.7914, 12.4197 ], [ 32.7789, 12.3467 ], [ 32.7611, 12.3077 ], [ 32.749, 12.2354 ], [ 33.023, 12.2269 ], [ 33.2551, 12.2144 ], [ 33.2409, 12.2723 ], [ 33.2269, 12.2721 ], [ 33.2191, 12.3065 ], [ 33.2273, 12.3569 ], [ 33.1897, 12.3943 ], [ 33.1581, 12.4905 ], [ 33.1101, 12.5585 ], [ 33.0679, 12.6509 ], [ 33.0667, 12.6791 ], [ 33.0931, 12.7571 ], [ 33.1311, 12.8209 ], [ 33.1857, 12.9279 ], [ 33.1126, 13.0081 ], [ 33.1153, 13.0175 ], [ 33.1083, 13.042 ], [ 33.1013, 13.0385 ], [ 33.0943, 13.0465 ], [ 33.0595, 13.0407 ], [ 33.0533, 13.0465 ], [ 33.0149, 13.1115 ], [ 33.0791, 13.1471 ], [ 33.0781, 13.1719 ], [ 33.0493, 13.1827 ], [ 32.9893, 13.1583 ], [ 32.9529, 13.2237 ], [ 32.9115, 13.2629 ], [ 32.9046, 13.2607 ], [ 32.7758, 13.1517 ] ] ] } },
{ "type": "Feature", "properties": { "iso3": "SDN", "unit_id": "87320338B99870000137340", "unit_name": "Guli" }, "geometry": { "type": "Polygon", "coordinates": [ [ [ 32.2716, 13.6793 ], [ 32.2649, 13.6207 ], [ 32.2847, 13.5972 ], [ 32.2919, 13.5743 ], [ 32.2279, 13.4683 ], [ 32.2316, 13.444 ], [ 32.2308, 13.4049 ], [ 32.2014, 13.3681 ], [ 32.1763, 13.3489 ], [ 32.1741, 13.3129 ], [ 32.1542, 13.2413 ], [ 32.1594, 13.2259 ], [ 32.1564, 13.2083 ], [ 32.1343, 13.1949 ], [ 32.1255, 13.1809 ], [ 32.124, 13.1691 ], [ 32.1513, 13.1707 ], [ 32.1771, 13.1847 ], [ 32.2006, 13.178 ], [ 32.2153, 13.1663 ], [ 32.2279, 13.1434 ], [ 32.2331, 13.1271 ], [ 32.2397, 13.0985 ], [ 32.2419, 13.0631 ], [ 32.2647, 13.0402 ], [ 32.2795, 13.0314 ], [ 32.2891, 13.0299 ], [ 32.3313, 13.0363 ], [ 32.3392, 13.0242 ], [ 32.3401, 12.9454 ], [ 32.4021, 12.9159 ], [ 32.4229, 12.9478 ], [ 32.418, 12.9679 ], [ 32.4257, 13.0183 ], [ 32.4539, 12.9997 ], [ 32.4861, 12.965 ], [ 32.5195, 13.0063 ], [ 32.5558, 13.0404 ], [ 32.5898, 13.0821 ], [ 32.6261, 13.0942 ], [ 32.647, 13.0942 ], [ 32.6543, 13.0902 ], [ 32.6588, 13.0981 ], [ 32.6384, 13.1252 ], [ 32.6392, 13.1405 ], [ 32.6348, 13.1408 ], [ 32.6299, 13.1347 ], [ 32.6121, 13.125 ], [ 32.611, 13.128 ], [ 32.612, 13.133 ], [ 32.6157, 13.1345 ], [ 32.6125, 13.1378 ], [ 32.6113, 13.1482 ], [ 32.6041, 13.1553 ], [ 32.6016, 13.1631 ], [ 32.6054, 13.1613 ], [ 32.6099, 13.2195 ], [ 32.5984, 13.2377 ], [ 32.6102, 13.2538 ], [ 32.6111, 13.2704 ], [ 32.6067, 13.2816 ], [ 32.6007, 13.2851 ], [ 32.5957, 13.2753 ], [ 32.5777, 13.2741 ], [ 32.5497, 13.3156 ], [ 32.597, 13.3382 ], [ 32.6131, 13.4018 ], [ 32.6283, 13.4449 ], [ 32.6283, 13.4956 ], [ 32.6147, 13.5437 ], [ 32.6177, 13.5727 ], [ 32.5757, 13.5964 ], [ 32.5281, 13.6299 ], [ 32.4868, 13.6798 ], [ 32.4587, 13.6786 ], [ 32.4313, 13.6664 ], [ 32.4174, 13.6708 ], [ 32.4001, 13.6651 ], [ 32.3937, 13.6671 ], [ 32.3873, 13.6766 ], [ 32.3721, 13.6826 ], [ 32.3565, 13.7053 ], [ 32.3306, 13.7016 ], [ 32.3094, 13.6869 ], [ 32.2716, 13.6793 ] ] ] } },
{ "type": "Feature", "properties": { "iso3": "SDN", "unit_id": "87320338B89462390274394", "unit_name": "Dordieb" }, "geometry": { "type": "Polygon", "coordinates": [ [ [ 36.6165, 17.0091 ], [ 36.621, 17.1192 ], [ 36.6339, 17.1784 ], [ 36.5936, 17.2272 ], [ 36.5776, 17.311 ], [ 36.5539, 17.3808 ], [ 36.3989, 17.4514 ], [ 36.3605, 17.6078 ], [ 36.3923, 17.6544 ], [ 36.4388, 17.7459 ], [ 36.4381, 17.8874 ], [ 36.4273, 17.908 ], [ 36.3895, 17.9205 ], [ 36.2456, 17.9562 ], [ 36.1896, 17.9603 ], [ 36.1256, 17.9506 ], [ 36.0152, 17.9856 ], [ 35.982, 18.0151 ], [ 35.3814, 17.8593 ], [ 34.8593, 17.9405 ], [ 34.9179, 17.8569 ], [ 34.9393, 17.8311 ], [ 35.1359, 17.5967 ], [ 35.1763, 17.5585 ], [ 35.3511, 17.4121 ], [ 35.5177, 17.2931 ], [ 35.5881, 17.2465 ], [ 35.6251, 17.2283 ], [ 35.6569, 17.2073 ], [ 36.0831, 17.0211 ], [ 36.1705, 17.0383 ], [ 36.2311, 17.0315 ], [ 36.3351, 17.0313 ], [ 36.4703, 17.0165 ], [ 36.6165, 17.0091 ] ] ] } },
{ "type": "Feature", "properties": { "iso3": "SDN", "unit_id": "87320338B62682779939151", "unit_name": "Port Sudan" }, "geometry": { "type": "Polygon", "coordinates": [ [ [ 37.241, 19.6837 ], [ 37.2376, 19.6939 ], [ 37.1174, 19.6939 ], [ 37.126, 19.4455 ], [ 37.198, 19.3925 ], [ 37.267, 19.3007 ], [ 37.3092, 19.3269 ], [ 37.3087, 19.3298 ], [ 37.3157, 19.3289 ], [ 37.3182, 19.3353 ], [ 37.3201, 19.3308 ], [ 37.3206, 19.3403 ], [ 37.3251, 19.3368 ], [ 37.3261, 19.3502 ], [ 37.3137, 19.3854 ], [ 37.3142, 19.3919 ], [ 37.3112, 19.3983 ], [ 37.3067, 19.4003 ], [ 37.3092, 19.4038 ], [ 37.3072, 19.4211 ], [ 37.2998, 19.4296 ], [ 37.2998, 19.444 ], [ 37.2813, 19.4798 ], [ 37.2909, 19.4698 ], [ 37.2958, 19.4722 ], [ 37.2967, 19.4824 ], [ 37.2823, 19.4978 ], [ 37.2794, 19.5098 ], [ 37.274, 19.5065 ], [ 37.276, 19.512 ], [ 37.2636, 19.5204 ], [ 37.2695, 19.5224 ], [ 37.269, 19.5273 ], [ 37.2457, 19.5556 ], [ 37.2492, 19.568 ], [ 37.2462, 19.575 ], [ 37.2412, 19.5745 ], [ 37.2432, 19.5804 ], [ 37.2373, 19.6003 ], [ 37.2407, 19.6176 ], [ 37.2402, 19.6519 ], [ 37.2366, 19.6564 ], [ 37.2325, 19.656 ], [ 37.2383, 19.6598 ], [ 37.2355, 19.6647 ], [ 37.24, 19.6688 ], [ 37.2381, 19.6748 ], [ 37.241, 19.6837 ] ] ] } },
{ "type": "Feature", "properties": { "iso3": "SDN", "unit_id": "87320338B49879541525824", "unit_name": "Tawkar" }, "geometry": { "type": "Polygon", "coordinates": [ [ [ 38.0824, 18.3687 ], [ 38.0864, 18.384 ], [ 38.0978, 18.397 ], [ 38.1195, 18.4034 ], [ 38.1214, 18.4113 ], [ 38.1141, 18.4178 ], [ 38.0884, 18.4316 ], [ 38.0754, 18.4353 ], [ 38.0656, 18.4443 ], [ 38.0331, 18.4614 ], [ 38.0078, 18.487 ], [ 37.9981, 18.4927 ], [ 37.9924, 18.5074 ], [ 37.9728, 18.5346 ], [ 37.9309, 18.5725 ], [ 37.8705, 18.5993 ], [ 37.8614, 18.5991 ], [ 37.8028, 18.6173 ], [ 37.791, 18.6329 ], [ 37.7699, 18.6496 ], [ 37.7663, 18.6616 ], [ 37.7689, 18.666 ], [ 37.7533, 18.6798 ], [ 37.7452, 18.6822 ], [ 37.7454, 18.6882 ], [ 37.7509, 18.6939 ], [ 37.7397, 18.709 ], [ 37.7283, 18.7111 ], [ 37.7141, 18.7056 ], [ 37.6975, 18.7103 ], [ 37.6809, 18.7185 ], [ 37.6839, 18.724 ], [ 37.6784, 18.727 ], [ 37.6762, 18.7358 ], [ 37.6681, 18.7322 ], [ 37.662, 18.724 ], [ 37.6417, 18.718 ], [ 37.6387, 18.7145 ], [ 37.6308, 18.7185 ], [ 37.6263, 18.7121 ], [ 37.6188, 18.7175 ], [ 37.5735, 18.7091 ], [ 37.5685, 18.7091 ], [ 37.5625, 18.715 ], [ 37.559, 18.7133 ], [ 37.5546, 18.717 ], [ 37.5424, 18.7171 ], [ 37.5333, 18.723 ], [ 37.5236, 18.738 ], [ 37.5028, 18.7486 ], [ 37.1627, 18.7254 ], [ 37.1565, 18.3789 ], [ 37.1485, 18.1762 ], [ 37.018, 18.0439 ], [ 36.8927, 17.8823 ], [ 36.9273, 17.8263 ], [ 36.9669, 17.7158 ], [ 37.0344, 17.5873 ], [ 37.1185, 17.4989 ], [ 37.1324, 17.4337 ], [ 37.1185, 17.3837 ], [ 37.1213, 17.3601 ], [ 37.1016, 17.2804 ], [ 37.0991, 17.2352 ], [ 37.1227, 17.102 ], [ 37.1172, 17.0815 ], [ 37.1199, 17.0713 ], [ 37.1271, 17.0611 ], [ 37.1738, 17.0668 ], [ 37.1966, 17.0659 ], [ 37.2075, 17.0755 ], [ 37.2223, 17.0821 ], [ 37.2494, 17.0773 ], [ 37.2692, 17.0847 ], [ 37.2865, 17.0849 ], [ 37.298, 17.0892 ], [ 37.3075, 17.0973 ], [ 37.3146, 17.098 ], [ 37.3432, 17.0816 ], [ 37.3553, 17.0657 ], [ 37.3809, 17.055 ], [ 37.3946, 17.053 ], [ 37.3989, 17.0585 ], [ 37.4062, 17.0831 ], [ 37.4107, 17.0868 ], [ 37.4112, 17.0973 ], [ 37.4182, 17.1042 ], [ 37.4355, 17.103 ], [ 37.4541, 17.1306 ], [ 37.4573, 17.1413 ], [ 37.4643, 17.1491 ], [ 37.4721, 17.1806 ], [ 37.4798, 17.1891 ], [ 37.505, 17.1951 ], [ 37.5116, 17.2044 ], [ 37.5012, 17.2176 ], [ 37.4907, 17.2239 ], [ 37.494, 17.2367 ], [ 37.5016, 17.2382 ], [ 37.5028, 17.2419 ], [ 37.4988, 17.2485 ], [ 37.4999, 17.2553 ], [ 37.5132, 17.2601 ], [ 37.5159, 17.2681 ], [ 37.5064, 17.281 ], [ 37.499, 17.3092 ], [ 37.5005, 17.3146 ], [ 37.5076, 17.3203 ], [ 37.5116, 17.3338 ], [ 37.5283, 17.3433 ], [ 37.5841, 17.365 ], [ 37.5815, 17.6155 ], [ 37.5971, 17.9917 ], [ 37.6095, 18.1533 ], [ 37.6406, 18.2279 ], [ 37.6593, 18.2559 ], [ 38.0824, 18.3687 ] ] ] } },
{ "type": "Feature", "properties": { "iso3": "SDN", "unit_id": "87320338B37254398318058", "unit_name": "Hala'ib" }, "geometry": { "type": "Polygon", "coordinates": [ [ [ 36.4336, 20.4942 ], [ 36.4262, 20.4701 ], [ 36.421, 20.4127 ], [ 36.4069, 20.3195 ], [ 36.4146, 20.3002 ], [ 36.4358, 20.2867 ], [ 36.4744, 20.277 ], [ 36.4957, 20.2635 ], [ 36.5497, 20.1959 ], [ 36.6173, 20.1477 ], [ 36.6328, 20.1245 ], [ 36.6559, 20.0511 ], [ 36.6681, 20.0406 ], [ 36.7246, 20.0702 ], [ 36.9048, 20.0933 ], [ 36.9306, 20.1654 ], [ 37.049, 20.1422 ], [ 37.1823, 20.0319 ], [ 37.1869, 20.042 ], [ 37.1945, 20.0463 ], [ 37.1989, 20.0531 ], [ 37.2025, 20.0524 ], [ 37.1957, 20.0341 ], [ 37.213, 20.0597 ], [ 37.212, 20.0662 ], [ 37.2168, 20.0757 ], [ 37.2185, 20.0899 ], [ 37.2153, 20.124 ], [ 37.2174, 20.1297 ], [ 37.2081, 20.1774 ], [ 37.2141, 20.179 ], [ 37.2052, 20.2038 ], [ 37.2052, 20.223 ], [ 37.2015, 20.225 ], [ 37.1995, 20.2197 ], [ 37.1934, 20.2164 ], [ 37.1946, 20.2327 ], [ 37.1998, 20.2397 ], [ 37.2036, 20.2319 ], [ 37.206, 20.2429 ], [ 37.2064, 20.2767 ], [ 37.2023, 20.2909 ], [ 37.1929, 20.3064 ], [ 37.1963, 20.3105 ], [ 37.1942, 20.3358 ], [ 37.1914, 20.3358 ], [ 37.1901, 20.3314 ], [ 37.1877, 20.3335 ], [ 37.1937, 20.3577 ], [ 37.189, 20.3712 ], [ 37.2081, 20.397 ], [ 37.2075, 20.4035 ], [ 37.1989, 20.4259 ], [ 37.1911, 20.4363 ], [ 37.1885, 20.4531 ], [ 37.1918, 20.4613 ], [ 37.2025, 20.4658 ], [ 37.2057, 20.4601 ], [ 37.2091, 20.4627 ], [ 37.2178, 20.4636 ], [ 37.2211, 20.4598 ], [ 37.2349, 20.4633 ], [ 37.2346, 20.4775 ], [ 37.2307, 20.4817 ], [ 37.2411, 20.5426 ], [ 37.2372, 20.5666 ], [ 37.2325, 20.5697 ], [ 37.2226, 20.5976 ], [ 37.2082, 20.6174 ], [ 37.2127, 20.6187 ], [ 37.2078, 20.6291 ], [ 37.2075, 20.6513 ], [ 37.2, 20.6601 ], [ 37.1927, 20.6625 ], [ 37.1872, 20.6864 ], [ 37.1799, 20.6869 ], [ 37.1789, 20.692 ], [ 37.1823, 20.6969 ], [ 37.1789, 20.7084 ], [ 37.1837, 20.7299 ], [ 37.177, 20.7463 ], [ 37.1785, 20.7521 ], [ 37.1727, 20.7497 ], [ 37.1808, 20.7602 ], [ 37.1767, 20.7845 ], [ 37.1687, 20.7791 ], [ 37.1763, 20.7876 ], [ 37.1717, 20.8007 ], [ 37.17, 20.7926 ], [ 37.1682, 20.7956 ], [ 37.1718, 20.8456 ], [ 37.1687, 20.8526 ], [ 37.1726, 20.8583 ], [ 37.169, 20.8633 ], [ 37.1682, 20.8886 ], [ 37.1585, 20.8981 ], [ 37.1627, 20.9151 ], [ 37.1585, 20.927 ], [ 37.1543, 20.9248 ], [ 37.1543, 20.9288 ], [ 37.1575, 20.9298 ], [ 37.1557, 20.9333 ], [ 37.1538, 20.9308 ], [ 37.1483, 20.9323 ], [ 37.1555, 20.9356 ], [ 37.1527, 20.943 ], [ 37.1442, 20.9508 ], [ 37.1433, 20.9656 ], [ 37.1328, 20.9783 ], [ 37.1347, 20.9855 ], [ 37.1287, 20.9885 ], [ 37.13, 20.9943 ], [ 37.1173, 21.01 ], [ 37.1109, 21.0114 ], [ 37.1078, 21.0191 ], [ 37.1114, 21.0269 ], [ 37.1084, 21.0311 ], [ 37.0949, 21.0376 ], [ 37.0912, 21.0593 ], [ 37.0936, 21.0605 ], [ 37.0933, 21.0736 ], [ 37.1018, 21.0775 ], [ 37.1136, 21.0689 ], [ 37.1257, 21.0748 ], [ 37.126, 21.0829 ], [ 37.1317, 21.0877 ], [ 37.127, 21.0878 ], [ 37.1255, 21.1027 ], [ 37.1178, 21.1109 ], [ 37.1255, 21.1181 ], [ 37.1291, 21.128 ], [ 37.1195, 21.1373 ], [ 37.1242, 21.1475 ], [ 37.1341, 21.1516 ], [ 37.1351, 21.1548 ], [ 37.1028, 21.1597 ], [ 37.098, 21.1744 ], [ 37.0998, 21.1815 ], [ 37.0975, 21.189 ], [ 37.1091, 21.2017 ], [ 37.1091, 21.2065 ], [ 37.1315, 21.2219 ], [ 37.1468, 21.2242 ], [ 37.1618, 21.2177 ], [ 37.1728, 21.1999 ], [ 37.174, 21.1917 ], [ 37.1598, 21.1668 ], [ 37.1632, 21.1625 ], [ 37.1638, 21.1474 ], [ 37.1735, 21.1455 ], [ 37.1808, 21.1402 ], [ 37.1793, 21.1524 ], [ 37.1817, 21.1595 ], [ 37.1945, 21.1624 ], [ 37.2, 21.1595 ], [ 37.2027, 21.1467 ], [ 37.194, 21.1464 ], [ 37.1973, 21.1399 ], [ 37.1935, 21.138 ], [ 37.1947, 21.1357 ], [ 37.1992, 21.1359 ], [ 37.2024, 21.1321 ], [ 37.2087, 21.1341 ], [ 37.2043, 21.1379 ], [ 37.2048, 21.1424 ], [ 37.211, 21.1439 ], [ 37.2173, 21.143 ], [ 37.2163, 21.139 ], [ 37.2209, 21.1332 ], [ 37.2257, 21.1367 ], [ 37.2357, 21.1374 ], [ 37.2407, 21.121 ], [ 37.234, 21.119 ], [ 37.2335, 21.1065 ], [ 37.2397, 21.1015 ], [ 37.2475, 21.0828 ], [ 37.2572, 21.0713 ], [ 37.2607, 21.0722 ], [ 37.27, 21.064 ], [ 37.2822, 21.0487 ], [ 37.2727, 21.0498 ], [ 37.2802, 21.0442 ], [ 37.2578, 21.0522 ], [ 37.2333, 21.0717 ], [ 37.2182, 21.1027 ], [ 37.2143, 21.0977 ], [ 37.1982, 21.1058 ], [ 37.2109, 21.0894 ], [ 37.2105, 21.0773 ], [ 37.2157, 21.0753 ], [ 37.2404, 21.0245 ], [ 37.2449, 21.0213 ], [ 37.255, 20.9953 ], [ 37.2582, 21.0015 ], [ 37.2554, 21.0166 ], [ 37.2635, 21.0196 ], [ 37.2639, 21.0226 ], [ 37.289, 21.017 ], [ 37.2955, 21.02 ], [ 37.2987, 21.0273 ], [ 37.2947, 21.0272 ], [ 37.2854, 21.0362 ], [ 37.287, 21.0435 ], [ 37.3004, 21.0293 ], [ 37.3146, 21.0564 ], [ 37.3228, 21.0655 ], [ 37.289, 21.0887 ], [ 37.2713, 21.1347 ], [ 37.2554, 21.1487 ], [ 37.2445, 21.1671 ], [ 37.2337, 21.1748 ], [ 37.2153, 21.2002 ], [ 37.1536, 21.2466 ], [ 37.1197, 21.2841 ], [ 37.092, 21.3199 ], [ 37.0928, 21.3244 ], [ 37.0709, 21.3427 ], [ 37.0623, 21.3545 ], [ 37.0556, 21.3567 ], [ 37.0533, 21.3486 ], [ 37.0485, 21.3513 ], [ 37.0458, 21.348 ], [ 37.041, 21.3487 ], [ 37.039, 21.3527 ], [ 37.033, 21.3496 ], [ 37.0272, 21.3534 ], [ 37.028, 21.3429 ], [ 37.022, 21.3333 ], [ 37.0169, 21.3388 ], [ 37.0233, 21.3461 ], [ 37.0197, 21.3514 ], [ 37.0132, 21.346 ], [ 37.0034, 21.3476 ], [ 37.0026, 21.3505 ], [ 37.0069, 21.3538 ], [ 37.0147, 21.3543 ], [ 37.0179, 21.3577 ], [ 37.0135, 21.3599 ], [ 37.0128, 21.3654 ], [ 37.0156, 21.3676 ], [ 37.0258, 21.3579 ], [ 37.0303, 21.3598 ], [ 37.0421, 21.3566 ], [ 37.0446, 21.3502 ], [ 37.0465, 21.3546 ], [ 37.0593, 21.3619 ], [ 37.0261, 21.4071 ], [ 37.0209, 21.4076 ], [ 37.0066, 21.3943 ], [ 37.0047, 21.3967 ], [ 37.018, 21.4143 ], [ 37.0085, 21.4338 ], [ 37.0071, 21.4433 ], [ 36.9961, 21.4523 ], [ 36.988, 21.4795 ], [ 36.9814, 21.4833 ], [ 36.9704, 21.4752 ], [ 36.959, 21.479 ], [ 36.9466, 21.4785 ], [ 36.9585, 21.4904 ], [ 36.9776, 21.4885 ], [ 36.9809, 21.4899 ], [ 36.9809, 21.4947 ], [ 36.9747, 21.5085 ], [ 36.9609, 21.5218 ], [ 36.9614, 21.5275 ], [ 36.9509, 21.5451 ], [ 36.949, 21.5513 ], [ 36.9542, 21.5489 ], [ 36.9552, 21.5599 ], [ 36.9423, 21.5627 ], [ 36.9404, 21.5751 ], [ 36.9262, 21.5842 ], [ 36.9376, 21.5884 ], [ 36.9352, 21.6084 ], [ 36.9262, 21.6079 ], [ 36.9081, 21.598 ], [ 36.9019, 21.598 ], [ 36.9076, 21.6075 ], [ 36.8881, 21.6222 ], [ 36.8957, 21.6237 ], [ 36.9086, 21.6175 ], [ 36.9114, 21.6198 ], [ 36.9205, 21.6175 ], [ 36.9314, 21.6198 ], [ 36.9328, 21.6265 ], [ 36.9205, 21.6489 ], [ 36.9209, 21.6598 ], [ 36.9152, 21.6679 ], [ 36.9176, 21.6779 ], [ 36.9119, 21.6865 ], [ 36.9119, 21.6988 ], [ 36.8752, 21.6908 ], [ 36.8638, 21.6979 ], [ 36.8629, 21.7027 ], [ 36.87, 21.7069 ], [ 36.8814, 21.7036 ], [ 36.9057, 21.7103 ], [ 36.9081, 21.7131 ], [ 36.9052, 21.7222 ], [ 36.9071, 21.725 ], [ 36.9033, 21.7279 ], [ 36.9005, 21.7402 ], [ 36.8967, 21.7417 ], [ 36.8781, 21.7331 ], [ 36.8748, 21.7255 ], [ 36.8676, 21.7207 ], [ 36.8653, 21.7226 ], [ 36.8695, 21.7345 ], [ 36.8538, 21.7322 ], [ 36.8472, 21.7355 ], [ 36.8486, 21.7402 ], [ 36.8619, 21.7512 ], [ 36.8581, 21.7593 ], [ 36.8733, 21.7493 ], [ 36.8805, 21.7564 ], [ 36.891, 21.7583 ], [ 36.8952, 21.756 ], [ 36.8971, 21.7583 ], [ 36.891, 21.7726 ], [ 36.8895, 21.7874 ], [ 36.8691, 21.7907 ], [ 36.88, 21.7955 ], [ 36.8914, 21.794 ], [ 36.8876, 21.805 ], [ 36.8876, 21.833 ], [ 36.8791, 21.8354 ], [ 36.871, 21.8302 ], [ 36.8695, 21.8211 ], [ 36.8472, 21.8093 ], [ 36.8491, 21.8131 ], [ 36.8453, 21.8173 ], [ 36.8572, 21.824 ], [ 36.8624, 21.8335 ], [ 36.861, 21.8364 ], [ 36.8495, 21.8364 ], [ 36.8467, 21.8273 ], [ 36.8353, 21.8311 ], [ 36.8329, 21.8373 ], [ 36.8215, 21.8364 ], [ 36.8305, 21.8473 ], [ 36.8391, 21.8449 ], [ 36.8505, 21.8511 ], [ 36.8595, 21.8459 ], [ 36.8748, 21.8435 ], [ 36.8805, 21.8488 ], [ 36.8742, 21.8727 ], [ 36.869, 21.8798 ], [ 36.859, 21.8837 ], [ 36.8718, 21.9008 ], [ 36.8799, 21.906 ], [ 36.8856, 21.9222 ], [ 36.8823, 21.9298 ], [ 36.8852, 21.9412 ], [ 36.8814, 21.9446 ], [ 36.8747, 21.9427 ], [ 36.8647, 21.9484 ], [ 36.858, 21.9465 ], [ 36.8547, 21.9488 ], [ 36.8566, 21.9546 ], [ 36.8666, 21.9555 ], [ 36.8618, 21.9627 ], [ 36.8514, 21.9574 ], [ 36.8485, 21.9598 ], [ 36.8423, 21.9765 ], [ 36.8433, 21.9803 ], [ 36.8504, 21.9836 ], [ 36.858, 21.9779 ], [ 36.869, 21.9788 ], [ 36.8728, 21.9926 ], [ 36.8909, 22.0093 ], [ 36.8966, 22.0207 ], [ 36.9004, 22.0464 ], [ 36.8961, 22.0616 ], [ 36.888, 22.0607 ], [ 36.868, 22.0754 ], [ 36.8585, 22.0745 ], [ 36.8476, 22.0811 ], [ 36.8419, 22.0811 ], [ 36.82, 22.1121 ], [ 36.8019, 22.1173 ], [ 36.7952, 22.1283 ], [ 36.7957, 22.143 ], [ 36.7795, 22.1563 ], [ 36.7719, 22.1668 ], [ 36.7652, 22.1654 ], [ 36.7681, 22.1611 ], [ 36.7571, 22.1573 ], [ 36.751, 22.1592 ], [ 36.7419, 22.1568 ], [ 36.7205, 22.163 ], [ 36.7253, 22.1659 ], [ 36.7153, 22.1692 ], [ 36.7038, 22.1787 ], [ 36.6986, 22.1916 ], [ 36.6924, 22.1954 ], [ 36.6824, 22.193 ], [ 36.6796, 22.1992 ], [ 36.6753, 22.2001 ], [ 36.6772, 22.203 ], [ 36.652, 22.2201 ], [ 36.6439, 22.2382 ], [ 36.6229, 22.2491 ], [ 36.6149, 22.2596 ], [ 36.5972, 22.2706 ], [ 36.5939, 22.2782 ], [ 36.5792, 22.2872 ], [ 36.5735, 22.2943 ], [ 36.5654, 22.2972 ], [ 36.553, 22.3077 ], [ 36.5468, 22.3077 ], [ 36.5125, 22.3239 ], [ 36.4807, 22.3424 ], [ 36.4711, 22.3419 ], [ 36.4516, 22.3496 ], [ 36.4364, 22.3595 ], [ 36.4207, 22.4024 ], [ 36.4259, 22.4238 ], [ 36.424, 22.4285 ], [ 36.4059, 22.4371 ], [ 36.3959, 22.4328 ], [ 36.3531, 22.4571 ], [ 36.3169, 22.4847 ], [ 36.2941, 22.5133 ], [ 36.2903, 22.5375 ], [ 36.2922, 22.5466 ], [ 36.2874, 22.5575 ], [ 36.2889, 22.5651 ], [ 36.2765, 22.5861 ], [ 36.2679, 22.5899 ], [ 36.2608, 22.6003 ], [ 36.2613, 22.6118 ], [ 36.2513, 22.6122 ], [ 36.2427, 22.6175 ], [ 36.2294, 22.6375 ], [ 36.2146, 22.6437 ], [ 36.2089, 22.6417 ], [ 36.1927, 22.6513 ], [ 36.1965, 22.6527 ], [ 36.1889, 22.6689 ], [ 36.1789, 22.6708 ], [ 36.1742, 22.6617 ], [ 36.1632, 22.6584 ], [ 36.1442, 22.667 ], [ 36.1028, 22.666 ], [ 36.0871, 22.6741 ], [ 36.0685, 22.6784 ], [ 36.0576, 22.6774 ], [ 36.049, 22.6836 ], [ 36.0381, 22.6803 ], [ 36.0428, 22.676 ], [ 36.0376, 22.677 ], [ 36.0305, 22.6841 ], [ 36.0124, 22.6884 ], [ 36.0029, 22.6884 ], [ 36.0005, 22.6851 ], [ 35.9848, 22.6874 ], [ 35.9691, 22.7008 ], [ 35.9624, 22.6946 ], [ 35.9534, 22.6946 ], [ 35.9486, 22.6912 ], [ 35.9457, 22.7027 ], [ 35.9519, 22.705 ], [ 35.9377, 22.7136 ], [ 35.9348, 22.696 ], [ 35.9262, 22.6922 ], [ 35.9229, 22.696 ], [ 35.9315, 22.7108 ], [ 35.9291, 22.715 ], [ 35.9115, 22.7217 ], [ 35.9091, 22.7317 ], [ 35.8991, 22.7331 ], [ 35.8496, 22.7712 ], [ 35.8325, 22.7774 ], [ 35.8096, 22.7969 ], [ 35.8111, 22.8102 ], [ 35.8077, 22.8326 ], [ 35.7987, 22.8545 ], [ 35.7911, 22.853 ], [ 35.7901, 22.8435 ], [ 35.7968, 22.844 ], [ 35.7997, 22.8407 ], [ 35.7987, 22.8302 ], [ 35.7939, 22.8259 ], [ 35.7844, 22.8288 ], [ 35.7725, 22.8388 ], [ 35.7625, 22.8549 ], [ 35.7654, 22.8583 ], [ 35.7806, 22.8588 ], [ 35.7863, 22.8559 ], [ 35.7882, 22.8473 ], [ 35.7911, 22.8607 ], [ 35.7806, 22.873 ], [ 35.7763, 22.8845 ], [ 35.773, 22.8864 ], [ 35.7678, 22.8825 ], [ 35.7659, 22.8854 ], [ 35.764, 22.903 ], [ 35.7535, 22.923 ], [ 35.7316, 22.9325 ], [ 35.7192, 22.9287 ], [ 35.7192, 22.9106 ], [ 35.7168, 22.9111 ], [ 35.7154, 22.9278 ], [ 35.695, 22.9525 ], [ 35.6907, 22.9654 ], [ 35.6864, 22.9663 ], [ 35.6869, 22.9749 ], [ 35.6716, 22.9877 ], [ 35.6693, 22.9944 ], [ 35.664, 22.9958 ], [ 35.6645, 23.0163 ], [ 35.6564, 23.0429 ], [ 35.654, 23.0739 ], [ 35.635, 23.1 ], [ 35.6331, 23.1162 ], [ 35.6279, 23.1291 ], [ 35.628, 23.1422 ], [ 35.6179, 23.1419 ], [ 35.3885, 22.9497 ], [ 35.1981, 22.7845 ], [ 34.9447, 22.8587 ], [ 34.6863, 22.2967 ], [ 34.1505, 22.2025 ], [ 34.0035, 21.7696 ], [ 34.6914, 21.5934 ], [ 35.5731, 21.9059 ], [ 36.2655, 21.4854 ], [ 36.5459, 21.1444 ], [ 36.4022, 20.8579 ], [ 36.4364, 20.4941 ], [ 36.4336, 20.4942 ] ] ] } },
{ "type": "Feature", "properties": { "iso3": "SDN", "unit_id": "87320338B89264601383533", "unit_name": "Jubayt Elma'aadin" }, "geometry": { "type": "Polygon", "coordinates": [ [ [ 34.0035, 21.7696 ], [ 33.5603, 21.7213 ], [ 33.2585, 21.5147 ], [ 33.2837, 21.4837 ], [ 33.3071, 21.4647 ], [ 33.3185, 21.4467 ], [ 33.3313, 21.3681 ], [ 33.3451, 21.3343 ], [ 33.3571, 21.2711 ], [ 33.3561, 21.2491 ], [ 33.3481, 21.2339 ], [ 33.3195, 21.1993 ], [ 33.2923, 21.1731 ], [ 33.2875, 21.1625 ], [ 33.2881, 21.1415 ], [ 33.2989, 21.0893 ], [ 33.2989, 21.0683 ], [ 33.2847, 21.0093 ], [ 33.2705, 20.9721 ], [ 33.2747, 20.9485 ], [ 33.2867, 20.9265 ], [ 33.3091, 20.9103 ], [ 33.3499, 20.8927 ], [ 33.4027, 20.8499 ], [ 33.4161, 20.8347 ], [ 33.4413, 20.7947 ], [ 33.4569, 20.7771 ], [ 33.4765, 20.7647 ], [ 33.5231, 20.7547 ], [ 33.5481, 20.7421 ], [ 33.8936, 20.6839 ], [ 34.2296, 20.6812 ], [ 34.8602, 20.5138 ], [ 35.8759, 20.4189 ], [ 36.1028, 20.5033 ], [ 36.4364, 20.4941 ], [ 36.4022, 20.8579 ], [ 36.5459, 21.1444 ], [ 36.2655, 21.4854 ], [ 35.5756, 21.9049 ], [ 34.6914, 21.5934 ], [ 34.0035, 21.7696 ] ] ] } },
{ "type": "Feature", "properties": { "iso3": "SDN", "unit_id": "87320338B9547924972277", "unit_name": "Sawakin" }, "geometry": { "type": "Polygon", "coordinates": [ [ [ 37.267, 19.3007 ], [ 37.0309, 19.2499 ], [ 37.0245, 19.2037 ], [ 37.0498, 19.126 ], [ 37.0695, 19.047 ], [ 37.0964, 19.0192 ], [ 37.108, 18.8657 ], [ 37.1674, 18.7256 ], [ 37.5028, 18.7486 ], [ 37.4999, 18.7556 ], [ 37.4929, 18.7595 ], [ 37.4911, 18.7663 ], [ 37.4824, 18.7748 ], [ 37.4833, 18.7835 ], [ 37.4724, 18.7923 ], [ 37.4636, 18.8092 ], [ 37.4492, 18.8242 ], [ 37.4447, 18.8233 ], [ 37.4472, 18.8257 ], [ 37.4419, 18.8336 ], [ 37.4283, 18.845 ], [ 37.4266, 18.8572 ], [ 37.4179, 18.8713 ], [ 37.4129, 18.8704 ], [ 37.4095, 18.8733 ], [ 37.4166, 18.9102 ], [ 37.4094, 18.9257 ], [ 37.4099, 18.934 ], [ 37.3979, 18.9438 ], [ 37.3949, 18.9615 ], [ 37.3969, 18.9791 ], [ 37.4014, 18.9787 ], [ 37.4023, 18.965 ], [ 37.4074, 18.9839 ], [ 37.4055, 18.9946 ], [ 37.404, 18.9929 ], [ 37.403, 18.9989 ], [ 37.3952, 18.9976 ], [ 37.3946, 19.0088 ], [ 37.3916, 19.0098 ], [ 37.3929, 19.0241 ], [ 37.3806, 19.0393 ], [ 37.3822, 19.0465 ], [ 37.3768, 19.0626 ], [ 37.375, 19.0593 ], [ 37.368, 19.0608 ], [ 37.3697, 19.0721 ], [ 37.3737, 19.0748 ], [ 37.3671, 19.0757 ], [ 37.3641, 19.0816 ], [ 37.3673, 19.0956 ], [ 37.3579, 19.109 ], [ 37.3544, 19.1198 ], [ 37.3572, 19.1238 ], [ 37.3423, 19.1165 ], [ 37.3422, 19.1078 ], [ 37.3366, 19.1047 ], [ 37.3292, 19.111 ], [ 37.3351, 19.128 ], [ 37.3361, 19.1227 ], [ 37.3422, 19.1207 ], [ 37.3508, 19.1238 ], [ 37.3579, 19.1343 ], [ 37.3514, 19.14 ], [ 37.3388, 19.1389 ], [ 37.3394, 19.1638 ], [ 37.336, 19.1676 ], [ 37.33, 19.1917 ], [ 37.3357, 19.2084 ], [ 37.3313, 19.2337 ], [ 37.3217, 19.2589 ], [ 37.327, 19.2585 ], [ 37.325, 19.2667 ], [ 37.3285, 19.2957 ], [ 37.3275, 19.2981 ], [ 37.3231, 19.2966 ], [ 37.3227, 19.2806 ], [ 37.3167, 19.3153 ], [ 37.3097, 19.3219 ], [ 37.3092, 19.3269 ], [ 37.267, 19.3007 ] ] ] } },
{ "type": "Feature", "properties": { "iso3": "SDN", "unit_id": "87320338B91202519820890", "unit_name": "Al Ganab" }, "geometry": { "type": "Polygon", "coordinates": [ [ [ 37.241, 19.6837 ], [ 37.2475, 19.6823 ], [ 37.249, 19.6755 ], [ 37.2442, 19.6628 ], [ 37.2467, 19.6598 ], [ 37.2612, 19.6844 ], [ 37.26, 19.693 ], [ 37.2577, 19.6876 ], [ 37.2575, 19.6989 ], [ 37.262, 19.7022 ], [ 37.2629, 19.7086 ], [ 37.2601, 19.7382 ], [ 37.2641, 19.7665 ], [ 37.2616, 19.7844 ], [ 37.2532, 19.7804 ], [ 37.266, 19.8051 ], [ 37.2677, 19.8245 ], [ 37.2636, 19.834 ], [ 37.2692, 19.8439 ], [ 37.2664, 19.8458 ], [ 37.2641, 19.8382 ], [ 37.2622, 19.8413 ], [ 37.2591, 19.8336 ], [ 37.2559, 19.8335 ], [ 37.2545, 19.8381 ], [ 37.2586, 19.8408 ], [ 37.2596, 19.8469 ], [ 37.2535, 19.8494 ], [ 37.2582, 19.8608 ], [ 37.252, 19.8692 ], [ 37.2534, 19.8726 ], [ 37.2506, 19.8731 ], [ 37.2391, 19.8937 ], [ 37.2349, 19.8923 ], [ 37.2345, 19.8965 ], [ 37.2294, 19.8979 ], [ 37.2281, 19.9004 ], [ 37.233, 19.9021 ], [ 37.2246, 19.9123 ], [ 37.2185, 19.9392 ], [ 37.2122, 19.9433 ], [ 37.2115, 19.9366 ], [ 37.2047, 19.9429 ], [ 37.2123, 19.9468 ], [ 37.2087, 19.9646 ], [ 37.2022, 19.9688 ], [ 37.1983, 19.9768 ], [ 37.1936, 20.0047 ], [ 37.1833, 19.9985 ], [ 37.1813, 20.0008 ], [ 37.1813, 20.0068 ], [ 37.1892, 20.0049 ], [ 37.193, 20.0125 ], [ 37.1897, 20.0206 ], [ 37.1826, 20.0265 ], [ 37.1823, 20.0319 ], [ 37.049, 20.1422 ], [ 36.9306, 20.1654 ], [ 36.9048, 20.0933 ], [ 36.7246, 20.0702 ], [ 36.6681, 20.0406 ], [ 36.6559, 20.0511 ], [ 36.6328, 20.1245 ], [ 36.6173, 20.1477 ], [ 36.5497, 20.1959 ], [ 36.4957, 20.2635 ], [ 36.4744, 20.277 ], [ 36.4358, 20.2867 ], [ 36.4146, 20.3002 ], [ 36.4069, 20.3195 ], [ 36.421, 20.4127 ], [ 36.4262, 20.4701 ], [ 36.4336, 20.4942 ], [ 36.1028, 20.5033 ], [ 35.8759, 20.4189 ], [ 34.8602, 20.5138 ], [ 34.2296, 20.6812 ], [ 33.8936, 20.6839 ], [ 33.5469, 20.7423 ], [ 33.5555, 20.7329 ], [ 33.5575, 20.7175 ], [ 33.5707, 20.6943 ], [ 33.5797, 20.6505 ], [ 33.5921, 20.6305 ], [ 33.6183, 20.6025 ], [ 33.6293, 20.5605 ], [ 33.6397, 20.5381 ], [ 33.6697, 20.4987 ], [ 33.6083, 20.0695 ], [ 33.6935, 19.7091 ], [ 33.6725, 19.4351 ], [ 33.6825, 19.3547 ], [ 33.8011, 19.1691 ], [ 33.9169, 18.8683 ], [ 34.1185, 18.3677 ], [ 34.4493, 18.2619 ], [ 34.6087, 18.1797 ], [ 34.8524, 17.947 ], [ 34.9038, 17.9811 ], [ 35.4924, 18.5344 ], [ 35.4999, 18.5527 ], [ 35.5918, 18.6703 ], [ 35.6109, 18.7101 ], [ 35.5951, 18.7448 ], [ 35.6514, 18.8648 ], [ 35.7165, 18.8839 ], [ 35.7989, 18.942 ], [ 35.8641, 18.9381 ], [ 35.8836, 18.9662 ], [ 36.0318, 19.0241 ], [ 36.0288, 19.0962 ], [ 36.064, 19.1391 ], [ 36.1619, 19.1115 ], [ 36.2852, 19.1365 ], [ 36.4172, 19.431 ], [ 36.6043, 19.3816 ], [ 36.6642, 19.3524 ], [ 36.6475, 19.1984 ], [ 36.6923, 19.1461 ], [ 36.7607, 19.1257 ], [ 36.8071, 19.231 ], [ 36.9769, 19.1882 ], [ 37.0498, 19.126 ], [ 37.0245, 19.2037 ], [ 37.0309, 19.2499 ], [ 37.267, 19.3007 ], [ 37.198, 19.3925 ], [ 37.126, 19.4455 ], [ 37.1174, 19.6939 ], [ 37.2376, 19.6939 ], [ 37.241, 19.6837 ] ] ] } },
{ "type": "Feature", "properties": { "iso3": "SDN", "unit_id": "87320338B84270316509488", "unit_name": "Haya" }, "geometry": { "type": "Polygon", "coordinates": [ [ [ 36.6165, 17.0091 ], [ 36.7633, 17.0015 ], [ 37.0015, 17.0717 ], [ 37.0349, 17.104 ], [ 37.0439, 17.1017 ], [ 37.0557, 17.0921 ], [ 37.0673, 17.0929 ], [ 37.0695, 17.0892 ], [ 37.0838, 17.0868 ], [ 37.0962, 17.0916 ], [ 37.1172, 17.0815 ], [ 37.1227, 17.102 ], [ 37.0991, 17.2352 ], [ 37.1016, 17.2804 ], [ 37.1213, 17.3601 ], [ 37.1185, 17.3837 ], [ 37.1324, 17.4337 ], [ 37.1185, 17.4989 ], [ 37.0344, 17.5873 ], [ 36.9669, 17.7158 ], [ 36.9273, 17.8263 ], [ 36.8927, 17.8823 ], [ 37.018, 18.0439 ], [ 37.1485, 18.1762 ], [ 37.1565, 18.3789 ], [ 36.9018, 18.4058 ], [ 36.859, 18.4075 ], [ 36.8197, 18.4183 ], [ 36.657, 18.5173 ], [ 36.6561, 18.5255 ], [ 36.5643, 18.5213 ], [ 36.5748, 18.5771 ], [ 36.5263, 18.6372 ], [ 36.5307, 18.6429 ], [ 36.5364, 18.6408 ], [ 36.544, 18.6438 ], [ 36.5313, 18.6657 ], [ 36.5223, 18.6694 ], [ 36.5132, 18.6617 ], [ 36.5086, 18.6629 ], [ 36.4949, 18.6775 ], [ 36.4838, 18.6775 ], [ 36.4724, 18.7398 ], [ 36.4493, 18.7909 ], [ 36.2248, 18.7344 ], [ 36.07, 18.938 ], [ 35.8641, 18.9381 ], [ 35.7989, 18.942 ], [ 35.7165, 18.8839 ], [ 35.6514, 18.8648 ], [ 35.5951, 18.7448 ], [ 35.6109, 18.7101 ], [ 35.5918, 18.6703 ], [ 35.4999, 18.5527 ], [ 35.4924, 18.5344 ], [ 34.9038, 17.9811 ], [ 34.8524, 17.947 ], [ 34.8593, 17.9405 ], [ 35.3814, 17.8593 ], [ 35.982, 18.0151 ], [ 36.0152, 17.9856 ], [ 36.1256, 17.9506 ], [ 36.1896, 17.9603 ], [ 36.2456, 17.9562 ], [ 36.3895, 17.9205 ], [ 36.4273, 17.908 ], [ 36.4381, 17.8874 ], [ 36.4388, 17.7459 ], [ 36.3923, 17.6544 ], [ 36.3605, 17.6078 ], [ 36.3989, 17.4514 ], [ 36.5539, 17.3808 ], [ 36.5776, 17.311 ], [ 36.5936, 17.2272 ], [ 36.6339, 17.1784 ], [ 36.621, 17.1192 ], [ 36.6165, 17.0091 ] ] ] } },
{ "type": "Feature", "properties": { "iso3": "SDN", "unit_id": "87320338B74700011576184", "unit_name": "Sinkat" }, "geometry": { "type": "Polygon", "coordinates": [ [ [ 37.1674, 18.7256 ], [ 37.108, 18.8657 ], [ 37.0964, 19.0192 ], [ 37.0695, 19.047 ], [ 37.0498, 19.126 ], [ 36.9769, 19.1882 ], [ 36.8071, 19.231 ], [ 36.7607, 19.1257 ], [ 36.6923, 19.1461 ], [ 36.6475, 19.1984 ], [ 36.6642, 19.3524 ], [ 36.6043, 19.3816 ], [ 36.4172, 19.431 ], [ 36.2852, 19.1365 ], [ 36.1619, 19.1115 ], [ 36.064, 19.1391 ], [ 36.0288, 19.0962 ], [ 36.0318, 19.0241 ], [ 35.8836, 18.9662 ], [ 35.8641, 18.9381 ], [ 36.07, 18.938 ], [ 36.2248, 18.7344 ], [ 36.4493, 18.7909 ], [ 36.4724, 18.7398 ], [ 36.4838, 18.6775 ], [ 36.4949, 18.6775 ], [ 36.5086, 18.6629 ], [ 36.5132, 18.6617 ], [ 36.5223, 18.6694 ], [ 36.5313, 18.6657 ], [ 36.544, 18.6438 ], [ 36.5364, 18.6408 ], [ 36.5307, 18.6429 ], [ 36.5263, 18.6372 ], [ 36.5748, 18.5771 ], [ 36.5643, 18.5213 ], [ 36.6561, 18.5255 ], [ 36.657, 18.5173 ], [ 36.8197, 18.4183 ], [ 36.859, 18.4075 ], [ 36.9018, 18.4058 ], [ 37.1565, 18.3789 ], [ 37.1627, 18.7254 ], [ 37.1674, 18.7256 ] ] ] } },
{ "type": "Feature", "properties": { "iso3": "SDN", "unit_id": "87320338B52455617068422", "unit_name": "Agig" }, "geometry": { "type": "Polygon", "coordinates": [ [ [ 38.5611, 18.001 ], [ 38.5472, 17.9901 ], [ 38.452, 17.9004 ], [ 38.3882, 17.754 ], [ 38.3887, 17.7369 ], [ 38.3849, 17.7264 ], [ 38.3544, 17.685 ], [ 38.3528, 17.6789 ], [ 38.3568, 17.6717 ], [ 38.3454, 17.6493 ], [ 38.2945, 17.6379 ], [ 38.2812, 17.6255 ], [ 38.2764, 17.5931 ], [ 38.2718, 17.5797 ], [ 38.2669, 17.5773 ], [ 38.2655, 17.5622 ], [ 38.2382, 17.5525 ], [ 38.2141, 17.5632 ], [ 38.1968, 17.5444 ], [ 38.1879, 17.5684 ], [ 38.1779, 17.5813 ], [ 38.1634, 17.5709 ], [ 38.1308, 17.5718 ], [ 38.1127, 17.5627 ], [ 38.1096, 17.5548 ], [ 38.1098, 17.5332 ], [ 38.1017, 17.5185 ], [ 38.1034, 17.4951 ], [ 38.1094, 17.4756 ], [ 38.0978, 17.4797 ], [ 38.0711, 17.4823 ], [ 38.0674, 17.5567 ], [ 38.0611, 17.5657 ], [ 38.0245, 17.5462 ], [ 38.0132, 17.5475 ], [ 38.008, 17.5584 ], [ 38.0037, 17.5589 ], [ 37.9725, 17.5059 ], [ 37.9772, 17.4895 ], [ 37.9147, 17.4575 ], [ 37.8755, 17.4529 ], [ 37.8667, 17.4566 ], [ 37.8609, 17.4671 ], [ 37.8602, 17.4827 ], [ 37.8557, 17.4923 ], [ 37.8391, 17.5027 ], [ 37.8214, 17.5008 ], [ 37.7986, 17.4937 ], [ 37.795, 17.4899 ], [ 37.7886, 17.4932 ], [ 37.7791, 17.4832 ], [ 37.7729, 17.4837 ], [ 37.7805, 17.468 ], [ 37.7848, 17.4428 ], [ 37.7718, 17.4306 ], [ 37.772, 17.4147 ], [ 37.7667, 17.4047 ], [ 37.7643, 17.3847 ], [ 37.7601, 17.3817 ], [ 37.7491, 17.3871 ], [ 37.7451, 17.3819 ], [ 37.6116, 17.3757 ], [ 37.5841, 17.365 ], [ 37.5815, 17.6155 ], [ 37.5971, 17.9917 ], [ 37.6095, 18.1533 ], [ 37.6406, 18.2279 ], [ 37.6593, 18.2559 ], [ 38.0824, 18.3687 ], [ 38.0807, 18.3527 ], [ 38.0864, 18.3368 ], [ 38.0923, 18.3305 ], [ 38.0868, 18.323 ], [ 38.0896, 18.3152 ], [ 38.0949, 18.3083 ], [ 38.1086, 18.3077 ], [ 38.1056, 18.3027 ], [ 38.1126, 18.2938 ], [ 38.1071, 18.2863 ], [ 38.1037, 18.2868 ], [ 38.1002, 18.2943 ], [ 38.0997, 18.2883 ], [ 38.1185, 18.263 ], [ 38.1364, 18.2556 ], [ 38.1483, 18.2461 ], [ 38.1543, 18.2575 ], [ 38.1632, 18.2516 ], [ 38.1548, 18.2422 ], [ 38.1543, 18.2367 ], [ 38.1592, 18.2317 ], [ 38.1691, 18.2347 ], [ 38.188, 18.2293 ], [ 38.19, 18.2317 ], [ 38.1791, 18.2441 ], [ 38.1801, 18.2496 ], [ 38.1895, 18.2516 ], [ 38.1925, 18.2461 ], [ 38.1895, 18.2402 ], [ 38.1969, 18.2362 ], [ 38.1974, 18.2273 ], [ 38.2059, 18.2288 ], [ 38.2143, 18.2228 ], [ 38.2342, 18.2238 ], [ 38.2466, 18.2302 ], [ 38.257, 18.2402 ], [ 38.258, 18.2501 ], [ 38.2471, 18.2546 ], [ 38.2466, 18.266 ], [ 38.2639, 18.2789 ], [ 38.2753, 18.2729 ], [ 38.2833, 18.2734 ], [ 38.2838, 18.2769 ], [ 38.2753, 18.2828 ], [ 38.2704, 18.2938 ], [ 38.2753, 18.3007 ], [ 38.2818, 18.3017 ], [ 38.2877, 18.2982 ], [ 38.2932, 18.2823 ], [ 38.3001, 18.2734 ], [ 38.2992, 18.2838 ], [ 38.3021, 18.2873 ], [ 38.3116, 18.2868 ], [ 38.3145, 18.2819 ], [ 38.3121, 18.2749 ], [ 38.3021, 18.2709 ], [ 38.3155, 18.265 ], [ 38.3185, 18.257 ], [ 38.313, 18.2536 ], [ 38.2907, 18.2541 ], [ 38.2882, 18.2551 ], [ 38.2912, 18.2615 ], [ 38.2679, 18.2615 ], [ 38.2664, 18.2585 ], [ 38.2763, 18.2521 ], [ 38.2823, 18.2422 ], [ 38.2823, 18.2377 ], [ 38.2783, 18.2367 ], [ 38.2699, 18.2238 ], [ 38.2689, 18.2064 ], [ 38.2927, 18.194 ], [ 38.2972, 18.1886 ], [ 38.3135, 18.1871 ], [ 38.3413, 18.1732 ], [ 38.3656, 18.1781 ], [ 38.3572, 18.1876 ], [ 38.3468, 18.1896 ], [ 38.3473, 18.196 ], [ 38.3523, 18.2025 ], [ 38.3661, 18.2059 ], [ 38.382, 18.2015 ], [ 38.3905, 18.191 ], [ 38.4024, 18.1831 ], [ 38.4062, 18.1733 ], [ 38.405, 18.1633 ], [ 38.4027, 18.1613 ], [ 38.3974, 18.164 ], [ 38.3935, 18.1561 ], [ 38.3975, 18.1545 ], [ 38.3982, 18.1441 ], [ 38.4049, 18.1368 ], [ 38.4052, 18.1209 ], [ 38.4122, 18.1133 ], [ 38.4169, 18.1146 ], [ 38.4195, 18.1076 ], [ 38.4203, 18.1128 ], [ 38.4289, 18.1109 ], [ 38.44, 18.1013 ], [ 38.4519, 18.1064 ], [ 38.4552, 18.1261 ], [ 38.4567, 18.1199 ], [ 38.4614, 18.1246 ], [ 38.4644, 18.1224 ], [ 38.4657, 18.1128 ], [ 38.4762, 18.1063 ], [ 38.4789, 18.1083 ], [ 38.4771, 18.1036 ], [ 38.4817, 18.0989 ], [ 38.4726, 18.0919 ], [ 38.4664, 18.0943 ], [ 38.4695, 18.0992 ], [ 38.4546, 18.1058 ], [ 38.4592, 18.0958 ], [ 38.4589, 18.0868 ], [ 38.4681, 18.0799 ], [ 38.4797, 18.0805 ], [ 38.4796, 18.0725 ], [ 38.4879, 18.0711 ], [ 38.4879, 18.0656 ], [ 38.4834, 18.0606 ], [ 38.4952, 18.0531 ], [ 38.5004, 18.0528 ], [ 38.5105, 18.0599 ], [ 38.5178, 18.0692 ], [ 38.5241, 18.0651 ], [ 38.5267, 18.0682 ], [ 38.5168, 18.075 ], [ 38.5169, 18.0966 ], [ 38.5066, 18.1005 ], [ 38.5077, 18.106 ], [ 38.5025, 18.1067 ], [ 38.5042, 18.1151 ], [ 38.5072, 18.1163 ], [ 38.5131, 18.1031 ], [ 38.5428, 18.0849 ], [ 38.5478, 18.0721 ], [ 38.5613, 18.0544 ], [ 38.5619, 18.0422 ], [ 38.5596, 18.0447 ], [ 38.5555, 18.042 ], [ 38.5652, 18.0403 ], [ 38.5556, 18.0359 ], [ 38.558, 18.0334 ], [ 38.5555, 18.0322 ], [ 38.5681, 18.023 ], [ 38.5737, 18.0293 ], [ 38.5796, 18.0258 ], [ 38.5824, 18.0162 ], [ 38.5731, 18.0105 ], [ 38.5672, 18.0005 ], [ 38.5666, 18.0005 ], [ 38.5616, 18.001 ], [ 38.5611, 18.001 ] ] ] } },
{ "type": "Feature", "properties": { "iso3": "SDN", "unit_id": "87320338B79699990161984", "unit_name": "Halfa Aj Jadeedah" }, "geometry": { "type": "Polygon", "coordinates": [ [ [ 35.777, 15.2915 ], [ 35.7598, 15.3196 ], [ 35.7687, 15.383 ], [ 35.7577, 15.3967 ], [ 35.7588, 15.4094 ], [ 35.7355, 15.4421 ], [ 35.7258, 15.4784 ], [ 35.6597, 15.5403 ], [ 35.657, 15.5573 ], [ 35.6332, 15.5867 ], [ 35.6185, 15.6118 ], [ 35.6233, 15.647 ], [ 35.6128, 15.6608 ], [ 35.6169, 15.6781 ], [ 35.5956, 15.7207 ], [ 35.5946, 15.7554 ], [ 35.5734, 15.7842 ], [ 35.5708, 15.7996 ], [ 35.5857, 15.8217 ], [ 35.5706, 15.8333 ], [ 35.571, 15.8414 ], [ 35.597, 15.8588 ], [ 35.6041, 15.8801 ], [ 35.5844, 15.9003 ], [ 35.5952, 15.9264 ], [ 35.5844, 15.96 ], [ 35.5835, 15.987 ], [ 35.5507, 16.0101 ], [ 35.5374, 15.9793 ], [ 35.5422, 15.9567 ], [ 35.5285, 15.8805 ], [ 35.5182, 15.8473 ], [ 35.5399, 15.7697 ], [ 35.5346, 15.7136 ], [ 35.4829, 15.6921 ], [ 35.497, 15.5901 ], [ 35.4624, 15.5703 ], [ 35.4628, 15.5281 ], [ 35.4788, 15.5034 ], [ 35.4921, 15.3566 ], [ 35.5106, 15.3412 ], [ 35.5157, 15.3405 ], [ 35.5442, 15.2984 ], [ 35.5549, 15.3048 ], [ 35.5736, 15.2691 ], [ 35.5657, 15.2614 ], [ 35.5995, 15.1844 ], [ 35.6089, 15.1756 ], [ 35.6291, 15.1871 ], [ 35.7265, 15.1052 ], [ 35.7969, 15.16 ], [ 35.7928, 15.1958 ], [ 35.7673, 15.2292 ], [ 35.7488, 15.2704 ], [ 35.777, 15.2915 ] ] ] } },
{ "type": "Feature", "properties": { "iso3": "SDN", "unit_id": "87320338B69932290334842", "unit_name": "Madeinat Kassala" }, "geometry": { "type": "Polygon", "coordinates": [ [ [ 36.3547, 15.3781 ], [ 36.3792, 15.3907 ], [ 36.4, 15.384 ], [ 36.4036, 15.3713 ], [ 36.4084, 15.3723 ], [ 36.4328, 15.4429 ], [ 36.4431, 15.4493 ], [ 36.4395, 15.4522 ], [ 36.439, 15.4653 ], [ 36.4219, 15.4983 ], [ 36.4043, 15.5006 ], [ 36.3511, 15.4948 ], [ 36.3084, 15.4244 ], [ 36.3547, 15.3781 ] ] ] } },
{ "type": "Feature", "properties": { "iso3": "SDN", "unit_id": "87320338B75579662283961", "unit_name": "Reifi Gharb Kassala" }, "geometry": { "type": "Polygon", "coordinates": [ [ [ 36.3547, 15.3781 ], [ 36.3012, 15.4338 ], [ 36.2646, 15.4508 ], [ 36.1444, 15.5436 ], [ 35.8728, 15.4983 ], [ 35.8968, 15.3195 ], [ 35.9278, 15.1648 ], [ 35.9473, 15.1431 ], [ 35.9483, 15.1089 ], [ 35.9458, 15.1003 ], [ 35.9605, 15.064 ], [ 35.9712, 15.0579 ], [ 35.9766, 15.0384 ], [ 36.0317, 15.0512 ], [ 36.0583, 15.0508 ], [ 36.0867, 15.0777 ], [ 36.1699, 15.1109 ], [ 36.2474, 15.1643 ], [ 36.3102, 15.2656 ], [ 36.3547, 15.3781 ] ] ] } },
{ "type": "Feature", "properties": { "iso3": "SDN", "unit_id": "87320338B73553171511755", "unit_name": "Reifi Aroma" }, "geometry": { "type": "Polygon", "coordinates": [ [ [ 35.777, 15.2915 ], [ 35.8026, 15.2802 ], [ 35.8119, 15.269 ], [ 35.8412, 15.1989 ], [ 35.8842, 15.1737 ], [ 35.8973, 15.1412 ], [ 35.9188, 15.1258 ], [ 35.939, 15.103 ], [ 35.9458, 15.1003 ], [ 35.9483, 15.1089 ], [ 35.9473, 15.1431 ], [ 35.9278, 15.1648 ], [ 35.8968, 15.3195 ], [ 35.8728, 15.4983 ], [ 36.179, 15.5507 ], [ 36.2625, 15.5598 ], [ 36.2762, 15.5704 ], [ 36.2945, 15.5945 ], [ 36.3083, 15.6051 ], [ 36.3372, 15.6087 ], [ 36.3716, 15.6177 ], [ 36.3677, 15.6209 ], [ 36.3231, 15.7148 ], [ 36.3319, 15.7484 ], [ 36.3436, 15.7659 ], [ 36.3355, 15.7821 ], [ 36.3587, 15.8082 ], [ 36.3438, 15.8686 ], [ 36.3774, 15.8857 ], [ 36.3594, 15.9447 ], [ 36.4275, 15.9774 ], [ 36.4152, 16.0306 ], [ 36.3786, 16.0177 ], [ 36.2801, 15.9924 ], [ 36.2661, 15.9926 ], [ 36.2134, 16.0174 ], [ 36.1801, 16.0182 ], [ 36.0429, 15.9917 ], [ 35.9735, 16.0269 ], [ 35.9732, 16.0309 ], [ 35.9674, 16.0355 ], [ 35.8778, 16.0941 ], [ 35.7316, 16.2018 ], [ 35.6402, 16.3175 ], [ 35.6232, 16.3726 ], [ 35.4177, 16.2729 ], [ 35.4498, 16.2471 ], [ 35.4664, 16.2085 ], [ 35.4647, 16.1769 ], [ 35.4837, 16.1401 ], [ 35.4919, 16.1172 ], [ 35.496, 16.0707 ], [ 35.5374, 16.0583 ], [ 35.5497, 16.0257 ], [ 35.5507, 16.0101 ], [ 35.5835, 15.987 ], [ 35.5844, 15.96 ], [ 35.5952, 15.9264 ], [ 35.5844, 15.9003 ], [ 35.6041, 15.8801 ], [ 35.597, 15.8588 ], [ 35.571, 15.8414 ], [ 35.5706, 15.8333 ], [ 35.5857, 15.8217 ], [ 35.5708, 15.7996 ], [ 35.5734, 15.7842 ], [ 35.5946, 15.7554 ], [ 35.5956, 15.7207 ], [ 35.6169, 15.6781 ], [ 35.6128, 15.6608 ], [ 35.6233, 15.647 ], [ 35.6185, 15.6118 ], [ 35.6332, 15.5867 ], [ 35.657, 15.5573 ], [ 35.6597, 15.5403 ], [ 35.7258, 15.4784 ], [ 35.7355, 15.4421 ], [ 35.7588, 15.4094 ], [ 35.7577, 15.3967 ], [ 35.7687, 15.383 ], [ 35.7598, 15.3196 ], [ 35.777, 15.2915 ] ] ] } },
{ "type": "Feature", "properties": { "iso3": "SDN", "unit_id": "87320338B65034332586339", "unit_name": "Reifi Kassla" }, "geometry": { "type": "Polygon", "coordinates": [ [ [ 36.3547, 15.3781 ], [ 36.3102, 15.2656 ], [ 36.2474, 15.1643 ], [ 36.1699, 15.1109 ], [ 36.0867, 15.0777 ], [ 36.0583, 15.0508 ], [ 36.0317, 15.0512 ], [ 35.9766, 15.0384 ], [ 35.9893, 15.0237 ], [ 35.9622, 14.9869 ], [ 35.9623, 14.9805 ], [ 35.9776, 14.977 ], [ 36.0155, 15.0047 ], [ 36.0968, 14.9413 ], [ 36.2365, 14.8759 ], [ 36.3691, 14.8594 ], [ 36.4707, 14.8778 ], [ 36.4528, 15.0424 ], [ 36.4328, 15.1666 ], [ 36.5042, 15.2213 ], [ 36.5347, 15.2289 ], [ 36.6098, 15.414 ], [ 36.6389, 15.4769 ], [ 36.637, 15.5002 ], [ 36.6317, 15.5088 ], [ 36.6844, 15.6669 ], [ 36.395, 15.6191 ], [ 36.3716, 15.6177 ], [ 36.3372, 15.6087 ], [ 36.3144, 15.6076 ], [ 36.2945, 15.5945 ], [ 36.2762, 15.5704 ], [ 36.2625, 15.5598 ], [ 36.179, 15.5507 ], [ 36.1444, 15.5436 ], [ 36.2646, 15.4508 ], [ 36.3012, 15.4338 ], [ 36.3084, 15.4244 ], [ 36.3511, 15.4948 ], [ 36.4043, 15.5006 ], [ 36.4219, 15.4983 ], [ 36.439, 15.4653 ], [ 36.4395, 15.4522 ], [ 36.4431, 15.4493 ], [ 36.4328, 15.4429 ], [ 36.4084, 15.3723 ], [ 36.4036, 15.3713 ], [ 36.4, 15.384 ], [ 36.3792, 15.3907 ], [ 36.3547, 15.3781 ] ] ] } },
{ "type": "Feature", "properties": { "iso3": "SDN", "unit_id": "87320338B25254876069115", "unit_name": "Reifi Shamal Ad Delta" }, "geometry": { "type": "Polygon", "coordinates": [ [ [ 35.6569, 17.2073 ], [ 35.6711, 16.4153 ], [ 35.6232, 16.3726 ], [ 35.6402, 16.3175 ], [ 35.7316, 16.2018 ], [ 35.8778, 16.0941 ], [ 35.9674, 16.0355 ], [ 35.9732, 16.0309 ], [ 35.9735, 16.0269 ], [ 36.0429, 15.9917 ], [ 36.1801, 16.0182 ], [ 36.2134, 16.0174 ], [ 36.2661, 15.9926 ], [ 36.2801, 15.9924 ], [ 36.3786, 16.0177 ], [ 36.4152, 16.0306 ], [ 36.4092, 16.0599 ], [ 36.3988, 16.2019 ], [ 36.3866, 16.3186 ], [ 36.383, 16.3297 ], [ 36.2941, 16.5284 ], [ 36.0831, 17.0211 ], [ 35.6569, 17.2073 ] ] ] } },
{ "type": "Feature", "properties": { "iso3": "SDN", "unit_id": "87320338B45734940318959", "unit_name": "Reifi Hamashkureib" }, "geometry": { "type": "Polygon", "coordinates": [ [ [ 36.0831, 17.0211 ], [ 36.2869, 16.5496 ], [ 36.4545, 16.6317 ], [ 36.7436, 16.6255 ], [ 36.897, 16.656 ], [ 36.897, 16.6672 ], [ 36.9075, 16.6777 ], [ 36.9382, 16.6785 ], [ 36.9583, 16.6847 ], [ 36.9706, 16.704 ], [ 36.9881, 16.7206 ], [ 36.9934, 16.7313 ], [ 36.9929, 16.7375 ], [ 36.9846, 16.7513 ], [ 36.9898, 16.7644 ], [ 37.0004, 16.7749 ], [ 37.0161, 16.7793 ], [ 37.0161, 16.7893 ], [ 37.031, 16.7977 ], [ 37.0286, 16.8032 ], [ 37.0077, 16.8225 ], [ 37.0039, 16.8354 ], [ 37.0139, 16.865 ], [ 37.0135, 16.8774 ], [ 36.9986, 16.923 ], [ 37.0063, 16.9374 ], [ 36.9829, 16.9716 ], [ 36.9891, 16.9935 ], [ 37.0153, 17.0135 ], [ 37.0179, 17.0444 ], [ 37.0032, 17.0733 ], [ 36.7633, 17.0015 ], [ 36.4703, 17.0165 ], [ 36.3351, 17.0313 ], [ 36.2311, 17.0315 ], [ 36.1705, 17.0383 ], [ 36.0831, 17.0211 ] ] ] } },
{ "type": "Feature", "properties": { "iso3": "SDN", "unit_id": "87320338B74062489954282", "unit_name": "Reifi Telkok" }, "geometry": { "type": "Polygon", "coordinates": [ [ [ 36.3716, 15.6177 ], [ 36.395, 15.6191 ], [ 36.6844, 15.6669 ], [ 36.7105, 15.7501 ], [ 36.7683, 15.8362 ], [ 36.8192, 15.9794 ], [ 36.8978, 16.2269 ], [ 36.9297, 16.2654 ], [ 36.9639, 16.2878 ], [ 36.9625, 16.2944 ], [ 36.9494, 16.2956 ], [ 36.9501, 16.3082 ], [ 36.9477, 16.3173 ], [ 36.9422, 16.3219 ], [ 36.9422, 16.3346 ], [ 36.9349, 16.3449 ], [ 36.9342, 16.3569 ], [ 36.951, 16.3657 ], [ 36.9668, 16.4344 ], [ 36.9396, 16.4477 ], [ 36.9282, 16.4601 ], [ 36.9201, 16.4781 ], [ 36.9063, 16.4829 ], [ 36.8954, 16.5157 ], [ 36.8901, 16.5324 ], [ 36.8889, 16.5612 ], [ 36.8987, 16.5933 ], [ 36.9066, 16.6365 ], [ 36.897, 16.6514 ], [ 36.897, 16.656 ], [ 36.7436, 16.6255 ], [ 36.4545, 16.6317 ], [ 36.2869, 16.5496 ], [ 36.3866, 16.3186 ], [ 36.3988, 16.2019 ], [ 36.4092, 16.0599 ], [ 36.4275, 15.9774 ], [ 36.3594, 15.9447 ], [ 36.3774, 15.8857 ], [ 36.3438, 15.8686 ], [ 36.3587, 15.8082 ], [ 36.3355, 15.7821 ], [ 36.3436, 15.7659 ], [ 36.3319, 15.7484 ], [ 36.3231, 15.7148 ], [ 36.3677, 15.6209 ], [ 36.3716, 15.6177 ] ] ] } },
{ "type": "Feature", "properties": { "iso3": "SDN", "unit_id": "87320338B94617147686446", "unit_name": "Reifi Khashm Elgirba" }, "geometry": { "type": "Polygon", "coordinates": [ [ [ 35.6089, 15.1756 ], [ 35.5833, 15.1817 ], [ 35.551, 15.1514 ], [ 35.4731, 15.15 ], [ 35.4338, 15.2049 ], [ 35.3954, 15.2404 ], [ 35.3256, 15.2977 ], [ 35.2979, 15.3165 ], [ 35.3336, 15.4615 ], [ 35.2527, 15.6072 ], [ 35.2467, 15.6231 ], [ 35.247, 15.6542 ], [ 35.26, 15.7169 ], [ 35.2578, 15.8201 ], [ 35.4464, 15.9784 ], [ 35.3421, 16.2275 ], [ 35.2599, 16.3101 ], [ 34.9827, 16.2975 ], [ 34.4051, 16.2915 ], [ 34.2369, 16.0657 ], [ 34.2156, 16.0538 ], [ 34.2332, 16.0282 ], [ 34.3356, 15.8496 ], [ 34.3807, 15.6833 ], [ 34.5189, 15.6119 ], [ 34.6045, 15.5803 ], [ 34.6937, 15.5403 ], [ 34.7201, 15.5163 ], [ 34.7736, 15.4566 ], [ 35.6117, 14.9485 ], [ 35.7279, 14.8701 ], [ 35.7451, 14.8743 ], [ 35.8065, 14.8719 ], [ 35.9167, 14.851 ], [ 35.9265, 14.8938 ], [ 35.9207, 14.9762 ], [ 35.9623, 14.9805 ], [ 35.9622, 14.9869 ], [ 35.9893, 15.0237 ], [ 35.9766, 15.0384 ], [ 35.9712, 15.0579 ], [ 35.9605, 15.064 ], [ 35.9458, 15.1003 ], [ 35.939, 15.103 ], [ 35.9188, 15.1258 ], [ 35.8973, 15.1412 ], [ 35.8842, 15.1737 ], [ 35.8412, 15.1989 ], [ 35.8119, 15.269 ], [ 35.8026, 15.2802 ], [ 35.777, 15.2915 ], [ 35.7488, 15.2704 ], [ 35.7673, 15.2292 ], [ 35.7928, 15.1958 ], [ 35.7969, 15.16 ], [ 35.7265, 15.1052 ], [ 35.6291, 15.1871 ], [ 35.6089, 15.1756 ] ] ] } },
{ "type": "Feature", "properties": { "iso3": "SDN", "unit_id": "87320338B28905027548407", "unit_name": "Reifi Wad Elhilaiw" }, "geometry": { "type": "Polygon", "coordinates": [ [ [ 35.9623, 14.9805 ], [ 35.9207, 14.9762 ], [ 35.9265, 14.8938 ], [ 35.9151, 14.8436 ], [ 35.9197, 14.8109 ], [ 35.9343, 14.7785 ], [ 35.9225, 14.7395 ], [ 35.9147, 14.7285 ], [ 35.9147, 14.7185 ], [ 35.8917, 14.6842 ], [ 35.8827, 14.661 ], [ 35.8925, 14.6167 ], [ 35.8886, 14.6041 ], [ 35.8945, 14.5831 ], [ 35.9035, 14.5745 ], [ 35.9003, 14.5539 ], [ 35.8823, 14.5357 ], [ 35.8744, 14.5123 ], [ 35.8821, 14.4943 ], [ 35.8931, 14.4791 ], [ 35.8923, 14.4619 ], [ 35.8697, 14.3718 ], [ 35.8599, 14.3625 ], [ 35.8543, 14.3421 ], [ 35.8612, 14.292 ], [ 35.8875, 14.2835 ], [ 35.9018, 14.2627 ], [ 35.9729, 14.2447 ], [ 36.0329, 14.2111 ], [ 36.0609, 14.2073 ], [ 36.0753, 14.2063 ], [ 36.0931, 14.2101 ], [ 36.1569, 14.2277 ], [ 36.2248, 14.2533 ], [ 36.3295, 14.2795 ], [ 36.3531, 14.2795 ], [ 36.3979, 14.2559 ], [ 36.4217, 14.2395 ], [ 36.4611, 14.2257 ], [ 36.5207, 14.2181 ], [ 36.547, 14.2209 ], [ 36.5604, 14.2567 ], [ 36.5449, 14.274 ], [ 36.5217, 14.3443 ], [ 36.4707, 14.8778 ], [ 36.3691, 14.8594 ], [ 36.2365, 14.8759 ], [ 36.0968, 14.9413 ], [ 36.0155, 15.0047 ], [ 35.9776, 14.977 ], [ 35.9623, 14.9805 ] ] ] } },
{ "type": "Feature", "properties": { "iso3": "SDN", "unit_id": "87320338B96647300425958", "unit_name": "Reifi Nahr Atbara" }, "geometry": { "type": "Polygon", "coordinates": [ [ [ 35.5507, 16.0101 ], [ 35.5497, 16.0257 ], [ 35.5374, 16.0583 ], [ 35.496, 16.0707 ], [ 35.4919, 16.1172 ], [ 35.4837, 16.1401 ], [ 35.4647, 16.1769 ], [ 35.4664, 16.2085 ], [ 35.4498, 16.2471 ], [ 35.4177, 16.2729 ], [ 35.3333, 16.3087 ], [ 35.2599, 16.3101 ], [ 35.3421, 16.2275 ], [ 35.4464, 15.9784 ], [ 35.2578, 15.8201 ], [ 35.26, 15.7169 ], [ 35.247, 15.6542 ], [ 35.2467, 15.6231 ], [ 35.2527, 15.6072 ], [ 35.3336, 15.4615 ], [ 35.2979, 15.3165 ], [ 35.3256, 15.2977 ], [ 35.3954, 15.2404 ], [ 35.4338, 15.2049 ], [ 35.4731, 15.15 ], [ 35.551, 15.1514 ], [ 35.5833, 15.1817 ], [ 35.6089, 15.1756 ], [ 35.5995, 15.1844 ], [ 35.5657, 15.2614 ], [ 35.5736, 15.2691 ], [ 35.5549, 15.3048 ], [ 35.5442, 15.2984 ], [ 35.5157, 15.3405 ], [ 35.5106, 15.3412 ], [ 35.4921, 15.3566 ], [ 35.4788, 15.5034 ], [ 35.4628, 15.5281 ], [ 35.4624, 15.5703 ], [ 35.497, 15.5901 ], [ 35.4829, 15.6921 ], [ 35.5346, 15.7136 ], [ 35.5399, 15.7697 ], [ 35.5182, 15.8473 ], [ 35.5285, 15.8805 ], [ 35.5422, 15.9567 ], [ 35.5374, 15.9793 ], [ 35.5507, 16.0101 ] ] ] } },
{ "type": "Feature", "properties": { "iso3": "SDN", "unit_id": "87320338B45757463971413", "unit_name": "Al Butanah" }, "geometry": { "type": "Polygon", "coordinates": [ [ [ 33.5693, 15.4555 ], [ 33.5751, 15.4385 ], [ 33.5981, 15.4341 ], [ 33.6337, 15.3993 ], [ 33.6427, 15.3681 ], [ 33.6523, 15.3007 ], [ 33.6605, 15.2977 ], [ 33.7131, 15.2969 ], [ 33.7353, 15.2915 ], [ 33.7741, 15.2619 ], [ 34.0415, 15.1433 ], [ 34.2855, 14.7323 ], [ 34.2599, 14.6675 ], [ 34.0322, 14.3364 ], [ 34.2107, 14.2818 ], [ 34.3032, 14.2474 ], [ 34.3382, 14.2448 ], [ 34.3855, 14.2972 ], [ 34.4567, 14.3602 ], [ 34.6234, 14.4456 ], [ 34.6864, 14.4476 ], [ 34.7352, 14.4314 ], [ 34.8979, 14.4171 ], [ 35.0423, 14.3948 ], [ 35.089, 14.409 ], [ 35.1053, 14.4293 ], [ 35.1358, 14.4802 ], [ 35.2354, 14.6144 ], [ 35.2802, 14.6408 ], [ 35.3229, 14.6388 ], [ 35.6217, 14.6013 ], [ 35.6338, 14.6383 ], [ 35.7279, 14.8701 ], [ 35.6117, 14.9485 ], [ 34.7736, 15.4566 ], [ 34.7201, 15.5163 ], [ 34.6937, 15.5403 ], [ 34.6045, 15.5803 ], [ 34.5189, 15.6119 ], [ 34.3807, 15.6833 ], [ 34.0837, 15.7333 ], [ 33.9867, 15.7629 ], [ 33.7995, 15.7149 ], [ 33.7991, 15.7181 ], [ 33.7587, 15.7091 ], [ 33.7343, 15.7001 ], [ 33.7145, 15.6877 ], [ 33.7043, 15.6867 ], [ 33.6797, 15.6915 ], [ 33.6677, 15.6887 ], [ 33.6607, 15.6805 ], [ 33.6273, 15.6587 ], [ 33.6225, 15.6525 ], [ 33.6111, 15.6059 ], [ 33.5793, 15.5521 ], [ 33.5697, 15.4991 ], [ 33.5693, 15.4555 ] ] ] } },
{ "type": "Feature", "properties": { "iso3": "SDN", "unit_id": "87320338B4385518473774", "unit_name": "Al Fao" }, "geometry": { "type": "Polygon", "coordinates": [ [ [ 34.0322, 14.3364 ], [ 33.9941, 14.3507 ], [ 33.9889, 14.3391 ], [ 33.9885, 14.3337 ], [ 33.9923, 14.3291 ], [ 34.0153, 14.3117 ], [ 34.0359, 14.2759 ], [ 34.0397, 14.2631 ], [ 34.0227, 14.2243 ], [ 34.0153, 14.2105 ], [ 33.9911, 14.1863 ], [ 33.9553, 14.1643 ], [ 33.9319, 14.1435 ], [ 33.9307, 14.1363 ], [ 33.9633, 14.0721 ], [ 33.9859, 14.0397 ], [ 33.9907, 14.0179 ], [ 33.9885, 14.0055 ], [ 34.0005, 14.0001 ], [ 34.0031, 13.9909 ], [ 34.0177, 13.9893 ], [ 34.0395, 13.9779 ], [ 34.0469, 13.9415 ], [ 34.0555, 13.9321 ], [ 34.0613, 13.9317 ], [ 34.0799, 13.8983 ], [ 34.0773, 13.8909 ], [ 34.0851, 13.8801 ], [ 34.0875, 13.8633 ], [ 34.0937, 13.8511 ], [ 34.0983, 13.8159 ], [ 34.1039, 13.8103 ], [ 34.1243, 13.8041 ], [ 34.1287, 13.7989 ], [ 34.1283, 13.7919 ], [ 34.1374, 13.7887 ], [ 34.1711, 13.7841 ], [ 34.2159, 13.7864 ], [ 34.3513, 13.7684 ], [ 34.4136, 13.7665 ], [ 34.372, 14.0565 ], [ 34.3382, 14.2448 ], [ 34.3032, 14.2474 ], [ 34.2107, 14.2818 ], [ 34.0322, 14.3364 ] ] ] } },
{ "type": "Feature", "properties": { "iso3": "SDN", "unit_id": "87320338B15083727741342", "unit_name": "Al Fashaga" }, "geometry": { "type": "Polygon", "coordinates": [ [ [ 35.7279, 14.8701 ], [ 35.6338, 14.6383 ], [ 35.6008, 14.5374 ], [ 35.6028, 14.4561 ], [ 35.6304, 14.2118 ], [ 35.6412, 14.0134 ], [ 35.5391, 14.0118 ], [ 35.5691, 13.9767 ], [ 35.6586, 13.9741 ], [ 35.6852, 13.9819 ], [ 35.7721, 13.9762 ], [ 35.8179, 13.9809 ], [ 35.9063, 13.984 ], [ 35.9663, 14.0035 ], [ 36.0141, 14.0076 ], [ 36.0193, 13.9975 ], [ 36.035, 13.9975 ], [ 36.0437, 13.9922 ], [ 36.0515, 13.9787 ], [ 36.0586, 13.9753 ], [ 36.0679, 13.9604 ], [ 36.0789, 13.9147 ], [ 36.0982, 13.8866 ], [ 36.0997, 13.8795 ], [ 36.11, 13.8741 ], [ 36.2382, 13.8701 ], [ 36.2554, 13.8813 ], [ 36.2602, 13.8794 ], [ 36.2705, 13.8826 ], [ 36.2706, 13.8684 ], [ 36.2743, 13.8649 ], [ 36.2866, 13.8639 ], [ 36.2953, 13.8583 ], [ 36.2982, 13.8626 ], [ 36.303, 13.8633 ], [ 36.3181, 13.8594 ], [ 36.3274, 13.8626 ], [ 36.3374, 13.8614 ], [ 36.3376, 13.8706 ], [ 36.3467, 13.8691 ], [ 36.3487, 13.8594 ], [ 36.3525, 13.8565 ], [ 36.3667, 13.8639 ], [ 36.3751, 13.8614 ], [ 36.3937, 13.8684 ], [ 36.4047, 13.8578 ], [ 36.4037, 13.8472 ], [ 36.4137, 13.8427 ], [ 36.4201, 13.835 ], [ 36.441, 13.8363 ], [ 36.452, 13.8199 ], [ 36.4674, 13.8279 ], [ 36.4719, 13.8224 ], [ 36.4918, 13.8275 ], [ 36.4985, 13.8379 ], [ 36.4585, 13.9788 ], [ 36.4704, 14.0002 ], [ 36.547, 14.2209 ], [ 36.5207, 14.2181 ], [ 36.4611, 14.2257 ], [ 36.4217, 14.2395 ], [ 36.3979, 14.2559 ], [ 36.3531, 14.2795 ], [ 36.3295, 14.2795 ], [ 36.2248, 14.2533 ], [ 36.1569, 14.2277 ], [ 36.0931, 14.2101 ], [ 36.0753, 14.2063 ], [ 36.0609, 14.2073 ], [ 36.0329, 14.2111 ], [ 35.9729, 14.2447 ], [ 35.9018, 14.2627 ], [ 35.8875, 14.2835 ], [ 35.8612, 14.292 ], [ 35.8543, 14.3421 ], [ 35.8599, 14.3625 ], [ 35.8697, 14.3718 ], [ 35.8923, 14.4619 ], [ 35.8931, 14.4791 ], [ 35.8821, 14.4943 ], [ 35.8744, 14.5123 ], [ 35.8823, 14.5357 ], [ 35.9003, 14.5539 ], [ 35.9035, 14.5745 ], [ 35.8945, 14.5831 ], [ 35.8886, 14.6041 ], [ 35.8925, 14.6167 ], [ 35.8827, 14.661 ], [ 35.8917, 14.6842 ], [ 35.9147, 14.7185 ], [ 35.9147, 14.7285 ], [ 35.9225, 14.7395 ], [ 35.9343, 14.7785 ], [ 35.9197, 14.8109 ], [ 35.9151, 14.8436 ], [ 35.9167, 14.851 ], [ 35.8065, 14.8719 ], [ 35.7451, 14.8743 ], [ 35.7279, 14.8701 ] ] ] } },
{ "type": "Feature", "properties": { "iso3": "SDN", "unit_id": "87320338B64436672756867", "unit_name": "Al Qureisha" }, "geometry": { "type": "Polygon", "coordinates": [ [ [ 35.5691, 13.9767 ], [ 35.8095, 13.6854 ], [ 35.9099, 13.5703 ], [ 35.9444, 13.5468 ], [ 35.9875, 13.5279 ], [ 36.0283, 13.5231 ], [ 36.0498, 13.5163 ], [ 36.0734, 13.4975 ], [ 36.1114, 13.4747 ], [ 36.1591, 13.4753 ], [ 36.1637, 13.472 ], [ 36.1509, 13.442 ], [ 36.16, 13.4006 ], [ 36.1677, 13.3935 ], [ 36.1995, 13.3858 ], [ 36.2241, 13.359 ], [ 36.2302, 13.3484 ], [ 36.262, 13.3299 ], [ 36.2674, 13.323 ], [ 36.2843, 13.381 ], [ 36.3686, 13.5305 ], [ 36.3781, 13.5376 ], [ 36.3824, 13.5462 ], [ 36.41, 13.6642 ], [ 36.4509, 13.7736 ], [ 36.4538, 13.7784 ], [ 36.4633, 13.7832 ], [ 36.4756, 13.8084 ], [ 36.4918, 13.8275 ], [ 36.4719, 13.8224 ], [ 36.4674, 13.8279 ], [ 36.452, 13.8199 ], [ 36.441, 13.8363 ], [ 36.4201, 13.835 ], [ 36.4137, 13.8427 ], [ 36.4037, 13.8472 ], [ 36.4047, 13.8578 ], [ 36.3937, 13.8684 ], [ 36.3751, 13.8614 ], [ 36.3667, 13.8639 ], [ 36.3525, 13.8565 ], [ 36.3487, 13.8594 ], [ 36.3467, 13.8691 ], [ 36.3376, 13.8706 ], [ 36.3374, 13.8614 ], [ 36.3274, 13.8626 ], [ 36.3181, 13.8594 ], [ 36.303, 13.8633 ], [ 36.2982, 13.8626 ], [ 36.2953, 13.8583 ], [ 36.2866, 13.8639 ], [ 36.2743, 13.8649 ], [ 36.2706, 13.8684 ], [ 36.2705, 13.8826 ], [ 36.2602, 13.8794 ], [ 36.2554, 13.8813 ], [ 36.2382, 13.8701 ], [ 36.11, 13.8741 ], [ 36.0997, 13.8795 ], [ 36.0982, 13.8866 ], [ 36.0789, 13.9147 ], [ 36.0679, 13.9604 ], [ 36.0586, 13.9753 ], [ 36.0515, 13.9787 ], [ 36.0437, 13.9922 ], [ 36.035, 13.9975 ], [ 36.0193, 13.9975 ], [ 36.0141, 14.0076 ], [ 35.9663, 14.0035 ], [ 35.9063, 13.984 ], [ 35.8179, 13.9809 ], [ 35.7721, 13.9762 ], [ 35.6852, 13.9819 ], [ 35.6586, 13.9741 ], [ 35.5691, 13.9767 ] ] ] } },
{ "type": "Feature", "properties": { "iso3": "SDN", "unit_id": "87320338B92889638836370", "unit_name": "Basundah" }, "geometry": { "type": "Polygon", "coordinates": [ [ [ 35.6998, 12.6661 ], [ 35.723, 12.6707 ], [ 35.7344, 12.666 ], [ 35.7368, 12.6579 ], [ 35.753, 12.6584 ], [ 35.7615, 12.6627 ], [ 35.7672, 12.6588 ], [ 35.7649, 12.6679 ], [ 35.771, 12.6726 ], [ 35.7753, 12.6631 ], [ 35.9995, 12.7221 ], [ 36.0185, 12.7226 ], [ 36.0437, 12.7164 ], [ 36.0685, 12.7193 ], [ 36.0832, 12.7169 ], [ 36.1075, 12.7064 ], [ 36.1123, 12.6983 ], [ 36.1094, 12.6864 ], [ 36.1337, 12.685 ], [ 36.1689, 12.6922 ], [ 36.1822, 12.8597 ], [ 36.1825, 12.8975 ], [ 36.1625, 12.9175 ], [ 36.1506, 12.9427 ], [ 36.1592, 12.9523 ], [ 36.1596, 12.958 ], [ 36.1558, 12.9637 ], [ 36.1701, 12.9851 ], [ 36.1711, 12.9984 ], [ 36.1749, 13.0022 ], [ 36.1893, 13.0492 ], [ 36.1405, 13.0947 ], [ 36.1039, 13.1444 ], [ 36.0974, 13.1463 ], [ 36.08, 13.1739 ], [ 36.0823, 13.1777 ], [ 36.0791, 13.1833 ], [ 35.8868, 13.1973 ], [ 35.8207, 13.1871 ], [ 35.7443, 13.1604 ], [ 35.7204, 13.1486 ], [ 35.6852, 13.1466 ], [ 35.4561, 13.118 ], [ 35.4723, 12.9733 ], [ 35.565, 12.7578 ], [ 35.5693, 12.7231 ], [ 35.5791, 12.7131 ], [ 35.6055, 12.7067 ], [ 35.6199, 12.6925 ], [ 35.6319, 12.6974 ], [ 35.6451, 12.6877 ], [ 35.6503, 12.6773 ], [ 35.6725, 12.6793 ], [ 35.6864, 12.6671 ], [ 35.6998, 12.6661 ] ] ] } },
{ "type": "Feature", "properties": { "iso3": "SDN", "unit_id": "87320338B24940460279652", "unit_name": "Al Galabat Al Gharbyah - Kassab" }, "geometry": { "type": "Polygon", "coordinates": [ [ [ 35.5391, 14.0118 ], [ 35.465, 13.9853 ], [ 35.4518, 13.978 ], [ 35.3852, 13.9606 ], [ 35.367, 13.9456 ], [ 35.2883, 13.9544 ], [ 35.2705, 13.9682 ], [ 35.2538, 14.0075 ], [ 35.1943, 14.0066 ], [ 35.173, 13.9718 ], [ 35.1562, 13.9292 ], [ 35.0944, 13.9235 ], [ 35.0126, 13.7762 ], [ 35.0555, 13.7849 ], [ 35.0989, 13.8 ], [ 35.113, 13.7995 ], [ 35.1171, 13.7909 ], [ 35.092, 13.7197 ], [ 35.0943, 13.6609 ], [ 35.1135, 13.5975 ], [ 35.1495, 13.5058 ], [ 35.1691, 13.4894 ], [ 35.3341, 13.4829 ], [ 35.3359, 13.4757 ], [ 35.3254, 13.4195 ], [ 35.3098, 13.3689 ], [ 35.3074, 13.3411 ], [ 35.3228, 13.3168 ], [ 35.3406, 13.3136 ], [ 35.4158, 13.3104 ], [ 35.4396, 13.1267 ], [ 35.4689, 12.9728 ], [ 35.25, 12.9383 ], [ 35.1683, 12.9107 ], [ 35.163, 12.8937 ], [ 35.159, 12.8918 ], [ 35.1599, 12.8873 ], [ 35.1558, 12.8848 ], [ 35.1558, 12.8806 ], [ 35.1671, 12.877 ], [ 35.167, 12.8737 ], [ 35.1556, 12.8714 ], [ 35.157, 12.8645 ], [ 35.1638, 12.864 ], [ 35.1695, 12.8474 ], [ 35.1843, 12.8452 ], [ 35.2157, 12.8296 ], [ 35.2231, 12.7881 ], [ 35.2325, 12.7795 ], [ 35.3409, 12.7351 ], [ 35.4123, 12.7195 ], [ 35.5073, 12.7175 ], [ 35.5693, 12.7231 ], [ 35.565, 12.7578 ], [ 35.4723, 12.9733 ], [ 35.437, 13.265 ], [ 35.4005, 13.4885 ], [ 35.5243, 13.4849 ], [ 35.5201, 13.4945 ], [ 35.5466, 13.5628 ], [ 35.5472, 13.6031 ], [ 35.5538, 13.6349 ], [ 35.565, 13.6546 ], [ 35.7506, 13.7577 ], [ 35.5391, 14.0118 ] ] ] } },
{ "type": "Feature", "properties": { "iso3": "SDN", "unit_id": "87320338B67588966366301", "unit_name": "Gala'a Al Nahal" }, "geometry": { "type": "Polygon", "coordinates": [ [ [ 35.0126, 13.7762 ], [ 34.9653, 13.6911 ], [ 34.9534, 13.6776 ], [ 34.8473, 13.6852 ], [ 34.8315, 13.6973 ], [ 34.846, 13.672 ], [ 34.8424, 13.6673 ], [ 34.8334, 13.6675 ], [ 34.8155, 13.6484 ], [ 34.8021, 13.6157 ], [ 34.81, 13.5914 ], [ 34.7474, 13.533 ], [ 34.7107, 13.5151 ], [ 34.6838, 13.4924 ], [ 34.6838, 13.4779 ], [ 34.6921, 13.4645 ], [ 34.782, 13.3591 ], [ 34.8191, 13.2971 ], [ 34.8398, 13.2733 ], [ 34.8743, 13.268 ], [ 35.123, 13.2007 ], [ 35.0943, 13.0966 ], [ 35.0809, 13.0359 ], [ 35.1243, 12.9687 ], [ 35.1683, 12.9107 ], [ 35.25, 12.9383 ], [ 35.4689, 12.9728 ], [ 35.4396, 13.1267 ], [ 35.4158, 13.3104 ], [ 35.3406, 13.3136 ], [ 35.3228, 13.3168 ], [ 35.3074, 13.3411 ], [ 35.3098, 13.3689 ], [ 35.3254, 13.4195 ], [ 35.3359, 13.4757 ], [ 35.3341, 13.4829 ], [ 35.1691, 13.4894 ], [ 35.1495, 13.5058 ], [ 35.1135, 13.5975 ], [ 35.0943, 13.6609 ], [ 35.092, 13.7197 ], [ 35.1171, 13.7909 ], [ 35.113, 13.7995 ], [ 35.0989, 13.8 ], [ 35.0555, 13.7849 ], [ 35.0126, 13.7762 ] ] ] } },
{ "type": "Feature", "properties": { "iso3": "SDN", "unit_id": "87320338B83130557727480", "unit_name": "Madeinat Al Gedaref" }, "geometry": { "type": "Polygon", "coordinates": [ [ [ 35.431, 13.9725 ], [ 35.4216, 14.006 ], [ 35.4208, 14.0304 ], [ 35.4352, 14.0493 ], [ 35.4365, 14.0645 ], [ 35.4318, 14.0694 ], [ 35.4007, 14.0758 ], [ 35.3619, 14.0709 ], [ 35.3521, 14.078 ], [ 35.3467, 14.0905 ], [ 35.3342, 14.0905 ], [ 35.3271, 14.0839 ], [ 35.3129, 14.0481 ], [ 35.3124, 14.0299 ], [ 35.3158, 14.0228 ], [ 35.3587, 14.0005 ], [ 35.3813, 13.9755 ], [ 35.3852, 13.9606 ], [ 35.431, 13.9725 ] ] ] } },
{ "type": "Feature", "properties": { "iso3": "SDN", "unit_id": "87320338B26656651109679", "unit_name": "Wasat Al Gedaref" }, "geometry": { "type": "Polygon", "coordinates": [ [ [ 34.3382, 14.2448 ], [ 34.372, 14.0565 ], [ 34.4169, 13.7435 ], [ 34.4663, 13.7243 ], [ 34.6276, 13.6853 ], [ 34.6706, 13.711 ], [ 34.7909, 13.745 ], [ 34.8315, 13.6973 ], [ 34.8473, 13.6852 ], [ 34.9534, 13.6776 ], [ 34.9653, 13.6911 ], [ 35.0944, 13.9235 ], [ 35.1562, 13.9292 ], [ 35.173, 13.9718 ], [ 35.1943, 14.0066 ], [ 35.2538, 14.0075 ], [ 35.2705, 13.9682 ], [ 35.2883, 13.9544 ], [ 35.367, 13.9456 ], [ 35.3793, 13.9538 ], [ 35.3852, 13.9606 ], [ 35.3813, 13.9755 ], [ 35.3695, 13.9907 ], [ 35.3457, 14.0093 ], [ 35.3158, 14.0228 ], [ 35.3124, 14.0299 ], [ 35.3129, 14.0481 ], [ 35.3271, 14.0839 ], [ 35.3342, 14.0905 ], [ 35.3467, 14.0905 ], [ 35.3521, 14.078 ], [ 35.3619, 14.0709 ], [ 35.4007, 14.0758 ], [ 35.4318, 14.0694 ], [ 35.4365, 14.0645 ], [ 35.4352, 14.0493 ], [ 35.4208, 14.0304 ], [ 35.4216, 14.006 ], [ 35.431, 13.9725 ], [ 35.5391, 14.0118 ], [ 35.6412, 14.0134 ], [ 35.6304, 14.2118 ], [ 35.6028, 14.4561 ], [ 35.6008, 14.5374 ], [ 35.6217, 14.6013 ], [ 35.3229, 14.6388 ], [ 35.2802, 14.6408 ], [ 35.2354, 14.6144 ], [ 35.1358, 14.4802 ], [ 35.1053, 14.4293 ], [ 35.089, 14.409 ], [ 35.0423, 14.3948 ], [ 34.8979, 14.4171 ], [ 34.7352, 14.4314 ], [ 34.6864, 14.4476 ], [ 34.6234, 14.4456 ], [ 34.4567, 14.3602 ], [ 34.3855, 14.2972 ], [ 34.3382, 14.2448 ] ] ] } },
{ "type": "Feature", "properties": { "iso3": "SDN", "unit_id": "87320338B20008539836220", "unit_name": "Al Mafaza" }, "geometry": { "type": "Polygon", "coordinates": [ [ [ 34.1283, 13.7919 ], [ 34.1323, 13.7813 ], [ 34.1485, 13.7627 ], [ 34.1503, 13.7555 ], [ 34.2611, 13.6503 ], [ 34.2889, 13.6049 ], [ 34.3739, 13.4855 ], [ 34.4395, 13.4209 ], [ 34.4099, 13.4513 ], [ 34.5219, 13.498 ], [ 34.5179, 13.5353 ], [ 34.5212, 13.5464 ], [ 34.5303, 13.5589 ], [ 34.5435, 13.5683 ], [ 34.5489, 13.593 ], [ 34.5522, 13.5967 ], [ 34.5614, 13.5983 ], [ 34.6112, 13.5824 ], [ 34.7433, 13.5301 ], [ 34.81, 13.5914 ], [ 34.8021, 13.6157 ], [ 34.8155, 13.6484 ], [ 34.8334, 13.6675 ], [ 34.8424, 13.6673 ], [ 34.846, 13.672 ], [ 34.8315, 13.6973 ], [ 34.7909, 13.745 ], [ 34.6706, 13.711 ], [ 34.6276, 13.6853 ], [ 34.4663, 13.7243 ], [ 34.4169, 13.7435 ], [ 34.4136, 13.7665 ], [ 34.3513, 13.7684 ], [ 34.2159, 13.7864 ], [ 34.1711, 13.7841 ], [ 34.1283, 13.7919 ] ] ] } },
{ "type": "Feature", "properties": { "iso3": "SDN", "unit_id": "87320338B35408918252973", "unit_name": "Galabat Ash-Shargiah" }, "geometry": { "type": "Polygon", "coordinates": [ [ [ 35.7506, 13.7577 ], [ 35.565, 13.6546 ], [ 35.5538, 13.6349 ], [ 35.5472, 13.6031 ], [ 35.5466, 13.5628 ], [ 35.5201, 13.4945 ], [ 35.5243, 13.4849 ], [ 35.4005, 13.4885 ], [ 35.437, 13.265 ], [ 35.4561, 13.118 ], [ 35.6852, 13.1466 ], [ 35.7204, 13.1486 ], [ 35.7443, 13.1604 ], [ 35.8207, 13.1871 ], [ 35.8868, 13.1973 ], [ 36.0791, 13.1833 ], [ 36.0823, 13.1777 ], [ 36.08, 13.1739 ], [ 36.0974, 13.1463 ], [ 36.1039, 13.1444 ], [ 36.1405, 13.0947 ], [ 36.1893, 13.0492 ], [ 36.2674, 13.323 ], [ 36.262, 13.3299 ], [ 36.2302, 13.3484 ], [ 36.2241, 13.359 ], [ 36.1995, 13.3858 ], [ 36.1677, 13.3935 ], [ 36.16, 13.4006 ], [ 36.1509, 13.442 ], [ 36.1637, 13.472 ], [ 36.1591, 13.4753 ], [ 36.1114, 13.4747 ], [ 36.0734, 13.4975 ], [ 36.0498, 13.5163 ], [ 36.0283, 13.5231 ], [ 35.9875, 13.5279 ], [ 35.9444, 13.5468 ], [ 35.9099, 13.5703 ], [ 35.7506, 13.7577 ] ] ] } },
{ "type": "Feature", "properties": { "iso3": "SDN", "unit_id": "87320338B88918423070206", "unit_name": "Ar Rahad" }, "geometry": { "type": "Polygon", "coordinates": [ [ [ 35.1683, 12.9107 ], [ 35.1243, 12.9687 ], [ 35.0809, 13.0359 ], [ 35.0943, 13.0966 ], [ 35.123, 13.2007 ], [ 34.8743, 13.268 ], [ 34.8398, 13.2733 ], [ 34.8191, 13.2971 ], [ 34.782, 13.3591 ], [ 34.6921, 13.4645 ], [ 34.6838, 13.4779 ], [ 34.6838, 13.4924 ], [ 34.7107, 13.5151 ], [ 34.7433, 13.5301 ], [ 34.6112, 13.5824 ], [ 34.5565, 13.5988 ], [ 34.5489, 13.593 ], [ 34.5435, 13.5683 ], [ 34.5303, 13.5589 ], [ 34.5212, 13.5464 ], [ 34.5179, 13.5353 ], [ 34.5219, 13.498 ], [ 34.4099, 13.4513 ], [ 34.4707, 13.3893 ], [ 34.5663, 13.2815 ], [ 34.5757, 13.2617 ], [ 34.5861, 13.2617 ], [ 34.5893, 13.2577 ], [ 34.6037, 13.2631 ], [ 34.6111, 13.2619 ], [ 34.6167, 13.2473 ], [ 34.6212, 13.245 ], [ 34.6419, 13.2479 ], [ 34.6423, 13.2419 ], [ 34.6379, 13.2368 ], [ 34.6398, 13.2311 ], [ 34.6433, 13.2301 ], [ 34.6407, 13.2152 ], [ 34.6447, 13.2073 ], [ 34.6569, 13.2059 ], [ 34.6775, 13.1883 ], [ 34.6875, 13.189 ], [ 34.6926, 13.1937 ], [ 34.7034, 13.1969 ], [ 34.7119, 13.1923 ], [ 34.716, 13.1815 ], [ 34.7235, 13.1757 ], [ 34.7245, 13.1923 ], [ 34.7295, 13.1963 ], [ 34.7393, 13.1945 ], [ 34.7451, 13.1829 ], [ 34.7487, 13.1815 ], [ 34.7687, 13.1959 ], [ 34.7767, 13.1959 ], [ 34.7867, 13.1883 ], [ 34.7929, 13.1697 ], [ 34.8029, 13.1743 ], [ 34.8137, 13.1711 ], [ 34.8177, 13.1585 ], [ 34.8169, 13.1487 ], [ 34.8223, 13.1395 ], [ 34.8395, 13.1247 ], [ 34.8367, 13.1009 ], [ 34.8475, 13.0837 ], [ 34.8489, 13.0707 ], [ 34.8597, 13.0543 ], [ 34.8669, 13.0287 ], [ 34.8907, 13.0197 ], [ 34.8904, 13.004 ], [ 34.8987, 12.9981 ], [ 34.9295, 12.9541 ], [ 34.9719, 12.9185 ], [ 35.0029, 12.8993 ], [ 35.0179, 12.8951 ], [ 35.0367, 12.8937 ], [ 35.0545, 12.9001 ], [ 35.0785, 12.8915 ], [ 35.1083, 12.8988 ], [ 35.1363, 12.8669 ], [ 35.2231, 12.7881 ], [ 35.2157, 12.8296 ], [ 35.1843, 12.8452 ], [ 35.1695, 12.8474 ], [ 35.1638, 12.864 ], [ 35.157, 12.8645 ], [ 35.1556, 12.8714 ], [ 35.167, 12.8737 ], [ 35.1671, 12.877 ], [ 35.1558, 12.8806 ], [ 35.1558, 12.8848 ], [ 35.1599, 12.8873 ], [ 35.159, 12.8918 ], [ 35.163, 12.8937 ], [ 35.1683, 12.9107 ] ] ] } },
{ "type": "Feature", "properties": { "iso3": "SDN", "unit_id": "87320338B90782370652702", "unit_name": "Um Rawaba" }, "geometry": { "type": "Polygon", "coordinates": [ [ [ 31.6809, 12.6021 ], [ 31.6689, 12.7179 ], [ 31.6957, 12.7761 ], [ 31.6865, 12.8659 ], [ 31.7087, 12.9209 ], [ 31.7361, 12.9537 ], [ 31.7377, 12.9689 ], [ 31.7311, 12.9877 ], [ 31.7413, 13.0111 ], [ 31.7623, 13.0271 ], [ 31.7825, 13.0331 ], [ 31.8337, 13.0835 ], [ 31.8479, 13.1053 ], [ 31.9431, 13.1531 ], [ 31.9703, 13.1617 ], [ 31.9943, 13.1599 ], [ 32.0261, 13.2229 ], [ 32.0163, 13.2615 ], [ 31.9909, 13.3167 ], [ 31.9829, 13.3797 ], [ 32.0235, 13.4161 ], [ 32.0249, 13.4507 ], [ 32.0352, 13.4755 ], [ 32.0167, 13.4979 ], [ 31.9775, 13.4935 ], [ 31.9659, 13.5007 ], [ 31.9509, 13.5305 ], [ 31.9529, 13.5563 ], [ 31.8734, 13.6238 ], [ 31.8379, 13.7225 ], [ 31.6805, 13.6959 ], [ 31.5945, 13.685 ], [ 31.4548, 13.6494 ], [ 31.408, 13.6526 ], [ 31.359, 13.5918 ], [ 31.3279, 13.5953 ], [ 31.3073, 13.5427 ], [ 31.3131, 13.4688 ], [ 31.2864, 13.387 ], [ 31.1752, 13.3736 ], [ 31.0067, 13.5058 ], [ 30.9229, 13.5011 ], [ 30.909, 13.4549 ], [ 30.8257, 13.5035 ], [ 30.7776, 13.5104 ], [ 30.7706, 13.4595 ], [ 30.7169, 13.4479 ], [ 30.6869, 13.3924 ], [ 30.6626, 13.3338 ], [ 30.6847, 13.299 ], [ 30.7174, 13.2365 ], [ 30.7776, 13.2414 ], [ 30.8474, 13.1764 ], [ 30.8312, 13.1112 ], [ 30.8368, 13.1018 ], [ 30.8289, 13.0933 ], [ 30.8404, 13.0181 ], [ 30.8394, 13.0212 ], [ 30.8577, 12.9588 ], [ 30.8666, 12.8841 ], [ 30.8821, 12.8359 ], [ 30.8821, 12.7701 ], [ 30.8973, 12.754 ], [ 30.9192, 12.6727 ], [ 30.9681, 12.6026 ], [ 30.9762, 12.6001 ], [ 30.9871, 12.6107 ], [ 31.0191, 12.6045 ], [ 31.0343, 12.6055 ], [ 31.1161, 12.6221 ], [ 31.1751, 12.6085 ], [ 31.1941, 12.6111 ], [ 31.2087, 12.6177 ], [ 31.2419, 12.6159 ], [ 31.2699, 12.6249 ], [ 31.2999, 12.6275 ], [ 31.3365, 12.6429 ], [ 31.3607, 12.6485 ], [ 31.3917, 12.6545 ], [ 31.4379, 12.6583 ], [ 31.5431, 12.6345 ], [ 31.6645, 12.6017 ], [ 31.6809, 12.6021 ] ] ] } },
{ "type": "Feature", "properties": { "iso3": "SDN", "unit_id": "87320338B13496220619396", "unit_name": "Sheikan" }, "geometry": { "type": "Polygon", "coordinates": [ [ [ 30.3737, 12.5143 ], [ 30.4344, 12.5574 ], [ 30.4579, 12.5777 ], [ 30.4494, 12.6558 ], [ 30.4331, 12.6799 ], [ 30.4246, 12.6761 ], [ 30.3735, 12.726 ], [ 30.342, 12.7775 ], [ 30.3215, 12.8021 ], [ 30.3152, 12.8168 ], [ 30.3138, 12.8328 ], [ 30.3195, 12.8391 ], [ 30.3535, 12.8593 ], [ 30.4728, 13.0857 ], [ 30.458, 13.106 ], [ 30.4547, 13.1304 ], [ 30.5272, 13.1852 ], [ 30.5241, 13.2456 ], [ 30.5133, 13.2613 ], [ 30.5137, 13.2835 ], [ 30.4837, 13.3362 ], [ 30.4264, 13.3055 ], [ 30.4111, 13.3041 ], [ 30.3147, 13.5007 ], [ 30.3113, 13.4534 ], [ 30.2899, 13.452 ], [ 30.297, 13.5106 ], [ 30.2941, 13.5548 ], [ 30.2795, 13.5938 ], [ 30.2756, 13.5919 ], [ 30.1283, 13.6183 ], [ 30.1182, 13.6101 ], [ 30.1115, 13.6244 ], [ 30.0676, 13.6032 ], [ 30.0652, 13.5883 ], [ 30.0696, 13.5706 ], [ 30.06, 13.5629 ], [ 29.9782, 13.5621 ], [ 29.9607, 13.5822 ], [ 29.9467, 13.5805 ], [ 29.9405, 13.5704 ], [ 29.9326, 13.5782 ], [ 29.9142, 13.5607 ], [ 29.9045, 13.5655 ], [ 29.8992, 13.5532 ], [ 29.8381, 13.541 ], [ 29.823, 13.534 ], [ 29.8311, 13.5128 ], [ 29.8741, 13.5052 ], [ 29.8809, 13.4939 ], [ 29.8759, 13.4761 ], [ 29.863, 13.4597 ], [ 29.9057, 13.4143 ], [ 29.8914, 13.3956 ], [ 29.83, 13.418 ], [ 29.7951, 13.3837 ], [ 29.7551, 13.3524 ], [ 29.7295, 13.3523 ], [ 29.7123, 13.3459 ], [ 29.6881, 13.3151 ], [ 29.608, 13.3305 ], [ 29.5457, 13.3737 ], [ 29.5568, 13.3437 ], [ 29.5273, 13.3547 ], [ 29.5201, 13.2553 ], [ 29.532, 13.1651 ], [ 29.5461, 13.1007 ], [ 29.5649, 13.0881 ], [ 29.5876, 13.0887 ], [ 29.6372, 13.0023 ], [ 29.6349, 12.9987 ], [ 29.7233, 12.8771 ], [ 29.7883, 12.7457 ], [ 29.8057, 12.7379 ], [ 29.8437, 12.7313 ], [ 29.8597, 12.7243 ], [ 29.9307, 12.7253 ], [ 29.9715, 12.7201 ], [ 30.0093, 12.7085 ], [ 30.0121, 12.6987 ], [ 30.0017, 12.6715 ], [ 30.0035, 12.6443 ], [ 30.036, 12.5948 ], [ 30.0359, 12.5485 ], [ 30.0389, 12.5297 ], [ 30.0443, 12.5197 ], [ 30.0301, 12.4877 ], [ 30.0305, 12.4761 ], [ 30.0407, 12.4467 ], [ 30.0503, 12.4435 ], [ 30.0709, 12.4471 ], [ 30.1357, 12.4899 ], [ 30.2265, 12.5265 ], [ 30.2703, 12.5331 ], [ 30.3289, 12.5367 ], [ 30.3595, 12.5267 ], [ 30.3737, 12.5143 ] ] ] } },
{ "type": "Feature", "properties": { "iso3": "SDN", "unit_id": "87320338B96595466750436", "unit_name": "Soudari" }, "geometry": { "type": "Polygon", "coordinates": [ [ [ 27.4438, 14.0975 ], [ 27.4807, 14.0923 ], [ 27.4967, 14.1181 ], [ 27.7728, 14.1186 ], [ 27.8236, 14.0582 ], [ 27.8373, 14.061 ], [ 27.8605, 14.0727 ], [ 27.8791, 14.058 ], [ 27.8804, 14.0609 ], [ 27.8699, 14.0703 ], [ 27.8627, 14.0836 ], [ 27.9081, 14.082 ], [ 27.9144, 14.0694 ], [ 27.9113, 14.068 ], [ 27.8992, 14.0743 ], [ 27.8979, 14.0706 ], [ 27.907, 14.0626 ], [ 27.9198, 14.0557 ], [ 27.9594, 14.0508 ], [ 27.988, 14.0554 ], [ 27.9945, 14.0799 ], [ 27.9869, 14.0944 ], [ 27.9857, 14.1045 ], [ 27.9895, 14.1194 ], [ 28.0032, 14.1231 ], [ 28.0126, 14.1221 ], [ 28.0734, 14.0693 ], [ 28.0811, 14.0561 ], [ 28.0798, 14.0509 ], [ 28.0678, 14.049 ], [ 28.0665, 14.0381 ], [ 28.0515, 14.0193 ], [ 28.0567, 13.9833 ], [ 28.1249, 13.9559 ], [ 28.1973, 13.9697 ], [ 28.2534, 14.0258 ], [ 28.3069, 14.0053 ], [ 28.3245, 13.9915 ], [ 28.3658, 13.9871 ], [ 28.4862, 13.9339 ], [ 28.4971, 13.9339 ], [ 28.6, 13.8977 ], [ 28.638, 13.8597 ], [ 28.6595, 13.8595 ], [ 28.6694, 13.8677 ], [ 28.6741, 13.8669 ], [ 28.678, 13.8593 ], [ 28.7037, 13.8591 ], [ 28.7101, 13.8427 ], [ 28.7327, 13.8495 ], [ 28.7444, 13.8275 ], [ 28.7471, 13.8119 ], [ 28.7673, 13.8109 ], [ 28.8015, 13.8577 ], [ 28.8716, 13.8573 ], [ 28.8749, 13.854 ], [ 28.996, 13.8821 ], [ 28.996, 13.9447 ], [ 29.1096, 14.0343 ], [ 29.156, 14.1094 ], [ 29.2008, 14.1158 ], [ 29.3196, 14.0295 ], [ 29.3605, 14.0568 ], [ 29.3803, 14.0484 ], [ 29.4031, 14.0536 ], [ 29.4196, 14.0792 ], [ 29.4632, 14.0954 ], [ 29.4734, 14.0733 ], [ 29.4921, 14.0691 ], [ 29.5128, 14.1138 ], [ 29.5611, 14.1318 ], [ 29.5313, 14.1669 ], [ 29.5552, 14.1984 ], [ 29.5727, 14.2719 ], [ 29.5738, 14.3112 ], [ 29.5355, 14.3453 ], [ 29.5417, 14.3805 ], [ 29.5905, 14.4036 ], [ 29.6696, 14.3816 ], [ 29.7871, 14.3984 ], [ 29.7996, 14.5324 ], [ 29.6373, 14.6086 ], [ 29.6712, 14.6502 ], [ 29.8083, 14.7465 ], [ 29.7845, 14.9069 ], [ 29.5868, 15.0734 ], [ 29.4463, 15.1566 ], [ 29.4463, 15.2711 ], [ 29.696, 15.448 ], [ 29.8053, 15.5312 ], [ 29.7428, 15.7446 ], [ 29.7064, 15.8538 ], [ 29.8469, 16.0463 ], [ 30.1383, 16.1868 ], [ 30.3828, 16.1556 ], [ 30.8667, 16.3325 ], [ 30.919, 16.5247 ], [ 28.2481, 16.5251 ], [ 26.9412, 16.5295 ], [ 27.0054, 15.8375 ], [ 27.07, 15.0775 ], [ 27.1197, 14.9183 ], [ 27.1994, 14.8037 ], [ 27.3393, 14.2785 ], [ 27.3432, 14.2565 ], [ 27.3418, 14.1009 ], [ 27.4438, 14.0975 ] ] ] } },
{ "type": "Feature", "properties": { "iso3": "SDN", "unit_id": "87320338B13584392680963", "unit_name": "Bara" }, "geometry": { "type": "Polygon", "coordinates": [ [ [ 31.5333, 14.2125 ], [ 31.499, 14.2119 ], [ 31.4931, 14.216 ], [ 31.4916, 14.2252 ], [ 31.4758, 14.2444 ], [ 31.4207, 14.2919 ], [ 31.4128, 14.3011 ], [ 31.4119, 14.3078 ], [ 31.4057, 14.3107 ], [ 31.3936, 14.3069 ], [ 31.3456, 14.3228 ], [ 31.3189, 14.3231 ], [ 31.3115, 14.3298 ], [ 31.3107, 14.3409 ], [ 31.3166, 14.3565 ], [ 31.3488, 14.3866 ], [ 31.3112, 14.457 ], [ 31.2864, 14.4863 ], [ 31.1285, 14.4921 ], [ 31.0855, 14.5586 ], [ 31.0467, 14.5586 ], [ 31.0422, 14.5324 ], [ 31.0352, 14.52 ], [ 31.0102, 14.5304 ], [ 30.9926, 14.5007 ], [ 30.9397, 14.5723 ], [ 30.8224, 14.5713 ], [ 30.7712, 14.5396 ], [ 30.7658, 14.5154 ], [ 30.7575, 14.5126 ], [ 30.7468, 14.5236 ], [ 30.7203, 14.505 ], [ 30.5969, 14.4591 ], [ 30.5601, 14.4325 ], [ 30.5418, 14.3837 ], [ 30.503, 14.3595 ], [ 30.4491, 14.3507 ], [ 30.4453, 14.3526 ], [ 30.4323, 14.2738 ], [ 30.4035, 14.2283 ], [ 30.3811, 14.2211 ], [ 30.3692, 14.2283 ], [ 30.346, 14.2634 ], [ 30.3268, 14.3058 ], [ 30.3478, 14.4022 ], [ 30.3127, 14.4201 ], [ 30.2554, 14.3871 ], [ 30.2664, 14.3133 ], [ 30.2194, 14.1591 ], [ 30.2208, 14.1124 ], [ 30.2125, 14.0326 ], [ 30.1735, 13.9356 ], [ 30.1313, 13.9413 ], [ 30.1186, 13.9314 ], [ 30.1235, 13.8969 ], [ 30.1165, 13.8765 ], [ 30.1038, 13.8497 ], [ 30.091, 13.8319 ], [ 30.0741, 13.8218 ], [ 30.0769, 13.8139 ], [ 30.0793, 13.7566 ], [ 30.094, 13.7133 ], [ 30.1062, 13.7111 ], [ 30.1074, 13.6967 ], [ 30.1016, 13.6587 ], [ 30.1062, 13.6357 ], [ 30.1182, 13.6101 ], [ 30.1283, 13.6183 ], [ 30.2756, 13.5919 ], [ 30.2795, 13.5938 ], [ 30.2941, 13.5548 ], [ 30.297, 13.5106 ], [ 30.2899, 13.452 ], [ 30.3113, 13.4534 ], [ 30.3147, 13.5007 ], [ 30.3236, 13.4851 ], [ 30.3818, 13.5253 ], [ 30.4041, 13.502 ], [ 30.4327, 13.5034 ], [ 30.4413, 13.5106 ], [ 30.4427, 13.525 ], [ 30.4864, 13.5382 ], [ 30.4978, 13.5518 ], [ 30.4908, 13.573 ], [ 30.4865, 13.6031 ], [ 30.507, 13.6352 ], [ 30.554, 13.6823 ], [ 30.5144, 13.7041 ], [ 30.5166, 13.7363 ], [ 30.5527, 13.7523 ], [ 30.5747, 13.7688 ], [ 30.5755, 13.7845 ], [ 30.5551, 13.8245 ], [ 30.5143, 13.8504 ], [ 30.5017, 13.8897 ], [ 30.5582, 13.9203 ], [ 30.5559, 13.9501 ], [ 30.5739, 13.9823 ], [ 30.5712, 14.0164 ], [ 30.4851, 14.0917 ], [ 30.4857, 14.1074 ], [ 30.4997, 14.1153 ], [ 30.5781, 14.0385 ], [ 30.5794, 14.0427 ], [ 30.6092, 14.049 ], [ 30.6217, 14.0445 ], [ 30.647, 14.062 ], [ 30.6591, 14.0801 ], [ 30.7164, 14.0311 ], [ 30.7658, 14.0558 ], [ 30.7798, 14.0402 ], [ 30.8083, 14.0229 ], [ 30.8423, 14.0313 ], [ 30.8808, 14.0454 ], [ 30.9182, 14.0386 ], [ 30.9504, 14.0204 ], [ 30.9583, 14.0213 ], [ 30.97, 14.0117 ], [ 30.9809, 13.9947 ], [ 30.9749, 13.991 ], [ 30.9749, 13.9819 ], [ 30.9803, 13.9754 ], [ 30.9772, 13.9576 ], [ 30.9447, 13.8724 ], [ 30.9408, 13.8708 ], [ 30.942, 13.8652 ], [ 30.9381, 13.8549 ], [ 30.957, 13.8205 ], [ 30.9259, 13.8098 ], [ 30.9149, 13.7866 ], [ 30.9206, 13.7769 ], [ 30.9285, 13.7774 ], [ 30.9649, 13.7949 ], [ 30.9685, 13.7994 ], [ 30.9696, 13.8199 ], [ 30.9845, 13.8234 ], [ 31.004, 13.8001 ], [ 31.0315, 13.7984 ], [ 31.117, 13.7612 ], [ 31.1354, 13.7622 ], [ 31.2033, 13.8495 ], [ 31.25, 13.8261 ], [ 31.253, 13.7838 ], [ 31.2442, 13.7313 ], [ 31.2608, 13.6502 ], [ 31.3031, 13.5982 ], [ 31.359, 13.5918 ], [ 31.408, 13.6526 ], [ 31.4548, 13.6494 ], [ 31.5945, 13.685 ], [ 31.6805, 13.6959 ], [ 31.8379, 13.7225 ], [ 31.7865, 13.8725 ], [ 31.5939, 14.0079 ], [ 31.5617, 14.0705 ], [ 31.5351, 14.1696 ], [ 31.5333, 14.2125 ] ] ] } },
{ "type": "Feature", "properties": { "iso3": "SDN", "unit_id": "87320338B50043262559863", "unit_name": "Gebrat Al Sheikh" }, "geometry": { "type": "Polygon", "coordinates": [ [ [ 31.6979, 16.5279 ], [ 30.919, 16.5247 ], [ 30.8667, 16.3325 ], [ 30.3828, 16.1556 ], [ 30.1383, 16.1868 ], [ 29.8469, 16.0463 ], [ 29.7064, 15.8538 ], [ 29.7428, 15.7446 ], [ 29.8053, 15.5312 ], [ 29.696, 15.448 ], [ 29.4463, 15.2711 ], [ 29.4463, 15.1566 ], [ 29.5868, 15.0734 ], [ 29.7845, 14.9069 ], [ 29.8083, 14.7465 ], [ 29.6712, 14.6502 ], [ 29.6373, 14.6086 ], [ 29.7996, 14.5324 ], [ 29.8627, 14.5873 ], [ 29.9718, 14.5537 ], [ 30.1607, 14.4782 ], [ 30.232, 14.4572 ], [ 30.2554, 14.3871 ], [ 30.3127, 14.4201 ], [ 30.3478, 14.4022 ], [ 30.3268, 14.3058 ], [ 30.346, 14.2634 ], [ 30.3692, 14.2283 ], [ 30.3811, 14.2211 ], [ 30.4035, 14.2283 ], [ 30.4323, 14.2738 ], [ 30.4453, 14.3526 ], [ 30.4491, 14.3507 ], [ 30.503, 14.3595 ], [ 30.5418, 14.3837 ], [ 30.5601, 14.4325 ], [ 30.5969, 14.4591 ], [ 30.7203, 14.505 ], [ 30.7468, 14.5236 ], [ 30.7575, 14.5126 ], [ 30.7658, 14.5154 ], [ 30.7712, 14.5396 ], [ 30.8224, 14.5713 ], [ 30.9397, 14.5723 ], [ 30.9926, 14.5007 ], [ 31.0102, 14.5304 ], [ 31.0352, 14.52 ], [ 31.0422, 14.5324 ], [ 31.0467, 14.5586 ], [ 31.0855, 14.5586 ], [ 31.1285, 14.4921 ], [ 31.2864, 14.4863 ], [ 31.3112, 14.457 ], [ 31.3488, 14.3866 ], [ 31.3166, 14.3565 ], [ 31.3107, 14.3409 ], [ 31.3115, 14.3298 ], [ 31.3189, 14.3231 ], [ 31.3456, 14.3228 ], [ 31.3936, 14.3069 ], [ 31.4057, 14.3107 ], [ 31.4119, 14.3078 ], [ 31.4128, 14.3011 ], [ 31.4207, 14.2919 ], [ 31.4758, 14.2444 ], [ 31.4916, 14.2252 ], [ 31.4931, 14.216 ], [ 31.499, 14.2119 ], [ 31.5333, 14.2125 ], [ 31.5295, 14.3065 ], [ 31.5875, 14.4397 ], [ 31.6007, 14.5107 ], [ 31.6037, 14.5689 ], [ 31.6017, 14.5995 ], [ 31.6077, 14.6135 ], [ 31.6907, 14.6767 ], [ 31.6927, 14.6945 ], [ 31.7037, 14.6985 ], [ 31.7627, 14.6633 ], [ 31.8785, 14.7573 ], [ 31.9011, 14.8525 ], [ 31.8925, 14.8589 ], [ 31.8941, 14.8825 ], [ 31.9103, 14.8837 ], [ 31.9313, 14.8807 ], [ 31.9543, 14.9669 ], [ 32.0493, 14.9683 ], [ 32.0523, 14.9811 ], [ 32.0721, 14.9871 ], [ 32.0713, 15.0263 ], [ 32.0439, 15.0279 ], [ 32.0429, 15.0509 ], [ 32.3519, 15.1775 ], [ 32.3557, 15.1879 ], [ 32.2336, 15.4371 ], [ 32.2236, 15.4447 ], [ 32.0999, 15.7211 ], [ 32.0054, 15.8411 ], [ 31.9944, 15.8741 ], [ 31.9772, 15.9043 ], [ 31.6979, 16.5279 ] ] ] } },
{ "type": "Feature", "properties": { "iso3": "SDN", "unit_id": "87320338B81970118550048", "unit_name": "Um Dam Haj Ahmed" }, "geometry": { "type": "Polygon", "coordinates": [ [ [ 31.3279, 13.5953 ], [ 31.3031, 13.5982 ], [ 31.2608, 13.6502 ], [ 31.2442, 13.7313 ], [ 31.253, 13.7838 ], [ 31.25, 13.8261 ], [ 31.2033, 13.8495 ], [ 31.1354, 13.7622 ], [ 31.117, 13.7612 ], [ 31.0315, 13.7984 ], [ 31.004, 13.8001 ], [ 30.9845, 13.8234 ], [ 30.9696, 13.8199 ], [ 30.9685, 13.7994 ], [ 30.9649, 13.7949 ], [ 30.9285, 13.7774 ], [ 30.9206, 13.7769 ], [ 30.9149, 13.7866 ], [ 30.9259, 13.8098 ], [ 30.957, 13.8205 ], [ 30.9381, 13.8549 ], [ 30.942, 13.8652 ], [ 30.9408, 13.8708 ], [ 30.9447, 13.8724 ], [ 30.9772, 13.9576 ], [ 30.9803, 13.9754 ], [ 30.9749, 13.9819 ], [ 30.9749, 13.991 ], [ 30.9809, 13.9947 ], [ 30.97, 14.0117 ], [ 30.9583, 14.0213 ], [ 30.9504, 14.0204 ], [ 30.9182, 14.0386 ], [ 30.8808, 14.0454 ], [ 30.8423, 14.0313 ], [ 30.8083, 14.0229 ], [ 30.7798, 14.0402 ], [ 30.7658, 14.0558 ], [ 30.7164, 14.0311 ], [ 30.6591, 14.0801 ], [ 30.647, 14.062 ], [ 30.6217, 14.0445 ], [ 30.6092, 14.049 ], [ 30.5794, 14.0427 ], [ 30.5781, 14.0385 ], [ 30.4997, 14.1153 ], [ 30.4857, 14.1074 ], [ 30.4851, 14.0917 ], [ 30.5712, 14.0164 ], [ 30.5739, 13.9823 ], [ 30.5559, 13.9501 ], [ 30.5582, 13.9203 ], [ 30.5017, 13.8897 ], [ 30.5143, 13.8504 ], [ 30.5551, 13.8245 ], [ 30.5755, 13.7845 ], [ 30.5747, 13.7688 ], [ 30.5527, 13.7523 ], [ 30.5166, 13.7363 ], [ 30.5144, 13.7041 ], [ 30.554, 13.6823 ], [ 30.507, 13.6352 ], [ 30.4865, 13.6031 ], [ 30.4908, 13.573 ], [ 30.4978, 13.5518 ], [ 30.4864, 13.5382 ], [ 30.4427, 13.525 ], [ 30.4413, 13.5106 ], [ 30.4327, 13.5034 ], [ 30.4041, 13.502 ], [ 30.3818, 13.5253 ], [ 30.3236, 13.4851 ], [ 30.4111, 13.3041 ], [ 30.4264, 13.3055 ], [ 30.4755, 13.3319 ], [ 30.4972, 13.3763 ], [ 30.5117, 13.369 ], [ 30.5198, 13.3364 ], [ 30.5533, 13.3198 ], [ 30.5687, 13.3234 ], [ 30.5923, 13.3388 ], [ 30.6438, 13.3615 ], [ 30.6626, 13.3338 ], [ 30.6869, 13.3924 ], [ 30.7169, 13.4479 ], [ 30.7706, 13.4595 ], [ 30.7776, 13.5104 ], [ 30.8257, 13.5035 ], [ 30.909, 13.4549 ], [ 30.9229, 13.5011 ], [ 31.0067, 13.5058 ], [ 31.1752, 13.3736 ], [ 31.2864, 13.387 ], [ 31.3131, 13.4688 ], [ 31.3073, 13.5427 ], [ 31.3279, 13.5953 ] ] ] } },
{ "type": "Feature", "properties": { "iso3": "SDN", "unit_id": "87320338B92215664862494", "unit_name": "Gharb Bara" }, "geometry": { "type": "Polygon", "coordinates": [ [ [ 30.1115, 13.6244 ], [ 30.1016, 13.6587 ], [ 30.1074, 13.6967 ], [ 30.1062, 13.7111 ], [ 30.094, 13.7133 ], [ 30.0793, 13.7566 ], [ 30.0769, 13.8139 ], [ 30.0741, 13.8218 ], [ 30.091, 13.8319 ], [ 30.1038, 13.8497 ], [ 30.1165, 13.8765 ], [ 30.1235, 13.8969 ], [ 30.1186, 13.9314 ], [ 30.1313, 13.9413 ], [ 30.1735, 13.9356 ], [ 30.2125, 14.0326 ], [ 30.2208, 14.1124 ], [ 30.2194, 14.1591 ], [ 30.2664, 14.3133 ], [ 30.2572, 14.3816 ], [ 30.232, 14.4572 ], [ 30.1607, 14.4782 ], [ 29.9718, 14.5537 ], [ 29.8627, 14.5873 ], [ 29.7996, 14.5324 ], [ 29.7871, 14.3984 ], [ 29.6696, 14.3816 ], [ 29.5905, 14.4036 ], [ 29.5417, 14.3805 ], [ 29.5355, 14.3453 ], [ 29.5738, 14.3112 ], [ 29.5727, 14.2719 ], [ 29.5552, 14.1984 ], [ 29.5313, 14.1669 ], [ 29.5611, 14.1318 ], [ 29.5128, 14.1138 ], [ 29.4921, 14.0691 ], [ 29.4734, 14.0733 ], [ 29.4632, 14.0954 ], [ 29.4196, 14.0792 ], [ 29.4031, 14.0536 ], [ 29.3803, 14.0484 ], [ 29.3605, 14.0568 ], [ 29.3196, 14.0295 ], [ 29.2008, 14.1158 ], [ 29.156, 14.1094 ], [ 29.1096, 14.0343 ], [ 28.996, 13.9447 ], [ 28.996, 13.8821 ], [ 28.8749, 13.854 ], [ 28.8716, 13.8556 ], [ 28.8716, 13.7763 ], [ 28.9597, 13.7415 ], [ 28.9921, 13.7187 ], [ 29.0269, 13.7125 ], [ 29.0748, 13.6887 ], [ 29.1066, 13.6873 ], [ 29.2192, 13.5509 ], [ 29.2684, 13.5283 ], [ 29.2596, 13.5021 ], [ 29.2842, 13.4937 ], [ 29.3019, 13.4793 ], [ 29.3818, 13.4361 ], [ 29.3937, 13.4335 ], [ 29.402, 13.4387 ], [ 29.4113, 13.4387 ], [ 29.415, 13.4289 ], [ 29.5159, 13.4075 ], [ 29.5275, 13.3533 ], [ 29.5568, 13.3437 ], [ 29.5457, 13.3737 ], [ 29.608, 13.3305 ], [ 29.6881, 13.3151 ], [ 29.7123, 13.3459 ], [ 29.7295, 13.3523 ], [ 29.7551, 13.3524 ], [ 29.7951, 13.3837 ], [ 29.83, 13.418 ], [ 29.8914, 13.3956 ], [ 29.9057, 13.4143 ], [ 29.863, 13.4597 ], [ 29.8759, 13.4761 ], [ 29.8809, 13.4939 ], [ 29.8741, 13.5052 ], [ 29.8311, 13.5128 ], [ 29.823, 13.534 ], [ 29.8381, 13.541 ], [ 29.8992, 13.5532 ], [ 29.9045, 13.5655 ], [ 29.9142, 13.5607 ], [ 29.9326, 13.5782 ], [ 29.9405, 13.5704 ], [ 29.9467, 13.5805 ], [ 29.9607, 13.5822 ], [ 29.9782, 13.5621 ], [ 30.06, 13.5629 ], [ 30.0696, 13.5706 ], [ 30.0652, 13.5883 ], [ 30.0676, 13.6032 ], [ 30.1115, 13.6244 ] ] ] } },
{ "type": "Feature", "properties": { "iso3": "SDN", "unit_id": "87320338B53262299689911", "unit_name": "Ar Rahad" }, "geometry": { "type": "Polygon", "coordinates": [ [ [ 30.9762, 12.6001 ], [ 30.9681, 12.6026 ], [ 30.9192, 12.6727 ], [ 30.8973, 12.754 ], [ 30.8821, 12.7701 ], [ 30.8821, 12.8359 ], [ 30.8666, 12.8841 ], [ 30.8577, 12.9588 ], [ 30.8394, 13.0212 ], [ 30.8404, 13.0181 ], [ 30.8289, 13.0933 ], [ 30.8368, 13.1018 ], [ 30.8312, 13.1112 ], [ 30.8474, 13.1764 ], [ 30.7776, 13.2414 ], [ 30.7174, 13.2365 ], [ 30.6847, 13.299 ], [ 30.6438, 13.3615 ], [ 30.5923, 13.3388 ], [ 30.5687, 13.3234 ], [ 30.5533, 13.3198 ], [ 30.5198, 13.3364 ], [ 30.5117, 13.369 ], [ 30.4972, 13.3763 ], [ 30.4755, 13.3319 ], [ 30.4837, 13.3362 ], [ 30.5137, 13.2835 ], [ 30.5133, 13.2613 ], [ 30.5241, 13.2456 ], [ 30.5272, 13.1852 ], [ 30.4547, 13.1304 ], [ 30.458, 13.106 ], [ 30.4728, 13.0857 ], [ 30.3535, 12.8593 ], [ 30.3195, 12.8391 ], [ 30.3131, 12.8286 ], [ 30.3215, 12.8021 ], [ 30.342, 12.7775 ], [ 30.3735, 12.726 ], [ 30.4246, 12.6761 ], [ 30.4331, 12.6799 ], [ 30.4494, 12.6558 ], [ 30.4579, 12.5777 ], [ 30.3699, 12.5103 ], [ 30.4061, 12.4747 ], [ 30.4127, 12.4711 ], [ 30.4161, 12.4727 ], [ 30.4143, 12.4739 ], [ 30.4207, 12.4735 ], [ 30.4497, 12.4503 ], [ 30.5063, 12.3113 ], [ 30.5633, 12.2591 ], [ 30.5626, 12.2539 ], [ 30.5894, 12.2566 ], [ 30.5915, 12.2599 ], [ 30.6211, 12.2599 ], [ 30.7109, 12.2689 ], [ 30.8113, 12.3149 ], [ 30.8449, 12.3273 ], [ 30.8897, 12.3393 ], [ 30.9193, 12.3415 ], [ 30.9283, 12.3455 ], [ 30.9431, 12.3777 ], [ 30.9585, 12.3815 ], [ 31.0212, 12.3835 ], [ 31.0247, 12.4035 ], [ 31.0207, 12.4195 ], [ 31.0271, 12.4483 ], [ 31.0271, 12.4725 ], [ 31.0129, 12.5315 ], [ 31.0021, 12.5605 ], [ 30.9762, 12.6001 ] ] ] } },
{ "type": "Feature", "properties": { "iso3": "SDN", "unit_id": "87320338B84255587639682", "unit_name": "Abu Hujar" }, "geometry": { "type": "Polygon", "coordinates": [ [ [ 34.2227, 12.4602 ], [ 34.2042, 12.46 ], [ 34.156, 12.4952 ], [ 34.1498, 12.5029 ], [ 34.145, 12.5197 ], [ 34.1497, 12.532 ], [ 34.1832, 12.5661 ], [ 34.184, 12.5764 ], [ 34.18, 12.5946 ], [ 34.1734, 12.6049 ], [ 34.1546, 12.616 ], [ 34.1361, 12.6382 ], [ 34.143, 12.6826 ], [ 34.1402, 12.7103 ], [ 34.1276, 12.7356 ], [ 34.1298, 12.7461 ], [ 34.148, 12.7626 ], [ 34.1464, 12.7689 ], [ 34.1209, 12.7785 ], [ 34.0901, 12.8021 ], [ 34.0595, 12.849 ], [ 34.051, 12.8573 ], [ 34.0456, 12.8716 ], [ 34.0303, 12.8802 ], [ 34.0215, 12.877 ], [ 34.0054, 12.8544 ], [ 34.0004, 12.8574 ], [ 33.9974, 12.868 ], [ 34.0024, 12.883 ], [ 34.0152, 12.9011 ], [ 34.0176, 12.9313 ], [ 33.9827, 12.9618 ], [ 33.9815, 12.9763 ], [ 33.9966, 13.0017 ], [ 33.9897, 13.016 ], [ 33.9584, 13.0309 ], [ 33.9467, 13.0461 ], [ 33.9463, 13.0511 ], [ 33.9389, 13.0484 ], [ 33.9453, 13.0255 ], [ 33.9352, 13.0165 ], [ 33.9299, 13.0017 ], [ 33.8146, 12.9992 ], [ 33.7772, 12.9512 ], [ 33.7517, 12.9417 ], [ 33.7574, 12.9273 ], [ 33.742, 12.8949 ], [ 33.7027, 12.8261 ], [ 33.6188, 12.7014 ], [ 33.6204, 12.691 ], [ 33.5796, 12.4862 ], [ 33.6564, 12.3857 ], [ 33.7402, 12.3614 ], [ 33.7467, 12.3258 ], [ 34.0236, 12.2768 ], [ 34.0797, 12.2749 ], [ 34.0931, 12.2953 ], [ 34.1265, 12.3271 ], [ 34.1515, 12.3439 ], [ 34.1913, 12.4157 ], [ 34.2215, 12.4513 ], [ 34.2227, 12.4602 ] ] ] } },
{ "type": "Feature", "properties": { "iso3": "SDN", "unit_id": "87320338B28631073250955", "unit_name": "Sennar" }, "geometry": { "type": "Polygon", "coordinates": [ [ [ 32.9115, 13.2629 ], [ 32.9529, 13.2237 ], [ 32.9893, 13.1583 ], [ 33.0493, 13.1827 ], [ 33.0781, 13.1719 ], [ 33.0791, 13.1471 ], [ 33.0149, 13.1115 ], [ 33.0533, 13.0465 ], [ 33.0595, 13.0407 ], [ 33.0943, 13.0465 ], [ 33.1013, 13.0385 ], [ 33.1941, 13.0937 ], [ 33.3436, 13.202 ], [ 33.4827, 13.2559 ], [ 33.545, 13.3398 ], [ 33.6139, 13.3897 ], [ 33.6742, 13.3933 ], [ 33.6681, 13.4032 ], [ 33.6896, 13.4949 ], [ 33.6624, 13.5355 ], [ 33.6395, 13.5594 ], [ 33.5954, 13.5688 ], [ 33.5854, 13.5811 ], [ 33.5589, 13.5825 ], [ 33.5487, 13.5943 ], [ 33.4927, 13.6031 ], [ 33.4821, 13.6361 ], [ 33.4657, 13.6333 ], [ 33.4605, 13.6675 ], [ 33.4743, 13.7173 ], [ 33.4877, 13.7339 ], [ 33.5015, 13.7845 ], [ 33.5029, 13.8139 ], [ 33.4999, 13.8273 ], [ 33.4917, 13.8275 ], [ 33.4875, 13.8129 ], [ 33.4809, 13.8153 ], [ 33.4819, 13.8291 ], [ 33.4705, 13.8321 ], [ 33.4359, 13.8325 ], [ 33.4211, 13.8241 ], [ 33.4091, 13.8225 ], [ 33.4037, 13.8285 ], [ 33.4023, 13.8379 ], [ 33.4033, 13.8693 ], [ 33.4151, 13.8843 ], [ 33.4133, 13.8905 ], [ 33.4081, 13.8959 ], [ 33.4061, 13.8937 ], [ 33.3833, 13.8969 ], [ 33.3571, 13.9069 ], [ 33.3443, 13.9351 ], [ 33.3419, 13.9517 ], [ 33.3295, 13.9729 ], [ 33.3203, 14.0039 ], [ 33.2795, 14.0461 ], [ 33.2399, 14.0749 ], [ 33.1999, 14.0639 ], [ 33.1693, 14.0415 ], [ 33.0619, 14.0407 ], [ 33.0667, 13.8407 ], [ 33.1021, 13.8077 ], [ 33.1111, 13.7865 ], [ 33.0763, 13.8043 ], [ 33.0189, 13.7813 ], [ 32.9779, 13.7475 ], [ 32.9417, 13.6969 ], [ 32.9621, 13.5525 ], [ 32.9589, 13.5245 ], [ 32.9529, 13.5093 ], [ 32.9601, 13.5007 ], [ 32.9659, 13.4803 ], [ 32.9643, 13.4209 ], [ 32.9611, 13.3989 ], [ 32.9121, 13.2765 ], [ 32.9115, 13.2629 ] ] ] } },
{ "type": "Feature", "properties": { "iso3": "SDN", "unit_id": "87320338B81411976975650", "unit_name": "Ad Dali" }, "geometry": { "type": "Polygon", "coordinates": [ [ [ 34.0797, 12.2749 ], [ 34.0236, 12.2768 ], [ 33.7467, 12.3258 ], [ 33.7402, 12.3614 ], [ 33.6564, 12.3857 ], [ 33.5796, 12.4862 ], [ 33.6204, 12.691 ], [ 33.6188, 12.7014 ], [ 33.7209, 12.8572 ], [ 33.6367, 12.8749 ], [ 33.5994, 12.9383 ], [ 33.5793, 13.0568 ], [ 33.5982, 13.1368 ], [ 33.6164, 13.1597 ], [ 33.5919, 13.1601 ], [ 33.5738, 13.1677 ], [ 33.569, 13.195 ], [ 33.5792, 13.2255 ], [ 33.5869, 13.2347 ], [ 33.5752, 13.2606 ], [ 33.5581, 13.3129 ], [ 33.545, 13.3398 ], [ 33.4827, 13.2559 ], [ 33.3436, 13.202 ], [ 33.1941, 13.0937 ], [ 33.1083, 13.042 ], [ 33.1153, 13.0175 ], [ 33.1126, 13.0081 ], [ 33.1857, 12.9279 ], [ 33.1311, 12.8209 ], [ 33.0931, 12.7571 ], [ 33.0667, 12.6791 ], [ 33.0679, 12.6509 ], [ 33.1101, 12.5585 ], [ 33.1581, 12.4905 ], [ 33.1897, 12.3943 ], [ 33.2273, 12.3569 ], [ 33.2191, 12.3065 ], [ 33.2269, 12.2721 ], [ 33.2409, 12.2723 ], [ 33.2551, 12.2144 ], [ 33.2958, 12.2158 ], [ 33.2977, 12.212 ], [ 33.292, 12.2006 ], [ 33.2568, 12.1658 ], [ 33.1747, 11.7406 ], [ 33.2635, 11.7955 ], [ 33.2903, 11.8059 ], [ 33.3871, 11.8715 ], [ 33.5749, 11.9861 ], [ 33.6033, 11.9925 ], [ 33.7413, 12.0829 ], [ 33.8595, 12.1501 ], [ 33.9391, 12.1709 ], [ 33.9875, 12.2051 ], [ 34.0279, 12.2265 ], [ 34.0797, 12.2749 ] ] ] } },
{ "type": "Feature", "properties": { "iso3": "SDN", "unit_id": "87320338B34213972972600", "unit_name": "Ad Dinder" }, "geometry": { "type": "Polygon", "coordinates": [ [ [ 34.9187, 11.9523 ], [ 34.9631, 11.8849 ], [ 35.0506, 11.7395 ], [ 35.0953, 11.8161 ], [ 35.2756, 11.9445 ], [ 35.297, 11.9993 ], [ 35.3011, 12.0023 ], [ 35.3461, 12.0906 ], [ 35.4574, 12.2881 ], [ 35.6673, 12.636 ], [ 35.6998, 12.6661 ], [ 35.6864, 12.6671 ], [ 35.6725, 12.6793 ], [ 35.6503, 12.6773 ], [ 35.6451, 12.6877 ], [ 35.6319, 12.6974 ], [ 35.6199, 12.6925 ], [ 35.6055, 12.7067 ], [ 35.5791, 12.7131 ], [ 35.5693, 12.7231 ], [ 35.5073, 12.7175 ], [ 35.4123, 12.7195 ], [ 35.3409, 12.7351 ], [ 35.2325, 12.7795 ], [ 35.1363, 12.8669 ], [ 35.1083, 12.8988 ], [ 35.0785, 12.8915 ], [ 35.0545, 12.9001 ], [ 35.0367, 12.8937 ], [ 35.0179, 12.8951 ], [ 35.0029, 12.8993 ], [ 34.9719, 12.9185 ], [ 34.9295, 12.9541 ], [ 34.8987, 12.9981 ], [ 34.8904, 13.004 ], [ 34.8907, 13.0197 ], [ 34.8669, 13.0287 ], [ 34.8597, 13.0543 ], [ 34.8489, 13.0707 ], [ 34.8475, 13.0837 ], [ 34.8367, 13.1009 ], [ 34.8395, 13.1247 ], [ 34.8223, 13.1395 ], [ 34.8169, 13.1487 ], [ 34.8177, 13.1585 ], [ 34.8137, 13.1711 ], [ 34.8029, 13.1743 ], [ 34.7929, 13.1697 ], [ 34.7867, 13.1883 ], [ 34.7767, 13.1959 ], [ 34.7687, 13.1959 ], [ 34.7487, 13.1815 ], [ 34.7451, 13.1829 ], [ 34.7393, 13.1945 ], [ 34.7295, 13.1963 ], [ 34.7245, 13.1923 ], [ 34.7235, 13.1757 ], [ 34.716, 13.1815 ], [ 34.7119, 13.1923 ], [ 34.7034, 13.1969 ], [ 34.6926, 13.1937 ], [ 34.6875, 13.189 ], [ 34.6775, 13.1883 ], [ 34.6569, 13.2059 ], [ 34.6447, 13.2073 ], [ 34.6407, 13.2152 ], [ 34.6433, 13.2301 ], [ 34.6398, 13.2311 ], [ 34.6379, 13.2368 ], [ 34.6423, 13.2419 ], [ 34.6419, 13.2479 ], [ 34.6212, 13.245 ], [ 34.6167, 13.2473 ], [ 34.6111, 13.2619 ], [ 34.6037, 13.2631 ], [ 34.5893, 13.2577 ], [ 34.5861, 13.2617 ], [ 34.5757, 13.2617 ], [ 34.5663, 13.2815 ], [ 34.4707, 13.3893 ], [ 34.3739, 13.4855 ], [ 34.2889, 13.6049 ], [ 34.2611, 13.6503 ], [ 34.2475, 13.654 ], [ 34.0338, 13.5774 ], [ 33.9794, 13.5881 ], [ 33.9129, 13.5541 ], [ 33.8406, 13.5338 ], [ 33.8838, 13.4974 ], [ 33.932, 13.3824 ], [ 34.0403, 13.2443 ], [ 34.071, 13.1922 ], [ 34.0886, 13.1452 ], [ 34.2009, 13.0226 ], [ 34.2918, 12.9379 ], [ 34.3114, 12.9232 ], [ 34.3227, 12.9094 ], [ 34.3162, 12.8963 ], [ 34.3304, 12.8866 ], [ 34.3379, 12.8879 ], [ 34.3488, 12.882 ], [ 34.3681, 12.8808 ], [ 34.3756, 12.8774 ], [ 34.384, 12.864 ], [ 34.3957, 12.8636 ], [ 34.4004, 12.8583 ], [ 34.3989, 12.8495 ], [ 34.4035, 12.8395 ], [ 34.4008, 12.8322 ], [ 34.4035, 12.8257 ], [ 34.4241, 12.8141 ], [ 34.4195, 12.7964 ], [ 34.4191, 12.7613 ], [ 34.4383, 12.7446 ], [ 34.4337, 12.7345 ], [ 34.4237, 12.7282 ], [ 34.412, 12.7291 ], [ 34.398, 12.7256 ], [ 34.4104, 12.7152 ], [ 34.4082, 12.7028 ], [ 34.4129, 12.6916 ], [ 34.4208, 12.6847 ], [ 34.4347, 12.681 ], [ 34.4365, 12.677 ], [ 34.4347, 12.6676 ], [ 34.4297, 12.6654 ], [ 34.397, 12.6626 ], [ 34.3919, 12.6581 ], [ 34.3929, 12.6499 ], [ 34.3964, 12.6455 ], [ 34.4141, 12.639 ], [ 34.4216, 12.6306 ], [ 34.425, 12.6247 ], [ 34.4228, 12.606 ], [ 34.4364, 12.5973 ], [ 34.4375, 12.5836 ], [ 34.4462, 12.5739 ], [ 34.4505, 12.5623 ], [ 34.4657, 12.5579 ], [ 34.4949, 12.5417 ], [ 34.5123, 12.5439 ], [ 34.5285, 12.5341 ], [ 34.5687, 12.5243 ], [ 34.6175, 12.5145 ], [ 34.6403, 12.5179 ], [ 34.6565, 12.5125 ], [ 34.6727, 12.4983 ], [ 34.6879, 12.4919 ], [ 34.7043, 12.4691 ], [ 34.7845, 12.4219 ], [ 34.8135, 12.3479 ], [ 34.8473, 12.2201 ], [ 34.8473, 12.2059 ], [ 34.8635, 12.1539 ], [ 34.8949, 12.0195 ], [ 34.9187, 11.9523 ] ] ] } },
{ "type": "Feature", "properties": { "iso3": "SDN", "unit_id": "87320338B37992257981954", "unit_name": "As Suki" }, "geometry": { "type": "Polygon", "coordinates": [ [ [ 34.2908, 12.4514 ], [ 34.3669, 12.4911 ], [ 34.4239, 12.5267 ], [ 34.4359, 12.5381 ], [ 34.4385, 12.5519 ], [ 34.4505, 12.5623 ], [ 34.4462, 12.5739 ], [ 34.4375, 12.5836 ], [ 34.4364, 12.5973 ], [ 34.4228, 12.606 ], [ 34.425, 12.6247 ], [ 34.4216, 12.6306 ], [ 34.4141, 12.639 ], [ 34.3964, 12.6455 ], [ 34.3919, 12.6581 ], [ 34.4066, 12.6651 ], [ 34.421, 12.6639 ], [ 34.4347, 12.6676 ], [ 34.4347, 12.681 ], [ 34.4208, 12.6847 ], [ 34.4129, 12.6916 ], [ 34.4082, 12.7028 ], [ 34.4104, 12.7152 ], [ 34.398, 12.7256 ], [ 34.412, 12.7291 ], [ 34.4237, 12.7282 ], [ 34.4337, 12.7345 ], [ 34.4383, 12.7446 ], [ 34.4237, 12.7559 ], [ 34.4178, 12.7672 ], [ 34.4195, 12.7964 ], [ 34.4241, 12.8141 ], [ 34.4035, 12.8257 ], [ 34.4008, 12.8322 ], [ 34.4035, 12.8395 ], [ 34.3989, 12.8495 ], [ 34.4004, 12.8583 ], [ 34.3957, 12.8636 ], [ 34.384, 12.864 ], [ 34.3756, 12.8774 ], [ 34.3681, 12.8808 ], [ 34.3488, 12.882 ], [ 34.3379, 12.8879 ], [ 34.3304, 12.8866 ], [ 34.3162, 12.8963 ], [ 34.3227, 12.9094 ], [ 34.3114, 12.9232 ], [ 34.2918, 12.9379 ], [ 34.2009, 13.0226 ], [ 34.0886, 13.1452 ], [ 34.071, 13.1922 ], [ 34.0403, 13.2443 ], [ 33.932, 13.3824 ], [ 33.8838, 13.4974 ], [ 33.8406, 13.5338 ], [ 33.7853, 13.4295 ], [ 33.7208, 13.39 ], [ 33.6815, 13.3823 ], [ 33.689, 13.3727 ], [ 33.7044, 13.3618 ], [ 33.7221, 13.3649 ], [ 33.7276, 13.3597 ], [ 33.7235, 13.3359 ], [ 33.7259, 13.3195 ], [ 33.7351, 13.3143 ], [ 33.7474, 13.3249 ], [ 33.7557, 13.3429 ], [ 33.767, 13.3431 ], [ 33.8463, 13.2766 ], [ 33.8583, 13.2849 ], [ 33.8644, 13.3024 ], [ 33.8736, 13.3135 ], [ 33.8842, 13.3149 ], [ 33.8893, 13.3098 ], [ 33.8788, 13.2888 ], [ 33.8783, 13.2707 ], [ 33.8865, 13.2616 ], [ 33.8953, 13.2573 ], [ 33.9155, 13.2538 ], [ 33.9348, 13.2313 ], [ 33.9546, 13.2252 ], [ 33.9606, 13.2192 ], [ 33.9635, 13.2015 ], [ 33.943, 13.1812 ], [ 33.9348, 13.1619 ], [ 33.9414, 13.1552 ], [ 33.964, 13.1525 ], [ 33.9734, 13.1411 ], [ 33.9794, 13.1209 ], [ 33.9696, 13.0987 ], [ 33.9687, 13.087 ], [ 33.9456, 13.0609 ], [ 33.9467, 13.0461 ], [ 33.9584, 13.0309 ], [ 33.9897, 13.016 ], [ 33.9966, 13.0017 ], [ 33.9815, 12.9763 ], [ 33.9827, 12.9618 ], [ 34.0176, 12.9313 ], [ 34.0152, 12.9011 ], [ 34.0024, 12.883 ], [ 33.9974, 12.868 ], [ 34.0004, 12.8574 ], [ 34.0054, 12.8544 ], [ 34.0215, 12.877 ], [ 34.0303, 12.8802 ], [ 34.0456, 12.8716 ], [ 34.051, 12.8573 ], [ 34.0595, 12.849 ], [ 34.0901, 12.8021 ], [ 34.1209, 12.7785 ], [ 34.1464, 12.7689 ], [ 34.148, 12.7626 ], [ 34.1298, 12.7461 ], [ 34.1276, 12.7356 ], [ 34.1402, 12.7103 ], [ 34.143, 12.6826 ], [ 34.1361, 12.6382 ], [ 34.1546, 12.616 ], [ 34.1734, 12.6049 ], [ 34.18, 12.5946 ], [ 34.184, 12.5764 ], [ 34.1832, 12.5661 ], [ 34.1497, 12.532 ], [ 34.145, 12.5197 ], [ 34.1498, 12.5029 ], [ 34.156, 12.4952 ], [ 34.2042, 12.46 ], [ 34.2227, 12.4602 ], [ 34.2323, 12.4649 ], [ 34.2503, 12.4607 ], [ 34.2583, 12.4551 ], [ 34.2783, 12.4559 ], [ 34.2908, 12.4514 ] ] ] } },
{ "type": "Feature", "properties": { "iso3": "SDN", "unit_id": "87320338B35454888832811", "unit_name": "Sharg Sennar" }, "geometry": { "type": "Polygon", "coordinates": [ [ [ 33.9885, 14.0055 ], [ 33.9655, 13.9973 ], [ 33.9427, 14.0105 ], [ 33.9265, 14.0059 ], [ 33.7295, 14.0763 ], [ 33.7215, 14.1009 ], [ 33.6765, 14.1031 ], [ 33.6695, 14.0943 ], [ 33.6633, 14.0627 ], [ 33.6503, 14.0489 ], [ 33.6283, 14.0443 ], [ 33.6237, 14.0329 ], [ 33.6277, 14.0129 ], [ 33.6449, 13.9917 ], [ 33.6465, 13.9655 ], [ 33.6397, 13.9515 ], [ 33.6115, 13.9531 ], [ 33.6051, 13.9495 ], [ 33.6041, 13.9397 ], [ 33.6249, 13.9171 ], [ 33.6321, 13.8785 ], [ 33.6251, 13.8579 ], [ 33.6053, 13.8417 ], [ 33.5741, 13.8487 ], [ 33.5571, 13.8353 ], [ 33.5563, 13.8237 ], [ 33.5623, 13.8085 ], [ 33.5725, 13.7989 ], [ 33.6145, 13.7791 ], [ 33.6249, 13.7597 ], [ 33.6147, 13.7505 ], [ 33.5869, 13.7539 ], [ 33.5731, 13.7499 ], [ 33.5591, 13.7351 ], [ 33.5581, 13.7263 ], [ 33.5627, 13.7171 ], [ 33.5845, 13.7101 ], [ 33.6175, 13.7087 ], [ 33.6239, 13.7001 ], [ 33.6265, 13.6661 ], [ 33.6043, 13.6399 ], [ 33.5867, 13.6125 ], [ 33.5854, 13.5811 ], [ 33.5954, 13.5688 ], [ 33.6395, 13.5594 ], [ 33.6772, 13.5167 ], [ 33.6896, 13.4949 ], [ 33.6681, 13.4032 ], [ 33.6815, 13.3823 ], [ 33.7208, 13.39 ], [ 33.7853, 13.4295 ], [ 33.8406, 13.5338 ], [ 33.9129, 13.5541 ], [ 33.9794, 13.5881 ], [ 34.0338, 13.5774 ], [ 34.2475, 13.654 ], [ 34.2611, 13.6503 ], [ 34.1503, 13.7555 ], [ 34.1431, 13.7709 ], [ 34.1323, 13.7813 ], [ 34.1287, 13.7989 ], [ 34.1243, 13.8041 ], [ 34.1039, 13.8103 ], [ 34.0983, 13.8159 ], [ 34.0937, 13.8511 ], [ 34.0875, 13.8633 ], [ 34.0851, 13.8801 ], [ 34.0773, 13.8909 ], [ 34.0799, 13.8983 ], [ 34.0613, 13.9317 ], [ 34.0555, 13.9321 ], [ 34.0469, 13.9415 ], [ 34.0395, 13.9779 ], [ 34.0177, 13.9893 ], [ 34.0031, 13.9909 ], [ 34.0005, 14.0001 ], [ 33.9885, 14.0055 ] ] ] } },
{ "type": "Feature", "properties": { "iso3": "SDN", "unit_id": "87320338B79040933432281", "unit_name": "Sinja" }, "geometry": { "type": "Polygon", "coordinates": [ [ [ 33.9463, 13.0511 ], [ 33.9456, 13.0609 ], [ 33.9687, 13.087 ], [ 33.9696, 13.0987 ], [ 33.9794, 13.1209 ], [ 33.9734, 13.1411 ], [ 33.964, 13.1525 ], [ 33.9414, 13.1552 ], [ 33.9348, 13.1619 ], [ 33.943, 13.1812 ], [ 33.9635, 13.2015 ], [ 33.9606, 13.2192 ], [ 33.9546, 13.2252 ], [ 33.9348, 13.2313 ], [ 33.9155, 13.2538 ], [ 33.8953, 13.2573 ], [ 33.8865, 13.2616 ], [ 33.8783, 13.2707 ], [ 33.8788, 13.2888 ], [ 33.8893, 13.3098 ], [ 33.8842, 13.3149 ], [ 33.8736, 13.3135 ], [ 33.8644, 13.3024 ], [ 33.8583, 13.2849 ], [ 33.8463, 13.2766 ], [ 33.767, 13.3431 ], [ 33.7557, 13.3429 ], [ 33.7474, 13.3249 ], [ 33.7351, 13.3143 ], [ 33.7259, 13.3195 ], [ 33.7235, 13.3359 ], [ 33.7276, 13.3597 ], [ 33.7221, 13.3649 ], [ 33.7044, 13.3618 ], [ 33.689, 13.3727 ], [ 33.6742, 13.3933 ], [ 33.6139, 13.3897 ], [ 33.545, 13.3398 ], [ 33.5581, 13.3129 ], [ 33.5752, 13.2606 ], [ 33.5869, 13.2347 ], [ 33.5792, 13.2255 ], [ 33.569, 13.195 ], [ 33.5738, 13.1677 ], [ 33.5919, 13.1601 ], [ 33.6164, 13.1597 ], [ 33.5982, 13.1368 ], [ 33.5793, 13.0568 ], [ 33.5994, 12.9383 ], [ 33.6367, 12.8749 ], [ 33.7209, 12.8572 ], [ 33.7574, 12.9273 ], [ 33.7517, 12.9417 ], [ 33.7772, 12.9512 ], [ 33.8146, 12.9992 ], [ 33.9299, 13.0017 ], [ 33.9352, 13.0165 ], [ 33.9453, 13.0255 ], [ 33.9389, 13.0484 ], [ 33.9463, 13.0511 ] ] ] } },
{ "type": "Feature", "properties": { "iso3": "SDN", "unit_id": "87320338B97332277019692", "unit_name": "Medani Al Kubra" }, "geometry": { "type": "Polygon", "coordinates": [ [ [ 33.7295, 14.0763 ], [ 33.7215, 14.1009 ], [ 33.6765, 14.1031 ], [ 33.6901, 14.1302 ], [ 33.6876, 14.1432 ], [ 33.6724, 14.1612 ], [ 33.6658, 14.1639 ], [ 33.6676, 14.1717 ], [ 33.6594, 14.2042 ], [ 33.6354, 14.2276 ], [ 33.6251, 14.2319 ], [ 33.6263, 14.2375 ], [ 33.6328, 14.239 ], [ 33.6356, 14.2443 ], [ 33.6271, 14.2809 ], [ 33.5979, 14.3143 ], [ 33.5943, 14.3307 ], [ 33.5894, 14.3351 ], [ 33.5634, 14.3391 ], [ 33.5671, 14.3312 ], [ 33.5637, 14.3211 ], [ 33.5575, 14.3214 ], [ 33.5499, 14.3267 ], [ 33.5464, 14.3333 ], [ 33.5361, 14.3282 ], [ 33.533, 14.349 ], [ 33.5252, 14.3667 ], [ 33.5315, 14.3879 ], [ 33.5288, 14.3905 ], [ 33.5219, 14.3876 ], [ 33.5107, 14.3703 ], [ 33.5028, 14.3721 ], [ 33.4802, 14.3643 ], [ 33.4564, 14.3732 ], [ 33.4673, 14.4013 ], [ 33.4643, 14.4162 ], [ 33.4738, 14.4239 ], [ 33.4774, 14.4374 ], [ 33.4578, 14.473 ], [ 33.4622, 14.478 ], [ 33.4449, 14.5115 ], [ 33.4486, 14.516 ], [ 33.4238, 14.5721 ], [ 33.4451, 14.5846 ], [ 33.456, 14.5769 ], [ 33.4589, 14.5584 ], [ 33.4622, 14.555 ], [ 33.4772, 14.562 ], [ 33.484, 14.5512 ], [ 33.493, 14.5239 ], [ 33.5149, 14.5179 ], [ 33.5375, 14.5065 ], [ 33.5329, 14.4897 ], [ 33.5402, 14.4674 ], [ 33.5945, 14.4767 ], [ 33.6101, 14.4737 ], [ 33.6153, 14.4651 ], [ 33.6154, 14.4513 ], [ 33.6316, 14.4361 ], [ 33.6387, 14.4105 ], [ 33.6491, 14.4039 ], [ 33.6461, 14.4016 ], [ 33.6494, 14.3974 ], [ 33.6486, 14.3875 ], [ 33.6422, 14.3783 ], [ 33.6423, 14.3727 ], [ 33.6491, 14.3653 ], [ 33.6536, 14.3464 ], [ 33.6714, 14.3247 ], [ 33.6824, 14.3035 ], [ 33.6916, 14.3022 ], [ 33.7043, 14.2872 ], [ 33.716, 14.2707 ], [ 33.72, 14.2593 ], [ 33.75, 14.221 ], [ 33.7604, 14.2247 ], [ 33.7623, 14.1873 ], [ 33.7558, 14.1656 ], [ 33.7383, 14.1464 ], [ 33.7399, 14.1263 ], [ 33.7448, 14.1198 ], [ 33.7539, 14.1178 ], [ 33.7799, 14.1186 ], [ 33.7805, 14.0881 ], [ 33.7573, 14.0766 ], [ 33.7299, 14.0762 ], [ 33.7295, 14.0763 ] ] ] } },
{ "type": "Feature", "properties": { "iso3": "SDN", "unit_id": "87320338B5626987155528", "unit_name": "Janub Al Jazirah" }, "geometry": { "type": "Polygon", "coordinates": [ [ [ 33.5854, 13.5811 ], [ 33.5867, 13.6125 ], [ 33.6043, 13.6399 ], [ 33.6265, 13.6661 ], [ 33.6239, 13.7001 ], [ 33.6175, 13.7087 ], [ 33.5845, 13.7101 ], [ 33.5627, 13.7171 ], [ 33.5581, 13.7263 ], [ 33.5591, 13.7351 ], [ 33.5731, 13.7499 ], [ 33.5869, 13.7539 ], [ 33.6147, 13.7505 ], [ 33.6249, 13.7597 ], [ 33.6145, 13.7791 ], [ 33.5725, 13.7989 ], [ 33.5623, 13.8085 ], [ 33.5563, 13.8237 ], [ 33.5571, 13.8353 ], [ 33.5741, 13.8487 ], [ 33.6053, 13.8417 ], [ 33.6251, 13.8579 ], [ 33.6321, 13.8785 ], [ 33.6277, 13.9077 ], [ 33.6249, 13.9171 ], [ 33.6041, 13.9397 ], [ 33.6051, 13.9495 ], [ 33.6115, 13.9531 ], [ 33.6397, 13.9515 ], [ 33.6465, 13.9655 ], [ 33.6449, 13.9917 ], [ 33.6277, 14.0129 ], [ 33.6237, 14.0329 ], [ 33.6283, 14.0443 ], [ 33.6503, 14.0489 ], [ 33.6633, 14.0627 ], [ 33.6695, 14.0943 ], [ 33.6901, 14.1302 ], [ 33.6876, 14.1432 ], [ 33.6724, 14.1612 ], [ 33.6658, 14.1639 ], [ 33.6676, 14.1717 ], [ 33.6594, 14.2042 ], [ 33.6354, 14.2276 ], [ 33.6251, 14.2319 ], [ 33.6263, 14.2375 ], [ 33.6328, 14.239 ], [ 33.6356, 14.2443 ], [ 33.6271, 14.2809 ], [ 33.5979, 14.3143 ], [ 33.5943, 14.3307 ], [ 33.5894, 14.3351 ], [ 33.5634, 14.3391 ], [ 33.5671, 14.3312 ], [ 33.5637, 14.3211 ], [ 33.5575, 14.3214 ], [ 33.5499, 14.3267 ], [ 33.5464, 14.3333 ], [ 33.5361, 14.3282 ], [ 33.533, 14.349 ], [ 33.5252, 14.3667 ], [ 33.5315, 14.3879 ], [ 33.5288, 14.3905 ], [ 33.5219, 14.3876 ], [ 33.5107, 14.3703 ], [ 33.5028, 14.3721 ], [ 33.4802, 14.3643 ], [ 33.4564, 14.3732 ], [ 33.4673, 14.4013 ], [ 33.4643, 14.4162 ], [ 33.4738, 14.4239 ], [ 33.4774, 14.4374 ], [ 33.4578, 14.473 ], [ 33.4622, 14.478 ], [ 33.4449, 14.5115 ], [ 33.4486, 14.516 ], [ 33.4238, 14.5721 ], [ 33.4451, 14.5846 ], [ 33.4233, 14.6 ], [ 33.404, 14.6071 ], [ 33.3906, 14.5955 ], [ 33.3811, 14.6 ], [ 33.3676, 14.5812 ], [ 33.3779, 14.5734 ], [ 33.3702, 14.5655 ], [ 33.3692, 14.5576 ], [ 33.3795, 14.5425 ], [ 33.3959, 14.5351 ], [ 33.3981, 14.527 ], [ 33.3856, 14.5114 ], [ 33.3978, 14.504 ], [ 33.4056, 14.4619 ], [ 33.3933, 14.4629 ], [ 33.3761, 14.4568 ], [ 33.3571, 14.4768 ], [ 33.343, 14.4463 ], [ 33.3145, 14.4486 ], [ 33.2905, 14.4267 ], [ 33.2711, 14.437 ], [ 33.2643, 14.4535 ], [ 33.2536, 14.4596 ], [ 33.2314, 14.4918 ], [ 33.21, 14.5092 ], [ 33.1885, 14.5154 ], [ 33.1758, 14.4951 ], [ 33.158, 14.5085 ], [ 33.1276, 14.4791 ], [ 33.0827, 14.4762 ], [ 33.0656, 14.4695 ], [ 33.0567, 14.4594 ], [ 33.0759, 14.4514 ], [ 33.0848, 14.4387 ], [ 33.0809, 14.4255 ], [ 33.0824, 14.4202 ], [ 33.0944, 14.4102 ], [ 33.0978, 14.3897 ], [ 33.0931, 14.3643 ], [ 33.0805, 14.3542 ], [ 33.0751, 14.3339 ], [ 33.0789, 14.3258 ], [ 33.0924, 14.3258 ], [ 33.116, 14.3105 ], [ 33.1317, 14.2897 ], [ 33.2205, 14.2422 ], [ 33.2235, 14.2451 ], [ 33.2276, 14.2429 ], [ 33.2272, 14.238 ], [ 33.2613, 14.216 ], [ 33.2785, 14.2158 ], [ 33.2836, 14.2105 ], [ 33.2584, 14.2083 ], [ 33.2504, 14.1863 ], [ 33.238, 14.1771 ], [ 33.2386, 14.1573 ], [ 33.2517, 14.1384 ], [ 33.2562, 14.1241 ], [ 33.2584, 14.0896 ], [ 33.2507, 14.0882 ], [ 33.2508, 14.0788 ], [ 33.2469, 14.0703 ], [ 33.2795, 14.0461 ], [ 33.3203, 14.0039 ], [ 33.3295, 13.9729 ], [ 33.3419, 13.9517 ], [ 33.3443, 13.9351 ], [ 33.3571, 13.9069 ], [ 33.3833, 13.8969 ], [ 33.4061, 13.8937 ], [ 33.4081, 13.8959 ], [ 33.4133, 13.8905 ], [ 33.4151, 13.8843 ], [ 33.4033, 13.8693 ], [ 33.4023, 13.8379 ], [ 33.4037, 13.8285 ], [ 33.4091, 13.8225 ], [ 33.4211, 13.8241 ], [ 33.4359, 13.8325 ], [ 33.4705, 13.8321 ], [ 33.4819, 13.8291 ], [ 33.4809, 13.8153 ], [ 33.4875, 13.8129 ], [ 33.4917, 13.8275 ], [ 33.4999, 13.8273 ], [ 33.5029, 13.8139 ], [ 33.5015, 13.7845 ], [ 33.4877, 13.7339 ], [ 33.4743, 13.7173 ], [ 33.4605, 13.6675 ], [ 33.4657, 13.6333 ], [ 33.4821, 13.6361 ], [ 33.4927, 13.6031 ], [ 33.5487, 13.5943 ], [ 33.5589, 13.5825 ], [ 33.5854, 13.5811 ] ] ] } },
{ "type": "Feature", "properties": { "iso3": "SDN", "unit_id": "87320338B16677479990506", "unit_name": "Um Algura" }, "geometry": { "type": "Polygon", "coordinates": [ [ [ 34.1745, 14.9195 ], [ 33.9382, 14.7311 ], [ 33.7751, 14.728 ], [ 33.761, 14.7348 ], [ 33.7329, 14.7198 ], [ 33.7029, 14.7275 ], [ 33.698, 14.7191 ], [ 33.6995, 14.7111 ], [ 33.6737, 14.6782 ], [ 33.6583, 14.6414 ], [ 33.6467, 14.6415 ], [ 33.6351, 14.6052 ], [ 33.5838, 14.6094 ], [ 33.5371, 14.6033 ], [ 33.5353, 14.5734 ], [ 33.4978, 14.5688 ], [ 33.4772, 14.562 ], [ 33.484, 14.5512 ], [ 33.493, 14.5239 ], [ 33.5149, 14.5179 ], [ 33.5375, 14.5065 ], [ 33.5329, 14.4897 ], [ 33.5402, 14.4674 ], [ 33.5945, 14.4767 ], [ 33.6101, 14.4737 ], [ 33.6153, 14.4651 ], [ 33.6154, 14.4513 ], [ 33.6316, 14.4361 ], [ 33.6387, 14.4105 ], [ 33.6491, 14.4039 ], [ 33.6461, 14.4016 ], [ 33.6494, 14.3974 ], [ 33.6486, 14.3875 ], [ 33.6422, 14.3783 ], [ 33.6423, 14.3727 ], [ 33.6491, 14.3653 ], [ 33.6536, 14.3464 ], [ 33.6714, 14.3247 ], [ 33.6824, 14.3035 ], [ 33.6916, 14.3022 ], [ 33.7043, 14.2872 ], [ 33.716, 14.2707 ], [ 33.72, 14.2593 ], [ 33.75, 14.221 ], [ 33.7604, 14.2247 ], [ 33.7623, 14.1873 ], [ 33.7558, 14.1656 ], [ 33.7383, 14.1464 ], [ 33.7399, 14.1263 ], [ 33.7448, 14.1198 ], [ 33.7539, 14.1178 ], [ 33.7799, 14.1186 ], [ 33.7805, 14.0881 ], [ 33.7573, 14.0766 ], [ 33.7299, 14.0762 ], [ 33.9265, 14.0059 ], [ 33.9427, 14.0105 ], [ 33.9655, 13.9973 ], [ 33.9885, 14.0055 ], [ 33.9907, 14.0179 ], [ 33.9859, 14.0397 ], [ 33.9633, 14.0721 ], [ 33.9307, 14.1363 ], [ 33.9319, 14.1435 ], [ 33.9553, 14.1643 ], [ 33.9795, 14.1771 ], [ 34.0153, 14.2105 ], [ 34.0397, 14.2631 ], [ 34.0359, 14.2759 ], [ 34.0153, 14.3117 ], [ 33.9923, 14.3291 ], [ 33.9885, 14.3337 ], [ 33.9889, 14.3391 ], [ 33.9941, 14.3507 ], [ 34.0322, 14.3364 ], [ 34.2599, 14.6675 ], [ 34.2855, 14.7323 ], [ 34.1745, 14.9195 ] ] ] } },
{ "type": "Feature", "properties": { "iso3": "SDN", "unit_id": "87320338B12962937354824", "unit_name": "Sharg Al Jazirah" }, "geometry": { "type": "Polygon", "coordinates": [ [ [ 33.0218, 15.2769 ], [ 33.0349, 15.2675 ], [ 33.0326, 15.2505 ], [ 33.0388, 15.2483 ], [ 33.0408, 15.2348 ], [ 33.0807, 15.213 ], [ 33.0964, 15.2011 ], [ 33.1058, 15.1885 ], [ 33.1238, 15.1504 ], [ 33.137, 15.1382 ], [ 33.1446, 15.1237 ], [ 33.1531, 15.1163 ], [ 33.1771, 15.1092 ], [ 33.1868, 15.0981 ], [ 33.1927, 15.0846 ], [ 33.1842, 15.049 ], [ 33.1979, 15.028 ], [ 33.2452, 14.9978 ], [ 33.2126, 14.9154 ], [ 33.2344, 14.8874 ], [ 33.2432, 14.8584 ], [ 33.2655, 14.8472 ], [ 33.281, 14.8334 ], [ 33.2897, 14.8061 ], [ 33.3197, 14.7746 ], [ 33.3121, 14.7419 ], [ 33.3208, 14.7301 ], [ 33.3322, 14.7343 ], [ 33.3432, 14.7563 ], [ 33.36, 14.7537 ], [ 33.371, 14.74 ], [ 33.3748, 14.686 ], [ 33.4079, 14.649 ], [ 33.4162, 14.6338 ], [ 33.4095, 14.6212 ], [ 33.4129, 14.6166 ], [ 33.4261, 14.6149 ], [ 33.4375, 14.5899 ], [ 33.456, 14.5769 ], [ 33.4589, 14.5584 ], [ 33.4622, 14.555 ], [ 33.4978, 14.5688 ], [ 33.5353, 14.5734 ], [ 33.5371, 14.6033 ], [ 33.5838, 14.6094 ], [ 33.6351, 14.6052 ], [ 33.6467, 14.6415 ], [ 33.6583, 14.6414 ], [ 33.6737, 14.6782 ], [ 33.6995, 14.7111 ], [ 33.698, 14.7191 ], [ 33.7029, 14.7275 ], [ 33.7329, 14.7198 ], [ 33.761, 14.7348 ], [ 33.7751, 14.728 ], [ 33.9382, 14.7311 ], [ 34.1745, 14.9195 ], [ 34.0415, 15.1433 ], [ 33.7741, 15.2619 ], [ 33.7353, 15.2915 ], [ 33.7131, 15.2969 ], [ 33.6605, 15.2977 ], [ 33.6523, 15.3007 ], [ 33.6427, 15.3681 ], [ 33.6337, 15.3993 ], [ 33.5981, 15.4341 ], [ 33.5751, 15.4385 ], [ 33.5693, 15.4555 ], [ 33.5279, 15.4679 ], [ 33.4859, 15.4375 ], [ 33.4185, 15.4013 ], [ 33.3693, 15.3813 ], [ 33.3089, 15.3903 ], [ 33.2679, 15.3223 ], [ 33.2145, 15.2935 ], [ 33.2127, 15.2297 ], [ 33.2067, 15.2179 ], [ 33.1849, 15.2181 ], [ 33.1689, 15.2141 ], [ 33.1487, 15.2255 ], [ 33.1149, 15.2793 ], [ 33.0749, 15.2903 ], [ 33.0218, 15.2769 ] ] ] } },
{ "type": "Feature", "properties": { "iso3": "SDN", "unit_id": "87320338B82701929890825", "unit_name": "Al Hasahisa" }, "geometry": { "type": "Polygon", "coordinates": [ [ [ 32.5409, 15.1975 ], [ 32.5221, 15.1499 ], [ 32.5197, 15.1159 ], [ 32.5301, 15.0981 ], [ 32.5553, 15.0799 ], [ 32.5621, 15.0623 ], [ 32.5623, 15.0391 ], [ 32.5521, 14.9943 ], [ 32.5429, 14.9919 ], [ 32.5417, 14.9875 ], [ 32.5515, 14.9837 ], [ 32.5465, 14.9165 ], [ 32.5655, 14.8495 ], [ 32.5529, 14.7961 ], [ 32.5431, 14.7725 ], [ 32.4993, 14.7205 ], [ 32.4691, 14.648 ], [ 32.5041, 14.6448 ], [ 32.5301, 14.635 ], [ 32.5375, 14.6427 ], [ 32.5453, 14.6453 ], [ 32.5672, 14.6242 ], [ 32.5982, 14.6063 ], [ 32.6128, 14.5869 ], [ 32.6054, 14.5742 ], [ 32.6362, 14.6047 ], [ 32.6472, 14.5969 ], [ 32.6362, 14.574 ], [ 32.6475, 14.572 ], [ 32.6578, 14.5842 ], [ 32.691, 14.5854 ], [ 32.751, 14.5714 ], [ 32.773, 14.5757 ], [ 32.7663, 14.6112 ], [ 32.7334, 14.6167 ], [ 32.7461, 14.6708 ], [ 32.7619, 14.7123 ], [ 32.776, 14.7311 ], [ 32.8369, 14.7714 ], [ 32.8401, 14.7938 ], [ 32.8562, 14.8 ], [ 32.8741, 14.7949 ], [ 32.8971, 14.7701 ], [ 32.9097, 14.7314 ], [ 32.9157, 14.7276 ], [ 32.94, 14.7261 ], [ 32.9475, 14.7228 ], [ 32.9569, 14.7025 ], [ 32.9599, 14.6638 ], [ 32.9554, 14.6348 ], [ 32.9744, 14.5945 ], [ 32.9504, 14.5626 ], [ 32.9444, 14.5055 ], [ 32.9749, 14.5034 ], [ 32.9852, 14.4825 ], [ 32.9848, 14.4769 ], [ 33.0137, 14.4479 ], [ 33.0476, 14.473 ], [ 33.069, 14.4823 ], [ 33.0801, 14.483 ], [ 33.0827, 14.4762 ], [ 33.1276, 14.4791 ], [ 33.158, 14.5085 ], [ 33.1758, 14.4951 ], [ 33.1885, 14.5154 ], [ 33.21, 14.5092 ], [ 33.2314, 14.4918 ], [ 33.2536, 14.4596 ], [ 33.2643, 14.4535 ], [ 33.2711, 14.437 ], [ 33.2905, 14.4267 ], [ 33.3145, 14.4486 ], [ 33.343, 14.4463 ], [ 33.3571, 14.4768 ], [ 33.3761, 14.4568 ], [ 33.3933, 14.4629 ], [ 33.4056, 14.4619 ], [ 33.3978, 14.504 ], [ 33.3856, 14.5114 ], [ 33.3981, 14.527 ], [ 33.3959, 14.5351 ], [ 33.3795, 14.5425 ], [ 33.3692, 14.5576 ], [ 33.3702, 14.5655 ], [ 33.3779, 14.5734 ], [ 33.3676, 14.5812 ], [ 33.3811, 14.6 ], [ 33.3906, 14.5955 ], [ 33.404, 14.6071 ], [ 33.4233, 14.6 ], [ 33.4375, 14.5899 ], [ 33.4261, 14.6149 ], [ 33.4129, 14.6166 ], [ 33.4095, 14.6212 ], [ 33.4162, 14.6338 ], [ 33.4079, 14.649 ], [ 33.3748, 14.686 ], [ 33.371, 14.74 ], [ 33.36, 14.7537 ], [ 33.3432, 14.7563 ], [ 33.3322, 14.7343 ], [ 33.3208, 14.7301 ], [ 33.3121, 14.7419 ], [ 33.3197, 14.7746 ], [ 33.2897, 14.8061 ], [ 33.281, 14.8334 ], [ 33.2655, 14.8472 ], [ 33.2432, 14.8584 ], [ 33.2344, 14.8874 ], [ 33.2126, 14.9154 ], [ 33.221, 14.9412 ], [ 33.2113, 14.9409 ], [ 33.1945, 14.9178 ], [ 33.1755, 14.9175 ], [ 33.1722, 14.9147 ], [ 33.1796, 14.8947 ], [ 33.1574, 14.8808 ], [ 33.1479, 14.8711 ], [ 33.1221, 14.8826 ], [ 33.0132, 14.9005 ], [ 33.0066, 14.9052 ], [ 32.9893, 14.9043 ], [ 32.9766, 14.9184 ], [ 32.958, 14.9224 ], [ 32.9426, 14.958 ], [ 32.9424, 14.9664 ], [ 32.9391, 14.9663 ], [ 32.9196, 15.0161 ], [ 32.9031, 15.0149 ], [ 32.8959, 15.0311 ], [ 32.8999, 15.0434 ], [ 32.8771, 15.0734 ], [ 32.8771, 15.0816 ], [ 32.8911, 15.0877 ], [ 32.8792, 15.1102 ], [ 32.8687, 15.1075 ], [ 32.8519, 15.0906 ], [ 32.8408, 15.0858 ], [ 32.8025, 15.0737 ], [ 32.7624, 15.0656 ], [ 32.7566, 15.0741 ], [ 32.7107, 15.1014 ], [ 32.6858, 15.136 ], [ 32.6767, 15.1612 ], [ 32.654, 15.1617 ], [ 32.6347, 15.1696 ], [ 32.6302, 15.1827 ], [ 32.6155, 15.1943 ], [ 32.5771, 15.1931 ], [ 32.5409, 15.1975 ] ] ] } },
{ "type": "Feature", "properties": { "iso3": "SDN", "unit_id": "87320338B49351399383874", "unit_name": "Al Kamlin" }, "geometry": { "type": "Polygon", "coordinates": [ [ [ 32.6302, 15.1827 ], [ 32.6347, 15.1696 ], [ 32.654, 15.1617 ], [ 32.6767, 15.1612 ], [ 32.6858, 15.136 ], [ 32.7107, 15.1014 ], [ 32.7566, 15.0741 ], [ 32.7624, 15.0656 ], [ 32.8025, 15.0737 ], [ 32.8408, 15.0858 ], [ 32.8519, 15.0906 ], [ 32.8687, 15.1075 ], [ 32.8792, 15.1102 ], [ 32.8911, 15.0877 ], [ 32.8771, 15.0816 ], [ 32.8771, 15.0734 ], [ 32.8999, 15.0434 ], [ 32.8959, 15.0311 ], [ 32.9031, 15.0149 ], [ 32.9196, 15.0161 ], [ 32.9391, 14.9663 ], [ 32.9424, 14.9664 ], [ 32.9426, 14.958 ], [ 32.958, 14.9224 ], [ 32.9766, 14.9184 ], [ 32.9893, 14.9043 ], [ 33.0066, 14.9052 ], [ 33.0132, 14.9005 ], [ 33.1221, 14.8826 ], [ 33.1479, 14.8711 ], [ 33.1574, 14.8808 ], [ 33.1796, 14.8947 ], [ 33.1722, 14.9147 ], [ 33.1755, 14.9175 ], [ 33.1945, 14.9178 ], [ 33.2113, 14.9409 ], [ 33.221, 14.9412 ], [ 33.2452, 14.9978 ], [ 33.1979, 15.028 ], [ 33.1842, 15.049 ], [ 33.1927, 15.0846 ], [ 33.1868, 15.0981 ], [ 33.1771, 15.1092 ], [ 33.1531, 15.1163 ], [ 33.1446, 15.1237 ], [ 33.137, 15.1382 ], [ 33.1238, 15.1504 ], [ 33.1058, 15.1885 ], [ 33.0964, 15.2011 ], [ 33.0807, 15.213 ], [ 33.0408, 15.2348 ], [ 33.0388, 15.2483 ], [ 33.0326, 15.2505 ], [ 33.0349, 15.2675 ], [ 33.0218, 15.2769 ], [ 32.9633, 15.2663 ], [ 32.9387, 15.2657 ], [ 32.9265, 15.2737 ], [ 32.9009, 15.3069 ], [ 32.8825, 15.3151 ], [ 32.8717, 15.3239 ], [ 32.8451, 15.3347 ], [ 32.7985, 15.3453 ], [ 32.7851, 15.3517 ], [ 32.7775, 15.3767 ], [ 32.7737, 15.3817 ], [ 32.7563, 15.3873 ], [ 32.7487, 15.4099 ], [ 32.7225, 15.4139 ], [ 32.7069, 15.4087 ], [ 32.7137, 15.3875 ], [ 32.6779, 15.3751 ], [ 32.7077, 15.2943 ], [ 32.6643, 15.2769 ], [ 32.6687, 15.2385 ], [ 32.6613, 15.2377 ], [ 32.6613, 15.2315 ], [ 32.6697, 15.2309 ], [ 32.6749, 15.1857 ], [ 32.6302, 15.1827 ] ] ] } },
{ "type": "Feature", "properties": { "iso3": "SDN", "unit_id": "87320338B3981565594448", "unit_name": "Al Manaqil" }, "geometry": { "type": "Polygon", "coordinates": [ [ [ 32.9417, 13.6969 ], [ 32.9779, 13.7475 ], [ 33.0189, 13.7813 ], [ 33.0763, 13.8043 ], [ 33.1111, 13.7865 ], [ 33.1021, 13.8077 ], [ 33.0667, 13.8407 ], [ 33.0619, 14.0407 ], [ 33.1627, 14.0403 ], [ 33.1743, 14.0443 ], [ 33.1999, 14.0639 ], [ 33.2345, 14.0743 ], [ 33.2399, 14.0749 ], [ 33.2469, 14.0703 ], [ 33.2508, 14.0788 ], [ 33.2507, 14.0882 ], [ 33.2584, 14.0896 ], [ 33.2562, 14.1241 ], [ 33.2517, 14.1384 ], [ 33.2386, 14.1573 ], [ 33.238, 14.1771 ], [ 33.2504, 14.1863 ], [ 33.2584, 14.2083 ], [ 33.2836, 14.2105 ], [ 33.2785, 14.2158 ], [ 33.2613, 14.216 ], [ 33.2272, 14.238 ], [ 33.2276, 14.2429 ], [ 33.2235, 14.2451 ], [ 33.2205, 14.2422 ], [ 33.1317, 14.2897 ], [ 33.116, 14.3105 ], [ 33.0924, 14.3258 ], [ 33.0789, 14.3258 ], [ 33.0751, 14.3339 ], [ 33.0805, 14.3542 ], [ 33.0931, 14.3643 ], [ 33.0978, 14.3897 ], [ 33.0944, 14.4102 ], [ 33.0824, 14.4202 ], [ 33.0809, 14.4255 ], [ 33.0848, 14.4387 ], [ 33.0759, 14.4514 ], [ 33.0567, 14.4594 ], [ 33.0656, 14.4695 ], [ 33.0827, 14.4762 ], [ 33.0801, 14.483 ], [ 33.069, 14.4823 ], [ 33.0476, 14.473 ], [ 33.0137, 14.4479 ], [ 32.9848, 14.4769 ], [ 32.9852, 14.4825 ], [ 32.9749, 14.5034 ], [ 32.9444, 14.5055 ], [ 32.9504, 14.5626 ], [ 32.9744, 14.5945 ], [ 32.9554, 14.6348 ], [ 32.9599, 14.6638 ], [ 32.9569, 14.7025 ], [ 32.9475, 14.7228 ], [ 32.94, 14.7261 ], [ 32.9157, 14.7276 ], [ 32.9097, 14.7314 ], [ 32.8971, 14.7701 ], [ 32.8741, 14.7949 ], [ 32.8562, 14.8 ], [ 32.8401, 14.7938 ], [ 32.8369, 14.7714 ], [ 32.776, 14.7311 ], [ 32.7619, 14.7123 ], [ 32.7461, 14.6708 ], [ 32.7334, 14.6167 ], [ 32.7663, 14.6112 ], [ 32.7684, 14.6 ], [ 32.8141, 14.6033 ], [ 32.8226, 14.6005 ], [ 32.8369, 14.5705 ], [ 32.8255, 14.5626 ], [ 32.838, 14.5304 ], [ 32.8291, 14.5281 ], [ 32.8232, 14.4961 ], [ 32.8299, 14.4828 ], [ 32.8519, 14.468 ], [ 32.8632, 14.4506 ], [ 32.8626, 14.447 ], [ 32.9029, 14.419 ], [ 32.8843, 14.4059 ], [ 32.855, 14.3771 ], [ 32.8561, 14.3676 ], [ 32.8253, 14.3659 ], [ 32.8183, 14.3673 ], [ 32.8142, 14.3733 ], [ 32.7701, 14.3759 ], [ 32.7565, 14.3715 ], [ 32.7245, 14.3734 ], [ 32.7242, 14.3668 ], [ 32.7483, 14.3602 ], [ 32.755, 14.3473 ], [ 32.7543, 14.3327 ], [ 32.7603, 14.3272 ], [ 32.7611, 14.3315 ], [ 32.8017, 14.3464 ], [ 32.8, 14.3517 ], [ 32.7916, 14.3543 ], [ 32.7906, 14.3611 ], [ 32.7961, 14.3699 ], [ 32.8153, 14.3679 ], [ 32.832, 14.3225 ], [ 32.8141, 14.3247 ], [ 32.812, 14.3224 ], [ 32.821, 14.3103 ], [ 32.801, 14.2899 ], [ 32.8082, 14.2907 ], [ 32.8312, 14.2738 ], [ 32.8412, 14.27 ], [ 32.8511, 14.275 ], [ 32.8664, 14.2617 ], [ 32.866, 14.2489 ], [ 32.8616, 14.2439 ], [ 32.8697, 14.2358 ], [ 32.8698, 14.191 ], [ 32.8559, 14.1841 ], [ 32.888, 14.1492 ], [ 32.8732, 14.1276 ], [ 32.8684, 14.1114 ], [ 32.8688, 14.0957 ], [ 32.864, 14.0865 ], [ 32.8439, 14.0833 ], [ 32.8295, 14.0713 ], [ 32.8283, 14.0653 ], [ 32.8466, 14.0525 ], [ 32.8255, 14.0124 ], [ 32.8193, 13.987 ], [ 32.7318, 13.9399 ], [ 32.6872, 13.9215 ], [ 32.6675, 13.9095 ], [ 32.6721, 13.8575 ], [ 32.6675, 13.8539 ], [ 32.6687, 13.8483 ], [ 32.6731, 13.8457 ], [ 32.6735, 13.8389 ], [ 32.6859, 13.8335 ], [ 32.6805, 13.8241 ], [ 32.7033, 13.7783 ], [ 32.7011, 13.7681 ], [ 32.7123, 13.7587 ], [ 32.7159, 13.7441 ], [ 32.6877, 13.7187 ], [ 32.6789, 13.7007 ], [ 32.6811, 13.6883 ], [ 32.7089, 13.6847 ], [ 32.7141, 13.6759 ], [ 32.7161, 13.6549 ], [ 32.7249, 13.6431 ], [ 32.7253, 13.6345 ], [ 32.7349, 13.6265 ], [ 32.7345, 13.6125 ], [ 32.7589, 13.5999 ], [ 32.7743, 13.6005 ], [ 32.7901, 13.5935 ], [ 32.7911, 13.5827 ], [ 32.8113, 13.5549 ], [ 32.8323, 13.5647 ], [ 32.8683, 13.6345 ], [ 32.8907, 13.6561 ], [ 32.8939, 13.6777 ], [ 32.8995, 13.6879 ], [ 32.9043, 13.7213 ], [ 32.9203, 13.7211 ], [ 32.9215, 13.7035 ], [ 32.9417, 13.6969 ] ] ] } },
{ "type": "Feature", "properties": { "iso3": "SDN", "unit_id": "87320338B39687183083572", "unit_name": "Al Qurashi" }, "geometry": { "type": "Polygon", "coordinates": [ [ [ 32.6675, 13.9095 ], [ 32.6872, 13.9215 ], [ 32.7318, 13.9399 ], [ 32.8193, 13.987 ], [ 32.8255, 14.0124 ], [ 32.8466, 14.0525 ], [ 32.8283, 14.0653 ], [ 32.8295, 14.0713 ], [ 32.8439, 14.0833 ], [ 32.864, 14.0865 ], [ 32.8688, 14.0957 ], [ 32.8684, 14.1114 ], [ 32.8732, 14.1276 ], [ 32.888, 14.1492 ], [ 32.8559, 14.1841 ], [ 32.8698, 14.191 ], [ 32.8697, 14.2358 ], [ 32.8616, 14.2439 ], [ 32.866, 14.2489 ], [ 32.8664, 14.2617 ], [ 32.8511, 14.275 ], [ 32.8412, 14.27 ], [ 32.8312, 14.2738 ], [ 32.8082, 14.2907 ], [ 32.801, 14.2899 ], [ 32.821, 14.3103 ], [ 32.812, 14.3224 ], [ 32.8141, 14.3247 ], [ 32.832, 14.3225 ], [ 32.8153, 14.3679 ], [ 32.7961, 14.3699 ], [ 32.7906, 14.3611 ], [ 32.7916, 14.3543 ], [ 32.8, 14.3517 ], [ 32.8017, 14.3464 ], [ 32.7611, 14.3315 ], [ 32.7603, 14.3272 ], [ 32.7543, 14.3327 ], [ 32.755, 14.3473 ], [ 32.7483, 14.3602 ], [ 32.7242, 14.3668 ], [ 32.7245, 14.3734 ], [ 32.7565, 14.3715 ], [ 32.7701, 14.3759 ], [ 32.8142, 14.3733 ], [ 32.8183, 14.3673 ], [ 32.8253, 14.3659 ], [ 32.8561, 14.3676 ], [ 32.855, 14.3771 ], [ 32.8843, 14.4059 ], [ 32.9029, 14.419 ], [ 32.8626, 14.447 ], [ 32.8632, 14.4506 ], [ 32.8519, 14.468 ], [ 32.8299, 14.4828 ], [ 32.8232, 14.4961 ], [ 32.8291, 14.5281 ], [ 32.838, 14.5304 ], [ 32.8255, 14.5626 ], [ 32.8369, 14.5705 ], [ 32.8226, 14.6005 ], [ 32.8141, 14.6033 ], [ 32.7684, 14.6 ], [ 32.773, 14.5757 ], [ 32.751, 14.5714 ], [ 32.691, 14.5854 ], [ 32.6578, 14.5842 ], [ 32.6475, 14.572 ], [ 32.6362, 14.574 ], [ 32.6472, 14.5969 ], [ 32.6362, 14.6047 ], [ 32.6054, 14.5742 ], [ 32.6128, 14.5869 ], [ 32.5982, 14.6063 ], [ 32.5672, 14.6242 ], [ 32.5453, 14.6453 ], [ 32.5375, 14.6427 ], [ 32.5301, 14.635 ], [ 32.5041, 14.6448 ], [ 32.4573, 14.6477 ], [ 32.4681, 14.6683 ], [ 32.4557, 14.6761 ], [ 32.4073, 14.6815 ], [ 32.3831, 14.6719 ], [ 32.3535, 14.6491 ], [ 32.3495, 14.6309 ], [ 32.3511, 14.5931 ], [ 32.3559, 14.5819 ], [ 32.3839, 14.5605 ], [ 32.3873, 14.5455 ], [ 32.4111, 14.5239 ], [ 32.4213, 14.4747 ], [ 32.4143, 14.4709 ], [ 32.4141, 14.4629 ], [ 32.4223, 14.4587 ], [ 32.4201, 14.4137 ], [ 32.4727, 14.2985 ], [ 32.4799, 14.2957 ], [ 32.4927, 14.2817 ], [ 32.4485, 14.1977 ], [ 32.4573, 14.1721 ], [ 32.4899, 14.1283 ], [ 32.5029, 14.0953 ], [ 32.5015, 14.0929 ], [ 32.5055, 14.0905 ], [ 32.5363, 14.0315 ], [ 32.5263, 14.0005 ], [ 32.5371, 13.9713 ], [ 32.5517, 13.9537 ], [ 32.5821, 13.9265 ], [ 32.5953, 13.9355 ], [ 32.6097, 13.9271 ], [ 32.6047, 13.9173 ], [ 32.6273, 13.9009 ], [ 32.6335, 13.9095 ], [ 32.6675, 13.9095 ] ] ] } },
{ "type": "Feature", "properties": { "iso3": "SDN", "unit_id": "87320338B51987993102110", "unit_name": "Abu Hamad" }, "geometry": { "type": "Polygon", "coordinates": [ [ [ 33.5603, 21.7213 ], [ 33.5561, 21.7209 ], [ 33.1641, 21.9989 ], [ 32.5881, 21.9987 ], [ 32.8907, 19.5838 ], [ 32.9026, 19.523 ], [ 32.9254, 19.4913 ], [ 32.9144, 19.4829 ], [ 32.9062, 19.4595 ], [ 32.9464, 19.3947 ], [ 32.9453, 19.3693 ], [ 32.9279, 19.3091 ], [ 32.9408, 19.2815 ], [ 32.9712, 19.2573 ], [ 33.0039, 19.2224 ], [ 33.0467, 19.1571 ], [ 33.0692, 19.1318 ], [ 33.065, 19.0914 ], [ 33.019, 18.9055 ], [ 33.0026, 18.8262 ], [ 32.9673, 18.7503 ], [ 32.9821, 18.6665 ], [ 32.9944, 18.6201 ], [ 33.0009, 18.5445 ], [ 32.9943, 18.482 ], [ 33.0562, 18.4774 ], [ 33.0938, 18.4676 ], [ 33.1705, 18.4343 ], [ 33.2418, 18.412 ], [ 33.33, 18.3967 ], [ 33.4103, 18.4246 ], [ 33.4407, 18.4502 ], [ 33.5315, 18.4969 ], [ 33.565, 18.5081 ], [ 33.6038, 18.5078 ], [ 33.6683, 18.4998 ], [ 33.6773, 18.5325 ], [ 33.7004, 18.5865 ], [ 33.7054, 18.6291 ], [ 33.8434, 18.6142 ], [ 34.0299, 18.5877 ], [ 33.9169, 18.8683 ], [ 33.8011, 19.1691 ], [ 33.6825, 19.3547 ], [ 33.6725, 19.4351 ], [ 33.6935, 19.7091 ], [ 33.6083, 20.0695 ], [ 33.6697, 20.4987 ], [ 33.6397, 20.5381 ], [ 33.6293, 20.5605 ], [ 33.6183, 20.6025 ], [ 33.5921, 20.6305 ], [ 33.5797, 20.6505 ], [ 33.5707, 20.6943 ], [ 33.5575, 20.7175 ], [ 33.5555, 20.7329 ], [ 33.5481, 20.7421 ], [ 33.5231, 20.7547 ], [ 33.4765, 20.7647 ], [ 33.4569, 20.7771 ], [ 33.4413, 20.7947 ], [ 33.4161, 20.8347 ], [ 33.4027, 20.8499 ], [ 33.3499, 20.8927 ], [ 33.3091, 20.9103 ], [ 33.2867, 20.9265 ], [ 33.2747, 20.9485 ], [ 33.2705, 20.9721 ], [ 33.2847, 21.0093 ], [ 33.2989, 21.0683 ], [ 33.2989, 21.0893 ], [ 33.2881, 21.1415 ], [ 33.2875, 21.1625 ], [ 33.2923, 21.1731 ], [ 33.3195, 21.1993 ], [ 33.3481, 21.2339 ], [ 33.3561, 21.2491 ], [ 33.3571, 21.2711 ], [ 33.3451, 21.3343 ], [ 33.3313, 21.3681 ], [ 33.3185, 21.4467 ], [ 33.3071, 21.4647 ], [ 33.2837, 21.4837 ], [ 33.2585, 21.5147 ], [ 33.5603, 21.7213 ] ] ] } },
{ "type": "Feature", "properties": { "iso3": "SDN", "unit_id": "87320338B96503962206312", "unit_name": "Al Matama" }, "geometry": { "type": "Polygon", "coordinates": [ [ [ 32.1743, 16.4001 ], [ 32.5411, 16.3561 ], [ 32.6931, 16.3349 ], [ 32.6997, 16.3435 ], [ 32.721, 16.3522 ], [ 32.7306, 16.3629 ], [ 32.7326, 16.3879 ], [ 32.7371, 16.4033 ], [ 32.7508, 16.4053 ], [ 32.7629, 16.4112 ], [ 32.7733, 16.4343 ], [ 32.7933, 16.4458 ], [ 32.8711, 16.5062 ], [ 32.8942, 16.5102 ], [ 32.9101, 16.5257 ], [ 32.9772, 16.5503 ], [ 33.0022, 16.5465 ], [ 33.0153, 16.5409 ], [ 33.0417, 16.5269 ], [ 33.0562, 16.5109 ], [ 33.0824, 16.5121 ], [ 33.1043, 16.5212 ], [ 33.1256, 16.5323 ], [ 33.1526, 16.5646 ], [ 33.175, 16.5839 ], [ 33.1797, 16.6039 ], [ 33.1845, 16.6086 ], [ 33.19, 16.6126 ], [ 33.2051, 16.6146 ], [ 33.2586, 16.6597 ], [ 33.2928, 16.6632 ], [ 33.3262, 16.6817 ], [ 33.3473, 16.6836 ], [ 33.3831, 16.699 ], [ 33.4204, 16.6974 ], [ 33.4361, 16.708 ], [ 33.4552, 16.7345 ], [ 33.4647, 16.7421 ], [ 33.4898, 16.749 ], [ 33.5031, 16.7451 ], [ 33.5604, 16.7562 ], [ 33.5761, 16.765 ], [ 33.6035, 16.7925 ], [ 33.6385, 16.8349 ], [ 33.6437, 16.8725 ], [ 33.6565, 16.8843 ], [ 33.6727, 16.8899 ], [ 33.6874, 16.9116 ], [ 33.6873, 16.9278 ], [ 33.7033, 16.9442 ], [ 33.72, 16.9744 ], [ 33.724, 16.9951 ], [ 33.7077, 17.0483 ], [ 33.6997, 17.0638 ], [ 33.691, 17.0681 ], [ 33.6783, 17.0484 ], [ 33.6468, 17.0492 ], [ 33.6261, 17.0554 ], [ 33.625, 17.059 ], [ 33.6054, 17.0619 ], [ 33.5585, 17.0507 ], [ 33.5105, 16.9581 ], [ 33.3199, 16.9601 ], [ 32.1503, 17.0034 ], [ 31.8857, 16.6301 ], [ 32.1743, 16.4001 ] ] ] } },
{ "type": "Feature", "properties": { "iso3": "SDN", "unit_id": "87320338B57867465305489", "unit_name": "Shendi" }, "geometry": { "type": "Polygon", "coordinates": [ [ [ 33.2807, 16.1687 ], [ 33.4359, 16.1135 ], [ 33.5313, 16.0381 ], [ 33.6651, 15.9811 ], [ 33.9689, 16.0033 ], [ 34.2155, 16.0537 ], [ 34.2331, 16.0281 ], [ 34.3355, 15.8495 ], [ 34.3807, 15.6833 ], [ 34.3356, 15.8496 ], [ 34.2332, 16.0282 ], [ 34.2156, 16.0538 ], [ 34.2369, 16.0657 ], [ 34.4051, 16.2915 ], [ 34.3247, 16.6325 ], [ 33.9118, 16.9585 ], [ 33.7929, 17.0416 ], [ 33.7168, 17.0593 ], [ 33.7016, 17.0588 ], [ 33.7077, 17.0483 ], [ 33.724, 16.9951 ], [ 33.72, 16.9744 ], [ 33.7033, 16.9442 ], [ 33.6873, 16.9278 ], [ 33.6874, 16.9116 ], [ 33.6727, 16.8899 ], [ 33.6565, 16.8843 ], [ 33.6437, 16.8725 ], [ 33.6385, 16.8349 ], [ 33.6035, 16.7925 ], [ 33.5761, 16.765 ], [ 33.5604, 16.7562 ], [ 33.5031, 16.7451 ], [ 33.4898, 16.749 ], [ 33.4647, 16.7421 ], [ 33.4552, 16.7345 ], [ 33.4361, 16.708 ], [ 33.4204, 16.6974 ], [ 33.3831, 16.699 ], [ 33.3473, 16.6836 ], [ 33.3262, 16.6817 ], [ 33.2928, 16.6632 ], [ 33.2586, 16.6597 ], [ 33.2051, 16.6146 ], [ 33.19, 16.6126 ], [ 33.1845, 16.6086 ], [ 33.1797, 16.6039 ], [ 33.175, 16.5839 ], [ 33.1526, 16.5646 ], [ 33.1256, 16.5323 ], [ 33.0824, 16.5121 ], [ 33.0562, 16.5109 ], [ 33.0417, 16.5269 ], [ 33.0153, 16.5409 ], [ 33.0022, 16.5465 ], [ 32.9772, 16.5503 ], [ 32.9101, 16.5257 ], [ 32.8942, 16.5102 ], [ 32.8711, 16.5062 ], [ 32.7933, 16.4458 ], [ 32.7733, 16.4343 ], [ 32.7629, 16.4112 ], [ 32.7508, 16.4053 ], [ 32.7371, 16.4033 ], [ 32.7326, 16.3879 ], [ 32.7306, 16.3629 ], [ 32.721, 16.3522 ], [ 32.6997, 16.3435 ], [ 32.6931, 16.3349 ], [ 32.8063, 16.2541 ], [ 33.2807, 16.1687 ] ] ] } },
{ "type": "Feature", "properties": { "iso3": "SDN", "unit_id": "87320338B61108368757481", "unit_name": "Ad Damar" }, "geometry": { "type": "Polygon", "coordinates": [ [ [ 34.8593, 17.9405 ], [ 34.8325, 17.9655 ], [ 34.5096, 17.8209 ], [ 34.4818, 17.7977 ], [ 34.385, 17.7514 ], [ 34.2854, 17.7121 ], [ 34.0913, 17.7052 ], [ 34.0453, 17.7113 ], [ 34.0331, 17.6879 ], [ 34.0241, 17.6819 ], [ 34.0113, 17.6844 ], [ 34.0001, 17.6778 ], [ 33.99, 17.6759 ], [ 33.969, 17.6787 ], [ 33.9666, 17.6685 ], [ 33.9683, 17.6341 ], [ 33.9543, 17.6133 ], [ 33.9492, 17.5849 ], [ 33.9022, 17.5504 ], [ 33.877, 17.5512 ], [ 33.8573, 17.5331 ], [ 33.8599, 17.5198 ], [ 33.8516, 17.5076 ], [ 33.8383, 17.5049 ], [ 33.8331, 17.5099 ], [ 33.8322, 17.5226 ], [ 33.8194, 17.5422 ], [ 33.731, 17.5917 ], [ 33.2493, 17.6437 ], [ 33.0902, 17.6065 ], [ 32.8837, 17.5101 ], [ 32.6352, 17.5675 ], [ 32.6353, 17.5705 ], [ 32.3729, 17.6175 ], [ 32.3613, 17.7425 ], [ 32.1979, 17.8452 ], [ 32.3055, 17.5269 ], [ 32.3845, 17.3281 ], [ 32.1503, 17.0034 ], [ 33.3199, 16.9601 ], [ 33.5105, 16.9581 ], [ 33.5585, 17.0507 ], [ 33.6054, 17.0619 ], [ 33.625, 17.059 ], [ 33.6261, 17.0554 ], [ 33.6468, 17.0492 ], [ 33.6783, 17.0484 ], [ 33.691, 17.0681 ], [ 33.6997, 17.0638 ], [ 33.7016, 17.0588 ], [ 33.7168, 17.0593 ], [ 33.7929, 17.0416 ], [ 33.9118, 16.9585 ], [ 34.3247, 16.6325 ], [ 34.4051, 16.2915 ], [ 34.9827, 16.2975 ], [ 35.2599, 16.3101 ], [ 35.3333, 16.3087 ], [ 35.4177, 16.2729 ], [ 35.6232, 16.3726 ], [ 35.6711, 16.4153 ], [ 35.6569, 17.2073 ], [ 35.6251, 17.2283 ], [ 35.5881, 17.2465 ], [ 35.5177, 17.2931 ], [ 35.3511, 17.4121 ], [ 35.1763, 17.5585 ], [ 35.1359, 17.5967 ], [ 34.9393, 17.8311 ], [ 34.9179, 17.8569 ], [ 34.8593, 17.9405 ] ] ] } },
{ "type": "Feature", "properties": { "iso3": "SDN", "unit_id": "87320338B76714953644524", "unit_name": "Atbara" }, "geometry": { "type": "Polygon", "coordinates": [ [ [ 34.1326, 17.7066 ], [ 34.1314, 17.7476 ], [ 34.0267, 17.7472 ], [ 33.9968, 17.7442 ], [ 33.9709, 17.7468 ], [ 33.9665, 17.7657 ], [ 33.9608, 17.7687 ], [ 33.9443, 17.7611 ], [ 33.9343, 17.7482 ], [ 33.4705, 17.7388 ], [ 33.4629, 17.9335 ], [ 33.127, 17.9456 ], [ 33.0699, 18.1869 ], [ 32.402, 18.2634 ], [ 32.3391, 18.2023 ], [ 32.2645, 18.0607 ], [ 32.2677, 18.0597 ], [ 32.1839, 17.8541 ], [ 32.3613, 17.7425 ], [ 32.3729, 17.6175 ], [ 32.6353, 17.5705 ], [ 32.6352, 17.5675 ], [ 32.8837, 17.5101 ], [ 33.0902, 17.6065 ], [ 33.2493, 17.6437 ], [ 33.731, 17.5917 ], [ 33.8194, 17.5422 ], [ 33.8322, 17.5226 ], [ 33.8331, 17.5099 ], [ 33.8383, 17.5049 ], [ 33.8516, 17.5076 ], [ 33.8599, 17.5198 ], [ 33.8573, 17.5331 ], [ 33.877, 17.5512 ], [ 33.9022, 17.5504 ], [ 33.9492, 17.5849 ], [ 33.9543, 17.6133 ], [ 33.9683, 17.6341 ], [ 33.9666, 17.6685 ], [ 33.969, 17.6787 ], [ 33.99, 17.6759 ], [ 34.0001, 17.6778 ], [ 34.0113, 17.6844 ], [ 34.0241, 17.6819 ], [ 34.0331, 17.6879 ], [ 34.0453, 17.7113 ], [ 34.0913, 17.7052 ], [ 34.1326, 17.7066 ] ] ] } },
{ "type": "Feature", "properties": { "iso3": "SDN", "unit_id": "87320338B13970499415742", "unit_name": "Barbar" }, "geometry": { "type": "Polygon", "coordinates": [ [ [ 34.0299, 18.5877 ], [ 33.8434, 18.6142 ], [ 33.7054, 18.6291 ], [ 33.7004, 18.5865 ], [ 33.6773, 18.5325 ], [ 33.6683, 18.4998 ], [ 33.6038, 18.5078 ], [ 33.565, 18.5081 ], [ 33.5315, 18.4969 ], [ 33.4407, 18.4502 ], [ 33.4103, 18.4246 ], [ 33.33, 18.3967 ], [ 33.2418, 18.412 ], [ 33.1705, 18.4343 ], [ 33.0938, 18.4676 ], [ 33.0562, 18.4774 ], [ 32.9849, 18.4819 ], [ 32.9295, 18.4726 ], [ 32.8054, 18.4664 ], [ 32.6999, 18.4897 ], [ 32.6527, 18.4907 ], [ 32.5529, 18.3911 ], [ 32.4775, 18.3365 ], [ 32.402, 18.2634 ], [ 33.0699, 18.1869 ], [ 33.127, 17.9456 ], [ 33.4629, 17.9335 ], [ 33.4705, 17.7388 ], [ 33.9343, 17.7482 ], [ 33.9443, 17.7611 ], [ 33.9608, 17.7687 ], [ 33.9665, 17.7657 ], [ 33.9709, 17.7468 ], [ 33.9968, 17.7442 ], [ 34.0267, 17.7472 ], [ 34.1314, 17.7476 ], [ 34.1326, 17.7066 ], [ 34.2854, 17.7121 ], [ 34.385, 17.7514 ], [ 34.4818, 17.7977 ], [ 34.5096, 17.8209 ], [ 34.8325, 17.9655 ], [ 34.6087, 18.1797 ], [ 34.4493, 18.2619 ], [ 34.1185, 18.3677 ], [ 34.0299, 18.5877 ] ] ] } },
{ "type": "Feature", "properties": { "iso3": "SDN", "unit_id": "87320338B3716947467749", "unit_name": "Al Buhaira" }, "geometry": { "type": "Polygon", "coordinates": [ [ [ 32.5881, 21.9987 ], [ 32.4081, 21.9984 ], [ 32.3943, 21.3061 ], [ 32.3163, 19.6337 ], [ 32.2593, 18.8913 ], [ 32.6537, 18.4967 ], [ 32.6527, 18.4907 ], [ 32.6999, 18.4897 ], [ 32.8054, 18.4664 ], [ 32.9295, 18.4726 ], [ 32.9943, 18.482 ], [ 33.0009, 18.5445 ], [ 32.9944, 18.6201 ], [ 32.9821, 18.6665 ], [ 32.9673, 18.7503 ], [ 33.0026, 18.8262 ], [ 33.019, 18.9055 ], [ 33.065, 19.0914 ], [ 33.0692, 19.1318 ], [ 33.0467, 19.1571 ], [ 33.0039, 19.2224 ], [ 32.9712, 19.2573 ], [ 32.9408, 19.2815 ], [ 32.9279, 19.3091 ], [ 32.9453, 19.3693 ], [ 32.9464, 19.3947 ], [ 32.9062, 19.4595 ], [ 32.9144, 19.4829 ], [ 32.9254, 19.4913 ], [ 32.9026, 19.523 ], [ 32.8907, 19.5838 ], [ 32.5881, 21.9987 ] ] ] } },
{ "type": "Feature", "properties": { "iso3": "SDN", "unit_id": "87320338B57245928972415", "unit_name": "Halfa" }, "geometry": { "type": "Polygon", "coordinates": [ [ [ 32.4081, 21.9984 ], [ 31.4079, 21.9997 ], [ 31.4133, 22.0339 ], [ 31.4327, 22.0765 ], [ 31.4558, 22.1155 ], [ 31.4946, 22.1493 ], [ 31.5158, 22.1858 ], [ 31.4944, 22.1998 ], [ 31.4859, 22.2183 ], [ 31.4735, 22.2254 ], [ 31.415, 22.1846 ], [ 31.3778, 22.1438 ], [ 31.3498, 22.1037 ], [ 31.3405, 22.0552 ], [ 31.318, 22.0013 ], [ 31.3053, 21.9999 ], [ 30.896, 21.9961 ], [ 29.6811, 21.9999 ], [ 24.9988, 22.0004 ], [ 25.0, 20.4841 ], [ 30.2821, 20.4786 ], [ 30.3075, 20.4732 ], [ 32.3557, 20.4796 ], [ 32.3943, 21.3061 ], [ 32.4081, 21.9984 ] ] ] } },
{ "type": "Feature", "properties": { "iso3": "SDN", "unit_id": "87320338B89410929952537", "unit_name": "Delgo" }, "geometry": { "type": "Polygon", "coordinates": [ [ [ 27.496, 19.7296 ], [ 30.1863, 19.715 ], [ 30.3651, 19.7121 ], [ 30.3977, 19.6902 ], [ 30.4086, 19.6988 ], [ 32.3175, 19.6828 ], [ 32.3557, 20.4796 ], [ 30.3075, 20.4732 ], [ 30.2821, 20.4786 ], [ 25.0, 20.4841 ], [ 25.0029, 20.0205 ], [ 27.4963, 20.0083 ], [ 27.496, 19.7296 ] ] ] } },
{ "type": "Feature", "properties": { "iso3": "SDN", "unit_id": "87320338B82877598234286", "unit_name": "Al Burgaig" }, "geometry": { "type": "Polygon", "coordinates": [ [ [ 30.3651, 19.7121 ], [ 30.3722, 19.7005 ], [ 30.3698, 19.6865 ], [ 30.3757, 19.6702 ], [ 30.3737, 19.6551 ], [ 30.3854, 19.6026 ], [ 30.3924, 19.584 ], [ 30.4087, 19.5607 ], [ 30.4014, 19.5312 ], [ 30.4236, 19.4824 ], [ 30.4391, 19.4236 ], [ 30.4366, 19.4091 ], [ 30.441, 19.3995 ], [ 30.4487, 19.3997 ], [ 30.4668, 19.4125 ], [ 30.4714, 19.4136 ], [ 30.4771, 19.408 ], [ 30.5189, 19.4225 ], [ 30.5449, 19.4258 ], [ 30.5834, 19.4402 ], [ 30.77, 19.5275 ], [ 31.1538, 19.6917 ], [ 30.4086, 19.6988 ], [ 30.3977, 19.6902 ], [ 30.3651, 19.7121 ] ] ] } },
{ "type": "Feature", "properties": { "iso3": "SDN", "unit_id": "87320338B88449802001439", "unit_name": "Dongola" }, "geometry": { "type": "Polygon", "coordinates": [ [ [ 27.4949, 18.7153 ], [ 29.8244, 18.7117 ], [ 29.8721, 18.7172 ], [ 29.9996, 18.796 ], [ 30.1263, 18.8689 ], [ 30.2128, 18.8686 ], [ 30.32, 18.8265 ], [ 30.4166, 18.7795 ], [ 30.5176, 18.7905 ], [ 30.5567, 18.7079 ], [ 31.7129, 18.9187 ], [ 32.0063, 19.275 ], [ 32.3129, 19.608 ], [ 32.3175, 19.6828 ], [ 31.1538, 19.6917 ], [ 30.77, 19.5275 ], [ 30.5834, 19.4402 ], [ 30.5449, 19.4258 ], [ 30.5189, 19.4225 ], [ 30.4771, 19.408 ], [ 30.4714, 19.4136 ], [ 30.4668, 19.4125 ], [ 30.4487, 19.3997 ], [ 30.441, 19.3995 ], [ 30.4366, 19.4091 ], [ 30.4391, 19.4236 ], [ 30.4236, 19.4824 ], [ 30.4014, 19.5312 ], [ 30.4087, 19.5607 ], [ 30.3924, 19.584 ], [ 30.3854, 19.6026 ], [ 30.3737, 19.6551 ], [ 30.3757, 19.6702 ], [ 30.3698, 19.6865 ], [ 30.3722, 19.7005 ], [ 30.3651, 19.7121 ], [ 27.496, 19.7296 ], [ 27.4949, 18.7153 ] ] ] } },
{ "type": "Feature", "properties": { "iso3": "SDN", "unit_id": "87320338B25433924576688", "unit_name": "Al Golid" }, "geometry": { "type": "Polygon", "coordinates": [ [ [ 27.4926, 16.5263 ], [ 28.64, 16.5249 ], [ 30.5004, 18.1118 ], [ 30.6973, 18.2603 ], [ 30.7009, 18.246 ], [ 30.7255, 18.2535 ], [ 30.7351, 18.2301 ], [ 31.499, 18.6591 ], [ 31.7129, 18.9187 ], [ 30.5567, 18.7079 ], [ 30.5176, 18.7905 ], [ 30.4166, 18.7795 ], [ 30.32, 18.8265 ], [ 30.2128, 18.8686 ], [ 30.1263, 18.8689 ], [ 29.9996, 18.796 ], [ 29.8721, 18.7172 ], [ 29.8244, 18.7117 ], [ 27.4949, 18.7153 ], [ 27.4926, 16.5263 ] ] ] } },
{ "type": "Feature", "properties": { "iso3": "SDN", "unit_id": "87320338B94274123419663", "unit_name": "Ad Dabbah" }, "geometry": { "type": "Polygon", "coordinates": [ [ [ 31.8857, 16.6301 ], [ 32.0335, 16.8421 ], [ 32.2412, 17.1298 ], [ 31.4382, 17.9638 ], [ 31.4508, 18.0106 ], [ 31.4757, 18.0325 ], [ 31.4767, 18.0475 ], [ 31.4671, 18.0562 ], [ 31.4444, 18.0458 ], [ 31.4223, 18.0458 ], [ 31.4139, 18.0354 ], [ 31.3836, 18.0291 ], [ 31.3575, 18.0354 ], [ 31.347, 18.0446 ], [ 31.3781, 18.2532 ], [ 31.3043, 18.5495 ], [ 30.7351, 18.2301 ], [ 30.7255, 18.2535 ], [ 30.7009, 18.246 ], [ 30.6973, 18.2603 ], [ 30.6289, 18.2108 ], [ 30.5004, 18.1118 ], [ 28.64, 16.5249 ], [ 31.3346, 16.5247 ], [ 31.6979, 16.5279 ], [ 31.8857, 16.6301 ] ] ] } },
{ "type": "Feature", "properties": { "iso3": "SDN", "unit_id": "87320338B38656851244144", "unit_name": "Merwoe" }, "geometry": { "type": "Polygon", "coordinates": [ [ [ 32.1979, 17.8452 ], [ 32.1839, 17.8541 ], [ 32.2677, 18.0597 ], [ 32.2645, 18.0607 ], [ 32.3391, 18.2023 ], [ 32.4775, 18.3365 ], [ 32.5529, 18.3911 ], [ 32.6527, 18.4907 ], [ 32.6537, 18.4967 ], [ 32.2593, 18.8913 ], [ 32.3129, 19.608 ], [ 32.0063, 19.275 ], [ 31.499, 18.6591 ], [ 31.3043, 18.5495 ], [ 31.3781, 18.2532 ], [ 31.347, 18.0446 ], [ 31.3575, 18.0354 ], [ 31.3836, 18.0291 ], [ 31.4139, 18.0354 ], [ 31.4223, 18.0458 ], [ 31.4444, 18.0458 ], [ 31.4671, 18.0562 ], [ 31.4767, 18.0475 ], [ 31.4757, 18.0325 ], [ 31.4508, 18.0106 ], [ 31.4382, 17.9638 ], [ 32.2412, 17.1298 ], [ 32.3845, 17.3281 ], [ 32.3055, 17.5269 ], [ 32.1979, 17.8452 ] ] ] } },
{ "type": "Feature", "properties": { "iso3": "SDN", "unit_id": "87320338B9937254096134", "unit_name": "Ghubaish" }, "geometry": { "type": "Polygon", "coordinates": [ [ [ 27.0818, 12.2377 ], [ 27.0642, 12.1023 ], [ 27.1004, 12.0463 ], [ 27.182, 11.8821 ], [ 27.2197, 11.7636 ], [ 27.2434, 11.7488 ], [ 27.2893, 11.755 ], [ 27.3238, 11.7912 ], [ 27.3616, 11.8377 ], [ 27.3803, 11.8744 ], [ 27.4558, 11.9215 ], [ 27.5446, 11.9068 ], [ 27.5621, 11.9106 ], [ 27.5834, 11.9204 ], [ 27.5971, 11.9659 ], [ 27.6147, 11.9922 ], [ 27.6689, 12.0086 ], [ 27.6979, 12.0448 ], [ 27.72, 12.0826 ], [ 27.7239, 12.0948 ], [ 27.751, 12.1154 ], [ 27.7652, 12.111 ], [ 27.8229, 12.1067 ], [ 27.8572, 12.1147 ], [ 27.8979, 12.1412 ], [ 27.9212, 12.1778 ], [ 27.9746, 12.1816 ], [ 28.0018, 12.2045 ], [ 28.0132, 12.237 ], [ 28.0013, 12.2651 ], [ 27.9879, 12.2771 ], [ 27.9626, 12.2818 ], [ 27.9345, 12.2938 ], [ 27.9311, 12.3071 ], [ 27.933, 12.3172 ], [ 27.9483, 12.3272 ], [ 28.0357, 12.3401 ], [ 28.0739, 12.3683 ], [ 28.0743, 12.481 ], [ 28.0957, 12.5118 ], [ 28.1025, 12.5153 ], [ 28.0993, 12.5405 ], [ 28.0807, 12.6079 ], [ 28.0476, 12.6184 ], [ 28.0317, 12.6275 ], [ 27.9182, 12.5752 ], [ 27.8351, 12.6001 ], [ 27.7519, 12.5807 ], [ 27.6339, 12.4852 ], [ 27.6147, 12.4968 ], [ 27.5776, 12.5001 ], [ 27.5315, 12.5527 ], [ 27.4951, 12.5527 ], [ 27.4037, 12.5629 ], [ 27.3556, 12.625 ], [ 27.2974, 12.7498 ], [ 27.1315, 12.8357 ], [ 27.1226, 12.6855 ], [ 27.1301, 12.6215 ], [ 27.1264, 12.5785 ], [ 27.0832, 12.4013 ], [ 27.0758, 12.3931 ], [ 27.0832, 12.3229 ], [ 27.0818, 12.2377 ] ] ] } },
{ "type": "Feature", "properties": { "iso3": "SDN", "unit_id": "87320338B24394958109521", "unit_name": "An Nuhud" }, "geometry": { "type": "Polygon", "coordinates": [ [ [ 28.0682, 13.9787 ], [ 28.0299, 13.9417 ], [ 27.9287, 13.8828 ], [ 27.8276, 13.7522 ], [ 27.8396, 13.6971 ], [ 27.8291, 13.6232 ], [ 27.8094, 13.5816 ], [ 27.7777, 13.5462 ], [ 27.7543, 13.5273 ], [ 27.7158, 13.5152 ], [ 27.7038, 13.5409 ], [ 27.6815, 13.5574 ], [ 27.6321, 13.532 ], [ 27.5678, 13.4214 ], [ 27.5363, 13.3369 ], [ 27.554, 13.3354 ], [ 27.7367, 13.3543 ], [ 27.878, 13.3317 ], [ 27.9609, 13.3109 ], [ 28.0325, 13.3675 ], [ 28.089, 13.3995 ], [ 28.1248, 13.4051 ], [ 28.2006, 13.338 ], [ 28.1796, 13.2928 ], [ 28.1728, 13.218 ], [ 28.2225, 13.2071 ], [ 28.3698, 13.2116 ], [ 28.3788, 13.1782 ], [ 28.3608, 13.1267 ], [ 28.3047, 13.0065 ], [ 28.2722, 13.0056 ], [ 28.19, 12.927 ], [ 28.1309, 12.8507 ], [ 28.0906, 12.8675 ], [ 28.0614, 12.853 ], [ 28.0439, 12.8649 ], [ 28.041, 12.8882 ], [ 28.0015, 12.9048 ], [ 27.9832, 12.8313 ], [ 27.9878, 12.6525 ], [ 28.0476, 12.6184 ], [ 28.0807, 12.6079 ], [ 28.0993, 12.5405 ], [ 28.1055, 12.4909 ], [ 28.1666, 12.4841 ], [ 28.1951, 12.4938 ], [ 28.2114, 12.4887 ], [ 28.2329, 12.4745 ], [ 28.2357, 12.4708 ], [ 28.2454, 12.4044 ], [ 28.2561, 12.3664 ], [ 28.2631, 12.3487 ], [ 28.2743, 12.3439 ], [ 28.2968, 12.346 ], [ 28.3691, 12.3894 ], [ 28.3997, 12.3956 ], [ 28.4165, 12.3858 ], [ 28.467, 12.3023 ], [ 28.4887, 12.3101 ], [ 28.5362, 12.3205 ], [ 28.5741, 12.32 ], [ 28.6044, 12.3236 ], [ 28.6274, 12.3374 ], [ 28.6856, 12.3995 ], [ 28.7037, 12.361 ], [ 28.7098, 12.3555 ], [ 28.7185, 12.3614 ], [ 28.7699, 12.3763 ], [ 28.8132, 12.4298 ], [ 28.8237, 12.4804 ], [ 28.8272, 12.5248 ], [ 28.8321, 12.5361 ], [ 28.8274, 12.5443 ], [ 28.7946, 12.5732 ], [ 28.7784, 12.6701 ], [ 28.7986, 12.765 ], [ 28.7906, 12.868 ], [ 28.7274, 12.9909 ], [ 28.7194, 12.9825 ], [ 28.6668, 12.9906 ], [ 28.6243, 12.9926 ], [ 28.6122, 13.0453 ], [ 28.6466, 13.0938 ], [ 28.6142, 13.1525 ], [ 28.6162, 13.2113 ], [ 28.6425, 13.2214 ], [ 28.6992, 13.2113 ], [ 28.7194, 13.2578 ], [ 28.6952, 13.3003 ], [ 28.6344, 13.3267 ], [ 28.598, 13.3125 ], [ 28.5642, 13.3073 ], [ 28.5374, 13.3341 ], [ 28.5079, 13.4627 ], [ 28.4945, 13.6075 ], [ 28.5605, 13.9121 ], [ 28.4971, 13.9339 ], [ 28.4862, 13.9339 ], [ 28.3658, 13.9871 ], [ 28.3245, 13.9915 ], [ 28.3069, 14.0053 ], [ 28.2534, 14.0258 ], [ 28.1973, 13.9697 ], [ 28.1249, 13.9559 ], [ 28.0682, 13.9787 ] ] ] } },
{ "type": "Feature", "properties": { "iso3": "SDN", "unit_id": "87320338B52194034016458", "unit_name": "Abu Zabad" }, "geometry": { "type": "Polygon", "coordinates": [ [ [ 29.7883, 12.7457 ], [ 29.7233, 12.8771 ], [ 29.6349, 12.9987 ], [ 29.6364, 13.0005 ], [ 29.5334, 12.9592 ], [ 29.3498, 12.9471 ], [ 29.2562, 12.8726 ], [ 29.1765, 12.7912 ], [ 29.0552, 12.7652 ], [ 28.9651, 12.8171 ], [ 28.9131, 12.8414 ], [ 28.7933, 12.833 ], [ 28.7986, 12.765 ], [ 28.7784, 12.6701 ], [ 28.7946, 12.5732 ], [ 28.8274, 12.5443 ], [ 28.8321, 12.5361 ], [ 28.855, 12.5475 ], [ 28.8726, 12.5446 ], [ 28.9036, 12.5314 ], [ 29.0171, 12.4726 ], [ 29.033, 12.4401 ], [ 29.0391, 12.4333 ], [ 29.0445, 12.4296 ], [ 29.0597, 12.4376 ], [ 29.082, 12.4292 ], [ 29.1013, 12.3898 ], [ 29.1209, 12.3696 ], [ 29.1571, 12.32 ], [ 29.1752, 12.3091 ], [ 29.207, 12.3023 ], [ 29.2291, 12.2823 ], [ 29.2542, 12.2694 ], [ 29.267, 12.2702 ], [ 29.2977, 12.2841 ], [ 29.3288, 12.2841 ], [ 29.3356, 12.307 ], [ 29.3445, 12.3154 ], [ 29.3728, 12.3261 ], [ 29.3869, 12.3261 ], [ 29.4158, 12.3547 ], [ 29.431, 12.379 ], [ 29.4542, 12.3891 ], [ 29.4824, 12.3797 ], [ 29.5001, 12.3533 ], [ 29.5191, 12.3532 ], [ 29.5544, 12.3907 ], [ 29.5842, 12.4283 ], [ 29.6282, 12.4619 ], [ 29.644, 12.4871 ], [ 29.6436, 12.5009 ], [ 29.6502, 12.5053 ], [ 29.6634, 12.5305 ], [ 29.713, 12.6611 ], [ 29.716, 12.6729 ], [ 29.7054, 12.6985 ], [ 29.7118, 12.7285 ], [ 29.738, 12.7369 ], [ 29.7883, 12.7457 ] ] ] } },
{ "type": "Feature", "properties": { "iso3": "SDN", "unit_id": "87320338B39516232000021", "unit_name": "Wad Bandah" }, "geometry": { "type": "Polygon", "coordinates": [ [ [ 27.4793, 13.9796 ], [ 27.4682, 13.8225 ], [ 27.4552, 13.7403 ], [ 27.4972, 13.7041 ], [ 27.529, 13.6496 ], [ 27.5362, 13.6491 ], [ 27.5408, 13.6443 ], [ 27.5456, 13.6109 ], [ 27.5432, 13.5455 ], [ 27.5178, 13.4929 ], [ 27.385, 13.3425 ], [ 27.3822, 13.2695 ], [ 27.3778, 13.2367 ], [ 27.3666, 13.2231 ], [ 27.3528, 13.2161 ], [ 27.3484, 13.2023 ], [ 27.3582, 13.1705 ], [ 27.1622, 12.9559 ], [ 27.138, 12.9085 ], [ 27.1315, 12.8357 ], [ 27.2974, 12.7498 ], [ 27.3556, 12.625 ], [ 27.4037, 12.5629 ], [ 27.4951, 12.5527 ], [ 27.5315, 12.5527 ], [ 27.5776, 12.5001 ], [ 27.6147, 12.4968 ], [ 27.6339, 12.4852 ], [ 27.7519, 12.5807 ], [ 27.8351, 12.6001 ], [ 27.9182, 12.5752 ], [ 28.0317, 12.6275 ], [ 27.9878, 12.6525 ], [ 27.9832, 12.8313 ], [ 28.0015, 12.9048 ], [ 28.041, 12.8882 ], [ 28.0439, 12.8649 ], [ 28.0614, 12.853 ], [ 28.0906, 12.8675 ], [ 28.1309, 12.8507 ], [ 28.19, 12.927 ], [ 28.2722, 13.0056 ], [ 28.3047, 13.0065 ], [ 28.3608, 13.1267 ], [ 28.3788, 13.1782 ], [ 28.3698, 13.2116 ], [ 28.2225, 13.2071 ], [ 28.1728, 13.218 ], [ 28.1796, 13.2928 ], [ 28.2006, 13.338 ], [ 28.1248, 13.4051 ], [ 28.089, 13.3995 ], [ 28.0325, 13.3675 ], [ 27.9609, 13.3109 ], [ 27.878, 13.3317 ], [ 27.7367, 13.3543 ], [ 27.554, 13.3354 ], [ 27.5363, 13.3369 ], [ 27.5678, 13.4214 ], [ 27.6321, 13.532 ], [ 27.6815, 13.5574 ], [ 27.7038, 13.5409 ], [ 27.7158, 13.5152 ], [ 27.7543, 13.5273 ], [ 27.7777, 13.5462 ], [ 27.8094, 13.5816 ], [ 27.8291, 13.6232 ], [ 27.8396, 13.6971 ], [ 27.8276, 13.7522 ], [ 27.9287, 13.8828 ], [ 28.0299, 13.9417 ], [ 28.0682, 13.9787 ], [ 28.0567, 13.9833 ], [ 28.0515, 14.0193 ], [ 28.0665, 14.0381 ], [ 28.0678, 14.049 ], [ 28.0798, 14.0509 ], [ 28.0811, 14.0561 ], [ 28.0734, 14.0693 ], [ 28.0126, 14.1221 ], [ 28.0032, 14.1231 ], [ 27.9895, 14.1194 ], [ 27.9857, 14.1045 ], [ 27.9869, 14.0944 ], [ 27.9945, 14.0799 ], [ 27.988, 14.0554 ], [ 27.9594, 14.0508 ], [ 27.9198, 14.0557 ], [ 27.907, 14.0626 ], [ 27.8979, 14.0706 ], [ 27.8992, 14.0743 ], [ 27.9113, 14.068 ], [ 27.9144, 14.0694 ], [ 27.9081, 14.082 ], [ 27.8627, 14.0836 ], [ 27.8699, 14.0703 ], [ 27.8804, 14.0609 ], [ 27.8791, 14.058 ], [ 27.8605, 14.0727 ], [ 27.8373, 14.061 ], [ 27.8236, 14.0582 ], [ 27.7728, 14.1186 ], [ 27.4967, 14.1181 ], [ 27.4807, 14.0923 ], [ 27.4438, 14.0975 ], [ 27.4712, 14.0209 ], [ 27.4793, 13.9796 ] ] ] } },
{ "type": "Feature", "properties": { "iso3": "SDN", "unit_id": "87320338B98905917047064", "unit_name": "Keilak" }, "geometry": { "type": "Polygon", "coordinates": [ [ [ 29.9819, 10.2885 ], [ 29.9609, 10.3065 ], [ 29.9575, 10.3161 ], [ 29.9524, 10.3189 ], [ 29.9442, 10.3457 ], [ 29.936, 10.3577 ], [ 29.8944, 10.4485 ], [ 29.8886, 10.4553 ], [ 29.8876, 10.4649 ], [ 29.8816, 10.4679 ], [ 29.8446, 10.5353 ], [ 29.8424, 10.5645 ], [ 29.711, 10.6771 ], [ 29.686, 10.7031 ], [ 29.679, 10.7059 ], [ 29.5016, 10.8597 ], [ 29.4884, 10.8667 ], [ 29.4772, 10.8801 ], [ 29.3902, 10.9473 ], [ 29.361, 11.0017 ], [ 29.3588, 11.0123 ], [ 29.3388, 11.0455 ], [ 29.3338, 11.1045 ], [ 29.3378, 11.1387 ], [ 29.3432, 11.1457 ], [ 29.3933, 11.1822 ], [ 29.3527, 11.1852 ], [ 29.3182, 11.1554 ], [ 29.2679, 11.1325 ], [ 29.243, 11.1305 ], [ 29.2201, 11.1165 ], [ 29.0733, 11.0931 ], [ 29.045, 11.0617 ], [ 29.0176, 11.0431 ], [ 28.9667, 11.0304 ], [ 28.9128, 11.004 ], [ 28.8365, 10.9815 ], [ 28.7885, 11.0522 ], [ 28.7696, 11.0688 ], [ 28.75, 11.0623 ], [ 28.7547, 11.006 ], [ 28.731, 10.9188 ], [ 28.7075, 10.8547 ], [ 28.6729, 10.8204 ], [ 28.651, 10.7926 ], [ 28.6447, 10.7731 ], [ 28.666, 10.7364 ], [ 28.7924, 10.7487 ], [ 28.8423, 10.7461 ], [ 28.8832, 10.695 ], [ 28.9175, 10.6086 ], [ 28.9637, 10.3998 ], [ 28.9885, 10.3408 ], [ 29.0313, 10.3169 ], [ 29.1091, 10.2938 ], [ 29.5741, 10.0996 ], [ 29.939, 10.2866 ], [ 29.9819, 10.2885 ] ] ] } },
{ "type": "Feature", "properties": { "iso3": "SDN", "unit_id": "87320338B6348163523307", "unit_name": "As Salam - WK" }, "geometry": { "type": "Polygon", "coordinates": [ [ [ 28.7075, 10.8547 ], [ 28.6249, 10.8944 ], [ 28.4725, 11.0322 ], [ 28.4876, 11.111 ], [ 28.4876, 11.202 ], [ 28.4787, 11.2764 ], [ 28.4553, 11.341 ], [ 28.4611, 11.4066 ], [ 28.4641, 11.5211 ], [ 28.4513, 11.5993 ], [ 28.4376, 11.646 ], [ 28.4436, 11.6992 ], [ 28.4507, 11.7224 ], [ 28.4486, 11.7554 ], [ 28.437, 11.8025 ], [ 28.419, 11.9055 ], [ 28.3603, 11.9377 ], [ 28.2911, 11.9664 ], [ 28.1948, 11.9915 ], [ 28.1063, 12.0091 ], [ 28.0212, 12.0173 ], [ 27.9985, 12.0106 ], [ 27.9886, 11.9977 ], [ 27.9883, 11.9013 ], [ 27.9182, 11.8307 ], [ 27.889, 11.8087 ], [ 27.8703, 11.785 ], [ 27.8553, 11.7628 ], [ 27.8229, 11.6898 ], [ 27.8559, 11.6494 ], [ 27.8474, 11.6014 ], [ 27.8651, 11.4071 ], [ 27.8563, 11.3321 ], [ 27.8344, 11.265 ], [ 27.8814, 11.2537 ], [ 27.9165, 11.1912 ], [ 27.9062, 11.0176 ], [ 27.9123, 10.9665 ], [ 27.9742, 10.9433 ], [ 28.0176, 10.9325 ], [ 28.065, 10.9099 ], [ 28.0688, 10.9122 ], [ 28.0706, 10.9323 ], [ 28.0736, 10.9345 ], [ 28.0956, 10.9217 ], [ 28.0991, 10.9163 ], [ 28.1212, 10.9223 ], [ 28.1259, 10.9187 ], [ 28.1259, 10.8684 ], [ 28.1551, 10.783 ], [ 28.1825, 10.7892 ], [ 28.1869, 10.7852 ], [ 28.1745, 10.7677 ], [ 28.1606, 10.729 ], [ 28.1661, 10.6948 ], [ 28.2731, 10.5713 ], [ 28.2995, 10.5847 ], [ 28.3366, 10.5949 ], [ 28.3691, 10.5879 ], [ 28.3983, 10.567 ], [ 28.4147, 10.5664 ], [ 28.666, 10.7364 ], [ 28.6447, 10.7731 ], [ 28.651, 10.7926 ], [ 28.6729, 10.8204 ], [ 28.7075, 10.8547 ] ] ] } },
{ "type": "Feature", "properties": { "iso3": "SDN", "unit_id": "87320338B99115915225464", "unit_name": "Abyei" }, "geometry": { "type": "Polygon", "coordinates": [ [ [ 27.2924, 11.0656 ], [ 27.3262, 10.9701 ], [ 27.3486, 10.9171 ], [ 27.3532, 10.8519 ], [ 27.4212, 10.6991 ], [ 27.4348, 10.6295 ], [ 27.4592, 10.5766 ], [ 27.4936, 10.5631 ], [ 27.6429, 10.5395 ], [ 27.7621, 10.5403 ], [ 27.8101, 10.5217 ], [ 27.8172, 10.4639 ], [ 27.8278, 10.4321 ], [ 27.888, 10.4263 ], [ 28.0029, 10.4578 ], [ 28.0788, 10.5211 ], [ 27.9461, 10.7168 ], [ 27.8814, 10.7968 ], [ 27.8865, 10.8819 ], [ 27.9123, 10.9665 ], [ 27.9062, 11.0176 ], [ 27.9165, 11.1912 ], [ 27.8814, 11.2537 ], [ 27.8344, 11.265 ], [ 27.8264, 11.2424 ], [ 27.8189, 11.2409 ], [ 27.8001, 11.2101 ], [ 27.7693, 11.1895 ], [ 27.7197, 11.1878 ], [ 27.6735, 11.1707 ], [ 27.6222, 11.1373 ], [ 27.4733, 11.1074 ], [ 27.3482, 11.0901 ], [ 27.2924, 11.0656 ] ] ] } },
{ "type": "Feature", "properties": { "iso3": "SDN", "unit_id": "87320338B62576088657662", "unit_name": "As Sunut" }, "geometry": { "type": "Polygon", "coordinates": [ [ [ 29.5191, 12.3532 ], [ 29.5001, 12.3533 ], [ 29.4824, 12.3797 ], [ 29.4542, 12.3891 ], [ 29.431, 12.379 ], [ 29.4158, 12.3547 ], [ 29.3869, 12.3261 ], [ 29.3728, 12.3261 ], [ 29.3445, 12.3154 ], [ 29.3356, 12.307 ], [ 29.3288, 12.2841 ], [ 29.2977, 12.2841 ], [ 29.267, 12.2702 ], [ 29.2542, 12.2694 ], [ 29.2291, 12.2823 ], [ 29.207, 12.3023 ], [ 29.1752, 12.3091 ], [ 29.1571, 12.32 ], [ 29.1209, 12.3696 ], [ 29.1013, 12.3898 ], [ 29.082, 12.4292 ], [ 29.0597, 12.4376 ], [ 29.0445, 12.4296 ], [ 29.0391, 12.4333 ], [ 29.033, 12.4401 ], [ 29.0171, 12.4726 ], [ 28.9036, 12.5314 ], [ 28.8726, 12.5446 ], [ 28.855, 12.5475 ], [ 28.8321, 12.5361 ], [ 28.8272, 12.5248 ], [ 28.8237, 12.4804 ], [ 28.8132, 12.4298 ], [ 28.7699, 12.3763 ], [ 28.7185, 12.3614 ], [ 28.7098, 12.3555 ], [ 28.6883, 12.3041 ], [ 28.6647, 12.2687 ], [ 28.6287, 12.1518 ], [ 28.5871, 12.0329 ], [ 28.5827, 12.0064 ], [ 28.5684, 11.9703 ], [ 28.5558, 11.9589 ], [ 28.5357, 11.9525 ], [ 28.4504, 11.9401 ], [ 28.4326, 11.9295 ], [ 28.419, 11.9055 ], [ 28.437, 11.8025 ], [ 28.4486, 11.7554 ], [ 28.4507, 11.7224 ], [ 28.4436, 11.6992 ], [ 28.4376, 11.646 ], [ 28.4513, 11.5993 ], [ 28.4641, 11.5211 ], [ 28.5196, 11.5209 ], [ 28.5835, 11.5319 ], [ 28.6767, 11.5664 ], [ 28.7518, 11.6084 ], [ 28.7333, 11.6712 ], [ 28.729, 11.7181 ], [ 28.7433, 11.7351 ], [ 28.7905, 11.7239 ], [ 28.8332, 11.73 ], [ 28.8926, 11.7171 ], [ 29.1356, 11.7262 ], [ 29.176, 11.7384 ], [ 29.2241, 11.7445 ], [ 29.2292, 11.7757 ], [ 29.2506, 11.8249 ], [ 29.2696, 11.9743 ], [ 29.283, 12.0019 ], [ 29.3474, 12.1045 ], [ 29.3534, 12.1285 ], [ 29.3626, 12.1293 ], [ 29.3848, 12.1393 ], [ 29.4178, 12.1595 ], [ 29.4422, 12.2111 ], [ 29.437, 12.2417 ], [ 29.4444, 12.2499 ], [ 29.4786, 12.2581 ], [ 29.4892, 12.2665 ], [ 29.4884, 12.2795 ], [ 29.4956, 12.3053 ], [ 29.5191, 12.3532 ] ] ] } },
{ "type": "Feature", "properties": { "iso3": "SDN", "unit_id": "87320338B8878732104872", "unit_name": "Babanusa" }, "geometry": { "type": "Polygon", "coordinates": [ [ [ 27.2924, 11.0656 ], [ 27.3482, 11.0901 ], [ 27.4733, 11.1074 ], [ 27.6222, 11.1373 ], [ 27.6735, 11.1707 ], [ 27.7197, 11.1878 ], [ 27.7693, 11.1895 ], [ 27.8001, 11.2101 ], [ 27.8189, 11.2409 ], [ 27.8264, 11.2424 ], [ 27.8344, 11.265 ], [ 27.8563, 11.3321 ], [ 27.8651, 11.4071 ], [ 27.8474, 11.6014 ], [ 27.8559, 11.6494 ], [ 27.8229, 11.6898 ], [ 27.7746, 11.665 ], [ 27.6933, 11.5749 ], [ 27.6542, 11.5223 ], [ 27.6492, 11.4986 ], [ 27.636, 11.4813 ], [ 27.5685, 11.4367 ], [ 27.5523, 11.4103 ], [ 27.4908, 11.3554 ], [ 27.4634, 11.3443 ], [ 27.3567, 11.3372 ], [ 27.3227, 11.3468 ], [ 27.3049, 11.3681 ], [ 27.2986, 11.3825 ], [ 27.2469, 11.4117 ], [ 27.2564, 11.2711 ], [ 27.2516, 11.1971 ], [ 27.2924, 11.0656 ] ] ] } },
{ "type": "Feature", "properties": { "iso3": "SDN", "unit_id": "87320338B87556096135710", "unit_name": "Al Lagowa" }, "geometry": { "type": "Polygon", "coordinates": [ [ [ 29.232, 11.7475 ], [ 29.2241, 11.7445 ], [ 29.176, 11.7384 ], [ 29.1356, 11.7262 ], [ 28.8926, 11.7171 ], [ 28.8332, 11.73 ], [ 28.7905, 11.7239 ], [ 28.7433, 11.7351 ], [ 28.729, 11.7181 ], [ 28.7333, 11.6712 ], [ 28.7518, 11.6084 ], [ 28.6767, 11.5664 ], [ 28.5835, 11.5319 ], [ 28.5196, 11.5209 ], [ 28.4641, 11.5211 ], [ 28.4611, 11.4066 ], [ 28.4553, 11.341 ], [ 28.4787, 11.2764 ], [ 28.4876, 11.202 ], [ 28.4876, 11.111 ], [ 28.4725, 11.0322 ], [ 28.6249, 10.8944 ], [ 28.7075, 10.8547 ], [ 28.731, 10.9188 ], [ 28.7547, 11.006 ], [ 28.75, 11.0623 ], [ 28.7696, 11.0688 ], [ 28.7885, 11.0522 ], [ 28.8365, 10.9815 ], [ 28.9128, 11.004 ], [ 28.9667, 11.0304 ], [ 29.0176, 11.0431 ], [ 29.045, 11.0617 ], [ 29.0733, 11.0931 ], [ 29.2201, 11.1165 ], [ 29.243, 11.1305 ], [ 29.2679, 11.1325 ], [ 29.3182, 11.1554 ], [ 29.3527, 11.1852 ], [ 29.3933, 11.1822 ], [ 29.3976, 11.1999 ], [ 29.4156, 11.2087 ], [ 29.441, 11.2323 ], [ 29.4708, 11.2509 ], [ 29.4744, 11.2571 ], [ 29.4694, 11.2701 ], [ 29.4696, 11.2947 ], [ 29.4596, 11.3161 ], [ 29.4604, 11.3269 ], [ 29.4972, 11.3805 ], [ 29.4934, 11.3907 ], [ 29.4964, 11.3991 ], [ 29.4954, 11.3973 ], [ 29.479, 11.4241 ], [ 29.4516, 11.5079 ], [ 29.3768, 11.7015 ], [ 29.255, 11.6965 ], [ 29.2304, 11.7345 ], [ 29.232, 11.7475 ] ] ] } },
{ "type": "Feature", "properties": { "iso3": "SDN", "unit_id": "87320338B21576244465627", "unit_name": "Al Dibab" }, "geometry": { "type": "Polygon", "coordinates": [ [ [ 28.666, 10.7364 ], [ 28.4147, 10.5664 ], [ 28.3983, 10.567 ], [ 28.3691, 10.5879 ], [ 28.3366, 10.5949 ], [ 28.2995, 10.5847 ], [ 28.2731, 10.5713 ], [ 28.1661, 10.6948 ], [ 28.1606, 10.729 ], [ 28.1745, 10.7677 ], [ 28.1869, 10.7852 ], [ 28.1825, 10.7892 ], [ 28.1551, 10.783 ], [ 28.1259, 10.8684 ], [ 28.1259, 10.9187 ], [ 28.1212, 10.9223 ], [ 28.0991, 10.9163 ], [ 28.0956, 10.9217 ], [ 28.0736, 10.9345 ], [ 28.0706, 10.9323 ], [ 28.0688, 10.9122 ], [ 28.065, 10.9099 ], [ 28.0176, 10.9325 ], [ 27.9742, 10.9433 ], [ 27.9123, 10.9665 ], [ 27.8865, 10.8819 ], [ 27.8814, 10.7968 ], [ 27.9461, 10.7168 ], [ 28.0788, 10.5211 ], [ 28.0916, 10.463 ], [ 28.1269, 10.346 ], [ 28.1659, 10.2551 ], [ 28.2204, 10.1671 ], [ 28.9998, 10.1667 ], [ 28.9998, 9.6709 ], [ 29.0374, 9.7087 ], [ 29.0513, 9.7297 ], [ 29.0698, 9.7363 ], [ 29.0784, 9.7501 ], [ 29.0984, 9.7539 ], [ 29.1169, 9.7487 ], [ 29.5381, 9.7501 ], [ 29.539, 10.0818 ], [ 29.5741, 10.0996 ], [ 29.1091, 10.2938 ], [ 29.0313, 10.3169 ], [ 28.9885, 10.3408 ], [ 28.9637, 10.3998 ], [ 28.9175, 10.6086 ], [ 28.8832, 10.695 ], [ 28.8423, 10.7461 ], [ 28.7924, 10.7487 ], [ 28.666, 10.7364 ] ] ] } },
{ "type": "Feature", "properties": { "iso3": "SDN", "unit_id": "87320338B35873858415915", "unit_name": "Al Idia" }, "geometry": { "type": "Polygon", "coordinates": [ [ [ 27.2189, 11.764 ], [ 27.2469, 11.4117 ], [ 27.2986, 11.3825 ], [ 27.3049, 11.3681 ], [ 27.3227, 11.3468 ], [ 27.3567, 11.3372 ], [ 27.4634, 11.3443 ], [ 27.4908, 11.3554 ], [ 27.5523, 11.4103 ], [ 27.5685, 11.4367 ], [ 27.636, 11.4813 ], [ 27.6492, 11.4986 ], [ 27.6542, 11.5223 ], [ 27.6933, 11.5749 ], [ 27.7746, 11.665 ], [ 27.8229, 11.6898 ], [ 27.8553, 11.7628 ], [ 27.8703, 11.785 ], [ 27.889, 11.8087 ], [ 27.9182, 11.8307 ], [ 27.9883, 11.9013 ], [ 27.9886, 11.9977 ], [ 27.9985, 12.0106 ], [ 28.0212, 12.0173 ], [ 28.1063, 12.0091 ], [ 28.1948, 11.9915 ], [ 28.2911, 11.9664 ], [ 28.3603, 11.9377 ], [ 28.419, 11.9055 ], [ 28.4326, 11.9295 ], [ 28.4504, 11.9401 ], [ 28.5357, 11.9525 ], [ 28.5558, 11.9589 ], [ 28.5684, 11.9703 ], [ 28.5827, 12.0064 ], [ 28.5871, 12.0329 ], [ 28.6287, 12.1518 ], [ 28.6647, 12.2687 ], [ 28.6883, 12.3041 ], [ 28.7098, 12.3555 ], [ 28.7037, 12.361 ], [ 28.6856, 12.3995 ], [ 28.6274, 12.3374 ], [ 28.6044, 12.3236 ], [ 28.5741, 12.32 ], [ 28.5362, 12.3205 ], [ 28.4887, 12.3101 ], [ 28.467, 12.3023 ], [ 28.4165, 12.3858 ], [ 28.3997, 12.3956 ], [ 28.3691, 12.3894 ], [ 28.2968, 12.346 ], [ 28.2743, 12.3439 ], [ 28.2631, 12.3487 ], [ 28.2561, 12.3664 ], [ 28.2454, 12.4044 ], [ 28.2357, 12.4708 ], [ 28.2329, 12.4745 ], [ 28.2114, 12.4887 ], [ 28.1951, 12.4938 ], [ 28.1666, 12.4841 ], [ 28.1055, 12.4909 ], [ 28.1025, 12.5153 ], [ 28.0957, 12.5118 ], [ 28.0743, 12.481 ], [ 28.0739, 12.3683 ], [ 28.0357, 12.3401 ], [ 27.9483, 12.3272 ], [ 27.933, 12.3172 ], [ 27.9311, 12.3071 ], [ 27.9345, 12.2938 ], [ 27.9626, 12.2818 ], [ 27.9879, 12.2771 ], [ 28.0013, 12.2651 ], [ 28.0132, 12.237 ], [ 28.0018, 12.2045 ], [ 27.9746, 12.1816 ], [ 27.9212, 12.1778 ], [ 27.8979, 12.1412 ], [ 27.8572, 12.1147 ], [ 27.8229, 12.1067 ], [ 27.7652, 12.111 ], [ 27.751, 12.1154 ], [ 27.7239, 12.0948 ], [ 27.72, 12.0826 ], [ 27.6979, 12.0448 ], [ 27.6689, 12.0086 ], [ 27.6147, 11.9922 ], [ 27.5971, 11.9659 ], [ 27.5834, 11.9204 ], [ 27.5621, 11.9106 ], [ 27.5446, 11.9068 ], [ 27.4558, 11.9215 ], [ 27.3803, 11.8744 ], [ 27.3616, 11.8377 ], [ 27.3238, 11.7912 ], [ 27.2893, 11.755 ], [ 27.2434, 11.7488 ], [ 27.2189, 11.764 ] ] ] } },
{ "type": "Feature", "properties": { "iso3": "SDN", "unit_id": "87320338B72726303588311", "unit_name": "Al Khiwai" }, "geometry": { "type": "Polygon", "coordinates": [ [ [ 29.5273, 13.3547 ], [ 29.5159, 13.4075 ], [ 29.415, 13.4289 ], [ 29.4113, 13.4387 ], [ 29.402, 13.4387 ], [ 29.3937, 13.4335 ], [ 29.3818, 13.4361 ], [ 29.3019, 13.4793 ], [ 29.2842, 13.4937 ], [ 29.2596, 13.5021 ], [ 29.2684, 13.5283 ], [ 29.2192, 13.5509 ], [ 29.1066, 13.6873 ], [ 29.0748, 13.6887 ], [ 29.0269, 13.7125 ], [ 28.9921, 13.7187 ], [ 28.9597, 13.7415 ], [ 28.8716, 13.7763 ], [ 28.8716, 13.8573 ], [ 28.8015, 13.8577 ], [ 28.7673, 13.8109 ], [ 28.7471, 13.8119 ], [ 28.7444, 13.8275 ], [ 28.7327, 13.8495 ], [ 28.7101, 13.8427 ], [ 28.7037, 13.8591 ], [ 28.678, 13.8593 ], [ 28.6741, 13.8669 ], [ 28.6694, 13.8677 ], [ 28.6595, 13.8595 ], [ 28.638, 13.8597 ], [ 28.6, 13.8977 ], [ 28.5605, 13.9121 ], [ 28.4945, 13.6075 ], [ 28.5079, 13.4627 ], [ 28.5374, 13.3341 ], [ 28.5642, 13.3073 ], [ 28.598, 13.3125 ], [ 28.6344, 13.3267 ], [ 28.6952, 13.3003 ], [ 28.7194, 13.2578 ], [ 28.6992, 13.2113 ], [ 28.6425, 13.2214 ], [ 28.6162, 13.2113 ], [ 28.6142, 13.1525 ], [ 28.6466, 13.0938 ], [ 28.6122, 13.0453 ], [ 28.6243, 12.9926 ], [ 28.6668, 12.9906 ], [ 28.7194, 12.9825 ], [ 28.7274, 12.9909 ], [ 28.7906, 12.868 ], [ 28.7933, 12.833 ], [ 28.9131, 12.8414 ], [ 28.9651, 12.8171 ], [ 29.0552, 12.7652 ], [ 29.1765, 12.7912 ], [ 29.2562, 12.8726 ], [ 29.3498, 12.9471 ], [ 29.5334, 12.9592 ], [ 29.6364, 13.0005 ], [ 29.5876, 13.0887 ], [ 29.5649, 13.0881 ], [ 29.5461, 13.1007 ], [ 29.532, 13.1651 ], [ 29.5201, 13.2553 ], [ 29.5273, 13.3547 ] ] ] } },
{ "type": "Feature", "properties": { "iso3": "SDN", "unit_id": "87320338B35113174677478", "unit_name": "Al Meiram" }, "geometry": { "type": "Polygon", "coordinates": [ [ [ 27.2613, 10.8572 ], [ 27.2995, 10.7807 ], [ 27.3399, 10.6689 ], [ 27.4192, 10.5377 ], [ 27.4756, 10.3881 ], [ 27.4494, 10.2382 ], [ 27.4779, 10.0859 ], [ 27.4847, 9.7917 ], [ 27.5831, 9.6142 ], [ 27.7586, 9.6034 ], [ 27.846, 9.6054 ], [ 27.8984, 9.6109 ], [ 27.8316, 9.7366 ], [ 27.8363, 9.7851 ], [ 27.8306, 9.7986 ], [ 27.8362, 10.1663 ], [ 28.2204, 10.1671 ], [ 28.1659, 10.2551 ], [ 28.1269, 10.346 ], [ 28.0916, 10.463 ], [ 28.0788, 10.5211 ], [ 28.0029, 10.4578 ], [ 27.888, 10.4263 ], [ 27.8278, 10.4321 ], [ 27.8172, 10.4639 ], [ 27.8101, 10.5217 ], [ 27.7621, 10.5403 ], [ 27.6429, 10.5395 ], [ 27.4936, 10.5631 ], [ 27.4592, 10.5766 ], [ 27.4348, 10.6295 ], [ 27.4212, 10.6991 ], [ 27.3532, 10.8519 ], [ 27.3486, 10.9171 ], [ 27.3262, 10.9701 ], [ 27.2979, 11.0499 ], [ 27.2883, 10.9458 ], [ 27.2613, 10.8572 ] ] ] } },
{ "type": "Feature", "properties": { "iso3": "SDN", "unit_id": "87320338B40041808759341", "unit_name": "Abyei PCA area" }, "geometry": { "type": "Polygon", "coordinates": [ [ [ 28.9998, 10.1667 ], [ 27.8362, 10.1663 ], [ 27.8306, 9.7986 ], [ 27.8363, 9.7851 ], [ 27.8316, 9.7366 ], [ 27.8984, 9.6109 ], [ 27.9169, 9.5888 ], [ 28.0389, 9.3432 ], [ 28.7686, 9.3484 ], [ 28.7586, 9.4031 ], [ 28.7881, 9.4355 ], [ 28.79, 9.4474 ], [ 28.8, 9.4645 ], [ 28.7995, 9.4721 ], [ 28.8057, 9.4879 ], [ 28.8376, 9.5122 ], [ 28.8933, 9.5674 ], [ 28.977, 9.6412 ], [ 28.9998, 9.6709 ], [ 28.9998, 10.1667 ] ] ] } }
]
}
