{
"type": "FeatureCollection",
"name": "SSD",
"crs": { "type": "name", "properties": { "name": "urn:ogc:def:crs:OGC:1.3:CRS84" } },
"xy_coordinate_resolution": 0.0001,
"features": [
{ "type": "Feature", "properties": { "iso3": "SSD", "unit_id": "24577616B86251785982743", "unit_name": "Juba" }, "geometry": { "type": "Polygon", "coordinates": [ [ [ 30.5373, 4.8004 ], [ 30.5138, 4.67 ], [ 31.1753, 4.3733 ], [ 31.1273, 4.3322 ], [ 31.1867, 4.3048 ], [ 31.1753, 4.2545 ], [ 31.1273, 4.2751 ], [ 31.0428, 4.2523 ], [ 31.0588, 4.1152 ], [ 31.1091, 4.154 ], [ 31.2104, 4.0202 ], [ 31.4563, 4.122 ], [ 31.5774, 4.1289 ], [ 31.6185, 4.0238 ], [ 31.6939, 3.9575 ], [ 31.728, 3.9916 ], [ 31.7243, 4.0002 ], [ 31.7633, 4.0295 ], [ 31.8642, 4.0393 ], [ 31.9845, 4.1043 ], [ 31.9975, 4.2442 ], [ 32.0496, 4.2377 ], [ 32.0723, 4.2702 ], [ 32.0658, 4.4784 ], [ 32.0073, 4.5174 ], [ 32.1504, 4.5532 ], [ 32.1244, 4.5987 ], [ 32.1732, 4.9533 ], [ 32.0983, 5.2135 ], [ 32.1022, 5.3679 ], [ 31.8287, 5.4654 ], [ 31.7373, 5.1227 ], [ 31.253, 5.3123 ], [ 31.1822, 5.3123 ], [ 31.0017, 5.2712 ], [ 30.9242, 5.3852 ], [ 30.9306, 5.2557 ], [ 30.9632, 5.207 ], [ 30.9371, 5.1517 ], [ 30.9046, 5.1517 ], [ 30.8916, 5.0834 ], [ 30.9111, 5.0346 ], [ 30.8623, 4.9305 ], [ 30.8038, 4.9305 ], [ 30.703, 4.8492 ], [ 30.5373, 4.8004 ] ] ] } },
{ "type": "Feature", "properties": { "iso3": "SSD", "unit_id": "24577616B79205942410446", "unit_name": "Kajo-keji" }, "geometry": { "type": "Polygon", "coordinates": [ [ [ 31.4563, 4.122 ], [ 31.0976, 3.9735 ], [ 31.1468, 3.7741 ], [ 31.1558, 3.7798 ], [ 31.1658, 3.794 ], [ 31.2898, 3.7939 ], [ 31.3532, 3.7501 ], [ 31.4158, 3.7196 ], [ 31.4558, 3.6963 ], [ 31.5086, 3.6736 ], [ 31.5032, 3.6499 ], [ 31.5025, 3.6413 ], [ 31.5057, 3.6389 ], [ 31.516, 3.6368 ], [ 31.516, 3.6438 ], [ 31.5221, 3.6452 ], [ 31.5398, 3.6645 ], [ 31.5504, 3.6712 ], [ 31.5537, 3.6804 ], [ 31.5613, 3.6807 ], [ 31.5669, 3.6869 ], [ 31.5757, 3.687 ], [ 31.5808, 3.6974 ], [ 31.5977, 3.7007 ], [ 31.6001, 3.7092 ], [ 31.6076, 3.7141 ], [ 31.6136, 3.7261 ], [ 31.6182, 3.7291 ], [ 31.6432, 3.7287 ], [ 31.6566, 3.7191 ], [ 31.6803, 3.7152 ], [ 31.6886, 3.7072 ], [ 31.7002, 3.7145 ], [ 31.7028, 3.7109 ], [ 31.7083, 3.7166 ], [ 31.7121, 3.7165 ], [ 31.7175, 3.7272 ], [ 31.7256, 3.7345 ], [ 31.7304, 3.7529 ], [ 31.7379, 3.7468 ], [ 31.803, 3.802 ], [ 31.8013, 3.8086 ], [ 31.7958, 3.8136 ], [ 31.7965, 3.8193 ], [ 31.802, 3.8215 ], [ 31.728, 3.9916 ], [ 31.6939, 3.9575 ], [ 31.6185, 4.0238 ], [ 31.5774, 4.1289 ], [ 31.4563, 4.122 ] ] ] } },
{ "type": "Feature", "properties": { "iso3": "SSD", "unit_id": "24577616B98422347693761", "unit_name": "Lainya" }, "geometry": { "type": "Polygon", "coordinates": [ [ [ 30.5138, 4.67 ], [ 30.4711, 4.6475 ], [ 30.4922, 4.5744 ], [ 30.4625, 4.5264 ], [ 30.5676, 4.403 ], [ 30.5585, 4.3574 ], [ 30.5927, 4.3574 ], [ 30.6316, 4.2431 ], [ 30.5607, 4.1997 ], [ 30.6978, 4.1129 ], [ 30.7275, 4.1791 ], [ 30.8029, 4.17 ], [ 30.8052, 4.1312 ], [ 30.9057, 4.0489 ], [ 30.9103, 4.0009 ], [ 30.892, 3.9987 ], [ 30.892, 3.9735 ], [ 30.924, 3.9575 ], [ 30.929, 3.9261 ], [ 30.972, 3.9484 ], [ 31.0474, 3.873 ], [ 31.0474, 3.8182 ], [ 31.1006, 3.7359 ], [ 31.1052, 3.7399 ], [ 31.1003, 3.7442 ], [ 31.105, 3.75 ], [ 31.1081, 3.749 ], [ 31.1144, 3.7546 ], [ 31.118, 3.7533 ], [ 31.123, 3.7607 ], [ 31.1468, 3.7741 ], [ 31.0976, 3.9735 ], [ 31.2104, 4.0202 ], [ 31.1091, 4.154 ], [ 31.0588, 4.1152 ], [ 31.0428, 4.2523 ], [ 31.1273, 4.2751 ], [ 31.1753, 4.2545 ], [ 31.1867, 4.3048 ], [ 31.1273, 4.3322 ], [ 31.1753, 4.3733 ], [ 30.5138, 4.67 ] ] ] } },
{ "type": "Feature", "properties": { "iso3": "SSD", "unit_id": "24577616B68335838110428", "unit_name": "Morobo" }, "geometry": { "type": "Polygon", "coordinates": [ [ [ 30.972, 3.9484 ], [ 30.8395, 3.8799 ], [ 30.8418, 3.7862 ], [ 30.7115, 3.777 ], [ 30.6407, 3.8273 ], [ 30.5601, 3.8045 ], [ 30.5752, 3.7595 ], [ 30.5792, 3.7338 ], [ 30.5755, 3.7065 ], [ 30.566, 3.7025 ], [ 30.5724, 3.6918 ], [ 30.5743, 3.6701 ], [ 30.5719, 3.663 ], [ 30.5785, 3.6528 ], [ 30.5663, 3.6401 ], [ 30.5608, 3.6382 ], [ 30.5578, 3.6288 ], [ 30.5592, 3.6217 ], [ 30.5828, 3.6198 ], [ 30.583, 3.6146 ], [ 30.5884, 3.6108 ], [ 30.6047, 3.6094 ], [ 30.6116, 3.6047 ], [ 30.6276, 3.6068 ], [ 30.6344, 3.6108 ], [ 30.6394, 3.6198 ], [ 30.6436, 3.6186 ], [ 30.6491, 3.6243 ], [ 30.6604, 3.6266 ], [ 30.6707, 3.6332 ], [ 30.675, 3.6403 ], [ 30.6832, 3.6438 ], [ 30.6913, 3.6427 ], [ 30.7021, 3.6344 ], [ 30.7207, 3.6266 ], [ 30.7316, 3.6255 ], [ 30.7342, 3.6375 ], [ 30.7396, 3.6396 ], [ 30.7561, 3.6363 ], [ 30.7554, 3.6606 ], [ 30.7637, 3.6655 ], [ 30.7627, 3.6776 ], [ 30.7707, 3.6764 ], [ 30.7769, 3.6811 ], [ 30.7842, 3.6672 ], [ 30.7939, 3.663 ], [ 30.7981, 3.6571 ], [ 30.796, 3.6394 ], [ 30.8007, 3.633 ], [ 30.7962, 3.624 ], [ 30.7988, 3.6035 ], [ 30.8068, 3.6005 ], [ 30.8078, 3.5917 ], [ 30.8141, 3.5882 ], [ 30.82, 3.5936 ], [ 30.8238, 3.5931 ], [ 30.8257, 3.591 ], [ 30.8231, 3.5851 ], [ 30.8264, 3.5818 ], [ 30.8413, 3.5798 ], [ 30.8429, 3.5836 ], [ 30.8498, 3.5845 ], [ 30.8521, 3.5765 ], [ 30.8613, 3.5697 ], [ 30.8627, 3.5522 ], [ 30.8587, 3.5319 ], [ 30.8512, 3.5235 ], [ 30.8533, 3.5152 ], [ 30.8493, 3.4902 ], [ 30.8528, 3.4878 ], [ 30.8655, 3.4933 ], [ 30.8795, 3.5257 ], [ 30.8877, 3.5542 ], [ 30.9038, 3.5745 ], [ 30.9089, 3.5937 ], [ 30.9213, 3.6002 ], [ 30.9293, 3.6189 ], [ 30.9394, 3.6194 ], [ 30.9413, 3.6265 ], [ 30.9491, 3.6326 ], [ 30.9472, 3.6502 ], [ 30.9505, 3.6591 ], [ 30.9557, 3.6683 ], [ 30.9676, 3.6727 ], [ 30.9685, 3.6817 ], [ 30.9774, 3.6979 ], [ 30.9888, 3.7059 ], [ 31.0007, 3.7087 ], [ 31.0084, 3.7062 ], [ 31.0168, 3.7001 ], [ 31.0196, 3.6934 ], [ 31.0228, 3.6933 ], [ 31.0607, 3.7192 ], [ 31.0637, 3.7296 ], [ 31.059, 3.7336 ], [ 31.0696, 3.7425 ], [ 31.0802, 3.7428 ], [ 31.0847, 3.7394 ], [ 31.0888, 3.7415 ], [ 31.0923, 3.7342 ], [ 31.0944, 3.7393 ], [ 31.0981, 3.7365 ], [ 31.0474, 3.8182 ], [ 31.0474, 3.873 ], [ 30.972, 3.9484 ] ] ] } },
{ "type": "Feature", "properties": { "iso3": "SSD", "unit_id": "24577616B70624736731724", "unit_name": "Terekeka" }, "geometry": { "type": "Polygon", "coordinates": [ [ [ 32.1022, 5.3679 ], [ 32.1144, 5.85 ], [ 31.0217, 5.9095 ], [ 30.6119, 6.2511 ], [ 30.5241, 6.0917 ], [ 30.3039, 6.0812 ], [ 30.6542, 5.7436 ], [ 31.0185, 5.5745 ], [ 30.9957, 5.3859 ], [ 30.9242, 5.3852 ], [ 31.0017, 5.2712 ], [ 31.1822, 5.3123 ], [ 31.253, 5.3123 ], [ 31.7373, 5.1227 ], [ 31.8287, 5.4654 ], [ 32.1022, 5.3679 ] ] ] } },
{ "type": "Feature", "properties": { "iso3": "SSD", "unit_id": "24577616B59669508021686", "unit_name": "Yei" }, "geometry": { "type": "Polygon", "coordinates": [ [ [ 30.4711, 4.6475 ], [ 30.3972, 4.6085 ], [ 30.2996, 4.6833 ], [ 30.2053, 4.7093 ], [ 30.0784, 4.6475 ], [ 29.9548, 4.6508 ], [ 29.8094, 4.5646 ], [ 29.8132, 4.5577 ], [ 29.8261, 4.563 ], [ 29.8289, 4.5588 ], [ 29.8193, 4.5507 ], [ 29.8196, 4.5423 ], [ 29.8161, 4.5422 ], [ 29.8094, 4.5251 ], [ 29.8097, 4.5144 ], [ 29.8017, 4.512 ], [ 29.8017, 4.5077 ], [ 29.808, 4.5043 ], [ 29.809, 4.4989 ], [ 29.8067, 4.4825 ], [ 29.8087, 4.4721 ], [ 29.798, 4.4388 ], [ 29.8, 4.4234 ], [ 29.797, 4.418 ], [ 29.8023, 4.4019 ], [ 29.7986, 4.3962 ], [ 29.8, 4.3791 ], [ 29.797, 4.3727 ], [ 29.8134, 4.3677 ], [ 29.8151, 4.3626 ], [ 29.8282, 4.3613 ], [ 29.8366, 4.3395 ], [ 29.8416, 4.3361 ], [ 29.8997, 4.3485 ], [ 29.9426, 4.3182 ], [ 29.941, 4.3148 ], [ 29.9433, 4.3118 ], [ 29.9527, 4.3105 ], [ 29.9648, 4.3024 ], [ 29.9705, 4.2917 ], [ 29.9551, 4.2712 ], [ 29.9564, 4.2604 ], [ 29.9473, 4.2541 ], [ 29.945, 4.2453 ], [ 29.9537, 4.241 ], [ 29.953, 4.2339 ], [ 29.9567, 4.2269 ], [ 29.9685, 4.2215 ], [ 29.9708, 4.2111 ], [ 29.9752, 4.2066 ], [ 29.9789, 4.2066 ], [ 29.9812, 4.2156 ], [ 29.9873, 4.2166 ], [ 30.0074, 4.2099 ], [ 30.0232, 4.2109 ], [ 30.0276, 4.1935 ], [ 30.0313, 4.1918 ], [ 30.0269, 4.1851 ], [ 30.0289, 4.1747 ], [ 30.0457, 4.1512 ], [ 30.0504, 4.1502 ], [ 30.0578, 4.1337 ], [ 30.0668, 4.1324 ], [ 30.0699, 4.1263 ], [ 30.0752, 4.126 ], [ 30.0789, 4.1294 ], [ 30.0954, 4.1263 ], [ 30.0964, 4.123 ], [ 30.1031, 4.1223 ], [ 30.1259, 4.109 ], [ 30.1467, 4.1097 ], [ 30.1524, 4.1124 ], [ 30.1581, 4.1208 ], [ 30.1622, 4.1198 ], [ 30.1662, 4.0996 ], [ 30.1638, 4.0751 ], [ 30.1709, 4.0677 ], [ 30.1702, 4.0597 ], [ 30.1595, 4.0513 ], [ 30.1756, 4.0375 ], [ 30.192, 4.0325 ], [ 30.1954, 4.008 ], [ 30.2031, 4.0019 ], [ 30.1927, 3.983 ], [ 30.1984, 3.9699 ], [ 30.1951, 3.9672 ], [ 30.2102, 3.9561 ], [ 30.2061, 3.9534 ], [ 30.2071, 3.9417 ], [ 30.2112, 3.9377 ], [ 30.2236, 3.934 ], [ 30.2303, 3.941 ], [ 30.2357, 3.9357 ], [ 30.241, 3.935 ], [ 30.2525, 3.9461 ], [ 30.2679, 3.9464 ], [ 30.2729, 3.9498 ], [ 30.2756, 3.9588 ], [ 30.28, 3.9565 ], [ 30.282, 3.9484 ], [ 30.2897, 3.9474 ], [ 30.2964, 3.9407 ], [ 30.2991, 3.9212 ], [ 30.3082, 3.9263 ], [ 30.3327, 3.9175 ], [ 30.338, 3.9202 ], [ 30.3414, 3.9266 ], [ 30.3451, 3.9226 ], [ 30.3511, 3.9232 ], [ 30.3498, 3.9172 ], [ 30.3578, 3.9112 ], [ 30.3864, 3.9088 ], [ 30.3803, 3.9011 ], [ 30.3817, 3.8974 ], [ 30.3904, 3.8917 ], [ 30.3971, 3.8944 ], [ 30.3971, 3.8867 ], [ 30.4035, 3.8803 ], [ 30.4045, 3.8675 ], [ 30.4116, 3.8648 ], [ 30.4166, 3.8682 ], [ 30.4273, 3.8655 ], [ 30.4324, 3.8685 ], [ 30.4387, 3.8813 ], [ 30.4471, 3.8823 ], [ 30.4515, 3.8726 ], [ 30.4491, 3.8655 ], [ 30.4582, 3.8568 ], [ 30.4552, 3.8474 ], [ 30.4646, 3.845 ], [ 30.4666, 3.8343 ], [ 30.4864, 3.834 ], [ 30.4995, 3.8434 ], [ 30.5059, 3.843 ], [ 30.5274, 3.8586 ], [ 30.5331, 3.8539 ], [ 30.5351, 3.8445 ], [ 30.5435, 3.8432 ], [ 30.5482, 3.8378 ], [ 30.5512, 3.8214 ], [ 30.5599, 3.8113 ], [ 30.5601, 3.8045 ], [ 30.6407, 3.8273 ], [ 30.7115, 3.777 ], [ 30.8418, 3.7862 ], [ 30.8395, 3.8799 ], [ 30.929, 3.9261 ], [ 30.924, 3.9575 ], [ 30.892, 3.9735 ], [ 30.892, 3.9987 ], [ 30.9103, 4.0009 ], [ 30.9057, 4.0489 ], [ 30.8052, 4.1312 ], [ 30.8029, 4.17 ], [ 30.7275, 4.1791 ], [ 30.6978, 4.1129 ], [ 30.5607, 4.1997 ], [ 30.6316, 4.2431 ], [ 30.5927, 4.3574 ], [ 30.5585, 4.3574 ], [ 30.5676, 4.403 ], [ 30.4625, 4.5264 ], [ 30.4922, 4.5744 ], [ 30.4711, 4.6475 ] ] ] } },
{ "type": "Feature", "properties": { "iso3": "SSD", "unit_id": "24577616B25877118346055", "unit_name": "Budi" }, "geometry": { "type": "Polygon", "coordinates": [ [ [ 33.9383, 4.1805 ], [ 33.9181, 4.2293 ], [ 33.8006, 4.2173 ], [ 33.6381, 4.5866 ], [ 33.455, 4.6516 ], [ 33.4432, 4.7845 ], [ 33.3723, 4.8643 ], [ 33.3161, 4.8407 ], [ 33.2613, 4.9099 ], [ 33.0591, 4.6752 ], [ 33.1536, 4.5216 ], [ 33.0709, 4.4625 ], [ 33.0, 4.4803 ], [ 33.1566, 4.2853 ], [ 33.2807, 4.1937 ], [ 33.2334, 4.1169 ], [ 33.4727, 3.9662 ], [ 33.5954, 3.8336 ], [ 33.9383, 4.1805 ] ] ] } },
{ "type": "Feature", "properties": { "iso3": "SSD", "unit_id": "24577616B88283699498268", "unit_name": "Ikotos" }, "geometry": { "type": "Polygon", "coordinates": [ [ [ 33.0519, 4.4156 ], [ 32.9439, 4.3739 ], [ 32.9764, 4.303 ], [ 32.9232, 4.2646 ], [ 32.8641, 4.3148 ], [ 32.8553, 4.2469 ], [ 32.7755, 4.2646 ], [ 32.8287, 4.1494 ], [ 32.7903, 4.0755 ], [ 32.883, 3.8079 ], [ 32.9019, 3.8129 ], [ 33.0285, 3.8909 ], [ 33.1798, 3.7761 ], [ 33.5118, 3.7491 ], [ 33.5954, 3.8336 ], [ 33.4727, 3.9662 ], [ 33.2334, 4.1169 ], [ 33.2807, 4.1937 ], [ 33.1566, 4.2853 ], [ 33.0519, 4.4156 ] ] ] } },
{ "type": "Feature", "properties": { "iso3": "SSD", "unit_id": "24577616B89579255364248", "unit_name": "Kapoeta East" }, "geometry": { "type": "Polygon", "coordinates": [ [ [ 33.9383, 4.1805 ], [ 34.3775, 4.6327 ], [ 35.0079, 4.6286 ], [ 35.951, 4.6282 ], [ 35.9519, 4.6322 ], [ 35.8767, 4.7185 ], [ 35.8627, 4.741 ], [ 35.8384, 4.7661 ], [ 35.8289, 4.783 ], [ 35.8229, 4.8073 ], [ 35.8124, 4.8247 ], [ 35.8061, 4.8466 ], [ 35.8078, 4.8566 ], [ 35.8168, 4.8714 ], [ 35.818, 4.8818 ], [ 35.8169, 4.8939 ], [ 35.7974, 4.9475 ], [ 35.7957, 4.9909 ], [ 35.8082, 5.0388 ], [ 35.8051, 5.0487 ], [ 35.8061, 5.0746 ], [ 35.8207, 5.0881 ], [ 35.8179, 5.0998 ], [ 35.8215, 5.1097 ], [ 35.8286, 5.1157 ], [ 35.828, 5.1189 ], [ 35.8377, 5.1237 ], [ 35.8483, 5.1402 ], [ 35.8464, 5.1421 ], [ 35.8504, 5.1453 ], [ 35.8509, 5.1501 ], [ 35.8568, 5.1504 ], [ 35.8646, 5.1704 ], [ 35.8644, 5.183 ], [ 35.8534, 5.2052 ], [ 35.8532, 5.2181 ], [ 35.8319, 5.2423 ], [ 35.827, 5.2536 ], [ 35.8292, 5.2643 ], [ 35.8357, 5.2727 ], [ 35.8427, 5.2746 ], [ 35.8409, 5.2781 ], [ 35.8527, 5.2871 ], [ 35.8523, 5.2909 ], [ 35.8585, 5.2918 ], [ 35.8584, 5.2959 ], [ 35.864, 5.3024 ], [ 35.8626, 5.3209 ], [ 35.8579, 5.3236 ], [ 35.8563, 5.3216 ], [ 35.8528, 5.3263 ], [ 35.842, 5.3275 ], [ 35.8389, 5.3372 ], [ 35.8306, 5.3389 ], [ 35.8226, 5.3365 ], [ 35.821, 5.3425 ], [ 35.8132, 5.3463 ], [ 35.7906, 5.3483 ], [ 35.7826, 5.3562 ], [ 35.7769, 5.3552 ], [ 35.7748, 5.3588 ], [ 35.7715, 5.3552 ], [ 35.774, 5.3494 ], [ 35.762, 5.3551 ], [ 35.7538, 5.3608 ], [ 35.7572, 5.3643 ], [ 35.7528, 5.3669 ], [ 35.7566, 5.37 ], [ 35.7525, 5.3745 ], [ 35.748, 5.3715 ], [ 35.7471, 5.3754 ], [ 35.7406, 5.3778 ], [ 35.738, 5.3749 ], [ 35.7366, 5.3801 ], [ 35.7288, 5.3752 ], [ 35.729, 5.3805 ], [ 35.7249, 5.3779 ], [ 35.7234, 5.3884 ], [ 35.7171, 5.3865 ], [ 35.7178, 5.3929 ], [ 35.7115, 5.3894 ], [ 35.7083, 5.3923 ], [ 35.7066, 5.3894 ], [ 35.701, 5.3941 ], [ 35.6886, 5.3862 ], [ 35.6879, 5.3905 ], [ 35.6829, 5.3884 ], [ 35.6808, 5.3925 ], [ 35.6746, 5.3864 ], [ 35.667, 5.3891 ], [ 35.6619, 5.3868 ], [ 35.6566, 5.3889 ], [ 35.6572, 5.3937 ], [ 35.6533, 5.3952 ], [ 35.6385, 5.3862 ], [ 35.6357, 5.3888 ], [ 35.6325, 5.3847 ], [ 35.6244, 5.3859 ], [ 35.6216, 5.383 ], [ 35.6187, 5.3853 ], [ 35.6175, 5.4048 ], [ 35.6075, 5.4047 ], [ 35.6062, 5.4 ], [ 35.603, 5.4021 ], [ 35.6, 5.4 ], [ 35.5915, 5.4085 ], [ 35.5926, 5.4133 ], [ 35.5876, 5.4151 ], [ 35.5868, 5.4189 ], [ 35.5739, 5.4186 ], [ 35.5742, 5.4154 ], [ 35.5707, 5.4142 ], [ 35.5584, 5.4149 ], [ 35.5408, 5.4249 ], [ 35.5281, 5.424 ], [ 35.5249, 5.4203 ], [ 35.5121, 5.4256 ], [ 35.507, 5.4251 ], [ 35.5026, 5.4193 ], [ 35.4927, 5.4212 ], [ 35.4799, 5.4126 ], [ 35.4751, 5.4126 ], [ 35.4552, 5.3936 ], [ 35.4491, 5.3948 ], [ 35.4438, 5.3862 ], [ 35.4237, 5.3737 ], [ 35.416, 5.3726 ], [ 35.413, 5.3661 ], [ 35.3785, 5.3607 ], [ 35.3548, 5.3502 ], [ 35.3385, 5.3381 ], [ 35.3145, 5.3372 ], [ 35.308, 5.3395 ], [ 35.2957, 5.3641 ], [ 35.3003, 5.3933 ], [ 35.2948, 5.4024 ], [ 35.294, 5.4151 ], [ 35.2948, 5.4323 ], [ 35.3021, 5.4408 ], [ 35.3092, 5.4625 ], [ 35.3066, 5.4743 ], [ 35.3092, 5.4836 ], [ 35.3046, 5.4935 ], [ 35.3066, 5.5034 ], [ 35.1271, 5.6292 ], [ 35.1265, 5.6879 ], [ 35.0396, 5.8405 ], [ 34.9979, 5.8986 ], [ 35.0021, 5.9349 ], [ 34.993, 5.9473 ], [ 34.9933, 5.9674 ], [ 34.9985, 5.986 ], [ 35.0104, 5.9937 ], [ 35.0117, 6.0082 ], [ 34.1443, 5.7209 ], [ 33.7348, 5.7796 ], [ 33.6263, 5.4197 ], [ 33.7829, 5.2779 ], [ 33.6352, 4.7639 ], [ 33.7415, 4.6546 ], [ 33.9383, 4.1805 ] ] ] } },
{ "type": "Feature", "properties": { "iso3": "SSD", "unit_id": "24577616B15363759494376", "unit_name": "Kapoeta North" }, "geometry": { "type": "Polygon", "coordinates": [ [ [ 33.4432, 4.7845 ], [ 33.5377, 4.8229 ], [ 33.5672, 4.7757 ], [ 33.6145, 4.8732 ], [ 33.6605, 4.8521 ], [ 33.7829, 5.2779 ], [ 33.6263, 5.4197 ], [ 33.7348, 5.7796 ], [ 33.3116, 5.8403 ], [ 33.2689, 5.5703 ], [ 33.13, 5.2454 ], [ 33.2613, 4.9099 ], [ 33.3161, 4.8407 ], [ 33.3723, 4.8643 ], [ 33.4432, 4.7845 ] ] ] } },
{ "type": "Feature", "properties": { "iso3": "SSD", "unit_id": "24577616B68368815421853", "unit_name": "Kapoeta South" }, "geometry": { "type": "Polygon", "coordinates": [ [ [ 33.9181, 4.2293 ], [ 33.7415, 4.6546 ], [ 33.6352, 4.7639 ], [ 33.6605, 4.8521 ], [ 33.6145, 4.8732 ], [ 33.5672, 4.7757 ], [ 33.5377, 4.8229 ], [ 33.4432, 4.7845 ], [ 33.455, 4.6516 ], [ 33.6381, 4.5866 ], [ 33.8006, 4.2173 ], [ 33.9181, 4.2293 ] ] ] } },
{ "type": "Feature", "properties": { "iso3": "SSD", "unit_id": "24577616B26387725085759", "unit_name": "Lafon" }, "geometry": { "type": "Polygon", "coordinates": [ [ [ 32.139, 4.5731 ], [ 32.3028, 4.563 ], [ 32.4771, 4.5128 ], [ 32.4624, 4.6752 ], [ 32.5037, 4.7816 ], [ 32.4683, 4.8318 ], [ 32.486, 4.9234 ], [ 32.5894, 4.9441 ], [ 32.6544, 4.6811 ], [ 32.7105, 4.6811 ], [ 32.7371, 4.6132 ], [ 32.811, 4.6546 ], [ 32.8907, 4.628 ], [ 32.9321, 4.4921 ], [ 32.9734, 4.5098 ], [ 33.0, 4.4803 ], [ 33.0709, 4.4625 ], [ 33.1536, 4.5216 ], [ 33.0591, 4.6752 ], [ 33.2613, 4.9099 ], [ 33.13, 5.2454 ], [ 33.2689, 5.5703 ], [ 33.3116, 5.8403 ], [ 32.5195, 5.8515 ], [ 32.1144, 5.85 ], [ 32.0983, 5.2135 ], [ 32.1732, 4.9533 ], [ 32.1244, 4.5987 ], [ 32.139, 4.5731 ] ] ] } },
{ "type": "Feature", "properties": { "iso3": "SSD", "unit_id": "24577616B14759242080513", "unit_name": "Magwi" }, "geometry": { "type": "Polygon", "coordinates": [ [ [ 31.7243, 4.0002 ], [ 31.802, 3.8215 ], [ 31.8135, 3.8221 ], [ 31.8252, 3.8176 ], [ 31.8425, 3.801 ], [ 31.8705, 3.782 ], [ 31.9071, 3.7344 ], [ 31.9582, 3.6572 ], [ 31.9611, 3.6455 ], [ 31.9524, 3.6265 ], [ 31.9576, 3.5864 ], [ 32.0004, 3.5858 ], [ 32.0007, 3.5768 ], [ 32.0342, 3.583 ], [ 32.0447, 3.5924 ], [ 32.0468, 3.5867 ], [ 32.0536, 3.5908 ], [ 32.0536, 3.5865 ], [ 32.0611, 3.5845 ], [ 32.0576, 3.5812 ], [ 32.0629, 3.5797 ], [ 32.0625, 3.576 ], [ 32.0705, 3.5758 ], [ 32.0688, 3.5721 ], [ 32.0736, 3.571 ], [ 32.073, 3.5663 ], [ 32.0814, 3.5649 ], [ 32.0816, 3.559 ], [ 32.0866, 3.5597 ], [ 32.0819, 3.5561 ], [ 32.0828, 3.5457 ], [ 32.0892, 3.5461 ], [ 32.087, 3.5421 ], [ 32.0897, 3.535 ], [ 32.0875, 3.533 ], [ 32.084, 3.5362 ], [ 32.0851, 3.5301 ], [ 32.1032, 3.5293 ], [ 32.2016, 3.5044 ], [ 32.2049, 3.5121 ], [ 32.2029, 3.5261 ], [ 32.2101, 3.537 ], [ 32.2083, 3.5461 ], [ 32.2186, 3.561 ], [ 32.214, 3.5669 ], [ 32.2159, 3.5742 ], [ 32.2076, 3.592 ], [ 32.2019, 3.5907 ], [ 32.1954, 3.594 ], [ 32.1979, 3.5978 ], [ 32.416, 3.7429 ], [ 32.721, 3.7651 ], [ 32.883, 3.8079 ], [ 32.85, 3.9032 ], [ 32.7991, 3.8953 ], [ 32.7726, 3.8215 ], [ 32.6426, 3.8835 ], [ 32.5155, 4.0992 ], [ 32.3088, 4.1612 ], [ 32.0692, 4.3702 ], [ 32.0723, 4.2702 ], [ 32.0496, 4.2377 ], [ 31.9975, 4.2442 ], [ 31.9845, 4.1043 ], [ 31.8642, 4.0393 ], [ 31.7633, 4.0295 ], [ 31.7243, 4.0002 ] ] ] } },
{ "type": "Feature", "properties": { "iso3": "SSD", "unit_id": "24577616B70911182996430", "unit_name": "Torit" }, "geometry": { "type": "Polygon", "coordinates": [ [ [ 32.0692, 4.3702 ], [ 32.3088, 4.1612 ], [ 32.5155, 4.0992 ], [ 32.6426, 3.8835 ], [ 32.7726, 3.8215 ], [ 32.7991, 3.8953 ], [ 32.85, 3.9032 ], [ 32.7903, 4.0755 ], [ 32.8287, 4.1494 ], [ 32.7755, 4.2646 ], [ 32.8553, 4.2469 ], [ 32.8641, 4.3148 ], [ 32.9232, 4.2646 ], [ 32.9764, 4.303 ], [ 32.9439, 4.3739 ], [ 33.0519, 4.4156 ], [ 32.9734, 4.5098 ], [ 32.9321, 4.4921 ], [ 32.8907, 4.628 ], [ 32.811, 4.6546 ], [ 32.7371, 4.6132 ], [ 32.7105, 4.6811 ], [ 32.6544, 4.6811 ], [ 32.5894, 4.9441 ], [ 32.486, 4.9234 ], [ 32.4683, 4.8318 ], [ 32.5037, 4.7816 ], [ 32.4624, 4.6752 ], [ 32.4771, 4.5128 ], [ 32.3028, 4.563 ], [ 32.139, 4.5731 ], [ 32.1504, 4.5532 ], [ 32.0073, 4.5174 ], [ 32.0658, 4.4784 ], [ 32.0692, 4.3702 ] ] ] } },
{ "type": "Feature", "properties": { "iso3": "SSD", "unit_id": "24577616B32612710997085", "unit_name": "Akobo" }, "geometry": { "type": "Polygon", "coordinates": [ [ [ 33.4951, 7.7319 ], [ 33.4855, 7.7328 ], [ 33.4831, 7.7404 ], [ 33.4865, 7.7451 ], [ 33.4739, 7.7475 ], [ 33.471, 7.7529 ], [ 33.4626, 7.7542 ], [ 33.461, 7.7515 ], [ 33.4639, 7.7471 ], [ 33.4608, 7.7445 ], [ 33.4567, 7.7473 ], [ 33.4501, 7.7456 ], [ 33.4447, 7.7515 ], [ 33.4404, 7.7479 ], [ 33.4364, 7.7509 ], [ 33.4296, 7.7441 ], [ 33.4266, 7.75 ], [ 33.424, 7.7449 ], [ 33.4207, 7.7448 ], [ 33.4189, 7.7374 ], [ 33.416, 7.7411 ], [ 33.4108, 7.7388 ], [ 33.4011, 7.7406 ], [ 33.4037, 7.7349 ], [ 33.4003, 7.7294 ], [ 33.3978, 7.7334 ], [ 33.3943, 7.7303 ], [ 33.3897, 7.7361 ], [ 33.3918, 7.7422 ], [ 33.3856, 7.7368 ], [ 33.3821, 7.7434 ], [ 33.3817, 7.736 ], [ 33.3733, 7.7322 ], [ 33.3743, 7.7299 ], [ 33.3657, 7.7325 ], [ 33.3668, 7.7289 ], [ 33.3621, 7.722 ], [ 33.3501, 7.7305 ], [ 33.3445, 7.7189 ], [ 33.3392, 7.7173 ], [ 33.3433, 7.7125 ], [ 33.3404, 7.7075 ], [ 33.3363, 7.7154 ], [ 33.3201, 7.7095 ], [ 33.3206, 7.7214 ], [ 33.3156, 7.7249 ], [ 33.3163, 7.7317 ], [ 33.3129, 7.7266 ], [ 33.3069, 7.73 ], [ 33.3037, 7.7256 ], [ 33.3011, 7.7418 ], [ 33.2968, 7.7412 ], [ 33.2975, 7.735 ], [ 33.2924, 7.7391 ], [ 33.2965, 7.749 ], [ 33.2848, 7.7426 ], [ 33.2805, 7.7461 ], [ 33.2855, 7.7488 ], [ 33.2837, 7.7526 ], [ 33.2766, 7.7487 ], [ 33.2764, 7.7562 ], [ 33.2692, 7.7536 ], [ 33.2678, 7.76 ], [ 33.264, 7.7581 ], [ 33.2641, 7.7618 ], [ 33.2617, 7.7601 ], [ 33.2566, 7.7654 ], [ 33.2554, 7.7605 ], [ 33.2539, 7.7702 ], [ 33.2463, 7.7726 ], [ 33.2497, 7.7775 ], [ 33.2477, 7.7796 ], [ 33.2434, 7.7798 ], [ 33.2423, 7.7755 ], [ 33.2339, 7.7823 ], [ 33.2264, 7.7688 ], [ 33.2172, 7.7741 ], [ 33.2083, 7.7721 ], [ 33.2108, 7.7782 ], [ 33.2068, 7.7792 ], [ 33.2042, 7.774 ], [ 33.2047, 7.7814 ], [ 33.2003, 7.7863 ], [ 33.1958, 7.7838 ], [ 33.1918, 7.7859 ], [ 33.1874, 7.7821 ], [ 33.1862, 7.7909 ], [ 33.1789, 7.789 ], [ 33.1758, 7.7954 ], [ 33.1655, 7.7893 ], [ 33.165, 7.7961 ], [ 33.1699, 7.7931 ], [ 33.1727, 7.7993 ], [ 33.1608, 7.8043 ], [ 33.1592, 7.8007 ], [ 33.1614, 7.7986 ], [ 33.1554, 7.789 ], [ 33.1514, 7.7921 ], [ 33.1455, 7.7881 ], [ 33.1422, 7.7909 ], [ 33.1381, 7.7861 ], [ 33.1345, 7.7915 ], [ 33.1289, 7.7851 ], [ 33.1258, 7.7911 ], [ 33.1241, 7.7872 ], [ 33.1151, 7.7885 ], [ 33.1153, 7.783 ], [ 33.1086, 7.7847 ], [ 33.1086, 7.7798 ], [ 33.0984, 7.7841 ], [ 33.1052, 7.7858 ], [ 33.1068, 7.7947 ], [ 33.0984, 7.7926 ], [ 33.0918, 7.8034 ], [ 33.0849, 7.7953 ], [ 33.0787, 7.7986 ], [ 33.0717, 7.7916 ], [ 33.0623, 7.7938 ], [ 33.0603, 7.7973 ], [ 33.0555, 7.7902 ], [ 33.0499, 7.7931 ], [ 33.0457, 7.7905 ], [ 33.0496, 7.7999 ], [ 33.0474, 7.8126 ], [ 33.0289, 7.829 ], [ 33.0176, 7.8481 ], [ 33.0067, 7.8562 ], [ 33.0048, 7.869 ], [ 33.0004, 7.8731 ], [ 33.005, 7.8906 ], [ 33.0142, 7.8899 ], [ 33.0166, 7.8945 ], [ 33.0003, 7.9153 ], [ 33.006, 7.9342 ], [ 32.998, 7.9453 ], [ 33.0151, 7.9582 ], [ 33.0288, 7.9609 ], [ 33.0386, 7.9683 ], [ 33.0408, 7.9788 ], [ 33.0364, 7.9879 ], [ 32.8302, 7.988 ], [ 32.9278, 8.2775 ], [ 32.6448, 8.4368 ], [ 32.6353, 8.3611 ], [ 32.6353, 8.3058 ], [ 32.5181, 8.2195 ], [ 32.4935, 8.2164 ], [ 32.4257, 8.3181 ], [ 32.3979, 8.2934 ], [ 32.3733, 8.4383 ], [ 32.2777, 8.4198 ], [ 32.213, 8.3551 ], [ 32.1945, 8.2717 ], [ 32.1945, 8.1978 ], [ 32.1606, 8.1515 ], [ 32.1698, 8.1084 ], [ 32.2376, 8.1145 ], [ 32.2839, 8.0006 ], [ 32.3517, 7.9234 ], [ 32.3486, 7.8803 ], [ 32.364, 7.8742 ], [ 32.4133, 7.9112 ], [ 32.589, 7.8989 ], [ 32.6322, 7.6955 ], [ 32.626, 7.6645 ], [ 32.5675, 7.5905 ], [ 32.626, 7.5505 ], [ 32.6168, 7.4642 ], [ 32.7401, 7.4335 ], [ 32.7616, 7.4458 ], [ 32.7709, 7.3994 ], [ 32.9373, 7.3563 ], [ 32.962, 7.3748 ], [ 33.0452, 7.2299 ], [ 33.2147, 7.2083 ], [ 33.216, 7.1929 ], [ 33.2579, 7.1929 ], [ 33.2887, 7.2361 ], [ 33.2579, 7.27 ], [ 33.3688, 7.2977 ], [ 33.4089, 7.3717 ], [ 33.4613, 7.3717 ], [ 33.486, 7.3902 ], [ 33.4675, 7.4303 ], [ 33.5291, 7.5875 ], [ 33.4951, 7.7319 ] ] ] } },
{ "type": "Feature", "properties": { "iso3": "SSD", "unit_id": "24577616B30967973173865", "unit_name": "Ayod" }, "geometry": { "type": "Polygon", "coordinates": [ [ [ 31.5067, 8.7753 ], [ 31.1126, 8.8419 ], [ 31.0448, 8.8481 ], [ 30.7951, 8.7002 ], [ 30.567, 8.6632 ], [ 30.3328, 8.5707 ], [ 30.2965, 8.5826 ], [ 30.2861, 8.5668 ], [ 30.275, 8.5578 ], [ 30.2732, 8.5488 ], [ 30.2777, 8.5464 ], [ 30.2963, 8.5522 ], [ 30.2994, 8.544 ], [ 30.3067, 8.5381 ], [ 30.3063, 8.5307 ], [ 30.311, 8.5217 ], [ 30.3374, 8.521 ], [ 30.3427, 8.4898 ], [ 30.3539, 8.48 ], [ 30.3652, 8.4763 ], [ 30.3529, 8.4693 ], [ 30.3558, 8.4574 ], [ 30.362, 8.4569 ], [ 30.3693, 8.4636 ], [ 30.3804, 8.4564 ], [ 30.3787, 8.4501 ], [ 30.3692, 8.4488 ], [ 30.3614, 8.4403 ], [ 30.3798, 8.4301 ], [ 30.3805, 8.4265 ], [ 30.3674, 8.4215 ], [ 30.3574, 8.4136 ], [ 30.3614, 8.4018 ], [ 30.3591, 8.3956 ], [ 30.3405, 8.3913 ], [ 30.3355, 8.3837 ], [ 30.3382, 8.3741 ], [ 30.349, 8.3642 ], [ 30.3382, 8.3549 ], [ 30.3489, 8.3518 ], [ 30.3531, 8.3453 ], [ 30.3477, 8.3368 ], [ 30.3466, 8.3284 ], [ 30.3553, 8.3047 ], [ 30.3496, 8.2994 ], [ 30.3396, 8.3006 ], [ 30.3358, 8.298 ], [ 30.3339, 8.2901 ], [ 30.3355, 8.2865 ], [ 30.3462, 8.2818 ], [ 30.3524, 8.2661 ], [ 30.3501, 8.2602 ], [ 30.3389, 8.2575 ], [ 30.3234, 8.241 ], [ 30.3255, 8.238 ], [ 30.3446, 8.2338 ], [ 30.3472, 8.2247 ], [ 30.339, 8.2172 ], [ 30.3203, 8.2104 ], [ 30.3203, 8.2064 ], [ 30.3294, 8.199 ], [ 30.3144, 8.1664 ], [ 30.3177, 8.163 ], [ 30.3246, 8.1657 ], [ 30.3298, 8.1631 ], [ 30.3248, 8.1546 ], [ 30.3275, 8.135 ], [ 30.3398, 8.1038 ], [ 30.3446, 8.1024 ], [ 30.3453, 8.1088 ], [ 30.355, 8.108 ], [ 30.3598, 8.115 ], [ 30.3601, 8.1243 ], [ 30.3655, 8.1295 ], [ 30.3698, 8.1241 ], [ 30.3649, 8.1137 ], [ 30.3662, 8.1075 ], [ 30.3926, 8.1088 ], [ 30.3993, 8.1057 ], [ 30.3946, 8.0834 ], [ 30.402, 8.0752 ], [ 30.4155, 8.0739 ], [ 30.4076, 8.067 ], [ 30.4081, 8.0533 ], [ 30.4135, 8.0482 ], [ 30.43, 8.0439 ], [ 30.43, 8.0355 ], [ 30.4424, 8.0216 ], [ 30.4447, 8.01 ], [ 30.4545, 7.9983 ], [ 30.4551, 7.9913 ], [ 30.4418, 7.9915 ], [ 30.4407, 7.9803 ], [ 30.4443, 7.9774 ], [ 30.4591, 7.9825 ], [ 30.4551, 7.97 ], [ 30.4694, 7.9507 ], [ 30.4733, 7.946 ], [ 30.4958, 7.9391 ], [ 30.5032, 7.9246 ], [ 30.5219, 7.904 ], [ 30.5112, 7.8937 ], [ 30.5153, 7.8848 ], [ 30.5316, 7.8711 ], [ 30.5254, 7.8636 ], [ 30.5237, 7.8432 ], [ 30.5272, 7.8384 ], [ 30.5475, 7.8307 ], [ 30.5518, 7.823 ], [ 30.5494, 7.8175 ], [ 30.5385, 7.8175 ], [ 30.5307, 7.8042 ], [ 30.535, 7.8024 ], [ 30.5549, 7.8061 ], [ 30.5596, 7.8002 ], [ 30.5472, 7.7958 ], [ 30.5402, 7.7843 ], [ 30.5498, 7.762 ], [ 30.5291, 7.752 ], [ 30.5345, 7.7374 ], [ 30.5287, 7.7285 ], [ 30.5281, 7.7187 ], [ 30.5214, 7.7155 ], [ 30.5248, 7.7073 ], [ 30.5218, 7.7049 ], [ 30.6749, 7.6953 ], [ 30.9585, 7.8125 ], [ 31.2821, 7.834 ], [ 31.3592, 7.9388 ], [ 31.6001, 8.0371 ], [ 31.5256, 8.0991 ], [ 31.5318, 8.1423 ], [ 31.6952, 8.3087 ], [ 31.7076, 8.348 ], [ 31.6551, 8.4813 ], [ 31.5996, 8.5029 ], [ 31.5441, 8.4998 ], [ 31.4917, 8.5645 ], [ 31.5256, 8.6755 ], [ 31.4979, 8.6817 ], [ 31.5067, 8.7753 ] ] ] } },
{ "type": "Feature", "properties": { "iso3": "SSD", "unit_id": "24577616B35491819750466", "unit_name": "Bor South" }, "geometry": { "type": "Polygon", "coordinates": [ [ [ 32.1144, 5.85 ], [ 32.5195, 5.8515 ], [ 32.512, 6.1172 ], [ 32.4534, 6.1511 ], [ 32.3887, 6.3761 ], [ 32.4041, 6.4624 ], [ 32.4842, 6.5087 ], [ 32.4781, 6.7799 ], [ 32.5335, 6.8939 ], [ 32.5027, 6.9648 ], [ 32.6322, 7.0665 ], [ 32.5829, 7.0912 ], [ 32.5613, 7.0696 ], [ 32.1544, 7.0974 ], [ 32.1144, 7.0542 ], [ 31.7907, 7.0203 ], [ 31.5965, 6.8046 ], [ 31.4393, 6.783 ], [ 31.3222, 6.6782 ], [ 31.3159, 6.6325 ], [ 31.3185, 6.6296 ], [ 31.3142, 6.622 ], [ 31.3214, 6.617 ], [ 31.3235, 6.6075 ], [ 31.3308, 6.5993 ], [ 31.3272, 6.5822 ], [ 31.4172, 6.4384 ], [ 31.4211, 6.437 ], [ 31.4182, 6.4313 ], [ 31.4237, 6.418 ], [ 31.4191, 6.403 ], [ 31.4218, 6.4006 ], [ 31.426, 6.4032 ], [ 31.426, 6.397 ], [ 31.4353, 6.3878 ], [ 31.4308, 6.3787 ], [ 31.4418, 6.3806 ], [ 31.4615, 6.3697 ], [ 31.4682, 6.3609 ], [ 31.4641, 6.3511 ], [ 31.4663, 6.3453 ], [ 31.4751, 6.3378 ], [ 31.4774, 6.3373 ], [ 31.4784, 6.3428 ], [ 31.4833, 6.3405 ], [ 31.481, 6.3323 ], [ 31.4867, 6.3269 ], [ 31.4829, 6.3197 ], [ 31.4848, 6.31 ], [ 31.4941, 6.3012 ], [ 31.4898, 6.2857 ], [ 31.4978, 6.2789 ], [ 31.5024, 6.2862 ], [ 31.5058, 6.2847 ], [ 31.5229, 6.2688 ], [ 31.5186, 6.2612 ], [ 31.5355, 6.2551 ], [ 31.5322, 6.2498 ], [ 31.5236, 6.2483 ], [ 31.5229, 6.2442 ], [ 31.534, 6.2392 ], [ 31.5274, 6.2296 ], [ 31.5411, 6.226 ], [ 31.5469, 6.2191 ], [ 31.5471, 6.2072 ], [ 31.5547, 6.201 ], [ 31.5461, 6.1858 ], [ 31.549, 6.1841 ], [ 31.5542, 6.1874 ], [ 31.5526, 6.1746 ], [ 31.5599, 6.1639 ], [ 31.5611, 6.1527 ], [ 31.5664, 6.1472 ], [ 31.5618, 6.1363 ], [ 31.5695, 6.1258 ], [ 31.5678, 6.1154 ], [ 31.5709, 6.113 ], [ 31.5852, 6.1151 ], [ 31.5821, 6.1065 ], [ 31.5942, 6.0889 ], [ 31.5921, 6.0782 ], [ 31.6156, 6.0416 ], [ 31.6199, 6.0176 ], [ 31.6375, 5.9942 ], [ 31.648, 5.97 ], [ 31.6587, 5.9714 ], [ 31.6618, 5.9438 ], [ 31.6973, 5.8728 ], [ 32.1144, 5.85 ] ] ] } },
{ "type": "Feature", "properties": { "iso3": "SSD", "unit_id": "24577616B95275294726650", "unit_name": "Canal-Pigi" }, "geometry": { "type": "Polygon", "coordinates": [ [ [ 31.1126, 8.8419 ], [ 31.538, 8.768 ], [ 31.8269, 8.8743 ], [ 31.8228, 8.8885 ], [ 31.8187, 8.8898 ], [ 31.8081, 8.9044 ], [ 31.8109, 8.9107 ], [ 31.8081, 8.9147 ], [ 31.8127, 8.9171 ], [ 31.8144, 8.925 ], [ 31.8086, 8.9255 ], [ 31.8081, 8.9303 ], [ 31.8012, 8.9281 ], [ 31.8069, 8.9356 ], [ 31.7996, 8.9414 ], [ 31.7955, 8.9409 ], [ 31.7957, 8.9464 ], [ 31.7912, 8.9485 ], [ 31.7962, 8.9541 ], [ 31.7821, 8.9573 ], [ 31.7843, 8.9651 ], [ 31.7754, 8.9695 ], [ 31.7821, 8.971 ], [ 31.778, 8.9745 ], [ 31.7828, 8.9764 ], [ 31.7781, 8.9825 ], [ 31.7722, 8.9828 ], [ 31.7735, 8.9883 ], [ 31.7698, 8.9918 ], [ 31.7767, 8.9925 ], [ 31.7783, 8.9998 ], [ 31.7818, 8.9982 ], [ 31.7787, 9.0111 ], [ 31.7891, 9.0115 ], [ 31.7893, 9.0188 ], [ 31.7982, 9.0221 ], [ 31.7977, 9.0297 ], [ 31.8047, 9.0333 ], [ 31.8059, 9.0389 ], [ 31.7985, 9.0395 ], [ 31.7963, 9.0474 ], [ 31.7833, 9.0465 ], [ 31.7813, 9.0507 ], [ 31.7759, 9.0496 ], [ 31.7758, 9.0543 ], [ 31.7685, 9.0558 ], [ 31.7688, 9.0598 ], [ 31.7642, 9.0604 ], [ 31.7568, 9.0841 ], [ 31.8154, 9.1459 ], [ 31.7828, 9.276 ], [ 31.6202, 9.2923 ], [ 31.5454, 9.3866 ], [ 31.4576, 9.3411 ], [ 31.1785, 9.4248 ], [ 31.1681, 9.3937 ], [ 31.0756, 9.3413 ], [ 31.1434, 9.1132 ], [ 31.091, 9.0146 ], [ 31.1743, 8.9036 ], [ 31.1126, 8.8419 ] ] ] } },
{ "type": "Feature", "properties": { "iso3": "SSD", "unit_id": "24577616B86817501431241", "unit_name": "Duk" }, "geometry": { "type": "Polygon", "coordinates": [ [ [ 30.5218, 7.7049 ], [ 30.5215, 7.7015 ], [ 30.5256, 7.6989 ], [ 30.5231, 7.6923 ], [ 30.5247, 7.6799 ], [ 30.53, 7.6667 ], [ 30.524, 7.6619 ], [ 30.5119, 7.6671 ], [ 30.5062, 7.6659 ], [ 30.4994, 7.6571 ], [ 30.5002, 7.6533 ], [ 30.5062, 7.6471 ], [ 30.5275, 7.6437 ], [ 30.5377, 7.6275 ], [ 30.5358, 7.6004 ], [ 30.5483, 7.5813 ], [ 30.5551, 7.5804 ], [ 30.5641, 7.5861 ], [ 30.5658, 7.573 ], [ 30.5839, 7.5385 ], [ 30.5833, 7.5137 ], [ 30.5748, 7.5116 ], [ 30.5641, 7.5197 ], [ 30.5584, 7.5188 ], [ 30.5539, 7.5138 ], [ 30.5553, 7.5095 ], [ 30.5631, 7.5062 ], [ 30.5596, 7.4933 ], [ 30.5659, 7.4859 ], [ 30.5858, 7.48 ], [ 30.5946, 7.4721 ], [ 30.5943, 7.4657 ], [ 30.5836, 7.4631 ], [ 30.5808, 7.4588 ], [ 30.5841, 7.446 ], [ 30.5931, 7.4431 ], [ 30.6086, 7.4448 ], [ 30.6162, 7.441 ], [ 30.6186, 7.4322 ], [ 30.6239, 7.4366 ], [ 30.62, 7.4138 ], [ 30.6322, 7.4167 ], [ 30.6312, 7.4113 ], [ 30.6421, 7.3991 ], [ 30.6529, 7.3946 ], [ 30.6552, 7.386 ], [ 30.6645, 7.381 ], [ 30.6672, 7.3721 ], [ 30.6738, 7.3719 ], [ 30.6757, 7.3612 ], [ 30.6807, 7.3574 ], [ 30.6783, 7.346 ], [ 30.6819, 7.3403 ], [ 30.6788, 7.3358 ], [ 30.6826, 7.3298 ], [ 30.679, 7.3286 ], [ 30.6774, 7.3348 ], [ 30.6728, 7.3374 ], [ 30.6736, 7.3319 ], [ 30.6683, 7.3284 ], [ 30.6802, 7.3244 ], [ 30.6752, 7.3206 ], [ 30.6781, 7.3089 ], [ 30.6752, 7.3013 ], [ 30.6964, 7.2852 ], [ 31.1003, 7.3193 ], [ 31.1311, 7.3008 ], [ 31.3068, 7.3933 ], [ 31.6674, 7.4488 ], [ 31.7137, 7.5042 ], [ 31.7229, 7.6738 ], [ 31.7599, 7.7169 ], [ 31.7476, 7.7539 ], [ 31.7075, 7.7631 ], [ 31.7291, 7.9296 ], [ 31.6001, 8.0371 ], [ 31.3592, 7.9388 ], [ 31.2821, 7.834 ], [ 30.9585, 7.8125 ], [ 30.6749, 7.6953 ], [ 30.5218, 7.7049 ] ] ] } },
{ "type": "Feature", "properties": { "iso3": "SSD", "unit_id": "24577616B90818320991813", "unit_name": "Fangak" }, "geometry": { "type": "Polygon", "coordinates": [ [ [ 31.1126, 8.8419 ], [ 31.1743, 8.9036 ], [ 31.091, 9.0146 ], [ 31.1434, 9.1132 ], [ 31.0756, 9.3413 ], [ 31.1681, 9.3937 ], [ 31.1785, 9.4248 ], [ 31.1755, 9.4164 ], [ 31.1637, 9.4144 ], [ 31.1545, 9.4166 ], [ 31.1295, 9.4323 ], [ 31.0957, 9.4411 ], [ 31.0712, 9.4555 ], [ 31.0527, 9.4566 ], [ 31.0383, 9.468 ], [ 30.9961, 9.4772 ], [ 30.9741, 9.4742 ], [ 30.9525, 9.4792 ], [ 30.9387, 9.486 ], [ 30.9194, 9.4771 ], [ 30.9185, 9.4665 ], [ 30.9114, 9.461 ], [ 30.8937, 9.4645 ], [ 30.8397, 9.4529 ], [ 30.8158, 9.4602 ], [ 30.7939, 9.4555 ], [ 30.7562, 9.4759 ], [ 30.7514, 9.4761 ], [ 30.7487, 9.468 ], [ 30.7402, 9.4652 ], [ 30.6947, 9.4972 ], [ 30.6264, 9.4982 ], [ 30.6001, 9.5062 ], [ 30.574, 9.5049 ], [ 30.5609, 9.5011 ], [ 30.543, 9.51 ], [ 30.5038, 9.5191 ], [ 30.5021, 9.4999 ], [ 30.4731, 9.4853 ], [ 30.4639, 9.4665 ], [ 30.4545, 9.4575 ], [ 30.4267, 9.452 ], [ 30.4219, 9.4478 ], [ 30.4167, 9.4335 ], [ 30.4022, 9.4209 ], [ 30.3976, 9.4002 ], [ 30.3779, 9.3854 ], [ 30.3774, 9.3695 ], [ 30.3684, 9.344 ], [ 30.3612, 9.335 ], [ 30.3512, 9.3312 ], [ 30.3353, 9.3335 ], [ 30.3329, 9.3312 ], [ 30.3391, 9.3143 ], [ 30.337, 9.2988 ], [ 30.3396, 9.2893 ], [ 30.3654, 9.289 ], [ 30.3745, 9.2786 ], [ 30.3705, 9.2645 ], [ 30.3755, 9.2381 ], [ 30.3677, 9.2279 ], [ 30.3672, 9.2186 ], [ 30.3736, 9.2122 ], [ 30.3846, 9.2105 ], [ 30.3929, 9.205 ], [ 30.3884, 9.1813 ], [ 30.3717, 9.1658 ], [ 30.3722, 9.1463 ], [ 30.3698, 9.1427 ], [ 30.3362, 9.1299 ], [ 30.3341, 9.1125 ], [ 30.3222, 9.093 ], [ 30.3263, 9.0758 ], [ 30.324, 9.065 ], [ 30.2999, 9.0549 ], [ 30.2971, 9.0325 ], [ 30.2823, 9.0382 ], [ 30.275, 9.0356 ], [ 30.2677, 9.0114 ], [ 30.2487, 9.0057 ], [ 30.2479, 8.9892 ], [ 30.2342, 8.989 ], [ 30.2289, 8.9857 ], [ 30.2263, 8.9759 ], [ 30.2173, 8.9664 ], [ 30.2137, 8.9569 ], [ 30.2173, 8.9443 ], [ 30.2099, 8.9374 ], [ 30.214, 8.9255 ], [ 30.2251, 8.9138 ], [ 30.2292, 8.8984 ], [ 30.2163, 8.8529 ], [ 30.233, 8.8427 ], [ 30.2335, 8.8222 ], [ 30.2423, 8.8146 ], [ 30.2442, 8.8082 ], [ 30.2404, 8.777 ], [ 30.2446, 8.7706 ], [ 30.2575, 8.7632 ], [ 30.2539, 8.756 ], [ 30.2613, 8.751 ], [ 30.2655, 8.7429 ], [ 30.2596, 8.7323 ], [ 30.2449, 8.7237 ], [ 30.2387, 8.707 ], [ 30.2451, 8.6956 ], [ 30.2668, 8.6801 ], [ 30.2801, 8.654 ], [ 30.3079, 8.6554 ], [ 30.3165, 8.6485 ], [ 30.3232, 8.6354 ], [ 30.3196, 8.6126 ], [ 30.3027, 8.5952 ], [ 30.2965, 8.5826 ], [ 30.3328, 8.5707 ], [ 30.567, 8.6632 ], [ 30.7951, 8.7002 ], [ 31.0448, 8.8481 ], [ 31.1126, 8.8419 ] ] ] } },
{ "type": "Feature", "properties": { "iso3": "SSD", "unit_id": "24577616B84821457101166", "unit_name": "Nyirol" }, "geometry": { "type": "Polygon", "coordinates": [ [ [ 32.6448, 8.4368 ], [ 32.5212, 8.902 ], [ 32.4106, 8.928 ], [ 32.4269, 9.0223 ], [ 32.3911, 9.0971 ], [ 32.2577, 8.928 ], [ 32.0918, 8.8337 ], [ 31.9812, 8.7133 ], [ 31.9727, 8.7206 ], [ 31.9748, 8.7223 ], [ 31.9601, 8.7298 ], [ 31.9613, 8.7357 ], [ 31.9551, 8.7323 ], [ 31.9523, 8.7368 ], [ 31.9496, 8.7325 ], [ 31.9503, 8.743 ], [ 31.9413, 8.7489 ], [ 31.9387, 8.7565 ], [ 31.9351, 8.7562 ], [ 31.9345, 8.7635 ], [ 31.9286, 8.7594 ], [ 31.9213, 8.7618 ], [ 31.9189, 8.7586 ], [ 31.9175, 8.7626 ], [ 31.9091, 8.7641 ], [ 31.9135, 8.7703 ], [ 31.9068, 8.7738 ], [ 31.9101, 8.78 ], [ 31.9082, 8.7825 ], [ 31.9147, 8.7847 ], [ 31.911, 8.7919 ], [ 31.9031, 8.7968 ], [ 31.899, 8.7917 ], [ 31.8929, 8.7961 ], [ 31.8886, 8.7919 ], [ 31.8874, 8.7951 ], [ 31.8828, 8.7959 ], [ 31.8853, 8.8025 ], [ 31.8771, 8.8061 ], [ 31.8792, 8.8138 ], [ 31.8736, 8.817 ], [ 31.8769, 8.8205 ], [ 31.8729, 8.8233 ], [ 31.8673, 8.8203 ], [ 31.8611, 8.8275 ], [ 31.8509, 8.8281 ], [ 31.849, 8.8351 ], [ 31.8409, 8.833 ], [ 31.8426, 8.8368 ], [ 31.8382, 8.8403 ], [ 31.8375, 8.8467 ], [ 31.8327, 8.8481 ], [ 31.8357, 8.8599 ], [ 31.8321, 8.8615 ], [ 31.8339, 8.8655 ], [ 31.8281, 8.8676 ], [ 31.8269, 8.8743 ], [ 31.538, 8.768 ], [ 31.5067, 8.7753 ], [ 31.4979, 8.6817 ], [ 31.5256, 8.6755 ], [ 31.4917, 8.5645 ], [ 31.5441, 8.4998 ], [ 31.5996, 8.5029 ], [ 31.6551, 8.4813 ], [ 31.7076, 8.348 ], [ 31.7137, 8.3673 ], [ 31.8215, 8.3519 ], [ 31.9078, 8.2686 ], [ 31.9017, 8.2378 ], [ 31.9818, 8.2594 ], [ 31.9941, 8.3395 ], [ 32.0866, 8.3488 ], [ 32.1082, 8.3241 ], [ 32.065, 8.1608 ], [ 32.0804, 8.0621 ], [ 32.1236, 8.0375 ], [ 32.1698, 8.1084 ], [ 32.1606, 8.1515 ], [ 32.1945, 8.1978 ], [ 32.1945, 8.2717 ], [ 32.213, 8.3551 ], [ 32.2777, 8.4198 ], [ 32.3733, 8.4383 ], [ 32.3979, 8.2934 ], [ 32.4257, 8.3181 ], [ 32.4935, 8.2164 ], [ 32.5181, 8.2195 ], [ 32.6353, 8.3058 ], [ 32.6353, 8.3611 ], [ 32.6448, 8.4368 ] ] ] } },
{ "type": "Feature", "properties": { "iso3": "SSD", "unit_id": "24577616B60425923607167", "unit_name": "Pibor" }, "geometry": { "type": "Polygon", "coordinates": [ [ [ 35.0117, 6.0082 ], [ 35.0021, 6.0385 ], [ 35.0024, 6.0574 ], [ 35.0052, 6.0612 ], [ 35.0005, 6.0691 ], [ 35.0026, 6.0766 ], [ 34.9998, 6.0835 ], [ 34.9891, 6.0856 ], [ 34.9839, 6.0907 ], [ 34.9809, 6.0975 ], [ 34.9741, 6.1012 ], [ 34.9634, 6.1213 ], [ 34.9694, 6.1739 ], [ 34.9781, 6.1803 ], [ 34.9781, 6.1877 ], [ 34.9699, 6.2169 ], [ 34.961, 6.2291 ], [ 34.9622, 6.2389 ], [ 34.9585, 6.2438 ], [ 34.9662, 6.2953 ], [ 34.9865, 6.3188 ], [ 34.9919, 6.3284 ], [ 34.9905, 6.342 ], [ 34.9991, 6.3497 ], [ 34.9991, 6.3598 ], [ 34.9935, 6.3643 ], [ 34.9954, 6.3657 ], [ 34.9907, 6.3748 ], [ 34.9935, 6.3804 ], [ 34.9921, 6.3918 ], [ 34.9961, 6.3979 ], [ 35.0101, 6.4051 ], [ 35.0126, 6.4231 ], [ 35.0213, 6.4383 ], [ 35.0206, 6.4501 ], [ 35.0133, 6.4704 ], [ 35.0026, 6.4751 ], [ 34.9912, 6.4863 ], [ 34.9823, 6.4881 ], [ 34.9797, 6.4942 ], [ 34.983, 6.4956 ], [ 34.971, 6.5082 ], [ 34.9581, 6.5049 ], [ 34.9611, 6.5188 ], [ 34.9509, 6.5273 ], [ 34.9532, 6.5351 ], [ 34.9442, 6.5391 ], [ 34.9449, 6.5529 ], [ 34.9405, 6.5541 ], [ 34.9391, 6.5592 ], [ 34.9279, 6.5569 ], [ 34.9229, 6.5634 ], [ 34.9161, 6.5644 ], [ 34.9088, 6.5727 ], [ 34.9088, 6.5775 ], [ 34.9132, 6.5798 ], [ 34.9108, 6.5818 ], [ 34.8994, 6.5776 ], [ 34.8909, 6.5797 ], [ 34.8888, 6.5856 ], [ 34.8832, 6.5881 ], [ 34.8902, 6.5937 ], [ 34.8904, 6.6014 ], [ 34.8833, 6.6023 ], [ 34.8789, 6.6076 ], [ 34.871, 6.6051 ], [ 34.8648, 6.6116 ], [ 34.8521, 6.6099 ], [ 34.8412, 6.6013 ], [ 34.8169, 6.6075 ], [ 34.793, 6.5964 ], [ 34.7932, 6.5894 ], [ 34.7869, 6.5906 ], [ 34.7836, 6.5963 ], [ 34.7783, 6.598 ], [ 34.7769, 6.6038 ], [ 34.7688, 6.5948 ], [ 34.7658, 6.6107 ], [ 34.7499, 6.6229 ], [ 34.7405, 6.6389 ], [ 34.7359, 6.6419 ], [ 34.7284, 6.641 ], [ 34.727, 6.647 ], [ 34.7143, 6.6552 ], [ 34.7173, 6.6575 ], [ 34.7065, 6.6748 ], [ 34.711, 6.6817 ], [ 34.7105, 6.6865 ], [ 34.6907, 6.6981 ], [ 34.6781, 6.7004 ], [ 34.6705, 6.7131 ], [ 34.6611, 6.7153 ], [ 34.652, 6.733 ], [ 34.6407, 6.741 ], [ 34.6247, 6.743 ], [ 34.624, 6.7299 ], [ 34.6184, 6.7237 ], [ 34.6121, 6.7261 ], [ 34.6122, 6.7298 ], [ 34.6061, 6.7336 ], [ 34.5997, 6.7299 ], [ 34.5958, 6.7316 ], [ 34.5922, 6.729 ], [ 34.5904, 6.7314 ], [ 34.5889, 6.7284 ], [ 34.5851, 6.7321 ], [ 34.5813, 6.7303 ], [ 34.5782, 6.735 ], [ 34.574, 6.7317 ], [ 34.5725, 6.7361 ], [ 34.5676, 6.7337 ], [ 34.5647, 6.7401 ], [ 34.5571, 6.7354 ], [ 34.5525, 6.7382 ], [ 34.5507, 6.7351 ], [ 34.55, 6.7434 ], [ 34.5436, 6.7438 ], [ 34.5458, 6.7499 ], [ 34.5391, 6.7478 ], [ 34.5395, 6.7455 ], [ 34.5353, 6.7483 ], [ 34.5307, 6.747 ], [ 34.5301, 6.7562 ], [ 34.5376, 6.7568 ], [ 34.5389, 6.7597 ], [ 34.3244, 6.7244 ], [ 34.2874, 6.672 ], [ 34.0562, 6.709 ], [ 33.8312, 6.783 ], [ 33.7634, 6.7367 ], [ 33.6123, 6.7275 ], [ 33.5353, 6.783 ], [ 33.5291, 6.8169 ], [ 33.5939, 6.9525 ], [ 33.5692, 6.9926 ], [ 33.4459, 6.9618 ], [ 33.2271, 7.0542 ], [ 33.2147, 7.2083 ], [ 33.0452, 7.2299 ], [ 32.962, 7.3748 ], [ 32.9373, 7.3563 ], [ 32.7709, 7.3994 ], [ 32.7, 7.2792 ], [ 32.5829, 7.2299 ], [ 32.5829, 7.0912 ], [ 32.6322, 7.0665 ], [ 32.5027, 6.9648 ], [ 32.5335, 6.8939 ], [ 32.4781, 6.7799 ], [ 32.4842, 6.5087 ], [ 32.4041, 6.4624 ], [ 32.3887, 6.3761 ], [ 32.4534, 6.1511 ], [ 32.512, 6.1172 ], [ 32.5195, 5.8515 ], [ 33.3116, 5.8403 ], [ 34.1443, 5.7209 ], [ 35.0117, 6.0082 ] ] ] } },
{ "type": "Feature", "properties": { "iso3": "SSD", "unit_id": "24577616B20665395351286", "unit_name": "Pochalla" }, "geometry": { "type": "Polygon", "coordinates": [ [ [ 33.216, 7.1929 ], [ 33.2271, 7.0542 ], [ 33.4459, 6.9618 ], [ 33.5692, 6.9926 ], [ 33.5939, 6.9525 ], [ 33.5291, 6.8169 ], [ 33.5353, 6.783 ], [ 33.6123, 6.7275 ], [ 33.7634, 6.7367 ], [ 33.8312, 6.783 ], [ 34.0562, 6.709 ], [ 34.2874, 6.672 ], [ 34.3244, 6.7244 ], [ 34.5389, 6.7597 ], [ 34.535, 6.7621 ], [ 34.5369, 6.7665 ], [ 34.5322, 6.7709 ], [ 34.5376, 6.775 ], [ 34.5332, 6.7797 ], [ 34.5371, 6.7831 ], [ 34.5335, 6.7834 ], [ 34.5345, 6.788 ], [ 34.5309, 6.7891 ], [ 34.5357, 6.7936 ], [ 34.5337, 6.7977 ], [ 34.5427, 6.7972 ], [ 34.5416, 6.8036 ], [ 34.533, 6.8027 ], [ 34.5381, 6.8095 ], [ 34.5352, 6.8156 ], [ 34.5431, 6.8182 ], [ 34.5385, 6.8233 ], [ 34.5354, 6.8218 ], [ 34.537, 6.8284 ], [ 34.531, 6.8286 ], [ 34.5355, 6.8338 ], [ 34.531, 6.8329 ], [ 34.5291, 6.8359 ], [ 34.5337, 6.8388 ], [ 34.5265, 6.841 ], [ 34.5271, 6.8463 ], [ 34.5221, 6.8435 ], [ 34.5236, 6.8482 ], [ 34.5307, 6.8523 ], [ 34.5258, 6.8571 ], [ 34.5267, 6.8612 ], [ 34.5207, 6.8624 ], [ 34.5116, 6.8568 ], [ 34.511, 6.8609 ], [ 34.5144, 6.8619 ], [ 34.5096, 6.8673 ], [ 34.5163, 6.8667 ], [ 34.5149, 6.8733 ], [ 34.506, 6.8799 ], [ 34.5077, 6.8842 ], [ 34.5015, 6.8805 ], [ 34.4992, 6.8852 ], [ 34.4971, 6.8823 ], [ 34.4965, 6.8873 ], [ 34.4875, 6.8896 ], [ 34.4855, 6.8999 ], [ 34.4893, 6.9019 ], [ 34.4831, 6.8994 ], [ 34.4794, 6.9071 ], [ 34.4773, 6.9028 ], [ 34.4728, 6.9105 ], [ 34.4685, 6.9091 ], [ 34.4733, 6.9161 ], [ 34.47, 6.9195 ], [ 34.4668, 6.9099 ], [ 34.4608, 6.9118 ], [ 34.4612, 6.9182 ], [ 34.4574, 6.9169 ], [ 34.4606, 6.92 ], [ 34.4573, 6.9232 ], [ 34.4492, 6.9171 ], [ 34.4549, 6.912 ], [ 34.4478, 6.9141 ], [ 34.446, 6.9189 ], [ 34.4422, 6.915 ], [ 34.4419, 6.9181 ], [ 34.4388, 6.9182 ], [ 34.4363, 6.9125 ], [ 34.4318, 6.9168 ], [ 34.4339, 6.9082 ], [ 34.4282, 6.9121 ], [ 34.4252, 6.9088 ], [ 34.429, 6.9197 ], [ 34.4232, 6.9158 ], [ 34.4205, 6.9201 ], [ 34.4171, 6.9191 ], [ 34.4173, 6.9238 ], [ 34.4149, 6.9172 ], [ 34.4096, 6.9216 ], [ 34.4057, 6.9194 ], [ 34.403, 6.9238 ], [ 34.397, 6.9212 ], [ 34.3945, 6.9265 ], [ 34.3896, 6.92 ], [ 34.3828, 6.9198 ], [ 34.3825, 6.9117 ], [ 34.367, 6.9161 ], [ 34.3649, 6.9217 ], [ 34.3599, 6.9176 ], [ 34.352, 6.9245 ], [ 34.3459, 6.9228 ], [ 34.3414, 6.9301 ], [ 34.3413, 6.9221 ], [ 34.3396, 6.9247 ], [ 34.3338, 6.9223 ], [ 34.3256, 6.9291 ], [ 34.3244, 6.936 ], [ 34.3272, 6.9396 ], [ 34.322, 6.9402 ], [ 34.321, 6.9355 ], [ 34.3112, 6.9504 ], [ 34.3105, 6.9434 ], [ 34.3044, 6.9449 ], [ 34.3017, 6.9527 ], [ 34.3005, 6.9458 ], [ 34.2937, 6.9481 ], [ 34.2937, 6.9535 ], [ 34.2981, 6.955 ], [ 34.2944, 6.9587 ], [ 34.2966, 6.9644 ], [ 34.2919, 6.9638 ], [ 34.2954, 6.967 ], [ 34.2938, 6.9705 ], [ 34.3017, 6.9656 ], [ 34.2983, 6.9707 ], [ 34.3031, 6.9737 ], [ 34.3011, 6.9775 ], [ 34.3052, 6.9762 ], [ 34.3052, 6.9782 ], [ 34.2936, 6.9791 ], [ 34.2932, 6.9831 ], [ 34.2894, 6.9789 ], [ 34.2844, 6.9862 ], [ 34.2848, 6.9923 ], [ 34.2769, 6.9886 ], [ 34.2745, 7.0028 ], [ 34.2655, 7.0049 ], [ 34.2632, 7.0106 ], [ 34.2497, 7.0128 ], [ 34.2334, 7.0033 ], [ 34.2284, 7.0148 ], [ 34.2237, 7.0144 ], [ 34.2216, 7.0185 ], [ 34.2166, 7.0175 ], [ 34.221, 7.0278 ], [ 34.2168, 7.0302 ], [ 34.2184, 7.0358 ], [ 34.2149, 7.0371 ], [ 34.2092, 7.0328 ], [ 34.2107, 7.0363 ], [ 34.2065, 7.0379 ], [ 34.2069, 7.0425 ], [ 34.1996, 7.0395 ], [ 34.1894, 7.0422 ], [ 34.1937, 7.0465 ], [ 34.1908, 7.0495 ], [ 34.1927, 7.0535 ], [ 34.1893, 7.0545 ], [ 34.1939, 7.0632 ], [ 34.1877, 7.0639 ], [ 34.1935, 7.07 ], [ 34.186, 7.077 ], [ 34.1865, 7.0844 ], [ 34.1965, 7.0968 ], [ 34.1913, 7.1056 ], [ 34.1922, 7.1148 ], [ 34.1897, 7.118 ], [ 34.1938, 7.1185 ], [ 34.1949, 7.122 ], [ 34.1897, 7.1317 ], [ 34.1842, 7.1361 ], [ 34.1765, 7.136 ], [ 34.1605, 7.1482 ], [ 34.1407, 7.146 ], [ 34.1405, 7.1533 ], [ 34.1269, 7.1675 ], [ 34.1148, 7.169 ], [ 34.1111, 7.1726 ], [ 34.104, 7.1715 ], [ 34.0975, 7.1835 ], [ 34.1023, 7.1887 ], [ 34.101, 7.1946 ], [ 34.0954, 7.1922 ], [ 34.096, 7.196 ], [ 34.0868, 7.2 ], [ 34.0773, 7.2101 ], [ 34.074, 7.2191 ], [ 34.0646, 7.2219 ], [ 34.0673, 7.2169 ], [ 34.0638, 7.2148 ], [ 34.0495, 7.226 ], [ 34.0468, 7.2231 ], [ 34.0386, 7.2241 ], [ 34.0401, 7.2293 ], [ 34.0325, 7.2379 ], [ 34.0338, 7.2434 ], [ 34.023, 7.2456 ], [ 34.0118, 7.2678 ], [ 34.0144, 7.2708 ], [ 34.0259, 7.2644 ], [ 34.0412, 7.2753 ], [ 34.0333, 7.303 ], [ 34.0338, 7.3175 ], [ 34.0297, 7.3303 ], [ 34.0367, 7.3565 ], [ 34.0185, 7.3774 ], [ 34.0063, 7.3852 ], [ 34.0046, 7.3912 ], [ 34.008, 7.4003 ], [ 34.0013, 7.4236 ], [ 33.9921, 7.4254 ], [ 33.983, 7.439 ], [ 33.9594, 7.448 ], [ 33.9573, 7.4504 ], [ 33.9587, 7.467 ], [ 33.9498, 7.4667 ], [ 33.9446, 7.471 ], [ 33.9424, 7.4783 ], [ 33.9467, 7.4872 ], [ 33.9453, 7.491 ], [ 33.9529, 7.5019 ], [ 33.9493, 7.5071 ], [ 33.9408, 7.5067 ], [ 33.927, 7.5148 ], [ 33.9127, 7.5105 ], [ 33.9039, 7.5193 ], [ 33.8958, 7.5114 ], [ 33.8901, 7.51 ], [ 33.8777, 7.5186 ], [ 33.8684, 7.5164 ], [ 33.8581, 7.5403 ], [ 33.8488, 7.5434 ], [ 33.8417, 7.5598 ], [ 33.8333, 7.562 ], [ 33.8314, 7.571 ], [ 33.8338, 7.5779 ], [ 33.8288, 7.5784 ], [ 33.8229, 7.5865 ], [ 33.8176, 7.5836 ], [ 33.8118, 7.5852 ], [ 33.8005, 7.5943 ], [ 33.7959, 7.6044 ], [ 33.7975, 7.6116 ], [ 33.7925, 7.6077 ], [ 33.783, 7.6113 ], [ 33.7766, 7.6059 ], [ 33.7757, 7.6117 ], [ 33.7793, 7.6147 ], [ 33.777, 7.6187 ], [ 33.7734, 7.616 ], [ 33.7696, 7.6188 ], [ 33.7646, 7.6154 ], [ 33.754, 7.6268 ], [ 33.7505, 7.6244 ], [ 33.7346, 7.6318 ], [ 33.7312, 7.6388 ], [ 33.7413, 7.6488 ], [ 33.7328, 7.6527 ], [ 33.7285, 7.6504 ], [ 33.731, 7.645 ], [ 33.7274, 7.6438 ], [ 33.7238, 7.6482 ], [ 33.7263, 7.6544 ], [ 33.7157, 7.6608 ], [ 33.7019, 7.659 ], [ 33.7007, 7.6636 ], [ 33.6932, 7.6677 ], [ 33.6957, 7.6748 ], [ 33.6833, 7.6744 ], [ 33.6828, 7.6779 ], [ 33.6922, 7.6816 ], [ 33.6869, 7.6861 ], [ 33.6801, 7.6857 ], [ 33.6744, 7.6982 ], [ 33.6705, 7.6979 ], [ 33.6656, 7.6907 ], [ 33.6604, 7.6947 ], [ 33.6586, 7.6874 ], [ 33.6562, 7.6966 ], [ 33.6399, 7.6959 ], [ 33.6361, 7.693 ], [ 33.6344, 7.7012 ], [ 33.6369, 7.7054 ], [ 33.6291, 7.7059 ], [ 33.6257, 7.7037 ], [ 33.6241, 7.6948 ], [ 33.6196, 7.6958 ], [ 33.6034, 7.688 ], [ 33.5984, 7.6903 ], [ 33.5878, 7.6877 ], [ 33.5742, 7.6943 ], [ 33.5684, 7.6928 ], [ 33.5664, 7.6964 ], [ 33.558, 7.6952 ], [ 33.5651, 7.702 ], [ 33.5648, 7.7071 ], [ 33.5575, 7.7029 ], [ 33.5469, 7.7071 ], [ 33.54, 7.7047 ], [ 33.5418, 7.7156 ], [ 33.5374, 7.708 ], [ 33.5322, 7.7059 ], [ 33.5337, 7.7189 ], [ 33.53, 7.7137 ], [ 33.5229, 7.7115 ], [ 33.527, 7.7184 ], [ 33.526, 7.726 ], [ 33.5185, 7.7277 ], [ 33.5178, 7.7344 ], [ 33.5119, 7.7299 ], [ 33.5078, 7.7375 ], [ 33.5047, 7.7277 ], [ 33.4997, 7.7382 ], [ 33.4951, 7.7319 ], [ 33.5291, 7.5875 ], [ 33.4675, 7.4303 ], [ 33.486, 7.3902 ], [ 33.4613, 7.3717 ], [ 33.4089, 7.3717 ], [ 33.3688, 7.2977 ], [ 33.2579, 7.27 ], [ 33.2887, 7.2361 ], [ 33.2579, 7.1929 ], [ 33.216, 7.1929 ] ] ] } },
{ "type": "Feature", "properties": { "iso3": "SSD", "unit_id": "24577616B44331480057591", "unit_name": "Twic East" }, "geometry": { "type": "Polygon", "coordinates": [ [ [ 31.7897, 7.0191 ], [ 31.726, 7.2022 ], [ 31.7167, 7.347 ], [ 31.6674, 7.4488 ], [ 31.3068, 7.3933 ], [ 31.1311, 7.3008 ], [ 31.1003, 7.3193 ], [ 30.6964, 7.2852 ], [ 30.6926, 7.2777 ], [ 30.7033, 7.272 ], [ 30.7009, 7.2556 ], [ 30.7083, 7.2435 ], [ 30.71, 7.2173 ], [ 30.7259, 7.2097 ], [ 30.7297, 7.2032 ], [ 30.7219, 7.1783 ], [ 30.7352, 7.1804 ], [ 30.744, 7.164 ], [ 30.7625, 7.1499 ], [ 30.7655, 7.1339 ], [ 30.7752, 7.1359 ], [ 30.7915, 7.1277 ], [ 30.7949, 7.1371 ], [ 30.8025, 7.1358 ], [ 30.7999, 7.1223 ], [ 30.8033, 7.119 ], [ 30.804, 7.1225 ], [ 30.8068, 7.1213 ], [ 30.8085, 7.1128 ], [ 30.8149, 7.1249 ], [ 30.8154, 7.118 ], [ 30.8243, 7.1174 ], [ 31.1917, 6.8059 ], [ 31.1965, 6.8052 ], [ 31.1927, 6.7914 ], [ 31.2022, 6.7902 ], [ 31.1938, 6.7745 ], [ 31.1974, 6.7698 ], [ 31.2072, 6.7748 ], [ 31.2112, 6.7714 ], [ 31.2069, 6.7503 ], [ 31.2105, 6.7491 ], [ 31.2138, 6.7538 ], [ 31.22, 6.7391 ], [ 31.226, 6.7384 ], [ 31.2267, 6.7422 ], [ 31.2226, 6.745 ], [ 31.2274, 6.7455 ], [ 31.2351, 6.7292 ], [ 31.2537, 6.7202 ], [ 31.2575, 6.7061 ], [ 31.268, 6.7092 ], [ 31.2711, 6.7059 ], [ 31.2725, 6.7018 ], [ 31.2656, 6.69 ], [ 31.2661, 6.685 ], [ 31.2696, 6.6809 ], [ 31.2808, 6.6811 ], [ 31.2851, 6.6769 ], [ 31.2888, 6.6582 ], [ 31.2995, 6.6537 ], [ 31.2981, 6.6441 ], [ 31.3004, 6.632 ], [ 31.3038, 6.6311 ], [ 31.3159, 6.6325 ], [ 31.3222, 6.6782 ], [ 31.4393, 6.783 ], [ 31.5965, 6.8046 ], [ 31.7897, 7.0191 ] ] ] } },
{ "type": "Feature", "properties": { "iso3": "SSD", "unit_id": "24577616B77363783761888", "unit_name": "Uror" }, "geometry": { "type": "Polygon", "coordinates": [ [ [ 32.1698, 8.1084 ], [ 32.1236, 8.0375 ], [ 32.0804, 8.0621 ], [ 32.065, 8.1608 ], [ 32.1082, 8.3241 ], [ 32.0866, 8.3488 ], [ 31.9941, 8.3395 ], [ 31.9818, 8.2594 ], [ 31.9017, 8.2378 ], [ 31.9078, 8.2686 ], [ 31.8215, 8.3519 ], [ 31.7137, 8.3673 ], [ 31.6952, 8.3087 ], [ 31.5318, 8.1423 ], [ 31.5256, 8.0991 ], [ 31.7291, 7.9296 ], [ 31.7075, 7.7631 ], [ 31.7476, 7.7539 ], [ 31.7599, 7.7169 ], [ 31.7229, 7.6738 ], [ 31.7137, 7.5042 ], [ 31.6674, 7.4488 ], [ 31.7167, 7.347 ], [ 31.726, 7.2022 ], [ 31.7897, 7.0191 ], [ 32.1144, 7.0542 ], [ 32.1544, 7.0974 ], [ 32.5613, 7.0696 ], [ 32.5829, 7.0912 ], [ 32.5829, 7.2299 ], [ 32.7, 7.2792 ], [ 32.7709, 7.3994 ], [ 32.7616, 7.4458 ], [ 32.7401, 7.4335 ], [ 32.6168, 7.4642 ], [ 32.626, 7.5505 ], [ 32.5675, 7.5905 ], [ 32.626, 7.6645 ], [ 32.6322, 7.6955 ], [ 32.589, 7.8989 ], [ 32.4133, 7.9112 ], [ 32.364, 7.8742 ], [ 32.3486, 7.8803 ], [ 32.3517, 7.9234 ], [ 32.2839, 8.0006 ], [ 32.2376, 8.1145 ], [ 32.1698, 8.1084 ] ] ] } },
{ "type": "Feature", "properties": { "iso3": "SSD", "unit_id": "24577616B48676352402179", "unit_name": "Awerial" }, "geometry": { "type": "Polygon", "coordinates": [ [ [ 31.6973, 5.8728 ], [ 31.6618, 5.9438 ], [ 31.6587, 5.9714 ], [ 31.648, 5.97 ], [ 31.6375, 5.9942 ], [ 31.6199, 6.0176 ], [ 31.6156, 6.0416 ], [ 31.5921, 6.0782 ], [ 31.5942, 6.0889 ], [ 31.5821, 6.1065 ], [ 31.5852, 6.1151 ], [ 31.5709, 6.113 ], [ 31.5678, 6.1154 ], [ 31.5695, 6.1258 ], [ 31.5618, 6.1363 ], [ 31.5664, 6.1472 ], [ 31.5611, 6.1527 ], [ 31.5599, 6.1639 ], [ 31.5526, 6.1746 ], [ 31.5542, 6.1874 ], [ 31.549, 6.1841 ], [ 31.5461, 6.1858 ], [ 31.5547, 6.201 ], [ 31.5471, 6.2072 ], [ 31.5469, 6.2191 ], [ 31.5411, 6.226 ], [ 31.5274, 6.2296 ], [ 31.534, 6.2392 ], [ 31.5229, 6.2442 ], [ 31.5236, 6.2483 ], [ 31.5322, 6.2498 ], [ 31.5355, 6.2551 ], [ 31.5186, 6.2612 ], [ 31.5229, 6.2688 ], [ 31.5058, 6.2847 ], [ 31.5024, 6.2862 ], [ 31.4978, 6.2789 ], [ 31.4898, 6.2857 ], [ 31.4941, 6.3012 ], [ 31.4848, 6.31 ], [ 31.4829, 6.3197 ], [ 31.4867, 6.3269 ], [ 31.481, 6.3323 ], [ 31.4833, 6.3405 ], [ 31.4784, 6.3428 ], [ 31.4774, 6.3373 ], [ 31.4751, 6.3378 ], [ 31.4663, 6.3453 ], [ 31.4641, 6.3511 ], [ 31.4682, 6.3609 ], [ 31.467, 6.3654 ], [ 31.4465, 6.3792 ], [ 31.4308, 6.3787 ], [ 31.4353, 6.3878 ], [ 31.426, 6.397 ], [ 31.426, 6.4032 ], [ 31.4218, 6.4006 ], [ 31.4191, 6.403 ], [ 31.4237, 6.418 ], [ 31.4182, 6.4313 ], [ 31.4211, 6.437 ], [ 31.4172, 6.4384 ], [ 31.3778, 6.5042 ], [ 31.1899, 6.4896 ], [ 31.1711, 6.4855 ], [ 31.1857, 6.4646 ], [ 31.1274, 6.4188 ], [ 31.0982, 6.4396 ], [ 31.0295, 6.3668 ], [ 31.0128, 6.3334 ], [ 31.0066, 6.3064 ], [ 30.9483, 6.2501 ], [ 30.8608, 6.2751 ], [ 30.8608, 6.2335 ], [ 30.8233, 6.2147 ], [ 30.7317, 6.2168 ], [ 30.6817, 6.2356 ], [ 30.6119, 6.2511 ], [ 31.0217, 5.9095 ], [ 31.6973, 5.8728 ] ] ] } },
{ "type": "Feature", "properties": { "iso3": "SSD", "unit_id": "24577616B55941861219594", "unit_name": "Cueibet" }, "geometry": { "type": "Polygon", "coordinates": [ [ [ 29.1701, 7.5108 ], [ 29.0789, 7.4219 ], [ 28.8655, 7.0559 ], [ 28.9814, 6.7601 ], [ 28.9935, 6.6901 ], [ 29.1364, 6.7229 ], [ 29.1635, 6.7624 ], [ 29.1864, 6.7624 ], [ 29.2531, 6.6812 ], [ 29.3739, 6.727 ], [ 29.4155, 6.8208 ], [ 29.5092, 6.8437 ], [ 29.5259, 6.9041 ], [ 29.453, 6.9832 ], [ 29.5967, 7.2019 ], [ 29.5904, 7.2852 ], [ 29.2801, 7.4601 ], [ 29.2781, 7.4872 ], [ 29.1701, 7.5108 ] ] ] } },
{ "type": "Feature", "properties": { "iso3": "SSD", "unit_id": "24577616B24843526266872", "unit_name": "Rumbek Centre" }, "geometry": { "type": "Polygon", "coordinates": [ [ [ 29.3739, 6.727 ], [ 29.4384, 6.7208 ], [ 29.4322, 6.6729 ], [ 29.4551, 6.6708 ], [ 29.4842, 6.7083 ], [ 29.5363, 6.6708 ], [ 29.5738, 6.6875 ], [ 29.5863, 6.6667 ], [ 29.7258, 6.7312 ], [ 29.7841, 6.7999 ], [ 29.8716, 6.7958 ], [ 29.9841, 6.8957 ], [ 30.0486, 6.979 ], [ 30.109, 6.979 ], [ 30.1652, 7.0915 ], [ 30.223, 7.1143 ], [ 30.1442, 7.2957 ], [ 30.0549, 7.2727 ], [ 30.0549, 7.2498 ], [ 30.0132, 7.2498 ], [ 29.9695, 7.2831 ], [ 29.882, 7.2789 ], [ 29.7321, 7.306 ], [ 29.5904, 7.2852 ], [ 29.5967, 7.2019 ], [ 29.453, 6.9832 ], [ 29.5259, 6.9041 ], [ 29.5092, 6.8437 ], [ 29.4155, 6.8208 ], [ 29.3739, 6.727 ] ] ] } },
{ "type": "Feature", "properties": { "iso3": "SSD", "unit_id": "24577616B75416629849986", "unit_name": "Rumbek East" }, "geometry": { "type": "Polygon", "coordinates": [ [ [ 29.5863, 6.6667 ], [ 29.5675, 6.6208 ], [ 29.605, 6.5792 ], [ 29.6009, 6.5459 ], [ 29.6342, 6.5438 ], [ 29.6383, 6.5771 ], [ 29.6842, 6.5542 ], [ 29.7425, 6.4438 ], [ 29.7508, 6.3938 ], [ 29.8279, 6.3813 ], [ 29.9091, 6.3751 ], [ 29.9278, 6.4126 ], [ 29.957, 6.4217 ], [ 29.9528, 6.4563 ], [ 29.9653, 6.4667 ], [ 30.0174, 6.4501 ], [ 30.0278, 6.5021 ], [ 30.0715, 6.5021 ], [ 30.0903, 6.4813 ], [ 30.1298, 6.5209 ], [ 30.1402, 6.5709 ], [ 30.1194, 6.5854 ], [ 30.3631, 6.6812 ], [ 30.3631, 6.7041 ], [ 30.3193, 6.7187 ], [ 30.3464, 6.7916 ], [ 30.3235, 6.8999 ], [ 30.3214, 7.0144 ], [ 30.3547, 7.0311 ], [ 30.3713, 7.0821 ], [ 30.2316, 7.0947 ], [ 30.223, 7.1143 ], [ 30.1652, 7.0915 ], [ 30.109, 6.979 ], [ 30.0486, 6.979 ], [ 29.9841, 6.8957 ], [ 29.8716, 6.7958 ], [ 29.7841, 6.7999 ], [ 29.7258, 6.7312 ], [ 29.5863, 6.6667 ] ] ] } },
{ "type": "Feature", "properties": { "iso3": "SSD", "unit_id": "24577616B6177395815936", "unit_name": "Rumbek North" }, "geometry": { "type": "Polygon", "coordinates": [ [ [ 29.5904, 7.2852 ], [ 29.7321, 7.306 ], [ 29.882, 7.2789 ], [ 29.9695, 7.2831 ], [ 30.0132, 7.2498 ], [ 30.0549, 7.2498 ], [ 30.0549, 7.2727 ], [ 30.1442, 7.2957 ], [ 29.9267, 7.796 ], [ 29.698, 7.8326 ], [ 29.5333, 7.7024 ], [ 29.329, 7.6658 ], [ 29.1701, 7.5108 ], [ 29.2781, 7.4872 ], [ 29.2801, 7.4601 ], [ 29.5904, 7.2852 ] ] ] } },
{ "type": "Feature", "properties": { "iso3": "SSD", "unit_id": "24577616B15694679668782", "unit_name": "Wulu" }, "geometry": { "type": "Polygon", "coordinates": [ [ [ 28.9935, 6.6901 ], [ 29.0027, 6.629 ], [ 28.9875, 6.5314 ], [ 28.899, 6.4064 ], [ 28.7923, 6.3881 ], [ 28.4965, 6.4979 ], [ 28.466, 6.4866 ], [ 28.4996, 6.3677 ], [ 28.463, 6.2976 ], [ 28.524, 6.2518 ], [ 28.5727, 6.075 ], [ 28.6551, 6.0597 ], [ 28.8197, 5.8158 ], [ 29.0149, 5.7151 ], [ 29.5699, 5.6755 ], [ 29.6309, 5.9743 ], [ 29.7894, 6.0841 ], [ 29.7925, 6.3098 ], [ 29.8565, 6.3128 ], [ 29.8718, 6.264 ], [ 29.9114, 6.2549 ], [ 29.8992, 6.3128 ], [ 29.9675, 6.3637 ], [ 29.9736, 6.3959 ], [ 29.957, 6.4217 ], [ 29.9278, 6.4126 ], [ 29.9091, 6.3751 ], [ 29.8279, 6.3813 ], [ 29.7508, 6.3938 ], [ 29.7425, 6.4438 ], [ 29.6842, 6.5542 ], [ 29.6383, 6.5771 ], [ 29.6342, 6.5438 ], [ 29.6009, 6.5459 ], [ 29.605, 6.5792 ], [ 29.5675, 6.6208 ], [ 29.5863, 6.6667 ], [ 29.5738, 6.6875 ], [ 29.5363, 6.6708 ], [ 29.4842, 6.7083 ], [ 29.4551, 6.6708 ], [ 29.4322, 6.6729 ], [ 29.4384, 6.7208 ], [ 29.3739, 6.727 ], [ 29.2531, 6.6812 ], [ 29.1864, 6.7624 ], [ 29.1635, 6.7624 ], [ 29.1364, 6.7229 ], [ 28.9935, 6.6901 ] ] ] } },
{ "type": "Feature", "properties": { "iso3": "SSD", "unit_id": "24577616B86090212221154", "unit_name": "Yirol East" }, "geometry": { "type": "Polygon", "coordinates": [ [ [ 31.3159, 6.6325 ], [ 31.3004, 6.632 ], [ 31.2995, 6.6537 ], [ 31.2888, 6.6582 ], [ 31.2851, 6.6769 ], [ 31.2808, 6.6811 ], [ 31.2696, 6.6809 ], [ 31.2661, 6.685 ], [ 31.2656, 6.69 ], [ 31.2725, 6.7018 ], [ 31.2711, 6.7059 ], [ 31.268, 6.7092 ], [ 31.2575, 6.7061 ], [ 31.2537, 6.7202 ], [ 31.2351, 6.7292 ], [ 31.2274, 6.7455 ], [ 31.2226, 6.745 ], [ 31.2267, 6.7422 ], [ 31.226, 6.7384 ], [ 31.22, 6.7391 ], [ 31.2138, 6.7538 ], [ 31.2105, 6.7491 ], [ 31.2069, 6.7503 ], [ 31.2112, 6.7714 ], [ 31.2072, 6.7748 ], [ 31.1974, 6.7698 ], [ 31.1938, 6.7745 ], [ 31.2022, 6.7902 ], [ 31.1927, 6.7914 ], [ 31.1965, 6.8052 ], [ 31.1917, 6.8059 ], [ 30.8243, 7.1174 ], [ 30.8154, 7.118 ], [ 30.8149, 7.1249 ], [ 30.8085, 7.1128 ], [ 30.8068, 7.1213 ], [ 30.804, 7.1225 ], [ 30.8033, 7.119 ], [ 30.7999, 7.1223 ], [ 30.8025, 7.1358 ], [ 30.7949, 7.1371 ], [ 30.7915, 7.1277 ], [ 30.7752, 7.1359 ], [ 30.7655, 7.1339 ], [ 30.7625, 7.1499 ], [ 30.744, 7.164 ], [ 30.7352, 7.1804 ], [ 30.7219, 7.1783 ], [ 30.7297, 7.2032 ], [ 30.7216, 7.2123 ], [ 30.7127, 7.2144 ], [ 30.6189, 7.2014 ], [ 30.5365, 7.0672 ], [ 30.3713, 7.0821 ], [ 30.3547, 7.0311 ], [ 30.3214, 7.0144 ], [ 30.3235, 6.8999 ], [ 30.3464, 6.7916 ], [ 30.3193, 6.7187 ], [ 30.3631, 6.7041 ], [ 30.3631, 6.6812 ], [ 30.4235, 6.6437 ], [ 30.4297, 6.6083 ], [ 30.4818, 6.5917 ], [ 30.5672, 6.6104 ], [ 30.6317, 6.6687 ], [ 30.7296, 6.6916 ], [ 30.7858, 6.6791 ], [ 30.865, 6.5979 ], [ 30.8587, 6.5709 ], [ 30.8379, 6.5459 ], [ 30.9462, 6.4438 ], [ 30.9295, 6.3876 ], [ 31.0128, 6.3334 ], [ 31.0295, 6.3668 ], [ 31.0982, 6.4396 ], [ 31.1274, 6.4188 ], [ 31.1857, 6.4646 ], [ 31.1711, 6.4855 ], [ 31.1899, 6.4896 ], [ 31.3778, 6.5042 ], [ 31.3272, 6.5822 ], [ 31.3308, 6.5993 ], [ 31.3235, 6.6075 ], [ 31.3214, 6.617 ], [ 31.3142, 6.622 ], [ 31.3185, 6.6296 ], [ 31.3159, 6.6325 ] ] ] } },
{ "type": "Feature", "properties": { "iso3": "SSD", "unit_id": "24577616B54903719370484", "unit_name": "Yirol West" }, "geometry": { "type": "Polygon", "coordinates": [ [ [ 30.6119, 6.2511 ], [ 30.6817, 6.2356 ], [ 30.7317, 6.2168 ], [ 30.8233, 6.2147 ], [ 30.8608, 6.2335 ], [ 30.8608, 6.2751 ], [ 30.9483, 6.2501 ], [ 31.0066, 6.3064 ], [ 31.0128, 6.3334 ], [ 30.9295, 6.3876 ], [ 30.9462, 6.4438 ], [ 30.8379, 6.5459 ], [ 30.8587, 6.5709 ], [ 30.865, 6.5979 ], [ 30.7858, 6.6791 ], [ 30.7296, 6.6916 ], [ 30.6317, 6.6687 ], [ 30.5672, 6.6104 ], [ 30.4818, 6.5917 ], [ 30.4297, 6.6083 ], [ 30.4235, 6.6437 ], [ 30.3631, 6.6812 ], [ 30.1194, 6.5854 ], [ 30.1402, 6.5709 ], [ 30.1298, 6.5209 ], [ 30.0903, 6.4813 ], [ 30.0715, 6.5021 ], [ 30.0278, 6.5021 ], [ 30.0174, 6.4501 ], [ 29.9653, 6.4667 ], [ 29.9528, 6.4563 ], [ 29.957, 6.4217 ], [ 29.9736, 6.3959 ], [ 29.9675, 6.3637 ], [ 30.1218, 6.3524 ], [ 30.1554, 6.2366 ], [ 30.2072, 6.1573 ], [ 30.192, 6.0932 ], [ 30.3039, 6.0812 ], [ 30.5241, 6.0917 ], [ 30.6119, 6.2511 ] ] ] } },
{ "type": "Feature", "properties": { "iso3": "SSD", "unit_id": "24577616B43279363026604", "unit_name": "Aweil Centre" }, "geometry": { "type": "Polygon", "coordinates": [ [ [ 26.795, 7.8924 ], [ 27.3378, 8.1943 ], [ 27.725, 8.3284 ], [ 27.8074, 8.4961 ], [ 27.7698, 8.4848 ], [ 27.7283, 8.5118 ], [ 27.7054, 8.5139 ], [ 27.6888, 8.491 ], [ 27.6015, 8.4723 ], [ 27.5682, 8.4162 ], [ 27.5391, 8.4307 ], [ 27.5266, 8.4973 ], [ 27.5412, 8.5139 ], [ 27.5121, 8.6095 ], [ 27.458, 8.622 ], [ 27.3998, 8.6843 ], [ 27.4082, 8.728 ], [ 27.4376, 8.7476 ], [ 27.4206, 8.755 ], [ 27.4209, 8.7577 ], [ 27.3707, 8.7259 ], [ 27.3541, 8.7384 ], [ 27.3375, 8.7322 ], [ 27.3416, 8.7134 ], [ 27.3292, 8.703 ], [ 27.3167, 8.7218 ], [ 27.2128, 8.7301 ], [ 27.1878, 8.7571 ], [ 27.1379, 8.6823 ], [ 26.9945, 8.7488 ], [ 26.9446, 8.807 ], [ 26.9322, 8.8797 ], [ 26.876, 8.9546 ], [ 26.849, 8.9608 ], [ 26.8448, 8.8714 ], [ 26.743, 8.886 ], [ 26.7139, 8.8652 ], [ 26.6848, 8.8735 ], [ 26.6578, 8.9026 ], [ 26.6307, 8.9047 ], [ 26.5871, 8.8091 ], [ 26.4769, 8.782 ], [ 26.3335, 8.6386 ], [ 26.2142, 8.6034 ], [ 26.2796, 8.2126 ], [ 26.795, 7.8924 ] ] ] } },
{ "type": "Feature", "properties": { "iso3": "SSD", "unit_id": "24577616B34153140957868", "unit_name": "Aweil East" }, "geometry": { "type": "Polygon", "coordinates": [ [ [ 27.4206, 8.755 ], [ 27.4684, 8.7342 ], [ 27.5225, 8.7322 ], [ 27.6389, 8.7737 ], [ 27.6805, 8.834 ], [ 27.7158, 8.8236 ], [ 27.7116, 8.7945 ], [ 27.7345, 8.7945 ], [ 27.7865, 8.8319 ], [ 27.7865, 8.8673 ], [ 27.9163, 8.9153 ], [ 27.8622, 8.9566 ], [ 28.0361, 9.3439 ], [ 27.9072, 9.6102 ], [ 27.8285, 9.6029 ], [ 27.7586, 9.6034 ], [ 27.4672, 9.6209 ], [ 27.2266, 9.6248 ], [ 27.2294, 9.5345 ], [ 27.2003, 9.5033 ], [ 27.1795, 9.4472 ], [ 27.2065, 9.4223 ], [ 27.2336, 9.3266 ], [ 27.3021, 9.256 ], [ 27.3354, 9.1936 ], [ 27.325, 9.1541 ], [ 27.3645, 9.0959 ], [ 27.3811, 9.0128 ], [ 27.3571, 8.9157 ], [ 27.3624, 8.9005 ], [ 27.3936, 8.9068 ], [ 27.3936, 8.8423 ], [ 27.431, 8.8506 ], [ 27.4206, 8.755 ] ] ] } },
{ "type": "Feature", "properties": { "iso3": "SSD", "unit_id": "24577616B41370780453468", "unit_name": "Aweil North" }, "geometry": { "type": "Polygon", "coordinates": [ [ [ 27.2266, 9.6248 ], [ 27.1374, 9.6243 ], [ 27.0224, 9.6019 ], [ 27.0029, 9.5938 ], [ 26.9924, 9.5938 ], [ 26.9173, 9.5625 ], [ 26.8532, 9.5316 ], [ 26.7453, 9.4959 ], [ 26.7039, 9.4883 ], [ 26.5956, 9.5083 ], [ 26.5095, 9.5297 ], [ 26.3959, 9.5658 ], [ 26.3479, 9.5943 ], [ 26.3303, 9.6133 ], [ 26.3137, 9.6366 ], [ 26.3028, 9.6594 ], [ 26.2667, 9.7474 ], [ 26.2187, 9.8958 ], [ 26.1502, 9.2089 ], [ 26.2836, 9.1728 ], [ 26.373, 9.1146 ], [ 26.3584, 8.9961 ], [ 26.4499, 9.0938 ], [ 26.5746, 9.0606 ], [ 26.7118, 9.1375 ], [ 26.7929, 9.1167 ], [ 26.8927, 9.1458 ], [ 26.9322, 9.1188 ], [ 26.9613, 9.1396 ], [ 26.9841, 9.1728 ], [ 27.1005, 9.1562 ], [ 27.0818, 9.1229 ], [ 27.1192, 9.15 ], [ 27.1504, 9.1354 ], [ 27.2585, 8.967 ], [ 27.3571, 8.9157 ], [ 27.3811, 9.0128 ], [ 27.3645, 9.0959 ], [ 27.325, 9.1541 ], [ 27.3354, 9.1936 ], [ 27.3021, 9.256 ], [ 27.2336, 9.3266 ], [ 27.2065, 9.4223 ], [ 27.1795, 9.4472 ], [ 27.2003, 9.5033 ], [ 27.2294, 9.5345 ], [ 27.2266, 9.6248 ] ] ] } },
{ "type": "Feature", "properties": { "iso3": "SSD", "unit_id": "24577616B18663921799379", "unit_name": "Aweil South" }, "geometry": { "type": "Polygon", "coordinates": [ [ [ 27.8074, 8.4961 ], [ 27.8993, 8.5003 ], [ 27.9598, 8.5632 ], [ 27.9232, 8.6517 ], [ 27.9995, 8.7005 ], [ 27.9659, 8.8773 ], [ 27.9163, 8.9153 ], [ 27.7865, 8.8673 ], [ 27.7865, 8.8319 ], [ 27.7345, 8.7945 ], [ 27.7116, 8.7945 ], [ 27.7158, 8.8236 ], [ 27.6805, 8.834 ], [ 27.6389, 8.7737 ], [ 27.5225, 8.7322 ], [ 27.4684, 8.7342 ], [ 27.4376, 8.7476 ], [ 27.4082, 8.728 ], [ 27.3998, 8.6843 ], [ 27.458, 8.622 ], [ 27.5121, 8.6095 ], [ 27.5412, 8.5139 ], [ 27.5266, 8.4973 ], [ 27.5391, 8.4307 ], [ 27.5682, 8.4162 ], [ 27.6015, 8.4723 ], [ 27.6888, 8.491 ], [ 27.7054, 8.5139 ], [ 27.7283, 8.5118 ], [ 27.7698, 8.4848 ], [ 27.8074, 8.4961 ] ] ] } },
{ "type": "Feature", "properties": { "iso3": "SSD", "unit_id": "24577616B38598162163841", "unit_name": "Aweil West" }, "geometry": { "type": "Polygon", "coordinates": [ [ [ 27.4209, 8.7577 ], [ 27.431, 8.8506 ], [ 27.3936, 8.8423 ], [ 27.3936, 8.9068 ], [ 27.3624, 8.9005 ], [ 27.3571, 8.9157 ], [ 27.2585, 8.967 ], [ 27.1504, 9.1354 ], [ 27.1192, 9.15 ], [ 27.0818, 9.1229 ], [ 27.1005, 9.1562 ], [ 26.9841, 9.1728 ], [ 26.9613, 9.1396 ], [ 26.9322, 9.1188 ], [ 26.8927, 9.1458 ], [ 26.7929, 9.1167 ], [ 26.7118, 9.1375 ], [ 26.5746, 9.0606 ], [ 26.4499, 9.0938 ], [ 26.3584, 8.9961 ], [ 26.373, 9.1146 ], [ 26.2836, 9.1728 ], [ 26.1502, 9.2089 ], [ 26.1363, 9.0694 ], [ 26.2142, 8.6034 ], [ 26.3335, 8.6386 ], [ 26.4769, 8.782 ], [ 26.5871, 8.8091 ], [ 26.6307, 8.9047 ], [ 26.6578, 8.9026 ], [ 26.6848, 8.8735 ], [ 26.7139, 8.8652 ], [ 26.743, 8.886 ], [ 26.8448, 8.8714 ], [ 26.849, 8.9608 ], [ 26.876, 8.9546 ], [ 26.9322, 8.8797 ], [ 26.9446, 8.807 ], [ 26.9945, 8.7488 ], [ 27.1379, 8.6823 ], [ 27.1878, 8.7571 ], [ 27.2128, 8.7301 ], [ 27.3167, 8.7218 ], [ 27.3292, 8.703 ], [ 27.3416, 8.7134 ], [ 27.3375, 8.7322 ], [ 27.3541, 8.7384 ], [ 27.3707, 8.7259 ], [ 27.4209, 8.7577 ] ] ] } },
{ "type": "Feature", "properties": { "iso3": "SSD", "unit_id": "24577616B33579352210470", "unit_name": "Abiemnhom" }, "geometry": { "type": "Polygon", "coordinates": [ [ [ 29.3445, 9.4404 ], [ 29.5381, 9.7501 ], [ 29.1709, 9.7478 ], [ 29.1145, 9.7505 ], [ 29.1017, 9.7553 ], [ 29.0784, 9.7501 ], [ 29.0698, 9.7363 ], [ 29.0513, 9.7297 ], [ 29.0374, 9.7087 ], [ 29.026, 9.7078 ], [ 29.0151, 9.6968 ], [ 29.0094, 9.6807 ], [ 29.0004, 9.6702 ], [ 28.8167, 9.4985 ], [ 28.7679, 9.4192 ], [ 28.7679, 9.3521 ], [ 28.8075, 9.3064 ], [ 28.9444, 9.3176 ], [ 29.0354, 9.3621 ], [ 29.0609, 9.3938 ], [ 29.1498, 9.3938 ], [ 29.1773, 9.4129 ], [ 29.1709, 9.4277 ], [ 29.3128, 9.4552 ], [ 29.3445, 9.4404 ] ] ] } },
{ "type": "Feature", "properties": { "iso3": "SSD", "unit_id": "24577616B43270638172389", "unit_name": "Guit" }, "geometry": { "type": "Polygon", "coordinates": [ [ [ 30.3799, 9.3879 ], [ 30.314, 9.3959 ], [ 30.1426, 9.4891 ], [ 29.9986, 9.4933 ], [ 29.9478, 9.4827 ], [ 29.9034, 9.5314 ], [ 29.8771, 9.5534 ], [ 29.8398, 9.4637 ], [ 29.8166, 9.324 ], [ 29.8504, 9.2435 ], [ 29.8335, 9.2224 ], [ 29.8314, 9.1631 ], [ 29.9203, 9.0192 ], [ 29.8758, 8.9747 ], [ 29.8123, 8.9705 ], [ 29.8166, 8.9218 ], [ 29.9139, 8.8456 ], [ 29.988, 8.8435 ], [ 30.0219, 8.9006 ], [ 30.0875, 8.8752 ], [ 30.1426, 8.871 ], [ 30.2216, 8.9178 ], [ 30.214, 8.9255 ], [ 30.2099, 8.9374 ], [ 30.2173, 8.9443 ], [ 30.2137, 8.9569 ], [ 30.2173, 8.9664 ], [ 30.2263, 8.9759 ], [ 30.2289, 8.9857 ], [ 30.2342, 8.989 ], [ 30.2479, 8.9892 ], [ 30.2487, 9.0057 ], [ 30.2677, 9.0114 ], [ 30.275, 9.0356 ], [ 30.2823, 9.0382 ], [ 30.2971, 9.0325 ], [ 30.2999, 9.0549 ], [ 30.324, 9.065 ], [ 30.3263, 9.0758 ], [ 30.3222, 9.093 ], [ 30.3341, 9.1125 ], [ 30.3362, 9.1299 ], [ 30.3698, 9.1427 ], [ 30.3722, 9.1463 ], [ 30.3717, 9.1658 ], [ 30.3884, 9.1813 ], [ 30.3929, 9.205 ], [ 30.3846, 9.2105 ], [ 30.3736, 9.2122 ], [ 30.3672, 9.2186 ], [ 30.3677, 9.2279 ], [ 30.3755, 9.2381 ], [ 30.3705, 9.2645 ], [ 30.3745, 9.2786 ], [ 30.3654, 9.289 ], [ 30.3396, 9.2893 ], [ 30.337, 9.2988 ], [ 30.3391, 9.3143 ], [ 30.3327, 9.3281 ], [ 30.3353, 9.3335 ], [ 30.3512, 9.3312 ], [ 30.3612, 9.335 ], [ 30.3684, 9.344 ], [ 30.3774, 9.3695 ], [ 30.3799, 9.3879 ] ] ] } },
{ "type": "Feature", "properties": { "iso3": "SSD", "unit_id": "24577616B2386532334652", "unit_name": "Koch" }, "geometry": { "type": "Polygon", "coordinates": [ [ [ 30.2861, 8.5668 ], [ 30.3027, 8.5952 ], [ 30.3196, 8.6126 ], [ 30.3232, 8.6354 ], [ 30.3165, 8.6485 ], [ 30.3079, 8.6554 ], [ 30.2801, 8.654 ], [ 30.2668, 8.6801 ], [ 30.2451, 8.6956 ], [ 30.2387, 8.707 ], [ 30.2449, 8.7237 ], [ 30.2596, 8.7323 ], [ 30.2655, 8.7429 ], [ 30.2613, 8.751 ], [ 30.2539, 8.756 ], [ 30.2575, 8.7632 ], [ 30.2446, 8.7706 ], [ 30.2404, 8.777 ], [ 30.2442, 8.8082 ], [ 30.2423, 8.8146 ], [ 30.2335, 8.8222 ], [ 30.233, 8.8427 ], [ 30.2163, 8.8529 ], [ 30.2292, 8.8984 ], [ 30.2216, 8.9178 ], [ 30.1426, 8.871 ], [ 30.0875, 8.8752 ], [ 30.0219, 8.9006 ], [ 29.988, 8.8435 ], [ 29.9139, 8.8456 ], [ 29.8223, 8.9173 ], [ 29.8123, 8.8773 ], [ 29.7425, 8.8583 ], [ 29.7044, 8.8794 ], [ 29.6747, 8.8667 ], [ 29.607, 8.8731 ], [ 29.6028, 8.7969 ], [ 29.5774, 8.7482 ], [ 29.2741, 8.6956 ], [ 29.6583, 8.4028 ], [ 29.6664, 8.2869 ], [ 29.7298, 8.3587 ], [ 29.7721, 8.3566 ], [ 29.8547, 8.3354 ], [ 29.9838, 8.382 ], [ 30.0113, 8.4413 ], [ 30.0748, 8.4582 ], [ 30.1256, 8.4497 ], [ 30.1997, 8.4899 ], [ 30.2611, 8.5577 ], [ 30.275, 8.5578 ], [ 30.2861, 8.5668 ] ] ] } },
{ "type": "Feature", "properties": { "iso3": "SSD", "unit_id": "24577616B6252218436758", "unit_name": "Leer" }, "geometry": { "type": "Polygon", "coordinates": [ [ [ 30.3539, 8.48 ], [ 30.2082, 8.4264 ], [ 30.1489, 8.437 ], [ 30.1299, 8.3502 ], [ 30.0939, 8.3248 ], [ 30.1066, 8.2804 ], [ 30.0748, 8.2761 ], [ 30.0621, 8.2232 ], [ 30.1277, 8.1851 ], [ 30.1044, 8.0454 ], [ 30.0367, 8.0285 ], [ 30.0473, 7.929 ], [ 30.1002, 7.8972 ], [ 30.2865, 7.9904 ], [ 30.4407, 7.9803 ], [ 30.4418, 7.9915 ], [ 30.4551, 7.9913 ], [ 30.4545, 7.9983 ], [ 30.4447, 8.01 ], [ 30.4424, 8.0216 ], [ 30.43, 8.0355 ], [ 30.43, 8.0439 ], [ 30.4135, 8.0482 ], [ 30.4081, 8.0533 ], [ 30.4076, 8.067 ], [ 30.4155, 8.0739 ], [ 30.402, 8.0752 ], [ 30.3946, 8.0834 ], [ 30.3993, 8.1057 ], [ 30.3926, 8.1088 ], [ 30.3662, 8.1075 ], [ 30.3649, 8.1137 ], [ 30.3698, 8.1241 ], [ 30.3655, 8.1295 ], [ 30.3601, 8.1243 ], [ 30.3598, 8.115 ], [ 30.355, 8.108 ], [ 30.3453, 8.1088 ], [ 30.3446, 8.1024 ], [ 30.3398, 8.1038 ], [ 30.3275, 8.135 ], [ 30.3248, 8.1546 ], [ 30.3298, 8.1631 ], [ 30.3246, 8.1657 ], [ 30.3177, 8.163 ], [ 30.3144, 8.1664 ], [ 30.3294, 8.199 ], [ 30.3203, 8.2064 ], [ 30.3203, 8.2104 ], [ 30.339, 8.2172 ], [ 30.3472, 8.2247 ], [ 30.3446, 8.2338 ], [ 30.3255, 8.238 ], [ 30.3234, 8.241 ], [ 30.3389, 8.2575 ], [ 30.3501, 8.2602 ], [ 30.3524, 8.2661 ], [ 30.3462, 8.2818 ], [ 30.3355, 8.2865 ], [ 30.3339, 8.2901 ], [ 30.3358, 8.298 ], [ 30.3396, 8.3006 ], [ 30.3496, 8.2994 ], [ 30.3553, 8.3047 ], [ 30.3466, 8.3284 ], [ 30.3477, 8.3368 ], [ 30.3531, 8.3453 ], [ 30.3489, 8.3518 ], [ 30.3382, 8.3549 ], [ 30.349, 8.3642 ], [ 30.3382, 8.3741 ], [ 30.3355, 8.3837 ], [ 30.3405, 8.3913 ], [ 30.3591, 8.3956 ], [ 30.3614, 8.4018 ], [ 30.3574, 8.4136 ], [ 30.3674, 8.4215 ], [ 30.3805, 8.4265 ], [ 30.3798, 8.4301 ], [ 30.3614, 8.4403 ], [ 30.3692, 8.4488 ], [ 30.3787, 8.4501 ], [ 30.3804, 8.4564 ], [ 30.3693, 8.4636 ], [ 30.362, 8.4569 ], [ 30.3558, 8.4574 ], [ 30.3529, 8.4693 ], [ 30.3652, 8.4763 ], [ 30.3539, 8.48 ] ] ] } },
{ "type": "Feature", "properties": { "iso3": "SSD", "unit_id": "24577616B46082630701458", "unit_name": "Mayendit" }, "geometry": { "type": "Polygon", "coordinates": [ [ [ 30.275, 8.5578 ], [ 30.2611, 8.5577 ], [ 30.1997, 8.4899 ], [ 30.1256, 8.4497 ], [ 30.0748, 8.4582 ], [ 30.0113, 8.4413 ], [ 29.9838, 8.382 ], [ 29.8547, 8.3354 ], [ 29.7721, 8.3566 ], [ 29.7298, 8.3587 ], [ 29.6664, 8.2869 ], [ 29.698, 7.8326 ], [ 29.9267, 7.796 ], [ 29.9715, 7.6916 ], [ 30.0007, 7.7745 ], [ 30.0579, 7.8168 ], [ 30.1002, 7.8972 ], [ 30.0473, 7.929 ], [ 30.0367, 8.0285 ], [ 30.1044, 8.0454 ], [ 30.1277, 8.1851 ], [ 30.0621, 8.2232 ], [ 30.0748, 8.2761 ], [ 30.1066, 8.2804 ], [ 30.0939, 8.3248 ], [ 30.1299, 8.3502 ], [ 30.1489, 8.437 ], [ 30.2082, 8.4264 ], [ 30.3539, 8.48 ], [ 30.3427, 8.4898 ], [ 30.3374, 8.521 ], [ 30.311, 8.5217 ], [ 30.3063, 8.5307 ], [ 30.3067, 8.5381 ], [ 30.2994, 8.544 ], [ 30.2963, 8.5522 ], [ 30.2777, 8.5464 ], [ 30.2722, 8.5509 ], [ 30.275, 8.5578 ] ] ] } },
{ "type": "Feature", "properties": { "iso3": "SSD", "unit_id": "24577616B12601433842747", "unit_name": "Mayom" }, "geometry": { "type": "Polygon", "coordinates": [ [ [ 28.8075, 9.3064 ], [ 28.7862, 9.1051 ], [ 28.6947, 9.028 ], [ 29.0972, 9.0371 ], [ 29.2741, 8.6956 ], [ 29.5774, 8.7482 ], [ 29.6028, 8.7969 ], [ 29.607, 8.8731 ], [ 29.552, 8.8794 ], [ 29.4863, 8.9938 ], [ 29.4948, 9.125 ], [ 29.4821, 9.2054 ], [ 29.3445, 9.4404 ], [ 29.3128, 9.4552 ], [ 29.1709, 9.4277 ], [ 29.1773, 9.4129 ], [ 29.1498, 9.3938 ], [ 29.0609, 9.3938 ], [ 29.0354, 9.3621 ], [ 28.9444, 9.3176 ], [ 28.8075, 9.3064 ] ] ] } },
{ "type": "Feature", "properties": { "iso3": "SSD", "unit_id": "24577616B41472903053152", "unit_name": "Panyijiar" }, "geometry": { "type": "Polygon", "coordinates": [ [ [ 30.4407, 7.9803 ], [ 30.2865, 7.9904 ], [ 30.1002, 7.8972 ], [ 30.0579, 7.8168 ], [ 30.0007, 7.7745 ], [ 29.9715, 7.6916 ], [ 30.2316, 7.0947 ], [ 30.5365, 7.0672 ], [ 30.6189, 7.2014 ], [ 30.7127, 7.2144 ], [ 30.7092, 7.2204 ], [ 30.7083, 7.2435 ], [ 30.7009, 7.2556 ], [ 30.7033, 7.272 ], [ 30.6926, 7.2777 ], [ 30.6964, 7.2852 ], [ 30.6752, 7.3013 ], [ 30.6781, 7.3089 ], [ 30.6752, 7.3206 ], [ 30.6802, 7.3244 ], [ 30.6683, 7.3284 ], [ 30.6736, 7.3319 ], [ 30.6728, 7.3374 ], [ 30.6774, 7.3348 ], [ 30.679, 7.3286 ], [ 30.6826, 7.3298 ], [ 30.6788, 7.3358 ], [ 30.6819, 7.3403 ], [ 30.6783, 7.346 ], [ 30.6807, 7.3574 ], [ 30.6757, 7.3612 ], [ 30.6755, 7.3691 ], [ 30.6738, 7.3719 ], [ 30.6672, 7.3721 ], [ 30.6645, 7.381 ], [ 30.6552, 7.386 ], [ 30.6529, 7.3946 ], [ 30.6421, 7.3991 ], [ 30.6312, 7.4113 ], [ 30.6322, 7.4167 ], [ 30.62, 7.4138 ], [ 30.6239, 7.4366 ], [ 30.6186, 7.4322 ], [ 30.6162, 7.441 ], [ 30.6086, 7.4448 ], [ 30.5931, 7.4431 ], [ 30.5812, 7.4495 ], [ 30.5808, 7.4588 ], [ 30.5836, 7.4631 ], [ 30.5943, 7.4657 ], [ 30.5946, 7.4721 ], [ 30.5858, 7.48 ], [ 30.5617, 7.4888 ], [ 30.5598, 7.4969 ], [ 30.5631, 7.5062 ], [ 30.5553, 7.5095 ], [ 30.5539, 7.5138 ], [ 30.5584, 7.5188 ], [ 30.5641, 7.5197 ], [ 30.5748, 7.5116 ], [ 30.5833, 7.5137 ], [ 30.5839, 7.5385 ], [ 30.5658, 7.573 ], [ 30.5641, 7.5861 ], [ 30.5551, 7.5804 ], [ 30.5483, 7.5813 ], [ 30.5358, 7.6004 ], [ 30.5377, 7.6275 ], [ 30.5275, 7.6437 ], [ 30.5062, 7.6471 ], [ 30.5002, 7.6533 ], [ 30.4994, 7.6571 ], [ 30.5062, 7.6659 ], [ 30.5119, 7.6671 ], [ 30.524, 7.6619 ], [ 30.53, 7.6667 ], [ 30.5247, 7.6799 ], [ 30.5231, 7.6923 ], [ 30.5256, 7.6989 ], [ 30.5215, 7.7015 ], [ 30.5248, 7.7073 ], [ 30.5214, 7.7155 ], [ 30.5281, 7.7187 ], [ 30.5287, 7.7285 ], [ 30.5345, 7.7374 ], [ 30.5291, 7.752 ], [ 30.5488, 7.7602 ], [ 30.5498, 7.7641 ], [ 30.5402, 7.7843 ], [ 30.5472, 7.7958 ], [ 30.5596, 7.8002 ], [ 30.5549, 7.8061 ], [ 30.535, 7.8024 ], [ 30.5307, 7.8042 ], [ 30.5385, 7.8175 ], [ 30.5494, 7.8175 ], [ 30.5518, 7.823 ], [ 30.5475, 7.8307 ], [ 30.5272, 7.8384 ], [ 30.5237, 7.8432 ], [ 30.5254, 7.8636 ], [ 30.5316, 7.8711 ], [ 30.5153, 7.8848 ], [ 30.5112, 7.8937 ], [ 30.5143, 7.899 ], [ 30.5207, 7.9008 ], [ 30.5201, 7.9073 ], [ 30.5032, 7.9246 ], [ 30.4958, 7.9391 ], [ 30.4733, 7.946 ], [ 30.4694, 7.9507 ], [ 30.4551, 7.97 ], [ 30.4591, 7.9825 ], [ 30.4443, 7.9774 ], [ 30.4407, 7.9803 ] ] ] } },
{ "type": "Feature", "properties": { "iso3": "SSD", "unit_id": "24577616B23284045309458", "unit_name": "Pariang" }, "geometry": { "type": "Polygon", "coordinates": [ [ [ 30.7562, 9.4759 ], [ 30.7615, 9.6111 ], [ 30.8461, 9.6533 ], [ 30.8251, 9.7238 ], [ 30.6351, 9.8733 ], [ 30.5316, 9.9595 ], [ 29.9968, 10.2888 ], [ 29.939, 10.2866 ], [ 29.539, 10.0818 ], [ 29.5381, 9.7501 ], [ 29.6705, 9.5632 ], [ 29.7234, 9.5272 ], [ 29.8771, 9.5534 ], [ 29.9034, 9.5314 ], [ 29.9478, 9.4827 ], [ 29.9986, 9.4933 ], [ 30.1426, 9.4891 ], [ 30.314, 9.3959 ], [ 30.3799, 9.3879 ], [ 30.3976, 9.4002 ], [ 30.4022, 9.4209 ], [ 30.4167, 9.4335 ], [ 30.4219, 9.4478 ], [ 30.4267, 9.452 ], [ 30.4545, 9.4575 ], [ 30.4639, 9.4665 ], [ 30.4731, 9.4853 ], [ 30.5021, 9.4999 ], [ 30.5038, 9.5191 ], [ 30.543, 9.51 ], [ 30.5609, 9.5011 ], [ 30.574, 9.5049 ], [ 30.6001, 9.5062 ], [ 30.6264, 9.4982 ], [ 30.6947, 9.4972 ], [ 30.7402, 9.4652 ], [ 30.7487, 9.468 ], [ 30.7514, 9.4761 ], [ 30.7562, 9.4759 ] ] ] } },
{ "type": "Feature", "properties": { "iso3": "SSD", "unit_id": "24577616B38228031617108", "unit_name": "Rubkona" }, "geometry": { "type": "Polygon", "coordinates": [ [ [ 29.3445, 9.4404 ], [ 29.4821, 9.2054 ], [ 29.4948, 9.125 ], [ 29.4863, 8.9938 ], [ 29.552, 8.8794 ], [ 29.6747, 8.8667 ], [ 29.7044, 8.8794 ], [ 29.7425, 8.8583 ], [ 29.8123, 8.8773 ], [ 29.8223, 8.9173 ], [ 29.8166, 8.9218 ], [ 29.8123, 8.9705 ], [ 29.8758, 8.9747 ], [ 29.9203, 9.0192 ], [ 29.8314, 9.1631 ], [ 29.8335, 9.2224 ], [ 29.8504, 9.2435 ], [ 29.8166, 9.324 ], [ 29.8398, 9.4637 ], [ 29.8771, 9.5534 ], [ 29.7234, 9.5272 ], [ 29.6705, 9.5632 ], [ 29.5381, 9.7501 ], [ 29.3445, 9.4404 ] ] ] } },
{ "type": "Feature", "properties": { "iso3": "SSD", "unit_id": "24577616B17829120391140", "unit_name": "Baliet" }, "geometry": { "type": "Polygon", "coordinates": [ [ [ 32.4269, 9.0223 ], [ 32.4295, 9.0882 ], [ 32.8373, 9.12 ], [ 32.835, 9.1993 ], [ 32.8758, 9.3443 ], [ 32.9597, 9.3783 ], [ 32.9823, 9.4168 ], [ 32.9438, 9.4712 ], [ 32.9642, 9.5323 ], [ 32.9642, 9.589 ], [ 32.9143, 9.6819 ], [ 32.9257, 9.7295 ], [ 32.9597, 9.768 ], [ 32.9982, 9.7702 ], [ 32.9574, 10.0603 ], [ 32.8396, 10.0625 ], [ 32.7965, 10.101 ], [ 32.7535, 10.0693 ], [ 32.7739, 10.058 ], [ 32.7648, 9.99 ], [ 32.6878, 9.9492 ], [ 32.6447, 10.0172 ], [ 32.5949, 10.0059 ], [ 32.5473, 9.9084 ], [ 32.3887, 9.8926 ], [ 32.3275, 9.9651 ], [ 32.1947, 9.9773 ], [ 32.1032, 9.8699 ], [ 32.0488, 9.8495 ], [ 31.9627, 9.7566 ], [ 31.9695, 9.7136 ], [ 31.9219, 9.7113 ], [ 31.9038, 9.7362 ], [ 31.8789, 9.7136 ], [ 31.8676, 9.6728 ], [ 31.8653, 9.6502 ], [ 31.7362, 9.5754 ], [ 31.7271, 9.4848 ], [ 31.7034, 9.4739 ], [ 31.8721, 9.3669 ], [ 31.8653, 9.3397 ], [ 32.076, 9.274 ], [ 32.0783, 9.2536 ], [ 32.0103, 9.1925 ], [ 32.0103, 9.0996 ], [ 32.0669, 8.95 ], [ 31.9582, 8.8775 ], [ 31.8269, 8.8743 ], [ 31.8281, 8.8676 ], [ 31.8339, 8.8655 ], [ 31.8321, 8.8615 ], [ 31.8357, 8.8599 ], [ 31.8327, 8.8481 ], [ 31.8375, 8.8467 ], [ 31.8382, 8.8403 ], [ 31.8426, 8.8368 ], [ 31.8409, 8.833 ], [ 31.849, 8.8351 ], [ 31.8509, 8.8281 ], [ 31.8611, 8.8275 ], [ 31.8673, 8.8203 ], [ 31.8729, 8.8233 ], [ 31.8769, 8.8205 ], [ 31.8736, 8.817 ], [ 31.8792, 8.8138 ], [ 31.8771, 8.8061 ], [ 31.8853, 8.8025 ], [ 31.8828, 8.7959 ], [ 31.8874, 8.7951 ], [ 31.8886, 8.7919 ], [ 31.8929, 8.7961 ], [ 31.899, 8.7917 ], [ 31.9031, 8.7968 ], [ 31.911, 8.7919 ], [ 31.9147, 8.7847 ], [ 31.9082, 8.7825 ], [ 31.9101, 8.78 ], [ 31.9068, 8.7738 ], [ 31.9135, 8.7703 ], [ 31.9091, 8.7641 ], [ 31.9175, 8.7626 ], [ 31.9189, 8.7586 ], [ 31.9213, 8.7618 ], [ 31.9286, 8.7594 ], [ 31.9345, 8.7635 ], [ 31.9351, 8.7562 ], [ 31.9387, 8.7565 ], [ 31.9413, 8.7489 ], [ 31.9503, 8.743 ], [ 31.9496, 8.7325 ], [ 31.9523, 8.7368 ], [ 31.9551, 8.7323 ], [ 31.9613, 8.7357 ], [ 31.9601, 8.7298 ], [ 31.9748, 8.7223 ], [ 31.9727, 8.7206 ], [ 31.9812, 8.7133 ], [ 32.0918, 8.8337 ], [ 32.2577, 8.928 ], [ 32.3911, 9.0971 ], [ 32.4269, 9.0223 ] ] ] } },
{ "type": "Feature", "properties": { "iso3": "SSD", "unit_id": "24577616B31159303293781", "unit_name": "Fashoda" }, "geometry": { "type": "Polygon", "coordinates": [ [ [ 32.1947, 9.9773 ], [ 32.2686, 10.0784 ], [ 32.289, 10.1237 ], [ 32.0964, 10.1803 ], [ 32.0828, 10.1486 ], [ 31.9627, 10.2211 ], [ 31.82, 10.2528 ], [ 31.7887, 10.3037 ], [ 31.7021, 10.2181 ], [ 31.5122, 10.0039 ], [ 31.4264, 9.8989 ], [ 31.4688, 9.8337 ], [ 31.607, 9.7906 ], [ 31.7316, 9.7 ], [ 31.8676, 9.6728 ], [ 31.8789, 9.7136 ], [ 31.9038, 9.7362 ], [ 31.9219, 9.7113 ], [ 31.9695, 9.7136 ], [ 31.9627, 9.7566 ], [ 32.0488, 9.8495 ], [ 32.1032, 9.8699 ], [ 32.1947, 9.9773 ] ] ] } },
{ "type": "Feature", "properties": { "iso3": "SSD", "unit_id": "24577616B51635794193956", "unit_name": "Longochuk" }, "geometry": { "type": "Polygon", "coordinates": [ [ [ 32.9597, 9.3783 ], [ 33.0095, 9.3783 ], [ 33.0956, 9.2582 ], [ 33.1386, 9.1358 ], [ 33.2157, 9.12 ], [ 33.2859, 9.0112 ], [ 33.3675, 8.9455 ], [ 33.4219, 8.8526 ], [ 33.4863, 8.8687 ], [ 33.4626, 8.9161 ], [ 33.4717, 8.9546 ], [ 33.5737, 8.8911 ], [ 33.6077, 8.8368 ], [ 33.6643, 8.8413 ], [ 33.6915, 8.8843 ], [ 33.875, 8.8979 ], [ 34.0064, 8.9727 ], [ 33.9634, 9.2015 ], [ 34.1348, 9.1979 ], [ 34.1259, 9.3297 ], [ 34.1089, 9.4989 ], [ 33.8996, 9.4986 ], [ 33.8592, 9.521 ], [ 33.8524, 9.5119 ], [ 33.9294, 9.4236 ], [ 33.875, 9.4122 ], [ 33.841, 9.3533 ], [ 33.6643, 9.3397 ], [ 33.6099, 9.3828 ], [ 33.5963, 9.4644 ], [ 33.5012, 9.5346 ], [ 33.3788, 9.5142 ], [ 33.2995, 9.5437 ], [ 33.1658, 9.6343 ], [ 32.9982, 9.6955 ], [ 32.9982, 9.7702 ], [ 32.9597, 9.768 ], [ 32.9257, 9.7295 ], [ 32.9143, 9.6819 ], [ 32.9642, 9.589 ], [ 32.9642, 9.5323 ], [ 32.9438, 9.4712 ], [ 32.9823, 9.4168 ], [ 32.9597, 9.3783 ] ] ] } },
{ "type": "Feature", "properties": { "iso3": "SSD", "unit_id": "24577616B5134511646183", "unit_name": "Luakpiny/Nasir" }, "geometry": { "type": "Polygon", "coordinates": [ [ [ 32.7843, 9.1158 ], [ 32.8214, 8.984 ], [ 32.8736, 8.9115 ], [ 32.8418, 8.8866 ], [ 32.9347, 8.7348 ], [ 32.9891, 8.6736 ], [ 32.9687, 8.6442 ], [ 32.9891, 8.5853 ], [ 33.0118, 8.5943 ], [ 33.0118, 8.5377 ], [ 33.0322, 8.5309 ], [ 33.0344, 8.447 ], [ 33.2157, 8.447 ], [ 33.22, 8.4351 ], [ 33.2296, 8.426 ], [ 33.2351, 8.4258 ], [ 33.2411, 8.4309 ], [ 33.2431, 8.4376 ], [ 33.2499, 8.4409 ], [ 33.2434, 8.4437 ], [ 33.243, 8.4472 ], [ 33.2588, 8.4503 ], [ 33.2687, 8.4566 ], [ 33.2702, 8.4625 ], [ 33.2818, 8.4578 ], [ 33.2821, 8.4495 ], [ 33.287, 8.4414 ], [ 33.2933, 8.4407 ], [ 33.3006, 8.4473 ], [ 33.3084, 8.466 ], [ 33.3137, 8.4692 ], [ 33.3215, 8.4552 ], [ 33.3346, 8.4487 ], [ 33.3492, 8.4511 ], [ 33.368, 8.448 ], [ 33.3715, 8.4389 ], [ 33.3815, 8.4379 ], [ 33.3877, 8.4301 ], [ 33.3951, 8.4271 ], [ 33.3985, 8.4275 ], [ 33.4048, 8.4427 ], [ 33.4183, 8.4478 ], [ 33.4234, 8.4539 ], [ 33.4345, 8.4466 ], [ 33.4449, 8.445 ], [ 33.4683, 8.4603 ], [ 33.4775, 8.4566 ], [ 33.489, 8.4644 ], [ 33.4886, 8.477 ], [ 33.4967, 8.4816 ], [ 33.507, 8.4727 ], [ 33.5127, 8.4751 ], [ 33.5221, 8.4682 ], [ 33.5329, 8.4729 ], [ 33.5501, 8.4693 ], [ 33.5597, 8.4746 ], [ 33.564, 8.4696 ], [ 33.562, 8.4628 ], [ 33.5676, 8.4631 ], [ 33.5661, 8.4566 ], [ 33.5688, 8.4517 ], [ 33.5774, 8.4481 ], [ 33.593, 8.4497 ], [ 33.5968, 8.4431 ], [ 33.6023, 8.448 ], [ 33.6018, 8.4549 ], [ 33.6152, 8.4668 ], [ 33.6168, 8.4722 ], [ 33.6201, 8.4725 ], [ 33.6276, 8.4656 ], [ 33.6349, 8.4669 ], [ 33.6407, 8.4637 ], [ 33.6484, 8.515 ], [ 33.6167, 8.5445 ], [ 33.5691, 8.549 ], [ 33.5216, 8.5943 ], [ 33.5374, 8.6963 ], [ 33.4989, 8.8005 ], [ 33.5125, 8.8164 ], [ 33.4863, 8.8687 ], [ 33.4219, 8.8526 ], [ 33.3675, 8.9455 ], [ 33.2859, 9.0112 ], [ 33.2157, 9.12 ], [ 33.1386, 9.1358 ], [ 33.0956, 9.2582 ], [ 33.0095, 9.3783 ], [ 32.9597, 9.3783 ], [ 32.8758, 9.3443 ], [ 32.835, 9.1993 ], [ 32.8373, 9.12 ], [ 32.7843, 9.1158 ] ] ] } },
{ "type": "Feature", "properties": { "iso3": "SSD", "unit_id": "24577616B76607602920230", "unit_name": "Maban" }, "geometry": { "type": "Polygon", "coordinates": [ [ [ 32.9982, 9.7702 ], [ 32.9982, 9.6955 ], [ 33.1658, 9.6343 ], [ 33.2995, 9.5437 ], [ 33.3788, 9.5142 ], [ 33.5012, 9.5346 ], [ 33.5963, 9.4644 ], [ 33.6099, 9.3828 ], [ 33.6643, 9.3397 ], [ 33.841, 9.3533 ], [ 33.875, 9.4122 ], [ 33.9294, 9.4236 ], [ 33.8524, 9.5119 ], [ 33.8592, 9.521 ], [ 33.8996, 9.4986 ], [ 33.8877, 9.5462 ], [ 33.8867, 9.5971 ], [ 33.8877, 9.6238 ], [ 33.892, 9.6352 ], [ 33.8986, 9.68 ], [ 33.91, 9.7114 ], [ 33.9205, 9.7618 ], [ 33.9243, 9.7666 ], [ 33.9443, 9.7742 ], [ 33.9662, 9.8061 ], [ 33.9686, 9.8132 ], [ 33.9662, 9.8241 ], [ 33.9767, 9.8617 ], [ 33.9771, 9.8803 ], [ 33.9928, 9.9108 ], [ 33.9933, 9.9293 ], [ 33.9881, 9.9607 ], [ 33.9938, 9.9883 ], [ 33.9995, 9.9998 ], [ 33.9924, 10.0421 ], [ 33.9957, 10.0621 ], [ 33.9892, 10.074 ], [ 33.971, 10.093 ], [ 33.9667, 10.1268 ], [ 33.9714, 10.1406 ], [ 33.97, 10.1482 ], [ 33.9662, 10.1539 ], [ 33.951, 10.162 ], [ 33.9015, 10.1616 ], [ 33.7927, 10.3391 ], [ 33.6721, 10.4395 ], [ 33.4827, 10.6579 ], [ 33.3601, 10.6939 ], [ 33.0797, 10.6018 ], [ 32.9597, 10.3457 ], [ 33.0027, 10.1667 ], [ 32.9574, 10.0603 ], [ 32.9982, 9.7702 ] ] ] } },
{ "type": "Feature", "properties": { "iso3": "SSD", "unit_id": "24577616B61024325931601", "unit_name": "Maiwut" }, "geometry": { "type": "Polygon", "coordinates": [ [ [ 33.4626, 8.9161 ], [ 33.5125, 8.8164 ], [ 33.4989, 8.8005 ], [ 33.5374, 8.6963 ], [ 33.5216, 8.5943 ], [ 33.5691, 8.549 ], [ 33.6167, 8.5445 ], [ 33.6484, 8.515 ], [ 33.6407, 8.4637 ], [ 33.6511, 8.462 ], [ 33.6643, 8.4474 ], [ 33.677, 8.4452 ], [ 33.6793, 8.4368 ], [ 33.6736, 8.4298 ], [ 33.6792, 8.4213 ], [ 33.6786, 8.411 ], [ 33.6894, 8.3996 ], [ 33.6894, 8.3863 ], [ 33.6953, 8.3851 ], [ 33.7003, 8.3775 ], [ 33.7095, 8.3787 ], [ 33.7137, 8.3711 ], [ 33.7309, 8.3681 ], [ 33.7508, 8.3788 ], [ 33.7685, 8.3665 ], [ 33.7766, 8.3741 ], [ 33.788, 8.379 ], [ 33.7963, 8.3937 ], [ 33.8125, 8.3974 ], [ 33.8224, 8.4086 ], [ 33.8326, 8.4131 ], [ 33.8344, 8.4202 ], [ 33.8276, 8.4244 ], [ 33.8395, 8.4323 ], [ 33.8489, 8.4358 ], [ 33.8741, 8.4355 ], [ 33.8767, 8.4487 ], [ 33.8906, 8.4622 ], [ 33.8976, 8.4818 ], [ 33.9094, 8.4873 ], [ 33.9256, 8.4878 ], [ 33.9305, 8.4954 ], [ 33.9435, 8.5004 ], [ 33.9574, 8.4946 ], [ 33.9721, 8.5035 ], [ 33.9749, 8.5018 ], [ 33.9748, 8.4946 ], [ 33.9842, 8.4905 ], [ 34.0009, 8.496 ], [ 34.0163, 8.489 ], [ 34.0246, 8.4917 ], [ 34.0295, 8.4967 ], [ 34.0336, 8.5135 ], [ 34.0463, 8.5415 ], [ 34.0472, 8.5533 ], [ 34.044, 8.5609 ], [ 34.0491, 8.5661 ], [ 34.0572, 8.5895 ], [ 34.0725, 8.6121 ], [ 34.0806, 8.6353 ], [ 34.0872, 8.6367 ], [ 34.092, 8.6457 ], [ 34.1172, 8.642 ], [ 34.1469, 8.6453 ], [ 34.1478, 9.0057 ], [ 34.1348, 9.1979 ], [ 33.9634, 9.2015 ], [ 34.0064, 8.9727 ], [ 33.875, 8.8979 ], [ 33.6915, 8.8843 ], [ 33.6643, 8.8413 ], [ 33.6077, 8.8368 ], [ 33.5737, 8.8911 ], [ 33.4717, 8.9546 ], [ 33.4626, 8.9161 ] ] ] } },
{ "type": "Feature", "properties": { "iso3": "SSD", "unit_id": "24577616B35118322688299", "unit_name": "Malakal" }, "geometry": { "type": "Polygon", "coordinates": [ [ [ 31.8676, 9.6728 ], [ 31.7316, 9.7 ], [ 31.607, 9.7906 ], [ 31.4688, 9.8337 ], [ 31.4264, 9.8989 ], [ 31.366, 9.8199 ], [ 31.5096, 9.7816 ], [ 31.5911, 9.7023 ], [ 31.5934, 9.6388 ], [ 31.5526, 9.6071 ], [ 31.5662, 9.5912 ], [ 31.5957, 9.5958 ], [ 31.6115, 9.5663 ], [ 31.5866, 9.5301 ], [ 31.6433, 9.4462 ], [ 31.7271, 9.4848 ], [ 31.7362, 9.5754 ], [ 31.8653, 9.6502 ], [ 31.8676, 9.6728 ] ] ] } },
{ "type": "Feature", "properties": { "iso3": "SSD", "unit_id": "24577616B18079692836545", "unit_name": "Manyo" }, "geometry": { "type": "Polygon", "coordinates": [ [ [ 32.289, 10.1237 ], [ 32.3003, 10.1441 ], [ 32.2527, 10.2755 ], [ 32.2595, 10.3865 ], [ 32.2323, 10.4364 ], [ 32.1734, 10.425 ], [ 32.1349, 10.4318 ], [ 32.1123, 10.4658 ], [ 32.1145, 10.5383 ], [ 32.3207, 10.7196 ], [ 32.3275, 10.7581 ], [ 32.3728, 10.7989 ], [ 32.4068, 10.8057 ], [ 32.4499, 10.8419 ], [ 32.468, 10.8487 ], [ 32.579, 10.9597 ], [ 32.6379, 10.9779 ], [ 32.6674, 11.0277 ], [ 32.6719, 11.1501 ], [ 32.6447, 11.2951 ], [ 32.6832, 11.4129 ], [ 32.715, 11.5715 ], [ 32.7897, 11.7052 ], [ 32.7807, 11.7845 ], [ 32.7353, 11.8796 ], [ 32.7455, 11.9476 ], [ 32.1066, 11.945 ], [ 32.3759, 11.7123 ], [ 32.3845, 11.6966 ], [ 32.3924, 11.666 ], [ 32.3935, 11.2197 ], [ 32.4015, 11.1744 ], [ 32.4156, 11.1409 ], [ 32.4706, 11.0427 ], [ 32.4404, 11.0265 ], [ 32.1474, 10.7373 ], [ 31.9952, 10.6536 ], [ 31.973, 10.6272 ], [ 31.8576, 10.4081 ], [ 31.7887, 10.3037 ], [ 31.82, 10.2528 ], [ 31.9627, 10.2211 ], [ 32.0828, 10.1486 ], [ 32.0964, 10.1803 ], [ 32.289, 10.1237 ] ] ] } },
{ "type": "Feature", "properties": { "iso3": "SSD", "unit_id": "24577616B95618477519985", "unit_name": "Melut" }, "geometry": { "type": "Polygon", "coordinates": [ [ [ 32.9574, 10.0603 ], [ 33.0027, 10.1667 ], [ 32.9597, 10.3457 ], [ 32.8622, 10.4205 ], [ 32.8645, 10.4771 ], [ 32.9121, 10.4658 ], [ 32.9189, 10.5247 ], [ 32.869, 10.6108 ], [ 32.903, 10.6493 ], [ 32.8962, 10.7218 ], [ 32.8486, 10.7672 ], [ 32.7444, 10.8034 ], [ 32.5337, 10.8419 ], [ 32.468, 10.8487 ], [ 32.4499, 10.8419 ], [ 32.4068, 10.8057 ], [ 32.3728, 10.7989 ], [ 32.3275, 10.7581 ], [ 32.3207, 10.7196 ], [ 32.1145, 10.5383 ], [ 32.1123, 10.4658 ], [ 32.1349, 10.4318 ], [ 32.1734, 10.425 ], [ 32.2323, 10.4364 ], [ 32.2595, 10.3865 ], [ 32.2527, 10.2755 ], [ 32.3003, 10.1441 ], [ 32.2686, 10.0784 ], [ 32.1947, 9.9773 ], [ 32.3275, 9.9651 ], [ 32.3887, 9.8926 ], [ 32.5473, 9.9084 ], [ 32.5949, 10.0059 ], [ 32.6447, 10.0172 ], [ 32.6878, 9.9492 ], [ 32.7648, 9.99 ], [ 32.7739, 10.058 ], [ 32.7535, 10.0693 ], [ 32.7965, 10.101 ], [ 32.8396, 10.0625 ], [ 32.9574, 10.0603 ] ] ] } },
{ "type": "Feature", "properties": { "iso3": "SSD", "unit_id": "24577616B16810769542830", "unit_name": "Panyikang" }, "geometry": { "type": "Polygon", "coordinates": [ [ [ 31.8269, 8.8743 ], [ 31.9582, 8.8775 ], [ 32.0669, 8.95 ], [ 32.0103, 9.0996 ], [ 32.0103, 9.1925 ], [ 32.0783, 9.2536 ], [ 32.076, 9.274 ], [ 31.8653, 9.3397 ], [ 31.8721, 9.3669 ], [ 31.7034, 9.4739 ], [ 31.6433, 9.4462 ], [ 31.5866, 9.5301 ], [ 31.6115, 9.5663 ], [ 31.5957, 9.5958 ], [ 31.5662, 9.5912 ], [ 31.5526, 9.6071 ], [ 31.5934, 9.6388 ], [ 31.5911, 9.7023 ], [ 31.5096, 9.7816 ], [ 31.366, 9.8199 ], [ 31.3519, 9.8031 ], [ 31.3244, 9.7788 ], [ 31.2887, 9.7615 ], [ 31.2747, 9.7583 ], [ 31.1808, 9.7497 ], [ 30.8926, 9.7486 ], [ 30.8613, 9.7302 ], [ 30.836, 9.7243 ], [ 30.8273, 9.7189 ], [ 30.8461, 9.6533 ], [ 30.7615, 9.6111 ], [ 30.7562, 9.4759 ], [ 30.7884, 9.4572 ], [ 30.802, 9.4556 ], [ 30.8158, 9.4602 ], [ 30.8397, 9.4529 ], [ 30.8937, 9.4645 ], [ 30.9114, 9.461 ], [ 30.9185, 9.4665 ], [ 30.9194, 9.4771 ], [ 30.9387, 9.486 ], [ 30.9525, 9.4792 ], [ 30.9741, 9.4742 ], [ 30.9961, 9.4772 ], [ 31.0383, 9.468 ], [ 31.0527, 9.4566 ], [ 31.0712, 9.4555 ], [ 31.0957, 9.4411 ], [ 31.1295, 9.4323 ], [ 31.1545, 9.4166 ], [ 31.1637, 9.4144 ], [ 31.1755, 9.4164 ], [ 31.1785, 9.4248 ], [ 31.4576, 9.3411 ], [ 31.5454, 9.3866 ], [ 31.6202, 9.2923 ], [ 31.7828, 9.276 ], [ 31.8154, 9.1459 ], [ 31.7568, 9.0841 ], [ 31.7642, 9.0604 ], [ 31.7688, 9.0598 ], [ 31.7685, 9.0558 ], [ 31.7758, 9.0543 ], [ 31.7759, 9.0496 ], [ 31.7813, 9.0507 ], [ 31.7833, 9.0465 ], [ 31.7963, 9.0474 ], [ 31.7985, 9.0395 ], [ 31.8059, 9.0389 ], [ 31.8047, 9.0333 ], [ 31.7977, 9.0297 ], [ 31.7982, 9.0221 ], [ 31.7893, 9.0188 ], [ 31.7891, 9.0115 ], [ 31.7787, 9.0111 ], [ 31.7818, 8.9982 ], [ 31.7783, 8.9998 ], [ 31.7767, 8.9925 ], [ 31.7698, 8.9918 ], [ 31.7735, 8.9883 ], [ 31.7722, 8.9828 ], [ 31.7781, 8.9825 ], [ 31.7828, 8.9764 ], [ 31.778, 8.9745 ], [ 31.7821, 8.971 ], [ 31.7754, 8.9695 ], [ 31.7843, 8.9651 ], [ 31.7821, 8.9573 ], [ 31.7962, 8.9541 ], [ 31.7912, 8.9485 ], [ 31.7957, 8.9464 ], [ 31.7955, 8.9409 ], [ 31.7996, 8.9414 ], [ 31.8069, 8.9356 ], [ 31.8012, 8.9281 ], [ 31.8081, 8.9303 ], [ 31.8086, 8.9255 ], [ 31.8144, 8.925 ], [ 31.8127, 8.9171 ], [ 31.8081, 8.9147 ], [ 31.8109, 8.9107 ], [ 31.8081, 8.9044 ], [ 31.8187, 8.8898 ], [ 31.8228, 8.8885 ], [ 31.8269, 8.8743 ] ] ] } },
{ "type": "Feature", "properties": { "iso3": "SSD", "unit_id": "24577616B93020009816674", "unit_name": "Renk" }, "geometry": { "type": "Polygon", "coordinates": [ [ [ 33.3601, 10.6939 ], [ 33.219, 10.735 ], [ 33.2657, 10.8292 ], [ 33.2352, 10.9972 ], [ 33.1353, 11.6259 ], [ 33.1756, 11.7428 ], [ 33.2568, 12.1658 ], [ 33.292, 12.2006 ], [ 33.2977, 12.212 ], [ 33.0231, 12.2267 ], [ 32.7305, 12.2364 ], [ 32.7412, 12.215 ], [ 32.7449, 12.1927 ], [ 32.738, 12.1484 ], [ 32.7561, 12.0669 ], [ 32.7503, 12.0493 ], [ 32.7577, 12.0307 ], [ 32.7588, 12.0126 ], [ 32.755, 11.9742 ], [ 32.7449, 11.9545 ], [ 32.7353, 11.8796 ], [ 32.7807, 11.7845 ], [ 32.7897, 11.7052 ], [ 32.715, 11.5715 ], [ 32.6832, 11.4129 ], [ 32.6447, 11.2951 ], [ 32.6719, 11.1501 ], [ 32.6674, 11.0277 ], [ 32.6379, 10.9779 ], [ 32.579, 10.9597 ], [ 32.468, 10.8487 ], [ 32.5337, 10.8419 ], [ 32.7444, 10.8034 ], [ 32.8486, 10.7672 ], [ 32.8962, 10.7218 ], [ 32.903, 10.6493 ], [ 32.869, 10.6108 ], [ 32.9189, 10.5247 ], [ 32.9121, 10.4658 ], [ 32.8645, 10.4771 ], [ 32.8622, 10.4205 ], [ 32.9597, 10.3457 ], [ 33.0797, 10.6018 ], [ 33.3601, 10.6939 ] ] ] } },
{ "type": "Feature", "properties": { "iso3": "SSD", "unit_id": "24577616B4266140844681", "unit_name": "Ulang" }, "geometry": { "type": "Polygon", "coordinates": [ [ [ 33.0364, 7.9879 ], [ 33.0406, 8.0105 ], [ 33.0621, 8.014 ], [ 33.0755, 8.0205 ], [ 33.0821, 8.0374 ], [ 33.0802, 8.0522 ], [ 33.0867, 8.0564 ], [ 33.0835, 8.0649 ], [ 33.0858, 8.0688 ], [ 33.1009, 8.0714 ], [ 33.111, 8.066 ], [ 33.116, 8.059 ], [ 33.1201, 8.0591 ], [ 33.1184, 8.0951 ], [ 33.1211, 8.1041 ], [ 33.1411, 8.1099 ], [ 33.1614, 8.1072 ], [ 33.1703, 8.1244 ], [ 33.1873, 8.1224 ], [ 33.1928, 8.1276 ], [ 33.1837, 8.1538 ], [ 33.1891, 8.165 ], [ 33.1766, 8.1726 ], [ 33.1773, 8.1848 ], [ 33.1675, 8.1883 ], [ 33.1662, 8.193 ], [ 33.1974, 8.2134 ], [ 33.2045, 8.2308 ], [ 33.2039, 8.2363 ], [ 33.1931, 8.2461 ], [ 33.1772, 8.2484 ], [ 33.1705, 8.2704 ], [ 33.1738, 8.2829 ], [ 33.1698, 8.2913 ], [ 33.174, 8.2954 ], [ 33.1934, 8.2952 ], [ 33.2001, 8.3013 ], [ 33.201, 8.3087 ], [ 33.1921, 8.3314 ], [ 33.1946, 8.3354 ], [ 33.206, 8.3307 ], [ 33.2144, 8.3379 ], [ 33.2163, 8.3486 ], [ 33.2133, 8.3573 ], [ 33.1979, 8.3498 ], [ 33.1937, 8.3506 ], [ 33.1852, 8.3819 ], [ 33.1905, 8.3934 ], [ 33.188, 8.4015 ], [ 33.1902, 8.4067 ], [ 33.201, 8.4096 ], [ 33.2164, 8.4078 ], [ 33.2144, 8.4279 ], [ 33.22, 8.4351 ], [ 33.2157, 8.447 ], [ 33.0344, 8.447 ], [ 33.0322, 8.5309 ], [ 33.0118, 8.5377 ], [ 33.0118, 8.5943 ], [ 32.9891, 8.5853 ], [ 32.9687, 8.6442 ], [ 32.9891, 8.6736 ], [ 32.9347, 8.7348 ], [ 32.8418, 8.8866 ], [ 32.8736, 8.9115 ], [ 32.8214, 8.984 ], [ 32.7843, 9.1158 ], [ 32.4295, 9.0882 ], [ 32.4269, 9.0223 ], [ 32.4106, 8.928 ], [ 32.5212, 8.902 ], [ 32.6448, 8.4368 ], [ 32.9278, 8.2775 ], [ 32.8302, 7.988 ], [ 33.0364, 7.9879 ] ] ] } },
{ "type": "Feature", "properties": { "iso3": "SSD", "unit_id": "24577616B28345247037422", "unit_name": "Gogrial East" }, "geometry": { "type": "Polygon", "coordinates": [ [ [ 28.6947, 9.028 ], [ 28.636, 9.0113 ], [ 28.6085, 8.988 ], [ 28.6201, 8.9314 ], [ 28.5867, 8.9082 ], [ 28.5794, 8.8704 ], [ 28.5286, 8.8297 ], [ 28.5315, 8.7905 ], [ 28.4589, 8.7731 ], [ 28.4182, 8.7455 ], [ 28.4124, 8.6627 ], [ 28.366, 8.6352 ], [ 28.3296, 8.5524 ], [ 28.3209, 8.4885 ], [ 28.228, 8.458 ], [ 28.1917, 8.4217 ], [ 28.2295, 8.3462 ], [ 28.2091, 8.3055 ], [ 28.2004, 8.1458 ], [ 28.1685, 8.1167 ], [ 28.1685, 8.095 ], [ 28.1786, 8.0703 ], [ 28.1521, 8.0223 ], [ 28.1712, 7.9939 ], [ 28.2077, 8.0441 ], [ 28.2687, 8.0703 ], [ 28.3398, 8.1342 ], [ 28.4516, 8.1806 ], [ 28.5228, 8.1647 ], [ 28.6317, 8.1734 ], [ 28.6549, 8.2431 ], [ 28.5838, 8.3767 ], [ 28.5954, 8.5146 ], [ 28.6622, 8.6018 ], [ 28.6578, 8.6773 ], [ 29.0354, 8.8283 ], [ 29.1657, 8.9049 ], [ 29.0972, 9.0371 ], [ 28.6947, 9.028 ] ] ] } },
{ "type": "Feature", "properties": { "iso3": "SSD", "unit_id": "24577616B69346679095335", "unit_name": "Gogrial West" }, "geometry": { "type": "Polygon", "coordinates": [ [ [ 27.8622, 8.9566 ], [ 27.9659, 8.8773 ], [ 27.9995, 8.7005 ], [ 27.9232, 8.6517 ], [ 27.9598, 8.5632 ], [ 27.8993, 8.5003 ], [ 27.9171, 8.3306 ], [ 27.8775, 8.2787 ], [ 27.8622, 8.0836 ], [ 28.1521, 8.0223 ], [ 28.1786, 8.0703 ], [ 28.1685, 8.095 ], [ 28.1685, 8.1167 ], [ 28.2004, 8.1458 ], [ 28.2091, 8.3055 ], [ 28.2295, 8.3462 ], [ 28.1917, 8.4217 ], [ 28.228, 8.458 ], [ 28.3209, 8.4885 ], [ 28.3296, 8.5524 ], [ 28.366, 8.6352 ], [ 28.4124, 8.6627 ], [ 28.4182, 8.7455 ], [ 28.4589, 8.7731 ], [ 28.4516, 8.7949 ], [ 28.4574, 8.866 ], [ 28.3964, 8.8849 ], [ 28.3747, 8.8573 ], [ 28.3601, 8.8559 ], [ 28.318, 8.882 ], [ 28.3064, 8.9241 ], [ 28.2948, 8.9241 ], [ 28.2948, 8.9082 ], [ 28.273, 8.9067 ], [ 28.2541, 8.943 ], [ 28.1801, 8.9503 ], [ 28.1293, 8.9706 ], [ 28.0828, 9.0229 ], [ 28.0842, 9.0505 ], [ 28.0508, 9.0722 ], [ 28.0102, 9.0446 ], [ 27.9608, 9.0577 ], [ 27.9666, 9.11 ], [ 27.9506, 9.1085 ], [ 27.9403, 9.1305 ], [ 27.8622, 8.9566 ] ] ] } },
{ "type": "Feature", "properties": { "iso3": "SSD", "unit_id": "24577616B17037128676736", "unit_name": "Tonj East" }, "geometry": { "type": "Polygon", "coordinates": [ [ [ 29.1537, 7.4948 ], [ 29.329, 7.6658 ], [ 29.5333, 7.7024 ], [ 29.698, 7.8326 ], [ 29.676, 8.1491 ], [ 29.336, 8.1792 ], [ 29.2895, 8.1516 ], [ 29.2067, 8.0267 ], [ 29.1661, 8.0049 ], [ 29.1196, 8.0107 ], [ 29.0078, 7.9439 ], [ 28.9729, 7.8757 ], [ 28.8902, 7.7973 ], [ 28.8059, 7.7581 ], [ 28.8088, 7.7319 ], [ 28.8524, 7.6564 ], [ 28.8626, 7.5954 ], [ 29.0862, 7.504 ], [ 29.1537, 7.4948 ] ] ] } },
{ "type": "Feature", "properties": { "iso3": "SSD", "unit_id": "24577616B24500015901960", "unit_name": "Tonj North" }, "geometry": { "type": "Polygon", "coordinates": [ [ [ 29.2741, 8.6956 ], [ 29.1657, 8.9049 ], [ 29.0354, 8.8283 ], [ 28.6578, 8.6773 ], [ 28.6622, 8.6018 ], [ 28.5954, 8.5146 ], [ 28.5838, 8.3767 ], [ 28.6549, 8.2431 ], [ 28.6317, 8.1734 ], [ 28.5228, 8.1647 ], [ 28.4516, 8.1806 ], [ 28.3398, 8.1342 ], [ 28.2687, 8.0703 ], [ 28.2077, 8.0441 ], [ 28.1712, 7.9939 ], [ 28.3136, 7.7817 ], [ 28.2892, 7.7085 ], [ 28.2953, 7.6597 ], [ 28.3724, 7.5874 ], [ 28.4603, 7.6332 ], [ 28.5489, 7.6434 ], [ 28.5823, 7.6651 ], [ 28.6259, 7.7203 ], [ 28.6346, 7.7595 ], [ 28.7028, 7.7682 ], [ 28.7493, 7.79 ], [ 28.8059, 7.7581 ], [ 28.8902, 7.7973 ], [ 28.9729, 7.8757 ], [ 29.0078, 7.9439 ], [ 29.1196, 8.0107 ], [ 29.1661, 8.0049 ], [ 29.2067, 8.0267 ], [ 29.2895, 8.1516 ], [ 29.336, 8.1792 ], [ 29.676, 8.1491 ], [ 29.6583, 8.4028 ], [ 29.2741, 8.6956 ] ] ] } },
{ "type": "Feature", "properties": { "iso3": "SSD", "unit_id": "24577616B85871176446917", "unit_name": "Tonj South" }, "geometry": { "type": "Polygon", "coordinates": [ [ [ 29.1537, 7.4948 ], [ 29.0862, 7.504 ], [ 28.8626, 7.5954 ], [ 28.8524, 7.6564 ], [ 28.8088, 7.7319 ], [ 28.8059, 7.7581 ], [ 28.7493, 7.79 ], [ 28.7028, 7.7682 ], [ 28.6346, 7.7595 ], [ 28.6259, 7.7203 ], [ 28.5823, 7.6651 ], [ 28.5489, 7.6434 ], [ 28.4603, 7.6332 ], [ 28.3724, 7.5874 ], [ 28.5362, 7.4341 ], [ 28.4904, 7.1749 ], [ 28.4965, 6.4979 ], [ 28.7923, 6.3881 ], [ 28.899, 6.4064 ], [ 28.9875, 6.5314 ], [ 29.0027, 6.629 ], [ 28.9814, 6.7601 ], [ 28.8655, 7.0559 ], [ 29.0789, 7.4219 ], [ 29.1537, 7.4948 ] ] ] } },
{ "type": "Feature", "properties": { "iso3": "SSD", "unit_id": "24577616B27621813593834", "unit_name": "Twic" }, "geometry": { "type": "Polygon", "coordinates": [ [ [ 27.9403, 9.1305 ], [ 27.9506, 9.1085 ], [ 27.9666, 9.11 ], [ 27.9608, 9.0577 ], [ 28.0102, 9.0446 ], [ 28.0508, 9.0722 ], [ 28.0842, 9.0505 ], [ 28.0828, 9.0229 ], [ 28.1293, 8.9706 ], [ 28.1801, 8.9503 ], [ 28.2541, 8.943 ], [ 28.273, 8.9067 ], [ 28.2948, 8.9082 ], [ 28.2948, 8.9241 ], [ 28.3064, 8.9241 ], [ 28.318, 8.882 ], [ 28.3601, 8.8559 ], [ 28.3747, 8.8573 ], [ 28.3964, 8.8849 ], [ 28.4574, 8.866 ], [ 28.4516, 8.7949 ], [ 28.4589, 8.7731 ], [ 28.5315, 8.7905 ], [ 28.5286, 8.8297 ], [ 28.5794, 8.8704 ], [ 28.5867, 8.9082 ], [ 28.6201, 8.9314 ], [ 28.6085, 8.988 ], [ 28.636, 9.0113 ], [ 28.6947, 9.028 ], [ 28.7862, 9.1051 ], [ 28.8075, 9.3064 ], [ 28.7679, 9.3521 ], [ 28.0361, 9.3439 ], [ 27.9403, 9.1305 ] ] ] } },
{ "type": "Feature", "properties": { "iso3": "SSD", "unit_id": "24577616B85610942627284", "unit_name": "Abyei Region" }, "geometry": { "type": "Polygon", "coordinates": [ [ [ 28.0361, 9.3439 ], [ 28.7679, 9.3521 ], [ 28.7679, 9.4192 ], [ 28.8167, 9.4985 ], [ 29.0004, 9.6702 ], [ 29.0, 10.1667 ], [ 27.8333, 10.1667 ], [ 27.833, 9.7634 ], [ 28.0361, 9.3439 ] ] ] } },
{ "type": "Feature", "properties": { "iso3": "SSD", "unit_id": "24577616B87179675704040", "unit_name": "Jur River" }, "geometry": { "type": "Polygon", "coordinates": [ [ [ 27.2441, 8.1422 ], [ 27.285, 8.0745 ], [ 27.3579, 8.0203 ], [ 27.3975, 7.9516 ], [ 27.3725, 7.912 ], [ 27.3871, 7.8725 ], [ 27.6245, 7.8058 ], [ 27.662, 7.8496 ], [ 27.6661, 7.9245 ], [ 27.7973, 7.7954 ], [ 27.8098, 7.7558 ], [ 27.8744, 7.7371 ], [ 27.914, 7.7517 ], [ 28.0098, 7.7288 ], [ 28.0119, 7.6996 ], [ 28.0473, 7.6767 ], [ 28.016, 7.5871 ], [ 28.0493, 7.5684 ], [ 27.9973, 7.5517 ], [ 27.9973, 7.5205 ], [ 28.0431, 7.5392 ], [ 28.0639, 7.5101 ], [ 27.9994, 7.4893 ], [ 28.0056, 7.3497 ], [ 27.9535, 7.1207 ], [ 27.9869, 7.0144 ], [ 28.0931, 6.9353 ], [ 28.0931, 6.8666 ], [ 28.0368, 6.8707 ], [ 28.0535, 6.8083 ], [ 28.0324, 6.7477 ], [ 28.0483, 6.7397 ], [ 28.4941, 6.7611 ], [ 28.4904, 7.1749 ], [ 28.5362, 7.4341 ], [ 28.2953, 7.6597 ], [ 28.2892, 7.7085 ], [ 28.3136, 7.7817 ], [ 28.1521, 8.0223 ], [ 27.8622, 8.0836 ], [ 27.8775, 8.2787 ], [ 27.9171, 8.3306 ], [ 27.8993, 8.5003 ], [ 27.8074, 8.4961 ], [ 27.725, 8.3284 ], [ 27.3378, 8.1943 ], [ 27.2441, 8.1422 ] ] ] } },
{ "type": "Feature", "properties": { "iso3": "SSD", "unit_id": "24577616B38079043400502", "unit_name": "Raja" }, "geometry": { "type": "Polygon", "coordinates": [ [ [ 26.2796, 8.2126 ], [ 26.1363, 9.0694 ], [ 26.2187, 9.8958 ], [ 26.116, 9.995 ], [ 26.1179, 10.0045 ], [ 26.1141, 10.0116 ], [ 26.0761, 10.0668 ], [ 26.0613, 10.1 ], [ 26.0499, 10.1171 ], [ 26.0271, 10.139 ], [ 26.0, 10.1566 ], [ 25.9596, 10.1742 ], [ 25.9306, 10.1818 ], [ 25.9326, 10.3805 ], [ 25.9292, 10.3855 ], [ 25.9242, 10.3822 ], [ 25.9253, 10.3772 ], [ 25.922, 10.3723 ], [ 25.9109, 10.3792 ], [ 25.9083, 10.376 ], [ 25.9053, 10.3793 ], [ 25.8987, 10.378 ], [ 25.9053, 10.4003 ], [ 25.9003, 10.4018 ], [ 25.8963, 10.4105 ], [ 25.8926, 10.4097 ], [ 25.8948, 10.4033 ], [ 25.8892, 10.4064 ], [ 25.8872, 10.4008 ], [ 25.8842, 10.4015 ], [ 25.8838, 10.4057 ], [ 25.8712, 10.4011 ], [ 25.8699, 10.4039 ], [ 25.8628, 10.4023 ], [ 25.8662, 10.396 ], [ 25.8621, 10.3912 ], [ 25.8598, 10.4003 ], [ 25.8554, 10.3989 ], [ 25.8554, 10.394 ], [ 25.852, 10.396 ], [ 25.854, 10.4053 ], [ 25.8443, 10.3982 ], [ 25.8378, 10.4144 ], [ 25.8295, 10.412 ], [ 25.8214, 10.4179 ], [ 25.8198, 10.4087 ], [ 25.8052, 10.4246 ], [ 25.8026, 10.4108 ], [ 25.7971, 10.4115 ], [ 25.7941, 10.4175 ], [ 25.786, 10.4146 ], [ 25.7791, 10.4248 ], [ 25.7731, 10.4156 ], [ 25.7657, 10.4146 ], [ 25.766, 10.421 ], [ 25.7605, 10.4248 ], [ 25.7586, 10.4325 ], [ 25.7507, 10.4184 ], [ 25.7429, 10.4206 ], [ 25.7387, 10.4164 ], [ 25.7335, 10.4164 ], [ 25.7306, 10.4116 ], [ 25.7211, 10.4207 ], [ 25.7169, 10.418 ], [ 25.7121, 10.4196 ], [ 25.6994, 10.4105 ], [ 25.6919, 10.4134 ], [ 25.6911, 10.4029 ], [ 25.6772, 10.4071 ], [ 25.6745, 10.4116 ], [ 25.6677, 10.4113 ], [ 25.666, 10.4213 ], [ 25.6692, 10.4266 ], [ 25.6627, 10.4327 ], [ 25.663, 10.4252 ], [ 25.6555, 10.4261 ], [ 25.6524, 10.4206 ], [ 25.6551, 10.4175 ], [ 25.6488, 10.4163 ], [ 25.6535, 10.4061 ], [ 25.6441, 10.3985 ], [ 25.6367, 10.3986 ], [ 25.6343, 10.4065 ], [ 25.6135, 10.4019 ], [ 25.605, 10.4071 ], [ 25.5948, 10.4043 ], [ 25.5913, 10.399 ], [ 25.5848, 10.3971 ], [ 25.5846, 10.4046 ], [ 25.5815, 10.4059 ], [ 25.5737, 10.3987 ], [ 25.577, 10.3959 ], [ 25.5743, 10.389 ], [ 25.5703, 10.3919 ], [ 25.5666, 10.4044 ], [ 25.5662, 10.3975 ], [ 25.561, 10.3959 ], [ 25.5561, 10.4017 ], [ 25.5577, 10.4054 ], [ 25.5535, 10.4075 ], [ 25.5407, 10.3939 ], [ 25.5376, 10.3855 ], [ 25.5376, 10.3934 ], [ 25.5264, 10.3979 ], [ 25.5229, 10.3954 ], [ 25.5211, 10.386 ], [ 25.5164, 10.3896 ], [ 25.5117, 10.3889 ], [ 25.5097, 10.3952 ], [ 25.5057, 10.3955 ], [ 25.5055, 10.3866 ], [ 25.4998, 10.3812 ], [ 25.4986, 10.3747 ], [ 25.4718, 10.3906 ], [ 25.4721, 10.3729 ], [ 25.4652, 10.3769 ], [ 25.4571, 10.3735 ], [ 25.446, 10.38 ], [ 25.4482, 10.3894 ], [ 25.4438, 10.3961 ], [ 25.4408, 10.3956 ], [ 25.4396, 10.3827 ], [ 25.4319, 10.3828 ], [ 25.43, 10.3871 ], [ 25.4241, 10.3844 ], [ 25.4145, 10.3916 ], [ 25.4129, 10.378 ], [ 25.4044, 10.382 ], [ 25.3959, 10.3731 ], [ 25.3959, 10.3838 ], [ 25.3887, 10.3898 ], [ 25.3849, 10.3802 ], [ 25.3754, 10.371 ], [ 25.3643, 10.3696 ], [ 25.3719, 10.3745 ], [ 25.3709, 10.3801 ], [ 25.3667, 10.3824 ], [ 25.3584, 10.3765 ], [ 25.3512, 10.3782 ], [ 25.3515, 10.3702 ], [ 25.3385, 10.3784 ], [ 25.3361, 10.3733 ], [ 25.3302, 10.3714 ], [ 25.3297, 10.3652 ], [ 25.3201, 10.3649 ], [ 25.3187, 10.3573 ], [ 25.3226, 10.3531 ], [ 25.3127, 10.354 ], [ 25.3027, 10.3601 ], [ 25.3001, 10.3552 ], [ 25.2876, 10.3538 ], [ 25.2754, 10.3596 ], [ 25.277, 10.3482 ], [ 25.2731, 10.3331 ], [ 25.272, 10.3397 ], [ 25.2556, 10.3444 ], [ 25.2476, 10.3358 ], [ 25.2496, 10.3438 ], [ 25.2452, 10.3454 ], [ 25.2397, 10.3408 ], [ 25.2361, 10.3434 ], [ 25.2418, 10.3498 ], [ 25.2409, 10.355 ], [ 25.2284, 10.3491 ], [ 25.2268, 10.3569 ], [ 25.2146, 10.3595 ], [ 25.2084, 10.3547 ], [ 25.2124, 10.3456 ], [ 25.2055, 10.35 ], [ 25.2024, 10.3416 ], [ 25.1961, 10.338 ], [ 25.1966, 10.3465 ], [ 25.1908, 10.3487 ], [ 25.1927, 10.334 ], [ 25.1877, 10.3331 ], [ 25.1819, 10.3375 ], [ 25.1782, 10.3359 ], [ 25.183, 10.3216 ], [ 25.1812, 10.3182 ], [ 25.1739, 10.3211 ], [ 25.1679, 10.3306 ], [ 25.1656, 10.322 ], [ 25.1589, 10.3202 ], [ 25.155, 10.3257 ], [ 25.1468, 10.3264 ], [ 25.1473, 10.3349 ], [ 25.1431, 10.3362 ], [ 25.1373, 10.3275 ], [ 25.1237, 10.3245 ], [ 25.121, 10.3131 ], [ 25.1246, 10.3101 ], [ 25.1234, 10.3038 ], [ 25.1182, 10.3051 ], [ 25.1104, 10.3155 ], [ 25.1052, 10.3173 ], [ 25.0989, 10.317 ], [ 25.0877, 10.3085 ], [ 25.0832, 10.2996 ], [ 25.0851, 10.2885 ], [ 25.0822, 10.2778 ], [ 25.0779, 10.2748 ], [ 25.0699, 10.2775 ], [ 25.0687, 10.2698 ], [ 25.0617, 10.2692 ], [ 25.0674, 10.2614 ], [ 25.0573, 10.2572 ], [ 25.062, 10.2462 ], [ 25.0576, 10.2391 ], [ 25.0642, 10.2363 ], [ 25.0563, 10.2328 ], [ 25.0557, 10.2258 ], [ 25.0488, 10.2234 ], [ 25.0583, 10.2093 ], [ 25.0513, 10.2086 ], [ 25.0529, 10.2006 ], [ 25.0431, 10.187 ], [ 25.0552, 10.1792 ], [ 25.047, 10.1782 ], [ 25.0447, 10.1737 ], [ 25.0303, 10.1654 ], [ 25.0309, 10.1598 ], [ 25.0339, 10.1615 ], [ 25.0416, 10.1554 ], [ 25.0384, 10.1511 ], [ 25.0458, 10.1497 ], [ 25.0536, 10.1536 ], [ 25.0582, 10.1506 ], [ 25.0548, 10.1444 ], [ 25.0679, 10.136 ], [ 25.0739, 10.1265 ], [ 25.0708, 10.1142 ], [ 25.0785, 10.1124 ], [ 25.0721, 10.0992 ], [ 25.0781, 10.0868 ], [ 25.0753, 10.0839 ], [ 25.0695, 10.0872 ], [ 25.0716, 10.0797 ], [ 25.0653, 10.0832 ], [ 25.0621, 10.0735 ], [ 25.0546, 10.082 ], [ 25.0488, 10.0836 ], [ 25.0472, 10.0805 ], [ 25.0555, 10.0672 ], [ 25.0561, 10.0603 ], [ 25.0536, 10.0584 ], [ 25.0495, 10.0623 ], [ 25.0375, 10.0615 ], [ 25.0314, 10.0559 ], [ 25.0319, 10.051 ], [ 25.037, 10.0464 ], [ 25.0355, 10.0398 ], [ 25.0293, 10.0358 ], [ 25.0328, 10.0343 ], [ 25.0412, 10.0381 ], [ 25.0412, 10.0349 ], [ 25.0353, 10.0313 ], [ 25.037, 10.0265 ], [ 25.0464, 10.034 ], [ 25.0479, 10.0318 ], [ 25.0422, 10.0262 ], [ 25.0477, 10.0179 ], [ 25.0448, 10.0153 ], [ 25.0355, 10.0214 ], [ 25.0399, 10.0162 ], [ 25.038, 10.013 ], [ 25.0292, 10.0079 ], [ 25.0206, 10.0108 ], [ 25.0221, 10.0033 ], [ 25.0127, 10.0033 ], [ 25.0104, 9.9856 ], [ 25.0158, 9.9783 ], [ 25.0208, 9.9783 ], [ 25.0167, 9.9751 ], [ 25.0176, 9.9689 ], [ 25.0079, 9.9674 ], [ 24.9998, 9.9737 ], [ 24.9997, 9.9644 ], [ 24.997, 9.9635 ], [ 24.9923, 9.9688 ], [ 24.9924, 9.9617 ], [ 24.984, 9.9564 ], [ 24.987, 9.9525 ], [ 24.9818, 9.9486 ], [ 24.9882, 9.9479 ], [ 24.985, 9.9434 ], [ 24.9865, 9.9323 ], [ 24.9748, 9.931 ], [ 24.9796, 9.923 ], [ 24.9744, 9.9198 ], [ 24.9698, 9.9056 ], [ 24.9731, 9.9024 ], [ 24.9815, 9.905 ], [ 24.9829, 9.9008 ], [ 24.9762, 9.8955 ], [ 24.9607, 9.9016 ], [ 24.9565, 9.8963 ], [ 24.9491, 9.8971 ], [ 24.9575, 9.8888 ], [ 24.9518, 9.8865 ], [ 24.9438, 9.8898 ], [ 24.9458, 9.8813 ], [ 24.9399, 9.8788 ], [ 24.9443, 9.8752 ], [ 24.9417, 9.8709 ], [ 24.9275, 9.873 ], [ 24.9245, 9.8698 ], [ 24.9268, 9.8637 ], [ 24.923, 9.8657 ], [ 24.9199, 9.8622 ], [ 24.9095, 9.8609 ], [ 24.9093, 9.8565 ], [ 24.9146, 9.8562 ], [ 24.9133, 9.8516 ], [ 24.9078, 9.8527 ], [ 24.9028, 9.8617 ], [ 24.9009, 9.8586 ], [ 24.9035, 9.8557 ], [ 24.8925, 9.8462 ], [ 24.8973, 9.8412 ], [ 24.8898, 9.8449 ], [ 24.8853, 9.8413 ], [ 24.8805, 9.8451 ], [ 24.8736, 9.8379 ], [ 24.8725, 9.8331 ], [ 24.8773, 9.831 ], [ 24.8755, 9.8271 ], [ 24.867, 9.83 ], [ 24.8623, 9.8269 ], [ 24.8646, 9.821 ], [ 24.8583, 9.8243 ], [ 24.8566, 9.8185 ], [ 24.8483, 9.8155 ], [ 24.8426, 9.8169 ], [ 24.8372, 9.809 ], [ 24.8385, 9.8033 ], [ 24.8338, 9.8019 ], [ 24.8296, 9.7851 ], [ 24.8229, 9.7845 ], [ 24.8185, 9.7773 ], [ 24.8078, 9.781 ], [ 24.8046, 9.7762 ], [ 24.8059, 9.7658 ], [ 24.8008, 9.7671 ], [ 24.7992, 9.762 ], [ 24.7932, 9.765 ], [ 24.7931, 9.7582 ], [ 24.7875, 9.7502 ], [ 24.7774, 9.7549 ], [ 24.7663, 9.7408 ], [ 24.7636, 9.7449 ], [ 24.7518, 9.7473 ], [ 24.7552, 9.7344 ], [ 24.7466, 9.7259 ], [ 24.7407, 9.7298 ], [ 24.7358, 9.7186 ], [ 24.7415, 9.7115 ], [ 24.7402, 9.7043 ], [ 24.7448, 9.707 ], [ 24.7467, 9.7026 ], [ 24.7505, 9.702 ], [ 24.7453, 9.6926 ], [ 24.7508, 9.6862 ], [ 24.7494, 9.6742 ], [ 24.7474, 9.6694 ], [ 24.739, 9.6658 ], [ 24.7441, 9.6633 ], [ 24.7418, 9.6548 ], [ 24.7523, 9.6539 ], [ 24.7568, 9.6392 ], [ 24.751, 9.6358 ], [ 24.7546, 9.6335 ], [ 24.7527, 9.63 ], [ 24.7559, 9.6137 ], [ 24.7512, 9.5891 ], [ 24.7402, 9.5914 ], [ 24.7421, 9.582 ], [ 24.7249, 9.5769 ], [ 24.7289, 9.5717 ], [ 24.7264, 9.5659 ], [ 24.7246, 9.5683 ], [ 24.7221, 9.5666 ], [ 24.7252, 9.5649 ], [ 24.7241, 9.5589 ], [ 24.716, 9.5587 ], [ 24.7206, 9.5562 ], [ 24.7203, 9.5467 ], [ 24.716, 9.5462 ], [ 24.7165, 9.5409 ], [ 24.7132, 9.542 ], [ 24.7124, 9.5391 ], [ 24.715, 9.5399 ], [ 24.7121, 9.5326 ], [ 24.7068, 9.5293 ], [ 24.709, 9.5256 ], [ 24.7002, 9.5244 ], [ 24.7009, 9.5152 ], [ 24.6966, 9.5123 ], [ 24.7001, 9.5076 ], [ 24.6903, 9.508 ], [ 24.6995, 9.5053 ], [ 24.6951, 9.501 ], [ 24.6977, 9.4981 ], [ 24.6941, 9.4948 ], [ 24.6973, 9.4921 ], [ 24.6893, 9.4896 ], [ 24.6861, 9.4818 ], [ 24.6803, 9.4799 ], [ 24.6825, 9.4743 ], [ 24.6767, 9.4751 ], [ 24.6766, 9.4712 ], [ 24.6789, 9.4728 ], [ 24.6828, 9.4694 ], [ 24.679, 9.4682 ], [ 24.6796, 9.4646 ], [ 24.6715, 9.4649 ], [ 24.6713, 9.4598 ], [ 24.6636, 9.458 ], [ 24.6625, 9.4521 ], [ 24.6678, 9.4524 ], [ 24.6687, 9.4492 ], [ 24.6622, 9.4419 ], [ 24.6616, 9.4329 ], [ 24.6669, 9.4302 ], [ 24.6689, 9.4204 ], [ 24.6402, 9.3955 ], [ 24.6365, 9.3881 ], [ 24.6273, 9.384 ], [ 24.6139, 9.3715 ], [ 24.6124, 9.365 ], [ 24.6166, 9.3602 ], [ 24.6117, 9.3589 ], [ 24.6097, 9.3547 ], [ 24.6124, 9.3519 ], [ 24.6089, 9.3323 ], [ 24.6104, 9.3173 ], [ 24.5928, 9.3086 ], [ 24.5915, 9.3056 ], [ 24.5958, 9.302 ], [ 24.5916, 9.2938 ], [ 24.5833, 9.2929 ], [ 24.5766, 9.2861 ], [ 24.5779, 9.2825 ], [ 24.5706, 9.273 ], [ 24.5711, 9.2674 ], [ 24.5664, 9.2588 ], [ 24.5685, 9.2527 ], [ 24.5601, 9.2432 ], [ 24.5599, 9.2364 ], [ 24.5549, 9.2297 ], [ 24.5557, 9.2181 ], [ 24.5651, 9.1991 ], [ 24.5708, 9.156 ], [ 24.5543, 9.1268 ], [ 24.5532, 9.117 ], [ 24.5486, 9.1151 ], [ 24.5411, 9.093 ], [ 24.5463, 9.0875 ], [ 24.5414, 9.069 ], [ 24.5497, 9.0317 ], [ 24.5464, 9.019 ], [ 24.548, 8.9847 ], [ 24.5582, 8.9791 ], [ 24.5614, 8.9697 ], [ 24.5668, 8.9688 ], [ 24.5715, 8.9567 ], [ 24.5769, 8.9527 ], [ 24.5749, 8.9486 ], [ 24.5779, 8.9237 ], [ 24.5734, 8.9094 ], [ 24.5605, 8.9074 ], [ 24.5554, 8.896 ], [ 24.5388, 8.8791 ], [ 24.5225, 8.8712 ], [ 24.5032, 8.8684 ], [ 24.442, 8.842 ], [ 24.445, 8.8324 ], [ 24.4572, 8.8215 ], [ 24.4568, 8.8 ], [ 24.4494, 8.7943 ], [ 24.4421, 8.7971 ], [ 24.434, 8.8093 ], [ 24.4239, 8.8081 ], [ 24.4081, 8.7983 ], [ 24.4048, 8.7914 ], [ 24.402, 8.7476 ], [ 24.3963, 8.7399 ], [ 24.3618, 8.7269 ], [ 24.3216, 8.7346 ], [ 24.3077, 8.7196 ], [ 24.2724, 8.7078 ], [ 24.2618, 8.6972 ], [ 24.2231, 8.6407 ], [ 24.2243, 8.6267 ], [ 24.2448, 8.6096 ], [ 24.2584, 8.5767 ], [ 24.2417, 8.5663 ], [ 24.2332, 8.5646 ], [ 24.2318, 8.5503 ], [ 24.2286, 8.5475 ], [ 24.2165, 8.5454 ], [ 24.2154, 8.5354 ], [ 24.2083, 8.5329 ], [ 24.2065, 8.529 ], [ 24.209, 8.5191 ], [ 24.2048, 8.5116 ], [ 24.2051, 8.5045 ], [ 24.2001, 8.5034 ], [ 24.1909, 8.4917 ], [ 24.1735, 8.4882 ], [ 24.165, 8.4828 ], [ 24.1632, 8.4782 ], [ 24.1692, 8.4704 ], [ 24.166, 8.4459 ], [ 24.1678, 8.4245 ], [ 24.1618, 8.4181 ], [ 24.1564, 8.4025 ], [ 24.1507, 8.3997 ], [ 24.1546, 8.3869 ], [ 24.1522, 8.3826 ], [ 24.1546, 8.3737 ], [ 24.1671, 8.3619 ], [ 24.1802, 8.3405 ], [ 24.1795, 8.3263 ], [ 24.1859, 8.3256 ], [ 24.1884, 8.3295 ], [ 24.2076, 8.3146 ], [ 24.2123, 8.3166 ], [ 24.2312, 8.2884 ], [ 24.2384, 8.2877 ], [ 24.2422, 8.2929 ], [ 24.2463, 8.2919 ], [ 24.2569, 8.2802 ], [ 24.2627, 8.2833 ], [ 24.272, 8.274 ], [ 24.2854, 8.2723 ], [ 24.3019, 8.2651 ], [ 24.3146, 8.2661 ], [ 24.3225, 8.2719 ], [ 24.3386, 8.2682 ], [ 24.3403, 8.2634 ], [ 24.3499, 8.2575 ], [ 24.3554, 8.2462 ], [ 24.3671, 8.2476 ], [ 24.3729, 8.2534 ], [ 24.3818, 8.2524 ], [ 24.3829, 8.2603 ], [ 24.3928, 8.2713 ], [ 24.4107, 8.2733 ], [ 24.4175, 8.2792 ], [ 24.4237, 8.2795 ], [ 24.445, 8.2771 ], [ 24.4481, 8.2723 ], [ 24.4532, 8.2802 ], [ 24.4573, 8.2812 ], [ 24.4597, 8.2754 ], [ 24.4676, 8.2716 ], [ 24.482, 8.2719 ], [ 24.4941, 8.2393 ], [ 24.4992, 8.2359 ], [ 24.505, 8.2383 ], [ 24.5129, 8.2366 ], [ 24.5133, 8.2208 ], [ 24.5153, 8.2184 ], [ 24.5297, 8.2191 ], [ 24.538, 8.2069 ], [ 24.5493, 8.2107 ], [ 24.5579, 8.2021 ], [ 24.5661, 8.2011 ], [ 24.5823, 8.2114 ], [ 24.5932, 8.2117 ], [ 24.6083, 8.2254 ], [ 24.6272, 8.2162 ], [ 24.6344, 8.2254 ], [ 24.6526, 8.2179 ], [ 24.667, 8.2217 ], [ 24.6742, 8.2193 ], [ 24.6831, 8.2076 ], [ 24.6969, 8.2045 ], [ 24.7219, 8.2117 ], [ 24.7302, 8.2097 ], [ 24.7442, 8.2018 ], [ 24.7508, 8.1836 ], [ 24.771, 8.1891 ], [ 24.7796, 8.1832 ], [ 24.7875, 8.1825 ], [ 24.7974, 8.1949 ], [ 24.8033, 8.1952 ], [ 24.817, 8.1853 ], [ 24.8355, 8.1839 ], [ 24.8393, 8.1747 ], [ 24.8434, 8.1723 ], [ 24.8558, 8.1798 ], [ 24.8589, 8.1784 ], [ 24.8606, 8.1678 ], [ 24.8678, 8.1599 ], [ 24.8667, 8.153 ], [ 24.8757, 8.1441 ], [ 24.8815, 8.1462 ], [ 24.8822, 8.1287 ], [ 24.8893, 8.1151 ], [ 24.8833, 8.0977 ], [ 24.8905, 8.0838 ], [ 24.9006, 8.0759 ], [ 24.8995, 8.0623 ], [ 24.904, 8.0514 ], [ 24.9018, 8.0453 ], [ 24.9078, 8.0419 ], [ 24.9078, 8.037 ], [ 24.9218, 8.0344 ], [ 24.9323, 8.0378 ], [ 24.9417, 8.0363 ], [ 24.9421, 8.0306 ], [ 24.9564, 8.0167 ], [ 24.9542, 8.0042 ], [ 24.9606, 8.0008 ], [ 24.9617, 7.9839 ], [ 24.9847, 7.9718 ], [ 24.987, 7.9658 ], [ 24.9975, 7.9677 ], [ 25.0096, 7.956 ], [ 25.0258, 7.9545 ], [ 25.0477, 7.9379 ], [ 25.056, 7.9254 ], [ 25.0665, 7.9192 ], [ 25.0718, 7.9083 ], [ 25.082, 7.8985 ], [ 25.1076, 7.8992 ], [ 25.111, 7.9068 ], [ 25.1227, 7.9056 ], [ 25.1257, 7.9102 ], [ 25.1393, 7.9056 ], [ 25.1462, 7.9124 ], [ 25.1536, 7.9051 ], [ 25.1635, 7.9125 ], [ 25.1749, 7.9125 ], [ 25.1801, 7.9029 ], [ 25.1956, 7.8944 ], [ 25.2011, 7.8807 ], [ 25.2111, 7.8793 ], [ 25.2159, 7.8822 ], [ 25.2207, 7.8796 ], [ 25.2207, 7.8741 ], [ 25.2388, 7.8556 ], [ 25.2384, 7.8479 ], [ 25.2425, 7.8457 ], [ 25.2484, 7.8301 ], [ 25.2551, 7.8228 ], [ 25.2562, 7.8139 ], [ 25.2654, 7.8095 ], [ 25.2661, 7.7951 ], [ 25.2757, 7.8065 ], [ 25.285, 7.8043 ], [ 25.2861, 7.7892 ], [ 25.2824, 7.7829 ], [ 25.285, 7.7733 ], [ 25.2839, 7.7493 ], [ 25.2765, 7.7386 ], [ 25.2809, 7.7219 ], [ 25.2787, 7.7112 ], [ 25.285, 7.6965 ], [ 25.2954, 7.6834 ], [ 25.2966, 7.6764 ], [ 25.2832, 7.6697 ], [ 25.2857, 7.6503 ], [ 25.2762, 7.6427 ], [ 25.2613, 7.6421 ], [ 25.2491, 7.6344 ], [ 25.2361, 7.6378 ], [ 25.2245, 7.632 ], [ 25.2254, 7.6201 ], [ 25.2138, 7.6195 ], [ 25.202, 7.611 ], [ 25.202, 7.6061 ], [ 25.1855, 7.6052 ], [ 25.1782, 7.5882 ], [ 25.1667, 7.5864 ], [ 25.1715, 7.5757 ], [ 25.1831, 7.5674 ], [ 25.1795, 7.5634 ], [ 25.1956, 7.5442 ], [ 25.1968, 7.5403 ], [ 25.1883, 7.5336 ], [ 25.1871, 7.5275 ], [ 25.1986, 7.5086 ], [ 25.1959, 7.4937 ], [ 25.2032, 7.4942 ], [ 25.2099, 7.4891 ], [ 25.2195, 7.4916 ], [ 25.2398, 7.4803 ], [ 25.2676, 7.483 ], [ 25.2738, 7.4763 ], [ 25.285, 7.4723 ], [ 25.2848, 7.4613 ], [ 25.3003, 7.4421 ], [ 25.3083, 7.4386 ], [ 25.3096, 7.4306 ], [ 25.3147, 7.4266 ], [ 25.3214, 7.429 ], [ 25.3377, 7.4254 ], [ 25.3358, 7.409 ], [ 25.3452, 7.3909 ], [ 25.3447, 7.3753 ], [ 25.3524, 7.3713 ], [ 25.3551, 7.3649 ], [ 25.354, 7.3534 ], [ 25.3653, 7.3428 ], [ 25.3792, 7.3418 ], [ 25.3909, 7.3316 ], [ 25.3955, 7.3348 ], [ 25.3976, 7.3463 ], [ 25.4038, 7.3436 ], [ 25.4107, 7.3471 ], [ 25.4155, 7.3319 ], [ 25.423, 7.3276 ], [ 25.4257, 7.3209 ], [ 25.4343, 7.3198 ], [ 25.4381, 7.3115 ], [ 25.4536, 7.307 ], [ 25.4571, 7.288 ], [ 25.4651, 7.2838 ], [ 25.4743, 7.284 ], [ 25.4809, 7.2713 ], [ 25.4896, 7.2715 ], [ 25.4957, 7.2755 ], [ 25.5081, 7.2647 ], [ 25.5168, 7.2743 ], [ 25.541, 7.2774 ], [ 25.5479, 7.2579 ], [ 25.5681, 7.2581 ], [ 25.573, 7.2515 ], [ 25.5728, 7.241 ], [ 25.5843, 7.2367 ], [ 25.5885, 7.2431 ], [ 25.5975, 7.2356 ], [ 25.5996, 7.2224 ], [ 25.609, 7.2193 ], [ 25.6113, 7.2151 ], [ 25.6179, 7.2156 ], [ 25.6217, 7.2226 ], [ 25.6358, 7.2114 ], [ 25.6391, 7.2106 ], [ 25.6452, 7.2168 ], [ 25.6504, 7.2156 ], [ 25.6515, 7.2076 ], [ 25.6593, 7.1965 ], [ 25.6844, 7.1921 ], [ 25.6985, 7.1967 ], [ 25.7035, 7.1952 ], [ 25.7129, 7.1891 ], [ 25.7191, 7.1745 ], [ 25.7229, 7.1738 ], [ 25.7339, 7.1821 ], [ 25.7543, 7.1829 ], [ 25.7596, 7.1787 ], [ 25.7623, 7.164 ], [ 25.7698, 7.164 ], [ 25.8016, 7.153 ], [ 25.8205, 7.1571 ], [ 25.8285, 7.1454 ], [ 25.8198, 7.131 ], [ 25.8198, 7.1257 ], [ 25.8372, 7.1072 ], [ 25.8534, 7.1042 ], [ 25.8686, 7.1095 ], [ 25.8712, 7.1049 ], [ 25.8954, 7.0966 ], [ 25.8962, 7.0917 ], [ 25.9079, 7.0838 ], [ 25.8996, 7.0724 ], [ 25.9019, 7.066 ], [ 25.9242, 7.0641 ], [ 25.9348, 7.059 ], [ 25.9374, 7.0416 ], [ 25.9798, 7.0408 ], [ 25.9855, 7.0382 ], [ 25.9858, 7.0204 ], [ 25.9953, 7.0117 ], [ 26.0108, 7.0113 ], [ 26.0169, 6.9984 ], [ 26.0218, 6.9962 ], [ 26.0282, 7.0056 ], [ 26.0399, 7.006 ], [ 26.049, 6.9882 ], [ 26.0418, 6.9705 ], [ 26.043, 6.9595 ], [ 26.0524, 6.9461 ], [ 26.0475, 6.9389 ], [ 26.0381, 6.9355 ], [ 26.0381, 6.9268 ], [ 26.0452, 6.9207 ], [ 26.0486, 6.9249 ], [ 26.0615, 6.9234 ], [ 26.0555, 6.9196 ], [ 26.057, 6.9067 ], [ 26.0623, 6.9025 ], [ 26.0861, 6.9029 ], [ 26.0903, 6.8961 ], [ 26.0819, 6.8855 ], [ 26.0816, 6.8553 ], [ 26.085, 6.8394 ], [ 26.0899, 6.8341 ], [ 26.0982, 6.8345 ], [ 26.0982, 6.8242 ], [ 26.1069, 6.8136 ], [ 26.1243, 6.8171 ], [ 26.1311, 6.811 ], [ 26.1421, 6.822 ], [ 26.1523, 6.8201 ], [ 26.1599, 6.8136 ], [ 26.1716, 6.8121 ], [ 26.1784, 6.8027 ], [ 26.1784, 6.7985 ], [ 26.1712, 6.7928 ], [ 26.1735, 6.7811 ], [ 26.1863, 6.7773 ], [ 26.1916, 6.7671 ], [ 26.2011, 6.7596 ], [ 26.2019, 6.7509 ], [ 26.2056, 6.7474 ], [ 26.237, 6.7416 ], [ 26.2525, 6.7439 ], [ 26.2658, 6.7382 ], [ 26.2567, 6.7317 ], [ 26.2529, 6.7136 ], [ 26.2567, 6.7087 ], [ 26.2677, 6.7038 ], [ 26.3032, 6.7079 ], [ 26.3316, 6.7022 ], [ 26.3331, 6.6962 ], [ 26.3411, 6.6913 ], [ 26.363, 6.6939 ], [ 26.3619, 6.6822 ], [ 26.3819, 6.6788 ], [ 26.3857, 6.675 ], [ 26.3861, 6.6637 ], [ 26.4008, 6.6595 ], [ 26.4156, 6.6523 ], [ 26.4155, 6.6498 ], [ 26.4563, 6.6538 ], [ 26.4478, 6.6729 ], [ 26.4707, 6.7104 ], [ 26.4458, 6.827 ], [ 26.4728, 6.9061 ], [ 26.5145, 6.9624 ], [ 26.5228, 7.0332 ], [ 26.6103, 7.179 ], [ 26.6561, 7.2019 ], [ 26.7269, 7.2935 ], [ 26.7561, 7.4893 ], [ 26.8227, 7.6475 ], [ 26.8768, 7.6892 ], [ 26.929, 7.9669 ], [ 26.795, 7.8924 ], [ 26.2796, 8.2126 ] ] ] } },
{ "type": "Feature", "properties": { "iso3": "SSD", "unit_id": "24577616B83754649643048", "unit_name": "Wau" }, "geometry": { "type": "Polygon", "coordinates": [ [ [ 26.929, 7.9669 ], [ 26.8768, 7.6892 ], [ 26.8227, 7.6475 ], [ 26.7561, 7.4893 ], [ 26.7269, 7.2935 ], [ 26.6561, 7.2019 ], [ 26.6103, 7.179 ], [ 26.5228, 7.0332 ], [ 26.5145, 6.9624 ], [ 26.4728, 6.9061 ], [ 26.4458, 6.827 ], [ 26.4707, 6.7104 ], [ 26.4478, 6.6729 ], [ 26.4563, 6.6538 ], [ 27.9324, 6.7977 ], [ 28.0324, 6.7477 ], [ 28.0535, 6.8083 ], [ 28.0368, 6.8707 ], [ 28.0931, 6.8666 ], [ 28.0931, 6.9353 ], [ 27.9869, 7.0144 ], [ 27.9535, 7.1207 ], [ 28.0056, 7.3497 ], [ 27.9994, 7.4893 ], [ 28.0639, 7.5101 ], [ 28.0431, 7.5392 ], [ 27.9973, 7.5205 ], [ 27.9973, 7.5517 ], [ 28.0493, 7.5684 ], [ 28.016, 7.5871 ], [ 28.0473, 7.6767 ], [ 28.0119, 7.6996 ], [ 28.0098, 7.7288 ], [ 27.914, 7.7517 ], [ 27.8744, 7.7371 ], [ 27.8098, 7.7558 ], [ 27.7973, 7.7954 ], [ 27.6661, 7.9245 ], [ 27.662, 7.8496 ], [ 27.6245, 7.8058 ], [ 27.3871, 7.8725 ], [ 27.3725, 7.912 ], [ 27.3975, 7.9516 ], [ 27.3579, 8.0203 ], [ 27.285, 8.0745 ], [ 27.2441, 8.1422 ], [ 26.929, 7.9669 ] ] ] } },
{ "type": "Feature", "properties": { "iso3": "SSD", "unit_id": "24577616B39428304837001", "unit_name": "Ezo" }, "geometry": { "type": "Polygon", "coordinates": [ [ [ 28.4965, 6.4979 ], [ 28.4963, 6.5185 ], [ 28.417, 6.4983 ], [ 28.3205, 6.3793 ], [ 28.0691, 6.2491 ], [ 27.793, 6.1504 ], [ 27.8626, 6.009 ], [ 27.82, 5.9484 ], [ 27.8626, 5.89 ], [ 27.8536, 5.8003 ], [ 27.9681, 5.6611 ], [ 27.894, 5.4636 ], [ 27.6875, 5.4322 ], [ 27.4788, 5.3491 ], [ 27.2577, 5.347 ], [ 27.2563, 5.3418 ], [ 27.2595, 5.3348 ], [ 27.2849, 5.3067 ], [ 27.2912, 5.2862 ], [ 27.3007, 5.2812 ], [ 27.3037, 5.2657 ], [ 27.3343, 5.2137 ], [ 27.3551, 5.2054 ], [ 27.3653, 5.1932 ], [ 27.3782, 5.1905 ], [ 27.4006, 5.1756 ], [ 27.4076, 5.169 ], [ 27.4164, 5.1462 ], [ 27.4168, 5.13 ], [ 27.425, 5.1204 ], [ 27.457, 5.0969 ], [ 27.4616, 5.0866 ], [ 27.4606, 5.0793 ], [ 27.4557, 5.0735 ], [ 27.4583, 5.0572 ], [ 27.4429, 5.0204 ], [ 27.4642, 5.0019 ], [ 27.4833, 5.0029 ], [ 27.482, 4.9861 ], [ 27.4882, 4.9698 ], [ 27.5238, 4.9397 ], [ 27.538, 4.9146 ], [ 27.5587, 4.897 ], [ 27.5881, 4.8954 ], [ 27.6009, 4.8907 ], [ 27.6448, 4.891 ], [ 27.6791, 4.8761 ], [ 27.6824, 4.8576 ], [ 27.6941, 4.8476 ], [ 27.7034, 4.834 ], [ 27.7044, 4.8239 ], [ 27.6962, 4.8069 ], [ 27.6985, 4.7997 ], [ 27.7074, 4.79 ], [ 27.7156, 4.7851 ], [ 27.7248, 4.7851 ], [ 27.7443, 4.7933 ], [ 27.7604, 4.7883 ], [ 27.7808, 4.7367 ], [ 27.7748, 4.7106 ], [ 27.7656, 4.7053 ], [ 27.762, 4.6961 ], [ 27.7658, 4.688 ], [ 27.7687, 4.6868 ], [ 27.9434, 4.8553 ], [ 28.0601, 4.88 ], [ 28.0983, 4.9204 ], [ 28.1993, 4.9833 ], [ 28.2217, 5.1045 ], [ 28.1768, 5.1381 ], [ 28.1813, 5.2032 ], [ 28.1364, 5.21 ], [ 28.1095, 5.3603 ], [ 28.0579, 5.3805 ], [ 28.0803, 5.4052 ], [ 28.0556, 5.4187 ], [ 28.0871, 5.4479 ], [ 28.0287, 5.4838 ], [ 28.0601, 5.5085 ], [ 28.0332, 5.6364 ], [ 28.0691, 5.697 ], [ 28.0354, 5.8115 ], [ 28.0377, 5.8451 ], [ 28.1028, 5.8766 ], [ 28.1028, 5.9461 ], [ 28.1544, 6.0314 ], [ 28.2307, 6.101 ], [ 28.2307, 6.1392 ], [ 28.3564, 6.2536 ], [ 28.4417, 6.2447 ], [ 28.4934, 6.2747 ], [ 28.463, 6.2976 ], [ 28.4996, 6.3677 ], [ 28.466, 6.4866 ], [ 28.4965, 6.4979 ] ] ] } },
{ "type": "Feature", "properties": { "iso3": "SSD", "unit_id": "24577616B62115879614487", "unit_name": "Ibba" }, "geometry": { "type": "Polygon", "coordinates": [ [ [ 28.8967, 5.7761 ], [ 28.8838, 5.7237 ], [ 28.7815, 5.6016 ], [ 28.6504, 5.5047 ], [ 28.6378, 5.4257 ], [ 28.6109, 5.3808 ], [ 28.593, 5.2066 ], [ 28.6989, 5.0145 ], [ 28.7797, 4.9965 ], [ 28.8767, 4.8816 ], [ 28.8695, 4.8241 ], [ 28.8641, 4.7164 ], [ 28.9233, 4.6625 ], [ 28.9251, 4.6069 ], [ 28.909, 4.5782 ], [ 28.9305, 4.5548 ], [ 28.9411, 4.4774 ], [ 28.958, 4.4839 ], [ 28.9604, 4.4884 ], [ 28.9676, 4.4829 ], [ 28.9858, 4.4849 ], [ 28.9958, 4.4822 ], [ 28.9982, 4.497 ], [ 29.002, 4.4976 ], [ 29.0364, 4.4928 ], [ 29.0426, 4.4801 ], [ 29.0429, 4.4698 ], [ 29.047, 4.467 ], [ 29.0584, 4.4643 ], [ 29.0656, 4.4581 ], [ 29.0749, 4.4639 ], [ 29.0852, 4.4626 ], [ 29.0787, 4.4385 ], [ 29.0797, 4.4326 ], [ 29.1248, 4.44 ], [ 29.127, 4.4332 ], [ 29.137, 4.4345 ], [ 29.1373, 4.4155 ], [ 29.1509, 4.41 ], [ 29.1528, 4.3993 ], [ 29.1576, 4.3935 ], [ 29.1699, 4.3942 ], [ 29.1718, 4.3852 ], [ 29.1812, 4.3777 ], [ 29.187, 4.3771 ], [ 29.1915, 4.3703 ], [ 29.2005, 4.3677 ], [ 29.1999, 4.351 ], [ 29.2076, 4.3487 ], [ 29.2099, 4.3432 ], [ 29.226, 4.3403 ], [ 29.2295, 4.3474 ], [ 29.2527, 4.3529 ], [ 29.2589, 4.3613 ], [ 29.2553, 4.3639 ], [ 29.256, 4.3674 ], [ 29.2611, 4.3735 ], [ 29.2563, 4.3797 ], [ 29.2566, 4.3881 ], [ 29.2637, 4.39 ], [ 29.2692, 4.3977 ], [ 29.2756, 4.3971 ], [ 29.2769, 4.3897 ], [ 29.2818, 4.3871 ], [ 29.2863, 4.3871 ], [ 29.295, 4.3955 ], [ 29.2989, 4.3942 ], [ 29.3014, 4.3845 ], [ 29.3056, 4.3816 ], [ 29.3121, 4.389 ], [ 29.3195, 4.3868 ], [ 29.3462, 4.3981 ], [ 29.3482, 4.4158 ], [ 29.3546, 4.429 ], [ 29.3527, 4.4409 ], [ 29.3553, 4.4513 ], [ 29.364, 4.4577 ], [ 29.3653, 4.4709 ], [ 29.3849, 4.4712 ], [ 29.3953, 4.4761 ], [ 29.4036, 4.4748 ], [ 29.4198, 4.492 ], [ 29.4201, 4.4972 ], [ 29.4278, 4.4991 ], [ 29.4391, 4.5143 ], [ 29.4449, 4.5143 ], [ 29.4481, 4.5236 ], [ 29.4481, 4.5488 ], [ 29.4436, 4.5597 ], [ 29.462, 4.5833 ], [ 29.4694, 4.5842 ], [ 29.4297, 4.641 ], [ 29.4333, 4.7092 ], [ 29.4117, 4.711 ], [ 29.3668, 4.7828 ], [ 29.3974, 4.8277 ], [ 29.3794, 4.8654 ], [ 29.392, 4.9319 ], [ 29.3597, 4.9732 ], [ 29.3938, 5.0109 ], [ 29.3561, 5.0863 ], [ 29.374, 5.106 ], [ 29.3848, 5.1958 ], [ 29.3722, 5.3 ], [ 29.3345, 5.352 ], [ 29.3148, 5.4346 ], [ 29.3543, 5.5172 ], [ 29.3184, 5.6088 ], [ 29.3359, 5.6922 ], [ 29.0149, 5.7151 ], [ 28.8967, 5.7761 ] ] ] } },
{ "type": "Feature", "properties": { "iso3": "SSD", "unit_id": "24577616B64964420593646", "unit_name": "Maridi" }, "geometry": { "type": "Polygon", "coordinates": [ [ [ 30.2053, 4.7093 ], [ 30.1389, 4.7679 ], [ 30.1432, 4.8355 ], [ 30.0887, 4.9116 ], [ 30.1073, 4.9202 ], [ 30.0585, 5.0897 ], [ 30.0154, 5.1213 ], [ 29.9378, 5.2305 ], [ 29.7971, 5.242 ], [ 29.7698, 5.4 ], [ 29.8186, 5.4747 ], [ 29.8071, 5.6126 ], [ 29.8439, 5.6516 ], [ 29.6175, 5.6758 ], [ 29.577, 5.7103 ], [ 29.5699, 5.6755 ], [ 29.3359, 5.6922 ], [ 29.3184, 5.6088 ], [ 29.3543, 5.5172 ], [ 29.3148, 5.4346 ], [ 29.3345, 5.352 ], [ 29.3722, 5.3 ], [ 29.3848, 5.1958 ], [ 29.374, 5.106 ], [ 29.3561, 5.0863 ], [ 29.3938, 5.0109 ], [ 29.3597, 4.9732 ], [ 29.392, 4.9319 ], [ 29.3794, 4.8654 ], [ 29.3974, 4.8277 ], [ 29.3668, 4.7828 ], [ 29.4117, 4.711 ], [ 29.4333, 4.7092 ], [ 29.4297, 4.641 ], [ 29.4694, 4.5842 ], [ 29.4724, 4.5839 ], [ 29.4731, 4.5909 ], [ 29.4776, 4.5957 ], [ 29.4723, 4.6082 ], [ 29.4733, 4.6211 ], [ 29.4698, 4.6286 ], [ 29.4734, 4.6331 ], [ 29.4693, 4.6377 ], [ 29.4698, 4.6542 ], [ 29.4641, 4.6633 ], [ 29.465, 4.6698 ], [ 29.4693, 4.6728 ], [ 29.4748, 4.6677 ], [ 29.4846, 4.6721 ], [ 29.4841, 4.6897 ], [ 29.4932, 4.6989 ], [ 29.5022, 4.6957 ], [ 29.5032, 4.6912 ], [ 29.5112, 4.6906 ], [ 29.5122, 4.6763 ], [ 29.5165, 4.6763 ], [ 29.5231, 4.6635 ], [ 29.5334, 4.6568 ], [ 29.555, 4.6708 ], [ 29.5653, 4.6629 ], [ 29.5803, 4.6635 ], [ 29.5867, 4.6569 ], [ 29.5969, 4.6552 ], [ 29.5977, 4.6515 ], [ 29.6189, 4.66 ], [ 29.631, 4.6525 ], [ 29.6403, 4.6519 ], [ 29.6449, 4.6473 ], [ 29.6576, 4.6444 ], [ 29.6584, 4.6372 ], [ 29.663, 4.633 ], [ 29.6771, 4.6338 ], [ 29.6837, 4.6207 ], [ 29.7091, 4.6173 ], [ 29.7066, 4.6091 ], [ 29.7132, 4.5994 ], [ 29.7247, 4.5938 ], [ 29.7292, 4.5847 ], [ 29.7346, 4.5828 ], [ 29.7434, 4.5708 ], [ 29.7515, 4.5714 ], [ 29.7646, 4.589 ], [ 29.7718, 4.5863 ], [ 29.7716, 4.5807 ], [ 29.7816, 4.5762 ], [ 29.781, 4.5714 ], [ 29.7978, 4.5595 ], [ 29.9548, 4.6508 ], [ 30.0784, 4.6475 ], [ 30.2053, 4.7093 ] ] ] } },
{ "type": "Feature", "properties": { "iso3": "SSD", "unit_id": "24577616B17417444010958", "unit_name": "Mundri East" }, "geometry": { "type": "Polygon", "coordinates": [ [ [ 30.9242, 5.3852 ], [ 30.9957, 5.3859 ], [ 31.0185, 5.5745 ], [ 30.6542, 5.7436 ], [ 30.5946, 5.8011 ], [ 30.34, 5.6672 ], [ 30.4779, 5.6226 ], [ 30.5799, 5.4919 ], [ 30.4133, 5.4589 ], [ 30.4392, 5.3669 ], [ 30.4018, 5.2721 ], [ 30.4392, 5.2276 ], [ 30.4162, 5.0911 ], [ 30.4966, 4.9145 ], [ 30.4837, 4.8757 ], [ 30.5124, 4.8671 ], [ 30.5373, 4.8004 ], [ 30.703, 4.8492 ], [ 30.8038, 4.9305 ], [ 30.8623, 4.9305 ], [ 30.9111, 5.0346 ], [ 30.8916, 5.0834 ], [ 30.9046, 5.1517 ], [ 30.9371, 5.1517 ], [ 30.9632, 5.207 ], [ 30.9306, 5.2557 ], [ 30.9242, 5.3852 ] ] ] } },
{ "type": "Feature", "properties": { "iso3": "SSD", "unit_id": "24577616B76014968157808", "unit_name": "Mundri West" }, "geometry": { "type": "Polygon", "coordinates": [ [ [ 30.5373, 4.8004 ], [ 30.5124, 4.8671 ], [ 30.4837, 4.8757 ], [ 30.4966, 4.9145 ], [ 30.4162, 5.0911 ], [ 30.4392, 5.2276 ], [ 30.4018, 5.2721 ], [ 30.4392, 5.3669 ], [ 30.4133, 5.4589 ], [ 30.5799, 5.4919 ], [ 30.4779, 5.6226 ], [ 30.261, 5.6959 ], [ 30.2524, 5.6672 ], [ 30.2797, 5.6126 ], [ 30.1576, 5.6327 ], [ 30.0484, 5.5939 ], [ 30.0456, 5.5379 ], [ 29.945, 5.558 ], [ 29.8439, 5.6516 ], [ 29.8071, 5.6126 ], [ 29.8186, 5.4747 ], [ 29.7698, 5.4 ], [ 29.7971, 5.242 ], [ 29.9378, 5.2305 ], [ 30.0154, 5.1213 ], [ 30.0585, 5.0897 ], [ 30.1073, 4.9202 ], [ 30.0887, 4.9116 ], [ 30.1432, 4.8355 ], [ 30.1389, 4.7679 ], [ 30.2053, 4.7093 ], [ 30.2996, 4.6833 ], [ 30.3972, 4.6085 ], [ 30.5138, 4.67 ], [ 30.5373, 4.8004 ] ] ] } },
{ "type": "Feature", "properties": { "iso3": "SSD", "unit_id": "24577616B62227346512060", "unit_name": "Mvolo" }, "geometry": { "type": "Polygon", "coordinates": [ [ [ 30.3039, 6.0812 ], [ 30.192, 6.0932 ], [ 30.2072, 6.1573 ], [ 30.1554, 6.2366 ], [ 30.1218, 6.3524 ], [ 29.9675, 6.3637 ], [ 29.8992, 6.3128 ], [ 29.9114, 6.2549 ], [ 29.8718, 6.264 ], [ 29.8565, 6.3128 ], [ 29.7925, 6.3098 ], [ 29.7894, 6.0841 ], [ 29.6309, 5.9743 ], [ 29.577, 5.7103 ], [ 29.6175, 5.6758 ], [ 29.8439, 5.6516 ], [ 29.945, 5.558 ], [ 30.0456, 5.5379 ], [ 30.0484, 5.5939 ], [ 30.1576, 5.6327 ], [ 30.2797, 5.6126 ], [ 30.2524, 5.6672 ], [ 30.261, 5.6959 ], [ 30.34, 5.6672 ], [ 30.5946, 5.8011 ], [ 30.3039, 6.0812 ] ] ] } },
{ "type": "Feature", "properties": { "iso3": "SSD", "unit_id": "24577616B34740967122268", "unit_name": "Nagero" }, "geometry": { "type": "Polygon", "coordinates": [ [ [ 28.4941, 6.7611 ], [ 28.0483, 6.7397 ], [ 27.9324, 6.7977 ], [ 27.0836, 6.7149 ], [ 27.0681, 6.6599 ], [ 27.0793, 6.5409 ], [ 27.2274, 6.1594 ], [ 27.8583, 6.0178 ], [ 27.793, 6.1504 ], [ 28.0691, 6.2491 ], [ 28.3205, 6.3793 ], [ 28.417, 6.4983 ], [ 28.4963, 6.5185 ], [ 28.4941, 6.7611 ] ] ] } },
{ "type": "Feature", "properties": { "iso3": "SSD", "unit_id": "24577616B80233056778378", "unit_name": "Nzara" }, "geometry": { "type": "Polygon", "coordinates": [ [ [ 28.4934, 6.2747 ], [ 28.4417, 6.2447 ], [ 28.3564, 6.2536 ], [ 28.2307, 6.1392 ], [ 28.2307, 6.101 ], [ 28.1544, 6.0314 ], [ 28.1028, 5.9461 ], [ 28.1028, 5.8766 ], [ 28.0377, 5.8451 ], [ 28.0354, 5.8115 ], [ 28.0691, 5.697 ], [ 28.0332, 5.6364 ], [ 28.0601, 5.5085 ], [ 28.0287, 5.4838 ], [ 28.0871, 5.4479 ], [ 28.0556, 5.4187 ], [ 28.0803, 5.4052 ], [ 28.0579, 5.3805 ], [ 28.1095, 5.3603 ], [ 28.1364, 5.21 ], [ 28.1813, 5.2032 ], [ 28.1768, 5.1381 ], [ 28.2217, 5.1045 ], [ 28.1993, 4.9833 ], [ 28.0983, 4.9204 ], [ 28.0601, 4.88 ], [ 27.9434, 4.8553 ], [ 27.7687, 4.6868 ], [ 27.7791, 4.6805 ], [ 27.7826, 4.6547 ], [ 27.7879, 4.6509 ], [ 27.7974, 4.6299 ], [ 27.801, 4.6281 ], [ 27.801, 4.6174 ], [ 27.7945, 4.6142 ], [ 27.8013, 4.608 ], [ 27.8178, 4.6056 ], [ 27.8255, 4.5956 ], [ 27.8427, 4.5938 ], [ 27.8462, 4.5879 ], [ 27.8418, 4.5837 ], [ 27.8533, 4.5808 ], [ 27.8616, 4.5609 ], [ 27.8734, 4.555 ], [ 27.8782, 4.5589 ], [ 27.8785, 4.5556 ], [ 27.8927, 4.5525 ], [ 27.9072, 4.5546 ], [ 27.9163, 4.5501 ], [ 27.924, 4.5537 ], [ 27.9291, 4.5495 ], [ 27.9376, 4.5498 ], [ 27.9427, 4.5717 ], [ 27.9468, 4.5753 ], [ 27.9516, 4.5747 ], [ 27.9663, 4.5617 ], [ 27.9737, 4.5614 ], [ 27.9791, 4.5552 ], [ 27.9817, 4.5549 ], [ 27.9844, 4.5638 ], [ 27.9876, 4.5632 ], [ 27.9885, 4.5575 ], [ 27.9939, 4.5567 ], [ 27.9953, 4.5626 ], [ 28.0032, 4.5559 ], [ 28.0162, 4.5566 ], [ 28.0195, 4.5509 ], [ 28.0255, 4.5492 ], [ 28.0438, 4.5555 ], [ 28.049, 4.5455 ], [ 28.0442, 4.5407 ], [ 28.044, 4.5305 ], [ 28.0399, 4.5264 ], [ 28.0414, 4.5201 ], [ 28.0357, 4.5147 ], [ 28.0405, 4.5077 ], [ 28.037, 4.4923 ], [ 28.041, 4.4815 ], [ 28.0394, 4.4756 ], [ 28.0468, 4.4726 ], [ 28.0472, 4.4648 ], [ 28.0531, 4.457 ], [ 28.0609, 4.4559 ], [ 28.0715, 4.4433 ], [ 28.0789, 4.4179 ], [ 28.0861, 4.4168 ], [ 28.0887, 4.4233 ], [ 28.0937, 4.4251 ], [ 28.0909, 4.4372 ], [ 28.1006, 4.4385 ], [ 28.1084, 4.4448 ], [ 28.1195, 4.4444 ], [ 28.1197, 4.4357 ], [ 28.131, 4.4361 ], [ 28.1327, 4.4292 ], [ 28.1384, 4.4425 ], [ 28.1438, 4.4415 ], [ 28.1465, 4.4307 ], [ 28.1516, 4.4249 ], [ 28.1425, 4.4144 ], [ 28.1368, 4.4123 ], [ 28.1372, 4.4037 ], [ 28.1487, 4.3959 ], [ 28.1557, 4.3965 ], [ 28.1608, 4.3897 ], [ 28.1664, 4.3907 ], [ 28.1785, 4.3854 ], [ 28.1832, 4.3757 ], [ 28.195, 4.37 ], [ 28.2061, 4.3519 ], [ 28.2209, 4.3556 ], [ 28.2316, 4.3514 ], [ 28.2478, 4.3543 ], [ 28.256, 4.3504 ], [ 28.2657, 4.3539 ], [ 28.2657, 4.3636 ], [ 28.2801, 4.3568 ], [ 28.2832, 4.3597 ], [ 28.2955, 4.357 ], [ 28.3074, 4.3636 ], [ 28.3156, 4.3591 ], [ 28.3346, 4.3607 ], [ 28.3419, 4.3542 ], [ 28.348, 4.3576 ], [ 28.3527, 4.3565 ], [ 28.3573, 4.3487 ], [ 28.3676, 4.3616 ], [ 28.3541, 4.402 ], [ 28.3003, 4.4401 ], [ 28.2913, 4.4648 ], [ 28.325, 4.5007 ], [ 28.325, 4.5501 ], [ 28.2935, 4.5591 ], [ 28.2733, 4.586 ], [ 28.307, 4.6017 ], [ 28.3497, 4.6848 ], [ 28.298, 4.7027 ], [ 28.298, 4.9967 ], [ 28.3227, 5.0663 ], [ 28.2846, 5.1224 ], [ 28.3025, 5.2638 ], [ 28.2352, 5.3132 ], [ 28.1768, 5.4209 ], [ 28.2644, 5.5713 ], [ 28.417, 5.688 ], [ 28.4866, 5.8092 ], [ 28.4776, 5.9013 ], [ 28.5113, 6.0157 ], [ 28.5727, 6.075 ], [ 28.524, 6.2518 ], [ 28.4934, 6.2747 ] ] ] } },
{ "type": "Feature", "properties": { "iso3": "SSD", "unit_id": "24577616B402470735131", "unit_name": "Tambura" }, "geometry": { "type": "Polygon", "coordinates": [ [ [ 26.4155, 6.6498 ], [ 26.4148, 6.6387 ], [ 26.4084, 6.6314 ], [ 26.4074, 6.6215 ], [ 26.3911, 6.6151 ], [ 26.3911, 6.6082 ], [ 26.3762, 6.5894 ], [ 26.3782, 6.5785 ], [ 26.358, 6.5839 ], [ 26.356, 6.578 ], [ 26.3491, 6.5741 ], [ 26.3535, 6.5558 ], [ 26.3491, 6.5469 ], [ 26.353, 6.5409 ], [ 26.3283, 6.5375 ], [ 26.3306, 6.5206 ], [ 26.3291, 6.5168 ], [ 26.3186, 6.5118 ], [ 26.3242, 6.501 ], [ 26.3151, 6.4937 ], [ 26.2918, 6.4864 ], [ 26.2888, 6.4826 ], [ 26.3064, 6.4597 ], [ 26.3169, 6.4366 ], [ 26.3128, 6.4165 ], [ 26.2999, 6.4034 ], [ 26.2994, 6.3969 ], [ 26.3087, 6.3873 ], [ 26.311, 6.3742 ], [ 26.3207, 6.3762 ], [ 26.3315, 6.3642 ], [ 26.349, 6.359 ], [ 26.3598, 6.3479 ], [ 26.3624, 6.3362 ], [ 26.3691, 6.3394 ], [ 26.3738, 6.3366 ], [ 26.3741, 6.3308 ], [ 26.3869, 6.3127 ], [ 26.396, 6.3066 ], [ 26.422, 6.3016 ], [ 26.4348, 6.3057 ], [ 26.441, 6.2949 ], [ 26.4778, 6.2844 ], [ 26.4775, 6.2768 ], [ 26.4839, 6.2689 ], [ 26.4714, 6.2374 ], [ 26.4757, 6.2241 ], [ 26.4865, 6.219 ], [ 26.5038, 6.2165 ], [ 26.5117, 6.232 ], [ 26.5213, 6.2357 ], [ 26.5261, 6.2354 ], [ 26.5321, 6.2268 ], [ 26.5381, 6.2059 ], [ 26.5332, 6.1883 ], [ 26.5199, 6.1613 ], [ 26.5134, 6.1534 ], [ 26.4955, 6.148 ], [ 26.4913, 6.1415 ], [ 26.4947, 6.1355 ], [ 26.4754, 6.1302 ], [ 26.4598, 6.1168 ], [ 26.4465, 6.0794 ], [ 26.4473, 6.0729 ], [ 26.451, 6.0701 ], [ 26.4686, 6.0811 ], [ 26.4675, 6.0879 ], [ 26.4913, 6.1083 ], [ 26.5162, 6.114 ], [ 26.5244, 6.1024 ], [ 26.5369, 6.1035 ], [ 26.54, 6.1001 ], [ 26.5378, 6.0808 ], [ 26.5403, 6.0786 ], [ 26.5398, 6.0667 ], [ 26.5434, 6.0607 ], [ 26.5542, 6.0573 ], [ 26.5582, 6.0375 ], [ 26.5661, 6.0326 ], [ 26.5925, 6.0278 ], [ 26.6075, 6.0332 ], [ 26.6265, 6.0132 ], [ 26.638, 6.0126 ], [ 26.6447, 6.0156 ], [ 26.6646, 5.999 ], [ 26.6783, 6.0129 ], [ 26.6891, 6.0171 ], [ 26.6988, 6.0201 ], [ 26.71, 6.0171 ], [ 26.7212, 6.0201 ], [ 26.7203, 6.0135 ], [ 26.7251, 6.0068 ], [ 26.723, 6.0038 ], [ 26.7357, 6.0002 ], [ 26.7596, 6.0083 ], [ 26.7632, 6.0023 ], [ 26.7693, 6.0041 ], [ 26.7726, 6.002 ], [ 26.7768, 5.9926 ], [ 26.7856, 5.9974 ], [ 26.7883, 5.9959 ], [ 26.7929, 5.9866 ], [ 26.8022, 5.9817 ], [ 26.8143, 5.9829 ], [ 26.8234, 5.9893 ], [ 26.8346, 5.9751 ], [ 26.827, 5.9479 ], [ 26.8334, 5.9455 ], [ 26.8307, 5.9313 ], [ 26.8343, 5.9147 ], [ 26.8301, 5.9032 ], [ 26.8355, 5.8965 ], [ 26.8488, 5.8993 ], [ 26.8633, 5.8914 ], [ 26.8818, 5.8977 ], [ 26.896, 5.8962 ], [ 26.9217, 5.9011 ], [ 26.9341, 5.8932 ], [ 26.9301, 5.889 ], [ 26.9298, 5.8757 ], [ 26.9374, 5.8687 ], [ 26.9552, 5.8672 ], [ 26.9586, 5.8596 ], [ 26.9676, 5.856 ], [ 26.9885, 5.8633 ], [ 26.9927, 5.8599 ], [ 27.0018, 5.8605 ], [ 27.003, 5.8542 ], [ 27.0121, 5.8445 ], [ 27.02, 5.8465 ], [ 27.0296, 5.8377 ], [ 27.0357, 5.8223 ], [ 27.0475, 5.8205 ], [ 27.046, 5.8126 ], [ 27.0502, 5.8069 ], [ 27.062, 5.8048 ], [ 27.0683, 5.7957 ], [ 27.0786, 5.7973 ], [ 27.0862, 5.8039 ], [ 27.1034, 5.8103 ], [ 27.1083, 5.8024 ], [ 27.1167, 5.8021 ], [ 27.1243, 5.7903 ], [ 27.1349, 5.787 ], [ 27.1391, 5.7764 ], [ 27.1491, 5.7797 ], [ 27.1627, 5.774 ], [ 27.1548, 5.7625 ], [ 27.16, 5.7531 ], [ 27.1672, 5.7449 ], [ 27.1811, 5.7465 ], [ 27.1938, 5.7434 ], [ 27.1987, 5.7241 ], [ 27.2083, 5.7136 ], [ 27.215, 5.7118 ], [ 27.215, 5.7049 ], [ 27.2238, 5.7009 ], [ 27.2213, 5.6765 ], [ 27.2274, 5.6746 ], [ 27.2289, 5.6613 ], [ 27.2434, 5.6426 ], [ 27.2319, 5.6166 ], [ 27.234, 5.6082 ], [ 27.238, 5.6088 ], [ 27.2368, 5.6009 ], [ 27.2467, 5.5994 ], [ 27.2519, 5.6051 ], [ 27.257, 5.6055 ], [ 27.2767, 5.5994 ], [ 27.2894, 5.6006 ], [ 27.293, 5.5967 ], [ 27.2861, 5.584 ], [ 27.2861, 5.5752 ], [ 27.2788, 5.5689 ], [ 27.2891, 5.5543 ], [ 27.2867, 5.5444 ], [ 27.2894, 5.5404 ], [ 27.2806, 5.5354 ], [ 27.2803, 5.5297 ], [ 27.2712, 5.5197 ], [ 27.2697, 5.5131 ], [ 27.2604, 5.51 ], [ 27.2516, 5.4665 ], [ 27.2416, 5.4511 ], [ 27.2443, 5.4326 ], [ 27.2407, 5.4233 ], [ 27.2492, 5.4121 ], [ 27.2431, 5.4012 ], [ 27.2589, 5.3753 ], [ 27.2575, 5.3673 ], [ 27.2604, 5.3574 ], [ 27.2577, 5.347 ], [ 27.4788, 5.3491 ], [ 27.6875, 5.4322 ], [ 27.894, 5.4636 ], [ 27.9681, 5.6611 ], [ 27.8536, 5.8003 ], [ 27.8626, 5.89 ], [ 27.82, 5.9484 ], [ 27.8626, 6.009 ], [ 27.8583, 6.0178 ], [ 27.2274, 6.1594 ], [ 27.0793, 6.5409 ], [ 27.0681, 6.6599 ], [ 27.0836, 6.7149 ], [ 26.4155, 6.6498 ] ] ] } },
{ "type": "Feature", "properties": { "iso3": "SSD", "unit_id": "24577616B26960751289160", "unit_name": "Yambio" }, "geometry": { "type": "Polygon", "coordinates": [ [ [ 28.5727, 6.075 ], [ 28.5113, 6.0157 ], [ 28.4776, 5.9013 ], [ 28.4866, 5.8092 ], [ 28.417, 5.688 ], [ 28.2644, 5.5713 ], [ 28.1768, 5.4209 ], [ 28.2352, 5.3132 ], [ 28.3025, 5.2638 ], [ 28.2846, 5.1224 ], [ 28.3227, 5.0663 ], [ 28.298, 4.9967 ], [ 28.298, 4.7027 ], [ 28.3497, 4.6848 ], [ 28.307, 4.6017 ], [ 28.2733, 4.586 ], [ 28.2935, 4.5591 ], [ 28.325, 4.5501 ], [ 28.325, 4.5007 ], [ 28.2913, 4.4648 ], [ 28.3003, 4.4401 ], [ 28.3541, 4.402 ], [ 28.3676, 4.3616 ], [ 28.3573, 4.3487 ], [ 28.3678, 4.3391 ], [ 28.3671, 4.3265 ], [ 28.3721, 4.3195 ], [ 28.3726, 4.2922 ], [ 28.3784, 4.2914 ], [ 28.3784, 4.2859 ], [ 28.3844, 4.2824 ], [ 28.3914, 4.2909 ], [ 28.404, 4.2894 ], [ 28.4185, 4.2801 ], [ 28.4336, 4.2891 ], [ 28.4542, 4.2869 ], [ 28.4557, 4.2937 ], [ 28.4627, 4.2927 ], [ 28.4715, 4.309 ], [ 28.4753, 4.3067 ], [ 28.4793, 4.3085 ], [ 28.4928, 4.3249 ], [ 28.4954, 4.3327 ], [ 28.4903, 4.3395 ], [ 28.5019, 4.3485 ], [ 28.4974, 4.3578 ], [ 28.4994, 4.3603 ], [ 28.5077, 4.3611 ], [ 28.5122, 4.3651 ], [ 28.5109, 4.3811 ], [ 28.5265, 4.3789 ], [ 28.5446, 4.3872 ], [ 28.5781, 4.3838 ], [ 28.5885, 4.3874 ], [ 28.5941, 4.4013 ], [ 28.5995, 4.4046 ], [ 28.5995, 4.4162 ], [ 28.6054, 4.4219 ], [ 28.6173, 4.423 ], [ 28.6259, 4.4198 ], [ 28.6366, 4.4239 ], [ 28.6408, 4.4192 ], [ 28.65, 4.4269 ], [ 28.6589, 4.4257 ], [ 28.6729, 4.4326 ], [ 28.675, 4.4367 ], [ 28.6693, 4.4444 ], [ 28.6779, 4.4489 ], [ 28.6857, 4.4586 ], [ 28.6892, 4.4797 ], [ 28.7023, 4.4877 ], [ 28.7005, 4.496 ], [ 28.6952, 4.501 ], [ 28.6958, 4.5079 ], [ 28.6981, 4.512 ], [ 28.7068, 4.5153 ], [ 28.7133, 4.5123 ], [ 28.7252, 4.5245 ], [ 28.724, 4.5281 ], [ 28.7169, 4.5293 ], [ 28.716, 4.5334 ], [ 28.7243, 4.5391 ], [ 28.7255, 4.548 ], [ 28.7311, 4.5468 ], [ 28.7344, 4.5406 ], [ 28.7439, 4.5462 ], [ 28.7659, 4.5474 ], [ 28.7739, 4.556 ], [ 28.7739, 4.5608 ], [ 28.7784, 4.5605 ], [ 28.7938, 4.5724 ], [ 28.8105, 4.5667 ], [ 28.8203, 4.5694 ], [ 28.8307, 4.5558 ], [ 28.8253, 4.5498 ], [ 28.8253, 4.543 ], [ 28.8325, 4.5356 ], [ 28.8292, 4.5258 ], [ 28.8301, 4.5065 ], [ 28.8369, 4.4925 ], [ 28.8448, 4.4846 ], [ 28.8526, 4.4823 ], [ 28.8549, 4.4864 ], [ 28.8599, 4.4839 ], [ 28.8672, 4.4922 ], [ 28.8743, 4.4938 ], [ 28.8781, 4.4906 ], [ 28.8841, 4.4937 ], [ 28.8857, 4.4897 ], [ 28.9093, 4.4776 ], [ 28.9163, 4.4782 ], [ 28.922, 4.4852 ], [ 28.927, 4.4783 ], [ 28.938, 4.4753 ], [ 28.9411, 4.4774 ], [ 28.9305, 4.5548 ], [ 28.909, 4.5782 ], [ 28.9251, 4.6069 ], [ 28.9233, 4.6625 ], [ 28.8641, 4.7164 ], [ 28.8695, 4.8241 ], [ 28.8767, 4.8816 ], [ 28.7797, 4.9965 ], [ 28.6989, 5.0145 ], [ 28.593, 5.2066 ], [ 28.6109, 5.3808 ], [ 28.6378, 5.4257 ], [ 28.6504, 5.5047 ], [ 28.7815, 5.6016 ], [ 28.8838, 5.7237 ], [ 28.8967, 5.7761 ], [ 28.8197, 5.8158 ], [ 28.6551, 6.0597 ], [ 28.5727, 6.075 ] ] ] } }
]
}
