{
"type": "FeatureCollection",
"name": "TCD",
"crs": { "type": "name", "properties": { "name": "urn:ogc:def:crs:OGC:1.3:CRS84" } },
"xy_coordinate_resolution": 0.0001,
"features": [
{ "type": "Feature", "properties": { "iso3": "TCD", "unit_id": "80231986B6175853661073", "unit_name": "Batha Ouest" }, "geometry": { "type": "Polygon", "coordinates": [ [ [ 19.9154, 15.7702 ], [ 19.6994, 15.8217 ], [ 19.5659, 15.8335 ], [ 19.4945, 15.9001 ], [ 19.3947, 16.0757 ], [ 19.3405, 16.1083 ], [ 19.2759, 16.0958 ], [ 19.281, 16.009 ], [ 19.27, 15.916 ], [ 19.2527, 15.8286 ], [ 19.2118, 15.7206 ], [ 19.09, 15.545 ], [ 18.9883, 15.4561 ], [ 18.926, 15.415 ], [ 18.8259, 15.3559 ], [ 18.6557, 15.3139 ], [ 18.4207, 15.317 ], [ 18.2383, 15.3559 ], [ 17.9937, 15.5098 ], [ 17.586, 13.76 ], [ 17.271, 13.662 ], [ 17.234, 13.427 ], [ 17.45, 13.497 ], [ 17.533, 13.48 ], [ 17.612, 13.456 ], [ 17.757, 13.481 ], [ 17.967, 13.482 ], [ 18.014, 13.477 ], [ 18.037, 13.398 ], [ 18.049, 13.329 ], [ 18.04, 13.213 ], [ 18.045, 13.066 ], [ 18.018, 12.955 ], [ 17.966, 12.867 ], [ 17.943, 12.771 ], [ 17.939, 12.671 ], [ 17.967, 12.572 ], [ 18.018, 12.452 ], [ 18.065, 12.452 ], [ 18.095, 12.486 ], [ 18.33, 12.618 ], [ 18.4739, 12.692 ], [ 18.99, 12.689 ], [ 19.103, 12.694 ], [ 19.121, 12.841 ], [ 19.1195, 12.879 ], [ 19.088, 12.91 ], [ 19.077, 12.955 ], [ 19.061, 12.996 ], [ 19.036, 13.041 ], [ 19.031, 13.102 ], [ 18.998, 13.121 ], [ 18.903, 13.114 ], [ 18.856, 13.1185 ], [ 18.736, 13.179 ], [ 18.71, 13.2425 ], [ 18.722, 13.297 ], [ 18.766, 13.331 ], [ 18.846, 13.423 ], [ 18.896, 13.551 ], [ 18.909, 13.674 ], [ 18.974, 14.064 ], [ 18.99, 14.215 ], [ 19.372, 14.622 ], [ 19.483, 14.7814 ], [ 19.5767, 14.9903 ], [ 19.692, 15.2062 ], [ 19.9154, 15.7702 ] ] ] } },
{ "type": "Feature", "properties": { "iso3": "TCD", "unit_id": "80231986B18359363843097", "unit_name": "Batha Est" }, "geometry": { "type": "Polygon", "coordinates": [ [ [ 19.103, 12.694 ], [ 19.184, 12.687 ], [ 19.2, 12.7114 ], [ 19.2138, 12.7127 ], [ 19.601, 12.939 ], [ 19.777, 13.031 ], [ 19.993, 12.957 ], [ 20.045, 12.935 ], [ 20.331, 13.001 ], [ 20.357, 13.02 ], [ 20.369, 13.3512 ], [ 20.3656, 13.4196 ], [ 20.3127, 13.5329 ], [ 20.2758, 13.5865 ], [ 20.2672, 13.6138 ], [ 20.2762, 13.6721 ], [ 20.2951, 13.7552 ], [ 20.2683, 13.8292 ], [ 20.056, 13.9572 ], [ 20.062, 14.0824 ], [ 20.043, 15.742 ], [ 19.9154, 15.7702 ], [ 19.692, 15.2062 ], [ 19.5767, 14.9903 ], [ 19.483, 14.7814 ], [ 19.372, 14.622 ], [ 18.99, 14.215 ], [ 18.974, 14.064 ], [ 18.909, 13.674 ], [ 18.896, 13.551 ], [ 18.846, 13.423 ], [ 18.766, 13.331 ], [ 18.722, 13.297 ], [ 18.71, 13.2425 ], [ 18.736, 13.179 ], [ 18.856, 13.1185 ], [ 18.903, 13.114 ], [ 18.998, 13.121 ], [ 19.031, 13.102 ], [ 19.036, 13.041 ], [ 19.061, 12.996 ], [ 19.077, 12.955 ], [ 19.088, 12.91 ], [ 19.1195, 12.879 ], [ 19.121, 12.841 ], [ 19.103, 12.694 ] ] ] } },
{ "type": "Feature", "properties": { "iso3": "TCD", "unit_id": "80231986B30641566776391", "unit_name": "Fitri" }, "geometry": { "type": "Polygon", "coordinates": [ [ [ 17.234, 13.427 ], [ 17.241, 13.21 ], [ 17.161, 13.099 ], [ 17.13, 13.046 ], [ 17.077, 13.007 ], [ 16.997, 12.937 ], [ 16.966, 12.8685 ], [ 17.016, 12.832 ], [ 17.054, 12.816 ], [ 17.092, 12.783 ], [ 17.113, 12.735 ], [ 17.15, 12.609 ], [ 17.254, 12.501 ], [ 17.293, 12.487 ], [ 17.295, 12.406 ], [ 17.31, 12.346 ], [ 17.34, 12.3 ], [ 17.388, 12.27 ], [ 17.408, 12.229 ], [ 17.411, 12.184 ], [ 17.446, 12.155 ], [ 17.504, 12.158 ], [ 17.552, 12.133 ], [ 17.598, 12.125 ], [ 17.567, 12.199 ], [ 17.608, 12.239 ], [ 17.668, 12.2675 ], [ 17.882, 12.446 ], [ 18.018, 12.452 ], [ 17.967, 12.572 ], [ 17.939, 12.671 ], [ 17.943, 12.771 ], [ 17.966, 12.867 ], [ 18.018, 12.955 ], [ 18.045, 13.066 ], [ 18.04, 13.213 ], [ 18.049, 13.329 ], [ 18.037, 13.398 ], [ 18.014, 13.477 ], [ 17.967, 13.482 ], [ 17.757, 13.481 ], [ 17.612, 13.456 ], [ 17.533, 13.48 ], [ 17.45, 13.497 ], [ 17.234, 13.427 ] ] ] } },
{ "type": "Feature", "properties": { "iso3": "TCD", "unit_id": "80231986B5730398717894", "unit_name": "Borkou" }, "geometry": { "type": "Polygon", "coordinates": [ [ [ 19.6994, 15.8217 ], [ 20.0976, 15.7274 ], [ 20.2515, 15.631 ], [ 20.3197, 15.618 ], [ 20.4036, 15.6408 ], [ 20.4962, 15.654 ], [ 20.5475, 15.6285 ], [ 20.7448, 15.8004 ], [ 20.4006, 16.7122 ], [ 20.4609, 16.9921 ], [ 20.5431, 17.9415 ], [ 20.5133, 18.0243 ], [ 19.1875, 18.0015 ], [ 19.1758, 17.9315 ], [ 19.1554, 17.8965 ], [ 19.0912, 17.8411 ], [ 19.0096, 17.8177 ], [ 18.9309, 17.8148 ], [ 18.9046, 17.8061 ], [ 17.0339, 16.0969 ], [ 17.8534, 15.7252 ], [ 17.9214, 15.6004 ], [ 17.9937, 15.5098 ], [ 18.2383, 15.3559 ], [ 18.4207, 15.317 ], [ 18.6557, 15.3139 ], [ 18.8259, 15.3559 ], [ 18.926, 15.415 ], [ 18.9883, 15.4561 ], [ 19.09, 15.545 ], [ 19.2118, 15.7206 ], [ 19.2527, 15.8286 ], [ 19.27, 15.916 ], [ 19.281, 16.009 ], [ 19.2759, 16.0958 ], [ 19.3405, 16.1083 ], [ 19.3947, 16.0757 ], [ 19.4945, 15.9001 ], [ 19.5659, 15.8335 ], [ 19.6994, 15.8217 ] ] ] } },
{ "type": "Feature", "properties": { "iso3": "TCD", "unit_id": "80231986B5627728321048", "unit_name": "Borkou Yala" }, "geometry": { "type": "Polygon", "coordinates": [ [ [ 19.8029, 18.0121 ], [ 19.1912, 18.6488 ], [ 18.8977, 18.6681 ], [ 18.7751, 18.8264 ], [ 16.5196, 18.8204 ], [ 15.5083, 16.9491 ], [ 15.5055, 16.8979 ], [ 15.4557, 16.8458 ], [ 16.0991, 16.5158 ], [ 16.6938, 16.2459 ], [ 17.0339, 16.0969 ], [ 18.9046, 17.8061 ], [ 18.9309, 17.8148 ], [ 19.0096, 17.8177 ], [ 19.0912, 17.8411 ], [ 19.1554, 17.8965 ], [ 19.1758, 17.9315 ], [ 19.1875, 18.0015 ], [ 19.8029, 18.0121 ] ] ] } },
{ "type": "Feature", "properties": { "iso3": "TCD", "unit_id": "80231986B64280173290134", "unit_name": "Baguirmi" }, "geometry": { "type": "Polygon", "coordinates": [ [ [ 17.335, 11.472 ], [ 17.139, 11.566 ], [ 17.088, 11.627 ], [ 17.019, 11.668 ], [ 16.906, 11.684 ], [ 16.858, 11.676 ], [ 16.826, 11.726 ], [ 16.812, 11.823 ], [ 16.79, 11.904 ], [ 16.744, 11.932 ], [ 16.708, 11.995 ], [ 16.725, 12.133 ], [ 16.695, 12.198 ], [ 16.666, 12.229 ], [ 16.493, 12.296 ], [ 16.45, 12.305 ], [ 16.302, 12.354 ], [ 16.0547, 12.3227 ], [ 15.977, 12.3348 ], [ 15.8313, 12.3332 ], [ 15.684, 12.338 ], [ 15.5693, 12.2752 ], [ 15.5046, 12.2226 ], [ 15.458, 12.176 ], [ 15.429, 12.119 ], [ 15.403, 12.006 ], [ 15.4, 11.938 ], [ 15.443, 11.872 ], [ 15.465, 11.814 ], [ 15.449, 11.759 ], [ 15.421, 11.727 ], [ 15.376, 11.731 ], [ 15.408, 11.669 ], [ 15.429, 11.602 ], [ 15.382, 11.487 ], [ 15.369, 11.399 ], [ 15.39, 11.3645 ], [ 15.423, 11.282 ], [ 15.3862, 11.2382 ], [ 15.408, 11.181 ], [ 15.421, 11.114 ], [ 15.438, 11.061 ], [ 15.475, 11.022 ], [ 15.505, 11.006 ], [ 15.533, 10.974 ], [ 15.544, 10.94 ], [ 15.613, 10.902 ], [ 15.649, 10.899 ], [ 15.6728, 10.8791 ], [ 15.7006, 10.8638 ], [ 15.745, 10.825 ], [ 15.84, 10.795 ], [ 15.872, 10.79 ], [ 15.907, 10.778 ], [ 15.996, 10.779 ], [ 16.048, 10.752 ], [ 16.039, 10.833 ], [ 16.061, 10.897 ], [ 16.096, 10.914 ], [ 16.348, 10.949 ], [ 16.459, 10.996 ], [ 16.627, 11.032 ], [ 16.711, 11.054 ], [ 16.856, 11.075 ], [ 16.992, 11.101 ], [ 17.033, 11.065 ], [ 17.1, 11.013 ], [ 17.122, 10.977 ], [ 17.147, 10.836 ], [ 17.134, 10.775 ], [ 17.152, 10.721 ], [ 17.241, 10.654 ], [ 17.254, 10.599 ], [ 17.2855, 10.593 ], [ 17.327, 10.574 ], [ 17.352, 10.671 ], [ 17.363, 10.795 ], [ 17.36, 10.935 ], [ 17.345, 11.029 ], [ 17.329, 11.075 ], [ 17.305, 11.2304 ], [ 17.3108, 11.3044 ], [ 17.335, 11.472 ] ] ] } },
{ "type": "Feature", "properties": { "iso3": "TCD", "unit_id": "80231986B29869925760693", "unit_name": "Chari" }, "geometry": { "type": "Polygon", "coordinates": [ [ [ 15.5046, 12.2226 ], [ 15.404, 12.322 ], [ 15.373, 12.363 ], [ 15.3545, 12.339 ], [ 15.329, 12.3189 ], [ 15.3017, 12.2987 ], [ 15.2594, 12.2764 ], [ 15.2115, 12.2576 ], [ 15.1709, 12.2477 ], [ 15.0817, 12.2313 ], [ 15.0552, 12.2292 ], [ 15.0426, 12.2166 ], [ 15.0839, 12.1976 ], [ 15.1344, 12.157 ], [ 15.1557, 12.1322 ], [ 15.173, 12.102 ], [ 15.1783, 12.0751 ], [ 15.1725, 12.0495 ], [ 15.1327, 12.0068 ], [ 15.1202, 12.0007 ], [ 15.0871, 11.9933 ], [ 15.0828, 11.9782 ], [ 15.0755, 11.97 ], [ 15.0633, 11.9733 ], [ 15.0535, 11.9702 ], [ 15.0539, 11.9603 ], [ 15.0633, 11.9434 ], [ 15.0643, 11.9277 ], [ 15.0612, 11.9218 ], [ 15.0445, 11.9095 ], [ 15.0421, 11.8987 ], [ 15.0492, 11.88 ], [ 15.0545, 11.8517 ], [ 15.0622, 11.8438 ], [ 15.0729, 11.8423 ], [ 15.0782, 11.8611 ], [ 15.0949, 11.8465 ], [ 15.0959, 11.8225 ], [ 15.1002, 11.8131 ], [ 15.1189, 11.7935 ], [ 15.1116, 11.7787 ], [ 15.0879, 11.772 ], [ 15.0803, 11.7615 ], [ 15.0868, 11.7536 ], [ 15.0989, 11.7472 ], [ 15.1037, 11.7332 ], [ 15.1022, 11.7295 ], [ 15.0985, 11.727 ], [ 15.0838, 11.7322 ], [ 15.0735, 11.7302 ], [ 15.0695, 11.7261 ], [ 15.0656, 11.7107 ], [ 15.0692, 11.6951 ], [ 15.0739, 11.6938 ], [ 15.0801, 11.686 ], [ 15.0771, 11.6826 ], [ 15.077, 11.6706 ], [ 15.0781, 11.6653 ], [ 15.0857, 11.6576 ], [ 15.08, 11.6446 ], [ 15.0818, 11.6386 ], [ 15.0898, 11.6203 ], [ 15.1026, 11.6107 ], [ 15.1027, 11.5966 ], [ 15.0978, 11.589 ], [ 15.1006, 11.5823 ], [ 15.1367, 11.5645 ], [ 15.1423, 11.5578 ], [ 15.1425, 11.5374 ], [ 15.1319, 11.5171 ], [ 15.1331, 11.51 ], [ 15.1074, 11.4951 ], [ 15.1044, 11.485 ], [ 15.0969, 11.4811 ], [ 15.0994, 11.47 ], [ 15.088, 11.4648 ], [ 15.0828, 11.4494 ], [ 15.0744, 11.4427 ], [ 15.077, 11.4346 ], [ 15.0587, 11.4101 ], [ 15.0578, 11.3969 ], [ 15.0698, 11.3678 ], [ 15.0538, 11.3516 ], [ 15.0473, 11.3256 ], [ 15.0518, 11.3139 ], [ 15.0345, 11.3048 ], [ 15.0323, 11.3016 ], [ 15.036, 11.2875 ], [ 15.0266, 11.2828 ], [ 15.0325, 11.2696 ], [ 15.0291, 11.2485 ], [ 15.0418, 11.2318 ], [ 15.027, 11.2197 ], [ 15.036, 11.2116 ], [ 15.0284, 11.1979 ], [ 15.0339, 11.1895 ], [ 15.0329, 11.1787 ], [ 15.0396, 11.1713 ], [ 15.0339, 11.1633 ], [ 15.0368, 11.1479 ], [ 15.025, 11.1341 ], [ 15.0352, 11.1299 ], [ 15.0391, 11.1136 ], [ 15.0338, 11.093 ], [ 15.231, 11.209 ], [ 15.397, 11.212 ], [ 15.3862, 11.2382 ], [ 15.423, 11.282 ], [ 15.39, 11.3645 ], [ 15.369, 11.399 ], [ 15.382, 11.487 ], [ 15.429, 11.602 ], [ 15.408, 11.669 ], [ 15.376, 11.731 ], [ 15.421, 11.727 ], [ 15.449, 11.759 ], [ 15.465, 11.814 ], [ 15.443, 11.872 ], [ 15.4, 11.938 ], [ 15.403, 12.006 ], [ 15.429, 12.119 ], [ 15.458, 12.176 ], [ 15.5046, 12.2226 ] ] ] } },
{ "type": "Feature", "properties": { "iso3": "TCD", "unit_id": "80231986B24167678590012", "unit_name": "Loug-Chari" }, "geometry": { "type": "Polygon", "coordinates": [ [ [ 16.048, 10.752 ], [ 16.117, 10.767 ], [ 16.1395, 10.7406 ], [ 16.149, 10.707 ], [ 16.121, 10.465 ], [ 16.123, 10.382 ], [ 16.129, 10.314 ], [ 16.1518, 10.2821 ], [ 16.174, 10.265 ], [ 16.1963, 10.2092 ], [ 16.23, 10.202 ], [ 16.483, 10.2 ], [ 16.584, 10.265 ], [ 16.602, 10.236 ], [ 16.6229, 10.234 ], [ 16.617, 10.1931 ], [ 16.6189, 10.1712 ], [ 16.6259, 10.146 ], [ 16.639, 10.134 ], [ 16.6479, 10.1172 ], [ 16.646, 10.0951 ], [ 16.662, 10.071 ], [ 16.7131, 10.066 ], [ 16.7378, 10.0531 ], [ 16.7459, 10.0341 ], [ 16.768, 10.031 ], [ 16.776, 10.01 ], [ 16.81, 10.014 ], [ 16.8956, 9.9904 ], [ 16.9291, 9.971 ], [ 16.942, 9.9451 ], [ 16.9728, 9.9489 ], [ 17.04, 9.945 ], [ 17.098, 9.931 ], [ 17.164, 9.92 ], [ 17.188, 9.871 ], [ 17.218, 9.857 ], [ 17.256, 9.84 ], [ 17.322, 9.827 ], [ 17.381, 9.826 ], [ 17.461, 9.785 ], [ 17.521, 9.74 ], [ 17.591, 9.673 ], [ 17.7215, 9.8082 ], [ 17.6646, 9.8658 ], [ 17.6353, 9.8859 ], [ 17.6318, 9.9759 ], [ 17.5938, 10.0281 ], [ 17.5827, 10.0961 ], [ 17.5237, 10.1573 ], [ 17.489, 10.172 ], [ 17.543, 10.451 ], [ 17.449, 10.522 ], [ 17.383, 10.537 ], [ 17.327, 10.574 ], [ 17.2855, 10.593 ], [ 17.254, 10.599 ], [ 17.241, 10.654 ], [ 17.152, 10.721 ], [ 17.134, 10.775 ], [ 17.147, 10.836 ], [ 17.122, 10.977 ], [ 17.1, 11.013 ], [ 17.033, 11.065 ], [ 16.992, 11.101 ], [ 16.856, 11.075 ], [ 16.711, 11.054 ], [ 16.627, 11.032 ], [ 16.459, 10.996 ], [ 16.348, 10.949 ], [ 16.096, 10.914 ], [ 16.061, 10.897 ], [ 16.039, 10.833 ], [ 16.048, 10.752 ] ] ] } },
{ "type": "Feature", "properties": { "iso3": "TCD", "unit_id": "80231986B43691495000844", "unit_name": "Guéra" }, "geometry": { "type": "Polygon", "coordinates": [ [ [ 18.33, 12.618 ], [ 18.368, 12.542 ], [ 18.442, 12.422 ], [ 18.489, 12.278 ], [ 18.472, 12.188 ], [ 18.522, 12.178 ], [ 18.583, 12.175 ], [ 18.641, 12.12 ], [ 18.659, 12.064 ], [ 18.619, 11.971 ], [ 18.526, 11.911 ], [ 18.444, 11.88 ], [ 18.494, 11.723 ], [ 18.545, 11.614 ], [ 18.591, 11.408 ], [ 18.74, 11.38 ], [ 18.902, 11.331 ], [ 18.883, 11.402 ], [ 18.874, 11.477 ], [ 18.902, 11.692 ], [ 18.915, 11.754 ], [ 18.967, 11.852 ], [ 19.061, 11.937 ], [ 19.147, 12.023 ], [ 19.181, 12.076 ], [ 19.18, 12.164 ], [ 19.118, 12.337 ], [ 19.101, 12.434 ], [ 19.09, 12.562 ], [ 19.103, 12.694 ], [ 18.99, 12.689 ], [ 18.4739, 12.692 ], [ 18.33, 12.618 ] ] ] } },
{ "type": "Feature", "properties": { "iso3": "TCD", "unit_id": "80231986B93537840182705", "unit_name": "Abtouyour" }, "geometry": { "type": "Polygon", "coordinates": [ [ [ 18.065, 12.452 ], [ 17.882, 12.446 ], [ 17.668, 12.2675 ], [ 17.608, 12.239 ], [ 17.567, 12.199 ], [ 17.598, 12.125 ], [ 17.576, 12.04 ], [ 17.542, 11.95 ], [ 17.545, 11.911 ], [ 17.634, 11.796 ], [ 17.68, 11.68 ], [ 17.747, 11.652 ], [ 17.842, 11.638 ], [ 17.942, 11.64 ], [ 18.045, 11.632 ], [ 18.174, 11.599 ], [ 18.514, 11.452 ], [ 18.591, 11.408 ], [ 18.545, 11.614 ], [ 18.494, 11.723 ], [ 18.444, 11.88 ], [ 18.526, 11.911 ], [ 18.619, 11.971 ], [ 18.659, 12.064 ], [ 18.641, 12.12 ], [ 18.583, 12.175 ], [ 18.522, 12.178 ], [ 18.472, 12.188 ], [ 18.489, 12.278 ], [ 18.442, 12.422 ], [ 18.368, 12.542 ], [ 18.33, 12.618 ], [ 18.095, 12.486 ], [ 18.065, 12.452 ] ] ] } },
{ "type": "Feature", "properties": { "iso3": "TCD", "unit_id": "80231986B80657335251628", "unit_name": "Barh-Signaka" }, "geometry": { "type": "Polygon", "coordinates": [ [ [ 17.327, 10.574 ], [ 17.383, 10.537 ], [ 17.449, 10.522 ], [ 17.543, 10.451 ], [ 17.864, 10.497 ], [ 17.962, 10.397 ], [ 18.013, 10.381 ], [ 18.067, 10.35 ], [ 18.104, 10.365 ], [ 18.164, 10.346 ], [ 18.209, 10.322 ], [ 18.289, 10.262 ], [ 18.341, 10.24 ], [ 18.381, 10.247 ], [ 18.437, 10.212 ], [ 18.496, 10.186 ], [ 18.642, 10.025 ], [ 18.632, 9.919 ], [ 18.737, 9.877 ], [ 18.794, 9.879 ], [ 18.825, 9.988 ], [ 19.0354, 9.988 ], [ 19.081, 10.0015 ], [ 19.126, 10.084 ], [ 19.138, 10.129 ], [ 19.161, 10.155 ], [ 19.208, 10.146 ], [ 19.215, 10.187 ], [ 19.241, 10.209 ], [ 19.284, 10.224 ], [ 19.321, 10.27 ], [ 19.355, 10.299 ], [ 19.344, 10.344 ], [ 19.382, 10.382 ], [ 19.391, 10.425 ], [ 19.43, 10.469 ], [ 19.496, 10.496 ], [ 19.533, 10.475 ], [ 19.584, 10.478 ], [ 19.619, 10.526 ], [ 19.7019, 10.5872 ], [ 19.726, 10.717 ], [ 19.707, 10.873 ], [ 19.737, 10.911 ], [ 19.706, 10.942 ], [ 19.694, 11.001 ], [ 19.657, 11.003 ], [ 19.57, 11.034 ], [ 19.479, 11.048 ], [ 19.405, 11.104 ], [ 19.261, 11.154 ], [ 19.2379, 11.1792 ], [ 19.192, 11.187 ], [ 19.13, 11.217 ], [ 19.056, 11.245 ], [ 19.001, 11.273 ], [ 18.9658, 11.3135 ], [ 18.74, 11.38 ], [ 18.591, 11.408 ], [ 18.514, 11.452 ], [ 18.174, 11.599 ], [ 18.045, 11.632 ], [ 17.942, 11.64 ], [ 17.842, 11.638 ], [ 17.747, 11.652 ], [ 17.68, 11.68 ], [ 17.619, 11.679 ], [ 17.545, 11.672 ], [ 17.425, 11.586 ], [ 17.3772, 11.5427 ], [ 17.335, 11.472 ], [ 17.3108, 11.3044 ], [ 17.305, 11.2304 ], [ 17.329, 11.075 ], [ 17.345, 11.029 ], [ 17.36, 10.935 ], [ 17.363, 10.795 ], [ 17.352, 10.671 ], [ 17.327, 10.574 ] ] ] } },
{ "type": "Feature", "properties": { "iso3": "TCD", "unit_id": "80231986B60489945095854", "unit_name": "Mangalmé" }, "geometry": { "type": "Polygon", "coordinates": [ [ [ 19.103, 12.694 ], [ 19.09, 12.562 ], [ 19.101, 12.434 ], [ 19.118, 12.337 ], [ 19.18, 12.164 ], [ 19.181, 12.076 ], [ 19.147, 12.023 ], [ 19.061, 11.937 ], [ 18.967, 11.852 ], [ 18.915, 11.754 ], [ 18.902, 11.692 ], [ 19.055, 11.689 ], [ 19.088, 11.6 ], [ 19.215, 11.638 ], [ 19.256, 11.726 ], [ 19.341, 11.855 ], [ 19.313, 11.982 ], [ 19.465, 12.123 ], [ 19.496, 12.109 ], [ 19.58, 12.083 ], [ 19.751, 12.053 ], [ 19.906, 12.04 ], [ 19.889, 12.079 ], [ 19.905, 12.118 ], [ 19.94, 12.246 ], [ 20.001, 12.385 ], [ 20.082, 12.494 ], [ 20.154, 12.531 ], [ 20.114, 12.614 ], [ 20.174, 12.727 ], [ 20.204, 12.729 ], [ 20.244, 12.764 ], [ 20.23, 12.8 ], [ 20.163, 12.838 ], [ 20.117, 12.882 ], [ 20.045, 12.935 ], [ 19.993, 12.957 ], [ 19.777, 13.031 ], [ 19.601, 12.939 ], [ 19.2138, 12.7127 ], [ 19.2, 12.7114 ], [ 19.184, 12.687 ], [ 19.103, 12.694 ] ] ] } },
{ "type": "Feature", "properties": { "iso3": "TCD", "unit_id": "80231986B67679172699783", "unit_name": "Dagana" }, "geometry": { "type": "Polygon", "coordinates": [ [ [ 15.91, 13.173 ], [ 15.862, 13.154 ], [ 15.755, 13.163 ], [ 15.55, 13.2593 ], [ 15.5306, 13.2127 ], [ 15.5135, 13.1474 ], [ 15.4874, 13.1401 ], [ 15.4806, 13.1119 ], [ 15.4828, 13.083 ], [ 15.4735, 13.0644 ], [ 15.4685, 13.0312 ], [ 15.4596, 13.0071 ], [ 15.4795, 12.9633 ], [ 15.483, 12.911 ], [ 15.4409, 12.8849 ], [ 15.4152, 12.8582 ], [ 15.398, 12.8553 ], [ 15.3642, 12.8749 ], [ 15.2981, 12.8939 ], [ 15.1837, 12.9623 ], [ 15.1725, 12.9735 ], [ 15.1196, 13.0076 ], [ 15.019, 12.996 ], [ 14.933, 12.9998 ], [ 14.835, 12.993 ], [ 14.8355, 12.8558 ], [ 14.899, 12.812 ], [ 15.002, 12.81 ], [ 15.105, 12.724 ], [ 15.184, 12.64 ], [ 15.26, 12.589 ], [ 15.342, 12.579 ], [ 15.409, 12.56 ], [ 15.475, 12.571 ], [ 15.592, 12.567 ], [ 15.637, 12.55 ], [ 15.717, 12.559 ], [ 15.78, 12.553 ], [ 15.824, 12.569 ], [ 15.869, 12.578 ], [ 15.958, 12.584 ], [ 16.011, 12.604 ], [ 16.143, 12.617 ], [ 16.195, 12.619 ], [ 16.164, 12.672 ], [ 16.144, 12.719 ], [ 16.146, 12.771 ], [ 16.175, 12.848 ], [ 16.143, 12.915 ], [ 16.106, 12.959 ], [ 16.1079, 13.0313 ], [ 15.998, 13.044 ], [ 15.991, 13.08 ], [ 15.966, 13.122 ], [ 15.91, 13.173 ] ] ] } },
{ "type": "Feature", "properties": { "iso3": "TCD", "unit_id": "80231986B16871708758427", "unit_name": "Dababa" }, "geometry": { "type": "Polygon", "coordinates": [ [ [ 17.161, 13.099 ], [ 17.101, 13.133 ], [ 17.063, 13.137 ], [ 17.024, 13.157 ], [ 16.997, 13.137 ], [ 16.9, 13.109 ], [ 16.846, 13.136 ], [ 16.787, 13.111 ], [ 16.762, 13.09 ], [ 16.547, 13.07 ], [ 16.493, 13.055 ], [ 16.468, 13.034 ], [ 16.425, 13.044 ], [ 16.361, 13.051 ], [ 16.261, 13.036 ], [ 16.215, 13.04 ], [ 16.179, 13.023 ], [ 16.1079, 13.0313 ], [ 16.106, 12.959 ], [ 16.143, 12.915 ], [ 16.175, 12.848 ], [ 16.146, 12.771 ], [ 16.144, 12.719 ], [ 16.164, 12.672 ], [ 16.195, 12.619 ], [ 16.159, 12.537 ], [ 16.09, 12.432 ], [ 16.048, 12.382 ], [ 15.977, 12.3348 ], [ 16.0547, 12.3227 ], [ 16.302, 12.354 ], [ 16.45, 12.305 ], [ 16.493, 12.296 ], [ 16.666, 12.229 ], [ 16.695, 12.198 ], [ 16.725, 12.133 ], [ 16.708, 11.995 ], [ 16.744, 11.932 ], [ 16.79, 11.904 ], [ 16.812, 11.823 ], [ 16.826, 11.726 ], [ 16.858, 11.676 ], [ 16.906, 11.684 ], [ 17.019, 11.668 ], [ 17.088, 11.627 ], [ 17.139, 11.566 ], [ 17.335, 11.472 ], [ 17.3772, 11.5427 ], [ 17.425, 11.586 ], [ 17.545, 11.672 ], [ 17.619, 11.679 ], [ 17.68, 11.68 ], [ 17.634, 11.796 ], [ 17.545, 11.911 ], [ 17.542, 11.95 ], [ 17.576, 12.04 ], [ 17.598, 12.125 ], [ 17.552, 12.133 ], [ 17.504, 12.158 ], [ 17.446, 12.155 ], [ 17.411, 12.184 ], [ 17.408, 12.229 ], [ 17.388, 12.27 ], [ 17.34, 12.3 ], [ 17.31, 12.346 ], [ 17.295, 12.406 ], [ 17.293, 12.487 ], [ 17.254, 12.501 ], [ 17.15, 12.609 ], [ 17.113, 12.735 ], [ 17.092, 12.783 ], [ 17.054, 12.816 ], [ 17.016, 12.832 ], [ 16.966, 12.8685 ], [ 16.997, 12.937 ], [ 17.077, 13.007 ], [ 17.13, 13.046 ], [ 17.161, 13.099 ] ] ] } },
{ "type": "Feature", "properties": { "iso3": "TCD", "unit_id": "80231986B83453035140079", "unit_name": "Haraze-Al-Biar" }, "geometry": { "type": "Polygon", "coordinates": [ [ [ 15.977, 12.3348 ], [ 16.048, 12.382 ], [ 16.09, 12.432 ], [ 16.159, 12.537 ], [ 16.195, 12.619 ], [ 16.143, 12.617 ], [ 16.011, 12.604 ], [ 15.958, 12.584 ], [ 15.869, 12.578 ], [ 15.824, 12.569 ], [ 15.78, 12.553 ], [ 15.717, 12.559 ], [ 15.637, 12.55 ], [ 15.592, 12.567 ], [ 15.475, 12.571 ], [ 15.409, 12.56 ], [ 15.342, 12.579 ], [ 15.26, 12.589 ], [ 15.184, 12.64 ], [ 15.105, 12.724 ], [ 15.002, 12.81 ], [ 14.899, 12.812 ], [ 14.8355, 12.8558 ], [ 14.835, 12.993 ], [ 14.529, 12.9752 ], [ 14.5404, 12.9602 ], [ 14.5521, 12.9507 ], [ 14.5536, 12.9415 ], [ 14.5505, 12.931 ], [ 14.5545, 12.9188 ], [ 14.5613, 12.9149 ], [ 14.5687, 12.8918 ], [ 14.5583, 12.8785 ], [ 14.5679, 12.8363 ], [ 14.5512, 12.7971 ], [ 14.5517, 12.7858 ], [ 14.5555, 12.781 ], [ 14.5766, 12.7736 ], [ 14.5799, 12.7579 ], [ 14.5857, 12.7474 ], [ 14.5942, 12.7446 ], [ 14.6007, 12.7481 ], [ 14.6216, 12.7704 ], [ 14.6249, 12.7676 ], [ 14.6204, 12.746 ], [ 14.6216, 12.7384 ], [ 14.6366, 12.7395 ], [ 14.6629, 12.7202 ], [ 14.6891, 12.7206 ], [ 14.7062, 12.7248 ], [ 14.7167, 12.7183 ], [ 14.7235, 12.7064 ], [ 14.7205, 12.6969 ], [ 14.7062, 12.679 ], [ 14.7064, 12.6709 ], [ 14.7186, 12.6574 ], [ 14.7235, 12.6573 ], [ 14.7299, 12.6652 ], [ 14.7364, 12.6815 ], [ 14.7477, 12.6863 ], [ 14.7526, 12.6833 ], [ 14.7575, 12.6739 ], [ 14.7613, 12.661 ], [ 14.762, 12.6403 ], [ 14.7652, 12.6355 ], [ 14.7715, 12.6313 ], [ 14.7919, 12.6306 ], [ 14.8194, 12.6345 ], [ 14.8315, 12.6285 ], [ 14.8367, 12.5986 ], [ 14.8519, 12.5636 ], [ 14.8547, 12.55 ], [ 14.853, 12.5295 ], [ 14.8567, 12.5146 ], [ 14.8523, 12.5033 ], [ 14.8586, 12.484 ], [ 14.8499, 12.4718 ], [ 14.849, 12.4564 ], [ 14.8567, 12.4479 ], [ 14.8628, 12.4499 ], [ 14.8724, 12.4633 ], [ 14.878, 12.4642 ], [ 14.8818, 12.4584 ], [ 14.8862, 12.4269 ], [ 14.9035, 12.3988 ], [ 14.9105, 12.3792 ], [ 14.9076, 12.3413 ], [ 14.9097, 12.3307 ], [ 14.9001, 12.3024 ], [ 14.909, 12.2732 ], [ 14.904, 12.2386 ], [ 14.9061, 12.2253 ], [ 14.9, 12.2055 ], [ 14.9083, 12.1852 ], [ 14.9474, 12.2089 ], [ 15.0027, 12.2173 ], [ 15.0426, 12.2166 ], [ 15.0552, 12.2292 ], [ 15.0817, 12.2313 ], [ 15.2115, 12.2576 ], [ 15.2594, 12.2764 ], [ 15.3017, 12.2987 ], [ 15.3545, 12.339 ], [ 15.373, 12.363 ], [ 15.404, 12.322 ], [ 15.5046, 12.2226 ], [ 15.5693, 12.2752 ], [ 15.684, 12.338 ], [ 15.8313, 12.3332 ], [ 15.977, 12.3348 ] ] ] } },
{ "type": "Feature", "properties": { "iso3": "TCD", "unit_id": "80231986B56702122685065", "unit_name": "Kanem" }, "geometry": { "type": "Polygon", "coordinates": [ [ [ 16.094, 14.5433 ], [ 15.938, 14.538 ], [ 15.888, 14.527 ], [ 15.791, 14.454 ], [ 15.725, 14.48 ], [ 15.623, 14.457 ], [ 15.567, 14.403 ], [ 15.478, 14.419 ], [ 15.381, 14.466 ], [ 15.313, 14.534 ], [ 15.203, 14.586 ], [ 15.135, 14.576 ], [ 14.996, 14.611 ], [ 14.963, 14.478 ], [ 14.898, 14.386 ], [ 14.741, 14.149 ], [ 14.5451, 13.9859 ], [ 14.6166, 13.9008 ], [ 14.7589, 13.651 ], [ 14.8115, 13.6985 ], [ 14.9043, 13.6857 ], [ 15.393, 13.742 ], [ 15.499, 13.747 ], [ 15.522, 13.808 ], [ 15.558, 13.847 ], [ 15.607, 13.878 ], [ 15.619, 14.032 ], [ 15.7843, 14.1762 ], [ 15.9847, 14.3237 ], [ 16.094, 14.5433 ] ] ] } },
{ "type": "Feature", "properties": { "iso3": "TCD", "unit_id": "80231986B59781454271600", "unit_name": "Nord Kanem" }, "geometry": { "type": "Polygon", "coordinates": [ [ [ 17.1702, 16.0351 ], [ 16.6938, 16.2459 ], [ 16.0991, 16.5158 ], [ 15.4557, 16.8458 ], [ 14.9566, 16.3253 ], [ 14.8105, 16.1661 ], [ 14.6939, 16.0442 ], [ 14.6384, 15.9914 ], [ 14.6104, 15.956 ], [ 14.3848, 15.7316 ], [ 14.3185, 15.6441 ], [ 14.3064, 15.6225 ], [ 14.2996, 15.6186 ], [ 14.2357, 15.5354 ], [ 13.9702, 15.1565 ], [ 13.8622, 15.0313 ], [ 13.7897, 14.8632 ], [ 13.7922, 14.8023 ], [ 13.8094, 14.7459 ], [ 13.81, 14.7217 ], [ 13.7885, 14.704 ], [ 13.7704, 14.6957 ], [ 13.7687, 14.692 ], [ 13.7456, 14.6983 ], [ 13.6773, 14.6366 ], [ 13.679, 14.6265 ], [ 13.6925, 14.6129 ], [ 13.6914, 14.5826 ], [ 13.696, 14.5511 ], [ 13.6602, 14.5265 ], [ 13.7291, 14.5128 ], [ 13.742, 14.4974 ], [ 13.9315, 14.5035 ], [ 13.9712, 14.4496 ], [ 14.0281, 14.452 ], [ 14.0831, 14.386 ], [ 14.0966, 14.3194 ], [ 14.1588, 14.3089 ], [ 14.2111, 14.2271 ], [ 14.2701, 14.2255 ], [ 14.31, 14.1577 ], [ 14.4386, 14.1306 ], [ 14.5036, 14.0347 ], [ 14.5451, 13.9859 ], [ 14.741, 14.149 ], [ 14.898, 14.386 ], [ 14.963, 14.478 ], [ 14.996, 14.611 ], [ 15.135, 14.576 ], [ 15.203, 14.586 ], [ 15.313, 14.534 ], [ 15.381, 14.466 ], [ 15.478, 14.419 ], [ 15.567, 14.403 ], [ 15.623, 14.457 ], [ 15.725, 14.48 ], [ 15.791, 14.454 ], [ 15.888, 14.527 ], [ 15.938, 14.538 ], [ 16.094, 14.5433 ], [ 16.3231, 15.0036 ], [ 17.1702, 16.0351 ] ] ] } },
{ "type": "Feature", "properties": { "iso3": "TCD", "unit_id": "80231986B98179043431748", "unit_name": "Wadi Bissam" }, "geometry": { "type": "Polygon", "coordinates": [ [ [ 15.91, 13.173 ], [ 15.929, 13.207 ], [ 15.935, 13.339 ], [ 15.934, 13.45 ], [ 15.92, 13.499 ], [ 15.892, 13.546 ], [ 15.876, 13.614 ], [ 15.8832, 13.6583 ], [ 15.8941, 13.6828 ], [ 15.8934, 13.727 ], [ 15.8846, 13.7474 ], [ 15.7737, 13.7576 ], [ 15.7611, 13.7384 ], [ 15.647, 13.735 ], [ 15.602, 13.749 ], [ 15.607, 13.878 ], [ 15.558, 13.847 ], [ 15.522, 13.808 ], [ 15.499, 13.747 ], [ 15.4379, 13.7441 ], [ 15.4524, 13.7178 ], [ 15.4544, 13.6722 ], [ 15.4819, 13.6362 ], [ 15.5107, 13.619 ], [ 15.5146, 13.5842 ], [ 15.4728, 13.5329 ], [ 15.46, 13.4928 ], [ 15.4572, 13.4416 ], [ 15.4796, 13.3845 ], [ 15.5076, 13.3602 ], [ 15.5275, 13.3236 ], [ 15.55, 13.2593 ], [ 15.755, 13.163 ], [ 15.862, 13.154 ], [ 15.91, 13.173 ] ] ] } },
{ "type": "Feature", "properties": { "iso3": "TCD", "unit_id": "80231986B53531092170799", "unit_name": "Mamdi" }, "geometry": { "type": "Polygon", "coordinates": [ [ [ 14.933, 12.9998 ], [ 14.929, 13.1285 ], [ 14.9649, 13.1773 ], [ 15.0015, 13.1927 ], [ 14.9926, 13.2176 ], [ 15.0104, 13.2732 ], [ 14.963, 13.3295 ], [ 14.9494, 13.4073 ], [ 14.95, 13.4237 ], [ 14.9362, 13.4532 ], [ 14.949, 13.4929 ], [ 14.9366, 13.5242 ], [ 14.9074, 13.5656 ], [ 14.8474, 13.606 ], [ 14.7855, 13.5561 ], [ 14.7365, 13.5089 ], [ 14.6994, 13.5175 ], [ 14.6894, 13.5446 ], [ 14.5788, 13.546 ], [ 14.5318, 13.5327 ], [ 14.5095, 13.5068 ], [ 14.4981, 13.4689 ], [ 14.4796, 13.4718 ], [ 14.37, 13.4728 ], [ 14.3251, 13.4448 ], [ 14.2376, 13.343 ], [ 13.9523, 13.259 ], [ 14.0677, 13.0974 ], [ 14.0854, 13.0781 ], [ 14.4599, 13.0745 ], [ 14.529, 12.9752 ], [ 14.933, 12.9998 ] ] ] } },
{ "type": "Feature", "properties": { "iso3": "TCD", "unit_id": "80231986B62926375282960", "unit_name": "Wayi" }, "geometry": { "type": "Polygon", "coordinates": [ [ [ 15.55, 13.2593 ], [ 15.5275, 13.3236 ], [ 15.5076, 13.3602 ], [ 15.4796, 13.3845 ], [ 15.4572, 13.4416 ], [ 15.46, 13.4928 ], [ 15.4728, 13.5329 ], [ 15.5146, 13.5842 ], [ 15.5107, 13.619 ], [ 15.4819, 13.6362 ], [ 15.4544, 13.6722 ], [ 15.4524, 13.7178 ], [ 15.4379, 13.7441 ], [ 15.393, 13.742 ], [ 14.9043, 13.6857 ], [ 14.8115, 13.6985 ], [ 14.8446, 13.6738 ], [ 14.8474, 13.606 ], [ 14.9074, 13.5656 ], [ 14.9366, 13.5242 ], [ 14.949, 13.4929 ], [ 14.9362, 13.4532 ], [ 14.95, 13.4237 ], [ 14.9494, 13.4073 ], [ 14.963, 13.3295 ], [ 15.0104, 13.2732 ], [ 14.9926, 13.2176 ], [ 15.0015, 13.1927 ], [ 14.9649, 13.1773 ], [ 14.929, 13.1285 ], [ 14.933, 12.9998 ], [ 15.019, 12.996 ], [ 15.1196, 13.0076 ], [ 15.1725, 12.9735 ], [ 15.1837, 12.9623 ], [ 15.2981, 12.8939 ], [ 15.3642, 12.8749 ], [ 15.398, 12.8553 ], [ 15.4152, 12.8582 ], [ 15.4409, 12.8849 ], [ 15.483, 12.911 ], [ 15.4795, 12.9633 ], [ 15.4596, 13.0071 ], [ 15.4685, 13.0312 ], [ 15.4735, 13.0644 ], [ 15.4828, 13.083 ], [ 15.4806, 13.1119 ], [ 15.4874, 13.1401 ], [ 15.5135, 13.1474 ], [ 15.5306, 13.2127 ], [ 15.55, 13.2593 ] ] ] } },
{ "type": "Feature", "properties": { "iso3": "TCD", "unit_id": "80231986B674311256795", "unit_name": "Kaya" }, "geometry": { "type": "Polygon", "coordinates": [ [ [ 14.668, 13.8102 ], [ 14.5888, 13.7871 ], [ 14.5114, 13.7751 ], [ 14.4593, 13.7951 ], [ 14.4414, 13.7944 ], [ 14.4172, 13.7772 ], [ 14.405, 13.7565 ], [ 14.3858, 13.7473 ], [ 14.3115, 13.7244 ], [ 14.2994, 13.7087 ], [ 14.2616, 13.6894 ], [ 14.1498, 13.6559 ], [ 14.1455, 13.6559 ], [ 14.1148, 13.6945 ], [ 14.0784, 13.7231 ], [ 14.0541, 13.7288 ], [ 13.997, 13.7238 ], [ 13.9625, 13.7379 ], [ 13.9199, 13.703 ], [ 13.8704, 13.6764 ], [ 13.839, 13.6735 ], [ 13.7919, 13.6378 ], [ 13.784, 13.6068 ], [ 13.7371, 13.5658 ], [ 13.9523, 13.259 ], [ 14.2376, 13.343 ], [ 14.3251, 13.4448 ], [ 14.37, 13.4728 ], [ 14.4796, 13.4718 ], [ 14.4981, 13.4689 ], [ 14.5095, 13.5068 ], [ 14.5318, 13.5327 ], [ 14.5788, 13.546 ], [ 14.6894, 13.5446 ], [ 14.6994, 13.5175 ], [ 14.7365, 13.5089 ], [ 14.7855, 13.5561 ], [ 14.8474, 13.606 ], [ 14.8446, 13.6738 ], [ 14.8115, 13.6985 ], [ 14.7589, 13.651 ], [ 14.668, 13.8102 ] ] ] } },
{ "type": "Feature", "properties": { "iso3": "TCD", "unit_id": "80231986B96067994370658", "unit_name": "Fouli" }, "geometry": { "type": "Polygon", "coordinates": [ [ [ 14.6166, 13.9008 ], [ 14.5036, 14.0347 ], [ 14.4386, 14.1306 ], [ 14.31, 14.1577 ], [ 14.2701, 14.2255 ], [ 14.2111, 14.2271 ], [ 14.1588, 14.3089 ], [ 14.0966, 14.3194 ], [ 14.0831, 14.386 ], [ 14.0281, 14.452 ], [ 13.9712, 14.4496 ], [ 13.9315, 14.5035 ], [ 13.742, 14.4974 ], [ 13.7291, 14.5128 ], [ 13.6602, 14.5265 ], [ 13.6332, 14.5105 ], [ 13.6009, 14.5023 ], [ 13.5721, 14.5057 ], [ 13.4934, 14.4746 ], [ 13.4788, 14.4601 ], [ 13.4751, 14.452 ], [ 13.4735, 14.4428 ], [ 13.4796, 14.3796 ], [ 13.4993, 14.3048 ], [ 13.6335, 13.7136 ], [ 13.6378, 13.7015 ], [ 13.6621, 13.6666 ], [ 13.7122, 13.6056 ], [ 13.7155, 13.5961 ], [ 13.7371, 13.5658 ], [ 13.784, 13.6068 ], [ 13.7919, 13.6378 ], [ 13.839, 13.6735 ], [ 13.8704, 13.6764 ], [ 13.9199, 13.703 ], [ 13.9625, 13.7379 ], [ 13.997, 13.7238 ], [ 14.0541, 13.7288 ], [ 14.0784, 13.7231 ], [ 14.1148, 13.6945 ], [ 14.1455, 13.6559 ], [ 14.1498, 13.6559 ], [ 14.2616, 13.6894 ], [ 14.2994, 13.7087 ], [ 14.3115, 13.7244 ], [ 14.3858, 13.7473 ], [ 14.405, 13.7565 ], [ 14.4172, 13.7772 ], [ 14.4414, 13.7944 ], [ 14.4593, 13.7951 ], [ 14.5114, 13.7751 ], [ 14.5888, 13.7871 ], [ 14.668, 13.8102 ], [ 14.6166, 13.9008 ] ] ] } },
{ "type": "Feature", "properties": { "iso3": "TCD", "unit_id": "80231986B16281120732306", "unit_name": "Lac Wey" }, "geometry": { "type": "Polygon", "coordinates": [ [ [ 16.0993, 8.9846 ], [ 16.0207, 8.9863 ], [ 15.9811, 8.9707 ], [ 15.9565, 8.9508 ], [ 15.915, 8.9698 ], [ 15.906, 8.9221 ], [ 15.9202, 8.8677 ], [ 15.9256, 8.8284 ], [ 15.8957, 8.8181 ], [ 15.8603, 8.8109 ], [ 15.8167, 8.7887 ], [ 15.7817, 8.7804 ], [ 15.7637, 8.7363 ], [ 15.7331, 8.6929 ], [ 15.731, 8.5861 ], [ 15.7034, 8.5551 ], [ 15.6871, 8.5231 ], [ 15.7123, 8.4926 ], [ 15.7415, 8.467 ], [ 15.7141, 8.4595 ], [ 15.6792, 8.459 ], [ 15.649, 8.4471 ], [ 15.6296, 8.3863 ], [ 15.648, 8.311 ], [ 15.685, 8.33 ], [ 15.768, 8.337 ], [ 15.803, 8.334 ], [ 15.822, 8.364 ], [ 15.834, 8.403 ], [ 15.862, 8.435 ], [ 15.918, 8.462 ], [ 15.958, 8.491 ], [ 15.9894, 8.5088 ], [ 15.9941, 8.5346 ], [ 16.043, 8.558 ], [ 16.0751, 8.5679 ], [ 16.117, 8.608 ], [ 16.2021, 8.6337 ], [ 16.273, 8.66 ], [ 16.3506, 8.6557 ], [ 16.3754, 8.692 ], [ 16.3619, 8.7177 ], [ 16.3524, 8.7543 ], [ 16.3629, 8.7944 ], [ 16.3781, 8.8208 ], [ 16.3873, 8.8569 ], [ 16.3531, 8.8667 ], [ 16.3124, 8.8654 ], [ 16.2719, 8.89 ], [ 16.1965, 8.8788 ], [ 16.164, 8.8706 ], [ 16.1279, 8.9555 ], [ 16.0993, 8.9846 ] ] ] } },
{ "type": "Feature", "properties": { "iso3": "TCD", "unit_id": "80231986B86201919406748", "unit_name": "Dodjé" }, "geometry": { "type": "Polygon", "coordinates": [ [ [ 15.7817, 8.7804 ], [ 15.7717, 8.8177 ], [ 15.7439, 8.8499 ], [ 15.7111, 8.8692 ], [ 15.6938, 8.8955 ], [ 15.6614, 8.9312 ], [ 15.6164, 8.9696 ], [ 15.573, 9.023 ], [ 15.441, 9.061 ], [ 15.387, 9.033 ], [ 15.394, 8.9881 ], [ 15.365, 8.937 ], [ 15.357, 8.87 ], [ 15.357, 8.759 ], [ 15.2916, 8.7006 ], [ 15.277, 8.662 ], [ 15.263, 8.611 ], [ 15.245, 8.574 ], [ 15.246, 8.537 ], [ 15.236, 8.5012 ], [ 15.2485, 8.4615 ], [ 15.2677, 8.4599 ], [ 15.2947, 8.4453 ], [ 15.323, 8.427 ], [ 15.342, 8.403 ], [ 15.3845, 8.378 ], [ 15.417, 8.37 ], [ 15.4458, 8.3761 ], [ 15.4549, 8.353 ], [ 15.4877, 8.328 ], [ 15.4906, 8.2903 ], [ 15.5272, 8.3025 ], [ 15.5368, 8.2893 ], [ 15.5294, 8.273 ], [ 15.554, 8.2714 ], [ 15.5811, 8.2817 ], [ 15.6064, 8.2845 ], [ 15.648, 8.311 ], [ 15.6296, 8.3863 ], [ 15.649, 8.4471 ], [ 15.6792, 8.459 ], [ 15.7141, 8.4595 ], [ 15.7415, 8.467 ], [ 15.7123, 8.4926 ], [ 15.6871, 8.5231 ], [ 15.7034, 8.5551 ], [ 15.731, 8.5861 ], [ 15.7331, 8.6929 ], [ 15.7637, 8.7363 ], [ 15.7817, 8.7804 ] ] ] } },
{ "type": "Feature", "properties": { "iso3": "TCD", "unit_id": "80231986B51832922983754", "unit_name": "Guéni" }, "geometry": { "type": "Polygon", "coordinates": [ [ [ 16.0993, 8.9846 ], [ 16.1056, 9.0122 ], [ 16.0975, 9.0564 ], [ 16.0972, 9.0983 ], [ 16.044, 9.128 ], [ 15.984, 9.129 ], [ 15.9592, 9.1149 ], [ 15.929, 9.061 ], [ 15.893, 9.052 ], [ 15.859, 9.053 ], [ 15.819, 9.039 ], [ 15.778, 9.051 ], [ 15.713, 9.051 ], [ 15.652, 9.061 ], [ 15.602, 9.033 ], [ 15.573, 9.023 ], [ 15.6164, 8.9696 ], [ 15.6614, 8.9312 ], [ 15.6938, 8.8955 ], [ 15.7111, 8.8692 ], [ 15.7439, 8.8499 ], [ 15.7717, 8.8177 ], [ 15.7817, 8.7804 ], [ 15.8167, 8.7887 ], [ 15.8603, 8.8109 ], [ 15.8957, 8.8181 ], [ 15.9256, 8.8284 ], [ 15.9202, 8.8677 ], [ 15.906, 8.9221 ], [ 15.915, 8.9698 ], [ 15.9565, 8.9508 ], [ 15.9811, 8.9707 ], [ 16.0207, 8.9863 ], [ 16.0993, 8.9846 ] ] ] } },
{ "type": "Feature", "properties": { "iso3": "TCD", "unit_id": "80231986B44561207833298", "unit_name": "Ngourkosso" }, "geometry": { "type": "Polygon", "coordinates": [ [ [ 16.3754, 8.692 ], [ 16.406, 8.717 ], [ 16.45, 8.727 ], [ 16.493, 8.746 ], [ 16.521, 8.777 ], [ 16.558, 8.83 ], [ 16.574, 8.874 ], [ 16.594, 8.899 ], [ 16.5867, 8.9251 ], [ 16.5735, 8.9377 ], [ 16.5664, 8.9593 ], [ 16.5446, 8.9517 ], [ 16.537, 8.9646 ], [ 16.533, 8.989 ], [ 16.504, 8.995 ], [ 16.486, 9.028 ], [ 16.427, 9.118 ], [ 16.414, 9.15 ], [ 16.411, 9.181 ], [ 16.381, 9.21 ], [ 16.364, 9.245 ], [ 16.335, 9.225 ], [ 16.2853, 9.1788 ], [ 16.277, 9.1741 ], [ 16.239, 9.165 ], [ 16.2136, 9.1538 ], [ 16.202, 9.122 ], [ 16.187, 9.098 ], [ 16.1571, 9.0796 ], [ 16.1315, 9.0836 ], [ 16.0972, 9.0983 ], [ 16.0975, 9.0564 ], [ 16.1056, 9.0122 ], [ 16.0993, 8.9846 ], [ 16.1279, 8.9555 ], [ 16.164, 8.8706 ], [ 16.1965, 8.8788 ], [ 16.2719, 8.89 ], [ 16.3124, 8.8654 ], [ 16.3531, 8.8667 ], [ 16.3873, 8.8569 ], [ 16.3781, 8.8208 ], [ 16.3629, 8.7944 ], [ 16.3524, 8.7543 ], [ 16.3619, 8.7177 ], [ 16.3754, 8.692 ] ] ] } },
{ "type": "Feature", "properties": { "iso3": "TCD", "unit_id": "80231986B57606174309452", "unit_name": "La Pendé" }, "geometry": { "type": "Polygon", "coordinates": [ [ [ 16.4486, 9.0831 ], [ 16.4672, 9.066 ], [ 16.5078, 9.0685 ], [ 16.5804, 9.0416 ], [ 16.5999, 9.0169 ], [ 16.6234, 8.9945 ], [ 16.6872, 8.943 ], [ 16.7162, 8.9125 ], [ 16.723, 8.8692 ], [ 16.7428, 8.8182 ], [ 16.7659, 8.7744 ], [ 16.7544, 8.738 ], [ 16.8018, 8.6585 ], [ 16.8011, 8.6129 ], [ 16.8292, 8.5951 ], [ 16.8493, 8.5751 ], [ 16.8856, 8.5919 ], [ 16.9683, 8.6103 ], [ 17.0065, 8.6258 ], [ 17.046, 8.631 ], [ 17.142, 8.762 ], [ 17.152, 8.885 ], [ 17.15, 8.971 ], [ 17.134, 9.078 ], [ 16.986, 9.05 ], [ 16.772, 9.071 ], [ 16.6839, 9.113 ], [ 16.654, 9.106 ], [ 16.6243, 9.1247 ], [ 16.596, 9.149 ], [ 16.543, 9.153 ], [ 16.427, 9.118 ], [ 16.4486, 9.0831 ] ] ] } },
{ "type": "Feature", "properties": { "iso3": "TCD", "unit_id": "80231986B22861938870445", "unit_name": "Kouh Est" }, "geometry": { "type": "Polygon", "coordinates": [ [ [ 16.8493, 8.5751 ], [ 16.8316, 8.5398 ], [ 16.8443, 8.4741 ], [ 16.826, 8.445 ], [ 16.813, 8.414 ], [ 16.8425, 8.4217 ], [ 16.8697, 8.4123 ], [ 16.9264, 8.4097 ], [ 16.9692, 8.4172 ], [ 16.9779, 8.3892 ], [ 16.9752, 8.3485 ], [ 16.977, 8.3174 ], [ 16.9904, 8.2782 ], [ 17.0591, 8.1672 ], [ 17.0829, 8.1467 ], [ 17.108, 8.131 ], [ 17.156, 8.146 ], [ 17.213, 8.157 ], [ 17.295, 8.296 ], [ 17.159, 8.495 ], [ 17.13, 8.545 ], [ 17.046, 8.631 ], [ 17.0065, 8.6258 ], [ 16.9683, 8.6103 ], [ 16.8856, 8.5919 ], [ 16.8493, 8.5751 ] ] ] } },
{ "type": "Feature", "properties": { "iso3": "TCD", "unit_id": "80231986B36093020637469", "unit_name": "Kouh Ouest" }, "geometry": { "type": "Polygon", "coordinates": [ [ [ 16.813, 8.414 ], [ 16.7431, 8.3342 ], [ 16.7097, 8.2755 ], [ 16.6771, 8.151 ], [ 16.6616, 8.0705 ], [ 16.6331, 8.0409 ], [ 16.6593, 8.0168 ], [ 16.6761, 7.9941 ], [ 16.7098, 7.9641 ], [ 16.7495, 7.9373 ], [ 16.7908, 7.9212 ], [ 16.8246, 7.9217 ], [ 16.8559, 7.9273 ], [ 16.8954, 7.9424 ], [ 16.9715, 7.9569 ], [ 17.0037, 7.9597 ], [ 17.0379, 7.9559 ], [ 17.165, 7.9644 ], [ 17.1981, 7.9629 ], [ 17.108, 8.131 ], [ 17.0829, 8.1467 ], [ 17.0591, 8.1672 ], [ 16.9904, 8.2782 ], [ 16.977, 8.3174 ], [ 16.9752, 8.3485 ], [ 16.9779, 8.3892 ], [ 16.9692, 8.4172 ], [ 16.9264, 8.4097 ], [ 16.8697, 8.4123 ], [ 16.8425, 8.4217 ], [ 16.813, 8.414 ] ] ] } },
{ "type": "Feature", "properties": { "iso3": "TCD", "unit_id": "80231986B16284247822660", "unit_name": "La Nya" }, "geometry": { "type": "Polygon", "coordinates": [ [ [ 16.3397, 8.6554 ], [ 16.3377, 8.6194 ], [ 16.3587, 8.5814 ], [ 16.4164, 8.5277 ], [ 16.4378, 8.4966 ], [ 16.4517, 8.4636 ], [ 16.4907, 8.4002 ], [ 16.5126, 8.3547 ], [ 16.5315, 8.3225 ], [ 16.5506, 8.2988 ], [ 16.5697, 8.2634 ], [ 16.6077, 8.2119 ], [ 16.6255, 8.1764 ], [ 16.6279, 8.1315 ], [ 16.6203, 8.0781 ], [ 16.6331, 8.0409 ], [ 16.6616, 8.0705 ], [ 16.6771, 8.151 ], [ 16.7097, 8.2755 ], [ 16.7431, 8.3342 ], [ 16.813, 8.414 ], [ 16.826, 8.445 ], [ 16.8443, 8.4741 ], [ 16.8316, 8.5398 ], [ 16.8493, 8.5751 ], [ 16.8292, 8.5951 ], [ 16.8011, 8.6129 ], [ 16.8018, 8.6585 ], [ 16.7544, 8.738 ], [ 16.7659, 8.7744 ], [ 16.7428, 8.8182 ], [ 16.723, 8.8692 ], [ 16.7162, 8.9125 ], [ 16.6872, 8.943 ], [ 16.6234, 8.9945 ], [ 16.5999, 9.0169 ], [ 16.5804, 9.0416 ], [ 16.5078, 9.0685 ], [ 16.4672, 9.066 ], [ 16.4486, 9.0831 ], [ 16.486, 9.028 ], [ 16.504, 8.995 ], [ 16.533, 8.989 ], [ 16.537, 8.9646 ], [ 16.5446, 8.9517 ], [ 16.5664, 8.9593 ], [ 16.5735, 8.9377 ], [ 16.5867, 8.9251 ], [ 16.594, 8.899 ], [ 16.574, 8.874 ], [ 16.558, 8.83 ], [ 16.521, 8.777 ], [ 16.493, 8.746 ], [ 16.45, 8.727 ], [ 16.406, 8.717 ], [ 16.3754, 8.692 ], [ 16.3506, 8.6557 ], [ 16.3397, 8.6554 ] ] ] } },
{ "type": "Feature", "properties": { "iso3": "TCD", "unit_id": "80231986B89113181106252", "unit_name": "La Nya Pendé" }, "geometry": { "type": "Polygon", "coordinates": [ [ [ 16.6331, 8.0409 ], [ 16.6203, 8.0781 ], [ 16.6279, 8.1315 ], [ 16.6255, 8.1764 ], [ 16.6077, 8.2119 ], [ 16.5697, 8.2634 ], [ 16.5506, 8.2988 ], [ 16.5315, 8.3225 ], [ 16.4907, 8.4002 ], [ 16.4517, 8.4636 ], [ 16.4224, 8.4637 ], [ 16.3903, 8.4571 ], [ 16.3333, 8.4315 ], [ 16.3089, 8.4145 ], [ 16.2793, 8.3991 ], [ 16.286, 8.2996 ], [ 16.2919, 8.2599 ], [ 16.304, 8.2187 ], [ 16.3161, 8.1906 ], [ 16.3248, 8.1458 ], [ 16.2934, 8.0497 ], [ 16.2984, 7.9972 ], [ 16.3168, 7.9544 ], [ 16.3322, 7.9081 ], [ 16.3491, 7.821 ], [ 16.3581, 7.7371 ], [ 16.3723, 7.6669 ], [ 16.3928, 7.6711 ], [ 16.3946, 7.6782 ], [ 16.4066, 7.6858 ], [ 16.4305, 7.7187 ], [ 16.4174, 7.7277 ], [ 16.4168, 7.7406 ], [ 16.4263, 7.7467 ], [ 16.4203, 7.7598 ], [ 16.4125, 7.7679 ], [ 16.4146, 7.7741 ], [ 16.4239, 7.7793 ], [ 16.439, 7.8052 ], [ 16.4553, 7.8024 ], [ 16.4574, 7.7987 ], [ 16.4541, 7.7925 ], [ 16.4598, 7.7849 ], [ 16.4891, 7.7903 ], [ 16.4947, 7.7971 ], [ 16.4956, 7.8086 ], [ 16.5088, 7.8191 ], [ 16.5141, 7.8273 ], [ 16.516, 7.8429 ], [ 16.5188, 7.8457 ], [ 16.5303, 7.8463 ], [ 16.5421, 7.8559 ], [ 16.5606, 7.8547 ], [ 16.5636, 7.8684 ], [ 16.5774, 7.87 ], [ 16.5959, 7.8802 ], [ 16.5982, 7.8703 ], [ 16.5868, 7.8515 ], [ 16.5837, 7.8339 ], [ 16.5913, 7.8251 ], [ 16.5914, 7.8121 ], [ 16.5979, 7.8049 ], [ 16.5945, 7.7689 ], [ 16.6124, 7.7582 ], [ 16.6313, 7.7623 ], [ 16.668, 7.7382 ], [ 16.6703, 7.7297 ], [ 16.6654, 7.7093 ], [ 16.6672, 7.6687 ], [ 16.6792, 7.6633 ], [ 16.6851, 7.6532 ], [ 16.6902, 7.6509 ], [ 16.7268, 7.6502 ], [ 16.7387, 7.6332 ], [ 16.7747, 7.6066 ], [ 16.7939, 7.5854 ], [ 16.7976, 7.5773 ], [ 16.7964, 7.5617 ], [ 16.8097, 7.5502 ], [ 16.8149, 7.5357 ], [ 16.8438, 7.5298 ], [ 16.8508, 7.5353 ], [ 16.8678, 7.5386 ], [ 16.8697, 7.5515 ], [ 16.8741, 7.5563 ], [ 16.8836, 7.5576 ], [ 16.896, 7.5502 ], [ 16.908, 7.5582 ], [ 16.9101, 7.5616 ], [ 16.9074, 7.5694 ], [ 16.8956, 7.5745 ], [ 16.9057, 7.5972 ], [ 16.8981, 7.6103 ], [ 16.9009, 7.6165 ], [ 16.9225, 7.6056 ], [ 16.9269, 7.606 ], [ 16.9246, 7.6178 ], [ 16.9283, 7.6228 ], [ 16.957, 7.636 ], [ 16.9634, 7.6354 ], [ 16.9751, 7.6278 ], [ 16.9871, 7.6356 ], [ 16.9936, 7.6319 ], [ 17.0053, 7.6348 ], [ 17.0403, 7.635 ], [ 17.0441, 7.6504 ], [ 17.0492, 7.6552 ], [ 17.0673, 7.6514 ], [ 17.0906, 7.6605 ], [ 17.0918, 7.6683 ], [ 17.0873, 7.6864 ], [ 17.0913, 7.6921 ], [ 17.1157, 7.6876 ], [ 17.1259, 7.6674 ], [ 17.1321, 7.6632 ], [ 17.1392, 7.6618 ], [ 17.1605, 7.6668 ], [ 17.1628, 7.6812 ], [ 17.1742, 7.6885 ], [ 17.1659, 7.6995 ], [ 17.1692, 7.7069 ], [ 17.2186, 7.7266 ], [ 17.217, 7.7422 ], [ 17.2254, 7.7499 ], [ 17.2326, 7.7634 ], [ 17.2379, 7.7639 ], [ 17.2441, 7.7595 ], [ 17.2546, 7.7463 ], [ 17.2627, 7.747 ], [ 17.2694, 7.7616 ], [ 17.2647, 7.7842 ], [ 17.2837, 7.7939 ], [ 17.268, 7.8347 ], [ 17.1981, 7.9629 ], [ 17.165, 7.9644 ], [ 17.0379, 7.9559 ], [ 17.0037, 7.9597 ], [ 16.9715, 7.9569 ], [ 16.8954, 7.9424 ], [ 16.8559, 7.9273 ], [ 16.8246, 7.9217 ], [ 16.7908, 7.9212 ], [ 16.7495, 7.9373 ], [ 16.7098, 7.9641 ], [ 16.6761, 7.9941 ], [ 16.6593, 8.0168 ], [ 16.6331, 8.0409 ] ] ] } },
{ "type": "Feature", "properties": { "iso3": "TCD", "unit_id": "80231986B99847843865071", "unit_name": "Monts de Lam" }, "geometry": { "type": "Polygon", "coordinates": [ [ [ 15.648, 8.311 ], [ 15.6064, 8.2845 ], [ 15.5811, 8.2817 ], [ 15.554, 8.2714 ], [ 15.5294, 8.273 ], [ 15.5368, 8.2893 ], [ 15.5272, 8.3025 ], [ 15.4906, 8.2903 ], [ 15.4877, 8.328 ], [ 15.4549, 8.353 ], [ 15.4458, 8.3761 ], [ 15.417, 8.37 ], [ 15.3845, 8.378 ], [ 15.342, 8.403 ], [ 15.323, 8.427 ], [ 15.2947, 8.4453 ], [ 15.2677, 8.4599 ], [ 15.2485, 8.4615 ], [ 15.2863, 8.3092 ], [ 15.3982, 8.0882 ], [ 15.391, 8.0409 ], [ 15.3992, 8.0161 ], [ 15.4165, 8.0 ], [ 15.4229, 7.9875 ], [ 15.4532, 7.8947 ], [ 15.4689, 7.8637 ], [ 15.5108, 7.7962 ], [ 15.5218, 7.7909 ], [ 15.5911, 7.7762 ], [ 15.5973, 7.7675 ], [ 15.591, 7.7443 ], [ 15.5954, 7.7378 ], [ 15.593, 7.7296 ], [ 15.5982, 7.6901 ], [ 15.5949, 7.6754 ], [ 15.5827, 7.6584 ], [ 15.5872, 7.6419 ], [ 15.5816, 7.6245 ], [ 15.5701, 7.611 ], [ 15.5684, 7.6048 ], [ 15.5746, 7.5951 ], [ 15.5739, 7.5905 ], [ 15.5406, 7.5569 ], [ 15.5229, 7.5448 ], [ 15.5168, 7.5322 ], [ 15.5075, 7.5275 ], [ 15.5465, 7.5112 ], [ 15.5604, 7.5105 ], [ 15.622, 7.5132 ], [ 15.6395, 7.5167 ], [ 15.7279, 7.5191 ], [ 15.7276, 7.505 ], [ 15.743, 7.4785 ], [ 15.7554, 7.4746 ], [ 15.759, 7.4638 ], [ 15.7664, 7.4578 ], [ 15.7735, 7.4628 ], [ 15.7853, 7.4619 ], [ 15.8, 7.4549 ], [ 15.8096, 7.4411 ], [ 15.8168, 7.4454 ], [ 15.834, 7.4456 ], [ 15.8458, 7.4522 ], [ 15.864, 7.453 ], [ 15.9094, 7.4671 ], [ 15.9311, 7.4787 ], [ 15.9511, 7.4837 ], [ 15.9748, 7.4833 ], [ 15.981, 7.4893 ], [ 15.99, 7.4904 ], [ 16.0103, 7.5057 ], [ 16.0175, 7.5199 ], [ 16.027, 7.5299 ], [ 16.039, 7.5338 ], [ 16.0433, 7.56 ], [ 16.0493, 7.5707 ], [ 16.0661, 7.5819 ], [ 16.1046, 7.5916 ], [ 16.1313, 7.5908 ], [ 16.1396, 7.5949 ], [ 16.1636, 7.5946 ], [ 16.1855, 7.6144 ], [ 16.2042, 7.6151 ], [ 16.2355, 7.6067 ], [ 16.2511, 7.6132 ], [ 16.2618, 7.6235 ], [ 16.2865, 7.6326 ], [ 16.3015, 7.6518 ], [ 16.3119, 7.6511 ], [ 16.3414, 7.662 ], [ 16.3476, 7.661 ], [ 16.3541, 7.667 ], [ 16.361, 7.6644 ], [ 16.3723, 7.6669 ], [ 16.3581, 7.7371 ], [ 16.3491, 7.821 ], [ 16.3322, 7.9081 ], [ 16.3168, 7.9544 ], [ 16.2984, 7.9972 ], [ 16.2934, 8.0497 ], [ 16.3248, 8.1458 ], [ 16.3161, 8.1906 ], [ 16.304, 8.2187 ], [ 16.2919, 8.2599 ], [ 16.286, 8.2996 ], [ 16.2793, 8.3991 ], [ 16.3089, 8.4145 ], [ 16.3333, 8.4315 ], [ 16.3903, 8.4571 ], [ 16.4224, 8.4637 ], [ 16.4517, 8.4636 ], [ 16.4378, 8.4966 ], [ 16.4164, 8.5277 ], [ 16.3587, 8.5814 ], [ 16.3377, 8.6194 ], [ 16.3397, 8.6554 ], [ 16.273, 8.66 ], [ 16.2021, 8.6337 ], [ 16.117, 8.608 ], [ 16.0751, 8.5679 ], [ 16.043, 8.558 ], [ 15.9941, 8.5346 ], [ 15.9894, 8.5088 ], [ 15.958, 8.491 ], [ 15.918, 8.462 ], [ 15.862, 8.435 ], [ 15.834, 8.403 ], [ 15.822, 8.364 ], [ 15.803, 8.334 ], [ 15.768, 8.337 ], [ 15.685, 8.33 ], [ 15.648, 8.311 ] ] ] } },
{ "type": "Feature", "properties": { "iso3": "TCD", "unit_id": "80231986B89278549424199", "unit_name": "Mandoul Oriental" }, "geometry": { "type": "Polygon", "coordinates": [ [ [ 17.1511, 8.9224 ], [ 17.1794, 8.9227 ], [ 17.2131, 8.9125 ], [ 17.2661, 8.9136 ], [ 17.3, 8.9012 ], [ 17.3329, 8.873 ], [ 17.3835, 8.8392 ], [ 17.3638, 8.8006 ], [ 17.3924, 8.7822 ], [ 17.4109, 8.8243 ], [ 17.4373, 8.8102 ], [ 17.4583, 8.7795 ], [ 17.4913, 8.7666 ], [ 17.5123, 8.741 ], [ 17.4812, 8.724 ], [ 17.4687, 8.698 ], [ 17.4895, 8.6536 ], [ 17.4956, 8.6122 ], [ 17.5329, 8.6285 ], [ 17.5746, 8.6573 ], [ 17.629, 8.7155 ], [ 17.6774, 8.7794 ], [ 17.7142, 8.7866 ], [ 17.7431, 8.8025 ], [ 17.768, 8.8191 ], [ 17.7913, 8.8468 ], [ 17.8309, 8.8764 ], [ 17.8599, 8.885 ], [ 17.8816, 8.9092 ], [ 17.9227, 8.9187 ], [ 17.9958, 8.9589 ], [ 17.9994, 8.9678 ], [ 18.0257, 8.9974 ], [ 18.0747, 9.015 ], [ 18.1008, 9.0199 ], [ 18.147, 9.0769 ], [ 18.1871, 9.1417 ], [ 18.1979, 9.1621 ], [ 18.2001, 9.1763 ], [ 18.144, 9.1796 ], [ 18.0116, 9.1989 ], [ 18.0032, 9.2026 ], [ 17.9938, 9.2177 ], [ 17.943, 9.2399 ], [ 17.8419, 9.2911 ], [ 17.8254, 9.2956 ], [ 17.8198, 9.3255 ], [ 17.8112, 9.347 ], [ 17.7756, 9.417 ], [ 17.7631, 9.4358 ], [ 17.7367, 9.4444 ], [ 17.6659, 9.4485 ], [ 17.6444, 9.503 ], [ 17.6205, 9.5428 ], [ 17.5956, 9.5673 ], [ 17.554, 9.597 ], [ 17.507, 9.616 ], [ 17.484, 9.641 ], [ 17.449, 9.632 ], [ 17.4264, 9.6196 ], [ 17.317, 9.594 ], [ 17.288, 9.601 ], [ 17.251, 9.596 ], [ 17.209, 9.576 ], [ 17.216, 9.545 ], [ 17.257, 9.492 ], [ 17.228, 9.47 ], [ 17.229, 9.382 ], [ 17.201, 9.355 ], [ 17.075, 9.261 ], [ 17.222, 9.166 ], [ 17.134, 9.078 ], [ 17.15, 8.971 ], [ 17.1511, 8.9224 ] ] ] } },
{ "type": "Feature", "properties": { "iso3": "TCD", "unit_id": "80231986B2783618219221", "unit_name": "Barh-Sara" }, "geometry": { "type": "Polygon", "coordinates": [ [ [ 17.108, 8.131 ], [ 17.268, 7.8347 ], [ 17.2822, 7.8017 ], [ 17.301, 7.8055 ], [ 17.3042, 7.8094 ], [ 17.3045, 7.8236 ], [ 17.3087, 7.8277 ], [ 17.3147, 7.8284 ], [ 17.3328, 7.8205 ], [ 17.3454, 7.8411 ], [ 17.3592, 7.8403 ], [ 17.3652, 7.8487 ], [ 17.3763, 7.8466 ], [ 17.3936, 7.8509 ], [ 17.3984, 7.8437 ], [ 17.403, 7.843 ], [ 17.4045, 7.8579 ], [ 17.4089, 7.8662 ], [ 17.4236, 7.8585 ], [ 17.4243, 7.8631 ], [ 17.4181, 7.8714 ], [ 17.4211, 7.8755 ], [ 17.4331, 7.8773 ], [ 17.4388, 7.8676 ], [ 17.4457, 7.8662 ], [ 17.4494, 7.8691 ], [ 17.4472, 7.8777 ], [ 17.449, 7.8834 ], [ 17.4596, 7.8838 ], [ 17.4678, 7.8941 ], [ 17.4767, 7.8928 ], [ 17.5111, 7.8676 ], [ 17.5151, 7.8688 ], [ 17.5235, 7.891 ], [ 17.5269, 7.8914 ], [ 17.5308, 7.8868 ], [ 17.5368, 7.8872 ], [ 17.5385, 7.904 ], [ 17.5472, 7.9213 ], [ 17.5617, 7.9226 ], [ 17.5694, 7.9081 ], [ 17.5787, 7.9124 ], [ 17.5852, 7.9239 ], [ 17.5965, 7.9327 ], [ 17.6014, 7.9327 ], [ 17.6101, 7.926 ], [ 17.6165, 7.9269 ], [ 17.6332, 7.9454 ], [ 17.6454, 7.9435 ], [ 17.6489, 7.9457 ], [ 17.6589, 7.9624 ], [ 17.6583, 7.9741 ], [ 17.6717, 7.9828 ], [ 17.694, 7.9817 ], [ 17.7034, 7.9695 ], [ 17.7163, 7.9786 ], [ 17.7332, 7.9784 ], [ 17.9216, 7.9586 ], [ 17.9449, 7.9628 ], [ 17.9957, 7.9928 ], [ 18.0, 7.9859 ], [ 18.032, 8.0093 ], [ 18.214, 8.0194 ], [ 18.1956, 8.0786 ], [ 18.17, 8.2072 ], [ 18.167, 8.2517 ], [ 18.1775, 8.2972 ], [ 18.1779, 8.3398 ], [ 18.1682, 8.3761 ], [ 18.1538, 8.3953 ], [ 18.1444, 8.4158 ], [ 18.1286, 8.4699 ], [ 18.1267, 8.5118 ], [ 18.1169, 8.5468 ], [ 18.1091, 8.5532 ], [ 18.1029, 8.553 ], [ 18.0941, 8.5599 ], [ 18.0785, 8.5654 ], [ 18.064, 8.5993 ], [ 18.0491, 8.6619 ], [ 18.0493, 8.7151 ], [ 18.0619, 8.7627 ], [ 18.0615, 8.7849 ], [ 18.0583, 8.7953 ], [ 18.0424, 8.8095 ], [ 18.0278, 8.8303 ], [ 18.0245, 8.8404 ], [ 18.0191, 8.8443 ], [ 17.9976, 8.9173 ], [ 17.9958, 8.9589 ], [ 17.9227, 8.9187 ], [ 17.8816, 8.9092 ], [ 17.8599, 8.885 ], [ 17.8309, 8.8764 ], [ 17.7913, 8.8468 ], [ 17.768, 8.8191 ], [ 17.7431, 8.8025 ], [ 17.7142, 8.7866 ], [ 17.6774, 8.7794 ], [ 17.629, 8.7155 ], [ 17.5746, 8.6573 ], [ 17.5329, 8.6285 ], [ 17.4956, 8.6122 ], [ 17.4836, 8.5866 ], [ 17.465, 8.5632 ], [ 17.4282, 8.542 ], [ 17.3903, 8.5057 ], [ 17.3181, 8.3218 ], [ 17.295, 8.296 ], [ 17.213, 8.157 ], [ 17.156, 8.146 ], [ 17.108, 8.131 ] ] ] } },
{ "type": "Feature", "properties": { "iso3": "TCD", "unit_id": "80231986B2762517529308", "unit_name": "Mandoul Occidental" }, "geometry": { "type": "Polygon", "coordinates": [ [ [ 17.046, 8.631 ], [ 17.13, 8.545 ], [ 17.159, 8.495 ], [ 17.295, 8.296 ], [ 17.3181, 8.3218 ], [ 17.3903, 8.5057 ], [ 17.4282, 8.542 ], [ 17.465, 8.5632 ], [ 17.4836, 8.5866 ], [ 17.4956, 8.6122 ], [ 17.4895, 8.6536 ], [ 17.4687, 8.698 ], [ 17.4812, 8.724 ], [ 17.5123, 8.741 ], [ 17.4913, 8.7666 ], [ 17.4583, 8.7795 ], [ 17.4373, 8.8102 ], [ 17.4109, 8.8243 ], [ 17.3924, 8.7822 ], [ 17.3638, 8.8006 ], [ 17.3835, 8.8392 ], [ 17.3329, 8.873 ], [ 17.3, 8.9012 ], [ 17.2661, 8.9136 ], [ 17.2131, 8.9125 ], [ 17.1794, 8.9227 ], [ 17.1511, 8.9224 ], [ 17.152, 8.885 ], [ 17.142, 8.762 ], [ 17.046, 8.631 ] ] ] } },
{ "type": "Feature", "properties": { "iso3": "TCD", "unit_id": "80231986B56575190058993", "unit_name": "Mayo-Boneye" }, "geometry": { "type": "Polygon", "coordinates": [ [ [ 16.1249, 10.7577 ], [ 16.1009, 10.7004 ], [ 16.0305, 10.6303 ], [ 16.0029, 10.5933 ], [ 15.9827, 10.5459 ], [ 15.9631, 10.5154 ], [ 15.9247, 10.5082 ], [ 15.888, 10.5065 ], [ 15.8564, 10.5279 ], [ 15.8209, 10.5465 ], [ 15.7728, 10.5538 ], [ 15.7286, 10.574 ], [ 15.717, 10.6279 ], [ 15.6899, 10.7094 ], [ 15.6569, 10.7348 ], [ 15.6119, 10.7435 ], [ 15.5007, 10.7454 ], [ 15.4628, 10.7669 ], [ 15.4364, 10.7514 ], [ 15.4121, 10.7099 ], [ 15.373, 10.721 ], [ 15.3196, 10.7896 ], [ 15.3058, 10.8323 ], [ 15.2626, 10.8469 ], [ 15.1829, 10.8274 ], [ 15.1525, 10.7922 ], [ 15.1334, 10.7535 ], [ 15.1162, 10.7275 ], [ 15.1339, 10.6962 ], [ 15.1432, 10.6679 ], [ 15.1545, 10.6465 ], [ 15.1575, 10.6225 ], [ 15.1547, 10.6078 ], [ 15.1442, 10.5887 ], [ 15.1459, 10.5383 ], [ 15.1594, 10.5229 ], [ 15.1708, 10.516 ], [ 15.2086, 10.5023 ], [ 15.2411, 10.4707 ], [ 15.2515, 10.4373 ], [ 15.2833, 10.4014 ], [ 15.2827, 10.3653 ], [ 15.2973, 10.3473 ], [ 15.2945, 10.3395 ], [ 15.2961, 10.3353 ], [ 15.3075, 10.327 ], [ 15.3116, 10.3166 ], [ 15.3086, 10.3114 ], [ 15.3102, 10.3074 ], [ 15.3297, 10.3035 ], [ 15.3557, 10.2907 ], [ 15.3784, 10.2589 ], [ 15.3934, 10.2511 ], [ 15.4096, 10.2301 ], [ 15.4205, 10.2096 ], [ 15.4516, 10.1879 ], [ 15.4621, 10.1598 ], [ 15.4802, 10.1386 ], [ 15.4862, 10.119 ], [ 15.5054, 10.1102 ], [ 15.5139, 10.0906 ], [ 15.5186, 10.0883 ], [ 15.5214, 10.0929 ], [ 15.5295, 10.0947 ], [ 15.5723, 10.0602 ], [ 15.5911, 10.0544 ], [ 15.6068, 10.0408 ], [ 15.6189, 10.0424 ], [ 15.6291, 10.0329 ], [ 15.649, 10.0259 ], [ 15.6752, 10.0074 ], [ 15.6803, 10.0014 ], [ 15.6837, 9.9851 ], [ 15.659, 9.9765 ], [ 15.6695, 9.9565 ], [ 15.7203, 9.8917 ], [ 15.7655, 9.8526 ], [ 15.796, 9.8315 ], [ 15.7837, 9.7696 ], [ 15.7867, 9.745 ], [ 15.7939, 9.7247 ], [ 15.8026, 9.7165 ], [ 15.8414, 9.7169 ], [ 15.8654, 9.7113 ], [ 15.8803, 9.7018 ], [ 15.8892, 9.6761 ], [ 15.9145, 9.6558 ], [ 15.9328, 9.6542 ], [ 15.9598, 9.661 ], [ 16.0325, 9.7019 ], [ 16.0675, 9.7405 ], [ 16.0945, 9.7612 ], [ 16.138, 9.8104 ], [ 16.1663, 9.8641 ], [ 16.1853, 9.8858 ], [ 16.2017, 9.911 ], [ 16.2291, 9.9835 ], [ 16.263, 10.031 ], [ 16.243, 10.086 ], [ 16.238, 10.1799 ], [ 16.1963, 10.2092 ], [ 16.174, 10.265 ], [ 16.1518, 10.2821 ], [ 16.129, 10.314 ], [ 16.123, 10.382 ], [ 16.121, 10.465 ], [ 16.149, 10.707 ], [ 16.1395, 10.7406 ], [ 16.1249, 10.7577 ] ] ] } },
{ "type": "Feature", "properties": { "iso3": "TCD", "unit_id": "80231986B73474824117614", "unit_name": "Kabbia" }, "geometry": { "type": "Polygon", "coordinates": [ [ [ 15.7655, 9.8526 ], [ 15.7181, 9.8126 ], [ 15.6721, 9.793 ], [ 15.573, 9.7813 ], [ 15.5323, 9.7894 ], [ 15.3986, 9.7733 ], [ 15.3529, 9.7655 ], [ 15.2197, 9.7263 ], [ 15.185, 9.7269 ], [ 15.1639, 9.7081 ], [ 15.1532, 9.6818 ], [ 15.1482, 9.6271 ], [ 15.1283, 9.5954 ], [ 15.0705, 9.5592 ], [ 15.0809, 9.5418 ], [ 15.0881, 9.5212 ], [ 15.086, 9.4969 ], [ 15.0885, 9.4816 ], [ 15.092, 9.4775 ], [ 15.0879, 9.4532 ], [ 15.0893, 9.4385 ], [ 15.0999, 9.427 ], [ 15.1039, 9.412 ], [ 15.1205, 9.3939 ], [ 15.1379, 9.3573 ], [ 15.1818, 9.3246 ], [ 15.2445, 9.2947 ], [ 15.27, 9.2713 ], [ 15.3499, 9.2375 ], [ 15.3562, 9.2298 ], [ 15.3786, 9.2224 ], [ 15.3923, 9.2141 ], [ 15.411, 9.2075 ], [ 15.421, 9.21 ], [ 15.475, 9.289 ], [ 15.484, 9.319 ], [ 15.5339, 9.3806 ], [ 15.5885, 9.4415 ], [ 15.665, 9.504 ], [ 15.675, 9.525 ], [ 15.682, 9.586 ], [ 15.714, 9.602 ], [ 15.7273, 9.6763 ], [ 15.755, 9.708 ], [ 15.7939, 9.7247 ], [ 15.7867, 9.745 ], [ 15.7837, 9.7696 ], [ 15.796, 9.8315 ], [ 15.7655, 9.8526 ] ] ] } },
{ "type": "Feature", "properties": { "iso3": "TCD", "unit_id": "80231986B85329711652814", "unit_name": "Mayo-Lemié" }, "geometry": { "type": "Polygon", "coordinates": [ [ [ 15.397, 11.212 ], [ 15.231, 11.209 ], [ 15.0338, 11.093 ], [ 15.0353, 11.0871 ], [ 15.0426, 11.0857 ], [ 15.0451, 11.082 ], [ 15.0371, 11.0715 ], [ 15.0447, 11.0624 ], [ 15.043, 11.0564 ], [ 15.0467, 11.0539 ], [ 15.0524, 11.0386 ], [ 15.0518, 11.0212 ], [ 15.048, 11.0141 ], [ 15.0519, 11.009 ], [ 15.0501, 10.9955 ], [ 15.0611, 10.9802 ], [ 15.0629, 10.9664 ], [ 15.0829, 10.948 ], [ 15.0866, 10.9135 ], [ 15.0921, 10.8925 ], [ 15.0935, 10.8661 ], [ 15.0702, 10.8387 ], [ 15.0694, 10.8054 ], [ 15.0752, 10.7991 ], [ 15.0831, 10.7768 ], [ 15.1061, 10.7367 ], [ 15.1162, 10.7275 ], [ 15.1334, 10.7535 ], [ 15.1525, 10.7922 ], [ 15.1829, 10.8274 ], [ 15.2626, 10.8469 ], [ 15.3058, 10.8323 ], [ 15.3196, 10.7896 ], [ 15.373, 10.721 ], [ 15.4121, 10.7099 ], [ 15.4364, 10.7514 ], [ 15.4628, 10.7669 ], [ 15.5007, 10.7454 ], [ 15.6119, 10.7435 ], [ 15.6569, 10.7348 ], [ 15.6899, 10.7094 ], [ 15.717, 10.6279 ], [ 15.7286, 10.574 ], [ 15.7728, 10.5538 ], [ 15.8209, 10.5465 ], [ 15.8564, 10.5279 ], [ 15.888, 10.5065 ], [ 15.9247, 10.5082 ], [ 15.9631, 10.5154 ], [ 15.9827, 10.5459 ], [ 16.0029, 10.5933 ], [ 16.0305, 10.6303 ], [ 16.1009, 10.7004 ], [ 16.1249, 10.7577 ], [ 16.117, 10.767 ], [ 16.048, 10.752 ], [ 15.996, 10.779 ], [ 15.907, 10.778 ], [ 15.872, 10.79 ], [ 15.84, 10.795 ], [ 15.745, 10.825 ], [ 15.7006, 10.8638 ], [ 15.6728, 10.8791 ], [ 15.649, 10.899 ], [ 15.613, 10.902 ], [ 15.544, 10.94 ], [ 15.533, 10.974 ], [ 15.505, 11.006 ], [ 15.475, 11.022 ], [ 15.438, 11.061 ], [ 15.421, 11.114 ], [ 15.408, 11.181 ], [ 15.397, 11.212 ] ] ] } },
{ "type": "Feature", "properties": { "iso3": "TCD", "unit_id": "80231986B12922126440448", "unit_name": "Mont Illi" }, "geometry": { "type": "Polygon", "coordinates": [ [ [ 15.659, 9.9765 ], [ 15.6235, 9.9699 ], [ 15.5898, 9.9578 ], [ 15.5467, 9.9504 ], [ 15.5218, 9.95 ], [ 15.4879, 9.938 ], [ 15.435, 9.9333 ], [ 15.3379, 9.9711 ], [ 15.3098, 9.9744 ], [ 15.2361, 9.9964 ], [ 15.2126, 9.9645 ], [ 15.1894, 9.9708 ], [ 15.1595, 9.9895 ], [ 15.1328, 9.9946 ], [ 15.1115, 9.9829 ], [ 15.107, 9.977 ], [ 15.1066, 9.9671 ], [ 15.1014, 9.9639 ], [ 15.0669, 9.9667 ], [ 15.0365, 9.9801 ], [ 15.0182, 9.9955 ], [ 15.0029, 10.0013 ], [ 14.9855, 10.0011 ], [ 14.9495, 9.9857 ], [ 14.9191, 9.9798 ], [ 14.891, 9.9619 ], [ 14.8696, 9.9415 ], [ 14.836, 9.9245 ], [ 14.7989, 9.9277 ], [ 14.7562, 9.9492 ], [ 14.7244, 9.9513 ], [ 14.7416, 9.916 ], [ 14.735, 9.8945 ], [ 14.7262, 9.8842 ], [ 14.7259, 9.8742 ], [ 14.7326, 9.8704 ], [ 14.7346, 9.8645 ], [ 14.7212, 9.8389 ], [ 14.7282, 9.8226 ], [ 14.7341, 9.8201 ], [ 14.7383, 9.774 ], [ 14.7486, 9.7236 ], [ 14.7455, 9.7017 ], [ 14.749, 9.6698 ], [ 14.7673, 9.6641 ], [ 14.7932, 9.6682 ], [ 14.8178, 9.668 ], [ 14.8419, 9.6759 ], [ 14.8605, 9.6739 ], [ 14.9304, 9.6965 ], [ 14.9501, 9.6984 ], [ 14.9663, 9.6891 ], [ 14.9898, 9.683 ], [ 14.9982, 9.6742 ], [ 15.0383, 9.6579 ], [ 15.0461, 9.6454 ], [ 15.0466, 9.6295 ], [ 15.0291, 9.6107 ], [ 15.0272, 9.5965 ], [ 15.0362, 9.5911 ], [ 15.0487, 9.5716 ], [ 15.0577, 9.5633 ], [ 15.0705, 9.5592 ], [ 15.1283, 9.5954 ], [ 15.1482, 9.6271 ], [ 15.1532, 9.6818 ], [ 15.1639, 9.7081 ], [ 15.185, 9.7269 ], [ 15.2197, 9.7263 ], [ 15.3529, 9.7655 ], [ 15.3986, 9.7733 ], [ 15.5323, 9.7894 ], [ 15.573, 9.7813 ], [ 15.6721, 9.793 ], [ 15.7181, 9.8126 ], [ 15.7655, 9.8526 ], [ 15.7203, 9.8917 ], [ 15.6695, 9.9565 ], [ 15.659, 9.9765 ] ] ] } },
{ "type": "Feature", "properties": { "iso3": "TCD", "unit_id": "80231986B48371656231887", "unit_name": "Mayo-Dallah" }, "geometry": { "type": "Polygon", "coordinates": [ [ [ 15.441, 9.061 ], [ 15.432, 9.092 ], [ 15.4336, 9.1771 ], [ 15.421, 9.21 ], [ 15.411, 9.2075 ], [ 15.3923, 9.2141 ], [ 15.3786, 9.2224 ], [ 15.3562, 9.2298 ], [ 15.3499, 9.2375 ], [ 15.27, 9.2713 ], [ 15.2445, 9.2947 ], [ 15.1818, 9.3246 ], [ 15.1379, 9.3573 ], [ 15.1205, 9.3939 ], [ 15.1039, 9.412 ], [ 15.0999, 9.427 ], [ 15.0893, 9.4385 ], [ 15.0879, 9.4532 ], [ 15.092, 9.4775 ], [ 15.0885, 9.4816 ], [ 15.086, 9.4969 ], [ 15.0881, 9.5212 ], [ 15.0809, 9.5418 ], [ 15.0705, 9.5592 ], [ 15.0577, 9.5633 ], [ 15.0487, 9.5716 ], [ 15.0362, 9.5911 ], [ 15.0272, 9.5965 ], [ 15.0291, 9.6107 ], [ 15.0466, 9.6295 ], [ 15.0461, 9.6454 ], [ 15.034, 9.6615 ], [ 14.9982, 9.6742 ], [ 14.9898, 9.683 ], [ 14.9663, 9.6891 ], [ 14.9501, 9.6984 ], [ 14.9304, 9.6965 ], [ 14.8605, 9.6739 ], [ 14.8419, 9.6759 ], [ 14.8178, 9.668 ], [ 14.7932, 9.6682 ], [ 14.7673, 9.6641 ], [ 14.749, 9.6698 ], [ 14.7522, 9.5972 ], [ 14.7411, 9.5629 ], [ 14.7054, 9.4885 ], [ 14.6626, 9.4692 ], [ 14.645, 9.442 ], [ 14.6391, 9.4033 ], [ 14.6116, 9.3682 ], [ 14.5775, 9.3629 ], [ 14.5465, 9.3764 ], [ 14.5262, 9.4022 ], [ 14.391, 9.4325 ], [ 14.3472, 9.4153 ], [ 14.3175, 9.3983 ], [ 14.2945, 9.3928 ], [ 14.2697, 9.3797 ], [ 14.2774, 9.3734 ], [ 14.2994, 9.3665 ], [ 14.3174, 9.3667 ], [ 14.3374, 9.3295 ], [ 14.3545, 9.3077 ], [ 14.3858, 9.2886 ], [ 14.3927, 9.2679 ], [ 14.3897, 9.2484 ], [ 14.3784, 9.2222 ], [ 14.3766, 9.2072 ], [ 14.3808, 9.1969 ], [ 14.4303, 9.1517 ], [ 14.4458, 9.1264 ], [ 14.4727, 9.1123 ], [ 14.4933, 9.0919 ], [ 14.4933, 9.0871 ], [ 14.4842, 9.0763 ], [ 14.4845, 9.0708 ], [ 14.5099, 9.0324 ], [ 14.5368, 9.0257 ], [ 14.5597, 9.0119 ], [ 14.6263, 8.9505 ], [ 14.682, 8.8894 ], [ 14.7175, 8.8632 ], [ 14.7388, 8.8413 ], [ 14.7536, 8.8202 ], [ 14.7665, 8.8133 ], [ 14.8088, 8.8107 ], [ 14.8231, 8.8013 ], [ 14.8501, 8.8028 ], [ 14.8552, 8.809 ], [ 14.8681, 8.8095 ], [ 14.8737, 8.8161 ], [ 14.8796, 8.8098 ], [ 14.8841, 8.8133 ], [ 14.8979, 8.809 ], [ 14.9068, 8.7921 ], [ 14.9072, 8.7834 ], [ 14.9253, 8.769 ], [ 14.9106, 8.7557 ], [ 14.9247, 8.7471 ], [ 14.951, 8.7476 ], [ 14.9557, 8.7404 ], [ 14.9767, 8.7335 ], [ 14.9873, 8.7227 ], [ 14.9891, 8.7181 ], [ 14.9833, 8.6878 ], [ 14.9884, 8.6774 ], [ 15.0071, 8.6785 ], [ 15.0458, 8.6695 ], [ 15.0553, 8.6727 ], [ 15.0794, 8.6705 ], [ 15.1069, 8.6734 ], [ 15.1569, 8.6472 ], [ 15.1742, 8.6331 ], [ 15.1898, 8.6143 ], [ 15.2076, 8.6108 ], [ 15.2119, 8.5733 ], [ 15.2165, 8.5651 ], [ 15.2206, 8.5439 ], [ 15.2307, 8.5244 ], [ 15.236, 8.5012 ], [ 15.246, 8.537 ], [ 15.245, 8.574 ], [ 15.263, 8.611 ], [ 15.277, 8.662 ], [ 15.2916, 8.7006 ], [ 15.357, 8.759 ], [ 15.357, 8.87 ], [ 15.365, 8.937 ], [ 15.394, 8.9881 ], [ 15.387, 9.033 ], [ 15.441, 9.061 ] ] ] } },
{ "type": "Feature", "properties": { "iso3": "TCD", "unit_id": "80231986B84255284009622", "unit_name": "Lac Léré" }, "geometry": { "type": "Polygon", "coordinates": [ [ [ 14.7341, 9.8201 ], [ 14.6825, 9.7846 ], [ 14.638, 9.7382 ], [ 14.6031, 9.7133 ], [ 14.5258, 9.698 ], [ 14.5313, 9.7023 ], [ 14.5182, 9.7056 ], [ 14.4889, 9.7288 ], [ 14.4677, 9.7355 ], [ 14.4254, 9.7626 ], [ 14.4082, 9.7663 ], [ 14.3782, 9.7648 ], [ 14.3592, 9.7592 ], [ 14.3243, 9.7574 ], [ 14.3095, 9.7726 ], [ 14.3018, 9.7903 ], [ 14.2848, 9.81 ], [ 14.2299, 9.8517 ], [ 14.2089, 9.8596 ], [ 14.1549, 9.8692 ], [ 14.1043, 9.8018 ], [ 14.0839, 9.7833 ], [ 14.0754, 9.7667 ], [ 14.0497, 9.7515 ], [ 14.0386, 9.7375 ], [ 14.025, 9.7057 ], [ 14.0195, 9.6708 ], [ 14.0221, 9.6471 ], [ 14.0467, 9.6253 ], [ 14.062, 9.5892 ], [ 14.0997, 9.5518 ], [ 14.1085, 9.5375 ], [ 14.1359, 9.5082 ], [ 14.1669, 9.485 ], [ 14.1911, 9.4781 ], [ 14.1967, 9.4501 ], [ 14.2117, 9.445 ], [ 14.2249, 9.4354 ], [ 14.2505, 9.3915 ], [ 14.2697, 9.3797 ], [ 14.2945, 9.3928 ], [ 14.3175, 9.3983 ], [ 14.3472, 9.4153 ], [ 14.391, 9.4325 ], [ 14.5262, 9.4022 ], [ 14.5465, 9.3764 ], [ 14.5775, 9.3629 ], [ 14.6116, 9.3682 ], [ 14.6391, 9.4033 ], [ 14.645, 9.442 ], [ 14.6626, 9.4692 ], [ 14.7054, 9.4885 ], [ 14.7411, 9.5629 ], [ 14.7522, 9.5972 ], [ 14.7455, 9.7017 ], [ 14.7486, 9.7236 ], [ 14.7383, 9.774 ], [ 14.7341, 9.8201 ] ] ] } },
{ "type": "Feature", "properties": { "iso3": "TCD", "unit_id": "80231986B78638607808021", "unit_name": "Mayo-Binder" }, "geometry": { "type": "Polygon", "coordinates": [ [ [ 14.7244, 9.9513 ], [ 14.7054, 9.9499 ], [ 14.6441, 9.9665 ], [ 14.6332, 9.9732 ], [ 14.6105, 9.9773 ], [ 14.5441, 9.9994 ], [ 14.4996, 10.0088 ], [ 14.4847, 10.0102 ], [ 14.4636, 10.0054 ], [ 14.4169, 10.0028 ], [ 14.3817, 10.0044 ], [ 14.3473, 9.997 ], [ 14.3079, 10.0037 ], [ 14.2364, 9.9974 ], [ 14.2095, 9.9895 ], [ 14.2002, 9.9815 ], [ 14.1924, 9.9652 ], [ 14.1776, 9.9003 ], [ 14.1549, 9.8692 ], [ 14.2089, 9.8596 ], [ 14.2299, 9.8517 ], [ 14.2848, 9.81 ], [ 14.3018, 9.7903 ], [ 14.3095, 9.7726 ], [ 14.3243, 9.7574 ], [ 14.3592, 9.7592 ], [ 14.3782, 9.7648 ], [ 14.4082, 9.7663 ], [ 14.4254, 9.7626 ], [ 14.4677, 9.7355 ], [ 14.4889, 9.7288 ], [ 14.5182, 9.7056 ], [ 14.5313, 9.7023 ], [ 14.5258, 9.698 ], [ 14.6031, 9.7133 ], [ 14.638, 9.7382 ], [ 14.6825, 9.7846 ], [ 14.7341, 9.8201 ], [ 14.7282, 9.8226 ], [ 14.7212, 9.8389 ], [ 14.7346, 9.8645 ], [ 14.7326, 9.8704 ], [ 14.7259, 9.8742 ], [ 14.7262, 9.8842 ], [ 14.735, 9.8945 ], [ 14.7416, 9.916 ], [ 14.7244, 9.9513 ] ] ] } },
{ "type": "Feature", "properties": { "iso3": "TCD", "unit_id": "80231986B99087797088937", "unit_name": "Bahr-Köh" }, "geometry": { "type": "Polygon", "coordinates": [ [ [ 17.591, 9.673 ], [ 17.575, 9.624 ], [ 17.554, 9.597 ], [ 17.5956, 9.5673 ], [ 17.6205, 9.5428 ], [ 17.6444, 9.503 ], [ 17.6659, 9.4485 ], [ 17.7367, 9.4444 ], [ 17.7631, 9.4358 ], [ 17.7756, 9.417 ], [ 17.8112, 9.347 ], [ 17.8198, 9.3255 ], [ 17.8254, 9.2956 ], [ 17.8419, 9.2911 ], [ 17.943, 9.2399 ], [ 17.9938, 9.2177 ], [ 18.0032, 9.2026 ], [ 18.0116, 9.1989 ], [ 18.144, 9.1796 ], [ 18.2001, 9.1763 ], [ 18.1979, 9.1621 ], [ 18.1871, 9.1417 ], [ 18.147, 9.0769 ], [ 18.1093, 9.0279 ], [ 18.1008, 9.0199 ], [ 18.0747, 9.015 ], [ 18.0257, 8.9974 ], [ 17.9994, 8.9678 ], [ 17.9958, 8.9589 ], [ 17.9976, 8.9173 ], [ 18.0191, 8.8443 ], [ 18.0245, 8.8404 ], [ 18.0278, 8.8303 ], [ 18.0424, 8.8095 ], [ 18.0583, 8.7953 ], [ 18.0615, 8.7849 ], [ 18.0619, 8.7627 ], [ 18.0493, 8.7151 ], [ 18.0491, 8.6619 ], [ 18.064, 8.5993 ], [ 18.0785, 8.5654 ], [ 18.1122, 8.5512 ], [ 18.1169, 8.5468 ], [ 18.1231, 8.5301 ], [ 18.1486, 8.5424 ], [ 18.1782, 8.5421 ], [ 18.2494, 8.5624 ], [ 18.2912, 8.5711 ], [ 18.3193, 8.5843 ], [ 18.3742, 8.6508 ], [ 18.4107, 8.7069 ], [ 18.4411, 8.7379 ], [ 18.4528, 8.7688 ], [ 18.4638, 8.8328 ], [ 18.4983, 8.8625 ], [ 18.5306, 8.8782 ], [ 18.5645, 8.857 ], [ 18.5811, 8.8118 ], [ 18.6077, 8.7919 ], [ 18.6146, 8.7525 ], [ 18.6504, 8.7287 ], [ 18.6811, 8.6956 ], [ 18.7541, 8.6922 ], [ 18.7806, 8.6666 ], [ 18.8196, 8.6538 ], [ 18.8525, 8.661 ], [ 18.9453, 8.6585 ], [ 18.9713, 8.6723 ], [ 19.0081, 8.6805 ], [ 19.0506, 8.6735 ], [ 19.0775, 8.6408 ], [ 19.0836, 8.6492 ], [ 19.094, 8.6519 ], [ 19.1005, 8.661 ], [ 19.1207, 8.6687 ], [ 19.1214, 8.6754 ], [ 19.109, 8.6857 ], [ 19.1051, 8.6987 ], [ 19.0822, 8.7105 ], [ 19.0595, 8.7158 ], [ 19.0418, 8.7274 ], [ 19.0333, 8.7355 ], [ 19.0196, 8.7614 ], [ 19.0145, 8.7657 ], [ 18.9852, 8.7744 ], [ 18.9604, 8.7881 ], [ 18.9523, 8.8092 ], [ 18.9466, 8.8128 ], [ 18.9359, 8.81 ], [ 18.923, 8.8004 ], [ 18.9097, 8.8069 ], [ 18.9062, 8.8468 ], [ 18.9008, 8.8506 ], [ 18.8885, 8.8513 ], [ 18.8807, 8.8437 ], [ 18.8814, 8.8405 ], [ 18.8744, 8.8411 ], [ 18.8625, 8.8526 ], [ 18.8673, 8.8617 ], [ 18.8657, 8.8714 ], [ 18.8683, 8.8757 ], [ 18.8823, 8.8811 ], [ 18.8927, 8.8896 ], [ 18.8866, 8.898 ], [ 18.889, 8.901 ], [ 18.9053, 8.8978 ], [ 18.9117, 8.9126 ], [ 18.9226, 8.926 ], [ 18.933, 8.9264 ], [ 18.9431, 8.931 ], [ 18.9603, 8.9276 ], [ 18.9685, 8.9403 ], [ 18.9759, 8.9415 ], [ 18.9876, 8.9752 ], [ 18.9927, 8.9792 ], [ 19.0097, 8.9781 ], [ 19.0225, 8.9943 ], [ 19.007, 9.0155 ], [ 18.9675, 9.0552 ], [ 18.8843, 9.0953 ], [ 18.8488, 9.1204 ], [ 18.839, 9.1516 ], [ 18.8362, 9.1964 ], [ 18.8352, 9.2404 ], [ 18.8451, 9.312 ], [ 18.8414, 9.3435 ], [ 18.778, 9.3203 ], [ 18.7628, 9.2756 ], [ 18.6971, 9.2531 ], [ 18.6757, 9.2297 ], [ 18.6493, 9.2086 ], [ 18.6024, 9.2106 ], [ 18.5683, 9.2034 ], [ 18.5279, 9.2044 ], [ 18.5013, 9.2309 ], [ 18.482, 9.2757 ], [ 18.459, 9.3088 ], [ 18.4342, 9.3257 ], [ 18.3744, 9.3567 ], [ 18.3504, 9.3875 ], [ 18.3191, 9.4544 ], [ 18.3098, 9.4969 ], [ 18.2975, 9.5264 ], [ 18.3299, 9.6741 ], [ 18.3537, 9.7551 ], [ 18.3783, 9.8203 ], [ 18.4147, 9.8178 ], [ 18.4434, 9.8381 ], [ 18.4721, 9.8209 ], [ 18.5054, 9.8531 ], [ 18.5306, 9.8863 ], [ 18.5564, 9.9018 ], [ 18.5973, 9.9047 ], [ 18.632, 9.919 ], [ 18.642, 10.025 ], [ 18.496, 10.186 ], [ 18.437, 10.212 ], [ 18.381, 10.247 ], [ 18.341, 10.24 ], [ 18.289, 10.262 ], [ 18.209, 10.322 ], [ 18.164, 10.346 ], [ 18.104, 10.365 ], [ 18.067, 10.35 ], [ 18.013, 10.381 ], [ 17.962, 10.397 ], [ 17.864, 10.497 ], [ 17.543, 10.451 ], [ 17.489, 10.172 ], [ 17.5237, 10.1573 ], [ 17.5827, 10.0961 ], [ 17.5938, 10.0281 ], [ 17.6318, 9.9759 ], [ 17.6353, 9.8859 ], [ 17.6646, 9.8658 ], [ 17.7215, 9.8082 ], [ 17.591, 9.673 ] ] ] } },
{ "type": "Feature", "properties": { "iso3": "TCD", "unit_id": "80231986B62104411086130", "unit_name": "Grande Sido" }, "geometry": { "type": "Polygon", "coordinates": [ [ [ 18.214, 8.0194 ], [ 18.2704, 8.0211 ], [ 18.2743, 8.024 ], [ 18.3304, 8.0286 ], [ 18.6016, 8.0467 ], [ 18.6181, 8.0525 ], [ 18.6246, 8.0597 ], [ 18.6243, 8.0735 ], [ 18.6351, 8.0832 ], [ 18.637, 8.091 ], [ 18.6281, 8.1412 ], [ 18.6578, 8.1855 ], [ 18.6577, 8.195 ], [ 18.6736, 8.2122 ], [ 18.681, 8.2139 ], [ 18.6897, 8.2223 ], [ 18.7106, 8.2316 ], [ 18.7805, 8.2494 ], [ 18.7859, 8.2546 ], [ 18.8044, 8.2607 ], [ 18.8239, 8.2811 ], [ 18.8372, 8.289 ], [ 18.8401, 8.2963 ], [ 18.8509, 8.3054 ], [ 18.8571, 8.3239 ], [ 18.8505, 8.3473 ], [ 18.8762, 8.3412 ], [ 18.8734, 8.3483 ], [ 18.8767, 8.3543 ], [ 18.8876, 8.357 ], [ 18.8851, 8.3662 ], [ 18.8996, 8.3641 ], [ 18.9033, 8.3743 ], [ 18.9102, 8.3769 ], [ 18.9081, 8.3841 ], [ 18.9107, 8.387 ], [ 18.9239, 8.3904 ], [ 18.927, 8.4014 ], [ 18.9174, 8.4064 ], [ 18.9231, 8.4129 ], [ 18.9217, 8.4242 ], [ 18.9303, 8.4259 ], [ 18.9324, 8.4366 ], [ 18.9572, 8.4599 ], [ 18.9704, 8.4642 ], [ 18.9729, 8.4816 ], [ 18.9885, 8.4893 ], [ 18.9973, 8.4999 ], [ 18.9896, 8.513 ], [ 19.0, 8.5158 ], [ 19.0082, 8.524 ], [ 19.014, 8.5232 ], [ 19.016, 8.5276 ], [ 19.0227, 8.5273 ], [ 19.0291, 8.5325 ], [ 19.0331, 8.5491 ], [ 19.0423, 8.5543 ], [ 19.0465, 8.5755 ], [ 19.0461, 8.5971 ], [ 19.0634, 8.6174 ], [ 19.0658, 8.6374 ], [ 19.0775, 8.6408 ], [ 19.0506, 8.6735 ], [ 19.0081, 8.6805 ], [ 18.9713, 8.6723 ], [ 18.9453, 8.6585 ], [ 18.8525, 8.661 ], [ 18.8196, 8.6538 ], [ 18.7806, 8.6666 ], [ 18.7541, 8.6922 ], [ 18.6811, 8.6956 ], [ 18.6504, 8.7287 ], [ 18.6146, 8.7525 ], [ 18.6077, 8.7919 ], [ 18.5811, 8.8118 ], [ 18.5645, 8.857 ], [ 18.5306, 8.8782 ], [ 18.4983, 8.8625 ], [ 18.4638, 8.8328 ], [ 18.4528, 8.7688 ], [ 18.4411, 8.7379 ], [ 18.4107, 8.7069 ], [ 18.3742, 8.6508 ], [ 18.3193, 8.5843 ], [ 18.2912, 8.5711 ], [ 18.2494, 8.5624 ], [ 18.1782, 8.5421 ], [ 18.1486, 8.5424 ], [ 18.1231, 8.5301 ], [ 18.1286, 8.4699 ], [ 18.1444, 8.4158 ], [ 18.1538, 8.3953 ], [ 18.1682, 8.3761 ], [ 18.1779, 8.3398 ], [ 18.1775, 8.2972 ], [ 18.167, 8.2517 ], [ 18.17, 8.2072 ], [ 18.1956, 8.0786 ], [ 18.214, 8.0194 ] ] ] } },
{ "type": "Feature", "properties": { "iso3": "TCD", "unit_id": "80231986B60423685549469", "unit_name": "Lac Iro" }, "geometry": { "type": "Polygon", "coordinates": [ [ [ 18.632, 9.919 ], [ 18.5973, 9.9047 ], [ 18.5564, 9.9018 ], [ 18.5306, 9.8863 ], [ 18.5054, 9.8531 ], [ 18.4721, 9.8209 ], [ 18.4434, 9.8381 ], [ 18.4147, 9.8178 ], [ 18.3783, 9.8203 ], [ 18.3537, 9.7551 ], [ 18.3299, 9.6741 ], [ 18.2975, 9.5264 ], [ 18.3098, 9.4969 ], [ 18.3191, 9.4544 ], [ 18.3504, 9.3875 ], [ 18.3744, 9.3567 ], [ 18.4342, 9.3257 ], [ 18.459, 9.3088 ], [ 18.482, 9.2757 ], [ 18.5013, 9.2309 ], [ 18.5279, 9.2044 ], [ 18.5683, 9.2034 ], [ 18.6024, 9.2106 ], [ 18.6493, 9.2086 ], [ 18.6757, 9.2297 ], [ 18.6971, 9.2531 ], [ 18.7628, 9.2756 ], [ 18.778, 9.3203 ], [ 18.8414, 9.3435 ], [ 18.8451, 9.312 ], [ 18.8352, 9.2404 ], [ 18.8362, 9.1964 ], [ 18.839, 9.1516 ], [ 18.8488, 9.1204 ], [ 18.8843, 9.0953 ], [ 18.9675, 9.0552 ], [ 19.007, 9.0155 ], [ 19.0225, 8.9943 ], [ 19.0283, 8.9972 ], [ 19.0432, 8.9943 ], [ 19.0507, 8.9977 ], [ 19.0586, 8.9957 ], [ 19.0665, 9.0046 ], [ 19.076, 9.0039 ], [ 19.0777, 9.0149 ], [ 19.0917, 9.0205 ], [ 19.0956, 9.0196 ], [ 19.1046, 9.0085 ], [ 19.1352, 9.0045 ], [ 19.1699, 9.017 ], [ 19.175, 9.0245 ], [ 19.1924, 9.0216 ], [ 19.2184, 9.0315 ], [ 19.2254, 9.027 ], [ 19.2355, 9.0288 ], [ 19.2527, 9.0259 ], [ 19.2705, 9.0133 ], [ 19.3023, 9.0079 ], [ 19.3216, 9.0113 ], [ 19.3379, 9.0203 ], [ 19.3657, 9.0131 ], [ 19.379, 9.018 ], [ 19.3957, 9.0183 ], [ 19.4011, 9.026 ], [ 19.4316, 9.0258 ], [ 19.4391, 9.0312 ], [ 19.4508, 9.025 ], [ 19.4581, 9.0255 ], [ 19.4592, 9.0177 ], [ 19.4738, 9.0182 ], [ 19.4791, 9.0144 ], [ 19.4883, 9.0205 ], [ 19.4941, 9.0183 ], [ 19.4973, 9.0212 ], [ 19.4989, 9.032 ], [ 19.5068, 9.0342 ], [ 19.5119, 9.0315 ], [ 19.5146, 9.0198 ], [ 19.523, 9.0163 ], [ 19.5352, 9.0186 ], [ 19.5544, 9.0352 ], [ 19.5776, 9.0399 ], [ 19.602, 9.0194 ], [ 19.6144, 9.0215 ], [ 19.6314, 9.0184 ], [ 19.647, 9.0239 ], [ 19.672, 9.0208 ], [ 19.6836, 9.0292 ], [ 19.7019, 9.0275 ], [ 19.7215, 9.0445 ], [ 19.7596, 9.0493 ], [ 19.78, 9.0586 ], [ 19.8043, 9.0567 ], [ 19.8225, 9.0643 ], [ 19.8287, 9.0495 ], [ 19.8355, 9.0434 ], [ 19.842, 9.044 ], [ 19.8495, 9.0537 ], [ 19.8645, 9.0645 ], [ 19.8717, 9.0658 ], [ 19.8862, 9.061 ], [ 19.9049, 9.0683 ], [ 19.9271, 9.0608 ], [ 19.9327, 9.0793 ], [ 19.9394, 9.0871 ], [ 19.9803, 9.092 ], [ 19.9881, 9.0981 ], [ 19.923, 9.269 ], [ 19.7931, 9.6409 ], [ 19.695, 9.911 ], [ 19.6567, 9.9995 ], [ 19.613, 10.067 ], [ 19.654, 10.097 ], [ 19.648, 10.156 ], [ 19.681, 10.213 ], [ 19.692, 10.267 ], [ 19.635, 10.289 ], [ 19.7019, 10.5872 ], [ 19.619, 10.526 ], [ 19.584, 10.478 ], [ 19.533, 10.475 ], [ 19.496, 10.496 ], [ 19.43, 10.469 ], [ 19.391, 10.425 ], [ 19.382, 10.382 ], [ 19.344, 10.344 ], [ 19.355, 10.299 ], [ 19.321, 10.27 ], [ 19.284, 10.224 ], [ 19.241, 10.209 ], [ 19.215, 10.187 ], [ 19.208, 10.146 ], [ 19.161, 10.155 ], [ 19.138, 10.129 ], [ 19.126, 10.084 ], [ 19.081, 10.0015 ], [ 19.0354, 9.988 ], [ 18.825, 9.988 ], [ 18.794, 9.879 ], [ 18.737, 9.877 ], [ 18.632, 9.919 ] ] ] } },
{ "type": "Feature", "properties": { "iso3": "TCD", "unit_id": "80231986B95843312466385", "unit_name": "Ouara" }, "geometry": { "type": "Polygon", "coordinates": [ [ [ 20.3577, 13.059 ], [ 20.4949, 13.0196 ], [ 20.54, 13.012 ], [ 20.662, 13.009 ], [ 20.763, 13.017 ], [ 20.874, 13.041 ], [ 20.964, 13.045 ], [ 21.152, 13.094 ], [ 21.2969, 13.1196 ], [ 21.408, 13.145 ], [ 21.446, 13.146 ], [ 21.4947, 13.1539 ], [ 21.632, 13.209 ], [ 21.646, 13.254 ], [ 21.681, 13.277 ], [ 21.699, 13.336 ], [ 21.6545, 13.5076 ], [ 21.58, 13.597 ], [ 21.532, 13.66 ], [ 21.495, 13.74 ], [ 21.43, 13.7549 ], [ 21.411, 13.789 ], [ 21.373, 13.815 ], [ 21.355, 13.844 ], [ 21.337, 13.91 ], [ 21.341, 13.967 ], [ 21.318, 14.004 ], [ 21.253, 14.039 ], [ 21.197, 14.0794 ], [ 21.142, 14.096 ], [ 21.1091, 14.1286 ], [ 21.084, 14.139 ], [ 21.032, 14.142 ], [ 21.005, 14.153 ], [ 20.962, 14.197 ], [ 20.923, 14.25 ], [ 20.846, 14.32 ], [ 20.767, 14.367 ], [ 20.662, 14.395 ], [ 20.606, 14.414 ], [ 20.533, 14.398 ], [ 20.486, 14.376 ], [ 20.3578, 14.3862 ], [ 20.2883, 14.3251 ], [ 20.2415, 14.2991 ], [ 20.1361, 14.158 ], [ 20.062, 14.0824 ], [ 20.056, 13.9572 ], [ 20.2683, 13.8292 ], [ 20.2951, 13.7552 ], [ 20.2762, 13.6721 ], [ 20.2672, 13.6138 ], [ 20.2758, 13.5865 ], [ 20.3127, 13.5329 ], [ 20.3656, 13.4196 ], [ 20.369, 13.3512 ], [ 20.3577, 13.059 ] ] ] } },
{ "type": "Feature", "properties": { "iso3": "TCD", "unit_id": "80231986B91672431600676", "unit_name": "Abdi" }, "geometry": { "type": "Polygon", "coordinates": [ [ [ 20.763, 13.017 ], [ 20.763, 12.978 ], [ 20.773, 12.932 ], [ 20.7641, 12.8882 ], [ 20.7909, 12.8856 ], [ 20.845, 12.866 ], [ 20.915, 12.853 ], [ 20.941, 12.8 ], [ 20.929, 12.752 ], [ 20.932, 12.694 ], [ 21.0865, 12.6344 ], [ 21.1113, 12.6489 ], [ 21.139, 12.649 ], [ 21.224, 12.67 ], [ 21.269, 12.672 ], [ 21.313, 12.665 ], [ 21.358, 12.647 ], [ 21.387, 12.678 ], [ 21.4205, 12.7218 ], [ 21.44, 12.734 ], [ 21.484, 12.778 ], [ 21.539, 12.808 ], [ 21.598, 12.827 ], [ 21.681, 12.861 ], [ 21.657, 12.886 ], [ 21.625, 12.979 ], [ 21.63, 13.059 ], [ 21.622, 13.094 ], [ 21.632, 13.209 ], [ 21.4947, 13.1539 ], [ 21.446, 13.146 ], [ 21.408, 13.145 ], [ 21.2969, 13.1196 ], [ 21.152, 13.094 ], [ 20.964, 13.045 ], [ 20.874, 13.041 ], [ 20.763, 13.017 ] ] ] } },
{ "type": "Feature", "properties": { "iso3": "TCD", "unit_id": "80231986B84490610654872", "unit_name": "Assoungha" }, "geometry": { "type": "Polygon", "coordinates": [ [ [ 21.632, 13.209 ], [ 21.622, 13.094 ], [ 21.63, 13.059 ], [ 21.625, 12.979 ], [ 21.657, 12.886 ], [ 21.681, 12.861 ], [ 21.743, 12.826 ], [ 21.8151, 12.8073 ], [ 21.8159, 12.819 ], [ 21.8419, 12.8315 ], [ 21.8473, 12.8388 ], [ 21.8566, 12.8798 ], [ 21.8791, 12.9223 ], [ 21.8832, 12.9465 ], [ 21.8992, 12.9887 ], [ 21.9044, 12.997 ], [ 21.9301, 13.0202 ], [ 21.9265, 13.0482 ], [ 21.9361, 13.0612 ], [ 21.9453, 13.0685 ], [ 21.9752, 13.0761 ], [ 21.9882, 13.0992 ], [ 22.0054, 13.1147 ], [ 22.0096, 13.1278 ], [ 22.0074, 13.1398 ], [ 22.0103, 13.1426 ], [ 22.0213, 13.1445 ], [ 22.0419, 13.141 ], [ 22.0583, 13.145 ], [ 22.0688, 13.1437 ], [ 22.0752, 13.1472 ], [ 22.0779, 13.1564 ], [ 22.0882, 13.1658 ], [ 22.0997, 13.1664 ], [ 22.1111, 13.1628 ], [ 22.1354, 13.171 ], [ 22.1439, 13.1811 ], [ 22.1483, 13.1989 ], [ 22.1636, 13.2095 ], [ 22.1796, 13.2291 ], [ 22.1812, 13.2488 ], [ 22.2032, 13.2612 ], [ 22.2098, 13.2748 ], [ 22.2215, 13.2769 ], [ 22.2208, 13.2833 ], [ 22.2299, 13.2915 ], [ 22.2363, 13.3028 ], [ 22.2523, 13.3063 ], [ 22.2498, 13.3178 ], [ 22.2599, 13.3227 ], [ 22.2714, 13.3372 ], [ 22.2803, 13.3411 ], [ 22.2813, 13.351 ], [ 22.2904, 13.3538 ], [ 22.2865, 13.3703 ], [ 22.2884, 13.3779 ], [ 22.2751, 13.4033 ], [ 22.2617, 13.4134 ], [ 22.2529, 13.4288 ], [ 22.2402, 13.4348 ], [ 22.2347, 13.449 ], [ 22.2235, 13.4553 ], [ 22.2176, 13.4669 ], [ 22.217, 13.4738 ], [ 22.2212, 13.4812 ], [ 22.2205, 13.4938 ], [ 22.2133, 13.5107 ], [ 22.2244, 13.5364 ], [ 22.2251, 13.5487 ], [ 22.2027, 13.5576 ], [ 22.2016, 13.5648 ], [ 22.1906, 13.577 ], [ 22.1916, 13.5823 ], [ 22.1671, 13.5945 ], [ 22.1421, 13.63 ], [ 22.1413, 13.6453 ], [ 22.1259, 13.6621 ], [ 22.1148, 13.6833 ], [ 22.1312, 13.7083 ], [ 22.1312, 13.7179 ], [ 22.1238, 13.7358 ], [ 22.1121, 13.7447 ], [ 22.1074, 13.7538 ], [ 22.0963, 13.7569 ], [ 22.0875, 13.769 ], [ 22.075, 13.7736 ], [ 22.0719, 13.7786 ], [ 22.1377, 13.8548 ], [ 22.1919, 13.9112 ], [ 22.1712, 13.9186 ], [ 22.13, 13.947 ], [ 22.089, 13.968 ], [ 21.983, 14.002 ], [ 21.671, 14.092 ], [ 21.555, 14.101 ], [ 21.504, 14.115 ], [ 21.437, 14.126 ], [ 21.382, 14.111 ], [ 21.314, 14.068 ], [ 21.253, 14.039 ], [ 21.318, 14.004 ], [ 21.341, 13.967 ], [ 21.337, 13.91 ], [ 21.355, 13.844 ], [ 21.373, 13.815 ], [ 21.411, 13.789 ], [ 21.43, 13.7549 ], [ 21.495, 13.74 ], [ 21.532, 13.66 ], [ 21.58, 13.597 ], [ 21.6545, 13.5076 ], [ 21.699, 13.336 ], [ 21.681, 13.277 ], [ 21.646, 13.254 ], [ 21.632, 13.209 ] ] ] } },
{ "type": "Feature", "properties": { "iso3": "TCD", "unit_id": "80231986B50361712063441", "unit_name": "Bahr-Azoum" }, "geometry": { "type": "Polygon", "coordinates": [ [ [ 19.7019, 10.5872 ], [ 19.635, 10.289 ], [ 19.692, 10.267 ], [ 19.681, 10.213 ], [ 19.648, 10.156 ], [ 19.654, 10.097 ], [ 19.613, 10.067 ], [ 19.6567, 9.9995 ], [ 19.695, 9.911 ], [ 19.7726, 9.9304 ], [ 19.8204, 9.953 ], [ 19.8749, 9.9677 ], [ 19.9901, 9.9837 ], [ 20.0818, 9.9762 ], [ 20.1091, 9.9864 ], [ 20.1375, 10.0046 ], [ 20.1783, 10.0135 ], [ 20.2863, 10.0025 ], [ 20.4185, 10.0023 ], [ 20.6184, 9.9798 ], [ 20.6652, 9.9883 ], [ 20.7136, 10.0112 ], [ 20.7402, 10.0347 ], [ 20.7533, 10.1643 ], [ 20.7669, 10.2101 ], [ 20.7746, 10.256 ], [ 20.789, 10.3098 ], [ 20.8067, 10.3391 ], [ 20.814, 10.3684 ], [ 20.8687, 10.4779 ], [ 20.8798, 10.5227 ], [ 20.907, 10.6022 ], [ 20.9444, 10.6762 ], [ 20.9622, 10.7269 ], [ 21.0031, 10.8879 ], [ 21.0369, 10.9507 ], [ 21.0874, 11.0745 ], [ 21.1378, 11.1624 ], [ 21.1498, 11.1902 ], [ 21.2538, 11.3283 ], [ 21.2834, 11.3561 ], [ 21.3163, 11.3938 ], [ 21.3698, 11.467 ], [ 21.3903, 11.5331 ], [ 21.4015, 11.5999 ], [ 21.0961, 11.546 ], [ 21.099, 11.64 ], [ 21.0559, 11.6637 ], [ 20.6385, 11.875 ], [ 20.3032, 12.035 ], [ 20.2651, 12.0289 ], [ 20.237, 12.042 ], [ 20.1481, 12.0359 ], [ 20.1414, 11.9995 ], [ 20.1127, 11.9209 ], [ 20.0847, 11.8712 ], [ 20.0325, 11.7919 ], [ 19.9911, 11.7367 ], [ 19.973, 11.6885 ], [ 19.9716, 11.6483 ], [ 19.983, 11.6121 ], [ 20.0184, 11.5672 ], [ 20.0593, 11.528 ], [ 20.0872, 11.4685 ], [ 20.1125, 11.4314 ], [ 20.1286, 11.3909 ], [ 20.1183, 11.3231 ], [ 20.1509, 11.232 ], [ 20.1621, 11.1867 ], [ 20.1426, 11.1652 ], [ 20.0897, 11.136 ], [ 20.0563, 11.1219 ], [ 20.0129, 11.1187 ], [ 19.93, 11.0764 ], [ 19.8806, 11.0464 ], [ 19.8507, 11.0386 ], [ 19.8029, 11.0155 ], [ 19.7624, 11.0013 ], [ 19.694, 11.001 ], [ 19.706, 10.942 ], [ 19.737, 10.911 ], [ 19.707, 10.873 ], [ 19.726, 10.717 ], [ 19.7019, 10.5872 ] ] ] } },
{ "type": "Feature", "properties": { "iso3": "TCD", "unit_id": "80231986B94503261075808", "unit_name": "Aboudéia" }, "geometry": { "type": "Polygon", "coordinates": [ [ [ 18.902, 11.331 ], [ 18.9658, 11.3135 ], [ 19.001, 11.273 ], [ 19.056, 11.245 ], [ 19.13, 11.217 ], [ 19.192, 11.187 ], [ 19.2379, 11.1792 ], [ 19.261, 11.154 ], [ 19.405, 11.104 ], [ 19.479, 11.048 ], [ 19.57, 11.034 ], [ 19.657, 11.003 ], [ 19.7624, 11.0013 ], [ 19.8029, 11.0155 ], [ 19.8507, 11.0386 ], [ 19.8806, 11.0464 ], [ 19.93, 11.0764 ], [ 20.0129, 11.1187 ], [ 20.0563, 11.1219 ], [ 20.0897, 11.136 ], [ 20.1426, 11.1652 ], [ 20.1621, 11.1867 ], [ 20.1509, 11.232 ], [ 20.1183, 11.3231 ], [ 20.1286, 11.3909 ], [ 20.1125, 11.4314 ], [ 20.0872, 11.4685 ], [ 20.0593, 11.528 ], [ 20.0184, 11.5672 ], [ 19.983, 11.6121 ], [ 19.9716, 11.6483 ], [ 19.973, 11.6885 ], [ 19.9911, 11.7367 ], [ 20.0325, 11.7919 ], [ 20.0847, 11.8712 ], [ 20.1127, 11.9209 ], [ 20.1414, 11.9995 ], [ 20.1481, 12.0359 ], [ 20.0186, 12.0271 ], [ 20.011, 11.982 ], [ 19.97, 11.965 ], [ 19.9211, 11.96 ], [ 19.912, 12.029 ], [ 19.906, 12.04 ], [ 19.751, 12.053 ], [ 19.58, 12.083 ], [ 19.496, 12.109 ], [ 19.465, 12.123 ], [ 19.313, 11.982 ], [ 19.341, 11.855 ], [ 19.256, 11.726 ], [ 19.215, 11.638 ], [ 19.088, 11.6 ], [ 19.055, 11.689 ], [ 18.902, 11.692 ], [ 18.874, 11.477 ], [ 18.883, 11.402 ], [ 18.902, 11.331 ] ] ] } },
{ "type": "Feature", "properties": { "iso3": "TCD", "unit_id": "80231986B7043665841277", "unit_name": "Haraze-Mangueigne" }, "geometry": { "type": "Polygon", "coordinates": [ [ [ 19.9881, 9.0981 ], [ 19.9979, 9.1164 ], [ 20.0071, 9.1029 ], [ 20.0091, 9.1049 ], [ 20.0124, 9.1261 ], [ 20.0358, 9.1282 ], [ 20.0469, 9.1403 ], [ 20.0526, 9.1425 ], [ 20.0713, 9.1324 ], [ 20.0815, 9.1333 ], [ 20.1015, 9.1565 ], [ 20.1089, 9.1532 ], [ 20.1174, 9.1425 ], [ 20.1306, 9.1381 ], [ 20.1475, 9.1407 ], [ 20.1912, 9.1391 ], [ 20.2074, 9.1506 ], [ 20.2213, 9.1518 ], [ 20.2387, 9.1459 ], [ 20.2477, 9.1323 ], [ 20.2624, 9.1245 ], [ 20.3034, 9.1215 ], [ 20.3246, 9.1255 ], [ 20.3367, 9.1333 ], [ 20.3463, 9.1276 ], [ 20.3532, 9.1282 ], [ 20.3929, 9.1506 ], [ 20.4342, 9.1539 ], [ 20.4439, 9.1595 ], [ 20.4559, 9.1735 ], [ 20.4703, 9.2212 ], [ 20.498, 9.2721 ], [ 20.4912, 9.2968 ], [ 20.4958, 9.3071 ], [ 20.5083, 9.3033 ], [ 20.5239, 9.3076 ], [ 20.5275, 9.3191 ], [ 20.5248, 9.332 ], [ 20.5286, 9.3371 ], [ 20.5346, 9.3374 ], [ 20.5407, 9.3333 ], [ 20.5485, 9.3373 ], [ 20.5607, 9.3297 ], [ 20.5674, 9.3302 ], [ 20.5758, 9.3414 ], [ 20.5809, 9.3428 ], [ 20.6043, 9.3165 ], [ 20.6379, 9.3178 ], [ 20.6406, 9.3231 ], [ 20.6285, 9.3285 ], [ 20.6235, 9.3346 ], [ 20.6304, 9.3409 ], [ 20.6477, 9.3423 ], [ 20.652, 9.3674 ], [ 20.6628, 9.3953 ], [ 20.6669, 9.3984 ], [ 20.6919, 9.3991 ], [ 20.7053, 9.3954 ], [ 20.7129, 9.4024 ], [ 20.7289, 9.3966 ], [ 20.7404, 9.4023 ], [ 20.7481, 9.3994 ], [ 20.7608, 9.4011 ], [ 20.7681, 9.4079 ], [ 20.7681, 9.4281 ], [ 20.7804, 9.4294 ], [ 20.7982, 9.4434 ], [ 20.804, 9.443 ], [ 20.8174, 9.428 ], [ 20.8273, 9.4304 ], [ 20.8248, 9.4511 ], [ 20.8269, 9.4628 ], [ 20.8447, 9.4844 ], [ 20.8496, 9.4856 ], [ 20.8554, 9.4825 ], [ 20.8664, 9.4874 ], [ 20.864, 9.4989 ], [ 20.8765, 9.5151 ], [ 20.8745, 9.5231 ], [ 20.8993, 9.528 ], [ 20.9153, 9.5254 ], [ 20.9219, 9.5333 ], [ 20.9195, 9.545 ], [ 20.9244, 9.5538 ], [ 20.9275, 9.5711 ], [ 20.9367, 9.5707 ], [ 20.9442, 9.5634 ], [ 20.9516, 9.5679 ], [ 20.9553, 9.5868 ], [ 20.9515, 9.6164 ], [ 20.9609, 9.6192 ], [ 20.9783, 9.6172 ], [ 20.988, 9.6207 ], [ 20.9907, 9.6267 ], [ 20.9874, 9.6343 ], [ 20.9719, 9.6357 ], [ 20.9672, 9.6425 ], [ 20.9703, 9.6472 ], [ 20.9752, 9.6479 ], [ 20.9824, 9.6445 ], [ 20.9937, 9.6456 ], [ 20.9962, 9.6502 ], [ 20.9936, 9.6548 ], [ 20.9811, 9.6611 ], [ 20.9815, 9.6654 ], [ 20.9986, 9.6849 ], [ 20.9876, 9.694 ], [ 20.9697, 9.6977 ], [ 20.9678, 9.7023 ], [ 20.9722, 9.706 ], [ 20.9808, 9.7013 ], [ 21.0019, 9.702 ], [ 21.0044, 9.7057 ], [ 20.993, 9.7271 ], [ 20.9915, 9.7349 ], [ 20.995, 9.747 ], [ 21.0103, 9.7322 ], [ 21.0305, 9.7285 ], [ 21.0385, 9.7376 ], [ 21.0249, 9.7585 ], [ 21.0254, 9.7693 ], [ 21.0305, 9.774 ], [ 21.0392, 9.7766 ], [ 21.0632, 9.7654 ], [ 21.0742, 9.7786 ], [ 21.0925, 9.7768 ], [ 21.1153, 9.7919 ], [ 21.1181, 9.8013 ], [ 21.1174, 9.8187 ], [ 21.1331, 9.8479 ], [ 21.1838, 9.8918 ], [ 21.1901, 9.89 ], [ 21.199, 9.8953 ], [ 21.2044, 9.9087 ], [ 21.2007, 9.9264 ], [ 21.2028, 9.9308 ], [ 21.2117, 9.9357 ], [ 21.2148, 9.9514 ], [ 21.234, 9.9578 ], [ 21.2425, 9.9654 ], [ 21.2493, 9.9749 ], [ 21.254, 9.9904 ], [ 21.2628, 9.9937 ], [ 21.2826, 9.9856 ], [ 21.2979, 9.9681 ], [ 21.3048, 9.9734 ], [ 21.3095, 9.99 ], [ 21.317, 9.9853 ], [ 21.3208, 9.9722 ], [ 21.3301, 9.9719 ], [ 21.3406, 9.9637 ], [ 21.3547, 9.9703 ], [ 21.3624, 9.989 ], [ 21.3733, 9.9838 ], [ 21.3851, 9.9917 ], [ 21.3938, 10.0012 ], [ 21.396, 10.013 ], [ 21.4045, 10.0213 ], [ 21.4036, 10.0344 ], [ 21.4078, 10.0411 ], [ 21.4204, 10.0502 ], [ 21.432, 10.0487 ], [ 21.4375, 10.0594 ], [ 21.4378, 10.0732 ], [ 21.4414, 10.0808 ], [ 21.4534, 10.0831 ], [ 21.4548, 10.1068 ], [ 21.4483, 10.1186 ], [ 21.4501, 10.1237 ], [ 21.4621, 10.1285 ], [ 21.469, 10.1361 ], [ 21.4717, 10.1438 ], [ 21.4681, 10.1522 ], [ 21.4811, 10.1634 ], [ 21.4876, 10.1646 ], [ 21.4938, 10.187 ], [ 21.5101, 10.1898 ], [ 21.5229, 10.2156 ], [ 21.5368, 10.2269 ], [ 21.5439, 10.2279 ], [ 21.5538, 10.2142 ], [ 21.5613, 10.2104 ], [ 21.5791, 10.2151 ], [ 21.5887, 10.2113 ], [ 21.6109, 10.2182 ], [ 21.6224, 10.2314 ], [ 21.6368, 10.2267 ], [ 21.6495, 10.234 ], [ 21.6683, 10.2318 ], [ 21.6757, 10.2376 ], [ 21.6686, 10.2482 ], [ 21.6607, 10.2531 ], [ 21.6637, 10.2571 ], [ 21.6753, 10.259 ], [ 21.6826, 10.2644 ], [ 21.6756, 10.2712 ], [ 21.6765, 10.2781 ], [ 21.7055, 10.2763 ], [ 21.7195, 10.2957 ], [ 21.7283, 10.3018 ], [ 21.7374, 10.3202 ], [ 21.7296, 10.3301 ], [ 21.7231, 10.3471 ], [ 21.728, 10.3567 ], [ 21.7408, 10.3543 ], [ 21.7429, 10.3817 ], [ 21.7666, 10.404 ], [ 21.771, 10.4117 ], [ 21.7705, 10.4179 ], [ 21.7581, 10.4203 ], [ 21.7541, 10.4269 ], [ 21.7585, 10.4439 ], [ 21.7514, 10.4526 ], [ 21.7508, 10.4639 ], [ 21.7327, 10.4779 ], [ 21.7175, 10.5079 ], [ 21.7213, 10.5288 ], [ 21.7298, 10.5392 ], [ 21.7329, 10.5542 ], [ 21.7269, 10.5971 ], [ 21.7333, 10.6117 ], [ 21.7336, 10.654 ], [ 21.7406, 10.6559 ], [ 21.7488, 10.6456 ], [ 21.7586, 10.6422 ], [ 21.7704, 10.6538 ], [ 21.7808, 10.6592 ], [ 21.7886, 10.6694 ], [ 21.7888, 10.6947 ], [ 21.7832, 10.7034 ], [ 21.7868, 10.7082 ], [ 21.7863, 10.7222 ], [ 21.7897, 10.7319 ], [ 21.7843, 10.752 ], [ 21.7908, 10.7767 ], [ 21.7885, 10.7946 ], [ 21.8141, 10.8103 ], [ 21.8193, 10.8244 ], [ 21.8326, 10.8395 ], [ 21.8417, 10.8377 ], [ 21.8444, 10.8475 ], [ 21.8566, 10.8447 ], [ 21.8652, 10.8466 ], [ 21.8808, 10.8699 ], [ 21.8873, 10.8702 ], [ 21.8992, 10.8627 ], [ 21.9085, 10.866 ], [ 21.9126, 10.8725 ], [ 21.921, 10.8719 ], [ 21.934, 10.8534 ], [ 21.94, 10.8523 ], [ 21.943, 10.8557 ], [ 21.9415, 10.8693 ], [ 21.9445, 10.8691 ], [ 21.9528, 10.8572 ], [ 21.9602, 10.8582 ], [ 21.9635, 10.8603 ], [ 21.9622, 10.8713 ], [ 21.9825, 10.8636 ], [ 21.9894, 10.8738 ], [ 22.0018, 10.8734 ], [ 22.0165, 10.885 ], [ 22.0361, 10.8831 ], [ 22.0486, 10.8892 ], [ 22.06, 10.8886 ], [ 22.0742, 10.8958 ], [ 22.0816, 10.895 ], [ 22.105, 10.8807 ], [ 22.1168, 10.8831 ], [ 22.1518, 10.876 ], [ 22.1587, 10.8807 ], [ 22.1747, 10.8838 ], [ 22.1827, 10.9001 ], [ 22.1955, 10.9086 ], [ 22.2224, 10.9128 ], [ 22.2363, 10.9176 ], [ 22.2453, 10.9255 ], [ 22.2656, 10.923 ], [ 22.2982, 10.9358 ], [ 22.3269, 10.9558 ], [ 22.3702, 10.9584 ], [ 22.3766, 10.9694 ], [ 22.3844, 10.9619 ], [ 22.4024, 10.9708 ], [ 22.4243, 10.9707 ], [ 22.4428, 10.9885 ], [ 22.4566, 10.9879 ], [ 22.468, 10.9986 ], [ 22.4618, 11.0011 ], [ 22.163, 11.634 ], [ 22.0202, 11.6574 ], [ 21.9522, 11.7048 ], [ 21.56, 11.6268 ], [ 21.4015, 11.5999 ], [ 21.3903, 11.5331 ], [ 21.3698, 11.467 ], [ 21.3163, 11.3938 ], [ 21.2834, 11.3561 ], [ 21.2538, 11.3283 ], [ 21.1498, 11.1902 ], [ 21.1378, 11.1624 ], [ 21.0874, 11.0745 ], [ 21.0369, 10.9507 ], [ 21.0031, 10.8879 ], [ 20.9622, 10.7269 ], [ 20.9444, 10.6762 ], [ 20.907, 10.6022 ], [ 20.8798, 10.5227 ], [ 20.8687, 10.4779 ], [ 20.814, 10.3684 ], [ 20.8067, 10.3391 ], [ 20.789, 10.3098 ], [ 20.7746, 10.256 ], [ 20.7669, 10.2101 ], [ 20.7533, 10.1643 ], [ 20.7402, 10.0347 ], [ 20.7136, 10.0112 ], [ 20.6652, 9.9883 ], [ 20.6184, 9.9798 ], [ 20.4185, 10.0023 ], [ 20.2863, 10.0025 ], [ 20.1783, 10.0135 ], [ 20.1375, 10.0046 ], [ 20.1091, 9.9864 ], [ 20.0818, 9.9762 ], [ 19.9901, 9.9837 ], [ 19.8749, 9.9677 ], [ 19.8204, 9.953 ], [ 19.7726, 9.9304 ], [ 19.695, 9.911 ], [ 19.7931, 9.6409 ], [ 19.923, 9.269 ], [ 19.9881, 9.0981 ] ] ] } },
{ "type": "Feature", "properties": { "iso3": "TCD", "unit_id": "80231986B90720545501900", "unit_name": "Tandjilé Est" }, "geometry": { "type": "Polygon", "coordinates": [ [ [ 16.1963, 10.2092 ], [ 16.238, 10.1799 ], [ 16.243, 10.086 ], [ 16.263, 10.031 ], [ 16.2291, 9.9835 ], [ 16.2017, 9.911 ], [ 16.1853, 9.8858 ], [ 16.1663, 9.8641 ], [ 16.138, 9.8104 ], [ 16.0945, 9.7612 ], [ 16.0675, 9.7405 ], [ 16.0325, 9.7019 ], [ 15.9977, 9.6843 ], [ 15.9699, 9.6656 ], [ 16.0085, 9.6495 ], [ 16.0406, 9.6182 ], [ 16.141, 9.5856 ], [ 16.1706, 9.5713 ], [ 16.2, 9.545 ], [ 16.2235, 9.5185 ], [ 16.2533, 9.4401 ], [ 16.2718, 9.4052 ], [ 16.2816, 9.3672 ], [ 16.3186, 9.3129 ], [ 16.3429, 9.2879 ], [ 16.381, 9.21 ], [ 16.411, 9.181 ], [ 16.414, 9.15 ], [ 16.427, 9.118 ], [ 16.543, 9.153 ], [ 16.596, 9.149 ], [ 16.6243, 9.1247 ], [ 16.654, 9.106 ], [ 16.6839, 9.113 ], [ 16.772, 9.071 ], [ 16.986, 9.05 ], [ 17.134, 9.078 ], [ 17.222, 9.166 ], [ 17.075, 9.261 ], [ 17.201, 9.355 ], [ 17.229, 9.382 ], [ 17.228, 9.47 ], [ 17.257, 9.492 ], [ 17.216, 9.545 ], [ 17.209, 9.576 ], [ 17.251, 9.596 ], [ 17.288, 9.601 ], [ 17.317, 9.594 ], [ 17.4264, 9.6196 ], [ 17.449, 9.632 ], [ 17.484, 9.641 ], [ 17.507, 9.616 ], [ 17.554, 9.597 ], [ 17.575, 9.624 ], [ 17.591, 9.673 ], [ 17.521, 9.74 ], [ 17.461, 9.785 ], [ 17.381, 9.826 ], [ 17.322, 9.827 ], [ 17.256, 9.84 ], [ 17.188, 9.871 ], [ 17.164, 9.92 ], [ 17.098, 9.931 ], [ 17.04, 9.945 ], [ 16.9728, 9.9489 ], [ 16.942, 9.9451 ], [ 16.9291, 9.971 ], [ 16.8956, 9.9904 ], [ 16.81, 10.014 ], [ 16.776, 10.01 ], [ 16.768, 10.031 ], [ 16.7459, 10.0341 ], [ 16.7378, 10.0531 ], [ 16.7131, 10.066 ], [ 16.662, 10.071 ], [ 16.646, 10.0951 ], [ 16.6479, 10.1172 ], [ 16.639, 10.134 ], [ 16.6259, 10.146 ], [ 16.6189, 10.1712 ], [ 16.617, 10.1931 ], [ 16.6229, 10.234 ], [ 16.602, 10.236 ], [ 16.584, 10.265 ], [ 16.483, 10.2 ], [ 16.23, 10.202 ], [ 16.1963, 10.2092 ] ] ] } },
{ "type": "Feature", "properties": { "iso3": "TCD", "unit_id": "80231986B77427306046667", "unit_name": "Tandjile Ouest" }, "geometry": { "type": "Polygon", "coordinates": [ [ [ 15.573, 9.023 ], [ 15.602, 9.033 ], [ 15.652, 9.061 ], [ 15.713, 9.051 ], [ 15.778, 9.051 ], [ 15.819, 9.039 ], [ 15.859, 9.053 ], [ 15.893, 9.052 ], [ 15.929, 9.061 ], [ 15.9592, 9.1149 ], [ 15.9654, 9.1622 ], [ 15.9644, 9.1782 ], [ 15.9588, 9.1913 ], [ 15.9489, 9.2068 ], [ 15.9379, 9.2112 ], [ 15.9355, 9.2203 ], [ 15.9459, 9.28 ], [ 15.9563, 9.2874 ], [ 15.9842, 9.3217 ], [ 15.9936, 9.3268 ], [ 16.0044, 9.3279 ], [ 16.0792, 9.3732 ], [ 16.1174, 9.4107 ], [ 16.1653, 9.4724 ], [ 16.2235, 9.5185 ], [ 16.2, 9.545 ], [ 16.1706, 9.5713 ], [ 16.141, 9.5856 ], [ 16.0406, 9.6182 ], [ 16.0085, 9.6495 ], [ 15.9699, 9.6656 ], [ 15.9328, 9.6542 ], [ 15.9145, 9.6558 ], [ 15.8892, 9.6761 ], [ 15.8803, 9.7018 ], [ 15.8654, 9.7113 ], [ 15.8414, 9.7169 ], [ 15.8026, 9.7165 ], [ 15.7939, 9.7247 ], [ 15.755, 9.708 ], [ 15.7273, 9.6763 ], [ 15.714, 9.602 ], [ 15.682, 9.586 ], [ 15.675, 9.525 ], [ 15.665, 9.504 ], [ 15.5885, 9.4415 ], [ 15.5339, 9.3806 ], [ 15.484, 9.319 ], [ 15.475, 9.289 ], [ 15.421, 9.21 ], [ 15.4336, 9.1771 ], [ 15.432, 9.092 ], [ 15.441, 9.061 ], [ 15.573, 9.023 ] ] ] } },
{ "type": "Feature", "properties": { "iso3": "TCD", "unit_id": "80231986B81260336087318", "unit_name": "Tandjilé Centre" }, "geometry": { "type": "Polygon", "coordinates": [ [ [ 16.0972, 9.0983 ], [ 16.1315, 9.0836 ], [ 16.1571, 9.0796 ], [ 16.187, 9.098 ], [ 16.202, 9.122 ], [ 16.2136, 9.1538 ], [ 16.239, 9.165 ], [ 16.277, 9.1741 ], [ 16.2853, 9.1788 ], [ 16.335, 9.225 ], [ 16.364, 9.245 ], [ 16.3429, 9.2879 ], [ 16.3186, 9.3129 ], [ 16.2816, 9.3672 ], [ 16.2718, 9.4052 ], [ 16.2533, 9.4401 ], [ 16.2235, 9.5185 ], [ 16.1653, 9.4724 ], [ 16.1174, 9.4107 ], [ 16.0792, 9.3732 ], [ 16.0044, 9.3279 ], [ 15.9936, 9.3268 ], [ 15.9842, 9.3217 ], [ 15.9563, 9.2874 ], [ 15.9459, 9.28 ], [ 15.9355, 9.2203 ], [ 15.9379, 9.2112 ], [ 15.9489, 9.2068 ], [ 15.9644, 9.1782 ], [ 15.9654, 9.1622 ], [ 15.9592, 9.1149 ], [ 15.984, 9.129 ], [ 16.044, 9.128 ], [ 16.0972, 9.0983 ] ] ] } },
{ "type": "Feature", "properties": { "iso3": "TCD", "unit_id": "80231986B85276343173874", "unit_name": "Biltine" }, "geometry": { "type": "Polygon", "coordinates": [ [ [ 20.062, 14.0824 ], [ 20.1361, 14.158 ], [ 20.2415, 14.2991 ], [ 20.2883, 14.3251 ], [ 20.3578, 14.3862 ], [ 20.486, 14.376 ], [ 20.533, 14.398 ], [ 20.606, 14.414 ], [ 20.662, 14.395 ], [ 20.767, 14.367 ], [ 20.846, 14.32 ], [ 20.923, 14.25 ], [ 20.962, 14.197 ], [ 21.005, 14.153 ], [ 21.032, 14.142 ], [ 21.084, 14.139 ], [ 21.1091, 14.1286 ], [ 21.142, 14.096 ], [ 21.197, 14.0794 ], [ 21.253, 14.039 ], [ 21.314, 14.068 ], [ 21.382, 14.111 ], [ 21.437, 14.126 ], [ 21.433, 14.25 ], [ 21.444, 14.33 ], [ 21.478, 14.44 ], [ 21.508, 14.555 ], [ 21.502, 14.629 ], [ 21.494, 14.672 ], [ 21.469, 14.718 ], [ 21.438, 14.74 ], [ 21.391, 14.787 ], [ 21.322, 14.834 ], [ 21.241, 14.876 ], [ 21.157, 14.889 ], [ 21.082, 14.915 ], [ 21.006, 14.917 ], [ 21.0095, 14.9735 ], [ 21.0285, 15.0396 ], [ 21.1067, 15.1147 ], [ 21.1909, 15.1767 ], [ 21.2551, 15.1777 ], [ 21.3243, 15.1897 ], [ 21.402, 15.244 ], [ 21.443, 15.294 ], [ 21.532, 15.453 ], [ 21.564, 15.537 ], [ 21.5689, 15.6274 ], [ 21.5886, 15.7207 ], [ 21.6434, 15.8286 ], [ 21.6861, 15.8899 ], [ 21.4829, 15.8985 ], [ 21.4248, 15.8669 ], [ 21.3554, 15.881 ], [ 21.2912, 15.8739 ], [ 21.1902, 15.8775 ], [ 21.0993, 15.8292 ], [ 21.1016, 15.7294 ], [ 20.832, 15.6041 ], [ 20.7317, 15.5703 ], [ 20.6873, 15.5875 ], [ 20.6413, 15.5964 ], [ 20.5475, 15.6285 ], [ 20.4962, 15.654 ], [ 20.4036, 15.6408 ], [ 20.3197, 15.618 ], [ 20.2515, 15.631 ], [ 20.0976, 15.7274 ], [ 20.043, 15.742 ], [ 20.062, 14.0824 ] ] ] } },
{ "type": "Feature", "properties": { "iso3": "TCD", "unit_id": "80231986B40260049902501", "unit_name": "Dar-Tama" }, "geometry": { "type": "Polygon", "coordinates": [ [ [ 22.1919, 13.9112 ], [ 22.2278, 13.9532 ], [ 22.2346, 13.9574 ], [ 22.2946, 13.9645 ], [ 22.3218, 14.0117 ], [ 22.3583, 14.0224 ], [ 22.3949, 14.0539 ], [ 22.4406, 14.0528 ], [ 22.4853, 14.1051 ], [ 22.5349, 14.1102 ], [ 22.5683, 14.1843 ], [ 22.5522, 14.2031 ], [ 22.5489, 14.2171 ], [ 22.5519, 14.2279 ], [ 22.5473, 14.2333 ], [ 22.5108, 14.2435 ], [ 22.4774, 14.246 ], [ 22.4655, 14.2416 ], [ 22.425, 14.2925 ], [ 22.4267, 14.3106 ], [ 22.4567, 14.3312 ], [ 22.4573, 14.3425 ], [ 22.4401, 14.3724 ], [ 22.433, 14.413 ], [ 22.4428, 14.4836 ], [ 22.433, 14.496 ], [ 22.3938, 14.5203 ], [ 22.3907, 14.5127 ], [ 22.3815, 14.5135 ], [ 22.4095, 14.5956 ], [ 22.403, 14.592 ], [ 22.348, 14.622 ], [ 22.238, 14.698 ], [ 22.125, 14.839 ], [ 22.079, 14.905 ], [ 22.022, 14.976 ], [ 21.924, 14.982 ], [ 21.777, 14.96 ], [ 21.653, 14.88 ], [ 21.553, 14.81 ], [ 21.496, 14.777 ], [ 21.469, 14.718 ], [ 21.494, 14.672 ], [ 21.502, 14.629 ], [ 21.508, 14.555 ], [ 21.478, 14.44 ], [ 21.444, 14.33 ], [ 21.433, 14.25 ], [ 21.437, 14.126 ], [ 21.504, 14.115 ], [ 21.555, 14.101 ], [ 21.671, 14.092 ], [ 21.983, 14.002 ], [ 22.089, 13.968 ], [ 22.13, 13.947 ], [ 22.1712, 13.9186 ], [ 22.1919, 13.9112 ] ] ] } },
{ "type": "Feature", "properties": { "iso3": "TCD", "unit_id": "80231986B17900265756603", "unit_name": "Kobé" }, "geometry": { "type": "Polygon", "coordinates": [ [ [ 22.4095, 14.5956 ], [ 22.4113, 14.601 ], [ 22.4433, 14.6051 ], [ 22.4677, 14.625 ], [ 22.4945, 14.637 ], [ 22.5151, 14.6416 ], [ 22.5785, 14.6463 ], [ 22.7155, 14.6964 ], [ 22.7117, 14.7249 ], [ 22.6625, 14.8454 ], [ 22.6691, 14.8527 ], [ 22.6778, 14.8745 ], [ 22.7111, 14.8969 ], [ 22.7254, 14.9012 ], [ 22.7412, 14.8977 ], [ 22.76, 14.907 ], [ 22.7542, 14.9134 ], [ 22.7468, 14.952 ], [ 22.7505, 14.969 ], [ 22.7718, 14.9898 ], [ 22.7802, 14.9915 ], [ 22.7942, 15.0056 ], [ 22.8086, 15.0234 ], [ 22.8127, 15.0352 ], [ 22.8437, 15.0461 ], [ 22.859, 15.0617 ], [ 22.8624, 15.0765 ], [ 22.8849, 15.0911 ], [ 22.9175, 15.0911 ], [ 22.9301, 15.0955 ], [ 22.9388, 15.1061 ], [ 22.9368, 15.1288 ], [ 22.9281, 15.1511 ], [ 22.9331, 15.1577 ], [ 22.9336, 15.1692 ], [ 22.9627, 15.182 ], [ 22.9746, 15.1918 ], [ 22.982, 15.2059 ], [ 22.9842, 15.2195 ], [ 22.9943, 15.2232 ], [ 23.0045, 15.2356 ], [ 23.003, 15.2425 ], [ 22.9854, 15.2595 ], [ 22.9916, 15.2929 ], [ 23.0022, 15.3015 ], [ 23.0042, 15.3149 ], [ 22.9931, 15.3341 ], [ 22.9884, 15.3702 ], [ 22.9924, 15.4026 ], [ 22.9887, 15.4149 ], [ 22.9264, 15.4683 ], [ 22.9187, 15.4908 ], [ 22.8326, 15.5879 ], [ 22.7737, 15.6256 ], [ 22.752, 15.6496 ], [ 22.6968, 15.6932 ], [ 22.4537, 15.7966 ], [ 22.3654, 15.8141 ], [ 22.3227, 15.887 ], [ 22.2438, 15.9142 ], [ 22.0705, 15.9643 ], [ 22.0153, 15.9849 ], [ 21.9389, 15.9436 ], [ 21.9661, 15.8928 ], [ 21.974, 15.757 ], [ 21.984, 15.7 ], [ 21.956, 15.65 ], [ 21.932, 15.596 ], [ 21.945, 15.534 ], [ 22.006, 15.469 ], [ 22.051, 15.397 ], [ 22.039, 15.257 ], [ 22.115, 15.085 ], [ 22.114, 15.001 ], [ 22.079, 14.905 ], [ 22.125, 14.839 ], [ 22.238, 14.698 ], [ 22.348, 14.622 ], [ 22.403, 14.592 ], [ 22.4095, 14.5956 ] ] ] } },
{ "type": "Feature", "properties": { "iso3": "TCD", "unit_id": "80231986B36686620295866", "unit_name": "Mégri" }, "geometry": { "type": "Polygon", "coordinates": [ [ [ 21.469, 14.718 ], [ 21.496, 14.777 ], [ 21.553, 14.81 ], [ 21.653, 14.88 ], [ 21.777, 14.96 ], [ 21.924, 14.982 ], [ 22.022, 14.976 ], [ 22.079, 14.905 ], [ 22.114, 15.001 ], [ 22.115, 15.085 ], [ 22.039, 15.257 ], [ 22.051, 15.397 ], [ 22.006, 15.469 ], [ 21.945, 15.534 ], [ 21.932, 15.596 ], [ 21.956, 15.65 ], [ 21.984, 15.7 ], [ 21.974, 15.757 ], [ 21.9661, 15.8928 ], [ 21.9389, 15.9436 ], [ 21.7693, 15.8976 ], [ 21.6861, 15.8899 ], [ 21.6434, 15.8286 ], [ 21.5886, 15.7207 ], [ 21.5689, 15.6274 ], [ 21.564, 15.537 ], [ 21.532, 15.453 ], [ 21.443, 15.294 ], [ 21.402, 15.244 ], [ 21.3243, 15.1897 ], [ 21.2551, 15.1777 ], [ 21.1909, 15.1767 ], [ 21.1067, 15.1147 ], [ 21.0285, 15.0396 ], [ 21.0095, 14.9735 ], [ 21.006, 14.917 ], [ 21.082, 14.915 ], [ 21.157, 14.889 ], [ 21.241, 14.876 ], [ 21.322, 14.834 ], [ 21.391, 14.787 ], [ 21.438, 14.74 ], [ 21.469, 14.718 ] ] ] } },
{ "type": "Feature", "properties": { "iso3": "TCD", "unit_id": "80231986B77392996793874", "unit_name": "N'Djaména" }, "geometry": { "type": "Polygon", "coordinates": [ [ [ 15.0426, 12.2166 ], [ 15.0027, 12.2173 ], [ 14.9474, 12.2089 ], [ 14.9146, 12.1912 ], [ 14.9083, 12.1852 ], [ 14.91, 12.1818 ], [ 14.9051, 12.1761 ], [ 14.8925, 12.1678 ], [ 14.8913, 12.1609 ], [ 14.8957, 12.1522 ], [ 14.9032, 12.1505 ], [ 14.9336, 12.1139 ], [ 14.9464, 12.1081 ], [ 14.9672, 12.092 ], [ 14.9805, 12.0904 ], [ 14.989, 12.0954 ], [ 14.9946, 12.1074 ], [ 15.0, 12.1115 ], [ 15.0093, 12.1124 ], [ 15.0269, 12.105 ], [ 15.0381, 12.0962 ], [ 15.0348, 12.0691 ], [ 15.05, 12.0647 ], [ 15.0611, 12.0416 ], [ 15.0559, 12.0298 ], [ 15.0433, 12.0285 ], [ 15.0397, 12.0242 ], [ 15.0582, 12.0038 ], [ 15.0778, 12.0017 ], [ 15.0867, 11.9923 ], [ 15.1202, 12.0007 ], [ 15.1327, 12.0068 ], [ 15.1725, 12.0495 ], [ 15.1783, 12.0751 ], [ 15.173, 12.102 ], [ 15.1557, 12.1322 ], [ 15.1344, 12.157 ], [ 15.0839, 12.1976 ], [ 15.0426, 12.2166 ] ] ] } },
{ "type": "Feature", "properties": { "iso3": "TCD", "unit_id": "80231986B53686961041045", "unit_name": "Barh-El-Gazel Sud" }, "geometry": { "type": "Polygon", "coordinates": [ [ [ 17.271, 13.662 ], [ 17.1894, 13.7228 ], [ 17.0072, 13.8283 ], [ 16.8075, 13.8487 ], [ 16.6568, 13.8589 ], [ 16.5096, 13.8828 ], [ 16.2478, 13.8896 ], [ 16.2399, 13.9543 ], [ 16.1978, 14.036 ], [ 16.0401, 14.2198 ], [ 15.9931, 14.2961 ], [ 15.9847, 14.3237 ], [ 15.7843, 14.1762 ], [ 15.619, 14.032 ], [ 15.607, 13.878 ], [ 15.602, 13.749 ], [ 15.647, 13.735 ], [ 15.7611, 13.7384 ], [ 15.7737, 13.7576 ], [ 15.8846, 13.7474 ], [ 15.925, 13.743 ], [ 16.072, 13.699 ], [ 16.1, 13.735 ], [ 16.119, 13.729 ], [ 16.144, 13.734 ], [ 16.238, 13.723 ], [ 16.279, 13.724 ], [ 16.4312, 13.5807 ], [ 16.568, 13.3845 ], [ 16.6173, 13.3038 ], [ 16.5223, 13.1205 ], [ 16.6158, 13.0768 ], [ 16.547, 13.07 ], [ 16.762, 13.09 ], [ 16.787, 13.111 ], [ 16.846, 13.136 ], [ 16.9, 13.109 ], [ 16.997, 13.137 ], [ 17.024, 13.157 ], [ 17.063, 13.137 ], [ 17.101, 13.133 ], [ 17.161, 13.099 ], [ 17.241, 13.21 ], [ 17.234, 13.427 ], [ 17.271, 13.662 ] ] ] } },
{ "type": "Feature", "properties": { "iso3": "TCD", "unit_id": "80231986B85879115837283", "unit_name": "Barh-El-Gazel Nord" }, "geometry": { "type": "Polygon", "coordinates": [ [ [ 17.9937, 15.5098 ], [ 17.9214, 15.6004 ], [ 17.8534, 15.7252 ], [ 17.1702, 16.0351 ], [ 16.3231, 15.0036 ], [ 15.9847, 14.3237 ], [ 15.9931, 14.2961 ], [ 16.0401, 14.2198 ], [ 16.1978, 14.036 ], [ 16.2399, 13.9543 ], [ 16.2478, 13.8896 ], [ 16.5096, 13.8828 ], [ 16.6568, 13.8589 ], [ 16.8075, 13.8487 ], [ 17.0072, 13.8283 ], [ 17.1894, 13.7228 ], [ 17.271, 13.662 ], [ 17.586, 13.76 ], [ 17.9937, 15.5098 ] ] ] } },
{ "type": "Feature", "properties": { "iso3": "TCD", "unit_id": "80231986B89598389291035", "unit_name": "Barh-El-Gazel Ouest" }, "geometry": { "type": "Polygon", "coordinates": [ [ [ 15.998, 13.044 ], [ 16.179, 13.023 ], [ 16.215, 13.04 ], [ 16.261, 13.036 ], [ 16.361, 13.051 ], [ 16.425, 13.044 ], [ 16.468, 13.034 ], [ 16.493, 13.055 ], [ 16.547, 13.07 ], [ 16.6158, 13.0768 ], [ 16.5223, 13.1205 ], [ 16.6173, 13.3038 ], [ 16.568, 13.3845 ], [ 16.4312, 13.5807 ], [ 16.279, 13.724 ], [ 16.238, 13.723 ], [ 16.144, 13.734 ], [ 16.119, 13.729 ], [ 16.1, 13.735 ], [ 16.072, 13.699 ], [ 15.925, 13.743 ], [ 15.8846, 13.7474 ], [ 15.8934, 13.727 ], [ 15.8941, 13.6828 ], [ 15.8832, 13.6583 ], [ 15.876, 13.614 ], [ 15.892, 13.546 ], [ 15.92, 13.499 ], [ 15.934, 13.45 ], [ 15.935, 13.339 ], [ 15.929, 13.207 ], [ 15.91, 13.173 ], [ 15.966, 13.122 ], [ 15.991, 13.08 ], [ 15.998, 13.044 ] ] ] } },
{ "type": "Feature", "properties": { "iso3": "TCD", "unit_id": "80231986B53970950614417", "unit_name": "Am-Djarass" }, "geometry": { "type": "Polygon", "coordinates": [ [ [ 24.0, 16.4555 ], [ 24.0, 19.5 ], [ 22.3416, 20.3167 ], [ 22.3502, 16.7559 ], [ 22.328, 16.7092 ], [ 22.2679, 16.6745 ], [ 22.328, 16.5645 ], [ 22.5311, 16.0515 ], [ 23.0671, 15.9892 ], [ 24.0, 16.4555 ] ] ] } },
{ "type": "Feature", "properties": { "iso3": "TCD", "unit_id": "80231986B32569091577896", "unit_name": "Wadi Hawar" }, "geometry": { "type": "Polygon", "coordinates": [ [ [ 22.9187, 15.4908 ], [ 22.9286, 15.5172 ], [ 22.9234, 15.5362 ], [ 22.9272, 15.5536 ], [ 22.9515, 15.5753 ], [ 22.9786, 15.5836 ], [ 22.9974, 15.5963 ], [ 23.0322, 15.6274 ], [ 23.0591, 15.663 ], [ 23.0761, 15.6732 ], [ 23.099, 15.7047 ], [ 23.1242, 15.7204 ], [ 23.1854, 15.7138 ], [ 23.208, 15.7146 ], [ 23.237, 15.7045 ], [ 23.2715, 15.7049 ], [ 23.3158, 15.6956 ], [ 23.3508, 15.6941 ], [ 23.4432, 15.7102 ], [ 23.4999, 15.7401 ], [ 23.5243, 15.7498 ], [ 23.5899, 15.7632 ], [ 23.6283, 15.7653 ], [ 23.689, 15.7617 ], [ 23.7331, 15.7518 ], [ 23.8176, 15.7507 ], [ 23.8337, 15.7471 ], [ 23.862, 15.7324 ], [ 23.8763, 15.7284 ], [ 23.9707, 15.7102 ], [ 24.0, 15.7111 ], [ 24.0, 16.4555 ], [ 23.0671, 15.9892 ], [ 22.5311, 16.0515 ], [ 22.328, 16.5645 ], [ 22.1458, 16.3271 ], [ 22.0516, 16.2923 ], [ 22.0153, 15.9849 ], [ 22.0705, 15.9643 ], [ 22.2438, 15.9142 ], [ 22.3227, 15.887 ], [ 22.3654, 15.8141 ], [ 22.4537, 15.7966 ], [ 22.6968, 15.6932 ], [ 22.752, 15.6496 ], [ 22.7737, 15.6256 ], [ 22.8326, 15.5879 ], [ 22.9187, 15.4908 ] ] ] } },
{ "type": "Feature", "properties": { "iso3": "TCD", "unit_id": "80231986B24945393314077", "unit_name": "Kimiti" }, "geometry": { "type": "Polygon", "coordinates": [ [ [ 21.358, 12.647 ], [ 21.353, 12.556 ], [ 21.339, 12.521 ], [ 21.31, 12.49 ], [ 21.303, 12.443 ], [ 21.281, 12.402 ], [ 21.229, 12.373 ], [ 21.2094, 12.2752 ], [ 21.259, 12.124 ], [ 21.273, 12.091 ], [ 21.244, 12.022 ], [ 21.216, 11.942 ], [ 21.188, 11.906 ], [ 21.136, 11.857 ], [ 21.119, 11.793 ], [ 21.114, 11.761 ], [ 21.065, 11.693 ], [ 21.0559, 11.6637 ], [ 21.099, 11.64 ], [ 21.0961, 11.546 ], [ 21.56, 11.6268 ], [ 21.9522, 11.7048 ], [ 22.0202, 11.6574 ], [ 22.163, 11.634 ], [ 22.4618, 11.0011 ], [ 22.494, 10.9973 ], [ 22.4972, 11.0031 ], [ 22.5207, 11.0076 ], [ 22.5687, 10.9842 ], [ 22.6123, 10.997 ], [ 22.6558, 10.9795 ], [ 22.6829, 10.9802 ], [ 22.7031, 10.9723 ], [ 22.7343, 10.9745 ], [ 22.7446, 10.9711 ], [ 22.756, 10.962 ], [ 22.7612, 10.9496 ], [ 22.7687, 10.9441 ], [ 22.7757, 10.9453 ], [ 22.8174, 10.9345 ], [ 22.8755, 10.9314 ], [ 22.9064, 11.0178 ], [ 22.9306, 11.0995 ], [ 22.9864, 11.2147 ], [ 22.9882, 11.2213 ], [ 22.9817, 11.2965 ], [ 22.979, 11.3023 ], [ 22.9343, 11.3187 ], [ 22.9419, 11.4247 ], [ 22.8279, 11.415 ], [ 22.7877, 11.4053 ], [ 22.7848, 11.441 ], [ 22.7616, 11.4697 ], [ 22.74, 11.4884 ], [ 22.6561, 11.5176 ], [ 22.6084, 11.5619 ], [ 22.5618, 11.6306 ], [ 22.5553, 11.7048 ], [ 22.5829, 11.8514 ], [ 22.61, 11.9501 ], [ 22.6343, 12.055 ], [ 22.6405, 12.0698 ], [ 22.6338, 12.0737 ], [ 22.6304, 12.0721 ], [ 22.6239, 12.0604 ], [ 22.6179, 12.0569 ], [ 22.6018, 12.061 ], [ 22.5937, 12.0677 ], [ 22.5858, 12.0613 ], [ 22.566, 12.0553 ], [ 22.5561, 12.0546 ], [ 22.5438, 12.0587 ], [ 22.5249, 12.05 ], [ 22.5085, 12.0366 ], [ 22.4898, 12.032 ], [ 22.4778, 12.0324 ], [ 22.4737, 12.0463 ], [ 22.4804, 12.0666 ], [ 22.4771, 12.0777 ], [ 22.4861, 12.0818 ], [ 22.4963, 12.163 ], [ 22.4891, 12.1734 ], [ 22.4919, 12.185 ], [ 22.4831, 12.2078 ], [ 22.4725, 12.2189 ], [ 22.476, 12.2256 ], [ 22.4732, 12.2383 ], [ 22.4649, 12.235 ], [ 22.4596, 12.2373 ], [ 22.4647, 12.2473 ], [ 22.4488, 12.2646 ], [ 22.4529, 12.278 ], [ 22.4414, 12.2849 ], [ 22.4478, 12.3008 ], [ 22.4338, 12.3223 ], [ 22.4331, 12.343 ], [ 22.428, 12.3469 ], [ 22.4315, 12.3534 ], [ 22.4252, 12.3732 ], [ 22.4333, 12.3758 ], [ 22.4354, 12.3806 ], [ 22.4294, 12.3904 ], [ 22.4194, 12.3958 ], [ 22.4108, 12.4104 ], [ 22.4037, 12.4132 ], [ 22.4016, 12.4236 ], [ 22.3873, 12.4332 ], [ 22.3841, 12.4279 ], [ 22.3716, 12.4314 ], [ 22.3648, 12.446 ], [ 22.3862, 12.4607 ], [ 22.4037, 12.496 ], [ 22.4133, 12.5027 ], [ 22.4144, 12.5106 ], [ 22.4258, 12.5145 ], [ 22.4254, 12.5396 ], [ 22.4585, 12.6334 ], [ 22.3999, 12.65 ], [ 22.3098, 12.6891 ], [ 22.1945, 12.7558 ], [ 22.1954, 12.711 ], [ 22.1511, 12.6737 ], [ 21.947, 12.6239 ], [ 21.9443, 12.632 ], [ 21.9381, 12.6355 ], [ 21.9381, 12.6455 ], [ 21.9283, 12.6504 ], [ 21.9257, 12.6614 ], [ 21.9109, 12.6758 ], [ 21.8942, 12.6832 ], [ 21.8865, 12.6944 ], [ 21.8856, 12.7073 ], [ 21.8627, 12.7261 ], [ 21.8556, 12.7415 ], [ 21.8609, 12.7616 ], [ 21.8601, 12.7688 ], [ 21.8526, 12.7772 ], [ 21.8414, 12.7788 ], [ 21.8341, 12.7908 ], [ 21.8156, 12.8037 ], [ 21.8151, 12.8073 ], [ 21.743, 12.826 ], [ 21.681, 12.861 ], [ 21.598, 12.827 ], [ 21.539, 12.808 ], [ 21.484, 12.778 ], [ 21.44, 12.734 ], [ 21.4205, 12.7218 ], [ 21.387, 12.678 ], [ 21.358, 12.647 ] ] ] } },
{ "type": "Feature", "properties": { "iso3": "TCD", "unit_id": "80231986B67872403393302", "unit_name": "Djourf Al Ahmar" }, "geometry": { "type": "Polygon", "coordinates": [ [ [ 20.045, 12.935 ], [ 20.117, 12.882 ], [ 20.163, 12.838 ], [ 20.23, 12.8 ], [ 20.244, 12.764 ], [ 20.204, 12.729 ], [ 20.174, 12.727 ], [ 20.114, 12.614 ], [ 20.154, 12.531 ], [ 20.082, 12.494 ], [ 20.001, 12.385 ], [ 19.94, 12.246 ], [ 19.905, 12.118 ], [ 19.889, 12.079 ], [ 19.912, 12.029 ], [ 19.9211, 11.96 ], [ 19.97, 11.965 ], [ 20.011, 11.982 ], [ 20.0186, 12.0271 ], [ 20.237, 12.042 ], [ 20.2651, 12.0289 ], [ 20.3032, 12.035 ], [ 20.6385, 11.875 ], [ 21.0559, 11.6637 ], [ 21.065, 11.693 ], [ 21.114, 11.761 ], [ 21.119, 11.793 ], [ 21.136, 11.857 ], [ 21.188, 11.906 ], [ 21.216, 11.942 ], [ 21.244, 12.022 ], [ 21.273, 12.091 ], [ 21.259, 12.124 ], [ 21.2094, 12.2752 ], [ 21.229, 12.373 ], [ 21.281, 12.402 ], [ 21.303, 12.443 ], [ 21.31, 12.49 ], [ 21.339, 12.521 ], [ 21.353, 12.556 ], [ 21.358, 12.647 ], [ 21.313, 12.665 ], [ 21.269, 12.672 ], [ 21.224, 12.67 ], [ 21.139, 12.649 ], [ 21.1113, 12.6489 ], [ 21.0865, 12.6344 ], [ 20.932, 12.694 ], [ 20.929, 12.752 ], [ 20.941, 12.8 ], [ 20.915, 12.853 ], [ 20.845, 12.866 ], [ 20.7909, 12.8856 ], [ 20.7641, 12.8882 ], [ 20.773, 12.932 ], [ 20.763, 12.978 ], [ 20.763, 13.017 ], [ 20.662, 13.009 ], [ 20.54, 13.012 ], [ 20.4949, 13.0196 ], [ 20.3577, 13.059 ], [ 20.357, 13.02 ], [ 20.331, 13.001 ], [ 20.045, 12.935 ] ] ] } },
{ "type": "Feature", "properties": { "iso3": "TCD", "unit_id": "80231986B53543982731275", "unit_name": "Tibesti Est" }, "geometry": { "type": "Polygon", "coordinates": [ [ [ 19.1912, 18.6488 ], [ 19.505, 18.6531 ], [ 19.51, 20.0029 ], [ 20.4939, 20.0008 ], [ 20.9839, 20.9852 ], [ 16.9105, 22.9911 ], [ 16.9085, 21.8376 ], [ 16.9621, 21.7186 ], [ 16.724, 21.4388 ], [ 16.7359, 21.4269 ], [ 16.8073, 21.0697 ], [ 17.2538, 20.6708 ], [ 17.4432, 20.5618 ], [ 17.3811, 20.3664 ], [ 17.3723, 20.3173 ], [ 16.8971, 19.4728 ], [ 16.5196, 18.8204 ], [ 18.7751, 18.8264 ], [ 18.8977, 18.6681 ], [ 19.1912, 18.6488 ] ] ] } },
{ "type": "Feature", "properties": { "iso3": "TCD", "unit_id": "80231986B89591129778721", "unit_name": "Tibesti Ouest" }, "geometry": { "type": "Polygon", "coordinates": [ [ [ 16.5196, 18.8204 ], [ 16.8971, 19.4728 ], [ 17.3723, 20.3173 ], [ 17.3811, 20.3664 ], [ 17.4432, 20.5618 ], [ 17.2538, 20.6708 ], [ 16.8073, 21.0697 ], [ 16.7359, 21.4269 ], [ 16.724, 21.4388 ], [ 16.9621, 21.7186 ], [ 16.9085, 21.8376 ], [ 16.9105, 22.9911 ], [ 16.0, 23.4394 ], [ 14.9984, 22.9972 ], [ 15.1222, 22.3718 ], [ 15.1437, 22.2485 ], [ 15.1479, 22.2383 ], [ 15.1919, 21.9898 ], [ 15.1972, 21.5322 ], [ 15.1948, 21.528 ], [ 15.1984, 21.4913 ], [ 15.2886, 21.4323 ], [ 15.4737, 21.1703 ], [ 15.4842, 21.1594 ], [ 15.6256, 20.9632 ], [ 15.576, 20.9251 ], [ 15.5611, 20.91 ], [ 15.5462, 20.8804 ], [ 15.5565, 20.8473 ], [ 15.5901, 20.7745 ], [ 15.618, 20.7427 ], [ 15.6968, 20.6801 ], [ 15.7457, 20.6295 ], [ 15.8652, 20.4625 ], [ 15.9956, 20.3485 ], [ 15.8373, 20.082 ], [ 15.7536, 19.9478 ], [ 15.7458, 19.9107 ], [ 15.7469, 19.9018 ], [ 15.7314, 19.7844 ], [ 15.7246, 19.7637 ], [ 15.7276, 19.7582 ], [ 15.7191, 19.6926 ], [ 15.7153, 19.6846 ], [ 15.7158, 19.6676 ], [ 15.711, 19.6519 ], [ 15.7132, 19.6494 ], [ 15.6974, 19.5178 ], [ 15.69, 19.4791 ], [ 15.6584, 19.2245 ], [ 15.6545, 19.2115 ], [ 15.6559, 19.1817 ], [ 15.6503, 19.1626 ], [ 15.6313, 19.0316 ], [ 15.5938, 18.7319 ], [ 15.5897, 18.6388 ], [ 15.5859, 18.6167 ], [ 15.5877, 18.5963 ], [ 15.5839, 18.5129 ], [ 15.5534, 17.9146 ], [ 15.5531, 17.8425 ], [ 15.5384, 17.61 ], [ 15.525, 17.2921 ], [ 15.5202, 17.2413 ], [ 15.5184, 17.1736 ], [ 15.5206, 17.1702 ], [ 15.5141, 17.1017 ], [ 15.5083, 16.9491 ], [ 16.5196, 18.8204 ] ] ] } },
{ "type": "Feature", "properties": { "iso3": "TCD", "unit_id": "80231986B61165508635226", "unit_name": "Fada" }, "geometry": { "type": "Polygon", "coordinates": [ [ [ 20.4609, 16.9921 ], [ 20.8547, 16.9943 ], [ 22.2679, 16.6745 ], [ 22.328, 16.7092 ], [ 22.3502, 16.7559 ], [ 22.3416, 20.3167 ], [ 20.9839, 20.9852 ], [ 20.4939, 20.0008 ], [ 19.51, 20.0029 ], [ 19.505, 18.6531 ], [ 19.1912, 18.6488 ], [ 19.8029, 18.0121 ], [ 20.5133, 18.0243 ], [ 20.5431, 17.9415 ], [ 20.4609, 16.9921 ] ] ] } },
{ "type": "Feature", "properties": { "iso3": "TCD", "unit_id": "80231986B64728602725166", "unit_name": "Mourtcha" }, "geometry": { "type": "Polygon", "coordinates": [ [ [ 20.5475, 15.6285 ], [ 20.6413, 15.5964 ], [ 20.6873, 15.5875 ], [ 20.7317, 15.5703 ], [ 20.832, 15.6041 ], [ 21.1016, 15.7294 ], [ 21.0993, 15.8292 ], [ 21.1902, 15.8775 ], [ 21.2912, 15.8739 ], [ 21.3554, 15.881 ], [ 21.4248, 15.8669 ], [ 21.4829, 15.8985 ], [ 21.6861, 15.8899 ], [ 21.7693, 15.8976 ], [ 21.9451, 15.9453 ], [ 22.0153, 15.9849 ], [ 22.0516, 16.2923 ], [ 22.1458, 16.3271 ], [ 22.328, 16.5645 ], [ 22.2679, 16.6745 ], [ 20.8547, 16.9943 ], [ 20.4609, 16.9921 ], [ 20.4006, 16.7122 ], [ 20.7448, 15.8004 ], [ 20.5475, 15.6285 ] ] ] } }
]
}
