{
"type": "FeatureCollection",
"name": "TUN",
"crs": { "type": "name", "properties": { "name": "urn:ogc:def:crs:OGC:1.3:CRS84" } },
"xy_coordinate_resolution": 0.0001,
"features": [
{ "type": "Feature", "properties": { "iso3": "TUN", "unit_id": "37104715B8185560689935", "unit_name": "Tunis" }, "geometry": { "type": "Polygon", "coordinates": [ [ [ 10.1444, 36.7358 ], [ 10.137, 36.7395 ], [ 10.1368, 36.7455 ], [ 10.1297, 36.7495 ], [ 10.1294, 36.7551 ], [ 10.1225, 36.7556 ], [ 10.1253, 36.7587 ], [ 10.1179, 36.7563 ], [ 10.1159, 36.7603 ], [ 10.1205, 36.7649 ], [ 10.1158, 36.768 ], [ 10.1187, 36.7687 ], [ 10.1203, 36.7781 ], [ 10.1338, 36.7883 ], [ 10.1509, 36.794 ], [ 10.159, 36.7906 ], [ 10.1708, 36.774 ], [ 10.17, 36.7515 ], [ 10.1774, 36.7409 ], [ 10.1751, 36.7361 ], [ 10.182, 36.733 ], [ 10.176, 36.7291 ], [ 10.1763, 36.7199 ], [ 10.1864, 36.7211 ], [ 10.1941, 36.7328 ], [ 10.207, 36.7419 ], [ 10.2096, 36.7466 ], [ 10.2077, 36.7486 ], [ 10.2116, 36.7505 ], [ 10.2104, 36.7563 ], [ 10.2153, 36.7599 ], [ 10.2202, 36.7587 ], [ 10.2201, 36.7667 ], [ 10.2058, 36.7786 ], [ 10.2239, 36.8029 ], [ 10.2952, 36.8134 ], [ 10.3089, 36.8063 ], [ 10.3083, 36.8102 ], [ 10.3104, 36.8065 ], [ 10.3108, 36.809 ], [ 10.305, 36.8147 ], [ 10.3141, 36.8213 ], [ 10.3125, 36.8237 ], [ 10.3149, 36.8218 ], [ 10.3212, 36.8355 ], [ 10.327, 36.8362 ], [ 10.327, 36.8447 ], [ 10.3388, 36.8551 ], [ 10.3418, 36.8637 ], [ 10.3509, 36.8651 ], [ 10.3548, 36.8695 ], [ 10.3502, 36.8758 ], [ 10.3402, 36.8782 ], [ 10.3414, 36.8821 ], [ 10.3222, 36.893 ], [ 10.3166, 36.9026 ], [ 10.3205, 36.9113 ], [ 10.3179, 36.917 ], [ 10.3121, 36.9166 ], [ 10.3058, 36.9221 ], [ 10.2988, 36.9206 ], [ 10.2873, 36.9246 ], [ 10.2496, 36.9446 ], [ 10.2412, 36.9378 ], [ 10.2525, 36.9338 ], [ 10.2546, 36.9264 ], [ 10.2634, 36.9233 ], [ 10.2769, 36.9075 ], [ 10.2757, 36.9044 ], [ 10.2856, 36.9006 ], [ 10.2835, 36.8941 ], [ 10.2765, 36.8906 ], [ 10.2804, 36.8852 ], [ 10.2742, 36.8817 ], [ 10.2713, 36.875 ], [ 10.2887, 36.8671 ], [ 10.2805, 36.8627 ], [ 10.2437, 36.8614 ], [ 10.231, 36.8569 ], [ 10.2349, 36.871 ], [ 10.2327, 36.8715 ], [ 10.2144, 36.8598 ], [ 10.2125, 36.8484 ], [ 10.1908, 36.8508 ], [ 10.1694, 36.8405 ], [ 10.1468, 36.8549 ], [ 10.1409, 36.8547 ], [ 10.1298, 36.8475 ], [ 10.1166, 36.8445 ], [ 10.1178, 36.834 ], [ 10.1146, 36.8302 ], [ 10.117, 36.8121 ], [ 10.1214, 36.8041 ], [ 10.1188, 36.8032 ], [ 10.1191, 36.7975 ], [ 10.1154, 36.796 ], [ 10.1005, 36.802 ], [ 10.0906, 36.8011 ], [ 10.0813, 36.7959 ], [ 10.0737, 36.7996 ], [ 10.0645, 36.7955 ], [ 10.0596, 36.7969 ], [ 10.0515, 36.7867 ], [ 10.0295, 36.7987 ], [ 10.021, 36.7986 ], [ 10.0037, 36.787 ], [ 10.0199, 36.7795 ], [ 10.0259, 36.7733 ], [ 10.0279, 36.7614 ], [ 10.041, 36.7453 ], [ 10.0311, 36.7397 ], [ 10.0749, 36.7241 ], [ 10.0699, 36.7062 ], [ 10.0849, 36.6954 ], [ 10.1109, 36.6921 ], [ 10.1163, 36.6964 ], [ 10.1248, 36.6945 ], [ 10.1321, 36.7023 ], [ 10.1355, 36.699 ], [ 10.1513, 36.7117 ], [ 10.131, 36.7254 ], [ 10.1444, 36.7358 ] ] ] } },
{ "type": "Feature", "properties": { "iso3": "TUN", "unit_id": "37104715B53927377454887", "unit_name": "Ariana" }, "geometry": { "type": "Polygon", "coordinates": [ [ [ 10.2765, 36.8906 ], [ 10.2646, 36.8873 ], [ 10.2456, 36.8882 ], [ 10.2202, 36.9041 ], [ 10.2074, 36.9053 ], [ 10.1955, 36.9135 ], [ 10.191, 36.9106 ], [ 10.1818, 36.9244 ], [ 10.1806, 36.9377 ], [ 10.2017, 36.9397 ], [ 10.2153, 36.9502 ], [ 10.2389, 36.9513 ], [ 10.2162, 36.9695 ], [ 10.2037, 36.9842 ], [ 10.1782, 37.0457 ], [ 10.1776, 37.0662 ], [ 10.1812, 37.0725 ], [ 10.1793, 37.0709 ], [ 10.1793, 37.0733 ], [ 10.1828, 37.0734 ], [ 10.1792, 37.0736 ], [ 10.1909, 37.0903 ], [ 10.2065, 37.1034 ], [ 10.1908, 37.093 ], [ 10.1906, 37.0954 ], [ 10.1986, 37.104 ], [ 10.2095, 37.1057 ], [ 10.2086, 37.1094 ], [ 10.2153, 37.1109 ], [ 10.2016, 37.0891 ], [ 10.185, 37.0788 ], [ 10.184, 37.0769 ], [ 10.1893, 37.0785 ], [ 10.182, 37.0754 ], [ 10.1874, 37.0753 ], [ 10.183, 37.0726 ], [ 10.1901, 37.0763 ], [ 10.2025, 37.0882 ], [ 10.2164, 37.1114 ], [ 10.1808, 37.1067 ], [ 10.1733, 37.1106 ], [ 10.1618, 37.109 ], [ 10.1569, 37.1151 ], [ 10.1395, 37.1124 ], [ 10.1312, 37.1075 ], [ 10.1304, 37.112 ], [ 10.1218, 37.1133 ], [ 10.116, 37.1062 ], [ 10.0952, 37.0956 ], [ 10.0946, 37.0907 ], [ 10.089, 37.0851 ], [ 10.0951, 37.0657 ], [ 10.0899, 37.0568 ], [ 10.0906, 37.0511 ], [ 10.0786, 37.035 ], [ 10.074, 37.0195 ], [ 10.0674, 37.0138 ], [ 10.066, 37.0065 ], [ 10.0291, 36.9838 ], [ 10.0309, 36.977 ], [ 10.0282, 36.9701 ], [ 10.0252, 36.9667 ], [ 10.0184, 36.9666 ], [ 10.0237, 36.9629 ], [ 10.0204, 36.9555 ], [ 10.0219, 36.9506 ], [ 10.0061, 36.9378 ], [ 10.0098, 36.9351 ], [ 10.0162, 36.9375 ], [ 10.0174, 36.9312 ], [ 10.0269, 36.9215 ], [ 10.0158, 36.9144 ], [ 10.0094, 36.9262 ], [ 10.0036, 36.9285 ], [ 9.9993, 36.9254 ], [ 10.0, 36.9182 ], [ 10.0112, 36.8971 ], [ 10.0042, 36.8898 ], [ 10.0049, 36.8807 ], [ 9.9969, 36.8771 ], [ 9.9981, 36.8709 ], [ 9.9909, 36.8581 ], [ 9.9755, 36.8587 ], [ 9.9789, 36.8467 ], [ 9.9658, 36.8412 ], [ 9.9809, 36.8379 ], [ 9.9893, 36.8522 ], [ 10.0199, 36.8513 ], [ 10.0252, 36.8479 ], [ 10.0375, 36.8564 ], [ 10.0414, 36.8656 ], [ 10.053, 36.8711 ], [ 10.0736, 36.8727 ], [ 10.0777, 36.8695 ], [ 10.075, 36.8644 ], [ 10.0794, 36.862 ], [ 10.0939, 36.8398 ], [ 10.096, 36.831 ], [ 10.1005, 36.8299 ], [ 10.1049, 36.822 ], [ 10.1149, 36.8277 ], [ 10.1178, 36.834 ], [ 10.1166, 36.8445 ], [ 10.1298, 36.8475 ], [ 10.1409, 36.8547 ], [ 10.1468, 36.8549 ], [ 10.1694, 36.8405 ], [ 10.1908, 36.8508 ], [ 10.2125, 36.8484 ], [ 10.2144, 36.8598 ], [ 10.2327, 36.8715 ], [ 10.2349, 36.871 ], [ 10.231, 36.8569 ], [ 10.2437, 36.8614 ], [ 10.2805, 36.8627 ], [ 10.2887, 36.8671 ], [ 10.2713, 36.875 ], [ 10.2742, 36.8817 ], [ 10.2804, 36.8852 ], [ 10.2765, 36.8906 ] ] ] } },
{ "type": "Feature", "properties": { "iso3": "TUN", "unit_id": "37104715B98910382584035", "unit_name": "Ben Arous" }, "geometry": { "type": "Polygon", "coordinates": [ [ [ 10.093, 36.6956 ], [ 10.0817, 36.6674 ], [ 10.059, 36.6451 ], [ 10.0431, 36.6229 ], [ 10.0481, 36.6148 ], [ 10.0481, 36.6043 ], [ 10.0525, 36.6004 ], [ 10.0588, 36.6095 ], [ 10.0866, 36.5987 ], [ 10.0997, 36.5853 ], [ 10.1083, 36.582 ], [ 10.1429, 36.6023 ], [ 10.1466, 36.5989 ], [ 10.1439, 36.5667 ], [ 10.1512, 36.5697 ], [ 10.1549, 36.5504 ], [ 10.1662, 36.5465 ], [ 10.1654, 36.5402 ], [ 10.1698, 36.5328 ], [ 10.1931, 36.5187 ], [ 10.1985, 36.5243 ], [ 10.2063, 36.5254 ], [ 10.2428, 36.5066 ], [ 10.2708, 36.5034 ], [ 10.2524, 36.4705 ], [ 10.2537, 36.4668 ], [ 10.2466, 36.4626 ], [ 10.2464, 36.4547 ], [ 10.2497, 36.4494 ], [ 10.2592, 36.4487 ], [ 10.2644, 36.4541 ], [ 10.2796, 36.4462 ], [ 10.2787, 36.4512 ], [ 10.2812, 36.453 ], [ 10.2775, 36.4583 ], [ 10.2873, 36.4647 ], [ 10.3516, 36.4886 ], [ 10.3439, 36.4945 ], [ 10.3424, 36.5046 ], [ 10.3448, 36.5137 ], [ 10.3545, 36.5165 ], [ 10.3498, 36.5303 ], [ 10.3596, 36.5409 ], [ 10.3782, 36.5497 ], [ 10.3813, 36.5606 ], [ 10.3787, 36.5676 ], [ 10.3623, 36.5825 ], [ 10.3433, 36.5766 ], [ 10.3357, 36.5777 ], [ 10.3466, 36.5944 ], [ 10.3674, 36.6111 ], [ 10.3745, 36.6229 ], [ 10.3731, 36.6364 ], [ 10.377, 36.6395 ], [ 10.366, 36.6461 ], [ 10.3826, 36.6467 ], [ 10.3867, 36.6428 ], [ 10.389, 36.6451 ], [ 10.3887, 36.6528 ], [ 10.3911, 36.6543 ], [ 10.3888, 36.6606 ], [ 10.396, 36.6723 ], [ 10.3998, 36.6716 ], [ 10.4032, 36.6754 ], [ 10.4034, 36.6792 ], [ 10.3997, 36.679 ], [ 10.3951, 36.6852 ], [ 10.3961, 36.6952 ], [ 10.4178, 36.7124 ], [ 10.4172, 36.7164 ], [ 10.3917, 36.7162 ], [ 10.3643, 36.7225 ], [ 10.3366, 36.7339 ], [ 10.3135, 36.7489 ], [ 10.2946, 36.7695 ], [ 10.2847, 36.787 ], [ 10.2848, 36.7914 ], [ 10.2956, 36.8045 ], [ 10.292, 36.8042 ], [ 10.3014, 36.8063 ], [ 10.294, 36.8122 ], [ 10.2875, 36.8128 ], [ 10.26, 36.8087 ], [ 10.2626, 36.7999 ], [ 10.2704, 36.8008 ], [ 10.2713, 36.7968 ], [ 10.2685, 36.7894 ], [ 10.2702, 36.7776 ], [ 10.264, 36.7722 ], [ 10.25, 36.787 ], [ 10.2218, 36.7862 ], [ 10.2058, 36.7786 ], [ 10.2201, 36.7667 ], [ 10.2202, 36.7587 ], [ 10.2153, 36.7599 ], [ 10.2104, 36.7563 ], [ 10.2116, 36.7505 ], [ 10.2077, 36.7486 ], [ 10.2096, 36.7466 ], [ 10.207, 36.7419 ], [ 10.1941, 36.7328 ], [ 10.1864, 36.7211 ], [ 10.1763, 36.7199 ], [ 10.1765, 36.7239 ], [ 10.1682, 36.7269 ], [ 10.1669, 36.7316 ], [ 10.1444, 36.7358 ], [ 10.131, 36.7254 ], [ 10.1513, 36.7117 ], [ 10.1355, 36.699 ], [ 10.1321, 36.7023 ], [ 10.1248, 36.6945 ], [ 10.1163, 36.6964 ], [ 10.1109, 36.6921 ], [ 10.093, 36.6956 ] ] ] } },
{ "type": "Feature", "properties": { "iso3": "TUN", "unit_id": "37104715B55979943094691", "unit_name": "Manubah" }, "geometry": { "type": "Polygon", "coordinates": [ [ [ 10.1149, 36.8277 ], [ 10.1049, 36.822 ], [ 10.1005, 36.8299 ], [ 10.096, 36.831 ], [ 10.0939, 36.8398 ], [ 10.0794, 36.862 ], [ 10.075, 36.8644 ], [ 10.0777, 36.8695 ], [ 10.0736, 36.8727 ], [ 10.053, 36.8711 ], [ 10.0414, 36.8656 ], [ 10.0375, 36.8564 ], [ 10.0252, 36.8479 ], [ 10.0199, 36.8513 ], [ 9.9893, 36.8522 ], [ 9.9809, 36.8379 ], [ 9.9658, 36.8412 ], [ 9.9789, 36.8467 ], [ 9.9755, 36.8587 ], [ 9.9909, 36.8581 ], [ 9.9981, 36.8709 ], [ 9.9969, 36.8771 ], [ 10.0049, 36.8807 ], [ 10.0042, 36.8898 ], [ 10.0112, 36.8971 ], [ 10.0, 36.9182 ], [ 9.98, 36.9265 ], [ 9.9436, 36.9147 ], [ 9.9446, 36.9194 ], [ 9.9266, 36.9525 ], [ 9.9145, 36.9496 ], [ 9.8498, 36.9586 ], [ 9.8328, 36.9661 ], [ 9.8229, 36.9769 ], [ 9.8172, 36.9722 ], [ 9.8181, 36.9685 ], [ 9.8132, 36.9626 ], [ 9.8178, 36.9422 ], [ 9.8048, 36.9424 ], [ 9.7913, 36.9364 ], [ 9.7763, 36.9164 ], [ 9.7733, 36.8994 ], [ 9.7678, 36.8965 ], [ 9.7682, 36.8911 ], [ 9.7385, 36.8887 ], [ 9.7123, 36.9017 ], [ 9.7014, 36.8893 ], [ 9.6897, 36.8833 ], [ 9.6768, 36.8838 ], [ 9.6547, 36.8724 ], [ 9.6557, 36.8674 ], [ 9.6528, 36.865 ], [ 9.6354, 36.8615 ], [ 9.6348, 36.857 ], [ 9.6307, 36.8563 ], [ 9.6269, 36.8676 ], [ 9.6156, 36.8665 ], [ 9.5764, 36.8522 ], [ 9.5658, 36.8411 ], [ 9.5716, 36.8265 ], [ 9.5856, 36.8074 ], [ 9.5981, 36.7959 ], [ 9.6, 36.7893 ], [ 9.6092, 36.7852 ], [ 9.6103, 36.7722 ], [ 9.6135, 36.7693 ], [ 9.6243, 36.7703 ], [ 9.647, 36.7577 ], [ 9.6815, 36.7543 ], [ 9.696, 36.745 ], [ 9.7085, 36.7436 ], [ 9.7119, 36.7414 ], [ 9.7084, 36.7394 ], [ 9.7127, 36.7339 ], [ 9.7381, 36.7226 ], [ 9.7365, 36.7148 ], [ 9.7418, 36.7121 ], [ 9.7627, 36.7306 ], [ 9.7749, 36.7295 ], [ 9.7685, 36.7216 ], [ 9.788, 36.71 ], [ 9.7772, 36.6943 ], [ 9.7788, 36.6771 ], [ 9.7922, 36.6707 ], [ 9.7992, 36.6604 ], [ 9.7992, 36.6576 ], [ 9.7846, 36.6511 ], [ 9.7839, 36.6478 ], [ 9.7967, 36.6351 ], [ 9.8038, 36.6408 ], [ 9.8114, 36.6405 ], [ 9.8127, 36.6335 ], [ 9.8088, 36.6238 ], [ 9.8175, 36.6078 ], [ 9.8281, 36.6057 ], [ 9.8497, 36.6077 ], [ 9.8548, 36.5978 ], [ 9.8605, 36.5942 ], [ 9.8653, 36.5831 ], [ 9.864, 36.575 ], [ 9.893, 36.5721 ], [ 9.9047, 36.5548 ], [ 9.9284, 36.5822 ], [ 9.9353, 36.5841 ], [ 9.9379, 36.5946 ], [ 9.9555, 36.6113 ], [ 9.9806, 36.6174 ], [ 9.9928, 36.631 ], [ 9.9986, 36.6442 ], [ 10.0175, 36.6631 ], [ 10.0287, 36.6547 ], [ 10.0241, 36.6477 ], [ 10.0354, 36.6397 ], [ 10.0372, 36.6293 ], [ 10.0431, 36.6229 ], [ 10.059, 36.6451 ], [ 10.0817, 36.6674 ], [ 10.093, 36.6956 ], [ 10.0849, 36.6954 ], [ 10.0699, 36.7062 ], [ 10.0749, 36.7241 ], [ 10.0311, 36.7397 ], [ 10.041, 36.7453 ], [ 10.0279, 36.7614 ], [ 10.0259, 36.7733 ], [ 10.0199, 36.7795 ], [ 10.0037, 36.787 ], [ 10.021, 36.7986 ], [ 10.0295, 36.7987 ], [ 10.0515, 36.7867 ], [ 10.0596, 36.7969 ], [ 10.0645, 36.7955 ], [ 10.0737, 36.7996 ], [ 10.0813, 36.7959 ], [ 10.0906, 36.8011 ], [ 10.1005, 36.802 ], [ 10.1154, 36.796 ], [ 10.1191, 36.7975 ], [ 10.1188, 36.8032 ], [ 10.1214, 36.8041 ], [ 10.117, 36.8121 ], [ 10.1149, 36.8277 ] ] ] } },
{ "type": "Feature", "properties": { "iso3": "TUN", "unit_id": "37104715B5240446580727", "unit_name": "Nabeul" }, "geometry": { "type": "Polygon", "coordinates": [ [ [ 10.3516, 36.4886 ], [ 10.356, 36.4901 ], [ 10.3575, 36.4825 ], [ 10.3546, 36.4794 ], [ 10.355, 36.4594 ], [ 10.3517, 36.457 ], [ 10.3516, 36.4524 ], [ 10.3573, 36.4457 ], [ 10.3517, 36.4204 ], [ 10.359, 36.4096 ], [ 10.3599, 36.3965 ], [ 10.3659, 36.3943 ], [ 10.3584, 36.3876 ], [ 10.3711, 36.3801 ], [ 10.3724, 36.3671 ], [ 10.3797, 36.3738 ], [ 10.3814, 36.3771 ], [ 10.3781, 36.3817 ], [ 10.3812, 36.383 ], [ 10.4015, 36.3779 ], [ 10.4163, 36.3794 ], [ 10.4571, 36.3663 ], [ 10.4657, 36.3703 ], [ 10.4803, 36.3599 ], [ 10.5064, 36.3917 ], [ 10.5318, 36.3704 ], [ 10.5135, 36.3416 ], [ 10.4898, 36.3146 ], [ 10.4935, 36.309 ], [ 10.5043, 36.3057 ], [ 10.5266, 36.3483 ], [ 10.5416, 36.3694 ], [ 10.5482, 36.3714 ], [ 10.5465, 36.3769 ], [ 10.5709, 36.3958 ], [ 10.6, 36.4047 ], [ 10.6124, 36.3968 ], [ 10.6129, 36.3926 ], [ 10.6168, 36.3923 ], [ 10.6291, 36.3996 ], [ 10.6556, 36.4057 ], [ 10.6728, 36.4206 ], [ 10.7125, 36.437 ], [ 10.7485, 36.4421 ], [ 10.7611, 36.4488 ], [ 10.7845, 36.4537 ], [ 10.7927, 36.4512 ], [ 10.7987, 36.4551 ], [ 10.7922, 36.461 ], [ 10.7941, 36.4648 ], [ 10.7985, 36.4643 ], [ 10.8021, 36.4549 ], [ 10.8097, 36.4582 ], [ 10.831, 36.4947 ], [ 10.8623, 36.5667 ], [ 10.9726, 36.7287 ], [ 11.0328, 36.7965 ], [ 11.0538, 36.8123 ], [ 11.0974, 36.836 ], [ 11.109, 36.8368 ], [ 11.1095, 36.8338 ], [ 11.1144, 36.8329 ], [ 11.1074, 36.8323 ], [ 11.1138, 36.8319 ], [ 11.1296, 36.855 ], [ 11.1362, 36.8749 ], [ 11.1163, 36.8897 ], [ 11.1059, 36.9055 ], [ 11.0978, 36.9574 ], [ 11.0921, 36.966 ], [ 11.0761, 36.9788 ], [ 11.0571, 37.0088 ], [ 11.0593, 37.0096 ], [ 11.0573, 37.0236 ], [ 11.0609, 37.0376 ], [ 11.0642, 37.0415 ], [ 11.075, 37.0442 ], [ 11.0721, 37.0461 ], [ 11.0748, 37.0515 ], [ 11.06, 37.0633 ], [ 11.0581, 37.0731 ], [ 11.047, 37.0776 ], [ 11.0475, 37.0822 ], [ 11.0352, 37.0886 ], [ 11.0389, 37.0793 ], [ 11.0367, 37.077 ], [ 11.0045, 37.0619 ], [ 10.9858, 37.0576 ], [ 10.9745, 37.0497 ], [ 10.9669, 37.05 ], [ 10.962, 37.0548 ], [ 10.9584, 37.052 ], [ 10.9325, 37.0518 ], [ 10.9238, 37.0461 ], [ 10.9076, 37.0494 ], [ 10.9088, 37.0449 ], [ 10.904, 37.0438 ], [ 10.9099, 37.04 ], [ 10.9041, 37.0373 ], [ 10.9098, 37.0329 ], [ 10.9045, 37.028 ], [ 10.9112, 37.0237 ], [ 10.9061, 37.0224 ], [ 10.907, 37.0192 ], [ 10.911, 37.0212 ], [ 10.9149, 37.0184 ], [ 10.9107, 37.0095 ], [ 10.9122, 37.0071 ], [ 10.899, 37.0108 ], [ 10.9002, 37.0066 ], [ 10.8934, 37.0022 ], [ 10.8928, 36.9943 ], [ 10.8852, 36.9921 ], [ 10.88, 36.983 ], [ 10.8737, 36.9818 ], [ 10.8742, 36.9772 ], [ 10.8649, 36.9755 ], [ 10.834, 36.9541 ], [ 10.8285, 36.9539 ], [ 10.8191, 36.9456 ], [ 10.7969, 36.9361 ], [ 10.7565, 36.9046 ], [ 10.7113, 36.8833 ], [ 10.692, 36.8782 ], [ 10.6719, 36.8785 ], [ 10.6581, 36.8842 ], [ 10.6515, 36.8803 ], [ 10.648, 36.882 ], [ 10.6249, 36.876 ], [ 10.609, 36.8822 ], [ 10.6126, 36.8741 ], [ 10.5994, 36.866 ], [ 10.5859, 36.8637 ], [ 10.5819, 36.8501 ], [ 10.5695, 36.8431 ], [ 10.5719, 36.8409 ], [ 10.5693, 36.8377 ], [ 10.5705, 36.8312 ], [ 10.5664, 36.824 ], [ 10.5683, 36.8208 ], [ 10.5625, 36.799 ], [ 10.5546, 36.793 ], [ 10.551, 36.7715 ], [ 10.5422, 36.7655 ], [ 10.5388, 36.7574 ], [ 10.5117, 36.747 ], [ 10.4824, 36.7406 ], [ 10.4618, 36.7275 ], [ 10.4172, 36.7164 ], [ 10.4178, 36.7124 ], [ 10.3961, 36.6952 ], [ 10.3951, 36.6852 ], [ 10.3997, 36.679 ], [ 10.4034, 36.6792 ], [ 10.4032, 36.6754 ], [ 10.3998, 36.6716 ], [ 10.396, 36.6723 ], [ 10.3888, 36.6606 ], [ 10.3911, 36.6543 ], [ 10.3887, 36.6528 ], [ 10.389, 36.6451 ], [ 10.3867, 36.6428 ], [ 10.3826, 36.6467 ], [ 10.366, 36.6461 ], [ 10.377, 36.6395 ], [ 10.3731, 36.6364 ], [ 10.3745, 36.6229 ], [ 10.3674, 36.6111 ], [ 10.3466, 36.5944 ], [ 10.3357, 36.5777 ], [ 10.3433, 36.5766 ], [ 10.3623, 36.5825 ], [ 10.3787, 36.5676 ], [ 10.3813, 36.5606 ], [ 10.3782, 36.5497 ], [ 10.3596, 36.5409 ], [ 10.3498, 36.5303 ], [ 10.3545, 36.5165 ], [ 10.3448, 36.5137 ], [ 10.3424, 36.5046 ], [ 10.3439, 36.4945 ], [ 10.3516, 36.4886 ] ] ] } },
{ "type": "Feature", "properties": { "iso3": "TUN", "unit_id": "37104715B77935529317593", "unit_name": "Zaghouan" }, "geometry": { "type": "Polygon", "coordinates": [ [ [ 10.0481, 36.6148 ], [ 10.0372, 36.6293 ], [ 10.0354, 36.6397 ], [ 10.0241, 36.6477 ], [ 10.0287, 36.6547 ], [ 10.0175, 36.6631 ], [ 9.9986, 36.6442 ], [ 9.9928, 36.631 ], [ 9.9806, 36.6174 ], [ 9.9555, 36.6113 ], [ 9.9379, 36.5946 ], [ 9.9353, 36.5841 ], [ 9.9284, 36.5822 ], [ 9.9047, 36.5548 ], [ 9.893, 36.5721 ], [ 9.874, 36.5756 ], [ 9.8234, 36.5634 ], [ 9.8209, 36.561 ], [ 9.8238, 36.5527 ], [ 9.8182, 36.5324 ], [ 9.8195, 36.5218 ], [ 9.7879, 36.503 ], [ 9.7757, 36.4874 ], [ 9.7681, 36.4856 ], [ 9.7594, 36.4889 ], [ 9.7517, 36.4778 ], [ 9.7329, 36.4696 ], [ 9.7399, 36.4658 ], [ 9.7357, 36.4617 ], [ 9.7464, 36.4308 ], [ 9.7446, 36.4174 ], [ 9.753, 36.4044 ], [ 9.7575, 36.3877 ], [ 9.7663, 36.381 ], [ 9.7543, 36.3743 ], [ 9.7544, 36.3556 ], [ 9.7236, 36.3463 ], [ 9.7152, 36.3299 ], [ 9.7224, 36.3229 ], [ 9.7213, 36.3137 ], [ 9.7036, 36.302 ], [ 9.6952, 36.2984 ], [ 9.6863, 36.2995 ], [ 9.6715, 36.2894 ], [ 9.638, 36.291 ], [ 9.6132, 36.2725 ], [ 9.6032, 36.2716 ], [ 9.5933, 36.2633 ], [ 9.5965, 36.252 ], [ 9.6041, 36.2507 ], [ 9.6148, 36.2434 ], [ 9.6235, 36.2446 ], [ 9.6259, 36.2413 ], [ 9.6398, 36.2385 ], [ 9.6457, 36.2439 ], [ 9.6487, 36.2414 ], [ 9.6511, 36.2377 ], [ 9.6479, 36.2303 ], [ 9.6482, 36.2152 ], [ 9.6744, 36.2275 ], [ 9.6854, 36.2249 ], [ 9.6996, 36.216 ], [ 9.6993, 36.2103 ], [ 9.7123, 36.2022 ], [ 9.716, 36.2012 ], [ 9.7261, 36.2064 ], [ 9.7283, 36.1996 ], [ 9.7437, 36.1899 ], [ 9.7432, 36.1736 ], [ 9.7369, 36.1669 ], [ 9.7696, 36.1444 ], [ 9.7667, 36.1394 ], [ 9.7687, 36.1352 ], [ 9.7637, 36.131 ], [ 9.7583, 36.1129 ], [ 9.7779, 36.1024 ], [ 9.7853, 36.1066 ], [ 9.7867, 36.1027 ], [ 9.7914, 36.1034 ], [ 9.7913, 36.1004 ], [ 9.8102, 36.1083 ], [ 9.8193, 36.0913 ], [ 9.8283, 36.0561 ], [ 9.8404, 36.0668 ], [ 9.8434, 36.0739 ], [ 9.8779, 36.0753 ], [ 9.8818, 36.0691 ], [ 9.8909, 36.0682 ], [ 9.8961, 36.0628 ], [ 9.8929, 36.0576 ], [ 9.8945, 36.0474 ], [ 9.9013, 36.0426 ], [ 9.9232, 36.042 ], [ 9.9362, 36.0473 ], [ 9.9424, 36.0433 ], [ 9.9528, 36.0431 ], [ 9.9554, 36.0387 ], [ 9.9599, 36.0441 ], [ 9.9681, 36.044 ], [ 9.9688, 36.0491 ], [ 9.9733, 36.0498 ], [ 9.9755, 36.0389 ], [ 9.9891, 36.0381 ], [ 10.0052, 36.0267 ], [ 10.0108, 36.0123 ], [ 10.0203, 36.0159 ], [ 10.0255, 36.0089 ], [ 10.0443, 36.0006 ], [ 10.0625, 36.0331 ], [ 10.065, 36.0433 ], [ 10.0593, 36.0641 ], [ 10.0582, 36.1061 ], [ 10.0598, 36.1005 ], [ 10.0643, 36.0979 ], [ 10.0649, 36.0871 ], [ 10.0792, 36.0747 ], [ 10.1277, 36.084 ], [ 10.1375, 36.0811 ], [ 10.1368, 36.0921 ], [ 10.1349, 36.0971 ], [ 10.1282, 36.0999 ], [ 10.1263, 36.1114 ], [ 10.1366, 36.1175 ], [ 10.1376, 36.1232 ], [ 10.1432, 36.1225 ], [ 10.1498, 36.1303 ], [ 10.1741, 36.1382 ], [ 10.1819, 36.138 ], [ 10.184, 36.1579 ], [ 10.2008, 36.1564 ], [ 10.233, 36.1668 ], [ 10.2425, 36.1537 ], [ 10.2618, 36.164 ], [ 10.2675, 36.173 ], [ 10.2556, 36.1961 ], [ 10.2673, 36.2116 ], [ 10.2549, 36.2229 ], [ 10.2793, 36.2341 ], [ 10.2816, 36.2439 ], [ 10.2912, 36.2361 ], [ 10.31, 36.2359 ], [ 10.3184, 36.2282 ], [ 10.3374, 36.2269 ], [ 10.3472, 36.2355 ], [ 10.3717, 36.2408 ], [ 10.3795, 36.2476 ], [ 10.3859, 36.248 ], [ 10.3853, 36.2644 ], [ 10.3656, 36.2688 ], [ 10.358, 36.2811 ], [ 10.3606, 36.284 ], [ 10.3698, 36.2803 ], [ 10.3751, 36.2815 ], [ 10.3785, 36.2867 ], [ 10.3775, 36.2954 ], [ 10.3743, 36.2963 ], [ 10.382, 36.3008 ], [ 10.3806, 36.3106 ], [ 10.3774, 36.313 ], [ 10.3856, 36.3243 ], [ 10.3691, 36.3407 ], [ 10.3716, 36.3514 ], [ 10.3768, 36.3516 ], [ 10.3801, 36.3591 ], [ 10.3733, 36.3631 ], [ 10.3711, 36.3801 ], [ 10.3584, 36.3876 ], [ 10.3659, 36.3943 ], [ 10.3599, 36.3965 ], [ 10.359, 36.4096 ], [ 10.3517, 36.4204 ], [ 10.3573, 36.4457 ], [ 10.3516, 36.4524 ], [ 10.355, 36.4594 ], [ 10.356, 36.4901 ], [ 10.2873, 36.4647 ], [ 10.2775, 36.4583 ], [ 10.2812, 36.453 ], [ 10.2787, 36.4512 ], [ 10.2796, 36.4462 ], [ 10.2644, 36.4541 ], [ 10.2592, 36.4487 ], [ 10.2497, 36.4494 ], [ 10.2464, 36.4547 ], [ 10.2466, 36.4626 ], [ 10.2537, 36.4668 ], [ 10.2524, 36.4705 ], [ 10.2708, 36.5034 ], [ 10.2428, 36.5066 ], [ 10.2063, 36.5254 ], [ 10.1985, 36.5243 ], [ 10.1931, 36.5187 ], [ 10.1698, 36.5328 ], [ 10.1654, 36.5402 ], [ 10.1662, 36.5465 ], [ 10.1549, 36.5504 ], [ 10.1512, 36.5697 ], [ 10.1439, 36.5667 ], [ 10.1466, 36.5989 ], [ 10.1429, 36.6023 ], [ 10.1083, 36.582 ], [ 10.0997, 36.5853 ], [ 10.0866, 36.5987 ], [ 10.0588, 36.6095 ], [ 10.0525, 36.6004 ], [ 10.0481, 36.6043 ], [ 10.0481, 36.6148 ] ] ] } },
{ "type": "Feature", "properties": { "iso3": "TUN", "unit_id": "37104715B96334623924422", "unit_name": "Bizerte" }, "geometry": { "type": "MultiPolygon", "coordinates": [ [ [ [ 10.2164, 37.1114 ], [ 10.2108, 37.1406 ], [ 10.2199, 37.1542 ], [ 10.2134, 37.1545 ], [ 10.2033, 37.1452 ], [ 10.2047, 37.1225 ], [ 10.208, 37.1183 ], [ 10.2038, 37.1143 ], [ 10.1902, 37.1149 ], [ 10.1816, 37.1231 ], [ 10.1897, 37.1333 ], [ 10.1809, 37.1359 ], [ 10.1713, 37.1283 ], [ 10.1617, 37.1276 ], [ 10.1506, 37.1312 ], [ 10.1371, 37.1423 ], [ 10.1494, 37.1624 ], [ 10.1549, 37.1665 ], [ 10.1939, 37.1676 ], [ 10.2022, 37.171 ], [ 10.2193, 37.1696 ], [ 10.2232, 37.1658 ], [ 10.2215, 37.1564 ], [ 10.2269, 37.1559 ], [ 10.2253, 37.1541 ], [ 10.2319, 37.15 ], [ 10.2561, 37.1726 ], [ 10.2811, 37.1772 ], [ 10.2792, 37.1819 ], [ 10.215, 37.1861 ], [ 10.2097, 37.1895 ], [ 10.2086, 37.1971 ], [ 10.1934, 37.2033 ], [ 10.1941, 37.2066 ], [ 10.1671, 37.2154 ], [ 10.1511, 37.2272 ], [ 10.1234, 37.2375 ], [ 10.0957, 37.2385 ], [ 10.0854, 37.2417 ], [ 10.0677, 37.2629 ], [ 10.0693, 37.2689 ], [ 10.0112, 37.2501 ], [ 9.9767, 37.2471 ], [ 9.9259, 37.2557 ], [ 9.91, 37.2545 ], [ 9.8925, 37.2617 ], [ 9.891, 37.2686 ], [ 9.8882, 37.2649 ], [ 9.8816, 37.2697 ], [ 9.8711, 37.2635 ], [ 9.8662, 37.2521 ], [ 9.8471, 37.2432 ], [ 9.8374, 37.2419 ], [ 9.8382, 37.2349 ], [ 9.8298, 37.2301 ], [ 9.823, 37.2316 ], [ 9.8207, 37.2254 ], [ 9.8356, 37.2225 ], [ 9.8421, 37.2294 ], [ 9.8499, 37.2251 ], [ 9.8544, 37.2273 ], [ 9.8552, 37.2315 ], [ 9.8615, 37.2324 ], [ 9.8937, 37.2248 ], [ 9.9167, 37.2258 ], [ 9.9294, 37.2229 ], [ 9.9334, 37.2176 ], [ 9.9343, 37.2081 ], [ 9.9231, 37.1748 ], [ 9.9121, 37.1584 ], [ 9.8855, 37.15 ], [ 9.8645, 37.1354 ], [ 9.8145, 37.1421 ], [ 9.8086, 37.1477 ], [ 9.8095, 37.1512 ], [ 9.816, 37.1509 ], [ 9.8166, 37.1597 ], [ 9.8123, 37.1612 ], [ 9.806, 37.1705 ], [ 9.7919, 37.1729 ], [ 9.7822, 37.181 ], [ 9.7873, 37.2021 ], [ 9.7856, 37.2097 ], [ 9.7776, 37.2019 ], [ 9.7761, 37.2124 ], [ 9.7673, 37.218 ], [ 9.7693, 37.2217 ], [ 9.7752, 37.2223 ], [ 9.783, 37.2187 ], [ 9.7842, 37.2145 ], [ 9.7986, 37.2178 ], [ 9.8097, 37.2334 ], [ 9.8026, 37.2359 ], [ 9.805, 37.2402 ], [ 9.8093, 37.2432 ], [ 9.8242, 37.2371 ], [ 9.8199, 37.2432 ], [ 9.8279, 37.2436 ], [ 9.8327, 37.2486 ], [ 9.8346, 37.2451 ], [ 9.8426, 37.2486 ], [ 9.8419, 37.2519 ], [ 9.8594, 37.2573 ], [ 9.8499, 37.2613 ], [ 9.8699, 37.2659 ], [ 9.8795, 37.2724 ], [ 9.8786, 37.2791 ], [ 9.8857, 37.2791 ], [ 9.8763, 37.2869 ], [ 9.8678, 37.3037 ], [ 9.8693, 37.3166 ], [ 9.8633, 37.3333 ], [ 9.8428, 37.3328 ], [ 9.8368, 37.3385 ], [ 9.8352, 37.3349 ], [ 9.8225, 37.3362 ], [ 9.8024, 37.3274 ], [ 9.7848, 37.3274 ], [ 9.7608, 37.3361 ], [ 9.7557, 37.347 ], [ 9.7488, 37.3451 ], [ 9.745, 37.3473 ], [ 9.7219, 37.3372 ], [ 9.7041, 37.3343 ], [ 9.6905, 37.3392 ], [ 9.6853, 37.3356 ], [ 9.6752, 37.3359 ], [ 9.6696, 37.3404 ], [ 9.6618, 37.3344 ], [ 9.655, 37.3347 ], [ 9.6243, 37.3126 ], [ 9.5891, 37.2965 ], [ 9.5738, 37.2944 ], [ 9.5624, 37.3055 ], [ 9.5586, 37.3055 ], [ 9.5428, 37.2978 ], [ 9.5363, 37.2996 ], [ 9.5128, 37.2839 ], [ 9.4604, 37.2636 ], [ 9.4531, 37.2631 ], [ 9.443, 37.2686 ], [ 9.4084, 37.2697 ], [ 9.4023, 37.2647 ], [ 9.3889, 37.2648 ], [ 9.3893, 37.2595 ], [ 9.3733, 37.2485 ], [ 9.3358, 37.233 ], [ 9.2974, 37.2319 ], [ 9.2727, 37.2207 ], [ 9.2595, 37.2209 ], [ 9.2569, 37.2162 ], [ 9.2424, 37.2196 ], [ 9.2383, 37.217 ], [ 9.2254, 37.219 ], [ 9.2245, 37.2278 ], [ 9.22, 37.2276 ], [ 9.2212, 37.2319 ], [ 9.2166, 37.2406 ], [ 9.1892, 37.2234 ], [ 9.1782, 37.2126 ], [ 9.1755, 37.2026 ], [ 9.1717, 37.2028 ], [ 9.1528, 37.1831 ], [ 9.1253, 37.1692 ], [ 9.1275, 37.1684 ], [ 9.1245, 37.164 ], [ 9.1175, 37.1603 ], [ 9.1104, 37.1621 ], [ 9.0838, 37.1576 ], [ 9.0889, 37.1413 ], [ 9.0789, 37.1392 ], [ 9.0821, 37.1354 ], [ 9.0805, 37.1277 ], [ 9.0943, 37.1217 ], [ 9.1018, 37.1236 ], [ 9.1002, 37.1201 ], [ 9.1097, 37.1231 ], [ 9.1056, 37.1166 ], [ 9.0916, 37.1125 ], [ 9.0919, 37.1071 ], [ 9.0796, 37.0978 ], [ 9.0743, 37.086 ], [ 9.0745, 37.0825 ], [ 9.0969, 37.0688 ], [ 9.095, 37.0653 ], [ 9.0983, 37.0581 ], [ 9.1014, 37.059 ], [ 9.1023, 37.0526 ], [ 9.1075, 37.0477 ], [ 9.138, 37.049 ], [ 9.1466, 37.0542 ], [ 9.17, 37.0553 ], [ 9.1873, 37.0505 ], [ 9.2066, 37.0279 ], [ 9.2088, 37.0161 ], [ 9.2048, 37.0103 ], [ 9.2161, 37.0031 ], [ 9.2142, 36.9779 ], [ 9.2036, 36.9702 ], [ 9.2316, 36.9573 ], [ 9.2406, 36.9444 ], [ 9.2603, 36.9285 ], [ 9.2459, 36.9142 ], [ 9.2477, 36.9061 ], [ 9.2638, 36.9001 ], [ 9.2678, 36.8951 ], [ 9.2941, 36.8922 ], [ 9.2976, 36.8801 ], [ 9.3072, 36.8787 ], [ 9.3174, 36.8725 ], [ 9.3208, 36.877 ], [ 9.3192, 36.8818 ], [ 9.3278, 36.8854 ], [ 9.3319, 36.8782 ], [ 9.3401, 36.8779 ], [ 9.3604, 36.8604 ], [ 9.3842, 36.8495 ], [ 9.382, 36.8436 ], [ 9.39, 36.8381 ], [ 9.3795, 36.8336 ], [ 9.366, 36.8119 ], [ 9.3587, 36.8056 ], [ 9.361, 36.7952 ], [ 9.3562, 36.7925 ], [ 9.3571, 36.784 ], [ 9.3492, 36.7763 ], [ 9.3449, 36.7664 ], [ 9.3552, 36.754 ], [ 9.3665, 36.7525 ], [ 9.386, 36.7416 ], [ 9.393, 36.7311 ], [ 9.4, 36.7278 ], [ 9.401, 36.7233 ], [ 9.4195, 36.7332 ], [ 9.4274, 36.7329 ], [ 9.4326, 36.7455 ], [ 9.4487, 36.7594 ], [ 9.4757, 36.7669 ], [ 9.4868, 36.7763 ], [ 9.5164, 36.7872 ], [ 9.517, 36.8009 ], [ 9.5261, 36.8105 ], [ 9.529, 36.8187 ], [ 9.5565, 36.8328 ], [ 9.5764, 36.8522 ], [ 9.6156, 36.8665 ], [ 9.6269, 36.8676 ], [ 9.6307, 36.8563 ], [ 9.6348, 36.857 ], [ 9.6354, 36.8615 ], [ 9.6528, 36.865 ], [ 9.6557, 36.8674 ], [ 9.6547, 36.8724 ], [ 9.6768, 36.8838 ], [ 9.6897, 36.8833 ], [ 9.7014, 36.8893 ], [ 9.7123, 36.9017 ], [ 9.7385, 36.8887 ], [ 9.7682, 36.8911 ], [ 9.7678, 36.8965 ], [ 9.7733, 36.8994 ], [ 9.7763, 36.9164 ], [ 9.7913, 36.9364 ], [ 9.8048, 36.9424 ], [ 9.8178, 36.9422 ], [ 9.8132, 36.9626 ], [ 9.8181, 36.9685 ], [ 9.8172, 36.9722 ], [ 9.8229, 36.9769 ], [ 9.8328, 36.9661 ], [ 9.8498, 36.9586 ], [ 9.9145, 36.9496 ], [ 9.9266, 36.9525 ], [ 9.9446, 36.9194 ], [ 9.9436, 36.9147 ], [ 9.98, 36.9265 ], [ 10.0, 36.9182 ], [ 9.9993, 36.9254 ], [ 10.0036, 36.9285 ], [ 10.0094, 36.9262 ], [ 10.0158, 36.9144 ], [ 10.0269, 36.9215 ], [ 10.0174, 36.9312 ], [ 10.0162, 36.9375 ], [ 10.0098, 36.9351 ], [ 10.0061, 36.9378 ], [ 10.0219, 36.9506 ], [ 10.0204, 36.9555 ], [ 10.0237, 36.9629 ], [ 10.0184, 36.9666 ], [ 10.0252, 36.9667 ], [ 10.0282, 36.9701 ], [ 10.0309, 36.977 ], [ 10.0291, 36.9838 ], [ 10.066, 37.0065 ], [ 10.0674, 37.0138 ], [ 10.074, 37.0195 ], [ 10.0786, 37.035 ], [ 10.0906, 37.0511 ], [ 10.0899, 37.0568 ], [ 10.0951, 37.0657 ], [ 10.089, 37.0851 ], [ 10.0946, 37.0907 ], [ 10.0952, 37.0956 ], [ 10.116, 37.1062 ], [ 10.1218, 37.1133 ], [ 10.1304, 37.112 ], [ 10.1312, 37.1075 ], [ 10.1395, 37.1124 ], [ 10.1569, 37.1151 ], [ 10.1618, 37.109 ], [ 10.1733, 37.1106 ], [ 10.1808, 37.1067 ], [ 10.2164, 37.1114 ] ], [ [ 9.7564, 37.1702 ], [ 9.7581, 37.1668 ], [ 9.7481, 37.1372 ], [ 9.7392, 37.1356 ], [ 9.7375, 37.1262 ], [ 9.7315, 37.1214 ], [ 9.7189, 37.1182 ], [ 9.7063, 37.1258 ], [ 9.6967, 37.1431 ], [ 9.681, 37.137 ], [ 9.67, 37.1438 ], [ 9.6604, 37.1351 ], [ 9.6287, 37.1319 ], [ 9.6213, 37.1257 ], [ 9.6117, 37.1307 ], [ 9.6048, 37.1426 ], [ 9.5926, 37.1454 ], [ 9.5867, 37.1554 ], [ 9.5922, 37.1672 ], [ 9.6043, 37.1738 ], [ 9.6095, 37.1754 ], [ 9.6092, 37.1716 ], [ 9.6182, 37.1708 ], [ 9.6188, 37.1855 ], [ 9.6358, 37.1873 ], [ 9.6371, 37.1956 ], [ 9.6562, 37.2014 ], [ 9.6676, 37.19 ], [ 9.6787, 37.1844 ], [ 9.7094, 37.183 ], [ 9.7219, 37.1752 ], [ 9.7397, 37.1757 ], [ 9.7423, 37.1714 ], [ 9.7564, 37.1702 ] ] ], [ [ [ 8.8845, 37.4931 ], [ 8.8784, 37.495 ], [ 8.8782, 37.493 ], [ 8.8845, 37.4931 ] ] ], [ [ [ 8.8783, 37.496 ], [ 8.8717, 37.5 ], [ 8.8699, 37.4963 ], [ 8.8783, 37.496 ] ] ], [ [ [ 8.9454, 37.5415 ], [ 8.9407, 37.5418 ], [ 8.9409, 37.5368 ], [ 8.9361, 37.5324 ], [ 8.9115, 37.5299 ], [ 8.899, 37.5184 ], [ 8.9037, 37.5145 ], [ 8.9128, 37.5141 ], [ 8.9394, 37.5242 ], [ 8.9511, 37.5165 ], [ 8.9583, 37.5279 ], [ 8.9454, 37.5415 ] ] ], [ [ [ 8.9505, 37.5523 ], [ 8.9475, 37.5521 ], [ 8.9489, 37.5513 ], [ 8.9505, 37.5523 ] ] ], [ [ [ 8.9583, 37.5582 ], [ 8.9543, 37.5579 ], [ 8.9573, 37.5562 ], [ 8.9583, 37.5582 ] ] ] ] } },
{ "type": "Feature", "properties": { "iso3": "TUN", "unit_id": "37104715B61049131778254", "unit_name": "Béja" }, "geometry": { "type": "Polygon", "coordinates": [ [ [ 9.5658, 36.8411 ], [ 9.5565, 36.8328 ], [ 9.529, 36.8187 ], [ 9.5261, 36.8105 ], [ 9.517, 36.8009 ], [ 9.5164, 36.7872 ], [ 9.4868, 36.7763 ], [ 9.4757, 36.7669 ], [ 9.4487, 36.7594 ], [ 9.4326, 36.7455 ], [ 9.4274, 36.7329 ], [ 9.4195, 36.7332 ], [ 9.401, 36.7233 ], [ 9.4, 36.7278 ], [ 9.393, 36.7311 ], [ 9.386, 36.7416 ], [ 9.3665, 36.7525 ], [ 9.3552, 36.754 ], [ 9.3449, 36.7664 ], [ 9.3492, 36.7763 ], [ 9.3571, 36.784 ], [ 9.3562, 36.7925 ], [ 9.361, 36.7952 ], [ 9.3587, 36.8056 ], [ 9.366, 36.8119 ], [ 9.3795, 36.8336 ], [ 9.39, 36.8381 ], [ 9.382, 36.8436 ], [ 9.3842, 36.8495 ], [ 9.3604, 36.8604 ], [ 9.3401, 36.8779 ], [ 9.3319, 36.8782 ], [ 9.3278, 36.8854 ], [ 9.3192, 36.8818 ], [ 9.3208, 36.877 ], [ 9.3174, 36.8725 ], [ 9.3072, 36.8787 ], [ 9.2976, 36.8801 ], [ 9.2941, 36.8922 ], [ 9.2678, 36.8951 ], [ 9.2638, 36.9001 ], [ 9.2477, 36.9061 ], [ 9.2459, 36.9142 ], [ 9.2603, 36.9285 ], [ 9.2406, 36.9444 ], [ 9.2316, 36.9573 ], [ 9.2036, 36.9702 ], [ 9.2142, 36.9779 ], [ 9.2161, 37.0031 ], [ 9.2048, 37.0103 ], [ 9.2088, 37.0161 ], [ 9.2066, 37.0279 ], [ 9.1873, 37.0505 ], [ 9.17, 37.0553 ], [ 9.1466, 37.0542 ], [ 9.138, 37.049 ], [ 9.1197, 37.0472 ], [ 9.1047, 37.0491 ], [ 9.1014, 37.059 ], [ 9.0983, 37.0581 ], [ 9.095, 37.0653 ], [ 9.0969, 37.0688 ], [ 9.0745, 37.0825 ], [ 9.0796, 37.0978 ], [ 9.0919, 37.1071 ], [ 9.0916, 37.1125 ], [ 9.1056, 37.1166 ], [ 9.1097, 37.1231 ], [ 9.1002, 37.1201 ], [ 9.1018, 37.1236 ], [ 9.0943, 37.1217 ], [ 9.0805, 37.1277 ], [ 9.0821, 37.1354 ], [ 9.0789, 37.1392 ], [ 9.0889, 37.1413 ], [ 9.0838, 37.1576 ], [ 9.0539, 37.1506 ], [ 9.0391, 37.1408 ], [ 9.0281, 37.1383 ], [ 9.0203, 37.128 ], [ 9.0118, 37.1266 ], [ 9.0089, 37.1188 ], [ 8.9795, 37.1045 ], [ 8.9844, 37.1025 ], [ 8.9842, 37.0981 ], [ 8.9706, 37.0819 ], [ 8.9631, 37.0773 ], [ 8.9559, 37.0644 ], [ 8.8894, 37.0122 ], [ 8.9112, 36.9985 ], [ 8.9133, 36.9924 ], [ 8.9247, 36.988 ], [ 8.9264, 36.9842 ], [ 8.9232, 36.9799 ], [ 8.9258, 36.9733 ], [ 8.934, 36.9574 ], [ 8.9384, 36.9576 ], [ 8.9361, 36.9539 ], [ 8.9414, 36.9539 ], [ 8.9438, 36.9504 ], [ 8.9328, 36.9443 ], [ 8.9264, 36.9324 ], [ 8.9276, 36.9237 ], [ 8.9539, 36.9178 ], [ 8.9832, 36.8941 ], [ 9.001, 36.8858 ], [ 8.9995, 36.8757 ], [ 8.9893, 36.8752 ], [ 8.9941, 36.8589 ], [ 8.988, 36.8563 ], [ 8.9865, 36.8493 ], [ 8.9723, 36.8427 ], [ 8.9509, 36.8437 ], [ 8.9419, 36.8384 ], [ 8.9422, 36.8338 ], [ 8.9323, 36.8263 ], [ 8.9318, 36.82 ], [ 8.936, 36.8153 ], [ 8.9255, 36.8033 ], [ 8.9301, 36.801 ], [ 8.9334, 36.7899 ], [ 8.9193, 36.7856 ], [ 8.9187, 36.7735 ], [ 8.9362, 36.7756 ], [ 8.9421, 36.7667 ], [ 8.9475, 36.7646 ], [ 8.955, 36.768 ], [ 8.9597, 36.7655 ], [ 8.9957, 36.7658 ], [ 9.0187, 36.7564 ], [ 9.0235, 36.7496 ], [ 9.0288, 36.7503 ], [ 9.0272, 36.7427 ], [ 9.0307, 36.7299 ], [ 9.0352, 36.7294 ], [ 9.0368, 36.7251 ], [ 9.0325, 36.7217 ], [ 9.0345, 36.7148 ], [ 9.0291, 36.7125 ], [ 9.0273, 36.7064 ], [ 9.0324, 36.7012 ], [ 9.0276, 36.6954 ], [ 9.0305, 36.6906 ], [ 9.0283, 36.688 ], [ 9.0325, 36.684 ], [ 9.0272, 36.6841 ], [ 9.0304, 36.6817 ], [ 9.027, 36.6792 ], [ 9.0262, 36.6719 ], [ 9.0229, 36.6682 ], [ 9.0166, 36.6682 ], [ 9.0166, 36.6654 ], [ 9.0311, 36.6437 ], [ 9.0417, 36.6415 ], [ 9.055, 36.6157 ], [ 9.0629, 36.6109 ], [ 9.0614, 36.6061 ], [ 9.0761, 36.5974 ], [ 9.0678, 36.5902 ], [ 9.0728, 36.585 ], [ 9.0677, 36.5818 ], [ 9.0768, 36.5508 ], [ 9.0678, 36.5377 ], [ 9.0743, 36.5279 ], [ 9.0662, 36.5262 ], [ 9.0537, 36.5116 ], [ 9.04, 36.505 ], [ 9.0496, 36.5015 ], [ 9.0408, 36.4881 ], [ 9.0495, 36.4856 ], [ 9.052, 36.4774 ], [ 9.0462, 36.4734 ], [ 9.0444, 36.4652 ], [ 9.0401, 36.4614 ], [ 9.0162, 36.4634 ], [ 9.0171, 36.4572 ], [ 9.0314, 36.4449 ], [ 9.0671, 36.4353 ], [ 9.0889, 36.4195 ], [ 9.091, 36.4138 ], [ 9.0818, 36.4068 ], [ 9.0861, 36.4028 ], [ 9.0985, 36.4034 ], [ 9.1123, 36.3963 ], [ 9.1163, 36.3837 ], [ 9.1127, 36.3688 ], [ 9.1269, 36.3628 ], [ 9.1735, 36.3845 ], [ 9.18, 36.3831 ], [ 9.1937, 36.3716 ], [ 9.2025, 36.3734 ], [ 9.243, 36.3697 ], [ 9.2457, 36.3743 ], [ 9.2575, 36.3668 ], [ 9.2644, 36.354 ], [ 9.265, 36.3393 ], [ 9.2713, 36.3369 ], [ 9.2753, 36.3388 ], [ 9.2804, 36.3534 ], [ 9.2863, 36.3598 ], [ 9.3166, 36.3738 ], [ 9.3225, 36.3717 ], [ 9.325, 36.3785 ], [ 9.3295, 36.3783 ], [ 9.334, 36.3912 ], [ 9.344, 36.396 ], [ 9.3436, 36.4031 ], [ 9.3576, 36.4132 ], [ 9.3613, 36.4392 ], [ 9.3715, 36.4432 ], [ 9.3774, 36.4395 ], [ 9.3941, 36.4436 ], [ 9.3998, 36.4492 ], [ 9.4307, 36.4624 ], [ 9.4561, 36.4591 ], [ 9.4592, 36.4505 ], [ 9.4631, 36.4496 ], [ 9.4842, 36.4585 ], [ 9.5008, 36.4581 ], [ 9.5114, 36.4639 ], [ 9.5371, 36.4507 ], [ 9.5378, 36.4433 ], [ 9.5514, 36.4436 ], [ 9.5637, 36.4376 ], [ 9.5694, 36.426 ], [ 9.583, 36.4249 ], [ 9.5883, 36.4281 ], [ 9.5902, 36.4249 ], [ 9.6052, 36.4228 ], [ 9.6244, 36.4256 ], [ 9.6221, 36.422 ], [ 9.628, 36.426 ], [ 9.629, 36.4208 ], [ 9.6345, 36.4239 ], [ 9.6424, 36.4211 ], [ 9.6474, 36.4122 ], [ 9.6525, 36.4109 ], [ 9.6556, 36.4273 ], [ 9.6754, 36.4345 ], [ 9.6823, 36.4409 ], [ 9.6981, 36.446 ], [ 9.7063, 36.4449 ], [ 9.7113, 36.4403 ], [ 9.7393, 36.4504 ], [ 9.7357, 36.4617 ], [ 9.7399, 36.4658 ], [ 9.7329, 36.4696 ], [ 9.7517, 36.4778 ], [ 9.7594, 36.4889 ], [ 9.7681, 36.4856 ], [ 9.7757, 36.4874 ], [ 9.7879, 36.503 ], [ 9.8195, 36.5218 ], [ 9.8182, 36.5324 ], [ 9.8238, 36.5527 ], [ 9.8209, 36.561 ], [ 9.864, 36.575 ], [ 9.8653, 36.5831 ], [ 9.8497, 36.6077 ], [ 9.8281, 36.6057 ], [ 9.8175, 36.6078 ], [ 9.8088, 36.6238 ], [ 9.8127, 36.6335 ], [ 9.8114, 36.6405 ], [ 9.8038, 36.6408 ], [ 9.7967, 36.6351 ], [ 9.7839, 36.6478 ], [ 9.7846, 36.6511 ], [ 9.7992, 36.6576 ], [ 9.7992, 36.6604 ], [ 9.7922, 36.6707 ], [ 9.7788, 36.6771 ], [ 9.7772, 36.6943 ], [ 9.788, 36.71 ], [ 9.7685, 36.7216 ], [ 9.7749, 36.7295 ], [ 9.7627, 36.7306 ], [ 9.7418, 36.7121 ], [ 9.7365, 36.7148 ], [ 9.7381, 36.7226 ], [ 9.7127, 36.7339 ], [ 9.7084, 36.7394 ], [ 9.7119, 36.7414 ], [ 9.7085, 36.7436 ], [ 9.696, 36.745 ], [ 9.6815, 36.7543 ], [ 9.647, 36.7577 ], [ 9.6243, 36.7703 ], [ 9.6135, 36.7693 ], [ 9.6103, 36.7722 ], [ 9.6092, 36.7852 ], [ 9.6, 36.7893 ], [ 9.5981, 36.7959 ], [ 9.5856, 36.8074 ], [ 9.5716, 36.8265 ], [ 9.5658, 36.8411 ] ] ] } },
{ "type": "Feature", "properties": { "iso3": "TUN", "unit_id": "37104715B49536139491837", "unit_name": "Jendouba" }, "geometry": { "type": "Polygon", "coordinates": [ [ [ 8.8894, 37.0122 ], [ 8.8323, 36.9736 ], [ 8.8255, 36.9733 ], [ 8.8083, 36.9627 ], [ 8.781, 36.9529 ], [ 8.7682, 36.952 ], [ 8.759, 36.9564 ], [ 8.76, 36.9668 ], [ 8.7563, 36.9653 ], [ 8.7584, 36.9606 ], [ 8.7561, 36.9577 ], [ 8.7486, 36.9594 ], [ 8.7423, 36.9659 ], [ 8.7266, 36.9661 ], [ 8.7145, 36.9622 ], [ 8.7114, 36.9675 ], [ 8.7006, 36.9606 ], [ 8.6937, 36.9628 ], [ 8.6802, 36.9601 ], [ 8.6785, 36.9566 ], [ 8.6421, 36.941 ], [ 8.6428, 36.9292 ], [ 8.6558, 36.9152 ], [ 8.646, 36.9134 ], [ 8.6315, 36.8973 ], [ 8.6304, 36.8628 ], [ 8.6251, 36.8545 ], [ 8.644, 36.8541 ], [ 8.6557, 36.8492 ], [ 8.6625, 36.853 ], [ 8.6672, 36.8461 ], [ 8.6813, 36.8391 ], [ 8.6722, 36.8195 ], [ 8.612, 36.7906 ], [ 8.5991, 36.7978 ], [ 8.5724, 36.7727 ], [ 8.568, 36.7753 ], [ 8.5601, 36.7734 ], [ 8.5549, 36.7776 ], [ 8.5329, 36.7737 ], [ 8.5258, 36.7813 ], [ 8.4806, 36.7791 ], [ 8.4758, 36.7729 ], [ 8.4295, 36.7589 ], [ 8.4304, 36.7493 ], [ 8.4449, 36.7461 ], [ 8.4591, 36.7514 ], [ 8.4683, 36.7431 ], [ 8.462, 36.7332 ], [ 8.4628, 36.7242 ], [ 8.4731, 36.7129 ], [ 8.4794, 36.6966 ], [ 8.4841, 36.6959 ], [ 8.4848, 36.6928 ], [ 8.4811, 36.6883 ], [ 8.4819, 36.682 ], [ 8.4695, 36.6686 ], [ 8.4579, 36.661 ], [ 8.4491, 36.6594 ], [ 8.4574, 36.6541 ], [ 8.4461, 36.6179 ], [ 8.4304, 36.6169 ], [ 8.4142, 36.6207 ], [ 8.4138, 36.6177 ], [ 8.4016, 36.6152 ], [ 8.392, 36.6001 ], [ 8.3933, 36.5962 ], [ 8.3849, 36.5924 ], [ 8.3781, 36.5949 ], [ 8.3569, 36.587 ], [ 8.346, 36.578 ], [ 8.3219, 36.5675 ], [ 8.3184, 36.5572 ], [ 8.2895, 36.5399 ], [ 8.2555, 36.5371 ], [ 8.2319, 36.5206 ], [ 8.2052, 36.5132 ], [ 8.1963, 36.5073 ], [ 8.1755, 36.5126 ], [ 8.1698, 36.5017 ], [ 8.149, 36.4941 ], [ 8.1569, 36.4896 ], [ 8.1548, 36.4778 ], [ 8.1657, 36.4622 ], [ 8.1739, 36.4578 ], [ 8.1916, 36.4596 ], [ 8.2026, 36.4479 ], [ 8.2101, 36.4457 ], [ 8.249, 36.4457 ], [ 8.2613, 36.4373 ], [ 8.2807, 36.4453 ], [ 8.2984, 36.4435 ], [ 8.3056, 36.4343 ], [ 8.3154, 36.4332 ], [ 8.3169, 36.4271 ], [ 8.3212, 36.431 ], [ 8.346, 36.4365 ], [ 8.3524, 36.4448 ], [ 8.3575, 36.4439 ], [ 8.3721, 36.4285 ], [ 8.4044, 36.4224 ], [ 8.4075, 36.4126 ], [ 8.4116, 36.4124 ], [ 8.3867, 36.3856 ], [ 8.3855, 36.3783 ], [ 8.392, 36.3658 ], [ 8.3758, 36.3501 ], [ 8.3912, 36.3482 ], [ 8.4207, 36.3513 ], [ 8.4497, 36.348 ], [ 8.4579, 36.3531 ], [ 8.4635, 36.367 ], [ 8.4779, 36.3708 ], [ 8.482, 36.3759 ], [ 8.4956, 36.3771 ], [ 8.5033, 36.3813 ], [ 8.5053, 36.3791 ], [ 8.5064, 36.3816 ], [ 8.5174, 36.3801 ], [ 8.5183, 36.3833 ], [ 8.5294, 36.3869 ], [ 8.5301, 36.3899 ], [ 8.5398, 36.393 ], [ 8.5393, 36.3953 ], [ 8.5572, 36.3964 ], [ 8.5664, 36.4045 ], [ 8.5824, 36.4039 ], [ 8.5977, 36.3946 ], [ 8.6066, 36.3957 ], [ 8.6113, 36.4066 ], [ 8.6397, 36.4113 ], [ 8.6616, 36.4192 ], [ 8.6938, 36.4084 ], [ 8.6965, 36.402 ], [ 8.7083, 36.3952 ], [ 8.7179, 36.3929 ], [ 8.7319, 36.4029 ], [ 8.7487, 36.4047 ], [ 8.7521, 36.4014 ], [ 8.7549, 36.4026 ], [ 8.7543, 36.3969 ], [ 8.7688, 36.3926 ], [ 8.8013, 36.4009 ], [ 8.8152, 36.4005 ], [ 8.847, 36.4177 ], [ 8.8697, 36.414 ], [ 8.9007, 36.4257 ], [ 8.9206, 36.4505 ], [ 8.9437, 36.4514 ], [ 8.9624, 36.4585 ], [ 8.9857, 36.4571 ], [ 9.0206, 36.4641 ], [ 9.0401, 36.4614 ], [ 9.0444, 36.4652 ], [ 9.0462, 36.4734 ], [ 9.052, 36.4774 ], [ 9.0495, 36.4856 ], [ 9.0408, 36.4881 ], [ 9.0496, 36.5015 ], [ 9.04, 36.505 ], [ 9.0537, 36.5116 ], [ 9.0662, 36.5262 ], [ 9.0743, 36.5279 ], [ 9.0678, 36.5377 ], [ 9.0768, 36.5508 ], [ 9.0677, 36.5818 ], [ 9.0728, 36.585 ], [ 9.0678, 36.5902 ], [ 9.0761, 36.5974 ], [ 9.0614, 36.6061 ], [ 9.0629, 36.6109 ], [ 9.055, 36.6157 ], [ 9.0417, 36.6415 ], [ 9.0311, 36.6437 ], [ 9.0166, 36.6654 ], [ 9.0166, 36.6682 ], [ 9.0229, 36.6682 ], [ 9.0262, 36.6719 ], [ 9.027, 36.6792 ], [ 9.0304, 36.6817 ], [ 9.0272, 36.6841 ], [ 9.0325, 36.684 ], [ 9.0283, 36.688 ], [ 9.0305, 36.6906 ], [ 9.0276, 36.6954 ], [ 9.0324, 36.7012 ], [ 9.0273, 36.7064 ], [ 9.0291, 36.7125 ], [ 9.0345, 36.7148 ], [ 9.0325, 36.7217 ], [ 9.0368, 36.7251 ], [ 9.0352, 36.7294 ], [ 9.0307, 36.7299 ], [ 9.0272, 36.7427 ], [ 9.0288, 36.7503 ], [ 9.0235, 36.7496 ], [ 9.0187, 36.7564 ], [ 8.9957, 36.7658 ], [ 8.9597, 36.7655 ], [ 8.955, 36.768 ], [ 8.9475, 36.7646 ], [ 8.9421, 36.7667 ], [ 8.9362, 36.7756 ], [ 8.9187, 36.7735 ], [ 8.9193, 36.7856 ], [ 8.9334, 36.7899 ], [ 8.9301, 36.801 ], [ 8.9255, 36.8033 ], [ 8.936, 36.8153 ], [ 8.9318, 36.82 ], [ 8.9323, 36.8263 ], [ 8.9422, 36.8338 ], [ 8.9419, 36.8384 ], [ 8.9509, 36.8437 ], [ 8.9723, 36.8427 ], [ 8.9865, 36.8493 ], [ 8.988, 36.8563 ], [ 8.9941, 36.8589 ], [ 8.9893, 36.8752 ], [ 8.9995, 36.8757 ], [ 9.001, 36.8858 ], [ 8.9832, 36.8941 ], [ 8.9539, 36.9178 ], [ 8.9276, 36.9237 ], [ 8.9264, 36.9324 ], [ 8.9328, 36.9443 ], [ 8.9438, 36.9504 ], [ 8.9414, 36.9539 ], [ 8.9361, 36.9539 ], [ 8.9384, 36.9576 ], [ 8.934, 36.9574 ], [ 8.9258, 36.9733 ], [ 8.9232, 36.9799 ], [ 8.9264, 36.9842 ], [ 8.9247, 36.988 ], [ 8.9133, 36.9924 ], [ 8.9112, 36.9985 ], [ 8.8894, 37.0122 ] ] ] } },
{ "type": "Feature", "properties": { "iso3": "TUN", "unit_id": "37104715B6262530495079", "unit_name": "Le Kef" }, "geometry": { "type": "Polygon", "coordinates": [ [ [ 8.3758, 36.3501 ], [ 8.3731, 36.3371 ], [ 8.3764, 36.3303 ], [ 8.3748, 36.3217 ], [ 8.3795, 36.3127 ], [ 8.3905, 36.304 ], [ 8.3829, 36.3013 ], [ 8.3828, 36.2959 ], [ 8.3731, 36.2965 ], [ 8.3535, 36.2849 ], [ 8.3371, 36.2653 ], [ 8.3489, 36.2622 ], [ 8.3537, 36.2538 ], [ 8.3525, 36.2364 ], [ 8.3549, 36.2329 ], [ 8.3469, 36.2257 ], [ 8.3467, 36.2203 ], [ 8.3398, 36.2158 ], [ 8.3295, 36.1914 ], [ 8.3065, 36.1726 ], [ 8.31, 36.1594 ], [ 8.3361, 36.1373 ], [ 8.3388, 36.1272 ], [ 8.3373, 36.1155 ], [ 8.3434, 36.0991 ], [ 8.3227, 36.0877 ], [ 8.3184, 36.0742 ], [ 8.3125, 36.0698 ], [ 8.3128, 36.0624 ], [ 8.2978, 36.0421 ], [ 8.295, 36.0338 ], [ 8.3, 36.0107 ], [ 8.2924, 35.9576 ], [ 8.2886, 35.9561 ], [ 8.2898, 35.9524 ], [ 8.2707, 35.9463 ], [ 8.2629, 35.9376 ], [ 8.2574, 35.9285 ], [ 8.2577, 35.9166 ], [ 8.2529, 35.8972 ], [ 8.2531, 35.8948 ], [ 8.2683, 35.8909 ], [ 8.2529, 35.8706 ], [ 8.2693, 35.8634 ], [ 8.2677, 35.8555 ], [ 8.273, 35.8234 ], [ 8.2655, 35.7931 ], [ 8.2657, 35.7818 ], [ 8.2599, 35.7665 ], [ 8.2618, 35.7458 ], [ 8.2665, 35.7393 ], [ 8.2647, 35.7306 ], [ 8.2794, 35.7233 ], [ 8.3084, 35.6916 ], [ 8.3118, 35.6921 ], [ 8.3196, 35.6853 ], [ 8.3348, 35.6843 ], [ 8.356, 35.67 ], [ 8.3562, 35.6529 ], [ 8.3602, 35.646 ], [ 8.3548, 35.6179 ], [ 8.363, 35.6164 ], [ 8.3708, 35.6196 ], [ 8.3893, 35.616 ], [ 8.3847, 35.6404 ], [ 8.4016, 35.6423 ], [ 8.4148, 35.6544 ], [ 8.4168, 35.664 ], [ 8.4312, 35.6695 ], [ 8.481, 35.6721 ], [ 8.5436, 35.6673 ], [ 8.5482, 35.6656 ], [ 8.5435, 35.6573 ], [ 8.5459, 35.6582 ], [ 8.5555, 35.6459 ], [ 8.5688, 35.6376 ], [ 8.5703, 35.6408 ], [ 8.5776, 35.6402 ], [ 8.5857, 35.645 ], [ 8.5878, 35.6501 ], [ 8.5903, 35.6488 ], [ 8.615, 35.66 ], [ 8.6125, 35.6648 ], [ 8.6191, 35.6702 ], [ 8.6179, 35.6756 ], [ 8.6303, 35.6857 ], [ 8.6279, 35.687 ], [ 8.6298, 35.6916 ], [ 8.6227, 35.702 ], [ 8.6228, 35.7069 ], [ 8.6267, 35.7102 ], [ 8.6267, 35.7244 ], [ 8.6188, 35.731 ], [ 8.619, 35.7366 ], [ 8.6157, 35.7402 ], [ 8.6171, 35.7478 ], [ 8.6236, 35.7434 ], [ 8.6319, 35.7431 ], [ 8.6364, 35.755 ], [ 8.6502, 35.7506 ], [ 8.6549, 35.7558 ], [ 8.6665, 35.7594 ], [ 8.6693, 35.7772 ], [ 8.6673, 35.7878 ], [ 8.676, 35.7881 ], [ 8.6846, 35.7834 ], [ 8.6995, 35.7906 ], [ 8.7076, 35.7898 ], [ 8.7119, 35.7873 ], [ 8.7131, 35.7804 ], [ 8.7099, 35.7775 ], [ 8.7129, 35.7728 ], [ 8.721, 35.7758 ], [ 8.7357, 35.7705 ], [ 8.7467, 35.7758 ], [ 8.7591, 35.7746 ], [ 8.7632, 35.7768 ], [ 8.7636, 35.7827 ], [ 8.7709, 35.784 ], [ 8.7805, 35.7773 ], [ 8.804, 35.7742 ], [ 8.8203, 35.7562 ], [ 8.8314, 35.7524 ], [ 8.8461, 35.7419 ], [ 8.8811, 35.7349 ], [ 8.9225, 35.7163 ], [ 8.9509, 35.7136 ], [ 8.9655, 35.7055 ], [ 8.9866, 35.7095 ], [ 8.9945, 35.7082 ], [ 9.0053, 35.701 ], [ 9.0175, 35.6987 ], [ 9.0205, 35.6933 ], [ 9.0312, 35.6887 ], [ 9.0418, 35.6908 ], [ 9.0369, 35.7032 ], [ 9.0344, 35.7302 ], [ 9.0176, 35.7625 ], [ 9.0228, 35.7638 ], [ 9.0302, 35.7771 ], [ 9.0384, 35.784 ], [ 9.0325, 35.8014 ], [ 9.0273, 35.8058 ], [ 9.0398, 35.8172 ], [ 9.0185, 35.8367 ], [ 9.0293, 35.8352 ], [ 9.0421, 35.8413 ], [ 9.0439, 35.8481 ], [ 9.0497, 35.8531 ], [ 9.0354, 35.8499 ], [ 9.0254, 35.8525 ], [ 9.0374, 35.8646 ], [ 9.0487, 35.8864 ], [ 9.0533, 35.8888 ], [ 9.0548, 35.8972 ], [ 9.0632, 35.9036 ], [ 9.0718, 35.9033 ], [ 9.0759, 35.9092 ], [ 9.0818, 35.9094 ], [ 9.0987, 35.9257 ], [ 9.0982, 35.9459 ], [ 9.1126, 35.9623 ], [ 9.1161, 35.9772 ], [ 9.1402, 35.9867 ], [ 9.149, 35.9956 ], [ 9.1692, 36.0057 ], [ 9.1623, 36.0119 ], [ 9.1575, 36.012 ], [ 9.1708, 36.0233 ], [ 9.1618, 36.0332 ], [ 9.155, 36.0314 ], [ 9.1518, 36.0406 ], [ 9.1631, 36.0572 ], [ 9.155, 36.0691 ], [ 9.1611, 36.0786 ], [ 9.1578, 36.0847 ], [ 9.1421, 36.0919 ], [ 9.1342, 36.101 ], [ 9.1214, 36.1025 ], [ 9.1107, 36.1196 ], [ 9.0888, 36.1104 ], [ 9.0812, 36.1175 ], [ 9.0845, 36.1282 ], [ 9.0828, 36.1335 ], [ 9.0781, 36.1377 ], [ 9.0524, 36.1359 ], [ 9.047, 36.1435 ], [ 9.0426, 36.143 ], [ 9.0415, 36.151 ], [ 9.0304, 36.1636 ], [ 9.0313, 36.1825 ], [ 9.0561, 36.2027 ], [ 9.0342, 36.2166 ], [ 9.0389, 36.2272 ], [ 9.0488, 36.2329 ], [ 9.0417, 36.2392 ], [ 9.0295, 36.2415 ], [ 9.0258, 36.2385 ], [ 9.016, 36.2433 ], [ 8.9985, 36.241 ], [ 8.9928, 36.2559 ], [ 8.9833, 36.2622 ], [ 8.9863, 36.2637 ], [ 8.9812, 36.2666 ], [ 8.9777, 36.2797 ], [ 8.9733, 36.2811 ], [ 8.9678, 36.2911 ], [ 8.9645, 36.29 ], [ 8.9598, 36.2957 ], [ 8.9554, 36.2954 ], [ 8.9561, 36.2998 ], [ 8.9622, 36.3037 ], [ 8.9523, 36.3032 ], [ 8.9448, 36.3099 ], [ 8.9439, 36.3141 ], [ 8.953, 36.3154 ], [ 8.9526, 36.3182 ], [ 8.9466, 36.32 ], [ 8.9503, 36.3252 ], [ 8.9578, 36.3274 ], [ 8.957, 36.3311 ], [ 8.9616, 36.331 ], [ 8.9601, 36.3368 ], [ 8.9667, 36.3329 ], [ 8.9683, 36.3366 ], [ 8.9642, 36.3396 ], [ 8.9661, 36.3414 ], [ 8.9772, 36.3366 ], [ 8.978, 36.3394 ], [ 8.974, 36.3418 ], [ 8.9818, 36.3393 ], [ 8.9805, 36.3458 ], [ 8.9875, 36.3479 ], [ 8.9788, 36.3554 ], [ 8.9819, 36.3591 ], [ 8.9728, 36.3648 ], [ 8.9778, 36.3766 ], [ 8.9667, 36.3843 ], [ 8.9633, 36.3983 ], [ 8.9598, 36.3987 ], [ 8.9613, 36.4037 ], [ 8.9553, 36.403 ], [ 8.9564, 36.4082 ], [ 8.9411, 36.4132 ], [ 8.9383, 36.4193 ], [ 8.9312, 36.4226 ], [ 8.9286, 36.4378 ], [ 8.9248, 36.441 ], [ 8.9305, 36.4429 ], [ 8.9298, 36.4499 ], [ 8.9355, 36.4494 ], [ 8.9356, 36.4522 ], [ 8.9156, 36.4475 ], [ 8.9007, 36.4257 ], [ 8.8697, 36.414 ], [ 8.847, 36.4177 ], [ 8.8152, 36.4005 ], [ 8.8013, 36.4009 ], [ 8.7688, 36.3926 ], [ 8.7543, 36.3969 ], [ 8.7549, 36.4026 ], [ 8.7521, 36.4014 ], [ 8.7522, 36.404 ], [ 8.7398, 36.4044 ], [ 8.7256, 36.4001 ], [ 8.7179, 36.3929 ], [ 8.6965, 36.402 ], [ 8.6938, 36.4084 ], [ 8.6562, 36.419 ], [ 8.6397, 36.4113 ], [ 8.6113, 36.4066 ], [ 8.6066, 36.3957 ], [ 8.5977, 36.3946 ], [ 8.5824, 36.4039 ], [ 8.5664, 36.4045 ], [ 8.5572, 36.3964 ], [ 8.5393, 36.3953 ], [ 8.5398, 36.393 ], [ 8.5301, 36.3899 ], [ 8.5294, 36.3869 ], [ 8.5183, 36.3833 ], [ 8.5174, 36.3801 ], [ 8.5064, 36.3816 ], [ 8.5053, 36.3791 ], [ 8.5033, 36.3813 ], [ 8.4956, 36.3771 ], [ 8.482, 36.3759 ], [ 8.4779, 36.3708 ], [ 8.4635, 36.367 ], [ 8.4579, 36.3531 ], [ 8.4497, 36.348 ], [ 8.4207, 36.3513 ], [ 8.3912, 36.3482 ], [ 8.3758, 36.3501 ] ] ] } },
{ "type": "Feature", "properties": { "iso3": "TUN", "unit_id": "37104715B70314857631485", "unit_name": "Siliana" }, "geometry": { "type": "Polygon", "coordinates": [ [ [ 9.7393, 36.4504 ], [ 9.7113, 36.4403 ], [ 9.7063, 36.4449 ], [ 9.6981, 36.446 ], [ 9.6823, 36.4409 ], [ 9.6754, 36.4345 ], [ 9.6556, 36.4273 ], [ 9.6525, 36.4109 ], [ 9.6474, 36.4122 ], [ 9.6424, 36.4211 ], [ 9.6345, 36.4239 ], [ 9.629, 36.4208 ], [ 9.628, 36.426 ], [ 9.6221, 36.422 ], [ 9.6244, 36.4256 ], [ 9.6052, 36.4228 ], [ 9.5902, 36.4249 ], [ 9.5883, 36.4281 ], [ 9.583, 36.4249 ], [ 9.5694, 36.426 ], [ 9.5637, 36.4376 ], [ 9.5514, 36.4436 ], [ 9.5378, 36.4433 ], [ 9.5371, 36.4507 ], [ 9.5114, 36.4639 ], [ 9.5008, 36.4581 ], [ 9.4842, 36.4585 ], [ 9.4631, 36.4496 ], [ 9.4592, 36.4505 ], [ 9.4561, 36.4591 ], [ 9.4271, 36.4617 ], [ 9.3998, 36.4492 ], [ 9.3941, 36.4436 ], [ 9.3774, 36.4395 ], [ 9.3715, 36.4432 ], [ 9.3613, 36.4392 ], [ 9.3576, 36.4132 ], [ 9.3436, 36.4031 ], [ 9.344, 36.396 ], [ 9.334, 36.3912 ], [ 9.3295, 36.3783 ], [ 9.325, 36.3785 ], [ 9.3225, 36.3717 ], [ 9.3166, 36.3738 ], [ 9.2863, 36.3598 ], [ 9.2804, 36.3534 ], [ 9.2753, 36.3388 ], [ 9.2713, 36.3369 ], [ 9.265, 36.3393 ], [ 9.2644, 36.354 ], [ 9.2575, 36.3668 ], [ 9.2457, 36.3743 ], [ 9.243, 36.3697 ], [ 9.2025, 36.3734 ], [ 9.1937, 36.3716 ], [ 9.18, 36.3831 ], [ 9.1735, 36.3845 ], [ 9.1535, 36.3774 ], [ 9.1327, 36.3639 ], [ 9.1157, 36.3661 ], [ 9.1127, 36.3688 ], [ 9.1163, 36.3837 ], [ 9.1123, 36.3963 ], [ 9.0985, 36.4034 ], [ 9.0861, 36.4028 ], [ 9.0818, 36.4068 ], [ 9.091, 36.4138 ], [ 9.0889, 36.4195 ], [ 9.0671, 36.4353 ], [ 9.0314, 36.4449 ], [ 9.0171, 36.4572 ], [ 9.0162, 36.4634 ], [ 8.9857, 36.4571 ], [ 8.9624, 36.4585 ], [ 8.9437, 36.4514 ], [ 8.9298, 36.4499 ], [ 8.9305, 36.4429 ], [ 8.9248, 36.441 ], [ 8.9286, 36.4378 ], [ 8.9312, 36.4226 ], [ 8.9383, 36.4193 ], [ 8.9411, 36.4132 ], [ 8.9564, 36.4082 ], [ 8.9553, 36.403 ], [ 8.9613, 36.4037 ], [ 8.9598, 36.3987 ], [ 8.9633, 36.3983 ], [ 8.9667, 36.3843 ], [ 8.9778, 36.3766 ], [ 8.9728, 36.3648 ], [ 8.9819, 36.3591 ], [ 8.9788, 36.3554 ], [ 8.9875, 36.3479 ], [ 8.9805, 36.3458 ], [ 8.9818, 36.3393 ], [ 8.974, 36.3418 ], [ 8.978, 36.3394 ], [ 8.9772, 36.3366 ], [ 8.9661, 36.3414 ], [ 8.9642, 36.3396 ], [ 8.9683, 36.3366 ], [ 8.9667, 36.3329 ], [ 8.9601, 36.3368 ], [ 8.9616, 36.331 ], [ 8.957, 36.3311 ], [ 8.9578, 36.3274 ], [ 8.9503, 36.3252 ], [ 8.9466, 36.32 ], [ 8.9526, 36.3182 ], [ 8.953, 36.3154 ], [ 8.9439, 36.3141 ], [ 8.9448, 36.3099 ], [ 8.9523, 36.3032 ], [ 8.9622, 36.3037 ], [ 8.9561, 36.2998 ], [ 8.9554, 36.2954 ], [ 8.9598, 36.2957 ], [ 8.9645, 36.29 ], [ 8.9678, 36.2911 ], [ 8.9733, 36.2811 ], [ 8.9777, 36.2797 ], [ 8.9812, 36.2666 ], [ 8.9863, 36.2637 ], [ 8.9833, 36.2622 ], [ 8.9928, 36.2559 ], [ 8.9985, 36.241 ], [ 9.016, 36.2433 ], [ 9.0258, 36.2385 ], [ 9.0295, 36.2415 ], [ 9.0417, 36.2392 ], [ 9.0488, 36.2329 ], [ 9.0389, 36.2272 ], [ 9.0342, 36.2166 ], [ 9.0561, 36.2027 ], [ 9.0313, 36.1825 ], [ 9.0304, 36.1636 ], [ 9.0415, 36.151 ], [ 9.0426, 36.143 ], [ 9.047, 36.1435 ], [ 9.0524, 36.1359 ], [ 9.0781, 36.1377 ], [ 9.0828, 36.1335 ], [ 9.0845, 36.1282 ], [ 9.0812, 36.1175 ], [ 9.0888, 36.1104 ], [ 9.1107, 36.1196 ], [ 9.1214, 36.1025 ], [ 9.1342, 36.101 ], [ 9.1421, 36.0919 ], [ 9.1578, 36.0847 ], [ 9.1611, 36.0786 ], [ 9.155, 36.0691 ], [ 9.1631, 36.0572 ], [ 9.1518, 36.0406 ], [ 9.155, 36.0314 ], [ 9.1618, 36.0332 ], [ 9.1708, 36.0233 ], [ 9.1575, 36.012 ], [ 9.1623, 36.0119 ], [ 9.1692, 36.0057 ], [ 9.149, 35.9956 ], [ 9.1402, 35.9867 ], [ 9.1161, 35.9772 ], [ 9.1126, 35.9623 ], [ 9.0982, 35.9459 ], [ 9.0987, 35.9257 ], [ 9.0818, 35.9094 ], [ 9.0759, 35.9092 ], [ 9.0718, 35.9033 ], [ 9.0632, 35.9036 ], [ 9.0548, 35.8972 ], [ 9.0533, 35.8888 ], [ 9.0487, 35.8864 ], [ 9.0374, 35.8646 ], [ 9.0254, 35.8525 ], [ 9.0354, 35.8499 ], [ 9.0497, 35.8531 ], [ 9.0395, 35.8393 ], [ 9.0293, 35.8352 ], [ 9.0185, 35.8367 ], [ 9.0398, 35.8172 ], [ 9.0273, 35.8058 ], [ 9.0325, 35.8014 ], [ 9.0384, 35.784 ], [ 9.0302, 35.7771 ], [ 9.0228, 35.7638 ], [ 9.0176, 35.7625 ], [ 9.0344, 35.7302 ], [ 9.0369, 35.7032 ], [ 9.0418, 35.6908 ], [ 9.0312, 35.6887 ], [ 9.0205, 35.6933 ], [ 9.0124, 35.7011 ], [ 9.0072, 35.6969 ], [ 8.9999, 35.6972 ], [ 8.9887, 35.6885 ], [ 8.9802, 35.687 ], [ 8.9765, 35.6817 ], [ 8.9676, 35.6818 ], [ 8.964, 35.6771 ], [ 8.9874, 35.6751 ], [ 9.0, 35.6663 ], [ 8.9863, 35.6629 ], [ 8.9901, 35.6448 ], [ 8.9973, 35.6365 ], [ 8.9942, 35.633 ], [ 9.0237, 35.6284 ], [ 9.0485, 35.6344 ], [ 9.0565, 35.6211 ], [ 9.0798, 35.6127 ], [ 9.0869, 35.6003 ], [ 9.0915, 35.6119 ], [ 9.1029, 35.6196 ], [ 9.1019, 35.6246 ], [ 9.1146, 35.6276 ], [ 9.1322, 35.6101 ], [ 9.1507, 35.6194 ], [ 9.1668, 35.612 ], [ 9.1745, 35.617 ], [ 9.1706, 35.6055 ], [ 9.179, 35.6044 ], [ 9.1925, 35.5943 ], [ 9.1838, 35.5848 ], [ 9.186, 35.5781 ], [ 9.1813, 35.5737 ], [ 9.1811, 35.5626 ], [ 9.191, 35.5575 ], [ 9.2052, 35.5558 ], [ 9.2143, 35.5428 ], [ 9.2252, 35.5421 ], [ 9.2297, 35.5455 ], [ 9.2679, 35.5535 ], [ 9.2741, 35.5457 ], [ 9.2691, 35.5409 ], [ 9.2702, 35.5323 ], [ 9.2815, 35.5308 ], [ 9.293, 35.5353 ], [ 9.3087, 35.5138 ], [ 9.3183, 35.5114 ], [ 9.3236, 35.5062 ], [ 9.3233, 35.4993 ], [ 9.3301, 35.4934 ], [ 9.3231, 35.4893 ], [ 9.3331, 35.4776 ], [ 9.3637, 35.4793 ], [ 9.3952, 35.4952 ], [ 9.4078, 35.4953 ], [ 9.413, 35.4889 ], [ 9.4453, 35.4845 ], [ 9.4534, 35.4856 ], [ 9.4641, 35.4931 ], [ 9.4414, 35.4993 ], [ 9.4389, 35.5148 ], [ 9.4352, 35.5172 ], [ 9.4351, 35.5315 ], [ 9.428, 35.5399 ], [ 9.4306, 35.5697 ], [ 9.4261, 35.5771 ], [ 9.4041, 35.5754 ], [ 9.3959, 35.5828 ], [ 9.3921, 35.5822 ], [ 9.3851, 35.6064 ], [ 9.3447, 35.6187 ], [ 9.3426, 35.6234 ], [ 9.3301, 35.6274 ], [ 9.325, 35.6406 ], [ 9.3041, 35.6626 ], [ 9.2737, 35.6864 ], [ 9.2709, 35.6936 ], [ 9.2977, 35.7254 ], [ 9.3382, 35.7005 ], [ 9.3604, 35.705 ], [ 9.3763, 35.7013 ], [ 9.3771, 35.7035 ], [ 9.3941, 35.6901 ], [ 9.4051, 35.6895 ], [ 9.4221, 35.7025 ], [ 9.425, 35.7083 ], [ 9.4322, 35.7094 ], [ 9.4331, 35.7121 ], [ 9.4356, 35.7087 ], [ 9.442, 35.7081 ], [ 9.4461, 35.7118 ], [ 9.4569, 35.7133 ], [ 9.4543, 35.7196 ], [ 9.4618, 35.7244 ], [ 9.47, 35.7249 ], [ 9.468, 35.7293 ], [ 9.4715, 35.728 ], [ 9.4786, 35.7319 ], [ 9.503, 35.7295 ], [ 9.5154, 35.7339 ], [ 9.5207, 35.7291 ], [ 9.5249, 35.7336 ], [ 9.5214, 35.7377 ], [ 9.5375, 35.7428 ], [ 9.5341, 35.7522 ], [ 9.5139, 35.757 ], [ 9.5031, 35.764 ], [ 9.4981, 35.7696 ], [ 9.4927, 35.7887 ], [ 9.5093, 35.8104 ], [ 9.5088, 35.82 ], [ 9.5226, 35.831 ], [ 9.534, 35.8317 ], [ 9.5355, 35.848 ], [ 9.5324, 35.855 ], [ 9.5182, 35.8545 ], [ 9.5179, 35.8616 ], [ 9.4907, 35.8729 ], [ 9.491, 35.8921 ], [ 9.4857, 35.9069 ], [ 9.4898, 35.9122 ], [ 9.5182, 35.9139 ], [ 9.5232, 35.9229 ], [ 9.5714, 35.9499 ], [ 9.6485, 36.0086 ], [ 9.6621, 36.0224 ], [ 9.7114, 36.0575 ], [ 9.7603, 36.1176 ], [ 9.7637, 36.131 ], [ 9.7687, 36.1352 ], [ 9.7667, 36.1394 ], [ 9.7696, 36.1444 ], [ 9.7369, 36.1669 ], [ 9.7432, 36.1736 ], [ 9.7437, 36.1899 ], [ 9.7283, 36.1996 ], [ 9.7261, 36.2064 ], [ 9.716, 36.2012 ], [ 9.7123, 36.2022 ], [ 9.6993, 36.2103 ], [ 9.6996, 36.216 ], [ 9.6854, 36.2249 ], [ 9.6744, 36.2275 ], [ 9.6482, 36.2152 ], [ 9.6479, 36.2303 ], [ 9.6511, 36.2377 ], [ 9.6487, 36.2414 ], [ 9.6457, 36.2439 ], [ 9.6398, 36.2385 ], [ 9.6259, 36.2413 ], [ 9.6235, 36.2446 ], [ 9.6148, 36.2434 ], [ 9.6041, 36.2507 ], [ 9.5965, 36.252 ], [ 9.5933, 36.2633 ], [ 9.6032, 36.2716 ], [ 9.6132, 36.2725 ], [ 9.638, 36.291 ], [ 9.6715, 36.2894 ], [ 9.6863, 36.2995 ], [ 9.6952, 36.2984 ], [ 9.7036, 36.302 ], [ 9.7213, 36.3137 ], [ 9.7224, 36.3229 ], [ 9.7152, 36.3299 ], [ 9.7236, 36.3463 ], [ 9.7544, 36.3556 ], [ 9.7543, 36.3743 ], [ 9.7663, 36.381 ], [ 9.7575, 36.3877 ], [ 9.753, 36.4044 ], [ 9.7446, 36.4174 ], [ 9.7464, 36.4308 ], [ 9.7393, 36.4504 ] ] ] } },
{ "type": "Feature", "properties": { "iso3": "TUN", "unit_id": "37104715B1754521054807", "unit_name": "Sousse" }, "geometry": { "type": "Polygon", "coordinates": [ [ [ 10.3724, 36.3671 ], [ 10.3733, 36.3631 ], [ 10.3801, 36.3591 ], [ 10.3768, 36.3516 ], [ 10.3716, 36.3514 ], [ 10.3691, 36.3407 ], [ 10.3856, 36.3243 ], [ 10.3774, 36.313 ], [ 10.3806, 36.3106 ], [ 10.382, 36.3008 ], [ 10.3743, 36.2963 ], [ 10.3775, 36.2954 ], [ 10.3785, 36.2867 ], [ 10.3751, 36.2815 ], [ 10.3698, 36.2803 ], [ 10.3606, 36.284 ], [ 10.358, 36.2811 ], [ 10.3656, 36.2688 ], [ 10.3853, 36.2644 ], [ 10.3859, 36.248 ], [ 10.3795, 36.2476 ], [ 10.3717, 36.2408 ], [ 10.3472, 36.2355 ], [ 10.3374, 36.2269 ], [ 10.3184, 36.2282 ], [ 10.31, 36.2359 ], [ 10.2912, 36.2361 ], [ 10.2816, 36.2439 ], [ 10.2793, 36.2341 ], [ 10.2549, 36.2229 ], [ 10.2673, 36.2116 ], [ 10.2556, 36.1961 ], [ 10.2675, 36.173 ], [ 10.2565, 36.1592 ], [ 10.2425, 36.1537 ], [ 10.233, 36.1668 ], [ 10.2008, 36.1564 ], [ 10.184, 36.1579 ], [ 10.1819, 36.138 ], [ 10.2073, 36.1352 ], [ 10.2027, 36.133 ], [ 10.2021, 36.1041 ], [ 10.2044, 36.0983 ], [ 10.2103, 36.0957 ], [ 10.2072, 36.0908 ], [ 10.2144, 36.0902 ], [ 10.2168, 36.0869 ], [ 10.21, 36.079 ], [ 10.2071, 36.0681 ], [ 10.209, 36.0661 ], [ 10.2046, 36.0654 ], [ 10.2036, 36.0571 ], [ 10.222, 36.0549 ], [ 10.2557, 36.0356 ], [ 10.2568, 36.0004 ], [ 10.2458, 35.9814 ], [ 10.2369, 35.9468 ], [ 10.2275, 35.9269 ], [ 10.2234, 35.9269 ], [ 10.2188, 35.9194 ], [ 10.2156, 35.9077 ], [ 10.2022, 35.9036 ], [ 10.2032, 35.8996 ], [ 10.1982, 35.8935 ], [ 10.1801, 35.8795 ], [ 10.1754, 35.8677 ], [ 10.1794, 35.8529 ], [ 10.1689, 35.8441 ], [ 10.1715, 35.8403 ], [ 10.16, 35.836 ], [ 10.158, 35.8251 ], [ 10.166, 35.8218 ], [ 10.1601, 35.8189 ], [ 10.1589, 35.8135 ], [ 10.1647, 35.8032 ], [ 10.173, 35.7967 ], [ 10.1724, 35.7913 ], [ 10.1837, 35.7888 ], [ 10.1872, 35.7798 ], [ 10.2034, 35.7639 ], [ 10.2047, 35.7493 ], [ 10.2126, 35.7396 ], [ 10.2113, 35.7153 ], [ 10.2314, 35.7052 ], [ 10.2769, 35.6495 ], [ 10.2723, 35.633 ], [ 10.285, 35.6072 ], [ 10.2954, 35.5943 ], [ 10.2934, 35.5793 ], [ 10.3057, 35.5816 ], [ 10.3073, 35.585 ], [ 10.316, 35.5852 ], [ 10.3212, 35.5911 ], [ 10.3185, 35.6036 ], [ 10.3219, 35.6032 ], [ 10.3226, 35.6118 ], [ 10.3277, 35.6112 ], [ 10.3277, 35.6156 ], [ 10.3464, 35.6165 ], [ 10.3538, 35.6233 ], [ 10.3616, 35.6238 ], [ 10.3701, 35.634 ], [ 10.3817, 35.6312 ], [ 10.381, 35.6362 ], [ 10.3869, 35.6361 ], [ 10.3865, 35.6387 ], [ 10.3928, 35.6415 ], [ 10.4011, 35.6405 ], [ 10.4013, 35.6437 ], [ 10.4051, 35.645 ], [ 10.4188, 35.6391 ], [ 10.4303, 35.644 ], [ 10.4389, 35.6378 ], [ 10.4498, 35.64 ], [ 10.4667, 35.6337 ], [ 10.4764, 35.6259 ], [ 10.4743, 35.6243 ], [ 10.4793, 35.6208 ], [ 10.4772, 35.6173 ], [ 10.4876, 35.6154 ], [ 10.4978, 35.5816 ], [ 10.4916, 35.566 ], [ 10.4996, 35.5548 ], [ 10.5213, 35.561 ], [ 10.5358, 35.5689 ], [ 10.5269, 35.5854 ], [ 10.5205, 35.5899 ], [ 10.531, 35.6093 ], [ 10.5592, 35.6282 ], [ 10.569, 35.6503 ], [ 10.5778, 35.6416 ], [ 10.5917, 35.6489 ], [ 10.6189, 35.6364 ], [ 10.6199, 35.6404 ], [ 10.6469, 35.6642 ], [ 10.647, 35.6724 ], [ 10.6251, 35.6856 ], [ 10.6308, 35.6888 ], [ 10.6302, 35.6912 ], [ 10.6382, 35.6934 ], [ 10.6336, 35.6999 ], [ 10.635, 35.7049 ], [ 10.6402, 35.7073 ], [ 10.6377, 35.7098 ], [ 10.6415, 35.7144 ], [ 10.6337, 35.7187 ], [ 10.6231, 35.7328 ], [ 10.6323, 35.7337 ], [ 10.6453, 35.7433 ], [ 10.6578, 35.7438 ], [ 10.6687, 35.74 ], [ 10.6683, 35.7489 ], [ 10.6762, 35.7571 ], [ 10.6708, 35.7717 ], [ 10.6844, 35.7874 ], [ 10.6833, 35.792 ], [ 10.6793, 35.792 ], [ 10.6475, 35.8139 ], [ 10.6469, 35.8225 ], [ 10.6523, 35.8265 ], [ 10.6446, 35.8296 ], [ 10.6236, 35.8495 ], [ 10.6177, 35.8622 ], [ 10.6037, 35.8765 ], [ 10.6012, 35.8926 ], [ 10.5969, 35.8947 ], [ 10.602, 35.8929 ], [ 10.5873, 35.9059 ], [ 10.5757, 35.9235 ], [ 10.548, 35.9516 ], [ 10.5309, 35.9786 ], [ 10.5181, 36.0153 ], [ 10.5169, 36.0286 ], [ 10.5095, 36.0343 ], [ 10.4976, 36.0364 ], [ 10.487, 36.0477 ], [ 10.4736, 36.0873 ], [ 10.4665, 36.1442 ], [ 10.4679, 36.1834 ], [ 10.4788, 36.2388 ], [ 10.5043, 36.3057 ], [ 10.4935, 36.309 ], [ 10.4898, 36.3146 ], [ 10.5135, 36.3416 ], [ 10.5318, 36.3704 ], [ 10.5064, 36.3917 ], [ 10.4803, 36.3599 ], [ 10.4657, 36.3703 ], [ 10.4571, 36.3663 ], [ 10.4163, 36.3794 ], [ 10.4015, 36.3779 ], [ 10.3812, 36.383 ], [ 10.3781, 36.3817 ], [ 10.3814, 36.3771 ], [ 10.3797, 36.3738 ], [ 10.3724, 36.3671 ] ], [ [ 10.2647, 35.8191 ], [ 10.232, 35.8152 ], [ 10.1929, 35.8306 ], [ 10.1935, 35.8349 ], [ 10.2455, 35.8834 ], [ 10.263, 35.8902 ], [ 10.2648, 35.8941 ], [ 10.2844, 35.9038 ], [ 10.2826, 35.9069 ], [ 10.2907, 35.9166 ], [ 10.3023, 35.912 ], [ 10.3056, 35.9178 ], [ 10.326, 35.9161 ], [ 10.349, 35.8725 ], [ 10.3493, 35.8666 ], [ 10.3231, 35.8393 ], [ 10.3073, 35.807 ], [ 10.2987, 35.802 ], [ 10.2888, 35.8078 ], [ 10.2792, 35.8074 ], [ 10.276, 35.816 ], [ 10.2647, 35.8191 ] ] ] } },
{ "type": "Feature", "properties": { "iso3": "TUN", "unit_id": "37104715B7690984188760", "unit_name": "Monastir" }, "geometry": { "type": "Polygon", "coordinates": [ [ [ 10.4996, 35.5548 ], [ 10.4955, 35.5498 ], [ 10.4926, 35.5312 ], [ 10.4927, 35.5159 ], [ 10.4966, 35.5034 ], [ 10.4941, 35.4954 ], [ 10.4995, 35.4818 ], [ 10.5081, 35.4785 ], [ 10.5209, 35.4826 ], [ 10.5333, 35.4815 ], [ 10.5578, 35.4937 ], [ 10.5596, 35.5031 ], [ 10.5913, 35.5063 ], [ 10.595, 35.498 ], [ 10.6147, 35.4942 ], [ 10.6124, 35.4896 ], [ 10.6211, 35.4856 ], [ 10.6381, 35.5002 ], [ 10.6402, 35.4859 ], [ 10.6567, 35.4814 ], [ 10.6609, 35.4773 ], [ 10.6723, 35.4847 ], [ 10.6772, 35.4772 ], [ 10.6842, 35.4775 ], [ 10.6837, 35.4716 ], [ 10.6889, 35.476 ], [ 10.6973, 35.4735 ], [ 10.6979, 35.4795 ], [ 10.7121, 35.4752 ], [ 10.718, 35.4893 ], [ 10.7355, 35.4873 ], [ 10.7308, 35.4745 ], [ 10.7535, 35.4637 ], [ 10.7595, 35.4498 ], [ 10.7666, 35.449 ], [ 10.7689, 35.4443 ], [ 10.7775, 35.4402 ], [ 10.7756, 35.4348 ], [ 10.7816, 35.4347 ], [ 10.7811, 35.4271 ], [ 10.7971, 35.429 ], [ 10.7997, 35.4231 ], [ 10.8085, 35.423 ], [ 10.8153, 35.4332 ], [ 10.8252, 35.4302 ], [ 10.8257, 35.4353 ], [ 10.8324, 35.4339 ], [ 10.8429, 35.4373 ], [ 10.8469, 35.4512 ], [ 10.8372, 35.4563 ], [ 10.8433, 35.464 ], [ 10.844, 35.467 ], [ 10.8397, 35.468 ], [ 10.8473, 35.4837 ], [ 10.8516, 35.4868 ], [ 10.8591, 35.4832 ], [ 10.8672, 35.4869 ], [ 10.8689, 35.4953 ], [ 10.8734, 35.4989 ], [ 10.8761, 35.4966 ], [ 10.8934, 35.5067 ], [ 10.9104, 35.5041 ], [ 10.9243, 35.5078 ], [ 10.9159, 35.518 ], [ 10.9219, 35.5236 ], [ 10.9215, 35.5297 ], [ 10.9285, 35.5291 ], [ 10.9372, 35.5425 ], [ 10.9472, 35.5435 ], [ 10.9301, 35.5607 ], [ 10.9329, 35.5644 ], [ 10.9289, 35.5666 ], [ 10.9343, 35.5679 ], [ 10.9315, 35.5705 ], [ 10.9344, 35.5768 ], [ 10.9288, 35.5813 ], [ 10.9134, 35.585 ], [ 10.9131, 35.5903 ], [ 10.9064, 35.5935 ], [ 10.9129, 35.5935 ], [ 10.9098, 35.6032 ], [ 10.9169, 35.602 ], [ 10.9141, 35.6048 ], [ 10.9209, 35.6038 ], [ 10.9209, 35.6081 ], [ 10.9257, 35.6113 ], [ 10.9317, 35.6102 ], [ 10.9341, 35.6234 ], [ 10.9367, 35.6245 ], [ 10.9555, 35.6157 ], [ 10.9732, 35.6178 ], [ 10.9832, 35.6123 ], [ 10.9793, 35.606 ], [ 10.9799, 35.5972 ], [ 10.9884, 35.5838 ], [ 10.9891, 35.5709 ], [ 11.0, 35.5549 ], [ 11.0111, 35.5564 ], [ 11.0128, 35.5524 ], [ 11.0304, 35.5573 ], [ 11.0317, 35.576 ], [ 11.0443, 35.6035 ], [ 11.048, 35.6244 ], [ 11.034, 35.6328 ], [ 11.0015, 35.6374 ], [ 10.986, 35.6461 ], [ 10.9808, 35.6539 ], [ 10.9611, 35.6556 ], [ 10.9579, 35.6592 ], [ 10.9546, 35.658 ], [ 10.9549, 35.6605 ], [ 10.9469, 35.6592 ], [ 10.9138, 35.6691 ], [ 10.9001, 35.6703 ], [ 10.8939, 35.6758 ], [ 10.8874, 35.6742 ], [ 10.8791, 35.6773 ], [ 10.8737, 35.6832 ], [ 10.8571, 35.6845 ], [ 10.8466, 35.6929 ], [ 10.8312, 35.6986 ], [ 10.8166, 35.7203 ], [ 10.8242, 35.7482 ], [ 10.8302, 35.757 ], [ 10.836, 35.7552 ], [ 10.8406, 35.7595 ], [ 10.8428, 35.769 ], [ 10.834, 35.7754 ], [ 10.8333, 35.7778 ], [ 10.8368, 35.779 ], [ 10.8333, 35.782 ], [ 10.8161, 35.7801 ], [ 10.8064, 35.7851 ], [ 10.7938, 35.7783 ], [ 10.7806, 35.78 ], [ 10.7759, 35.7745 ], [ 10.7557, 35.7667 ], [ 10.7371, 35.7651 ], [ 10.7247, 35.7682 ], [ 10.6844, 35.7874 ], [ 10.6708, 35.7717 ], [ 10.6762, 35.7571 ], [ 10.6683, 35.7489 ], [ 10.6687, 35.74 ], [ 10.6578, 35.7438 ], [ 10.6453, 35.7433 ], [ 10.6323, 35.7337 ], [ 10.6231, 35.7328 ], [ 10.6337, 35.7187 ], [ 10.6415, 35.7144 ], [ 10.6377, 35.7098 ], [ 10.6402, 35.7073 ], [ 10.635, 35.7049 ], [ 10.6336, 35.6999 ], [ 10.6382, 35.6934 ], [ 10.6302, 35.6912 ], [ 10.6308, 35.6888 ], [ 10.6251, 35.6856 ], [ 10.647, 35.6724 ], [ 10.6469, 35.6642 ], [ 10.6199, 35.6404 ], [ 10.6189, 35.6364 ], [ 10.5917, 35.6489 ], [ 10.5778, 35.6416 ], [ 10.569, 35.6503 ], [ 10.5592, 35.6282 ], [ 10.531, 35.6093 ], [ 10.5205, 35.5899 ], [ 10.5269, 35.5854 ], [ 10.5358, 35.5689 ], [ 10.5213, 35.561 ], [ 10.4996, 35.5548 ] ] ] } },
{ "type": "Feature", "properties": { "iso3": "TUN", "unit_id": "37104715B65739042304823", "unit_name": "Mahdia" }, "geometry": { "type": "Polygon", "coordinates": [ [ [ 10.3057, 35.5816 ], [ 10.2853, 35.577 ], [ 10.2741, 35.5805 ], [ 10.2335, 35.5677 ], [ 10.2073, 35.5537 ], [ 10.2574, 35.4987 ], [ 10.2201, 35.4754 ], [ 10.2249, 35.4566 ], [ 10.221, 35.4529 ], [ 10.2208, 35.443 ], [ 10.2165, 35.4378 ], [ 10.1936, 35.4329 ], [ 10.182, 35.4215 ], [ 10.1765, 35.4038 ], [ 10.1764, 35.3875 ], [ 10.1606, 35.357 ], [ 10.1672, 35.3453 ], [ 10.1747, 35.3398 ], [ 10.1919, 35.3355 ], [ 10.1924, 35.3314 ], [ 10.2051, 35.3205 ], [ 10.1794, 35.2706 ], [ 10.1744, 35.2666 ], [ 10.2037, 35.2206 ], [ 10.2049, 35.2139 ], [ 10.2206, 35.1976 ], [ 10.2106, 35.1868 ], [ 10.223, 35.1524 ], [ 10.229, 35.1535 ], [ 10.2815, 35.1304 ], [ 10.2909, 35.1306 ], [ 10.3169, 35.1436 ], [ 10.3352, 35.1322 ], [ 10.3514, 35.1355 ], [ 10.3641, 35.1323 ], [ 10.3693, 35.1248 ], [ 10.3801, 35.1191 ], [ 10.3807, 35.1119 ], [ 10.3941, 35.1004 ], [ 10.4108, 35.0901 ], [ 10.4274, 35.0889 ], [ 10.4646, 35.1245 ], [ 10.4763, 35.1315 ], [ 10.5292, 35.1427 ], [ 10.5558, 35.156 ], [ 10.5855, 35.1792 ], [ 10.592, 35.1861 ], [ 10.571, 35.216 ], [ 10.5645, 35.2207 ], [ 10.5618, 35.228 ], [ 10.6289, 35.2576 ], [ 10.633, 35.2524 ], [ 10.6373, 35.2537 ], [ 10.6444, 35.2421 ], [ 10.6748, 35.2218 ], [ 10.6872, 35.2187 ], [ 10.7109, 35.2219 ], [ 10.733, 35.2329 ], [ 10.7389, 35.2321 ], [ 10.7478, 35.2401 ], [ 10.7579, 35.242 ], [ 10.7506, 35.2488 ], [ 10.761, 35.2653 ], [ 10.7639, 35.2789 ], [ 10.7914, 35.2738 ], [ 10.7958, 35.2549 ], [ 10.8047, 35.2459 ], [ 10.8024, 35.2167 ], [ 10.8044, 35.2102 ], [ 10.8367, 35.1614 ], [ 10.8369, 35.1512 ], [ 10.8338, 35.1449 ], [ 10.8692, 35.1531 ], [ 10.8853, 35.1608 ], [ 10.8949, 35.1692 ], [ 10.9073, 35.1886 ], [ 10.9308, 35.1667 ], [ 10.9275, 35.1619 ], [ 10.9404, 35.1538 ], [ 10.92, 35.1368 ], [ 10.9342, 35.1256 ], [ 10.9563, 35.0978 ], [ 10.975, 35.0967 ], [ 10.9876, 35.0919 ], [ 10.9923, 35.0961 ], [ 11.0089, 35.0898 ], [ 11.0203, 35.0895 ], [ 11.0266, 35.1171 ], [ 11.0537, 35.1556 ], [ 11.0606, 35.1601 ], [ 11.088, 35.1611 ], [ 11.0819, 35.1662 ], [ 11.0821, 35.1695 ], [ 11.0901, 35.1809 ], [ 11.0975, 35.184 ], [ 11.0976, 35.1903 ], [ 11.1066, 35.1994 ], [ 11.1085, 35.2114 ], [ 11.1175, 35.2232 ], [ 11.1344, 35.2303 ], [ 11.1509, 35.2233 ], [ 11.1579, 35.2327 ], [ 11.1626, 35.233 ], [ 11.1454, 35.2378 ], [ 11.1278, 35.2473 ], [ 11.1137, 35.2597 ], [ 11.0994, 35.2673 ], [ 11.0561, 35.3072 ], [ 11.0383, 35.3304 ], [ 11.0322, 35.3582 ], [ 11.0323, 35.3792 ], [ 11.0378, 35.3878 ], [ 11.0493, 35.3909 ], [ 11.0404, 35.4177 ], [ 11.0429, 35.4421 ], [ 11.0596, 35.4936 ], [ 11.0623, 35.497 ], [ 11.0658, 35.4958 ], [ 11.0639, 35.5 ], [ 11.0692, 35.5022 ], [ 11.0695, 35.4999 ], [ 11.082, 35.5077 ], [ 11.0681, 35.5053 ], [ 11.0486, 35.5149 ], [ 11.0366, 35.5311 ], [ 11.0304, 35.5573 ], [ 11.0128, 35.5524 ], [ 11.0111, 35.5564 ], [ 11.0038, 35.5536 ], [ 10.9954, 35.5559 ], [ 10.991, 35.5527 ], [ 10.9917, 35.5463 ], [ 10.9887, 35.5434 ], [ 10.9701, 35.5397 ], [ 10.9582, 35.5409 ], [ 10.9552, 35.5384 ], [ 10.9562, 35.5349 ], [ 10.9518, 35.5377 ], [ 10.9516, 35.5427 ], [ 10.9372, 35.5425 ], [ 10.9285, 35.5291 ], [ 10.9215, 35.5297 ], [ 10.9219, 35.5236 ], [ 10.9159, 35.518 ], [ 10.9243, 35.5078 ], [ 10.9104, 35.5041 ], [ 10.8934, 35.5067 ], [ 10.8761, 35.4966 ], [ 10.8734, 35.4989 ], [ 10.8689, 35.4953 ], [ 10.8672, 35.4869 ], [ 10.8591, 35.4832 ], [ 10.8516, 35.4868 ], [ 10.8473, 35.4837 ], [ 10.8397, 35.468 ], [ 10.844, 35.467 ], [ 10.8433, 35.464 ], [ 10.8372, 35.4563 ], [ 10.8469, 35.4512 ], [ 10.8429, 35.4373 ], [ 10.8324, 35.4339 ], [ 10.8257, 35.4353 ], [ 10.8252, 35.4302 ], [ 10.8153, 35.4332 ], [ 10.8085, 35.423 ], [ 10.7997, 35.4231 ], [ 10.7971, 35.429 ], [ 10.7811, 35.4271 ], [ 10.7816, 35.4347 ], [ 10.7756, 35.4348 ], [ 10.7775, 35.4402 ], [ 10.7689, 35.4443 ], [ 10.7666, 35.449 ], [ 10.7595, 35.4498 ], [ 10.7535, 35.4637 ], [ 10.7308, 35.4745 ], [ 10.7355, 35.4873 ], [ 10.718, 35.4893 ], [ 10.7121, 35.4752 ], [ 10.6979, 35.4795 ], [ 10.6973, 35.4735 ], [ 10.6889, 35.476 ], [ 10.6837, 35.4716 ], [ 10.6842, 35.4775 ], [ 10.6772, 35.4772 ], [ 10.6723, 35.4847 ], [ 10.6609, 35.4773 ], [ 10.6567, 35.4814 ], [ 10.6402, 35.4859 ], [ 10.6381, 35.5002 ], [ 10.6211, 35.4856 ], [ 10.617, 35.4744 ], [ 10.6123, 35.4735 ], [ 10.6123, 35.4657 ], [ 10.6048, 35.4645 ], [ 10.5956, 35.4561 ], [ 10.5874, 35.4562 ], [ 10.5716, 35.4486 ], [ 10.5707, 35.443 ], [ 10.5746, 35.437 ], [ 10.5658, 35.4087 ], [ 10.5687, 35.3974 ], [ 10.566, 35.397 ], [ 10.5669, 35.3935 ], [ 10.5615, 35.3943 ], [ 10.5661, 35.3906 ], [ 10.5653, 35.3858 ], [ 10.5539, 35.3943 ], [ 10.5509, 35.393 ], [ 10.5558, 35.3895 ], [ 10.5571, 35.3822 ], [ 10.5636, 35.381 ], [ 10.5653, 35.3785 ], [ 10.5632, 35.3775 ], [ 10.5513, 35.3813 ], [ 10.5519, 35.3887 ], [ 10.5489, 35.3918 ], [ 10.5469, 35.3891 ], [ 10.54, 35.3951 ], [ 10.535, 35.3955 ], [ 10.5266, 35.3868 ], [ 10.5248, 35.3911 ], [ 10.5322, 35.3956 ], [ 10.5242, 35.4038 ], [ 10.5103, 35.4072 ], [ 10.4979, 35.4061 ], [ 10.494, 35.4106 ], [ 10.4927, 35.4086 ], [ 10.4793, 35.4212 ], [ 10.4774, 35.4301 ], [ 10.4811, 35.429 ], [ 10.486, 35.4329 ], [ 10.4793, 35.4391 ], [ 10.4687, 35.4345 ], [ 10.4607, 35.4349 ], [ 10.4658, 35.4441 ], [ 10.462, 35.4488 ], [ 10.467, 35.4524 ], [ 10.4506, 35.4699 ], [ 10.4584, 35.474 ], [ 10.4357, 35.4917 ], [ 10.4353, 35.4966 ], [ 10.4288, 35.4975 ], [ 10.4181, 35.5089 ], [ 10.4028, 35.5128 ], [ 10.3859, 35.5126 ], [ 10.3832, 35.5053 ], [ 10.3744, 35.5048 ], [ 10.3511, 35.5224 ], [ 10.3332, 35.5283 ], [ 10.3265, 35.5399 ], [ 10.3281, 35.5501 ], [ 10.3255, 35.5534 ], [ 10.3263, 35.5564 ], [ 10.3298, 35.5563 ], [ 10.3289, 35.5627 ], [ 10.3194, 35.563 ], [ 10.3069, 35.5758 ], [ 10.3203, 35.5867 ], [ 10.3212, 35.5911 ], [ 10.316, 35.5852 ], [ 10.3073, 35.585 ], [ 10.3057, 35.5816 ] ] ] } },
{ "type": "Feature", "properties": { "iso3": "TUN", "unit_id": "37104715B64848387670268", "unit_name": "Sfax" }, "geometry": { "type": "MultiPolygon", "coordinates": [ [ [ [ 10.561, 34.5272 ], [ 10.5528, 34.5249 ], [ 10.5522, 34.5243 ], [ 10.547, 34.5272 ], [ 10.5282, 34.5205 ], [ 10.5276, 34.5245 ], [ 10.5233, 34.5258 ], [ 10.5164, 34.5212 ], [ 10.5051, 34.5234 ], [ 10.4985, 34.5207 ], [ 10.4989, 34.5118 ], [ 10.4974, 34.5201 ], [ 10.4934, 34.5148 ], [ 10.4771, 34.5141 ], [ 10.4598, 34.5077 ], [ 10.4513, 34.5032 ], [ 10.4548, 34.5025 ], [ 10.4506, 34.5019 ], [ 10.4511, 34.4989 ], [ 10.45, 34.5008 ], [ 10.4374, 34.4901 ], [ 10.4337, 34.4904 ], [ 10.4342, 34.4879 ], [ 10.4275, 34.4921 ], [ 10.4337, 34.4861 ], [ 10.3734, 34.4201 ], [ 10.3597, 34.4188 ], [ 10.3585, 34.4238 ], [ 10.3613, 34.4262 ], [ 10.3521, 34.4279 ], [ 10.3518, 34.4254 ], [ 10.3365, 34.4193 ], [ 10.34, 34.4174 ], [ 10.3395, 34.4139 ], [ 10.3323, 34.419 ], [ 10.3293, 34.4182 ], [ 10.3281, 34.4107 ], [ 10.3247, 34.4112 ], [ 10.3295, 34.4093 ], [ 10.3307, 34.4178 ], [ 10.3411, 34.4108 ], [ 10.3522, 34.4179 ], [ 10.3523, 34.4078 ], [ 10.3493, 34.4031 ], [ 10.3213, 34.3926 ], [ 10.3288, 34.3974 ], [ 10.3132, 34.3979 ], [ 10.2936, 34.4061 ], [ 10.2903, 34.4091 ], [ 10.2949, 34.4116 ], [ 10.2882, 34.4097 ], [ 10.2887, 34.4154 ], [ 10.2861, 34.414 ], [ 10.2841, 34.419 ], [ 10.2846, 34.4127 ], [ 10.2802, 34.4137 ], [ 10.2819, 34.4083 ], [ 10.2867, 34.406 ], [ 10.2835, 34.405 ], [ 10.283, 34.4012 ], [ 10.2795, 34.403 ], [ 10.2792, 34.3986 ], [ 10.2742, 34.3961 ], [ 10.278, 34.3897 ], [ 10.271, 34.3809 ], [ 10.2716, 34.3716 ], [ 10.2333, 34.363 ], [ 10.2269, 34.3547 ], [ 10.2106, 34.3482 ], [ 10.198, 34.36 ], [ 10.1946, 34.3563 ], [ 10.1948, 34.3627 ], [ 10.1897, 34.3645 ], [ 10.1835, 34.3537 ], [ 10.1834, 34.3418 ], [ 10.1715, 34.3362 ], [ 10.1704, 34.326 ], [ 10.1645, 34.3298 ], [ 10.1524, 34.329 ], [ 10.1354, 34.3195 ], [ 10.1225, 34.3175 ], [ 10.0984, 34.2937 ], [ 10.0967, 34.2876 ], [ 10.0926, 34.2863 ], [ 10.0777, 34.2624 ], [ 10.0647, 34.2317 ], [ 10.0456, 34.2058 ], [ 10.0428, 34.2072 ], [ 10.0423, 34.1875 ], [ 10.0329, 34.1678 ], [ 10.0385, 34.1802 ], [ 10.0365, 34.1762 ], [ 10.0363, 34.1784 ], [ 10.0335, 34.1751 ], [ 10.0278, 34.1735 ], [ 10.0332, 34.1754 ], [ 10.0321, 34.1778 ], [ 10.0372, 34.1837 ], [ 10.028, 34.1764 ], [ 10.0248, 34.1783 ], [ 10.031, 34.1831 ], [ 10.0228, 34.1819 ], [ 10.0222, 34.1862 ], [ 10.0179, 34.1852 ], [ 10.0184, 34.1887 ], [ 10.0109, 34.1933 ], [ 10.0012, 34.1875 ], [ 9.9952, 34.1933 ], [ 9.9838, 34.1962 ], [ 9.9659, 34.2111 ], [ 9.9494, 34.2055 ], [ 9.9345, 34.2063 ], [ 9.9253, 34.2007 ], [ 9.9222, 34.1893 ], [ 9.9179, 34.1853 ], [ 9.9199, 34.1815 ], [ 9.9237, 34.1813 ], [ 9.9219, 34.1784 ], [ 9.9078, 34.175 ], [ 9.8962, 34.1683 ], [ 9.8917, 34.179 ], [ 9.8638, 34.1984 ], [ 9.8651, 34.2068 ], [ 9.855, 34.215 ], [ 9.8515, 34.2283 ], [ 9.8256, 34.2381 ], [ 9.8173, 34.2294 ], [ 9.8189, 34.2203 ], [ 9.7554, 34.2201 ], [ 9.7109, 34.2815 ], [ 9.7615, 34.2744 ], [ 9.7544, 34.2843 ], [ 9.7552, 34.2902 ], [ 9.7459, 34.3002 ], [ 9.7415, 34.316 ], [ 9.7201, 34.3331 ], [ 9.7238, 34.3376 ], [ 9.7323, 34.3375 ], [ 9.742, 34.3436 ], [ 9.7644, 34.3461 ], [ 9.7764, 34.3511 ], [ 9.7787, 34.357 ], [ 9.7917, 34.3583 ], [ 9.8009, 34.3639 ], [ 9.8188, 34.3632 ], [ 9.8235, 34.3658 ], [ 9.8306, 34.3616 ], [ 9.8553, 34.3678 ], [ 9.8654, 34.374 ], [ 9.8722, 34.384 ], [ 9.8875, 34.3968 ], [ 9.8984, 34.4206 ], [ 9.9208, 34.4317 ], [ 9.9162, 34.4463 ], [ 9.9168, 34.4594 ], [ 9.9244, 34.4677 ], [ 9.9358, 34.4507 ], [ 9.9416, 34.4474 ], [ 9.962, 34.4584 ], [ 9.974, 34.4719 ], [ 9.9904, 34.4801 ], [ 9.9972, 34.4907 ], [ 10.0009, 34.4921 ], [ 10.0093, 34.4874 ], [ 10.0498, 34.5224 ], [ 10.0721, 34.5189 ], [ 10.0732, 34.5222 ], [ 10.0223, 34.5352 ], [ 9.9689, 34.538 ], [ 9.9808, 34.5469 ], [ 9.9708, 34.5673 ], [ 9.9034, 34.5975 ], [ 9.8825, 34.5926 ], [ 9.8782, 34.6042 ], [ 9.8729, 34.6072 ], [ 9.9011, 34.6327 ], [ 9.8793, 34.6437 ], [ 9.8873, 34.6612 ], [ 9.9085, 34.6652 ], [ 9.8994, 34.6794 ], [ 9.9038, 34.6948 ], [ 9.9183, 34.7207 ], [ 9.9179, 34.7315 ], [ 9.9122, 34.7347 ], [ 9.9131, 34.7511 ], [ 9.9251, 34.7508 ], [ 9.9393, 34.7561 ], [ 9.9414, 34.7779 ], [ 9.9607, 34.828 ], [ 9.9546, 34.831 ], [ 9.9869, 34.8827 ], [ 10.0068, 34.8997 ], [ 10.0186, 34.9313 ], [ 10.0495, 34.989 ], [ 10.0637, 35.0044 ], [ 10.0632, 35.0203 ], [ 10.0522, 35.0466 ], [ 10.0552, 35.057 ], [ 10.0659, 35.0676 ], [ 10.0759, 35.0703 ], [ 10.0894, 35.0835 ], [ 10.1095, 35.0947 ], [ 10.1172, 35.1056 ], [ 10.1304, 35.1117 ], [ 10.1349, 35.1192 ], [ 10.1429, 35.1167 ], [ 10.149, 35.1227 ], [ 10.1529, 35.1381 ], [ 10.1729, 35.1373 ], [ 10.1831, 35.1428 ], [ 10.229, 35.1535 ], [ 10.2815, 35.1304 ], [ 10.2909, 35.1306 ], [ 10.3169, 35.1436 ], [ 10.3352, 35.1322 ], [ 10.3514, 35.1355 ], [ 10.3641, 35.1323 ], [ 10.3693, 35.1248 ], [ 10.3801, 35.1191 ], [ 10.3807, 35.1119 ], [ 10.3941, 35.1004 ], [ 10.4108, 35.0901 ], [ 10.4274, 35.0889 ], [ 10.4646, 35.1245 ], [ 10.4763, 35.1315 ], [ 10.5292, 35.1427 ], [ 10.5558, 35.156 ], [ 10.5855, 35.1792 ], [ 10.592, 35.1861 ], [ 10.571, 35.216 ], [ 10.5645, 35.2207 ], [ 10.5618, 35.228 ], [ 10.6289, 35.2576 ], [ 10.633, 35.2524 ], [ 10.6373, 35.2537 ], [ 10.6444, 35.2421 ], [ 10.6748, 35.2218 ], [ 10.6872, 35.2187 ], [ 10.7109, 35.2219 ], [ 10.733, 35.2329 ], [ 10.7389, 35.2321 ], [ 10.7478, 35.2401 ], [ 10.7579, 35.242 ], [ 10.7506, 35.2488 ], [ 10.761, 35.2653 ], [ 10.7639, 35.2789 ], [ 10.7914, 35.2738 ], [ 10.7958, 35.2549 ], [ 10.8047, 35.2459 ], [ 10.8024, 35.2167 ], [ 10.8044, 35.2102 ], [ 10.8367, 35.1614 ], [ 10.8369, 35.1512 ], [ 10.8338, 35.1449 ], [ 10.8692, 35.1531 ], [ 10.8853, 35.1608 ], [ 10.8949, 35.1692 ], [ 10.9073, 35.1886 ], [ 10.9308, 35.1667 ], [ 10.9275, 35.1619 ], [ 10.9404, 35.1538 ], [ 10.92, 35.1368 ], [ 10.9342, 35.1256 ], [ 10.9563, 35.0978 ], [ 10.975, 35.0967 ], [ 10.9876, 35.0919 ], [ 10.9923, 35.0961 ], [ 11.0089, 35.0898 ], [ 11.0214, 35.0898 ], [ 11.0277, 35.0756 ], [ 11.0246, 35.0754 ], [ 11.0256, 35.0695 ], [ 11.0214, 35.0594 ], [ 11.0233, 35.0448 ], [ 11.0069, 35.0223 ], [ 11.0062, 35.0144 ], [ 10.9582, 34.9933 ], [ 10.9276, 34.9668 ], [ 10.9243, 34.9674 ], [ 10.9264, 34.9659 ], [ 10.9246, 34.9601 ], [ 10.9197, 34.9604 ], [ 10.9257, 34.9589 ], [ 10.921, 34.9459 ], [ 10.9231, 34.9259 ], [ 10.9209, 34.915 ], [ 10.9242, 34.9033 ], [ 10.9217, 34.8866 ], [ 10.9042, 34.8652 ], [ 10.8875, 34.8513 ], [ 10.8831, 34.8358 ], [ 10.8718, 34.8304 ], [ 10.8711, 34.8268 ], [ 10.866, 34.8269 ], [ 10.8647, 34.8171 ], [ 10.8726, 34.8034 ], [ 10.8718, 34.7994 ], [ 10.8471, 34.7946 ], [ 10.8257, 34.7845 ], [ 10.8144, 34.7697 ], [ 10.8034, 34.7682 ], [ 10.8005, 34.7631 ], [ 10.7679, 34.7423 ], [ 10.7795, 34.7408 ], [ 10.783, 34.7233 ], [ 10.7713, 34.7209 ], [ 10.7684, 34.7139 ], [ 10.7674, 34.7201 ], [ 10.7612, 34.7216 ], [ 10.7647, 34.7197 ], [ 10.761, 34.7157 ], [ 10.7652, 34.7157 ], [ 10.7653, 34.7113 ], [ 10.7606, 34.7111 ], [ 10.7607, 34.718 ], [ 10.7538, 34.7241 ], [ 10.7511, 34.7106 ], [ 10.7557, 34.7091 ], [ 10.7543, 34.6992 ], [ 10.7508, 34.6997 ], [ 10.7507, 34.694 ], [ 10.7476, 34.6918 ], [ 10.7493, 34.6844 ], [ 10.7302, 34.661 ], [ 10.7353, 34.6575 ], [ 10.7149, 34.6404 ], [ 10.6997, 34.6344 ], [ 10.6631, 34.6271 ], [ 10.6608, 34.6349 ], [ 10.6553, 34.6378 ], [ 10.6435, 34.6305 ], [ 10.6393, 34.6241 ], [ 10.6412, 34.6186 ], [ 10.629, 34.6146 ], [ 10.6291, 34.6068 ], [ 10.6176, 34.5919 ], [ 10.6041, 34.5856 ], [ 10.5984, 34.5657 ], [ 10.5996, 34.5534 ], [ 10.5969, 34.5453 ], [ 10.6037, 34.5523 ], [ 10.6045, 34.5581 ], [ 10.6051, 34.5533 ], [ 10.5933, 34.5389 ], [ 10.5435, 34.5192 ], [ 10.5403, 34.5179 ], [ 10.5358, 34.519 ], [ 10.5398, 34.5191 ], [ 10.561, 34.5272 ] ] ], [ [ [ 11.1214, 34.6582 ], [ 11.106, 34.6555 ], [ 11.0876, 34.643 ], [ 11.0826, 34.643 ], [ 11.0595, 34.6228 ], [ 11.048, 34.6207 ], [ 11.0482, 34.6129 ], [ 11.0276, 34.6286 ], [ 11.0069, 34.6348 ], [ 10.9718, 34.655 ], [ 10.9928, 34.6723 ], [ 11.0146, 34.6703 ], [ 11.0375, 34.6727 ], [ 11.0502, 34.6687 ], [ 11.0564, 34.6726 ], [ 11.0784, 34.671 ], [ 11.0879, 34.6738 ], [ 11.0936, 34.6688 ], [ 11.1229, 34.6621 ], [ 11.1214, 34.6582 ] ] ], [ [ [ 11.1229, 34.6712 ], [ 11.1257, 34.6768 ], [ 11.1217, 34.6799 ], [ 11.1328, 34.6842 ], [ 11.1346, 34.689 ], [ 11.1293, 34.691 ], [ 11.136, 34.6916 ], [ 11.1331, 34.6998 ], [ 11.1482, 34.7049 ], [ 11.1579, 34.7181 ], [ 11.1566, 34.7216 ], [ 11.1736, 34.7282 ], [ 11.174, 34.7313 ], [ 11.1683, 34.7334 ], [ 11.168, 34.7403 ], [ 11.178, 34.7392 ], [ 11.1807, 34.7418 ], [ 11.175, 34.7488 ], [ 11.1705, 34.7626 ], [ 11.1797, 34.7617 ], [ 11.1817, 34.7601 ], [ 11.179, 34.756 ], [ 11.1843, 34.7485 ], [ 11.1991, 34.7408 ], [ 11.2148, 34.7423 ], [ 11.2289, 34.7386 ], [ 11.2238, 34.7496 ], [ 11.2288, 34.7496 ], [ 11.227, 34.7593 ], [ 11.2327, 34.7659 ], [ 11.2198, 34.7748 ], [ 11.2161, 34.7844 ], [ 11.2269, 34.7819 ], [ 11.2339, 34.7864 ], [ 11.232, 34.7901 ], [ 11.2491, 34.7916 ], [ 11.2413, 34.8078 ], [ 11.2437, 34.8093 ], [ 11.2465, 34.8059 ], [ 11.2564, 34.8039 ], [ 11.2444, 34.817 ], [ 11.245, 34.8228 ], [ 11.2506, 34.8268 ], [ 11.2464, 34.8308 ], [ 11.254, 34.8283 ], [ 11.2581, 34.8307 ], [ 11.2563, 34.827 ], [ 11.2646, 34.8226 ], [ 11.2691, 34.8103 ], [ 11.2779, 34.8039 ], [ 11.2827, 34.8064 ], [ 11.2762, 34.8194 ], [ 11.2962, 34.8133 ], [ 11.3182, 34.8014 ], [ 11.3154, 34.7976 ], [ 11.2989, 34.8064 ], [ 11.2854, 34.8024 ], [ 11.2937, 34.7955 ], [ 11.2883, 34.7939 ], [ 11.2863, 34.7893 ], [ 11.2957, 34.7787 ], [ 11.2935, 34.7758 ], [ 11.2992, 34.7749 ], [ 11.2988, 34.7694 ], [ 11.3075, 34.7602 ], [ 11.2948, 34.7688 ], [ 11.2907, 34.7753 ], [ 11.2821, 34.7756 ], [ 11.279, 34.7815 ], [ 11.2754, 34.7823 ], [ 11.2722, 34.7788 ], [ 11.2785, 34.774 ], [ 11.2773, 34.7646 ], [ 11.298, 34.7519 ], [ 11.3046, 34.7424 ], [ 11.3047, 34.7354 ], [ 11.2969, 34.7311 ], [ 11.3016, 34.7262 ], [ 11.3, 34.7248 ], [ 11.2969, 34.7233 ], [ 11.2966, 34.7307 ], [ 11.2886, 34.7331 ], [ 11.2621, 34.7203 ], [ 11.2582, 34.7234 ], [ 11.2551, 34.7202 ], [ 11.251, 34.7238 ], [ 11.2484, 34.7221 ], [ 11.2509, 34.7135 ], [ 11.2468, 34.7104 ], [ 11.2029, 34.7027 ], [ 11.1256, 34.663 ], [ 11.1229, 34.6712 ] ] ], [ [ [ 11.3057, 34.7481 ], [ 11.3092, 34.7557 ], [ 11.315, 34.7581 ], [ 11.3335, 34.7607 ], [ 11.3432, 34.7572 ], [ 11.3279, 34.7558 ], [ 11.3074, 34.7444 ], [ 11.3057, 34.7481 ] ] ], [ [ [ 11.3119, 34.8178 ], [ 11.3045, 34.8255 ], [ 11.3054, 34.8295 ], [ 11.3135, 34.8279 ], [ 11.3221, 34.8199 ], [ 11.3354, 34.8154 ], [ 11.3119, 34.8178 ] ] ] ] } },
{ "type": "Feature", "properties": { "iso3": "TUN", "unit_id": "37104715B91359481526850", "unit_name": "Kairouan" }, "geometry": { "type": "Polygon", "coordinates": [ [ [ 9.7578, 36.1152 ], [ 9.7114, 36.0575 ], [ 9.6621, 36.0224 ], [ 9.6052, 35.974 ], [ 9.5838, 35.9613 ], [ 9.5714, 35.9499 ], [ 9.5232, 35.9229 ], [ 9.5182, 35.9139 ], [ 9.4898, 35.9122 ], [ 9.4857, 35.9069 ], [ 9.491, 35.8921 ], [ 9.4907, 35.8729 ], [ 9.5179, 35.8616 ], [ 9.5182, 35.8545 ], [ 9.5324, 35.855 ], [ 9.5355, 35.848 ], [ 9.534, 35.8317 ], [ 9.5226, 35.831 ], [ 9.5088, 35.82 ], [ 9.5093, 35.8104 ], [ 9.4927, 35.7887 ], [ 9.4981, 35.7696 ], [ 9.5031, 35.764 ], [ 9.5139, 35.757 ], [ 9.5341, 35.7522 ], [ 9.5375, 35.7428 ], [ 9.5214, 35.7377 ], [ 9.5249, 35.7336 ], [ 9.5207, 35.7291 ], [ 9.5154, 35.7339 ], [ 9.503, 35.7295 ], [ 9.4786, 35.7319 ], [ 9.4715, 35.728 ], [ 9.468, 35.7293 ], [ 9.47, 35.7249 ], [ 9.4618, 35.7244 ], [ 9.4543, 35.7196 ], [ 9.4569, 35.7133 ], [ 9.4461, 35.7118 ], [ 9.442, 35.7081 ], [ 9.4356, 35.7087 ], [ 9.4331, 35.7121 ], [ 9.4322, 35.7094 ], [ 9.425, 35.7083 ], [ 9.4221, 35.7025 ], [ 9.4051, 35.6895 ], [ 9.3941, 35.6901 ], [ 9.3771, 35.7035 ], [ 9.3763, 35.7013 ], [ 9.3604, 35.705 ], [ 9.3382, 35.7005 ], [ 9.2977, 35.7254 ], [ 9.2709, 35.6936 ], [ 9.2737, 35.6864 ], [ 9.3041, 35.6626 ], [ 9.325, 35.6406 ], [ 9.3301, 35.6274 ], [ 9.3426, 35.6234 ], [ 9.3447, 35.6187 ], [ 9.3851, 35.6064 ], [ 9.3921, 35.5822 ], [ 9.3959, 35.5828 ], [ 9.4041, 35.5754 ], [ 9.4261, 35.5771 ], [ 9.4287, 35.5743 ], [ 9.428, 35.5399 ], [ 9.4351, 35.5315 ], [ 9.4352, 35.5172 ], [ 9.4389, 35.5148 ], [ 9.4414, 35.4993 ], [ 9.4641, 35.4931 ], [ 9.4662, 35.4772 ], [ 9.4891, 35.4656 ], [ 9.4911, 35.4587 ], [ 9.4861, 35.455 ], [ 9.485, 35.4494 ], [ 9.4891, 35.4405 ], [ 9.4883, 35.4294 ], [ 9.4904, 35.4238 ], [ 9.5051, 35.4141 ], [ 9.5003, 35.4116 ], [ 9.5052, 35.4052 ], [ 9.4872, 35.3924 ], [ 9.4744, 35.3884 ], [ 9.4659, 35.3704 ], [ 9.4597, 35.3678 ], [ 9.4591, 35.3635 ], [ 9.5271, 35.3443 ], [ 9.5304, 35.3369 ], [ 9.5273, 35.3333 ], [ 9.5366, 35.3222 ], [ 9.5324, 35.3187 ], [ 9.5337, 35.3139 ], [ 9.5545, 35.2749 ], [ 9.5662, 35.2697 ], [ 9.587, 35.2848 ], [ 9.6, 35.2796 ], [ 9.6045, 35.2699 ], [ 9.6098, 35.2666 ], [ 9.6417, 35.2607 ], [ 9.653, 35.2521 ], [ 9.6584, 35.2425 ], [ 9.6745, 35.2349 ], [ 9.6827, 35.2368 ], [ 9.6916, 35.2307 ], [ 9.6912, 35.2116 ], [ 9.6988, 35.2007 ], [ 9.7478, 35.1804 ], [ 9.7941, 35.1816 ], [ 9.8217, 35.1715 ], [ 9.8732, 35.1661 ], [ 9.8839, 35.17 ], [ 9.8865, 35.1744 ], [ 9.8827, 35.1799 ], [ 9.8884, 35.1849 ], [ 9.898, 35.1841 ], [ 9.9144, 35.193 ], [ 9.9426, 35.1989 ], [ 9.9505, 35.2077 ], [ 9.9676, 35.2024 ], [ 9.9731, 35.1823 ], [ 9.984, 35.1724 ], [ 10.0015, 35.1645 ], [ 9.9948, 35.1552 ], [ 9.9934, 35.1461 ], [ 9.9971, 35.1265 ], [ 9.9921, 35.1208 ], [ 10.0023, 35.1029 ], [ 9.9941, 35.0842 ], [ 10.002, 35.0795 ], [ 10.0129, 35.0661 ], [ 10.0058, 35.0524 ], [ 10.0174, 35.0506 ], [ 10.0077, 35.0425 ], [ 10.0406, 35.0268 ], [ 10.0632, 35.0203 ], [ 10.0522, 35.0466 ], [ 10.0552, 35.057 ], [ 10.0659, 35.0676 ], [ 10.0759, 35.0703 ], [ 10.0894, 35.0835 ], [ 10.1095, 35.0947 ], [ 10.1172, 35.1056 ], [ 10.1304, 35.1117 ], [ 10.1349, 35.1192 ], [ 10.1429, 35.1167 ], [ 10.149, 35.1227 ], [ 10.1529, 35.1381 ], [ 10.1729, 35.1373 ], [ 10.1831, 35.1428 ], [ 10.223, 35.1524 ], [ 10.2106, 35.1868 ], [ 10.2206, 35.1976 ], [ 10.2049, 35.2139 ], [ 10.2037, 35.2206 ], [ 10.1744, 35.2666 ], [ 10.1794, 35.2706 ], [ 10.2051, 35.3205 ], [ 10.1924, 35.3314 ], [ 10.1919, 35.3355 ], [ 10.1747, 35.3398 ], [ 10.1672, 35.3453 ], [ 10.1606, 35.357 ], [ 10.1764, 35.3875 ], [ 10.1765, 35.4038 ], [ 10.182, 35.4215 ], [ 10.1936, 35.4329 ], [ 10.2165, 35.4378 ], [ 10.2208, 35.443 ], [ 10.221, 35.4529 ], [ 10.2249, 35.4566 ], [ 10.2201, 35.4754 ], [ 10.2574, 35.4987 ], [ 10.2073, 35.5537 ], [ 10.2335, 35.5677 ], [ 10.2741, 35.5805 ], [ 10.2853, 35.577 ], [ 10.2934, 35.5793 ], [ 10.2954, 35.5943 ], [ 10.285, 35.6072 ], [ 10.2723, 35.633 ], [ 10.2769, 35.6495 ], [ 10.2314, 35.7052 ], [ 10.2113, 35.7153 ], [ 10.2126, 35.7396 ], [ 10.2047, 35.7493 ], [ 10.2034, 35.7639 ], [ 10.1872, 35.7798 ], [ 10.1837, 35.7888 ], [ 10.1724, 35.7913 ], [ 10.173, 35.7967 ], [ 10.1647, 35.8032 ], [ 10.1589, 35.8135 ], [ 10.1601, 35.8189 ], [ 10.166, 35.8218 ], [ 10.158, 35.8251 ], [ 10.16, 35.836 ], [ 10.1715, 35.8403 ], [ 10.1689, 35.8441 ], [ 10.1794, 35.8529 ], [ 10.1754, 35.8677 ], [ 10.1801, 35.8795 ], [ 10.1982, 35.8935 ], [ 10.2032, 35.8996 ], [ 10.2022, 35.9036 ], [ 10.2156, 35.9077 ], [ 10.2188, 35.9194 ], [ 10.2234, 35.9269 ], [ 10.2275, 35.9269 ], [ 10.2369, 35.9468 ], [ 10.2458, 35.9814 ], [ 10.2568, 36.0004 ], [ 10.2557, 36.0356 ], [ 10.222, 36.0549 ], [ 10.2036, 36.0571 ], [ 10.2046, 36.0654 ], [ 10.209, 36.0661 ], [ 10.2071, 36.0681 ], [ 10.21, 36.079 ], [ 10.2168, 36.0869 ], [ 10.2144, 36.0902 ], [ 10.2072, 36.0908 ], [ 10.2103, 36.0957 ], [ 10.2044, 36.0983 ], [ 10.2021, 36.1041 ], [ 10.2027, 36.133 ], [ 10.206, 36.1365 ], [ 10.1741, 36.1382 ], [ 10.1498, 36.1303 ], [ 10.1432, 36.1225 ], [ 10.1376, 36.1232 ], [ 10.1366, 36.1175 ], [ 10.1263, 36.1114 ], [ 10.1258, 36.1064 ], [ 10.1282, 36.0999 ], [ 10.1349, 36.0971 ], [ 10.1375, 36.0811 ], [ 10.1277, 36.084 ], [ 10.0792, 36.0747 ], [ 10.0649, 36.0871 ], [ 10.0643, 36.0979 ], [ 10.0598, 36.1005 ], [ 10.0582, 36.1061 ], [ 10.0593, 36.0641 ], [ 10.065, 36.0433 ], [ 10.0625, 36.0331 ], [ 10.0443, 36.0006 ], [ 10.0255, 36.0089 ], [ 10.0203, 36.0159 ], [ 10.0108, 36.0123 ], [ 10.0052, 36.0267 ], [ 9.9891, 36.0381 ], [ 9.9755, 36.0389 ], [ 9.9733, 36.0498 ], [ 9.9688, 36.0491 ], [ 9.9681, 36.044 ], [ 9.9599, 36.0441 ], [ 9.9554, 36.0387 ], [ 9.9528, 36.0431 ], [ 9.9424, 36.0433 ], [ 9.9362, 36.0473 ], [ 9.9232, 36.042 ], [ 9.9013, 36.0426 ], [ 9.8945, 36.0474 ], [ 9.8929, 36.0576 ], [ 9.8961, 36.0628 ], [ 9.8909, 36.0682 ], [ 9.8818, 36.0691 ], [ 9.8779, 36.0753 ], [ 9.8434, 36.0739 ], [ 9.8404, 36.0668 ], [ 9.8283, 36.0561 ], [ 9.8193, 36.0913 ], [ 9.8102, 36.1083 ], [ 9.7913, 36.1004 ], [ 9.7914, 36.1034 ], [ 9.7867, 36.1027 ], [ 9.7853, 36.1066 ], [ 9.7779, 36.1024 ], [ 9.7733, 36.104 ], [ 9.7578, 36.1152 ] ] ] } },
{ "type": "Feature", "properties": { "iso3": "TUN", "unit_id": "37104715B13507723851040", "unit_name": "Kassérine" }, "geometry": { "type": "Polygon", "coordinates": [ [ [ 8.3548, 35.6179 ], [ 8.3509, 35.6116 ], [ 8.3639, 35.5357 ], [ 8.3607, 35.5265 ], [ 8.3756, 35.4943 ], [ 8.3857, 35.4869 ], [ 8.3869, 35.4791 ], [ 8.3843, 35.4669 ], [ 8.3714, 35.4674 ], [ 8.354, 35.4626 ], [ 8.3498, 35.453 ], [ 8.3393, 35.4438 ], [ 8.3305, 35.422 ], [ 8.316, 35.4139 ], [ 8.3255, 35.4135 ], [ 8.3304, 35.4041 ], [ 8.3139, 35.3732 ], [ 8.3179, 35.3402 ], [ 8.3175, 35.3274 ], [ 8.312, 35.3251 ], [ 8.3128, 35.3138 ], [ 8.324, 35.2995 ], [ 8.3252, 35.2905 ], [ 8.335, 35.2805 ], [ 8.3594, 35.276 ], [ 8.3634, 35.2717 ], [ 8.3807, 35.2653 ], [ 8.4077, 35.246 ], [ 8.4228, 35.246 ], [ 8.4466, 35.2372 ], [ 8.4767, 35.2401 ], [ 8.4534, 35.2186 ], [ 8.4225, 35.1788 ], [ 8.4173, 35.152 ], [ 8.401, 35.1284 ], [ 8.3587, 35.1 ], [ 8.3158, 35.0099 ], [ 8.3181, 34.9998 ], [ 8.3111, 34.9561 ], [ 8.314, 34.9487 ], [ 8.3095, 34.9498 ], [ 8.3078, 34.9468 ], [ 8.3007, 34.9498 ], [ 8.2979, 34.9462 ], [ 8.2857, 34.9446 ], [ 8.2701, 34.9325 ], [ 8.2463, 34.9239 ], [ 8.2527, 34.9145 ], [ 8.2506, 34.9117 ], [ 8.2563, 34.9075 ], [ 8.2612, 34.892 ], [ 8.2611, 34.8766 ], [ 8.2701, 34.8648 ], [ 8.2705, 34.8509 ], [ 8.2752, 34.8445 ], [ 8.2728, 34.8389 ], [ 8.278, 34.8357 ], [ 8.2815, 34.8219 ], [ 8.2807, 34.8138 ], [ 8.2844, 34.8053 ], [ 8.2823, 34.7681 ], [ 8.2924, 34.748 ], [ 8.3008, 34.7408 ], [ 8.3532, 34.7197 ], [ 8.3628, 34.7116 ], [ 8.3829, 34.7065 ], [ 8.417, 34.6911 ], [ 8.4427, 34.6853 ], [ 8.4697, 34.6683 ], [ 8.4827, 34.6642 ], [ 8.4918, 34.6526 ], [ 8.5085, 34.6406 ], [ 8.5232, 34.6397 ], [ 8.5399, 34.6302 ], [ 8.5856, 34.6274 ], [ 8.586, 34.6304 ], [ 8.6509, 34.677 ], [ 8.7224, 34.7155 ], [ 8.7303, 34.7249 ], [ 8.7506, 34.725 ], [ 8.789, 34.7533 ], [ 8.8392, 34.7706 ], [ 8.9442, 34.8239 ], [ 8.9715, 34.8255 ], [ 8.9811, 34.8327 ], [ 9.0155, 34.8498 ], [ 9.0369, 34.8567 ], [ 9.059, 34.8703 ], [ 9.065, 34.8803 ], [ 9.0584, 34.8904 ], [ 9.0383, 34.8866 ], [ 9.0273, 34.8889 ], [ 9.0312, 34.8992 ], [ 9.0259, 34.9141 ], [ 9.038, 34.9227 ], [ 9.0352, 34.9281 ], [ 9.0353, 34.9404 ], [ 9.0499, 34.937 ], [ 9.0604, 34.9555 ], [ 9.087, 34.9651 ], [ 9.1063, 34.9676 ], [ 9.1221, 34.9953 ], [ 9.1507, 34.9946 ], [ 9.1636, 35.0002 ], [ 9.1679, 35.0104 ], [ 9.1846, 35.0156 ], [ 9.2044, 35.0088 ], [ 9.2138, 35.0114 ], [ 9.2212, 35.0194 ], [ 9.2292, 35.017 ], [ 9.2384, 35.0232 ], [ 9.2468, 35.0186 ], [ 9.2716, 35.0208 ], [ 9.278, 35.0252 ], [ 9.3239, 35.0827 ], [ 9.303, 35.1019 ], [ 9.2635, 35.1175 ], [ 9.2428, 35.1377 ], [ 9.2528, 35.1534 ], [ 9.2538, 35.167 ], [ 9.2523, 35.1791 ], [ 9.2381, 35.1981 ], [ 9.2655, 35.2083 ], [ 9.2749, 35.2152 ], [ 9.2489, 35.2312 ], [ 9.2034, 35.2451 ], [ 9.2032, 35.251 ], [ 9.1961, 35.2585 ], [ 9.1687, 35.2726 ], [ 9.1496, 35.2892 ], [ 9.1564, 35.3102 ], [ 9.2011, 35.3794 ], [ 9.2168, 35.3983 ], [ 9.2318, 35.4124 ], [ 9.2759, 35.4396 ], [ 9.2938, 35.4541 ], [ 9.322, 35.4656 ], [ 9.3309, 35.4755 ], [ 9.3391, 35.4786 ], [ 9.3331, 35.4776 ], [ 9.3268, 35.483 ], [ 9.3231, 35.4893 ], [ 9.3301, 35.4934 ], [ 9.3233, 35.4993 ], [ 9.3236, 35.5062 ], [ 9.3183, 35.5114 ], [ 9.3087, 35.5138 ], [ 9.293, 35.5353 ], [ 9.2815, 35.5308 ], [ 9.2702, 35.5323 ], [ 9.2691, 35.5409 ], [ 9.2741, 35.5457 ], [ 9.2679, 35.5535 ], [ 9.2297, 35.5455 ], [ 9.2252, 35.5421 ], [ 9.2143, 35.5428 ], [ 9.2052, 35.5558 ], [ 9.191, 35.5575 ], [ 9.1811, 35.5626 ], [ 9.1813, 35.5737 ], [ 9.186, 35.5781 ], [ 9.1838, 35.5848 ], [ 9.1925, 35.5943 ], [ 9.179, 35.6044 ], [ 9.1706, 35.6055 ], [ 9.1745, 35.617 ], [ 9.1668, 35.612 ], [ 9.1507, 35.6194 ], [ 9.1322, 35.6101 ], [ 9.1146, 35.6276 ], [ 9.1019, 35.6246 ], [ 9.1029, 35.6196 ], [ 9.0915, 35.6119 ], [ 9.0869, 35.6003 ], [ 9.0798, 35.6127 ], [ 9.0565, 35.6211 ], [ 9.0485, 35.6344 ], [ 9.0237, 35.6284 ], [ 8.9942, 35.633 ], [ 8.9973, 35.6365 ], [ 8.9901, 35.6448 ], [ 8.9863, 35.6629 ], [ 9.0, 35.6663 ], [ 8.9874, 35.6751 ], [ 8.964, 35.6771 ], [ 8.9676, 35.6818 ], [ 8.9765, 35.6817 ], [ 8.9802, 35.687 ], [ 8.9887, 35.6885 ], [ 8.9999, 35.6972 ], [ 9.0072, 35.6969 ], [ 9.0124, 35.7011 ], [ 9.0053, 35.701 ], [ 8.9945, 35.7082 ], [ 8.9866, 35.7095 ], [ 8.9655, 35.7055 ], [ 8.9509, 35.7136 ], [ 8.9225, 35.7163 ], [ 8.8811, 35.7349 ], [ 8.8461, 35.7419 ], [ 8.8314, 35.7524 ], [ 8.8203, 35.7562 ], [ 8.804, 35.7742 ], [ 8.7805, 35.7773 ], [ 8.7709, 35.784 ], [ 8.7636, 35.7827 ], [ 8.7632, 35.7768 ], [ 8.7591, 35.7746 ], [ 8.7467, 35.7758 ], [ 8.7357, 35.7705 ], [ 8.721, 35.7758 ], [ 8.7129, 35.7728 ], [ 8.7099, 35.7775 ], [ 8.7131, 35.7804 ], [ 8.7119, 35.7873 ], [ 8.6995, 35.7906 ], [ 8.6846, 35.7834 ], [ 8.676, 35.7881 ], [ 8.6673, 35.7878 ], [ 8.6693, 35.7772 ], [ 8.6665, 35.7594 ], [ 8.6549, 35.7558 ], [ 8.6502, 35.7506 ], [ 8.6364, 35.755 ], [ 8.6319, 35.7431 ], [ 8.6236, 35.7434 ], [ 8.6171, 35.7478 ], [ 8.6157, 35.7402 ], [ 8.619, 35.7366 ], [ 8.6188, 35.731 ], [ 8.6267, 35.7244 ], [ 8.6267, 35.7102 ], [ 8.6228, 35.7069 ], [ 8.6227, 35.702 ], [ 8.6298, 35.6916 ], [ 8.6279, 35.687 ], [ 8.6303, 35.6857 ], [ 8.6179, 35.6756 ], [ 8.6191, 35.6702 ], [ 8.6125, 35.6648 ], [ 8.615, 35.66 ], [ 8.5903, 35.6488 ], [ 8.5878, 35.6501 ], [ 8.5857, 35.645 ], [ 8.5776, 35.6402 ], [ 8.5703, 35.6408 ], [ 8.5688, 35.6376 ], [ 8.5555, 35.6459 ], [ 8.5459, 35.6582 ], [ 8.5435, 35.6573 ], [ 8.5482, 35.6656 ], [ 8.5436, 35.6673 ], [ 8.4561, 35.6725 ], [ 8.4391, 35.6682 ], [ 8.4312, 35.6695 ], [ 8.4168, 35.664 ], [ 8.4148, 35.6544 ], [ 8.4016, 35.6423 ], [ 8.3847, 35.6404 ], [ 8.3893, 35.616 ], [ 8.3708, 35.6196 ], [ 8.363, 35.6164 ], [ 8.3548, 35.6179 ] ] ] } },
{ "type": "Feature", "properties": { "iso3": "TUN", "unit_id": "37104715B90607634583195", "unit_name": "Sidi Bou Zid" }, "geometry": { "type": "Polygon", "coordinates": [ [ [ 9.3637, 35.4793 ], [ 9.3309, 35.4755 ], [ 9.322, 35.4656 ], [ 9.2938, 35.4541 ], [ 9.2759, 35.4396 ], [ 9.2318, 35.4124 ], [ 9.2168, 35.3983 ], [ 9.2011, 35.3794 ], [ 9.1564, 35.3102 ], [ 9.1496, 35.2892 ], [ 9.1687, 35.2726 ], [ 9.1961, 35.2585 ], [ 9.2032, 35.251 ], [ 9.2034, 35.2451 ], [ 9.2489, 35.2312 ], [ 9.2749, 35.2152 ], [ 9.2655, 35.2083 ], [ 9.2381, 35.1981 ], [ 9.2523, 35.1791 ], [ 9.2538, 35.167 ], [ 9.2528, 35.1534 ], [ 9.2428, 35.1377 ], [ 9.2635, 35.1175 ], [ 9.303, 35.1019 ], [ 9.3239, 35.0827 ], [ 9.278, 35.0252 ], [ 9.2716, 35.0208 ], [ 9.2468, 35.0186 ], [ 9.2384, 35.0232 ], [ 9.2292, 35.017 ], [ 9.2212, 35.0194 ], [ 9.2138, 35.0114 ], [ 9.2044, 35.0088 ], [ 9.1846, 35.0156 ], [ 9.1679, 35.0104 ], [ 9.1636, 35.0002 ], [ 9.1507, 34.9946 ], [ 9.1221, 34.9953 ], [ 9.1063, 34.9676 ], [ 9.087, 34.9651 ], [ 9.0604, 34.9555 ], [ 9.0499, 34.937 ], [ 9.0353, 34.9404 ], [ 9.0352, 34.9281 ], [ 9.038, 34.9227 ], [ 9.0259, 34.9141 ], [ 9.0312, 34.8992 ], [ 9.0273, 34.8889 ], [ 9.0383, 34.8866 ], [ 9.0584, 34.8904 ], [ 9.065, 34.8803 ], [ 9.059, 34.8703 ], [ 9.0369, 34.8567 ], [ 9.0155, 34.8498 ], [ 8.9811, 34.8327 ], [ 8.9715, 34.8255 ], [ 8.9442, 34.8239 ], [ 8.9209, 34.8102 ], [ 8.9432, 34.7751 ], [ 8.9521, 34.754 ], [ 8.9775, 34.7306 ], [ 9.0033, 34.7096 ], [ 9.0261, 34.7062 ], [ 9.041, 34.6937 ], [ 9.0547, 34.6927 ], [ 9.0634, 34.6881 ], [ 9.0678, 34.6798 ], [ 9.0729, 34.688 ], [ 9.0787, 34.689 ], [ 9.081, 34.6995 ], [ 9.09, 34.7056 ], [ 9.1015, 34.7092 ], [ 9.1181, 34.7037 ], [ 9.1248, 34.71 ], [ 9.1425, 34.7108 ], [ 9.1562, 34.7171 ], [ 9.1526, 34.7063 ], [ 9.1905, 34.693 ], [ 9.1962, 34.7061 ], [ 9.2278, 34.7083 ], [ 9.2632, 34.6838 ], [ 9.2694, 34.6756 ], [ 9.2683, 34.6707 ], [ 9.2819, 34.6602 ], [ 9.2717, 34.6455 ], [ 9.272, 34.6342 ], [ 9.2776, 34.6247 ], [ 9.2548, 34.5787 ], [ 9.2703, 34.5684 ], [ 9.2797, 34.5758 ], [ 9.2931, 34.5804 ], [ 9.2965, 34.5663 ], [ 9.3129, 34.5653 ], [ 9.3061, 34.5577 ], [ 9.3142, 34.5523 ], [ 9.3478, 34.5675 ], [ 9.3502, 34.5629 ], [ 9.3437, 34.5591 ], [ 9.3347, 34.5431 ], [ 9.3336, 34.5354 ], [ 9.3381, 34.5294 ], [ 9.3126, 34.5079 ], [ 9.3102, 34.5016 ], [ 9.3224, 34.5003 ], [ 9.3265, 34.4943 ], [ 9.3351, 34.4941 ], [ 9.3424, 34.5039 ], [ 9.3578, 34.5067 ], [ 9.3836, 34.5005 ], [ 9.4047, 34.4996 ], [ 9.4035, 34.4934 ], [ 9.4175, 34.4826 ], [ 9.4531, 34.4814 ], [ 9.4535, 34.4737 ], [ 9.4594, 34.464 ], [ 9.4887, 34.446 ], [ 9.5073, 34.3817 ], [ 9.5607, 34.3695 ], [ 9.555, 34.3612 ], [ 9.5385, 34.3517 ], [ 9.5467, 34.3187 ], [ 9.5503, 34.3151 ], [ 9.5449, 34.2935 ], [ 9.5519, 34.2778 ], [ 9.5486, 34.2647 ], [ 9.6955, 34.2826 ], [ 9.7615, 34.2744 ], [ 9.7544, 34.2843 ], [ 9.7552, 34.2902 ], [ 9.7459, 34.3002 ], [ 9.7415, 34.316 ], [ 9.7201, 34.3331 ], [ 9.7238, 34.3376 ], [ 9.7323, 34.3375 ], [ 9.742, 34.3436 ], [ 9.7644, 34.3461 ], [ 9.7764, 34.3511 ], [ 9.7787, 34.357 ], [ 9.7917, 34.3583 ], [ 9.8009, 34.3639 ], [ 9.8188, 34.3632 ], [ 9.8235, 34.3658 ], [ 9.8306, 34.3616 ], [ 9.8553, 34.3678 ], [ 9.8654, 34.374 ], [ 9.8722, 34.384 ], [ 9.8875, 34.3968 ], [ 9.8984, 34.4206 ], [ 9.9208, 34.4317 ], [ 9.9162, 34.4463 ], [ 9.9168, 34.4594 ], [ 9.9244, 34.4677 ], [ 9.9358, 34.4507 ], [ 9.9416, 34.4474 ], [ 9.962, 34.4584 ], [ 9.974, 34.4719 ], [ 9.9904, 34.4801 ], [ 9.9972, 34.4907 ], [ 10.0009, 34.4921 ], [ 10.0093, 34.4874 ], [ 10.0498, 34.5224 ], [ 10.0721, 34.5189 ], [ 10.0732, 34.5222 ], [ 10.0223, 34.5352 ], [ 9.9689, 34.538 ], [ 9.9808, 34.5469 ], [ 9.9708, 34.5673 ], [ 9.9034, 34.5975 ], [ 9.8825, 34.5926 ], [ 9.8782, 34.6042 ], [ 9.8729, 34.6072 ], [ 9.9011, 34.6327 ], [ 9.8793, 34.6437 ], [ 9.8873, 34.6612 ], [ 9.9085, 34.6652 ], [ 9.8994, 34.6794 ], [ 9.9038, 34.6948 ], [ 9.9183, 34.7207 ], [ 9.9179, 34.7315 ], [ 9.9122, 34.7347 ], [ 9.9131, 34.7511 ], [ 9.9251, 34.7508 ], [ 9.9393, 34.7561 ], [ 9.9414, 34.7779 ], [ 9.9607, 34.828 ], [ 9.9546, 34.831 ], [ 9.9869, 34.8827 ], [ 10.0068, 34.8997 ], [ 10.0186, 34.9313 ], [ 10.0495, 34.989 ], [ 10.0637, 35.0044 ], [ 10.0632, 35.0203 ], [ 10.0406, 35.0268 ], [ 10.0077, 35.0425 ], [ 10.0174, 35.0506 ], [ 10.0058, 35.0524 ], [ 10.0129, 35.0661 ], [ 10.002, 35.0795 ], [ 9.9941, 35.0842 ], [ 10.0023, 35.1029 ], [ 9.9921, 35.1208 ], [ 9.9971, 35.1265 ], [ 9.9934, 35.1461 ], [ 9.9948, 35.1552 ], [ 10.0015, 35.1645 ], [ 9.984, 35.1724 ], [ 9.9731, 35.1823 ], [ 9.9676, 35.2024 ], [ 9.9505, 35.2077 ], [ 9.9426, 35.1989 ], [ 9.9144, 35.193 ], [ 9.898, 35.1841 ], [ 9.8884, 35.1849 ], [ 9.8827, 35.1799 ], [ 9.8865, 35.1744 ], [ 9.8839, 35.17 ], [ 9.8732, 35.1661 ], [ 9.8217, 35.1715 ], [ 9.7941, 35.1816 ], [ 9.7478, 35.1804 ], [ 9.6988, 35.2007 ], [ 9.6912, 35.2116 ], [ 9.6916, 35.2307 ], [ 9.6827, 35.2368 ], [ 9.6745, 35.2349 ], [ 9.6584, 35.2425 ], [ 9.653, 35.2521 ], [ 9.6417, 35.2607 ], [ 9.6098, 35.2666 ], [ 9.6045, 35.2699 ], [ 9.6, 35.2796 ], [ 9.587, 35.2848 ], [ 9.5662, 35.2697 ], [ 9.5545, 35.2749 ], [ 9.5337, 35.3139 ], [ 9.5324, 35.3187 ], [ 9.5366, 35.3222 ], [ 9.5273, 35.3333 ], [ 9.5304, 35.3369 ], [ 9.5271, 35.3443 ], [ 9.4591, 35.3635 ], [ 9.4597, 35.3678 ], [ 9.4659, 35.3704 ], [ 9.4744, 35.3884 ], [ 9.4872, 35.3924 ], [ 9.5052, 35.4052 ], [ 9.5003, 35.4116 ], [ 9.5051, 35.4141 ], [ 9.4904, 35.4238 ], [ 9.4883, 35.4294 ], [ 9.4891, 35.4405 ], [ 9.485, 35.4494 ], [ 9.4861, 35.455 ], [ 9.4911, 35.4587 ], [ 9.4903, 35.4635 ], [ 9.4662, 35.4772 ], [ 9.4641, 35.4931 ], [ 9.4534, 35.4856 ], [ 9.4453, 35.4845 ], [ 9.413, 35.4889 ], [ 9.4078, 35.4953 ], [ 9.3952, 35.4952 ], [ 9.3637, 35.4793 ] ] ] } },
{ "type": "Feature", "properties": { "iso3": "TUN", "unit_id": "37104715B42026265339566", "unit_name": "Gabès" }, "geometry": { "type": "Polygon", "coordinates": [ [ [ 10.0323, 34.1689 ], [ 10.0189, 34.1707 ], [ 10.0152, 34.1771 ], [ 10.0184, 34.1887 ], [ 10.0109, 34.1933 ], [ 10.0012, 34.1875 ], [ 9.9952, 34.1933 ], [ 9.9838, 34.1962 ], [ 9.9659, 34.2111 ], [ 9.9494, 34.2055 ], [ 9.9345, 34.2063 ], [ 9.9253, 34.2007 ], [ 9.9222, 34.1893 ], [ 9.9179, 34.1853 ], [ 9.9199, 34.1815 ], [ 9.9237, 34.1813 ], [ 9.9219, 34.1784 ], [ 9.9078, 34.175 ], [ 9.8962, 34.1683 ], [ 9.8917, 34.179 ], [ 9.8638, 34.1984 ], [ 9.8651, 34.2068 ], [ 9.855, 34.215 ], [ 9.8515, 34.2283 ], [ 9.8256, 34.2381 ], [ 9.8173, 34.2294 ], [ 9.8189, 34.2203 ], [ 9.7554, 34.2201 ], [ 9.7109, 34.2815 ], [ 9.6955, 34.2826 ], [ 9.5486, 34.2647 ], [ 9.5489, 34.2605 ], [ 9.5392, 34.2516 ], [ 9.5437, 34.2472 ], [ 9.5444, 34.2395 ], [ 9.5393, 34.2352 ], [ 9.5275, 34.2343 ], [ 9.5223, 34.2279 ], [ 9.504, 34.2279 ], [ 9.501, 34.2248 ], [ 9.492, 34.2281 ], [ 9.4774, 34.2272 ], [ 9.4703, 34.2163 ], [ 9.455, 34.2176 ], [ 9.4512, 34.2123 ], [ 9.4381, 34.2103 ], [ 9.3814, 34.2223 ], [ 9.378, 34.2292 ], [ 9.3663, 34.2219 ], [ 9.356, 34.2246 ], [ 9.3406, 34.2202 ], [ 9.3184, 34.2205 ], [ 9.2786, 34.2035 ], [ 9.2687, 34.1958 ], [ 9.2589, 34.1956 ], [ 9.2475, 34.1854 ], [ 9.2757, 34.141 ], [ 9.3032, 34.1332 ], [ 9.3076, 34.1248 ], [ 9.3431, 34.1196 ], [ 9.3508, 34.1131 ], [ 9.3275, 34.1065 ], [ 9.3257, 34.0978 ], [ 9.3182, 34.0912 ], [ 9.3015, 34.092 ], [ 9.292, 34.0874 ], [ 9.2849, 34.0789 ], [ 9.2721, 34.0732 ], [ 9.276, 34.0657 ], [ 9.2625, 34.059 ], [ 9.2626, 34.0531 ], [ 9.2528, 34.0384 ], [ 9.2482, 33.9293 ], [ 9.2722, 33.8703 ], [ 9.3338, 33.7728 ], [ 9.3396, 33.7359 ], [ 9.3522, 33.7093 ], [ 9.3704, 33.7029 ], [ 9.4266, 33.6931 ], [ 9.4428, 33.6845 ], [ 9.4519, 33.669 ], [ 9.4603, 33.6291 ], [ 9.4638, 33.6244 ], [ 9.5198, 33.6302 ], [ 9.5309, 33.6363 ], [ 9.5389, 33.6352 ], [ 9.534, 33.6164 ], [ 9.5362, 33.6055 ], [ 9.5557, 33.589 ], [ 9.5654, 33.5854 ], [ 9.58, 33.5933 ], [ 9.6167, 33.5906 ], [ 9.5909, 33.5839 ], [ 9.5801, 33.566 ], [ 9.5613, 33.5552 ], [ 9.5462, 33.5228 ], [ 9.5471, 33.5114 ], [ 9.5342, 33.4983 ], [ 9.5178, 33.4972 ], [ 9.5032, 33.5017 ], [ 9.4896, 33.4952 ], [ 9.5069, 33.493 ], [ 9.5143, 33.484 ], [ 9.5281, 33.477 ], [ 9.5378, 33.4677 ], [ 9.5558, 33.4612 ], [ 9.5593, 33.4519 ], [ 9.5731, 33.4411 ], [ 9.5979, 33.4286 ], [ 9.6236, 33.4214 ], [ 9.6279, 33.4161 ], [ 9.6331, 33.3969 ], [ 9.6318, 33.3917 ], [ 9.6381, 33.3838 ], [ 9.6481, 33.3505 ], [ 9.6749, 33.3271 ], [ 9.7097, 33.284 ], [ 9.727, 33.2862 ], [ 9.7668, 33.2738 ], [ 9.7913, 33.2697 ], [ 9.8283, 33.2847 ], [ 9.8935, 33.2873 ], [ 9.9288, 33.2994 ], [ 9.963, 33.2941 ], [ 10.0004, 33.2931 ], [ 10.0245, 33.3127 ], [ 10.0362, 33.3094 ], [ 10.0534, 33.3164 ], [ 10.1063, 33.3459 ], [ 10.093, 33.3611 ], [ 10.099, 33.3723 ], [ 10.1201, 33.3723 ], [ 10.1257, 33.3788 ], [ 10.1447, 33.3874 ], [ 10.1375, 33.389 ], [ 10.1334, 33.3944 ], [ 10.1465, 33.3992 ], [ 10.1572, 33.4086 ], [ 10.166, 33.4097 ], [ 10.1764, 33.4157 ], [ 10.2161, 33.4234 ], [ 10.227, 33.4227 ], [ 10.2352, 33.4173 ], [ 10.2635, 33.4225 ], [ 10.2768, 33.4288 ], [ 10.288, 33.4452 ], [ 10.2861, 33.4523 ], [ 10.2969, 33.4695 ], [ 10.3071, 33.4755 ], [ 10.3083, 33.4795 ], [ 10.3182, 33.4795 ], [ 10.3235, 33.486 ], [ 10.3324, 33.4897 ], [ 10.3387, 33.4999 ], [ 10.3398, 33.5123 ], [ 10.3496, 33.5242 ], [ 10.3546, 33.5247 ], [ 10.3597, 33.5341 ], [ 10.3599, 33.5545 ], [ 10.3665, 33.559 ], [ 10.3714, 33.575 ], [ 10.3822, 33.5811 ], [ 10.3919, 33.5932 ], [ 10.4061, 33.5914 ], [ 10.411, 33.5972 ], [ 10.4124, 33.6054 ], [ 10.418, 33.6059 ], [ 10.416, 33.6092 ], [ 10.42, 33.6195 ], [ 10.4155, 33.6252 ], [ 10.4157, 33.631 ], [ 10.4236, 33.6355 ], [ 10.4273, 33.6324 ], [ 10.4368, 33.6349 ], [ 10.4367, 33.6312 ], [ 10.4426, 33.6295 ], [ 10.4466, 33.635 ], [ 10.4491, 33.6327 ], [ 10.461, 33.6335 ], [ 10.4652, 33.6386 ], [ 10.4652, 33.6483 ], [ 10.4814, 33.6447 ], [ 10.4774, 33.6531 ], [ 10.4703, 33.6565 ], [ 10.4102, 33.67 ], [ 10.3779, 33.683 ], [ 10.3566, 33.6948 ], [ 10.3639, 33.7021 ], [ 10.3528, 33.6976 ], [ 10.3342, 33.7073 ], [ 10.2912, 33.742 ], [ 10.2711, 33.7647 ], [ 10.2487, 33.7824 ], [ 10.2127, 33.8029 ], [ 10.1824, 33.8246 ], [ 10.1561, 33.847 ], [ 10.1219, 33.8832 ], [ 10.117, 33.8931 ], [ 10.119, 33.8949 ], [ 10.1119, 33.8936 ], [ 10.1167, 33.8967 ], [ 10.1205, 33.8953 ], [ 10.1171, 33.897 ], [ 10.1131, 33.8953 ], [ 10.1009, 33.9134 ], [ 10.1009, 33.9151 ], [ 10.1075, 33.9195 ], [ 10.1093, 33.922 ], [ 10.0965, 33.9191 ], [ 10.0952, 33.9244 ], [ 10.1009, 33.9276 ], [ 10.1131, 33.9246 ], [ 10.1076, 33.9276 ], [ 10.086, 33.9305 ], [ 10.0594, 33.9767 ], [ 10.0403, 34.0225 ], [ 10.0338, 34.0693 ], [ 10.0275, 34.0838 ], [ 10.0284, 34.0996 ], [ 10.025, 34.1088 ], [ 10.0309, 34.1122 ], [ 10.0256, 34.115 ], [ 10.0219, 34.1225 ], [ 10.028, 34.1481 ], [ 10.031, 34.1507 ], [ 10.0267, 34.1528 ], [ 10.0263, 34.1615 ], [ 10.0323, 34.1689 ] ] ] } },
{ "type": "Feature", "properties": { "iso3": "TUN", "unit_id": "37104715B28492637691353", "unit_name": "Médenine" }, "geometry": { "type": "MultiPolygon", "coordinates": [ [ [ [ 9.7097, 33.284 ], [ 9.7899, 33.2199 ], [ 9.8572, 33.2034 ], [ 9.899, 33.2117 ], [ 9.9098, 33.206 ], [ 9.9113, 33.2006 ], [ 9.9163, 33.1983 ], [ 9.9133, 33.1703 ], [ 9.9186, 33.1468 ], [ 9.9098, 33.0885 ], [ 9.9151, 33.0723 ], [ 9.9065, 33.0663 ], [ 9.9201, 33.0618 ], [ 9.9258, 33.0508 ], [ 9.9417, 33.0462 ], [ 9.9492, 33.0487 ], [ 9.9599, 33.0664 ], [ 10.0126, 33.0602 ], [ 10.0314, 33.0654 ], [ 10.0651, 33.0609 ], [ 10.0722, 33.0633 ], [ 10.0828, 33.0595 ], [ 10.0931, 33.0763 ], [ 10.0997, 33.0805 ], [ 10.1098, 33.0825 ], [ 10.1146, 33.0797 ], [ 10.1352, 33.0883 ], [ 10.144, 33.0812 ], [ 10.1602, 33.0808 ], [ 10.1704, 33.0883 ], [ 10.1863, 33.0934 ], [ 10.2367, 33.1326 ], [ 10.2511, 33.1393 ], [ 10.2896, 33.1534 ], [ 10.3065, 33.1539 ], [ 10.3093, 33.1592 ], [ 10.3228, 33.166 ], [ 10.3357, 33.1657 ], [ 10.3404, 33.1692 ], [ 10.3418, 33.1662 ], [ 10.3532, 33.1699 ], [ 10.358, 33.1661 ], [ 10.366, 33.1681 ], [ 10.3764, 33.1788 ], [ 10.3937, 33.1838 ], [ 10.4055, 33.194 ], [ 10.4523, 33.2096 ], [ 10.4905, 33.2346 ], [ 10.4903, 33.2146 ], [ 10.5094, 33.2149 ], [ 10.6136, 33.2036 ], [ 10.6088, 33.1968 ], [ 10.5702, 33.1718 ], [ 10.5661, 33.1594 ], [ 10.5468, 33.151 ], [ 10.529, 33.1524 ], [ 10.5232, 33.1487 ], [ 10.5491, 33.1184 ], [ 10.5588, 33.112 ], [ 10.6471, 33.1047 ], [ 10.7017, 33.096 ], [ 10.7153, 33.098 ], [ 10.7285, 33.0956 ], [ 10.7418, 33.1021 ], [ 10.7582, 33.0952 ], [ 10.7725, 33.0969 ], [ 10.8108, 33.0931 ], [ 10.8225, 33.0885 ], [ 10.8549, 33.0888 ], [ 10.8719, 33.0824 ], [ 10.8843, 33.0914 ], [ 10.892, 33.0891 ], [ 10.8973, 33.0931 ], [ 11.0056, 33.0788 ], [ 11.016, 33.0897 ], [ 11.0361, 33.0949 ], [ 11.0333, 33.0533 ], [ 11.0213, 33.0343 ], [ 11.0277, 33.0322 ], [ 11.0376, 33.0222 ], [ 11.036, 33.0148 ], [ 11.0396, 32.9962 ], [ 11.0453, 32.9911 ], [ 11.0852, 32.9201 ], [ 11.0923, 32.9131 ], [ 11.0937, 32.901 ], [ 11.115, 32.8657 ], [ 11.1094, 32.8148 ], [ 11.1214, 32.7752 ], [ 11.1264, 32.7175 ], [ 11.0845, 32.6755 ], [ 11.0961, 32.6585 ], [ 11.1442, 32.5328 ], [ 11.202, 32.408 ], [ 11.2213, 32.3875 ], [ 11.2254, 32.3766 ], [ 11.2649, 32.3832 ], [ 11.2903, 32.3928 ], [ 11.3252, 32.3983 ], [ 11.3417, 32.3874 ], [ 11.3357, 32.3814 ], [ 11.3351, 32.3729 ], [ 11.3156, 32.3648 ], [ 11.3084, 32.3563 ], [ 11.2876, 32.352 ], [ 11.2564, 32.3298 ], [ 11.2233, 32.3213 ], [ 11.2142, 32.3157 ], [ 11.2047, 32.3143 ], [ 11.2006, 32.3094 ], [ 11.1812, 32.3062 ], [ 11.1636, 32.2703 ], [ 11.355, 32.3222 ], [ 11.4286, 32.3641 ], [ 11.4473, 32.3654 ], [ 11.4662, 32.3747 ], [ 11.5134, 32.4041 ], [ 11.5526, 32.4128 ], [ 11.5777, 32.4429 ], [ 11.6081, 32.4662 ], [ 11.6054, 32.5138 ], [ 11.5728, 32.5624 ], [ 11.5462, 32.5893 ], [ 11.5008, 32.6199 ], [ 11.4837, 32.6582 ], [ 11.4943, 32.7215 ], [ 11.4881, 32.7882 ], [ 11.5008, 32.8625 ], [ 11.4863, 32.8989 ], [ 11.5216, 32.9887 ], [ 11.5274, 32.9906 ], [ 11.5222, 33.0168 ], [ 11.5218, 33.07 ], [ 11.5266, 33.085 ], [ 11.5512, 33.1283 ], [ 11.5596, 33.1668 ], [ 11.5458, 33.1652 ], [ 11.5243, 33.1691 ], [ 11.4833, 33.1823 ], [ 11.409, 33.2183 ], [ 11.3569, 33.2538 ], [ 11.3254, 33.2669 ], [ 11.323, 33.2648 ], [ 11.3512, 33.2535 ], [ 11.3939, 33.2223 ], [ 11.4412, 33.1961 ], [ 11.4457, 33.1865 ], [ 11.4386, 33.1826 ], [ 11.4458, 33.1797 ], [ 11.4371, 33.1818 ], [ 11.4285, 33.1768 ], [ 11.4185, 33.1765 ], [ 11.3911, 33.1889 ], [ 11.3866, 33.1838 ], [ 11.3698, 33.1799 ], [ 11.2977, 33.1958 ], [ 11.2695, 33.2049 ], [ 11.2394, 33.2043 ], [ 11.2126, 33.2092 ], [ 11.1914, 33.2049 ], [ 11.1982, 33.2042 ], [ 11.192, 33.2016 ], [ 11.1748, 33.208 ], [ 11.167, 33.2217 ], [ 11.1681, 33.2354 ], [ 11.1604, 33.2462 ], [ 11.1597, 33.2524 ], [ 11.136, 33.2677 ], [ 11.1213, 33.2864 ], [ 11.116, 33.2868 ], [ 11.1139, 33.2929 ], [ 11.1186, 33.2909 ], [ 11.1234, 33.2958 ], [ 11.1246, 33.307 ], [ 11.1291, 33.3151 ], [ 11.139, 33.3136 ], [ 11.1469, 33.3194 ], [ 11.175, 33.3158 ], [ 11.2953, 33.2774 ], [ 11.24, 33.3067 ], [ 11.1947, 33.3229 ], [ 11.183, 33.3243 ], [ 11.1741, 33.3296 ], [ 11.1739, 33.3405 ], [ 11.1682, 33.3469 ], [ 11.1488, 33.364 ], [ 11.1357, 33.37 ], [ 11.127, 33.3677 ], [ 11.1163, 33.3575 ], [ 11.0927, 33.3558 ], [ 11.0917, 33.3584 ], [ 11.0989, 33.3609 ], [ 11.0995, 33.3654 ], [ 11.1117, 33.3634 ], [ 11.1229, 33.3743 ], [ 11.1236, 33.3823 ], [ 11.1058, 33.4044 ], [ 11.107, 33.4117 ], [ 11.0925, 33.4352 ], [ 11.0948, 33.4488 ], [ 11.1029, 33.4608 ], [ 11.1067, 33.476 ], [ 11.1203, 33.4818 ], [ 11.1139, 33.4867 ], [ 11.1142, 33.4912 ], [ 11.1224, 33.4914 ], [ 11.1174, 33.4993 ], [ 11.1152, 33.5376 ], [ 11.1054, 33.5612 ], [ 11.0773, 33.5945 ], [ 11.0649, 33.6044 ], [ 11.0668, 33.6079 ], [ 11.0588, 33.6121 ], [ 11.0484, 33.6241 ], [ 11.0355, 33.6229 ], [ 11.0265, 33.6255 ], [ 10.9984, 33.6498 ], [ 10.992, 33.6485 ], [ 11.0006, 33.6458 ], [ 11.0045, 33.6386 ], [ 10.9886, 33.6388 ], [ 10.9894, 33.634 ], [ 10.9954, 33.6361 ], [ 10.9932, 33.6253 ], [ 10.9725, 33.6222 ], [ 10.949, 33.6296 ], [ 10.9425, 33.6237 ], [ 10.9216, 33.6198 ], [ 10.9109, 33.6116 ], [ 10.9127, 33.6036 ], [ 10.9271, 33.5994 ], [ 10.9487, 33.5672 ], [ 10.9442, 33.5539 ], [ 10.925, 33.5287 ], [ 10.8518, 33.5097 ], [ 10.8432, 33.5016 ], [ 10.8277, 33.4966 ], [ 10.8068, 33.4951 ], [ 10.8008, 33.4842 ], [ 10.7863, 33.4818 ], [ 10.7802, 33.4725 ], [ 10.7797, 33.4753 ], [ 10.7492, 33.4729 ], [ 10.7454, 33.4772 ], [ 10.7418, 33.4766 ], [ 10.7339, 33.4863 ], [ 10.724, 33.4909 ], [ 10.7054, 33.4912 ], [ 10.703, 33.4879 ], [ 10.6975, 33.4897 ], [ 10.6946, 33.4954 ], [ 10.7023, 33.5115 ], [ 10.7027, 33.5192 ], [ 10.6934, 33.5289 ], [ 10.683, 33.5307 ], [ 10.6807, 33.534 ], [ 10.6824, 33.5498 ], [ 10.6877, 33.5578 ], [ 10.7124, 33.5749 ], [ 10.7207, 33.5755 ], [ 10.7259, 33.5948 ], [ 10.735, 33.6026 ], [ 10.7364, 33.6113 ], [ 10.731, 33.6267 ], [ 10.7307, 33.6459 ], [ 10.7376, 33.6537 ], [ 10.7452, 33.6773 ], [ 10.7359, 33.6979 ], [ 10.7236, 33.7069 ], [ 10.6972, 33.7054 ], [ 10.6676, 33.691 ], [ 10.6481, 33.6765 ], [ 10.6097, 33.6692 ], [ 10.6003, 33.6608 ], [ 10.57, 33.653 ], [ 10.5681, 33.6558 ], [ 10.5613, 33.6512 ], [ 10.5271, 33.6476 ], [ 10.5219, 33.652 ], [ 10.5179, 33.648 ], [ 10.5038, 33.648 ], [ 10.4962, 33.6437 ], [ 10.4652, 33.6483 ], [ 10.4652, 33.6386 ], [ 10.461, 33.6335 ], [ 10.4491, 33.6327 ], [ 10.4466, 33.635 ], [ 10.4426, 33.6295 ], [ 10.4367, 33.6312 ], [ 10.4368, 33.6349 ], [ 10.4273, 33.6324 ], [ 10.4236, 33.6355 ], [ 10.4157, 33.631 ], [ 10.4155, 33.6252 ], [ 10.42, 33.6195 ], [ 10.416, 33.6092 ], [ 10.418, 33.6059 ], [ 10.4124, 33.6054 ], [ 10.411, 33.5972 ], [ 10.4061, 33.5914 ], [ 10.3919, 33.5932 ], [ 10.3822, 33.5811 ], [ 10.3714, 33.575 ], [ 10.3665, 33.559 ], [ 10.3599, 33.5545 ], [ 10.3597, 33.5341 ], [ 10.3546, 33.5247 ], [ 10.3496, 33.5242 ], [ 10.3398, 33.5123 ], [ 10.3387, 33.4999 ], [ 10.3324, 33.4897 ], [ 10.3235, 33.486 ], [ 10.3182, 33.4795 ], [ 10.3083, 33.4795 ], [ 10.3071, 33.4755 ], [ 10.2969, 33.4695 ], [ 10.2861, 33.4523 ], [ 10.288, 33.4452 ], [ 10.2768, 33.4288 ], [ 10.2635, 33.4225 ], [ 10.2352, 33.4173 ], [ 10.227, 33.4227 ], [ 10.2161, 33.4234 ], [ 10.1764, 33.4157 ], [ 10.166, 33.4097 ], [ 10.1572, 33.4086 ], [ 10.1465, 33.3992 ], [ 10.1334, 33.3944 ], [ 10.1375, 33.389 ], [ 10.1447, 33.3874 ], [ 10.1257, 33.3788 ], [ 10.1201, 33.3723 ], [ 10.099, 33.3723 ], [ 10.093, 33.3611 ], [ 10.1063, 33.3459 ], [ 10.0745, 33.3264 ], [ 10.0362, 33.3094 ], [ 10.0245, 33.3127 ], [ 10.0004, 33.2931 ], [ 9.963, 33.2941 ], [ 9.9288, 33.2994 ], [ 9.8935, 33.2873 ], [ 9.8283, 33.2847 ], [ 9.7913, 33.2697 ], [ 9.7668, 33.2738 ], [ 9.727, 33.2862 ], [ 9.7097, 33.284 ] ] ], [ [ [ 10.8988, 33.6751 ], [ 10.9149, 33.6804 ], [ 10.9157, 33.6781 ], [ 10.9292, 33.6909 ], [ 10.9384, 33.6931 ], [ 10.9559, 33.7285 ], [ 10.9834, 33.7487 ], [ 10.9889, 33.7499 ], [ 10.9929, 33.7451 ], [ 11.0, 33.7538 ], [ 11.0129, 33.7572 ], [ 11.0135, 33.7539 ], [ 11.031, 33.7698 ], [ 11.0472, 33.7792 ], [ 11.0581, 33.7787 ], [ 11.0603, 33.793 ], [ 11.057, 33.8017 ], [ 11.0561, 33.8249 ], [ 11.038, 33.8319 ], [ 11.0231, 33.8302 ], [ 11.0127, 33.8341 ], [ 10.9845, 33.8589 ], [ 10.9614, 33.8712 ], [ 10.9337, 33.8957 ], [ 10.8957, 33.9146 ], [ 10.8901, 33.9125 ], [ 10.9251, 33.8982 ], [ 10.9307, 33.8928 ], [ 10.9362, 33.8821 ], [ 10.9349, 33.8718 ], [ 10.8749, 33.8775 ], [ 10.8597, 33.8845 ], [ 10.8568, 33.8904 ], [ 10.854, 33.8862 ], [ 10.8262, 33.8966 ], [ 10.807, 33.9002 ], [ 10.7951, 33.9006 ], [ 10.7448, 33.8883 ], [ 10.7419, 33.8795 ], [ 10.7474, 33.8802 ], [ 10.7454, 33.8703 ], [ 10.7515, 33.8621 ], [ 10.748, 33.8566 ], [ 10.744, 33.8599 ], [ 10.743, 33.8558 ], [ 10.7493, 33.8399 ], [ 10.7473, 33.8321 ], [ 10.7494, 33.8001 ], [ 10.7404, 33.7836 ], [ 10.7416, 33.7794 ], [ 10.736, 33.7777 ], [ 10.7275, 33.7636 ], [ 10.7304, 33.7575 ], [ 10.728, 33.7509 ], [ 10.7344, 33.7443 ], [ 10.7371, 33.729 ], [ 10.7438, 33.7198 ], [ 10.7411, 33.716 ], [ 10.7439, 33.7198 ], [ 10.7494, 33.7167 ], [ 10.7593, 33.704 ], [ 10.7796, 33.7058 ], [ 10.7899, 33.6968 ], [ 10.7867, 33.7067 ], [ 10.7912, 33.7226 ], [ 10.8144, 33.7362 ], [ 10.8289, 33.7376 ], [ 10.8773, 33.6901 ], [ 10.8798, 33.6783 ], [ 10.8688, 33.6544 ], [ 10.8736, 33.6387 ], [ 10.8857, 33.6339 ], [ 10.8917, 33.6677 ], [ 10.8988, 33.6751 ] ] ] ] } },
{ "type": "Feature", "properties": { "iso3": "TUN", "unit_id": "37104715B62893307580006", "unit_name": "Tataouine" }, "geometry": { "type": "Polygon", "coordinates": [ [ [ 9.9065, 33.0663 ], [ 9.895, 33.0591 ], [ 9.8922, 33.0514 ], [ 9.8968, 33.048 ], [ 9.9094, 33.0499 ], [ 9.9203, 33.0398 ], [ 9.9306, 33.0078 ], [ 9.9496, 32.9948 ], [ 9.9622, 32.9914 ], [ 9.9748, 32.9953 ], [ 10.0035, 32.988 ], [ 10.0091, 32.9738 ], [ 9.9988, 32.9633 ], [ 9.9693, 32.9626 ], [ 9.9543, 32.9561 ], [ 9.9471, 32.9595 ], [ 9.9298, 32.9418 ], [ 9.9363, 32.9372 ], [ 9.9327, 32.9237 ], [ 9.9425, 32.9105 ], [ 9.9378, 32.8967 ], [ 9.9436, 32.8917 ], [ 9.943, 32.8813 ], [ 9.9659, 32.8612 ], [ 9.9685, 32.8544 ], [ 9.9646, 32.8435 ], [ 9.9486, 32.8241 ], [ 9.9452, 32.8154 ], [ 9.9406, 32.813 ], [ 9.9234, 32.8174 ], [ 9.9102, 32.815 ], [ 9.9149, 32.7956 ], [ 9.9269, 32.7754 ], [ 9.9269, 32.7707 ], [ 9.9179, 32.7608 ], [ 9.9018, 32.7503 ], [ 9.8949, 32.74 ], [ 9.8807, 32.7356 ], [ 9.8937, 32.7304 ], [ 9.9135, 32.7064 ], [ 9.9636, 32.6822 ], [ 9.9628, 32.6549 ], [ 9.9533, 32.6452 ], [ 9.938, 32.6448 ], [ 9.9166, 32.6558 ], [ 9.9111, 32.6635 ], [ 9.9032, 32.6675 ], [ 9.9016, 32.681 ], [ 9.8729, 32.6902 ], [ 9.8625, 32.7001 ], [ 9.8445, 32.7007 ], [ 9.8406, 32.7146 ], [ 9.8274, 32.7264 ], [ 9.8064, 32.7225 ], [ 9.792, 32.7564 ], [ 9.7839, 32.761 ], [ 9.7814, 32.7681 ], [ 9.7769, 32.7665 ], [ 9.7734, 32.77 ], [ 9.7703, 32.7865 ], [ 9.7572, 32.7906 ], [ 9.7492, 32.7879 ], [ 9.7426, 32.7961 ], [ 9.7242, 32.7971 ], [ 9.7157, 32.7938 ], [ 9.7119, 32.7996 ], [ 9.7052, 32.7998 ], [ 9.6991, 32.7979 ], [ 9.6957, 32.7929 ], [ 9.6797, 32.7922 ], [ 9.679, 32.7825 ], [ 9.6574, 32.7799 ], [ 9.6516, 32.7734 ], [ 9.6412, 32.7766 ], [ 9.6355, 32.77 ], [ 9.611, 32.7658 ], [ 9.5993, 32.7556 ], [ 9.5898, 32.7605 ], [ 9.5842, 32.7564 ], [ 9.5714, 32.7571 ], [ 9.5654, 32.7527 ], [ 9.5606, 32.7546 ], [ 9.5197, 32.7249 ], [ 9.4769, 32.7054 ], [ 9.3431, 32.6749 ], [ 9.0184, 32.6057 ], [ 9.0012, 32.6061 ], [ 8.8073, 32.572 ], [ 8.3595, 32.5089 ], [ 9.0768, 32.0964 ], [ 9.2771, 31.3449 ], [ 9.5599, 30.2416 ], [ 9.6063, 30.2543 ], [ 9.6412, 30.2694 ], [ 9.6622, 30.2865 ], [ 9.8036, 30.3442 ], [ 9.8236, 30.3506 ], [ 9.8737, 30.3509 ], [ 9.8979, 30.363 ], [ 9.9383, 30.3909 ], [ 9.9476, 30.4072 ], [ 9.9996, 30.4664 ], [ 10.0306, 30.515 ], [ 10.0838, 30.5657 ], [ 10.1431, 30.6535 ], [ 10.2126, 30.7212 ], [ 10.2639, 30.806 ], [ 10.2797, 30.8509 ], [ 10.2871, 30.8877 ], [ 10.302, 30.9037 ], [ 10.2717, 31.0347 ], [ 10.2715, 31.0498 ], [ 10.2833, 31.091 ], [ 10.2572, 31.1333 ], [ 10.2493, 31.1687 ], [ 10.249, 31.1788 ], [ 10.254, 31.1897 ], [ 10.2338, 31.205 ], [ 10.2307, 31.2179 ], [ 10.1561, 31.3886 ], [ 10.1477, 31.4168 ], [ 10.1429, 31.4507 ], [ 10.1251, 31.4818 ], [ 10.2006, 31.5664 ], [ 10.299, 31.7054 ], [ 10.3825, 31.7478 ], [ 10.4106, 31.7404 ], [ 10.4524, 31.7379 ], [ 10.4726, 31.7399 ], [ 10.499, 31.7506 ], [ 10.5221, 31.7469 ], [ 10.5314, 31.7511 ], [ 10.5567, 31.7823 ], [ 10.5623, 31.8088 ], [ 10.5789, 31.828 ], [ 10.6155, 31.8584 ], [ 10.6311, 31.8824 ], [ 10.6323, 31.8949 ], [ 10.6129, 31.9195 ], [ 10.6202, 31.9256 ], [ 10.6127, 31.9265 ], [ 10.6256, 31.9344 ], [ 10.6232, 31.9433 ], [ 10.632, 31.9421 ], [ 10.6348, 31.9516 ], [ 10.6281, 31.9535 ], [ 10.6319, 31.9621 ], [ 10.6293, 31.9653 ], [ 10.6341, 31.9661 ], [ 10.6403, 31.974 ], [ 10.6392, 31.9772 ], [ 10.6438, 31.9774 ], [ 10.655, 31.986 ], [ 10.6646, 31.9861 ], [ 10.7041, 31.9761 ], [ 10.719, 31.9767 ], [ 10.7421, 31.9958 ], [ 10.7554, 31.9916 ], [ 10.7883, 32.0052 ], [ 10.8559, 32.0932 ], [ 10.8548, 32.1109 ], [ 10.974, 32.1837 ], [ 11.0105, 32.1954 ], [ 11.0418, 32.2112 ], [ 11.0618, 32.2251 ], [ 11.0999, 32.2385 ], [ 11.1636, 32.2703 ], [ 11.1812, 32.3062 ], [ 11.2006, 32.3094 ], [ 11.2047, 32.3143 ], [ 11.2142, 32.3157 ], [ 11.2233, 32.3213 ], [ 11.2564, 32.3298 ], [ 11.2876, 32.352 ], [ 11.3084, 32.3563 ], [ 11.3156, 32.3648 ], [ 11.3351, 32.3729 ], [ 11.3357, 32.3814 ], [ 11.3417, 32.3874 ], [ 11.3252, 32.3983 ], [ 11.2903, 32.3928 ], [ 11.2649, 32.3832 ], [ 11.2254, 32.3766 ], [ 11.2213, 32.3875 ], [ 11.202, 32.408 ], [ 11.1442, 32.5328 ], [ 11.0961, 32.6585 ], [ 11.0845, 32.6755 ], [ 11.1264, 32.7175 ], [ 11.1214, 32.7752 ], [ 11.1094, 32.8148 ], [ 11.115, 32.8657 ], [ 11.0937, 32.901 ], [ 11.0923, 32.9131 ], [ 11.0852, 32.9201 ], [ 11.0453, 32.9911 ], [ 11.0396, 32.9962 ], [ 11.036, 33.0148 ], [ 11.0376, 33.0222 ], [ 11.0277, 33.0322 ], [ 11.0213, 33.0343 ], [ 11.0333, 33.0533 ], [ 11.0361, 33.0949 ], [ 11.016, 33.0897 ], [ 11.0056, 33.0788 ], [ 10.8973, 33.0931 ], [ 10.892, 33.0891 ], [ 10.8843, 33.0914 ], [ 10.8719, 33.0824 ], [ 10.8549, 33.0888 ], [ 10.8225, 33.0885 ], [ 10.8108, 33.0931 ], [ 10.7725, 33.0969 ], [ 10.7582, 33.0952 ], [ 10.7418, 33.1021 ], [ 10.7285, 33.0956 ], [ 10.7153, 33.098 ], [ 10.7017, 33.096 ], [ 10.6471, 33.1047 ], [ 10.5588, 33.112 ], [ 10.5491, 33.1184 ], [ 10.5232, 33.1487 ], [ 10.529, 33.1524 ], [ 10.5468, 33.151 ], [ 10.5661, 33.1594 ], [ 10.5702, 33.1718 ], [ 10.6088, 33.1968 ], [ 10.6136, 33.2036 ], [ 10.5094, 33.2149 ], [ 10.4903, 33.2146 ], [ 10.4905, 33.2346 ], [ 10.4523, 33.2096 ], [ 10.4055, 33.194 ], [ 10.3937, 33.1838 ], [ 10.3764, 33.1788 ], [ 10.366, 33.1681 ], [ 10.358, 33.1661 ], [ 10.3532, 33.1699 ], [ 10.3418, 33.1662 ], [ 10.3404, 33.1692 ], [ 10.3357, 33.1657 ], [ 10.3228, 33.166 ], [ 10.3093, 33.1592 ], [ 10.3065, 33.1539 ], [ 10.2896, 33.1534 ], [ 10.2511, 33.1393 ], [ 10.2367, 33.1326 ], [ 10.1863, 33.0934 ], [ 10.1704, 33.0883 ], [ 10.1602, 33.0808 ], [ 10.144, 33.0812 ], [ 10.1352, 33.0883 ], [ 10.1146, 33.0797 ], [ 10.1098, 33.0825 ], [ 10.0997, 33.0805 ], [ 10.0931, 33.0763 ], [ 10.0828, 33.0595 ], [ 10.0722, 33.0633 ], [ 10.0651, 33.0609 ], [ 10.0314, 33.0654 ], [ 10.0126, 33.0602 ], [ 9.9599, 33.0664 ], [ 9.9492, 33.0487 ], [ 9.9417, 33.0462 ], [ 9.9258, 33.0508 ], [ 9.9201, 33.0618 ], [ 9.9065, 33.0663 ] ] ] } },
{ "type": "Feature", "properties": { "iso3": "TUN", "unit_id": "37104715B64444283405545", "unit_name": "Gafsa" }, "geometry": { "type": "Polygon", "coordinates": [ [ [ 8.3204, 34.734 ], [ 8.3176, 34.7297 ], [ 8.2995, 34.732 ], [ 8.2932, 34.7301 ], [ 8.2924, 34.7251 ], [ 8.2654, 34.6918 ], [ 8.2428, 34.6897 ], [ 8.2389, 34.686 ], [ 8.2359, 34.6761 ], [ 8.2406, 34.6702 ], [ 8.2592, 34.6601 ], [ 8.2779, 34.6595 ], [ 8.2806, 34.656 ], [ 8.2726, 34.6452 ], [ 8.2479, 34.6375 ], [ 8.2419, 34.6321 ], [ 8.2425, 34.6241 ], [ 8.2498, 34.6149 ], [ 8.2289, 34.6143 ], [ 8.23, 34.6094 ], [ 8.2116, 34.6029 ], [ 8.2102, 34.5923 ], [ 8.2037, 34.5908 ], [ 8.2037, 34.588 ], [ 8.222, 34.5789 ], [ 8.2055, 34.5779 ], [ 8.205, 34.5746 ], [ 8.1972, 34.5756 ], [ 8.1853, 34.571 ], [ 8.1739, 34.5764 ], [ 8.1687, 34.5742 ], [ 8.1715, 34.5656 ], [ 8.1607, 34.569 ], [ 8.1655, 34.5534 ], [ 8.1576, 34.5528 ], [ 8.1562, 34.5476 ], [ 8.1512, 34.5473 ], [ 8.1477, 34.5358 ], [ 8.1367, 34.5315 ], [ 8.1012, 34.4477 ], [ 8.0779, 34.4167 ], [ 8.086, 34.4114 ], [ 8.0952, 34.3989 ], [ 8.0591, 34.3576 ], [ 8.0417, 34.3285 ], [ 8.0464, 34.3176 ], [ 8.0622, 34.304 ], [ 8.122, 34.2616 ], [ 8.1516, 34.2201 ], [ 8.1541, 34.2026 ], [ 8.2903, 34.1503 ], [ 8.3117, 34.1563 ], [ 8.3284, 34.1571 ], [ 8.3277, 34.1223 ], [ 8.3408, 34.1145 ], [ 8.3437, 34.1076 ], [ 8.3382, 34.099 ], [ 8.3385, 34.0889 ], [ 8.3338, 34.0834 ], [ 8.3379, 34.0783 ], [ 8.336, 34.075 ], [ 8.3392, 34.067 ], [ 8.3489, 34.0531 ], [ 8.372, 34.0558 ], [ 8.3871, 34.0529 ], [ 8.3997, 34.0604 ], [ 8.4118, 34.0632 ], [ 8.4716, 34.0677 ], [ 8.5181, 34.066 ], [ 8.5288, 34.0616 ], [ 8.5583, 34.0604 ], [ 8.6322, 34.0674 ], [ 8.6404, 34.061 ], [ 8.647, 34.0605 ], [ 8.6481, 34.0696 ], [ 8.6548, 34.0795 ], [ 8.676, 34.0883 ], [ 8.6962, 34.0863 ], [ 8.719, 34.0907 ], [ 8.7235, 34.0948 ], [ 8.7359, 34.0928 ], [ 8.7603, 34.0969 ], [ 8.8014, 34.0919 ], [ 8.8118, 34.0951 ], [ 8.8453, 34.0952 ], [ 8.8546, 34.0994 ], [ 8.8561, 34.121 ], [ 8.9134, 34.1221 ], [ 8.9575, 34.1159 ], [ 9.0177, 34.1223 ], [ 9.0447, 34.1292 ], [ 9.0766, 34.1426 ], [ 9.0881, 34.151 ], [ 9.1306, 34.1656 ], [ 9.1497, 34.1673 ], [ 9.1575, 34.1642 ], [ 9.202, 34.1743 ], [ 9.23, 34.1764 ], [ 9.2475, 34.1854 ], [ 9.2589, 34.1956 ], [ 9.2687, 34.1958 ], [ 9.2786, 34.2035 ], [ 9.3184, 34.2205 ], [ 9.3406, 34.2202 ], [ 9.356, 34.2246 ], [ 9.3663, 34.2219 ], [ 9.378, 34.2292 ], [ 9.3814, 34.2223 ], [ 9.4381, 34.2103 ], [ 9.4512, 34.2123 ], [ 9.455, 34.2176 ], [ 9.4703, 34.2163 ], [ 9.4774, 34.2272 ], [ 9.492, 34.2281 ], [ 9.501, 34.2248 ], [ 9.504, 34.2279 ], [ 9.5223, 34.2279 ], [ 9.5275, 34.2343 ], [ 9.5393, 34.2352 ], [ 9.5444, 34.2395 ], [ 9.5437, 34.2472 ], [ 9.5392, 34.2516 ], [ 9.5489, 34.2605 ], [ 9.5519, 34.2778 ], [ 9.5449, 34.2935 ], [ 9.5503, 34.3151 ], [ 9.5467, 34.3187 ], [ 9.5385, 34.3517 ], [ 9.555, 34.3612 ], [ 9.5607, 34.3695 ], [ 9.5073, 34.3817 ], [ 9.4887, 34.446 ], [ 9.4594, 34.464 ], [ 9.4535, 34.4737 ], [ 9.4531, 34.4814 ], [ 9.4175, 34.4826 ], [ 9.4035, 34.4934 ], [ 9.4047, 34.4996 ], [ 9.3836, 34.5005 ], [ 9.3578, 34.5067 ], [ 9.3424, 34.5039 ], [ 9.3351, 34.4941 ], [ 9.3265, 34.4943 ], [ 9.3224, 34.5003 ], [ 9.3102, 34.5016 ], [ 9.3126, 34.5079 ], [ 9.3381, 34.5294 ], [ 9.3336, 34.5354 ], [ 9.3347, 34.5431 ], [ 9.3437, 34.5591 ], [ 9.3502, 34.5629 ], [ 9.3478, 34.5675 ], [ 9.3142, 34.5523 ], [ 9.3061, 34.5577 ], [ 9.3129, 34.5653 ], [ 9.2965, 34.5663 ], [ 9.2931, 34.5804 ], [ 9.2797, 34.5758 ], [ 9.2703, 34.5684 ], [ 9.2548, 34.5787 ], [ 9.2776, 34.6247 ], [ 9.272, 34.6342 ], [ 9.2717, 34.6455 ], [ 9.2819, 34.6602 ], [ 9.2683, 34.6707 ], [ 9.2694, 34.6756 ], [ 9.2632, 34.6838 ], [ 9.2278, 34.7083 ], [ 9.1962, 34.7061 ], [ 9.1905, 34.693 ], [ 9.1526, 34.7063 ], [ 9.1562, 34.7171 ], [ 9.1425, 34.7108 ], [ 9.1248, 34.71 ], [ 9.1181, 34.7037 ], [ 9.1015, 34.7092 ], [ 9.081, 34.6995 ], [ 9.0787, 34.689 ], [ 9.0729, 34.688 ], [ 9.0678, 34.6798 ], [ 9.0634, 34.6881 ], [ 9.0547, 34.6927 ], [ 9.041, 34.6937 ], [ 9.0261, 34.7062 ], [ 9.0033, 34.7096 ], [ 8.9775, 34.7306 ], [ 8.9521, 34.754 ], [ 8.9432, 34.7751 ], [ 8.9209, 34.8102 ], [ 8.8935, 34.8004 ], [ 8.8392, 34.7706 ], [ 8.789, 34.7533 ], [ 8.7506, 34.725 ], [ 8.7303, 34.7249 ], [ 8.7224, 34.7155 ], [ 8.6509, 34.677 ], [ 8.586, 34.6304 ], [ 8.5856, 34.6274 ], [ 8.5399, 34.6302 ], [ 8.5232, 34.6397 ], [ 8.5085, 34.6406 ], [ 8.4918, 34.6526 ], [ 8.4827, 34.6642 ], [ 8.4697, 34.6683 ], [ 8.4427, 34.6853 ], [ 8.417, 34.6911 ], [ 8.3829, 34.7065 ], [ 8.3628, 34.7116 ], [ 8.3532, 34.7197 ], [ 8.3204, 34.734 ] ] ] } },
{ "type": "Feature", "properties": { "iso3": "TUN", "unit_id": "37104715B96119242419373", "unit_name": "Tozeur" }, "geometry": { "type": "Polygon", "coordinates": [ [ [ 8.1342, 34.5272 ], [ 8.1122, 34.5155 ], [ 8.0843, 34.517 ], [ 8.0733, 34.4993 ], [ 8.044, 34.4957 ], [ 8.0239, 34.481 ], [ 8.01, 34.462 ], [ 7.9794, 34.4496 ], [ 7.959, 34.4481 ], [ 7.9382, 34.4333 ], [ 7.934, 34.4226 ], [ 7.8552, 34.4051 ], [ 7.8562, 34.3663 ], [ 7.8515, 34.3443 ], [ 7.7992, 34.2158 ], [ 7.6395, 34.2057 ], [ 7.6127, 34.1218 ], [ 7.606, 34.1106 ], [ 7.5869, 34.1025 ], [ 7.5727, 34.0856 ], [ 7.5462, 34.0685 ], [ 7.5441, 34.058 ], [ 7.54, 34.0541 ], [ 7.5537, 34.0277 ], [ 7.5536, 34.0022 ], [ 7.5422, 33.977 ], [ 7.5471, 33.938 ], [ 7.5225, 33.9109 ], [ 7.5486, 33.8357 ], [ 7.5289, 33.804 ], [ 7.5902, 33.7552 ], [ 7.5673, 33.7399 ], [ 7.5895, 33.7025 ], [ 7.6009, 33.6919 ], [ 7.5984, 33.6483 ], [ 7.6351, 33.5736 ], [ 7.7441, 33.4291 ], [ 7.8586, 33.4625 ], [ 7.8788, 33.4738 ], [ 8.2359, 33.726 ], [ 8.3277, 33.7607 ], [ 8.523, 33.9113 ], [ 8.592, 33.9866 ], [ 8.6293, 34.0195 ], [ 8.6356, 34.035 ], [ 8.6349, 34.0525 ], [ 8.6404, 34.061 ], [ 8.6322, 34.0674 ], [ 8.5583, 34.0604 ], [ 8.5288, 34.0616 ], [ 8.5181, 34.066 ], [ 8.4716, 34.0677 ], [ 8.4118, 34.0632 ], [ 8.3997, 34.0604 ], [ 8.3871, 34.0529 ], [ 8.372, 34.0558 ], [ 8.3489, 34.0531 ], [ 8.3392, 34.067 ], [ 8.336, 34.075 ], [ 8.3379, 34.0783 ], [ 8.3338, 34.0834 ], [ 8.3385, 34.0889 ], [ 8.3382, 34.099 ], [ 8.3437, 34.1076 ], [ 8.3408, 34.1145 ], [ 8.3277, 34.1223 ], [ 8.3284, 34.1571 ], [ 8.3117, 34.1563 ], [ 8.2903, 34.1503 ], [ 8.1541, 34.2026 ], [ 8.1516, 34.2201 ], [ 8.122, 34.2616 ], [ 8.0622, 34.304 ], [ 8.0464, 34.3176 ], [ 8.0417, 34.3285 ], [ 8.0591, 34.3576 ], [ 8.0952, 34.3989 ], [ 8.086, 34.4114 ], [ 8.0779, 34.4167 ], [ 8.1012, 34.4477 ], [ 8.1342, 34.5272 ] ] ] } },
{ "type": "Feature", "properties": { "iso3": "TUN", "unit_id": "37104715B34820467363616", "unit_name": "Kebili" }, "geometry": { "type": "Polygon", "coordinates": [ [ [ 9.2475, 34.1854 ], [ 9.221, 34.1744 ], [ 9.202, 34.1743 ], [ 9.1575, 34.1642 ], [ 9.1497, 34.1673 ], [ 9.1306, 34.1656 ], [ 9.0881, 34.151 ], [ 9.0766, 34.1426 ], [ 9.0447, 34.1292 ], [ 9.0177, 34.1223 ], [ 8.9575, 34.1159 ], [ 8.9134, 34.1221 ], [ 8.8561, 34.121 ], [ 8.8546, 34.0994 ], [ 8.8453, 34.0952 ], [ 8.8118, 34.0951 ], [ 8.8014, 34.0919 ], [ 8.7603, 34.0969 ], [ 8.7359, 34.0928 ], [ 8.7235, 34.0948 ], [ 8.719, 34.0907 ], [ 8.6962, 34.0863 ], [ 8.676, 34.0883 ], [ 8.6598, 34.0824 ], [ 8.6481, 34.0696 ], [ 8.647, 34.0605 ], [ 8.6404, 34.061 ], [ 8.6349, 34.0525 ], [ 8.6356, 34.035 ], [ 8.6293, 34.0195 ], [ 8.592, 33.9866 ], [ 8.523, 33.9113 ], [ 8.3277, 33.7607 ], [ 8.2359, 33.726 ], [ 7.8788, 33.4738 ], [ 7.8586, 33.4625 ], [ 7.7441, 33.4291 ], [ 7.7438, 33.2565 ], [ 7.7925, 33.2001 ], [ 7.8223, 33.1777 ], [ 7.894, 33.1829 ], [ 7.9966, 33.1268 ], [ 8.0556, 33.1006 ], [ 8.1109, 33.1003 ], [ 8.0758, 33.066 ], [ 8.3235, 32.826 ], [ 8.3595, 32.5089 ], [ 8.8073, 32.572 ], [ 9.0012, 32.6061 ], [ 9.0184, 32.6057 ], [ 9.3431, 32.6749 ], [ 9.4769, 32.7054 ], [ 9.5197, 32.7249 ], [ 9.5606, 32.7546 ], [ 9.5654, 32.7527 ], [ 9.5714, 32.7571 ], [ 9.5842, 32.7564 ], [ 9.5898, 32.7605 ], [ 9.5993, 32.7556 ], [ 9.611, 32.7658 ], [ 9.6355, 32.77 ], [ 9.6412, 32.7766 ], [ 9.6516, 32.7734 ], [ 9.6574, 32.7799 ], [ 9.679, 32.7825 ], [ 9.6797, 32.7922 ], [ 9.6957, 32.7929 ], [ 9.6991, 32.7979 ], [ 9.7052, 32.7998 ], [ 9.7119, 32.7996 ], [ 9.7157, 32.7938 ], [ 9.7242, 32.7971 ], [ 9.7426, 32.7961 ], [ 9.7492, 32.7879 ], [ 9.7572, 32.7906 ], [ 9.7703, 32.7865 ], [ 9.7734, 32.77 ], [ 9.7769, 32.7665 ], [ 9.7814, 32.7681 ], [ 9.7839, 32.761 ], [ 9.792, 32.7564 ], [ 9.8064, 32.7225 ], [ 9.8274, 32.7264 ], [ 9.8406, 32.7146 ], [ 9.8445, 32.7007 ], [ 9.8625, 32.7001 ], [ 9.8729, 32.6902 ], [ 9.9016, 32.681 ], [ 9.9032, 32.6675 ], [ 9.9248, 32.6506 ], [ 9.938, 32.6448 ], [ 9.9533, 32.6452 ], [ 9.9613, 32.6508 ], [ 9.9649, 32.6768 ], [ 9.9621, 32.6837 ], [ 9.9135, 32.7064 ], [ 9.8937, 32.7304 ], [ 9.8807, 32.7356 ], [ 9.8949, 32.74 ], [ 9.9018, 32.7503 ], [ 9.9179, 32.7608 ], [ 9.9269, 32.7707 ], [ 9.9269, 32.7754 ], [ 9.9149, 32.7956 ], [ 9.9102, 32.815 ], [ 9.9234, 32.8174 ], [ 9.9406, 32.813 ], [ 9.9452, 32.8154 ], [ 9.9486, 32.8241 ], [ 9.9646, 32.8435 ], [ 9.9685, 32.8544 ], [ 9.9659, 32.8612 ], [ 9.943, 32.8813 ], [ 9.9436, 32.8917 ], [ 9.9378, 32.8967 ], [ 9.9425, 32.9105 ], [ 9.9327, 32.9237 ], [ 9.9363, 32.9372 ], [ 9.9298, 32.9418 ], [ 9.9471, 32.9595 ], [ 9.9543, 32.9561 ], [ 9.9693, 32.9626 ], [ 9.9988, 32.9633 ], [ 10.0091, 32.9738 ], [ 10.0035, 32.988 ], [ 9.9966, 32.9909 ], [ 9.9748, 32.9953 ], [ 9.9622, 32.9914 ], [ 9.9415, 32.9987 ], [ 9.9306, 33.0078 ], [ 9.9203, 33.0398 ], [ 9.9094, 33.0499 ], [ 9.8968, 33.048 ], [ 9.8922, 33.0514 ], [ 9.895, 33.0591 ], [ 9.9151, 33.0723 ], [ 9.9098, 33.0885 ], [ 9.9186, 33.1468 ], [ 9.9133, 33.1703 ], [ 9.9163, 33.1983 ], [ 9.9113, 33.2006 ], [ 9.9098, 33.206 ], [ 9.899, 33.2117 ], [ 9.8572, 33.2034 ], [ 9.7899, 33.2199 ], [ 9.7097, 33.284 ], [ 9.6749, 33.3271 ], [ 9.6481, 33.3505 ], [ 9.6381, 33.3838 ], [ 9.6318, 33.3917 ], [ 9.6331, 33.3969 ], [ 9.6279, 33.4161 ], [ 9.6236, 33.4214 ], [ 9.5979, 33.4286 ], [ 9.5731, 33.4411 ], [ 9.5593, 33.4519 ], [ 9.5558, 33.4612 ], [ 9.5378, 33.4677 ], [ 9.5281, 33.477 ], [ 9.5143, 33.484 ], [ 9.5069, 33.493 ], [ 9.4896, 33.4952 ], [ 9.5032, 33.5017 ], [ 9.5178, 33.4972 ], [ 9.5342, 33.4983 ], [ 9.5471, 33.5114 ], [ 9.5462, 33.5228 ], [ 9.5613, 33.5552 ], [ 9.5801, 33.566 ], [ 9.5909, 33.5839 ], [ 9.6167, 33.5906 ], [ 9.58, 33.5933 ], [ 9.5654, 33.5854 ], [ 9.5557, 33.589 ], [ 9.5362, 33.6055 ], [ 9.534, 33.6164 ], [ 9.5389, 33.6352 ], [ 9.5309, 33.6363 ], [ 9.5198, 33.6302 ], [ 9.4638, 33.6244 ], [ 9.4603, 33.6291 ], [ 9.4519, 33.669 ], [ 9.4428, 33.6845 ], [ 9.4266, 33.6931 ], [ 9.3704, 33.7029 ], [ 9.3522, 33.7093 ], [ 9.3396, 33.7359 ], [ 9.3338, 33.7728 ], [ 9.2722, 33.8703 ], [ 9.2482, 33.9293 ], [ 9.2528, 34.0384 ], [ 9.2626, 34.0531 ], [ 9.2625, 34.059 ], [ 9.276, 34.0657 ], [ 9.2721, 34.0732 ], [ 9.2849, 34.0789 ], [ 9.292, 34.0874 ], [ 9.3015, 34.092 ], [ 9.3182, 34.0912 ], [ 9.3257, 34.0978 ], [ 9.3275, 34.1065 ], [ 9.3508, 34.1131 ], [ 9.3431, 34.1196 ], [ 9.3076, 34.1248 ], [ 9.3032, 34.1332 ], [ 9.2757, 34.141 ], [ 9.2475, 34.1854 ] ] ] } }
]
}
