iso3,year,month,suspect,clinical,epi_linked,lab_confirmed,total_cases,discarded,rubella_total
AGO,2012,1,396.0,228.0,125.0,20.0,373.0,23.0,4.0
AGO,2012,2,313.0,210.0,53.0,28.0,291.0,22.0,1.0
AGO,2012,3,401.0,282.0,63.0,36.0,381.0,20.0,1.0
AGO,2012,4,397.0,294.0,73.0,24.0,391.0,6.0,4.0
AGO,2012,5,563.0,318.0,182.0,48.0,548.0,15.0,2.0
AGO,2012,6,443.0,131.0,198.0,28.0,357.0,86.0,5.0
AGO,2012,7,486.0,258.0,87.0,37.0,382.0,104.0,3.0
AGO,2012,8,656.0,395.0,121.0,37.0,553.0,103.0,8.0
AGO,2012,9,628.0,357.0,159.0,53.0,569.0,59.0,13.0
AGO,2012,10,414.0,286.0,38.0,44.0,368.0,46.0,15.0
AGO,2012,11,244.0,198.0,13.0,9.0,220.0,24.0,5.0
AGO,2012,12,15.0,15.0,0.0,0.0,15.0,0.0,
AGO,2013,1,745.0,10.0,678.0,36.0,724.0,21.0,4.0
AGO,2013,2,667.0,15.0,563.0,67.0,645.0,22.0,2.0
AGO,2013,3,757.0,6.0,672.0,57.0,735.0,22.0,4.0
AGO,2013,4,504.0,7.0,457.0,29.0,493.0,11.0,
AGO,2013,5,751.0,13.0,669.0,43.0,725.0,26.0,2.0
AGO,2013,6,723.0,17.0,622.0,59.0,698.0,25.0,2.0
AGO,2013,7,712.0,17.0,542.0,123.0,682.0,30.0,3.0
AGO,2013,8,690.0,39.0,565.0,57.0,661.0,29.0,1.0
AGO,2013,9,588.0,39.0,493.0,32.0,564.0,24.0,4.0
AGO,2013,10,325.0,20.0,222.0,47.0,289.0,36.0,9.0
AGO,2013,11,269.0,38.0,219.0,8.0,265.0,4.0,
AGO,2013,12,81.0,30.0,51.0,0.0,81.0,0.0,
AGO,2014,1,1196.0,15.0,1028.0,118.0,1161.0,35.0,8.0
AGO,2014,2,1133.0,23.0,995.0,83.0,1101.0,32.0,1.0
AGO,2014,3,1344.0,28.0,1217.0,75.0,1320.0,24.0,4.0
AGO,2014,4,1115.0,25.0,988.0,82.0,1095.0,20.0,5.0
AGO,2014,5,1781.0,13.0,1699.0,43.0,1755.0,26.0,3.0
AGO,2014,6,1168.0,3.0,1122.0,25.0,1150.0,18.0,2.0
AGO,2014,7,1502.0,5.0,1451.0,28.0,1484.0,18.0,8.0
AGO,2014,8,1496.0,41.0,1313.0,77.0,1431.0,65.0,22.0
AGO,2014,9,1148.0,45.0,1027.0,26.0,1098.0,50.0,33.0
AGO,2014,10,388.0,23.0,341.0,10.0,374.0,14.0,9.0
AGO,2014,11,37.0,24.0,3.0,1.0,28.0,9.0,8.0
AGO,2014,12,13.0,12.0,0.0,0.0,12.0,1.0,
AGO,2015,1,25.0,1.0,0.0,3.0,4.0,21.0,13.0
AGO,2015,2,50.0,2.0,0.0,13.0,15.0,35.0,19.0
AGO,2015,3,38.0,0.0,0.0,0.0,0.0,38.0,6.0
AGO,2015,4,23.0,0.0,0.0,0.0,0.0,23.0,7.0
AGO,2015,5,30.0,1.0,0.0,2.0,3.0,27.0,10.0
AGO,2015,6,38.0,2.0,0.0,1.0,3.0,35.0,20.0
AGO,2015,7,44.0,3.0,0.0,1.0,4.0,40.0,17.0
AGO,2015,8,101.0,11.0,0.0,2.0,13.0,88.0,49.0
AGO,2015,9,142.0,34.0,0.0,6.0,40.0,102.0,51.0
AGO,2015,10,57.0,11.0,0.0,3.0,14.0,43.0,27.0
AGO,2015,11,19.0,4.0,0.0,1.0,5.0,14.0,8.0
AGO,2015,12,6.0,2.0,0.0,0.0,2.0,4.0,1.0
AGO,2016,1,3.0,3.0,0.0,0.0,3.0,0.0,
AGO,2016,2,8.0,2.0,0.0,0.0,2.0,6.0,2.0
AGO,2016,3,3.0,0.0,0.0,0.0,0.0,3.0,
AGO,2016,4,20.0,2.0,0.0,2.0,4.0,16.0,
AGO,2016,5,18.0,5.0,0.0,1.0,6.0,12.0,
AGO,2016,6,16.0,2.0,0.0,0.0,2.0,14.0,1.0
AGO,2016,7,18.0,4.0,0.0,1.0,5.0,13.0,1.0
AGO,2016,8,63.0,7.0,0.0,4.0,11.0,52.0,
AGO,2016,9,44.0,3.0,0.0,2.0,5.0,39.0,3.0
AGO,2016,10,22.0,1.0,0.0,0.0,1.0,21.0,3.0
AGO,2016,11,26.0,3.0,0.0,2.0,5.0,21.0,2.0
AGO,2016,12,28.0,5.0,0.0,2.0,7.0,21.0,
AGO,2017,1,22.0,1.0,0.0,0.0,1.0,21.0,2.0
AGO,2017,2,33.0,6.0,0.0,1.0,7.0,26.0,
AGO,2017,3,24.0,1.0,0.0,1.0,2.0,22.0,1.0
AGO,2017,4,13.0,0.0,0.0,0.0,0.0,13.0,
AGO,2017,5,24.0,2.0,0.0,1.0,3.0,21.0,1.0
AGO,2017,6,16.0,0.0,0.0,2.0,2.0,14.0,
AGO,2017,7,19.0,1.0,0.0,0.0,1.0,18.0,
AGO,2017,8,41.0,1.0,0.0,0.0,1.0,40.0,2.0
AGO,2017,9,37.0,2.0,0.0,0.0,2.0,35.0,1.0
AGO,2017,10,43.0,0.0,0.0,0.0,0.0,43.0,6.0
AGO,2017,11,35.0,2.0,0.0,0.0,2.0,33.0,5.0
AGO,2017,12,17.0,3.0,0.0,3.0,6.0,11.0,1.0
AGO,2018,1,16.0,2.0,0.0,2.0,4.0,12.0,
AGO,2018,2,51.0,4.0,0.0,5.0,9.0,42.0,2.0
AGO,2018,3,35.0,25.0,0.0,1.0,26.0,9.0,
AGO,2018,4,41.0,40.0,0.0,0.0,40.0,1.0,
AGO,2018,5,15.0,15.0,0.0,0.0,15.0,0.0,
AGO,2018,6,15.0,15.0,0.0,0.0,15.0,0.0,
AGO,2018,7,18.0,18.0,0.0,0.0,18.0,0.0,
AGO,2018,8,38.0,38.0,0.0,0.0,38.0,0.0,
AGO,2018,9,35.0,35.0,0.0,0.0,35.0,0.0,
AGO,2018,10,60.0,60.0,0.0,0.0,60.0,0.0,
AGO,2018,11,21.0,21.0,0.0,0.0,21.0,0.0,
AGO,2018,12,10.0,10.0,0.0,0.0,10.0,0.0,
AGO,2019,1,145.0,6.0,105.0,12.0,123.0,22.0,6.0
AGO,2019,2,118.0,18.0,71.0,6.0,95.0,23.0,5.0
AGO,2019,3,313.0,7.0,263.0,8.0,278.0,35.0,4.0
AGO,2019,4,1076.0,12.0,946.0,36.0,994.0,82.0,7.0
AGO,2019,5,1471.0,14.0,1269.0,44.0,1327.0,144.0,20.0
AGO,2019,6,51.0,5.0,0.0,14.0,19.0,32.0,7.0
AGO,2019,7,41.0,6.0,0.0,4.0,10.0,31.0,3.0
AGO,2019,8,108.0,0.0,0.0,33.0,33.0,75.0,2.0
AGO,2019,9,79.0,6.0,0.0,22.0,28.0,51.0,6.0
AGO,2019,10,77.0,5.0,0.0,32.0,37.0,40.0,1.0
AGO,2019,11,43.0,2.0,0.0,11.0,13.0,30.0,1.0
AGO,2019,12,41.0,6.0,0.0,17.0,23.0,18.0,
AGO,2020,1,191.0,5.0,47.0,87.0,139.0,52.0,1.0
AGO,2020,2,187.0,1.0,121.0,33.0,155.0,32.0,2.0
AGO,2020,3,152.0,1.0,107.0,28.0,136.0,16.0,
AGO,2020,4,268.0,6.0,175.0,54.0,235.0,33.0,3.0
AGO,2020,5,237.0,2.0,121.0,72.0,195.0,42.0,
AGO,2020,6,143.0,0.0,92.0,27.0,119.0,24.0,1.0
AGO,2020,7,61.0,0.0,21.0,22.0,43.0,18.0,1.0
AGO,2020,8,49.0,2.0,0.0,14.0,16.0,33.0,
AGO,2020,9,69.0,4.0,0.0,25.0,29.0,40.0,2.0
AGO,2020,10,31.0,3.0,0.0,6.0,9.0,22.0,
AGO,2020,11,15.0,0.0,0.0,2.0,2.0,13.0,
AGO,2020,12,11.0,0.0,0.0,6.0,6.0,5.0,
AGO,2021,1,23.0,0.0,0.0,9.0,9.0,14.0,
AGO,2021,2,86.0,3.0,0.0,29.0,32.0,54.0,
AGO,2021,3,58.0,2.0,0.0,17.0,19.0,39.0,1.0
AGO,2021,4,90.0,3.0,0.0,26.0,29.0,61.0,
AGO,2021,5,57.0,0.0,0.0,24.0,24.0,33.0,
AGO,2021,6,46.0,3.0,0.0,15.0,18.0,28.0,2.0
AGO,2021,7,124.0,5.0,0.0,46.0,51.0,73.0,4.0
AGO,2021,8,89.0,7.0,0.0,30.0,37.0,52.0,3.0
AGO,2021,9,110.0,34.0,0.0,17.0,51.0,59.0,1.0
AGO,2021,10,63.0,10.0,0.0,19.0,29.0,34.0,
AGO,2021,11,61.0,7.0,0.0,24.0,31.0,30.0,1.0
AGO,2021,12,8.0,4.0,0.0,1.0,5.0,3.0,
AGO,2022,1,68.0,1.0,17.0,27.0,45.0,23.0,
AGO,2022,2,96.0,6.0,19.0,35.0,60.0,36.0,
AGO,2022,3,246.0,5.0,76.0,42.0,123.0,123.0,1.0
AGO,2022,4,171.0,2.0,87.0,33.0,122.0,49.0,
AGO,2022,5,276.0,2.0,144.0,54.0,200.0,76.0,
AGO,2022,6,427.0,11.0,277.0,66.0,354.0,73.0,2.0
AGO,2022,7,774.0,11.0,499.0,130.0,640.0,134.0,3.0
AGO,2022,8,590.0,6.0,277.0,175.0,458.0,132.0,
AGO,2022,9,630.0,10.0,264.0,221.0,495.0,135.0,2.0
AGO,2022,10,412.0,2.0,257.0,92.0,351.0,61.0,
AGO,2022,11,332.0,2.0,281.0,31.0,314.0,18.0,
AGO,2022,12,125.0,4.0,67.0,30.0,101.0,24.0,
AGO,2023,1,282.0,1.0,136.0,105.0,242.0,40.0,3.0
AGO,2023,2,447.0,4.0,283.0,85.0,372.0,75.0,6.0
AGO,2023,3,315.0,1.0,201.0,41.0,243.0,72.0,2.0
AGO,2023,4,372.0,5.0,232.0,72.0,309.0,63.0,5.0
AGO,2023,5,365.0,0.0,225.0,75.0,300.0,65.0,11.0
AGO,2023,6,298.0,2.0,201.0,48.0,251.0,47.0,2.0
AGO,2023,7,342.0,1.0,264.0,46.0,311.0,31.0,
AGO,2023,8,398.0,1.0,250.0,66.0,317.0,81.0,1.0
AGO,2023,9,104.0,0.0,76.0,17.0,93.0,11.0,
AGO,2023,10,37.0,0.0,37.0,0.0,37.0,0.0,
AGO,2024,1,315.0,8.0,188.0,51.0,247.0,68.0,
AGO,2024,2,179.0,11.0,137.0,16.0,164.0,15.0,
AGO,2024,3,176.0,1.0,134.0,11.0,146.0,30.0,
AGO,2024,4,11.0,0.0,11.0,0.0,11.0,0.0,
AGO,2025,1,831.0,825.0,1.0,0.0,826.0,5.0,4.0
AGO,2025,2,980.0,976.0,0.0,0.0,976.0,4.0,3.0
AGO,2025,3,826.0,824.0,0.0,2.0,826.0,0.0,
AGO,2025,4,664.0,444.0,79.0,45.0,568.0,96.0,17.0
AGO,2025,5,836.0,586.0,46.0,80.0,712.0,124.0,41.0
AGO,2025,6,1257.0,1014.0,24.0,97.0,1135.0,122.0,14.0
AGO,2025,7,1383.0,838.0,63.0,142.0,1043.0,340.0,34.0
AGO,2025,8,1584.0,1039.0,130.0,204.0,1373.0,211.0,
AGO,2025,9,1845.0,1379.0,84.0,167.0,1630.0,215.0,3.0
AGO,2025,10,1701.0,1154.0,157.0,164.0,1475.0,226.0,111.0
AGO,2025,11,865.0,519.0,108.0,98.0,725.0,140.0,83.0
AGO,2025,12,763.0,367.0,129.0,124.0,620.0,143.0,69.0
AGO,2026,1,2252.0,1668.0,429.0,109.0,2206.0,46.0,1.0
AGO,2026,2,2113.0,1366.0,600.0,111.0,2077.0,36.0,1.0
AGO,2026,3,1067.0,747.0,271.0,38.0,1056.0,11.0,2.0
AGO,2026,4,710.0,361.0,288.0,46.0,695.0,15.0,
AGO,2026,5,581.0,400.0,100.0,51.0,551.0,30.0,
AGO,2026,6,365.0,288.0,70.0,6.0,364.0,1.0,
AGO,2026,7,323.0,271.0,52.0,0.0,323.0,0.0,
AGO,2026,8,141.0,137.0,4.0,0.0,141.0,0.0,
BDI,2012,1,6.0,0.0,0.0,4.0,4.0,2.0,1.0
BDI,2012,2,11.0,0.0,0.0,3.0,3.0,8.0,
BDI,2012,3,11.0,0.0,0.0,10.0,10.0,1.0,
BDI,2012,4,28.0,0.0,0.0,19.0,19.0,9.0,
BDI,2012,5,9.0,0.0,0.0,7.0,7.0,2.0,
BDI,2012,6,3.0,0.0,0.0,1.0,1.0,2.0,
BDI,2012,7,4.0,0.0,0.0,1.0,1.0,3.0,3.0
BDI,2012,8,1.0,0.0,0.0,0.0,0.0,1.0,1.0
BDI,2012,9,10.0,0.0,0.0,1.0,1.0,9.0,5.0
BDI,2012,10,5.0,0.0,0.0,3.0,3.0,2.0,
BDI,2012,11,9.0,0.0,0.0,0.0,0.0,9.0,1.0
BDI,2013,1,1.0,0.0,0.0,0.0,0.0,1.0,
BDI,2013,2,4.0,0.0,0.0,0.0,0.0,4.0,
BDI,2013,3,2.0,0.0,0.0,0.0,0.0,2.0,1.0
BDI,2013,4,5.0,0.0,0.0,0.0,0.0,5.0,
BDI,2013,5,3.0,0.0,0.0,0.0,0.0,3.0,
BDI,2013,7,3.0,0.0,0.0,0.0,0.0,3.0,1.0
BDI,2013,8,1.0,0.0,0.0,0.0,0.0,1.0,
BDI,2013,9,3.0,0.0,0.0,0.0,0.0,3.0,1.0
BDI,2013,10,8.0,0.0,0.0,0.0,0.0,8.0,2.0
BDI,2013,11,7.0,0.0,0.0,0.0,0.0,7.0,2.0
BDI,2013,12,3.0,0.0,0.0,0.0,0.0,3.0,
BDI,2014,1,5.0,0.0,0.0,0.0,0.0,5.0,1.0
BDI,2014,2,4.0,0.0,0.0,0.0,0.0,4.0,
BDI,2014,3,6.0,0.0,0.0,0.0,0.0,6.0,1.0
BDI,2014,4,1.0,0.0,0.0,0.0,0.0,1.0,
BDI,2014,5,1.0,0.0,0.0,0.0,0.0,1.0,
BDI,2014,6,1.0,0.0,0.0,0.0,0.0,1.0,
BDI,2014,7,6.0,0.0,0.0,0.0,0.0,6.0,6.0
BDI,2014,8,3.0,0.0,0.0,0.0,0.0,3.0,
BDI,2014,9,28.0,0.0,0.0,0.0,0.0,28.0,7.0
BDI,2014,10,32.0,2.0,0.0,0.0,2.0,30.0,9.0
BDI,2014,11,56.0,2.0,0.0,0.0,2.0,54.0,33.0
BDI,2014,12,34.0,4.0,0.0,0.0,4.0,30.0,13.0
BDI,2015,1,24.0,0.0,0.0,0.0,0.0,24.0,11.0
BDI,2015,2,7.0,0.0,0.0,0.0,0.0,7.0,
BDI,2015,3,20.0,2.0,0.0,0.0,2.0,18.0,6.0
BDI,2015,4,16.0,0.0,0.0,0.0,0.0,16.0,6.0
BDI,2015,5,2.0,0.0,0.0,0.0,0.0,2.0,2.0
BDI,2015,7,9.0,0.0,0.0,0.0,0.0,9.0,5.0
BDI,2015,8,23.0,0.0,0.0,0.0,0.0,23.0,11.0
BDI,2015,9,25.0,5.0,0.0,0.0,5.0,20.0,12.0
BDI,2015,10,10.0,0.0,0.0,0.0,0.0,10.0,3.0
BDI,2015,11,4.0,0.0,0.0,0.0,0.0,4.0,1.0
BDI,2015,12,4.0,0.0,0.0,0.0,0.0,4.0,4.0
BDI,2016,2,4.0,0.0,0.0,0.0,0.0,4.0,1.0
BDI,2016,3,5.0,0.0,0.0,0.0,0.0,5.0,1.0
BDI,2016,4,13.0,0.0,0.0,0.0,0.0,13.0,2.0
BDI,2016,5,6.0,0.0,0.0,0.0,0.0,6.0,
BDI,2016,6,8.0,1.0,0.0,0.0,1.0,7.0,2.0
BDI,2016,7,1.0,0.0,0.0,0.0,0.0,1.0,
BDI,2016,8,11.0,1.0,0.0,0.0,1.0,10.0,1.0
BDI,2016,9,29.0,3.0,0.0,0.0,3.0,26.0,6.0
BDI,2016,10,42.0,2.0,1.0,6.0,9.0,33.0,5.0
BDI,2016,11,24.0,2.0,0.0,0.0,2.0,22.0,3.0
BDI,2016,12,6.0,0.0,0.0,0.0,0.0,6.0,
BDI,2017,1,9.0,0.0,0.0,0.0,0.0,9.0,
BDI,2017,2,4.0,0.0,0.0,0.0,0.0,4.0,
BDI,2017,3,7.0,0.0,0.0,0.0,0.0,7.0,
BDI,2017,4,3.0,0.0,0.0,1.0,1.0,2.0,
BDI,2017,5,2.0,0.0,0.0,1.0,1.0,1.0,
BDI,2017,6,2.0,0.0,0.0,0.0,0.0,2.0,1.0
BDI,2017,7,6.0,1.0,0.0,2.0,3.0,3.0,
BDI,2017,8,3.0,0.0,0.0,0.0,0.0,3.0,
BDI,2017,9,7.0,2.0,0.0,0.0,2.0,5.0,
BDI,2017,10,44.0,3.0,0.0,1.0,4.0,40.0,1.0
BDI,2017,11,47.0,3.0,0.0,1.0,4.0,43.0,
BDI,2017,12,42.0,2.0,0.0,1.0,3.0,39.0,3.0
BDI,2018,1,77.0,3.0,0.0,0.0,3.0,74.0,3.0
BDI,2018,2,57.0,5.0,0.0,1.0,6.0,51.0,2.0
BDI,2018,3,20.0,0.0,0.0,1.0,1.0,19.0,
BDI,2018,4,10.0,0.0,0.0,0.0,0.0,10.0,
BDI,2018,5,23.0,0.0,0.0,1.0,1.0,22.0,
BDI,2018,6,13.0,0.0,0.0,0.0,0.0,13.0,
BDI,2018,7,9.0,0.0,0.0,0.0,0.0,9.0,
BDI,2018,8,9.0,0.0,0.0,0.0,0.0,9.0,
BDI,2018,9,13.0,0.0,0.0,0.0,0.0,13.0,
BDI,2018,10,14.0,0.0,0.0,1.0,1.0,13.0,
BDI,2018,11,22.0,0.0,0.0,0.0,0.0,22.0,1.0
BDI,2018,12,36.0,1.0,0.0,0.0,1.0,35.0,
BDI,2019,1,21.0,0.0,0.0,0.0,0.0,21.0,
BDI,2019,2,11.0,0.0,0.0,0.0,0.0,11.0,
BDI,2019,3,19.0,0.0,0.0,0.0,0.0,19.0,1.0
BDI,2019,4,6.0,1.0,0.0,0.0,1.0,5.0,
BDI,2019,5,12.0,0.0,0.0,0.0,0.0,12.0,
BDI,2019,6,2.0,0.0,0.0,0.0,0.0,2.0,
BDI,2019,7,6.0,0.0,0.0,2.0,2.0,4.0,1.0
BDI,2019,8,7.0,1.0,0.0,0.0,1.0,6.0,
BDI,2019,9,12.0,1.0,0.0,1.0,2.0,10.0,
BDI,2019,10,5.0,0.0,0.0,1.0,1.0,4.0,
BDI,2019,11,50.0,0.0,24.0,15.0,39.0,11.0,1.0
BDI,2019,12,87.0,3.0,32.0,25.0,60.0,27.0,1.0
BDI,2020,1,262.0,1.0,218.0,21.0,240.0,22.0,2.0
BDI,2020,2,210.0,2.0,164.0,23.0,189.0,21.0,1.0
BDI,2020,3,192.0,1.0,177.0,3.0,181.0,11.0,
BDI,2020,4,239.0,0.0,210.0,16.0,226.0,13.0,1.0
BDI,2020,5,116.0,3.0,73.0,20.0,96.0,20.0,
BDI,2020,6,168.0,1.0,137.0,17.0,155.0,13.0,1.0
BDI,2020,7,42.0,2.0,14.0,16.0,32.0,10.0,
BDI,2020,8,104.0,1.0,60.0,17.0,78.0,26.0,2.0
BDI,2020,9,69.0,1.0,10.0,31.0,42.0,27.0,
BDI,2020,10,81.0,3.0,27.0,17.0,47.0,34.0,2.0
BDI,2020,11,252.0,4.0,180.0,25.0,209.0,43.0,1.0
BDI,2020,12,234.0,2.0,194.0,10.0,206.0,28.0,
BDI,2021,1,139.0,2.0,110.0,15.0,127.0,12.0,
BDI,2021,2,83.0,1.0,57.0,5.0,63.0,20.0,
BDI,2021,3,69.0,2.0,43.0,11.0,56.0,13.0,
BDI,2021,4,28.0,0.0,19.0,4.0,23.0,5.0,
BDI,2021,5,35.0,0.0,6.0,11.0,17.0,18.0,1.0
BDI,2021,6,34.0,0.0,8.0,14.0,22.0,12.0,
BDI,2021,7,50.0,0.0,29.0,5.0,34.0,16.0,
BDI,2021,8,20.0,0.0,3.0,1.0,4.0,16.0,1.0
BDI,2021,9,26.0,0.0,0.0,5.0,5.0,21.0,2.0
BDI,2021,10,39.0,0.0,0.0,4.0,4.0,35.0,1.0
BDI,2021,11,63.0,0.0,0.0,3.0,3.0,60.0,4.0
BDI,2021,12,64.0,4.0,0.0,9.0,13.0,51.0,3.0
BDI,2022,1,78.0,1.0,33.0,3.0,37.0,41.0,
BDI,2022,2,25.0,1.0,0.0,1.0,2.0,23.0,1.0
BDI,2022,3,38.0,4.0,0.0,3.0,7.0,31.0,1.0
BDI,2022,4,15.0,0.0,0.0,0.0,0.0,15.0,
BDI,2022,5,22.0,1.0,0.0,0.0,1.0,21.0,
BDI,2022,6,17.0,0.0,0.0,3.0,3.0,14.0,1.0
BDI,2022,7,43.0,5.0,1.0,11.0,17.0,26.0,
BDI,2022,8,47.0,2.0,9.0,9.0,20.0,27.0,2.0
BDI,2022,9,58.0,4.0,24.0,12.0,40.0,18.0,
BDI,2022,10,82.0,7.0,32.0,11.0,50.0,32.0,2.0
BDI,2022,11,46.0,2.0,20.0,5.0,27.0,19.0,2.0
BDI,2022,12,41.0,1.0,14.0,3.0,18.0,23.0,3.0
BDI,2023,1,40.0,0.0,8.0,1.0,9.0,31.0,1.0
BDI,2023,2,28.0,1.0,3.0,4.0,8.0,20.0,5.0
BDI,2023,3,34.0,0.0,0.0,15.0,15.0,19.0,3.0
BDI,2023,4,23.0,1.0,1.0,4.0,6.0,17.0,5.0
BDI,2023,5,48.0,6.0,6.0,15.0,27.0,21.0,5.0
BDI,2023,6,111.0,2.0,50.0,30.0,82.0,29.0,3.0
BDI,2023,7,197.0,19.0,153.0,14.0,186.0,11.0,
BDI,2023,8,231.0,58.0,138.0,21.0,217.0,14.0,1.0
BDI,2023,9,297.0,32.0,252.0,4.0,288.0,9.0,2.0
BDI,2023,10,137.0,0.0,119.0,4.0,123.0,14.0,1.0
BDI,2023,11,332.0,0.0,287.0,3.0,290.0,42.0,13.0
BDI,2023,12,463.0,0.0,443.0,0.0,443.0,20.0,9.0
BDI,2024,1,379.0,14.0,342.0,14.0,370.0,9.0,
BDI,2024,2,627.0,17.0,543.0,44.0,604.0,23.0,3.0
BDI,2024,3,633.0,1.0,577.0,24.0,602.0,31.0,1.0
BDI,2024,4,605.0,0.0,593.0,9.0,602.0,3.0,
BDI,2024,5,119.0,0.0,79.0,25.0,104.0,15.0,
BDI,2024,6,190.0,1.0,161.0,18.0,180.0,10.0,1.0
BDI,2024,7,49.0,3.0,27.0,12.0,42.0,7.0,
BDI,2024,8,62.0,0.0,14.0,20.0,34.0,28.0,
BDI,2024,9,66.0,2.0,27.0,22.0,51.0,15.0,
BDI,2024,10,39.0,0.0,9.0,5.0,14.0,25.0,1.0
BDI,2024,11,54.0,3.0,1.0,6.0,10.0,44.0,2.0
BDI,2024,12,84.0,0.0,0.0,3.0,3.0,81.0,1.0
BDI,2025,1,134.0,4.0,33.0,12.0,49.0,85.0,4.0
BDI,2025,2,139.0,1.0,55.0,14.0,70.0,69.0,2.0
BDI,2025,3,72.0,0.0,44.0,8.0,52.0,20.0,
BDI,2025,4,85.0,1.0,71.0,4.0,76.0,9.0,1.0
BDI,2025,5,184.0,1.0,137.0,33.0,171.0,13.0,1.0
BDI,2025,6,167.0,4.0,124.0,22.0,150.0,17.0,1.0
BDI,2025,7,106.0,2.0,69.0,17.0,88.0,18.0,
BDI,2025,8,50.0,3.0,35.0,7.0,45.0,5.0,
BDI,2025,9,71.0,1.0,24.0,13.0,38.0,33.0,2.0
BDI,2025,10,31.0,0.0,11.0,1.0,12.0,19.0,2.0
BDI,2025,11,41.0,1.0,11.0,5.0,17.0,24.0,7.0
BDI,2025,12,57.0,2.0,7.0,6.0,15.0,42.0,8.0
BDI,2026,1,240.0,1.0,190.0,10.0,201.0,39.0,1.0
BDI,2026,2,411.0,5.0,376.0,9.0,390.0,21.0,
BDI,2026,3,174.0,1.0,111.0,12.0,124.0,50.0,
BDI,2026,4,198.0,2.0,110.0,10.0,122.0,76.0,1.0
BDI,2026,5,239.0,4.0,167.0,12.0,183.0,56.0,2.0
BDI,2026,6,178.0,2.0,120.0,19.0,141.0,37.0,
BDI,2026,7,161.0,0.0,95.0,12.0,107.0,54.0,3.0
BDI,2026,8,109.0,3.0,79.0,2.0,84.0,25.0,2.0
BEN,2012,1,56.0,4.0,0.0,20.0,24.0,32.0,12.0
BEN,2012,2,103.0,15.0,0.0,31.0,46.0,57.0,21.0
BEN,2012,3,93.0,13.0,0.0,34.0,47.0,46.0,3.0
BEN,2012,4,78.0,15.0,0.0,36.0,51.0,27.0,1.0
BEN,2012,5,45.0,11.0,2.0,19.0,32.0,13.0,
BEN,2012,6,34.0,3.0,7.0,10.0,20.0,14.0,
BEN,2012,7,15.0,1.0,0.0,4.0,5.0,10.0,
BEN,2012,8,20.0,2.0,1.0,9.0,12.0,8.0,
BEN,2012,9,12.0,0.0,0.0,2.0,2.0,10.0,
BEN,2012,10,20.0,1.0,3.0,8.0,12.0,8.0,
BEN,2012,11,33.0,3.0,14.0,7.0,24.0,9.0,
BEN,2012,12,19.0,3.0,0.0,6.0,9.0,10.0,
BEN,2013,1,91.0,8.0,45.0,29.0,82.0,9.0,
BEN,2013,2,125.0,9.0,34.0,58.0,101.0,24.0,2.0
BEN,2013,3,168.0,13.0,86.0,38.0,137.0,31.0,5.0
BEN,2013,4,148.0,7.0,86.0,32.0,125.0,23.0,1.0
BEN,2013,5,59.0,12.0,8.0,17.0,37.0,22.0,1.0
BEN,2013,6,57.0,15.0,0.0,29.0,44.0,13.0,
BEN,2013,7,43.0,10.0,0.0,19.0,29.0,14.0,1.0
BEN,2013,8,56.0,6.0,9.0,23.0,38.0,18.0,
BEN,2013,9,55.0,9.0,0.0,24.0,33.0,22.0,
BEN,2013,10,30.0,4.0,0.0,12.0,16.0,14.0,
BEN,2013,11,82.0,18.0,0.0,41.0,59.0,23.0,
BEN,2013,12,74.0,36.0,0.0,23.0,59.0,15.0,
BEN,2014,1,162.0,5.0,48.0,79.0,132.0,30.0,6.0
BEN,2014,2,169.0,11.0,59.0,79.0,149.0,20.0,
BEN,2014,3,276.0,15.0,123.0,113.0,251.0,25.0,
BEN,2014,4,136.0,4.0,59.0,58.0,121.0,15.0,1.0
BEN,2014,5,42.0,7.0,7.0,25.0,39.0,3.0,
BEN,2014,6,25.0,2.0,0.0,20.0,22.0,3.0,
BEN,2014,7,22.0,1.0,3.0,13.0,17.0,5.0,
BEN,2014,8,15.0,2.0,0.0,6.0,8.0,7.0,
BEN,2014,9,10.0,0.0,0.0,8.0,8.0,2.0,1.0
BEN,2014,10,16.0,0.0,0.0,8.0,8.0,8.0,
BEN,2014,11,19.0,2.0,0.0,2.0,4.0,15.0,
BEN,2014,12,17.0,1.0,0.0,7.0,8.0,9.0,
BEN,2015,1,23.0,0.0,0.0,6.0,6.0,17.0,2.0
BEN,2015,2,29.0,3.0,0.0,3.0,6.0,23.0,9.0
BEN,2015,3,33.0,6.0,0.0,7.0,13.0,20.0,9.0
BEN,2015,4,32.0,3.0,0.0,0.0,3.0,29.0,4.0
BEN,2015,5,23.0,0.0,0.0,2.0,2.0,21.0,5.0
BEN,2015,6,23.0,1.0,4.0,5.0,10.0,13.0,4.0
BEN,2015,7,16.0,1.0,0.0,0.0,1.0,15.0,
BEN,2015,8,9.0,2.0,0.0,0.0,2.0,7.0,
BEN,2015,9,10.0,0.0,0.0,2.0,2.0,8.0,
BEN,2015,10,25.0,1.0,0.0,2.0,3.0,22.0,
BEN,2015,11,11.0,0.0,0.0,1.0,1.0,10.0,1.0
BEN,2015,12,16.0,4.0,0.0,0.0,4.0,12.0,
BEN,2016,1,24.0,6.0,1.0,0.0,7.0,17.0,
BEN,2016,2,57.0,1.0,2.0,13.0,16.0,41.0,
BEN,2016,3,59.0,4.0,6.0,8.0,18.0,41.0,
BEN,2016,4,56.0,1.0,0.0,8.0,9.0,47.0,
BEN,2016,5,24.0,5.0,3.0,6.0,14.0,10.0,
BEN,2016,6,14.0,0.0,0.0,3.0,3.0,11.0,1.0
BEN,2016,7,10.0,0.0,3.0,0.0,3.0,7.0,1.0
BEN,2016,8,21.0,1.0,8.0,3.0,12.0,9.0,1.0
BEN,2016,9,19.0,0.0,0.0,4.0,4.0,15.0,
BEN,2016,10,13.0,0.0,0.0,2.0,2.0,11.0,
BEN,2016,11,8.0,2.0,0.0,0.0,2.0,6.0,
BEN,2016,12,16.0,8.0,0.0,0.0,8.0,8.0,
BEN,2017,1,13.0,2.0,0.0,1.0,3.0,10.0,
BEN,2017,2,49.0,6.0,8.0,10.0,24.0,25.0,
BEN,2017,3,63.0,5.0,2.0,8.0,15.0,48.0,
BEN,2017,4,49.0,2.0,4.0,20.0,26.0,23.0,
BEN,2017,5,42.0,4.0,0.0,17.0,21.0,21.0,
BEN,2017,6,39.0,5.0,0.0,9.0,14.0,25.0,
BEN,2017,7,16.0,3.0,0.0,4.0,7.0,9.0,
BEN,2017,8,20.0,1.0,0.0,1.0,2.0,18.0,
BEN,2017,9,16.0,3.0,0.0,0.0,3.0,13.0,
BEN,2017,10,42.0,4.0,0.0,7.0,11.0,31.0,
BEN,2017,11,42.0,23.0,6.0,0.0,29.0,13.0,
BEN,2017,12,37.0,37.0,0.0,0.0,37.0,0.0,
BEN,2018,1,89.0,15.0,40.0,14.0,69.0,20.0,1.0
BEN,2018,2,205.0,20.0,101.0,37.0,158.0,47.0,6.0
BEN,2018,3,72.0,14.0,1.0,33.0,48.0,24.0,1.0
BEN,2018,4,83.0,20.0,5.0,34.0,59.0,24.0,1.0
BEN,2018,5,43.0,10.0,0.0,17.0,27.0,16.0,
BEN,2018,6,43.0,8.0,1.0,20.0,29.0,14.0,1.0
BEN,2018,7,62.0,11.0,13.0,23.0,47.0,15.0,
BEN,2018,8,51.0,11.0,0.0,25.0,36.0,15.0,
BEN,2018,9,63.0,40.0,0.0,18.0,58.0,5.0,
BEN,2018,10,101.0,76.0,0.0,20.0,96.0,5.0,
BEN,2018,11,150.0,149.0,0.0,0.0,149.0,1.0,
BEN,2018,12,110.0,109.0,1.0,0.0,110.0,0.0,
BEN,2019,1,293.0,70.0,90.0,106.0,266.0,27.0,
BEN,2019,2,157.0,27.0,27.0,77.0,131.0,26.0,
BEN,2019,3,59.0,10.0,0.0,30.0,40.0,19.0,
BEN,2019,4,6.0,0.0,0.0,2.0,2.0,4.0,
BEN,2019,5,11.0,1.0,0.0,1.0,2.0,9.0,
BEN,2019,6,2.0,0.0,0.0,0.0,0.0,2.0,
BEN,2019,7,5.0,1.0,0.0,0.0,1.0,4.0,
BEN,2019,8,5.0,2.0,0.0,0.0,2.0,3.0,
BEN,2019,9,9.0,3.0,0.0,0.0,3.0,6.0,
BEN,2019,10,15.0,14.0,0.0,0.0,14.0,1.0,
BEN,2019,11,15.0,15.0,0.0,0.0,15.0,0.0,
BEN,2019,12,7.0,7.0,0.0,0.0,7.0,0.0,
BEN,2020,1,19.0,9.0,0.0,3.0,12.0,7.0,
BEN,2020,2,19.0,3.0,0.0,0.0,3.0,16.0,4.0
BEN,2020,3,16.0,1.0,0.0,3.0,4.0,12.0,2.0
BEN,2020,4,5.0,1.0,0.0,0.0,1.0,4.0,1.0
BEN,2020,5,7.0,0.0,0.0,1.0,1.0,6.0,
BEN,2020,6,13.0,0.0,0.0,0.0,0.0,13.0,
BEN,2020,7,10.0,0.0,0.0,3.0,3.0,7.0,
BEN,2020,8,22.0,0.0,0.0,1.0,1.0,21.0,1.0
BEN,2020,9,17.0,0.0,0.0,1.0,1.0,16.0,
BEN,2020,10,20.0,0.0,0.0,1.0,1.0,19.0,
BEN,2020,11,37.0,0.0,0.0,0.0,0.0,37.0,
BEN,2020,12,41.0,3.0,0.0,0.0,3.0,38.0,
BEN,2021,1,20.0,0.0,0.0,2.0,2.0,18.0,
BEN,2021,2,32.0,1.0,0.0,1.0,2.0,30.0,
BEN,2021,3,27.0,1.0,0.0,2.0,3.0,24.0,
BEN,2021,4,17.0,0.0,0.0,3.0,3.0,14.0,1.0
BEN,2021,5,21.0,0.0,0.0,3.0,3.0,18.0,
BEN,2021,6,12.0,0.0,0.0,0.0,0.0,12.0,
BEN,2021,7,17.0,1.0,0.0,3.0,4.0,13.0,
BEN,2021,8,13.0,0.0,0.0,0.0,0.0,13.0,1.0
BEN,2021,9,13.0,0.0,0.0,0.0,0.0,13.0,
BEN,2021,10,15.0,1.0,0.0,4.0,5.0,10.0,
BEN,2021,11,17.0,1.0,0.0,0.0,1.0,16.0,
BEN,2021,12,20.0,3.0,0.0,1.0,4.0,16.0,
BEN,2022,1,56.0,20.0,0.0,20.0,40.0,16.0,
BEN,2022,2,140.0,24.0,28.0,36.0,88.0,52.0,3.0
BEN,2022,3,123.0,16.0,0.0,41.0,57.0,66.0,2.0
BEN,2022,4,83.0,9.0,21.0,28.0,58.0,25.0,2.0
BEN,2022,5,61.0,3.0,4.0,28.0,35.0,26.0,2.0
BEN,2022,6,61.0,10.0,2.0,27.0,39.0,22.0,2.0
BEN,2022,7,40.0,4.0,6.0,13.0,23.0,17.0,
BEN,2022,8,31.0,2.0,0.0,10.0,12.0,19.0,
BEN,2022,9,31.0,0.0,0.0,14.0,14.0,17.0,
BEN,2022,10,76.0,2.0,0.0,23.0,25.0,51.0,2.0
BEN,2022,11,66.0,1.0,0.0,25.0,26.0,40.0,1.0
BEN,2022,12,45.0,7.0,0.0,13.0,20.0,25.0,1.0
BEN,2023,1,113.0,3.0,12.0,59.0,74.0,39.0,2.0
BEN,2023,2,159.0,2.0,17.0,69.0,88.0,71.0,
BEN,2023,3,135.0,1.0,20.0,57.0,78.0,57.0,
BEN,2023,4,96.0,0.0,5.0,58.0,63.0,33.0,1.0
BEN,2023,5,83.0,0.0,23.0,25.0,48.0,35.0,
BEN,2023,6,47.0,0.0,2.0,24.0,26.0,21.0,
BEN,2023,7,32.0,0.0,2.0,13.0,15.0,17.0,
BEN,2023,8,45.0,0.0,3.0,17.0,20.0,25.0,1.0
BEN,2023,9,33.0,0.0,0.0,11.0,11.0,22.0,1.0
BEN,2023,10,41.0,1.0,2.0,13.0,16.0,25.0,
BEN,2023,11,58.0,0.0,2.0,13.0,15.0,43.0,
BEN,2023,12,70.0,0.0,22.0,6.0,28.0,42.0,7.0
BEN,2024,1,76.0,2.0,2.0,28.0,32.0,44.0,
BEN,2024,2,178.0,11.0,18.0,75.0,104.0,74.0,
BEN,2024,3,232.0,16.0,16.0,101.0,133.0,99.0,
BEN,2024,4,139.0,18.0,1.0,47.0,66.0,73.0,
BEN,2024,5,117.0,28.0,0.0,31.0,59.0,58.0,
BEN,2024,6,126.0,13.0,26.0,39.0,78.0,48.0,
BEN,2024,7,41.0,4.0,0.0,17.0,21.0,20.0,
BEN,2024,8,68.0,7.0,0.0,19.0,26.0,42.0,1.0
BEN,2024,9,56.0,1.0,0.0,17.0,18.0,38.0,
BEN,2024,10,95.0,3.0,0.0,49.0,52.0,43.0,
BEN,2024,11,187.0,36.0,0.0,84.0,120.0,67.0,
BEN,2024,12,105.0,37.0,0.0,33.0,70.0,35.0,
BEN,2025,1,187.0,8.0,0.0,119.0,127.0,60.0,7.0
BEN,2025,2,290.0,9.0,5.0,103.0,117.0,173.0,126.0
BEN,2025,3,192.0,4.0,1.0,57.0,62.0,130.0,92.0
BEN,2025,4,82.0,7.0,0.0,43.0,50.0,32.0,7.0
BEN,2025,5,83.0,1.0,1.0,30.0,32.0,51.0,33.0
BEN,2025,6,73.0,1.0,0.0,32.0,33.0,40.0,7.0
BEN,2025,7,46.0,2.0,0.0,18.0,20.0,26.0,1.0
BEN,2025,8,28.0,0.0,0.0,11.0,11.0,17.0,2.0
BEN,2025,9,47.0,0.0,1.0,5.0,6.0,41.0,2.0
BEN,2025,10,5.0,0.0,0.0,0.0,0.0,5.0,
BEN,2025,11,11.0,0.0,0.0,0.0,0.0,11.0,2.0
BEN,2025,12,55.0,1.0,0.0,5.0,6.0,49.0,3.0
BEN,2026,1,70.0,0.0,0.0,28.0,28.0,42.0,
BEN,2026,2,112.0,0.0,0.0,49.0,49.0,63.0,3.0
BEN,2026,3,105.0,3.0,0.0,23.0,26.0,79.0,
BEN,2026,4,108.0,3.0,0.0,42.0,45.0,63.0,6.0
BEN,2026,5,56.0,0.0,0.0,26.0,26.0,30.0,4.0
BEN,2026,6,62.0,2.0,0.0,23.0,25.0,37.0,2.0
BEN,2026,7,42.0,5.0,0.0,6.0,11.0,31.0,5.0
BEN,2026,8,15.0,0.0,0.0,2.0,2.0,13.0,1.0
BFA,2012,1,67.0,3.0,0.0,26.0,29.0,38.0,4.0
BFA,2012,2,139.0,9.0,0.0,68.0,77.0,62.0,15.0
BFA,2012,3,443.0,41.0,0.0,204.0,245.0,198.0,44.0
BFA,2012,4,313.0,38.0,0.0,155.0,193.0,120.0,19.0
BFA,2012,5,163.0,14.0,0.0,96.0,110.0,53.0,11.0
BFA,2012,6,90.0,8.0,0.0,49.0,57.0,33.0,3.0
BFA,2012,7,23.0,2.0,0.0,13.0,15.0,8.0,1.0
BFA,2012,8,5.0,0.0,0.0,2.0,2.0,3.0,
BFA,2012,9,7.0,0.0,0.0,7.0,7.0,0.0,
BFA,2012,10,22.0,1.0,0.0,10.0,11.0,11.0,
BFA,2012,11,38.0,7.0,0.0,19.0,26.0,12.0,1.0
BFA,2012,12,40.0,10.0,0.0,21.0,31.0,9.0,
BFA,2013,1,89.0,11.0,0.0,50.0,61.0,28.0,1.0
BFA,2013,2,113.0,5.0,0.0,44.0,49.0,64.0,1.0
BFA,2013,3,137.0,4.0,0.0,67.0,71.0,66.0,10.0
BFA,2013,4,104.0,5.0,0.0,49.0,54.0,50.0,3.0
BFA,2013,5,85.0,8.0,0.0,46.0,54.0,31.0,3.0
BFA,2013,6,41.0,3.0,0.0,13.0,16.0,25.0,8.0
BFA,2013,7,27.0,2.0,0.0,13.0,15.0,12.0,1.0
BFA,2013,8,13.0,0.0,0.0,3.0,3.0,10.0,
BFA,2013,9,16.0,3.0,0.0,11.0,14.0,2.0,
BFA,2013,10,23.0,4.0,0.0,12.0,16.0,7.0,
BFA,2013,11,51.0,5.0,0.0,25.0,30.0,21.0,
BFA,2013,12,73.0,14.0,0.0,39.0,53.0,20.0,
BFA,2014,1,71.0,7.0,0.0,23.0,30.0,41.0,5.0
BFA,2014,2,126.0,13.0,0.0,58.0,71.0,55.0,5.0
BFA,2014,3,202.0,17.0,0.0,70.0,87.0,115.0,22.0
BFA,2014,4,126.0,15.0,0.0,53.0,68.0,58.0,14.0
BFA,2014,5,102.0,15.0,0.0,49.0,64.0,38.0,8.0
BFA,2014,6,43.0,8.0,0.0,19.0,27.0,16.0,1.0
BFA,2014,7,35.0,5.0,0.0,21.0,26.0,9.0,
BFA,2014,8,16.0,1.0,0.0,6.0,7.0,9.0,
BFA,2014,9,19.0,2.0,0.0,12.0,14.0,5.0,
BFA,2014,10,8.0,0.0,0.0,4.0,4.0,4.0,
BFA,2014,11,35.0,4.0,0.0,23.0,27.0,8.0,
BFA,2014,12,9.0,0.0,0.0,5.0,5.0,4.0,2.0
BFA,2015,1,31.0,2.0,0.0,13.0,15.0,16.0,1.0
BFA,2015,2,48.0,2.0,0.0,14.0,16.0,32.0,1.0
BFA,2015,3,57.0,5.0,0.0,29.0,34.0,23.0,
BFA,2015,4,9.0,1.0,0.0,3.0,4.0,5.0,
BFA,2015,5,20.0,0.0,0.0,5.0,5.0,15.0,1.0
BFA,2015,6,28.0,4.0,0.0,16.0,20.0,8.0,
BFA,2015,7,10.0,1.0,0.0,3.0,4.0,6.0,
BFA,2015,8,3.0,1.0,0.0,0.0,1.0,2.0,
BFA,2015,9,1.0,0.0,0.0,0.0,0.0,1.0,1.0
BFA,2015,10,3.0,0.0,0.0,0.0,0.0,3.0,
BFA,2015,11,5.0,0.0,0.0,0.0,0.0,5.0,
BFA,2015,12,3.0,0.0,0.0,0.0,0.0,3.0,
BFA,2016,1,14.0,0.0,0.0,0.0,0.0,14.0,
BFA,2016,2,21.0,1.0,0.0,3.0,4.0,17.0,
BFA,2016,3,69.0,4.0,0.0,41.0,45.0,24.0,1.0
BFA,2016,4,79.0,6.0,0.0,33.0,39.0,40.0,
BFA,2016,5,69.0,10.0,0.0,44.0,54.0,15.0,
BFA,2016,6,50.0,7.0,0.0,31.0,38.0,12.0,
BFA,2016,7,13.0,4.0,0.0,4.0,8.0,5.0,
BFA,2016,8,13.0,1.0,0.0,3.0,4.0,9.0,
BFA,2016,9,21.0,1.0,0.0,16.0,17.0,4.0,
BFA,2016,10,20.0,0.0,0.0,11.0,11.0,9.0,
BFA,2016,11,2.0,0.0,0.0,2.0,2.0,0.0,
BFA,2016,12,5.0,0.0,1.0,0.0,1.0,4.0,
BFA,2017,1,11.0,1.0,0.0,0.0,1.0,10.0,
BFA,2017,2,23.0,0.0,0.0,5.0,5.0,18.0,
BFA,2017,3,26.0,2.0,0.0,3.0,5.0,21.0,
BFA,2017,4,22.0,0.0,0.0,11.0,11.0,11.0,1.0
BFA,2017,5,13.0,1.0,0.0,1.0,2.0,11.0,
BFA,2017,6,15.0,2.0,0.0,7.0,9.0,6.0,
BFA,2017,7,6.0,0.0,0.0,0.0,0.0,6.0,
BFA,2017,8,3.0,0.0,0.0,0.0,0.0,3.0,
BFA,2017,9,10.0,0.0,0.0,2.0,2.0,8.0,
BFA,2017,10,8.0,1.0,0.0,0.0,1.0,7.0,
BFA,2017,11,6.0,0.0,0.0,3.0,3.0,3.0,
BFA,2017,12,15.0,1.0,0.0,5.0,6.0,9.0,
BFA,2018,1,40.0,2.0,0.0,25.0,27.0,13.0,
BFA,2018,2,289.0,36.0,0.0,173.0,209.0,80.0,1.0
BFA,2018,3,551.0,124.0,0.0,301.0,425.0,126.0,1.0
BFA,2018,4,545.0,502.0,0.0,36.0,538.0,7.0,
BFA,2018,5,301.0,210.0,0.0,52.0,262.0,39.0,
BFA,2018,6,56.0,12.0,0.0,20.0,32.0,24.0,
BFA,2018,7,22.0,1.0,0.0,15.0,16.0,6.0,
BFA,2018,8,15.0,1.0,0.0,6.0,7.0,8.0,1.0
BFA,2018,9,22.0,3.0,0.0,6.0,9.0,13.0,
BFA,2018,10,60.0,17.0,0.0,30.0,47.0,13.0,
BFA,2018,11,48.0,18.0,0.0,30.0,48.0,0.0,
BFA,2018,12,25.0,15.0,0.0,10.0,25.0,0.0,
BFA,2019,1,94.0,72.0,0.0,14.0,86.0,8.0,
BFA,2019,2,130.0,120.0,0.0,7.0,127.0,3.0,
BFA,2019,3,227.0,171.0,0.0,37.0,208.0,19.0,
BFA,2019,4,189.0,16.0,0.0,126.0,142.0,47.0,1.0
BFA,2019,5,65.0,5.0,0.0,43.0,48.0,17.0,
BFA,2019,6,20.0,1.0,0.0,16.0,17.0,3.0,
BFA,2019,7,6.0,0.0,0.0,1.0,1.0,5.0,
BFA,2019,8,3.0,1.0,0.0,2.0,3.0,0.0,
BFA,2019,9,17.0,1.0,0.0,16.0,17.0,0.0,
BFA,2019,10,3.0,1.0,0.0,1.0,2.0,1.0,
BFA,2019,11,18.0,1.0,0.0,16.0,17.0,1.0,
BFA,2019,12,30.0,7.0,0.0,16.0,23.0,7.0,
BFA,2020,1,263.0,46.0,0.0,151.0,197.0,66.0,3.0
BFA,2020,2,535.0,185.0,0.0,226.0,411.0,124.0,
BFA,2020,3,528.0,300.0,0.0,130.0,430.0,98.0,3.0
BFA,2020,4,293.0,203.0,0.0,65.0,268.0,25.0,
BFA,2020,5,99.0,99.0,0.0,0.0,99.0,0.0,
BFA,2020,6,32.0,32.0,0.0,0.0,32.0,0.0,
BFA,2020,7,18.0,17.0,0.0,1.0,18.0,0.0,
BFA,2020,8,9.0,7.0,0.0,1.0,8.0,1.0,
BFA,2020,9,12.0,7.0,0.0,2.0,9.0,3.0,
BFA,2020,10,19.0,4.0,0.0,11.0,15.0,4.0,
BFA,2020,11,20.0,12.0,0.0,5.0,17.0,3.0,
BFA,2020,12,29.0,25.0,0.0,2.0,27.0,2.0,1.0
BFA,2021,1,133.0,60.0,0.0,44.0,104.0,29.0,
BFA,2021,2,203.0,67.0,0.0,54.0,121.0,82.0,1.0
BFA,2021,3,373.0,1.0,0.0,36.0,37.0,336.0,
BFA,2021,4,292.0,9.0,0.0,91.0,100.0,192.0,
BFA,2021,5,339.0,7.0,0.0,70.0,77.0,262.0,
BFA,2021,6,177.0,0.0,0.0,5.0,5.0,172.0,
BFA,2021,7,51.0,1.0,0.0,5.0,6.0,45.0,
BFA,2021,8,32.0,1.0,0.0,5.0,6.0,26.0,
BFA,2021,9,17.0,0.0,0.0,0.0,0.0,17.0,
BFA,2021,10,78.0,0.0,0.0,0.0,0.0,78.0,
BFA,2021,11,27.0,0.0,0.0,0.0,0.0,27.0,
BFA,2021,12,23.0,0.0,0.0,0.0,0.0,23.0,
BFA,2022,1,117.0,14.0,0.0,66.0,80.0,37.0,
BFA,2022,2,242.0,134.0,0.0,38.0,172.0,70.0,
BFA,2022,3,592.0,427.0,0.0,1.0,428.0,164.0,
BFA,2022,4,232.0,81.0,0.0,0.0,81.0,151.0,
BFA,2022,5,132.0,132.0,0.0,0.0,132.0,0.0,
BFA,2022,6,54.0,54.0,0.0,0.0,54.0,0.0,
BFA,2022,7,23.0,23.0,0.0,0.0,23.0,0.0,
BFA,2022,8,5.0,5.0,0.0,0.0,5.0,0.0,
BFA,2022,10,13.0,13.0,0.0,0.0,13.0,0.0,
BFA,2022,11,31.0,31.0,0.0,0.0,31.0,0.0,
BFA,2023,1,93.0,2.0,19.0,37.0,58.0,35.0,3.0
BFA,2023,2,157.0,3.0,36.0,65.0,104.0,53.0,
BFA,2023,3,267.0,9.0,64.0,95.0,168.0,99.0,
BFA,2023,4,243.0,2.0,43.0,119.0,164.0,79.0,2.0
BFA,2023,5,257.0,6.0,106.0,113.0,225.0,32.0,1.0
BFA,2023,6,169.0,4.0,40.0,88.0,132.0,37.0,
BFA,2023,7,109.0,1.0,51.0,37.0,89.0,20.0,
BFA,2023,8,101.0,1.0,82.0,9.0,92.0,9.0,
BFA,2023,9,126.0,2.0,91.0,12.0,105.0,21.0,
BFA,2023,10,114.0,2.0,107.0,2.0,111.0,3.0,
BFA,2023,11,115.0,0.0,112.0,1.0,113.0,2.0,
BFA,2023,12,217.0,0.0,217.0,0.0,217.0,0.0,
BFA,2024,1,749.0,174.0,304.0,214.0,692.0,57.0,
BFA,2024,2,1885.0,1469.0,405.0,8.0,1882.0,3.0,
BFA,2024,3,2333.0,1845.0,439.0,36.0,2320.0,13.0,
BFA,2024,4,1425.0,928.0,465.0,17.0,1410.0,15.0,
BFA,2024,5,630.0,495.0,124.0,3.0,622.0,8.0,
BFA,2024,6,142.0,127.0,14.0,1.0,142.0,0.0,
BFA,2024,7,56.0,52.0,4.0,0.0,56.0,0.0,
BFA,2024,8,31.0,24.0,7.0,0.0,31.0,0.0,
BFA,2024,9,26.0,25.0,0.0,0.0,25.0,1.0,1.0
BFA,2024,10,19.0,19.0,0.0,0.0,19.0,0.0,
BFA,2024,11,39.0,32.0,5.0,0.0,37.0,2.0,2.0
BFA,2024,12,54.0,51.0,3.0,0.0,54.0,0.0,
BFA,2025,1,229.0,11.0,0.0,76.0,87.0,142.0,75.0
BFA,2025,2,384.0,20.0,1.0,178.0,199.0,185.0,71.0
BFA,2025,3,537.0,10.0,0.0,84.0,94.0,443.0,350.0
BFA,2025,4,492.0,7.0,0.0,9.0,16.0,476.0,454.0
BFA,2025,5,431.0,8.0,0.0,29.0,37.0,394.0,347.0
BFA,2025,6,391.0,9.0,0.0,78.0,87.0,304.0,187.0
BFA,2025,7,217.0,9.0,0.0,42.0,51.0,166.0,81.0
BFA,2025,8,105.0,0.0,0.0,17.0,17.0,88.0,72.0
BFA,2025,9,65.0,0.0,0.0,1.0,1.0,64.0,63.0
BFA,2025,10,60.0,0.0,0.0,0.0,0.0,60.0,60.0
BFA,2025,11,75.0,0.0,0.0,1.0,1.0,74.0,74.0
BFA,2025,12,49.0,1.0,0.0,9.0,10.0,39.0,34.0
BFA,2026,1,226.0,35.0,0.0,66.0,101.0,125.0,59.0
BFA,2026,2,837.0,53.0,0.0,117.0,170.0,667.0,538.0
BFA,2026,3,1522.0,61.0,0.0,112.0,173.0,1349.0,1161.0
BFA,2026,4,977.0,8.0,1.0,52.0,61.0,916.0,880.0
BFA,2026,5,693.0,20.0,0.0,82.0,102.0,591.0,546.0
BFA,2026,6,375.0,5.0,0.0,15.0,20.0,355.0,354.0
BFA,2026,7,304.0,38.0,0.0,107.0,145.0,159.0,84.0
BFA,2026,8,102.0,2.0,0.0,11.0,13.0,89.0,83.0
BWA,2012,1,7.0,0.0,0.0,0.0,0.0,7.0,1.0
BWA,2012,2,21.0,1.0,0.0,1.0,2.0,19.0,7.0
BWA,2012,3,7.0,0.0,0.0,0.0,0.0,7.0,1.0
BWA,2012,4,17.0,0.0,0.0,2.0,2.0,15.0,
BWA,2012,5,19.0,1.0,0.0,0.0,1.0,18.0,11.0
BWA,2012,6,24.0,0.0,0.0,0.0,0.0,24.0,11.0
BWA,2012,7,16.0,1.0,0.0,1.0,2.0,14.0,6.0
BWA,2012,8,36.0,0.0,0.0,0.0,0.0,36.0,13.0
BWA,2012,9,70.0,0.0,0.0,1.0,1.0,69.0,35.0
BWA,2012,10,14.0,0.0,0.0,0.0,0.0,14.0,7.0
BWA,2013,1,13.0,0.0,0.0,0.0,0.0,13.0,2.0
BWA,2013,2,30.0,0.0,0.0,0.0,0.0,30.0,3.0
BWA,2013,3,18.0,0.0,0.0,0.0,0.0,18.0,3.0
BWA,2013,4,19.0,0.0,0.0,0.0,0.0,19.0,1.0
BWA,2013,5,12.0,0.0,0.0,0.0,0.0,12.0,1.0
BWA,2013,6,15.0,0.0,0.0,0.0,0.0,15.0,1.0
BWA,2013,7,12.0,0.0,0.0,0.0,0.0,12.0,5.0
BWA,2013,8,17.0,0.0,0.0,0.0,0.0,17.0,3.0
BWA,2013,9,33.0,0.0,0.0,0.0,0.0,33.0,13.0
BWA,2013,10,56.0,0.0,0.0,1.0,1.0,55.0,26.0
BWA,2013,11,61.0,0.0,0.0,0.0,0.0,61.0,34.0
BWA,2013,12,18.0,0.0,0.0,0.0,0.0,18.0,11.0
BWA,2014,1,16.0,1.0,0.0,0.0,1.0,15.0,9.0
BWA,2014,2,21.0,0.0,0.0,1.0,1.0,20.0,4.0
BWA,2014,3,49.0,0.0,0.0,0.0,0.0,49.0,13.0
BWA,2014,4,72.0,0.0,0.0,0.0,0.0,72.0,29.0
BWA,2014,5,84.0,0.0,0.0,0.0,0.0,84.0,38.0
BWA,2014,6,205.0,8.0,0.0,0.0,8.0,197.0,106.0
BWA,2014,7,218.0,77.0,0.0,0.0,77.0,141.0,101.0
BWA,2014,8,96.0,0.0,0.0,0.0,0.0,96.0,55.0
BWA,2014,9,103.0,0.0,0.0,0.0,0.0,103.0,63.0
BWA,2014,10,58.0,0.0,0.0,0.0,0.0,58.0,23.0
BWA,2014,11,1.0,0.0,0.0,0.0,0.0,1.0,
BWA,2015,1,9.0,0.0,0.0,0.0,0.0,9.0,2.0
BWA,2015,2,10.0,0.0,0.0,0.0,0.0,10.0,1.0
BWA,2015,3,8.0,0.0,0.0,0.0,0.0,8.0,
BWA,2015,4,8.0,0.0,0.0,0.0,0.0,8.0,
BWA,2015,5,16.0,0.0,0.0,0.0,0.0,16.0,
BWA,2015,6,14.0,0.0,0.0,0.0,0.0,14.0,
BWA,2015,7,7.0,1.0,0.0,0.0,1.0,6.0,
BWA,2015,8,14.0,1.0,0.0,0.0,1.0,13.0,
BWA,2015,9,8.0,0.0,0.0,0.0,0.0,8.0,
BWA,2015,10,13.0,0.0,0.0,0.0,0.0,13.0,1.0
BWA,2015,11,24.0,0.0,0.0,0.0,0.0,24.0,1.0
BWA,2015,12,11.0,0.0,0.0,0.0,0.0,11.0,
BWA,2016,1,13.0,0.0,0.0,0.0,0.0,13.0,1.0
BWA,2016,2,24.0,1.0,0.0,0.0,1.0,23.0,2.0
BWA,2016,3,7.0,0.0,0.0,0.0,0.0,7.0,
BWA,2016,4,12.0,0.0,0.0,0.0,0.0,12.0,
BWA,2016,5,16.0,0.0,0.0,0.0,0.0,16.0,1.0
BWA,2016,6,10.0,0.0,0.0,0.0,0.0,10.0,
BWA,2016,7,14.0,0.0,0.0,0.0,0.0,14.0,1.0
BWA,2016,8,16.0,0.0,0.0,0.0,0.0,16.0,2.0
BWA,2016,9,15.0,0.0,0.0,0.0,0.0,15.0,3.0
BWA,2016,10,22.0,0.0,0.0,0.0,0.0,22.0,2.0
BWA,2016,11,36.0,1.0,0.0,0.0,1.0,35.0,1.0
BWA,2016,12,8.0,0.0,0.0,0.0,0.0,8.0,
BWA,2017,1,4.0,0.0,0.0,0.0,0.0,4.0,
BWA,2017,2,10.0,0.0,0.0,0.0,0.0,10.0,
BWA,2017,3,15.0,0.0,0.0,0.0,0.0,15.0,1.0
BWA,2017,4,14.0,0.0,0.0,0.0,0.0,14.0,1.0
BWA,2017,5,5.0,0.0,0.0,0.0,0.0,5.0,
BWA,2017,6,5.0,0.0,0.0,0.0,0.0,5.0,
BWA,2017,7,7.0,0.0,0.0,0.0,0.0,7.0,
BWA,2017,8,9.0,0.0,0.0,0.0,0.0,9.0,
BWA,2017,9,7.0,0.0,0.0,0.0,0.0,7.0,
BWA,2017,10,10.0,0.0,0.0,0.0,0.0,10.0,1.0
BWA,2017,11,22.0,0.0,0.0,0.0,0.0,22.0,
BWA,2017,12,4.0,0.0,0.0,0.0,0.0,4.0,
BWA,2018,1,6.0,0.0,0.0,0.0,0.0,6.0,
BWA,2018,2,14.0,0.0,0.0,0.0,0.0,14.0,
BWA,2018,3,16.0,0.0,0.0,0.0,0.0,16.0,2.0
BWA,2018,4,6.0,0.0,0.0,0.0,0.0,6.0,
BWA,2018,5,12.0,0.0,0.0,0.0,0.0,12.0,
BWA,2018,6,7.0,0.0,0.0,0.0,0.0,7.0,
BWA,2018,7,8.0,1.0,0.0,0.0,1.0,7.0,1.0
BWA,2018,8,10.0,1.0,0.0,0.0,1.0,9.0,
BWA,2018,9,19.0,0.0,0.0,0.0,0.0,19.0,
BWA,2018,10,27.0,0.0,0.0,0.0,0.0,27.0,
BWA,2018,11,9.0,0.0,0.0,0.0,0.0,9.0,
BWA,2018,12,3.0,0.0,0.0,0.0,0.0,3.0,
BWA,2019,1,7.0,0.0,0.0,0.0,0.0,7.0,
BWA,2019,2,8.0,0.0,0.0,0.0,0.0,8.0,
BWA,2019,3,19.0,0.0,0.0,0.0,0.0,19.0,
BWA,2019,4,10.0,0.0,0.0,0.0,0.0,10.0,
BWA,2019,5,9.0,0.0,0.0,0.0,0.0,9.0,
BWA,2019,6,7.0,0.0,0.0,0.0,0.0,7.0,
BWA,2019,7,2.0,0.0,0.0,0.0,0.0,2.0,
BWA,2019,8,13.0,0.0,0.0,0.0,0.0,13.0,
BWA,2019,9,20.0,0.0,0.0,0.0,0.0,20.0,2.0
BWA,2019,10,7.0,0.0,0.0,0.0,0.0,7.0,1.0
BWA,2019,11,11.0,0.0,0.0,0.0,0.0,11.0,1.0
BWA,2020,1,12.0,0.0,0.0,1.0,1.0,11.0,1.0
BWA,2020,2,8.0,0.0,0.0,0.0,0.0,8.0,1.0
BWA,2020,3,7.0,0.0,0.0,0.0,0.0,7.0,
BWA,2020,4,3.0,0.0,0.0,0.0,0.0,3.0,1.0
BWA,2020,5,6.0,0.0,0.0,1.0,1.0,5.0,
BWA,2020,6,2.0,0.0,0.0,1.0,1.0,1.0,
BWA,2020,7,3.0,0.0,0.0,0.0,0.0,3.0,1.0
BWA,2021,1,3.0,0.0,0.0,0.0,0.0,3.0,
BWA,2021,2,7.0,0.0,0.0,0.0,0.0,7.0,
BWA,2021,3,2.0,0.0,0.0,0.0,0.0,2.0,
BWA,2021,4,2.0,0.0,0.0,0.0,0.0,2.0,
BWA,2022,1,8.0,0.0,0.0,0.0,0.0,8.0,
BWA,2022,2,14.0,0.0,0.0,0.0,0.0,14.0,1.0
BWA,2022,3,13.0,0.0,0.0,1.0,1.0,12.0,
BWA,2022,4,7.0,0.0,0.0,0.0,0.0,7.0,
BWA,2022,5,8.0,0.0,0.0,0.0,0.0,8.0,
BWA,2022,6,5.0,0.0,0.0,0.0,0.0,5.0,
BWA,2022,7,8.0,0.0,0.0,0.0,0.0,8.0,
BWA,2022,8,12.0,0.0,0.0,0.0,0.0,12.0,
BWA,2022,9,18.0,0.0,0.0,0.0,0.0,18.0,
BWA,2022,10,7.0,0.0,0.0,0.0,0.0,7.0,
BWA,2023,1,60.0,0.0,0.0,9.0,9.0,51.0,2.0
BWA,2023,2,65.0,1.0,0.0,3.0,4.0,61.0,
BWA,2023,3,134.0,0.0,0.0,6.0,6.0,128.0,9.0
BWA,2023,4,239.0,0.0,0.0,7.0,7.0,232.0,34.0
BWA,2023,5,205.0,0.0,0.0,7.0,7.0,198.0,
BWA,2023,6,202.0,0.0,0.0,7.0,7.0,195.0,2.0
BWA,2023,7,110.0,0.0,0.0,4.0,4.0,106.0,
BWA,2023,8,91.0,0.0,0.0,1.0,1.0,90.0,
BWA,2023,9,111.0,0.0,0.0,0.0,0.0,111.0,
BWA,2023,10,124.0,0.0,0.0,2.0,2.0,122.0,
BWA,2023,11,100.0,0.0,0.0,2.0,2.0,98.0,6.0
BWA,2023,12,30.0,0.0,0.0,0.0,0.0,30.0,1.0
BWA,2024,1,66.0,0.0,0.0,0.0,0.0,66.0,2.0
BWA,2024,2,39.0,0.0,0.0,1.0,1.0,38.0,
BWA,2024,3,65.0,0.0,0.0,0.0,0.0,65.0,
BWA,2024,4,21.0,0.0,0.0,1.0,1.0,20.0,
BWA,2024,5,20.0,0.0,0.0,1.0,1.0,19.0,
BWA,2024,6,23.0,0.0,0.0,0.0,0.0,23.0,
BWA,2024,7,12.0,0.0,0.0,0.0,0.0,12.0,
BWA,2024,8,13.0,0.0,0.0,0.0,0.0,13.0,
BWA,2024,9,1.0,0.0,0.0,0.0,0.0,1.0,
BWA,2024,12,1.0,0.0,0.0,0.0,0.0,1.0,
BWA,2025,1,28.0,0.0,0.0,1.0,1.0,27.0,
BWA,2025,2,33.0,1.0,0.0,1.0,2.0,31.0,
BWA,2025,3,70.0,1.0,0.0,1.0,2.0,68.0,
BWA,2025,4,23.0,1.0,0.0,0.0,1.0,22.0,1.0
BWA,2025,5,11.0,0.0,0.0,0.0,0.0,11.0,
BWA,2025,6,14.0,0.0,0.0,0.0,0.0,14.0,1.0
BWA,2025,7,11.0,0.0,0.0,0.0,0.0,11.0,
BWA,2025,8,19.0,0.0,0.0,0.0,0.0,19.0,
BWA,2025,9,20.0,0.0,0.0,0.0,0.0,20.0,
BWA,2025,10,29.0,0.0,0.0,0.0,0.0,29.0,
BWA,2025,11,9.0,0.0,0.0,0.0,0.0,9.0,
BWA,2026,1,10.0,0.0,0.0,0.0,0.0,10.0,
BWA,2026,2,18.0,0.0,0.0,0.0,0.0,18.0,
BWA,2026,3,17.0,0.0,0.0,0.0,0.0,17.0,
BWA,2026,4,17.0,1.0,0.0,0.0,1.0,16.0,1.0
BWA,2026,5,9.0,0.0,0.0,0.0,0.0,9.0,
BWA,2026,6,5.0,0.0,0.0,0.0,0.0,5.0,
BWA,2026,7,4.0,0.0,0.0,0.0,0.0,4.0,
BWA,2026,8,3.0,0.0,0.0,0.0,0.0,3.0,
CAF,2012,1,24.0,0.0,0.0,2.0,2.0,22.0,
CAF,2012,2,22.0,0.0,0.0,4.0,4.0,18.0,
CAF,2012,3,25.0,0.0,0.0,6.0,6.0,19.0,2.0
CAF,2012,4,17.0,0.0,0.0,5.0,5.0,12.0,5.0
CAF,2012,5,19.0,0.0,0.0,15.0,15.0,4.0,
CAF,2012,6,16.0,0.0,0.0,4.0,4.0,12.0,
CAF,2012,7,13.0,1.0,0.0,10.0,11.0,2.0,
CAF,2012,8,4.0,0.0,0.0,0.0,0.0,4.0,
CAF,2012,9,14.0,0.0,0.0,5.0,5.0,9.0,
CAF,2012,10,8.0,0.0,0.0,0.0,0.0,8.0,
CAF,2012,11,18.0,2.0,0.0,10.0,12.0,6.0,
CAF,2012,12,3.0,2.0,0.0,1.0,3.0,0.0,
CAF,2013,1,154.0,97.0,0.0,54.0,151.0,3.0,1.0
CAF,2013,2,172.0,92.0,0.0,45.0,137.0,35.0,10.0
CAF,2013,3,51.0,0.0,0.0,13.0,13.0,38.0,14.0
CAF,2013,4,21.0,1.0,0.0,9.0,10.0,11.0,2.0
CAF,2013,5,15.0,0.0,0.0,6.0,6.0,9.0,1.0
CAF,2013,6,40.0,0.0,0.0,28.0,28.0,12.0,
CAF,2013,7,20.0,1.0,0.0,10.0,11.0,9.0,
CAF,2013,8,29.0,13.0,0.0,5.0,18.0,11.0,
CAF,2013,9,37.0,11.0,0.0,15.0,26.0,11.0,1.0
CAF,2013,10,19.0,0.0,0.0,6.0,6.0,13.0,
CAF,2013,11,9.0,4.0,0.0,2.0,6.0,3.0,1.0
CAF,2013,12,27.0,0.0,0.0,19.0,19.0,8.0,
CAF,2014,1,40.0,0.0,0.0,22.0,22.0,18.0,3.0
CAF,2014,2,51.0,1.0,0.0,20.0,21.0,30.0,4.0
CAF,2014,3,67.0,1.0,0.0,27.0,28.0,39.0,1.0
CAF,2014,4,57.0,0.0,0.0,25.0,25.0,32.0,5.0
CAF,2014,5,68.0,4.0,0.0,13.0,17.0,51.0,2.0
CAF,2014,6,69.0,0.0,0.0,17.0,17.0,52.0,20.0
CAF,2014,7,77.0,2.0,0.0,13.0,15.0,62.0,27.0
CAF,2014,8,95.0,0.0,0.0,17.0,17.0,78.0,35.0
CAF,2014,9,68.0,1.0,0.0,8.0,9.0,59.0,14.0
CAF,2014,10,45.0,4.0,0.0,5.0,9.0,36.0,
CAF,2014,11,40.0,2.0,0.0,15.0,17.0,23.0,
CAF,2014,12,71.0,3.0,0.0,21.0,24.0,47.0,13.0
CAF,2015,1,159.0,2.0,0.0,13.0,15.0,144.0,103.0
CAF,2015,2,361.0,10.0,0.0,26.0,36.0,325.0,194.0
CAF,2015,3,60.0,5.0,0.0,3.0,8.0,52.0,28.0
CAF,2015,4,15.0,0.0,0.0,1.0,1.0,14.0,5.0
CAF,2015,5,12.0,0.0,0.0,7.0,7.0,5.0,1.0
CAF,2015,6,15.0,0.0,0.0,7.0,7.0,8.0,1.0
CAF,2015,7,34.0,1.0,0.0,21.0,22.0,12.0,2.0
CAF,2015,8,9.0,0.0,0.0,1.0,1.0,8.0,1.0
CAF,2015,9,27.0,1.0,0.0,0.0,1.0,26.0,6.0
CAF,2015,10,25.0,2.0,0.0,6.0,8.0,17.0,5.0
CAF,2015,11,10.0,0.0,0.0,8.0,8.0,2.0,
CAF,2015,12,11.0,1.0,0.0,8.0,9.0,2.0,
CAF,2016,1,21.0,1.0,0.0,6.0,7.0,14.0,5.0
CAF,2016,2,60.0,21.0,0.0,7.0,28.0,32.0,14.0
CAF,2016,3,53.0,1.0,0.0,37.0,38.0,15.0,4.0
CAF,2016,4,57.0,4.0,0.0,24.0,28.0,29.0,11.0
CAF,2016,5,47.0,1.0,0.0,22.0,23.0,24.0,
CAF,2016,6,53.0,1.0,0.0,37.0,38.0,15.0,
CAF,2016,7,21.0,1.0,0.0,8.0,9.0,12.0,
CAF,2016,8,10.0,0.0,0.0,0.0,0.0,10.0,1.0
CAF,2016,9,9.0,0.0,0.0,0.0,0.0,9.0,
CAF,2016,10,9.0,3.0,0.0,1.0,4.0,5.0,
CAF,2016,11,22.0,5.0,0.0,7.0,12.0,10.0,
CAF,2016,12,4.0,4.0,0.0,0.0,4.0,0.0,
CAF,2017,1,14.0,0.0,0.0,2.0,2.0,12.0,3.0
CAF,2017,2,26.0,2.0,0.0,3.0,5.0,21.0,3.0
CAF,2017,3,81.0,8.0,0.0,30.0,38.0,43.0,10.0
CAF,2017,4,50.0,1.0,0.0,2.0,3.0,47.0,1.0
CAF,2017,5,22.0,0.0,0.0,1.0,1.0,21.0,1.0
CAF,2017,6,13.0,1.0,0.0,0.0,1.0,12.0,
CAF,2017,7,17.0,0.0,0.0,2.0,2.0,15.0,1.0
CAF,2017,8,21.0,1.0,0.0,0.0,1.0,20.0,
CAF,2017,9,22.0,0.0,0.0,3.0,3.0,19.0,
CAF,2017,10,16.0,1.0,0.0,3.0,4.0,12.0,
CAF,2017,11,13.0,8.0,0.0,1.0,9.0,4.0,
CAF,2017,12,7.0,5.0,0.0,0.0,5.0,2.0,
CAF,2018,1,11.0,9.0,0.0,0.0,9.0,2.0,
CAF,2018,2,20.0,2.0,0.0,0.0,2.0,18.0,
CAF,2018,3,22.0,0.0,0.0,1.0,1.0,21.0,
CAF,2018,4,27.0,1.0,0.0,0.0,1.0,26.0,1.0
CAF,2018,5,20.0,0.0,0.0,1.0,1.0,19.0,
CAF,2018,6,18.0,0.0,0.0,1.0,1.0,17.0,
CAF,2018,7,22.0,0.0,0.0,0.0,0.0,22.0,1.0
CAF,2018,8,17.0,0.0,0.0,0.0,0.0,17.0,
CAF,2018,9,8.0,0.0,0.0,0.0,0.0,8.0,
CAF,2018,10,17.0,2.0,0.0,0.0,2.0,15.0,
CAF,2018,11,17.0,7.0,0.0,0.0,7.0,10.0,
CAF,2019,1,38.0,0.0,0.0,2.0,2.0,36.0,2.0
CAF,2019,2,120.0,1.0,4.0,40.0,45.0,75.0,23.0
CAF,2019,3,160.0,13.0,1.0,34.0,48.0,112.0,48.0
CAF,2019,4,92.0,3.0,0.0,9.0,12.0,80.0,38.0
CAF,2019,5,79.0,2.0,8.0,8.0,18.0,61.0,32.0
CAF,2019,6,266.0,1.0,199.0,22.0,222.0,44.0,14.0
CAF,2019,7,184.0,2.0,111.0,36.0,149.0,35.0,8.0
CAF,2019,8,96.0,1.0,53.0,16.0,70.0,26.0,3.0
CAF,2019,9,184.0,10.0,115.0,22.0,147.0,37.0,4.0
CAF,2019,10,319.0,13.0,234.0,37.0,284.0,35.0,3.0
CAF,2019,11,424.0,10.0,363.0,27.0,400.0,24.0,5.0
CAF,2019,12,452.0,33.0,323.0,62.0,418.0,34.0,5.0
CAF,2020,1,793.0,105.0,366.0,213.0,684.0,109.0,22.0
CAF,2020,2,1751.0,1139.0,470.0,65.0,1674.0,77.0,38.0
CAF,2020,3,965.0,532.0,333.0,68.0,933.0,32.0,10.0
CAF,2020,4,63.0,0.0,0.0,54.0,54.0,9.0,
CAF,2020,5,48.0,0.0,0.0,43.0,43.0,5.0,1.0
CAF,2020,8,2.0,0.0,0.0,1.0,1.0,1.0,
CAF,2020,9,7.0,1.0,0.0,3.0,4.0,3.0,
CAF,2020,10,23.0,1.0,0.0,12.0,13.0,10.0,1.0
CAF,2020,11,16.0,2.0,0.0,6.0,8.0,8.0,1.0
CAF,2020,12,24.0,1.0,0.0,16.0,17.0,7.0,
CAF,2021,1,60.0,1.0,20.0,11.0,32.0,28.0,1.0
CAF,2021,2,78.0,0.0,45.0,4.0,49.0,29.0,2.0
CAF,2021,3,256.0,2.0,58.0,14.0,74.0,182.0,2.0
CAF,2021,4,105.0,1.0,23.0,3.0,27.0,78.0,2.0
CAF,2021,5,34.0,0.0,2.0,6.0,8.0,26.0,4.0
CAF,2021,6,46.0,3.0,0.0,9.0,12.0,34.0,7.0
CAF,2021,7,22.0,0.0,0.0,4.0,4.0,18.0,2.0
CAF,2021,8,44.0,0.0,23.0,11.0,34.0,10.0,
CAF,2021,9,42.0,1.0,21.0,6.0,28.0,14.0,
CAF,2021,10,23.0,0.0,4.0,7.0,11.0,12.0,1.0
CAF,2021,11,8.0,3.0,0.0,0.0,3.0,5.0,1.0
CAF,2021,12,7.0,0.0,0.0,3.0,3.0,4.0,2.0
CAF,2022,1,25.0,0.0,0.0,4.0,4.0,21.0,6.0
CAF,2022,2,66.0,0.0,0.0,10.0,10.0,56.0,21.0
CAF,2022,3,179.0,0.0,49.0,21.0,70.0,109.0,50.0
CAF,2022,4,83.0,0.0,1.0,8.0,9.0,74.0,30.0
CAF,2022,5,58.0,0.0,0.0,6.0,6.0,52.0,11.0
CAF,2022,6,29.0,0.0,0.0,7.0,7.0,22.0,
CAF,2022,7,16.0,0.0,0.0,7.0,7.0,9.0,1.0
CAF,2022,8,22.0,0.0,0.0,6.0,6.0,16.0,
CAF,2022,9,58.0,0.0,0.0,8.0,8.0,50.0,
CAF,2022,10,34.0,0.0,0.0,13.0,13.0,21.0,1.0
CAF,2022,11,21.0,0.0,0.0,10.0,10.0,11.0,1.0
CAF,2022,12,9.0,0.0,0.0,5.0,5.0,4.0,
CAF,2023,1,98.0,0.0,32.0,15.0,47.0,51.0,25.0
CAF,2023,2,182.0,0.0,35.0,29.0,64.0,118.0,57.0
CAF,2023,3,572.0,0.0,500.0,15.0,515.0,57.0,18.0
CAF,2023,4,509.0,2.0,463.0,10.0,475.0,34.0,8.0
CAF,2023,5,97.0,1.0,44.0,16.0,61.0,36.0,4.0
CAF,2023,6,81.0,0.0,44.0,13.0,57.0,24.0,4.0
CAF,2023,7,30.0,0.0,14.0,5.0,19.0,11.0,
CAF,2023,8,101.0,0.0,86.0,9.0,95.0,6.0,1.0
CAF,2023,9,110.0,0.0,90.0,8.0,98.0,12.0,3.0
CAF,2023,10,109.0,0.0,68.0,16.0,84.0,25.0,
CAF,2023,11,30.0,0.0,12.0,6.0,18.0,12.0,
CAF,2023,12,12.0,0.0,0.0,1.0,1.0,11.0,2.0
CAF,2024,1,41.0,1.0,0.0,16.0,17.0,24.0,
CAF,2024,2,69.0,0.0,0.0,21.0,21.0,48.0,4.0
CAF,2024,3,69.0,1.0,0.0,25.0,26.0,43.0,1.0
CAF,2024,4,51.0,0.0,0.0,17.0,17.0,34.0,3.0
CAF,2024,5,42.0,1.0,0.0,11.0,12.0,30.0,
CAF,2024,6,18.0,0.0,0.0,1.0,1.0,17.0,
CAF,2024,7,25.0,0.0,0.0,3.0,3.0,22.0,1.0
CAF,2024,8,13.0,0.0,0.0,2.0,2.0,11.0,
CAF,2024,9,8.0,0.0,0.0,1.0,1.0,7.0,
CAF,2024,10,14.0,2.0,0.0,4.0,6.0,8.0,
CAF,2024,11,24.0,0.0,0.0,10.0,10.0,14.0,2.0
CAF,2024,12,10.0,0.0,0.0,2.0,2.0,8.0,
CAF,2025,1,112.0,1.0,56.0,23.0,80.0,32.0,1.0
CAF,2025,2,141.0,0.0,85.0,20.0,105.0,36.0,9.0
CAF,2025,3,141.0,0.0,99.0,18.0,117.0,24.0,5.0
CAF,2025,4,108.0,0.0,69.0,14.0,83.0,25.0,3.0
CAF,2025,5,48.0,0.0,18.0,4.0,22.0,26.0,2.0
CAF,2025,6,21.0,0.0,0.0,8.0,8.0,13.0,1.0
CAF,2025,7,50.0,0.0,0.0,27.0,27.0,23.0,
CAF,2025,8,43.0,2.0,0.0,28.0,30.0,13.0,
CAF,2025,9,40.0,0.0,1.0,25.0,26.0,14.0,
CAF,2025,10,35.0,0.0,0.0,25.0,25.0,10.0,
CAF,2025,11,69.0,1.0,0.0,55.0,56.0,13.0,
CAF,2025,12,28.0,1.0,5.0,20.0,26.0,2.0,
CAF,2026,1,694.0,0.0,588.0,74.0,662.0,32.0,1.0
CAF,2026,2,382.0,8.0,274.0,70.0,352.0,30.0,3.0
CAF,2026,3,222.0,2.0,149.0,45.0,196.0,26.0,3.0
CAF,2026,4,30.0,3.0,0.0,14.0,17.0,13.0,4.0
CAF,2026,5,24.0,1.0,0.0,15.0,16.0,8.0,1.0
CAF,2026,6,12.0,0.0,0.0,8.0,8.0,4.0,1.0
CAF,2026,7,6.0,0.0,0.0,2.0,2.0,4.0,2.0
CAF,2026,8,3.0,0.0,0.0,1.0,1.0,2.0,
CIV,2012,1,90.0,3.0,0.0,14.0,17.0,73.0,21.0
CIV,2012,2,217.0,6.0,0.0,32.0,38.0,179.0,61.0
CIV,2012,3,224.0,2.0,0.0,27.0,29.0,195.0,34.0
CIV,2012,4,126.0,2.0,12.0,14.0,28.0,98.0,20.0
CIV,2012,5,104.0,0.0,14.0,12.0,26.0,78.0,35.0
CIV,2012,6,60.0,1.0,0.0,4.0,5.0,55.0,27.0
CIV,2012,7,57.0,0.0,0.0,3.0,3.0,54.0,19.0
CIV,2012,8,25.0,0.0,0.0,0.0,0.0,25.0,
CIV,2012,9,49.0,0.0,0.0,1.0,1.0,48.0,4.0
CIV,2012,10,46.0,2.0,0.0,0.0,2.0,44.0,4.0
CIV,2012,11,28.0,0.0,0.0,2.0,2.0,26.0,5.0
CIV,2012,12,14.0,5.0,0.0,0.0,5.0,9.0,2.0
CIV,2013,1,28.0,2.0,0.0,3.0,5.0,23.0,3.0
CIV,2013,2,66.0,0.0,0.0,4.0,4.0,62.0,14.0
CIV,2013,3,90.0,0.0,0.0,14.0,14.0,76.0,27.0
CIV,2013,4,64.0,0.0,0.0,6.0,6.0,58.0,16.0
CIV,2013,5,48.0,0.0,0.0,8.0,8.0,40.0,9.0
CIV,2013,6,43.0,0.0,0.0,0.0,0.0,43.0,5.0
CIV,2013,7,35.0,0.0,0.0,4.0,4.0,31.0,4.0
CIV,2013,8,31.0,0.0,0.0,0.0,0.0,31.0,1.0
CIV,2013,9,52.0,0.0,0.0,1.0,1.0,51.0,1.0
CIV,2013,10,34.0,0.0,0.0,0.0,0.0,34.0,
CIV,2013,11,34.0,0.0,0.0,1.0,1.0,33.0,5.0
CIV,2013,12,40.0,0.0,0.0,4.0,4.0,36.0,2.0
CIV,2014,1,77.0,1.0,0.0,1.0,2.0,75.0,20.0
CIV,2014,2,59.0,1.0,0.0,1.0,2.0,57.0,4.0
CIV,2014,3,85.0,0.0,0.0,2.0,2.0,83.0,13.0
CIV,2014,4,74.0,1.0,0.0,5.0,6.0,68.0,6.0
CIV,2014,5,56.0,0.0,0.0,2.0,2.0,54.0,3.0
CIV,2014,6,39.0,0.0,0.0,1.0,1.0,38.0,2.0
CIV,2014,7,23.0,0.0,0.0,2.0,2.0,21.0,1.0
CIV,2014,8,39.0,0.0,0.0,2.0,2.0,37.0,1.0
CIV,2014,9,46.0,0.0,0.0,7.0,7.0,39.0,
CIV,2014,10,45.0,0.0,0.0,8.0,8.0,37.0,
CIV,2014,11,58.0,2.0,0.0,10.0,12.0,46.0,4.0
CIV,2014,12,22.0,0.0,0.0,2.0,2.0,20.0,
CIV,2015,1,43.0,0.0,0.0,0.0,0.0,43.0,2.0
CIV,2015,2,82.0,0.0,0.0,3.0,3.0,79.0,10.0
CIV,2015,3,116.0,1.0,0.0,7.0,8.0,108.0,11.0
CIV,2015,4,78.0,0.0,0.0,7.0,7.0,71.0,5.0
CIV,2015,5,58.0,0.0,0.0,4.0,4.0,54.0,3.0
CIV,2015,6,40.0,1.0,0.0,3.0,4.0,36.0,2.0
CIV,2015,7,39.0,0.0,0.0,4.0,4.0,35.0,3.0
CIV,2015,8,34.0,1.0,0.0,0.0,1.0,33.0,4.0
CIV,2015,9,45.0,0.0,0.0,1.0,1.0,44.0,2.0
CIV,2015,10,47.0,2.0,0.0,5.0,7.0,40.0,2.0
CIV,2015,11,56.0,0.0,0.0,0.0,0.0,56.0,4.0
CIV,2015,12,40.0,2.0,0.0,4.0,6.0,34.0,2.0
CIV,2016,1,114.0,0.0,0.0,3.0,3.0,111.0,16.0
CIV,2016,2,256.0,3.0,0.0,1.0,4.0,252.0,60.0
CIV,2016,3,188.0,0.0,0.0,8.0,8.0,180.0,40.0
CIV,2016,4,157.0,0.0,0.0,1.0,1.0,156.0,31.0
CIV,2016,5,91.0,0.0,0.0,5.0,5.0,86.0,9.0
CIV,2016,6,66.0,1.0,0.0,2.0,3.0,63.0,12.0
CIV,2016,7,56.0,1.0,0.0,3.0,4.0,52.0,7.0
CIV,2016,8,63.0,0.0,0.0,5.0,5.0,58.0,3.0
CIV,2016,9,48.0,2.0,0.0,6.0,8.0,40.0,5.0
CIV,2016,10,94.0,0.0,0.0,6.0,6.0,88.0,5.0
CIV,2016,11,60.0,1.0,0.0,4.0,5.0,55.0,2.0
CIV,2016,12,51.0,1.0,0.0,1.0,2.0,49.0,2.0
CIV,2017,1,59.0,0.0,0.0,1.0,1.0,58.0,14.0
CIV,2017,2,200.0,0.0,0.0,8.0,8.0,192.0,52.0
CIV,2017,3,412.0,1.0,0.0,15.0,16.0,396.0,102.0
CIV,2017,4,261.0,1.0,0.0,9.0,10.0,251.0,13.0
CIV,2017,5,259.0,0.0,0.0,22.0,22.0,237.0,53.0
CIV,2017,6,174.0,0.0,0.0,6.0,6.0,168.0,37.0
CIV,2017,7,110.0,0.0,0.0,8.0,8.0,102.0,21.0
CIV,2017,8,107.0,0.0,0.0,4.0,4.0,103.0,17.0
CIV,2017,9,84.0,1.0,0.0,9.0,10.0,74.0,9.0
CIV,2017,10,114.0,0.0,0.0,31.0,31.0,83.0,6.0
CIV,2017,11,170.0,0.0,0.0,24.0,24.0,146.0,5.0
CIV,2017,12,102.0,4.0,0.0,20.0,24.0,78.0,
CIV,2018,1,373.0,57.0,0.0,70.0,127.0,246.0,62.0
CIV,2018,2,186.0,4.0,0.0,30.0,34.0,152.0,28.0
CIV,2018,3,237.0,4.0,0.0,23.0,27.0,210.0,44.0
CIV,2018,4,198.0,8.0,0.0,17.0,25.0,173.0,11.0
CIV,2018,5,154.0,6.0,0.0,18.0,24.0,130.0,18.0
CIV,2018,6,140.0,36.0,0.0,17.0,53.0,87.0,
CIV,2018,7,179.0,141.0,0.0,2.0,143.0,36.0,1.0
CIV,2018,8,141.0,90.0,0.0,3.0,93.0,48.0,2.0
CIV,2018,9,194.0,154.0,0.0,1.0,155.0,39.0,2.0
CIV,2018,10,165.0,14.0,0.0,7.0,21.0,144.0,7.0
CIV,2018,11,157.0,14.0,0.0,8.0,22.0,135.0,
CIV,2018,12,103.0,20.0,0.0,5.0,25.0,78.0,2.0
CIV,2019,1,235.0,1.0,3.0,18.0,22.0,213.0,4.0
CIV,2019,2,301.0,2.0,2.0,38.0,42.0,259.0,7.0
CIV,2019,3,375.0,1.0,0.0,35.0,36.0,339.0,8.0
CIV,2019,4,353.0,3.0,0.0,22.0,25.0,328.0,7.0
CIV,2019,5,364.0,0.0,10.0,27.0,37.0,327.0,10.0
CIV,2019,6,238.0,13.0,29.0,34.0,76.0,162.0,5.0
CIV,2019,7,153.0,6.0,0.0,19.0,25.0,128.0,1.0
CIV,2019,8,132.0,1.0,0.0,16.0,17.0,115.0,4.0
CIV,2019,9,160.0,1.0,0.0,23.0,24.0,136.0,9.0
CIV,2019,10,194.0,7.0,0.0,26.0,33.0,161.0,14.0
CIV,2019,11,144.0,1.0,0.0,20.0,21.0,123.0,5.0
CIV,2019,12,111.0,1.0,9.0,24.0,34.0,77.0,3.0
CIV,2020,1,226.0,0.0,0.0,42.0,42.0,184.0,2.0
CIV,2020,2,408.0,0.0,10.0,87.0,97.0,311.0,4.0
CIV,2020,3,481.0,0.0,24.0,104.0,128.0,353.0,6.0
CIV,2020,4,183.0,0.0,0.0,36.0,36.0,147.0,2.0
CIV,2020,5,233.0,0.0,10.0,56.0,66.0,167.0,3.0
CIV,2020,6,225.0,0.0,0.0,48.0,48.0,177.0,3.0
CIV,2020,7,179.0,0.0,0.0,46.0,46.0,133.0,3.0
CIV,2020,8,175.0,0.0,0.0,29.0,29.0,146.0,4.0
CIV,2020,9,149.0,0.0,0.0,30.0,30.0,119.0,4.0
CIV,2020,10,127.0,0.0,0.0,17.0,17.0,110.0,5.0
CIV,2020,11,169.0,0.0,0.0,34.0,34.0,135.0,7.0
CIV,2020,12,101.0,0.0,0.0,15.0,15.0,86.0,7.0
CIV,2021,1,232.0,0.0,0.0,44.0,44.0,188.0,1.0
CIV,2021,2,346.0,0.0,0.0,116.0,116.0,230.0,7.0
CIV,2021,3,541.0,0.0,0.0,182.0,182.0,359.0,12.0
CIV,2021,4,431.0,0.0,0.0,119.0,119.0,312.0,10.0
CIV,2021,5,428.0,0.0,0.0,168.0,168.0,260.0,18.0
CIV,2021,6,476.0,0.0,0.0,163.0,163.0,313.0,14.0
CIV,2021,7,427.0,0.0,0.0,145.0,145.0,282.0,9.0
CIV,2021,8,489.0,0.0,0.0,155.0,155.0,334.0,3.0
CIV,2021,9,503.0,0.0,0.0,184.0,184.0,319.0,2.0
CIV,2021,10,437.0,0.0,0.0,170.0,170.0,267.0,2.0
CIV,2021,11,337.0,0.0,0.0,34.0,34.0,303.0,2.0
CIV,2021,12,397.0,0.0,0.0,2.0,2.0,395.0,
CIV,2022,1,647.0,0.0,27.0,289.0,316.0,331.0,3.0
CIV,2022,2,1028.0,3.0,44.0,346.0,393.0,635.0,2.0
CIV,2022,3,1154.0,0.0,18.0,320.0,338.0,816.0,6.0
CIV,2022,4,627.0,0.0,0.0,90.0,90.0,537.0,1.0
CIV,2022,5,487.0,0.0,0.0,90.0,90.0,397.0,3.0
CIV,2022,6,333.0,0.0,0.0,45.0,45.0,288.0,4.0
CIV,2022,7,294.0,0.0,0.0,74.0,74.0,220.0,1.0
CIV,2022,8,289.0,0.0,0.0,65.0,65.0,224.0,2.0
CIV,2022,9,270.0,1.0,0.0,65.0,66.0,204.0,
CIV,2022,10,373.0,0.0,8.0,41.0,49.0,324.0,5.0
CIV,2022,11,348.0,0.0,0.0,35.0,35.0,313.0,
CIV,2022,12,172.0,0.0,0.0,14.0,14.0,158.0,
CIV,2023,1,651.0,0.0,22.0,134.0,156.0,495.0,7.0
CIV,2023,2,819.0,0.0,9.0,122.0,131.0,688.0,32.0
CIV,2023,3,853.0,0.0,0.0,152.0,152.0,701.0,16.0
CIV,2023,4,570.0,0.0,34.0,100.0,134.0,436.0,9.0
CIV,2023,5,539.0,0.0,10.0,68.0,78.0,461.0,11.0
CIV,2023,6,317.0,0.0,0.0,77.0,77.0,240.0,14.0
CIV,2023,7,346.0,0.0,0.0,103.0,103.0,243.0,4.0
CIV,2023,8,272.0,0.0,0.0,55.0,55.0,217.0,13.0
CIV,2023,9,216.0,0.0,0.0,64.0,64.0,152.0,
CIV,2023,10,302.0,0.0,0.0,78.0,78.0,224.0,1.0
CIV,2023,11,306.0,0.0,0.0,107.0,107.0,199.0,3.0
CIV,2023,12,496.0,0.0,0.0,203.0,203.0,293.0,4.0
CIV,2024,1,1038.0,0.0,710.0,88.0,798.0,240.0,68.0
CIV,2024,2,1298.0,0.0,875.0,143.0,1018.0,280.0,3.0
CIV,2024,3,2132.0,0.0,1239.0,453.0,1692.0,440.0,1.0
CIV,2024,4,1492.0,0.0,1483.0,3.0,1486.0,6.0,
CIV,2024,5,731.0,0.0,684.0,13.0,697.0,34.0,
CIV,2024,6,418.0,0.0,87.0,129.0,216.0,202.0,
CIV,2024,7,303.0,0.0,0.0,155.0,155.0,148.0,
CIV,2024,8,336.0,0.0,0.0,181.0,181.0,155.0,3.0
CIV,2024,9,287.0,0.0,0.0,134.0,134.0,153.0,
CIV,2024,10,265.0,0.0,0.0,125.0,125.0,140.0,4.0
CIV,2024,11,183.0,0.0,1.0,68.0,69.0,114.0,4.0
CIV,2024,12,143.0,1.0,0.0,57.0,58.0,85.0,3.0
CIV,2025,1,378.0,0.0,5.0,152.0,157.0,221.0,2.0
CIV,2025,2,389.0,0.0,3.0,180.0,183.0,206.0,
CIV,2025,3,496.0,0.0,21.0,161.0,182.0,314.0,1.0
CIV,2025,4,364.0,0.0,32.0,110.0,142.0,222.0,8.0
CIV,2025,5,337.0,0.0,16.0,95.0,111.0,226.0,2.0
CIV,2025,6,228.0,0.0,0.0,44.0,44.0,184.0,8.0
CIV,2025,7,209.0,0.0,0.0,47.0,47.0,162.0,2.0
CIV,2025,8,209.0,0.0,0.0,26.0,26.0,183.0,1.0
CIV,2025,9,225.0,0.0,0.0,27.0,27.0,198.0,5.0
CIV,2025,10,258.0,0.0,0.0,35.0,35.0,223.0,6.0
CIV,2025,11,227.0,0.0,0.0,39.0,39.0,188.0,3.0
CIV,2025,12,128.0,0.0,0.0,20.0,20.0,108.0,1.0
CIV,2026,1,271.0,0.0,0.0,36.0,36.0,235.0,6.0
CIV,2026,2,570.0,0.0,0.0,86.0,86.0,484.0,6.0
CIV,2026,3,666.0,0.0,0.0,119.0,119.0,547.0,14.0
CIV,2026,4,503.0,0.0,0.0,77.0,77.0,426.0,8.0
CIV,2026,5,489.0,0.0,0.0,68.0,68.0,421.0,3.0
CIV,2026,6,323.0,0.0,0.0,41.0,41.0,282.0,12.0
CIV,2026,7,78.0,0.0,0.0,18.0,18.0,60.0,3.0
CMR,2012,1,289.0,4.0,0.0,210.0,214.0,75.0,18.0
CMR,2012,2,240.0,6.0,0.0,146.0,152.0,88.0,52.0
CMR,2012,3,150.0,5.0,0.0,85.0,90.0,60.0,30.0
CMR,2012,4,76.0,0.0,0.0,46.0,46.0,30.0,8.0
CMR,2012,5,34.0,1.0,0.0,13.0,14.0,20.0,7.0
CMR,2012,6,48.0,1.0,0.0,28.0,29.0,19.0,8.0
CMR,2012,7,42.0,0.0,0.0,21.0,21.0,21.0,3.0
CMR,2012,8,31.0,0.0,0.0,4.0,4.0,27.0,4.0
CMR,2012,9,37.0,0.0,0.0,4.0,4.0,33.0,2.0
CMR,2012,10,69.0,0.0,0.0,20.0,20.0,49.0,2.0
CMR,2012,11,76.0,1.0,0.0,15.0,16.0,60.0,8.0
CMR,2012,12,56.0,0.0,0.0,12.0,12.0,44.0,2.0
CMR,2013,1,189.0,4.0,58.0,33.0,95.0,94.0,9.0
CMR,2013,2,259.0,6.0,92.0,29.0,127.0,132.0,38.0
CMR,2013,3,207.0,4.0,55.0,28.0,87.0,120.0,25.0
CMR,2013,4,145.0,2.0,22.0,11.0,35.0,110.0,25.0
CMR,2013,5,272.0,0.0,155.0,18.0,173.0,99.0,22.0
CMR,2013,6,236.0,3.0,127.0,36.0,166.0,70.0,8.0
CMR,2013,7,86.0,2.0,0.0,10.0,12.0,74.0,5.0
CMR,2013,8,53.0,1.0,0.0,10.0,11.0,42.0,
CMR,2013,9,61.0,0.0,0.0,6.0,6.0,55.0,2.0
CMR,2013,10,82.0,2.0,0.0,4.0,6.0,76.0,4.0
CMR,2013,11,121.0,5.0,0.0,23.0,28.0,93.0,4.0
CMR,2013,12,139.0,5.0,0.0,23.0,28.0,111.0,6.0
CMR,2014,1,197.0,10.0,10.0,56.0,76.0,121.0,2.0
CMR,2014,2,235.0,8.0,26.0,93.0,127.0,108.0,29.0
CMR,2014,3,250.0,4.0,20.0,77.0,101.0,149.0,30.0
CMR,2014,4,176.0,52.0,29.0,28.0,109.0,67.0,18.0
CMR,2014,5,168.0,3.0,36.0,31.0,70.0,98.0,15.0
CMR,2014,6,141.0,7.0,22.0,41.0,70.0,71.0,7.0
CMR,2014,7,114.0,3.0,1.0,34.0,38.0,76.0,2.0
CMR,2014,8,98.0,1.0,0.0,13.0,14.0,84.0,5.0
CMR,2014,9,105.0,2.0,0.0,21.0,23.0,82.0,2.0
CMR,2014,10,165.0,5.0,0.0,31.0,36.0,129.0,6.0
CMR,2014,11,193.0,6.0,0.0,54.0,60.0,133.0,16.0
CMR,2014,12,170.0,7.0,0.0,45.0,52.0,118.0,15.0
CMR,2015,1,802.0,8.0,443.0,145.0,596.0,206.0,58.0
CMR,2015,2,575.0,12.0,213.0,141.0,366.0,209.0,64.0
CMR,2015,3,464.0,18.0,188.0,86.0,292.0,172.0,70.0
CMR,2015,4,237.0,5.0,112.0,56.0,173.0,64.0,27.0
CMR,2015,5,195.0,3.0,68.0,55.0,126.0,69.0,18.0
CMR,2015,6,203.0,5.0,79.0,57.0,141.0,62.0,21.0
CMR,2015,7,79.0,1.0,17.0,35.0,53.0,26.0,3.0
CMR,2015,8,46.0,1.0,1.0,13.0,15.0,31.0,
CMR,2015,9,28.0,1.0,0.0,8.0,9.0,19.0,3.0
CMR,2015,10,39.0,2.0,2.0,17.0,21.0,18.0,2.0
CMR,2015,11,86.0,5.0,12.0,21.0,38.0,48.0,7.0
CMR,2015,12,58.0,0.0,24.0,18.0,42.0,16.0,4.0
CMR,2016,1,83.0,2.0,33.0,9.0,44.0,39.0,1.0
CMR,2016,2,187.0,6.0,12.0,18.0,36.0,151.0,5.0
CMR,2016,3,149.0,8.0,4.0,12.0,24.0,125.0,3.0
CMR,2016,4,187.0,24.0,28.0,17.0,69.0,118.0,1.0
CMR,2016,5,167.0,128.0,37.0,0.0,165.0,2.0,
CMR,2016,6,116.0,85.0,29.0,0.0,114.0,2.0,
CMR,2016,7,87.0,62.0,7.0,0.0,69.0,18.0,
CMR,2016,8,109.0,3.0,24.0,5.0,32.0,77.0,
CMR,2016,9,138.0,11.0,12.0,11.0,34.0,104.0,
CMR,2016,10,163.0,5.0,11.0,5.0,21.0,142.0,
CMR,2016,11,169.0,15.0,0.0,9.0,24.0,145.0,1.0
CMR,2016,12,111.0,13.0,0.0,13.0,26.0,85.0,4.0
CMR,2017,1,119.0,5.0,16.0,1.0,22.0,97.0,
CMR,2017,2,175.0,10.0,28.0,4.0,42.0,133.0,
CMR,2017,3,187.0,8.0,24.0,9.0,41.0,146.0,2.0
CMR,2017,4,173.0,6.0,16.0,8.0,30.0,143.0,2.0
CMR,2017,5,171.0,6.0,14.0,2.0,22.0,149.0,4.0
CMR,2017,6,146.0,9.0,10.0,1.0,20.0,126.0,1.0
CMR,2017,7,124.0,7.0,15.0,1.0,23.0,101.0,1.0
CMR,2017,8,153.0,12.0,12.0,4.0,28.0,125.0,2.0
CMR,2017,9,150.0,18.0,8.0,4.0,30.0,120.0,
CMR,2017,10,160.0,149.0,3.0,0.0,152.0,8.0,
CMR,2017,11,173.0,173.0,0.0,0.0,173.0,0.0,
CMR,2017,12,128.0,127.0,0.0,0.0,127.0,1.0,
CMR,2018,1,155.0,120.0,0.0,0.0,120.0,35.0,
CMR,2018,2,164.0,132.0,1.0,0.0,133.0,31.0,
CMR,2018,3,203.0,58.0,15.0,14.0,87.0,116.0,3.0
CMR,2018,4,206.0,24.0,53.0,12.0,89.0,117.0,
CMR,2018,5,130.0,110.0,5.0,0.0,115.0,15.0,
CMR,2018,6,94.0,85.0,0.0,2.0,87.0,7.0,
CMR,2018,7,80.0,4.0,0.0,5.0,9.0,71.0,2.0
CMR,2018,8,51.0,4.0,0.0,2.0,6.0,45.0,
CMR,2018,9,66.0,4.0,0.0,3.0,7.0,59.0,1.0
CMR,2018,10,80.0,11.0,2.0,6.0,19.0,61.0,1.0
CMR,2018,11,178.0,78.0,69.0,5.0,152.0,26.0,
CMR,2018,12,50.0,1.0,3.0,3.0,7.0,43.0,
CMR,2019,1,234.0,16.0,131.0,18.0,165.0,69.0,
CMR,2019,2,428.0,34.0,316.0,19.0,369.0,59.0,1.0
CMR,2019,3,450.0,9.0,210.0,71.0,290.0,160.0,5.0
CMR,2019,4,382.0,12.0,211.0,57.0,280.0,102.0,3.0
CMR,2019,5,368.0,11.0,220.0,46.0,277.0,91.0,4.0
CMR,2019,6,268.0,8.0,179.0,32.0,219.0,49.0,5.0
CMR,2019,7,245.0,4.0,167.0,31.0,202.0,43.0,3.0
CMR,2019,8,180.0,1.0,123.0,9.0,133.0,47.0,7.0
CMR,2019,9,235.0,3.0,176.0,20.0,199.0,36.0,5.0
CMR,2019,10,411.0,2.0,314.0,43.0,359.0,52.0,8.0
CMR,2019,11,272.0,4.0,158.0,58.0,220.0,52.0,6.0
CMR,2019,12,181.0,3.0,68.0,65.0,136.0,45.0,2.0
CMR,2020,1,550.0,6.0,274.0,195.0,475.0,75.0,5.0
CMR,2020,2,508.0,11.0,196.0,207.0,414.0,94.0,3.0
CMR,2020,3,395.0,12.0,180.0,129.0,321.0,74.0,1.0
CMR,2020,4,194.0,6.0,82.0,62.0,150.0,44.0,2.0
CMR,2020,5,81.0,1.0,35.0,17.0,53.0,28.0,
CMR,2020,6,37.0,0.0,9.0,4.0,13.0,24.0,
CMR,2020,7,20.0,1.0,3.0,8.0,12.0,8.0,
CMR,2020,8,33.0,2.0,0.0,7.0,9.0,24.0,1.0
CMR,2020,9,20.0,1.0,0.0,5.0,6.0,14.0,
CMR,2020,10,44.0,2.0,0.0,6.0,8.0,36.0,3.0
CMR,2020,11,40.0,1.0,0.0,9.0,10.0,30.0,
CMR,2020,12,41.0,6.0,0.0,6.0,12.0,29.0,6.0
CMR,2021,1,164.0,71.0,14.0,28.0,113.0,51.0,6.0
CMR,2021,2,120.0,3.0,24.0,21.0,48.0,72.0,3.0
CMR,2021,3,128.0,1.0,30.0,23.0,54.0,74.0,2.0
CMR,2021,4,120.0,2.0,22.0,29.0,53.0,67.0,1.0
CMR,2021,5,171.0,2.0,27.0,41.0,70.0,101.0,4.0
CMR,2021,6,117.0,3.0,25.0,20.0,48.0,69.0,2.0
CMR,2021,7,122.0,4.0,24.0,28.0,56.0,66.0,7.0
CMR,2021,8,168.0,1.0,86.0,17.0,104.0,64.0,1.0
CMR,2021,9,77.0,8.0,0.0,22.0,30.0,47.0,2.0
CMR,2021,10,85.0,5.0,0.0,17.0,22.0,63.0,4.0
CMR,2021,11,146.0,3.0,39.0,37.0,79.0,67.0,2.0
CMR,2021,12,153.0,4.0,85.0,17.0,106.0,47.0,2.0
CMR,2022,1,297.0,3.0,161.0,55.0,219.0,78.0,3.0
CMR,2022,2,674.0,20.0,361.0,120.0,501.0,173.0,5.0
CMR,2022,3,802.0,16.0,496.0,96.0,608.0,194.0,
CMR,2022,4,474.0,6.0,322.0,77.0,405.0,69.0,
CMR,2022,5,412.0,7.0,277.0,51.0,335.0,77.0,6.0
CMR,2022,6,287.0,5.0,166.0,54.0,225.0,62.0,6.0
CMR,2022,7,220.0,1.0,141.0,26.0,168.0,52.0,2.0
CMR,2022,8,101.0,1.0,44.0,18.0,63.0,38.0,
CMR,2022,9,101.0,4.0,47.0,21.0,72.0,29.0,
CMR,2022,10,270.0,6.0,162.0,24.0,192.0,78.0,2.0
CMR,2022,11,338.0,9.0,243.0,39.0,291.0,47.0,1.0
CMR,2022,12,404.0,5.0,300.0,65.0,370.0,34.0,1.0
CMR,2023,1,661.0,9.0,547.0,54.0,610.0,51.0,
CMR,2023,2,1236.0,7.0,1040.0,110.0,1157.0,79.0,1.0
CMR,2023,3,1708.0,11.0,1528.0,95.0,1634.0,74.0,1.0
CMR,2023,4,1262.0,9.0,1117.0,79.0,1205.0,57.0,
CMR,2023,5,973.0,4.0,871.0,42.0,917.0,56.0,2.0
CMR,2023,6,475.0,4.0,421.0,23.0,448.0,27.0,1.0
CMR,2023,7,125.0,3.0,76.0,19.0,98.0,27.0,2.0
CMR,2023,8,40.0,2.0,13.0,3.0,18.0,22.0,
CMR,2023,9,60.0,1.0,1.0,14.0,16.0,44.0,2.0
CMR,2023,10,87.0,1.0,0.0,30.0,31.0,56.0,
CMR,2023,11,97.0,1.0,0.0,15.0,16.0,81.0,1.0
CMR,2023,12,88.0,3.0,0.0,22.0,25.0,63.0,
CMR,2024,1,184.0,9.0,52.0,33.0,94.0,90.0,3.0
CMR,2024,2,329.0,5.0,97.0,77.0,179.0,150.0,1.0
CMR,2024,3,288.0,1.0,118.0,36.0,155.0,133.0,
CMR,2024,4,222.0,5.0,63.0,36.0,104.0,118.0,4.0
CMR,2024,5,212.0,13.0,39.0,46.0,98.0,114.0,
CMR,2024,6,139.0,15.0,16.0,24.0,55.0,84.0,1.0
CMR,2024,7,89.0,7.0,0.0,28.0,35.0,54.0,
CMR,2024,8,71.0,6.0,0.0,13.0,19.0,52.0,
CMR,2024,9,65.0,9.0,0.0,14.0,23.0,42.0,1.0
CMR,2024,10,110.0,8.0,1.0,18.0,27.0,83.0,3.0
CMR,2024,11,88.0,15.0,4.0,23.0,42.0,46.0,
CMR,2024,12,99.0,11.0,2.0,25.0,38.0,61.0,3.0
CMR,2025,1,186.0,11.0,41.0,55.0,107.0,79.0,2.0
CMR,2025,2,356.0,10.0,144.0,100.0,254.0,102.0,17.0
CMR,2025,3,555.0,17.0,293.0,109.0,419.0,136.0,5.0
CMR,2025,4,448.0,17.0,255.0,84.0,356.0,92.0,9.0
CMR,2025,5,435.0,13.0,302.0,63.0,378.0,57.0,1.0
CMR,2025,6,378.0,7.0,269.0,64.0,340.0,38.0,2.0
CMR,2025,7,289.0,14.0,215.0,32.0,261.0,28.0,1.0
CMR,2025,8,349.0,15.0,262.0,44.0,321.0,28.0,
CMR,2025,9,339.0,6.0,270.0,37.0,313.0,26.0,2.0
CMR,2025,10,320.0,8.0,285.0,17.0,310.0,10.0,2.0
CMR,2025,11,460.0,25.0,351.0,37.0,413.0,47.0,
CMR,2025,12,728.0,11.0,587.0,69.0,667.0,61.0,
CMR,2026,1,1460.0,16.0,1227.0,125.0,1368.0,92.0,2.0
CMR,2026,2,2309.0,13.0,2020.0,195.0,2228.0,81.0,1.0
CMR,2026,3,2784.0,16.0,2604.0,113.0,2733.0,51.0,2.0
CMR,2026,4,2037.0,12.0,1858.0,117.0,1987.0,50.0,1.0
CMR,2026,5,809.0,21.0,697.0,42.0,760.0,49.0,1.0
CMR,2026,6,386.0,9.0,312.0,35.0,356.0,30.0,
CMR,2026,7,213.0,6.0,140.0,33.0,179.0,34.0,1.0
CMR,2026,8,27.0,7.0,9.0,3.0,19.0,8.0,
COD,2012,1,243.0,1.0,40.0,109.0,150.0,93.0,8.0
COD,2012,2,249.0,0.0,29.0,124.0,153.0,96.0,15.0
COD,2012,3,334.0,0.0,26.0,138.0,164.0,170.0,1.0
COD,2012,4,269.0,5.0,24.0,121.0,150.0,119.0,3.0
COD,2012,5,229.0,5.0,48.0,59.0,112.0,117.0,27.0
COD,2012,6,486.0,13.0,171.0,101.0,285.0,201.0,45.0
COD,2012,7,322.0,12.0,74.0,98.0,184.0,138.0,33.0
COD,2012,8,851.0,69.0,522.0,89.0,680.0,171.0,75.0
COD,2012,9,521.0,58.0,227.0,79.0,364.0,157.0,60.0
COD,2012,10,422.0,38.0,0.0,99.0,137.0,285.0,118.0
COD,2012,11,179.0,92.0,0.0,13.0,105.0,74.0,48.0
COD,2012,12,84.0,75.0,0.0,0.0,75.0,9.0,8.0
COD,2013,1,283.0,0.0,13.0,135.0,148.0,135.0,46.0
COD,2013,2,380.0,0.0,56.0,126.0,182.0,198.0,84.0
COD,2013,3,398.0,1.0,16.0,132.0,149.0,249.0,109.0
COD,2013,4,222.0,0.0,10.0,75.0,85.0,137.0,68.0
COD,2013,5,257.0,2.0,2.0,75.0,79.0,178.0,62.0
COD,2013,6,298.0,0.0,83.0,60.0,143.0,155.0,56.0
COD,2013,7,457.0,6.0,437.0,0.0,443.0,14.0,11.0
COD,2013,8,394.0,3.0,389.0,2.0,394.0,0.0,
COD,2013,9,276.0,4.0,241.0,7.0,252.0,24.0,15.0
COD,2013,10,427.0,13.0,169.0,49.0,231.0,196.0,100.0
COD,2013,11,613.0,8.0,260.0,98.0,366.0,247.0,129.0
COD,2013,12,245.0,5.0,7.0,47.0,59.0,186.0,99.0
COD,2014,1,451.0,1.0,212.0,95.0,308.0,143.0,50.0
COD,2014,2,556.0,0.0,255.0,104.0,359.0,197.0,87.0
COD,2014,3,607.0,0.0,48.0,215.0,263.0,344.0,176.0
COD,2014,4,351.0,2.0,28.0,130.0,160.0,191.0,79.0
COD,2014,5,357.0,3.0,55.0,118.0,176.0,181.0,80.0
COD,2014,6,241.0,2.0,34.0,85.0,121.0,120.0,38.0
COD,2014,7,252.0,2.0,0.0,87.0,89.0,163.0,73.0
COD,2014,8,258.0,1.0,0.0,63.0,64.0,194.0,71.0
COD,2014,9,268.0,3.0,0.0,41.0,44.0,224.0,81.0
COD,2014,10,185.0,18.0,1.0,38.0,57.0,128.0,58.0
COD,2014,11,169.0,3.0,7.0,19.0,29.0,140.0,50.0
COD,2014,12,105.0,2.0,14.0,15.0,31.0,74.0,32.0
COD,2015,1,1199.0,1.0,950.0,73.0,1024.0,175.0,78.0
COD,2015,2,442.0,2.0,213.0,62.0,277.0,165.0,64.0
COD,2015,3,907.0,6.0,576.0,63.0,645.0,262.0,114.0
COD,2015,4,781.0,0.0,532.0,46.0,578.0,203.0,54.0
COD,2015,5,428.0,0.0,220.0,51.0,271.0,157.0,45.0
COD,2015,6,475.0,0.0,299.0,50.0,349.0,126.0,28.0
COD,2015,7,661.0,0.0,441.0,25.0,466.0,195.0,9.0
COD,2015,8,650.0,1.0,419.0,52.0,472.0,178.0,1.0
COD,2015,9,749.0,0.0,449.0,77.0,526.0,223.0,50.0
COD,2015,10,384.0,0.0,332.0,3.0,335.0,49.0,5.0
COD,2015,11,181.0,2.0,34.0,24.0,60.0,121.0,8.0
COD,2015,12,201.0,4.0,4.0,17.0,25.0,176.0,29.0
COD,2016,1,226.0,9.0,38.0,16.0,63.0,163.0,13.0
COD,2016,2,258.0,7.0,89.0,20.0,116.0,142.0,11.0
COD,2016,3,522.0,20.0,218.0,41.0,279.0,243.0,47.0
COD,2016,4,449.0,7.0,211.0,36.0,254.0,195.0,31.0
COD,2016,5,285.0,8.0,133.0,29.0,170.0,115.0,3.0
COD,2016,6,181.0,3.0,28.0,37.0,68.0,113.0,13.0
COD,2016,7,100.0,4.0,7.0,8.0,19.0,81.0,10.0
COD,2016,8,189.0,10.0,29.0,24.0,63.0,126.0,22.0
COD,2016,9,320.0,4.0,161.0,51.0,216.0,104.0,11.0
COD,2016,10,382.0,9.0,132.0,79.0,220.0,162.0,21.0
COD,2016,11,529.0,10.0,341.0,23.0,374.0,155.0,28.0
COD,2016,12,3321.0,18.0,3189.0,42.0,3249.0,72.0,13.0
COD,2017,1,1181.0,17.0,925.0,102.0,1044.0,137.0,34.0
COD,2017,2,765.0,24.0,289.0,92.0,405.0,360.0,56.0
COD,2017,3,697.0,10.0,512.0,41.0,563.0,134.0,35.0
COD,2017,4,476.0,6.0,176.0,91.0,273.0,203.0,57.0
COD,2017,5,281.0,8.0,101.0,28.0,137.0,144.0,52.0
COD,2017,6,441.0,2.0,223.0,63.0,288.0,153.0,28.0
COD,2017,7,530.0,4.0,332.0,62.0,398.0,132.0,17.0
COD,2017,8,311.0,2.0,78.0,25.0,105.0,206.0,70.0
COD,2017,9,372.0,2.0,52.0,59.0,113.0,259.0,99.0
COD,2017,10,362.0,4.0,21.0,43.0,68.0,294.0,87.0
COD,2017,11,353.0,2.0,31.0,43.0,76.0,277.0,94.0
COD,2017,12,315.0,2.0,132.0,16.0,150.0,165.0,60.0
COD,2018,1,510.0,34.0,322.0,26.0,382.0,128.0,41.0
COD,2018,2,762.0,13.0,536.0,65.0,614.0,148.0,20.0
COD,2018,3,1325.0,92.0,1009.0,84.0,1185.0,140.0,17.0
COD,2018,4,316.0,253.0,36.0,8.0,297.0,19.0,4.0
COD,2018,5,244.0,90.0,8.0,75.0,173.0,71.0,15.0
COD,2018,6,319.0,6.0,25.0,128.0,159.0,160.0,26.0
COD,2018,7,525.0,10.0,154.0,163.0,327.0,198.0,12.0
COD,2018,8,472.0,9.0,175.0,86.0,270.0,202.0,52.0
COD,2018,9,747.0,15.0,331.0,137.0,483.0,264.0,38.0
COD,2018,10,1330.0,32.0,942.0,152.0,1126.0,204.0,51.0
COD,2018,11,406.0,222.0,101.0,36.0,359.0,47.0,16.0
COD,2018,12,117.0,115.0,2.0,0.0,117.0,0.0,
COD,2019,1,527.0,0.0,505.0,11.0,516.0,11.0,3.0
COD,2019,2,1357.0,4.0,1104.0,128.0,1236.0,121.0,22.0
COD,2019,3,2743.0,10.0,2136.0,301.0,2447.0,296.0,79.0
COD,2019,4,2285.0,5.0,1922.0,168.0,2095.0,190.0,40.0
COD,2019,5,1140.0,9.0,644.0,298.0,951.0,189.0,24.0
COD,2019,6,1115.0,7.0,628.0,328.0,963.0,152.0,31.0
COD,2019,7,1319.0,13.0,730.0,360.0,1103.0,216.0,45.0
COD,2019,8,1390.0,11.0,801.0,388.0,1200.0,190.0,25.0
COD,2019,9,1509.0,7.0,1007.0,353.0,1367.0,142.0,20.0
COD,2019,10,2351.0,8.0,2008.0,192.0,2208.0,143.0,33.0
COD,2019,11,2779.0,5.0,2545.0,108.0,2658.0,121.0,39.0
COD,2019,12,1830.0,3.0,1583.0,137.0,1723.0,107.0,26.0
COD,2020,1,6833.0,4.0,6515.0,171.0,6690.0,143.0,30.0
COD,2020,2,5170.0,13.0,4424.0,352.0,4789.0,381.0,93.0
COD,2020,3,2323.0,10.0,1299.0,414.0,1723.0,600.0,195.0
COD,2020,4,878.0,5.0,403.0,150.0,558.0,320.0,90.0
COD,2020,5,487.0,8.0,114.0,109.0,231.0,256.0,33.0
COD,2020,6,257.0,10.0,3.0,85.0,98.0,159.0,14.0
COD,2020,7,253.0,6.0,1.0,101.0,108.0,145.0,14.0
COD,2020,8,170.0,3.0,0.0,44.0,47.0,123.0,27.0
COD,2020,9,177.0,10.0,0.0,42.0,52.0,125.0,29.0
COD,2020,10,169.0,4.0,0.0,44.0,48.0,121.0,22.0
COD,2020,11,185.0,6.0,2.0,73.0,81.0,104.0,11.0
COD,2020,12,281.0,12.0,20.0,120.0,152.0,129.0,23.0
COD,2021,1,526.0,3.0,210.0,134.0,347.0,179.0,42.0
COD,2021,2,344.0,6.0,157.0,91.0,254.0,90.0,10.0
COD,2021,3,378.0,6.0,108.0,109.0,223.0,155.0,16.0
COD,2021,4,464.0,4.0,243.0,71.0,318.0,146.0,22.0
COD,2021,5,448.0,3.0,191.0,116.0,310.0,138.0,51.0
COD,2021,6,416.0,1.0,96.0,114.0,211.0,205.0,48.0
COD,2021,7,538.0,1.0,158.0,135.0,294.0,244.0,51.0
COD,2021,8,842.0,5.0,512.0,173.0,690.0,152.0,46.0
COD,2021,9,585.0,8.0,228.0,163.0,399.0,186.0,30.0
COD,2021,10,484.0,13.0,92.0,157.0,262.0,222.0,34.0
COD,2021,11,216.0,5.0,0.0,90.0,95.0,121.0,37.0
COD,2021,12,142.0,3.0,1.0,36.0,40.0,102.0,42.0
COD,2022,1,774.0,4.0,231.0,280.0,515.0,259.0,76.0
COD,2022,2,1200.0,11.0,285.0,409.0,705.0,495.0,115.0
COD,2022,3,1082.0,12.0,124.0,377.0,513.0,569.0,214.0
COD,2022,4,572.0,10.0,12.0,202.0,224.0,348.0,124.0
COD,2022,5,524.0,12.0,6.0,171.0,189.0,335.0,112.0
COD,2022,6,516.0,11.0,43.0,199.0,253.0,263.0,78.0
COD,2022,7,607.0,9.0,6.0,227.0,242.0,365.0,133.0
COD,2022,8,603.0,12.0,37.0,276.0,325.0,278.0,112.0
COD,2022,9,541.0,9.0,102.0,201.0,312.0,229.0,76.0
COD,2022,10,687.0,7.0,168.0,264.0,439.0,248.0,60.0
COD,2022,11,816.0,7.0,265.0,218.0,490.0,326.0,112.0
COD,2022,12,248.0,23.0,3.0,110.0,136.0,112.0,27.0
COD,2023,1,858.0,5.0,196.0,341.0,542.0,316.0,107.0
COD,2023,2,1700.0,13.0,752.0,553.0,1318.0,382.0,73.0
COD,2023,3,1434.0,18.0,537.0,480.0,1035.0,399.0,100.0
COD,2023,4,1837.0,6.0,1003.0,454.0,1463.0,374.0,94.0
COD,2023,5,2588.0,8.0,1992.0,329.0,2329.0,259.0,44.0
COD,2023,6,1371.0,8.0,879.0,321.0,1208.0,163.0,25.0
COD,2023,7,1109.0,10.0,454.0,378.0,842.0,267.0,65.0
COD,2023,8,1206.0,15.0,362.0,456.0,833.0,373.0,33.0
COD,2023,9,694.0,9.0,255.0,222.0,486.0,208.0,6.0
COD,2023,10,471.0,10.0,31.0,249.0,290.0,181.0,3.0
COD,2023,11,537.0,10.0,0.0,281.0,291.0,246.0,12.0
COD,2023,12,151.0,3.0,2.0,59.0,64.0,87.0,32.0
COD,2024,1,876.0,6.0,389.0,287.0,682.0,194.0,13.0
COD,2024,2,1018.0,8.0,335.0,341.0,684.0,334.0,44.0
COD,2024,3,1181.0,13.0,458.0,367.0,838.0,343.0,25.0
COD,2024,4,1076.0,12.0,459.0,263.0,734.0,342.0,29.0
COD,2024,5,1265.0,10.0,650.0,284.0,944.0,321.0,16.0
COD,2024,6,789.0,15.0,75.0,318.0,408.0,381.0,23.0
COD,2024,7,538.0,6.0,3.0,222.0,231.0,307.0,23.0
COD,2024,8,588.0,7.0,1.0,227.0,235.0,353.0,46.0
COD,2024,9,302.0,8.0,1.0,86.0,95.0,207.0,17.0
COD,2024,10,386.0,6.0,0.0,88.0,94.0,292.0,32.0
COD,2024,11,181.0,6.0,0.0,55.0,61.0,120.0,10.0
COD,2024,12,302.0,1.0,0.0,79.0,80.0,222.0,22.0
COD,2025,1,440.0,10.0,121.0,178.0,309.0,131.0,8.0
COD,2025,2,409.0,9.0,78.0,158.0,245.0,164.0,15.0
COD,2025,3,761.0,6.0,179.0,285.0,470.0,291.0,29.0
COD,2025,4,949.0,17.0,23.0,409.0,449.0,500.0,58.0
COD,2025,5,669.0,17.0,6.0,377.0,400.0,269.0,31.0
COD,2025,6,858.0,29.0,85.0,393.0,507.0,351.0,49.0
COD,2025,7,635.0,22.0,0.0,354.0,376.0,259.0,51.0
COD,2025,8,718.0,35.0,0.0,361.0,396.0,322.0,36.0
COD,2025,9,501.0,21.0,0.0,262.0,283.0,218.0,73.0
COD,2025,10,635.0,19.0,0.0,175.0,194.0,441.0,308.0
COD,2025,11,883.0,8.0,0.0,404.0,412.0,471.0,136.0
COD,2025,12,541.0,8.0,2.0,269.0,279.0,262.0,68.0
COD,2026,1,1558.0,8.0,483.0,563.0,1054.0,504.0,150.0
COD,2026,2,2166.0,7.0,1051.0,178.0,1236.0,930.0,810.0
COD,2026,3,1558.0,0.0,713.0,5.0,718.0,840.0,814.0
COD,2026,4,686.0,0.0,2.0,101.0,103.0,583.0,328.0
COD,2026,5,292.0,0.0,3.0,66.0,69.0,223.0,102.0
COD,2026,6,344.0,5.0,8.0,68.0,81.0,263.0,95.0
COD,2026,7,329.0,31.0,5.0,79.0,115.0,214.0,60.0
COD,2026,8,60.0,52.0,8.0,0.0,60.0,0.0,
COD,2026,9,5.0,0.0,5.0,0.0,5.0,0.0,
COG,2012,1,48.0,4.0,0.0,26.0,30.0,18.0,
COG,2012,2,97.0,2.0,0.0,66.0,68.0,29.0,5.0
COG,2012,3,59.0,0.0,0.0,38.0,38.0,21.0,5.0
COG,2012,4,23.0,3.0,0.0,12.0,15.0,8.0,
COG,2012,5,38.0,1.0,0.0,17.0,18.0,20.0,4.0
COG,2012,6,20.0,3.0,0.0,9.0,12.0,8.0,
COG,2012,7,50.0,8.0,0.0,29.0,37.0,13.0,1.0
COG,2012,8,38.0,2.0,0.0,21.0,23.0,15.0,
COG,2012,9,24.0,0.0,0.0,6.0,6.0,18.0,
COG,2012,10,23.0,8.0,0.0,6.0,14.0,9.0,
COG,2012,11,9.0,1.0,0.0,3.0,4.0,5.0,
COG,2012,12,9.0,3.0,0.0,1.0,4.0,5.0,
COG,2013,1,48.0,2.0,0.0,12.0,14.0,34.0,6.0
COG,2013,2,48.0,1.0,0.0,18.0,19.0,29.0,14.0
COG,2013,3,63.0,1.0,0.0,28.0,29.0,34.0,15.0
COG,2013,4,42.0,1.0,0.0,11.0,12.0,30.0,6.0
COG,2013,5,37.0,0.0,0.0,11.0,11.0,26.0,4.0
COG,2013,6,77.0,2.0,0.0,16.0,18.0,59.0,2.0
COG,2013,7,72.0,0.0,0.0,0.0,0.0,72.0,7.0
COG,2013,8,46.0,0.0,0.0,5.0,5.0,41.0,17.0
COG,2013,9,43.0,0.0,0.0,7.0,7.0,36.0,18.0
COG,2013,10,21.0,0.0,0.0,1.0,1.0,20.0,6.0
COG,2013,11,40.0,0.0,0.0,4.0,4.0,36.0,8.0
COG,2013,12,20.0,1.0,0.0,3.0,4.0,16.0,4.0
COG,2014,1,30.0,1.0,0.0,3.0,4.0,26.0,13.0
COG,2014,2,29.0,0.0,0.0,3.0,3.0,26.0,11.0
COG,2014,3,33.0,1.0,1.0,13.0,15.0,18.0,10.0
COG,2014,4,11.0,1.0,0.0,1.0,2.0,9.0,1.0
COG,2014,5,13.0,0.0,0.0,0.0,0.0,13.0,2.0
COG,2014,6,11.0,0.0,0.0,3.0,3.0,8.0,1.0
COG,2014,7,37.0,0.0,0.0,18.0,18.0,19.0,1.0
COG,2014,8,33.0,2.0,0.0,25.0,27.0,6.0,1.0
COG,2014,9,14.0,0.0,0.0,0.0,0.0,14.0,2.0
COG,2014,10,7.0,0.0,0.0,0.0,0.0,7.0,2.0
COG,2014,11,9.0,0.0,0.0,0.0,0.0,9.0,1.0
COG,2014,12,11.0,2.0,0.0,0.0,2.0,9.0,
COG,2015,1,173.0,0.0,154.0,11.0,165.0,8.0,
COG,2015,2,255.0,0.0,229.0,9.0,238.0,17.0,
COG,2015,3,399.0,0.0,363.0,22.0,385.0,14.0,
COG,2015,4,434.0,1.0,396.0,13.0,410.0,24.0,1.0
COG,2015,5,131.0,0.0,93.0,9.0,102.0,29.0,
COG,2015,6,46.0,1.0,15.0,8.0,24.0,22.0,
COG,2015,7,29.0,0.0,0.0,9.0,9.0,20.0,
COG,2015,8,41.0,0.0,0.0,12.0,12.0,29.0,3.0
COG,2015,9,12.0,0.0,0.0,2.0,2.0,10.0,
COG,2015,10,12.0,0.0,0.0,1.0,1.0,11.0,
COG,2015,11,42.0,0.0,0.0,8.0,8.0,34.0,
COG,2015,12,26.0,3.0,0.0,4.0,7.0,19.0,
COG,2016,2,23.0,0.0,0.0,14.0,14.0,9.0,
COG,2016,3,40.0,1.0,0.0,27.0,28.0,12.0,
COG,2016,4,35.0,5.0,0.0,18.0,23.0,12.0,
COG,2016,5,50.0,3.0,0.0,29.0,32.0,18.0,
COG,2016,6,95.0,8.0,0.0,60.0,68.0,27.0,
COG,2016,7,59.0,5.0,0.0,37.0,42.0,17.0,
COG,2016,8,75.0,2.0,0.0,55.0,57.0,18.0,
COG,2016,9,21.0,5.0,0.0,4.0,9.0,12.0,
COG,2016,10,21.0,16.0,0.0,0.0,16.0,5.0,
COG,2016,11,22.0,5.0,0.0,3.0,8.0,14.0,
COG,2016,12,10.0,0.0,0.0,7.0,7.0,3.0,
COG,2017,1,25.0,0.0,0.0,9.0,9.0,16.0,1.0
COG,2017,2,30.0,1.0,0.0,7.0,8.0,22.0,1.0
COG,2017,3,20.0,0.0,0.0,15.0,15.0,5.0,
COG,2017,4,12.0,0.0,0.0,0.0,0.0,12.0,
COG,2017,5,22.0,0.0,0.0,10.0,10.0,12.0,
COG,2017,6,16.0,0.0,0.0,2.0,2.0,14.0,1.0
COG,2017,7,12.0,0.0,0.0,0.0,0.0,12.0,1.0
COG,2017,8,15.0,0.0,0.0,0.0,0.0,15.0,
COG,2017,9,14.0,1.0,0.0,2.0,3.0,11.0,4.0
COG,2017,10,11.0,0.0,0.0,3.0,3.0,8.0,2.0
COG,2017,11,14.0,0.0,0.0,3.0,3.0,11.0,1.0
COG,2017,12,9.0,0.0,0.0,3.0,3.0,6.0,1.0
COG,2018,1,15.0,1.0,0.0,0.0,1.0,14.0,1.0
COG,2018,2,22.0,0.0,0.0,3.0,3.0,19.0,5.0
COG,2018,3,42.0,0.0,0.0,1.0,1.0,41.0,11.0
COG,2018,4,25.0,0.0,0.0,2.0,2.0,23.0,7.0
COG,2018,5,70.0,1.0,0.0,4.0,5.0,65.0,22.0
COG,2018,6,31.0,3.0,0.0,0.0,3.0,28.0,5.0
COG,2018,7,57.0,15.0,0.0,1.0,16.0,41.0,11.0
COG,2018,8,39.0,1.0,0.0,0.0,1.0,38.0,18.0
COG,2018,9,37.0,1.0,0.0,3.0,4.0,33.0,12.0
COG,2018,10,32.0,2.0,0.0,1.0,3.0,29.0,13.0
COG,2018,11,44.0,10.0,0.0,2.0,12.0,32.0,11.0
COG,2018,12,26.0,17.0,0.0,0.0,17.0,9.0,3.0
COG,2019,1,34.0,0.0,0.0,7.0,7.0,27.0,7.0
COG,2019,2,35.0,2.0,0.0,2.0,4.0,31.0,10.0
COG,2019,3,30.0,1.0,0.0,0.0,1.0,29.0,11.0
COG,2019,4,16.0,1.0,0.0,2.0,3.0,13.0,1.0
COG,2019,5,8.0,0.0,0.0,3.0,3.0,5.0,
COG,2019,6,6.0,0.0,0.0,1.0,1.0,5.0,
COG,2019,7,13.0,0.0,0.0,6.0,6.0,7.0,
COG,2019,8,17.0,1.0,0.0,3.0,4.0,13.0,
COG,2019,9,37.0,1.0,0.0,7.0,8.0,29.0,1.0
COG,2019,10,23.0,2.0,0.0,8.0,10.0,13.0,
COG,2019,11,48.0,0.0,0.0,16.0,16.0,32.0,1.0
COG,2019,12,17.0,0.0,0.0,7.0,7.0,10.0,
COG,2020,1,25.0,1.0,0.0,7.0,8.0,17.0,
COG,2020,2,41.0,0.0,0.0,16.0,16.0,25.0,2.0
COG,2020,3,31.0,3.0,0.0,9.0,12.0,19.0,1.0
COG,2020,4,8.0,0.0,0.0,2.0,2.0,6.0,
COG,2020,5,1.0,0.0,0.0,0.0,0.0,1.0,
COG,2020,6,5.0,0.0,0.0,0.0,0.0,5.0,
COG,2020,7,4.0,0.0,0.0,0.0,0.0,4.0,
COG,2020,8,10.0,0.0,0.0,2.0,2.0,8.0,
COG,2020,9,5.0,0.0,0.0,0.0,0.0,5.0,
COG,2020,10,8.0,0.0,0.0,0.0,0.0,8.0,
COG,2020,11,3.0,0.0,0.0,1.0,1.0,2.0,
COG,2021,1,12.0,0.0,0.0,2.0,2.0,10.0,1.0
COG,2021,2,16.0,0.0,0.0,4.0,4.0,12.0,
COG,2021,3,42.0,0.0,0.0,9.0,9.0,33.0,3.0
COG,2021,4,44.0,0.0,0.0,11.0,11.0,33.0,1.0
COG,2021,5,47.0,1.0,0.0,9.0,10.0,37.0,
COG,2021,6,27.0,0.0,0.0,0.0,0.0,27.0,2.0
COG,2021,7,33.0,1.0,0.0,7.0,8.0,25.0,2.0
COG,2021,8,15.0,0.0,0.0,6.0,6.0,9.0,
COG,2021,9,33.0,1.0,0.0,7.0,8.0,25.0,1.0
COG,2021,10,20.0,7.0,0.0,5.0,12.0,8.0,
COG,2021,11,58.0,4.0,0.0,31.0,35.0,23.0,2.0
COG,2021,12,108.0,6.0,0.0,62.0,68.0,40.0,2.0
COG,2022,1,60.0,1.0,0.0,46.0,47.0,13.0,
COG,2022,2,61.0,3.0,0.0,46.0,49.0,12.0,
COG,2022,3,93.0,0.0,0.0,64.0,64.0,29.0,1.0
COG,2022,4,47.0,1.0,0.0,24.0,25.0,22.0,
COG,2022,5,70.0,2.0,0.0,47.0,49.0,21.0,
COG,2022,6,31.0,0.0,0.0,22.0,22.0,9.0,
COG,2022,7,33.0,1.0,0.0,19.0,20.0,13.0,
COG,2022,8,37.0,0.0,0.0,29.0,29.0,8.0,
COG,2022,9,20.0,0.0,0.0,13.0,13.0,7.0,
COG,2022,10,31.0,0.0,0.0,11.0,11.0,20.0,
COG,2022,11,34.0,0.0,0.0,9.0,9.0,25.0,
COG,2022,12,20.0,0.0,0.0,5.0,5.0,15.0,
COG,2023,1,13.0,0.0,0.0,4.0,4.0,9.0,
COG,2023,2,40.0,1.0,7.0,17.0,25.0,15.0,2.0
COG,2023,3,76.0,0.0,25.0,23.0,48.0,28.0,
COG,2023,4,134.0,1.0,85.0,24.0,110.0,24.0,1.0
COG,2023,5,88.0,1.0,37.0,21.0,59.0,29.0,
COG,2023,6,59.0,0.0,28.0,15.0,43.0,16.0,
COG,2023,7,52.0,2.0,13.0,16.0,31.0,21.0,
COG,2023,8,32.0,2.0,4.0,11.0,17.0,15.0,
COG,2023,9,30.0,1.0,0.0,17.0,18.0,12.0,2.0
COG,2023,10,30.0,0.0,0.0,8.0,8.0,22.0,
COG,2023,11,28.0,1.0,0.0,19.0,20.0,8.0,
COG,2023,12,16.0,0.0,0.0,9.0,9.0,7.0,
COG,2024,1,34.0,0.0,12.0,11.0,23.0,11.0,
COG,2024,2,58.0,1.0,7.0,15.0,23.0,35.0,2.0
COG,2024,3,47.0,0.0,6.0,6.0,12.0,35.0,1.0
COG,2024,4,27.0,0.0,0.0,5.0,5.0,22.0,
COG,2024,5,45.0,2.0,0.0,11.0,13.0,32.0,
COG,2024,6,33.0,2.0,0.0,6.0,8.0,25.0,
COG,2024,7,66.0,4.0,0.0,25.0,29.0,37.0,
COG,2024,8,46.0,1.0,7.0,11.0,19.0,27.0,
COG,2024,9,60.0,3.0,1.0,19.0,23.0,37.0,
COG,2024,10,19.0,0.0,1.0,2.0,3.0,16.0,
COG,2024,11,30.0,0.0,0.0,15.0,15.0,15.0,
COG,2024,12,22.0,1.0,0.0,8.0,9.0,13.0,1.0
COG,2025,1,47.0,0.0,4.0,19.0,23.0,24.0,
COG,2025,2,147.0,0.0,86.0,27.0,113.0,34.0,
COG,2025,3,122.0,3.0,54.0,35.0,92.0,30.0,1.0
COG,2025,4,179.0,3.0,107.0,40.0,150.0,29.0,
COG,2025,5,104.0,2.0,47.0,20.0,69.0,35.0,
COG,2025,6,39.0,0.0,5.0,7.0,12.0,27.0,
COG,2025,7,37.0,1.0,0.0,13.0,14.0,23.0,
COG,2025,8,20.0,1.0,0.0,8.0,9.0,11.0,
COG,2025,9,32.0,0.0,0.0,17.0,17.0,15.0,
COG,2025,10,23.0,1.0,0.0,9.0,10.0,13.0,
COG,2025,11,17.0,2.0,0.0,4.0,6.0,11.0,
COG,2025,12,55.0,4.0,0.0,14.0,18.0,37.0,
COG,2026,1,95.0,3.0,25.0,42.0,70.0,25.0,
COG,2026,2,157.0,2.0,53.0,69.0,124.0,33.0,
COG,2026,3,181.0,3.0,64.0,80.0,147.0,34.0,
COG,2026,4,85.0,4.0,6.0,48.0,58.0,27.0,1.0
COG,2026,5,132.0,12.0,75.0,20.0,107.0,25.0,
COG,2026,6,54.0,18.0,7.0,9.0,34.0,20.0,1.0
COG,2026,7,11.0,6.0,0.0,2.0,8.0,3.0,
COM,2012,1,2.0,0.0,0.0,0.0,0.0,2.0,
COM,2012,2,1.0,0.0,0.0,0.0,0.0,1.0,
COM,2013,2,1.0,0.0,0.0,0.0,0.0,1.0,
COM,2015,2,1.0,0.0,0.0,0.0,0.0,1.0,
COM,2015,3,1.0,0.0,0.0,0.0,0.0,1.0,
COM,2015,4,1.0,0.0,0.0,0.0,0.0,1.0,
COM,2015,5,1.0,0.0,0.0,0.0,0.0,1.0,
COM,2015,10,1.0,0.0,0.0,0.0,0.0,1.0,
COM,2015,11,1.0,0.0,0.0,0.0,0.0,1.0,
COM,2015,12,1.0,0.0,0.0,0.0,0.0,1.0,
COM,2016,1,1.0,0.0,0.0,0.0,0.0,1.0,
COM,2016,2,2.0,0.0,0.0,0.0,0.0,2.0,
COM,2016,3,1.0,0.0,0.0,0.0,0.0,1.0,
COM,2016,4,1.0,0.0,0.0,0.0,0.0,1.0,
COM,2016,7,1.0,0.0,0.0,0.0,0.0,1.0,
COM,2016,8,2.0,0.0,0.0,0.0,0.0,2.0,
COM,2016,9,1.0,0.0,0.0,0.0,0.0,1.0,
COM,2017,1,1.0,0.0,0.0,0.0,0.0,1.0,
COM,2017,2,3.0,0.0,0.0,0.0,0.0,3.0,
COM,2017,3,3.0,0.0,0.0,0.0,0.0,3.0,
COM,2017,4,3.0,0.0,0.0,0.0,0.0,3.0,
COM,2017,5,1.0,0.0,0.0,0.0,0.0,1.0,
COM,2017,6,5.0,0.0,0.0,0.0,0.0,5.0,
COM,2017,7,4.0,0.0,0.0,0.0,0.0,4.0,
COM,2017,8,1.0,0.0,0.0,0.0,0.0,1.0,
COM,2017,9,5.0,0.0,0.0,0.0,0.0,5.0,
COM,2017,10,5.0,0.0,0.0,0.0,0.0,5.0,
COM,2017,11,3.0,0.0,0.0,0.0,0.0,3.0,
COM,2017,12,2.0,0.0,0.0,0.0,0.0,2.0,
COM,2018,1,9.0,0.0,0.0,0.0,0.0,9.0,
COM,2018,2,20.0,0.0,0.0,0.0,0.0,20.0,
COM,2018,3,1.0,0.0,0.0,0.0,0.0,1.0,
COM,2018,4,2.0,0.0,0.0,0.0,0.0,2.0,
COM,2018,9,1.0,0.0,0.0,0.0,0.0,1.0,
COM,2018,10,1.0,0.0,0.0,0.0,0.0,1.0,
COM,2018,11,5.0,0.0,0.0,0.0,0.0,5.0,
COM,2018,12,9.0,0.0,0.0,0.0,0.0,9.0,
COM,2019,1,8.0,0.0,0.0,0.0,0.0,8.0,
COM,2019,2,10.0,0.0,0.0,1.0,1.0,9.0,
COM,2019,3,10.0,0.0,0.0,1.0,1.0,9.0,
COM,2019,4,6.0,0.0,1.0,2.0,3.0,3.0,
COM,2019,5,57.0,0.0,10.0,11.0,21.0,36.0,
COM,2019,6,37.0,0.0,8.0,8.0,16.0,21.0,
COM,2019,7,35.0,0.0,1.0,13.0,14.0,21.0,
COM,2019,8,16.0,0.0,0.0,6.0,6.0,10.0,
COM,2019,9,4.0,0.0,0.0,1.0,1.0,3.0,
COM,2019,10,6.0,0.0,0.0,0.0,0.0,6.0,
COM,2019,11,13.0,0.0,0.0,1.0,1.0,12.0,
COM,2019,12,18.0,0.0,0.0,0.0,0.0,18.0,
COM,2020,1,3.0,0.0,0.0,0.0,0.0,3.0,
COM,2020,2,15.0,0.0,0.0,0.0,0.0,15.0,
COM,2020,3,6.0,0.0,0.0,0.0,0.0,6.0,1.0
COM,2020,7,6.0,0.0,0.0,0.0,0.0,6.0,
COM,2020,8,2.0,0.0,0.0,0.0,0.0,2.0,
COM,2020,9,3.0,1.0,0.0,0.0,1.0,2.0,
COM,2020,10,3.0,0.0,0.0,0.0,0.0,3.0,
COM,2020,11,2.0,0.0,0.0,0.0,0.0,2.0,
COM,2020,12,1.0,0.0,0.0,0.0,0.0,1.0,
COM,2021,1,1.0,0.0,0.0,0.0,0.0,1.0,
COM,2021,2,2.0,0.0,0.0,0.0,0.0,2.0,
COM,2021,6,5.0,0.0,0.0,0.0,0.0,5.0,
COM,2021,7,5.0,0.0,0.0,0.0,0.0,5.0,
COM,2021,8,8.0,0.0,0.0,0.0,0.0,8.0,
COM,2021,9,9.0,0.0,0.0,0.0,0.0,9.0,
COM,2021,10,8.0,1.0,0.0,0.0,1.0,7.0,
COM,2021,12,4.0,3.0,0.0,0.0,3.0,1.0,1.0
COM,2022,1,4.0,0.0,0.0,1.0,1.0,3.0,
COM,2022,2,8.0,2.0,0.0,0.0,2.0,6.0,
COM,2022,3,5.0,2.0,0.0,0.0,2.0,3.0,
COM,2022,4,3.0,0.0,0.0,0.0,0.0,3.0,
COM,2022,7,3.0,3.0,0.0,0.0,3.0,0.0,
COM,2022,8,2.0,2.0,0.0,0.0,2.0,0.0,
COM,2022,9,2.0,2.0,0.0,0.0,2.0,0.0,
COM,2022,10,2.0,0.0,0.0,0.0,0.0,2.0,
COM,2022,11,8.0,0.0,0.0,0.0,0.0,8.0,1.0
COM,2022,12,15.0,0.0,0.0,4.0,4.0,11.0,
COM,2023,3,1.0,0.0,0.0,0.0,0.0,1.0,1.0
COM,2023,4,1.0,0.0,0.0,0.0,0.0,1.0,
COM,2023,5,21.0,0.0,0.0,1.0,1.0,20.0,1.0
COM,2023,6,1.0,0.0,0.0,0.0,0.0,1.0,
COM,2023,8,9.0,0.0,0.0,0.0,0.0,9.0,
COM,2023,9,6.0,0.0,0.0,0.0,0.0,6.0,
COM,2023,10,4.0,0.0,0.0,0.0,0.0,4.0,
COM,2023,11,5.0,0.0,0.0,0.0,0.0,5.0,
COM,2024,1,3.0,0.0,0.0,0.0,0.0,3.0,
COM,2024,2,4.0,0.0,0.0,0.0,0.0,4.0,
COM,2024,3,24.0,1.0,0.0,3.0,4.0,20.0,1.0
COM,2024,4,44.0,0.0,0.0,9.0,9.0,35.0,1.0
COM,2024,5,2.0,0.0,0.0,0.0,0.0,2.0,
COM,2024,7,2.0,0.0,0.0,0.0,0.0,2.0,
COM,2024,8,7.0,0.0,0.0,0.0,0.0,7.0,
COM,2024,9,9.0,0.0,0.0,0.0,0.0,9.0,
COM,2024,10,12.0,0.0,0.0,1.0,1.0,11.0,
COM,2024,11,21.0,0.0,0.0,1.0,1.0,20.0,
COM,2024,12,5.0,1.0,0.0,0.0,1.0,4.0,
COM,2025,1,6.0,0.0,0.0,1.0,1.0,5.0,
COM,2025,2,3.0,0.0,0.0,0.0,0.0,3.0,
COM,2025,3,5.0,0.0,0.0,0.0,0.0,5.0,
COM,2025,4,4.0,1.0,0.0,0.0,1.0,3.0,1.0
COM,2025,5,6.0,0.0,0.0,1.0,1.0,5.0,
COM,2025,6,5.0,0.0,0.0,0.0,0.0,5.0,
COM,2025,7,2.0,0.0,0.0,0.0,0.0,2.0,
COM,2025,8,10.0,0.0,0.0,0.0,0.0,10.0,
COM,2025,9,4.0,0.0,0.0,0.0,0.0,4.0,
COM,2025,10,7.0,0.0,0.0,0.0,0.0,7.0,
COM,2025,12,1.0,0.0,0.0,0.0,0.0,1.0,
COM,2026,1,5.0,0.0,0.0,0.0,0.0,5.0,
COM,2026,2,3.0,0.0,0.0,0.0,0.0,3.0,
COM,2026,3,5.0,0.0,0.0,0.0,0.0,5.0,
COM,2026,4,6.0,0.0,0.0,0.0,0.0,6.0,
COM,2026,5,6.0,0.0,0.0,0.0,0.0,6.0,
COM,2026,6,11.0,0.0,0.0,2.0,2.0,9.0,
CPV,2012,9,1.0,0.0,0.0,0.0,0.0,1.0,
CPV,2013,9,2.0,0.0,0.0,0.0,0.0,2.0,
CPV,2016,2,1.0,1.0,0.0,0.0,1.0,0.0,
CPV,2016,3,1.0,1.0,0.0,0.0,1.0,0.0,
CPV,2016,4,1.0,1.0,0.0,0.0,1.0,0.0,
CPV,2019,10,1.0,0.0,0.0,1.0,1.0,0.0,
CPV,2023,1,2.0,0.0,2.0,0.0,2.0,0.0,
DJI,2012,1,8.0,0.0,0.0,0.0,0.0,8.0,
DJI,2012,2,8.0,0.0,0.0,0.0,0.0,8.0,
DJI,2014,6,6.0,0.0,0.0,6.0,6.0,0.0,
DJI,2015,1,7.0,0.0,0.0,4.0,4.0,3.0,
DJI,2015,2,26.0,18.0,1.0,7.0,26.0,0.0,
DJI,2022,2,5.0,0.0,0.0,0.0,0.0,5.0,4.0
DJI,2022,3,4.0,0.0,0.0,0.0,0.0,4.0,3.0
DJI,2022,4,9.0,0.0,0.0,0.0,0.0,9.0,5.0
DJI,2022,6,42.0,0.0,2.0,23.0,25.0,17.0,3.0
DJI,2022,7,20.0,0.0,0.0,10.0,10.0,10.0,1.0
DJI,2022,8,49.0,0.0,0.0,33.0,33.0,16.0,2.0
DJI,2022,9,70.0,0.0,0.0,47.0,47.0,23.0,3.0
DJI,2022,10,65.0,0.0,1.0,47.0,48.0,17.0,
DJI,2022,11,25.0,0.0,0.0,19.0,19.0,6.0,
DJI,2023,1,9.0,9.0,0.0,0.0,9.0,0.0,
DJI,2023,2,4.0,0.0,0.0,2.0,2.0,2.0,
DJI,2023,3,20.0,1.0,0.0,12.0,13.0,7.0,
DJI,2023,4,14.0,0.0,0.0,11.0,11.0,3.0,
DJI,2023,5,46.0,0.0,0.0,36.0,36.0,10.0,
DJI,2023,6,15.0,0.0,0.0,10.0,10.0,5.0,4.0
DJI,2023,7,2.0,0.0,0.0,2.0,2.0,0.0,
DJI,2023,8,1.0,0.0,0.0,0.0,0.0,1.0,
DJI,2023,9,3.0,0.0,0.0,0.0,0.0,3.0,
DJI,2024,1,6.0,0.0,0.0,2.0,2.0,4.0,1.0
DJI,2024,2,5.0,0.0,0.0,0.0,0.0,5.0,
DJI,2024,3,1.0,0.0,0.0,0.0,0.0,1.0,
DJI,2024,4,12.0,0.0,0.0,9.0,9.0,3.0,
DJI,2024,5,31.0,0.0,0.0,20.0,20.0,11.0,
DJI,2024,6,36.0,0.0,0.0,25.0,25.0,11.0,
DJI,2024,7,3.0,0.0,0.0,3.0,3.0,0.0,
DJI,2024,8,1.0,0.0,0.0,0.0,0.0,1.0,
DJI,2024,9,3.0,0.0,0.0,0.0,0.0,3.0,
DJI,2024,10,3.0,0.0,0.0,1.0,1.0,2.0,
DJI,2024,11,2.0,0.0,0.0,0.0,0.0,2.0,2.0
DJI,2025,1,1.0,0.0,0.0,1.0,1.0,0.0,
DJI,2025,2,9.0,0.0,0.0,3.0,3.0,6.0,
DJI,2025,3,6.0,0.0,0.0,1.0,1.0,5.0,
DJI,2025,4,12.0,0.0,0.0,1.0,1.0,11.0,
DJI,2025,5,6.0,0.0,0.0,2.0,2.0,4.0,
DJI,2025,7,5.0,0.0,0.0,1.0,1.0,4.0,1.0
DJI,2025,9,9.0,0.0,0.0,2.0,2.0,7.0,2.0
DJI,2025,10,11.0,0.0,0.0,2.0,2.0,9.0,1.0
DJI,2025,11,6.0,0.0,0.0,0.0,0.0,6.0,1.0
DJI,2026,1,8.0,0.0,0.0,0.0,0.0,8.0,4.0
DJI,2026,2,7.0,0.0,0.0,0.0,0.0,7.0,5.0
DJI,2026,3,14.0,2.0,0.0,0.0,2.0,12.0,6.0
DJI,2026,4,13.0,0.0,0.0,4.0,4.0,9.0,4.0
DJI,2026,5,19.0,0.0,0.0,13.0,13.0,6.0,1.0
DJI,2026,6,21.0,0.0,0.0,10.0,10.0,11.0,1.0
DJI,2026,7,23.0,0.0,0.0,11.0,11.0,12.0,
DJI,2026,8,6.0,0.0,0.0,3.0,3.0,3.0,
DZA,2012,1,8.0,6.0,0.0,2.0,8.0,0.0,
DZA,2012,2,10.0,10.0,0.0,0.0,10.0,0.0,
DZA,2012,3,17.0,17.0,0.0,0.0,17.0,0.0,
DZA,2012,4,7.0,5.0,0.0,0.0,5.0,2.0,1.0
DZA,2012,5,14.0,11.0,0.0,0.0,11.0,3.0,3.0
DZA,2012,6,10.0,0.0,0.0,0.0,0.0,10.0,8.0
DZA,2012,7,1.0,0.0,0.0,0.0,0.0,1.0,
DZA,2012,10,1.0,1.0,0.0,0.0,1.0,0.0,
DZA,2012,11,3.0,3.0,0.0,0.0,3.0,0.0,
DZA,2012,12,5.0,0.0,0.0,0.0,0.0,5.0,1.0
DZA,2013,1,38.0,0.0,0.0,0.0,0.0,38.0,22.0
DZA,2013,2,26.0,0.0,0.0,0.0,0.0,26.0,7.0
DZA,2013,3,16.0,0.0,0.0,0.0,0.0,16.0,
DZA,2013,4,5.0,0.0,0.0,0.0,0.0,5.0,
DZA,2014,1,3.0,0.0,0.0,0.0,0.0,3.0,1.0
DZA,2014,2,2.0,0.0,0.0,0.0,0.0,2.0,
DZA,2014,3,11.0,0.0,0.0,0.0,0.0,11.0,
DZA,2014,4,4.0,0.0,0.0,0.0,0.0,4.0,1.0
DZA,2014,5,7.0,0.0,0.0,0.0,0.0,7.0,1.0
DZA,2014,6,2.0,0.0,0.0,0.0,0.0,2.0,
DZA,2014,7,2.0,0.0,0.0,0.0,0.0,2.0,
DZA,2014,8,3.0,0.0,0.0,0.0,0.0,3.0,
DZA,2014,9,4.0,0.0,0.0,0.0,0.0,4.0,
DZA,2014,10,3.0,0.0,0.0,0.0,0.0,3.0,
DZA,2014,11,8.0,0.0,0.0,0.0,0.0,8.0,
DZA,2015,1,1.0,0.0,0.0,0.0,0.0,1.0,
DZA,2015,2,2.0,0.0,0.0,0.0,0.0,2.0,
DZA,2015,3,4.0,0.0,0.0,0.0,0.0,4.0,
DZA,2015,4,1.0,0.0,0.0,0.0,0.0,1.0,
DZA,2015,5,25.0,0.0,7.0,0.0,7.0,18.0,1.0
DZA,2015,6,51.0,0.0,44.0,2.0,46.0,5.0,1.0
DZA,2015,7,14.0,0.0,8.0,0.0,8.0,6.0,
DZA,2015,8,5.0,0.0,1.0,0.0,1.0,4.0,
DZA,2015,11,5.0,0.0,0.0,0.0,0.0,5.0,
DZA,2015,12,1.0,0.0,0.0,0.0,0.0,1.0,
DZA,2016,1,4.0,0.0,3.0,0.0,3.0,1.0,
DZA,2016,3,4.0,0.0,4.0,0.0,4.0,0.0,
DZA,2016,4,3.0,0.0,0.0,2.0,2.0,1.0,
DZA,2016,5,45.0,0.0,20.0,17.0,37.0,8.0,3.0
DZA,2016,6,5.0,0.0,0.0,2.0,2.0,3.0,
DZA,2016,7,3.0,0.0,0.0,0.0,0.0,3.0,
DZA,2016,8,1.0,0.0,0.0,0.0,0.0,1.0,
DZA,2016,9,3.0,0.0,0.0,0.0,0.0,3.0,
DZA,2016,10,8.0,0.0,0.0,0.0,0.0,8.0,1.0
DZA,2016,11,10.0,0.0,0.0,0.0,0.0,10.0,6.0
DZA,2016,12,7.0,1.0,0.0,0.0,1.0,6.0,1.0
DZA,2017,1,9.0,0.0,0.0,0.0,0.0,9.0,6.0
DZA,2017,2,29.0,7.0,0.0,0.0,7.0,22.0,
DZA,2017,3,28.0,28.0,0.0,0.0,28.0,0.0,
DZA,2017,4,36.0,35.0,0.0,0.0,35.0,1.0,
DZA,2017,5,48.0,38.0,0.0,6.0,44.0,4.0,
DZA,2017,6,23.0,22.0,0.0,0.0,22.0,1.0,
DZA,2017,7,5.0,3.0,0.0,1.0,4.0,1.0,
DZA,2017,8,6.0,1.0,0.0,3.0,4.0,2.0,
DZA,2017,9,3.0,0.0,0.0,2.0,2.0,1.0,
DZA,2017,10,31.0,0.0,0.0,22.0,22.0,9.0,2.0
DZA,2017,11,64.0,0.0,23.0,26.0,49.0,15.0,7.0
DZA,2017,12,32.0,0.0,0.0,14.0,14.0,18.0,7.0
DZA,2018,1,113.0,86.0,0.0,0.0,86.0,27.0,14.0
DZA,2018,2,221.0,174.0,0.0,17.0,191.0,30.0,18.0
DZA,2018,3,11.0,5.0,0.0,5.0,10.0,1.0,
DZA,2019,1,350.0,88.0,0.0,248.0,336.0,14.0,5.0
DZA,2019,2,526.0,213.0,0.0,298.0,511.0,15.0,8.0
DZA,2019,3,643.0,291.0,0.0,330.0,621.0,22.0,5.0
DZA,2019,4,441.0,194.0,0.0,229.0,423.0,18.0,3.0
DZA,2019,5,278.0,106.0,0.0,158.0,264.0,14.0,4.0
DZA,2019,6,208.0,113.0,0.0,84.0,197.0,11.0,4.0
DZA,2019,7,76.0,30.0,0.0,41.0,71.0,5.0,2.0
DZA,2019,8,47.0,21.0,0.0,26.0,47.0,0.0,
DZA,2019,9,26.0,13.0,0.0,13.0,26.0,0.0,
DZA,2019,10,63.0,28.0,0.0,32.0,60.0,3.0,
DZA,2019,11,30.0,19.0,0.0,10.0,29.0,1.0,
DZA,2020,1,23.0,0.0,2.0,4.0,6.0,17.0,1.0
DZA,2020,2,36.0,2.0,0.0,10.0,12.0,24.0,
DZA,2020,3,29.0,0.0,0.0,12.0,12.0,17.0,
DZA,2020,4,4.0,0.0,0.0,2.0,2.0,2.0,
DZA,2020,5,8.0,0.0,0.0,3.0,3.0,5.0,1.0
DZA,2020,6,1.0,0.0,0.0,0.0,0.0,1.0,
DZA,2021,2,8.0,0.0,0.0,4.0,4.0,4.0,1.0
DZA,2021,3,11.0,0.0,0.0,10.0,10.0,1.0,
DZA,2021,4,6.0,0.0,0.0,6.0,6.0,0.0,
DZA,2021,5,15.0,0.0,0.0,7.0,7.0,8.0,1.0
DZA,2021,6,13.0,1.0,0.0,6.0,7.0,6.0,
DZA,2021,7,3.0,0.0,0.0,3.0,3.0,0.0,
DZA,2021,8,2.0,0.0,0.0,0.0,0.0,2.0,
DZA,2022,1,1.0,0.0,0.0,0.0,0.0,1.0,
DZA,2022,4,3.0,0.0,0.0,0.0,0.0,3.0,
DZA,2022,5,11.0,0.0,0.0,1.0,1.0,10.0,1.0
DZA,2022,6,2.0,0.0,0.0,0.0,0.0,2.0,
DZA,2022,7,5.0,0.0,0.0,1.0,1.0,4.0,
DZA,2022,9,2.0,0.0,0.0,0.0,0.0,2.0,
DZA,2022,10,2.0,0.0,0.0,0.0,0.0,2.0,
DZA,2022,11,3.0,0.0,0.0,0.0,0.0,3.0,
DZA,2022,12,5.0,0.0,0.0,3.0,3.0,2.0,
DZA,2023,1,13.0,0.0,0.0,10.0,10.0,3.0,
DZA,2023,2,16.0,0.0,0.0,7.0,7.0,9.0,
DZA,2023,3,1.0,0.0,0.0,0.0,0.0,1.0,
DZA,2023,4,4.0,0.0,0.0,2.0,2.0,2.0,
DZA,2023,5,14.0,0.0,0.0,1.0,1.0,13.0,
DZA,2023,6,10.0,0.0,0.0,3.0,3.0,7.0,
DZA,2023,7,5.0,0.0,0.0,0.0,0.0,5.0,
DZA,2023,8,4.0,0.0,0.0,0.0,0.0,4.0,
DZA,2023,9,6.0,1.0,0.0,1.0,2.0,4.0,
DZA,2023,10,4.0,0.0,0.0,0.0,0.0,4.0,
DZA,2023,11,7.0,0.0,0.0,0.0,0.0,7.0,
DZA,2023,12,5.0,0.0,2.0,0.0,2.0,3.0,
DZA,2024,1,5.0,0.0,0.0,0.0,0.0,5.0,
DZA,2024,2,9.0,1.0,0.0,2.0,3.0,6.0,
DZA,2024,3,25.0,2.0,0.0,15.0,17.0,8.0,
DZA,2024,4,18.0,2.0,1.0,6.0,9.0,9.0,
DZA,2024,5,26.0,1.0,0.0,11.0,12.0,14.0,
DZA,2024,6,29.0,1.0,3.0,19.0,23.0,6.0,
DZA,2024,7,10.0,1.0,0.0,0.0,1.0,9.0,
DZA,2024,8,30.0,1.0,1.0,1.0,3.0,27.0,2.0
DZA,2024,9,2.0,0.0,0.0,0.0,0.0,2.0,
DZA,2024,10,7.0,1.0,0.0,1.0,2.0,5.0,1.0
DZA,2024,11,9.0,3.0,0.0,0.0,3.0,6.0,
DZA,2024,12,3.0,0.0,0.0,3.0,3.0,0.0,
DZA,2025,1,59.0,2.0,15.0,39.0,56.0,3.0,
DZA,2025,2,43.0,0.0,23.0,20.0,43.0,0.0,
DZA,2025,3,69.0,3.0,32.0,29.0,64.0,5.0,2.0
DZA,2025,4,85.0,1.0,36.0,39.0,76.0,9.0,
DZA,2025,5,106.0,1.0,36.0,59.0,96.0,10.0,2.0
DZA,2025,6,81.0,0.0,20.0,57.0,77.0,4.0,
DZA,2025,7,98.0,1.0,33.0,62.0,96.0,2.0,
DZA,2025,8,47.0,0.0,11.0,33.0,44.0,3.0,
DZA,2025,9,25.0,0.0,9.0,14.0,23.0,2.0,
DZA,2025,10,20.0,0.0,9.0,11.0,20.0,0.0,
DZA,2025,11,30.0,0.0,13.0,17.0,30.0,0.0,
DZA,2025,12,24.0,1.0,10.0,12.0,23.0,1.0,1.0
DZA,2026,1,10.0,0.0,3.0,6.0,9.0,1.0,
DZA,2026,2,9.0,0.0,7.0,2.0,9.0,0.0,
DZA,2026,3,8.0,0.0,1.0,7.0,8.0,0.0,
DZA,2026,4,17.0,0.0,7.0,10.0,17.0,0.0,
DZA,2026,5,37.0,0.0,12.0,20.0,32.0,5.0,
DZA,2026,6,45.0,0.0,26.0,19.0,45.0,0.0,
DZA,2026,7,22.0,0.0,12.0,9.0,21.0,1.0,
DZA,2026,8,7.0,1.0,3.0,3.0,7.0,0.0,
EGY,2012,1,39.0,0.0,0.0,0.0,0.0,39.0,2.0
EGY,2012,2,79.0,0.0,13.0,5.0,18.0,61.0,1.0
EGY,2012,3,148.0,0.0,9.0,23.0,32.0,116.0,3.0
EGY,2012,4,265.0,0.0,115.0,23.0,138.0,127.0,3.0
EGY,2012,5,139.0,0.0,11.0,19.0,30.0,109.0,6.0
EGY,2012,6,98.0,0.0,0.0,6.0,6.0,92.0,1.0
EGY,2012,7,80.0,0.0,0.0,5.0,5.0,75.0,5.0
EGY,2012,8,47.0,0.0,0.0,4.0,4.0,43.0,1.0
EGY,2012,9,67.0,0.0,0.0,3.0,3.0,64.0,5.0
EGY,2012,10,80.0,0.0,0.0,2.0,2.0,78.0,3.0
EGY,2012,11,76.0,0.0,0.0,1.0,1.0,75.0,1.0
EGY,2012,12,79.0,0.0,0.0,2.0,2.0,77.0,2.0
EGY,2013,1,73.0,0.0,0.0,3.0,3.0,70.0,1.0
EGY,2013,2,97.0,0.0,0.0,13.0,13.0,84.0,2.0
EGY,2013,3,143.0,0.0,0.0,4.0,4.0,139.0,3.0
EGY,2013,4,176.0,0.0,6.0,15.0,21.0,155.0,3.0
EGY,2013,5,181.0,0.0,0.0,30.0,30.0,151.0,6.0
EGY,2013,6,130.0,0.0,0.0,24.0,24.0,106.0,8.0
EGY,2013,7,69.0,0.0,0.0,14.0,14.0,55.0,2.0
EGY,2013,8,114.0,0.0,10.0,51.0,61.0,53.0,2.0
EGY,2013,9,150.0,0.0,38.0,44.0,82.0,68.0,5.0
EGY,2013,10,110.0,0.0,34.0,22.0,56.0,54.0,2.0
EGY,2013,11,126.0,0.0,10.0,27.0,37.0,89.0,
EGY,2013,12,149.0,0.0,24.0,43.0,67.0,82.0,
EGY,2014,1,125.0,8.0,0.0,42.0,50.0,75.0,1.0
EGY,2014,2,135.0,9.0,1.0,35.0,45.0,90.0,1.0
EGY,2014,3,277.0,6.0,1.0,125.0,132.0,145.0,2.0
EGY,2014,4,316.0,6.0,53.0,130.0,189.0,127.0,
EGY,2014,5,345.0,2.0,11.0,191.0,204.0,141.0,
EGY,2014,6,263.0,12.0,14.0,152.0,178.0,85.0,
EGY,2014,7,210.0,9.0,18.0,109.0,136.0,74.0,2.0
EGY,2014,8,305.0,11.0,68.0,104.0,183.0,122.0,2.0
EGY,2014,9,248.0,7.0,64.0,72.0,143.0,105.0,
EGY,2014,10,170.0,2.0,80.0,24.0,106.0,64.0,1.0
EGY,2014,11,351.0,3.0,143.0,80.0,226.0,125.0,3.0
EGY,2014,12,1092.0,10.0,422.0,250.0,682.0,410.0,9.0
EGY,2015,1,786.0,16.0,268.0,303.0,587.0,199.0,6.0
EGY,2015,2,778.0,15.0,257.0,325.0,597.0,181.0,3.0
EGY,2015,3,1159.0,35.0,262.0,582.0,879.0,280.0,3.0
EGY,2015,4,1109.0,34.0,262.0,673.0,969.0,140.0,
EGY,2015,5,1102.0,57.0,196.0,641.0,894.0,208.0,1.0
EGY,2015,6,741.0,48.0,143.0,359.0,550.0,191.0,2.0
EGY,2015,7,510.0,47.0,106.0,209.0,362.0,148.0,
EGY,2015,8,343.0,19.0,51.0,158.0,228.0,115.0,
EGY,2015,9,225.0,19.0,19.0,104.0,142.0,83.0,
EGY,2015,10,212.0,5.0,19.0,94.0,118.0,94.0,1.0
EGY,2015,11,185.0,9.0,12.0,59.0,80.0,105.0,2.0
EGY,2015,12,141.0,5.0,6.0,14.0,25.0,116.0,2.0
EGY,2016,1,148.0,0.0,7.0,24.0,31.0,117.0,3.0
EGY,2016,2,140.0,6.0,3.0,4.0,13.0,127.0,
EGY,2016,3,308.0,4.0,2.0,29.0,35.0,273.0,1.0
EGY,2016,4,342.0,11.0,34.0,12.0,57.0,285.0,3.0
EGY,2016,5,227.0,5.0,6.0,14.0,25.0,202.0,
EGY,2016,6,147.0,7.0,3.0,13.0,23.0,124.0,
EGY,2016,7,149.0,5.0,5.0,10.0,20.0,129.0,2.0
EGY,2016,8,195.0,3.0,0.0,9.0,12.0,183.0,3.0
EGY,2016,9,170.0,1.0,0.0,1.0,2.0,168.0,1.0
EGY,2016,10,239.0,0.0,0.0,4.0,4.0,235.0,4.0
EGY,2016,11,262.0,0.0,0.0,1.0,1.0,261.0,2.0
EGY,2016,12,201.0,1.0,0.0,1.0,2.0,199.0,1.0
EGY,2017,1,235.0,0.0,0.0,0.0,0.0,235.0,
EGY,2017,2,307.0,1.0,0.0,3.0,4.0,303.0,5.0
EGY,2017,3,495.0,4.0,0.0,5.0,9.0,486.0,7.0
EGY,2017,4,376.0,3.0,0.0,0.0,3.0,373.0,3.0
EGY,2017,5,300.0,2.0,0.0,0.0,2.0,298.0,2.0
EGY,2017,6,143.0,0.0,0.0,0.0,0.0,143.0,1.0
EGY,2017,7,177.0,1.0,0.0,1.0,2.0,175.0,1.0
EGY,2017,8,171.0,0.0,0.0,1.0,1.0,170.0,2.0
EGY,2017,9,193.0,0.0,0.0,0.0,0.0,193.0,3.0
EGY,2017,10,275.0,1.0,0.0,0.0,1.0,274.0,3.0
EGY,2017,11,276.0,1.0,0.0,0.0,1.0,275.0,3.0
EGY,2017,12,232.0,1.0,0.0,0.0,1.0,231.0,3.0
EGY,2018,1,200.0,0.0,0.0,0.0,0.0,200.0,
EGY,2018,2,245.0,0.0,0.0,0.0,0.0,245.0,
EGY,2018,3,472.0,0.0,0.0,0.0,0.0,472.0,
EGY,2018,4,368.0,0.0,0.0,0.0,0.0,368.0,1.0
EGY,2018,5,248.0,0.0,0.0,0.0,0.0,248.0,
EGY,2018,6,173.0,0.0,0.0,0.0,0.0,173.0,
EGY,2018,7,189.0,0.0,0.0,0.0,0.0,189.0,
EGY,2018,8,155.0,0.0,0.0,1.0,1.0,154.0,
EGY,2018,9,231.0,0.0,10.0,7.0,17.0,214.0,
EGY,2018,10,247.0,0.0,8.0,0.0,8.0,239.0,2.0
EGY,2018,11,229.0,0.0,0.0,7.0,7.0,222.0,1.0
EGY,2018,12,297.0,0.0,5.0,9.0,14.0,283.0,3.0
EGY,2019,1,206.0,4.0,0.0,8.0,12.0,194.0,
EGY,2019,2,234.0,27.0,0.0,19.0,46.0,188.0,
EGY,2019,3,463.0,7.0,0.0,16.0,23.0,440.0,
EGY,2019,4,414.0,5.0,0.0,21.0,26.0,388.0,
EGY,2019,5,281.0,3.0,0.0,11.0,14.0,267.0,
EGY,2019,6,253.0,1.0,0.0,4.0,5.0,248.0,
EGY,2019,7,217.0,0.0,0.0,2.0,2.0,215.0,1.0
EGY,2019,8,153.0,0.0,0.0,1.0,1.0,152.0,
EGY,2019,9,218.0,0.0,0.0,0.0,0.0,218.0,1.0
EGY,2019,10,250.0,0.0,0.0,0.0,0.0,250.0,1.0
EGY,2019,11,273.0,0.0,0.0,1.0,1.0,272.0,
EGY,2019,12,175.0,0.0,0.0,0.0,0.0,175.0,
EGY,2020,1,175.0,1.0,0.0,0.0,1.0,174.0,
EGY,2020,2,268.0,0.0,0.0,2.0,2.0,266.0,
EGY,2020,3,190.0,0.0,0.0,1.0,1.0,189.0,
EGY,2020,4,64.0,0.0,0.0,0.0,0.0,64.0,
EGY,2020,5,42.0,0.0,0.0,0.0,0.0,42.0,
EGY,2020,6,205.0,0.0,0.0,0.0,0.0,205.0,
EGY,2020,7,111.0,1.0,0.0,0.0,1.0,110.0,
EGY,2020,8,237.0,0.0,0.0,0.0,0.0,237.0,
EGY,2020,9,330.0,3.0,0.0,0.0,3.0,327.0,
EGY,2020,10,197.0,17.0,0.0,0.0,17.0,180.0,
EGY,2020,11,199.0,10.0,0.0,0.0,10.0,189.0,
EGY,2020,12,236.0,0.0,0.0,0.0,0.0,236.0,
EGY,2021,1,171.0,0.0,0.0,0.0,0.0,171.0,
EGY,2021,2,187.0,0.0,0.0,0.0,0.0,187.0,
EGY,2021,3,296.0,0.0,0.0,0.0,0.0,296.0,
EGY,2021,4,155.0,19.0,0.0,0.0,19.0,136.0,
EGY,2021,5,189.0,9.0,0.0,0.0,9.0,180.0,
EGY,2021,6,268.0,0.0,0.0,0.0,0.0,268.0,
EGY,2021,7,161.0,9.0,0.0,0.0,9.0,152.0,
EGY,2021,8,247.0,11.0,0.0,0.0,11.0,236.0,
EGY,2021,9,185.0,2.0,0.0,0.0,2.0,183.0,
EGY,2021,10,152.0,4.0,0.0,0.0,4.0,148.0,
EGY,2021,11,153.0,0.0,0.0,0.0,0.0,153.0,
EGY,2021,12,165.0,6.0,0.0,0.0,6.0,159.0,
EGY,2022,1,113.0,0.0,0.0,1.0,1.0,112.0,
EGY,2022,2,241.0,0.0,0.0,0.0,0.0,241.0,2.0
EGY,2022,3,274.0,0.0,0.0,1.0,1.0,273.0,1.0
EGY,2022,4,207.0,0.0,0.0,4.0,4.0,203.0,1.0
EGY,2022,5,381.0,0.0,0.0,5.0,5.0,376.0,
EGY,2022,6,250.0,0.0,0.0,1.0,1.0,249.0,
EGY,2022,7,183.0,0.0,0.0,0.0,0.0,183.0,
EGY,2022,8,325.0,0.0,0.0,1.0,1.0,324.0,1.0
EGY,2022,9,279.0,0.0,0.0,0.0,0.0,279.0,
EGY,2022,10,250.0,0.0,0.0,0.0,0.0,250.0,
EGY,2022,11,287.0,0.0,0.0,0.0,0.0,287.0,
EGY,2022,12,188.0,0.0,0.0,1.0,1.0,187.0,
EGY,2023,1,281.0,0.0,0.0,2.0,2.0,279.0,
EGY,2023,2,289.0,0.0,0.0,3.0,3.0,286.0,
EGY,2023,3,467.0,0.0,0.0,13.0,13.0,454.0,
EGY,2023,4,291.0,0.0,0.0,27.0,27.0,264.0,
EGY,2023,5,502.0,0.0,12.0,55.0,67.0,435.0,
EGY,2023,6,283.0,0.0,0.0,27.0,27.0,256.0,
EGY,2023,7,254.0,0.0,0.0,28.0,28.0,226.0,1.0
EGY,2023,8,236.0,0.0,0.0,16.0,16.0,220.0,2.0
EGY,2023,9,232.0,0.0,0.0,17.0,17.0,215.0,
EGY,2023,10,234.0,0.0,0.0,19.0,19.0,215.0,1.0
EGY,2023,11,207.0,0.0,0.0,2.0,2.0,205.0,
EGY,2023,12,232.0,0.0,1.0,34.0,35.0,197.0,
EGY,2024,1,211.0,0.0,0.0,17.0,17.0,194.0,4.0
EGY,2024,2,289.0,0.0,0.0,24.0,24.0,265.0,2.0
EGY,2024,3,296.0,0.0,0.0,13.0,13.0,283.0,2.0
EGY,2024,4,307.0,0.0,0.0,7.0,7.0,300.0,
EGY,2024,5,220.0,0.0,0.0,3.0,3.0,217.0,2.0
EGY,2024,6,93.0,0.0,0.0,2.0,2.0,91.0,2.0
EGY,2024,7,206.0,0.0,0.0,14.0,14.0,192.0,
EGY,2024,8,258.0,0.0,0.0,0.0,0.0,258.0,4.0
EGY,2024,9,211.0,0.0,0.0,0.0,0.0,211.0,9.0
EGY,2024,10,220.0,0.0,0.0,5.0,5.0,215.0,3.0
EGY,2024,11,338.0,0.0,0.0,3.0,3.0,335.0,8.0
EGY,2024,12,364.0,0.0,0.0,3.0,3.0,361.0,1.0
EGY,2025,1,304.0,0.0,0.0,7.0,7.0,297.0,
EGY,2025,2,286.0,0.0,0.0,15.0,15.0,271.0,
EGY,2025,3,328.0,0.0,1.0,7.0,8.0,320.0,
EGY,2025,4,393.0,0.0,3.0,13.0,16.0,377.0,
EGY,2025,5,350.0,0.0,2.0,8.0,10.0,340.0,
EGY,2025,6,190.0,0.0,2.0,5.0,7.0,183.0,
EGY,2025,7,190.0,0.0,1.0,6.0,7.0,183.0,
EGY,2025,8,158.0,0.0,2.0,12.0,14.0,144.0,1.0
EGY,2025,9,194.0,0.0,5.0,5.0,10.0,184.0,
EGY,2025,10,219.0,0.0,0.0,4.0,4.0,215.0,
EGY,2025,11,251.0,0.0,0.0,3.0,3.0,248.0,1.0
EGY,2025,12,217.0,0.0,2.0,4.0,6.0,211.0,
ERI,2012,1,9.0,0.0,0.0,1.0,1.0,8.0,1.0
ERI,2012,2,9.0,0.0,0.0,0.0,0.0,9.0,
ERI,2012,3,22.0,1.0,0.0,1.0,2.0,20.0,1.0
ERI,2012,4,31.0,1.0,0.0,12.0,13.0,18.0,3.0
ERI,2012,5,35.0,1.0,0.0,16.0,17.0,18.0,1.0
ERI,2012,6,56.0,2.0,0.0,29.0,31.0,25.0,5.0
ERI,2012,7,36.0,1.0,0.0,14.0,15.0,21.0,3.0
ERI,2012,8,17.0,0.0,0.0,7.0,7.0,10.0,2.0
ERI,2012,9,28.0,0.0,0.0,10.0,10.0,18.0,1.0
ERI,2012,10,1.0,0.0,0.0,0.0,0.0,1.0,
ERI,2013,1,9.0,1.0,0.0,6.0,7.0,2.0,
ERI,2013,2,28.0,0.0,0.0,18.0,18.0,10.0,
ERI,2013,3,19.0,0.0,0.0,2.0,2.0,17.0,3.0
ERI,2013,4,21.0,5.0,0.0,5.0,10.0,11.0,3.0
ERI,2013,5,14.0,5.0,0.0,1.0,6.0,8.0,4.0
ERI,2013,6,4.0,0.0,0.0,0.0,0.0,4.0,1.0
ERI,2013,7,14.0,3.0,0.0,7.0,10.0,4.0,1.0
ERI,2013,8,4.0,0.0,0.0,0.0,0.0,4.0,
ERI,2013,9,5.0,2.0,0.0,0.0,2.0,3.0,
ERI,2013,10,21.0,3.0,0.0,6.0,9.0,12.0,
ERI,2013,11,3.0,0.0,0.0,0.0,0.0,3.0,
ERI,2013,12,4.0,0.0,0.0,0.0,0.0,4.0,
ERI,2014,1,12.0,0.0,0.0,0.0,0.0,12.0,3.0
ERI,2014,2,12.0,0.0,0.0,0.0,0.0,12.0,3.0
ERI,2014,3,15.0,0.0,0.0,0.0,0.0,15.0,4.0
ERI,2014,4,31.0,0.0,0.0,1.0,1.0,30.0,12.0
ERI,2014,5,8.0,0.0,0.0,0.0,0.0,8.0,3.0
ERI,2014,6,9.0,0.0,0.0,0.0,0.0,9.0,4.0
ERI,2014,7,2.0,0.0,0.0,0.0,0.0,2.0,
ERI,2014,8,4.0,0.0,0.0,0.0,0.0,4.0,
ERI,2014,9,5.0,0.0,0.0,0.0,0.0,5.0,1.0
ERI,2014,10,2.0,0.0,0.0,0.0,0.0,2.0,
ERI,2014,11,3.0,0.0,0.0,0.0,0.0,3.0,1.0
ERI,2015,1,9.0,0.0,0.0,6.0,6.0,3.0,
ERI,2015,2,12.0,0.0,0.0,2.0,2.0,10.0,1.0
ERI,2015,3,35.0,0.0,2.0,23.0,25.0,10.0,
ERI,2015,4,7.0,0.0,0.0,0.0,0.0,7.0,1.0
ERI,2015,5,19.0,1.0,0.0,4.0,5.0,14.0,2.0
ERI,2015,6,18.0,0.0,0.0,11.0,11.0,7.0,1.0
ERI,2015,7,12.0,0.0,0.0,3.0,3.0,9.0,
ERI,2015,8,11.0,0.0,0.0,5.0,5.0,6.0,
ERI,2015,9,18.0,0.0,0.0,11.0,11.0,7.0,1.0
ERI,2015,10,17.0,1.0,0.0,8.0,9.0,8.0,
ERI,2015,11,23.0,0.0,0.0,8.0,8.0,15.0,3.0
ERI,2015,12,14.0,0.0,0.0,6.0,6.0,8.0,1.0
ERI,2016,1,35.0,0.0,0.0,13.0,13.0,22.0,4.0
ERI,2016,2,24.0,2.0,0.0,3.0,5.0,19.0,1.0
ERI,2016,3,36.0,1.0,0.0,3.0,4.0,32.0,6.0
ERI,2016,4,60.0,2.0,0.0,5.0,7.0,53.0,12.0
ERI,2016,5,59.0,1.0,0.0,19.0,20.0,39.0,8.0
ERI,2016,6,31.0,0.0,0.0,2.0,2.0,29.0,6.0
ERI,2016,7,20.0,0.0,0.0,7.0,7.0,13.0,4.0
ERI,2016,8,19.0,0.0,0.0,6.0,6.0,13.0,1.0
ERI,2016,9,12.0,0.0,0.0,4.0,4.0,8.0,1.0
ERI,2016,10,25.0,0.0,0.0,8.0,8.0,17.0,
ERI,2016,11,16.0,2.0,0.0,3.0,5.0,11.0,
ERI,2016,12,10.0,0.0,0.0,1.0,1.0,9.0,
ERI,2017,1,20.0,0.0,0.0,3.0,3.0,17.0,1.0
ERI,2017,2,9.0,0.0,0.0,2.0,2.0,7.0,1.0
ERI,2017,3,34.0,1.0,0.0,10.0,11.0,23.0,
ERI,2017,4,42.0,1.0,0.0,17.0,18.0,24.0,
ERI,2017,5,70.0,4.0,0.0,20.0,24.0,46.0,
ERI,2017,6,10.0,1.0,0.0,1.0,2.0,8.0,
ERI,2018,1,2.0,0.0,0.0,1.0,1.0,1.0,
ERI,2018,2,2.0,1.0,0.0,0.0,1.0,1.0,
ERI,2018,3,4.0,0.0,0.0,4.0,4.0,0.0,
ERI,2018,4,68.0,2.0,2.0,32.0,36.0,32.0,5.0
ERI,2018,5,39.0,0.0,0.0,23.0,23.0,16.0,
ERI,2018,7,9.0,0.0,0.0,0.0,0.0,9.0,
ERI,2018,8,17.0,0.0,0.0,4.0,4.0,13.0,
ERI,2018,9,7.0,0.0,0.0,3.0,3.0,4.0,
ERI,2018,10,5.0,0.0,0.0,0.0,0.0,5.0,
ERI,2018,11,1.0,0.0,0.0,0.0,0.0,1.0,
ERI,2019,1,8.0,0.0,0.0,1.0,1.0,7.0,
ERI,2019,2,6.0,0.0,0.0,1.0,1.0,5.0,
ERI,2019,3,18.0,0.0,0.0,0.0,0.0,18.0,2.0
ERI,2019,4,19.0,0.0,0.0,0.0,0.0,19.0,1.0
ERI,2019,5,23.0,0.0,0.0,1.0,1.0,22.0,1.0
ERI,2019,6,25.0,0.0,0.0,0.0,0.0,25.0,4.0
ERI,2019,7,15.0,0.0,0.0,2.0,2.0,13.0,
ERI,2019,8,14.0,0.0,0.0,0.0,0.0,14.0,1.0
ERI,2019,9,15.0,0.0,0.0,0.0,0.0,15.0,
ERI,2019,10,15.0,0.0,0.0,0.0,0.0,15.0,
ERI,2019,11,2.0,0.0,0.0,0.0,0.0,2.0,
ERI,2020,1,7.0,0.0,0.0,2.0,2.0,5.0,
ERI,2020,2,11.0,1.0,0.0,2.0,3.0,8.0,
ERI,2020,3,25.0,2.0,0.0,5.0,7.0,18.0,1.0
ERI,2020,4,8.0,0.0,0.0,3.0,3.0,5.0,1.0
ERI,2020,5,6.0,0.0,0.0,1.0,1.0,5.0,1.0
ERI,2020,6,4.0,0.0,0.0,0.0,0.0,4.0,
ERI,2020,7,13.0,0.0,0.0,0.0,0.0,13.0,2.0
ERI,2020,8,19.0,0.0,0.0,0.0,0.0,19.0,1.0
ERI,2020,9,16.0,0.0,0.0,0.0,0.0,16.0,2.0
ERI,2020,10,21.0,0.0,0.0,0.0,0.0,21.0,10.0
ERI,2020,11,2.0,0.0,0.0,0.0,0.0,2.0,1.0
ERI,2021,1,13.0,0.0,0.0,0.0,0.0,13.0,
ERI,2021,2,15.0,0.0,0.0,1.0,1.0,14.0,3.0
ERI,2021,3,16.0,0.0,0.0,1.0,1.0,15.0,3.0
ERI,2021,4,24.0,0.0,0.0,2.0,2.0,22.0,2.0
ERI,2021,5,9.0,0.0,0.0,0.0,0.0,9.0,
ERI,2021,6,14.0,0.0,0.0,0.0,0.0,14.0,
ERI,2021,7,3.0,0.0,0.0,0.0,0.0,3.0,
ERI,2022,1,23.0,0.0,0.0,1.0,1.0,22.0,
ERI,2022,2,23.0,0.0,0.0,0.0,0.0,23.0,1.0
ERI,2022,3,60.0,0.0,0.0,0.0,0.0,60.0,2.0
ERI,2022,4,59.0,0.0,0.0,0.0,0.0,59.0,
ERI,2022,5,51.0,0.0,0.0,0.0,0.0,51.0,2.0
ERI,2022,6,57.0,0.0,0.0,0.0,0.0,57.0,1.0
ERI,2022,7,28.0,0.0,0.0,0.0,0.0,28.0,
ERI,2022,8,28.0,0.0,0.0,1.0,1.0,27.0,
ERI,2022,9,31.0,0.0,0.0,0.0,0.0,31.0,2.0
ERI,2022,10,22.0,0.0,0.0,0.0,0.0,22.0,
ERI,2022,11,20.0,0.0,0.0,0.0,0.0,20.0,
ERI,2022,12,3.0,0.0,0.0,0.0,0.0,3.0,
ERI,2023,1,2.0,0.0,0.0,1.0,1.0,1.0,
ERI,2023,2,29.0,0.0,0.0,4.0,4.0,25.0,
ERI,2023,3,11.0,1.0,0.0,0.0,1.0,10.0,
ERI,2023,4,42.0,0.0,0.0,13.0,13.0,29.0,
ERI,2023,5,21.0,0.0,0.0,0.0,0.0,21.0,
ERI,2024,1,15.0,0.0,0.0,4.0,4.0,11.0,1.0
ERI,2024,2,19.0,1.0,0.0,1.0,2.0,17.0,
ERI,2024,3,28.0,0.0,0.0,1.0,1.0,27.0,1.0
ERI,2024,4,31.0,2.0,0.0,1.0,3.0,28.0,
ERI,2024,5,20.0,0.0,0.0,0.0,0.0,20.0,
ERI,2024,6,4.0,0.0,0.0,0.0,0.0,4.0,
ERI,2025,1,19.0,1.0,0.0,2.0,3.0,16.0,
ERI,2025,2,20.0,1.0,0.0,2.0,3.0,17.0,
ERI,2025,3,24.0,1.0,0.0,4.0,5.0,19.0,
ERI,2025,4,23.0,0.0,0.0,0.0,0.0,23.0,
ERI,2025,5,56.0,2.0,0.0,6.0,8.0,48.0,1.0
ERI,2025,6,32.0,0.0,0.0,2.0,2.0,30.0,
ERI,2025,7,23.0,0.0,0.0,1.0,1.0,22.0,
ERI,2025,8,18.0,0.0,0.0,1.0,1.0,17.0,1.0
ERI,2025,9,25.0,0.0,0.0,2.0,2.0,23.0,
ERI,2025,10,38.0,1.0,0.0,6.0,7.0,31.0,
ERI,2025,11,17.0,0.0,0.0,0.0,0.0,17.0,
ERI,2025,12,10.0,0.0,0.0,1.0,1.0,9.0,
ERI,2026,1,15.0,0.0,0.0,0.0,0.0,15.0,
ERI,2026,2,19.0,0.0,0.0,0.0,0.0,19.0,
ERI,2026,3,46.0,1.0,0.0,7.0,8.0,38.0,1.0
ERI,2026,4,39.0,2.0,0.0,0.0,2.0,37.0,3.0
ETH,2012,1,2308.0,6.0,2005.0,71.0,2082.0,226.0,31.0
ETH,2012,2,636.0,7.0,299.0,104.0,410.0,226.0,43.0
ETH,2012,3,645.0,33.0,176.0,100.0,309.0,336.0,100.0
ETH,2012,4,715.0,130.0,135.0,121.0,386.0,329.0,102.0
ETH,2012,5,755.0,42.0,209.0,128.0,379.0,376.0,121.0
ETH,2012,6,504.0,16.0,22.0,111.0,149.0,355.0,115.0
ETH,2012,7,427.0,14.0,52.0,106.0,172.0,255.0,64.0
ETH,2012,8,229.0,7.0,2.0,84.0,93.0,136.0,16.0
ETH,2012,9,302.0,6.0,35.0,75.0,116.0,186.0,28.0
ETH,2012,10,320.0,7.0,44.0,94.0,145.0,175.0,17.0
ETH,2012,11,454.0,37.0,131.0,70.0,238.0,216.0,54.0
ETH,2012,12,131.0,87.0,36.0,1.0,124.0,7.0,2.0
ETH,2013,1,998.0,13.0,454.0,135.0,602.0,396.0,102.0
ETH,2013,2,979.0,12.0,428.0,146.0,586.0,393.0,95.0
ETH,2013,3,917.0,15.0,158.0,228.0,401.0,516.0,166.0
ETH,2013,4,797.0,14.0,146.0,182.0,342.0,455.0,135.0
ETH,2013,5,573.0,9.0,55.0,151.0,215.0,358.0,99.0
ETH,2013,6,409.0,11.0,26.0,106.0,143.0,266.0,71.0
ETH,2013,7,262.0,7.0,3.0,79.0,89.0,173.0,27.0
ETH,2013,8,319.0,5.0,45.0,115.0,165.0,154.0,16.0
ETH,2013,9,548.0,6.0,297.0,129.0,432.0,116.0,14.0
ETH,2013,10,1111.0,47.0,704.0,168.0,919.0,192.0,18.0
ETH,2013,11,1562.0,17.0,1126.0,211.0,1354.0,208.0,23.0
ETH,2013,12,1097.0,54.0,545.0,279.0,878.0,219.0,40.0
ETH,2014,1,2515.0,1022.0,924.0,337.0,2283.0,232.0,30.0
ETH,2014,2,3705.0,1521.0,1576.0,396.0,3493.0,212.0,21.0
ETH,2014,3,3690.0,1220.0,1666.0,426.0,3312.0,378.0,49.0
ETH,2014,4,1422.0,379.0,587.0,244.0,1210.0,212.0,30.0
ETH,2014,5,1045.0,282.0,338.0,233.0,853.0,192.0,20.0
ETH,2014,6,1132.0,354.0,368.0,176.0,898.0,234.0,34.0
ETH,2014,7,658.0,198.0,148.0,170.0,516.0,142.0,8.0
ETH,2014,8,604.0,259.0,81.0,125.0,465.0,139.0,13.0
ETH,2014,9,278.0,13.0,2.0,156.0,171.0,107.0,8.0
ETH,2014,10,321.0,120.0,1.0,115.0,236.0,85.0,
ETH,2014,11,361.0,360.0,1.0,0.0,361.0,0.0,
ETH,2014,12,482.0,480.0,2.0,0.0,482.0,0.0,
ETH,2015,1,2440.0,848.0,1051.0,333.0,2232.0,208.0,23.0
ETH,2015,2,5759.0,2277.0,2877.0,385.0,5539.0,220.0,47.0
ETH,2015,3,3115.0,1283.0,1235.0,326.0,2844.0,271.0,54.0
ETH,2015,4,2665.0,547.0,1674.0,220.0,2441.0,224.0,46.0
ETH,2015,5,1032.0,290.0,346.0,167.0,803.0,229.0,54.0
ETH,2015,6,780.0,106.0,295.0,136.0,537.0,243.0,53.0
ETH,2015,7,445.0,91.0,91.0,106.0,288.0,157.0,16.0
ETH,2015,8,326.0,160.0,14.0,66.0,240.0,86.0,6.0
ETH,2015,9,339.0,126.0,42.0,95.0,263.0,76.0,1.0
ETH,2015,10,594.0,104.0,275.0,106.0,485.0,109.0,4.0
ETH,2015,11,817.0,208.0,380.0,112.0,700.0,117.0,8.0
ETH,2015,12,1540.0,237.0,1073.0,96.0,1406.0,134.0,11.0
ETH,2016,1,1474.0,104.0,1106.0,119.0,1329.0,145.0,17.0
ETH,2016,2,1533.0,91.0,1126.0,134.0,1351.0,182.0,20.0
ETH,2016,3,973.0,38.0,623.0,112.0,773.0,200.0,20.0
ETH,2016,4,309.0,4.0,32.0,86.0,122.0,187.0,33.0
ETH,2016,5,324.0,13.0,0.0,116.0,129.0,195.0,27.0
ETH,2016,6,275.0,5.0,0.0,115.0,120.0,155.0,24.0
ETH,2016,7,225.0,8.0,32.0,73.0,113.0,112.0,5.0
ETH,2016,8,129.0,5.0,0.0,54.0,59.0,70.0,2.0
ETH,2016,9,124.0,0.0,10.0,48.0,58.0,66.0,2.0
ETH,2016,10,177.0,8.0,7.0,81.0,96.0,81.0,
ETH,2016,11,407.0,11.0,167.0,75.0,253.0,154.0,13.0
ETH,2016,12,376.0,15.0,46.0,104.0,165.0,211.0,18.0
ETH,2017,1,388.0,7.0,118.0,89.0,214.0,174.0,18.0
ETH,2017,2,629.0,16.0,204.0,157.0,377.0,252.0,41.0
ETH,2017,3,527.0,24.0,128.0,95.0,247.0,280.0,47.0
ETH,2017,4,274.0,7.0,46.0,52.0,105.0,169.0,36.0
ETH,2017,5,322.0,8.0,17.0,33.0,58.0,264.0,47.0
ETH,2017,6,320.0,6.0,42.0,19.0,67.0,253.0,61.0
ETH,2017,7,252.0,8.0,51.0,15.0,74.0,178.0,28.0
ETH,2017,8,279.0,2.0,145.0,12.0,159.0,120.0,6.0
ETH,2017,9,296.0,1.0,192.0,4.0,197.0,99.0,3.0
ETH,2017,10,259.0,7.0,105.0,16.0,128.0,131.0,5.0
ETH,2017,11,254.0,1.0,75.0,11.0,87.0,167.0,7.0
ETH,2017,12,426.0,8.0,161.0,30.0,199.0,227.0,11.0
ETH,2018,1,471.0,4.0,167.0,11.0,182.0,289.0,60.0
ETH,2018,2,477.0,9.0,146.0,16.0,171.0,306.0,75.0
ETH,2018,3,539.0,7.0,123.0,16.0,146.0,393.0,132.0
ETH,2018,4,394.0,4.0,29.0,12.0,45.0,349.0,118.0
ETH,2018,5,550.0,6.0,83.0,27.0,116.0,434.0,157.0
ETH,2018,6,369.0,15.0,47.0,36.0,98.0,271.0,98.0
ETH,2018,7,317.0,25.0,79.0,33.0,137.0,180.0,30.0
ETH,2018,8,117.0,11.0,13.0,28.0,52.0,65.0,7.0
ETH,2018,9,326.0,20.0,165.0,51.0,236.0,90.0,
ETH,2018,10,279.0,6.0,111.0,51.0,168.0,111.0,5.0
ETH,2019,1,964.0,37.0,660.0,97.0,794.0,170.0,23.0
ETH,2019,2,505.0,298.0,110.0,18.0,426.0,79.0,21.0
ETH,2019,3,574.0,453.0,20.0,16.0,489.0,85.0,11.0
ETH,2019,4,375.0,206.0,7.0,35.0,248.0,127.0,31.0
ETH,2019,5,476.0,205.0,0.0,100.0,305.0,171.0,32.0
ETH,2019,6,394.0,63.0,0.0,113.0,176.0,218.0,45.0
ETH,2019,7,279.0,50.0,0.0,91.0,141.0,138.0,19.0
ETH,2019,8,255.0,15.0,8.0,77.0,100.0,155.0,10.0
ETH,2019,9,302.0,7.0,0.0,121.0,128.0,174.0,25.0
ETH,2019,10,363.0,2.0,2.0,170.0,174.0,189.0,16.0
ETH,2019,11,610.0,15.0,133.0,195.0,343.0,267.0,17.0
ETH,2019,12,593.0,58.0,0.0,228.0,286.0,307.0,15.0
ETH,2020,1,1102.0,13.0,477.0,265.0,755.0,347.0,28.0
ETH,2020,2,1109.0,22.0,391.0,308.0,721.0,388.0,37.0
ETH,2020,3,447.0,11.0,35.0,178.0,224.0,223.0,16.0
ETH,2020,4,147.0,6.0,53.0,45.0,104.0,43.0,
ETH,2020,5,162.0,8.0,0.0,37.0,45.0,117.0,4.0
ETH,2020,6,114.0,2.0,0.0,15.0,17.0,97.0,
ETH,2020,7,90.0,7.0,0.0,12.0,19.0,71.0,2.0
ETH,2020,8,51.0,2.0,0.0,2.0,4.0,47.0,2.0
ETH,2020,9,32.0,2.0,0.0,4.0,6.0,26.0,2.0
ETH,2020,10,29.0,1.0,0.0,4.0,5.0,24.0,
ETH,2020,11,43.0,0.0,0.0,8.0,8.0,35.0,
ETH,2020,12,97.0,8.0,16.0,15.0,39.0,58.0,4.0
ETH,2021,1,125.0,4.0,26.0,33.0,63.0,62.0,1.0
ETH,2021,2,229.0,4.0,70.0,47.0,121.0,108.0,4.0
ETH,2021,3,423.0,8.0,227.0,58.0,293.0,130.0,4.0
ETH,2021,4,205.0,5.0,91.0,24.0,120.0,85.0,3.0
ETH,2021,5,157.0,6.0,7.0,25.0,38.0,119.0,6.0
ETH,2021,6,264.0,5.0,80.0,43.0,128.0,136.0,10.0
ETH,2021,7,357.0,4.0,210.0,24.0,238.0,119.0,10.0
ETH,2021,8,421.0,0.0,203.0,40.0,243.0,178.0,8.0
ETH,2021,9,219.0,0.0,30.0,65.0,95.0,124.0,5.0
ETH,2021,10,365.0,4.0,119.0,51.0,174.0,191.0,7.0
ETH,2021,11,315.0,2.0,78.0,27.0,107.0,208.0,13.0
ETH,2021,12,546.0,1.0,263.0,63.0,327.0,219.0,12.0
ETH,2022,1,1532.0,1.0,1206.0,72.0,1279.0,253.0,28.0
ETH,2022,2,969.0,3.0,638.0,67.0,708.0,261.0,31.0
ETH,2022,3,1344.0,15.0,627.0,112.0,754.0,590.0,103.0
ETH,2022,4,1352.0,3.0,462.0,70.0,535.0,817.0,171.0
ETH,2022,5,1472.0,1.0,628.0,13.0,642.0,830.0,60.0
ETH,2022,6,1033.0,6.0,411.0,59.0,476.0,557.0,54.0
ETH,2022,7,828.0,5.0,361.0,79.0,445.0,383.0,76.0
ETH,2022,8,1224.0,7.0,858.0,85.0,950.0,274.0,26.0
ETH,2022,9,934.0,7.0,607.0,96.0,710.0,224.0,27.0
ETH,2022,10,1064.0,7.0,597.0,106.0,710.0,354.0,32.0
ETH,2022,11,1654.0,3.0,941.0,150.0,1094.0,560.0,84.0
ETH,2022,12,1689.0,3.0,785.0,162.0,950.0,739.0,132.0
ETH,2023,1,1575.0,2.0,962.0,120.0,1084.0,491.0,127.0
ETH,2023,2,1441.0,7.0,724.0,162.0,893.0,548.0,121.0
ETH,2023,3,1815.0,6.0,789.0,207.0,1002.0,813.0,222.0
ETH,2023,4,1622.0,5.0,818.0,207.0,1030.0,592.0,190.0
ETH,2023,5,2019.0,5.0,1140.0,309.0,1454.0,565.0,118.0
ETH,2023,6,1312.0,4.0,812.0,166.0,982.0,330.0,73.0
ETH,2023,7,1291.0,2.0,811.0,205.0,1018.0,273.0,36.0
ETH,2023,8,2479.0,2.0,2143.0,173.0,2318.0,161.0,5.0
ETH,2023,9,2892.0,6.0,2527.0,197.0,2730.0,162.0,6.0
ETH,2023,10,3128.0,5.0,2415.0,394.0,2814.0,314.0,18.0
ETH,2023,11,1304.0,0.0,1052.0,128.0,1180.0,124.0,14.0
ETH,2024,1,6249.0,16.0,5694.0,260.0,5970.0,279.0,54.0
ETH,2024,2,5977.0,6.0,5328.0,361.0,5695.0,282.0,29.0
ETH,2024,3,7435.0,8.0,6629.0,375.0,7012.0,423.0,36.0
ETH,2024,4,3027.0,3.0,2576.0,160.0,2739.0,288.0,13.0
ETH,2024,5,2401.0,7.0,1974.0,149.0,2130.0,271.0,24.0
ETH,2024,6,2188.0,5.0,1809.0,117.0,1931.0,257.0,24.0
ETH,2024,7,1173.0,4.0,904.0,105.0,1013.0,160.0,11.0
ETH,2024,8,594.0,0.0,434.0,54.0,488.0,106.0,2.0
ETH,2024,9,851.0,2.0,693.0,62.0,757.0,94.0,1.0
ETH,2024,10,1138.0,7.0,816.0,89.0,912.0,226.0,6.0
ETH,2024,11,1249.0,6.0,911.0,126.0,1043.0,206.0,21.0
ETH,2024,12,711.0,3.0,419.0,89.0,511.0,200.0,21.0
ETH,2025,1,1555.0,7.0,1054.0,170.0,1231.0,324.0,58.0
ETH,2025,2,1595.0,5.0,1047.0,167.0,1219.0,376.0,58.0
ETH,2025,3,2024.0,18.0,1317.0,178.0,1513.0,511.0,74.0
ETH,2025,4,1314.0,4.0,636.0,75.0,715.0,599.0,106.0
ETH,2025,5,783.0,21.0,191.0,83.0,295.0,488.0,72.0
ETH,2025,6,357.0,13.0,42.0,55.0,110.0,247.0,20.0
ETH,2025,7,220.0,1.0,39.0,37.0,77.0,143.0,20.0
ETH,2025,8,126.0,3.0,26.0,21.0,50.0,76.0,5.0
ETH,2025,9,110.0,2.0,4.0,18.0,24.0,86.0,6.0
ETH,2025,10,185.0,0.0,27.0,40.0,67.0,118.0,14.0
ETH,2025,11,232.0,4.0,41.0,35.0,80.0,152.0,12.0
ETH,2026,1,381.0,2.0,103.0,26.0,131.0,250.0,51.0
ETH,2026,2,515.0,4.0,167.0,54.0,225.0,290.0,64.0
ETH,2026,3,739.0,6.0,293.0,47.0,346.0,393.0,93.0
ETH,2026,4,517.0,2.0,249.0,24.0,275.0,242.0,72.0
ETH,2026,5,570.0,5.0,233.0,35.0,273.0,297.0,85.0
ETH,2026,6,542.0,0.0,106.0,56.0,162.0,380.0,60.0
ETH,2026,7,418.0,9.0,57.0,28.0,94.0,324.0,35.0
ETH,2026,8,171.0,14.0,36.0,11.0,61.0,110.0,11.0
GAB,2012,1,16.0,0.0,0.0,0.0,0.0,16.0,1.0
GAB,2012,2,13.0,1.0,0.0,0.0,1.0,12.0,
GAB,2012,3,9.0,0.0,0.0,0.0,0.0,9.0,1.0
GAB,2012,5,10.0,2.0,0.0,1.0,3.0,7.0,
GAB,2012,6,5.0,0.0,0.0,0.0,0.0,5.0,
GAB,2012,7,4.0,2.0,0.0,0.0,2.0,2.0,
GAB,2012,8,4.0,1.0,0.0,0.0,1.0,3.0,
GAB,2012,9,2.0,0.0,0.0,0.0,0.0,2.0,
GAB,2012,10,3.0,3.0,0.0,0.0,3.0,0.0,
GAB,2012,11,4.0,4.0,0.0,0.0,4.0,0.0,
GAB,2012,12,1.0,1.0,0.0,0.0,1.0,0.0,
GAB,2013,1,11.0,1.0,0.0,4.0,5.0,6.0,1.0
GAB,2013,2,36.0,1.0,0.0,22.0,23.0,13.0,1.0
GAB,2013,3,81.0,0.0,0.0,46.0,46.0,35.0,
GAB,2013,4,18.0,1.0,0.0,7.0,8.0,10.0,
GAB,2013,5,9.0,0.0,0.0,6.0,6.0,3.0,
GAB,2013,6,17.0,1.0,0.0,12.0,13.0,4.0,
GAB,2013,7,17.0,1.0,0.0,6.0,7.0,10.0,
GAB,2013,8,10.0,0.0,0.0,5.0,5.0,5.0,
GAB,2013,9,12.0,0.0,0.0,4.0,4.0,8.0,
GAB,2013,10,2.0,0.0,0.0,2.0,2.0,0.0,
GAB,2013,11,20.0,0.0,0.0,6.0,6.0,14.0,3.0
GAB,2013,12,11.0,0.0,0.0,2.0,2.0,9.0,
GAB,2014,1,15.0,1.0,0.0,4.0,5.0,10.0,3.0
GAB,2014,2,31.0,1.0,0.0,4.0,5.0,26.0,13.0
GAB,2014,3,51.0,5.0,0.0,13.0,18.0,33.0,15.0
GAB,2014,4,80.0,0.0,0.0,4.0,4.0,76.0,39.0
GAB,2014,5,38.0,0.0,0.0,1.0,1.0,37.0,18.0
GAB,2014,6,46.0,0.0,0.0,4.0,4.0,42.0,14.0
GAB,2014,7,33.0,1.0,0.0,1.0,2.0,31.0,15.0
GAB,2014,8,4.0,0.0,0.0,0.0,0.0,4.0,2.0
GAB,2014,9,12.0,0.0,0.0,2.0,2.0,10.0,6.0
GAB,2014,10,17.0,1.0,0.0,0.0,1.0,16.0,5.0
GAB,2014,11,11.0,1.0,0.0,0.0,1.0,10.0,5.0
GAB,2014,12,3.0,1.0,0.0,0.0,1.0,2.0,
GAB,2015,1,6.0,0.0,0.0,0.0,0.0,6.0,1.0
GAB,2015,2,31.0,2.0,0.0,1.0,3.0,28.0,20.0
GAB,2015,3,41.0,0.0,0.0,5.0,5.0,36.0,13.0
GAB,2015,4,21.0,0.0,0.0,2.0,2.0,19.0,4.0
GAB,2015,5,22.0,0.0,0.0,2.0,2.0,20.0,3.0
GAB,2015,6,25.0,0.0,0.0,3.0,3.0,22.0,7.0
GAB,2015,7,16.0,0.0,0.0,3.0,3.0,13.0,5.0
GAB,2015,8,14.0,1.0,0.0,1.0,2.0,12.0,1.0
GAB,2015,9,14.0,0.0,0.0,2.0,2.0,12.0,2.0
GAB,2015,10,19.0,1.0,0.0,1.0,2.0,17.0,2.0
GAB,2015,11,19.0,2.0,0.0,1.0,3.0,16.0,1.0
GAB,2015,12,13.0,0.0,0.0,6.0,6.0,7.0,
GAB,2016,1,21.0,0.0,0.0,8.0,8.0,13.0,
GAB,2016,2,60.0,0.0,1.0,38.0,39.0,21.0,
GAB,2016,3,204.0,7.0,60.0,89.0,156.0,48.0,3.0
GAB,2016,4,298.0,2.0,252.0,16.0,270.0,28.0,
GAB,2016,5,212.0,0.0,201.0,3.0,204.0,8.0,
GAB,2016,6,193.0,0.0,164.0,24.0,188.0,5.0,
GAB,2016,7,124.0,0.0,67.0,42.0,109.0,15.0,
GAB,2016,8,73.0,1.0,35.0,25.0,61.0,12.0,
GAB,2016,9,68.0,3.0,28.0,26.0,57.0,11.0,
GAB,2016,10,119.0,5.0,67.0,23.0,95.0,24.0,
GAB,2016,11,130.0,1.0,122.0,0.0,123.0,7.0,
GAB,2016,12,217.0,0.0,214.0,1.0,215.0,2.0,
GAB,2017,1,315.0,0.0,290.0,8.0,298.0,17.0,
GAB,2017,2,414.0,3.0,396.0,8.0,407.0,7.0,
GAB,2017,3,301.0,1.0,282.0,10.0,293.0,8.0,
GAB,2017,4,32.0,0.0,15.0,10.0,25.0,7.0,
GAB,2017,5,53.0,1.0,28.0,7.0,36.0,17.0,
GAB,2017,6,27.0,1.0,10.0,4.0,15.0,12.0,
GAB,2017,7,4.0,0.0,1.0,0.0,1.0,3.0,
GAB,2017,8,3.0,0.0,1.0,0.0,1.0,2.0,
GAB,2017,9,8.0,0.0,4.0,1.0,5.0,3.0,
GAB,2017,10,2.0,0.0,0.0,0.0,0.0,2.0,
GAB,2017,11,2.0,0.0,0.0,0.0,0.0,2.0,
GAB,2017,12,2.0,2.0,0.0,0.0,2.0,0.0,
GAB,2018,1,7.0,0.0,0.0,0.0,0.0,7.0,
GAB,2018,2,11.0,0.0,0.0,0.0,0.0,11.0,
GAB,2018,3,10.0,0.0,0.0,0.0,0.0,10.0,
GAB,2018,4,14.0,0.0,0.0,0.0,0.0,14.0,1.0
GAB,2018,5,12.0,0.0,0.0,1.0,1.0,11.0,
GAB,2018,6,8.0,0.0,0.0,0.0,0.0,8.0,
GAB,2018,7,4.0,0.0,0.0,0.0,0.0,4.0,
GAB,2018,8,11.0,0.0,0.0,0.0,0.0,11.0,1.0
GAB,2018,9,12.0,0.0,0.0,0.0,0.0,12.0,2.0
GAB,2018,10,10.0,0.0,0.0,0.0,0.0,10.0,
GAB,2018,11,8.0,2.0,0.0,0.0,2.0,6.0,
GAB,2018,12,2.0,2.0,0.0,0.0,2.0,0.0,
GAB,2019,1,5.0,0.0,0.0,0.0,0.0,5.0,
GAB,2019,2,5.0,0.0,0.0,0.0,0.0,5.0,
GAB,2019,3,12.0,0.0,0.0,0.0,0.0,12.0,
GAB,2019,4,11.0,0.0,0.0,0.0,0.0,11.0,
GAB,2019,5,20.0,0.0,0.0,0.0,0.0,20.0,
GAB,2019,6,5.0,0.0,0.0,0.0,0.0,5.0,
GAB,2019,7,7.0,0.0,0.0,0.0,0.0,7.0,
GAB,2019,8,8.0,0.0,0.0,0.0,0.0,8.0,
GAB,2019,9,7.0,0.0,0.0,0.0,0.0,7.0,
GAB,2019,10,3.0,0.0,0.0,0.0,0.0,3.0,
GAB,2019,11,4.0,0.0,0.0,1.0,1.0,3.0,
GAB,2019,12,9.0,0.0,0.0,1.0,1.0,8.0,
GAB,2020,1,14.0,0.0,0.0,1.0,1.0,13.0,
GAB,2020,2,13.0,0.0,0.0,0.0,0.0,13.0,
GAB,2020,3,15.0,1.0,0.0,3.0,4.0,11.0,
GAB,2020,4,7.0,0.0,0.0,2.0,2.0,5.0,1.0
GAB,2020,5,6.0,0.0,0.0,2.0,2.0,4.0,1.0
GAB,2020,6,5.0,0.0,0.0,0.0,0.0,5.0,
GAB,2020,8,2.0,0.0,0.0,0.0,0.0,2.0,
GAB,2020,9,3.0,0.0,0.0,0.0,0.0,3.0,1.0
GAB,2020,10,9.0,0.0,0.0,0.0,0.0,9.0,
GAB,2020,11,4.0,0.0,0.0,0.0,0.0,4.0,
GAB,2020,12,3.0,2.0,0.0,0.0,2.0,1.0,
GAB,2021,1,3.0,0.0,0.0,1.0,1.0,2.0,
GAB,2021,2,1.0,0.0,0.0,0.0,0.0,1.0,
GAB,2021,3,8.0,0.0,0.0,2.0,2.0,6.0,
GAB,2021,4,10.0,0.0,0.0,3.0,3.0,7.0,
GAB,2021,5,7.0,0.0,0.0,0.0,0.0,7.0,1.0
GAB,2021,6,3.0,0.0,0.0,0.0,0.0,3.0,1.0
GAB,2021,7,4.0,0.0,0.0,1.0,1.0,3.0,
GAB,2021,8,10.0,0.0,0.0,4.0,4.0,6.0,
GAB,2021,9,4.0,0.0,0.0,0.0,0.0,4.0,
GAB,2021,10,12.0,1.0,5.0,0.0,6.0,6.0,
GAB,2021,11,48.0,0.0,28.0,11.0,39.0,9.0,
GAB,2021,12,24.0,0.0,5.0,1.0,6.0,18.0,
GAB,2022,1,7.0,0.0,0.0,3.0,3.0,4.0,
GAB,2022,2,10.0,0.0,1.0,2.0,3.0,7.0,
GAB,2022,3,89.0,0.0,35.0,22.0,57.0,32.0,
GAB,2022,4,59.0,0.0,12.0,21.0,33.0,26.0,
GAB,2022,5,82.0,0.0,54.0,10.0,64.0,18.0,
GAB,2022,6,118.0,0.0,93.0,15.0,108.0,10.0,
GAB,2022,7,54.0,0.0,36.0,15.0,51.0,3.0,
GAB,2022,8,46.0,0.0,41.0,4.0,45.0,1.0,
GAB,2022,9,50.0,0.0,44.0,6.0,50.0,0.0,
GAB,2022,10,79.0,0.0,61.0,6.0,67.0,12.0,
GAB,2022,11,295.0,0.0,272.0,15.0,287.0,8.0,
GAB,2022,12,463.0,0.0,449.0,10.0,459.0,4.0,
GAB,2023,1,465.0,0.0,440.0,15.0,455.0,10.0,1.0
GAB,2023,2,272.0,0.0,253.0,13.0,266.0,6.0,1.0
GAB,2023,3,178.0,0.0,164.0,6.0,170.0,8.0,
GAB,2023,4,164.0,0.0,154.0,4.0,158.0,6.0,
GAB,2023,5,81.0,0.0,67.0,8.0,75.0,6.0,
GAB,2023,6,36.0,0.0,24.0,5.0,29.0,7.0,1.0
GAB,2023,7,12.0,0.0,3.0,1.0,4.0,8.0,
GAB,2023,8,11.0,0.0,0.0,0.0,0.0,11.0,1.0
GAB,2023,9,8.0,0.0,0.0,2.0,2.0,6.0,
GAB,2023,10,11.0,0.0,0.0,0.0,0.0,11.0,1.0
GAB,2023,11,6.0,0.0,0.0,0.0,0.0,6.0,1.0
GAB,2023,12,15.0,0.0,0.0,6.0,6.0,9.0,2.0
GAB,2024,1,23.0,0.0,0.0,2.0,2.0,21.0,2.0
GAB,2024,2,41.0,0.0,0.0,7.0,7.0,34.0,9.0
GAB,2024,3,35.0,0.0,0.0,7.0,7.0,28.0,10.0
GAB,2024,4,31.0,0.0,0.0,6.0,6.0,25.0,8.0
GAB,2024,5,27.0,0.0,0.0,2.0,2.0,25.0,10.0
GAB,2024,6,21.0,0.0,0.0,3.0,3.0,18.0,5.0
GAB,2024,7,7.0,0.0,0.0,0.0,0.0,7.0,
GAB,2024,8,15.0,0.0,0.0,1.0,1.0,14.0,
GAB,2024,9,3.0,0.0,0.0,0.0,0.0,3.0,
GAB,2024,10,14.0,0.0,0.0,1.0,1.0,13.0,3.0
GAB,2024,11,8.0,0.0,0.0,0.0,0.0,8.0,
GAB,2024,12,13.0,0.0,0.0,1.0,1.0,12.0,3.0
GAB,2025,1,12.0,0.0,0.0,0.0,0.0,12.0,1.0
GAB,2025,2,11.0,1.0,0.0,0.0,1.0,10.0,
GAB,2025,3,14.0,0.0,0.0,1.0,1.0,13.0,1.0
GAB,2025,4,19.0,0.0,0.0,0.0,0.0,19.0,2.0
GAB,2025,5,8.0,0.0,0.0,1.0,1.0,7.0,1.0
GAB,2025,6,14.0,2.0,0.0,1.0,3.0,11.0,1.0
GAB,2025,7,6.0,0.0,0.0,0.0,0.0,6.0,
GAB,2025,8,1.0,0.0,0.0,1.0,1.0,0.0,
GAB,2025,9,7.0,0.0,0.0,0.0,0.0,7.0,
GAB,2025,10,11.0,0.0,0.0,0.0,0.0,11.0,
GAB,2025,11,12.0,0.0,0.0,1.0,1.0,11.0,
GAB,2025,12,3.0,0.0,0.0,0.0,0.0,3.0,
GAB,2026,1,3.0,0.0,0.0,1.0,1.0,2.0,
GAB,2026,2,9.0,0.0,0.0,0.0,0.0,9.0,
GAB,2026,3,10.0,0.0,0.0,0.0,0.0,10.0,
GAB,2026,4,14.0,0.0,0.0,2.0,2.0,12.0,1.0
GAB,2026,5,12.0,0.0,0.0,1.0,1.0,11.0,1.0
GAB,2026,6,19.0,2.0,0.0,8.0,10.0,9.0,1.0
GAB,2026,7,15.0,0.0,0.0,4.0,4.0,11.0,5.0
GAB,2026,8,8.0,0.0,0.0,0.0,0.0,8.0,8.0
GHA,2012,1,160.0,4.0,0.0,28.0,32.0,128.0,22.0
GHA,2012,2,321.0,11.0,0.0,36.0,47.0,274.0,147.0
GHA,2012,3,374.0,11.0,0.0,62.0,73.0,301.0,54.0
GHA,2012,4,172.0,3.0,0.0,45.0,48.0,124.0,17.0
GHA,2012,5,103.0,4.0,0.0,35.0,39.0,64.0,23.0
GHA,2012,6,76.0,2.0,0.0,31.0,33.0,43.0,19.0
GHA,2012,7,80.0,1.0,0.0,14.0,15.0,65.0,24.0
GHA,2012,8,76.0,0.0,0.0,27.0,27.0,49.0,13.0
GHA,2012,9,40.0,1.0,0.0,10.0,11.0,29.0,5.0
GHA,2012,10,64.0,1.0,0.0,6.0,7.0,57.0,15.0
GHA,2012,11,86.0,1.0,0.0,13.0,14.0,72.0,20.0
GHA,2012,12,22.0,0.0,0.0,1.0,1.0,21.0,8.0
GHA,2013,1,86.0,4.0,0.0,34.0,38.0,48.0,8.0
GHA,2013,2,149.0,1.0,0.0,47.0,48.0,101.0,38.0
GHA,2013,3,146.0,6.0,0.0,52.0,58.0,88.0,34.0
GHA,2013,4,142.0,3.0,0.0,68.0,71.0,71.0,17.0
GHA,2013,5,82.0,2.0,0.0,23.0,25.0,57.0,10.0
GHA,2013,6,62.0,0.0,0.0,10.0,10.0,52.0,4.0
GHA,2013,7,50.0,4.0,0.0,12.0,16.0,34.0,3.0
GHA,2013,8,77.0,1.0,0.0,13.0,14.0,63.0,11.0
GHA,2013,9,124.0,0.0,0.0,20.0,20.0,104.0,13.0
GHA,2013,10,38.0,0.0,0.0,5.0,5.0,33.0,8.0
GHA,2013,11,64.0,0.0,0.0,9.0,9.0,55.0,17.0
GHA,2013,12,39.0,0.0,0.0,8.0,8.0,31.0,3.0
GHA,2014,1,115.0,5.0,0.0,33.0,38.0,77.0,6.0
GHA,2014,2,160.0,0.0,0.0,35.0,35.0,125.0,5.0
GHA,2014,3,158.0,4.0,0.0,17.0,21.0,137.0,10.0
GHA,2014,4,107.0,1.0,0.0,12.0,13.0,94.0,
GHA,2014,5,110.0,4.0,0.0,10.0,14.0,96.0,3.0
GHA,2014,6,100.0,6.0,0.0,10.0,16.0,84.0,4.0
GHA,2014,7,68.0,0.0,0.0,2.0,2.0,66.0,1.0
GHA,2014,8,63.0,0.0,0.0,1.0,1.0,62.0,2.0
GHA,2014,9,50.0,0.0,0.0,1.0,1.0,49.0,3.0
GHA,2014,10,39.0,1.0,0.0,0.0,1.0,38.0,2.0
GHA,2014,11,38.0,0.0,0.0,0.0,0.0,38.0,3.0
GHA,2014,12,22.0,0.0,0.0,0.0,0.0,22.0,
GHA,2015,1,61.0,1.0,0.0,0.0,1.0,60.0,
GHA,2015,2,93.0,3.0,0.0,2.0,5.0,88.0,2.0
GHA,2015,3,89.0,3.0,0.0,0.0,3.0,86.0,
GHA,2015,4,87.0,5.0,0.0,2.0,7.0,80.0,1.0
GHA,2015,5,64.0,4.0,0.0,7.0,11.0,53.0,1.0
GHA,2015,6,117.0,2.0,0.0,2.0,4.0,113.0,1.0
GHA,2015,7,83.0,2.0,0.0,1.0,3.0,80.0,
GHA,2015,8,101.0,2.0,0.0,1.0,3.0,98.0,
GHA,2015,9,94.0,3.0,0.0,2.0,5.0,89.0,2.0
GHA,2015,10,95.0,1.0,0.0,3.0,4.0,91.0,2.0
GHA,2015,11,87.0,2.0,0.0,3.0,5.0,82.0,1.0
GHA,2015,12,62.0,0.0,0.0,0.0,0.0,62.0,2.0
GHA,2016,1,111.0,3.0,0.0,3.0,6.0,105.0,2.0
GHA,2016,2,121.0,2.0,0.0,3.0,5.0,116.0,3.0
GHA,2016,3,113.0,5.0,0.0,4.0,9.0,104.0,1.0
GHA,2016,4,139.0,35.0,0.0,4.0,39.0,100.0,
GHA,2016,5,79.0,78.0,0.0,0.0,78.0,1.0,
GHA,2016,6,90.0,90.0,0.0,0.0,90.0,0.0,
GHA,2016,7,75.0,74.0,0.0,0.0,74.0,1.0,
GHA,2016,8,103.0,96.0,0.0,0.0,96.0,7.0,
GHA,2016,9,105.0,32.0,0.0,6.0,38.0,67.0,2.0
GHA,2016,10,148.0,10.0,0.0,7.0,17.0,131.0,2.0
GHA,2016,11,102.0,1.0,0.0,1.0,2.0,100.0,
GHA,2016,12,28.0,1.0,0.0,0.0,1.0,27.0,
GHA,2017,1,94.0,8.0,0.0,4.0,12.0,82.0,1.0
GHA,2017,2,174.0,1.0,0.0,3.0,4.0,170.0,
GHA,2017,3,195.0,7.0,0.0,7.0,14.0,181.0,3.0
GHA,2017,4,209.0,76.0,0.0,4.0,80.0,129.0,
GHA,2017,5,196.0,191.0,0.0,0.0,191.0,5.0,
GHA,2017,6,189.0,167.0,0.0,0.0,167.0,22.0,
GHA,2017,7,185.0,52.0,0.0,0.0,52.0,133.0,1.0
GHA,2017,8,131.0,0.0,0.0,1.0,1.0,130.0,
GHA,2017,9,150.0,5.0,0.0,0.0,5.0,145.0,1.0
GHA,2017,10,192.0,166.0,0.0,0.0,166.0,26.0,1.0
GHA,2017,11,147.0,147.0,0.0,0.0,147.0,0.0,
GHA,2017,12,104.0,104.0,0.0,0.0,104.0,0.0,
GHA,2018,1,173.0,161.0,0.0,0.0,161.0,12.0,
GHA,2018,2,213.0,194.0,0.0,0.0,194.0,19.0,
GHA,2018,3,224.0,47.0,0.0,4.0,51.0,173.0,7.0
GHA,2018,4,258.0,62.0,0.0,4.0,66.0,192.0,1.0
GHA,2018,5,215.0,141.0,0.0,3.0,144.0,71.0,3.0
GHA,2018,6,186.0,33.0,0.0,6.0,39.0,147.0,3.0
GHA,2018,7,180.0,9.0,0.0,10.0,19.0,161.0,3.0
GHA,2018,8,141.0,65.0,0.0,1.0,66.0,75.0,1.0
GHA,2018,9,134.0,95.0,0.0,0.0,95.0,39.0,2.0
GHA,2018,10,198.0,198.0,0.0,0.0,198.0,0.0,
GHA,2018,11,137.0,137.0,0.0,0.0,137.0,0.0,
GHA,2018,12,38.0,38.0,0.0,0.0,38.0,0.0,
GHA,2019,1,169.0,28.0,0.0,2.0,30.0,139.0,1.0
GHA,2019,2,268.0,260.0,0.0,0.0,260.0,8.0,1.0
GHA,2019,3,259.0,250.0,0.0,0.0,250.0,9.0,
GHA,2019,4,252.0,242.0,0.0,0.0,242.0,10.0,
GHA,2019,5,228.0,93.0,0.0,7.0,100.0,128.0,
GHA,2019,6,241.0,28.0,0.0,9.0,37.0,204.0,
GHA,2019,7,196.0,30.0,0.0,13.0,43.0,153.0,5.0
GHA,2019,8,221.0,60.0,0.0,12.0,72.0,149.0,3.0
GHA,2019,9,213.0,36.0,0.0,11.0,47.0,166.0,1.0
GHA,2019,10,235.0,70.0,0.0,7.0,77.0,158.0,2.0
GHA,2019,11,225.0,186.0,0.0,3.0,189.0,36.0,1.0
GHA,2019,12,73.0,73.0,0.0,0.0,73.0,0.0,
GHA,2020,1,205.0,10.0,0.0,6.0,16.0,189.0,3.0
GHA,2020,2,221.0,2.0,0.0,5.0,7.0,214.0,5.0
GHA,2020,3,186.0,0.0,0.0,3.0,3.0,183.0,4.0
GHA,2020,4,146.0,2.0,0.0,8.0,10.0,136.0,3.0
GHA,2020,5,172.0,1.0,0.0,8.0,9.0,163.0,2.0
GHA,2020,6,181.0,3.0,0.0,8.0,11.0,170.0,3.0
GHA,2020,7,111.0,1.0,0.0,6.0,7.0,104.0,5.0
GHA,2020,8,173.0,2.0,0.0,7.0,9.0,164.0,6.0
GHA,2020,9,148.0,3.0,0.0,8.0,11.0,137.0,2.0
GHA,2020,10,144.0,1.0,0.0,6.0,7.0,137.0,3.0
GHA,2020,11,121.0,1.0,0.0,6.0,7.0,114.0,1.0
GHA,2020,12,28.0,0.0,0.0,0.0,0.0,28.0,1.0
GHA,2021,1,172.0,1.0,0.0,3.0,4.0,168.0,5.0
GHA,2021,2,206.0,2.0,0.0,6.0,8.0,198.0,4.0
GHA,2021,3,249.0,2.0,0.0,5.0,7.0,242.0,4.0
GHA,2021,4,290.0,3.0,0.0,8.0,11.0,279.0,4.0
GHA,2021,5,356.0,2.0,0.0,6.0,8.0,348.0,12.0
GHA,2021,6,478.0,0.0,0.0,4.0,4.0,474.0,8.0
GHA,2021,7,326.0,0.0,0.0,0.0,0.0,326.0,2.0
GHA,2021,8,279.0,1.0,0.0,9.0,10.0,269.0,2.0
GHA,2021,9,272.0,0.0,0.0,4.0,4.0,268.0,1.0
GHA,2021,10,205.0,0.0,0.0,0.0,0.0,205.0,
GHA,2021,11,176.0,0.0,0.0,0.0,0.0,176.0,
GHA,2021,12,96.0,0.0,0.0,2.0,2.0,94.0,
GHA,2022,1,157.0,4.0,0.0,8.0,12.0,145.0,3.0
GHA,2022,2,221.0,4.0,0.0,18.0,22.0,199.0,7.0
GHA,2022,3,539.0,0.0,0.0,45.0,45.0,494.0,14.0
GHA,2022,4,423.0,2.0,0.0,40.0,42.0,381.0,9.0
GHA,2022,5,510.0,8.0,0.0,42.0,50.0,460.0,10.0
GHA,2022,6,310.0,2.0,0.0,16.0,18.0,292.0,5.0
GHA,2022,7,279.0,0.0,0.0,15.0,15.0,264.0,7.0
GHA,2022,8,266.0,0.0,0.0,25.0,25.0,241.0,5.0
GHA,2022,9,214.0,0.0,0.0,13.0,13.0,201.0,1.0
GHA,2022,10,58.0,0.0,0.0,0.0,0.0,58.0,
GHA,2023,1,615.0,6.0,3.0,295.0,304.0,311.0,7.0
GHA,2023,2,865.0,21.0,51.0,337.0,409.0,456.0,9.0
GHA,2023,3,907.0,1.0,652.0,89.0,742.0,165.0,4.0
GHA,2023,4,546.0,3.0,218.0,83.0,304.0,242.0,6.0
GHA,2023,5,489.0,3.0,0.0,79.0,82.0,407.0,7.0
GHA,2023,6,349.0,2.0,0.0,72.0,74.0,275.0,5.0
GHA,2023,7,338.0,3.0,0.0,59.0,62.0,276.0,6.0
GHA,2023,8,366.0,1.0,0.0,63.0,64.0,302.0,7.0
GHA,2023,9,326.0,0.0,0.0,61.0,61.0,265.0,7.0
GHA,2023,10,357.0,0.0,0.0,76.0,76.0,281.0,4.0
GHA,2023,11,252.0,1.0,0.0,54.0,55.0,197.0,23.0
GHA,2023,12,178.0,0.0,0.0,46.0,46.0,132.0,6.0
GHA,2024,1,458.0,3.0,451.0,3.0,457.0,1.0,
GHA,2024,2,822.0,10.0,793.0,7.0,810.0,12.0,
GHA,2024,3,731.0,12.0,699.0,5.0,716.0,15.0,
GHA,2024,4,657.0,18.0,637.0,1.0,656.0,1.0,
GHA,2024,5,546.0,0.0,546.0,0.0,546.0,0.0,
GHA,2024,6,320.0,0.0,320.0,0.0,320.0,0.0,
GHA,2024,7,251.0,0.0,251.0,0.0,251.0,0.0,
GHA,2024,8,234.0,0.0,234.0,0.0,234.0,0.0,
GHA,2024,9,194.0,0.0,194.0,0.0,194.0,0.0,
GHA,2024,10,5.0,0.0,5.0,0.0,5.0,0.0,
GHA,2025,1,322.0,1.0,0.0,70.0,71.0,251.0,13.0
GHA,2025,2,402.0,18.0,0.0,27.0,45.0,357.0,5.0
GHA,2025,3,496.0,59.0,1.0,50.0,110.0,386.0,19.0
GHA,2025,4,383.0,278.0,0.0,6.0,284.0,99.0,8.0
GHA,2025,5,455.0,445.0,0.0,2.0,447.0,8.0,
GHA,2025,6,341.0,285.0,0.0,4.0,289.0,52.0,
GHA,2025,7,277.0,52.0,0.0,10.0,62.0,215.0,5.0
GHA,2025,8,315.0,26.0,0.0,11.0,37.0,278.0,3.0
GHA,2025,9,257.0,45.0,0.0,11.0,56.0,201.0,1.0
GHA,2025,10,208.0,69.0,0.0,11.0,80.0,128.0,10.0
GHA,2025,11,36.0,35.0,0.0,0.0,35.0,1.0,
GHA,2026,1,248.0,242.0,0.0,0.0,242.0,6.0,5.0
GHA,2026,2,454.0,391.0,0.0,2.0,393.0,61.0,12.0
GHA,2026,3,489.0,75.0,0.0,23.0,98.0,391.0,33.0
GHA,2026,4,419.0,0.0,0.0,7.0,7.0,412.0,280.0
GHA,2026,5,68.0,0.0,0.0,0.0,0.0,68.0,68.0
GIN,2012,1,10.0,0.0,0.0,0.0,0.0,10.0,4.0
GIN,2012,2,23.0,1.0,0.0,0.0,1.0,22.0,9.0
GIN,2012,3,32.0,0.0,0.0,0.0,0.0,32.0,13.0
GIN,2012,4,30.0,3.0,0.0,0.0,3.0,27.0,12.0
GIN,2012,5,16.0,3.0,0.0,1.0,4.0,12.0,
GIN,2012,6,13.0,0.0,0.0,0.0,0.0,13.0,
GIN,2012,7,5.0,0.0,0.0,1.0,1.0,4.0,1.0
GIN,2012,8,2.0,0.0,0.0,0.0,0.0,2.0,
GIN,2012,9,1.0,0.0,0.0,0.0,0.0,1.0,
GIN,2012,10,5.0,0.0,0.0,0.0,0.0,5.0,
GIN,2012,11,3.0,0.0,0.0,0.0,0.0,3.0,
GIN,2013,2,3.0,0.0,0.0,0.0,0.0,3.0,2.0
GIN,2013,3,27.0,0.0,0.0,1.0,1.0,26.0,4.0
GIN,2013,4,22.0,0.0,0.0,0.0,0.0,22.0,1.0
GIN,2013,5,5.0,0.0,0.0,2.0,2.0,3.0,
GIN,2013,6,12.0,0.0,0.0,1.0,1.0,11.0,1.0
GIN,2013,7,16.0,0.0,0.0,0.0,0.0,16.0,
GIN,2013,8,7.0,0.0,0.0,2.0,2.0,5.0,
GIN,2013,9,9.0,1.0,0.0,2.0,3.0,6.0,
GIN,2013,10,8.0,0.0,0.0,6.0,6.0,2.0,
GIN,2013,11,15.0,1.0,0.0,6.0,7.0,8.0,1.0
GIN,2013,12,39.0,19.0,0.0,19.0,38.0,1.0,
GIN,2014,1,88.0,41.0,0.0,12.0,53.0,35.0,
GIN,2014,2,73.0,36.0,0.0,23.0,59.0,14.0,
GIN,2014,3,30.0,30.0,0.0,0.0,30.0,0.0,
GIN,2014,4,8.0,8.0,0.0,0.0,8.0,0.0,
GIN,2014,5,28.0,28.0,0.0,0.0,28.0,0.0,
GIN,2014,6,19.0,19.0,0.0,0.0,19.0,0.0,
GIN,2014,7,7.0,7.0,0.0,0.0,7.0,0.0,
GIN,2014,8,1.0,1.0,0.0,0.0,1.0,0.0,
GIN,2014,9,2.0,2.0,0.0,0.0,2.0,0.0,
GIN,2014,10,6.0,6.0,0.0,0.0,6.0,0.0,
GIN,2014,11,4.0,4.0,0.0,0.0,4.0,0.0,
GIN,2015,1,17.0,1.0,5.0,10.0,16.0,1.0,
GIN,2015,2,19.0,0.0,3.0,4.0,7.0,12.0,
GIN,2015,3,12.0,0.0,0.0,6.0,6.0,6.0,
GIN,2016,1,45.0,0.0,0.0,23.0,23.0,22.0,4.0
GIN,2016,2,82.0,2.0,0.0,29.0,31.0,51.0,14.0
GIN,2016,3,30.0,1.0,0.0,9.0,10.0,20.0,
GIN,2016,4,69.0,10.0,0.0,13.0,23.0,46.0,2.0
GIN,2016,5,95.0,52.0,0.0,7.0,59.0,36.0,12.0
GIN,2016,6,86.0,53.0,0.0,10.0,63.0,23.0,4.0
GIN,2016,7,40.0,34.0,0.0,1.0,35.0,5.0,
GIN,2016,8,49.0,30.0,0.0,0.0,30.0,19.0,
GIN,2016,9,63.0,5.0,0.0,19.0,24.0,39.0,
GIN,2016,10,32.0,0.0,0.0,12.0,12.0,20.0,
GIN,2016,11,48.0,23.0,0.0,0.0,23.0,25.0,
GIN,2016,12,36.0,1.0,0.0,0.0,1.0,35.0,
GIN,2017,1,264.0,0.0,0.0,151.0,151.0,113.0,32.0
GIN,2017,2,314.0,0.0,0.0,96.0,96.0,218.0,78.0
GIN,2017,3,110.0,0.0,0.0,40.0,40.0,70.0,23.0
GIN,2017,4,60.0,0.0,0.0,16.0,16.0,44.0,6.0
GIN,2017,5,69.0,0.0,0.0,31.0,31.0,38.0,10.0
GIN,2017,6,94.0,0.0,0.0,46.0,46.0,48.0,16.0
GIN,2017,7,50.0,0.0,0.0,25.0,25.0,25.0,2.0
GIN,2017,8,69.0,0.0,0.0,34.0,34.0,35.0,
GIN,2017,9,72.0,3.0,0.0,34.0,37.0,35.0,
GIN,2017,10,72.0,2.0,0.0,46.0,48.0,24.0,
GIN,2017,11,56.0,0.0,0.0,41.0,41.0,15.0,
GIN,2017,12,38.0,9.0,0.0,22.0,31.0,7.0,
GIN,2018,1,55.0,0.0,0.0,21.0,21.0,34.0,3.0
GIN,2018,2,87.0,0.0,0.0,38.0,38.0,49.0,7.0
GIN,2018,3,172.0,9.0,0.0,72.0,81.0,91.0,4.0
GIN,2018,4,229.0,14.0,0.0,129.0,143.0,86.0,1.0
GIN,2018,5,186.0,2.0,0.0,91.0,93.0,93.0,
GIN,2018,6,67.0,3.0,0.0,37.0,40.0,27.0,
GIN,2018,7,39.0,4.0,0.0,19.0,23.0,16.0,
GIN,2018,8,35.0,0.0,0.0,16.0,16.0,19.0,2.0
GIN,2018,9,33.0,0.0,0.0,15.0,15.0,18.0,
GIN,2018,10,30.0,0.0,0.0,8.0,8.0,22.0,
GIN,2018,11,38.0,0.0,0.0,23.0,23.0,15.0,
GIN,2018,12,19.0,11.0,0.0,6.0,17.0,2.0,
GIN,2019,1,102.0,0.0,0.0,80.0,80.0,22.0,1.0
GIN,2019,2,142.0,1.0,0.0,82.0,83.0,59.0,11.0
GIN,2019,3,261.0,13.0,0.0,134.0,147.0,114.0,1.0
GIN,2019,4,318.0,5.0,0.0,191.0,196.0,122.0,23.0
GIN,2019,5,281.0,3.0,0.0,156.0,159.0,122.0,13.0
GIN,2019,6,102.0,5.0,0.0,47.0,52.0,50.0,14.0
GIN,2019,7,283.0,0.0,0.0,187.0,187.0,96.0,11.0
GIN,2019,8,104.0,0.0,0.0,47.0,47.0,57.0,1.0
GIN,2019,9,77.0,0.0,0.0,51.0,51.0,26.0,3.0
GIN,2019,10,76.0,5.0,0.0,56.0,61.0,15.0,
GIN,2019,11,113.0,0.0,0.0,82.0,82.0,31.0,1.0
GIN,2019,12,79.0,10.0,0.0,53.0,63.0,16.0,
GIN,2020,1,488.0,0.0,0.0,333.0,333.0,155.0,25.0
GIN,2020,2,122.0,0.0,0.0,72.0,72.0,50.0,11.0
GIN,2020,3,94.0,0.0,0.0,50.0,50.0,44.0,8.0
GIN,2020,4,24.0,0.0,0.0,10.0,10.0,14.0,3.0
GIN,2020,5,25.0,0.0,0.0,8.0,8.0,17.0,2.0
GIN,2020,6,12.0,5.0,0.0,0.0,5.0,7.0,
GIN,2020,7,9.0,9.0,0.0,0.0,9.0,0.0,
GIN,2020,8,38.0,38.0,0.0,0.0,38.0,0.0,
GIN,2020,9,4.0,4.0,0.0,0.0,4.0,0.0,
GIN,2021,1,27.0,0.0,0.0,4.0,4.0,23.0,6.0
GIN,2021,2,49.0,0.0,0.0,18.0,18.0,31.0,13.0
GIN,2021,3,51.0,0.0,0.0,19.0,19.0,32.0,2.0
GIN,2021,4,72.0,0.0,0.0,30.0,30.0,42.0,5.0
GIN,2021,5,52.0,0.0,0.0,20.0,20.0,32.0,1.0
GIN,2021,6,39.0,0.0,0.0,17.0,17.0,22.0,3.0
GIN,2021,7,27.0,0.0,0.0,20.0,20.0,7.0,3.0
GIN,2021,8,122.0,5.0,0.0,79.0,84.0,38.0,3.0
GIN,2021,9,61.0,2.0,0.0,33.0,35.0,26.0,
GIN,2021,10,78.0,2.0,0.0,56.0,58.0,20.0,
GIN,2021,11,137.0,0.0,0.0,82.0,82.0,55.0,
GIN,2021,12,146.0,0.0,0.0,87.0,87.0,59.0,4.0
GIN,2022,1,77.0,5.0,0.0,57.0,62.0,15.0,1.0
GIN,2022,2,228.0,10.0,0.0,149.0,159.0,69.0,9.0
GIN,2022,3,166.0,10.0,0.0,111.0,121.0,45.0,9.0
GIN,2022,4,70.0,4.0,0.0,44.0,48.0,22.0,6.0
GIN,2022,5,16.0,1.0,0.0,7.0,8.0,8.0,1.0
GIN,2022,6,1.0,0.0,0.0,1.0,1.0,0.0,
GIN,2022,7,1.0,0.0,0.0,1.0,1.0,0.0,
GIN,2022,8,6.0,0.0,0.0,2.0,2.0,4.0,1.0
GIN,2022,9,18.0,2.0,0.0,13.0,15.0,3.0,1.0
GIN,2022,10,26.0,0.0,0.0,9.0,9.0,17.0,3.0
GIN,2022,11,5.0,0.0,0.0,3.0,3.0,2.0,
GIN,2023,1,41.0,0.0,1.0,6.0,7.0,34.0,8.0
GIN,2023,2,100.0,0.0,1.0,8.0,9.0,91.0,21.0
GIN,2023,3,105.0,0.0,1.0,3.0,4.0,101.0,21.0
GIN,2023,4,84.0,0.0,45.0,3.0,48.0,36.0,7.0
GIN,2023,5,57.0,0.0,33.0,1.0,34.0,23.0,1.0
GIN,2023,6,27.0,0.0,19.0,1.0,20.0,7.0,1.0
GIN,2023,7,24.0,0.0,21.0,0.0,21.0,3.0,
GIN,2023,8,21.0,0.0,10.0,0.0,10.0,11.0,2.0
GIN,2023,9,16.0,0.0,8.0,0.0,8.0,8.0,1.0
GIN,2023,10,16.0,0.0,4.0,3.0,7.0,9.0,1.0
GIN,2023,11,19.0,0.0,11.0,2.0,13.0,6.0,
GIN,2023,12,23.0,0.0,23.0,0.0,23.0,0.0,
GIN,2024,1,48.0,2.0,0.0,14.0,16.0,32.0,1.0
GIN,2024,2,68.0,3.0,0.0,40.0,43.0,25.0,
GIN,2024,3,241.0,2.0,0.0,97.0,99.0,142.0,1.0
GIN,2024,4,149.0,1.0,0.0,56.0,57.0,92.0,4.0
GIN,2024,5,119.0,1.0,0.0,36.0,37.0,82.0,2.0
GIN,2024,6,89.0,0.0,0.0,37.0,37.0,52.0,2.0
GIN,2024,7,83.0,1.0,0.0,47.0,48.0,35.0,2.0
GIN,2024,8,60.0,3.0,0.0,24.0,27.0,33.0,
GIN,2024,9,67.0,5.0,0.0,41.0,46.0,21.0,
GIN,2024,10,122.0,5.0,0.0,73.0,78.0,44.0,
GIN,2024,11,142.0,24.0,0.0,80.0,104.0,38.0,
GIN,2024,12,43.0,43.0,0.0,0.0,43.0,0.0,
GIN,2025,1,236.0,0.0,1.0,120.0,121.0,115.0,8.0
GIN,2025,2,351.0,0.0,0.0,186.0,186.0,165.0,22.0
GIN,2025,3,195.0,0.0,3.0,102.0,105.0,90.0,4.0
GIN,2025,4,79.0,0.0,1.0,44.0,45.0,34.0,3.0
GIN,2025,5,46.0,0.0,0.0,18.0,18.0,28.0,2.0
GIN,2025,6,61.0,0.0,0.0,38.0,38.0,23.0,
GIN,2025,7,39.0,0.0,0.0,17.0,17.0,22.0,3.0
GIN,2025,8,14.0,0.0,0.0,4.0,4.0,10.0,2.0
GIN,2025,9,46.0,0.0,0.0,12.0,12.0,34.0,6.0
GIN,2025,10,26.0,0.0,0.0,5.0,5.0,21.0,3.0
GIN,2025,11,40.0,0.0,0.0,4.0,4.0,36.0,2.0
GIN,2025,12,40.0,0.0,0.0,11.0,11.0,29.0,5.0
GIN,2026,1,68.0,0.0,0.0,22.0,22.0,46.0,8.0
GIN,2026,2,256.0,0.0,0.0,36.0,36.0,220.0,69.0
GIN,2026,3,493.0,0.0,1.0,73.0,74.0,419.0,143.0
GIN,2026,4,361.0,0.0,0.0,63.0,63.0,298.0,108.0
GIN,2026,5,300.0,0.0,0.0,39.0,39.0,261.0,96.0
GIN,2026,6,191.0,0.0,0.0,77.0,77.0,114.0,41.0
GIN,2026,7,113.0,0.0,0.0,49.0,49.0,64.0,11.0
GIN,2026,8,21.0,0.0,0.0,5.0,5.0,16.0,4.0
GMB,2012,1,3.0,0.0,0.0,0.0,0.0,3.0,
GMB,2012,2,4.0,0.0,0.0,0.0,0.0,4.0,2.0
GMB,2012,3,21.0,1.0,0.0,0.0,1.0,20.0,5.0
GMB,2012,4,16.0,0.0,0.0,0.0,0.0,16.0,9.0
GMB,2012,5,14.0,0.0,0.0,0.0,0.0,14.0,10.0
GMB,2012,6,15.0,0.0,0.0,0.0,0.0,15.0,6.0
GMB,2012,7,7.0,0.0,0.0,0.0,0.0,7.0,3.0
GMB,2012,8,3.0,0.0,0.0,0.0,0.0,3.0,1.0
GMB,2012,9,3.0,0.0,0.0,0.0,0.0,3.0,
GMB,2012,10,2.0,0.0,0.0,0.0,0.0,2.0,
GMB,2012,11,2.0,0.0,0.0,0.0,0.0,2.0,1.0
GMB,2012,12,2.0,2.0,0.0,0.0,2.0,0.0,
GMB,2013,1,8.0,0.0,0.0,0.0,0.0,8.0,2.0
GMB,2013,2,10.0,0.0,0.0,0.0,0.0,10.0,1.0
GMB,2013,3,41.0,0.0,0.0,0.0,0.0,41.0,14.0
GMB,2013,4,26.0,0.0,0.0,0.0,0.0,26.0,13.0
GMB,2013,5,28.0,0.0,0.0,0.0,0.0,28.0,20.0
GMB,2013,6,14.0,0.0,0.0,0.0,0.0,14.0,8.0
GMB,2013,7,3.0,1.0,0.0,0.0,1.0,2.0,1.0
GMB,2013,8,1.0,0.0,0.0,0.0,0.0,1.0,
GMB,2013,9,1.0,0.0,0.0,0.0,0.0,1.0,
GMB,2013,10,1.0,0.0,0.0,0.0,0.0,1.0,
GMB,2013,11,1.0,0.0,0.0,0.0,0.0,1.0,
GMB,2014,1,6.0,0.0,0.0,1.0,1.0,5.0,1.0
GMB,2014,2,8.0,0.0,0.0,0.0,0.0,8.0,1.0
GMB,2014,3,22.0,0.0,0.0,0.0,0.0,22.0,4.0
GMB,2014,4,32.0,0.0,0.0,1.0,1.0,31.0,13.0
GMB,2014,5,13.0,0.0,0.0,0.0,0.0,13.0,6.0
GMB,2014,6,7.0,0.0,0.0,0.0,0.0,7.0,3.0
GMB,2014,8,4.0,0.0,0.0,0.0,0.0,4.0,
GMB,2014,9,1.0,0.0,0.0,0.0,0.0,1.0,
GMB,2014,12,1.0,0.0,0.0,0.0,0.0,1.0,
GMB,2015,1,3.0,0.0,0.0,2.0,2.0,1.0,
GMB,2015,2,16.0,0.0,0.0,0.0,0.0,16.0,
GMB,2015,3,14.0,0.0,0.0,0.0,0.0,14.0,
GMB,2015,4,10.0,0.0,0.0,1.0,1.0,9.0,
GMB,2015,5,26.0,0.0,0.0,11.0,11.0,15.0,1.0
GMB,2015,6,24.0,0.0,0.0,9.0,9.0,15.0,
GMB,2016,1,66.0,11.0,0.0,38.0,49.0,17.0,1.0
GMB,2016,3,1.0,1.0,0.0,0.0,1.0,0.0,
GMB,2017,1,11.0,0.0,0.0,0.0,0.0,11.0,
GMB,2017,2,20.0,0.0,0.0,0.0,0.0,20.0,
GMB,2017,3,8.0,0.0,0.0,0.0,0.0,8.0,
GMB,2017,4,6.0,0.0,0.0,0.0,0.0,6.0,
GMB,2017,5,5.0,0.0,0.0,0.0,0.0,5.0,
GMB,2017,7,1.0,0.0,0.0,0.0,0.0,1.0,
GMB,2017,8,2.0,0.0,0.0,0.0,0.0,2.0,
GMB,2017,9,1.0,0.0,0.0,0.0,0.0,1.0,
GMB,2017,10,1.0,0.0,0.0,0.0,0.0,1.0,
GMB,2017,11,3.0,0.0,0.0,0.0,0.0,3.0,
GMB,2017,12,2.0,0.0,0.0,1.0,1.0,1.0,
GMB,2018,1,5.0,1.0,0.0,1.0,2.0,3.0,
GMB,2018,2,12.0,0.0,0.0,0.0,0.0,12.0,
GMB,2018,3,6.0,0.0,0.0,2.0,2.0,4.0,
GMB,2018,4,13.0,0.0,0.0,1.0,1.0,12.0,1.0
GMB,2018,5,11.0,0.0,0.0,0.0,0.0,11.0,
GMB,2018,6,13.0,0.0,0.0,0.0,0.0,13.0,
GMB,2018,7,3.0,0.0,0.0,0.0,0.0,3.0,
GMB,2018,9,2.0,0.0,0.0,0.0,0.0,2.0,
GMB,2018,11,1.0,1.0,0.0,0.0,1.0,0.0,
GMB,2019,1,1.0,0.0,0.0,0.0,0.0,1.0,
GMB,2019,2,8.0,0.0,0.0,0.0,0.0,8.0,
GMB,2019,3,8.0,0.0,0.0,0.0,0.0,8.0,
GMB,2019,4,1.0,0.0,0.0,0.0,0.0,1.0,
GMB,2019,5,3.0,0.0,0.0,0.0,0.0,3.0,
GMB,2019,6,3.0,1.0,0.0,1.0,2.0,1.0,
GMB,2019,7,1.0,0.0,0.0,0.0,0.0,1.0,
GMB,2019,8,8.0,0.0,0.0,0.0,0.0,8.0,
GMB,2019,9,2.0,0.0,0.0,0.0,0.0,2.0,
GMB,2019,10,4.0,0.0,0.0,0.0,0.0,4.0,
GMB,2019,11,3.0,0.0,0.0,0.0,0.0,3.0,
GMB,2019,12,3.0,0.0,0.0,0.0,0.0,3.0,
GMB,2020,1,6.0,0.0,0.0,0.0,0.0,6.0,
GMB,2020,2,17.0,1.0,0.0,9.0,10.0,7.0,1.0
GMB,2020,3,12.0,0.0,0.0,1.0,1.0,11.0,
GMB,2020,4,2.0,0.0,0.0,0.0,0.0,2.0,1.0
GMB,2020,5,7.0,0.0,0.0,2.0,2.0,5.0,
GMB,2020,6,7.0,0.0,0.0,2.0,2.0,5.0,
GMB,2020,9,6.0,0.0,0.0,0.0,0.0,6.0,
GMB,2020,10,5.0,0.0,0.0,0.0,0.0,5.0,
GMB,2020,12,3.0,3.0,0.0,0.0,3.0,0.0,
GMB,2021,1,5.0,0.0,0.0,0.0,0.0,5.0,
GMB,2021,2,4.0,1.0,0.0,1.0,2.0,2.0,
GMB,2021,3,2.0,0.0,0.0,0.0,0.0,2.0,
GMB,2021,4,3.0,0.0,0.0,0.0,0.0,3.0,
GMB,2021,5,1.0,0.0,0.0,0.0,0.0,1.0,
GMB,2021,7,1.0,0.0,0.0,0.0,0.0,1.0,
GMB,2021,12,1.0,0.0,0.0,0.0,0.0,1.0,
GMB,2022,1,3.0,0.0,0.0,2.0,2.0,1.0,
GMB,2022,2,51.0,8.0,2.0,19.0,29.0,22.0,4.0
GMB,2022,3,68.0,48.0,0.0,0.0,48.0,20.0,
GMB,2022,4,10.0,7.0,0.0,2.0,9.0,1.0,
GMB,2022,5,7.0,4.0,1.0,0.0,5.0,2.0,
GMB,2022,7,1.0,0.0,0.0,0.0,0.0,1.0,
GMB,2022,8,8.0,1.0,0.0,5.0,6.0,2.0,
GMB,2022,9,11.0,1.0,1.0,3.0,5.0,6.0,
GMB,2022,10,22.0,0.0,0.0,8.0,8.0,14.0,
GMB,2022,11,9.0,4.0,0.0,3.0,7.0,2.0,
GMB,2022,12,10.0,7.0,0.0,1.0,8.0,2.0,
GMB,2023,1,56.0,0.0,1.0,8.0,9.0,47.0,
GMB,2023,2,79.0,0.0,0.0,6.0,6.0,73.0,2.0
GMB,2023,3,11.0,0.0,0.0,2.0,2.0,9.0,
GMB,2023,4,9.0,0.0,0.0,3.0,3.0,6.0,
GMB,2023,5,23.0,0.0,0.0,5.0,5.0,18.0,
GMB,2023,6,4.0,0.0,0.0,0.0,0.0,4.0,
GMB,2023,8,5.0,0.0,0.0,1.0,1.0,4.0,
GMB,2023,9,5.0,0.0,0.0,1.0,1.0,4.0,
GMB,2023,10,19.0,0.0,0.0,2.0,2.0,17.0,1.0
GMB,2023,11,12.0,0.0,0.0,3.0,3.0,9.0,1.0
GMB,2023,12,18.0,1.0,1.0,2.0,4.0,14.0,2.0
GMB,2024,1,14.0,0.0,0.0,0.0,0.0,14.0,
GMB,2024,2,18.0,4.0,0.0,1.0,5.0,13.0,1.0
GMB,2024,3,26.0,2.0,0.0,0.0,2.0,24.0,
GMB,2024,4,19.0,0.0,0.0,0.0,0.0,19.0,
GMB,2024,5,30.0,0.0,0.0,1.0,1.0,29.0,
GMB,2024,6,12.0,0.0,0.0,1.0,1.0,11.0,1.0
GMB,2024,7,28.0,1.0,0.0,3.0,4.0,24.0,
GMB,2024,8,31.0,1.0,0.0,2.0,3.0,28.0,
GMB,2024,9,23.0,1.0,0.0,0.0,1.0,22.0,
GMB,2024,10,24.0,0.0,0.0,0.0,0.0,24.0,1.0
GMB,2024,11,5.0,0.0,0.0,0.0,0.0,5.0,
GMB,2024,12,5.0,2.0,0.0,0.0,2.0,3.0,
GMB,2025,1,12.0,0.0,0.0,0.0,0.0,12.0,1.0
GMB,2025,2,24.0,0.0,0.0,0.0,0.0,24.0,1.0
GMB,2025,3,17.0,0.0,0.0,1.0,1.0,16.0,
GMB,2025,4,21.0,1.0,0.0,3.0,4.0,17.0,1.0
GMB,2025,5,20.0,0.0,0.0,0.0,0.0,20.0,1.0
GMB,2025,6,13.0,0.0,0.0,2.0,2.0,11.0,1.0
GMB,2025,7,20.0,0.0,0.0,1.0,1.0,19.0,6.0
GMB,2025,8,14.0,1.0,0.0,1.0,2.0,12.0,
GMB,2025,9,4.0,0.0,0.0,0.0,0.0,4.0,
GMB,2025,10,8.0,0.0,0.0,0.0,0.0,8.0,
GMB,2025,11,5.0,0.0,0.0,3.0,3.0,2.0,
GMB,2025,12,19.0,0.0,0.0,0.0,0.0,19.0,5.0
GMB,2026,1,13.0,0.0,0.0,0.0,0.0,13.0,2.0
GMB,2026,2,16.0,0.0,0.0,0.0,0.0,16.0,1.0
GMB,2026,3,17.0,1.0,0.0,0.0,1.0,16.0,
GMB,2026,4,24.0,1.0,0.0,2.0,3.0,21.0,2.0
GMB,2026,5,5.0,0.0,0.0,0.0,0.0,5.0,
GMB,2026,6,3.0,1.0,0.0,0.0,1.0,2.0,
GMB,2026,7,2.0,0.0,0.0,0.0,0.0,2.0,
GMB,2026,8,2.0,0.0,0.0,1.0,1.0,1.0,
GNB,2012,1,3.0,0.0,0.0,0.0,0.0,3.0,2.0
GNB,2012,2,5.0,2.0,0.0,0.0,2.0,3.0,3.0
GNB,2014,2,2.0,0.0,0.0,0.0,0.0,2.0,
GNB,2022,1,6.0,0.0,0.0,4.0,4.0,2.0,
GNB,2022,2,55.0,1.0,0.0,36.0,37.0,18.0,
GNB,2022,3,254.0,1.0,0.0,93.0,94.0,160.0,2.0
GNB,2022,4,70.0,0.0,0.0,9.0,9.0,61.0,
GNB,2023,1,29.0,0.0,0.0,1.0,1.0,28.0,19.0
GNB,2023,2,158.0,0.0,8.0,1.0,9.0,149.0,97.0
GNB,2023,3,70.0,0.0,6.0,1.0,7.0,63.0,38.0
GNB,2023,4,1.0,0.0,0.0,0.0,0.0,1.0,
GNB,2023,12,9.0,0.0,0.0,0.0,0.0,9.0,
GNB,2024,1,7.0,0.0,0.0,0.0,0.0,7.0,
GNB,2024,2,7.0,7.0,0.0,0.0,7.0,0.0,
GNB,2024,3,5.0,5.0,0.0,0.0,5.0,0.0,
GNB,2024,4,1.0,1.0,0.0,0.0,1.0,0.0,
GNB,2024,5,6.0,6.0,0.0,0.0,6.0,0.0,
GNB,2024,6,2.0,2.0,0.0,0.0,2.0,0.0,
GNB,2024,7,13.0,13.0,0.0,0.0,13.0,0.0,
GNB,2024,8,7.0,7.0,0.0,0.0,7.0,0.0,
GNB,2024,9,5.0,5.0,0.0,0.0,5.0,0.0,
GNB,2024,10,7.0,2.0,0.0,0.0,2.0,5.0,
GNB,2024,11,6.0,0.0,0.0,0.0,0.0,6.0,
GNB,2024,12,8.0,8.0,0.0,0.0,8.0,0.0,
GNB,2025,1,3.0,0.0,0.0,0.0,0.0,3.0,3.0
GNB,2025,2,6.0,0.0,0.0,0.0,0.0,6.0,6.0
GNB,2025,3,17.0,0.0,0.0,0.0,0.0,17.0,17.0
GNB,2025,4,8.0,0.0,0.0,0.0,0.0,8.0,8.0
GNB,2025,9,1.0,0.0,0.0,0.0,0.0,1.0,1.0
GNB,2025,11,2.0,0.0,0.0,0.0,0.0,2.0,2.0
GNB,2025,12,2.0,0.0,0.0,0.0,0.0,2.0,2.0
GNQ,2012,3,6.0,1.0,0.0,4.0,5.0,1.0,
GNQ,2012,4,17.0,17.0,0.0,0.0,17.0,0.0,
GNQ,2012,5,1.0,1.0,0.0,0.0,1.0,0.0,
GNQ,2012,6,4.0,0.0,0.0,4.0,4.0,0.0,
GNQ,2013,3,3.0,3.0,0.0,0.0,3.0,0.0,
GNQ,2013,11,3.0,0.0,0.0,3.0,3.0,0.0,
GNQ,2013,12,3.0,1.0,0.0,2.0,3.0,0.0,
GNQ,2014,1,50.0,50.0,0.0,0.0,50.0,0.0,
GNQ,2014,2,22.0,22.0,0.0,0.0,22.0,0.0,
GNQ,2014,8,2.0,0.0,0.0,0.0,0.0,2.0,
GNQ,2014,9,2.0,0.0,1.0,0.0,1.0,1.0,
GNQ,2014,11,5.0,0.0,5.0,0.0,5.0,0.0,
GNQ,2014,12,4.0,1.0,1.0,1.0,3.0,1.0,
GNQ,2015,1,118.0,0.0,106.0,12.0,118.0,0.0,
GNQ,2015,2,143.0,0.0,134.0,6.0,140.0,3.0,
GNQ,2015,3,155.0,0.0,123.0,15.0,138.0,17.0,4.0
GNQ,2015,4,153.0,0.0,131.0,11.0,142.0,11.0,1.0
GNQ,2015,5,63.0,0.0,51.0,6.0,57.0,6.0,
GNQ,2015,6,91.0,0.0,86.0,4.0,90.0,1.0,
GNQ,2015,7,32.0,0.0,26.0,2.0,28.0,4.0,
GNQ,2015,8,20.0,0.0,10.0,7.0,17.0,3.0,
GNQ,2015,9,34.0,0.0,17.0,4.0,21.0,13.0,4.0
GNQ,2015,10,51.0,0.0,39.0,11.0,50.0,1.0,
GNQ,2015,11,100.0,0.0,88.0,5.0,93.0,7.0,1.0
GNQ,2015,12,355.0,0.0,343.0,6.0,349.0,6.0,3.0
GNQ,2016,1,521.0,0.0,499.0,16.0,515.0,6.0,1.0
GNQ,2016,2,525.0,0.0,505.0,13.0,518.0,7.0,1.0
GNQ,2016,3,514.0,0.0,502.0,9.0,511.0,3.0,
GNQ,2016,4,106.0,0.0,103.0,2.0,105.0,1.0,
GNQ,2016,5,35.0,0.0,25.0,5.0,30.0,5.0,
GNQ,2016,6,7.0,0.0,1.0,1.0,2.0,5.0,
GNQ,2016,11,2.0,0.0,0.0,0.0,0.0,2.0,
GNQ,2016,12,5.0,0.0,2.0,0.0,2.0,3.0,
GNQ,2017,1,12.0,0.0,0.0,0.0,0.0,12.0,1.0
GNQ,2017,2,5.0,0.0,0.0,1.0,1.0,4.0,
GNQ,2017,3,6.0,0.0,0.0,0.0,0.0,6.0,
GNQ,2017,4,6.0,0.0,0.0,0.0,0.0,6.0,
GNQ,2017,5,6.0,0.0,0.0,0.0,0.0,6.0,1.0
GNQ,2017,6,1.0,0.0,0.0,0.0,0.0,1.0,1.0
GNQ,2017,7,10.0,7.0,0.0,0.0,7.0,3.0,1.0
GNQ,2017,8,4.0,1.0,0.0,0.0,1.0,3.0,
GNQ,2017,9,2.0,0.0,0.0,0.0,0.0,2.0,
GNQ,2017,10,6.0,5.0,0.0,0.0,5.0,1.0,
GNQ,2017,11,6.0,6.0,0.0,0.0,6.0,0.0,
GNQ,2018,1,7.0,1.0,0.0,0.0,1.0,6.0,1.0
GNQ,2018,2,2.0,2.0,0.0,0.0,2.0,0.0,
GNQ,2018,3,2.0,0.0,0.0,0.0,0.0,2.0,2.0
GNQ,2018,4,4.0,0.0,0.0,0.0,0.0,4.0,
GNQ,2018,5,9.0,1.0,0.0,0.0,1.0,8.0,1.0
GNQ,2018,6,4.0,0.0,0.0,0.0,0.0,4.0,1.0
GNQ,2018,7,5.0,1.0,0.0,0.0,1.0,4.0,
GNQ,2018,8,5.0,4.0,0.0,0.0,4.0,1.0,
GNQ,2018,9,8.0,8.0,0.0,0.0,8.0,0.0,
GNQ,2018,10,3.0,3.0,0.0,0.0,3.0,0.0,
GNQ,2018,11,6.0,6.0,0.0,0.0,6.0,0.0,
GNQ,2018,12,1.0,1.0,0.0,0.0,1.0,0.0,
GNQ,2019,1,6.0,6.0,0.0,0.0,6.0,0.0,
GNQ,2019,2,1.0,1.0,0.0,0.0,1.0,0.0,
GNQ,2019,3,7.0,7.0,0.0,0.0,7.0,0.0,
GNQ,2019,4,4.0,4.0,0.0,0.0,4.0,0.0,
GNQ,2019,5,8.0,5.0,0.0,0.0,5.0,3.0,2.0
GNQ,2019,6,4.0,3.0,0.0,0.0,3.0,1.0,
GNQ,2019,7,11.0,10.0,0.0,0.0,10.0,1.0,1.0
GNQ,2019,8,3.0,3.0,0.0,0.0,3.0,0.0,
GNQ,2019,10,1.0,1.0,0.0,0.0,1.0,0.0,
GNQ,2019,11,5.0,5.0,0.0,0.0,5.0,0.0,
GNQ,2019,12,2.0,2.0,0.0,0.0,2.0,0.0,
GNQ,2020,1,4.0,1.0,0.0,0.0,1.0,3.0,
GNQ,2020,2,1.0,0.0,0.0,1.0,1.0,0.0,
GNQ,2020,3,25.0,5.0,0.0,17.0,22.0,3.0,
GNQ,2020,4,8.0,2.0,0.0,3.0,5.0,3.0,
GNQ,2020,5,7.0,3.0,0.0,1.0,4.0,3.0,
GNQ,2020,6,1.0,1.0,0.0,0.0,1.0,0.0,
GNQ,2020,7,1.0,0.0,0.0,0.0,0.0,1.0,
GNQ,2020,8,2.0,1.0,0.0,0.0,1.0,1.0,1.0
GNQ,2020,9,7.0,0.0,0.0,1.0,1.0,6.0,
GNQ,2020,10,5.0,1.0,0.0,1.0,2.0,3.0,
GNQ,2020,11,20.0,5.0,0.0,13.0,18.0,2.0,1.0
GNQ,2020,12,28.0,12.0,0.0,12.0,24.0,4.0,
GNQ,2021,1,2.0,2.0,0.0,0.0,2.0,0.0,
GNQ,2021,2,3.0,2.0,0.0,0.0,2.0,1.0,
GNQ,2021,3,7.0,2.0,0.0,1.0,3.0,4.0,1.0
GNQ,2021,4,3.0,0.0,0.0,1.0,1.0,2.0,
GNQ,2021,5,7.0,2.0,0.0,0.0,2.0,5.0,
GNQ,2021,6,2.0,0.0,0.0,0.0,0.0,2.0,
GNQ,2021,7,4.0,0.0,0.0,0.0,0.0,4.0,
GNQ,2021,9,1.0,0.0,0.0,0.0,0.0,1.0,
GNQ,2021,10,1.0,1.0,0.0,0.0,1.0,0.0,
GNQ,2021,11,4.0,4.0,0.0,0.0,4.0,0.0,
GNQ,2021,12,2.0,2.0,0.0,0.0,2.0,0.0,
GNQ,2022,2,1.0,0.0,0.0,0.0,0.0,1.0,
GNQ,2022,3,7.0,0.0,0.0,0.0,0.0,7.0,
GNQ,2022,4,5.0,0.0,0.0,0.0,0.0,5.0,
GNQ,2022,5,1.0,0.0,0.0,0.0,0.0,1.0,
GNQ,2022,6,8.0,0.0,0.0,0.0,0.0,8.0,
GNQ,2022,7,6.0,0.0,0.0,0.0,0.0,6.0,
GNQ,2022,8,10.0,1.0,0.0,0.0,1.0,9.0,
GNQ,2022,9,4.0,0.0,0.0,0.0,0.0,4.0,
GNQ,2022,10,2.0,0.0,0.0,0.0,0.0,2.0,
GNQ,2022,11,6.0,1.0,0.0,2.0,3.0,3.0,
GNQ,2023,1,5.0,0.0,0.0,2.0,2.0,3.0,
GNQ,2023,2,23.0,9.0,0.0,7.0,16.0,7.0,
GNQ,2023,3,29.0,2.0,2.0,10.0,14.0,15.0,
GNQ,2023,4,40.0,4.0,0.0,18.0,22.0,18.0,1.0
GNQ,2023,5,48.0,2.0,1.0,16.0,19.0,29.0,2.0
GNQ,2023,6,98.0,1.0,62.0,14.0,77.0,21.0,2.0
GNQ,2023,7,93.0,2.0,66.0,14.0,82.0,11.0,2.0
GNQ,2023,8,9.0,0.0,0.0,2.0,2.0,7.0,
GNQ,2023,9,6.0,0.0,0.0,3.0,3.0,3.0,
GNQ,2023,10,9.0,1.0,0.0,0.0,1.0,8.0,1.0
GNQ,2023,11,20.0,11.0,0.0,6.0,17.0,3.0,
GNQ,2023,12,16.0,12.0,0.0,0.0,12.0,4.0,4.0
GNQ,2024,1,73.0,11.0,12.0,19.0,42.0,31.0,
GNQ,2024,2,134.0,53.0,70.0,4.0,127.0,7.0,
GNQ,2024,3,212.0,151.0,60.0,0.0,211.0,1.0,
GNQ,2024,4,92.0,52.0,37.0,3.0,92.0,0.0,
GNQ,2024,5,37.0,20.0,16.0,0.0,36.0,1.0,
GNQ,2024,7,1.0,1.0,0.0,0.0,1.0,0.0,
GNQ,2024,8,1.0,1.0,0.0,0.0,1.0,0.0,
GNQ,2024,11,2.0,2.0,0.0,0.0,2.0,0.0,
GNQ,2024,12,9.0,4.0,0.0,0.0,4.0,5.0,
GNQ,2025,1,43.0,2.0,1.0,22.0,25.0,18.0,
GNQ,2025,2,59.0,2.0,0.0,28.0,30.0,29.0,6.0
GNQ,2025,3,29.0,0.0,4.0,12.0,16.0,13.0,5.0
GNQ,2025,4,6.0,1.0,0.0,4.0,5.0,1.0,
GNQ,2025,7,6.0,0.0,0.0,0.0,0.0,6.0,1.0
GNQ,2025,8,5.0,0.0,0.0,0.0,0.0,5.0,3.0
GNQ,2025,11,1.0,0.0,0.0,1.0,1.0,0.0,
GNQ,2026,2,9.0,0.0,0.0,6.0,6.0,3.0,1.0
GNQ,2026,3,4.0,1.0,0.0,0.0,1.0,3.0,
GNQ,2026,4,11.0,0.0,0.0,1.0,1.0,10.0,
GNQ,2026,5,9.0,1.0,0.0,0.0,1.0,8.0,
GNQ,2026,6,7.0,1.0,0.0,1.0,2.0,5.0,1.0
GNQ,2026,7,5.0,4.0,0.0,0.0,4.0,1.0,1.0
GNQ,2026,8,1.0,1.0,0.0,0.0,1.0,0.0,
KEN,2012,1,437.0,35.0,245.0,97.0,377.0,60.0,6.0
KEN,2012,2,668.0,71.0,407.0,95.0,573.0,95.0,14.0
KEN,2012,3,573.0,12.0,344.0,111.0,467.0,106.0,25.0
KEN,2012,4,392.0,3.0,217.0,99.0,319.0,73.0,4.0
KEN,2012,5,252.0,6.0,91.0,93.0,190.0,62.0,13.0
KEN,2012,6,255.0,5.0,28.0,96.0,129.0,126.0,38.0
KEN,2012,7,211.0,7.0,7.0,79.0,93.0,118.0,47.0
KEN,2012,8,182.0,4.0,1.0,77.0,82.0,100.0,23.0
KEN,2012,9,152.0,1.0,1.0,81.0,83.0,69.0,25.0
KEN,2012,10,196.0,5.0,0.0,27.0,32.0,164.0,55.0
KEN,2012,11,147.0,1.0,0.0,25.0,26.0,121.0,51.0
KEN,2012,12,6.0,1.0,0.0,3.0,4.0,2.0,1.0
KEN,2013,1,76.0,2.0,11.0,11.0,24.0,52.0,17.0
KEN,2013,2,100.0,2.0,27.0,18.0,47.0,53.0,3.0
KEN,2013,3,58.0,2.0,2.0,17.0,21.0,37.0,9.0
KEN,2013,4,47.0,1.0,1.0,14.0,16.0,31.0,9.0
KEN,2013,5,58.0,2.0,0.0,9.0,11.0,47.0,8.0
KEN,2013,6,77.0,1.0,0.0,6.0,7.0,70.0,12.0
KEN,2013,7,129.0,5.0,1.0,17.0,23.0,106.0,54.0
KEN,2013,8,105.0,8.0,0.0,13.0,21.0,84.0,34.0
KEN,2013,9,125.0,3.0,11.0,7.0,21.0,104.0,47.0
KEN,2013,10,158.0,1.0,13.0,8.0,22.0,136.0,64.0
KEN,2013,11,106.0,20.0,0.0,4.0,24.0,82.0,42.0
KEN,2013,12,6.0,6.0,0.0,0.0,6.0,0.0,
KEN,2014,1,114.0,1.0,51.0,19.0,71.0,43.0,7.0
KEN,2014,2,231.0,4.0,59.0,13.0,76.0,155.0,74.0
KEN,2014,3,287.0,4.0,50.0,17.0,71.0,216.0,98.0
KEN,2014,4,113.0,1.0,21.0,20.0,42.0,71.0,36.0
KEN,2014,5,90.0,1.0,0.0,11.0,12.0,78.0,31.0
KEN,2014,6,174.0,4.0,23.0,16.0,43.0,131.0,46.0
KEN,2014,7,166.0,2.0,16.0,13.0,31.0,135.0,67.0
KEN,2014,8,142.0,1.0,0.0,7.0,8.0,134.0,74.0
KEN,2014,9,89.0,11.0,0.0,0.0,11.0,78.0,38.0
KEN,2014,10,110.0,0.0,0.0,1.0,1.0,109.0,60.0
KEN,2014,11,89.0,10.0,0.0,5.0,15.0,74.0,48.0
KEN,2014,12,16.0,9.0,0.0,0.0,9.0,7.0,1.0
KEN,2015,1,54.0,0.0,0.0,1.0,1.0,53.0,6.0
KEN,2015,2,66.0,2.0,0.0,1.0,3.0,63.0,24.0
KEN,2015,3,163.0,2.0,0.0,11.0,13.0,150.0,64.0
KEN,2015,4,83.0,1.0,0.0,6.0,7.0,76.0,38.0
KEN,2015,5,89.0,1.0,0.0,7.0,8.0,81.0,15.0
KEN,2015,6,110.0,1.0,0.0,6.0,7.0,103.0,31.0
KEN,2015,7,136.0,3.0,0.0,8.0,11.0,125.0,56.0
KEN,2015,8,97.0,2.0,0.0,2.0,4.0,93.0,38.0
KEN,2015,9,82.0,3.0,0.0,1.0,4.0,78.0,34.0
KEN,2015,10,135.0,4.0,0.0,9.0,13.0,122.0,57.0
KEN,2015,11,93.0,0.0,0.0,1.0,1.0,92.0,43.0
KEN,2015,12,66.0,2.0,28.0,10.0,40.0,26.0,15.0
KEN,2016,1,107.0,2.0,48.0,0.0,50.0,57.0,11.0
KEN,2016,2,125.0,4.0,18.0,2.0,24.0,101.0,29.0
KEN,2016,3,170.0,3.0,0.0,10.0,13.0,157.0,75.0
KEN,2016,4,109.0,4.0,0.0,4.0,8.0,101.0,45.0
KEN,2016,5,217.0,12.0,0.0,6.0,18.0,199.0,46.0
KEN,2016,6,34.0,0.0,0.0,2.0,2.0,32.0,20.0
KEN,2016,7,24.0,0.0,0.0,2.0,2.0,22.0,7.0
KEN,2016,8,39.0,2.0,0.0,0.0,2.0,37.0,4.0
KEN,2016,9,58.0,0.0,0.0,1.0,1.0,57.0,12.0
KEN,2016,10,104.0,1.0,0.0,1.0,2.0,102.0,6.0
KEN,2016,11,34.0,1.0,0.0,0.0,1.0,33.0,1.0
KEN,2016,12,3.0,1.0,0.0,0.0,1.0,2.0,1.0
KEN,2017,1,47.0,3.0,0.0,0.0,3.0,44.0,2.0
KEN,2017,2,55.0,4.0,0.0,2.0,6.0,49.0,3.0
KEN,2017,3,93.0,4.0,0.0,2.0,6.0,87.0,3.0
KEN,2017,4,45.0,1.0,2.0,6.0,9.0,36.0,1.0
KEN,2017,5,56.0,1.0,0.0,2.0,3.0,53.0,1.0
KEN,2017,6,66.0,0.0,24.0,3.0,27.0,39.0,2.0
KEN,2017,7,34.0,1.0,0.0,0.0,1.0,33.0,
KEN,2017,8,23.0,1.0,0.0,2.0,3.0,20.0,
KEN,2017,9,36.0,2.0,0.0,0.0,2.0,34.0,
KEN,2017,10,51.0,0.0,0.0,4.0,4.0,47.0,
KEN,2017,11,35.0,0.0,0.0,0.0,0.0,35.0,
KEN,2017,12,8.0,0.0,0.0,0.0,0.0,8.0,1.0
KEN,2018,1,73.0,0.0,10.0,2.0,12.0,61.0,
KEN,2018,2,112.0,0.0,41.0,10.0,51.0,61.0,
KEN,2018,3,126.0,0.0,81.0,2.0,83.0,43.0,1.0
KEN,2018,4,44.0,0.0,10.0,1.0,11.0,33.0,1.0
KEN,2018,5,66.0,1.0,0.0,2.0,3.0,63.0,
KEN,2018,6,65.0,0.0,20.0,5.0,25.0,40.0,2.0
KEN,2018,7,114.0,2.0,56.0,12.0,70.0,44.0,
KEN,2018,8,188.0,0.0,93.0,29.0,122.0,66.0,3.0
KEN,2018,9,279.0,10.0,122.0,33.0,165.0,114.0,6.0
KEN,2018,10,288.0,6.0,115.0,41.0,162.0,126.0,7.0
KEN,2018,11,148.0,1.0,50.0,21.0,72.0,76.0,2.0
KEN,2018,12,76.0,1.0,35.0,11.0,47.0,29.0,1.0
KEN,2019,1,220.0,3.0,70.0,26.0,99.0,121.0,6.0
KEN,2019,2,141.0,3.0,1.0,23.0,27.0,114.0,1.0
KEN,2019,3,199.0,6.0,9.0,26.0,41.0,158.0,
KEN,2019,4,115.0,4.0,39.0,16.0,59.0,56.0,1.0
KEN,2019,5,95.0,2.0,5.0,10.0,17.0,78.0,2.0
KEN,2019,6,121.0,3.0,2.0,20.0,25.0,96.0,11.0
KEN,2019,7,91.0,0.0,0.0,10.0,10.0,81.0,8.0
KEN,2019,8,68.0,0.0,3.0,18.0,21.0,47.0,8.0
KEN,2019,9,105.0,2.0,0.0,16.0,18.0,87.0,
KEN,2019,10,89.0,1.0,10.0,7.0,18.0,71.0,1.0
KEN,2019,11,87.0,1.0,28.0,13.0,42.0,45.0,3.0
KEN,2019,12,86.0,2.0,55.0,5.0,62.0,24.0,
KEN,2020,1,157.0,1.0,100.0,2.0,103.0,54.0,
KEN,2020,2,145.0,1.0,57.0,28.0,86.0,59.0,
KEN,2020,3,131.0,0.0,63.0,19.0,82.0,49.0,6.0
KEN,2020,4,50.0,1.0,20.0,21.0,42.0,8.0,
KEN,2020,5,37.0,0.0,18.0,6.0,24.0,13.0,
KEN,2020,6,29.0,0.0,19.0,1.0,20.0,9.0,1.0
KEN,2020,7,48.0,1.0,31.0,3.0,35.0,13.0,1.0
KEN,2020,8,84.0,0.0,58.0,7.0,65.0,19.0,
KEN,2020,9,77.0,0.0,62.0,0.0,62.0,15.0,
KEN,2020,10,73.0,0.0,39.0,3.0,42.0,31.0,4.0
KEN,2020,11,73.0,1.0,29.0,2.0,32.0,41.0,
KEN,2020,12,6.0,1.0,2.0,0.0,3.0,3.0,
KEN,2021,1,47.0,2.0,13.0,9.0,24.0,23.0,
KEN,2021,2,42.0,2.0,5.0,2.0,9.0,33.0,1.0
KEN,2021,3,44.0,0.0,3.0,1.0,4.0,40.0,
KEN,2021,4,45.0,1.0,10.0,3.0,14.0,31.0,1.0
KEN,2021,5,34.0,1.0,17.0,1.0,19.0,15.0,2.0
KEN,2021,6,158.0,147.0,1.0,7.0,155.0,3.0,2.0
KEN,2021,7,33.0,3.0,0.0,1.0,4.0,29.0,1.0
KEN,2021,8,58.0,2.0,0.0,3.0,5.0,53.0,1.0
KEN,2021,9,56.0,1.0,0.0,1.0,2.0,54.0,3.0
KEN,2021,10,25.0,1.0,0.0,1.0,2.0,23.0,
KEN,2022,1,163.0,4.0,0.0,5.0,9.0,154.0,3.0
KEN,2022,2,259.0,6.0,0.0,8.0,14.0,245.0,3.0
KEN,2022,3,137.0,3.0,0.0,2.0,5.0,132.0,1.0
KEN,2022,4,41.0,1.0,0.0,2.0,3.0,38.0,
KEN,2022,5,102.0,0.0,0.0,8.0,8.0,94.0,2.0
KEN,2022,6,117.0,1.0,0.0,7.0,8.0,109.0,
KEN,2022,7,85.0,0.0,0.0,8.0,8.0,77.0,1.0
KEN,2022,8,111.0,1.0,0.0,22.0,23.0,88.0,1.0
KEN,2022,9,152.0,2.0,0.0,23.0,25.0,127.0,1.0
KEN,2022,10,221.0,1.0,0.0,25.0,26.0,195.0,
KEN,2022,11,148.0,0.0,0.0,11.0,11.0,137.0,
KEN,2023,1,89.0,1.0,3.0,20.0,24.0,65.0,2.0
KEN,2023,2,154.0,0.0,9.0,20.0,29.0,125.0,
KEN,2023,3,191.0,0.0,29.0,42.0,71.0,120.0,5.0
KEN,2023,4,160.0,0.0,28.0,47.0,75.0,85.0,1.0
KEN,2023,5,186.0,0.0,54.0,42.0,96.0,90.0,1.0
KEN,2023,6,275.0,0.0,77.0,74.0,151.0,124.0,
KEN,2023,7,210.0,0.0,3.0,62.0,65.0,145.0,4.0
KEN,2023,8,231.0,0.0,16.0,87.0,103.0,128.0,5.0
KEN,2023,9,325.0,0.0,21.0,64.0,85.0,240.0,7.0
KEN,2023,10,243.0,1.0,7.0,64.0,72.0,171.0,
KEN,2023,11,160.0,0.0,0.0,53.0,53.0,107.0,4.0
KEN,2023,12,118.0,1.0,0.0,32.0,33.0,85.0,2.0
KEN,2024,1,197.0,5.0,0.0,60.0,65.0,132.0,
KEN,2024,2,318.0,2.0,81.0,58.0,141.0,177.0,2.0
KEN,2024,3,548.0,5.0,365.0,57.0,427.0,121.0,
KEN,2024,4,363.0,2.0,286.0,32.0,320.0,43.0,1.0
KEN,2024,5,154.0,1.0,67.0,22.0,90.0,64.0,
KEN,2024,6,85.0,0.0,21.0,12.0,33.0,52.0,
KEN,2024,7,196.0,4.0,40.0,35.0,79.0,117.0,1.0
KEN,2024,8,161.0,3.0,5.0,49.0,57.0,104.0,
KEN,2024,9,221.0,6.0,6.0,44.0,56.0,165.0,1.0
KEN,2024,10,211.0,31.0,0.0,49.0,80.0,131.0,
KEN,2024,11,79.0,5.0,0.0,28.0,33.0,46.0,1.0
KEN,2025,1,181.0,6.0,3.0,46.0,55.0,126.0,5.0
KEN,2025,2,234.0,3.0,21.0,48.0,72.0,162.0,
KEN,2025,3,191.0,5.0,3.0,56.0,64.0,127.0,3.0
KEN,2025,4,97.0,4.0,0.0,36.0,40.0,57.0,1.0
KEN,2025,5,193.0,3.0,2.0,54.0,59.0,134.0,2.0
KEN,2025,6,166.0,4.0,2.0,33.0,39.0,127.0,2.0
KEN,2025,7,305.0,3.0,0.0,44.0,47.0,258.0,2.0
KEN,2025,8,127.0,2.0,0.0,35.0,37.0,90.0,1.0
KEN,2025,9,174.0,1.0,2.0,28.0,31.0,143.0,1.0
KEN,2025,10,210.0,1.0,87.0,39.0,127.0,83.0,1.0
KEN,2025,11,214.0,3.0,149.0,27.0,179.0,35.0,3.0
KEN,2026,1,147.0,3.0,0.0,16.0,19.0,128.0,1.0
KEN,2026,2,149.0,3.0,0.0,32.0,35.0,114.0,2.0
KEN,2026,3,61.0,1.0,0.0,11.0,12.0,49.0,
KEN,2026,4,30.0,0.0,0.0,8.0,8.0,22.0,
KEN,2026,5,89.0,3.0,0.0,19.0,22.0,67.0,3.0
KEN,2026,6,92.0,0.0,0.0,13.0,13.0,79.0,1.0
KEN,2026,7,69.0,0.0,0.0,13.0,13.0,56.0,2.0
LBR,2012,1,4.0,0.0,0.0,0.0,0.0,4.0,1.0
LBR,2012,2,4.0,0.0,0.0,0.0,0.0,4.0,1.0
LBR,2012,3,13.0,0.0,0.0,0.0,0.0,13.0,6.0
LBR,2012,4,11.0,0.0,0.0,3.0,3.0,8.0,
LBR,2012,5,5.0,1.0,0.0,1.0,2.0,3.0,
LBR,2012,6,4.0,0.0,0.0,0.0,0.0,4.0,
LBR,2012,7,1.0,0.0,0.0,0.0,0.0,1.0,
LBR,2013,1,4.0,0.0,0.0,0.0,0.0,4.0,2.0
LBR,2013,2,6.0,0.0,0.0,0.0,0.0,6.0,2.0
LBR,2013,3,6.0,0.0,0.0,0.0,0.0,6.0,3.0
LBR,2013,4,3.0,0.0,0.0,0.0,0.0,3.0,1.0
LBR,2013,5,1.0,0.0,0.0,0.0,0.0,1.0,
LBR,2014,3,3.0,0.0,0.0,0.0,0.0,3.0,
LBR,2015,1,45.0,0.0,41.0,3.0,44.0,1.0,
LBR,2015,2,63.0,0.0,61.0,0.0,61.0,2.0,
LBR,2015,3,201.0,0.0,191.0,4.0,195.0,6.0,
LBR,2015,4,169.0,0.0,135.0,0.0,135.0,34.0,
LBR,2015,5,1.0,0.0,1.0,0.0,1.0,0.0,
LBR,2016,1,134.0,0.0,61.0,63.0,124.0,10.0,
LBR,2016,2,162.0,0.0,76.0,65.0,141.0,21.0,
LBR,2016,3,101.0,0.0,63.0,29.0,92.0,9.0,
LBR,2016,4,39.0,0.0,29.0,5.0,34.0,5.0,
LBR,2016,5,8.0,0.0,4.0,3.0,7.0,1.0,
LBR,2016,6,2.0,0.0,2.0,0.0,2.0,0.0,
LBR,2016,12,3.0,0.0,0.0,0.0,0.0,3.0,
LBR,2017,1,90.0,73.0,12.0,2.0,87.0,3.0,
LBR,2017,2,169.0,152.0,2.0,1.0,155.0,14.0,
LBR,2017,3,150.0,150.0,0.0,0.0,150.0,0.0,
LBR,2018,1,437.0,19.0,190.0,11.0,220.0,217.0,3.0
LBR,2018,2,588.0,72.0,360.0,85.0,517.0,71.0,36.0
LBR,2018,3,493.0,64.0,277.0,68.0,409.0,84.0,16.0
LBR,2018,4,515.0,18.0,354.0,0.0,372.0,143.0,
LBR,2018,5,232.0,18.0,126.0,7.0,151.0,81.0,
LBR,2018,6,191.0,50.0,67.0,34.0,151.0,40.0,2.0
LBR,2018,7,86.0,45.0,22.0,12.0,79.0,7.0,2.0
LBR,2018,8,3.0,2.0,0.0,1.0,3.0,0.0,
LBR,2019,1,176.0,54.0,61.0,32.0,147.0,29.0,26.0
LBR,2019,2,276.0,120.0,19.0,31.0,170.0,106.0,13.0
LBR,2019,3,254.0,226.0,1.0,3.0,230.0,24.0,
LBR,2019,4,143.0,142.0,0.0,1.0,143.0,0.0,
LBR,2019,5,148.0,105.0,0.0,13.0,118.0,30.0,
LBR,2019,6,125.0,69.0,0.0,21.0,90.0,35.0,
LBR,2019,7,121.0,67.0,1.0,19.0,87.0,34.0,
LBR,2019,8,86.0,39.0,0.0,16.0,55.0,31.0,
LBR,2019,9,9.0,4.0,0.0,0.0,4.0,5.0,
LBR,2020,1,118.0,74.0,5.0,21.0,100.0,18.0,18.0
LBR,2020,2,286.0,232.0,2.0,45.0,279.0,7.0,7.0
LBR,2020,3,163.0,126.0,7.0,16.0,149.0,14.0,14.0
LBR,2020,4,44.0,35.0,2.0,7.0,44.0,0.0,
LBR,2020,5,60.0,52.0,2.0,6.0,60.0,0.0,
LBR,2020,6,90.0,90.0,0.0,0.0,90.0,0.0,
LBR,2020,7,23.0,21.0,1.0,1.0,23.0,0.0,
LBR,2020,8,16.0,15.0,1.0,0.0,16.0,0.0,
LBR,2020,9,24.0,24.0,0.0,0.0,24.0,0.0,
LBR,2020,10,24.0,24.0,0.0,0.0,24.0,0.0,
LBR,2020,11,26.0,26.0,0.0,0.0,26.0,0.0,
LBR,2020,12,1.0,1.0,0.0,0.0,1.0,0.0,
LBR,2021,1,36.0,18.0,17.0,1.0,36.0,0.0,
LBR,2021,2,42.0,12.0,19.0,11.0,42.0,0.0,
LBR,2021,3,36.0,20.0,11.0,5.0,36.0,0.0,
LBR,2021,4,39.0,23.0,11.0,5.0,39.0,0.0,
LBR,2021,5,41.0,28.0,5.0,8.0,41.0,0.0,
LBR,2021,6,41.0,30.0,10.0,0.0,40.0,1.0,1.0
LBR,2021,7,32.0,21.0,6.0,5.0,32.0,0.0,
LBR,2021,8,36.0,15.0,11.0,4.0,30.0,6.0,
LBR,2021,9,70.0,32.0,19.0,10.0,61.0,9.0,9.0
LBR,2021,10,65.0,28.0,23.0,10.0,61.0,4.0,1.0
LBR,2021,11,37.0,19.0,15.0,1.0,35.0,2.0,
LBR,2021,12,3.0,0.0,3.0,0.0,3.0,0.0,
LBR,2022,1,221.0,10.0,93.0,59.0,162.0,59.0,
LBR,2022,2,506.0,11.0,263.0,136.0,410.0,96.0,
LBR,2022,3,908.0,3.0,708.0,68.0,779.0,129.0,
LBR,2022,4,1204.0,0.0,1077.0,53.0,1130.0,74.0,
LBR,2022,5,1436.0,0.0,1315.0,36.0,1351.0,85.0,
LBR,2022,6,1257.0,0.0,1159.0,27.0,1186.0,71.0,
LBR,2022,7,395.0,0.0,381.0,3.0,384.0,11.0,
LBR,2023,1,642.0,19.0,494.0,14.0,527.0,115.0,
LBR,2023,2,745.0,3.0,691.0,9.0,703.0,42.0,
LBR,2023,3,911.0,1.0,897.0,10.0,908.0,3.0,
LBR,2023,4,762.0,1.0,758.0,3.0,762.0,0.0,
LBR,2023,5,481.0,0.0,481.0,0.0,481.0,0.0,
LBR,2023,6,305.0,0.0,305.0,0.0,305.0,0.0,
LBR,2023,7,209.0,0.0,209.0,0.0,209.0,0.0,
LBR,2023,8,197.0,1.0,190.0,6.0,197.0,0.0,
LBR,2023,9,142.0,74.0,68.0,0.0,142.0,0.0,
LBR,2023,10,125.0,102.0,22.0,1.0,125.0,0.0,
LBR,2023,11,6.0,6.0,0.0,0.0,6.0,0.0,
LBR,2024,1,211.0,30.0,156.0,19.0,205.0,6.0,5.0
LBR,2024,2,477.0,53.0,384.0,31.0,468.0,9.0,7.0
LBR,2024,3,426.0,50.0,338.0,35.0,423.0,3.0,3.0
LBR,2024,4,264.0,61.0,167.0,31.0,259.0,5.0,5.0
LBR,2024,5,355.0,56.0,284.0,12.0,352.0,3.0,3.0
LBR,2024,6,105.0,0.0,105.0,0.0,105.0,0.0,
LBR,2024,7,76.0,0.0,76.0,0.0,76.0,0.0,
LBR,2024,8,89.0,0.0,89.0,0.0,89.0,0.0,
LBR,2024,9,130.0,0.0,130.0,0.0,130.0,0.0,
LBR,2024,10,117.0,0.0,117.0,0.0,117.0,0.0,
LBR,2024,11,21.0,0.0,21.0,0.0,21.0,0.0,
LBR,2025,4,71.0,0.0,0.0,24.0,24.0,47.0,
LBR,2025,5,94.0,0.0,0.0,35.0,35.0,59.0,6.0
LBR,2025,6,41.0,0.0,0.0,14.0,14.0,27.0,3.0
LBR,2025,7,50.0,0.0,0.0,22.0,22.0,28.0,1.0
LBR,2026,1,224.0,0.0,0.0,23.0,23.0,201.0,188.0
LBR,2026,2,247.0,0.0,0.0,147.0,147.0,100.0,27.0
LBR,2026,3,213.0,0.0,0.0,131.0,131.0,82.0,24.0
LBR,2026,4,122.0,0.0,0.0,65.0,65.0,57.0,9.0
LBR,2026,5,100.0,0.0,0.0,53.0,53.0,47.0,7.0
LBR,2026,6,100.0,1.0,0.0,53.0,54.0,46.0,3.0
LBR,2026,7,15.0,0.0,0.0,11.0,11.0,4.0,
LBY,2012,2,20.0,1.0,0.0,18.0,19.0,1.0,
LBY,2012,3,85.0,8.0,0.0,48.0,56.0,29.0,
LBY,2012,4,190.0,0.0,0.0,110.0,110.0,80.0,
LBY,2012,5,86.0,0.0,0.0,59.0,59.0,27.0,
LBY,2012,6,35.0,0.0,0.0,24.0,24.0,11.0,1.0
LBY,2012,7,37.0,0.0,0.0,25.0,25.0,12.0,
LBY,2012,8,20.0,0.0,0.0,20.0,20.0,0.0,
LBY,2012,9,10.0,0.0,0.0,8.0,8.0,2.0,
LBY,2012,10,3.0,0.0,0.0,1.0,1.0,2.0,
LBY,2012,12,3.0,0.0,0.0,3.0,3.0,0.0,
LBY,2013,1,2.0,0.0,0.0,1.0,1.0,1.0,
LBY,2013,2,2.0,0.0,0.0,1.0,1.0,1.0,
LBY,2013,3,9.0,0.0,0.0,6.0,6.0,3.0,1.0
LBY,2013,4,25.0,0.0,0.0,13.0,13.0,12.0,
LBY,2013,5,18.0,0.0,0.0,11.0,11.0,7.0,
LBY,2013,6,48.0,0.0,0.0,26.0,26.0,22.0,
LBY,2013,7,30.0,0.0,1.0,23.0,24.0,6.0,1.0
LBY,2013,8,7.0,0.0,0.0,5.0,5.0,2.0,
LBY,2013,9,15.0,0.0,0.0,11.0,11.0,4.0,
LBY,2013,10,13.0,0.0,0.0,12.0,12.0,1.0,
LBY,2013,11,26.0,0.0,0.0,24.0,24.0,2.0,
LBY,2013,12,31.0,0.0,0.0,30.0,30.0,1.0,
LBY,2014,1,57.0,0.0,0.0,50.0,50.0,7.0,
LBY,2014,3,61.0,0.0,0.0,48.0,48.0,13.0,1.0
LBY,2014,4,54.0,0.0,0.0,37.0,37.0,17.0,
LBY,2014,5,40.0,0.0,0.0,32.0,32.0,8.0,
LBY,2014,6,12.0,0.0,0.0,8.0,8.0,4.0,
LBY,2014,7,1.0,0.0,0.0,1.0,1.0,0.0,
LBY,2014,9,1.0,0.0,0.0,0.0,0.0,1.0,
LBY,2015,1,48.0,0.0,0.0,45.0,45.0,3.0,
LBY,2015,2,22.0,0.0,0.0,22.0,22.0,0.0,
LBY,2015,3,16.0,0.0,0.0,12.0,12.0,4.0,
LBY,2015,4,10.0,0.0,0.0,6.0,6.0,4.0,
LBY,2015,5,1.0,0.0,0.0,0.0,0.0,1.0,
LBY,2015,6,3.0,0.0,0.0,2.0,2.0,1.0,
LBY,2015,12,2.0,0.0,0.0,0.0,0.0,2.0,
LBY,2016,4,4.0,0.0,0.0,4.0,4.0,0.0,
LBY,2016,5,27.0,0.0,0.0,17.0,17.0,10.0,
LBY,2016,6,6.0,0.0,0.0,5.0,5.0,1.0,
LBY,2016,10,10.0,0.0,0.0,2.0,2.0,8.0,
LBY,2016,11,1.0,0.0,0.0,0.0,0.0,1.0,
LBY,2017,2,1.0,0.0,0.0,0.0,0.0,1.0,
LBY,2017,3,9.0,0.0,0.0,0.0,0.0,9.0,
LBY,2017,4,1.0,0.0,0.0,0.0,0.0,1.0,
LBY,2017,5,15.0,0.0,0.0,1.0,1.0,14.0,
LBY,2017,6,5.0,0.0,0.0,0.0,0.0,5.0,
LBY,2017,7,13.0,0.0,0.0,0.0,0.0,13.0,
LBY,2017,8,37.0,0.0,0.0,3.0,3.0,34.0,
LBY,2017,9,32.0,0.0,0.0,1.0,1.0,31.0,2.0
LBY,2017,10,53.0,0.0,0.0,3.0,3.0,50.0,
LBY,2017,11,26.0,0.0,0.0,0.0,0.0,26.0,
LBY,2017,12,28.0,0.0,0.0,0.0,0.0,28.0,
LBY,2018,1,32.0,0.0,0.0,0.0,0.0,32.0,
LBY,2018,2,31.0,0.0,0.0,0.0,0.0,31.0,
LBY,2018,3,33.0,0.0,0.0,1.0,1.0,32.0,
LBY,2018,4,89.0,0.0,2.0,9.0,11.0,78.0,1.0
LBY,2018,5,101.0,0.0,0.0,16.0,16.0,85.0,4.0
LBY,2018,6,176.0,0.0,11.0,67.0,78.0,98.0,2.0
LBY,2018,7,380.0,0.0,100.0,101.0,201.0,179.0,
LBY,2018,8,317.0,0.0,121.0,76.0,197.0,120.0,1.0
LBY,2018,9,215.0,0.0,127.0,30.0,157.0,58.0,
LBY,2018,10,171.0,0.0,127.0,10.0,137.0,34.0,2.0
LBY,2018,11,172.0,0.0,123.0,18.0,141.0,31.0,2.0
LBY,2018,12,135.0,0.0,109.0,11.0,120.0,15.0,2.0
LBY,2019,1,31.0,0.0,0.0,14.0,14.0,17.0,
LBY,2019,2,21.0,0.0,0.0,8.0,8.0,13.0,2.0
LBY,2019,3,45.0,0.0,0.0,13.0,13.0,32.0,
LBY,2019,4,27.0,0.0,0.0,8.0,8.0,19.0,2.0
LBY,2019,5,19.0,0.0,0.0,6.0,6.0,13.0,4.0
LBY,2019,6,51.0,1.0,0.0,27.0,28.0,23.0,1.0
LBY,2019,7,107.0,0.0,0.0,39.0,39.0,68.0,3.0
LBY,2019,8,78.0,2.0,0.0,25.0,27.0,51.0,6.0
LBY,2019,9,121.0,1.0,0.0,21.0,22.0,99.0,4.0
LBY,2019,10,72.0,0.0,0.0,12.0,12.0,60.0,3.0
LBY,2019,11,34.0,0.0,0.0,5.0,5.0,29.0,1.0
LBY,2019,12,40.0,0.0,0.0,6.0,6.0,34.0,5.0
LBY,2020,1,69.0,0.0,0.0,8.0,8.0,61.0,
LBY,2020,2,31.0,0.0,0.0,7.0,7.0,24.0,1.0
LBY,2020,3,8.0,0.0,0.0,2.0,2.0,6.0,
LBY,2020,4,1.0,0.0,0.0,0.0,0.0,1.0,
LBY,2020,5,13.0,0.0,0.0,1.0,1.0,12.0,1.0
LBY,2020,6,11.0,0.0,0.0,0.0,0.0,11.0,
LBY,2020,7,7.0,0.0,0.0,2.0,2.0,5.0,1.0
LBY,2020,8,1.0,0.0,0.0,0.0,0.0,1.0,
LBY,2020,9,1.0,0.0,0.0,0.0,0.0,1.0,
LBY,2020,10,2.0,0.0,0.0,0.0,0.0,2.0,
LBY,2021,1,7.0,0.0,0.0,0.0,0.0,7.0,1.0
LBY,2021,2,20.0,0.0,0.0,9.0,9.0,11.0,1.0
LBY,2021,3,11.0,0.0,0.0,1.0,1.0,10.0,1.0
LBY,2021,4,15.0,0.0,0.0,2.0,2.0,13.0,2.0
LBY,2021,5,19.0,0.0,0.0,2.0,2.0,17.0,
LBY,2021,6,7.0,0.0,0.0,0.0,0.0,7.0,1.0
LBY,2021,7,9.0,0.0,0.0,0.0,0.0,9.0,1.0
LBY,2021,8,6.0,0.0,0.0,0.0,0.0,6.0,
LBY,2021,9,5.0,0.0,0.0,0.0,0.0,5.0,
LBY,2021,10,4.0,0.0,0.0,0.0,0.0,4.0,1.0
LBY,2021,11,5.0,0.0,0.0,0.0,0.0,5.0,1.0
LBY,2021,12,12.0,0.0,0.0,0.0,0.0,12.0,
LBY,2022,1,3.0,0.0,0.0,0.0,0.0,3.0,
LBY,2022,2,11.0,0.0,0.0,0.0,0.0,11.0,2.0
LBY,2022,3,5.0,0.0,0.0,0.0,0.0,5.0,
LBY,2022,4,5.0,0.0,0.0,0.0,0.0,5.0,
LBY,2022,5,54.0,0.0,0.0,0.0,0.0,54.0,7.0
LBY,2022,6,64.0,0.0,0.0,2.0,2.0,62.0,7.0
LBY,2022,7,47.0,0.0,0.0,2.0,2.0,45.0,8.0
LBY,2022,8,36.0,0.0,0.0,1.0,1.0,35.0,5.0
LBY,2022,9,61.0,0.0,0.0,1.0,1.0,60.0,1.0
LBY,2022,10,50.0,0.0,0.0,3.0,3.0,47.0,
LBY,2022,11,102.0,0.0,0.0,1.0,1.0,101.0,2.0
LBY,2022,12,95.0,0.0,0.0,3.0,3.0,92.0,
LBY,2023,1,47.0,0.0,0.0,5.0,5.0,42.0,1.0
LBY,2023,2,212.0,0.0,39.0,40.0,79.0,133.0,3.0
LBY,2023,3,247.0,0.0,1.0,17.0,18.0,229.0,3.0
LBY,2023,4,150.0,0.0,0.0,7.0,7.0,143.0,10.0
LBY,2023,5,246.0,0.0,1.0,14.0,15.0,231.0,33.0
LBY,2023,6,231.0,0.0,6.0,10.0,16.0,215.0,28.0
LBY,2023,7,313.0,0.0,0.0,20.0,20.0,293.0,26.0
LBY,2023,8,141.0,0.0,0.0,6.0,6.0,135.0,5.0
LBY,2023,9,100.0,0.0,0.0,6.0,6.0,94.0,14.0
LBY,2023,10,126.0,0.0,0.0,5.0,5.0,121.0,4.0
LBY,2023,11,161.0,0.0,0.0,5.0,5.0,156.0,1.0
LBY,2023,12,162.0,0.0,0.0,3.0,3.0,159.0,12.0
LBY,2024,1,94.0,0.0,0.0,1.0,1.0,93.0,7.0
LBY,2024,2,111.0,0.0,0.0,18.0,18.0,93.0,9.0
LBY,2024,3,76.0,0.0,0.0,8.0,8.0,68.0,2.0
LBY,2024,4,49.0,0.0,0.0,12.0,12.0,37.0,3.0
LBY,2024,5,67.0,0.0,0.0,19.0,19.0,48.0,1.0
LBY,2024,6,68.0,0.0,0.0,17.0,17.0,51.0,1.0
LBY,2024,7,94.0,0.0,14.0,12.0,26.0,68.0,3.0
LBY,2024,8,84.0,0.0,16.0,8.0,24.0,60.0,4.0
LBY,2024,9,71.0,0.0,0.0,20.0,20.0,51.0,5.0
LBY,2024,10,52.0,0.0,15.0,7.0,22.0,30.0,
LBY,2024,11,56.0,0.0,0.0,10.0,10.0,46.0,5.0
LBY,2024,12,38.0,0.0,0.0,8.0,8.0,30.0,
LBY,2025,1,33.0,0.0,0.0,9.0,9.0,24.0,1.0
LBY,2025,2,19.0,0.0,0.0,2.0,2.0,17.0,1.0
LBY,2025,3,11.0,0.0,0.0,3.0,3.0,8.0,3.0
LBY,2025,4,52.0,0.0,0.0,16.0,16.0,36.0,
LBY,2025,5,81.0,0.0,3.0,25.0,28.0,53.0,2.0
LBY,2025,6,60.0,0.0,0.0,20.0,20.0,40.0,2.0
LBY,2025,7,74.0,0.0,0.0,27.0,27.0,47.0,1.0
LBY,2025,8,55.0,0.0,0.0,17.0,17.0,38.0,2.0
LBY,2025,9,51.0,0.0,0.0,3.0,3.0,48.0,1.0
LBY,2025,10,22.0,0.0,0.0,0.0,0.0,22.0,1.0
LBY,2025,11,32.0,0.0,0.0,1.0,1.0,31.0,
LBY,2025,12,38.0,0.0,0.0,4.0,4.0,34.0,6.0
LBY,2026,1,14.0,0.0,0.0,1.0,1.0,13.0,2.0
LBY,2026,2,15.0,0.0,0.0,5.0,5.0,10.0,2.0
LBY,2026,3,36.0,0.0,0.0,16.0,16.0,20.0,3.0
LBY,2026,4,122.0,0.0,0.0,20.0,20.0,102.0,7.0
LBY,2026,5,116.0,0.0,0.0,13.0,13.0,103.0,15.0
LBY,2026,6,60.0,0.0,0.0,1.0,1.0,59.0,5.0
LBY,2026,7,6.0,0.0,0.0,1.0,1.0,5.0,
LSO,2012,1,2.0,0.0,0.0,0.0,0.0,2.0,
LSO,2012,2,12.0,0.0,0.0,0.0,0.0,12.0,4.0
LSO,2012,3,18.0,0.0,0.0,0.0,0.0,18.0,11.0
LSO,2012,4,18.0,0.0,0.0,0.0,0.0,18.0,12.0
LSO,2012,5,8.0,0.0,0.0,0.0,0.0,8.0,6.0
LSO,2012,6,3.0,0.0,0.0,0.0,0.0,3.0,
LSO,2012,7,8.0,0.0,0.0,0.0,0.0,8.0,5.0
LSO,2012,8,6.0,0.0,0.0,0.0,0.0,6.0,1.0
LSO,2012,9,19.0,0.0,0.0,0.0,0.0,19.0,1.0
LSO,2012,10,24.0,0.0,0.0,0.0,0.0,24.0,8.0
LSO,2012,11,47.0,0.0,0.0,0.0,0.0,47.0,18.0
LSO,2012,12,11.0,0.0,0.0,0.0,0.0,11.0,2.0
LSO,2013,1,12.0,1.0,0.0,0.0,1.0,11.0,
LSO,2013,2,16.0,0.0,0.0,0.0,0.0,16.0,1.0
LSO,2013,3,10.0,0.0,0.0,0.0,0.0,10.0,
LSO,2013,4,2.0,0.0,0.0,0.0,0.0,2.0,
LSO,2013,5,21.0,0.0,0.0,0.0,0.0,21.0,10.0
LSO,2013,6,20.0,0.0,0.0,0.0,0.0,20.0,12.0
LSO,2013,7,5.0,0.0,0.0,0.0,0.0,5.0,1.0
LSO,2013,8,34.0,0.0,0.0,0.0,0.0,34.0,17.0
LSO,2013,9,132.0,0.0,0.0,1.0,1.0,131.0,61.0
LSO,2013,10,99.0,2.0,1.0,0.0,3.0,96.0,52.0
LSO,2013,11,141.0,118.0,0.0,0.0,118.0,23.0,11.0
LSO,2013,12,25.0,25.0,0.0,0.0,25.0,0.0,
LSO,2014,1,32.0,0.0,0.0,0.0,0.0,32.0,13.0
LSO,2014,2,55.0,0.0,0.0,0.0,0.0,55.0,30.0
LSO,2014,3,92.0,0.0,0.0,0.0,0.0,92.0,43.0
LSO,2014,4,96.0,0.0,0.0,0.0,0.0,96.0,58.0
LSO,2014,5,107.0,0.0,0.0,0.0,0.0,107.0,65.0
LSO,2014,6,48.0,0.0,0.0,0.0,0.0,48.0,29.0
LSO,2014,7,11.0,0.0,0.0,0.0,0.0,11.0,9.0
LSO,2014,8,7.0,0.0,0.0,0.0,0.0,7.0,3.0
LSO,2014,9,21.0,0.0,0.0,0.0,0.0,21.0,11.0
LSO,2014,10,44.0,0.0,0.0,0.0,0.0,44.0,27.0
LSO,2014,11,5.0,0.0,0.0,0.0,0.0,5.0,3.0
LSO,2014,12,5.0,0.0,0.0,0.0,0.0,5.0,3.0
LSO,2015,1,5.0,0.0,0.0,0.0,0.0,5.0,3.0
LSO,2015,2,12.0,0.0,0.0,0.0,0.0,12.0,6.0
LSO,2015,3,16.0,0.0,0.0,0.0,0.0,16.0,9.0
LSO,2015,4,6.0,0.0,0.0,0.0,0.0,6.0,1.0
LSO,2015,5,21.0,0.0,0.0,0.0,0.0,21.0,12.0
LSO,2015,6,11.0,0.0,0.0,0.0,0.0,11.0,5.0
LSO,2015,7,5.0,0.0,0.0,0.0,0.0,5.0,3.0
LSO,2015,8,32.0,0.0,0.0,0.0,0.0,32.0,17.0
LSO,2015,9,104.0,0.0,1.0,0.0,1.0,103.0,43.0
LSO,2015,10,28.0,0.0,0.0,0.0,0.0,28.0,14.0
LSO,2015,11,31.0,0.0,0.0,0.0,0.0,31.0,16.0
LSO,2015,12,7.0,0.0,0.0,0.0,0.0,7.0,
LSO,2016,1,7.0,0.0,0.0,0.0,0.0,7.0,1.0
LSO,2016,2,7.0,0.0,2.0,0.0,2.0,5.0,
LSO,2016,3,6.0,0.0,0.0,0.0,0.0,6.0,
LSO,2016,4,9.0,0.0,0.0,0.0,0.0,9.0,3.0
LSO,2016,5,14.0,0.0,0.0,0.0,0.0,14.0,3.0
LSO,2016,6,5.0,0.0,0.0,0.0,0.0,5.0,1.0
LSO,2016,8,1.0,0.0,1.0,0.0,1.0,0.0,
LSO,2016,9,12.0,0.0,10.0,0.0,10.0,2.0,
LSO,2016,10,6.0,1.0,0.0,0.0,1.0,5.0,2.0
LSO,2016,11,7.0,0.0,0.0,0.0,0.0,7.0,1.0
LSO,2016,12,3.0,1.0,0.0,0.0,1.0,2.0,
LSO,2017,1,9.0,0.0,0.0,0.0,0.0,9.0,2.0
LSO,2017,2,14.0,0.0,0.0,0.0,0.0,14.0,
LSO,2017,3,17.0,0.0,1.0,0.0,1.0,16.0,5.0
LSO,2017,4,7.0,0.0,0.0,0.0,0.0,7.0,1.0
LSO,2017,5,6.0,0.0,0.0,0.0,0.0,6.0,
LSO,2017,6,3.0,0.0,0.0,0.0,0.0,3.0,
LSO,2017,7,2.0,0.0,0.0,0.0,0.0,2.0,
LSO,2017,8,1.0,0.0,0.0,0.0,0.0,1.0,
LSO,2017,9,6.0,0.0,0.0,0.0,0.0,6.0,
LSO,2017,10,4.0,0.0,0.0,0.0,0.0,4.0,
LSO,2017,11,6.0,0.0,0.0,0.0,0.0,6.0,
LSO,2017,12,2.0,0.0,0.0,0.0,0.0,2.0,
LSO,2018,1,8.0,0.0,0.0,0.0,0.0,8.0,
LSO,2018,2,22.0,5.0,0.0,0.0,5.0,17.0,
LSO,2018,3,25.0,0.0,0.0,0.0,0.0,25.0,
LSO,2018,4,11.0,0.0,0.0,0.0,0.0,11.0,
LSO,2018,5,4.0,0.0,0.0,0.0,0.0,4.0,
LSO,2018,6,11.0,0.0,0.0,1.0,1.0,10.0,
LSO,2018,7,1.0,0.0,0.0,0.0,0.0,1.0,
LSO,2018,8,2.0,0.0,0.0,0.0,0.0,2.0,
LSO,2018,9,9.0,0.0,0.0,0.0,0.0,9.0,
LSO,2018,10,22.0,0.0,0.0,0.0,0.0,22.0,
LSO,2018,11,12.0,0.0,0.0,0.0,0.0,12.0,
LSO,2019,1,13.0,0.0,0.0,0.0,0.0,13.0,
LSO,2019,2,13.0,0.0,0.0,0.0,0.0,13.0,
LSO,2019,3,17.0,0.0,0.0,0.0,0.0,17.0,
LSO,2019,4,13.0,0.0,0.0,0.0,0.0,13.0,
LSO,2019,5,9.0,0.0,0.0,0.0,0.0,9.0,1.0
LSO,2019,6,18.0,0.0,0.0,0.0,0.0,18.0,
LSO,2019,7,1.0,0.0,0.0,0.0,0.0,1.0,
LSO,2019,8,4.0,0.0,0.0,0.0,0.0,4.0,1.0
LSO,2019,9,14.0,0.0,0.0,0.0,0.0,14.0,
LSO,2019,10,108.0,0.0,0.0,5.0,5.0,103.0,1.0
LSO,2019,11,74.0,0.0,0.0,1.0,1.0,73.0,
LSO,2019,12,28.0,4.0,0.0,0.0,4.0,24.0,
LSO,2020,1,36.0,0.0,0.0,0.0,0.0,36.0,
LSO,2020,2,43.0,0.0,0.0,0.0,0.0,43.0,
LSO,2020,3,13.0,0.0,0.0,0.0,0.0,13.0,
LSO,2020,4,1.0,0.0,0.0,0.0,0.0,1.0,
LSO,2020,5,3.0,0.0,0.0,0.0,0.0,3.0,
LSO,2020,6,2.0,0.0,0.0,0.0,0.0,2.0,
LSO,2020,10,4.0,0.0,0.0,0.0,0.0,4.0,
LSO,2020,11,3.0,0.0,0.0,0.0,0.0,3.0,
LSO,2020,12,2.0,0.0,0.0,0.0,0.0,2.0,
LSO,2021,1,2.0,0.0,0.0,0.0,0.0,2.0,
LSO,2021,2,3.0,0.0,0.0,0.0,0.0,3.0,
LSO,2021,3,4.0,0.0,0.0,0.0,0.0,4.0,
LSO,2021,4,5.0,0.0,0.0,0.0,0.0,5.0,
LSO,2021,5,2.0,0.0,0.0,0.0,0.0,2.0,
LSO,2021,6,2.0,0.0,0.0,0.0,0.0,2.0,
LSO,2021,7,6.0,0.0,0.0,0.0,0.0,6.0,
LSO,2021,8,1.0,0.0,0.0,0.0,0.0,1.0,
LSO,2021,10,3.0,0.0,0.0,0.0,0.0,3.0,
LSO,2021,11,34.0,0.0,0.0,0.0,0.0,34.0,
LSO,2021,12,7.0,0.0,0.0,0.0,0.0,7.0,
LSO,2022,1,11.0,0.0,0.0,1.0,1.0,10.0,
LSO,2022,2,57.0,0.0,0.0,0.0,0.0,57.0,3.0
LSO,2022,3,25.0,0.0,0.0,1.0,1.0,24.0,1.0
LSO,2022,4,21.0,0.0,0.0,0.0,0.0,21.0,
LSO,2022,5,22.0,0.0,0.0,0.0,0.0,22.0,1.0
LSO,2022,6,10.0,0.0,0.0,0.0,0.0,10.0,2.0
LSO,2022,7,10.0,0.0,0.0,1.0,1.0,9.0,
LSO,2022,8,18.0,0.0,0.0,0.0,0.0,18.0,
LSO,2022,9,75.0,0.0,0.0,0.0,0.0,75.0,
LSO,2022,10,100.0,0.0,0.0,0.0,0.0,100.0,1.0
LSO,2022,11,33.0,0.0,0.0,0.0,0.0,33.0,
LSO,2023,1,98.0,0.0,0.0,0.0,0.0,98.0,
LSO,2023,2,189.0,0.0,0.0,4.0,4.0,185.0,
LSO,2023,3,216.0,1.0,0.0,3.0,4.0,212.0,4.0
LSO,2023,4,103.0,0.0,0.0,2.0,2.0,101.0,
LSO,2023,5,50.0,0.0,0.0,3.0,3.0,47.0,1.0
LSO,2023,6,9.0,0.0,0.0,0.0,0.0,9.0,
LSO,2023,7,18.0,0.0,0.0,0.0,0.0,18.0,
LSO,2023,8,20.0,0.0,0.0,0.0,0.0,20.0,1.0
LSO,2023,9,40.0,0.0,0.0,2.0,2.0,38.0,
LSO,2023,10,57.0,0.0,0.0,0.0,0.0,57.0,
LSO,2023,11,55.0,0.0,0.0,0.0,0.0,55.0,
LSO,2023,12,13.0,0.0,0.0,0.0,0.0,13.0,
LSO,2024,1,58.0,0.0,0.0,0.0,0.0,58.0,
LSO,2024,2,60.0,0.0,0.0,0.0,0.0,60.0,1.0
LSO,2024,3,68.0,0.0,0.0,1.0,1.0,67.0,
LSO,2024,4,63.0,0.0,0.0,0.0,0.0,63.0,
LSO,2024,5,27.0,0.0,0.0,0.0,0.0,27.0,
LSO,2024,6,18.0,0.0,0.0,0.0,0.0,18.0,1.0
LSO,2024,7,16.0,0.0,0.0,0.0,0.0,16.0,
LSO,2024,8,31.0,0.0,0.0,0.0,0.0,31.0,
LSO,2024,9,20.0,0.0,0.0,0.0,0.0,20.0,
LSO,2024,10,47.0,0.0,0.0,0.0,0.0,47.0,
LSO,2024,11,5.0,0.0,0.0,0.0,0.0,5.0,
LSO,2025,1,55.0,0.0,0.0,1.0,1.0,54.0,1.0
LSO,2025,2,50.0,0.0,0.0,0.0,0.0,50.0,
LSO,2025,3,31.0,0.0,0.0,0.0,0.0,31.0,
LSO,2025,4,29.0,0.0,0.0,0.0,0.0,29.0,
LSO,2025,5,32.0,0.0,0.0,0.0,0.0,32.0,
LSO,2025,6,18.0,0.0,0.0,0.0,0.0,18.0,
LSO,2025,7,5.0,0.0,0.0,0.0,0.0,5.0,
LSO,2025,8,20.0,0.0,0.0,1.0,1.0,19.0,
LSO,2025,9,70.0,0.0,0.0,3.0,3.0,67.0,
LSO,2025,10,100.0,11.0,0.0,3.0,14.0,86.0,
LSO,2025,11,4.0,4.0,0.0,0.0,4.0,0.0,
LSO,2026,1,59.0,0.0,0.0,0.0,0.0,59.0,
LSO,2026,2,48.0,0.0,0.0,1.0,1.0,47.0,
LSO,2026,3,70.0,0.0,0.0,3.0,3.0,67.0,
LSO,2026,4,64.0,0.0,0.0,4.0,4.0,60.0,1.0
LSO,2026,5,55.0,0.0,0.0,2.0,2.0,53.0,
LSO,2026,6,31.0,0.0,0.0,1.0,1.0,30.0,
LSO,2026,7,11.0,0.0,0.0,2.0,2.0,9.0,
MAR,2012,1,72.0,0.0,0.0,35.0,35.0,37.0,
MAR,2012,2,60.0,0.0,0.0,41.0,41.0,19.0,
MAR,2012,3,100.0,0.0,0.0,40.0,40.0,60.0,
MAR,2012,4,80.0,0.0,0.0,43.0,43.0,37.0,1.0
MAR,2012,5,115.0,0.0,0.0,66.0,66.0,49.0,
MAR,2012,6,69.0,0.0,0.0,28.0,28.0,41.0,
MAR,2012,7,45.0,0.0,0.0,15.0,15.0,30.0,
MAR,2012,8,12.0,0.0,0.0,6.0,6.0,6.0,
MAR,2012,9,22.0,0.0,0.0,0.0,0.0,22.0,
MAR,2012,10,17.0,0.0,0.0,2.0,2.0,15.0,
MAR,2012,11,29.0,0.0,0.0,4.0,4.0,25.0,
MAR,2012,12,35.0,0.0,0.0,11.0,11.0,24.0,1.0
MAR,2013,1,28.0,0.0,0.0,7.0,7.0,21.0,2.0
MAR,2013,2,35.0,0.0,0.0,16.0,16.0,19.0,1.0
MAR,2013,3,67.0,0.0,0.0,10.0,10.0,57.0,18.0
MAR,2013,4,62.0,0.0,0.0,20.0,20.0,42.0,10.0
MAR,2013,5,45.0,0.0,0.0,4.0,4.0,41.0,17.0
MAR,2013,6,26.0,0.0,0.0,0.0,0.0,26.0,9.0
MAR,2013,7,23.0,0.0,0.0,0.0,0.0,23.0,
MAR,2013,8,5.0,0.0,0.0,0.0,0.0,5.0,
MAR,2013,9,22.0,0.0,0.0,0.0,0.0,22.0,
MAR,2013,10,20.0,0.0,0.0,3.0,3.0,17.0,
MAR,2013,11,11.0,0.0,0.0,1.0,1.0,10.0,
MAR,2013,12,11.0,0.0,0.0,0.0,0.0,11.0,1.0
MAR,2014,1,18.0,0.0,0.0,1.0,1.0,17.0,
MAR,2014,2,17.0,0.0,0.0,0.0,0.0,17.0,
MAR,2014,3,29.0,0.0,0.0,0.0,0.0,29.0,
MAR,2014,4,26.0,0.0,0.0,2.0,2.0,24.0,
MAR,2014,5,30.0,0.0,0.0,0.0,0.0,30.0,
MAR,2014,6,38.0,0.0,0.0,2.0,2.0,36.0,1.0
MAR,2014,7,27.0,0.0,0.0,4.0,4.0,23.0,
MAR,2014,8,13.0,0.0,0.0,1.0,1.0,12.0,
MAR,2014,9,9.0,0.0,0.0,1.0,1.0,8.0,1.0
MAR,2014,10,7.0,0.0,0.0,0.0,0.0,7.0,
MAR,2014,11,7.0,0.0,0.0,0.0,0.0,7.0,
MAR,2014,12,8.0,0.0,0.0,0.0,0.0,8.0,
MAR,2015,1,13.0,0.0,0.0,1.0,1.0,12.0,
MAR,2015,2,9.0,0.0,0.0,0.0,0.0,9.0,
MAR,2015,3,19.0,0.0,0.0,1.0,1.0,18.0,1.0
MAR,2015,4,13.0,0.0,0.0,2.0,2.0,11.0,
MAR,2015,5,19.0,0.0,0.0,4.0,4.0,15.0,
MAR,2015,6,73.0,0.0,0.0,3.0,3.0,70.0,2.0
MAR,2015,7,52.0,0.0,0.0,3.0,3.0,49.0,
MAR,2015,8,29.0,0.0,0.0,0.0,0.0,29.0,
MAR,2015,9,22.0,0.0,0.0,1.0,1.0,21.0,
MAR,2015,10,24.0,0.0,0.0,1.0,1.0,23.0,
MAR,2015,11,30.0,0.0,0.0,1.0,1.0,29.0,
MAR,2015,12,24.0,0.0,0.0,0.0,0.0,24.0,1.0
MAR,2016,1,16.0,0.0,0.0,1.0,1.0,15.0,
MAR,2016,2,14.0,0.0,0.0,0.0,0.0,14.0,
MAR,2016,3,24.0,0.0,0.0,1.0,1.0,23.0,
MAR,2016,4,38.0,0.0,0.0,1.0,1.0,37.0,
MAR,2016,5,40.0,0.0,0.0,1.0,1.0,39.0,
MAR,2016,6,3.0,0.0,0.0,0.0,0.0,3.0,
MAR,2016,7,9.0,0.0,0.0,0.0,0.0,9.0,
MAR,2016,8,11.0,0.0,0.0,0.0,0.0,11.0,
MAR,2016,9,7.0,0.0,0.0,0.0,0.0,7.0,
MAR,2016,10,15.0,0.0,0.0,0.0,0.0,15.0,
MAR,2016,11,2.0,0.0,0.0,0.0,0.0,2.0,
MAR,2016,12,12.0,0.0,0.0,0.0,0.0,12.0,
MAR,2017,1,16.0,0.0,0.0,0.0,0.0,16.0,
MAR,2017,2,4.0,0.0,0.0,0.0,0.0,4.0,
MAR,2017,3,22.0,0.0,0.0,2.0,2.0,20.0,
MAR,2017,4,19.0,0.0,0.0,0.0,0.0,19.0,1.0
MAR,2017,5,36.0,0.0,0.0,0.0,0.0,36.0,1.0
MAR,2017,6,27.0,0.0,0.0,1.0,1.0,26.0,1.0
MAR,2017,7,19.0,0.0,0.0,0.0,0.0,19.0,
MAR,2017,8,4.0,0.0,0.0,0.0,0.0,4.0,
MAR,2017,9,10.0,0.0,0.0,0.0,0.0,10.0,
MAR,2017,10,46.0,0.0,0.0,1.0,1.0,45.0,2.0
MAR,2017,11,51.0,0.0,0.0,0.0,0.0,51.0,1.0
MAR,2017,12,32.0,0.0,0.0,0.0,0.0,32.0,
MAR,2018,1,29.0,0.0,0.0,0.0,0.0,29.0,
MAR,2018,2,32.0,0.0,0.0,1.0,1.0,31.0,
MAR,2018,3,79.0,0.0,0.0,2.0,2.0,77.0,1.0
MAR,2018,4,59.0,0.0,0.0,1.0,1.0,58.0,
MAR,2018,5,62.0,0.0,0.0,1.0,1.0,61.0,2.0
MAR,2018,6,43.0,0.0,0.0,1.0,1.0,42.0,2.0
MAR,2018,7,32.0,0.0,0.0,1.0,1.0,31.0,
MAR,2018,8,14.0,0.0,0.0,0.0,0.0,14.0,
MAR,2018,9,29.0,0.0,0.0,0.0,0.0,29.0,
MAR,2018,10,27.0,0.0,0.0,0.0,0.0,27.0,3.0
MAR,2018,11,19.0,0.0,0.0,0.0,0.0,19.0,
MAR,2018,12,41.0,0.0,0.0,1.0,1.0,40.0,1.0
MAR,2019,1,23.0,0.0,0.0,0.0,0.0,23.0,
MAR,2019,2,27.0,0.0,0.0,0.0,0.0,27.0,2.0
MAR,2019,3,41.0,0.0,0.0,3.0,3.0,38.0,2.0
MAR,2019,4,21.0,0.0,0.0,1.0,1.0,20.0,
MAR,2019,5,65.0,0.0,0.0,1.0,1.0,64.0,1.0
MAR,2019,6,51.0,0.0,0.0,1.0,1.0,50.0,
MAR,2019,7,52.0,0.0,0.0,1.0,1.0,51.0,
MAR,2019,8,21.0,0.0,0.0,1.0,1.0,20.0,
MAR,2019,9,49.0,0.0,0.0,1.0,1.0,48.0,2.0
MAR,2019,10,51.0,0.0,0.0,3.0,3.0,48.0,1.0
MAR,2019,11,24.0,0.0,0.0,0.0,0.0,24.0,
MAR,2019,12,39.0,0.0,0.0,0.0,0.0,39.0,
MAR,2020,1,26.0,0.0,0.0,3.0,3.0,23.0,1.0
MAR,2020,2,34.0,0.0,0.0,0.0,0.0,34.0,
MAR,2020,3,18.0,0.0,0.0,1.0,1.0,17.0,
MAR,2020,4,2.0,0.0,0.0,0.0,0.0,2.0,
MAR,2020,5,3.0,0.0,0.0,0.0,0.0,3.0,
MAR,2020,6,19.0,0.0,0.0,1.0,1.0,18.0,1.0
MAR,2020,7,8.0,0.0,0.0,0.0,0.0,8.0,1.0
MAR,2020,8,2.0,0.0,0.0,0.0,0.0,2.0,
MAR,2020,9,5.0,0.0,0.0,0.0,0.0,5.0,
MAR,2020,10,1.0,0.0,0.0,0.0,0.0,1.0,
MAR,2020,11,1.0,0.0,0.0,0.0,0.0,1.0,
MAR,2020,12,1.0,0.0,0.0,0.0,0.0,1.0,
MAR,2021,2,1.0,0.0,0.0,0.0,0.0,1.0,
MAR,2021,3,13.0,0.0,0.0,0.0,0.0,13.0,
MAR,2021,4,3.0,0.0,0.0,0.0,0.0,3.0,1.0
MAR,2021,5,4.0,0.0,0.0,0.0,0.0,4.0,
MAR,2021,6,8.0,0.0,0.0,0.0,0.0,8.0,
MAR,2021,7,4.0,0.0,0.0,0.0,0.0,4.0,
MAR,2021,8,2.0,0.0,0.0,0.0,0.0,2.0,
MAR,2021,9,3.0,0.0,0.0,0.0,0.0,3.0,
MAR,2021,10,4.0,0.0,0.0,0.0,0.0,4.0,
MAR,2021,11,3.0,0.0,0.0,0.0,0.0,3.0,
MAR,2021,12,10.0,0.0,0.0,0.0,0.0,10.0,
MAR,2022,1,2.0,0.0,0.0,0.0,0.0,2.0,
MAR,2022,2,12.0,0.0,0.0,0.0,0.0,12.0,2.0
MAR,2022,4,2.0,0.0,0.0,0.0,0.0,2.0,
MAR,2022,5,23.0,2.0,0.0,0.0,2.0,21.0,5.0
MAR,2022,6,16.0,2.0,0.0,0.0,2.0,14.0,3.0
MAR,2022,7,11.0,0.0,0.0,0.0,0.0,11.0,2.0
MAR,2022,8,8.0,0.0,0.0,0.0,0.0,8.0,1.0
MAR,2022,9,21.0,1.0,0.0,0.0,1.0,20.0,3.0
MAR,2022,10,20.0,2.0,0.0,0.0,2.0,18.0,
MAR,2022,11,14.0,1.0,0.0,0.0,1.0,13.0,2.0
MAR,2022,12,4.0,0.0,0.0,2.0,2.0,2.0,
MAR,2023,1,15.0,2.0,0.0,0.0,2.0,13.0,1.0
MAR,2023,2,15.0,1.0,0.0,0.0,1.0,14.0,5.0
MAR,2023,3,19.0,5.0,0.0,0.0,5.0,14.0,1.0
MAR,2023,4,31.0,9.0,0.0,1.0,10.0,21.0,3.0
MAR,2023,5,79.0,6.0,0.0,2.0,8.0,71.0,4.0
MAR,2023,6,59.0,4.0,0.0,2.0,6.0,53.0,9.0
MAR,2023,7,30.0,3.0,0.0,0.0,3.0,27.0,5.0
MAR,2023,8,20.0,2.0,0.0,0.0,2.0,18.0,1.0
MAR,2023,9,33.0,5.0,0.0,0.0,5.0,28.0,1.0
MAR,2023,10,88.0,5.0,0.0,33.0,38.0,50.0,3.0
MAR,2023,11,117.0,12.0,0.0,17.0,29.0,88.0,2.0
MAR,2023,12,96.0,4.0,0.0,21.0,25.0,71.0,1.0
MAR,2024,1,108.0,0.0,0.0,49.0,49.0,59.0,1.0
MAR,2024,2,253.0,0.0,0.0,2.0,2.0,251.0,2.0
MAR,2024,3,941.0,0.0,0.0,84.0,84.0,857.0,12.0
MAR,2024,4,1093.0,0.0,0.0,30.0,30.0,1063.0,9.0
MAR,2024,5,555.0,0.0,0.0,27.0,27.0,528.0,3.0
MAR,2024,6,298.0,0.0,0.0,14.0,14.0,284.0,
MAR,2024,7,257.0,0.0,0.0,38.0,38.0,219.0,
MAR,2024,8,301.0,0.0,0.0,12.0,12.0,289.0,2.0
MAR,2024,9,128.0,0.0,0.0,30.0,30.0,98.0,1.0
MAR,2024,10,69.0,0.0,0.0,47.0,47.0,22.0,
MAR,2024,11,100.0,0.0,0.0,76.0,76.0,24.0,
MAR,2024,12,3.0,0.0,0.0,0.0,0.0,3.0,
MAR,2025,1,332.0,114.0,0.0,108.0,222.0,110.0,1.0
MAR,2025,2,243.0,0.0,0.0,128.0,128.0,115.0,
MAR,2025,3,151.0,0.0,0.0,91.0,91.0,60.0,2.0
MAR,2025,4,113.0,0.0,0.0,71.0,71.0,42.0,
MAR,2025,5,89.0,0.0,0.0,56.0,56.0,33.0,1.0
MAR,2025,6,63.0,0.0,0.0,49.0,49.0,14.0,
MAR,2025,7,55.0,0.0,0.0,45.0,45.0,10.0,
MAR,2025,8,8.0,0.0,0.0,4.0,4.0,4.0,
MAR,2025,9,7.0,0.0,0.0,1.0,1.0,6.0,
MAR,2025,10,8.0,0.0,0.0,4.0,4.0,4.0,
MAR,2025,11,23.0,0.0,0.0,7.0,7.0,16.0,
MAR,2025,12,9.0,0.0,0.0,0.0,0.0,9.0,
MAR,2026,1,14.0,0.0,0.0,5.0,5.0,9.0,
MAR,2026,2,6.0,0.0,0.0,0.0,0.0,6.0,
MAR,2026,3,1.0,0.0,0.0,1.0,1.0,0.0,
MAR,2026,4,27.0,1.0,0.0,0.0,1.0,26.0,
MAR,2026,5,16.0,0.0,0.0,0.0,0.0,16.0,
MAR,2026,6,20.0,1.0,0.0,1.0,2.0,18.0,
MAR,2026,7,7.0,2.0,0.0,0.0,2.0,5.0,
MDG,2012,1,37.0,0.0,0.0,0.0,0.0,37.0,7.0
MDG,2012,2,52.0,0.0,0.0,0.0,0.0,52.0,11.0
MDG,2012,3,19.0,0.0,0.0,0.0,0.0,19.0,4.0
MDG,2012,4,21.0,1.0,0.0,0.0,1.0,20.0,4.0
MDG,2012,5,14.0,0.0,0.0,0.0,0.0,14.0,1.0
MDG,2012,6,4.0,0.0,0.0,0.0,0.0,4.0,2.0
MDG,2012,7,14.0,0.0,0.0,0.0,0.0,14.0,1.0
MDG,2012,8,47.0,0.0,0.0,0.0,0.0,47.0,9.0
MDG,2012,9,60.0,0.0,0.0,0.0,0.0,60.0,12.0
MDG,2012,10,88.0,0.0,0.0,1.0,1.0,87.0,17.0
MDG,2012,11,119.0,0.0,0.0,1.0,1.0,118.0,24.0
MDG,2012,12,34.0,0.0,0.0,0.0,0.0,34.0,14.0
MDG,2013,1,51.0,0.0,0.0,0.0,0.0,51.0,14.0
MDG,2013,2,76.0,0.0,0.0,1.0,1.0,75.0,7.0
MDG,2013,3,45.0,0.0,0.0,0.0,0.0,45.0,15.0
MDG,2013,4,52.0,0.0,0.0,0.0,0.0,52.0,5.0
MDG,2013,5,31.0,0.0,0.0,1.0,1.0,30.0,6.0
MDG,2013,6,42.0,0.0,0.0,0.0,0.0,42.0,6.0
MDG,2013,7,79.0,1.0,0.0,0.0,1.0,78.0,27.0
MDG,2013,8,61.0,0.0,0.0,1.0,1.0,60.0,12.0
MDG,2013,9,56.0,0.0,0.0,1.0,1.0,55.0,6.0
MDG,2013,10,76.0,1.0,0.0,1.0,2.0,74.0,15.0
MDG,2013,11,44.0,0.0,0.0,1.0,1.0,43.0,12.0
MDG,2013,12,15.0,0.0,0.0,0.0,0.0,15.0,5.0
MDG,2014,1,32.0,1.0,0.0,0.0,1.0,31.0,5.0
MDG,2014,2,31.0,0.0,0.0,0.0,0.0,31.0,7.0
MDG,2014,3,32.0,0.0,0.0,1.0,1.0,31.0,6.0
MDG,2014,4,32.0,0.0,0.0,0.0,0.0,32.0,5.0
MDG,2014,5,51.0,3.0,0.0,0.0,3.0,48.0,4.0
MDG,2014,6,53.0,0.0,0.0,0.0,0.0,53.0,13.0
MDG,2014,7,78.0,0.0,0.0,0.0,0.0,78.0,14.0
MDG,2014,8,62.0,0.0,0.0,1.0,1.0,61.0,4.0
MDG,2014,9,49.0,1.0,0.0,0.0,1.0,48.0,9.0
MDG,2014,10,123.0,0.0,0.0,1.0,1.0,122.0,31.0
MDG,2014,11,62.0,0.0,0.0,0.0,0.0,62.0,18.0
MDG,2014,12,10.0,0.0,0.0,0.0,0.0,10.0,2.0
MDG,2015,1,33.0,0.0,0.0,0.0,0.0,33.0,5.0
MDG,2015,2,32.0,0.0,0.0,2.0,2.0,30.0,4.0
MDG,2015,3,43.0,0.0,0.0,0.0,0.0,43.0,5.0
MDG,2015,4,25.0,0.0,0.0,0.0,0.0,25.0,6.0
MDG,2015,5,33.0,0.0,0.0,0.0,0.0,33.0,2.0
MDG,2015,6,26.0,1.0,0.0,0.0,1.0,25.0,9.0
MDG,2015,7,21.0,0.0,0.0,0.0,0.0,21.0,6.0
MDG,2015,8,30.0,1.0,0.0,0.0,1.0,29.0,9.0
MDG,2015,9,16.0,0.0,0.0,0.0,0.0,16.0,5.0
MDG,2015,10,57.0,0.0,0.0,1.0,1.0,56.0,15.0
MDG,2015,11,57.0,1.0,0.0,0.0,1.0,56.0,14.0
MDG,2015,12,34.0,0.0,0.0,0.0,0.0,34.0,9.0
MDG,2016,1,39.0,1.0,0.0,1.0,2.0,37.0,10.0
MDG,2016,2,39.0,0.0,0.0,0.0,0.0,39.0,12.0
MDG,2016,3,28.0,0.0,0.0,0.0,0.0,28.0,4.0
MDG,2016,4,22.0,0.0,0.0,0.0,0.0,22.0,2.0
MDG,2016,5,49.0,0.0,0.0,0.0,0.0,49.0,6.0
MDG,2016,6,59.0,0.0,0.0,0.0,0.0,59.0,10.0
MDG,2016,7,133.0,3.0,0.0,0.0,3.0,130.0,16.0
MDG,2016,8,121.0,2.0,0.0,0.0,2.0,119.0,16.0
MDG,2016,9,104.0,2.0,0.0,2.0,4.0,100.0,13.0
MDG,2016,10,206.0,3.0,0.0,1.0,4.0,202.0,45.0
MDG,2016,11,165.0,2.0,0.0,0.0,2.0,163.0,59.0
MDG,2016,12,42.0,0.0,0.0,0.0,0.0,42.0,11.0
MDG,2017,1,69.0,1.0,0.0,0.0,1.0,68.0,17.0
MDG,2017,2,58.0,0.0,0.0,0.0,0.0,58.0,14.0
MDG,2017,3,76.0,0.0,0.0,0.0,0.0,76.0,18.0
MDG,2017,4,90.0,1.0,0.0,0.0,1.0,89.0,14.0
MDG,2017,5,45.0,0.0,0.0,0.0,0.0,45.0,8.0
MDG,2017,6,63.0,0.0,0.0,1.0,1.0,62.0,8.0
MDG,2017,7,69.0,0.0,0.0,0.0,0.0,69.0,6.0
MDG,2017,8,84.0,2.0,0.0,0.0,2.0,82.0,17.0
MDG,2017,9,113.0,1.0,0.0,1.0,2.0,111.0,21.0
MDG,2017,10,144.0,0.0,0.0,0.0,0.0,144.0,24.0
MDG,2017,11,60.0,27.0,0.0,0.0,27.0,33.0,8.0
MDG,2017,12,50.0,50.0,0.0,0.0,50.0,0.0,
MDG,2018,1,33.0,1.0,0.0,1.0,2.0,31.0,5.0
MDG,2018,2,56.0,2.0,0.0,1.0,3.0,53.0,3.0
MDG,2018,3,47.0,0.0,0.0,1.0,1.0,46.0,3.0
MDG,2018,4,76.0,3.0,0.0,0.0,3.0,73.0,
MDG,2018,5,57.0,2.0,0.0,2.0,4.0,53.0,
MDG,2018,6,51.0,0.0,0.0,1.0,1.0,50.0,
MDG,2018,7,96.0,1.0,0.0,0.0,1.0,95.0,
MDG,2018,8,159.0,32.0,0.0,3.0,35.0,124.0,5.0
MDG,2018,9,205.0,22.0,10.0,12.0,44.0,161.0,8.0
MDG,2018,10,2251.0,20.0,1892.0,123.0,2035.0,216.0,16.0
MDG,2018,11,6570.0,67.0,6171.0,136.0,6374.0,196.0,6.0
MDG,2018,12,3651.0,40.0,3400.0,109.0,3549.0,102.0,
MDG,2019,1,50172.0,21.0,49724.0,267.0,50012.0,160.0,1.0
MDG,2019,2,68051.0,12.0,67728.0,189.0,67929.0,122.0,
MDG,2019,3,59831.0,2.0,59651.0,108.0,59761.0,70.0,
MDG,2019,4,24056.0,3.0,23764.0,164.0,23931.0,125.0,6.0
MDG,2019,5,6263.0,2.0,6149.0,66.0,6217.0,46.0,4.0
MDG,2019,6,2055.0,3.0,1987.0,33.0,2023.0,32.0,1.0
MDG,2019,7,2324.0,13.0,2216.0,43.0,2272.0,52.0,2.0
MDG,2019,8,798.0,3.0,717.0,31.0,751.0,47.0,8.0
MDG,2019,9,317.0,14.0,221.0,20.0,255.0,62.0,17.0
MDG,2019,10,117.0,13.0,52.0,12.0,77.0,40.0,6.0
MDG,2019,11,86.0,20.0,5.0,5.0,30.0,56.0,22.0
MDG,2019,12,87.0,31.0,0.0,2.0,33.0,54.0,23.0
MDG,2020,1,81.0,6.0,12.0,8.0,26.0,55.0,24.0
MDG,2020,2,58.0,4.0,0.0,5.0,9.0,49.0,4.0
MDG,2020,3,46.0,1.0,0.0,4.0,5.0,41.0,15.0
MDG,2020,4,18.0,2.0,0.0,3.0,5.0,13.0,2.0
MDG,2020,5,25.0,1.0,0.0,0.0,1.0,24.0,2.0
MDG,2020,6,21.0,3.0,0.0,3.0,6.0,15.0,1.0
MDG,2020,7,20.0,2.0,0.0,1.0,3.0,17.0,1.0
MDG,2020,8,38.0,0.0,0.0,3.0,3.0,35.0,2.0
MDG,2020,9,65.0,5.0,0.0,5.0,10.0,55.0,4.0
MDG,2020,10,75.0,3.0,0.0,6.0,9.0,66.0,3.0
MDG,2020,11,79.0,0.0,0.0,5.0,5.0,74.0,
MDG,2020,12,53.0,2.0,0.0,0.0,2.0,51.0,
MDG,2021,1,72.0,0.0,0.0,3.0,3.0,69.0,8.0
MDG,2021,2,60.0,2.0,0.0,1.0,3.0,57.0,4.0
MDG,2021,3,34.0,1.0,0.0,4.0,5.0,29.0,
MDG,2021,4,31.0,1.0,0.0,5.0,6.0,25.0,1.0
MDG,2021,5,36.0,1.0,0.0,5.0,6.0,30.0,1.0
MDG,2021,6,23.0,1.0,0.0,0.0,1.0,22.0,1.0
MDG,2021,7,49.0,0.0,0.0,6.0,6.0,43.0,
MDG,2021,8,95.0,1.0,0.0,4.0,5.0,90.0,6.0
MDG,2021,9,88.0,0.0,0.0,0.0,0.0,88.0,11.0
MDG,2021,10,130.0,0.0,0.0,6.0,6.0,124.0,15.0
MDG,2021,11,132.0,1.0,0.0,4.0,5.0,127.0,17.0
MDG,2021,12,30.0,2.0,0.0,3.0,5.0,25.0,3.0
MDG,2022,1,19.0,0.0,0.0,3.0,3.0,16.0,3.0
MDG,2022,2,24.0,0.0,0.0,3.0,3.0,21.0,2.0
MDG,2022,3,47.0,2.0,0.0,3.0,5.0,42.0,4.0
MDG,2022,4,45.0,1.0,0.0,6.0,7.0,38.0,4.0
MDG,2022,5,111.0,0.0,0.0,14.0,14.0,97.0,15.0
MDG,2022,6,74.0,0.0,0.0,6.0,6.0,68.0,19.0
MDG,2022,7,87.0,2.0,0.0,8.0,10.0,77.0,18.0
MDG,2022,8,92.0,1.0,0.0,8.0,9.0,83.0,20.0
MDG,2022,9,169.0,0.0,0.0,10.0,10.0,159.0,34.0
MDG,2022,10,465.0,0.0,0.0,9.0,9.0,456.0,219.0
MDG,2022,11,396.0,0.0,0.0,5.0,5.0,391.0,201.0
MDG,2022,12,154.0,0.0,0.0,2.0,2.0,152.0,83.0
MDG,2023,1,153.0,1.0,0.0,9.0,10.0,143.0,43.0
MDG,2023,2,148.0,1.0,0.0,3.0,4.0,144.0,26.0
MDG,2023,3,131.0,0.0,0.0,4.0,4.0,127.0,16.0
MDG,2023,4,121.0,1.0,0.0,2.0,3.0,118.0,20.0
MDG,2023,5,128.0,2.0,0.0,10.0,12.0,116.0,21.0
MDG,2023,6,87.0,1.0,0.0,7.0,8.0,79.0,33.0
MDG,2023,7,178.0,1.0,0.0,11.0,12.0,166.0,32.0
MDG,2023,8,130.0,1.0,0.0,11.0,12.0,118.0,11.0
MDG,2023,9,265.0,0.0,0.0,11.0,11.0,254.0,30.0
MDG,2023,10,426.0,1.0,0.0,7.0,8.0,418.0,77.0
MDG,2023,11,181.0,0.0,0.0,5.0,5.0,176.0,31.0
MDG,2023,12,85.0,0.0,0.0,1.0,1.0,84.0,8.0
MDG,2024,1,62.0,2.0,0.0,9.0,11.0,51.0,3.0
MDG,2024,2,82.0,1.0,0.0,3.0,4.0,78.0,5.0
MDG,2024,3,131.0,0.0,0.0,4.0,4.0,127.0,7.0
MDG,2024,4,144.0,0.0,0.0,4.0,4.0,140.0,4.0
MDG,2024,5,106.0,1.0,0.0,6.0,7.0,99.0,8.0
MDG,2024,6,79.0,0.0,0.0,0.0,0.0,79.0,6.0
MDG,2024,7,198.0,2.0,0.0,13.0,15.0,183.0,13.0
MDG,2024,8,166.0,3.0,0.0,18.0,21.0,145.0,9.0
MDG,2024,9,209.0,0.0,0.0,13.0,13.0,196.0,15.0
MDG,2024,10,375.0,0.0,0.0,20.0,20.0,355.0,20.0
MDG,2024,11,147.0,0.0,0.0,7.0,7.0,140.0,11.0
MDG,2024,12,51.0,0.0,0.0,2.0,2.0,49.0,2.0
MDG,2025,1,287.0,16.0,0.0,18.0,34.0,253.0,9.0
MDG,2025,2,92.0,2.0,0.0,10.0,12.0,80.0,4.0
MDG,2025,3,111.0,36.0,0.0,6.0,42.0,69.0,1.0
MDG,2025,4,138.0,53.0,0.0,15.0,68.0,70.0,2.0
MDG,2025,5,210.0,105.0,0.0,23.0,128.0,82.0,6.0
MDG,2025,6,279.0,184.0,0.0,14.0,198.0,81.0,2.0
MDG,2025,7,375.0,267.0,0.0,33.0,300.0,75.0,5.0
MDG,2025,8,422.0,261.0,0.0,51.0,312.0,110.0,7.0
MDG,2025,9,457.0,285.0,0.0,43.0,328.0,129.0,6.0
MDG,2025,10,826.0,632.0,0.0,57.0,689.0,137.0,9.0
MDG,2025,11,369.0,216.0,0.0,41.0,257.0,112.0,13.0
MDG,2025,12,56.0,9.0,0.0,22.0,31.0,25.0,1.0
MDG,2026,1,1520.0,1.0,1383.0,48.0,1432.0,88.0,
MDG,2026,2,1419.0,4.0,1324.0,33.0,1361.0,58.0,
MDG,2026,3,1707.0,0.0,1630.0,49.0,1679.0,28.0,1.0
MDG,2026,4,1114.0,0.0,1044.0,38.0,1082.0,32.0,
MDG,2026,5,88.0,0.0,39.0,30.0,69.0,19.0,5.0
MDG,2026,6,80.0,0.0,0.0,39.0,39.0,41.0,1.0
MDG,2026,7,87.0,1.0,0.0,47.0,48.0,39.0,1.0
MDG,2026,8,60.0,0.0,0.0,38.0,38.0,22.0,1.0
MLI,2012,1,31.0,0.0,2.0,13.0,15.0,16.0,1.0
MLI,2012,2,91.0,8.0,43.0,19.0,70.0,21.0,1.0
MLI,2012,3,73.0,8.0,0.0,39.0,47.0,26.0,1.0
MLI,2012,4,59.0,9.0,0.0,23.0,32.0,27.0,2.0
MLI,2012,5,61.0,10.0,0.0,32.0,42.0,19.0,
MLI,2012,6,51.0,5.0,16.0,15.0,36.0,15.0,1.0
MLI,2012,7,27.0,3.0,0.0,10.0,13.0,14.0,1.0
MLI,2012,8,22.0,2.0,0.0,4.0,6.0,16.0,
MLI,2012,9,14.0,1.0,0.0,4.0,5.0,9.0,
MLI,2012,10,5.0,0.0,0.0,1.0,1.0,4.0,
MLI,2012,11,18.0,2.0,1.0,6.0,9.0,9.0,
MLI,2012,12,5.0,1.0,0.0,0.0,1.0,4.0,
MLI,2013,1,64.0,37.0,0.0,1.0,38.0,26.0,2.0
MLI,2013,2,177.0,53.0,78.0,19.0,150.0,27.0,2.0
MLI,2013,3,31.0,7.0,1.0,4.0,12.0,19.0,1.0
MLI,2013,4,61.0,2.0,0.0,19.0,21.0,40.0,4.0
MLI,2013,5,56.0,1.0,0.0,28.0,29.0,27.0,2.0
MLI,2013,6,22.0,1.0,0.0,7.0,8.0,14.0,2.0
MLI,2013,7,22.0,3.0,0.0,7.0,10.0,12.0,
MLI,2013,8,17.0,0.0,0.0,3.0,3.0,14.0,
MLI,2013,9,25.0,1.0,0.0,5.0,6.0,19.0,1.0
MLI,2013,10,12.0,0.0,0.0,4.0,4.0,8.0,
MLI,2013,11,32.0,2.0,0.0,9.0,11.0,21.0,2.0
MLI,2013,12,33.0,3.0,0.0,13.0,16.0,17.0,
MLI,2014,1,45.0,0.0,1.0,15.0,16.0,29.0,
MLI,2014,2,211.0,0.0,127.0,20.0,147.0,64.0,2.0
MLI,2014,3,137.0,0.0,72.0,6.0,78.0,59.0,3.0
MLI,2014,4,59.0,0.0,0.0,13.0,13.0,46.0,3.0
MLI,2014,5,33.0,0.0,0.0,1.0,1.0,32.0,4.0
MLI,2014,6,14.0,0.0,0.0,6.0,6.0,8.0,2.0
MLI,2014,7,17.0,0.0,0.0,6.0,6.0,11.0,
MLI,2014,8,15.0,0.0,0.0,1.0,1.0,14.0,1.0
MLI,2014,9,12.0,0.0,0.0,3.0,3.0,9.0,
MLI,2014,10,15.0,0.0,0.0,3.0,3.0,12.0,1.0
MLI,2014,11,17.0,1.0,0.0,2.0,3.0,14.0,1.0
MLI,2014,12,15.0,2.0,0.0,4.0,6.0,9.0,2.0
MLI,2015,1,23.0,0.0,0.0,5.0,5.0,18.0,3.0
MLI,2015,2,70.0,0.0,0.0,22.0,22.0,48.0,18.0
MLI,2015,3,291.0,7.0,1.0,82.0,90.0,201.0,95.0
MLI,2015,4,82.0,3.0,1.0,38.0,42.0,40.0,13.0
MLI,2015,5,70.0,5.0,0.0,28.0,33.0,37.0,15.0
MLI,2015,6,33.0,4.0,0.0,7.0,11.0,22.0,9.0
MLI,2015,7,15.0,1.0,0.0,5.0,6.0,9.0,4.0
MLI,2015,8,12.0,1.0,0.0,5.0,6.0,6.0,1.0
MLI,2015,9,7.0,0.0,0.0,0.0,0.0,7.0,1.0
MLI,2015,10,1.0,0.0,0.0,0.0,0.0,1.0,
MLI,2015,11,17.0,0.0,0.0,3.0,3.0,14.0,2.0
MLI,2015,12,36.0,0.0,0.0,14.0,14.0,22.0,10.0
MLI,2016,1,38.0,2.0,0.0,6.0,8.0,30.0,8.0
MLI,2016,2,89.0,6.0,0.0,15.0,21.0,68.0,9.0
MLI,2016,3,123.0,2.0,0.0,18.0,20.0,103.0,26.0
MLI,2016,4,57.0,4.0,0.0,7.0,11.0,46.0,18.0
MLI,2016,5,26.0,1.0,0.0,9.0,10.0,16.0,3.0
MLI,2016,6,26.0,1.0,0.0,9.0,10.0,16.0,1.0
MLI,2016,7,24.0,1.0,0.0,8.0,9.0,15.0,
MLI,2016,8,9.0,0.0,0.0,2.0,2.0,7.0,
MLI,2016,9,8.0,1.0,0.0,4.0,5.0,3.0,
MLI,2016,10,10.0,2.0,0.0,1.0,3.0,7.0,
MLI,2016,11,13.0,0.0,0.0,1.0,1.0,12.0,
MLI,2016,12,24.0,2.0,0.0,7.0,9.0,15.0,
MLI,2017,1,24.0,0.0,0.0,0.0,0.0,24.0,
MLI,2017,2,56.0,0.0,0.0,0.0,0.0,56.0,3.0
MLI,2017,3,29.0,0.0,0.0,2.0,2.0,27.0,1.0
MLI,2017,4,19.0,0.0,0.0,0.0,0.0,19.0,1.0
MLI,2017,5,29.0,0.0,0.0,0.0,0.0,29.0,6.0
MLI,2017,6,19.0,0.0,0.0,0.0,0.0,19.0,5.0
MLI,2017,7,11.0,0.0,0.0,4.0,4.0,7.0,
MLI,2017,8,14.0,0.0,0.0,3.0,3.0,11.0,
MLI,2017,9,11.0,1.0,0.0,4.0,5.0,6.0,
MLI,2017,10,26.0,0.0,0.0,3.0,3.0,23.0,
MLI,2017,11,19.0,0.0,0.0,1.0,1.0,18.0,1.0
MLI,2017,12,9.0,3.0,0.0,0.0,3.0,6.0,1.0
MLI,2018,1,83.0,4.0,0.0,42.0,46.0,37.0,3.0
MLI,2018,2,197.0,9.0,0.0,55.0,64.0,133.0,25.0
MLI,2018,3,355.0,27.0,0.0,95.0,122.0,233.0,56.0
MLI,2018,4,186.0,114.0,0.0,30.0,144.0,42.0,7.0
MLI,2018,5,148.0,136.0,0.0,8.0,144.0,4.0,1.0
MLI,2018,6,82.0,32.0,0.0,26.0,58.0,24.0,
MLI,2018,7,42.0,13.0,0.0,16.0,29.0,13.0,1.0
MLI,2018,8,34.0,12.0,0.0,15.0,27.0,7.0,
MLI,2018,9,63.0,36.0,0.0,16.0,52.0,11.0,
MLI,2018,10,102.0,96.0,0.0,3.0,99.0,3.0,
MLI,2018,11,67.0,55.0,0.0,10.0,65.0,2.0,
MLI,2018,12,29.0,29.0,0.0,0.0,29.0,0.0,
MLI,2019,1,97.0,4.0,0.0,70.0,74.0,23.0,1.0
MLI,2019,2,211.0,21.0,0.0,115.0,136.0,75.0,8.0
MLI,2019,3,330.0,196.0,0.0,75.0,271.0,59.0,6.0
MLI,2019,4,187.0,187.0,0.0,0.0,187.0,0.0,
MLI,2019,5,77.0,64.0,0.0,10.0,74.0,3.0,1.0
MLI,2019,6,40.0,1.0,0.0,28.0,29.0,11.0,
MLI,2019,7,13.0,0.0,0.0,10.0,10.0,3.0,
MLI,2019,8,19.0,0.0,0.0,8.0,8.0,11.0,
MLI,2019,9,16.0,0.0,0.0,7.0,7.0,9.0,1.0
MLI,2019,10,20.0,0.0,0.0,13.0,13.0,7.0,2.0
MLI,2019,11,33.0,2.0,0.0,19.0,21.0,12.0,
MLI,2019,12,35.0,8.0,0.0,14.0,22.0,13.0,
MLI,2020,1,67.0,2.0,0.0,44.0,46.0,21.0,1.0
MLI,2020,2,151.0,4.0,0.0,92.0,96.0,55.0,9.0
MLI,2020,3,101.0,0.0,0.0,62.0,62.0,39.0,6.0
MLI,2020,4,107.0,1.0,0.0,84.0,85.0,22.0,4.0
MLI,2020,5,58.0,0.0,0.0,42.0,42.0,16.0,2.0
MLI,2020,6,34.0,0.0,0.0,25.0,25.0,9.0,1.0
MLI,2020,7,17.0,0.0,0.0,13.0,13.0,4.0,
MLI,2020,8,21.0,0.0,0.0,12.0,12.0,9.0,1.0
MLI,2020,9,29.0,0.0,0.0,20.0,20.0,9.0,1.0
MLI,2020,10,24.0,2.0,0.0,17.0,19.0,5.0,
MLI,2020,11,37.0,2.0,0.0,26.0,28.0,9.0,
MLI,2020,12,72.0,8.0,0.0,45.0,53.0,19.0,1.0
MLI,2021,1,73.0,1.0,0.0,51.0,52.0,21.0,
MLI,2021,2,109.0,0.0,0.0,74.0,74.0,35.0,
MLI,2021,3,192.0,4.0,0.0,113.0,117.0,75.0,
MLI,2021,4,211.0,7.0,0.0,106.0,113.0,98.0,
MLI,2021,5,214.0,18.0,0.0,94.0,112.0,102.0,4.0
MLI,2021,6,159.0,9.0,0.0,54.0,63.0,96.0,5.0
MLI,2021,7,112.0,6.0,0.0,65.0,71.0,41.0,13.0
MLI,2021,8,119.0,6.0,0.0,69.0,75.0,44.0,12.0
MLI,2021,9,80.0,4.0,0.0,51.0,55.0,25.0,
MLI,2021,10,139.0,4.0,0.0,79.0,83.0,56.0,
MLI,2021,11,211.0,10.0,0.0,58.0,68.0,143.0,
MLI,2021,12,192.0,7.0,0.0,29.0,36.0,156.0,
MLI,2022,1,367.0,52.0,0.0,244.0,296.0,71.0,15.0
MLI,2022,2,484.0,239.0,0.0,35.0,274.0,210.0,1.0
MLI,2022,3,471.0,142.0,0.0,106.0,248.0,223.0,14.0
MLI,2022,4,279.0,33.0,0.0,142.0,175.0,104.0,20.0
MLI,2022,5,145.0,14.0,0.0,77.0,91.0,54.0,9.0
MLI,2022,6,52.0,5.0,0.0,27.0,32.0,20.0,5.0
MLI,2022,7,37.0,3.0,0.0,26.0,29.0,8.0,
MLI,2022,8,50.0,9.0,0.0,25.0,34.0,16.0,
MLI,2022,9,40.0,3.0,0.0,25.0,28.0,12.0,
MLI,2022,10,35.0,1.0,0.0,21.0,22.0,13.0,1.0
MLI,2022,11,30.0,2.0,0.0,21.0,23.0,7.0,
MLI,2022,12,27.0,5.0,0.0,9.0,14.0,13.0,3.0
MLI,2023,1,127.0,19.0,0.0,49.0,68.0,59.0,
MLI,2023,2,126.0,13.0,0.0,45.0,58.0,68.0,2.0
MLI,2023,3,156.0,11.0,0.0,47.0,58.0,98.0,6.0
MLI,2023,4,120.0,13.0,0.0,66.0,79.0,41.0,1.0
MLI,2023,5,139.0,9.0,0.0,83.0,92.0,47.0,3.0
MLI,2023,6,35.0,1.0,0.0,21.0,22.0,13.0,2.0
MLI,2023,7,30.0,3.0,0.0,15.0,18.0,12.0,
MLI,2023,8,11.0,1.0,0.0,6.0,7.0,4.0,
MLI,2023,9,17.0,0.0,0.0,5.0,5.0,12.0,1.0
MLI,2023,10,6.0,0.0,0.0,4.0,4.0,2.0,
MLI,2023,11,7.0,1.0,0.0,3.0,4.0,3.0,
MLI,2023,12,22.0,0.0,1.0,16.0,17.0,5.0,
MLI,2024,1,74.0,5.0,0.0,52.0,57.0,17.0,2.0
MLI,2024,2,168.0,16.0,0.0,100.0,116.0,52.0,9.0
MLI,2024,3,206.0,4.0,0.0,106.0,110.0,96.0,
MLI,2024,4,19.0,0.0,0.0,6.0,6.0,13.0,3.0
MLI,2024,5,30.0,3.0,0.0,13.0,16.0,14.0,1.0
MLI,2024,6,33.0,2.0,0.0,12.0,14.0,19.0,
MLI,2024,7,13.0,0.0,0.0,7.0,7.0,6.0,
MLI,2024,8,19.0,0.0,0.0,5.0,5.0,14.0,2.0
MLI,2024,9,12.0,0.0,0.0,3.0,3.0,9.0,
MLI,2024,10,31.0,1.0,0.0,9.0,10.0,21.0,1.0
MLI,2024,11,23.0,1.0,0.0,7.0,8.0,15.0,1.0
MLI,2024,12,28.0,7.0,0.0,11.0,18.0,10.0,
MLI,2025,1,59.0,0.0,0.0,22.0,22.0,37.0,6.0
MLI,2025,2,91.0,3.0,0.0,23.0,26.0,65.0,3.0
MLI,2025,3,116.0,4.0,0.0,24.0,28.0,88.0,3.0
MLI,2025,4,101.0,1.0,0.0,40.0,41.0,60.0,1.0
MLI,2025,5,74.0,2.0,0.0,23.0,25.0,49.0,4.0
MLI,2025,6,50.0,0.0,0.0,10.0,10.0,40.0,1.0
MLI,2025,7,44.0,0.0,0.0,9.0,9.0,35.0,4.0
MLI,2025,8,48.0,1.0,0.0,18.0,19.0,29.0,
MLI,2025,9,20.0,1.0,0.0,3.0,4.0,16.0,1.0
MLI,2025,10,30.0,0.0,0.0,7.0,7.0,23.0,1.0
MLI,2025,11,17.0,0.0,0.0,1.0,1.0,16.0,2.0
MLI,2025,12,34.0,1.0,0.0,4.0,5.0,29.0,8.0
MLI,2026,1,84.0,3.0,0.0,21.0,24.0,60.0,2.0
MLI,2026,2,119.0,5.0,0.0,41.0,46.0,73.0,3.0
MLI,2026,3,165.0,2.0,0.0,44.0,46.0,119.0,1.0
MLI,2026,4,124.0,5.0,0.0,49.0,54.0,70.0,2.0
MLI,2026,5,93.0,3.0,0.0,39.0,42.0,51.0,5.0
MLI,2026,6,67.0,1.0,0.0,32.0,33.0,34.0,1.0
MLI,2026,7,57.0,2.0,0.0,27.0,29.0,28.0,
MLI,2026,8,40.0,0.0,0.0,19.0,19.0,21.0,2.0
MOZ,2012,1,28.0,6.0,0.0,3.0,9.0,19.0,5.0
MOZ,2012,2,26.0,1.0,0.0,0.0,1.0,25.0,4.0
MOZ,2012,3,39.0,5.0,0.0,1.0,6.0,33.0,2.0
MOZ,2012,4,65.0,3.0,0.0,8.0,11.0,54.0,4.0
MOZ,2012,5,84.0,3.0,0.0,3.0,6.0,78.0,9.0
MOZ,2012,6,109.0,19.0,0.0,1.0,20.0,89.0,14.0
MOZ,2012,7,138.0,8.0,0.0,0.0,8.0,130.0,37.0
MOZ,2012,8,333.0,23.0,0.0,1.0,24.0,309.0,142.0
MOZ,2012,9,253.0,18.0,0.0,2.0,20.0,233.0,112.0
MOZ,2012,10,200.0,13.0,0.0,6.0,19.0,181.0,50.0
MOZ,2012,11,76.0,1.0,0.0,1.0,2.0,74.0,13.0
MOZ,2013,1,44.0,1.0,0.0,0.0,1.0,43.0,3.0
MOZ,2013,2,58.0,3.0,0.0,0.0,3.0,55.0,10.0
MOZ,2013,3,61.0,4.0,0.0,1.0,5.0,56.0,1.0
MOZ,2013,4,54.0,5.0,0.0,0.0,5.0,49.0,1.0
MOZ,2013,5,97.0,0.0,0.0,1.0,1.0,96.0,3.0
MOZ,2013,6,79.0,5.0,0.0,3.0,8.0,71.0,5.0
MOZ,2013,7,90.0,7.0,0.0,1.0,8.0,82.0,7.0
MOZ,2013,8,117.0,9.0,0.0,1.0,10.0,107.0,19.0
MOZ,2013,9,158.0,8.0,0.0,1.0,9.0,149.0,29.0
MOZ,2013,10,93.0,2.0,0.0,0.0,2.0,91.0,25.0
MOZ,2013,11,12.0,0.0,0.0,0.0,0.0,12.0,4.0
MOZ,2014,1,60.0,0.0,0.0,0.0,0.0,60.0,6.0
MOZ,2014,2,62.0,4.0,0.0,0.0,4.0,58.0,2.0
MOZ,2014,3,144.0,6.0,0.0,0.0,6.0,138.0,8.0
MOZ,2014,4,70.0,1.0,0.0,1.0,2.0,68.0,
MOZ,2014,5,66.0,5.0,0.0,0.0,5.0,61.0,
MOZ,2014,6,93.0,16.0,0.0,0.0,16.0,77.0,4.0
MOZ,2014,7,159.0,11.0,0.0,4.0,15.0,144.0,19.0
MOZ,2014,8,137.0,5.0,0.0,0.0,5.0,132.0,15.0
MOZ,2014,9,117.0,3.0,0.0,2.0,5.0,112.0,24.0
MOZ,2014,10,148.0,1.0,0.0,1.0,2.0,146.0,65.0
MOZ,2014,11,125.0,15.0,0.0,0.0,15.0,110.0,49.0
MOZ,2014,12,38.0,5.0,0.0,0.0,5.0,33.0,14.0
MOZ,2015,1,34.0,1.0,0.0,0.0,1.0,33.0,6.0
MOZ,2015,2,53.0,2.0,0.0,0.0,2.0,51.0,7.0
MOZ,2015,3,72.0,2.0,0.0,0.0,2.0,70.0,5.0
MOZ,2015,4,118.0,3.0,0.0,0.0,3.0,115.0,30.0
MOZ,2015,5,108.0,4.0,0.0,3.0,7.0,101.0,34.0
MOZ,2015,6,141.0,29.0,0.0,1.0,30.0,111.0,33.0
MOZ,2015,7,367.0,39.0,0.0,5.0,44.0,323.0,132.0
MOZ,2015,8,252.0,93.0,0.0,0.0,93.0,159.0,77.0
MOZ,2015,9,122.0,114.0,1.0,0.0,115.0,7.0,4.0
MOZ,2015,10,102.0,98.0,0.0,0.0,98.0,4.0,1.0
MOZ,2015,11,52.0,26.0,0.0,0.0,26.0,26.0,16.0
MOZ,2015,12,41.0,0.0,0.0,0.0,0.0,41.0,18.0
MOZ,2016,1,117.0,2.0,0.0,1.0,3.0,114.0,10.0
MOZ,2016,2,236.0,5.0,0.0,1.0,6.0,230.0,15.0
MOZ,2016,3,110.0,5.0,0.0,0.0,5.0,105.0,3.0
MOZ,2016,4,77.0,2.0,0.0,0.0,2.0,75.0,1.0
MOZ,2016,5,85.0,4.0,0.0,0.0,4.0,81.0,3.0
MOZ,2016,6,129.0,5.0,0.0,2.0,7.0,122.0,10.0
MOZ,2016,7,103.0,18.0,0.0,0.0,18.0,85.0,2.0
MOZ,2016,8,138.0,41.0,0.0,4.0,45.0,93.0,8.0
MOZ,2016,9,144.0,13.0,0.0,4.0,17.0,127.0,5.0
MOZ,2016,10,138.0,11.0,0.0,0.0,11.0,127.0,14.0
MOZ,2016,11,82.0,8.0,0.0,3.0,11.0,71.0,10.0
MOZ,2016,12,11.0,1.0,0.0,0.0,1.0,10.0,
MOZ,2017,1,151.0,10.0,0.0,6.0,16.0,135.0,1.0
MOZ,2017,2,121.0,7.0,0.0,3.0,10.0,111.0,3.0
MOZ,2017,3,132.0,9.0,0.0,2.0,11.0,121.0,3.0
MOZ,2017,4,82.0,8.0,0.0,0.0,8.0,74.0,
MOZ,2017,5,103.0,5.0,0.0,0.0,5.0,98.0,3.0
MOZ,2017,6,119.0,4.0,0.0,0.0,4.0,115.0,4.0
MOZ,2017,7,182.0,5.0,0.0,2.0,7.0,175.0,6.0
MOZ,2017,8,205.0,17.0,0.0,2.0,19.0,186.0,12.0
MOZ,2017,9,233.0,8.0,0.0,2.0,10.0,223.0,15.0
MOZ,2017,10,142.0,42.0,0.0,4.0,46.0,96.0,
MOZ,2017,11,55.0,27.0,0.0,0.0,27.0,28.0,1.0
MOZ,2018,1,130.0,3.0,0.0,1.0,4.0,126.0,10.0
MOZ,2018,2,167.0,4.0,0.0,0.0,4.0,163.0,
MOZ,2018,3,176.0,65.0,1.0,2.0,68.0,108.0,
MOZ,2018,4,144.0,118.0,0.0,0.0,118.0,26.0,1.0
MOZ,2018,5,68.0,18.0,0.0,0.0,18.0,50.0,7.0
MOZ,2018,6,157.0,3.0,0.0,0.0,3.0,154.0,41.0
MOZ,2018,7,61.0,2.0,0.0,0.0,2.0,59.0,14.0
MOZ,2018,8,124.0,2.0,0.0,2.0,4.0,120.0,16.0
MOZ,2018,9,87.0,3.0,0.0,2.0,5.0,82.0,3.0
MOZ,2018,10,36.0,0.0,0.0,0.0,0.0,36.0,2.0
MOZ,2019,1,148.0,131.0,0.0,0.0,131.0,17.0,
MOZ,2019,2,201.0,175.0,0.0,0.0,175.0,26.0,
MOZ,2019,3,191.0,108.0,0.0,0.0,108.0,83.0,4.0
MOZ,2019,4,109.0,46.0,0.0,0.0,46.0,63.0,1.0
MOZ,2019,5,190.0,102.0,0.0,3.0,105.0,85.0,5.0
MOZ,2019,6,287.0,38.0,0.0,3.0,41.0,246.0,11.0
MOZ,2019,7,437.0,34.0,0.0,5.0,39.0,398.0,22.0
MOZ,2019,8,413.0,100.0,0.0,34.0,134.0,279.0,20.0
MOZ,2019,9,196.0,128.0,0.0,9.0,137.0,59.0,4.0
MOZ,2019,10,6.0,1.0,0.0,0.0,1.0,5.0,
MOZ,2020,1,244.0,57.0,0.0,43.0,100.0,144.0,6.0
MOZ,2020,2,280.0,107.0,0.0,38.0,145.0,135.0,6.0
MOZ,2020,3,190.0,21.0,0.0,36.0,57.0,133.0,3.0
MOZ,2020,4,118.0,9.0,0.0,12.0,21.0,97.0,1.0
MOZ,2020,5,138.0,19.0,0.0,22.0,41.0,97.0,2.0
MOZ,2020,6,202.0,48.0,0.0,46.0,94.0,108.0,2.0
MOZ,2020,7,217.0,39.0,0.0,42.0,81.0,136.0,7.0
MOZ,2020,8,218.0,13.0,0.0,45.0,58.0,160.0,4.0
MOZ,2020,9,229.0,19.0,0.0,51.0,70.0,159.0,2.0
MOZ,2020,10,176.0,22.0,0.0,56.0,78.0,98.0,5.0
MOZ,2020,11,240.0,40.0,0.0,89.0,129.0,111.0,4.0
MOZ,2020,12,195.0,27.0,0.0,48.0,75.0,120.0,3.0
MOZ,2021,1,221.0,29.0,1.0,58.0,88.0,133.0,5.0
MOZ,2021,2,167.0,13.0,0.0,40.0,53.0,114.0,6.0
MOZ,2021,3,277.0,25.0,0.0,62.0,87.0,190.0,8.0
MOZ,2021,4,328.0,31.0,0.0,55.0,86.0,242.0,9.0
MOZ,2021,5,394.0,33.0,0.0,78.0,111.0,283.0,8.0
MOZ,2021,6,364.0,24.0,0.0,129.0,153.0,211.0,7.0
MOZ,2021,7,234.0,30.0,0.0,95.0,125.0,109.0,4.0
MOZ,2021,8,124.0,14.0,0.0,27.0,41.0,83.0,3.0
MOZ,2021,9,79.0,16.0,0.0,16.0,32.0,47.0,1.0
MOZ,2021,10,143.0,19.0,0.0,17.0,36.0,107.0,
MOZ,2021,11,154.0,10.0,0.0,33.0,43.0,111.0,4.0
MOZ,2021,12,88.0,13.0,0.0,16.0,29.0,59.0,2.0
MOZ,2022,1,130.0,1.0,0.0,35.0,36.0,94.0,2.0
MOZ,2022,2,253.0,12.0,0.0,64.0,76.0,177.0,1.0
MOZ,2022,3,136.0,2.0,0.0,22.0,24.0,112.0,2.0
MOZ,2022,4,98.0,2.0,0.0,37.0,39.0,59.0,2.0
MOZ,2022,5,233.0,1.0,0.0,70.0,71.0,162.0,3.0
MOZ,2022,6,197.0,3.0,0.0,81.0,84.0,113.0,4.0
MOZ,2022,7,276.0,6.0,0.0,190.0,196.0,80.0,1.0
MOZ,2022,8,264.0,7.0,0.0,123.0,130.0,134.0,2.0
MOZ,2022,9,533.0,6.0,0.0,221.0,227.0,306.0,3.0
MOZ,2022,10,487.0,7.0,0.0,254.0,261.0,226.0,2.0
MOZ,2022,11,178.0,3.0,0.0,90.0,93.0,85.0,5.0
MOZ,2022,12,108.0,0.0,0.0,36.0,36.0,72.0,
MOZ,2023,1,99.0,0.0,0.0,13.0,13.0,86.0,
MOZ,2023,2,196.0,2.0,0.0,27.0,29.0,167.0,
MOZ,2023,3,310.0,2.0,0.0,42.0,44.0,266.0,3.0
MOZ,2023,4,340.0,1.0,0.0,50.0,51.0,289.0,4.0
MOZ,2023,5,390.0,2.0,0.0,71.0,73.0,317.0,8.0
MOZ,2023,6,423.0,4.0,0.0,109.0,113.0,310.0,4.0
MOZ,2023,7,455.0,2.0,0.0,90.0,92.0,363.0,12.0
MOZ,2023,8,253.0,0.0,0.0,0.0,0.0,253.0,9.0
MOZ,2023,9,103.0,0.0,0.0,11.0,11.0,92.0,
MOZ,2023,10,444.0,1.0,0.0,103.0,104.0,340.0,4.0
MOZ,2023,11,393.0,0.0,0.0,105.0,105.0,288.0,1.0
MOZ,2023,12,224.0,6.0,0.0,23.0,29.0,195.0,3.0
MOZ,2024,1,235.0,30.0,3.0,0.0,33.0,202.0,
MOZ,2024,2,195.0,32.0,3.0,0.0,35.0,160.0,
MOZ,2024,3,151.0,34.0,0.0,0.0,34.0,117.0,
MOZ,2024,4,86.0,30.0,0.0,1.0,31.0,55.0,
MOZ,2024,5,22.0,7.0,0.0,0.0,7.0,15.0,
MOZ,2024,6,41.0,0.0,1.0,2.0,3.0,38.0,1.0
MOZ,2024,7,360.0,7.0,2.0,173.0,182.0,178.0,3.0
MOZ,2024,8,240.0,118.0,10.0,41.0,169.0,71.0,1.0
MOZ,2024,9,344.0,4.0,63.0,96.0,163.0,181.0,1.0
MOZ,2024,10,96.0,2.0,6.0,33.0,41.0,55.0,1.0
MOZ,2024,11,64.0,0.0,0.0,6.0,6.0,58.0,
MOZ,2024,12,22.0,0.0,0.0,2.0,2.0,20.0,
MOZ,2025,1,198.0,1.0,0.0,15.0,16.0,182.0,21.0
MOZ,2025,2,326.0,0.0,0.0,16.0,16.0,310.0,40.0
MOZ,2025,3,323.0,3.0,1.0,23.0,27.0,296.0,41.0
MOZ,2025,4,227.0,4.0,3.0,23.0,30.0,197.0,45.0
MOZ,2025,5,190.0,3.0,0.0,13.0,16.0,174.0,32.0
MOZ,2025,6,214.0,0.0,4.0,14.0,18.0,196.0,21.0
MOZ,2025,7,368.0,1.0,10.0,61.0,72.0,296.0,51.0
MOZ,2025,8,712.0,5.0,49.0,54.0,108.0,604.0,201.0
MOZ,2025,9,479.0,2.0,85.0,27.0,114.0,365.0,188.0
MOZ,2025,10,275.0,0.0,47.0,36.0,83.0,192.0,114.0
MOZ,2025,11,110.0,0.0,17.0,10.0,27.0,83.0,51.0
MOZ,2025,12,36.0,0.0,21.0,5.0,26.0,10.0,7.0
MOZ,2026,1,184.0,2.0,1.0,30.0,33.0,151.0,29.0
MOZ,2026,2,293.0,3.0,0.0,114.0,117.0,176.0,43.0
MOZ,2026,3,337.0,3.0,45.0,81.0,129.0,208.0,62.0
MOZ,2026,4,496.0,2.0,243.0,85.0,330.0,166.0,47.0
MOZ,2026,5,528.0,5.0,203.0,87.0,295.0,233.0,104.0
MOZ,2026,6,460.0,17.0,144.0,69.0,230.0,230.0,97.0
MOZ,2026,7,326.0,12.0,199.0,40.0,251.0,75.0,30.0
MOZ,2026,8,165.0,7.0,83.0,25.0,115.0,50.0,32.0
MRT,2012,1,2.0,0.0,0.0,0.0,0.0,2.0,
MRT,2012,2,3.0,0.0,0.0,0.0,0.0,3.0,
MRT,2012,3,8.0,1.0,0.0,0.0,1.0,7.0,
MRT,2012,4,10.0,2.0,0.0,0.0,2.0,8.0,1.0
MRT,2012,5,9.0,0.0,0.0,1.0,1.0,8.0,4.0
MRT,2012,6,10.0,0.0,0.0,0.0,0.0,10.0,2.0
MRT,2012,7,3.0,0.0,0.0,0.0,0.0,3.0,
MRT,2012,9,3.0,0.0,0.0,0.0,0.0,3.0,
MRT,2013,1,2.0,0.0,0.0,0.0,0.0,2.0,
MRT,2013,2,4.0,0.0,0.0,0.0,0.0,4.0,
MRT,2013,3,7.0,1.0,0.0,0.0,1.0,6.0,3.0
MRT,2013,4,13.0,1.0,0.0,2.0,3.0,10.0,
MRT,2013,5,3.0,3.0,0.0,0.0,3.0,0.0,
MRT,2014,1,2.0,0.0,0.0,0.0,0.0,2.0,
MRT,2014,2,42.0,0.0,0.0,2.0,2.0,40.0,18.0
MRT,2014,3,44.0,0.0,0.0,11.0,11.0,33.0,12.0
MRT,2014,4,12.0,0.0,0.0,1.0,1.0,11.0,6.0
MRT,2014,5,14.0,0.0,0.0,0.0,0.0,14.0,10.0
MRT,2014,6,5.0,0.0,0.0,0.0,0.0,5.0,2.0
MRT,2014,10,1.0,0.0,0.0,0.0,0.0,1.0,
MRT,2015,1,3.0,0.0,0.0,0.0,0.0,3.0,2.0
MRT,2015,2,9.0,0.0,0.0,0.0,0.0,9.0,1.0
MRT,2015,3,5.0,0.0,0.0,0.0,0.0,5.0,
MRT,2015,4,8.0,0.0,0.0,0.0,0.0,8.0,5.0
MRT,2015,5,4.0,0.0,0.0,0.0,0.0,4.0,1.0
MRT,2015,6,3.0,0.0,0.0,0.0,0.0,3.0,
MRT,2015,7,1.0,0.0,0.0,0.0,0.0,1.0,
MRT,2015,10,1.0,0.0,0.0,0.0,0.0,1.0,
MRT,2015,11,2.0,0.0,0.0,1.0,1.0,1.0,
MRT,2015,12,1.0,0.0,0.0,0.0,0.0,1.0,
MRT,2016,1,4.0,1.0,0.0,2.0,3.0,1.0,
MRT,2016,2,2.0,1.0,0.0,0.0,1.0,1.0,
MRT,2016,3,14.0,0.0,0.0,3.0,3.0,11.0,
MRT,2016,4,11.0,0.0,0.0,6.0,6.0,5.0,
MRT,2016,5,5.0,2.0,0.0,2.0,4.0,1.0,
MRT,2016,6,6.0,0.0,0.0,0.0,0.0,6.0,
MRT,2016,7,2.0,0.0,0.0,0.0,0.0,2.0,
MRT,2016,8,3.0,0.0,0.0,0.0,0.0,3.0,
MRT,2016,9,1.0,0.0,0.0,0.0,0.0,1.0,
MRT,2016,11,3.0,0.0,0.0,0.0,0.0,3.0,
MRT,2017,1,7.0,0.0,0.0,0.0,0.0,7.0,
MRT,2017,2,20.0,0.0,0.0,0.0,0.0,20.0,
MRT,2017,3,15.0,0.0,0.0,0.0,0.0,15.0,
MRT,2017,4,1.0,0.0,0.0,0.0,0.0,1.0,
MRT,2017,5,10.0,0.0,0.0,0.0,0.0,10.0,
MRT,2017,6,4.0,1.0,0.0,0.0,1.0,3.0,
MRT,2017,7,4.0,3.0,0.0,0.0,3.0,1.0,
MRT,2017,9,1.0,1.0,0.0,0.0,1.0,0.0,
MRT,2017,10,1.0,1.0,0.0,0.0,1.0,0.0,
MRT,2018,1,6.0,0.0,0.0,0.0,0.0,6.0,
MRT,2018,2,12.0,0.0,0.0,0.0,0.0,12.0,
MRT,2018,3,3.0,0.0,0.0,0.0,0.0,3.0,
MRT,2018,4,3.0,0.0,0.0,0.0,0.0,3.0,
MRT,2018,5,2.0,0.0,0.0,0.0,0.0,2.0,1.0
MRT,2018,6,3.0,0.0,0.0,0.0,0.0,3.0,
MRT,2018,7,4.0,0.0,0.0,0.0,0.0,4.0,
MRT,2018,10,2.0,2.0,0.0,0.0,2.0,0.0,
MRT,2018,11,3.0,3.0,0.0,0.0,3.0,0.0,
MRT,2018,12,10.0,10.0,0.0,0.0,10.0,0.0,
MRT,2019,1,52.0,37.0,0.0,13.0,50.0,2.0,
MRT,2019,2,51.0,29.0,0.0,4.0,33.0,18.0,
MRT,2019,3,45.0,20.0,0.0,14.0,34.0,11.0,
MRT,2019,4,30.0,30.0,0.0,0.0,30.0,0.0,
MRT,2019,5,14.0,14.0,0.0,0.0,14.0,0.0,
MRT,2022,2,1.0,0.0,0.0,0.0,0.0,1.0,
MRT,2022,3,4.0,0.0,0.0,0.0,0.0,4.0,
MRT,2022,4,45.0,0.0,0.0,0.0,0.0,45.0,
MRT,2022,5,82.0,0.0,0.0,0.0,0.0,82.0,
MRT,2022,6,38.0,0.0,0.0,0.0,0.0,38.0,
MRT,2022,7,23.0,0.0,0.0,0.0,0.0,23.0,
MRT,2022,8,5.0,0.0,0.0,0.0,0.0,5.0,
MRT,2022,9,8.0,0.0,0.0,0.0,0.0,8.0,
MRT,2022,10,13.0,0.0,0.0,0.0,0.0,13.0,
MRT,2022,11,16.0,0.0,7.0,0.0,7.0,9.0,
MRT,2022,12,4.0,0.0,1.0,0.0,1.0,3.0,
MRT,2023,1,61.0,0.0,1.0,39.0,40.0,21.0,
MRT,2023,2,87.0,0.0,9.0,47.0,56.0,31.0,
MRT,2023,3,47.0,0.0,9.0,23.0,32.0,15.0,
MRT,2023,4,44.0,0.0,20.0,11.0,31.0,13.0,
MRT,2023,5,39.0,0.0,15.0,10.0,25.0,14.0,
MRT,2023,6,15.0,0.0,5.0,9.0,14.0,1.0,
MRT,2023,7,8.0,0.0,0.0,5.0,5.0,3.0,
MRT,2023,8,30.0,0.0,0.0,22.0,22.0,8.0,
MRT,2023,9,39.0,1.0,1.0,21.0,23.0,16.0,1.0
MRT,2023,10,46.0,0.0,0.0,37.0,37.0,9.0,
MRT,2023,11,22.0,0.0,0.0,15.0,15.0,7.0,
MRT,2023,12,41.0,0.0,4.0,26.0,30.0,11.0,
MRT,2024,1,178.0,0.0,6.0,94.0,100.0,78.0,1.0
MRT,2024,2,201.0,0.0,33.0,111.0,144.0,57.0,1.0
MRT,2024,3,95.0,0.0,37.0,35.0,72.0,23.0,
MRT,2024,4,46.0,0.0,15.0,8.0,23.0,23.0,
MRT,2024,5,22.0,0.0,11.0,4.0,15.0,7.0,
MRT,2024,6,1.0,0.0,0.0,0.0,0.0,1.0,
MRT,2024,8,1.0,0.0,0.0,1.0,1.0,0.0,
MRT,2024,11,1.0,0.0,0.0,0.0,0.0,1.0,
MRT,2024,12,9.0,0.0,3.0,2.0,5.0,4.0,
MRT,2025,1,17.0,0.0,0.0,9.0,9.0,8.0,
MRT,2025,2,13.0,0.0,0.0,8.0,8.0,5.0,
MRT,2025,3,32.0,0.0,0.0,12.0,12.0,20.0,
MRT,2025,4,10.0,0.0,0.0,4.0,4.0,6.0,
MRT,2025,5,19.0,0.0,0.0,4.0,4.0,15.0,
MRT,2025,6,10.0,0.0,0.0,4.0,4.0,6.0,
MRT,2025,8,1.0,0.0,0.0,1.0,1.0,0.0,
MRT,2026,3,8.0,0.0,0.0,2.0,2.0,6.0,
MRT,2026,4,6.0,0.0,0.0,0.0,0.0,6.0,
MRT,2026,5,4.0,0.0,0.0,0.0,0.0,4.0,
MRT,2026,6,3.0,0.0,0.0,0.0,0.0,3.0,
MWI,2012,1,30.0,0.0,0.0,0.0,0.0,30.0,2.0
MWI,2012,2,6.0,0.0,0.0,0.0,0.0,6.0,
MWI,2012,3,14.0,0.0,0.0,0.0,0.0,14.0,2.0
MWI,2012,4,8.0,0.0,0.0,0.0,0.0,8.0,
MWI,2012,5,22.0,0.0,0.0,0.0,0.0,22.0,1.0
MWI,2012,6,23.0,0.0,0.0,0.0,0.0,23.0,2.0
MWI,2012,7,33.0,0.0,0.0,2.0,2.0,31.0,18.0
MWI,2012,8,34.0,0.0,0.0,0.0,0.0,34.0,13.0
MWI,2012,9,30.0,0.0,0.0,5.0,5.0,25.0,3.0
MWI,2012,10,34.0,0.0,0.0,0.0,0.0,34.0,1.0
MWI,2012,11,7.0,0.0,0.0,1.0,1.0,6.0,2.0
MWI,2013,1,14.0,0.0,0.0,0.0,0.0,14.0,2.0
MWI,2013,2,19.0,0.0,0.0,0.0,0.0,19.0,1.0
MWI,2013,3,18.0,1.0,0.0,0.0,1.0,17.0,2.0
MWI,2013,4,24.0,1.0,0.0,0.0,1.0,23.0,1.0
MWI,2013,5,29.0,0.0,0.0,0.0,0.0,29.0,1.0
MWI,2013,6,15.0,0.0,0.0,0.0,0.0,15.0,1.0
MWI,2013,7,40.0,0.0,0.0,0.0,0.0,40.0,1.0
MWI,2013,8,37.0,0.0,0.0,0.0,0.0,37.0,4.0
MWI,2013,9,39.0,1.0,0.0,1.0,2.0,37.0,4.0
MWI,2013,10,27.0,0.0,0.0,0.0,0.0,27.0,1.0
MWI,2013,11,10.0,0.0,0.0,0.0,0.0,10.0,2.0
MWI,2013,12,4.0,0.0,0.0,0.0,0.0,4.0,2.0
MWI,2014,1,44.0,0.0,0.0,0.0,0.0,44.0,7.0
MWI,2014,2,31.0,1.0,0.0,0.0,1.0,30.0,
MWI,2014,3,46.0,2.0,0.0,0.0,2.0,44.0,15.0
MWI,2014,4,19.0,0.0,0.0,0.0,0.0,19.0,3.0
MWI,2014,5,9.0,0.0,0.0,0.0,0.0,9.0,1.0
MWI,2014,6,88.0,1.0,0.0,0.0,1.0,87.0,24.0
MWI,2014,7,258.0,2.0,0.0,0.0,2.0,256.0,156.0
MWI,2014,8,319.0,9.0,0.0,2.0,11.0,308.0,117.0
MWI,2014,9,132.0,0.0,0.0,0.0,0.0,132.0,21.0
MWI,2014,10,110.0,0.0,0.0,0.0,0.0,110.0,38.0
MWI,2014,11,1.0,0.0,0.0,0.0,0.0,1.0,
MWI,2015,1,27.0,0.0,0.0,0.0,0.0,27.0,5.0
MWI,2015,2,27.0,4.0,0.0,0.0,4.0,23.0,11.0
MWI,2015,3,25.0,2.0,0.0,0.0,2.0,23.0,2.0
MWI,2015,4,29.0,5.0,0.0,0.0,5.0,24.0,5.0
MWI,2015,5,51.0,6.0,1.0,0.0,7.0,44.0,4.0
MWI,2015,6,20.0,1.0,0.0,0.0,1.0,19.0,7.0
MWI,2015,7,17.0,0.0,0.0,0.0,0.0,17.0,6.0
MWI,2015,8,52.0,0.0,0.0,0.0,0.0,52.0,23.0
MWI,2015,9,23.0,0.0,0.0,0.0,0.0,23.0,6.0
MWI,2015,10,31.0,0.0,0.0,0.0,0.0,31.0,12.0
MWI,2015,11,16.0,0.0,0.0,0.0,0.0,16.0,7.0
MWI,2015,12,23.0,0.0,0.0,0.0,0.0,23.0,11.0
MWI,2016,1,27.0,0.0,0.0,0.0,0.0,27.0,
MWI,2016,2,16.0,0.0,0.0,0.0,0.0,16.0,
MWI,2016,3,6.0,0.0,0.0,0.0,0.0,6.0,1.0
MWI,2016,4,6.0,0.0,0.0,0.0,0.0,6.0,
MWI,2016,5,6.0,0.0,0.0,0.0,0.0,6.0,
MWI,2016,6,18.0,0.0,0.0,0.0,0.0,18.0,
MWI,2016,7,22.0,0.0,0.0,0.0,0.0,22.0,1.0
MWI,2016,8,21.0,2.0,0.0,0.0,2.0,19.0,
MWI,2016,9,30.0,0.0,0.0,0.0,0.0,30.0,1.0
MWI,2016,10,46.0,1.0,0.0,0.0,1.0,45.0,4.0
MWI,2016,11,68.0,1.0,0.0,0.0,1.0,67.0,25.0
MWI,2016,12,20.0,0.0,0.0,0.0,0.0,20.0,1.0
MWI,2017,1,28.0,0.0,0.0,1.0,1.0,27.0,2.0
MWI,2017,2,36.0,0.0,0.0,0.0,0.0,36.0,
MWI,2017,3,42.0,0.0,0.0,0.0,0.0,42.0,1.0
MWI,2017,4,47.0,0.0,0.0,1.0,1.0,46.0,2.0
MWI,2017,5,63.0,0.0,0.0,1.0,1.0,62.0,3.0
MWI,2017,6,26.0,0.0,0.0,1.0,1.0,25.0,2.0
MWI,2017,7,17.0,0.0,0.0,0.0,0.0,17.0,4.0
MWI,2017,8,32.0,0.0,0.0,0.0,0.0,32.0,4.0
MWI,2017,9,19.0,0.0,0.0,0.0,0.0,19.0,6.0
MWI,2017,10,15.0,0.0,0.0,0.0,0.0,15.0,1.0
MWI,2017,11,1.0,0.0,0.0,0.0,0.0,1.0,
MWI,2018,1,33.0,1.0,0.0,0.0,1.0,32.0,
MWI,2018,2,40.0,0.0,0.0,0.0,0.0,40.0,2.0
MWI,2018,3,43.0,0.0,0.0,0.0,0.0,43.0,2.0
MWI,2018,4,33.0,0.0,0.0,1.0,1.0,32.0,1.0
MWI,2018,5,34.0,1.0,0.0,0.0,1.0,33.0,
MWI,2018,6,13.0,1.0,0.0,0.0,1.0,12.0,
MWI,2018,7,21.0,0.0,0.0,0.0,0.0,21.0,
MWI,2018,8,23.0,0.0,0.0,0.0,0.0,23.0,
MWI,2018,9,25.0,0.0,0.0,0.0,0.0,25.0,1.0
MWI,2018,10,3.0,0.0,0.0,0.0,0.0,3.0,
MWI,2019,1,8.0,1.0,0.0,0.0,1.0,7.0,
MWI,2019,2,20.0,12.0,0.0,0.0,12.0,8.0,
MWI,2019,3,23.0,18.0,0.0,0.0,18.0,5.0,
MWI,2019,4,13.0,2.0,0.0,1.0,3.0,10.0,
MWI,2019,5,30.0,1.0,0.0,1.0,2.0,28.0,1.0
MWI,2019,6,42.0,0.0,0.0,1.0,1.0,41.0,2.0
MWI,2019,7,42.0,1.0,0.0,4.0,5.0,37.0,
MWI,2019,8,21.0,1.0,0.0,1.0,2.0,19.0,
MWI,2019,9,29.0,1.0,0.0,0.0,1.0,28.0,
MWI,2019,10,26.0,1.0,0.0,4.0,5.0,21.0,1.0
MWI,2019,11,9.0,0.0,0.0,2.0,2.0,7.0,
MWI,2019,12,3.0,0.0,0.0,1.0,1.0,2.0,
MWI,2020,1,4.0,0.0,0.0,0.0,0.0,4.0,
MWI,2020,2,6.0,0.0,0.0,0.0,0.0,6.0,
MWI,2020,3,12.0,1.0,0.0,0.0,1.0,11.0,
MWI,2020,4,10.0,1.0,0.0,0.0,1.0,9.0,
MWI,2020,5,4.0,0.0,0.0,0.0,0.0,4.0,
MWI,2020,6,6.0,0.0,0.0,1.0,1.0,5.0,
MWI,2020,7,3.0,0.0,0.0,0.0,0.0,3.0,
MWI,2020,8,1.0,0.0,0.0,0.0,0.0,1.0,
MWI,2020,9,1.0,0.0,0.0,0.0,0.0,1.0,
MWI,2020,10,4.0,0.0,0.0,0.0,0.0,4.0,
MWI,2020,11,8.0,0.0,0.0,3.0,3.0,5.0,
MWI,2020,12,1.0,0.0,0.0,0.0,0.0,1.0,
MWI,2021,1,7.0,3.0,0.0,0.0,3.0,4.0,
MWI,2021,2,3.0,0.0,0.0,0.0,0.0,3.0,
MWI,2021,3,8.0,2.0,0.0,1.0,3.0,5.0,
MWI,2021,4,2.0,0.0,0.0,0.0,0.0,2.0,
MWI,2021,5,23.0,11.0,0.0,1.0,12.0,11.0,
MWI,2021,6,22.0,17.0,0.0,1.0,18.0,4.0,
MWI,2021,7,11.0,6.0,0.0,1.0,7.0,4.0,
MWI,2021,8,1.0,0.0,0.0,0.0,0.0,1.0,
MWI,2021,9,8.0,0.0,0.0,0.0,0.0,8.0,
MWI,2021,10,1.0,0.0,0.0,0.0,0.0,1.0,
MWI,2022,1,4.0,3.0,0.0,0.0,3.0,1.0,
MWI,2022,2,11.0,2.0,0.0,0.0,2.0,9.0,
MWI,2022,3,15.0,5.0,0.0,0.0,5.0,10.0,
MWI,2022,4,20.0,7.0,1.0,0.0,8.0,12.0,
MWI,2022,5,26.0,19.0,0.0,0.0,19.0,7.0,
MWI,2022,6,17.0,6.0,0.0,0.0,6.0,11.0,
MWI,2022,7,7.0,4.0,0.0,0.0,4.0,3.0,
MWI,2022,8,19.0,4.0,0.0,0.0,4.0,15.0,
MWI,2022,9,14.0,2.0,0.0,0.0,2.0,12.0,
MWI,2022,10,14.0,0.0,0.0,0.0,0.0,14.0,
MWI,2022,11,15.0,0.0,0.0,0.0,0.0,15.0,
MWI,2022,12,2.0,1.0,0.0,0.0,1.0,1.0,
MWI,2023,1,18.0,0.0,0.0,4.0,4.0,14.0,3.0
MWI,2023,2,20.0,0.0,0.0,9.0,9.0,11.0,
MWI,2023,3,22.0,0.0,0.0,6.0,6.0,16.0,
MWI,2023,4,20.0,0.0,0.0,3.0,3.0,17.0,
MWI,2023,5,32.0,1.0,0.0,3.0,4.0,28.0,
MWI,2023,6,27.0,1.0,0.0,5.0,6.0,21.0,1.0
MWI,2023,7,35.0,1.0,0.0,13.0,14.0,21.0,
MWI,2023,8,26.0,1.0,0.0,11.0,12.0,14.0,
MWI,2023,9,34.0,1.0,0.0,15.0,16.0,18.0,
MWI,2023,10,38.0,1.0,0.0,20.0,21.0,17.0,
MWI,2023,11,107.0,1.0,28.0,27.0,56.0,51.0,
MWI,2023,12,59.0,2.0,0.0,8.0,10.0,49.0,
MWI,2024,1,51.0,0.0,0.0,5.0,5.0,46.0,1.0
MWI,2024,2,39.0,1.0,0.0,2.0,3.0,36.0,4.0
MWI,2024,3,90.0,1.0,32.0,8.0,41.0,49.0,19.0
MWI,2024,4,88.0,3.0,0.0,21.0,24.0,64.0,2.0
MWI,2024,5,97.0,4.0,0.0,18.0,22.0,75.0,4.0
MWI,2024,6,64.0,0.0,0.0,15.0,15.0,49.0,
MWI,2024,7,124.0,1.0,0.0,26.0,27.0,97.0,2.0
MWI,2024,8,110.0,2.0,0.0,37.0,39.0,71.0,
MWI,2024,9,7.0,0.0,0.0,4.0,4.0,3.0,
MWI,2025,1,269.0,2.0,149.0,62.0,213.0,56.0,24.0
MWI,2025,2,201.0,4.0,90.0,61.0,155.0,46.0,8.0
MWI,2025,3,244.0,3.0,181.0,32.0,216.0,28.0,11.0
MWI,2025,4,199.0,2.0,152.0,16.0,170.0,29.0,8.0
MWI,2025,5,76.0,1.0,18.0,20.0,39.0,37.0,14.0
MWI,2025,6,71.0,0.0,5.0,8.0,13.0,58.0,29.0
MWI,2025,7,67.0,0.0,0.0,16.0,16.0,51.0,1.0
MWI,2025,8,80.0,0.0,0.0,25.0,25.0,55.0,3.0
MWI,2025,9,84.0,0.0,0.0,38.0,38.0,46.0,2.0
MWI,2025,10,168.0,0.0,15.0,66.0,81.0,87.0,12.0
MWI,2025,11,71.0,1.0,9.0,22.0,32.0,39.0,2.0
MWI,2026,1,121.0,1.0,20.0,48.0,69.0,52.0,2.0
MWI,2026,2,110.0,0.0,0.0,47.0,47.0,63.0,12.0
MWI,2026,3,115.0,0.0,0.0,45.0,45.0,70.0,3.0
MWI,2026,4,69.0,0.0,0.0,17.0,17.0,52.0,1.0
MWI,2026,5,131.0,0.0,4.0,51.0,55.0,76.0,
MWI,2026,6,156.0,0.0,12.0,64.0,76.0,80.0,3.0
MWI,2026,7,224.0,0.0,47.0,92.0,139.0,85.0,3.0
MWI,2026,8,49.0,0.0,0.0,19.0,19.0,30.0,
NAM,2012,1,29.0,6.0,0.0,3.0,9.0,20.0,1.0
NAM,2012,2,20.0,2.0,0.0,1.0,3.0,17.0,2.0
NAM,2012,3,42.0,2.0,0.0,2.0,4.0,38.0,2.0
NAM,2012,4,42.0,6.0,0.0,3.0,9.0,33.0,3.0
NAM,2012,5,29.0,1.0,0.0,4.0,5.0,24.0,
NAM,2012,6,32.0,3.0,0.0,0.0,3.0,29.0,3.0
NAM,2012,7,26.0,5.0,0.0,1.0,6.0,20.0,7.0
NAM,2012,8,18.0,0.0,0.0,4.0,4.0,14.0,1.0
NAM,2012,9,56.0,3.0,0.0,19.0,22.0,34.0,2.0
NAM,2012,10,91.0,16.0,9.0,20.0,45.0,46.0,9.0
NAM,2012,11,57.0,30.0,9.0,0.0,39.0,18.0,4.0
NAM,2013,1,68.0,6.0,10.0,13.0,29.0,39.0,7.0
NAM,2013,2,37.0,7.0,3.0,3.0,13.0,24.0,
NAM,2013,3,50.0,6.0,1.0,1.0,8.0,42.0,4.0
NAM,2013,4,40.0,12.0,0.0,3.0,15.0,25.0,1.0
NAM,2013,5,20.0,4.0,1.0,4.0,9.0,11.0,
NAM,2013,6,21.0,4.0,6.0,4.0,14.0,7.0,
NAM,2013,7,16.0,4.0,4.0,0.0,8.0,8.0,
NAM,2014,1,50.0,4.0,10.0,13.0,27.0,23.0,3.0
NAM,2014,2,57.0,4.0,11.0,12.0,27.0,30.0,2.0
NAM,2014,3,78.0,12.0,17.0,20.0,49.0,29.0,2.0
NAM,2014,4,60.0,6.0,8.0,12.0,26.0,34.0,4.0
NAM,2014,5,106.0,17.0,16.0,32.0,65.0,41.0,2.0
NAM,2014,6,125.0,19.0,63.0,17.0,99.0,26.0,3.0
NAM,2014,7,206.0,11.0,116.0,25.0,152.0,54.0,19.0
NAM,2014,8,241.0,33.0,64.0,36.0,133.0,108.0,23.0
NAM,2014,9,162.0,45.0,30.0,46.0,121.0,41.0,14.0
NAM,2014,10,150.0,63.0,62.0,12.0,137.0,13.0,1.0
NAM,2014,11,96.0,14.0,82.0,0.0,96.0,0.0,
NAM,2015,1,79.0,1.0,22.0,5.0,28.0,51.0,17.0
NAM,2015,2,97.0,9.0,20.0,5.0,34.0,63.0,27.0
NAM,2015,3,203.0,14.0,13.0,12.0,39.0,164.0,63.0
NAM,2015,4,110.0,24.0,5.0,2.0,31.0,79.0,26.0
NAM,2015,5,80.0,21.0,3.0,0.0,24.0,56.0,17.0
NAM,2015,6,95.0,23.0,2.0,0.0,25.0,70.0,24.0
NAM,2015,7,233.0,46.0,9.0,2.0,57.0,176.0,86.0
NAM,2015,8,308.0,96.0,3.0,1.0,100.0,208.0,100.0
NAM,2015,9,372.0,247.0,18.0,0.0,265.0,107.0,40.0
NAM,2015,10,351.0,283.0,29.0,1.0,313.0,38.0,14.0
NAM,2015,11,110.0,91.0,10.0,0.0,101.0,9.0,
NAM,2015,12,35.0,35.0,0.0,0.0,35.0,0.0,
NAM,2016,1,45.0,0.0,0.0,0.0,0.0,45.0,6.0
NAM,2016,2,30.0,2.0,0.0,1.0,3.0,27.0,5.0
NAM,2016,3,40.0,5.0,0.0,0.0,5.0,35.0,10.0
NAM,2016,4,31.0,2.0,0.0,0.0,2.0,29.0,3.0
NAM,2016,5,19.0,2.0,0.0,0.0,2.0,17.0,2.0
NAM,2016,6,39.0,4.0,0.0,0.0,4.0,35.0,1.0
NAM,2016,7,31.0,3.0,0.0,0.0,3.0,28.0,2.0
NAM,2016,8,23.0,4.0,0.0,0.0,4.0,19.0,3.0
NAM,2016,9,33.0,4.0,0.0,0.0,4.0,29.0,3.0
NAM,2016,10,15.0,11.0,0.0,0.0,11.0,4.0,1.0
NAM,2016,11,5.0,2.0,0.0,0.0,2.0,3.0,
NAM,2016,12,3.0,2.0,0.0,0.0,2.0,1.0,1.0
NAM,2017,1,48.0,1.0,0.0,0.0,1.0,47.0,
NAM,2017,2,52.0,9.0,0.0,0.0,9.0,43.0,1.0
NAM,2017,3,77.0,1.0,0.0,1.0,2.0,75.0,8.0
NAM,2017,4,57.0,2.0,0.0,0.0,2.0,55.0,6.0
NAM,2017,5,39.0,1.0,0.0,1.0,2.0,37.0,2.0
NAM,2017,6,39.0,0.0,0.0,1.0,1.0,38.0,
NAM,2017,7,28.0,0.0,0.0,0.0,0.0,28.0,
NAM,2017,8,33.0,1.0,0.0,0.0,1.0,32.0,
NAM,2017,9,45.0,11.0,0.0,0.0,11.0,34.0,
NAM,2017,10,18.0,3.0,0.0,0.0,3.0,15.0,
NAM,2017,11,10.0,2.0,0.0,0.0,2.0,8.0,
NAM,2018,1,24.0,1.0,0.0,0.0,1.0,23.0,1.0
NAM,2018,2,50.0,2.0,0.0,0.0,2.0,48.0,
NAM,2018,3,33.0,1.0,0.0,0.0,1.0,32.0,1.0
NAM,2018,4,36.0,1.0,1.0,0.0,2.0,34.0,
NAM,2018,5,19.0,1.0,0.0,0.0,1.0,18.0,
NAM,2018,6,38.0,9.0,0.0,0.0,9.0,29.0,1.0
NAM,2018,7,27.0,2.0,0.0,1.0,3.0,24.0,1.0
NAM,2018,8,16.0,0.0,0.0,2.0,2.0,14.0,
NAM,2018,9,33.0,4.0,0.0,0.0,4.0,29.0,1.0
NAM,2018,10,22.0,2.0,0.0,0.0,2.0,20.0,
NAM,2018,11,9.0,3.0,0.0,0.0,3.0,6.0,
NAM,2019,1,39.0,2.0,0.0,0.0,2.0,37.0,
NAM,2019,2,31.0,2.0,0.0,0.0,2.0,29.0,1.0
NAM,2019,3,39.0,0.0,0.0,1.0,1.0,38.0,
NAM,2019,4,21.0,2.0,0.0,0.0,2.0,19.0,1.0
NAM,2019,5,15.0,0.0,0.0,1.0,1.0,14.0,1.0
NAM,2019,6,11.0,1.0,0.0,1.0,2.0,9.0,1.0
NAM,2019,7,18.0,2.0,0.0,0.0,2.0,16.0,1.0
NAM,2019,8,5.0,0.0,0.0,0.0,0.0,5.0,
NAM,2019,9,12.0,0.0,0.0,0.0,0.0,12.0,
NAM,2019,10,7.0,2.0,0.0,0.0,2.0,5.0,
NAM,2019,11,6.0,4.0,0.0,0.0,4.0,2.0,
NAM,2019,12,2.0,1.0,0.0,0.0,1.0,1.0,
NAM,2020,1,25.0,2.0,0.0,1.0,3.0,22.0,1.0
NAM,2020,2,35.0,5.0,0.0,1.0,6.0,29.0,3.0
NAM,2020,3,54.0,6.0,0.0,0.0,6.0,48.0,
NAM,2020,4,20.0,2.0,0.0,0.0,2.0,18.0,
NAM,2020,5,27.0,5.0,0.0,0.0,5.0,22.0,
NAM,2020,6,18.0,1.0,0.0,0.0,1.0,17.0,
NAM,2020,7,11.0,0.0,0.0,0.0,0.0,11.0,
NAM,2020,8,10.0,0.0,0.0,0.0,0.0,10.0,
NAM,2020,9,8.0,0.0,0.0,0.0,0.0,8.0,
NAM,2020,10,4.0,0.0,0.0,0.0,0.0,4.0,
NAM,2020,11,7.0,0.0,0.0,0.0,0.0,7.0,
NAM,2021,1,13.0,2.0,0.0,0.0,2.0,11.0,
NAM,2021,2,6.0,0.0,0.0,0.0,0.0,6.0,
NAM,2021,3,18.0,4.0,0.0,0.0,4.0,14.0,1.0
NAM,2021,4,10.0,1.0,0.0,1.0,2.0,8.0,
NAM,2021,5,13.0,0.0,0.0,0.0,0.0,13.0,
NAM,2021,6,21.0,0.0,0.0,0.0,0.0,21.0,
NAM,2021,7,6.0,0.0,0.0,0.0,0.0,6.0,
NAM,2021,8,10.0,0.0,0.0,0.0,0.0,10.0,
NAM,2021,9,9.0,0.0,0.0,0.0,0.0,9.0,1.0
NAM,2021,10,17.0,0.0,0.0,0.0,0.0,17.0,
NAM,2021,11,6.0,0.0,0.0,0.0,0.0,6.0,
NAM,2022,1,6.0,1.0,0.0,0.0,1.0,5.0,
NAM,2022,2,18.0,3.0,0.0,1.0,4.0,14.0,
NAM,2022,3,17.0,2.0,0.0,0.0,2.0,15.0,
NAM,2022,4,29.0,6.0,2.0,4.0,12.0,17.0,1.0
NAM,2022,5,18.0,1.0,0.0,3.0,4.0,14.0,
NAM,2022,6,66.0,4.0,0.0,1.0,5.0,61.0,3.0
NAM,2022,7,27.0,2.0,0.0,2.0,4.0,23.0,1.0
NAM,2022,8,19.0,7.0,0.0,2.0,9.0,10.0,
NAM,2022,9,20.0,11.0,0.0,0.0,11.0,9.0,
NAM,2022,10,10.0,1.0,0.0,3.0,4.0,6.0,
NAM,2022,11,17.0,0.0,0.0,3.0,3.0,14.0,1.0
NAM,2022,12,2.0,0.0,0.0,0.0,0.0,2.0,
NAM,2023,1,64.0,3.0,0.0,2.0,5.0,59.0,1.0
NAM,2023,2,45.0,1.0,0.0,0.0,1.0,44.0,
NAM,2023,3,42.0,2.0,0.0,1.0,3.0,39.0,
NAM,2023,4,27.0,2.0,0.0,2.0,4.0,23.0,
NAM,2023,5,72.0,2.0,0.0,6.0,8.0,64.0,3.0
NAM,2023,6,32.0,2.0,0.0,0.0,2.0,30.0,4.0
NAM,2023,7,29.0,0.0,0.0,2.0,2.0,27.0,
NAM,2023,8,27.0,5.0,0.0,0.0,5.0,22.0,
NAM,2023,9,35.0,0.0,0.0,4.0,4.0,31.0,1.0
NAM,2023,10,24.0,2.0,0.0,2.0,4.0,20.0,
NAM,2023,11,9.0,2.0,0.0,1.0,3.0,6.0,
NAM,2024,1,115.0,22.0,0.0,3.0,25.0,90.0,1.0
NAM,2024,2,47.0,0.0,0.0,0.0,0.0,47.0,
NAM,2024,3,47.0,2.0,0.0,2.0,4.0,43.0,
NAM,2024,4,94.0,4.0,0.0,6.0,10.0,84.0,
NAM,2024,5,63.0,1.0,0.0,4.0,5.0,58.0,1.0
NAM,2024,6,95.0,8.0,0.0,4.0,12.0,83.0,2.0
NAM,2024,7,60.0,0.0,0.0,4.0,4.0,56.0,1.0
NAM,2024,8,14.0,5.0,0.0,0.0,5.0,9.0,
NAM,2024,9,17.0,3.0,0.0,0.0,3.0,14.0,
NAM,2024,10,12.0,1.0,0.0,0.0,1.0,11.0,
NAM,2024,11,16.0,1.0,0.0,0.0,1.0,15.0,
NAM,2024,12,7.0,4.0,0.0,0.0,4.0,3.0,
NAM,2025,1,76.0,3.0,0.0,5.0,8.0,68.0,8.0
NAM,2025,2,84.0,4.0,0.0,0.0,4.0,80.0,3.0
NAM,2025,3,73.0,1.0,0.0,2.0,3.0,70.0,1.0
NAM,2025,4,89.0,4.0,0.0,6.0,10.0,79.0,3.0
NAM,2025,5,70.0,2.0,0.0,1.0,3.0,67.0,4.0
NAM,2025,6,45.0,2.0,1.0,3.0,6.0,39.0,5.0
NAM,2025,7,46.0,1.0,0.0,0.0,1.0,45.0,10.0
NAM,2025,8,47.0,2.0,0.0,11.0,13.0,34.0,7.0
NAM,2025,9,175.0,13.0,0.0,50.0,63.0,112.0,27.0
NAM,2025,10,357.0,31.0,8.0,71.0,110.0,247.0,47.0
NAM,2025,11,225.0,12.0,4.0,16.0,32.0,193.0,29.0
NAM,2025,12,104.0,1.0,3.0,2.0,6.0,98.0,50.0
NAM,2026,1,103.0,4.0,0.0,12.0,16.0,87.0,11.0
NAM,2026,2,65.0,2.0,0.0,7.0,9.0,56.0,12.0
NAM,2026,3,89.0,1.0,0.0,4.0,5.0,84.0,20.0
NAM,2026,4,96.0,11.0,0.0,2.0,13.0,83.0,14.0
NAM,2026,5,64.0,19.0,0.0,1.0,20.0,44.0,9.0
NAM,2026,6,210.0,114.0,1.0,12.0,127.0,83.0,14.0
NAM,2026,7,167.0,80.0,0.0,0.0,80.0,87.0,28.0
NAM,2026,8,1.0,0.0,0.0,0.0,0.0,1.0,
NER,2012,1,86.0,0.0,0.0,50.0,50.0,36.0,2.0
NER,2012,2,226.0,28.0,0.0,76.0,104.0,122.0,22.0
NER,2012,3,418.0,42.0,0.0,124.0,166.0,252.0,72.0
NER,2012,4,144.0,2.0,0.0,44.0,46.0,98.0,54.0
NER,2012,5,164.0,10.0,0.0,116.0,126.0,38.0,
NER,2012,6,66.0,4.0,0.0,40.0,44.0,22.0,4.0
NER,2012,7,16.0,0.0,0.0,14.0,14.0,2.0,
NER,2012,8,10.0,0.0,0.0,8.0,8.0,2.0,
NER,2012,9,17.0,0.0,0.0,9.0,9.0,8.0,
NER,2012,10,6.0,0.0,0.0,4.0,4.0,2.0,
NER,2012,11,42.0,4.0,0.0,14.0,18.0,24.0,
NER,2012,12,5.0,1.0,0.0,3.0,4.0,1.0,
NER,2013,1,106.0,6.0,0.0,66.0,72.0,34.0,
NER,2013,2,139.0,21.0,0.0,72.0,93.0,46.0,1.0
NER,2013,3,343.0,29.0,0.0,174.0,203.0,140.0,4.0
NER,2013,4,336.0,28.0,0.0,198.0,226.0,110.0,1.0
NER,2013,5,177.0,18.0,0.0,102.0,120.0,57.0,
NER,2013,6,26.0,0.0,0.0,21.0,21.0,5.0,
NER,2013,7,17.0,1.0,0.0,13.0,14.0,3.0,
NER,2013,8,2.0,0.0,0.0,2.0,2.0,0.0,
NER,2013,9,1.0,1.0,0.0,0.0,1.0,0.0,
NER,2013,10,17.0,5.0,0.0,11.0,16.0,1.0,
NER,2013,11,14.0,1.0,0.0,12.0,13.0,1.0,
NER,2013,12,10.0,0.0,0.0,9.0,9.0,1.0,
NER,2014,1,56.0,5.0,0.0,26.0,31.0,25.0,2.0
NER,2014,2,62.0,4.0,0.0,37.0,41.0,21.0,
NER,2014,3,143.0,18.0,0.0,85.0,103.0,40.0,1.0
NER,2014,4,118.0,79.0,0.0,22.0,101.0,17.0,1.0
NER,2014,5,68.0,7.0,0.0,35.0,42.0,26.0,4.0
NER,2014,6,9.0,0.0,0.0,7.0,7.0,2.0,
NER,2014,7,6.0,0.0,0.0,5.0,5.0,1.0,
NER,2014,8,2.0,0.0,0.0,2.0,2.0,0.0,
NER,2014,9,2.0,1.0,0.0,1.0,2.0,0.0,
NER,2014,10,9.0,9.0,0.0,0.0,9.0,0.0,
NER,2014,11,11.0,6.0,0.0,3.0,9.0,2.0,
NER,2014,12,27.0,12.0,0.0,13.0,25.0,2.0,
NER,2015,1,23.0,4.0,0.0,13.0,17.0,6.0,
NER,2015,2,115.0,1.0,0.0,80.0,81.0,34.0,1.0
NER,2015,3,228.0,59.0,0.0,87.0,146.0,82.0,1.0
NER,2015,4,305.0,110.0,0.0,84.0,194.0,111.0,16.0
NER,2015,5,191.0,23.0,0.0,67.0,90.0,101.0,5.0
NER,2015,6,37.0,8.0,0.0,15.0,23.0,14.0,1.0
NER,2015,7,16.0,0.0,0.0,9.0,9.0,7.0,
NER,2015,8,12.0,0.0,0.0,7.0,7.0,5.0,
NER,2015,9,10.0,5.0,0.0,4.0,9.0,1.0,
NER,2015,10,73.0,15.0,0.0,40.0,55.0,18.0,
NER,2015,11,92.0,16.0,0.0,61.0,77.0,15.0,
NER,2015,12,59.0,13.0,0.0,35.0,48.0,11.0,
NER,2016,1,117.0,9.0,0.0,81.0,90.0,27.0,
NER,2016,2,187.0,28.0,0.0,108.0,136.0,51.0,10.0
NER,2016,3,322.0,91.0,0.0,155.0,246.0,76.0,2.0
NER,2016,4,211.0,46.0,0.0,105.0,151.0,60.0,11.0
NER,2016,5,106.0,40.0,0.0,44.0,84.0,22.0,1.0
NER,2016,6,12.0,5.0,0.0,4.0,9.0,3.0,
NER,2016,7,19.0,4.0,0.0,12.0,16.0,3.0,
NER,2016,8,4.0,4.0,0.0,0.0,4.0,0.0,
NER,2016,9,4.0,2.0,0.0,1.0,3.0,1.0,
NER,2016,10,19.0,6.0,0.0,12.0,18.0,1.0,
NER,2016,11,3.0,0.0,0.0,2.0,2.0,1.0,
NER,2016,12,15.0,3.0,0.0,8.0,11.0,4.0,
NER,2017,1,43.0,7.0,0.0,28.0,35.0,8.0,
NER,2017,2,71.0,17.0,0.0,32.0,49.0,22.0,
NER,2017,3,142.0,21.0,0.0,56.0,77.0,65.0,
NER,2017,4,110.0,14.0,0.0,40.0,54.0,56.0,10.0
NER,2017,5,109.0,29.0,0.0,56.0,85.0,24.0,
NER,2017,6,31.0,4.0,0.0,19.0,23.0,8.0,
NER,2017,7,20.0,2.0,0.0,15.0,17.0,3.0,
NER,2017,8,10.0,0.0,0.0,8.0,8.0,2.0,
NER,2017,9,32.0,1.0,0.0,12.0,13.0,19.0,
NER,2017,10,5.0,1.0,0.0,0.0,1.0,4.0,
NER,2017,11,6.0,1.0,0.0,3.0,4.0,2.0,
NER,2017,12,26.0,26.0,0.0,0.0,26.0,0.0,
NER,2018,1,68.0,18.0,0.0,32.0,50.0,18.0,1.0
NER,2018,2,210.0,26.0,0.0,105.0,131.0,79.0,3.0
NER,2018,3,278.0,114.0,0.0,67.0,181.0,97.0,15.0
NER,2018,4,358.0,356.0,0.0,0.0,356.0,2.0,
NER,2018,5,239.0,227.0,0.0,8.0,235.0,4.0,
NER,2018,6,130.0,94.0,0.0,28.0,122.0,8.0,
NER,2018,7,93.0,52.0,0.0,31.0,83.0,10.0,
NER,2018,8,51.0,40.0,0.0,5.0,45.0,6.0,
NER,2018,9,76.0,67.0,0.0,7.0,74.0,2.0,
NER,2018,10,101.0,75.0,0.0,22.0,97.0,4.0,
NER,2018,11,79.0,54.0,0.0,17.0,71.0,8.0,
NER,2019,1,321.0,140.0,0.0,133.0,273.0,48.0,2.0
NER,2019,2,362.0,285.0,0.0,58.0,343.0,19.0,
NER,2019,3,728.0,704.0,0.0,20.0,724.0,4.0,
NER,2019,4,714.0,631.0,0.0,61.0,692.0,22.0,1.0
NER,2019,5,380.0,291.0,0.0,55.0,346.0,34.0,3.0
NER,2019,6,110.0,55.0,0.0,39.0,94.0,16.0,
NER,2019,7,23.0,10.0,0.0,8.0,18.0,5.0,
NER,2019,8,31.0,15.0,0.0,14.0,29.0,2.0,
NER,2019,9,17.0,6.0,0.0,10.0,16.0,1.0,
NER,2019,10,2.0,2.0,0.0,0.0,2.0,0.0,
NER,2019,11,19.0,18.0,0.0,0.0,18.0,1.0,
NER,2019,12,13.0,13.0,0.0,0.0,13.0,0.0,
NER,2020,1,200.0,17.0,0.0,106.0,123.0,77.0,15.0
NER,2020,2,319.0,57.0,0.0,146.0,203.0,116.0,3.0
NER,2020,3,337.0,63.0,0.0,157.0,220.0,117.0,6.0
NER,2020,4,200.0,24.0,0.0,119.0,143.0,57.0,2.0
NER,2020,5,77.0,8.0,0.0,55.0,63.0,14.0,
NER,2020,6,31.0,18.0,0.0,10.0,28.0,3.0,
NER,2020,7,9.0,7.0,0.0,2.0,9.0,0.0,
NER,2020,8,33.0,19.0,0.0,6.0,25.0,8.0,
NER,2020,9,10.0,9.0,0.0,0.0,9.0,1.0,
NER,2020,10,15.0,15.0,0.0,0.0,15.0,0.0,
NER,2020,11,7.0,4.0,0.0,3.0,7.0,0.0,
NER,2020,12,4.0,0.0,0.0,4.0,4.0,0.0,
NER,2021,1,249.0,2.0,0.0,54.0,56.0,193.0,3.0
NER,2021,2,446.0,19.0,0.0,156.0,175.0,271.0,5.0
NER,2021,3,622.0,6.0,0.0,231.0,237.0,385.0,29.0
NER,2021,4,419.0,8.0,0.0,96.0,104.0,315.0,49.0
NER,2021,5,211.0,8.0,0.0,28.0,36.0,175.0,10.0
NER,2021,6,54.0,2.0,0.0,11.0,13.0,41.0,
NER,2021,7,29.0,1.0,0.0,13.0,14.0,15.0,
NER,2021,8,34.0,2.0,0.0,25.0,27.0,7.0,
NER,2021,9,32.0,0.0,0.0,27.0,27.0,5.0,
NER,2021,10,18.0,2.0,0.0,12.0,14.0,4.0,
NER,2021,11,38.0,5.0,0.0,24.0,29.0,9.0,
NER,2021,12,122.0,13.0,0.0,43.0,56.0,66.0,1.0
NER,2022,1,254.0,31.0,0.0,87.0,118.0,136.0,36.0
NER,2022,2,598.0,66.0,0.0,178.0,244.0,354.0,139.0
NER,2022,3,569.0,116.0,0.0,211.0,327.0,242.0,77.0
NER,2022,4,350.0,72.0,0.0,105.0,177.0,173.0,57.0
NER,2022,5,196.0,73.0,0.0,29.0,102.0,94.0,10.0
NER,2022,6,87.0,60.0,0.0,27.0,87.0,0.0,
NER,2022,7,36.0,14.0,0.0,22.0,36.0,0.0,
NER,2022,8,27.0,12.0,0.0,6.0,18.0,9.0,
NER,2022,9,25.0,2.0,0.0,8.0,10.0,15.0,1.0
NER,2022,10,30.0,2.0,0.0,13.0,15.0,15.0,
NER,2022,11,46.0,2.0,0.0,25.0,27.0,19.0,3.0
NER,2022,12,57.0,5.0,0.0,31.0,36.0,21.0,1.0
NER,2023,1,81.0,7.0,0.0,27.0,34.0,47.0,26.0
NER,2023,2,178.0,9.0,0.0,102.0,111.0,67.0,4.0
NER,2023,3,222.0,8.0,23.0,117.0,148.0,74.0,6.0
NER,2023,4,180.0,6.0,2.0,123.0,131.0,49.0,1.0
NER,2023,5,287.0,14.0,0.0,155.0,169.0,118.0,
NER,2023,6,45.0,6.0,0.0,24.0,30.0,15.0,
NER,2023,7,31.0,0.0,0.0,4.0,4.0,27.0,
NER,2023,8,45.0,0.0,1.0,41.0,42.0,3.0,
NER,2023,9,19.0,2.0,0.0,9.0,11.0,8.0,6.0
NER,2023,10,2.0,0.0,0.0,0.0,0.0,2.0,2.0
NER,2024,1,139.0,5.0,0.0,94.0,99.0,40.0,2.0
NER,2024,2,289.0,17.0,0.0,167.0,184.0,105.0,
NER,2024,3,439.0,111.0,0.0,254.0,365.0,74.0,
NER,2024,4,495.0,150.0,0.0,299.0,449.0,46.0,
NER,2024,5,251.0,118.0,0.0,115.0,233.0,18.0,
NER,2024,6,57.0,3.0,0.0,47.0,50.0,7.0,
NER,2024,7,35.0,2.0,0.0,19.0,21.0,14.0,
NER,2024,8,12.0,2.0,0.0,5.0,7.0,5.0,
NER,2024,9,32.0,3.0,0.0,23.0,26.0,6.0,
NER,2024,10,62.0,7.0,0.0,45.0,52.0,10.0,
NER,2024,11,88.0,25.0,0.0,50.0,75.0,13.0,
NER,2024,12,136.0,124.0,0.0,8.0,132.0,4.0,
NER,2025,1,458.0,7.0,0.0,298.0,305.0,153.0,50.0
NER,2025,2,732.0,28.0,0.0,270.0,298.0,434.0,232.0
NER,2025,3,598.0,13.0,1.0,146.0,160.0,438.0,250.0
NER,2025,4,420.0,36.0,9.0,159.0,204.0,216.0,151.0
NER,2025,5,87.0,3.0,6.0,26.0,35.0,52.0,45.0
NER,2025,6,47.0,1.0,0.0,32.0,33.0,14.0,1.0
NER,2025,7,31.0,0.0,0.0,11.0,11.0,20.0,3.0
NER,2025,8,26.0,0.0,0.0,3.0,3.0,23.0,19.0
NER,2025,9,21.0,1.0,0.0,1.0,2.0,19.0,14.0
NER,2025,10,36.0,1.0,0.0,9.0,10.0,26.0,23.0
NER,2025,11,47.0,0.0,0.0,19.0,19.0,28.0,25.0
NER,2025,12,124.0,1.0,0.0,19.0,20.0,104.0,64.0
NER,2026,1,411.0,6.0,0.0,293.0,299.0,112.0,11.0
NER,2026,2,671.0,12.0,0.0,330.0,342.0,329.0,211.0
NER,2026,3,450.0,15.0,0.0,152.0,167.0,283.0,94.0
NER,2026,4,251.0,8.0,0.0,100.0,108.0,143.0,10.0
NER,2026,5,132.0,6.0,0.0,54.0,60.0,72.0,8.0
NER,2026,6,65.0,2.0,0.0,20.0,22.0,43.0,21.0
NER,2026,7,25.0,0.0,0.0,0.0,0.0,25.0,24.0
NER,2026,8,4.0,0.0,0.0,1.0,1.0,3.0,1.0
NGA,2012,1,743.0,48.0,207.0,76.0,331.0,412.0,27.0
NGA,2012,2,1499.0,120.0,529.0,137.0,786.0,713.0,58.0
NGA,2012,3,1732.0,118.0,776.0,162.0,1056.0,676.0,70.0
NGA,2012,4,940.0,60.0,329.0,117.0,506.0,434.0,35.0
NGA,2012,5,609.0,36.0,32.0,101.0,169.0,440.0,12.0
NGA,2012,6,417.0,30.0,0.0,81.0,111.0,306.0,6.0
NGA,2012,7,444.0,25.0,0.0,74.0,99.0,345.0,9.0
NGA,2012,8,489.0,47.0,0.0,80.0,127.0,362.0,6.0
NGA,2012,9,381.0,60.0,1.0,84.0,145.0,236.0,3.0
NGA,2012,10,404.0,76.0,0.0,55.0,131.0,273.0,
NGA,2012,11,454.0,255.0,0.0,37.0,292.0,162.0,
NGA,2012,12,205.0,194.0,0.0,1.0,195.0,10.0,
NGA,2013,1,7208.0,695.0,5388.0,525.0,6608.0,600.0,12.0
NGA,2013,2,12938.0,2151.0,9445.0,650.0,12246.0,692.0,17.0
NGA,2013,3,18521.0,2787.0,14361.0,649.0,17797.0,724.0,12.0
NGA,2013,4,9933.0,1479.0,7488.0,449.0,9416.0,517.0,5.0
NGA,2013,5,4787.0,1444.0,2577.0,372.0,4393.0,394.0,9.0
NGA,2013,6,1800.0,742.0,452.0,313.0,1507.0,293.0,5.0
NGA,2013,7,1261.0,627.0,46.0,299.0,972.0,289.0,5.0
NGA,2013,8,812.0,552.0,28.0,107.0,687.0,125.0,
NGA,2013,9,603.0,496.0,7.0,40.0,543.0,60.0,2.0
NGA,2013,10,574.0,516.0,2.0,35.0,553.0,21.0,
NGA,2013,11,518.0,478.0,0.0,29.0,507.0,11.0,
NGA,2013,12,221.0,219.0,0.0,0.0,219.0,2.0,
NGA,2014,1,1945.0,686.0,602.0,272.0,1560.0,385.0,12.0
NGA,2014,2,2071.0,1165.0,530.0,186.0,1881.0,190.0,13.0
NGA,2014,3,1480.0,878.0,241.0,166.0,1285.0,195.0,21.0
NGA,2014,4,805.0,568.0,51.0,68.0,687.0,118.0,
NGA,2014,5,546.0,386.0,7.0,58.0,451.0,95.0,2.0
NGA,2014,6,464.0,250.0,2.0,36.0,288.0,176.0,3.0
NGA,2014,7,433.0,49.0,0.0,20.0,69.0,364.0,5.0
NGA,2014,8,371.0,43.0,3.0,33.0,79.0,292.0,12.0
NGA,2014,9,341.0,20.0,0.0,33.0,53.0,288.0,17.0
NGA,2014,10,383.0,86.0,1.0,28.0,115.0,268.0,3.0
NGA,2014,11,334.0,233.0,0.0,11.0,244.0,90.0,
NGA,2014,12,170.0,136.0,0.0,9.0,145.0,25.0,
NGA,2015,1,998.0,207.0,355.0,79.0,641.0,357.0,23.0
NGA,2015,2,2164.0,518.0,858.0,182.0,1558.0,606.0,87.0
NGA,2015,3,2660.0,761.0,997.0,169.0,1927.0,733.0,116.0
NGA,2015,4,2315.0,683.0,789.0,214.0,1686.0,629.0,85.0
NGA,2015,5,1992.0,284.0,918.0,188.0,1390.0,602.0,56.0
NGA,2015,6,1560.0,318.0,381.0,233.0,932.0,628.0,47.0
NGA,2015,7,1092.0,442.0,104.0,145.0,691.0,401.0,33.0
NGA,2015,8,676.0,523.0,11.0,65.0,599.0,77.0,2.0
NGA,2015,9,696.0,628.0,0.0,36.0,664.0,32.0,1.0
NGA,2015,10,1015.0,934.0,0.0,35.0,969.0,46.0,
NGA,2015,11,948.0,890.0,1.0,33.0,924.0,24.0,
NGA,2015,12,418.0,398.0,0.0,12.0,410.0,8.0,
NGA,2016,1,3028.0,1352.0,1033.0,253.0,2638.0,390.0,49.0
NGA,2016,2,5071.0,1380.0,2113.0,454.0,3947.0,1124.0,160.0
NGA,2016,3,3980.0,1305.0,1416.0,331.0,3052.0,928.0,133.0
NGA,2016,4,2205.0,1213.0,523.0,87.0,1823.0,382.0,102.0
NGA,2016,5,1590.0,1282.0,236.0,29.0,1547.0,43.0,7.0
NGA,2016,6,1008.0,892.0,66.0,14.0,972.0,36.0,3.0
NGA,2016,7,704.0,683.0,13.0,3.0,699.0,5.0,
NGA,2016,8,977.0,969.0,6.0,1.0,976.0,1.0,
NGA,2016,9,843.0,554.0,222.0,5.0,781.0,62.0,2.0
NGA,2016,10,858.0,427.0,116.0,38.0,581.0,277.0,7.0
NGA,2016,11,697.0,217.0,56.0,43.0,316.0,381.0,2.0
NGA,2016,12,407.0,211.0,4.0,34.0,249.0,158.0,
NGA,2017,1,1913.0,280.0,600.0,262.0,1142.0,771.0,18.0
NGA,2017,2,2000.0,396.0,536.0,210.0,1142.0,858.0,36.0
NGA,2017,3,2725.0,1135.0,525.0,253.0,1913.0,812.0,74.0
NGA,2017,4,1737.0,1027.0,431.0,90.0,1548.0,189.0,43.0
NGA,2017,5,1355.0,946.0,248.0,37.0,1231.0,124.0,20.0
NGA,2017,6,1351.0,736.0,249.0,56.0,1041.0,310.0,20.0
NGA,2017,7,1198.0,483.0,111.0,102.0,696.0,502.0,23.0
NGA,2017,8,971.0,588.0,108.0,109.0,805.0,166.0,11.0
NGA,2017,9,854.0,528.0,58.0,110.0,696.0,158.0,4.0
NGA,2017,10,1118.0,281.0,136.0,161.0,578.0,540.0,12.0
NGA,2017,11,761.0,99.0,18.0,125.0,242.0,519.0,14.0
NGA,2017,12,429.0,75.0,0.0,79.0,154.0,275.0,15.0
NGA,2018,1,1494.0,893.0,149.0,175.0,1217.0,277.0,18.0
NGA,2018,2,1855.0,1111.0,157.0,187.0,1455.0,400.0,41.0
NGA,2018,3,2504.0,1104.0,287.0,309.0,1700.0,804.0,83.0
NGA,2018,4,1546.0,525.0,129.0,193.0,847.0,699.0,103.0
NGA,2018,5,868.0,186.0,4.0,122.0,312.0,556.0,57.0
NGA,2018,6,704.0,186.0,0.0,42.0,228.0,476.0,26.0
NGA,2018,7,791.0,97.0,3.0,64.0,164.0,627.0,61.0
NGA,2018,8,586.0,35.0,0.0,50.0,85.0,501.0,43.0
NGA,2018,9,562.0,84.0,0.0,31.0,115.0,447.0,31.0
NGA,2018,10,680.0,170.0,0.0,36.0,206.0,474.0,20.0
NGA,2018,11,643.0,283.0,0.0,44.0,327.0,316.0,20.0
NGA,2018,12,509.0,135.0,0.0,45.0,180.0,329.0,17.0
NGA,2019,1,3769.0,540.0,2190.0,274.0,3004.0,765.0,118.0
NGA,2019,2,5966.0,2251.0,2408.0,276.0,4935.0,1031.0,175.0
NGA,2019,3,8912.0,2300.0,4640.0,404.0,7344.0,1568.0,411.0
NGA,2019,4,7102.0,1359.0,4087.0,362.0,5808.0,1294.0,308.0
NGA,2019,5,4441.0,2925.0,350.0,295.0,3570.0,871.0,151.0
NGA,2019,6,2017.0,1000.0,123.0,202.0,1325.0,692.0,90.0
NGA,2019,7,1506.0,618.0,14.0,193.0,825.0,681.0,117.0
NGA,2019,8,826.0,134.0,42.0,142.0,318.0,508.0,86.0
NGA,2019,9,841.0,52.0,13.0,240.0,305.0,536.0,35.0
NGA,2019,10,853.0,70.0,2.0,268.0,340.0,513.0,38.0
NGA,2019,11,1015.0,81.0,2.0,209.0,292.0,723.0,51.0
NGA,2019,12,643.0,30.0,1.0,205.0,236.0,407.0,44.0
NGA,2020,1,3048.0,1555.0,311.0,549.0,2415.0,633.0,78.0
NGA,2020,2,4152.0,2053.0,341.0,652.0,3046.0,1106.0,289.0
NGA,2020,3,3868.0,2131.0,97.0,632.0,2860.0,1008.0,293.0
NGA,2020,4,1162.0,603.0,37.0,191.0,831.0,331.0,68.0
NGA,2020,5,443.0,87.0,4.0,110.0,201.0,242.0,23.0
NGA,2020,6,369.0,67.0,1.0,73.0,141.0,228.0,14.0
NGA,2020,7,336.0,67.0,2.0,64.0,133.0,203.0,8.0
NGA,2020,8,344.0,49.0,3.0,66.0,118.0,226.0,6.0
NGA,2020,9,416.0,63.0,6.0,71.0,140.0,276.0,7.0
NGA,2020,10,397.0,96.0,0.0,42.0,138.0,259.0,4.0
NGA,2020,11,407.0,87.0,0.0,36.0,123.0,284.0,3.0
NGA,2020,12,241.0,60.0,0.0,21.0,81.0,160.0,2.0
NGA,2021,1,1023.0,497.0,19.0,174.0,690.0,333.0,17.0
NGA,2021,2,1296.0,515.0,218.0,145.0,878.0,418.0,14.0
NGA,2021,3,1679.0,728.0,296.0,137.0,1161.0,518.0,32.0
NGA,2021,4,2047.0,1168.0,162.0,181.0,1511.0,536.0,39.0
NGA,2021,5,1930.0,1131.0,61.0,192.0,1384.0,546.0,25.0
NGA,2021,6,1523.0,900.0,0.0,149.0,1049.0,474.0,18.0
NGA,2021,7,1444.0,815.0,0.0,141.0,956.0,488.0,22.0
NGA,2021,8,1177.0,524.0,0.0,143.0,667.0,510.0,25.0
NGA,2021,9,1154.0,611.0,0.0,145.0,756.0,398.0,13.0
NGA,2021,10,1115.0,539.0,0.0,124.0,663.0,452.0,13.0
NGA,2021,11,979.0,339.0,0.0,178.0,517.0,462.0,10.0
NGA,2021,12,922.0,542.0,0.0,97.0,639.0,283.0,1.0
NGA,2022,1,5800.0,3900.0,159.0,667.0,4726.0,1074.0,108.0
NGA,2022,2,7186.0,4278.0,301.0,962.0,5541.0,1645.0,241.0
NGA,2022,3,7128.0,3392.0,539.0,1173.0,5104.0,2024.0,264.0
NGA,2022,4,3301.0,1490.0,43.0,606.0,2139.0,1162.0,98.0
NGA,2022,5,2402.0,760.0,2.0,399.0,1161.0,1241.0,42.0
NGA,2022,6,1220.0,244.0,0.0,232.0,476.0,744.0,21.0
NGA,2022,7,928.0,173.0,0.0,176.0,349.0,579.0,15.0
NGA,2022,8,816.0,90.0,1.0,131.0,222.0,594.0,29.0
NGA,2022,9,785.0,136.0,6.0,95.0,237.0,548.0,18.0
NGA,2022,10,1093.0,178.0,3.0,90.0,271.0,822.0,21.0
NGA,2022,11,1101.0,141.0,28.0,69.0,238.0,863.0,22.0
NGA,2022,12,847.0,224.0,0.0,60.0,284.0,563.0,16.0
NGA,2023,1,2753.0,487.0,1215.0,311.0,2013.0,740.0,65.0
NGA,2023,2,2454.0,845.0,568.0,236.0,1649.0,805.0,77.0
NGA,2023,3,3409.0,2042.0,92.0,261.0,2395.0,1014.0,186.0
NGA,2023,4,2645.0,1456.0,68.0,223.0,1747.0,898.0,136.0
NGA,2023,5,2450.0,1357.0,44.0,197.0,1598.0,852.0,72.0
NGA,2023,6,1784.0,984.0,23.0,106.0,1113.0,671.0,51.0
NGA,2023,7,1095.0,441.0,34.0,138.0,613.0,482.0,36.0
NGA,2023,8,799.0,213.0,28.0,80.0,321.0,478.0,33.0
NGA,2023,9,591.0,58.0,27.0,111.0,196.0,395.0,30.0
NGA,2023,10,759.0,26.0,36.0,183.0,245.0,514.0,18.0
NGA,2023,11,794.0,42.0,40.0,118.0,200.0,594.0,24.0
NGA,2023,12,503.0,18.0,34.0,82.0,134.0,369.0,12.0
NGA,2024,1,3193.0,262.0,1758.0,428.0,2448.0,745.0,46.0
NGA,2024,2,3240.0,782.0,423.0,592.0,1797.0,1443.0,91.0
NGA,2024,3,3399.0,1235.0,151.0,478.0,1864.0,1535.0,220.0
NGA,2024,4,2708.0,1255.0,159.0,253.0,1667.0,1041.0,88.0
NGA,2024,5,2231.0,1063.0,34.0,182.0,1279.0,952.0,40.0
NGA,2024,6,1105.0,374.0,0.0,139.0,513.0,592.0,38.0
NGA,2024,7,982.0,297.0,0.0,113.0,410.0,572.0,33.0
NGA,2024,8,811.0,193.0,0.0,113.0,306.0,505.0,20.0
NGA,2024,9,760.0,124.0,0.0,130.0,254.0,506.0,16.0
NGA,2024,10,664.0,77.0,0.0,107.0,184.0,480.0,17.0
NGA,2024,11,695.0,52.0,0.0,76.0,128.0,567.0,31.0
NGA,2024,12,245.0,82.0,0.0,16.0,98.0,147.0,11.0
NGA,2025,1,2931.0,575.0,774.0,474.0,1823.0,1108.0,248.0
NGA,2025,2,3948.0,1141.0,658.0,675.0,2474.0,1474.0,324.0
NGA,2025,3,5606.0,3461.0,263.0,571.0,4295.0,1311.0,256.0
NGA,2025,4,3289.0,1898.0,234.0,337.0,2469.0,820.0,182.0
NGA,2025,5,4101.0,3145.0,71.0,270.0,3486.0,615.0,104.0
NGA,2025,6,2394.0,1790.0,13.0,120.0,1923.0,471.0,70.0
NGA,2025,7,1719.0,1162.0,0.0,144.0,1306.0,413.0,71.0
NGA,2025,8,1701.0,1076.0,0.0,111.0,1187.0,514.0,171.0
NGA,2025,9,746.0,158.0,0.0,72.0,230.0,516.0,211.0
NGA,2025,10,403.0,3.0,0.0,25.0,28.0,375.0,265.0
NGA,2025,11,460.0,0.0,0.0,4.0,4.0,456.0,445.0
NGA,2025,12,132.0,0.0,0.0,0.0,0.0,132.0,132.0
NGA,2026,1,1336.0,851.0,74.0,109.0,1034.0,302.0,118.0
NGA,2026,2,1343.0,789.0,77.0,84.0,950.0,393.0,156.0
NGA,2026,3,1122.0,771.0,22.0,42.0,835.0,287.0,133.0
NGA,2026,4,166.0,92.0,0.0,11.0,103.0,63.0,25.0
NGA,2026,5,3.0,1.0,0.0,0.0,1.0,2.0,2.0
RWA,2012,1,20.0,0.0,0.0,0.0,0.0,20.0,1.0
RWA,2012,2,38.0,0.0,0.0,0.0,0.0,38.0,9.0
RWA,2012,3,33.0,0.0,0.0,1.0,1.0,32.0,10.0
RWA,2012,4,22.0,0.0,0.0,0.0,0.0,22.0,2.0
RWA,2012,5,61.0,0.0,0.0,2.0,2.0,59.0,17.0
RWA,2012,6,73.0,0.0,2.0,1.0,3.0,70.0,8.0
RWA,2012,7,86.0,0.0,0.0,0.0,0.0,86.0,25.0
RWA,2012,8,61.0,1.0,0.0,6.0,7.0,54.0,9.0
RWA,2012,9,77.0,1.0,33.0,4.0,38.0,39.0,10.0
RWA,2012,10,81.0,0.0,2.0,2.0,4.0,77.0,29.0
RWA,2012,11,126.0,3.0,13.0,6.0,22.0,104.0,44.0
RWA,2012,12,65.0,23.0,2.0,1.0,26.0,39.0,5.0
RWA,2013,1,101.0,0.0,0.0,6.0,6.0,95.0,1.0
RWA,2013,2,74.0,0.0,0.0,5.0,5.0,69.0,7.0
RWA,2013,3,56.0,0.0,0.0,0.0,0.0,56.0,6.0
RWA,2013,4,31.0,0.0,0.0,1.0,1.0,30.0,4.0
RWA,2013,5,57.0,0.0,0.0,1.0,1.0,56.0,18.0
RWA,2013,6,45.0,0.0,0.0,0.0,0.0,45.0,5.0
RWA,2013,7,61.0,0.0,0.0,2.0,2.0,59.0,3.0
RWA,2013,8,45.0,0.0,0.0,0.0,0.0,45.0,3.0
RWA,2013,9,67.0,0.0,0.0,1.0,1.0,66.0,2.0
RWA,2013,10,79.0,0.0,0.0,1.0,1.0,78.0,1.0
RWA,2013,11,48.0,0.0,0.0,0.0,0.0,48.0,
RWA,2013,12,27.0,0.0,0.0,0.0,0.0,27.0,
RWA,2014,1,23.0,0.0,0.0,1.0,1.0,22.0,1.0
RWA,2014,2,36.0,0.0,0.0,3.0,3.0,33.0,1.0
RWA,2014,3,36.0,0.0,0.0,0.0,0.0,36.0,3.0
RWA,2014,4,31.0,0.0,0.0,0.0,0.0,31.0,2.0
RWA,2014,5,36.0,0.0,0.0,1.0,1.0,35.0,2.0
RWA,2014,6,33.0,0.0,0.0,0.0,0.0,33.0,
RWA,2014,7,29.0,2.0,0.0,0.0,2.0,27.0,
RWA,2014,8,49.0,0.0,0.0,0.0,0.0,49.0,
RWA,2014,9,49.0,1.0,0.0,0.0,1.0,48.0,1.0
RWA,2014,10,54.0,6.0,0.0,0.0,6.0,48.0,
RWA,2014,11,28.0,0.0,0.0,0.0,0.0,28.0,
RWA,2014,12,40.0,28.0,0.0,0.0,28.0,12.0,
RWA,2015,1,39.0,0.0,0.0,0.0,0.0,39.0,
RWA,2015,2,29.0,0.0,0.0,0.0,0.0,29.0,
RWA,2015,3,40.0,0.0,0.0,1.0,1.0,39.0,
RWA,2015,4,24.0,0.0,0.0,0.0,0.0,24.0,
RWA,2015,5,41.0,0.0,0.0,0.0,0.0,41.0,
RWA,2015,6,26.0,0.0,0.0,0.0,0.0,26.0,
RWA,2015,7,40.0,0.0,0.0,0.0,0.0,40.0,1.0
RWA,2015,8,31.0,0.0,0.0,0.0,0.0,31.0,
RWA,2015,9,47.0,0.0,0.0,0.0,0.0,47.0,
RWA,2015,10,35.0,0.0,0.0,0.0,0.0,35.0,
RWA,2015,11,42.0,0.0,0.0,0.0,0.0,42.0,
RWA,2015,12,33.0,0.0,0.0,0.0,0.0,33.0,
RWA,2016,1,34.0,0.0,0.0,0.0,0.0,34.0,1.0
RWA,2016,2,46.0,0.0,0.0,3.0,3.0,43.0,
RWA,2016,3,48.0,0.0,0.0,5.0,5.0,43.0,
RWA,2016,4,27.0,0.0,0.0,1.0,1.0,26.0,
RWA,2016,5,40.0,0.0,0.0,4.0,4.0,36.0,
RWA,2016,6,36.0,0.0,0.0,0.0,0.0,36.0,
RWA,2016,7,61.0,0.0,0.0,0.0,0.0,61.0,1.0
RWA,2016,8,67.0,0.0,0.0,0.0,0.0,67.0,
RWA,2016,9,61.0,0.0,0.0,4.0,4.0,57.0,1.0
RWA,2016,10,221.0,0.0,0.0,27.0,27.0,194.0,3.0
RWA,2016,11,138.0,1.0,0.0,7.0,8.0,130.0,1.0
RWA,2016,12,129.0,1.0,0.0,6.0,7.0,122.0,7.0
RWA,2017,1,69.0,0.0,0.0,22.0,22.0,47.0,1.0
RWA,2017,2,128.0,0.0,0.0,12.0,12.0,116.0,2.0
RWA,2017,3,106.0,2.0,0.0,15.0,17.0,89.0,2.0
RWA,2017,4,41.0,0.0,0.0,0.0,0.0,41.0,1.0
RWA,2017,5,76.0,0.0,0.0,5.0,5.0,71.0,2.0
RWA,2017,6,69.0,0.0,0.0,1.0,1.0,68.0,
RWA,2017,7,48.0,0.0,0.0,2.0,2.0,46.0,
RWA,2017,8,77.0,2.0,0.0,0.0,2.0,75.0,
RWA,2017,9,138.0,4.0,0.0,1.0,5.0,133.0,
RWA,2017,10,84.0,0.0,0.0,0.0,0.0,84.0,5.0
RWA,2017,11,84.0,5.0,0.0,1.0,6.0,78.0,1.0
RWA,2017,12,47.0,40.0,0.0,0.0,40.0,7.0,
RWA,2018,1,66.0,0.0,0.0,2.0,2.0,64.0,
RWA,2018,2,84.0,0.0,0.0,2.0,2.0,82.0,
RWA,2018,3,64.0,0.0,0.0,0.0,0.0,64.0,
RWA,2018,4,71.0,0.0,0.0,0.0,0.0,71.0,
RWA,2018,5,62.0,0.0,0.0,1.0,1.0,61.0,
RWA,2018,6,52.0,0.0,0.0,0.0,0.0,52.0,1.0
RWA,2018,7,83.0,0.0,0.0,4.0,4.0,79.0,3.0
RWA,2018,8,62.0,0.0,0.0,4.0,4.0,58.0,1.0
RWA,2018,9,139.0,0.0,0.0,0.0,0.0,139.0,
RWA,2018,10,133.0,0.0,0.0,0.0,0.0,133.0,
RWA,2018,11,110.0,0.0,0.0,1.0,1.0,109.0,
RWA,2018,12,82.0,0.0,0.0,20.0,20.0,62.0,
RWA,2019,1,160.0,0.0,0.0,7.0,7.0,153.0,1.0
RWA,2019,2,129.0,1.0,0.0,5.0,6.0,123.0,1.0
RWA,2019,3,165.0,0.0,0.0,3.0,3.0,162.0,
RWA,2019,4,49.0,0.0,0.0,4.0,4.0,45.0,
RWA,2019,5,128.0,1.0,0.0,4.0,5.0,123.0,
RWA,2019,6,110.0,0.0,0.0,1.0,1.0,109.0,
RWA,2019,7,124.0,4.0,0.0,12.0,16.0,108.0,
RWA,2019,8,106.0,0.0,0.0,3.0,3.0,103.0,1.0
RWA,2019,9,65.0,0.0,0.0,0.0,0.0,65.0,
RWA,2019,10,73.0,0.0,0.0,2.0,2.0,71.0,1.0
RWA,2019,11,116.0,0.0,0.0,11.0,11.0,105.0,
RWA,2019,12,74.0,0.0,0.0,9.0,9.0,65.0,
RWA,2020,1,111.0,0.0,0.0,19.0,19.0,92.0,1.0
RWA,2020,2,86.0,0.0,0.0,9.0,9.0,77.0,
RWA,2020,3,54.0,0.0,0.0,2.0,2.0,52.0,2.0
RWA,2020,4,20.0,0.0,0.0,6.0,6.0,14.0,1.0
RWA,2020,5,28.0,0.0,0.0,1.0,1.0,27.0,
RWA,2020,6,107.0,0.0,0.0,39.0,39.0,68.0,
RWA,2020,7,85.0,0.0,0.0,6.0,6.0,79.0,1.0
RWA,2020,8,46.0,0.0,0.0,4.0,4.0,42.0,
RWA,2020,9,62.0,0.0,0.0,1.0,1.0,61.0,2.0
RWA,2020,10,80.0,0.0,0.0,4.0,4.0,76.0,2.0
RWA,2020,11,88.0,0.0,0.0,5.0,5.0,83.0,1.0
RWA,2020,12,75.0,0.0,0.0,6.0,6.0,69.0,1.0
RWA,2021,1,38.0,0.0,0.0,5.0,5.0,33.0,3.0
RWA,2021,2,40.0,0.0,0.0,5.0,5.0,35.0,2.0
RWA,2021,3,56.0,0.0,0.0,1.0,1.0,55.0,2.0
RWA,2021,4,73.0,0.0,0.0,1.0,1.0,72.0,1.0
RWA,2021,5,73.0,0.0,0.0,5.0,5.0,68.0,2.0
RWA,2021,6,67.0,0.0,0.0,2.0,2.0,65.0,1.0
RWA,2021,7,24.0,0.0,0.0,1.0,1.0,23.0,
RWA,2021,8,65.0,0.0,0.0,4.0,4.0,61.0,1.0
RWA,2021,9,70.0,0.0,0.0,5.0,5.0,65.0,1.0
RWA,2021,10,50.0,0.0,0.0,4.0,4.0,46.0,1.0
RWA,2021,11,104.0,0.0,0.0,0.0,0.0,104.0,2.0
RWA,2021,12,61.0,0.0,0.0,2.0,2.0,59.0,2.0
RWA,2022,1,32.0,0.0,0.0,0.0,0.0,32.0,
RWA,2022,2,45.0,0.0,0.0,0.0,0.0,45.0,
RWA,2022,3,113.0,0.0,0.0,2.0,2.0,111.0,
RWA,2022,4,94.0,0.0,0.0,7.0,7.0,87.0,
RWA,2022,5,89.0,0.0,0.0,0.0,0.0,89.0,
RWA,2022,6,30.0,0.0,0.0,1.0,1.0,29.0,
RWA,2022,7,72.0,0.0,0.0,1.0,1.0,71.0,
RWA,2022,8,101.0,0.0,0.0,0.0,0.0,101.0,3.0
RWA,2022,9,118.0,0.0,0.0,6.0,6.0,112.0,
RWA,2022,10,128.0,0.0,0.0,4.0,4.0,124.0,1.0
RWA,2022,11,82.0,0.0,0.0,0.0,0.0,82.0,
RWA,2023,1,129.0,0.0,0.0,0.0,0.0,129.0,
RWA,2023,2,72.0,0.0,0.0,2.0,2.0,70.0,2.0
RWA,2023,3,133.0,0.0,0.0,2.0,2.0,131.0,1.0
RWA,2023,4,84.0,0.0,0.0,4.0,4.0,80.0,3.0
RWA,2023,5,176.0,0.0,0.0,11.0,11.0,165.0,1.0
RWA,2023,6,180.0,0.0,0.0,7.0,7.0,173.0,
RWA,2023,7,135.0,0.0,0.0,13.0,13.0,122.0,1.0
RWA,2023,8,134.0,0.0,0.0,0.0,0.0,134.0,
RWA,2023,9,98.0,0.0,0.0,2.0,2.0,96.0,
RWA,2023,10,33.0,0.0,0.0,0.0,0.0,33.0,
RWA,2023,11,74.0,0.0,0.0,0.0,0.0,74.0,
RWA,2023,12,68.0,0.0,0.0,0.0,0.0,68.0,
RWA,2024,1,101.0,0.0,0.0,0.0,0.0,101.0,
RWA,2024,2,132.0,0.0,0.0,1.0,1.0,131.0,4.0
RWA,2024,3,155.0,0.0,0.0,3.0,3.0,152.0,2.0
RWA,2024,4,153.0,0.0,0.0,4.0,4.0,149.0,4.0
RWA,2024,5,174.0,0.0,0.0,8.0,8.0,166.0,1.0
RWA,2024,6,191.0,0.0,0.0,9.0,9.0,182.0,3.0
RWA,2024,7,146.0,0.0,0.0,2.0,2.0,144.0,1.0
RWA,2024,8,134.0,0.0,0.0,3.0,3.0,131.0,4.0
RWA,2024,9,143.0,0.0,0.0,9.0,9.0,134.0,2.0
RWA,2024,10,140.0,0.0,0.0,2.0,2.0,138.0,
RWA,2024,11,111.0,0.0,0.0,0.0,0.0,111.0,
RWA,2025,1,319.0,211.0,104.0,0.0,315.0,4.0,4.0
RWA,2025,2,176.0,141.0,35.0,0.0,176.0,0.0,
RWA,2025,3,158.0,149.0,7.0,0.0,156.0,2.0,2.0
RWA,2025,4,109.0,106.0,3.0,0.0,109.0,0.0,
RWA,2025,5,150.0,146.0,3.0,0.0,149.0,1.0,1.0
RWA,2025,6,211.0,208.0,1.0,0.0,209.0,2.0,2.0
RWA,2025,7,105.0,103.0,0.0,2.0,105.0,0.0,
RWA,2025,8,107.0,106.0,0.0,0.0,106.0,1.0,1.0
RWA,2025,9,138.0,133.0,0.0,0.0,133.0,5.0,5.0
RWA,2025,10,198.0,189.0,1.0,3.0,193.0,5.0,5.0
RWA,2025,11,318.0,312.0,0.0,0.0,312.0,6.0,6.0
RWA,2025,12,168.0,167.0,1.0,0.0,168.0,0.0,
RWA,2026,1,160.0,0.0,10.0,16.0,26.0,134.0,
RWA,2026,2,144.0,0.0,18.0,13.0,31.0,113.0,1.0
RWA,2026,3,309.0,0.0,69.0,46.0,115.0,194.0,2.0
RWA,2026,4,561.0,0.0,121.0,165.0,286.0,275.0,3.0
RWA,2026,5,1854.0,6.0,1245.0,219.0,1470.0,384.0,13.0
RWA,2026,6,1086.0,4.0,849.0,44.0,897.0,189.0,10.0
RWA,2026,7,593.0,4.0,157.0,119.0,280.0,313.0,20.0
RWA,2026,8,346.0,5.0,42.0,61.0,108.0,238.0,3.0
SDN,2012,1,766.0,3.0,463.0,118.0,584.0,182.0,58.0
SDN,2012,2,1173.0,2.0,789.0,243.0,1034.0,139.0,36.0
SDN,2012,3,1182.0,8.0,789.0,245.0,1042.0,140.0,36.0
SDN,2012,4,944.0,5.0,629.0,201.0,835.0,109.0,12.0
SDN,2012,5,1567.0,8.0,1139.0,324.0,1471.0,96.0,13.0
SDN,2012,6,1046.0,9.0,740.0,248.0,997.0,49.0,11.0
SDN,2012,7,448.0,2.0,324.0,94.0,420.0,28.0,2.0
SDN,2012,8,726.0,5.0,592.0,125.0,722.0,4.0,4.0
SDN,2012,9,789.0,3.0,621.0,155.0,779.0,10.0,10.0
SDN,2012,10,268.0,4.0,179.0,81.0,264.0,4.0,4.0
SDN,2012,11,304.0,12.0,220.0,65.0,297.0,7.0,7.0
SDN,2012,12,254.0,1.0,75.0,0.0,76.0,178.0,5.0
SDN,2013,1,325.0,0.0,155.0,102.0,257.0,68.0,14.0
SDN,2013,2,552.0,0.0,185.0,162.0,347.0,205.0,68.0
SDN,2013,3,778.0,0.0,392.0,195.0,587.0,191.0,86.0
SDN,2013,4,516.0,0.0,282.0,103.0,385.0,131.0,37.0
SDN,2013,5,417.0,0.0,238.0,90.0,328.0,89.0,12.0
SDN,2013,6,407.0,0.0,230.0,112.0,342.0,65.0,14.0
SDN,2013,7,219.0,0.0,104.0,56.0,160.0,59.0,8.0
SDN,2013,8,112.0,0.0,54.0,33.0,87.0,25.0,3.0
SDN,2013,9,161.0,0.0,68.0,24.0,92.0,69.0,7.0
SDN,2013,10,139.0,0.0,42.0,32.0,74.0,65.0,11.0
SDN,2013,11,212.0,0.0,56.0,47.0,103.0,109.0,21.0
SDN,2013,12,98.0,0.0,41.0,8.0,49.0,49.0,12.0
SDN,2014,1,180.0,0.0,2.0,14.0,16.0,164.0,76.0
SDN,2014,2,307.0,2.0,1.0,27.0,30.0,277.0,191.0
SDN,2014,3,371.0,0.0,2.0,27.0,29.0,342.0,227.0
SDN,2014,4,287.0,1.0,3.0,52.0,56.0,231.0,112.0
SDN,2014,5,199.0,1.0,0.0,47.0,48.0,151.0,37.0
SDN,2014,6,136.0,1.0,0.0,23.0,24.0,112.0,28.0
SDN,2014,7,93.0,0.0,0.0,23.0,23.0,70.0,15.0
SDN,2014,8,105.0,0.0,0.0,27.0,27.0,78.0,10.0
SDN,2014,9,159.0,0.0,0.0,48.0,48.0,111.0,14.0
SDN,2014,10,186.0,1.0,5.0,36.0,42.0,144.0,27.0
SDN,2014,11,305.0,0.0,23.0,83.0,106.0,199.0,28.0
SDN,2014,12,450.0,1.0,107.0,120.0,228.0,222.0,52.0
SDN,2015,1,742.0,0.0,270.0,117.0,387.0,355.0,179.0
SDN,2015,2,1031.0,0.0,255.0,191.0,446.0,585.0,272.0
SDN,2015,3,1566.0,3.0,889.0,218.0,1110.0,456.0,179.0
SDN,2015,4,943.0,8.0,365.0,182.0,555.0,388.0,111.0
SDN,2015,5,462.0,1.0,71.0,141.0,213.0,249.0,42.0
SDN,2015,6,386.0,11.0,79.0,119.0,209.0,177.0,30.0
SDN,2015,7,385.0,0.0,90.0,130.0,220.0,165.0,20.0
SDN,2015,8,311.0,0.0,44.0,107.0,151.0,160.0,48.0
SDN,2015,9,264.0,0.0,19.0,94.0,113.0,151.0,45.0
SDN,2015,10,260.0,0.0,16.0,60.0,76.0,184.0,42.0
SDN,2015,11,275.0,0.0,26.0,45.0,71.0,204.0,35.0
SDN,2015,12,199.0,1.0,21.0,12.0,34.0,165.0,49.0
SDN,2016,1,414.0,0.0,12.0,70.0,82.0,332.0,163.0
SDN,2016,2,812.0,0.0,57.0,121.0,178.0,634.0,348.0
SDN,2016,3,921.0,0.0,287.0,194.0,481.0,440.0,173.0
SDN,2016,4,608.0,1.0,211.0,118.0,330.0,278.0,93.0
SDN,2016,5,515.0,2.0,203.0,90.0,295.0,220.0,68.0
SDN,2016,6,234.0,2.0,57.0,40.0,99.0,135.0,46.0
SDN,2016,7,169.0,0.0,31.0,38.0,69.0,100.0,17.0
SDN,2016,8,165.0,0.0,14.0,44.0,58.0,107.0,8.0
SDN,2016,9,120.0,0.0,6.0,31.0,37.0,83.0,8.0
SDN,2016,10,164.0,1.0,7.0,32.0,40.0,124.0,24.0
SDN,2016,11,192.0,0.0,3.0,45.0,48.0,144.0,22.0
SDN,2016,12,219.0,2.0,8.0,40.0,50.0,169.0,26.0
SDN,2017,1,247.0,4.0,44.0,30.0,78.0,169.0,43.0
SDN,2017,2,300.0,3.0,54.0,36.0,93.0,207.0,70.0
SDN,2017,3,343.0,8.0,49.0,69.0,126.0,217.0,62.0
SDN,2017,4,286.0,8.0,40.0,64.0,112.0,174.0,26.0
SDN,2017,5,199.0,6.0,56.0,22.0,84.0,115.0,16.0
SDN,2017,6,71.0,1.0,11.0,15.0,27.0,44.0,6.0
SDN,2017,7,87.0,2.0,8.0,23.0,33.0,54.0,1.0
SDN,2017,8,96.0,0.0,7.0,29.0,36.0,60.0,2.0
SDN,2017,9,86.0,0.0,3.0,8.0,11.0,75.0,2.0
SDN,2017,10,150.0,1.0,2.0,15.0,18.0,132.0,7.0
SDN,2017,11,183.0,0.0,1.0,17.0,18.0,165.0,13.0
SDN,2017,12,155.0,1.0,0.0,28.0,29.0,126.0,11.0
SDN,2018,1,265.0,0.0,14.0,69.0,83.0,182.0,40.0
SDN,2018,2,429.0,2.0,58.0,57.0,117.0,312.0,71.0
SDN,2018,3,582.0,3.0,151.0,117.0,271.0,311.0,73.0
SDN,2018,4,739.0,8.0,190.0,217.0,415.0,324.0,54.0
SDN,2018,5,890.0,18.0,406.0,244.0,668.0,222.0,20.0
SDN,2018,6,726.0,10.0,408.0,178.0,596.0,130.0,13.0
SDN,2018,7,804.0,5.0,417.0,216.0,638.0,166.0,16.0
SDN,2018,8,464.0,2.0,255.0,125.0,382.0,82.0,14.0
SDN,2018,9,580.0,1.0,251.0,185.0,437.0,143.0,15.0
SDN,2018,10,679.0,0.0,319.0,235.0,554.0,125.0,8.0
SDN,2018,11,635.0,0.0,302.0,173.0,475.0,160.0,12.0
SDN,2018,12,481.0,0.0,228.0,116.0,344.0,137.0,13.0
SDN,2019,1,693.0,0.0,276.0,245.0,521.0,172.0,21.0
SDN,2019,2,835.0,1.0,263.0,378.0,642.0,193.0,48.0
SDN,2019,3,1242.0,1.0,443.0,508.0,952.0,290.0,64.0
SDN,2019,4,739.0,1.0,228.0,317.0,546.0,193.0,29.0
SDN,2019,5,392.0,0.0,55.0,239.0,294.0,98.0,12.0
SDN,2019,6,299.0,0.0,44.0,169.0,213.0,86.0,5.0
SDN,2019,7,226.0,0.0,27.0,113.0,140.0,86.0,17.0
SDN,2019,8,78.0,0.0,9.0,23.0,32.0,46.0,4.0
SDN,2019,9,126.0,1.0,3.0,40.0,44.0,82.0,8.0
SDN,2019,10,139.0,6.0,6.0,31.0,43.0,96.0,19.0
SDN,2019,11,227.0,0.0,0.0,66.0,66.0,161.0,24.0
SDN,2019,12,164.0,0.0,31.0,31.0,62.0,102.0,30.0
SDN,2020,1,147.0,6.0,48.0,16.0,70.0,77.0,24.0
SDN,2020,2,307.0,20.0,66.0,55.0,141.0,166.0,66.0
SDN,2020,3,318.0,40.0,45.0,41.0,126.0,192.0,96.0
SDN,2020,4,107.0,19.0,19.0,25.0,63.0,44.0,17.0
SDN,2020,5,43.0,11.0,2.0,11.0,24.0,19.0,6.0
SDN,2020,6,41.0,5.0,0.0,8.0,13.0,28.0,5.0
SDN,2020,7,27.0,6.0,0.0,1.0,7.0,20.0,8.0
SDN,2020,8,29.0,6.0,0.0,3.0,9.0,20.0,5.0
SDN,2020,9,92.0,9.0,0.0,8.0,17.0,75.0,9.0
SDN,2020,10,79.0,21.0,0.0,5.0,26.0,53.0,2.0
SDN,2020,11,69.0,11.0,0.0,1.0,12.0,57.0,5.0
SDN,2021,1,41.0,1.0,0.0,4.0,5.0,36.0,7.0
SDN,2021,2,62.0,5.0,0.0,8.0,13.0,49.0,8.0
SDN,2021,3,83.0,5.0,0.0,8.0,13.0,70.0,18.0
SDN,2021,4,135.0,2.0,1.0,26.0,29.0,106.0,65.0
SDN,2021,5,244.0,21.0,33.0,60.0,114.0,130.0,73.0
SDN,2021,6,221.0,9.0,86.0,49.0,144.0,77.0,48.0
SDN,2021,7,178.0,6.0,78.0,63.0,147.0,31.0,5.0
SDN,2021,8,185.0,5.0,44.0,64.0,113.0,72.0,11.0
SDN,2021,9,169.0,24.0,10.0,79.0,113.0,56.0,9.0
SDN,2021,10,128.0,16.0,1.0,48.0,65.0,63.0,7.0
SDN,2021,11,27.0,6.0,1.0,16.0,23.0,4.0,
SDN,2022,1,298.0,54.0,102.0,54.0,210.0,88.0,49.0
SDN,2022,2,447.0,77.0,194.0,61.0,332.0,115.0,55.0
SDN,2022,3,524.0,105.0,99.0,91.0,295.0,229.0,150.0
SDN,2022,4,397.0,113.0,56.0,44.0,213.0,184.0,106.0
SDN,2022,5,419.0,79.0,124.0,49.0,252.0,167.0,83.0
SDN,2022,6,253.0,58.0,18.0,35.0,111.0,142.0,65.0
SDN,2022,7,112.0,33.0,16.0,18.0,67.0,45.0,22.0
SDN,2022,8,110.0,35.0,8.0,12.0,55.0,55.0,29.0
SDN,2022,9,215.0,44.0,14.0,47.0,105.0,110.0,56.0
SDN,2022,10,263.0,44.0,103.0,32.0,179.0,84.0,35.0
SDN,2022,11,234.0,73.0,46.0,32.0,151.0,83.0,21.0
SDN,2022,12,134.0,42.0,7.0,10.0,59.0,75.0,23.0
SDN,2023,1,497.0,54.0,111.0,62.0,227.0,270.0,116.0
SDN,2023,2,555.0,25.0,175.0,108.0,308.0,247.0,165.0
SDN,2023,3,545.0,53.0,334.0,49.0,436.0,109.0,98.0
SDN,2023,4,226.0,18.0,146.0,4.0,168.0,58.0,45.0
SDN,2023,5,312.0,43.0,216.0,9.0,268.0,44.0,24.0
SDN,2023,6,833.0,36.0,762.0,16.0,814.0,19.0,6.0
SDN,2023,7,1609.0,37.0,1520.0,16.0,1573.0,36.0,9.0
SDN,2023,8,259.0,15.0,214.0,11.0,240.0,19.0,9.0
SDN,2023,9,144.0,10.0,89.0,22.0,121.0,23.0,9.0
SDN,2023,10,211.0,19.0,145.0,16.0,180.0,31.0,6.0
SDN,2023,11,92.0,12.0,52.0,8.0,72.0,20.0,4.0
SDN,2023,12,25.0,10.0,10.0,2.0,22.0,3.0,
SDN,2024,1,125.0,7.0,77.0,10.0,94.0,31.0,6.0
SDN,2024,2,79.0,3.0,62.0,7.0,72.0,7.0,4.0
SDN,2024,3,109.0,9.0,74.0,4.0,87.0,22.0,9.0
SDN,2024,4,157.0,3.0,119.0,12.0,134.0,23.0,7.0
SDN,2024,5,150.0,8.0,104.0,11.0,123.0,27.0,4.0
SDN,2024,6,115.0,5.0,61.0,21.0,87.0,28.0,2.0
SDN,2024,7,129.0,5.0,96.0,8.0,109.0,20.0,3.0
SDN,2024,8,83.0,6.0,45.0,12.0,63.0,20.0,3.0
SDN,2024,9,151.0,3.0,129.0,3.0,135.0,16.0,3.0
SDN,2024,10,189.0,3.0,155.0,5.0,163.0,26.0,16.0
SDN,2024,11,115.0,6.0,90.0,5.0,101.0,14.0,10.0
SDN,2024,12,287.0,8.0,271.0,5.0,284.0,3.0,3.0
SDN,2025,1,359.0,1.0,287.0,31.0,319.0,40.0,5.0
SDN,2025,2,343.0,8.0,268.0,32.0,308.0,35.0,3.0
SDN,2025,3,1568.0,6.0,1522.0,19.0,1547.0,21.0,2.0
SDN,2025,4,597.0,3.0,533.0,25.0,561.0,36.0,2.0
SDN,2025,5,538.0,6.0,453.0,31.0,490.0,48.0,3.0
SDN,2025,6,624.0,4.0,547.0,34.0,585.0,39.0,1.0
SDN,2025,7,693.0,8.0,581.0,40.0,629.0,64.0,7.0
SDN,2025,8,546.0,5.0,462.0,47.0,514.0,32.0,3.0
SDN,2025,9,609.0,3.0,524.0,31.0,558.0,51.0,3.0
SDN,2025,10,777.0,8.0,691.0,30.0,729.0,48.0,4.0
SDN,2025,11,653.0,4.0,538.0,50.0,592.0,61.0,4.0
SDN,2025,12,835.0,17.0,787.0,8.0,812.0,23.0,4.0
SDN,2026,1,1088.0,10.0,991.0,31.0,1032.0,56.0,2.0
SDN,2026,2,952.0,15.0,896.0,23.0,934.0,18.0,
SDN,2026,3,1055.0,8.0,1020.0,9.0,1037.0,18.0,1.0
SDN,2026,4,957.0,21.0,923.0,6.0,950.0,7.0,1.0
SDN,2026,5,644.0,8.0,623.0,7.0,638.0,6.0,1.0
SDN,2026,6,511.0,8.0,474.0,10.0,492.0,19.0,1.0
SDN,2026,7,169.0,3.0,159.0,5.0,167.0,2.0,
SDN,2026,8,206.0,2.0,200.0,4.0,206.0,0.0,
SDN,2026,9,177.0,3.0,171.0,2.0,176.0,1.0,
SEN,2012,1,16.0,0.0,0.0,0.0,0.0,16.0,
SEN,2012,2,24.0,1.0,0.0,0.0,1.0,23.0,1.0
SEN,2012,3,65.0,2.0,0.0,7.0,9.0,56.0,3.0
SEN,2012,4,63.0,3.0,0.0,17.0,20.0,43.0,4.0
SEN,2012,5,81.0,1.0,0.0,13.0,14.0,67.0,25.0
SEN,2012,6,37.0,1.0,0.0,5.0,6.0,31.0,8.0
SEN,2012,7,22.0,0.0,0.0,0.0,0.0,22.0,2.0
SEN,2012,8,8.0,0.0,0.0,2.0,2.0,6.0,1.0
SEN,2012,9,7.0,0.0,0.0,1.0,1.0,6.0,
SEN,2012,10,7.0,0.0,0.0,0.0,0.0,7.0,
SEN,2012,11,3.0,0.0,0.0,0.0,0.0,3.0,
SEN,2012,12,7.0,0.0,0.0,1.0,1.0,6.0,
SEN,2013,1,25.0,0.0,0.0,4.0,4.0,21.0,
SEN,2013,2,37.0,0.0,0.0,1.0,1.0,36.0,3.0
SEN,2013,3,69.0,0.0,0.0,0.0,0.0,69.0,3.0
SEN,2013,4,88.0,0.0,0.0,1.0,1.0,87.0,6.0
SEN,2013,5,94.0,0.0,0.0,1.0,1.0,93.0,5.0
SEN,2013,6,53.0,0.0,0.0,1.0,1.0,52.0,
SEN,2013,7,30.0,0.0,0.0,1.0,1.0,29.0,1.0
SEN,2013,8,23.0,0.0,0.0,0.0,0.0,23.0,
SEN,2013,9,40.0,1.0,0.0,0.0,1.0,39.0,3.0
SEN,2013,10,25.0,0.0,0.0,2.0,2.0,23.0,
SEN,2013,11,23.0,0.0,0.0,0.0,0.0,23.0,
SEN,2013,12,20.0,0.0,0.0,0.0,0.0,20.0,5.0
SEN,2014,1,57.0,1.0,0.0,1.0,2.0,55.0,20.0
SEN,2014,2,110.0,1.0,0.0,4.0,5.0,105.0,21.0
SEN,2014,3,228.0,1.0,6.0,1.0,8.0,220.0,18.0
SEN,2014,4,248.0,5.0,0.0,4.0,9.0,239.0,22.0
SEN,2014,5,128.0,3.0,0.0,2.0,5.0,123.0,9.0
SEN,2014,6,68.0,1.0,0.0,0.0,1.0,67.0,4.0
SEN,2014,7,30.0,1.0,0.0,1.0,2.0,28.0,1.0
SEN,2014,8,39.0,0.0,0.0,2.0,2.0,37.0,1.0
SEN,2014,9,25.0,1.0,0.0,0.0,1.0,24.0,1.0
SEN,2014,10,20.0,0.0,0.0,0.0,0.0,20.0,1.0
SEN,2014,11,16.0,0.0,0.0,0.0,0.0,16.0,
SEN,2014,12,22.0,1.0,0.0,0.0,1.0,21.0,
SEN,2015,1,52.0,0.0,0.0,0.0,0.0,52.0,
SEN,2015,2,123.0,2.0,0.0,1.0,3.0,120.0,3.0
SEN,2015,3,141.0,0.0,0.0,9.0,9.0,132.0,1.0
SEN,2015,4,139.0,2.0,0.0,9.0,11.0,128.0,3.0
SEN,2015,5,93.0,1.0,0.0,6.0,7.0,86.0,5.0
SEN,2015,6,72.0,2.0,0.0,4.0,6.0,66.0,
SEN,2015,7,46.0,0.0,0.0,6.0,6.0,40.0,2.0
SEN,2015,8,24.0,0.0,0.0,1.0,1.0,23.0,1.0
SEN,2015,9,34.0,1.0,0.0,1.0,2.0,32.0,
SEN,2015,10,26.0,0.0,0.0,4.0,4.0,22.0,
SEN,2015,11,19.0,0.0,0.0,2.0,2.0,17.0,
SEN,2015,12,30.0,0.0,0.0,7.0,7.0,23.0,
SEN,2016,1,112.0,1.0,0.0,15.0,16.0,96.0,2.0
SEN,2016,2,174.0,4.0,0.0,31.0,35.0,139.0,5.0
SEN,2016,3,207.0,2.0,0.0,34.0,36.0,171.0,1.0
SEN,2016,4,147.0,21.0,0.0,28.0,49.0,98.0,
SEN,2016,5,92.0,16.0,0.0,7.0,23.0,69.0,1.0
SEN,2016,6,78.0,32.0,0.0,5.0,37.0,41.0,1.0
SEN,2016,7,32.0,0.0,0.0,3.0,3.0,29.0,
SEN,2016,8,23.0,0.0,0.0,5.0,5.0,18.0,
SEN,2016,9,26.0,2.0,0.0,7.0,9.0,17.0,
SEN,2016,10,28.0,4.0,0.0,6.0,10.0,18.0,1.0
SEN,2016,11,38.0,3.0,0.0,3.0,6.0,32.0,
SEN,2016,12,41.0,13.0,0.0,1.0,14.0,27.0,1.0
SEN,2017,1,66.0,0.0,0.0,2.0,2.0,64.0,
SEN,2017,2,84.0,2.0,0.0,1.0,3.0,81.0,1.0
SEN,2017,3,71.0,1.0,0.0,2.0,3.0,68.0,
SEN,2017,4,64.0,1.0,0.0,2.0,3.0,61.0,2.0
SEN,2017,5,53.0,0.0,0.0,0.0,0.0,53.0,1.0
SEN,2017,6,34.0,0.0,0.0,0.0,0.0,34.0,1.0
SEN,2017,7,25.0,0.0,0.0,2.0,2.0,23.0,1.0
SEN,2017,8,20.0,0.0,0.0,0.0,0.0,20.0,
SEN,2017,9,23.0,1.0,0.0,0.0,1.0,22.0,1.0
SEN,2017,10,43.0,0.0,0.0,2.0,2.0,41.0,
SEN,2017,11,18.0,0.0,0.0,1.0,1.0,17.0,
SEN,2017,12,26.0,10.0,0.0,2.0,12.0,14.0,
SEN,2018,1,42.0,0.0,0.0,0.0,0.0,42.0,2.0
SEN,2018,2,74.0,0.0,0.0,0.0,0.0,74.0,2.0
SEN,2018,3,62.0,0.0,0.0,0.0,0.0,62.0,
SEN,2018,4,35.0,0.0,0.0,0.0,0.0,35.0,2.0
SEN,2018,5,46.0,0.0,0.0,1.0,1.0,45.0,
SEN,2018,6,26.0,0.0,0.0,2.0,2.0,24.0,
SEN,2018,7,21.0,0.0,0.0,1.0,1.0,20.0,1.0
SEN,2018,8,13.0,0.0,0.0,1.0,1.0,12.0,
SEN,2018,9,16.0,0.0,0.0,3.0,3.0,13.0,
SEN,2018,10,8.0,3.0,0.0,1.0,4.0,4.0,
SEN,2018,11,5.0,0.0,0.0,1.0,1.0,4.0,1.0
SEN,2018,12,10.0,0.0,0.0,0.0,0.0,10.0,
SEN,2019,1,81.0,3.0,0.0,7.0,10.0,71.0,2.0
SEN,2019,2,65.0,2.0,0.0,14.0,16.0,49.0,3.0
SEN,2019,3,109.0,3.0,0.0,36.0,39.0,70.0,2.0
SEN,2019,4,87.0,0.0,0.0,11.0,11.0,76.0,2.0
SEN,2019,5,101.0,2.0,0.0,16.0,18.0,83.0,4.0
SEN,2019,6,70.0,0.0,0.0,4.0,4.0,66.0,3.0
SEN,2019,7,39.0,0.0,0.0,5.0,5.0,34.0,2.0
SEN,2019,8,22.0,1.0,0.0,1.0,2.0,20.0,
SEN,2019,9,34.0,0.0,0.0,15.0,15.0,19.0,1.0
SEN,2019,10,62.0,0.0,0.0,29.0,29.0,33.0,1.0
SEN,2019,11,104.0,3.0,0.0,57.0,60.0,44.0,
SEN,2019,12,115.0,5.0,0.0,71.0,76.0,39.0,
SEN,2020,1,151.0,2.0,0.0,62.0,64.0,87.0,1.0
SEN,2020,2,231.0,14.0,0.0,89.0,103.0,128.0,3.0
SEN,2020,3,113.0,52.0,0.0,21.0,73.0,40.0,1.0
SEN,2020,4,34.0,9.0,0.0,14.0,23.0,11.0,
SEN,2020,5,21.0,0.0,0.0,3.0,3.0,18.0,
SEN,2020,6,6.0,3.0,0.0,1.0,4.0,2.0,
SEN,2020,9,3.0,0.0,0.0,0.0,0.0,3.0,
SEN,2020,10,2.0,0.0,0.0,0.0,0.0,2.0,
SEN,2020,11,9.0,5.0,0.0,1.0,6.0,3.0,
SEN,2020,12,3.0,0.0,0.0,0.0,0.0,3.0,
SEN,2021,1,65.0,2.0,0.0,12.0,14.0,51.0,1.0
SEN,2021,2,101.0,3.0,0.0,2.0,5.0,96.0,2.0
SEN,2021,3,80.0,0.0,0.0,12.0,12.0,68.0,5.0
SEN,2021,4,96.0,2.0,0.0,16.0,18.0,78.0,
SEN,2021,5,100.0,3.0,0.0,10.0,13.0,87.0,3.0
SEN,2021,6,75.0,5.0,0.0,12.0,17.0,58.0,4.0
SEN,2021,7,37.0,3.0,0.0,9.0,12.0,25.0,1.0
SEN,2021,8,37.0,2.0,0.0,9.0,11.0,26.0,2.0
SEN,2021,9,67.0,4.0,0.0,22.0,26.0,41.0,1.0
SEN,2021,10,131.0,13.0,0.0,33.0,46.0,85.0,
SEN,2021,11,54.0,5.0,0.0,12.0,17.0,37.0,1.0
SEN,2021,12,73.0,8.0,0.0,31.0,39.0,34.0,1.0
SEN,2022,1,109.0,4.0,0.0,28.0,32.0,77.0,1.0
SEN,2022,2,99.0,7.0,0.0,37.0,44.0,55.0,1.0
SEN,2022,3,151.0,7.0,0.0,50.0,57.0,94.0,
SEN,2022,4,115.0,4.0,0.0,41.0,45.0,70.0,
SEN,2022,5,127.0,3.0,0.0,55.0,58.0,69.0,3.0
SEN,2022,6,136.0,1.0,0.0,47.0,48.0,88.0,4.0
SEN,2022,7,113.0,2.0,0.0,47.0,49.0,64.0,
SEN,2022,8,87.0,4.0,0.0,33.0,37.0,50.0,1.0
SEN,2022,9,94.0,4.0,0.0,30.0,34.0,60.0,
SEN,2022,10,93.0,6.0,0.0,35.0,41.0,52.0,1.0
SEN,2022,11,82.0,2.0,0.0,49.0,51.0,31.0,
SEN,2022,12,101.0,7.0,0.0,55.0,62.0,39.0,
SEN,2023,1,179.0,6.0,0.0,104.0,110.0,69.0,2.0
SEN,2023,2,205.0,8.0,0.0,70.0,78.0,127.0,1.0
SEN,2023,3,333.0,14.0,0.0,146.0,160.0,173.0,1.0
SEN,2023,4,158.0,4.0,0.0,46.0,50.0,108.0,2.0
SEN,2023,5,207.0,14.0,0.0,51.0,65.0,142.0,1.0
SEN,2023,6,112.0,0.0,0.0,21.0,21.0,91.0,4.0
SEN,2023,7,92.0,5.0,0.0,5.0,10.0,82.0,2.0
SEN,2023,8,83.0,2.0,0.0,13.0,15.0,68.0,1.0
SEN,2023,9,77.0,0.0,0.0,12.0,12.0,65.0,3.0
SEN,2023,10,125.0,1.0,0.0,20.0,21.0,104.0,3.0
SEN,2023,11,70.0,1.0,0.0,17.0,18.0,52.0,1.0
SEN,2023,12,115.0,2.0,0.0,46.0,48.0,67.0,2.0
SEN,2024,1,259.0,5.0,0.0,77.0,82.0,177.0,6.0
SEN,2024,2,285.0,4.0,0.0,93.0,97.0,188.0,10.0
SEN,2024,3,307.0,8.0,1.0,93.0,102.0,205.0,2.0
SEN,2024,4,178.0,8.0,3.0,55.0,66.0,112.0,1.0
SEN,2024,5,211.0,6.0,3.0,38.0,47.0,164.0,2.0
SEN,2024,6,136.0,5.0,1.0,23.0,29.0,107.0,1.0
SEN,2024,7,79.0,1.0,0.0,16.0,17.0,62.0,2.0
SEN,2024,8,66.0,0.0,0.0,13.0,13.0,53.0,
SEN,2024,9,64.0,0.0,0.0,16.0,16.0,48.0,1.0
SEN,2024,10,74.0,0.0,0.0,14.0,14.0,60.0,1.0
SEN,2024,11,65.0,1.0,0.0,31.0,32.0,33.0,
SEN,2024,12,50.0,1.0,0.0,14.0,15.0,35.0,
SEN,2025,1,105.0,2.0,0.0,30.0,32.0,73.0,2.0
SEN,2025,2,108.0,1.0,0.0,24.0,25.0,83.0,2.0
SEN,2025,3,124.0,1.0,0.0,15.0,16.0,108.0,3.0
SEN,2025,4,162.0,2.0,0.0,12.0,14.0,148.0,2.0
SEN,2025,5,165.0,4.0,0.0,7.0,11.0,154.0,1.0
SEN,2025,6,70.0,2.0,0.0,1.0,3.0,67.0,
SEN,2025,7,63.0,0.0,0.0,4.0,4.0,59.0,1.0
SEN,2025,8,60.0,2.0,0.0,1.0,3.0,57.0,
SEN,2025,9,56.0,0.0,0.0,0.0,0.0,56.0,
SEN,2025,10,64.0,0.0,0.0,6.0,6.0,58.0,
SEN,2025,11,44.0,0.0,0.0,8.0,8.0,36.0,
SEN,2025,12,44.0,1.0,0.0,19.0,20.0,24.0,
SEN,2026,1,97.0,1.0,0.0,13.0,14.0,83.0,1.0
SEN,2026,2,213.0,4.0,0.0,22.0,26.0,187.0,18.0
SEN,2026,3,300.0,9.0,0.0,49.0,58.0,242.0,8.0
SEN,2026,4,175.0,1.0,0.0,17.0,18.0,157.0,3.0
SEN,2026,5,126.0,2.0,0.0,7.0,9.0,117.0,4.0
SEN,2026,6,90.0,1.0,0.0,1.0,2.0,88.0,3.0
SEN,2026,7,82.0,1.0,0.0,0.0,1.0,81.0,1.0
SEN,2026,8,20.0,0.0,0.0,1.0,1.0,19.0,
SLE,2012,1,6.0,0.0,0.0,1.0,1.0,5.0,1.0
SLE,2012,2,14.0,0.0,0.0,8.0,8.0,6.0,3.0
SLE,2012,3,9.0,0.0,0.0,1.0,1.0,8.0,4.0
SLE,2012,4,24.0,4.0,0.0,6.0,10.0,14.0,5.0
SLE,2012,5,36.0,5.0,0.0,13.0,18.0,18.0,2.0
SLE,2012,6,15.0,1.0,0.0,5.0,6.0,9.0,5.0
SLE,2012,7,3.0,0.0,0.0,0.0,0.0,3.0,
SLE,2012,8,6.0,0.0,0.0,1.0,1.0,5.0,
SLE,2012,11,7.0,3.0,0.0,0.0,3.0,4.0,1.0
SLE,2012,12,3.0,3.0,0.0,0.0,3.0,0.0,
SLE,2013,1,11.0,0.0,0.0,2.0,2.0,9.0,1.0
SLE,2013,2,15.0,0.0,0.0,5.0,5.0,10.0,3.0
SLE,2013,3,5.0,0.0,0.0,2.0,2.0,3.0,
SLE,2013,4,4.0,0.0,0.0,1.0,1.0,3.0,
SLE,2013,5,10.0,0.0,0.0,3.0,3.0,7.0,
SLE,2013,6,6.0,0.0,0.0,0.0,0.0,6.0,
SLE,2013,7,2.0,0.0,0.0,0.0,0.0,2.0,
SLE,2013,8,2.0,0.0,0.0,0.0,0.0,2.0,
SLE,2013,9,3.0,0.0,0.0,0.0,0.0,3.0,
SLE,2013,10,1.0,0.0,0.0,0.0,0.0,1.0,
SLE,2014,1,24.0,0.0,0.0,15.0,15.0,9.0,
SLE,2014,2,18.0,0.0,0.0,7.0,7.0,11.0,
SLE,2014,3,28.0,4.0,0.0,14.0,18.0,10.0,
SLE,2014,4,32.0,0.0,0.0,4.0,4.0,28.0,
SLE,2014,5,36.0,0.0,0.0,0.0,0.0,36.0,
SLE,2014,7,7.0,0.0,0.0,0.0,0.0,7.0,
SLE,2014,8,1.0,0.0,0.0,0.0,0.0,1.0,
SLE,2014,9,3.0,0.0,0.0,0.0,0.0,3.0,
SLE,2014,10,1.0,0.0,0.0,0.0,0.0,1.0,
SLE,2015,1,6.0,0.0,0.0,6.0,6.0,0.0,
SLE,2015,2,13.0,0.0,0.0,10.0,10.0,3.0,
SLE,2015,3,36.0,1.0,0.0,10.0,11.0,25.0,6.0
SLE,2015,4,11.0,0.0,0.0,6.0,6.0,5.0,
SLE,2015,5,5.0,0.0,0.0,2.0,2.0,3.0,
SLE,2015,6,10.0,1.0,0.0,5.0,6.0,4.0,
SLE,2015,7,8.0,1.0,0.0,3.0,4.0,4.0,
SLE,2015,8,24.0,2.0,0.0,12.0,14.0,10.0,
SLE,2015,9,20.0,1.0,0.0,12.0,13.0,7.0,
SLE,2015,10,47.0,4.0,0.0,21.0,25.0,22.0,1.0
SLE,2015,11,44.0,0.0,0.0,29.0,29.0,15.0,2.0
SLE,2015,12,42.0,1.0,0.0,9.0,10.0,32.0,
SLE,2016,1,58.0,28.0,0.0,19.0,47.0,11.0,1.0
SLE,2016,2,114.0,12.0,0.0,56.0,68.0,46.0,10.0
SLE,2016,3,65.0,31.0,0.0,17.0,48.0,17.0,
SLE,2016,4,4.0,1.0,0.0,2.0,3.0,1.0,
SLE,2016,5,15.0,1.0,0.0,6.0,7.0,8.0,3.0
SLE,2016,6,13.0,3.0,0.0,1.0,4.0,9.0,2.0
SLE,2016,7,21.0,2.0,0.0,1.0,3.0,18.0,6.0
SLE,2016,8,14.0,0.0,0.0,0.0,0.0,14.0,2.0
SLE,2016,9,18.0,0.0,0.0,0.0,0.0,18.0,12.0
SLE,2016,10,33.0,5.0,0.0,0.0,5.0,28.0,24.0
SLE,2016,11,58.0,4.0,0.0,3.0,7.0,51.0,35.0
SLE,2016,12,8.0,6.0,0.0,0.0,6.0,2.0,2.0
SLE,2017,1,77.0,4.0,0.0,7.0,11.0,66.0,48.0
SLE,2017,2,251.0,7.0,0.0,13.0,20.0,231.0,174.0
SLE,2017,3,147.0,8.0,0.0,4.0,12.0,135.0,87.0
SLE,2017,4,49.0,0.0,0.0,2.0,2.0,47.0,37.0
SLE,2017,5,2.0,0.0,0.0,0.0,0.0,2.0,1.0
SLE,2017,6,1.0,0.0,0.0,0.0,0.0,1.0,
SLE,2017,8,2.0,2.0,0.0,0.0,2.0,0.0,
SLE,2017,9,1.0,1.0,0.0,0.0,1.0,0.0,
SLE,2017,10,3.0,3.0,0.0,0.0,3.0,0.0,
SLE,2017,11,3.0,3.0,0.0,0.0,3.0,0.0,
SLE,2017,12,5.0,5.0,0.0,0.0,5.0,0.0,
SLE,2018,1,16.0,1.0,0.0,5.0,6.0,10.0,1.0
SLE,2018,2,21.0,2.0,0.0,3.0,5.0,16.0,2.0
SLE,2018,3,10.0,0.0,0.0,1.0,1.0,9.0,2.0
SLE,2018,4,13.0,0.0,0.0,1.0,1.0,12.0,
SLE,2018,5,24.0,1.0,0.0,12.0,13.0,11.0,
SLE,2018,6,31.0,4.0,0.0,19.0,23.0,8.0,1.0
SLE,2018,7,6.0,6.0,0.0,0.0,6.0,0.0,
SLE,2019,1,13.0,1.0,0.0,5.0,6.0,7.0,
SLE,2019,2,22.0,1.0,0.0,1.0,2.0,20.0,
SLE,2019,3,32.0,2.0,0.0,0.0,2.0,30.0,
SLE,2019,4,21.0,1.0,0.0,3.0,4.0,17.0,
SLE,2019,5,12.0,0.0,0.0,1.0,1.0,11.0,
SLE,2019,6,8.0,0.0,0.0,1.0,1.0,7.0,
SLE,2019,7,7.0,0.0,0.0,3.0,3.0,4.0,
SLE,2019,8,2.0,0.0,0.0,0.0,0.0,2.0,
SLE,2019,9,6.0,0.0,0.0,0.0,0.0,6.0,
SLE,2019,10,5.0,0.0,0.0,0.0,0.0,5.0,
SLE,2019,11,4.0,0.0,0.0,3.0,3.0,1.0,
SLE,2019,12,3.0,1.0,0.0,0.0,1.0,2.0,
SLE,2020,1,8.0,0.0,0.0,6.0,6.0,2.0,
SLE,2020,2,15.0,0.0,0.0,4.0,4.0,11.0,
SLE,2020,3,7.0,0.0,0.0,5.0,5.0,2.0,
SLE,2020,5,1.0,0.0,0.0,0.0,0.0,1.0,
SLE,2020,6,1.0,0.0,0.0,0.0,0.0,1.0,
SLE,2020,7,2.0,0.0,0.0,0.0,0.0,2.0,
SLE,2020,8,3.0,0.0,0.0,0.0,0.0,3.0,
SLE,2021,1,5.0,0.0,0.0,0.0,0.0,5.0,1.0
SLE,2021,2,3.0,0.0,0.0,1.0,1.0,2.0,
SLE,2021,3,2.0,0.0,0.0,0.0,0.0,2.0,
SLE,2021,4,9.0,0.0,0.0,1.0,1.0,8.0,
SLE,2021,5,6.0,0.0,0.0,3.0,3.0,3.0,1.0
SLE,2021,7,2.0,0.0,0.0,1.0,1.0,1.0,
SLE,2021,8,5.0,0.0,0.0,1.0,1.0,4.0,
SLE,2021,9,5.0,0.0,0.0,3.0,3.0,2.0,
SLE,2021,10,21.0,0.0,0.0,9.0,9.0,12.0,
SLE,2021,11,13.0,0.0,0.0,4.0,4.0,9.0,2.0
SLE,2021,12,6.0,0.0,0.0,3.0,3.0,3.0,1.0
SLE,2022,1,25.0,0.0,0.0,17.0,17.0,8.0,
SLE,2022,2,46.0,0.0,0.0,28.0,28.0,18.0,
SLE,2022,3,52.0,0.0,0.0,31.0,31.0,21.0,
SLE,2022,4,44.0,0.0,0.0,29.0,29.0,15.0,
SLE,2022,5,39.0,0.0,0.0,15.0,15.0,24.0,1.0
SLE,2022,6,4.0,0.0,0.0,2.0,2.0,2.0,
SLE,2022,7,9.0,0.0,0.0,8.0,8.0,1.0,
SLE,2022,8,11.0,0.0,5.0,2.0,7.0,4.0,
SLE,2022,9,39.0,0.0,18.0,0.0,18.0,21.0,
SLE,2022,10,13.0,0.0,4.0,0.0,4.0,9.0,
SLE,2022,11,27.0,0.0,12.0,0.0,12.0,15.0,
SLE,2023,1,23.0,0.0,0.0,20.0,20.0,3.0,1.0
SLE,2023,2,26.0,0.0,0.0,18.0,18.0,8.0,2.0
SLE,2023,3,38.0,0.0,0.0,32.0,32.0,6.0,
SLE,2023,4,41.0,0.0,0.0,30.0,30.0,11.0,
SLE,2023,5,14.0,0.0,0.0,10.0,10.0,4.0,
SLE,2023,6,4.0,0.0,0.0,0.0,0.0,4.0,
SLE,2023,7,20.0,0.0,0.0,7.0,7.0,13.0,
SLE,2023,8,15.0,0.0,11.0,0.0,11.0,4.0,
SLE,2023,9,9.0,0.0,5.0,0.0,5.0,4.0,1.0
SLE,2023,10,7.0,0.0,1.0,0.0,1.0,6.0,1.0
SLE,2023,11,4.0,0.0,2.0,0.0,2.0,2.0,
SLE,2023,12,6.0,0.0,2.0,0.0,2.0,4.0,
SLE,2024,1,10.0,0.0,1.0,2.0,3.0,7.0,
SLE,2024,2,18.0,1.0,0.0,10.0,11.0,7.0,
SLE,2024,3,11.0,0.0,0.0,7.0,7.0,4.0,
SLE,2024,4,51.0,0.0,0.0,15.0,15.0,36.0,
SLE,2024,5,4.0,0.0,0.0,1.0,1.0,3.0,
SLE,2024,6,4.0,0.0,0.0,1.0,1.0,3.0,
SLE,2024,7,10.0,0.0,0.0,7.0,7.0,3.0,
SLE,2024,8,3.0,0.0,0.0,0.0,0.0,3.0,
SLE,2024,9,4.0,0.0,0.0,0.0,0.0,4.0,
SLE,2024,10,3.0,0.0,0.0,1.0,1.0,2.0,
SLE,2025,2,19.0,0.0,7.0,12.0,19.0,0.0,
SLE,2025,3,18.0,0.0,5.0,11.0,16.0,2.0,2.0
SLE,2025,4,8.0,0.0,2.0,6.0,8.0,0.0,
SLE,2025,6,2.0,0.0,1.0,1.0,2.0,0.0,
SLE,2025,7,4.0,0.0,0.0,4.0,4.0,0.0,
SLE,2025,8,5.0,0.0,2.0,3.0,5.0,0.0,
SLE,2025,9,1.0,0.0,1.0,0.0,1.0,0.0,
SLE,2025,10,3.0,0.0,1.0,2.0,3.0,0.0,
SOM,2012,1,40.0,3.0,0.0,8.0,11.0,29.0,
SOM,2012,2,56.0,9.0,1.0,30.0,40.0,16.0,
SOM,2012,3,28.0,4.0,1.0,15.0,20.0,8.0,
SOM,2012,4,59.0,0.0,0.0,41.0,41.0,18.0,
SOM,2012,5,4.0,0.0,0.0,1.0,1.0,3.0,
SOM,2012,6,13.0,0.0,0.0,12.0,12.0,1.0,
SOM,2012,7,9.0,1.0,0.0,7.0,8.0,1.0,
SOM,2012,8,3.0,0.0,0.0,3.0,3.0,0.0,
SOM,2012,9,3.0,0.0,1.0,0.0,1.0,2.0,
SOM,2012,10,2.0,0.0,0.0,2.0,2.0,0.0,
SOM,2012,12,1.0,0.0,0.0,1.0,1.0,0.0,
SOM,2013,1,42.0,0.0,0.0,38.0,38.0,4.0,
SOM,2013,2,34.0,1.0,1.0,25.0,27.0,7.0,
SOM,2013,3,29.0,0.0,0.0,29.0,29.0,0.0,
SOM,2013,4,89.0,1.0,1.0,74.0,76.0,13.0,
SOM,2013,5,46.0,6.0,0.0,19.0,25.0,21.0,
SOM,2013,6,24.0,0.0,0.0,6.0,6.0,18.0,
SOM,2013,7,12.0,0.0,0.0,3.0,3.0,9.0,
SOM,2013,9,2.0,0.0,0.0,0.0,0.0,2.0,
SOM,2013,10,32.0,0.0,0.0,18.0,18.0,14.0,
SOM,2013,12,6.0,0.0,0.0,6.0,6.0,0.0,
SOM,2014,1,47.0,29.0,0.0,14.0,43.0,4.0,
SOM,2014,2,107.0,46.0,2.0,44.0,92.0,15.0,
SOM,2014,3,250.0,238.0,0.0,10.0,248.0,2.0,
SOM,2014,4,130.0,120.0,0.0,8.0,128.0,2.0,1.0
SOM,2014,5,232.0,200.0,0.0,24.0,224.0,8.0,1.0
SOM,2014,6,119.0,112.0,0.0,6.0,118.0,1.0,
SOM,2014,7,65.0,44.0,0.0,20.0,64.0,1.0,
SOM,2014,8,8.0,0.0,0.0,6.0,6.0,2.0,
SOM,2014,9,15.0,10.0,0.0,5.0,15.0,0.0,
SOM,2014,10,46.0,17.0,0.0,29.0,46.0,0.0,
SOM,2014,11,1.0,0.0,0.0,1.0,1.0,0.0,
SOM,2014,12,4.0,0.0,0.0,4.0,4.0,0.0,
SOM,2015,1,12.0,0.0,2.0,10.0,12.0,0.0,
SOM,2015,2,20.0,4.0,0.0,13.0,17.0,3.0,
SOM,2015,3,33.0,15.0,0.0,17.0,32.0,1.0,1.0
SOM,2015,4,5.0,2.0,3.0,0.0,5.0,0.0,
SOM,2015,5,12.0,1.0,0.0,10.0,11.0,1.0,
SOM,2015,6,2.0,0.0,0.0,2.0,2.0,0.0,
SOM,2015,8,2.0,0.0,0.0,1.0,1.0,1.0,
SOM,2015,9,1.0,0.0,0.0,0.0,0.0,1.0,
SOM,2015,10,24.0,1.0,0.0,23.0,24.0,0.0,
SOM,2015,11,5.0,4.0,0.0,1.0,5.0,0.0,
SOM,2015,12,3.0,0.0,0.0,3.0,3.0,0.0,
SOM,2016,1,2.0,0.0,0.0,2.0,2.0,0.0,
SOM,2016,3,6.0,0.0,0.0,5.0,5.0,1.0,
SOM,2016,10,12.0,0.0,0.0,11.0,11.0,1.0,
SOM,2016,11,4.0,0.0,0.0,4.0,4.0,0.0,
SOM,2016,12,11.0,0.0,0.0,7.0,7.0,4.0,
SOM,2017,1,0.0,1160.0,0.0,0.0,1160.0,0.0,
SOM,2017,2,0.0,1437.0,0.0,0.0,1437.0,0.0,
SOM,2017,3,0.0,1902.0,0.0,0.0,1902.0,0.0,
SOM,2017,4,0.0,2532.0,0.0,0.0,2532.0,0.0,
SOM,2017,5,0.0,2782.0,0.0,0.0,2782.0,0.0,
SOM,2017,6,0.0,2523.0,0.0,0.0,2523.0,0.0,
SOM,2017,7,0.0,2043.0,0.0,0.0,2043.0,0.0,
SOM,2017,8,0.0,1605.0,0.0,0.0,1605.0,0.0,
SOM,2017,9,0.0,1249.0,0.0,0.0,1249.0,0.0,
SOM,2017,10,0.0,2073.0,0.0,0.0,2073.0,0.0,
SOM,2017,11,0.0,2100.0,0.0,0.0,2100.0,0.0,
SOM,2017,12,0.0,1947.0,0.0,0.0,1947.0,0.0,
SOM,2018,1,0.0,1655.0,0.0,0.0,1655.0,0.0,
SOM,2018,2,0.0,1609.0,0.0,0.0,1609.0,0.0,
SOM,2018,3,0.0,1032.0,0.0,0.0,1032.0,0.0,
SOM,2018,4,0.0,947.0,0.0,0.0,947.0,0.0,
SOM,2018,5,0.0,651.0,0.0,0.0,651.0,0.0,
SOM,2018,6,0.0,524.0,0.0,0.0,524.0,0.0,
SOM,2018,7,0.0,436.0,0.0,0.0,436.0,0.0,
SOM,2018,8,0.0,442.0,0.0,0.0,442.0,0.0,
SOM,2018,9,0.0,332.0,0.0,0.0,332.0,0.0,
SOM,2018,10,0.0,374.0,0.0,0.0,374.0,0.0,
SOM,2018,11,0.0,571.0,0.0,0.0,571.0,0.0,
SOM,2018,12,0.0,551.0,0.0,0.0,551.0,0.0,
SOM,2019,1,0.0,482.0,0.0,0.0,482.0,0.0,
SOM,2019,2,0.0,324.0,0.0,0.0,324.0,0.0,
SOM,2019,3,0.0,380.0,0.0,0.0,380.0,0.0,
SOM,2019,4,0.0,304.0,0.0,0.0,304.0,0.0,
SOM,2019,5,0.0,334.0,0.0,0.0,334.0,0.0,
SOM,2019,6,0.0,206.0,0.0,0.0,206.0,0.0,
SOM,2019,7,0.0,357.0,0.0,0.0,357.0,0.0,
SOM,2019,8,0.0,406.0,0.0,0.0,406.0,0.0,
SOM,2019,9,0.0,333.0,0.0,0.0,333.0,0.0,
SOM,2019,10,0.0,480.0,0.0,0.0,480.0,0.0,
SOM,2019,11,0.0,483.0,0.0,0.0,483.0,0.0,
SOM,2019,12,0.0,415.0,0.0,0.0,415.0,0.0,
SOM,2020,1,0.0,300.0,0.0,0.0,300.0,0.0,
SOM,2020,2,0.0,199.0,0.0,0.0,199.0,0.0,
SOM,2020,3,0.0,211.0,0.0,0.0,211.0,0.0,
SOM,2020,4,0.0,138.0,0.0,0.0,138.0,0.0,
SOM,2020,5,0.0,124.0,0.0,0.0,124.0,0.0,
SOM,2020,6,0.0,174.0,0.0,0.0,174.0,0.0,
SOM,2020,7,0.0,290.0,0.0,0.0,290.0,0.0,
SOM,2020,8,0.0,231.0,0.0,0.0,231.0,0.0,
SOM,2020,9,0.0,181.0,0.0,0.0,181.0,0.0,
SOM,2020,10,0.0,162.0,0.0,0.0,162.0,0.0,
SOM,2020,11,0.0,255.0,0.0,0.0,255.0,0.0,
SOM,2020,12,0.0,117.0,0.0,0.0,117.0,0.0,
SOM,2021,1,0.0,494.0,0.0,0.0,494.0,0.0,
SOM,2021,2,0.0,289.0,0.0,0.0,289.0,0.0,
SOM,2021,3,0.0,381.0,0.0,0.0,381.0,0.0,
SOM,2021,4,0.0,558.0,0.0,0.0,558.0,0.0,
SOM,2021,5,0.0,596.0,0.0,0.0,596.0,0.0,
SOM,2021,6,0.0,803.0,0.0,0.0,803.0,0.0,
SOM,2021,7,0.0,611.0,0.0,0.0,611.0,0.0,
SOM,2021,8,0.0,359.0,0.0,0.0,359.0,0.0,
SOM,2021,9,0.0,535.0,0.0,0.0,535.0,0.0,
SOM,2021,10,0.0,453.0,0.0,0.0,453.0,0.0,
SOM,2021,11,0.0,950.0,0.0,0.0,950.0,0.0,
SOM,2022,1,0.0,1536.0,0.0,0.0,1536.0,0.0,
SOM,2022,2,0.0,1973.0,0.0,0.0,1973.0,0.0,
SOM,2022,3,0.0,2313.0,0.0,0.0,2313.0,0.0,
SOM,2022,4,0.0,1924.0,0.0,0.0,1924.0,0.0,
SOM,2022,5,0.0,1816.0,0.0,0.0,1816.0,0.0,
SOM,2022,6,0.0,1658.0,0.0,0.0,1658.0,0.0,
SOM,2022,7,0.0,1077.0,0.0,0.0,1077.0,0.0,
SOM,2022,8,0.0,1139.0,0.0,0.0,1139.0,0.0,
SOM,2022,9,0.0,821.0,0.0,0.0,821.0,0.0,
SOM,2022,10,0.0,886.0,0.0,0.0,886.0,0.0,
SOM,2022,11,0.0,1171.0,0.0,0.0,1171.0,0.0,
SOM,2022,12,0.0,1047.0,0.0,0.0,1047.0,0.0,
SOM,2023,1,215.0,0.0,0.0,142.0,142.0,73.0,
SOM,2023,2,522.0,0.0,0.0,427.0,427.0,95.0,
SOM,2023,3,58.0,0.0,0.0,23.0,23.0,35.0,1.0
SOM,2023,4,240.0,0.0,0.0,127.0,127.0,113.0,9.0
SOM,2023,5,266.0,0.0,0.0,153.0,153.0,113.0,
SOM,2023,6,281.0,2.0,0.0,145.0,147.0,134.0,6.0
SOM,2023,7,199.0,0.0,0.0,90.0,90.0,109.0,
SOM,2023,8,252.0,0.0,0.0,130.0,130.0,122.0,
SOM,2023,9,317.0,0.0,0.0,154.0,154.0,163.0,
SOM,2023,10,363.0,0.0,0.0,120.0,120.0,243.0,
SOM,2023,11,266.0,0.0,0.0,145.0,145.0,121.0,
SOM,2023,12,157.0,0.0,0.0,123.0,123.0,34.0,
SOM,2024,1,409.0,0.0,0.0,204.0,204.0,205.0,
SOM,2024,2,178.0,0.0,0.0,104.0,104.0,74.0,
SOM,2024,3,363.0,0.0,0.0,205.0,205.0,158.0,
SOM,2024,4,305.0,0.0,0.0,177.0,177.0,128.0,
SOM,2024,5,228.0,0.0,0.0,110.0,110.0,118.0,
SOM,2024,6,242.0,0.0,0.0,100.0,100.0,142.0,
SOM,2024,7,236.0,0.0,0.0,86.0,86.0,150.0,
SOM,2024,8,217.0,0.0,0.0,79.0,79.0,138.0,
SOM,2024,9,273.0,0.0,0.0,107.0,107.0,166.0,
SOM,2024,10,258.0,0.0,0.0,143.0,143.0,115.0,
SOM,2024,11,200.0,0.0,0.0,84.0,84.0,116.0,
SOM,2024,12,222.0,0.0,0.0,117.0,117.0,105.0,
SOM,2025,1,274.0,0.0,0.0,144.0,144.0,130.0,
SOM,2025,2,208.0,0.0,0.0,90.0,90.0,118.0,
SOM,2025,3,377.0,0.0,0.0,226.0,226.0,151.0,
SOM,2025,4,356.0,0.0,0.0,266.0,266.0,90.0,
SOM,2025,5,242.0,0.0,0.0,142.0,142.0,100.0,
SOM,2025,6,396.0,0.0,0.0,261.0,261.0,135.0,
SOM,2025,7,269.0,0.0,0.0,174.0,174.0,95.0,
SOM,2025,8,223.0,0.0,0.0,135.0,135.0,88.0,
SOM,2025,9,202.0,0.0,0.0,117.0,117.0,85.0,
SOM,2025,10,265.0,0.0,0.0,107.0,107.0,158.0,
SOM,2025,11,222.0,0.0,0.0,73.0,73.0,149.0,
SOM,2025,12,236.0,0.0,0.0,132.0,132.0,104.0,
SOM,2026,1,153.0,0.0,0.0,71.0,71.0,82.0,
SOM,2026,2,211.0,0.0,0.0,91.0,91.0,120.0,
SOM,2026,3,312.0,0.0,0.0,125.0,125.0,187.0,
SOM,2026,4,230.0,0.0,0.0,99.0,99.0,131.0,
SOM,2026,5,243.0,0.0,0.0,104.0,104.0,139.0,
SOM,2026,6,247.0,0.0,0.0,156.0,156.0,91.0,
SOM,2026,7,103.0,0.0,0.0,39.0,39.0,64.0,
SSD,2012,1,122.0,117.0,0.0,3.0,120.0,2.0,
SSD,2012,2,295.0,265.0,0.0,26.0,291.0,4.0,
SSD,2012,3,421.0,390.0,0.0,21.0,411.0,10.0,
SSD,2012,4,455.0,422.0,7.0,18.0,447.0,8.0,
SSD,2012,5,409.0,383.0,0.0,21.0,404.0,5.0,
SSD,2012,6,183.0,153.0,0.0,18.0,171.0,12.0,
SSD,2012,7,68.0,58.0,0.0,7.0,65.0,3.0,
SSD,2012,8,9.0,6.0,0.0,0.0,6.0,3.0,
SSD,2012,9,2.0,1.0,0.0,1.0,2.0,0.0,
SSD,2012,10,38.0,2.0,4.0,14.0,20.0,18.0,
SSD,2012,11,28.0,8.0,9.0,2.0,19.0,9.0,3.0
SSD,2012,12,20.0,4.0,0.0,9.0,13.0,7.0,1.0
SSD,2013,1,122.0,104.0,4.0,8.0,116.0,6.0,6.0
SSD,2013,2,127.0,116.0,0.0,6.0,122.0,5.0,2.0
SSD,2013,3,126.0,105.0,2.0,8.0,115.0,11.0,11.0
SSD,2013,4,42.0,0.0,4.0,26.0,30.0,12.0,3.0
SSD,2013,5,70.0,0.0,0.0,40.0,40.0,30.0,3.0
SSD,2013,6,44.0,0.0,0.0,19.0,19.0,25.0,
SSD,2013,7,26.0,0.0,3.0,17.0,20.0,6.0,
SSD,2013,8,32.0,12.0,0.0,19.0,31.0,1.0,
SSD,2013,9,31.0,13.0,0.0,14.0,27.0,4.0,
SSD,2014,1,58.0,58.0,0.0,0.0,58.0,0.0,
SSD,2014,2,63.0,63.0,0.0,0.0,63.0,0.0,
SSD,2014,3,116.0,116.0,0.0,0.0,116.0,0.0,
SSD,2014,4,29.0,29.0,0.0,0.0,29.0,0.0,
SSD,2014,5,33.0,33.0,0.0,0.0,33.0,0.0,
SSD,2014,6,98.0,98.0,0.0,0.0,98.0,0.0,
SSD,2014,7,21.0,21.0,0.0,0.0,21.0,0.0,
SSD,2014,8,4.0,3.0,0.0,0.0,3.0,1.0,1.0
SSD,2014,9,5.0,5.0,0.0,0.0,5.0,0.0,
SSD,2014,10,40.0,40.0,0.0,0.0,40.0,0.0,
SSD,2015,1,20.0,5.0,0.0,6.0,11.0,9.0,6.0
SSD,2015,2,19.0,10.0,0.0,1.0,11.0,8.0,4.0
SSD,2015,3,161.0,48.0,79.0,12.0,139.0,22.0,
SSD,2015,4,171.0,133.0,0.0,3.0,136.0,35.0,22.0
SSD,2015,5,30.0,6.0,0.0,4.0,10.0,20.0,2.0
SSD,2015,6,18.0,1.0,0.0,1.0,2.0,16.0,3.0
SSD,2015,7,22.0,1.0,0.0,1.0,2.0,20.0,4.0
SSD,2015,8,9.0,0.0,0.0,3.0,3.0,6.0,
SSD,2015,9,17.0,0.0,0.0,9.0,9.0,8.0,
SSD,2015,10,23.0,0.0,0.0,5.0,5.0,18.0,5.0
SSD,2015,11,17.0,6.0,0.0,6.0,12.0,5.0,1.0
SSD,2015,12,29.0,21.0,0.0,5.0,26.0,3.0,
SSD,2016,1,49.0,21.0,2.0,5.0,28.0,21.0,3.0
SSD,2016,2,183.0,123.0,7.0,27.0,157.0,26.0,7.0
SSD,2016,3,388.0,307.0,5.0,25.0,337.0,51.0,6.0
SSD,2016,4,247.0,187.0,4.0,27.0,218.0,29.0,4.0
SSD,2016,5,148.0,103.0,1.0,20.0,124.0,24.0,2.0
SSD,2016,6,23.0,0.0,1.0,5.0,6.0,17.0,3.0
SSD,2016,7,13.0,3.0,0.0,1.0,4.0,9.0,
SSD,2016,8,7.0,0.0,0.0,5.0,5.0,2.0,
SSD,2016,9,38.0,0.0,0.0,13.0,13.0,25.0,2.0
SSD,2016,10,8.0,0.0,0.0,3.0,3.0,5.0,
SSD,2016,11,16.0,0.0,0.0,7.0,7.0,9.0,4.0
SSD,2017,1,149.0,18.0,47.0,21.0,86.0,63.0,25.0
SSD,2017,2,68.0,4.0,36.0,9.0,49.0,19.0,5.0
SSD,2017,3,99.0,10.0,30.0,16.0,56.0,43.0,19.0
SSD,2017,4,76.0,6.0,23.0,18.0,47.0,29.0,8.0
SSD,2017,5,47.0,2.0,23.0,11.0,36.0,11.0,
SSD,2017,6,11.0,8.0,1.0,0.0,9.0,2.0,
SSD,2017,7,20.0,14.0,3.0,0.0,17.0,3.0,1.0
SSD,2017,8,23.0,18.0,0.0,1.0,19.0,4.0,2.0
SSD,2017,9,63.0,51.0,0.0,0.0,51.0,12.0,6.0
SSD,2017,10,104.0,93.0,0.0,5.0,98.0,6.0,3.0
SSD,2017,11,17.0,12.0,0.0,4.0,16.0,1.0,
SSD,2017,12,15.0,1.0,0.0,2.0,3.0,12.0,2.0
SSD,2018,1,52.0,15.0,3.0,10.0,28.0,24.0,8.0
SSD,2018,2,56.0,13.0,5.0,4.0,22.0,34.0,13.0
SSD,2018,3,58.0,11.0,0.0,6.0,17.0,41.0,23.0
SSD,2018,4,51.0,24.0,0.0,0.0,24.0,27.0,
SSD,2018,5,34.0,15.0,0.0,5.0,20.0,14.0,
SSD,2018,6,15.0,15.0,0.0,0.0,15.0,0.0,
SSD,2018,9,1.0,1.0,0.0,0.0,1.0,0.0,
SSD,2019,1,629.0,16.0,467.0,47.0,530.0,99.0,14.0
SSD,2019,2,403.0,5.0,284.0,26.0,315.0,88.0,14.0
SSD,2019,3,449.0,34.0,256.0,45.0,335.0,114.0,
SSD,2019,4,299.0,74.0,109.0,22.0,205.0,94.0,1.0
SSD,2019,5,112.0,26.0,57.0,3.0,86.0,26.0,
SSD,2019,12,1.0,0.0,0.0,1.0,1.0,0.0,
SSD,2020,1,386.0,4.0,318.0,30.0,352.0,34.0,14.0
SSD,2020,2,272.0,2.0,204.0,24.0,230.0,42.0,11.0
SSD,2020,3,370.0,9.0,323.0,16.0,348.0,22.0,7.0
SSD,2020,4,233.0,5.0,205.0,4.0,214.0,19.0,11.0
SSD,2020,5,58.0,1.0,46.0,6.0,53.0,5.0,2.0
SSD,2020,6,7.0,0.0,7.0,0.0,7.0,0.0,
SSD,2021,1,29.0,1.0,3.0,1.0,5.0,24.0,7.0
SSD,2021,2,25.0,12.0,0.0,1.0,13.0,12.0,5.0
SSD,2021,3,64.0,49.0,1.0,2.0,52.0,12.0,1.0
SSD,2021,4,19.0,4.0,0.0,1.0,5.0,14.0,1.0
SSD,2021,5,24.0,3.0,0.0,0.0,3.0,21.0,1.0
SSD,2021,6,26.0,19.0,0.0,1.0,20.0,6.0,
SSD,2021,7,10.0,2.0,0.0,0.0,2.0,8.0,3.0
SSD,2021,8,29.0,10.0,0.0,1.0,11.0,18.0,2.0
SSD,2021,9,20.0,13.0,0.0,0.0,13.0,7.0,
SSD,2021,10,6.0,6.0,0.0,0.0,6.0,0.0,
SSD,2022,1,68.0,0.0,32.0,14.0,46.0,22.0,6.0
SSD,2022,2,215.0,0.0,130.0,18.0,148.0,67.0,53.0
SSD,2022,3,184.0,5.0,38.0,25.0,68.0,116.0,61.0
SSD,2022,4,93.0,8.0,15.0,36.0,59.0,34.0,10.0
SSD,2022,5,272.0,51.0,55.0,76.0,182.0,90.0,13.0
SSD,2022,6,221.0,1.0,181.0,20.0,202.0,19.0,
SSD,2022,7,168.0,0.0,136.0,15.0,151.0,17.0,7.0
SSD,2022,8,205.0,3.0,186.0,10.0,199.0,6.0,2.0
SSD,2022,9,407.0,5.0,281.0,44.0,330.0,77.0,5.0
SSD,2022,10,423.0,1.0,351.0,32.0,384.0,39.0,2.0
SSD,2022,11,45.0,0.0,38.0,1.0,39.0,6.0,
SSD,2023,1,99.0,4.0,0.0,66.0,70.0,29.0,
SSD,2023,2,137.0,0.0,0.0,86.0,86.0,51.0,8.0
SSD,2023,3,82.0,1.0,0.0,45.0,46.0,36.0,1.0
SSD,2023,4,54.0,1.0,0.0,17.0,18.0,36.0,13.0
SSD,2023,5,36.0,0.0,0.0,24.0,24.0,12.0,3.0
SSD,2023,6,106.0,14.0,0.0,61.0,75.0,31.0,4.0
SSD,2023,7,121.0,5.0,0.0,92.0,97.0,24.0,2.0
SSD,2023,8,61.0,2.0,0.0,26.0,28.0,33.0,7.0
SSD,2023,9,99.0,3.0,0.0,64.0,67.0,32.0,4.0
SSD,2023,10,48.0,1.0,0.0,25.0,26.0,22.0,
SSD,2023,11,20.0,0.0,0.0,10.0,10.0,10.0,
SSD,2024,1,611.0,352.0,144.0,81.0,577.0,34.0,6.0
SSD,2024,2,917.0,492.0,351.0,45.0,888.0,29.0,6.0
SSD,2024,3,1272.0,927.0,294.0,18.0,1239.0,33.0,12.0
SSD,2024,4,305.0,263.0,0.0,18.0,281.0,24.0,6.0
SSD,2024,5,69.0,43.0,0.0,8.0,51.0,18.0,3.0
SSD,2024,6,4.0,2.0,0.0,2.0,4.0,0.0,
SSD,2024,7,5.0,0.0,0.0,2.0,2.0,3.0,
SSD,2024,8,14.0,0.0,0.0,11.0,11.0,3.0,
SSD,2024,9,19.0,2.0,0.0,13.0,15.0,4.0,1.0
SSD,2024,10,10.0,0.0,0.0,8.0,8.0,2.0,
SSD,2025,1,47.0,38.0,0.0,5.0,43.0,4.0,
SSD,2025,2,32.0,26.0,1.0,3.0,30.0,2.0,1.0
SSD,2025,3,21.0,7.0,1.0,7.0,15.0,6.0,
SSD,2025,4,12.0,0.0,0.0,3.0,3.0,9.0,1.0
SSD,2026,1,172.0,148.0,0.0,8.0,156.0,16.0,5.0
SSD,2026,2,153.0,116.0,1.0,24.0,141.0,12.0,5.0
SSD,2026,3,82.0,6.0,32.0,19.0,57.0,25.0,10.0
SSD,2026,4,93.0,5.0,7.0,19.0,31.0,62.0,22.0
SSD,2026,5,28.0,1.0,0.0,11.0,12.0,16.0,3.0
SSD,2026,6,17.0,0.0,0.0,9.0,9.0,8.0,
STP,2014,2,1.0,1.0,0.0,0.0,1.0,0.0,
STP,2015,4,1.0,0.0,0.0,0.0,0.0,1.0,1.0
STP,2015,5,2.0,0.0,0.0,0.0,0.0,2.0,2.0
STP,2017,8,1.0,1.0,0.0,0.0,1.0,0.0,
STP,2019,3,1.0,0.0,0.0,0.0,0.0,1.0,
STP,2019,6,1.0,1.0,0.0,0.0,1.0,0.0,
STP,2019,7,1.0,1.0,0.0,0.0,1.0,0.0,
STP,2019,8,1.0,1.0,0.0,0.0,1.0,0.0,
STP,2022,5,1.0,0.0,0.0,0.0,0.0,1.0,
SWZ,2012,1,3.0,0.0,0.0,0.0,0.0,3.0,1.0
SWZ,2012,2,5.0,0.0,0.0,0.0,0.0,5.0,1.0
SWZ,2012,3,4.0,0.0,0.0,0.0,0.0,4.0,
SWZ,2012,4,3.0,0.0,0.0,0.0,0.0,3.0,
SWZ,2012,5,3.0,0.0,0.0,0.0,0.0,3.0,
SWZ,2012,6,3.0,0.0,0.0,0.0,0.0,3.0,
SWZ,2012,7,1.0,0.0,0.0,0.0,0.0,1.0,
SWZ,2012,8,10.0,0.0,0.0,0.0,0.0,10.0,2.0
SWZ,2012,9,9.0,0.0,0.0,0.0,0.0,9.0,2.0
SWZ,2012,10,10.0,0.0,0.0,0.0,0.0,10.0,4.0
SWZ,2012,11,19.0,0.0,0.0,1.0,1.0,18.0,5.0
SWZ,2013,1,6.0,0.0,0.0,0.0,0.0,6.0,2.0
SWZ,2013,2,5.0,0.0,0.0,0.0,0.0,5.0,
SWZ,2013,3,10.0,0.0,0.0,0.0,0.0,10.0,
SWZ,2013,4,10.0,0.0,0.0,0.0,0.0,10.0,
SWZ,2013,5,5.0,0.0,0.0,0.0,0.0,5.0,
SWZ,2013,6,27.0,0.0,0.0,0.0,0.0,27.0,1.0
SWZ,2013,7,98.0,0.0,0.0,0.0,0.0,98.0,55.0
SWZ,2013,8,41.0,0.0,0.0,0.0,0.0,41.0,30.0
SWZ,2013,9,15.0,0.0,0.0,0.0,0.0,15.0,6.0
SWZ,2013,10,26.0,0.0,0.0,0.0,0.0,26.0,8.0
SWZ,2013,11,7.0,0.0,0.0,0.0,0.0,7.0,5.0
SWZ,2014,2,1.0,0.0,0.0,0.0,0.0,1.0,
SWZ,2014,4,4.0,2.0,0.0,0.0,2.0,2.0,
SWZ,2014,5,3.0,1.0,0.0,0.0,1.0,2.0,
SWZ,2014,6,4.0,2.0,0.0,0.0,2.0,2.0,
SWZ,2014,7,2.0,0.0,0.0,0.0,0.0,2.0,
SWZ,2014,8,15.0,1.0,0.0,0.0,1.0,14.0,1.0
SWZ,2014,9,6.0,1.0,0.0,0.0,1.0,5.0,
SWZ,2014,10,4.0,2.0,0.0,0.0,2.0,2.0,
SWZ,2014,11,3.0,3.0,0.0,0.0,3.0,0.0,
SWZ,2014,12,8.0,8.0,0.0,0.0,8.0,0.0,
SWZ,2015,1,2.0,0.0,0.0,0.0,0.0,2.0,
SWZ,2015,2,7.0,0.0,0.0,0.0,0.0,7.0,
SWZ,2015,3,3.0,0.0,0.0,0.0,0.0,3.0,
SWZ,2015,4,5.0,0.0,0.0,0.0,0.0,5.0,1.0
SWZ,2015,5,3.0,0.0,0.0,0.0,0.0,3.0,
SWZ,2015,6,2.0,0.0,0.0,0.0,0.0,2.0,
SWZ,2015,7,2.0,0.0,0.0,0.0,0.0,2.0,
SWZ,2015,8,2.0,0.0,0.0,0.0,0.0,2.0,
SWZ,2015,9,6.0,0.0,0.0,0.0,0.0,6.0,
SWZ,2015,10,13.0,0.0,0.0,0.0,0.0,13.0,
SWZ,2015,11,9.0,0.0,0.0,0.0,0.0,9.0,1.0
SWZ,2015,12,2.0,0.0,0.0,0.0,0.0,2.0,
SWZ,2016,1,3.0,0.0,0.0,0.0,0.0,3.0,
SWZ,2016,2,5.0,0.0,0.0,0.0,0.0,5.0,
SWZ,2016,3,13.0,0.0,0.0,1.0,1.0,12.0,
SWZ,2016,4,15.0,0.0,0.0,0.0,0.0,15.0,1.0
SWZ,2016,5,6.0,0.0,0.0,0.0,0.0,6.0,
SWZ,2016,6,15.0,0.0,0.0,0.0,0.0,15.0,
SWZ,2016,7,4.0,0.0,0.0,0.0,0.0,4.0,2.0
SWZ,2016,8,2.0,0.0,0.0,0.0,0.0,2.0,1.0
SWZ,2016,9,1.0,0.0,0.0,0.0,0.0,1.0,
SWZ,2016,10,13.0,0.0,0.0,0.0,0.0,13.0,
SWZ,2016,11,9.0,0.0,0.0,0.0,0.0,9.0,
SWZ,2016,12,2.0,0.0,0.0,0.0,0.0,2.0,
SWZ,2017,1,3.0,0.0,0.0,0.0,0.0,3.0,
SWZ,2017,2,3.0,0.0,0.0,0.0,0.0,3.0,
SWZ,2017,3,9.0,0.0,0.0,0.0,0.0,9.0,
SWZ,2017,4,3.0,0.0,0.0,0.0,0.0,3.0,
SWZ,2017,5,7.0,0.0,0.0,0.0,0.0,7.0,
SWZ,2017,6,6.0,0.0,0.0,0.0,0.0,6.0,
SWZ,2017,7,8.0,0.0,0.0,0.0,0.0,8.0,
SWZ,2017,8,11.0,0.0,0.0,0.0,0.0,11.0,
SWZ,2017,9,9.0,0.0,0.0,0.0,0.0,9.0,
SWZ,2017,10,17.0,0.0,0.0,0.0,0.0,17.0,
SWZ,2017,11,4.0,0.0,0.0,0.0,0.0,4.0,
SWZ,2017,12,6.0,0.0,0.0,0.0,0.0,6.0,
SWZ,2018,1,5.0,0.0,0.0,0.0,0.0,5.0,
SWZ,2018,2,8.0,0.0,0.0,0.0,0.0,8.0,
SWZ,2018,3,12.0,0.0,0.0,0.0,0.0,12.0,
SWZ,2018,4,8.0,0.0,0.0,0.0,0.0,8.0,
SWZ,2018,5,12.0,0.0,0.0,0.0,0.0,12.0,
SWZ,2018,6,9.0,0.0,0.0,0.0,0.0,9.0,
SWZ,2018,7,4.0,0.0,0.0,0.0,0.0,4.0,
SWZ,2018,8,4.0,0.0,0.0,0.0,0.0,4.0,
SWZ,2018,9,4.0,0.0,0.0,0.0,0.0,4.0,
SWZ,2018,10,14.0,0.0,0.0,0.0,0.0,14.0,
SWZ,2018,11,11.0,0.0,0.0,0.0,0.0,11.0,
SWZ,2018,12,9.0,0.0,0.0,0.0,0.0,9.0,
SWZ,2019,1,4.0,0.0,0.0,0.0,0.0,4.0,
SWZ,2019,2,14.0,0.0,0.0,0.0,0.0,14.0,2.0
SWZ,2019,3,10.0,0.0,0.0,0.0,0.0,10.0,
SWZ,2019,4,8.0,0.0,0.0,0.0,0.0,8.0,
SWZ,2019,5,15.0,0.0,0.0,0.0,0.0,15.0,
SWZ,2019,6,10.0,0.0,0.0,0.0,0.0,10.0,
SWZ,2019,7,12.0,0.0,0.0,0.0,0.0,12.0,
SWZ,2019,8,6.0,0.0,0.0,0.0,0.0,6.0,
SWZ,2019,9,6.0,0.0,0.0,0.0,0.0,6.0,
SWZ,2019,10,18.0,0.0,0.0,0.0,0.0,18.0,1.0
SWZ,2019,11,19.0,0.0,0.0,0.0,0.0,19.0,1.0
SWZ,2019,12,2.0,0.0,0.0,0.0,0.0,2.0,
SWZ,2020,1,16.0,1.0,0.0,0.0,1.0,15.0,1.0
SWZ,2020,2,12.0,0.0,0.0,0.0,0.0,12.0,1.0
SWZ,2020,3,9.0,0.0,0.0,0.0,0.0,9.0,
SWZ,2020,5,2.0,0.0,0.0,0.0,0.0,2.0,
SWZ,2020,7,1.0,0.0,0.0,0.0,0.0,1.0,
SWZ,2020,8,3.0,0.0,0.0,0.0,0.0,3.0,
SWZ,2020,11,3.0,0.0,0.0,0.0,0.0,3.0,
SWZ,2020,12,1.0,0.0,0.0,0.0,0.0,1.0,
SWZ,2021,1,5.0,0.0,0.0,0.0,0.0,5.0,
SWZ,2021,2,3.0,0.0,0.0,0.0,0.0,3.0,
SWZ,2021,3,1.0,0.0,0.0,0.0,0.0,1.0,
SWZ,2021,4,2.0,0.0,0.0,0.0,0.0,2.0,
SWZ,2021,5,2.0,0.0,0.0,0.0,0.0,2.0,
SWZ,2021,6,1.0,0.0,0.0,0.0,0.0,1.0,
SWZ,2021,7,2.0,0.0,0.0,0.0,0.0,2.0,
SWZ,2021,8,5.0,0.0,0.0,1.0,1.0,4.0,
SWZ,2021,11,5.0,0.0,0.0,0.0,0.0,5.0,
SWZ,2021,12,3.0,0.0,0.0,0.0,0.0,3.0,
SWZ,2022,1,5.0,0.0,0.0,0.0,0.0,5.0,
SWZ,2022,2,6.0,0.0,0.0,0.0,0.0,6.0,
SWZ,2022,3,1.0,0.0,0.0,0.0,0.0,1.0,
SWZ,2022,4,2.0,0.0,0.0,0.0,0.0,2.0,
SWZ,2022,5,5.0,0.0,0.0,0.0,0.0,5.0,
SWZ,2022,6,6.0,0.0,0.0,0.0,0.0,6.0,
SWZ,2022,7,5.0,0.0,0.0,0.0,0.0,5.0,
SWZ,2022,8,4.0,0.0,0.0,0.0,0.0,4.0,
SWZ,2022,9,3.0,0.0,0.0,0.0,0.0,3.0,
SWZ,2022,10,11.0,0.0,0.0,0.0,0.0,11.0,
SWZ,2022,11,10.0,0.0,0.0,0.0,0.0,10.0,
SWZ,2022,12,4.0,0.0,0.0,0.0,0.0,4.0,
SWZ,2023,1,10.0,0.0,0.0,0.0,0.0,10.0,
SWZ,2023,2,10.0,0.0,0.0,0.0,0.0,10.0,
SWZ,2023,3,26.0,0.0,0.0,1.0,1.0,25.0,
SWZ,2023,4,5.0,0.0,0.0,0.0,0.0,5.0,
SWZ,2023,5,7.0,0.0,0.0,0.0,0.0,7.0,
SWZ,2023,6,3.0,0.0,0.0,0.0,0.0,3.0,
SWZ,2023,7,5.0,0.0,0.0,0.0,0.0,5.0,
SWZ,2023,8,11.0,0.0,0.0,0.0,0.0,11.0,
SWZ,2023,9,4.0,0.0,0.0,0.0,0.0,4.0,
SWZ,2023,10,17.0,0.0,0.0,2.0,2.0,15.0,
SWZ,2023,11,18.0,0.0,0.0,0.0,0.0,18.0,
SWZ,2023,12,4.0,0.0,0.0,0.0,0.0,4.0,
SWZ,2024,1,4.0,0.0,0.0,0.0,0.0,4.0,
SWZ,2024,2,10.0,0.0,0.0,0.0,0.0,10.0,
SWZ,2024,3,7.0,0.0,0.0,0.0,0.0,7.0,
SWZ,2024,4,7.0,0.0,0.0,0.0,0.0,7.0,
SWZ,2024,5,7.0,0.0,0.0,0.0,0.0,7.0,1.0
SWZ,2024,6,6.0,0.0,0.0,0.0,0.0,6.0,
SWZ,2024,7,5.0,0.0,0.0,0.0,0.0,5.0,
SWZ,2024,8,7.0,0.0,0.0,0.0,0.0,7.0,
SWZ,2024,9,8.0,0.0,0.0,0.0,0.0,8.0,1.0
SWZ,2024,10,14.0,0.0,0.0,0.0,0.0,14.0,1.0
SWZ,2024,11,16.0,0.0,0.0,0.0,0.0,16.0,
SWZ,2024,12,10.0,0.0,0.0,0.0,0.0,10.0,1.0
SWZ,2025,1,9.0,0.0,0.0,0.0,0.0,9.0,
SWZ,2025,2,7.0,0.0,0.0,0.0,0.0,7.0,
SWZ,2025,3,11.0,0.0,0.0,0.0,0.0,11.0,
SWZ,2025,4,8.0,0.0,0.0,0.0,0.0,8.0,
SWZ,2025,5,6.0,0.0,0.0,0.0,0.0,6.0,
SWZ,2025,6,2.0,0.0,0.0,0.0,0.0,2.0,
SWZ,2025,7,2.0,0.0,0.0,0.0,0.0,2.0,
SWZ,2025,8,8.0,0.0,0.0,0.0,0.0,8.0,
SWZ,2025,9,7.0,0.0,0.0,0.0,0.0,7.0,
SWZ,2025,10,5.0,0.0,0.0,0.0,0.0,5.0,
SWZ,2025,11,14.0,0.0,0.0,0.0,0.0,14.0,
SWZ,2026,1,7.0,0.0,0.0,0.0,0.0,7.0,
SWZ,2026,2,3.0,0.0,0.0,0.0,0.0,3.0,
SWZ,2026,3,6.0,0.0,0.0,0.0,0.0,6.0,
SWZ,2026,4,3.0,0.0,0.0,0.0,0.0,3.0,
SWZ,2026,5,4.0,0.0,0.0,0.0,0.0,4.0,
SWZ,2026,6,7.0,0.0,0.0,0.0,0.0,7.0,
SWZ,2026,7,4.0,0.0,0.0,0.0,0.0,4.0,
SYC,2017,11,2.0,0.0,0.0,0.0,0.0,2.0,
SYC,2018,4,1.0,0.0,0.0,0.0,0.0,1.0,
SYC,2018,6,1.0,0.0,0.0,0.0,0.0,1.0,
SYC,2018,9,8.0,0.0,0.0,0.0,0.0,8.0,
SYC,2018,12,2.0,0.0,0.0,1.0,1.0,1.0,
SYC,2019,1,1.0,0.0,0.0,0.0,0.0,1.0,
SYC,2020,1,61.0,3.0,0.0,21.0,24.0,37.0,2.0
SYC,2020,2,24.0,1.0,0.0,5.0,6.0,18.0,2.0
SYC,2020,3,17.0,0.0,0.0,1.0,1.0,16.0,
SYC,2020,4,3.0,0.0,0.0,0.0,0.0,3.0,
SYC,2020,5,5.0,0.0,0.0,0.0,0.0,5.0,
SYC,2020,6,2.0,0.0,0.0,0.0,0.0,2.0,
TCD,2012,1,39.0,9.0,25.0,5.0,39.0,0.0,
TCD,2012,2,63.0,12.0,9.0,36.0,57.0,6.0,
TCD,2012,3,35.0,7.0,0.0,17.0,24.0,11.0,
TCD,2012,4,23.0,6.0,0.0,10.0,16.0,7.0,
TCD,2012,5,14.0,1.0,0.0,10.0,11.0,3.0,
TCD,2012,6,10.0,2.0,0.0,8.0,10.0,0.0,
TCD,2013,1,23.0,1.0,0.0,18.0,19.0,4.0,
TCD,2013,2,41.0,4.0,0.0,18.0,22.0,19.0,
TCD,2013,3,51.0,0.0,0.0,28.0,28.0,23.0,3.0
TCD,2013,4,31.0,2.0,0.0,15.0,17.0,14.0,6.0
TCD,2013,5,31.0,1.0,0.0,24.0,25.0,6.0,
TCD,2013,6,16.0,2.0,0.0,13.0,15.0,1.0,
TCD,2013,7,47.0,8.0,0.0,29.0,37.0,10.0,
TCD,2013,8,3.0,2.0,0.0,1.0,3.0,0.0,
TCD,2013,9,15.0,12.0,0.0,2.0,14.0,1.0,
TCD,2013,10,18.0,9.0,0.0,9.0,18.0,0.0,
TCD,2013,11,13.0,3.0,0.0,9.0,12.0,1.0,
TCD,2013,12,8.0,1.0,0.0,6.0,7.0,1.0,
TCD,2014,1,238.0,22.0,71.0,123.0,216.0,22.0,
TCD,2014,2,744.0,5.0,616.0,104.0,725.0,19.0,
TCD,2014,3,218.0,0.0,181.0,29.0,210.0,8.0,
TCD,2014,4,60.0,0.0,45.0,15.0,60.0,0.0,
TCD,2014,5,31.0,0.0,1.0,30.0,31.0,0.0,
TCD,2014,6,15.0,0.0,0.0,15.0,15.0,0.0,
TCD,2014,7,2.0,0.0,0.0,2.0,2.0,0.0,
TCD,2015,1,33.0,5.0,5.0,14.0,24.0,9.0,
TCD,2015,2,79.0,6.0,18.0,24.0,48.0,31.0,
TCD,2015,3,188.0,17.0,68.0,49.0,134.0,54.0,13.0
TCD,2015,4,103.0,9.0,19.0,34.0,62.0,41.0,8.0
TCD,2015,5,75.0,5.0,14.0,41.0,60.0,15.0,7.0
TCD,2015,6,37.0,7.0,0.0,17.0,24.0,13.0,1.0
TCD,2015,7,24.0,11.0,0.0,6.0,17.0,7.0,1.0
TCD,2015,8,20.0,6.0,0.0,8.0,14.0,6.0,
TCD,2015,9,23.0,3.0,0.0,12.0,15.0,8.0,
TCD,2015,10,18.0,4.0,0.0,6.0,10.0,8.0,
TCD,2015,11,12.0,0.0,0.0,3.0,3.0,9.0,1.0
TCD,2015,12,15.0,0.0,0.0,7.0,7.0,8.0,
TCD,2016,1,36.0,2.0,0.0,17.0,19.0,17.0,4.0
TCD,2016,2,97.0,4.0,18.0,11.0,33.0,64.0,5.0
TCD,2016,3,69.0,3.0,0.0,12.0,15.0,54.0,1.0
TCD,2016,4,58.0,4.0,0.0,14.0,18.0,40.0,4.0
TCD,2016,5,47.0,3.0,12.0,10.0,25.0,22.0,2.0
TCD,2016,6,45.0,8.0,0.0,14.0,22.0,23.0,1.0
TCD,2016,7,26.0,4.0,0.0,5.0,9.0,17.0,
TCD,2016,8,14.0,1.0,0.0,0.0,1.0,13.0,7.0
TCD,2016,9,12.0,2.0,0.0,2.0,4.0,8.0,
TCD,2016,10,16.0,9.0,0.0,3.0,12.0,4.0,
TCD,2016,11,10.0,10.0,0.0,0.0,10.0,0.0,
TCD,2017,1,19.0,0.0,0.0,0.0,0.0,19.0,
TCD,2017,2,19.0,0.0,0.0,0.0,0.0,19.0,
TCD,2017,3,66.0,4.0,0.0,1.0,5.0,61.0,7.0
TCD,2017,4,55.0,1.0,0.0,4.0,5.0,50.0,9.0
TCD,2017,5,36.0,2.0,0.0,1.0,3.0,33.0,3.0
TCD,2017,6,25.0,0.0,0.0,2.0,2.0,23.0,1.0
TCD,2017,7,17.0,1.0,0.0,0.0,1.0,16.0,
TCD,2017,8,11.0,1.0,0.0,0.0,1.0,10.0,1.0
TCD,2017,9,13.0,3.0,0.0,0.0,3.0,10.0,
TCD,2017,10,21.0,1.0,0.0,0.0,1.0,20.0,1.0
TCD,2017,11,17.0,0.0,0.0,1.0,1.0,16.0,1.0
TCD,2017,12,26.0,4.0,0.0,0.0,4.0,22.0,1.0
TCD,2018,1,53.0,2.0,8.0,4.0,14.0,39.0,4.0
TCD,2018,2,42.0,0.0,2.0,0.0,2.0,40.0,5.0
TCD,2018,3,58.0,1.0,0.0,1.0,2.0,56.0,17.0
TCD,2018,4,154.0,7.0,61.0,13.0,81.0,73.0,8.0
TCD,2018,5,315.0,4.0,211.0,50.0,265.0,50.0,11.0
TCD,2018,6,213.0,10.0,130.0,43.0,183.0,30.0,4.0
TCD,2018,7,123.0,5.0,7.0,85.0,97.0,26.0,
TCD,2018,8,109.0,7.0,0.0,79.0,86.0,23.0,
TCD,2018,9,115.0,9.0,0.0,69.0,78.0,37.0,
TCD,2018,10,125.0,109.0,0.0,12.0,121.0,4.0,
TCD,2018,11,93.0,93.0,0.0,0.0,93.0,0.0,
TCD,2018,12,13.0,13.0,0.0,0.0,13.0,0.0,
TCD,2019,1,479.0,478.0,0.0,1.0,479.0,0.0,
TCD,2019,2,806.0,790.0,0.0,6.0,796.0,10.0,4.0
TCD,2019,3,227.0,175.0,0.0,31.0,206.0,21.0,7.0
TCD,2019,4,18.0,1.0,0.0,12.0,13.0,5.0,1.0
TCD,2019,5,93.0,2.0,0.0,61.0,63.0,30.0,1.0
TCD,2019,6,44.0,1.0,0.0,31.0,32.0,12.0,
TCD,2019,7,23.0,3.0,0.0,15.0,18.0,5.0,
TCD,2019,8,38.0,2.0,0.0,30.0,32.0,6.0,1.0
TCD,2019,9,45.0,9.0,0.0,20.0,29.0,16.0,
TCD,2019,10,57.0,5.0,0.0,46.0,51.0,6.0,1.0
TCD,2019,11,101.0,8.0,0.0,75.0,83.0,18.0,
TCD,2019,12,152.0,11.0,0.0,112.0,123.0,29.0,1.0
TCD,2020,1,293.0,6.0,171.0,95.0,272.0,21.0,
TCD,2020,2,689.0,9.0,487.0,157.0,653.0,36.0,1.0
TCD,2020,3,1034.0,8.0,914.0,64.0,986.0,48.0,
TCD,2020,4,241.0,5.0,171.0,32.0,208.0,33.0,
TCD,2020,5,51.0,2.0,33.0,8.0,43.0,8.0,1.0
TCD,2020,6,15.0,1.0,0.0,6.0,7.0,8.0,1.0
TCD,2020,7,1.0,0.0,1.0,0.0,1.0,0.0,
TCD,2021,1,105.0,5.0,48.0,29.0,82.0,23.0,1.0
TCD,2021,2,154.0,10.0,94.0,22.0,126.0,28.0,1.0
TCD,2021,3,127.0,3.0,34.0,54.0,91.0,36.0,
TCD,2021,4,120.0,4.0,60.0,38.0,102.0,18.0,1.0
TCD,2021,5,141.0,8.0,39.0,40.0,87.0,54.0,1.0
TCD,2021,6,127.0,3.0,75.0,27.0,105.0,22.0,
TCD,2021,7,63.0,12.0,35.0,6.0,53.0,10.0,
TCD,2021,8,71.0,2.0,15.0,23.0,40.0,31.0,
TCD,2021,9,61.0,7.0,2.0,22.0,31.0,30.0,
TCD,2021,10,61.0,23.0,0.0,9.0,32.0,29.0,
TCD,2021,11,50.0,18.0,0.0,7.0,25.0,25.0,
TCD,2021,12,28.0,18.0,0.0,1.0,19.0,9.0,
TCD,2022,1,89.0,4.0,13.0,10.0,27.0,62.0,3.0
TCD,2022,2,237.0,15.0,0.0,38.0,53.0,184.0,25.0
TCD,2022,3,327.0,7.0,25.0,45.0,77.0,250.0,40.0
TCD,2022,4,164.0,6.0,2.0,14.0,22.0,142.0,30.0
TCD,2022,5,80.0,3.0,0.0,6.0,9.0,71.0,5.0
TCD,2022,6,38.0,0.0,0.0,5.0,5.0,33.0,6.0
TCD,2022,7,38.0,2.0,0.0,11.0,13.0,25.0,7.0
TCD,2022,8,28.0,1.0,0.0,8.0,9.0,19.0,2.0
TCD,2022,9,43.0,5.0,0.0,15.0,20.0,23.0,
TCD,2022,10,74.0,3.0,0.0,24.0,27.0,47.0,3.0
TCD,2022,11,71.0,0.0,0.0,28.0,28.0,43.0,5.0
TCD,2022,12,69.0,1.0,0.0,19.0,20.0,49.0,2.0
TCD,2023,1,330.0,20.0,75.0,94.0,189.0,141.0,19.0
TCD,2023,2,412.0,42.0,12.0,143.0,197.0,215.0,46.0
TCD,2023,3,616.0,61.0,0.0,172.0,233.0,383.0,71.0
TCD,2023,4,409.0,38.0,0.0,161.0,199.0,210.0,22.0
TCD,2023,5,230.0,9.0,0.0,114.0,123.0,107.0,3.0
TCD,2023,6,176.0,15.0,0.0,123.0,138.0,38.0,
TCD,2023,7,79.0,15.0,0.0,23.0,38.0,41.0,
TCD,2023,8,117.0,9.0,0.0,50.0,59.0,58.0,
TCD,2023,9,114.0,9.0,0.0,58.0,67.0,47.0,1.0
TCD,2023,10,145.0,17.0,0.0,76.0,93.0,52.0,2.0
TCD,2023,11,98.0,11.0,0.0,48.0,59.0,39.0,3.0
TCD,2023,12,127.0,8.0,0.0,68.0,76.0,51.0,1.0
TCD,2024,1,265.0,8.0,50.0,155.0,213.0,52.0,4.0
TCD,2024,2,403.0,21.0,7.0,235.0,263.0,140.0,13.0
TCD,2024,3,335.0,18.0,0.0,198.0,216.0,119.0,16.0
TCD,2024,4,306.0,14.0,0.0,165.0,179.0,127.0,36.0
TCD,2024,5,237.0,9.0,0.0,101.0,110.0,127.0,21.0
TCD,2024,6,100.0,1.0,0.0,57.0,58.0,42.0,5.0
TCD,2024,7,61.0,2.0,0.0,30.0,32.0,29.0,
TCD,2024,8,48.0,1.0,0.0,18.0,19.0,29.0,
TCD,2024,9,43.0,0.0,0.0,16.0,16.0,27.0,
TCD,2024,10,43.0,1.0,0.0,19.0,20.0,23.0,1.0
TCD,2024,11,45.0,0.0,0.0,26.0,26.0,19.0,
TCD,2024,12,50.0,0.0,0.0,6.0,6.0,44.0,7.0
TCD,2025,1,137.0,1.0,1.0,43.0,45.0,92.0,13.0
TCD,2025,2,277.0,3.0,0.0,83.0,86.0,191.0,52.0
TCD,2025,3,266.0,2.0,0.0,66.0,68.0,198.0,39.0
TCD,2025,4,257.0,7.0,0.0,61.0,68.0,189.0,23.0
TCD,2025,5,194.0,7.0,0.0,63.0,70.0,124.0,15.0
TCD,2025,6,127.0,0.0,0.0,32.0,32.0,95.0,4.0
TCD,2025,7,21.0,0.0,0.0,3.0,3.0,18.0,2.0
TCD,2025,8,49.0,0.0,0.0,19.0,19.0,30.0,7.0
TCD,2025,9,53.0,0.0,0.0,20.0,20.0,33.0,3.0
TCD,2025,10,66.0,0.0,0.0,30.0,30.0,36.0,2.0
TCD,2025,11,49.0,0.0,0.0,30.0,30.0,19.0,
TCD,2025,12,79.0,0.0,0.0,45.0,45.0,34.0,1.0
TCD,2026,1,255.0,0.0,97.0,77.0,174.0,81.0,9.0
TCD,2026,2,597.0,0.0,4.0,269.0,273.0,324.0,31.0
TCD,2026,3,384.0,0.0,0.0,146.0,146.0,238.0,41.0
TCD,2026,4,29.0,0.0,0.0,10.0,10.0,19.0,3.0
TGO,2012,1,52.0,4.0,0.0,36.0,40.0,12.0,1.0
TGO,2012,2,90.0,5.0,0.0,48.0,53.0,37.0,19.0
TGO,2012,3,91.0,7.0,0.0,45.0,52.0,39.0,2.0
TGO,2012,4,38.0,3.0,0.0,22.0,25.0,13.0,1.0
TGO,2012,5,34.0,2.0,0.0,18.0,20.0,14.0,2.0
TGO,2012,6,30.0,2.0,0.0,15.0,17.0,13.0,2.0
TGO,2012,7,22.0,1.0,0.0,10.0,11.0,11.0,3.0
TGO,2012,8,6.0,1.0,0.0,3.0,4.0,2.0,
TGO,2012,9,11.0,0.0,0.0,2.0,2.0,9.0,
TGO,2012,10,9.0,0.0,0.0,3.0,3.0,6.0,
TGO,2012,11,27.0,0.0,0.0,15.0,15.0,12.0,1.0
TGO,2012,12,25.0,0.0,0.0,10.0,10.0,15.0,2.0
TGO,2013,1,101.0,3.0,0.0,64.0,67.0,34.0,3.0
TGO,2013,2,77.0,5.0,0.0,36.0,41.0,36.0,11.0
TGO,2013,3,67.0,6.0,0.0,27.0,33.0,34.0,11.0
TGO,2013,4,54.0,5.0,0.0,29.0,34.0,20.0,1.0
TGO,2013,5,32.0,3.0,0.0,17.0,20.0,12.0,1.0
TGO,2013,6,22.0,3.0,0.0,9.0,12.0,10.0,3.0
TGO,2013,7,55.0,4.0,0.0,35.0,39.0,16.0,2.0
TGO,2013,8,35.0,0.0,0.0,16.0,16.0,19.0,3.0
TGO,2013,9,38.0,3.0,0.0,12.0,15.0,23.0,2.0
TGO,2013,10,23.0,1.0,0.0,11.0,12.0,11.0,
TGO,2013,11,24.0,1.0,0.0,8.0,9.0,15.0,1.0
TGO,2013,12,34.0,0.0,0.0,22.0,22.0,12.0,
TGO,2014,1,58.0,3.0,0.0,41.0,44.0,14.0,
TGO,2014,2,111.0,7.0,0.0,58.0,65.0,46.0,
TGO,2014,3,62.0,3.0,0.0,24.0,27.0,35.0,8.0
TGO,2014,4,27.0,2.0,0.0,5.0,7.0,20.0,
TGO,2014,5,27.0,2.0,0.0,3.0,5.0,22.0,1.0
TGO,2014,6,20.0,0.0,0.0,8.0,8.0,12.0,
TGO,2014,7,21.0,0.0,0.0,1.0,1.0,20.0,5.0
TGO,2014,8,16.0,0.0,0.0,5.0,5.0,11.0,1.0
TGO,2014,9,12.0,1.0,0.0,1.0,2.0,10.0,
TGO,2014,10,15.0,0.0,0.0,3.0,3.0,12.0,1.0
TGO,2014,11,12.0,1.0,0.0,0.0,1.0,11.0,
TGO,2014,12,11.0,0.0,0.0,2.0,2.0,9.0,1.0
TGO,2015,1,20.0,0.0,0.0,2.0,2.0,18.0,4.0
TGO,2015,2,22.0,0.0,0.0,1.0,1.0,21.0,9.0
TGO,2015,3,29.0,1.0,0.0,4.0,5.0,24.0,8.0
TGO,2015,4,28.0,0.0,0.0,0.0,0.0,28.0,6.0
TGO,2015,5,27.0,0.0,0.0,2.0,2.0,25.0,3.0
TGO,2015,6,24.0,0.0,0.0,2.0,2.0,22.0,8.0
TGO,2015,7,29.0,0.0,0.0,2.0,2.0,27.0,1.0
TGO,2015,8,25.0,0.0,0.0,0.0,0.0,25.0,3.0
TGO,2015,9,33.0,0.0,0.0,1.0,1.0,32.0,5.0
TGO,2015,10,18.0,0.0,0.0,1.0,1.0,17.0,3.0
TGO,2015,11,18.0,0.0,0.0,0.0,0.0,18.0,3.0
TGO,2015,12,27.0,0.0,0.0,5.0,5.0,22.0,4.0
TGO,2016,1,105.0,2.0,0.0,3.0,5.0,100.0,40.0
TGO,2016,2,306.0,7.0,0.0,10.0,17.0,289.0,181.0
TGO,2016,3,109.0,12.0,0.0,1.0,13.0,96.0,49.0
TGO,2016,4,53.0,47.0,0.0,0.0,47.0,6.0,3.0
TGO,2016,5,37.0,37.0,0.0,0.0,37.0,0.0,
TGO,2016,6,22.0,22.0,0.0,0.0,22.0,0.0,
TGO,2016,7,9.0,9.0,0.0,0.0,9.0,0.0,
TGO,2016,8,5.0,1.0,0.0,0.0,1.0,4.0,1.0
TGO,2016,9,6.0,0.0,0.0,0.0,0.0,6.0,
TGO,2016,10,8.0,0.0,0.0,1.0,1.0,7.0,
TGO,2016,11,12.0,0.0,0.0,0.0,0.0,12.0,
TGO,2016,12,11.0,1.0,0.0,0.0,1.0,10.0,
TGO,2017,1,21.0,2.0,0.0,2.0,4.0,17.0,
TGO,2017,2,41.0,1.0,0.0,14.0,15.0,26.0,4.0
TGO,2017,3,64.0,3.0,0.0,16.0,19.0,45.0,21.0
TGO,2017,4,31.0,0.0,0.0,3.0,3.0,28.0,1.0
TGO,2017,5,36.0,1.0,0.0,3.0,4.0,32.0,2.0
TGO,2017,6,26.0,0.0,0.0,4.0,4.0,22.0,4.0
TGO,2017,7,22.0,0.0,0.0,0.0,0.0,22.0,
TGO,2017,8,19.0,0.0,0.0,1.0,1.0,18.0,1.0
TGO,2017,9,18.0,1.0,0.0,2.0,3.0,15.0,
TGO,2017,10,17.0,1.0,0.0,0.0,1.0,16.0,
TGO,2017,11,22.0,1.0,0.0,1.0,2.0,20.0,2.0
TGO,2017,12,35.0,4.0,0.0,0.0,4.0,31.0,2.0
TGO,2018,1,24.0,1.0,0.0,1.0,2.0,22.0,3.0
TGO,2018,2,33.0,0.0,0.0,5.0,5.0,28.0,9.0
TGO,2018,3,39.0,1.0,0.0,8.0,9.0,30.0,10.0
TGO,2018,4,24.0,9.0,0.0,2.0,11.0,13.0,4.0
TGO,2018,5,28.0,26.0,0.0,0.0,26.0,2.0,2.0
TGO,2018,6,22.0,21.0,0.0,0.0,21.0,1.0,1.0
TGO,2018,7,32.0,29.0,0.0,0.0,29.0,3.0,3.0
TGO,2018,8,30.0,28.0,0.0,0.0,28.0,2.0,2.0
TGO,2018,9,29.0,27.0,0.0,0.0,27.0,2.0,2.0
TGO,2018,10,39.0,38.0,0.0,0.0,38.0,1.0,1.0
TGO,2018,11,35.0,34.0,0.0,0.0,34.0,1.0,1.0
TGO,2018,12,17.0,17.0,0.0,0.0,17.0,0.0,
TGO,2019,1,39.0,3.0,0.0,5.0,8.0,31.0,
TGO,2019,2,52.0,1.0,0.0,22.0,23.0,29.0,
TGO,2019,3,63.0,0.0,0.0,10.0,10.0,53.0,
TGO,2019,4,28.0,0.0,0.0,7.0,7.0,21.0,
TGO,2019,5,29.0,0.0,0.0,1.0,1.0,28.0,
TGO,2019,6,25.0,0.0,0.0,3.0,3.0,22.0,1.0
TGO,2019,7,35.0,10.0,0.0,5.0,15.0,20.0,
TGO,2019,8,27.0,7.0,0.0,4.0,11.0,16.0,1.0
TGO,2019,9,24.0,24.0,0.0,0.0,24.0,0.0,
TGO,2019,10,29.0,29.0,0.0,0.0,29.0,0.0,
TGO,2019,11,14.0,8.0,0.0,1.0,9.0,5.0,
TGO,2019,12,18.0,7.0,0.0,4.0,11.0,7.0,
TGO,2020,1,37.0,2.0,0.0,17.0,19.0,18.0,
TGO,2020,2,62.0,0.0,0.0,30.0,30.0,32.0,
TGO,2020,3,38.0,0.0,0.0,23.0,23.0,15.0,
TGO,2020,4,8.0,0.0,0.0,5.0,5.0,3.0,
TGO,2020,5,6.0,0.0,0.0,2.0,2.0,4.0,
TGO,2020,6,3.0,0.0,0.0,1.0,1.0,2.0,
TGO,2020,7,11.0,0.0,0.0,3.0,3.0,8.0,
TGO,2020,8,9.0,0.0,0.0,1.0,1.0,8.0,1.0
TGO,2020,9,5.0,1.0,0.0,0.0,1.0,4.0,
TGO,2020,10,10.0,0.0,0.0,2.0,2.0,8.0,
TGO,2020,11,4.0,0.0,0.0,1.0,1.0,3.0,
TGO,2020,12,12.0,8.0,0.0,0.0,8.0,4.0,1.0
TGO,2021,1,14.0,0.0,0.0,5.0,5.0,9.0,
TGO,2021,2,17.0,0.0,0.0,4.0,4.0,13.0,2.0
TGO,2021,3,23.0,0.0,0.0,12.0,12.0,11.0,
TGO,2021,4,21.0,3.0,0.0,7.0,10.0,11.0,
TGO,2021,5,6.0,0.0,0.0,1.0,1.0,5.0,1.0
TGO,2021,6,16.0,0.0,0.0,2.0,2.0,14.0,
TGO,2021,7,14.0,0.0,0.0,2.0,2.0,12.0,
TGO,2021,8,18.0,0.0,0.0,0.0,0.0,18.0,
TGO,2021,9,15.0,0.0,0.0,2.0,2.0,13.0,
TGO,2021,10,24.0,0.0,0.0,5.0,5.0,19.0,2.0
TGO,2021,11,31.0,0.0,0.0,0.0,0.0,31.0,1.0
TGO,2021,12,28.0,0.0,0.0,0.0,0.0,28.0,
TGO,2022,1,148.0,9.0,0.0,85.0,94.0,54.0,1.0
TGO,2022,2,250.0,8.0,0.0,73.0,81.0,169.0,1.0
TGO,2022,3,194.0,0.0,0.0,59.0,59.0,135.0,
TGO,2022,4,120.0,3.0,0.0,59.0,62.0,58.0,
TGO,2022,5,170.0,4.0,0.0,101.0,105.0,65.0,
TGO,2022,6,51.0,2.0,0.0,38.0,40.0,11.0,
TGO,2022,7,74.0,0.0,0.0,43.0,43.0,31.0,
TGO,2022,8,42.0,1.0,0.0,23.0,24.0,18.0,1.0
TGO,2022,9,43.0,10.0,0.0,24.0,34.0,9.0,
TGO,2022,10,71.0,25.0,0.0,27.0,52.0,19.0,
TGO,2022,11,94.0,4.0,0.0,73.0,77.0,17.0,
TGO,2022,12,72.0,38.0,0.0,24.0,62.0,10.0,
TGO,2023,1,99.0,2.0,1.0,74.0,77.0,22.0,1.0
TGO,2023,2,180.0,4.0,0.0,140.0,144.0,36.0,3.0
TGO,2023,3,202.0,2.0,1.0,135.0,138.0,64.0,3.0
TGO,2023,4,104.0,3.0,0.0,57.0,60.0,44.0,1.0
TGO,2023,5,114.0,2.0,1.0,72.0,75.0,39.0,4.0
TGO,2023,6,37.0,0.0,0.0,22.0,22.0,15.0,1.0
TGO,2023,7,38.0,0.0,2.0,16.0,18.0,20.0,
TGO,2023,8,29.0,0.0,0.0,12.0,12.0,17.0,
TGO,2023,9,24.0,0.0,2.0,3.0,5.0,19.0,
TGO,2023,10,22.0,0.0,11.0,2.0,13.0,9.0,
TGO,2023,11,15.0,0.0,15.0,0.0,15.0,0.0,
TGO,2023,12,19.0,0.0,19.0,0.0,19.0,0.0,
TGO,2024,1,30.0,1.0,0.0,12.0,13.0,17.0,
TGO,2024,2,90.0,3.0,0.0,52.0,55.0,35.0,3.0
TGO,2024,3,236.0,11.0,7.0,79.0,97.0,139.0,16.0
TGO,2024,4,174.0,9.0,2.0,61.0,72.0,102.0,3.0
TGO,2024,5,123.0,8.0,0.0,38.0,46.0,77.0,
TGO,2024,6,70.0,7.0,0.0,20.0,27.0,43.0,1.0
TGO,2024,7,35.0,1.0,0.0,10.0,11.0,24.0,
TGO,2024,8,23.0,1.0,0.0,9.0,10.0,13.0,1.0
TGO,2024,9,10.0,0.0,0.0,2.0,2.0,8.0,
TGO,2024,10,28.0,1.0,0.0,10.0,11.0,17.0,
TGO,2024,11,43.0,4.0,0.0,25.0,29.0,14.0,
TGO,2024,12,36.0,1.0,0.0,18.0,19.0,17.0,8.0
TGO,2025,1,85.0,2.0,36.0,47.0,85.0,0.0,
TGO,2025,2,178.0,5.0,90.0,80.0,175.0,3.0,3.0
TGO,2025,3,264.0,5.0,128.0,127.0,260.0,4.0,4.0
TGO,2025,4,71.0,2.0,26.0,41.0,69.0,2.0,2.0
TGO,2025,5,102.0,4.0,48.0,50.0,102.0,0.0,
TGO,2025,6,104.0,1.0,24.0,78.0,103.0,1.0,1.0
TGO,2025,7,85.0,4.0,28.0,52.0,84.0,1.0,1.0
TGO,2025,8,35.0,1.0,23.0,11.0,35.0,0.0,
TGO,2025,9,48.0,0.0,26.0,22.0,48.0,0.0,
TGO,2025,10,50.0,1.0,11.0,38.0,50.0,0.0,
TGO,2025,11,129.0,1.0,35.0,92.0,128.0,1.0,1.0
TGO,2025,12,130.0,1.0,27.0,99.0,127.0,3.0,3.0
TGO,2026,1,256.0,2.0,35.0,130.0,167.0,89.0,89.0
TGO,2026,2,153.0,4.0,31.0,96.0,131.0,22.0,22.0
TGO,2026,3,108.0,1.0,36.0,68.0,105.0,3.0,3.0
TGO,2026,4,75.0,1.0,31.0,41.0,73.0,2.0,2.0
TGO,2026,5,26.0,0.0,7.0,19.0,26.0,0.0,
TGO,2026,6,25.0,1.0,11.0,12.0,24.0,1.0,1.0
TGO,2026,7,20.0,0.0,3.0,2.0,5.0,15.0,15.0
TGO,2026,8,13.0,0.0,0.0,0.0,0.0,13.0,13.0
TUN,2012,1,56.0,0.0,0.0,3.0,3.0,53.0,38.0
TUN,2012,2,105.0,0.0,0.0,1.0,1.0,104.0,86.0
TUN,2012,3,166.0,0.0,0.0,2.0,2.0,164.0,118.0
TUN,2012,4,165.0,0.0,1.0,5.0,6.0,159.0,104.0
TUN,2012,5,117.0,0.0,0.0,14.0,14.0,103.0,64.0
TUN,2012,6,135.0,0.0,0.0,10.0,10.0,125.0,45.0
TUN,2012,7,87.0,0.0,0.0,3.0,3.0,84.0,38.0
TUN,2012,8,46.0,0.0,0.0,5.0,5.0,41.0,12.0
TUN,2012,9,48.0,0.0,1.0,2.0,3.0,45.0,17.0
TUN,2012,10,41.0,0.0,0.0,1.0,1.0,40.0,15.0
TUN,2012,11,45.0,0.0,0.0,0.0,0.0,45.0,18.0
TUN,2012,12,52.0,0.0,0.0,0.0,0.0,52.0,20.0
TUN,2013,1,12.0,0.0,0.0,0.0,0.0,12.0,
TUN,2013,2,22.0,0.0,0.0,1.0,1.0,21.0,3.0
TUN,2013,3,15.0,0.0,0.0,0.0,0.0,15.0,2.0
TUN,2013,4,29.0,0.0,0.0,1.0,1.0,28.0,1.0
TUN,2013,5,47.0,0.0,0.0,3.0,3.0,44.0,2.0
TUN,2013,6,33.0,0.0,0.0,0.0,0.0,33.0,1.0
TUN,2013,7,28.0,0.0,0.0,1.0,1.0,27.0,1.0
TUN,2013,8,9.0,0.0,0.0,0.0,0.0,9.0,1.0
TUN,2013,9,14.0,0.0,0.0,1.0,1.0,13.0,2.0
TUN,2013,10,21.0,0.0,0.0,6.0,6.0,15.0,
TUN,2013,11,25.0,0.0,0.0,3.0,3.0,22.0,3.0
TUN,2013,12,16.0,0.0,0.0,1.0,1.0,15.0,
TUN,2014,1,12.0,0.0,0.0,1.0,1.0,11.0,
TUN,2014,2,16.0,0.0,0.0,4.0,4.0,12.0,
TUN,2014,3,14.0,0.0,0.0,0.0,0.0,14.0,
TUN,2014,4,20.0,0.0,0.0,2.0,2.0,18.0,3.0
TUN,2014,5,25.0,0.0,0.0,1.0,1.0,24.0,
TUN,2014,6,23.0,0.0,0.0,0.0,0.0,23.0,3.0
TUN,2014,7,8.0,0.0,0.0,1.0,1.0,7.0,
TUN,2014,8,15.0,0.0,0.0,1.0,1.0,14.0,2.0
TUN,2014,9,18.0,0.0,0.0,0.0,0.0,18.0,4.0
TUN,2014,10,19.0,0.0,0.0,2.0,2.0,17.0,3.0
TUN,2014,11,21.0,0.0,0.0,3.0,3.0,18.0,2.0
TUN,2014,12,9.0,0.0,1.0,0.0,1.0,8.0,
TUN,2015,1,13.0,1.0,0.0,2.0,3.0,10.0,
TUN,2015,2,15.0,1.0,0.0,0.0,1.0,14.0,
TUN,2015,3,14.0,1.0,0.0,1.0,2.0,12.0,1.0
TUN,2015,4,32.0,0.0,0.0,1.0,1.0,31.0,4.0
TUN,2015,5,35.0,1.0,0.0,1.0,2.0,33.0,2.0
TUN,2015,6,21.0,0.0,0.0,1.0,1.0,20.0,4.0
TUN,2015,7,18.0,0.0,0.0,0.0,0.0,18.0,2.0
TUN,2015,8,19.0,0.0,0.0,0.0,0.0,19.0,3.0
TUN,2015,9,16.0,0.0,0.0,2.0,2.0,14.0,
TUN,2015,10,14.0,0.0,0.0,0.0,0.0,14.0,3.0
TUN,2015,11,24.0,0.0,0.0,2.0,2.0,22.0,1.0
TUN,2015,12,17.0,1.0,0.0,1.0,2.0,15.0,5.0
TUN,2016,1,18.0,0.0,0.0,1.0,1.0,17.0,1.0
TUN,2016,2,22.0,0.0,0.0,0.0,0.0,22.0,3.0
TUN,2016,3,27.0,0.0,0.0,1.0,1.0,26.0,1.0
TUN,2016,4,37.0,2.0,0.0,1.0,3.0,34.0,2.0
TUN,2016,5,17.0,0.0,0.0,0.0,0.0,17.0,2.0
TUN,2016,6,19.0,0.0,0.0,0.0,0.0,19.0,2.0
TUN,2016,7,12.0,0.0,0.0,0.0,0.0,12.0,1.0
TUN,2016,8,11.0,0.0,0.0,1.0,1.0,10.0,
TUN,2016,9,20.0,0.0,0.0,1.0,1.0,19.0,1.0
TUN,2016,10,31.0,0.0,0.0,0.0,0.0,31.0,4.0
TUN,2016,11,11.0,0.0,0.0,0.0,0.0,11.0,2.0
TUN,2016,12,13.0,0.0,0.0,0.0,0.0,13.0,
TUN,2017,1,21.0,0.0,0.0,0.0,0.0,21.0,1.0
TUN,2017,2,19.0,0.0,0.0,0.0,0.0,19.0,1.0
TUN,2017,3,18.0,0.0,0.0,1.0,1.0,17.0,1.0
TUN,2017,4,31.0,0.0,0.0,0.0,0.0,31.0,2.0
TUN,2017,5,31.0,0.0,0.0,0.0,0.0,31.0,2.0
TUN,2017,6,21.0,1.0,0.0,0.0,1.0,20.0,1.0
TUN,2017,7,30.0,0.0,0.0,2.0,2.0,28.0,
TUN,2017,8,24.0,0.0,0.0,0.0,0.0,24.0,
TUN,2017,9,7.0,0.0,0.0,0.0,0.0,7.0,
TUN,2017,10,14.0,0.0,0.0,0.0,0.0,14.0,1.0
TUN,2017,11,18.0,0.0,0.0,1.0,1.0,17.0,1.0
TUN,2017,12,11.0,0.0,0.0,0.0,0.0,11.0,1.0
TUN,2018,1,18.0,0.0,0.0,2.0,2.0,16.0,1.0
TUN,2018,2,13.0,0.0,0.0,1.0,1.0,12.0,
TUN,2018,3,34.0,0.0,0.0,1.0,1.0,33.0,1.0
TUN,2018,4,52.0,1.0,0.0,6.0,7.0,45.0,3.0
TUN,2018,5,45.0,0.0,0.0,2.0,2.0,43.0,2.0
TUN,2018,6,32.0,0.0,0.0,2.0,2.0,30.0,2.0
TUN,2018,7,39.0,0.0,0.0,2.0,2.0,37.0,4.0
TUN,2018,8,16.0,0.0,0.0,2.0,2.0,14.0,4.0
TUN,2018,9,20.0,0.0,0.0,2.0,2.0,18.0,
TUN,2018,10,24.0,0.0,0.0,0.0,0.0,24.0,1.0
TUN,2018,11,15.0,0.0,0.0,1.0,1.0,14.0,1.0
TUN,2018,12,16.0,1.0,0.0,1.0,2.0,14.0,2.0
TUN,2019,1,235.0,45.0,43.0,93.0,181.0,54.0,
TUN,2019,2,1108.0,264.0,257.0,346.0,867.0,241.0,3.0
TUN,2019,3,1455.0,533.0,289.0,256.0,1078.0,377.0,7.0
TUN,2019,4,1663.0,633.0,309.0,269.0,1211.0,452.0,60.0
TUN,2019,5,1102.0,428.0,169.0,191.0,788.0,314.0,28.0
TUN,2019,6,478.0,183.0,72.0,58.0,313.0,165.0,29.0
TUN,2019,7,206.0,63.0,12.0,36.0,111.0,95.0,11.0
TUN,2019,8,100.0,24.0,3.0,7.0,34.0,66.0,4.0
TUN,2019,9,93.0,31.0,0.0,6.0,37.0,56.0,10.0
TUN,2019,10,84.0,16.0,0.0,5.0,21.0,63.0,6.0
TUN,2019,11,118.0,23.0,1.0,1.0,25.0,93.0,13.0
TUN,2019,12,87.0,8.0,0.0,0.0,8.0,79.0,6.0
TUN,2020,1,98.0,0.0,0.0,2.0,2.0,96.0,8.0
TUN,2020,2,59.0,0.0,0.0,2.0,2.0,57.0,6.0
TUN,2020,3,31.0,0.0,0.0,5.0,5.0,26.0,1.0
TUN,2020,4,6.0,0.0,0.0,0.0,0.0,6.0,
TUN,2020,5,22.0,0.0,0.0,0.0,0.0,22.0,1.0
TUN,2020,6,27.0,0.0,0.0,0.0,0.0,27.0,4.0
TUN,2020,7,27.0,0.0,0.0,1.0,1.0,26.0,3.0
TUN,2020,8,18.0,0.0,0.0,0.0,0.0,18.0,1.0
TUN,2020,9,12.0,0.0,0.0,1.0,1.0,11.0,1.0
TUN,2020,10,3.0,0.0,0.0,0.0,0.0,3.0,
TUN,2020,11,6.0,0.0,0.0,0.0,0.0,6.0,1.0
TUN,2020,12,3.0,0.0,0.0,0.0,0.0,3.0,
TUN,2021,1,4.0,0.0,0.0,0.0,0.0,4.0,2.0
TUN,2021,2,6.0,0.0,0.0,1.0,1.0,5.0,
TUN,2021,3,3.0,0.0,0.0,0.0,0.0,3.0,
TUN,2021,4,4.0,0.0,0.0,0.0,0.0,4.0,
TUN,2021,5,6.0,0.0,0.0,0.0,0.0,6.0,
TUN,2021,6,19.0,0.0,0.0,0.0,0.0,19.0,
TUN,2021,9,12.0,0.0,0.0,0.0,0.0,12.0,
TUN,2021,10,7.0,0.0,0.0,0.0,0.0,7.0,1.0
TUN,2021,11,2.0,0.0,0.0,0.0,0.0,2.0,1.0
TUN,2022,1,12.0,1.0,0.0,1.0,2.0,10.0,
TUN,2022,2,8.0,0.0,0.0,0.0,0.0,8.0,
TUN,2022,3,10.0,1.0,0.0,0.0,1.0,9.0,
TUN,2022,4,8.0,0.0,0.0,0.0,0.0,8.0,2.0
TUN,2022,5,24.0,1.0,0.0,0.0,1.0,23.0,2.0
TUN,2022,6,27.0,1.0,0.0,0.0,1.0,26.0,3.0
TUN,2022,7,6.0,1.0,0.0,0.0,1.0,5.0,
TUN,2022,8,8.0,0.0,0.0,0.0,0.0,8.0,1.0
TUN,2022,9,25.0,0.0,0.0,0.0,0.0,25.0,1.0
TUN,2022,10,9.0,1.0,0.0,1.0,2.0,7.0,2.0
TUN,2022,11,8.0,0.0,0.0,0.0,0.0,8.0,2.0
TUN,2022,12,22.0,0.0,0.0,2.0,2.0,20.0,3.0
TUN,2023,1,15.0,0.0,0.0,1.0,1.0,14.0,1.0
TUN,2023,2,15.0,0.0,0.0,1.0,1.0,14.0,1.0
TUN,2023,3,16.0,3.0,0.0,0.0,3.0,13.0,
TUN,2023,4,15.0,4.0,0.0,0.0,4.0,11.0,1.0
TUN,2023,5,29.0,2.0,0.0,0.0,2.0,27.0,3.0
TUN,2023,6,32.0,2.0,0.0,0.0,2.0,30.0,5.0
TUN,2023,7,36.0,4.0,0.0,0.0,4.0,32.0,5.0
TUN,2023,8,11.0,1.0,0.0,0.0,1.0,10.0,2.0
TUN,2023,9,13.0,1.0,0.0,0.0,1.0,12.0,1.0
TUN,2023,10,27.0,0.0,0.0,0.0,0.0,27.0,5.0
TUN,2023,11,14.0,1.0,0.0,0.0,1.0,13.0,3.0
TUN,2023,12,5.0,0.0,0.0,0.0,0.0,5.0,1.0
TUN,2024,1,17.0,1.0,0.0,1.0,2.0,15.0,3.0
TUN,2024,2,18.0,0.0,0.0,2.0,2.0,16.0,5.0
TUN,2024,3,17.0,0.0,0.0,1.0,1.0,16.0,2.0
TUN,2024,4,11.0,1.0,0.0,1.0,2.0,9.0,1.0
TUN,2024,5,35.0,3.0,0.0,0.0,3.0,32.0,8.0
TUN,2024,6,35.0,2.0,0.0,0.0,2.0,33.0,6.0
TUN,2024,7,18.0,0.0,0.0,0.0,0.0,18.0,3.0
TUN,2024,8,5.0,0.0,0.0,0.0,0.0,5.0,
TUN,2024,9,11.0,0.0,0.0,1.0,1.0,10.0,1.0
TUN,2024,10,16.0,1.0,0.0,0.0,1.0,15.0,3.0
TUN,2024,11,10.0,0.0,0.0,1.0,1.0,9.0,2.0
TUN,2024,12,15.0,1.0,0.0,0.0,1.0,14.0,2.0
TUN,2025,1,13.0,3.0,0.0,0.0,3.0,10.0,1.0
TUN,2025,2,15.0,0.0,0.0,1.0,1.0,14.0,1.0
TUN,2025,3,15.0,4.0,0.0,0.0,4.0,11.0,1.0
TUN,2025,4,15.0,7.0,0.0,0.0,7.0,8.0,
TUN,2025,5,17.0,1.0,0.0,0.0,1.0,16.0,1.0
TUN,2025,6,23.0,7.0,0.0,0.0,7.0,16.0,1.0
TUN,2025,7,7.0,3.0,0.0,0.0,3.0,4.0,1.0
TUN,2025,8,7.0,2.0,0.0,1.0,3.0,4.0,
TUN,2025,9,4.0,0.0,0.0,0.0,0.0,4.0,1.0
TUN,2025,10,7.0,2.0,0.0,0.0,2.0,5.0,
TUN,2025,11,14.0,1.0,0.0,3.0,4.0,10.0,1.0
TUN,2025,12,8.0,0.0,0.0,0.0,0.0,8.0,1.0
TUN,2026,1,7.0,1.0,0.0,0.0,1.0,6.0,1.0
TUN,2026,2,4.0,0.0,0.0,0.0,0.0,4.0,
TUN,2026,3,4.0,1.0,0.0,0.0,1.0,3.0,
TUN,2026,4,10.0,1.0,0.0,1.0,2.0,8.0,2.0
TUN,2026,5,17.0,4.0,0.0,1.0,5.0,12.0,3.0
TUN,2026,6,7.0,2.0,0.0,0.0,2.0,5.0,1.0
TUN,2026,7,6.0,6.0,0.0,0.0,6.0,0.0,
TZA,2012,1,175.0,12.0,97.0,37.0,146.0,29.0,
TZA,2012,2,300.0,13.0,178.0,47.0,238.0,62.0,8.0
TZA,2012,3,281.0,21.0,100.0,56.0,177.0,104.0,5.0
TZA,2012,4,150.0,17.0,21.0,43.0,81.0,69.0,9.0
TZA,2012,5,149.0,15.0,10.0,31.0,56.0,93.0,4.0
TZA,2012,6,126.0,40.0,27.0,16.0,83.0,43.0,1.0
TZA,2012,7,102.0,24.0,0.0,20.0,44.0,58.0,2.0
TZA,2012,8,78.0,39.0,0.0,6.0,45.0,33.0,1.0
TZA,2012,9,65.0,46.0,0.0,7.0,53.0,12.0,
TZA,2012,10,13.0,13.0,0.0,0.0,13.0,0.0,
TZA,2012,11,27.0,27.0,0.0,0.0,27.0,0.0,
TZA,2013,1,68.0,16.0,18.0,7.0,41.0,27.0,
TZA,2013,2,61.0,6.0,1.0,9.0,16.0,45.0,1.0
TZA,2013,3,83.0,17.0,0.0,13.0,30.0,53.0,1.0
TZA,2013,4,110.0,15.0,0.0,24.0,39.0,71.0,4.0
TZA,2013,5,159.0,19.0,0.0,28.0,47.0,112.0,16.0
TZA,2013,6,137.0,29.0,0.0,21.0,50.0,87.0,13.0
TZA,2013,7,155.0,24.0,0.0,23.0,47.0,108.0,20.0
TZA,2013,8,99.0,5.0,0.0,17.0,22.0,77.0,11.0
TZA,2013,9,147.0,14.0,0.0,5.0,19.0,128.0,17.0
TZA,2013,10,178.0,38.0,0.0,19.0,57.0,121.0,33.0
TZA,2013,11,88.0,83.0,0.0,0.0,83.0,5.0,
TZA,2013,12,29.0,28.0,0.0,0.0,28.0,1.0,
TZA,2014,1,50.0,8.0,0.0,0.0,8.0,42.0,9.0
TZA,2014,2,70.0,3.0,0.0,2.0,5.0,65.0,15.0
TZA,2014,3,145.0,32.0,0.0,16.0,48.0,97.0,31.0
TZA,2014,4,76.0,13.0,0.0,6.0,19.0,57.0,19.0
TZA,2014,5,112.0,28.0,0.0,5.0,33.0,79.0,31.0
TZA,2014,6,153.0,116.0,0.0,9.0,125.0,28.0,10.0
TZA,2014,7,144.0,76.0,0.0,6.0,82.0,62.0,21.0
TZA,2014,8,224.0,77.0,0.0,12.0,89.0,135.0,52.0
TZA,2014,9,238.0,77.0,0.0,4.0,81.0,157.0,75.0
TZA,2014,10,78.0,14.0,0.0,0.0,14.0,64.0,33.0
TZA,2014,11,9.0,1.0,0.0,0.0,1.0,8.0,4.0
TZA,2014,12,2.0,2.0,0.0,0.0,2.0,0.0,
TZA,2015,1,51.0,10.0,0.0,2.0,12.0,39.0,7.0
TZA,2015,2,33.0,2.0,0.0,2.0,4.0,29.0,4.0
TZA,2015,3,62.0,5.0,0.0,2.0,7.0,55.0,4.0
TZA,2015,4,37.0,4.0,0.0,0.0,4.0,33.0,1.0
TZA,2015,5,64.0,8.0,0.0,2.0,10.0,54.0,2.0
TZA,2015,6,72.0,7.0,0.0,0.0,7.0,65.0,4.0
TZA,2015,7,112.0,21.0,0.0,8.0,29.0,83.0,3.0
TZA,2015,8,138.0,52.0,0.0,1.0,53.0,85.0,5.0
TZA,2015,9,118.0,47.0,0.0,0.0,47.0,71.0,
TZA,2015,10,144.0,73.0,0.0,1.0,74.0,70.0,1.0
TZA,2015,11,128.0,125.0,0.0,0.0,125.0,3.0,
TZA,2015,12,69.0,62.0,0.0,0.0,62.0,7.0,
TZA,2016,1,45.0,0.0,0.0,0.0,0.0,45.0,1.0
TZA,2016,2,90.0,0.0,0.0,1.0,1.0,89.0,2.0
TZA,2016,3,73.0,0.0,0.0,0.0,0.0,73.0,2.0
TZA,2016,4,54.0,0.0,0.0,1.0,1.0,53.0,1.0
TZA,2016,5,51.0,3.0,0.0,0.0,3.0,48.0,2.0
TZA,2016,6,78.0,1.0,0.0,1.0,2.0,76.0,1.0
TZA,2016,7,120.0,3.0,0.0,3.0,6.0,114.0,2.0
TZA,2016,8,228.0,7.0,1.0,7.0,15.0,213.0,4.0
TZA,2016,9,196.0,14.0,6.0,9.0,29.0,167.0,2.0
TZA,2016,10,120.0,6.0,0.0,1.0,7.0,113.0,5.0
TZA,2016,11,182.0,15.0,0.0,1.0,16.0,166.0,
TZA,2016,12,128.0,19.0,0.0,1.0,20.0,108.0,1.0
TZA,2017,1,117.0,10.0,0.0,0.0,10.0,107.0,
TZA,2017,2,111.0,9.0,0.0,0.0,9.0,102.0,2.0
TZA,2017,3,187.0,7.0,0.0,0.0,7.0,180.0,3.0
TZA,2017,4,134.0,16.0,0.0,2.0,18.0,116.0,3.0
TZA,2017,5,176.0,10.0,0.0,0.0,10.0,166.0,9.0
TZA,2017,6,308.0,41.0,0.0,2.0,43.0,265.0,7.0
TZA,2017,7,188.0,43.0,0.0,0.0,43.0,145.0,4.0
TZA,2017,8,209.0,75.0,0.0,0.0,75.0,134.0,
TZA,2017,9,218.0,185.0,0.0,0.0,185.0,33.0,
TZA,2017,10,187.0,187.0,0.0,0.0,187.0,0.0,
TZA,2017,11,139.0,138.0,0.0,0.0,138.0,1.0,
TZA,2017,12,75.0,75.0,0.0,0.0,75.0,0.0,
TZA,2018,1,82.0,9.0,0.0,0.0,9.0,73.0,2.0
TZA,2018,2,89.0,3.0,0.0,0.0,3.0,86.0,
TZA,2018,3,83.0,10.0,0.0,0.0,10.0,73.0,2.0
TZA,2018,4,94.0,12.0,0.0,0.0,12.0,82.0,3.0
TZA,2018,5,142.0,10.0,0.0,2.0,12.0,130.0,2.0
TZA,2018,6,184.0,5.0,0.0,0.0,5.0,179.0,4.0
TZA,2018,7,134.0,8.0,0.0,0.0,8.0,126.0,1.0
TZA,2018,8,151.0,11.0,0.0,3.0,14.0,137.0,1.0
TZA,2018,9,141.0,12.0,0.0,1.0,13.0,128.0,1.0
TZA,2018,10,157.0,38.0,0.0,6.0,44.0,113.0,4.0
TZA,2018,11,133.0,29.0,0.0,2.0,31.0,102.0,3.0
TZA,2018,12,4.0,2.0,0.0,0.0,2.0,2.0,
TZA,2019,1,176.0,5.0,0.0,2.0,7.0,169.0,3.0
TZA,2019,2,217.0,9.0,0.0,5.0,14.0,203.0,6.0
TZA,2019,3,219.0,7.0,0.0,8.0,15.0,204.0,9.0
TZA,2019,4,155.0,3.0,0.0,18.0,21.0,134.0,3.0
TZA,2019,5,228.0,9.0,0.0,15.0,24.0,204.0,4.0
TZA,2019,6,191.0,30.0,0.0,14.0,44.0,147.0,4.0
TZA,2019,7,210.0,66.0,0.0,8.0,74.0,136.0,5.0
TZA,2019,8,133.0,2.0,0.0,13.0,15.0,118.0,6.0
TZA,2019,9,153.0,4.0,0.0,13.0,17.0,136.0,3.0
TZA,2019,10,81.0,6.0,0.0,5.0,11.0,70.0,
TZA,2019,11,154.0,5.0,0.0,8.0,13.0,141.0,5.0
TZA,2019,12,117.0,14.0,0.0,1.0,15.0,102.0,3.0
TZA,2020,1,161.0,13.0,0.0,1.0,14.0,147.0,1.0
TZA,2020,2,159.0,8.0,0.0,17.0,25.0,134.0,5.0
TZA,2020,3,145.0,5.0,0.0,5.0,10.0,135.0,
TZA,2020,4,102.0,6.0,0.0,16.0,22.0,80.0,2.0
TZA,2020,5,117.0,13.0,0.0,6.0,19.0,98.0,3.0
TZA,2020,6,226.0,23.0,0.0,28.0,51.0,175.0,3.0
TZA,2020,7,220.0,25.0,0.0,16.0,41.0,179.0,1.0
TZA,2020,8,307.0,53.0,0.0,21.0,74.0,233.0,5.0
TZA,2020,9,287.0,126.0,0.0,15.0,141.0,146.0,4.0
TZA,2020,10,277.0,272.0,0.0,0.0,272.0,5.0,
TZA,2020,11,308.0,306.0,0.0,0.0,306.0,2.0,1.0
TZA,2020,12,172.0,169.0,0.0,0.0,169.0,3.0,1.0
TZA,2021,1,238.0,97.0,0.0,3.0,100.0,138.0,1.0
TZA,2021,2,222.0,38.0,0.0,3.0,41.0,181.0,1.0
TZA,2021,3,182.0,32.0,0.0,3.0,35.0,147.0,1.0
TZA,2021,4,192.0,75.0,0.0,8.0,83.0,109.0,2.0
TZA,2021,5,279.0,50.0,0.0,6.0,56.0,223.0,2.0
TZA,2021,6,210.0,10.0,0.0,6.0,16.0,194.0,3.0
TZA,2021,7,137.0,15.0,0.0,2.0,17.0,120.0,1.0
TZA,2021,8,149.0,27.0,0.0,0.0,27.0,122.0,
TZA,2021,9,134.0,24.0,0.0,1.0,25.0,109.0,
TZA,2021,10,269.0,138.0,0.0,0.0,138.0,131.0,5.0
TZA,2021,11,359.0,196.0,0.0,0.0,196.0,163.0,4.0
TZA,2021,12,36.0,19.0,0.0,0.0,19.0,17.0,
TZA,2022,1,55.0,0.0,0.0,1.0,1.0,54.0,1.0
TZA,2022,2,53.0,0.0,0.0,2.0,2.0,51.0,2.0
TZA,2022,3,173.0,0.0,0.0,4.0,4.0,169.0,2.0
TZA,2022,4,146.0,1.0,0.0,11.0,12.0,134.0,
TZA,2022,5,230.0,0.0,0.0,14.0,14.0,216.0,1.0
TZA,2022,6,473.0,0.0,0.0,26.0,26.0,447.0,8.0
TZA,2022,7,470.0,1.0,0.0,49.0,50.0,420.0,20.0
TZA,2022,8,455.0,0.0,0.0,83.0,83.0,372.0,24.0
TZA,2022,9,571.0,0.0,1.0,87.0,88.0,483.0,12.0
TZA,2022,10,480.0,0.0,0.0,85.0,85.0,395.0,62.0
TZA,2022,11,243.0,0.0,39.0,50.0,89.0,154.0,12.0
TZA,2022,12,261.0,0.0,115.0,33.0,148.0,113.0,4.0
TZA,2023,1,367.0,0.0,0.0,89.0,89.0,278.0,10.0
TZA,2023,2,617.0,0.0,0.0,159.0,159.0,458.0,41.0
TZA,2023,3,558.0,0.0,0.0,120.0,120.0,438.0,14.0
TZA,2023,4,495.0,0.0,1.0,100.0,101.0,394.0,28.0
TZA,2023,5,487.0,0.0,0.0,136.0,136.0,351.0,45.0
TZA,2023,6,398.0,0.0,56.0,118.0,174.0,224.0,43.0
TZA,2023,7,416.0,0.0,73.0,84.0,157.0,259.0,20.0
TZA,2023,8,326.0,0.0,1.0,108.0,109.0,217.0,20.0
TZA,2023,9,302.0,0.0,0.0,85.0,85.0,217.0,24.0
TZA,2023,10,174.0,0.0,0.0,35.0,35.0,139.0,2.0
TZA,2023,11,209.0,0.0,0.0,49.0,49.0,160.0,2.0
TZA,2023,12,107.0,0.0,0.0,22.0,22.0,85.0,1.0
TZA,2024,1,192.0,0.0,12.0,24.0,36.0,156.0,13.0
TZA,2024,2,297.0,0.0,17.0,20.0,37.0,260.0,20.0
TZA,2024,3,324.0,0.0,12.0,28.0,40.0,284.0,23.0
TZA,2024,4,381.0,0.0,39.0,43.0,82.0,299.0,20.0
TZA,2024,5,431.0,1.0,30.0,33.0,64.0,367.0,31.0
TZA,2024,6,406.0,0.0,0.0,31.0,31.0,375.0,11.0
TZA,2024,7,458.0,0.0,0.0,26.0,26.0,432.0,34.0
TZA,2024,8,257.0,0.0,0.0,24.0,24.0,233.0,28.0
TZA,2024,9,146.0,0.0,3.0,14.0,17.0,129.0,9.0
TZA,2024,10,197.0,2.0,2.0,7.0,11.0,186.0,24.0
TZA,2024,11,473.0,2.0,0.0,14.0,16.0,457.0,63.0
TZA,2024,12,242.0,0.0,0.0,10.0,10.0,232.0,42.0
TZA,2025,1,447.0,0.0,0.0,12.0,12.0,435.0,12.0
TZA,2025,2,307.0,1.0,0.0,22.0,23.0,284.0,10.0
TZA,2025,3,279.0,0.0,0.0,4.0,4.0,275.0,1.0
TZA,2025,4,250.0,0.0,0.0,6.0,6.0,244.0,3.0
TZA,2025,5,92.0,0.0,0.0,5.0,5.0,87.0,1.0
TZA,2025,6,58.0,0.0,0.0,3.0,3.0,55.0,4.0
TZA,2025,7,83.0,1.0,0.0,0.0,1.0,82.0,8.0
TZA,2025,8,93.0,3.0,0.0,3.0,6.0,87.0,10.0
TZA,2025,9,62.0,0.0,0.0,1.0,1.0,61.0,14.0
TZA,2025,10,70.0,4.0,0.0,5.0,9.0,61.0,8.0
TZA,2025,11,152.0,95.0,0.0,2.0,97.0,55.0,5.0
TZA,2025,12,20.0,20.0,0.0,0.0,20.0,0.0,
TZA,2026,1,57.0,0.0,0.0,11.0,11.0,46.0,5.0
TZA,2026,2,130.0,0.0,0.0,6.0,6.0,124.0,14.0
TZA,2026,3,113.0,6.0,0.0,6.0,12.0,101.0,14.0
TZA,2026,4,149.0,7.0,0.0,9.0,16.0,133.0,22.0
TZA,2026,5,389.0,1.0,0.0,34.0,35.0,354.0,18.0
TZA,2026,6,241.0,1.0,0.0,14.0,15.0,226.0,6.0
TZA,2026,7,219.0,1.0,0.0,11.0,12.0,207.0,1.0
TZA,2026,8,113.0,13.0,0.0,3.0,16.0,97.0,2.0
UGA,2012,1,274.0,116.0,0.0,74.0,190.0,84.0,16.0
UGA,2012,2,160.0,13.0,0.0,56.0,69.0,91.0,26.0
UGA,2012,3,449.0,4.0,0.0,161.0,165.0,284.0,131.0
UGA,2012,4,177.0,2.0,0.0,67.0,69.0,108.0,62.0
UGA,2012,5,100.0,3.0,0.0,49.0,52.0,48.0,17.0
UGA,2012,6,55.0,1.0,0.0,16.0,17.0,38.0,9.0
UGA,2012,7,122.0,3.0,0.0,24.0,27.0,95.0,42.0
UGA,2012,8,198.0,1.0,0.0,49.0,50.0,148.0,45.0
UGA,2012,9,119.0,2.0,0.0,12.0,14.0,105.0,28.0
UGA,2012,10,133.0,3.0,0.0,13.0,16.0,117.0,29.0
UGA,2012,11,165.0,13.0,0.0,15.0,28.0,137.0,35.0
UGA,2012,12,51.0,1.0,0.0,4.0,5.0,46.0,10.0
UGA,2013,1,220.0,27.0,107.0,11.0,145.0,75.0,8.0
UGA,2013,2,165.0,62.0,15.0,4.0,81.0,84.0,20.0
UGA,2013,3,132.0,4.0,24.0,10.0,38.0,94.0,11.0
UGA,2013,4,155.0,4.0,10.0,11.0,25.0,130.0,32.0
UGA,2013,5,138.0,0.0,8.0,15.0,23.0,115.0,7.0
UGA,2013,6,125.0,0.0,1.0,21.0,22.0,103.0,7.0
UGA,2013,7,148.0,0.0,13.0,8.0,21.0,127.0,15.0
UGA,2013,8,161.0,0.0,84.0,0.0,84.0,77.0,17.0
UGA,2013,9,74.0,0.0,0.0,6.0,6.0,68.0,16.0
UGA,2013,10,84.0,0.0,0.0,6.0,6.0,78.0,11.0
UGA,2013,11,71.0,6.0,0.0,2.0,8.0,63.0,9.0
UGA,2013,12,74.0,0.0,0.0,1.0,1.0,73.0,7.0
UGA,2014,1,207.0,0.0,60.0,29.0,89.0,118.0,5.0
UGA,2014,2,213.0,0.0,111.0,7.0,118.0,95.0,4.0
UGA,2014,3,139.0,0.0,0.0,10.0,10.0,129.0,31.0
UGA,2014,4,150.0,0.0,0.0,11.0,11.0,139.0,29.0
UGA,2014,5,103.0,0.0,0.0,14.0,14.0,89.0,8.0
UGA,2014,6,162.0,0.0,0.0,8.0,8.0,154.0,26.0
UGA,2014,7,138.0,0.0,0.0,12.0,12.0,126.0,29.0
UGA,2014,8,87.0,1.0,0.0,16.0,17.0,70.0,17.0
UGA,2014,9,125.0,0.0,0.0,14.0,14.0,111.0,21.0
UGA,2014,10,177.0,2.0,0.0,9.0,11.0,166.0,34.0
UGA,2014,11,206.0,0.0,0.0,6.0,6.0,200.0,65.0
UGA,2014,12,107.0,0.0,0.0,4.0,4.0,103.0,22.0
UGA,2015,1,115.0,6.0,2.0,15.0,23.0,92.0,26.0
UGA,2015,2,189.0,10.0,0.0,18.0,28.0,161.0,33.0
UGA,2015,3,306.0,24.0,0.0,16.0,40.0,266.0,127.0
UGA,2015,4,437.0,35.0,13.0,13.0,61.0,376.0,223.0
UGA,2015,5,197.0,6.0,18.0,11.0,35.0,162.0,74.0
UGA,2015,6,260.0,0.0,37.0,15.0,52.0,208.0,66.0
UGA,2015,7,324.0,0.0,51.0,24.0,75.0,249.0,102.0
UGA,2015,8,323.0,42.0,0.0,47.0,89.0,234.0,114.0
UGA,2015,9,264.0,3.0,0.0,39.0,42.0,222.0,98.0
UGA,2015,10,210.0,1.0,0.0,4.0,5.0,205.0,87.0
UGA,2015,11,154.0,0.0,0.0,7.0,7.0,147.0,58.0
UGA,2015,12,138.0,0.0,0.0,9.0,9.0,129.0,28.0
UGA,2016,1,145.0,0.0,0.0,15.0,15.0,130.0,18.0
UGA,2016,2,111.0,0.0,0.0,17.0,17.0,94.0,10.0
UGA,2016,3,158.0,0.0,0.0,10.0,10.0,148.0,23.0
UGA,2016,4,253.0,15.0,8.0,26.0,49.0,204.0,61.0
UGA,2016,5,149.0,13.0,0.0,11.0,24.0,125.0,31.0
UGA,2016,6,184.0,7.0,0.0,16.0,23.0,161.0,17.0
UGA,2016,7,210.0,51.0,1.0,4.0,56.0,154.0,21.0
UGA,2016,8,90.0,9.0,0.0,7.0,16.0,74.0,31.0
UGA,2016,9,42.0,1.0,0.0,7.0,8.0,34.0,7.0
UGA,2016,10,81.0,10.0,0.0,4.0,14.0,67.0,21.0
UGA,2016,11,72.0,1.0,0.0,12.0,13.0,59.0,27.0
UGA,2016,12,46.0,4.0,0.0,3.0,7.0,39.0,16.0
UGA,2017,1,68.0,4.0,0.0,15.0,19.0,49.0,19.0
UGA,2017,2,23.0,1.0,0.0,4.0,5.0,18.0,7.0
UGA,2017,3,112.0,3.0,0.0,16.0,19.0,93.0,34.0
UGA,2017,4,139.0,14.0,2.0,11.0,27.0,112.0,42.0
UGA,2017,5,92.0,3.0,4.0,6.0,13.0,79.0,21.0
UGA,2017,6,55.0,6.0,3.0,10.0,19.0,36.0,6.0
UGA,2017,7,108.0,5.0,21.0,24.0,50.0,58.0,16.0
UGA,2017,8,242.0,26.0,54.0,20.0,100.0,142.0,58.0
UGA,2017,9,157.0,12.0,32.0,43.0,87.0,70.0,27.0
UGA,2017,10,142.0,24.0,53.0,19.0,96.0,46.0,13.0
UGA,2017,11,170.0,140.0,29.0,0.0,169.0,1.0,
UGA,2017,12,305.0,215.0,42.0,31.0,288.0,17.0,5.0
UGA,2018,1,301.0,21.0,29.0,119.0,169.0,132.0,42.0
UGA,2018,2,339.0,92.0,52.0,97.0,241.0,98.0,23.0
UGA,2018,3,508.0,267.0,85.0,37.0,389.0,119.0,71.0
UGA,2018,4,319.0,227.0,0.0,18.0,245.0,74.0,37.0
UGA,2018,5,343.0,276.0,11.0,38.0,325.0,18.0,4.0
UGA,2018,6,183.0,86.0,18.0,36.0,140.0,43.0,2.0
UGA,2018,7,316.0,187.0,10.0,45.0,242.0,74.0,38.0
UGA,2018,8,317.0,157.0,12.0,50.0,219.0,98.0,53.0
UGA,2018,9,277.0,116.0,30.0,64.0,210.0,67.0,30.0
UGA,2018,10,284.0,132.0,5.0,49.0,186.0,98.0,32.0
UGA,2018,11,237.0,112.0,2.0,31.0,145.0,92.0,47.0
UGA,2018,12,204.0,96.0,0.0,31.0,127.0,77.0,46.0
UGA,2019,1,235.0,10.0,3.0,133.0,146.0,89.0,19.0
UGA,2019,2,291.0,11.0,112.0,87.0,210.0,81.0,16.0
UGA,2019,3,358.0,16.0,79.0,77.0,172.0,186.0,55.0
UGA,2019,4,227.0,9.0,0.0,49.0,58.0,169.0,75.0
UGA,2019,5,134.0,3.0,0.0,40.0,43.0,91.0,24.0
UGA,2019,6,75.0,1.0,0.0,19.0,20.0,55.0,14.0
UGA,2019,7,119.0,10.0,0.0,42.0,52.0,67.0,18.0
UGA,2019,8,110.0,2.0,0.0,54.0,56.0,54.0,20.0
UGA,2019,9,111.0,6.0,10.0,62.0,78.0,33.0,9.0
UGA,2019,10,94.0,4.0,0.0,32.0,36.0,58.0,19.0
UGA,2019,11,56.0,7.0,0.0,15.0,22.0,34.0,6.0
UGA,2019,12,3.0,2.0,0.0,0.0,2.0,1.0,1.0
UGA,2020,1,187.0,1.0,90.0,49.0,140.0,47.0,5.0
UGA,2020,2,174.0,1.0,76.0,37.0,114.0,60.0,
UGA,2020,3,36.0,0.0,0.0,15.0,15.0,21.0,
UGA,2020,4,19.0,0.0,0.0,4.0,4.0,15.0,
UGA,2020,5,19.0,0.0,0.0,5.0,5.0,14.0,
UGA,2020,6,20.0,0.0,0.0,1.0,1.0,19.0,
UGA,2020,7,16.0,0.0,0.0,2.0,2.0,14.0,
UGA,2020,8,18.0,0.0,0.0,3.0,3.0,15.0,
UGA,2020,9,19.0,0.0,0.0,2.0,2.0,17.0,2.0
UGA,2020,10,35.0,0.0,0.0,5.0,5.0,30.0,2.0
UGA,2020,11,36.0,1.0,0.0,12.0,13.0,23.0,2.0
UGA,2020,12,27.0,1.0,0.0,3.0,4.0,23.0,
UGA,2021,1,34.0,1.0,0.0,5.0,6.0,28.0,3.0
UGA,2021,2,50.0,0.0,0.0,8.0,8.0,42.0,
UGA,2021,3,48.0,1.0,0.0,2.0,3.0,45.0,1.0
UGA,2021,4,62.0,1.0,0.0,3.0,4.0,58.0,5.0
UGA,2021,5,95.0,1.0,0.0,2.0,3.0,92.0,7.0
UGA,2021,6,40.0,0.0,0.0,3.0,3.0,37.0,7.0
UGA,2021,7,56.0,0.0,0.0,4.0,4.0,52.0,4.0
UGA,2021,8,46.0,1.0,0.0,4.0,5.0,41.0,3.0
UGA,2021,9,48.0,0.0,0.0,2.0,2.0,46.0,2.0
UGA,2021,10,43.0,0.0,0.0,5.0,5.0,38.0,1.0
UGA,2021,11,58.0,10.0,0.0,4.0,14.0,44.0,3.0
UGA,2021,12,40.0,7.0,0.0,4.0,11.0,29.0,1.0
UGA,2022,1,26.0,1.0,0.0,1.0,2.0,24.0,
UGA,2022,2,58.0,0.0,0.0,4.0,4.0,54.0,
UGA,2022,3,68.0,0.0,0.0,2.0,2.0,66.0,1.0
UGA,2022,4,61.0,0.0,0.0,4.0,4.0,57.0,2.0
UGA,2022,5,61.0,0.0,0.0,4.0,4.0,57.0,
UGA,2022,6,68.0,0.0,0.0,4.0,4.0,64.0,
UGA,2022,7,82.0,0.0,0.0,3.0,3.0,79.0,5.0
UGA,2022,8,60.0,0.0,0.0,12.0,12.0,48.0,1.0
UGA,2022,9,168.0,77.0,0.0,21.0,98.0,70.0,3.0
UGA,2022,10,137.0,37.0,0.0,4.0,41.0,96.0,1.0
UGA,2022,11,47.0,1.0,0.0,7.0,8.0,39.0,4.0
UGA,2022,12,37.0,4.0,0.0,2.0,6.0,31.0,11.0
UGA,2023,1,128.0,0.0,61.0,14.0,75.0,53.0,10.0
UGA,2023,2,76.0,0.0,27.0,7.0,34.0,42.0,3.0
UGA,2023,3,211.0,0.0,73.0,27.0,100.0,111.0,2.0
UGA,2023,4,193.0,0.0,26.0,19.0,45.0,148.0,5.0
UGA,2023,5,96.0,0.0,17.0,18.0,35.0,61.0,2.0
UGA,2023,6,87.0,0.0,0.0,15.0,15.0,72.0,6.0
UGA,2023,7,157.0,1.0,0.0,7.0,8.0,149.0,8.0
UGA,2023,8,145.0,0.0,0.0,14.0,14.0,131.0,2.0
UGA,2023,9,130.0,1.0,8.0,27.0,36.0,94.0,4.0
UGA,2023,10,168.0,0.0,4.0,11.0,15.0,153.0,2.0
UGA,2023,11,183.0,0.0,0.0,13.0,13.0,170.0,4.0
UGA,2023,12,74.0,0.0,0.0,11.0,11.0,63.0,3.0
UGA,2024,1,280.0,1.0,113.0,46.0,160.0,120.0,2.0
UGA,2024,2,275.0,7.0,36.0,56.0,99.0,176.0,2.0
UGA,2024,3,341.0,6.0,69.0,55.0,130.0,211.0,1.0
UGA,2024,4,157.0,1.0,1.0,45.0,47.0,110.0,3.0
UGA,2024,5,109.0,3.0,0.0,33.0,36.0,73.0,
UGA,2024,6,151.0,4.0,0.0,46.0,50.0,101.0,1.0
UGA,2024,7,283.0,7.0,3.0,80.0,90.0,193.0,1.0
UGA,2024,8,252.0,7.0,0.0,78.0,85.0,167.0,1.0
UGA,2024,9,220.0,2.0,0.0,101.0,103.0,117.0,1.0
UGA,2024,10,183.0,1.0,0.0,81.0,82.0,101.0,1.0
UGA,2024,11,231.0,4.0,0.0,107.0,111.0,120.0,7.0
UGA,2024,12,133.0,4.0,0.0,74.0,78.0,55.0,5.0
UGA,2025,1,219.0,5.0,9.0,141.0,155.0,64.0,6.0
UGA,2025,2,187.0,5.0,0.0,94.0,99.0,88.0,14.0
UGA,2025,3,212.0,3.0,0.0,105.0,108.0,104.0,12.0
UGA,2025,4,239.0,10.0,27.0,97.0,134.0,105.0,2.0
UGA,2025,5,174.0,5.0,46.0,67.0,118.0,56.0,1.0
UGA,2025,6,109.0,2.0,0.0,41.0,43.0,66.0,3.0
UGA,2025,7,185.0,4.0,0.0,81.0,85.0,100.0,4.0
UGA,2025,8,166.0,6.0,0.0,97.0,103.0,63.0,
UGA,2025,9,157.0,1.0,0.0,88.0,89.0,68.0,2.0
UGA,2025,10,123.0,4.0,0.0,57.0,61.0,62.0,
UGA,2025,11,28.0,2.0,0.0,11.0,13.0,15.0,
UGA,2026,1,147.0,4.0,2.0,69.0,75.0,72.0,10.0
UGA,2026,2,176.0,0.0,14.0,74.0,88.0,88.0,5.0
UGA,2026,3,256.0,7.0,0.0,91.0,98.0,158.0,1.0
UGA,2026,4,301.0,7.0,0.0,82.0,89.0,212.0,5.0
UGA,2026,5,175.0,2.0,0.0,48.0,50.0,125.0,5.0
UGA,2026,6,180.0,4.0,0.0,50.0,54.0,126.0,9.0
UGA,2026,7,173.0,3.0,0.0,55.0,58.0,115.0,7.0
UGA,2026,8,81.0,2.0,0.0,29.0,31.0,50.0,21.0
ZAF,2012,1,396.0,3.0,0.0,0.0,3.0,393.0,65.0
ZAF,2012,2,529.0,3.0,0.0,1.0,4.0,525.0,86.0
ZAF,2012,3,571.0,0.0,0.0,3.0,3.0,568.0,144.0
ZAF,2012,4,352.0,2.0,0.0,2.0,4.0,348.0,88.0
ZAF,2012,5,457.0,1.0,0.0,4.0,5.0,452.0,114.0
ZAF,2012,6,458.0,1.0,0.0,5.0,6.0,452.0,185.0
ZAF,2012,7,440.0,0.0,0.0,2.0,2.0,438.0,155.0
ZAF,2012,8,534.0,0.0,0.0,4.0,4.0,530.0,159.0
ZAF,2012,9,953.0,0.0,0.0,2.0,2.0,951.0,431.0
ZAF,2012,10,850.0,0.0,0.0,0.0,0.0,850.0,365.0
ZAF,2012,11,475.0,0.0,0.0,1.0,1.0,474.0,206.0
ZAF,2012,12,39.0,0.0,0.0,1.0,1.0,38.0,7.0
ZAF,2013,1,255.0,2.0,0.0,0.0,2.0,253.0,42.0
ZAF,2013,2,229.0,3.0,0.0,0.0,3.0,226.0,24.0
ZAF,2013,3,324.0,1.0,0.0,3.0,4.0,320.0,14.0
ZAF,2013,4,278.0,2.0,0.0,3.0,5.0,273.0,
ZAF,2013,5,295.0,1.0,0.0,2.0,3.0,292.0,
ZAF,2013,6,314.0,3.0,0.0,0.0,3.0,311.0,1.0
ZAF,2013,7,386.0,1.0,0.0,1.0,2.0,384.0,
ZAF,2013,8,619.0,3.0,0.0,3.0,6.0,613.0,2.0
ZAF,2013,9,877.0,4.0,0.0,3.0,7.0,870.0,2.0
ZAF,2013,10,536.0,5.0,0.0,5.0,10.0,526.0,3.0
ZAF,2013,11,1080.0,4.0,0.0,2.0,6.0,1074.0,2.0
ZAF,2013,12,233.0,2.0,0.0,3.0,5.0,228.0,
ZAF,2014,1,431.0,0.0,0.0,2.0,2.0,429.0,
ZAF,2014,2,648.0,4.0,0.0,6.0,10.0,638.0,
ZAF,2014,3,616.0,6.0,0.0,6.0,12.0,604.0,
ZAF,2014,4,584.0,5.0,0.0,6.0,11.0,573.0,
ZAF,2014,5,494.0,0.0,0.0,4.0,4.0,490.0,
ZAF,2014,6,766.0,2.0,0.0,6.0,8.0,758.0,
ZAF,2014,7,641.0,0.0,0.0,4.0,4.0,637.0,
ZAF,2014,8,356.0,2.0,0.0,6.0,8.0,348.0,
ZAF,2014,9,24.0,0.0,0.0,22.0,22.0,2.0,
ZAF,2014,10,25.0,0.0,0.0,24.0,24.0,1.0,1.0
ZAF,2014,11,41.0,0.0,0.0,39.0,39.0,2.0,2.0
ZAF,2014,12,27.0,0.0,0.0,26.0,26.0,1.0,
ZAF,2015,1,852.0,130.0,0.0,9.0,139.0,713.0,51.0
ZAF,2015,2,127.0,52.0,0.0,0.0,52.0,75.0,
ZAF,2015,3,141.0,82.0,0.0,1.0,83.0,58.0,
ZAF,2015,4,93.0,37.0,0.0,1.0,38.0,55.0,1.0
ZAF,2015,5,100.0,41.0,0.0,2.0,43.0,57.0,
ZAF,2015,6,78.0,25.0,0.0,0.0,25.0,53.0,
ZAF,2015,7,68.0,33.0,0.0,0.0,33.0,35.0,4.0
ZAF,2015,8,90.0,67.0,0.0,0.0,67.0,23.0,1.0
ZAF,2015,9,195.0,135.0,0.0,1.0,136.0,59.0,14.0
ZAF,2015,10,124.0,83.0,0.0,0.0,83.0,41.0,10.0
ZAF,2015,11,33.0,31.0,0.0,0.0,31.0,2.0,
ZAF,2016,1,153.0,0.0,0.0,2.0,2.0,151.0,10.0
ZAF,2016,2,230.0,0.0,0.0,1.0,1.0,229.0,18.0
ZAF,2016,3,208.0,0.0,0.0,2.0,2.0,206.0,14.0
ZAF,2016,4,197.0,0.0,0.0,2.0,2.0,195.0,21.0
ZAF,2016,5,155.0,0.0,0.0,0.0,0.0,155.0,20.0
ZAF,2016,6,159.0,0.0,0.0,0.0,0.0,159.0,38.0
ZAF,2016,7,142.0,0.0,0.0,4.0,4.0,138.0,27.0
ZAF,2016,8,221.0,0.0,0.0,3.0,3.0,218.0,51.0
ZAF,2016,9,441.0,0.0,0.0,6.0,6.0,435.0,149.0
ZAF,2016,10,515.0,0.0,0.0,4.0,4.0,511.0,164.0
ZAF,2016,11,301.0,0.0,0.0,0.0,0.0,301.0,106.0
ZAF,2016,12,58.0,0.0,0.0,0.0,0.0,58.0,24.0
ZAF,2017,1,222.0,0.0,0.0,8.0,8.0,214.0,29.0
ZAF,2017,2,465.0,0.0,0.0,28.0,28.0,437.0,32.0
ZAF,2017,3,544.0,1.0,0.0,16.0,17.0,527.0,73.0
ZAF,2017,4,264.0,0.0,0.0,10.0,10.0,254.0,30.0
ZAF,2017,5,470.0,0.0,0.0,21.0,21.0,449.0,91.0
ZAF,2017,6,506.0,0.0,0.0,19.0,19.0,487.0,166.0
ZAF,2017,7,235.0,0.0,0.0,20.0,20.0,215.0,76.0
ZAF,2017,8,367.0,0.0,0.0,24.0,24.0,343.0,128.0
ZAF,2017,9,583.0,0.0,0.0,29.0,29.0,554.0,191.0
ZAF,2017,10,969.0,1.0,0.0,22.0,23.0,946.0,470.0
ZAF,2017,11,676.0,1.0,0.0,13.0,14.0,662.0,311.0
ZAF,2017,12,10.0,0.0,0.0,0.0,0.0,10.0,
ZAF,2018,1,266.0,0.0,0.0,11.0,11.0,255.0,49.0
ZAF,2018,2,316.0,0.0,0.0,8.0,8.0,308.0,38.0
ZAF,2018,3,328.0,0.0,0.0,4.0,4.0,324.0,42.0
ZAF,2018,4,232.0,0.0,0.0,5.0,5.0,227.0,37.0
ZAF,2018,5,227.0,0.0,0.0,9.0,9.0,218.0,50.0
ZAF,2018,6,190.0,0.0,0.0,6.0,6.0,184.0,37.0
ZAF,2018,7,173.0,0.0,0.0,4.0,4.0,169.0,52.0
ZAF,2018,8,1.0,0.0,0.0,1.0,1.0,0.0,
ZAF,2019,1,195.0,5.0,0.0,3.0,8.0,187.0,21.0
ZAF,2019,2,244.0,0.0,0.0,2.0,2.0,242.0,19.0
ZAF,2019,3,214.0,1.0,0.0,2.0,3.0,211.0,38.0
ZAF,2019,4,199.0,4.0,0.0,5.0,9.0,190.0,34.0
ZAF,2019,5,249.0,8.0,0.0,1.0,9.0,240.0,45.0
ZAF,2019,6,230.0,6.0,0.0,0.0,6.0,224.0,60.0
ZAF,2019,7,196.0,3.0,0.0,5.0,8.0,188.0,52.0
ZAF,2019,8,288.0,2.0,0.0,8.0,10.0,278.0,87.0
ZAF,2019,9,643.0,2.0,0.0,5.0,7.0,636.0,225.0
ZAF,2019,10,996.0,8.0,0.0,4.0,12.0,984.0,373.0
ZAF,2019,11,736.0,1.0,0.0,16.0,17.0,719.0,306.0
ZAF,2019,12,152.0,0.0,0.0,4.0,4.0,148.0,73.0
ZAF,2020,1,216.0,2.0,0.0,6.0,8.0,208.0,37.0
ZAF,2020,2,249.0,4.0,0.0,5.0,9.0,240.0,33.0
ZAF,2020,3,230.0,7.0,0.0,8.0,15.0,215.0,39.0
ZAF,2020,4,76.0,2.0,0.0,2.0,4.0,72.0,8.0
ZAF,2020,5,55.0,1.0,0.0,0.0,1.0,54.0,6.0
ZAF,2020,6,36.0,0.0,0.0,0.0,0.0,36.0,3.0
ZAF,2020,7,33.0,1.0,0.0,0.0,1.0,32.0,
ZAF,2020,8,37.0,1.0,0.0,0.0,1.0,36.0,
ZAF,2020,9,52.0,0.0,0.0,0.0,0.0,52.0,2.0
ZAF,2020,10,76.0,2.0,0.0,6.0,8.0,68.0,
ZAF,2020,11,51.0,0.0,0.0,1.0,1.0,50.0,2.0
ZAF,2020,12,42.0,1.0,0.0,4.0,5.0,37.0,
ZAF,2021,1,64.0,0.0,0.0,2.0,2.0,62.0,1.0
ZAF,2021,2,66.0,1.0,0.0,3.0,4.0,62.0,1.0
ZAF,2021,3,100.0,1.0,0.0,3.0,4.0,96.0,1.0
ZAF,2021,4,68.0,1.0,0.0,2.0,3.0,65.0,1.0
ZAF,2021,5,91.0,1.0,0.0,3.0,4.0,87.0,1.0
ZAF,2021,6,49.0,0.0,0.0,1.0,1.0,48.0,
ZAF,2021,7,52.0,0.0,0.0,2.0,2.0,50.0,
ZAF,2021,8,40.0,0.0,0.0,1.0,1.0,39.0,
ZAF,2021,9,64.0,0.0,0.0,0.0,0.0,64.0,2.0
ZAF,2021,10,78.0,1.0,0.0,1.0,2.0,76.0,5.0
ZAF,2021,11,78.0,0.0,0.0,2.0,2.0,76.0,10.0
ZAF,2021,12,20.0,0.0,0.0,2.0,2.0,18.0,
ZAF,2022,1,94.0,0.0,0.0,3.0,3.0,91.0,
ZAF,2022,2,124.0,0.0,0.0,3.0,3.0,121.0,1.0
ZAF,2022,3,143.0,0.0,0.0,5.0,5.0,138.0,2.0
ZAF,2022,4,112.0,0.0,0.0,5.0,5.0,107.0,1.0
ZAF,2022,5,149.0,0.0,0.0,11.0,11.0,138.0,2.0
ZAF,2022,6,227.0,0.0,1.0,10.0,11.0,216.0,1.0
ZAF,2022,7,165.0,0.0,2.0,9.0,11.0,154.0,4.0
ZAF,2022,8,180.0,0.0,0.0,6.0,6.0,174.0,58.0
ZAF,2022,9,256.0,0.0,0.0,13.0,13.0,243.0,
ZAF,2022,10,412.0,0.0,0.0,28.0,28.0,384.0,2.0
ZAF,2022,11,764.0,0.0,0.0,135.0,135.0,629.0,
ZAF,2022,12,24.0,0.0,0.0,24.0,24.0,0.0,
ZAF,2023,1,1139.0,0.0,0.0,150.0,150.0,989.0,2.0
ZAF,2023,2,1148.0,1.0,0.0,221.0,222.0,926.0,1.0
ZAF,2023,3,946.0,0.0,0.0,195.0,195.0,751.0,4.0
ZAF,2023,4,359.0,0.0,0.0,59.0,59.0,300.0,3.0
ZAF,2023,5,320.0,0.0,0.0,76.0,76.0,244.0,
ZAF,2023,6,227.0,0.0,0.0,52.0,52.0,175.0,3.0
ZAF,2023,7,133.0,0.0,0.0,18.0,18.0,115.0,
ZAF,2023,8,226.0,1.0,0.0,36.0,37.0,189.0,8.0
ZAF,2023,9,308.0,2.0,0.0,58.0,60.0,248.0,32.0
ZAF,2023,10,144.0,0.0,0.0,19.0,19.0,125.0,34.0
ZAF,2024,1,654.0,2.0,0.0,20.0,22.0,632.0,121.0
ZAF,2024,2,502.0,4.0,0.0,15.0,19.0,483.0,71.0
ZAF,2024,3,724.0,11.0,0.0,19.0,30.0,694.0,245.0
ZAF,2024,4,797.0,6.0,0.0,29.0,35.0,762.0,329.0
ZAF,2024,5,1347.0,19.0,0.0,36.0,55.0,1292.0,664.0
ZAF,2024,6,874.0,4.0,0.0,29.0,33.0,841.0,447.0
ZAF,2024,7,616.0,5.0,0.0,30.0,35.0,581.0,265.0
ZAF,2024,8,3142.0,28.0,0.0,91.0,119.0,3023.0,1776.0
ZAF,2024,9,7771.0,43.0,0.0,242.0,285.0,7486.0,4207.0
ZAF,2024,10,7115.0,54.0,0.0,191.0,245.0,6870.0,2943.0
ZAF,2024,11,4357.0,29.0,0.0,133.0,162.0,4195.0,1718.0
ZAF,2024,12,1691.0,14.0,0.0,55.0,69.0,1622.0,774.0
ZAF,2025,1,494.0,56.0,0.0,38.0,94.0,400.0,112.0
ZAF,2025,2,384.0,34.0,0.0,30.0,64.0,320.0,60.0
ZAF,2025,3,417.0,43.0,0.0,63.0,106.0,311.0,53.0
ZAF,2025,4,289.0,19.0,0.0,54.0,73.0,216.0,38.0
ZAF,2025,5,333.0,44.0,0.0,50.0,94.0,239.0,54.0
ZAF,2025,6,502.0,100.0,0.0,163.0,263.0,239.0,60.0
ZAF,2025,7,592.0,69.0,0.0,181.0,250.0,342.0,89.0
ZAF,2025,8,780.0,27.0,0.0,259.0,286.0,494.0,134.0
ZAF,2025,9,1602.0,44.0,0.0,340.0,384.0,1218.0,460.0
ZAF,2025,10,1649.0,60.0,0.0,412.0,472.0,1177.0,361.0
ZAF,2025,11,836.0,25.0,0.0,230.0,255.0,581.0,174.0
ZAF,2026,1,877.0,258.0,0.0,232.0,490.0,387.0,14.0
ZAF,2026,2,1131.0,374.0,0.0,273.0,647.0,484.0,56.0
ZAF,2026,3,1405.0,338.0,0.0,466.0,804.0,601.0,41.0
ZAF,2026,4,1012.0,87.0,0.0,485.0,572.0,440.0,22.0
ZAF,2026,5,994.0,128.0,0.0,461.0,589.0,405.0,18.0
ZAF,2026,6,2208.0,758.0,0.0,941.0,1699.0,509.0,16.0
ZAF,2026,7,1466.0,462.0,0.0,645.0,1107.0,359.0,17.0
ZAF,2026,8,973.0,170.0,0.0,408.0,578.0,395.0,11.0
ZMB,2012,1,146.0,50.0,85.0,8.0,143.0,3.0,1.0
ZMB,2012,2,156.0,27.0,104.0,4.0,135.0,21.0,3.0
ZMB,2012,3,147.0,30.0,85.0,2.0,117.0,30.0,11.0
ZMB,2012,4,73.0,21.0,45.0,2.0,68.0,5.0,1.0
ZMB,2012,5,67.0,26.0,31.0,1.0,58.0,9.0,2.0
ZMB,2012,6,45.0,5.0,21.0,0.0,26.0,19.0,9.0
ZMB,2012,7,58.0,3.0,0.0,5.0,8.0,50.0,19.0
ZMB,2012,8,52.0,0.0,0.0,1.0,1.0,51.0,23.0
ZMB,2012,9,51.0,0.0,0.0,0.0,0.0,51.0,31.0
ZMB,2012,10,40.0,0.0,0.0,0.0,0.0,40.0,25.0
ZMB,2012,11,51.0,3.0,0.0,0.0,3.0,48.0,7.0
ZMB,2012,12,7.0,1.0,1.0,0.0,2.0,5.0,3.0
ZMB,2013,1,5.0,0.0,0.0,0.0,0.0,5.0,2.0
ZMB,2013,2,23.0,0.0,0.0,0.0,0.0,23.0,6.0
ZMB,2013,3,23.0,0.0,0.0,0.0,0.0,23.0,9.0
ZMB,2013,4,8.0,0.0,0.0,1.0,1.0,7.0,4.0
ZMB,2013,5,17.0,0.0,0.0,0.0,0.0,17.0,3.0
ZMB,2013,6,3.0,0.0,0.0,0.0,0.0,3.0,1.0
ZMB,2013,7,47.0,13.0,0.0,0.0,13.0,34.0,34.0
ZMB,2014,1,32.0,0.0,0.0,0.0,0.0,32.0,9.0
ZMB,2014,2,39.0,0.0,0.0,2.0,2.0,37.0,9.0
ZMB,2014,3,45.0,1.0,0.0,2.0,3.0,42.0,12.0
ZMB,2014,4,21.0,0.0,0.0,1.0,1.0,20.0,7.0
ZMB,2014,5,14.0,1.0,0.0,0.0,1.0,13.0,1.0
ZMB,2014,6,11.0,0.0,0.0,0.0,0.0,11.0,1.0
ZMB,2014,7,19.0,1.0,0.0,0.0,1.0,18.0,3.0
ZMB,2014,8,7.0,0.0,0.0,2.0,2.0,5.0,3.0
ZMB,2014,9,17.0,2.0,0.0,1.0,3.0,14.0,4.0
ZMB,2014,10,42.0,0.0,0.0,1.0,1.0,41.0,21.0
ZMB,2014,11,29.0,0.0,0.0,0.0,0.0,29.0,11.0
ZMB,2014,12,22.0,1.0,0.0,1.0,2.0,20.0,9.0
ZMB,2015,1,17.0,12.0,0.0,0.0,12.0,5.0,2.0
ZMB,2015,2,20.0,0.0,0.0,0.0,0.0,20.0,4.0
ZMB,2015,3,22.0,1.0,0.0,0.0,1.0,21.0,3.0
ZMB,2015,4,22.0,2.0,0.0,0.0,2.0,20.0,2.0
ZMB,2015,5,35.0,2.0,0.0,1.0,3.0,32.0,5.0
ZMB,2015,6,19.0,2.0,0.0,0.0,2.0,17.0,5.0
ZMB,2015,7,40.0,2.0,0.0,1.0,3.0,37.0,10.0
ZMB,2015,8,34.0,3.0,0.0,2.0,5.0,29.0,9.0
ZMB,2015,9,43.0,1.0,0.0,2.0,3.0,40.0,12.0
ZMB,2015,10,65.0,2.0,0.0,2.0,4.0,61.0,28.0
ZMB,2015,11,46.0,4.0,0.0,0.0,4.0,42.0,8.0
ZMB,2015,12,36.0,0.0,0.0,1.0,1.0,35.0,3.0
ZMB,2016,1,35.0,0.0,0.0,0.0,0.0,35.0,1.0
ZMB,2016,2,54.0,0.0,0.0,1.0,1.0,53.0,5.0
ZMB,2016,3,36.0,0.0,0.0,2.0,2.0,34.0,1.0
ZMB,2016,4,19.0,0.0,0.0,0.0,0.0,19.0,
ZMB,2016,5,39.0,0.0,0.0,2.0,2.0,37.0,1.0
ZMB,2016,6,22.0,0.0,0.0,0.0,0.0,22.0,1.0
ZMB,2016,7,29.0,0.0,0.0,0.0,0.0,29.0,2.0
ZMB,2016,8,51.0,0.0,0.0,0.0,0.0,51.0,4.0
ZMB,2016,9,46.0,0.0,0.0,0.0,0.0,46.0,13.0
ZMB,2016,10,45.0,0.0,0.0,0.0,0.0,45.0,4.0
ZMB,2016,11,18.0,0.0,0.0,0.0,0.0,18.0,1.0
ZMB,2016,12,16.0,0.0,0.0,0.0,0.0,16.0,1.0
ZMB,2017,1,31.0,2.0,0.0,0.0,2.0,29.0,
ZMB,2017,2,22.0,0.0,0.0,0.0,0.0,22.0,
ZMB,2017,3,41.0,2.0,0.0,2.0,4.0,37.0,1.0
ZMB,2017,4,27.0,0.0,0.0,1.0,1.0,26.0,
ZMB,2017,5,44.0,4.0,0.0,2.0,6.0,38.0,3.0
ZMB,2017,6,36.0,1.0,0.0,0.0,1.0,35.0,
ZMB,2017,7,48.0,1.0,0.0,0.0,1.0,47.0,2.0
ZMB,2017,8,50.0,0.0,0.0,0.0,0.0,50.0,
ZMB,2017,9,41.0,0.0,0.0,0.0,0.0,41.0,
ZMB,2017,10,47.0,1.0,0.0,4.0,5.0,42.0,7.0
ZMB,2017,11,79.0,5.0,0.0,4.0,9.0,70.0,1.0
ZMB,2017,12,20.0,20.0,0.0,0.0,20.0,0.0,
ZMB,2018,1,26.0,0.0,0.0,0.0,0.0,26.0,
ZMB,2018,2,19.0,0.0,0.0,0.0,0.0,19.0,
ZMB,2018,3,31.0,0.0,0.0,0.0,0.0,31.0,1.0
ZMB,2018,4,40.0,4.0,0.0,0.0,4.0,36.0,
ZMB,2018,5,25.0,2.0,0.0,0.0,2.0,23.0,1.0
ZMB,2018,6,23.0,1.0,0.0,2.0,3.0,20.0,3.0
ZMB,2018,7,35.0,0.0,0.0,7.0,7.0,28.0,1.0
ZMB,2018,8,23.0,0.0,0.0,3.0,3.0,20.0,
ZMB,2018,9,30.0,1.0,0.0,6.0,7.0,23.0,1.0
ZMB,2018,10,32.0,24.0,0.0,1.0,25.0,7.0,
ZMB,2018,11,41.0,41.0,0.0,0.0,41.0,0.0,
ZMB,2018,12,20.0,20.0,0.0,0.0,20.0,0.0,
ZMB,2019,1,50.0,49.0,0.0,0.0,49.0,1.0,
ZMB,2019,2,29.0,27.0,0.0,0.0,27.0,2.0,
ZMB,2019,3,19.0,16.0,0.0,0.0,16.0,3.0,
ZMB,2019,4,17.0,2.0,0.0,0.0,2.0,15.0,
ZMB,2019,5,16.0,9.0,0.0,2.0,11.0,5.0,
ZMB,2019,6,9.0,3.0,0.0,0.0,3.0,6.0,
ZMB,2019,7,20.0,4.0,0.0,2.0,6.0,14.0,
ZMB,2019,8,20.0,3.0,0.0,0.0,3.0,17.0,
ZMB,2019,9,20.0,4.0,0.0,3.0,7.0,13.0,
ZMB,2020,1,19.0,1.0,0.0,7.0,8.0,11.0,1.0
ZMB,2020,2,26.0,1.0,0.0,1.0,2.0,24.0,
ZMB,2020,3,16.0,1.0,0.0,3.0,4.0,12.0,
ZMB,2020,4,14.0,0.0,0.0,2.0,2.0,12.0,
ZMB,2020,5,8.0,0.0,0.0,2.0,2.0,6.0,
ZMB,2020,6,32.0,3.0,0.0,3.0,6.0,26.0,1.0
ZMB,2020,7,6.0,1.0,0.0,0.0,1.0,5.0,
ZMB,2020,8,7.0,1.0,0.0,0.0,1.0,6.0,
ZMB,2020,9,13.0,8.0,0.0,0.0,8.0,5.0,
ZMB,2020,10,10.0,5.0,0.0,0.0,5.0,5.0,
ZMB,2020,11,28.0,6.0,0.0,1.0,7.0,21.0,
ZMB,2020,12,58.0,6.0,0.0,17.0,23.0,35.0,3.0
ZMB,2021,1,17.0,10.0,0.0,2.0,12.0,5.0,
ZMB,2021,2,5.0,0.0,0.0,0.0,0.0,5.0,
ZMB,2021,3,5.0,2.0,0.0,0.0,2.0,3.0,1.0
ZMB,2021,4,6.0,2.0,0.0,1.0,3.0,3.0,
ZMB,2021,5,12.0,4.0,0.0,0.0,4.0,8.0,
ZMB,2021,6,10.0,3.0,0.0,1.0,4.0,6.0,
ZMB,2021,7,24.0,18.0,0.0,1.0,19.0,5.0,2.0
ZMB,2021,8,13.0,13.0,0.0,0.0,13.0,0.0,
ZMB,2021,9,30.0,28.0,0.0,0.0,28.0,2.0,
ZMB,2021,10,32.0,18.0,0.0,0.0,18.0,14.0,
ZMB,2021,11,84.0,3.0,0.0,38.0,41.0,43.0,
ZMB,2021,12,34.0,4.0,0.0,20.0,24.0,10.0,
ZMB,2022,1,30.0,5.0,0.0,10.0,15.0,15.0,2.0
ZMB,2022,2,52.0,20.0,0.0,8.0,28.0,24.0,
ZMB,2022,3,51.0,1.0,6.0,7.0,14.0,37.0,
ZMB,2022,4,34.0,0.0,3.0,8.0,11.0,23.0,
ZMB,2022,5,27.0,3.0,0.0,7.0,10.0,17.0,1.0
ZMB,2022,6,79.0,4.0,12.0,28.0,44.0,35.0,1.0
ZMB,2022,7,98.0,8.0,17.0,32.0,57.0,41.0,1.0
ZMB,2022,8,125.0,7.0,8.0,39.0,54.0,71.0,3.0
ZMB,2022,9,380.0,8.0,150.0,56.0,214.0,166.0,2.0
ZMB,2022,10,227.0,16.0,107.0,29.0,152.0,75.0,
ZMB,2022,11,124.0,41.0,41.0,24.0,106.0,18.0,
ZMB,2023,1,210.0,1.0,65.0,51.0,117.0,93.0,1.0
ZMB,2023,2,228.0,4.0,66.0,34.0,104.0,124.0,1.0
ZMB,2023,3,160.0,4.0,0.0,48.0,52.0,108.0,3.0
ZMB,2023,4,99.0,2.0,0.0,46.0,48.0,51.0,
ZMB,2023,5,129.0,2.0,0.0,58.0,60.0,69.0,
ZMB,2023,6,150.0,11.0,0.0,53.0,64.0,86.0,1.0
ZMB,2023,7,101.0,2.0,0.0,41.0,43.0,58.0,
ZMB,2023,8,118.0,1.0,0.0,67.0,68.0,50.0,1.0
ZMB,2023,9,148.0,3.0,6.0,44.0,53.0,95.0,
ZMB,2023,10,176.0,0.0,26.0,47.0,73.0,103.0,2.0
ZMB,2023,11,33.0,0.0,7.0,7.0,14.0,19.0,
ZMB,2024,1,68.0,1.0,0.0,29.0,30.0,38.0,
ZMB,2024,2,94.0,4.0,20.0,35.0,59.0,35.0,
ZMB,2024,3,73.0,4.0,0.0,22.0,26.0,47.0,1.0
ZMB,2024,4,80.0,3.0,13.0,26.0,42.0,38.0,
ZMB,2024,5,56.0,2.0,0.0,16.0,18.0,38.0,
ZMB,2024,6,59.0,0.0,0.0,27.0,27.0,32.0,
ZMB,2024,7,65.0,1.0,2.0,18.0,21.0,44.0,2.0
ZMB,2024,8,75.0,1.0,13.0,23.0,37.0,38.0,1.0
ZMB,2024,9,69.0,1.0,5.0,7.0,13.0,56.0,1.0
ZMB,2024,10,50.0,0.0,0.0,21.0,21.0,29.0,1.0
ZMB,2024,11,38.0,3.0,0.0,12.0,15.0,23.0,
ZMB,2024,12,29.0,1.0,0.0,10.0,11.0,18.0,
ZMB,2025,1,89.0,3.0,0.0,22.0,25.0,64.0,6.0
ZMB,2025,2,69.0,6.0,0.0,8.0,14.0,55.0,3.0
ZMB,2025,3,138.0,4.0,15.0,29.0,48.0,90.0,9.0
ZMB,2025,4,126.0,4.0,21.0,12.0,37.0,89.0,8.0
ZMB,2025,5,192.0,7.0,56.0,39.0,102.0,90.0,7.0
ZMB,2025,6,86.0,2.0,0.0,5.0,7.0,79.0,23.0
ZMB,2025,7,53.0,0.0,0.0,23.0,23.0,30.0,6.0
ZMB,2025,8,56.0,1.0,11.0,23.0,35.0,21.0,2.0
ZMB,2025,9,107.0,8.0,11.0,12.0,31.0,76.0,20.0
ZMB,2025,10,33.0,0.0,3.0,8.0,11.0,22.0,
ZMB,2026,1,86.0,1.0,0.0,11.0,12.0,74.0,13.0
ZMB,2026,2,60.0,3.0,0.0,17.0,20.0,40.0,
ZMB,2026,3,96.0,2.0,3.0,10.0,15.0,81.0,3.0
ZMB,2026,4,47.0,1.0,1.0,9.0,11.0,36.0,1.0
ZMB,2026,5,92.0,3.0,8.0,36.0,47.0,45.0,1.0
ZMB,2026,6,157.0,1.0,13.0,57.0,71.0,86.0,5.0
ZMB,2026,7,180.0,3.0,13.0,30.0,46.0,134.0,6.0
ZWE,2012,1,26.0,1.0,0.0,0.0,1.0,25.0,5.0
ZWE,2012,2,41.0,0.0,0.0,0.0,0.0,41.0,6.0
ZWE,2012,3,34.0,0.0,0.0,0.0,0.0,34.0,1.0
ZWE,2012,4,18.0,0.0,0.0,0.0,0.0,18.0,
ZWE,2012,5,19.0,0.0,0.0,0.0,0.0,19.0,
ZWE,2012,6,17.0,0.0,0.0,0.0,0.0,17.0,
ZWE,2012,7,22.0,0.0,0.0,0.0,0.0,22.0,
ZWE,2012,8,20.0,1.0,0.0,0.0,1.0,19.0,1.0
ZWE,2012,9,15.0,0.0,0.0,0.0,0.0,15.0,
ZWE,2012,10,26.0,0.0,0.0,0.0,0.0,26.0,
ZWE,2012,11,17.0,0.0,0.0,0.0,0.0,17.0,3.0
ZWE,2013,1,22.0,0.0,0.0,0.0,0.0,22.0,
ZWE,2013,2,74.0,1.0,0.0,0.0,1.0,73.0,1.0
ZWE,2013,3,73.0,0.0,0.0,1.0,1.0,72.0,3.0
ZWE,2013,4,66.0,0.0,0.0,0.0,0.0,66.0,
ZWE,2013,5,63.0,0.0,0.0,1.0,1.0,62.0,
ZWE,2013,6,50.0,0.0,0.0,0.0,0.0,50.0,
ZWE,2013,7,63.0,1.0,0.0,0.0,1.0,62.0,18.0
ZWE,2013,8,40.0,0.0,0.0,0.0,0.0,40.0,9.0
ZWE,2013,9,58.0,0.0,0.0,0.0,0.0,58.0,13.0
ZWE,2013,10,112.0,2.0,0.0,0.0,2.0,110.0,33.0
ZWE,2013,11,21.0,0.0,0.0,0.0,0.0,21.0,11.0
ZWE,2014,1,70.0,0.0,0.0,0.0,0.0,70.0,18.0
ZWE,2014,2,97.0,0.0,0.0,0.0,0.0,97.0,24.0
ZWE,2014,3,226.0,0.0,0.0,0.0,0.0,226.0,70.0
ZWE,2014,4,123.0,0.0,0.0,0.0,0.0,123.0,54.0
ZWE,2014,5,25.0,0.0,0.0,0.0,0.0,25.0,9.0
ZWE,2014,6,250.0,19.0,0.0,0.0,19.0,231.0,134.0
ZWE,2014,7,479.0,47.0,0.0,0.0,47.0,432.0,260.0
ZWE,2014,8,377.0,0.0,0.0,0.0,0.0,377.0,177.0
ZWE,2014,9,105.0,0.0,0.0,0.0,0.0,105.0,67.0
ZWE,2014,10,300.0,0.0,0.0,0.0,0.0,300.0,200.0
ZWE,2014,11,10.0,0.0,0.0,0.0,0.0,10.0,5.0
ZWE,2014,12,19.0,0.0,0.0,0.0,0.0,19.0,10.0
ZWE,2015,1,18.0,0.0,0.0,0.0,0.0,18.0,2.0
ZWE,2015,2,24.0,0.0,0.0,0.0,0.0,24.0,1.0
ZWE,2015,3,51.0,0.0,0.0,0.0,0.0,51.0,5.0
ZWE,2015,4,35.0,0.0,0.0,0.0,0.0,35.0,4.0
ZWE,2015,5,43.0,0.0,0.0,0.0,0.0,43.0,
ZWE,2015,6,34.0,1.0,0.0,0.0,1.0,33.0,2.0
ZWE,2015,7,26.0,0.0,0.0,0.0,0.0,26.0,
ZWE,2015,8,15.0,0.0,0.0,0.0,0.0,15.0,
ZWE,2015,9,43.0,0.0,0.0,0.0,0.0,43.0,1.0
ZWE,2015,10,17.0,0.0,0.0,0.0,0.0,17.0,3.0
ZWE,2015,11,21.0,0.0,0.0,0.0,0.0,21.0,2.0
ZWE,2016,1,39.0,0.0,0.0,0.0,0.0,39.0,1.0
ZWE,2016,2,73.0,0.0,0.0,1.0,1.0,72.0,1.0
ZWE,2016,3,49.0,0.0,0.0,0.0,0.0,49.0,
ZWE,2016,4,35.0,0.0,0.0,0.0,0.0,35.0,
ZWE,2016,5,29.0,0.0,0.0,0.0,0.0,29.0,
ZWE,2016,6,40.0,0.0,0.0,0.0,0.0,40.0,
ZWE,2016,7,31.0,0.0,0.0,0.0,0.0,31.0,
ZWE,2016,8,12.0,0.0,0.0,0.0,0.0,12.0,
ZWE,2016,9,24.0,0.0,0.0,0.0,0.0,24.0,
ZWE,2016,10,44.0,0.0,0.0,0.0,0.0,44.0,
ZWE,2016,11,38.0,1.0,0.0,0.0,1.0,37.0,
ZWE,2016,12,16.0,0.0,0.0,0.0,0.0,16.0,
ZWE,2017,1,46.0,0.0,0.0,0.0,0.0,46.0,1.0
ZWE,2017,2,106.0,0.0,0.0,0.0,0.0,106.0,
ZWE,2017,3,89.0,1.0,0.0,0.0,1.0,88.0,3.0
ZWE,2017,4,104.0,0.0,0.0,1.0,1.0,103.0,
ZWE,2017,5,83.0,1.0,0.0,0.0,1.0,82.0,
ZWE,2017,6,54.0,1.0,0.0,0.0,1.0,53.0,
ZWE,2017,7,38.0,6.0,0.0,0.0,6.0,32.0,
ZWE,2017,8,32.0,6.0,0.0,0.0,6.0,26.0,
ZWE,2017,9,25.0,0.0,0.0,0.0,0.0,25.0,
ZWE,2017,10,32.0,0.0,0.0,0.0,0.0,32.0,
ZWE,2017,11,38.0,0.0,0.0,0.0,0.0,38.0,
ZWE,2017,12,12.0,0.0,0.0,0.0,0.0,12.0,
ZWE,2018,1,54.0,0.0,0.0,0.0,0.0,54.0,
ZWE,2018,2,68.0,0.0,0.0,0.0,0.0,68.0,1.0
ZWE,2018,3,84.0,0.0,0.0,0.0,0.0,84.0,
ZWE,2018,4,54.0,0.0,0.0,0.0,0.0,54.0,
ZWE,2018,5,58.0,0.0,0.0,0.0,0.0,58.0,
ZWE,2018,6,35.0,0.0,0.0,0.0,0.0,35.0,
ZWE,2018,7,35.0,0.0,0.0,0.0,0.0,35.0,
ZWE,2018,8,34.0,0.0,0.0,1.0,1.0,33.0,
ZWE,2018,9,33.0,0.0,0.0,0.0,0.0,33.0,
ZWE,2018,10,19.0,0.0,0.0,0.0,0.0,19.0,
ZWE,2018,11,40.0,0.0,0.0,0.0,0.0,40.0,
ZWE,2018,12,14.0,0.0,0.0,0.0,0.0,14.0,
ZWE,2019,1,34.0,0.0,0.0,0.0,0.0,34.0,2.0
ZWE,2019,2,53.0,0.0,0.0,0.0,0.0,53.0,2.0
ZWE,2019,3,100.0,0.0,0.0,2.0,2.0,98.0,4.0
ZWE,2019,4,84.0,0.0,0.0,0.0,0.0,84.0,6.0
ZWE,2019,5,51.0,0.0,0.0,0.0,0.0,51.0,
ZWE,2019,6,15.0,0.0,0.0,0.0,0.0,15.0,
ZWE,2019,7,8.0,0.0,0.0,0.0,0.0,8.0,
ZWE,2019,9,1.0,0.0,0.0,0.0,0.0,1.0,
ZWE,2019,10,47.0,0.0,0.0,0.0,0.0,47.0,2.0
ZWE,2019,11,8.0,0.0,0.0,1.0,1.0,7.0,
ZWE,2020,1,33.0,0.0,0.0,0.0,0.0,33.0,1.0
ZWE,2020,2,49.0,0.0,0.0,1.0,1.0,48.0,4.0
ZWE,2020,3,83.0,1.0,0.0,0.0,1.0,82.0,7.0
ZWE,2020,4,15.0,0.0,0.0,2.0,2.0,13.0,
ZWE,2020,5,18.0,0.0,0.0,0.0,0.0,18.0,
ZWE,2020,6,5.0,0.0,0.0,0.0,0.0,5.0,
ZWE,2020,7,9.0,0.0,0.0,0.0,0.0,9.0,
ZWE,2020,8,9.0,0.0,0.0,0.0,0.0,9.0,
ZWE,2020,9,19.0,0.0,0.0,0.0,0.0,19.0,
ZWE,2020,10,12.0,0.0,0.0,0.0,0.0,12.0,2.0
ZWE,2020,11,11.0,0.0,0.0,0.0,0.0,11.0,
ZWE,2020,12,6.0,0.0,0.0,0.0,0.0,6.0,
ZWE,2021,1,15.0,0.0,0.0,0.0,0.0,15.0,1.0
ZWE,2021,2,42.0,0.0,0.0,0.0,0.0,42.0,
ZWE,2021,3,66.0,0.0,0.0,0.0,0.0,66.0,
ZWE,2021,4,39.0,0.0,0.0,0.0,0.0,39.0,
ZWE,2021,5,27.0,0.0,0.0,0.0,0.0,27.0,1.0
ZWE,2021,6,16.0,0.0,0.0,0.0,0.0,16.0,
ZWE,2021,8,10.0,0.0,0.0,0.0,0.0,10.0,
ZWE,2021,9,26.0,0.0,0.0,0.0,0.0,26.0,
ZWE,2021,10,19.0,0.0,0.0,0.0,0.0,19.0,
ZWE,2021,11,12.0,0.0,0.0,0.0,0.0,12.0,
ZWE,2021,12,10.0,0.0,0.0,0.0,0.0,10.0,
ZWE,2022,1,55.0,0.0,12.0,1.0,13.0,42.0,
ZWE,2022,2,79.0,0.0,9.0,3.0,12.0,67.0,
ZWE,2022,3,124.0,2.0,35.0,2.0,39.0,85.0,
ZWE,2022,4,339.0,0.0,189.0,34.0,223.0,116.0,
ZWE,2022,5,762.0,5.0,197.0,38.0,240.0,522.0,35.0
ZWE,2022,6,437.0,7.0,151.0,52.0,210.0,227.0,5.0
ZWE,2022,7,1097.0,3.0,776.0,73.0,852.0,245.0,1.0
ZWE,2022,8,3195.0,115.0,3002.0,20.0,3137.0,58.0,
ZWE,2022,9,424.0,39.0,382.0,3.0,424.0,0.0,
ZWE,2022,11,27.0,0.0,0.0,0.0,0.0,27.0,
ZWE,2022,12,6.0,0.0,0.0,0.0,0.0,6.0,
ZWE,2023,1,105.0,0.0,0.0,1.0,1.0,104.0,
ZWE,2023,2,111.0,0.0,0.0,2.0,2.0,109.0,2.0
ZWE,2023,3,114.0,0.0,0.0,1.0,1.0,113.0,6.0
ZWE,2023,4,115.0,0.0,0.0,4.0,4.0,111.0,4.0
ZWE,2023,5,138.0,1.0,0.0,4.0,5.0,133.0,35.0
ZWE,2023,6,130.0,0.0,0.0,1.0,1.0,129.0,21.0
ZWE,2023,7,94.0,0.0,0.0,1.0,1.0,93.0,14.0
ZWE,2023,8,64.0,0.0,0.0,0.0,0.0,64.0,14.0
ZWE,2023,9,45.0,0.0,0.0,0.0,0.0,45.0,13.0
ZWE,2023,10,81.0,0.0,0.0,1.0,1.0,80.0,14.0
ZWE,2023,11,91.0,0.0,0.0,1.0,1.0,90.0,7.0
ZWE,2023,12,17.0,0.0,0.0,0.0,0.0,17.0,
ZWE,2024,1,97.0,0.0,0.0,0.0,0.0,97.0,
ZWE,2024,2,136.0,0.0,0.0,1.0,1.0,135.0,
ZWE,2024,3,140.0,0.0,0.0,0.0,0.0,140.0,
ZWE,2024,4,99.0,0.0,0.0,0.0,0.0,99.0,
ZWE,2024,5,80.0,0.0,0.0,0.0,0.0,80.0,
ZWE,2024,6,67.0,0.0,0.0,0.0,0.0,67.0,
ZWE,2024,7,114.0,0.0,0.0,2.0,2.0,112.0,1.0
ZWE,2024,8,51.0,0.0,0.0,0.0,0.0,51.0,
ZWE,2024,9,63.0,0.0,0.0,0.0,0.0,63.0,2.0
ZWE,2024,10,110.0,7.0,0.0,2.0,9.0,101.0,1.0
ZWE,2024,11,65.0,10.0,0.0,10.0,20.0,45.0,7.0
ZWE,2024,12,4.0,0.0,0.0,4.0,4.0,0.0,
ZWE,2025,1,82.0,0.0,0.0,3.0,3.0,79.0,3.0
ZWE,2025,2,11.0,0.0,0.0,0.0,0.0,11.0,2.0
ZWE,2025,5,10.0,0.0,0.0,0.0,0.0,10.0,
ZWE,2026,1,122.0,118.0,0.0,0.0,118.0,4.0,4.0
ZWE,2026,2,216.0,214.0,0.0,0.0,214.0,2.0,2.0
ZWE,2026,3,270.0,270.0,0.0,0.0,270.0,0.0,
ZWE,2026,4,198.0,198.0,0.0,0.0,198.0,0.0,
ZWE,2026,5,234.0,234.0,0.0,0.0,234.0,0.0,
ZWE,2026,6,98.0,98.0,0.0,0.0,98.0,0.0,
ZWE,2026,7,102.0,102.0,0.0,0.0,102.0,0.0,
