iso3,year,population_total,population_0_14,children_pct,urban_pct,pop_density,birth_rate,gdp_per_capita_usd,poverty_215_pct,under5_mortality,stunting_pct,health_exp_per_capita,physicians_per_1000,skilled_birth_attendance,imputed_flag
AGO,2005,19291161.0,8716946.0,45.18621766725186,56.0,15.4737795780861,46.342,2145.88621098663,22.1,131.5,35.9,54.66142273,0.132,47.3,poverty_215_pct;physicians_per_1000;skilled_birth_attendance
AGO,2006,20015279.0,9035021.0,45.14061982348585,56.8939032662772,16.0546073634395,46.123,2930.44428606516,22.1,119.8,34.2,70.28185272,0.132,47.3,poverty_215_pct;physicians_per_1000;skilled_birth_attendance
AGO,2007,20778561.0,9373677.0,45.11225296111699,57.7564632930133,16.6668492821048,45.838,3515.05678985496,22.1,109.0,32.8,93.42698669,0.132,47.3,poverty_215_pct;physicians_per_1000
AGO,2008,21578655.0,9733853.0,45.10871043630847,58.5851745819614,17.3086187535093,45.507,4578.15526451058,22.1,99.2,31.7,136.34094238,0.132,47.55555555555555,physicians_per_1000;skilled_birth_attendance
AGO,2009,22414773.0,10114553.0,45.124494457293856,59.3775316348744,17.9792837089917,45.175,3645.14846565169,23.82,90.7,31.1,120.5289917,0.132,47.81111111111111,poverty_215_pct;skilled_birth_attendance
AGO,2010,23294825.0,10515323.0,45.140167397694555,60.1310289535053,18.6851888986925,44.661,4101.63715564669,25.54,83.4,30.8,96.95197296,0.14200000000000002,48.06666666666666,poverty_215_pct;physicians_per_1000;skilled_birth_attendance
AGO,2011,24218352.0,10934479.0,45.14955848358303,60.8431610396073,19.4259661506377,44.136,5184.15269151846,27.259999999999998,77.2,30.9,122.11888123,0.152,48.32222222222222,poverty_215_pct;physicians_per_1000;skilled_birth_attendance
AGO,2012,25177394.0,11370889.0,45.163089555654565,61.5114223949332,20.1952306088073,43.61,5702.45306277434,28.98,72.0,31.4,121.84848022,0.162,48.577777777777776,poverty_215_pct;physicians_per_1000;skilled_birth_attendance
AGO,2013,26165620.0,11822670.0,45.18398570337718,62.1333075212361,20.9879040667362,43.065,5688.57916213471,30.7,67.9,32.3,142.78450012,0.172,48.833333333333336,poverty_215_pct;physicians_per_1000;skilled_birth_attendance
AGO,2014,27160769.0,12283698.0,45.22588443648264,62.723115793241,21.7861305847437,42.503,5649.68762467535,32.42,64.5,33.5,130.5861969,0.182,49.08888888888889,poverty_215_pct;physicians_per_1000;skilled_birth_attendance
AGO,2015,28157798.0,12748247.0,45.27430376480434,63.51567832685,22.5858650838213,41.847,3641.72893920253,34.14,61.8,34.8,107.52857208,0.192,49.34444444444445,poverty_215_pct;physicians_per_1000;skilled_birth_attendance
AGO,2016,29183070.0,13214853.0,45.282600494053575,64.2992302517989,23.4082537900056,41.183,2082.37343594705,35.86,59.6,36.3,94.01481628,0.202,49.6,poverty_215_pct;physicians_per_1000
AGO,2017,30234839.0,13681515.0,45.25082802656895,65.0850525086068,24.2518962059838,40.595,2832.14997950512,37.58,57.9,37.7,112.75364685,0.212,49.6,poverty_215_pct;skilled_birth_attendance
AGO,2018,31297155.0,14145450.0,45.19723917397604,65.8732136723372,25.1039985561883,40.057,2891.83032378747,39.3,56.5,39.1,83.87555695,0.211,49.6,skilled_birth_attendance
AGO,2019,32375632.0,14605543.0,45.112765675122574,66.6637823180533,25.969063928772,39.539,2507.86807213642,39.3,55.3,40.5,64.4466095,0.21925,49.6,poverty_215_pct;physicians_per_1000;skilled_birth_attendance
AGO,2020,33451132.0,15059549.0,45.019549712099426,67.4568270208187,26.8317413972888,39.127,1749.1794838482,39.3,54.2,42.0,56.01641846,0.22749999999999998,49.6,poverty_215_pct;physicians_per_1000;skilled_birth_attendance
AGO,2021,34532429.0,15508255.0,44.90925037448133,68.2524163556969,27.6990687414775,38.67,2266.96834861584,39.3,53.2,43.5,66.94487,0.23575,49.6,poverty_215_pct;physicians_per_1000;skilled_birth_attendance
AGO,2022,35635029.0,15949482.0,44.75787574074936,69.0506188977513,28.5834835966953,38.102,3598.53669077341,39.3,51.9,45.2,103.94506073,0.244,49.6,poverty_215_pct;skilled_birth_attendance
AGO,2023,36749906.0,16380266.0,44.57226638892627,69.8515032220457,29.4777460495709,37.588,2885.51349130806,39.3,50.5,46.5,76.07118225,0.244,49.6,poverty_215_pct;physicians_per_1000;skilled_birth_attendance
AGO,2024,37885849.0,16802739.0,44.350963337260836,70.6551379036435,29.4777460495709,37.158,2720.81900669715,39.3,49.0,47.7,76.07118225,0.244,49.6,pop_density;poverty_215_pct;health_exp_per_capita;physicians_per_1000;skilled_birth_attendance
AGO,2025,39040039.0,17216065.0,44.098483098339116,71.4615915176085,29.4777460495709,37.158,3129.47662331063,39.3,49.0,47.7,76.07118225,0.244,49.6,pop_density;birth_rate;poverty_215_pct;under5_mortality;stunting_pct;health_exp_per_capita;physicians_per_1000;skilled_birth_attendance
AGO,2026,40265224.754422225,17683094.964227688,43.91654354862529,71.4615915176085,29.4777460495709,37.158,3129.47662331063,39.3,49.0,47.7,76.07118225,0.244,49.6,population_total;population_0_14;urban_pct;pop_density;birth_rate;gdp_per_capita_usd;poverty_215_pct;under5_mortality;stunting_pct;health_exp_per_capita;physicians_per_1000;skilled_birth_attendance
BDI,2005,7587299.0,3472435.0,45.76641832620541,9.1806167624459,295.455568535826,46.154,147.234619294225,81.5,123.7,60.6,11.13118172,0.045,31.8,poverty_215_pct;physicians_per_1000
BDI,2006,7865547.0,3583700.0,45.561993336254936,9.4646291775586,306.290771028037,46.575,161.892755640319,81.5,116.6,60.0,14.10514736,0.045,37.5,physicians_per_1000;skilled_birth_attendance
BDI,2007,8161874.0,3708851.0,45.441169515726415,9.77289185737152,317.829984423676,46.726,166.162744906755,80.68571428571428,109.5,59.3,15.26294613,0.045,43.2,poverty_215_pct;physicians_per_1000;skilled_birth_attendance
BDI,2008,8505637.0,3848338.0,45.24455957854773,10.1064353383035,331.216394080997,46.656,189.502074570768,79.87142857142857,102.6,58.5,14.67025566,0.045,48.9,poverty_215_pct;physicians_per_1000;skilled_birth_attendance
BDI,2009,8947646.0,4029910.0,45.03877332652633,10.4979900434482,348.428582554517,46.489,198.431524048225,79.05714285714285,96.1,57.7,18.31996346,0.045,54.599999999999994,poverty_215_pct;physicians_per_1000;skilled_birth_attendance
BDI,2010,9376444.0,4228496.0,45.09701119102295,10.9843097335487,365.126323987539,46.963,216.727705301976,78.24285714285715,90.2,56.8,24.45114708,0.045,60.3,poverty_215_pct
BDI,2011,9717978.0,4410983.0,45.38992576439255,11.5616652230006,378.425934579439,45.978,230.069761381132,77.42857142857143,84.7,56.0,23.16802216,0.037,69.35,poverty_215_pct;skilled_birth_attendance
BDI,2012,10071028.0,4604288.0,45.718153102146076,12.2244596804615,392.173987538941,44.758,231.098787811507,76.61428571428571,79.6,55.4,20.01195908,0.049,78.4,poverty_215_pct
BDI,2013,10439341.0,4808412.0,46.060493665261056,12.9670962745892,406.516394080997,43.899,234.844770150871,75.8,74.9,54.9,20.26322556,0.053,78.2,skilled_birth_attendance
BDI,2014,10799785.0,5011754.0,46.406053453841906,13.7839781740413,420.552375389408,42.901,250.544492155185,75.57142857142857,70.6,54.5,18.06601143,0.056,78.0,poverty_215_pct;skilled_birth_attendance
BDI,2015,11047580.0,5197211.0,47.04388653442654,14.6695085474754,430.201713395639,42.257,254.402585226788,75.34285714285714,66.9,54.2,17.67629051,0.046,77.8,poverty_215_pct;skilled_birth_attendance
BDI,2016,11239451.0,5363067.0,47.71644985150965,15.6180905635494,437.673325545171,40.096,232.937812100153,75.11428571428571,63.7,54.0,18.59472847,0.07,77.6,poverty_215_pct;physicians_per_1000
BDI,2017,11506762.0,5517425.0,47.94941443996148,16.6241273909209,448.082632398754,38.618,246.060725714184,74.88571428571429,60.9,53.7,19.16676521,0.094,79.1,poverty_215_pct
BDI,2018,11859446.0,5664235.0,47.76137941013433,17.6820221982475,461.816433021807,37.215,245.661678332009,74.65714285714286,58.5,53.4,18.67819214,0.094,86.2,poverty_215_pct
BDI,2019,12255336.0,5802585.0,47.347416668135416,18.786178154187,477.232710280374,36.579,234.31061590725,74.42857142857143,56.2,53.3,22.2435379,0.0815,98.6,poverty_215_pct;physicians_per_1000
BDI,2020,12617036.0,5924549.0,46.95674166262187,19.9309984273971,491.317601246106,35.855,252.702452750006,74.2,54.3,53.4,26.21934319,0.069,87.4,
BDI,2021,12965481.0,6031429.0,46.519130296824315,21.1108861865354,504.886331775701,35.06,264.172844085398,74.2,52.3,53.7,23.11420059,0.076,76.5,poverty_215_pct
BDI,2022,13321097.0,6126225.0,45.9888926565132,22.3202446002597,518.734306853583,34.306,301.832255755105,74.2,50.3,54.4,25.52155113,0.078,76.5,poverty_215_pct;skilled_birth_attendance
BDI,2023,13689450.0,6210184.0,45.36474438344857,23.5534768372276,533.078271028037,33.667,249.795164039029,74.2,48.7,54.9,28.14028931,0.078,76.5,poverty_215_pct;physicians_per_1000;skilled_birth_attendance
BDI,2024,14047786.0,6279206.0,44.698901307294975,24.8302838651025,533.078271028037,33.211,216.231928531758,74.2,47.1,55.3,28.14028931,0.078,76.5,pop_density;poverty_215_pct;health_exp_per_capita;physicians_per_1000;skilled_birth_attendance
BDI,2025,14390003.0,6328904.0,43.98125559807041,25.6870184681663,533.078271028037,33.211,233.823013385395,74.2,47.1,55.3,28.14028931,0.078,76.5,pop_density;birth_rate;poverty_215_pct;under5_mortality;stunting_pct;health_exp_per_capita;physicians_per_1000;skilled_birth_attendance
BDI,2026,14773438.64740943,6413028.214204819,43.40917756022471,25.6870184681663,533.078271028037,33.211,233.823013385395,74.2,47.1,55.3,28.14028931,0.078,76.5,population_total;population_0_14;urban_pct;pop_density;birth_rate;gdp_per_capita_usd;poverty_215_pct;under5_mortality;stunting_pct;health_exp_per_capita;physicians_per_1000;skilled_birth_attendance
BEN,2005,8426144.0,3755640.0,44.57127720580137,40.3097749006517,74.7263568641362,41.087,779.437777753268,68.4,119.7,35.6,25.12485313,0.059,75.0,poverty_215_pct;physicians_per_1000
BEN,2006,8693242.0,3863139.0,44.43841549562292,40.7877794072449,77.0950869102519,41.341,809.147072506221,68.4,117.0,35.8,26.60264206,0.059,74.0,poverty_215_pct;physicians_per_1000
BEN,2007,8953969.0,3973010.0,44.37149603712052,41.2857782552618,79.4073164242639,40.961,912.338247188342,68.4,114.4,35.8,26.79680061,0.059,75.15,poverty_215_pct;physicians_per_1000;skilled_birth_attendance
BEN,2008,9228466.0,4084562.0,44.260465390456005,41.8029662723105,81.8416637105357,40.371,1060.60254502099,68.4,112.0,35.6,28.12486076,0.059,76.3,poverty_215_pct;skilled_birth_attendance
BEN,2009,9509423.0,4192313.0,44.085881972018704,42.338538285999,84.3333008158922,39.982,1024.10277858112,68.4,109.7,35.3,29.69425583,0.055499999999999994,77.45,poverty_215_pct;physicians_per_1000;skilled_birth_attendance
BEN,2010,9797484.0,4300993.0,43.89895405800101,42.8916891239353,86.8879389854558,39.77,973.244254931526,68.4,107.4,34.9,29.37720871,0.052,78.60000000000001,poverty_215_pct;skilled_birth_attendance
BEN,2011,10093623.0,4417242.0,43.76270046939538,43.4616136137276,89.5142160340546,39.691,1059.41358852588,68.4,105.1,34.5,31.76816368,0.054,79.75,skilled_birth_attendance
BEN,2012,10397657.0,4539075.0,43.654786842843535,44.0475065829838,92.2105090457609,39.706,1071.5258366283,67.75,102.9,34.2,32.95616913,0.052199999999999996,80.9,poverty_215_pct;physicians_per_1000
BEN,2013,10708834.0,4665502.0,43.566853310080255,44.6502883669319,94.9701489890032,39.582,1168.92699279226,67.1,100.6,34.0,33.53426743,0.0504,79.05000000000001,poverty_215_pct;physicians_per_1000;skilled_birth_attendance
BEN,2014,11030004.0,4796141.0,43.48267688751518,45.2880529235999,97.8184107839659,39.342,1204.39918670094,66.45,98.4,33.9,32.41182327,0.0486,77.2,poverty_215_pct;physicians_per_1000
BEN,2015,11360681.0,4930296.0,43.397891376406044,45.9407403257663,100.750984391628,38.996,1002.41886879614,65.8,96.1,33.8,27.34733391,0.0468,77.425,physicians_per_1000;skilled_birth_attendance
BEN,2016,11697842.0,5066562.0,43.311937364173666,46.6094559006664,103.741060659808,38.554,1010.5338961993,56.266666666666666,94.0,33.7,36.58565903,0.045,77.65,poverty_215_pct;skilled_birth_attendance
BEN,2017,12039780.0,5202150.0,43.20801542885335,47.2942774880391,106.773501241575,37.84,1054.97408066814,46.733333333333334,91.8,33.6,38.75862122,0.059,77.875,poverty_215_pct;physicians_per_1000;skilled_birth_attendance
BEN,2018,12383347.0,5332938.0,43.06540065460493,47.9952829275963,109.820388435615,36.955,1151.7409703472,37.2,89.4,33.3,39.54786301,0.073,78.1,
BEN,2019,12726755.0,5456849.0,42.8769863174077,48.7125500590248,112.865865555161,36.036,1130.82135339795,33.86666666666667,87.0,32.9,33.9457283,0.06,78.1,poverty_215_pct;skilled_birth_attendance
BEN,2020,13070169.0,5574843.0,42.653182219755536,49.4461567219896,115.911395885066,35.331,1200.19426557789,30.533333333333335,84.6,32.7,36.62052536,0.1325,78.1,poverty_215_pct;physicians_per_1000;skilled_birth_attendance
BEN,2021,13413417.0,5687136.0,42.398860782453866,50.1961807561354,118.955454061724,34.779,1318.65158075198,27.2,82.2,32.6,38.45053101,0.205,78.1,skilled_birth_attendance
BEN,2022,13759501.0,5795589.0,42.120633589837304,50.9627000010887,122.024663001064,34.35,1266.42711031904,27.2,79.6,32.8,37.76291275,0.19,78.1,poverty_215_pct;skilled_birth_attendance
BEN,2023,14111034.0,5903530.0,41.83626798716522,51.7457922964593,125.142195814118,33.879,1394.17784721831,27.2,77.2,32.8,46.52822113,0.216,78.1,poverty_215_pct;skilled_birth_attendance
BEN,2024,14462724.0,6009622.0,41.55249038839433,52.5455354818423,125.142195814118,33.419,1485.38018885134,27.2,74.7,33.2,46.52822113,0.216,78.1,pop_density;poverty_215_pct;health_exp_per_capita;physicians_per_1000;skilled_birth_attendance
BEN,2025,14814460.0,6112378.0,41.259539665975,53.3620073968188,125.142195814118,33.419,1658.27312662991,27.2,74.7,33.2,46.52822113,0.216,78.1,pop_density;birth_rate;poverty_215_pct;under5_mortality;stunting_pct;health_exp_per_capita;physicians_per_1000;skilled_birth_attendance
BEN,2026,15190313.962119844,6225951.259822592,40.98632375438899,53.3620073968188,125.142195814118,33.419,1658.27312662991,27.2,74.7,33.2,46.52822113,0.216,78.1,population_total;population_0_14;urban_pct;pop_density;birth_rate;gdp_per_capita_usd;poverty_215_pct;under5_mortality;stunting_pct;health_exp_per_capita;physicians_per_1000;skilled_birth_attendance
BFA,2005,13932123.0,6334310.0,45.46550443173664,22.0179778440204,50.9215021929825,44.058,441.164148016012,67.2,150.8,40.3,21.34285545,0.031,53.5,poverty_215_pct;physicians_per_1000;skilled_birth_attendance
BFA,2006,14373707.0,6522206.0,45.37594929408259,22.5528306908743,52.5354788011696,44.381,455.513655620024,67.2,144.4,39.8,23.55202866,0.031,53.5,poverty_215_pct;physicians_per_1000
BFA,2007,14816307.0,6722440.0,45.37190002879935,22.9741760828193,54.1531688596491,44.191,514.684451177238,67.2,138.1,39.1,29.72483063,0.031,56.6,poverty_215_pct;physicians_per_1000;skilled_birth_attendance
BFA,2008,15258093.0,6932440.0,45.43451137701153,23.3633747838557,55.7678837719298,43.923,619.437533256264,67.2,132.1,38.0,30.76880074,0.031,59.7,poverty_215_pct;skilled_birth_attendance
BFA,2009,15710066.0,7150473.0,45.51523208113829,23.7452325601116,57.419831871345,43.511,601.569520671859,67.2,126.5,36.8,31.26260567,0.043,62.800000000000004,skilled_birth_attendance
BFA,2010,16176498.0,7374136.0,45.58549075331385,24.115092498158,59.1246271929825,43.2,624.957252224766,65.5,121.3,35.3,33.05819321,0.044,65.9,poverty_215_pct
BFA,2011,16661908.0,7602737.0,45.629450120598435,24.4682976845657,60.8987865497076,42.76,725.024767725475,63.800000000000004,116.6,33.7,33.70409393,0.037,68.68,poverty_215_pct;skilled_birth_attendance
BFA,2012,17172287.0,7836022.0,45.63179033753629,24.8001912059054,62.764206871345,42.28,731.470138867833,62.1,112.3,32.0,33.66717529,0.046,71.46000000000001,poverty_215_pct;skilled_birth_attendance
BFA,2013,17695409.0,8072389.0,45.61854998660952,25.106116148748,64.6762024853801,41.703,759.762065168498,60.400000000000006,108.2,30.4,42.26796341,0.045,74.24000000000001,poverty_215_pct;skilled_birth_attendance
BFA,2014,18229461.0,8308583.0,45.577776545340534,25.3814155996643,66.6281469298246,40.862,764.861675106225,58.7,104.3,28.7,38.24516678,0.047,77.02,skilled_birth_attendance
BFA,2015,18777487.0,8540541.0,45.482875317660984,25.621432645225,68.6311659356725,40.043,630.124750752312,55.95,100.8,27.1,32.3375206,0.063,79.8,poverty_215_pct
BFA,2016,19334856.0,8764372.0,45.32938854057149,25.821510372001,70.6683333333333,38.925,663.742364842886,53.2,97.4,25.6,39.50990677,0.062,79.8,poverty_215_pct;skilled_birth_attendance
BFA,2017,19894407.0,8976861.0,45.12253619823903,25.9769918665632,72.713475877193,37.727,709.091535894695,50.45,94.1,24.2,43.37775803,0.082,79.8,poverty_215_pct;skilled_birth_attendance
BFA,2018,20438288.0,9167490.0,44.85449074795306,26.0832202154822,74.7013450292398,36.006,777.465618514048,47.7,91.0,23.0,38.48573303,0.082,79.8,skilled_birth_attendance
BFA,2019,20961952.0,9328649.0,44.5027686352874,26.1187254401157,76.6153216374269,34.325,764.853077774946,45.833333333333336,88.1,21.9,41.06895828,0.091,79.8,poverty_215_pct;skilled_birth_attendance
BFA,2020,21478690.0,9460662.0,44.04673655609351,26.3578373628627,78.5039839181287,32.738,825.237038782475,43.96666666666667,85.1,21.0,57.17589188,0.096,79.8,poverty_215_pct;skilled_birth_attendance
BFA,2021,21995243.0,9571592.0,43.51664584928659,26.8114307743017,80.3919700292398,32.416,895.535288442991,42.1,82.4,20.4,63.59171295,0.101,79.8,skilled_birth_attendance
BFA,2022,22509038.0,9671755.0,42.968317881910366,27.2791369742712,82.2698757309942,32.043,827.330843486661,42.1,79.8,20.0,64.38339996,0.148,79.8,poverty_215_pct;skilled_birth_attendance
BFA,2023,23025776.0,9763217.0,42.40125066794709,27.7872478365158,84.1585380116959,31.643,873.198061670247,42.1,77.4,19.7,71.73455048,0.148,79.8,poverty_215_pct;physicians_per_1000;skilled_birth_attendance
BFA,2024,23548781.0,9843868.0,41.80202788416097,28.3352514896662,84.1585380116959,31.336,982.493100418428,42.1,74.9,19.5,71.73455048,0.148,79.8,pop_density;poverty_215_pct;health_exp_per_capita;physicians_per_1000;skilled_birth_attendance
BFA,2025,24074580.0,9911488.0,41.16993110575553,28.9226360719085,84.1585380116959,31.336,1147.57131635601,42.1,74.9,19.5,71.73455048,0.148,79.8,pop_density;birth_rate;poverty_215_pct;under5_mortality;stunting_pct;health_exp_per_capita;physicians_per_1000;skilled_birth_attendance
BFA,2026,24630254.827319805,10004199.093675574,40.617521677359775,28.9226360719085,84.1585380116959,31.336,1147.57131635601,42.1,74.9,19.5,71.73455048,0.148,79.8,population_total;population_0_14;urban_pct;pop_density;birth_rate;gdp_per_capita_usd;poverty_215_pct;under5_mortality;stunting_pct;health_exp_per_capita;physicians_per_1000;skilled_birth_attendance
BWA,2005,1839877.0,652717.0,35.47612150160038,58.4535554684584,3.24647892294391,27.706,5391.07076619634,21.1,70.8,29.3,281.38796997,0.253,94.0,poverty_215_pct
BWA,2006,1874516.0,657873.0,35.09561934920801,59.6421228144112,3.30759973885272,28.141,5291.58379144849,21.1,66.0,28.9,258.01873779,0.315,99.3,poverty_215_pct
BWA,2007,1911201.0,664536.0,34.77059712714675,60.7822308289942,3.37233073950558,28.335,5529.12574632532,21.1,64.3,28.3,305.22042847,0.371,94.6,poverty_215_pct
BWA,2008,1949970.0,672452.0,34.48524849100242,61.8321593704079,3.44073897623207,28.396,5503.07395314313,21.1,63.7,27.8,324.54284668,0.367,98.3,poverty_215_pct
BWA,2009,1990673.0,681668.0,34.243092662632186,62.7501882968523,3.51255977273128,28.396,5082.93388332404,21.1,60.6,27.1,336.53146362,0.348,99.5,
BWA,2010,2033111.0,692787.0,34.07521773282423,63.4945974665277,3.58744199177739,28.365,6215.73216077919,21.150000000000002,58.4,26.2,389.55178833,0.403,99.1,poverty_215_pct
BWA,2011,2073535.0,705533.0,34.02561326430468,64.0187810722889,3.65877049035696,28.038,7287.38295334919,21.2,58.8,25.4,427.70709229,0.395,99.8,poverty_215_pct
BWA,2012,2108617.0,720412.0,34.16514236582556,64.3993247826904,3.72067298360771,27.742,6595.53845015424,21.25,53.9,24.7,418.82244873,0.388,99.8,poverty_215_pct
BWA,2013,2140682.0,735414.0,34.354191794951326,64.7579735458393,3.77725195419335,27.183,6666.91219583487,21.3,50.3,23.7,433.29150391,0.38375000000000004,99.9,poverty_215_pct;physicians_per_1000
BWA,2014,2172044.0,747442.0,34.411917990611606,65.0965122400825,3.83259047518219,26.795,7122.36423421503,21.349999999999998,49.0,23.2,418.82452393,0.3795,99.5,poverty_215_pct;physicians_per_1000
BWA,2015,2203273.0,756830.0,34.35025981800712,65.4103584313295,3.88769431651757,26.475,6141.20394726616,21.4,46.7,22.9,374.79058838,0.37525,99.7,physicians_per_1000
BWA,2016,2234776.0,763967.0,34.18539486731556,65.6949296854899,3.94328163322923,26.254,6749.05994339013,21.4,45.1,22.7,389.3107605,0.371,99.7,poverty_215_pct
BWA,2017,2266747.0,769293.0,33.938194249292046,65.9456435684731,3.99969473999965,26.073,7104.96401088027,21.4,42.1,22.6,471.05056763,0.3865,99.8,poverty_215_pct;physicians_per_1000
BWA,2018,2299141.0,773196.0,33.62977738207444,66.1579176461888,4.05685423393856,25.897,7407.95940141786,21.4,41.2,22.5,447.4473877,0.402,99.8,poverty_215_pct;skilled_birth_attendance
BWA,2019,2332083.0,775879.0,33.26978499478792,66.3271694845464,4.11498067863004,25.751,7172.08956480028,21.4,40.0,22.2,438.28546143,0.395,99.8,poverty_215_pct;skilled_birth_attendance
BWA,2020,2365894.0,777770.0,32.87425387612463,66.4488166494554,4.17464048135797,25.532,6323.2974967659,21.4,38.9,21.9,386.28860474,0.433,99.8,poverty_215_pct;skilled_birth_attendance
BWA,2021,2401441.0,782520.0,32.585435161638365,66.5182767068255,4.23736347114146,25.422,7807.88794570471,21.4,37.1,21.6,492.14276123,0.422,99.8,poverty_215_pct;skilled_birth_attendance
BWA,2022,2439892.0,791092.0,32.42323840563435,66.5889787170477,4.30521059411007,25.253,8328.7090572666,21.4,35.7,21.4,477.77633667,0.407,99.8,poverty_215_pct;skilled_birth_attendance
BWA,2023,2480244.0,800654.0,32.28125942447598,67.0212655349864,4.37641204806522,24.713,7827.30027960734,21.4,34.6,21.2,489.59677124,0.379,99.8,poverty_215_pct;skilled_birth_attendance
BWA,2024,2521139.0,810033.0,32.12964457731208,67.4623537838418,4.37641204806522,24.361,7649.81663744354,21.4,33.3,21.0,489.59677124,0.379,99.8,pop_density;poverty_215_pct;health_exp_per_capita;physicians_per_1000;skilled_birth_attendance
BWA,2025,2562122.0,818769.0,31.9566749748841,67.9559561532102,4.37641204806522,24.361,7778.1151090571,21.4,33.3,21.0,489.59677124,0.379,99.8,pop_density;birth_rate;poverty_215_pct;under5_mortality;stunting_pct;health_exp_per_capita;physicians_per_1000;skilled_birth_attendance
BWA,2026,2603278.9706844823,827224.582648242,31.776255713030213,67.9559561532102,4.37641204806522,24.361,7778.1151090571,21.4,33.3,21.0,489.59677124,0.379,99.8,population_total;population_0_14;urban_pct;pop_density;birth_rate;gdp_per_capita_usd;poverty_215_pct;under5_mortality;stunting_pct;health_exp_per_capita;physicians_per_1000;skilled_birth_attendance
CAF,2005,4288810.0,1932254.0,45.05338310626957,38.0448510426866,6.88434620694083,41.775,311.950023138687,67.3,147.9,43.2,13.93517494,0.0405,41.4,poverty_215_pct;physicians_per_1000;skilled_birth_attendance
CAF,2006,4377579.0,1975009.0,45.116467344164434,38.134433681123,7.02683713762882,42.193,333.942519903031,67.3,143.5,43.0,15.15495491,0.0405,41.4,poverty_215_pct;physicians_per_1000
CAF,2007,4462770.0,2019825.0,45.25944648727136,38.2343339436079,7.16358470576905,42.192,380.887048839475,67.3,139.3,42.6,18.24629021,0.0405,42.55,poverty_215_pct;physicians_per_1000;skilled_birth_attendance
CAF,2008,4558984.0,2067647.0,45.35324098527216,38.3474489192338,7.31802626087515,42.457,437.24827472489,67.3,135.5,42.1,18.02888489,0.0405,43.7,
CAF,2009,4529047.0,2065868.0,45.613746114800755,38.476675697093,7.26997174869177,43.644,456.471673898404,67.63076923076923,489.3,41.4,21.37773895,0.045,43.7,poverty_215_pct
CAF,2010,4492995.0,2064412.0,45.94734692560308,38.6244963104203,7.21210151208707,44.961,476.873786950728,67.96153846153845,150.7,40.8,17.01008034,0.049166666666666664,40.0,poverty_215_pct;physicians_per_1000
CAF,2011,4565021.0,2114303.0,46.315296249458655,38.8030669465007,7.32771678063501,45.314,534.057281471636,68.29230769230769,125.1,40.1,19.62990761,0.05333333333333334,40.03333333333333,poverty_215_pct;physicians_per_1000;skilled_birth_attendance
CAF,2012,4610848.0,2163417.0,46.92015438374893,39.0301696038517,7.40127772962214,45.147,544.395849142785,68.62307692307692,121.9,39.6,21.33021736,0.0575,40.06666666666666,poverty_215_pct;physicians_per_1000;skilled_birth_attendance
CAF,2013,4642419.0,2209291.0,47.58922018887136,39.3042963482777,7.45195511894443,44.657,364.36696260838,68.95384615384614,134.2,39.6,17.36794472,0.061666666666666675,40.1,poverty_215_pct;physicians_per_1000;skilled_birth_attendance
CAF,2014,4623182.0,2240118.0,48.45403014633644,39.6226521868738,7.42107611801342,44.647,409.8504859647,69.28461538461538,186.8,39.7,18.7120266,0.06583333333333334,40.13333333333333,poverty_215_pct;physicians_per_1000;skilled_birth_attendance
CAF,2015,4629320.0,2268672.0,49.00659276092385,39.9824421267351,7.430928761758,43.338,366.322853938121,69.61538461538461,113.7,39.7,18.44194221,0.07,40.166666666666664,poverty_215_pct;skilled_birth_attendance
CAF,2016,4713663.0,2309663.0,48.99932388038771,40.3808711749566,7.56631513050178,43.391,387.176203444318,69.94615384615385,126.8,39.5,21.07796097,0.06966666666666667,40.199999999999996,poverty_215_pct;physicians_per_1000;skilled_birth_attendance
CAF,2017,4793511.0,2350024.0,49.02510915276923,40.8151443386334,7.6944861793316,43.742,432.324025684263,70.27692307692307,155.2,39.2,28.81619644,0.06933333333333334,40.233333333333334,poverty_215_pct;physicians_per_1000;skilled_birth_attendance
CAF,2018,4878657.0,2392861.0,49.04753500809751,41.2824666248606,7.83116151401329,43.838,455.243962859534,70.6076923076923,120.2,38.8,51.3541069,0.069,40.266666666666666,poverty_215_pct;skilled_birth_attendance
CAF,2019,4944703.0,2423900.0,49.0201332617955,41.7800430407332,7.93717775851552,44.108,449.228467602439,70.93846153846154,254.7,38.4,35.76099014,0.05333333333333334,40.3,poverty_215_pct;physicians_per_1000
CAF,2020,5026628.0,2458595.0,48.91141735573032,42.3050785933463,8.06868278275386,44.475,462.879071294011,71.26923076923076,124.2,38.1,42.63476563,0.03766666666666667,40.3,poverty_215_pct;physicians_per_1000;skilled_birth_attendance
CAF,2021,5112100.0,2505098.0,49.00330588212281,42.8547782897949,8.20588140871296,45.226,492.263142830507,71.6,178.7,38.1,46.25038147,0.022,40.3,skilled_birth_attendance
CAF,2022,5098039.0,2509012.0,49.215237466798506,43.2751967457285,8.18331086070179,45.425,467.359825026238,71.6,424.6,38.3,47.91523361,0.029,40.3,poverty_215_pct;skilled_birth_attendance
CAF,2023,5152421.0,2533262.0,49.16644039763055,43.6983692134165,8.27060419275097,46.358,495.978897288721,71.6,92.6,38.7,53.81136703,0.074,40.3,poverty_215_pct;skilled_birth_attendance
CAF,2024,5330690.0,2612217.0,49.0033560383365,44.1243555638904,8.27060419275097,46.193,516.160999996036,71.6,89.7,38.9,53.81136703,0.074,40.3,pop_density;poverty_215_pct;health_exp_per_capita;physicians_per_1000;skilled_birth_attendance
CAF,2025,5513282.0,2684011.0,48.68263586009205,44.5532156681816,8.27060419275097,46.193,556.131398031455,71.6,89.7,38.9,53.81136703,0.074,40.3,pop_density;birth_rate;poverty_215_pct;under5_mortality;stunting_pct;health_exp_per_capita;physicians_per_1000;skilled_birth_attendance
CAF,2026,5616126.727078385,2731516.0131546506,48.63700813559876,44.5532156681816,8.27060419275097,46.193,556.131398031455,71.6,89.7,38.9,53.81136703,0.074,40.3,population_total;population_0_14;urban_pct;pop_density;birth_rate;gdp_per_capita_usd;poverty_215_pct;under5_mortality;stunting_pct;health_exp_per_capita;physicians_per_1000;skilled_birth_attendance
CIV,2005,20068458.0,9297463.0,46.328736368285,45.082298743724,63.108358490566,41.927,1197.74616979415,47.0,121.2,32.3,46.69436264,0.085,55.1,poverty_215_pct
CIV,2006,20546802.0,9523436.0,46.34996726011182,45.5035131674326,64.6125849056604,41.441,1230.43056838584,47.0,117.4,32.2,47.08904266,0.09933333333333334,56.8,poverty_215_pct;physicians_per_1000
CIV,2007,21030558.0,9748298.0,46.35301640593654,45.930317338965,66.1338301886792,40.961,1367.53817722326,47.0,113.5,31.9,56.15083694,0.11366666666666667,57.233333333333334,poverty_215_pct;physicians_per_1000;skilled_birth_attendance
CIV,2008,21514439.0,9859269.0,45.82628903314653,46.3620274395029,67.6554685534591,40.474,1583.97066701372,47.0,109.0,31.5,64.67678833,0.128,57.666666666666664,skilled_birth_attendance
CIV,2009,21997940.0,9866599.0,44.85237708621807,46.7979596502274,69.1759119496855,40.745,1540.45393569596,46.94285714285714,105.2,30.9,71.06480408,0.132,58.099999999999994,poverty_215_pct;physicians_per_1000;skilled_birth_attendance
CIV,2010,22488065.0,9895189.0,44.001958372140955,47.2374301523201,70.7171855345912,40.936,1553.54887048143,46.885714285714286,101.6,30.1,70.04605103,0.136,58.53333333333333,poverty_215_pct;physicians_per_1000;skilled_birth_attendance
CIV,2011,22982000.0,9947246.0,43.282769123662,47.6797551269623,72.2704402515723,40.846,1596.62826565998,46.82857142857143,98.4,29.4,67.97618103,0.14,58.96666666666667,poverty_215_pct;skilled_birth_attendance
CIV,2012,23467078.0,10015633.0,42.67950615751991,48.1242507553354,73.7958427672956,40.688,1546.9460184731,46.77142857142857,95.3,28.7,69.86203003,0.16466666666666668,59.4,poverty_215_pct;physicians_per_1000
CIV,2013,23939775.0,10091222.0,42.15253485047374,48.5702332186208,75.2823113207547,40.451,1786.15862031324,46.714285714285715,92.0,28.0,67.13149261,0.18933333333333333,62.949999999999996,poverty_215_pct;physicians_per_1000;skilled_birth_attendance
CIV,2014,24527395.0,10307896.0,42.02605290941007,49.0173144557368,77.1301729559748,39.841,1991.36539423404,46.65714285714286,88.6,27.2,74.3581543,0.214,66.5,poverty_215_pct;skilled_birth_attendance
CIV,2015,25246342.0,10659894.0,42.22351895573624,49.4694894689553,79.3910125786164,38.768,1814.71855088017,46.6,85.5,26.5,58.43181992,0.24825,70.05,physicians_per_1000;skilled_birth_attendance
CIV,2016,25989405.0,11005989.0,42.34798372644545,49.929991034032,81.7276886792453,37.742,1862.59597081287,38.3,83.0,25.6,61.85705566,0.2825,73.6,poverty_215_pct;physicians_per_1000
CIV,2017,26733372.0,11336804.0,42.40693616951876,50.3977309654344,84.0672075471698,36.58,1964.29930338343,30.0,80.5,24.6,63.77943039,0.31675,75.67999999999999,poverty_215_pct;physicians_per_1000;skilled_birth_attendance
CIV,2018,27464173.0,11640015.0,42.38254325007347,50.8718477756395,86.3653238993711,35.081,2130.86619381144,21.7,77.9,23.5,65.87952423,0.351,77.75999999999999,skilled_birth_attendance
CIV,2019,28193009.0,11925038.0,42.29785476250513,51.3514799771241,88.6572610062893,34.306,2141.76836170115,21.4,75.3,22.6,68.30471039,0.149,79.84,poverty_215_pct;skilled_birth_attendance
CIV,2020,28915449.0,12196714.0,42.18061424534684,51.8357660823651,90.9290849056604,33.651,2179.72934832935,21.1,73.0,21.7,78.97766876,0.153,81.92,poverty_215_pct;skilled_birth_attendance
CIV,2021,29639736.0,12442727.0,41.97988470612559,52.3183461956059,93.2067169811321,33.081,2455.98127641148,20.8,70.8,21.1,92.39588928,0.167,84.0,
CIV,2022,30395002.0,12663371.0,41.662675330634954,52.8492549676673,95.5817672955975,32.5,2333.37128301259,20.8,68.7,20.7,84.89915466,0.162,84.0,poverty_215_pct;skilled_birth_attendance
CIV,2023,31165654.0,12864067.0,41.27642243605733,53.4075201638704,98.0052012578616,31.99,2591.9659048119,20.8,66.5,20.5,87.68105316,0.166,84.0,poverty_215_pct;skilled_birth_attendance
CIV,2024,31934230.0,13051954.0,40.87135966641438,53.9733113940142,98.0052012578616,31.564,2727.8935220697,20.8,64.5,20.3,87.68105316,0.166,84.0,pop_density;poverty_215_pct;health_exp_per_capita;physicians_per_1000;skilled_birth_attendance
CIV,2025,32711547.0,13233587.0,40.4553994343343,54.5489501450761,98.0052012578616,31.564,3050.10202257321,20.8,64.5,20.3,87.68105316,0.166,84.0,pop_density;birth_rate;poverty_215_pct;under5_mortality;stunting_pct;health_exp_per_capita;physicians_per_1000;skilled_birth_attendance
CIV,2026,33528591.68153461,13451308.221932175,40.1189180556614,54.5489501450761,98.0052012578616,31.564,3050.10202257321,20.8,64.5,20.3,87.68105316,0.166,84.0,population_total;population_0_14;urban_pct;pop_density;birth_rate;gdp_per_capita_usd;poverty_215_pct;under5_mortality;stunting_pct;health_exp_per_capita;physicians_per_1000;skilled_birth_attendance
CMR,2005,17074594.0,7525829.0,44.07618125502721,48.5837852394685,36.1206532546381,41.319,1142.62466252106,36.0,127.6,37.0,43.10830688,0.061,58.9,poverty_215_pct;skilled_birth_attendance
CMR,2006,17550407.0,7720970.0,43.99311081503694,49.2044173412861,37.1272175329483,41.115,1191.45458990968,36.0,124.2,36.6,44.52022934,0.067,58.9,poverty_215_pct;physicians_per_1000
CMR,2007,18049896.0,7924907.0,43.905554912892576,49.7027028593758,38.1838674874659,40.897,1325.67248215933,36.0,120.8,36.0,50.30911255,0.073,58.339999999999996,skilled_birth_attendance
CMR,2008,18574056.0,8139348.0,43.82105879297446,50.0858325268669,39.2927080027924,40.665,1492.14269801453,35.0,117.2,35.3,54.58909225,0.07150000000000001,57.78,poverty_215_pct;physicians_per_1000;skilled_birth_attendance
CMR,2009,19113974.0,8363373.0,43.75528082229263,50.4714131335678,40.4348839669142,40.359,1461.38999232337,34.0,113.7,34.5,51.14823914,0.07,57.22,poverty_215_pct;skilled_birth_attendance
CMR,2010,19668066.0,8595287.0,43.70173966265926,50.8505075371362,41.607044488164,39.837,1398.58702025047,33.0,109.5,33.7,50.03335571,0.087,56.660000000000004,poverty_215_pct;skilled_birth_attendance
CMR,2011,20232304.0,8832787.0,43.65685193342291,51.2229843034125,42.8006684859639,39.217,1513.96056994878,32.0,105.2,32.9,58.33031845,0.091,56.1,poverty_215_pct
CMR,2012,20809529.0,9074575.0,43.60778660583812,51.5887119982861,44.0217659876034,38.651,1449.09874362279,31.0,100.8,32.3,56.96441269,0.09671428571428571,58.96666666666667,poverty_215_pct;physicians_per_1000;skilled_birth_attendance
CMR,2013,21402376.0,9317544.0,43.535091617865234,51.9475591877024,45.2759112352182,38.076,1575.92882118897,30.0,96.5,31.7,57.22771454,0.10242857142857142,61.833333333333336,poverty_215_pct;physicians_per_1000;skilled_birth_attendance
CMR,2014,22059893.0,9565306.0,43.36061829493008,52.2993944376709,46.6668634046244,37.548,1649.4433905949,29.0,92.4,31.2,71.61038208,0.10814285714285715,64.7,physicians_per_1000
CMR,2015,22763414.0,9824583.0,43.159532221309156,52.6440863142742,48.1551352837892,37.719,1415.00009710569,28.67142857142857,88.5,30.7,58.38298035,0.11385714285714285,65.775,poverty_215_pct;physicians_per_1000;skilled_birth_attendance
CMR,2016,23454161.0,10095747.0,43.04458812233786,52.9815033836792,49.6163842525015,37.775,1441.7201725688,28.34285714285714,85.1,30.1,57.99372482,0.11957142857142858,66.85,poverty_215_pct;physicians_per_1000;skilled_birth_attendance
CMR,2017,24128601.0,10370945.0,42.98195738741753,53.3115142121504,51.0431363838294,37.516,1496.08951771242,28.014285714285712,81.9,29.4,56.7457695,0.12528571428571428,67.925,poverty_215_pct;physicians_per_1000;skilled_birth_attendance
CMR,2018,24806383.0,10641249.0,42.89722125148193,53.6339873660653,52.4769583888642,36.899,1610.69641591017,27.685714285714287,78.9,28.7,58.32909393,0.131,69.0,poverty_215_pct
CMR,2019,25506095.0,10902255.0,42.74372458818176,53.9487914119331,53.9571724736096,36.183,1555.22660476477,27.357142857142858,76.6,28.1,56.79493713,0.1145,69.0,poverty_215_pct;physicians_per_1000;skilled_birth_attendance
CMR,2020,26210558.0,11150960.0,42.54377186475771,54.2557949164174,55.4474371178947,35.438,1555.60370660749,27.02857142857143,74.4,27.5,66.17185211,0.098,69.0,poverty_215_pct;skilled_birth_attendance
CMR,2021,26915758.0,11389621.0,42.315809943008105,54.5548664463635,56.9392608576083,34.778,1672.32657340872,26.7,71.9,27.2,72.59731293,0.126,69.0,skilled_birth_attendance
CMR,2022,27632771.0,11621846.0,42.05819966444914,54.8458745688318,58.4560745488777,34.268,1604.87726954895,26.7,69.4,27.1,72.12950897,0.136,69.0,poverty_215_pct;skilled_birth_attendance
CMR,2023,28372687.0,11848591.0,41.760553027635346,55.1286878511388,60.0213386642973,33.743,1720.47510154506,26.7,67.0,27.2,79.09996796,0.136,69.0,poverty_215_pct;physicians_per_1000;skilled_birth_attendance
CMR,2024,29123744.0,12069528.0,41.442226658770245,55.4031748609078,60.0213386642973,33.344,1830.00833684727,26.7,64.8,27.2,79.09996796,0.136,69.0,pop_density;poverty_215_pct;health_exp_per_capita;physicians_per_1000;skilled_birth_attendance
CMR,2025,29879337.0,12285606.0,41.11739828765277,55.6692041661323,60.0213386642973,33.344,1972.3815800786,26.7,64.8,27.2,79.09996796,0.136,69.0,pop_density;birth_rate;poverty_215_pct;under5_mortality;stunting_pct;health_exp_per_capita;physicians_per_1000;skilled_birth_attendance
CMR,2026,30672550.808864765,12526030.027023766,40.83791434588994,55.6692041661323,60.0213386642973,33.344,1972.3815800786,26.7,64.8,27.2,79.09996796,0.136,69.0,population_total;population_0_14;urban_pct;pop_density;birth_rate;gdp_per_capita_usd;poverty_215_pct;under5_mortality;stunting_pct;health_exp_per_capita;physicians_per_1000;skilled_birth_attendance
COD,2005,58775724.0,26964693.0,45.877262183958806,37.4018738621901,25.9260819126177,43.728,214.539740473519,78.9,124.4,45.7,8.55065727,0.088,64.4,poverty_215_pct;physicians_per_1000;skilled_birth_attendance
COD,2006,60615908.0,27823904.0,45.901983353940686,37.8024827128113,26.7377905207208,43.973,255.445229568751,78.9,118.9,45.4,10.37645721,0.088,64.4,poverty_215_pct;physicians_per_1000;skilled_birth_attendance
COD,2007,62477752.0,28718530.0,45.96601042880032,38.201781337298,27.5590533953817,43.961,294.101615124419,78.9,113.8,45.0,11.5629034,0.088,64.4,poverty_215_pct;physicians_per_1000
COD,2008,64390664.0,29645037.0,46.03934042363657,38.5997245210844,28.4028424604662,44.011,352.900363371995,78.9,109.2,44.5,15.36659527,0.088,67.63333333333334,poverty_215_pct;physicians_per_1000;skilled_birth_attendance
COD,2009,66412044.0,30608280.0,46.088447450887074,38.9962670496049,29.2944769634547,44.032,280.178991035792,78.9,105.0,44.0,12.75762081,0.088,70.86666666666666,poverty_215_pct;skilled_birth_attendance
COD,2010,68563038.0,31581435.0,46.06189562370326,39.391363708294,30.2432844445425,43.92,352.400398754692,78.9,101.4,43.6,12.1423111,0.08725,74.1,poverty_215_pct;physicians_per_1000
COD,2011,70849311.0,32580474.0,45.98559045972938,39.7849692825859,31.2517637458371,43.981,372.514273875789,78.9,98.3,43.2,11.89942932,0.0865,75.6,poverty_215_pct;physicians_per_1000;skilled_birth_attendance
COD,2012,73254618.0,33662964.0,45.9533677453618,40.1770385579151,32.3127491674202,43.95,409.931424783784,78.9,95.9,42.9,13.20595551,0.08575,77.1,physicians_per_1000;skilled_birth_attendance
COD,2013,75789395.0,34829792.0,45.9560232668436,40.5675263197158,33.430844048433,43.69,460.370334930107,79.7,94.1,42.7,15.37901688,0.085,78.6,poverty_215_pct;skilled_birth_attendance
COD,2014,78403242.0,36041124.0,45.96892051989381,40.9563873534225,34.5838168545025,43.505,489.175952097319,80.5,92.7,42.6,18.22281265,0.09783333333333334,80.1,poverty_215_pct;physicians_per_1000
COD,2015,81035531.0,37267948.0,45.98963879190228,41.3435764444694,35.7449244613043,43.236,495.826633014883,81.3,91.9,42.5,18.57252884,0.11066666666666668,81.375,poverty_215_pct;physicians_per_1000;skilled_birth_attendance
COD,2016,83956415.0,38549213.0,45.91574449671297,41.7290483782911,37.0333318629938,42.875,459.765036590388,82.1,91.5,42.5,19.3114109,0.1235,82.65,poverty_215_pct;physicians_per_1000;skilled_birth_attendance
COD,2017,87083398.0,39903907.0,45.82263429821606,42.1127579403217,38.4126499194989,42.976,431.052559128788,82.9,91.5,42.5,18.14648819,0.13633333333333333,83.925,poverty_215_pct;physicians_per_1000;skilled_birth_attendance
COD,2018,90047644.0,41302598.0,45.867494323338434,42.4946599159958,39.7201843805827,42.887,518.169626875371,83.7,91.7,42.5,17.29077148,0.14916666666666667,85.2,poverty_215_pct;physicians_per_1000
COD,2019,92947442.0,42735104.0,45.9777085635127,42.8747090907476,40.9992907081891,42.549,504.00419142286,84.5,92.2,42.4,19.20812035,0.162,85.2,poverty_215_pct;skilled_birth_attendance
COD,2020,95989998.0,44205882.0,46.05259185441383,43.2528602500115,42.3413678569066,42.19,486.425572682256,85.3,92.7,42.5,20.5593071,0.1665,85.2,physicians_per_1000;skilled_birth_attendance
COD,2021,99148932.0,45702016.0,46.09430992156325,43.6290681792218,43.7347795593392,41.937,595.743074403567,85.3,92.9,42.8,21.58848572,0.171,85.2,poverty_215_pct;skilled_birth_attendance
COD,2022,102396968.0,47217409.0,46.11211632750688,44.003287663813,45.1674943208134,41.623,687.738587554685,85.3,92.5,43.3,24.3800106,0.208,85.2,poverty_215_pct;skilled_birth_attendance
COD,2023,105789731.0,48756676.0,46.08828809669627,44.3754734892194,46.6640484329856,41.305,660.21205238997,85.3,91.3,43.7,23.43148804,0.208,85.2,poverty_215_pct;physicians_per_1000;skilled_birth_attendance
COD,2024,109276265.0,50303111.0,46.03297065469798,44.7455804408753,46.6640484329856,40.885,692.887665085098,85.3,89.7,44.1,23.43148804,0.208,85.2,pop_density;poverty_215_pct;health_exp_per_capita;physicians_per_1000;skilled_birth_attendance
COD,2025,112832473.0,51846285.0,45.94979053592134,45.1135633042151,46.6640484329856,40.885,806.776000708534,85.3,89.7,44.1,23.43148804,0.208,85.2,pop_density;birth_rate;poverty_215_pct;under5_mortality;stunting_pct;health_exp_per_capita;physicians_per_1000;skilled_birth_attendance
COD,2026,116540192.66231938,53526045.55894919,45.92925782613333,45.1135633042151,46.6640484329856,40.885,806.776000708534,85.3,89.7,44.1,23.43148804,0.208,85.2,population_total;population_0_14;urban_pct;pop_density;birth_rate;gdp_per_capita_usd;poverty_215_pct;under5_mortality;stunting_pct;health_exp_per_capita;physicians_per_1000;skilled_birth_attendance
COG,2005,3696393.0,1520986.0,41.1478433164439,61.310286636126,10.8239912152269,37.033,1799.05158366154,54.5,85.7,30.9,30.90304375,0.204,83.4,physicians_per_1000
COG,2006,3837409.0,1568235.0,40.86702772626009,61.6237792620651,11.2369224011713,37.097,2103.5821381211,51.95,79.5,29.9,35.94208145,0.204,84.7,poverty_215_pct;skilled_birth_attendance
COG,2007,3980430.0,1618899.0,40.6714601186304,61.8502563370293,11.6557247437775,37.217,2206.47101863414,49.4,73.9,29.0,41.96711731,0.101,86.0,poverty_215_pct;skilled_birth_attendance
COG,2008,4113517.0,1672805.0,40.66605291773438,62.0354815675203,12.0454377745242,38.0,2832.09177777643,46.85,69.2,27.8,63.41820908,0.10433333333333333,87.3,poverty_215_pct;physicians_per_1000;skilled_birth_attendance
COG,2009,4281219.0,1735043.0,40.526845274675274,62.2172294650265,12.5365124450952,38.009,2271.15219175966,44.300000000000004,65.3,26.6,48.65313721,0.10766666666666667,88.60000000000001,poverty_215_pct;physicians_per_1000;skilled_birth_attendance
COG,2010,4462290.0,1804035.0,40.42845713747874,62.3922871058739,13.0667349926794,38.911,2946.55798067708,41.75,62.4,25.4,54.56225586,0.111,89.9,poverty_215_pct;skilled_birth_attendance
COG,2011,4609724.0,1873375.0,40.63963482412396,62.5597508130231,13.4984597364568,38.403,3396.16505817952,39.2,60.0,24.2,59.51348114,0.114,91.2,skilled_birth_attendance
COG,2012,4740450.0,1941468.0,40.955352339967725,62.7187169094345,13.8812591508053,37.82,3732.32737320389,39.2,57.9,23.1,71.2766571,0.1116,92.5,poverty_215_pct;physicians_per_1000
COG,2013,4857099.0,2007645.0,41.33424087093963,62.8682817180686,14.2228374816984,36.824,3697.41705884249,39.2,56.2,22.3,71.85824585,0.1092,92.06666666666666,poverty_215_pct;physicians_per_1000;skilled_birth_attendance
COG,2014,4975880.0,2072732.0,41.65558654951486,63.0075415618859,14.5706588579795,35.819,3601.2365808718,39.2,54.5,21.6,71.03118896,0.10679999999999999,91.63333333333334,poverty_215_pct;physicians_per_1000;skilled_birth_attendance
COG,2015,5097581.0,2136233.0,41.90679853836555,63.135592763847,14.9270307467057,34.932,2439.35189403696,39.2,52.7,20.9,57.30290604,0.10439999999999999,91.2,poverty_215_pct;physicians_per_1000
COG,2016,5222536.0,2196239.0,42.053113659723934,63.2515316469123,15.2929311859444,34.093,2093.10728558843,39.2,51.0,20.3,54.3000145,0.102,91.2,poverty_215_pct;skilled_birth_attendance
COG,2017,5351011.0,2252133.0,42.087990475070974,63.3544545340423,15.6691390922401,33.413,2211.63309874797,39.2,49.3,19.6,52.29982376,0.1005,91.2,poverty_215_pct;physicians_per_1000;skilled_birth_attendance
COG,2018,5483118.0,2305724.0,42.051329188976055,63.4434577481975,16.0559824304539,32.784,2694.43413191427,39.2,47.6,18.9,47.310215,0.099,91.2,poverty_215_pct;skilled_birth_attendance
COG,2019,5616661.0,2355747.0,41.942125401550854,63.5176376123385,16.4470307467057,32.183,2488.42466724916,39.2,52.2,18.2,58.42106628,0.1175,91.2,poverty_215_pct;physicians_per_1000;skilled_birth_attendance
COG,2020,5752791.0,2402722.0,41.76619661656403,63.5760904494257,16.845654465593,31.741,1993.586671931,39.2,44.5,17.6,80.09735107,0.136,91.2,poverty_215_pct;physicians_per_1000;skilled_birth_attendance
COG,2021,5892183.0,2447827.0,41.54363501608827,63.6179125824196,17.2538301610542,31.377,2516.16255145432,39.2,43.0,17.1,78.60149384,0.1545,91.2,poverty_215_pct;physicians_per_1000;skilled_birth_attendance
COG,2022,6035104.0,2489868.0,41.256422424534854,63.6422003342807,17.6723396778917,30.941,2620.83804267402,39.2,41.5,16.8,53.11892319,0.173,91.2,poverty_215_pct;skilled_birth_attendance
COG,2023,6182885.0,2527792.0,40.883697497203976,63.6626757615625,18.1050805270864,30.627,2477.97845544866,39.2,40.3,16.5,75.55332184,0.173,91.2,poverty_215_pct;physicians_per_1000;skilled_birth_attendance
COG,2024,6332961.0,2561416.0,40.44578831292345,63.8866111699904,18.1050805270864,30.424,2482.2489948456,39.2,39.1,16.3,75.55332184,0.173,91.2,pop_density;poverty_215_pct;health_exp_per_capita;physicians_per_1000;skilled_birth_attendance
COG,2025,6484437.0,2590082.0,39.94305133969225,64.1236534817412,18.1050805270864,30.424,2514.73393584747,39.2,39.1,16.3,75.55332184,0.173,91.2,pop_density;birth_rate;poverty_215_pct;under5_mortality;stunting_pct;health_exp_per_capita;physicians_per_1000;skilled_birth_attendance
COG,2026,6641573.924723194,2629271.9696957516,39.588085587789855,64.1236534817412,18.1050805270864,30.424,2514.73393584747,39.2,39.1,16.3,75.55332184,0.173,91.2,population_total;population_0_14;urban_pct;pop_density;birth_rate;gdp_per_capita_usd;poverty_215_pct;under5_mortality;stunting_pct;health_exp_per_capita;physicians_per_1000;skilled_birth_attendance
COM,2005,592677.0,266880.0,45.02958609833012,28.016895208368,318.472326706072,34.445,1105.78796866788,31.4,65.8,41.2,67.80059814,0.196,82.2,poverty_215_pct;skilled_birth_attendance
COM,2006,604753.0,268032.0,44.32090456764993,28.1143215973031,324.961311123052,34.3,1138.47908404345,31.4,63.4,40.3,65.72916412,0.19675,82.2,poverty_215_pct;physicians_per_1000;skilled_birth_attendance
COM,2007,616927.0,269090.0,43.61780243043342,28.2493321448949,331.502955400322,34.137,1289.73631056361,31.4,61.2,39.2,69.87202454,0.1975,82.2,poverty_215_pct;physicians_per_1000;skilled_birth_attendance
COM,2008,629307.0,270113.0,42.922293888356556,28.4193498063202,338.155292853305,34.099,1455.02768595586,31.4,59.2,38.0,73.75498962,0.19825,82.2,poverty_215_pct;physicians_per_1000;skilled_birth_attendance
COM,2009,641947.0,271205.0,42.24725717232108,28.6217975367563,344.94734013971,34.279,1410.30516959473,31.4,57.3,36.5,69.4848938,0.199,82.2,poverty_215_pct;skilled_birth_attendance
COM,2010,654836.0,272488.0,41.61164016639281,28.8540982913801,351.873186458893,34.437,1386.57533553376,31.4,55.6,35.0,69.21523285,0.193,82.2,poverty_215_pct;physicians_per_1000;skilled_birth_attendance
COM,2011,668056.0,274082.0,41.026800148490544,29.1136750253686,358.976894142934,34.512,1531.43969320468,31.4,54.0,33.3,81.19863892,0.187,82.2,poverty_215_pct;physicians_per_1000;skilled_birth_attendance
COM,2012,681630.0,276051.0,40.49865762950574,29.397950693899,366.270822138635,34.241,1490.31425650871,31.4,52.5,31.6,77.10220337,0.181,82.2,poverty_215_pct
COM,2013,696192.0,279530.0,40.15128010663725,29.7043482521482,374.095647501343,33.856,1603.32653496691,31.4,51.2,30.0,81.81765747,0.2085,82.2,poverty_215_pct;physicians_per_1000;skilled_birth_attendance
COM,2014,711503.0,284366.0,39.966943217386294,30.0302906552932,382.322944653412,33.322,1615.71709756316,31.4,50.0,28.5,84.63935852,0.236,82.2,physicians_per_1000;skilled_birth_attendance
COM,2015,726682.0,289145.0,39.789756729903864,30.3732008585112,390.479312197743,32.78,1329.37048235986,27.65,48.9,27.0,61.16300201,0.26349999999999996,82.2,poverty_215_pct;physicians_per_1000;skilled_birth_attendance
COM,2016,741741.0,293646.0,39.588751329642015,30.7305018169792,398.571198280494,32.093,1365.48403444497,23.9,47.9,25.5,63.53099442,0.291,82.2,poverty_215_pct;skilled_birth_attendance
COM,2017,756669.0,297201.0,39.27754407805791,31.0996559689293,406.592692101021,31.35,1423.9248027797,20.15,46.9,23.9,75.01337433,0.288,82.2,poverty_215_pct;physicians_per_1000;skilled_birth_attendance
COM,2018,771590.0,300159.0,38.901359530320505,31.4073645195839,414.610424502955,30.91,1540.71132257526,16.4,45.8,22.4,74.89152527,0.285,82.2,poverty_215_pct;skilled_birth_attendance
COM,2019,786578.0,303330.0,38.56324484030827,31.7287584068243,422.664159054272,30.447,1519.26386436068,12.649999999999999,44.8,21.0,78.23674774,0.363,82.2,poverty_215_pct;physicians_per_1000;skilled_birth_attendance
COM,2020,802163.0,306970.0,38.26778348041483,32.0638072194881,431.038688876948,29.985,1527.16991011916,8.9,43.7,19.8,89.67817688,0.441,82.2,skilled_birth_attendance
COM,2021,818174.0,310939.0,38.00401870506763,32.4124444313246,439.642127888232,29.498,1587.72988658008,7.95,42.6,18.9,100.50016785,0.4325,82.2,poverty_215_pct;physicians_per_1000;skilled_birth_attendance
COM,2022,834188.0,314644.0,37.71859580813917,32.7746035528748,448.247178936056,29.062,1533.87755393614,7.0,41.4,18.3,124.14363861,0.424,82.2,poverty_215_pct;skilled_birth_attendance
COM,2023,850387.0,318057.0,37.40144193173226,33.1502180946901,456.951638903815,28.653,1723.89474946474,6.05,40.2,17.7,102.23101807,0.424,82.2,poverty_215_pct;physicians_per_1000;skilled_birth_attendance
COM,2024,866628.0,321704.0,37.121348490932675,33.5392215673301,456.951638903815,28.232,1857.87060684189,5.1,39.0,17.4,102.23101807,0.424,82.2,pop_density;health_exp_per_capita;physicians_per_1000;skilled_birth_attendance
COM,2025,882847.0,325504.0,36.86980869844945,33.941547481361,456.951638903815,28.232,2055.75921566281,5.1,39.0,17.4,102.23101807,0.424,82.2,pop_density;birth_rate;poverty_215_pct;under5_mortality;stunting_pct;health_exp_per_capita;physicians_per_1000;skilled_birth_attendance
COM,2026,899932.6519580146,329342.9785819331,36.59640283807573,33.941547481361,456.951638903815,28.232,2055.75921566281,5.1,39.0,17.4,102.23101807,0.424,82.2,population_total;population_0_14;urban_pct;pop_density;birth_rate;gdp_per_capita_usd;poverty_215_pct;under5_mortality;stunting_pct;health_exp_per_capita;physicians_per_1000;skilled_birth_attendance
CPV,2005,485115.0,179169.0,36.93330447419684,57.7977695763157,120.375930521092,22.797,2004.14680417563,26.2,28.0,12.1,96.08917999,0.136,77.5,poverty_215_pct;physicians_per_1000
CPV,2006,490728.0,176485.0,35.963914836732364,58.5332660925599,121.768734491315,21.612,2256.99666191075,26.2,28.0,11.6,113.13097382,0.136,76.4,poverty_215_pct;physicians_per_1000
CPV,2007,496190.0,173737.0,35.0142082669945,59.287606518789,123.124069478908,20.583,3324.57675212498,26.2,28.1,11.1,127.73626709,0.136,74.4,physicians_per_1000
CPV,2008,501355.0,170817.0,34.07106740732615,60.0741911239572,124.40570719603,19.857,3908.64885822576,24.75,27.9,10.6,127.79390717,0.136,74.6,poverty_215_pct;physicians_per_1000
CPV,2009,506141.0,167691.0,33.13128159939622,60.906420177019,125.593300248139,19.504,3659.72046361628,23.3,27.5,10.1,130.23704529,0.136,75.6,poverty_215_pct
CPV,2010,509784.0,164091.0,32.18833859046184,61.7974262732302,126.497270471464,20.42,3579.46006137809,21.85,26.7,9.5,146.07247925,0.573,98.5,poverty_215_pct
CPV,2011,511447.0,159921.0,31.268342565309798,62.7419929036884,126.909925558313,20.578,4002.01386888785,20.4,25.6,8.9,157.08999634,0.571,98.7,poverty_215_pct
CPV,2012,511955.0,155872.0,30.446425955406237,63.7260454520996,127.035980148883,19.108,3736.81517011087,18.95,24.2,8.4,174.66062927,0.508,95.5,poverty_215_pct;skilled_birth_attendance
CPV,2013,512225.0,152421.0,29.756649909707647,64.7486207521826,127.102977667494,18.401,3960.97596791345,17.5,22.6,7.9,191.1048584,0.601,92.3,poverty_215_pct
CPV,2014,512326.0,149556.0,29.191569430401735,65.8085112712742,127.128039702233,18.079,3985.60706548134,16.049999999999997,20.9,7.5,193.39482117,0.461,95.6,poverty_215_pct
CPV,2015,512394.0,147419.0,28.770633535911816,66.9045094767116,127.144913151365,17.459,3415.06266730931,14.6,19.2,7.2,150.28823853,0.743,91.4,
CPV,2016,512554.0,146180.0,28.519921803361207,68.0354078358316,127.184615384615,17.32,3608.96605234906,14.6,17.6,6.8,157.39906311,0.731,92.6,poverty_215_pct
CPV,2017,512893.0,145709.0,28.40923935401731,69.1999988159713,127.268734491315,16.8,3893.09571382506,14.6,16.2,6.5,174.43547058,0.659,92.4,poverty_215_pct
CPV,2018,513415.0,145679.0,28.3745118471412,70.3970748844677,127.398263027295,15.451,4294.96510035729,14.6,15.1,6.2,205.5345459,0.711,97.3,poverty_215_pct
CPV,2019,514104.0,145879.0,28.37538708121314,71.6254285086577,127.569230769231,14.288,4380.78117331128,14.6,14.1,5.9,211.24963379,0.743,97.3,poverty_215_pct;skilled_birth_attendance
CPV,2020,514679.0,146146.0,28.39556305969352,72.8838521558784,127.711910669975,13.142,3539.22661248299,14.6,13.3,5.7,249.71989441,0.725,97.3,poverty_215_pct;skilled_birth_attendance
CPV,2021,516649.0,144620.0,27.991924885173493,74.1607930892827,128.200744416873,12.569,3971.44409203423,14.6,12.7,5.5,262.42272949,0.732,97.3,poverty_215_pct;skilled_birth_attendance
CPV,2022,519741.0,141237.0,27.174496528078407,75.033738060849,128.967990074442,12.438,4323.31362032709,14.6,12.1,5.4,297.08233643,0.718,97.3,poverty_215_pct;skilled_birth_attendance
CPV,2023,522331.0,137743.0,26.370826161954774,75.9064245753376,129.610669975186,12.33,4794.90119772843,14.6,11.6,5.4,290.12619019,0.73,97.3,poverty_215_pct;skilled_birth_attendance
CPV,2024,524877.0,134092.0,25.547318705144253,76.7721471004354,129.610669975186,12.222,5170.20531932535,14.6,11.1,5.3,290.12619019,0.73,97.3,pop_density;poverty_215_pct;health_exp_per_capita;physicians_per_1000;skilled_birth_attendance
CPV,2025,527326.0,130223.0,24.694970473672832,77.6300668010068,129.610669975186,12.222,5796.47207860911,14.6,11.1,5.3,290.12619019,0.73,97.3,pop_density;birth_rate;poverty_215_pct;under5_mortality;stunting_pct;health_exp_per_capita;physicians_per_1000;skilled_birth_attendance
CPV,2026,529892.4506572796,127252.94698328787,24.014863171846113,77.6300668010068,129.610669975186,12.222,5796.47207860911,14.6,11.1,5.3,290.12619019,0.73,97.3,population_total;population_0_14;urban_pct;pop_density;birth_rate;gdp_per_capita_usd;poverty_215_pct;under5_mortality;stunting_pct;health_exp_per_capita;physicians_per_1000;skilled_birth_attendance
DJI,2005,839167.0,322462.0,38.42643955255628,71.3061450044404,36.2022001725626,30.568,844.4483573908,26.4,86.9,32.2,45.12551498,0.167,78.4,poverty_215_pct;skilled_birth_attendance
DJI,2006,855764.0,326193.0,38.117167817295424,71.0245352095823,36.9182053494392,29.391,898.464628136774,26.4,84.6,31.9,53.26344299,0.216,78.4,poverty_215_pct
DJI,2007,874528.0,329602.0,37.68913059387464,70.8118125191918,37.7276962899051,28.485,969.573220191902,26.4,82.3,31.4,55.18254471,0.214125,79.9,poverty_215_pct;physicians_per_1000;skilled_birth_attendance
DJI,2008,892734.0,332458.0,37.24043220040908,70.6793730584341,38.5131147540984,27.554,1119.15233346969,26.4,79.9,30.8,55.90976715,0.21225,81.4,poverty_215_pct;physicians_per_1000;skilled_birth_attendance
DJI,2009,911527.0,335343.0,36.7891461251285,70.6383251554484,39.3238567730802,26.905,1150.9375857489,26.4,77.7,30.1,56.92132568,0.210375,82.9,poverty_215_pct;physicians_per_1000;skilled_birth_attendance
DJI,2010,930251.0,338280.0,36.36437907618482,70.6486554782903,40.1316220880069,26.291,1213.23352553429,26.4,75.5,29.4,55.7044487,0.20850000000000002,84.4,poverty_215_pct;physicians_per_1000;skilled_birth_attendance
DJI,2011,948558.0,340920.0,35.940870247259525,70.6776532458676,40.9213977566868,25.657,1306.34552844977,26.4,73.4,28.6,61.89852524,0.206625,85.9,poverty_215_pct;physicians_per_1000;skilled_birth_attendance
DJI,2012,966747.0,343367.0,35.51777248856216,70.7266311335377,41.7060828300259,25.061,1400.19357858954,26.4,71.3,27.8,64.8536911,0.20475000000000002,87.4,physicians_per_1000
DJI,2013,984824.0,345397.0,35.07195194268214,70.7969331287484,42.4859361518551,24.592,2075.94498424748,31.2,69.2,27.2,60.57233047,0.202875,87.4,physicians_per_1000;skilled_birth_attendance
DJI,2014,1002717.0,346716.0,34.5776525181083,70.8899032189478,43.2578515962036,24.094,2214.62084142432,29.75,67.2,26.5,65.53726196,0.201,87.4,poverty_215_pct;skilled_birth_attendance
DJI,2015,1020313.0,347250.0,34.03367398043542,71.0068853915837,44.0169542709232,23.567,2376.12554719873,28.299999999999997,65.2,25.9,79.54257965,0.20225,87.4,poverty_215_pct;physicians_per_1000;skilled_birth_attendance
DJI,2016,1037653.0,347043.0,33.444995581374506,71.1492236341041,44.7650129421915,23.061,2510.4300076241,26.849999999999998,63.2,25.1,68.82745361,0.20350000000000001,87.4,poverty_215_pct;physicians_per_1000;skilled_birth_attendance
DJI,2017,1054841.0,346239.0,32.823809465123176,71.318261933957,45.5065142364107,22.703,2618.95521147369,25.4,61.2,24.2,64.94396973,0.20475000000000002,87.4,physicians_per_1000;skilled_birth_attendance
DJI,2018,1071882.0,345036.0,32.189737303173295,71.5153442785902,46.2416738567731,22.313,2718.08338799203,25.4,59.4,23.4,68.79101563,0.20600000000000002,87.4,poverty_215_pct;physicians_per_1000;skilled_birth_attendance
DJI,2019,1088709.0,343763.0,31.575287794993887,71.7418146554518,46.9676013805004,21.913,2837.16902340932,25.4,57.5,22.5,68.4744873,0.20725,87.4,poverty_215_pct;physicians_per_1000;skilled_birth_attendance
DJI,2020,1105188.0,342703.0,31.00857048755506,71.9990170519895,47.6785159620362,21.578,2844.88810647853,25.4,55.7,21.8,66.53086853,0.2085,87.4,poverty_215_pct;physicians_per_1000;skilled_birth_attendance
DJI,2021,1121248.0,341956.0,30.49780244870002,72.2882954556515,48.3713546160483,21.308,3025.91126413549,25.4,54.0,21.4,86.88237762,0.20975,87.4,poverty_215_pct;physicians_per_1000;skilled_birth_attendance
DJI,2022,1137096.0,341394.0,30.023322569070686,72.6109938538856,49.0550474547023,21.032,3133.25779772463,25.4,52.1,21.1,79.13184357,0.211,87.4,poverty_215_pct;skilled_birth_attendance
DJI,2023,1152944.0,340979.0,29.57463675599162,72.8408245988921,49.7387402933563,20.769,3381.29779710722,25.4,50.5,21.0,77.57087708,0.211,87.4,poverty_215_pct;physicians_per_1000;skilled_birth_attendance
DJI,2024,1168722.0,340917.0,29.170067817667505,72.9052635052978,49.7387402933563,20.931,3552.72335079222,25.4,48.9,20.9,77.57087708,0.211,87.4,pop_density;poverty_215_pct;health_exp_per_capita;physicians_per_1000;skilled_birth_attendance
DJI,2025,1184076.0,341051.0,28.80313425827396,72.9758660686475,49.7387402933563,20.931,3905.604954681,25.4,48.9,20.9,77.57087708,0.211,87.4,pop_density;birth_rate;poverty_215_pct;under5_mortality;stunting_pct;health_exp_per_capita;physicians_per_1000;skilled_birth_attendance
DJI,2026,1200516.855595734,340721.55684711365,28.381238902142442,72.9758660686475,49.7387402933563,20.931,3905.604954681,25.4,48.9,20.9,77.57087708,0.211,87.4,population_total;population_0_14;urban_pct;pop_density;birth_rate;gdp_per_capita_usd;poverty_215_pct;under5_mortality;stunting_pct;health_exp_per_capita;physicians_per_1000;skilled_birth_attendance
DZA,2005,33109249.0,9598908.0,28.991621042204855,63.6598541890144,13.9012860345798,21.136,3233.13339634212,0.0,33.9,18.0,100.83694458,1.026,95.2,poverty_215_pct;skilled_birth_attendance
DZA,2006,33623506.0,9555682.0,28.41964784992975,64.4154348614309,14.1172025493967,21.998,3660.66104745322,0.0,32.5,17.1,116.7750473,1.1105,95.2,poverty_215_pct;physicians_per_1000
DZA,2007,34189416.0,9567254.0,27.98308692959248,65.1690763324461,14.3548061501255,22.873,4167.45169937531,0.0,31.2,16.1,150.86651611,1.195,95.4,poverty_215_pct;skilled_birth_attendance
DZA,2008,34816961.0,9637069.0,27.679236565190166,65.901485871159,14.6182878903659,23.735,5180.91881514686,0.0,30.1,15.1,206.37207031,1.2643333333333333,95.6,poverty_215_pct;physicians_per_1000;skilled_birth_attendance
DZA,2009,35490445.0,9762564.0,27.507584083546995,66.5097384559521,14.901057630136,24.189,4235.42990456612,0.0,29.0,14.2,207.20181274,1.3336666666666668,95.8,poverty_215_pct;physicians_per_1000;skilled_birth_attendance
DZA,2010,36188236.0,9936650.0,27.458232559332266,67.1235057867459,15.1940329339055,24.556,4912.78585503672,0.0,28.1,13.4,227.95396423,1.403,96.0,poverty_215_pct;physicians_per_1000;skilled_birth_attendance
DZA,2011,36903376.0,10156557.0,27.522026711052128,67.7344007507578,15.4942924080714,24.76,5916.31364364343,0.0,27.3,12.6,285.5020752,1.4723333333333333,96.2,physicians_per_1000;skilled_birth_attendance
DZA,2012,37646166.0,10433864.0,27.715608542978853,68.3421258553675,15.8061610419273,25.656,6033.64884689543,0.0,26.6,12.0,340.09176636,1.5416666666666665,96.39999999999999,poverty_215_pct;physicians_per_1000;skilled_birth_attendance
DZA,2013,38414171.0,10785737.0,28.077495151463765,68.9463836079277,16.1286164736705,25.524,5979.60138960585,0.0,25.9,11.6,337.57348633,1.611,96.6,poverty_215_pct;physicians_per_1000
DZA,2014,39205031.0,11194948.0,28.55487603108897,69.5468765157615,16.4606678310815,26.063,6094.69392314956,0.0,25.4,11.2,366.58615112,1.6803333333333332,96.96666666666667,poverty_215_pct;physicians_per_1000;skilled_birth_attendance
DZA,2015,40019529.0,11622047.0,29.040938987562797,70.1433070861612,16.8026368106356,25.811,4685.05902729002,0.0,24.9,10.8,296.76834106,1.7496666666666667,97.33333333333333,poverty_215_pct;physicians_per_1000;skilled_birth_attendance
DZA,2016,40850721.0,12051018.0,29.50013538316741,70.7353778263851,17.1516218598076,25.439,4424.98529027556,0.0,24.5,10.4,265.53491211,1.819,97.69999999999999,poverty_215_pct;skilled_birth_attendance
DZA,2017,41689299.0,12484115.0,29.945610263199676,71.3227912436551,17.5037080018356,25.015,4554.66753957828,0.0,24.0,10.1,270.93231201,1.7635,98.06666666666666,poverty_215_pct;physicians_per_1000;skilled_birth_attendance
DZA,2018,42505035.0,12896470.0,30.341040773169578,71.905249845153,17.846203680417,24.063,4577.21029180491,0.0,23.7,9.7,271.53808594,1.708,98.43333333333334,poverty_215_pct;skilled_birth_attendance
DZA,2019,43294546.0,13265110.0,30.639217235353385,72.4824561380175,18.1776961381175,23.379,4468.45341883656,0.0,23.3,9.4,242.07049561,0.973,98.8,poverty_215_pct
DZA,2020,44042091.0,13583665.0,30.84246158975513,73.0541126293395,18.4915612115512,22.43,3743.5419522929,0.0,22.9,9.2,211.07240295,1.202,98.8,poverty_215_pct;physicians_per_1000;skilled_birth_attendance
DZA,2021,44761099.0,13838743.0,30.91689728172224,73.6199218261573,18.7934447084904,21.392,4160.55926736925,0.0,22.6,9.0,208.93911743,1.431,98.8,poverty_215_pct;physicians_per_1000;skilled_birth_attendance
DZA,2022,45477389.0,14025769.0,30.84119231207403,74.1795862354514,19.0941870229328,20.491,4960.30334332888,0.0,22.3,8.9,180.33454895,1.66,98.8,poverty_215_pct;skilled_birth_attendance
DZA,2023,46164219.0,14144415.0,30.639346460079828,74.732808364138,19.3825602290762,19.625,5370.477235078,0.0,22.0,8.9,233.37947083,1.66,98.8,poverty_215_pct;physicians_per_1000;skilled_birth_attendance
DZA,2024,46814308.0,14198314.0,30.32900539723881,75.2792907190618,19.3825602290762,18.837,5752.99076651465,0.0,21.6,8.9,233.37947083,1.66,98.8,pop_density;poverty_215_pct;health_exp_per_capita;physicians_per_1000;skilled_birth_attendance
DZA,2025,47435312.0,14195254.0,29.92549938324428,75.8187358069877,19.3825602290762,18.837,6051.00322704182,0.0,21.6,8.9,233.37947083,1.66,98.8,pop_density;birth_rate;poverty_215_pct;under5_mortality;stunting_pct;health_exp_per_capita;physicians_per_1000;skilled_birth_attendance
DZA,2026,48144704.753782615,14320837.242630288,29.745404641836824,75.8187358069877,19.3825602290762,18.837,6051.00322704182,0.0,21.6,8.9,233.37947083,1.66,98.8,population_total;population_0_14;urban_pct;pop_density;birth_rate;gdp_per_capita_usd;poverty_215_pct;under5_mortality;stunting_pct;health_exp_per_capita;physicians_per_1000;skilled_birth_attendance
EGY,2005,81101004.0,28053961.0,34.59138557643504,42.9569271409488,81.4717002360741,26.566,1105.53920713903,3.7,37.0,25.3,59.4683876,0.73,74.2,poverty_215_pct;physicians_per_1000
EGY,2006,82700403.0,28350645.0,34.28114491775814,42.9729991680104,83.0784097644281,26.562,1298.97900203124,3.7,35.6,25.4,66.32707214,0.73,75.76666666666667,poverty_215_pct;physicians_per_1000;skilled_birth_attendance
EGY,2007,84276225.0,28711718.0,34.068585772559224,42.9729666344509,84.6614345270983,26.849,1547.74170735909,3.7,34.2,25.4,73.29454041,0.73,77.33333333333334,poverty_215_pct;physicians_per_1000;skilled_birth_attendance
EGY,2008,85864789.0,29146559.0,33.94471626780565,42.9608989120873,86.2572595308654,26.976,1896.21594269779,3.7,32.8,25.5,90.15769958,0.73,78.9,physicians_per_1000
EGY,2009,87501636.0,29651359.0,33.88663384533748,42.9383470624904,87.9015882264303,27.209,2161.63964573927,2.6,31.6,25.6,98.90396881,0.73,81.0,poverty_215_pct;physicians_per_1000;skilled_birth_attendance
EGY,2010,89196072.0,30226246.0,33.887418271064675,42.9057175520154,89.6037691496308,27.491,2455.08194645282,1.5,30.5,25.4,105.07817841,0.73,83.10000000000001,physicians_per_1000;skilled_birth_attendance
EGY,2011,91093059.0,30865736.0,33.883740801810156,42.8634168470177,91.5094268923602,27.476,2590.64384891965,1.35,29.5,24.7,116.22949219,0.73,85.2,poverty_215_pct;physicians_per_1000;skilled_birth_attendance
EGY,2012,93161001.0,31563991.0,33.881120491610005,42.8118514138525,93.5868210357125,28.117,2996.0677072015,1.2,28.6,23.5,139.81625366,0.73,87.3,physicians_per_1000;skilled_birth_attendance
EGY,2013,95333553.0,32323943.0,33.90615578966201,42.7514277188751,95.7693033301522,28.591,3025.52563552448,1.2,27.8,22.0,139.67245483,0.73,89.4,poverty_215_pct;physicians_per_1000;skilled_birth_attendance
EGY,2014,97528654.0,33118805.0,33.95802529992878,42.6825522284408,97.9744376914963,28.393,3133.39102265541,1.2,27.1,20.5,155.06480408,0.73,91.5,poverty_215_pct
EGY,2015,99597342.0,33924723.0,34.06187586813311,42.6056314089048,100.052581244663,28.184,3306.98159414141,1.2,26.5,19.2,170.25532532,0.763,92.3,skilled_birth_attendance
EGY,2016,101644589.0,34683286.0,34.12211741049983,42.5210717266225,102.109185795369,26.679,3270.6287768197,2.15,26.0,18.1,142.61845398,0.763,93.1,poverty_215_pct;skilled_birth_attendance
EGY,2017,103696057.0,35364841.0,34.10432568328032,42.4486008687179,104.170030639409,26.1,2395.10333299491,3.1,25.6,17.1,106.00288391,0.743,93.89999999999999,skilled_birth_attendance
EGY,2018,105682094.0,35914021.0,33.98307096375286,42.4577177449969,106.165145411623,23.592,2484.70315630508,2.55,25.2,16.1,118.01481628,0.716,94.7,poverty_215_pct;skilled_birth_attendance
EGY,2019,107553158.0,36290697.0,33.742102672615154,42.4812027332648,108.044761665578,22.267,2962.98892023003,2.0,24.8,15.2,142.69670105,0.697,95.5,skilled_birth_attendance
EGY,2020,109315124.0,36592299.0,33.47414123593731,42.5181534630674,109.814781254709,22.004,3511.11381026379,1.7,24.4,14.4,148.35269165,0.671,96.3,poverty_215_pct;skilled_birth_attendance
EGY,2021,110957008.0,36828671.0,33.191838590312386,42.5686062621468,111.464169973379,21.154,3827.35415374308,1.4,24.0,13.7,176.93664551,0.671,97.1,physicians_per_1000
EGY,2022,112618250.0,36996605.0,32.85134070188446,42.6325129008032,113.13300517354,21.091,4233.30783744856,1.4,23.5,13.4,171.67852783,0.671,97.1,poverty_215_pct;physicians_per_1000;skilled_birth_attendance
EGY,2023,114535772.0,37149814.0,32.435119047348806,42.7098115041919,115.059291777588,21.004,3456.78965212363,1.4,22.9,13.1,141.41111755,0.671,97.1,poverty_215_pct;physicians_per_1000;skilled_birth_attendance
EGY,2024,116538258.0,37286014.0,31.99465535172149,42.8004363938404,115.059291777588,20.915,3338.47371043679,1.4,22.4,12.9,141.41111755,0.671,97.1,pop_density;poverty_215_pct;health_exp_per_capita;physicians_per_1000;skilled_birth_attendance
EGY,2025,118365995.0,37351883.0,31.556261576646232,42.9043204925248,115.059291777588,20.915,3085.80712036204,1.4,22.4,12.9,141.41111755,0.671,97.1,pop_density;birth_rate;poverty_215_pct;under5_mortality;stunting_pct;health_exp_per_capita;physicians_per_1000;skilled_birth_attendance
EGY,2026,120264179.72624403,37505681.519058585,31.186078518501798,42.9043204925248,115.059291777588,20.915,3085.80712036204,1.4,22.4,12.9,141.41111755,0.671,97.1,population_total;population_0_14;urban_pct;pop_density;birth_rate;gdp_per_capita_usd;poverty_215_pct;under5_mortality;stunting_pct;health_exp_per_capita;physicians_per_1000;skilled_birth_attendance
ERI,2005,2661215.0,1142820.0,42.94354270511778,35.1022033691406,21.9889099906246,36.369,412.753079199423,41.0,67.5,46.8,21.92651939,0.046,34.1,poverty_215_pct;skilled_birth_attendance
ERI,2006,2703502.0,1166091.0,43.13261096163421,35.2525177001953,22.3422474247986,36.179,447.997404727201,40.655,64.7,48.0,23.77408791,0.05,34.1,poverty_215_pct;skilled_birth_attendance
ERI,2007,2743222.0,1187815.0,43.29999540686099,35.3820953369141,22.6651485964038,34.965,480.44762365456,40.31,62.0,49.0,19.62666321,0.045,34.1,poverty_215_pct;skilled_birth_attendance
ERI,2008,2816327.0,1211591.0,43.02025297488537,35.4897117614746,23.2643755206101,34.136,490.066956003333,39.965,59.6,50.1,21.55065727,0.045,34.1,poverty_215_pct;skilled_birth_attendance
ERI,2009,2887885.0,1234037.0,42.73151458593399,35.5742034912109,23.8530992984597,34.213,642.92572288007,39.620000000000005,57.3,50.8,24.35102463,0.044,34.1,poverty_215_pct;skilled_birth_attendance
ERI,2010,2945186.0,1253783.0,42.570588071517385,35.6346549987793,24.3272910774296,33.453,539.699512069686,39.275000000000006,55.2,51.3,26.00652122,0.044,34.1,poverty_215_pct
ERI,2011,2998485.0,1268854.0,42.316503167432884,35.6706275939941,24.7626561652109,33.032,688.68165957684,38.489999999999995,53.3,51.4,35.55129623,0.045,34.1,poverty_215_pct;skilled_birth_attendance
ERI,2012,3036988.0,1279029.0,42.11504951616536,35.6824264526367,25.0820517513238,32.41,688.68165957684,37.705,51.4,51.5,27.78689003,0.05,34.1,gdp_per_capita_usd;poverty_215_pct;skilled_birth_attendance
ERI,2013,3074360.0,1290063.0,41.962001847539,35.6713333129883,25.3975905581196,31.702,688.68165957684,36.92,49.7,51.7,31.64078712,0.056,34.1,gdp_per_capita_usd;poverty_215_pct;skilled_birth_attendance
ERI,2014,3095173.0,1299841.0,41.99574627977176,35.639720916748,25.572294764578,31.456,688.68165957684,36.135000000000005,48.1,51.5,32.93448257,0.066,34.1,gdp_per_capita_usd;poverty_215_pct;skilled_birth_attendance
ERI,2015,3105546.0,1307597.0,42.10522078887255,35.591007232666,25.6468528978016,30.554,688.68165957684,35.35,46.4,51.5,29.22208977,0.068,34.1,gdp_per_capita_usd;poverty_215_pct;skilled_birth_attendance
ERI,2016,3124698.0,1314835.0,42.07878649392677,35.5254287719727,25.8074296058691,30.092,688.68165957684,36.486666666666665,44.7,51.2,26.00592422,0.072,34.1,gdp_per_capita_usd;poverty_215_pct;skilled_birth_attendance
ERI,2017,3150347.0,1320398.0,41.91277976680029,35.4427146911621,26.0206072238481,29.551,688.68165957684,37.623333333333335,43.3,50.8,25.10270691,0.071,34.1,gdp_per_capita_usd;poverty_215_pct;skilled_birth_attendance
ERI,2018,3192760.0,1325193.0,41.50618900261843,35.3451042175293,26.3695100817645,29.195,688.68165957684,38.76,41.9,50.2,26.68201256,0.088,34.1,gdp_per_capita_usd;poverty_215_pct;skilled_birth_attendance
ERI,2019,3240194.0,1328192.0,40.991125839996,35.2352333068848,26.7606490641362,29.119,688.68165957684,39.89666666666667,40.5,49.5,28.42930794,0.077,34.1,gdp_per_capita_usd;poverty_215_pct;skilled_birth_attendance
ERI,2020,3291271.0,1329763.0,40.402719800344606,35.116138458252,27.1914115855899,28.872,688.68165957684,41.03333333333333,39.1,48.9,27.66697884,0.088,34.1,gdp_per_capita_usd;poverty_215_pct;skilled_birth_attendance
ERI,2021,3350183.0,1332497.0,39.773857129595605,34.9871139526367,27.6467466920618,28.818,688.68165957684,42.2,37.8,48.5,27.58759499,0.085,34.1,gdp_per_capita_usd;poverty_215_pct;skilled_birth_attendance
ERI,2022,3409447.0,1336539.0,39.20104931972839,34.8469276428223,28.1358115568642,28.675,688.68165957684,40.400000000000006,36.6,48.4,27.0898056,0.088,34.1,gdp_per_capita_usd;poverty_215_pct;skilled_birth_attendance
ERI,2023,3470390.0,1342258.0,38.6774397113869,34.696403503418,28.638732049164,28.544,688.68165957684,38.6,35.4,48.1,28.29782677,0.088,34.1,gdp_per_capita_usd;poverty_215_pct;physicians_per_1000;skilled_birth_attendance
ERI,2024,3535603.0,1348374.0,38.13703065643965,34.5365524291992,28.638732049164,28.719,688.68165957684,38.6,34.3,48.0,28.29782677,0.088,34.1,pop_density;gdp_per_capita_usd;poverty_215_pct;health_exp_per_capita;physicians_per_1000;skilled_birth_attendance
ERI,2025,3607003.0,1355892.0,37.59054261945443,34.5404504255216,28.638732049164,28.719,688.68165957684,38.6,34.3,48.0,28.29782677,0.088,34.1,pop_density;birth_rate;gdp_per_capita_usd;poverty_215_pct;under5_mortality;stunting_pct;health_exp_per_capita;physicians_per_1000;skilled_birth_attendance
ERI,2026,3673694.8175340644,1361179.0901908658,37.052045904688,34.5404504255216,28.638732049164,28.719,688.68165957684,38.6,34.3,48.0,28.29782677,0.088,34.1,population_total;population_0_14;urban_pct;pop_density;birth_rate;gdp_per_capita_usd;poverty_215_pct;under5_mortality;stunting_pct;health_exp_per_capita;physicians_per_1000;skilled_birth_attendance
ETH,2005,78367470.0,37173182.0,47.4344546276663,15.982967376709,69.4377847665754,42.104,158.243458082465,37.4,108.3,51.6,6.4820013,0.031,5.7,poverty_215_pct
ETH,2006,80703490.0,38114165.0,47.227406150589026,16.2148475646973,71.5067748631684,41.086,189.345737521418,37.4,102.4,50.4,8.42413712,0.026,6.416666666666667,poverty_215_pct;skilled_birth_attendance
ETH,2007,83103217.0,39015000.0,46.94764102814455,16.0948330261902,73.6318622061839,40.054,237.146255996319,37.4,96.9,49.0,11.63210678,0.022,7.133333333333334,poverty_215_pct;skilled_birth_attendance
ETH,2008,85543668.0,39864583.0,46.601442201426295,16.7936706542969,75.7983969601131,38.886,316.410475118075,37.4,91.8,47.5,13.03863621,0.024,7.85,poverty_215_pct;skilled_birth_attendance
ETH,2009,88007636.0,40650214.0,46.18941701831418,17.1511001586914,77.9802631357432,37.538,368.574712267445,37.4,87.1,46.0,15.1445961,0.025,8.566666666666666,poverty_215_pct;skilled_birth_attendance
ETH,2010,90538514.0,41384975.0,45.709801466368226,17.4937839508057,80.224030211657,36.571,330.619412798644,37.4,82.7,44.6,16.17102051,0.030555555555555558,9.283333333333333,physicians_per_1000;skilled_birth_attendance
ETH,2011,93149970.0,42083563.0,45.1782893757239,17.863790512085,82.537679592612,35.671,343.024942351887,36.519999999999996,78.6,43.2,14.62286568,0.03611111111111111,10.0,poverty_215_pct;physicians_per_1000
ETH,2012,95798767.0,42732266.0,44.606279744706946,18.2061367034912,84.8841807786957,34.563,452.101031885754,35.64,74.8,42.1,20.00217628,0.041666666666666664,16.55,poverty_215_pct;physicians_per_1000;skilled_birth_attendance
ETH,2013,98438751.0,43329582.0,44.016793752289686,18.615514755249,87.224157853982,33.644,484.039833104062,34.76,71.2,41.2,19.26698494,0.04722222222222222,23.1,poverty_215_pct;physicians_per_1000
ETH,2014,101115610.0,43909313.0,43.42486090921076,19.0262870788574,89.598740246565,33.408,549.986577082588,33.88,67.7,40.4,21.6064415,0.05277777777777778,15.5,poverty_215_pct;physicians_per_1000
ETH,2015,103867135.0,44508942.0,42.85180485627143,19.451566696167,92.0367822337439,33.331,597.912113218663,33.0,64.4,39.6,23.21817207,0.05833333333333333,21.6,physicians_per_1000;skilled_birth_attendance
ETH,2016,106718162.0,45142559.0,42.30072759311578,19.8763618469238,94.5614799764478,33.329,641.651523286233,33.93333333333334,61.3,38.8,24.34373283,0.06388888888888888,27.7,poverty_215_pct;physicians_per_1000
ETH,2017,109666481.0,45807316.0,41.76965977416564,20.3084850311279,97.1744352590326,33.222,696.348429076216,34.86666666666667,58.4,38.0,24.18239403,0.06944444444444445,35.06666666666666,poverty_215_pct;physicians_per_1000;skilled_birth_attendance
ETH,2018,112664152.0,46518301.0,41.28935439908162,20.7838096618652,99.8298825389562,33.394,739.702022272086,35.8,55.8,37.2,23.5205574,0.075,42.43333333333333,poverty_215_pct;skilled_birth_attendance
ETH,2019,115737383.0,47291168.0,40.860754558447205,21.2486705780029,102.552159549746,33.549,793.473247218996,36.733333333333334,53.6,36.5,25.93511963,0.089,49.8,poverty_215_pct
ETH,2020,118917671.0,48103096.0,40.45075521198191,21.6260051727295,105.370090895445,33.31,829.790982552951,37.66666666666667,51.5,35.9,28.28001595,0.102,49.8,poverty_215_pct;skilled_birth_attendance
ETH,2021,122138588.0,48934573.0,40.0647934459501,22.1067085266113,108.230378298522,32.876,893.009835441784,38.6,70.4,35.6,26.06931114,0.1,49.8,skilled_birth_attendance
ETH,2022,125384287.0,49784838.0,39.70580300863377,22.7367687225342,111.107151376678,32.413,982.103161502198,38.6,68.1,35.6,27.06845474,0.105,49.8,poverty_215_pct;skilled_birth_attendance
ETH,2023,128691692.0,50660304.0,39.36563674988437,23.0586471557617,114.037952012,31.903,1055.81091593061,38.6,51.5,35.6,34.79846954,0.143,49.8,poverty_215_pct;skilled_birth_attendance
ETH,2024,132059767.0,51582434.0,39.05991595456927,23.6222839355469,114.037952012,31.469,1133.88279681256,38.6,44.5,35.5,34.79846954,0.143,49.8,pop_density;poverty_215_pct;health_exp_per_capita;physicians_per_1000;skilled_birth_attendance
ETH,2025,135472051.0,52535692.0,38.77972734021721,24.1096952088946,114.037952012,31.469,932.729352775179,38.6,44.5,35.5,34.79846954,0.143,49.8,pop_density;birth_rate;poverty_215_pct;under5_mortality;stunting_pct;health_exp_per_capita;physicians_per_1000;skilled_birth_attendance
ETH,2026,139049799.86339727,53470068.779592104,38.453898410584685,24.1096952088946,114.037952012,31.469,932.729352775179,38.6,44.5,35.5,34.79846954,0.143,49.8,population_total;population_0_14;urban_pct;pop_density;birth_rate;gdp_per_capita_usd;poverty_215_pct;under5_mortality;stunting_pct;health_exp_per_capita;physicians_per_1000;skilled_birth_attendance
GAB,2005,1463495.0,570323.0,38.969931567924725,83.4326746392243,5.67972600613187,32.682,6547.87613955186,9.2,63.6,23.4,188.91426086,0.0968,89.3,physicians_per_1000;skilled_birth_attendance
GAB,2006,1508337.0,582097.0,38.5919724836028,84.0852434737431,5.85375480265456,32.612,6847.00985685394,8.75,61.8,22.7,211.9914093,0.0968,89.3,poverty_215_pct;physicians_per_1000;skilled_birth_attendance
GAB,2007,1556237.0,594864.0,38.22451207624545,84.6900183387136,6.03965149221873,32.585,8003.54289696049,8.299999999999999,59.7,22.0,246.78276062,0.0968,89.3,poverty_215_pct;physicians_per_1000;skilled_birth_attendance
GAB,2008,1607175.0,608801.0,37.88019350724097,85.2437672472316,6.23733845616486,32.617,9688.64519690633,7.85,57.6,21.0,275.89450073,0.0968,89.3,poverty_215_pct;skilled_birth_attendance
GAB,2009,1661556.0,624425.0,37.580737573695984,85.7432582123932,6.44838747234835,32.869,7290.57526093114,7.3999999999999995,55.6,20.0,277.62945557,0.1272,89.3,poverty_215_pct;physicians_per_1000;skilled_birth_attendance
GAB,2010,1719879.0,642168.0,37.33797552037091,86.1852592472945,6.67473512632437,33.031,8356.74662013345,6.949999999999999,53.4,19.0,206.87702942,0.15760000000000002,89.3,poverty_215_pct;physicians_per_1000;skilled_birth_attendance
GAB,2011,1781985.0,661854.0,37.14139007904107,86.5665383650315,6.91576434974968,33.011,10219.1139339454,6.5,51.3,18.1,261.37597656,0.188,89.3,poverty_215_pct;physicians_per_1000;skilled_birth_attendance
GAB,2012,1846889.0,682677.0,36.96361827917108,86.8838635787001,7.16765242364264,32.49,9296.96587941088,6.05,49.4,17.2,225.07722473,0.2184,89.3,poverty_215_pct;physicians_per_1000
GAB,2013,1913059.0,703890.0,36.793951467257415,87.1482480671637,7.42445375868359,31.919,9197.70106323947,5.6,47.3,16.7,261.29452515,0.24880000000000002,89.3,poverty_215_pct;physicians_per_1000;skilled_birth_attendance
GAB,2014,1978399.0,725246.0,36.65822718268661,87.6236017962969,7.67803391935421,31.384,9201.36276648105,5.1499999999999995,45.8,16.3,233.05368042,0.2792,89.3,poverty_215_pct;physicians_per_1000;skilled_birth_attendance
GAB,2015,2040989.0,746634.0,36.58197079945066,88.085308383892,7.92094151434005,31.085,7047.12654634355,4.699999999999999,44.4,16.0,187.27270508,0.3096,89.3,poverty_215_pct;physicians_per_1000;skilled_birth_attendance
GAB,2016,2100306.0,768238.0,36.57743205037742,88.5445883406178,8.15114681569449,30.983,6677.07003901644,4.25,42.7,15.5,207.50273132,0.34,89.3,poverty_215_pct;skilled_birth_attendance
GAB,2017,2156900.0,790098.0,36.63118364319162,89.0009733256896,8.37078433655451,30.774,6921.73373135624,3.8,41.4,15.1,192.47543335,0.653,89.3,skilled_birth_attendance
GAB,2018,2212318.0,812087.0,36.70751673131982,89.4539949981866,8.58585788023441,30.537,7624.2775233771,3.8,39.9,14.8,209.28697205,0.618,89.3,poverty_215_pct;skilled_birth_attendance
GAB,2019,2267706.0,833963.0,36.77562258952439,89.9031850170394,8.80081499592502,30.146,7441.1786472281,3.8,38.5,14.4,205.99945068,0.603,89.3,poverty_215_pct;skilled_birth_attendance
GAB,2020,2322539.0,855113.0,36.818025445428475,90.3480750410147,9.01361819381379,29.541,6605.80346077904,3.8,36.8,14.1,227.2480011,0.586,89.3,poverty_215_pct;skilled_birth_attendance
GAB,2021,2376722.0,875163.0,36.822270337044046,90.7881967286967,9.22389878526798,28.938,8181.40914134398,3.8,35.8,13.9,228.46922302,0.5535,89.3,poverty_215_pct;physicians_per_1000;skilled_birth_attendance
GAB,2022,2430747.0,893879.0,36.77383948226615,91.2243355459988,9.43356618931191,28.3,8409.20741452279,3.8,34.7,13.9,243.09941101,0.521,89.3,poverty_215_pct;skilled_birth_attendance
GAB,2023,2484789.0,910978.0,36.66218741309624,91.6375962797313,9.64329956921644,27.666,7802.82433276138,3.8,33.8,13.8,252.98246765,0.521,89.3,poverty_215_pct;physicians_per_1000;skilled_birth_attendance
GAB,2024,2538952.0,926325.0,36.4845416534066,91.8632094677575,9.64329956921644,27.127,8230.04311451151,3.8,32.6,13.7,252.98246765,0.521,89.3,pop_density;poverty_215_pct;health_exp_per_capita;physicians_per_1000;skilled_birth_attendance
GAB,2025,2593130.0,939824.0,36.24284166239255,92.0876666682068,9.64329956921644,27.127,8263.03321595,3.8,32.6,13.7,252.98246765,0.521,89.3,pop_density;birth_rate;poverty_215_pct;under5_mortality;stunting_pct;health_exp_per_capita;physicians_per_1000;skilled_birth_attendance
GAB,2026,2650919.5281666187,957747.7397693092,36.12888771586701,92.0876666682068,9.64329956921644,27.127,8263.03321595,3.8,32.6,13.7,252.98246765,0.521,89.3,population_total;population_0_14;urban_pct;pop_density;birth_rate;gdp_per_capita_usd;poverty_215_pct;under5_mortality;stunting_pct;health_exp_per_capita;physicians_per_1000;skilled_birth_attendance
GHA,2005,22449438.0,9068084.0,40.39336753107138,47.4528437795757,98.6615012745012,34.403,478.611909191028,60.9,82.0,29.7,38.51657486,0.07,49.7,physicians_per_1000;skilled_birth_attendance
GHA,2006,23040702.0,9237684.0,40.092893002999645,48.1388926229785,101.260007031731,33.877,906.441027564887,58.17142857142857,79.1,28.8,49.34616852,0.07,49.7,poverty_215_pct;physicians_per_1000
GHA,2007,23642279.0,9408346.0,39.79458156297031,48.8125122665918,103.903836688055,33.223,1050.12461524926,55.44285714285714,76.2,27.8,57.34096527,0.07,55.2,poverty_215_pct
GHA,2008,24249946.0,9581637.0,39.51199314010844,49.4708679942306,106.574430869298,32.789,1182.65761256016,52.71428571428571,73.1,26.7,63.45487595,0.077,54.7,poverty_215_pct
GHA,2009,24862664.0,9764538.0,39.27390081770803,50.1111250897099,109.267223345346,32.585,1047.70430093586,49.98571428571428,69.8,25.6,62.44382095,0.082,58.86666666666667,poverty_215_pct;skilled_birth_attendance
GHA,2010,25474995.0,9962787.0,39.10810188579036,50.7296926788704,111.958315021535,32.672,1263.89251760539,47.25714285714285,66.5,24.5,80.6833725,0.091,63.03333333333334,poverty_215_pct;skilled_birth_attendance
GHA,2011,26095088.0,10179505.0,39.00927638182328,51.3304086646488,114.683519381208,32.685,1507.43573198753,44.528571428571425,63.3,23.3,91.70959473,0.095,67.2,poverty_215_pct
GHA,2012,26734268.0,10409488.0,38.9368730798988,51.9197918381031,117.492607893118,32.519,1543.77524235764,41.8,60.3,22.3,81.96895599,0.093,68.4,skilled_birth_attendance
GHA,2013,27386193.0,10642450.0,38.860640469451155,52.4985794475913,120.357708534763,32.219,2294.79584693743,41.099999999999994,57.5,21.3,105.34784698,0.1,69.6,poverty_215_pct;skilled_birth_attendance
GHA,2014,28041592.0,10867984.0,38.75665832382127,53.0663398797148,123.238076821658,31.547,1949.90832923846,40.4,54.9,20.5,78.46701813,0.108,70.8,poverty_215_pct
GHA,2015,28696068.0,11078639.0,38.60681888543058,53.6226415210752,126.114388678914,31.114,1722.77282833606,39.7,52.5,19.8,78.21643066,0.114,73.23333333333333,poverty_215_pct;skilled_birth_attendance
GHA,2016,29356742.0,11273030.0,38.40013990653323,54.167052758274,129.017939702909,30.172,1912.47991339951,39.0,50.3,19.2,64.86400604,0.123,75.66666666666666,skilled_birth_attendance
GHA,2017,30008354.0,11443855.0,38.135563849986575,54.6991419779128,131.88166476224,28.926,2012.28662641265,39.0,48.2,18.5,54.10602188,0.089,78.1,poverty_215_pct
GHA,2018,30637585.0,11595071.0,37.84590397709219,55.218477566593,134.647029093786,28.388,2195.32166016377,39.0,46.1,17.8,53.37788773,0.144,78.9,poverty_215_pct
GHA,2019,31258945.0,11738136.0,37.55128651974659,55.7246279109161,137.382028101418,27.891,2186.65822682613,39.0,44.1,17.1,71.14958191,0.104,78.9,poverty_215_pct;skilled_birth_attendance
GHA,2020,31887809.0,11870064.0,37.224457785732476,56.2171613974837,140.147712389575,27.43,2195.45481659987,39.0,42.2,16.5,97.37677765,0.166,78.9,poverty_215_pct;skilled_birth_attendance
GHA,2021,32518665.0,11991570.0,36.87596031386897,56.6952556826536,142.918455784436,27.034,2445.18662529344,39.0,40.3,16.0,94.40388489,0.128,78.9,poverty_215_pct;skilled_birth_attendance
GHA,2022,33149152.0,12109097.0,36.529130518934544,57.250609602871,145.689425270181,26.596,2229.89122654479,39.0,38.6,15.7,82.32108307,0.143,78.9,poverty_215_pct;skilled_birth_attendance
GHA,2023,33787914.0,12224102.0,36.1789188879787,57.8074737774654,148.49676310689,26.31,2383.90410476221,39.0,37.2,15.6,70.25730896,0.266,78.9,poverty_215_pct;skilled_birth_attendance
GHA,2024,34427414.0,12331256.0,35.81813028419735,58.3654868038581,148.49676310689,25.92,2419.2518672482,39.0,35.9,15.6,70.25730896,0.266,78.9,pop_density;poverty_215_pct;health_exp_per_capita;physicians_per_1000;skilled_birth_attendance
GHA,2025,35064272.0,12423158.0,35.42967611020129,58.9246861473125,148.49676310689,25.92,3257.1588903576,39.0,35.9,15.6,70.25730896,0.266,78.9,pop_density;birth_rate;poverty_215_pct;under5_mortality;stunting_pct;health_exp_per_capita;physicians_per_1000;skilled_birth_attendance
GHA,2026,35736569.121732764,12536831.7745316,35.08124054054051,58.9246861473125,148.49676310689,25.92,3257.1588903576,39.0,35.9,15.6,70.25730896,0.266,78.9,population_total;population_0_14;urban_pct;pop_density;birth_rate;gdp_per_capita_usd;poverty_215_pct;under5_mortality;stunting_pct;health_exp_per_capita;physicians_per_1000;skilled_birth_attendance
GIN,2005,9245844.0,4189349.0,45.31061739739498,32.3962712159907,37.6275598241901,40.411,463.17768685098,44.0,137.0,35.2,19.66388702,0.102,38.0,poverty_215_pct
GIN,2006,9441171.0,4272595.0,45.254926534007275,32.6868093037822,38.422476802865,40.307,446.980554135013,44.0,133.1,35.5,16.15967941,0.10855555555555554,42.05,poverty_215_pct;physicians_per_1000;skilled_birth_attendance
GIN,2007,9662281.0,4357266.0,45.09562493576827,32.9740386596386,39.3223221552987,40.207,650.148575304743,44.0,129.7,35.7,22.64143372,0.11511111111111111,46.1,physicians_per_1000
GIN,2008,9898870.0,4443961.0,44.89361917067301,33.2571261188022,40.2851619729774,40.08,703.532825784369,39.46,126.9,35.5,22.97397041,0.12166666666666666,46.1,poverty_215_pct;physicians_per_1000
GIN,2009,10143534.0,4532796.0,44.686555987292,33.5352385165154,41.2808643985024,39.928,662.185914665575,34.92,124.4,35.3,23.71565628,0.1282222222222222,45.9,poverty_215_pct;physicians_per_1000;skilled_birth_attendance
GIN,2010,10396086.0,4624103.0,44.47926844776005,33.8075426880206,42.3086684030604,39.635,659.235326211315,30.38,122.2,34.8,22.59741783,0.13477777777777777,45.7,poverty_215_pct;physicians_per_1000;skilled_birth_attendance
GIN,2011,10656810.0,4715631.0,44.249930326242094,34.0732054685603,43.3697297737262,39.165,636.694958747648,25.84,120.3,34.2,24.12806129,0.14133333333333334,45.5,poverty_215_pct;physicians_per_1000;skilled_birth_attendance
GIN,2012,10921581.0,4805583.0,44.00079988419259,34.3313936933767,44.4472611102067,38.7,699.353377212197,21.3,118.4,33.6,23.70012856,0.1478888888888889,45.3,physicians_per_1000
GIN,2013,11191873.0,4898457.0,43.76798235648314,34.5812741977122,45.5472611102067,38.379,748.455020824734,19.7,116.6,33.0,25.90467834,0.15444444444444444,49.65,poverty_215_pct;physicians_per_1000;skilled_birth_attendance
GIN,2014,11472924.0,4995315.0,43.540033909402695,34.8177920826682,46.6910467198437,38.046,765.146999389279,18.1,115.4,32.5,36.63517761,0.161,54.0,poverty_215_pct;skilled_birth_attendance
GIN,2015,11767070.0,5094980.0,43.29862914047422,35.0373191833496,47.8881246947745,37.767,747.356966759448,16.5,113.7,31.9,43.41540527,0.083,58.35,poverty_215_pct;skilled_birth_attendance
GIN,2016,12073030.0,5199524.0,43.06726646086359,35.3100280761719,49.1332817841446,37.414,711.996509782316,14.899999999999999,111.4,31.2,38.42609406,0.081,62.7,poverty_215_pct
GIN,2017,12385659.0,5308298.0,42.858421986266535,35.5827331542969,50.4055795214065,36.891,833.598621691121,13.299999999999999,109.5,30.3,32.63646317,0.15000000000000002,59.0,poverty_215_pct;physicians_per_1000;skilled_birth_attendance
GIN,2018,12704774.0,5418076.0,42.645984887255764,35.8554382324219,51.7042731564382,36.329,933.273615633705,11.7,107.5,29.3,34.88978195,0.219,55.3,
GIN,2019,13034346.0,5527343.0,42.405986460693924,36.1281547546387,53.0455233599219,35.952,1031.34146480732,11.7,105.4,28.4,42.16910172,0.21675,55.3,poverty_215_pct;physicians_per_1000;skilled_birth_attendance
GIN,2020,13371183.0,5635246.0,42.14470776445136,36.4802208060551,54.4163397362852,35.518,1053.66097696415,11.7,102.9,27.6,41.1027565,0.2145,55.3,poverty_215_pct;physicians_per_1000;skilled_birth_attendance
GIN,2021,13710513.0,5740545.0,41.86965870642477,36.8502178436256,55.7973018069347,34.983,1244.96550477914,11.7,100.3,27.1,44.10476303,0.21225,55.3,poverty_215_pct;physicians_per_1000;skilled_birth_attendance
GIN,2022,14055137.0,5842683.0,41.56973354297436,37.2384967469106,57.1998087253785,34.381,1416.59612011764,11.7,97.6,26.8,53.2922287,0.21,55.3,poverty_215_pct;skilled_birth_attendance
GIN,2023,14405468.0,5941238.0,41.24293636277558,37.6454083954705,58.6255412664822,33.848,1555.49375806861,11.7,95.0,26.7,59.33010101,0.21,55.3,poverty_215_pct;physicians_per_1000;skilled_birth_attendance
GIN,2024,14754785.0,6034878.0,40.90115850552888,38.0713036688655,58.6255412664822,33.325,1694.95375862185,11.7,92.1,26.6,59.33010101,0.21,55.3,pop_density;poverty_215_pct;health_exp_per_capita;physicians_per_1000;skilled_birth_attendance
GIN,2025,15099727.0,6122693.0,40.54836885461572,38.5165334466562,58.6255412664822,33.325,1877.2541220972,11.7,92.1,26.6,59.33010101,0.21,55.3,pop_density;birth_rate;poverty_215_pct;under5_mortality;stunting_pct;health_exp_per_capita;physicians_per_1000;skilled_birth_attendance
GIN,2026,15471376.251757132,6225129.706063869,40.23643148977688,38.5165334466562,58.6255412664822,33.325,1877.2541220972,11.7,92.1,26.6,59.33010101,0.21,55.3,population_total;population_0_14;urban_pct;pop_density;birth_rate;gdp_per_capita_usd;poverty_215_pct;under5_mortality;stunting_pct;health_exp_per_capita;physicians_per_1000;skilled_birth_attendance
GMB,2005,1667037.0,764992.0,45.88932339234222,52.3582132660613,164.726976284585,39.686,616.483657865348,34.2,90.7,26.4,33.2039566,0.1,52.1,poverty_215_pct;skilled_birth_attendance
GMB,2006,1715275.0,782563.0,45.62317995656673,53.1603285370566,169.493577075099,39.884,614.544307904464,34.2,86.8,26.2,33.41355896,0.102,52.1,poverty_215_pct
GMB,2007,1765774.0,800763.0,45.349121688279475,53.9196109423854,174.483596837945,39.537,724.726407242432,34.2,83.0,25.8,35.91078568,0.09,53.1,poverty_215_pct;skilled_birth_attendance
GMB,2008,1817852.0,819191.0,45.063679551470635,54.6431233516671,179.629644268775,39.151,859.127671411226,34.2,79.4,25.4,40.0297699,0.096,54.1,poverty_215_pct;skilled_birth_attendance
GMB,2009,1871422.0,837882.0,44.772477827021376,55.3379286345209,184.923122529644,38.941,774.888030908091,34.2,76.0,24.7,34.59326172,0.096,55.1,poverty_215_pct;physicians_per_1000;skilled_birth_attendance
GMB,2010,1926630.0,857328.0,44.49883994332072,56.0110896605662,190.378458498024,38.872,801.033372714536,34.2,72.7,24.0,32.99832535,0.096,56.1,physicians_per_1000
GMB,2011,1983784.0,878169.0,44.26736983461909,56.6696692994225,196.026086956522,38.808,710.608411468152,30.78,69.7,23.2,31.05148888,0.096,56.46666666666667,poverty_215_pct;physicians_per_1000;skilled_birth_attendance
GMB,2012,2043094.0,900656.0,44.08294478863919,57.3207304207091,201.886758893281,38.814,692.579361628102,27.360000000000003,66.8,22.5,29.56409264,0.096,56.833333333333336,poverty_215_pct;physicians_per_1000;skilled_birth_attendance
GMB,2013,2103820.0,924012.0,43.920677624511605,57.970305611505,207.887351778656,38.097,653.862713272743,23.94,64.0,21.7,25.59075928,0.096,57.2,poverty_215_pct;physicians_per_1000
GMB,2014,2164528.0,946903.0,43.74639644301205,58.6141799655551,213.886166007905,36.907,568.00453558864,20.520000000000003,61.4,21.1,17.33743477,0.096,62.300000000000004,poverty_215_pct;physicians_per_1000;skilled_birth_attendance
GMB,2015,2224529.0,968803.0,43.550926960268896,59.2458499408388,219.815118577075,35.746,619.536364296461,17.1,58.9,20.3,19.67725563,0.096,67.4,skilled_birth_attendance
GMB,2016,2283769.0,989497.0,43.3273680481695,59.8652472486563,225.668873517787,34.593,650.056501323611,18.080000000000002,56.6,19.5,20.77086067,0.0975,72.5,poverty_215_pct;physicians_per_1000;skilled_birth_attendance
GMB,2017,2342189.0,1008732.0,43.06791638078737,60.471712657237,231.441600790514,33.451,642.522641296331,19.060000000000002,54.3,18.6,21.55331612,0.099,77.6,poverty_215_pct;skilled_birth_attendance
GMB,2018,2399632.0,1026209.0,42.76526567407002,61.0645869348107,237.117786561265,32.324,696.219806960615,20.04,52.3,17.6,22.17474365,0.124,82.7,poverty_215_pct
GMB,2019,2456844.0,1042306.0,42.424590246674185,61.643210849607,242.771146245059,31.921,738.186751987483,21.02,50.4,16.7,23.21861267,0.077,83.25,poverty_215_pct;skilled_birth_attendance
GMB,2020,2515733.0,1057717.0,42.0440881444891,62.2069251698555,248.590217391304,31.525,720.335143352133,22.0,48.6,15.9,28.9169693,0.078,83.8,
GMB,2021,2576010.0,1072238.0,41.62398437894263,62.7550706637859,254.546442687747,31.171,781.890925169531,22.0,47.0,15.2,29.77283478,0.104,83.8,poverty_215_pct;skilled_birth_attendance
GMB,2022,2636470.0,1085814.0,41.18438669888146,63.2869880996278,260.520750988142,30.771,836.244875868476,22.0,45.3,14.7,29.57811737,0.104,83.8,poverty_215_pct;skilled_birth_attendance
GMB,2023,2697845.0,1098855.0,40.730842579911005,63.8020182456108,266.5854743083,30.429,883.024111978927,22.0,43.8,14.4,25.74407768,0.09,83.8,poverty_215_pct;skilled_birth_attendance
GMB,2024,2759988.0,1110840.0,40.24800107826556,64.2994103409645,266.5854743083,29.857,871.340287547821,22.0,42.4,14.0,25.74407768,0.09,83.8,pop_density;poverty_215_pct;health_exp_per_capita;physicians_per_1000;skilled_birth_attendance
GMB,2025,2822093.0,1121027.0,39.723247958164386,64.9884861325581,266.5854743083,29.857,919.060423427951,22.0,42.4,14.0,25.74407768,0.09,83.8,pop_density;birth_rate;poverty_215_pct;under5_mortality;stunting_pct;health_exp_per_capita;physicians_per_1000;skilled_birth_attendance
GMB,2026,2887704.013592533,1134136.6639130558,39.27468530620283,64.9884861325581,266.5854743083,29.857,919.060423427951,22.0,42.4,14.0,25.74407768,0.09,83.8,population_total;population_0_14;urban_pct;pop_density;birth_rate;gdp_per_capita_usd;poverty_215_pct;under5_mortality;stunting_pct;health_exp_per_capita;physicians_per_1000;skilled_birth_attendance
GNB,2005,1381585.0,606029.0,43.864764021033814,38.3801443659997,49.1317567567568,40.571,463.073962650452,75.7,145.3,31.0,20.99864388,0.052,31.0,poverty_215_pct;physicians_per_1000;skilled_birth_attendance
GNB,2006,1415303.0,619217.0,43.751550021444174,38.6871193165452,50.3308321479374,40.253,448.513075469701,75.7,139.1,30.6,22.77665329,0.052,31.0,poverty_215_pct;physicians_per_1000
GNB,2007,1450986.0,633127.0,43.634259737861015,39.0030975009025,51.599786628734,40.016,519.069789794741,75.7,132.8,30.1,25.56799126,0.052,34.0,poverty_215_pct;physicians_per_1000;skilled_birth_attendance
GNB,2008,1488054.0,647295.0,43.49942945618909,39.3320535671181,52.9179943100996,39.348,640.210331101753,75.7,126.5,29.6,34.26661301,0.052,37.0,poverty_215_pct;skilled_birth_attendance
GNB,2009,1526377.0,661589.0,43.34374797314163,39.6716434222135,54.2808321479374,38.748,583.190020139094,75.7,120.2,29.2,26.88874054,0.081,40.0,poverty_215_pct;skilled_birth_attendance
GNB,2010,1566347.0,676314.0,43.17778882967823,40.0095596313477,55.702240398293,38.308,600.194298540768,75.7,114.3,28.7,29.23748016,0.07150000000000001,43.0,physicians_per_1000
GNB,2011,1608076.0,691709.0,43.01469582283424,40.4391136169434,57.1862019914651,38.019,719.539573498937,70.875,108.6,28.3,44.72909927,0.062,43.5,poverty_215_pct;skilled_birth_attendance
GNB,2012,1651417.0,707621.0,42.849322733143715,40.8686027526855,58.7274893314367,37.577,635.461653303881,66.05,103.6,28.0,37.75499725,0.096,44.0,poverty_215_pct;physicians_per_1000;skilled_birth_attendance
GNB,2013,1695973.0,723720.0,42.67284915502782,41.2976379394531,60.3119843527738,37.082,654.304534409417,61.225,99.1,27.9,46.05934143,0.13,44.5,poverty_215_pct;physicians_per_1000;skilled_birth_attendance
GNB,2014,1741122.0,739545.0,42.47519702812325,41.7271995544434,61.9175675675676,36.096,652.022501029449,56.400000000000006,95.2,27.8,64.99989319,0.164,45.0,poverty_215_pct;physicians_per_1000
GNB,2015,1786457.0,754669.0,42.243893919640946,42.1568145751953,63.5297652916074,35.199,645.066837207039,51.575,91.6,27.8,52.45866776,0.198,46.76,poverty_215_pct;skilled_birth_attendance
GNB,2016,1831893.0,769013.0,41.979143978387384,42.586109161377,65.1455547652916,34.217,679.665386626818,46.75,88.2,27.8,56.60805511,0.1,48.519999999999996,poverty_215_pct;skilled_birth_attendance
GNB,2017,1877072.0,782126.0,41.667341476512355,43.0155792236328,66.7522048364154,33.036,783.123186602022,41.925000000000004,85.1,27.7,54.8225174,0.2005,50.28,poverty_215_pct;physicians_per_1000;skilled_birth_attendance
GNB,2018,1922168.0,794027.0,41.308928251848954,43.4449081420898,68.3559032716927,32.374,808.531613218504,37.1,82.2,27.6,58.87445068,0.301,52.04,skilled_birth_attendance
GNB,2019,1967696.0,805357.0,40.928934144298715,43.8745574951172,69.9749644381223,31.848,811.210004050041,38.03333333333333,79.5,27.5,53.98390961,0.246,53.8,poverty_215_pct;physicians_per_1000
GNB,2020,2013255.0,816203.0,40.54146146414637,44.3038330078125,71.5951280227596,31.406,846.918134967613,38.96666666666667,76.7,27.4,67.88795471,0.191,53.8,poverty_215_pct;skilled_birth_attendance
GNB,2021,2058841.0,826460.0,40.14200222358113,44.7334136962891,73.2162517780939,30.969,926.54619187706,39.9,74.3,27.6,70.21189117,0.22,53.8,skilled_birth_attendance
GNB,2022,2105529.0,835995.0,39.704748782847446,45.1627159118652,74.8765647226174,30.458,881.602654162231,39.9,72.0,27.9,68.01049042,0.252,53.8,poverty_215_pct;skilled_birth_attendance
GNB,2023,2153339.0,845021.0,39.242358030946356,45.5923843383789,76.5767780938834,30.037,964.431832665395,39.9,69.7,28.1,82.13543701,0.252,53.8,poverty_215_pct;physicians_per_1000;skilled_birth_attendance
GNB,2024,2201352.0,853815.0,38.78593700598541,46.113204421822,76.5767780938834,29.56,998.376093392688,39.9,67.3,28.3,82.13543701,0.252,53.8,pop_density;poverty_215_pct;health_exp_per_capita;physicians_per_1000;skilled_birth_attendance
GNB,2025,2249515.0,862130.0,38.325150087907836,46.6510315281292,76.5767780938834,29.56,1123.76679992349,39.9,67.3,28.3,82.13543701,0.252,53.8,pop_density;birth_rate;poverty_215_pct;under5_mortality;stunting_pct;health_exp_per_capita;physicians_per_1000;skilled_birth_attendance
GNB,2026,2299995.1215393688,871620.9734339655,37.89664444377588,46.6510315281292,76.5767780938834,29.56,1123.76679992349,39.9,67.3,28.3,82.13543701,0.252,53.8,population_total;population_0_14;urban_pct;pop_density;birth_rate;gdp_per_capita_usd;poverty_215_pct;under5_mortality;stunting_pct;health_exp_per_capita;physicians_per_1000;skilled_birth_attendance
GNQ,2005,947367.0,374370.0,39.516892608672244,42.2814597171299,33.7742245989305,39.915,8673.9026086535,8.8,132.3,33.2,122.75533295,0.325,68.3,poverty_215_pct;physicians_per_1000;skilled_birth_attendance
GNQ,2006,990343.0,387922.0,39.170469221269805,43.9301279685204,35.3063458110517,39.682,10184.8841248541,8.8,127.4,32.3,143.95661926,0.325,68.3,poverty_215_pct;physicians_per_1000;skilled_birth_attendance
GNQ,2007,1036044.0,402966.0,38.89468014871955,45.8574549546013,36.935614973262,39.388,12616.9532942011,8.8,122.6,31.3,179.49963379,0.325,68.3,poverty_215_pct;physicians_per_1000;skilled_birth_attendance
GNQ,2008,1084530.0,419407.0,38.67177487022028,48.0444899085658,38.6641711229947,39.005,18210.5552970599,8.8,118.0,30.0,225.50572205,0.325,68.3,poverty_215_pct;physicians_per_1000;skilled_birth_attendance
GNQ,2009,1135673.0,437085.0,38.48687078058561,50.4722820636069,40.4874509803922,38.548,13232.5019378102,8.8,113.5,28.8,248.9617157,0.325,68.3,poverty_215_pct;physicians_per_1000;skilled_birth_attendance
GNQ,2010,1189085.0,455832.0,38.33468591395905,53.1218806529176,42.3916221033868,38.018,13720.1658723222,8.8,109.4,27.5,237.85783386,0.325,68.3,poverty_215_pct;physicians_per_1000;skilled_birth_attendance
GNQ,2011,1241835.0,475281.0,38.27247581200401,55.9743349096911,44.272192513369,37.495,17198.2136668275,8.8,105.6,26.2,265.38485718,0.325,68.3,poverty_215_pct;physicians_per_1000
GNQ,2012,1293483.0,495169.0,38.281832849755276,59.0106940671203,46.1134759358289,36.773,17308.5723924575,8.8,102.0,24.9,280.90136719,0.325,68.3,poverty_215_pct;physicians_per_1000;skilled_birth_attendance
GNQ,2013,1346218.0,515538.0,38.29528352763074,62.2120073583984,47.9935115864528,36.034,16304.0713196418,8.8,98.6,23.8,286.33657837,0.325,68.3,poverty_215_pct;physicians_per_1000;skilled_birth_attendance
GNQ,2014,1399828.0,536333.0,38.31420717402424,65.5593240167184,49.9047415329768,35.282,15548.6624656619,8.8,95.3,22.9,290.53604126,0.325,68.3,poverty_215_pct;physicians_per_1000;skilled_birth_attendance
GNQ,2015,1453923.0,557171.0,38.32190563049075,68.951270615355,51.8332620320856,34.531,9068.91003238645,8.8,92.1,22.1,222.81713867,0.325,68.3,poverty_215_pct;physicians_per_1000;skilled_birth_attendance
GNQ,2016,1508186.0,577731.0,38.306349482093054,69.253269853051,53.7677718360071,33.792,7453.19797948517,8.8,89.0,21.3,221.49227905,0.325,68.3,poverty_215_pct;physicians_per_1000;skilled_birth_attendance
GNQ,2017,1562396.0,597779.0,38.26040261239788,69.5516019132985,55.7003921568627,33.07,7809.10465655488,8.8,86.1,20.4,223.4354248,0.325,68.3,poverty_215_pct;skilled_birth_attendance
GNQ,2018,1616422.0,616814.0,38.159218322937946,69.8396623666175,57.6264527629233,32.4,8102.47084834031,8.8,83.2,19.5,240.49389648,0.2906,68.3,poverty_215_pct;physicians_per_1000;skilled_birth_attendance
GNQ,2019,1670177.0,634421.0,37.985255454960765,70.1175419547293,59.5428520499109,31.783,6804.14923073888,8.8,80.7,18.7,223.14128113,0.2562,68.3,poverty_215_pct;physicians_per_1000;skilled_birth_attendance
GNQ,2020,1716468.0,650458.0,37.895142816527894,70.3853314193247,61.1931550802139,31.351,5764.05502912947,8.8,77.9,18.0,213.59317017,0.2218,68.3,poverty_215_pct;physicians_per_1000;skilled_birth_attendance
GNQ,2021,1758786.0,665443.0,37.835359162513235,70.6431215020592,62.7018181818182,30.703,6945.63069794539,8.8,75.1,17.5,243.81242371,0.1874,68.3,poverty_215_pct;physicians_per_1000;skilled_birth_attendance
GNQ,2022,1803545.0,679542.0,37.6781283527719,70.8910029445467,64.297504456328,30.123,7589.29964909381,8.8,72.8,17.3,215.32841492,0.153,68.3,skilled_birth_attendance
GNQ,2023,1847549.0,692541.0,37.48431029434131,71.1290664883517,65.8662745098039,29.604,6788.35271638376,8.8,70.4,17.2,233.68379211,0.153,68.3,poverty_215_pct;physicians_per_1000;skilled_birth_attendance
GNQ,2024,1892516.0,705633.0,37.285444350272336,71.3574028749806,65.8662745098039,29.994,7003.58055684906,8.8,68.0,17.1,233.68379211,0.153,68.3,pop_density;poverty_215_pct;health_exp_per_capita;physicians_per_1000;skilled_birth_attendance
GNQ,2025,1938431.0,718897.0,37.08654060938976,71.5761028458697,65.8662745098039,29.994,6615.25245207167,8.8,68.0,17.1,233.68379211,0.153,68.3,pop_density;birth_rate;poverty_215_pct;under5_mortality;stunting_pct;health_exp_per_capita;physicians_per_1000;skilled_birth_attendance
GNQ,2026,1986155.6205213158,733425.7500231077,36.926902526933006,71.5761028458697,65.8662745098039,29.994,6615.25245207167,8.8,68.0,17.1,233.68379211,0.153,68.3,population_total;population_0_14;urban_pct;pop_density;birth_rate;gdp_per_capita_usd;poverty_215_pct;under5_mortality;stunting_pct;health_exp_per_capita;physicians_per_1000;skilled_birth_attendance
KEN,2005,35796484.0,15883084.0,44.3705141544069,27.2686745625048,62.8957444565485,38.783,523.456312433863,44.6,71.2,37.3,30.9943428,0.169,43.8,physicians_per_1000;skilled_birth_attendance
KEN,2006,36904008.0,16295567.0,44.156631984254936,28.9830768551925,64.8417050286397,38.492,699.80237063381,43.910000000000004,66.8,36.7,40.3040123,0.169,43.8,poverty_215_pct;physicians_per_1000;skilled_birth_attendance
KEN,2007,38036349.0,16736956.0,44.00253031646123,30.4153861196239,66.8312699862951,38.299,840.201439476765,43.22,62.9,35.7,49.44605255,0.169,43.8,poverty_215_pct;physicians_per_1000;skilled_birth_attendance
KEN,2008,39206351.0,17204314.0,43.88144665643584,31.4230276259143,68.8870067118811,37.851,915.54435473604,42.53,58.0,34.6,54.35681915,0.169,43.8,poverty_215_pct;skilled_birth_attendance
KEN,2009,40408891.0,17683860.0,43.76229973745134,31.8603086707305,70.9999139051903,37.169,1047.9678324485,41.84,55.2,33.3,55.455616,0.171,43.8,poverty_215_pct
KEN,2010,41598567.0,18147718.0,43.625824899208666,31.8713287706458,73.0902185753945,36.266,1091.51873101194,41.150000000000006,53.1,31.9,58.8164711,0.171,47.4,poverty_215_pct;skilled_birth_attendance
KEN,2011,42758461.0,18570221.0,43.43051776349013,31.8673949025409,75.1281951716625,35.009,1096.14499807675,40.46,51.7,30.4,57.02286911,0.177,51.0,poverty_215_pct;skilled_birth_attendance
KEN,2012,43888303.0,18946960.0,43.17086491131817,31.8558130142761,77.1133692940226,33.674,1285.00536171512,39.77,50.7,29.0,64.48231506,0.184,54.599999999999994,poverty_215_pct;skilled_birth_attendance
KEN,2013,44986791.0,19271904.0,42.83902801602364,31.8324454433988,79.043453280388,32.427,1370.87885214659,39.080000000000005,49.4,27.7,67.59809875,0.193,58.199999999999996,poverty_215_pct;skilled_birth_attendance
KEN,2014,46051440.0,19545801.0,42.44340893574663,31.7931545274563,80.9140808939804,31.542,1482.81566253497,38.39,48.3,26.5,72.84589386,0.199,61.8,poverty_215_pct
KEN,2015,47088526.0,19776680.0,41.99893621643625,31.7338026039958,82.4529008736797,30.908,1489.11959777284,37.7,46.8,25.4,70.94755554,0.18925,66.0,physicians_per_1000;skilled_birth_attendance
KEN,2016,48139687.0,19989341.0,41.52362062511956,31.6502520105647,84.0057771361452,30.202,1554.12610314423,39.04,45.5,24.3,73.88768005,0.1795,70.2,poverty_215_pct;physicians_per_1000
KEN,2017,49197766.0,20177776.0,41.013602121689836,31.5383650847102,85.5601194522199,29.602,1667.48447230835,40.38,44.7,23.1,66.46552277,0.16975,70.2,poverty_215_pct;physicians_per_1000;skilled_birth_attendance
KEN,2018,50207107.0,20310254.0,40.452946233289246,31.3940041639796,87.019449386981,29.037,1836.45275528993,41.72,43.7,22.0,75.27681732,0.16,70.2,poverty_215_pct;skilled_birth_attendance
KEN,2019,51202827.0,20413998.0,39.868888489301575,31.1895566421135,88.4453894988127,28.226,1960.40808854893,43.06,42.7,20.9,85.64528656,0.11699999999999999,70.2,poverty_215_pct;physicians_per_1000;skilled_birth_attendance
KEN,2020,52217334.0,20513146.0,39.28416950585796,31.2063494632616,89.8940686683206,27.782,1927.66459027849,44.4,42.1,20.0,86.5921936,0.074,70.2,skilled_birth_attendance
KEN,2021,53219166.0,20589148.0,38.687468345520486,31.2879334021971,91.6187594501618,27.611,2061.35622089594,46.4,41.3,19.2,94.20249176,0.098,70.2,skilled_birth_attendance
KEN,2022,54252461.0,20654588.0,38.0712462057712,31.4307820066946,93.3976149483117,27.342,2109.56288513137,45.5,40.5,18.7,91.18416595,0.236,70.2,skilled_birth_attendance
KEN,2023,55339003.0,20722869.0,37.4471310948627,31.6330340816429,95.2681371231706,27.106,1942.58802756191,45.5,39.6,18.2,84.958992,0.289,70.2,poverty_215_pct;skilled_birth_attendance
KEN,2024,56432944.0,20787672.0,36.836058030217245,31.8937831721599,95.2681371231706,26.968,2133.46193404026,45.5,38.8,17.9,84.958992,0.289,70.2,pop_density;poverty_215_pct;health_exp_per_capita;physicians_per_1000;skilled_birth_attendance
KEN,2025,57532493.0,20860012.0,36.25779261816449,32.2121192871745,95.2681371231706,26.968,2362.86091198611,45.5,38.8,17.9,84.958992,0.289,70.2,pop_density;birth_rate;poverty_215_pct;under5_mortality;stunting_pct;health_exp_per_capita;physicians_per_1000;skilled_birth_attendance
KEN,2026,58658762.01272731,20930085.887748998,35.68109037692911,32.2121192871745,95.2681371231706,26.968,2362.86091198611,45.5,38.8,17.9,84.958992,0.289,70.2,population_total;population_0_14;urban_pct;pop_density;birth_rate;gdp_per_capita_usd;poverty_215_pct;under5_mortality;stunting_pct;health_exp_per_capita;physicians_per_1000;skilled_birth_attendance
LBR,2005,3301015.0,1418828.0,42.98156779051292,45.8510093035277,34.2713351328904,40.619,287.487333441381,61.1,134.9,41.2,19.14579582,0.013,46.3,poverty_215_pct;physicians_per_1000;skilled_birth_attendance
LBR,2006,3490787.0,1503273.0,43.064013931528905,46.2322959899902,36.2415593853821,40.842,320.55808618515,61.1,126.5,40.5,18.34446335,0.013,46.3,poverty_215_pct;physicians_per_1000;skilled_birth_attendance
LBR,2007,3669050.0,1583458.0,43.15716602390265,46.6104850769043,38.0922965116279,40.397,374.211308104278,61.1,119.6,39.6,15.8568964,0.013,46.3,physicians_per_1000
LBR,2008,3821003.0,1648940.0,43.15463766974273,47.1080497871025,39.6698816445183,39.663,451.713856283285,56.9,114.0,38.6,26.30083656,0.013,48.766666666666666,poverty_215_pct;skilled_birth_attendance
LBR,2009,3943028.0,1699980.0,43.113566528059145,47.6245255922562,40.9367524916943,38.81,448.386367025545,52.7,109.5,37.6,40.21982574,0.023,51.233333333333334,poverty_215_pct;skilled_birth_attendance
LBR,2010,4058890.0,1748954.0,43.08946534643708,48.1407517057907,42.1396387043189,37.967,492.252808033724,48.5,105.7,36.5,40.8739624,0.022,53.7,poverty_215_pct;skilled_birth_attendance
LBR,2011,4221178.0,1801524.0,42.678228684030856,48.6583302770849,43.8245224252492,36.93,568.087865520004,44.3,102.4,35.5,47.58517075,0.0248,56.166666666666664,poverty_215_pct;physicians_per_1000;skilled_birth_attendance
LBR,2012,4373043.0,1853604.0,42.38705176235404,49.1773247639526,45.4011939368771,37.426,638.368751462083,40.1,99.5,34.6,46.67208862,0.0276,58.63333333333333,poverty_215_pct;physicians_per_1000;skilled_birth_attendance
LBR,2013,4470239.0,1898811.0,42.4767221618352,49.6977986242077,46.4102886212625,36.234,710.744570927863,35.9,97.0,33.6,48.72935104,0.030399999999999996,61.1,poverty_215_pct;physicians_per_1000
LBR,2014,4564293.0,1939160.0,42.485440790063215,50.2198153156642,47.3867628737542,35.221,706.714490064507,31.7,97.0,32.7,54.82420349,0.03319999999999999,64.42857142857143,physicians_per_1000;skilled_birth_attendance
LBR,2015,4659431.0,1975562.0,42.39921140585621,50.7434382961363,48.3744912790698,34.343,692.590082351257,32.65,93.2,32.2,68.89793396,0.036,67.75714285714287,poverty_215_pct;skilled_birth_attendance
LBR,2016,4755608.0,2010030.0,42.26651986454729,51.2687310234384,49.3730066445183,33.926,714.613063145659,33.6,91.5,31.3,67.68016052,0.049,71.08571428571429,skilled_birth_attendance
LBR,2017,4848925.0,2043035.0,42.13377191851802,51.7957569553849,50.3418293189369,33.384,699.269095727404,33.6,90.3,30.4,67.8789978,0.051,74.41428571428571,poverty_215_pct;skilled_birth_attendance
LBR,2018,4944726.0,2074640.0,41.956622065610915,52.3245795497906,51.3364410299003,32.955,692.203127129794,33.6,89.4,29.4,68.88298798,0.14,77.74285714285715,poverty_215_pct;skilled_birth_attendance
LBR,2019,5043721.0,2104096.0,41.71713701055233,52.85526226447,52.3642130398671,32.431,658.164180770507,33.6,88.7,28.4,51.1932373,0.145,81.07142857142858,poverty_215_pct;skilled_birth_attendance
LBR,2020,5149463.0,2130681.0,41.37676103314074,53.3878685572381,53.462032807309,31.923,616.787867006715,33.6,88.3,27.3,76.11009979,0.151,84.4,poverty_215_pct
LBR,2021,5259323.0,2154008.0,40.95599376573753,53.9224618859098,54.60260589701,31.524,667.96610514319,33.6,88.0,26.8,88.54867554,0.169,84.4,poverty_215_pct;skilled_birth_attendance
LBR,2022,5373294.0,2175330.0,40.48410528067141,54.4591057083,55.7858596345515,31.189,744.617175237387,33.6,87.8,26.7,100.49607086,0.178,84.4,poverty_215_pct;skilled_birth_attendance
LBR,2023,5493031.0,2197035.0,39.99677045332531,54.997863482224,57.0289763289037,30.96,799.194470229642,33.6,87.3,26.6,103.94123077,0.178,84.4,poverty_215_pct;physicians_per_1000;skilled_birth_attendance
LBR,2024,5612817.0,2218724.0,39.529598061009295,55.5387986654968,57.0289763289037,30.577,851.497723870206,33.6,86.4,26.9,103.94123077,0.178,84.4,pop_density;poverty_215_pct;health_exp_per_capita;physicians_per_1000;skilled_birth_attendance
LBR,2025,5731206.0,2239776.0,39.080361096774396,56.0819747159338,57.0289763289037,30.577,915.328972645548,33.6,86.4,26.9,103.94123077,0.178,84.4,pop_density;birth_rate;poverty_215_pct;under5_mortality;stunting_pct;health_exp_per_capita;physicians_per_1000;skilled_birth_attendance
LBR,2026,5855214.830995146,2262256.3578462778,38.636607249161976,56.0819747159338,57.0289763289037,30.577,915.328972645548,33.6,86.4,26.9,103.94123077,0.178,84.4,population_total;population_0_14;urban_pct;pop_density;birth_rate;gdp_per_capita_usd;poverty_215_pct;under5_mortality;stunting_pct;health_exp_per_capita;physicians_per_1000;skilled_birth_attendance
LBY,2005,5858798.0,1824486.0,31.140960995753737,88.135773324416,3.32973277106516,23.903,8079.24957329001,5.9,23.1,27.2,209.878479,1.79,98.3,poverty_215_pct;physicians_per_1000;skilled_birth_attendance
LBY,2006,5980211.0,1849903.0,30.93374130110125,88.1599560242948,3.39873546495107,23.931,10048.8480434289,5.34,21.7,28.3,231.11968994,1.79,98.3,poverty_215_pct;physicians_per_1000;skilled_birth_attendance
LBY,2007,6104380.0,1867828.0,30.598160664965157,88.1560287475586,3.46930447730657,23.712,11144.9448413435,4.78,20.2,28.9,269.63085938,1.79,98.3,poverty_215_pct;physicians_per_1000
LBY,2008,6235430.0,1889696.0,30.305784845632136,88.1474456787109,3.54378417086284,23.437,13906.1407818125,4.220000000000001,18.8,29.0,312.11196899,1.79,99.8,poverty_215_pct
LBY,2009,6366686.0,1914449.0,30.069788269752898,88.1345825195312,3.61838094047308,23.155,9551.05403869755,3.66,17.6,28.6,342.20449829,1.886,99.85,poverty_215_pct;skilled_birth_attendance
LBY,2010,6497839.0,1943813.0,29.914760892044264,88.1177139282227,3.69291917205633,23.545,11600.9068649472,3.1,16.6,27.7,380.58596802,1.9162,99.9,poverty_215_pct;physicians_per_1000
LBY,2011,6343203.0,1946791.0,30.69097741314601,88.0970458984375,3.60503483865101,24.905,7593.8391525702,2.62,19.6,26.8,305.20037842,1.9464,99.9,poverty_215_pct;physicians_per_1000
LBY,2012,6179328.0,1946282.0,31.49666112561107,88.0727920532227,3.51189970105823,22.587,14975.8902795144,2.1399999999999997,15.0,25.8,592.46356201,1.9766,99.9,poverty_215_pct;physicians_per_1000
LBY,2013,6304628.0,1973601.0,31.304003979299015,88.0451431274414,3.58311149504984,22.54,11951.7134126011,1.6599999999999997,14.4,24.5,594.65338135,2.0068,99.9,poverty_215_pct;physicians_per_1000
LBY,2014,6427252.0,2001606.0,31.142485155397672,88.0142059326172,3.65280243700058,22.623,8926.42074591474,1.2,13.8,23.1,462.19216919,2.037,99.9,poverty_215_pct;skilled_birth_attendance
LBY,2015,6531819.0,2026539.0,31.02564538300893,87.8159103393555,3.71223103765757,21.921,7458.48917756374,1.2,13.3,21.8,433.06808472,1.861,99.9,poverty_215_pct;skilled_birth_attendance
LBY,2016,6632126.0,2046967.0,30.864416628996494,87.8160056703177,3.76923855098492,21.252,7525.80299308216,2.15,12.8,20.4,464.47531128,1.9514999999999998,99.9,poverty_215_pct;physicians_per_1000;skilled_birth_attendance
LBY,2017,6738770.0,2062806.0,30.61101655049809,87.8166729870528,3.8298475737977,20.511,9965.83236729757,3.1,12.4,18.4,466.08538818,2.042,99.9,poverty_215_pct;skilled_birth_attendance
LBY,2018,6849055.0,2073192.0,30.26975254250404,87.818484275334,3.89252588744786,19.844,11196.5854810844,2.55,11.9,16.7,544.88079834,2.042,99.9,poverty_215_pct;physicians_per_1000;skilled_birth_attendance
LBY,2019,6951033.0,2077178.0,29.88301163294722,87.8220115209342,3.95048308080521,19.241,9963.19489084483,2.0,11.6,15.0,552.73168945,2.042,99.9,poverty_215_pct;physicians_per_1000;skilled_birth_attendance
LBY,2020,7045399.0,2075772.0,29.46280260351472,87.8278267096263,4.00411414346932,18.737,6650.33810585348,1.7,11.2,13.3,472.62240601,2.042,99.9,poverty_215_pct;physicians_per_1000;skilled_birth_attendance
LBY,2021,7135175.0,2069873.0,29.009421632966255,87.8365018271835,4.05513656978528,18.176,4935.82787349801,1.4,10.8,11.9,298.84338379,2.042,99.9,poverty_215_pct;physicians_per_1000;skilled_birth_attendance
LBY,2022,7223805.0,2059522.0,28.51021033928795,87.8486088593786,4.10550768950976,17.537,5986.63694851258,1.4,10.4,10.8,284.0262146,2.042,99.9,poverty_215_pct;physicians_per_1000;skilled_birth_attendance
LBY,2023,7305659.0,2042749.0,27.961187348054434,87.8647197919848,4.15202780272117,17.024,6026.51518708812,1.4,31.7,10.0,470.4034729,2.042,99.9,poverty_215_pct;physicians_per_1000;skilled_birth_attendance
LBY,2024,7381023.0,2023318.0,27.4124332087842,87.8854066107749,4.15202780272117,16.495,6569.16408678648,1.4,9.8,9.2,470.4034729,2.042,99.9,pop_density;poverty_215_pct;health_exp_per_capita;physicians_per_1000;skilled_birth_attendance
LBY,2025,7458555.0,2002414.0,26.847211021437797,87.9112413015221,4.15202780272117,16.495,6448.82415074121,1.4,9.8,9.2,470.4034729,2.042,99.9,pop_density;birth_rate;poverty_215_pct;under5_mortality;stunting_pct;health_exp_per_capita;physicians_per_1000;skilled_birth_attendance
LBY,2026,7544049.289661499,1988056.476888975,26.352644323433086,87.9112413015221,4.15202780272117,16.495,6448.82415074121,1.4,9.8,9.2,470.4034729,2.042,99.9,population_total;population_0_14;urban_pct;pop_density;birth_rate;gdp_per_capita_usd;poverty_215_pct;under5_mortality;stunting_pct;health_exp_per_capita;physicians_per_1000;skilled_birth_attendance
LSO,2005,1953076.0,730166.0,37.385437125846614,22.5317981562788,64.3305665349144,28.561,861.381496414995,41.9,114.6,41.8,41.66717911,0.069,55.4,poverty_215_pct;physicians_per_1000
LSO,2006,1945063.0,721088.0,37.07273234851519,23.3329886243114,64.0666337285902,28.627,925.467485502842,41.9,114.7,41.6,49.67809296,0.069,56.925,poverty_215_pct;physicians_per_1000;skilled_birth_attendance
LSO,2007,1953268.0,719177.0,36.81916664789471,24.2187949905661,64.3368906455863,29.484,861.188420899563,41.9,111.9,41.2,65.80387878,0.069,58.45,poverty_215_pct;physicians_per_1000;skilled_birth_attendance
LSO,2008,1966541.0,721199.0,36.67347896636785,25.1966303659683,64.7740777338603,29.642,898.482517882593,41.9,111.6,40.5,69.06710052,0.069,59.975,poverty_215_pct;physicians_per_1000;skilled_birth_attendance
LSO,2009,1980883.0,724922.0,36.595901928584375,26.2591028264855,65.2464756258235,29.354,878.847950537772,41.9,99.1,39.8,80.82315063,0.069,61.5,poverty_215_pct;physicians_per_1000
LSO,2010,1996251.0,729462.0,36.54159722399638,27.4004815007995,65.7526679841897,29.163,1119.47557793042,41.9,90.9,39.1,85.87903595,0.069,64.78,poverty_215_pct;skilled_birth_attendance
LSO,2011,2014009.0,735514.0,36.519896385765904,28.6150355175921,66.337582345191,30.209,1280.73390931581,41.9,85.2,38.3,117.67031097,0.11750000000000001,68.06,poverty_215_pct;physicians_per_1000;skilled_birth_attendance
LSO,2012,2034354.0,742892.0,36.517341622942716,29.8970340055453,67.0077075098814,30.027,1217.93071228944,41.9,81.4,37.5,125.37831116,0.166,71.34,poverty_215_pct;physicians_per_1000;skilled_birth_attendance
LSO,2013,2056504.0,751322.0,36.53394304120002,31.2407460933407,67.7372859025033,29.988,1151.03735837227,41.9,79.3,36.7,131.35578918,0.21450000000000002,74.62,poverty_215_pct;physicians_per_1000;skilled_birth_attendance
LSO,2014,2080089.0,760997.0,36.58482882222828,32.6404409096604,68.5141304347826,29.5,1173.5377928819,41.9,77.6,36.0,121.21549988,0.263,77.9,poverty_215_pct;physicians_per_1000
LSO,2015,2104611.0,770859.0,36.627148674980795,34.0903875831861,69.321837944664,29.178,1121.19851342518,41.9,75.1,35.3,104.59999847,0.3115,80.075,poverty_215_pct;physicians_per_1000;skilled_birth_attendance
LSO,2016,2130422.0,780011.0,36.61298090237521,35.5077950709441,70.1720026350461,28.932,992.491840678465,41.9,71.4,34.6,91.0127182,0.36000000000000004,82.25,poverty_215_pct;physicians_per_1000;skilled_birth_attendance
LSO,2017,2157110.0,787218.0,36.4941055393559,36.5283648068846,71.0510540184453,28.241,1069.36673247542,41.9,70.1,34.2,115.43321228,0.40850000000000003,84.425,physicians_per_1000;skilled_birth_attendance
LSO,2018,2183603.0,792468.0,36.291761826669045,37.569092747415,71.9236824769433,27.361,1170.65569702819,41.9,68.8,33.7,130.93614197,0.457,86.6,poverty_215_pct
LSO,2019,2209405.0,796970.0,36.0717025624546,38.6040920446259,72.7735507246377,26.44,1082.05706777516,41.9,68.1,33.6,235.94372559,0.4015,86.6,poverty_215_pct;physicians_per_1000;skilled_birth_attendance
LSO,2020,2235727.0,801334.0,35.8422115043563,39.6329305425532,73.6405467720685,25.628,918.582574704447,41.9,66.3,33.4,96.84536743,0.346,86.6,poverty_215_pct;physicians_per_1000;skilled_birth_attendance
LSO,2021,2261542.0,805043.0,35.59708375966487,40.6551760851997,74.4908432147563,24.896,1066.58645143823,41.9,64.0,33.6,115.81448364,0.2905,86.6,poverty_215_pct;physicians_per_1000;skilled_birth_attendance
LSO,2022,2286110.0,806922.0,35.29672675418068,41.6703965165322,75.3000658761528,24.392,1030.12582947757,41.9,62.0,34.1,133.32562256,0.235,86.6,poverty_215_pct;skilled_birth_attendance
LSO,2023,2311472.0,807250.0,34.92363307883461,42.6781596804785,76.135441370224,24.109,921.435141557056,41.9,61.3,34.4,122.63982391,0.235,86.6,poverty_215_pct;physicians_per_1000;skilled_birth_attendance
LSO,2024,2337423.0,806862.0,34.5192975340792,43.6780334209246,76.135441370224,23.762,1023.04227681523,41.9,60.0,35.0,122.63982391,0.235,86.6,pop_density;poverty_215_pct;health_exp_per_capita;physicians_per_1000;skilled_birth_attendance
LSO,2025,2363325.0,805943.0,34.10208075486867,44.6695855817109,76.135441370224,23.762,1088.96276223185,41.9,60.0,35.0,122.63982391,0.235,86.6,pop_density;birth_rate;poverty_215_pct;under5_mortality;stunting_pct;health_exp_per_capita;physicians_per_1000;skilled_birth_attendance
LSO,2026,2389705.5080656027,806867.9762610712,33.76432675648839,44.6695855817109,76.135441370224,23.762,1088.96276223185,41.9,60.0,35.0,122.63982391,0.235,86.6,population_total;population_0_14;urban_pct;pop_density;birth_rate;gdp_per_capita_usd;poverty_215_pct;under5_mortality;stunting_pct;health_exp_per_capita;physicians_per_1000;skilled_birth_attendance
MAR,2005,30358144.0,9484752.0,31.242858588456528,55.4397798676399,68.0218328478602,21.818,2242.98828125,9.4,41.4,20.5,97.19748688,0.586,74.1,poverty_215_pct;physicians_per_1000;skilled_birth_attendance
MAR,2006,30771178.0,9447219.0,30.701518804382463,55.9627589629824,68.9472955411158,21.858,2438.12646484375,9.4,39.2,19.6,110.22368622,0.586,74.1,physicians_per_1000;skilled_birth_attendance
MAR,2007,31186468.0,9425668.0,30.223582869339356,56.5303841299064,69.8778131301815,21.922,2755.5859375,8.585714285714285,36.9,18.8,131.86448669,0.586,74.1,poverty_215_pct;skilled_birth_attendance
MAR,2008,31606767.0,9423230.0,29.813963573053833,57.1254169272616,70.8195541115841,21.859,3183.20043945313,7.771428571428572,34.8,18.0,153.23677063,0.616,74.1,poverty_215_pct;physicians_per_1000;skilled_birth_attendance
MAR,2009,32030778.0,9441264.0,29.475599999475506,57.7306189138977,71.7696123683621,21.913,3119.58862304688,6.957142857142857,32.8,17.3,165.50694275,0.646,74.1,poverty_215_pct;skilled_birth_attendance
MAR,2010,32467016.0,9481931.0,29.20481204678619,58.3287516486646,72.7470669952946,21.871,3067.9853515625,6.142857142857143,30.9,16.6,168.36595154,0.64225,74.1,poverty_215_pct;physicians_per_1000
MAR,2011,32912588.0,9536739.0,28.975962024013427,58.902576690412,73.745435805512,21.506,3301.98876953125,5.328571428571429,29.2,16.1,179.00019836,0.6385000000000001,73.6,poverty_215_pct;physicians_per_1000
MAR,2012,33355241.0,9589228.0,28.74878943312087,59.4348555979895,74.7372641720816,20.978,3164.17724609375,4.514285714285714,27.5,15.6,172.04353333,0.63475,75.45714285714286,poverty_215_pct;physicians_per_1000;skilled_birth_attendance
MAR,2013,33787571.0,9633491.0,28.51193712622905,59.9083499302469,75.7059623571589,20.341,3379.7431640625,3.7,26.0,15.3,179.81974792,0.631,77.3142857142857,skilled_birth_attendance
MAR,2014,34204780.0,9674756.0,28.284806977270428,60.3030486171654,76.6407797445664,19.787,3435.40698242188,3.7,24.5,15.1,188.6415863,0.913,79.17142857142856,poverty_215_pct;skilled_birth_attendance
MAR,2015,34607588.0,9713362.0,28.06714527461434,60.6417124737154,77.5433295989245,19.488,3146.24780273438,3.7,23.1,14.9,162.85198975,0.8533333333333334,81.02857142857142,poverty_215_pct;physicians_per_1000;skilled_birth_attendance
MAR,2016,35023457.0,9751243.0,27.84203455415609,60.9657656537179,78.4751445216222,19.224,3140.85546875,3.7,21.9,14.6,162.21507263,0.7936666666666666,82.88571428571429,poverty_215_pct;physicians_per_1000;skilled_birth_attendance
MAR,2017,35446392.0,9792982.0,27.62758477647034,61.2761057031842,79.4227918440511,18.918,3296.52661132813,3.7,20.8,14.4,166.8500061,0.734,84.74285714285713,poverty_215_pct;skilled_birth_attendance
MAR,2018,35839760.0,9831933.0,27.4330324756639,61.5695822753314,80.3041900067219,18.573,3501.69799804688,3.7,19.9,14.1,175.70518494,0.7355,86.6,poverty_215_pct;physicians_per_1000
MAR,2019,36210898.0,9860804.0,27.231591992001967,61.8430450233765,81.1357786242438,18.258,3508.09765625,3.7,19.1,13.8,178.73939514,0.737,86.6,poverty_215_pct;physicians_per_1000;skilled_birth_attendance
MAR,2020,36584208.0,9877421.0,26.999138535403034,62.0933436005366,81.9722339233699,17.85,3268.0302734375,3.7,18.3,13.6,192.04043579,0.7384999999999999,86.6,poverty_215_pct;physicians_per_1000;skilled_birth_attendance
MAR,2021,36954442.0,9876936.0,26.72733091193746,62.3173276600289,82.8017969975353,17.458,3785.93627929688,3.7,17.6,13.5,209.57344055,0.74,86.6,poverty_215_pct;skilled_birth_attendance
MAR,2022,37329064.0,9856478.0,26.404299877435985,62.5118468550703,83.6411920233027,17.035,3463.1376953125,3.7,17.0,13.5,201.81098938,0.74,86.6,poverty_215_pct;physicians_per_1000;skilled_birth_attendance
MAR,2023,37712505.0,9818525.0,26.035197078528725,62.673750838878,84.5003473000224,16.701,3813.72607421875,3.7,16.3,13.6,232.24751282,0.74,86.6,poverty_215_pct;physicians_per_1000;skilled_birth_attendance
MAR,2024,38081173.0,9761312.0,25.632907893882365,62.7998124018197,84.5003473000224,16.402,4153.1943359375,3.7,15.7,13.7,232.24751282,0.74,86.6,pop_density;poverty_215_pct;health_exp_per_capita;physicians_per_1000;skilled_birth_attendance
MAR,2025,38430770.0,9684352.0,25.19947427543086,63.1278612260269,84.5003473000224,16.402,4672.46826171875,3.7,15.7,13.7,232.24751282,0.74,86.6,pop_density;birth_rate;poverty_215_pct;under5_mortality;stunting_pct;health_exp_per_capita;physicians_per_1000;skilled_birth_attendance
MAR,2026,38811119.653960556,9646193.440236187,24.85420035866402,63.1278612260269,84.5003473000224,16.402,4672.46826171875,3.7,15.7,13.7,232.24751282,0.74,86.6,population_total;population_0_14;urban_pct;pop_density;birth_rate;gdp_per_capita_usd;poverty_215_pct;under5_mortality;stunting_pct;health_exp_per_capita;physicians_per_1000;skilled_birth_attendance
MDG,2005,19159707.0,8656646.0,45.18151556284238,26.4743019495822,32.946498951061,38.446,305.812074924388,55.3,84.1,54.3,15.9498682,0.172,43.9,skilled_birth_attendance
MDG,2006,19730909.0,8878135.0,44.99607696736121,26.7586741989468,33.9287220139629,38.007,324.146874882604,57.3,80.8,53.7,16.44085503,0.163,43.9,poverty_215_pct;skilled_birth_attendance
MDG,2007,20318583.0,9100283.0,44.78798053978469,27.0400195163682,34.9392698696564,37.754,419.548001431865,59.3,77.6,52.9,19.33553123,0.173,43.9,poverty_215_pct;skilled_birth_attendance
MDG,2008,20923840.0,9323636.0,44.5598704635478,27.31826536364,35.9800529628229,37.537,512.579800058444,61.3,74.8,52.0,20.91898537,0.178,43.9,poverty_215_pct;skilled_birth_attendance
MDG,2009,21547280.0,9546984.0,44.30714224718851,27.5933392025561,37.0521030367644,37.396,446.315238370592,63.3,72.4,51.0,19.56957817,0.173,43.9,poverty_215_pct
MDG,2010,22183340.0,9764089.0,44.01541427034883,27.8651684949103,38.1458541114971,36.746,450.009391645726,65.3,70.3,50.1,21.13975906,0.186,44.0,skilled_birth_attendance
MDG,2011,22822300.0,9964756.0,43.662365318131826,28.1336807024963,39.2273910913638,35.751,506.163691559309,66.3,68.6,49.2,22.88667488,0.137,44.099999999999994,poverty_215_pct;skilled_birth_attendance
MDG,2012,23462438.0,10148778.0,43.25542810171731,28.3988032871081,40.327672118186,35.061,493.511162904211,67.3,67.3,48.2,19.30151749,0.136,44.199999999999996,skilled_birth_attendance
MDG,2013,24109290.0,10323803.0,42.82085038588859,28.6604637105393,41.4391371605363,34.672,515.301589361832,67.5111111111111,66.4,47.4,19.33186913,0.146,44.3,poverty_215_pct
MDG,2014,24764348.0,10496491.0,42.38549304831284,28.9185894345838,42.5650532829151,34.18,505.684922503435,67.72222222222221,65.7,46.5,22.56570244,0.173,44.66,poverty_215_pct;skilled_birth_attendance
MDG,2015,25426702.0,10671967.0,41.971495162841016,29.1731079210354,43.7035097971812,33.771,445.320069480568,67.93333333333334,65.3,45.6,22.29386139,0.1785,45.019999999999996,poverty_215_pct;physicians_per_1000;skilled_birth_attendance
MDG,2016,26099952.0,10854415.0,41.58787341831127,29.4239466316878,44.8606943966999,33.613,453.970714522463,68.14444444444445,64.9,44.6,24.20793915,0.184,45.38,poverty_215_pct;physicians_per_1000;skilled_birth_attendance
MDG,2017,26788375.0,11047771.0,41.24091513576318,29.671033028335,46.0439584049502,33.592,491.866848718929,68.35555555555555,64.9,43.5,23.62072182,0.1895,45.74,poverty_215_pct;physicians_per_1000;skilled_birth_attendance
MDG,2018,27494926.0,11254304.0,40.93229419857322,29.9181125346909,47.2583808869027,33.651,500.45718552916,68.56666666666666,64.9,42.3,21.12731934,0.195,46.1,poverty_215_pct
MDG,2019,28219554.0,11471539.0,40.65102871576213,30.3046972370204,48.5038741835682,33.594,499.818837622534,68.77777777777779,65.0,41.1,15.50084877,0.18925,46.0,poverty_215_pct;physicians_per_1000;skilled_birth_attendance
MDG,2020,28953556.0,11694094.0,40.38914598262127,30.7019474167548,49.7654795462358,33.31,450.771615205157,68.9888888888889,65.1,40.0,16.78295326,0.1835,45.9,poverty_215_pct;physicians_per_1000;skilled_birth_attendance
MDG,2021,29691083.0,11916486.0,40.134898413776284,31.1137123216036,51.0331436919904,32.911,483.469463351195,69.2,65.0,39.3,17.17938805,0.17775,45.8,physicians_per_1000
MDG,2022,30437261.0,12134160.0,39.86613644374899,31.5397813465886,52.3156772086628,32.498,504.059106969168,69.2,64.5,39.0,15.85809231,0.172,45.8,poverty_215_pct;skilled_birth_attendance
MDG,2023,31195932.0,12344896.0,39.57213395644022,31.9799438860946,53.6196837401169,32.095,514.064076551927,69.2,63.6,38.6,17.44003487,0.172,45.8,poverty_215_pct;physicians_per_1000;skilled_birth_attendance
MDG,2024,31964956.0,12548437.0,39.25685679029247,32.4339893339844,53.6196837401169,31.714,550.37875528856,69.2,62.4,38.4,17.44003487,0.172,45.8,pop_density;poverty_215_pct;health_exp_per_capita;physicians_per_1000;skilled_birth_attendance
MDG,2025,32740678.0,12748454.0,38.93766036243965,32.9017070836898,53.6196837401169,31.714,599.265294255357,69.2,62.4,38.4,17.44003487,0.172,45.8,pop_density;birth_rate;poverty_215_pct;under5_mortality;stunting_pct;health_exp_per_capita;physicians_per_1000;skilled_birth_attendance
MDG,2026,33555585.4395599,12970469.876410147,38.65368375042204,32.9017070836898,53.6196837401169,31.714,599.265294255357,69.2,62.4,38.4,17.44003487,0.172,45.8,population_total;population_0_14;urban_pct;pop_density;birth_rate;gdp_per_capita_usd;poverty_215_pct;under5_mortality;stunting_pct;health_exp_per_capita;physicians_per_1000;skilled_birth_attendance
MLI,2005,13538647.0,6286994.0,46.4373877241943,20.8706715422205,11.0955236479565,47.891,548.730382848879,64.0,160.1,36.5,23.97353554,0.06,49.0,poverty_215_pct;skilled_birth_attendance
MLI,2006,13990139.0,6510860.0,46.53892287989419,21.2987608960246,11.4655414320721,47.602,586.985415512593,64.0,154.6,35.6,26.93190002,0.057,49.0,
MLI,2007,14457775.0,6744531.0,46.64985449005812,21.7398043631622,11.8487899425499,47.394,670.853394978069,63.766666666666666,149.2,34.5,29.63545799,0.06,43.775,poverty_215_pct;skilled_birth_attendance
MLI,2008,14940782.0,6989852.0,46.7837091793455,22.1922849560871,12.2446356714938,47.203,767.194838946144,63.53333333333333,144.0,33.4,33.21391678,0.063,38.55,poverty_215_pct;skilled_birth_attendance
MLI,2009,15435539.0,7245906.0,46.94300600711125,22.6557955217884,12.6501110482794,47.015,787.48256428259,63.3,138.9,32.3,34.64731598,0.116,33.325,skilled_birth_attendance
MLI,2010,15945198.0,7515217.0,47.13153765792058,23.1359461824894,13.0677992771618,46.892,797.151541141189,59.53333333333333,133.8,31.1,31.36436844,0.096,28.1,poverty_215_pct
MLI,2011,16469049.0,7795949.0,47.336971309029444,23.6379674039304,13.497118481548,46.477,938.292902579598,55.766666666666666,128.8,30.1,31.67968369,0.111,38.266666666666666,poverty_215_pct;skilled_birth_attendance
MLI,2012,16957033.0,8077213.0,47.633409689065296,24.1606168848588,13.8970430834542,46.279,872.506092463946,52.0,123.9,29.2,27.53120613,0.101,48.43333333333334,poverty_215_pct;skilled_birth_attendance
MLI,2013,17459615.0,8358826.0,47.87520228825206,24.7033626854883,14.3089313959301,45.461,901.920957649814,48.233333333333334,119.1,28.5,30.06661987,0.113,58.6,poverty_215_pct
MLI,2014,18020267.0,8641606.0,47.954927637864635,25.2656728660325,14.7684106573566,44.983,947.915033293219,44.46666666666667,114.4,27.8,35.7261734,0.097,51.150000000000006,poverty_215_pct;skilled_birth_attendance
MLI,2015,18593022.0,8922944.0,47.99082150281971,25.847015486705,15.2378088658324,44.474,838.11986940103,40.699999999999996,109.7,27.2,28.97842216,0.094,43.7,poverty_215_pct
MLI,2016,19191289.0,9205542.0,47.9672939113157,26.4468586077195,15.7281152935199,43.911,872.468587171653,36.93333333333333,105.1,26.4,27.58086205,0.117,51.56666666666667,poverty_215_pct;skilled_birth_attendance
MLI,2017,19813011.0,9488312.0,47.88929860282216,27.0646702892896,16.2376441373884,43.444,924.057531692284,33.166666666666664,100.6,25.7,28.49467659,0.113,59.43333333333333,poverty_215_pct;skilled_birth_attendance
MLI,2018,20442030.0,9765029.0,47.769370263129446,27.6999185916288,16.7531531974529,42.585,996.379292136901,29.4,96.2,24.9,31.16962242,0.12,67.3,
MLI,2019,21068405.0,10024540.0,47.58091559375283,28.3520715749509,17.2664953818668,41.139,971.949318638092,31.633333333333333,91.9,24.2,31.4089489,0.13774999999999998,67.3,poverty_215_pct;physicians_per_1000;skilled_birth_attendance
MLI,2020,21713836.0,10274845.0,47.31934514012172,29.0205972994693,17.7954548062187,40.959,953.242943290974,33.86666666666667,87.6,23.6,28.20211601,0.1555,67.3,poverty_215_pct;physicians_per_1000;skilled_birth_attendance
MLI,2021,22388630.0,10529967.0,47.03265452151382,29.7049638253978,18.348478515641,40.707,1027.27345365357,36.1,83.6,23.3,30.55883217,0.17325000000000002,67.3,physicians_per_1000;skilled_birth_attendance
MLI,2022,23072640.0,10786476.0,46.75007281351419,30.4015705681899,18.9090551471492,40.345,976.914116406452,36.1,79.7,23.2,31.0949192,0.191,67.3,poverty_215_pct;skilled_birth_attendance
MLI,2023,23769127.0,11043184.0,46.46020024210397,31.0031889023235,19.4798572353486,40.029,1042.44223444837,36.1,76.2,23.2,33.9802475,0.188,67.3,poverty_215_pct;skilled_birth_attendance
MLI,2024,24478595.0,11294982.0,46.14228063334517,31.6075621182225,19.4798572353486,39.532,1093.2523323649,36.1,73.0,23.2,33.9802475,0.188,67.3,pop_density;poverty_215_pct;health_exp_per_capita;physicians_per_1000;skilled_birth_attendance
MLI,2025,25198821.0,11539524.0,45.79390440528944,32.2127137183989,19.4798572353486,39.532,1193.27601004701,36.1,73.0,23.2,33.9802475,0.188,67.3,pop_density;birth_rate;poverty_215_pct;under5_mortality;stunting_pct;health_exp_per_capita;physicians_per_1000;skilled_birth_attendance
MLI,2026,25960255.0635593,11810558.031471787,45.49476884011975,32.2127137183989,19.4798572353486,39.532,1193.27601004701,36.1,73.0,23.2,33.9802475,0.188,67.3,population_total;population_0_14;urban_pct;pop_density;birth_rate;gdp_per_capita_usd;poverty_215_pct;under5_mortality;stunting_pct;health_exp_per_capita;physicians_per_1000;skilled_birth_attendance
MOZ,2005,20304569.0,9207389.0,45.34638977069644,30.0098613217248,25.8203018896717,41.356,436.773856167384,81.1,125.7,46.5,18.40718079,0.026,55.3,poverty_215_pct;physicians_per_1000;skilled_birth_attendance
MOZ,2006,20787087.0,9431549.0,45.372153395037984,30.1740801725307,26.4338958264452,41.117,457.487647833183,81.1,118.8,46.0,18.05057144,0.026,55.3,poverty_215_pct;skilled_birth_attendance
MOZ,2007,21287635.0,9667146.0,45.41202439820111,30.3598131347122,27.070417609807,41.268,507.874923914304,81.1,110.7,45.5,19.29700851,0.033,55.3,poverty_215_pct;physicians_per_1000;skilled_birth_attendance
MOZ,2008,21819036.0,9926682.0,45.49551135073062,30.5625357695184,27.746173605636,42.277,592.159111184122,81.1,104.4,44.8,24.48562622,0.04,55.3,physicians_per_1000
MOZ,2009,22391745.0,10215885.0,45.623442925060104,30.7715592059159,28.4744589129937,42.908,547.697144193651,79.98333333333333,98.3,44.2,27.68954468,0.047,54.96666666666666,poverty_215_pct;skilled_birth_attendance
MOZ,2010,22999235.0,10524078.0,45.75838283316815,30.9861779822921,29.2469734733844,42.806,496.185839392659,78.86666666666666,95.6,43.6,26.26061249,0.05,54.63333333333333,poverty_215_pct;skilled_birth_attendance
MOZ,2011,23649039.0,10840167.0,45.837663847566915,31.2062230032794,30.0732966250413,42.454,618.17649286789,77.75,91.1,43.0,30.42516136,0.054,54.3,poverty_215_pct
MOZ,2012,24337846.0,11160339.0,45.85590277792045,31.4315251735105,30.9492179353493,42.019,685.685748199513,76.63333333333334,86.5,42.6,35.24672699,0.056,58.974999999999994,poverty_215_pct;skilled_birth_attendance
MOZ,2013,25051611.0,11483909.0,45.84100000594772,31.6619153976179,31.8568770823266,41.554,686.505672517351,75.51666666666667,82.9,42.3,41.5031395,0.058,63.65,poverty_215_pct;skilled_birth_attendance
MOZ,2014,25788475.0,11806637.0,45.78261025516243,31.8972245802342,32.7939100689234,40.792,697.142680444123,74.4,79.7,41.9,43.50259018,0.06275,68.325,physicians_per_1000;skilled_birth_attendance
MOZ,2015,26547572.0,12130216.0,45.69237442881782,32.1372836259918,33.7592156463796,40.426,610.563774706589,75.84,75.8,41.4,40.35658646,0.0675,73.0,poverty_215_pct;physicians_per_1000
MOZ,2016,27337105.0,12462969.0,45.58993719342264,32.3819234395234,34.7632251583204,40.093,441.489734819071,77.28,73.3,40.8,31.85357285,0.07225,73.0,poverty_215_pct;physicians_per_1000;skilled_birth_attendance
MOZ,2017,28166393.0,12808633.0,45.4748785192339,32.6274411492675,35.8177891095908,39.755,470.93856305196,78.72,72.0,39.9,36.75825882,0.077,73.0,poverty_215_pct;skilled_birth_attendance
MOZ,2018,29018644.0,13166481.0,45.37248880409436,32.9902559073541,36.9015539561026,39.448,517.507260258101,80.16,70.2,38.9,41.29206467,0.085,73.0,poverty_215_pct;skilled_birth_attendance
MOZ,2019,29884380.0,13533581.0,45.2864707248402,33.4177241517032,38.0024670006867,39.117,519.09255091362,81.6,68.6,38.0,41.01906586,0.086,73.0,skilled_birth_attendance
MOZ,2020,30783688.0,13909432.0,45.18442364670536,33.9044006416285,39.1460718736489,38.736,462.433876479921,81.53333333333333,67.6,37.4,34.92252731,0.084,73.0,poverty_215_pct;skilled_birth_attendance
MOZ,2021,31707800.0,14293679.0,45.07937794485899,34.4499259401554,40.3212187492052,38.403,509.907829475551,81.46666666666667,65.5,37.0,44.09894943,0.082,73.0,poverty_215_pct;skilled_birth_attendance
MOZ,2022,32656246.0,14680067.0,44.95332072155507,35.0536638047945,41.5273099519316,37.99,578.273222184503,81.4,63.9,37.0,47.69813538,0.175,73.0,skilled_birth_attendance
MOZ,2023,33635160.0,15053370.0,44.75486366052667,35.7149783148407,42.7721457819375,37.486,622.191133245967,81.4,61.7,36.9,52.96166611,0.175,73.0,poverty_215_pct;physicians_per_1000;skilled_birth_attendance
MOZ,2024,34631766.0,15403894.0,44.47908893817312,36.4332337447237,42.7721457819375,37.028,656.976148587772,81.4,59.4,37.0,52.96166611,0.175,73.0,pop_density;poverty_215_pct;health_exp_per_capita;physicians_per_1000;skilled_birth_attendance
MOZ,2025,35631653.0,15737976.0,44.16852622582511,37.2077944927189,42.7721457819375,37.028,626.914419215727,81.4,59.4,37.0,52.96166611,0.175,73.0,pop_density;birth_rate;poverty_215_pct;under5_mortality;stunting_pct;health_exp_per_capita;physicians_per_1000;skilled_birth_attendance
MOZ,2026,36689266.94881809,16131575.135873614,43.9681042370711,37.2077944927189,42.7721457819375,37.028,626.914419215727,81.4,59.4,37.0,52.96166611,0.175,73.0,population_total;population_0_14;urban_pct;pop_density;birth_rate;gdp_per_capita_usd;poverty_215_pct;under5_mortality;stunting_pct;health_exp_per_capita;physicians_per_1000;skilled_birth_attendance
MRT,2005,2939059.0,1299249.0,44.20629187777448,40.407151934074,2.85151741534879,38.436,998.96583416747,19.2,72.5,32.4,34.00539017,0.136,57.1,poverty_215_pct;physicians_per_1000;skilled_birth_attendance
MRT,2006,3013660.0,1332882.0,44.22801510455725,41.3739934217664,2.92389638110022,38.762,1300.60367988659,19.2,68.1,31.0,35.14922333,0.136,57.1,poverty_215_pct;physicians_per_1000;skilled_birth_attendance
MRT,2007,3093059.0,1368700.0,44.25069162922531,42.4406001164139,3.00093043562627,39.041,1405.15016203368,19.2,64.3,29.7,40.41820145,0.136,57.1,poverty_215_pct;physicians_per_1000
MRT,2008,3183269.0,1404888.0,44.133499242445424,43.5784901049073,3.08845347821869,39.074,1635.5630623124,19.2,61.3,28.6,49.2858696,0.136,59.1,physicians_per_1000;skilled_birth_attendance
MRT,2009,3284448.0,1443123.0,43.93806813199661,44.7591814741371,3.18661880275541,39.005,1435.43010811893,17.95,58.8,27.5,44.64679718,0.136,61.099999999999994,poverty_215_pct;skilled_birth_attendance
MRT,2010,3390965.0,1487439.0,43.864770058080815,45.9541923109942,3.28996313185214,38.939,1659.96369705455,16.7,56.8,26.6,43.759655,0.161,63.099999999999994,poverty_215_pct;skilled_birth_attendance
MRT,2011,3502811.0,1538295.0,43.91601488062017,47.1350407023691,3.39847773357912,38.941,1931.19975525465,15.45,55.1,25.8,47.77469254,0.16125,65.1,poverty_215_pct;physicians_per_1000
MRT,2012,3619034.0,1594444.0,44.05717105724898,48.2732447351525,3.511238963811,38.74,1859.11733247641,14.2,53.5,25.2,49.2515831,0.1615,66.14999999999999,poverty_215_pct;physicians_per_1000;skilled_birth_attendance
MRT,2013,3734318.0,1649625.0,44.174732842784145,49.3553973225913,3.62308916270496,38.509,1936.26950446101,12.95,52.1,24.7,55.47412872,0.16175,67.19999999999999,poverty_215_pct;physicians_per_1000;skilled_birth_attendance
MRT,2014,3848514.0,1702111.0,44.22774608589185,50.4694791226856,3.7338837683128,38.127,1718.97089374709,11.7,50.6,24.4,59.39431381,0.162,68.25,skilled_birth_attendance
MRT,2015,3965959.0,1755060.0,44.253104986713176,51.6680350049622,3.84783060056272,37.778,1558.84205473416,11.399999999999999,49.1,24.0,57.1233139,0.175,69.3,poverty_215_pct
MRT,2016,4086657.0,1808152.0,44.24525963397466,52.9185627319946,3.96493354031241,37.402,1568.00551190332,11.1,47.7,23.7,49.90084076,0.1815,69.48333333333333,poverty_215_pct;physicians_per_1000;skilled_birth_attendance
MRT,2017,4210600.0,1861093.0,44.20018524675818,54.1970448502004,4.08518482584651,37.046,1617.93401542267,10.799999999999999,46.2,23.3,55.22446442,0.188,69.66666666666667,poverty_215_pct;skilled_birth_attendance
MRT,2018,4337685.0,1913517.0,44.11378419594784,55.1305077000081,4.20848452508004,36.621,1723.37809442655,10.5,44.7,22.9,49.68307495,0.196,69.85,poverty_215_pct;skilled_birth_attendance
MRT,2019,4467708.0,1965065.0,43.98373841799867,56.0596215779146,4.33463471427185,36.211,1767.072710621,10.2,43.4,22.4,54.63365555,0.201,70.03333333333333,skilled_birth_attendance
MRT,2020,4600131.0,2015584.0,43.81579568060127,56.9836701058893,4.46311341806539,35.735,1795.72437324423,10.2,42.0,22.0,53.89974594,0.203,70.21666666666667,poverty_215_pct;skilled_birth_attendance
MRT,2021,4734874.0,2065076.0,43.61417009196021,57.901535141641,4.59384301930727,35.342,1947.47413907209,10.2,40.7,21.7,73.6309433,0.219,70.4,poverty_215_pct
MRT,2022,4875637.0,2113702.0,43.352325039784546,58.8120996197226,4.73041331134181,34.844,1961.28166648869,10.2,39.4,21.6,91.54125977,0.261,70.4,poverty_215_pct;skilled_birth_attendance
MRT,2023,5022441.0,2161462.0,43.03608544132226,59.7142464747058,4.87284466867178,34.423,2127.9576285973,10.2,38.1,21.6,92.11444092,0.261,70.4,poverty_215_pct;physicians_per_1000;skilled_birth_attendance
MRT,2024,5169395.0,2207911.0,42.71120701745562,60.6068586411829,4.87284466867178,34.03,2104.54260769051,10.2,36.9,21.5,92.11444092,0.261,70.4,pop_density;poverty_215_pct;health_exp_per_capita;physicians_per_1000;skilled_birth_attendance
MRT,2025,5315065.0,2252768.0,42.38458043316498,61.4888190537696,4.87284466867178,34.03,2197.51046251309,10.2,36.9,21.5,92.11444092,0.261,70.4,pop_density;birth_rate;poverty_215_pct;under5_mortality;stunting_pct;health_exp_per_capita;physicians_per_1000;skilled_birth_attendance
MRT,2026,5470868.249828997,2303454.201039364,42.10399694986921,61.4888190537696,4.87284466867178,34.03,2197.51046251309,10.2,36.9,21.5,92.11444092,0.261,70.4,population_total;population_0_14;urban_pct;pop_density;birth_rate;gdp_per_capita_usd;poverty_215_pct;under5_mortality;stunting_pct;health_exp_per_capita;physicians_per_1000;skilled_birth_attendance
MUS,2005,1228254.0,293744.0,23.91557446586781,41.1419874152917,605.051231527094,15.3,5354.02974260642,1.1,15.6,10.2,192.13858032,1.068,99.2,poverty_215_pct
MUS,2006,1233996.0,288990.0,23.41903863545749,40.9607687547567,607.879802955665,14.3,5784.22491883026,1.1,15.4,9.8,203.24180603,1.108,99.3,skilled_birth_attendance
MUS,2007,1239630.0,283321.0,22.855287464808047,40.7846600109183,610.655172413793,13.7,6677.37538616398,1.1,15.2,9.4,229.2313385,1.123,99.4,poverty_215_pct;skilled_birth_attendance
MUS,2008,1244121.0,276869.0,22.25418588706404,40.6154231740954,612.867487684729,13.2,8140.47983639243,1.1,15.0,9.1,312.88540649,1.138,99.5,poverty_215_pct
MUS,2009,1247429.0,270157.0,21.65710433219045,40.4548202346069,614.497044334975,12.3,7426.86137313939,1.1,14.9,8.9,301.67260742,1.153,99.4,poverty_215_pct
MUS,2010,1250400.0,263767.0,21.094609724888034,40.3046131827718,615.960591133005,12.0,8113.17670740212,1.1,14.8,8.6,357.17382813,1.169,99.5,poverty_215_pct
MUS,2011,1252404.0,257556.0,20.564929527532648,40.1665923228716,627.142714071107,11.7,9324.24232310496,1.1,14.9,8.4,385.76248169,1.407,99.5,poverty_215_pct
MUS,2012,1255882.0,252548.0,20.10921408221473,40.0369511615085,628.884326489735,11.5,9421.52514098225,1.1,15.0,8.2,387.1026001,1.336,99.6,
MUS,2013,1258927.0,248514.0,19.740143789115653,39.9108848558771,630.409113670506,10.9,9877.13865958834,0.9800000000000001,14.9,8.1,440.00280762,1.585,99.7,poverty_215_pct
MUS,2014,1261208.0,243784.0,19.329404824580877,39.7887571971735,631.551326990486,10.6,10490.3315563853,0.8600000000000001,14.7,8.1,544.44122314,1.88,99.7,poverty_215_pct
MUS,2015,1262879.0,238201.0,18.861743682490562,39.6709610617726,632.388082123185,10.1,9630.5437837507,0.74,14.5,8.0,515.72247314,1.973,99.8,poverty_215_pct
MUS,2016,1263747.0,232496.0,18.397353267703107,39.5578893260494,632.822734101152,10.4,10095.1225574156,0.62,14.6,8.0,540.39239502,2.144,99.7,poverty_215_pct
MUS,2017,1264887.0,226567.0,17.912034829988766,39.4499348663789,633.393590385578,10.7,10986.7034093005,0.5,15.0,8.0,594.86120605,2.268,99.8,
MUS,2018,1265577.0,220180.0,17.39759809162145,39.3474905591359,633.739108662994,10.3,11818.7480619272,0.5,15.4,7.9,640.62182617,1.858,99.8,poverty_215_pct
MUS,2019,1265985.0,213601.0,16.872316812600467,39.2509492806955,633.943415122684,10.2,11568.2533399824,0.5,15.7,7.8,639.18286133,2.558,99.8,poverty_215_pct
MUS,2020,1266014.0,207052.0,16.354637468464013,39.1607039074325,633.957936905358,10.7,9135.84773751062,0.5,15.8,7.8,541.95184326,2.689,99.7,poverty_215_pct
MUS,2021,1266334.0,201121.0,15.882144836986134,39.077147315722,634.118177265899,10.3,9177.71195973013,0.5,15.7,7.7,593.77947998,2.0625,99.7,poverty_215_pct;physicians_per_1000
MUS,2022,1262523.0,195382.0,15.475520049931763,39.0000125885784,632.209814722083,9.7,10246.5017455553,0.5,15.5,7.7,590.91522217,1.436,99.7,poverty_215_pct;skilled_birth_attendance
MUS,2023,1248647.0,188848.0,15.124210445386085,39.0039901092226,625.261392088132,10.3,11269.9684462139,0.5,15.4,7.8,616.20739746,1.436,99.7,poverty_215_pct;physicians_per_1000;skilled_birth_attendance
MUS,2024,1245779.0,184511.0,14.81089342491726,39.0162147027917,625.261392088132,10.3,11990.9355434317,0.5,15.4,7.8,616.20739746,1.436,99.7,pop_density;poverty_215_pct;health_exp_per_capita;physicians_per_1000;skilled_birth_attendance
MUS,2025,1243741.0,180804.0,14.537110218284997,39.0369663368524,625.261392088132,10.3,12991.2935987166,0.5,15.4,7.8,616.20739746,1.436,99.7,pop_density;birth_rate;poverty_215_pct;under5_mortality;stunting_pct;health_exp_per_capita;physicians_per_1000;skilled_birth_attendance
MUS,2026,1239333.6442655253,175968.02317739543,14.198599706512491,39.0369663368524,625.261392088132,10.3,12991.2935987166,0.5,15.4,7.8,616.20739746,1.436,99.7,population_total;population_0_14;urban_pct;pop_density;birth_rate;gdp_per_capita_usd;poverty_215_pct;under5_mortality;stunting_pct;health_exp_per_capita;physicians_per_1000;skilled_birth_attendance
MWI,2005,12840031.0,5911273.0,46.03784056284599,15.1041793656241,136.19040093339,44.003,414.361121984475,72.9,109.7,53.6,17.24028015,0.018,56.1,poverty_215_pct;physicians_per_1000
MWI,2006,13198701.0,6078273.0,46.05205466810711,15.1753987017157,139.994707254985,43.755,440.822149023873,72.9,102.7,52.7,20.95070648,0.018,53.6,poverty_215_pct;physicians_per_1000
MWI,2007,13576343.0,6254870.0,46.071832451493016,15.2477960727861,144.000243954179,43.274,475.180261659331,72.9,96.9,51.5,25.0216465,0.018,60.8,poverty_215_pct;physicians_per_1000;skilled_birth_attendance
MWI,2008,13976417.0,6447639.0,46.132274101438156,15.3238029928378,148.243710224862,42.564,554.048820396119,72.9,91.0,50.1,32.73482132,0.018,68.0,poverty_215_pct
MWI,2009,14395788.0,6651459.0,46.204202229152024,15.4015312766848,152.691854051761,41.745,625.869729869625,72.9,85.3,48.5,35.56456757,0.018,69.7,poverty_215_pct;skilled_birth_attendance
MWI,2010,14826463.0,6853564.0,46.225212311257245,15.4776969380518,157.259896054306,40.686,683.124694716799,72.9,80.1,46.8,33.99194336,0.0165,71.4,physicians_per_1000
MWI,2011,15265022.0,7052101.0,46.19777816238981,15.5523153908723,161.911561306746,39.69,763.061000394572,72.7,74.0,45.1,39.29234314,0.015,75.4,poverty_215_pct;physicians_per_1000;skilled_birth_attendance
MWI,2012,15709577.0,7243878.0,46.111222472762954,15.6253133040464,166.626824352991,38.564,558.46208832772,72.5,67.9,43.5,32.53762817,0.0135,79.4,poverty_215_pct;physicians_per_1000;skilled_birth_attendance
MWI,2013,16161816.0,7426627.0,45.951686369898034,15.6966173464742,171.423589308443,37.722,496.947368267313,72.30000000000001,62.9,41.9,39.54008484,0.012,83.4,poverty_215_pct;skilled_birth_attendance
MWI,2014,16621538.0,7599661.0,45.72176774495838,15.766154187056,176.299724225711,36.503,529.5133440206,72.10000000000001,60.0,40.5,35.33760452,0.018333333333333333,87.4,poverty_215_pct;physicians_per_1000
MWI,2015,17085587.0,7761808.0,45.42898057877672,15.8338504946918,181.221754348748,35.296,539.605363240686,71.9,57.4,39.2,34.97310638,0.024666666666666667,88.6,poverty_215_pct;physicians_per_1000;skilled_birth_attendance
MWI,2016,17557739.0,7912579.0,45.06604751329314,15.899632938282,186.229730589733,34.225,450.506105510719,71.7,55.8,37.9,34.0307579,0.031,89.8,
MWI,2017,18039715.0,8053192.0,44.641459136133804,15.9634281867266,191.341907085278,33.682,495.769683367165,72.93333333333334,53.8,36.8,37.60110092,0.0905,91.45,poverty_215_pct;physicians_per_1000;skilled_birth_attendance
MWI,2018,18528081.0,8185131.0,44.17689559971159,16.0221486554255,196.521860415783,33.227,533.202567189331,74.16666666666667,52.0,35.8,36.70302963,0.15,93.1,poverty_215_pct;skilled_birth_attendance
MWI,2019,19025752.0,8308295.0,43.66868126947098,16.1383746619001,201.800509121765,32.902,580.889139762475,75.4,51.3,34.9,36.91519165,0.0995,94.75,physicians_per_1000;skilled_birth_attendance
MWI,2020,19533888.0,8422635.0,43.11806743235141,16.2961471756409,207.190156979211,32.536,602.507478176106,75.4,50.4,34.1,42.37881851,0.049,96.4,poverty_215_pct
MWI,2021,20047258.0,8527467.0,42.536824736829345,16.4881925800694,212.635320322444,32.066,617.446994451007,75.4,50.0,33.6,46.41017532,0.051500000000000004,96.4,poverty_215_pct;physicians_per_1000;skilled_birth_attendance
MWI,2022,20568728.0,8625173.0,41.93342923295986,16.7146031979436,218.166397963513,31.738,604.269740360317,75.4,50.1,33.3,40.03453827,0.054,96.4,poverty_215_pct;skilled_birth_attendance
MWI,2023,21104482.0,8719545.0,41.31608157925885,16.9748746665356,223.84898175647,31.381,633.214767978695,75.4,49.6,33.2,41.26664734,0.054,96.4,poverty_215_pct;physicians_per_1000;skilled_birth_attendance
MWI,2024,21655286.0,8814904.0,40.70555336927898,17.268503531213,223.84898175647,31.143,522.365366146003,75.4,48.8,33.2,41.26664734,0.054,96.4,pop_density;poverty_215_pct;health_exp_per_capita;physicians_per_1000;skilled_birth_attendance
MWI,2025,22216120.0,8914546.0,40.12647573023552,17.5949868386317,223.84898175647,31.143,671.506847203876,75.4,48.8,33.2,41.26664734,0.054,96.4,pop_density;birth_rate;poverty_215_pct;under5_mortality;stunting_pct;health_exp_per_capita;physicians_per_1000;skilled_birth_attendance
MWI,2026,22795237.239152286,9016323.3904576,39.55354048683242,17.5949868386317,223.84898175647,31.143,671.506847203876,75.4,48.8,33.2,41.26664734,0.054,96.4,population_total;population_0_14;urban_pct;pop_density;birth_rate;gdp_per_capita_usd;poverty_215_pct;under5_mortality;stunting_pct;health_exp_per_capita;physicians_per_1000;skilled_birth_attendance
NAM,2005,1966582.0,774414.0,39.3786783363216,36.5870014553064,2.38868685396397,29.316,3685.77299991587,38.6,71.0,29.2,402.20068359,0.383,81.4,poverty_215_pct;physicians_per_1000;skilled_birth_attendance
NAM,2006,1991888.0,770517.0,38.682747222735415,37.6722151614564,2.4194245041237,29.734,4017.1834716928,38.6,66.0,28.8,437.56240845,0.383,81.4,poverty_215_pct;physicians_per_1000;skilled_birth_attendance
NAM,2007,2018600.0,768254.0,38.05875359159814,38.763436210037,2.45186993647439,29.979,4379.04313682732,38.6,62.0,28.3,493.60388184,0.383,81.4,poverty_215_pct
NAM,2008,2047056.0,768242.0,37.52911498268733,39.8328120256318,2.48643369893962,30.265,4204.78555422749,38.6,57.5,27.7,443.17068481,0.4014,82.53333333333333,poverty_215_pct;physicians_per_1000;skilled_birth_attendance
NAM,2009,2077394.0,770909.0,37.1094265218827,40.8524900328246,2.52328341167754,30.616,4302.91374148376,38.6,53.2,26.9,420.74865723,0.4198,83.66666666666667,physicians_per_1000;skilled_birth_attendance
NAM,2010,2109811.0,776898.0,36.82310879979297,41.7946176561991,2.56265835853709,31.006,5418.21633365814,35.983333333333334,50.3,26.1,567.35003662,0.4382,84.80000000000001,poverty_215_pct;physicians_per_1000;skilled_birth_attendance
NAM,2011,2146325.0,787303.0,36.681443863347816,42.6276075621535,2.60700968067145,31.142,5834.7917675794,33.36666666666667,50.0,25.1,624.59814453,0.4566,85.93333333333334,poverty_215_pct;physicians_per_1000;skilled_birth_attendance
NAM,2012,2194654.0,804102.0,36.639123980363195,43.3804079185694,2.66571196054853,31.352,5942.64680978673,30.75,52.6,24.0,606.36633301,0.475,87.06666666666666,poverty_215_pct;physicians_per_1000;skilled_birth_attendance
NAM,2013,2252508.0,824558.0,36.606218490677946,44.1106769079132,2.73598367525416,31.177,5346.62131149967,28.133333333333333,50.8,23.1,539.41345215,0.49339999999999995,88.2,poverty_215_pct;physicians_per_1000
NAM,2014,2312139.0,845046.0,36.548235205582365,44.8214248210559,2.80841380315563,31.011,5378.32326241205,25.516666666666666,50.0,22.2,452.2585144,0.5117999999999999,88.2,poverty_215_pct;physicians_per_1000;skilled_birth_attendance
NAM,2015,2374300.0,866819.0,36.50840247651939,45.5103554445325,2.88391696728978,30.668,4774.10650865775,22.9,51.8,21.3,476.50784302,0.5302,88.2,physicians_per_1000;skilled_birth_attendance
NAM,2016,2439213.0,891384.0,36.54391805881651,46.1751725648784,2.96276281747622,30.31,4395.68776162376,22.9,51.4,20.4,409.78051758,0.5486,88.2,poverty_215_pct;physicians_per_1000;skilled_birth_attendance
NAM,2017,2506853.0,919178.0,36.66660949006583,46.8135799686288,3.04492098774429,29.652,5143.96072323076,22.9,49.8,19.5,447.95223999,0.567,88.2,poverty_215_pct;skilled_birth_attendance
NAM,2018,2577327.0,949193.0,36.828582480996786,47.4232814423189,3.13052144444849,29.067,5308.60813408705,22.9,48.5,18.7,457.6807251,0.335,88.2,poverty_215_pct;skilled_birth_attendance
NAM,2019,2650494.0,980038.0,36.975673214125365,48.0019807724839,3.21939292351419,28.386,4731.9210318831,22.9,46.6,17.9,419.14828491,0.368,88.2,poverty_215_pct;skilled_birth_attendance
NAM,2020,2728762.0,1013448.0,37.13947936829962,48.547381745659,3.31446027523716,27.687,3878.58982993966,22.9,44.8,17.4,370.81643677,0.38,88.2,poverty_215_pct;skilled_birth_attendance
NAM,2021,2810548.0,1049874.0,37.3547792103177,49.0571881483796,3.41380072635402,27.022,4412.8355693052,22.9,43.2,17.0,449.95172119,0.42,88.2,poverty_215_pct;skilled_birth_attendance
NAM,2022,2889662.0,1082840.0,37.47289475378089,49.5291037671807,3.50989566252475,26.343,4349.79908493314,22.9,41.6,16.8,418.53683472,0.553,88.2,poverty_215_pct;skilled_birth_attendance
NAM,2023,2963095.0,1105007.0,37.29232441079344,49.9545837830821,3.59909023551847,25.89,4225.99102418102,22.9,41.1,16.6,397.09063721,0.553,88.2,poverty_215_pct;physicians_per_1000;skilled_birth_attendance
NAM,2024,3030131.0,1120535.0,36.97975434065392,50.4088030252155,3.59909023551847,25.891,4501.84849548225,22.9,39.5,16.4,397.09063721,0.553,88.2,pop_density;poverty_215_pct;health_exp_per_capita;physicians_per_1000;skilled_birth_attendance
NAM,2025,3092816.0,1133537.0,36.65064459056084,50.8666984399326,3.59909023551847,25.891,4875.92558158247,22.9,39.5,16.4,397.09063721,0.553,88.2,pop_density;birth_rate;poverty_215_pct;under5_mortality;stunting_pct;health_exp_per_capita;physicians_per_1000;skilled_birth_attendance
NAM,2026,3171259.4062196733,1159211.1417698588,36.55365245417455,50.8666984399326,3.59909023551847,25.891,4875.92558158247,22.9,39.5,16.4,397.09063721,0.553,88.2,population_total;population_0_14;urban_pct;pop_density;birth_rate;gdp_per_capita_usd;poverty_215_pct;under5_mortality;stunting_pct;health_exp_per_capita;physicians_per_1000;skilled_birth_attendance
NER,2005,13756192.0,6669084.0,48.48059695590175,16.2687225341797,10.8598657930054,51.417,318.643121918273,83.8,171.4,49.8,18.67140198,0.019,17.7,physicians_per_1000;skilled_birth_attendance
NER,2006,14268581.0,6949833.0,48.707247062619615,16.2675724894628,11.2643727796637,50.967,333.345078419447,83.35,161.6,49.1,19.9213028,0.019,17.7,poverty_215_pct;physicians_per_1000
NER,2007,14803610.0,7241580.0,48.91766265120467,16.2641887037781,11.6867529801847,50.594,387.168065883301,82.9,153.1,48.3,20.96952438,0.019,19.633333333333333,physicians_per_1000;skilled_birth_attendance
NER,2008,15361915.0,7543386.0,49.10446386404299,16.2586706998252,12.1275084866188,50.172,475.044955398162,79.375,146.0,47.5,24.86141586,0.019,21.566666666666666,poverty_215_pct;skilled_birth_attendance
NER,2009,15943675.0,7854127.0,49.261710364768476,16.2511180003032,12.5867806110366,49.8,461.131533961487,75.85,140.3,46.7,24.54927635,0.028,23.5,poverty_215_pct;skilled_birth_attendance
NER,2010,16548835.0,8172022.0,49.38125251717115,16.2416301279116,13.0645259335281,49.353,474.425692340831,72.325,136.0,46.0,23.47736168,0.036333333333333336,25.433333333333334,poverty_215_pct;physicians_per_1000;skilled_birth_attendance
NER,2011,17176283.0,8494292.0,49.45360995740464,16.2303066053496,13.5598665824584,48.823,510.75956176268,68.8,132.7,45.4,24.84123039,0.04466666666666667,27.366666666666667,physicians_per_1000;skilled_birth_attendance
NER,2012,17836769.0,8820329.0,49.4502619841071,16.2141284004355,14.0812891766006,48.217,528.510104469655,65.96666666666667,130.3,45.0,22.71487427,0.053,29.3,poverty_215_pct
NER,2013,18519898.0,9148868.0,49.400207279759314,16.2162595696064,14.6205873529644,47.796,552.103334363117,63.13333333333333,128.3,44.8,24.61338997,0.051,32.766666666666666,poverty_215_pct;skilled_birth_attendance
NER,2014,19215909.0,9478189.0,49.324697572204364,16.2450424611665,15.1700552617036,47.2,565.30989731175,60.3,126.8,44.7,25.09494019,0.027,36.233333333333334,skilled_birth_attendance
NER,2015,19939498.0,9808698.0,49.192301631665956,16.3035606587493,15.741294702771,46.577,485.662574175279,59.974999999999994,125.4,44.7,25.96905327,0.032,39.7,poverty_215_pct
NER,2016,20685753.0,10138834.0,49.01360854497296,16.3898280543236,16.3304278834768,45.881,499.910520068193,59.65,124.3,44.7,22.68474007,0.033,39.1,poverty_215_pct
NER,2017,21435446.0,10463771.0,48.81527074360851,16.5036987906896,16.9222752032841,45.057,529.929418934868,59.325,123.1,44.7,29.09627533,0.022,40.02,poverty_215_pct;skilled_birth_attendance
NER,2018,22188069.0,10780654.0,48.587617065730235,16.6449011799221,17.5164356201153,44.181,576.927536415462,59.0,121.9,44.7,30.61364555,0.037,40.940000000000005,skilled_birth_attendance
NER,2019,22947757.0,11088877.0,48.322269579549754,16.813146499685,18.1161735217494,43.366,541.265819870273,59.5,120.8,44.8,31.89424324,0.039,41.86,poverty_215_pct;skilled_birth_attendance
NER,2020,23717613.0,11389019.0,48.01924628755853,17.0081420003794,18.7239385805637,42.6,575.451340306915,60.0,119.5,45.1,35.75537109,0.035,42.78,poverty_215_pct;skilled_birth_attendance
NER,2021,24502140.0,11682874.0,47.68103520753697,17.2295936666686,19.3432857030078,41.932,609.585703670137,60.5,118.0,45.6,35.39406204,0.0315,43.7,physicians_per_1000
NER,2022,25311973.0,11979311.0,47.326658415762374,17.477207007512,19.9826107207705,41.95,613.614736429298,60.5,116.0,46.5,26.50681686,0.028,43.7,poverty_215_pct;skilled_birth_attendance
NER,2023,26159867.0,12286170.0,46.96572042969485,17.7506873295237,20.6519831057077,41.892,647.930108509567,60.5,113.5,47.4,26.01301575,0.038,43.7,poverty_215_pct;skilled_birth_attendance
NER,2024,27032412.0,12597379.0,46.601017326903715,18.0497398450803,20.6519831057077,41.42,729.856664168989,60.5,110.7,48.3,26.01301575,0.038,43.7,pop_density;poverty_215_pct;health_exp_per_capita;physicians_per_1000;skilled_birth_attendance
NER,2025,27917831.0,12905398.0,46.22636335895865,18.3740697195469,20.6519831057077,41.42,775.353622143879,60.5,110.7,48.3,26.01301575,0.038,43.7,pop_density;birth_rate;poverty_215_pct;under5_mortality;stunting_pct;health_exp_per_capita;physicians_per_1000;skilled_birth_attendance
NER,2026,28843224.682659358,13232089.193911316,45.87590097672572,18.3740697195469,20.6519831057077,41.42,775.353622143879,60.5,110.7,48.3,26.01301575,0.038,43.7,population_total;population_0_14;urban_pct;pop_density;birth_rate;gdp_per_capita_usd;poverty_215_pct;under5_mortality;stunting_pct;health_exp_per_capita;physicians_per_1000;skilled_birth_attendance
NGA,2005,145017253.0,63796150.0,43.99211037323952,47.5656414756863,159.224889928302,43.37,1211.37703504386,38.5,145.8,40.6,52.24337006,0.27,34.4,poverty_215_pct;skilled_birth_attendance
NGA,2006,149077334.0,65726440.0,44.08882171182374,48.424271994461,163.682745369303,43.172,1599.53891556365,38.5,140.9,40.3,63.63072205,0.333,34.4,poverty_215_pct;skilled_birth_attendance
NGA,2007,153267261.0,67719127.0,44.183687082396546,49.2357987173198,168.28316808854,42.897,1815.52697545827,38.5,136.5,39.8,66.90659332,0.361,34.4,poverty_215_pct;skilled_birth_attendance
NGA,2008,157595014.0,69775007.0,44.27488232590912,50.0505212312351,173.034919902939,42.803,2154.10543545364,38.5,132.5,39.3,77.45053101,0.359,34.4,poverty_215_pct
NGA,2009,162049464.0,71885433.0,44.36017943262065,50.86453484762,177.925781481603,42.497,1820.48633854782,38.5,129.2,38.7,65.71811676,0.36,38.699999999999996,poverty_215_pct;skilled_birth_attendance
NGA,2010,166642886.0,74021210.0,44.41906388971204,51.6778188255446,182.969230431393,42.139,2202.25672957344,38.5,126.3,38.0,73.008255,0.36075,43.0,physicians_per_1000;skilled_birth_attendance
NGA,2011,171379598.0,76179768.0,44.45089665807245,52.490352424079,188.170007795602,41.793,2418.41316975875,37.95,123.8,37.4,80.2377243,0.3615,47.3,poverty_215_pct;physicians_per_1000
NGA,2012,176200625.0,78344547.0,44.46326282894854,53.302114902293,193.463360672837,41.116,2633.19734671361,37.4,121.6,36.9,87.89523315,0.36224999999999996,41.25,physicians_per_1000;skilled_birth_attendance
NGA,2013,181049443.0,80481604.0,44.452831594737354,54.1130855192568,198.787227291193,40.441,2872.79083379398,36.86666666666667,119.9,36.5,97.29588318,0.363,35.2,poverty_215_pct
NGA,2014,185896915.0,82561774.0,44.41266494390184,54.9232435340404,204.109616039176,39.892,3088.72131316169,36.33333333333333,118.7,36.2,102.39888763,0.38466666666666666,37.150000000000006,poverty_215_pct;physicians_per_1000;skilled_birth_attendance
NGA,2015,190671878.0,84506985.0,44.320633900716075,55.7325682057138,209.352391932101,38.951,2585.73360671797,35.8,117.8,35.8,92.91207123,0.4063333333333333,39.1,physicians_per_1000;skilled_birth_attendance
NGA,2016,195443700.0,86272927.0,44.14208644228491,56.541038793347,214.591719094832,37.771,2070.4127339595,35.266666666666666,117.4,35.4,75.52328491,0.428,41.05,poverty_215_pct;skilled_birth_attendance
NGA,2017,200254579.0,87872868.0,43.88057863086367,57.3486345560101,219.873929751749,36.693,1876.34027111773,34.733333333333334,117.2,34.9,70.31814575,0.396,43.0,poverty_215_pct;physicians_per_1000
NGA,2018,204938755.0,89299335.0,43.57366911885456,58.1553347527729,225.017024056568,35.69,2057.87944554011,34.2,117.2,34.4,63.60244751,0.364,43.3,
NGA,2019,209485641.0,90553942.0,43.22680140162924,58.9611186427056,230.009377779242,34.685,3189.81286496183,36.1,117.4,33.9,67.6254425,0.356,45.15,poverty_215_pct;skilled_birth_attendance
NGA,2020,213996181.0,91645439.0,42.825735754602086,59.7659654848781,234.961824609945,33.732,2797.184580679,38.0,117.4,33.5,67.91384888,0.371,47.0,poverty_215_pct;physicians_per_1000;skilled_birth_attendance
NGA,2021,218529286.0,92644833.0,42.394698987850994,60.5698545383604,239.939047179859,33.546,2787.48779220991,39.9,117.6,33.4,81.87322235,0.386,48.85,poverty_215_pct;skilled_birth_attendance
NGA,2022,223150896.0,93617232.0,41.952433836519305,61.3727650622225,245.013445765671,33.192,2899.16047469267,41.8,117.5,33.5,89.62958527,0.386,50.7,
NGA,2023,227882945.0,94553713.0,41.49222882826971,62.1746763155343,250.20910328623,32.954,2138.76383718757,41.8,116.8,33.6,66.82009125,0.38,50.7,poverty_215_pct;skilled_birth_attendance
NGA,2024,232679478.0,95430802.0,41.013845664549756,62.9755675573659,250.20910328623,32.493,1084.16041805058,41.8,115.6,33.8,66.82009125,0.38,50.7,pop_density;poverty_215_pct;health_exp_per_capita;physicians_per_1000;skilled_birth_attendance
NGA,2025,237527782.0,96245600.0,40.51972328862146,63.7754180467872,250.20910328623,32.493,1224.25410237743,41.8,115.6,33.8,66.82009125,0.38,50.7,pop_density;birth_rate;poverty_215_pct;under5_mortality;stunting_pct;health_exp_per_capita;physicians_per_1000;skilled_birth_attendance
NGA,2026,242535933.39704528,97192978.17681348,40.07364055935703,63.7754180467872,250.20910328623,32.493,1224.25410237743,41.8,115.6,33.8,66.82009125,0.38,50.7,population_total;population_0_14;urban_pct;pop_density;birth_rate;gdp_per_capita_usd;poverty_215_pct;under5_mortality;stunting_pct;health_exp_per_capita;physicians_per_1000;skilled_birth_attendance
RWA,2005,9054528.0,3900403.0,43.07682299949815,16.9072114459454,367.025861370085,40.638,324.016863847189,74.2,104.5,48.4,25.02086639,0.024,38.6,
RWA,2006,9299246.0,3992441.0,42.93295391905968,16.9110139245047,376.945520875557,39.861,352.093916578347,73.4,93.4,48.1,27.1564312,0.03333333333333333,43.1,poverty_215_pct;physicians_per_1000;skilled_birth_attendance
RWA,2007,9549933.0,4092177.0,42.85032156770105,16.9140836058266,387.107134171058,38.833,420.733580702508,72.60000000000001,84.1,47.6,33.50738907,0.042666666666666665,47.6,poverty_215_pct;physicians_per_1000;skilled_birth_attendance
RWA,2008,9804269.0,4192916.0,42.766227650424526,16.9170867063804,397.416659910823,37.643,522.288339420679,71.8,76.0,46.8,39.94568634,0.052,52.1,poverty_215_pct
RWA,2009,10060432.0,4288302.0,42.62542602544304,16.9206894426355,407.800243210377,36.315,556.97399621739,71.0,69.1,45.8,43.99641418,0.055,60.55,poverty_215_pct;skilled_birth_attendance
RWA,2010,10317553.0,4376223.0,42.415318826082114,16.9255580310614,418.222659100122,35.149,586.599950359877,70.2,63.3,44.4,47.96871567,0.055,69.0,
RWA,2011,10573733.0,4458477.0,42.16559090342077,16.9323586881273,428.606931495744,33.8,643.356138618166,68.53333333333333,58.1,42.9,51.64939499,0.0129,69.0,poverty_215_pct
RWA,2012,10829901.0,4538518.0,41.90728982656444,16.9410248882148,438.990717470612,32.852,697.760143509565,66.86666666666667,54.2,41.3,57.26393127,0.05645000000000001,74.425,poverty_215_pct;physicians_per_1000;skilled_birth_attendance
RWA,2013,11093340.0,4621198.0,41.65740885973025,17.0742206053612,449.669233887313,32.409,695.397140963607,65.2,51.4,39.8,47.75388718,0.1,79.85,skilled_birth_attendance
RWA,2014,11364757.0,4706312.0,41.411461767286355,17.5020716539756,460.671139035266,32.24,715.36808783393,64.73333333333333,49.2,38.4,50.63835144,0.089,85.275,poverty_215_pct;skilled_birth_attendance
RWA,2015,11640022.0,4789723.0,41.14874525151241,18.1953149858416,471.829023104986,32.098,725.691418696952,64.26666666666667,47.3,37.0,48.81296921,0.11,90.7,poverty_215_pct
RWA,2016,11919183.0,4869070.0,40.85070260268678,19.1213951786548,483.144831779489,31.971,721.258515833094,63.8,45.8,35.8,43.54212189,0.12,91.4,skilled_birth_attendance
RWA,2017,12202060.0,4943477.0,40.513462480925355,20.2477568101111,494.611268747467,31.666,751.049039527547,60.199999999999996,44.7,34.6,40.76682663,0.135,92.10000000000001,poverty_215_pct;skilled_birth_attendance
RWA,2018,12487996.0,5010553.0,40.12295487602655,21.5418444579064,506.201702472639,31.231,772.754982959354,56.6,43.7,33.5,42.11674881,0.132,92.8,poverty_215_pct;skilled_birth_attendance
RWA,2019,12776103.0,5067369.0,39.66286902978162,22.9711026997362,517.880137819214,30.672,823.355304065304,53.0,42.7,32.4,39.81322098,0.117,93.5,poverty_215_pct;skilled_birth_attendance
RWA,2020,13065837.0,5116134.0,39.156572977299504,24.5029761132966,529.624523713012,30.021,802.638686936204,49.4,41.6,31.6,45.15266418,0.116,94.2,poverty_215_pct
RWA,2021,13355260.0,5160509.0,38.64027357011395,26.1049092762833,541.35630320227,29.389,842.581492947672,45.8,40.6,30.9,51.64677429,0.121,94.2,poverty_215_pct;skilled_birth_attendance
RWA,2022,13651030.0,5208791.0,38.156761797461435,27.7806702737761,553.345358735306,28.859,1007.05989322914,42.2,39.7,30.5,57.83102036,0.09,94.2,poverty_215_pct;skilled_birth_attendance
RWA,2023,13954471.0,5265212.0,37.73136222791964,28.8555310645477,565.645358735306,28.348,1061.05788154076,38.6,38.8,30.1,52.65630722,0.09,94.2,physicians_per_1000;skilled_birth_attendance
RWA,2024,14256567.0,5326367.0,37.36079660692508,29.8849714294083,565.645358735306,28.062,1059.93709298801,38.6,37.7,29.8,52.65630722,0.09,94.2,pop_density;poverty_215_pct;health_exp_per_capita;physicians_per_1000;skilled_birth_attendance
RWA,2025,14569341.0,5393489.0,37.0194437758029,30.9133840928162,565.645358735306,28.062,1123.73874633225,38.6,37.7,29.8,52.65630722,0.09,94.2,pop_density;birth_rate;poverty_215_pct;under5_mortality;stunting_pct;health_exp_per_capita;physicians_per_1000;skilled_birth_attendance
RWA,2026,14890196.968796333,5450738.8443912,36.60622391909042,30.9133840928162,565.645358735306,28.062,1123.73874633225,38.6,37.7,29.8,52.65630722,0.09,94.2,population_total;population_0_14;urban_pct;pop_density;birth_rate;gdp_per_capita_usd;poverty_215_pct;under5_mortality;stunting_pct;health_exp_per_capita;physicians_per_1000;skilled_birth_attendance
SDN,2005,31262444.0,14192482.0,45.39786460713052,32.4603150404146,19.7661552462527,39.612,905.543640136719,13.1,98.8,38.0,37.07490158,0.346,49.2,pop_density;poverty_215_pct;physicians_per_1000;skilled_birth_attendance
SDN,2006,31992435.0,14485473.0,45.27780708158038,32.4702930558327,19.7661552462527,39.187,1132.474609375,13.1,83.0,37.9,55.32660294,0.346,49.2,pop_density;poverty_215_pct
SDN,2007,32764135.0,14781408.0,45.11459863048422,32.4759528252296,19.7661552462527,38.871,1444.37219238281,13.1,80.4,37.7,81.79016876,0.346,55.025000000000006,pop_density;poverty_215_pct;skilled_birth_attendance
SDN,2008,33623980.0,15102820.0,44.91681234642657,32.4816230749746,19.7661552462527,38.392,1527.58239746094,13.1,77.9,37.3,82.84276581,0.322,60.85,pop_density;poverty_215_pct;skilled_birth_attendance
SDN,2009,34569113.0,15453856.0,44.704230623447,32.5774622972843,19.7661552462527,38.084,1178.22180175781,13.1,75.5,37.0,80.00441742,0.3325714285714286,66.675,pop_density;physicians_per_1000;skilled_birth_attendance
SDN,2010,35414399.0,15799408.0,44.612949664908896,32.7174026591513,19.7661552462527,37.987,1305.63598632813,12.5,73.4,36.6,73.60398865,0.34314285714285714,72.5,pop_density;poverty_215_pct;physicians_per_1000
SDN,2011,36140806.0,16126779.0,44.6220789873917,32.9059760141986,19.7661552462527,37.317,1332.6572265625,11.9,71.3,36.1,80.37197876,0.35371428571428576,73.8,pop_density;poverty_215_pct;physicians_per_1000;skilled_birth_attendance
SDN,2012,36923178.0,16447174.0,44.54430764329116,33.1425561614901,19.7661552462527,36.59,1019.22210693359,11.3,69.3,35.9,75.40776825,0.3642857142857143,75.1,poverty_215_pct;physicians_per_1000;skilled_birth_attendance
SDN,2013,37785849.0,16764692.0,44.36764673462809,33.4264777958103,20.2279705567452,36.015,1138.62780761719,10.7,67.3,35.8,97.4931488,0.3748571428571429,76.4,poverty_215_pct;physicians_per_1000;skilled_birth_attendance
SDN,2014,38823318.0,17089926.0,44.01974607116269,33.7624582408117,20.7833608137045,35.491,1275.43835449219,10.1,65.4,35.6,88.78498077,0.38542857142857145,77.7,physicians_per_1000
SDN,2015,40024431.0,17434636.0,43.55998465037517,34.0914394628597,21.4263549250535,35.683,1292.37963867188,10.1,63.5,35.5,93.69657135,0.396,77.7,poverty_215_pct;skilled_birth_attendance
SDN,2016,41259892.0,17791078.0,43.1195457322089,34.1881958841213,22.0877366167024,35.412,1033.21594238281,10.1,61.6,35.3,89.39633942,0.323,77.7,poverty_215_pct;physicians_per_1000;skilled_birth_attendance
SDN,2017,42714306.0,18175003.0,42.55015403972617,34.2872225663509,22.8663308351178,35.023,966.505676269531,10.1,59.7,35.0,67.75476837,0.25,77.7,poverty_215_pct;skilled_birth_attendance
SDN,2018,44230596.0,18581210.0,42.00985670643009,34.382054222005,23.6780492505353,35.074,731.027465820313,10.1,57.8,34.7,33.88366699,0.25,77.7,poverty_215_pct;physicians_per_1000;skilled_birth_attendance
SDN,2019,45548175.0,18984446.0,41.679926802775306,34.4727685824236,24.3833913276231,34.909,709.975280761719,10.1,56.1,34.4,31.79406929,0.25,77.7,poverty_215_pct;physicians_per_1000;skilled_birth_attendance
SDN,2020,46789231.0,19386632.0,41.433961588297954,34.5594433789246,25.0477682012848,34.48,577.795227050781,10.1,54.3,34.2,22.91861534,0.25,77.7,poverty_215_pct;physicians_per_1000;skilled_birth_attendance
SDN,2021,48066924.0,19793470.0,41.17898203762737,34.6421563427994,25.7317580299786,33.913,712.122009277344,10.1,52.7,34.2,21.69141006,0.25,77.7,poverty_215_pct;physicians_per_1000;skilled_birth_attendance
SDN,2022,49383346.0,20203671.0,40.91191188219607,34.7209852053086,26.4364807280514,33.535,1046.24084472656,10.1,51.0,34.4,25.75139618,0.25,77.7,poverty_215_pct;physicians_per_1000;skilled_birth_attendance
SDN,2023,50042791.0,20342110.0,40.649431403616155,34.7960076976764,26.7895026766595,33.612,797.283447265625,10.1,63.1,34.9,21.0830822,0.25,77.7,poverty_215_pct;physicians_per_1000;skilled_birth_attendance
SDN,2024,50448963.0,20417377.0,40.471351214890184,34.8673015510839,26.7895026766595,32.996,984.607666015625,10.1,61.6,35.4,21.0830822,0.25,77.7,pop_density;poverty_215_pct;health_exp_per_capita;physicians_per_1000;skilled_birth_attendance
SDN,2025,51662147.0,20775074.0,40.21333840422854,34.9349444966605,26.7895026766595,32.996,1164.53991699219,10.1,61.6,35.4,21.0830822,0.25,77.7,pop_density;birth_rate;poverty_215_pct;under5_mortality;stunting_pct;health_exp_per_capita;physicians_per_1000;skilled_birth_attendance
SDN,2026,52696013.23442441,21064474.151330333,39.973563194662454,34.9349444966605,26.7895026766595,32.996,1164.53991699219,10.1,61.6,35.4,21.0830822,0.25,77.7,population_total;population_0_14;urban_pct;pop_density;birth_rate;gdp_per_capita_usd;poverty_215_pct;under5_mortality;stunting_pct;health_exp_per_capita;physicians_per_1000;skilled_birth_attendance
SEN,2005,11235472.0,4824981.0,42.94417715606429,41.9057599695838,58.3569937152652,37.984,979.846101520171,53.6,87.6,21.5,36.00606155,0.062,51.9,physicians_per_1000
SEN,2006,11500094.0,4925690.0,42.831736853629195,42.2046413043069,59.7314392562198,37.583,1017.20196747987,53.55,80.8,20.9,38.28113556,0.062,54.099999999999994,poverty_215_pct;physicians_per_1000;skilled_birth_attendance
SEN,2007,11770344.0,5031450.0,42.746839004875305,42.524343609533,61.1351166052044,37.272,1188.93877808175,53.5,75.0,20.3,40.60185623,0.062,56.3,poverty_215_pct;physicians_per_1000;skilled_birth_attendance
SEN,2008,12048959.0,5143911.0,42.69174623301482,42.867747101036,62.5822417285618,37.344,1398.79218010021,53.45,70.1,19.7,49.05390167,0.062,58.5,poverty_215_pct;skilled_birth_attendance
SEN,2009,12337389.0,5264302.0,42.669498384139466,43.23773199459,64.0803459201163,37.29,1308.69404336205,53.4,66.1,19.2,50.27443314,0.11318,60.699999999999996,poverty_215_pct;physicians_per_1000;skilled_birth_attendance
SEN,2010,12635413.0,5391914.0,42.67303332308964,43.6371785059692,65.6282813068093,37.254,1275.88357492357,53.349999999999994,62.8,18.7,51.38805008,0.16436,62.89999999999999,poverty_215_pct;physicians_per_1000;skilled_birth_attendance
SEN,2011,12958897.0,5531488.0,42.68486739264924,44.0689668509475,67.3084558250662,37.391,1374.67591873844,53.3,60.0,18.4,57.93114853,0.21554,65.1,physicians_per_1000
SEN,2012,13310495.0,5683649.0,42.70050813286809,44.5359772452989,69.1346543395834,37.536,1326.83798848379,48.41428571428571,57.6,18.2,56.61458969,0.26672,57.8,poverty_215_pct;physicians_per_1000;skilled_birth_attendance
SEN,2013,13710849.0,5851883.0,42.68067571891427,45.0398750539456,71.2140913104451,36.748,1379.83196553924,43.528571428571425,55.5,18.2,60.51578903,0.3179,50.5,poverty_215_pct
SEN,2014,14152102.0,6024121.0,42.56696991019426,45.6020905341588,73.5059575131148,35.48,1398.89137601382,38.64285714285714,53.7,18.2,61.40605545,0.26265,59.1,poverty_215_pct;physicians_per_1000
SEN,2015,14593331.0,6182370.0,42.36435122317174,46.2747669629858,75.7976990598868,34.505,1218.00613555438,33.75714285714285,52.2,18.2,53.32304382,0.2074,53.2,poverty_215_pct
SEN,2016,15034521.0,6328972.0,42.096266319359295,47.0553579909929,78.0892380408248,33.828,1266.43957151587,28.87142857142857,50.8,18.1,53.90053558,0.077,58.6,poverty_215_pct
SEN,2017,15475002.0,6461763.0,41.75613676818911,47.9338349639053,80.3770944787825,32.801,1354.77007193387,23.985714285714288,49.4,17.9,56.49185944,0.069,68.4,poverty_215_pct
SEN,2018,15914498.0,6578877.0,41.33889111676661,48.9001692274485,82.6598348309354,31.596,1452.55612562445,19.1,47.9,17.6,64.37467957,0.0785,74.2,physicians_per_1000
SEN,2019,16352922.0,6681724.0,40.859511223743375,49.9443321273477,84.9370072196541,30.405,1431.18128932159,18.7,46.2,17.3,64.33670807,0.088,74.5,poverty_215_pct
SEN,2020,16789219.0,6771271.0,40.3310660251677,51.0562950093282,87.2031319794318,29.931,1461.08720350553,18.3,44.2,17.0,75.16521454,0.082,74.5,poverty_215_pct;skilled_birth_attendance
SEN,2021,17220867.0,6847409.0,39.76227793873561,52.2260292191155,89.4451098530099,29.71,1598.10676952274,17.9,42.2,16.9,71.12162781,0.099,74.5,skilled_birth_attendance
SEN,2022,17651103.0,6912226.0,39.160306299272065,53.4435061024348,91.6797538046019,29.46,1574.0281059306,17.9,40.1,17.0,63.44842529,0.124,74.5,poverty_215_pct;skilled_birth_attendance
SEN,2023,18077573.0,6983294.0,38.62959922772819,54.6992276190794,93.8948371682335,29.423,1698.03387300843,17.9,38.2,17.2,73.22670746,0.109,74.5,poverty_215_pct;skilled_birth_attendance
SEN,2024,18501984.0,7064495.0,38.18236465883875,55.2368169057304,93.8948371682335,29.184,1738.73223822106,17.9,36.5,17.2,73.22670746,0.109,74.5,pop_density;poverty_215_pct;health_exp_per_capita;physicians_per_1000;skilled_birth_attendance
SEN,2025,18931966.0,7145455.0,37.742804946934726,55.7672494455246,93.8948371682335,29.184,1954.71174194867,17.9,36.5,17.2,73.22670746,0.109,74.5,pop_density;birth_rate;poverty_215_pct;under5_mortality;stunting_pct;health_exp_per_capita;physicians_per_1000;skilled_birth_attendance
SEN,2026,19392274.95409245,7222737.42968825,37.24543637498291,55.7672494455246,93.8948371682335,29.184,1954.71174194867,17.9,36.5,17.2,73.22670746,0.109,74.5,population_total;population_0_14;urban_pct;pop_density;birth_rate;gdp_per_capita_usd;poverty_215_pct;under5_mortality;stunting_pct;health_exp_per_capita;physicians_per_1000;skilled_birth_attendance
SLE,2005,5501712.0,2410581.0,43.81510700669173,36.8485519672439,76.2221113881962,41.97,462.633324427945,53.7,193.2,38.1,26.04933357,0.0155,40.0,poverty_215_pct;physicians_per_1000
SLE,2006,5624466.0,2459623.0,43.73078262007451,37.1703805343647,77.9227763923524,41.807,580.26796974773,53.7,186.5,37.8,29.63347244,0.0155,40.8,poverty_215_pct;physicians_per_1000;skilled_birth_attendance
SLE,2007,5749352.0,2508261.0,43.626846990756526,37.5122859420526,79.65297866445,41.058,631.889926264998,53.7,179.6,37.3,31.90766907,0.0155,41.6,poverty_215_pct;physicians_per_1000;skilled_birth_attendance
SLE,2008,5894722.0,2564336.0,43.502238103849514,37.8725951588418,81.6669714602383,40.589,705.359014080005,53.7,172.4,36.7,37.23431396,0.0155,42.4,poverty_215_pct
SLE,2009,6055646.0,2625752.0,43.36039458052865,38.2496351532666,83.8964533111665,39.853,652.845806767943,53.7,165.2,35.9,39.29960632,0.01875,51.599999999999994,poverty_215_pct;physicians_per_1000;skilled_birth_attendance
SLE,2010,6222714.0,2688385.0,43.20277293798172,38.6417328938613,86.2110556940981,39.115,685.039673490948,53.7,157.9,35.1,37.84529114,0.022,60.8,poverty_215_pct
SLE,2011,6387251.0,2747701.0,43.01852236588166,39.0472153491602,88.4905929620393,38.518,761.146365577281,53.7,150.8,34.3,49.6336174,0.026,60.43333333333333,skilled_birth_attendance
SLE,2012,6551080.0,2803642.0,42.79663811157855,39.4644094876975,90.7603214186755,37.775,937.504428180231,51.95714285714286,144.1,33.3,51.99141312,0.033,60.06666666666667,poverty_215_pct;physicians_per_1000;skilled_birth_attendance
SLE,2013,6714051.0,2855214.0,42.52595042843732,39.8916422780075,93.0181629260183,36.6,1117.47183075115,50.214285714285715,137.9,32.4,84.93772125,0.04,59.7,poverty_215_pct;physicians_per_1000
SLE,2014,6876385.0,2902013.0,42.2025962769682,40.3272406886245,95.2671792740371,35.62,1117.7586465721,48.471428571428575,135.9,31.5,143.60603333,0.047,65.175,poverty_215_pct;physicians_per_1000;skilled_birth_attendance
SLE,2015,7037655.0,2944082.0,41.83328111423479,40.7669565187099,97.5014546965918,34.658,964.575980888989,46.72857142857143,136.8,30.9,118.66024017,0.054,70.65,poverty_215_pct;physicians_per_1000;skilled_birth_attendance
SLE,2016,7205328.0,2985598.0,41.43597626645172,41.229411538771,99.8244389027431,34.194,844.416411175476,44.98571428571429,121.8,30.2,84.22316742,0.061,76.125,poverty_215_pct;physicians_per_1000;skilled_birth_attendance
SLE,2017,7379299.0,3027303.0,41.02426260272148,41.7106682105058,102.234677195899,33.808,779.186007841728,43.24285714285715,117.0,29.4,47.37737274,0.068,81.6,poverty_215_pct;physicians_per_1000
SLE,2018,7554563.0,3067524.0,40.604916525284125,42.2011025267803,104.662829038515,33.34,845.914540460932,41.5,112.4,28.5,44.82733536,0.075,84.25,skilled_birth_attendance
SLE,2019,7731991.0,3108368.0,40.201391853663566,42.7018444914441,107.120961485176,32.808,843.71251730417,41.5,108.3,27.4,48.13619995,0.033,86.9,poverty_215_pct
SLE,2020,7912558.0,3150080.0,39.81114577611943,43.2129659123546,109.622582432807,32.196,845.277558236182,41.5,104.4,26.5,47.8861618,0.073,86.9,poverty_215_pct;skilled_birth_attendance
SLE,2021,8094602.0,3189699.0,39.405260443935354,43.7345385973699,112.144666112497,31.644,885.396401613729,41.5,100.6,25.7,44.90049362,0.10350000000000001,86.9,poverty_215_pct;physicians_per_1000;skilled_birth_attendance
SLE,2022,8276807.0,3225988.0,38.976238058951964,44.2666343543487,114.66898032696,31.071,860.371067874555,41.5,97.1,25.4,41.31875229,0.134,86.9,poverty_215_pct;skilled_birth_attendance
SLE,2023,8460512.0,3259980.0,38.53171061042168,44.809324991151,117.214075921308,30.601,758.329137301888,41.5,93.8,25.1,35.76205063,0.134,86.9,poverty_215_pct;physicians_per_1000;skilled_birth_attendance
SLE,2024,8642022.0,3291637.0,38.088736640568605,45.3626823156371,117.214075921308,30.108,806.654650274255,41.5,90.5,25.2,35.76205063,0.134,86.9,pop_density;poverty_215_pct;health_exp_per_capita;physicians_per_1000;skilled_birth_attendance
SLE,2025,8819794.0,3320716.0,37.65072064041405,45.9267781356681,117.214075921308,30.108,846.296172499617,41.5,90.5,25.2,35.76205063,0.134,86.9,pop_density;birth_rate;poverty_215_pct;under5_mortality;stunting_pct;health_exp_per_capita;physicians_per_1000;skilled_birth_attendance
SLE,2026,9013360.647868162,3355936.734356693,37.23291306612077,45.9267781356681,117.214075921308,30.108,846.296172499617,41.5,90.5,25.2,35.76205063,0.134,86.9,population_total;population_0_14;urban_pct;pop_density;birth_rate;gdp_per_capita_usd;poverty_215_pct;under5_mortality;stunting_pct;health_exp_per_capita;physicians_per_1000;skilled_birth_attendance
SOM,2005,10644228.0,5128163.0,48.17787631005273,35.4674928136211,16.9672394554787,49.615,439.979907805478,41.0,173.2,33.4,12.88169384,0.027,9.4,poverty_215_pct;health_exp_per_capita;physicians_per_1000;skilled_birth_attendance
SOM,2006,10975502.0,5331515.0,48.57650246886202,35.9982083823331,17.4953007938279,49.391,457.996662206659,40.655,172.6,33.2,12.88169384,0.027,9.4,poverty_215_pct;health_exp_per_capita
SOM,2007,11322582.0,5533674.0,48.872898425465145,36.5641925012053,18.0485574010903,48.908,479.635628065289,40.31,170.5,32.8,12.88169384,0.029625,11.130769230769232,poverty_215_pct;health_exp_per_capita;physicians_per_1000;skilled_birth_attendance
SOM,2008,11663084.0,5705090.0,48.915792769733976,37.1754203605454,18.5913284662225,48.763,507.03744334738,39.965,166.7,32.2,12.88169384,0.03225,12.861538461538462,poverty_215_pct;health_exp_per_capita;physicians_per_1000;skilled_birth_attendance
SOM,2009,11961201.0,5839939.0,48.82401859144412,37.8418671506609,19.0665364873912,48.426,246.513251675105,39.620000000000005,162.4,31.6,12.88169384,0.034875,14.592307692307692,poverty_215_pct;health_exp_per_capita;physicians_per_1000;skilled_birth_attendance
SOM,2010,12261756.0,5970460.0,48.691720826935395,38.5735080618592,19.5456307584404,48.062,219.202453852397,39.275000000000006,186.7,30.8,12.88169384,0.0375,16.323076923076925,poverty_215_pct;health_exp_per_capita;physicians_per_1000;skilled_birth_attendance
SOM,2011,12348830.0,5964939.0,48.30367735242934,39.380318284448,19.6844294959671,48.58,235.325945610434,38.489999999999995,363.1,30.1,12.88169384,0.040125,18.053846153846152,poverty_215_pct;health_exp_per_capita;physicians_per_1000;skilled_birth_attendance
SOM,2012,12461160.0,5970173.0,47.910250731071585,40.2722730087349,19.8634871042816,48.159,350.261946720512,37.705,185.4,29.4,12.88169384,0.042749999999999996,19.784615384615385,poverty_215_pct;health_exp_per_capita;physicians_per_1000;skilled_birth_attendance
SOM,2013,12869594.0,6149974.0,47.78685326048359,41.2593474250273,20.5145439474607,47.744,393.398703952979,36.92,143.2,28.8,12.88169384,0.045375,21.51538461538462,poverty_215_pct;physicians_per_1000;skilled_birth_attendance
SOM,2014,13339491.0,6363422.0,47.703634269103674,42.3515167236328,21.2635747760385,47.457,429.431656725102,36.135000000000005,138.6,28.3,13.15052128,0.048,23.246153846153845,poverty_215_pct;skilled_birth_attendance
SOM,2015,13806963.0,6575101.0,47.6216312015901,43.8618107408479,22.0087400771511,47.171,445.583080073396,35.35,134.3,27.7,14.11613941,0.048,24.97692307692308,poverty_215_pct;physicians_per_1000;skilled_birth_attendance
SOM,2016,14348740.0,6821366.0,47.53982579655078,45.942842729174,22.8723499218924,46.561,460.928490585175,36.486666666666665,130.2,27.1,11.76618958,0.048,26.707692307692305,poverty_215_pct;physicians_per_1000;skilled_birth_attendance
SOM,2017,14916629.0,7072558.0,47.413916374805595,48.3639630032265,23.7775831287659,46.155,510.939952317726,37.623333333333335,156.4,26.4,13.51753426,0.048,28.43846153846154,poverty_215_pct;physicians_per_1000;skilled_birth_attendance
SOM,2018,15452487.0,7303086.0,47.26155731436629,50.9506215336872,24.6317578984283,45.67,509.497273804534,38.76,136.4,25.7,12.7819252,0.048,30.169230769230772,poverty_215_pct;physicians_per_1000;skilled_birth_attendance
SOM,2019,16030971.0,7556689.0,47.13806169320623,51.6421170703225,25.5538798737527,45.139,539.954816211694,39.89666666666667,118.4,25.0,12.99074364,0.048,31.9,poverty_215_pct;physicians_per_1000
SOM,2020,16651191.0,7831486.0,47.03258763892625,52.286318011754,26.5425303663085,44.544,518.16113333875,41.03333333333333,114.7,24.5,12.79912567,0.048,31.9,poverty_215_pct;physicians_per_1000;skilled_birth_attendance
SOM,2021,17271431.0,8109013.0,46.950440875454966,52.9060649733324,27.5312127395033,44.094,549.056994756254,42.2,111.0,24.1,15.01879692,0.048,31.9,poverty_215_pct;physicians_per_1000;skilled_birth_attendance
SOM,2022,17801897.0,8335106.0,46.82144829845943,53.5010115886789,28.3767924889215,43.789,573.141165798229,40.400000000000006,143.1,24.0,16.31684875,0.048,31.9,poverty_215_pct;physicians_per_1000;skilled_birth_attendance
SOM,2023,18358615.0,8569565.0,46.678711874506874,54.0714435506882,29.2642187649441,42.964,596.885985135589,38.6,104.3,23.9,22.37065506,0.048,31.9,poverty_215_pct;physicians_per_1000;skilled_birth_attendance
SOM,2024,19009151.0,8856978.0,46.59323291187492,54.6176465524521,29.2642187649441,42.346,629.538899449007,38.6,101.1,23.9,22.37065506,0.048,31.9,pop_density;poverty_215_pct;health_exp_per_capita;physicians_per_1000;skilled_birth_attendance
SOM,2025,19654739.0,9150043.0,46.55387690469968,55.1399062872976,29.2642187649441,42.346,661.173877723116,38.6,101.1,23.9,22.37065506,0.048,31.9,pop_density;birth_rate;poverty_215_pct;under5_mortality;stunting_pct;health_exp_per_capita;physicians_per_1000;skilled_birth_attendance
SOM,2026,20317565.888560556,9439281.259551585,46.45872104623617,55.1399062872976,29.2642187649441,42.346,661.173877723116,38.6,101.1,23.9,22.37065506,0.048,31.9,population_total;population_0_14;urban_pct;pop_density;birth_rate;gdp_per_capita_usd;poverty_215_pct;under5_mortality;stunting_pct;health_exp_per_capita;physicians_per_1000;skilled_birth_attendance
SSD,2005,7590143.0,3441922.0,45.34726157333267,16.8695760318857,17.0212523539,44.3,1654.21153546555,44.9,138.4,36.0,28.05690956,0.041,9.7,pop_density;gdp_per_capita_usd;poverty_215_pct;health_exp_per_capita;physicians_per_1000;skilled_birth_attendance
SSD,2006,7976526.0,3577452.0,44.84975038005267,16.9509881842643,17.0212523539,43.183,1654.21153546555,44.9,131.5,35.3,28.05690956,0.041,9.7,pop_density;gdp_per_capita_usd;poverty_215_pct;health_exp_per_capita;physicians_per_1000
SSD,2007,8388788.0,3717498.0,44.31507865021741,16.9986889512954,17.0212523539,42.307,1654.21153546555,44.9,124.9,34.5,28.05690956,0.041,12.125,pop_density;gdp_per_capita_usd;poverty_215_pct;health_exp_per_capita;physicians_per_1000;skilled_birth_attendance
SSD,2008,8817647.0,3862846.0,43.808127043416455,17.0301141193955,17.0212523539,41.624,1654.21153546555,44.9,118.7,33.7,28.05690956,0.041,14.549999999999999,pop_density;poverty_215_pct;health_exp_per_capita;physicians_per_1000;skilled_birth_attendance
SSD,2009,9243556.0,4011036.0,43.39278087350799,17.2937284639317,17.0212523539,41.025,1323.22068747862,44.9,112.7,32.9,28.05690956,0.041,16.974999999999998,pop_density;health_exp_per_capita;physicians_per_1000;skilled_birth_attendance
SSD,2010,9745953.0,4169345.0,42.78026992332099,17.535620199576,17.0212523539,39.878,1498.27034985194,49.41428571428571,107.2,32.1,28.05690956,0.041,19.4,pop_density;poverty_215_pct;health_exp_per_capita;physicians_per_1000
SSD,2011,10288109.0,4338235.0,42.167467315908105,17.7817678106789,17.0212523539,39.791,1448.98435006408,53.92857142857143,102.3,31.3,28.05690956,0.041,21.43,pop_density;poverty_215_pct;health_exp_per_capita;physicians_per_1000;skilled_birth_attendance
SSD,2012,10756240.0,4508228.0,41.912675804928114,18.0321885447664,17.0212523539,39.141,1109.26050083408,58.44285714285714,98.9,31.0,28.05690956,0.041,23.46,poverty_215_pct;health_exp_per_capita;physicians_per_1000;skilled_birth_attendance
SSD,2013,11166275.0,4674125.0,41.859304020364895,18.2868996493633,17.6701137784248,38.295,1650.18943353528,62.957142857142856,97.2,30.8,28.05690956,0.041,25.49,poverty_215_pct;health_exp_per_capita;physicians_per_1000;skilled_birth_attendance
SSD,2014,11235073.0,4770868.0,42.464058756004526,18.5459183719929,17.7789834317092,38.191,1242.73450181032,67.47142857142856,182.6,30.6,28.05690956,0.041,27.52,poverty_215_pct;health_exp_per_capita;physicians_per_1000;skilled_birth_attendance
SSD,2015,11107561.0,4785382.0,43.08220319474275,18.8092619601773,17.5772015887836,35.407,1080.14718624765,71.98571428571428,240.8,30.6,28.05690956,0.041,29.55,poverty_215_pct;health_exp_per_capita;physicians_per_1000;skilled_birth_attendance
SSD,2016,10830102.0,4737615.0,43.74487885709664,19.0769476614377,17.1381355529885,35.052,1080.14718624765,76.5,272.9,30.5,28.05690956,0.041,31.58,gdp_per_capita_usd;health_exp_per_capita;physicians_per_1000;skilled_birth_attendance
SSD,2017,10259154.0,4621413.0,45.04672607507403,19.3489927232944,16.234636747741,32.802,1080.14718624765,76.5,292.0,30.3,28.05690956,0.041,33.61,gdp_per_capita_usd;poverty_215_pct;physicians_per_1000;skilled_birth_attendance
SSD,2018,10122977.0,4546192.0,44.909634784312956,19.6254143932663,16.0191429430475,29.068,1080.14718624765,76.5,133.7,30.1,31.12328529,0.041,35.64,gdp_per_capita_usd;poverty_215_pct;skilled_birth_attendance
SSD,2019,10423384.0,4540519.0,43.560891549232,19.9062299188719,16.4945231275616,29.421,1080.14718624765,76.5,96.7,29.9,35.18021774,0.033,37.67,gdp_per_capita_usd;poverty_215_pct;skilled_birth_attendance
SSD,2020,10698467.0,4538899.0,42.425695195395754,20.1914565476286,16.9298292532401,29.441,1080.14718624765,76.5,96.7,29.7,47.40253067,0.043,39.7,gdp_per_capita_usd;poverty_215_pct
SSD,2021,10865780.0,4523910.0,41.63447078810725,20.4811115270532,17.1945943379805,29.693,1080.14718624765,76.5,96.7,29.7,34.78803635,0.041999999999999996,39.7,gdp_per_capita_usd;poverty_215_pct;physicians_per_1000;skilled_birth_attendance
SSD,2022,11021177.0,4502603.0,40.85410296922007,20.7752121046616,17.4405029038026,29.066,1080.14718624765,76.5,96.7,29.9,48.03352737,0.041,39.7,gdp_per_capita_usd;poverty_215_pct;skilled_birth_attendance
SSD,2023,11483374.0,4576301.0,39.85153666509512,21.0737755279692,18.1719082809805,28.59,1080.14718624765,76.5,96.7,30.0,72.75582886,0.041,39.7,gdp_per_capita_usd;poverty_215_pct;physicians_per_1000;skilled_birth_attendance
SSD,2024,11943408.0,4648072.0,38.917468112954026,21.3768190444906,18.1719082809805,29.222,1080.14718624765,76.5,96.7,30.0,72.75582886,0.041,39.7,pop_density;gdp_per_capita_usd;poverty_215_pct;health_exp_per_capita;physicians_per_1000;skilled_birth_attendance
SSD,2025,12188788.0,4630072.0,37.98631988676807,21.6843599017401,18.1719082809805,29.222,1080.14718624765,76.5,96.7,30.0,72.75582886,0.041,39.7,pop_density;birth_rate;gdp_per_capita_usd;poverty_215_pct;under5_mortality;stunting_pct;health_exp_per_capita;physicians_per_1000;skilled_birth_attendance
SSD,2026,12510893.23132109,4648525.200703058,37.155821848638666,21.6843599017401,18.1719082809805,29.222,1080.14718624765,76.5,96.7,30.0,72.75582886,0.041,39.7,population_total;population_0_14;urban_pct;pop_density;birth_rate;gdp_per_capita_usd;poverty_215_pct;under5_mortality;stunting_pct;health_exp_per_capita;physicians_per_1000;skilled_birth_attendance
STP,2005,161639.0,67943.0,42.033791349859875,59.4188016908917,168.373958333333,38.979,844.169181884274,18.9,55.7,26.3,80.13071442,0.315,80.7,poverty_215_pct;physicians_per_1000;skilled_birth_attendance
STP,2006,165638.0,69562.0,41.996401791859356,60.9734167306206,172.539583333333,38.851,861.970707697664,18.9,51.1,25.1,57.2040329,0.315,80.7,poverty_215_pct;physicians_per_1000
STP,2007,169700.0,71291.0,42.01001767825574,62.4779478773056,176.770833333333,38.915,878.885791918745,18.9,46.9,24.0,59.71631241,0.315,81.03333333333333,poverty_215_pct;physicians_per_1000;skilled_birth_attendance
STP,2008,173793.0,73089.0,42.05520360428786,63.8690133423199,181.034375,38.468,1081.8684584729,18.9,43.1,22.9,64.58831787,0.315,81.36666666666667,poverty_215_pct;physicians_per_1000;skilled_birth_attendance
STP,2009,177853.0,74848.0,42.084193125783656,65.0832313370367,185.263541666667,37.892,1128.28046213305,18.9,39.5,21.8,64.90551758,0.315,81.7,poverty_215_pct;physicians_per_1000
STP,2010,181802.0,76456.0,42.054542854314036,66.0572200728291,189.377083333333,37.323,1045.20958234528,18.9,36.2,20.8,60.94829941,0.315,83.86,physicians_per_1000;skilled_birth_attendance
STP,2011,185649.0,77922.0,41.9727550377325,66.7275977610702,193.384375,36.847,1219.80189089671,18.057142857142857,33.2,19.7,69.45979309,0.315,86.02,poverty_215_pct;physicians_per_1000;skilled_birth_attendance
STP,2012,189439.0,79518.0,41.97551718495136,67.0335889448132,197.332291666667,36.364,1210.7926479817,17.21428571428571,30.4,18.6,86.29039001,0.315,88.18,poverty_215_pct;physicians_per_1000;skilled_birth_attendance
STP,2013,193148.0,81204.0,42.042371652825814,67.1306686401367,201.195833333333,35.361,1382.5757842916,16.37142857142857,27.9,17.6,124.59179688,0.315,90.34,poverty_215_pct;physicians_per_1000;skilled_birth_attendance
STP,2014,196767.0,82705.0,42.03194641377873,67.2606735229492,204.965625,34.27,1489.67633417608,15.528571428571428,25.5,16.7,118.70980835,0.315,92.5,poverty_215_pct;physicians_per_1000
STP,2015,200291.0,83962.0,41.92000639070153,67.3915710449219,208.636458333333,33.025,1298.10946596396,14.685714285714285,23.3,15.7,85.37828827,0.315,93.36,poverty_215_pct;skilled_birth_attendance
STP,2016,203689.0,84920.0,41.69100933285548,67.5218887329102,212.176041666667,31.691,1434.87018050521,13.842857142857142,21.3,14.7,109.73142242,0.35925,94.22,poverty_215_pct;physicians_per_1000;skilled_birth_attendance
STP,2017,206970.0,85598.0,41.35768468860221,67.6520004272461,215.59375,30.564,1555.79477812888,13.0,19.6,13.8,117.07767487,0.40349999999999997,95.08,physicians_per_1000;skilled_birth_attendance
STP,2018,210187.0,86070.0,40.949249953612735,67.7828826904297,218.944791666667,29.804,1825.59971753966,13.0,18.2,12.9,108.87628937,0.44775,95.94,poverty_215_pct;physicians_per_1000;skilled_birth_attendance
STP,2019,213392.0,86366.0,40.47293244357802,67.9129943847656,222.283333333333,29.229,1935.2931816596,13.0,17.1,12.0,106.86884308,0.492,96.8,poverty_215_pct
STP,2020,217435.0,86832.0,39.93469312668154,68.0436706542969,226.494791666667,28.643,2167.22001796925,13.0,16.1,11.3,159.84396362,0.4826666666666667,96.8,poverty_215_pct;physicians_per_1000;skilled_birth_attendance
STP,2021,221961.0,87347.0,39.352408756493254,68.1738967895508,231.209375,28.518,2362.58827248102,13.0,15.3,10.8,187.06524658,0.47333333333333333,96.8,poverty_215_pct;physicians_per_1000;skilled_birth_attendance
STP,2022,226305.0,87776.0,38.78659331433243,68.3720919798341,235.734375,28.277,2389.73729784737,13.0,14.7,10.4,139.02836609,0.464,96.8,poverty_215_pct;skilled_birth_attendance
STP,2023,230871.0,88378.0,38.280251742314974,68.6043921103568,240.490625,28.185,2990.6606143535,13.0,14.1,10.2,171.05166626,0.464,96.8,poverty_215_pct;physicians_per_1000;skilled_birth_attendance
STP,2024,235536.0,89099.0,37.828187623123426,68.8710170184884,240.490625,28.094,3502.6176807171,13.0,13.6,10.0,171.05166626,0.464,96.8,pop_density;poverty_215_pct;health_exp_per_capita;physicians_per_1000;skilled_birth_attendance
STP,2025,240254.0,89988.0,37.455359744270645,69.1721865415984,240.490625,28.094,4084.40062145233,13.0,13.6,10.0,171.05166626,0.464,96.8,pop_density;birth_rate;poverty_215_pct;under5_mortality;stunting_pct;health_exp_per_capita;physicians_per_1000;skilled_birth_attendance
STP,2026,245097.48892674127,90632.83369980616,36.97827917237291,69.1721865415984,240.490625,28.094,4084.40062145233,13.0,13.6,10.0,171.05166626,0.464,96.8,population_total;population_0_14;urban_pct;pop_density;birth_rate;gdp_per_capita_usd;poverty_215_pct;under5_mortality;stunting_pct;health_exp_per_capita;physicians_per_1000;skilled_birth_attendance
SWZ,2005,1079022.0,442968.0,41.052731084259634,22.2102447619336,62.7338372093023,32.535,2871.06877437449,58.2,117.0,34.0,217.26066589,0.157,69.0,poverty_215_pct;physicians_per_1000;skilled_birth_attendance
SWZ,2006,1084436.0,442044.0,40.762571511827346,22.1505527018245,63.0486046511628,32.232,2964.95865200682,58.2,106.4,33.5,237.50752258,0.157,69.0,poverty_215_pct;physicians_per_1000;skilled_birth_attendance
SWZ,2007,1090705.0,440500.0,40.38672234930618,22.139989967508,63.4130813953488,32.163,3109.11097608864,58.2,100.3,32.9,252.24301147,0.157,69.0,poverty_215_pct;physicians_per_1000
SWZ,2008,1098091.0,437717.0,39.861632596934136,22.1692008829856,63.8425,32.28,2946.8606613746,58.2,97.9,32.1,265.72091675,0.157,73.33333333333333,poverty_215_pct;physicians_per_1000;skilled_birth_attendance
SWZ,2009,1105153.0,434423.0,39.308855877873924,22.2343865624794,64.2530813953488,31.889,3189.79679956637,58.2,92.4,31.2,279.68212891,0.157,77.66666666666667,skilled_birth_attendance
SWZ,2010,1111650.0,431333.0,38.80115144155085,22.3330792067471,64.6308139534884,30.867,3922.74039390733,56.24285714285715,82.1,30.2,343.04284668,0.1275,82.0,poverty_215_pct;physicians_per_1000
SWZ,2011,1117833.0,428715.0,38.352329909745016,22.4634753665393,64.9902906976744,30.402,4225.06049411911,54.285714285714285,67.6,29.0,365.25265503,0.098,83.575,poverty_215_pct;skilled_birth_attendance
SWZ,2012,1123863.0,426742.0,37.97099824444794,22.6237715926065,65.3408720930233,29.952,4224.54789174487,52.32857142857143,62.7,27.9,340.03012085,0.097,85.15,poverty_215_pct;physicians_per_1000;skilled_birth_attendance
SWZ,2013,1129990.0,425060.0,37.61626209081496,22.8121644356992,65.6970930232558,29.646,3949.94310039907,50.371428571428574,59.7,27.0,303.40438843,0.096,86.725,poverty_215_pct;physicians_per_1000;skilled_birth_attendance
SWZ,2014,1136299.0,422895.0,37.21687689595784,23.026850446568,66.0638953488372,29.02,3771.07228381938,48.41428571428571,60.0,26.0,282.43395996,0.095,88.3,poverty_215_pct;physicians_per_1000
SWZ,2015,1142813.0,420347.0,36.78178319637596,23.2660261759632,66.4426162790698,28.308,3419.82276559528,46.457142857142856,57.5,25.1,250.71520996,0.094,88.3,poverty_215_pct;physicians_per_1000;skilled_birth_attendance
SWZ,2016,1149507.0,418147.0,36.37620301572761,23.5278881746356,66.8318023255814,27.623,3238.17611961364,44.5,54.4,24.1,226.41770935,0.093,88.3,skilled_birth_attendance
SWZ,2017,1158195.0,416713.0,35.97951985632817,23.8052004963161,67.3369186046512,26.926,3853.09956569679,44.5,53.6,23.2,265.50152588,0.18,88.3,poverty_215_pct;skilled_birth_attendance
SWZ,2018,1168929.0,415636.0,35.55699276859416,24.0579295404227,67.960988372093,26.412,3972.65450620357,44.5,50.4,22.2,292.33929443,0.238,88.3,poverty_215_pct;skilled_birth_attendance
SWZ,2019,1179874.0,414342.0,35.117478646024914,24.3459549517751,68.5973255813954,25.889,3913.14577547336,44.5,51.5,21.4,320.05084229,0.188,88.3,poverty_215_pct;physicians_per_1000;skilled_birth_attendance
SWZ,2020,1192729.0,413712.0,34.68616928069997,24.6652798922192,69.3447093023256,25.39,3466.56936278145,44.5,50.5,20.6,236.99609375,0.138,88.3,poverty_215_pct;skilled_birth_attendance
SWZ,2021,1206593.0,413680.0,34.28496601588108,25.0156180525173,70.1507558139535,24.957,3984.00229174306,44.5,47.9,20.1,297.72213745,0.34950000000000003,88.3,poverty_215_pct;physicians_per_1000;skilled_birth_attendance
SWZ,2022,1218917.0,413829.0,33.95054790441023,25.396682918542,70.8672674418605,24.611,3894.1620089869,44.5,47.3,19.6,284.75802612,0.561,88.3,poverty_215_pct;skilled_birth_attendance
SWZ,2023,1230506.0,414299.0,33.6689947062428,25.8081878500755,71.5410465116279,24.073,3755.52111232464,44.5,46.2,19.3,296.04562378,0.557,88.3,poverty_215_pct;skilled_birth_attendance
SWZ,2024,1242822.0,414509.0,33.352241913966765,26.2498461258639,71.5410465116279,23.648,3909.55892378182,44.5,45.1,18.9,296.04562378,0.557,88.3,pop_density;poverty_215_pct;health_exp_per_capita;physicians_per_1000;skilled_birth_attendance
SWZ,2025,1256174.0,414486.0,32.995906618032215,26.7213709706525,71.5410465116279,23.648,4108.25221093363,44.5,45.1,18.9,296.04562378,0.557,88.3,pop_density;birth_rate;poverty_215_pct;under5_mortality;stunting_pct;health_exp_per_capita;physicians_per_1000;skilled_birth_attendance
SWZ,2026,1269262.3696078586,414640.9736794795,32.66786943408586,26.7213709706525,71.5410465116279,23.648,4108.25221093363,44.5,45.1,18.9,296.04562378,0.557,88.3,population_total;population_0_14;urban_pct;pop_density;birth_rate;gdp_per_capita_usd;poverty_215_pct;under5_mortality;stunting_pct;health_exp_per_capita;physicians_per_1000;skilled_birth_attendance
SYC,2005,82858.0,20731.0,25.019913587100824,42.8510349075107,180.126086956522,18.5,11802.1118276833,0.6,13.8,9.2,457.77093506,1.165,99.0,poverty_215_pct
SYC,2006,84600.0,20726.0,24.498817966903072,42.7880431397027,183.913043478261,17.3,12782.9938926475,0.6,13.8,9.0,487.17950439,0.83,99.0,
SYC,2007,85033.0,20395.0,23.984805898886314,42.7361330057413,184.854347826087,17.6,12669.3026687222,0.7428571428571429,13.9,8.8,428.61749268,0.995,100.0,poverty_215_pct
SYC,2008,86956.0,20401.0,23.461290767744607,42.696637125589,189.034782608696,17.8,11265.4376270005,0.8857142857142857,13.9,8.6,367.36502075,0.757,100.0,poverty_215_pct
SYC,2009,87298.0,20018.0,22.93065133221838,42.6708881192085,189.778260869565,18.1,9747.09180546291,1.0285714285714285,14.0,8.4,310.96310425,1.1,99.0,poverty_215_pct
SYC,2010,89770.0,20187.0,22.487467973710594,42.660307244583,195.152173913043,16.8,10934.79494629,1.1714285714285713,14.1,8.2,449.52416992,1.053,99.0,poverty_215_pct
SYC,2011,87441.0,19395.0,22.180670394894843,42.6739844860866,190.089130434783,18.6,12110.0937461973,1.314285714285714,14.2,8.0,457.16436768,1.103,99.0,poverty_215_pct
SYC,2012,88303.0,19385.0,21.95282153494219,42.7261758463169,191.963043478261,18.6,12337.1554669388,1.457142857142857,14.3,7.8,562.99871826,0.935,99.0,poverty_215_pct
SYC,2013,89949.0,19580.0,21.76789069361527,42.815069634181,195.541304347826,17.4,14821.2921476077,1.6,14.4,7.7,545.24871826,1.1635,98.97142857142858,physicians_per_1000;skilled_birth_attendance
SYC,2014,91359.0,19723.0,21.58845871780558,42.9386256186342,198.60652173913,17.0,15188.1902175113,1.4200000000000002,14.5,7.5,588.18261719,1.392,98.94285714285714,poverty_215_pct;physicians_per_1000;skilled_birth_attendance
SYC,2015,93419.0,19967.0,21.37359637761055,43.094803568632,203.084782608696,17.0,15333.1051727105,1.24,14.6,7.4,566.96704102,1.6205,98.91428571428571,poverty_215_pct;physicians_per_1000;skilled_birth_attendance
SYC,2016,94677.0,20046.0,21.17304097087994,43.2815632531296,205.819565217391,17.4,16566.9946042294,1.06,14.7,7.3,673.19622803,1.849,98.88571428571429,poverty_215_pct;skilled_birth_attendance
SYC,2017,95843.0,20142.0,21.015619294053817,43.4968644410824,208.354347826087,17.2,17480.3651911372,0.88,14.7,7.1,667.09515381,1.968,98.85714285714286,poverty_215_pct;physicians_per_1000;skilled_birth_attendance
SYC,2018,96762.0,20199.0,20.874930241210393,43.7386669014459,210.352173913043,17.1,18440.2340460932,0.7,14.8,6.8,685.10827637,2.087,98.82857142857142,skilled_birth_attendance
SYC,2019,97625.0,20244.0,20.736491677336748,44.0049304031754,212.228260869565,16.4,19141.5118743615,0.7,14.8,6.6,675.47839355,1.869,98.8,poverty_215_pct
SYC,2020,98462.0,20273.0,20.589669110926042,44.2936147152263,214.047826086957,15.8,14041.4754074575,0.7,14.8,6.4,670.88684082,2.7515,99.5,poverty_215_pct;physicians_per_1000
SYC,2021,99258.0,20297.0,20.448729573434886,44.6026796065539,215.778260869565,16.8,14982.9111487767,0.7,14.7,6.3,629.85974121,3.634,99.5,poverty_215_pct;skilled_birth_attendance
SYC,2022,119878.0,24348.0,20.310649159979313,44.9108209981157,260.604347826087,13.1,16682.6990711785,0.7,14.5,6.3,707.34448242,6.598,99.5,poverty_215_pct;skilled_birth_attendance
SYC,2023,119773.0,24122.0,20.139764387633274,45.0971081321658,260.376086956522,13.0,18130.5297135548,0.7,14.3,6.2,766.28778076,6.598,99.5,poverty_215_pct;physicians_per_1000;skilled_birth_attendance
SYC,2024,121354.0,24212.0,19.951546714570593,45.2898622460415,260.376086956522,11.0,18364.5259678223,0.7,14.0,6.2,766.28778076,6.598,99.5,pop_density;poverty_215_pct;health_exp_per_capita;physicians_per_1000;skilled_birth_attendance
SYC,2025,122730.0,24259.0,19.766153344740488,45.4828390704609,260.376086956522,11.0,19449.3836346926,0.7,14.0,6.2,766.28778076,6.598,99.5,pop_density;birth_rate;poverty_215_pct;under5_mortality;stunting_pct;health_exp_per_capita;physicians_per_1000;skilled_birth_attendance
SYC,2026,128258.79354367752,25145.70807154357,19.605445659349975,45.4828390704609,260.376086956522,11.0,19449.3836346926,0.7,14.0,6.2,766.28778076,6.598,99.5,population_total;population_0_14;urban_pct;pop_density;birth_rate;gdp_per_capita_usd;poverty_215_pct;under5_mortality;stunting_pct;health_exp_per_capita;physicians_per_1000;skilled_birth_attendance
TCD,2005,10328092.0,5014860.0,48.55553184460402,21.7519046977973,8.20210609911055,50.672,838.092107712557,45.2,165.4,41.7,31.27608871,0.034,16.6,poverty_215_pct;physicians_per_1000;skilled_birth_attendance
TCD,2006,10706424.0,5205504.0,48.62037968980119,21.7629797848529,8.50256035578145,50.303,906.897260572747,45.2,161.8,41.3,33.8651123,0.034,16.6,poverty_215_pct;skilled_birth_attendance
TCD,2007,11081660.0,5397203.0,48.703921614631746,21.7709046834576,8.80055590851334,50.107,980.483531485103,45.2,158.1,40.9,34.0423584,0.035,16.6,poverty_215_pct;physicians_per_1000;skilled_birth_attendance
TCD,2008,11476296.0,5589086.0,48.701131445197994,21.7755796038887,9.11395806861499,49.53,1166.36883453841,45.2,154.3,40.3,36.89921951,0.036000000000000004,16.6,poverty_215_pct;physicians_per_1000;skilled_birth_attendance
TCD,2009,11893754.0,5791140.0,48.69059844351918,21.7784396568755,9.44548443456163,49.257,1035.63719694254,45.2,150.5,39.6,34.82435226,0.037000000000000005,16.6,poverty_215_pct;physicians_per_1000;skilled_birth_attendance
TCD,2010,12312575.0,6003470.0,48.75885019989726,21.8472378191095,9.77809323379924,48.979,1141.80069268412,45.2,146.7,38.9,35.26005936,0.038,16.6,poverty_215_pct;physicians_per_1000
TCD,2011,12754997.0,6217583.0,48.74625215513575,21.9558736797638,10.1294448856417,48.49,1308.1421872538,45.2,142.9,38.1,37.35868073,0.039,18.14,physicians_per_1000;skilled_birth_attendance
TCD,2012,13210998.0,6433516.0,48.69818313499101,22.1061904148178,10.4915803684879,48.177,1354.34344701937,44.72857142857143,139.3,37.4,36.20247269,0.04,19.68,poverty_215_pct;skilled_birth_attendance
TCD,2013,13691079.0,6655749.0,48.613765211638906,22.2975929852391,10.8728391041931,47.429,1304.88742971475,44.25714285714286,135.8,36.7,38.59413528,0.042,21.22,poverty_215_pct;skilled_birth_attendance
TCD,2014,14188678.0,6882619.0,48.507824337122884,22.5294513486009,11.2680098475222,47.052,1278.78981422494,43.785714285714285,132.3,36.1,42.16276169,0.043,22.76,poverty_215_pct;skilled_birth_attendance
TCD,2015,14647621.0,7108004.0,48.52667883747129,22.8011258828974,11.6324817344346,46.51,993.990730610869,43.31428571428572,128.7,35.5,33.82092285,0.048,24.3,poverty_215_pct
TCD,2016,15114655.0,7332524.0,48.51267858909118,23.1119734707179,12.0033791296061,45.533,861.831767630746,42.84285714285714,125.0,34.8,31.96038055,0.036,30.025000000000002,poverty_215_pct;skilled_birth_attendance
TCD,2017,15622759.0,7561229.0,48.39880715051675,23.461349471105,12.4068924714104,44.917,854.46120040098,42.371428571428574,121.4,34.1,29.9935894,0.042,35.75,poverty_215_pct;skilled_birth_attendance
TCD,2018,16156531.0,7795225.0,48.24813569199972,23.8486084924975,12.830790184244,44.401,948.656629871231,41.9,117.6,33.3,31.2043705,0.05,41.475,skilled_birth_attendance
TCD,2019,16685223.0,8029279.0,48.12209582095487,24.2731047386633,13.2506535895807,44.316,893.336441643325,41.3,114.0,32.6,30.23690224,0.052,47.2,poverty_215_pct
TCD,2020,17224679.0,8261973.0,47.965904038037515,24.7341921795416,13.6790652795426,43.75,866.947814890409,40.7,110.6,32.0,37.73088074,0.058,47.2,poverty_215_pct;skilled_birth_attendance
TCD,2021,17828273.0,8500908.0,47.682173141503945,25.2312246423075,14.1584124841169,43.284,946.358500208374,40.1,107.3,31.6,37.59156799,0.056,47.2,poverty_215_pct;skilled_birth_attendance
TCD,2022,18455316.0,8748503.0,47.4037020010928,25.7635558629694,14.6563818297332,43.35,966.036468278568,39.5,103.9,31.5,40.17007446,0.082,47.2,skilled_birth_attendance
TCD,2023,19319064.0,9029184.0,46.73717111760694,26.3305395171046,15.342331639136,42.396,949.991054236266,39.5,100.6,31.4,47.43893051,0.085,47.2,poverty_215_pct;skilled_birth_attendance
TCD,2024,20299123.0,9350715.0,46.06462555057182,26.9315292389497,15.342331639136,43.264,980.668312111718,39.5,97.3,31.5,47.43893051,0.085,47.2,pop_density;poverty_215_pct;health_exp_per_capita;physicians_per_1000;skilled_birth_attendance
TCD,2025,21003705.0,9653643.0,45.961619628536965,27.5658786336865,15.342331639136,43.264,1022.33559390754,39.5,97.3,31.5,47.43893051,0.085,47.2,pop_density;birth_rate;poverty_215_pct;under5_mortality;stunting_pct;health_exp_per_capita;physicians_per_1000;skilled_birth_attendance
TCD,2026,21853694.341752425,9958931.077270366,45.57092691757567,27.5658786336865,15.342331639136,43.264,1022.33559390754,39.5,97.3,31.5,47.43893051,0.085,47.2,population_total;population_0_14;urban_pct;pop_density;birth_rate;gdp_per_capita_usd;poverty_215_pct;under5_mortality;stunting_pct;health_exp_per_capita;physicians_per_1000;skilled_birth_attendance
TGO,2005,5413154.0,2247962.0,41.52776736076601,35.3487650305291,99.5248023533738,38.169,595.200212014134,67.6,102.4,29.8,20.9699707,0.047,52.4,poverty_215_pct;physicians_per_1000;skilled_birth_attendance
TGO,2006,5569664.0,2319032.0,41.63683841610553,35.795057579151,102.402353373782,38.741,596.249203137762,67.6,99.3,29.4,22.74487495,0.047,52.4,physicians_per_1000
TGO,2007,5748443.0,2415901.0,42.02704975938702,36.2392154091353,105.689336275051,39.184,654.083697666439,67.17999999999999,96.5,29.0,22.34309769,0.047,50.275,poverty_215_pct;skilled_birth_attendance
TGO,2008,5936138.0,2523916.0,42.517812085905014,36.6808327233827,109.140246368818,39.326,771.351190404751,66.75999999999999,93.7,28.5,26.89384079,0.055,48.15,poverty_215_pct;skilled_birth_attendance
TGO,2009,6130946.0,2641034.0,43.077104251122094,37.1195037247939,112.721934179077,39.397,770.172869777254,66.34,90.9,27.9,28.3035717,0.0528,46.025,poverty_215_pct;physicians_per_1000;skilled_birth_attendance
TGO,2010,6325788.0,2757602.0,43.59301955740534,37.5545882975638,116.304247104247,39.292,750.323421086121,65.92,88.3,27.4,30.54597664,0.0506,43.9,poverty_215_pct
TGO,2011,6500582.0,2845377.0,43.77111157124085,37.9872305648732,119.51796286082,38.525,834.14671980279,65.5,85.6,26.8,34.41139603,0.04988,44.075,physicians_per_1000;skilled_birth_attendance
TGO,2012,6653718.0,2901468.0,43.60671732706436,38.4194359598204,122.333480419195,37.494,813.611525037432,64.55,82.9,26.4,35.40290833,0.04916,44.25,poverty_215_pct;physicians_per_1000;skilled_birth_attendance
TGO,2013,6798848.0,2942027.0,43.27243380054974,38.8516767884103,125.001801801802,36.722,885.698522723929,63.6,80.2,26.0,39.56414795,0.04844,44.425,poverty_215_pct;physicians_per_1000;skilled_birth_attendance
TGO,2014,6937644.0,2966888.0,42.76506548909111,39.2839506458368,127.553667953668,36.337,921.539748631461,62.650000000000006,77.7,25.7,41.96416092,0.04772,44.6,poverty_215_pct;physicians_per_1000
TGO,2015,7071502.0,2977110.0,42.10010829382499,39.7162551272934,130.014745357602,36.098,813.894676975085,61.7,75.2,25.4,46.92110825,0.047,52.86666666666667,skilled_birth_attendance
TGO,2016,7200884.0,2974786.0,41.311400100321016,40.1485878279739,132.3935282221,36.002,843.114204338675,52.9,72.8,25.1,50.8783493,0.044,61.13333333333334,poverty_215_pct;skilled_birth_attendance
TGO,2017,7324386.0,2961173.0,40.42895882330615,40.5809463430719,134.664202978489,35.738,872.076408845752,44.099999999999994,70.4,24.6,51.5464592,0.072,69.4,poverty_215_pct
TGO,2018,7458206.0,2974011.0,39.875688603935046,41.013328267781,137.124581724582,35.431,942.480774393154,35.3,68.1,24.2,52.43610382,0.074,69.4,skilled_birth_attendance
TGO,2019,7619925.0,3055476.0,40.098504906544356,41.445731197295,140.097904026475,34.907,917.718016777619,35.1,66.0,23.7,48.85387421,0.074,69.4,poverty_215_pct;skilled_birth_attendance
TGO,2020,7788054.0,3168698.0,40.68664649731499,41.8781527268075,143.189078874793,34.251,961.219781201934,34.9,63.9,23.4,52.75213242,0.079,69.4,poverty_215_pct;skilled_birth_attendance
TGO,2021,7936176.0,3265760.0,41.150297070024656,42.3105904515122,145.912410369553,33.695,1076.29520076949,34.7,62.0,23.2,52.72237015,0.057,69.4,skilled_birth_attendance
TGO,2022,8068616.0,3332111.0,41.29718157364287,42.7332327975627,148.34741680456,33.129,1071.61539220759,34.7,60.0,23.2,55.79545593,0.08,69.4,poverty_215_pct;skilled_birth_attendance
TGO,2023,8223850.0,3382167.0,41.126321613356275,43.2496853032436,151.201507630079,32.643,1182.32951436696,34.7,58.1,23.1,59.60503769,0.08,69.4,poverty_215_pct;physicians_per_1000;skilled_birth_attendance
TGO,2024,8406558.0,3430906.0,40.812256336065246,43.8148491605996,151.201507630079,32.061,1266.08777721447,34.7,56.1,23.0,59.60503769,0.08,69.4,pop_density;poverty_215_pct;health_exp_per_capita;physicians_per_1000;skilled_birth_attendance
TGO,2025,8591626.0,3473195.0,40.42535138284651,44.3949892074399,151.201507630079,32.061,1383.89974929887,34.7,56.1,23.0,59.60503769,0.08,69.4,pop_density;birth_rate;poverty_215_pct;under5_mortality;stunting_pct;health_exp_per_capita;physicians_per_1000;skilled_birth_attendance
TGO,2026,8762028.177833963,3537519.403126921,40.37329407449385,44.3949892074399,151.201507630079,32.061,1383.89974929887,34.7,56.1,23.0,59.60503769,0.08,69.4,population_total;population_0_14;urban_pct;pop_density;birth_rate;gdp_per_capita_usd;poverty_215_pct;under5_mortality;stunting_pct;health_exp_per_capita;physicians_per_1000;skilled_birth_attendance
TUN,2005,10255472.0,2669082.0,26.02593035210861,65.2340901739004,66.0110195674562,16.496,3146.8260743927,5.9,21.6,11.0,169.84550476,0.919,94.6,skilled_birth_attendance
TUN,2006,10346410.0,2632791.0,25.4464205458705,65.5209809651521,66.5963568486097,16.612,3322.56933570096,5.34,20.7,10.7,178.82592773,0.965,94.6,poverty_215_pct;physicians_per_1000
TUN,2007,10441702.0,2607672.0,24.97362977798064,65.8000030517578,67.209719361483,16.769,3726.91672935667,4.78,20.0,10.4,202.32022095,1.011,91.1,poverty_215_pct;skilled_birth_attendance
TUN,2008,10542635.0,2593750.0,24.602483155302256,66.0676053984361,67.8593910916581,17.008,4255.05008019523,4.220000000000001,19.4,10.0,230.50152588,1.094,87.6,poverty_215_pct;skilled_birth_attendance
TUN,2009,10650681.0,2592298.0,24.33926994902955,66.3362197875977,68.554846807415,17.303,4080.09032448781,3.66,19.0,9.7,231.3591156,1.1505,84.1,poverty_215_pct;physicians_per_1000;skilled_birth_attendance
TUN,2010,10765980.0,2604614.0,24.193004259714396,66.6280059814453,69.2969876416066,17.94,4291.86120891575,3.1,18.7,9.4,240.75447083,1.207,80.6,skilled_birth_attendance
TUN,2011,10886035.0,2629325.0,24.15319259950937,66.9191886197857,70.069741246138,18.892,4420.64772206537,2.62,18.5,9.1,270.67507935,1.2185000000000001,77.1,poverty_215_pct;physicians_per_1000;skilled_birth_attendance
TUN,2012,11009647.0,2664693.0,24.20325556305302,67.2098922729492,70.865390061792,19.58,4297.26782454273,2.1399999999999997,18.4,8.9,270.29055786,1.23,73.6,poverty_215_pct;physicians_per_1000
TUN,2013,11141361.0,2714401.0,24.363280213252224,67.4999542236328,71.713188722966,19.755,4369.79345826358,1.6599999999999997,18.3,8.8,284.64538574,1.2414999999999998,77.91666666666666,poverty_215_pct;physicians_per_1000;skilled_birth_attendance
TUN,2014,11274288.0,2767952.0,24.55101377577014,67.7524643379101,72.5687950566426,19.658,4458.97895464547,1.1799999999999997,18.3,8.7,287.60955811,1.253,82.23333333333333,poverty_215_pct;skilled_birth_attendance
TUN,2015,11402264.0,2816915.0,24.70487440038224,67.8807907104492,73.3925334706488,19.415,4014.94773686432,0.7,18.2,8.7,249.46418762,1.285,86.55,skilled_birth_attendance
TUN,2016,11528674.0,2866078.0,24.860430609799533,68.0623356528248,74.2061920700309,18.954,3847.80354448809,0.7,18.1,8.7,240.40258789,1.258,90.86666666666666,poverty_215_pct;skilled_birth_attendance
TUN,2017,11650498.0,2912206.0,24.996407878873505,68.2877807617188,74.9903321318229,18.168,3619.03247319953,0.7,17.9,8.7,223.85903931,1.278,95.18333333333334,poverty_215_pct;skilled_birth_attendance
TUN,2018,11765514.0,2951010.0,25.081862126890503,68.5485240272509,75.7306513903193,17.344,3628.10366464236,0.7,17.5,8.6,215.418396,1.2885,99.5,poverty_215_pct;physicians_per_1000
TUN,2019,11875081.0,2982007.0,25.111466608101452,68.8206382576031,76.4358972708548,16.82,3528.87213306798,0.7,16.9,8.6,212.60031128,1.299,99.5,poverty_215_pct;skilled_birth_attendance
TUN,2020,11974057.0,3003494.0,25.083344767775866,69.1043166438476,77.0729724510814,15.787,3548.65363663803,0.7,16.0,8.6,250.40145874,1.315,99.5,poverty_215_pct;skilled_birth_attendance
TUN,2021,12048622.0,3007471.0,24.96112003513763,69.3997523770568,77.5529222451081,13.999,3906.93926319391,0.7,15.0,8.7,285.25247192,1.315,99.5,skilled_birth_attendance
TUN,2022,12119334.0,2998149.0,24.738562366545885,69.707138648303,78.0080715756952,14.124,3707.29283414381,0.7,13.9,8.7,276.46380615,1.315,99.5,poverty_215_pct;physicians_per_1000;skilled_birth_attendance
TUN,2023,12200431.0,2981164.0,24.434907258604223,70.0266686486584,78.530065653965,13.748,3951.11683376921,0.7,12.9,8.9,317.70983887,1.315,99.5,poverty_215_pct;physicians_per_1000;skilled_birth_attendance
TUN,2024,12277109.0,2951290.0,24.03896552519001,70.3585355691955,78.530065653965,13.37,4187.64079392362,0.7,12.1,8.9,317.70983887,1.315,99.5,pop_density;poverty_215_pct;health_exp_per_capita;physicians_per_1000;skilled_birth_attendance
TUN,2025,12348573.0,2909431.0,23.56086812621993,70.7029326009864,78.530065653965,13.37,4656.63818386852,0.7,12.1,8.9,317.70983887,1.315,99.5,pop_density;birth_rate;poverty_215_pct;under5_mortality;stunting_pct;health_exp_per_capita;physicians_per_1000;skilled_birth_attendance
TUN,2026,12424870.299372908,2890974.896805702,23.267646479590304,70.7029326009864,78.530065653965,13.37,4656.63818386852,0.7,12.1,8.9,317.70983887,1.315,99.5,population_total;population_0_14;urban_pct;pop_density;birth_rate;gdp_per_capita_usd;poverty_215_pct;under5_mortality;stunting_pct;health_exp_per_capita;physicians_per_1000;skilled_birth_attendance
TZA,2005,39182076.0,17563173.0,44.82450853293225,24.7061884538741,44.2335470760894,41.465,483.334869384766,61.9,92.2,44.3,27.71374512,0.031,43.4,poverty_215_pct;physicians_per_1000
TZA,2006,40294902.0,18107515.0,44.93748365488021,25.3741033202009,45.489841950779,40.973,475.746734619141,61.9,86.7,43.5,35.59762955,0.031,44.5,poverty_215_pct;physicians_per_1000;skilled_birth_attendance
TZA,2007,41435512.0,18658012.0,45.029036928516774,26.0720614791471,46.7775028223075,40.168,543.198303222656,61.9,81.3,42.7,36.23610306,0.031,45.6,physicians_per_1000;skilled_birth_attendance
TZA,2008,42570728.0,19208680.0,45.12180294403234,26.7851328989335,48.0590742831339,39.579,675.977233886719,59.3,76.6,41.8,36.26182556,0.031,46.699999999999996,poverty_215_pct;physicians_per_1000;skilled_birth_attendance
TZA,2009,43633982.0,19751188.0,45.265609725924165,27.498387547781,49.2594061864981,39.162,693.823547363281,56.7,72.0,40.8,33.9993782,0.031,47.8,poverty_215_pct;physicians_per_1000;skilled_birth_attendance
TZA,2010,44758488.0,20288433.0,45.3286826847234,28.1968953939105,50.5288868819147,38.756,736.530151367188,54.1,68.2,39.8,37.18493271,0.031,48.9,poverty_215_pct;physicians_per_1000
TZA,2011,46029367.0,20822530.0,45.23748936195451,28.865726405543,51.9636114247008,38.108,775.392761230469,51.5,64.6,38.7,37.75179672,0.031,55.15,physicians_per_1000;skilled_birth_attendance
TZA,2012,47374260.0,21365190.0,45.09873082977972,29.4878764597911,53.4818920749605,38.102,861.969909667969,51.47142857142857,61.7,37.7,41.99654007,0.031,61.4,poverty_215_pct
TZA,2013,48824128.0,21939777.0,44.93634172022489,30.0725108782502,55.1186814179273,38.408,963.05712890625,51.44285714285714,59.0,36.7,43.46931839,0.0455,61.925,poverty_215_pct;physicians_per_1000;skilled_birth_attendance
TZA,2014,50351512.0,22543044.0,44.77133477143646,30.6443077170742,56.8429803567397,38.355,1022.74841308594,51.41428571428571,56.3,35.8,39.85456848,0.06,62.45,poverty_215_pct;skilled_birth_attendance
TZA,2015,52020962.0,23163053.0,44.52638342212895,31.2061566592472,58.7276608715286,37.622,939.127319335938,51.385714285714286,54.3,34.9,33.27184296,0.057499999999999996,62.975,poverty_215_pct;physicians_per_1000;skilled_birth_attendance
TZA,2016,53824013.0,23800749.0,44.21957352009409,31.7577303242916,60.7631666290359,37.632,953.0107421875,51.357142857142854,52.0,34.1,36.65267563,0.055,63.5,poverty_215_pct;physicians_per_1000
TZA,2017,55652890.0,24464967.0,43.959921937566946,32.2987013317296,62.8278279521337,37.611,986.674011230469,51.32857142857143,49.8,33.3,39.03767014,0.052500000000000005,63.5,poverty_215_pct;physicians_per_1000;skilled_birth_attendance
TZA,2018,57437145.0,25136697.0,43.763834361892464,32.8287423010834,64.842114472793,37.335,1023.10626220703,51.3,47.6,32.5,41.27171326,0.05,63.5,skilled_birth_attendance
TZA,2019,59174891.0,25795033.0,43.59117957648625,33.3475258518752,66.8038959132987,36.883,1063.32250976563,51.3,45.6,31.7,39.97783661,0.07100000000000001,63.5,poverty_215_pct;physicians_per_1000;skilled_birth_attendance
TZA,2020,60972798.0,26445503.0,43.372624953179944,33.8547246036273,68.8335944908557,36.437,1117.41528320313,51.3,43.8,31.0,31.7036171,0.092,63.5,poverty_215_pct;physicians_per_1000;skilled_birth_attendance
TZA,2021,62830412.0,27100555.0,43.132862155989045,34.3500111758619,70.9306976744186,36.015,1159.85656738281,51.3,41.7,30.5,37.53121185,0.113,63.5,poverty_215_pct;physicians_per_1000;skilled_birth_attendance
TZA,2022,64711821.0,27771870.0,42.91622391525653,34.8234736377147,73.0546635809438,35.637,1207.52062988281,51.3,40.1,30.3,35.93323135,0.134,63.5,poverty_215_pct;skilled_birth_attendance
TZA,2023,66617606.0,28461636.0,42.72389494152642,35.4748019434954,75.2061481146986,35.222,1224.00219726563,51.3,38.5,30.1,36.25619888,0.134,63.5,poverty_215_pct;physicians_per_1000;skilled_birth_attendance
TZA,2024,68560157.0,29162822.0,42.5361073779338,36.1684458862992,75.2061481146986,34.801,1192.60668945313,51.3,37.0,29.9,36.25619888,0.134,63.5,pop_density;poverty_215_pct;health_exp_per_capita;physicians_per_1000;skilled_birth_attendance
TZA,2025,70545865.0,29869466.0,42.34049153695968,36.8833115936643,75.2061481146986,34.801,1318.81921386719,51.3,37.0,29.9,36.25619888,0.134,63.5,pop_density;birth_rate;poverty_215_pct;under5_mortality;stunting_pct;health_exp_per_capita;physicians_per_1000;skilled_birth_attendance
TZA,2026,72633780.71682636,30605718.804412566,42.13703114771559,36.8833115936643,75.2061481146986,34.801,1318.81921386719,51.3,37.0,29.9,36.25619888,0.134,63.5,population_total;population_0_14;urban_pct;pop_density;birth_rate;gdp_per_capita_usd;poverty_215_pct;under5_mortality;stunting_pct;health_exp_per_capita;physicians_per_1000;skilled_birth_attendance
UGA,2005,27963289.0,14002864.0,50.075883419865235,13.7907239496723,139.949396927081,45.833,330.405402707025,72.4,106.5,41.2,25.86819267,0.12,41.9,skilled_birth_attendance
UGA,2006,28794003.0,14408196.0,50.03887788717672,14.5851520274647,144.106916570742,45.184,346.518255310647,70.17500000000001,99.2,40.4,31.60310555,0.11685714285714285,41.9,poverty_215_pct;physicians_per_1000
UGA,2007,29653430.0,14815408.0,49.96186950379771,15.494298100139,148.408137730844,44.524,401.389130865581,67.95,92.5,39.5,36.10126495,0.11371428571428571,45.0,poverty_215_pct;physicians_per_1000;skilled_birth_attendance
UGA,2008,30539553.0,15219661.0,49.835899693751244,16.5070641943955,152.842965817527,43.784,472.842681495852,65.725,86.4,38.3,40.04308701,0.11057142857142857,48.1,poverty_215_pct;physicians_per_1000;skilled_birth_attendance
UGA,2009,31451151.0,15622719.0,49.67296427402609,17.6123523369348,157.405290025524,43.381,798.947089938247,63.5,81.2,37.1,44.3670578,0.10742857142857143,51.2,physicians_per_1000;skilled_birth_attendance
UGA,2010,32390802.0,16027726.0,49.482337609300316,18.7990645544572,161.534021543986,42.889,823.488144282,61.06666666666667,76.0,35.9,51.88574982,0.10428571428571429,54.3,poverty_215_pct;physicians_per_1000;skilled_birth_attendance
UGA,2011,33354543.0,16439675.0,49.287663752430966,20.0561028736631,166.340230400958,42.22,835.620060555838,58.63333333333333,70.9,34.6,55.2076683,0.10114285714285715,57.4,poverty_215_pct;physicians_per_1000
UGA,2012,34337438.0,16851425.0,49.07595319138254,21.372369321253,171.241960901656,41.419,795.222867553127,56.2,66.5,33.4,55.03918457,0.098,60.76,skilled_birth_attendance
UGA,2013,35337042.0,17254289.0,48.82776832310979,22.7367659239271,176.227019748654,40.551,818.285427416713,57.175000000000004,62.8,32.3,52.906353,0.09766666666666667,64.12,poverty_215_pct;physicians_per_1000;skilled_birth_attendance
UGA,2014,36395539.0,17651085.0,48.49793542005244,24.1938503391826,181.505779972073,39.714,896.054795546394,58.150000000000006,60.2,31.1,50.957798,0.09733333333333334,67.48,poverty_215_pct;physicians_per_1000;skilled_birth_attendance
UGA,2015,37531446.0,18042457.0,48.07290665006619,24.9777856560427,187.170586475165,39.007,862.934610355811,59.125,57.9,29.9,40.09843445,0.097,70.84,poverty_215_pct;skilled_birth_attendance
UGA,2016,38799152.0,18438496.0,47.52293555281827,25.6953567134098,193.49267903451,38.279,752.696571725656,60.1,55.6,28.7,39.08125305,0.1345,74.2,physicians_per_1000
UGA,2017,40177388.0,18844081.0,46.902205290199554,26.4139260579546,200.365988430082,37.944,765.218332297361,60.0,54.0,27.5,31.43818092,0.172,74.2,poverty_215_pct;skilled_birth_attendance
UGA,2018,41565831.0,19256735.0,46.3282810344872,27.1280475018884,207.290200478755,37.673,792.16570022814,59.9,52.7,26.3,32.9515686,0.16733333333333333,74.2,poverty_215_pct;physicians_per_1000;skilled_birth_attendance
UGA,2019,42999637.0,19678044.0,45.76327935047452,27.8369781799403,214.440639337722,37.212,822.171150036357,59.8,51.6,25.4,33.36559677,0.16266666666666665,74.2,physicians_per_1000;skilled_birth_attendance
UGA,2020,44457152.0,20105205.0,45.22378086657463,28.5399752271502,221.709315778975,36.803,845.766463890124,59.8,50.9,24.6,44.73381805,0.158,74.2,poverty_215_pct;skilled_birth_attendance
UGA,2021,45910930.0,20537133.0,44.73255714924529,29.2362957789022,228.959355675244,36.342,882.791717542504,59.8,50.2,24.1,51.03484726,0.1745,74.2,poverty_215_pct;physicians_per_1000;skilled_birth_attendance
UGA,2022,47312719.0,20962891.0,44.3070942509138,29.9251969709665,235.950124675843,35.8,963.067314117178,59.8,50.0,23.9,44.47286224,0.191,74.2,poverty_215_pct;skilled_birth_attendance
UGA,2023,48656601.0,21378767.0,43.93806094264579,30.6059359395495,242.65210951526,35.201,1002.30913917142,59.8,49.4,23.7,45.21318436,0.191,74.2,poverty_215_pct;physicians_per_1000;skilled_birth_attendance
UGA,2024,50015092.0,21778080.0,43.54301697575604,31.2777698213557,242.65210951526,34.436,1077.91278438613,59.8,48.7,23.5,45.21318436,0.191,74.2,pop_density;poverty_215_pct;health_exp_per_capita;physicians_per_1000;skilled_birth_attendance
UGA,2025,51384894.0,22152625.0,43.111162202650455,31.9399557536617,242.65210951526,34.436,1206.30450825002,59.8,48.7,23.5,45.21318436,0.191,74.2,pop_density;birth_rate;poverty_215_pct;under5_mortality;stunting_pct;health_exp_per_capita;physicians_per_1000;skilled_birth_attendance
UGA,2026,52894952.37546303,22586478.984082147,42.70063204473096,31.9399557536617,242.65210951526,34.436,1206.30450825002,59.8,48.7,23.5,45.21318436,0.191,74.2,population_total;population_0_14;urban_pct;pop_density;birth_rate;gdp_per_capita_usd;poverty_215_pct;under5_mortality;stunting_pct;health_exp_per_capita;physicians_per_1000;skilled_birth_attendance
ZAF,2005,49490033.0,15375680.0,31.068235497034323,59.8241758378997,40.796670486114,22.718,5836.87663325127,40.7,79.8,26.2,400.5355835,0.679,94.3,physicians_per_1000;skilled_birth_attendance
ZAF,2006,49998277.0,15305962.0,30.612978923253696,60.5276465215157,41.2156369271859,23.144,6077.38293388876,39.46666666666667,76.9,25.8,417.91174316,0.679,94.3,poverty_215_pct;physicians_per_1000;skilled_birth_attendance
ZAF,2007,50528584.0,15269384.0,30.219299238625013,61.1840533154988,41.6527908069476,23.088,6591.85535960564,38.233333333333334,71.2,25.2,455.17498779,0.679,94.3,poverty_215_pct;skilled_birth_attendance
ZAF,2008,51114599.0,15289925.0,29.913029348034208,61.7692983894896,42.1358670832337,24.33,6184.75474328399,37.0,63.7,24.5,442.10626221,0.679,94.3,
ZAF,2009,51728516.0,15350836.0,29.675771096932298,62.2592839131287,42.6419441261572,22.779,6374.70560042992,32.4,56.9,23.8,487.62774658,0.69,94.6,poverty_215_pct;skilled_birth_attendance
ZAF,2010,52344051.0,15390825.0,29.403198082624517,62.6299120560569,43.1493549530538,22.178,7973.47195771517,27.8,50.3,23.1,621.41906738,0.705,94.9,skilled_birth_attendance
ZAF,2011,52995205.0,15434793.0,29.12488592128288,62.850627754452,43.6861279872062,22.075,8646.05571071635,27.825,45.6,22.5,686.87243652,0.709,95.2,poverty_215_pct;skilled_birth_attendance
ZAF,2012,53782567.0,15544259.0,28.902039949115853,62.9616560303263,44.3351828800831,22.118,8076.97678479741,27.85,43.1,22.3,646.49920654,0.715,95.5,poverty_215_pct;skilled_birth_attendance
ZAF,2013,54678791.0,15686327.0,28.688137965596205,63.0524024097034,45.0739771987239,21.894,7331.65467384919,27.875,41.4,22.2,593.80157471,0.729,95.8,poverty_215_pct;skilled_birth_attendance
ZAF,2014,55594838.0,15847081.0,28.50459066001775,63.1352327065742,45.8291124318888,21.784,6856.73137092522,27.9,39.7,22.2,539.30780029,0.74,96.1,skilled_birth_attendance
ZAF,2015,56723537.0,16057590.0,28.30851327201264,63.2096349937231,46.7595454582925,21.007,6112.27382485974,26.5875,38.2,22.2,491.90652466,0.763,96.4,poverty_215_pct;skilled_birth_attendance
ZAF,2016,57259551.0,16219997.0,28.327146679861322,63.2750973439347,47.2014038529705,20.27,5651.20585165749,25.275,36.8,22.2,456.56936646,0.753,96.7,poverty_215_pct
ZAF,2017,57635162.0,16289760.0,28.26357979179446,63.3311078299936,47.5110354549127,20.038,6618.33508255701,23.9625,35.7,22.2,527.52026367,0.775,96.7,poverty_215_pct;skilled_birth_attendance
ZAF,2018,58613001.0,16327501.0,27.856449459054314,63.3771545246841,48.3171083761304,19.85,6914.1780318076,22.65,34.9,22.1,558.80145264,0.742,96.7,poverty_215_pct;skilled_birth_attendance
ZAF,2019,59587885.0,16344966.0,27.430015346240264,63.4127255007908,49.1207453692636,19.694,6533.71121032856,21.3375,34.3,22.2,538.80438232,0.779,96.7,poverty_215_pct;skilled_birth_attendance
ZAF,2020,60562381.0,16351330.0,26.999153154166777,63.4373088310982,49.9240625180325,19.522,5580.60383075189,20.025,33.9,22.5,503.46759033,0.78,96.7,poverty_215_pct;physicians_per_1000;skilled_birth_attendance
ZAF,2021,61502603.0,16368027.0,26.61355162479871,63.4503925883909,50.6991261983859,19.354,6828.75624590017,18.7125,34.0,22.9,592.9465332,0.781,96.7,poverty_215_pct;skilled_birth_attendance
ZAF,2022,62378410.0,16418735.0,26.32118228085647,63.4766699210327,51.4210899438624,19.079,6534.24867783397,17.4,34.3,23.5,570.48028564,0.794,96.7,skilled_birth_attendance
ZAF,2023,63212384.0,16488886.0,26.084898174383046,63.5823705163545,52.1085690262058,18.775,6034.27208964673,17.4,34.8,23.9,536.58843994,0.794,96.7,poverty_215_pct;physicians_per_1000;skilled_birth_attendance
ZAF,2024,64007187.0,16567466.0,25.883758959755568,63.6917984858172,52.1085690262058,18.48,6267.186814093,17.4,35.1,24.4,536.58843994,0.794,96.7,pop_density;poverty_215_pct;health_exp_per_capita;physicians_per_1000;skilled_birth_attendance
ZAF,2025,64747319.0,16655202.0,25.723384778294836,63.8154011002522,52.1085690262058,18.48,6597.71450918774,17.4,35.1,24.4,536.58843994,0.794,96.7,pop_density;birth_rate;poverty_215_pct;under5_mortality;stunting_pct;health_exp_per_capita;physicians_per_1000;skilled_birth_attendance
ZAF,2026,65618388.438530505,16716650.725903004,25.475558183759272,63.8154011002522,52.1085690262058,18.48,6597.71450918774,17.4,35.1,24.4,536.58843994,0.794,96.7,population_total;population_0_14;urban_pct;pop_density;birth_rate;gdp_per_capita_usd;poverty_215_pct;under5_mortality;stunting_pct;health_exp_per_capita;physicians_per_1000;skilled_birth_attendance
ZMB,2005,11718819.0,5521423.0,47.11586551511718,37.2969823813059,15.7640256123973,43.838,710.982068171696,72.0,102.7,49.7,44.99598694,0.055,45.2,poverty_215_pct;skilled_birth_attendance
ZMB,2006,12129553.0,5695067.0,46.9519940264905,37.8392213204204,16.3165404431052,43.681,1051.71714895686,72.0,94.8,48.8,58.68175507,0.054,45.2,skilled_birth_attendance
ZMB,2007,12565085.0,5878766.0,46.78651994793509,38.4034874343601,16.9024132689436,43.178,1118.73162626953,71.85,89.1,47.7,51.02414322,0.057499999999999996,45.2,poverty_215_pct;physicians_per_1000
ZMB,2008,13021324.0,6069346.0,46.61082083511631,38.9629632271162,17.5161409219925,42.632,1375.50211006997,71.7,84.2,46.4,61.82287216,0.061,47.785714285714285,poverty_215_pct;skilled_birth_attendance
ZMB,2009,13490389.0,6263551.0,46.42972860159926,39.4908312026796,18.1471219682804,42.034,1136.24168316848,71.55000000000001,78.4,45.0,59.38909531,0.059,50.371428571428574,poverty_215_pct;skilled_birth_attendance
ZMB,2010,13965594.0,6459492.0,46.25289837295857,39.9558857709992,18.7863624746096,41.393,1451.10616017155,71.4,74.3,43.6,59.98767853,0.06,52.957142857142856,skilled_birth_attendance
ZMB,2011,14437796.0,6655129.0,46.09518655063418,40.3684491825881,19.4215633785765,40.661,1624.86817763443,70.7,71.8,42.1,64.3181076,0.065,55.542857142857144,poverty_215_pct;physicians_per_1000;skilled_birth_attendance
ZMB,2012,14913629.0,6849522.0,45.927936118030026,40.7698556821596,20.0616486635548,39.864,1710.05061343728,70.0,69.2,40.8,69.17604828,0.06999999999999999,58.128571428571426,poverty_215_pct;physicians_per_1000;skilled_birth_attendance
ZMB,2013,15398997.0,7040702.0,45.72182201217391,41.1682266235825,20.7145603249976,38.983,1820.71854827391,69.30000000000001,66.0,39.6,83.29361725,0.075,60.71428571428571,poverty_215_pct;physicians_per_1000;skilled_birth_attendance
ZMB,2014,15895315.0,7227125.0,45.46701339356911,41.5634741658525,21.3822018052435,38.114,1707.48573136694,68.60000000000001,62.6,38.6,65.39261627,0.08,63.3,poverty_215_pct;physicians_per_1000
ZMB,2015,16399089.0,7408879.0,45.178601079608754,41.9555104679652,22.0598730141648,37.344,1295.87788680068,67.9,60.2,37.7,57.38765335,0.08499999999999999,67.575,physicians_per_1000;skilled_birth_attendance
ZMB,2016,16914423.0,7587552.0,44.85847374161093,42.3442476889162,22.7530946071376,36.617,1239.08527877713,68.44285714285715,57.1,36.5,55.39532089,0.09,71.85,poverty_215_pct;skilled_birth_attendance
ZMB,2017,17441320.0,7762979.0,44.5091254561008,42.7295979877011,23.4618706197285,35.938,1483.46577328065,68.9857142857143,55.2,35.2,70.93283844,0.157,76.125,poverty_215_pct;physicians_per_1000;skilled_birth_attendance
ZMB,2018,17973569.0,7934437.0,44.14502762361777,43.1114735233156,24.1778460834824,35.464,1463.89997855593,69.52857142857144,54.7,33.9,69.82767487,0.224,80.4,poverty_215_pct
ZMB,2019,18513839.0,8101056.0,43.756759470577656,43.4897864547552,24.9046113076582,35.006,1258.98619844462,70.07142857142857,53.5,32.8,85.02349854,0.237,80.4,poverty_215_pct
ZMB,2020,19059395.0,8259275.0,43.334402797150695,43.8644489410157,25.6384872005273,34.408,951.644316655957,70.61428571428571,52.5,32.0,60.01779938,0.253,80.4,poverty_215_pct;skilled_birth_attendance
ZMB,2021,19603607.0,8408617.0,42.89321347851954,44.2353731410926,26.3705551594721,33.93,1127.16077872857,71.15714285714286,50.4,31.6,74.83802795,0.295,80.4,poverty_215_pct;skilled_birth_attendance
ZMB,2022,20152938.0,8552648.0,42.43871538730482,44.5988511178469,27.1095091405588,33.542,1447.12310138035,71.7,49.5,31.8,75.40128326,0.324,80.4,skilled_birth_attendance
ZMB,2023,20723965.0,8694765.0,41.9551229699529,45.0285853521585,27.8776483407095,33.081,1330.72780576709,71.7,49.1,32.0,79.55635071,0.324,80.4,poverty_215_pct;physicians_per_1000;skilled_birth_attendance
ZMB,2024,21314956.0,8836615.0,41.45734572475777,45.4703838491279,27.8776483407095,32.724,1187.10943350064,71.7,48.4,32.3,79.55635071,0.324,80.4,pop_density;poverty_215_pct;health_exp_per_capita;physicians_per_1000;skilled_birth_attendance
ZMB,2025,21913874.0,8978338.0,40.97102137212252,45.9171510161461,27.8776483407095,32.724,1317.87771619597,71.7,48.4,32.3,79.55635071,0.324,80.4,pop_density;birth_rate;poverty_215_pct;under5_mortality;stunting_pct;health_exp_per_capita;physicians_per_1000;skilled_birth_attendance
ZMB,2026,22534149.440311983,9129495.013737943,40.51404308789188,45.9171510161461,27.8776483407095,32.724,1317.87771619597,71.7,48.4,32.3,79.55635071,0.324,80.4,population_total;population_0_14;urban_pct;pop_density;birth_rate;gdp_per_capita_usd;poverty_215_pct;under5_mortality;stunting_pct;health_exp_per_capita;physicians_per_1000;skilled_birth_attendance
ZWE,2005,12483432.0,5229745.0,41.893487303811966,32.6482709722903,32.2694377665762,35.803,461.271387547912,35.7,91.6,34.2,94.44809723,0.121,68.5,poverty_215_pct;health_exp_per_capita;skilled_birth_attendance
ZWE,2006,12636445.0,5310140.0,42.022420071467884,32.6640794641194,32.6649735039421,35.203,431.034994414964,35.7,87.6,34.3,94.44809723,0.0877,68.5,poverty_215_pct;health_exp_per_capita;physicians_per_1000
ZWE,2007,12804058.0,5394625.0,42.13215060412878,32.67762208489,33.0982499676877,35.651,413.521244592925,35.7,90.6,34.1,94.44809723,0.0544,65.73333333333333,poverty_215_pct;health_exp_per_capita;skilled_birth_attendance
ZWE,2008,12959149.0,5489264.0,42.358213490716096,32.6912786206175,33.4991572961096,36.361,340.917447588572,35.7,91.1,33.9,94.44809723,0.0596,62.96666666666667,poverty_215_pct;health_exp_per_capita;skilled_birth_attendance
ZWE,2009,13142790.0,5608798.0,42.6758549744765,32.7074288573175,33.9738658394727,37.518,735.821693871697,35.7,89.8,33.5,94.44809723,0.115,60.2,poverty_215_pct;health_exp_per_capita
ZWE,2010,13356548.0,5748538.0,43.03909962364527,32.7284525810054,34.5264262634096,37.869,902.010759067388,35.7,85.2,32.9,94.44809723,0.121,63.2,poverty_215_pct;skilled_birth_attendance
ZWE,2011,13595424.0,5897117.0,43.375749075571306,32.7567295776968,35.1439162466072,38.142,1037.77565157218,35.7,77.2,32.1,83.82868195,0.078,66.2,
ZWE,2012,13817887.0,6035612.0,43.67970298208402,32.7931752128328,35.7189789324027,37.805,1239.22709745709,37.2,68.0,31.0,85.69155121,0.077,70.8,poverty_215_pct;skilled_birth_attendance
ZWE,2013,14013808.0,6151191.0,43.89378675660463,32.9019343169941,36.2254310456249,36.975,1362.99498323368,38.7,62.6,29.7,96.86148834,0.08,75.4,poverty_215_pct;skilled_birth_attendance
ZWE,2014,14207359.0,6241514.0,43.931556878375496,33.1628075970801,36.7257567532635,35.407,1372.91526173161,40.2,59.8,28.5,111.61201477,0.119,80.0,poverty_215_pct
ZWE,2015,14399013.0,6310023.0,43.822607841245784,33.5612641766874,37.2211787514541,33.918,1387.12632595026,41.7,59.2,27.3,103.31652832,0.174,78.1,poverty_215_pct
ZWE,2016,14600294.0,6365033.0,43.595238561634446,34.0799460726314,37.7414863642239,32.704,1408.13945253431,43.2,57.5,26.3,102.15909576,0.172,80.07499999999999,poverty_215_pct;skilled_birth_attendance
ZWE,2017,14812482.0,6411245.0,43.282719263388806,34.7014953017273,38.2899883675843,31.813,3445.44941020134,44.7,56.7,25.3,91.87199402,0.179,82.05,skilled_birth_attendance
ZWE,2018,15034452.0,6452852.0,42.92043368125423,35.4085538807905,38.8637766576192,31.327,2270.89531874302,46.95,56.3,24.5,114.76815033,0.201,84.025,poverty_215_pct;skilled_birth_attendance
ZWE,2019,15271368.0,6496785.0,42.542259475379026,36.1837638266364,39.4762000775494,31.121,2184.52155388801,49.2,58.6,23.9,55.10725403,0.123,86.0,
ZWE,2020,15526888.0,6549831.0,42.18379755170515,37.0097671560802,40.13671448882,30.988,2059.63704025274,49.2,61.7,23.5,51.14250565,0.128,86.0,poverty_215_pct;skilled_birth_attendance
ZWE,2021,15797210.0,6614596.0,41.87192548557625,37.8692058859373,40.8354917926845,30.932,2613.6167414057,49.2,62.4,23.3,60.89874268,0.136,86.0,poverty_215_pct;skilled_birth_attendance
ZWE,2022,16069056.0,6686582.0,41.61154208436388,38.7055207169041,41.5382086079876,30.882,2536.40197087505,49.2,64.0,23.5,68.90727997,0.127,86.0,poverty_215_pct;skilled_birth_attendance
ZWE,2023,16340822.0,6752564.0,41.32328226817476,39.2919370795795,42.24071862479,30.41,2195.22502010174,49.2,64.2,23.5,62.92946243,0.136,86.0,poverty_215_pct;skilled_birth_attendance
ZWE,2024,16634373.0,6799094.0,40.87376181837452,39.8933716820696,42.24071862479,29.891,2496.15514995576,49.2,64.7,23.7,62.92946243,0.136,86.0,pop_density;poverty_215_pct;health_exp_per_capita;physicians_per_1000;skilled_birth_attendance
ZWE,2025,16950795.0,6828388.0,40.28358551914527,40.4951287431452,42.24071862479,29.891,3021.43019873632,49.2,64.7,23.7,62.92946243,0.136,86.0,pop_density;birth_rate;poverty_215_pct;under5_mortality;stunting_pct;health_exp_per_capita;physicians_per_1000;skilled_birth_attendance
ZWE,2026,17250877.92372694,6885505.185095974,39.91394070226199,40.4951287431452,42.24071862479,29.891,3021.43019873632,49.2,64.7,23.7,62.92946243,0.136,86.0,population_total;population_0_14;urban_pct;pop_density;birth_rate;gdp_per_capita_usd;poverty_215_pct;under5_mortality;stunting_pct;health_exp_per_capita;physicians_per_1000;skilled_birth_attendance
